,image,gt,pred,tp,camera_heading,captured_at,h3_index_res12,direction,frame_quality,frame_context,gps_info.longitude,gps_info.latitude
0,nlbx_0321cea2aba1e0031aad262982fd6bee.jpg,1,1,1,238.0296936035156,2023-09-29 08:08:51.194000-04:00,631243951187449855,SOUTH_WEST,0.747459888458252,DAYLIGHT,-73.96382,40.639375
1,nlbx_9349f44a4398d9e694685945158ff79d.jpg,1,1,1,219.56707763671875,2023-09-29 09:03:12.880000-04:00,631243922670672895,SOUTH_WEST,0.6412634253501892,DAYLIGHT,-73.953382,40.717926
2,nlbx_3b21011a96dca4ac5579c558230f1fa8.jpg,0,0,0,157.75,2023-09-29 11:31:13.508000-04:00,631243922987503103,SOUTH,0.8124980926513672,DAYLIGHT,-73.824426,40.787516
3,nlbx_2a5121429509607e63c76bcdb9aa3f27.jpg,1,1,1,127.27446746826172,2023-09-29 09:20:05.960000-04:00,631243921461091839,SOUTH_EAST,0.7381538152694702,DAYLIGHT,-73.96747,40.784631
4,nlbx_877f4b3f318c142ed74aca3a7e364966.jpg,1,1,1,214.07781982421875,2023-09-29 10:42:24.826000-04:00,631243920687708671,SOUTH_WEST,0.8938847780227661,DAYLIGHT,-73.739348,40.667408
5,nlbx_88bbfe9631ce6eda6b06e516de30d11b.jpg,0,0,0,78.80926513671875,2023-09-29 07:26:42.103000-04:00,631243935063518207,EAST,0.836693525314331,DAYLIGHT,-73.771279,40.672466
6,nlbx_f826a0eaa780795acc01baefa076f8cd.jpg,0,0,0,315.389404296875,2023-09-29 08:17:48.121000-04:00,631243923092368383,NORTH_WEST,0.8293218612670898,DAYLIGHT,-73.833014,40.715816
7,nlbx_d26d502d1603a9d661813ebc7156b610.jpg,0,0,0,80.75,2023-09-29 14:45:35.760000-04:00,631243949986040831,EAST,0.7750164270401001,DAYLIGHT,-73.981493,40.71075
8,nlbx_2ede224b1bee606a150a4a00562b8d89.jpg,0,0,0,258.8168640136719,2023-09-29 10:31:12.442000-04:00,631243922517728255,WEST,0.9109113216400146,DAYLIGHT,-73.879948,40.674245
9,nlbx_809544fd7fc4611b1b8c4aa5e9c37543.jpg,1,1,1,261.3642578125,2023-09-29 09:48:43.159000-04:00,631243950346556415,WEST,0.7418614029884338,DAYLIGHT,-73.994694,40.572904
10,nlbx_a864ef34a448260e5300e45c24770d88.jpg,0,0,0,209.0447540283203,2023-09-29 12:00:51.862000-04:00,631243922702149119,SOUTH_WEST,0.6302689909934998,DAYLIGHT,-73.989228,40.726462
11,nlbx_75067dc05b4d12c335242cb39bbdafea.jpg,0,1,0,305.72463613396553,2023-09-29 17:48:08.555000-04:00,631243922677648383,NORTH_WEST,0.7731057405471802,DAYLIGHT,-73.942152,40.73668
12,nlbx_3790d14cd77a0bced85c0fb047a6cffa.jpg,0,1,0,166.375,2023-09-29 10:24:54.439000-04:00,631243949974639615,SOUTH,0.9237841367721558,DAYLIGHT,-74.004592,40.734118
13,nlbx_e58b0234ff06c88a6baff3d124b797f0.jpg,1,1,1,320.7978210449219,2023-09-29 10:23:19.240000-04:00,631243919666562559,NORTH_WEST,0.668940544128418,DAYLIGHT,-73.870482,40.842633
14,nlbx_c5d9a5a8ccafe79291bbf0b59bf00de5.jpg,1,1,1,267.56746113956893,2023-09-29 09:33:58.642000-04:00,631243919347335679,WEST,0.799963116645813,DAYLIGHT,-73.786363,40.789542
15,nlbx_c3f86eeb8ecef9446cf0e1e2d9202dfd.jpg,0,0,0,290.9627685546875,2023-09-29 16:11:30.642000-04:00,631243921978854399,WEST,1.0,DAYLIGHT,-73.915292,40.824645
16,nlbx_18b195c66aba86adebca78a82a080213.jpg,1,1,1,150.8121337890625,2023-09-29 10:16:59.195000-04:00,631243949981852159,SOUTH_EAST,0.807417631149292,DAYLIGHT,-74.001571,40.707615
17,nlbx_1775592f72239ca1648d101fdfcc9f0f.jpg,1,1,1,159.125,2023-09-29 08:16:49.638000-04:00,631243951172596223,SOUTH,0.7458139657974243,DAYLIGHT,-73.996925,40.669207
18,nlbx_011ab18a632670c8da85dfd665a19c5a.jpg,1,1,1,273.5,2023-09-29 16:59:57.735000-04:00,631243934230047231,WEST,0.9171293377876282,DAYLIGHT,-73.807394,40.590987
19,nlbx_44c110d8cf63e972eaa7be3bb3e6202c.jpg,1,1,1,137.0,2023-09-29 10:11:14.947000-04:00,631243934761282559,SOUTH_EAST,0.8009453415870667,DAYLIGHT,-73.74204,40.639187
20,nlbx_aedc1281b8e248d5ff26488d14c39bcb.jpg,1,1,1,276.5,2023-09-29 10:09:41.022000-04:00,631243949980694527,WEST,0.6971740126609802,DAYLIGHT,-73.978208,40.696424
21,nlbx_b0b56d5bb957f954d967560ce215f3a4.jpg,0,0,0,299.1194152832031,2023-09-29 17:39:57.044000-04:00,631243922651846143,NORTH_WEST,0.8155488967895508,DAYLIGHT,-73.973726,40.743879
22,nlbx_95630143d62697d2f236c49e2a28c546.jpg,0,1,0,60.681339263916016,2023-09-29 08:32:49.489000-04:00,631243922055851519,NORTH_EAST,0.8250738382339478,DAYLIGHT,-73.905105,40.864781
23,nlbx_bd925c501da7c89dd30128257a5a3929.jpg,1,1,1,201.2671661376953,2023-09-29 09:06:41.237000-04:00,631243922703790591,SOUTH,0.6442110538482666,DAYLIGHT,-73.97934,40.718809
24,nlbx_fefe86c8cad1909a7cf0bf04683be52f.jpg,1,1,1,214.30975341796875,2023-09-29 10:34:15.702000-04:00,631243921928525823,SOUTH_WEST,0.7455098628997803,DAYLIGHT,-73.902363,40.88012
25,nlbx_9799bc84c5c54927c6a75906eedd0c40.jpg,0,0,0,259.50690854504074,2023-09-29 14:55:50.441000-04:00,631243949982538751,WEST,0.8859400153160095,DAYLIGHT,-73.992508,40.709625
26,nlbx_3a8d681773328eae21168023343dd5d7.jpg,1,1,1,97.4375,2023-09-29 08:48:48.013000-04:00,631243923214130687,EAST,0.8161607980728149,DAYLIGHT,-73.888903,40.768893
27,nlbx_513e24a12dc4bc71979a8150837c1764.jpg,0,0,0,153.29067993164062,2023-09-29 14:56:07.389000-04:00,631243919672398335,SOUTH_EAST,0.8069666028022766,DAYLIGHT,-73.841349,40.837981
28,nlbx_5fa4fd9a78905da9327f7d4b755512c8.jpg,1,1,1,94.78817749023438,2023-09-29 08:35:51.174000-04:00,631243922862414335,EAST,0.6542209386825562,DAYLIGHT,-73.92252,40.713929
29,nlbx_93ed60f323108bef0b58d414707cf6ca.jpg,0,0,0,131.625,2023-09-29 11:03:37.050000-04:00,631243919671370751,SOUTH_EAST,0.9014569520950316,DAYLIGHT,-73.846389,40.836599
30,nlbx_75a87a892780b66ab95c41b6380b53ee.jpg,0,1,0,77.05447387695312,2023-09-29 08:27:48.224000-04:00,631243922603132415,EAST,0.7158427834510803,DAYLIGHT,-73.842307,40.667739
31,nlbx_47ef0dac2508b98b2056291ecdcc33b2.jpg,0,1,0,354.5,2023-09-29 13:52:14.477000-04:00,631243950946107903,NORTH,0.723185122013092,DAYLIGHT,-73.942379,40.658234
32,nlbx_f3e9d0daddf827e780e511534e7caf2f.jpg,0,1,0,86.61525084140068,2023-09-29 09:46:16.408000-04:00,631243934997491199,EAST,0.6870854496955872,DAYLIGHT,-73.787289,40.64469
33,nlbx_24ab720d3c5b9966f8bf04b1ed76ea3b.jpg,0,0,0,96.625,2023-09-29 09:55:42.381000-04:00,631243922423757823,EAST,0.8444802761077881,DAYLIGHT,-73.900799,40.725774
34,nlbx_c742c3b76c783c0291dce02643bc3913.jpg,0,0,0,353.01245688277805,2023-09-29 15:30:29.388000-04:00,631243950387747327,NORTH,0.8557989597320557,DAYLIGHT,-73.962849,40.591359
35,nlbx_5806845ce09122f78c4e15605592920a.jpg,0,1,0,118.27385711669922,2023-09-29 10:27:43.992000-04:00,631243922710146047,SOUTH_EAST,0.7403883337974548,DAYLIGHT,-73.975134,40.732852
36,nlbx_c75ded31c4c163c396b55645b8de4645.jpg,1,1,1,172.14154052734375,2023-09-29 09:31:06.273000-04:00,631243919445298687,SOUTH,0.7452542781829834,DAYLIGHT,-73.844962,40.848322
37,nlbx_a1991ab2d682a6daba50ed1cde96988f.jpg,0,0,0,338.5,2023-09-29 17:26:25.468000-04:00,631243922441979903,NORTH,0.7966349720954895,DAYLIGHT,-73.896854,40.714
38,nlbx_cbab77b3466450ab49d4653d0d8ce2bf.jpg,0,0,0,180.44753419084265,2023-09-29 14:17:49.123000-04:00,631243922967028223,SOUTH,0.7643951773643494,DAYLIGHT,-73.83478,40.748598
39,nlbx_2b626faea3308adb043b254d439511fe.jpg,0,0,0,350.0,2023-09-29 16:46:20.764000-04:00,631243922546551807,NORTH,0.8779327869415283,DAYLIGHT,-73.893517,40.670436
40,nlbx_cb40f654830c29575b644664a29b9fd0.jpg,0,0,0,105.7251968383789,2023-09-29 16:15:49.268000-04:00,631243922844708351,EAST,0.9622598886489868,DAYLIGHT,-73.961865,40.677149
41,nlbx_c70cbb3217d8126bd9d1043394622f40.jpg,0,0,0,49.37795639038086,2023-09-29 15:40:26.557000-04:00,631243950842298879,NORTH_EAST,0.757191002368927,DAYLIGHT,-73.914104,40.640437
42,nlbx_9cebdcb84cbb12b265474c4032ba3d50.jpg,0,0,0,25.828125,2023-09-29 08:58:42.274000-04:00,631243922044411391,NORTH_EAST,0.8195246458053589,DAYLIGHT,-73.89671,40.854486
43,nlbx_1e78dae65909dad0a61a60ea16cb5842.jpg,0,0,0,144.33157348632812,2023-09-29 15:28:46.689000-04:00,631243922956442623,SOUTH_EAST,0.6764048933982849,DAYLIGHT,-73.860569,40.76149
44,nlbx_46cf4c5a4ad80fc353804548dec86496.jpg,1,1,1,210.75,2023-09-29 09:23:23.932000-04:00,631243921513689599,SOUTH_WEST,0.9473174214363098,DAYLIGHT,-73.965577,40.813164
45,nlbx_2f5beb4615f8efb363f4dda2596e88f1.jpg,0,0,0,211.801025390625,2023-09-29 14:28:27.419000-04:00,631243923235948543,SOUTH_WEST,0.7142742276191711,DAYLIGHT,-73.914324,40.766071
46,nlbx_589c00e0cd973acc666406cd28b11f84.jpg,0,0,0,339.66535070775,2023-09-29 14:50:04.242000-04:00,631243923104630271,NORTH,0.6690219640731812,DAYLIGHT,-73.828104,40.690329
47,nlbx_5f3b26d47f198bf293eae01f01972269.jpg,0,1,0,2.4878134388919646,2023-09-29 13:58:48.649000-04:00,631243934200847359,NORTH,0.6002490520477295,DAYLIGHT,-73.767149,40.597466
48,nlbx_0b65f90e18f850db00182cfb91100e42.jpg,0,0,0,285.4595031738281,2023-09-29 16:10:26.390000-04:00,631243922845794815,WEST,0.7799352407455444,DAYLIGHT,-73.960967,40.679552
49,nlbx_5ecc9d3f1475aa7d746e72104b0716c9.jpg,0,1,0,314.2393336723637,2023-09-29 09:28:21.455000-04:00,631243934998647807,NORTH_WEST,0.7559518218040466,DAYLIGHT,-73.781033,40.646427
50,nlbx_d09c9b4a978a84acaea239704d46c7d2.jpg,0,1,0,119.38202667236328,2023-09-29 10:28:37.185000-04:00,631243922752495103,SOUTH_EAST,0.8339027762413025,DAYLIGHT,-73.989351,40.763662
51,nlbx_b0170237dc9ab5f5aa798ef3a8d07c0f.jpg,0,1,0,29.2287654876709,2023-09-29 09:12:52.416000-04:00,631243921490734079,NORTH_EAST,0.7766797542572021,DAYLIGHT,-73.984813,40.779352
52,nlbx_c7a4a130328d06704341996130ee992c.jpg,0,0,0,214.25,2023-09-29 12:27:58.572000-04:00,631243921499472895,SOUTH_WEST,0.6919246315956116,DAYLIGHT,-73.983696,40.786509
53,nlbx_b066d39da241033e294ddc4688be27aa.jpg,1,1,1,101.96907806396484,2023-09-29 08:59:23.390000-04:00,631243923205614591,EAST,0.7700977325439453,DAYLIGHT,-73.898929,40.766925
54,nlbx_51ac7e2c7d21b44621cdce5082d53f6b.jpg,0,0,0,232.625,2023-09-29 09:26:42.007000-04:00,631243923011513343,SOUTH_WEST,0.7874162793159485,DAYLIGHT,-73.786629,40.764904
55,nlbx_c410a9d5ac70a1319f012457a4d47034.jpg,0,0,0,223.74365234375,2023-09-29 11:55:25.373000-04:00,631243922867701759,SOUTH_WEST,0.8477940559387207,DAYLIGHT,-73.906315,40.679469
56,nlbx_2742dcc4bda7d3692ac82e713411067d.jpg,0,0,0,4.120293140411377,2023-09-29 14:06:32.403000-04:00,631243922799706623,NORTH,0.7600994110107422,DAYLIGHT,-73.928054,40.671792
57,nlbx_1d12ba6c5bb974112c88776bbc5c2f4a.jpg,0,0,0,39.39975738525391,2023-09-29 11:46:54.820000-04:00,631243922708726783,NORTH_EAST,0.7564773559570312,DAYLIGHT,-73.964255,40.717927
58,nlbx_950c084c5b0dc5ff37e85e5cd3a95492.jpg,0,1,0,69.4663314819336,2023-09-29 14:47:49.804000-04:00,631243922580890623,EAST,0.7167335748672485,DAYLIGHT,-73.851745,40.687237
59,nlbx_be8632a6c9c56cc3deb5afc976c97db4.jpg,0,0,0,158.9620361328125,2023-09-29 16:15:55.494000-04:00,631243923156146175,SOUTH,0.7543941736221313,DAYLIGHT,-73.834816,40.731152
60,nlbx_e4515596227938b68a46e22b426e24c0.jpg,0,0,0,210.12779235839844,2023-09-29 16:38:03.558000-04:00,631243921490373631,SOUTH_WEST,0.923760950565338,DAYLIGHT,-73.989535,40.776271
61,nlbx_8c615749eb93de0d7ce04a0c6bf5be1e.jpg,0,0,0,351.8172912597656,2023-09-29 13:49:13.481000-04:00,631243950384940031,NORTH,0.906834363937378,DAYLIGHT,-73.965046,40.595558
62,nlbx_e9bf37c113d56918f6ce845df9d2cf2f.jpg,0,0,0,209.1358642578125,2023-09-29 17:15:49.139000-04:00,631243921532324351,SOUTH_WEST,0.867355227470398,DAYLIGHT,-73.938641,40.802721
63,nlbx_a5c4b838d2f25c1a8989a37de8073ac6.jpg,0,0,0,12.8984375,2023-09-29 13:16:55.734000-04:00,631243922692388863,NORTH,0.8499617576599121,DAYLIGHT,-73.973021,40.739234
64,nlbx_87919f257722843efd571c8908e463ca.jpg,0,0,0,25.125,2023-09-29 14:56:21.840000-04:00,631243919435913727,NORTH_EAST,0.8841966986656189,DAYLIGHT,-73.849396,40.884064
65,nlbx_2289a1d50a1a7d18bd699e92a4827ac9.jpg,0,0,0,265.3215637207031,2023-09-29 10:44:14.481000-04:00,631243950876461055,WEST,0.7129714488983154,DAYLIGHT,-73.947664,40.641006
66,nlbx_923b9fb030d280ba010e90d91557b1c0.jpg,1,1,1,207.24989318847656,2023-09-29 11:08:14.297000-04:00,631243951182630399,SOUTH_WEST,0.7919372916221619,DAYLIGHT,-73.987682,40.678681
67,nlbx_2b22396d83f0ab19a8dc197cd8eb1096.jpg,0,0,0,316.7105712890625,2023-09-29 17:37:25.429000-04:00,631243949984627199,NORTH_WEST,0.7163625955581665,DAYLIGHT,-73.990985,40.701559
68,nlbx_f7245fe92e868e4382559ea9d81dde58.jpg,1,1,1,244.625,2023-09-29 09:02:33.036000-04:00,631243951185660415,SOUTH_WEST,0.7065252661705017,DAYLIGHT,-73.974695,40.650308
69,nlbx_c31439de50c5ff5fe02f3270291b86b1.jpg,1,1,1,354.5382385253906,2023-09-29 14:05:28.196000-04:00,631243951185724415,NORTH,0.7373947501182556,DAYLIGHT,-73.97199,40.650561
70,nlbx_85856021c892f5bfacd3775b63a29074.jpg,0,0,0,258.75,2023-09-29 10:18:28.841000-04:00,631243919663154175,WEST,0.7344649434089661,DAYLIGHT,-73.852449,40.826979
71,nlbx_680ba3f00419a7ac6ab76773f1d2b7f7.jpg,0,1,0,268.6076965332031,2023-09-29 10:22:51.962000-04:00,631243922717202943,WEST,0.8430954217910767,DAYLIGHT,-73.940577,40.750887
72,nlbx_e991d65f478a12c49ba615bdadf7bc12.jpg,0,0,0,188.5331115722656,2023-09-29 10:21:24.362000-04:00,631243922740250111,SOUTH,0.7062915563583374,DAYLIGHT,-73.920026,40.746014
73,nlbx_fc0dd02fa4eaa78ccbd5379c8464d0a6.jpg,0,0,0,160.112060546875,2023-09-29 08:29:30.206000-04:00,631243922597038079,SOUTH,0.9906812310218812,DAYLIGHT,-73.834532,40.669964
74,nlbx_7d34f0ac0c5c66c1b8f78e83c67c1d1e.jpg,0,0,0,215.00917053222656,2023-09-29 14:23:46.929000-04:00,631243922050461183,SOUTH_WEST,0.904073178768158,DAYLIGHT,-73.910369,40.85295
75,nlbx_d9e27cee8b815bdefe5d720916c7ed9f.jpg,1,1,1,77.29768109111126,2023-09-29 14:41:31.898000-04:00,631243934229879807,EAST,0.6526778340339661,DAYLIGHT,-73.80812,40.590878
76,nlbx_d5e10b4f81b26c6518f312370bdce080.jpg,0,0,0,127.0626721002942,2023-09-29 15:42:28.981000-04:00,631243922468357631,SOUTH_EAST,0.8714815378189087,DAYLIGHT,-73.86631,40.731549
77,nlbx_34017ec5da5d4b2002ebf6361c34f718.jpg,1,1,1,262.998291015625,2023-09-29 07:28:38.343000-04:00,631243950347447807,WEST,0.9327679872512816,DAYLIGHT,-73.992757,40.578153
78,nlbx_d7d8fe30c4b4599bbcfe1347c70692ed.jpg,0,0,0,200.125,2023-09-29 17:25:54.844000-04:00,631243949990947839,SOUTH,0.6716136932373047,DAYLIGHT,-73.987334,40.716584
79,nlbx_44bc0ead683ee8123fa1f881f4968801.jpg,1,1,1,261.72149658203125,2023-09-29 07:53:05.627000-04:00,631243950357756415,WEST,0.7256389260292053,DAYLIGHT,-73.983398,40.575431
80,nlbx_3b8d0e7abdcf0af6da33f8d8330cd21c.jpg,0,1,0,204.48252868652344,2023-09-29 14:17:35.066000-04:00,631243922895281151,SOUTH_WEST,0.7643849849700928,DAYLIGHT,-73.960148,40.710466
81,nlbx_cb020bf0d5d9474243db986afd7ed95b.jpg,0,0,0,308.75,2023-09-29 18:02:04.244000-04:00,631243922725743103,NORTH_WEST,0.8857010006904602,DAYLIGHT,-73.93246,40.762382
82,nlbx_16f0f37152f8f6a18bc8b5677c6da9b7.jpg,0,0,0,157.625,2023-09-29 17:30:34.445000-04:00,631243923108444671,SOUTH,0.8387812972068787,DAYLIGHT,-73.812365,40.694867
83,nlbx_2eb7d4f8a05744106e128b39494e434c.jpg,0,0,0,214.7454778378361,2023-09-29 12:42:38.316000-04:00,631243922738161151,SOUTH_WEST,0.928709864616394,DAYLIGHT,-73.937471,40.735008
84,nlbx_5f0e50bed2b7c67cdd38f94c8bca974d.jpg,1,1,1,43.59375,2023-09-29 09:01:00.014000-04:00,631243949916369919,NORTH_EAST,0.6876160502433777,DAYLIGHT,-74.010516,40.680375
85,nlbx_20c66f2f704a469727f32595a121b084.jpg,0,0,0,217.15093994140625,2023-09-29 09:30:13.944000-04:00,631243950837386239,SOUTH_WEST,0.7160759568214417,DAYLIGHT,-73.930063,40.632524
86,nlbx_b966eae5d4e535f9e0c557ca75cf5e8e.jpg,1,1,1,333.82080078125,2023-09-29 09:19:35.341000-04:00,631243951173406207,NORTH_WEST,0.7001806497573853,DAYLIGHT,-73.996308,40.668613
87,nlbx_f3e598b567976e75899f5b99db8c70dc.jpg,0,0,0,335.5553004821987,2023-09-29 13:04:37.514000-04:00,631243922971563007,NORTH_WEST,0.7097426056861877,DAYLIGHT,-73.850656,40.750375
88,nlbx_f6fcf0b4f5ad99b6b5d9b107b93e4b63.jpg,0,1,0,208.5,2023-09-29 11:35:42.417000-04:00,631243935004503551,SOUTH_WEST,0.722203254699707,DAYLIGHT,-73.780016,40.662967
89,nlbx_6904685d24396e1741ab02e932441a8e.jpg,0,1,0,14.96875,2023-09-29 07:44:06.722000-04:00,631243949961553919,NORTH,0.6808375716209412,DAYLIGHT,-73.999059,40.725346
90,nlbx_58d468db31c8b46067ad099388ca0b2c.jpg,0,0,0,175.13430786132812,2023-09-29 15:52:41.939000-04:00,631243950838385151,SOUTH,0.8734022378921509,DAYLIGHT,-73.928711,40.636109
91,nlbx_a80c16227bade552185c39df455b021c.jpg,1,1,1,215.57684326171875,2023-09-29 10:34:51.702000-04:00,631243921868377599,SOUTH_WEST,0.7372276782989502,DAYLIGHT,-73.903153,40.879286
92,nlbx_154e3098563a365d9f83d705f9b090e7.jpg,0,0,0,38.355613708496094,2023-09-29 16:19:13.666000-04:00,631243950301579775,NORTH_EAST,0.7729086875915527,DAYLIGHT,-73.988445,40.597885
93,nlbx_423ab4aa062b7723a10e4ce26235f681.jpg,1,1,1,148.07333374023438,2023-09-29 09:49:19.856000-04:00,631243921532431871,SOUTH_EAST,0.7309763431549072,DAYLIGHT,-73.934723,40.805929
94,nlbx_4e08817a8168c603aa0ef912da66484e.jpg,1,1,1,70.37147521972656,2023-09-29 11:16:47.348000-04:00,631243920504636415,EAST,0.9579063653945924,DAYLIGHT,-73.761913,40.747314
95,nlbx_afbcf02393ad63dbe0d21218c171870b.jpg,1,1,1,171.74627685546875,2023-09-29 08:49:34.261000-04:00,631243950346496511,SOUTH,0.8456429243087769,DAYLIGHT,-73.993864,40.573229
96,nlbx_7a282e1d3492ae2e92592f644d4acdb2.jpg,0,0,0,128.03314208984375,2023-09-29 17:01:49.944000-04:00,631243922413612543,SOUTH_EAST,0.6818352937698364,DAYLIGHT,-73.906926,40.726916
97,nlbx_3ebb4231aecd0f7dfcfd59331c1e122a.jpg,0,0,0,29.258811950683597,2023-09-29 11:33:33.105000-04:00,631243923289384959,NORTH_EAST,0.6143662929534912,DAYLIGHT,-73.931943,40.800744
98,nlbx_476be2f7b42f9ecab85d3feb0741a24e.jpg,1,1,1,158.375,2023-09-29 11:18:01.543000-04:00,631243923289320447,SOUTH,0.7421272993087769,DAYLIGHT,-73.929981,40.800402
99,nlbx_e16233f8e8863122f3852c11d3e95c91.jpg,0,1,0,219.98501586914065,2023-09-29 06:53:09.145000-04:00,631243922035573759,SOUTH_WEST,0.8043791055679321,NIGHTTIME,-73.922986,40.820896
100,nlbx_119a739c0b5bbbe790b3078a80c3c32d.jpg,0,0,0,257.6211711900908,2023-09-29 15:07:00.686000-04:00,631243923297437183,WEST,0.767731785774231,DAYLIGHT,-73.91498,40.803662
101,nlbx_ccaafd467c010e108c1524696f94a7da.jpg,0,0,0,261.7060546875,2023-09-29 12:07:43.445000-04:00,631243951126400511,WEST,0.8115430474281311,DAYLIGHT,-73.974295,40.63596
102,nlbx_5973977483e0256e2bc960ddb6b88640.jpg,0,0,0,177.3472442626953,2023-09-29 12:10:45.198000-04:00,631243949786848767,SOUTH,0.8397324085235596,DAYLIGHT,-74.010035,40.737705
103,nlbx_287e3e8dec0f92dd70541c915b5da4e8.jpg,0,0,0,69.66168975830078,2023-09-29 11:45:27.343000-04:00,631243923131111423,EAST,0.95915025472641,DAYLIGHT,-73.795245,40.738231
104,nlbx_a1e5e091374023b1ef541b75f9761eb1.jpg,0,0,0,8.84375,2023-09-29 16:51:38.755000-04:00,631243922652083199,NORTH,0.869023859500885,DAYLIGHT,-73.972343,40.742175
105,nlbx_17aca3d3249965a2e401d0a5d37ce5cc.jpg,1,1,1,357.2199246440463,2023-09-29 10:23:06.726000-04:00,631243922026309119,NORTH,0.8508055210113525,DAYLIGHT,-73.93092,40.816492
106,nlbx_bbbd1390be03a0d57844bb63b2c1c357.jpg,1,1,1,259.0,2023-09-29 08:23:07.307000-04:00,631243950307202559,WEST,0.732123851776123,DAYLIGHT,-73.972361,40.58815
107,nlbx_bb1cdd6d593f07b01ffb7e507318ced6.jpg,1,1,1,2.405766248703003,2023-09-29 08:45:01.698000-04:00,631243950325827071,NORTH,0.732428789138794,DAYLIGHT,-73.974484,40.584273
108,nlbx_a4c134f15b9c33a64b7a82c6a7091666.jpg,0,1,0,31.328125,2023-09-29 08:46:28.850000-04:00,631243921490734079,NORTH_EAST,0.8586289882659912,DAYLIGHT,-73.984804,40.779364
109,nlbx_0e070b9c580245957f3e2b4a2f0d8f0a.jpg,1,1,1,15.6015625,2023-09-29 16:25:30.049000-04:00,631243934259834367,NORTH,0.7506408095359802,DAYLIGHT,-73.760101,40.608862
110,nlbx_5ebdba2db693aeb41bf9a451cb2ae0ed.jpg,0,0,0,238.01614379882807,2023-09-29 10:22:22.037000-04:00,631243922972088831,SOUTH_WEST,0.8906607031822205,DAYLIGHT,-73.845705,40.740141
111,nlbx_64387b1778171a9f070356a771cab95c.jpg,0,0,0,299.5,2023-09-29 12:15:49.638000-04:00,631243921459071999,NORTH_WEST,0.7274195551872253,DAYLIGHT,-73.955629,40.775299
112,nlbx_9b166e2f9f9ccebcc0aae48ee28669f7.jpg,0,0,0,317.06798571531823,2023-09-29 09:24:28.448000-04:00,631243934996661759,NORTH_WEST,0.7515982389450073,DAYLIGHT,-73.791931,40.656245
113,nlbx_a9c482a4b84fe64c746c89db1c075488.jpg,1,1,1,187.25,2023-09-29 09:48:35.612000-04:00,631243922622486015,SOUTH,0.8279223442077637,DAYLIGHT,-73.877719,40.69354
114,nlbx_b5c2dad8094e4c943e6c83b818748510.jpg,0,0,0,331.103759765625,2023-09-29 12:48:08.309000-04:00,631243922836699647,NORTH_WEST,0.8082501292228699,DAYLIGHT,-73.966559,40.669086
115,nlbx_bb6f94647618266504ea36ba563e36c8.jpg,0,1,0,139.78546142578125,2023-09-29 07:39:36.606000-04:00,631243923113643519,SOUTH_EAST,0.6288750171661377,DAYLIGHT,-73.821451,40.701598
116,nlbx_c351c169fc9e10822cbfedd1b1d4875e.jpg,0,0,0,290.5,2023-09-29 17:29:59.521000-04:00,631243921457269759,WEST,0.7732681035995483,DAYLIGHT,-73.955393,40.779428
117,nlbx_1258b33dcdb4523160f260168f248ab3.jpg,1,1,1,34.28125,2023-09-29 11:00:30.685000-04:00,631243923292961279,NORTH_EAST,0.6974625587463379,DAYLIGHT,-73.906645,40.804635
118,nlbx_9021b6c964d7910e2d18158b66fb5ee1.jpg,0,0,0,7.725464344024658,2023-09-29 14:10:56.021000-04:00,631243949964663807,NORTH,0.7796735167503357,DAYLIGHT,-74.010925,40.725838
119,nlbx_b522fb99e4e56da4a920c71ffefb305e.jpg,0,1,0,310.0,2023-09-29 10:55:16.791000-04:00,631243949845583871,NORTH_WEST,0.7983769774436951,DAYLIGHT,-74.00639,40.751915
120,nlbx_0005ca0739d71de3592fd32348810934.jpg,0,1,0,73.6875,2023-09-29 11:33:34.788000-04:00,631243949990602239,EAST,0.9036498665809632,DAYLIGHT,-73.992277,40.709751
121,nlbx_7223d4d31e7a2852a820202ff54dd9cc.jpg,1,1,1,26.96878242492676,2023-09-29 08:22:39.171000-04:00,631243922894923775,NORTH_EAST,0.7022956013679504,DAYLIGHT,-73.955692,40.710534
122,nlbx_002ff9a45ae99b082088c482460d49ee.jpg,1,1,1,158.25,2023-09-29 14:16:27.511000-04:00,631243951013751807,SOUTH,0.7427493929862976,DAYLIGHT,-73.944294,40.584289
123,nlbx_e3c0b5ac2a6b7ebe560e4a8ce1893646.jpg,0,1,0,344.1727366383364,2023-09-29 12:18:33.049000-04:00,631243951129806335,NORTH,0.6961575150489807,DAYLIGHT,-73.967789,40.628212
124,nlbx_a27efea23dedc301c0c37f0594105dd7.jpg,1,1,1,194.9857940673828,2023-09-29 12:37:45.304000-04:00,631243921937545215,SOUTH,0.7597917318344116,DAYLIGHT,-73.887442,40.890336
125,nlbx_9ec4bf334f25cc3c474f04aa6951b7eb.jpg,0,1,0,299.417724609375,2023-09-29 09:58:34.812000-04:00,631243921500884479,NORTH_WEST,0.6790502071380615,DAYLIGHT,-73.980258,40.7755
126,nlbx_bc1b6a200552083a941454b844f08651.jpg,1,1,1,160.125,2023-09-29 09:17:26.389000-04:00,631243921461090815,SOUTH,0.660733699798584,DAYLIGHT,-73.967236,40.784492
127,nlbx_a3d5973f1d763928b7863a678b7c6b2c.jpg,1,1,1,92.0,2023-09-29 09:15:22.583000-04:00,631243935087760383,EAST,0.7554550170898438,DAYLIGHT,-73.747525,40.657515
128,nlbx_7d8c31f99dc531bba301074d9c211264.jpg,1,1,1,258.2756042480469,2023-09-29 09:47:06.823000-04:00,631243922670801407,WEST,0.6281482577323914,DAYLIGHT,-73.952366,40.718789
129,nlbx_eb00363dd934a7ae5cc36fdcd9e10285.jpg,1,1,1,151.17549161122963,2023-09-29 09:58:11.275000-04:00,631243921532406783,SOUTH_EAST,0.7302217483520508,DAYLIGHT,-73.933797,40.807233
130,nlbx_98f8eab20d872058fd45a227ae663c0b.jpg,0,0,0,272.1368699390648,2023-09-29 10:43:07.802000-04:00,631243922807137791,WEST,0.8478399515151978,DAYLIGHT,-73.922002,40.676136
131,nlbx_ea67bb7ec2aa2799b52596b6753369ef.jpg,0,1,0,241.4052581787109,2023-09-29 08:01:38.376000-04:00,631243923070344703,SOUTH_WEST,0.7893037796020508,DAYLIGHT,-73.790724,40.687615
132,nlbx_dd84b408cd20738baf5b2be0fbddbbd0.jpg,0,1,0,125.5625,2023-09-29 12:59:42.162000-04:00,631243934997533695,SOUTH_EAST,0.8058280944824219,DAYLIGHT,-73.785736,40.643287
133,nlbx_8c259cc3cd1421a9ce7291b7484d43d5.jpg,1,1,1,351.60577392578125,2023-09-29 09:53:02.159000-04:00,631243950346939391,NORTH,0.8376290798187256,DAYLIGHT,-74.000946,40.576306
134,nlbx_3150b8c9a7b762eb574abe704b0d08b3.jpg,0,0,0,206.04493713378903,2023-09-29 12:57:25.729000-04:00,631243949786940927,SOUTH_WEST,1.0,DAYLIGHT,-74.009784,40.739849
135,nlbx_e227d1fe5d55a1ee9df4518cf9d05e9b.jpg,0,0,0,297.7373924885879,2023-09-29 17:53:39.006000-04:00,631243921860975615,NORTH_WEST,0.847319483757019,DAYLIGHT,-73.913248,40.862118
136,nlbx_076d92c3815d9608fc80e0476f00df2b.jpg,0,0,0,41.21875,2023-09-29 08:51:06.202000-04:00,631243950838422015,NORTH_EAST,0.7821488976478577,DAYLIGHT,-73.928061,40.634598
137,nlbx_99d630680177423551f1a7475d1554d6.jpg,0,0,0,163.5,2023-09-29 17:31:26.744000-04:00,631243949912630271,SOUTH,0.941390573978424,DAYLIGHT,-74.002781,40.677883
138,nlbx_764e51889c1e2df5375f13fe0aa0bb23.jpg,1,1,1,308.8817138671875,2023-09-29 08:59:47.241000-04:00,631243923214403071,NORTH_WEST,0.7694097757339478,DAYLIGHT,-73.885389,40.773109
139,nlbx_d7f26e967fd0b8814f8e7fd2409e22d6.jpg,0,0,0,50.130707865307215,2023-09-29 16:31:22.003000-04:00,631243922670565887,NORTH_EAST,0.8379781246185303,DAYLIGHT,-73.948494,40.717433
140,nlbx_78e85617e39058762bc1179c3d877cb2.jpg,0,1,0,92.0,2023-09-29 10:27:44.887000-04:00,631243949981843967,EAST,0.7981873750686646,DAYLIGHT,-74.000877,40.70752
141,nlbx_b970b6017f53f1e4f6dcb8a50b956e9d.jpg,1,1,1,352.75,2023-09-29 09:20:37.394000-04:00,631243922894009855,NORTH,0.8429635167121887,DAYLIGHT,-73.947837,40.704617
142,nlbx_1bc005fc257665024d4043fd1501407d.jpg,0,0,0,74.48558044433594,2023-09-29 12:45:40.625000-04:00,631243950313855999,EAST,0.6007615327835083,DAYLIGHT,-73.962001,40.579618
143,nlbx_49548c1e96cc893841ecc77ad88e97c9.jpg,0,1,0,71.63156127929688,2023-09-29 07:47:06.332000-04:00,631243935098349567,EAST,0.7490213513374329,DAYLIGHT,-73.80801,40.66457
144,nlbx_3e9e43f4b9f13bbaf6b40978aa6c4fc3.jpg,1,0,0,205.125,2023-09-29 08:28:52.050000-04:00,631243951181190143,SOUTH_WEST,0.6928595304489136,DAYLIGHT,-73.983943,40.672006
145,nlbx_6dc2163a17b4db796bff95feb4122c27.jpg,0,0,0,172.5000762939453,2023-09-29 12:57:42.289000-04:00,631243951196263935,SOUTH,1.0,DAYLIGHT,-73.960501,40.647293
146,nlbx_dce1a4151b33aca10bf2876edc0faf60.jpg,1,1,1,190.7530059814453,2023-09-29 16:35:49.555000-04:00,631243922733413375,SOUTH,0.7895472645759583,DAYLIGHT,-73.922029,40.733358
147,nlbx_601602b251cf26e2134d15f310cbf40d.jpg,0,1,0,117.0,2023-09-29 05:51:52.629000-04:00,631243949853950463,SOUTH_EAST,0.6209403872489929,NIGHTTIME,-73.996004,40.756759
148,nlbx_2b33a25dce659c511e5bd0b96051ab59.jpg,1,1,1,193.6507568359375,2023-09-29 09:10:58.374000-04:00,631243949786926079,SOUTH,0.819647490978241,DAYLIGHT,-74.009622,40.739417
149,nlbx_c4691e1b147a8978ac61515faeb7976b.jpg,0,0,0,123.02822875976562,2023-09-29 09:02:23.831000-04:00,631243949974227455,SOUTH_EAST,0.8519787788391113,DAYLIGHT,-73.999841,40.73116
150,nlbx_601ef1f6a6793e9d49955e9ec3635d94.jpg,1,1,1,328.5,2023-09-29 13:00:01.468000-04:00,631243920508503039,NORTH_WEST,0.8271639347076416,DAYLIGHT,-73.74327,40.752647
151,nlbx_cc633d6792c632eb72bfc1ec81542a06.jpg,0,0,0,88.3125,2023-09-29 15:32:28.543000-04:00,631243919663844863,EAST,0.858892560005188,DAYLIGHT,-73.85151,40.833351
152,nlbx_4ff683258b14b03ea5363012c6951a06.jpg,0,0,0,118.37157723901224,2023-09-29 16:26:05.974000-04:00,631243922819990527,SOUTH_EAST,0.9394481778144836,DAYLIGHT,-73.98322,40.687876
153,nlbx_121c1c52029991c9d819ea6862db91b0.jpg,1,1,1,299.5,2023-09-29 08:33:24.839000-04:00,631243922421434367,NORTH_WEST,0.672356128692627,DAYLIGHT,-73.906798,40.72777
154,nlbx_217610c5a3a72d4101f23f8b6447e1a8.jpg,0,1,0,330.25,2023-09-29 13:01:31.162000-04:00,631243935026094591,NORTH_WEST,0.7442983388900757,DAYLIGHT,-73.780703,40.646258
155,nlbx_d005f7692fffc85d9ec4b7d342f4f48c.jpg,1,1,1,61.07611846923828,2023-09-29 17:20:41.293000-04:00,631243919476199935,NORTH_EAST,0.7722856998443604,DAYLIGHT,-73.873034,40.856082
156,nlbx_213376f28503c8af48f65dc4876d4192.jpg,0,1,0,49.87205123901367,2023-09-29 12:47:50.149000-04:00,631243922751197695,NORTH_EAST,0.93531733751297,DAYLIGHT,-73.96745,40.751847
157,nlbx_7f718a2b175720ea1f7935869bdb3d8f.jpg,0,0,0,1.540271878242493,2023-09-29 15:44:47.794000-04:00,631243922820785663,NORTH,0.7068642377853394,DAYLIGHT,-73.984289,40.693324
158,nlbx_8914b3b2894a77ed01ee8f7be8667eed.jpg,0,0,0,285.5994567871094,2023-09-29 13:19:44.294000-04:00,631243922844462079,WEST,0.7813898324966431,DAYLIGHT,-73.954953,40.672859
159,nlbx_7b359d0bfc621f6c8be9800a126ae836.jpg,0,1,0,277.1,2023-09-29 10:21:59.679000-04:00,631243934998629375,WEST,0.8015562295913696,DAYLIGHT,-73.781379,40.646536
160,nlbx_4a95add0acc9268d8d11bb29d20474e4.jpg,0,1,0,142.77716064453125,2023-09-29 10:25:08.182000-04:00,631243951165073407,SOUTH_EAST,0.6166239976882935,DAYLIGHT,-74.01657,40.635376
161,nlbx_d99201160c27617ee3bf70b668cfefaa.jpg,1,1,1,5.48828125,2023-09-29 08:17:04.668000-04:00,631243950313360383,NORTH,0.7917522192001343,DAYLIGHT,-73.96831,40.576074
162,nlbx_9622c53aa08c73880132b2b9c14a4e00.jpg,0,0,0,76.125,2023-09-29 14:54:40.610000-04:00,631243920738233343,EAST,0.8704083561897278,DAYLIGHT,-73.745975,40.706716
163,nlbx_c9ea31a3695e65da787eac5785019149.jpg,0,0,0,93.6073760986328,2023-09-29 17:40:56.090000-04:00,631243922824967167,EAST,0.9731774926185608,DAYLIGHT,-73.964847,40.695619
164,nlbx_872a2f607b1efdac428b44a3cff0375f.jpg,0,1,0,170.848946064669,2023-09-29 10:40:07.484000-04:00,631243923210374143,SOUTH,0.6040733456611633,DAYLIGHT,-73.870574,40.768808
165,nlbx_40faddadd9daae9c7544c517f2ae7fa0.jpg,0,0,0,299.4138488769531,2023-09-29 16:49:33.598000-04:00,631243922754114047,NORTH_WEST,0.7644761800765991,DAYLIGHT,-73.980212,40.755721
166,nlbx_d3d29ab4da79aeff6dd8d2c5f1b5f736.jpg,0,0,0,28.96110343933105,2023-09-29 11:37:19.076000-04:00,631243922689921535,NORTH_EAST,0.7955474853515625,DAYLIGHT,-73.979341,40.744058
167,nlbx_48ea372d46daa2b05d392d883b377289.jpg,1,1,1,33.5625,2023-09-29 08:54:51.449000-04:00,631243922651908607,NORTH_EAST,0.8413606882095337,DAYLIGHT,-73.970929,40.744815
168,nlbx_e8cd6b128b6ed375dd83ea1d4f868f69.jpg,0,0,0,260.75,2023-09-29 17:36:36.336000-04:00,631243919663162879,WEST,0.664287805557251,DAYLIGHT,-73.853298,40.827153
169,nlbx_8a39a60df6dd77618332fbc306f1e901.jpg,0,0,0,303.0,2023-09-29 15:34:57.389000-04:00,631243922750935551,NORTH_WEST,0.856632649898529,DAYLIGHT,-73.969593,40.754511
170,nlbx_4786ff4e80202128ff2b98c343eaa13f.jpg,0,0,0,339.8887023925781,2023-09-29 16:41:35.523000-04:00,631243923107732479,NORTH,0.6725941896438599,DAYLIGHT,-73.825333,40.684681
171,nlbx_fd91667a7686c8473ad191400481f838.jpg,1,1,1,203.0173641661416,2023-09-29 13:05:22.131000-04:00,631243949924092927,SOUTH_WEST,0.8044842481613159,DAYLIGHT,-73.998652,40.695098
172,nlbx_cd164254482a9d3028a59f9f66a40c79.jpg,0,0,0,194.5949859619141,2023-09-29 11:30:50.208000-04:00,631243919633044479,SOUTH,0.7844913005828857,DAYLIGHT,-73.837389,40.844347
173,nlbx_97809109b1645f35a0d7eb66a763aa73.jpg,0,0,0,299.0257873535156,2023-09-29 15:54:15.472000-04:00,631243922753118719,NORTH_WEST,0.8747366070747375,DAYLIGHT,-73.980898,40.765887
174,nlbx_196c68af251202f6808d2f9a92832441.jpg,0,0,0,212.07351684570312,2023-09-29 15:52:08.648000-04:00,631243922687609343,SOUTH_WEST,0.6061254739761353,DAYLIGHT,-74.000114,40.737946
175,nlbx_29478f560274acf3876b630f936efbb8.jpg,0,0,0,94.5,2023-09-29 12:11:31.480000-04:00,631243922843173375,EAST,0.8007779717445374,DAYLIGHT,-73.943563,40.669493
176,nlbx_379403749e205675366b13a832950d08.jpg,0,1,0,292.5765645032359,2023-09-29 10:10:17.961000-04:00,631243922087356927,NORTH_WEST,0.7761024236679077,DAYLIGHT,-73.91929,40.849606
177,nlbx_6f0965e101e75d63ee2392c8d2373583.jpg,1,1,1,258.01746262127864,2023-09-29 10:14:38.427000-04:00,631243949982516223,WEST,0.8428690433502197,DAYLIGHT,-73.993317,40.709597
178,nlbx_fefcf1ae249820b17ea9c1e7687fef89.jpg,1,1,1,63.125,2023-09-29 12:04:39.988000-04:00,631243919476201983,NORTH_EAST,0.7741427421569824,DAYLIGHT,-73.872943,40.856145
179,nlbx_1d7ad15340aaf0fbaf7422bce369b6cf.jpg,1,1,1,106.079833984375,2023-09-29 08:40:06.507000-04:00,631243923164190719,EAST,0.7076225876808167,DAYLIGHT,-73.82266,40.739383
180,nlbx_f1c1f5c0ff118e1fd43329d9c07d80f6.jpg,0,0,0,296.58770751953125,2023-09-29 16:00:54.644000-04:00,631243922601592831,NORTH_WEST,0.745194673538208,DAYLIGHT,-73.848693,40.674238
181,nlbx_921dfd7dc1aef338fd9ccf2330b4fadc.jpg,1,1,1,168.217529296875,2023-09-29 09:02:48.154000-04:00,631243923289320447,SOUTH,0.9378809928894044,DAYLIGHT,-73.929976,40.800389
182,nlbx_0031a4713d6ed1063d8967c61df341fe.jpg,1,1,1,176.625,2023-09-29 10:33:37.606000-04:00,631243950901268991,SOUTH,0.6550968885421753,DAYLIGHT,-73.905836,40.650453
183,nlbx_ac94257ea408d2f2a86c91c45ae5a821.jpg,0,0,0,256.75,2023-09-29 07:45:02.211000-04:00,631243922915639807,WEST,0.776176929473877,DAYLIGHT,-73.8218,40.764854
184,nlbx_093be246490f42d826ea8bf37cf07802.jpg,1,1,1,126.9493408203125,2023-09-29 08:22:45.099000-04:00,631243949980953087,SOUTH_EAST,0.7360418438911438,DAYLIGHT,-73.984808,40.69949
185,nlbx_2f6bd87f2a08965d73894f100ac9877f.jpg,0,0,0,26.03125,2023-09-29 08:47:34.905000-04:00,631243922018587135,NORTH_EAST,0.7131015062332153,DAYLIGHT,-73.939952,40.840719
186,nlbx_a463b7126fec3d4fe2200f3023221b76.jpg,0,0,0,68.04103088378906,2023-09-29 10:16:10.403000-04:00,631243935055563263,EAST,0.6714944839477539,DAYLIGHT,-73.797826,40.645595
187,nlbx_452f6554d75850c22eac60a965e9a066.jpg,0,0,0,298.8336486816406,2023-09-29 11:50:32.659000-04:00,631243922749281791,NORTH_WEST,0.7905201315879822,DAYLIGHT,-73.975165,40.763472
188,nlbx_3e5884d17099fe31bfc6cc0a67892181.jpg,0,0,0,86.328857421875,2023-09-29 16:32:04.867000-04:00,631243921988660223,EAST,0.8494091033935547,DAYLIGHT,-73.917978,40.845017
189,nlbx_e1911c9501a46b51f1ecb700fa71ceea.jpg,0,1,0,243.875,2023-09-29 13:17:53.162000-04:00,631243935101368319,SOUTH_WEST,0.8161342144012451,DAYLIGHT,-73.811152,40.675434
190,nlbx_68fc52812767a373157a4328a9f4529d.jpg,1,1,1,17.90390968322754,2023-09-29 17:58:13.886000-04:00,631243922933591039,NORTH,0.7894018888473511,DAYLIGHT,-73.803663,40.745574
191,nlbx_62cbc71d0e8dd51787e276c90dec2412.jpg,0,0,0,149.91807904391533,2023-09-29 17:56:24.522000-04:00,631243951076467711,SOUTH_EAST,0.8573346138000488,DAYLIGHT,-73.910405,40.598569
192,nlbx_2ef5ae99d2cff97a38ef1cbc19b12a8d.jpg,0,1,0,230.4971466064453,2023-09-29 13:56:45.579000-04:00,631243949901896703,SOUTH_WEST,0.6521250009536743,DAYLIGHT,-74.004698,40.707049
193,nlbx_ef6e7c0c40b482ff48228c008803ba54.jpg,0,0,0,118.87899780273438,2023-09-29 11:33:33.331000-04:00,631243922750661119,SOUTH_EAST,1.0,DAYLIGHT,-73.974781,40.750901
194,nlbx_0ac3347ad1b5c6ab56d0b91e5167f6eb.jpg,1,1,1,353.8005130882215,2023-09-29 14:11:12.568000-04:00,631243923160982527,NORTH,0.8157050609588623,DAYLIGHT,-73.81065,40.726447
195,nlbx_433690f1ce47c9f0c99adeef5bd20e87.jpg,1,1,1,262.3221740722656,2023-09-29 09:48:51.159000-04:00,631243950346541567,WEST,0.8622732162475586,DAYLIGHT,-73.994841,40.572886
196,nlbx_ab332905c35ef7fb270d3f1c15e79789.jpg,1,1,1,351.60577392578125,2023-09-29 09:52:50.159000-04:00,631243950346939391,NORTH,0.8406257033348083,DAYLIGHT,-74.000937,40.576259
197,nlbx_3ebffb13abfb31304261a35fb940fece.jpg,0,0,0,116.183837890625,2023-09-29 17:57:25.357000-04:00,631243949921950207,SOUTH_EAST,0.840230405330658,DAYLIGHT,-73.983344,40.684747
198,nlbx_1b9d726e73c06088e26d96bc650c0a86.jpg,1,1,1,81.07671356201172,2023-09-29 09:54:13.159000-04:00,631243950347889151,EAST,0.812140941619873,DAYLIGHT,-73.999888,40.577278
199,nlbx_aa12a9d70a3a57ca5fffa7cfe07c44b3.jpg,0,1,0,312.25,2023-09-29 14:57:18.481000-04:00,631243923270185471,NORTH_WEST,0.6859403848648071,DAYLIGHT,-73.864501,40.770081
200,nlbx_6d042b03611b276ea351ce05907c0a1a.jpg,0,0,0,136.54018966259747,2023-09-29 16:36:16.310000-04:00,631243922462942719,SOUTH_EAST,0.9339869618415833,DAYLIGHT,-73.851064,40.725571
201,nlbx_83123b641d64e98d61e02aadaca8f201.jpg,0,0,0,78.5,2023-09-29 17:21:31.685000-04:00,631243922514153983,EAST,0.7877070903778076,DAYLIGHT,-73.860247,40.669752
202,nlbx_8bf7324ec63046ed959f0ea383e2a545.jpg,0,0,0,241.1480255126953,2023-09-29 13:26:25.804000-04:00,631243923075460095,SOUTH_WEST,0.9056612849235536,DAYLIGHT,-73.788686,40.697671
203,nlbx_bb2c3c755091d708c3dc7c86c65606f9.jpg,0,0,0,352.08465576171875,2023-09-29 08:39:38.930000-04:00,631243922815178239,NORTH,0.715552568435669,DAYLIGHT,-73.96894,40.683534
204,nlbx_391b2fc1db591bd3275cf4f069062d88.jpg,0,1,0,4.221479892730713,2023-09-29 09:50:42.524000-04:00,631243935099082239,NORTH,0.755300760269165,DAYLIGHT,-73.800951,40.668794
205,nlbx_92e1fc942dca83c1ffdfdf6a1be5399f.jpg,0,0,0,282.2191162109375,2023-09-29 14:19:53.438000-04:00,631243922737375743,WEST,0.7685148119926453,DAYLIGHT,-73.934872,40.737764
206,nlbx_9647d73dd953f181fd87db4d644f6498.jpg,0,0,0,91.75,2023-09-29 10:40:03.381000-04:00,631243923210179071,EAST,0.8314074873924255,DAYLIGHT,-73.874368,40.771372
207,nlbx_2e493e6520a40fdeef917e44ffc67e70.jpg,0,0,0,279.75,2023-09-29 09:44:15.372000-04:00,631243923205961727,WEST,0.7819182872772217,DAYLIGHT,-73.892321,40.766697
208,nlbx_778e09c8083c7e6ab77038528f07732b.jpg,1,1,1,260.132543699257,2023-09-29 09:34:12.642000-04:00,631243919347346431,WEST,0.7812050580978394,DAYLIGHT,-73.786638,40.789515
209,nlbx_50e43a329a748b8735198864be2777c3.jpg,1,1,1,128.72157287597656,2023-09-29 08:30:14.662000-04:00,631243950296575487,SOUTH_EAST,0.8828095197677612,DAYLIGHT,-73.985057,40.593879
210,nlbx_720aa2e87d033a8f1c60c038f8e798a3.jpg,0,1,0,188.43529282540985,2023-09-29 11:07:28.475000-04:00,631243922691448319,SOUTH,0.660435676574707,DAYLIGHT,-73.97513,40.736365
211,nlbx_1bf7a4975b5dab5d658bc8f574ee3ebc.jpg,0,1,0,117.80670166015624,2023-09-29 12:48:01.508000-04:00,631243921935680511,SOUTH_EAST,0.8670585751533508,DAYLIGHT,-73.898013,40.899987
212,nlbx_0d04e632085132e3a0e9be113338b6d4.jpg,1,1,1,111.4356460571289,2023-09-29 08:55:08.971000-04:00,631243922738961407,EAST,0.8059704303741455,DAYLIGHT,-73.935968,40.740255
213,nlbx_8e46232473984a9f4cda1b0ae691b3dd.jpg,0,0,0,156.5,2023-09-29 15:00:53.854000-04:00,631243922952788479,SOUTH_EAST,0.917839288711548,DAYLIGHT,-73.854041,40.757592
214,nlbx_0925802d0a73eac9a6b166e1961cf16a.jpg,1,1,1,94.25,2023-09-29 11:02:31.931000-04:00,631243934998028799,EAST,0.8649797439575195,DAYLIGHT,-73.79131,40.644749
215,nlbx_0984f6fad69bd7ce88f052862a357ff0.jpg,1,1,1,1.0400390625,2023-09-29 09:20:27.394000-04:00,631243922894010367,NORTH,0.863646924495697,DAYLIGHT,-73.947813,40.704322
216,nlbx_52054c7bb2fc1920c30d604b9722748b.jpg,0,1,0,85.38219451904297,2023-09-29 13:30:33.336000-04:00,631243949787681791,EAST,0.8256964683532715,DAYLIGHT,-74.00326,40.737588
217,nlbx_b030f31b973329578e733aa9154a8e0e.jpg,1,1,1,356.75,2023-09-29 14:57:12.521000-04:00,631243920590375423,NORTH,0.7236766815185547,DAYLIGHT,-73.729567,40.744283
218,nlbx_63058f19cb4b51165b2938daa93b28c9.jpg,0,0,0,102.94667053222656,2023-09-29 10:28:18.064000-04:00,631243922956880895,EAST,0.6455176472663879,DAYLIGHT,-73.863858,40.760971
219,nlbx_146e35dd65a5a1f7cdf9d9ac1e6d91ad.jpg,1,1,1,106.0,2023-09-29 10:46:21.931000-04:00,631243923093199359,EAST,0.6660449504852295,DAYLIGHT,-73.829878,40.71676
220,nlbx_22ca559287d57aec173c403d22de07e8.jpg,1,1,1,358.43170166015625,2023-09-29 10:50:44.693000-04:00,631243951138180607,NORTH,1.0,DAYLIGHT,-74.021747,40.639711
221,nlbx_0044877308e74a0411e08f28dbf37950.jpg,1,1,1,206.75,2023-09-29 12:27:16.595000-04:00,631243922733458943,SOUTH_WEST,0.7849972248077393,DAYLIGHT,-73.9221,40.73321
222,nlbx_d4c97c76f6658615158b79352281754c.jpg,0,0,0,300.5,2023-09-29 10:56:40.133000-04:00,631243922720818175,NORTH_WEST,0.8488357067108154,DAYLIGHT,-73.948212,40.754176
223,nlbx_d22ead590769be79ff389000f9899719.jpg,1,1,1,30.827562445846997,2023-09-29 09:18:28.480000-04:00,631243922727280127,NORTH_EAST,0.7817608118057251,DAYLIGHT,-73.949445,40.768104
224,nlbx_493c04b24c948acfe9b64d461b07423f.jpg,0,0,0,357.75,2023-09-29 17:54:24.738000-04:00,631243922085372415,NORTH,0.7616962790489197,DAYLIGHT,-73.922792,40.85701
225,nlbx_c6059b767ff7ab9142f731b40fd61e8a.jpg,0,0,0,40.82006072998047,2023-09-29 16:50:35.158000-04:00,631243950337853951,NORTH_EAST,0.7518850564956665,DAYLIGHT,-74.002782,40.597914
226,nlbx_328d8203b0e7aea0d07f7208c1580e3a.jpg,0,0,0,257.90839931575704,2023-09-29 10:36:51.977000-04:00,631243923210777087,WEST,0.7793841361999512,DAYLIGHT,-73.876418,40.771793
227,nlbx_cb92fb3c5c2a0c732b3acc8b94864693.jpg,0,0,0,351.5,2023-09-29 12:50:08.958000-04:00,631243950373868031,NORTH,0.6660469174385071,DAYLIGHT,-73.953136,40.608583
228,nlbx_a66663395e0c567da07018e68abc7913.jpg,1,1,1,208.1631774902344,2023-09-29 16:22:41.231000-04:00,631243922733458943,SOUTH_WEST,0.7855277061462402,DAYLIGHT,-73.922136,40.733165
229,nlbx_1362bb77289a8dd9a3d4f9acb662dabd.jpg,0,0,0,327.5,2023-09-29 10:54:01.793000-04:00,631243922575811071,NORTH_WEST,0.9577389359474182,DAYLIGHT,-73.8837,40.660846
230,nlbx_99bfd5bfb6f7d218212ce60a368e187e.jpg,0,0,0,269.5609436035156,2023-09-29 16:22:57.095000-04:00,631243934998137855,WEST,0.6852978467941284,DAYLIGHT,-73.789505,40.645129
231,nlbx_90c22f8c18621b2b23957a5f782e7a40.jpg,0,0,0,351.2304382324219,2023-09-29 08:06:55.823000-04:00,631243922928489471,NORTH,0.8346240520477295,DAYLIGHT,-73.821603,40.76952
232,nlbx_ac36299c99de68af136e07ee27278437.jpg,0,1,0,351.0277099609375,2023-09-29 08:45:07.827000-04:00,631243951128717823,NORTH,0.8696677088737488,DAYLIGHT,-73.970585,40.626308
233,nlbx_65ecdf42da3778f2a5d19e9f09d17c07.jpg,1,1,1,81.125,2023-09-29 13:01:48.427000-04:00,631243951185723903,EAST,0.6319355964660645,DAYLIGHT,-73.972094,40.650674
234,nlbx_a1ed55fe990b811e042894cae6e01290.jpg,1,1,1,36.1875,2023-09-29 10:26:39.123000-04:00,631243922960955391,NORTH_EAST,0.7513504028320312,DAYLIGHT,-73.837822,40.762074
235,nlbx_886b9e9b2eef2179682dec4024cd5945.jpg,0,0,0,201.40391540527344,2023-09-29 16:30:55.510000-04:00,631243949971221503,SOUTH,0.9085959792137146,DAYLIGHT,-73.988032,40.718885
236,nlbx_4000cfb4343b283167ab78ac46c6c456.jpg,0,0,0,22.709659576416016,2023-09-29 12:16:15.281000-04:00,631243921988180479,NORTH_EAST,0.7046563029289246,DAYLIGHT,-73.905409,40.836403
237,nlbx_fd32d593306e5245021fca43599220f2.jpg,0,0,0,296.5854797363281,2023-09-29 07:18:25.646000-04:00,631243922602049023,NORTH_WEST,0.9530594944953918,NIGHTTIME,-73.845476,40.676062
238,nlbx_d83e87c1229a8968cbecaeee4150484b.jpg,1,1,1,355.819091796875,2023-09-29 09:47:47.369000-04:00,631243950906948607,NORTH,0.8133881688117981,DAYLIGHT,-73.919741,40.642973
239,nlbx_b7b28044fdf03395d9adf26c0d5fa986.jpg,0,0,0,8.403082847595215,2023-09-29 09:52:48.939000-04:00,631243922731075583,NORTH,0.9434753656387328,DAYLIGHT,-73.926358,40.743018
240,nlbx_9550237c33f7ceab9c7ab0cf734927e6.jpg,0,1,0,213.52099609375,2023-09-29 10:57:23.963000-04:00,631243919506235903,SOUTH_WEST,0.8680856823921204,DAYLIGHT,-73.850615,40.903118
241,nlbx_372c2897e7e04b6c3809ba3af4942b33.jpg,0,1,0,308.3904113769531,2023-09-29 08:25:27.909000-04:00,631243951115545087,NORTH_WEST,0.7213053107261658,DAYLIGHT,-74.004354,40.660733
242,nlbx_70e558fa3464458573a533dfff5e7df7.jpg,0,0,0,299.1054992675781,2023-09-29 14:01:17.538000-04:00,631243921524410879,NORTH_WEST,0.9281065464019777,DAYLIGHT,-73.938836,40.799989
243,nlbx_5e9b3b28b77a469fd2f6e28e4dd5e37a.jpg,0,1,0,86.875,2023-09-29 15:18:08.631000-04:00,631243934997491199,EAST,0.822532057762146,DAYLIGHT,-73.787451,40.644665
244,nlbx_0f0ad6734aab22cb378d0ada6cb6c66f.jpg,0,0,0,337.75,2023-09-29 23:12:02.754000-04:00,631243919497577983,NORTH,0.6652930974960327,NIGHTTIME,-73.8522,40.895255
245,nlbx_a8a840083d2c52e840926e2bd9294298.jpg,0,0,0,327.252197265625,2023-09-29 18:02:35.455000-04:00,631243921506606591,NORTH_WEST,0.7242659330368042,DAYLIGHT,-73.956477,40.813617
246,nlbx_4f6d94431b63c2dc1ce8bb8b0112d12d.jpg,0,0,0,335.5,2023-09-29 07:29:29.781000-04:00,631243923061579263,NORTH_WEST,0.728532612323761,DAYLIGHT,-73.792518,40.706448
247,nlbx_565b5befba837823e61466c6f3fb0cca.jpg,0,0,0,57.734161376953125,2023-09-29 12:14:57.912000-04:00,631243950870685695,NORTH_EAST,0.7730348706245422,DAYLIGHT,-73.962985,40.634123
248,nlbx_3fb74e2f81a8b869c5ce7a6650341162.jpg,1,1,1,75.1875,2023-09-29 11:24:00.191000-04:00,631243950351761919,EAST,0.8052129149436951,DAYLIGHT,-74.001871,40.577052
249,nlbx_e9f3925ba863d55b9b4b53b7ba360f04.jpg,0,0,0,29.1875,2023-09-29 09:15:54.790000-04:00,631243922747791359,NORTH_EAST,0.7446304559707642,DAYLIGHT,-73.974402,40.759497
250,nlbx_334bc50c6ebe69e2364cabcfb70a5932.jpg,0,0,0,273.6278076171875,2023-09-29 11:47:46.962000-04:00,631243922843575295,WEST,0.9131439328193665,DAYLIGHT,-73.940685,40.667529
251,nlbx_819849e663518aaae835b1e4707a1af1.jpg,0,0,0,233.5,2023-09-29 20:36:08.330000-04:00,631243921514928127,SOUTH_WEST,0.9617210030555724,NIGHTTIME,-73.950992,40.81832
252,nlbx_dbeb4ad862e9fb51b113115a5c22561d.jpg,0,0,0,29.484375,2023-09-29 10:34:57.235000-04:00,631243921462408703,NORTH_EAST,0.8407389521598816,DAYLIGHT,-73.965793,40.771291
253,nlbx_a31a8395faccc8e676a0632aebea3b22.jpg,1,1,1,242.55349731445312,2023-09-29 14:03:17.829000-04:00,631243951185179647,SOUTH_WEST,0.6524136066436768,DAYLIGHT,-73.97045,40.648592
254,nlbx_520c5fcb760facc819409dd3593e9759.jpg,1,1,1,171.50845336914062,2023-09-29 08:32:47.727000-04:00,631243950375764991,SOUTH,0.9552258253097534,DAYLIGHT,-73.970306,40.621872
255,nlbx_f641aff197c95bf7ddf4d579745e6194.jpg,1,1,1,261.34033475537365,2023-09-29 12:21:46.150000-04:00,631243951128733183,WEST,0.7360305190086365,DAYLIGHT,-73.97072,40.626597
256,nlbx_b0019ce302524b1c52268a61ec1aaac5.jpg,0,1,0,267.5080871582031,2023-09-29 16:15:55.435000-04:00,631243935107032063,WEST,0.8981109261512756,DAYLIGHT,-73.796796,40.666416
257,nlbx_35da4b909e2b1fe2d9405eec96ba4910.jpg,0,0,0,203.75,2023-09-29 14:04:16.648000-04:00,631243934997296639,SOUTH_WEST,0.681452751159668,DAYLIGHT,-73.786653,40.647248
258,nlbx_028ebe08460fb18d925ae26ee31b1468.jpg,0,0,0,228.44708012139023,2023-09-29 16:09:53.955000-04:00,631243950887745023,SOUTH_WEST,0.8380333185195923,DAYLIGHT,-73.947162,40.614388
259,nlbx_85e5c08824e79951f17e3c5826610389.jpg,0,1,0,108.3125,2023-09-29 12:01:18.961000-04:00,631243922597621247,EAST,0.809917688369751,DAYLIGHT,-73.836835,40.67024
260,nlbx_e64ac854a423ad37335a0681cca50aa7.jpg,1,1,1,31.315807342529297,2023-09-29 10:23:40.367000-04:00,631243950659618815,NORTH_EAST,0.7983530759811401,DAYLIGHT,-74.017265,40.607427
261,nlbx_9e319d1a3f123e8cb4d31f9d5bf9654e.jpg,1,1,1,128.44464111328125,2023-09-29 08:29:15.662000-04:00,631243950296427007,SOUTH_EAST,0.7765044569969177,DAYLIGHT,-73.98615,40.594525
262,nlbx_04cebb9e96a83a448032e248b9353375.jpg,1,1,1,217.61024475097656,2023-09-29 11:23:28.789000-04:00,631243922733292543,SOUTH_WEST,0.7655048370361328,DAYLIGHT,-73.922204,40.733098
263,nlbx_8c19a243fcf27dc72b918af69ed1f73e.jpg,1,1,1,215.1538449519686,2023-09-29 08:35:56.467000-04:00,631243922719423999,SOUTH_WEST,0.8472329378128052,DAYLIGHT,-73.952069,40.765345
264,nlbx_e95b1674683018b432cd15a4254bbe4d.jpg,1,1,1,128.0992431640625,2023-09-29 08:47:19.028000-04:00,631243950398949375,SOUTH_EAST,0.6497249603271484,DAYLIGHT,-73.992243,40.600978
265,nlbx_73d170de29e2e85b016046414672409d.jpg,0,1,0,284.4808959960937,2023-09-29 16:22:19.674000-04:00,631243921400565247,WEST,0.7117836475372314,DAYLIGHT,-73.946421,40.850498
266,nlbx_ef7d5fbec04e22d2e7f9f3a0c802c78e.jpg,0,0,0,23.203125,2023-09-29 11:54:18.721000-04:00,631243922822202367,NORTH_EAST,0.9279640913009644,DAYLIGHT,-73.978338,40.684268
267,nlbx_8b4b9b0df6036186b62431249e628073.jpg,0,0,0,263.5,2023-09-29 15:28:16.537000-04:00,631243922828014079,WEST,0.8068450689315796,DAYLIGHT,-73.978613,40.69347
268,nlbx_4b576bcc8a05cfee35885e4229b4824e.jpg,0,0,0,31.707338333129883,2023-09-29 18:27:09.292000-04:00,631243922070381567,NORTH_EAST,0.8390793800354004,NIGHTTIME,-73.877472,40.835016
269,nlbx_2395bb0d6c013c4dec40a80ad0440446.jpg,0,0,0,245.9366149902344,2023-09-29 10:40:23.074000-04:00,631243922526708223,SOUTH_WEST,0.6900762319564819,DAYLIGHT,-73.863834,40.679229
270,nlbx_d4515317d7f420228e430217dd5e898c.jpg,0,0,0,29.210899353027344,2023-09-29 09:55:56.136000-04:00,631243921450935295,NORTH_EAST,0.628146767616272,DAYLIGHT,-73.961702,40.79578
271,nlbx_775ab15e22c1ba0e88265abc19f6c449.jpg,1,1,1,164.375,2023-09-29 11:52:48.222000-04:00,631243934828506623,SOUTH,0.7723749279975891,DAYLIGHT,-73.727133,40.658655
272,nlbx_f364f920ad231d97ff073093167cacbe.jpg,0,0,0,91.125,2023-09-29 13:40:27.169000-04:00,631243922616042495,EAST,0.8656545281410217,DAYLIGHT,-73.876117,40.680196
273,nlbx_7a53b7f050f16512c7b4bb93374dc2e1.jpg,0,0,0,171.375,2023-09-29 15:06:44.738000-04:00,631243950879511039,SOUTH,0.7764044404029846,DAYLIGHT,-73.961006,40.638554
274,nlbx_a53c5a3cd43cbac751843476c7282c0b.jpg,0,0,0,116.67255401611328,2023-09-29 15:47:59.427000-04:00,631243922416381439,SOUTH_EAST,0.7760027050971985,DAYLIGHT,-73.923113,40.726787
275,nlbx_abf0734c99ac52274e975b8d1b931382.jpg,0,0,0,219.625,2023-09-29 16:11:00.590000-04:00,631243922694147583,SOUTH_WEST,0.9162819385528564,DAYLIGHT,-73.992497,40.748426
276,nlbx_8ece5bb5f066252db10bfab03790b11b.jpg,1,1,1,231.0,2023-09-29 07:49:46.547000-04:00,631243950338216959,SOUTH_WEST,0.7302721738815308,DAYLIGHT,-73.999595,40.596524
277,nlbx_b6832dd77f046d3e29a99bd4e468491b.jpg,1,1,1,261.7925720214844,2023-09-29 08:47:39.576000-04:00,631243950347606015,WEST,0.8212060928344727,DAYLIGHT,-73.992787,40.575757
278,nlbx_d66b424b0c5e0c65b080c8c3be7ce850.jpg,0,0,0,319.0,2023-09-29 17:38:35.136000-04:00,631243922882811903,NORTH_WEST,0.7586814761161804,DAYLIGHT,-73.958965,40.702199
279,nlbx_4c86932bcf376bfcee9df3749d0cf173.jpg,0,0,0,21.953125,2023-09-29 17:50:37.276000-04:00,631243923028025855,NORTH,0.9080833196640016,DAYLIGHT,-73.825943,40.779808
280,nlbx_548fac035de4c205bb414d2ddc9cfc3a.jpg,0,0,0,305.25,2023-09-29 15:40:04.103000-04:00,631243923241127423,NORTH_WEST,0.9334863424301147,DAYLIGHT,-73.92745,40.757636
281,nlbx_a4b6bcf0ce507ec790aa2c9272509093.jpg,1,1,1,185.5,2023-09-29 16:04:54.865000-04:00,631243922733413375,SOUTH,0.7720614671707153,DAYLIGHT,-73.922024,40.73338
282,nlbx_075cc9c88a4d4e6b3255bfc23705e78d.jpg,0,0,0,272.5625305175781,2023-09-29 17:27:15.644000-04:00,631243922820649471,WEST,0.9276532530784608,DAYLIGHT,-73.984314,40.692126
283,nlbx_bdb2be2d0d491606bfe0da38029dd843.jpg,0,0,0,72.625,2023-09-29 11:35:13.646000-04:00,631243945503951359,EAST,0.826496958732605,DAYLIGHT,-74.172124,40.621039
284,nlbx_60c0b630c22ebdf7ec08fa2cb9a7cbdc.jpg,0,0,0,323.18625676743267,2023-09-29 10:55:53.911000-04:00,631243935006431743,NORTH_WEST,0.7412028312683105,DAYLIGHT,-73.781745,40.648494
285,nlbx_0555b63e013c313bed0696cbb6624fc5.jpg,0,0,0,228.25,2023-09-29 11:05:56.913000-04:00,631243923270842879,SOUTH_WEST,0.7793864607810974,DAYLIGHT,-73.867387,40.77098
286,nlbx_a24bce84c1e1fd40117bfa00c7a37d3e.jpg,0,0,0,125.1875,2023-09-29 12:23:41.343000-04:00,631243922684418047,SOUTH_EAST,0.6213021278381348,DAYLIGHT,-73.985605,40.735894
287,nlbx_8e9cf28f14f77ceb301f48443a8069ac.jpg,1,1,1,182.75,2023-09-29 08:35:18.840000-04:00,631243922413267455,SOUTH,0.8604564666748047,DAYLIGHT,-73.912055,40.728626
288,nlbx_bcabb35e87b41618849c68a858266e25.jpg,1,1,1,260.7584199431577,2023-09-29 14:16:01.126000-04:00,631243919347344383,WEST,0.7833135724067688,DAYLIGHT,-73.786841,40.789357
289,nlbx_b089160463d1550d2aae71d0a219e531.jpg,0,0,0,25.796875,2023-09-29 09:57:58.378000-04:00,631243922759232511,NORTH_EAST,0.8131157159805298,DAYLIGHT,-73.960826,40.761176
290,nlbx_f837831ba02b3cfc4c7a54306fa0e4d7.jpg,0,0,0,351.73248291015625,2023-09-29 16:32:48.188000-04:00,631243951075526655,NORTH,0.9306491613388062,DAYLIGHT,-73.932435,40.591588
291,nlbx_00eb069f456062abff0a541906fe087e.jpg,0,0,0,104.94310627220923,2023-09-29 15:06:27.750000-04:00,631243922733664255,EAST,0.8733134269714355,DAYLIGHT,-73.928447,40.736296
292,nlbx_dea0e8e16d1e8b87352f06bdd82b13e2.jpg,1,1,1,128.43312072753906,2023-09-29 08:28:20.662000-04:00,631243950296605695,SOUTH_EAST,0.7568577527999878,DAYLIGHT,-73.98698,40.595025
293,nlbx_e4cee750fb45528a166bf611ddd75556.jpg,0,0,0,171.97274692083613,2023-09-29 16:00:02.230000-04:00,631243922790468095,SOUTH,0.8787170648574829,DAYLIGHT,-73.933427,40.689849
294,nlbx_1580ce3ead7e87000c88cc287303a2b9.jpg,0,0,0,291.5,2023-09-29 14:51:48.707000-04:00,631243919668625919,WEST,0.6076882481575012,DAYLIGHT,-73.868154,40.835846
295,nlbx_35efc636368f49eb663a28bd85d65bbd.jpg,1,1,1,133.5,2023-09-29 08:16:02.284000-04:00,631243950398782975,SOUTH_EAST,0.7776520848274231,DAYLIGHT,-73.994184,40.604947
296,nlbx_08b5b0ece9a69728599dac54032b5d39.jpg,0,1,0,213.875,2023-09-29 07:55:56.020000-04:00,631243922719408639,SOUTH_WEST,0.7387223839759827,DAYLIGHT,-73.95188,40.765549
297,nlbx_4ecd467b5d3edda79016875276579776.jpg,0,0,0,262.0502319335937,2023-09-29 07:37:08.093000-04:00,631243923206053375,WEST,0.8244335651397705,DAYLIGHT,-73.890696,40.768883
298,nlbx_a34ea501c651f75a8f92065de1744924.jpg,0,0,0,334.86181640625,2023-09-29 17:11:24.826000-04:00,631243919436712447,NORTH_WEST,0.7249606847763062,DAYLIGHT,-73.84286,40.869783
299,nlbx_82a9e570de8d92c74a534f312193bfe3.jpg,0,0,0,196.875,2023-09-29 13:14:28.281000-04:00,631243919430662143,SOUTH,0.7480689287185669,DAYLIGHT,-73.872011,40.877536
300,nlbx_2d4028160aeece6be2b8b90ed28aaa1c.jpg,0,0,0,160.8129119873047,2023-09-29 16:19:05.459000-04:00,631243935109559295,SOUTH,0.9025511145591736,DAYLIGHT,-73.806283,40.683808
301,nlbx_91ed97e9121735b7bb445d64bf5d822c.jpg,1,1,1,156.75,2023-09-29 11:40:52.889000-04:00,631243923110960127,SOUTH_EAST,0.912666082382202,DAYLIGHT,-73.807707,40.68665
302,nlbx_4fefd6bafa09c9891b342f23dcba191d.jpg,1,1,1,291.5,2023-09-29 08:56:52.136000-04:00,631243922600542719,WEST,0.8251893520355225,DAYLIGHT,-73.833162,40.666721
303,nlbx_2fdb74c426dd5cf84a1a45d4e3b8e986.jpg,0,0,0,301.5,2023-09-29 11:36:39.455000-04:00,631243922759966207,NORTH_WEST,0.8985884189605713,DAYLIGHT,-73.964468,40.762302
304,nlbx_061956783d1e74c65dca1c44f81474f7.jpg,1,1,1,300.2817077636719,2023-09-29 09:12:54.236000-04:00,631243923214412287,NORTH_WEST,0.8752355575561523,DAYLIGHT,-73.88547,40.773157
305,nlbx_2d98d2841494781aa000e06dbcdfe6e2.jpg,0,1,0,234.16261291503903,2023-09-29 13:29:38.902000-04:00,631243919445302783,SOUTH_WEST,0.8263882398605347,DAYLIGHT,-73.844661,40.847964
306,nlbx_b961bfe5f2b8e7f125358447572a62fe.jpg,1,1,1,197.5,2023-09-29 13:40:16.725000-04:00,631243923230632447,SOUTH,0.7157305479049683,DAYLIGHT,-73.937856,40.788703
307,nlbx_800b3574ce19a1602d45ecb5a670a4d6.jpg,1,1,1,261.6881103515625,2023-09-29 09:08:59.958000-04:00,631243922743569919,WEST,0.8453426361083984,DAYLIGHT,-73.932304,40.75195
308,nlbx_e842306cf0ef95534f2977d6145d3e80.jpg,0,0,0,270.3754272460937,2023-09-29 11:59:26.995000-04:00,631243950651454463,WEST,0.8706362247467041,DAYLIGHT,-74.02413,40.60495
309,nlbx_64a0f0245f9b090a8ad3a5061b700200.jpg,0,0,0,299.0076904296875,2023-09-29 15:35:41.554000-04:00,631243922651888639,NORTH_WEST,0.6612021923065186,DAYLIGHT,-73.971555,40.745428
310,nlbx_41222acdeebb514a67ff519d00d6c1eb.jpg,0,0,0,215.55441284179688,2023-09-29 17:46:56.656000-04:00,631243922717656575,SOUTH_WEST,0.7664898633956909,DAYLIGHT,-73.937876,40.753562
311,nlbx_aa70837709715d157e349e710abd935c.jpg,0,0,0,120.5,2023-09-29 15:03:42.728000-04:00,631243922685055999,SOUTH_EAST,0.884979248046875,DAYLIGHT,-73.995376,40.741541
312,nlbx_34a93f95bb4062a78404fde18d3952ef.jpg,0,0,0,47.75223159790039,2023-09-29 14:36:25.504000-04:00,631243921498329599,NORTH_EAST,0.7155652046203613,DAYLIGHT,-73.984404,40.784378
313,nlbx_0dd6900fa384a2044e1b60ff8907563b.jpg,0,1,0,266.6788024902344,2023-09-29 15:14:59.574000-04:00,631243922991391743,WEST,0.6230644583702087,DAYLIGHT,-73.797722,40.785975
314,nlbx_1884de26f0f465910b0e11528c3405df.jpg,0,0,0,24.948074340820312,2023-09-29 13:48:42.445000-04:00,631243921865419775,NORTH_EAST,0.8364902138710022,DAYLIGHT,-73.931919,40.866929
315,nlbx_f08eaf9847847443b29f03b9a946cd43.jpg,1,1,1,237.625,2023-09-29 08:22:44.618000-04:00,631243922805767679,SOUTH_WEST,0.8153402805328369,DAYLIGHT,-73.928002,40.664809
316,nlbx_07aae80e8065ad3cd4bbb533314b7158.jpg,1,1,1,358.25,2023-09-29 09:04:45.615000-04:00,631243950299442687,NORTH,0.8820270299911499,DAYLIGHT,-73.974214,40.587751
317,nlbx_c83cf873bdb9080e6cdcd9aadb401c37.jpg,0,0,0,38.34375,2023-09-29 17:10:55.656000-04:00,631243922004787711,NORTH_EAST,0.7735230922698975,DAYLIGHT,-73.891791,40.818925
318,nlbx_9d4ac990648182f19c729752025032e9.jpg,1,1,1,319.4811036079033,2023-09-29 08:25:06.056000-04:00,631243922801533439,NORTH_WEST,0.7459980249404907,DAYLIGHT,-73.920079,40.661154
319,nlbx_ef49629580c0bf131fbe3b77d942cb89.jpg,1,1,1,330.1590881347656,2023-09-29 09:22:45.843000-04:00,631243949912829439,NORTH_WEST,0.6502189636230469,DAYLIGHT,-74.003198,40.679433
320,nlbx_279e732c96c8b62ec39e862cd0497878.jpg,1,1,1,198.50038146972656,2023-09-29 15:04:30.984000-04:00,631243922733413375,SOUTH,0.8499310612678528,DAYLIGHT,-73.922053,40.733289
321,nlbx_d5796e3b9e290fcb011adf67e1de0241.jpg,1,1,1,227.58786449239776,2023-09-29 08:05:04.763000-04:00,631243950887731711,SOUTH_WEST,0.7219041585922241,DAYLIGHT,-73.94659,40.614778
322,nlbx_bce8d1acdf9b6b5745c672dcc1c9db80.jpg,0,0,0,0.0,2023-09-29 10:21:52.456000-04:00,631243951197133823,UNKNOWN_HEADING,0.7258414030075073,DAYLIGHT,-73.959898,40.64981
323,nlbx_7ee11d8d7b7ac538c7e3d030dceb15ec.jpg,0,0,0,57.63060760498047,2023-09-29 12:34:19.166000-04:00,631243922384985087,NORTH_EAST,0.6644964218139648,DAYLIGHT,-73.891142,40.719467
324,nlbx_274ee3d82e79239a824fff2120b506b7.jpg,0,0,0,299.4883728027344,2023-09-29 16:15:57.120000-04:00,631243922717223423,NORTH_WEST,0.8010585308074951,DAYLIGHT,-73.943864,40.752286
325,nlbx_e9b9734f1b3d1b5782aefb6359914bed.jpg,1,1,1,221.14414452352423,2023-09-29 12:18:33.329000-04:00,631243922414339583,SOUTH_WEST,0.8433672189712524,DAYLIGHT,-73.911031,40.716913
326,nlbx_9f9205c36abc6ec74c36b8bc193dc5f8.jpg,0,0,0,69.0,2023-09-29 17:45:28.717000-04:00,631243922555856895,EAST,0.8732941746711731,DAYLIGHT,-73.884871,40.677823
327,nlbx_b0e814799e244eb703bb76f3d1a92e23.jpg,0,0,0,209.1681581084435,2023-09-29 13:34:01.447000-04:00,631243922692682239,SOUTH_WEST,0.8087691068649292,DAYLIGHT,-73.978901,40.740681
328,nlbx_ea2755a8e08ec74b034983e33a640afc.jpg,0,0,0,322.0,2023-09-29 15:21:10.406000-04:00,631243935069365759,NORTH_WEST,0.834152340888977,DAYLIGHT,-73.787555,40.664897
329,nlbx_f58c3bde9e2c89eb75ef5df568cc67b8.jpg,1,1,1,347.25,2023-09-29 13:27:06.417000-04:00,631243934828503551,NORTH,0.7350346446037292,DAYLIGHT,-73.727055,40.658454
330,nlbx_df203f9f70b05d88461eec7119bf5d41.jpg,1,1,1,14.953125,2023-09-29 14:14:16.964000-04:00,631243922416815103,NORTH,0.6385412812232971,DAYLIGHT,-73.920332,40.72673
331,nlbx_ad039e137f2e44d0778d8b57282dc7f2.jpg,1,1,1,312.0,2023-09-29 08:26:54.195000-04:00,631243951173410303,NORTH_WEST,0.8784469962120056,DAYLIGHT,-73.996088,40.668248
332,nlbx_3c82b98870e027e0a5566f91704e5729.jpg,1,1,1,260.43511962890625,2023-09-29 07:28:48.019000-04:00,631243934225526271,WEST,0.8190163373947144,DAYLIGHT,-73.801988,40.590829
333,nlbx_5f166836b72fd5cb2ba8febfa8214f0b.jpg,0,0,0,353.25,2023-09-29 17:48:20.037000-04:00,631243922845669887,NORTH,0.8593517541885376,DAYLIGHT,-73.952774,40.67767
334,nlbx_0bb0a5cf4292aff14aade0565d68c765.jpg,1,1,1,233.01094839415515,2023-09-29 10:31:26.750000-04:00,631243950338216959,SOUTH_WEST,0.8147627115249634,DAYLIGHT,-73.999561,40.596528
335,nlbx_1099b2f98f5d75a35b91caef0ef64df7.jpg,0,0,0,4.605950355529785,2023-09-29 08:56:12.014000-04:00,631243922812045823,NORTH,0.7952592372894287,DAYLIGHT,-73.921677,40.678508
336,nlbx_790cb73c70e4155789b48b73cdb9f22f.jpg,0,0,0,202.625,2023-09-29 17:00:53.560000-04:00,631243949972926975,SOUTH_WEST,0.79884934425354,DAYLIGHT,-74.004565,40.730536
337,nlbx_dc0cf96f915100c21dc9164f37bd33af.jpg,0,0,0,162.66387939453125,2023-09-29 17:05:09.260000-04:00,631243921467784703,SOUTH,0.8200319409370422,DAYLIGHT,-73.943022,40.778066
338,nlbx_6f35f5883ba438753cd359bc62710732.jpg,0,0,0,72.0917733880834,2023-09-29 16:31:27.689000-04:00,631243922586830847,EAST,0.8271318674087524,DAYLIGHT,-73.864934,40.683504
339,nlbx_a9d537cb2c72a000d285cb0ff82834e9.jpg,0,0,0,206.875,2023-09-29 08:17:03.774000-04:00,631243921466873343,SOUTH_WEST,0.8792164325714111,DAYLIGHT,-73.952093,40.777399
340,nlbx_4a836dcc44ac5fc8177481f78440f129.jpg,1,1,1,97.92292785644533,2023-09-29 08:22:35.974000-04:00,631243922416731647,EAST,0.8164271712303162,DAYLIGHT,-73.91966,40.726136
341,nlbx_89bb3abfe073a7f418da7b42e2435326.jpg,1,1,1,277.0,2023-09-29 13:01:54.209000-04:00,631243949979311615,WEST,0.8977243304252625,DAYLIGHT,-73.984624,40.696128
342,nlbx_97b40e337a0fe265723c20058d48ea31.jpg,1,1,1,342.75,2023-09-29 12:03:55.370000-04:00,631243923289614335,NORTH,0.7218550443649292,DAYLIGHT,-73.930042,40.799299
343,nlbx_14b79c2aaf411301265be94417adfde6.jpg,0,0,0,168.6477813720703,2023-09-29 16:41:35.291000-04:00,631243935040169983,SOUTH,0.8540008068084717,DAYLIGHT,-73.807352,40.654485
344,nlbx_4c1e946bcedabc2c959716bc58b43369.jpg,0,1,0,155.25,2023-09-29 12:39:17.971000-04:00,631243923290964991,SOUTH_EAST,0.8703619241714478,DAYLIGHT,-73.923972,40.79332
345,nlbx_810df6d0075e5baccab34a6c81d59b9a.jpg,0,0,0,120.81602713623629,2023-09-29 15:44:53.639000-04:00,631243923097588735,SOUTH_EAST,0.8694164156913757,DAYLIGHT,-73.841259,40.720033
346,nlbx_e5eddab9862afa082493b4fc8167fe0e.jpg,1,1,1,57.97063446044922,2023-09-29 08:49:49.065000-04:00,631243950871237631,NORTH_EAST,0.660704493522644,DAYLIGHT,-73.968036,40.635068
347,nlbx_f1f2b4b43bb16611397011c7597e4323.jpg,0,0,0,28.432126998901367,2023-09-29 15:54:32.574000-04:00,631243922689610751,NORTH_EAST,0.7773107290267944,DAYLIGHT,-73.983946,40.74641
348,nlbx_42a1456fbf65c8261539997b92135511.jpg,1,1,1,82.9375,2023-09-29 11:24:17.192000-04:00,631243950351881727,EAST,0.8817618489265442,DAYLIGHT,-74.000834,40.577168
349,nlbx_a4a2d2439f9191276133070dbef75756.jpg,0,1,0,320.5,2023-09-29 14:47:50.905000-04:00,631243950894716415,NORTH_WEST,0.7961428165435791,DAYLIGHT,-73.926041,40.613158
350,nlbx_00912b78ade6a170b24606f87b8a34b5.jpg,1,1,1,333.75,2023-09-29 08:32:14.640000-04:00,631243920551471615,NORTH_WEST,0.7627127170562744,DAYLIGHT,-73.764733,40.732406
351,nlbx_4b6c754ba79f465bc6c45c3f463dbb65.jpg,0,0,0,172.09893798828125,2023-09-29 16:24:35.097000-04:00,631243923246071295,SOUTH,0.9677720069885254,DAYLIGHT,-73.898356,40.758802
352,nlbx_743b50b8e56718f66dc445885b3f2dc9.jpg,0,0,0,308.37259591260056,2023-09-29 17:26:46.991000-04:00,631243950656670207,NORTH_WEST,0.7831628322601318,DAYLIGHT,-74.020035,40.617761
353,nlbx_f43e4ccab875b91cdffe1627dc1d2013.jpg,0,0,0,190.5,2023-09-29 10:35:16.043000-04:00,631243949968237055,SOUTH,0.8588747382164001,DAYLIGHT,-74.012582,40.719036
354,nlbx_f9870e461460970f3b67f0d90d9210fd.jpg,1,1,1,353.0,2023-09-29 09:40:36.827000-04:00,631243950325867519,NORTH,0.7226728796958923,DAYLIGHT,-73.974537,40.582852
355,nlbx_00d64d017416f5ae02b3f0289e1868fb.jpg,0,0,0,204.52655029296875,2023-09-29 10:06:39.481000-04:00,631243921440180223,SOUTH_WEST,0.7275322079658508,DAYLIGHT,-73.974414,40.800688
356,nlbx_9490e6eaf4e9977ff99dd11471bd8f34.jpg,0,0,0,28.83887481689453,2023-09-29 13:12:40.565000-04:00,631243921508820479,NORTH_EAST,0.6883333325386047,DAYLIGHT,-73.962944,40.809174
357,nlbx_bf79e18a1ed7255008eb87ca60721b60.jpg,1,1,1,233.6468963623047,2023-09-29 14:01:22.099000-04:00,631243923143042559,SOUTH_WEST,0.893943190574646,DAYLIGHT,-73.766881,40.717523
358,nlbx_ffb266d05a7ae7778428e37a95ac2839.jpg,1,1,1,92.1875,2023-09-29 16:36:34.435000-04:00,631243934253920767,EAST,0.8662723898887634,DAYLIGHT,-73.78827,40.592104
359,nlbx_7c7e9dfb9e8a975855aca9bc3381c060.jpg,1,1,1,284.25,2023-09-29 08:32:20.370000-04:00,631243922417075199,WEST,0.7809836864471436,DAYLIGHT,-73.927039,40.729032
360,nlbx_bd8856e5e52035e9eeab956d66d41d74.jpg,0,0,0,29.142467498779297,2023-09-29 17:20:29.875000-04:00,631243922689434111,NORTH_EAST,0.8177477717399597,DAYLIGHT,-73.977987,40.745914
361,nlbx_142e0e79cf7b712428e5d436b223e8cb.jpg,0,0,0,68.5625,2023-09-29 15:41:22.578000-04:00,631243923297443327,EAST,0.8376237154006958,DAYLIGHT,-73.914396,40.803361
362,nlbx_eae06787f30ef791329e659be5a57c22.jpg,0,0,0,79.2391586303711,2023-09-29 16:49:28.232000-04:00,631243922546695679,EAST,0.798373818397522,DAYLIGHT,-73.894013,40.667954
363,nlbx_a429eb4e5125296955302923abc28a52.jpg,0,1,0,291.4585266113281,2023-09-29 07:48:36.632000-04:00,631243922704586239,WEST,0.7756480574607849,DAYLIGHT,-73.980768,40.716514
364,nlbx_927fc16fe10251f9afec787717211c85.jpg,0,0,0,350.0,2023-09-29 17:18:30.521000-04:00,631243950364220927,NORTH,0.8510456085205078,DAYLIGHT,-73.963443,40.615622
365,nlbx_88c14cce3cd2ad3be2a7f691ea1d0298.jpg,1,1,1,180.0,2023-09-29 13:48:18.356000-04:00,631243919534181375,SOUTH,0.7832371592521667,DAYLIGHT,-73.878088,40.887326
366,nlbx_1c2290179de6f3268ce3453bb5b64afb.jpg,0,0,0,244.5,2023-09-29 10:42:02.044000-04:00,631243934997724671,SOUTH_WEST,0.8654550313949585,DAYLIGHT,-73.791621,40.645276
367,nlbx_197d00477bc44657ac20fc045313fe27.jpg,0,1,0,69.56102752685547,2023-09-29 14:53:41.707000-04:00,631243922591141375,EAST,0.7928392887115479,DAYLIGHT,-73.844462,40.689307
368,nlbx_8d063452e6c68f7d2068c8a2bc92edb3.jpg,0,0,0,160.68096665330432,2023-09-29 12:45:39.759000-04:00,631243923056075775,SOUTH,0.8390213251113892,DAYLIGHT,-73.816812,40.703217
369,nlbx_7586fd265358b14bcbe88d35b3d5d69d.jpg,0,0,0,21.28125,2023-09-29 17:46:02.892000-04:00,631243922438315519,NORTH,0.799954891204834,DAYLIGHT,-73.889828,40.711521
370,nlbx_aff28aec32b40e0779d933adf7c4c20f.jpg,1,1,1,226.27035522460935,2023-09-29 11:02:49.132000-04:00,631243922966694399,SOUTH_WEST,0.8757569193840027,DAYLIGHT,-73.840592,40.742907
371,nlbx_b4d34d796db9187fc46444f9c110e1e0.jpg,1,1,1,233.625,2023-09-29 10:11:50.051000-04:00,631243951186072063,SOUTH_WEST,0.743414044380188,DAYLIGHT,-73.970855,40.648435
372,nlbx_00ebaebcd038856b38a9e4dee56b9a7d.jpg,1,1,1,350.5,2023-09-29 10:20:24.389000-04:00,631243922070690815,NORTH,0.7287744283676147,DAYLIGHT,-73.873579,40.831472
373,nlbx_949e15b3fcfd4e10b42128f79351e282.jpg,1,1,1,208.6437530517578,2023-09-29 08:58:47.230000-04:00,631243922728334335,SOUTH_WEST,0.8118312358856201,DAYLIGHT,-73.948053,40.770433
374,nlbx_2e0f560f6e151d6e2d0093ce8fe6b484.jpg,0,1,0,322.198974609375,2023-09-29 14:15:28.643000-04:00,631243949982034943,NORTH_WEST,0.7061936855316162,DAYLIGHT,-74.001873,40.708251
375,nlbx_e85e68330683849fe03287797085082c.jpg,0,0,0,99.625,2023-09-29 17:10:58.813000-04:00,631243922490640895,EAST,0.6257168054580688,DAYLIGHT,-73.889749,40.738922
376,nlbx_514b5ec227ba722d79c8331eee158405.jpg,0,1,0,26.796875,2023-09-29 08:46:25.849000-04:00,631243921490732031,NORTH_EAST,0.7891714572906494,DAYLIGHT,-73.984887,40.779252
377,nlbx_7cd2d38c413cdbfb6d46d8a385a1825f.jpg,0,1,0,236.75,2023-09-29 14:06:14.669000-04:00,631243949901896703,SOUTH_WEST,0.7869730591773987,DAYLIGHT,-74.004649,40.70708
378,nlbx_c2b2556f1909c1c29ff5160858c4f660.jpg,0,1,0,119.9827382768412,2023-09-29 14:19:24.652000-04:00,631243919574099967,SOUTH_EAST,0.8083257675170898,DAYLIGHT,-73.837742,40.827817
379,nlbx_3aea77e43401564d342713bee3c5ea62.jpg,1,1,1,90.0,2023-09-29 09:02:57.251000-04:00,631243923019947519,EAST,0.6859396696090698,DAYLIGHT,-73.83737,40.778625
380,nlbx_0320f09fa6e540a1d4718939d8082b1c.jpg,0,0,0,195.0,2023-09-29 15:40:40.136000-04:00,631243923204988415,SOUTH,0.6629990339279175,DAYLIGHT,-73.894838,40.765018
381,nlbx_3dc6bbe73ad659b413e5f667358d5cf3.jpg,1,1,1,323.75,2023-09-29 15:00:43.797000-04:00,631243949982976511,NORTH_WEST,0.900903046131134,DAYLIGHT,-74.000123,40.70928
382,nlbx_b4d98acdcabf355b731364e9aa556a8d.jpg,0,1,0,298.9966735839844,2023-09-29 09:54:08.246000-04:00,631243949787441663,NORTH_WEST,0.8469013571739197,DAYLIGHT,-74.005989,40.741219
383,nlbx_c90fc68ffe398f535b271b1169f6a064.jpg,1,1,1,24.4375,2023-09-29 08:25:49.333000-04:00,631243921997972479,NORTH_EAST,0.8116409778594971,DAYLIGHT,-73.908981,40.823595
384,nlbx_18ba9f0f81a3110a193f2e2b8d841b5c.jpg,0,1,0,281.5166320800781,2023-09-29 11:14:46.832000-04:00,631243922404092415,WEST,0.8884487152099609,DAYLIGHT,-73.857861,40.711555
385,nlbx_d42564512ccc1418b5a0e67e1fed4605.jpg,0,0,0,266.25,2023-09-29 15:55:19.656000-04:00,631243920016467455,WEST,0.7106915712356567,DAYLIGHT,-73.806661,40.886177
386,nlbx_2bc61ec9da64e0f86cc7abec58e45cf5.jpg,0,1,0,267.024410233112,2023-09-29 13:48:42.922000-04:00,631243951070565375,WEST,0.7455206513404846,DAYLIGHT,-73.920654,40.584039
387,nlbx_c687e8d6d6b666117b51c6476959b465.jpg,1,1,1,130.17694091796875,2023-09-29 09:23:33.820000-04:00,631243921457513983,SOUTH_EAST,0.7443786859512329,DAYLIGHT,-73.962801,40.781567
388,nlbx_b6cc831fb9b753d2e624b4c1fbd45a38.jpg,1,1,1,24.09375,2023-09-29 11:11:19.801000-04:00,631243919537531903,NORTH_EAST,0.7386595606803894,DAYLIGHT,-73.866536,40.889773
389,nlbx_9b54af1437a13de428adb0b47bbb21d5.jpg,0,0,0,28.393844604492188,2023-09-29 16:11:17.280000-04:00,631243922683071999,NORTH_EAST,0.8059830665588379,DAYLIGHT,-73.98174,40.732472
390,nlbx_ce80d20e523869c7a03e0ca65b3456c1.jpg,0,0,0,210.25,2023-09-29 16:00:58.007000-04:00,631243922079397887,SOUTH_WEST,0.8281233310699463,DAYLIGHT,-73.932663,40.845671
391,nlbx_9cd91938f83e848076206cba87bbc7a2.jpg,1,1,1,194.05865478515625,2023-09-29 17:21:45.975000-04:00,631243919444980735,SOUTH,0.8839830160140991,DAYLIGHT,-73.837169,40.844821
392,nlbx_dc32f5986eded056da7fee45e428fd0d.jpg,0,1,0,342.4777587073788,2023-09-29 09:39:28.455000-04:00,631243935097245183,NORTH,0.7279808521270752,DAYLIGHT,-73.801287,40.674513
393,nlbx_5ada55bbb114df1f46745748693f8e19.jpg,1,1,1,207.0,2023-09-29 09:11:26.574000-04:00,631243951181260287,SOUTH_WEST,1.0,DAYLIGHT,-73.986664,40.67292
394,nlbx_1a0b8cd917be843433a9cd80c1bfb35e.jpg,1,1,1,270.8601329286003,2023-09-29 14:11:33.213000-04:00,631243934253912575,WEST,0.6902226209640503,DAYLIGHT,-73.787588,40.592096
395,nlbx_a889ffc577bf9ca976e09646a3209e8a.jpg,1,1,1,251.42599487304688,2023-09-29 08:35:23.765000-04:00,631243950309717503,WEST,0.722238302230835,DAYLIGHT,-73.983111,40.605502
396,nlbx_2e7820e8d8ab95236f41e6e3d5f09c75.jpg,0,0,0,259.1279018803561,2023-09-29 14:16:56.664000-04:00,631243922524024319,WEST,0.788236141204834,DAYLIGHT,-73.859695,40.669983
397,nlbx_284b1a59946fa543a6c3b99647c70e08.jpg,0,1,0,32.262699127197266,2023-09-29 10:06:01-04:00,631243921867279871,NORTH_EAST,0.8361077904701233,DAYLIGHT,-73.905949,40.877307
398,nlbx_2c4ce8cfffe396f6683e0f6a56ef2f83.jpg,1,1,1,112.02418518066406,2023-09-29 08:17:28.955000-04:00,631243922524350975,EAST,0.7107304334640503,DAYLIGHT,-73.852857,40.67161
399,nlbx_8481e1d2dcc9555040a58a6dc1b949da.jpg,1,1,1,327.75,2023-09-29 08:20:02.171000-04:00,631243923092974591,NORTH_WEST,0.7339650392532349,DAYLIGHT,-73.823921,40.713312
400,nlbx_21a5fd6103ad6f3dc1faa593c33536dc.jpg,0,0,0,28.833271026611328,2023-09-29 16:19:28.646000-04:00,631243922685946879,NORTH_EAST,0.8108781576156616,DAYLIGHT,-73.997643,40.746451
401,nlbx_8bdaa5d3eb94910a1b54acc2a9e89073.jpg,0,0,0,202.5,2023-09-29 11:58:16.580000-04:00,631243949971350015,SOUTH_WEST,0.878395140171051,DAYLIGHT,-73.995897,40.720514
402,nlbx_9b208fb295fd4d51c072fb0dc02b6a3e.jpg,0,0,0,302.0989685058594,2023-09-29 17:20:19.538000-04:00,631243949973180927,NORTH_WEST,0.8327996134757996,DAYLIGHT,-74.001779,40.727943
403,nlbx_88a19b0f5a27d18a0b5c17d7ecdca60f.jpg,0,0,0,179.51202229880863,2023-09-29 17:18:52.640000-04:00,631243922753257983,SOUTH,0.7710937261581421,DAYLIGHT,-73.981394,40.76365
404,nlbx_bb60c32544c1ee917c633bad2ac6986f.jpg,0,1,0,57.36574737890116,2023-09-29 11:52:28.764000-04:00,631243920521849855,NORTH_EAST,0.8813201785087585,DAYLIGHT,-73.7392,40.732839
405,nlbx_70eccd5096bcfd62ce41c409706132c9.jpg,0,0,0,32.393592834472656,2023-09-29 12:48:48.554000-04:00,631243951171649023,NORTH_EAST,0.8510441184043884,DAYLIGHT,-73.980902,40.663737
406,nlbx_4294d92413b29ebc696ca2b6f73de3bc.jpg,1,1,1,165.9122772216797,2023-09-29 11:19:32.217000-04:00,631243922083776511,SOUTH,0.727491021156311,DAYLIGHT,-73.94376,40.845467
407,nlbx_53beb5d41397efb7cf894ebb465a1154.jpg,0,0,0,4.662959098815918,2023-09-29 08:24:40.839000-04:00,631243922592532991,NORTH,0.742021381855011,DAYLIGHT,-73.852748,40.696912
408,nlbx_aee23107776825e26fa050229bdc95ac.jpg,1,1,1,233.0,2023-09-29 08:12:37.695000-04:00,631243951172566527,SOUTH_WEST,0.8610106706619263,DAYLIGHT,-73.997284,40.670455
409,nlbx_561fb34dcde6c8334ae3e3416a1fda30.jpg,0,0,0,117.125,2023-09-29 11:02:21.639000-04:00,631243949921748479,SOUTH_EAST,0.8208351135253906,DAYLIGHT,-73.987776,40.688075
410,nlbx_9a3df2e5a3aeeab18c48896cc75a310e.jpg,1,1,1,226.2391445598712,2023-09-29 10:17:03.088000-04:00,631243923213663231,SOUTH_WEST,0.8009079098701477,DAYLIGHT,-73.882469,40.768817
411,nlbx_a0479b1e678a84d7cd7500980346d33f.jpg,1,1,1,162.2853546142578,2023-09-29 08:50:12.338000-04:00,631243923245838847,SOUTH,0.8847008943557739,DAYLIGHT,-73.902369,40.762721
412,nlbx_e422d7a80e4ef0d1396d43369f44838c.jpg,0,1,0,171.83914184570312,2023-09-29 13:56:47.162000-04:00,631243951192624639,SOUTH,0.9755761623382568,DAYLIGHT,-73.975452,40.648772
413,nlbx_7ca7ae88e8ca5a975caa891dc34aa184.jpg,0,1,0,244.0,2023-09-29 12:19:39.637000-04:00,631243919454231551,SOUTH_WEST,0.746996283531189,DAYLIGHT,-73.829479,40.856394
414,nlbx_f333d878ed6c3a24c149049693ba0299.jpg,0,1,0,20.61699322790827,2023-09-29 10:04:53.511000-04:00,631243949980091903,NORTH,0.6354546546936035,DAYLIGHT,-73.987219,40.693684
415,nlbx_eda935d15365797818619b17ff313bdc.jpg,0,0,0,118.6875,2023-09-29 07:34:36.567000-04:00,631243922598994431,SOUTH_EAST,0.7596462368965149,DAYLIGHT,-73.833714,40.665165
416,nlbx_716c55eb8185e55c5d084fdc20361043.jpg,1,1,1,30.01349567601465,2023-09-29 08:48:40.629000-04:00,631243920656408063,NORTH_EAST,0.6155390739440918,DAYLIGHT,-73.729586,40.678896
417,nlbx_534e34fae6effb4b73fa3ba666810335.jpg,1,1,1,83.0625,2023-09-29 10:57:56.161000-04:00,631243935055027199,EAST,0.7655065655708313,DAYLIGHT,-73.79353,40.644696
418,nlbx_2a3c048f708dd599ab1c085710c0ce31.jpg,0,0,0,335.25,2023-09-29 17:32:28.501000-04:00,631243923057646079,NORTH_WEST,0.8244949579238892,DAYLIGHT,-73.817868,40.705744
419,nlbx_d3d8bb82b95035653b406396441f74f8.jpg,0,1,0,208.11520385742188,2023-09-29 08:45:53.817000-04:00,631243921523510783,SOUTH_WEST,0.8298263549804688,DAYLIGHT,-73.948761,40.797541
420,nlbx_d81f3baa43d670e92b7c06706f7c025b.jpg,1,1,1,128.5714874267578,2023-09-29 12:44:47.958000-04:00,631243951205424127,SOUTH_EAST,0.7681232690811157,DAYLIGHT,-74.005667,40.658714
421,nlbx_9fcbdd7a41130d4b67ef444e20eac8e9.jpg,0,0,0,299.6482849121094,2023-09-29 09:15:01.975000-04:00,631243922754712575,NORTH_WEST,0.8133847713470459,DAYLIGHT,-73.986456,40.755832
422,nlbx_e4438c7449bbf219f4ed0d1cdc55d5ba.jpg,0,0,0,351.75,2023-09-29 17:28:53.965000-04:00,631243935097231359,NORTH,0.7907459139823914,DAYLIGHT,-73.801284,40.673422
423,nlbx_fa561f4d79b1c4f5319f55be6b965c63.jpg,0,0,0,307.5,2023-09-29 16:29:26.090000-04:00,631243950300107775,NORTH_WEST,0.7517592906951904,DAYLIGHT,-73.99181,40.59486
424,nlbx_ed2bf6f6ffc6d12d288578bf8965a586.jpg,0,0,0,353.8061218261719,2023-09-29 16:43:41.639000-04:00,631243922820241919,NORTH,0.8787854909896851,DAYLIGHT,-73.979078,40.692877
425,nlbx_dc3f297185967bcf16a8cb7c97634e19.jpg,0,0,0,206.125,2023-09-29 12:38:03.583000-04:00,631243922688260607,SOUTH_WEST,0.7897598743438721,DAYLIGHT,-73.993227,40.736549
426,nlbx_f5273050d9c3d4e4a8e187e791164c39.jpg,1,1,1,205.43863904203928,2023-09-29 10:28:30.600000-04:00,631243922894793727,SOUTH_WEST,0.8432126045227051,DAYLIGHT,-73.956416,40.709858
427,nlbx_30b1144aca1e4e4910d1aa9df00a4449.jpg,0,0,0,271.3572852882853,2023-09-29 08:58:50.346000-04:00,631243923153226239,WEST,0.6441755890846252,DAYLIGHT,-73.82175,40.717334
428,nlbx_a8e3471733fda1545713308ddc86cc1b.jpg,0,0,0,158.625,2023-09-29 11:34:07.216000-04:00,631243922951952895,SOUTH,0.6603773832321167,DAYLIGHT,-73.85213,40.752431
429,nlbx_4083f8623349f8a250df1b2ecca712fd.jpg,0,1,0,209.09280395507807,2023-09-29 08:53:25.692000-04:00,631243921530201087,SOUTH_WEST,0.8978104591369629,DAYLIGHT,-73.954263,40.789957
430,nlbx_76119096a7ec173f6dd8ecc76b00e35b.jpg,1,1,1,65.47428894042969,2023-09-29 10:43:32.064000-04:00,631243923138481151,NORTH_EAST,0.7967284321784973,DAYLIGHT,-73.791994,40.713768
431,nlbx_0f1682bd7994c677fb808c5f63737efd.jpg,0,0,0,270.75,2023-09-29 09:55:37.514000-04:00,631243922666178559,WEST,0.7742056846618652,DAYLIGHT,-73.937162,40.714532
432,nlbx_261f38f1cc20b36bcb31c9d134174674.jpg,1,1,1,70.37162780761719,2023-09-29 09:13:15.024000-04:00,631243920504637439,EAST,0.8146482706069946,DAYLIGHT,-73.762031,40.74728
433,nlbx_1cb39238db3fef114c34e12a917a875b.jpg,1,1,1,31.375,2023-09-29 12:50:58.971000-04:00,631243923290966527,NORTH_EAST,0.7831865549087524,DAYLIGHT,-73.923861,40.79357
434,nlbx_57d996a0cbf95e026ac59984df0196b8.jpg,1,1,1,81.25874328613281,2023-09-29 10:33:46.329000-04:00,631243949982524415,EAST,0.7755953073501587,DAYLIGHT,-73.993966,40.709518
435,nlbx_471c7263c3caa87e0c6b05ac143700c6.jpg,0,0,0,260.5,2023-09-29 17:36:57.948000-04:00,631243950382680575,WEST,0.8836313486099243,DAYLIGHT,-73.950932,40.583461
436,nlbx_3b00c2a8546b0afd4fecc7612e2a2aaa.jpg,0,1,0,162.97044000546444,2023-09-29 10:46:00.910000-04:00,631243934997504511,SOUTH,0.8428654074668884,DAYLIGHT,-73.787035,40.644904
437,nlbx_35584f71d0bb189e686bd7f23f807574.jpg,1,1,1,120.75,2023-09-29 09:24:37.649000-04:00,631243951181539327,SOUTH_EAST,0.8388667106628418,DAYLIGHT,-73.990957,40.676505
438,nlbx_3f2301510c3036fa68295f4d64819ec0.jpg,1,1,1,80.8125,2023-09-29 10:06:56.958000-04:00,631243950347382271,EAST,0.6305178999900818,DAYLIGHT,-73.995412,40.577772
439,nlbx_256cb906f25b3265d31ddeec44e2c808.jpg,0,0,0,355.6097717285156,2023-09-29 09:52:36.125000-04:00,631243950945488383,NORTH,0.8348535299301147,DAYLIGHT,-73.930364,40.651576
440,nlbx_b2075c74edabc0982f5d9532f119c4c8.jpg,1,1,1,359.29960428262825,2023-09-29 11:09:53.597000-04:00,631243922020178943,NORTH,0.7047785520553589,DAYLIGHT,-73.93525,40.833905
441,nlbx_902d17496fbbb4b2934e2d2212a7a153.jpg,0,1,0,274.15924072265625,2023-09-29 08:25:09.170000-04:00,631243922802283519,WEST,0.7849379777908325,DAYLIGHT,-73.936913,40.671802
442,nlbx_3a59e76411ca2fc5c90741a0ca905ae0.jpg,1,1,1,333.75,2023-09-29 09:31:20.171000-04:00,631243923147514367,NORTH_WEST,0.7679388523101807,DAYLIGHT,-73.774814,40.717654
443,nlbx_019bc98d16a4098dc47ca57a59a2aa64.jpg,0,0,0,69.74080657958984,2023-09-29 17:18:28.471000-04:00,631243923101500415,EAST,0.7656879425048828,DAYLIGHT,-73.814722,40.690876
444,nlbx_0d838d89856de333f0d9bc72bb5a2f98.jpg,0,0,0,204.8853454589844,2023-09-29 14:28:37.652000-04:00,631243922929819135,SOUTH_WEST,0.775269627571106,DAYLIGHT,-73.828454,40.776132
445,nlbx_4cce7999900a4fa48be3102eed0ba303.jpg,1,1,1,60.20452499389648,2023-09-29 16:34:36.133000-04:00,631243919476201983,NORTH_EAST,0.6241830587387085,DAYLIGHT,-73.872904,40.856129
446,nlbx_a7d1c52f0b17bada16fda6238687af12.jpg,0,0,0,328.0,2023-09-29 11:59:02.235000-04:00,631243921509538815,NORTH_WEST,0.794668436050415,DAYLIGHT,-73.955633,40.812643
447,nlbx_e5a21473a657e9bf2935b092408f8498.jpg,1,1,1,79.73448944091797,2023-09-29 13:58:31.664000-04:00,631243922524514303,EAST,0.8220682740211487,DAYLIGHT,-73.851619,40.671011
448,nlbx_417836225757c8941458e4ea2e196cb6.jpg,1,1,1,259.0,2023-09-29 13:25:51.864000-04:00,631243922885093887,WEST,0.817444920539856,DAYLIGHT,-73.95175,40.699587
449,nlbx_42c11263b086adae35d9ed678b32b828.jpg,1,1,1,127.54084777832033,2023-09-29 08:56:48.530000-04:00,631243950297521151,SOUTH_EAST,0.8122761845588684,DAYLIGHT,-73.985036,40.59662
450,nlbx_4d89242b14fdf2ad6b6f86b074183739.jpg,0,1,0,211.0608673095703,2023-09-29 10:34:40.843000-04:00,631243922755773439,SOUTH_WEST,0.7993177771568298,DAYLIGHT,-73.984629,40.759209
451,nlbx_a9cd33324ac0974023052b964d2f8b68.jpg,0,0,0,195.29251098632807,2023-09-29 14:05:18.450000-04:00,631243935097958911,SOUTH,0.6988365650177002,DAYLIGHT,-73.802137,40.665346
452,nlbx_e26cf4ff04386ddc90c6fe29813b3827.jpg,1,1,1,149.25259399414062,2023-09-29 08:40:36.644000-04:00,631243922972410879,SOUTH_EAST,0.7640959024429321,DAYLIGHT,-73.84554,40.738013
453,nlbx_698aed7a936ffb7ace5b9d3ec2448f49.jpg,0,0,0,39.375,2023-09-29 09:40:31.520000-04:00,631243951114753535,NORTH_EAST,0.8923879861831665,DAYLIGHT,-74.003501,40.655102
454,nlbx_c2a9c1833927310223a0b73016079472.jpg,0,0,0,261.69219970703125,2023-09-29 16:29:24.727000-04:00,631243950388781567,WEST,0.8097860217094421,DAYLIGHT,-73.949731,40.599567
455,nlbx_80b41dee900f02ca8e68d55d81d32140.jpg,0,0,0,299.02374267578125,2023-09-29 11:09:29.500000-04:00,631243921500519423,NORTH_WEST,1.0,DAYLIGHT,-73.983708,40.775314
456,nlbx_f218a706fb0d33957ca832961d982e19.jpg,0,0,0,266.1093480870271,2023-09-29 09:34:34.217000-04:00,631243923092673023,WEST,0.7599127292633057,DAYLIGHT,-73.825844,40.716692
457,nlbx_ad09baa73665edb2da7adbeecde14960.jpg,1,1,1,187.7575836181641,2023-09-29 14:23:53.648000-04:00,631243925795802111,SOUTH,0.8518980741500854,DAYLIGHT,-73.87839,40.905821
458,nlbx_c33f523ae0d76a0fa320f529d0234c63.jpg,1,1,1,164.31752014160156,2023-09-29 09:30:31.024000-04:00,631243922083785727,SOUTH,0.7202298641204834,DAYLIGHT,-73.943839,40.845482
459,nlbx_2099afd6db46577f16d8a81c4eec5f60.jpg,0,0,0,272.466552734375,2023-09-29 15:10:26.190000-04:00,631243949979781119,WEST,0.8128641843795776,DAYLIGHT,-73.987555,40.696209
460,nlbx_86750ecefce14e47d225815de165310c.jpg,0,0,0,36.58893585205078,2023-09-29 17:37:12.922000-04:00,631243922849314303,NORTH_EAST,0.7910230159759521,DAYLIGHT,-73.927302,40.703248
461,nlbx_ff90f922db17c0830a2c8edb43051cf3.jpg,1,1,1,224.34616088867188,2023-09-29 12:54:20.075000-04:00,631243923205810175,SOUTH_WEST,0.8215747475624084,DAYLIGHT,-73.895533,40.763897
462,nlbx_1579151b628f5740f430e4cdfd10e3fc.jpg,0,0,0,118.80999755859376,2023-09-29 16:33:57.855000-04:00,631243922755577343,SOUTH_EAST,0.8616904020309448,DAYLIGHT,-73.98451,40.758356
463,nlbx_712a28ec263e59b80a2d8a4197eae821.jpg,0,1,0,217.1259765625,2023-09-29 08:54:47.006000-04:00,631243920590456319,SOUTH_WEST,0.7629430294036865,DAYLIGHT,-73.731187,40.744926
464,nlbx_c09b6d71244ae44189a1a080cb55ad65.jpg,0,0,0,45.96932601928711,2023-09-29 16:56:17.885000-04:00,631243922048502783,NORTH_EAST,0.8858616948127747,DAYLIGHT,-73.910467,40.861881
465,nlbx_8ab4183fce95d92becb9bba37d161c52.jpg,0,1,0,297.0069367850884,2023-09-29 09:28:23.455000-04:00,631243934998629375,NORTH_WEST,0.7281978130340576,DAYLIGHT,-73.781275,40.646512
466,nlbx_aef5cba0f5a04d22db76fcf213afaea1.jpg,0,0,0,13.73566722869873,2023-09-29 08:55:37.656000-04:00,631243949967521791,NORTH,0.7843543887138367,DAYLIGHT,-74.013738,40.713624
467,nlbx_1445af4db0e649eb80349f950b458171.jpg,0,1,0,261.7159423828125,2023-09-29 09:35:20.422000-04:00,631243950297505279,WEST,0.7500768899917603,DAYLIGHT,-73.983092,40.59589
468,nlbx_d1fbf6870417a8aa3ef3b0c2e50b95df.jpg,0,1,0,61.3125,2023-09-29 08:22:45.788000-04:00,631243922620984319,NORTH_EAST,0.8066575527191162,DAYLIGHT,-73.88593,40.686159
469,nlbx_3457340e877bf3a6058c120f41b1a5ff.jpg,0,1,0,211.125,2023-09-29 13:27:33.513000-04:00,631243922752531455,SOUTH_WEST,0.8129056096076965,DAYLIGHT,-73.989618,40.762564
470,nlbx_77a8e3ecd53d0cda0fc479dacff620cf.jpg,1,1,1,324.9031982421875,2023-09-29 09:42:03.013000-04:00,631243934761236991,NORTH_WEST,0.768708348274231,DAYLIGHT,-73.742402,40.639764
471,nlbx_f0d2acaf8df993a6b34f0a4268b7bd97.jpg,0,0,0,194.96490478515625,2023-09-29 08:28:59.309000-04:00,631243949972531199,SOUTH,0.7648083567619324,DAYLIGHT,-73.992794,40.723896
472,nlbx_3369a5c981e6b652677b99b369a7705b.jpg,0,0,0,109.70671844482422,2023-09-29 17:08:28.321000-04:00,631243949919549951,EAST,0.7382585406303406,DAYLIGHT,-73.991216,40.693183
473,nlbx_c49d5b6a3fa48c79ce516225863cb51a.jpg,0,0,0,31.3125,2023-09-29 17:32:37.120000-04:00,631243921457008127,NORTH_EAST,0.7310875654220581,DAYLIGHT,-73.957881,40.782136
474,nlbx_50c8d814905629c3ff11e71cc1886e90.jpg,1,1,1,120.68597412109376,2023-09-29 08:57:06.971000-04:00,631243922738355711,SOUTH_EAST,0.8392482995986938,DAYLIGHT,-73.934906,40.739814
475,nlbx_e589127945de3f1d809cf539cd6ddec2.jpg,1,1,1,336.0,2023-09-29 11:12:17.172000-04:00,631243923289631231,NORTH_WEST,0.8533601760864258,DAYLIGHT,-73.929375,40.799898
476,nlbx_ce3837a5532f88a2ed93326df321d8d9.jpg,0,0,0,29.182823467006195,2023-09-29 13:17:04.153000-04:00,631243922691204095,NORTH_EAST,0.6916442513465881,DAYLIGHT,-73.976182,40.740124
477,nlbx_85e78e7cc3857048ccfc50e0ff377980.jpg,1,0,0,82.875,2023-09-29 08:24:46.898000-04:00,631243950357931007,EAST,0.8684980869293213,DAYLIGHT,-73.981821,40.575552
478,nlbx_8aa34ae78e2d26b6d2027c0f61121e29.jpg,0,0,0,270.8443603515625,2023-09-29 16:59:57.679000-04:00,631243935000926207,WEST,0.8088175058364868,DAYLIGHT,-73.803897,40.658325
479,nlbx_b924ac521824fe541afd1eb3244d9684.jpg,0,0,0,57.770599365234375,2023-09-29 15:01:06.916000-04:00,631243945567880191,NORTH_EAST,0.7149720191955566,DAYLIGHT,-74.143346,40.638632
480,nlbx_375b7896c8cd563da8d9a995a8361f17.jpg,0,0,0,173.5510356667983,2023-09-29 15:03:28.342000-04:00,631243921934981631,SOUTH,0.604089081287384,DAYLIGHT,-73.896768,40.896038
481,nlbx_7eeaa35eaa065e8f0cc6eb9449a5f9a2.jpg,0,0,0,10.865995407104492,2023-09-29 16:03:56.550000-04:00,631243949969917951,NORTH,0.781852662563324,DAYLIGHT,-73.990124,40.732319
482,nlbx_dbed7325b435b18136c365cd0d55192e.jpg,0,0,0,150.875,2023-09-29 15:54:08.373000-04:00,631243922386499583,SOUTH_EAST,0.8605920672416687,DAYLIGHT,-73.892866,40.721636
483,nlbx_f1192faaddc77d1ed60cb0a79c03184e.jpg,1,1,1,33.306535640420186,2023-09-29 09:19:37.198000-04:00,631243922960954879,NORTH_EAST,0.6840574741363525,DAYLIGHT,-73.837787,40.762122
484,nlbx_7e8b8c1fafc020f5a7c77c523ec61140.jpg,1,1,1,129.5767364501953,2023-09-29 08:55:06.589000-04:00,631243950297516031,SOUTH_EAST,0.6697126626968384,DAYLIGHT,-73.985722,40.597025
485,nlbx_9aee56093a1e7d978bc9c1bc7d71247f.jpg,0,0,0,79.00283318495232,2023-09-29 13:39:09.756000-04:00,631243923210814975,EAST,0.9298922419548036,DAYLIGHT,-73.875805,40.771393
486,nlbx_40618af8198fe3e6402bc0fbe9965bdf.jpg,1,1,1,86.00151062011719,2023-09-29 17:23:19.655000-04:00,631243934229982207,EAST,0.8251162171363831,DAYLIGHT,-73.810136,40.590452
487,nlbx_7746cd20bf946e14f61347adae0f3f1a.jpg,1,1,1,308.4025573730469,2023-09-29 08:06:39.564000-04:00,631243951124527103,NORTH_WEST,0.7415382266044617,DAYLIGHT,-73.989732,40.62257
488,nlbx_7985a0e77dd0f97509b43c1fe906405a.jpg,1,1,1,208.16326904296875,2023-09-29 11:39:55.453000-04:00,631243922733458943,SOUTH_WEST,0.8334364295005798,DAYLIGHT,-73.922108,40.733197
489,nlbx_c2473f6b311d74fe76c71c9731a014bf.jpg,1,1,1,107.0,2023-09-29 08:31:09.268000-04:00,631243923093214207,EAST,0.7850668430328369,DAYLIGHT,-73.829776,40.716825
490,nlbx_5001b191dd288a09626ab88ba6b83dd2.jpg,1,1,1,156.0437774658203,2023-09-29 10:21:00.337000-04:00,631243922668356607,SOUTH_EAST,0.7572214603424072,DAYLIGHT,-73.951599,40.723426
491,nlbx_81c2cb2ab85f51e284fdf6e250bc1241.jpg,1,1,1,37.125,2023-09-29 11:00:22.685000-04:00,631243923292960767,NORTH_EAST,0.7058606147766113,DAYLIGHT,-73.906842,40.804441
492,nlbx_04e9e66dd22c42578c537a159ed60f94.jpg,0,0,0,200.125,2023-09-29 05:24:19.615000-04:00,631243920636195839,SOUTH,0.9156879782676696,NIGHTTIME,-73.728447,40.682534
493,nlbx_7e11497bee84bc5dbaa3890f296bdf25.jpg,1,1,1,218.4514617919922,2023-09-29 08:24:37.919000-04:00,631243951115475455,SOUTH_WEST,0.6424371600151062,DAYLIGHT,-74.001945,40.660067
494,nlbx_c3644ccc2ced6f14249438be27fbf95f.jpg,1,1,1,79.90093994140625,2023-09-29 08:54:10.478000-04:00,631243949982458367,EAST,0.738224983215332,DAYLIGHT,-73.996591,40.709161
495,nlbx_2d310ec8b209226af89605eb99cf5a23.jpg,0,1,0,321.164304689645,2023-09-29 11:40:02.024000-04:00,631243923054461439,NORTH_WEST,0.8077383041381836,DAYLIGHT,-73.823164,40.712318
496,nlbx_1a430674facc1b880f29a885ed955ca6.jpg,0,0,0,61.88594436645508,2023-09-29 18:00:40.199000-04:00,631243922655681023,NORTH_EAST,0.7082116007804871,DAYLIGHT,-73.946604,40.745443
497,nlbx_8c7cffdee59d8000e95e3fcaff961422.jpg,0,0,0,32.78678894042969,2023-09-29 11:08:15.153000-04:00,631243949960541695,NORTH_EAST,0.8635419011116028,DAYLIGHT,-74.002535,40.723837
498,nlbx_acbcfcf5cd277973a70b5f40923a3f00.jpg,0,1,0,122.05357012321652,2023-09-29 14:51:47.164000-04:00,631243922754345983,SOUTH_EAST,0.8246203660964966,DAYLIGHT,-73.980184,40.75151
499,nlbx_69f2091b78d0027a431b00e6c613aa9a.jpg,0,0,0,248.44085693359372,2023-09-29 08:41:55.118000-04:00,631243922453121023,WEST,0.7448755502700806,DAYLIGHT,-73.875623,40.742985
500,nlbx_e54af38229c6db9d2af5a13d0da6c068.jpg,1,1,1,197.78805541992188,2023-09-29 09:21:34.642000-04:00,631243922822539263,SOUTH,0.8672608137130737,DAYLIGHT,-73.973995,40.68216
501,nlbx_b441d2769b3368c8bc15d764319fceb3.jpg,0,0,0,118.51939392089844,2023-09-29 16:56:39.435000-04:00,631243922681585151,SOUTH_EAST,0.8475654721260071,DAYLIGHT,-73.989306,40.740563
502,nlbx_942a21eadb3841fcf043df10b8830cd7.jpg,0,0,0,261.7854919433594,2023-09-29 10:30:01.020000-04:00,631243951128134655,WEST,0.7586783170700073,DAYLIGHT,-73.977229,40.640516
503,nlbx_272a2c5a1f881d9ee1600a8ea51e687c.jpg,1,1,1,195.5174102783203,2023-09-29 17:03:08.892000-04:00,631243922030015487,SOUTH,0.718291699886322,DAYLIGHT,-73.932142,40.812037
504,nlbx_c29a1a6236d2562de056aef16279ac1d.jpg,0,0,0,341.5,2023-09-29 08:36:42.639000-04:00,631243923125994495,NORTH,0.8149916529655457,DAYLIGHT,-73.785695,40.730099
505,nlbx_bcde4471724921ca6c74f5a8419ac972.jpg,0,0,0,312.25,2023-09-29 22:43:46.988000-04:00,631243921982852095,NORTH_WEST,0.8024576902389526,NIGHTTIME,-73.929871,40.829889
506,nlbx_d361ada55a7437e6947e9bf87b2abeba.jpg,0,0,0,168.625,2023-09-29 17:36:03.382000-04:00,631243922539187199,SOUTH,0.8845568895339966,DAYLIGHT,-73.837397,40.661008
507,nlbx_4e350176c17ccb80a4c16d08363a4110.jpg,1,1,1,164.875,2023-09-29 11:00:08.014000-04:00,631243923145376767,SOUTH,0.8243887424468994,DAYLIGHT,-73.761494,40.708376
508,nlbx_5b53d41dddd286eb9428dc5d5d7a7926.jpg,0,0,0,28.820125579833984,2023-09-29 15:39:13.613000-04:00,631243922680924671,NORTH_EAST,0.7538855075836182,DAYLIGHT,-73.98627,40.740214
509,nlbx_789bc5e59e577dbdf08c74a453648fef.jpg,1,1,1,42.33182144165039,2023-09-29 10:47:44.276000-04:00,631243949916866559,NORTH_EAST,0.6610633134841919,DAYLIGHT,-74.012393,40.679636
510,nlbx_e49cfbd3fdb3da83ec6e94c6dd5306d8.jpg,0,0,0,82.87630462646484,2023-09-29 14:31:19.893000-04:00,631243935097882623,EAST,0.9720160365104676,DAYLIGHT,-73.804727,40.665095
511,nlbx_3003ea9d12f164bf890d2df21aa574aa.jpg,0,0,0,204.5,2023-09-29 12:12:36.850000-04:00,631243949974167039,SOUTH_WEST,0.7836288213729858,DAYLIGHT,-74.002331,40.734452
512,nlbx_2450030c50aef4792f1c279a6cd94014.jpg,0,0,0,259.5,2023-09-29 07:52:18.767000-04:00,631243923207657471,WEST,0.8318277597427368,DAYLIGHT,-73.894431,40.756767
513,nlbx_d70a3a982ceb943c2db271658ab72f6a.jpg,0,1,0,217.5,2023-09-29 09:33:09.504000-04:00,631243950309348351,SOUTH_WEST,0.8788812756538391,DAYLIGHT,-73.987056,40.598056
514,nlbx_635c0cb3d207b997a34794965deda798.jpg,0,0,0,49.58880615234375,2023-09-29 11:52:53.599000-04:00,631243950884342271,NORTH_EAST,0.8399285078048706,DAYLIGHT,-73.935571,40.618246
515,nlbx_a1f53405eaa3f7dd4abccf41acfd5867.jpg,0,1,0,293.75,2023-09-29 13:01:37.162000-04:00,631243934998628863,NORTH_WEST,0.796444833278656,DAYLIGHT,-73.781346,40.646674
516,nlbx_60f0d93deb04c160f7d80f55f4afb6f6.jpg,0,0,0,68.8126449584961,2023-09-29 17:55:24.214000-04:00,631243922476489727,EAST,0.721016526222229,DAYLIGHT,-73.850806,40.734153
517,nlbx_fedd8d0d496616c44b719e52b782c72b.jpg,0,0,0,48.1875,2023-09-29 12:43:04.426000-04:00,631243921864088575,NORTH_EAST,0.8085291981697083,DAYLIGHT,-73.924753,40.876234
518,nlbx_072704874c920879a1b8281d3699ee2e.jpg,0,0,0,28.39388084411621,2023-09-29 09:12:33.301000-04:00,631243921462506495,NORTH_EAST,0.6456903219223022,DAYLIGHT,-73.96651,40.770318
519,nlbx_981ac4b7f85caec346a5cce90b1b61be.jpg,0,0,0,61.6427417584561,2023-09-29 09:31:31.655000-04:00,631243922801912319,NORTH_EAST,0.8080186247825623,DAYLIGHT,-73.925294,40.66599
520,nlbx_26b84a1b65516da60f034696ff3b9ddc.jpg,1,1,1,195.125,2023-09-29 17:08:03.856000-04:00,631243919444980223,SOUTH,0.7815165519714355,DAYLIGHT,-73.837152,40.844869
521,nlbx_cbd47f4c70f044f87d6519c484485418.jpg,0,0,0,211.5547637939453,2023-09-29 07:49:09.435000-04:00,631243921500774911,SOUTH_WEST,0.8020533919334412,DAYLIGHT,-73.98202,40.77301
522,nlbx_4360de0fd8b43db5e81c1a19d06eb1e6.jpg,0,0,0,9.357356071472168,2023-09-29 16:48:20.431000-04:00,631243950860050943,NORTH,0.6367585062980652,DAYLIGHT,-73.897263,40.611176
523,nlbx_2e082660446c6ae57509cb7240cb62f2.jpg,0,1,0,118.89432525634766,2023-09-29 09:52:35.376000-04:00,631243922651847679,SOUTH_EAST,0.902260720729828,DAYLIGHT,-73.973374,40.74373
524,nlbx_3e51732c49c80c493cc6d292b55614c4.jpg,0,0,0,298.9072265625,2023-09-29 17:33:23.083000-04:00,631243922652906495,NORTH_WEST,0.664870023727417,DAYLIGHT,-73.971612,40.747096
525,nlbx_536e44d0dbee41ba707a8a88d37bd358.jpg,0,1,0,70.0625,2023-09-29 13:27:02.521000-04:00,631243935108322303,EAST,0.6717498302459717,DAYLIGHT,-73.807193,40.680536
526,nlbx_0b1a8e5ed67029afe8fc53368f4c32db.jpg,0,0,0,187.7510223388672,2023-09-29 08:01:40.178000-04:00,631243949960857087,SOUTH,0.707659900188446,DAYLIGHT,-74.006233,40.723017
527,nlbx_7f788cc8e96b3461c74a6dc4e91c801f.jpg,1,1,1,209.0,2023-09-29 12:39:04.971000-04:00,631243923290865151,SOUTH_WEST,0.8347343802452087,DAYLIGHT,-73.92351,40.793705
528,nlbx_981004e0258ac6bdc43d4ffb81d41a70.jpg,0,1,0,296.25,2023-09-29 08:54:17.734000-04:00,631243922720476159,NORTH_WEST,0.932342767715454,DAYLIGHT,-73.950961,40.755371
529,nlbx_611adf1430d17ecdd4ab3bdc75b5ed72.jpg,1,1,1,213.1443777646032,2023-09-29 14:11:36.582000-04:00,631243944988115455,SOUTH_WEST,0.6177000999450684,DAYLIGHT,-74.192803,40.567891
530,nlbx_08f920b0c71da2e9d99bfd6e72649a55.jpg,0,0,0,42.40625,2023-09-29 08:46:19.562000-04:00,631243921932007423,NORTH_EAST,0.757016658782959,DAYLIGHT,-73.913374,40.885528
531,nlbx_6ad481dda89e6292226ccc0423383ae8.jpg,1,1,1,348.5,2023-09-29 14:56:41.179000-04:00,631243951185729535,NORTH,0.6525835394859314,DAYLIGHT,-73.971911,40.650224
532,nlbx_c0959df259769133ee24cf28c8228af5.jpg,0,0,0,168.375,2023-09-29 15:44:13.290000-04:00,631243922518512127,SOUTH,0.8048540353775024,DAYLIGHT,-73.87168,40.674461
533,nlbx_ecb749e0f69a210de7ef8789f826a12b.jpg,0,0,0,352.0,2023-09-29 17:36:21.682000-04:00,631243922820400639,NORTH,0.7107298374176025,DAYLIGHT,-73.978431,40.688669
534,nlbx_4af27840ab7a9a78bb5905f0b9401127.jpg,1,1,1,167.375,2023-09-29 09:33:57.282000-04:00,631243922969521151,SOUTH,0.9086596369743348,DAYLIGHT,-73.837489,40.739837
535,nlbx_7ccaa49ba713762d53b4bafdea1ae20f.jpg,0,0,0,118.93561553955078,2023-09-29 12:10:29.005000-04:00,631243922686425599,SOUTH_EAST,0.7410396337509155,DAYLIGHT,-74.00223,40.746894
536,nlbx_fff71344dd7e39cff946451199b5e307.jpg,0,0,0,254.78621703599111,2023-09-29 16:27:10.425000-04:00,631243922625669119,WEST,0.84583580493927,DAYLIGHT,-73.871775,40.690258
537,nlbx_65f923b7522016407184d101008b1564.jpg,1,1,1,246.875,2023-09-29 10:46:59.732000-04:00,631243922970028543,SOUTH_WEST,0.8739575147628784,DAYLIGHT,-73.848808,40.747221
538,nlbx_4a7da0a634136f6c54fba9f7f1e3996b.jpg,0,0,0,313.5,2023-09-29 16:25:58.353000-04:00,631243923188438527,NORTH_WEST,0.7607339024543762,DAYLIGHT,-73.908882,40.781537
539,nlbx_9786ca0b76cce90a4710f9caaad28706.jpg,1,1,1,30.203125,2023-09-29 14:12:41.180000-04:00,631243919264983039,NORTH_EAST,0.8413091897964478,DAYLIGHT,-73.809909,40.871609
540,nlbx_7ecd5b20419ca3f5d0a50e77679dc7ce.jpg,0,1,0,20.796875,2023-09-29 09:01:27.336000-04:00,631243945015673343,NORTH,0.7002042531967163,DAYLIGHT,-74.167671,40.588625
541,nlbx_24408c0e48ef93504e8d59e5e0a79d9e.jpg,0,1,0,278.3648986816406,2023-09-29 10:21:07.646000-04:00,631243949967742975,WEST,0.7395128011703491,DAYLIGHT,-74.009498,40.72006
542,nlbx_8367edebce3e2793e8ceb95733e98301.jpg,0,0,0,172.910400390625,2023-09-29 11:15:47.996000-04:00,631243951075518975,SOUTH,0.7518465518951416,DAYLIGHT,-73.932769,40.593354
543,nlbx_b2dbb0f3496266b354451b8d0ea67916.jpg,0,1,0,85.2327651977539,2023-09-29 09:41:36.425000-04:00,631243934997489151,EAST,0.8192870616912842,DAYLIGHT,-73.787458,40.644609
544,nlbx_b7271f04c6413a9fa7e1f6c3a6124613.jpg,0,0,0,87.375,2023-09-29 12:24:07.416000-04:00,631243919477572607,EAST,0.7956424951553345,DAYLIGHT,-73.86633,40.856818
545,nlbx_ada676719c72762d7bfacd2004cce8b3.jpg,1,1,1,257.5007654389139,2023-09-29 14:45:42.875000-04:00,631243919347345407,WEST,0.859686553478241,DAYLIGHT,-73.787092,40.789314
546,nlbx_da04584afe20d7f449d5aadc85a49696.jpg,0,0,0,284.96319580078125,2023-09-29 11:44:54.958000-04:00,631243951211924991,WEST,0.7653582692146301,DAYLIGHT,-74.009479,40.675123
547,nlbx_12d95a7b695fd858e007a77d8814014a.jpg,1,1,1,328.5,2023-09-29 08:32:51.194000-04:00,631243949912829439,NORTH_WEST,0.8690465688705444,DAYLIGHT,-74.003203,40.679446
548,nlbx_38cd44a291a27a4fb286c4aa58531aa5.jpg,1,1,1,160.625,2023-09-29 11:53:07.222000-04:00,631243934828508671,SOUTH,0.7824491262435913,DAYLIGHT,-73.726944,40.658154
549,nlbx_86e9287c51881608686790cd2a014d3c.jpg,0,0,0,160.125,2023-09-29 15:15:54.238000-04:00,631243922591454719,SOUTH,0.8804361820220947,DAYLIGHT,-73.83795,40.690155
550,nlbx_c111baf147112d90591aca78fe3f3c84.jpg,1,1,1,172.2254180908203,2023-09-29 09:29:29.917000-04:00,631243923213454335,SOUTH,0.7970815896987915,DAYLIGHT,-73.88594,40.772163
551,nlbx_fea695e6bbd47b39d1f5d546ff33a21a.jpg,0,0,0,22.484375,2023-09-29 11:52:17.414000-04:00,631243922683087359,NORTH,0.8169480562210083,DAYLIGHT,-73.981305,40.732782
552,nlbx_b9f173ef4ed66a8777fa3d09eea74b76.jpg,0,1,0,29.18678855895996,2023-09-29 08:25:40.470000-04:00,631243922754253311,NORTH_EAST,0.7706576585769653,DAYLIGHT,-73.979617,40.752327
553,nlbx_ca0d51be6d1f97394cc8e7559bbad199.jpg,0,0,0,174.0,2023-09-29 10:19:05.875000-04:00,631243922788899327,SOUTH,0.6702086925506592,DAYLIGHT,-73.943497,40.68128
554,nlbx_1ce9917f685ef353686816d8992fdd22.jpg,0,1,0,67.6875,2023-09-29 13:03:30.768000-04:00,631243919454143999,EAST,0.7010269165039062,DAYLIGHT,-73.82901,40.85617
555,nlbx_b1484abcd0a77c4f2d665285322d666f.jpg,0,0,0,189.375,2023-09-29 12:39:25.205000-04:00,631243922738407423,SOUTH,0.8414709568023682,DAYLIGHT,-73.933215,40.741753
556,nlbx_e10db8bd4986906b3773c20f1a5bc566.jpg,0,0,0,329.75,2023-09-29 16:36:57.207000-04:00,631243923078029823,NORTH_WEST,0.825025200843811,DAYLIGHT,-73.778473,40.690826
557,nlbx_6fe632033475e04ceb4651295ed65820.jpg,0,1,0,289.38970947265625,2023-09-29 08:15:44.001000-04:00,631243950651811839,WEST,0.8655890226364136,DAYLIGHT,-74.021758,40.604646
558,nlbx_54d370e48f7f2470ea346a8afa99be1b.jpg,0,0,0,287.4518561631506,2023-09-29 22:17:58.205000-04:00,631243922683217919,WEST,0.7932502627372742,NIGHTTIME,-73.989239,40.734159
559,nlbx_9a23948d7b5a75c0ff10ee3236edf5a3.jpg,0,0,0,146.875,2023-09-29 17:02:52.162000-04:00,631243935001950719,SOUTH_EAST,0.754656195640564,DAYLIGHT,-73.804048,40.64917
560,nlbx_ed306770569c70454e5ce29d36025f10.jpg,0,0,0,236.55911170953576,2023-09-29 11:27:30.307000-04:00,631243949418537471,SOUTH_WEST,0.8332817554473877,DAYLIGHT,-74.073471,40.643788
561,nlbx_082c74a98fee0f1d57995be530795f83.jpg,0,0,0,300.0,2023-09-29 09:36:43.018000-04:00,631243922388194303,NORTH_WEST,0.7074918746948242,DAYLIGHT,-73.869761,40.733511
562,nlbx_ba9b0f80353c3368dcc0be5d7fad386b.jpg,0,0,0,278.75,2023-09-29 15:11:36.126000-04:00,631243922069019135,WEST,0.8440927267074585,DAYLIGHT,-73.879172,40.840144
563,nlbx_ee50201266f13123e726a094ef187303.jpg,0,1,0,340.5814819335937,2023-09-29 15:13:10.347000-04:00,631243935109427711,NORTH,0.8707478046417236,DAYLIGHT,-73.80749,40.68322
564,nlbx_345203968df18eee30dc873f22d863dc.jpg,0,1,0,336.449288203514,2023-09-29 09:53:16.109000-04:00,631243949978097151,NORTH_WEST,0.7518179416656494,DAYLIGHT,-73.988315,40.70313
565,nlbx_f8d79fe059864bf4dc948ea58ad5f428.jpg,0,0,0,241.20684814453125,2023-09-29 13:49:15.633000-04:00,631243922603025407,SOUTH_WEST,0.8590630888938904,DAYLIGHT,-73.843921,40.66522
566,nlbx_eae917a537b77fe9973b3b82f9ef2368.jpg,1,1,1,335.52252197265625,2023-09-29 13:50:40.020000-04:00,631243923138301439,NORTH_WEST,0.7272570133209229,DAYLIGHT,-73.791512,40.713223
567,nlbx_7eef80fa7b6b89bb3d1955857ed21b28.jpg,0,1,0,278.0,2023-09-29 10:47:48.361000-04:00,631243950650977791,WEST,0.6521390080451965,DAYLIGHT,-74.028251,40.604842
568,nlbx_1bc735e062b87decb463a3137be8e1ba.jpg,0,0,0,299.5,2023-09-29 10:29:31.148000-04:00,631243922685349375,NORTH_WEST,0.8824867606163025,DAYLIGHT,-74.001977,40.743563
569,nlbx_75c8116144e2de855af0652ad76d2201.jpg,0,0,0,104.36939496851627,2023-09-29 11:45:24.037000-04:00,631243922599884287,EAST,0.9162643551826476,DAYLIGHT,-73.83109,40.665344
570,nlbx_1e0450f60d7aca3117d5464bab68f3a8.jpg,0,1,0,274.96588134765625,2023-09-29 16:27:15.754000-04:00,631243934840968191,WEST,0.8704960346221924,DAYLIGHT,-73.729353,40.665527
571,nlbx_4c8c294761879b04c05232f949e1f88f.jpg,0,1,0,209.7186279296875,2023-09-29 13:19:17.036000-04:00,631243922480685567,SOUTH_WEST,0.6367819309234619,DAYLIGHT,-73.895104,40.744071
572,nlbx_5a1ea795cf78265a4a4b33996e2ba610.jpg,0,1,0,58.187874131587535,2023-09-29 09:33:28.236000-04:00,631243934672495615,NORTH_EAST,0.710774302482605,DAYLIGHT,-73.816583,40.586014
573,nlbx_8a7ba9ff4483de02cf9ccd22ae427118.jpg,0,0,0,100.25,2023-09-29 08:36:45.524000-04:00,631243949961197055,EAST,0.806412935256958,DAYLIGHT,-74.005902,40.720372
574,nlbx_af63286ebb52426b0bd35a87c137ecd3.jpg,1,1,1,242.8343505859375,2023-09-29 18:05:17.550000-04:00,631243951186073599,SOUTH_WEST,0.856415331363678,DAYLIGHT,-73.971019,40.648371
575,nlbx_28cca102b42b86fda5735c3ba8cde07f.jpg,1,1,1,141.16090393066406,2023-09-29 08:26:11.835000-04:00,631243950896745471,SOUTH_EAST,0.7143832445144653,DAYLIGHT,-73.93752,40.623238
576,nlbx_23364bdd85858cb90df4fbee7aca70e0.jpg,0,0,0,197.375,2023-09-29 09:13:58.333000-04:00,631243921997775359,SOUTH,0.7213661670684814,DAYLIGHT,-73.914718,40.818745
577,nlbx_db6e4d826df80beefe65da85ad907482.jpg,1,1,1,188.75,2023-09-29 12:26:28.794000-04:00,631243921937422847,SOUTH,0.7437177896499634,DAYLIGHT,-73.887467,40.890261
578,nlbx_b1197ed18c1b0ff6d7a2471060923f7e.jpg,0,0,0,205.92459106445312,2023-09-29 20:07:37.318000-04:00,631243950605360639,SOUTH_WEST,0.7914068698883057,NIGHTTIME,-74.091586,40.607967
579,nlbx_69e43ec0c99a31f9bc80c78a200ce4a0.jpg,0,0,0,300.75,2023-09-29 15:41:07.103000-04:00,631243922724799487,NORTH_WEST,0.7335188984870911,DAYLIGHT,-73.930604,40.759107
580,nlbx_0bab426861579e03fc59508b39b797eb.jpg,0,0,0,278.6991511000377,2023-09-29 17:25:05.336000-04:00,631243935000691711,WEST,0.869231104850769,DAYLIGHT,-73.794974,40.657702
581,nlbx_78d19b6937d917a4293bbbd0718eaef8.jpg,1,1,1,233.125,2023-09-29 08:47:07.947000-04:00,631243923213534207,SOUTH_WEST,0.8194580674171448,DAYLIGHT,-73.883241,40.768704
582,nlbx_15e21a5f87458c161fc34194e4685b10.jpg,0,0,0,69.34745025634766,2023-09-29 16:23:10.866000-04:00,631243923104215551,EAST,0.6992945671081543,DAYLIGHT,-73.831945,40.692864
583,nlbx_3aeceebc08ea189d980a406bf4a0eae8.jpg,0,0,0,287.11260986328125,2023-09-29 14:13:15.228000-04:00,631243923092793343,WEST,0.7141614556312561,DAYLIGHT,-73.827819,40.716549
584,nlbx_7837271e19df7bc0935ce95d52b10920.jpg,1,1,1,217.6097869873047,2023-09-29 16:22:42.232000-04:00,631243922733292543,SOUTH_WEST,0.8072481155395508,DAYLIGHT,-73.922189,40.733112
585,nlbx_6732ef5f75793ae579980b3a9e973fd4.jpg,0,0,0,68.64054107666016,2023-09-29 13:11:32.399000-04:00,631243922387096575,EAST,0.7080898880958557,DAYLIGHT,-73.874228,40.73086
586,nlbx_d4da34fa7224b9b3b5ea677f5968c5ce.jpg,0,0,0,60.59057284103131,2023-09-29 14:25:24.843000-04:00,631243922576263167,NORTH_EAST,0.7041333913803101,DAYLIGHT,-73.885963,40.660391
587,nlbx_7f9f1c6493f814d55ef3fcb8a8de5004.jpg,1,1,1,89.25,2023-09-29 12:18:02.450000-04:00,631243950338132479,EAST,0.7929604649543762,DAYLIGHT,-74.000271,40.595707
588,nlbx_47a6af70f54ebeed0dc61e54e44b0080.jpg,0,0,0,223.9190768499484,2023-09-29 11:31:37.868000-04:00,631243921859859967,SOUTH_WEST,0.7709708213806152,DAYLIGHT,-73.91254,40.872581
589,nlbx_84f2ad70125f3cd73e0f209e5aeaa182.jpg,0,1,0,106.1875,2023-09-29 07:38:55.510000-04:00,631243920708857343,EAST,0.6450154781341553,DAYLIGHT,-73.729159,40.708708
590,nlbx_e8d0bf8e64b12f9c607ac5080d2a32d1.jpg,1,1,1,345.5,2023-09-29 13:26:41.417000-04:00,631243934828387327,NORTH,0.7683728933334351,DAYLIGHT,-73.726753,40.657659
591,nlbx_14caa81a68540d08ef478819554e226c.jpg,0,0,0,31.35926423494085,2023-09-29 09:06:28.528000-04:00,631243922753144319,NORTH_EAST,0.7050431966781616,DAYLIGHT,-73.982298,40.767487
592,nlbx_fb70759e43f4a487b78db0f33a3518bb.jpg,1,1,1,317.751220703125,2023-09-29 09:00:15.263000-04:00,631243922741061119,NORTH_WEST,0.8662412166595459,DAYLIGHT,-73.920595,40.751712
593,nlbx_354d6ec26b0b4ece40415c019761a986.jpg,0,0,0,33.375,2023-09-29 14:26:18.827000-04:00,631243922622529023,NORTH_EAST,0.7065798044204712,DAYLIGHT,-73.875722,40.695245
594,nlbx_f7482654a80feafd2a6e137e5c3bb29d.jpg,0,0,0,95.125,2023-09-29 15:54:19.297000-04:00,631243922666822143,EAST,0.6398781538009644,DAYLIGHT,-73.939815,40.714638
595,nlbx_55446091d71beb4e4fd9298a1b42ba68.jpg,0,0,0,342.83453369140625,2023-09-29 17:27:04.751000-04:00,631243919649201151,NORTH,0.7344300150871277,DAYLIGHT,-73.818227,40.824539
596,nlbx_a1e1061dfd355bf47199d937ed14f119.jpg,1,1,1,348.18719482421875,2023-09-29 12:19:48.307000-04:00,631243945012849663,NORTH,0.8170171976089478,DAYLIGHT,-74.163468,40.593213
597,nlbx_5b9e2aec92ea4f6c9ab7fab6cc1a25da.jpg,0,0,0,29.4375,2023-09-29 13:07:02.918000-04:00,631243922683991551,NORTH_EAST,0.8935989737510681,DAYLIGHT,-73.980745,40.733816
598,nlbx_9adb296ea058e8ec9cbd3a3b6beda8bc.jpg,0,0,0,284.17559814453125,2023-09-29 17:51:19.682000-04:00,631243922657649663,WEST,0.7487874031066895,DAYLIGHT,-73.946172,40.741056
599,nlbx_de67c64d66a77f364f3c0041060ed846.jpg,0,0,0,35.46875,2023-09-29 13:48:20.521000-04:00,631243919512133119,NORTH_EAST,1.0,DAYLIGHT,-73.823923,40.865823
600,nlbx_d10c34d945aa7265a1d75dfd4a663549.jpg,0,1,0,292.945556640625,2023-09-29 10:24:33.753000-04:00,631243919426219007,NORTH_WEST,0.725670337677002,DAYLIGHT,-73.854197,40.873481
601,nlbx_227885de9e8bdf2ebb2f95802c8f64eb.jpg,1,1,1,342.25,2023-09-29 12:07:00.638000-04:00,631243921467770367,NORTH,0.7424798607826233,DAYLIGHT,-73.942957,40.778265
602,nlbx_f54bef0a5768847d50bb2370b2f51e7e.jpg,1,1,1,346.9559326171875,2023-09-29 10:19:22.761000-04:00,631243951185729535,NORTH,0.8133596181869507,DAYLIGHT,-73.971915,40.65013
603,nlbx_9e46eb60ef1316ef1c1bc4708e2c31de.jpg,0,0,0,208.80137634277344,2023-09-29 17:50:03.772000-04:00,631243921469783039,SOUTH_WEST,0.7245446443557739,DAYLIGHT,-73.957006,40.786206
604,nlbx_91f69fc2cb76d53ece59217479acb4e2.jpg,0,0,0,208.18821716308597,2023-09-29 16:32:59.517000-04:00,631243949854188031,SOUTH_WEST,0.8096170425415039,DAYLIGHT,-73.994868,40.755379
605,nlbx_29c9df989c832bfd876505cb9e41e171.jpg,0,0,0,265.2741394042969,2023-09-29 13:11:09.432000-04:00,631243950845963263,WEST,0.9638045430183412,DAYLIGHT,-73.931803,40.639629
606,nlbx_ee78d600361c387cf976ead2480c4ba8.jpg,0,0,0,120.375,2023-09-29 10:10:53.285000-04:00,631243921517349887,SOUTH_EAST,0.8136261701583862,DAYLIGHT,-73.952155,40.813916
607,nlbx_0c4f3c6d0fb543b2ead90e324a8686da.jpg,1,1,1,184.25,2023-09-29 07:54:34.167000-04:00,631243934827289599,SOUTH,0.84793621301651,DAYLIGHT,-73.729601,40.655756
608,nlbx_680ff170956a9fa03ceced03191650e6.jpg,0,1,0,351.25,2023-09-29 14:51:19.159000-04:00,631243920555208191,NORTH,0.8078572750091553,DAYLIGHT,-73.773175,40.735223
609,nlbx_178b440f20cade9d8ab115a8cdfded90.jpg,1,1,1,25.734375,2023-09-29 09:57:34.616000-04:00,631243923293892095,NORTH_EAST,0.8857618570327759,DAYLIGHT,-73.907693,40.803597
610,nlbx_b1224fad4d7bdfad30ba9aa1d31c1d06.jpg,0,0,0,150.875,2023-09-29 13:40:43.244000-04:00,631243949912952319,SOUTH_EAST,0.7955242991447449,DAYLIGHT,-74.001436,40.676088
611,nlbx_3c365d3fa4a976f4b3024a57e0615cab.jpg,0,0,0,122.6334792012041,2023-09-29 17:12:21.149000-04:00,631243949902306303,SOUTH_EAST,0.6761391162872314,DAYLIGHT,-74.009769,40.708816
612,nlbx_3ef49aa2fdabda10a2d6dbb6558106a3.jpg,0,0,0,170.45982360839844,2023-09-29 14:53:52.054000-04:00,631243919663845887,SOUTH,0.8872827291488647,DAYLIGHT,-73.85124,40.832773
613,nlbx_3610f5598def66cf6b0d0d2bd5f69134.jpg,0,1,0,284.5,2023-09-29 08:01:06.905000-04:00,631243922039985151,WEST,0.808793842792511,DAYLIGHT,-73.931808,40.828255
614,nlbx_7cf814268ce74e03c5bfb0792466baa6.jpg,0,1,0,0.0,2023-09-29 10:00:47.480000-04:00,631243922046460415,UNKNOWN_HEADING,0.8004025816917419,DAYLIGHT,-73.895736,40.847558
615,nlbx_41919805fe53e5f42bc493eb4ba5079e.jpg,0,0,0,260.2311706542969,2023-09-29 13:13:08.359000-04:00,631243945485346815,WEST,0.6982985138893127,DAYLIGHT,-74.127634,40.608899
616,nlbx_75f0da1a5df3aa43901572a1a5031c3e.jpg,0,0,0,91.18896484375,2023-09-29 09:41:39.919000-04:00,631243949894653439,EAST,0.7908896803855896,DAYLIGHT,-74.012529,40.703581
617,nlbx_223e42b2c00dd3d45bc8d979b41d559d.jpg,0,0,0,114.3125,2023-09-29 17:05:11.978000-04:00,631243923242625535,SOUTH_EAST,0.6821879148483276,DAYLIGHT,-73.905488,40.767958
618,nlbx_b2f8cf6f3e05935f0a20d3cd5c3ceea8.jpg,0,0,0,308.8667907714844,2023-09-29 15:58:51.393000-04:00,631243950409332223,NORTH_WEST,0.739621639251709,DAYLIGHT,-74.000695,40.620859
619,nlbx_f3c6e6e0422b3a8c08207f834eaaa310.jpg,1,1,1,351.5,2023-09-29 12:48:02.649000-04:00,631243922828898815,NORTH,0.8380306959152222,DAYLIGHT,-73.96931,40.695599
620,nlbx_eb6eb7a0e2a03c98627a4f0a3efa7ea4.jpg,0,0,0,262.118408203125,2023-09-29 12:20:09.543000-04:00,631243923207062015,WEST,0.8455935716629028,DAYLIGHT,-73.892976,40.75692
621,nlbx_353a9abc4d3ae97ddd48627cc80f0fb5.jpg,0,0,0,344.75,2023-09-29 17:30:58.607000-04:00,631243919493504511,NORTH,0.9567715525627136,DAYLIGHT,-73.848836,40.89394
622,nlbx_cddfe09deac80597c1d4a51d8c15e147.jpg,0,0,0,297.25,2023-09-29 08:18:27.642000-04:00,631243922468301823,NORTH_WEST,0.789150595664978,DAYLIGHT,-73.864897,40.731121
623,nlbx_f3a61ccc52b447c9f548784036066b1d.jpg,0,0,0,81.8083724975586,2023-09-29 14:19:35.119000-04:00,631243950866615807,EAST,0.8507457971572876,DAYLIGHT,-73.950581,40.628808
624,nlbx_c183826de52900fdf96c01b22ceb4f05.jpg,0,0,0,287.54131423435456,2023-09-29 10:19:09.812000-04:00,631243919459553791,WEST,0.8643671274185181,DAYLIGHT,-73.887748,40.874997
625,nlbx_e51732c3dab19ccd859f38a6795b65cb.jpg,1,1,1,220.7594945835472,2023-09-29 12:54:01.291000-04:00,631243922733292543,SOUTH_WEST,0.9483234286308287,DAYLIGHT,-73.922251,40.733063
626,nlbx_f7d87967cdd68c1ec22cd3838d9fcda2.jpg,0,0,0,117.625,2023-09-29 13:33:43.455000-04:00,631243949784614399,SOUTH_EAST,0.6585415601730347,DAYLIGHT,-74.005251,40.744173
627,nlbx_1a0dced1c1a3376d35f78aa594652ea9.jpg,0,0,0,120.8125,2023-09-29 15:01:07.817000-04:00,631243922465837567,SOUTH_EAST,0.7518073320388794,DAYLIGHT,-73.847535,40.722966
628,nlbx_e39245deca3089599e251146d1ced8dd.jpg,0,0,0,300.0,2023-09-29 12:41:48.508000-04:00,631243921442031103,NORTH_WEST,0.8116112947463989,DAYLIGHT,-73.975721,40.787989
629,nlbx_4b10b4fddb71389eb0da3647029f7b28.jpg,0,0,0,61.4375,2023-09-29 15:46:08.597000-04:00,631243922389238783,NORTH_EAST,0.9036116003990172,DAYLIGHT,-73.869702,40.723393
630,nlbx_521a7c35c08ea3d082beb3550352e78e.jpg,0,0,0,25.984375,2023-09-29 10:54:55.034000-04:00,631243922453784575,NORTH_EAST,0.8111945986747742,DAYLIGHT,-73.879383,40.743602
631,nlbx_b75463d63745abd588ea4c605a0abe9b.jpg,0,0,0,273.25,2023-09-29 15:15:10.376000-04:00,631243935042918399,WEST,0.8152128458023071,DAYLIGHT,-73.822742,40.664992
632,nlbx_d8ea70513fb3d7f445ac68ae87a46521.jpg,0,0,0,303.75,2023-09-29 11:13:21.185000-04:00,631243951170553343,NORTH_WEST,0.8840152025222778,DAYLIGHT,-73.981002,40.659855
633,nlbx_4107d70e30b3b148630c14d6581fbc76.jpg,0,1,0,357.75,2023-09-29 13:29:36.204000-04:00,631243922070485503,NORTH,0.7815569639205933,DAYLIGHT,-73.873909,40.834219
634,nlbx_b7382aa4031991b10560ee3cfbebfbdb.jpg,0,0,0,24.0625,2023-09-29 16:08:59.679000-04:00,631243921987064831,NORTH_EAST,0.7987890839576721,DAYLIGHT,-73.910252,40.833024
635,nlbx_e634d9b274ba5b69168d2b64af65e69f.jpg,1,1,1,81.38058471679688,2023-09-29 08:55:57.321000-04:00,631243949982524415,EAST,0.7497929334640503,DAYLIGHT,-73.993795,40.709538
636,nlbx_32227972eca9e7182725a2537c6a9be4.jpg,0,0,0,268.613037109375,2023-09-29 12:25:08.337000-04:00,631243922743703551,WEST,0.7957201600074768,DAYLIGHT,-73.930987,40.751997
637,nlbx_5a27ffdd6e98a825003fab73695bcdfe.jpg,0,0,0,25.002788092105764,2023-09-29 16:20:56.636000-04:00,631243922692270591,NORTH_EAST,0.7072833776473999,DAYLIGHT,-73.973709,40.743511
638,nlbx_ef05fed654b3ab188f31604084267aee.jpg,1,1,1,198.12652587890625,2023-09-29 16:43:35.570000-04:00,631243950666706431,SOUTH,0.8361842036247253,DAYLIGHT,-74.074245,40.632599
639,nlbx_2ace2bf97fd92cb94c11ed599a2ad17c.jpg,1,1,1,164.31752014160156,2023-09-29 09:45:30.275000-04:00,631243922083785727,SOUTH,0.8059214353561401,DAYLIGHT,-73.943853,40.845518
640,nlbx_4e075811faa2fabdfb901d31d0449551.jpg,1,1,1,308.7345886230469,2023-09-29 08:13:56.567000-04:00,631243951131675647,NORTH_WEST,0.7926636338233948,DAYLIGHT,-73.984732,40.642358
641,nlbx_58c55736bcf90960e875f764f25b8d7f.jpg,0,1,0,283.91168212890625,2023-09-29 10:52:48.082000-04:00,631243950651381247,WEST,0.8658807873725891,DAYLIGHT,-74.022299,40.604764
642,nlbx_416e92099e5620bdf5e442f94d92a4ca.jpg,0,1,0,16.761371612548828,2023-09-29 11:47:15.711000-04:00,631243921981854207,NORTH,0.6611310243606567,DAYLIGHT,-73.927428,40.842127
643,nlbx_40b8cda1fb3754b64f2777cc903c031e.jpg,1,1,1,15.59375,2023-09-29 14:14:14.964000-04:00,631243922416815103,NORTH,0.7017887830734253,DAYLIGHT,-73.92037,40.72663
644,nlbx_edcd2dcb41acb434c49ab4a5521c1821.jpg,0,1,0,205.4452209472656,2023-09-29 10:16:10.509000-04:00,631243922714280447,SOUTH_WEST,0.7798406481742859,DAYLIGHT,-73.941954,40.762827
645,nlbx_bb98fff39931f405e802e3b3a5c2790e.jpg,1,1,1,112.625,2023-09-29 09:45:27.916000-04:00,631243923214067199,SOUTH_EAST,0.8613867163658142,DAYLIGHT,-73.888605,40.768843
646,nlbx_237aad4bfe744219e93f077f168f546e.jpg,0,0,0,127.3645417218903,2023-09-29 11:15:29.297000-04:00,631243922733453823,SOUTH_EAST,0.7767993211746216,DAYLIGHT,-73.920766,40.732782
647,nlbx_3525a3b12afb47aec2e63a6eab49eab8.jpg,0,0,0,188.06207275390625,2023-09-29 15:26:48.556000-04:00,631243949964810751,SOUTH,0.8312206268310547,DAYLIGHT,-74.009623,40.722958
648,nlbx_087af44fe8e9520e6eccf60a3a7727b4.jpg,0,0,0,242.875,2023-09-29 17:33:53.403000-04:00,631243934997573119,SOUTH_WEST,0.6423367857933044,DAYLIGHT,-73.784388,40.645531
649,nlbx_754c4e6cda8951b56ecec474e143e22d.jpg,0,0,0,208.8775177001953,2023-09-29 12:00:40.659000-04:00,631243949852470783,SOUTH_WEST,0.756397008895874,DAYLIGHT,-73.992257,40.769104
650,nlbx_9bc63bce22516b0048d9844109ba4957.jpg,0,0,0,239.664794921875,2023-09-29 12:45:41.218000-04:00,631243923213517311,SOUTH_WEST,0.6750695705413818,DAYLIGHT,-73.883609,40.768542
651,nlbx_4568c283a7e937556901cf970f576ae3.jpg,1,1,1,159.78416442871094,2023-09-29 14:18:33.164000-04:00,631243923147517439,SOUTH,0.8594278693199158,DAYLIGHT,-73.774941,40.717913
652,nlbx_7a4a75a2af455ec578dded658b580e08.jpg,1,1,1,26.84375,2023-09-29 09:13:59.449000-04:00,631243922719566847,NORTH_EAST,0.7363190054893494,DAYLIGHT,-73.95061,40.766717
653,nlbx_8555f3fe6794ef6a1b1468ff81b223ab.jpg,1,1,1,96.18006134033205,2023-09-29 10:14:11.398000-04:00,631243922071824383,EAST,0.7714256644248962,DAYLIGHT,-73.872264,40.835879
654,nlbx_9c5e02e60b85cbe00235460de017d240.jpg,0,0,0,216.90899658203125,2023-09-29 17:59:07.043000-04:00,631243922859482111,SOUTH_WEST,0.8473870754241943,DAYLIGHT,-73.920156,40.703368
655,nlbx_18ad8fc0bce9e9cabe8626f02acd930c.jpg,0,0,0,254.0498046875,2023-09-29 16:58:37.313000-04:00,631243949893659135,WEST,0.8138442039489746,DAYLIGHT,-74.012617,40.701368
656,nlbx_293481a54f907dd207e7a8dc62c32a9e.jpg,0,0,0,92.65748596191406,2023-09-29 13:29:05.112000-04:00,631243922827586047,EAST,0.9072329998016356,DAYLIGHT,-73.97368,40.695938
657,nlbx_b0f814dae71abb8310d24c60b4a21e75.jpg,0,0,0,121.42926788330078,2023-09-29 13:56:42.194000-04:00,631243922724803071,SOUTH_EAST,0.7894836664199829,DAYLIGHT,-73.930392,40.759008
658,nlbx_1eca7af5ce907443060429428fdd3799.jpg,0,0,0,182.690744568436,2023-09-29 10:46:47.945000-04:00,631243922972297215,SOUTH,0.8871302604675293,DAYLIGHT,-73.846434,40.741841
659,nlbx_8e02a58119a06356e21e084a7e5e821b.jpg,0,0,0,132.62826538085938,2023-09-29 09:21:29.465000-04:00,631243923221042175,SOUTH_EAST,0.8571606278419495,DAYLIGHT,-73.920181,40.772369
660,nlbx_6132d8d710e7c1650e5ae258e290a1d0.jpg,1,1,1,168.375,2023-09-29 10:56:37.599000-04:00,631243919600666623,SOUTH,0.901827037334442,DAYLIGHT,-73.88084,40.811226
661,nlbx_b062244899714fd26b241c5c851ab26d.jpg,0,0,0,305.0,2023-09-29 16:03:14.310000-04:00,631243922491251711,NORTH_WEST,0.7960647344589233,DAYLIGHT,-73.882552,40.742743
662,nlbx_512831f7130daef1d5b923386d5014b6.jpg,0,1,0,342.90191650390625,2023-09-29 08:21:35.072000-04:00,631243922921172479,NORTH,0.6813822388648987,DAYLIGHT,-73.831065,40.768551
663,nlbx_47b496c672d1bc30633fb42319328760.jpg,0,1,0,309.1473999023437,2023-09-29 13:13:43.800000-04:00,631243923246902271,NORTH_WEST,0.680335283279419,DAYLIGHT,-73.917426,40.770948
664,nlbx_25a87f1000d87f2a42102366f8a625f7.jpg,0,1,0,42.82018661499024,2023-09-29 08:09:29.651000-04:00,631243935099167743,NORTH_EAST,0.8396154046058655,DAYLIGHT,-73.79895,40.663748
665,nlbx_ac91025d3276853dab2586c7a44cef14.jpg,0,0,0,231.68413531793703,2023-09-29 09:27:02.909000-04:00,631243922952309759,SOUTH_WEST,0.8494052290916443,DAYLIGHT,-73.847369,40.759945
666,nlbx_f818bbc010e76ce658902939e2318111.jpg,1,1,1,213.5,2023-09-29 09:04:40.149000-04:00,631243922721838591,SOUTH_WEST,0.7756366729736328,DAYLIGHT,-73.948561,40.755153
667,nlbx_546a06bcf9747f3f5868098d88b17141.jpg,1,1,1,79.9375,2023-09-29 11:24:20.192000-04:00,631243950351883775,EAST,0.874649167060852,DAYLIGHT,-74.000571,40.577198
668,nlbx_a1ff16e53dd3e37140cff6c8c4cf6f73.jpg,0,0,0,9.25,2023-09-29 12:40:19.426000-04:00,631243922083548159,NORTH,0.8548380136489868,DAYLIGHT,-73.943267,40.849674
669,nlbx_b81f507bcb6e093f84284e2f998b8326.jpg,0,1,0,153.69529681223275,2023-09-29 10:33:09.911000-04:00,631243934997506559,SOUTH_EAST,0.788849949836731,DAYLIGHT,-73.786846,40.645024
670,nlbx_98e4de4793adaf789a3d52eee4f88370.jpg,1,1,1,353.25,2023-09-29 09:24:06.449000-04:00,631243923289478655,NORTH,0.8013999462127686,DAYLIGHT,-73.930149,40.802512
671,nlbx_06e64e0d1f2efab2bdee84ce57534ef8.jpg,1,1,1,208.0,2023-09-29 10:06:53.791000-04:00,631243922727294463,SOUTH_WEST,0.7651280164718628,DAYLIGHT,-73.949382,40.768388
672,nlbx_d5ee7b5854f2a77221fdf09ce56a9ad9.jpg,0,1,0,333.30157470703125,2023-09-29 15:11:47.713000-04:00,631243919641287167,NORTH_WEST,0.6424082517623901,DAYLIGHT,-73.830378,40.849016
673,nlbx_6c99ca3c46c0c87f0bd0ff432f889529.jpg,0,1,0,74.00015258789062,2023-09-29 13:07:56.445000-04:00,631243920526108159,EAST,0.8352268934249878,DAYLIGHT,-73.721906,40.736367
674,nlbx_caf5dc1c3bf847fa0a741c880b7ac497.jpg,1,1,1,59.17721664543756,2023-09-29 08:55:37.958000-04:00,631243919347254271,NORTH_EAST,0.7921006083488464,DAYLIGHT,-73.789194,40.788538
675,nlbx_5e6366444ea35f479c1b19bd39dd1712.jpg,0,0,0,42.09375,2023-09-29 17:52:55.047000-04:00,631243922689939967,NORTH_EAST,0.8350958824157715,DAYLIGHT,-73.97893,40.744623
676,nlbx_dbd4b4d11a3ebfd7f711fdd3a80cac83.jpg,0,1,0,86.53754479250614,2023-09-29 17:09:57.511000-04:00,631243934997488127,EAST,0.6856814622879028,DAYLIGHT,-73.787349,40.644613
677,nlbx_d2ffd4d3088a2f6c2bba2d455205cb13.jpg,0,1,0,126.6489486694336,2023-09-29 12:17:43.788000-04:00,631243922879081983,SOUTH_EAST,0.7401914596557617,DAYLIGHT,-73.908826,40.695848
678,nlbx_2a6f6b4d63fd30fd35aa68052b862eae.jpg,1,1,1,258.01746262127864,2023-09-29 10:14:37.427000-04:00,631243949982516223,WEST,0.7958242297172546,DAYLIGHT,-73.993317,40.709597
679,nlbx_143dc89288107a6ea9e5c25c96625d11.jpg,0,0,0,80.625,2023-09-29 07:42:14.646000-04:00,631243923202059263,EAST,0.7906618118286133,DAYLIGHT,-73.881068,40.763636
680,nlbx_1c48e7f172198b6f7920d020cf9c8d36.jpg,0,0,0,228.141108110614,2023-09-29 15:28:07.178000-04:00,631243922671059967,SOUTH_WEST,0.7784370183944702,DAYLIGHT,-73.950428,40.716327
681,nlbx_6ee25ccf395365428bfad1e3dc943149.jpg,0,1,0,261.537841796875,2023-09-29 09:44:57.859000-04:00,631243922815060991,WEST,0.9099269509315492,DAYLIGHT,-73.96794,40.684219
682,nlbx_b7925831b5fc5e3132213bfd733136c7.jpg,0,0,0,250.625,2023-09-29 13:17:42.666000-04:00,631243920543791615,WEST,0.8697285652160645,DAYLIGHT,-73.767748,40.745855
683,nlbx_84cb7d3e0916107e7b0e54461dea4d1f.jpg,0,0,0,2.6213349492896096,2023-09-29 09:55:07.013000-04:00,631243949919905279,NORTH,0.925757110118866,DAYLIGHT,-73.98889,40.692801
684,nlbx_c5f5d1c6c9284c8e66935b75cc79e6b2.jpg,0,0,0,172.08993530273438,2023-09-29 13:19:40.379000-04:00,631243950867026431,SOUTH,0.738946259021759,DAYLIGHT,-73.957709,40.632614
685,nlbx_cd0caf5ca22f28d45c7562d83dc1b067.jpg,0,0,0,76.8125,2023-09-29 14:43:28.722000-04:00,631243922383168511,EAST,0.8228604197502136,DAYLIGHT,-73.892202,40.72538
686,nlbx_f2c61ef026fdfc9180c6ab42831dc6f4.jpg,0,1,0,338.5775923436501,2023-09-29 13:24:08.579000-04:00,631243949978097151,NORTH,0.6651606559753418,DAYLIGHT,-73.988328,40.703153
687,nlbx_4999b514b8da710f3b09c97e7b8b7d22.jpg,0,0,0,129.0,2023-09-29 15:58:04.701000-04:00,631243922670961663,SOUTH_EAST,0.6397709846496582,DAYLIGHT,-73.953463,40.717031
688,nlbx_29522d99f8e1de0a33365ac8b0eae1f0.jpg,0,0,0,172.8479766845703,2023-09-29 13:31:03.343000-04:00,631243922670259199,SOUTH,0.730133593082428,DAYLIGHT,-73.948467,40.718772
689,nlbx_f2bd1a72c8a0b0fd0b9763455ad333a4.jpg,0,0,0,311.0,2023-09-29 08:23:49.281000-04:00,631243922030154751,NORTH_WEST,0.8007851839065552,DAYLIGHT,-73.930087,40.813268
690,nlbx_688f1cc5b775c2aec41c801a5f2a8c26.jpg,0,1,0,338.25,2023-09-29 14:40:17.523000-04:00,631243922609840639,NORTH,0.715173602104187,DAYLIGHT,-73.84213,40.678536
691,nlbx_c231af85623c04fd871ab0eb9bad04af.jpg,0,0,0,260.1165771484375,2023-09-29 16:45:28.672000-04:00,631243922426485247,WEST,0.6438957452774048,DAYLIGHT,-73.91444,40.735764
692,nlbx_38508e2799074b10a11f68dd3883e1f6.jpg,0,0,0,262.29742431640625,2023-09-29 07:42:59.359000-04:00,631243922401320447,WEST,0.8016680479049683,DAYLIGHT,-73.877286,40.712932
693,nlbx_43c1b979c0c8228cee92646804e6cbab.jpg,0,0,0,187.8689117431641,2023-09-29 11:37:01.728000-04:00,631243949964809215,SOUTH,0.9563997387886048,DAYLIGHT,-74.009672,40.722674
694,nlbx_539609415f40f49743b7522896838e6a.jpg,0,0,0,29.092567443847656,2023-09-29 11:31:42.069000-04:00,631243922684988415,NORTH_EAST,0.8471161127090454,DAYLIGHT,-73.998107,40.745814
695,nlbx_4be7b1237b3fa3d78243375ff07ea8b8.jpg,0,0,0,299.25,2023-09-29 17:42:03.685000-04:00,631243921462563327,NORTH_WEST,0.7537139654159546,DAYLIGHT,-73.963397,40.770927
696,nlbx_96aed6ee1a6212da4ec0de5b0b8878f2.jpg,0,0,0,19.58589744567871,2023-09-29 17:15:59.532000-04:00,631243949850543615,NORTH,0.8146852254867554,DAYLIGHT,-74.006973,40.753936
697,nlbx_7ddc7226cd3c33ddb7d1643964ec5c89.jpg,1,1,1,190.75289916992188,2023-09-29 17:22:54.185000-04:00,631243922733413375,SOUTH,0.6420474052429199,DAYLIGHT,-73.922042,40.733312
698,nlbx_6fb235a36ebe3230f2234acb99aa2a68.jpg,1,1,1,280.5,2023-09-29 09:29:33.569000-04:00,631243923090516991,WEST,0.6569998264312744,DAYLIGHT,-73.847628,40.701752
699,nlbx_957261824feffb0814b66cba039050fd.jpg,0,0,0,105.15575408935548,2023-09-29 09:13:41.921000-04:00,631243919468745215,EAST,0.7317419052124023,DAYLIGHT,-73.881024,40.878107
700,nlbx_28a1fb9620dbace24aa13763c44af812.jpg,1,1,1,100.5,2023-09-29 08:56:48.947000-04:00,631243923214130687,EAST,0.6818999648094177,DAYLIGHT,-73.888909,40.768893
701,nlbx_80dcb553b39dd174cd211a8f26c49b43.jpg,0,0,0,171.71200561523438,2023-09-29 16:22:20.763000-04:00,631243922491424255,SOUTH,0.7218277454376221,DAYLIGHT,-73.890805,40.743594
702,nlbx_0bdd699a4b310d86704e2afb055308c1.jpg,0,1,0,300.8663330078125,2023-09-29 11:59:39.333000-04:00,631243922754437631,NORTH_WEST,0.8272033929824829,DAYLIGHT,-73.979689,40.753867
703,nlbx_fac768f2f242a35f940c8799a079faef.jpg,0,0,0,290.60888671875,2023-09-29 12:35:59.411000-04:00,631243949913052671,WEST,0.6353174448013306,DAYLIGHT,-73.998178,40.674871
704,nlbx_f43a2530b6c7ee9a0a89be6ca81896fa.jpg,0,1,0,52.99299621582031,2023-09-29 10:23:42.255000-04:00,631243949981942271,NORTH_EAST,0.7142467498779297,DAYLIGHT,-74.002128,40.706823
705,nlbx_1fac1c28e1c33301047d756c8b6dcae8.jpg,1,1,1,174.0,2023-09-29 09:24:59.560000-04:00,631243951127096319,SOUTH,0.7714852690696716,DAYLIGHT,-73.979586,40.637987
706,nlbx_9160210ab825994515c05c57a3a71684.jpg,1,1,1,267.2815137885817,2023-09-29 09:13:52.208000-04:00,631243934234514431,WEST,0.925555944442749,DAYLIGHT,-73.796308,40.597011
707,nlbx_5bdac20c7c36685e7674ccfd5b0e2276.jpg,1,1,1,303.75,2023-09-29 10:14:10.278000-04:00,631243922029292543,NORTH_WEST,0.713567316532135,DAYLIGHT,-73.929317,40.80761
708,nlbx_0c56cb0e2de8b3373bf0b402180cc2e1.jpg,0,0,0,351.7218933105469,2023-09-29 17:30:47.876000-04:00,631243922786323967,NORTH,0.6862373352050781,DAYLIGHT,-73.954593,40.686787
709,nlbx_b9060dc50dbb2ecb9c48706f669b9425.jpg,0,0,0,150.75,2023-09-29 12:15:37.418000-04:00,631243923111651327,SOUTH_EAST,0.820351243019104,DAYLIGHT,-73.810047,40.690207
710,nlbx_1625a26c83daa1d142ad2a94fe99c41e.jpg,0,1,0,274.47564697265625,2023-09-29 09:23:48.525000-04:00,631243949980040703,WEST,0.677925705909729,DAYLIGHT,-73.985672,40.693066
711,nlbx_c8031d0dbbd017a872e86ab708832da7.jpg,1,1,1,81.4375,2023-09-29 08:07:11.202000-04:00,631243950363985919,EAST,0.9227746725082396,DAYLIGHT,-73.969759,40.611782
712,nlbx_8d3ec98258aedff8f5a6807718a782fa.jpg,0,0,0,341.1678161621094,2023-09-29 17:41:55.922000-04:00,631243922666312191,NORTH,0.6277574300765991,DAYLIGHT,-73.935555,40.715059
713,nlbx_b9a2d083c89729a0fd7ff907450087c7.jpg,0,0,0,81.76161193847656,2023-09-29 13:02:19.376000-04:00,631243950392495103,EAST,0.7196330428123474,DAYLIGHT,-73.952747,40.603981
714,nlbx_b15c9756d6093d7affc94da2fadd03c6.jpg,0,1,0,128.42255954859482,2023-09-29 10:04:23.340000-04:00,631243922413373439,SOUTH_EAST,0.8319555521011353,DAYLIGHT,-73.908356,40.72811
715,nlbx_915bac85caaa67e2077c5e30ee4d666f.jpg,1,1,1,318.180325089823,2023-09-29 08:56:28.428000-04:00,631243922953297407,NORTH_WEST,0.8096246123313904,DAYLIGHT,-73.865321,40.766943
716,nlbx_185f6b71ae7fe0bda61b41f322fbe9a9.jpg,1,1,1,276.8882863102748,2023-09-29 11:57:56.688000-04:00,631243920509601279,WEST,0.6386544704437256,DAYLIGHT,-73.743345,40.755466
717,nlbx_13014a60cd722d320ea773651118c7ae.jpg,0,1,0,162.75,2023-09-29 08:55:56.672000-04:00,631243921989976575,SOUTH,0.7785422801971436,DAYLIGHT,-73.913017,40.845572
718,nlbx_6d7c9d395c4dcf0c48d02a50ea40daea.jpg,1,1,1,208.25,2023-09-29 13:55:28.445000-04:00,631243949843023359,SOUTH_WEST,0.7949714064598083,DAYLIGHT,-74.002217,40.760936
719,nlbx_3109604566039cb9be327b9b1dbb713d.jpg,0,0,0,338.5,2023-09-29 14:49:47.922000-04:00,631243922671558143,NORTH,0.7088714838027954,DAYLIGHT,-73.944342,40.720166
720,nlbx_f799850471e048e202028a032e80b93f.jpg,0,0,0,77.58182525634766,2023-09-29 17:32:51.988000-04:00,631243922874849279,EAST,0.6267660856246948,DAYLIGHT,-73.897579,40.694074
721,nlbx_496922ed4a2aec7ff7c1f56d79177cd6.jpg,1,1,1,289.25341796875,2023-09-29 11:30:15.359000-04:00,631243922949855231,WEST,0.606892466545105,DAYLIGHT,-73.854746,40.760037
722,nlbx_0cd62c0a4efebcadc7f44a5b4198b6d1.jpg,0,1,0,38.4888916015625,2023-09-29 08:03:14.001000-04:00,631243951106426879,NORTH_EAST,0.7027552127838135,DAYLIGHT,-74.007741,40.654183
723,nlbx_0307fe6edfb6f7f75a8718531ff4a5d1.jpg,1,1,1,121.90628814697266,2023-09-29 08:55:56.579000-04:00,631243950297519615,SOUTH_EAST,0.7643727660179138,DAYLIGHT,-73.985379,40.596814
724,nlbx_ebf462de9394fcb8c320ef0bfadf2a93.jpg,1,1,1,151.5771484375,2023-09-29 12:05:00.051000-04:00,631243920555492863,SOUTH_EAST,0.6126666069030762,DAYLIGHT,-73.769996,40.731492
725,nlbx_a6d08b23062b8bfb586584fac27e4bcd.jpg,0,1,0,91.1875,2023-09-29 13:26:29.495000-04:00,631243923016423423,EAST,0.7747607231140137,DAYLIGHT,-73.83658,40.778629
726,nlbx_d73f882534d14af1ce32a8cd112750d8.jpg,0,0,0,241.0,2023-09-29 17:16:40.799000-04:00,631243934997621247,SOUTH_WEST,0.7743691205978394,DAYLIGHT,-73.785976,40.645384
727,nlbx_5afcba79bb1f830ba653d7f6855ecb59.jpg,1,0,0,211.38958616715533,2023-09-29 09:41:55.564000-04:00,631243920687696895,SOUTH_WEST,0.8520433306694031,DAYLIGHT,-73.739166,40.667595
728,nlbx_dd09f8d02731421a658dc763f4cc1cf3.jpg,0,1,0,27.64297103881836,2023-09-29 09:36:41.504000-04:00,631243919450342399,NORTH_EAST,0.6150825023651123,DAYLIGHT,-73.844441,40.850992
729,nlbx_66e688344029aca060e24bca8d7bf3c3.jpg,0,1,0,92.68873596191406,2023-09-29 11:26:33.796000-04:00,631243923210283519,EAST,0.6908077001571655,DAYLIGHT,-73.871942,40.771255
730,nlbx_624725e491b3c2121fd78b56cb6a4e24.jpg,1,1,1,275.51434326171875,2023-09-29 09:51:19.159000-04:00,631243950347066879,WEST,0.7520645260810852,DAYLIGHT,-73.999185,40.572827
731,nlbx_fd952404ad6805e8c8df69e3d7aabea3.jpg,0,1,0,141.5,2023-09-29 07:22:50.104000-04:00,631243950844957183,SOUTH_EAST,0.8005906939506531,NIGHTTIME,-73.913279,40.633762
732,nlbx_4db2cc1cfe789205133570985b415e3f.jpg,0,0,0,259.8041687011719,2023-09-29 14:10:49.856000-04:00,631243949990498815,WEST,0.8033502101898193,DAYLIGHT,-73.989942,40.710097
733,nlbx_3a13c3dc06c904932bd9d68c8cff794f.jpg,0,0,0,301.38922119140625,2023-09-29 12:12:23.778000-04:00,631243949967349759,NORTH_WEST,0.7309480905532837,DAYLIGHT,-74.014659,40.717997
734,nlbx_e78718c2dd57a64975efbb92d79b06fd.jpg,0,0,0,175.40850830078125,2023-09-29 15:11:22.043000-04:00,631243950875318783,SOUTH,0.6707286238670349,DAYLIGHT,-73.949938,40.636327
735,nlbx_f26d6b76e66ec6d39414b7855aa37534.jpg,0,1,0,179.25,2023-09-29 11:09:54.889000-04:00,631243923024042495,SOUTH,0.8943941593170166,DAYLIGHT,-73.848822,40.778926
736,nlbx_109d5e9f6d11aaa46446ffa6f6913744.jpg,1,1,1,103.06680297851562,2023-09-29 10:51:10.998000-04:00,631243923137378303,EAST,0.8711514472961426,DAYLIGHT,-73.775878,40.705391
737,nlbx_ee36d001f19c6b0930a889b3e445ab0c.jpg,1,1,1,38.58848690771829,2023-09-29 08:30:37.143000-04:00,631243951144440319,NORTH_EAST,0.7075792551040649,DAYLIGHT,-74.015771,40.653664
738,nlbx_752c36c098c00afb2229a05568090e5e.jpg,0,1,0,208.4524383544922,2023-09-29 10:20:25.919000-04:00,631243949851856383,SOUTH_WEST,0.7358501553535461,DAYLIGHT,-73.998579,40.76493
739,nlbx_1d936490f974fc4ce0883be98ac7d66a.jpg,0,0,0,306.0,2023-09-29 10:13:14.426000-04:00,631243922871015935,NORTH_WEST,0.8153811693191528,DAYLIGHT,-73.923979,40.69279
740,nlbx_96156c72ff740ca79bf818d2cee50dde.jpg,0,0,0,128.45936584472656,2023-09-29 17:22:22.728000-04:00,631243951102771711,SOUTH_EAST,0.9726114273071288,DAYLIGHT,-74.000769,40.652107
741,nlbx_34e6c5ebc1202fe53e9ed8599551ae2c.jpg,0,0,0,355.20758056640625,2023-09-29 10:15:04.373000-04:00,631243950880212479,NORTH,0.8786019682884216,DAYLIGHT,-73.951362,40.640338
742,nlbx_3a9cb51cb56ed9f873a5d81faf2585fc.jpg,0,0,0,351.73052978515625,2023-09-29 15:41:50.903000-04:00,631243950879193599,NORTH,0.7136054635047913,DAYLIGHT,-73.95341,40.635749
743,nlbx_ad7a078ff334db7f4c00c1b5aee609c6.jpg,0,0,0,282.545654296875,2023-09-29 13:00:45.287000-04:00,631243923243359231,WEST,0.7495726346969604,DAYLIGHT,-73.908804,40.768916
744,nlbx_80c032cc9d51baa0201029881596ae90.jpg,1,1,1,183.0,2023-09-29 09:17:15.583000-04:00,631243935090861567,SOUTH,0.7786588668823242,DAYLIGHT,-73.746531,40.652808
745,nlbx_5df8300c0f3bc2ffe7c13167a07cd879.jpg,0,1,0,290.2715148925781,2023-09-29 14:34:44.199000-04:00,631243934998628863,WEST,0.8330347537994385,DAYLIGHT,-73.781439,40.64671
746,nlbx_cf6a2a1bcf2c16d71d4a2cfe217cd02e.jpg,1,1,1,263.36891415962174,2023-09-29 09:43:32.915000-04:00,631243919347345407,WEST,0.619179368019104,DAYLIGHT,-73.787017,40.789474
747,nlbx_c8ae97693c924a5561f666f4919644fa.jpg,0,0,0,17.140625,2023-09-29 17:24:14.555000-04:00,631243949972448255,NORTH,0.7612215876579285,DAYLIGHT,-73.993194,40.722362
748,nlbx_4c680df27db9d587bf8505dc1abf69c4.jpg,0,0,0,140.375,2023-09-29 16:04:46.055000-04:00,631243949979386367,SOUTH_EAST,0.8470775485038757,DAYLIGHT,-73.981861,40.697194
749,nlbx_ec63021871e5e5bae0d5f72435f9d9f7.jpg,1,1,1,77.6875,2023-09-29 08:59:31.757000-04:00,631243922486866431,EAST,0.7253299951553345,DAYLIGHT,-73.902132,40.738494
750,nlbx_ebbeebaf4305970f9fd387311f312dc3.jpg,1,1,1,301.15728759765625,2023-09-29 11:07:09.042000-04:00,631243934995072511,NORTH_WEST,0.7994874715805054,DAYLIGHT,-73.789739,40.65508
751,nlbx_fcc127c64b35e177a5dc4b43b93851bb.jpg,0,0,0,28.375,2023-09-29 16:29:39.464000-04:00,631243921498162687,NORTH_EAST,0.75574791431427,DAYLIGHT,-73.979476,40.781567
752,nlbx_95a2a1cd0069303c3edc526595e59af8.jpg,0,1,0,255.625,2023-09-29 07:42:16.569000-04:00,631243935033140223,WEST,0.7504023313522339,DAYLIGHT,-73.83035,40.653896
753,nlbx_b9b580beffd352bae75c718330f012a2.jpg,0,0,0,29.358722686767575,2023-09-29 13:21:04.266000-04:00,631243922690482687,NORTH_EAST,0.7044767141342163,DAYLIGHT,-73.975929,40.748746
754,nlbx_12aa813f351111492c51773dba58bb2f.jpg,0,0,0,118.0625,2023-09-29 16:49:05.007000-04:00,631243921464957951,SOUTH_EAST,0.7990586757659912,DAYLIGHT,-73.95481,40.785797
755,nlbx_d0b7c239576e6c6ce7196b10a68f758b.jpg,0,1,0,63.00249099731445,2023-09-29 13:52:43.583000-04:00,631243951193043967,NORTH_EAST,0.9021338224411012,DAYLIGHT,-73.981091,40.645738
756,nlbx_9e33637bac7cbea74fbe8721561e6464.jpg,0,0,0,351.4365539550781,2023-09-29 16:31:28.781000-04:00,631243922825644543,NORTH,0.7756465673446655,DAYLIGHT,-73.958494,40.681285
757,nlbx_c710250fa87711290510e2b4c80533a8.jpg,1,1,1,188.625,2023-09-29 08:20:06.638000-04:00,631243951173327359,SOUTH,0.6919454336166382,DAYLIGHT,-73.996305,40.666741
758,nlbx_13ddd9863ac0ff5b3cf47b9699a1b9c7.jpg,0,0,0,119.45443725585938,2023-09-29 15:18:13.163000-04:00,631243949854610431,SOUTH_EAST,0.9118270874023438,DAYLIGHT,-73.988247,40.759923
759,nlbx_9407549bc87b39044105ed839cd50730.jpg,0,0,0,175.30014038085938,2023-09-29 15:35:24.859000-04:00,631243950891736063,SOUTH,0.9357509613037108,DAYLIGHT,-73.926606,40.61641
760,nlbx_d5b366f104840dbd040904f310e99a82.jpg,1,1,1,42.005149841308594,2023-09-29 10:51:30.210000-04:00,631243922029538815,NORTH_EAST,0.74724280834198,DAYLIGHT,-73.927603,40.812132
761,nlbx_5be1dd317e4dca46b6a13bcde1d67f1d.jpg,0,0,0,57.903446197509766,2023-09-29 11:31:32.859000-04:00,631243950871649279,NORTH_EAST,0.8234909176826477,DAYLIGHT,-73.96277,40.635794
762,nlbx_70504eb36f5b9fca22e86ea73555a65b.jpg,0,0,0,272.5,2023-09-29 08:44:54.373000-04:00,631243922812234751,WEST,0.6686720848083496,DAYLIGHT,-73.929351,40.679289
763,nlbx_f81b40265b056e46fa82094a6e9250e7.jpg,0,0,0,261.2683410644531,2023-09-29 11:47:41.776000-04:00,631243922787550719,WEST,0.6622521877288818,DAYLIGHT,-73.948899,40.682664
764,nlbx_50348d8ca6f5f49d576955e27cdb60b9.jpg,0,1,0,142.79039001464844,2023-09-29 07:55:41.843000-04:00,631243935070180351,SOUTH_EAST,0.7915498614311218,DAYLIGHT,-73.784282,40.671195
765,nlbx_81331e8ce7de08c4f059186fc2150d53.jpg,1,1,1,301.75,2023-09-29 11:16:16.284000-04:00,631243934995071487,NORTH_WEST,0.8700351119041443,DAYLIGHT,-73.789505,40.654977
766,nlbx_56dd3c78ddf58100d38838a61a641662.jpg,1,1,1,160.5,2023-09-29 11:15:19.971000-04:00,631243923289321983,SOUTH,0.709025502204895,DAYLIGHT,-73.929887,40.800083
767,nlbx_c14ed56bdca089f973f3602476f74899.jpg,0,0,0,311.5867919921875,2023-09-29 07:50:01.539000-04:00,631243922734416895,NORTH_WEST,0.8305215835571289,DAYLIGHT,-73.922103,40.734884
768,nlbx_f342872d539fc39933417c1f92321f90.jpg,1,1,1,268.25,2023-09-29 11:54:46.222000-04:00,631243934828717055,WEST,0.7496099472045898,DAYLIGHT,-73.727307,40.655655
769,nlbx_2957cd7e5804d7cabb3e5ab92bcb63e5.jpg,0,1,0,60.60947036743164,2023-09-29 10:03:00.945000-04:00,631243922519207423,NORTH_EAST,0.870268702507019,DAYLIGHT,-73.875304,40.665099
770,nlbx_3a07332fac0f1d6b256d1377a0e4af7d.jpg,0,0,0,128.40945434570312,2023-09-29 16:01:18.919000-04:00,631243951162665983,SOUTH_EAST,0.8597718477249146,DAYLIGHT,-74.005808,40.628573
771,nlbx_163500fcb28d75868548e541a8869ce1.jpg,0,0,0,203.625,2023-09-29 12:23:28.572000-04:00,631243922017164287,SOUTH_WEST,0.7085986137390137,DAYLIGHT,-73.951342,40.830178
772,nlbx_8a5fd6e145e24af2d6010da5714da7b8.jpg,1,1,1,204.875,2023-09-29 09:27:20.958000-04:00,631243950407961087,SOUTH_WEST,0.650268018245697,DAYLIGHT,-73.987052,40.608442
773,nlbx_d45cc588698f7d1c688a1ac99dd968ff.jpg,0,0,0,354.75,2023-09-29 17:07:10.787000-04:00,631243922668716543,NORTH,0.819867730140686,DAYLIGHT,-73.957301,40.728087
774,nlbx_7b0337ef8ba8d678fa49a7a3b718b2ee.jpg,0,0,0,341.25,2023-09-29 08:07:29.401000-04:00,631243949979543039,NORTH,0.721237301826477,DAYLIGHT,-73.98384,40.694911
775,nlbx_cefd052af878c4179e12133582203e75.jpg,0,0,0,53.03125,2023-09-29 12:28:05.707000-04:00,631243935025009151,NORTH_EAST,0.6718661785125732,DAYLIGHT,-73.782203,40.644317
776,nlbx_f9cd983fe9df9ecc9de7bdd08d9aee1f.jpg,1,1,1,260.5733337402344,2023-09-29 09:05:14.080000-04:00,631243949990667775,WEST,0.7407434582710266,DAYLIGHT,-73.989585,40.710146
777,nlbx_ac0d9e534cd042a486ed9661e3f38dcd.jpg,0,0,0,356.2702941894531,2023-09-29 16:48:47.468000-04:00,631243922039171071,NORTH,0.8459925651550293,DAYLIGHT,-73.930885,40.822003
778,nlbx_3650c903feaa6931740d27092b63d48b.jpg,1,1,1,257.25,2023-09-29 13:19:12.915000-04:00,631243919347344895,WEST,0.6046290397644043,DAYLIGHT,-73.787088,40.789466
779,nlbx_9a27f18e4c084a1e3a4c60f9d4483d0d.jpg,0,0,0,202.5,2023-09-29 12:44:31.208000-04:00,631243921529393663,SOUTH_WEST,0.8767523169517517,DAYLIGHT,-73.951422,40.793856
780,nlbx_e66b5fe0f2f5ec4025b5a673395d2c44.jpg,0,0,0,7.557063292382576,2023-09-29 13:46:12.995000-04:00,631243922083585023,NORTH,0.6871111392974854,DAYLIGHT,-73.94249,40.8481
781,nlbx_6b91ffb792ef4cf46a224d7f2f1fd5c7.jpg,1,1,1,218.9873046875,2023-09-29 09:03:34.445000-04:00,631243922670672895,SOUTH_WEST,0.6487596035003662,DAYLIGHT,-73.953468,40.717846
782,nlbx_78a4e46753c5863f4f38d6cb0ed136c4.jpg,1,1,1,174.38959230704486,2023-09-29 14:07:15.418000-04:00,631243934192593919,SOUTH,0.6060333251953125,DAYLIGHT,-73.775329,40.593177
783,nlbx_3ee6859203f3fca27d3f9716c3318126.jpg,0,0,0,320.0,2023-09-29 15:04:43.051000-04:00,631243921463624703,NORTH_WEST,0.6736014485359192,DAYLIGHT,-73.961294,40.774263
784,nlbx_9bceb1af7a3d0ef8d6e6de785b567f92.jpg,0,0,0,254.78836059570312,2023-09-29 14:08:39.858000-04:00,631243922743800319,WEST,0.7100814580917358,DAYLIGHT,-73.927773,40.747358
785,nlbx_30b11fa986f8cd38a6abbef9f322b58b.jpg,1,1,1,240.55455017089844,2023-09-29 14:54:50.689000-04:00,631243922733290495,SOUTH_WEST,0.6526167392730713,DAYLIGHT,-73.922397,40.732985
786,nlbx_231ee13bf521223aa1ed12848a400e21.jpg,0,0,0,171.5,2023-09-29 17:03:51.198000-04:00,631243950346872319,SOUTH,0.6203237771987915,DAYLIGHT,-73.999817,40.576092
787,nlbx_6af0e994273396fed516a9cafabf2d47.jpg,0,0,0,276.0,2023-09-29 16:29:36.228000-04:00,631243950627808255,WEST,0.751013994216919,DAYLIGHT,-74.077854,40.598488
788,nlbx_7d2b5d6993e6bfe64a5dcca13d914877.jpg,0,0,0,58.163446400597,2023-09-29 11:28:23.832000-04:00,631243922486990847,NORTH_EAST,0.8144965767860413,DAYLIGHT,-73.900532,40.739286
789,nlbx_764a1d2802a210e4f6bda03d537e196d.jpg,0,0,0,348.6133117675781,2023-09-29 12:37:20.524000-04:00,631243919601551871,NORTH,0.7865766882896423,DAYLIGHT,-73.881918,40.815903
790,nlbx_65667a7c85bf75cd8e217550f0c76a22.jpg,0,0,0,299.21759033203125,2023-09-29 14:02:53.434000-04:00,631243922759046655,NORTH_WEST,0.7735373973846436,DAYLIGHT,-73.965619,40.756116
791,nlbx_4a423cf7581ee89b98a83e8650fe8059.jpg,0,1,0,118.57186126708984,2023-09-29 14:32:31.130000-04:00,631243922754345983,SOUTH_EAST,1.0,DAYLIGHT,-73.980157,40.751499
792,nlbx_4d5dfbe711c43afc07173eec972c1c10.jpg,1,1,1,144.25,2023-09-29 12:25:02.280000-04:00,631243919648957439,SOUTH_EAST,0.722610354423523,DAYLIGHT,-73.825601,40.820467
793,nlbx_1ea7965e75229d62328238a479337514.jpg,0,0,0,170.97854614257812,2023-09-29 10:28:40.745000-04:00,631243919607471103,SOUTH,0.8781937956809998,DAYLIGHT,-73.868195,40.826606
794,nlbx_1c759fb0354c05857e6b8600a3cd75e1.jpg,1,1,1,112.75,2023-09-29 12:03:47.542000-04:00,631243919496659967,SOUTH_EAST,0.6648099422454834,DAYLIGHT,-73.844195,40.889189
795,nlbx_fe55c764696179af1561833c4e67a1c6.jpg,0,0,0,37.4375,2023-09-29 15:12:57.198000-04:00,631243922004773375,NORTH_EAST,0.8682019710540771,DAYLIGHT,-73.891853,40.818702
796,nlbx_e876546f7d705d32794a7f6e77ab07bc.jpg,1,1,1,181.875,2023-09-29 09:48:03.686000-04:00,631243922034056191,SOUTH,0.6541717052459717,DAYLIGHT,-73.932172,40.811842
797,nlbx_d86192cf731c071e6d838d573c78b674.jpg,0,0,0,273.3257141113281,2023-09-29 14:31:55.929000-04:00,631243921986028543,WEST,0.8475944995880127,DAYLIGHT,-73.908836,40.845232
798,nlbx_5f70945a6147ca235efafb4ac495a05a.jpg,0,0,0,210.25,2023-09-29 11:02:38.865000-04:00,631243950888723967,SOUTH_WEST,0.7923453450202942,DAYLIGHT,-73.94386,40.617137
799,nlbx_5069f2a380083ba96562617fcf4fe508.jpg,0,1,0,298.5712890625,2023-09-29 08:53:37.234000-04:00,631243922755769343,NORTH_WEST,0.6151058077812195,DAYLIGHT,-73.983628,40.758797
800,nlbx_c1ea5b71239ee57a273b3ed059e23ead.jpg,0,1,0,308.5904541015625,2023-09-29 08:58:44.655000-04:00,631243951146800639,NORTH_WEST,0.7767438292503357,DAYLIGHT,-74.020092,40.648275
801,nlbx_a24231ca79f4540a381d9bc4c2072bad.jpg,0,1,0,16.359375,2023-09-29 07:41:02.510000-04:00,631243920708803583,NORTH,0.7455520033836365,DAYLIGHT,-73.728606,40.709034
802,nlbx_315a6c0d0678c7f34519c922d597d364.jpg,0,1,0,112.96127319335938,2023-09-29 12:00:52.495000-04:00,631243919673550847,SOUTH_EAST,0.8146052360534668,DAYLIGHT,-73.856898,40.843548
803,nlbx_ba44dac13d1f2af756adea0607ae0461.jpg,0,1,0,173.91119384765625,2023-09-29 12:38:28.132000-04:00,631243922820242431,SOUTH,0.7801285982131958,DAYLIGHT,-73.979046,40.692643
804,nlbx_1edf872a2648ff1fbc5597d09d1ef8b8.jpg,0,0,0,116.875,2023-09-29 09:43:44.217000-04:00,631243921491874815,SOUTH_EAST,0.638285756111145,DAYLIGHT,-73.984801,40.767528
805,nlbx_1726b8a9e5f38af22a12137f301a4a5d.jpg,0,1,0,22.87220764160156,2023-09-29 10:43:25.067000-04:00,631243922046409727,NORTH_EAST,0.8099570870399475,DAYLIGHT,-73.897045,40.851282
806,nlbx_59d2613ea6c162107451da67a4cbf8ff.jpg,0,0,0,281.0,2023-09-29 17:58:15.501000-04:00,631243950909697023,WEST,0.7204769849777222,DAYLIGHT,-73.895851,40.657853
807,nlbx_53546af4368233af7c0bf2bd0596ddc5.jpg,0,1,0,284.75,2023-09-29 09:09:32.335000-04:00,631243922658859007,WEST,0.8238341808319092,DAYLIGHT,-73.942015,40.738918
808,nlbx_4f5bcf281079f2d67a3a5766d9e0e264.jpg,0,0,0,353.25,2023-09-29 12:49:19.197000-04:00,631243922649801215,NORTH,0.9313012361526488,DAYLIGHT,-73.958591,40.735951
809,nlbx_c12f2d4cd51208d0426f5681d5950a3b.jpg,1,1,1,303.7290344238281,2023-09-29 09:57:13.171000-04:00,631243922691412991,NORTH_WEST,0.6504994630813599,DAYLIGHT,-73.975434,40.737246
810,nlbx_557267b84906cf08d27edc5111475475.jpg,0,0,0,355.20562744140625,2023-09-29 16:35:30.071000-04:00,631243922835264511,NORTH,0.7910940051078796,DAYLIGHT,-73.953837,40.663353
811,nlbx_db9fec3b1a6807ab5ab7c1a242bdc1f0.jpg,0,0,0,33.14947891235352,2023-09-29 09:11:43.120000-04:00,631243949961332223,NORTH_EAST,0.7170636653900146,DAYLIGHT,-74.004196,40.721876
812,nlbx_a31adaad327c2fef46766813eee4ffee.jpg,1,1,1,69.8125,2023-09-29 11:45:04.116000-04:00,631243921498462207,EAST,0.8573830127716064,DAYLIGHT,-73.983196,40.784979
813,nlbx_730a42fd3cf397fc5cd4bd4462b06590.jpg,1,1,1,202.375,2023-09-29 13:16:56.159000-04:00,631243949924092927,SOUTH,0.7730576992034912,DAYLIGHT,-73.998574,40.695187
814,nlbx_fbfcb52c51ed8ea047c0231922838834.jpg,1,1,1,119.5625,2023-09-29 11:14:31.417000-04:00,631243934995081727,SOUTH_EAST,0.7990682721138,DAYLIGHT,-73.790036,40.6551
815,nlbx_9623ea0f23536dd16c34ed38957b9c8d.jpg,0,0,0,230.86245531787327,2023-09-29 14:21:30.071000-04:00,631243922671716863,SOUTH_WEST,0.6859335899353027,DAYLIGHT,-73.951683,40.721083
816,nlbx_d02f634e0932882381ce5506860c63de.jpg,0,0,0,302.5,2023-09-29 15:38:34.055000-04:00,631243951180915199,NORTH_WEST,0.809664249420166,DAYLIGHT,-73.987404,40.674787
817,nlbx_a31520606110d868865d7492769f6a8f.jpg,0,0,0,73.01644897460938,2023-09-29 14:37:46.549000-04:00,631243922604296703,EAST,0.7077519297599792,DAYLIGHT,-73.839198,40.666785
818,nlbx_227ce598e98d7d70e91d506d185a9858.jpg,0,0,0,112.3125,2023-09-29 15:13:34.253000-04:00,631243922758326783,EAST,0.8732490539550781,DAYLIGHT,-73.960519,40.759445
819,nlbx_3058dc4f1e12fbc0f8d23c5ce8314b95.jpg,0,0,0,270.75,2023-09-29 09:33:59.902000-04:00,631243922491402239,WEST,0.7924493551254272,DAYLIGHT,-73.89136,40.745176
820,nlbx_1e2b50bb2aa62579fcacfffc767e8c71.jpg,1,1,1,188.75,2023-09-29 11:59:00.208000-04:00,631243922733415423,SOUTH,0.7702512741088867,DAYLIGHT,-73.922018,40.733417
821,nlbx_f1da80e9012275eb691352d498f80a6a.jpg,0,1,0,2.737100601196289,2023-09-29 10:55:28.359000-04:00,631243922972682751,NORTH,0.6896310448646545,DAYLIGHT,-73.852621,40.740761
822,nlbx_1904802b5c7fd6e2ea739e881ae923b0.jpg,0,0,0,250.4159393310547,2023-09-29 12:40:57.189000-04:00,631243923128409599,WEST,0.8035221099853516,DAYLIGHT,-73.780518,40.729434
823,nlbx_94c3029861fdf6bae37666beedd65b3e.jpg,0,1,0,58.59375,2023-09-29 07:34:28.872000-04:00,631243920596909055,NORTH_EAST,0.7778055667877197,DAYLIGHT,-73.723945,40.752839
824,nlbx_f68630ac2b39427c267bae47c07c3b9c.jpg,0,0,0,141.375,2023-09-29 13:47:07.004000-04:00,631243950904367103,SOUTH_EAST,0.7365295886993408,DAYLIGHT,-73.917024,40.650159
825,nlbx_e5fb20dce0257af2934458678f0509ac.jpg,1,1,1,185.0,2023-09-29 17:36:34.157000-04:00,631243922733413375,SOUTH,0.8972665667533875,DAYLIGHT,-73.922045,40.733307
826,nlbx_a6f66ac46c7c7eccc42bdf2adf2da7f8.jpg,0,0,0,116.47787475585938,2023-09-29 16:27:22.618000-04:00,631243921867715071,SOUTH_EAST,0.7484409809112549,DAYLIGHT,-73.911299,40.874743
827,nlbx_579e8e29510d6613ea16fc90eedc1189.jpg,0,0,0,61.33595657348633,2023-09-29 10:24:03.096000-04:00,631243923061238783,NORTH_EAST,0.8134922385215759,DAYLIGHT,-73.794051,40.7103
828,nlbx_58eae1615c81e0482d8a6d38577d167b.jpg,1,1,1,44.125,2023-09-29 07:43:24.569000-04:00,631243935032968191,NORTH_EAST,0.9155288934707642,DAYLIGHT,-73.828846,40.655801
829,nlbx_e5254f5e8b8b32bd382803daef12c381.jpg,0,0,0,8.59375,2023-09-29 17:18:58.168000-04:00,631243949968212479,NORTH,0.7769078612327576,DAYLIGHT,-74.012001,40.72056
830,nlbx_88b29784723f8693cf3e612cdf2a3ef4.jpg,0,1,0,230.5604094598704,2023-09-29 11:55:22.131000-04:00,631243951185672703,SOUTH_WEST,0.8075615763664246,DAYLIGHT,-73.974937,40.649972
831,nlbx_c98df0d0c749d96ad7ddbeacd0de18b3.jpg,1,1,1,263.7817077636719,2023-09-29 10:32:32.238000-04:00,631243950347447807,WEST,0.8648827075958252,DAYLIGHT,-73.99268,40.578161
832,nlbx_f82894475a28740089885e040e3c4429.jpg,0,0,0,140.30702209472656,2023-09-29 12:33:27.343000-04:00,631243922975630335,SOUTH_EAST,0.7115275859832764,DAYLIGHT,-73.824609,40.752179
833,nlbx_88c098bb1e9b0be94c69154f46d7eb5f.jpg,0,0,0,264.0,2023-09-29 15:51:51.298000-04:00,631243922670129663,WEST,0.7340549826622009,DAYLIGHT,-73.949627,40.717623
834,nlbx_89ee3d7ca4fed704bc6ffe988d967928.jpg,0,1,0,80.44351196289062,2023-09-29 11:03:26.544000-04:00,631243919572734975,EAST,0.7206472158432007,DAYLIGHT,-73.84155,40.827984
835,nlbx_aaad893c473f587b54f5da07d4ffef80.jpg,1,1,1,176.1378631591797,2023-09-29 08:43:44.516000-04:00,631243950906948095,SOUTH,0.7026160955429077,DAYLIGHT,-73.919757,40.643103
836,nlbx_b7e20e2ac2fb16de0613d4ce65d6cc4e.jpg,0,0,0,160.80216674330643,2023-09-29 08:59:42.038000-04:00,631243920536688127,SOUTH,0.8316179513931274,DAYLIGHT,-73.769367,40.739381
837,nlbx_de5fa40c493016b46f71caecf84d8958.jpg,0,0,0,260.572998046875,2023-09-29 07:44:45.608000-04:00,631243922486355455,WEST,0.7956888675689697,DAYLIGHT,-73.908792,40.73651
838,nlbx_771e213d84e4b0b602f370be5179734c.jpg,0,0,0,250.125,2023-09-29 08:53:56.182000-04:00,631243920539435519,WEST,0.6880366206169128,DAYLIGHT,-73.78585,40.741176
839,nlbx_e8c83581ff9c9914bf3693ab067d64bf.jpg,0,0,0,170.125,2023-09-29 07:54:21.646000-04:00,631243922459978751,SOUTH,0.8441232442855835,DAYLIGHT,-73.873904,40.755066
840,nlbx_895f52afb449132da73a7e493ff5e3cb.jpg,0,0,0,334.0705065439493,2023-09-29 14:45:21.932000-04:00,631243923110173695,NORTH_WEST,0.6647812128067017,DAYLIGHT,-73.814777,40.699599
841,nlbx_f8ac40dd845fa455dbe2fc99c931c2e8.jpg,0,1,0,75.31217193603516,2023-09-29 13:48:20.228000-04:00,631243934997326335,EAST,0.8968271017074585,DAYLIGHT,-73.786381,40.646565
842,nlbx_953cc57f638fc0d164d62b301de664fe.jpg,1,1,1,42.18540621312941,2023-09-29 08:14:51.866000-04:00,631243951106018815,NORTH_EAST,0.7811688780784607,DAYLIGHT,-74.01481,40.651137
843,nlbx_28d9b62f51f65f423b998245b8ef9602.jpg,0,0,0,37.552124255296256,2023-09-29 13:49:36.044000-04:00,631243922417058815,NORTH_EAST,0.8093997240066528,DAYLIGHT,-73.927423,40.728741
844,nlbx_371bafa0bfdfa9632781975ce1ba73a9.jpg,0,0,0,35.75,2023-09-29 14:59:10.161000-04:00,631243921507915775,NORTH_EAST,0.8676203489303589,DAYLIGHT,-73.96104,40.81845
845,nlbx_fb694002aa1d4181cac401bb309afb98.jpg,1,1,1,208.5,2023-09-29 12:38:49.971000-04:00,631243923290876927,SOUTH_WEST,0.8721199035644531,DAYLIGHT,-73.923332,40.794232
846,nlbx_1ab2a411c792243ddf96cfba4b87b1c0.jpg,0,0,0,16.233795166015625,2023-09-29 15:38:17.069000-04:00,631243922479826431,NORTH,0.8351485729217529,DAYLIGHT,-73.901661,40.743601
847,nlbx_97488f929c57f3b9411fc4bdf0ea9363.jpg,0,0,0,176.25,2023-09-29 16:52:58.430000-04:00,631243922039660031,SOUTH,0.8070900440216064,DAYLIGHT,-73.934478,40.822903
848,nlbx_cc50c625255b2ac10e1ac92b00578cf9.jpg,0,0,0,69.22759652311574,2023-09-29 07:39:12.095000-04:00,631243920539555839,EAST,0.7050718069076538,DAYLIGHT,-73.784856,40.741087
849,nlbx_bc494b149ae5a01eca22e994646edc02.jpg,0,0,0,187.12343177099035,2023-09-29 14:21:53.123000-04:00,631243923153069567,SOUTH,0.9056165218353271,DAYLIGHT,-73.826283,40.719046
850,nlbx_f91e1c0a1d3cf5a7a5780fa785eb0049.jpg,0,0,0,284.0274353027344,2023-09-29 15:51:01.126000-04:00,631243922733685759,WEST,0.8858897089958191,DAYLIGHT,-73.927452,40.736385
851,nlbx_bb17a83af7bb5cff15befd88542ee95a.jpg,0,0,0,180.0,2023-09-29 16:48:37.747000-04:00,631243919338170879,SOUTH,0.7741572856903076,DAYLIGHT,-73.793766,40.807985
852,nlbx_39be9f86e3730aae9ef3c13b58b1aebc.jpg,0,0,0,171.10183715820312,2023-09-29 17:52:41.843000-04:00,631243923092683263,SOUTH,0.6546873450279236,DAYLIGHT,-73.826285,40.716791
853,nlbx_ebe039aa11105a9667e16530f799a260.jpg,0,1,0,83.01407626770326,2023-09-29 14:23:17.159000-04:00,631243919454280703,EAST,0.7593835592269897,DAYLIGHT,-73.826857,40.856479
854,nlbx_3e0b49e06f130bc37277fad4acb04ed1.jpg,1,1,1,99.9375,2023-09-29 10:09:24.781000-04:00,631243923214130687,EAST,0.6527554988861084,DAYLIGHT,-73.88889,40.768892
855,nlbx_c68e2fbfb84136239c99916ad6b097c5.jpg,0,0,0,88.9375,2023-09-29 09:12:26.947000-04:00,631243923062821887,EAST,0.8074239492416382,DAYLIGHT,-73.812696,40.715778
856,nlbx_031b4c0773363a65dfb332f59a7666df.jpg,1,1,1,71.19151306152344,2023-09-29 15:10:38.162000-04:00,631243919476139519,EAST,0.7951399683952332,DAYLIGHT,-73.872844,40.856168
857,nlbx_1dead8676852d8592f60abf3c0d43861.jpg,1,1,1,306.46490478515625,2023-09-29 09:12:48.236000-04:00,631243923214412287,NORTH_WEST,0.6739433407783508,DAYLIGHT,-73.885416,40.773128
858,nlbx_27f47a8c8396f7c32634c38d621ce37b.jpg,1,1,1,157.625,2023-09-29 09:21:18.633000-04:00,631243923108407295,SOUTH,0.7943828105926514,DAYLIGHT,-73.813417,40.696231
859,nlbx_16b32eabdb8321a73a822bede1d3a437.jpg,0,1,0,336.3379419677464,2023-09-29 12:03:56.382000-04:00,631243922492264959,NORTH_WEST,0.6026371121406555,DAYLIGHT,-73.896112,40.748869
860,nlbx_0b3f34b519117d4a10f8f81f1c79acc7.jpg,0,0,0,119.4434814453125,2023-09-29 17:22:00.307000-04:00,631243922759248895,SOUTH_EAST,0.8478834629058838,DAYLIGHT,-73.960658,40.761517
861,nlbx_0121c9953a6773dcd212a1a1b5a002ba.jpg,0,0,0,118.8166046142578,2023-09-29 08:02:04.162000-04:00,631243922690098687,SOUTH_EAST,0.7445836067199707,DAYLIGHT,-73.978645,40.750863
862,nlbx_e78771f5a2c142ce168c88c806e52695.jpg,1,1,1,159.37197875976562,2023-09-29 11:01:12.737000-04:00,631243934761570815,SOUTH,0.7679024934768677,DAYLIGHT,-73.741014,40.637744
863,nlbx_acc0e1bbcec7fe0a46b35ac48eb4cad3.jpg,0,1,0,22.889033863933363,2023-09-29 09:57:28.439000-04:00,631243919535278079,NORTH_EAST,0.8475114107131958,DAYLIGHT,-73.861204,40.895562
864,nlbx_15433913e1c1424f2538be2e0db93864.jpg,0,0,0,256.8407287597656,2023-09-29 17:37:54.919000-04:00,631243920593325055,WEST,0.6938066482543945,DAYLIGHT,-73.70561,40.755642
865,nlbx_4ee1f62f38522f62cbc73f44e603b485.jpg,0,1,0,204.625,2023-09-29 09:47:07.830000-04:00,631243922967185919,SOUTH_WEST,0.6782379150390625,DAYLIGHT,-73.834781,40.746875
866,nlbx_c05d7fa94bad8ab13a8dd2f5410b84d4.jpg,0,1,0,336.6,2023-09-29 12:31:34.327000-04:00,631243922492260863,NORTH_WEST,0.8008399605751038,DAYLIGHT,-73.896371,40.749308
867,nlbx_46702b3dc81c6d55290095b01d24ff9a.jpg,0,0,0,258.25,2023-09-29 14:41:18.110000-04:00,631243922489816063,WEST,0.8205959796905518,DAYLIGHT,-73.888849,40.741712
868,nlbx_9787d936822ea3a3f4c04c7d675e07b7.jpg,0,0,0,346.25,2023-09-29 10:43:12.159000-04:00,631243922815235071,NORTH,0.8747293949127197,DAYLIGHT,-73.966897,40.683509
869,nlbx_886e2cc1959d9d43d19596cfd72dfc37.jpg,0,1,0,264.31121826171875,2023-09-29 08:59:21.838000-04:00,631243922080128511,WEST,0.7243093848228455,DAYLIGHT,-73.925911,40.846223
870,nlbx_db81557d510bae0820b48c8b71af66fe.jpg,0,0,0,70.58067997516423,2023-09-29 17:21:11.196000-04:00,631243922665289215,EAST,0.8512644171714783,DAYLIGHT,-73.936571,40.724049
871,nlbx_37fe22a4d611f6c8603d68339ec50f27.jpg,1,1,1,206.625,2023-09-29 12:52:36.918000-04:00,631243919537645055,SOUTH_WEST,0.8039100170135498,DAYLIGHT,-73.866127,40.890394
872,nlbx_46cdeb6170966f07f0d92d92b6179f15.jpg,1,1,1,80.4375,2023-09-29 08:38:08.839000-04:00,631243922413546495,EAST,0.8020094633102417,DAYLIGHT,-73.90936,40.726298
873,nlbx_903dd65765df85c237bf980b5f1accd5.jpg,1,1,1,79.9005126953125,2023-09-29 08:50:42.968000-04:00,631243922524514303,EAST,0.7801836729049683,DAYLIGHT,-73.851492,40.671028
874,nlbx_f6bfcb6f77f8ffdfcd39e0d1d6b0c253.jpg,1,1,1,39.65625,2023-09-29 09:16:17.449000-04:00,631243922727579135,NORTH_EAST,0.7296545505523682,DAYLIGHT,-73.950109,40.767328
875,nlbx_045f7230582c54c1e4de0de5b3cdf55a.jpg,1,1,1,66.12071228027344,2023-09-29 10:35:45.784000-04:00,631243923092716031,NORTH_EAST,0.7307143211364746,DAYLIGHT,-73.825991,40.715651
876,nlbx_850e44f94e11f76032277bb16a99c5ef.jpg,0,0,0,2.477760076522827,2023-09-29 12:23:04.611000-04:00,631243949979818495,NORTH,0.747215986251831,DAYLIGHT,-73.988576,40.697461
877,nlbx_9a186844e345b37609ada766e14d7094.jpg,0,0,0,39.0527572631836,2023-09-29 11:07:15.721000-04:00,631243951106442239,NORTH_EAST,0.8622838258743286,DAYLIGHT,-74.007215,40.654491
878,nlbx_fbff6949f095a2f73b98db4367026e48.jpg,0,0,0,146.4120635986328,2023-09-29 12:47:52.162000-04:00,631243923157511167,SOUTH_EAST,0.7819610834121704,DAYLIGHT,-73.834286,40.720289
879,nlbx_70c04123ea2f6c6eecc2b1da38c141b5.jpg,1,1,1,113.4375,2023-09-29 10:20:28.274000-04:00,631243921534293503,SOUTH_EAST,0.7630212306976318,DAYLIGHT,-73.937427,40.793529
880,nlbx_25f99bf1d3a8dd095d1dbff485c3c5b9.jpg,1,1,1,349.7180571994332,2023-09-29 08:34:57.632000-04:00,631243922596697599,NORTH,0.9156314730644226,DAYLIGHT,-73.835235,40.671601
881,nlbx_463b1ff513c6dafff180edafce13dc89.jpg,0,0,0,336.71173891431584,2023-09-29 12:10:00.174000-04:00,631243922669421567,NORTH_WEST,0.9098185300827026,DAYLIGHT,-73.949203,40.726574
882,nlbx_a37d956a046e179bfa5ef5b77467b041.jpg,1,1,1,73.125,2023-09-29 11:06:27.083000-04:00,631243919476201983,EAST,0.7900851964950562,DAYLIGHT,-73.872945,40.856144
883,nlbx_68c17ae7d85f49f22edc94e4cf4a7cfa.jpg,0,0,0,118.80409240722656,2023-09-29 17:00:44.043000-04:00,631243922703205887,SOUTH_EAST,0.8340529203414917,DAYLIGHT,-73.986299,40.729564
884,nlbx_6e4bb5f546a1fcf0e6e4d9b320bf8ffb.jpg,0,0,0,18.103525161743164,2023-09-29 13:47:08.922000-04:00,631243922005701119,NORTH,0.6216317415237427,DAYLIGHT,-73.89981,40.824032
885,nlbx_0ec706f8e87b04b321c566d573dcee6f.jpg,1,1,1,173.44602311203215,2023-09-29 14:27:49.405000-04:00,631243935065837055,SOUTH,0.7405706644058228,DAYLIGHT,-73.775276,40.668373
886,nlbx_8745c4ee915dd7e2695407d64fbe17c3.jpg,0,1,0,112.7,2023-09-29 08:52:34.853000-04:00,631243922068388351,SOUTH_EAST,0.7425857782363892,DAYLIGHT,-73.876388,40.842172
887,nlbx_6779be3a5401dfebe7d9209ecaad459c.jpg,0,1,0,267.25,2023-09-29 11:17:18.312000-04:00,631243949786326527,WEST,0.6567716598510742,DAYLIGHT,-74.006953,40.738144
888,nlbx_ce45834bca08ab3fb4255bfbfe3b5c38.jpg,0,0,0,82.4375,2023-09-29 17:34:32.996000-04:00,631243923209168383,EAST,0.8634737730026245,DAYLIGHT,-73.877128,40.768004
889,nlbx_1991ca07290ea07cf10b94ab6aebe61e.jpg,0,0,0,35.03125,2023-09-29 13:33:39.412000-04:00,631243951160543743,NORTH_EAST,0.7960889339447021,DAYLIGHT,-74.009724,40.635332
890,nlbx_ac6a92b6d5dc466aa6a5581c81b17230.jpg,0,0,0,118.93881225585938,2023-09-29 14:47:59.690000-04:00,631243922748226047,SOUTH_EAST,0.7979925870895386,DAYLIGHT,-73.977778,40.760428
891,nlbx_3c9eb81adc5c839a8ba47eea92ba1102.jpg,1,1,1,85.22661590576172,2023-09-29 08:19:39.685000-04:00,631243922834856959,EAST,0.70730060338974,DAYLIGHT,-73.948582,40.664057
892,nlbx_9846a7cef38921def1d862c48f3530df.jpg,1,1,1,70.24356842041016,2023-09-29 16:25:18.883000-04:00,631243922600244223,EAST,0.7783291935920715,DAYLIGHT,-73.827533,40.664446
893,nlbx_06cd3fefd8e78779d508e07ef27b70fb.jpg,1,1,1,311.5,2023-09-29 09:03:31.587000-04:00,631243923092769791,NORTH_WEST,0.6429625749588013,DAYLIGHT,-73.827089,40.716281
894,nlbx_7c176bf5b44f924b596e7fb63c7ccc3d.jpg,1,1,1,217.6094970703125,2023-09-29 17:22:57.185000-04:00,631243922733292543,SOUTH_WEST,0.8000950813293457,DAYLIGHT,-73.922195,40.733106
895,nlbx_be60f02d897dc9ddced7792953d8aff3.jpg,0,0,0,264.8746032714844,2023-09-29 07:50:55.748000-04:00,631243935055025663,WEST,0.819992184638977,DAYLIGHT,-73.794004,40.6448
896,nlbx_a6e8b7aa8619b719fb5ee89a595c3c00.jpg,0,0,0,123.0,2023-09-29 12:06:53.160000-04:00,631243949845402623,SOUTH_EAST,0.97941255569458,DAYLIGHT,-73.996728,40.750288
897,nlbx_41c0f9de71843cf712277f05f4efe007.jpg,0,0,0,1.7197265625,2023-09-29 16:00:14.665000-04:00,631243935099084287,NORTH,0.941514790058136,DAYLIGHT,-73.800619,40.668876
898,nlbx_d279d4a27fb587253d3774ba6b624a54.jpg,1,1,1,3.349609375,2023-09-29 11:44:06.985000-04:00,631243922083787775,NORTH,0.8211039304733276,DAYLIGHT,-73.943792,40.845021
899,nlbx_dc0c3a013cab2eb287f40eed25b9fe06.jpg,0,0,0,162.4624481201172,2023-09-29 14:30:28.110000-04:00,631243922736225791,SOUTH,0.8029259443283081,DAYLIGHT,-73.93771,40.748805
900,nlbx_60c280f903bd1748495a75e1c8d52b47.jpg,0,0,0,206.25,2023-09-29 08:20:31.918000-04:00,631243922697421311,SOUTH_WEST,0.7083996534347534,DAYLIGHT,-73.97341,40.724132
901,nlbx_0595226bb813f1a6d1e1fff2d5e22639.jpg,1,1,1,9.125115394592283,2023-09-29 08:59:29.351000-04:00,631243922739508735,NORTH,0.6849245429039001,DAYLIGHT,-73.920194,40.749909
902,nlbx_4f0a49df63a453a2f7f73db1afac6400.jpg,0,1,0,171.42739868164062,2023-09-29 07:56:09.627000-04:00,631243950357812735,SOUTH,0.8032919764518738,DAYLIGHT,-73.984601,40.575729
903,nlbx_bab93c23590615b4e78de6300c99a81e.jpg,1,1,1,244.9106292724609,2023-09-29 14:14:32.970000-04:00,631243923061342719,SOUTH_WEST,0.7619446516036987,DAYLIGHT,-73.792632,40.710863
904,nlbx_6921837dd8473c4775b3e471129f24e9.jpg,1,1,1,119.694620278026,2023-09-29 09:11:02.014000-04:00,631243921529653759,SOUTH_EAST,0.7228431701660156,DAYLIGHT,-73.949166,40.79175
905,nlbx_f643954b6daa2fcb50c23243d6567e4b.jpg,1,1,1,168.375,2023-09-29 08:25:50.552000-04:00,631243950368713727,SOUTH,0.8647392392158508,DAYLIGHT,-73.974549,40.616981
906,nlbx_55781b6e65465c811544dc0391a30719.jpg,0,0,0,223.375,2023-09-29 17:38:55.878000-04:00,631243922552138751,SOUTH_WEST,0.7256758809089661,DAYLIGHT,-73.908468,40.675277
907,nlbx_48122bfb9a4db6fc9cb8609319a97570.jpg,0,1,0,61.0625,2023-09-29 15:31:11.376000-04:00,631243934672497663,NORTH_EAST,0.9218656420707704,DAYLIGHT,-73.816458,40.586064
908,nlbx_036e1c6e48888dc54fe1c0d2808a285a.jpg,0,1,0,123.875,2023-09-29 09:07:44.175000-04:00,631243922684877823,SOUTH_EAST,0.8533539772033691,DAYLIGHT,-73.998942,40.743044
909,nlbx_191f13b29080ac46ca3e2dc640b727d3.jpg,1,1,1,212.0,2023-09-29 12:40:43.536000-04:00,631243922733292543,SOUTH_WEST,0.6880441904067993,DAYLIGHT,-73.92219,40.733111
910,nlbx_3ca877a0bf21f3ac703db239d7d0a081.jpg,0,1,0,134.50434617099512,2023-09-29 09:19:31.903000-04:00,631243922753465855,SOUTH_EAST,0.8873881101608276,DAYLIGHT,-73.987022,40.76595
911,nlbx_3f5403231cad3b0c4cfc63171783fa03.jpg,0,1,0,353.8605651855469,2023-09-29 09:35:05.145000-04:00,631243922083111935,NORTH,0.7893489599227905,DAYLIGHT,-73.940889,40.850331
912,nlbx_6d5f422cc3c6fc08dfd69795e6d03dc8.jpg,1,1,1,359.5,2023-09-29 08:09:00.643000-04:00,631243950325829119,NORTH,0.666761040687561,DAYLIGHT,-73.974481,40.584337
913,nlbx_fc684b9ca5c9fd437516ebfacf5db6a4.jpg,0,0,0,315.0596008300781,2023-09-29 13:04:15.181000-04:00,631243922028479999,NORTH_WEST,0.6943467259407043,DAYLIGHT,-73.929082,40.809308
914,nlbx_fe65f8d9e20c9f509c14040f4f1f555f.jpg,1,1,1,355.6558837890625,2023-09-29 16:46:18.142000-04:00,631243934227127807,NORTH,0.8364984393119812,DAYLIGHT,-73.800853,40.594589
915,nlbx_eee2ea526cc764d267133ac3def536ac.jpg,0,0,0,261.6614074707031,2023-09-29 08:41:43.814000-04:00,631243950381209599,WEST,0.9430347681045532,DAYLIGHT,-73.946344,40.595338
916,nlbx_3e859a4a7d0882d8fff6d9f9d5fe42a1.jpg,0,1,0,105.78848266601562,2023-09-29 12:29:24.760000-04:00,631243922818601983,EAST,0.7649307250976562,DAYLIGHT,-73.968562,40.681904
917,nlbx_f7ed7c8a22d9aa796ddce34420bfe970.jpg,1,1,1,218.125,2023-09-29 08:39:09.636000-04:00,631243950301256191,SOUTH_WEST,0.8070563077926636,DAYLIGHT,-73.988873,40.599756
918,nlbx_7f3867c668bd30be869b1a1602628cfd.jpg,0,0,0,173.8229217529297,2023-09-29 09:40:31.919000-04:00,631243949894659583,SOUTH,0.6911391019821167,DAYLIGHT,-74.013193,40.704013
919,nlbx_6cac0800c8a6fba93d942bdd8a38337b.jpg,1,1,1,110.125,2023-09-29 11:15:05.162000-04:00,631243922524351999,EAST,0.7181668281555176,DAYLIGHT,-73.85293,40.671633
920,nlbx_c2fb41eae7c500f47288a62e5635bfbb.jpg,0,0,0,153.0,2023-09-29 15:50:30.279000-04:00,631243923093001215,SOUTH_EAST,0.8752243518829346,DAYLIGHT,-73.82514,40.71436
921,nlbx_c9e30be6fb0b0e7174e634f89546744f.jpg,0,1,0,100.375,2023-09-29 12:25:13.205000-04:00,631243935097901567,EAST,0.8088361024856567,DAYLIGHT,-73.803916,40.665167
922,nlbx_09da965305803f8274b4835f5802123c.jpg,0,1,0,210.625,2023-09-29 11:35:44.417000-04:00,631243935004503551,SOUTH_WEST,0.76153564453125,DAYLIGHT,-73.780054,40.662918
923,nlbx_5c9834da70a3069ac9bf0eab27d178fc.jpg,1,1,1,292.2698669433594,2023-09-29 08:18:16.142000-04:00,631243922604147199,WEST,0.8965712785720825,DAYLIGHT,-73.842375,40.66874
924,nlbx_0189f86ae51360f4f2944f5cbc524496.jpg,1,1,1,222.59848022460935,2023-09-29 08:33:53.238000-04:00,631243922480083455,SOUTH_WEST,0.8356173634529114,DAYLIGHT,-73.899747,40.740177
925,nlbx_ad6922e04d229317ae32dc50e4977485.jpg,1,1,1,82.6875,2023-09-29 08:29:48.553000-04:00,631243950371997695,EAST,0.9527957439422609,DAYLIGHT,-73.964894,40.61748
926,nlbx_8ebdc7359b13f5e07da5b5db3f51f116.jpg,0,0,0,29.1484432220459,2023-09-29 17:02:35.296000-04:00,631243921528730111,NORTH_EAST,0.811600923538208,DAYLIGHT,-73.958152,40.803215
927,nlbx_4aec74ec2606723fb134c32d81a0fc47.jpg,0,0,0,284.6,2023-09-29 10:31:36.925000-04:00,631243950602470911,WEST,0.6961129903793335,DAYLIGHT,-74.094103,40.610788
928,nlbx_cfcaf67d65dc22f5fa227b357a7e4611.jpg,0,0,0,322.5,2023-09-29 17:44:50.008000-04:00,631243950879087615,NORTH_WEST,0.7576372623443604,DAYLIGHT,-73.95559,40.640451
929,nlbx_d36366b360b0debd2369d2d7fabd003c.jpg,0,0,0,325.6281433105469,2023-09-29 15:45:02.435000-04:00,631243949912706047,NORTH_WEST,0.915523648262024,DAYLIGHT,-74.003098,40.678824
930,nlbx_7c89c22bbe1f4c0871d411872a5874f3.jpg,1,1,1,60.20499038696289,2023-09-29 13:17:04.846000-04:00,631243919476202495,NORTH_EAST,0.6510297656059265,DAYLIGHT,-73.872957,40.85611
931,nlbx_fdfdb1ff1d8341fe09e21f96655e7d9a.jpg,1,1,1,310.25,2023-09-29 11:17:44.584000-04:00,631243923092789247,NORTH_WEST,0.9222400188446044,DAYLIGHT,-73.826965,40.716225
932,nlbx_eaa77e061e06c9143a9704110bb4c6b6.jpg,0,0,0,299.14312744140625,2023-09-29 14:13:59.856000-04:00,631243922488435711,NORTH_WEST,0.6614421606063843,DAYLIGHT,-73.892077,40.746978
933,nlbx_6271c72bf47bef03f1c66404371e0712.jpg,1,1,1,324.25,2023-09-29 08:28:11.195000-04:00,631243951172592127,NORTH_WEST,0.8761256337165833,DAYLIGHT,-73.997145,40.66955
934,nlbx_06c3aac3fbcdb9148b7f1eae64d59b2f.jpg,1,1,1,27.89337118428187,2023-09-29 09:18:50.480000-04:00,631243922727296511,NORTH_EAST,0.850443959236145,DAYLIGHT,-73.949195,40.768444
935,nlbx_c425846bb2c780ee7d5bc7f0c1627a02.jpg,0,0,0,337.40106201171875,2023-09-29 16:27:56.086000-04:00,631243923108456959,NORTH_WEST,0.9520393013954164,DAYLIGHT,-73.812349,40.695756
936,nlbx_473c40db02d05412e98ee06d105d3a1e.jpg,1,1,1,8.780055046081543,2023-09-29 09:16:31.776000-04:00,631243949977674239,NORTH,0.7703180313110352,DAYLIGHT,-73.990638,40.703769
937,nlbx_b8f2af49fc47e002c00ff36039cc9990.jpg,0,0,0,63.9918212890625,2023-09-29 15:47:07.778000-04:00,631243922614334975,NORTH_EAST,0.722707986831665,DAYLIGHT,-73.884835,40.686574
938,nlbx_93e68f3020510b0820bbe4d88b951cd1.jpg,0,0,0,259.5066736406787,2023-09-29 15:28:31.130000-04:00,631243922687475199,WEST,0.8860177993774414,DAYLIGHT,-74.00206,40.736421
939,nlbx_c017bfcffe59c8dd5b6594bd9c36e2d6.jpg,1,1,1,182.125,2023-09-29 16:24:43.820000-04:00,631243922733413375,SOUTH,0.8673642873764038,DAYLIGHT,-73.922026,40.733372
940,nlbx_47cb8830a8282486b0c87f18611c7db8.jpg,0,1,0,272.75958251953125,2023-09-29 10:01:47.061000-04:00,631243922442364927,WEST,0.876433253288269,DAYLIGHT,-73.903133,40.712793
941,nlbx_9a659bb25629da27ea0e0d18ec54efaf.jpg,0,0,0,299.2250061035156,2023-09-29 10:51:31.843000-04:00,631243922689577983,NORTH_WEST,0.8451752662658691,DAYLIGHT,-73.984427,40.747528
942,nlbx_4443715110974db9f8f11bc051040e49.jpg,0,1,0,301.25,2023-09-29 13:54:09.531000-04:00,631243919472760831,NORTH_WEST,0.7690144181251526,DAYLIGHT,-73.891532,40.877796
943,nlbx_2ee1db15f5a2c82208c3d53308c724f4.jpg,0,0,0,67.28942108154297,2023-09-29 16:28:45.611000-04:00,631243923202458111,NORTH_EAST,0.7166801691055298,DAYLIGHT,-73.885705,40.767272
944,nlbx_6fe1c3e299d6f75f0905046f291edaf5.jpg,0,0,0,65.80169105067353,2023-09-29 13:21:41.604000-04:00,631243922731001343,NORTH_EAST,0.6973171234130859,DAYLIGHT,-73.929836,40.744294
945,nlbx_82afef43f75b16386d39ef7c61295794.jpg,0,0,0,35.5625,2023-09-29 16:21:22.417000-04:00,631243951169904127,NORTH_EAST,0.606855034828186,DAYLIGHT,-73.986175,40.669328
946,nlbx_23543e470e83c3cd2bbe16330d6d2b2e.jpg,1,1,1,169.4210968017578,2023-09-29 10:38:41.922000-04:00,631243923289613311,SOUTH,0.7527461051940918,DAYLIGHT,-73.929848,40.799253
947,nlbx_3c0b415f4254f60c85ff9593fac30042.jpg,1,1,1,79.0007553100586,2023-09-29 10:36:14.317000-04:00,631243949990601215,EAST,0.741021454334259,DAYLIGHT,-73.992165,40.709769
948,nlbx_51679747ce49d947445a095541b1bc7a.jpg,1,1,1,206.65335083007807,2023-09-29 09:10:46.611000-04:00,631243949787881983,SOUTH_WEST,0.8817278146743774,DAYLIGHT,-74.009188,40.74026
949,nlbx_8b086758849ae5074b9ff4456dd58516.jpg,1,1,1,296.75,2023-09-29 09:33:32.077000-04:00,631243922716788735,NORTH_WEST,0.9174346327781676,DAYLIGHT,-73.94505,40.752464
950,nlbx_fc765d07f8c4dd715edaf67b53ecf2ea.jpg,0,0,0,333.0548362282244,2023-09-29 16:13:25.451000-04:00,631243949912661503,NORTH_WEST,0.966431736946106,DAYLIGHT,-74.001603,40.676785
951,nlbx_40f22db8fe58457894c8c89d0ba8bc4c.jpg,0,0,0,208.859619140625,2023-09-29 16:48:12.715000-04:00,631243922682756095,SOUTH_WEST,0.7999403476715088,DAYLIGHT,-73.986735,40.733905
952,nlbx_aa5b1a5e51e6bbfb57527d1989632826.jpg,0,0,0,3.840313911437988,2023-09-29 08:48:19.349000-04:00,631243922831924735,NORTH,0.792390763759613,DAYLIGHT,-73.953579,40.666718
953,nlbx_6f8ce3d9132e0556c4fa3edd646eba7c.jpg,1,1,1,156.75,2023-09-29 14:12:44.438000-04:00,631243923108406783,SOUTH_EAST,0.7357118129730225,DAYLIGHT,-73.813485,40.696354
954,nlbx_f36df11979fb27f2f1073b13dd8f530a.jpg,0,1,0,265.581298828125,2023-09-29 09:15:31.049000-04:00,631243950938220031,WEST,0.7301974296569824,DAYLIGHT,-73.956161,40.653777
955,nlbx_c8623c94659ab68a52b55f62d3a8eae2.jpg,0,0,0,64.83649444580078,2023-09-29 17:39:40.650000-04:00,631243922486962687,NORTH_EAST,0.6377027034759521,DAYLIGHT,-73.903491,40.738212
956,nlbx_3da64bc63ce1d39da246d758b35cc573.jpg,0,0,0,33.257703874178254,2023-09-29 16:29:15.336000-04:00,631243923290952703,NORTH_EAST,0.8945209980010986,DAYLIGHT,-73.924035,40.792524
957,nlbx_aaac7bccd15af28f354efb15a42147b8.jpg,0,0,0,193.5529937744141,2023-09-29 18:51:03.726000-04:00,631243921933318143,SOUTH,0.9625293612480164,NIGHTTIME,-73.908993,40.885608
958,nlbx_7f6a44236e3b43d249ab8cc9ca56357f.jpg,1,1,1,40.1875,2023-09-29 09:01:29.014000-04:00,631243949916500479,NORTH_EAST,0.778197169303894,DAYLIGHT,-74.00935,40.681368
959,nlbx_29ad4f7199b325dc4a8ac97d4ce19c5b.jpg,0,1,0,235.25,2023-09-29 10:45:35.425000-04:00,631243920529032703,SOUTH_WEST,0.8135913014411926,DAYLIGHT,-73.734017,40.738837
960,nlbx_0694e826c53a263473ca2fc0743ee463.jpg,1,1,1,127.3001480102539,2023-09-29 09:35:21.935000-04:00,631243922893064191,SOUTH_EAST,0.7147687673568726,DAYLIGHT,-73.948441,40.704447
961,nlbx_8365cf592215015191de2146bc7d5ca2.jpg,0,0,0,283.9836730957031,2023-09-29 12:54:08.062000-04:00,631243922045314559,WEST,0.6573769450187683,DAYLIGHT,-73.898771,40.847173
962,nlbx_23ae830cdaa11e9e7da0025123c974c6.jpg,1,1,1,81.0,2023-09-29 17:36:44.398000-04:00,631243919476201983,EAST,0.7473477125167847,DAYLIGHT,-73.872953,40.856142
963,nlbx_d505558df8e5a399e3be03e1c64c8699.jpg,0,0,0,306.2599792480469,2023-09-29 17:58:47.384000-04:00,631243922874991615,NORTH_WEST,0.9444250464439392,DAYLIGHT,-73.896372,40.693561
964,nlbx_d866132d88dc8bc92ac6bc9aab5fca45.jpg,1,1,1,293.75,2023-09-29 08:46:46.148000-04:00,631243923214251007,NORTH_WEST,0.7545075416564941,DAYLIGHT,-73.888473,40.768936
965,nlbx_84374c58d70a2c78f3f25dbfad116de0.jpg,1,1,1,19.5,2023-09-29 13:29:53.528000-04:00,631243922021150207,NORTH,0.8074120879173279,DAYLIGHT,-73.934935,40.835652
966,nlbx_9c734c4f313d7a3c449ea024dd542459.jpg,0,0,0,156.125,2023-09-29 09:06:15.204000-04:00,631243919490420223,SOUTH_EAST,0.8128923773765564,DAYLIGHT,-73.875475,40.867576
967,nlbx_3391219c5a0ba3a4e6b9b617c934b470.jpg,0,0,0,249.20651245117188,2023-09-29 10:17:31.190000-04:00,631243923103243263,WEST,0.7642261385917664,DAYLIGHT,-73.817306,40.686023
968,nlbx_68acd61f5311d77258084008a1024538.jpg,0,0,0,257.5,2023-09-29 15:48:44.126000-04:00,631243923141049855,WEST,0.8134486675262451,DAYLIGHT,-73.782292,40.708141
969,nlbx_5e4ccedf5267aa9ed866c258a7909330.jpg,0,0,0,228.82373046875,2023-09-29 09:31:07.284000-04:00,631243951151861247,SOUTH_WEST,0.6000038385391235,DAYLIGHT,-74.012189,40.628652
970,nlbx_7b804f9450eb3da22d42eac235be2181.jpg,1,1,1,351.7561112344981,2023-09-29 08:12:15.682000-04:00,631243950384619007,NORTH,0.731327474117279,DAYLIGHT,-73.965461,40.59775
971,nlbx_548a4f366dcf78a6168a3c700e423489.jpg,0,1,0,205.022216796875,2023-09-29 10:15:09.509000-04:00,631243922723148799,SOUTH_WEST,0.8394695520401001,DAYLIGHT,-73.940161,40.765727
972,nlbx_3878ee6aa4d2288ff5912e0389e34ab3.jpg,0,0,0,267.5,2023-09-29 08:52:26.136000-04:00,631243922598959615,WEST,0.9175314903259276,DAYLIGHT,-73.830773,40.663559
973,nlbx_6d9ad6cd12d7a8e8973d121fbf4145cd.jpg,0,0,0,6.162691116333008,2023-09-29 13:36:44.221000-04:00,631243945471257599,NORTH,0.8115442991256714,DAYLIGHT,-74.141973,40.619415
974,nlbx_3e2dc6991d8173d797e32634e9240cb6.jpg,0,0,0,283.0151672363281,2023-09-29 08:18:59.247000-04:00,631243945355682303,WEST,0.9087623357772828,DAYLIGHT,-74.227852,40.536718
975,nlbx_0ccf80a956fb019a1126a4486ccbf543.jpg,0,0,0,281.90947482865363,2023-09-29 14:52:33.802000-04:00,631243923236897279,WEST,0.8569587469100952,DAYLIGHT,-73.914676,40.753657
976,nlbx_a044258086e7a6f4620d18569b3eb6a6.jpg,1,1,1,271.75,2023-09-29 10:38:03.781000-04:00,631243923016431615,WEST,0.7912614345550537,DAYLIGHT,-73.837117,40.778626
977,nlbx_501449074b373c2cf24621895d113d13.jpg,0,1,0,87.25,2023-09-29 09:33:25.893000-04:00,631243934997488127,EAST,0.8041733503341675,DAYLIGHT,-73.787242,40.644617
978,nlbx_c3eed55be4d512c0c27a836207b772e3.jpg,0,0,0,21.87837219238281,2023-09-29 14:24:27.685000-04:00,631243949844989439,NORTH,0.6545249223709106,DAYLIGHT,-74.000931,40.752142
979,nlbx_63af752fd7869da494d4727eaa563158.jpg,1,1,1,180.9389495849609,2023-09-29 08:21:52.530000-04:00,631243950325884927,SOUTH,0.8553524017333984,DAYLIGHT,-73.97453,40.583301
980,nlbx_f6269bb291178eb114cabdf0799f4226.jpg,1,1,1,187.625,2023-09-29 16:04:09.390000-04:00,631243922733413375,SOUTH,0.7853885293006897,DAYLIGHT,-73.922025,40.733375
981,nlbx_437d308e6adf1ae5d99c4a32c9cef6ac.jpg,0,0,0,196.6829624547438,2023-09-29 16:02:52.138000-04:00,631243951122223615,SOUTH,0.7790875434875488,DAYLIGHT,-73.99516,40.633388
982,nlbx_0a593e32a4d80c3a67b3f4d1d29d11fb.jpg,0,1,0,207.25,2023-09-29 14:18:49.993000-04:00,631243951176226303,SOUTH_WEST,0.7335464954376221,DAYLIGHT,-73.996653,40.6651
983,nlbx_a6672ce8c065364ac792158a63e98895.jpg,1,1,1,164.25,2023-09-29 11:53:08.222000-04:00,631243934828508671,SOUTH,0.7703990936279297,DAYLIGHT,-73.726927,40.65811
984,nlbx_105d7d9146dfdaeebd726979bfdee30b.jpg,0,0,0,48.06758194187443,2023-09-29 10:04:30.373000-04:00,631243950888695295,NORTH_EAST,0.9031330943107604,DAYLIGHT,-73.94588,40.615265
985,nlbx_c83861451c15abbdce9ddc2150fe243f.jpg,1,1,1,17.859375,2023-09-29 11:17:27.068000-04:00,631243919537022975,NORTH,0.6624853014945984,DAYLIGHT,-73.864839,40.890997
986,nlbx_ab495568b87f81a58591235ee3ca541f.jpg,0,0,0,244.0962630264568,2023-09-29 09:43:01.938000-04:00,631243922918127615,SOUTH_WEST,0.8595461249351501,DAYLIGHT,-73.825598,40.755106
987,nlbx_55e53dc4f534a655907db0a8fd3a1d13.jpg,0,0,0,35.605445861816406,2023-09-29 18:00:38.087000-04:00,631243922661286399,NORTH_EAST,0.8352344632148743,DAYLIGHT,-73.964149,40.75246
988,nlbx_eba9a87292854cda25134d65f0d88ca3.jpg,0,0,0,340.6610136839892,2023-09-29 15:18:42.984000-04:00,631243922493211135,NORTH,0.7520537376403809,DAYLIGHT,-73.897551,40.752606
989,nlbx_d27649722ebcb140871459e1d875d54c.jpg,1,1,1,264.6650390625,2023-09-29 09:20:28.285000-04:00,631243922669198847,WEST,0.84031742811203,DAYLIGHT,-73.948939,40.730705
990,nlbx_3dbdce464b4bb7fdafe7f47f9683be1b.jpg,1,1,1,306.25,2023-09-29 13:17:25.453000-04:00,631243923293034495,NORTH_WEST,0.6287842988967896,DAYLIGHT,-73.907502,40.805105
991,nlbx_fa85f8e8671350d0a9b3b9c100d365e4.jpg,1,1,1,27.9,2023-09-29 16:13:49.046000-04:00,631243919264861695,NORTH_EAST,0.9640294313430786,DAYLIGHT,-73.810007,40.871472
992,nlbx_175e1c7c495c36b97c34de8ce7276b03.jpg,0,0,0,47.15625,2023-09-29 16:27:10.284000-04:00,631243950913004543,NORTH_EAST,1.0,DAYLIGHT,-73.916189,40.658021
993,nlbx_74319a7e9fb4475e7411b139394ce8b4.jpg,0,0,0,60.21163940429688,2023-09-29 13:16:43.971000-04:00,631243920678134783,NORTH_EAST,0.7569866180419922,DAYLIGHT,-73.750269,40.687611
994,nlbx_5d607f56bb524545d0bda6da9d3ebc5a.jpg,1,1,1,94.41798400878906,2023-09-29 08:36:13.174000-04:00,631243922858413055,EAST,0.6990766525268555,DAYLIGHT,-73.921156,40.713848
995,nlbx_f1e150e78bd33db7dfc374b8780ceac7.jpg,0,0,0,28.60317431339337,2023-09-29 13:48:08.230000-04:00,631243922690082815,NORTH_EAST,0.8720810413360596,DAYLIGHT,-73.978816,40.750376
996,nlbx_f2948ad8b46c164eec44232346634201.jpg,1,1,1,217.6097412109375,2023-09-29 15:42:04.184000-04:00,631243922733292543,SOUTH_WEST,0.7051442265510559,DAYLIGHT,-73.922195,40.733106
997,nlbx_c06c48d17bdc5b8950ff7065e8d39af3.jpg,0,0,0,155.30770874023438,2023-09-29 15:07:35.648000-04:00,631243922492285951,SOUTH_EAST,0.8628171682357788,DAYLIGHT,-73.896807,40.749513
998,nlbx_93d2425caea5ee99491f54825517d580.jpg,0,1,0,354.40594482421875,2023-09-29 09:33:30.541000-04:00,631243945553537023,NORTH,0.7627554535865784,DAYLIGHT,-74.111179,40.62935
999,nlbx_3f1f49f5478932cac5475dead3af64ad.jpg,1,1,1,94.78817749023438,2023-09-29 08:35:53.174000-04:00,631243922862414335,EAST,0.7116356492042542,DAYLIGHT,-73.922382,40.713921
1000,nlbx_484bb12d01b3849115ceedf74dd7c67c.jpg,1,1,1,172.375,2023-09-29 10:12:02.490000-04:00,631243922618010111,SOUTH,0.8460699915885925,DAYLIGHT,-73.890357,40.689932
1001,nlbx_4d69b6873e72cf2c8d04ad720ffdda36.jpg,1,1,1,338.040283203125,2023-09-29 23:33:13.656000-04:00,631243919452382719,NORTH,0.7436660528182983,NIGHTTIME,-73.831354,40.86175
1002,nlbx_41146337215824cd7c3e7d40c9a72835.jpg,0,1,0,316.4449100461033,2023-09-29 09:33:01.455000-04:00,631243934998647807,NORTH_WEST,0.7205510139465332,DAYLIGHT,-73.780869,40.646496
1003,nlbx_d8c8203e575842fc2a58aaac2c0a40ab.jpg,0,1,0,283.35955810546875,2023-09-29 17:31:21.057000-04:00,631243922658868223,WEST,0.9253771305084229,DAYLIGHT,-73.942225,40.73896
1004,nlbx_2cc979d9bd4841a337e8b37815c02d0e.jpg,0,0,0,101.92000579833984,2023-09-29 10:20:04.005000-04:00,631243922733275647,EAST,0.8290688991546631,DAYLIGHT,-73.922604,40.732783
1005,nlbx_e0b63a5b14f46372ba821e7335481325.jpg,0,0,0,61.375,2023-09-29 16:37:28.238000-04:00,631243935025005055,NORTH_EAST,0.9146683812141418,DAYLIGHT,-73.782406,40.64461
1006,nlbx_c160907c3b81a1887cedf86fb92cbdce.jpg,0,1,0,298.9875183105469,2023-09-29 10:56:42.812000-04:00,631243922033560575,NORTH_WEST,0.613682210445404,DAYLIGHT,-73.940706,40.810719
1007,nlbx_0693fed24313a2132ffdfae7b91fcd79.jpg,1,1,1,217.6097717285156,2023-09-29 18:03:34.254000-04:00,631243922733292543,SOUTH_WEST,0.7465143203735352,DAYLIGHT,-73.922184,40.733116
1008,nlbx_4cadb717162a36ab76a44343c4993457.jpg,1,1,1,321.00347900390625,2023-09-29 15:43:09.200000-04:00,631243923136604671,NORTH_WEST,0.996280312538147,DAYLIGHT,-73.775356,40.701215
1009,nlbx_5568ccdf7dacfa70622c622dd4a8c443.jpg,0,1,0,77.9375,2023-09-29 17:28:24.276000-04:00,631243923210674687,EAST,0.7989732027053833,DAYLIGHT,-73.877668,40.770181
1010,nlbx_5a8d88bbffab5b1ef403e35b387f43a3.jpg,0,0,0,116.8100128173828,2023-09-29 09:50:29.507000-04:00,631243949919736319,SOUTH_EAST,0.8911439776420593,DAYLIGHT,-73.987124,40.690172
1011,nlbx_cd243b5cf84c604c59c3257895b0f330.jpg,0,0,0,208.8085784912109,2023-09-29 22:16:34.791000-04:00,631243922702769663,SOUTH_WEST,0.7766848802566528,NIGHTTIME,-73.978784,40.728402
1012,nlbx_b2f120bbce32ac83d113eb7cdc802026.jpg,1,1,1,206.609130859375,2023-09-29 16:38:12.028000-04:00,631243919537522175,SOUTH_WEST,0.8929575681686401,DAYLIGHT,-73.866402,40.889977
1013,nlbx_ca6fd229519a1e5288df2b6f907f7408.jpg,1,1,1,351.8592529296875,2023-09-29 10:33:35.498000-04:00,631243951127072255,NORTH,0.8641496896743774,DAYLIGHT,-73.979534,40.637729
1014,nlbx_7f6b69d192090b94f0b31853afc02950.jpg,0,1,0,89.56768035888672,2023-09-29 08:38:07.629000-04:00,631243921093944831,EAST,0.6219366788864136,DAYLIGHT,-73.716075,40.759242
1015,nlbx_907c53b13958c2c45dd8b776f92d68ad.jpg,1,1,1,224.25,2023-09-29 11:12:03.389000-04:00,631243922414341631,SOUTH_WEST,0.6060147285461426,DAYLIGHT,-73.910915,40.717012
1016,nlbx_c166ae0fb9f9db90756979771e851975.jpg,1,1,1,73.82134246826172,2023-09-29 08:57:59.709000-04:00,631243922486867967,EAST,0.8886495232582092,DAYLIGHT,-73.902249,40.738465
1017,nlbx_99d746bef75db5f4e299fa51363da8ac.jpg,1,1,1,348.0,2023-09-29 08:55:40.202000-04:00,631243950906994175,NORTH,0.755719780921936,DAYLIGHT,-73.919725,40.642841
1018,nlbx_f97b2b8068a168ed178d36430d1115f2.jpg,1,1,1,218.7306060791016,2023-09-29 09:02:29.751000-04:00,631243922670795775,SOUTH_WEST,0.7515031099319458,DAYLIGHT,-73.953038,40.718252
1019,nlbx_a95da84f2bffc51235b5c344d72251ad.jpg,1,1,1,75.25,2023-09-29 11:24:27.192000-04:00,631243950347890175,EAST,0.847996711730957,DAYLIGHT,-74.000076,40.577254
1020,nlbx_9a6f3c6e517d88bb30cf0c8c771c5237.jpg,1,1,1,257.1725158691406,2023-09-29 07:31:50.365000-04:00,631243934229877247,WEST,0.8136529326438904,DAYLIGHT,-73.808284,40.590915
1021,nlbx_9cd7d0bc2ca1937e3116478f6608ab93.jpg,0,1,0,289.75,2023-09-29 11:29:50.728000-04:00,631243922083569151,WEST,0.8050987720489502,DAYLIGHT,-73.942724,40.849857
1022,nlbx_9c49a07cff79c03d8ff29f4e6dae06b9.jpg,1,1,1,156.74508666992188,2023-09-29 12:00:08.724000-04:00,631243923110960127,SOUTH_EAST,0.6965412497520447,DAYLIGHT,-73.807706,40.686649
1023,nlbx_b9e38f65f3d3f16d12cb4dc46538dc34.jpg,0,1,0,286.84844970703125,2023-09-29 08:42:09.145000-04:00,631243919640433663,WEST,0.8225728273391724,DAYLIGHT,-73.83292,40.847138
1024,nlbx_8d503ffe4aa71bd83d873a3220673358.jpg,1,1,1,347.5146789550781,2023-09-29 11:42:00.855000-04:00,631243951185783807,NORTH,1.0,DAYLIGHT,-73.971868,40.649881
1025,nlbx_b19a52b4beeea1d84d1502c5c8de66bc.jpg,0,0,0,298.9215087890625,2023-09-29 16:59:15.243000-04:00,631243949787718655,NORTH_WEST,0.8537180423736572,DAYLIGHT,-74.001772,40.739444
1026,nlbx_3078ecae59ee789fe9ce5ed1cfdbaeb3.jpg,0,1,0,201.5,2023-09-29 10:34:39.791000-04:00,631243949960349183,SOUTH,0.7412676215171814,DAYLIGHT,-74.001724,40.723461
1027,nlbx_42fc611456939ae09dcf4d3cebcd5e48.jpg,1,1,1,157.93867478764534,2023-09-29 14:31:13.975000-04:00,631243923108407295,SOUTH,0.725361168384552,DAYLIGHT,-73.813438,40.696273
1028,nlbx_60ad09e63a07e086ca0bfcc968d76b66.jpg,0,1,0,149.83407592773438,2023-09-29 10:31:00.051000-04:00,631243922596903935,SOUTH_EAST,0.6987770199775696,DAYLIGHT,-73.835672,40.672602
1029,nlbx_7ad102eab7b44b7aa524dccd373053da.jpg,1,1,1,214.31692504882807,2023-09-29 17:06:17.549000-04:00,631243922733292543,SOUTH_WEST,0.8352950811386108,DAYLIGHT,-73.922155,40.733143
1030,nlbx_a1916df11f4211764c4784cfe61a68d0.jpg,0,1,0,61.89046478271485,2023-09-29 08:20:15.799000-04:00,631243951189744127,NORTH_EAST,0.8108726143836975,DAYLIGHT,-73.977048,40.650947
1031,nlbx_6f6a79b90c609f1e23e2697db7925816.jpg,1,1,1,210.25,2023-09-29 09:49:17.600000-04:00,631243921445524479,SOUTH_WEST,0.9666892886161804,DAYLIGHT,-73.981174,40.791371
1032,nlbx_db042a6d1184241fac6843afc46435ab.jpg,0,0,0,208.5,2023-09-29 12:11:58.685000-04:00,631243921517524479,SOUTH_WEST,0.6517425775527954,DAYLIGHT,-73.953831,40.811622
1033,nlbx_e0dbf922a648ff5efffa741c71d1d0d5.jpg,0,0,0,228.1975686937443,2023-09-29 16:03:43.569000-04:00,631243950887748607,SOUTH_WEST,0.8745750188827515,DAYLIGHT,-73.946261,40.615003
1034,nlbx_f74f9d8dea8064c667589b29876aa901.jpg,0,0,0,212.96469116210935,2023-09-29 11:53:04.847000-04:00,631243922656499199,SOUTH_WEST,0.9479389190673828,DAYLIGHT,-73.946712,40.749455
1035,nlbx_7cdee9f1b1c35627351c3e75caaa3247.jpg,0,1,0,0.8701171875,2023-09-29 10:01:29.659000-04:00,631243919476578303,NORTH,0.9113314747810364,DAYLIGHT,-73.867734,40.853139
1036,nlbx_670737b1398dfee6c12287d001ca9bb3.jpg,0,0,0,84.125,2023-09-29 08:01:53.389000-04:00,631243923203674623,EAST,0.7133559584617615,DAYLIGHT,-73.883786,40.751882
1037,nlbx_5a68426d1e545dcf46608bf84a6f7463.jpg,1,1,1,277.9215393066406,2023-09-29 10:54:34.261000-04:00,631243923090514431,WEST,0.8843432068824768,DAYLIGHT,-73.848009,40.701795
1038,nlbx_fb8940132c969e9ac46e3d57f9d1d947.jpg,1,1,1,300.2261657714844,2023-09-29 09:24:27.153000-04:00,631243921489670655,NORTH_WEST,0.7721370458602905,DAYLIGHT,-73.98705,40.775943
1039,nlbx_be823cc70ca15305adf7c5fe2ac5157c.jpg,1,1,1,126.1874542236328,2023-09-29 09:28:23.515000-04:00,631243919452706815,SOUTH_EAST,0.7411272525787354,DAYLIGHT,-73.834213,40.864143
1040,nlbx_263efdbd65df060a5f3754fd1e8fecdd.jpg,0,1,0,129.375,2023-09-29 12:03:41.417000-04:00,631243951107016703,SOUTH_EAST,0.7540556788444519,DAYLIGHT,-74.013551,40.654356
1041,nlbx_4d3474029732c5097aa4527ed7e64984.jpg,1,1,1,207.625,2023-09-29 15:17:38.808000-04:00,631243919537478655,SOUTH_WEST,0.620347261428833,DAYLIGHT,-73.866272,40.890174
1042,nlbx_1765aab0cb70a326e20446fb629a8476.jpg,1,1,1,332.55889892578125,2023-09-29 10:56:35.320000-04:00,631243949912829439,NORTH_WEST,0.73006272315979,DAYLIGHT,-74.003126,40.679333
1043,nlbx_474b2af7efc654257b4135efeefe2db0.jpg,0,1,0,155.25,2023-09-29 08:25:40.434000-04:00,631243923191094783,SOUTH_EAST,0.6939163208007812,DAYLIGHT,-73.910285,40.772545
1044,nlbx_3233c577512f11afb4b02ba63b1d9d3b.jpg,0,1,0,308.6414794921875,2023-09-29 07:47:12.076000-04:00,631243950309194751,NORTH_WEST,0.7924450635910034,DAYLIGHT,-73.988888,40.602662
1045,nlbx_86f810c23febbaad97dc8d22f9aa33a7.jpg,0,0,0,111.53296661376952,2023-09-29 17:16:08.730000-04:00,631243920655684095,EAST,0.9531183242797852,DAYLIGHT,-73.72674,40.673989
1046,nlbx_bf26e49b0978b4ecac201317f3965d91.jpg,0,1,0,293.940621749373,2023-09-29 14:18:47.283000-04:00,631243922690399743,NORTH_WEST,0.7552123665809631,DAYLIGHT,-73.975559,40.746913
1047,nlbx_61cfa1225d72c83e5fd4a988f9871755.jpg,1,1,1,76.40369340713042,2023-09-29 08:49:49.570000-04:00,631243922885608447,EAST,0.802862823009491,DAYLIGHT,-73.95558,40.699148
1048,nlbx_f2581baf68f41ee5292762eb46cd09c2.jpg,1,1,1,12.970669541248752,2023-09-29 08:17:50.264000-04:00,631243919199459327,NORTH,0.8379300832748413,DAYLIGHT,-73.801834,40.863902
1049,nlbx_bc5f41dd3d09b1c5800a51a41a92c894.jpg,0,1,0,65.822509765625,2023-09-29 09:41:42.704000-04:00,631243950614853119,NORTH_EAST,0.7942314743995667,DAYLIGHT,-74.072165,40.592581
1050,nlbx_02b31804c0eace646f72e6bcfe31f0b3.jpg,1,1,1,72.6875,2023-09-29 11:24:04.192000-04:00,631243950351764479,EAST,0.8513116836547852,DAYLIGHT,-74.001621,40.57708
1051,nlbx_2e8c4bf894fa6d34409c90894e189e82.jpg,0,0,0,261.90087890625,2023-09-29 18:00:37.333000-04:00,631243919669712895,WEST,0.8768892884254456,DAYLIGHT,-73.85304,40.842495
1052,nlbx_3af5da3696b40e0c7b415ff75c28ce9c.jpg,0,1,0,32.18034830188043,2023-09-29 12:33:02.742000-04:00,631243950923023871,NORTH_EAST,0.975153923034668,DAYLIGHT,-73.903454,40.627284
1053,nlbx_da1d7c0bbc83f387e41ce6ab1f753a3f.jpg,0,1,0,57.0625,2023-09-29 08:56:08.539000-04:00,631243922388249599,NORTH_EAST,0.842992901802063,DAYLIGHT,-73.872143,40.735954
1054,nlbx_dd3213aa79c6725a73957c6a260bbe5f.jpg,0,0,0,272.76983642578125,2023-09-29 10:52:06.490000-04:00,631243949977680895,WEST,0.728148341178894,DAYLIGHT,-73.990117,40.703223
1055,nlbx_ba151b68a766d6ee2b10390c33fece49.jpg,0,0,0,1.141636610031128,2023-09-29 11:47:19.108000-04:00,631243919448553471,NORTH,0.7741754055023193,DAYLIGHT,-73.855859,40.862446
1056,nlbx_33817ef1174295da3192684b0cee564d.jpg,1,1,1,109.0625,2023-09-29 08:43:59.788000-04:00,631243922524350975,EAST,0.764163076877594,DAYLIGHT,-73.852745,40.671574
1057,nlbx_b65e1ed54b1a45775569b46e5690a045.jpg,1,1,1,304.1833801269531,2023-09-29 11:30:06.547000-04:00,631243922064379391,NORTH_WEST,0.9976431727409364,DAYLIGHT,-73.896004,40.836445
1058,nlbx_e49609c1d8c45cded0459c8c8e5f44ea.jpg,0,1,0,318.75,2023-09-29 12:05:02.195000-04:00,631243950892198911,NORTH_WEST,0.8659150004386902,DAYLIGHT,-73.934366,40.620291
1059,nlbx_38a5973df8ffb12f378a1a61853cfd75.jpg,1,1,1,31.1895809173584,2023-09-29 08:33:25.893000-04:00,631243920656408063,NORTH_EAST,0.8658698201179504,DAYLIGHT,-73.729567,40.678918
1060,nlbx_460b406f623f79c4dec0c161552645ed.jpg,0,0,0,27.20222261627444,2023-09-29 14:30:39.164000-04:00,631243949851657215,NORTH_EAST,0.7953133583068848,DAYLIGHT,-73.993419,40.762443
1061,nlbx_4d3931c2d267c0ebbb1439840121475f.jpg,0,1,0,306.0,2023-09-29 10:27:54.372000-04:00,631243922759930879,NORTH_WEST,0.7018247246742249,DAYLIGHT,-73.962554,40.76055
1062,nlbx_3c434a0b079b56f5955bfa78e39f7237.jpg,0,0,0,124.25,2023-09-29 10:18:34.335000-04:00,631243922716533759,SOUTH_EAST,0.8172979354858398,DAYLIGHT,-73.938952,40.74984
1063,nlbx_6a53295a216a0f0896cebb19c9486e56.jpg,0,1,0,288.47564341089463,2023-09-29 08:24:27.421000-04:00,631243922736359423,WEST,0.6678829789161682,DAYLIGHT,-73.937467,40.749587
1064,nlbx_6237a555d63003d6fabb5ce14feb9202.jpg,1,1,1,347.51580810546875,2023-09-29 14:05:16.434000-04:00,631243951185783295,NORTH,0.707591712474823,DAYLIGHT,-73.971883,40.649931
1065,nlbx_3ac654efa7b09c731c5018105e2b8263.jpg,0,0,0,35.09375,2023-09-29 15:38:34.666000-04:00,631243923092105727,NORTH_EAST,0.7779874801635742,DAYLIGHT,-73.826567,40.713489
1066,nlbx_2d573f3f3c86d6058bf94b811143b540.jpg,1,1,1,308.5811462402344,2023-09-29 08:29:41.784000-04:00,631243951115449855,NORTH_WEST,0.7539235353469849,DAYLIGHT,-74.005328,40.658508
1067,nlbx_a15736819cd8f1e9bc5aed0621839ebd.jpg,0,1,0,312.2327839794104,2023-09-29 11:09:51.425000-04:00,631243923270245375,NORTH_WEST,0.6543464660644531,DAYLIGHT,-73.865222,40.770413
1068,nlbx_ab7ccbc06fe4a7b793177eacb3e49aeb.jpg,0,1,0,6.814701557159424,2023-09-29 11:50:44.005000-04:00,631243921439165439,NORTH,0.7818872928619385,DAYLIGHT,-73.975627,40.796942
1069,nlbx_84edadea44a1d32a374933e9635feccd.jpg,1,1,1,126.0625,2023-09-29 09:27:37.679000-04:00,631243951213800447,SOUTH_EAST,0.7997792959213257,DAYLIGHT,-73.998334,40.666134
1070,nlbx_a011f8df93baf115045878718fb2acef.jpg,0,1,0,152.18677920561194,2023-09-29 10:36:30.615000-04:00,631243951171001855,SOUTH_EAST,0.6621752977371216,DAYLIGHT,-73.987507,40.660606
1071,nlbx_a8047bec419cfec34f0f3fe7b7391cef.jpg,0,0,0,215.875,2023-09-29 09:47:05.426000-04:00,631243922879099391,SOUTH_WEST,0.7649685144424438,DAYLIGHT,-73.910585,40.696413
1072,nlbx_c37aa6db73ad4d5972364ff1b9f64da4.jpg,0,0,0,80.8125,2023-09-29 13:21:56.208000-04:00,631243922809557503,EAST,0.7848843932151794,DAYLIGHT,-73.911754,40.669533
1073,nlbx_65ee4fa44b1ec3018a0e83636ced1e18.jpg,1,1,1,180.8586883544922,2023-09-29 11:19:18.743000-04:00,631243923289321983,SOUTH,0.7320919036865234,DAYLIGHT,-73.929887,40.800176
1074,nlbx_7fc688d47dd59d861803a122a1ea3f7b.jpg,0,1,0,298.5712890625,2023-09-29 08:53:51.936000-04:00,631243922755754495,NORTH_WEST,0.6816659569740295,DAYLIGHT,-73.983704,40.75883
1075,nlbx_2c8bd8d8e43dd27854f6ad9cdb9b71a3.jpg,0,0,0,35.625,2023-09-29 17:52:27.636000-04:00,631243921490357247,NORTH_EAST,0.6964705586433411,DAYLIGHT,-73.98985,40.775885
1076,nlbx_a8efa259d792dd6ff3ab802257991e4f.jpg,0,0,0,262.6101989746094,2023-09-29 10:52:14.941000-04:00,631243922649286143,WEST,0.6692044734954834,DAYLIGHT,-73.953897,40.734569
1077,nlbx_4f6a9c88f456652d424b00f5bffc564c.jpg,0,0,0,212.1048583984375,2023-09-29 12:23:33.719000-04:00,631243951178999807,SOUTH_WEST,0.7294561266899109,DAYLIGHT,-73.974816,40.667071
1078,nlbx_534fa956f07e7d1ef309868cbca8e47a.jpg,1,1,1,81.41425323486328,2023-09-29 08:31:30.099000-04:00,631243922885621247,EAST,0.8469566106796265,DAYLIGHT,-73.956228,40.699072
1079,nlbx_fa805728db43f43efa31abde9cbc9a40.jpg,0,1,0,190.75,2023-09-29 09:02:50.654000-04:00,631243949906216447,SOUTH,0.7497653961181641,DAYLIGHT,-74.014927,40.710672
1080,nlbx_7497c79a5f4631ad236e860c1463fd1a.jpg,0,1,0,351.7804870605469,2023-09-29 12:29:11.102000-04:00,631243951189375999,NORTH,0.7935252785682678,DAYLIGHT,-73.98103,40.65118
1081,nlbx_c50d07615144bc5e10ee4460032ace59.jpg,1,1,1,2.599609375,2023-09-29 11:13:17.172000-04:00,631243923289480703,NORTH,0.7574484944343567,DAYLIGHT,-73.930086,40.802539
1082,nlbx_9209816c3e3aaaca84cd5832b218634e.jpg,1,1,1,298.21014140766755,2023-09-29 10:24:10.973000-04:00,631243922084260863,NORTH_WEST,0.8335044980049133,DAYLIGHT,-73.935844,40.848281
1083,nlbx_c45f96e27ba57c71d8e5e1dc22090453.jpg,0,1,0,328.5286560058594,2023-09-29 07:53:25.162000-04:00,631243922380008959,NORTH_WEST,0.8985590934753418,DAYLIGHT,-73.879752,40.725696
1084,nlbx_db3cb670e35986e4cb23a23d8425d400.jpg,0,1,0,222.014404296875,2023-09-29 10:33:13.267000-04:00,631243923246893567,SOUTH_WEST,0.9309967756271362,DAYLIGHT,-73.916969,40.771054
1085,nlbx_56759510f397f69a4721e26199c49d7a.jpg,1,1,1,190.625,2023-09-29 11:54:10.221000-04:00,631243922733413375,SOUTH,0.7513067722320557,DAYLIGHT,-73.922028,40.733363
1086,nlbx_2e7b288cf1f41875410a81342cb6a598.jpg,1,1,1,72.0,2023-09-29 14:00:36.264000-04:00,631243922600291839,EAST,0.8010467886924744,DAYLIGHT,-73.827389,40.664483
1087,nlbx_f651b6ad873d939b40b9e30647791f7b.jpg,0,0,0,295.75,2023-09-29 17:35:51.415000-04:00,631243922714152447,NORTH_WEST,0.8615150451660156,DAYLIGHT,-73.943201,40.762237
1088,nlbx_e84afe79518e222bcb1fe7f0db52dd57.jpg,0,1,0,79.93048858642578,2023-09-29 12:49:43.669000-04:00,631243919454154239,EAST,0.7194138765335083,DAYLIGHT,-73.829424,40.856193
1089,nlbx_174278e3c8975a44b1865ea7f4c6d350.jpg,1,1,1,35.026762285229246,2023-09-29 09:19:17.480000-04:00,631243922727405567,NORTH_EAST,0.7524864673614502,DAYLIGHT,-73.948741,40.768965
1090,nlbx_feb9b2fb321a9c4119cd267d5c5f30ce.jpg,1,1,1,214.625,2023-09-29 08:42:48.650000-04:00,631243950301160447,SOUTH_WEST,0.7923446893692017,DAYLIGHT,-73.990754,40.597946
1091,nlbx_c8d842df67ded9fb7ec97e73d1d2cd54.jpg,1,1,1,261.2524719238281,2023-09-29 10:35:15.238000-04:00,631243950351881727,WEST,0.8701422810554504,DAYLIGHT,-74.000771,40.577176
1092,nlbx_381b687204e581f54fa4e02678385418.jpg,0,1,0,169.19688415527344,2023-09-29 12:16:52.616000-04:00,631243923289325055,SOUTH,0.7398645281791687,DAYLIGHT,-73.929953,40.80033
1093,nlbx_d33f75558c89adeccddfd39184f08404.jpg,1,1,1,183.1057891845703,2023-09-29 14:54:40.689000-04:00,631243922733413375,SOUTH,0.7281721830368042,DAYLIGHT,-73.922021,40.733397
1094,nlbx_b26421e5447bb016721c2d80e5a001fb.jpg,0,1,0,322.03125,2023-09-29 09:40:00.100000-04:00,631243923054434815,NORTH_WEST,0.8270598649978638,DAYLIGHT,-73.820966,40.710539
1095,nlbx_200a79d47466e6e0a6f4ccedda553a0f.jpg,0,0,0,298.906005859375,2023-09-29 10:49:12.482000-04:00,631243921527589375,NORTH_WEST,0.7364527583122253,DAYLIGHT,-73.951342,40.798564
1096,nlbx_e0ec8e607440d927993198a22a2bdcdc.jpg,0,0,0,100.6,2023-09-29 08:44:46.177000-04:00,631243922070466047,EAST,0.7383638024330139,DAYLIGHT,-73.874712,40.836137
1097,nlbx_e70e57f19eaa5c9dc5a0dbb28d6b4c7e.jpg,0,0,0,350.75,2023-09-29 14:07:56.695000-04:00,631243950296934399,NORTH,0.6490474939346313,DAYLIGHT,-73.980479,40.596835
1098,nlbx_af096821f60bdd61fb5957137a2627c7.jpg,1,1,1,352.6531879222259,2023-09-29 08:26:19.439000-04:00,631243950346330623,NORTH,0.8879284858703613,DAYLIGHT,-73.997432,40.574883
1099,nlbx_bdcf3a116776a3aeadf1630adff80f39.jpg,0,0,0,23.94249075453612,2023-09-29 08:36:21.756000-04:00,631243923204880895,NORTH_EAST,0.9987381100654602,DAYLIGHT,-73.894443,40.765273
1100,nlbx_d9406216e69b51aa3a6a8043c2f1b186.jpg,1,1,1,196.625,2023-09-29 11:59:01.208000-04:00,631243922733413375,SOUTH,0.7840970754623413,DAYLIGHT,-73.922037,40.733327
1101,nlbx_2afddc4a46d4eb91c6e77efccdcf41b7.jpg,0,0,0,196.875,2023-09-29 11:05:39.511000-04:00,631243922659300351,SOUTH,0.8318508863449097,DAYLIGHT,-73.948759,40.743928
1102,nlbx_aa0b970a96ca9d30d8f8e57c7ed5d460.jpg,1,1,1,347.8592834472656,2023-09-29 17:54:39.040000-04:00,631243951185729023,NORTH,0.6767258644104004,DAYLIGHT,-73.971948,40.650374
1103,nlbx_557a2c8ae3e3ad21939bbfff598ac311.jpg,0,1,0,196.875,2023-09-29 09:56:56.543000-04:00,631243922753259519,SOUTH,0.7961746454238892,DAYLIGHT,-73.981502,40.763503
1104,nlbx_ec0758ed1300b2d9dd8d5eac92ceb6b8.jpg,0,1,0,157.91286925227837,2023-09-29 11:06:52.708000-04:00,631243949979272191,SOUTH,0.8189563155174255,DAYLIGHT,-73.985237,40.697306
1105,nlbx_a5f59a6c5d7b2f973170cd8f4ceb680d.jpg,1,1,1,63.39013351536676,2023-09-29 09:57:36.650000-04:00,631243951185172991,NORTH_EAST,0.8733541965484619,DAYLIGHT,-73.969765,40.648861
1106,nlbx_db1aabecf18d8b5381d057fc03125f56.jpg,0,0,0,283.26386384869573,2023-09-29 10:01:34.337000-04:00,631243922416753663,WEST,0.7057943344116211,DAYLIGHT,-73.918673,40.726002
1107,nlbx_d724159f908ddbcbc36317f963ef7716.jpg,0,1,0,154.07361212206325,2023-09-29 14:08:30.797000-04:00,631243923056897535,SOUTH_EAST,0.6738312244415283,DAYLIGHT,-73.81645,40.702431
1108,nlbx_7345c1e0e8abddcaaa5b8cd32a2be5db.jpg,0,1,0,262.17657470703125,2023-09-29 14:26:29.444000-04:00,631243923152779775,WEST,0.9726315140724182,DAYLIGHT,-73.819219,40.717358
1109,nlbx_7c11f74348734498a22fbde97f5b3736.jpg,0,1,0,338.0,2023-09-29 12:38:15.530000-04:00,631243923126905343,NORTH,0.7356318235397339,DAYLIGHT,-73.785189,40.737914
1110,nlbx_a8b5c59be39ec264ec5249c459cdf205.jpg,1,1,1,71.2042007446289,2023-09-29 09:01:03.957000-04:00,631243923214081023,EAST,0.8934333920478821,DAYLIGHT,-73.887037,40.766897
1111,nlbx_13e11288a1f97b2bb33512daa32ed0bf.jpg,0,1,0,69.5625,2023-09-29 10:40:48.699000-04:00,631243920504620543,EAST,0.7969058752059937,DAYLIGHT,-73.762444,40.747155
1112,nlbx_4fe99ab73397cb1aedba3efaccf91fe6.jpg,1,1,1,261.2335205078125,2023-09-29 10:34:59.238000-04:00,631243950347888127,WEST,0.8053404092788696,DAYLIGHT,-74.000243,40.577235
1113,nlbx_1146b3e9906eaf67f53d2c8868502efc.jpg,1,1,1,33.849446194624086,2023-09-29 09:17:44.480000-04:00,631243922719529983,NORTH_EAST,0.8172287940979004,DAYLIGHT,-73.950061,40.767383
1114,nlbx_a9dc03c9dd3a6f7dd53ed88db073b968.jpg,0,0,0,236.5,2023-09-29 10:29:54.222000-04:00,631243923147900927,SOUTH_WEST,0.743199348449707,DAYLIGHT,-73.779717,40.720803
1115,nlbx_5567641d996dad0d80683fe36d81aeda.jpg,1,1,1,15.1875,2023-09-29 15:55:34.666000-04:00,631243922933581311,NORTH,0.7295907735824585,DAYLIGHT,-73.803624,40.745668
1116,nlbx_f725b475b9c2fa0acfb0aa80a85ac407.jpg,0,1,0,344.131017015429,2023-09-29 10:44:07.934000-04:00,631243923080227327,NORTH,0.8509506583213806,DAYLIGHT,-73.790619,40.703046
1117,nlbx_3cb170ef54d39645e69bd728cf834972.jpg,1,1,1,320.5,2023-09-29 09:04:01.340000-04:00,631243922953296383,NORTH_WEST,0.7571444511413574,DAYLIGHT,-73.865116,40.766789
1118,nlbx_eff09a6805c6589258a1b1f9e1dd45b7.jpg,0,0,0,81.90082550048828,2023-09-29 14:37:08.368000-04:00,631243950386446847,EAST,0.7872070670127869,DAYLIGHT,-73.956826,40.587699
1119,nlbx_d685e30fb131a890d490cd7056ea8310.jpg,1,1,1,62.53824615478516,2023-09-29 08:21:07.320000-04:00,631243922406754815,NORTH_EAST,0.7808170318603516,DAYLIGHT,-73.858497,40.702732
1120,nlbx_9d55d8c25c152071594cac5260894775.jpg,0,1,0,218.6561737060547,2023-09-29 08:58:25.095000-04:00,631243950343795711,SOUTH_WEST,0.8013025522232056,DAYLIGHT,-74.016783,40.604426
1121,nlbx_9933360b462a89d1454046a817687fc8.jpg,0,0,0,202.125,2023-09-29 08:57:46.508000-04:00,631243922686372351,SOUTH,0.6342858076095581,DAYLIGHT,-74.000632,40.747341
1122,nlbx_5d717ca11a2b3f505fe4b6956e06b704.jpg,1,1,1,37.43560190859963,2023-09-29 10:44:27.319000-04:00,631243922668370431,NORTH_EAST,0.8719125390052795,DAYLIGHT,-73.95184,40.723302
1123,nlbx_2e04128e22afbe3e851bac01abacebbb.jpg,1,1,1,218.4754943847656,2023-09-29 08:42:27.216000-04:00,631243950399116799,SOUTH_WEST,0.6939765214920044,DAYLIGHT,-73.992747,40.602968
1124,nlbx_7cc0d31113f2ac6873714f28de0c6569.jpg,0,0,0,81.76726531982422,2023-09-29 16:20:50.939000-04:00,631243951196356095,EAST,0.6706229448318481,DAYLIGHT,-73.960592,40.644788
1125,nlbx_624160fdd46c1517be02aed20fab59aa.jpg,0,1,0,156.125,2023-09-29 12:47:28.162000-04:00,631243923108439039,SOUTH_EAST,0.7710002660751343,DAYLIGHT,-73.812785,40.695075
1126,nlbx_3aa5222365f140c03a82af5b95ce1946.jpg,1,1,1,328.25,2023-09-29 09:05:10.873000-04:00,631243922837885951,NORTH_WEST,0.7287956476211548,DAYLIGHT,-73.962467,40.663219
1127,nlbx_f0198eed0741eb9d8ab6db28ad28d245.jpg,0,0,0,81.94792175292969,2023-09-29 10:08:08.639000-04:00,631243950373594623,EAST,0.8277406692504883,DAYLIGHT,-73.958604,40.610406
1128,nlbx_58ebf8cdb91dcc48ec0154ddb5aefced.jpg,0,0,0,219.5412706517756,2023-09-29 17:30:57.683000-04:00,631243951164831231,SOUTH_WEST,0.8570102453231812,DAYLIGHT,-74.020565,40.638876
1129,nlbx_3ea28c23cf9facfdf2c86ac9ae7fa8dc.jpg,0,0,0,29.083080291748047,2023-09-29 12:45:47.880000-04:00,631243922688125439,NORTH_EAST,0.7452722191810608,DAYLIGHT,-73.994602,40.74043
1130,nlbx_dc0f547fdf1491e86f7590a04cdad5e2.jpg,0,0,0,292.5633544921875,2023-09-29 12:50:17.128000-04:00,631243949971810815,NORTH_WEST,0.7464518547058105,DAYLIGHT,-73.993755,40.719194
1131,nlbx_f33ed27fd619fb9a62542bb5a0e5b315.jpg,0,1,0,132.875,2023-09-29 09:28:42.583000-04:00,631243934827683327,SOUTH_EAST,0.8470346927642822,DAYLIGHT,-73.726396,40.654219
1132,nlbx_bd597554e4f4b60c3c189a914566ebd6.jpg,0,0,0,253.25,2023-09-29 08:55:38.972000-04:00,631243923203905535,WEST,0.8467425107955933,DAYLIGHT,-73.880039,40.758282
1133,nlbx_a69417f0c429c3b631322938bbfc5552.jpg,1,1,1,2.405766248703003,2023-09-29 08:45:03.698000-04:00,631243950325829119,NORTH,0.7372122406959534,DAYLIGHT,-73.974481,40.584329
1134,nlbx_719f11091bb9d6d48088cd9f3010eef6.jpg,0,1,0,321.5,2023-09-29 10:37:17.290000-04:00,631243922651817471,NORTH_WEST,0.6147827506065369,DAYLIGHT,-73.97502,40.745296
1135,nlbx_2c190e9ff5f8b9f47130995ce178f71a.jpg,0,0,0,218.375,2023-09-29 16:32:33.498000-04:00,631243951146625023,SOUTH_WEST,0.8355481624603271,DAYLIGHT,-74.015683,40.646748
1136,nlbx_78a4b4357b0371a4e926523f56199b56.jpg,0,0,0,279.59942626953125,2023-09-29 22:30:39.082000-04:00,631243920525551103,WEST,0.7545500993728638,NIGHTTIME,-73.726335,40.732128
1137,nlbx_d1e5b11da27f78dad14d60509ca81f6c.jpg,0,0,0,309.0,2023-09-29 11:24:30.054000-04:00,631243950367924735,NORTH_WEST,0.7283998727798462,DAYLIGHT,-73.98324,40.616848
1138,nlbx_cee51870764e3acc814ba0119bd4d600.jpg,0,1,0,181.04876708984372,2023-09-29 09:06:15.124000-04:00,631243922023387647,SOUTH,0.8134118914604187,DAYLIGHT,-73.943987,40.843218
1139,nlbx_d9def3e9e021b1b8b26514ab8ec3cfc7.jpg,0,0,0,158.3224334716797,2023-09-29 14:57:56.152000-04:00,631243922473076223,SOUTH,0.9954327344894408,DAYLIGHT,-73.842567,40.724308
1140,nlbx_8d1da857048b2dca6912dd8f53f87489.jpg,0,1,0,22.06710464881746,2023-09-29 11:55:12.771000-04:00,631243922023502847,NORTH,0.7458214163780212,DAYLIGHT,-73.944949,40.842636
1141,nlbx_9dbd040d371c488db0c287844fee3be6.jpg,1,1,1,242.12274750814407,2023-09-29 08:47:27.160000-04:00,631243950338271743,SOUTH_WEST,0.672062873840332,DAYLIGHT,-73.999731,40.596494
1142,nlbx_0740d674814f35076e272b3fded3790e.jpg,1,1,1,70.11480712890625,2023-09-29 16:25:24.883000-04:00,631243922600237055,EAST,0.663608729839325,DAYLIGHT,-73.827114,40.664554
1143,nlbx_e89fd2d36b508f493e06378d3e679cee.jpg,1,1,1,217.6103515625,2023-09-29 14:04:58.372000-04:00,631243922733292543,SOUTH_WEST,0.619373083114624,DAYLIGHT,-73.922197,40.733105
1144,nlbx_43492c54758700e3da573fd49d118be1.jpg,0,0,0,152.875,2023-09-29 21:34:25.336000-04:00,631243950624647679,SOUTH_EAST,0.8813731670379639,NIGHTTIME,-74.065292,40.598743
1145,nlbx_8a69d80f1a7ac140c45305e3ade0d28c.jpg,1,1,1,162.09011153017642,2023-09-29 10:32:08-04:00,631243922083775999,SOUTH,0.6931037306785583,DAYLIGHT,-73.943783,40.8456
1146,nlbx_7ff1b5e6e8d9a5043b6d553b2e2253a8.jpg,0,1,0,86.25,2023-09-29 11:02:58.931000-04:00,631243934997489151,EAST,0.7101691961288452,DAYLIGHT,-73.787538,40.64465
1147,nlbx_ef51b200036ca757524a460676e128e3.jpg,0,1,0,27.361656188964844,2023-09-29 09:56:18.438000-04:00,631243951178206207,NORTH_EAST,0.9670495390892028,DAYLIGHT,-73.971864,40.675097
1148,nlbx_d6735faf8f738ea69bc172d15b845163.jpg,0,1,0,253.125,2023-09-29 08:33:34.209000-04:00,631243922586362879,WEST,0.8348643183708191,DAYLIGHT,-73.858226,40.685552
1149,nlbx_b45aa39c8e3f3a6534a41e75212fab1f.jpg,0,1,0,119.96229553222656,2023-09-29 08:22:30.871000-04:00,631243919461090303,SOUTH_EAST,0.7175167798995972,DAYLIGHT,-73.888319,40.876382
1150,nlbx_f1648e2fb560face6d929156a67a733f.jpg,1,1,1,327.25,2023-09-29 13:00:14.468000-04:00,631243920508457983,NORTH_WEST,0.9840864539146424,DAYLIGHT,-73.743732,40.752958
1151,nlbx_c9352ccb2c912b4f1a29414f6711ce4b.jpg,0,0,0,1.2850967645645142,2023-09-29 08:15:29.283000-04:00,631243919521766911,NORTH,0.8551230430603027,DAYLIGHT,-73.818446,40.876125
1152,nlbx_640a81aeb637be1808017213a147d7a2.jpg,1,1,1,306.5284423828125,2023-09-29 11:21:47.520000-04:00,631243919451184639,NORTH_WEST,0.7984697818756104,DAYLIGHT,-73.833355,40.863665
1153,nlbx_60bd5a5f73eb19b54ca6bacf3e7a874a.jpg,0,0,0,281.9310607910156,2023-09-29 15:03:28.401000-04:00,631243923083821567,WEST,0.7955443859100342,DAYLIGHT,-73.842329,40.709167
1154,nlbx_7a2ba59c7cf256dacbf98748bcc072fc.jpg,1,1,1,301.4048767089844,2023-09-29 10:25:13.492000-04:00,631243923092769791,NORTH_WEST,0.8070248365402222,DAYLIGHT,-73.827186,40.716327
1155,nlbx_936caf3c6fcc3ac2d7f64781c6a8c79b.jpg,0,1,0,281.7766418457031,2023-09-29 09:20:00.676000-04:00,631243922080109567,WEST,0.7578308582305908,DAYLIGHT,-73.925917,40.845459
1156,nlbx_11522e0da342a030a9bc24c91df9193a.jpg,0,1,0,48.14172318936153,2023-09-29 10:50:47.294000-04:00,631243922403377663,NORTH_EAST,0.6130702495574951,DAYLIGHT,-73.875647,40.706378
1157,nlbx_95fc2ab453c3eff0abfdefb0bade388f.jpg,0,1,0,81.14717102050781,2023-09-29 14:38:51.270000-04:00,631243919454214655,EAST,0.8213115930557251,DAYLIGHT,-73.829749,40.856156
1158,nlbx_a1e138a2203b75fb54ad59593e514384.jpg,0,1,0,183.125,2023-09-29 11:07:16.889000-04:00,631243923020589055,SOUTH,0.8827729821205139,DAYLIGHT,-73.84862,40.78253
1159,nlbx_c187256de5fe31e65afae52cbf37acfa.jpg,1,1,1,334.15162133366044,2023-09-29 08:38:44.656000-04:00,631243951172564991,NORTH_WEST,0.6738070249557495,DAYLIGHT,-73.997398,40.670286
1160,nlbx_e6456abf626055af59b35e2f57c480f8.jpg,0,1,0,209.25,2023-09-29 09:45:06.399000-04:00,631243921976988671,SOUTH_WEST,0.6493839025497437,DAYLIGHT,-73.913826,40.838652
1161,nlbx_fab206c859e4baa440240b0bbf3c2cdf.jpg,1,1,1,347.5153503417969,2023-09-29 15:50:13.600000-04:00,631243951185783807,NORTH,0.6117826104164124,DAYLIGHT,-73.971866,40.649873
1162,nlbx_c189e36b89b9ff95001a0f0dbddd84c9.jpg,0,1,0,299.4262390136719,2023-09-29 12:55:42.576000-04:00,631243922693871615,NORTH_WEST,0.7871170043945312,DAYLIGHT,-73.992281,40.749217
1163,nlbx_475c2318ecc69e097ffffce80d509d6b.jpg,1,1,1,18.203125,2023-09-29 10:43:57.058000-04:00,631243949849611775,NORTH,0.8400568962097168,DAYLIGHT,-74.007822,40.751719
1164,nlbx_d7fdb15e1de5ada9bfdcb1325d7100a2.jpg,0,0,0,172.75,2023-09-29 16:21:42.541000-04:00,631243922893989375,SOUTH,0.9965536594390868,DAYLIGHT,-73.948133,40.706362
1165,nlbx_a72023715e37125d4ef9689aa2cd0b2e.jpg,0,0,0,30.59375,2023-09-29 10:23:14.159000-04:00,631243951175854079,NORTH_EAST,0.8155011534690857,DAYLIGHT,-73.99175,40.666598
1166,nlbx_752932351eca50817203c81e4c9655a3.jpg,1,1,1,199.49765520673225,2023-09-29 09:45:26.574000-04:00,631243949924107263,SOUTH,0.7333962321281433,DAYLIGHT,-73.998495,40.695352
1167,nlbx_a98437428e35a0630598f6254319bcc9.jpg,0,1,0,154.81849670410156,2023-09-29 08:49:01.143000-04:00,631243951173158399,SOUTH_EAST,0.8754817247390747,DAYLIGHT,-73.998488,40.67146
1168,nlbx_ab7fc47f7b6b5519b3a7137c8f662ad6.jpg,0,1,0,173.0,2023-09-29 12:36:39.453000-04:00,631243951128030719,SOUTH,0.8283021450042725,DAYLIGHT,-73.978904,40.638508
1169,nlbx_403b6e36d4bc1df6fafa701aba6e8465.jpg,0,1,0,278.3652648925781,2023-09-29 10:06:30.988000-04:00,631243949967742975,WEST,0.6878862380981445,DAYLIGHT,-74.009553,40.720066
1170,nlbx_860d3de45b57f067d9676f48d3e883cf.jpg,1,1,1,16.809890890749656,2023-09-29 11:05:52.693000-04:00,631243922933581311,NORTH,0.7572449445724487,DAYLIGHT,-73.803586,40.745758
1171,nlbx_19b7626d4d0b44c9d9d2bf62ab1b86d6.jpg,1,1,1,265.25,2023-09-29 08:24:09.202000-04:00,631243950373124607,WEST,0.7181980013847351,DAYLIGHT,-73.96003,40.620453
1172,nlbx_a362fb43d8ab21690ea35a5bf5b2adff.jpg,0,1,0,193.6504364013672,2023-09-29 09:57:24.246000-04:00,631243949786926079,SOUTH,0.7603099346160889,DAYLIGHT,-74.009622,40.739419
1173,nlbx_8d3bf9ca9e7b55cf0fe0132937ef7c42.jpg,0,1,0,278.36492919921875,2023-09-29 10:11:27.191000-04:00,631243949967752191,WEST,0.6032640933990479,DAYLIGHT,-74.00965,40.720076
1174,nlbx_de8aa7d0cfb74bb14afc52eab99139b6.jpg,0,0,0,6.815297603607178,2023-09-29 16:15:05.863000-04:00,631243949974627839,NORTH,0.6770341992378235,DAYLIGHT,-74.00617,40.734383
1175,nlbx_04079f29b9a7ef665099522a816edfb0.jpg,0,0,0,286.1737670898437,2023-09-29 13:07:42.610000-04:00,631243919476777471,WEST,0.7664272785186768,DAYLIGHT,-73.877678,40.855541
1176,nlbx_78fba19a81f17fa7da6dba9fda024645.jpg,1,1,1,351.25,2023-09-29 14:56:34.179000-04:00,631243951185783807,NORTH,0.6963474750518799,DAYLIGHT,-73.971877,40.649912
1177,nlbx_230e149fde7448e1ad712b888e11f873.jpg,0,1,0,119.01216888427734,2023-09-29 12:39:14.403000-04:00,631243922757238271,SOUTH_EAST,0.6163781881332397,DAYLIGHT,-73.964508,40.768047
1178,nlbx_e9c3e4199742e860bf0f2920488dd01a.jpg,0,0,0,151.552734375,2023-09-29 18:34:22.881000-04:00,631243919644075519,SOUTH_EAST,0.6872763633728027,NIGHTTIME,-73.809842,40.820308
1179,nlbx_55df64d31c2fbd2eb0ce2e2889164b2a.jpg,1,1,1,355.75,2023-09-29 09:09:32.975000-04:00,631243922650545151,NORTH,0.820806086063385,DAYLIGHT,-73.952155,40.73385
1180,nlbx_2cc7842511b142265e370555a9495f74.jpg,1,1,1,157.36477661132812,2023-09-29 08:42:24.179000-04:00,631243923108406783,SOUTH_EAST,0.8854684829711914,DAYLIGHT,-73.81351,40.696397
1181,nlbx_04d09fc4246c34b7b5a365da5d1f7b94.jpg,1,1,1,272.25,2023-09-29 11:55:49.222000-04:00,631243934827456511,WEST,0.8066606521606445,DAYLIGHT,-73.729246,40.655702
1182,nlbx_476eb7288438a86a96207307bfee0471.jpg,0,1,0,6.706880569458008,2023-09-29 08:49:18.283000-04:00,631243920020623871,NORTH,0.7832525968551636,DAYLIGHT,-73.816651,40.889255
1183,nlbx_3fd9514019d3643ecd6533cc4f17c93c.jpg,1,1,1,71.9375,2023-09-29 13:56:28.895000-04:00,631243922600237055,EAST,0.7414188385009766,DAYLIGHT,-73.827312,40.664503
1184,nlbx_6f9a959c042afe206bd991dec0b868da.jpg,0,1,0,85.82335451194248,2023-09-29 13:10:57.017000-04:00,631243934997489151,EAST,0.8646310567855835,DAYLIGHT,-73.787468,40.644609
1185,nlbx_1061d8b53cf3ef91724b64645ecabd22.jpg,1,1,1,208.1631317138672,2023-09-29 15:42:03.185000-04:00,631243922733458943,SOUTH_WEST,0.716971755027771,DAYLIGHT,-73.922147,40.733152
1186,nlbx_06f87b60643edc25f131d7b836f55fc4.jpg,0,1,0,219.875,2023-09-29 11:43:05.560000-04:00,631243921456403967,SOUTH_WEST,0.8533686995506287,DAYLIGHT,-73.962862,40.778175
1187,nlbx_157614b21929c36a0a835c78e4edec10.jpg,1,1,1,112.5,2023-09-29 08:19:03.295000-04:00,631243922878545407,SOUTH_EAST,0.8297511339187622,DAYLIGHT,-73.915036,40.692327
1188,nlbx_e8b2514991c33e9027822785190fe66c.jpg,0,0,0,118.94641876220705,2023-09-29 12:28:19.968000-04:00,631243922702280191,SOUTH_EAST,0.773578405380249,DAYLIGHT,-73.988145,40.727243
1189,nlbx_c1de6a01be8d424ab70a08cf2f8348b5.jpg,0,0,0,39.30280685466411,2023-09-29 07:51:58.932000-04:00,631243923290853887,NORTH_EAST,0.8446328639984131,DAYLIGHT,-73.922938,40.79361
1190,nlbx_37fab9cdec32b3dc53ead21d846cc037.jpg,1,1,1,41.47135543823242,2023-09-29 11:38:09.452000-04:00,631243949917449215,NORTH_EAST,0.724772036075592,DAYLIGHT,-74.008112,40.682429
1191,nlbx_8da7b662c9f29502ea21e6c6494e3667.jpg,1,1,1,301.6606750488281,2023-09-29 12:17:35.020000-04:00,631243922020899839,NORTH_WEST,0.7505907416343689,DAYLIGHT,-73.935616,40.830912
1192,nlbx_ab1ad5b98a5563aacc387295b3e474a4.jpg,0,0,0,118.90779876708984,2023-09-29 08:52:21.855000-04:00,631243921441731071,SOUTH_EAST,0.7025212645530701,DAYLIGHT,-73.976423,40.788286
1193,nlbx_144525a7171ba87490c967d925b8d45f.jpg,0,0,0,119.875,2023-09-29 08:23:54.154000-04:00,631243949845261823,SOUTH_EAST,0.8272162675857544,DAYLIGHT,-73.999282,40.749739
1194,nlbx_00d443219e7fbc89f021f5ed18ffb65e.jpg,1,1,1,241.83196596740763,2023-09-29 09:09:53.973000-04:00,631243950338271743,SOUTH_WEST,0.6415141820907593,DAYLIGHT,-73.999756,40.596487
1195,nlbx_7d16e7587617e9b01eb13e666d611798.jpg,0,1,0,8.8,2023-09-29 11:25:54.261000-04:00,631243922082967039,NORTH,0.7293436527252197,DAYLIGHT,-73.942427,40.849495
1196,nlbx_92fde0817e14a3f0a143b5d36c25735a.jpg,0,1,0,147.89341735839844,2023-09-29 09:44:35.238000-04:00,631243949917610495,SOUTH_EAST,0.891852617263794,DAYLIGHT,-74.004902,40.68066
1197,nlbx_32ec1c940e0d636fb5450d8d4aeedf6b.jpg,0,0,0,263.6251220703125,2023-09-29 16:23:36.159000-04:00,631243949990438399,WEST,0.8504517078399658,DAYLIGHT,-73.993686,40.714305
1198,nlbx_3bab5b388f3478202f80ff5f7739c77c.jpg,1,1,1,318.20147705078125,2023-09-29 11:00:42.086000-04:00,631243923158352383,NORTH_WEST,0.7367566227912903,DAYLIGHT,-73.831369,40.726029
1199,nlbx_1e49ed07c14dae659662fde91a10f162.jpg,0,1,0,215.7642974853516,2023-09-29 13:39:10.958000-04:00,631243922660338175,SOUTH_WEST,0.7781491875648499,DAYLIGHT,-73.965163,40.75169
1200,nlbx_1a80e071a38d04fc94f185f085f1e4dc.jpg,1,1,1,195.02986553628764,2023-09-29 13:19:08.835000-04:00,631243922021102591,SOUTH,0.6929353475570679,DAYLIGHT,-73.935057,40.83571
1201,nlbx_0d6417bafec14eb24a665310f706a97b.jpg,1,1,1,216.375,2023-09-29 10:06:23.791000-04:00,631243922727423487,SOUTH_WEST,0.7659059762954712,DAYLIGHT,-73.948269,40.769651
1202,nlbx_d649256e33c60d626b5a70e0de2f3bb4.jpg,0,0,0,212.75,2023-09-29 14:33:28.587000-04:00,631243922750707199,SOUTH_WEST,0.7847226858139038,DAYLIGHT,-73.971518,40.750766
1203,nlbx_0ccfd1028720f3d71fb372f9f4674aeb.jpg,1,1,1,300.8660888671875,2023-09-29 11:18:32.875000-04:00,631243934995071487,NORTH_WEST,0.636628270149231,DAYLIGHT,-73.78959,40.655014
1204,nlbx_58c89180e9bace47136358c672008171.jpg,0,1,0,342.7396850585937,2023-09-29 12:45:30.001000-04:00,631243935097252351,NORTH,0.663891077041626,DAYLIGHT,-73.801574,40.674388
1205,nlbx_fb9a87303ee68bd0c4839381285dc44b.jpg,0,0,0,10.641794097329146,2023-09-29 14:27:19.799000-04:00,631243922083599871,NORTH,0.8301593065261841,DAYLIGHT,-73.942668,40.848614
1206,nlbx_19eacfb295208cf50b17e24374734b2e.jpg,1,1,1,0.0,2023-09-29 17:16:11.580000-04:00,631243951185729023,UNKNOWN_HEADING,0.7721384763717651,DAYLIGHT,-73.971941,40.650348
1207,nlbx_a0615f2239b1e36a0312244e3cd027f5.jpg,0,1,0,29.017261505126957,2023-09-29 10:41:36.685000-04:00,631243921465353727,NORTH_EAST,0.7696818113327026,DAYLIGHT,-73.95105,40.788378
1208,nlbx_0a1d6b9411ec8e14248ac4f37942375b.jpg,0,1,0,76.60944366455078,2023-09-29 09:54:07.502000-04:00,631243919196064767,EAST,0.8018754720687866,DAYLIGHT,-73.823093,40.856924
1209,nlbx_33e88c58bc54cdf93fefcd2dd62b91f1.jpg,0,0,0,139.2151641845703,2023-09-29 10:21:44.804000-04:00,631243949904978943,SOUTH_EAST,0.7744684815406799,DAYLIGHT,-74.00392,40.705822
1210,nlbx_511e45dad8f6c8b51138884a44c01a04.jpg,0,0,0,299.25,2023-09-29 14:23:50.803000-04:00,631243949971429887,NORTH_WEST,0.7984559535980225,DAYLIGHT,-73.99614,40.721027
1211,nlbx_6c306d86a4280a1d254027d22e37c11a.jpg,1,1,1,155.3586883544922,2023-09-29 09:59:08.692000-04:00,631243923108485631,SOUTH_EAST,0.8458398580551147,DAYLIGHT,-73.813496,40.696778
1212,nlbx_d7070fd295fd731f44bd60b1d64ed06e.jpg,1,1,1,128.44455090211213,2023-09-29 13:49:26.668000-04:00,631243922953290239,SOUTH_EAST,0.7347846031188965,DAYLIGHT,-73.865572,40.767111
1213,nlbx_b4893591a724b497d2cff12d3518e2c9.jpg,0,0,0,24.46875,2023-09-29 08:43:37.543000-04:00,631243922692270591,NORTH_EAST,0.7975658178329468,DAYLIGHT,-73.973652,40.74359
1214,nlbx_d254b8481819f124d80da6e537cca7be.jpg,0,0,0,209.329345703125,2023-09-29 11:14:51.591000-04:00,631243922681692671,SOUTH_WEST,0.6655381321907043,DAYLIGHT,-73.987049,40.745022
1215,nlbx_c38fc45bdf4a08c8abd54338e1a7b05f.jpg,0,0,0,281.9067687988281,2023-09-29 14:58:24.194000-04:00,631243934998651903,WEST,0.7272781133651733,DAYLIGHT,-73.781783,40.646776
1216,nlbx_0aa4fb66a358ca120a01975becd20343.jpg,1,1,1,319.1203440235653,2023-09-29 08:56:19.606000-04:00,631243922953296895,NORTH_WEST,0.7992843389511108,DAYLIGHT,-73.865039,40.766723
1217,nlbx_01035fd0a26c92775038b9c8e9129c66.jpg,0,0,0,272.7757873535156,2023-09-29 12:30:42.791000-04:00,631243922829155327,WEST,0.9400251507759094,DAYLIGHT,-73.975044,40.698031
1218,nlbx_bb58ef2de7fbf777535bced5a79dcb14.jpg,0,0,0,99.4788055419922,2023-09-29 16:27:46.238000-04:00,631243922938791935,EAST,0.7283284068107605,DAYLIGHT,-73.814263,40.738543
1219,nlbx_86e98a6b85c1b3591642b6bb545eaffd.jpg,1,1,1,261.0609741210937,2023-09-29 12:59:29.014000-04:00,631243934225471487,WEST,0.9458608031272888,DAYLIGHT,-73.801734,40.590859
1220,nlbx_f6cf1920649f4c8ca81f1b47d5892d4c.jpg,0,0,0,142.41815185546875,2023-09-29 15:47:26.754000-04:00,631243923286344703,SOUTH_EAST,0.8951563239097595,DAYLIGHT,-73.9171,40.803371
1221,nlbx_79bf4c632bf8524296197b9d6c9ed724.jpg,0,0,0,72.625,2023-09-29 14:51:10.609000-04:00,631243920739100671,EAST,0.848414421081543,DAYLIGHT,-73.756313,40.71242
1222,nlbx_ea936839e1085128a6b079d12d46e98d.jpg,1,1,1,21.39231300354004,2023-09-29 14:31:43.194000-04:00,631243920688596991,NORTH,0.6825419664382935,DAYLIGHT,-73.753736,40.673138
1223,nlbx_c9e854b7a81e57435e01bf412c3c94de.jpg,1,1,1,330.1593322753906,2023-09-29 12:24:20.219000-04:00,631243949912829439,NORTH_WEST,0.7747809886932373,DAYLIGHT,-74.003193,40.679415
1224,nlbx_01a93808e14325b496692f544b4d16ce.jpg,1,1,1,273.1101379394531,2023-09-29 13:59:41.618000-04:00,631243949980694527,WEST,0.9964966773986816,DAYLIGHT,-73.978324,40.696429
1225,nlbx_d756d84ed2e2a24ba5557ab6003d64ce.jpg,1,1,1,348.5,2023-09-29 11:40:18.621000-04:00,631243951185759743,NORTH,0.8704216480255127,DAYLIGHT,-73.971797,40.649642
1226,nlbx_17d4142b7f041cabb89c76a41ab2b539.jpg,1,1,1,181.85328785272145,2023-09-29 08:26:20.402000-04:00,631243950325852671,SOUTH,0.7657216787338257,DAYLIGHT,-73.974465,40.58466
1227,nlbx_665a8694404ad91285bec416eb81ebe0.jpg,0,0,0,2.640625,2023-09-29 15:19:30.304000-04:00,631243919489947647,NORTH,0.8132309913635254,DAYLIGHT,-73.870425,40.866309
1228,nlbx_c70b781f32a6b3d8ce5efc393989829d.jpg,1,1,1,247.6941724191676,2023-09-29 14:31:26.128000-04:00,631243934672970239,WEST,0.7274545431137085,DAYLIGHT,-73.823258,40.585933
1229,nlbx_b20f3b7070092e719a90b372828ae588.jpg,0,1,0,352.8178869506043,2023-09-29 12:36:40.116000-04:00,631243951192462847,NORTH,0.6646924018859863,DAYLIGHT,-73.974574,40.64616
1230,nlbx_95e8d783a603a3672ee3474b5b66c055.jpg,1,1,1,71.46599578857422,2023-09-29 17:20:59.293000-04:00,631243919476140543,EAST,0.755585253238678,DAYLIGHT,-73.872457,40.856266
1231,nlbx_736135e1ea7fe3e750d57b915e9eb1f3.jpg,0,1,0,128.42396545410156,2023-09-29 09:01:26.389000-04:00,631243951146882559,SOUTH_EAST,0.7331504225730896,DAYLIGHT,-74.02124,40.648976
1232,nlbx_1363c21d220800965a03c6b49f55ab7d.jpg,1,1,1,312.2704467773437,2023-09-29 08:46:44.951000-04:00,631243951214838271,NORTH_WEST,0.7298046350479126,DAYLIGHT,-74.013177,40.673666
1233,nlbx_f6c0c6e1ad963cdf8f87e50566a4ce94.jpg,1,1,1,26.610576629638672,2023-09-29 17:32:06.646000-04:00,631243919537522175,NORTH_EAST,0.8005174398422241,DAYLIGHT,-73.866384,40.890004
1234,nlbx_8f07f32aa9853ef98f8279f522e189db.jpg,1,1,1,280.0554504394531,2023-09-29 08:28:31.648000-04:00,631243950326158847,WEST,0.8842105865478516,DAYLIGHT,-73.969335,40.581797
1235,nlbx_6f9e91bfc742862200a1d7ddf5c02988.jpg,0,0,0,130.60404415049044,2023-09-29 10:41:48.203000-04:00,631243951190389759,SOUTH_EAST,0.7435199022293091,DAYLIGHT,-73.979539,40.654792
1236,nlbx_93a66b01ee965e0ba72a54ba2b14aca3.jpg,1,1,1,199.5,2023-09-29 11:34:37.557000-04:00,631243919537609727,SOUTH,0.7983396053314209,DAYLIGHT,-73.864981,40.891006
1237,nlbx_a7c2562dcd203f19218db4f1d290d114.jpg,1,1,1,348.25,2023-09-29 11:30:42.092000-04:00,631243951185724415,NORTH,0.8778424263000488,DAYLIGHT,-73.971978,40.650493
1238,nlbx_4a93e529168a4eca7d14bbbf8e2b8a7f.jpg,0,0,0,289.596923828125,2023-09-29 17:39:34.567000-04:00,631243949924038655,WEST,0.8069798946380615,DAYLIGHT,-73.997745,40.694315
1239,nlbx_4ada5fada12b19abb71d975425b95916.jpg,0,0,0,342.75,2023-09-29 10:19:07.849000-04:00,631243922986886655,NORTH,0.7534983158111572,DAYLIGHT,-73.821826,40.785621
1240,nlbx_82067f2a8d820cc45cc60c95e96d2a8f.jpg,0,1,0,241.1485595703125,2023-09-29 09:35:25.179000-04:00,631243923075457535,SOUTH_WEST,0.8516703844070435,DAYLIGHT,-73.788782,40.697631
1241,nlbx_1178b6b7c91785c791dea2053b389ce7.jpg,0,0,0,197.3031768798828,2023-09-29 13:25:36.434000-04:00,631243921440805887,SOUTH,0.7950296998023987,DAYLIGHT,-73.974967,40.799574
1242,nlbx_ccaca85d9b46a79ba40215cb4c97d621.jpg,1,1,1,98.02401733398438,2023-09-29 08:54:08.970000-04:00,631243922738776063,EAST,0.8225241899490356,DAYLIGHT,-73.938381,40.74057
1243,nlbx_51cd26bc9d600bcd71d8e7bc09400b9c.jpg,0,1,0,298.3448486328125,2023-09-29 11:48:28.735000-04:00,631243949787861503,NORTH_WEST,0.699856162071228,DAYLIGHT,-74.00835,40.741309
1244,nlbx_ce818f6407af034282ccacc824115cbb.jpg,1,1,1,347.62359619140625,2023-09-29 16:16:09.471000-04:00,631243951185729535,NORTH,0.6492995619773865,DAYLIGHT,-73.971909,40.650217
1245,nlbx_b82e3c53e43305fd8df19bac22564790.jpg,1,1,1,268.7548828125,2023-09-29 09:07:51.958000-04:00,631243922743520767,WEST,0.7752012014389038,DAYLIGHT,-73.930433,40.752005
1246,nlbx_d643f13281b98fbc2d93808dafc2a19d.jpg,1,1,1,1.2900390625,2023-09-29 08:35:13.306000-04:00,631243950325840383,NORTH,0.7644628882408142,DAYLIGHT,-73.9745,40.583951
1247,nlbx_1c785a4e7a6fd17f2ac9300e96c5c701.jpg,1,1,1,37.15625,2023-09-29 08:59:57.014000-04:00,631243949916866559,NORTH_EAST,0.7973819971084595,DAYLIGHT,-74.012463,40.679578
1248,nlbx_8ac00c9fe8d7fedfc60ada7c8d339ae0.jpg,0,0,0,284.75,2023-09-29 17:30:50.651000-04:00,631243934998651903,WEST,0.8865950107574463,DAYLIGHT,-73.781824,40.646782
1249,nlbx_ddfeb2691f22aa5b890b4271359e6815.jpg,1,1,1,245.06597900390625,2023-09-29 15:04:52.984000-04:00,631243922733290495,SOUTH_WEST,0.7992191910743713,DAYLIGHT,-73.922423,40.732974
1250,nlbx_2b4172e5fda376bb0be6a36835a3ba04.jpg,0,0,0,73.625,2023-09-29 02:45:03.205000-04:00,631243920277356031,EAST,0.9280794858932496,NIGHTTIME,-73.706514,40.737722
1251,nlbx_d53d235c354b0eafc4f9eadad62628f7.jpg,0,0,0,291.75,2023-09-29 08:23:43.120000-04:00,631243934998629375,WEST,0.6362448930740356,DAYLIGHT,-73.781312,40.646511
1252,nlbx_459358b26491dfb08bd95b04c3994e21.jpg,1,1,1,129.625,2023-09-29 09:28:38.679000-04:00,631243951213794815,SOUTH_EAST,0.6974506974220276,DAYLIGHT,-73.997859,40.665848
1253,nlbx_76b400ecbf764fc963ffc840b0d7090b.jpg,1,1,1,80.77856040060593,2023-09-29 14:43:17.761000-04:00,631243934226110975,EAST,0.6077500581741333,DAYLIGHT,-73.802294,40.590727
1254,nlbx_318f5499ee176ce65ceee2d5ba3cc668.jpg,1,1,1,349.040771484375,2023-09-29 09:24:24.698000-04:00,631243919600670207,NORTH,0.8282629251480103,DAYLIGHT,-73.880607,40.810867
1255,nlbx_42ed66114a21cb53ae2d4c254e93fa98.jpg,1,1,1,88.9375,2023-09-29 11:02:25.931000-04:00,631243935054978047,EAST,0.7535555362701416,DAYLIGHT,-73.791763,40.644777
1256,nlbx_37fe6751ef0d54afd502ac22b71aaf96.jpg,1,1,1,18.125,2023-09-29 08:08:17.643000-04:00,631243950325872639,NORTH,0.6606516242027283,DAYLIGHT,-73.974541,40.582648
1257,nlbx_636fee3b241dc497c12faa8aaf398e4d.jpg,1,1,1,182.5583953857422,2023-09-29 08:21:25.530000-04:00,631243950325853183,SOUTH,0.8344818949699402,DAYLIGHT,-73.974472,40.584515
1258,nlbx_26a845a50feefdef3592f112291df115.jpg,1,1,1,260.5,2023-09-29 10:09:38.958000-04:00,631243950347961343,WEST,0.6773133873939514,DAYLIGHT,-73.996402,40.577753
1259,nlbx_3923967ba6f97362a933ffb836835448.jpg,0,1,0,266.8014494384229,2023-09-29 10:34:52.460000-04:00,631243935107032063,WEST,0.6612170934677124,DAYLIGHT,-73.79688,40.666454
1260,nlbx_5c3b227e6567b38344528881324e71d1.jpg,0,1,0,136.14841703556638,2023-09-29 08:35:15.532000-04:00,631243934998010367,SOUTH_EAST,0.7649013996124268,DAYLIGHT,-73.790447,40.644244
1261,nlbx_f202c440d30f7d94efa2361dbc74fe53.jpg,0,1,0,27.889511986804276,2023-09-29 09:42:03.794000-04:00,631243950649825279,NORTH_EAST,0.6753331422805786,DAYLIGHT,-74.028658,40.612827
1262,nlbx_82bbe5a12c4f98651dd620951ae4a5be.jpg,0,0,0,36.625,2023-09-29 09:56:31.380000-04:00,631243923240691711,NORTH_EAST,0.9758726358413696,DAYLIGHT,-73.921057,40.756468
1263,nlbx_d4ebed85c0614a0ba628ef1628c6f17d.jpg,1,1,1,192.02035522460935,2023-09-29 15:43:49.646000-04:00,631243922030015487,SOUTH,0.8217379450798035,DAYLIGHT,-73.932157,40.811977
1264,nlbx_604de253c46eb344f62f98d9b39933f2.jpg,0,0,0,209.60679626464844,2023-09-29 13:44:23.014000-04:00,631243949853493247,SOUTH_WEST,0.7424131631851196,DAYLIGHT,-73.993581,40.757152
1265,nlbx_b543a64ce9da7210edb78dc197e14bd3.jpg,1,1,1,340.5,2023-09-29 13:26:55.417000-04:00,631243934828508671,NORTH,0.725883960723877,DAYLIGHT,-73.726942,40.658147
1266,nlbx_57084b72165d84601e85740d7c7ad357.jpg,0,1,0,14.546875,2023-09-29 14:30:58.474000-04:00,631243950896598527,NORTH,0.7066522836685181,DAYLIGHT,-73.940742,40.620327
1267,nlbx_a11e5b7455de89292a090148dd443532.jpg,0,0,0,298.0638122558594,2023-09-29 12:11:46.974000-04:00,631243921531529727,NORTH_WEST,0.8845065832138062,DAYLIGHT,-73.935106,40.804294
1268,nlbx_dfe2db80bc86a3385f6296a663cb0ef1.jpg,0,0,0,98.5915756225586,2023-09-29 16:42:33.100000-04:00,631243922731230207,EAST,0.6219683885574341,DAYLIGHT,-73.925491,40.740016
1269,nlbx_8828665a10e40c0fe5fb371ff0ebbdce.jpg,1,1,1,352.8473815917969,2023-09-29 09:09:54.490000-04:00,631243922649539071,NORTH,0.8305860757827759,DAYLIGHT,-73.952079,40.733388
1270,nlbx_383720a04d9950a9328a770f18868ff3.jpg,0,0,0,76.61833953857422,2023-09-29 07:53:11.864000-04:00,631243934998075903,EAST,0.8148466944694519,DAYLIGHT,-73.787704,40.644622
1271,nlbx_147875d887644ca711914231f8fbef37.jpg,1,1,1,258.23602526023615,2023-09-29 07:58:10.026000-04:00,631243923138426367,WEST,0.7090994119644165,DAYLIGHT,-73.791075,40.713127
1272,nlbx_eae900061c0a303671f37d7499dbc954.jpg,0,0,0,123.8125,2023-09-29 08:50:58.446000-04:00,631243922693540863,SOUTH_EAST,0.7617543339729309,DAYLIGHT,-73.98849,40.746816
1273,nlbx_e325ee2bdfb26215e49e02a7809b04d8.jpg,0,0,0,268.25,2023-09-29 15:11:14.406000-04:00,631243934997713919,WEST,0.8017902374267578,DAYLIGHT,-73.790877,40.644971
1274,nlbx_35e1e9fdd77e42292ce69d905cc6a153.jpg,0,0,0,112.1597900390625,2023-09-29 12:48:49.468000-04:00,631243950342154751,EAST,0.7871971130371094,DAYLIGHT,-74.013338,40.602061
1275,nlbx_fba08a70d47dfdce6822111993037a24.jpg,0,1,0,279.02716064453125,2023-09-29 13:17:58.639000-04:00,631243922069020159,WEST,0.6993803381919861,DAYLIGHT,-73.879371,40.840167
1276,nlbx_27da8635571fa105b1ab8edf01df8fe2.jpg,1,1,1,145.25,2023-09-29 09:34:26.669000-04:00,631243919523068415,SOUTH_EAST,0.7919028997421265,DAYLIGHT,-73.832188,40.880685
1277,nlbx_4e98e7faa0f9dee4fa68634c980ea9a6.jpg,0,0,0,179.0,2023-09-29 21:36:44.734000-04:00,631243919488365567,SOUTH,0.7514095306396484,NIGHTTIME,-73.861964,40.855437
1278,nlbx_86f31c313b4447160013c14a225f9604.jpg,1,1,1,168.5,2023-09-29 11:53:22.222000-04:00,631243934828387327,SOUTH,0.8150979280471802,DAYLIGHT,-73.726766,40.657692
1279,nlbx_b69a0d305bb003d74fe8ff49673a3206.jpg,0,0,0,264.1829528808594,2023-09-29 07:52:12.278000-04:00,631243949989762047,WEST,0.7022730708122253,DAYLIGHT,-73.989767,40.712674
1280,nlbx_e140758d5f34bf0a3a23db1580dfb50c.jpg,1,1,1,308.4391784667969,2023-09-29 08:29:56.487000-04:00,631243951205417983,NORTH_WEST,0.7097308039665222,DAYLIGHT,-74.006216,40.659049
1281,nlbx_a8e406ba331cbc34786c6c56fc82826c.jpg,0,1,0,20.62837219238281,2023-09-29 09:05:10.165000-04:00,631243921920296959,NORTH,0.6999228000640869,DAYLIGHT,-73.910876,40.906404
1282,nlbx_9d225b4d69fada1396661a11c9d157cd.jpg,1,1,1,8.4296875,2023-09-29 09:05:17.615000-04:00,631243950307247103,NORTH,0.8221046328544617,DAYLIGHT,-73.974261,40.588175
1283,nlbx_3f145b27692009fbd402593cd10c365e.jpg,1,1,1,214.31790161132807,2023-09-29 16:41:28.407000-04:00,631243922733458943,SOUTH_WEST,0.7061445713043213,DAYLIGHT,-73.922145,40.733155
1284,nlbx_86d580ec564d8dd911b2da703a8d866f.jpg,0,0,0,68.75,2023-09-29 13:15:59.205000-04:00,631243923113040895,EAST,0.8358432054519653,DAYLIGHT,-73.818808,40.695814
1285,nlbx_27aa450fffe0d04af9a7e1dcade19c69.jpg,0,0,0,211.125,2023-09-29 17:27:34.380000-04:00,631243922757409279,SOUTH_WEST,0.7086795568466187,DAYLIGHT,-73.959987,40.766577
1286,nlbx_b3fb44dfd17e817a751ef6a576d19f85.jpg,1,1,1,300.368408203125,2023-09-29 07:29:54.403000-04:00,631243923092769791,NORTH_WEST,0.8049668073654175,DAYLIGHT,-73.827229,40.716345
1287,nlbx_74ddeca5b195c5f9da001e0555bc9e57.jpg,0,0,0,149.25509643554688,2023-09-29 09:29:58.406000-04:00,631243919449089023,SOUTH_EAST,0.9126856923103333,DAYLIGHT,-73.850963,40.852692
1288,nlbx_7a66cfd10556e3e5cddf8b1716bb8198.jpg,0,1,0,12.141064643859863,2023-09-29 17:36:43.488000-04:00,631243945483515391,NORTH,0.6724515557289124,DAYLIGHT,-74.120569,40.600963
1289,nlbx_b5293e1bcf3e295332a4bc2b34980fe3.jpg,0,1,0,119.73963928222656,2023-09-29 09:22:11.676000-04:00,631243949854303231,SOUTH_EAST,0.8041584491729736,DAYLIGHT,-73.993765,40.755611
1290,nlbx_e068ed177aaa73d10b02ad904f2a6db7.jpg,1,1,1,159.78416442871094,2023-09-29 14:18:21.164000-04:00,631243923147471871,SOUTH,0.8627253770828247,DAYLIGHT,-73.775012,40.718063
1291,nlbx_fe6bb9e9476907bac5bd38ec9aabbbb4.jpg,1,1,1,129.39988708496094,2023-09-29 09:00:55.652000-04:00,631243922670807039,SOUTH_EAST,0.6302293539047241,DAYLIGHT,-73.953509,40.718902
1292,nlbx_495a5f95c1f119806ed6d539baa64e76.jpg,0,0,0,1.353139042854309,2023-09-29 14:53:24.799000-04:00,631243919451563007,NORTH,0.8144822716712952,DAYLIGHT,-73.839887,40.862433
1293,nlbx_cf7780a626d8693b5b8b687f3e5aec65.jpg,0,1,0,299.25,2023-09-29 08:54:49.734000-04:00,631243922721106943,NORTH_WEST,0.7422707080841064,DAYLIGHT,-73.954942,40.757102
1294,nlbx_ce8ddefc342849459cbe31e3d3665814.jpg,0,1,0,204.95606319884007,2023-09-29 14:40:35.604000-04:00,631243922755474943,SOUTH_WEST,0.7106386423110962,DAYLIGHT,-73.975531,40.755226
1295,nlbx_ee35a1645c8a93b089dab42237d94ddf.jpg,1,1,1,347.5174560546875,2023-09-29 10:17:21.761000-04:00,631243951186051583,NORTH,0.7311232686042786,DAYLIGHT,-73.97143,40.648374
1296,nlbx_c574ddf6d6bd47dea7fb69ee368078c0.jpg,1,1,1,2.433218002319336,2023-09-29 08:34:35.228000-04:00,631243922483087871,NORTH,0.7591061592102051,DAYLIGHT,-73.89589,40.738881
1297,nlbx_6c28b42cee1da2dbba16831be5fe2564.jpg,1,1,1,99.9375,2023-09-29 10:09:33.781000-04:00,631243923214130687,EAST,0.7828880548477173,DAYLIGHT,-73.88889,40.768892
1298,nlbx_007d03f87b13d895fc59fa762b3aaafe.jpg,1,1,1,258.30445846392496,2023-09-29 08:41:55.243000-04:00,631243923214212095,WEST,0.8474231958389282,DAYLIGHT,-73.885847,40.767629
1299,nlbx_61be4e8793a2bf7f2f4be56fe151fb37.jpg,1,1,1,16.083232879638672,2023-09-29 13:06:43.371000-04:00,631243922416815103,NORTH,0.6715173721313477,DAYLIGHT,-73.920348,40.726687
1300,nlbx_ffa9e018b0da018993cacea4036d9ada.jpg,0,0,0,249.875,2023-09-29 15:27:53.695000-04:00,631243923104662527,WEST,0.9002844095230103,DAYLIGHT,-73.829852,40.691621
1301,nlbx_6e03466dfe3efb1393c49e44e635237a.jpg,0,1,0,331.31195387891955,2023-09-29 08:37:50.656000-04:00,631243951172598783,NORTH_WEST,0.782944917678833,DAYLIGHT,-73.996778,40.669155
1302,nlbx_6bcc2d7ee697f372ce2a9fccfd4926ea.jpg,0,1,0,322.5,2023-09-29 09:52:34.893000-04:00,631243935026097663,NORTH_WEST,0.8371638059616089,DAYLIGHT,-73.780688,40.646352
1303,nlbx_47ce70387ec98c8a5c6006e8dce93fc2.jpg,1,1,1,201.0,2023-09-29 09:49:06.051000-04:00,631243922703793663,SOUTH,0.7340522408485413,DAYLIGHT,-73.979316,40.718856
1304,nlbx_841e4e3de67cd881e16b497ae333b993.jpg,0,0,0,319.695068359375,2023-09-29 16:11:29.185000-04:00,631243950895349247,NORTH_WEST,0.6816536784172058,DAYLIGHT,-73.929766,40.614989
1305,nlbx_64ec513be8736c163144c67da18e9bf9.jpg,0,0,0,293.5207367454781,2023-09-29 17:37:00.024000-04:00,631243950608828415,NORTH_WEST,0.8603634238243103,DAYLIGHT,-74.074082,40.606224
1306,nlbx_720ea7e5a64a8d49c3884eb23caeb348.jpg,1,1,1,17.890625,2023-09-29 11:00:58.685000-04:00,631243923292965887,NORTH,0.6812773942947388,DAYLIGHT,-73.905971,40.805296
1307,nlbx_188575ec8ed4a11adb540e4d91693583.jpg,0,1,0,261.8858642578125,2023-09-29 07:53:11.627000-04:00,631243950357856767,WEST,0.8356159925460815,DAYLIGHT,-73.984119,40.57535
1308,nlbx_b2ca07c0afd9c584b07e57f539aff628.jpg,0,0,0,260.458740234375,2023-09-29 12:20:24.280000-04:00,631243923210193919,WEST,0.7658967971801758,DAYLIGHT,-73.874142,40.772009
1309,nlbx_4f8c2e0dffae382cec8a92fb9cf94d1a.jpg,1,1,1,301.5,2023-09-29 11:01:48.685000-04:00,631243923292955135,NORTH_WEST,0.6959754228591919,DAYLIGHT,-73.907179,40.804919
1310,nlbx_b227712710c3c282718d3ec7b53e1acc.jpg,1,1,1,347.9980163574219,2023-09-29 13:29:11.941000-04:00,631243950900266495,NORTH,0.9332802891731262,DAYLIGHT,-73.905776,40.650228
1311,nlbx_55ca1d9f5a3e7563e08e1f1966bb1c5e.jpg,1,1,1,349.5,2023-09-29 11:30:18.091000-04:00,631243951185729023,NORTH,0.7758293151855469,DAYLIGHT,-73.971923,40.650274
1312,nlbx_9a882411493495482dad1ca077248a3f.jpg,0,1,0,169.90364224992717,2023-09-29 09:31:10.316000-04:00,631243922752034303,SOUTH,0.690011739730835,DAYLIGHT,-73.982563,40.76398
1313,nlbx_fc5e83fc240e03923560218d7e46587f.jpg,0,1,0,118.7464370727539,2023-09-29 11:32:27.078000-04:00,631243949854299135,SOUTH_EAST,0.6678988933563232,DAYLIGHT,-73.992888,40.755239
1314,nlbx_a5cfee9b633b579940871d7f586f6bcc.jpg,0,0,0,119.06340026855467,2023-09-29 16:33:57.274000-04:00,631243922685908479,SOUTH_EAST,0.6500622034072876,DAYLIGHT,-73.997496,40.74737
1315,nlbx_e22ad4a8501c38428997cb54e90ecc8a.jpg,0,1,0,351.5021600680738,2023-09-29 12:08:18.457000-04:00,631243951121423871,NORTH,0.724385142326355,DAYLIGHT,-73.975569,40.622373
1316,nlbx_d6ab723bbe85b71252a50849ae8eb99c.jpg,0,1,0,204.25,2023-09-29 08:22:09.543000-04:00,631243922681972735,SOUTH_WEST,0.871430516242981,DAYLIGHT,-73.984656,40.742622
1317,nlbx_cac5ceac6c9654e5510b72b252b74c55.jpg,1,1,1,225.437744140625,2023-09-29 09:33:51.640000-04:00,631243922719118847,SOUTH_WEST,0.7891987562179565,DAYLIGHT,-73.956187,40.761041
1318,nlbx_06d6cf59a045534de338ed15526c70e8.jpg,0,1,0,285.0,2023-09-29 11:06:58.379000-04:00,631243922082974719,WEST,0.8873756527900696,DAYLIGHT,-73.941357,40.849607
1319,nlbx_961cba745f8b0cf0067e848293675491.jpg,0,0,0,298.9503173828125,2023-09-29 08:20:12.460000-04:00,631243921532912639,NORTH_WEST,0.7009111046791077,DAYLIGHT,-73.938591,40.806565
1320,nlbx_cce1df00be6954586316e2d2c00e2b0a.jpg,1,1,1,38.18839645385742,2023-09-29 08:40:07.248000-04:00,631243951114904063,NORTH_EAST,0.7683963179588318,DAYLIGHT,-74.001032,40.660429
1321,nlbx_450d94aea13cd126d1aae09029363e8d.jpg,0,1,0,210.0573253093867,2023-09-29 09:19:38.485000-04:00,631243922758755327,SOUTH_WEST,0.6652854084968567,DAYLIGHT,-73.966629,40.757488
1322,nlbx_eb480994838bb058a2e450522d0a7b05.jpg,0,0,0,329.47857666015625,2023-09-29 14:52:05.440000-04:00,631243923220741631,NORTH_WEST,0.6082352995872498,DAYLIGHT,-73.923776,40.775967
1323,nlbx_f7dfdc2d7aa26d4aa81785e4b7f0e577.jpg,0,1,0,298.59686279296875,2023-09-29 12:11:06.384000-04:00,631243922693164031,NORTH_WEST,0.7681245803833008,DAYLIGHT,-73.989774,40.749778
1324,nlbx_ec2189d27d8154c6476dc5d691261576.jpg,1,1,1,303.0,2023-09-29 08:02:43.662000-04:00,631243922604147199,NORTH_WEST,0.7389693260192871,DAYLIGHT,-73.84248,40.668771
1325,nlbx_6d4675cd48e8e3074e4d0a3e44b87271.jpg,0,0,0,128.75570678710938,2023-09-29 11:44:00.087000-04:00,631243951125147135,SOUTH_EAST,0.7539972066879272,DAYLIGHT,-73.995357,40.622258
1326,nlbx_bfc34330f425416aafef206c50871ede.jpg,0,1,0,86.0,2023-09-29 14:14:13.399000-04:00,631243934997490175,EAST,0.7230343818664551,DAYLIGHT,-73.787222,40.644618
1327,nlbx_ae2a05d2cb78174199867277509d84ce.jpg,0,1,0,240.1571044921875,2023-09-29 10:03:52.165000-04:00,631243934997866495,SOUTH_WEST,0.8533302545547485,DAYLIGHT,-73.790532,40.646611
1328,nlbx_f60253764b93249bf6707c62bb3eb476.jpg,1,1,1,333.62795779966905,2023-09-29 08:25:02.252000-04:00,631243951173427711,NORTH_WEST,0.6309024095535278,DAYLIGHT,-73.996516,40.668903
1329,nlbx_fc86a3429bcbcc45cf749639c7ce99bf.jpg,1,1,1,148.19992065429688,2023-09-29 10:30:55.228000-04:00,631243950667143679,SOUTH_EAST,0.6573946475982666,DAYLIGHT,-74.071328,40.620915
1330,nlbx_7b54156fbaeedddd18d1b95b144ffe7d.jpg,0,0,0,118.17300415039062,2023-09-29 11:52:06.781000-04:00,631243949920655871,SOUTH_EAST,0.8988497853279114,DAYLIGHT,-73.987587,40.683158
1331,nlbx_68170194abddf846a82757c1529b33d5.jpg,0,1,0,349.5636901855469,2023-09-29 04:13:20.057000-04:00,631243919567510015,NORTH,0.7097856998443604,NIGHTTIME,-73.844976,40.817936
1332,nlbx_00f54e9d9df954736a7075acb7d08f0e.jpg,1,1,1,261.7972412109375,2023-09-29 08:43:53.401000-04:00,631243951127975423,WEST,0.6587207913398743,DAYLIGHT,-73.976401,40.63817
1333,nlbx_ad9b4e56339009df5a14cbe5a0cee0c7.jpg,0,1,0,90.125,2023-09-29 08:48:01.659000-04:00,631243949990223359,EAST,0.6379984617233276,DAYLIGHT,-73.992539,40.712464
1334,nlbx_3e4786a6521701497e4796919c185424.jpg,0,1,0,309.5,2023-09-29 08:03:43.192000-04:00,631243951152686079,NORTH_WEST,0.8135992884635925,DAYLIGHT,-74.012398,40.632389
1335,nlbx_5fea036f50e1f9aa483eda8e3e43e20e.jpg,0,0,0,92.75,2023-09-29 09:54:12.745000-04:00,631243935009281023,EAST,0.7731204032897949,DAYLIGHT,-73.795549,40.664873
1336,nlbx_52e3b68467c4fca37b3660de2d64589e.jpg,0,0,0,272.9991248622413,2023-09-29 15:50:52.592000-04:00,631243922827600895,WEST,0.836151123046875,DAYLIGHT,-73.973585,40.696114
1337,nlbx_f03a2cebb67dc54d481776a43218ec6a.jpg,1,1,1,214.5921173095703,2023-09-29 10:33:52.702000-04:00,631243921928665599,SOUTH_WEST,0.7203075885772705,DAYLIGHT,-73.901498,40.881085
1338,nlbx_041f5cb0db4f031a3515e7eb08615de3.jpg,0,0,0,213.375,2023-09-29 15:29:36.457000-04:00,631243922921348095,SOUTH_WEST,0.8090832829475403,DAYLIGHT,-73.837029,40.768968
1339,nlbx_8ecadc00326b0d86ef6dc9f1f7d73eb0.jpg,1,1,1,1.8633997440338133,2023-09-29 12:23:03.820000-04:00,631243922020178943,NORTH,0.7137188911437988,DAYLIGHT,-73.935241,40.834053
1340,nlbx_4fe9bc137b3093083dc70a9e55986c8d.jpg,0,1,0,41.6962776184082,2023-09-29 07:37:12.126000-04:00,631243949918033919,NORTH_EAST,0.6799474954605103,DAYLIGHT,-74.009242,40.682389
1341,nlbx_f73b583040df9b0554346abece4e5bbb.jpg,0,0,0,359.0,2023-09-29 12:55:58.934000-04:00,631243922845860351,NORTH,0.8229073286056519,DAYLIGHT,-73.95827,40.680093
1342,nlbx_042a92f31c7541992513301ea958cb4a.jpg,0,1,0,248.27462768554688,2023-09-29 14:02:23.151000-04:00,631243922966593023,WEST,0.802243709564209,DAYLIGHT,-73.840233,40.742986
1343,nlbx_a67a888894ea4486e09752b79bbb703f.jpg,0,1,0,131.375,2023-09-29 10:07:57.276000-04:00,631243949982976511,SOUTH_EAST,0.6542935967445374,DAYLIGHT,-74.000242,40.709261
1344,nlbx_12304200cda9bc2f2277452a34757fe8.jpg,1,1,1,286.0,2023-09-29 08:47:45.972000-04:00,631243922818012671,WEST,0.7412573099136353,DAYLIGHT,-73.967377,40.681804
1345,nlbx_5847d22e5da7d49f9db0ac757475520f.jpg,0,1,0,85.8125,2023-09-29 11:12:02.182000-04:00,631243919572679679,EAST,0.7957299947738647,DAYLIGHT,-73.844696,40.827648
1346,nlbx_41fe16b68cfda65881c07748bd6f4f2b.jpg,1,1,1,349.0,2023-09-29 10:13:51.051000-04:00,631243951185757183,NORTH,0.823932945728302,DAYLIGHT,-73.971692,40.649282
1347,nlbx_8a784533374490641e4fba0a3ff57990.jpg,1,1,1,269.75,2023-09-29 08:54:24.276000-04:00,631243922743569919,WEST,0.7516402006149292,DAYLIGHT,-73.932263,40.751954
1348,nlbx_6003f3bf1250ccb234eb95133a3089d4.jpg,0,1,0,85.5361862126921,2023-09-29 07:51:54.960000-04:00,631243934997491199,EAST,0.7573258876800537,DAYLIGHT,-73.787444,40.644666
1349,nlbx_662103fe038bb05d5ba9c6ceabf99b26.jpg,1,1,1,186.625,2023-09-29 13:12:46.271000-04:00,631243922733413375,SOUTH,0.8248001337051392,DAYLIGHT,-73.922041,40.733314
1350,nlbx_49081598f84b309f1a7cc991efcbfcfe.jpg,0,1,0,150.65602111816406,2023-09-29 10:18:39.195000-04:00,631243949981828607,SOUTH_EAST,0.7832820415496826,DAYLIGHT,-74.001319,40.707289
1351,nlbx_1da207957084942356ccdac17a2b1954.jpg,0,0,0,116.0625,2023-09-29 14:36:06.462000-04:00,631243919470971903,SOUTH_EAST,0.9108355045318604,DAYLIGHT,-73.875693,40.875282
1352,nlbx_2e82fc093034a4313ba647731b6c7965.jpg,0,0,0,336.31805419921875,2023-09-29 09:19:17.146000-04:00,631243922669348863,NORTH_WEST,0.7107254266738892,DAYLIGHT,-73.948808,40.725889
1353,nlbx_ccc6e06ea2939d71c880ef49c41ed441.jpg,0,1,0,202.8525177021332,2023-09-29 11:39:45.868000-04:00,631243922089282047,SOUTH_WEST,0.7821118831634521,DAYLIGHT,-73.935474,40.861803
1354,nlbx_66e035243c933da574cbba70bad164ba.jpg,0,1,0,59.84069061279297,2023-09-29 08:22:50.194000-04:00,631243922736820735,NORTH_EAST,0.9114287495613098,DAYLIGHT,-73.939859,40.748899
1355,nlbx_5019655b4e8c6f58b9f16cca6280cd8a.jpg,0,0,0,271.302978515625,2023-09-29 10:05:46.234000-04:00,631243923131066367,WEST,0.8866827487945557,DAYLIGHT,-73.798606,40.738469
1356,nlbx_16e34ef20fcbfaa59a6a13526eb83d84.jpg,1,1,1,279.8285217285156,2023-09-29 13:00:29.787000-04:00,631243934230038015,WEST,0.9421521425247192,DAYLIGHT,-73.807226,40.590979
1357,nlbx_3dc7a91b46304e96446421c366d175e9.jpg,0,1,0,86.42039202560602,2023-09-29 15:20:39.652000-04:00,631243934997488127,EAST,0.7236748933792114,DAYLIGHT,-73.787366,40.644613
1358,nlbx_f30f98d5947c14e7aad8e678deaa69df.jpg,0,1,0,91.78304290771484,2023-09-29 13:30:11.336000-04:00,631243949787691007,EAST,0.6470687389373779,DAYLIGHT,-74.004094,40.737544
1359,nlbx_5da4497114051f547967d57cdd8139d5.jpg,1,1,1,74.46322631835938,2023-09-29 13:18:04.241000-04:00,631243951185723903,EAST,0.7272950410842896,DAYLIGHT,-73.972048,40.650682
1360,nlbx_1af37c2f76d25b2c7c301938e800c96f.jpg,0,0,0,90.9,2023-09-29 19:41:06.582000-04:00,631243922928146943,EAST,0.8292465209960938,NIGHTTIME,-73.826823,40.771587
1361,nlbx_18223cadf59cf37082ada0b92a3bf33c.jpg,0,1,0,298.6946716308594,2023-09-29 10:50:53.560000-04:00,631243922688667135,NORTH_WEST,1.0,DAYLIGHT,-73.998873,40.740719
1362,nlbx_4f0e05b10128c5c1c370193b704424a7.jpg,0,1,0,304.2851321377764,2023-09-29 12:43:37.685000-04:00,631243951173542911,NORTH_WEST,0.6635498404502869,DAYLIGHT,-73.994018,40.672911
1363,nlbx_e582c72e7ef418876708bde933ee1d1a.jpg,0,1,0,192.9657745361328,2023-09-29 08:02:48.004000-04:00,631243950397210111,SOUTH,0.7667701244354248,DAYLIGHT,-74.000814,40.612716
1364,nlbx_2f1a7901ec0323d83ce066971617aa63.jpg,0,1,0,336.9131116667527,2023-09-29 10:10:07.991000-04:00,631243949980989439,NORTH_WEST,0.8562618494033813,DAYLIGHT,-73.986782,40.700384
1365,nlbx_330e35c0979d5a44ca12c0b4aea89752.jpg,1,1,1,282.218505859375,2023-09-29 08:44:10.126000-04:00,631243922733686271,WEST,0.8844776153564453,DAYLIGHT,-73.92772,40.736602
1366,nlbx_d9b0962179931ac8b1127a2063d00ab0.jpg,0,0,0,292.2491131671686,2023-09-29 18:01:12.752000-04:00,631243919664465407,WEST,0.7732087969779968,DAYLIGHT,-73.857181,40.832324
1367,nlbx_cdce08dbe16df10f9d068b9231f6d707.jpg,0,1,0,53.77953026855419,2023-09-29 09:05:14.030000-04:00,631243949854077439,NORTH_EAST,0.795831024646759,DAYLIGHT,-73.995414,40.756893
1368,nlbx_63ee4d6266ff74e530efb39642a567c6.jpg,1,1,1,332.7449951171875,2023-09-29 11:00:58.749000-04:00,631243923154920447,NORTH_WEST,0.7592305541038513,DAYLIGHT,-73.832233,40.726956
1369,nlbx_54dbc77a23e94da6560df6e2182cbecf.jpg,0,0,0,159.5849151611328,2023-09-29 10:50:05.679000-04:00,631243922023408639,SOUTH,0.6803848147392273,DAYLIGHT,-73.944611,40.843789
1370,nlbx_72c9fafcf7a6f0cba8b8c04cce667ec1.jpg,0,1,0,271.0,2023-09-29 12:56:38.521000-04:00,631243935107033087,WEST,0.8010828495025635,DAYLIGHT,-73.797193,40.666456
1371,nlbx_9004d2e7c6325aa49c512817957dd47d.jpg,0,0,0,227.625,2023-09-29 09:40:44.672000-04:00,631243921871999999,SOUTH_WEST,0.7579368352890015,DAYLIGHT,-73.920456,40.878912
1372,nlbx_19454fa6338699fa3e6f19e2019c1ad2.jpg,0,0,0,34.66291427612305,2023-09-29 12:58:05.238000-04:00,631243921490564095,NORTH_EAST,0.8755568265914917,DAYLIGHT,-73.987609,40.780721
1373,nlbx_33272d00e92c2726144b07548e5f22a8.jpg,1,1,1,79.0625,2023-09-29 15:17:47.629000-04:00,631243922600244223,EAST,0.8403797149658203,DAYLIGHT,-73.827548,40.664442
1374,nlbx_a6ab964d6d3d761e1cef05e46133a5de.jpg,0,1,0,349.4515380859375,2023-09-29 08:12:40.077000-04:00,631243951193729023,NORTH,0.8220512866973877,DAYLIGHT,-73.959293,40.652771
1375,nlbx_c720e7082d06637d29c7411f9e024e72.jpg,1,1,1,184.875,2023-09-29 09:10:50.562000-04:00,631243919531067903,SOUTH,0.8163861632347107,DAYLIGHT,-73.880253,40.894222
1376,nlbx_564560e583769cd3c9b0ae8844ba0462.jpg,0,1,0,300.2923278808594,2023-09-29 11:04:54.705000-04:00,631243922720491007,NORTH_WEST,0.8455806970596313,DAYLIGHT,-73.9535,40.756512
1377,nlbx_aabc619df3dd0d6f613c9e56f3e498c2.jpg,1,1,1,242.64627075195312,2023-09-29 10:58:02.853000-04:00,631243951186027519,SOUTH_WEST,0.8301935791969299,DAYLIGHT,-73.969946,40.646744
1378,nlbx_7b4dd6aacba55587b7b34807949dec8a.jpg,1,1,1,298.5,2023-09-29 12:35:09.325000-04:00,631243923092789247,NORTH_WEST,0.8520413637161255,DAYLIGHT,-73.827019,40.716249
1379,nlbx_3be2bbfca5f9106010913609a2a28323.jpg,1,1,1,159.37197875976562,2023-09-29 17:34:23.976000-04:00,631243934761570815,SOUTH,0.8561655282974243,DAYLIGHT,-73.741012,40.637737
1380,nlbx_a9c4fd6c893af24ff136991a739a7008.jpg,0,1,0,119.4375,2023-09-29 09:07:17.175000-04:00,631243922684872703,SOUTH_EAST,0.802950918674469,DAYLIGHT,-73.999651,40.743343
1381,nlbx_44f8b2a379c67fa7b123e1839c0fe538.jpg,1,1,1,160.0792999267578,2023-09-29 10:41:26.064000-04:00,631243923119689215,SOUTH,0.6335523128509521,DAYLIGHT,-73.791795,40.718469
1382,nlbx_803c3a4e071ebf170e9d5737c0071169.jpg,0,1,0,95.25,2023-09-29 12:35:01.375000-04:00,631243922811198975,EAST,0.8455055952072144,DAYLIGHT,-73.93292,40.677444
1383,nlbx_98c1ebf2c57d2cf348bbd27d62a6b8bf.jpg,0,0,0,97.5,2023-09-29 14:39:19.066000-04:00,631243935092638207,EAST,0.8346573114395142,DAYLIGHT,-73.761844,40.666333
1384,nlbx_3508aecb70f2d89a9e879a14051e0dce.jpg,1,1,1,355.96770156390767,2023-09-29 09:24:29.480000-04:00,631243923289303551,NORTH,0.7947778701782227,DAYLIGHT,-73.93007,40.802075
1385,nlbx_a90e4a10698dcebec0da85d2082d12b1.jpg,0,1,0,302.0090250179911,2023-09-29 13:46:46.028000-04:00,631243951204920319,NORTH_WEST,0.8228927254676819,DAYLIGHT,-74.012792,40.656638
1386,nlbx_4d1ba2a9d69195efb0dfe8c34c15183c.jpg,0,0,0,257.0035095214844,2023-09-29 10:34:57.562000-04:00,631243920608023551,WEST,0.8150429725646973,DAYLIGHT,-73.767498,40.761861
1387,nlbx_b0f6ed58c9d3d1fc20b316f374417dc8.jpg,0,0,0,29.125,2023-09-29 14:55:02.961000-04:00,631243922651922943,NORTH_EAST,0.8003360629081726,DAYLIGHT,-73.970808,40.744976
1388,nlbx_736043de2e1f732f20e974f75e80d934.jpg,0,1,0,17.831520865845857,2023-09-29 07:44:19.601000-04:00,631243949971467775,NORTH,0.6447080969810486,DAYLIGHT,-73.996893,40.720314
1389,nlbx_c443047f4f5039831d15e61c7ca26aa7.jpg,1,1,1,250.5,2023-09-29 10:43:40.503000-04:00,631243922615120383,WEST,0.8319617509841919,DAYLIGHT,-73.884892,40.691797
1390,nlbx_053cd0f4d44d457069c5e7e3c82a4b4e.jpg,0,0,0,212.875,2023-09-29 15:18:53.665000-04:00,631243920656315903,SOUTH_WEST,0.9669234156608582,DAYLIGHT,-73.729308,40.679571
1391,nlbx_94846d2deb60c2d569da868e12c1fc42.jpg,0,0,0,171.8387908935547,2023-09-29 13:23:39.847000-04:00,631243950392646143,SOUTH,0.9248358011245728,DAYLIGHT,-73.951315,40.598878
1392,nlbx_8c0832fa5c568ac39f9bdcda53b1cff4.jpg,1,1,1,79.61101531982422,2023-09-29 10:33:48.317000-04:00,631243949982526463,EAST,0.7547060251235962,DAYLIGHT,-73.993739,40.709545
1393,nlbx_24c9e5feadef0606efc083b1fc3fc7da.jpg,0,0,0,214.25,2023-09-29 17:19:07.910000-04:00,631243950343151103,SOUTH_WEST,0.8903859257698059,DAYLIGHT,-74.013017,40.604504
1394,nlbx_0b9de706f21273dae2c2dcde2482c673.jpg,1,1,1,351.47283935546875,2023-09-29 09:52:10.159000-04:00,631243950346745855,NORTH,0.7851145267486572,DAYLIGHT,-74.000631,40.574662
1395,nlbx_dd72612e2be512c407206390a54b9aec.jpg,0,0,0,81.38410949707031,2023-09-29 10:29:21.987000-04:00,631243922884559359,EAST,0.8518677949905396,DAYLIGHT,-73.957641,40.696663
1396,nlbx_65d6f50fa0aff8ac5ae3ed88ea916945.jpg,1,1,1,5.57455587387085,2023-09-29 08:41:22.478000-04:00,631243922803938303,NORTH,0.9198633432388306,DAYLIGHT,-73.936074,40.67522
1397,nlbx_892b9deed3476ab9cd1aa0cc91ba0ffe.jpg,0,0,0,299.45831298828125,2023-09-29 14:50:43.774000-04:00,631243922753473023,NORTH_WEST,0.8359431028366089,DAYLIGHT,-73.985954,40.766336
1398,nlbx_031bef9b4cfbdd0edbba21516aae39b3.jpg,0,1,0,83.41693878173828,2023-09-29 14:53:56.007000-04:00,631243949787612159,EAST,0.8623279333114624,DAYLIGHT,-74.002068,40.737676
1399,nlbx_068251f153012e2a5de6ef4b63991bf9.jpg,1,1,1,85.56217956542969,2023-09-29 09:29:23.186000-04:00,631243922834598399,EAST,0.80607008934021,DAYLIGHT,-73.953673,40.659209
1400,nlbx_c8d2d6d222cf1601df620e44a1a3abfa.jpg,1,1,1,166.25,2023-09-29 13:18:49.418000-04:00,631243934828506623,SOUTH,0.7486749291419983,DAYLIGHT,-73.727148,40.658693
1401,nlbx_70d03cbc0159514230ea992b38264ddb.jpg,0,0,0,208.9833068847656,2023-09-29 11:58:43.077000-04:00,631243922692687871,SOUTH_WEST,0.8626460433006287,DAYLIGHT,-73.978451,40.741299
1402,nlbx_8370cb04e9da11e4fb1f617ecfe5ea00.jpg,0,0,0,250.0,2023-09-29 08:25:18.682000-04:00,631243934664429055,WEST,0.934240996837616,DAYLIGHT,-73.832451,40.583602
1403,nlbx_4dc744c9a6986f425f795e45c40250ad.jpg,1,1,1,82.58199932315055,2023-09-29 13:35:09.305000-04:00,631243934230046207,EAST,0.6637827157974243,DAYLIGHT,-73.807792,40.590905
1404,nlbx_e6498334ba1ec8a7d014d55d2b4385fe.jpg,0,1,0,299.5796203613281,2023-09-29 12:30:56.389000-04:00,631243922721106943,NORTH_WEST,0.8483853936195374,DAYLIGHT,-73.954823,40.757087
1405,nlbx_4c4d2e59e719702f1440e9d12877ca7c.jpg,1,1,1,154.375,2023-09-29 08:16:09.638000-04:00,631243951173193215,SOUTH_EAST,0.8436372876167297,DAYLIGHT,-73.997876,40.670458
1406,nlbx_5a5f554a2eec779087129ee616b15faa.jpg,0,1,0,221.81997680664065,2023-09-29 07:31:28.126000-04:00,631243949916366847,SOUTH_WEST,0.6470234394073486,DAYLIGHT,-74.011085,40.680788
1407,nlbx_174741f2eaeb5488688cbe5911042ffc.jpg,1,1,1,326.5719909667969,2023-09-29 09:41:44.389000-04:00,631243934761273343,NORTH_WEST,0.7281059622764587,DAYLIGHT,-73.741776,40.639102
1408,nlbx_839d95eeba7868917e5931065d7e1739.jpg,0,0,0,28.90567398071289,2023-09-29 15:37:57.399000-04:00,631243921450162687,NORTH_EAST,0.7296944856643677,DAYLIGHT,-73.96905,40.795831
1409,nlbx_f1ed4ab0e5f7247653e8abb0e0543314.jpg,0,1,0,85.6875,2023-09-29 11:33:07.531000-04:00,631243919453282815,EAST,0.7844850420951843,DAYLIGHT,-73.831718,40.855941
1410,nlbx_d35cce802c20b41bbd3ddd4c6066e769.jpg,1,1,1,38.58211850376222,2023-09-29 10:42:39.496000-04:00,631243922671882751,NORTH_EAST,0.7927376627922058,DAYLIGHT,-73.952281,40.722892
1411,nlbx_170fec2a13cc658a91225e2b98cefd8c.jpg,0,1,0,260.0489807128906,2023-09-29 03:02:52.881000-04:00,631243922616911359,WEST,0.605040431022644,NIGHTTIME,-73.873927,40.680522
1412,nlbx_24e88c85a84f56b5fb70263243d7ef29.jpg,1,1,1,134.88973999023438,2023-09-29 08:59:03.557000-04:00,631243922921382911,SOUTH_EAST,0.666124701499939,DAYLIGHT,-73.835715,40.770709
1413,nlbx_cfdbd9f5e4efacc166fc682d904d1ff3.jpg,0,0,0,123.8050308227539,2023-09-29 16:47:01.092000-04:00,631243922716812287,SOUTH_EAST,0.6818824410438538,DAYLIGHT,-73.945128,40.75272
1414,nlbx_9ad54430a94bc557778796e889588bb9.jpg,0,1,0,209.01968383789065,2023-09-29 10:42:53.758000-04:00,631243922761744895,SOUTH_WEST,0.6865994930267334,DAYLIGHT,-73.96996,40.768462
1415,nlbx_731a23687661ffcd184c3e9a1a46b1ad.jpg,1,1,1,318.8070678710937,2023-09-29 15:54:09.993000-04:00,631243949982992383,NORTH_WEST,0.6319149136543274,DAYLIGHT,-74.00019,40.709344
1416,nlbx_0a74095a70a8e7645752facd892f1bdd.jpg,0,0,0,118.91091918945312,2023-09-29 07:55:50.346000-04:00,631243921456729599,SOUTH_EAST,0.6171400547027588,DAYLIGHT,-73.962424,40.776454
1417,nlbx_ab332ec44ff93d6184a5049260539338.jpg,0,0,0,12.660007797485006,2023-09-29 16:34:22.531000-04:00,631243919197807615,NORTH,0.6237156391143799,DAYLIGHT,-73.826618,40.85214
1418,nlbx_6f6f8c62c9bf293923759f3fcd3fe5b8.jpg,0,0,0,297.25,2023-09-29 15:30:41.799000-04:00,631243935087448575,NORTH_WEST,0.7738498449325562,DAYLIGHT,-73.752193,40.66017
1419,nlbx_d27ab54e652a766caf39b496e142bfc3.jpg,0,0,0,209.07347106933597,2023-09-29 17:05:32.761000-04:00,631243922755368447,SOUTH_WEST,0.8346562385559082,DAYLIGHT,-73.979464,40.755449
1420,nlbx_aa59b841066f46a5236d93f22fe45f15.jpg,1,1,1,163.78839842424347,2023-09-29 15:37:44.044000-04:00,631243919470421503,SOUTH,0.7015947699546814,DAYLIGHT,-73.881205,40.871011
1421,nlbx_c7db39fa9d691462cc13ba03e98a54b8.jpg,0,1,0,178.625,2023-09-29 11:53:45.222000-04:00,631243934828804095,SOUTH,0.784239649772644,DAYLIGHT,-73.726543,40.65694
1422,nlbx_21d9f4b843fa89bd1e0ed72e17e3516a.jpg,0,0,0,185.12831847701293,2023-09-29 17:42:34.212000-04:00,631243922698243071,SOUTH,0.8128296732902527,DAYLIGHT,-73.974804,40.720355
1423,nlbx_27c83c620f7738aebcbdc4cae0eba56b.jpg,0,0,0,299.5594787597656,2023-09-29 15:59:23.613000-04:00,631243922690545663,NORTH_WEST,0.843596875667572,DAYLIGHT,-73.981359,40.749577
1424,nlbx_220693bcee082754ec02de61a194293b.jpg,0,0,0,58.25331497192383,2023-09-29 15:25:32.507000-04:00,631243922666883583,NORTH_EAST,0.7228595614433289,DAYLIGHT,-73.941716,40.715264
1425,nlbx_259df13dc7733ff9204c6efb2176c80d.jpg,1,1,1,92.1059341430664,2023-09-29 08:32:32.256000-04:00,631243922934499327,EAST,0.8119959235191345,DAYLIGHT,-73.804188,40.7383
1426,nlbx_b8b6aca0641687655f62733326f980bc.jpg,1,1,1,250.70950317382807,2023-09-29 17:56:25.013000-04:00,631243922733291519,WEST,0.8185497522354126,DAYLIGHT,-73.922545,40.732941
1427,nlbx_b53f80543d8109748451c064a08daa50.jpg,1,1,1,34.125,2023-09-29 10:59:35.685000-04:00,631243923293950975,NORTH_EAST,0.7368272542953491,DAYLIGHT,-73.908079,40.803213
1428,nlbx_ae2b4ded5f3c16297c761415ba366572.jpg,0,0,0,252.913309774544,2023-09-29 09:20:58.498000-04:00,631243935040231423,WEST,0.631568193435669,DAYLIGHT,-73.807919,40.654493
1429,nlbx_f31e87c2a3caf9084af90417a1c640ed.jpg,0,0,0,105.3934555053711,2023-09-29 09:01:38.879000-04:00,631243922826105343,EAST,0.9086928963661194,DAYLIGHT,-73.960932,40.680314
1430,nlbx_e4592c64d8c18de7be7c55d28ac10dea.jpg,0,0,0,134.89010620117188,2023-09-29 16:29:02.155000-04:00,631243922425328639,SOUTH_EAST,0.8517186641693115,DAYLIGHT,-73.920581,40.73296
1431,nlbx_7899c87fd10cdda4f88a0dba7d6918df.jpg,0,0,0,352.53420268670294,2023-09-29 08:05:05.204000-04:00,631243951006111743,NORTH,0.8974622488021851,DAYLIGHT,-73.943864,40.579679
1432,nlbx_6d3bd7f3a66bcb4bbb3a8165e900c6f0.jpg,1,1,1,66.875,2023-09-29 09:17:23.860000-04:00,631243923202449919,NORTH_EAST,0.8028838038444519,DAYLIGHT,-73.886675,40.766993
1433,nlbx_b118f307bc957bd8520f682c5136413b.jpg,1,1,1,136.0,2023-09-29 08:20:39.789000-04:00,631243950399063039,SOUTH_EAST,0.7287455201148987,DAYLIGHT,-73.9912,40.601326
1434,nlbx_82e847fa6fefe7e609319be5ab965568.jpg,0,0,0,129.29486083984375,2023-09-29 14:09:12.455000-04:00,631243922895956479,SOUTH_EAST,0.7284108400344849,DAYLIGHT,-73.953297,40.715087
1435,nlbx_c7cede33689a13307cc89733d7d1536c.jpg,0,1,0,208.70339965820312,2023-09-29 10:52:00.724000-04:00,631243921490910207,SOUTH_WEST,0.677897572517395,DAYLIGHT,-73.984494,40.779794
1436,nlbx_379c472b49582ebefda98b56452d8472.jpg,0,1,0,270.0,2023-09-29 13:10:39.773000-04:00,631243935107094527,WEST,0.6833186149597168,DAYLIGHT,-73.79759,40.666458
1437,nlbx_c43d06dccce12aab26183602e5c33166.jpg,1,1,1,306.2073669433594,2023-09-29 13:27:39.995000-04:00,631243922020944383,NORTH_WEST,0.7244681715965271,DAYLIGHT,-73.935409,40.830805
1438,nlbx_bf4173f74e2dba447b374fb196defbe9.jpg,0,0,0,208.875,2023-09-29 17:41:08.056000-04:00,631243921979161599,SOUTH_WEST,0.880820095539093,DAYLIGHT,-73.913311,40.831138
1439,nlbx_203cf3f865d2e6021666fe9b2be748e6.jpg,1,1,1,17.140625,2023-09-29 15:55:38.666000-04:00,631243922933605375,NORTH,0.7853620648384094,DAYLIGHT,-73.803544,40.745859
1440,nlbx_a2deea6f6f3967bbbf28334df1d20e2e.jpg,0,1,0,312.25,2023-09-29 14:31:37.070000-04:00,631243934998647295,NORTH_WEST,0.6640827655792236,DAYLIGHT,-73.78095,40.646542
1441,nlbx_fd7822656bbab6a67bde2e3dc25131e7.jpg,1,1,1,183.6730720912527,2023-09-29 08:25:08.847000-04:00,631243950307247103,SOUTH,0.79725581407547,DAYLIGHT,-73.974255,40.588273
1442,nlbx_6708fc4c22656be8998aac039222bd80.jpg,0,0,0,164.45196533203125,2023-09-29 16:00:00.837000-04:00,631243922453351423,SOUTH,0.7482343912124634,DAYLIGHT,-73.87106,40.73902
1443,nlbx_60307c8e749b64d6d3a29f4f88c80452.jpg,0,0,0,307.81245824877385,2023-09-29 11:15:24.218000-04:00,631243951175746047,NORTH_WEST,0.9330248236656188,DAYLIGHT,-73.991868,40.664786
1444,nlbx_b40535c97d0352a96b0d34cb0df376fa.jpg,0,1,0,11.980220794677734,2023-09-29 12:34:02.085000-04:00,631243922490119679,NORTH,0.8811655640602112,DAYLIGHT,-73.885667,40.738654
1445,nlbx_4357ef6658db9d95c34e89790c6d835e.jpg,0,0,0,105.0923080444336,2023-09-29 17:55:55.776000-04:00,631243922049380863,EAST,0.7813667058944702,DAYLIGHT,-73.910258,40.848358
1446,nlbx_7560a5e28041ebbd429f4617cc92367d.jpg,0,0,0,298.2574462890625,2023-09-29 17:33:14.546000-04:00,631243949843191295,NORTH_WEST,1.0,DAYLIGHT,-74.000595,40.756074
1447,nlbx_82acd53b6b4fcffd705eab1b922a32f8.jpg,0,1,0,67.5,2023-09-29 11:20:45.591000-04:00,631243920543669759,EAST,0.7320538759231567,DAYLIGHT,-73.768176,40.745594
1448,nlbx_8f62515dd8e87fee657bb8be8c1019dc.jpg,0,0,0,214.6822967529297,2023-09-29 08:35:39.356000-04:00,631243945015690751,SOUTH_WEST,0.8955437541007996,DAYLIGHT,-74.16762,40.58903
1449,nlbx_3b8e260269110f3ece382c39f6963a66.jpg,1,1,1,212.13975524902344,2023-09-29 08:14:16.465000-04:00,631243951181216767,SOUTH_WEST,0.6876481175422668,DAYLIGHT,-73.986438,40.673191
1450,nlbx_f055757913f37f56eace1ad3a61edf8f.jpg,0,1,0,81.69412994384766,2023-09-29 23:53:17.605000-04:00,631243951075572735,EAST,0.7999649047851562,NIGHTTIME,-73.934232,40.592734
1451,nlbx_1afd60cae219f7e3fd5d43da74e686b6.jpg,0,0,0,93.0625,2023-09-29 09:38:57.392000-04:00,631243949973857791,EAST,0.9769925475120544,DAYLIGHT,-74.005673,40.729368
1452,nlbx_df9c2178d22c12f8f9844c308efed963.jpg,0,1,0,106.69277954101562,2023-09-29 08:05:51.146000-04:00,631243922600419839,EAST,0.8421839475631714,DAYLIGHT,-73.835145,40.665967
1453,nlbx_3723c1a425d3b4033ca39d45c964cd77.jpg,1,1,1,349.9313049316406,2023-09-29 08:38:34.850000-04:00,631243922972272127,NORTH,0.7282385230064392,DAYLIGHT,-73.845308,40.740478
1454,nlbx_882119c6c81eb3404aded2f5beff25f3.jpg,0,0,0,330.7234191894531,2023-09-29 12:46:27.949000-04:00,631243935040527871,NORTH_WEST,0.7845321297645569,DAYLIGHT,-73.80536,40.651078
1455,nlbx_170ecdf7934274be03efe56bbd5818a2.jpg,0,1,0,84.93978881835938,2023-09-29 08:55:20.794000-04:00,631243945712703999,EAST,0.6368888020515442,DAYLIGHT,-74.129399,40.6015
1456,nlbx_5dbfa5b706abced8c093193b75a30a7b.jpg,0,1,0,310.03973388671875,2023-09-29 11:35:49.919000-04:00,631243935002176511,NORTH_WEST,0.8169173002243042,DAYLIGHT,-73.80021,40.645332
1457,nlbx_43162c20d1bb8e19ea0b5d80d0d40f97.jpg,0,1,0,335.0733857304707,2023-09-29 09:29:48-04:00,631243949912659967,NORTH_WEST,0.6345494985580444,DAYLIGHT,-74.001552,40.676566
1458,nlbx_a5a06db29f70e2a98a9d465ccf851320.jpg,0,1,0,187.125,2023-09-29 08:24:05.962000-04:00,631243922851924479,SOUTH,0.7048051357269287,DAYLIGHT,-73.917834,40.698576
1459,nlbx_dd49a2dc82ec20db144d247f5015c016.jpg,0,1,0,308.7677307128906,2023-09-29 11:27:36.059000-04:00,631243920508849663,NORTH_WEST,0.7762341499328613,DAYLIGHT,-73.740648,40.751857
1460,nlbx_acce497143ae72dcc237794fca105862.jpg,1,1,1,54.75,2023-09-29 15:00:19.689000-04:00,631243921929225215,NORTH_EAST,0.8374902009963989,DAYLIGHT,-73.896464,40.885969
1461,nlbx_e203c892aeae543267e18e22b6e4274a.jpg,0,1,0,304.0,2023-09-29 10:56:29.893000-04:00,631243934998647295,NORTH_WEST,0.8646326661109924,DAYLIGHT,-73.781045,40.646588
1462,nlbx_b750f1e5f4be7e320ce561c779a380b3.jpg,1,1,1,2.5782150620233484,2023-09-29 08:34:56.029000-04:00,631243950302430207,NORTH,0.7407242655754089,DAYLIGHT,-73.987808,40.585895
1463,nlbx_b09e5fd1401cc6f451ac9045bbf1b5b7.jpg,0,0,0,299.2551574707031,2023-09-29 16:01:38.745000-04:00,631243922694531071,NORTH_WEST,0.9536029100418092,DAYLIGHT,-73.985975,40.749043
1464,nlbx_8df3f91c9c8fba96df7054ad84ce2749.jpg,0,0,0,81.78443145751953,2023-09-29 15:54:38.388000-04:00,631243951191820799,EAST,0.6524807810783386,DAYLIGHT,-73.975317,40.643168
1465,nlbx_11eda1c3edf56415658e49c65d898fbf.jpg,0,1,0,158.0,2023-09-29 10:10:48.842000-04:00,631243919517328895,SOUTH,0.6805390119552612,DAYLIGHT,-73.832088,40.869306
1466,nlbx_f4111e3dbc6ed573814feb3d1d7b883f.jpg,1,1,1,275.3506877250486,2023-09-29 14:11:45.955000-04:00,631243934253923327,WEST,0.6772440671920776,DAYLIGHT,-73.787996,40.592101
1467,nlbx_d422396e89f0726b77f4cf349678d32b.jpg,0,0,0,290.8683890485748,2023-09-29 09:46:47.935000-04:00,631243920567720959,WEST,0.6392485499382019,DAYLIGHT,-73.730933,40.76962
1468,nlbx_b754d16b7ba429e59a79f38cf0005b8c.jpg,1,1,1,5.25,2023-09-29 13:29:29.528000-04:00,631243922020191231,NORTH,0.7393744587898254,DAYLIGHT,-73.935165,40.834773
1469,nlbx_15bf1081b281869eb64203c23b62d454.jpg,1,1,1,245.06753540039065,2023-09-29 15:40:29.281000-04:00,631243922733290495,SOUTH_WEST,0.8572713136672974,DAYLIGHT,-73.922452,40.732965
1470,nlbx_1b1b7d9c238dc965e43c5e023182927f.jpg,0,0,0,19.3125,2023-09-29 13:07:37.334000-04:00,631243949907135999,NORTH,0.8080765008926392,DAYLIGHT,-74.014025,40.712747
1471,nlbx_bc77ff308bbc6622a935f86669008663.jpg,1,1,1,2.1492667198181152,2023-09-29 08:56:20.586000-04:00,631243922482503167,NORTH,0.8669921159744263,DAYLIGHT,-73.894115,40.738154
1472,nlbx_5ef461bba5c8d5d5645dd021a56a4e06.jpg,1,1,1,334.2192687988281,2023-09-29 13:50:43.020000-04:00,631243923138485247,NORTH_WEST,0.7014139890670776,DAYLIGHT,-73.791598,40.713358
1473,nlbx_a38c03051d67a05b952e305c67429129.jpg,0,0,0,129.00595092773438,2023-09-29 13:04:56.728000-04:00,631243922670787583,SOUTH_EAST,0.9898521900177002,DAYLIGHT,-73.952586,40.71833
1474,nlbx_ac5814d26ddb4148e99176cd7eb2890e.jpg,0,0,0,245.75,2023-09-29 09:09:08.356000-04:00,631243935042982911,SOUTH_WEST,0.7339826226234436,DAYLIGHT,-73.823904,40.665278
1475,nlbx_3f573cc4bb67b33e3332a1a42651778d.jpg,1,1,1,282.482177734375,2023-09-29 08:52:10.519000-04:00,631243923202073087,WEST,0.9299796223640442,DAYLIGHT,-73.880984,40.764049
1476,nlbx_10610a85cfb040498bbbd5411f613d2a.jpg,0,1,0,318.75,2023-09-29 13:02:02.353000-04:00,631243923095151615,NORTH_WEST,0.9181951284408568,DAYLIGHT,-73.822965,40.706183
1477,nlbx_106f4ead62166db97c32aaae92f6245e.jpg,0,0,0,126.1161651611328,2023-09-29 11:00:45.101000-04:00,631243922870929919,SOUTH_EAST,0.6030756235122681,DAYLIGHT,-73.923195,40.692364
1478,nlbx_fd6108697a8be436fa25b34692637af4.jpg,0,0,0,38.39801788330078,2023-09-29 09:02:24.438000-04:00,631243950367266815,NORTH_EAST,0.7593733668327332,DAYLIGHT,-73.97952,40.615667
1479,nlbx_c4d70b564540c3b1c44a3f6c846b165a.jpg,1,1,1,262.1105651855469,2023-09-29 08:37:21.422000-04:00,631243950868023807,WEST,0.6873155236244202,DAYLIGHT,-73.953907,40.635764
1480,nlbx_f0c084f1635ed79e5160ebdacd9f0309.jpg,0,1,0,192.609130859375,2023-09-29 14:48:28.389000-04:00,631243919444995071,SOUTH,0.8263498544692993,DAYLIGHT,-73.836908,40.845649
1481,nlbx_73341a635c302f72e8aadb4d7eee114e.jpg,1,1,1,314.25,2023-09-29 10:07:36.616000-04:00,631243923293015039,NORTH_WEST,0.8142052888870239,DAYLIGHT,-73.907814,40.805286
1482,nlbx_0a5247acbe22a112b8bfde6facfe96f9.jpg,0,1,0,163.23963928222656,2023-09-29 09:41:57.493000-04:00,631243920519947263,SOUTH,0.6707966327667236,DAYLIGHT,-73.726414,40.723598
1483,nlbx_b71c11b1350efb32ffcec13216e04b8d.jpg,1,1,1,126.53775787353516,2023-09-29 09:28:37.515000-04:00,631243919451179007,SOUTH_EAST,0.7321113348007202,DAYLIGHT,-73.833676,40.863843
1484,nlbx_325ee25d3b899433de16204df49608c6.jpg,1,1,1,339.8102722167969,2023-09-29 11:14:40.882000-04:00,631243923147514879,NORTH,0.721935510635376,DAYLIGHT,-73.774742,40.717508
1485,nlbx_af51fae91a8769b578932f52e11c198c.jpg,1,1,1,143.25,2023-09-29 14:16:25.511000-04:00,631243951013751295,SOUTH_EAST,0.747377872467041,DAYLIGHT,-73.94432,40.584327
1486,nlbx_ad07e7ec08656cf41b3977bfa1041ea4.jpg,1,1,1,262.04132080078125,2023-09-29 10:35:31.238000-04:00,631243950351889919,WEST,0.8870553374290466,DAYLIGHT,-74.001367,40.577109
1487,nlbx_e669b0774bf85ed1334dcb422fb9974c.jpg,1,1,1,78.3125,2023-09-29 07:55:51.501000-04:00,631243950867033087,EAST,0.8735216856002808,DAYLIGHT,-73.958372,40.632788
1488,nlbx_22406fa192b1ddfedc5da56e5a4f1cfa.jpg,0,0,0,348.0,2023-09-29 16:33:35.233000-04:00,631243922030037503,NORTH,0.9768604040145874,DAYLIGHT,-73.931414,40.811628
1489,nlbx_ca342800d89dfbde43bf5eb0ec4dca2e.jpg,0,0,0,0.0200042724609375,2023-09-29 15:10:07.403000-04:00,631243922692299263,NORTH,0.942067563533783,DAYLIGHT,-73.97244,40.74212
1490,nlbx_b7bec5771604cb4de3fb6d7eb6e33579.jpg,0,0,0,11.116344670984224,2023-09-29 08:03:23.454000-04:00,631243935067204095,NORTH,0.8786723613739014,DAYLIGHT,-73.788179,40.672603
1491,nlbx_9e42b6af4da60240fb16196a8f899238.jpg,1,1,1,302.25,2023-09-29 11:22:51.547000-04:00,631243934995072511,NORTH_WEST,1.0,DAYLIGHT,-73.789699,40.655063
1492,nlbx_39b281e6f0b84356521f7df6681d716d.jpg,1,1,1,195.375,2023-09-29 10:52:28.037000-04:00,631243922417756671,SOUTH,0.854987621307373,DAYLIGHT,-73.92017,40.727164
1493,nlbx_231bd5d40574e5efd2240a13ba7a3934.jpg,0,1,0,18.21875,2023-09-29 12:04:37.208000-04:00,631243923204878847,NORTH,0.6721761226654053,DAYLIGHT,-73.894662,40.765154
1494,nlbx_0774a3199ecc0987f43f61f0506b472a.jpg,0,1,0,69.5625,2023-09-29 12:45:43.468000-04:00,631243923205011455,EAST,0.7908895015716553,DAYLIGHT,-73.893498,40.765932
1495,nlbx_3b199140c916944a2c20c3f9dd1aa5de.jpg,1,1,1,214.74658330755668,2023-09-29 10:16:59.497000-04:00,631243922726791167,SOUTH_WEST,0.7418557405471802,DAYLIGHT,-73.948171,40.769758
1496,nlbx_ebd425c38a35a65c336cc5bafd73486a.jpg,1,1,1,210.5,2023-09-29 10:06:47.791000-04:00,631243922727291903,SOUTH_WEST,0.7576241493225098,DAYLIGHT,-73.949168,40.768661
1497,nlbx_2a0cfe9933b2bbfac86ef455d585384f.jpg,1,1,1,304.3516845703125,2023-09-29 08:46:22.537000-04:00,631243923092788223,NORTH_WEST,0.7241370677947998,DAYLIGHT,-73.826819,40.71615
1498,nlbx_a2305be4f848fd213aa211aada8c7a35.jpg,1,1,1,277.03261618676595,2023-09-29 15:32:47.797000-04:00,631243934230038015,WEST,0.6058407425880432,DAYLIGHT,-73.807312,40.590983
1499,nlbx_31a36e476a6dc71e299d85527a6b37e0.jpg,1,1,1,300.22735595703125,2023-09-29 08:48:52.191000-04:00,631243921489670655,NORTH_WEST,0.7019709944725037,DAYLIGHT,-73.987098,40.775963
1500,nlbx_364f1f691382d847b6d3f27a00b1db78.jpg,0,0,0,244.27749633789065,2023-09-29 09:33:15.113000-04:00,631243922737660415,SOUTH_WEST,0.6744371652603149,DAYLIGHT,-73.934099,40.736621
1501,nlbx_f2e0ccbae64a6c3c7110cf98d52231ab.jpg,1,1,1,265.746212773275,2023-09-29 08:23:47.506000-04:00,631243950346556415,WEST,0.9142979383468628,DAYLIGHT,-73.99461,40.572915
1502,nlbx_69f3db070ef20d8693fcf74aff0ed2e3.jpg,1,1,1,30.91321563720703,2023-09-29 09:19:21.429000-04:00,631243922727278079,NORTH_EAST,0.8182084560394287,DAYLIGHT,-73.949632,40.767865
1503,nlbx_a42413dd13cf1363016d47505fc8c42c.jpg,0,1,0,282.0491943359375,2023-09-29 11:45:25.922000-04:00,631243935100005887,WEST,0.951455295085907,DAYLIGHT,-73.818121,40.675953
1504,nlbx_793913550ea8fb5690e59a6554e5c47c.jpg,1,1,1,138.875,2023-09-29 10:11:05.947000-04:00,631243934761283071,SOUTH_EAST,0.7490698099136353,DAYLIGHT,-73.742295,40.639452
1505,nlbx_e9686039d8bf230ab7fa5f16bc50eba0.jpg,0,0,0,294.7006530761719,2023-09-29 11:54:41.196000-04:00,631243922895837695,NORTH_WEST,1.0,DAYLIGHT,-73.953612,40.712366
1506,nlbx_9ab2b2ffed83d1563389c955e1b83751.jpg,0,1,0,261.5184020996094,2023-09-29 16:02:52.435000-04:00,631243949905487871,WEST,0.7696305513381958,DAYLIGHT,-74.008676,40.705351
1507,nlbx_6a18fa68a299d469dff207ae09d2845a.jpg,0,0,0,33.20016098022461,2023-09-29 15:55:02.054000-04:00,631243922758459903,NORTH_EAST,0.6562544107437134,DAYLIGHT,-73.960593,40.756183
1508,nlbx_6fbeceeeff9d0575962867debfe48a7d.jpg,0,0,0,315.25,2023-09-29 09:45:38.123000-04:00,631243934996661759,NORTH_WEST,0.8045300245285034,DAYLIGHT,-73.791817,40.656153
1509,nlbx_6e54da3812539206dede8c9a98afb829.jpg,1,1,1,125.29209899902344,2023-09-29 09:47:01.804000-04:00,631243922893066751,SOUTH_EAST,0.6718965768814087,DAYLIGHT,-73.94785,40.704115
1510,nlbx_5486fa12dcf1b3e4b28143c8b3bc2458.jpg,0,0,0,38.5625,2023-09-29 17:54:29.593000-04:00,631243922752309759,NORTH_EAST,0.7917740941047668,DAYLIGHT,-73.980099,40.76035
1511,nlbx_dc57fe976fd981170a766f16f34d06de.jpg,1,1,1,9.4375,2023-09-29 10:16:36.795000-04:00,631243922951169535,NORTH,0.8893726468086243,DAYLIGHT,-73.851239,40.755419
1512,nlbx_1bb49cb0897af746480389a66fb141dd.jpg,0,0,0,273.9123563797457,2023-09-29 17:33:15.712000-04:00,631243922841166335,WEST,0.618949294090271,DAYLIGHT,-73.943586,40.678208
1513,nlbx_cb40a6d2980c2401b68d0e08beccdc95.jpg,0,0,0,81.60108947753906,2023-09-29 17:08:43.258000-04:00,631243920735495679,EAST,1.0,DAYLIGHT,-73.745408,40.714372
1514,nlbx_6a6c0f5620c33b6f3adf263967cd7c08.jpg,0,0,0,23.901586532592773,2023-09-29 10:25:50.602000-04:00,631243949963646975,NORTH_EAST,1.0,DAYLIGHT,-73.995569,40.717051
1515,nlbx_3758d6ed93e8a66c397919dcfd4fcafa.jpg,1,1,1,224.33059066794928,2023-09-29 09:21:38.964000-04:00,631243922719116287,SOUTH_WEST,0.8589959144592285,DAYLIGHT,-73.956003,40.761181
1516,nlbx_3c77d4fc71ef11c3e46cb3b549547183.jpg,1,1,1,215.625,2023-09-29 09:41:25.048000-04:00,631243922726791167,SOUTH_WEST,0.7380728125572205,DAYLIGHT,-73.948198,40.769728
1517,nlbx_8b041b83b432b12792a950cdc1500309.jpg,0,1,0,297.9928865250028,2023-09-29 14:58:20.273000-04:00,631243934998648319,NORTH_WEST,0.673987627029419,DAYLIGHT,-73.781209,40.646647
1518,nlbx_4bd434b37f297250430b2a9495bbec25.jpg,0,0,0,244.8835906982422,2023-09-29 11:58:35.486000-04:00,631243921866215935,SOUTH_WEST,0.8313775062561035,DAYLIGHT,-73.922383,40.867281
1519,nlbx_73acd5b0213bab996e318956b55c5f01.jpg,0,0,0,308.4486083984375,2023-09-29 08:51:06.219000-04:00,631243950367927295,NORTH_WEST,0.7138168811798096,DAYLIGHT,-73.983069,40.616745
1520,nlbx_9e1f54fc7743f0afafa85e73744adb9e.jpg,0,0,0,31.375,2023-09-29 18:04:49.586000-04:00,631243950403016703,NORTH_EAST,0.7302021980285645,DAYLIGHT,-74.003693,40.606268
1521,nlbx_0eed86f003434fb19e4fcee9c9e38016.jpg,1,1,1,316.0,2023-09-29 09:24:40.679000-04:00,631243951173382655,NORTH_WEST,0.8398122787475586,DAYLIGHT,-73.999012,40.666543
1522,nlbx_326f20847ac69216a255d7d8d79fbc4d.jpg,0,1,0,138.06280517578125,2023-09-29 12:10:48.688000-04:00,631243920508726271,SOUTH_EAST,0.6122080683708191,DAYLIGHT,-73.742224,40.750863
1523,nlbx_f50c68a0414a5811079cde089db0d4ad.jpg,1,1,1,185.0196990966797,2023-09-29 12:08:07.777000-04:00,631243949965586943,SOUTH,0.7688184976577759,DAYLIGHT,-74.010927,40.727691
1524,nlbx_ac45dd01726a08c7ee12cd627f869155.jpg,1,1,1,334.5,2023-09-29 14:22:54.741000-04:00,631243923147517439,NORTH_WEST,0.8300271034240723,DAYLIGHT,-73.774889,40.717803
1525,nlbx_3d69635c500d8e4120dfe169afb3e18c.jpg,1,0,0,39.35141372680664,2023-09-29 09:49:48.080000-04:00,631243922708628991,NORTH_EAST,0.8659341931343079,DAYLIGHT,-73.963254,40.718864
1526,nlbx_0f2810e04bef79420a80db14211a3513.jpg,1,1,1,215.3046722412109,2023-09-29 10:34:39.702000-04:00,631243919465197055,SOUTH_WEST,0.7963905334472656,DAYLIGHT,-73.902834,40.879624
1527,nlbx_c5361934fcdc34245c4374d59552748b.jpg,0,0,0,123.34506225585938,2023-09-29 13:39:32.887000-04:00,631243949961563647,SOUTH_EAST,0.7809133529663086,DAYLIGHT,-73.997956,40.725896
1528,nlbx_effa72b47d039df0771c89dbe76f94ff.jpg,0,0,0,215.85374450683597,2023-09-29 16:09:57.560000-04:00,631243923238995967,SOUTH_WEST,0.8789669871330261,DAYLIGHT,-73.928039,40.763818
1529,nlbx_09891958f271dd6f7a3515fdb1743d65.jpg,1,1,1,190.75286865234372,2023-09-29 18:00:27.252000-04:00,631243922733413375,SOUTH,0.9376335740089417,DAYLIGHT,-73.922035,40.733334
1530,nlbx_8f5bb6af91184b25a4ce86ed7a7ebefd.jpg,0,0,0,0.0,2023-09-29 16:33:49.576000-04:00,631243921867296255,UNKNOWN_HEADING,0.841070294380188,DAYLIGHT,-73.905657,40.877706
1531,nlbx_f2e8568203ec155c92491f9492e41c14.jpg,1,1,1,233.25,2023-09-29 10:29:54.404000-04:00,631243921868512767,SOUTH_WEST,0.8583682179450989,DAYLIGHT,-73.910623,40.880568
1532,nlbx_7774a76197e4b8a78f6e3b83f783bdda.jpg,1,1,1,183.875,2023-09-29 09:31:48.592000-04:00,631243923289322495,SOUTH,0.7671492099761963,DAYLIGHT,-73.929887,40.80005
1533,nlbx_6a7cca241aa3bb5df41c6ac5938282da.jpg,1,1,1,267.28312260464645,2023-09-29 09:13:54.208000-04:00,631243934234514431,WEST,0.9929223656654358,DAYLIGHT,-73.796369,40.597007
1534,nlbx_10780ad684b5f99a074abc4b10421233.jpg,0,0,0,258.1292419433594,2023-09-29 16:58:53.663000-04:00,631243923240959487,WEST,0.7806042432785034,DAYLIGHT,-73.918253,40.753772
1535,nlbx_ce1f528ed6decd7d5d4ba8c73444373d.jpg,1,1,1,70.97523498535156,2023-09-29 17:56:12.656000-04:00,631243922600238079,EAST,1.0,DAYLIGHT,-73.826966,40.664592
1536,nlbx_574f214a2d0f8a1f5bd18906c50dd12d.jpg,0,1,0,29.18814468383789,2023-09-29 10:34:53.444000-04:00,631243922754253823,NORTH_EAST,0.6377852559089661,DAYLIGHT,-73.979745,40.752157
1537,nlbx_5b6f4c5865bcfa0ba1f7392b5186af16.jpg,1,1,1,24.46875,2023-09-29 11:42:02.621000-04:00,631243951185742847,NORTH_EAST,0.8502515554428101,DAYLIGHT,-73.971588,40.651026
1538,nlbx_0707977abab43294c8ec7ecc617671a5.jpg,0,0,0,151.875,2023-09-29 16:24:41.848000-04:00,631243922391898623,SOUTH_EAST,0.7400233149528503,DAYLIGHT,-73.888719,40.734838
1539,nlbx_bf22f6bd8e3d67aed820b92b7c39e83f.jpg,1,1,1,322.653564453125,2023-09-29 07:59:10.669000-04:00,631243934761227775,NORTH_WEST,0.6908202171325684,DAYLIGHT,-73.742255,40.639618
1540,nlbx_25dafdd01707ea339dcfe22d6eaef0ec.jpg,0,0,0,260.4863586425781,2023-09-29 16:17:29.997000-04:00,631243919606433279,WEST,0.731987476348877,DAYLIGHT,-73.870751,40.824803
1541,nlbx_ace4bc8cbba32ef3776bd03cda774ef5.jpg,0,0,0,298.7584533691406,2023-09-29 16:48:07.702000-04:00,631243921531483647,NORTH_WEST,0.6271847486495972,DAYLIGHT,-73.935818,40.804592
1542,nlbx_d5ec35988bf0c76e3ba83c73d28e41be.jpg,1,1,1,276.5,2023-09-29 10:09:40.023000-04:00,631243949980694527,WEST,0.6953255534172058,DAYLIGHT,-73.978208,40.696424
1543,nlbx_c39157ab0e079f1b2dbc28a0303ac2b6.jpg,1,1,1,248.625,2023-09-29 11:39:20.627000-04:00,631243951186689535,WEST,0.785828173160553,DAYLIGHT,-73.971215,40.651258
1544,nlbx_5ee2b09d3cc4013c31172a5d704b75d1.jpg,0,1,0,157.36399841308594,2023-09-29 12:50:36.758000-04:00,631243923108407295,SOUTH_EAST,0.8729039430618286,DAYLIGHT,-73.813421,40.696239
1545,nlbx_c2d828d177116ca30e81be1348fdfb6b.jpg,0,1,0,120.75691223144533,2023-09-29 20:12:23.539000-04:00,631243945665927167,SOUTH_EAST,0.6409618854522705,NIGHTTIME,-74.104947,40.589134
1546,nlbx_6202b50445c1f60cb4d6d6fa69d96e07.jpg,0,0,0,285.5852966308594,2023-09-29 17:04:12.602000-04:00,631243923153303039,WEST,0.7922661304473877,DAYLIGHT,-73.823911,40.717218
1547,nlbx_350aa234c85458f2ff7c6cac92b4105a.jpg,1,1,1,24.139205932617188,2023-09-29 10:16:33.426000-04:00,631243921979419135,NORTH_EAST,0.704164445400238,DAYLIGHT,-73.911438,40.829075
1548,nlbx_e869ca2b1d62778a94629ac2baaf1887.jpg,1,1,1,32.254466751525555,2023-09-29 15:52:34.751000-04:00,631243951185742847,NORTH_EAST,0.6371344327926636,DAYLIGHT,-73.971544,40.651058
1549,nlbx_bce0e6a3193f336547a5bf7de9bd08c2.jpg,0,1,0,284.78057861328125,2023-09-29 08:51:44.169000-04:00,631243922417911807,WEST,0.8006224036216736,DAYLIGHT,-73.925267,40.730356
1550,nlbx_c18d686f6f35ddb9b17511fb919e08eb.jpg,0,0,0,177.86451723805473,2023-09-29 12:43:04.733000-04:00,631243922027191295,SOUTH,0.7224858999252319,DAYLIGHT,-73.930923,40.815175
1551,nlbx_7acf6b3adab2fbca39f5da005babb7a3.jpg,0,0,0,212.0687713623047,2023-09-29 17:16:34.966000-04:00,631243949894462463,SOUTH_WEST,0.6506017446517944,DAYLIGHT,-74.012477,40.706857
1552,nlbx_4f4b3b45fa5752644d4e10a8674f05f1.jpg,1,1,1,69.5,2023-09-29 13:56:35.895000-04:00,631243922600238079,EAST,0.854767918586731,DAYLIGHT,-73.826836,40.664626
1553,nlbx_b7550d65a606cfdc481b9301af8525f3.jpg,1,1,1,254.6846466064453,2023-09-29 09:06:12.587000-04:00,631243923206325759,WEST,0.8589255809783936,DAYLIGHT,-73.888816,40.766956
1554,nlbx_5b30f4c146ce2ec849f032fb77d3ee05.jpg,0,0,0,258.5,2023-09-29 16:56:14.830000-04:00,631243922555439103,WEST,0.9090489745140076,DAYLIGHT,-73.889665,40.675417
1555,nlbx_aaaff9e274c393333ab94d1ae9cff1a6.jpg,0,0,0,49.65625,2023-09-29 09:13:07.171000-04:00,631243920748128255,NORTH_EAST,0.7552754282951355,DAYLIGHT,-73.749633,40.72198
1556,nlbx_63d9ceab6cfd544a53c070c46575fa04.jpg,0,0,0,191.1628570556641,2023-09-29 08:47:15.450000-04:00,631243935098968575,SOUTH,0.8845531344413757,DAYLIGHT,-73.801718,40.666522
1557,nlbx_b20efddaef9bf0253055b10c7dbb2542.jpg,0,0,0,297.0,2023-09-29 16:45:22.744000-04:00,631243921490499071,NORTH_WEST,0.9709219336509703,DAYLIGHT,-73.986239,40.780541
1558,nlbx_9d48fb1aa2b544db60f591a2ac7063ba.jpg,0,1,0,324.5975036621094,2023-09-29 12:49:52.792000-04:00,631243935026094591,NORTH_WEST,0.8422723412513733,DAYLIGHT,-73.780737,40.646184
1559,nlbx_e32865b38c845d733069d075b2ec176b.jpg,0,1,0,15.248261451721191,2023-09-29 10:12:20.994000-04:00,631243949968992255,NORTH,0.700603723526001,DAYLIGHT,-73.991934,40.725786
1560,nlbx_a292217e32357c9cb3ae49c42566f829.jpg,0,1,0,22.08610652316373,2023-09-29 08:29:05.991000-04:00,631243949967805951,NORTH,0.7216514348983765,DAYLIGHT,-74.006942,40.721164
1561,nlbx_3d6170484343f6d670d26309a8c3c1db.jpg,1,1,1,328.98304036804427,2023-09-29 13:05:02.427000-04:00,631243949912626175,NORTH_WEST,0.9591659903526306,DAYLIGHT,-74.001849,40.677577
1562,nlbx_4637b1226603eac6be9ae39a652b36a1.jpg,0,0,0,208.92288208007807,2023-09-29 14:47:29.665000-04:00,631243949843719679,SOUTH_WEST,0.8925906419754028,DAYLIGHT,-74.005649,40.756224
1563,nlbx_92239acfe9114c7f2738990fd5eafc18.jpg,0,0,0,208.9259033203125,2023-09-29 17:21:41.423000-04:00,631243949851836927,SOUTH_WEST,0.7960676550865173,DAYLIGHT,-73.99873,40.764294
1564,nlbx_de38342b7e285b900802e928eebe20cc.jpg,1,1,1,112.46620178222656,2023-09-29 16:10:34.366000-04:00,631243919570154495,EAST,0.6579831838607788,DAYLIGHT,-73.833193,40.827001
1565,nlbx_51566f5a19d7578af7ea8a17fea53963.jpg,0,1,0,110.5625,2023-09-29 09:25:09.536000-04:00,631243919668447743,EAST,0.9137359857559204,DAYLIGHT,-73.858626,40.832431
1566,nlbx_89147c43a0a13e76430c7fcd9b642ee0.jpg,1,1,1,346.25,2023-09-29 16:11:38.044000-04:00,631243934547797503,NORTH,0.7904302477836609,DAYLIGHT,-73.825633,40.620987
1567,nlbx_659d975815b353681c3a5ed858230aac.jpg,1,1,1,121.8125,2023-09-29 11:14:37.417000-04:00,631243934995073023,SOUTH_EAST,0.8169460296630859,DAYLIGHT,-73.789697,40.654947
1568,nlbx_34843c6f063018c7bb6b7ceb69ed581f.jpg,1,1,1,214.9615936279297,2023-09-29 10:34:10.702000-04:00,631243921928524287,SOUTH_WEST,0.7752668857574463,DAYLIGHT,-73.90221,40.880281
1569,nlbx_4751bdef0dca7f388540ca754569db2d.jpg,0,0,0,81.39933013916016,2023-09-29 22:52:07.327000-04:00,631243922795599871,EAST,0.806349515914917,NIGHTTIME,-73.945485,40.698809
1570,nlbx_b2c37fd5d889ff917141f34f1854e1b1.jpg,0,1,0,266.9617347038396,2023-09-29 10:34:51.480000-04:00,631243935107034111,WEST,0.6155928373336792,DAYLIGHT,-73.7967,40.666453
1571,nlbx_35645f76c9ebacff1ecf19a5df4e86ec.jpg,0,1,0,331.0,2023-09-29 10:45:01.686000-04:00,631243935026095103,NORTH_WEST,0.7564278244972229,DAYLIGHT,-73.780691,40.646026
1572,nlbx_3f54d649e27373f8d0077f6af9f7d63b.jpg,0,0,0,348.91717529296875,2023-09-29 17:47:32.593000-04:00,631243923210770431,NORTH,0.7921516299247742,DAYLIGHT,-73.876055,40.771623
1573,nlbx_ac81d46ab4c93c51265a54a1579b2651.jpg,1,1,1,262.3752746582031,2023-09-29 08:45:52.219000-04:00,631243950363986943,WEST,0.6985788941383362,DAYLIGHT,-73.969407,40.611821
1574,nlbx_67446510e5c6b2f54d33c5728fc3cdc8.jpg,1,1,1,84.2931900024414,2023-09-29 09:07:09.549000-04:00,631243950933513215,EAST,0.8416711091995239,DAYLIGHT,-73.93992,40.649509
1575,nlbx_253d64394881f25dd5a4f96b4caf3867.jpg,0,0,0,94.125,2023-09-29 16:59:03.464000-04:00,631243922841184255,EAST,0.8562338352203369,DAYLIGHT,-73.94366,40.676537
1576,nlbx_cfb440cc5a87243a7f10ff2e614ed3ba.jpg,1,1,1,83.875,2023-09-29 08:25:04.307000-04:00,631243950307181055,EAST,0.6989870667457581,DAYLIGHT,-73.972762,40.588106
1577,nlbx_09383b5d8a0ddad6fb9e1be68b24a2f7.jpg,1,1,1,301.3408203125,2023-09-29 09:11:35.242000-04:00,631243923220367871,NORTH_WEST,0.768294632434845,DAYLIGHT,-73.928243,40.768953
1578,nlbx_55f46fb6481d5a7eca62d5b5ed23c44b.jpg,1,1,1,75.125,2023-09-29 13:46:36.372000-04:00,631243922740518399,EAST,0.6467818021774292,DAYLIGHT,-73.915484,40.751131
1579,nlbx_cb0ab789b4be8542bf65bf538cc39d57.jpg,0,0,0,279.25,2023-09-29 23:15:26.485000-04:00,631243951192548351,WEST,0.9585633277893066,NIGHTTIME,-73.974683,40.647769
1580,nlbx_3687583b5bfdbbdd96ee1d4691b74367.jpg,1,1,1,113.12010955810548,2023-09-29 16:10:41.227000-04:00,631243919568627199,SOUTH_EAST,0.6544965505599976,DAYLIGHT,-73.832984,40.826935
1581,nlbx_10e4c8ab89513b23a043d6758f8d22a3.jpg,0,1,0,56.755149841308594,2023-09-29 10:16:37.195000-04:00,631243949982032895,NORTH_EAST,0.7149702906608582,DAYLIGHT,-74.002183,40.708146
1582,nlbx_b4737b76fff1191f6a14f447c6199741.jpg,1,1,1,69.5176773071289,2023-09-29 08:58:00.709000-04:00,631243922486866431,EAST,0.8001281023025513,DAYLIGHT,-73.902148,40.738489
1583,nlbx_c4780a0f2e6f806e6e39853e6a1f1679.jpg,1,1,1,359.75,2023-09-29 08:34:42.306000-04:00,631243950325872127,NORTH,0.683167040348053,DAYLIGHT,-73.974538,40.582797
1584,nlbx_e8d419e450d85300e1dab3c91bf2fbb9.jpg,1,1,1,74.00923919677734,2023-09-29 10:23:33.921000-04:00,631243919476201983,EAST,0.6726570129394531,DAYLIGHT,-73.872981,40.856136
1585,nlbx_918bdf073db114847c50d7bd88ef2275.jpg,1,1,1,101.6875,2023-09-29 08:15:46.668000-04:00,631243950313346047,EAST,0.7622923851013184,DAYLIGHT,-73.968618,40.575156
1586,nlbx_dfd909616b7232689ae00e813ecd43a0.jpg,1,1,1,347.5155334472656,2023-09-29 17:43:01.949000-04:00,631243951185783295,NORTH,0.7870540618896484,DAYLIGHT,-73.971889,40.649953
1587,nlbx_220880f1413409eeb84a8a8a2b715303.jpg,1,1,1,356.55534198997566,2023-09-29 08:38:15.063000-04:00,631243950906948607,NORTH,0.6444672346115112,DAYLIGHT,-73.919728,40.642869
1588,nlbx_e9d7662f5dfbf7554e1d9d24d153ec6b.jpg,0,0,0,257.70780194790706,2023-09-29 08:34:11.235000-04:00,631243950322817023,WEST,0.6141994595527649,DAYLIGHT,-73.960338,40.584837
1589,nlbx_54c287bf2464b958f278bc000350e0cb.jpg,0,0,0,60.90625,2023-09-29 08:29:25.981000-04:00,631243919523429887,NORTH_EAST,0.7310542464256287,DAYLIGHT,-73.829449,40.885339
1590,nlbx_6c2fc13959ff2666a7ebe4b522289d77.jpg,1,1,1,71.25,2023-09-29 08:32:40.662000-04:00,631243922486866431,EAST,0.6274877786636353,DAYLIGHT,-73.902169,40.738484
1591,nlbx_e85bbe6d04d9b474d2fa6724cfdd5c7f.jpg,1,1,1,78.75,2023-09-29 09:06:27.438000-04:00,631243922889562623,EAST,0.914091944694519,DAYLIGHT,-73.959146,40.699393
1592,nlbx_cf69bc28eed95c059cf1d22417039c0b.jpg,1,1,1,216.3580780029297,2023-09-29 15:20:15.149000-04:00,631243920655473151,SOUTH_WEST,0.8328638076782227,DAYLIGHT,-73.730226,40.67849
1593,nlbx_36c3064248033cab93b496f382faae5a.jpg,0,0,0,136.5,2023-09-29 12:51:55.366000-04:00,631243923005782015,SOUTH_EAST,0.8032210469245911,DAYLIGHT,-73.801375,40.760326
1594,nlbx_fa76b854a78103831d7ba13cb6f49267.jpg,1,1,1,298.49005126953125,2023-09-29 08:22:13.107000-04:00,631243922751195135,NORTH_WEST,0.7999070286750793,DAYLIGHT,-73.967902,40.752147
1595,nlbx_839e5aa5cabbd0638ad9ab8c0524c2b4.jpg,0,0,0,151.23350524902344,2023-09-29 11:14:31.139000-04:00,631243922671578623,SOUTH_EAST,0.7585080862045288,DAYLIGHT,-73.945262,40.719093
1596,nlbx_4627c986ee350418873b740b3ff440e3.jpg,0,1,0,2.9796297550201416,2023-09-29 16:33:13.379000-04:00,631243935099077631,NORTH,0.7725017070770264,DAYLIGHT,-73.800942,40.668952
1597,nlbx_50fb7a08e39b8c6820a417f8717c0856.jpg,0,1,0,172.0,2023-09-29 12:22:57.631000-04:00,631243923224487423,SOUTH,0.8133727312088013,DAYLIGHT,-73.942576,40.776516
1598,nlbx_d8ce8021d8158695d67ef3aab1ed905f.jpg,1,1,1,301.8280142433033,2023-09-29 10:58:50.529000-04:00,631243934995082751,NORTH_WEST,1.0,DAYLIGHT,-73.790131,40.655254
1599,nlbx_b5eb3f1424797ac119b261ef4f67c561.jpg,0,1,0,215.2964377412066,2023-09-29 10:22:51.583000-04:00,631243951169946623,SOUTH_WEST,0.8182076811790466,DAYLIGHT,-73.988072,40.671237
1600,nlbx_6d1df8bd18243d400e945796db663f5a.jpg,0,0,0,212.68670654296875,2023-09-29 12:33:42.679000-04:00,631243951180047359,SOUTH_WEST,0.9427900314331056,DAYLIGHT,-73.972575,40.669747
1601,nlbx_e8552143666eae0e3546540f09174010.jpg,1,1,1,203.18808497613335,2023-09-29 13:18:45.243000-04:00,631243922021090303,SOUTH_WEST,0.742661714553833,DAYLIGHT,-73.93488,40.836099
1602,nlbx_7d09006e058d4e4e2c1784a12917bddb.jpg,0,1,0,332.0,2023-09-29 08:13:51.695000-04:00,631243951172559359,NORTH_WEST,0.7922533750534058,DAYLIGHT,-73.99764,40.670652
1603,nlbx_6195a2043966b8125a6af27465eedcd5.jpg,0,0,0,337.8419395622568,2023-09-29 17:47:36.287000-04:00,631243923109977087,NORTH,0.8877522945404053,DAYLIGHT,-73.81435,40.698541
1604,nlbx_be47c80dc4a83b549b94e3286fe7fdaa.jpg,0,0,0,298.8809814453125,2023-09-29 09:38:45.511000-04:00,631243921524707839,NORTH_WEST,0.6994642615318298,DAYLIGHT,-73.944791,40.800846
1605,nlbx_ab440d4b246fea164f59960d9d52dcbb.jpg,0,0,0,84.13676452636719,2023-09-29 15:59:56.965000-04:00,631243949986047999,EAST,0.701438844203949,DAYLIGHT,-73.982578,40.710672
1606,nlbx_4f173307bb9d0b06e8e837225efc41e9.jpg,0,0,0,111.25,2023-09-29 15:43:48.195000-04:00,631243951010667519,EAST,0.8539476990699768,DAYLIGHT,-73.927976,40.584634
1607,nlbx_8b10540d981541064b5de97512b20b36.jpg,0,1,0,85.60954153544691,2023-09-29 13:10:45.988000-04:00,631243934997488127,EAST,0.7894401550292969,DAYLIGHT,-73.787331,40.644614
1608,nlbx_2ee13944e939b3fe07426055d8f7cd9c.jpg,0,0,0,215.6421813964844,2023-09-29 13:52:10.371000-04:00,631243951175721983,SOUTH_WEST,0.8331066370010376,DAYLIGHT,-73.992651,40.665768
1609,nlbx_f66697a16d8e0861a6c02594630d8777.jpg,1,1,1,310.1275634765625,2023-09-29 12:21:37.796000-04:00,631243922920552447,NORTH_WEST,0.677019476890564,DAYLIGHT,-73.838054,40.763116
1610,nlbx_8781605b131faf357e9d2c950601a564.jpg,1,1,1,33.10661523923667,2023-09-29 09:16:47.480000-04:00,631243922719542783,NORTH_EAST,0.8171440958976746,DAYLIGHT,-73.950741,40.766535
1611,nlbx_694fee76b3f1ea6c4699ff5ba40b4f7d.jpg,0,0,0,351.17779541015625,2023-09-29 17:02:04.715000-04:00,631243922491131391,NORTH,0.7438820004463196,DAYLIGHT,-73.884142,40.742918
1612,nlbx_519c4b9b1e6eaf7b32a566ee9c802dcb.jpg,0,0,0,297.2892150878906,2023-09-29 08:21:49.361000-04:00,631243923083268607,NORTH_WEST,0.6973251104354858,DAYLIGHT,-73.835824,40.707436
1613,nlbx_79b53f4cdaa35c8e125db2316308e233.jpg,0,0,0,185.125,2023-09-29 16:45:27.633000-04:00,631243949919581183,SOUTH,0.8086508512496948,DAYLIGHT,-73.98903,40.694521
1614,nlbx_c04b53f641a5562a36e234dd6ad2eb23.jpg,0,1,0,17.8125,2023-09-29 07:46:08.520000-04:00,631243950620458495,NORTH,0.785301923751831,DAYLIGHT,-74.084155,40.595284
1615,nlbx_f9b97a46d6044ab777228db25670c495.jpg,0,1,0,251.625,2023-09-29 16:03:14.044000-04:00,631243934229878271,WEST,0.7712153196334839,DAYLIGHT,-73.808526,40.590871
1616,nlbx_cd4d1c1a53b61b5a7279d3d7b7c53a7b.jpg,1,1,1,107.625,2023-09-29 08:43:46.788000-04:00,631243922524427263,EAST,0.6661351919174194,DAYLIGHT,-73.853117,40.671693
1617,nlbx_15aa10a582142229ee23745bbdae8b29.jpg,0,0,0,353.533447265625,2023-09-29 16:49:22.632000-04:00,631243922972447743,NORTH,0.6174782514572144,DAYLIGHT,-73.844776,40.736504
1618,nlbx_3908d841b16c561b856af066f044904c.jpg,0,0,0,353.7501220703125,2023-09-29 12:45:22.314000-04:00,631243922891356671,NORTH,0.8782197833061218,DAYLIGHT,-73.945951,40.713652
1619,nlbx_0746c1de3661cf4e63b0e6b9337479d8.jpg,0,0,0,128.38449096679688,2023-09-29 17:59:02.368000-04:00,631243951125146623,SOUTH_EAST,0.7896023988723755,DAYLIGHT,-73.995079,40.62209
1620,nlbx_7c816e97d5344e7cd1552443a5833d71.jpg,1,1,1,282.4819030761719,2023-09-29 08:44:23.445000-04:00,631243923202075647,WEST,0.7904173135757446,DAYLIGHT,-73.880949,40.764043
1621,nlbx_2b9a403253cbb6d3c72e9f2a54d2ee02.jpg,1,1,1,262.25,2023-09-29 09:55:10.958000-04:00,631243950355394047,WEST,0.631631076335907,DAYLIGHT,-73.990394,40.578368
1622,nlbx_59df91bf2dcf725ec599b8197e77c36a.jpg,0,0,0,320.1462097167969,2023-09-29 17:07:54.511000-04:00,631243950900546559,NORTH_WEST,0.7107044458389282,DAYLIGHT,-73.911773,40.651047
1623,nlbx_4d2b3e8227ba148519a7c9cf882db75c.jpg,0,1,0,70.37966918945312,2023-09-29 12:52:27.068000-04:00,631243920504622591,EAST,0.8847730755805969,DAYLIGHT,-73.762244,40.747219
1624,nlbx_38b11299e36f5a37efe068c3699e26b2.jpg,0,0,0,27.59375,2023-09-29 14:35:54.248000-04:00,631243949851983359,NORTH_EAST,0.7878742218017578,DAYLIGHT,-73.998012,40.7649
1625,nlbx_69370fd40cb3fef3b067362f44de1955.jpg,0,0,0,187.25,2023-09-29 13:51:58.209000-04:00,631243922841348095,SOUTH,0.8621380925178528,DAYLIGHT,-73.944484,40.674667
1626,nlbx_e56794d95c9372d0d6d6a9b2bec4dc2a.jpg,0,1,0,122.1875,2023-09-29 13:23:17.596000-04:00,631243922759846399,SOUTH_EAST,0.7372776865959167,DAYLIGHT,-73.965763,40.760398
1627,nlbx_2b28951d844a7011b72d96991b6a2a11.jpg,0,0,0,272.9210205078125,2023-09-29 16:59:59.744000-04:00,631243922828838911,WEST,0.9718878865242004,DAYLIGHT,-73.967348,40.695906
1628,nlbx_b391ca6a964f2b4c184cc199cecec1d3.jpg,1,1,1,304.49176025390625,2023-09-29 13:01:51.952000-04:00,631243922717021183,NORTH_WEST,0.8022361993789673,DAYLIGHT,-73.94251,40.750484
1629,nlbx_4d323ab94ee8f822c1c3655bd0e6990f.jpg,0,0,0,120.3125,2023-09-29 17:04:42.097000-04:00,631243922692156415,SOUTH_EAST,0.8342807292938232,DAYLIGHT,-73.974815,40.741036
1630,nlbx_b548c8cd4fc40e055e084430dab805c3.jpg,1,1,1,5.918162822723389,2023-09-29 10:23:26.096000-04:00,631243921984416767,NORTH,0.9869173169136048,DAYLIGHT,-73.909616,40.842579
1631,nlbx_a7fc62ef96f24e20e21cd154d97897be.jpg,0,1,0,28.426332473754883,2023-09-29 15:05:15.182000-04:00,631243923136001023,NORTH_EAST,0.6878863573074341,DAYLIGHT,-73.773926,40.699748
1632,nlbx_086200e792a2b897ae755ca3a477c7a6.jpg,0,0,0,310.5610656738281,2023-09-29 16:31:32.672000-04:00,631243919660784639,NORTH_WEST,1.0,DAYLIGHT,-73.85702,40.836761
1633,nlbx_415c3e1d4be9054de5950986cceb79ad.jpg,0,1,0,174.375,2023-09-29 11:54:33.375000-04:00,631243922571934719,SOUTH,0.7622387409210205,DAYLIGHT,-73.867777,40.655641
1634,nlbx_85d501ae1f5871673d28feb5335b0a80.jpg,1,1,1,190.75320434570312,2023-09-29 17:29:57.571000-04:00,631243922733413375,SOUTH,0.8266651630401611,DAYLIGHT,-73.922029,40.73336
1635,nlbx_fdde6f2f88e5dceb5798757b03d0c7ac.jpg,0,1,0,0.6461487412452698,2023-09-29 11:22:28.416000-04:00,631243922691367423,NORTH,0.7655999064445496,DAYLIGHT,-73.974806,40.735921
1636,nlbx_5860371fef213a4ace2eac57e6cc8607.jpg,1,1,1,278.36102294921875,2023-09-29 08:50:10.860000-04:00,631243922731558911,WEST,0.6543874740600586,DAYLIGHT,-73.933711,40.742857
1637,nlbx_6ba7caaa0258360793c1faf5a5460cd4.jpg,1,1,1,41.99197006225586,2023-09-29 10:47:13.890000-04:00,631243951215609855,NORTH_EAST,0.7259431481361389,DAYLIGHT,-74.013832,40.678434
1638,nlbx_5a3b5416b84ab5d601da470fe6d9b4ad.jpg,0,0,0,49.8092041015625,2023-09-29 15:19:10.278000-04:00,631243922670565375,NORTH_EAST,0.8033992052078247,DAYLIGHT,-73.948927,40.71715
1639,nlbx_c5e7c1609bf9f5107aad14b57fe0ae1c.jpg,0,0,0,298.9075012207031,2023-09-29 08:55:21.611000-04:00,631243921462421503,NORTH_WEST,0.7611229419708252,DAYLIGHT,-73.96564,40.771868
1640,nlbx_a96d6a5a9e517ca834cce29f64aa726c.jpg,0,0,0,13.546875,2023-09-29 09:46:17.051000-04:00,631243922967016959,NORTH,0.8593506813049316,DAYLIGHT,-73.834731,40.747916
1641,nlbx_7091762bde306278d79847dd5c1bc848.jpg,0,0,0,351.8387145996094,2023-09-29 09:08:37.810000-04:00,631243922451629567,NORTH,0.7770392894744873,DAYLIGHT,-73.879566,40.749704
1642,nlbx_c191751146d9a902a415f08ae27bbeae.jpg,0,0,0,120.3125,2023-09-29 17:14:46.339000-04:00,631243921463512575,SOUTH_EAST,0.8689758777618408,DAYLIGHT,-73.964778,40.774891
1643,nlbx_4851f74d7121d28f01041a9f81f029e1.jpg,1,1,1,157.375,2023-09-29 08:16:25.638000-04:00,631243951172592127,SOUTH_EAST,0.7551891207695007,DAYLIGHT,-73.997196,40.669627
1644,nlbx_9c9b83037da113d0cb87e47d1acd36a7.jpg,1,1,1,308.5811462402344,2023-09-29 08:29:43.744000-04:00,631243951114504703,NORTH_WEST,0.7353159189224243,DAYLIGHT,-74.005449,40.658582
1645,nlbx_46bae497ae2c5b15d811657562894b72.jpg,1,1,1,208.16357421875,2023-09-29 11:23:26.829000-04:00,631243922733458943,SOUTH_WEST,0.7815812826156616,DAYLIGHT,-73.92211,40.733195
1646,nlbx_cdd56d7fad34eaf081d19549908cdcd1.jpg,0,1,0,294.99127197265625,2023-09-29 09:01:37.406000-04:00,631243922744222719,NORTH_WEST,0.6838375329971313,DAYLIGHT,-73.935357,40.752192
1647,nlbx_6054d3fe69638c72b11c6eec3a466439.jpg,0,0,0,337.22955322265625,2023-09-29 15:16:27.147000-04:00,631243923109976575,NORTH_WEST,0.7674033641815186,DAYLIGHT,-73.814452,40.698727
1648,nlbx_9374f827e3b372bf63aa9c4794e4878f.jpg,1,1,1,30.91321563720703,2023-09-29 09:19:24.428000-04:00,631243922727278079,NORTH_EAST,0.866506814956665,DAYLIGHT,-73.949595,40.767908
1649,nlbx_5f1f0fdd50f413447ceb92bc1b5299b6.jpg,0,0,0,209.4829422766041,2023-09-29 14:33:46.621000-04:00,631243922748918271,SOUTH_WEST,0.7328171730041504,DAYLIGHT,-73.969302,40.763773
1650,nlbx_76a2c416325d0a1bdeea4569b4aef146.jpg,0,0,0,70.58393859863281,2023-09-29 12:52:10.404000-04:00,631243920544684543,EAST,0.9542624354362488,DAYLIGHT,-73.764032,40.746733
1651,nlbx_a96d4a75cde783a45db40778d8605a41.jpg,1,1,1,231.3502960205078,2023-09-29 09:04:27.359000-04:00,631243922671416831,SOUTH_WEST,0.6226019859313965,DAYLIGHT,-73.946502,40.718963
1652,nlbx_e334146500d5b6d83671df745486b7d2.jpg,1,1,1,35.21875,2023-09-29 11:00:02.685000-04:00,631243923293052415,NORTH_EAST,0.7048723101615906,DAYLIGHT,-73.907423,40.803867
1653,nlbx_07905336a4a06cfacf55568719898fde.jpg,1,1,1,265.5882873535156,2023-09-29 17:29:10.655000-04:00,631243934223608319,WEST,0.8195270299911499,DAYLIGHT,-73.800589,40.59538
1654,nlbx_d8fc50aa4b8e0b225516c2fd9a70026e.jpg,0,1,0,298.6387939453125,2023-09-29 10:37:03.931000-04:00,631243921514741247,NORTH_WEST,0.7399348020553589,DAYLIGHT,-73.950969,40.821695
1655,nlbx_b84593a5039e8440c633838b29281c0b.jpg,1,1,1,303.7290344238281,2023-09-29 09:57:10.230000-04:00,631243922691412991,NORTH_WEST,0.6412508487701416,DAYLIGHT,-73.975363,40.737216
1656,nlbx_9c400dfd96f8351ad25973ed8d89d1f5.jpg,1,1,1,261.0768737792969,2023-09-29 10:34:43.238000-04:00,631243950347889151,WEST,0.781679630279541,DAYLIGHT,-73.999854,40.577282
1657,nlbx_c41f6bb176fd3a0530744b2f57857bac.jpg,0,1,0,296.4612489380735,2023-09-29 16:45:23.548000-04:00,631243934998629375,NORTH_WEST,0.7536690831184387,DAYLIGHT,-73.78125,40.646506
1658,nlbx_fbcf174ab2089f840ed1a4cf01efde2c.jpg,0,0,0,301.0,2023-09-29 16:25:59.274000-04:00,631243922689418239,NORTH_WEST,0.8099382519721985,DAYLIGHT,-73.97562,40.744678
1659,nlbx_38f8f90e1b3a6c5a879950bc3d0921ab.jpg,0,1,0,312.8736877441406,2023-09-29 09:58:41.684000-04:00,631243922559555583,NORTH_WEST,0.9548969268798828,DAYLIGHT,-73.902705,40.678438
1660,nlbx_4f314752fe7003b74f993937d513b6cb.jpg,0,0,0,119.00609588623048,2023-09-29 15:20:01.555000-04:00,631243922693761535,SOUTH_EAST,0.6701160669326782,DAYLIGHT,-73.996346,40.750125
1661,nlbx_d175f5fc6f5142dcf863fd75f259dfb9.jpg,1,1,1,79.61154174804688,2023-09-29 10:33:53.329000-04:00,631243949982517247,EAST,0.7466379404067993,DAYLIGHT,-73.993611,40.709561
1662,nlbx_ffcfaf2ea21d1709edbe0fdb4d3cb26d.jpg,0,1,0,308.560791015625,2023-09-29 18:02:59.425000-04:00,631243951114372607,NORTH_WEST,0.8230661153793335,DAYLIGHT,-74.006964,40.657674
1663,nlbx_e45e847bce6c203292be57dddf8338e7.jpg,0,0,0,79.50859069824219,2023-09-29 17:02:48.161000-04:00,631243923120227839,EAST,0.866206169128418,DAYLIGHT,-73.785503,40.719778
1664,nlbx_bc0534a4ee9b24f4632f18a6fba5c1fb.jpg,1,1,1,2.490234375,2023-09-29 10:48:15.011000-04:00,631243951185756671,NORTH,0.8132075667381287,DAYLIGHT,-73.971775,40.649568
1665,nlbx_c728db178ac785d4960893abd7e3f575.jpg,0,0,0,120.75,2023-09-29 13:15:40.001000-04:00,631243922473824767,SOUTH_EAST,0.7363542318344116,DAYLIGHT,-73.845267,40.721949
1666,nlbx_9a0b55b7b791539ce72faa6f1fae12c3.jpg,0,0,0,122.05972290039062,2023-09-29 11:31:04.551000-04:00,631243949970342399,SOUTH_EAST,0.6947345733642578,DAYLIGHT,-73.995083,40.73048
1667,nlbx_816bb7f7d8efacff7814719fd447295f.jpg,1,1,1,227.8359222412109,2023-09-29 17:30:00.512000-04:00,631243922733292543,SOUTH_WEST,0.9337111711502076,DAYLIGHT,-73.92224,40.733071
1668,nlbx_a1a7a07b5435d445267d36b3d9a236fb.jpg,0,0,0,104.2290326185764,2023-09-29 17:40:40.654000-04:00,631243922482542591,EAST,0.8878486752510071,DAYLIGHT,-73.892576,40.739443
1669,nlbx_1f080033304895fd360afbddb3bef190.jpg,0,1,0,279.5211486816406,2023-09-29 10:22:32.954000-04:00,631243922609346047,WEST,0.7052181959152222,DAYLIGHT,-73.839024,40.679888
1670,nlbx_72da040303bedf4b44c25afefd243887.jpg,1,1,1,125.84339904785156,2023-09-29 08:31:44.356000-04:00,631243944996476927,SOUTH_EAST,1.0,DAYLIGHT,-74.175047,40.598088
1671,nlbx_c66788b7305efca454f5b86b0b237c56.jpg,0,1,0,176.18629455566406,2023-09-29 12:51:18.668000-04:00,631243919454513151,SOUTH,0.852387547492981,DAYLIGHT,-73.826475,40.855226
1672,nlbx_157e40b086579a450fded45b802d61b3.jpg,1,1,1,247.63519287109372,2023-09-29 14:56:38.708000-04:00,631243922733290495,WEST,0.7835631370544434,DAYLIGHT,-73.922454,40.732965
1673,nlbx_a3f3130771ea0552ab9a5fe33af09a69.jpg,1,1,1,192.02023315429688,2023-09-29 13:36:29.526000-04:00,631243922030015487,SOUTH,0.8723891377449036,DAYLIGHT,-73.932159,40.811966
1674,nlbx_e92285461ff111e7e90d30555c8520b6.jpg,0,1,0,321.62570586029176,2023-09-29 13:58:22.182000-04:00,631243934200879615,NORTH_WEST,0.6943458318710327,DAYLIGHT,-73.766932,40.59653
1675,nlbx_1781b3f8d921ffbf8093ae3303829750.jpg,0,1,0,234.625,2023-09-29 08:29:38.461000-04:00,631243922581393919,SOUTH_WEST,0.8607693910598755,DAYLIGHT,-73.844736,40.689401
1676,nlbx_048e5b478e6125a6b2301e3e83a8f6b9.jpg,0,1,0,330.24863696391725,2023-09-29 09:54:19.652000-04:00,631243935026097151,NORTH_WEST,0.6984350681304932,DAYLIGHT,-73.780542,40.646152
1677,nlbx_e3764bb2b52edb901090a097e86f9834.jpg,0,1,0,87.4375,2023-09-29 12:22:27.419000-04:00,631243934997489151,EAST,0.8322713375091553,DAYLIGHT,-73.787396,40.644612
1678,nlbx_85a26704ff74f27a1aaede4d3068f67f.jpg,0,0,0,70.27593994140625,2023-09-29 11:12:57.844000-04:00,631243923131126783,EAST,0.9049853086471558,DAYLIGHT,-73.794774,40.738588
1679,nlbx_11cbebb1c60537cd14cf8807c63179d3.jpg,0,1,0,216.06570434570312,2023-09-29 11:13:30.597000-04:00,631243922719423999,SOUTH_WEST,0.6336912512779236,DAYLIGHT,-73.952121,40.765295
1680,nlbx_a3863d2d97d1edecb7de972fbf3d91e0.jpg,1,1,1,36.00181198120117,2023-09-29 09:03:06.191000-04:00,631243922726332927,NORTH_EAST,0.8047372102737427,DAYLIGHT,-73.934124,40.762676
1681,nlbx_921f079f660daa74603bd0afcacc6c5d.jpg,1,1,1,206.8450927734375,2023-09-29 10:58:13.665000-04:00,631243921445832191,SOUTH_WEST,0.8808782696723938,DAYLIGHT,-73.981184,40.791357
1682,nlbx_b32741455fcb6a30525496eabdaa7094.jpg,0,1,0,33.67867976831566,2023-09-29 12:41:54.763000-04:00,631243951172630015,NORTH_EAST,0.7426909804344177,DAYLIGHT,-73.994839,40.670859
1683,nlbx_e23d4246e392a3b895d780da48befcd2.jpg,1,1,1,319.7028503417969,2023-09-29 11:00:46.007000-04:00,631243923158355455,NORTH_WEST,0.712783932685852,DAYLIGHT,-73.831551,40.726184
1684,nlbx_e8ac03f00d1eb36b8b7adf74eec3b111.jpg,0,0,0,273.5,2023-09-29 16:44:40.786000-04:00,631243922976987135,WEST,0.7336422204971313,DAYLIGHT,-73.829479,40.74298
1685,nlbx_3f072e8111060190cedca6516a679345.jpg,1,1,1,236.5,2023-09-29 09:51:08.452000-04:00,631243950338271743,SOUTH_WEST,0.7421861886978149,DAYLIGHT,-73.999684,40.596508
1686,nlbx_04bdb2e64f471d1131629f0144e996a9.jpg,0,0,0,228.65386962890625,2023-09-29 15:50:22.316000-04:00,631243922406329343,SOUTH_WEST,0.8194935917854309,DAYLIGHT,-73.85335,40.704609
1687,nlbx_a5b577f06239d72e1300e31f989b434e.jpg,0,0,0,143.48667907714844,2023-09-29 15:49:54.413000-04:00,631243919666209791,SOUTH_EAST,0.8702048659324646,DAYLIGHT,-73.863114,40.84075
1688,nlbx_23802b000ebfe0d6ee467dd218b5c402.jpg,0,0,0,122.7563705444336,2023-09-29 09:30:05.274000-04:00,631243949960601087,SOUTH_EAST,0.7121171951293945,DAYLIGHT,-73.999354,40.720204
1689,nlbx_97f13f510f54cd620caac42c1fce9c1c.jpg,0,1,0,102.75,2023-09-29 08:53:26.882000-04:00,631243919573277183,EAST,0.7812594771385193,DAYLIGHT,-73.845372,40.828478
1690,nlbx_6467b72ed44deed403779bdc8a086568.jpg,0,0,0,100.125,2023-09-29 16:44:47.828000-04:00,631243920550832127,EAST,0.7751717567443848,DAYLIGHT,-73.763685,40.726213
1691,nlbx_41fd3bfc6bf7565d311164af34cd2f3a.jpg,0,0,0,98.22937893329544,2023-09-29 09:51:52.650000-04:00,631243951192555007,EAST,0.8988082408905029,DAYLIGHT,-73.974497,40.647743
1692,nlbx_dd12b97d7f43700040c3fb245657c36d.jpg,0,0,0,79.5,2023-09-29 13:27:17.828000-04:00,631243922615882751,EAST,0.8296566009521484,DAYLIGHT,-73.875086,40.677548
1693,nlbx_5fdedde2b06ab499a638e8f233face39.jpg,0,0,0,8.665621757507324,2023-09-29 15:56:18.726000-04:00,631243922738265599,NORTH,0.972766101360321,DAYLIGHT,-73.934417,40.740517
1694,nlbx_82e3392bebb990ec4424d9f31aede360.jpg,1,1,1,298.5702209472656,2023-09-29 10:49:11.786000-04:00,631243949785429503,NORTH_WEST,0.6595337390899658,DAYLIGHT,-74.007935,40.7501
1695,nlbx_77fce31a8827376205d3333bb06725b2.jpg,1,1,1,240.61888122558597,2023-09-29 09:01:04.241000-04:00,631243923215012863,SOUTH_WEST,0.8115661144256592,DAYLIGHT,-73.885876,40.773161
1696,nlbx_97bfbe82078ffc7770a3fd1b83f8409f.jpg,0,1,0,118.72672846769832,2023-09-29 09:37:48.122000-04:00,631243934997518847,SOUTH_EAST,0.7590034008026123,DAYLIGHT,-73.785768,40.643197
1697,nlbx_2478cb407c47decea9b3e9469797f38b.jpg,1,1,1,110.2621580980469,2023-09-29 08:35:41.998000-04:00,631243923093214207,EAST,0.7571992874145508,DAYLIGHT,-73.829918,40.716858
1698,nlbx_23608268ffe789610d8982aef2bf8438.jpg,0,1,0,118.16463715135924,2023-09-29 09:13:32.867000-04:00,631243922749430271,SOUTH_EAST,0.7175250053405762,DAYLIGHT,-73.973564,40.7628
1699,nlbx_856b7c4e9d8ae2b0195304e1b912ff9c.jpg,0,0,0,205.625,2023-09-29 07:15:13.484000-04:00,631243922045365759,SOUTH_WEST,0.7738298177719116,NIGHTTIME,-73.900128,40.849167
1700,nlbx_90b17d4d2b55e1f6b8a82d6c8d116251.jpg,0,0,0,78.96549565211816,2023-09-29 12:32:22.757000-04:00,631243919599372287,EAST,0.8374825716018677,DAYLIGHT,-73.883445,40.822834
1701,nlbx_d6da332b0a2ff2672d2806ddbf685207.jpg,0,0,0,238.875,2023-09-29 15:26:01.034000-04:00,631243923293629439,SOUTH_WEST,0.7552449107170105,DAYLIGHT,-73.90969,40.805889
1702,nlbx_3cecbc2598950e3e3b2be0e8ec75dfb1.jpg,1,1,1,74.75,2023-09-29 09:03:01.567000-04:00,631243922888609279,EAST,0.9109379649162292,DAYLIGHT,-73.960893,40.699107
1703,nlbx_2014959c1730d28b5050317f083755d5.jpg,0,0,0,91.63209875323751,2023-09-29 11:54:49.218000-04:00,631243923210181119,EAST,0.8991860151290894,DAYLIGHT,-73.874058,40.77149
1704,nlbx_3cb1c0f9353227b8efb35084df391ae5.jpg,1,1,1,166.25,2023-09-29 09:18:23.583000-04:00,631243934773848575,SOUTH,0.8293718695640564,DAYLIGHT,-73.744775,40.646781
1705,nlbx_60d04d97c40ed5db1e22e7d1630c2e7f.jpg,0,0,0,238.53177045686283,2023-09-29 17:59:33.849000-04:00,631243922655788543,SOUTH_WEST,0.8575468063354492,DAYLIGHT,-73.948568,40.744669
1706,nlbx_fc7ce81561e2e7d77f6d83e9beabaf72.jpg,0,1,0,69.31002807617188,2023-09-29 10:32:30.408000-04:00,631243919454146047,EAST,0.7790135741233826,DAYLIGHT,-73.828751,40.856208
1707,nlbx_bf6f0406425b748240f0eb39041adc2f.jpg,0,1,0,224.0,2023-09-29 15:30:47.474000-04:00,631243922745110015,SOUTH_WEST,0.7911061644554138,DAYLIGHT,-73.93265,40.753013
1708,nlbx_70fd0db716ae5eedd51e3b380a90d8fd.jpg,0,0,0,210.875,2023-09-29 12:31:25.731000-04:00,631243922651924479,SOUTH_WEST,0.734673798084259,DAYLIGHT,-73.971002,40.744925
1709,nlbx_1f9041b593fb1bab75348cbf03e15d70.jpg,0,0,0,309.0,2023-09-29 15:55:48.248000-04:00,631243951190377983,NORTH_WEST,0.720714807510376,DAYLIGHT,-73.979559,40.655347
1710,nlbx_0bfc5f5862e31024a85154800fffa517.jpg,1,1,1,70.69515991210938,2023-09-29 09:01:12.957000-04:00,631243923202449919,EAST,0.914375364780426,DAYLIGHT,-73.886776,40.766966
1711,nlbx_48c87510cda8c84aef33ed1d0260903f.jpg,1,1,1,226.3133087158203,2023-09-29 11:05:27.616000-04:00,631243923071817727,SOUTH_WEST,1.0,DAYLIGHT,-73.80059,40.695815
1712,nlbx_d7399b47dac15c624fc6489502366d8a.jpg,1,1,1,141.875,2023-09-29 08:15:10.227000-04:00,631243950879108095,SOUTH_EAST,0.6468560099601746,DAYLIGHT,-73.956317,40.641194
1713,nlbx_e01a6f9f6db5a46768f55bb744fd610a.jpg,0,1,0,256.0,2023-09-29 08:13:55.847000-04:00,631243950866976255,WEST,0.7491514086723328,DAYLIGHT,-73.956128,40.633126
1714,nlbx_9a3290049a28f5d895bbc08e0170d5db.jpg,0,1,0,118.7877197265625,2023-09-29 15:03:25.634000-04:00,631243949852611071,SOUTH_EAST,0.8538697957992554,DAYLIGHT,-73.990043,40.765601
1715,nlbx_62897eb2391219e45df930095946756e.jpg,0,0,0,142.875,2023-09-29 12:15:00.178000-04:00,631243923157452799,SOUTH_EAST,0.7486081123352051,DAYLIGHT,-73.832528,40.718424
1716,nlbx_191a21038ca6c655f3655638316bbd1d.jpg,1,1,1,108.875,2023-09-29 11:17:38.162000-04:00,631243922598946303,EAST,0.7381094694137573,DAYLIGHT,-73.832268,40.665325
1717,nlbx_899017de047d021aeccd462307728e6d.jpg,1,1,1,314.0,2023-09-29 10:56:23.065000-04:00,631243923214069247,NORTH_WEST,0.8653234243392944,DAYLIGHT,-73.888424,40.768915
1718,nlbx_53e39b136ac9cfb000c9f68bfbd1e78a.jpg,1,1,1,352.619140625,2023-09-29 09:10:06.490000-04:00,631243922650545151,NORTH,0.8357841968536377,DAYLIGHT,-73.952153,40.733842
1719,nlbx_2e2bd4705470d083e4c5df14d38a510f.jpg,1,1,1,141.16090393066406,2023-09-29 08:26:50.063000-04:00,631243950896745471,SOUTH_EAST,0.7065649032592773,DAYLIGHT,-73.93752,40.623238
1720,nlbx_df6fda0078084e8cb041209cefce63b6.jpg,1,1,1,351.9610024110612,2023-09-29 10:20:48.847000-04:00,631243950346853375,NORTH,0.6498373746871948,DAYLIGHT,-74.000589,40.574442
1721,nlbx_fad8620af2b37f93513d21aea9feffdd.jpg,1,1,1,321.45965576171875,2023-09-29 10:23:59.429000-04:00,631243919666517503,NORTH_WEST,0.6333388686180115,DAYLIGHT,-73.870801,40.842931
1722,nlbx_4a279f5ad84e342ee875db3c1e3ab929.jpg,0,1,0,321.8094943878041,2023-09-29 09:10:19.317000-04:00,631243950850134527,NORTH_WEST,0.7859576940536499,DAYLIGHT,-73.913165,40.614855
1723,nlbx_a95e0b07296fe7ba694f3e6880f31602.jpg,1,1,1,82.43477630615234,2023-09-29 08:51:04.084000-04:00,631243951193019391,EAST,0.9049755930900574,DAYLIGHT,-73.980506,40.647281
1724,nlbx_a163f9b9ef2ebbbddea8795b3cf3ea54.jpg,1,1,1,319.75,2023-09-29 11:14:29.649000-04:00,631243923092710911,NORTH_WEST,0.7510234713554382,DAYLIGHT,-73.826604,40.716024
1725,nlbx_6503f11faafc6fffedd275787fc3c9f2.jpg,0,1,0,114.37686487062976,2023-09-29 08:21:39.600000-04:00,631243922703961087,SOUTH_EAST,0.6753072738647461,DAYLIGHT,-73.977074,40.715021
1726,nlbx_d67c136a6f28345303c90b51d9240c73.jpg,0,0,0,314.32670406266755,2023-09-29 17:40:31.281000-04:00,631243919346287615,NORTH_WEST,0.8941968083381653,DAYLIGHT,-73.788282,40.786604
1727,nlbx_f31f310219208039a50f8e2770315da2.jpg,0,1,0,333.82208251953125,2023-09-29 08:46:57.248000-04:00,631243951173406207,NORTH_WEST,0.7602882385253906,DAYLIGHT,-73.996308,40.668614
1728,nlbx_eff0be05793b5aaa326d4a38f256d847.jpg,0,0,0,316.9026184082031,2023-09-29 17:40:40.228000-04:00,631243945538135551,NORTH_WEST,0.7263044118881226,DAYLIGHT,-74.130312,40.639914
1729,nlbx_709d77ba2603b83f3a1f96d79e67a8fb.jpg,1,1,1,307.314697265625,2023-09-29 11:57:01.450000-04:00,631243923292956159,NORTH_WEST,0.78044193983078,DAYLIGHT,-73.907308,40.804993
1730,nlbx_d8c9bc1be762081e3b9b6a624ee4157b.jpg,0,0,0,336.91802978515625,2023-09-29 17:17:48.603000-04:00,631243923108437503,NORTH_WEST,0.798907995223999,DAYLIGHT,-73.811933,40.695032
1731,nlbx_0672749b4130b09a656ec44d37e8849d.jpg,0,0,0,340.5024761281054,2023-09-29 16:22:40.090000-04:00,631243922918679039,NORTH,0.6454330086708069,DAYLIGHT,-73.821284,40.759944
1732,nlbx_31005374c4bb22bad587b57ece93ffe0.jpg,0,1,0,301.3482311836347,2023-09-29 09:40:21.288000-04:00,631243922747971583,NORTH_WEST,0.6624433994293213,DAYLIGHT,-73.970601,40.75821
1733,nlbx_56c288b87371f160297e3bb4785e8d8c.jpg,0,0,0,293.40114605934434,2023-09-29 14:53:10.831000-04:00,631243922952882175,NORTH_WEST,0.7499242424964905,DAYLIGHT,-73.853901,40.759646
1734,nlbx_3c07bf68af80cd46e2a010a41680f601.jpg,0,0,0,119.2818374633789,2023-09-29 17:38:20.189000-04:00,631243921464833535,SOUTH_EAST,0.807065486907959,DAYLIGHT,-73.956964,40.785062
1735,nlbx_a30344e782fe6af4bab707aafeb96ba4.jpg,1,1,1,239.25,2023-09-29 16:33:09.243000-04:00,631243922798300159,SOUTH_WEST,0.8284655809402466,DAYLIGHT,-73.922103,40.667382
1736,nlbx_3e28e2c6786b0b9740c28b0237bf2511.jpg,0,0,0,49.34375,2023-09-29 16:26:51.755000-04:00,631243922670423039,NORTH_EAST,0.7893480062484741,DAYLIGHT,-73.949376,40.716858
1737,nlbx_c851321f43cc2bdbb310983f7ea07c99.jpg,1,1,1,181.3219509438829,2023-09-29 10:32:22-04:00,631243922083787263,SOUTH,0.6804216504096985,DAYLIGHT,-73.943765,40.845216
1738,nlbx_cb21155a7c7e963f344c99135d0aee86.jpg,1,1,1,278.36102294921875,2023-09-29 08:50:37.860000-04:00,631243922731558911,WEST,0.6009426712989807,DAYLIGHT,-73.933711,40.742857
1739,nlbx_7c6c91ecfd591f00eaf1c7a72dd40c41.jpg,1,1,1,272.75,2023-09-29 16:03:01.044000-04:00,631243934230038015,WEST,0.8134232759475708,DAYLIGHT,-73.807365,40.590986
1740,nlbx_3dbc2206ba208e3c561705e8c9c07454.jpg,1,1,1,264.43605385991805,2023-09-29 08:24:18.873000-04:00,631243950346556415,WEST,0.758202075958252,DAYLIGHT,-73.994674,40.572906
1741,nlbx_c85660d4a8be6070393b03dd7541adab.jpg,0,1,0,356.0,2023-09-29 16:40:07.035000-04:00,631243922030037503,NORTH,0.6205767393112183,DAYLIGHT,-73.931283,40.811594
1742,nlbx_ca8cde5c27102832d938b382a8e9f96e.jpg,1,1,1,35.5231102161104,2023-09-29 09:38:20.690000-04:00,631243920656404991,NORTH_EAST,0.8118600845336914,DAYLIGHT,-73.729616,40.678861
1743,nlbx_f83aad36d0d8cc840b02bb71548d4be1.jpg,0,0,0,208.125,2023-09-29 11:52:09.159000-04:00,631243949845554687,SOUTH_WEST,0.873238742351532,DAYLIGHT,-74.005473,40.751001
1744,nlbx_23ece46849661ba18756c80c1d7c6b6c.jpg,1,1,1,182.18711853027344,2023-09-29 08:58:15.347000-04:00,631243950307260927,SOUTH,0.8329497575759888,DAYLIGHT,-73.974267,40.588091
1745,nlbx_66b6360b2e2201f92e3ce8bff39e1b70.jpg,1,1,1,329.0863165609295,2023-09-29 08:26:11.212000-04:00,631243951172564991,NORTH_WEST,0.7795019149780273,DAYLIGHT,-73.99735,40.670173
1746,nlbx_6286e2b45cfe262d9137e364f208b889.jpg,1,1,1,340.25,2023-09-29 12:04:02.370000-04:00,631243921534636543,NORTH,0.7428681254386902,DAYLIGHT,-73.930221,40.799762
1747,nlbx_9e98fe11356e7f02f40cb9039487f1bf.jpg,1,1,1,0.0,2023-09-29 10:19:39.389000-04:00,631243919607277567,UNKNOWN_HEADING,0.7639345526695251,DAYLIGHT,-73.873197,40.829925
1748,nlbx_c580c9fa2b60372542cb0d975005d712.jpg,1,1,1,103.44510650634766,2023-09-29 09:31:43.971000-04:00,631243922622927359,EAST,0.7530090808868408,DAYLIGHT,-73.869704,40.697571
1749,nlbx_08e8fdb5420fde82ae0e96558cd6aa10.jpg,1,1,1,169.75,2023-09-29 10:56:47.599000-04:00,631243919600650751,SOUTH,0.8394216299057007,DAYLIGHT,-73.880777,40.810989
1750,nlbx_81e0149d0b1946d855627b975e4663c2.jpg,0,0,0,184.5313873291016,2023-09-29 12:31:51.202000-04:00,631243949965790719,SOUTH,0.9459569454193116,DAYLIGHT,-74.010693,40.729715
1751,nlbx_ed9a75e024ebc2e1d39aaeb2519194ec.jpg,0,1,0,301.99253244974585,2023-09-29 09:31:42.239000-04:00,631243922084236799,NORTH_WEST,0.8466233015060425,DAYLIGHT,-73.935632,40.848194
1752,nlbx_df3dd140d7e2c04d9c6080b8c4158593.jpg,1,1,1,145.41241455078125,2023-09-29 12:26:54.448000-04:00,631243934761258495,SOUTH_EAST,0.8634432554244995,DAYLIGHT,-73.741922,40.63906
1753,nlbx_44c14b8898d29324e39a76247a4e95c7.jpg,1,1,1,350.27398681640625,2023-09-29 15:51:18.294000-04:00,631243951185724415,NORTH,0.7063140869140625,DAYLIGHT,-73.971986,40.650527
1754,nlbx_2fa924096b473aa13d4c9ed866b88317.jpg,0,0,0,145.84349060058594,2023-09-29 15:00:16.922000-04:00,631243921506655743,SOUTH_EAST,0.8473598957061768,DAYLIGHT,-73.958085,40.81547
1755,nlbx_44df06f9ba2cd2fa49e0d3cbdcfd3158.jpg,0,1,0,161.97633361816406,2023-09-29 15:41:38.354000-04:00,631243920734431231,SOUTH,0.701825737953186,DAYLIGHT,-73.747708,40.711046
1756,nlbx_a90935ce5e0fd25e370687b9560a6e19.jpg,0,1,0,52.49246597290039,2023-09-29 10:42:28.523000-04:00,631243921990244351,NORTH_EAST,0.7818835377693176,DAYLIGHT,-73.9193,40.847607
1757,nlbx_fc827f4a2ec41178c3cfb0644b2769c7.jpg,0,0,0,145.0,2023-09-29 16:03:44.139000-04:00,631243919670484479,SOUTH_EAST,0.8505399227142334,DAYLIGHT,-73.844553,40.842657
1758,nlbx_e030834379b73e343b3c66b0c9f595b5.jpg,0,0,0,40.375,2023-09-29 07:46:53.320000-04:00,631243951158238207,NORTH_EAST,0.8865129947662354,DAYLIGHT,-74.017058,40.621386
1759,nlbx_28fd0a9f13981a78077408d541ab52c4.jpg,0,0,0,210.20037841796875,2023-09-29 09:28:40.334000-04:00,631243921448199679,SOUTH_WEST,0.7514546513557434,DAYLIGHT,-73.971608,40.804713
1760,nlbx_aacf39f97cc042bc827738c2e9f088fe.jpg,1,1,1,184.5,2023-09-29 11:30:35.699000-04:00,631243922023525887,SOUTH,0.7498424053192139,DAYLIGHT,-73.943849,40.844603
1761,nlbx_f884fb17088c7b4cf9f620c21bd7b777.jpg,0,0,0,298.75,2023-09-29 10:18:47.221000-04:00,631243922702515199,NORTH_WEST,0.6936291456222534,DAYLIGHT,-73.983195,40.722769
1762,nlbx_07d33634e91712556d6c1f1237f48161.jpg,0,0,0,5.669836044311523,2023-09-29 09:01:08.110000-04:00,631243935024632831,NORTH,0.8290795087814331,DAYLIGHT,-73.776369,40.645478
1763,nlbx_7c14b5678246df1eac4562ac6632558b.jpg,1,1,1,310.0,2023-09-29 08:07:08.089000-04:00,631243951123391487,NORTH_WEST,0.8633766174316406,DAYLIGHT,-73.990672,40.635974
1764,nlbx_5fb732b857c50a2866fd6d25dbfb96f6.jpg,0,0,0,331.6461181640625,2023-09-29 13:01:27.783000-04:00,631243923157951999,NORTH_WEST,0.8433330059051514,DAYLIGHT,-73.827262,40.722488
1765,nlbx_0685e8b69f406b6482ef80b4b016246b.jpg,1,1,1,75.6875,2023-09-29 14:46:00.003000-04:00,631243951138204671,EAST,0.7967484593391418,DAYLIGHT,-74.021781,40.639852
1766,nlbx_8e404ec4f6992f0a1a73dcb5ed5ac48b.jpg,0,0,0,299.4256896972656,2023-09-29 14:23:46.322000-04:00,631243921466540543,NORTH_WEST,0.7973923683166504,DAYLIGHT,-73.948283,40.778951
1767,nlbx_7f20599763ef2e179fd0b28d9cbb8809.jpg,0,0,0,89.28175342688736,2023-09-29 17:21:06.169000-04:00,631243921989981183,EAST,0.6761881709098816,DAYLIGHT,-73.912528,40.845109
1768,nlbx_265366dd14cde2bff5f7d65b71c315d4.jpg,0,1,0,78.5731201171875,2023-09-29 16:25:35.883000-04:00,631243935042841087,EAST,0.7883400917053223,DAYLIGHT,-73.826211,40.664764
1769,nlbx_349c0f4538787306a6b07d3bbd8e41c1.jpg,1,1,1,26.96878242492676,2023-09-29 08:22:40.152000-04:00,631243922894923775,NORTH_EAST,0.8045787811279297,DAYLIGHT,-73.955652,40.710594
1770,nlbx_3bc98b1e4c446eecc56894aaf9bb9b8a.jpg,1,1,1,287.5,2023-09-29 12:42:51.453000-04:00,631243951131764223,WEST,0.7163517475128174,DAYLIGHT,-73.982934,40.641312
1771,nlbx_87c4cf33cb96fc4ae018420dea403ca8.jpg,0,0,0,213.12136840820312,2023-09-29 12:14:33.215000-04:00,631243949961728511,SOUTH_WEST,0.8731968998908997,DAYLIGHT,-73.998449,40.72345
1772,nlbx_32fd338c94b9aaaa994e473836bf13d5.jpg,0,0,0,58.8125,2023-09-29 15:40:45.835000-04:00,631243934997465087,NORTH_EAST,0.8592901229858398,DAYLIGHT,-73.784698,40.64343
1773,nlbx_a95b7635f13362383ae72d5cbcf69f66.jpg,0,1,0,39.9540633853256,2023-09-29 08:44:12.810000-04:00,631243920590439935,NORTH_EAST,0.6112575531005859,DAYLIGHT,-73.731414,40.744454
1774,nlbx_20a81eed6aca60d9a0253d904d0f4786.jpg,1,1,1,179.63369750976562,2023-09-29 10:06:53.804000-04:00,631243951173449727,SOUTH,0.6942785978317261,DAYLIGHT,-73.996305,40.66686
1775,nlbx_c12d29fcea87234ce59055815d7e3a29.jpg,0,1,0,207.4069284397907,2023-09-29 08:41:44.169000-04:00,631243922733974527,SOUTH_WEST,0.7625551223754883,DAYLIGHT,-73.925324,40.732888
1776,nlbx_585391f8080213f63b2a9a2135a19ec6.jpg,1,1,1,349.6780090332031,2023-09-29 11:01:29.125000-04:00,631243950901272063,NORTH,0.7661027908325195,DAYLIGHT,-73.905883,40.650629
1777,nlbx_311c947f35d4d99511dd6a67f84da0dc.jpg,0,0,0,210.24202239191067,2023-09-29 15:41:22.706000-04:00,631243922719598591,SOUTH_WEST,0.6457874774932861,DAYLIGHT,-73.95286,40.768079
1778,nlbx_82d7ad4a24a91dfd5e0cc604021e5e03.jpg,0,1,0,217.78907775878903,2023-09-29 13:11:04.085000-04:00,631243951106968575,SOUTH_WEST,0.7474784851074219,DAYLIGHT,-74.011428,40.654391
1779,nlbx_37d99a2e13c51799b17da3d0da6dcba2.jpg,1,1,1,214.31741333007807,2023-09-29 12:52:55.372000-04:00,631243922733458943,SOUTH_WEST,0.9559770822525024,DAYLIGHT,-73.922143,40.733157
1780,nlbx_a92e66fb255b85862c60d43fcfe50787.jpg,0,1,0,61.98250198364258,2023-09-29 13:42:39.016000-04:00,631243951192826367,NORTH_EAST,0.8335553407669067,DAYLIGHT,-73.972253,40.645794
1781,nlbx_3438680b93461a55a79dc98ba0e9f371.jpg,0,0,0,352.25,2023-09-29 10:08:46.580000-04:00,631243950874239487,NORTH,0.8410792350769043,DAYLIGHT,-73.966031,40.629299
1782,nlbx_f2f387978c547788b553d8b890a68ba8.jpg,0,0,0,80.375,2023-09-29 10:18:48.281000-04:00,631243922557929983,EAST,0.6840920448303223,DAYLIGHT,-73.881787,40.669768
1783,nlbx_49ebc9bb4b664111802f9b7d1b429099.jpg,1,1,1,81.73148345947266,2023-09-29 10:01:45.159000-04:00,631243950347266047,EAST,0.8095807433128357,DAYLIGHT,-73.994729,40.577848
1784,nlbx_c320833a3b89540ffa480c81226fbb05.jpg,1,1,1,197.3892420843681,2023-09-29 13:18:57.985000-04:00,631243922021148159,SOUTH,0.7869044542312622,DAYLIGHT,-73.935103,40.835594
1785,nlbx_b15ca5d4ab3055e674071040f686d292.jpg,0,1,0,218.8890838623047,2023-09-29 10:18:55.228000-04:00,631243949901981695,SOUTH_WEST,0.6705560684204102,DAYLIGHT,-74.007303,40.706218
1786,nlbx_08da6e5957dd772747d5ced94d1d9683.jpg,0,1,0,308.5995483398437,2023-09-29 10:29:36.819000-04:00,631243951114289663,NORTH_WEST,0.8195908069610596,DAYLIGHT,-74.005691,40.656904
1787,nlbx_3cf1c41fa298cdebd7960dbd9d77a810.jpg,0,0,0,334.88357609307457,2023-09-29 17:52:24.748000-04:00,631243922480503295,NORTH_WEST,0.9126834869384766,DAYLIGHT,-73.895673,40.747912
1788,nlbx_49e4de2a241dba3c5a51b9bd37ffd9e9.jpg,0,0,0,265.5202941894531,2023-09-29 08:33:47.118000-04:00,631243950938699775,WEST,0.6822103261947632,DAYLIGHT,-73.947939,40.65428
1789,nlbx_47206f656f14152ac1373a6f55e105c4.jpg,1,1,1,149.251953125,2023-09-29 08:43:16.631000-04:00,631243922972410879,SOUTH_EAST,0.6242679357528687,DAYLIGHT,-73.845539,40.738011
1790,nlbx_82a021ee465082df4c264d186082e04a.jpg,0,0,0,61.125,2023-09-29 16:50:53.713000-04:00,631243951119441407,NORTH_EAST,0.7364754676818848,DAYLIGHT,-73.977242,40.630711
1791,nlbx_aa7f8f15c504da2c4ce89fd8c18ce27c.jpg,0,1,0,181.31619262695312,2023-09-29 07:58:38.170000-04:00,631243945499243519,SOUTH,0.9581047892570496,DAYLIGHT,-74.16647,40.628475
1792,nlbx_1ade52d5927d92ae25b9377ab083201d.jpg,1,1,1,112.09297418324785,2023-09-29 09:31:45.931000-04:00,631243922622929407,EAST,0.8585770130157471,DAYLIGHT,-73.86953,40.69755
1793,nlbx_78197545d62a632e758b683984f3ebcd.jpg,0,0,0,119.23678588867188,2023-09-29 15:42:39.002000-04:00,631243949854280191,SOUTH_EAST,0.8170551657676697,DAYLIGHT,-73.99521,40.75461
1794,nlbx_f959d0d93829a8f38b15a5caa0c8be0f.jpg,1,1,1,351.0,2023-09-29 10:42:56.058000-04:00,631243949785301503,NORTH,0.7061750292778015,DAYLIGHT,-74.008279,40.750111
1795,nlbx_6584617b0fb1633063b3ab2c22f7068b.jpg,1,1,1,335.25,2023-09-29 11:12:24.172000-04:00,631243923289315327,NORTH_WEST,0.8742530345916748,DAYLIGHT,-73.929441,40.800029
1796,nlbx_1c84d62a68cf2213a6cfdd6898cab7a9.jpg,0,1,0,307.25,2023-09-29 09:22:09.929000-04:00,631243920590723583,NORTH_WEST,0.6620343923568726,DAYLIGHT,-73.728236,40.741933
1797,nlbx_b31ae4f341ed17a34af2afe728c46c81.jpg,1,1,1,112.02281951904295,2023-09-29 15:16:18.667000-04:00,631243922524351999,EAST,0.7472388744354248,DAYLIGHT,-73.853047,40.671671
1798,nlbx_e027ed95f5572f8189a284e661742530.jpg,0,0,0,139.96389770507812,2023-09-29 10:42:32.137000-04:00,631243922580199423,SOUTH_EAST,0.7973443865776062,DAYLIGHT,-73.848182,40.68739
1799,nlbx_d406f5ba9ca003d19c6077d4a012f864.jpg,0,1,0,182.375,2023-09-29 13:24:13.495000-04:00,631243923016214527,SOUTH,0.6298569440841675,DAYLIGHT,-73.841318,40.783408
1800,nlbx_5b19ead07a53571f5793bb47bf912d58.jpg,0,1,0,31.45418739318848,2023-09-29 10:53:51.672000-04:00,631243925753859071,NORTH_EAST,1.0,DAYLIGHT,-73.856781,40.901104
1801,nlbx_7f1854571d3896f61d5bb6b3d3aaeae8.jpg,1,1,1,259.0,2023-09-29 08:23:08.307000-04:00,631243950307202559,WEST,0.7423830032348633,DAYLIGHT,-73.972361,40.58815
1802,nlbx_13fcc49e4412d580c1dc678b93f88dff.jpg,0,0,0,171.89906311035156,2023-09-29 15:34:11.707000-04:00,631243922491844607,SOUTH,0.7710719108581543,DAYLIGHT,-73.900876,40.752082
1803,nlbx_a238de1dde063ee6f1e3a9c96eb073b4.jpg,0,1,0,284.10017567283296,2023-09-29 14:58:23.072000-04:00,631243922658868223,WEST,0.684222936630249,DAYLIGHT,-73.942187,40.738952
1804,nlbx_4397315d330051d697b74bc9e30d5d6e.jpg,1,1,1,202.25,2023-09-29 17:36:40.793000-04:00,631243922733458943,SOUTH,0.8589930534362793,DAYLIGHT,-73.922093,40.73322
1805,nlbx_1da687a13df8ee8c09d511fd6026eb99.jpg,1,1,1,214.35069274902344,2023-09-29 09:39:17.707000-04:00,631243922726807039,SOUTH_WEST,0.6158963441848755,DAYLIGHT,-73.947871,40.770203
1806,nlbx_19f72e16d63d5f7ed966e168a31f6cbf.jpg,0,0,0,101.51422882080078,2023-09-29 13:24:12.563000-04:00,631243920015216127,EAST,0.836136519908905,DAYLIGHT,-73.811821,40.886552
1807,nlbx_db042e1ad3f5c93787594a1bc92ed74b.jpg,1,1,1,172.160628799718,2023-09-29 11:08:20.042000-04:00,631243923289488383,SOUTH,0.7410364747047424,DAYLIGHT,-73.9303,40.802338
1808,nlbx_938b9d9cbf5d6387724d78782fb91bd0.jpg,1,1,1,92.01351165771484,2023-09-29 09:58:33.846000-04:00,631243922482884095,EAST,0.8258395195007324,DAYLIGHT,-73.891831,40.738265
1809,nlbx_714bfff75e41d810183dfc52ada24e79.jpg,0,0,0,265.0,2023-09-29 13:37:53.161000-04:00,631243949987121151,WEST,0.9274177551269532,DAYLIGHT,-73.979536,40.712298
1810,nlbx_a55ae43749c6028a246bd49782a3e1e9.jpg,0,0,0,157.12435913085938,2023-09-29 12:11:46.773000-04:00,631243923108725247,SOUTH_EAST,0.8375648260116577,DAYLIGHT,-73.811933,40.694041
1811,nlbx_7692a134a832d78f424e1fe899eea8c2.jpg,0,0,0,32.5,2023-09-29 16:22:58.326000-04:00,631243951181610495,NORTH_EAST,0.7634444236755371,DAYLIGHT,-73.992096,40.676675
1812,nlbx_9d119510aab92e84b13afa74213c273d.jpg,0,0,0,119.88636016845705,2023-09-29 15:42:36.421000-04:00,631243921523783679,SOUTH_EAST,0.8070362210273743,DAYLIGHT,-73.946915,40.794223
1813,nlbx_98f4d9c44f3e6f87ac5eeda31cfa5be2.jpg,0,0,0,160.48313903808594,2023-09-29 14:25:15.928000-04:00,631243923092972543,SOUTH,0.8876844048500061,DAYLIGHT,-73.824206,40.713287
1814,nlbx_b36309ac593c4f9b152290ae60194df8.jpg,0,0,0,131.625,2023-09-29 17:55:33.427000-04:00,631243945556974079,SOUTH_EAST,0.9050257802009584,DAYLIGHT,-74.096795,40.633734
1815,nlbx_fca6ca0c087082bbbc1da11aab257ae2.jpg,1,1,1,39.16626739501953,2023-09-29 08:27:36.352000-04:00,631243951129070591,NORTH_EAST,0.7508233785629272,DAYLIGHT,-73.977665,40.627845
1816,nlbx_2ac217eadb24c85927e47ef43f88e6c1.jpg,1,1,1,112.5,2023-09-29 08:31:06.268000-04:00,631243923093214207,SOUTH_EAST,0.674060583114624,DAYLIGHT,-73.829925,40.71686
1817,nlbx_23c0e6c8495ce27c695923750d00e49a.jpg,0,1,0,67.11959075927734,2023-09-29 12:36:52.901000-04:00,631243923210634239,NORTH_EAST,0.6827250123023987,DAYLIGHT,-73.877393,40.771108
1818,nlbx_b20816ce09e197d0c16903fd0f7e0efb.jpg,1,1,1,347.5,2023-09-29 17:21:32.403000-04:00,631243950901269503,NORTH,0.7995947003364563,DAYLIGHT,-73.905793,40.650291
1819,nlbx_3639ed50d1d949d9de8e04644148d6d2.jpg,0,1,0,323.54917013097287,2023-09-29 14:18:49.325000-04:00,631243935026095615,NORTH_WEST,0.9267541766166688,DAYLIGHT,-73.780959,40.646327
1820,nlbx_a3bb74accde27ec71bd4e36eaa340039.jpg,0,1,0,101.375,2023-09-29 12:34:36.962000-04:00,631243919600175615,EAST,0.8219190835952759,DAYLIGHT,-73.875966,40.810414
1821,nlbx_0afe08a31581fceaab178c48fa00ef47.jpg,0,1,0,304.1448915783433,2023-09-29 12:37:16.090000-04:00,631243922952887295,NORTH_WEST,0.7785089015960693,DAYLIGHT,-73.853255,40.759384
1822,nlbx_a256e5c88a301f2173f431eb40034049.jpg,1,1,1,247.0,2023-09-29 11:22:05.637000-04:00,631243920535922175,SOUTH_WEST,0.7495965361595154,DAYLIGHT,-73.78119,40.740657
1823,nlbx_b1c5438de42ac184ff2d45fd5a660f1b.jpg,0,1,0,128.57369995117188,2023-09-29 12:47:09.993000-04:00,631243951205424127,SOUTH_EAST,1.0,DAYLIGHT,-74.00574,40.65876
1824,nlbx_d0218aedf7d1519c88b43b63878db5ba.jpg,1,1,1,126.25,2023-09-29 09:46:10.342000-04:00,631243951132064767,SOUTH_EAST,0.7249336242675781,DAYLIGHT,-73.981742,40.639705
1825,nlbx_494ed626c145225ca905fc5026adc22c.jpg,0,1,0,41.92065641571954,2023-09-29 10:41:38.723000-04:00,631243922671674879,NORTH_EAST,0.8767688870429993,DAYLIGHT,-73.953419,40.721837
1826,nlbx_ed6f4266923fba5745e542923a9ec9c2.jpg,0,0,0,257.99395751953125,2023-09-29 08:19:56.925000-04:00,631243919599388671,WEST,0.8953178524971008,DAYLIGHT,-73.883054,40.823205
1827,nlbx_2590f4c311da807a180aac9251c9166f.jpg,0,1,0,201.125,2023-09-29 08:27:30.198000-04:00,631243922959972351,SOUTH,0.8173639178276062,DAYLIGHT,-73.841223,40.759696
1828,nlbx_dd8315cd163348ec04080b1966b15336.jpg,1,1,1,64.34680938720703,2023-09-29 11:34:13.162000-04:00,631243921498447359,NORTH_EAST,0.6818295121192932,DAYLIGHT,-73.983442,40.784902
1829,nlbx_d1737cae02520217082d4dc71be3b0dd.jpg,0,0,0,128.2138214111328,2023-09-29 17:44:29.872000-04:00,631243951176371199,SOUTH_EAST,0.960710108280182,DAYLIGHT,-73.9951,40.66657
1830,nlbx_e5434493b4d676fe9bd299ea63813bb1.jpg,0,0,0,272.5,2023-09-29 16:58:23.893000-04:00,631243922935823871,WEST,0.7720282077789307,DAYLIGHT,-73.800149,40.738282
1831,nlbx_50e0eed08955644b262e7ef99dc15198.jpg,0,0,0,27.610788345336918,2023-09-29 10:52:49.607000-04:00,631243922037364223,NORTH_EAST,0.689185619354248,DAYLIGHT,-73.925214,40.815518
1832,nlbx_37c189e6888906dc06bee4ad56c2f3f5.jpg,1,1,1,309.25,2023-09-29 15:39:24.080000-04:00,631243934199195135,NORTH_WEST,0.8440977334976196,DAYLIGHT,-73.763423,40.607804
1833,nlbx_1cd5b84c7dd85cff7a5d58b0071b87c8.jpg,0,0,0,297.2585144042969,2023-09-29 16:55:52.333000-04:00,631243922694366719,NORTH_WEST,0.7476003170013428,DAYLIGHT,-73.987254,40.753699
1834,nlbx_81b442e757940c478f2142ac6808cce9.jpg,0,0,0,226.29107666015625,2023-09-29 13:13:28.690000-04:00,631243951138163199,SOUTH_WEST,0.7202107906341553,DAYLIGHT,-74.021579,40.641143
1835,nlbx_d63f2845225d39423a48b202e470d5ad.jpg,1,1,1,308.3651733398437,2023-09-29 09:48:17.474000-04:00,631243922028485119,NORTH_WEST,0.8292449116706848,DAYLIGHT,-73.92849,40.809003
1836,nlbx_1a3c993411222189d8ec33c52273604b.jpg,1,1,1,7.1526055335998535,2023-09-29 10:50:35.786000-04:00,631243949785425407,NORTH,0.7320132851600647,DAYLIGHT,-74.008253,40.750515
1837,nlbx_ab43771a681e9486896e934081a6419e.jpg,1,1,1,261.88397216796875,2023-09-29 10:35:38.238000-04:00,631243950351761919,WEST,0.7975492477416992,DAYLIGHT,-74.001769,40.577064
1838,nlbx_188a1ae5b9cf8ba75e74bd154b2804a4.jpg,1,1,1,265.4114026087777,2023-09-29 12:30:32.588000-04:00,631243950972953599,WEST,0.8368881940841675,DAYLIGHT,-73.920133,40.584062
1839,nlbx_1efea0beda65e814da62e7e2740bb743.jpg,0,0,0,152.7636260986328,2023-09-29 12:39:19.330000-04:00,631243923158060031,SOUTH_EAST,0.8100371360778809,DAYLIGHT,-73.827167,40.721936
1840,nlbx_e363436378685a2dc8fec77a2099be8d.jpg,0,1,0,6.8515625,2023-09-29 08:31:19.931000-04:00,631243922691384831,NORTH,0.6872178912162781,DAYLIGHT,-73.974645,40.736281
1841,nlbx_26ce442fd3540ee01967e189748fc642.jpg,0,1,0,265.25,2023-09-29 08:33:16.468000-04:00,631243950936242687,WEST,0.6840370893478394,DAYLIGHT,-73.941523,40.643694
1842,nlbx_2e1c8d3defc078262549f4c3d0f27eec.jpg,0,1,0,125.9375,2023-09-29 08:22:14.243000-04:00,631243919476347391,SOUTH_EAST,0.7472681999206543,DAYLIGHT,-73.871669,40.857288
1843,nlbx_3d1fe01f1d646036fe2e844bac38ec85.jpg,0,0,0,208.59451293945312,2023-09-29 15:08:11.847000-04:00,631243921523611135,SOUTH_WEST,0.6922762989997864,DAYLIGHT,-73.947687,40.798991
1844,nlbx_64a327130a463852b6b8d7d443c20e0c.jpg,0,1,0,351.5,2023-09-29 14:44:19.067000-04:00,631243934827695615,NORTH,0.6437000036239624,DAYLIGHT,-73.726368,40.654853
1845,nlbx_c135c233e69220ff0261a1e0631dc626.jpg,1,1,1,307.25,2023-09-29 10:49:24.849000-04:00,631243923092767231,NORTH_WEST,0.7736114859580994,DAYLIGHT,-73.827373,40.716405
1846,nlbx_41a02276c952faf60ec23c34ade9c7f4.jpg,0,0,0,240.80823132204364,2023-09-29 15:58:20.340000-04:00,631243951186445311,SOUTH_WEST,0.7674535512924194,DAYLIGHT,-73.966125,40.650303
1847,nlbx_d2b33aaa7158560bbed4225ca18c8323.jpg,0,1,0,105.11307555739047,2023-09-29 15:41:21.687000-04:00,631243922082962943,EAST,0.8383781313896179,DAYLIGHT,-73.941459,40.849189
1848,nlbx_2188cb37399232a25f3f104f3ed104a0.jpg,0,1,0,187.9130706787109,2023-09-29 10:33:19-04:00,631243922023416831,SOUTH,0.6149884462356567,DAYLIGHT,-73.944043,40.842379
1849,nlbx_2c5d04782fb23e3b156534d951e602c2.jpg,1,1,1,262.7511901855469,2023-09-29 09:22:08.267000-04:00,631243922649548799,WEST,0.8157640695571899,DAYLIGHT,-73.951559,40.731899
1850,nlbx_5bda0cebb5d9c976e49fff7984ab9ec6.jpg,1,1,1,250.875,2023-09-29 08:16:54.847000-04:00,631243950866982399,WEST,0.7294648289680481,DAYLIGHT,-73.957041,40.633026
1851,nlbx_8c9fea986a74aa57486404de9944bae7.jpg,1,1,1,16.063228607177734,2023-09-29 15:28:42.030000-04:00,631243920550693887,NORTH,0.7276017665863037,DAYLIGHT,-73.764038,40.725444
1852,nlbx_9dddf4da5f8326e6909a52d4ef9c09a7.jpg,1,1,1,132.625,2023-09-29 09:43:01.518000-04:00,631243950303124479,SOUTH_EAST,0.9592759013175964,DAYLIGHT,-73.990072,40.585247
1853,nlbx_efcab15a51a8d44995cbdaf9625a6d67.jpg,0,0,0,226.417724609375,2023-09-29 14:22:09.434000-04:00,631243919454667263,SOUTH_WEST,0.7932729125022888,DAYLIGHT,-73.833022,40.855978
1854,nlbx_7d4d237ae64038d66e110a14e62f92af.jpg,0,1,0,342.75,2023-09-29 13:26:35.417000-04:00,631243934828798463,NORTH,0.865746021270752,DAYLIGHT,-73.726669,40.657437
1855,nlbx_921ed14e573ab208a6868858d4b74261.jpg,1,1,1,243.5236358642578,2023-09-29 13:54:36.794000-04:00,631243951186689535,SOUTH_WEST,0.7752044200897217,DAYLIGHT,-73.971226,40.651256
1856,nlbx_953485ab6000b155aa283eebad1977d6.jpg,0,0,0,210.7463836669922,2023-09-29 15:21:13.056000-04:00,631243923290955263,SOUTH_WEST,0.7244375944137573,DAYLIGHT,-73.924048,40.792969
1857,nlbx_f931ba2fa7ab0d5178bffc7e35af026e.jpg,0,1,0,69.30889129638672,2023-09-29 09:53:32.214000-04:00,631243919454145023,EAST,0.8677424192428589,DAYLIGHT,-73.828558,40.856251
1858,nlbx_2d72d72d6bed3a8b2e6d2289e237e08e.jpg,0,0,0,56.57152557373047,2023-09-29 10:06:52.139000-04:00,631243923092782079,NORTH_EAST,0.7086008787155151,DAYLIGHT,-73.827358,40.715932
1859,nlbx_58c539c3ff03af8cd5feaa81c468f310.jpg,1,1,1,265.5882873535156,2023-09-29 17:29:11.655000-04:00,631243934223608319,WEST,0.8707280158996582,DAYLIGHT,-73.800589,40.59538
1860,nlbx_e3b375d952471d0641be7d58844a3996.jpg,1,1,1,298.25,2023-09-29 10:14:13.278000-04:00,631243922029292543,NORTH_WEST,0.6868712306022644,DAYLIGHT,-73.929421,40.807654
1861,nlbx_898ffc35d52a7078d391d248df6ca4d4.jpg,1,1,1,79.61101531982422,2023-09-29 10:33:50.317000-04:00,631243949982517247,EAST,0.7656387090682983,DAYLIGHT,-73.993548,40.709568
1862,nlbx_2f38292942e849690968bea1d7b617d1.jpg,0,0,0,177.09390032956208,2023-09-29 11:25:29.167000-04:00,631243950834196991,SOUTH,0.8173959851264954,DAYLIGHT,-73.918759,40.633595
1863,nlbx_d530a6aa120d3f55de47a72f6171958b.jpg,1,1,1,262.5404968261719,2023-09-29 09:10:07.971000-04:00,631243922677175295,WEST,0.8533236980438232,DAYLIGHT,-73.945999,40.729262
1864,nlbx_19be0c6aebaa103f10dd5d56f1dc38ac.jpg,1,1,1,263.25,2023-09-29 08:20:00.695000-04:00,631243950374104575,WEST,0.7424747943878174,DAYLIGHT,-73.962994,40.60992
1865,nlbx_21850aab51b35bfe81ea66861851cc54.jpg,0,1,0,220.125,2023-09-29 12:52:35.468000-04:00,631243922479730175,SOUTH_WEST,0.7488568425178528,DAYLIGHT,-73.895669,40.743502
1866,nlbx_f41e13045769c3e98aa8e6643dfa7957.jpg,0,0,0,111.12029266357422,2023-09-29 16:28:57.818000-04:00,631243950342155775,EAST,0.7646080255508423,DAYLIGHT,-74.013492,40.602107
1867,nlbx_5a09cd3aaba5b070f55ca62c1d6a0eee.jpg,1,1,1,202.4532647100297,2023-09-29 10:28:04.199000-04:00,631243922894754815,SOUTH,0.7356709837913513,DAYLIGHT,-73.956106,40.71052
1868,nlbx_4093ce968db55ef4f3e4f16e0f7709de.jpg,0,0,0,77.4375,2023-09-29 15:06:54.593000-04:00,631243922526276607,EAST,0.860207200050354,DAYLIGHT,-73.87058,40.675604
1869,nlbx_4621eac2cfcde9b8260931e6f6056bad.jpg,1,1,1,271.0,2023-09-29 10:38:06.781000-04:00,631243923019947519,WEST,0.8780866265296936,DAYLIGHT,-73.837305,40.778625
1870,nlbx_26a0af323d0ef2e80414912599d88469.jpg,0,0,0,120.46884155273438,2023-09-29 08:28:01.021000-04:00,631243923096986623,SOUTH_EAST,0.9149723052978516,DAYLIGHT,-73.838496,40.718951
1871,nlbx_bcb011d9813f789a2d500e95e6be2661.jpg,0,1,0,261.0,2023-09-29 10:27:43.558000-04:00,631243920526196223,WEST,0.7703231573104858,DAYLIGHT,-73.718663,40.735112
1872,nlbx_f131e95716df7b3e9b72583ebd4cd480.jpg,1,1,1,171.74627685546875,2023-09-29 08:49:19.557000-04:00,631243950346671615,SOUTH,0.8551803827285767,DAYLIGHT,-73.993927,40.573558
1873,nlbx_0144282146091064010f1f6cc7c7ecc4.jpg,0,0,0,222.72344970703125,2023-09-29 17:55:43.431000-04:00,631243923248602111,SOUTH_WEST,0.6826044917106628,DAYLIGHT,-73.917654,40.774048
1874,nlbx_95cb6da73e192ba4a2a7121b7b5d8701.jpg,0,0,0,266.7966613769531,2023-09-29 11:04:57.169000-04:00,631243922046505471,WEST,0.7241542339324951,DAYLIGHT,-73.894259,40.846494
1875,nlbx_d8a5117b7125093e866b01a8fb329a62.jpg,1,1,1,172.66629028320312,2023-09-29 09:12:06.970000-04:00,631243922665439743,SOUTH,0.7719523310661316,DAYLIGHT,-73.945753,40.72751
1876,nlbx_ab0e19411e5f2da4908a2a205e2c4e6d.jpg,0,0,0,225.10997009277344,2023-09-29 00:28:36.775000-04:00,631243921989621759,SOUTH_WEST,0.8664291501045227,NIGHTTIME,-73.915912,40.845844
1877,nlbx_03103878bd43ced76b2b01a6554c7bb7.jpg,1,1,1,106.75,2023-09-29 08:32:13.991000-04:00,631243923093214207,EAST,0.7271122336387634,DAYLIGHT,-73.829803,40.716832
1878,nlbx_5344f051ed2ab0df104690ffd88d7c3f.jpg,0,0,0,120.1709976196289,2023-09-29 16:45:00.526000-04:00,631243922759328767,SOUTH_EAST,0.7060535550117493,DAYLIGHT,-73.96216,40.760155
1879,nlbx_1552ee8a6284d910ca9e3a01e6065a7b.jpg,0,0,0,313.5,2023-09-29 14:43:49.406000-04:00,631243951153103871,NORTH_WEST,0.9013943076133728,DAYLIGHT,-74.014939,40.6331
1880,nlbx_6d3300cc14b5cfb79b642fb4d8294304.jpg,0,0,0,154.71392822265625,2023-09-29 17:59:59.643000-04:00,631243951172595199,SOUTH_EAST,0.7394894361495972,DAYLIGHT,-73.997239,40.66969
1881,nlbx_a174e17fb8ebc4453e08acacba709b3a.jpg,1,1,1,167.9982147216797,2023-09-29 12:31:25.922000-04:00,631243950901268991,SOUTH,0.7744436264038086,DAYLIGHT,-73.90586,40.650544
1882,nlbx_05c4142027eaf61f27db02bdb2205fd6.jpg,0,1,0,276.1378173828125,2023-09-29 10:30:09.679000-04:00,631243922731655679,WEST,0.8264503479003906,DAYLIGHT,-73.932679,40.744936
1883,nlbx_bf11a2eff4f71d4ab5c88c6b88b874e0.jpg,1,1,1,2.583353281021118,2023-09-29 08:55:26.406000-04:00,631243951138194943,NORTH,0.9056561589241028,DAYLIGHT,-74.021698,40.639876
1884,nlbx_98d549d4482157b16e7e803cb7d36f6a.jpg,0,0,0,57.5625,2023-09-29 11:10:48.143000-04:00,631243922735712255,NORTH_EAST,0.704145073890686,DAYLIGHT,-73.94408,40.746401
1885,nlbx_068dd2e4f99976b4fc9e52e0f8ff751a.jpg,0,0,0,29.255971908569336,2023-09-29 15:23:56.799000-04:00,631243922013032959,NORTH_EAST,0.934342622756958,DAYLIGHT,-73.937954,40.828263
1886,nlbx_a92e05eaa1eed01d35ab31a438ce8db9.jpg,1,1,1,351.25,2023-09-29 08:39:36.873000-04:00,631243951187315199,NORTH,0.7160021066665649,DAYLIGHT,-73.964854,40.643459
1887,nlbx_87ca38a717a92881d0919956b54fb697.jpg,0,1,0,355.25,2023-09-29 12:25:26.421000-04:00,631243922038990847,NORTH,0.8296205401420593,DAYLIGHT,-73.932597,40.82611
1888,nlbx_1a524364de88615a37362df0bd3fe1b5.jpg,1,1,1,42.46875,2023-09-29 08:13:49.727000-04:00,631243950397425151,NORTH_EAST,0.7948815822601318,DAYLIGHT,-74.000779,40.608761
1889,nlbx_3b712ab09f66fee58f8bbe60df4a19f1.jpg,0,0,0,70.17948150634766,2023-09-29 14:05:51.725000-04:00,631243922591931903,EAST,0.837743878364563,DAYLIGHT,-73.835625,40.68913
1890,nlbx_ba4289f997e71941a8a297b1c37046d2.jpg,0,1,0,284.5,2023-09-29 10:43:27.123000-04:00,631243922956407295,WEST,0.7182074785232544,DAYLIGHT,-73.858983,40.760015
1891,nlbx_f2942e6ac58d7ff7a33334b5c5af8de2.jpg,1,1,1,228.609905186442,2023-09-29 08:23:28.216000-04:00,631243950887618559,SOUTH_WEST,0.8344147205352783,DAYLIGHT,-73.947612,40.614266
1892,nlbx_69bc2c1c8069468d74a5607dc1f63f22.jpg,0,0,0,343.25,2023-09-29 16:59:29.169000-04:00,631243919579153407,NORTH,0.771121621131897,DAYLIGHT,-73.820157,40.791138
1893,nlbx_bc80ade97ebe3f05b1c3af5ab7c61be5.jpg,0,1,0,27.50876235961914,2023-09-29 12:54:28.679000-04:00,631243922689308671,NORTH_EAST,0.7095741629600525,DAYLIGHT,-73.97885,40.744733
1894,nlbx_a30a5c8de55fe690c58587354d8245c4.jpg,0,0,0,23.21293067932129,2023-09-29 09:12:13.908000-04:00,631243923026882047,NORTH_EAST,0.8319752216339111,DAYLIGHT,-73.826885,40.7781
1895,nlbx_88afce09c1eafba06bd0d2d122b72728.jpg,1,1,1,339.3699951171875,2023-09-29 09:27:48.386000-04:00,631243922741015551,NORTH,0.8602977395057678,DAYLIGHT,-73.920756,40.751858
1896,nlbx_30bdaaa9b0579c6a73b3d66304c6b4eb.jpg,1,1,1,333.3448791503906,2023-09-29 09:05:45.556000-04:00,631243923245001727,NORTH_WEST,0.8207544088363647,DAYLIGHT,-73.900543,40.757744
1897,nlbx_74aea3d9cb42be7be83e95959c832c38.jpg,0,1,0,119.3108367919922,2023-09-29 09:02:16.758000-04:00,631243922749430271,SOUTH_EAST,0.9351962804794312,DAYLIGHT,-73.973545,40.762792
1898,nlbx_c9ff9ef1d1b846efbf6d733af2ae083a.jpg,1,1,1,349.0900573730469,2023-09-29 09:56:53.642000-04:00,631243922070582783,NORTH,0.740587592124939,DAYLIGHT,-73.873698,40.831956
1899,nlbx_fd2307dd2fa4eaecd7d625d1586545dc.jpg,1,1,1,298.5,2023-09-29 10:36:03.148000-04:00,631243949845587967,NORTH_WEST,0.8566043376922607,DAYLIGHT,-74.007386,40.752336
1900,nlbx_126a3fed1b98c31ba8343152d086a265.jpg,1,1,1,40.59611129760742,2023-09-29 10:51:37.072000-04:00,631243922029484031,NORTH_EAST,0.7006126046180725,DAYLIGHT,-73.927516,40.812208
1901,nlbx_8e6cd23ffeae96013a8d0bf205f01e90.jpg,0,1,0,223.0,2023-09-29 11:13:22.536000-04:00,631243922480090111,SOUTH_WEST,0.7676404714584351,DAYLIGHT,-73.898971,40.740813
1902,nlbx_de3523c2360b21cd9c54d1f9bb88905f.jpg,1,1,1,355.3190002441406,2023-09-29 09:48:28.179000-04:00,631243934223606271,NORTH,0.748259425163269,DAYLIGHT,-73.800916,40.595213
1903,nlbx_cb8387f0546f3814391ba79d481185a4.jpg,0,0,0,5.23046875,2023-09-29 11:30:08.162000-04:00,631243935037443583,NORTH,0.7420123815536499,DAYLIGHT,-73.807321,40.657072
1904,nlbx_fd627b7ba493af2f20fad6e15d4aaaa2.jpg,1,1,1,37.432220458984375,2023-09-29 10:31:50.162000-04:00,631243923293850111,NORTH_EAST,0.9247694611549376,DAYLIGHT,-73.909318,40.80198
1905,nlbx_8542f9ed21cc293c538ac8632638fe15.jpg,1,1,1,300.9984130859375,2023-09-29 11:07:21.784000-04:00,631243934995082751,NORTH_WEST,0.8585134744644165,DAYLIGHT,-73.790171,40.655272
1906,nlbx_2151edc9cfb89658dc25af0a650bed2d.jpg,0,1,0,28.48607635498047,2023-09-29 09:05:01.669000-04:00,631243922755305983,NORTH_EAST,0.6756517887115479,DAYLIGHT,-73.977112,40.755782
1907,nlbx_997983afe446d863d90cb4d5cb96bc88.jpg,1,1,1,352.5,2023-09-29 08:28:20.708000-04:00,631243951193582591,NORTH,0.6885099411010742,DAYLIGHT,-73.961915,40.655009
1908,nlbx_f7a332b9a15f8219459b09dcb0e1ace2.jpg,1,1,1,228.5337829589844,2023-09-29 12:40:19.100000-04:00,631243922966694911,SOUTH_WEST,0.9723885655403136,DAYLIGHT,-73.840665,40.742766
1909,nlbx_3ca7385e73449585d549837a6d08a81c.jpg,0,0,0,16.75,2023-09-29 07:37:14.520000-04:00,631243950619537919,NORTH,0.7597241997718811,DAYLIGHT,-74.084965,40.593287
1910,nlbx_09526ab80a15e705f2a053a49153b4ac.jpg,0,1,0,276.421875,2023-09-29 15:30:43.562000-04:00,631243949973611519,WEST,0.6821194291114807,DAYLIGHT,-74.007472,40.730279
1911,nlbx_b5bb613b3a100107ed736726f891f1ee.jpg,0,1,0,293.75,2023-09-29 14:41:42.070000-04:00,631243934998628863,NORTH_WEST,0.745851457118988,DAYLIGHT,-73.781316,40.646678
1912,nlbx_7187f6cbe54a909fda1105140c671fe6.jpg,1,1,1,334.0348815917969,2023-09-29 09:26:28.113000-04:00,631243922737731583,NORTH_WEST,0.7475763559341431,DAYLIGHT,-73.940145,40.73745
1913,nlbx_7e649f5cbe345f382432fe11c2ea5e8a.jpg,1,1,1,262.21259918923454,2023-09-29 15:32:01.727000-04:00,631243934226110975,WEST,0.6335912942886353,DAYLIGHT,-73.802317,40.590789
1914,nlbx_12505ec0814b4204ce5786647fe22216.jpg,0,0,0,299.75,2023-09-29 13:38:09.803000-04:00,631243922887318527,NORTH_WEST,0.7245688438415527,DAYLIGHT,-73.962819,40.710099
1915,nlbx_14488a6ce88c071833d17735cb1cb160.jpg,1,1,1,162.65594482421875,2023-09-29 09:08:56.128000-04:00,631243934761494527,SOUTH,0.735063910484314,DAYLIGHT,-73.740859,40.637355
1916,nlbx_82bf14f5fd3a884f387bbd524c40c6a9.jpg,1,1,1,201.0,2023-09-29 13:17:03.159000-04:00,631243949924095487,SOUTH,0.8398145437240601,DAYLIGHT,-73.99874,40.694836
1917,nlbx_9dd4aade761b516930062f439a295ad3.jpg,0,1,0,38.15607070922852,2023-09-29 08:25:58.172000-04:00,631243951131631103,NORTH_EAST,0.8292537927627563,DAYLIGHT,-73.983072,40.640276
1918,nlbx_8a7e2c8e080d090bcdcb8356f4b5abb1.jpg,0,1,0,282.75,2023-09-29 13:28:23.132000-04:00,631243949967789567,WEST,0.8334487080574036,DAYLIGHT,-74.009063,40.720016
1919,nlbx_a49f4ef2794ebcb82edbba68c0299497.jpg,0,1,0,39.53184127807617,2023-09-29 09:23:35.783000-04:00,631243945649851391,NORTH_EAST,0.7552344799041748,DAYLIGHT,-74.127191,40.557333
1920,nlbx_46a58ba3ce037b06b250471811ecc9d8.jpg,0,1,0,132.02980041503906,2023-09-29 09:59:22.784000-04:00,631243949845414911,SOUTH_EAST,0.7705827951431274,DAYLIGHT,-73.996964,40.749105
1921,nlbx_625f1d5e4336d88b53096309a5ff1a89.jpg,0,0,0,198.25,2023-09-29 17:03:41.953000-04:00,631243922417870847,SOUTH,0.8464961051940918,DAYLIGHT,-73.919357,40.729307
1922,nlbx_c50123e111572631fe9de56fcf472f12.jpg,0,1,0,300.5,2023-09-29 07:49:25.349000-04:00,631243950863821311,NORTH_WEST,0.8364455699920654,DAYLIGHT,-73.911765,40.625972
1923,nlbx_93c2b01b00eb963a4531dfe56dabe551.jpg,0,1,0,86.125,2023-09-29 14:33:41.463000-04:00,631243934997488127,EAST,0.819109320640564,DAYLIGHT,-73.787377,40.644612
1924,nlbx_7c7cf41fa8cc0a624c23ad5e43df9315.jpg,0,0,0,257.3546522396832,2023-09-29 18:03:08.131000-04:00,631243919572746751,WEST,0.7527491450309753,DAYLIGHT,-73.841426,40.828931
1925,nlbx_5fbeedcddc6a197c8a75fa40e25d8610.jpg,1,1,1,261.9638977050781,2023-09-29 10:35:48.238000-04:00,631243950351772671,WEST,0.9131684303283693,DAYLIGHT,-74.002269,40.577007
1926,nlbx_fac014ed9f592302e3853a6d3bf28fc9.jpg,0,1,0,352.25,2023-09-29 18:33:24.955000-04:00,631243950356346879,NORTH,0.9216433763504028,NIGHTTIME,-73.988857,40.582643
1927,nlbx_4ecdf9f169a0a6bb702569b1905183b0.jpg,0,0,0,7.780088424682617,2023-09-29 14:59:36.972000-04:00,631243949784348159,NORTH,0.7408945560455322,DAYLIGHT,-74.00802,40.745975
1928,nlbx_afb56eecf8f526f4fd3b39bc3cf965ef.jpg,0,0,0,28.84032249450684,2023-09-29 09:40:10.720000-04:00,631243949851855871,NORTH_EAST,0.6810901165008545,DAYLIGHT,-73.998234,40.764595
1929,nlbx_0674ff1d8d169b05d88422037e8f0c94.jpg,0,1,0,224.5,2023-09-29 11:16:29.200000-04:00,631243923071802879,SOUTH_WEST,0.7302083373069763,DAYLIGHT,-73.800703,40.695729
1930,nlbx_932293520318635b679a1b88b86b5fc5.jpg,1,1,1,160.625,2023-09-29 10:54:03.171000-04:00,631243923213370879,SOUTH,0.79731285572052,DAYLIGHT,-73.887035,40.770678
1931,nlbx_a694e0aacabc5fdfe1c234e5065341ac.jpg,0,0,0,57.40625,2023-09-29 08:49:00.972000-04:00,631243920544269823,NORTH_EAST,0.8616403937339783,DAYLIGHT,-73.77032,40.744691
1932,nlbx_bdcd4cd2f4ec1488a3f96d95d8e25098.jpg,0,1,0,228.875,2023-09-29 09:40:00.274000-04:00,631243922056249855,SOUTH_WEST,0.8508016467094421,DAYLIGHT,-73.909839,40.862321
1933,nlbx_6959cf8a2d29401f0d0cca546a6f6cad.jpg,1,1,1,11.2265625,2023-09-29 07:59:02.533000-04:00,631243922822416895,NORTH,0.9038581252098083,DAYLIGHT,-73.974079,40.681929
1934,nlbx_c6529a2fc2e4c53159e881eb23968987.jpg,1,1,1,169.1032257080078,2023-09-29 15:46:00.293000-04:00,631243950901267455,SOUTH,0.8727165460586548,DAYLIGHT,-73.905935,40.650823
1935,nlbx_51ca6d37ffb5f4de5ab736a74b68b40f.jpg,1,1,1,165.8541937810706,2023-09-29 13:02:23.076000-04:00,631243922083785727,SOUTH,0.7899690866470337,DAYLIGHT,-73.943838,40.845482
1936,nlbx_c86a0f16266b9909ff2a1b6ab2c1e007.jpg,0,0,0,313.5,2023-09-29 16:02:10.310000-04:00,631243922453669375,NORTH_WEST,0.8010261058807373,DAYLIGHT,-73.880451,40.741432
1937,nlbx_743a7db9e09abde017d491e782320066.jpg,1,1,1,128.0992431640625,2023-09-29 08:47:18.048000-04:00,631243950398949375,SOUTH_EAST,0.7540321946144104,DAYLIGHT,-73.992243,40.600978
1938,nlbx_8262767af94b72ca2a8aa22d09442f5c.jpg,0,0,0,289.75,2023-09-29 13:08:32.399000-04:00,631243951164678655,WEST,0.7375244498252869,DAYLIGHT,-74.01977,40.637229
1939,nlbx_5cbe5142191ddbd9482c5e783924c8d9.jpg,0,0,0,316.47314453125,2023-09-29 16:50:32.327000-04:00,631243949903141375,NORTH_WEST,0.7587890625,DAYLIGHT,-74.002899,40.711022
1940,nlbx_95658e888c856127294f91921d227221.jpg,0,1,0,109.85465986712406,2023-09-29 10:09:46.403000-04:00,631243934997456383,EAST,0.7247805595397949,DAYLIGHT,-73.785714,40.643179
1941,nlbx_af4f74841fc110ab3b34d2a559d6dbb7.jpg,0,1,0,260.6907043457031,2023-09-29 13:00:08.222000-04:00,631243934225928703,WEST,0.9238065481185912,DAYLIGHT,-73.804292,40.590555
1942,nlbx_e19e6fef4880c9233e4645d43b40fa5a.jpg,0,0,0,348.75,2023-09-29 08:40:26.475000-04:00,631243923153042943,NORTH,0.7076864838600159,DAYLIGHT,-73.826086,40.719995
1943,nlbx_a74be2af8487d02b4a51808573767f92.jpg,1,1,1,81.6967544555664,2023-09-29 10:21:44.847000-04:00,631243950346738175,EAST,0.6324713230133057,DAYLIGHT,-73.999651,40.574996
1944,nlbx_ad602c26aa05d228b7684ab6966aa21b.jpg,0,1,0,60.681339263916016,2023-09-29 08:32:46.549000-04:00,631243922057255935,NORTH_EAST,0.8118208646774292,DAYLIGHT,-73.905336,40.864682
1945,nlbx_85107b0f07606e12b1c7b274dca96e66.jpg,1,1,1,322.10244851343924,2023-09-29 13:23:35.506000-04:00,631243934761236991,NORTH_WEST,0.8399842977523804,DAYLIGHT,-73.742418,40.639779
1946,nlbx_127295a4927da24135506e63839a22fe.jpg,0,0,0,212.875,2023-09-29 17:32:38.490000-04:00,631243921526096383,SOUTH_WEST,0.942852795124054,DAYLIGHT,-73.940326,40.793517
1947,nlbx_06fff76d29b58e6d862fd01a2ca4d9a7.jpg,1,1,1,261.75555419921875,2023-09-29 09:00:33.063000-04:00,631243951128033279,WEST,0.6329222917556763,DAYLIGHT,-73.978877,40.637905
1948,nlbx_2443e4c3e3bd59d5cd839bc1e675fa20.jpg,0,1,0,270.5,2023-09-29 15:05:37.176000-04:00,631243922920479743,WEST,0.736515462398529,DAYLIGHT,-73.835572,40.762968
1949,nlbx_778e0fa428b8086a4ffae1423c0a3e63.jpg,0,1,0,208.7848358154297,2023-09-29 09:36:46.754000-04:00,631243921466726399,SOUTH_WEST,0.7222001552581787,DAYLIGHT,-73.944685,40.775077
1950,nlbx_6fa002c2687abc887e6320b908c1d573.jpg,0,0,0,212.0,2023-09-29 09:58:47.754000-04:00,631243951177126399,SOUTH_WEST,0.6579696536064148,DAYLIGHT,-73.971832,40.670641
1951,nlbx_eefd81f7ed93119123a5174833c67782.jpg,0,1,0,150.94174858963345,2023-09-29 08:55:06.145000-04:00,631243919639859711,SOUTH_EAST,0.7294402122497559,DAYLIGHT,-73.82691,40.847463
1952,nlbx_b8a0236af2f667d99c7754c1e478f99c.jpg,0,1,0,222.4722595214844,2023-09-29 11:46:07.605000-04:00,631243922479720959,SOUTH_WEST,0.8558458089828491,DAYLIGHT,-73.896319,40.742968
1953,nlbx_5681274513e4097ec1e8823d39366231.jpg,0,0,0,1.0393236875534058,2023-09-29 16:15:11.949000-04:00,631243949786315263,NORTH,0.9098283648490906,DAYLIGHT,-74.006492,40.737316
1954,nlbx_2c2f832b5337b3c780c8842cff03e25e.jpg,0,0,0,82.25,2023-09-29 15:05:37.511000-04:00,631243950355400703,EAST,0.8427802920341492,DAYLIGHT,-73.98954,40.578462
1955,nlbx_589b0e1ba3e7d7840a80d3684dc2b7e5.jpg,0,1,0,281.6810607910156,2023-09-29 09:26:23.685000-04:00,631243922938878463,WEST,0.7025977373123169,DAYLIGHT,-73.814951,40.738996
1956,nlbx_10e713709a1256dfebe1a0c9fb4bf0ae.jpg,0,1,0,171.80886840820312,2023-09-29 09:07:40.076000-04:00,631243951072779775,SOUTH,0.7490978240966797,DAYLIGHT,-73.933076,40.594986
1957,nlbx_1289bcb18bc96807ade36b4950fd1bef.jpg,1,1,1,300.46401176910524,2023-09-29 12:43:34.745000-04:00,631243951173549567,NORTH_WEST,0.6918467879295349,DAYLIGHT,-73.993803,40.672808
1958,nlbx_85bb8ba912d33ebf8d933566be619e83.jpg,1,1,1,214.3173675537109,2023-09-29 17:00:26.324000-04:00,631243922733292543,SOUTH_WEST,0.7716912031173706,DAYLIGHT,-73.92216,40.733138
1959,nlbx_c1d763cf62d0447bac69c68b1dfed3ff.jpg,0,0,0,39.83956146240234,2023-09-29 17:05:23.376000-04:00,631243922721750527,NORTH_EAST,0.9481592774391174,DAYLIGHT,-73.947731,40.75606
1960,nlbx_5418b4396327b91e81357900dbbe8a2d.jpg,0,1,0,129.18080139160156,2023-09-29 12:25:28.677000-04:00,631243922954818559,SOUTH_EAST,0.7304408550262451,DAYLIGHT,-73.865844,40.767259
1961,nlbx_f34baa18efd6d9f453b9101cf28dd90c.jpg,1,1,1,69.92631954003521,2023-09-29 11:08:57.059000-04:00,631243920504637439,EAST,0.8197183609008789,DAYLIGHT,-73.76201,40.747286
1962,nlbx_0a00bbb3a541510a22597eb1cb97fa01.jpg,0,1,0,174.75,2023-09-29 11:42:02.156000-04:00,631243923212362239,SOUTH,0.878608763217926,DAYLIGHT,-73.869821,40.764727
1963,nlbx_291e0f8670c99bc95bb8e6d05ce05225.jpg,0,0,0,317.5,2023-09-29 17:16:17.008000-04:00,631243920561349631,NORTH_WEST,0.7236137390136719,DAYLIGHT,-73.754689,40.725215
1964,nlbx_aaee52060c83eb87452092a8a18eabe6.jpg,0,0,0,213.16098022460935,2023-09-29 15:02:25.648000-04:00,631243922418017791,SOUTH_WEST,0.9070199728012084,DAYLIGHT,-73.927101,40.729654
1965,nlbx_bee2933a7aac60619c7f866bfc3f98c5.jpg,0,0,0,65.48081970214844,2023-09-29 16:55:09.695000-04:00,631243922874942975,NORTH_EAST,0.9438194036483764,DAYLIGHT,-73.899216,40.693698
1966,nlbx_e1be8058d308712be63c7034bfe5c283.jpg,0,0,0,158.58661687505892,2023-09-29 16:02:45-04:00,631243922480351743,SOUTH,0.7233701944351196,DAYLIGHT,-73.894989,40.746418
1967,nlbx_cb7b129b276f0162b2af368a973dfed8.jpg,1,1,1,82.95207552332684,2023-09-29 08:27:03.548000-04:00,631243950346229247,EAST,0.953469216823578,DAYLIGHT,-73.995528,40.575454
1968,nlbx_76d0ac99b002eb9fbc5d9458a6ec3571.jpg,1,1,1,140.44885685301745,2023-09-29 07:48:21.628000-04:00,631243950300962303,SOUTH_EAST,0.6920160055160522,DAYLIGHT,-73.995564,40.592916
1969,nlbx_3bea794bcf91ee75b42fa09c5694a486.jpg,0,0,0,196.86351013183597,2023-09-29 11:09:40.341000-04:00,631243922818049023,SOUTH,0.7561236619949341,DAYLIGHT,-73.967711,40.680853
1970,nlbx_04a613616b440eafed6942a05ebdc00f.jpg,1,1,1,342.3030171991667,2023-09-29 15:49:29.537000-04:00,631243934547773439,NORTH,0.6948596835136414,DAYLIGHT,-73.825414,40.620398
1971,nlbx_3b70e334e1a0d48e455b57d725fb821b.jpg,0,0,0,114.125,2023-09-29 17:44:10.506000-04:00,631243922687867391,SOUTH_EAST,0.7829897403717041,DAYLIGHT,-73.998381,40.734645
1972,nlbx_b13025010faf3b0568f7460bc33bad2c.jpg,0,1,0,278.25,2023-09-29 09:20:15.504000-04:00,631243950308138495,WEST,0.8544401526451111,DAYLIGHT,-73.973379,40.595265
1973,nlbx_39a154d8cfa76ea96bbe965b72dd20df.jpg,0,1,0,180.5,2023-09-29 18:53:56.816000-04:00,631243949988202495,SOUTH,0.7879903316497803,NIGHTTIME,-73.981105,40.703138
1974,nlbx_796d9edbe198189fdbcd0d99e00d9178.jpg,0,0,0,347.75,2023-09-29 12:43:54.646000-04:00,631243922838018559,NORTH,0.849507212638855,DAYLIGHT,-73.961137,40.66421
1975,nlbx_398f71677f50b2dbe37368323b858729.jpg,0,0,0,333.5,2023-09-29 15:46:35.511000-04:00,631243951172594175,NORTH_WEST,0.8486754894256592,DAYLIGHT,-73.9971,40.669657
1976,nlbx_b4f35a6e635c8b8bda65de85f2a71ee6.jpg,0,0,0,247.69859313964844,2023-09-29 15:16:13.369000-04:00,631243934997623807,WEST,0.7994449734687805,DAYLIGHT,-73.785851,40.644791
1977,nlbx_00f2663688502c7818b0cc6af408b20a.jpg,0,0,0,85.0,2023-09-29 09:37:46.519000-04:00,631243950933974527,EAST,0.9093389511108398,DAYLIGHT,-73.942797,40.649331
1978,nlbx_5b6e954afc21e8d3b89d8aad98aa7015.jpg,1,1,1,78.79507446289062,2023-09-29 10:35:55.317000-04:00,631243949982538751,EAST,0.7577717304229736,DAYLIGHT,-73.992427,40.709728
1979,nlbx_e9917428c0db82c3f30e64ba87b8ccf2.jpg,0,0,0,115.75,2023-09-29 09:39:07.842000-04:00,631243921868362751,SOUTH_EAST,0.6638072729110718,DAYLIGHT,-73.90292,40.878217
1980,nlbx_33d2d2373cdedb725c3887fd9f50259a.jpg,1,1,1,190.5,2023-09-29 09:48:00.686000-04:00,631243922030015487,SOUTH,0.7359392642974854,DAYLIGHT,-73.932156,40.811984
1981,nlbx_3687faf1e8283bfe538074a97bec25b4.jpg,1,1,1,66.5625,2023-09-29 13:02:04.427000-04:00,631243951185723903,NORTH_EAST,0.6535626649856567,DAYLIGHT,-73.972039,40.650685
1982,nlbx_767b35bb8f584c02f143b007e9dcd02b.jpg,0,1,0,102.0025256563598,2023-09-29 11:56:28.247000-04:00,631243922082976767,EAST,0.8822152018547058,DAYLIGHT,-73.941223,40.84916
1983,nlbx_c39f3303984cdf4d195073ce929de65f.jpg,0,1,0,154.26219177246094,2023-09-29 09:05:17.783000-04:00,631243922474304511,SOUTH_EAST,0.7702972292900085,DAYLIGHT,-73.836723,40.723468
1984,nlbx_761509154e7c0062b3ab19826ca54a02.jpg,0,1,0,183.25,2023-09-29 09:19:53.584000-04:00,631243934774141439,SOUTH,0.8246614933013916,DAYLIGHT,-73.744568,40.645671
1985,nlbx_b494479799e0467fc2de35c9194de02e.jpg,1,1,1,166.50209045410156,2023-09-29 11:19:31.217000-04:00,631243922083775999,SOUTH,0.7351334691047668,DAYLIGHT,-73.943761,40.845516
1986,nlbx_d68b46f83f797f615b22b82dc2e54482.jpg,1,1,1,76.375,2023-09-29 12:41:32.668000-04:00,631243919476201983,EAST,0.7334507703781128,DAYLIGHT,-73.872948,40.856143
1987,nlbx_bbb8e5decde5c0dd0d12e360e8f2e9e1.jpg,1,1,1,76.375,2023-09-29 12:41:34.668000-04:00,631243919476201983,EAST,0.6947128176689148,DAYLIGHT,-73.872948,40.856143
1988,nlbx_7d422878efa5513371aa318117f9f089.jpg,1,1,1,92.87533569335938,2023-09-29 08:31:03.174000-04:00,631243922861469183,EAST,0.693558931350708,DAYLIGHT,-73.933686,40.714403
1989,nlbx_4039cdeba57dba91e488e6cd28cdeb07.jpg,1,1,1,215.625,2023-09-29 09:24:19.889000-04:00,631243922733292543,SOUTH_WEST,0.9066935777664183,DAYLIGHT,-73.922186,40.733114
1990,nlbx_6fc5cd8cb81247ef6cf697f73610a0de.jpg,0,0,0,218.5764617919922,2023-09-29 12:41:01.908000-04:00,631243951146310655,SOUTH_WEST,0.7638934850692749,DAYLIGHT,-74.015172,40.647135
1991,nlbx_d48587ddf5842c8e64479d85d21e9b36.jpg,0,0,0,91.10282135009766,2023-09-29 12:21:58.602000-04:00,631243950650966527,EAST,0.6560395956039429,DAYLIGHT,-74.027492,40.604619
1992,nlbx_2ab819fed9f4976657d8b231da79d260.jpg,0,1,0,94.2363739013672,2023-09-29 13:19:12.471000-04:00,631243922803714559,EAST,0.7611538767814636,DAYLIGHT,-73.930021,40.672321
1993,nlbx_d5fb9319a139c1f8232a5774e5d28d67.jpg,1,1,1,208.1631622314453,2023-09-29 16:35:51.515000-04:00,631243922733458943,SOUTH_WEST,0.7053539156913757,DAYLIGHT,-73.922124,40.733178
1994,nlbx_dd57a1ee6b92a0280b8bc4e6eaf8b327.jpg,1,1,1,263.03961181640625,2023-09-29 09:20:19.464000-04:00,631243922676954111,WEST,0.7735632658004761,DAYLIGHT,-73.948659,40.730732
1995,nlbx_42ea147caae31065432b24a25e1fba96.jpg,0,0,0,85.3238296508789,2023-09-29 15:52:10.572000-04:00,631243950846239231,EAST,0.9013482332229614,DAYLIGHT,-73.929481,40.637418
1996,nlbx_4775bc8d59678397fe0fa0dce5f19e81.jpg,0,0,0,230.5,2023-09-29 16:47:36.372000-04:00,631243920530693119,SOUTH_WEST,0.8177580237388611,DAYLIGHT,-73.736703,40.741662
1997,nlbx_84bbb2c4fc0c9972e2df28dae423e6a5.jpg,1,1,1,157.22801208496094,2023-09-29 08:42:34.179000-04:00,631243923108407295,SOUTH_EAST,0.8008431792259216,DAYLIGHT,-73.813371,40.696139
1998,nlbx_d554e4794077c42dcfab208537fac32f.jpg,1,1,1,147.125,2023-09-29 09:35:58.774000-04:00,631243922083776511,SOUTH_EAST,0.8511013984680176,DAYLIGHT,-73.943759,40.845388
1999,nlbx_04dd37a3e079eb2cb6a6e3825a7c4fd2.jpg,0,0,0,341.5,2023-09-29 15:39:17.205000-04:00,631243923242892287,NORTH,0.7924970984458923,DAYLIGHT,-73.902987,40.764911
2000,nlbx_f39824af9a06442609d5033f0034cf5a.jpg,1,1,1,295.5,2023-09-29 08:49:43.148000-04:00,631243922751195135,NORTH_WEST,0.8533609509468079,DAYLIGHT,-73.968013,40.752194
2001,nlbx_d422bac6af0e06578234be36a5571525.jpg,0,0,0,113.6875,2023-09-29 17:54:12.077000-04:00,631243922976676351,SOUTH_EAST,0.7892412543296814,DAYLIGHT,-73.823261,40.7415
2002,nlbx_8a1e90dbb28ec066194aa81f391d5136.jpg,1,1,1,259.7147827148437,2023-09-29 10:59:22.400000-04:00,631243949982471679,WEST,0.9311603903770448,DAYLIGHT,-73.995639,40.709285
2003,nlbx_b10e2ea17b662bd55cb0ee106b45c73b.jpg,1,1,1,288.75,2023-09-29 08:10:07.373000-04:00,631243922840250879,WEST,0.6274368762969971,DAYLIGHT,-73.944465,40.672215
2004,nlbx_e195614c3d0089b5d5e55c56f3704ac3.jpg,0,0,0,80.34258491805973,2023-09-29 16:33:11.772000-04:00,631243923059741695,EAST,0.7611111998558044,DAYLIGHT,-73.801267,40.716482
2005,nlbx_826e473c00ce51398f41a1fe1d1d8596.jpg,0,1,0,240.62887573242188,2023-09-29 08:07:29.636000-04:00,631243934998486527,SOUTH_WEST,0.7039803862571716,DAYLIGHT,-73.782466,40.647023
2006,nlbx_c27342dd1ac98de9426a1cf6b0dd44c2.jpg,1,1,1,132.375,2023-09-29 09:27:20.371000-04:00,631243919452716031,SOUTH_EAST,0.8354730606079102,DAYLIGHT,-73.834288,40.864184
2007,nlbx_a28ad0ba66090657e63d3bebe200a53a.jpg,0,0,0,158.78121948242188,2023-09-29 18:01:46.385000-04:00,631243922820707839,SOUTH,0.7550544738769531,DAYLIGHT,-73.982707,40.692224
2008,nlbx_fcaa9478439417d7bb5693357e35d7ad.jpg,1,1,1,5.918162822723389,2023-09-29 10:24:05.304000-04:00,631243921984416767,NORTH,0.8418112397193909,DAYLIGHT,-73.909616,40.842579
2009,nlbx_d592d63b72cd877bffbe6437569bf194.jpg,1,1,1,84.08337295132849,2023-09-29 13:34:43.819000-04:00,631243934229972479,EAST,0.6931873559951782,DAYLIGHT,-73.810044,40.590461
2010,nlbx_72c702f890cc72c25ab8cf5f2918d1b2.jpg,0,0,0,36.75,2023-09-29 16:34:12.783000-04:00,631243922064731647,NORTH_EAST,0.6369200944900513,DAYLIGHT,-73.900112,40.83967
2011,nlbx_e0d34ed9263fab500e5ef33a9ba088e3.jpg,0,1,0,29.149633407592773,2023-09-29 09:22:26.330000-04:00,631243922747789823,NORTH_EAST,0.6110048294067383,DAYLIGHT,-73.974247,40.759711
2012,nlbx_4c91cc82c53c0f9af4dd3c9e844b286c.jpg,0,0,0,107.17876434326172,2023-09-29 13:34:28.245000-04:00,631243921936996863,EAST,0.8240487575531006,DAYLIGHT,-73.894985,40.886616
2013,nlbx_4f3d98366bdc5f5dfee24296ddeb9c05.jpg,0,0,0,33.31352233886719,2023-09-29 15:42:51.056000-04:00,631243923210843135,NORTH_EAST,0.8203163146972656,DAYLIGHT,-73.87792,40.771891
2014,nlbx_e1c9586e020d328272df08d94d7efd35.jpg,1,1,1,39.59375,2023-09-29 08:16:56.636000-04:00,631243950397427199,NORTH_EAST,0.7752819657325745,DAYLIGHT,-74.000665,40.608852
2015,nlbx_92489be30881f56c184e851799060500.jpg,1,1,1,38.50680541992188,2023-09-29 08:30:57.260000-04:00,631243951205435903,NORTH_EAST,0.7328190207481384,DAYLIGHT,-74.005889,40.659707
2016,nlbx_58ad18994bf8c9f65e55ff7a88cf930f.jpg,1,1,1,348.1214599609375,2023-09-29 11:01:16.125000-04:00,631243950900266495,NORTH,0.7659448385238647,DAYLIGHT,-73.905767,40.650197
2017,nlbx_7c5d7af73be0b20942af9c52aa844c86.jpg,0,0,0,31.75098419189453,2023-09-29 17:41:40.269000-04:00,631243923220008447,NORTH_EAST,0.8149515390396118,DAYLIGHT,-73.924831,40.771292
2018,nlbx_5b8ce9c0740fa771eea8d3072af6be14.jpg,1,1,1,2.260123014450073,2023-09-29 09:16:24.776000-04:00,631243949984598527,NORTH,0.762479841709137,DAYLIGHT,-73.990654,40.703471
2019,nlbx_eab1f4fb594e143ddc119cc14d6ae3d7.jpg,0,1,0,338.06846641072104,2023-09-29 14:08:58.228000-04:00,631243923110023679,NORTH,0.8797996044158936,DAYLIGHT,-73.813951,40.69782
2020,nlbx_50fd5a7739e1dc83f7aad02bb03d058c.jpg,1,1,1,128.71438914484287,2023-09-29 08:26:49.267000-04:00,631243951115539967,SOUTH_EAST,0.7602487802505493,DAYLIGHT,-74.003852,40.660428
2021,nlbx_84a972699d4741418afae34df406e171.jpg,0,0,0,198.8671722412109,2023-09-29 14:22:32.441000-04:00,631243921534752767,SOUTH,0.8903827667236328,DAYLIGHT,-73.929628,40.795883
2022,nlbx_455f58b0520e9451c3f44d2d330ae1c4.jpg,0,1,0,67.52690124511719,2023-09-29 12:35:02.858000-04:00,631243922490021887,EAST,0.8003043532371521,DAYLIGHT,-73.884264,40.739347
2023,nlbx_8cc0125d26e7bb68bb65e6b876aac898.jpg,0,0,0,306.76141357421875,2023-09-29 11:30:15.700000-04:00,631243945505566207,NORTH_WEST,0.8417889475822449,DAYLIGHT,-74.174776,40.622584
2024,nlbx_eb4e9f9ecd95b14c0b816d1078057076.jpg,0,0,0,283.0,2023-09-29 07:57:56.209000-04:00,631243920667916799,WEST,0.8473284244537354,DAYLIGHT,-73.767146,40.692315
2025,nlbx_939488e6bd1a575b0a06a97da13075af.jpg,1,1,1,79.25804575793353,2023-09-29 14:43:25.602000-04:00,631243934225526271,EAST,0.7025930881500244,DAYLIGHT,-73.802021,40.590763
2026,nlbx_67148155a4ecc40f0b2aa91917fe6ae4.jpg,1,1,1,302.997314453125,2023-09-29 10:26:17.365000-04:00,631243923092769791,NORTH_WEST,0.7503523826599121,DAYLIGHT,-73.827111,40.716292
2027,nlbx_00a48238824f05885f4d6cfd601c518e.jpg,0,0,0,348.57281494140625,2023-09-29 10:36:50.442000-04:00,631243922548080127,NORTH,0.720772922039032,DAYLIGHT,-73.896309,40.673617
2028,nlbx_e10ee362cd9a9ef93f7bdeff5e9b38e9.jpg,0,0,0,167.25,2023-09-29 17:08:54.781000-04:00,631243919641127935,SOUTH,0.8804600238800049,DAYLIGHT,-73.826,40.845837
2029,nlbx_3c8e59a6773453c49137d0f58bffe160.jpg,1,1,1,260.75,2023-09-29 10:09:43.958000-04:00,631243950347947519,WEST,0.6403075456619263,DAYLIGHT,-73.996701,40.57772
2030,nlbx_644b88c19d4f5d340910b82d742f2cb7.jpg,0,0,0,272.507080078125,2023-09-29 16:51:23.184000-04:00,631243949979249151,WEST,0.9651244282722472,DAYLIGHT,-73.983802,40.696095
2031,nlbx_72e9858fbe38ddb32a0dab743db4adf8.jpg,0,0,0,71.52557373046875,2023-09-29 13:05:39.864000-04:00,631243922580264959,EAST,0.6680156588554382,DAYLIGHT,-73.849772,40.687797
2032,nlbx_8c137b5481aa330c3b405b99ceb96a24.jpg,0,0,0,128.875,2023-09-29 13:33:51.649000-04:00,631243951112621055,SOUTH_EAST,0.8249319195747375,DAYLIGHT,-73.988304,40.643674
2033,nlbx_49772d0ff80a719dd2e640a5a0a6f0e0.jpg,1,1,1,184.03515625,2023-09-29 08:42:16.242000-04:00,631243922783943679,SOUTH,0.8567520380020142,DAYLIGHT,-73.944024,40.679585
2034,nlbx_d3de679f1810131158e041d28ef27e9d.jpg,1,1,1,128.44464111328125,2023-09-29 08:28:58.662000-04:00,631243950296427007,SOUTH_EAST,0.7611483335494995,DAYLIGHT,-73.986204,40.594557
2035,nlbx_6b178ea403f32cc8e40ab72f7b89b283.jpg,0,0,0,209.21804809570312,2023-09-29 17:33:01.912000-04:00,631243922754321919,SOUTH_WEST,0.8187726736068726,DAYLIGHT,-73.981368,40.752832
2036,nlbx_a2f6101af4944b1351afb633fab17908.jpg,0,1,0,201.5,2023-09-29 15:22:39.254000-04:00,631243949984254975,SOUTH,0.8943060636520386,DAYLIGHT,-73.997705,40.697015
2037,nlbx_6b8de8615d453339c8675c4dbd58a424.jpg,0,0,0,29.029083251953125,2023-09-29 14:10:12.352000-04:00,631243921466658303,NORTH_EAST,0.8082050681114197,DAYLIGHT,-73.94762,40.775248
2038,nlbx_91388cfbe19277e0e9c22f7722d197f9.jpg,0,0,0,81.5625,2023-09-29 14:29:01.310000-04:00,631243950355469311,EAST,0.9017645716667176,DAYLIGHT,-73.990658,40.578338
2039,nlbx_85a21e57e7b0abd423c71392696d809b.jpg,0,0,0,184.5313415527344,2023-09-29 11:53:54.735000-04:00,631243949965788671,SOUTH,0.8223003149032593,DAYLIGHT,-74.010697,40.729682
2040,nlbx_3d774416fa560df018984a160626ddc1.jpg,0,1,0,329.75,2023-09-29 14:35:55.845000-04:00,631243935026094591,NORTH_WEST,0.7486539483070374,DAYLIGHT,-73.780674,40.646222
2041,nlbx_c3a269ed3e2843170ea2078076506fb1.jpg,1,1,1,264.0,2023-09-29 09:21:00.304000-04:00,631243923213625343,WEST,0.6494007110595703,DAYLIGHT,-73.885615,40.767519
2042,nlbx_977582c055b90ac0580e1a4bdcaf06f5.jpg,1,1,1,29.984375,2023-09-29 10:26:50.123000-04:00,631243922960954879,NORTH_EAST,0.7776101231575012,DAYLIGHT,-73.837714,40.762226
2043,nlbx_f9552cf19a865777d09d01c2f2de00ae.jpg,1,1,1,183.75,2023-09-29 14:38:17.067000-04:00,631243934827301887,SOUTH,0.6596590280532837,DAYLIGHT,-73.729569,40.656455
2044,nlbx_897b23d1720ca4f47a8fdaad478718d5.jpg,1,1,1,33.915561471348816,2023-09-29 10:29:16.200000-04:00,631243922960954879,NORTH_EAST,0.7284970283508301,DAYLIGHT,-73.837747,40.762175
2045,nlbx_7f60228c767af6fc37ae3381245587cb.jpg,0,1,0,209.2924346923828,2023-09-29 11:20:51.856000-04:00,631243922759789055,SOUTH_WEST,0.7793996334075928,DAYLIGHT,-73.964765,40.760045
2046,nlbx_0a88b5b1ac17f5717affee2e83e1ae3b.jpg,0,1,0,68.9493637084961,2023-09-29 13:08:45.327000-04:00,631243935098411519,EAST,0.7828575372695923,DAYLIGHT,-73.808295,40.664934
2047,nlbx_645ffd35396453e667aeda1c637e5fcc.jpg,1,1,1,126.55242156982422,2023-09-29 10:31:36.162000-04:00,631243923293834751,SOUTH_EAST,0.8404306173324585,DAYLIGHT,-73.909726,40.801659
2048,nlbx_0d11396bcc4d4f0782d20a91dde39532.jpg,1,1,1,194.625,2023-09-29 17:04:37.953000-04:00,631243922417757183,SOUTH,0.9683495759963988,DAYLIGHT,-73.920208,40.727062
2049,nlbx_6b4313b8b88487bbdad57c86f253f10f.jpg,0,1,0,302.74237060546875,2023-09-29 13:19:25.441000-04:00,631243950615551487,NORTH_WEST,0.7408085465431213,DAYLIGHT,-74.073933,40.588485
2050,nlbx_6cf4fe50e2e9ff887ba0d8b39dbd254f.jpg,1,1,1,183.3791961669922,2023-09-29 11:30:30.699000-04:00,631243922023603199,SOUTH,0.7933939695358276,DAYLIGHT,-73.943832,40.844728
2051,nlbx_ce5e6fd8369c736d9a92bdda6d4805ad.jpg,0,1,0,331.5,2023-09-29 11:34:09.162000-04:00,631243935097252863,NORTH_WEST,0.7934296131134033,DAYLIGHT,-73.801544,40.674328
2052,nlbx_30099276e74904384b0f769556793c3a.jpg,1,1,1,192.019775390625,2023-09-29 10:27:35.398000-04:00,631243922034055679,SOUTH,0.8314023017883301,DAYLIGHT,-73.932163,40.811944
2053,nlbx_cf3b643472745c1519dcee7781d9b43b.jpg,1,1,1,7.264835357666016,2023-09-29 10:03:44.687000-04:00,631243922083790335,NORTH,0.685874342918396,DAYLIGHT,-73.943753,40.845294
2054,nlbx_95a9fdc711c76b9a020099fce5c29cfc.jpg,0,1,0,261.6587829589844,2023-09-29 08:38:18.896000-04:00,631243950355518975,WEST,0.9216306209564208,DAYLIGHT,-73.988303,40.578596
2055,nlbx_d8dac245b3fbc02c7783ffa7d485e4f4.jpg,0,1,0,356.3414306640625,2023-09-29 09:16:26.698000-04:00,631243950385093119,NORTH,0.7081948518753052,DAYLIGHT,-73.961357,40.600512
2056,nlbx_3081f4b3bcc74d3e8832e0d99c041fc3.jpg,1,1,1,356.4768087172636,2023-09-29 12:02:25.698000-04:00,631243923289609727,NORTH,0.7947772741317749,DAYLIGHT,-73.929095,40.799138
2057,nlbx_7fb7f77dfd652dd628e12c6f232bc0c0.jpg,0,0,0,266.75,2023-09-29 10:10:45.958000-04:00,631243950347786751,WEST,0.654202938079834,DAYLIGHT,-73.997699,40.577617
2058,nlbx_e796576b59eff8f6ffe4cf500d9f0031.jpg,0,0,0,132.914306640625,2023-09-29 14:35:58.045000-04:00,631243922954979327,SOUTH_EAST,0.7380334138870239,DAYLIGHT,-73.866995,40.769955
2059,nlbx_cde52c0665d581154b744e68501f248e.jpg,0,0,0,335.5,2023-09-29 08:29:34.902000-04:00,631243951172599295,NORTH_WEST,0.6360327005386353,DAYLIGHT,-73.996991,40.66931
2060,nlbx_1e117e2b7967e6a73fc39d52e0be20e8.jpg,0,1,0,276.42205810546875,2023-09-29 15:59:06.217000-04:00,631243949973612543,WEST,0.6614437699317932,DAYLIGHT,-74.007864,40.730313
2061,nlbx_2327145b02c8468a8e8958275059c7c9.jpg,1,1,1,244.65737915039065,2023-09-29 10:08:43.813000-04:00,631243922722595839,SOUTH_WEST,0.8498275876045227,DAYLIGHT,-73.937148,40.767345
2062,nlbx_5607fd99df88f294a068b6a69f2db547.jpg,1,1,1,175.75,2023-09-29 11:54:06.222000-04:00,631243934828710399,SOUTH,0.6972687244415283,DAYLIGHT,-73.726474,40.656059
2063,nlbx_0aec6b477b13598d109757c978d58dd0.jpg,0,0,0,158.39129638671875,2023-09-29 17:07:24.988000-04:00,631243923011186175,SOUTH,0.7459858059883118,DAYLIGHT,-73.778956,40.762358
2064,nlbx_e102bc86f67246a9fe46678d2e9603df.jpg,1,1,1,163.125,2023-09-29 15:12:33.090000-04:00,631243919470421503,SOUTH,0.7399437427520752,DAYLIGHT,-73.881236,40.871074
2065,nlbx_3e91993a45a2dea051568a63d285ab26.jpg,1,1,1,298.5,2023-09-29 10:55:53.791000-04:00,631243949845586943,NORTH_WEST,0.8568050861358643,DAYLIGHT,-74.007165,40.752243
2066,nlbx_4ef9010119171502bb53c882e47619e7.jpg,1,1,1,117.1211395263672,2023-09-29 09:22:34.910000-04:00,631243950302476287,SOUTH_EAST,0.951073169708252,DAYLIGHT,-73.988063,40.584548
2067,nlbx_acec93cf6c98f6514520e4e061438565.jpg,1,1,1,218.3659210205078,2023-09-29 08:44:41.505000-04:00,631243950398984703,SOUTH_WEST,0.7345887422561646,DAYLIGHT,-73.993615,40.602136
2068,nlbx_ddc3cdd9550a52f30698c098aa947215.jpg,1,1,1,128.39134216308594,2023-09-29 08:48:46.267000-04:00,631243950398951935,SOUTH_EAST,0.8467323780059814,DAYLIGHT,-73.99171,40.600649
2069,nlbx_42d91f39167b968bca36d8b1397496c0.jpg,1,1,1,300.9400384566259,2023-09-29 10:58:46.529000-04:00,631243934995081727,NORTH_WEST,0.8893537521362305,DAYLIGHT,-73.789951,40.655174
2070,nlbx_b2c5fa4ded55b346ae655d720a4c14eb.jpg,1,1,1,348.25,2023-09-29 14:26:42.638000-04:00,631243951185783295,NORTH,0.704490602016449,DAYLIGHT,-73.971912,40.650027
2071,nlbx_55c6501a2f2937a5dd82d8df577dcec7.jpg,1,1,1,189.11312866210935,2023-09-29 09:15:38.994000-04:00,631243934260333567,SOUTH,0.6333236694335938,DAYLIGHT,-73.753383,40.611077
2072,nlbx_8bccd86ac1fc917d5cf580c24d52be68.jpg,1,1,1,189.125,2023-09-29 13:35:12.278000-04:00,631243935098529279,SOUTH,0.7446709871292114,DAYLIGHT,-73.80619,40.664786
2073,nlbx_29ef03363e694762240615233d774dba.jpg,0,1,0,71.74359130859375,2023-09-29 08:15:14.835000-04:00,631243922919869951,EAST,0.7501361966133118,DAYLIGHT,-73.834597,40.768864
2074,nlbx_554885e428823c2583b8962be069d058.jpg,1,1,1,223.26199340820312,2023-09-29 16:06:58.097000-04:00,631243922733292543,SOUTH_WEST,0.7949264049530029,DAYLIGHT,-73.922224,40.733082
2075,nlbx_33e61392792bb00b2e4497524e0e90c4.jpg,0,0,0,185.8233642578125,2023-09-29 09:17:27.040000-04:00,631243950306899967,SOUTH,0.8834026455879211,DAYLIGHT,-73.97582,40.591252
2076,nlbx_abe547cbbead0a2e2902e358e2afd1c3.jpg,0,0,0,8.3671875,2023-09-29 17:40:20.317000-04:00,631243949784559103,NORTH,0.6176241040229797,DAYLIGHT,-74.00841,40.743852
2077,nlbx_218b7e620d58a5b280e503777f28a66b.jpg,1,1,1,127.125,2023-09-29 09:42:28.504000-04:00,631243950297506303,SOUTH_EAST,0.8073079586029053,DAYLIGHT,-73.983923,40.595954
2078,nlbx_4427821be50ab3a3acbd179cfb5bcee4.jpg,1,1,1,41.125,2023-09-29 09:01:03.014000-04:00,631243949916371967,NORTH_EAST,0.6973569393157959,DAYLIGHT,-74.010345,40.680522
2079,nlbx_598125eae42f29bb076b4cc868df51a8.jpg,1,1,1,46.098106384277344,2023-09-29 13:34:12.245000-04:00,631243921929227263,NORTH_EAST,0.8042560815811157,DAYLIGHT,-73.896416,40.886004
2080,nlbx_96fda04cb23bdc67fa41ba128f6ed041.jpg,0,0,0,215.625,2023-09-29 16:45:52.551000-04:00,631243935098735103,SOUTH_WEST,0.8370656967163086,DAYLIGHT,-73.803648,40.663066
2081,nlbx_36c0068a6b77f211acea2ab62b879516.jpg,0,1,0,260.5735778808594,2023-09-29 14:49:05.708000-04:00,631243922916688895,WEST,0.7037768363952637,DAYLIGHT,-73.819646,40.767408
2082,nlbx_2728948b2dc56ea1b0209c9afb7a6c51.jpg,1,1,1,0.0,2023-09-29 10:21:03.404000-04:00,631243919473575935,UNKNOWN_HEADING,0.962768852710724,DAYLIGHT,-73.893984,40.884902
2083,nlbx_20e6eacab6d1afafa780435869b2533c.jpg,1,1,1,0.0,2023-09-29 08:17:53.688000-04:00,631243950370642431,UNKNOWN_HEADING,0.8611190319061279,DAYLIGHT,-73.97044,40.606653
2084,nlbx_e2088b7398285b630864f604501936ba.jpg,1,1,1,242.66368103027344,2023-09-29 14:04:38.206000-04:00,631243951186072063,SOUTH_WEST,0.6624498963356018,DAYLIGHT,-73.97085,40.648436
2085,nlbx_8f8e2f96eb68961dcf1c2df374ccaa04.jpg,0,1,0,313.2510986328125,2023-09-29 13:51:35.625000-04:00,631243923092710399,NORTH_WEST,0.6788409948348999,DAYLIGHT,-73.82639,40.715882
2086,nlbx_51ac5b39fabbf7e84f50c7c47f585ed6.jpg,0,1,0,299.0003662109375,2023-09-29 08:19:10.357000-04:00,631243922711586815,NORTH_WEST,0.7784411907196045,DAYLIGHT,-73.97882,40.73454
2087,nlbx_12b45adefaf0bae2b0d5248e79abc7e3.jpg,0,0,0,124.5625,2023-09-29 12:11:46.521000-04:00,631243923093849087,SOUTH_EAST,0.7070364952087402,DAYLIGHT,-73.824621,40.707213
2088,nlbx_a512f5610e6fde088399a8a3ad95978a.jpg,1,1,1,166.50205993652344,2023-09-29 14:00:47.967000-04:00,631243922083775999,SOUTH,0.6247677803039551,DAYLIGHT,-73.943764,40.84553
2089,nlbx_913be240b6447d9bee40340befeeb885.jpg,0,1,0,56.41270065307617,2023-09-29 10:05:45.438000-04:00,631243922952363519,NORTH_EAST,0.7761474847793579,DAYLIGHT,-73.84918,40.759813
2090,nlbx_6b3ccd55751ed44a97e3fc6bb9d8d89c.jpg,1,1,1,339.8561681251506,2023-09-29 16:10:03.970000-04:00,631243949917658111,NORTH,0.8075578212738037,DAYLIGHT,-74.003228,40.679514
2091,nlbx_cde9327139cb601b7efb681c08768c8b.jpg,1,1,1,314.25,2023-09-29 09:13:29.340000-04:00,631243923214403071,NORTH_WEST,0.7690784931182861,DAYLIGHT,-73.885377,40.773098
2092,nlbx_56c93639f4fd6fc946f2299c31441df6.jpg,0,1,0,306.5,2023-09-29 09:11:13.971000-04:00,631243925784953855,NORTH_WEST,0.8134089708328247,DAYLIGHT,-73.89484,40.911349
2093,nlbx_ceb1d6b836c772285a291452abb72aea.jpg,1,1,1,242.8335723876953,2023-09-29 14:04:41.146000-04:00,631243951186073087,SOUTH_WEST,0.7223266363143921,DAYLIGHT,-73.970985,40.648384
2094,nlbx_e6e22b9c9f0d920c29da862f82d5b7fd.jpg,1,1,1,264.6270751953125,2023-09-29 08:34:43.577000-04:00,631243950309718527,WEST,0.6818344593048096,DAYLIGHT,-73.982632,40.60558
2095,nlbx_f80c90e6da7f0693e0aa7632f3ea2cbe.jpg,1,1,1,347.8600158691406,2023-09-29 14:05:24.276000-04:00,631243951185729023,NORTH,0.7606229186058044,DAYLIGHT,-73.971956,40.650404
2096,nlbx_5983146777bd18c4089424bf16985be0.jpg,0,0,0,200.875,2023-09-29 15:32:25.883000-04:00,631243922888484351,SOUTH,0.7763596773147583,DAYLIGHT,-73.962828,40.698079
2097,nlbx_dc3a2ef72fe850965b0695a4fd82ae3c.jpg,0,0,0,29.41786193847656,2023-09-29 17:00:55.238000-04:00,631243922684372479,NORTH_EAST,0.9545996189117432,DAYLIGHT,-73.989118,40.736314
2098,nlbx_98ae5e39dae13b3048068b115fdb8161.jpg,0,0,0,166.21322631835938,2023-09-29 17:30:00.301000-04:00,631243923222504447,SOUTH,0.7439522743225098,DAYLIGHT,-73.943989,40.780325
2099,nlbx_ebf39dc14efc1a56906a23ae982cd878.jpg,0,0,0,189.63204956054688,2023-09-29 14:55:25.329000-04:00,631243922731867647,SOUTH,0.8136093020439148,DAYLIGHT,-73.927813,40.740294
2100,nlbx_4e16d241df26f72bebd0d50fdc219672.jpg,0,1,0,50.53125,2023-09-29 08:53:45.487000-04:00,631243922480670719,NORTH_EAST,0.6254894733428955,DAYLIGHT,-73.895522,40.743463
2101,nlbx_64140ebf8f49ec6e09e6a682159149fd.jpg,0,1,0,193.6670684814453,2023-09-29 14:15:56.192000-04:00,631243949894983167,SOUTH,0.61623215675354,DAYLIGHT,-74.016236,40.70658
2102,nlbx_e698011f0829e859e6a575c8e7395c4c.jpg,1,1,1,233.75,2023-09-29 10:29:52.404000-04:00,631243921868512767,SOUTH_WEST,0.9117314219474792,DAYLIGHT,-73.910546,40.880604
2103,nlbx_b016f261308572ffce296b799099a190.jpg,1,1,1,326.8823169508173,2023-09-29 11:15:35.063000-04:00,631243950296579071,NORTH_WEST,0.6321278214454651,DAYLIGHT,-73.984603,40.593368
2104,nlbx_b89f5b14f78f85e6f5366022d0b87842.jpg,1,1,1,214.125,2023-09-29 08:17:30.295000-04:00,631243922878611967,SOUTH_WEST,0.6996954083442688,DAYLIGHT,-73.916026,40.693258
2105,nlbx_e691b5f371eb6499ebaae3ed624b0f30.jpg,0,0,0,278.4914245605469,2023-09-29 15:03:00.432000-04:00,631243922735368191,WEST,0.7589930295944214,DAYLIGHT,-73.936347,40.743158
2106,nlbx_9986b3fa6057c1a3965345973ce2cf46.jpg,0,0,0,80.5625,2023-09-29 15:08:58.227000-04:00,631243950347656703,EAST,0.7815603613853455,DAYLIGHT,-73.990251,40.576037
2107,nlbx_057c6c4a3db8ce45e905cc622464fe83.jpg,0,0,0,260.75,2023-09-29 16:24:17.774000-04:00,631243922826627071,WEST,0.6908466815948486,DAYLIGHT,-73.95519,40.683438
2108,nlbx_b49685a5a597f308fbb18d40808dbd8d.jpg,0,1,0,209.02476501464844,2023-09-29 14:08:50.748000-04:00,631243921442579967,SOUTH_WEST,0.8600926995277405,DAYLIGHT,-73.97014,40.789328
2109,nlbx_b7ed1e8b31f87b318f1071ea70e2187a.jpg,0,0,0,119.75,2023-09-29 07:38:05.018000-04:00,631243923096983551,SOUTH_EAST,0.8646641969680786,DAYLIGHT,-73.83763,40.71856
2110,nlbx_ae120b1d71238d7c5379c28c9b68f36f.jpg,1,1,1,199.5,2023-09-29 17:21:53.169000-04:00,631243920746332671,SOUTH,0.6618924140930176,DAYLIGHT,-73.732804,40.708484
2111,nlbx_e3a31190c255b18b8863b065d1db80f5.jpg,1,1,1,332.0,2023-09-29 08:58:55.984000-04:00,631243949912829439,NORTH_WEST,0.6642183065414429,DAYLIGHT,-74.003163,40.679374
2112,nlbx_b4812c7f6fe7d84d718ad89e2f65869c.jpg,1,1,1,82.21460723876953,2023-09-29 09:21:19.113000-04:00,631243922669178367,EAST,0.7467707395553589,DAYLIGHT,-73.949583,40.730651
2113,nlbx_cabb6a0862c1614034d7cf669244bf52.jpg,1,1,1,126.55242156982422,2023-09-29 10:31:39.162000-04:00,631243923293834751,SOUTH_EAST,0.8345003128051758,DAYLIGHT,-73.909726,40.801659
2114,nlbx_805311aed727d51dcd45a2516c86fc95.jpg,1,1,1,127.1045913696289,2023-09-29 11:56:25.450000-04:00,631243923293047807,SOUTH_EAST,0.8867228627204895,DAYLIGHT,-73.907368,40.804127
2115,nlbx_8f63ea48c8bb290892d6cee87395650c.jpg,1,1,1,173.83506774902344,2023-09-29 08:40:09.362000-04:00,631243951193582079,SOUTH,0.9010841846466064,DAYLIGHT,-73.961936,40.655139
2116,nlbx_e787d96a1ede2b5f47f1efd9743cf534.jpg,0,1,0,227.625,2023-09-29 13:09:33.178000-04:00,631243920521411071,SOUTH_WEST,0.78779137134552,DAYLIGHT,-73.746701,40.72871
2117,nlbx_adf3c1af91ff1fa18240cedd6cfbf0fd.jpg,1,1,1,205.35798896267323,2023-09-29 10:15:43.767000-04:00,631243922719116287,SOUTH_WEST,0.7131854891777039,DAYLIGHT,-73.95589,40.761276
2118,nlbx_80374b169f9ac4532de5f92a6b1b8358.jpg,1,1,1,50.15625,2023-09-29 09:34:05.669000-04:00,631243919523170815,NORTH_EAST,0.7729185819625854,DAYLIGHT,-73.83279,40.880676
2119,nlbx_e91608c66c47feb071a4151ae698d10d.jpg,0,0,0,275.25,2023-09-29 09:27:06.875000-04:00,631243922551686143,WEST,0.7971282005310059,DAYLIGHT,-73.904842,40.676064
2120,nlbx_df4dfa81e30586fd33bdeb83f8396fc4.jpg,1,1,1,82.21460723876953,2023-09-29 09:21:25.113000-04:00,631243922669177343,EAST,0.7780160903930664,DAYLIGHT,-73.949365,40.730671
2121,nlbx_dc27d8fb8d0ec5691044f11bf6d2e246.jpg,0,1,0,297.0043029785156,2023-09-29 18:01:42.656000-04:00,631243922758323199,NORTH_WEST,0.7839241027832031,DAYLIGHT,-73.960734,40.759649
2122,nlbx_d2aca224a88338dc140ad8d02aacade2.jpg,0,0,0,209.5,2023-09-29 11:30:02.692000-04:00,631243949785363967,SOUTH_WEST,0.8133271336555481,DAYLIGHT,-74.006384,40.749839
2123,nlbx_6a8d1fff5c267f39891ccd7fc9acbc8c.jpg,1,1,1,146.75,2023-09-29 09:03:01.991000-04:00,631243923138481151,SOUTH_EAST,0.618425726890564,DAYLIGHT,-73.791899,40.713832
2124,nlbx_6809b903b1c141c81fd6b96a3a5426d3.jpg,0,0,0,81.01641082763672,2023-09-29 23:07:48.044000-04:00,631243922917197823,EAST,0.8838036060333252,NIGHTTIME,-73.824475,40.766825
2125,nlbx_165b4f687ed18de87a25ec5ec30c59e9.jpg,1,1,1,339.75,2023-09-29 14:22:50.741000-04:00,631243923147514367,NORTH,0.8386871814727783,DAYLIGHT,-73.774856,40.717738
2126,nlbx_30594502ba8b5f0250839871ce53affd.jpg,0,0,0,63.34375,2023-09-29 08:23:18.908000-04:00,631243934998475775,NORTH_EAST,0.8365903496742249,DAYLIGHT,-73.783295,40.646318
2127,nlbx_014cac6aeb65cb87672ceb049169a8f5.jpg,1,1,1,83.75,2023-09-29 10:58:15.161000-04:00,631243935054975487,EAST,0.8559845685958862,DAYLIGHT,-73.791998,40.644793
2128,nlbx_54bb7b770509cb3db3e6b4766e45542d.jpg,0,1,0,108.625,2023-09-29 08:06:02.386000-04:00,631243919479447039,EAST,0.8214051723480225,DAYLIGHT,-73.865699,40.850373
2129,nlbx_e28dd511ee3a352e64aabcc3df9ec89b.jpg,1,1,1,2.1776912212371826,2023-09-29 10:03:38.806000-04:00,631243922083787775,NORTH,0.7402218580245972,DAYLIGHT,-73.943792,40.845021
2130,nlbx_7268f9d34dc002940ef5b5d01501da02.jpg,1,1,1,130.17767333984375,2023-09-29 09:04:08.093000-04:00,631243921457523199,SOUTH_EAST,0.7180627584457397,DAYLIGHT,-73.962848,40.781596
2131,nlbx_b7e12669c81b9ba8045c580e0a6e496b.jpg,1,1,1,342.25,2023-09-29 12:03:59.370000-04:00,631243921534637055,NORTH,0.7606264352798462,DAYLIGHT,-73.930152,40.799588
2132,nlbx_8ddd0e4dd77089459d09e332a3c8fe1d.jpg,0,1,0,283.9788714977969,2023-09-29 10:21:24.455000-04:00,631243922392353279,WEST,0.8028825521469116,DAYLIGHT,-73.881269,40.737708
2133,nlbx_3fe7425e3708ca2bd9187cb3dd571d32.jpg,0,0,0,325.4566345214844,2023-09-29 15:36:34.615000-04:00,631243935026095103,NORTH_WEST,0.8555125594139099,DAYLIGHT,-73.78062,40.646142
2134,nlbx_e91aebfccbfeaef412a816d146f6c681.jpg,0,1,0,258.25,2023-09-29 08:30:06.918000-04:00,631243949990682111,WEST,0.7236747145652771,DAYLIGHT,-73.990671,40.711096
2135,nlbx_40ca8b511bc6f25c87c28c223e9b307d.jpg,1,1,1,347.5151062011719,2023-09-29 17:54:12.580000-04:00,631243951185783295,NORTH,0.6611828804016113,DAYLIGHT,-73.971907,40.650011
2136,nlbx_6d7a495cad941417448a9f93a7632ebb.jpg,1,1,1,348.75,2023-09-29 13:26:30.417000-04:00,631243934828798975,NORTH,0.7841097116470337,DAYLIGHT,-73.72659,40.657178
2137,nlbx_9ef6fb828d95c8ef31264a70104831cc.jpg,1,1,1,15.897266387939451,2023-09-29 10:01:33.364000-04:00,631243949850540031,NORTH,0.8756378293037415,DAYLIGHT,-74.00732,40.753031
2138,nlbx_0e132a77185878ccf9f096ac4d600677.jpg,0,0,0,208.7022399902344,2023-09-29 17:53:23.121000-04:00,631243922690416127,SOUTH_WEST,0.8109781742095947,DAYLIGHT,-73.973467,40.748114
2139,nlbx_21ca355167546428650c7bac164a704a.jpg,1,1,1,273.0821228027344,2023-09-29 08:34:45.252000-04:00,631243922828496383,WEST,0.6359522342681885,DAYLIGHT,-73.972541,40.697927
2140,nlbx_6fec09c24d5273f60f4d7cdb83da698e.jpg,0,0,0,8.171875,2023-09-29 13:09:13.781000-04:00,631243949973591039,NORTH,0.7782663702964783,DAYLIGHT,-74.006631,40.731506
2141,nlbx_f62b7c1e941a1c3e3551b27526efffe4.jpg,0,0,0,66.3125,2023-09-29 13:04:26.540000-04:00,631243922581280767,NORTH_EAST,0.6936731338500977,DAYLIGHT,-73.845834,40.688916
2142,nlbx_630b6b9703a21278a014be0b70ae2777.jpg,1,1,1,327.0665968458811,2023-09-29 09:22:45.845000-04:00,631243920508503551,NORTH_WEST,0.7728705406188965,DAYLIGHT,-73.743619,40.752823
2143,nlbx_dabe928bdb142106e83633d3e985c512.jpg,0,0,0,13.004958620193388,2023-09-29 11:19:40.173000-04:00,631243922655426047,NORTH,0.9422025084495544,DAYLIGHT,-73.949823,40.747878
2144,nlbx_c77c8a8de5e2416d844acaf5ddfe5bfd.jpg,0,0,0,206.0,2023-09-29 14:58:07.582000-04:00,631243935066834943,SOUTH_WEST,0.7079641222953796,DAYLIGHT,-73.784312,40.674742
2145,nlbx_4651b1e5efece4296a7942d5ef628374.jpg,0,1,0,92.3114304459698,2023-09-29 10:38:46.688000-04:00,631243921985915391,EAST,0.8045543432235718,DAYLIGHT,-73.909639,40.845024
2146,nlbx_88caf6002e00d3a37588bbbc937c54cd.jpg,0,0,0,274.25,2023-09-29 13:51:19.287000-04:00,631243922806622719,WEST,0.767263650894165,DAYLIGHT,-73.916442,40.676714
2147,nlbx_cc3ead60ae3af94cc75f81e83991d45b.jpg,1,1,1,226.83306884765625,2023-09-29 11:05:29.616000-04:00,631243923071817727,SOUTH_WEST,0.9545007348060608,DAYLIGHT,-73.800666,40.695757
2148,nlbx_88655f10a08b40d2512d1df9caafba32.jpg,0,0,0,27.703125,2023-09-29 13:16:32.381000-04:00,631243922682980351,NORTH_EAST,0.6860818266868591,DAYLIGHT,-73.983387,40.730221
2149,nlbx_85a08b80b68e63383e777b091de71807.jpg,1,1,1,17.8125,2023-09-29 15:29:36.864000-04:00,631243922083787775,NORTH,0.8090635538101196,DAYLIGHT,-73.9438,40.844966
2150,nlbx_0ed7ff764d0a14a271ef26c9b023d478.jpg,1,1,1,128.38677978515625,2023-09-29 09:03:18.662000-04:00,631243950296575487,SOUTH_EAST,0.7909603118896484,DAYLIGHT,-73.985191,40.593961
2151,nlbx_0ea9cfa92ba66546aa79f99457044429.jpg,0,0,0,348.09091360569454,2023-09-29 12:51:35.724000-04:00,631243922592859647,NORTH,0.7779221534729004,DAYLIGHT,-73.852455,40.694609
2152,nlbx_a5bfb772c062d3e8f25d5216fa72a637.jpg,1,1,1,81.0,2023-09-29 16:18:00.031000-04:00,631243922885093887,EAST,0.6234378814697266,DAYLIGHT,-73.951814,40.69958
2153,nlbx_d8c6f1824580811595beba03c386ce4a.jpg,0,0,0,49.4640916782619,2023-09-29 13:30:28.859000-04:00,631243950903429631,NORTH_EAST,0.8501856923103333,DAYLIGHT,-73.900736,40.643617
2154,nlbx_7fb6d48c0248cd29cb4d3ed102587ed0.jpg,0,0,0,290.399658203125,2023-09-29 07:50:37.312000-04:00,631243922035914751,WEST,0.800885021686554,DAYLIGHT,-73.920827,40.826318
2155,nlbx_f582ecdf528c9b45af3bd82975a0b8d4.jpg,0,0,0,182.1492156982422,2023-09-29 14:38:35.212000-04:00,631243922482500607,SOUTH,0.7678511738777161,DAYLIGHT,-73.894126,40.737888
2156,nlbx_191f72fa899a5419195d39395a76d2ca.jpg,1,1,1,62.88502939562001,2023-09-29 09:55:58.650000-04:00,631243951185936895,NORTH_EAST,0.756679892539978,DAYLIGHT,-73.972222,40.647974
2157,nlbx_7e6502b9b4a735c84434cc8ccd462bae.jpg,0,0,0,176.375,2023-09-29 15:18:20.429000-04:00,631243950321115647,SOUTH,0.8231561779975891,DAYLIGHT,-73.959939,40.581906
2158,nlbx_ae6387e8a5f0e2911cee3c1e6995f372.jpg,1,1,1,120.1875,2023-09-29 12:13:46.707000-04:00,631243922524351999,SOUTH_EAST,0.7573748826980591,DAYLIGHT,-73.852915,40.671629
2159,nlbx_ef20507f70d3f28c5e4efe50e6ff1133.jpg,1,1,1,119.0438003540039,2023-09-29 09:22:15.305000-04:00,631243950356319743,SOUTH_EAST,0.947053074836731,DAYLIGHT,-73.988415,40.584693
2160,nlbx_b019c2570924801bdcde1781bef6c698.jpg,0,0,0,38.09375,2023-09-29 11:33:55.091000-04:00,631243951171082239,NORTH_EAST,0.8530457019805908,DAYLIGHT,-73.98479,40.659301
2161,nlbx_09ec6564694a886e62cfb51029b6cfd7.jpg,0,1,0,208.9921417236328,2023-09-29 13:11:43.177000-04:00,631243922751431679,SOUTH_WEST,0.6683401465415955,DAYLIGHT,-73.975223,40.755649
2162,nlbx_f8e72d527dc7cd27dc3064ae7a902987.jpg,1,1,1,160.5,2023-09-29 11:15:18.971000-04:00,631243923289321983,SOUTH,0.7373607158660889,DAYLIGHT,-73.929887,40.800083
2163,nlbx_1223bd038c74c3a28e3d36c63a2b716c.jpg,0,0,0,341.5,2023-09-29 09:41:10.559000-04:00,631243922593842175,NORTH,0.858063817024231,DAYLIGHT,-73.848573,40.696711
2164,nlbx_e744d51971f7ee4be9ba524dc232e10e.jpg,0,0,0,278.6012268066406,2023-09-29 08:20:49.042000-04:00,631243922045929471,WEST,0.7216012477874756,DAYLIGHT,-73.901719,40.844554
2165,nlbx_29f2bde790a6f194778c67fdb68ec370.jpg,1,1,1,32.71875,2023-09-29 08:33:27.031000-04:00,631243922735905791,NORTH_EAST,0.6120391488075256,DAYLIGHT,-73.940711,40.742774
2166,nlbx_5b1cb74c9fe5ff6a53e339c0143342f5.jpg,0,1,0,355.75,2023-09-29 13:26:25.418000-04:00,631243934828681727,NORTH,0.7877330183982849,DAYLIGHT,-73.726525,40.656775
2167,nlbx_d091beb2a15ff03168e87c718e612dca.jpg,0,1,0,299.5610656738281,2023-09-29 08:48:37.130000-04:00,631243922720113663,NORTH_WEST,0.8353983163833618,DAYLIGHT,-73.956351,40.767953
2168,nlbx_cc08cf8517dcec72443ccb6e78d94178.jpg,0,0,0,292.7132568359375,2023-09-29 15:33:33.400000-04:00,631243919431382015,NORTH_WEST,0.7295297980308533,DAYLIGHT,-73.865983,40.877229
2169,nlbx_a94b6d4799cdb79e1da8cb1b5e5fbfa6.jpg,1,1,1,262.0,2023-09-29 09:55:29.958000-04:00,631243950347437567,WEST,0.661734938621521,DAYLIGHT,-73.992393,40.578193
2170,nlbx_b2ce7ac4c189b2fddf3f030489848b8a.jpg,1,1,1,322.25,2023-09-29 10:49:04.135000-04:00,631243949912829439,NORTH_WEST,0.8094784021377563,DAYLIGHT,-74.003132,40.67934
2171,nlbx_da2a2052db281228a07973101f497fe1.jpg,0,0,0,194.23947290607623,2023-09-29 09:46:14.925000-04:00,631243921985066495,SOUTH,0.8048926591873169,DAYLIGHT,-73.912014,40.842996
2172,nlbx_d2b6537fc68a1983b9aab7a5b9efebcc.jpg,0,0,0,39.28195571899414,2023-09-29 11:52:49.039000-04:00,631243922894773247,NORTH_EAST,0.834598183631897,DAYLIGHT,-73.955571,40.711108
2173,nlbx_b329d56e16c948a5aa2fb8b25188411f.jpg,0,0,0,279.1241727724454,2023-09-29 20:20:41.968000-04:00,631243922522951167,WEST,0.7869627475738525,NIGHTTIME,-73.857286,40.679482
2174,nlbx_5dde5a2e065d3d8eec26157a76275e94.jpg,1,1,1,24.46875,2023-09-29 11:42:03.621000-04:00,631243951185742847,NORTH_EAST,0.874792218208313,DAYLIGHT,-73.971588,40.651026
2175,nlbx_caeb0565d7a5c4f6980cfbe8bb8f33b6.jpg,0,0,0,300.25,2023-09-29 17:44:24.829000-04:00,631243949961601535,NORTH_WEST,0.9594783186912536,DAYLIGHT,-74.000359,40.727243
2176,nlbx_d42da57c540d2cd4ef2662c1cdcfadeb.jpg,1,1,1,114.41927953681363,2023-09-29 09:35:22.794000-04:00,631243921461106687,SOUTH_EAST,0.7771754264831543,DAYLIGHT,-73.967416,40.784599
2177,nlbx_92e3ce735c11d5bac3a782852e4c1d33.jpg,1,1,1,258.5938720703125,2023-09-29 09:47:39.159000-04:00,631243950346487807,WEST,0.6702567338943481,DAYLIGHT,-73.993721,40.573033
2178,nlbx_084c49d2cc2b2ba44b5acca0db482a22.jpg,0,0,0,209.875,2023-09-29 09:42:17.846000-04:00,631243921512641023,SOUTH_WEST,0.7889539003372192,DAYLIGHT,-73.967508,40.810417
2179,nlbx_dc9c9fa42d5e633cd98a467af5efe763.jpg,0,1,0,86.03078921720065,2023-09-29 10:45:02.685000-04:00,631243934997491199,EAST,0.6367025375366211,DAYLIGHT,-73.787343,40.644682
2180,nlbx_4af992bf09d67fd56d0a432b47c3a5c9.jpg,0,0,0,332.1484680175781,2023-09-29 14:56:16.801000-04:00,631243922627060735,NORTH_WEST,0.6766281127929688,DAYLIGHT,-73.885883,40.695804
2181,nlbx_8f98b92ea9ae8b68e194e20c5acfaeaa.jpg,0,0,0,205.67437744140625,2023-09-29 13:32:14.544000-04:00,631243923096516607,SOUTH_WEST,0.7173734307289124,DAYLIGHT,-73.842168,40.715829
2182,nlbx_114dcf3ffd7563076b8a8f91ec12b405.jpg,0,0,0,71.63055419921875,2023-09-29 16:35:23.133000-04:00,631243919476157439,EAST,0.6550490856170654,DAYLIGHT,-73.872066,40.856367
2183,nlbx_ed86c183d8b9099cfe298069d5a65151.jpg,0,1,0,337.138671875,2023-09-29 11:31:17.526000-04:00,631243949990302719,NORTH_WEST,0.7829403281211853,DAYLIGHT,-73.993651,40.712986
2184,nlbx_7721dfc61df8e8134b597c083915f358.jpg,1,1,1,308.5137939453125,2023-09-29 08:29:32.962000-04:00,631243951115449343,NORTH_WEST,0.7135237455368042,DAYLIGHT,-74.004929,40.658266
2185,nlbx_58a231f65baba78abf9fbbe93f70bed7.jpg,1,1,1,112.02262115478516,2023-09-29 08:17:25.955000-04:00,631243922524351999,EAST,0.8177551031112671,DAYLIGHT,-73.852943,40.671638
2186,nlbx_14ff312e750c3086ab7fc4afb64f375e.jpg,0,0,0,12.7734375,2023-09-29 13:59:20.278000-04:00,631243935098375167,NORTH,0.7058030366897583,DAYLIGHT,-73.80656,40.663588
2187,nlbx_0b577ea6dccc35765583de346bb14e7f.jpg,1,1,1,161.875,2023-09-29 14:12:42.438000-04:00,631243923108406783,SOUTH,0.6342607736587524,DAYLIGHT,-73.813511,40.696399
2188,nlbx_735e02f8bc6e7b655888285582e0c828.jpg,1,1,1,292.25,2023-09-29 08:29:08.612000-04:00,631243922526032895,WEST,0.8067069053649902,DAYLIGHT,-73.872394,40.678077
2189,nlbx_4aae0d9488f840152955bb63c44dfa2c.jpg,0,1,0,136.58016967773438,2023-09-29 13:46:59.296000-04:00,631243922954957823,SOUTH_EAST,0.9449003338813782,DAYLIGHT,-73.865255,40.768041
2190,nlbx_9a964874c77d2afefff8c789f1ec3323.jpg,0,1,0,71.83415985107422,2023-09-29 10:32:26.408000-04:00,631243919454153215,EAST,0.8116297721862793,DAYLIGHT,-73.829101,40.85615
2191,nlbx_2393016e3d5c4cde414e9a18a2bd85fc.jpg,0,1,0,298.9965515136719,2023-09-29 16:02:33.398000-04:00,631243949787395583,NORTH_WEST,0.6426267623901367,DAYLIGHT,-74.006685,40.741511
2192,nlbx_b31884c9b48c9b376c4ed6b4aa4447a6.jpg,0,0,0,181.375,2023-09-29 08:44:19.367000-04:00,631243922802760191,SOUTH,0.8049774765968323,DAYLIGHT,-73.939166,40.672023
2193,nlbx_b0c5a565686e55a144b32c99c907f36c.jpg,1,1,1,275.0675173704821,2023-09-29 11:11:37.952000-04:00,631243949982524415,WEST,0.6807906627655029,DAYLIGHT,-73.993875,40.709528
2194,nlbx_c53cebbb05a35bba0a89220553a1b40d.jpg,1,1,1,252.125,2023-09-29 10:18:29.392000-04:00,631243923206325759,WEST,0.6392332315444946,DAYLIGHT,-73.888728,40.766975
2195,nlbx_023cbdedb5a00df4c75ada5c4b66577a.jpg,1,1,1,271.766738449394,2023-09-29 09:01:05.410000-04:00,631243951127087103,WEST,0.8602957725524902,DAYLIGHT,-73.979449,40.637841
2196,nlbx_8de978e932de6241c3310b6fc26b4b02.jpg,0,1,0,355.40338134765625,2023-09-29 07:49:22.907000-04:00,631243950946108415,NORTH,0.762464165687561,DAYLIGHT,-73.942368,40.658127
2197,nlbx_cb7643db0e902231494049bea75f0696.jpg,0,1,0,298.8205871582031,2023-09-29 15:00:51.541000-04:00,631243949787977215,NORTH_WEST,0.6487754583358765,DAYLIGHT,-74.007563,40.741876
2198,nlbx_611f86e9d5d9dd5f06d6471875b38425.jpg,0,0,0,195.3355407714844,2023-09-29 13:25:17.619000-04:00,631243922831671807,SOUTH,0.8784377574920654,DAYLIGHT,-73.956016,40.668058
2199,nlbx_5e1da2b55700937cf2ff30c7ea0a964b.jpg,1,1,1,76.6875,2023-09-29 10:37:28.161000-04:00,631243950322639871,EAST,0.9027320146560668,DAYLIGHT,-73.960306,40.584507
2200,nlbx_01615d68cda603a6c4ca24a2ccff2635.jpg,0,0,0,157.5422821044922,2023-09-29 08:57:40.284000-04:00,631243949974673919,SOUTH,0.8237425684928894,DAYLIGHT,-74.004195,40.733302
2201,nlbx_cb86211c137de762b24512f2fe0d5ac0.jpg,0,1,0,93.1875,2023-09-29 12:29:20.418000-04:00,631243920686770175,EAST,0.8339211940765381,DAYLIGHT,-73.747605,40.665476
2202,nlbx_a0b6718c478df5e931d48940897e7dfa.jpg,1,1,1,208.64309692382807,2023-09-29 09:39:02.024000-04:00,631243922728334335,SOUTH_WEST,0.6545014381408691,DAYLIGHT,-73.948064,40.770415
2203,nlbx_65c0c90887667a637a6fef1086e43c31.jpg,1,1,1,151.17549161122963,2023-09-29 09:58:10.295000-04:00,631243921532406783,SOUTH_EAST,0.8433070182800293,DAYLIGHT,-73.933797,40.807233
2204,nlbx_79f1c88eaf1257fbe5019a219f9b4e57.jpg,0,0,0,172.75250244140625,2023-09-29 12:01:30.922000-04:00,631243922891651071,SOUTH,0.7882609367370605,DAYLIGHT,-73.943601,40.709757
2205,nlbx_86ff2f87232fb566685d4deb22b48301.jpg,0,1,0,351.8698344679336,2023-09-29 10:04:25.024000-04:00,631243922677348863,NORTH,0.9821048974990844,DAYLIGHT,-73.945084,40.729159
2206,nlbx_8add3d15db86bf3b1650e9a592ea57b0.jpg,0,1,0,199.29446411132807,2023-09-29 10:11:09.837000-04:00,631243920655705087,SOUTH,0.7834776639938354,DAYLIGHT,-73.727388,40.674547
2207,nlbx_c77d24e5e7ecc062d0ba7d7e2297c5ef.jpg,0,1,0,344.75,2023-09-29 12:46:07.300000-04:00,631243919479320063,NORTH,0.7003124952316284,DAYLIGHT,-73.867801,40.84988
2208,nlbx_5fc59588ccb0c992788f989b05e6262c.jpg,0,0,0,298.75,2023-09-29 16:53:56.717000-04:00,631243945481013759,NORTH_WEST,0.889759361743927,DAYLIGHT,-74.116875,40.610134
2209,nlbx_283b37071420dce072c4a153e78e8912.jpg,0,1,0,287.71490478515625,2023-09-29 07:18:10.278000-04:00,631243950661660159,WEST,0.9428865313529968,NIGHTTIME,-74.033706,40.617482
2210,nlbx_d5f5a8d87c09f5e24f28bfa96019b055.jpg,0,1,0,305.25,2023-09-29 08:33:28.463000-04:00,631243949917464063,NORTH_WEST,0.6970669031143188,DAYLIGHT,-74.008386,40.682889
2211,nlbx_d0c2c8e6145e072ed72446703b183294.jpg,1,1,1,332.5,2023-09-29 10:24:56.536000-04:00,631243922971732991,NORTH_WEST,0.7786682844161987,DAYLIGHT,-73.849746,40.750412
2212,nlbx_22c7840cd56fc6ac2db32b93e247e314.jpg,1,1,1,181.38287372487176,2023-09-29 08:26:23.343000-04:00,631243950325853183,SOUTH,0.8322533369064331,DAYLIGHT,-73.974472,40.584513
2213,nlbx_5d2779006fdb6012c49669601590cff6.jpg,1,1,1,122.1,2023-09-29 10:52:31.998000-04:00,631243923135974911,SOUTH_EAST,0.9483070373535156,DAYLIGHT,-73.771569,40.699405
2214,nlbx_923d29869eeb81cb62aca0bd74f503ea.jpg,1,1,1,78.0,2023-09-29 11:01:22.820000-04:00,631243951185725951,EAST,0.7829627394676208,DAYLIGHT,-73.971963,40.65071
2215,nlbx_31fd1cd50c2d1c6247ab81c35e90f29e.jpg,0,0,0,209.26173400878903,2023-09-29 09:37:15.135000-04:00,631243922690238463,SOUTH_WEST,0.944226622581482,DAYLIGHT,-73.978052,40.751604
2216,nlbx_f79dd1a17d010eba1e3294dba68745bd.jpg,0,0,0,28.453125,2023-09-29 13:42:43.309000-04:00,631243949854977023,NORTH_EAST,0.8198977708816528,DAYLIGHT,-73.994827,40.760512
2217,nlbx_7aa87a1cb881dd8db4b89c26e6f86cb7.jpg,1,1,1,38.0333509669849,2023-09-29 11:41:46.945000-04:00,631243951185742847,NORTH_EAST,0.7495442032814026,DAYLIGHT,-73.971561,40.651045
2218,nlbx_c2d6b7877f59f5c535f409ca98d57a8f.jpg,0,0,0,278.25,2023-09-29 09:06:10.403000-04:00,631243922732306943,WEST,0.7346856594085693,DAYLIGHT,-73.924288,40.743968
2219,nlbx_0f1752c2631724ad0c5e193e0d5820d4.jpg,0,0,0,38.45345687866211,2023-09-29 08:30:43.628000-04:00,631243950399689727,NORTH_EAST,0.9943877458572388,DAYLIGHT,-73.992598,40.606601
2220,nlbx_6ad0d6dce5d6818de84bbe7f9dd30201.jpg,1,1,1,70.97452545166016,2023-09-29 16:25:28.883000-04:00,631243922600238079,EAST,0.6759649515151978,DAYLIGHT,-73.826835,40.664626
2221,nlbx_5e3ae2cfdec1e338427a9662bddd29f2.jpg,0,0,0,265.5962829589844,2023-09-29 16:34:37.813000-04:00,631243950936180735,WEST,0.9523487091064452,DAYLIGHT,-73.939583,40.643815
2222,nlbx_5a6479f8ce44592c09ae4ec0c359f233.jpg,1,1,1,242.7664337158203,2023-09-29 08:13:30.212000-04:00,631243951186020863,SOUTH_WEST,0.7857239246368408,DAYLIGHT,-73.969275,40.647004
2223,nlbx_f6ddc650863b52f0336bf42858a3bf33.jpg,1,1,1,190.75314331054688,2023-09-29 15:07:36.750000-04:00,631243922733413375,SOUTH,0.8073498010635376,DAYLIGHT,-73.922027,40.733368
2224,nlbx_7cee1bf70a15a892f66ce0f416dcfa44.jpg,0,1,0,187.869140625,2023-09-29 09:04:03.678000-04:00,631243949964961279,SOUTH,0.9234774112701416,DAYLIGHT,-74.009689,40.722576
2225,nlbx_12426cc2a35c0f37cfdc9d55eada677c.jpg,0,0,0,82.25,2023-09-29 08:47:34.189000-04:00,631243922869904383,EAST,0.6068997383117676,DAYLIGHT,-73.925731,40.689826
2226,nlbx_6f7004d188e27f471047b07c36e0e157.jpg,0,1,0,259.8540954589844,2023-09-29 09:47:58.375000-04:00,631243919564638207,WEST,0.6540275812149048,DAYLIGHT,-73.847814,40.81912
2227,nlbx_49c8fe4d5d7a7713840f93ef47b9363e.jpg,1,1,1,340.90533447265625,2023-09-29 11:36:40.307000-04:00,631243951079218175,NORTH,0.9531375765800476,DAYLIGHT,-73.908161,40.594982
2228,nlbx_cc6205c9fabd74e2f5a4d09dc18f1dd6.jpg,0,1,0,286.5,2023-09-29 15:02:01.004000-04:00,631243920520945151,WEST,0.8888756632804871,DAYLIGHT,-73.739364,40.7293
2229,nlbx_860d3c3e364bcbc76b45083f716537a1.jpg,0,1,0,118.93708038330078,2023-09-29 10:18:04.648000-04:00,631243949852892159,SOUTH_EAST,0.7796998620033264,DAYLIGHT,-73.99635,40.766605
2230,nlbx_a2903fa4395881d03ea0899e2139e249.jpg,1,1,1,25.817705154418945,2023-09-29 12:18:31.420000-04:00,631243922020020735,NORTH_EAST,0.981894075870514,DAYLIGHT,-73.935344,40.83184
2231,nlbx_6e5cb142855196a9a14864e7b218b745.jpg,0,1,0,43.75490188598633,2023-09-29 11:18:04.255000-04:00,631243922670934015,NORTH_EAST,0.8395732045173645,DAYLIGHT,-73.951475,40.715261
2232,nlbx_2fc38acb4ebe1cdffd70781eb2f491b3.jpg,0,0,0,253.5,2023-09-29 10:07:37.627000-04:00,631243950873414655,WEST,0.7303686141967773,DAYLIGHT,-73.96322,40.622545
2233,nlbx_78a348a62a7712d56922f02b3675a762.jpg,1,1,1,15.7379732131958,2023-09-29 14:27:37.515000-04:00,631243922417759743,NORTH,0.7710562348365784,DAYLIGHT,-73.920325,40.726748
2234,nlbx_2021c45a6043cba2da7c5357329a6a18.jpg,0,0,0,167.5187530517578,2023-09-29 11:25:47.218000-04:00,631243951187835903,SOUTH,0.8224738240242004,DAYLIGHT,-73.969688,40.642363
2235,nlbx_c3a88604dc514e32b76deab8069733a2.jpg,1,1,1,144.42071533203125,2023-09-29 11:00:27.647000-04:00,631243934761282559,SOUTH_EAST,0.7800069451332092,DAYLIGHT,-73.742003,40.639148
2236,nlbx_c66299ec05503694d31755594ecba463.jpg,0,0,0,85.28266906738281,2023-09-29 17:01:46.356000-04:00,631243945354252799,EAST,0.9693475365638732,DAYLIGHT,-74.235967,40.525304
2237,nlbx_2a58f5790e0f30de46720b87045cffbb.jpg,1,1,1,305.5,2023-09-29 08:12:28.258000-04:00,631243951172691455,NORTH_WEST,0.6888492107391357,DAYLIGHT,-73.9966,40.671616
2238,nlbx_e3c72fc4a2debb56c68424e1c477c3a2.jpg,1,1,1,262.75,2023-09-29 16:59:11.735000-04:00,631243934226110975,WEST,0.845431923866272,DAYLIGHT,-73.802258,40.590796
2239,nlbx_7078050aef862f055b124073f9414515.jpg,0,1,0,87.0,2023-09-29 12:37:12.821000-04:00,631243922651943935,EAST,0.8417049646377563,DAYLIGHT,-73.97263,40.745624
2240,nlbx_33019450b16dcb1c62af471122693ba9.jpg,1,1,1,77.6875,2023-09-29 11:06:24.083000-04:00,631243919476201983,EAST,0.7565213441848755,DAYLIGHT,-73.873007,40.85613
2241,nlbx_60145a3fb4242f57150cb33eea713cad.jpg,0,1,0,223.84690856933597,2023-09-29 13:41:20.942000-04:00,631243921859988479,SOUTH_WEST,0.7061177492141724,DAYLIGHT,-73.9113,40.873558
2242,nlbx_e3cfb9e993062dfa5a1ee4f1ea5c4972.jpg,0,0,0,163.68685913085938,2023-09-29 14:30:13.981000-04:00,631243919493506559,SOUTH,0.790203869342804,DAYLIGHT,-73.849898,40.894204
2243,nlbx_4ad5b2c7da99dcbf0e6e2de5d7a7921a.jpg,0,0,0,173.8259735107422,2023-09-29 10:43:26.427000-04:00,631243951189664255,SOUTH,0.8212354183197021,DAYLIGHT,-73.976877,40.650537
2244,nlbx_f6a74efc6e2996ac5d4743b41f4a1f3f.jpg,0,0,0,303.113037109375,2023-09-29 15:25:53.828000-04:00,631243951174239743,NORTH_WEST,0.821696937084198,DAYLIGHT,-73.996126,40.67309
2245,nlbx_f84370def966d05a41c29c880e737da4.jpg,1,1,1,161.04624938964844,2023-09-29 08:29:26.895000-04:00,631243920558376959,SOUTH,0.6986104249954224,DAYLIGHT,-73.755262,40.734304
2246,nlbx_e799c76746fa98eb037ed389511e2890.jpg,1,1,1,209.375,2023-09-29 14:34:17.893000-04:00,631243920656401407,SOUTH_WEST,0.8426076173782349,DAYLIGHT,-73.729819,40.678947
2247,nlbx_89743446d18b1fafea98bd1fbc72ba9e.jpg,0,0,0,157.32760620117188,2023-09-29 13:15:32.388000-04:00,631243922414781951,SOUTH_EAST,0.8201667070388794,DAYLIGHT,-73.913808,40.717966
2248,nlbx_6030be163bcb4d8820b14ccf190a7d09.jpg,1,1,1,265.25,2023-09-29 14:37:45.067000-04:00,631243934827439615,WEST,0.6016933917999268,DAYLIGHT,-73.729349,40.657438
2249,nlbx_1572a841249bba8c225b424d3f9d952a.jpg,0,0,0,260.5,2023-09-29 19:52:49.082000-04:00,631243950363026943,WEST,0.7797055244445801,NIGHTTIME,-73.967944,40.611983
2250,nlbx_b600ada7ce53f7de5a18c119c2e0ba1d.jpg,1,1,1,30.59375,2023-09-29 13:02:36.388000-04:00,631243951185742847,NORTH_EAST,0.8616378903388977,DAYLIGHT,-73.971605,40.651009
2251,nlbx_a1b5b91246487d4bd8bf0614e6dd3793.jpg,1,1,1,206.75,2023-09-29 12:52:54.918000-04:00,631243919537476607,SOUTH_WEST,0.8386872410774231,DAYLIGHT,-73.866336,40.890077
2252,nlbx_7e37c12ff5d084d28223bee688bcb38e.jpg,1,1,1,150.45509338378906,2023-09-29 10:36:39.106000-04:00,631243919648962047,SOUTH_EAST,0.7493479251861572,DAYLIGHT,-73.825454,40.820315
2253,nlbx_cc0e6d36137a1de7b8f6f62f87b9b465.jpg,1,1,1,273.0,2023-09-29 11:12:02.941000-04:00,631243951026060799,WEST,0.835713267326355,DAYLIGHT,-73.911676,40.56078
2254,nlbx_1a3b8080d6329c251165cc6b02508214.jpg,1,1,1,86.26139109299127,2023-09-29 09:00:31.957000-04:00,631243923214087167,EAST,0.8188414573669434,DAYLIGHT,-73.887806,40.766707
2255,nlbx_04be417dc4a470aa0a4b06b2128bf092.jpg,0,1,0,240.7057647705078,2023-09-29 10:33:59.369000-04:00,631243934997857279,SOUTH_WEST,0.7850199937820435,DAYLIGHT,-73.789765,40.646558
2256,nlbx_06229cfa1fae6e46a03791736c592a1f.jpg,0,0,0,242.0,2023-09-29 14:57:14.827000-04:00,631243923213531647,SOUTH_WEST,0.7507408857345581,DAYLIGHT,-73.883826,40.768199
2257,nlbx_03c504ef2e209fbba3867ac14d599395.jpg,0,1,0,87.28436279296875,2023-09-29 07:21:56.227000-04:00,631243945525658623,EAST,0.7995088696479797,NIGHTTIME,-74.137506,40.603263
2258,nlbx_44fa3ec975a1347c89d6df23fb6cb904.jpg,0,1,0,41.865699768066406,2023-09-29 11:21:36.357000-04:00,631243949954470911,NORTH_EAST,1.0,DAYLIGHT,-74.015312,40.679477
2259,nlbx_0270e2d8a81b63eef5a8139846622107.jpg,0,0,0,71.0,2023-09-29 16:04:13.584000-04:00,631243920540257279,EAST,0.7229049205780029,DAYLIGHT,-73.789509,40.739829
2260,nlbx_4b84ece66fc06149a2305c1e03ceeac5.jpg,1,1,1,60.10141789413719,2023-09-29 16:54:54.856000-04:00,631243919523170815,NORTH_EAST,0.7209217548370361,DAYLIGHT,-73.832869,40.88065
2261,nlbx_c58db94a7f4010c6db9d470818d152ff.jpg,1,1,1,38.50680541992188,2023-09-29 08:31:17.844000-04:00,631243951115413503,NORTH_EAST,0.7319893836975098,DAYLIGHT,-74.005846,40.659749
2262,nlbx_4e7778876e3ff5cd53a0509a54b1dddb.jpg,0,1,0,155.25,2023-09-29 08:25:46.434000-04:00,631243923191094783,SOUTH_EAST,0.6885948181152344,DAYLIGHT,-73.910285,40.772545
2263,nlbx_267c22f22a5e8c7c253fbfc86eb9286c.jpg,0,0,0,8.094025611877441,2023-09-29 21:22:11.412000-04:00,631243945519992319,NORTH,0.7715550065040588,NIGHTTIME,-74.154211,40.610274
2264,nlbx_f7df16cd537f181921188c904f9b5a8b.jpg,1,1,1,16.519962310791016,2023-09-29 13:11:41.435000-04:00,631243920019883519,NORTH,0.8939667344093323,DAYLIGHT,-73.827738,40.889382
2265,nlbx_f5a26e19afcf2b949d3ffcc37f2479b7.jpg,1,1,1,24.40625,2023-09-29 10:34:16.653000-04:00,631243922717076991,NORTH_EAST,0.8495014309883118,DAYLIGHT,-73.942983,40.750488
2266,nlbx_7f0380343d325fceef404d2495b93d8e.jpg,0,0,0,274.0,2023-09-29 09:25:38.212000-04:00,631243950608463359,WEST,0.8148097395896912,DAYLIGHT,-74.077876,40.606294
2267,nlbx_e4df50efd1755150478612bafc80f6b7.jpg,0,1,0,35.4375,2023-09-29 09:46:24.301000-04:00,631243944988033535,NORTH_EAST,0.9312429428100586,DAYLIGHT,-74.193201,40.566449
2268,nlbx_cdedb65a9bbadbbb0c0de6ea57a6bb38.jpg,0,1,0,120.86750793457033,2023-09-29 10:12:06.719000-04:00,631243922748585983,SOUTH_EAST,0.9684863686561584,DAYLIGHT,-73.977019,40.75682
2269,nlbx_6f710b2061efeb45ba0b10ff73f36469.jpg,0,0,0,302.4047546386719,2023-09-29 12:28:32.683000-04:00,631243951169111039,NORTH_WEST,0.7476359605789185,DAYLIGHT,-73.986325,40.664122
2270,nlbx_b08ccbe3e1ce7bc8f8429bd3e1ee4841.jpg,1,1,1,274.0,2023-09-29 11:55:03.222000-04:00,631243934827467775,WEST,0.8160656690597534,DAYLIGHT,-73.727803,40.655667
2271,nlbx_8fb2758019a12ef0ff0a8c2e4096092b.jpg,0,1,0,126.72974395751952,2023-09-29 08:19:08.613000-04:00,631243922866726399,SOUTH_EAST,0.8151823282241821,DAYLIGHT,-73.913443,40.69142
2272,nlbx_4d07c4722eb487027a87730ebb1c92a6.jpg,0,0,0,120.13703155517578,2023-09-29 11:19:02.237000-04:00,631243922721082879,SOUTH_EAST,0.7217886447906494,DAYLIGHT,-73.954849,40.756982
2273,nlbx_9e7cf29e54cab5da80b2c4fdc983bc91.jpg,1,1,1,304.13315184562845,2023-09-29 08:24:58.212000-04:00,631243951173406207,NORTH_WEST,0.7300970554351807,DAYLIGHT,-73.996322,40.668591
2274,nlbx_6c7055058fccb3973b198b646e3dc0d3.jpg,1,1,1,8.75,2023-09-29 16:00:59.227000-04:00,631243922736060927,NORTH,0.9042603969573976,DAYLIGHT,-73.938541,40.742648
2275,nlbx_b85d634caf74401b1b6292b86a99411c.jpg,1,1,1,207.5174560546875,2023-09-29 10:35:08.702000-04:00,631243921868359679,SOUTH_WEST,0.7237697839736938,DAYLIGHT,-73.903666,40.878662
2276,nlbx_df0abc2ddbb2352767856997c27cb2cc.jpg,0,1,0,292.9098815917969,2023-09-29 08:55:22.667000-04:00,631243922046064639,NORTH_WEST,0.804566502571106,DAYLIGHT,-73.900152,40.845002
2277,nlbx_ae06346e590f4e716a63233b42b961b0.jpg,0,1,0,308.4391784667969,2023-09-29 08:29:53.546000-04:00,631243951205424639,NORTH_WEST,0.7717115879058838,DAYLIGHT,-74.006039,40.658941
2278,nlbx_ebbbe0adb86b62dcd0fdc4317ad759e9.jpg,0,0,0,281.2674865722656,2023-09-29 15:47:21.100000-04:00,631243922605081599,WEST,0.8553564548492432,DAYLIGHT,-73.826905,40.677392
2279,nlbx_e7990e092eca7f549503ede39a98a64a.jpg,0,0,0,294.8482142730545,2023-09-29 11:57:07.166000-04:00,631243922704086527,NORTH_WEST,0.8923464417457581,DAYLIGHT,-73.976892,40.715097
2280,nlbx_030143b8f7194c29061079237b2837ab.jpg,1,1,1,89.81280517578125,2023-09-29 13:29:56.083000-04:00,631243923028220415,EAST,0.8945571184158325,DAYLIGHT,-73.829817,40.781684
2281,nlbx_7769e2cfe23490a5cf3eea2037ab3448.jpg,1,1,1,252.6818972297577,2023-09-29 09:42:12.936000-04:00,631243923206325759,WEST,0.6147534847259521,DAYLIGHT,-73.888785,40.766963
2282,nlbx_bd3c0dabdbb21a96054ecbc237725ce9.jpg,0,0,0,125.94451141357422,2023-09-29 11:04:40.924000-04:00,631243945500394495,SOUTH_EAST,0.646397590637207,DAYLIGHT,-74.162229,40.618108
2283,nlbx_6195f780252952cc4325601cdde803cd.jpg,0,1,0,189.2429921799065,2023-09-29 10:38:51.539000-04:00,631243950314244607,SOUTH,0.8099215030670166,DAYLIGHT,-73.967865,40.579234
2284,nlbx_d85e038e32b44f13825014b011fabc64.jpg,0,0,0,160.99835205078125,2023-09-29 17:24:33.623000-04:00,631243919603034623,SOUTH,0.7488030195236206,DAYLIGHT,-73.860374,40.827757
2285,nlbx_26520d639d3dd4bcabb81f4431835613.jpg,1,1,1,27.765625,2023-09-29 10:59:52.685000-04:00,631243923293892095,NORTH_EAST,0.6794068813323975,DAYLIGHT,-73.907654,40.803637
2286,nlbx_0dc6c8b8b950b88ba6454410a5ca0793.jpg,0,0,0,321.30419921875,2023-09-29 10:05:25.037000-04:00,631243923157738495,NORTH_WEST,0.9719571471214294,DAYLIGHT,-73.82856,40.723996
2287,nlbx_c76b21e0232b9337d55fd7d9d11ea31a.jpg,0,0,0,10.393160820007324,2023-09-29 17:57:58.903000-04:00,631243949967479295,NORTH,0.8528717160224915,DAYLIGHT,-74.01332,40.714788
2288,nlbx_f57c407c3973ddf198f8b0ff9920f2f3.jpg,0,1,0,326.2059936523437,2023-09-29 12:21:32.895000-04:00,631243922960966143,NORTH_WEST,0.6602431535720825,DAYLIGHT,-73.837713,40.762868
2289,nlbx_74c7ba3a42d4e2990c6f058ea3f4c493.jpg,0,0,0,217.5,2023-09-29 15:06:15.271000-04:00,631243949969163775,SOUTH_WEST,0.831331193447113,DAYLIGHT,-73.989516,40.726067
2290,nlbx_4fc13801533dcfaa94729fc6c9b64929.jpg,0,0,0,23.375,2023-09-29 15:58:08.451000-04:00,631243922960696319,NORTH_EAST,0.828194260597229,DAYLIGHT,-73.839216,40.765368
2291,nlbx_25c8be28b4d891e9f1d48a1f21598798.jpg,1,1,1,347.51470947265625,2023-09-29 10:19:18.761000-04:00,631243951185729535,NORTH,0.7700800895690918,DAYLIGHT,-73.971918,40.650085
2292,nlbx_205a847e799956a74d282a655a7e2d62.jpg,0,1,0,134.92727661132812,2023-09-29 10:09:24.866000-04:00,631243919669990399,SOUTH_EAST,0.745093047618866,DAYLIGHT,-73.848371,40.841136
2293,nlbx_1839cb2023ca789366ec8bc51d1dd9b4.jpg,0,1,0,136.875,2023-09-29 07:42:12.158000-04:00,631243923054848511,SOUTH_EAST,0.8372224569320679,DAYLIGHT,-73.818099,40.709566
2294,nlbx_caefaebc4811c17a99a2f97d8db8edbc.jpg,0,0,0,124.22704681204046,2023-09-29 15:06:26.194000-04:00,631243921532018175,SOUTH_EAST,0.7505358457565308,DAYLIGHT,-73.938956,40.805027
2295,nlbx_84aad920e1cb2ae3d87bee3ca753360e.jpg,0,1,0,186.2657470703125,2023-09-29 13:13:23.027000-04:00,631243923286270463,SOUTH,0.7781399488449097,DAYLIGHT,-73.916557,40.802751
2296,nlbx_5afea94e8ff8d05ece7e765d7297b372.jpg,0,0,0,93.25710323718462,2023-09-29 17:19:04.422000-04:00,631243935099201023,EAST,0.8802835941314697,DAYLIGHT,-73.800966,40.665322
2297,nlbx_eab018b6067915bc1c8773eeee30f245.jpg,0,0,0,218.35187332246755,2023-09-29 15:39:33.727000-04:00,631243951212771327,SOUTH_WEST,0.977568507194519,DAYLIGHT,-74.000379,40.661479
2298,nlbx_159c8dc9a26bd59be0035cd12341652c.jpg,1,1,1,1.86325204372406,2023-09-29 12:23:06.220000-04:00,631243922020178431,NORTH,0.7687854170799255,DAYLIGHT,-73.935236,40.834113
2299,nlbx_691cff29842e7ace229a39881a7f898f.jpg,0,0,0,161.4989471435547,2023-09-29 12:32:01.961000-04:00,631243920737056767,SOUTH,0.9668976068496704,DAYLIGHT,-73.749184,40.702669
2300,nlbx_5488d703a824233b1a4bcc70aa0a2cb4.jpg,0,1,0,174.369384765625,2023-09-29 12:46:21.472000-04:00,631243922493259263,SOUTH,0.6679459810256958,DAYLIGHT,-73.897504,40.751358
2301,nlbx_fd820756755c75f5bcfd294611596403.jpg,0,0,0,299.4796142578125,2023-09-29 14:16:37.671000-04:00,631243922492275711,NORTH_WEST,0.6996222734451294,DAYLIGHT,-73.896572,40.748874
2302,nlbx_b02328b16890d7fdb2238495d8a9b2e9.jpg,1,1,1,49.7026252746582,2023-09-29 12:39:43.533000-04:00,631243950917460479,NORTH_EAST,0.6002414226531982,DAYLIGHT,-73.895955,40.62968
2303,nlbx_9a440091d67948fe4f0de1c1dde93949.jpg,0,0,0,117.09162139892578,2023-09-29 14:34:59.084000-04:00,631243922703271423,SOUTH_EAST,0.7987717390060425,DAYLIGHT,-73.983548,40.730024
2304,nlbx_2259e3b42a81d369dd301638c6408db2.jpg,0,1,0,177.25,2023-09-29 11:53:41.222000-04:00,631243934828803583,SOUTH,0.7476996183395386,DAYLIGHT,-73.72658,40.657133
2305,nlbx_d240eec0271c23afa7ee49549e5e432d.jpg,1,1,1,265.3307800292969,2023-09-29 09:50:26.784000-04:00,631243934223653375,WEST,0.6241615414619446,DAYLIGHT,-73.801311,40.59671
2306,nlbx_1795d3bdb5f44781651c2780c199ff46.jpg,1,1,1,254.2293403601484,2023-09-29 08:23:32.803000-04:00,631243950346487807,WEST,0.8122605681419373,DAYLIGHT,-73.993619,40.573049
2307,nlbx_0bd8893a04ce3a0d59f405591ce2814c.jpg,1,1,1,260.5,2023-09-29 09:29:57.569000-04:00,631243923090514431,WEST,0.7418215274810791,DAYLIGHT,-73.847914,40.701784
2308,nlbx_fa564ec7f2f969cbdb07b8a5e02aa5ba.jpg,1,1,1,98.05540466308594,2023-09-29 08:37:11.814000-04:00,631243923090086911,EAST,0.8479740619659424,DAYLIGHT,-73.848358,40.701834
2309,nlbx_1b7269c39fe07a2eee9b35d2567f09b8.jpg,1,1,1,222.0,2023-09-29 11:18:58.739000-04:00,631243922414341631,SOUTH_WEST,0.9275031089782716,DAYLIGHT,-73.910935,40.716995
2310,nlbx_71a1cbc8c8db7d140b48a13fbfdc6971.jpg,0,0,0,73.1875,2023-09-29 16:31:25.712000-04:00,631243922586632703,EAST,0.7870534062385559,DAYLIGHT,-73.855398,40.681594
2311,nlbx_68fd4c79ededbba700e125e34317ad97.jpg,0,1,0,243.82081604003903,2023-09-29 15:24:43.942000-04:00,631243922575377919,SOUTH_WEST,0.94016832113266,DAYLIGHT,-73.869306,40.652732
2312,nlbx_e9696643ab3627552e1bed0324f6a382.jpg,0,0,0,94.375,2023-09-29 16:43:42.912000-04:00,631243921491926015,EAST,0.8894357085227966,DAYLIGHT,-73.982216,40.767766
2313,nlbx_721fe6e1f21426803aa5ec0a515eb8c5.jpg,1,1,1,214.31773376464844,2023-09-29 15:07:46.750000-04:00,631243922733458943,SOUTH_WEST,0.8224130868911743,DAYLIGHT,-73.922138,40.733163
2314,nlbx_6463edcf8d7603f44ebd1fbf0364e684.jpg,1,1,1,128.25,2023-09-29 10:46:18.792000-04:00,631243923293935103,SOUTH_EAST,0.6948913931846619,DAYLIGHT,-73.908741,40.802953
2315,nlbx_e6bc144b2056555213307b7c4d3b406d.jpg,0,0,0,140.2,2023-09-29 12:53:44.690000-04:00,631243944994354175,SOUTH_EAST,0.6482568979263306,DAYLIGHT,-74.178354,40.60701
2316,nlbx_7d348b500322d32f006ba1cd7928fba3.jpg,0,0,0,256.6398620605469,2023-09-29 07:44:52.731000-04:00,631243922060876799,WEST,0.8947238922119141,DAYLIGHT,-73.883651,40.839423
2317,nlbx_b4d75e169e65b38414baa9a787e26754.jpg,0,0,0,209.625,2023-09-29 16:55:53.422000-04:00,631243922756782079,SOUTH_WEST,0.7362352609634399,DAYLIGHT,-73.967535,40.766196
2318,nlbx_1bdcf5cb8a0290dee9125302ff40fd5d.jpg,0,1,0,201.36349487304688,2023-09-29 09:44:20.123000-04:00,631243949972340223,SOUTH,0.6638797521591187,DAYLIGHT,-73.987522,40.721708
2319,nlbx_023f6c8eb9ad14076c7af18166d0288f.jpg,0,0,0,337.91754150390625,2023-09-29 15:22:24.527000-04:00,631243922492245503,NORTH,0.617669939994812,DAYLIGHT,-73.896709,40.75083
2320,nlbx_fb6eab0ebc3c0f5cc0b497bf9154a890.jpg,0,0,0,242.5517473436546,2023-09-29 09:09:28.333000-04:00,631243950374337535,SOUTH_WEST,0.7937602996826172,DAYLIGHT,-73.96041,40.607886
2321,nlbx_8b8ab20835f4755930ab4d6e05f96f46.jpg,0,1,0,119.20487213134766,2023-09-29 08:49:04.793000-04:00,631243922693863423,SOUTH_EAST,0.772975742816925,DAYLIGHT,-73.993256,40.748806
2322,nlbx_0c92975c5af1ef09e95668253aa82ae8.jpg,0,0,0,249.26710510253903,2023-09-29 14:46:36.435000-04:00,631243922604305919,WEST,0.8657853603363037,DAYLIGHT,-73.839915,40.666722
2323,nlbx_adf8ee480cb2498b3e6c1dca5a9766f1.jpg,0,0,0,335.239013671875,2023-09-29 14:40:49.286000-04:00,631243923058625535,NORTH_WEST,0.883639931678772,DAYLIGHT,-73.802109,40.713906
2324,nlbx_519e7b8c8aacbad61cf889667699659f.jpg,0,0,0,83.625,2023-09-29 15:53:32.491000-04:00,631243950889567743,EAST,0.8793396353721619,DAYLIGHT,-73.946688,40.609522
2325,nlbx_236e534781046a38cda4d03dee1f2fe8.jpg,1,1,1,169.6781768798828,2023-09-29 12:31:23.922000-04:00,631243950901272063,SOUTH,0.817280113697052,DAYLIGHT,-73.905879,40.650614
2326,nlbx_7d9c28dc46300b1a426c0b50878d18fe.jpg,0,1,0,257.25,2023-09-29 14:42:13.982000-04:00,631243951013186047,WEST,0.6969215869903564,DAYLIGHT,-73.939792,40.585626
2327,nlbx_4e00392665351eb08957f3057a4467c8.jpg,0,0,0,308.7745666503906,2023-09-29 11:33:08.604000-04:00,631243951109193215,NORTH_WEST,0.6808313727378845,DAYLIGHT,-74.008598,40.646805
2328,nlbx_f045c6475b0102120286e57006b965fd.jpg,0,0,0,261.78094482421875,2023-09-29 10:01:47-04:00,631243951129821695,WEST,0.6946528553962708,DAYLIGHT,-73.969698,40.629153
2329,nlbx_6104c209cdbe13b2c7cb3f639d70d031.jpg,0,0,0,120.24795532226562,2023-09-29 12:17:49.998000-04:00,631243922702867967,SOUTH_EAST,0.7757725715637207,DAYLIGHT,-73.978147,40.726137
2330,nlbx_a5054ce1429ff1946afab05a11ee1d6c.jpg,1,1,1,0.0100021362304687,2023-09-29 08:07:48.306000-04:00,631243950325840383,NORTH,0.8147013783454895,DAYLIGHT,-73.974503,40.583886
2331,nlbx_f6994de715bd80037af4fa54d65fdb19.jpg,1,1,1,82.625,2023-09-29 08:30:00.553000-04:00,631243950372003327,EAST,0.7873959541320801,DAYLIGHT,-73.964405,40.617531
2332,nlbx_57785ec5fa6f312d2dc6b5e65d735806.jpg,1,1,1,348.25,2023-09-29 17:21:40.402000-04:00,631243950901269503,NORTH,0.7515952587127686,DAYLIGHT,-73.905831,40.650433
2333,nlbx_f44c0b4850115ce72609b1b8e7083dcb.jpg,0,0,0,117.73348999023438,2023-09-29 15:10:02.215000-04:00,631243949845466111,SOUTH_EAST,0.6376628875732422,DAYLIGHT,-73.998388,40.751002
2334,nlbx_2cd84dd74f564615618c2154b4756407.jpg,1,1,1,296.5,2023-09-29 11:01:46.685000-04:00,631243923292955135,NORTH_WEST,0.8223644495010376,DAYLIGHT,-73.907125,40.804887
2335,nlbx_6baa8acd7cdfeacf6886b66f2baf348e.jpg,1,1,1,25.67295837402344,2023-09-29 08:22:31.709000-04:00,631243922894511615,NORTH_EAST,0.7603207230567932,DAYLIGHT,-73.95804,40.713774
2336,nlbx_76d2d17098e026d9b747fe165401ad25.jpg,1,1,1,56.625,2023-09-29 08:44:28.638000-04:00,631243951198543359,NORTH_EAST,0.777333676815033,DAYLIGHT,-73.974369,40.654222
2337,nlbx_ed8e78a97caa63b85d58d59a0e042b7d.jpg,0,1,0,175.18359375,2023-09-29 02:36:31.914000-04:00,631243934226034175,SOUTH,0.8517814874649048,NIGHTTIME,-73.806563,40.590335
2338,nlbx_30afdab4f264d63d47c333f69cf3e8f3.jpg,0,0,0,336.4525654406659,2023-09-29 17:45:47.040000-04:00,631243923054691839,NORTH_WEST,0.7745028138160706,DAYLIGHT,-73.819375,40.70832
2339,nlbx_c1809a01f61a780241d3c1aa9eb783c8.jpg,1,1,1,90.4375,2023-09-29 11:30:19.192000-04:00,631243950351845887,EAST,0.8791621923446655,DAYLIGHT,-74.001024,40.578664
2340,nlbx_19020d2dd8eeb817740213f20c08f592.jpg,0,0,0,209.25,2023-09-29 09:13:19.399000-04:00,631243922043064831,SOUTH_WEST,0.6263468265533447,DAYLIGHT,-73.901272,40.855379
2341,nlbx_c4b574d615f417d0f866d86c777a011a.jpg,1,1,1,347.5151062011719,2023-09-29 17:51:37.291000-04:00,631243951185729535,NORTH,0.6493275761604309,DAYLIGHT,-73.971915,40.650126
2342,nlbx_b8c163fa25e560710d5e67463b3b2d7d.jpg,1,1,1,81.73148345947266,2023-09-29 10:01:40.159000-04:00,631243950347326463,EAST,0.8372145295143127,DAYLIGHT,-73.995036,40.577814
2343,nlbx_5f54dffc86297f72dba88a17a0fe83a5.jpg,0,0,0,141.6841825838592,2023-09-29 07:27:53.635000-04:00,631243922805792255,SOUTH_EAST,0.8644834756851196,DAYLIGHT,-73.927168,40.663756
2344,nlbx_769654e25f298fbf50f7c3ead1fc0797.jpg,0,0,0,212.75,2023-09-29 22:30:40.967000-04:00,631243919506220031,SOUTH_WEST,0.6624559164047241,NIGHTTIME,-73.851013,40.90265
2345,nlbx_98ffe824181436471cbf70169be1ed20.jpg,1,1,1,301.25,2023-09-29 07:42:26.918000-04:00,631243923092788223,NORTH_WEST,0.6441998481750488,DAYLIGHT,-73.826836,40.71616
2346,nlbx_d1fe9d7a00789971da43bb3566ccda7b.jpg,0,0,0,20.16454696655273,2023-09-29 15:19:27.065000-04:00,631243949984398847,NORTH,0.7391188144683838,DAYLIGHT,-73.997265,40.697708
2347,nlbx_8870d818830af7e1b03446423499214c.jpg,0,0,0,293.4793337325248,2023-09-29 12:19:56.912000-04:00,631243922952894975,NORTH_WEST,0.7554018497467041,DAYLIGHT,-73.853735,40.759594
2348,nlbx_a7e9dace12ebdf2c15e3ed29e5e46daa.jpg,0,1,0,175.5,2023-09-29 10:04:27.646000-04:00,631243922894085119,SOUTH,0.9283405542373656,DAYLIGHT,-73.94794,40.705207
2349,nlbx_385a5770dbcf971639f796238373ad49.jpg,0,0,0,80.05835723876953,2023-09-29 16:51:09.405000-04:00,631243919672051199,EAST,0.6819248199462891,DAYLIGHT,-73.848848,40.832203
2350,nlbx_1eeba504289b916f57d85cedf464e06a.jpg,0,0,0,348.25,2023-09-29 17:24:33.408000-04:00,631243922555086847,NORTH,0.8928276300430298,DAYLIGHT,-73.886796,40.673514
2351,nlbx_19b990637ac46e02359f74607956ea4d.jpg,1,1,1,359.2996032206917,2023-09-29 11:10:08.300000-04:00,631243922020178943,NORTH,0.7532074451446533,DAYLIGHT,-73.935247,40.833957
2352,nlbx_76be4ad18dd6afb9ac8e8103bd128b8d.jpg,0,0,0,126.73033142089844,2023-09-29 16:25:08.604000-04:00,631243922866788863,SOUTH_EAST,0.7213764190673828,DAYLIGHT,-73.913592,40.691505
2353,nlbx_fc13e69eba3be9a296c6009eefbb6ead.jpg,0,0,0,78.93895264092204,2023-09-29 17:51:11.241000-04:00,631243950901609983,EAST,0.801476001739502,DAYLIGHT,-73.909999,40.654214
2354,nlbx_f1cc2032260bbe97bba6fb1c6e35187c.jpg,0,1,0,163.125,2023-09-29 07:44:40.209000-04:00,631243920738101759,SOUTH,0.8056758642196655,DAYLIGHT,-73.747054,40.705963
2355,nlbx_e8b2a4799e4a5d50634e185e45dd334e.jpg,0,1,0,325.46160888671875,2023-09-29 12:56:35.101000-04:00,631243921506317311,NORTH_WEST,0.7134338617324829,DAYLIGHT,-73.959429,40.816938
2356,nlbx_bd0bc11c7074c9694090f2db8dbc6efe.jpg,0,0,0,333.9161682128906,2023-09-29 17:20:57.837000-04:00,631243919562546175,NORTH_WEST,0.901781976222992,DAYLIGHT,-73.833907,40.808649
2357,nlbx_68b0ae0e7768dafba1a912f1f9c17969.jpg,0,1,0,298.7514343261719,2023-09-29 11:58:24.713000-04:00,631243922751997951,NORTH_WEST,0.7872684597969055,DAYLIGHT,-73.985168,40.762714
2358,nlbx_1df42b9ec9366a92a9dceefed5abd30b.jpg,1,1,1,161.5,2023-09-29 14:14:04.515000-04:00,631243922083775999,SOUTH,0.6797940731048584,DAYLIGHT,-73.943778,40.845585
2359,nlbx_86fe917f6ef6bf186a866b62967fd389.jpg,0,0,0,222.0,2023-09-29 17:31:20.194000-04:00,631243922001484799,SOUTH_WEST,0.812830924987793,DAYLIGHT,-73.8903,40.820478
2360,nlbx_0c74414670d366596d98e6a1f2379bdc.jpg,0,0,0,171.25,2023-09-29 08:28:22.827000-04:00,631243950381524991,SOUTH,0.800934374332428,DAYLIGHT,-73.953233,40.597466
2361,nlbx_13efae2cdf856ceb4466a1e4444f36a0.jpg,0,0,0,209.2883453369141,2023-09-29 10:47:24.760000-04:00,631243921528898559,SOUTH_WEST,0.8020488619804382,DAYLIGHT,-73.956039,40.803504
2362,nlbx_7daa26d22c82e78318f5a2654cb7392c.jpg,1,1,1,91.125,2023-09-29 13:12:07.524000-04:00,631243949980673023,EAST,0.7553507685661316,DAYLIGHT,-73.978425,40.698167
2363,nlbx_cb39e4fa0c62ffc21adaa6417e969679.jpg,0,1,0,339.6573791503906,2023-09-29 09:39:36.455000-04:00,631243935096948735,NORTH,0.737700879573822,DAYLIGHT,-73.801676,40.675309
2364,nlbx_9308d5033529dee25980f8383315292a.jpg,0,0,0,134.889892578125,2023-09-29 16:25:20.070000-04:00,631243922029523455,SOUTH_EAST,0.891329288482666,DAYLIGHT,-73.927511,40.811258
2365,nlbx_1c511963c93e561033fca28bc5d7a910.jpg,0,0,0,205.75,2023-09-29 14:08:37.193000-04:00,631243922754147839,SOUTH_WEST,0.8150661587715149,DAYLIGHT,-73.980062,40.754618
2366,nlbx_744cbb0fae8804c5d475648cd05b348d.jpg,1,1,1,217.6113128662109,2023-09-29 15:40:23.281000-04:00,631243922733292543,SOUTH_WEST,0.8382502794265747,DAYLIGHT,-73.922173,40.733127
2367,nlbx_b03c514aef69508e2a1c15cdef585ee2.jpg,0,1,0,112.5688003250391,2023-09-29 10:29:50.064000-04:00,631243922412734975,SOUTH_EAST,0.8463960289955139,DAYLIGHT,-73.917618,40.725747
2368,nlbx_ba8df354e11cda1aa8a1b5ae617c15ae.jpg,1,1,1,36.94618988037109,2023-09-29 10:32:03.162000-04:00,631243923293760511,NORTH_EAST,0.7766685485839844,DAYLIGHT,-73.908707,40.802588
2369,nlbx_b7ab1b255d758f127c2659b9b2515dd1.jpg,0,0,0,306.7953491210937,2023-09-29 15:23:28.920000-04:00,631243922866104319,NORTH_WEST,0.8311358690261841,DAYLIGHT,-73.911593,40.685771
2370,nlbx_a7a6e0e5b62c363534e155cf2c3971cd.jpg,1,1,1,111.43462371826172,2023-09-29 08:56:09.967000-04:00,631243922604147711,EAST,0.7991868257522583,DAYLIGHT,-73.842421,40.668621
2371,nlbx_1d22aebd40b0c65de272a0cc044b83a1.jpg,1,1,1,233.8208770751953,2023-09-29 08:45:46.017000-04:00,631243922671709183,SOUTH_WEST,0.700045645236969,DAYLIGHT,-73.952529,40.720574
2372,nlbx_c9854a85f996f67d17852b807a65ffd1.jpg,0,0,0,305.5,2023-09-29 11:00:37.324000-04:00,631243922694221311,NORTH_WEST,0.7754621505737305,DAYLIGHT,-73.988694,40.752669
2373,nlbx_04cd4fb735ab0fcb3dfb44201dda1c2c.jpg,1,1,1,212.2519073486328,2023-09-29 08:14:17.446000-04:00,631243951181216767,SOUTH_WEST,0.7198243141174316,DAYLIGHT,-73.986482,40.673139
2374,nlbx_98fb0e0700c78239ef6911a0e3012cc1.jpg,1,1,1,264.25,2023-09-29 11:10:48.450000-04:00,631243950346208767,WEST,0.7450803518295288,DAYLIGHT,-73.996243,40.575375
2375,nlbx_130dd35ea6e42cbae67cae4bf335e658.jpg,0,1,0,100.44009527815577,2023-09-29 11:56:22.366000-04:00,631243922082977791,EAST,0.8151711225509644,DAYLIGHT,-73.941421,40.849184
2376,nlbx_a6638fdb21c4795b67631bb6576b0bd1.jpg,1,1,1,270.0,2023-09-29 09:53:20.515000-04:00,631243922862413311,WEST,0.8732181787490845,DAYLIGHT,-73.922843,40.713948
2377,nlbx_a1b290c7f55034f57738bb300826d548.jpg,0,0,0,350.21044921875,2023-09-29 14:53:39.162000-04:00,631243919662990847,NORTH,0.9153379797935486,DAYLIGHT,-73.854153,40.831732
2378,nlbx_649edd56c49edad0a10d850ae0f590b2.jpg,1,1,1,218.91661071777344,2023-09-29 08:46:50.711000-04:00,631243922670750207,SOUTH_WEST,0.6053199768066406,DAYLIGHT,-73.953275,40.71998
2379,nlbx_a73de5c75f901a7f5ac0d17668337765.jpg,1,1,1,276.168172826032,2023-09-29 09:34:29.642000-04:00,631243919347178495,WEST,0.7254771590232849,DAYLIGHT,-73.787354,40.789432
2380,nlbx_ab45f6df6a92af0308359463ce48e5fc.jpg,1,1,1,127.99205017089844,2023-09-29 09:20:16.741000-04:00,631243921461257727,SOUTH_EAST,0.6472457647323608,DAYLIGHT,-73.967163,40.784449
2381,nlbx_cf72785e8cc724283fcf4acad3f0fc75.jpg,0,0,0,38.4375,2023-09-29 16:14:31.047000-04:00,631243923286263807,NORTH_EAST,0.7566608190536499,DAYLIGHT,-73.916013,40.802608
2382,nlbx_0799477c583f0eafacf0d65a44fdd4cb.jpg,0,0,0,233.625,2023-09-29 17:45:00.840000-04:00,631243945422656511,SOUTH_WEST,0.8520744442939758,DAYLIGHT,-74.214128,40.554343
2383,nlbx_0b7552f17a712c2ab57ac6a93a37c715.jpg,0,0,0,1.4518396526595625,2023-09-29 11:27:28.290000-04:00,631243950299439615,NORTH,0.6073746085166931,DAYLIGHT,-73.974224,40.587588
2384,nlbx_649a991f90737e5699a1d64a594d3b1c.jpg,1,1,1,81.61119633523384,2023-09-29 08:50:09.174000-04:00,631243922885615103,EAST,0.8994473218917847,DAYLIGHT,-73.955294,40.699181
2385,nlbx_5bb37f42892a13cc2c430fbd3d60c704.jpg,1,1,1,302.9973449707031,2023-09-29 07:51:47.607000-04:00,631243923092769791,NORTH_WEST,0.8402352333068848,DAYLIGHT,-73.827068,40.716271
2386,nlbx_d40e4d449eb3a894022943ab9661d2dc.jpg,1,1,1,214.58094787597656,2023-09-29 09:16:55.845000-04:00,631243922727423487,SOUTH_WEST,0.9638931155204772,DAYLIGHT,-73.948291,40.769627
2387,nlbx_bc0ff76b9e4c8dd3b318d5445dacd38c.jpg,0,1,0,34.69637597025808,2023-09-29 07:36:57.527000-04:00,631243949967952383,NORTH_EAST,0.776783287525177,DAYLIGHT,-74.005319,40.718191
2388,nlbx_47507cf80116f1df6435bf97566a91e1.jpg,0,1,0,205.75,2023-09-29 08:15:32.679000-04:00,631243921512643583,SOUTH_WEST,0.8098809719085693,DAYLIGHT,-73.967484,40.810454
2389,nlbx_513e5532fb45c66672af5d0828591e9a.jpg,1,1,1,250.25,2023-09-29 09:01:03.036000-04:00,631243951185796607,WEST,0.6490259170532227,DAYLIGHT,-73.973335,40.650849
2390,nlbx_2f6047f29d1c4f9d05df38b5de0b021c.jpg,0,0,0,298.75,2023-09-29 10:17:37.617000-04:00,631243922815392255,NORTH_WEST,0.7607601881027222,DAYLIGHT,-73.975744,40.686844
2391,nlbx_b13a46e57fe8d1c3d464d57699943a75.jpg,0,1,0,298.51788330078125,2023-09-29 09:54:36.246000-04:00,631243949787973631,NORTH_WEST,0.7919832468032837,DAYLIGHT,-74.007861,40.741999
2392,nlbx_0b9139697ace9fad9107da436caa7283.jpg,0,0,0,243.60891723632807,2023-09-29 07:59:16.795000-04:00,631243919640865791,SOUTH_WEST,0.7123954892158508,DAYLIGHT,-73.828254,40.848523
2393,nlbx_62863aa769af2d982dc1c95b960dbea8.jpg,1,1,1,224.875,2023-09-29 08:06:09.587000-04:00,631243950836167167,SOUTH_WEST,0.8346744775772095,DAYLIGHT,-73.917102,40.624636
2394,nlbx_efa6b1eeb48d02c64a408f4f3ea893c8.jpg,0,0,0,37.103661993345895,2023-09-29 13:57:16.756000-04:00,631243949854067199,NORTH_EAST,0.8051270246505737,DAYLIGHT,-73.995096,40.757288
2395,nlbx_94dccd54fdb7637402a4cf8e737a992f.jpg,0,1,0,310.25,2023-09-29 16:18:02.438000-04:00,631243922971732991,NORTH_WEST,0.7082682847976685,DAYLIGHT,-73.849764,40.750432
2396,nlbx_19092f62689795c99e3ae7d56596c998.jpg,0,0,0,286.55419437275845,2023-09-29 13:19:03.547000-04:00,631243950570873855,WEST,0.9088090658187866,DAYLIGHT,-74.063737,40.602356
2397,nlbx_a9c39ae11c676d4d266f077ef0a29fb1.jpg,0,0,0,274.0,2023-09-29 16:58:54.501000-04:00,631243951137006591,WEST,0.9551751017570496,DAYLIGHT,-74.025328,40.63999
2398,nlbx_a06a5406c912338d73e3772bf144e560.jpg,0,0,0,285.5,2023-09-29 10:52:44.520000-04:00,631243922818012671,WEST,0.8464244604110718,DAYLIGHT,-73.967476,40.681824
2399,nlbx_79386f05e341bea9c8730722fc452a15.jpg,1,1,1,347.5152893066406,2023-09-29 14:06:41.649000-04:00,631243951185729535,NORTH,0.8455870151519775,DAYLIGHT,-73.971918,40.650091
2400,nlbx_ddfc70e278f59d76a848393a9c897eb9.jpg,1,1,1,133.875,2023-09-29 08:38:54.636000-04:00,631243950301272063,SOUTH_EAST,0.8429552316665649,DAYLIGHT,-73.988961,40.599971
2401,nlbx_3852f1cf43dfaa24c2f1086dfc74b90a.jpg,0,1,0,93.59457397460938,2023-09-29 07:49:36.441000-04:00,631243922820390399,EAST,0.7491242289543152,DAYLIGHT,-73.977839,40.68994
2402,nlbx_f63a59fea6cd20f0c74c36d325e4517b.jpg,1,1,1,145.41241455078125,2023-09-29 12:26:51.507000-04:00,631243934761258495,SOUTH_EAST,0.9067952632904052,DAYLIGHT,-73.741961,40.639102
2403,nlbx_28298c33cc9eab8d6272487dc75b4882.jpg,0,0,0,29.00937843322754,2023-09-29 08:46:40.788000-04:00,631243922080444927,NORTH_EAST,0.7458097338676453,DAYLIGHT,-73.930543,40.848573
2404,nlbx_378997862072c9fdc2050de9468f1267.jpg,1,1,1,171.71827697753906,2023-09-29 08:20:17.354000-04:00,631243950363892223,SOUTH,0.8781793117523193,DAYLIGHT,-73.970077,40.609719
2405,nlbx_f1331008c1ec5552dd488053278bde52.jpg,1,1,1,217.5459747314453,2023-09-29 08:26:08.098000-04:00,631243951213155327,SOUTH_WEST,0.7676125168800354,DAYLIGHT,-74.00503,40.660532
2406,nlbx_585d3f6bdba5f0b002b043470f200197.jpg,0,0,0,93.5,2023-09-29 13:00:19.509000-04:00,631243922934873599,EAST,0.7924231290817261,DAYLIGHT,-73.810192,40.738519
2407,nlbx_a21e31f93506fd782d009374f640da09.jpg,0,1,0,209.2962646484375,2023-09-29 08:23:30.462000-04:00,631243921536588287,SOUTH_WEST,0.7699700593948364,DAYLIGHT,-73.944778,40.808886
2408,nlbx_79694511603f14422dc137f9ba26c100.jpg,0,1,0,316.5304624620432,2023-09-29 16:25:18.756000-04:00,631243923158352383,NORTH_WEST,0.821687638759613,DAYLIGHT,-73.831411,40.726064
2409,nlbx_60921a73992a6571e2f56ca40fdf5e11.jpg,1,1,1,81.30166625976562,2023-09-29 17:24:24.655000-04:00,631243934226090495,EAST,0.7499626874923706,DAYLIGHT,-73.802834,40.590665
2410,nlbx_fffdcab1604c89541100a1bdc327b229.jpg,0,1,0,299.7656741532184,2023-09-29 09:31:04.315000-04:00,631243922009580543,NORTH_WEST,0.6791396141052246,DAYLIGHT,-73.94801,40.836179
2411,nlbx_523e0cb68f2b7434268db71bc32c71a1.jpg,0,0,0,350.1031238216387,2023-09-29 16:04:39.902000-04:00,631243950304829951,NORTH,0.7750133872032166,DAYLIGHT,-73.977872,40.598441
2412,nlbx_cb3fa7a81187b1f106091810f5671d4a.jpg,0,0,0,3.723926544189453,2023-09-29 14:09:24.234000-04:00,631243922832646655,NORTH,0.8445965051651001,DAYLIGHT,-73.95309,40.671926
2413,nlbx_2a8af8f0051d8202dd10c40c5e65d8b1.jpg,0,0,0,352.25,2023-09-29 12:30:46.591000-04:00,631243922785862655,NORTH,0.6721675395965576,DAYLIGHT,-73.94753,40.686947
2414,nlbx_7f4e390430295b98946aabf504532726.jpg,1,1,1,192.01968383789065,2023-09-29 10:19:36.940000-04:00,631243922030015487,SOUTH,0.7719721794128418,DAYLIGHT,-73.93216,40.811963
2415,nlbx_6a6539956ffe7f5b6f474edd2849908d.jpg,0,1,0,110.3611068725586,2023-09-29 12:45:44.395000-04:00,631243923056565247,EAST,0.8587381839752197,DAYLIGHT,-73.820354,40.704085
2416,nlbx_2efa454852ab39073cc7b5073bc313ab.jpg,1,1,1,226.625,2023-09-29 13:51:15.980000-04:00,631243922966694399,SOUTH_WEST,0.7709716558456421,DAYLIGHT,-73.840687,40.742838
2417,nlbx_6fd6df5052e606e97816e5bc1118ec33.jpg,0,0,0,232.5250701904297,2023-09-29 12:35:00.634000-04:00,631243920520696319,SOUTH_WEST,0.6200152635574341,DAYLIGHT,-73.741102,40.73214
2418,nlbx_7fbcbb118c22c321e0d980f9690f6875.jpg,0,1,0,65.51737976074219,2023-09-29 11:52:33.995000-04:00,631243919454151167,NORTH_EAST,0.7394194602966309,DAYLIGHT,-73.829268,40.856107
2419,nlbx_f163559440cf3d9d77b06a96f14234fb.jpg,0,1,0,256.75,2023-09-29 07:52:05.484000-04:00,631243950571939839,WEST,0.7530079483985901,DAYLIGHT,-74.061668,40.605421
2420,nlbx_9049d32daa529a732b007b2fbafa5631.jpg,1,1,1,347.9435119628906,2023-09-29 14:04:58.790000-04:00,631243951186078719,NORTH,0.8103032112121582,DAYLIGHT,-73.971532,40.648727
2421,nlbx_a248847837e9f4a8871bc9fe5420ff08.jpg,0,1,0,246.25,2023-09-29 19:05:51.286000-04:00,631243922468116991,SOUTH_WEST,0.905342698097229,NIGHTTIME,-73.857057,40.729954
2422,nlbx_eba355ecbe38dcf1acbddea8965fd190.jpg,1,1,1,169.15162658691406,2023-09-29 09:31:42.541000-04:00,631243919445295615,SOUTH,0.7933400273323059,DAYLIGHT,-73.844897,40.848055
2423,nlbx_470962e721d7c8df127a6993debe6ad8.jpg,1,1,1,307.25,2023-09-29 08:46:44.149000-04:00,631243923214069247,NORTH_WEST,0.7407431602478027,DAYLIGHT,-73.888362,40.768883
2424,nlbx_d6cc60d129d7933a24ce8fb100c6d705.jpg,1,1,1,2.83984375,2023-09-29 08:35:27.306000-04:00,631243950325827583,NORTH,0.7076938152313232,DAYLIGHT,-73.974489,40.584159
2425,nlbx_30259f6bfbe1f7318d9b88d41fd69680.jpg,0,0,0,39.19467247662165,2023-09-29 14:24:40.076000-04:00,631243919463619071,NORTH_EAST,0.7641265392303467,DAYLIGHT,-73.899461,40.876713
2426,nlbx_67e9abf92602a4a428ffddb02334d55d.jpg,0,1,0,261.74981689453125,2023-09-29 08:05:13.530000-04:00,631243950384003583,WEST,0.7817784547805786,DAYLIGHT,-73.962486,40.596003
2427,nlbx_7ba03518604c39a7eefe383e9520eb73.jpg,0,0,0,92.0,2023-09-29 08:41:35.363000-04:00,631243922994293247,EAST,0.9904472827911376,DAYLIGHT,-73.79503,40.784079
2428,nlbx_33d01b2ad1717e7aecb6ffb0a72b21fe.jpg,0,0,0,208.25,2023-09-29 11:56:13.778000-04:00,631243922688528895,SOUTH_WEST,0.8833223581314087,DAYLIGHT,-73.99913,40.739321
2429,nlbx_d89c8de95f18a495eb2e7a3f73e409d4.jpg,1,1,1,349.75,2023-09-29 11:40:14.622000-04:00,631243951185756671,NORTH,0.8817192316055298,DAYLIGHT,-73.971769,40.649549
2430,nlbx_bdfbfe9f95a240782052cc123ab94ed0.jpg,0,0,0,261.0,2023-09-29 15:53:57.478000-04:00,631243922526274047,WEST,0.8975796103477478,DAYLIGHT,-73.870809,40.67557
2431,nlbx_61e9dd343331cc9f1329c624bc388c77.jpg,1,1,1,348.8876647949219,2023-09-29 09:56:52.642000-04:00,631243922070582783,NORTH,0.7412398457527161,DAYLIGHT,-73.873678,40.831875
2432,nlbx_7f3e33c2114bb3f40ef5741aeee8fbb5.jpg,0,0,0,171.63050842285156,2023-09-29 13:22:43.238000-04:00,631243951128621567,SOUTH,0.9502641558647156,DAYLIGHT,-73.971197,40.628032
2433,nlbx_c5c22f37797f32ff6e144f4a3ee713d3.jpg,1,1,1,201.375,2023-09-29 12:59:39.917000-04:00,631243919528944127,SOUTH,0.874731719493866,DAYLIGHT,-73.870053,40.882258
2434,nlbx_7fb158ff4845ecb0753dcd303059ae39.jpg,0,1,0,15.137545146562028,2023-09-29 12:49:42.010000-04:00,631243951138165759,NORTH,0.9576956629753112,DAYLIGHT,-74.021373,40.640539
2435,nlbx_1da4922b3b42d3ba4d4a2a20f79383e1.jpg,0,1,0,193.5,2023-09-29 14:45:47.643000-04:00,631243919444969471,SOUTH,0.8091768026351929,DAYLIGHT,-73.837072,40.84511
2436,nlbx_32163351df0337c7a47fe8d99fc62937.jpg,1,1,1,81.66609954833984,2023-09-29 10:01:00.159000-04:00,631243950347380223,EAST,0.8019535541534424,DAYLIGHT,-73.995713,40.577738
2437,nlbx_72ba4a462de66b34c58af1431f2f3d47.jpg,0,0,0,126.67758178710938,2023-09-29 17:30:42.573000-04:00,631243922708739071,SOUTH_EAST,0.7908948659896851,DAYLIGHT,-73.964608,40.717448
2438,nlbx_97bd53c7a5a7ce5bbb8d2b3cda8a26a5.jpg,1,1,1,140.37363986247502,2023-09-29 10:03:54.349000-04:00,631243921532868607,SOUTH_EAST,0.789084792137146,DAYLIGHT,-73.932021,40.805364
2439,nlbx_75c7f1e3563bcd63d0a2d7d67e18f3c6.jpg,0,0,0,196.23133850097656,2023-09-29 08:04:47.593000-04:00,631243949971530751,SOUTH,0.9159226417541504,DAYLIGHT,-73.99404,40.720473
2440,nlbx_439a2f72b99696c794bf271c8ed5b4ae.jpg,1,1,1,217.8352203369141,2023-09-29 08:21:13.055000-04:00,631243951175244287,SOUTH_WEST,0.7251480221748352,DAYLIGHT,-73.995576,40.662902
2441,nlbx_f64e01a8fa40f9a1658de04c8e89899e.jpg,1,1,1,127.99395751953124,2023-09-29 09:22:27.820000-04:00,631243921461257727,SOUTH_EAST,0.7680050134658813,DAYLIGHT,-73.967144,40.784438
2442,nlbx_64ffdc059ee2dd7688eefbe9e36a59d9.jpg,1,1,1,189.29086303710935,2023-09-29 07:59:40.094000-04:00,631243934260331519,SOUTH,0.9422047138214112,DAYLIGHT,-73.753423,40.610886
2443,nlbx_22b01de23d3a7a1ec5a29fd1c9191b2c.jpg,0,0,0,160.23788452148438,2023-09-29 09:58:01.621000-04:00,631243934997423103,SOUTH,0.901538074016571,DAYLIGHT,-73.785716,40.64407
2444,nlbx_08edaf9e3c17d378e5628dab0b2ad2cf.jpg,1,1,1,325.0,2023-09-29 08:40:25.682000-04:00,631243950856613375,NORTH_WEST,0.996087908744812,DAYLIGHT,-73.91889,40.606641
2445,nlbx_0c9503a2baa379bb129385dea6197e23.jpg,0,0,0,345.2988586425781,2023-09-29 10:02:13.974000-04:00,631243922952072703,NORTH,0.8364002704620361,DAYLIGHT,-73.85229,40.753267
2446,nlbx_535a69259344b5337541cb9a83c8248a.jpg,0,1,0,98.4375,2023-09-29 12:06:48.501000-04:00,631243935042345983,EAST,0.88828444480896,DAYLIGHT,-73.820619,40.66328
2447,nlbx_bb75dfb64c73d22ec40792505c938e27.jpg,1,1,1,98.05540466308594,2023-09-29 08:37:14.754000-04:00,631243923090086911,EAST,0.8911194801330566,DAYLIGHT,-73.848286,40.701826
2448,nlbx_69be879e60ebfdd88ce19b4c864c73fa.jpg,0,0,0,296.4765930175781,2023-09-29 16:51:29.389000-04:00,631243951177741311,NORTH_WEST,0.6779158115386963,DAYLIGHT,-73.974537,40.675708
2449,nlbx_401b69b175936685010e40ee8a0ad1c2.jpg,1,1,1,260.1116943359375,2023-09-29 09:47:53.159000-04:00,631243950346495999,WEST,0.6831352114677429,DAYLIGHT,-73.994235,40.572963
2450,nlbx_f69df573f6e81403a914402b6bf25f16.jpg,1,1,1,347.75,2023-09-29 12:41:38.088000-04:00,631243951185759743,NORTH,0.7718793749809265,DAYLIGHT,-73.971821,40.649722
2451,nlbx_fdb729e94ba4a062fdbbb29155942c87.jpg,0,0,0,261.44635009765625,2023-09-29 17:03:31.109000-04:00,631243922793150975,WEST,0.8225497603416443,DAYLIGHT,-73.926836,40.684449
2452,nlbx_33935e931a953af8f4ba8f8e03cd5788.jpg,0,0,0,298.4100036621094,2023-09-29 11:01:35.987000-04:00,631243949845848575,NORTH_WEST,0.6684726476669312,DAYLIGHT,-74.005098,40.749765
2453,nlbx_84e46d8f3beab6db4a236e1eee939470.jpg,0,0,0,205.0,2023-09-29 14:53:54.415000-04:00,631243949968011775,SOUTH_WEST,0.8173305988311768,DAYLIGHT,-74.00758,40.717608
2454,nlbx_13830fea93f6e7084778f1c8d7e90efe.jpg,0,0,0,215.6161193847656,2023-09-29 17:33:47.957000-04:00,631243949964149247,SOUTH_WEST,0.9154658317565918,DAYLIGHT,-74.000051,40.718961
2455,nlbx_40daa7b64964605c6763bfa630114ee9.jpg,1,1,1,335.7713623046875,2023-09-29 08:07:07.192000-04:00,631243951172564991,NORTH_WEST,0.8492004871368408,DAYLIGHT,-73.997423,40.67017
2456,nlbx_305e424c90b936cb6e678894308d8c0f.jpg,1,1,1,0.0,2023-09-29 08:40:50.873000-04:00,631243951188228095,UNKNOWN_HEADING,0.873819887638092,DAYLIGHT,-73.965001,40.644244
2457,nlbx_cd0974c86652e54b6c53719348d33dcc.jpg,0,1,0,47.875,2023-09-29 13:16:56.685000-04:00,631243921870631423,NORTH_EAST,0.6563776731491089,DAYLIGHT,-73.910948,40.873653
2458,nlbx_a8be2d49b4a1cfbfdfafa2f76e5d906a.jpg,1,1,1,300.8736535134426,2023-09-29 09:43:57.310000-04:00,631243923092769791,NORTH_WEST,0.7279210686683655,DAYLIGHT,-73.827234,40.716347
2459,nlbx_6e7445c2e3f3ca5bf6970c37174f3d24.jpg,0,0,0,291.25,2023-09-29 09:47:06.490000-04:00,631243922524550655,WEST,0.8086655139923096,DAYLIGHT,-73.853168,40.672393
2460,nlbx_f3a7c3226dcfec8d941e5da248c83423.jpg,0,1,0,172.67296455147388,2023-09-29 09:44:21.037000-04:00,631243922079541247,SOUTH,0.6741877794265747,DAYLIGHT,-73.931581,40.843141
2461,nlbx_c140f8dfdd8de43750d8621b7a54f1eb.jpg,0,1,0,188.7479930779352,2023-09-29 12:35:55.125000-04:00,631243923224475135,SOUTH,0.734321653842926,DAYLIGHT,-73.942577,40.775718
2462,nlbx_4a9ad3030b4a1c1acf0302d78681ebd5.jpg,1,1,1,160.87327575683594,2023-09-29 10:42:00.679000-04:00,631243922083785215,SOUTH,0.8672716021537781,DAYLIGHT,-73.943898,40.845622
2463,nlbx_080ebf72e0c011647cb8ca9258cd9b17.jpg,0,1,0,86.33094838233033,2023-09-29 09:37:23.616000-04:00,631243934997488127,EAST,0.790202796459198,DAYLIGHT,-73.787367,40.644613
2464,nlbx_770c217eaaccd1bb818402811a2eafc3.jpg,0,0,0,236.53264187788236,2023-09-29 12:08:26.259000-04:00,631243923080104959,SOUTH_WEST,0.9620428085327148,DAYLIGHT,-73.790871,40.702494
