image,gt
nlbx_0321cea2aba1e0031aad262982fd6bee.jpg,1
nlbx_9349f44a4398d9e694685945158ff79d.jpg,1
nlbx_3b21011a96dca4ac5579c558230f1fa8.jpg,0
nlbx_2a5121429509607e63c76bcdb9aa3f27.jpg,1
nlbx_877f4b3f318c142ed74aca3a7e364966.jpg,1
nlbx_88bbfe9631ce6eda6b06e516de30d11b.jpg,0
nlbx_f826a0eaa780795acc01baefa076f8cd.jpg,0
nlbx_d26d502d1603a9d661813ebc7156b610.jpg,0
nlbx_2ede224b1bee606a150a4a00562b8d89.jpg,0
nlbx_809544fd7fc4611b1b8c4aa5e9c37543.jpg,1
nlbx_a864ef34a448260e5300e45c24770d88.jpg,0
nlbx_75067dc05b4d12c335242cb39bbdafea.jpg,0
nlbx_3790d14cd77a0bced85c0fb047a6cffa.jpg,0
nlbx_e58b0234ff06c88a6baff3d124b797f0.jpg,1
nlbx_c5d9a5a8ccafe79291bbf0b59bf00de5.jpg,1
nlbx_c3f86eeb8ecef9446cf0e1e2d9202dfd.jpg,0
nlbx_18b195c66aba86adebca78a82a080213.jpg,1
nlbx_1775592f72239ca1648d101fdfcc9f0f.jpg,1
nlbx_011ab18a632670c8da85dfd665a19c5a.jpg,1
nlbx_44c110d8cf63e972eaa7be3bb3e6202c.jpg,1
nlbx_aedc1281b8e248d5ff26488d14c39bcb.jpg,1
nlbx_b0b56d5bb957f954d967560ce215f3a4.jpg,0
nlbx_95630143d62697d2f236c49e2a28c546.jpg,0
nlbx_bd925c501da7c89dd30128257a5a3929.jpg,1
nlbx_fefe86c8cad1909a7cf0bf04683be52f.jpg,1
nlbx_9799bc84c5c54927c6a75906eedd0c40.jpg,0
nlbx_3a8d681773328eae21168023343dd5d7.jpg,1
nlbx_513e24a12dc4bc71979a8150837c1764.jpg,0
nlbx_5fa4fd9a78905da9327f7d4b755512c8.jpg,1
nlbx_93ed60f323108bef0b58d414707cf6ca.jpg,0
nlbx_75a87a892780b66ab95c41b6380b53ee.jpg,0
nlbx_47ef0dac2508b98b2056291ecdcc33b2.jpg,0
nlbx_f3e9d0daddf827e780e511534e7caf2f.jpg,0
nlbx_24ab720d3c5b9966f8bf04b1ed76ea3b.jpg,0
nlbx_c742c3b76c783c0291dce02643bc3913.jpg,0
nlbx_5806845ce09122f78c4e15605592920a.jpg,0
nlbx_c75ded31c4c163c396b55645b8de4645.jpg,1
nlbx_a1991ab2d682a6daba50ed1cde96988f.jpg,0
nlbx_cbab77b3466450ab49d4653d0d8ce2bf.jpg,0
nlbx_2b626faea3308adb043b254d439511fe.jpg,0
nlbx_cb40f654830c29575b644664a29b9fd0.jpg,0
nlbx_c70cbb3217d8126bd9d1043394622f40.jpg,0
nlbx_9cebdcb84cbb12b265474c4032ba3d50.jpg,0
nlbx_1e78dae65909dad0a61a60ea16cb5842.jpg,0
nlbx_46cf4c5a4ad80fc353804548dec86496.jpg,1
nlbx_2f5beb4615f8efb363f4dda2596e88f1.jpg,0
nlbx_589c00e0cd973acc666406cd28b11f84.jpg,0
nlbx_5f3b26d47f198bf293eae01f01972269.jpg,0
nlbx_0b65f90e18f850db00182cfb91100e42.jpg,0
nlbx_5ecc9d3f1475aa7d746e72104b0716c9.jpg,0
nlbx_d09c9b4a978a84acaea239704d46c7d2.jpg,0
nlbx_b0170237dc9ab5f5aa798ef3a8d07c0f.jpg,0
nlbx_c7a4a130328d06704341996130ee992c.jpg,0
nlbx_b066d39da241033e294ddc4688be27aa.jpg,1
nlbx_51ac7e2c7d21b44621cdce5082d53f6b.jpg,0
nlbx_c410a9d5ac70a1319f012457a4d47034.jpg,0
nlbx_2742dcc4bda7d3692ac82e713411067d.jpg,0
nlbx_1d12ba6c5bb974112c88776bbc5c2f4a.jpg,0
nlbx_950c084c5b0dc5ff37e85e5cd3a95492.jpg,0
nlbx_be8632a6c9c56cc3deb5afc976c97db4.jpg,0
nlbx_e4515596227938b68a46e22b426e24c0.jpg,0
nlbx_8c615749eb93de0d7ce04a0c6bf5be1e.jpg,0
nlbx_e9bf37c113d56918f6ce845df9d2cf2f.jpg,0
nlbx_a5c4b838d2f25c1a8989a37de8073ac6.jpg,0
nlbx_87919f257722843efd571c8908e463ca.jpg,0
nlbx_2289a1d50a1a7d18bd699e92a4827ac9.jpg,0
nlbx_923b9fb030d280ba010e90d91557b1c0.jpg,1
nlbx_2b22396d83f0ab19a8dc197cd8eb1096.jpg,0
nlbx_f7245fe92e868e4382559ea9d81dde58.jpg,1
nlbx_c31439de50c5ff5fe02f3270291b86b1.jpg,1
nlbx_85856021c892f5bfacd3775b63a29074.jpg,0
nlbx_680ba3f00419a7ac6ab76773f1d2b7f7.jpg,0
nlbx_e991d65f478a12c49ba615bdadf7bc12.jpg,0
nlbx_fc0dd02fa4eaa78ccbd5379c8464d0a6.jpg,0
nlbx_7d34f0ac0c5c66c1b8f78e83c67c1d1e.jpg,0
nlbx_d9e27cee8b815bdefe5d720916c7ed9f.jpg,1
nlbx_d5e10b4f81b26c6518f312370bdce080.jpg,0
nlbx_34017ec5da5d4b2002ebf6361c34f718.jpg,1
nlbx_d7d8fe30c4b4599bbcfe1347c70692ed.jpg,0
nlbx_44bc0ead683ee8123fa1f881f4968801.jpg,1
nlbx_3b8d0e7abdcf0af6da33f8d8330cd21c.jpg,0
nlbx_cb020bf0d5d9474243db986afd7ed95b.jpg,0
nlbx_16f0f37152f8f6a18bc8b5677c6da9b7.jpg,0
nlbx_2eb7d4f8a05744106e128b39494e434c.jpg,0
nlbx_5f0e50bed2b7c67cdd38f94c8bca974d.jpg,1
nlbx_20c66f2f704a469727f32595a121b084.jpg,0
nlbx_b966eae5d4e535f9e0c557ca75cf5e8e.jpg,1
nlbx_f3e598b567976e75899f5b99db8c70dc.jpg,0
nlbx_f6fcf0b4f5ad99b6b5d9b107b93e4b63.jpg,0
nlbx_6904685d24396e1741ab02e932441a8e.jpg,0
nlbx_58d468db31c8b46067ad099388ca0b2c.jpg,0
nlbx_a80c16227bade552185c39df455b021c.jpg,1
nlbx_154e3098563a365d9f83d705f9b090e7.jpg,0
nlbx_423ab4aa062b7723a10e4ce26235f681.jpg,1
nlbx_4e08817a8168c603aa0ef912da66484e.jpg,1
nlbx_afbcf02393ad63dbe0d21218c171870b.jpg,1
nlbx_7a282e1d3492ae2e92592f644d4acdb2.jpg,0
nlbx_3ebb4231aecd0f7dfcfd59331c1e122a.jpg,0
nlbx_476be2f7b42f9ecab85d3feb0741a24e.jpg,1
nlbx_e16233f8e8863122f3852c11d3e95c91.jpg,0
nlbx_119a739c0b5bbbe790b3078a80c3c32d.jpg,0
nlbx_ccaafd467c010e108c1524696f94a7da.jpg,0
nlbx_5973977483e0256e2bc960ddb6b88640.jpg,0
nlbx_287e3e8dec0f92dd70541c915b5da4e8.jpg,0
nlbx_a1e5e091374023b1ef541b75f9761eb1.jpg,0
nlbx_17aca3d3249965a2e401d0a5d37ce5cc.jpg,1
nlbx_bbbd1390be03a0d57844bb63b2c1c357.jpg,1
nlbx_bb1cdd6d593f07b01ffb7e507318ced6.jpg,1
nlbx_a4c134f15b9c33a64b7a82c6a7091666.jpg,0
nlbx_0e070b9c580245957f3e2b4a2f0d8f0a.jpg,1
nlbx_5ebdba2db693aeb41bf9a451cb2ae0ed.jpg,0
nlbx_64387b1778171a9f070356a771cab95c.jpg,0
nlbx_9b166e2f9f9ccebcc0aae48ee28669f7.jpg,0
nlbx_a9c482a4b84fe64c746c89db1c075488.jpg,1
nlbx_b5c2dad8094e4c943e6c83b818748510.jpg,0
nlbx_bb6f94647618266504ea36ba563e36c8.jpg,0
nlbx_c351c169fc9e10822cbfedd1b1d4875e.jpg,0
nlbx_1258b33dcdb4523160f260168f248ab3.jpg,1
nlbx_9021b6c964d7910e2d18158b66fb5ee1.jpg,0
nlbx_b522fb99e4e56da4a920c71ffefb305e.jpg,0
nlbx_0005ca0739d71de3592fd32348810934.jpg,0
nlbx_7223d4d31e7a2852a820202ff54dd9cc.jpg,1
nlbx_002ff9a45ae99b082088c482460d49ee.jpg,1
nlbx_e3c0b5ac2a6b7ebe560e4a8ce1893646.jpg,0
nlbx_a27efea23dedc301c0c37f0594105dd7.jpg,1
nlbx_9ec4bf334f25cc3c474f04aa6951b7eb.jpg,0
nlbx_bc1b6a200552083a941454b844f08651.jpg,1
nlbx_a3d5973f1d763928b7863a678b7c6b2c.jpg,1
nlbx_7d8c31f99dc531bba301074d9c211264.jpg,1
nlbx_eb00363dd934a7ae5cc36fdcd9e10285.jpg,1
nlbx_98f8eab20d872058fd45a227ae663c0b.jpg,0
nlbx_ea67bb7ec2aa2799b52596b6753369ef.jpg,0
nlbx_dd84b408cd20738baf5b2be0fbddbbd0.jpg,0
nlbx_8c259cc3cd1421a9ce7291b7484d43d5.jpg,1
nlbx_3150b8c9a7b762eb574abe704b0d08b3.jpg,0
nlbx_e227d1fe5d55a1ee9df4518cf9d05e9b.jpg,0
nlbx_076d92c3815d9608fc80e0476f00df2b.jpg,0
nlbx_99d630680177423551f1a7475d1554d6.jpg,0
nlbx_764e51889c1e2df5375f13fe0aa0bb23.jpg,1
nlbx_d7f26e967fd0b8814f8e7fd2409e22d6.jpg,0
nlbx_78e85617e39058762bc1179c3d877cb2.jpg,0
nlbx_b970b6017f53f1e4f6dcb8a50b956e9d.jpg,1
nlbx_1bc005fc257665024d4043fd1501407d.jpg,0
nlbx_49548c1e96cc893841ecc77ad88e97c9.jpg,0
nlbx_3e9e43f4b9f13bbaf6b40978aa6c4fc3.jpg,1
nlbx_6dc2163a17b4db796bff95feb4122c27.jpg,0
nlbx_dce1a4151b33aca10bf2876edc0faf60.jpg,1
nlbx_601602b251cf26e2134d15f310cbf40d.jpg,0
nlbx_2b33a25dce659c511e5bd0b96051ab59.jpg,1
nlbx_c4691e1b147a8978ac61515faeb7976b.jpg,0
nlbx_601ef1f6a6793e9d49955e9ec3635d94.jpg,1
nlbx_cc633d6792c632eb72bfc1ec81542a06.jpg,0
nlbx_4ff683258b14b03ea5363012c6951a06.jpg,0
nlbx_121c1c52029991c9d819ea6862db91b0.jpg,1
nlbx_217610c5a3a72d4101f23f8b6447e1a8.jpg,0
nlbx_d005f7692fffc85d9ec4b7d342f4f48c.jpg,1
nlbx_213376f28503c8af48f65dc4876d4192.jpg,0
nlbx_7f718a2b175720ea1f7935869bdb3d8f.jpg,0
nlbx_8914b3b2894a77ed01ee8f7be8667eed.jpg,0
nlbx_7b359d0bfc621f6c8be9800a126ae836.jpg,0
nlbx_4a95add0acc9268d8d11bb29d20474e4.jpg,0
nlbx_d99201160c27617ee3bf70b668cfefaa.jpg,1
nlbx_9622c53aa08c73880132b2b9c14a4e00.jpg,0
nlbx_c9ea31a3695e65da787eac5785019149.jpg,0
nlbx_872a2f607b1efdac428b44a3cff0375f.jpg,0
nlbx_40faddadd9daae9c7544c517f2ae7fa0.jpg,0
nlbx_d3d29ab4da79aeff6dd8d2c5f1b5f736.jpg,0
nlbx_48ea372d46daa2b05d392d883b377289.jpg,1
nlbx_e8cd6b128b6ed375dd83ea1d4f868f69.jpg,0
nlbx_8a39a60df6dd77618332fbc306f1e901.jpg,0
nlbx_4786ff4e80202128ff2b98c343eaa13f.jpg,0
nlbx_fd91667a7686c8473ad191400481f838.jpg,1
nlbx_cd164254482a9d3028a59f9f66a40c79.jpg,0
nlbx_97809109b1645f35a0d7eb66a763aa73.jpg,0
nlbx_196c68af251202f6808d2f9a92832441.jpg,0
nlbx_29478f560274acf3876b630f936efbb8.jpg,0
nlbx_379403749e205675366b13a832950d08.jpg,0
nlbx_6f0965e101e75d63ee2392c8d2373583.jpg,1
nlbx_fefcf1ae249820b17ea9c1e7687fef89.jpg,1
nlbx_1d7ad15340aaf0fbaf7422bce369b6cf.jpg,1
nlbx_f1c1f5c0ff118e1fd43329d9c07d80f6.jpg,0
nlbx_921dfd7dc1aef338fd9ccf2330b4fadc.jpg,1
nlbx_0031a4713d6ed1063d8967c61df341fe.jpg,1
nlbx_ac94257ea408d2f2a86c91c45ae5a821.jpg,0
nlbx_093be246490f42d826ea8bf37cf07802.jpg,1
nlbx_2f6bd87f2a08965d73894f100ac9877f.jpg,0
nlbx_a463b7126fec3d4fe2200f3023221b76.jpg,0
nlbx_452f6554d75850c22eac60a965e9a066.jpg,0
nlbx_3e5884d17099fe31bfc6cc0a67892181.jpg,0
nlbx_e1911c9501a46b51f1ecb700fa71ceea.jpg,0
nlbx_68fc52812767a373157a4328a9f4529d.jpg,1
nlbx_62cbc71d0e8dd51787e276c90dec2412.jpg,0
nlbx_2ef5ae99d2cff97a38ef1cbc19b12a8d.jpg,0
nlbx_ef6e7c0c40b482ff48228c008803ba54.jpg,0
nlbx_0ac3347ad1b5c6ab56d0b91e5167f6eb.jpg,1
nlbx_433690f1ce47c9f0c99adeef5bd20e87.jpg,1
nlbx_ab332905c35ef7fb270d3f1c15e79789.jpg,1
nlbx_3ebffb13abfb31304261a35fb940fece.jpg,0
nlbx_1b9d726e73c06088e26d96bc650c0a86.jpg,1
nlbx_aa12a9d70a3a57ca5fffa7cfe07c44b3.jpg,0
nlbx_6d042b03611b276ea351ce05907c0a1a.jpg,0
nlbx_83123b641d64e98d61e02aadaca8f201.jpg,0
nlbx_8bf7324ec63046ed959f0ea383e2a545.jpg,0
nlbx_bb2c3c755091d708c3dc7c86c65606f9.jpg,0
nlbx_391b2fc1db591bd3275cf4f069062d88.jpg,0
nlbx_92e1fc942dca83c1ffdfdf6a1be5399f.jpg,0
nlbx_9647d73dd953f181fd87db4d644f6498.jpg,0
nlbx_2e493e6520a40fdeef917e44ffc67e70.jpg,0
nlbx_778e09c8083c7e6ab77038528f07732b.jpg,1
nlbx_50e43a329a748b8735198864be2777c3.jpg,1
nlbx_720aa2e87d033a8f1c60c038f8e798a3.jpg,0
nlbx_1bf7a4975b5dab5d658bc8f574ee3ebc.jpg,0
nlbx_0d04e632085132e3a0e9be113338b6d4.jpg,1
nlbx_8e46232473984a9f4cda1b0ae691b3dd.jpg,0
nlbx_0925802d0a73eac9a6b166e1961cf16a.jpg,1
nlbx_0984f6fad69bd7ce88f052862a357ff0.jpg,1
nlbx_52054c7bb2fc1920c30d604b9722748b.jpg,0
nlbx_b030f31b973329578e733aa9154a8e0e.jpg,1
nlbx_63058f19cb4b51165b2938daa93b28c9.jpg,0
nlbx_146e35dd65a5a1f7cdf9d9ac1e6d91ad.jpg,1
nlbx_22ca559287d57aec173c403d22de07e8.jpg,1
nlbx_0044877308e74a0411e08f28dbf37950.jpg,1
nlbx_d4c97c76f6658615158b79352281754c.jpg,0
nlbx_d22ead590769be79ff389000f9899719.jpg,1
nlbx_493c04b24c948acfe9b64d461b07423f.jpg,0
nlbx_c6059b767ff7ab9142f731b40fd61e8a.jpg,0
nlbx_328d8203b0e7aea0d07f7208c1580e3a.jpg,0
nlbx_cb92fb3c5c2a0c732b3acc8b94864693.jpg,0
nlbx_a66663395e0c567da07018e68abc7913.jpg,1
nlbx_1362bb77289a8dd9a3d4f9acb662dabd.jpg,0
nlbx_99bfd5bfb6f7d218212ce60a368e187e.jpg,0
nlbx_90c22f8c18621b2b23957a5f782e7a40.jpg,0
nlbx_ac36299c99de68af136e07ee27278437.jpg,0
nlbx_65ecdf42da3778f2a5d19e9f09d17c07.jpg,1
nlbx_a1ed55fe990b811e042894cae6e01290.jpg,1
nlbx_886b9e9b2eef2179682dec4024cd5945.jpg,0
nlbx_4000cfb4343b283167ab78ac46c6c456.jpg,0
nlbx_fd32d593306e5245021fca43599220f2.jpg,0
nlbx_d83e87c1229a8968cbecaeee4150484b.jpg,1
nlbx_b7b28044fdf03395d9adf26c0d5fa986.jpg,0
nlbx_9550237c33f7ceab9c7ab0cf734927e6.jpg,0
nlbx_372c2897e7e04b6c3809ba3af4942b33.jpg,0
nlbx_70e558fa3464458573a533dfff5e7df7.jpg,0
nlbx_5e9b3b28b77a469fd2f6e28e4dd5e37a.jpg,0
nlbx_0f0ad6734aab22cb378d0ada6cb6c66f.jpg,0
nlbx_a8a840083d2c52e840926e2bd9294298.jpg,0
nlbx_4f6d94431b63c2dc1ce8bb8b0112d12d.jpg,0
nlbx_565b5befba837823e61466c6f3fb0cca.jpg,0
nlbx_3fb74e2f81a8b869c5ce7a6650341162.jpg,1
nlbx_e9f3925ba863d55b9b4b53b7ba360f04.jpg,0
nlbx_334bc50c6ebe69e2364cabcfb70a5932.jpg,0
nlbx_819849e663518aaae835b1e4707a1af1.jpg,0
nlbx_dbeb4ad862e9fb51b113115a5c22561d.jpg,0
nlbx_a31a8395faccc8e676a0632aebea3b22.jpg,1
nlbx_520c5fcb760facc819409dd3593e9759.jpg,1
nlbx_f641aff197c95bf7ddf4d579745e6194.jpg,1
nlbx_b0019ce302524b1c52268a61ec1aaac5.jpg,0
nlbx_35da4b909e2b1fe2d9405eec96ba4910.jpg,0
nlbx_028ebe08460fb18d925ae26ee31b1468.jpg,0
nlbx_85e5c08824e79951f17e3c5826610389.jpg,0
nlbx_e64ac854a423ad37335a0681cca50aa7.jpg,1
nlbx_9e319d1a3f123e8cb4d31f9d5bf9654e.jpg,1
nlbx_04cebb9e96a83a448032e248b9353375.jpg,1
nlbx_8c19a243fcf27dc72b918af69ed1f73e.jpg,1
nlbx_e95b1674683018b432cd15a4254bbe4d.jpg,1
nlbx_73d170de29e2e85b016046414672409d.jpg,0
nlbx_ef7d5fbec04e22d2e7f9f3a0c802c78e.jpg,0
nlbx_8b4b9b0df6036186b62431249e628073.jpg,0
nlbx_4b576bcc8a05cfee35885e4229b4824e.jpg,0
nlbx_2395bb0d6c013c4dec40a80ad0440446.jpg,0
nlbx_d4515317d7f420228e430217dd5e898c.jpg,0
nlbx_775ab15e22c1ba0e88265abc19f6c449.jpg,1
nlbx_f364f920ad231d97ff073093167cacbe.jpg,0
nlbx_7a53b7f050f16512c7b4bb93374dc2e1.jpg,0
nlbx_a53c5a3cd43cbac751843476c7282c0b.jpg,0
nlbx_abf0734c99ac52274e975b8d1b931382.jpg,0
nlbx_8ece5bb5f066252db10bfab03790b11b.jpg,1
nlbx_b6832dd77f046d3e29a99bd4e468491b.jpg,1
nlbx_d66b424b0c5e0c65b080c8c3be7ce850.jpg,0
nlbx_4c86932bcf376bfcee9df3749d0cf173.jpg,0
nlbx_548fac035de4c205bb414d2ddc9cfc3a.jpg,0
nlbx_a4b6bcf0ce507ec790aa2c9272509093.jpg,1
nlbx_075cc9c88a4d4e6b3255bfc23705e78d.jpg,0
nlbx_bdb2be2d0d491606bfe0da38029dd843.jpg,0
nlbx_60c0b630c22ebdf7ec08fa2cb9a7cbdc.jpg,0
nlbx_0555b63e013c313bed0696cbb6624fc5.jpg,0
nlbx_a24bce84c1e1fd40117bfa00c7a37d3e.jpg,0
nlbx_8e9cf28f14f77ceb301f48443a8069ac.jpg,1
nlbx_bcabb35e87b41618849c68a858266e25.jpg,1
nlbx_b089160463d1550d2aae71d0a219e531.jpg,0
nlbx_f837831ba02b3cfc4c7a54306fa0e4d7.jpg,0
nlbx_00eb069f456062abff0a541906fe087e.jpg,0
nlbx_dea0e8e16d1e8b87352f06bdd82b13e2.jpg,1
nlbx_e4cee750fb45528a166bf611ddd75556.jpg,0
nlbx_1580ce3ead7e87000c88cc287303a2b9.jpg,0
nlbx_35efc636368f49eb663a28bd85d65bbd.jpg,1
nlbx_08b5b0ece9a69728599dac54032b5d39.jpg,0
nlbx_4ecd467b5d3edda79016875276579776.jpg,0
nlbx_a34ea501c651f75a8f92065de1744924.jpg,0
nlbx_82a9e570de8d92c74a534f312193bfe3.jpg,0
nlbx_2d4028160aeece6be2b8b90ed28aaa1c.jpg,0
nlbx_91ed97e9121735b7bb445d64bf5d822c.jpg,1
nlbx_4fefd6bafa09c9891b342f23dcba191d.jpg,1
nlbx_2fdb74c426dd5cf84a1a45d4e3b8e986.jpg,0
nlbx_061956783d1e74c65dca1c44f81474f7.jpg,1
nlbx_2d98d2841494781aa000e06dbcdfe6e2.jpg,0
nlbx_b961bfe5f2b8e7f125358447572a62fe.jpg,1
nlbx_800b3574ce19a1602d45ecb5a670a4d6.jpg,1
nlbx_e842306cf0ef95534f2977d6145d3e80.jpg,0
nlbx_64a0f0245f9b090a8ad3a5061b700200.jpg,0
nlbx_41222acdeebb514a67ff519d00d6c1eb.jpg,0
nlbx_aa70837709715d157e349e710abd935c.jpg,0
nlbx_34a93f95bb4062a78404fde18d3952ef.jpg,0
nlbx_0dd6900fa384a2044e1b60ff8907563b.jpg,0
nlbx_1884de26f0f465910b0e11528c3405df.jpg,0
nlbx_f08eaf9847847443b29f03b9a946cd43.jpg,1
nlbx_07aae80e8065ad3cd4bbb533314b7158.jpg,1
nlbx_c83cf873bdb9080e6cdcd9aadb401c37.jpg,0
nlbx_9d4ac990648182f19c729752025032e9.jpg,1
nlbx_ef49629580c0bf131fbe3b77d942cb89.jpg,1
nlbx_279e732c96c8b62ec39e862cd0497878.jpg,1
nlbx_d5796e3b9e290fcb011adf67e1de0241.jpg,1
nlbx_bce8d1acdf9b6b5745c672dcc1c9db80.jpg,0
nlbx_7ee11d8d7b7ac538c7e3d030dceb15ec.jpg,0
nlbx_274ee3d82e79239a824fff2120b506b7.jpg,0
nlbx_e9b9734f1b3d1b5782aefb6359914bed.jpg,1
nlbx_9f9205c36abc6ec74c36b8bc193dc5f8.jpg,0
nlbx_b0e814799e244eb703bb76f3d1a92e23.jpg,0
nlbx_ea2755a8e08ec74b034983e33a640afc.jpg,0
nlbx_f58c3bde9e2c89eb75ef5df568cc67b8.jpg,1
nlbx_df203f9f70b05d88461eec7119bf5d41.jpg,1
nlbx_ad039e137f2e44d0778d8b57282dc7f2.jpg,1
nlbx_3c82b98870e027e0a5566f91704e5729.jpg,1
nlbx_5f166836b72fd5cb2ba8febfa8214f0b.jpg,0
nlbx_0bb0a5cf4292aff14aade0565d68c765.jpg,1
nlbx_1099b2f98f5d75a35b91caef0ef64df7.jpg,0
nlbx_790cb73c70e4155789b48b73cdb9f22f.jpg,0
nlbx_dc0cf96f915100c21dc9164f37bd33af.jpg,0
nlbx_6f35f5883ba438753cd359bc62710732.jpg,0
nlbx_a9d537cb2c72a000d285cb0ff82834e9.jpg,0
nlbx_4a836dcc44ac5fc8177481f78440f129.jpg,1
nlbx_89bb3abfe073a7f418da7b42e2435326.jpg,1
nlbx_97b40e337a0fe265723c20058d48ea31.jpg,1
nlbx_14b79c2aaf411301265be94417adfde6.jpg,0
nlbx_4c1e946bcedabc2c959716bc58b43369.jpg,0
nlbx_810df6d0075e5baccab34a6c81d59b9a.jpg,0
nlbx_e5eddab9862afa082493b4fc8167fe0e.jpg,1
nlbx_f1f2b4b43bb16611397011c7597e4323.jpg,0
nlbx_42a1456fbf65c8261539997b92135511.jpg,1
nlbx_a4a2d2439f9191276133070dbef75756.jpg,0
nlbx_00912b78ade6a170b24606f87b8a34b5.jpg,1
nlbx_4b6c754ba79f465bc6c45c3f463dbb65.jpg,0
nlbx_743b50b8e56718f66dc445885b3f2dc9.jpg,0
nlbx_f43e4ccab875b91cdffe1627dc1d2013.jpg,0
nlbx_f9870e461460970f3b67f0d90d9210fd.jpg,1
nlbx_00d64d017416f5ae02b3f0289e1868fb.jpg,0
nlbx_9490e6eaf4e9977ff99dd11471bd8f34.jpg,0
nlbx_bf79e18a1ed7255008eb87ca60721b60.jpg,1
nlbx_ffb266d05a7ae7778428e37a95ac2839.jpg,1
nlbx_7c7e9dfb9e8a975855aca9bc3381c060.jpg,1
nlbx_bd8856e5e52035e9eeab956d66d41d74.jpg,0
nlbx_142e0e79cf7b712428e5d436b223e8cb.jpg,0
nlbx_eae06787f30ef791329e659be5a57c22.jpg,0
nlbx_a429eb4e5125296955302923abc28a52.jpg,0
nlbx_927fc16fe10251f9afec787717211c85.jpg,0
nlbx_88c14cce3cd2ad3be2a7f691ea1d0298.jpg,1
nlbx_1c2290179de6f3268ce3453bb5b64afb.jpg,0
nlbx_197d00477bc44657ac20fc045313fe27.jpg,0
nlbx_8d063452e6c68f7d2068c8a2bc92edb3.jpg,0
nlbx_7586fd265358b14bcbe88d35b3d5d69d.jpg,0
nlbx_aff28aec32b40e0779d933adf7c4c20f.jpg,1
nlbx_b4d34d796db9187fc46444f9c110e1e0.jpg,1
nlbx_00ebaebcd038856b38a9e4dee56b9a7d.jpg,1
nlbx_949e15b3fcfd4e10b42128f79351e282.jpg,1
nlbx_2e0f560f6e151d6e2d0093ce8fe6b484.jpg,0
nlbx_e85e68330683849fe03287797085082c.jpg,0
nlbx_514b5ec227ba722d79c8331eee158405.jpg,0
nlbx_7cd2d38c413cdbfb6d46d8a385a1825f.jpg,0
nlbx_c2b2556f1909c1c29ff5160858c4f660.jpg,0
nlbx_3aea77e43401564d342713bee3c5ea62.jpg,1
nlbx_0320f09fa6e540a1d4718939d8082b1c.jpg,0
nlbx_3dc6bbe73ad659b413e5f667358d5cf3.jpg,1
nlbx_b4d98acdcabf355b731364e9aa556a8d.jpg,0
nlbx_c90fc68ffe398f535b271b1169f6a064.jpg,1
nlbx_18ba9f0f81a3110a193f2e2b8d841b5c.jpg,0
nlbx_d42564512ccc1418b5a0e67e1fed4605.jpg,0
nlbx_2bc61ec9da64e0f86cc7abec58e45cf5.jpg,0
nlbx_c687e8d6d6b666117b51c6476959b465.jpg,1
nlbx_b6cc831fb9b753d2e624b4c1fbd45a38.jpg,1
nlbx_9b54af1437a13de428adb0b47bbb21d5.jpg,0
nlbx_ce80d20e523869c7a03e0ca65b3456c1.jpg,0
nlbx_9cd91938f83e848076206cba87bbc7a2.jpg,1
nlbx_dc32f5986eded056da7fee45e428fd0d.jpg,0
nlbx_5ada55bbb114df1f46745748693f8e19.jpg,1
nlbx_1a0b8cd917be843433a9cd80c1bfb35e.jpg,1
nlbx_a889ffc577bf9ca976e09646a3209e8a.jpg,1
nlbx_2e7820e8d8ab95236f41e6e3d5f09c75.jpg,0
nlbx_284b1a59946fa543a6c3b99647c70e08.jpg,0
nlbx_2c4ce8cfffe396f6683e0f6a56ef2f83.jpg,1
nlbx_8481e1d2dcc9555040a58a6dc1b949da.jpg,1
nlbx_21a5fd6103ad6f3dc1faa593c33536dc.jpg,0
nlbx_8bdaa5d3eb94910a1b54acc2a9e89073.jpg,0
nlbx_9b208fb295fd4d51c072fb0dc02b6a3e.jpg,0
nlbx_88a19b0f5a27d18a0b5c17d7ecdca60f.jpg,0
nlbx_bb60c32544c1ee917c633bad2ac6986f.jpg,0
nlbx_70eccd5096bcfd62ce41c409706132c9.jpg,0
nlbx_4294d92413b29ebc696ca2b6f73de3bc.jpg,1
nlbx_53beb5d41397efb7cf894ebb465a1154.jpg,0
nlbx_aee23107776825e26fa050229bdc95ac.jpg,1
nlbx_561fb34dcde6c8334ae3e3416a1fda30.jpg,0
nlbx_9a3df2e5a3aeeab18c48896cc75a310e.jpg,1
nlbx_a0479b1e678a84d7cd7500980346d33f.jpg,1
nlbx_e422d7a80e4ef0d1396d43369f44838c.jpg,0
nlbx_7ca7ae88e8ca5a975caa891dc34aa184.jpg,0
nlbx_f333d878ed6c3a24c149049693ba0299.jpg,0
nlbx_eda935d15365797818619b17ff313bdc.jpg,0
nlbx_716c55eb8185e55c5d084fdc20361043.jpg,1
nlbx_534e34fae6effb4b73fa3ba666810335.jpg,1
nlbx_2a3c048f708dd599ab1c085710c0ce31.jpg,0
nlbx_d3d8bb82b95035653b406396441f74f8.jpg,0
nlbx_d81f3baa43d670e92b7c06706f7c025b.jpg,1
nlbx_9fcbdd7a41130d4b67ef444e20eac8e9.jpg,0
nlbx_e4438c7449bbf219f4ed0d1cdc55d5ba.jpg,0
nlbx_fa561f4d79b1c4f5319f55be6b965c63.jpg,0
nlbx_ed2bf6f6ffc6d12d288578bf8965a586.jpg,0
nlbx_dc3f297185967bcf16a8cb7c97634e19.jpg,0
nlbx_f5273050d9c3d4e4a8e187e791164c39.jpg,1
nlbx_30b1144aca1e4e4910d1aa9df00a4449.jpg,0
nlbx_a8e3471733fda1545713308ddc86cc1b.jpg,0
nlbx_4083f8623349f8a250df1b2ecca712fd.jpg,0
nlbx_76119096a7ec173f6dd8ecc76b00e35b.jpg,1
nlbx_0f1682bd7994c677fb808c5f63737efd.jpg,0
nlbx_261f38f1cc20b36bcb31c9d134174674.jpg,1
nlbx_1cb39238db3fef114c34e12a917a875b.jpg,1
nlbx_57d996a0cbf95e026ac59984df0196b8.jpg,1
nlbx_471c7263c3caa87e0c6b05ac143700c6.jpg,0
nlbx_3b00c2a8546b0afd4fecc7612e2a2aaa.jpg,0
nlbx_35584f71d0bb189e686bd7f23f807574.jpg,1
nlbx_3f2301510c3036fa68295f4d64819ec0.jpg,1
nlbx_256cb906f25b3265d31ddeec44e2c808.jpg,0
nlbx_b2075c74edabc0982f5d9532f119c4c8.jpg,1
nlbx_902d17496fbbb4b2934e2d2212a7a153.jpg,0
nlbx_3a59e76411ca2fc5c90741a0ca905ae0.jpg,1
nlbx_019bc98d16a4098dc47ca57a59a2aa64.jpg,0
nlbx_0d838d89856de333f0d9bc72bb5a2f98.jpg,0
nlbx_4cce7999900a4fa48be3102eed0ba303.jpg,1
nlbx_a7d1c52f0b17bada16fda6238687af12.jpg,0
nlbx_e5a21473a657e9bf2935b092408f8498.jpg,1
nlbx_417836225757c8941458e4ea2e196cb6.jpg,1
nlbx_42c11263b086adae35d9ed678b32b828.jpg,1
nlbx_4d89242b14fdf2ad6b6f86b074183739.jpg,0
nlbx_a9cd33324ac0974023052b964d2f8b68.jpg,0
nlbx_e26cf4ff04386ddc90c6fe29813b3827.jpg,1
nlbx_698aed7a936ffb7ace5b9d3ec2448f49.jpg,0
nlbx_c2a9c1833927310223a0b73016079472.jpg,0
nlbx_80b41dee900f02ca8e68d55d81d32140.jpg,0
nlbx_f218a706fb0d33957ca832961d982e19.jpg,0
nlbx_ad09baa73665edb2da7adbeecde14960.jpg,1
nlbx_c33f523ae0d76a0fa320f529d0234c63.jpg,1
nlbx_2099afd6db46577f16d8a81c4eec5f60.jpg,0
nlbx_86750ecefce14e47d225815de165310c.jpg,0
nlbx_ff90f922db17c0830a2c8edb43051cf3.jpg,1
nlbx_1579151b628f5740f430e4cdfd10e3fc.jpg,0
nlbx_712a28ec263e59b80a2d8a4197eae821.jpg,0
nlbx_c09b6d71244ae44189a1a080cb55ad65.jpg,0
nlbx_8ab4183fce95d92becb9bba37d161c52.jpg,0
nlbx_aef5cba0f5a04d22db76fcf213afaea1.jpg,0
nlbx_1445af4db0e649eb80349f950b458171.jpg,0
nlbx_d1fbf6870417a8aa3ef3b0c2e50b95df.jpg,0
nlbx_3457340e877bf3a6058c120f41b1a5ff.jpg,0
nlbx_77a8e3ecd53d0cda0fc479dacff620cf.jpg,1
nlbx_f0d2acaf8df993a6b34f0a4268b7bd97.jpg,0
nlbx_3369a5c981e6b652677b99b369a7705b.jpg,0
nlbx_c49d5b6a3fa48c79ce516225863cb51a.jpg,0
nlbx_50c8d814905629c3ff11e71cc1886e90.jpg,1
nlbx_e589127945de3f1d809cf539cd6ddec2.jpg,1
nlbx_ce3837a5532f88a2ed93326df321d8d9.jpg,0
nlbx_85e78e7cc3857048ccfc50e0ff377980.jpg,1
nlbx_8aa34ae78e2d26b6d2027c0f61121e29.jpg,0
nlbx_b924ac521824fe541afd1eb3244d9684.jpg,0
nlbx_375b7896c8cd563da8d9a995a8361f17.jpg,0
nlbx_7eeaa35eaa065e8f0cc6eb9449a5f9a2.jpg,0
nlbx_dbed7325b435b18136c365cd0d55192e.jpg,0
nlbx_f1192faaddc77d1ed60cb0a79c03184e.jpg,1
nlbx_7e8b8c1fafc020f5a7c77c523ec61140.jpg,1
nlbx_9aee56093a1e7d978bc9c1bc7d71247f.jpg,0
nlbx_40618af8198fe3e6402bc0fbe9965bdf.jpg,1
nlbx_7746cd20bf946e14f61347adae0f3f1a.jpg,1
nlbx_7985a0e77dd0f97509b43c1fe906405a.jpg,1
nlbx_c2473f6b311d74fe76c71c9731a014bf.jpg,1
nlbx_5001b191dd288a09626ab88ba6b83dd2.jpg,1
nlbx_81c2cb2ab85f51e284fdf6e250bc1241.jpg,1
nlbx_04e9e66dd22c42578c537a159ed60f94.jpg,0
nlbx_7e11497bee84bc5dbaa3890f296bdf25.jpg,1
nlbx_c3644ccc2ced6f14249438be27fbf95f.jpg,1
nlbx_2d310ec8b209226af89605eb99cf5a23.jpg,0
nlbx_1a430674facc1b880f29a885ed955ca6.jpg,0
nlbx_8c7cffdee59d8000e95e3fcaff961422.jpg,0
nlbx_acbcfcf5cd277973a70b5f40923a3f00.jpg,0
nlbx_69f2091b78d0027a431b00e6c613aa9a.jpg,0
nlbx_e54af38229c6db9d2af5a13d0da6c068.jpg,1
nlbx_b441d2769b3368c8bc15d764319fceb3.jpg,0
nlbx_942a21eadb3841fcf043df10b8830cd7.jpg,0
nlbx_272a2c5a1f881d9ee1600a8ea51e687c.jpg,1
nlbx_c29a1a6236d2562de056aef16279ac1d.jpg,0
nlbx_bcde4471724921ca6c74f5a8419ac972.jpg,0
nlbx_d361ada55a7437e6947e9bf87b2abeba.jpg,0
nlbx_4e350176c17ccb80a4c16d08363a4110.jpg,1
nlbx_5b53d41dddd286eb9428dc5d5d7a7926.jpg,0
nlbx_789bc5e59e577dbdf08c74a453648fef.jpg,1
nlbx_e49cfbd3fdb3da83ec6e94c6dd5306d8.jpg,0
nlbx_3003ea9d12f164bf890d2df21aa574aa.jpg,0
nlbx_2450030c50aef4792f1c279a6cd94014.jpg,0
nlbx_d70a3a982ceb943c2db271658ab72f6a.jpg,0
nlbx_635c0cb3d207b997a34794965deda798.jpg,0
nlbx_a1f53405eaa3f7dd4abccf41acfd5867.jpg,0
nlbx_60f0d93deb04c160f7d80f55f4afb6f6.jpg,0
nlbx_fedd8d0d496616c44b719e52b782c72b.jpg,0
nlbx_072704874c920879a1b8281d3699ee2e.jpg,0
nlbx_981ac4b7f85caec346a5cce90b1b61be.jpg,0
nlbx_26b84a1b65516da60f034696ff3b9ddc.jpg,1
nlbx_cbd47f4c70f044f87d6519c484485418.jpg,0
nlbx_4360de0fd8b43db5e81c1a19d06eb1e6.jpg,0
nlbx_2e082660446c6ae57509cb7240cb62f2.jpg,0
nlbx_3e51732c49c80c493cc6d292b55614c4.jpg,0
nlbx_536e44d0dbee41ba707a8a88d37bd358.jpg,0
nlbx_0b1a8e5ed67029afe8fc53368f4c32db.jpg,0
nlbx_7f788cc8e96b3461c74a6dc4e91c801f.jpg,1
nlbx_981004e0258ac6bdc43d4ffb81d41a70.jpg,0
nlbx_611adf1430d17ecdd4ab3bdc75b5ed72.jpg,1
nlbx_08f920b0c71da2e9d99bfd6e72649a55.jpg,0
nlbx_6ad481dda89e6292226ccc0423383ae8.jpg,1
nlbx_c0959df259769133ee24cf28c8228af5.jpg,0
nlbx_ecb749e0f69a210de7ef8789f826a12b.jpg,0
nlbx_4af27840ab7a9a78bb5905f0b9401127.jpg,1
nlbx_7ccaa49ba713762d53b4bafdea1ae20f.jpg,0
nlbx_fff71344dd7e39cff946451199b5e307.jpg,0
nlbx_65f923b7522016407184d101008b1564.jpg,1
nlbx_4a7da0a634136f6c54fba9f7f1e3996b.jpg,0
nlbx_9786ca0b76cce90a4710f9caaad28706.jpg,1
nlbx_7ecd5b20419ca3f5d0a50e77679dc7ce.jpg,0
nlbx_24408c0e48ef93504e8d59e5e0a79d9e.jpg,0
nlbx_8367edebce3e2793e8ceb95733e98301.jpg,0
nlbx_b2dbb0f3496266b354451b8d0ea67916.jpg,0
nlbx_b7271f04c6413a9fa7e1f6c3a6124613.jpg,0
nlbx_ada676719c72762d7bfacd2004cce8b3.jpg,1
nlbx_da04584afe20d7f449d5aadc85a49696.jpg,0
nlbx_12d95a7b695fd858e007a77d8814014a.jpg,1
nlbx_38cd44a291a27a4fb286c4aa58531aa5.jpg,1
nlbx_86e9287c51881608686790cd2a014d3c.jpg,0
nlbx_c111baf147112d90591aca78fe3f3c84.jpg,1
nlbx_fea695e6bbd47b39d1f5d546ff33a21a.jpg,0
nlbx_b9f173ef4ed66a8777fa3d09eea74b76.jpg,0
nlbx_ca0d51be6d1f97394cc8e7559bbad199.jpg,0
nlbx_1ce9917f685ef353686816d8992fdd22.jpg,0
nlbx_b1484abcd0a77c4f2d665285322d666f.jpg,0
nlbx_e10db8bd4986906b3773c20f1a5bc566.jpg,0
nlbx_6fe632033475e04ceb4651295ed65820.jpg,0
nlbx_54d370e48f7f2470ea346a8afa99be1b.jpg,0
nlbx_9a23948d7b5a75c0ff10ee3236edf5a3.jpg,0
nlbx_ed306770569c70454e5ce29d36025f10.jpg,0
nlbx_082c74a98fee0f1d57995be530795f83.jpg,0
nlbx_ba9b0f80353c3368dcc0be5d7fad386b.jpg,0
nlbx_ee50201266f13123e726a094ef187303.jpg,0
nlbx_345203968df18eee30dc873f22d863dc.jpg,0
nlbx_f8d79fe059864bf4dc948ea58ad5f428.jpg,0
nlbx_eae917a537b77fe9973b3b82f9ef2368.jpg,1
nlbx_7eef80fa7b6b89bb3d1955857ed21b28.jpg,0
nlbx_1bc735e062b87decb463a3137be8e1ba.jpg,0
nlbx_75c8116144e2de855af0652ad76d2201.jpg,0
nlbx_1e0450f60d7aca3117d5464bab68f3a8.jpg,0
nlbx_4c8c294761879b04c05232f949e1f88f.jpg,0
nlbx_5a1ea795cf78265a4a4b33996e2ba610.jpg,0
nlbx_8a7ba9ff4483de02cf9ccd22ae427118.jpg,0
nlbx_af63286ebb52426b0bd35a87c137ecd3.jpg,1
nlbx_28cca102b42b86fda5735c3ba8cde07f.jpg,1
nlbx_23364bdd85858cb90df4fbee7aca70e0.jpg,0
nlbx_db6e4d826df80beefe65da85ad907482.jpg,1
nlbx_b1197ed18c1b0ff6d7a2471060923f7e.jpg,0
nlbx_69e43ec0c99a31f9bc80c78a200ce4a0.jpg,0
nlbx_0bab426861579e03fc59508b39b797eb.jpg,0
nlbx_78d19b6937d917a4293bbbd0718eaef8.jpg,1
nlbx_15e21a5f87458c161fc34194e4685b10.jpg,0
nlbx_3aeceebc08ea189d980a406bf4a0eae8.jpg,0
nlbx_7837271e19df7bc0935ce95d52b10920.jpg,1
nlbx_6732ef5f75793ae579980b3a9e973fd4.jpg,0
nlbx_d4da34fa7224b9b3b5ea677f5968c5ce.jpg,0
nlbx_7f9f1c6493f814d55ef3fcb8a8de5004.jpg,1
nlbx_47a6af70f54ebeed0dc61e54e44b0080.jpg,0
nlbx_84f2ad70125f3cd73e0f209e5aeaa182.jpg,0
nlbx_e8d0bf8e64b12f9c607ac5080d2a32d1.jpg,1
nlbx_14caa81a68540d08ef478819554e226c.jpg,0
nlbx_fb70759e43f4a487b78db0f33a3518bb.jpg,1
nlbx_354d6ec26b0b4ece40415c019761a986.jpg,0
nlbx_f7482654a80feafd2a6e137e5c3bb29d.jpg,0
nlbx_55446091d71beb4e4fd9298a1b42ba68.jpg,0
nlbx_a1e1061dfd355bf47199d937ed14f119.jpg,1
nlbx_5b9e2aec92ea4f6c9ab7fab6cc1a25da.jpg,0
nlbx_9adb296ea058e8ec9cbd3a3b6beda8bc.jpg,0
nlbx_de67c64d66a77f364f3c0041060ed846.jpg,0
nlbx_d10c34d945aa7265a1d75dfd4a663549.jpg,0
nlbx_227885de9e8bdf2ebb2f95802c8f64eb.jpg,1
nlbx_f54bef0a5768847d50bb2370b2f51e7e.jpg,1
nlbx_9e46eb60ef1316ef1c1bc4708e2c31de.jpg,0
nlbx_91f69fc2cb76d53ece59217479acb4e2.jpg,0
nlbx_29c9df989c832bfd876505cb9e41e171.jpg,0
nlbx_ee78d600361c387cf976ead2480c4ba8.jpg,0
nlbx_0c4f3c6d0fb543b2ead90e324a8686da.jpg,1
nlbx_680ff170956a9fa03ceced03191650e6.jpg,0
nlbx_178b440f20cade9d8ab115a8cdfded90.jpg,1
nlbx_b1224fad4d7bdfad30ba9aa1d31c1d06.jpg,0
nlbx_3c365d3fa4a976f4b3024a57e0615cab.jpg,0
nlbx_3ef49aa2fdabda10a2d6dbb6558106a3.jpg,0
nlbx_3610f5598def66cf6b0d0d2bd5f69134.jpg,0
nlbx_7cf814268ce74e03c5bfb0792466baa6.jpg,0
nlbx_41919805fe53e5f42bc493eb4ba5079e.jpg,0
nlbx_75f0da1a5df3aa43901572a1a5031c3e.jpg,0
nlbx_223e42b2c00dd3d45bc8d979b41d559d.jpg,0
nlbx_b2f8cf6f3e05935f0a20d3cd5c3ceea8.jpg,0
nlbx_f3c6e6e0422b3a8c08207f834eaaa310.jpg,1
nlbx_eb6eb7a0e2a03c98627a4f0a3efa7ea4.jpg,0
nlbx_353a9abc4d3ae97ddd48627cc80f0fb5.jpg,0
nlbx_cddfe09deac80597c1d4a51d8c15e147.jpg,0
nlbx_f3a61ccc52b447c9f548784036066b1d.jpg,0
nlbx_c183826de52900fdf96c01b22ceb4f05.jpg,0
nlbx_e51732c3dab19ccd859f38a6795b65cb.jpg,1
nlbx_f7d87967cdd68c1ec22cd3838d9fcda2.jpg,0
nlbx_1a0dced1c1a3376d35f78aa594652ea9.jpg,0
nlbx_e39245deca3089599e251146d1ced8dd.jpg,0
nlbx_4b10b4fddb71389eb0da3647029f7b28.jpg,0
nlbx_521a7c35c08ea3d082beb3550352e78e.jpg,0
nlbx_b75463d63745abd588ea4c605a0abe9b.jpg,0
nlbx_d8ea70513fb3d7f445ac68ae87a46521.jpg,0
nlbx_4107d70e30b3b148630c14d6581fbc76.jpg,0
nlbx_b7382aa4031991b10560ee3cfbebfbdb.jpg,0
nlbx_e634d9b274ba5b69168d2b64af65e69f.jpg,1
nlbx_32227972eca9e7182725a2537c6a9be4.jpg,0
nlbx_5a27ffdd6e98a825003fab73695bcdfe.jpg,0
nlbx_ef05fed654b3ab188f31604084267aee.jpg,1
nlbx_2ace2bf97fd92cb94c11ed599a2ad17c.jpg,1
nlbx_4e075811faa2fabdfb901d31d0449551.jpg,1
nlbx_58c55736bcf90960e875f764f25b8d7f.jpg,0
nlbx_416e92099e5620bdf5e442f94d92a4ca.jpg,0
nlbx_40b8cda1fb3754b64f2777cc903c031e.jpg,1
nlbx_edcd2dcb41acb434c49ab4a5521c1821.jpg,0
nlbx_bb98fff39931f405e802e3b3a5c2790e.jpg,1
nlbx_237aad4bfe744219e93f077f168f546e.jpg,0
nlbx_3525a3b12afb47aec2e63a6eab49eab8.jpg,0
nlbx_087af44fe8e9520e6eccf60a3a7727b4.jpg,0
nlbx_754c4e6cda8951b56ecec474e143e22d.jpg,0
nlbx_9bc63bce22516b0048d9844109ba4957.jpg,0
nlbx_4568c283a7e937556901cf970f576ae3.jpg,1
nlbx_7a4a75a2af455ec578dded658b580e08.jpg,1
nlbx_8555f3fe6794ef6a1b1468ff81b223ab.jpg,1
nlbx_9c5e02e60b85cbe00235460de017d240.jpg,0
nlbx_18ad8fc0bce9e9cabe8626f02acd930c.jpg,0
nlbx_293481a54f907dd207e7a8dc62c32a9e.jpg,0
nlbx_b0f814dae71abb8310d24c60b4a21e75.jpg,0
nlbx_1eca7af5ce907443060429428fdd3799.jpg,0
nlbx_8e02a58119a06356e21e084a7e5e821b.jpg,0
nlbx_6132d8d710e7c1650e5ae258e290a1d0.jpg,1
nlbx_b062244899714fd26b241c5c851ab26d.jpg,0
nlbx_512831f7130daef1d5b923386d5014b6.jpg,0
nlbx_47b496c672d1bc30633fb42319328760.jpg,0
nlbx_25a87f1000d87f2a42102366f8a625f7.jpg,0
nlbx_ac91025d3276853dab2586c7a44cef14.jpg,0
nlbx_f818bbc010e76ce658902939e2318111.jpg,1
nlbx_546a06bcf9747f3f5868098d88b17141.jpg,1
nlbx_a1ff16e53dd3e37140cff6c8c4cf6f73.jpg,0
nlbx_b81f507bcb6e093f84284e2f998b8326.jpg,0
nlbx_98e4de4793adaf789a3d52eee4f88370.jpg,1
nlbx_06e64e0d1f2efab2bdee84ce57534ef8.jpg,1
nlbx_d5ee7b5854f2a77221fdf09ce56a9ad9.jpg,0
nlbx_6c99ca3c46c0c87f0bd0ff432f889529.jpg,0
nlbx_caf5dc1c3bf847fa0a741c880b7ac497.jpg,1
nlbx_5e6366444ea35f479c1b19bd39dd1712.jpg,0
nlbx_dbd4b4d11a3ebfd7f711fdd3a80cac83.jpg,0
nlbx_d2ffd4d3088a2f6c2bba2d455205cb13.jpg,0
nlbx_2a6f6b4d63fd30fd35aa68052b862eae.jpg,1
nlbx_143dc89288107a6ea9e5c25c96625d11.jpg,0
nlbx_1c48e7f172198b6f7920d020cf9c8d36.jpg,0
nlbx_6ee25ccf395365428bfad1e3dc943149.jpg,0
nlbx_b7925831b5fc5e3132213bfd733136c7.jpg,0
nlbx_84cb7d3e0916107e7b0e54461dea4d1f.jpg,0
nlbx_c5f5d1c6c9284c8e66935b75cc79e6b2.jpg,0
nlbx_cd0caf5ca22f28d45c7562d83dc1b067.jpg,0
nlbx_f2c61ef026fdfc9180c6ab42831dc6f4.jpg,0
nlbx_4999b514b8da710f3b09c97e7b8b7d22.jpg,0
nlbx_29522d99f8e1de0a33365ac8b0eae1f0.jpg,0
nlbx_f2bd1a72c8a0b0fd0b9763455ad333a4.jpg,0
nlbx_688f1cc5b775c2aec41c801a5f2a8c26.jpg,0
nlbx_c231af85623c04fd871ab0eb9bad04af.jpg,0
nlbx_38508e2799074b10a11f68dd3883e1f6.jpg,0
nlbx_43c1b979c0c8228cee92646804e6cbab.jpg,0
nlbx_539609415f40f49743b7522896838e6a.jpg,0
nlbx_4be7b1237b3fa3d78243375ff07ea8b8.jpg,0
nlbx_96aed6ee1a6212da4ec0de5b0b8878f2.jpg,0
nlbx_7ddc7226cd3c33ddb7d1643964ec5c89.jpg,1
nlbx_6fb235a36ebe3230f2234acb99aa2a68.jpg,1
nlbx_957261824feffb0814b66cba039050fd.jpg,0
nlbx_28a1fb9620dbace24aa13763c44af812.jpg,1
nlbx_80dcb553b39dd174cd211a8f26c49b43.jpg,0
nlbx_0bdd699a4b310d86704e2afb055308c1.jpg,0
nlbx_fac768f2f242a35f940c8799a079faef.jpg,0
nlbx_f43a2530b6c7ee9a0a89be6ca81896fa.jpg,0
nlbx_1fac1c28e1c33301047d756c8b6dcae8.jpg,1
nlbx_9160210ab825994515c05c57a3a71684.jpg,1
nlbx_5bdac20c7c36685e7674ccfd5b0e2276.jpg,1
nlbx_0c56cb0e2de8b3373bf0b402180cc2e1.jpg,0
nlbx_b9060dc50dbb2ecb9c48706f669b9425.jpg,0
nlbx_1625a26c83daa1d142ad2a94fe99c41e.jpg,0
nlbx_c8031d0dbbd017a872e86ab708832da7.jpg,1
nlbx_8d3ec98258aedff8f5a6807718a782fa.jpg,0
nlbx_b9a2d083c89729a0fd7ff907450087c7.jpg,0
nlbx_b15c9756d6093d7affc94da2fadd03c6.jpg,0
nlbx_915bac85caaa67e2077c5e30ee4d666f.jpg,1
nlbx_185f6b71ae7fe0bda61b41f322fbe9a9.jpg,1
nlbx_13014a60cd722d320ea773651118c7ae.jpg,0
nlbx_6d7c9d395c4dcf0c48d02a50ea40daea.jpg,1
nlbx_3109604566039cb9be327b9b1dbb713d.jpg,0
nlbx_f799850471e048e202028a032e80b93f.jpg,0
nlbx_496922ed4a2aec7ff7c1f56d79177cd6.jpg,1
nlbx_0cd62c0a4efebcadc7f44a5b4198b6d1.jpg,0
nlbx_0307fe6edfb6f7f75a8718531ff4a5d1.jpg,1
nlbx_ebf462de9394fcb8c320ef0bfadf2a93.jpg,1
nlbx_a6d08b23062b8bfb586584fac27e4bcd.jpg,0
nlbx_d73f882534d14af1ce32a8cd112750d8.jpg,0
nlbx_5afcba79bb1f830ba653d7f6855ecb59.jpg,1
nlbx_dd09f8d02731421a658dc763f4cc1cf3.jpg,0
nlbx_66e688344029aca060e24bca8d7bf3c3.jpg,0
nlbx_624725e491b3c2121fd78b56cb6a4e24.jpg,1
nlbx_fd952404ad6805e8c8df69e3d7aabea3.jpg,0
nlbx_4db2cc1cfe789205133570985b415e3f.jpg,0
nlbx_3a13c3dc06c904932bd9d68c8cff794f.jpg,0
nlbx_e78718c2dd57a64975efbb92d79b06fd.jpg,0
nlbx_f26d6b76e66ec6d39414b7855aa37534.jpg,0
nlbx_109d5e9f6d11aaa46446ffa6f6913744.jpg,1
nlbx_ee36d001f19c6b0930a889b3e445ab0c.jpg,1
nlbx_752c36c098c00afb2229a05568090e5e.jpg,0
nlbx_1d936490f974fc4ce0883be98ac7d66a.jpg,0
nlbx_96156c72ff740ca79bf818d2cee50dde.jpg,0
nlbx_34e6c5ebc1202fe53e9ed8599551ae2c.jpg,0
nlbx_3a9cb51cb56ed9f873a5d81faf2585fc.jpg,0
nlbx_ad7a078ff334db7f4c00c1b5aee609c6.jpg,0
nlbx_80c032cc9d51baa0201029881596ae90.jpg,1
nlbx_5df8300c0f3bc2ffe7c13167a07cd879.jpg,0
nlbx_cf6a2a1bcf2c16d71d4a2cfe217cd02e.jpg,1
nlbx_c8ae97693c924a5561f666f4919644fa.jpg,0
nlbx_4c680df27db9d587bf8505dc1abf69c4.jpg,0
nlbx_ec63021871e5e5bae0d5f72435f9d9f7.jpg,1
nlbx_ebbeebaf4305970f9fd387311f312dc3.jpg,1
nlbx_fcc127c64b35e177a5dc4b43b93851bb.jpg,0
nlbx_95a2a1cd0069303c3edc526595e59af8.jpg,0
nlbx_b9b580beffd352bae75c718330f012a2.jpg,0
nlbx_12aa813f351111492c51773dba58bb2f.jpg,0
nlbx_d0b7c239576e6c6ce7196b10a68f758b.jpg,0
nlbx_9e33637bac7cbea74fbe8721561e6464.jpg,0
nlbx_c710250fa87711290510e2b4c80533a8.jpg,1
nlbx_13ddd9863ac0ff5b3cf47b9699a1b9c7.jpg,0
nlbx_9407549bc87b39044105ed839cd50730.jpg,0
nlbx_d5b366f104840dbd040904f310e99a82.jpg,1
nlbx_5be1dd317e4dca46b6a13bcde1d67f1d.jpg,0
nlbx_70504eb36f5b9fca22e86ea73555a65b.jpg,0
nlbx_f81b40265b056e46fa82094a6e9250e7.jpg,0
nlbx_50348d8ca6f5f49d576955e27cdb60b9.jpg,0
nlbx_81331e8ce7de08c4f059186fc2150d53.jpg,1
nlbx_56dd3c78ddf58100d38838a61a641662.jpg,1
nlbx_c14ed56bdca089f973f3602476f74899.jpg,0
nlbx_f342872d539fc39933417c1f92321f90.jpg,1
nlbx_2957cd7e5804d7cabb3e5ab92bcb63e5.jpg,0
nlbx_3a07332fac0f1d6b256d1377a0e4af7d.jpg,0
nlbx_163500fcb28d75868548e541a8869ce1.jpg,0
nlbx_8a5fd6e145e24af2d6010da5714da7b8.jpg,1
nlbx_d45cc588698f7d1c688a1ac99dd968ff.jpg,0
nlbx_7b0337ef8ba8d678fa49a7a3b718b2ee.jpg,0
nlbx_cefd052af878c4179e12133582203e75.jpg,0
nlbx_f9cd983fe9df9ecc9de7bdd08d9aee1f.jpg,1
nlbx_ac0d9e534cd042a486ed9661e3f38dcd.jpg,0
nlbx_3650c903feaa6931740d27092b63d48b.jpg,1
nlbx_9a27f18e4c084a1e3a4c60f9d4483d0d.jpg,0
nlbx_e66b5fe0f2f5ec4025b5a673395d2c44.jpg,0
nlbx_6b91ffb792ef4cf46a224d7f2f1fd5c7.jpg,1
nlbx_78a4e46753c5863f4f38d6cb0ed136c4.jpg,1
nlbx_3ee6859203f3fca27d3f9716c3318126.jpg,0
nlbx_9bceb1af7a3d0ef8d6e6de785b567f92.jpg,0
nlbx_30b11fa986f8cd38a6abbef9f322b58b.jpg,1
nlbx_231ee13bf521223aa1ed12848a400e21.jpg,0
nlbx_6af0e994273396fed516a9cafabf2d47.jpg,0
nlbx_7d2b5d6993e6bfe64a5dcca13d914877.jpg,0
nlbx_764a1d2802a210e4f6bda03d537e196d.jpg,0
nlbx_65667a7c85bf75cd8e217550f0c76a22.jpg,0
nlbx_4a423cf7581ee89b98a83e8650fe8059.jpg,0
nlbx_4d5dfbe711c43afc07173eec972c1c10.jpg,1
nlbx_1ea7965e75229d62328238a479337514.jpg,0
nlbx_1c759fb0354c05857e6b8600a3cd75e1.jpg,1
nlbx_fe55c764696179af1561833c4e67a1c6.jpg,0
nlbx_e876546f7d705d32794a7f6e77ab07bc.jpg,1
nlbx_d86192cf731c071e6d838d573c78b674.jpg,0
nlbx_5f70945a6147ca235efafb4ac495a05a.jpg,0
nlbx_5069f2a380083ba96562617fcf4fe508.jpg,0
nlbx_c1ea5b71239ee57a273b3ed059e23ead.jpg,0
nlbx_a24231ca79f4540a381d9bc4c2072bad.jpg,0
nlbx_315a6c0d0678c7f34519c922d597d364.jpg,0
nlbx_ba44dac13d1f2af756adea0607ae0461.jpg,0
nlbx_1edf872a2648ff1fbc5597d09d1ef8b8.jpg,0
nlbx_1726b8a9e5f38af22a12137f301a4a5d.jpg,0
nlbx_59d2613ea6c162107451da67a4cbf8ff.jpg,0
nlbx_53546af4368233af7c0bf2bd0596ddc5.jpg,0
nlbx_4f5bcf281079f2d67a3a5766d9e0e264.jpg,0
nlbx_c12f2d4cd51208d0426f5681d5950a3b.jpg,1
nlbx_557267b84906cf08d27edc5111475475.jpg,0
nlbx_db9fec3b1a6807ab5ab7c1a242bdc1f0.jpg,0
nlbx_a31adaad327c2fef46766813eee4ffee.jpg,1
nlbx_730a42fd3cf397fc5cd4bd4462b06590.jpg,1
nlbx_fbfcb52c51ed8ea047c0231922838834.jpg,1
nlbx_9623ea0f23536dd16c34ed38957b9c8d.jpg,0
nlbx_d02f634e0932882381ce5506860c63de.jpg,0
nlbx_a31520606110d868865d7492769f6a8f.jpg,0
nlbx_227ce598e98d7d70e91d506d185a9858.jpg,0
nlbx_3058dc4f1e12fbc0f8d23c5ce8314b95.jpg,0
nlbx_1e2b50bb2aa62579fcacfffc767e8c71.jpg,1
nlbx_f1da80e9012275eb691352d498f80a6a.jpg,0
nlbx_1904802b5c7fd6e2ea739e881ae923b0.jpg,0
nlbx_94c3029861fdf6bae37666beedd65b3e.jpg,0
nlbx_f68630ac2b39427c267bae47c07c3b9c.jpg,0
nlbx_e5fb20dce0257af2934458678f0509ac.jpg,1
nlbx_a6f66ac46c7c7eccc42bdf2adf2da7f8.jpg,0
nlbx_579e8e29510d6613ea16fc90eedc1189.jpg,0
nlbx_58eae1615c81e0482d8a6d38577d167b.jpg,1
nlbx_e5254f5e8b8b32bd382803daef12c381.jpg,0
nlbx_88b29784723f8693cf3e612cdf2a3ef4.jpg,0
nlbx_c98df0d0c749d96ad7ddbeacd0de18b3.jpg,1
nlbx_f82894475a28740089885e040e3c4429.jpg,0
nlbx_88c098bb1e9b0be94c69154f46d7eb5f.jpg,0
nlbx_89ee3d7ca4fed704bc6ffe988d967928.jpg,0
nlbx_aaad893c473f587b54f5da07d4ffef80.jpg,1
nlbx_b7e20e2ac2fb16de0613d4ce65d6cc4e.jpg,0
nlbx_de5fa40c493016b46f71caecf84d8958.jpg,0
nlbx_771e213d84e4b0b602f370be5179734c.jpg,0
nlbx_e8c83581ff9c9914bf3693ab067d64bf.jpg,0
nlbx_895f52afb449132da73a7e493ff5e3cb.jpg,0
nlbx_f8ac40dd845fa455dbe2fc99c931c2e8.jpg,0
nlbx_953cc57f638fc0d164d62b301de664fe.jpg,1
nlbx_28d9b62f51f65f423b998245b8ef9602.jpg,0
nlbx_371bafa0bfdfa9632781975ce1ba73a9.jpg,0
nlbx_fb694002aa1d4181cac401bb309afb98.jpg,1
nlbx_1ab2a411c792243ddf96cfba4b87b1c0.jpg,0
nlbx_97488f929c57f3b9411fc4bdf0ea9363.jpg,0
nlbx_cc50c625255b2ac10e1ac92b00578cf9.jpg,0
nlbx_bc494b149ae5a01eca22e994646edc02.jpg,0
nlbx_f91e1c0a1d3cf5a7a5780fa785eb0049.jpg,0
nlbx_bb17a83af7bb5cff15befd88542ee95a.jpg,0
nlbx_39be9f86e3730aae9ef3c13b58b1aebc.jpg,0
nlbx_ebe039aa11105a9667e16530f799a260.jpg,0
nlbx_3e0b49e06f130bc37277fad4acb04ed1.jpg,1
nlbx_c68e2fbfb84136239c99916ad6b097c5.jpg,0
nlbx_031b4c0773363a65dfb332f59a7666df.jpg,1
nlbx_1dead8676852d8592f60abf3c0d43861.jpg,1
nlbx_27f47a8c8396f7c32634c38d621ce37b.jpg,1
nlbx_16b32eabdb8321a73a822bede1d3a437.jpg,0
nlbx_0b3f34b519117d4a10f8f81f1c79acc7.jpg,0
nlbx_0121c9953a6773dcd212a1a1b5a002ba.jpg,0
nlbx_e78771f5a2c142ce168c88c806e52695.jpg,1
nlbx_acc0e1bbcec7fe0a46b35ac48eb4cad3.jpg,0
nlbx_15433913e1c1424f2538be2e0db93864.jpg,0
nlbx_4ee1f62f38522f62cbc73f44e603b485.jpg,0
nlbx_c05d7fa94bad8ab13a8dd2f5410b84d4.jpg,0
nlbx_46702b3dc81c6d55290095b01d24ff9a.jpg,0
nlbx_9787d936822ea3a3f4c04c7d675e07b7.jpg,0
nlbx_886e2cc1959d9d43d19596cfd72dfc37.jpg,0
nlbx_db81557d510bae0820b48c8b71af66fe.jpg,0
nlbx_37fe22a4d611f6c8603d68339ec50f27.jpg,1
nlbx_46cdeb6170966f07f0d92d92b6179f15.jpg,1
nlbx_903dd65765df85c237bf980b5f1accd5.jpg,1
nlbx_f6bfcb6f77f8ffdfcd39e0d1d6b0c253.jpg,1
nlbx_045f7230582c54c1e4de0de5b3cdf55a.jpg,1
nlbx_850e44f94e11f76032277bb16a99c5ef.jpg,0
nlbx_9a186844e345b37609ada766e14d7094.jpg,0
nlbx_fbff6949f095a2f73b98db4367026e48.jpg,0
nlbx_70c04123ea2f6c6eecc2b1da38c141b5.jpg,1
nlbx_25f99bf1d3a8dd095d1dbff485c3c5b9.jpg,1
nlbx_463b1ff513c6dafff180edafce13dc89.jpg,0
nlbx_a37d956a046e179bfa5ef5b77467b041.jpg,1
nlbx_68c17ae7d85f49f22edc94e4cf4a7cfa.jpg,0
nlbx_6e4bb5f546a1fcf0e6e4d9b320bf8ffb.jpg,0
nlbx_0ec706f8e87b04b321c566d573dcee6f.jpg,1
nlbx_8745c4ee915dd7e2695407d64fbe17c3.jpg,0
nlbx_6779be3a5401dfebe7d9209ecaad459c.jpg,0
nlbx_ce45834bca08ab3fb4255bfbfe3b5c38.jpg,0
nlbx_1991ca07290ea07cf10b94ab6aebe61e.jpg,0
nlbx_ac6a92b6d5dc466aa6a5581c81b17230.jpg,0
nlbx_3c9eb81adc5c839a8ba47eea92ba1102.jpg,1
nlbx_9846a7cef38921def1d862c48f3530df.jpg,1
nlbx_06cd3fefd8e78779d508e07ef27b70fb.jpg,1
nlbx_7c176bf5b44f924b596e7fb63c7ccc3d.jpg,1
nlbx_be60f02d897dc9ddced7792953d8aff3.jpg,0
nlbx_a6e8b7aa8619b719fb5ee89a595c3c00.jpg,0
nlbx_41c0f9de71843cf712277f05f4efe007.jpg,0
nlbx_d279d4a27fb587253d3774ba6b624a54.jpg,1
nlbx_dc0c3a013cab2eb287f40eed25b9fe06.jpg,0
nlbx_60c280f903bd1748495a75e1c8d52b47.jpg,0
nlbx_0595226bb813f1a6d1e1fff2d5e22639.jpg,1
nlbx_4f0a49df63a453a2f7f73db1afac6400.jpg,0
nlbx_bab93c23590615b4e78de6300c99a81e.jpg,1
nlbx_6921837dd8473c4775b3e471129f24e9.jpg,1
nlbx_f643954b6daa2fcb50c23243d6567e4b.jpg,1
nlbx_55781b6e65465c811544dc0391a30719.jpg,0
nlbx_48122bfb9a4db6fc9cb8609319a97570.jpg,0
nlbx_036e1c6e48888dc54fe1c0d2808a285a.jpg,0
nlbx_191f13b29080ac46ca3e2dc640b727d3.jpg,1
nlbx_3ca877a0bf21f3ac703db239d7d0a081.jpg,0
nlbx_3f5403231cad3b0c4cfc63171783fa03.jpg,0
nlbx_6d5f422cc3c6fc08dfd69795e6d03dc8.jpg,1
nlbx_fc684b9ca5c9fd437516ebfacf5db6a4.jpg,0
nlbx_fe65f8d9e20c9f509c14040f4f1f555f.jpg,1
nlbx_eee2ea526cc764d267133ac3def536ac.jpg,0
nlbx_3e859a4a7d0882d8fff6d9f9d5fe42a1.jpg,0
nlbx_f7ed7c8a22d9aa796ddce34420bfe970.jpg,1
nlbx_7f3867c668bd30be869b1a1602628cfd.jpg,0
nlbx_6cac0800c8a6fba93d942bdd8a38337b.jpg,1
nlbx_c2fb41eae7c500f47288a62e5635bfbb.jpg,0
nlbx_c9e30be6fb0b0e7174e634f89546744f.jpg,0
nlbx_09da965305803f8274b4835f5802123c.jpg,0
nlbx_5c9834da70a3069ac9bf0eab27d178fc.jpg,1
nlbx_0189f86ae51360f4f2944f5cbc524496.jpg,1
nlbx_ad6922e04d229317ae32dc50e4977485.jpg,1
nlbx_8ebdc7359b13f5e07da5b5db3f51f116.jpg,0
nlbx_4aec74ec2606723fb134c32d81a0fc47.jpg,0
nlbx_cfcaf67d65dc22f5fa227b357a7e4611.jpg,0
nlbx_d36366b360b0debd2369d2d7fabd003c.jpg,0
nlbx_7c89c22bbe1f4c0871d411872a5874f3.jpg,1
nlbx_fdfdb1ff1d8341fe09e21f96655e7d9a.jpg,1
nlbx_eaa77e061e06c9143a9704110bb4c6b6.jpg,0
nlbx_6271c72bf47bef03f1c66404371e0712.jpg,1
nlbx_06c3aac3fbcdb9148b7f1eae64d59b2f.jpg,1
nlbx_c425846bb2c780ee7d5bc7f0c1627a02.jpg,0
nlbx_473c40db02d05412e98ee06d105d3a1e.jpg,1
nlbx_b8f2af49fc47e002c00ff36039cc9990.jpg,0
nlbx_93e68f3020510b0820bbe4d88b951cd1.jpg,0
nlbx_c017bfcffe59c8dd5b6594bd9c36e2d6.jpg,1
nlbx_47cb8830a8282486b0c87f18611c7db8.jpg,0
nlbx_9a659bb25629da27ea0e0d18ec54efaf.jpg,0
nlbx_4443715110974db9f8f11bc051040e49.jpg,0
nlbx_2ee1db15f5a2c82208c3d53308c724f4.jpg,0
nlbx_6fe1c3e299d6f75f0905046f291edaf5.jpg,0
nlbx_82afef43f75b16386d39ef7c61295794.jpg,0
nlbx_23543e470e83c3cd2bbe16330d6d2b2e.jpg,1
nlbx_3c0b415f4254f60c85ff9593fac30042.jpg,1
nlbx_51679747ce49d947445a095541b1bc7a.jpg,1
nlbx_8b086758849ae5074b9ff4456dd58516.jpg,1
nlbx_fc765d07f8c4dd715edaf67b53ecf2ea.jpg,0
nlbx_40f22db8fe58457894c8c89d0ba8bc4c.jpg,0
nlbx_aa5b1a5e51e6bbfb57527d1989632826.jpg,0
nlbx_6f8ce3d9132e0556c4fa3edd646eba7c.jpg,1
nlbx_f36df11979fb27f2f1073b13dd8f530a.jpg,0
nlbx_c8623c94659ab68a52b55f62d3a8eae2.jpg,0
nlbx_3da64bc63ce1d39da246d758b35cc573.jpg,0
nlbx_aaac7bccd15af28f354efb15a42147b8.jpg,0
nlbx_7f6a44236e3b43d249ab8cc9ca56357f.jpg,1
nlbx_29ad4f7199b325dc4a8ac97d4ce19c5b.jpg,0
nlbx_0694e826c53a263473ca2fc0743ee463.jpg,1
nlbx_8365cf592215015191de2146bc7d5ca2.jpg,0
nlbx_23ae830cdaa11e9e7da0025123c974c6.jpg,1
nlbx_d505558df8e5a399e3be03e1c64c8699.jpg,0
nlbx_d866132d88dc8bc92ac6bc9aab5fca45.jpg,1
nlbx_84374c58d70a2c78f3f25dbfad116de0.jpg,1
nlbx_9c734c4f313d7a3c449ea024dd542459.jpg,0
nlbx_3391219c5a0ba3a4e6b9b617c934b470.jpg,0
nlbx_68acd61f5311d77258084008a1024538.jpg,0
nlbx_5e4ccedf5267aa9ed866c258a7909330.jpg,0
nlbx_7b804f9450eb3da22d42eac235be2181.jpg,1
nlbx_548a4f366dcf78a6168a3c700e423489.jpg,0
nlbx_3878ee6aa4d2288ff5912e0389e34ab3.jpg,0
nlbx_6d9ad6cd12d7a8e8973d121fbf4145cd.jpg,0
nlbx_3e2dc6991d8173d797e32634e9240cb6.jpg,0
nlbx_0ccf80a956fb019a1126a4486ccbf543.jpg,0
nlbx_a044258086e7a6f4620d18569b3eb6a6.jpg,1
nlbx_501449074b373c2cf24621895d113d13.jpg,0
nlbx_c3eed55be4d512c0c27a836207b772e3.jpg,0
nlbx_63af752fd7869da494d4727eaa563158.jpg,1
nlbx_f6269bb291178eb114cabdf0799f4226.jpg,1
nlbx_437d308e6adf1ae5d99c4a32c9cef6ac.jpg,0
nlbx_0a593e32a4d80c3a67b3f4d1d29d11fb.jpg,0
nlbx_a6672ce8c065364ac792158a63e98895.jpg,1
nlbx_105d7d9146dfdaeebd726979bfdee30b.jpg,0
nlbx_c83861451c15abbdce9ddc2150fe243f.jpg,1
nlbx_ab495568b87f81a58591235ee3ca541f.jpg,0
nlbx_55e53dc4f534a655907db0a8fd3a1d13.jpg,0
nlbx_eba9a87292854cda25134d65f0d88ca3.jpg,0
nlbx_d27649722ebcb140871459e1d875d54c.jpg,1
nlbx_3dbdce464b4bb7fdafe7f47f9683be1b.jpg,1
nlbx_fa85f8e8671350d0a9b3b9c100d365e4.jpg,1
nlbx_175e1c7c495c36b97c34de8ce7276b03.jpg,0
nlbx_74319a7e9fb4475e7411b139394ce8b4.jpg,0
nlbx_5d607f56bb524545d0bda6da9d3ebc5a.jpg,1
nlbx_f1e150e78bd33db7dfc374b8780ceac7.jpg,0
nlbx_f2948ad8b46c164eec44232346634201.jpg,1
nlbx_c06c48d17bdc5b8950ff7065e8d39af3.jpg,0
nlbx_93d2425caea5ee99491f54825517d580.jpg,0
nlbx_3f1f49f5478932cac5475dead3af64ad.jpg,1
nlbx_484bb12d01b3849115ceedf74dd7c67c.jpg,1
nlbx_4d69b6873e72cf2c8d04ad720ffdda36.jpg,1
nlbx_41146337215824cd7c3e7d40c9a72835.jpg,0
nlbx_d8c8203e575842fc2a58aaac2c0a40ab.jpg,0
nlbx_2cc979d9bd4841a337e8b37815c02d0e.jpg,0
nlbx_e0b63a5b14f46372ba821e7335481325.jpg,0
nlbx_c160907c3b81a1887cedf86fb92cbdce.jpg,0
nlbx_0693fed24313a2132ffdfae7b91fcd79.jpg,1
nlbx_4cadb717162a36ab76a44343c4993457.jpg,1
nlbx_5568ccdf7dacfa70622c622dd4a8c443.jpg,0
nlbx_5a8d88bbffab5b1ef403e35b387f43a3.jpg,0
nlbx_cd243b5cf84c604c59c3257895b0f330.jpg,0
nlbx_b2f120bbce32ac83d113eb7cdc802026.jpg,1
nlbx_ca6fd229519a1e5288df2b6f907f7408.jpg,1
nlbx_7f6b69d192090b94f0b31853afc02950.jpg,0
nlbx_907c53b13958c2c45dd8b776f92d68ad.jpg,1
nlbx_c166ae0fb9f9db90756979771e851975.jpg,1
nlbx_99d746bef75db5f4e299fa51363da8ac.jpg,1
nlbx_f97b2b8068a168ed178d36430d1115f2.jpg,1
nlbx_a95da84f2bffc51235b5c344d72251ad.jpg,1
nlbx_9a6f3c6e517d88bb30cf0c8c771c5237.jpg,1
nlbx_9cd7d0bc2ca1937e3116478f6608ab93.jpg,0
nlbx_9c49a07cff79c03d8ff29f4e6dae06b9.jpg,1
nlbx_b9e38f65f3d3f16d12cb4dc46538dc34.jpg,0
nlbx_8d503ffe4aa71bd83d873a3220673358.jpg,1
nlbx_b19a52b4beeea1d84d1502c5c8de66bc.jpg,0
nlbx_3078ecae59ee789fe9ce5ed1cfdbaeb3.jpg,0
nlbx_42fc611456939ae09dcf4d3cebcd5e48.jpg,1
nlbx_60ad09e63a07e086ca0bfcc968d76b66.jpg,0
nlbx_7ad102eab7b44b7aa524dccd373053da.jpg,1
nlbx_a1916df11f4211764c4784cfe61a68d0.jpg,0
nlbx_6f6a79b90c609f1e23e2697db7925816.jpg,1
nlbx_db042a6d1184241fac6843afc46435ab.jpg,0
nlbx_e0dbf922a648ff5efffa741c71d1d0d5.jpg,0
nlbx_f74f9d8dea8064c667589b29876aa901.jpg,0
nlbx_7cdee9f1b1c35627351c3e75caaa3247.jpg,0
nlbx_670737b1398dfee6c12287d001ca9bb3.jpg,0
nlbx_5a68426d1e545dcf46608bf84a6f7463.jpg,1
nlbx_fb8940132c969e9ac46e3d57f9d1d947.jpg,1
nlbx_be823cc70ca15305adf7c5fe2ac5157c.jpg,1
nlbx_263efdbd65df060a5f3754fd1e8fecdd.jpg,0
nlbx_4d3474029732c5097aa4527ed7e64984.jpg,1
nlbx_1765aab0cb70a326e20446fb629a8476.jpg,1
nlbx_474b2af7efc654257b4135efeefe2db0.jpg,0
nlbx_3233c577512f11afb4b02ba63b1d9d3b.jpg,0
nlbx_86f810c23febbaad97dc8d22f9aa33a7.jpg,0
nlbx_bf26e49b0978b4ecac201317f3965d91.jpg,0
nlbx_61cfa1225d72c83e5fd4a988f9871755.jpg,1
nlbx_f2581baf68f41ee5292762eb46cd09c2.jpg,1
nlbx_bc5f41dd3d09b1c5800a51a41a92c894.jpg,0
nlbx_02b31804c0eace646f72e6bcfe31f0b3.jpg,1
nlbx_2e8c4bf894fa6d34409c90894e189e82.jpg,0
nlbx_3af5da3696b40e0c7b415ff75c28ce9c.jpg,0
nlbx_da1d7c0bbc83f387e41ce6ab1f753a3f.jpg,0
nlbx_dd3213aa79c6725a73957c6a260bbe5f.jpg,0
nlbx_ba151b68a766d6ee2b10390c33fece49.jpg,0
nlbx_33817ef1174295da3192684b0cee564d.jpg,1
nlbx_b65e1ed54b1a45775569b46e5690a045.jpg,1
nlbx_e49609c1d8c45cded0459c8c8e5f44ea.jpg,0
nlbx_38a5973df8ffb12f378a1a61853cfd75.jpg,1
nlbx_460b406f623f79c4dec0c161552645ed.jpg,0
nlbx_4d3931c2d267c0ebbb1439840121475f.jpg,0
nlbx_3c434a0b079b56f5955bfa78e39f7237.jpg,0
nlbx_6a53295a216a0f0896cebb19c9486e56.jpg,0
nlbx_6237a555d63003d6fabb5ce14feb9202.jpg,1
nlbx_3ac654efa7b09c731c5018105e2b8263.jpg,0
nlbx_2d573f3f3c86d6058bf94b811143b540.jpg,1
nlbx_a15736819cd8f1e9bc5aed0621839ebd.jpg,0
nlbx_ab7ccbc06fe4a7b793177eacb3e49aeb.jpg,0
nlbx_84edadea44a1d32a374933e9635feccd.jpg,1
nlbx_a011f8df93baf115045878718fb2acef.jpg,0
nlbx_a8047bec419cfec34f0f3fe7b7391cef.jpg,0
nlbx_c37aa6db73ad4d5972364ff1b9f64da4.jpg,0
nlbx_65ee4fa44b1ec3018a0e83636ced1e18.jpg,1
nlbx_7fc688d47dd59d861803a122a1ea3f7b.jpg,0
nlbx_2c8bd8d8e43dd27854f6ad9cdb9b71a3.jpg,0
nlbx_a8efa259d792dd6ff3ab802257991e4f.jpg,0
nlbx_4f6a9c88f456652d424b00f5bffc564c.jpg,0
nlbx_534fa956f07e7d1ef309868cbca8e47a.jpg,1
nlbx_fa805728db43f43efa31abde9cbc9a40.jpg,0
nlbx_7497c79a5f4631ad236e860c1463fd1a.jpg,0
nlbx_c50d07615144bc5e10ee4460032ace59.jpg,1
nlbx_9209816c3e3aaaca84cd5832b218634e.jpg,1
nlbx_c45f96e27ba57c71d8e5e1dc22090453.jpg,0
nlbx_db3cb670e35986e4cb23a23d8425d400.jpg,0
nlbx_56759510f397f69a4721e26199c49d7a.jpg,1
nlbx_2e7b288cf1f41875410a81342cb6a598.jpg,1
nlbx_f651b6ad873d939b40b9e30647791f7b.jpg,0
nlbx_e84afe79518e222bcb1fe7f0db52dd57.jpg,0
nlbx_174278e3c8975a44b1865ea7f4c6d350.jpg,1
nlbx_feb9b2fb321a9c4119cd267d5c5f30ce.jpg,1
nlbx_c8d842df67ded9fb7ec97e73d1d2cd54.jpg,1
nlbx_381b687204e581f54fa4e02678385418.jpg,0
nlbx_d33f75558c89adeccddfd39184f08404.jpg,1
nlbx_b26421e5447bb016721c2d80e5a001fb.jpg,0
nlbx_200a79d47466e6e0a6f4ccedda553a0f.jpg,0
nlbx_e0ec8e607440d927993198a22a2bdcdc.jpg,0
nlbx_e70e57f19eaa5c9dc5a0dbb28d6b4c7e.jpg,0
nlbx_af096821f60bdd61fb5957137a2627c7.jpg,1
nlbx_bdcf3a116776a3aeadf1630adff80f39.jpg,0
nlbx_d9406216e69b51aa3a6a8043c2f1b186.jpg,1
nlbx_2afddc4a46d4eb91c6e77efccdcf41b7.jpg,0
nlbx_aa0b970a96ca9d30d8f8e57c7ed5d460.jpg,1
nlbx_557a2c8ae3e3ad21939bbfff598ac311.jpg,0
nlbx_ec0758ed1300b2d9dd8d5eac92ceb6b8.jpg,0
nlbx_a5f59a6c5d7b2f973170cd8f4ceb680d.jpg,1
nlbx_db1aabecf18d8b5381d057fc03125f56.jpg,0
nlbx_d724159f908ddbcbc36317f963ef7716.jpg,0
nlbx_7345c1e0e8abddcaaa5b8cd32a2be5db.jpg,0
nlbx_7c11f74348734498a22fbde97f5b3736.jpg,0
nlbx_a8b5c59be39ec264ec5249c459cdf205.jpg,1
nlbx_13e11288a1f97b2bb33512daa32ed0bf.jpg,0
nlbx_4fe99ab73397cb1aedba3efaccf91fe6.jpg,1
nlbx_1146b3e9906eaf67f53d2c8868502efc.jpg,1
nlbx_a9dc03c9dd3a6f7dd53ed88db073b968.jpg,0
nlbx_5567641d996dad0d80683fe36d81aeda.jpg,1
nlbx_f725b475b9c2fa0acfb0aa80a85ac407.jpg,0
nlbx_3cb170ef54d39645e69bd728cf834972.jpg,1
nlbx_eff09a6805c6589258a1b1f9e1dd45b7.jpg,0
nlbx_d685e30fb131a890d490cd7056ea8310.jpg,1
nlbx_9d55d8c25c152071594cac5260894775.jpg,0
nlbx_9933360b462a89d1454046a817687fc8.jpg,0
nlbx_5d717ca11a2b3f505fe4b6956e06b704.jpg,1
nlbx_2e04128e22afbe3e851bac01abacebbb.jpg,1
nlbx_7cc0d31113f2ac6873714f28de0c6569.jpg,0
nlbx_624160fdd46c1517be02aed20fab59aa.jpg,0
nlbx_3aa5222365f140c03a82af5b95ce1946.jpg,1
nlbx_f0198eed0741eb9d8ab6db28ad28d245.jpg,0
nlbx_58ebf8cdb91dcc48ec0154ddb5aefced.jpg,0
nlbx_3ea28c23cf9facfdf2c86ac9ae7fa8dc.jpg,0
nlbx_dc0f547fdf1491e86f7590a04cdad5e2.jpg,0
nlbx_f33ed27fd619fb9a62542bb5a0e5b315.jpg,0
nlbx_bd597554e4f4b60c3c189a914566ebd6.jpg,0
nlbx_a69417f0c429c3b631322938bbfc5552.jpg,1
nlbx_719f11091bb9d6d48088cd9f3010eef6.jpg,0
nlbx_2c190e9ff5f8b9f47130995ce178f71a.jpg,0
nlbx_78a4b4357b0371a4e926523f56199b56.jpg,0
nlbx_d1e5b11da27f78dad14d60509ca81f6c.jpg,0
nlbx_cee51870764e3acc814ba0119bd4d600.jpg,0
nlbx_d9def3e9e021b1b8b26514ab8ec3cfc7.jpg,0
nlbx_8d1da857048b2dca6912dd8f53f87489.jpg,0
nlbx_9dbd040d371c488db0c287844fee3be6.jpg,1
nlbx_0740d674814f35076e272b3fded3790e.jpg,1
nlbx_e89fd2d36b508f493e06378d3e679cee.jpg,1
nlbx_43492c54758700e3da573fd49d118be1.jpg,0
nlbx_8a69d80f1a7ac140c45305e3ade0d28c.jpg,1
nlbx_7ff1b5e6e8d9a5043b6d553b2e2253a8.jpg,0
nlbx_ef51b200036ca757524a460676e128e3.jpg,0
nlbx_d6735faf8f738ea69bc172d15b845163.jpg,0
nlbx_b45aa39c8e3f3a6534a41e75212fab1f.jpg,0
nlbx_f1648e2fb560face6d929156a67a733f.jpg,1
nlbx_c9352ccb2c912b4f1a29414f6711ce4b.jpg,0
nlbx_640a81aeb637be1808017213a147d7a2.jpg,1
nlbx_60bd5a5f73eb19b54ca6bacf3e7a874a.jpg,0
nlbx_7a2ba59c7cf256dacbf98748bcc072fc.jpg,1
nlbx_936caf3c6fcc3ac2d7f64781c6a8c79b.jpg,0
nlbx_11522e0da342a030a9bc24c91df9193a.jpg,0
nlbx_95fc2ab453c3eff0abfdefb0bade388f.jpg,0
nlbx_a1e138a2203b75fb54ad59593e514384.jpg,0
nlbx_c187256de5fe31e65afae52cbf37acfa.jpg,1
nlbx_e6456abf626055af59b35e2f57c480f8.jpg,0
nlbx_fab206c859e4baa440240b0bbf3c2cdf.jpg,1
nlbx_c189e36b89b9ff95001a0f0dbddd84c9.jpg,0
nlbx_475c2318ecc69e097ffffce80d509d6b.jpg,1
nlbx_d7fdb15e1de5ada9bfdcb1325d7100a2.jpg,0
nlbx_a72023715e37125d4ef9689aa2cd0b2e.jpg,0
nlbx_752932351eca50817203c81e4c9655a3.jpg,1
nlbx_a98437428e35a0630598f6254319bcc9.jpg,0
nlbx_ab7fc47f7b6b5519b3a7137c8f662ad6.jpg,0
nlbx_403b6e36d4bc1df6fafa701aba6e8465.jpg,0
nlbx_860d3de45b57f067d9676f48d3e883cf.jpg,1
nlbx_19b7626d4d0b44c9d9d2bf62ab1b86d6.jpg,1
nlbx_a362fb43d8ab21690ea35a5bf5b2adff.jpg,0
nlbx_8d3bf9ca9e7b55cf0fe0132937ef7c42.jpg,0
nlbx_de8aa7d0cfb74bb14afc52eab99139b6.jpg,0
nlbx_04079f29b9a7ef665099522a816edfb0.jpg,0
nlbx_78fba19a81f17fa7da6dba9fda024645.jpg,1
nlbx_230e149fde7448e1ad712b888e11f873.jpg,0
nlbx_e9c3e4199742e860bf0f2920488dd01a.jpg,0
nlbx_55df64d31c2fbd2eb0ce2e2889164b2a.jpg,1
nlbx_2cc7842511b142265e370555a9495f74.jpg,1
nlbx_04d09fc4246c34b7b5a365da5d1f7b94.jpg,1
nlbx_476eb7288438a86a96207307bfee0471.jpg,0
nlbx_3fd9514019d3643ecd6533cc4f17c93c.jpg,1
nlbx_6f9a959c042afe206bd991dec0b868da.jpg,0
nlbx_1061d8b53cf3ef91724b64645ecabd22.jpg,1
nlbx_06f87b60643edc25f131d7b836f55fc4.jpg,0
nlbx_157614b21929c36a0a835c78e4edec10.jpg,1
nlbx_e8b2514991c33e9027822785190fe66c.jpg,0
nlbx_c1de6a01be8d424ab70a08cf2f8348b5.jpg,0
nlbx_37fab9cdec32b3dc53ead21d846cc037.jpg,1
nlbx_8da7b662c9f29502ea21e6c6494e3667.jpg,1
nlbx_ab1ad5b98a5563aacc387295b3e474a4.jpg,0
nlbx_144525a7171ba87490c967d925b8d45f.jpg,0
nlbx_00d443219e7fbc89f021f5ed18ffb65e.jpg,1
nlbx_7d16e7587617e9b01eb13e666d611798.jpg,0
nlbx_92fde0817e14a3f0a143b5d36c25735a.jpg,0
nlbx_32ec1c940e0d636fb5450d8d4aeedf6b.jpg,0
nlbx_3bab5b388f3478202f80ff5f7739c77c.jpg,1
nlbx_1e49ed07c14dae659662fde91a10f162.jpg,0
nlbx_1a80e071a38d04fc94f185f085f1e4dc.jpg,1
nlbx_0d6417bafec14eb24a665310f706a97b.jpg,1
nlbx_d649256e33c60d626b5a70e0de2f3bb4.jpg,0
nlbx_0ccfd1028720f3d71fb372f9f4674aeb.jpg,1
nlbx_58c89180e9bace47136358c672008171.jpg,0
nlbx_fb9a87303ee68bd0c4839381285dc44b.jpg,0
nlbx_19eacfb295208cf50b17e24374734b2e.jpg,1
nlbx_a0615f2239b1e36a0312244e3cd027f5.jpg,0
nlbx_0a1d6b9411ec8e14248ac4f37942375b.jpg,0
nlbx_33e88c58bc54cdf93fefcd2dd62b91f1.jpg,0
nlbx_511e45dad8f6c8b51138884a44c01a04.jpg,0
nlbx_6c306d86a4280a1d254027d22e37c11a.jpg,1
nlbx_d7070fd295fd731f44bd60b1d64ed06e.jpg,1
nlbx_b4893591a724b497d2cff12d3518e2c9.jpg,0
nlbx_d254b8481819f124d80da6e537cca7be.jpg,0
nlbx_c38fc45bdf4a08c8abd54338e1a7b05f.jpg,0
nlbx_0aa4fb66a358ca120a01975becd20343.jpg,1
nlbx_01035fd0a26c92775038b9c8e9129c66.jpg,0
nlbx_bb58ef2de7fbf777535bced5a79dcb14.jpg,0
nlbx_86e98a6b85c1b3591642b6bb545eaffd.jpg,1
nlbx_f6cf1920649f4c8ca81f1b47d5892d4c.jpg,0
nlbx_79bf4c632bf8524296197b9d6c9ed724.jpg,0
nlbx_ea936839e1085128a6b079d12d46e98d.jpg,1
nlbx_c9e854b7a81e57435e01bf412c3c94de.jpg,1
nlbx_01a93808e14325b496692f544b4d16ce.jpg,1
nlbx_d756d84ed2e2a24ba5557ab6003d64ce.jpg,1
nlbx_17d4142b7f041cabb89c76a41ab2b539.jpg,1
nlbx_665a8694404ad91285bec416eb81ebe0.jpg,0
nlbx_c70b781f32a6b3d8ce5efc393989829d.jpg,1
nlbx_b20f3b7070092e719a90b372828ae588.jpg,0
nlbx_95e8d783a603a3672ee3474b5b66c055.jpg,1
nlbx_736135e1ea7fe3e750d57b915e9eb1f3.jpg,0
nlbx_1363c21d220800965a03c6b49f55ab7d.jpg,1
nlbx_f6c0c6e1ad963cdf8f87e50566a4ce94.jpg,1
nlbx_8f07f32aa9853ef98f8279f522e189db.jpg,1
nlbx_6f9e91bfc742862200a1d7ddf5c02988.jpg,0
nlbx_93a66b01ee965e0ba72a54ba2b14aca3.jpg,1
nlbx_a7c2562dcd203f19218db4f1d290d114.jpg,1
nlbx_4a93e529168a4eca7d14bbbf8e2b8a7f.jpg,0
nlbx_4ada5fada12b19abb71d975425b95916.jpg,0
nlbx_82067f2a8d820cc45cc60c95e96d2a8f.jpg,0
nlbx_1178b6b7c91785c791dea2053b389ce7.jpg,0
nlbx_ccaca85d9b46a79ba40215cb4c97d621.jpg,1
nlbx_51cd26bc9d600bcd71d8e7bc09400b9c.jpg,0
nlbx_ce818f6407af034282ccacc824115cbb.jpg,1
nlbx_b82e3c53e43305fd8df19bac22564790.jpg,1
nlbx_d643f13281b98fbc2d93808dafc2a19d.jpg,1
nlbx_1c785a4e7a6fd17f2ac9300e96c5c701.jpg,1
nlbx_8ac00c9fe8d7fedfc60ada7c8d339ae0.jpg,0
nlbx_ddfeb2691f22aa5b890b4271359e6815.jpg,1
nlbx_2b4172e5fda376bb0be6a36835a3ba04.jpg,0
nlbx_d53d235c354b0eafc4f9eadad62628f7.jpg,0
nlbx_459358b26491dfb08bd95b04c3994e21.jpg,1
nlbx_76b400ecbf764fc963ffc840b0d7090b.jpg,1
nlbx_318f5499ee176ce65ceee2d5ba3cc668.jpg,1
nlbx_42ed66114a21cb53ae2d4c254e93fa98.jpg,1
nlbx_37fe6751ef0d54afd502ac22b71aaf96.jpg,1
nlbx_636fee3b241dc497c12faa8aaf398e4d.jpg,1
nlbx_26a845a50feefdef3592f112291df115.jpg,1
nlbx_3923967ba6f97362a933ffb836835448.jpg,0
nlbx_5c3b227e6567b38344528881324e71d1.jpg,0
nlbx_f202c440d30f7d94efa2361dbc74fe53.jpg,0
nlbx_82bbe5a12c4f98651dd620951ae4a5be.jpg,0
nlbx_d4ebed85c0614a0ba628ef1628c6f17d.jpg,1
nlbx_604de253c46eb344f62f98d9b39933f2.jpg,0
nlbx_b543a64ce9da7210edb78dc197e14bd3.jpg,1
nlbx_57084b72165d84601e85740d7c7ad357.jpg,0
nlbx_a11e5b7455de89292a090148dd443532.jpg,0
nlbx_dfe2db80bc86a3385f6296a663cb0ef1.jpg,0
nlbx_8828665a10e40c0fe5fb371ff0ebbdce.jpg,1
nlbx_383720a04d9950a9328a770f18868ff3.jpg,0
nlbx_147875d887644ca711914231f8fbef37.jpg,1
nlbx_eae900061c0a303671f37d7499dbc954.jpg,0
nlbx_e325ee2bdfb26215e49e02a7809b04d8.jpg,0
nlbx_35e1e9fdd77e42292ce69d905cc6a153.jpg,0
nlbx_fba08a70d47dfdce6822111993037a24.jpg,0
nlbx_27da8635571fa105b1ab8edf01df8fe2.jpg,1
nlbx_4e98e7faa0f9dee4fa68634c980ea9a6.jpg,0
nlbx_86f31c313b4447160013c14a225f9604.jpg,1
nlbx_b69a0d305bb003d74fe8ff49673a3206.jpg,0
nlbx_e140758d5f34bf0a3a23db1580dfb50c.jpg,1
nlbx_a8e406ba331cbc34786c6c56fc82826c.jpg,0
nlbx_9d225b4d69fada1396661a11c9d157cd.jpg,1
nlbx_3f145b27692009fbd402593cd10c365e.jpg,1
nlbx_86d580ec564d8dd911b2da703a8d866f.jpg,0
nlbx_27aa450fffe0d04af9a7e1dcade19c69.jpg,0
nlbx_b3fb44dfd17e817a751ef6a576d19f85.jpg,1
nlbx_74ddeca5b195c5f9da001e0555bc9e57.jpg,0
nlbx_7a66cfd10556e3e5cddf8b1716bb8198.jpg,0
nlbx_b5293e1bcf3e295332a4bc2b34980fe3.jpg,0
nlbx_e068ed177aaa73d10b02ad904f2a6db7.jpg,1
nlbx_fe6bb9e9476907bac5bd38ec9aabbbb4.jpg,1
nlbx_495a5f95c1f119806ed6d539baa64e76.jpg,0
nlbx_cf7780a626d8693b5b8b687f3e5aec65.jpg,0
nlbx_ce8ddefc342849459cbe31e3d3665814.jpg,0
nlbx_ee35a1645c8a93b089dab42237d94ddf.jpg,1
nlbx_c574ddf6d6bd47dea7fb69ee368078c0.jpg,1
nlbx_6c28b42cee1da2dbba16831be5fe2564.jpg,1
nlbx_007d03f87b13d895fc59fa762b3aaafe.jpg,1
nlbx_61be4e8793a2bf7f2f4be56fe151fb37.jpg,1
nlbx_ffa9e018b0da018993cacea4036d9ada.jpg,0
nlbx_6e03466dfe3efb1393c49e44e635237a.jpg,0
nlbx_6bcc2d7ee697f372ce2a9fccfd4926ea.jpg,0
nlbx_47ce70387ec98c8a5c6006e8dce93fc2.jpg,1
nlbx_841e4e3de67cd881e16b497ae333b993.jpg,0
nlbx_64ec513be8736c163144c67da18e9bf9.jpg,0
nlbx_720ea7e5a64a8d49c3884eb23caeb348.jpg,1
nlbx_188575ec8ed4a11adb540e4d91693583.jpg,0
nlbx_b2ca07c0afd9c584b07e57f539aff628.jpg,0
nlbx_4f8c2e0dffae382cec8a92fb9cf94d1a.jpg,1
nlbx_b227712710c3c282718d3ec7b53e1acc.jpg,1
nlbx_55ca1d9f5a3e7563e08e1f1966bb1c5e.jpg,1
nlbx_9a882411493495482dad1ca077248a3f.jpg,0
nlbx_fc5e83fc240e03923560218d7e46587f.jpg,0
nlbx_a5cfee9b633b579940871d7f586f6bcc.jpg,0
nlbx_e22ad4a8501c38428997cb54e90ecc8a.jpg,0
nlbx_d6ab723bbe85b71252a50849ae8eb99c.jpg,0
nlbx_cac5ceac6c9654e5510b72b252b74c55.jpg,1
nlbx_06d6cf59a045534de338ed15526c70e8.jpg,0
nlbx_961cba745f8b0cf0067e848293675491.jpg,0
nlbx_cce1df00be6954586316e2d2c00e2b0a.jpg,1
nlbx_450d94aea13cd126d1aae09029363e8d.jpg,0
nlbx_eb480994838bb058a2e450522d0a7b05.jpg,0
nlbx_f7dfdc2d7aa26d4aa81785e4b7f0e577.jpg,0
nlbx_ec2189d27d8154c6476dc5d691261576.jpg,1
nlbx_6d4675cd48e8e3074e4d0a3e44b87271.jpg,0
nlbx_bfc34330f425416aafef206c50871ede.jpg,0
nlbx_ae2a05d2cb78174199867277509d84ce.jpg,0
nlbx_f60253764b93249bf6707c62bb3eb476.jpg,1
nlbx_fc86a3429bcbcc45cf749639c7ce99bf.jpg,1
nlbx_7b54156fbaeedddd18d1b95b144ffe7d.jpg,0
nlbx_68170194abddf846a82757c1529b33d5.jpg,0
nlbx_00f54e9d9df954736a7075acb7d08f0e.jpg,1
nlbx_ad9b4e56339009df5a14cbe5a0cee0c7.jpg,0
nlbx_3e4786a6521701497e4796919c185424.jpg,0
nlbx_5fea036f50e1f9aa483eda8e3e43e20e.jpg,0
nlbx_52e3b68467c4fca37b3660de2d64589e.jpg,0
nlbx_f03a2cebb67dc54d481776a43218ec6a.jpg,1
nlbx_041f5cb0db4f031a3515e7eb08615de3.jpg,0
nlbx_8ecadc00326b0d86ef6dc9f1f7d73eb0.jpg,1
nlbx_4fe9bc137b3093083dc70a9e55986c8d.jpg,0
nlbx_f73b583040df9b0554346abece4e5bbb.jpg,0
nlbx_042a92f31c7541992513301ea958cb4a.jpg,0
nlbx_a67a888894ea4486e09752b79bbb703f.jpg,0
nlbx_12304200cda9bc2f2277452a34757fe8.jpg,1
nlbx_5847d22e5da7d49f9db0ac757475520f.jpg,0
nlbx_41fe16b68cfda65881c07748bd6f4f2b.jpg,1
nlbx_8a784533374490641e4fba0a3ff57990.jpg,1
nlbx_6003f3bf1250ccb234eb95133a3089d4.jpg,0
nlbx_662103fe038bb05d5ba9c6ceabf99b26.jpg,1
nlbx_49081598f84b309f1a7cc991efcbfcfe.jpg,0
nlbx_1da207957084942356ccdac17a2b1954.jpg,0
nlbx_2e82fc093034a4313ba647731b6c7965.jpg,0
nlbx_ccc6e06ea2939d71c880ef49c41ed441.jpg,0
nlbx_66e035243c933da574cbba70bad164ba.jpg,0
nlbx_5019655b4e8c6f58b9f16cca6280cd8a.jpg,0
nlbx_16e34ef20fcbfaa59a6a13526eb83d84.jpg,1
nlbx_3dc7a91b46304e96446421c366d175e9.jpg,0
nlbx_f30f98d5947c14e7aad8e678deaa69df.jpg,0
nlbx_5da4497114051f547967d57cdd8139d5.jpg,1
nlbx_1af37c2f76d25b2c7c301938e800c96f.jpg,0
nlbx_18223cadf59cf37082ada0b92a3bf33c.jpg,0
nlbx_4f0e05b10128c5c1c370193b704424a7.jpg,0
nlbx_e582c72e7ef418876708bde933ee1d1a.jpg,0
nlbx_2f1a7901ec0323d83ce066971617aa63.jpg,0
nlbx_330e35c0979d5a44ca12c0b4aea89752.jpg,1
nlbx_d9b0962179931ac8b1127a2063d00ab0.jpg,0
nlbx_cdce08dbe16df10f9d068b9231f6d707.jpg,0
nlbx_63ee4d6266ff74e530efb39642a567c6.jpg,1
nlbx_54dbc77a23e94da6560df6e2182cbecf.jpg,0
nlbx_72c9fafcf7a6f0cba8b8c04cce667ec1.jpg,0
nlbx_9004d2e7c6325aa49c512817957dd47d.jpg,0
nlbx_19454fa6338699fa3e6f19e2019c1ad2.jpg,0
nlbx_33272d00e92c2726144b07548e5f22a8.jpg,1
nlbx_a6ab964d6d3d761e1cef05e46133a5de.jpg,0
nlbx_c720e7082d06637d29c7411f9e024e72.jpg,1
nlbx_564560e583769cd3c9b0ae8844ba0462.jpg,0
nlbx_aabc619df3dd0d6f613c9e56f3e498c2.jpg,1
nlbx_7b4dd6aacba55587b7b34807949dec8a.jpg,1
nlbx_3be2bbfca5f9106010913609a2a28323.jpg,1
nlbx_a9c4fd6c893af24ff136991a739a7008.jpg,0
nlbx_44f8b2a379c67fa7b123e1839c0fe538.jpg,1
nlbx_803c3a4e071ebf170e9d5737c0071169.jpg,0
nlbx_98c1ebf2c57d2cf348bbd27d62a6b8bf.jpg,0
nlbx_3508aecb70f2d89a9e879a14051e0dce.jpg,1
nlbx_a90e4a10698dcebec0da85d2082d12b1.jpg,0
nlbx_4d1ba2a9d69195efb0dfe8c34c15183c.jpg,0
nlbx_b0f6ed58c9d3d1fc20b316f374417dc8.jpg,0
nlbx_736043de2e1f732f20e974f75e80d934.jpg,0
nlbx_c443047f4f5039831d15e61c7ca26aa7.jpg,1
nlbx_053cd0f4d44d457069c5e7e3c82a4b4e.jpg,0
nlbx_94846d2deb60c2d569da868e12c1fc42.jpg,0
nlbx_8c0832fa5c568ac39f9bdcda53b1cff4.jpg,1
nlbx_24c9e5feadef0606efc083b1fc3fc7da.jpg,0
nlbx_0b9de706f21273dae2c2dcde2482c673.jpg,1
nlbx_dd72612e2be512c407206390a54b9aec.jpg,0
nlbx_65d6f50fa0aff8ac5ae3ed88ea916945.jpg,1
nlbx_892b9deed3476ab9cd1aa0cc91ba0ffe.jpg,0
nlbx_031bef9b4cfbdd0edbba21516aae39b3.jpg,0
nlbx_068251f153012e2a5de6ef4b63991bf9.jpg,1
nlbx_c8d2d6d222cf1601df620e44a1a3abfa.jpg,1
nlbx_70d03cbc0159514230ea992b38264ddb.jpg,0
nlbx_8370cb04e9da11e4fb1f617ecfe5ea00.jpg,0
nlbx_4dc744c9a6986f425f795e45c40250ad.jpg,1
nlbx_e6498334ba1ec8a7d014d55d2b4385fe.jpg,0
nlbx_4c4d2e59e719702f1440e9d12877ca7c.jpg,1
nlbx_5a5f554a2eec779087129ee616b15faa.jpg,0
nlbx_174741f2eaeb5488688cbe5911042ffc.jpg,1
nlbx_839d95eeba7868917e5931065d7e1739.jpg,0
nlbx_f1ed4ab0e5f7247653e8abb0e0543314.jpg,0
nlbx_d35cce802c20b41bbd3ddd4c6066e769.jpg,1
nlbx_170fec2a13cc658a91225e2b98cefd8c.jpg,0
nlbx_24e88c85a84f56b5fb70263243d7ef29.jpg,1
nlbx_cfdbd9f5e4efacc166fc682d904d1ff3.jpg,0
nlbx_9ad54430a94bc557778796e889588bb9.jpg,0
nlbx_731a23687661ffcd184c3e9a1a46b1ad.jpg,1
nlbx_0a74095a70a8e7645752facd892f1bdd.jpg,0
nlbx_ab332ec44ff93d6184a5049260539338.jpg,0
nlbx_6f6f8c62c9bf293923759f3fcd3fe5b8.jpg,0
nlbx_d27ab54e652a766caf39b496e142bfc3.jpg,0
nlbx_aa59b841066f46a5236d93f22fe45f15.jpg,1
nlbx_c7db39fa9d691462cc13ba03e98a54b8.jpg,0
nlbx_21d9f4b843fa89bd1e0ed72e17e3516a.jpg,0
nlbx_27c83c620f7738aebcbdc4cae0eba56b.jpg,0
nlbx_220693bcee082754ec02de61a194293b.jpg,0
nlbx_259df13dc7733ff9204c6efb2176c80d.jpg,1
nlbx_b8b6aca0641687655f62733326f980bc.jpg,1
nlbx_b53f80543d8109748451c064a08daa50.jpg,1
nlbx_ae2b4ded5f3c16297c761415ba366572.jpg,0
nlbx_f31e87c2a3caf9084af90417a1c640ed.jpg,0
nlbx_e4592c64d8c18de7be7c55d28ac10dea.jpg,0
nlbx_7899c87fd10cdda4f88a0dba7d6918df.jpg,0
nlbx_6d3bd7f3a66bcb4bbb3a8165e900c6f0.jpg,1
nlbx_b118f307bc957bd8520f682c5136413b.jpg,1
nlbx_82e847fa6fefe7e609319be5ab965568.jpg,0
nlbx_c7cede33689a13307cc89733d7d1536c.jpg,0
nlbx_379c472b49582ebefda98b56452d8472.jpg,0
nlbx_c43d06dccce12aab26183602e5c33166.jpg,1
nlbx_bf4173f74e2dba447b374fb196defbe9.jpg,0
nlbx_203cf3f865d2e6021666fe9b2be748e6.jpg,1
nlbx_a2deea6f6f3967bbbf28334df1d20e2e.jpg,0
nlbx_fd7822656bbab6a67bde2e3dc25131e7.jpg,1
nlbx_6708fc4c22656be8998aac039222bd80.jpg,0
nlbx_60307c8e749b64d6d3a29f4f88c80452.jpg,0
nlbx_b40535c97d0352a96b0d34cb0df376fa.jpg,0
nlbx_4357ef6658db9d95c34e89790c6d835e.jpg,0
nlbx_7560a5e28041ebbd429f4617cc92367d.jpg,0
nlbx_82acd53b6b4fcffd705eab1b922a32f8.jpg,0
nlbx_8f62515dd8e87fee657bb8be8c1019dc.jpg,0
nlbx_3b8e260269110f3ece382c39f6963a66.jpg,1
nlbx_f055757913f37f56eace1ad3a61edf8f.jpg,0
nlbx_1afd60cae219f7e3fd5d43da74e686b6.jpg,0
nlbx_df9c2178d22c12f8f9844c308efed963.jpg,0
nlbx_3723c1a425d3b4033ca39d45c964cd77.jpg,1
nlbx_882119c6c81eb3404aded2f5beff25f3.jpg,0
nlbx_170ecdf7934274be03efe56bbd5818a2.jpg,0
nlbx_5dbfa5b706abced8c093193b75a30a7b.jpg,0
nlbx_43162c20d1bb8e19ea0b5d80d0d40f97.jpg,0
nlbx_a5a06db29f70e2a98a9d465ccf851320.jpg,0
nlbx_dd49a2dc82ec20db144d247f5015c016.jpg,0
nlbx_acce497143ae72dcc237794fca105862.jpg,1
nlbx_e203c892aeae543267e18e22b6e4274a.jpg,0
nlbx_b750f1e5f4be7e320ce561c779a380b3.jpg,1
nlbx_b09e5fd1401cc6f451ac9045bbf1b5b7.jpg,0
nlbx_8df3f91c9c8fba96df7054ad84ce2749.jpg,0
nlbx_11eda1c3edf56415658e49c65d898fbf.jpg,0
nlbx_f4111e3dbc6ed573814feb3d1d7b883f.jpg,1
nlbx_d422396e89f0726b77f4cf349678d32b.jpg,0
nlbx_b754d16b7ba429e59a79f38cf0005b8c.jpg,1
nlbx_15bf1081b281869eb64203c23b62d454.jpg,1
nlbx_1b1b7d9c238dc965e43c5e023182927f.jpg,0
nlbx_bc77ff308bbc6622a935f86669008663.jpg,1
nlbx_5ef461bba5c8d5d5645dd021a56a4e06.jpg,1
nlbx_a38c03051d67a05b952e305c67429129.jpg,0
nlbx_ac5814d26ddb4148e99176cd7eb2890e.jpg,0
nlbx_3f573cc4bb67b33e3332a1a42651778d.jpg,1
nlbx_10610a85cfb040498bbbd5411f613d2a.jpg,0
nlbx_106f4ead62166db97c32aaae92f6245e.jpg,0
nlbx_fd6108697a8be436fa25b34692637af4.jpg,0
nlbx_c4d70b564540c3b1c44a3f6c846b165a.jpg,1
nlbx_f0c084f1635ed79e5160ebdacd9f0309.jpg,0
nlbx_73341a635c302f72e8aadb4d7eee114e.jpg,1
nlbx_0a5247acbe22a112b8bfde6facfe96f9.jpg,0
nlbx_b71c11b1350efb32ffcec13216e04b8d.jpg,1
nlbx_325ee25d3b899433de16204df49608c6.jpg,1
nlbx_af51fae91a8769b578932f52e11c198c.jpg,1
nlbx_ad07e7ec08656cf41b3977bfa1041ea4.jpg,1
nlbx_e669b0774bf85ed1334dcb422fb9974c.jpg,1
nlbx_22406fa192b1ddfedc5da56e5a4f1cfa.jpg,0
nlbx_ca342800d89dfbde43bf5eb0ec4dca2e.jpg,0
nlbx_b7bec5771604cb4de3fb6d7eb6e33579.jpg,0
nlbx_9e42b6af4da60240fb16196a8f899238.jpg,1
nlbx_39b281e6f0b84356521f7df6681d716d.jpg,1
nlbx_231bd5d40574e5efd2240a13ba7a3934.jpg,0
nlbx_0774a3199ecc0987f43f61f0506b472a.jpg,0
nlbx_3b199140c916944a2c20c3f9dd1aa5de.jpg,1
nlbx_ebd425c38a35a65c336cc5bafd73486a.jpg,1
nlbx_2a0cfe9933b2bbfac86ef455d585384f.jpg,1
nlbx_a2305be4f848fd213aa211aada8c7a35.jpg,1
nlbx_31a36e476a6dc71e299d85527a6b37e0.jpg,1
nlbx_364f1f691382d847b6d3f27a00b1db78.jpg,0
nlbx_f2e0ccbae64a6c3c7110cf98d52231ab.jpg,1
nlbx_69f3db070ef20d8693fcf74aff0ed2e3.jpg,1
nlbx_a42413dd13cf1363016d47505fc8c42c.jpg,0
nlbx_793913550ea8fb5690e59a6554e5c47c.jpg,1
nlbx_e9686039d8bf230ab7fa5f16bc50eba0.jpg,0
nlbx_9ab2b2ffed83d1563389c955e1b83751.jpg,0
nlbx_6a18fa68a299d469dff207ae09d2845a.jpg,0
nlbx_6fbeceeeff9d0575962867debfe48a7d.jpg,0
nlbx_6e54da3812539206dede8c9a98afb829.jpg,1
nlbx_5486fa12dcf1b3e4b28143c8b3bc2458.jpg,0
nlbx_dc57fe976fd981170a766f16f34d06de.jpg,1
nlbx_1bb49cb0897af746480389a66fb141dd.jpg,0
nlbx_cb40a6d2980c2401b68d0e08beccdc95.jpg,0
nlbx_6a6c0f5620c33b6f3adf263967cd7c08.jpg,0
nlbx_3758d6ed93e8a66c397919dcfd4fcafa.jpg,1
nlbx_3c77d4fc71ef11c3e46cb3b549547183.jpg,1
nlbx_8b041b83b432b12792a950cdc1500309.jpg,0
nlbx_4bd434b37f297250430b2a9495bbec25.jpg,0
nlbx_73acd5b0213bab996e318956b55c5f01.jpg,0
nlbx_9e1f54fc7743f0afafa85e73744adb9e.jpg,0
nlbx_0eed86f003434fb19e4fcee9c9e38016.jpg,1
nlbx_326f20847ac69216a255d7d8d79fbc4d.jpg,0
nlbx_f50c68a0414a5811079cde089db0d4ad.jpg,1
nlbx_ac45dd01726a08c7ee12cd627f869155.jpg,1
nlbx_3d69635c500d8e4120dfe169afb3e18c.jpg,1
nlbx_0f2810e04bef79420a80db14211a3513.jpg,1
nlbx_c5361934fcdc34245c4374d59552748b.jpg,0
nlbx_effa72b47d039df0771c89dbe76f94ff.jpg,0
nlbx_09891958f271dd6f7a3515fdb1743d65.jpg,1
nlbx_8f5bb6af91184b25a4ce86ed7a7ebefd.jpg,0
nlbx_f2e8568203ec155c92491f9492e41c14.jpg,1
nlbx_7774a76197e4b8a78f6e3b83f783bdda.jpg,1
nlbx_6a7cca241aa3bb5df41c6ac5938282da.jpg,1
nlbx_10780ad684b5f99a074abc4b10421233.jpg,0
nlbx_ce1f528ed6decd7d5d4ba8c73444373d.jpg,1
nlbx_574f214a2d0f8a1f5bd18906c50dd12d.jpg,0
nlbx_5b6f4c5865bcfa0ba1f7392b5186af16.jpg,1
nlbx_0707977abab43294c8ec7ecc617671a5.jpg,0
nlbx_bf22f6bd8e3d67aed820b92b7c39e83f.jpg,1
nlbx_25dafdd01707ea339dcfe22d6eaef0ec.jpg,0
nlbx_ace4bc8cbba32ef3776bd03cda774ef5.jpg,0
nlbx_d5ec35988bf0c76e3ba83c73d28e41be.jpg,1
nlbx_c39157ab0e079f1b2dbc28a0303ac2b6.jpg,1
nlbx_5ee2b09d3cc4013c31172a5d704b75d1.jpg,0
nlbx_c2d828d177116ca30e81be1348fdfb6b.jpg,0
nlbx_6202b50445c1f60cb4d6d6fa69d96e07.jpg,0
nlbx_350aa234c85458f2ff7c6cac92b4105a.jpg,1
nlbx_e869ca2b1d62778a94629ac2baaf1887.jpg,1
nlbx_bce0e6a3193f336547a5bf7de9bd08c2.jpg,0
nlbx_c18d686f6f35ddb9b17511fb919e08eb.jpg,0
nlbx_7acf6b3adab2fbca39f5da005babb7a3.jpg,0
nlbx_4f4b3b45fa5752644d4e10a8674f05f1.jpg,1
nlbx_b7550d65a606cfdc481b9301af8525f3.jpg,1
nlbx_5b30f4c146ce2ec849f032fb77d3ee05.jpg,0
nlbx_aaaff9e274c393333ab94d1ae9cff1a6.jpg,0
nlbx_63d9ceab6cfd544a53c070c46575fa04.jpg,0
nlbx_b20efddaef9bf0253055b10c7dbb2542.jpg,0
nlbx_9d48fb1aa2b544db60f591a2ac7063ba.jpg,0
nlbx_e32865b38c845d733069d075b2ec176b.jpg,0
nlbx_a292217e32357c9cb3ae49c42566f829.jpg,0
nlbx_3d6170484343f6d670d26309a8c3c1db.jpg,1
nlbx_4637b1226603eac6be9ae39a652b36a1.jpg,0
nlbx_92239acfe9114c7f2738990fd5eafc18.jpg,0
nlbx_de38342b7e285b900802e928eebe20cc.jpg,1
nlbx_51566f5a19d7578af7ea8a17fea53963.jpg,0
nlbx_89147c43a0a13e76430c7fcd9b642ee0.jpg,1
nlbx_659d975815b353681c3a5ed858230aac.jpg,1
nlbx_34843c6f063018c7bb6b7ceb69ed581f.jpg,1
nlbx_4751bdef0dca7f388540ca754569db2d.jpg,0
nlbx_b2c37fd5d889ff917141f34f1854e1b1.jpg,0
nlbx_35645f76c9ebacff1ecf19a5df4e86ec.jpg,0
nlbx_3f54d649e27373f8d0077f6af9f7d63b.jpg,0
nlbx_ac81d46ab4c93c51265a54a1579b2651.jpg,1
nlbx_67446510e5c6b2f54d33c5728fc3cdc8.jpg,1
nlbx_253d64394881f25dd5a4f96b4caf3867.jpg,0
nlbx_cfb440cc5a87243a7f10ff2e614ed3ba.jpg,1
nlbx_09383b5d8a0ddad6fb9e1be68b24a2f7.jpg,1
nlbx_55f46fb6481d5a7eca62d5b5ed23c44b.jpg,1
nlbx_cb0ab789b4be8542bf65bf538cc39d57.jpg,0
nlbx_3687583b5bfdbbdd96ee1d4691b74367.jpg,1
nlbx_10e4c8ab89513b23a043d6758f8d22a3.jpg,0
nlbx_b4737b76fff1191f6a14f447c6199741.jpg,1
nlbx_c4780a0f2e6f806e6e39853e6a1f1679.jpg,1
nlbx_e8d419e450d85300e1dab3c91bf2fbb9.jpg,1
nlbx_918bdf073db114847c50d7bd88ef2275.jpg,1
nlbx_dfd909616b7232689ae00e813ecd43a0.jpg,1
nlbx_220880f1413409eeb84a8a8a2b715303.jpg,1
nlbx_e9d7662f5dfbf7554e1d9d24d153ec6b.jpg,0
nlbx_54c287bf2464b958f278bc000350e0cb.jpg,0
nlbx_6c2fc13959ff2666a7ebe4b522289d77.jpg,1
nlbx_e85bbe6d04d9b474d2fa6724cfdd5c7f.jpg,1
nlbx_cf69bc28eed95c059cf1d22417039c0b.jpg,1
nlbx_36c3064248033cab93b496f382faae5a.jpg,0
nlbx_fa76b854a78103831d7ba13cb6f49267.jpg,1
nlbx_839e5aa5cabbd0638ad9ab8c0524c2b4.jpg,0
nlbx_4627c986ee350418873b740b3ff440e3.jpg,0
nlbx_50fb7a08e39b8c6820a417f8717c0856.jpg,0
nlbx_d8ce8021d8158695d67ef3aab1ed905f.jpg,1
nlbx_b5eb3f1424797ac119b261ef4f67c561.jpg,0
nlbx_6d1df8bd18243d400e945796db663f5a.jpg,0
nlbx_e8552143666eae0e3546540f09174010.jpg,1
nlbx_7d09006e058d4e4e2c1784a12917bddb.jpg,0
nlbx_6195a2043966b8125a6af27465eedcd5.jpg,0
nlbx_be47c80dc4a83b549b94e3286fe7fdaa.jpg,0
nlbx_ab440d4b246fea164f59960d9d52dcbb.jpg,0
nlbx_4f173307bb9d0b06e8e837225efc41e9.jpg,0
nlbx_8b10540d981541064b5de97512b20b36.jpg,0
nlbx_2ee13944e939b3fe07426055d8f7cd9c.jpg,0
nlbx_f66697a16d8e0861a6c02594630d8777.jpg,1
nlbx_8781605b131faf357e9d2c950601a564.jpg,1
nlbx_694fee76b3f1ea6c4699ff5ba40b4f7d.jpg,0
nlbx_519c4b9b1e6eaf7b32a566ee9c802dcb.jpg,0
nlbx_79b53f4cdaa35c8e125db2316308e233.jpg,0
nlbx_c04b53f641a5562a36e234dd6ad2eb23.jpg,0
nlbx_f9b97a46d6044ab777228db25670c495.jpg,0
nlbx_cd4d1c1a53b61b5a7279d3d7b7c53a7b.jpg,1
nlbx_15aa10a582142229ee23745bbdae8b29.jpg,0
nlbx_3908d841b16c561b856af066f044904c.jpg,0
nlbx_0746c1de3661cf4e63b0e6b9337479d8.jpg,0
nlbx_7c816e97d5344e7cd1552443a5833d71.jpg,1
nlbx_2b9a403253cbb6d3c72e9f2a54d2ee02.jpg,1
nlbx_59df91bf2dcf725ec599b8197e77c36a.jpg,0
nlbx_4d2b3e8227ba148519a7c9cf882db75c.jpg,0
nlbx_38b11299e36f5a37efe068c3699e26b2.jpg,0
nlbx_69370fd40cb3fef3b067362f44de1955.jpg,0
nlbx_e56794d95c9372d0d6d6a9b2bec4dc2a.jpg,0
nlbx_2b28951d844a7011b72d96991b6a2a11.jpg,0
nlbx_b391ca6a964f2b4c184cc199cecec1d3.jpg,1
nlbx_4d323ab94ee8f822c1c3655bd0e6990f.jpg,0
nlbx_b548c8cd4fc40e055e084430dab805c3.jpg,1
nlbx_a7fc62ef96f24e20e21cd154d97897be.jpg,0
nlbx_086200e792a2b897ae755ca3a477c7a6.jpg,0
nlbx_415c3e1d4be9054de5950986cceb79ad.jpg,0
nlbx_85d501ae1f5871673d28feb5335b0a80.jpg,1
nlbx_fdde6f2f88e5dceb5798757b03d0c7ac.jpg,0
nlbx_5860371fef213a4ace2eac57e6cc8607.jpg,1
nlbx_6ba7caaa0258360793c1faf5a5460cd4.jpg,1
nlbx_5a3b5416b84ab5d601da470fe6d9b4ad.jpg,0
nlbx_c5e7c1609bf9f5107aad14b57fe0ae1c.jpg,0
nlbx_a96d6a5a9e517ca834cce29f64aa726c.jpg,0
nlbx_7091762bde306278d79847dd5c1bc848.jpg,0
nlbx_c191751146d9a902a415f08ae27bbeae.jpg,0
nlbx_4851f74d7121d28f01041a9f81f029e1.jpg,1
nlbx_9c9b83037da113d0cb87e47d1acd36a7.jpg,1
nlbx_46bae497ae2c5b15d811657562894b72.jpg,1
nlbx_cdd56d7fad34eaf081d19549908cdcd1.jpg,0
nlbx_6054d3fe69638c72b11c6eec3a466439.jpg,0
nlbx_9374f827e3b372bf63aa9c4794e4878f.jpg,1
nlbx_5f1f0fdd50f413447ceb92bc1b5299b6.jpg,0
nlbx_76a2c416325d0a1bdeea4569b4aef146.jpg,0
nlbx_a96d4a75cde783a45db40778d8605a41.jpg,1
nlbx_e334146500d5b6d83671df745486b7d2.jpg,1
nlbx_07905336a4a06cfacf55568719898fde.jpg,1
nlbx_d8fc50aa4b8e0b225516c2fd9a70026e.jpg,0
nlbx_b84593a5039e8440c633838b29281c0b.jpg,1
nlbx_9c400dfd96f8351ad25973ed8d89d1f5.jpg,1
nlbx_c41f6bb176fd3a0530744b2f57857bac.jpg,0
nlbx_fbcf174ab2089f840ed1a4cf01efde2c.jpg,0
nlbx_38f8f90e1b3a6c5a879950bc3d0921ab.jpg,0
nlbx_4f314752fe7003b74f993937d513b6cb.jpg,0
nlbx_d175f5fc6f5142dcf863fd75f259dfb9.jpg,1
nlbx_ffcfaf2ea21d1709edbe0fdb4d3cb26d.jpg,0
nlbx_e45e847bce6c203292be57dddf8338e7.jpg,0
nlbx_bc0534a4ee9b24f4632f18a6fba5c1fb.jpg,1
nlbx_c728db178ac785d4960893abd7e3f575.jpg,0
nlbx_9a0b55b7b791539ce72faa6f1fae12c3.jpg,0
nlbx_816bb7f7d8efacff7814719fd447295f.jpg,1
nlbx_a1a7a07b5435d445267d36b3d9a236fb.jpg,0
nlbx_1f080033304895fd360afbddb3bef190.jpg,0
nlbx_72da040303bedf4b44c25afefd243887.jpg,1
nlbx_c66788b7305efca454f5b86b0b237c56.jpg,0
nlbx_157e40b086579a450fded45b802d61b3.jpg,1
nlbx_a3f3130771ea0552ab9a5fe33af09a69.jpg,1
nlbx_e92285461ff111e7e90d30555c8520b6.jpg,0
nlbx_1781b3f8d921ffbf8093ae3303829750.jpg,0
nlbx_048e5b478e6125a6b2301e3e83a8f6b9.jpg,0
nlbx_e3764bb2b52edb901090a097e86f9834.jpg,0
nlbx_85a26704ff74f27a1aaede4d3068f67f.jpg,0
nlbx_11cbebb1c60537cd14cf8807c63179d3.jpg,0
nlbx_a3863d2d97d1edecb7de972fbf3d91e0.jpg,1
nlbx_921f079f660daa74603bd0afcacc6c5d.jpg,1
nlbx_b32741455fcb6a30525496eabdaa7094.jpg,0
nlbx_e23d4246e392a3b895d780da48befcd2.jpg,1
nlbx_e8ac03f00d1eb36b8b7adf74eec3b111.jpg,0
nlbx_3f072e8111060190cedca6516a679345.jpg,1
nlbx_04bdb2e64f471d1131629f0144e996a9.jpg,0
nlbx_a5b577f06239d72e1300e31f989b434e.jpg,0
nlbx_23802b000ebfe0d6ee467dd218b5c402.jpg,0
nlbx_97f13f510f54cd620caac42c1fce9c1c.jpg,0
nlbx_6467b72ed44deed403779bdc8a086568.jpg,0
nlbx_41fd3bfc6bf7565d311164af34cd2f3a.jpg,0
nlbx_dd12b97d7f43700040c3fb245657c36d.jpg,0
nlbx_5fdedde2b06ab499a638e8f233face39.jpg,0
nlbx_82e3392bebb990ec4424d9f31aede360.jpg,1
nlbx_77fce31a8827376205d3333bb06725b2.jpg,1
nlbx_97bfbe82078ffc7770a3fd1b83f8409f.jpg,0
nlbx_2478cb407c47decea9b3e9469797f38b.jpg,1
nlbx_23608268ffe789610d8982aef2bf8438.jpg,0
nlbx_856b7c4e9d8ae2b0195304e1b912ff9c.jpg,0
nlbx_90b17d4d2b55e1f6b8a82d6c8d116251.jpg,0
nlbx_d6da332b0a2ff2672d2806ddbf685207.jpg,0
nlbx_3cecbc2598950e3e3b2be0e8ec75dfb1.jpg,1
nlbx_2014959c1730d28b5050317f083755d5.jpg,0
nlbx_3cb1c0f9353227b8efb35084df391ae5.jpg,1
nlbx_60d04d97c40ed5db1e22e7d1630c2e7f.jpg,0
nlbx_fc7ce81561e2e7d77f6d83e9beabaf72.jpg,0
nlbx_bf6f0406425b748240f0eb39041adc2f.jpg,0
nlbx_70fd0db716ae5eedd51e3b380a90d8fd.jpg,0
nlbx_1f9041b593fb1bab75348cbf03e15d70.jpg,0
nlbx_0bfc5f5862e31024a85154800fffa517.jpg,1
nlbx_48c87510cda8c84aef33ed1d0260903f.jpg,1
nlbx_d7399b47dac15c624fc6489502366d8a.jpg,1
nlbx_e01a6f9f6db5a46768f55bb744fd610a.jpg,0
nlbx_9a3290049a28f5d895bbc08e0170d5db.jpg,0
nlbx_62897eb2391219e45df930095946756e.jpg,0
nlbx_191a21038ca6c655f3655638316bbd1d.jpg,1
nlbx_899017de047d021aeccd462307728e6d.jpg,1
nlbx_53e39b136ac9cfb000c9f68bfbd1e78a.jpg,1
nlbx_2e2bd4705470d083e4c5df14d38a510f.jpg,1
nlbx_df6fda0078084e8cb041209cefce63b6.jpg,1
nlbx_fad8620af2b37f93513d21aea9feffdd.jpg,1
nlbx_4a279f5ad84e342ee875db3c1e3ab929.jpg,0
nlbx_a95e0b07296fe7ba694f3e6880f31602.jpg,1
nlbx_a163f9b9ef2ebbbddea8795b3cf3ea54.jpg,1
nlbx_6503f11faafc6fffedd275787fc3c9f2.jpg,0
nlbx_d67c136a6f28345303c90b51d9240c73.jpg,0
nlbx_f31f310219208039a50f8e2770315da2.jpg,0
nlbx_eff0be05793b5aaa326d4a38f256d847.jpg,0
nlbx_709d77ba2603b83f3a1f96d79e67a8fb.jpg,1
nlbx_d8c9bc1be762081e3b9b6a624ee4157b.jpg,0
nlbx_0672749b4130b09a656ec44d37e8849d.jpg,0
nlbx_31005374c4bb22bad587b57ece93ffe0.jpg,0
nlbx_56c288b87371f160297e3bb4785e8d8c.jpg,0
nlbx_3c07bf68af80cd46e2a010a41680f601.jpg,0
nlbx_a30344e782fe6af4bab707aafeb96ba4.jpg,1
nlbx_3e28e2c6786b0b9740c28b0237bf2511.jpg,0
nlbx_c851321f43cc2bdbb310983f7ea07c99.jpg,1
nlbx_cb21155a7c7e963f344c99135d0aee86.jpg,1
nlbx_7c6c91ecfd591f00eaf1c7a72dd40c41.jpg,1
nlbx_3dbc2206ba208e3c561705e8c9c07454.jpg,1
nlbx_c85660d4a8be6070393b03dd7541adab.jpg,0
nlbx_ca8cde5c27102832d938b382a8e9f96e.jpg,1
nlbx_f83aad36d0d8cc840b02bb71548d4be1.jpg,0
nlbx_23ece46849661ba18756c80c1d7c6b6c.jpg,1
nlbx_66b6360b2e2201f92e3ce8bff39e1b70.jpg,1
nlbx_6286e2b45cfe262d9137e364f208b889.jpg,1
nlbx_9e98fe11356e7f02f40cb9039487f1bf.jpg,1
nlbx_c580c9fa2b60372542cb0d975005d712.jpg,1
nlbx_08e8fdb5420fde82ae0e96558cd6aa10.jpg,1
nlbx_81e0149d0b1946d855627b975e4663c2.jpg,0
nlbx_ed9a75e024ebc2e1d39aaeb2519194ec.jpg,0
nlbx_df3dd140d7e2c04d9c6080b8c4158593.jpg,1
nlbx_44c14b8898d29324e39a76247a4e95c7.jpg,1
nlbx_2fa924096b473aa13d4c9ed866b88317.jpg,0
nlbx_44df06f9ba2cd2fa49e0d3cbdcfd3158.jpg,0
nlbx_a90935ce5e0fd25e370687b9560a6e19.jpg,0
nlbx_fc827f4a2ec41178c3cfb0644b2769c7.jpg,0
nlbx_e030834379b73e343b3c66b0c9f595b5.jpg,0
nlbx_28fd0a9f13981a78077408d541ab52c4.jpg,0
nlbx_aacf39f97cc042bc827738c2e9f088fe.jpg,1
nlbx_f884fb17088c7b4cf9f620c21bd7b777.jpg,0
nlbx_07d33634e91712556d6c1f1237f48161.jpg,0
nlbx_7c14b5678246df1eac4562ac6632558b.jpg,1
nlbx_5fb732b857c50a2866fd6d25dbfb96f6.jpg,0
nlbx_0685e8b69f406b6482ef80b4b016246b.jpg,1
nlbx_8e404ec4f6992f0a1a73dcb5ed5ac48b.jpg,0
nlbx_7f20599763ef2e179fd0b28d9cbb8809.jpg,0
nlbx_265366dd14cde2bff5f7d65b71c315d4.jpg,0
nlbx_349c0f4538787306a6b07d3bbd8e41c1.jpg,1
nlbx_3bc98b1e4c446eecc56894aaf9bb9b8a.jpg,1
nlbx_87c4cf33cb96fc4ae018420dea403ca8.jpg,0
nlbx_32fd338c94b9aaaa994e473836bf13d5.jpg,0
nlbx_a95b7635f13362383ae72d5cbcf69f66.jpg,0
nlbx_20a81eed6aca60d9a0253d904d0f4786.jpg,1
nlbx_c12d29fcea87234ce59055815d7e3a29.jpg,0
nlbx_585391f8080213f63b2a9a2135a19ec6.jpg,1
nlbx_311c947f35d4d99511dd6a67f84da0dc.jpg,0
nlbx_82d7ad4a24a91dfd5e0cc604021e5e03.jpg,0
nlbx_37d99a2e13c51799b17da3d0da6dcba2.jpg,1
nlbx_a92e66fb255b85862c60d43fcfe50787.jpg,0
nlbx_3438680b93461a55a79dc98ba0e9f371.jpg,0
nlbx_f2f387978c547788b553d8b890a68ba8.jpg,0
nlbx_49ebc9bb4b664111802f9b7d1b429099.jpg,1
nlbx_c320833a3b89540ffa480c81226fbb05.jpg,1
nlbx_b15ca5d4ab3055e674071040f686d292.jpg,0
nlbx_08da6e5957dd772747d5ced94d1d9683.jpg,0
nlbx_3cf1c41fa298cdebd7960dbd9d77a810.jpg,0
nlbx_49e4de2a241dba3c5a51b9bd37ffd9e9.jpg,0
nlbx_47206f656f14152ac1373a6f55e105c4.jpg,1
nlbx_82a021ee465082df4c264d186082e04a.jpg,0
nlbx_aa7f8f15c504da2c4ce89fd8c18ce27c.jpg,0
nlbx_1ade52d5927d92ae25b9377ab083201d.jpg,1
nlbx_78197545d62a632e758b683984f3ebcd.jpg,0
nlbx_f959d0d93829a8f38b15a5caa0c8be0f.jpg,1
nlbx_6584617b0fb1633063b3ab2c22f7068b.jpg,1
nlbx_1c84d62a68cf2213a6cfdd6898cab7a9.jpg,0
nlbx_b31ae4f341ed17a34af2afe728c46c81.jpg,1
nlbx_e027ed95f5572f8189a284e661742530.jpg,0
nlbx_d406f5ba9ca003d19c6077d4a012f864.jpg,0
nlbx_5b19ead07a53571f5793bb47bf912d58.jpg,0
nlbx_7f1854571d3896f61d5bb6b3d3aaeae8.jpg,1
nlbx_13fcc49e4412d580c1dc678b93f88dff.jpg,0
nlbx_a238de1dde063ee6f1e3a9c96eb073b4.jpg,0
nlbx_4397315d330051d697b74bc9e30d5d6e.jpg,1
nlbx_1da687a13df8ee8c09d511fd6026eb99.jpg,1
nlbx_19f72e16d63d5f7ed966e168a31f6cbf.jpg,0
nlbx_db042e1ad3f5c93787594a1bc92ed74b.jpg,1
nlbx_938b9d9cbf5d6387724d78782fb91bd0.jpg,1
nlbx_714bfff75e41d810183dfc52ada24e79.jpg,0
nlbx_a55ae43749c6028a246bd49782a3e1e9.jpg,0
nlbx_7692a134a832d78f424e1fe899eea8c2.jpg,0
nlbx_9d119510aab92e84b13afa74213c273d.jpg,0
nlbx_98f4d9c44f3e6f87ac5eeda31cfa5be2.jpg,0
nlbx_b36309ac593c4f9b152290ae60194df8.jpg,0
nlbx_fca6ca0c087082bbbc1da11aab257ae2.jpg,1
nlbx_2ac217eadb24c85927e47ef43f88e6c1.jpg,1
nlbx_23c0e6c8495ce27c695923750d00e49a.jpg,0
nlbx_b20816ce09e197d0c16903fd0f7e0efb.jpg,1
nlbx_3639ed50d1d949d9de8e04644148d6d2.jpg,0
nlbx_a3bb74accde27ec71bd4e36eaa340039.jpg,0
nlbx_0afe08a31581fceaab178c48fa00ef47.jpg,0
nlbx_a256e5c88a301f2173f431eb40034049.jpg,1
nlbx_b1c5438de42ac184ff2d45fd5a660f1b.jpg,0
nlbx_d0218aedf7d1519c88b43b63878db5ba.jpg,1
nlbx_494ed626c145225ca905fc5026adc22c.jpg,0
nlbx_ed6f4266923fba5745e542923a9ec9c2.jpg,0
nlbx_2590f4c311da807a180aac9251c9166f.jpg,0
nlbx_dd8315cd163348ec04080b1966b15336.jpg,1
nlbx_d1737cae02520217082d4dc71be3b0dd.jpg,0
nlbx_e5434493b4d676fe9bd299ea63813bb1.jpg,0
nlbx_50e0eed08955644b262e7ef99dc15198.jpg,0
nlbx_37c189e6888906dc06bee4ad56c2f3f5.jpg,1
nlbx_1cd5b84c7dd85cff7a5d58b0071b87c8.jpg,0
nlbx_81b442e757940c478f2142ac6808cce9.jpg,0
nlbx_d63f2845225d39423a48b202e470d5ad.jpg,1
nlbx_1a3c993411222189d8ec33c52273604b.jpg,1
nlbx_ab43771a681e9486896e934081a6419e.jpg,1
nlbx_188a1ae5b9cf8ba75e74bd154b2804a4.jpg,1
nlbx_1efea0beda65e814da62e7e2740bb743.jpg,0
nlbx_e363436378685a2dc8fec77a2099be8d.jpg,0
nlbx_26ce442fd3540ee01967e189748fc642.jpg,0
nlbx_2e1c8d3defc078262549f4c3d0f27eec.jpg,0
nlbx_3d1fe01f1d646036fe2e844bac38ec85.jpg,0
nlbx_64a327130a463852b6b8d7d443c20e0c.jpg,0
nlbx_c135c233e69220ff0261a1e0631dc626.jpg,1
nlbx_41a02276c952faf60ec23c34ade9c7f4.jpg,0
nlbx_d2b33aaa7158560bbed4225ca18c8323.jpg,0
nlbx_2188cb37399232a25f3f104f3ed104a0.jpg,0
nlbx_2c5d04782fb23e3b156534d951e602c2.jpg,1
nlbx_5bda0cebb5d9c976e49fff7984ab9ec6.jpg,1
nlbx_8c9fea986a74aa57486404de9944bae7.jpg,1
nlbx_9dddf4da5f8326e6909a52d4ef9c09a7.jpg,1
nlbx_efcab15a51a8d44995cbdaf9625a6d67.jpg,0
nlbx_7d4d237ae64038d66e110a14e62f92af.jpg,0
nlbx_921ed14e573ab208a6868858d4b74261.jpg,1
nlbx_953485ab6000b155aa283eebad1977d6.jpg,0
nlbx_f931ba2fa7ab0d5178bffc7e35af026e.jpg,0
nlbx_2d72d72d6bed3a8b2e6d2289e237e08e.jpg,0
nlbx_58c539c3ff03af8cd5feaa81c468f310.jpg,1
nlbx_e3b375d952471d0641be7d58844a3996.jpg,1
nlbx_898ffc35d52a7078d391d248df6ca4d4.jpg,1
nlbx_2f38292942e849690968bea1d7b617d1.jpg,0
nlbx_d530a6aa120d3f55de47a72f6171958b.jpg,1
nlbx_19be0c6aebaa103f10dd5d56f1dc38ac.jpg,1
nlbx_21850aab51b35bfe81ea66861851cc54.jpg,0
nlbx_f41e13045769c3e98aa8e6643dfa7957.jpg,0
nlbx_5a09cd3aaba5b070f55ca62c1d6a0eee.jpg,1
nlbx_4093ce968db55ef4f3e4f16e0f7709de.jpg,0
nlbx_4621eac2cfcde9b8260931e6f6056bad.jpg,1
nlbx_26a0af323d0ef2e80414912599d88469.jpg,0
nlbx_bcb011d9813f789a2d500e95e6be2661.jpg,0
nlbx_f131e95716df7b3e9b72583ebd4cd480.jpg,1
nlbx_0144282146091064010f1f6cc7c7ecc4.jpg,0
nlbx_95cb6da73e192ba4a2a7121b7b5d8701.jpg,0
nlbx_d8a5117b7125093e866b01a8fb329a62.jpg,1
nlbx_ab0e19411e5f2da4908a2a205e2c4e6d.jpg,0
nlbx_03103878bd43ced76b2b01a6554c7bb7.jpg,1
nlbx_5344f051ed2ab0df104690ffd88d7c3f.jpg,0
nlbx_1552ee8a6284d910ca9e3a01e6065a7b.jpg,0
nlbx_6d3300cc14b5cfb79b642fb4d8294304.jpg,0
nlbx_a174e17fb8ebc4453e08acacba709b3a.jpg,1
nlbx_05c4142027eaf61f27db02bdb2205fd6.jpg,0
nlbx_bf11a2eff4f71d4ab5c88c6b88b874e0.jpg,1
nlbx_98d549d4482157b16e7e803cb7d36f6a.jpg,0
nlbx_068dd2e4f99976b4fc9e52e0f8ff751a.jpg,0
nlbx_a92e05eaa1eed01d35ab31a438ce8db9.jpg,1
nlbx_87ca38a717a92881d0919956b54fb697.jpg,0
nlbx_1a524364de88615a37362df0bd3fe1b5.jpg,1
nlbx_3b712ab09f66fee58f8bbe60df4a19f1.jpg,0
nlbx_ba4289f997e71941a8a297b1c37046d2.jpg,0
nlbx_f2942e6ac58d7ff7a33334b5c5af8de2.jpg,1
nlbx_69bc2c1c8069468d74a5607dc1f63f22.jpg,0
nlbx_bc80ade97ebe3f05b1c3af5ab7c61be5.jpg,0
nlbx_a30a5c8de55fe690c58587354d8245c4.jpg,0
nlbx_88afce09c1eafba06bd0d2d122b72728.jpg,1
nlbx_30bdaaa9b0579c6a73b3d66304c6b4eb.jpg,1
nlbx_74aea3d9cb42be7be83e95959c832c38.jpg,0
nlbx_c9ff9ef1d1b846efbf6d733af2ae083a.jpg,1
nlbx_fd2307dd2fa4eaecd7d625d1586545dc.jpg,1
nlbx_126a3fed1b98c31ba8343152d086a265.jpg,1
nlbx_8e6cd23ffeae96013a8d0bf205f01e90.jpg,0
nlbx_de3523c2360b21cd9c54d1f9bb88905f.jpg,1
nlbx_cb8387f0546f3814391ba79d481185a4.jpg,0
nlbx_fd627b7ba493af2f20fad6e15d4aaaa2.jpg,1
nlbx_8542f9ed21cc293c538ac8632638fe15.jpg,1
nlbx_2151edc9cfb89658dc25af0a650bed2d.jpg,0
nlbx_997983afe446d863d90cb4d5cb96bc88.jpg,1
nlbx_f7a332b9a15f8219459b09dcb0e1ace2.jpg,1
nlbx_3ca7385e73449585d549837a6d08a81c.jpg,0
nlbx_09526ab80a15e705f2a053a49153b4ac.jpg,0
nlbx_b5bb613b3a100107ed736726f891f1ee.jpg,0
nlbx_7187f6cbe54a909fda1105140c671fe6.jpg,1
nlbx_7e649f5cbe345f382432fe11c2ea5e8a.jpg,1
nlbx_12505ec0814b4204ce5786647fe22216.jpg,0
nlbx_14488a6ce88c071833d17735cb1cb160.jpg,1
nlbx_82bf14f5fd3a884f387bbd524c40c6a9.jpg,1
nlbx_9dd4aade761b516930062f439a295ad3.jpg,0
nlbx_8a7e2c8e080d090bcdcb8356f4b5abb1.jpg,0
nlbx_a49f4ef2794ebcb82edbba68c0299497.jpg,0
nlbx_46a58ba3ce037b06b250471811ecc9d8.jpg,0
nlbx_625f1d5e4336d88b53096309a5ff1a89.jpg,0
nlbx_c50123e111572631fe9de56fcf472f12.jpg,0
nlbx_93c2b01b00eb963a4531dfe56dabe551.jpg,0
nlbx_7c7cf41fa8cc0a624c23ad5e43df9315.jpg,0
nlbx_5fbeedcddc6a197c8a75fa40e25d8610.jpg,1
nlbx_fac014ed9f592302e3853a6d3bf28fc9.jpg,0
nlbx_4ecdf9f169a0a6bb702569b1905183b0.jpg,0
nlbx_afb56eecf8f526f4fd3b39bc3cf965ef.jpg,0
nlbx_0674ff1d8d169b05d88422037e8f0c94.jpg,0
nlbx_932293520318635b679a1b88b86b5fc5.jpg,1
nlbx_a694e0aacabc5fdfe1c234e5065341ac.jpg,0
nlbx_bdcd4cd2f4ec1488a3f96d95d8e25098.jpg,0
nlbx_6959cf8a2d29401f0d0cca546a6f6cad.jpg,1
nlbx_c6529a2fc2e4c53159e881eb23968987.jpg,1
nlbx_51ca6d37ffb5f4de5ab736a74b68b40f.jpg,1
nlbx_c86a0f16266b9909ff2a1b6ab2c1e007.jpg,0
nlbx_743a7db9e09abde017d491e782320066.jpg,1
nlbx_8262767af94b72ca2a8aa22d09442f5c.jpg,0
nlbx_5cbe5142191ddbd9482c5e783924c8d9.jpg,0
nlbx_95658e888c856127294f91921d227221.jpg,0
nlbx_af4f74841fc110ab3b34d2a559d6dbb7.jpg,0
nlbx_e19e6fef4880c9233e4645d43b40fa5a.jpg,0
nlbx_a74be2af8487d02b4a51808573767f92.jpg,1
nlbx_ad602c26aa05d228b7684ab6966aa21b.jpg,0
nlbx_85107b0f07606e12b1c7b274dca96e66.jpg,1
nlbx_127295a4927da24135506e63839a22fe.jpg,0
nlbx_06fff76d29b58e6d862fd01a2ca4d9a7.jpg,1
nlbx_2443e4c3e3bd59d5cd839bc1e675fa20.jpg,0
nlbx_778e0fa428b8086a4ffae1423c0a3e63.jpg,0
nlbx_6fa002c2687abc887e6320b908c1d573.jpg,0
nlbx_eefd81f7ed93119123a5174833c67782.jpg,0
nlbx_b8a0236af2f667d99c7754c1e478f99c.jpg,0
nlbx_5681274513e4097ec1e8823d39366231.jpg,0
nlbx_2c2f832b5337b3c780c8842cff03e25e.jpg,0
nlbx_589b0e1ba3e7d7840a80d3684dc2b7e5.jpg,0
nlbx_10e713709a1256dfebe1a0c9fb4bf0ae.jpg,0
nlbx_1289bcb18bc96807ade36b4950fd1bef.jpg,1
nlbx_85bb8ba912d33ebf8d933566be619e83.jpg,1
nlbx_c1d763cf62d0447bac69c68b1dfed3ff.jpg,0
nlbx_5418b4396327b91e81357900dbbe8a2d.jpg,0
nlbx_f34baa18efd6d9f453b9101cf28dd90c.jpg,1
nlbx_0a00bbb3a541510a22597eb1cb97fa01.jpg,0
nlbx_291e0f8670c99bc95bb8e6d05ce05225.jpg,0
nlbx_aaee52060c83eb87452092a8a18eabe6.jpg,0
nlbx_bee2933a7aac60619c7f866bfc3f98c5.jpg,0
nlbx_e1be8058d308712be63c7034bfe5c283.jpg,0
nlbx_cb7b129b276f0162b2af368a973dfed8.jpg,1
nlbx_76d0ac99b002eb9fbc5d9458a6ec3571.jpg,1
nlbx_3bea794bcf91ee75b42fa09c5694a486.jpg,0
nlbx_04a613616b440eafed6942a05ebdc00f.jpg,1
nlbx_3b70e334e1a0d48e455b57d725fb821b.jpg,0
nlbx_b13025010faf3b0568f7460bc33bad2c.jpg,0
nlbx_39a154d8cfa76ea96bbe965b72dd20df.jpg,0
nlbx_796d9edbe198189fdbcd0d99e00d9178.jpg,0
nlbx_398f71677f50b2dbe37368323b858729.jpg,0
nlbx_b4f35a6e635c8b8bda65de85f2a71ee6.jpg,0
nlbx_00f2663688502c7818b0cc6af408b20a.jpg,0
nlbx_5b6e954afc21e8d3b89d8aad98aa7015.jpg,1
nlbx_e9917428c0db82c3f30e64ba87b8ccf2.jpg,0
nlbx_33d2d2373cdedb725c3887fd9f50259a.jpg,1
nlbx_3687faf1e8283bfe538074a97bec25b4.jpg,1
nlbx_767b35bb8f584c02f143b007e9dcd02b.jpg,0
nlbx_c39f3303984cdf4d195073ce929de65f.jpg,0
nlbx_761509154e7c0062b3ab19826ca54a02.jpg,0
nlbx_b494479799e0467fc2de35c9194de02e.jpg,1
nlbx_d68b46f83f797f615b22b82dc2e54482.jpg,1
nlbx_bbb8e5decde5c0dd0d12e360e8f2e9e1.jpg,1
nlbx_7d422878efa5513371aa318117f9f089.jpg,1
nlbx_4039cdeba57dba91e488e6cd28cdeb07.jpg,1
nlbx_6fc5cd8cb81247ef6cf697f73610a0de.jpg,0
nlbx_d48587ddf5842c8e64479d85d21e9b36.jpg,0
nlbx_2ab819fed9f4976657d8b231da79d260.jpg,0
nlbx_d5fb9319a139c1f8232a5774e5d28d67.jpg,1
nlbx_dd57a1ee6b92a0280b8bc4e6eaf8b327.jpg,1
nlbx_42ea147caae31065432b24a25e1fba96.jpg,0
nlbx_4775bc8d59678397fe0fa0dce5f19e81.jpg,0
nlbx_84bbb2c4fc0c9972e2df28dae423e6a5.jpg,1
nlbx_d554e4794077c42dcfab208537fac32f.jpg,1
nlbx_04dd37a3e079eb2cb6a6e3825a7c4fd2.jpg,0
nlbx_f39824af9a06442609d5033f0034cf5a.jpg,1
nlbx_d422bac6af0e06578234be36a5571525.jpg,0
nlbx_8a1e90dbb28ec066194aa81f391d5136.jpg,1
nlbx_b10e2ea17b662bd55cb0ee106b45c73b.jpg,1
nlbx_e195614c3d0089b5d5e55c56f3704ac3.jpg,0
nlbx_826e473c00ce51398f41a1fe1d1d8596.jpg,0
nlbx_c27342dd1ac98de9426a1cf6b0dd44c2.jpg,1
nlbx_a28ad0ba66090657e63d3bebe200a53a.jpg,0
nlbx_fcaa9478439417d7bb5693357e35d7ad.jpg,1
nlbx_d592d63b72cd877bffbe6437569bf194.jpg,1
nlbx_72c702f890cc72c25ab8cf5f2918d1b2.jpg,0
nlbx_e0d34ed9263fab500e5ef33a9ba088e3.jpg,0
nlbx_4c91cc82c53c0f9af4dd3c9e844b286c.jpg,0
nlbx_4f3d98366bdc5f5dfee24296ddeb9c05.jpg,0
nlbx_e1c9586e020d328272df08d94d7efd35.jpg,1
nlbx_92489be30881f56c184e851799060500.jpg,1
nlbx_58ad18994bf8c9f65e55ff7a88cf930f.jpg,1
nlbx_7c5d7af73be0b20942af9c52aa844c86.jpg,0
nlbx_5b8ce9c0740fa771eea8d3072af6be14.jpg,1
nlbx_eab1f4fb594e143ddc119cc14d6ae3d7.jpg,0
nlbx_50fd5a7739e1dc83f7aad02bb03d058c.jpg,1
nlbx_84a972699d4741418afae34df406e171.jpg,0
nlbx_455f58b0520e9451c3f44d2d330ae1c4.jpg,0
nlbx_8cc0125d26e7bb68bb65e6b876aac898.jpg,0
nlbx_eb4e9f9ecd95b14c0b816d1078057076.jpg,0
nlbx_939488e6bd1a575b0a06a97da13075af.jpg,1
nlbx_67148155a4ecc40f0b2aa91917fe6ae4.jpg,1
nlbx_00a48238824f05885f4d6cfd601c518e.jpg,0
nlbx_e10ee362cd9a9ef93f7bdeff5e9b38e9.jpg,0
nlbx_3c8e59a6773453c49137d0f58bffe160.jpg,1
nlbx_644b88c19d4f5d340910b82d742f2cb7.jpg,0
nlbx_72e9858fbe38ddb32a0dab743db4adf8.jpg,0
nlbx_8c137b5481aa330c3b405b99ceb96a24.jpg,0
nlbx_49772d0ff80a719dd2e640a5a0a6f0e0.jpg,1
nlbx_d3de679f1810131158e041d28ef27e9d.jpg,1
nlbx_6b178ea403f32cc8e40ab72f7b89b283.jpg,0
nlbx_a2f6101af4944b1351afb633fab17908.jpg,0
nlbx_6b8de8615d453339c8675c4dbd58a424.jpg,0
nlbx_91388cfbe19277e0e9c22f7722d197f9.jpg,0
nlbx_85a21e57e7b0abd423c71392696d809b.jpg,0
nlbx_3d774416fa560df018984a160626ddc1.jpg,0
nlbx_c3a269ed3e2843170ea2078076506fb1.jpg,1
nlbx_977582c055b90ac0580e1a4bdcaf06f5.jpg,1
nlbx_f9552cf19a865777d09d01c2f2de00ae.jpg,1
nlbx_897b23d1720ca4f47a8fdaad478718d5.jpg,1
nlbx_7f60228c767af6fc37ae3381245587cb.jpg,0
nlbx_0a88b5b1ac17f5717affee2e83e1ae3b.jpg,0
nlbx_645ffd35396453e667aeda1c637e5fcc.jpg,1
nlbx_0d11396bcc4d4f0782d20a91dde39532.jpg,1
nlbx_6b4313b8b88487bbdad57c86f253f10f.jpg,0
nlbx_6cf4fe50e2e9ff887ba0d8b39dbd254f.jpg,1
nlbx_ce5e6fd8369c736d9a92bdda6d4805ad.jpg,0
nlbx_30099276e74904384b0f769556793c3a.jpg,1
nlbx_cf3b643472745c1519dcee7781d9b43b.jpg,1
nlbx_95a9fdc711c76b9a020099fce5c29cfc.jpg,0
nlbx_d8dac245b3fbc02c7783ffa7d485e4f4.jpg,0
nlbx_3081f4b3bcc74d3e8832e0d99c041fc3.jpg,1
nlbx_7fb7f77dfd652dd628e12c6f232bc0c0.jpg,0
nlbx_e796576b59eff8f6ffe4cf500d9f0031.jpg,0
nlbx_cde52c0665d581154b744e68501f248e.jpg,0
nlbx_1e117e2b7967e6a73fc39d52e0be20e8.jpg,0
nlbx_2327145b02c8468a8e8958275059c7c9.jpg,1
nlbx_5607fd99df88f294a068b6a69f2db547.jpg,1
nlbx_0aec6b477b13598d109757c978d58dd0.jpg,0
nlbx_e102bc86f67246a9fe46678d2e9603df.jpg,1
nlbx_3e91993a45a2dea051568a63d285ab26.jpg,1
nlbx_4ef9010119171502bb53c882e47619e7.jpg,1
nlbx_acec93cf6c98f6514520e4e061438565.jpg,1
nlbx_ddc3cdd9550a52f30698c098aa947215.jpg,1
nlbx_42d91f39167b968bca36d8b1397496c0.jpg,1
nlbx_b2c5fa4ded55b346ae655d720a4c14eb.jpg,1
nlbx_55c6501a2f2937a5dd82d8df577dcec7.jpg,1
nlbx_8bccd86ac1fc917d5cf580c24d52be68.jpg,1
nlbx_29ef03363e694762240615233d774dba.jpg,0
nlbx_554885e428823c2583b8962be069d058.jpg,1
nlbx_33e61392792bb00b2e4497524e0e90c4.jpg,0
nlbx_abe547cbbead0a2e2902e358e2afd1c3.jpg,0
nlbx_218b7e620d58a5b280e503777f28a66b.jpg,1
nlbx_4427821be50ab3a3acbd179cfb5bcee4.jpg,1
nlbx_598125eae42f29bb076b4cc868df51a8.jpg,1
nlbx_96fda04cb23bdc67fa41ba128f6ed041.jpg,0
nlbx_36c0068a6b77f211acea2ab62b879516.jpg,0
nlbx_2728948b2dc56ea1b0209c9afb7a6c51.jpg,1
nlbx_20e6eacab6d1afafa780435869b2533c.jpg,1
nlbx_e2088b7398285b630864f604501936ba.jpg,1
nlbx_8f8e2f96eb68961dcf1c2df374ccaa04.jpg,0
nlbx_51ac5b39fabbf7e84f50c7c47f585ed6.jpg,0
nlbx_12b45adefaf0bae2b0d5248e79abc7e3.jpg,0
nlbx_a512f5610e6fde088399a8a3ad95978a.jpg,1
nlbx_913be240b6447d9bee40340befeeb885.jpg,0
nlbx_6b3ccd55751ed44a97e3fc6bb9d8d89c.jpg,1
nlbx_cde9327139cb601b7efb681c08768c8b.jpg,1
nlbx_56c93639f4fd6fc946f2299c31441df6.jpg,0
nlbx_ceb1d6b836c772285a291452abb72aea.jpg,1
nlbx_e6e22b9c9f0d920c29da862f82d5b7fd.jpg,1
nlbx_f80c90e6da7f0693e0aa7632f3ea2cbe.jpg,1
nlbx_5983146777bd18c4089424bf16985be0.jpg,0
nlbx_dc3a2ef72fe850965b0695a4fd82ae3c.jpg,0
nlbx_98ae5e39dae13b3048068b115fdb8161.jpg,0
nlbx_ebf39dc14efc1a56906a23ae982cd878.jpg,0
nlbx_4e16d241df26f72bebd0d50fdc219672.jpg,0
nlbx_64140ebf8f49ec6e09e6a682159149fd.jpg,0
nlbx_e698011f0829e859e6a575c8e7395c4c.jpg,1
nlbx_b016f261308572ffce296b799099a190.jpg,1
nlbx_b89f5b14f78f85e6f5366022d0b87842.jpg,1
nlbx_e691b5f371eb6499ebaae3ed624b0f30.jpg,0
nlbx_9986b3fa6057c1a3965345973ce2cf46.jpg,0
nlbx_057c6c4a3db8ce45e905cc622464fe83.jpg,0
nlbx_b49685a5a597f308fbb18d40808dbd8d.jpg,0
nlbx_b7ed1e8b31f87b318f1071ea70e2187a.jpg,0
nlbx_ae120b1d71238d7c5379c28c9b68f36f.jpg,1
nlbx_e3a31190c255b18b8863b065d1db80f5.jpg,1
nlbx_b4812c7f6fe7d84d718ad89e2f65869c.jpg,1
nlbx_cabb6a0862c1614034d7cf669244bf52.jpg,1
nlbx_805311aed727d51dcd45a2516c86fc95.jpg,1
nlbx_8f63ea48c8bb290892d6cee87395650c.jpg,1
nlbx_e787d96a1ede2b5f47f1efd9743cf534.jpg,0
nlbx_adf3c1af91ff1fa18240cedd6cfbf0fd.jpg,1
nlbx_80374b169f9ac4532de5f92a6b1b8358.jpg,1
nlbx_e91608c66c47feb071a4151ae698d10d.jpg,0
nlbx_df4dfa81e30586fd33bdeb83f8396fc4.jpg,1
nlbx_dc27d8fb8d0ec5691044f11bf6d2e246.jpg,0
nlbx_d2aca224a88338dc140ad8d02aacade2.jpg,0
nlbx_6a8d1fff5c267f39891ccd7fc9acbc8c.jpg,1
nlbx_6809b903b1c141c81fd6b96a3a5426d3.jpg,0
nlbx_165b4f687ed18de87a25ec5ec30c59e9.jpg,1
nlbx_30594502ba8b5f0250839871ce53affd.jpg,0
nlbx_014cac6aeb65cb87672ceb049169a8f5.jpg,1
nlbx_54bb7b770509cb3db3e6b4766e45542d.jpg,0
nlbx_e28dd511ee3a352e64aabcc3df9ec89b.jpg,1
nlbx_7268f9d34dc002940ef5b5d01501da02.jpg,1
nlbx_b7e12669c81b9ba8045c580e0a6e496b.jpg,1
nlbx_8ddd0e4dd77089459d09e332a3c8fe1d.jpg,0
nlbx_3fe7425e3708ca2bd9187cb3dd571d32.jpg,0
nlbx_e91aebfccbfeaef412a816d146f6c681.jpg,0
nlbx_40ca8b511bc6f25c87c28c223e9b307d.jpg,1
nlbx_6d7a495cad941417448a9f93a7632ebb.jpg,1
nlbx_9ef6fb828d95c8ef31264a70104831cc.jpg,1
nlbx_0e132a77185878ccf9f096ac4d600677.jpg,0
nlbx_21ca355167546428650c7bac164a704a.jpg,1
nlbx_6fec09c24d5273f60f4d7cdb83da698e.jpg,0
nlbx_f62b7c1e941a1c3e3551b27526efffe4.jpg,0
nlbx_630b6b9703a21278a014be0b70ae2777.jpg,1
nlbx_dabe928bdb142106e83633d3e985c512.jpg,0
nlbx_c77c8a8de5e2416d844acaf5ddfe5bfd.jpg,0
nlbx_4651b1e5efece4296a7942d5ef628374.jpg,0
nlbx_88caf6002e00d3a37588bbbc937c54cd.jpg,0
nlbx_cc3ead60ae3af94cc75f81e83991d45b.jpg,1
nlbx_88655f10a08b40d2512d1df9caafba32.jpg,0
nlbx_85a08b80b68e63383e777b091de71807.jpg,1
nlbx_0ed7ff764d0a14a271ef26c9b023d478.jpg,1
nlbx_0ea9cfa92ba66546aa79f99457044429.jpg,0
nlbx_a5bfb772c062d3e8f25d5216fa72a637.jpg,1
nlbx_d8c6f1824580811595beba03c386ce4a.jpg,0
nlbx_7fb6d48c0248cd29cb4d3ed102587ed0.jpg,0
nlbx_f582ecdf528c9b45af3bd82975a0b8d4.jpg,0
nlbx_191f72fa899a5419195d39395a76d2ca.jpg,1
nlbx_7e6502b9b4a735c84434cc8ccd462bae.jpg,0
nlbx_ae6387e8a5f0e2911cee3c1e6995f372.jpg,1
nlbx_ef20507f70d3f28c5e4efe50e6ff1133.jpg,1
nlbx_b019c2570924801bdcde1781bef6c698.jpg,0
nlbx_09ec6564694a886e62cfb51029b6cfd7.jpg,0
nlbx_f8e72d527dc7cd27dc3064ae7a902987.jpg,1
nlbx_1223bd038c74c3a28e3d36c63a2b716c.jpg,0
nlbx_e744d51971f7ee4be9ba524dc232e10e.jpg,0
nlbx_29f2bde790a6f194778c67fdb68ec370.jpg,1
nlbx_5b1cb74c9fe5ff6a53e339c0143342f5.jpg,0
nlbx_d091beb2a15ff03168e87c718e612dca.jpg,0
nlbx_cc08cf8517dcec72443ccb6e78d94178.jpg,0
nlbx_a94b6d4799cdb79e1da8cb1b5e5fbfa6.jpg,1
nlbx_b2ce7ac4c189b2fddf3f030489848b8a.jpg,1
nlbx_da2a2052db281228a07973101f497fe1.jpg,0
nlbx_d2b6537fc68a1983b9aab7a5b9efebcc.jpg,0
nlbx_b329d56e16c948a5aa2fb8b25188411f.jpg,0
nlbx_5dde5a2e065d3d8eec26157a76275e94.jpg,1
nlbx_caeb0565d7a5c4f6980cfbe8bb8f33b6.jpg,0
nlbx_d42da57c540d2cd4ef2662c1cdcfadeb.jpg,1
nlbx_92e3ce735c11d5bac3a782852e4c1d33.jpg,1
nlbx_084c49d2cc2b2ba44b5acca0db482a22.jpg,0
nlbx_dc9c9fa42d5e633cd98a467af5efe763.jpg,0
nlbx_4af992bf09d67fd56d0a432b47c3a5c9.jpg,0
nlbx_8f98b92ea9ae8b68e194e20c5acfaeaa.jpg,0
nlbx_114dcf3ffd7563076b8a8f91ec12b405.jpg,0
nlbx_ed86c183d8b9099cfe298069d5a65151.jpg,0
nlbx_7721dfc61df8e8134b597c083915f358.jpg,1
nlbx_58a231f65baba78abf9fbbe93f70bed7.jpg,1
nlbx_14ff312e750c3086ab7fc4afb64f375e.jpg,0
nlbx_0b577ea6dccc35765583de346bb14e7f.jpg,1
nlbx_735e02f8bc6e7b655888285582e0c828.jpg,1
nlbx_4aae0d9488f840152955bb63c44dfa2c.jpg,0
nlbx_9a964874c77d2afefff8c789f1ec3323.jpg,0
nlbx_2393016e3d5c4cde414e9a18a2bd85fc.jpg,0
nlbx_b31884c9b48c9b376c4ed6b4aa4447a6.jpg,0
nlbx_b0c5a565686e55a144b32c99c907f36c.jpg,1
nlbx_c53cebbb05a35bba0a89220553a1b40d.jpg,1
nlbx_023cbdedb5a00df4c75ada5c4b66577a.jpg,1
nlbx_8de978e932de6241c3310b6fc26b4b02.jpg,0
nlbx_cb7643db0e902231494049bea75f0696.jpg,0
nlbx_611f86e9d5d9dd5f06d6471875b38425.jpg,0
nlbx_5e1da2b55700937cf2ff30c7ea0a964b.jpg,1
nlbx_01615d68cda603a6c4ca24a2ccff2635.jpg,0
nlbx_cb86211c137de762b24512f2fe0d5ac0.jpg,0
nlbx_a0b6718c478df5e931d48940897e7dfa.jpg,1
nlbx_65c0c90887667a637a6fef1086e43c31.jpg,1
nlbx_79f1c88eaf1257fbe5019a219f9b4e57.jpg,0
nlbx_86ff2f87232fb566685d4deb22b48301.jpg,0
nlbx_8add3d15db86bf3b1650e9a592ea57b0.jpg,0
nlbx_c77d24e5e7ecc062d0ba7d7e2297c5ef.jpg,0
nlbx_5fc59588ccb0c992788f989b05e6262c.jpg,0
nlbx_283b37071420dce072c4a153e78e8912.jpg,0
nlbx_d5f5a8d87c09f5e24f28bfa96019b055.jpg,0
nlbx_d0c2c8e6145e072ed72446703b183294.jpg,1
nlbx_22c7840cd56fc6ac2db32b93e247e314.jpg,1
nlbx_5d2779006fdb6012c49669601590cff6.jpg,1
nlbx_923d29869eeb81cb62aca0bd74f503ea.jpg,1
nlbx_31fd1cd50c2d1c6247ab81c35e90f29e.jpg,0
nlbx_f79dd1a17d010eba1e3294dba68745bd.jpg,0
nlbx_7aa87a1cb881dd8db4b89c26e6f86cb7.jpg,1
nlbx_c2d6b7877f59f5c535f409ca98d57a8f.jpg,0
nlbx_0f1752c2631724ad0c5e193e0d5820d4.jpg,0
nlbx_6ad0d6dce5d6818de84bbe7f9dd30201.jpg,1
nlbx_5e3ae2cfdec1e338427a9662bddd29f2.jpg,0
nlbx_5a6479f8ce44592c09ae4ec0c359f233.jpg,1
nlbx_f6ddc650863b52f0336bf42858a3bf33.jpg,1
nlbx_7cee1bf70a15a892f66ce0f416dcfa44.jpg,0
nlbx_12426cc2a35c0f37cfdc9d55eada677c.jpg,0
nlbx_6f7004d188e27f471047b07c36e0e157.jpg,0
nlbx_49c8fe4d5d7a7713840f93ef47b9363e.jpg,1
nlbx_cc6205c9fabd74e2f5a4d09dc18f1dd6.jpg,0
nlbx_860d3c3e364bcbc76b45083f716537a1.jpg,0
nlbx_a2903fa4395881d03ea0899e2139e249.jpg,1
nlbx_6e5cb142855196a9a14864e7b218b745.jpg,0
nlbx_2fc38acb4ebe1cdffd70781eb2f491b3.jpg,0
nlbx_78a348a62a7712d56922f02b3675a762.jpg,1
nlbx_2021c45a6043cba2da7c5357329a6a18.jpg,0
nlbx_c3a88604dc514e32b76deab8069733a2.jpg,1
nlbx_c66299ec05503694d31755594ecba463.jpg,0
nlbx_2a58f5790e0f30de46720b87045cffbb.jpg,1
nlbx_e3c72fc4a2debb56c68424e1c477c3a2.jpg,1
nlbx_7078050aef862f055b124073f9414515.jpg,0
nlbx_33019450b16dcb1c62af471122693ba9.jpg,1
nlbx_60145a3fb4242f57150cb33eea713cad.jpg,0
nlbx_e3cfb9e993062dfa5a1ee4f1ea5c4972.jpg,0
nlbx_4ad5b2c7da99dcbf0e6e2de5d7a7921a.jpg,0
nlbx_f6a74efc6e2996ac5d4743b41f4a1f3f.jpg,0
nlbx_f84370def966d05a41c29c880e737da4.jpg,1
nlbx_e799c76746fa98eb037ed389511e2890.jpg,1
nlbx_89743446d18b1fafea98bd1fbc72ba9e.jpg,0
nlbx_6030be163bcb4d8820b14ccf190a7d09.jpg,1
nlbx_1572a841249bba8c225b424d3f9d952a.jpg,0
nlbx_b600ada7ce53f7de5a18c119c2e0ba1d.jpg,1
nlbx_a1b5b91246487d4bd8bf0614e6dd3793.jpg,1
nlbx_7e37c12ff5d084d28223bee688bcb38e.jpg,1
nlbx_cc0e6d36137a1de7b8f6f62f87b9b465.jpg,1
nlbx_1a3b8080d6329c251165cc6b02508214.jpg,1
nlbx_04be417dc4a470aa0a4b06b2128bf092.jpg,0
nlbx_06229cfa1fae6e46a03791736c592a1f.jpg,0
nlbx_03c504ef2e209fbba3867ac14d599395.jpg,0
nlbx_44fa3ec975a1347c89d6df23fb6cb904.jpg,0
nlbx_0270e2d8a81b63eef5a8139846622107.jpg,0
nlbx_4b84ece66fc06149a2305c1e03ceeac5.jpg,1
nlbx_c58db94a7f4010c6db9d470818d152ff.jpg,1
nlbx_4e7778876e3ff5cd53a0509a54b1dddb.jpg,0
nlbx_267c22f22a5e8c7c253fbfc86eb9286c.jpg,0
nlbx_f7df16cd537f181921188c904f9b5a8b.jpg,1
nlbx_f5a26e19afcf2b949d3ffcc37f2479b7.jpg,1
nlbx_7f0380343d325fceef404d2495b93d8e.jpg,0
nlbx_e4df50efd1755150478612bafc80f6b7.jpg,0
nlbx_cdedb65a9bbadbbb0c0de6ea57a6bb38.jpg,0
nlbx_6f710b2061efeb45ba0b10ff73f36469.jpg,0
nlbx_b08ccbe3e1ce7bc8f8429bd3e1ee4841.jpg,1
nlbx_8fb2758019a12ef0ff0a8c2e4096092b.jpg,0
nlbx_4d07c4722eb487027a87730ebb1c92a6.jpg,0
nlbx_9e7cf29e54cab5da80b2c4fdc983bc91.jpg,1
nlbx_6c7055058fccb3973b198b646e3dc0d3.jpg,1
nlbx_b85d634caf74401b1b6292b86a99411c.jpg,1
nlbx_df0abc2ddbb2352767856997c27cb2cc.jpg,0
nlbx_ae06346e590f4e716a63233b42b961b0.jpg,0
nlbx_ebbbe0adb86b62dcd0fdc4317ad759e9.jpg,0
nlbx_e7990e092eca7f549503ede39a98a64a.jpg,0
nlbx_030143b8f7194c29061079237b2837ab.jpg,1
nlbx_7769e2cfe23490a5cf3eea2037ab3448.jpg,1
nlbx_bd3c0dabdbb21a96054ecbc237725ce9.jpg,0
nlbx_6195f780252952cc4325601cdde803cd.jpg,0
nlbx_d85e038e32b44f13825014b011fabc64.jpg,0
nlbx_26520d639d3dd4bcabb81f4431835613.jpg,1
nlbx_0dc6c8b8b950b88ba6454410a5ca0793.jpg,0
nlbx_c76b21e0232b9337d55fd7d9d11ea31a.jpg,0
nlbx_f57c407c3973ddf198f8b0ff9920f2f3.jpg,0
nlbx_74c7ba3a42d4e2990c6f058ea3f4c493.jpg,0
nlbx_4fc13801533dcfaa94729fc6c9b64929.jpg,0
nlbx_25c8be28b4d891e9f1d48a1f21598798.jpg,1
nlbx_205a847e799956a74d282a655a7e2d62.jpg,0
nlbx_1839cb2023ca789366ec8bc51d1dd9b4.jpg,0
nlbx_caefaebc4811c17a99a2f97d8db8edbc.jpg,0
nlbx_84aad920e1cb2ae3d87bee3ca753360e.jpg,0
nlbx_5afea94e8ff8d05ece7e765d7297b372.jpg,0
nlbx_eab018b6067915bc1c8773eeee30f245.jpg,0
nlbx_159c8dc9a26bd59be0035cd12341652c.jpg,1
nlbx_691cff29842e7ace229a39881a7f898f.jpg,0
nlbx_5488d703a824233b1a4bcc70aa0a2cb4.jpg,0
nlbx_fd820756755c75f5bcfd294611596403.jpg,0
nlbx_b02328b16890d7fdb2238495d8a9b2e9.jpg,1
nlbx_9a440091d67948fe4f0de1c1dde93949.jpg,0
nlbx_2259e3b42a81d369dd301638c6408db2.jpg,0
nlbx_d240eec0271c23afa7ee49549e5e432d.jpg,1
nlbx_1795d3bdb5f44781651c2780c199ff46.jpg,1
nlbx_0bd8893a04ce3a0d59f405591ce2814c.jpg,1
nlbx_fa564ec7f2f969cbdb07b8a5e02aa5ba.jpg,1
nlbx_1b7269c39fe07a2eee9b35d2567f09b8.jpg,1
nlbx_71a1cbc8c8db7d140b48a13fbfdc6971.jpg,0
nlbx_68fd4c79ededbba700e125e34317ad97.jpg,0
nlbx_e9696643ab3627552e1bed0324f6a382.jpg,0
nlbx_721fe6e1f21426803aa5ec0a515eb8c5.jpg,1
nlbx_6463edcf8d7603f44ebd1fbf0364e684.jpg,1
nlbx_e6bc144b2056555213307b7c4d3b406d.jpg,0
nlbx_7d348b500322d32f006ba1cd7928fba3.jpg,0
nlbx_b4d75e169e65b38414baa9a787e26754.jpg,0
nlbx_1bdcf5cb8a0290dee9125302ff40fd5d.jpg,0
nlbx_023f6c8eb9ad14076c7af18166d0288f.jpg,0
nlbx_fb6eab0ebc3c0f5cc0b497bf9154a890.jpg,0
nlbx_8b8ab20835f4755930ab4d6e05f96f46.jpg,0
nlbx_0c92975c5af1ef09e95668253aa82ae8.jpg,0
nlbx_adf8ee480cb2498b3e6c1dca5a9766f1.jpg,0
nlbx_519e7b8c8aacbad61cf889667699659f.jpg,0
nlbx_236e534781046a38cda4d03dee1f2fe8.jpg,1
nlbx_7d9c28dc46300b1a426c0b50878d18fe.jpg,0
nlbx_4e00392665351eb08957f3057a4467c8.jpg,0
nlbx_f045c6475b0102120286e57006b965fd.jpg,0
nlbx_6104c209cdbe13b2c7cb3f639d70d031.jpg,0
nlbx_a5054ce1429ff1946afab05a11ee1d6c.jpg,1
nlbx_f6994de715bd80037af4fa54d65fdb19.jpg,1
nlbx_57785ec5fa6f312d2dc6b5e65d735806.jpg,1
nlbx_f44c0b4850115ce72609b1b8e7083dcb.jpg,0
nlbx_2cd84dd74f564615618c2154b4756407.jpg,1
nlbx_6baa8acd7cdfeacf6886b66f2baf348e.jpg,1
nlbx_76d2d17098e026d9b747fe165401ad25.jpg,1
nlbx_ed8e78a97caa63b85d58d59a0e042b7d.jpg,0
nlbx_30afdab4f264d63d47c333f69cf3e8f3.jpg,0
nlbx_c1809a01f61a780241d3c1aa9eb783c8.jpg,1
nlbx_19020d2dd8eeb817740213f20c08f592.jpg,0
nlbx_c4b574d615f417d0f866d86c777a011a.jpg,1
nlbx_b8c163fa25e560710d5e67463b3b2d7d.jpg,1
nlbx_5f54dffc86297f72dba88a17a0fe83a5.jpg,0
nlbx_769654e25f298fbf50f7c3ead1fc0797.jpg,0
nlbx_98ffe824181436471cbf70169be1ed20.jpg,1
nlbx_d1fe9d7a00789971da43bb3566ccda7b.jpg,0
nlbx_8870d818830af7e1b03446423499214c.jpg,0
nlbx_a7e9dace12ebdf2c15e3ed29e5e46daa.jpg,0
nlbx_385a5770dbcf971639f796238373ad49.jpg,0
nlbx_1eeba504289b916f57d85cedf464e06a.jpg,0
nlbx_19b990637ac46e02359f74607956ea4d.jpg,1
nlbx_76be4ad18dd6afb9ac8e8103bd128b8d.jpg,0
nlbx_fc13e69eba3be9a296c6009eefbb6ead.jpg,0
nlbx_f1cc2032260bbe97bba6fb1c6e35187c.jpg,0
nlbx_e8b2a4799e4a5d50634e185e45dd334e.jpg,0
nlbx_bd0bc11c7074c9694090f2db8dbc6efe.jpg,0
nlbx_68b0ae0e7768dafba1a912f1f9c17969.jpg,0
nlbx_1df42b9ec9366a92a9dceefed5abd30b.jpg,1
nlbx_86fe917f6ef6bf186a866b62967fd389.jpg,0
nlbx_0c74414670d366596d98e6a1f2379bdc.jpg,0
nlbx_13efae2cdf856ceb4466a1e4444f36a0.jpg,0
nlbx_7daa26d22c82e78318f5a2654cb7392c.jpg,1
nlbx_cb39e4fa0c62ffc21adaa6417e969679.jpg,0
nlbx_9308d5033529dee25980f8383315292a.jpg,0
nlbx_1c511963c93e561033fca28bc5d7a910.jpg,0
nlbx_744cbb0fae8804c5d475648cd05b348d.jpg,1
nlbx_b03c514aef69508e2a1c15cdef585ee2.jpg,0
nlbx_ba8df354e11cda1aa8a1b5ae617c15ae.jpg,1
nlbx_b7ab1b255d758f127c2659b9b2515dd1.jpg,0
nlbx_a7a6e0e5b62c363534e155cf2c3971cd.jpg,1
nlbx_1d22aebd40b0c65de272a0cc044b83a1.jpg,1
nlbx_c9854a85f996f67d17852b807a65ffd1.jpg,0
nlbx_04cd4fb735ab0fcb3dfb44201dda1c2c.jpg,1
nlbx_98fb0e0700c78239ef6911a0e3012cc1.jpg,1
nlbx_130dd35ea6e42cbae67cae4bf335e658.jpg,0
nlbx_a6638fdb21c4795b67631bb6576b0bd1.jpg,1
nlbx_a1b290c7f55034f57738bb300826d548.jpg,0
nlbx_649edd56c49edad0a10d850ae0f590b2.jpg,1
nlbx_a73de5c75f901a7f5ac0d17668337765.jpg,1
nlbx_ab45f6df6a92af0308359463ce48e5fc.jpg,1
nlbx_cf72785e8cc724283fcf4acad3f0fc75.jpg,0
nlbx_0799477c583f0eafacf0d65a44fdd4cb.jpg,0
nlbx_0b7552f17a712c2ab57ac6a93a37c715.jpg,0
nlbx_649a991f90737e5699a1d64a594d3b1c.jpg,1
nlbx_5bb37f42892a13cc2c430fbd3d60c704.jpg,1
nlbx_d40e4d449eb3a894022943ab9661d2dc.jpg,1
nlbx_bc0ff76b9e4c8dd3b318d5445dacd38c.jpg,0
nlbx_47507cf80116f1df6435bf97566a91e1.jpg,0
nlbx_513e5532fb45c66672af5d0828591e9a.jpg,1
nlbx_2f6047f29d1c4f9d05df38b5de0b021c.jpg,0
nlbx_b13a46e57fe8d1c3d464d57699943a75.jpg,0
nlbx_0b9139697ace9fad9107da436caa7283.jpg,0
nlbx_62863aa769af2d982dc1c95b960dbea8.jpg,1
nlbx_efa6b1eeb48d02c64a408f4f3ea893c8.jpg,0
nlbx_94dccd54fdb7637402a4cf8e737a992f.jpg,0
nlbx_19092f62689795c99e3ae7d56596c998.jpg,0
nlbx_a9c39ae11c676d4d266f077ef0a29fb1.jpg,0
nlbx_a06a5406c912338d73e3772bf144e560.jpg,0
nlbx_79386f05e341bea9c8730722fc452a15.jpg,1
nlbx_ddfc70e278f59d76a848393a9c897eb9.jpg,1
nlbx_3852f1cf43dfaa24c2f1086dfc74b90a.jpg,0
nlbx_f63a59fea6cd20f0c74c36d325e4517b.jpg,1
nlbx_28298c33cc9eab8d6272487dc75b4882.jpg,0
nlbx_378997862072c9fdc2050de9468f1267.jpg,1
nlbx_f1331008c1ec5552dd488053278bde52.jpg,1
nlbx_585d3f6bdba5f0b002b043470f200197.jpg,0
nlbx_a21e31f93506fd782d009374f640da09.jpg,0
nlbx_79694511603f14422dc137f9ba26c100.jpg,0
nlbx_60921a73992a6571e2f56ca40fdf5e11.jpg,1
nlbx_fffdcab1604c89541100a1bdc327b229.jpg,0
nlbx_523e0cb68f2b7434268db71bc32c71a1.jpg,0
nlbx_cb3fa7a81187b1f106091810f5671d4a.jpg,0
nlbx_2a8af8f0051d8202dd10c40c5e65d8b1.jpg,0
nlbx_7f4e390430295b98946aabf504532726.jpg,1
nlbx_6a6539956ffe7f5b6f474edd2849908d.jpg,0
nlbx_2efa454852ab39073cc7b5073bc313ab.jpg,1
nlbx_6fd6df5052e606e97816e5bc1118ec33.jpg,0
nlbx_7fbcbb118c22c321e0d980f9690f6875.jpg,0
nlbx_f163559440cf3d9d77b06a96f14234fb.jpg,0
nlbx_9049d32daa529a732b007b2fbafa5631.jpg,1
nlbx_a248847837e9f4a8871bc9fe5420ff08.jpg,0
nlbx_eba355ecbe38dcf1acbddea8965fd190.jpg,1
nlbx_470962e721d7c8df127a6993debe6ad8.jpg,1
nlbx_d6cc60d129d7933a24ce8fb100c6d705.jpg,1
nlbx_30259f6bfbe1f7318d9b88d41fd69680.jpg,0
nlbx_67e9abf92602a4a428ffddb02334d55d.jpg,0
nlbx_7ba03518604c39a7eefe383e9520eb73.jpg,0
nlbx_33d01b2ad1717e7aecb6ffb0a72b21fe.jpg,0
nlbx_d89c8de95f18a495eb2e7a3f73e409d4.jpg,1
nlbx_bdfbfe9f95a240782052cc123ab94ed0.jpg,0
nlbx_61e9dd343331cc9f1329c624bc388c77.jpg,1
nlbx_7f3e33c2114bb3f40ef5741aeee8fbb5.jpg,0
nlbx_c5c22f37797f32ff6e144f4a3ee713d3.jpg,1
nlbx_7fb158ff4845ecb0753dcd303059ae39.jpg,0
nlbx_1da4922b3b42d3ba4d4a2a20f79383e1.jpg,0
nlbx_32163351df0337c7a47fe8d99fc62937.jpg,1
nlbx_72ba4a462de66b34c58af1431f2f3d47.jpg,0
nlbx_97bd53c7a5a7ce5bbb8d2b3cda8a26a5.jpg,1
nlbx_75c7f1e3563bcd63d0a2d7d67e18f3c6.jpg,0
nlbx_439a2f72b99696c794bf271c8ed5b4ae.jpg,1
nlbx_f64e01a8fa40f9a1658de04c8e89899e.jpg,1
nlbx_64ffdc059ee2dd7688eefbe9e36a59d9.jpg,1
nlbx_22b01de23d3a7a1ec5a29fd1c9191b2c.jpg,0
nlbx_08edaf9e3c17d378e5628dab0b2ad2cf.jpg,1
nlbx_0c9503a2baa379bb129385dea6197e23.jpg,0
nlbx_535a69259344b5337541cb9a83c8248a.jpg,0
nlbx_bb75dfb64c73d22ec40792505c938e27.jpg,1
nlbx_69be879e60ebfdd88ce19b4c864c73fa.jpg,0
nlbx_401b69b175936685010e40ee8a0ad1c2.jpg,1
nlbx_f69df573f6e81403a914402b6bf25f16.jpg,1
nlbx_fdb729e94ba4a062fdbbb29155942c87.jpg,0
nlbx_33935e931a953af8f4ba8f8e03cd5788.jpg,0
nlbx_84e46d8f3beab6db4a236e1eee939470.jpg,0
nlbx_13830fea93f6e7084778f1c8d7e90efe.jpg,0
nlbx_40daa7b64964605c6763bfa630114ee9.jpg,1
nlbx_305e424c90b936cb6e678894308d8c0f.jpg,1
nlbx_cd0974c86652e54b6c53719348d33dcc.jpg,0
nlbx_a8be2d49b4a1cfbfdfafa2f76e5d906a.jpg,1
nlbx_6e7445c2e3f3ca5bf6970c37174f3d24.jpg,0
nlbx_f3a7c3226dcfec8d941e5da248c83423.jpg,0
nlbx_c140f8dfdd8de43750d8621b7a54f1eb.jpg,0
nlbx_4a9ad3030b4a1c1acf0302d78681ebd5.jpg,1
nlbx_080ebf72e0c011647cb8ca9258cd9b17.jpg,0
nlbx_770c217eaaccd1bb818402811a2eafc3.jpg,0
