"annotation_id","annotator","choice","created_at","id","image","lead_time","updated_at"
34630,"4","Not Flooded","2026-01-23T20:46:18.301986Z",213976,"/data/local-files/?d=/share/ju/nexar_data/training_datasets/street_flooding/all_no_letterboxing/nlbx_ccaafd467c010e108c1524696f94a7da.jpg",3.126,"2026-01-23T20:46:18.302002Z"
34520,"4","Not Flooded","2026-01-23T20:14:52.384601Z",213977,"/data/local-files/?d=/share/ju/nexar_data/training_datasets/street_flooding/all_no_letterboxing/nlbx_e4515596227938b68a46e22b426e24c0.jpg",2.923,"2026-01-23T20:14:52.384613Z"
34931,"4","Not Flooded","2026-01-23T21:02:41.518184Z",213978,"/data/local-files/?d=/share/ju/nexar_data/training_datasets/street_flooding/all_no_letterboxing/nlbx_c3f86eeb8ecef9446cf0e1e2d9202dfd.jpg",1.893,"2026-01-23T21:02:41.518205Z"
34595,"4","Not Flooded","2026-01-23T20:44:32.709514Z",213979,"/data/local-files/?d=/share/ju/nexar_data/training_datasets/street_flooding/all_no_letterboxing/nlbx_69f2091b78d0027a431b00e6c613aa9a.jpg",2.148,"2026-01-23T20:44:32.709527Z"
34472,"4","Flooded","2026-01-23T20:11:01.654264Z",213980,"/data/local-files/?d=/share/ju/nexar_data/training_datasets/street_flooding/all_no_letterboxing/nlbx_1884de26f0f465910b0e11528c3405df.jpg",25.614,"2026-01-23T20:11:01.654296Z"
34566,"4","Not Flooded","2026-01-23T20:42:52.420853Z",213981,"/data/local-files/?d=/share/ju/nexar_data/training_datasets/street_flooding/all_no_letterboxing/nlbx_80dcb553b39dd174cd211a8f26c49b43.jpg",1.917,"2026-01-23T20:42:52.420874Z"
34516,"4","Not Flooded","2026-01-23T20:14:37.146038Z",213982,"/data/local-files/?d=/share/ju/nexar_data/training_datasets/street_flooding/all_no_letterboxing/nlbx_f1c1f5c0ff118e1fd43329d9c07d80f6.jpg",2.304,"2026-01-23T20:14:37.146053Z"
34808,"4","Not Flooded","2026-01-23T20:55:20.935729Z",213983,"/data/local-files/?d=/share/ju/nexar_data/training_datasets/street_flooding/all_no_letterboxing/nlbx_8e46232473984a9f4cda1b0ae691b3dd.jpg",1.927,"2026-01-23T20:55:20.935750Z"
34944,"4","Not Flooded","2026-01-23T21:03:25.381645Z",213984,"/data/local-files/?d=/share/ju/nexar_data/training_datasets/street_flooding/all_no_letterboxing/nlbx_6f35f5883ba438753cd359bc62710732.jpg",2.497,"2026-01-23T21:03:25.381666Z"
34477,"4","Not Flooded","2026-01-23T20:11:33.957109Z",213985,"/data/local-files/?d=/share/ju/nexar_data/training_datasets/street_flooding/all_no_letterboxing/nlbx_be60f02d897dc9ddced7792953d8aff3.jpg",3.505,"2026-01-23T20:11:33.957131Z"
34890,"4","Not Flooded","2026-01-23T21:00:13.009990Z",213986,"/data/local-files/?d=/share/ju/nexar_data/training_datasets/street_flooding/all_no_letterboxing/nlbx_0b3f34b519117d4a10f8f81f1c79acc7.jpg",1.715,"2026-01-23T21:00:13.010016Z"
34961,"4","Not Flooded","2026-01-23T21:04:13.514848Z",213987,"/data/local-files/?d=/share/ju/nexar_data/training_datasets/street_flooding/all_no_letterboxing/nlbx_bdb2be2d0d491606bfe0da38029dd843.jpg",1.801,"2026-01-23T21:04:13.514860Z"
34641,"4","Not Flooded","2026-01-23T20:46:50.208805Z",213988,"/data/local-files/?d=/share/ju/nexar_data/training_datasets/street_flooding/all_no_letterboxing/nlbx_bb2c3c755091d708c3dc7c86c65606f9.jpg",2.395,"2026-01-23T20:46:50.208830Z"
34510,"4","Not Flooded","2026-01-23T20:14:15.999213Z",213989,"/data/local-files/?d=/share/ju/nexar_data/training_datasets/street_flooding/all_no_letterboxing/nlbx_237aad4bfe744219e93f077f168f546e.jpg",2.718,"2026-01-23T20:14:15.999234Z"
34941,"4","Not Flooded","2026-01-23T21:03:16.496938Z",213990,"/data/local-files/?d=/share/ju/nexar_data/training_datasets/street_flooding/all_no_letterboxing/nlbx_b75463d63745abd588ea4c605a0abe9b.jpg",1.878,"2026-01-23T21:03:16.496951Z"
34868,"4","Not Flooded","2026-01-23T20:59:01.036764Z",213991,"/data/local-files/?d=/share/ju/nexar_data/training_datasets/street_flooding/all_no_letterboxing/nlbx_3ef49aa2fdabda10a2d6dbb6558106a3.jpg",2.491,"2026-01-23T20:59:01.036785Z"
34945,"4","Not Flooded","2026-01-23T21:03:27.767602Z",213992,"/data/local-files/?d=/share/ju/nexar_data/training_datasets/street_flooding/all_no_letterboxing/nlbx_5f166836b72fd5cb2ba8febfa8214f0b.jpg",1.75,"2026-01-23T21:03:27.767627Z"
34689,"4","Not Flooded","2026-01-23T20:49:19.696679Z",213993,"/data/local-files/?d=/share/ju/nexar_data/training_datasets/street_flooding/all_no_letterboxing/nlbx_54d370e48f7f2470ea346a8afa99be1b.jpg",1.896,"2026-01-23T20:49:19.696700Z"
34497,"4","Not Flooded","2026-01-23T20:13:18.394351Z",213994,"/data/local-files/?d=/share/ju/nexar_data/training_datasets/street_flooding/all_no_letterboxing/nlbx_a9cd33324ac0974023052b964d2f8b68.jpg",2.893,"2026-01-23T20:13:18.394372Z"
34745,"4","Not Flooded","2026-01-23T20:51:58.867073Z",213995,"/data/local-files/?d=/share/ju/nexar_data/training_datasets/street_flooding/all_no_letterboxing/nlbx_819849e663518aaae835b1e4707a1af1.jpg",1.856,"2026-01-23T20:51:58.867106Z"
34665,"4","Not Flooded","2026-01-23T20:48:13.585539Z",213996,"/data/local-files/?d=/share/ju/nexar_data/training_datasets/street_flooding/all_no_letterboxing/nlbx_47a6af70f54ebeed0dc61e54e44b0080.jpg",4.226,"2026-01-23T20:48:13.585559Z"
34727,"4","Not Flooded","2026-01-23T20:51:07.159054Z",213997,"/data/local-files/?d=/share/ju/nexar_data/training_datasets/street_flooding/all_no_letterboxing/nlbx_63058f19cb4b51165b2938daa93b28c9.jpg",2.13,"2026-01-23T20:51:07.159077Z"
34673,"4","Not Flooded","2026-01-23T20:48:34.332519Z",213998,"/data/local-files/?d=/share/ju/nexar_data/training_datasets/street_flooding/all_no_letterboxing/nlbx_abf0734c99ac52274e975b8d1b931382.jpg",1.96,"2026-01-23T20:48:34.332541Z"
34703,"4","Not Flooded","2026-01-23T20:50:00.684740Z",213999,"/data/local-files/?d=/share/ju/nexar_data/training_datasets/street_flooding/all_no_letterboxing/nlbx_fc0dd02fa4eaa78ccbd5379c8464d0a6.jpg",2.062,"2026-01-23T20:50:00.684761Z"
34942,"4","Not Flooded","2026-01-23T21:03:19.410670Z",214000,"/data/local-files/?d=/share/ju/nexar_data/training_datasets/street_flooding/all_no_letterboxing/nlbx_dc0c3a013cab2eb287f40eed25b9fe06.jpg",2.169,"2026-01-23T21:03:19.410692Z"
34955,"4","Not Flooded","2026-01-23T21:03:56.491200Z",214001,"/data/local-files/?d=/share/ju/nexar_data/training_datasets/street_flooding/all_no_letterboxing/nlbx_2eb7d4f8a05744106e128b39494e434c.jpg",2.253,"2026-01-23T21:03:56.491221Z"
34929,"4","Not Flooded","2026-01-23T21:02:27.727040Z",214002,"/data/local-files/?d=/share/ju/nexar_data/training_datasets/street_flooding/all_no_letterboxing/nlbx_d02f634e0932882381ce5506860c63de.jpg",2.252,"2026-01-23T21:02:27.727063Z"
34927,"4","Not Flooded","2026-01-23T21:02:21.481981Z",214003,"/data/local-files/?d=/share/ju/nexar_data/training_datasets/street_flooding/all_no_letterboxing/nlbx_3e51732c49c80c493cc6d292b55614c4.jpg",6.184,"2026-01-23T21:02:21.482013Z"
34795,"4","Not Flooded","2026-01-23T20:54:36.376962Z",214004,"/data/local-files/?d=/share/ju/nexar_data/training_datasets/street_flooding/all_no_letterboxing/nlbx_0bab426861579e03fc59508b39b797eb.jpg",2.234,"2026-01-23T20:54:36.376983Z"
34932,"4","Not Flooded","2026-01-23T21:02:44.415675Z",214005,"/data/local-files/?d=/share/ju/nexar_data/training_datasets/street_flooding/all_no_letterboxing/nlbx_e8cd6b128b6ed375dd83ea1d4f868f69.jpg",2.044,"2026-01-23T21:02:44.415696Z"
34910,"4","Not Flooded","2026-01-23T21:01:13.996764Z",214006,"/data/local-files/?d=/share/ju/nexar_data/training_datasets/street_flooding/all_no_letterboxing/nlbx_de5fa40c493016b46f71caecf84d8958.jpg",2.588,"2026-01-23T21:01:13.996786Z"
34762,"4","Not Flooded","2026-01-23T20:52:54.876241Z",214007,"/data/local-files/?d=/share/ju/nexar_data/training_datasets/street_flooding/all_no_letterboxing/nlbx_2b22396d83f0ab19a8dc197cd8eb1096.jpg",2.144,"2026-01-23T20:52:54.876262Z"
34692,"4","Not Flooded","2026-01-23T20:49:28.870747Z",214008,"/data/local-files/?d=/share/ju/nexar_data/training_datasets/street_flooding/all_no_letterboxing/nlbx_aa70837709715d157e349e710abd935c.jpg",2.59,"2026-01-23T20:49:28.870760Z"
34533,"4","Not Flooded","2026-01-23T20:16:13.918836Z",214009,"/data/local-files/?d=/share/ju/nexar_data/training_datasets/street_flooding/all_no_letterboxing/nlbx_c14ed56bdca089f973f3602476f74899.jpg",4.384,"2026-01-23T20:16:13.918849Z"
34788,"4","Not Flooded","2026-01-23T20:54:15.057303Z",214010,"/data/local-files/?d=/share/ju/nexar_data/training_datasets/street_flooding/all_no_letterboxing/nlbx_3e9e43f4b9f13bbaf6b40978aa6c4fc3.jpg",1.957,"2026-01-23T20:54:15.057316Z"
34616,"4","Not Flooded","2026-01-23T20:45:37.895302Z",214011,"/data/local-files/?d=/share/ju/nexar_data/training_datasets/street_flooding/all_no_letterboxing/nlbx_cd164254482a9d3028a59f9f66a40c79.jpg",2.034,"2026-01-23T20:45:37.895324Z"
34702,"4","Not Flooded","2026-01-23T20:49:58.080438Z",214012,"/data/local-files/?d=/share/ju/nexar_data/training_datasets/street_flooding/all_no_letterboxing/nlbx_5b9e2aec92ea4f6c9ab7fab6cc1a25da.jpg",2.232,"2026-01-23T20:49:58.080459Z"
34693,"4","Not Flooded","2026-01-23T20:49:31.998915Z",214013,"/data/local-files/?d=/share/ju/nexar_data/training_datasets/street_flooding/all_no_letterboxing/nlbx_f8d79fe059864bf4dc948ea58ad5f428.jpg",2.633,"2026-01-23T20:49:31.998937Z"
34544,"4","Not Flooded","2026-01-23T20:16:59.549965Z",214014,"/data/local-files/?d=/share/ju/nexar_data/training_datasets/street_flooding/all_no_letterboxing/nlbx_7a282e1d3492ae2e92592f644d4acdb2.jpg",2.888,"2026-01-23T20:16:59.549986Z"
34823,"4","Not Flooded","2026-01-23T20:56:15.265626Z",214015,"/data/local-files/?d=/share/ju/nexar_data/training_datasets/street_flooding/all_no_letterboxing/nlbx_3e2dc6991d8173d797e32634e9240cb6.jpg",6.882,"2026-01-23T20:56:15.265638Z"
34646,"4","Not Flooded","2026-01-23T20:47:06.063619Z",214016,"/data/local-files/?d=/share/ju/nexar_data/training_datasets/street_flooding/all_no_letterboxing/nlbx_5b53d41dddd286eb9428dc5d5d7a7926.jpg",2.962,"2026-01-23T20:47:06.063649Z"
34561,"4","Not Flooded","2026-01-23T20:18:10.896432Z",214017,"/data/local-files/?d=/share/ju/nexar_data/training_datasets/street_flooding/all_no_letterboxing/nlbx_a5c4b838d2f25c1a8989a37de8073ac6.jpg",2.796,"2026-01-23T20:18:10.896444Z"
34643,"4","Not Flooded","2026-01-23T20:46:56.124762Z",214018,"/data/local-files/?d=/share/ju/nexar_data/training_datasets/street_flooding/all_no_letterboxing/nlbx_f3e598b567976e75899f5b99db8c70dc.jpg",2.626,"2026-01-23T20:46:56.124775Z"
34524,"4","Not Flooded","2026-01-23T20:15:08.890853Z",214019,"/data/local-files/?d=/share/ju/nexar_data/training_datasets/street_flooding/all_no_letterboxing/nlbx_0b1a8e5ed67029afe8fc53368f4c32db.jpg",4.6,"2026-01-23T20:15:08.890874Z"
34602,"4","Not Flooded","2026-01-23T20:44:54.500426Z",214020,"/data/local-files/?d=/share/ju/nexar_data/training_datasets/street_flooding/all_no_letterboxing/nlbx_86750ecefce14e47d225815de165310c.jpg",2.301,"2026-01-23T20:44:54.500448Z"
34814,"4","Not Flooded","2026-01-23T20:55:38.022047Z",214021,"/data/local-files/?d=/share/ju/nexar_data/training_datasets/street_flooding/all_no_letterboxing/nlbx_2f6bd87f2a08965d73894f100ac9877f.jpg",2.138,"2026-01-23T20:55:38.022063Z"
34467,"4","Not Flooded","2026-01-23T20:10:15.940079Z",214022,"/data/local-files/?d=/share/ju/nexar_data/training_datasets/street_flooding/all_no_letterboxing/nlbx_b7b28044fdf03395d9adf26c0d5fa986.jpg",5.459,"2026-01-23T20:10:15.940112Z"
34856,"4","Not Flooded","2026-01-23T20:58:01.043441Z",214023,"/data/local-files/?d=/share/ju/nexar_data/training_datasets/street_flooding/all_no_letterboxing/nlbx_7f3867c668bd30be869b1a1602628cfd.jpg",1.834,"2026-01-23T20:58:01.043463Z"
34881,"4","Not Flooded","2026-01-23T20:59:42.040808Z",214024,"/data/local-files/?d=/share/ju/nexar_data/training_datasets/street_flooding/all_no_letterboxing/nlbx_51ac7e2c7d21b44621cdce5082d53f6b.jpg",2.753,"2026-01-23T20:59:42.040829Z"
34756,"4","Not Flooded","2026-01-23T20:52:35.177827Z",214025,"/data/local-files/?d=/share/ju/nexar_data/training_datasets/street_flooding/all_no_letterboxing/nlbx_64387b1778171a9f070356a771cab95c.jpg",5.037,"2026-01-23T20:52:35.177839Z"
34943,"4","Not Flooded","2026-01-23T21:03:22.242565Z",214026,"/data/local-files/?d=/share/ju/nexar_data/training_datasets/street_flooding/all_no_letterboxing/nlbx_b7271f04c6413a9fa7e1f6c3a6124613.jpg",2.148,"2026-01-23T21:03:22.242579Z"
34773,"4","Not Flooded","2026-01-23T20:53:26.709671Z",214027,"/data/local-files/?d=/share/ju/nexar_data/training_datasets/street_flooding/all_no_letterboxing/nlbx_7586fd265358b14bcbe88d35b3d5d69d.jpg",2.508,"2026-01-23T20:53:26.709683Z"
34958,"4","Not Flooded","2026-01-23T21:04:05.241479Z",214028,"/data/local-files/?d=/share/ju/nexar_data/training_datasets/street_flooding/all_no_letterboxing/nlbx_fe55c764696179af1561833c4e67a1c6.jpg",2.422,"2026-01-23T21:04:05.241500Z"
34948,"4","Not Flooded","2026-01-23T21:03:36.510436Z",214029,"/data/local-files/?d=/share/ju/nexar_data/training_datasets/street_flooding/all_no_letterboxing/nlbx_55781b6e65465c811544dc0391a30719.jpg",1.932,"2026-01-23T21:03:36.510457Z"
34879,"4","Not Flooded","2026-01-23T20:59:35.992201Z",214030,"/data/local-files/?d=/share/ju/nexar_data/training_datasets/street_flooding/all_no_letterboxing/nlbx_9021b6c964d7910e2d18158b66fb5ee1.jpg",2.177,"2026-01-23T20:59:35.992222Z"
34845,"4","Not Flooded","2026-01-23T20:57:27.330019Z",214031,"/data/local-files/?d=/share/ju/nexar_data/training_datasets/street_flooding/all_no_letterboxing/nlbx_8367edebce3e2793e8ceb95733e98301.jpg",1.982,"2026-01-23T20:57:27.330041Z"
34882,"4","Not Flooded","2026-01-23T20:59:44.752010Z",214032,"/data/local-files/?d=/share/ju/nexar_data/training_datasets/street_flooding/all_no_letterboxing/nlbx_dbeb4ad862e9fb51b113115a5c22561d.jpg",2.024,"2026-01-23T20:59:44.752025Z"
34922,"4","Not Flooded","2026-01-23T21:01:58.976405Z",214033,"/data/local-files/?d=/share/ju/nexar_data/training_datasets/street_flooding/all_no_letterboxing/nlbx_227ce598e98d7d70e91d506d185a9858.jpg",2.749,"2026-01-23T21:01:58.976421Z"
34871,"4","Not Flooded","2026-01-23T20:59:10.208612Z",214034,"/data/local-files/?d=/share/ju/nexar_data/training_datasets/street_flooding/all_no_letterboxing/nlbx_e227d1fe5d55a1ee9df4518cf9d05e9b.jpg",2.397,"2026-01-23T20:59:10.208633Z"
34835,"4","Not Flooded","2026-01-23T20:56:56.528013Z",214035,"/data/local-files/?d=/share/ju/nexar_data/training_datasets/street_flooding/all_no_letterboxing/nlbx_072704874c920879a1b8281d3699ee2e.jpg",2.217,"2026-01-23T20:56:56.528034Z"
34765,"4","Not Flooded","2026-01-23T20:53:03.477142Z",214036,"/data/local-files/?d=/share/ju/nexar_data/training_datasets/street_flooding/all_no_letterboxing/nlbx_981ac4b7f85caec346a5cce90b1b61be.jpg",2.773,"2026-01-23T20:53:03.477155Z"
34508,"4","Not Flooded","2026-01-23T20:14:08.768282Z",214037,"/data/local-files/?d=/share/ju/nexar_data/training_datasets/street_flooding/all_no_letterboxing/nlbx_80b41dee900f02ca8e68d55d81d32140.jpg",3.568,"2026-01-23T20:14:08.768303Z"
34618,"4","Not Flooded","2026-01-23T20:45:43.743127Z",214038,"/data/local-files/?d=/share/ju/nexar_data/training_datasets/street_flooding/all_no_letterboxing/nlbx_b9060dc50dbb2ecb9c48706f669b9425.jpg",2.06,"2026-01-23T20:45:43.743149Z"
34862,"4","Not Flooded","2026-01-23T20:58:20.418620Z",214039,"/data/local-files/?d=/share/ju/nexar_data/training_datasets/street_flooding/all_no_letterboxing/nlbx_70eccd5096bcfd62ce41c409706132c9.jpg",2.803,"2026-01-23T20:58:20.418647Z"
34548,"4","Not Flooded","2026-01-23T20:17:16.351324Z",214040,"/data/local-files/?d=/share/ju/nexar_data/training_datasets/street_flooding/all_no_letterboxing/nlbx_a6e8b7aa8619b719fb5ee89a595c3c00.jpg",2.583,"2026-01-23T20:17:16.351345Z"
34480,"4","Not Flooded","2026-01-23T20:11:49.665850Z",214041,"/data/local-files/?d=/share/ju/nexar_data/training_datasets/street_flooding/all_no_letterboxing/nlbx_64a0f0245f9b090a8ad3a5061b700200.jpg",2.845,"2026-01-23T20:11:49.665863Z"
34588,"4","Not Flooded","2026-01-23T20:44:10.845149Z",214042,"/data/local-files/?d=/share/ju/nexar_data/training_datasets/street_flooding/all_no_letterboxing/nlbx_3ebb4231aecd0f7dfcfd59331c1e122a.jpg",2.189,"2026-01-23T20:44:10.845162Z"
34470,"4","Not Flooded","2026-01-23T20:10:30.905970Z",214043,"/data/local-files/?d=/share/ju/nexar_data/training_datasets/street_flooding/all_no_letterboxing/nlbx_23364bdd85858cb90df4fbee7aca70e0.jpg",4.35,"2026-01-23T20:10:30.905995Z"
34604,"4","Not Flooded","2026-01-23T20:45:00.822926Z",214044,"/data/local-files/?d=/share/ju/nexar_data/training_datasets/street_flooding/all_no_letterboxing/nlbx_5e6366444ea35f479c1b19bd39dd1712.jpg",2.207,"2026-01-23T20:45:00.822947Z"
34471,"4","Not Flooded","2026-01-23T20:10:35.176168Z",214045,"/data/local-files/?d=/share/ju/nexar_data/training_datasets/street_flooding/all_no_letterboxing/nlbx_0d838d89856de333f0d9bc72bb5a2f98.jpg",3.508,"2026-01-23T20:10:35.176190Z"
34897,"4","Not Flooded","2026-01-23T21:00:34.500290Z",214046,"/data/local-files/?d=/share/ju/nexar_data/training_datasets/street_flooding/all_no_letterboxing/nlbx_9a659bb25629da27ea0e0d18ec54efaf.jpg",2.182,"2026-01-23T21:00:34.500312Z"
34866,"4","Not Flooded","2026-01-23T20:58:54.788190Z",214047,"/data/local-files/?d=/share/ju/nexar_data/training_datasets/street_flooding/all_no_letterboxing/nlbx_d42564512ccc1418b5a0e67e1fed4605.jpg",2.206,"2026-01-23T20:58:54.788212Z"
34668,"4","Not Flooded","2026-01-23T20:48:21.792435Z",214048,"/data/local-files/?d=/share/ju/nexar_data/training_datasets/street_flooding/all_no_letterboxing/nlbx_eee2ea526cc764d267133ac3def536ac.jpg",2.253,"2026-01-23T20:48:21.792457Z"
34597,"4","Not Flooded","2026-01-23T20:44:38.756345Z",214049,"/data/local-files/?d=/share/ju/nexar_data/training_datasets/street_flooding/all_no_letterboxing/nlbx_9799bc84c5c54927c6a75906eedd0c40.jpg",2.348,"2026-01-23T20:44:38.756366Z"
34912,"4","Not Flooded","2026-01-23T21:01:20.180526Z",214050,"/data/local-files/?d=/share/ju/nexar_data/training_datasets/street_flooding/all_no_letterboxing/nlbx_1eca7af5ce907443060429428fdd3799.jpg",2.408,"2026-01-23T21:01:20.180547Z"
34857,"4","Not Flooded","2026-01-23T20:58:03.683428Z",214051,"/data/local-files/?d=/share/ju/nexar_data/training_datasets/street_flooding/all_no_letterboxing/nlbx_076d92c3815d9608fc80e0476f00df2b.jpg",2.012,"2026-01-23T20:58:03.683441Z"
34853,"4","Not Flooded","2026-01-23T20:57:53.207505Z",214052,"/data/local-files/?d=/share/ju/nexar_data/training_datasets/street_flooding/all_no_letterboxing/nlbx_8914b3b2894a77ed01ee8f7be8667eed.jpg",2.075,"2026-01-23T20:57:53.207519Z"
34928,"4","Not Flooded","2026-01-23T21:02:24.615624Z",214053,"/data/local-files/?d=/share/ju/nexar_data/training_datasets/street_flooding/all_no_letterboxing/nlbx_f2bd1a72c8a0b0fd0b9763455ad333a4.jpg",2.29,"2026-01-23T21:02:24.615637Z"
34924,"4","Not Flooded","2026-01-23T21:02:06.706801Z",214054,"/data/local-files/?d=/share/ju/nexar_data/training_datasets/street_flooding/all_no_letterboxing/nlbx_5f70945a6147ca235efafb4ac495a05a.jpg",2.445,"2026-01-23T21:02:06.706823Z"
34674,"4","Not Flooded","2026-01-23T20:48:36.874301Z",214055,"/data/local-files/?d=/share/ju/nexar_data/training_datasets/street_flooding/all_no_letterboxing/nlbx_2ee1db15f5a2c82208c3d53308c724f4.jpg",1.97,"2026-01-23T20:48:36.874313Z"
34562,"4","Not Flooded","2026-01-23T20:18:14.395442Z",214056,"/data/local-files/?d=/share/ju/nexar_data/training_datasets/street_flooding/all_no_letterboxing/nlbx_1ab2a411c792243ddf96cfba4b87b1c0.jpg",2.482,"2026-01-23T20:18:14.395464Z"
34495,"4","Not Flooded","2026-01-23T20:13:10.751818Z",214057,"/data/local-files/?d=/share/ju/nexar_data/training_datasets/street_flooding/all_no_letterboxing/nlbx_8d3ec98258aedff8f5a6807718a782fa.jpg",2.829,"2026-01-23T20:13:10.751839Z"
34684,"4","Not Flooded","2026-01-23T20:49:04.433316Z",214058,"/data/local-files/?d=/share/ju/nexar_data/training_datasets/street_flooding/all_no_letterboxing/nlbx_c742c3b76c783c0291dce02643bc3913.jpg",2.146,"2026-01-23T20:49:04.433338Z"
34718,"4","Not Flooded","2026-01-23T20:50:40.773676Z",214059,"/data/local-files/?d=/share/ju/nexar_data/training_datasets/street_flooding/all_no_letterboxing/nlbx_88bbfe9631ce6eda6b06e516de30d11b.jpg",2.073,"2026-01-23T20:50:40.773698Z"
34685,"4","Not Flooded","2026-01-23T20:49:07.140652Z",214060,"/data/local-files/?d=/share/ju/nexar_data/training_datasets/street_flooding/all_no_letterboxing/nlbx_942a21eadb3841fcf043df10b8830cd7.jpg",2.173,"2026-01-23T20:49:07.140665Z"
34789,"4","Not Flooded","2026-01-23T20:54:17.555325Z",214061,"/data/local-files/?d=/share/ju/nexar_data/training_datasets/street_flooding/all_no_letterboxing/nlbx_9a23948d7b5a75c0ff10ee3236edf5a3.jpg",1.934,"2026-01-23T20:54:17.555346Z"
34748,"4","Not Flooded","2026-01-23T20:52:07.144221Z",214062,"/data/local-files/?d=/share/ju/nexar_data/training_datasets/street_flooding/all_no_letterboxing/nlbx_1bc005fc257665024d4043fd1501407d.jpg",2.15,"2026-01-23T20:52:07.144233Z"
34482,"4","Not Flooded","2026-01-23T20:12:12.022435Z",214063,"/data/local-files/?d=/share/ju/nexar_data/training_datasets/street_flooding/all_no_letterboxing/nlbx_40f22db8fe58457894c8c89d0ba8bc4c.jpg",17.965,"2026-01-23T20:12:12.022448Z"
34736,"4","Not Flooded","2026-01-23T20:51:34.146497Z",214064,"/data/local-files/?d=/share/ju/nexar_data/training_datasets/street_flooding/all_no_letterboxing/nlbx_1904802b5c7fd6e2ea739e881ae923b0.jpg",2.344,"2026-01-23T20:51:34.146513Z"
34903,"4","Not Flooded","2026-01-23T21:00:50.965792Z",214065,"/data/local-files/?d=/share/ju/nexar_data/training_datasets/street_flooding/all_no_letterboxing/nlbx_b089160463d1550d2aae71d0a219e531.jpg",2.22,"2026-01-23T21:00:50.965805Z"
34960,"4","Not Flooded","2026-01-23T21:04:11.068859Z",214066,"/data/local-files/?d=/share/ju/nexar_data/training_datasets/street_flooding/all_no_letterboxing/nlbx_21a5fd6103ad6f3dc1faa593c33536dc.jpg",2.259,"2026-01-23T21:04:11.068880Z"
34913,"4","Not Flooded","2026-01-23T21:01:23.359361Z",214067,"/data/local-files/?d=/share/ju/nexar_data/training_datasets/street_flooding/all_no_letterboxing/nlbx_e8c83581ff9c9914bf3693ab067d64bf.jpg",2.463,"2026-01-23T21:01:23.359383Z"
34628,"4","Not Flooded","2026-01-23T20:46:11.746612Z",214068,"/data/local-files/?d=/share/ju/nexar_data/training_datasets/street_flooding/all_no_letterboxing/nlbx_f81b40265b056e46fa82094a6e9250e7.jpg",2.071,"2026-01-23T20:46:11.746624Z"
34572,"4","Not Flooded","2026-01-23T20:43:11.279323Z",214069,"/data/local-files/?d=/share/ju/nexar_data/training_datasets/street_flooding/all_no_letterboxing/nlbx_d36366b360b0debd2369d2d7fabd003c.jpg",2.829,"2026-01-23T20:43:11.279344Z"
34465,"4","Not Flooded","2026-01-23T20:09:38.242469Z",214070,"/data/local-files/?d=/share/ju/nexar_data/training_datasets/street_flooding/all_no_letterboxing/nlbx_88c098bb1e9b0be94c69154f46d7eb5f.jpg",7.457,"2026-01-23T20:09:38.242500Z"
34474,"4","Not Flooded","2026-01-23T20:11:11.247950Z",214071,"/data/local-files/?d=/share/ju/nexar_data/training_datasets/street_flooding/all_no_letterboxing/nlbx_dc3f297185967bcf16a8cb7c97634e19.jpg",3.671,"2026-01-23T20:11:11.247971Z"
34512,"4","Not Flooded","2026-01-23T20:14:22.315203Z",214072,"/data/local-files/?d=/share/ju/nexar_data/training_datasets/street_flooding/all_no_letterboxing/nlbx_34a93f95bb4062a78404fde18d3952ef.jpg",2.544,"2026-01-23T20:14:22.315216Z"
34851,"4","Not Flooded","2026-01-23T20:57:47.740078Z",214073,"/data/local-files/?d=/share/ju/nexar_data/training_datasets/street_flooding/all_no_letterboxing/nlbx_3a07332fac0f1d6b256d1377a0e4af7d.jpg",4.637,"2026-01-23T20:57:47.740115Z"
34741,"4","Not Flooded","2026-01-23T20:51:48.028819Z",214074,"/data/local-files/?d=/share/ju/nexar_data/training_datasets/street_flooding/all_no_letterboxing/nlbx_d4515317d7f420228e430217dd5e898c.jpg",2.167,"2026-01-23T20:51:48.028841Z"
34536,"4","Not Flooded","2026-01-23T20:16:24.842771Z",214075,"/data/local-files/?d=/share/ju/nexar_data/training_datasets/street_flooding/all_no_letterboxing/nlbx_5be1dd317e4dca46b6a13bcde1d67f1d.jpg",2.822,"2026-01-23T20:16:24.842784Z"
34540,"4","Not Flooded","2026-01-23T20:16:44.335121Z",214076,"/data/local-files/?d=/share/ju/nexar_data/training_datasets/street_flooding/all_no_letterboxing/nlbx_0320f09fa6e540a1d4718939d8082b1c.jpg",2.44,"2026-01-23T20:16:44.335143Z"
34463,"4","Not Flooded","2026-01-23T20:09:17.620737Z",214077,"/data/local-files/?d=/share/ju/nexar_data/training_datasets/street_flooding/all_no_letterboxing/nlbx_163500fcb28d75868548e541a8869ce1.jpg",24.312,"2026-01-23T20:09:17.620768Z"
34491,"4","Not Flooded","2026-01-23T20:12:53.357307Z",214078,"/data/local-files/?d=/share/ju/nexar_data/training_datasets/street_flooding/all_no_letterboxing/nlbx_e4cee750fb45528a166bf611ddd75556.jpg",2.768,"2026-01-23T20:12:53.357320Z"
34715,"4","Not Flooded","2026-01-23T20:50:32.979536Z",214079,"/data/local-files/?d=/share/ju/nexar_data/training_datasets/street_flooding/all_no_letterboxing/nlbx_2fdb74c426dd5cf84a1a45d4e3b8e986.jpg",2.121,"2026-01-23T20:50:32.979557Z"
34682,"4","Not Flooded","2026-01-23T20:48:59.004009Z",214080,"/data/local-files/?d=/share/ju/nexar_data/training_datasets/street_flooding/all_no_letterboxing/nlbx_4b576bcc8a05cfee35885e4229b4824e.jpg",2.725,"2026-01-23T20:48:59.004022Z"
34713,"4","Not Flooded","2026-01-23T20:50:27.603080Z",214081,"/data/local-files/?d=/share/ju/nexar_data/training_datasets/street_flooding/all_no_letterboxing/nlbx_db81557d510bae0820b48c8b71af66fe.jpg",1.916,"2026-01-23T20:50:27.603130Z"
34621,"4","Not Flooded","2026-01-23T20:45:52.720046Z",214082,"/data/local-files/?d=/share/ju/nexar_data/training_datasets/street_flooding/all_no_letterboxing/nlbx_548fac035de4c205bb414d2ddc9cfc3a.jpg",2.323,"2026-01-23T20:45:52.720064Z"
34782,"4","Not Flooded","2026-01-23T20:53:57.667596Z",214083,"/data/local-files/?d=/share/ju/nexar_data/training_datasets/street_flooding/all_no_letterboxing/nlbx_e78718c2dd57a64975efbb92d79b06fd.jpg",2.92,"2026-01-23T20:53:57.667617Z"
34712,"4","Not Flooded","2026-01-23T20:50:25.134180Z",214084,"/data/local-files/?d=/share/ju/nexar_data/training_datasets/street_flooding/all_no_letterboxing/nlbx_eaa77e061e06c9143a9704110bb4c6b6.jpg",2.024,"2026-01-23T20:50:25.134201Z"
34775,"4","Not Flooded","2026-01-23T20:53:32.044841Z",214085,"/data/local-files/?d=/share/ju/nexar_data/training_datasets/street_flooding/all_no_letterboxing/nlbx_d7d8fe30c4b4599bbcfe1347c70692ed.jpg",2.09,"2026-01-23T20:53:32.044863Z"
34560,"4","Not Flooded","2026-01-23T20:18:07.225348Z",214086,"/data/local-files/?d=/share/ju/nexar_data/training_datasets/street_flooding/all_no_letterboxing/nlbx_d66b424b0c5e0c65b080c8c3be7ce850.jpg",2.254,"2026-01-23T20:18:07.225369Z"
34675,"4","Not Flooded","2026-01-23T20:48:39.442625Z",214087,"/data/local-files/?d=/share/ju/nexar_data/training_datasets/street_flooding/all_no_letterboxing/nlbx_c3eed55be4d512c0c27a836207b772e3.jpg",2.022,"2026-01-23T20:48:39.442647Z"
34906,"4","Not Flooded","2026-01-23T21:00:59.514701Z",214088,"/data/local-files/?d=/share/ju/nexar_data/training_datasets/street_flooding/all_no_letterboxing/nlbx_41c0f9de71843cf712277f05f4efe007.jpg",2.051,"2026-01-23T21:00:59.514723Z"
34617,"4","Not Flooded","2026-01-23T20:45:41.189114Z",214089,"/data/local-files/?d=/share/ju/nexar_data/training_datasets/street_flooding/all_no_letterboxing/nlbx_8365cf592215015191de2146bc7d5ca2.jpg",2.803,"2026-01-23T20:45:41.189135Z"
34466,"4","Not Flooded","2026-01-23T20:10:09.669418Z",214090,"/data/local-files/?d=/share/ju/nexar_data/training_datasets/street_flooding/all_no_letterboxing/nlbx_5ebdba2db693aeb41bf9a451cb2ae0ed.jpg",30.338,"2026-01-23T20:10:09.669439Z"
34855,"4","Not Flooded","2026-01-23T20:57:58.544622Z",214091,"/data/local-files/?d=/share/ju/nexar_data/training_datasets/street_flooding/all_no_letterboxing/nlbx_2e7820e8d8ab95236f41e6e3d5f09c75.jpg",1.945,"2026-01-23T20:57:58.544635Z"
34486,"4","Not Flooded","2026-01-23T20:12:32.410519Z",214092,"/data/local-files/?d=/share/ju/nexar_data/training_datasets/street_flooding/all_no_letterboxing/nlbx_4b6c754ba79f465bc6c45c3f463dbb65.jpg",3.208,"2026-01-23T20:12:32.410540Z"
34586,"4","Flooded","2026-01-23T20:44:04.094568Z",214093,"/data/local-files/?d=/share/ju/nexar_data/training_datasets/street_flooding/all_no_letterboxing/nlbx_5afcba79bb1f830ba653d7f6855ecb59.jpg",7.319,"2026-01-23T20:44:04.094585Z"
34528,"4","Not Flooded","2026-01-23T20:15:24.880561Z",214094,"/data/local-files/?d=/share/ju/nexar_data/training_datasets/street_flooding/all_no_letterboxing/nlbx_cc50c625255b2ac10e1ac92b00578cf9.jpg",3.448,"2026-01-23T20:15:24.880576Z"
34829,"4","Not Flooded","2026-01-23T20:56:37.032258Z",214095,"/data/local-files/?d=/share/ju/nexar_data/training_datasets/street_flooding/all_no_letterboxing/nlbx_1580ce3ead7e87000c88cc287303a2b9.jpg",2.621,"2026-01-23T20:56:37.032274Z"
34827,"4","Not Flooded","2026-01-23T20:56:29.822851Z",214096,"/data/local-files/?d=/share/ju/nexar_data/training_datasets/street_flooding/all_no_letterboxing/nlbx_b9a2d083c89729a0fd7ff907450087c7.jpg",2.57,"2026-01-23T20:56:29.822863Z"
35462,"1","Not Flooded","2026-01-24T18:16:45.138068Z",214097,"/data/local-files/?d=/share/ju/nexar_data/training_datasets/street_flooding/all_no_letterboxing/nlbx_d361ada55a7437e6947e9bf87b2abeba.jpg",1.713,"2026-01-24T18:16:45.138101Z"
34753,"4","Not Flooded","2026-01-23T20:52:22.644800Z",214098,"/data/local-files/?d=/share/ju/nexar_data/training_datasets/street_flooding/all_no_letterboxing/nlbx_cfcaf67d65dc22f5fa227b357a7e4611.jpg",2.392,"2026-01-23T20:52:22.644822Z"
34846,"4","Not Flooded","2026-01-23T20:57:29.870421Z",214099,"/data/local-files/?d=/share/ju/nexar_data/training_datasets/street_flooding/all_no_letterboxing/nlbx_8c615749eb93de0d7ce04a0c6bf5be1e.jpg",1.871,"2026-01-23T20:57:29.870434Z"
34612,"4","Not Flooded","2026-01-23T20:45:27.045918Z",214100,"/data/local-files/?d=/share/ju/nexar_data/training_datasets/street_flooding/all_no_letterboxing/nlbx_ba9b0f80353c3368dcc0be5d7fad386b.jpg",2.592,"2026-01-23T20:45:27.045931Z"
34493,"4","Not Flooded","2026-01-23T20:13:02.366760Z",214101,"/data/local-files/?d=/share/ju/nexar_data/training_datasets/street_flooding/all_no_letterboxing/nlbx_8aa34ae78e2d26b6d2027c0f61121e29.jpg",2.799,"2026-01-23T20:13:02.366781Z"
34818,"4","Not Flooded","2026-01-23T20:55:51.223264Z",214102,"/data/local-files/?d=/share/ju/nexar_data/training_datasets/street_flooding/all_no_letterboxing/nlbx_8e02a58119a06356e21e084a7e5e821b.jpg",2.859,"2026-01-23T20:55:51.223284Z"
34671,"4","Not Flooded","2026-01-23T20:48:29.273576Z",214103,"/data/local-files/?d=/share/ju/nexar_data/training_datasets/street_flooding/all_no_letterboxing/nlbx_ac6a92b6d5dc466aa6a5581c81b17230.jpg",1.957,"2026-01-23T20:48:29.273597Z"
34558,"4","Not Flooded","2026-01-23T20:17:50.769907Z",214104,"/data/local-files/?d=/share/ju/nexar_data/training_datasets/street_flooding/all_no_letterboxing/nlbx_6dc2163a17b4db796bff95feb4122c27.jpg",2.304,"2026-01-23T20:17:50.769928Z"
34842,"4","Flooded","2026-01-23T20:57:17.305818Z",214105,"/data/local-files/?d=/share/ju/nexar_data/training_datasets/street_flooding/all_no_letterboxing/nlbx_c183826de52900fdf96c01b22ceb4f05.jpg",3.249,"2026-01-23T20:57:17.305831Z"
34534,"4","Not Flooded","2026-01-23T20:16:17.253581Z",214106,"/data/local-files/?d=/share/ju/nexar_data/training_datasets/street_flooding/all_no_letterboxing/nlbx_4ff683258b14b03ea5363012c6951a06.jpg",2.497,"2026-01-23T20:16:17.253602Z"
34759,"4","Not Flooded","2026-01-23T20:52:43.724351Z",214107,"/data/local-files/?d=/share/ju/nexar_data/training_datasets/street_flooding/all_no_letterboxing/nlbx_579e8e29510d6613ea16fc90eedc1189.jpg",2.573,"2026-01-23T20:52:43.724372Z"
34481,"4","Not Flooded","2026-01-23T20:11:53.315167Z",214108,"/data/local-files/?d=/share/ju/nexar_data/training_datasets/street_flooding/all_no_letterboxing/nlbx_de67c64d66a77f364f3c0041060ed846.jpg",2.693,"2026-01-23T20:11:53.315192Z"
34956,"4","Not Flooded","2026-01-23T21:03:59.051450Z",214109,"/data/local-files/?d=/share/ju/nexar_data/training_datasets/street_flooding/all_no_letterboxing/nlbx_105d7d9146dfdaeebd726979bfdee30b.jpg",1.903,"2026-01-23T21:03:59.051471Z"
34545,"4","Not Flooded","2026-01-23T20:17:05.073955Z",214110,"/data/local-files/?d=/share/ju/nexar_data/training_datasets/street_flooding/all_no_letterboxing/nlbx_9fcbdd7a41130d4b67ef444e20eac8e9.jpg",4.745,"2026-01-23T20:17:05.073977Z"
34654,"4","Not Flooded","2026-01-23T20:47:34.687229Z",214111,"/data/local-files/?d=/share/ju/nexar_data/training_datasets/street_flooding/all_no_letterboxing/nlbx_cb92fb3c5c2a0c732b3acc8b94864693.jpg",2.389,"2026-01-23T20:47:34.687254Z"
34875,"4","Not Flooded","2026-01-23T20:59:24.403390Z",214112,"/data/local-files/?d=/share/ju/nexar_data/training_datasets/street_flooding/all_no_letterboxing/nlbx_85e78e7cc3857048ccfc50e0ff377980.jpg",3.793,"2026-01-23T20:59:24.403411Z"
34483,"4","Not Flooded","2026-01-23T20:12:16.504147Z",214113,"/data/local-files/?d=/share/ju/nexar_data/training_datasets/street_flooding/all_no_letterboxing/nlbx_8bdaa5d3eb94910a1b54acc2a9e89073.jpg",3.683,"2026-01-23T20:12:16.504168Z"
34647,"4","Not Flooded","2026-01-23T20:47:09.224435Z",214114,"/data/local-files/?d=/share/ju/nexar_data/training_datasets/street_flooding/all_no_letterboxing/nlbx_15433913e1c1424f2538be2e0db93864.jpg",2.594,"2026-01-23T20:47:09.224456Z"
34657,"4","Not Flooded","2026-01-23T20:47:45.683427Z",214115,"/data/local-files/?d=/share/ju/nexar_data/training_datasets/street_flooding/all_no_letterboxing/nlbx_13ddd9863ac0ff5b3cf47b9699a1b9c7.jpg",2.276,"2026-01-23T20:47:45.683448Z"
34828,"4","Not Flooded","2026-01-23T20:56:33.761265Z",214116,"/data/local-files/?d=/share/ju/nexar_data/training_datasets/street_flooding/all_no_letterboxing/nlbx_98f8eab20d872058fd45a227ae663c0b.jpg",3.356,"2026-01-23T20:56:33.761286Z"
34501,"4","Not Flooded","2026-01-23T20:13:40.798027Z",214117,"/data/local-files/?d=/share/ju/nexar_data/training_datasets/street_flooding/all_no_letterboxing/nlbx_2b626faea3308adb043b254d439511fe.jpg",2.625,"2026-01-23T20:13:40.798049Z"
34902,"4","Not Flooded","2026-01-23T21:00:48.052847Z",214118,"/data/local-files/?d=/share/ju/nexar_data/training_datasets/street_flooding/all_no_letterboxing/nlbx_32227972eca9e7182725a2537c6a9be4.jpg",2.07,"2026-01-23T21:00:48.052869Z"
34636,"4","Not Flooded","2026-01-23T20:46:35.701203Z",214119,"/data/local-files/?d=/share/ju/nexar_data/training_datasets/street_flooding/all_no_letterboxing/nlbx_b7925831b5fc5e3132213bfd733136c7.jpg",2.637,"2026-01-23T20:46:35.701225Z"
34606,"4","Not Flooded","2026-01-23T20:45:06.918800Z",214120,"/data/local-files/?d=/share/ju/nexar_data/training_datasets/street_flooding/all_no_letterboxing/nlbx_b2f8cf6f3e05935f0a20d3cd5c3ceea8.jpg",2.111,"2026-01-23T20:45:06.918812Z"
34704,"4","Not Flooded","2026-01-23T20:50:03.774290Z",214121,"/data/local-files/?d=/share/ju/nexar_data/training_datasets/street_flooding/all_no_letterboxing/nlbx_353a9abc4d3ae97ddd48627cc80f0fb5.jpg",2.539,"2026-01-23T20:50:03.774311Z"
34728,"4","Not Flooded","2026-01-23T20:51:09.718303Z",214122,"/data/local-files/?d=/share/ju/nexar_data/training_datasets/street_flooding/all_no_letterboxing/nlbx_08f920b0c71da2e9d99bfd6e72649a55.jpg",2.061,"2026-01-23T20:51:09.718324Z"
34577,"4","Not Flooded","2026-01-23T20:43:29.260439Z",214123,"/data/local-files/?d=/share/ju/nexar_data/training_datasets/street_flooding/all_no_letterboxing/nlbx_2ede224b1bee606a150a4a00562b8d89.jpg",2.694,"2026-01-23T20:43:29.260452Z"
34614,"4","Not Flooded","2026-01-23T20:45:32.670234Z",214124,"/data/local-files/?d=/share/ju/nexar_data/training_datasets/street_flooding/all_no_letterboxing/nlbx_4db2cc1cfe789205133570985b415e3f.jpg",2.133,"2026-01-23T20:45:32.670247Z"
34947,"4","Not Flooded","2026-01-23T21:03:33.885909Z",214125,"/data/local-files/?d=/share/ju/nexar_data/training_datasets/street_flooding/all_no_letterboxing/nlbx_b5c2dad8094e4c943e6c83b818748510.jpg",2.154,"2026-01-23T21:03:33.885930Z"
34708,"4","Not Flooded","2026-01-23T20:50:14.374053Z",214126,"/data/local-files/?d=/share/ju/nexar_data/training_datasets/street_flooding/all_no_letterboxing/nlbx_698aed7a936ffb7ace5b9d3ec2448f49.jpg",1.999,"2026-01-23T20:50:14.374065Z"
34670,"4","Not Flooded","2026-01-23T20:48:26.820081Z",214127,"/data/local-files/?d=/share/ju/nexar_data/training_datasets/street_flooding/all_no_letterboxing/nlbx_557267b84906cf08d27edc5111475475.jpg",2.033,"2026-01-23T20:48:26.820176Z"
34877,"4","Not Flooded","2026-01-23T20:59:30.136267Z",214128,"/data/local-files/?d=/share/ju/nexar_data/training_datasets/street_flooding/all_no_letterboxing/nlbx_a8a840083d2c52e840926e2bd9294298.jpg",2.01,"2026-01-23T20:59:30.136289Z"
34530,"4","Not Flooded","2026-01-23T20:15:56.102067Z",214129,"/data/local-files/?d=/share/ju/nexar_data/training_datasets/street_flooding/all_no_letterboxing/nlbx_539609415f40f49743b7522896838e6a.jpg",3.303,"2026-01-23T20:15:56.102103Z"
34567,"4","Not Flooded","2026-01-23T20:42:56.032157Z",214130,"/data/local-files/?d=/share/ju/nexar_data/training_datasets/street_flooding/all_no_letterboxing/nlbx_a864ef34a448260e5300e45c24770d88.jpg",2.927,"2026-01-23T20:42:56.032178Z"
34620,"4","Not Flooded","2026-01-23T20:45:49.887165Z",214131,"/data/local-files/?d=/share/ju/nexar_data/training_datasets/street_flooding/all_no_letterboxing/nlbx_a1991ab2d682a6daba50ed1cde96988f.jpg",2.134,"2026-01-23T20:45:49.887186Z"
34797,"4","Not Flooded","2026-01-23T20:54:41.801390Z",214132,"/data/local-files/?d=/share/ju/nexar_data/training_datasets/street_flooding/all_no_letterboxing/nlbx_0ccf80a956fb019a1126a4486ccbf543.jpg",2.163,"2026-01-23T20:54:41.801403Z"
34506,"4","Not Flooded","2026-01-23T20:14:00.145233Z",214133,"/data/local-files/?d=/share/ju/nexar_data/training_datasets/street_flooding/all_no_letterboxing/nlbx_bce8d1acdf9b6b5745c672dcc1c9db80.jpg",2.798,"2026-01-23T20:14:00.145254Z"
34791,"4","Not Flooded","2026-01-23T20:54:24.416937Z",214134,"/data/local-files/?d=/share/ju/nexar_data/training_datasets/street_flooding/all_no_letterboxing/nlbx_fbff6949f095a2f73b98db4367026e48.jpg",2.239,"2026-01-23T20:54:24.416950Z"
34719,"4","Not Flooded","2026-01-23T20:50:43.445474Z",214135,"/data/local-files/?d=/share/ju/nexar_data/training_datasets/street_flooding/all_no_letterboxing/nlbx_86e9287c51881608686790cd2a014d3c.jpg",2.105,"2026-01-23T20:50:43.445495Z"
34895,"4","Not Flooded","2026-01-23T21:00:28.398728Z",214136,"/data/local-files/?d=/share/ju/nexar_data/training_datasets/street_flooding/all_no_letterboxing/nlbx_68acd61f5311d77258084008a1024538.jpg",2.425,"2026-01-23T21:00:28.398749Z"
34532,"4","Not Flooded","2026-01-23T20:16:08.521052Z",214137,"/data/local-files/?d=/share/ju/nexar_data/training_datasets/street_flooding/all_no_letterboxing/nlbx_a1e5e091374023b1ef541b75f9761eb1.jpg",3.178,"2026-01-23T20:16:08.521065Z"
34810,"4","Not Flooded","2026-01-23T20:55:27.459307Z",214138,"/data/local-files/?d=/share/ju/nexar_data/training_datasets/street_flooding/all_no_letterboxing/nlbx_770c217eaaccd1bb818402811a2eafc3.jpg",1.879,"2026-01-23T20:55:27.459328Z"
34889,"4","Not Flooded","2026-01-23T21:00:10.673291Z",214139,"/data/local-files/?d=/share/ju/nexar_data/training_datasets/street_flooding/all_no_letterboxing/nlbx_92e1fc942dca83c1ffdfdf6a1be5399f.jpg",1.969,"2026-01-23T21:00:10.673313Z"
34898,"4","Not Flooded","2026-01-23T21:00:37.103491Z",214140,"/data/local-files/?d=/share/ju/nexar_data/training_datasets/street_flooding/all_no_letterboxing/nlbx_aa5b1a5e51e6bbfb57527d1989632826.jpg",2.005,"2026-01-23T21:00:37.103512Z"
34733,"4","Flooded","2026-01-23T20:51:25.648191Z",214141,"/data/local-files/?d=/share/ju/nexar_data/training_datasets/street_flooding/all_no_letterboxing/nlbx_328d8203b0e7aea0d07f7208c1580e3a.jpg",2.792,"2026-01-23T20:51:25.648212Z"
34505,"4","Not Flooded","2026-01-23T20:13:56.633646Z",214142,"/data/local-files/?d=/share/ju/nexar_data/training_datasets/street_flooding/all_no_letterboxing/nlbx_87919f257722843efd571c8908e463ca.jpg",5.01,"2026-01-23T20:13:56.633658Z"
34603,"4","Not Flooded","2026-01-23T20:44:58.135109Z",214143,"/data/local-files/?d=/share/ju/nexar_data/training_datasets/street_flooding/all_no_letterboxing/nlbx_3a9cb51cb56ed9f873a5d81faf2585fc.jpg",3.108,"2026-01-23T20:44:58.135130Z"
34747,"4","Not Flooded","2026-01-23T20:52:04.455217Z",214144,"/data/local-files/?d=/share/ju/nexar_data/training_datasets/street_flooding/all_no_letterboxing/nlbx_ce3837a5532f88a2ed93326df321d8d9.jpg",2.36,"2026-01-23T20:52:04.455233Z"
34677,"4","Not Flooded","2026-01-23T20:48:44.930982Z",214145,"/data/local-files/?d=/share/ju/nexar_data/training_datasets/street_flooding/all_no_letterboxing/nlbx_293481a54f907dd207e7a8dc62c32a9e.jpg",2.386,"2026-01-23T20:48:44.931003Z"
34893,"4","Not Flooded","2026-01-23T21:00:22.502211Z",214146,"/data/local-files/?d=/share/ju/nexar_data/training_datasets/street_flooding/all_no_letterboxing/nlbx_33935e931a953af8f4ba8f8e03cd5788.jpg",2.571,"2026-01-23T21:00:22.502233Z"
34763,"4","Not Flooded","2026-01-23T20:52:57.403578Z",214147,"/data/local-files/?d=/share/ju/nexar_data/training_datasets/street_flooding/all_no_letterboxing/nlbx_e5254f5e8b8b32bd382803daef12c381.jpg",1.986,"2026-01-23T20:52:57.403599Z"
34610,"4","Not Flooded","2026-01-23T20:45:20.429457Z",214148,"/data/local-files/?d=/share/ju/nexar_data/training_datasets/street_flooding/all_no_letterboxing/nlbx_c2fb41eae7c500f47288a62e5635bfbb.jpg",2.93,"2026-01-23T20:45:20.429470Z"
34584,"4","Not Flooded","2026-01-23T20:43:53.173665Z",214149,"/data/local-files/?d=/share/ju/nexar_data/training_datasets/street_flooding/all_no_letterboxing/nlbx_eae06787f30ef791329e659be5a57c22.jpg",2.506,"2026-01-23T20:43:53.173681Z"
34872,"4","Not Flooded","2026-01-23T20:59:13.153263Z",214150,"/data/local-files/?d=/share/ju/nexar_data/training_datasets/street_flooding/all_no_letterboxing/nlbx_34e6c5ebc1202fe53e9ed8599551ae2c.jpg",2.113,"2026-01-23T20:59:13.153284Z"
34709,"4","Not Flooded","2026-01-23T20:50:16.823319Z",214151,"/data/local-files/?d=/share/ju/nexar_data/training_datasets/street_flooding/all_no_letterboxing/nlbx_60c280f903bd1748495a75e1c8d52b47.jpg",1.926,"2026-01-23T20:50:16.823341Z"
34587,"4","Not Flooded","2026-01-23T20:44:08.142169Z",214152,"/data/local-files/?d=/share/ju/nexar_data/training_datasets/street_flooding/all_no_letterboxing/nlbx_a1ff16e53dd3e37140cff6c8c4cf6f73.jpg",3.559,"2026-01-23T20:44:08.142191Z"
34724,"4","Not Flooded","2026-01-23T20:50:58.042889Z",214153,"/data/local-files/?d=/share/ju/nexar_data/training_datasets/street_flooding/all_no_letterboxing/nlbx_437d308e6adf1ae5d99c4a32c9cef6ac.jpg",2.624,"2026-01-23T20:50:58.042902Z"
34825,"4","Not Flooded","2026-01-23T20:56:21.863727Z",214154,"/data/local-files/?d=/share/ju/nexar_data/training_datasets/street_flooding/all_no_letterboxing/nlbx_dc0cf96f915100c21dc9164f37bd33af.jpg",2.336,"2026-01-23T20:56:21.863748Z"
34787,"4","Not Flooded","2026-01-23T20:54:12.462989Z",214155,"/data/local-files/?d=/share/ju/nexar_data/training_datasets/street_flooding/all_no_letterboxing/nlbx_196c68af251202f6808d2f9a92832441.jpg",2.605,"2026-01-23T20:54:12.463010Z"
34812,"4","Not Flooded","2026-01-23T20:55:32.697912Z",214156,"/data/local-files/?d=/share/ju/nexar_data/training_datasets/street_flooding/all_no_letterboxing/nlbx_175e1c7c495c36b97c34de8ce7276b03.jpg",1.976,"2026-01-23T20:55:32.697933Z"
34940,"4","Not Flooded","2026-01-23T21:03:14.018757Z",214157,"/data/local-files/?d=/share/ju/nexar_data/training_datasets/street_flooding/all_no_letterboxing/nlbx_371bafa0bfdfa9632781975ce1ba73a9.jpg",2.251,"2026-01-23T21:03:14.018770Z"
34726,"4","Flooded","2026-01-23T20:51:04.496866Z",214158,"/data/local-files/?d=/share/ju/nexar_data/training_datasets/street_flooding/all_no_letterboxing/nlbx_ee78d600361c387cf976ead2480c4ba8.jpg",2.485,"2026-01-23T20:51:04.496879Z"
34720,"4","Not Flooded","2026-01-23T20:50:46.021776Z",214159,"/data/local-files/?d=/share/ju/nexar_data/training_datasets/street_flooding/all_no_letterboxing/nlbx_2d4028160aeece6be2b8b90ed28aaa1c.jpg",2.035,"2026-01-23T20:50:46.021798Z"
34803,"4","Not Flooded","2026-01-23T20:54:57.206239Z",214160,"/data/local-files/?d=/share/ju/nexar_data/training_datasets/street_flooding/all_no_letterboxing/nlbx_75c8116144e2de855af0652ad76d2201.jpg",3.447,"2026-01-23T20:55:03.088225Z"
34571,"4","Not Flooded","2026-01-23T20:43:07.834908Z",214161,"/data/local-files/?d=/share/ju/nexar_data/training_datasets/street_flooding/all_no_letterboxing/nlbx_a6f66ac46c7c7eccc42bdf2adf2da7f8.jpg",2.128,"2026-01-23T20:43:07.834929Z"
34711,"4","Not Flooded","2026-01-23T20:50:22.584920Z",214162,"/data/local-files/?d=/share/ju/nexar_data/training_datasets/street_flooding/all_no_letterboxing/nlbx_e85e68330683849fe03287797085082c.jpg",2.699,"2026-01-23T20:50:22.584933Z"
34849,"4","Not Flooded","2026-01-23T20:57:39.322805Z",214163,"/data/local-files/?d=/share/ju/nexar_data/training_datasets/street_flooding/all_no_letterboxing/nlbx_0f1682bd7994c677fb808c5f63737efd.jpg",2.4,"2026-01-23T20:57:39.322826Z"
34579,"4","Not Flooded","2026-01-23T20:43:35.778660Z",214164,"/data/local-files/?d=/share/ju/nexar_data/training_datasets/street_flooding/all_no_letterboxing/nlbx_ea2755a8e08ec74b034983e33a640afc.jpg",2.79,"2026-01-23T20:43:35.778676Z"
34755,"4","Not Flooded","2026-01-23T20:52:29.608125Z",214165,"/data/local-files/?d=/share/ju/nexar_data/training_datasets/street_flooding/all_no_letterboxing/nlbx_eba9a87292854cda25134d65f0d88ca3.jpg",2.408,"2026-01-23T20:52:29.608138Z"
34843,"4","Not Flooded","2026-01-23T20:57:20.385380Z",214166,"/data/local-files/?d=/share/ju/nexar_data/training_datasets/street_flooding/all_no_letterboxing/nlbx_521a7c35c08ea3d082beb3550352e78e.jpg",2.446,"2026-01-23T20:57:20.385395Z"
34511,"4","Not Flooded","2026-01-23T20:14:19.138908Z",214167,"/data/local-files/?d=/share/ju/nexar_data/training_datasets/street_flooding/all_no_letterboxing/nlbx_b8f2af49fc47e002c00ff36039cc9990.jpg",2.423,"2026-01-23T20:14:19.138929Z"
34527,"4","Not Flooded","2026-01-23T20:15:20.525601Z",214168,"/data/local-files/?d=/share/ju/nexar_data/training_datasets/street_flooding/all_no_letterboxing/nlbx_3e5884d17099fe31bfc6cc0a67892181.jpg",2.562,"2026-01-23T20:15:20.525623Z"
34553,"4","Not Flooded","2026-01-23T20:17:34.123073Z",214169,"/data/local-files/?d=/share/ju/nexar_data/training_datasets/street_flooding/all_no_letterboxing/nlbx_0c56cb0e2de8b3373bf0b402180cc2e1.jpg",3.009,"2026-01-23T20:17:34.123126Z"
34950,"4","Not Flooded","2026-01-23T21:03:41.770984Z",214170,"/data/local-files/?d=/share/ju/nexar_data/training_datasets/street_flooding/all_no_letterboxing/nlbx_1579151b628f5740f430e4cdfd10e3fc.jpg",1.98,"2026-01-23T21:03:41.771005Z"
34867,"4","Not Flooded","2026-01-23T20:58:57.807833Z",214171,"/data/local-files/?d=/share/ju/nexar_data/training_datasets/street_flooding/all_no_letterboxing/nlbx_9787d936822ea3a3f4c04c7d675e07b7.jpg",2.179,"2026-01-23T20:58:57.807855Z"
34813,"4","Not Flooded","2026-01-23T20:55:35.241561Z",214172,"/data/local-files/?d=/share/ju/nexar_data/training_datasets/street_flooding/all_no_letterboxing/nlbx_c8623c94659ab68a52b55f62d3a8eae2.jpg",1.996,"2026-01-23T20:55:35.241582Z"
34800,"4","Not Flooded","2026-01-23T20:54:50.074920Z",214173,"/data/local-files/?d=/share/ju/nexar_data/training_datasets/street_flooding/all_no_letterboxing/nlbx_1bc735e062b87decb463a3137be8e1ba.jpg",2.095,"2026-01-23T20:54:50.074941Z"
34464,"4","Not Flooded","2026-01-23T20:09:29.710655Z",214174,"/data/local-files/?d=/share/ju/nexar_data/training_datasets/street_flooding/all_no_letterboxing/nlbx_a8e3471733fda1545713308ddc86cc1b.jpg",11.005,"2026-01-23T20:09:29.710677Z"
34750,"4","Not Flooded","2026-01-23T20:52:13.693962Z",214175,"/data/local-files/?d=/share/ju/nexar_data/training_datasets/street_flooding/all_no_letterboxing/nlbx_29478f560274acf3876b630f936efbb8.jpg",2.109,"2026-01-23T20:52:13.693983Z"
34697,"4","Not Flooded","2026-01-23T20:49:44.625010Z",214176,"/data/local-files/?d=/share/ju/nexar_data/training_datasets/street_flooding/all_no_letterboxing/nlbx_f826a0eaa780795acc01baefa076f8cd.jpg",3.099,"2026-01-23T20:49:44.625024Z"
34767,"4","Not Flooded","2026-01-23T20:53:08.839997Z",214177,"/data/local-files/?d=/share/ju/nexar_data/training_datasets/street_flooding/all_no_letterboxing/nlbx_b9b580beffd352bae75c718330f012a2.jpg",2.349,"2026-01-23T20:53:08.840019Z"
34816,"4","Not Flooded","2026-01-23T20:55:44.656107Z",214178,"/data/local-files/?d=/share/ju/nexar_data/training_datasets/street_flooding/all_no_letterboxing/nlbx_14b79c2aaf411301265be94417adfde6.jpg",2.309,"2026-01-23T20:55:44.656139Z"
34517,"4","Not Flooded","2026-01-23T20:14:40.202789Z",214179,"/data/local-files/?d=/share/ju/nexar_data/training_datasets/street_flooding/all_no_letterboxing/nlbx_c425846bb2c780ee7d5bc7f0c1627a02.jpg",2.239,"2026-01-23T20:14:40.202810Z"
34663,"4","Not Flooded","2026-01-23T20:48:05.983944Z",214180,"/data/local-files/?d=/share/ju/nexar_data/training_datasets/street_flooding/all_no_letterboxing/nlbx_4c86932bcf376bfcee9df3749d0cf173.jpg",2.222,"2026-01-23T20:48:05.983965Z"
34547,"4","Not Flooded","2026-01-23T20:17:12.525532Z",214181,"/data/local-files/?d=/share/ju/nexar_data/training_datasets/street_flooding/all_no_letterboxing/nlbx_7ccaa49ba713762d53b4bafdea1ae20f.jpg",2.549,"2026-01-23T20:17:12.525553Z"
34502,"4","Not Flooded","2026-01-23T20:13:44.267129Z",214182,"/data/local-files/?d=/share/ju/nexar_data/training_datasets/street_flooding/all_no_letterboxing/nlbx_15e21a5f87458c161fc34194e4685b10.jpg",2.487,"2026-01-23T20:13:44.267142Z"
34605,"4","Not Flooded","2026-01-23T20:45:04.304689Z",214183,"/data/local-files/?d=/share/ju/nexar_data/training_datasets/street_flooding/all_no_letterboxing/nlbx_ef7d5fbec04e22d2e7f9f3a0c802c78e.jpg",2.962,"2026-01-23T20:45:04.304702Z"
34669,"4","Not Flooded","2026-01-23T20:48:24.292699Z",214184,"/data/local-files/?d=/share/ju/nexar_data/training_datasets/street_flooding/all_no_letterboxing/nlbx_aef5cba0f5a04d22db76fcf213afaea1.jpg",1.977,"2026-01-23T20:48:24.292711Z"
34815,"4","Not Flooded","2026-01-23T20:55:41.689608Z",214185,"/data/local-files/?d=/share/ju/nexar_data/training_datasets/street_flooding/all_no_letterboxing/nlbx_d505558df8e5a399e3be03e1c64c8699.jpg",3.092,"2026-01-23T20:55:41.689629Z"
34860,"4","Not Flooded","2026-01-23T20:58:12.948910Z",214186,"/data/local-files/?d=/share/ju/nexar_data/training_datasets/street_flooding/all_no_letterboxing/nlbx_513e24a12dc4bc71979a8150837c1764.jpg",2.052,"2026-01-23T20:58:12.948935Z"
34569,"4","Not Flooded","2026-01-23T20:43:02.336000Z",214187,"/data/local-files/?d=/share/ju/nexar_data/training_datasets/street_flooding/all_no_letterboxing/nlbx_3150b8c9a7b762eb574abe704b0d08b3.jpg",2.324,"2026-01-23T20:43:02.336021Z"
34667,"4","Not Flooded","2026-01-23T20:48:19.022162Z",214188,"/data/local-files/?d=/share/ju/nexar_data/training_datasets/street_flooding/all_no_letterboxing/nlbx_c351c169fc9e10822cbfedd1b1d4875e.jpg",2.225,"2026-01-23T20:48:19.022183Z"
34954,"4","Not Flooded","2026-01-23T21:03:53.556399Z",214189,"/data/local-files/?d=/share/ju/nexar_data/training_datasets/street_flooding/all_no_letterboxing/nlbx_83123b641d64e98d61e02aadaca8f201.jpg",1.978,"2026-01-23T21:03:53.556415Z"
34503,"4","Not Flooded","2026-01-23T20:13:47.602943Z",214190,"/data/local-files/?d=/share/ju/nexar_data/training_datasets/street_flooding/all_no_letterboxing/nlbx_8a39a60df6dd77618332fbc306f1e901.jpg",2.506,"2026-01-23T20:13:47.602964Z"
34496,"4","Not Flooded","2026-01-23T20:13:14.626907Z",214191,"/data/local-files/?d=/share/ju/nexar_data/training_datasets/street_flooding/all_no_letterboxing/nlbx_7ee11d8d7b7ac538c7e3d030dceb15ec.jpg",3.12,"2026-01-23T20:13:14.626920Z"
34627,"4","Not Flooded","2026-01-23T20:46:09.140725Z",214192,"/data/local-files/?d=/share/ju/nexar_data/training_datasets/street_flooding/all_no_letterboxing/nlbx_6d9ad6cd12d7a8e8973d121fbf4145cd.jpg",1.989,"2026-01-23T20:46:09.140746Z"
34925,"4","Not Flooded","2026-01-23T21:02:10.156697Z",214193,"/data/local-files/?d=/share/ju/nexar_data/training_datasets/street_flooding/all_no_letterboxing/nlbx_fc765d07f8c4dd715edaf67b53ecf2ea.jpg",2.761,"2026-01-23T21:02:10.156711Z"
34687,"4","Not Flooded","2026-01-23T20:49:13.808659Z",214194,"/data/local-files/?d=/share/ju/nexar_data/training_datasets/street_flooding/all_no_letterboxing/nlbx_ed2bf6f6ffc6d12d288578bf8965a586.jpg",2.75,"2026-01-23T20:49:13.808680Z"
34896,"4","Not Flooded","2026-01-23T21:00:31.622202Z",214195,"/data/local-files/?d=/share/ju/nexar_data/training_datasets/street_flooding/all_no_letterboxing/nlbx_5e4ccedf5267aa9ed866c258a7909330.jpg",2.52,"2026-01-23T21:00:31.622223Z"
34734,"4","Not Flooded","2026-01-23T20:51:28.654231Z",214196,"/data/local-files/?d=/share/ju/nexar_data/training_datasets/street_flooding/all_no_letterboxing/nlbx_9c734c4f313d7a3c449ea024dd542459.jpg",2.46,"2026-01-23T20:51:28.654253Z"
34891,"4","Not Flooded","2026-01-23T21:00:15.830130Z",214197,"/data/local-files/?d=/share/ju/nexar_data/training_datasets/street_flooding/all_no_letterboxing/nlbx_b0f814dae71abb8310d24c60b4a21e75.jpg",2.208,"2026-01-23T21:00:15.830143Z"
34707,"4","Not Flooded","2026-01-23T20:50:11.858275Z",214198,"/data/local-files/?d=/share/ju/nexar_data/training_datasets/street_flooding/all_no_letterboxing/nlbx_41919805fe53e5f42bc493eb4ba5079e.jpg",2.288,"2026-01-23T20:50:11.858296Z"
34489,"4","Not Flooded","2026-01-23T20:12:46.011742Z",214199,"/data/local-files/?d=/share/ju/nexar_data/training_datasets/street_flooding/all_no_letterboxing/nlbx_3878ee6aa4d2288ff5912e0389e34ab3.jpg",2.881,"2026-01-23T20:12:46.011763Z"
34666,"4","Not Flooded","2026-01-23T20:48:16.240147Z",214200,"/data/local-files/?d=/share/ju/nexar_data/training_datasets/street_flooding/all_no_letterboxing/nlbx_9407549bc87b39044105ed839cd50730.jpg",2.136,"2026-01-23T20:48:16.240168Z"
34820,"4","Not Flooded","2026-01-23T20:56:01.621742Z",214201,"/data/local-files/?d=/share/ju/nexar_data/training_datasets/street_flooding/all_no_letterboxing/nlbx_c09b6d71244ae44189a1a080cb55ad65.jpg",2.499,"2026-01-23T20:56:01.621763Z"
34550,"4","Not Flooded","2026-01-23T20:17:23.803452Z",214202,"/data/local-files/?d=/share/ju/nexar_data/training_datasets/street_flooding/all_no_letterboxing/nlbx_dbed7325b435b18136c365cd0d55192e.jpg",2.355,"2026-01-23T20:17:23.803474Z"
34651,"4","Not Flooded","2026-01-23T20:47:26.130850Z",214203,"/data/local-files/?d=/share/ju/nexar_data/training_datasets/street_flooding/all_no_letterboxing/nlbx_cbab77b3466450ab49d4653d0d8ce2bf.jpg",2.619,"2026-01-23T20:47:26.130871Z"
34876,"4","Not Flooded","2026-01-23T20:59:27.440973Z",214204,"/data/local-files/?d=/share/ju/nexar_data/training_datasets/street_flooding/all_no_letterboxing/nlbx_028ebe08460fb18d925ae26ee31b1468.jpg",2.373,"2026-01-23T20:59:27.440994Z"
34861,"4","Not Flooded","2026-01-23T20:58:16.957218Z",214205,"/data/local-files/?d=/share/ju/nexar_data/training_datasets/street_flooding/all_no_letterboxing/nlbx_fcc127c64b35e177a5dc4b43b93851bb.jpg",3.257,"2026-01-23T20:58:16.957239Z"
34952,"4","Not Flooded","2026-01-23T21:03:47.741235Z",214206,"/data/local-files/?d=/share/ju/nexar_data/training_datasets/street_flooding/all_no_letterboxing/nlbx_db9fec3b1a6807ab5ab7c1a242bdc1f0.jpg",2.106,"2026-01-23T21:03:47.741256Z"
34802,"4","Not Flooded","2026-01-23T20:54:55.463577Z",214207,"/data/local-files/?d=/share/ju/nexar_data/training_datasets/street_flooding/all_no_letterboxing/nlbx_eb6eb7a0e2a03c98627a4f0a3efa7ea4.jpg",2.147,"2026-01-23T20:54:55.463590Z"
34554,"4","Not Flooded","2026-01-23T20:17:37.434606Z",214208,"/data/local-files/?d=/share/ju/nexar_data/training_datasets/street_flooding/all_no_letterboxing/nlbx_f7482654a80feafd2a6e137e5c3bb29d.jpg",2.574,"2026-01-23T20:17:37.434618Z"
34564,"4","Not Flooded","2026-01-23T20:42:46.476204Z",214209,"/data/local-files/?d=/share/ju/nexar_data/training_datasets/street_flooding/all_no_letterboxing/nlbx_59d2613ea6c162107451da67a4cbf8ff.jpg",4.176,"2026-01-23T20:42:46.476226Z"
34737,"4","Not Flooded","2026-01-23T20:51:36.724773Z",214210,"/data/local-files/?d=/share/ju/nexar_data/training_datasets/street_flooding/all_no_letterboxing/nlbx_fac768f2f242a35f940c8799a079faef.jpg",2.039,"2026-01-23T20:51:36.724795Z"
34568,"4","Not Flooded","2026-01-23T20:42:59.324211Z",214211,"/data/local-files/?d=/share/ju/nexar_data/training_datasets/street_flooding/all_no_letterboxing/nlbx_93ed60f323108bef0b58d414707cf6ca.jpg",2.644,"2026-01-23T20:42:59.324233Z"
34729,"4","Not Flooded","2026-01-23T20:51:12.346714Z",214212,"/data/local-files/?d=/share/ju/nexar_data/training_datasets/street_flooding/all_no_letterboxing/nlbx_c0959df259769133ee24cf28c8228af5.jpg",2.094,"2026-01-23T20:51:12.346726Z"
34537,"4","Not Flooded","2026-01-23T20:16:28.195258Z",214213,"/data/local-files/?d=/share/ju/nexar_data/training_datasets/street_flooding/all_no_letterboxing/nlbx_075cc9c88a4d4e6b3255bfc23705e78d.jpg",2.569,"2026-01-23T20:16:28.195270Z"
34721,"4","Not Flooded","2026-01-23T20:50:48.531405Z",214214,"/data/local-files/?d=/share/ju/nexar_data/training_datasets/street_flooding/all_no_letterboxing/nlbx_9f9205c36abc6ec74c36b8bc193dc5f8.jpg",1.887,"2026-01-23T20:50:48.531428Z"
34776,"4","Not Flooded","2026-01-23T20:53:35.039341Z",214215,"/data/local-files/?d=/share/ju/nexar_data/training_datasets/street_flooding/all_no_letterboxing/nlbx_ca0d51be6d1f97394cc8e7559bbad199.jpg",2.366,"2026-01-23T20:53:35.039363Z"
34888,"4","Not Flooded","2026-01-23T21:00:08.004019Z",214216,"/data/local-files/?d=/share/ju/nexar_data/training_datasets/street_flooding/all_no_letterboxing/nlbx_60f0d93deb04c160f7d80f55f4afb6f6.jpg",2.963,"2026-01-23T21:00:08.004032Z"
34626,"4","Not Flooded","2026-01-23T20:46:06.623667Z",214217,"/data/local-files/?d=/share/ju/nexar_data/training_datasets/street_flooding/all_no_letterboxing/nlbx_cddfe09deac80597c1d4a51d8c15e147.jpg",2.369,"2026-01-23T20:46:06.623688Z"
34600,"4","Not Flooded","2026-01-23T20:44:47.890003Z",214218,"/data/local-files/?d=/share/ju/nexar_data/training_datasets/street_flooding/all_no_letterboxing/nlbx_4000cfb4343b283167ab78ac46c6c456.jpg",2.299,"2026-01-23T20:44:47.890024Z"
34581,"4","Not Flooded","2026-01-23T20:43:42.471152Z",214219,"/data/local-files/?d=/share/ju/nexar_data/training_datasets/street_flooding/all_no_letterboxing/nlbx_e39245deca3089599e251146d1ced8dd.jpg",2.758,"2026-01-23T20:43:42.471169Z"
34781,"4","Not Flooded","2026-01-23T20:53:54.210325Z",214220,"/data/local-files/?d=/share/ju/nexar_data/training_datasets/street_flooding/all_no_letterboxing/nlbx_0121c9953a6773dcd212a1a1b5a002ba.jpg",2.888,"2026-01-23T20:53:54.210340Z"
34637,"4","Not Flooded","2026-01-23T20:46:38.724992Z",214221,"/data/local-files/?d=/share/ju/nexar_data/training_datasets/street_flooding/all_no_letterboxing/nlbx_d45cc588698f7d1c688a1ac99dd968ff.jpg",2.529,"2026-01-23T20:46:38.725012Z"
34772,"4","Not Flooded","2026-01-23T20:53:23.655409Z",214222,"/data/local-files/?d=/share/ju/nexar_data/training_datasets/street_flooding/all_no_letterboxing/nlbx_256cb906f25b3265d31ddeec44e2c808.jpg",2.838,"2026-01-23T20:53:23.655430Z"
34504,"4","Not Flooded","2026-01-23T20:13:50.732180Z",214223,"/data/local-files/?d=/share/ju/nexar_data/training_datasets/street_flooding/all_no_letterboxing/nlbx_9e46eb60ef1316ef1c1bc4708e2c31de.jpg",2.481,"2026-01-23T20:13:50.732193Z"
34478,"4","Not Flooded","2026-01-23T20:11:37.186868Z",214224,"/data/local-files/?d=/share/ju/nexar_data/training_datasets/street_flooding/all_no_letterboxing/nlbx_743b50b8e56718f66dc445885b3f2dc9.jpg",2.624,"2026-01-23T20:11:37.186880Z"
34841,"4","Not Flooded","2026-01-23T20:57:13.408821Z",214225,"/data/local-files/?d=/share/ju/nexar_data/training_datasets/street_flooding/all_no_letterboxing/nlbx_1d12ba6c5bb974112c88776bbc5c2f4a.jpg",2.14,"2026-01-23T20:57:13.408833Z"
34921,"4","Flooded","2026-01-23T21:01:55.460411Z",214226,"/data/local-files/?d=/share/ju/nexar_data/training_datasets/street_flooding/all_no_letterboxing/nlbx_f5273050d9c3d4e4a8e187e791164c39.jpg",2.312,"2026-01-23T21:01:55.460433Z"
34885,"4","Not Flooded","2026-01-23T20:59:54.664735Z",214227,"/data/local-files/?d=/share/ju/nexar_data/training_datasets/street_flooding/all_no_letterboxing/nlbx_dbd4b4d11a3ebfd7f711fdd3a80cac83.jpg",2.507,"2026-01-23T20:59:54.664748Z"
34933,"4","Not Flooded","2026-01-23T21:02:47.805935Z",214228,"/data/local-files/?d=/share/ju/nexar_data/training_datasets/street_flooding/all_no_letterboxing/nlbx_f8ac40dd845fa455dbe2fc99c931c2e8.jpg",2.519,"2026-01-23T21:02:47.805956Z"
34523,"4","Flooded","2026-01-23T20:15:03.574120Z",214229,"/data/local-files/?d=/share/ju/nexar_data/training_datasets/street_flooding/all_no_letterboxing/nlbx_121c1c52029991c9d819ea6862db91b0.jpg",3.362,"2026-01-23T20:15:03.574143Z"
34590,"4","Flooded","2026-01-23T20:44:17.260657Z",214230,"/data/local-files/?d=/share/ju/nexar_data/training_datasets/street_flooding/all_no_letterboxing/nlbx_fe65f8d9e20c9f509c14040f4f1f555f.jpg",2.604,"2026-01-23T20:44:17.260678Z"
34526,"4","Not Flooded","2026-01-23T20:15:17.239817Z",214231,"/data/local-files/?d=/share/ju/nexar_data/training_datasets/street_flooding/all_no_letterboxing/nlbx_66e688344029aca060e24bca8d7bf3c3.jpg",3.778,"2026-01-23T20:15:17.239838Z"
34613,"4","Not Flooded","2026-01-23T20:45:30.054008Z",214232,"/data/local-files/?d=/share/ju/nexar_data/training_datasets/street_flooding/all_no_letterboxing/nlbx_5e9b3b28b77a469fd2f6e28e4dd5e37a.jpg",2.477,"2026-01-23T20:45:30.054029Z"
34609,"4","Flooded","2026-01-23T20:45:17.006246Z",214233,"/data/local-files/?d=/share/ju/nexar_data/training_datasets/street_flooding/all_no_letterboxing/nlbx_84f2ad70125f3cd73e0f209e5aeaa182.jpg",2.841,"2026-01-23T20:45:17.006259Z"
34476,"4","Flooded","2026-01-23T20:11:29.791745Z",214234,"/data/local-files/?d=/share/ju/nexar_data/training_datasets/street_flooding/all_no_letterboxing/nlbx_8b086758849ae5074b9ff4456dd58516.jpg",3.45,"2026-01-23T20:11:29.791766Z"
34780,"4","Flooded","2026-01-23T20:53:50.737297Z",214235,"/data/local-files/?d=/share/ju/nexar_data/training_datasets/street_flooding/all_no_letterboxing/nlbx_7f6a44236e3b43d249ab8cc9ca56357f.jpg",4.525,"2026-01-23T20:53:50.737310Z"
34591,"4","Flooded","2026-01-23T20:44:19.873188Z",214236,"/data/local-files/?d=/share/ju/nexar_data/training_datasets/street_flooding/all_no_letterboxing/nlbx_9d4ac990648182f19c729752025032e9.jpg",2.096,"2026-01-23T20:44:19.873220Z"
34905,"4","Flooded","2026-01-23T21:00:56.793803Z",214237,"/data/local-files/?d=/share/ju/nexar_data/training_datasets/street_flooding/all_no_letterboxing/nlbx_d866132d88dc8bc92ac6bc9aab5fca45.jpg",2.059,"2026-01-23T21:00:56.793824Z"
34863,"4","Not Flooded","2026-01-23T20:58:24.330532Z",214238,"/data/local-files/?d=/share/ju/nexar_data/training_datasets/street_flooding/all_no_letterboxing/nlbx_b522fb99e4e56da4a920c71ffefb305e.jpg",3.23,"2026-01-23T20:58:24.330554Z"
34777,"4","Flooded","2026-01-23T20:53:37.948511Z",214239,"/data/local-files/?d=/share/ju/nexar_data/training_datasets/street_flooding/all_no_letterboxing/nlbx_5ada55bbb114df1f46745748693f8e19.jpg",2.348,"2026-01-23T20:53:37.948533Z"
34469,"4","Not Flooded","2026-01-23T20:10:25.701079Z",214240,"/data/local-files/?d=/share/ju/nexar_data/training_datasets/street_flooding/all_no_letterboxing/nlbx_902d17496fbbb4b2934e2d2212a7a153.jpg",4.177,"2026-01-23T20:10:25.701131Z"
34919,"4","Flooded","2026-01-23T21:01:40.467938Z",214241,"/data/local-files/?d=/share/ju/nexar_data/training_datasets/street_flooding/all_no_letterboxing/nlbx_e54af38229c6db9d2af5a13d0da6c068.jpg",1.947,"2026-01-23T21:01:40.467951Z"
34826,"4","Not Flooded","2026-01-23T20:56:26.689547Z",214242,"/data/local-files/?d=/share/ju/nexar_data/training_datasets/street_flooding/all_no_letterboxing/nlbx_d5ee7b5854f2a77221fdf09ce56a9ad9.jpg",4.173,"2026-01-23T20:56:26.689569Z"
34768,"4","Flooded","2026-01-23T20:53:11.666334Z",214243,"/data/local-files/?d=/share/ju/nexar_data/training_datasets/street_flooding/all_no_letterboxing/nlbx_6fb235a36ebe3230f2234acb99aa2a68.jpg",2.304,"2026-01-23T20:53:11.666346Z"
34819,"4","Not Flooded","2026-01-23T20:55:58.471588Z",214244,"/data/local-files/?d=/share/ju/nexar_data/training_datasets/street_flooding/all_no_letterboxing/nlbx_514b5ec227ba722d79c8331eee158405.jpg",6.66,"2026-01-23T20:55:58.471609Z"
34644,"4","Flooded","2026-01-23T20:46:59.129931Z",214245,"/data/local-files/?d=/share/ju/nexar_data/training_datasets/street_flooding/all_no_letterboxing/nlbx_688f1cc5b775c2aec41c801a5f2a8c26.jpg",2.498,"2026-01-23T20:46:59.129943Z"
34479,"4","Not Flooded","2026-01-23T20:11:45.966758Z",214246,"/data/local-files/?d=/share/ju/nexar_data/training_datasets/street_flooding/all_no_letterboxing/nlbx_7ca7ae88e8ca5a975caa891dc34aa184.jpg",8.031,"2026-01-23T20:11:45.966779Z"
34801,"4","Flooded","2026-01-23T20:54:52.761165Z",214247,"/data/local-files/?d=/share/ju/nexar_data/training_datasets/street_flooding/all_no_letterboxing/nlbx_0925802d0a73eac9a6b166e1961cf16a.jpg",2.114,"2026-01-23T20:54:52.761188Z"
34664,"4","Not Flooded","2026-01-23T20:48:08.840380Z",214248,"/data/local-files/?d=/share/ju/nexar_data/training_datasets/street_flooding/all_no_letterboxing/nlbx_512831f7130daef1d5b923386d5014b6.jpg",2.343,"2026-01-23T20:48:08.840396Z"
34836,"4","Flooded","2026-01-23T20:56:59.375064Z",214249,"/data/local-files/?d=/share/ju/nexar_data/training_datasets/street_flooding/all_no_letterboxing/nlbx_5c9834da70a3069ac9bf0eab27d178fc.jpg",2.176,"2026-01-23T20:56:59.375086Z"
34642,"4","Flooded","2026-01-23T20:46:52.942926Z",214250,"/data/local-files/?d=/share/ju/nexar_data/training_datasets/street_flooding/all_no_letterboxing/nlbx_a1ed55fe990b811e042894cae6e01290.jpg",2.211,"2026-01-23T20:46:52.942949Z"
34488,"4","Flooded","2026-01-23T20:12:42.241848Z",214251,"/data/local-files/?d=/share/ju/nexar_data/training_datasets/street_flooding/all_no_letterboxing/nlbx_c3644ccc2ced6f14249438be27fbf95f.jpg",2.944,"2026-01-23T20:12:42.241861Z"
34752,"4","Flooded","2026-01-23T20:52:19.710628Z",214252,"/data/local-files/?d=/share/ju/nexar_data/training_datasets/street_flooding/all_no_letterboxing/nlbx_42a1456fbf65c8261539997b92135511.jpg",2.951,"2026-01-23T20:52:19.710641Z"
34758,"4","Flooded","2026-01-23T20:52:40.599990Z",214253,"/data/local-files/?d=/share/ju/nexar_data/training_datasets/street_flooding/all_no_letterboxing/nlbx_0d04e632085132e3a0e9be113338b6d4.jpg",2.086,"2026-01-23T20:52:40.600011Z"
34935,"4","Flooded","2026-01-23T21:02:55.644252Z",214254,"/data/local-files/?d=/share/ju/nexar_data/training_datasets/street_flooding/all_no_letterboxing/nlbx_877f4b3f318c142ed74aca3a7e364966.jpg",3.077,"2026-01-23T21:02:55.644269Z"
34735,"4","Not Flooded","2026-01-23T20:51:31.279973Z",214255,"/data/local-files/?d=/share/ju/nexar_data/training_datasets/street_flooding/all_no_letterboxing/nlbx_6ee25ccf395365428bfad1e3dc943149.jpg",2.071,"2026-01-23T20:51:31.279994Z"
34513,"4","Flooded","2026-01-23T20:14:25.742329Z",214256,"/data/local-files/?d=/share/ju/nexar_data/training_datasets/street_flooding/all_no_letterboxing/nlbx_25a87f1000d87f2a42102366f8a625f7.jpg",2.73,"2026-01-23T20:14:25.742350Z"
34500,"4","Flooded","2026-01-23T20:13:37.269698Z",214257,"/data/local-files/?d=/share/ju/nexar_data/training_datasets/street_flooding/all_no_letterboxing/nlbx_f58c3bde9e2c89eb75ef5df568cc67b8.jpg",3.175,"2026-01-23T20:13:37.269714Z"
34487,"4","Flooded","2026-01-23T20:12:38.326115Z",214258,"/data/local-files/?d=/share/ju/nexar_data/training_datasets/street_flooding/all_no_letterboxing/nlbx_4107d70e30b3b148630c14d6581fbc76.jpg",5.133,"2026-01-23T20:12:38.326136Z"
34907,"4","Flooded","2026-01-23T21:01:03.420953Z",214259,"/data/local-files/?d=/share/ju/nexar_data/training_datasets/street_flooding/all_no_letterboxing/nlbx_7ddc7226cd3c33ddb7d1643964ec5c89.jpg",2.891,"2026-01-23T21:01:03.420974Z"
34850,"4","Not Flooded","2026-01-23T20:57:42.427667Z",214260,"/data/local-files/?d=/share/ju/nexar_data/training_datasets/street_flooding/all_no_letterboxing/nlbx_416e92099e5620bdf5e442f94d92a4ca.jpg",2.504,"2026-01-23T20:57:42.427680Z"
34492,"4","Flooded","2026-01-23T20:12:58.718560Z",214261,"/data/local-files/?d=/share/ju/nexar_data/training_datasets/street_flooding/all_no_letterboxing/nlbx_f342872d539fc39933417c1f92321f90.jpg",4.687,"2026-01-23T20:12:58.718572Z"
34946,"4","Flooded","2026-01-23T21:03:31.049723Z",214262,"/data/local-files/?d=/share/ju/nexar_data/training_datasets/street_flooding/all_no_letterboxing/nlbx_24408c0e48ef93504e8d59e5e0a79d9e.jpg",2.559,"2026-01-23T21:03:31.049744Z"
34749,"4","Not Flooded","2026-01-23T20:52:11.023869Z",214263,"/data/local-files/?d=/share/ju/nexar_data/training_datasets/street_flooding/all_no_letterboxing/nlbx_c90fc68ffe398f535b271b1169f6a064.jpg",3.325,"2026-01-23T20:52:11.023889Z"
34738,"4","Flooded","2026-01-23T20:51:39.562364Z",214264,"/data/local-files/?d=/share/ju/nexar_data/training_datasets/street_flooding/all_no_letterboxing/nlbx_3dc6bbe73ad659b413e5f667358d5cf3.jpg",2.304,"2026-01-23T20:51:39.562385Z"
34543,"4","Flooded","2026-01-23T20:16:55.761119Z",214265,"/data/local-files/?d=/share/ju/nexar_data/training_datasets/street_flooding/all_no_letterboxing/nlbx_fb70759e43f4a487b78db0f33a3518bb.jpg",2.708,"2026-01-23T20:16:55.761141Z"
34779,"4","Not Flooded","2026-01-23T20:53:45.681070Z",214266,"/data/local-files/?d=/share/ju/nexar_data/training_datasets/street_flooding/all_no_letterboxing/nlbx_acbcfcf5cd277973a70b5f40923a3f00.jpg",3.103,"2026-01-23T20:53:45.681124Z"
34892,"4","Flooded","2026-01-23T21:00:19.254430Z",214267,"/data/local-files/?d=/share/ju/nexar_data/training_datasets/street_flooding/all_no_letterboxing/nlbx_f43a2530b6c7ee9a0a89be6ca81896fa.jpg",2.764,"2026-01-23T21:00:19.254452Z"
34792,"4","Flooded","2026-01-23T20:54:27.461741Z",214268,"/data/local-files/?d=/share/ju/nexar_data/training_datasets/street_flooding/all_no_letterboxing/nlbx_284b1a59946fa543a6c3b99647c70e08.jpg",2.504,"2026-01-23T20:54:27.461754Z"
34740,"4","Flooded","2026-01-23T20:51:45.307565Z",214269,"/data/local-files/?d=/share/ju/nexar_data/training_datasets/street_flooding/all_no_letterboxing/nlbx_77a8e3ecd53d0cda0fc479dacff620cf.jpg",2.086,"2026-01-23T20:51:45.307586Z"
34598,"4","Flooded","2026-01-23T20:44:42.042496Z",214270,"/data/local-files/?d=/share/ju/nexar_data/training_datasets/street_flooding/all_no_letterboxing/nlbx_f9cd983fe9df9ecc9de7bdd08d9aee1f.jpg",2.783,"2026-01-23T20:44:42.042508Z"
34593,"4","Not Flooded","2026-01-23T20:44:25.473162Z",214271,"/data/local-files/?d=/share/ju/nexar_data/training_datasets/street_flooding/all_no_letterboxing/nlbx_f333d878ed6c3a24c149049693ba0299.jpg",2.587,"2026-01-23T20:44:25.473175Z"
34771,"4","Flooded","2026-01-23T20:53:20.247583Z",214272,"/data/local-files/?d=/share/ju/nexar_data/training_datasets/street_flooding/all_no_letterboxing/nlbx_57d996a0cbf95e026ac59984df0196b8.jpg",2.239,"2026-01-23T20:53:20.247604Z"
34519,"4","Flooded","2026-01-23T20:14:48.646996Z",214273,"/data/local-files/?d=/share/ju/nexar_data/training_datasets/street_flooding/all_no_letterboxing/nlbx_923b9fb030d280ba010e90d91557b1c0.jpg",4.03,"2026-01-23T20:14:48.647023Z"
34793,"4","Flooded","2026-01-23T20:54:30.244720Z",214274,"/data/local-files/?d=/share/ju/nexar_data/training_datasets/street_flooding/all_no_letterboxing/nlbx_1775592f72239ca1648d101fdfcc9f0f.jpg",2.227,"2026-01-23T20:54:30.244741Z"
34539,"4","Flooded","2026-01-23T20:16:40.856240Z",214275,"/data/local-files/?d=/share/ju/nexar_data/training_datasets/street_flooding/all_no_letterboxing/nlbx_ada676719c72762d7bfacd2004cce8b3.jpg",2.755,"2026-01-23T20:16:40.856261Z"
34951,"4","Flooded","2026-01-23T21:03:44.935006Z",214276,"/data/local-files/?d=/share/ju/nexar_data/training_datasets/street_flooding/all_no_letterboxing/nlbx_e16233f8e8863122f3852c11d3e95c91.jpg",2.467,"2026-01-23T21:03:44.935027Z"
34769,"4","Flooded","2026-01-23T20:53:14.368961Z",214277,"/data/local-files/?d=/share/ju/nexar_data/training_datasets/street_flooding/all_no_letterboxing/nlbx_d279d4a27fb587253d3774ba6b624a54.jpg",2.141,"2026-01-23T20:53:14.368983Z"
34490,"4","Not Flooded","2026-01-23T20:12:49.933252Z",214278,"/data/local-files/?d=/share/ju/nexar_data/training_datasets/street_flooding/all_no_letterboxing/nlbx_bb6f94647618266504ea36ba563e36c8.jpg",3.158,"2026-01-23T20:12:49.933273Z"
34633,"4","Flooded","2026-01-23T20:46:26.883518Z",214279,"/data/local-files/?d=/share/ju/nexar_data/training_datasets/street_flooding/all_no_letterboxing/nlbx_ad039e137f2e44d0778d8b57282dc7f2.jpg",2.017,"2026-01-23T20:46:26.883539Z"
34936,"4","Flooded","2026-01-23T21:02:58.961575Z",214280,"/data/local-files/?d=/share/ju/nexar_data/training_datasets/street_flooding/all_no_letterboxing/nlbx_7c176bf5b44f924b596e7fb63c7ccc3d.jpg",2.584,"2026-01-23T21:02:58.961588Z"
34570,"4","Not Flooded","2026-01-23T20:43:04.989331Z",214281,"/data/local-files/?d=/share/ju/nexar_data/training_datasets/street_flooding/all_no_letterboxing/nlbx_a1f53405eaa3f7dd4abccf41acfd5867.jpg",2.076,"2026-01-23T20:43:04.989348Z"
34680,"4","Flooded","2026-01-23T20:48:53.020790Z",214282,"/data/local-files/?d=/share/ju/nexar_data/training_datasets/street_flooding/all_no_letterboxing/nlbx_f6bfcb6f77f8ffdfcd39e0d1d6b0c253.jpg",2.043,"2026-01-23T20:48:53.020802Z"
34799,"4","Flooded","2026-01-23T20:54:47.320599Z",214283,"/data/local-files/?d=/share/ju/nexar_data/training_datasets/street_flooding/all_no_letterboxing/nlbx_7f788cc8e96b3461c74a6dc4e91c801f.jpg",2.03,"2026-01-23T20:54:47.320611Z"
34852,"4","Flooded","2026-01-23T20:57:50.537565Z",214284,"/data/local-files/?d=/share/ju/nexar_data/training_datasets/street_flooding/all_no_letterboxing/nlbx_25f99bf1d3a8dd095d1dbff485c3c5b9.jpg",2.153,"2026-01-23T20:57:50.537578Z"
34911,"4","Flooded","2026-01-23T21:01:17.102291Z",214285,"/data/local-files/?d=/share/ju/nexar_data/training_datasets/street_flooding/all_no_letterboxing/nlbx_eb00363dd934a7ae5cc36fdcd9e10285.jpg",2.497,"2026-01-23T21:01:17.102303Z"
34822,"4","Not Flooded","2026-01-23T20:56:07.801548Z",214286,"/data/local-files/?d=/share/ju/nexar_data/training_datasets/street_flooding/all_no_letterboxing/nlbx_b9f173ef4ed66a8777fa3d09eea74b76.jpg",2.698,"2026-01-23T20:56:07.801569Z"
34690,"4","Flooded","2026-01-23T20:49:22.789831Z",214287,"/data/local-files/?d=/share/ju/nexar_data/training_datasets/street_flooding/all_no_letterboxing/nlbx_aedc1281b8e248d5ff26488d14c39bcb.jpg",2.58,"2026-01-23T20:49:22.789844Z"
34832,"4","Not Flooded","2026-01-23T20:56:46.906004Z",214288,"/data/local-files/?d=/share/ju/nexar_data/training_datasets/street_flooding/all_no_letterboxing/nlbx_bb60c32544c1ee917c633bad2ac6986f.jpg",2.41,"2026-01-23T20:56:46.906018Z"
34498,"4","Flooded","2026-01-23T20:13:29.268571Z",214289,"/data/local-files/?d=/share/ju/nexar_data/training_datasets/street_flooding/all_no_letterboxing/nlbx_88b29784723f8693cf3e612cdf2a3ef4.jpg",10.198,"2026-01-23T20:13:29.268584Z"
34622,"4","Flooded","2026-01-23T20:45:55.427884Z",214290,"/data/local-files/?d=/share/ju/nexar_data/training_datasets/street_flooding/all_no_letterboxing/nlbx_7c7e9dfb9e8a975855aca9bc3381c060.jpg",2.237,"2026-01-23T20:45:55.427899Z"
34930,"4","Not Flooded","2026-01-23T21:02:38.824924Z",214291,"/data/local-files/?d=/share/ju/nexar_data/training_datasets/street_flooding/all_no_letterboxing/nlbx_0dd6900fa384a2044e1b60ff8907563b.jpg",10.452,"2026-01-23T21:02:38.824944Z"
34939,"4","Flooded","2026-01-23T21:03:10.980341Z",214292,"/data/local-files/?d=/share/ju/nexar_data/training_datasets/street_flooding/all_no_letterboxing/nlbx_146e35dd65a5a1f7cdf9d9ac1e6d91ad.jpg",1.978,"2026-01-23T21:03:10.980354Z"
34649,"4","Flooded","2026-01-23T20:47:18.383223Z",214293,"/data/local-files/?d=/share/ju/nexar_data/training_datasets/street_flooding/all_no_letterboxing/nlbx_d5b366f104840dbd040904f310e99a82.jpg",2.663,"2026-01-23T20:47:18.383237Z"
34770,"4","Flooded","2026-01-23T20:53:17.337173Z",214294,"/data/local-files/?d=/share/ju/nexar_data/training_datasets/street_flooding/all_no_letterboxing/nlbx_0694e826c53a263473ca2fc0743ee463.jpg",2.369,"2026-01-23T20:53:17.337196Z"
34681,"4","Flooded","2026-01-23T20:48:55.748453Z",214295,"/data/local-files/?d=/share/ju/nexar_data/training_datasets/street_flooding/all_no_letterboxing/nlbx_2ace2bf97fd92cb94c11ed599a2ad17c.jpg",2.198,"2026-01-23T20:48:55.748474Z"
34705,"4","Flooded","2026-01-23T20:50:06.488650Z",214296,"/data/local-files/?d=/share/ju/nexar_data/training_datasets/street_flooding/all_no_letterboxing/nlbx_6f8ce3d9132e0556c4fa3edd646eba7c.jpg",2.166,"2026-01-23T20:50:06.488663Z"
34886,"4","Flooded","2026-01-23T21:00:00.895074Z",214297,"/data/local-files/?d=/share/ju/nexar_data/training_datasets/street_flooding/all_no_letterboxing/nlbx_9160210ab825994515c05c57a3a71684.jpg",5.543,"2026-01-23T21:00:00.895106Z"
34811,"4","Flooded","2026-01-23T20:55:30.163164Z",214298,"/data/local-files/?d=/share/ju/nexar_data/training_datasets/street_flooding/all_no_letterboxing/nlbx_045f7230582c54c1e4de0de5b3cdf55a.jpg",2.145,"2026-01-23T20:55:30.163177Z"
34551,"4","Not Flooded","2026-01-23T20:17:27.033451Z",214299,"/data/local-files/?d=/share/ju/nexar_data/training_datasets/street_flooding/all_no_letterboxing/nlbx_e64ac854a423ad37335a0681cca50aa7.jpg",2.457,"2026-01-23T20:17:27.033473Z"
34691,"4","Flooded","2026-01-23T20:49:25.780180Z",214300,"/data/local-files/?d=/share/ju/nexar_data/training_datasets/street_flooding/all_no_letterboxing/nlbx_5fa4fd9a78905da9327f7d4b755512c8.jpg",2.462,"2026-01-23T20:49:25.780193Z"
34475,"4","Flooded","2026-01-23T20:11:25.078858Z",214301,"/data/local-files/?d=/share/ju/nexar_data/training_datasets/street_flooding/all_no_letterboxing/nlbx_18ba9f0f81a3110a193f2e2b8d841b5c.jpg",13.072,"2026-01-23T20:11:25.078879Z"
34786,"4","Not Flooded","2026-01-23T20:54:09.233613Z",214302,"/data/local-files/?d=/share/ju/nexar_data/training_datasets/street_flooding/all_no_letterboxing/nlbx_ee50201266f13123e726a094ef187303.jpg",2.735,"2026-01-23T20:54:09.233635Z"
34883,"4","Flooded","2026-01-23T20:59:48.917614Z",214303,"/data/local-files/?d=/share/ju/nexar_data/training_datasets/street_flooding/all_no_letterboxing/nlbx_91ed97e9121735b7bb445d64bf5d822c.jpg",3.478,"2026-01-23T20:59:48.917635Z"
34608,"4","Flooded","2026-01-23T20:45:13.681033Z",214304,"/data/local-files/?d=/share/ju/nexar_data/training_datasets/street_flooding/all_no_letterboxing/nlbx_9846a7cef38921def1d862c48f3530df.jpg",3.173,"2026-01-23T20:45:13.681046Z"
34732,"4","Flooded","2026-01-23T20:51:22.287484Z",214305,"/data/local-files/?d=/share/ju/nexar_data/training_datasets/street_flooding/all_no_letterboxing/nlbx_6b91ffb792ef4cf46a224d7f2f1fd5c7.jpg",2.44,"2026-01-23T20:51:22.287497Z"
34798,"4","Flooded","2026-01-23T20:54:44.642232Z",214306,"/data/local-files/?d=/share/ju/nexar_data/training_datasets/street_flooding/all_no_letterboxing/nlbx_04cebb9e96a83a448032e248b9353375.jpg",2.295,"2026-01-23T20:54:44.642253Z"
34878,"4","Flooded","2026-01-23T20:59:33.237023Z",214307,"/data/local-files/?d=/share/ju/nexar_data/training_datasets/street_flooding/all_no_letterboxing/nlbx_a9c482a4b84fe64c746c89db1c075488.jpg",2.427,"2026-01-23T20:59:33.237044Z"
34957,"4","Flooded","2026-01-23T21:04:02.105002Z",214308,"/data/local-files/?d=/share/ju/nexar_data/training_datasets/street_flooding/all_no_letterboxing/nlbx_b066d39da241033e294ddc4688be27aa.jpg",2.343,"2026-01-23T21:04:02.105015Z"
34739,"4","Not Flooded","2026-01-23T20:51:42.558516Z",214309,"/data/local-files/?d=/share/ju/nexar_data/training_datasets/street_flooding/all_no_letterboxing/nlbx_3790d14cd77a0bced85c0fb047a6cffa.jpg",2.414,"2026-01-23T20:51:42.558548Z"
34949,"4","Not Flooded","2026-01-23T21:03:39.058912Z",214310,"/data/local-files/?d=/share/ju/nexar_data/training_datasets/street_flooding/all_no_letterboxing/nlbx_edcd2dcb41acb434c49ab4a5521c1821.jpg",1.927,"2026-01-23T21:03:39.058934Z"
34743,"4","Flooded","2026-01-23T20:51:53.626252Z",214311,"/data/local-files/?d=/share/ju/nexar_data/training_datasets/street_flooding/all_no_letterboxing/nlbx_4e075811faa2fabdfb901d31d0449551.jpg",2.306,"2026-01-23T20:51:53.626265Z"
34695,"4","Not Flooded","2026-01-23T20:49:38.113871Z",214312,"/data/local-files/?d=/share/ju/nexar_data/training_datasets/street_flooding/all_no_letterboxing/nlbx_6c99ca3c46c0c87f0bd0ff432f889529.jpg",2.318,"2026-01-23T20:49:38.113884Z"
34660,"4","Flooded","2026-01-23T20:47:56.119627Z",214313,"/data/local-files/?d=/share/ju/nexar_data/training_datasets/street_flooding/all_no_letterboxing/nlbx_76119096a7ec173f6dd8ecc76b00e35b.jpg",2.688,"2026-01-23T20:47:56.119639Z"
34575,"4","Flooded","2026-01-23T20:43:22.575051Z",214314,"/data/local-files/?d=/share/ju/nexar_data/training_datasets/street_flooding/all_no_letterboxing/nlbx_84374c58d70a2c78f3f25dbfad116de0.jpg",2.503,"2026-01-23T20:43:22.575065Z"
34589,"4","Flooded","2026-01-23T20:44:14.157154Z",214315,"/data/local-files/?d=/share/ju/nexar_data/training_datasets/street_flooding/all_no_letterboxing/nlbx_279e732c96c8b62ec39e862cd0497878.jpg",2.833,"2026-01-23T20:44:14.157167Z"
34839,"4","Flooded","2026-01-23T20:57:07.941291Z",214316,"/data/local-files/?d=/share/ju/nexar_data/training_datasets/street_flooding/all_no_letterboxing/nlbx_775ab15e22c1ba0e88265abc19f6c449.jpg",2.071,"2026-01-23T20:57:07.941312Z"
34760,"4","Flooded","2026-01-23T20:52:47.201355Z",214317,"/data/local-files/?d=/share/ju/nexar_data/training_datasets/street_flooding/all_no_letterboxing/nlbx_98e4de4793adaf789a3d52eee4f88370.jpg",2.937,"2026-01-23T20:52:47.201376Z"
34757,"4","Flooded","2026-01-23T20:52:37.958576Z",214318,"/data/local-files/?d=/share/ju/nexar_data/training_datasets/street_flooding/all_no_letterboxing/nlbx_fbfcb52c51ed8ea047c0231922838834.jpg",2.234,"2026-01-23T20:52:37.958597Z"
34611,"4","Not Flooded","2026-01-23T20:45:23.955027Z",214319,"/data/local-files/?d=/share/ju/nexar_data/training_datasets/street_flooding/all_no_letterboxing/nlbx_4e08817a8168c603aa0ef912da66484e.jpg",3.012,"2026-01-23T20:45:23.955040Z"
34499,"4","Flooded","2026-01-23T20:13:33.306347Z",214320,"/data/local-files/?d=/share/ju/nexar_data/training_datasets/street_flooding/all_no_letterboxing/nlbx_3c0b415f4254f60c85ff9593fac30042.jpg",2.851,"2026-01-23T20:13:33.306363Z"
34683,"4","Not Flooded","2026-01-23T20:49:01.747502Z",214321,"/data/local-files/?d=/share/ju/nexar_data/training_datasets/street_flooding/all_no_letterboxing/nlbx_c9e30be6fb0b0e7174e634f89546744f.jpg",2.226,"2026-01-23T20:49:01.747514Z"
34908,"4","Flooded","2026-01-23T21:01:07.357193Z",214322,"/data/local-files/?d=/share/ju/nexar_data/training_datasets/street_flooding/all_no_letterboxing/nlbx_1625a26c83daa1d142ad2a94fe99c41e.jpg",3.231,"2026-01-23T21:01:07.357219Z"
34592,"4","Flooded","2026-01-23T20:44:22.371826Z",214323,"/data/local-files/?d=/share/ju/nexar_data/training_datasets/street_flooding/all_no_letterboxing/nlbx_d83e87c1229a8968cbecaeee4150484b.jpg",1.988,"2026-01-23T20:44:22.371847Z"
34953,"4","Not Flooded","2026-01-23T21:03:50.902921Z",214324,"/data/local-files/?d=/share/ju/nexar_data/training_datasets/street_flooding/all_no_letterboxing/nlbx_b0019ce302524b1c52268a61ec1aaac5.jpg",2.474,"2026-01-23T21:03:50.902943Z"
34938,"4","Flooded","2026-01-23T21:03:08.291681Z",214325,"/data/local-files/?d=/share/ju/nexar_data/training_datasets/street_flooding/all_no_letterboxing/nlbx_1d7ad15340aaf0fbaf7422bce369b6cf.jpg",2.304,"2026-01-23T21:03:08.291694Z"
34899,"4","Not Flooded","2026-01-23T21:00:40.051850Z",214326,"/data/local-files/?d=/share/ju/nexar_data/training_datasets/street_flooding/all_no_letterboxing/nlbx_2bc61ec9da64e0f86cc7abec58e45cf5.jpg",2.267,"2026-01-23T21:00:40.051872Z"
34623,"4","Flooded","2026-01-23T20:45:58.439099Z",214327,"/data/local-files/?d=/share/ju/nexar_data/training_datasets/street_flooding/all_no_letterboxing/nlbx_23ae830cdaa11e9e7da0025123c974c6.jpg",2.516,"2026-01-23T20:45:58.439121Z"
34585,"4","Flooded","2026-01-23T20:43:56.282153Z",214328,"/data/local-files/?d=/share/ju/nexar_data/training_datasets/street_flooding/all_no_letterboxing/nlbx_23543e470e83c3cd2bbe16330d6d2b2e.jpg",2.627,"2026-01-23T20:43:56.282169Z"
34865,"4","Flooded","2026-01-23T20:58:51.847466Z",214329,"/data/local-files/?d=/share/ju/nexar_data/training_datasets/street_flooding/all_no_letterboxing/nlbx_44c110d8cf63e972eaa7be3bb3e6202c.jpg",2.163,"2026-01-23T20:58:51.847479Z"
34672,"4","Not Flooded","2026-01-23T20:48:31.856960Z",214330,"/data/local-files/?d=/share/ju/nexar_data/training_datasets/street_flooding/all_no_letterboxing/nlbx_d70a3a982ceb943c2db271658ab72f6a.jpg",2.071,"2026-01-23T20:48:31.856973Z"
34764,"4","Flooded","2026-01-23T20:53:00.167421Z",214331,"/data/local-files/?d=/share/ju/nexar_data/training_datasets/street_flooding/all_no_letterboxing/nlbx_d27649722ebcb140871459e1d875d54c.jpg",2.237,"2026-01-23T20:53:00.167443Z"
34635,"4","Flooded","2026-01-23T20:46:32.571225Z",214332,"/data/local-files/?d=/share/ju/nexar_data/training_datasets/street_flooding/all_no_letterboxing/nlbx_b970b6017f53f1e4f6dcb8a50b956e9d.jpg",2.022,"2026-01-23T20:46:32.571238Z"
34659,"4","Flooded","2026-01-23T20:47:52.938132Z",214333,"/data/local-files/?d=/share/ju/nexar_data/training_datasets/street_flooding/all_no_letterboxing/nlbx_18b195c66aba86adebca78a82a080213.jpg",3.581,"2026-01-23T20:47:52.938153Z"
34615,"4","Not Flooded","2026-01-23T20:45:35.353738Z",214334,"/data/local-files/?d=/share/ju/nexar_data/training_datasets/street_flooding/all_no_letterboxing/nlbx_51679747ce49d947445a095541b1bc7a.jpg",2.195,"2026-01-23T20:45:35.353751Z"
34830,"4","Flooded","2026-01-23T20:56:40.496475Z",214335,"/data/local-files/?d=/share/ju/nexar_data/training_datasets/street_flooding/all_no_letterboxing/nlbx_17aca3d3249965a2e401d0a5d37ce5cc.jpg",2.802,"2026-01-23T20:56:40.496496Z"
34696,"4","Flooded","2026-01-23T20:49:40.993374Z",214336,"/data/local-files/?d=/share/ju/nexar_data/training_datasets/street_flooding/all_no_letterboxing/nlbx_1a0b8cd917be843433a9cd80c1bfb35e.jpg",2.334,"2026-01-23T20:49:40.993395Z"
34725,"4","Flooded","2026-01-23T20:51:01.453763Z",214337,"/data/local-files/?d=/share/ju/nexar_data/training_datasets/street_flooding/all_no_letterboxing/nlbx_2c4ce8cfffe396f6683e0f6a56ef2f83.jpg",2.855,"2026-01-23T20:51:01.453784Z"
34864,"4","Flooded","2026-01-23T20:58:26.411621Z",214338,"/data/local-files/?d=/share/ju/nexar_data/training_datasets/street_flooding/all_no_letterboxing/nlbx_7d8c31f99dc531bba301074d9c211264.jpg",18.229,"2026-01-23T20:58:45.925866Z"
34632,"4","Flooded","2026-01-23T20:46:24.345241Z",214339,"/data/local-files/?d=/share/ju/nexar_data/training_datasets/street_flooding/all_no_letterboxing/nlbx_e5eddab9862afa082493b4fc8167fe0e.jpg",2.263,"2026-01-23T20:46:24.345262Z"
34909,"4","Flooded","2026-01-23T21:01:10.744891Z",214340,"/data/local-files/?d=/share/ju/nexar_data/training_datasets/street_flooding/all_no_letterboxing/nlbx_8e9cf28f14f77ceb301f48443a8069ac.jpg",2.69,"2026-01-23T21:01:10.744912Z"
34887,"4","Flooded","2026-01-23T21:00:04.378139Z",214341,"/data/local-files/?d=/share/ju/nexar_data/training_datasets/street_flooding/all_no_letterboxing/nlbx_c31439de50c5ff5fe02f3270291b86b1.jpg",2.785,"2026-01-23T21:00:04.378161Z"
34790,"4","Flooded","2026-01-23T20:54:21.636554Z",214342,"/data/local-files/?d=/share/ju/nexar_data/training_datasets/street_flooding/all_no_letterboxing/nlbx_f6269bb291178eb114cabdf0799f4226.jpg",3.447,"2026-01-23T20:54:21.636567Z"
34650,"4","Flooded","2026-01-23T20:47:22.997480Z",214343,"/data/local-files/?d=/share/ju/nexar_data/training_datasets/street_flooding/all_no_letterboxing/nlbx_5f3b26d47f198bf293eae01f01972269.jpg",4.085,"2026-01-23T20:47:22.997492Z"
34833,"4","Flooded","2026-01-23T20:56:49.868339Z",214344,"/data/local-files/?d=/share/ju/nexar_data/training_datasets/street_flooding/all_no_letterboxing/nlbx_00912b78ade6a170b24606f87b8a34b5.jpg",2.321,"2026-01-23T20:56:49.868361Z"
34662,"4","Not Flooded","2026-01-23T20:48:03.209921Z",214345,"/data/local-files/?d=/share/ju/nexar_data/training_datasets/street_flooding/all_no_letterboxing/nlbx_712a28ec263e59b80a2d8a4197eae821.jpg",3.35,"2026-01-23T20:48:03.209942Z"
34686,"4","Not Flooded","2026-01-23T20:49:10.533185Z",214346,"/data/local-files/?d=/share/ju/nexar_data/training_datasets/street_flooding/all_no_letterboxing/nlbx_6779be3a5401dfebe7d9209ecaad459c.jpg",2.86,"2026-01-23T20:49:10.533198Z"
34926,"4","Not Flooded","2026-01-23T21:02:14.501171Z",214347,"/data/local-files/?d=/share/ju/nexar_data/training_datasets/street_flooding/all_no_letterboxing/nlbx_345203968df18eee30dc873f22d863dc.jpg",3.643,"2026-01-23T21:02:14.501193Z"
34607,"4","Not Flooded","2026-01-23T20:45:10.004639Z",214348,"/data/local-files/?d=/share/ju/nexar_data/training_datasets/street_flooding/all_no_letterboxing/nlbx_16b32eabdb8321a73a822bede1d3a437.jpg",2.583,"2026-01-23T20:45:10.004665Z"
34518,"4","Not Flooded","2026-01-23T20:14:43.982784Z",214349,"/data/local-files/?d=/share/ju/nexar_data/training_datasets/street_flooding/all_no_letterboxing/nlbx_73d170de29e2e85b016046414672409d.jpg",3.129,"2026-01-23T20:14:43.982805Z"
34700,"4","Flooded","2026-01-23T20:49:52.780955Z",214350,"/data/local-files/?d=/share/ju/nexar_data/training_datasets/street_flooding/all_no_letterboxing/nlbx_50c8d814905629c3ff11e71cc1886e90.jpg",2.175,"2026-01-23T20:49:52.780977Z"
34559,"4","Flooded","2026-01-23T20:18:03.981347Z",214351,"/data/local-files/?d=/share/ju/nexar_data/training_datasets/street_flooding/all_no_letterboxing/nlbx_f6fcf0b4f5ad99b6b5d9b107b93e4b63.jpg",12.456,"2026-01-23T20:18:03.981369Z"
34645,"4","Flooded","2026-01-23T20:47:02.607062Z",214352,"/data/local-files/?d=/share/ju/nexar_data/training_datasets/street_flooding/all_no_letterboxing/nlbx_46cdeb6170966f07f0d92d92b6179f15.jpg",2.917,"2026-01-23T20:47:02.607083Z"
34494,"4","Flooded","2026-01-23T20:13:07.094365Z",214353,"/data/local-files/?d=/share/ju/nexar_data/training_datasets/street_flooding/all_no_letterboxing/nlbx_423ab4aa062b7723a10e4ce26235f681.jpg",4.062,"2026-01-23T20:13:07.094386Z"
34809,"4","Not Flooded","2026-01-23T20:55:24.927469Z",214354,"/data/local-files/?d=/share/ju/nexar_data/training_datasets/street_flooding/all_no_letterboxing/nlbx_8ab4183fce95d92becb9bba37d161c52.jpg",3.428,"2026-01-23T20:55:24.927495Z"
34901,"4","Flooded","2026-01-23T21:00:45.297404Z",214355,"/data/local-files/?d=/share/ju/nexar_data/training_datasets/street_flooding/all_no_letterboxing/nlbx_2a5121429509607e63c76bcdb9aa3f27.jpg",1.98,"2026-01-23T21:00:45.297425Z"
34744,"4","Flooded","2026-01-23T20:51:56.444905Z",214356,"/data/local-files/?d=/share/ju/nexar_data/training_datasets/street_flooding/all_no_letterboxing/nlbx_2d310ec8b209226af89605eb99cf5a23.jpg",2.313,"2026-01-23T20:51:56.444917Z"
34625,"4","Flooded","2026-01-23T20:46:03.752212Z",214357,"/data/local-files/?d=/share/ju/nexar_data/training_datasets/street_flooding/all_no_letterboxing/nlbx_1dead8676852d8592f60abf3c0d43861.jpg",2.046,"2026-01-23T20:46:03.752234Z"
34918,"4","Flooded","2026-01-23T21:01:37.792672Z",214358,"/data/local-files/?d=/share/ju/nexar_data/training_datasets/street_flooding/all_no_letterboxing/nlbx_12d95a7b695fd858e007a77d8814014a.jpg",2.068,"2026-01-23T21:01:37.792685Z"
34601,"4","Flooded","2026-01-23T20:44:51.697839Z",214359,"/data/local-files/?d=/share/ju/nexar_data/training_datasets/street_flooding/all_no_letterboxing/nlbx_272a2c5a1f881d9ee1600a8ea51e687c.jpg",3.297,"2026-01-23T20:44:51.697851Z"
34710,"4","Not Flooded","2026-01-23T20:50:19.336406Z",214360,"/data/local-files/?d=/share/ju/nexar_data/training_datasets/street_flooding/all_no_letterboxing/nlbx_58c55736bcf90960e875f764f25b8d7f.jpg",1.963,"2026-01-23T20:50:19.336428Z"
34959,"4","Not Flooded","2026-01-23T21:04:08.058760Z",214361,"/data/local-files/?d=/share/ju/nexar_data/training_datasets/street_flooding/all_no_letterboxing/nlbx_3610f5598def66cf6b0d0d2bd5f69134.jpg",2.083,"2026-01-23T21:04:08.058785Z"
34565,"4","Flooded","2026-01-23T20:42:49.844455Z",214362,"/data/local-files/?d=/share/ju/nexar_data/training_datasets/street_flooding/all_no_letterboxing/nlbx_a80c16227bade552185c39df455b021c.jpg",2.607,"2026-01-23T20:42:49.844467Z"
34806,"4","Flooded","2026-01-23T20:55:15.854247Z",214363,"/data/local-files/?d=/share/ju/nexar_data/training_datasets/street_flooding/all_no_letterboxing/nlbx_fefe86c8cad1909a7cf0bf04683be52f.jpg",1.954,"2026-01-23T20:55:15.854260Z"
34658,"4","Not Flooded","2026-01-23T20:47:48.821635Z",214364,"/data/local-files/?d=/share/ju/nexar_data/training_datasets/street_flooding/all_no_letterboxing/nlbx_50348d8ca6f5f49d576955e27cdb60b9.jpg",2.605,"2026-01-23T20:47:48.821657Z"
34655,"4","Flooded","2026-01-23T20:47:37.426628Z",214365,"/data/local-files/?d=/share/ju/nexar_data/training_datasets/street_flooding/all_no_letterboxing/nlbx_afbcf02393ad63dbe0d21218c171870b.jpg",2.218,"2026-01-23T20:47:37.426649Z"
34778,"4","Not Flooded","2026-01-23T20:53:41.993646Z",214366,"/data/local-files/?d=/share/ju/nexar_data/training_datasets/street_flooding/all_no_letterboxing/nlbx_52054c7bb2fc1920c30d604b9722748b.jpg",3.499,"2026-01-23T20:53:41.993667Z"
34698,"4","Not Flooded","2026-01-23T20:49:47.411173Z",214367,"/data/local-files/?d=/share/ju/nexar_data/training_datasets/street_flooding/all_no_letterboxing/nlbx_a4a2d2439f9191276133070dbef75756.jpg",2.285,"2026-01-23T20:49:47.411195Z"
34869,"4","Flooded","2026-01-23T20:59:04.209875Z",214368,"/data/local-files/?d=/share/ju/nexar_data/training_datasets/street_flooding/all_no_letterboxing/nlbx_6d5f422cc3c6fc08dfd69795e6d03dc8.jpg",2.35,"2026-01-23T20:59:04.209896Z"
34805,"4","Flooded","2026-01-23T20:55:13.246349Z",214369,"/data/local-files/?d=/share/ju/nexar_data/training_datasets/street_flooding/all_no_letterboxing/nlbx_e8d0bf8e64b12f9c607ac5080d2a32d1.jpg",2.176,"2026-01-23T20:55:13.246371Z"
34485,"4","Not Flooded","2026-01-23T20:12:28.586964Z",214370,"/data/local-files/?d=/share/ju/nexar_data/training_datasets/street_flooding/all_no_letterboxing/nlbx_b0170237dc9ab5f5aa798ef3a8d07c0f.jpg",7.139,"2026-01-23T20:12:28.586985Z"
34634,"4","Flooded","2026-01-23T20:46:30.015988Z",214371,"/data/local-files/?d=/share/ju/nexar_data/training_datasets/street_flooding/all_no_letterboxing/nlbx_730a42fd3cf397fc5cd4bd4462b06590.jpg",2.638,"2026-01-23T20:46:30.016010Z"
34859,"4","Flooded","2026-01-23T20:58:10.237565Z",214372,"/data/local-files/?d=/share/ju/nexar_data/training_datasets/street_flooding/all_no_letterboxing/nlbx_30b11fa986f8cd38a6abbef9f322b58b.jpg",2.869,"2026-01-23T20:58:10.237586Z"
34576,"4","Flooded","2026-01-23T20:43:26.102476Z",214373,"/data/local-files/?d=/share/ju/nexar_data/training_datasets/street_flooding/all_no_letterboxing/nlbx_ff90f922db17c0830a2c8edb43051cf3.jpg",3.035,"2026-01-23T20:43:26.102492Z"
34694,"4","Not Flooded","2026-01-23T20:49:35.245252Z",214374,"/data/local-files/?d=/share/ju/nexar_data/training_datasets/street_flooding/all_no_letterboxing/nlbx_7cf814268ce74e03c5bfb0792466baa6.jpg",2.721,"2026-01-23T20:49:35.245273Z"
34638,"4","Flooded","2026-01-23T20:46:42.192550Z",214375,"/data/local-files/?d=/share/ju/nexar_data/training_datasets/street_flooding/all_no_letterboxing/nlbx_4e350176c17ccb80a4c16d08363a4110.jpg",2.955,"2026-01-23T20:46:42.192571Z"
34731,"4","Flooded","2026-01-23T20:51:19.314204Z",214376,"/data/local-files/?d=/share/ju/nexar_data/training_datasets/street_flooding/all_no_letterboxing/nlbx_261f38f1cc20b36bcb31c9d134174674.jpg",3.61,"2026-01-23T20:51:19.314226Z"
34794,"4","Not Flooded","2026-01-23T20:54:33.519341Z",214377,"/data/local-files/?d=/share/ju/nexar_data/training_datasets/street_flooding/all_no_letterboxing/nlbx_f26d6b76e66ec6d39414b7855aa37534.jpg",2.722,"2026-01-23T20:54:33.519363Z"
34874,"4","Flooded","2026-01-23T20:59:19.724126Z",214378,"/data/local-files/?d=/share/ju/nexar_data/training_datasets/street_flooding/all_no_letterboxing/nlbx_97b40e337a0fe265723c20058d48ea31.jpg",2.303,"2026-01-23T20:59:19.724140Z"
34578,"4","Not Flooded","2026-01-23T20:43:32.500993Z",214379,"/data/local-files/?d=/share/ju/nexar_data/training_datasets/street_flooding/all_no_letterboxing/nlbx_1e0450f60d7aca3117d5464bab68f3a8.jpg",2.748,"2026-01-23T20:43:32.501012Z"
34796,"4","Flooded","2026-01-23T20:54:39.058593Z",214380,"/data/local-files/?d=/share/ju/nexar_data/training_datasets/street_flooding/all_no_letterboxing/nlbx_3c82b98870e027e0a5566f91704e5729.jpg",2.14,"2026-01-23T20:54:39.058606Z"
34817,"4","Flooded","2026-01-23T20:55:47.716325Z",214381,"/data/local-files/?d=/share/ju/nexar_data/training_datasets/street_flooding/all_no_letterboxing/nlbx_d9e27cee8b815bdefe5d720916c7ed9f.jpg",2.392,"2026-01-23T20:55:47.716383Z"
34904,"4","Flooded","2026-01-23T21:00:54.116493Z",214382,"/data/local-files/?d=/share/ju/nexar_data/training_datasets/street_flooding/all_no_letterboxing/nlbx_ad6922e04d229317ae32dc50e4977485.jpg",2.482,"2026-01-23T21:00:54.116506Z"
34807,"4","Flooded","2026-01-23T20:55:18.421877Z",214383,"/data/local-files/?d=/share/ju/nexar_data/training_datasets/street_flooding/all_no_letterboxing/nlbx_ad09baa73665edb2da7adbeecde14960.jpg",1.928,"2026-01-23T20:55:18.421890Z"
34678,"4","Flooded","2026-01-23T20:48:47.735240Z",214384,"/data/local-files/?d=/share/ju/nexar_data/training_datasets/street_flooding/all_no_letterboxing/nlbx_789bc5e59e577dbdf08c74a453648fef.jpg",2.299,"2026-01-23T20:48:47.735253Z"
34714,"4","Flooded","2026-01-23T20:50:30.344510Z",214385,"/data/local-files/?d=/share/ju/nexar_data/training_datasets/street_flooding/all_no_letterboxing/nlbx_b4d34d796db9187fc46444f9c110e1e0.jpg",2.2,"2026-01-23T20:50:30.344522Z"
34840,"4","Not Flooded","2026-01-23T20:57:10.723870Z",214386,"/data/local-files/?d=/share/ju/nexar_data/training_datasets/street_flooding/all_no_letterboxing/nlbx_391b2fc1db591bd3275cf4f069062d88.jpg",2.111,"2026-01-23T20:57:10.723886Z"
34556,"4","Flooded","2026-01-23T20:17:44.667545Z",214387,"/data/local-files/?d=/share/ju/nexar_data/training_datasets/street_flooding/all_no_letterboxing/nlbx_061956783d1e74c65dca1c44f81474f7.jpg",3.037,"2026-01-23T20:17:44.667567Z"
34834,"4","Flooded","2026-01-23T20:56:53.629425Z",214388,"/data/local-files/?d=/share/ju/nexar_data/training_datasets/street_flooding/all_no_letterboxing/nlbx_06c3aac3fbcdb9148b7f1eae64d59b2f.jpg",3.153,"2026-01-23T20:56:53.629437Z"
34746,"4","Flooded","2026-01-23T20:52:01.555130Z",214389,"/data/local-files/?d=/share/ju/nexar_data/training_datasets/street_flooding/all_no_letterboxing/nlbx_37fe22a4d611f6c8603d68339ec50f27.jpg",2.156,"2026-01-23T20:52:01.555151Z"
34521,"4","Flooded","2026-01-23T20:14:55.845224Z",214390,"/data/local-files/?d=/share/ju/nexar_data/training_datasets/street_flooding/all_no_letterboxing/nlbx_473c40db02d05412e98ee06d105d3a1e.jpg",2.719,"2026-01-23T20:14:55.845237Z"
34761,"4","Flooded","2026-01-23T20:52:52.194918Z",214391,"/data/local-files/?d=/share/ju/nexar_data/training_datasets/street_flooding/all_no_letterboxing/nlbx_1c759fb0354c05857e6b8600a3cd75e1.jpg",4.458,"2026-01-23T20:52:52.194939Z"
34723,"4","Flooded","2026-01-23T20:50:54.884941Z",214392,"/data/local-files/?d=/share/ju/nexar_data/training_datasets/street_flooding/all_no_letterboxing/nlbx_921dfd7dc1aef338fd9ccf2330b4fadc.jpg",2.5,"2026-01-23T20:50:54.884963Z"
34473,"4","Flooded","2026-01-23T20:11:06.831590Z",214393,"/data/local-files/?d=/share/ju/nexar_data/training_datasets/street_flooding/all_no_letterboxing/nlbx_433690f1ce47c9f0c99adeef5bd20e87.jpg",4.083,"2026-01-23T20:11:06.831612Z"
34900,"4","Flooded","2026-01-23T21:00:42.614424Z",214394,"/data/local-files/?d=/share/ju/nexar_data/training_datasets/street_flooding/all_no_letterboxing/nlbx_1258b33dcdb4523160f260168f248ab3.jpg",1.881,"2026-01-23T21:00:42.614444Z"
34923,"4","Not Flooded","2026-01-23T21:02:03.507592Z",214395,"/data/local-files/?d=/share/ju/nexar_data/training_datasets/street_flooding/all_no_letterboxing/nlbx_47b496c672d1bc30633fb42319328760.jpg",3.834,"2026-01-23T21:02:03.507619Z"
34624,"4","Flooded","2026-01-23T20:46:01.187076Z",214396,"/data/local-files/?d=/share/ju/nexar_data/training_datasets/street_flooding/all_no_letterboxing/nlbx_417836225757c8941458e4ea2e196cb6.jpg",2.235,"2026-01-23T20:46:01.187113Z"
34858,"4","Flooded","2026-01-23T20:58:06.774995Z",214397,"/data/local-files/?d=/share/ju/nexar_data/training_datasets/street_flooding/all_no_letterboxing/nlbx_109d5e9f6d11aaa46446ffa6f6913744.jpg",2.416,"2026-01-23T20:58:06.775016Z"
34557,"4","Flooded","2026-01-23T20:17:47.735535Z",214398,"/data/local-files/?d=/share/ju/nexar_data/training_datasets/street_flooding/all_no_letterboxing/nlbx_4cce7999900a4fa48be3102eed0ba303.jpg",2.313,"2026-01-23T20:17:47.735547Z"
34847,"4","Not Flooded","2026-01-23T20:57:32.362071Z",214399,"/data/local-files/?d=/share/ju/nexar_data/training_datasets/street_flooding/all_no_letterboxing/nlbx_a4c134f15b9c33a64b7a82c6a7091666.jpg",1.849,"2026-01-23T20:57:32.362163Z"
34531,"4","Flooded","2026-01-23T20:16:04.503154Z",214400,"/data/local-files/?d=/share/ju/nexar_data/training_datasets/street_flooding/all_no_letterboxing/nlbx_70c04123ea2f6c6eecc2b1da38c141b5.jpg",7.48,"2026-01-23T20:16:04.503176Z"
34580,"4","Flooded","2026-01-23T20:43:39.234456Z",214401,"/data/local-files/?d=/share/ju/nexar_data/training_datasets/street_flooding/all_no_letterboxing/nlbx_e26cf4ff04386ddc90c6fe29813b3827.jpg",2.958,"2026-01-23T20:43:39.234472Z"
34661,"4","Flooded","2026-01-23T20:47:59.320649Z",214402,"/data/local-files/?d=/share/ju/nexar_data/training_datasets/street_flooding/all_no_letterboxing/nlbx_46cf4c5a4ad80fc353804548dec86496.jpg",2.661,"2026-01-23T20:47:59.320662Z"
34722,"4","Flooded","2026-01-23T20:50:51.842829Z",214403,"/data/local-files/?d=/share/ju/nexar_data/training_datasets/street_flooding/all_no_letterboxing/nlbx_f643954b6daa2fcb50c23243d6567e4b.jpg",2.729,"2026-01-23T20:50:51.842850Z"
34574,"4","Flooded","2026-01-23T20:43:19.562126Z",214404,"/data/local-files/?d=/share/ju/nexar_data/training_datasets/street_flooding/all_no_letterboxing/nlbx_3aea77e43401564d342713bee3c5ea62.jpg",2.565,"2026-01-23T20:43:19.562140Z"
34652,"4","Flooded","2026-01-23T20:47:29.086699Z",214405,"/data/local-files/?d=/share/ju/nexar_data/training_datasets/street_flooding/all_no_letterboxing/nlbx_42c11263b086adae35d9ed678b32b828.jpg",2.437,"2026-01-23T20:47:29.086721Z"
34920,"4","Flooded","2026-01-23T21:01:43.455562Z",214406,"/data/local-files/?d=/share/ju/nexar_data/training_datasets/street_flooding/all_no_letterboxing/nlbx_47ef0dac2508b98b2056291ecdcc33b2.jpg",6.029,"2026-01-23T21:01:51.086606Z"
34538,"4","Flooded","2026-01-23T20:16:37.199708Z",214407,"/data/local-files/?d=/share/ju/nexar_data/training_datasets/street_flooding/all_no_letterboxing/nlbx_5069f2a380083ba96562617fcf4fe508.jpg",8.365,"2026-01-23T20:16:37.199729Z"
34917,"4","Flooded","2026-01-23T21:01:35.124142Z",214408,"/data/local-files/?d=/share/ju/nexar_data/training_datasets/street_flooding/all_no_letterboxing/nlbx_a27efea23dedc301c0c37f0594105dd7.jpg",2.223,"2026-01-23T21:01:35.124164Z"
34766,"4","Not Flooded","2026-01-23T20:53:05.956758Z",214409,"/data/local-files/?d=/share/ju/nexar_data/training_datasets/street_flooding/all_no_letterboxing/nlbx_c2b2556f1909c1c29ff5160858c4f660.jpg",1.963,"2026-01-23T20:53:05.956771Z"
34915,"4","Flooded","2026-01-23T21:01:29.444516Z",214410,"/data/local-files/?d=/share/ju/nexar_data/training_datasets/street_flooding/all_no_letterboxing/nlbx_78d19b6937d917a4293bbbd0718eaef8.jpg",2.275,"2026-01-23T21:01:29.444530Z"
34880,"4","Flooded","2026-01-23T20:59:38.639079Z",214411,"/data/local-files/?d=/share/ju/nexar_data/training_datasets/street_flooding/all_no_letterboxing/nlbx_bcabb35e87b41618849c68a858266e25.jpg",2.008,"2026-01-23T20:59:38.639113Z"
34730,"4","Flooded","2026-01-23T20:51:15.166639Z",214412,"/data/local-files/?d=/share/ju/nexar_data/training_datasets/street_flooding/all_no_letterboxing/nlbx_a3d5973f1d763928b7863a678b7c6b2c.jpg",2.28,"2026-01-23T20:51:15.166659Z"
34937,"4","Flooded","2026-01-23T21:03:05.187623Z",214413,"/data/local-files/?d=/share/ju/nexar_data/training_datasets/street_flooding/all_no_letterboxing/nlbx_f3e9d0daddf827e780e511534e7caf2f.jpg",5.55,"2026-01-23T21:03:05.187645Z"
34854,"4","Not Flooded","2026-01-23T20:57:55.932171Z",214414,"/data/local-files/?d=/share/ju/nexar_data/training_datasets/street_flooding/all_no_letterboxing/nlbx_036e1c6e48888dc54fe1c0d2808a285a.jpg",2.043,"2026-01-23T20:57:55.932192Z"
34629,"4","Flooded","2026-01-23T20:46:14.686436Z",214415,"/data/local-files/?d=/share/ju/nexar_data/training_datasets/street_flooding/all_no_letterboxing/nlbx_06cd3fefd8e78779d508e07ef27b70fb.jpg",2.419,"2026-01-23T20:46:14.686457Z"
34594,"4","Not Flooded","2026-01-23T20:44:30.056649Z",214416,"/data/local-files/?d=/share/ju/nexar_data/training_datasets/street_flooding/all_no_letterboxing/nlbx_aa12a9d70a3a57ca5fffa7cfe07c44b3.jpg",3.995,"2026-01-23T20:44:30.056671Z"
34549,"4","Flooded","2026-01-23T20:17:20.712143Z",214417,"/data/local-files/?d=/share/ju/nexar_data/training_datasets/street_flooding/all_no_letterboxing/nlbx_38cd44a291a27a4fb286c4aa58531aa5.jpg",3.681,"2026-01-23T20:17:20.712163Z"
34619,"4","Flooded","2026-01-23T20:45:47.235563Z",214418,"/data/local-files/?d=/share/ju/nexar_data/training_datasets/street_flooding/all_no_letterboxing/nlbx_185f6b71ae7fe0bda61b41f322fbe9a9.jpg",3.005,"2026-01-23T20:45:47.235584Z"
34894,"4","Not Flooded","2026-01-23T21:00:25.294176Z",214419,"/data/local-files/?d=/share/ju/nexar_data/training_datasets/street_flooding/all_no_letterboxing/nlbx_75a87a892780b66ab95c41b6380b53ee.jpg",2.096,"2026-01-23T21:00:25.294190Z"
34596,"4","Not Flooded","2026-01-23T20:44:35.895503Z",214420,"/data/local-files/?d=/share/ju/nexar_data/training_datasets/street_flooding/all_no_letterboxing/nlbx_c05d7fa94bad8ab13a8dd2f5410b84d4.jpg",2.674,"2026-01-23T20:44:35.895529Z"
34552,"4","Flooded","2026-01-23T20:17:30.288783Z",214421,"/data/local-files/?d=/share/ju/nexar_data/training_datasets/street_flooding/all_no_letterboxing/nlbx_0321cea2aba1e0031aad262982fd6bee.jpg",2.463,"2026-01-23T20:17:30.288805Z"
34821,"4","Flooded","2026-01-23T20:56:04.454120Z",214422,"/data/local-files/?d=/share/ju/nexar_data/training_datasets/street_flooding/all_no_letterboxing/nlbx_7b804f9450eb3da22d42eac235be2181.jpg",2.188,"2026-01-23T20:56:04.454143Z"
34573,"4","Flooded","2026-01-23T20:43:16.479501Z",214423,"/data/local-files/?d=/share/ju/nexar_data/training_datasets/street_flooding/all_no_letterboxing/nlbx_af63286ebb52426b0bd35a87c137ecd3.jpg",4.516,"2026-01-23T20:43:16.479523Z"
34676,"4","Flooded","2026-01-23T20:48:42.027208Z",214424,"/data/local-files/?d=/share/ju/nexar_data/training_datasets/street_flooding/all_no_letterboxing/nlbx_e876546f7d705d32794a7f6e77ab07bc.jpg",2.065,"2026-01-23T20:48:42.027230Z"
34870,"4","Flooded","2026-01-23T20:59:07.131323Z",214425,"/data/local-files/?d=/share/ju/nexar_data/training_datasets/street_flooding/all_no_letterboxing/nlbx_40b8cda1fb3754b64f2777cc903c031e.jpg",2.282,"2026-01-23T20:59:07.131336Z"
34701,"4","Flooded","2026-01-23T20:49:55.332175Z",214426,"/data/local-files/?d=/share/ju/nexar_data/training_datasets/street_flooding/all_no_letterboxing/nlbx_c33f523ae0d76a0fa320f529d0234c63.jpg",2.032,"2026-01-23T20:49:55.332197Z"
34507,"4","Not Flooded","2026-01-23T20:14:04.551465Z",214427,"/data/local-files/?d=/share/ju/nexar_data/training_datasets/street_flooding/all_no_letterboxing/nlbx_379403749e205675366b13a832950d08.jpg",3.635,"2026-01-23T20:14:04.551478Z"
34582,"4","Flooded","2026-01-23T20:43:46.461957Z",214428,"/data/local-files/?d=/share/ju/nexar_data/training_datasets/street_flooding/all_no_letterboxing/nlbx_949e15b3fcfd4e10b42128f79351e282.jpg",3.523,"2026-01-23T20:43:46.461973Z"
34535,"4","Flooded","2026-01-23T20:16:21.098561Z",214429,"/data/local-files/?d=/share/ju/nexar_data/training_datasets/street_flooding/all_no_letterboxing/nlbx_c12f2d4cd51208d0426f5681d5950a3b.jpg",2.931,"2026-01-23T20:16:21.098574Z"
34699,"4","Flooded","2026-01-23T20:49:50.090892Z",214430,"/data/local-files/?d=/share/ju/nexar_data/training_datasets/street_flooding/all_no_letterboxing/nlbx_e9b9734f1b3d1b5782aefb6359914bed.jpg",2.161,"2026-01-23T20:49:50.090905Z"
34804,"4","Flooded","2026-01-23T20:55:10.470930Z",214431,"/data/local-files/?d=/share/ju/nexar_data/training_datasets/street_flooding/all_no_letterboxing/nlbx_ab332905c35ef7fb270d3f1c15e79789.jpg",2.523,"2026-01-23T20:55:10.470952Z"
34837,"4","Flooded","2026-01-23T20:57:02.182986Z",214432,"/data/local-files/?d=/share/ju/nexar_data/training_datasets/street_flooding/all_no_letterboxing/nlbx_8c19a243fcf27dc72b918af69ed1f73e.jpg",2.16,"2026-01-23T20:57:02.183007Z"
34529,"4","Not Flooded","2026-01-23T20:15:51.495653Z",214433,"/data/local-files/?d=/share/ju/nexar_data/training_datasets/street_flooding/all_no_letterboxing/nlbx_68fc52812767a373157a4328a9f4529d.jpg",25.879,"2026-01-23T20:15:51.495675Z"
34515,"4","Not Flooded","2026-01-23T20:14:34.134942Z",214434,"/data/local-files/?d=/share/ju/nexar_data/training_datasets/street_flooding/all_no_letterboxing/nlbx_a429eb4e5125296955302923abc28a52.jpg",4.459,"2026-01-23T20:14:34.134964Z"
34656,"4","Not Flooded","2026-01-23T20:47:42.864008Z",214435,"/data/local-files/?d=/share/ju/nexar_data/training_datasets/street_flooding/all_no_letterboxing/nlbx_ba44dac13d1f2af756adea0607ae0461.jpg",4.913,"2026-01-23T20:47:42.864034Z"
34468,"4","Flooded","2026-01-23T20:10:20.596307Z",214436,"/data/local-files/?d=/share/ju/nexar_data/training_datasets/street_flooding/all_no_letterboxing/nlbx_bb98fff39931f405e802e3b3a5c2790e.jpg",3.781,"2026-01-23T20:10:20.596328Z"
34751,"4","Not Flooded","2026-01-23T20:52:16.217860Z",214437,"/data/local-files/?d=/share/ju/nexar_data/training_datasets/street_flooding/all_no_letterboxing/nlbx_093be246490f42d826ea8bf37cf07802.jpg",1.952,"2026-01-23T20:52:16.217881Z"
34541,"4","Flooded","2026-01-23T20:16:47.894342Z",214438,"/data/local-files/?d=/share/ju/nexar_data/training_datasets/street_flooding/all_no_letterboxing/nlbx_a0479b1e678a84d7cd7500980346d33f.jpg",2.78,"2026-01-23T20:16:47.894357Z"
34717,"4","Not Flooded","2026-01-23T20:50:38.149372Z",214439,"/data/local-files/?d=/share/ju/nexar_data/training_datasets/street_flooding/all_no_letterboxing/nlbx_7746cd20bf946e14f61347adae0f3f1a.jpg",1.992,"2026-01-23T20:50:38.149394Z"
34706,"4","Flooded","2026-01-23T20:50:09.004353Z",214440,"/data/local-files/?d=/share/ju/nexar_data/training_datasets/street_flooding/all_no_letterboxing/nlbx_3dbdce464b4bb7fdafe7f47f9683be1b.jpg",1.993,"2026-01-23T20:50:09.004366Z"
34679,"4","Flooded","2026-01-23T20:48:50.473742Z",214441,"/data/local-files/?d=/share/ju/nexar_data/training_datasets/street_flooding/all_no_letterboxing/nlbx_f641aff197c95bf7ddf4d579745e6194.jpg",2.209,"2026-01-23T20:48:50.473764Z"
34838,"4","Flooded","2026-01-23T20:57:05.204879Z",214442,"/data/local-files/?d=/share/ju/nexar_data/training_datasets/street_flooding/all_no_letterboxing/nlbx_ebbeebaf4305970f9fd387311f312dc3.jpg",2.378,"2026-01-23T20:57:05.204901Z"
34542,"4","Not Flooded","2026-01-23T20:16:52.271041Z",214443,"/data/local-files/?d=/share/ju/nexar_data/training_datasets/street_flooding/all_no_letterboxing/nlbx_13014a60cd722d320ea773651118c7ae.jpg",14.344999999999999,"2026-01-23T20:42:13.349866Z"
34648,"4","Not Flooded","2026-01-23T20:47:15.204310Z",214444,"/data/local-files/?d=/share/ju/nexar_data/training_datasets/street_flooding/all_no_letterboxing/nlbx_f36df11979fb27f2f1073b13dd8f530a.jpg",5.491,"2026-01-23T20:47:15.204334Z"
34884,"4","Flooded","2026-01-23T20:59:51.596221Z",214445,"/data/local-files/?d=/share/ju/nexar_data/training_datasets/street_flooding/all_no_letterboxing/nlbx_fefcf1ae249820b17ea9c1e7687fef89.jpg",2.01,"2026-01-23T20:59:51.596243Z"
34653,"4","Flooded","2026-01-23T20:47:31.761596Z",214446,"/data/local-files/?d=/share/ju/nexar_data/training_datasets/street_flooding/all_no_letterboxing/nlbx_c75ded31c4c163c396b55645b8de4645.jpg",2.162,"2026-01-23T20:47:31.761608Z"
34784,"4","Not Flooded","2026-01-23T20:54:03.228939Z",214447,"/data/local-files/?d=/share/ju/nexar_data/training_datasets/street_flooding/all_no_letterboxing/nlbx_49548c1e96cc893841ecc77ad88e97c9.jpg",1.992,"2026-01-23T20:54:03.228952Z"
34844,"4","Flooded","2026-01-23T20:57:24.723014Z",214448,"/data/local-files/?d=/share/ju/nexar_data/training_datasets/street_flooding/all_no_letterboxing/nlbx_bd925c501da7c89dd30128257a5a3929.jpg",3.737,"2026-01-23T20:57:24.723027Z"
34639,"4","Flooded","2026-01-23T20:46:44.829399Z",214449,"/data/local-files/?d=/share/ju/nexar_data/training_datasets/street_flooding/all_no_letterboxing/nlbx_0189f86ae51360f4f2944f5cbc524496.jpg",2.125,"2026-01-23T20:46:44.829420Z"
34824,"4","Flooded","2026-01-23T20:56:18.876380Z",214450,"/data/local-files/?d=/share/ju/nexar_data/training_datasets/street_flooding/all_no_letterboxing/nlbx_d81f3baa43d670e92b7c06706f7c025b.jpg",2.96,"2026-01-23T20:56:18.876402Z"
34754,"4","Not Flooded","2026-01-23T20:52:26.580438Z",214451,"/data/local-files/?d=/share/ju/nexar_data/training_datasets/street_flooding/all_no_letterboxing/nlbx_4a423cf7581ee89b98a83e8650fe8059.jpg",3.395,"2026-01-23T20:52:26.580459Z"
34873,"4","Flooded","2026-01-23T20:59:16.586854Z",214452,"/data/local-files/?d=/share/ju/nexar_data/training_datasets/street_flooding/all_no_letterboxing/nlbx_5bdac20c7c36685e7674ccfd5b0e2276.jpg",2.625,"2026-01-23T20:59:16.586880Z"
34716,"4","Not Flooded","2026-01-23T20:50:35.510139Z",214453,"/data/local-files/?d=/share/ju/nexar_data/training_datasets/street_flooding/all_no_letterboxing/nlbx_acc0e1bbcec7fe0a46b35ac48eb4cad3.jpg",2.015,"2026-01-23T20:50:35.510152Z"
34914,"4","Flooded","2026-01-23T21:01:26.485694Z",214454,"/data/local-files/?d=/share/ju/nexar_data/training_datasets/street_flooding/all_no_letterboxing/nlbx_8ece5bb5f066252db10bfab03790b11b.jpg",2.459,"2026-01-23T21:01:26.485706Z"
34774,"4","Not Flooded","2026-01-23T20:53:29.383851Z",214455,"/data/local-files/?d=/share/ju/nexar_data/training_datasets/street_flooding/all_no_letterboxing/nlbx_3f5403231cad3b0c4cfc63171783fa03.jpg",2.159,"2026-01-23T20:53:29.383872Z"
34555,"4","Flooded","2026-01-23T20:17:40.881879Z",214456,"/data/local-files/?d=/share/ju/nexar_data/training_datasets/street_flooding/all_no_letterboxing/nlbx_3f1f49f5478932cac5475dead3af64ad.jpg",2.547,"2026-01-23T20:17:40.881900Z"
34509,"4","Flooded","2026-01-23T20:14:12.547543Z",214457,"/data/local-files/?d=/share/ju/nexar_data/training_datasets/street_flooding/all_no_letterboxing/nlbx_35efc636368f49eb663a28bd85d65bbd.jpg",2.877,"2026-01-23T20:14:12.547564Z"
34525,"4","Flooded","2026-01-23T20:15:12.852310Z",214458,"/data/local-files/?d=/share/ju/nexar_data/training_datasets/street_flooding/all_no_letterboxing/nlbx_217610c5a3a72d4101f23f8b6447e1a8.jpg",3.122,"2026-01-23T20:15:12.852331Z"
34831,"4","Flooded","2026-01-23T20:56:43.876922Z",214459,"/data/local-files/?d=/share/ju/nexar_data/training_datasets/street_flooding/all_no_letterboxing/nlbx_0595226bb813f1a6d1e1fff2d5e22639.jpg",2.736,"2026-01-23T20:56:43.876944Z"
34785,"4","Not Flooded","2026-01-23T20:54:05.971237Z",214460,"/data/local-files/?d=/share/ju/nexar_data/training_datasets/street_flooding/all_no_letterboxing/nlbx_6904685d24396e1741ab02e932441a8e.jpg",2.192,"2026-01-23T20:54:05.971258Z"
34916,"4","Not Flooded","2026-01-23T21:01:32.162791Z",214461,"/data/local-files/?d=/share/ju/nexar_data/training_datasets/street_flooding/all_no_letterboxing/nlbx_93d2425caea5ee99491f54825517d580.jpg",2.02,"2026-01-23T21:01:32.162812Z"
34522,"4","Flooded","2026-01-23T20:14:59.416492Z",214462,"/data/local-files/?d=/share/ju/nexar_data/training_datasets/street_flooding/all_no_letterboxing/nlbx_520c5fcb760facc819409dd3593e9759.jpg",2.884,"2026-01-23T20:14:59.416514Z"
34484,"4","Not Flooded","2026-01-23T20:12:20.601555Z",214463,"/data/local-files/?d=/share/ju/nexar_data/training_datasets/street_flooding/all_no_letterboxing/nlbx_47cb8830a8282486b0c87f18611c7db8.jpg",3.204,"2026-01-23T20:12:20.601576Z"
34631,"4","Not Flooded","2026-01-23T20:46:21.579068Z",214464,"/data/local-files/?d=/share/ju/nexar_data/training_datasets/street_flooding/all_no_letterboxing/nlbx_1ce9917f685ef353686816d8992fdd22.jpg",2.747,"2026-01-23T20:46:21.579104Z"
34848,"4","Not Flooded","2026-01-23T20:57:36.294740Z",214465,"/data/local-files/?d=/share/ju/nexar_data/training_datasets/street_flooding/all_no_letterboxing/nlbx_58eae1615c81e0482d8a6d38577d167b.jpg",3.361,"2026-01-23T20:57:36.294753Z"
34783,"4","Flooded","2026-01-23T20:54:00.621507Z",214466,"/data/local-files/?d=/share/ju/nexar_data/training_datasets/street_flooding/all_no_letterboxing/nlbx_81331e8ce7de08c4f059186fc2150d53.jpg",2.356,"2026-01-23T20:54:00.621529Z"
34934,"4","Flooded","2026-01-23T21:02:51.724737Z",214467,"/data/local-files/?d=/share/ju/nexar_data/training_datasets/street_flooding/all_no_letterboxing/nlbx_1e2b50bb2aa62579fcacfffc767e8c71.jpg",2.874,"2026-01-23T21:02:51.724763Z"
34583,"4","Flooded","2026-01-23T20:43:50.154770Z",214468,"/data/local-files/?d=/share/ju/nexar_data/training_datasets/street_flooding/all_no_letterboxing/nlbx_8481e1d2dcc9555040a58a6dc1b949da.jpg",3.197,"2026-01-23T20:43:50.154787Z"
34688,"4","Not Flooded","2026-01-23T20:49:17.247289Z",214469,"/data/local-files/?d=/share/ju/nexar_data/training_datasets/street_flooding/all_no_letterboxing/nlbx_3c9eb81adc5c839a8ba47eea92ba1102.jpg",2.92,"2026-01-23T20:49:17.247302Z"
34640,"4","Flooded","2026-01-23T20:46:47.301926Z",214470,"/data/local-files/?d=/share/ju/nexar_data/training_datasets/street_flooding/all_no_letterboxing/nlbx_df203f9f70b05d88461eec7119bf5d41.jpg",1.992,"2026-01-23T20:46:47.301939Z"
34742,"4","Flooded","2026-01-23T20:51:50.788017Z",214471,"/data/local-files/?d=/share/ju/nexar_data/training_datasets/street_flooding/all_no_letterboxing/nlbx_bf79e18a1ed7255008eb87ca60721b60.jpg",2.221,"2026-01-23T20:51:50.788038Z"
34599,"4","Not Flooded","2026-01-23T20:44:45.086730Z",214472,"/data/local-files/?d=/share/ju/nexar_data/training_datasets/street_flooding/all_no_letterboxing/nlbx_886e2cc1959d9d43d19596cfd72dfc37.jpg",2.529,"2026-01-23T20:44:45.086743Z"
34563,"4","Flooded","2026-01-23T20:42:41.716736Z",214473,"/data/local-files/?d=/share/ju/nexar_data/training_datasets/street_flooding/all_no_letterboxing/nlbx_fd91667a7686c8473ad191400481f838.jpg",6.757,"2026-01-23T20:42:41.716757Z"
34546,"4","Flooded","2026-01-23T20:17:09.080263Z",214474,"/data/local-files/?d=/share/ju/nexar_data/training_datasets/street_flooding/all_no_letterboxing/nlbx_e78771f5a2c142ce168c88c806e52695.jpg",3.169,"2026-01-23T20:17:09.080275Z"
34514,"4","Not Flooded","2026-01-23T20:14:28.968346Z",214475,"/data/local-files/?d=/share/ju/nexar_data/training_datasets/street_flooding/all_no_letterboxing/nlbx_4d89242b14fdf2ad6b6f86b074183739.jpg",2.553,"2026-01-23T20:14:28.968358Z"
