"annotation_id","annotator","choice","created_at","id","image","lead_time","updated_at"
36601,"1","Not Flooded","2026-04-06T16:37:20.879994Z",215690,"/data/local-files/?d=/share/ju/nexar_data/training_datasets/street_flooding/all_no_letterboxing/nlbx_ccaafd467c010e108c1524696f94a7da.jpg",0.761,"2026-04-06T16:37:20.880018Z"
36549,"1","Not Flooded","2026-04-06T16:36:07.035638Z",215691,"/data/local-files/?d=/share/ju/nexar_data/training_datasets/street_flooding/all_no_letterboxing/nlbx_e4515596227938b68a46e22b426e24c0.jpg",0.702,"2026-04-06T16:36:07.035661Z"
36543,"1","Not Flooded","2026-04-06T16:35:58.818187Z",215692,"/data/local-files/?d=/share/ju/nexar_data/training_datasets/street_flooding/all_no_letterboxing/nlbx_c3f86eeb8ecef9446cf0e1e2d9202dfd.jpg",0.903,"2026-04-06T16:35:58.818200Z"
36620,"1","Not Flooded","2026-04-06T16:37:44.879977Z",215693,"/data/local-files/?d=/share/ju/nexar_data/training_datasets/street_flooding/all_no_letterboxing/nlbx_69f2091b78d0027a431b00e6c613aa9a.jpg",0.865,"2026-04-06T16:37:44.880005Z"
36224,"1","Not Flooded","2026-04-06T13:13:56.691745Z",215694,"/data/local-files/?d=/share/ju/nexar_data/training_datasets/street_flooding/all_no_letterboxing/nlbx_1884de26f0f465910b0e11528c3405df.jpg",0.883,"2026-04-06T13:13:56.691759Z"
36346,"1","Not Flooded","2026-04-06T16:30:45.116263Z",215695,"/data/local-files/?d=/share/ju/nexar_data/training_datasets/street_flooding/all_no_letterboxing/nlbx_80dcb553b39dd174cd211a8f26c49b43.jpg",0.775,"2026-04-06T16:30:45.116284Z"
36178,"1","Not Flooded","2026-04-06T13:11:42.191235Z",215696,"/data/local-files/?d=/share/ju/nexar_data/training_datasets/street_flooding/all_no_letterboxing/nlbx_f1c1f5c0ff118e1fd43329d9c07d80f6.jpg",1.164,"2026-04-06T13:11:42.191257Z"
36184,"1","Not Flooded","2026-04-06T13:11:57.468565Z",215697,"/data/local-files/?d=/share/ju/nexar_data/training_datasets/street_flooding/all_no_letterboxing/nlbx_8e46232473984a9f4cda1b0ae691b3dd.jpg",2.593,"2026-04-06T13:11:57.468592Z"
36369,"1","Not Flooded","2026-04-06T16:31:19.833718Z",215698,"/data/local-files/?d=/share/ju/nexar_data/training_datasets/street_flooding/all_no_letterboxing/nlbx_6f35f5883ba438753cd359bc62710732.jpg",0.912,"2026-04-06T16:31:19.833731Z"
36267,"1","Not Flooded","2026-04-06T13:15:18.700116Z",215699,"/data/local-files/?d=/share/ju/nexar_data/training_datasets/street_flooding/all_no_letterboxing/nlbx_be60f02d897dc9ddced7792953d8aff3.jpg",0.973,"2026-04-06T13:15:18.700146Z"
36234,"1","Not Flooded","2026-04-06T13:14:13.477292Z",215700,"/data/local-files/?d=/share/ju/nexar_data/training_datasets/street_flooding/all_no_letterboxing/nlbx_0b3f34b519117d4a10f8f81f1c79acc7.jpg",1.166,"2026-04-06T13:14:13.477306Z"
36316,"1","Not Flooded","2026-04-06T13:21:29.880382Z",215701,"/data/local-files/?d=/share/ju/nexar_data/training_datasets/street_flooding/all_no_letterboxing/nlbx_bdb2be2d0d491606bfe0da38029dd843.jpg",0.769,"2026-04-06T13:21:29.880394Z"
36311,"1","Not Flooded","2026-04-06T13:21:20.869507Z",215702,"/data/local-files/?d=/share/ju/nexar_data/training_datasets/street_flooding/all_no_letterboxing/nlbx_bb2c3c755091d708c3dc7c86c65606f9.jpg",1.211,"2026-04-06T13:21:20.869523Z"
36588,"1","Not Flooded","2026-04-06T16:37:02.051924Z",215703,"/data/local-files/?d=/share/ju/nexar_data/training_datasets/street_flooding/all_no_letterboxing/nlbx_237aad4bfe744219e93f077f168f546e.jpg",0.843,"2026-04-06T16:37:02.051946Z"
36255,"1","Not Flooded","2026-04-06T13:14:53.185051Z",215704,"/data/local-files/?d=/share/ju/nexar_data/training_datasets/street_flooding/all_no_letterboxing/nlbx_b75463d63745abd588ea4c605a0abe9b.jpg",0.886,"2026-04-06T13:14:53.185071Z"
36282,"1","Not Flooded","2026-04-06T13:15:42.156110Z",215705,"/data/local-files/?d=/share/ju/nexar_data/training_datasets/street_flooding/all_no_letterboxing/nlbx_3ef49aa2fdabda10a2d6dbb6558106a3.jpg",0.923,"2026-04-06T13:15:42.156139Z"
36363,"1","Not Flooded","2026-04-06T16:31:09.339897Z",215706,"/data/local-files/?d=/share/ju/nexar_data/training_datasets/street_flooding/all_no_letterboxing/nlbx_5f166836b72fd5cb2ba8febfa8214f0b.jpg",0.771,"2026-04-06T16:31:09.339918Z"
36494,"1","Not Flooded","2026-04-06T16:34:53.635334Z",215707,"/data/local-files/?d=/share/ju/nexar_data/training_datasets/street_flooding/all_no_letterboxing/nlbx_54d370e48f7f2470ea346a8afa99be1b.jpg",0.938,"2026-04-06T16:34:53.635357Z"
36432,"1","Not Flooded","2026-04-06T16:33:11.383935Z",215708,"/data/local-files/?d=/share/ju/nexar_data/training_datasets/street_flooding/all_no_letterboxing/nlbx_a9cd33324ac0974023052b964d2f8b68.jpg",0.743,"2026-04-06T16:33:11.383957Z"
36305,"1","Not Flooded","2026-04-06T13:21:12.889584Z",215709,"/data/local-files/?d=/share/ju/nexar_data/training_datasets/street_flooding/all_no_letterboxing/nlbx_819849e663518aaae835b1e4707a1af1.jpg",1.037,"2026-04-06T13:21:12.889597Z"
36219,"1","Not Flooded","2026-04-06T13:13:48.973737Z",215710,"/data/local-files/?d=/share/ju/nexar_data/training_datasets/street_flooding/all_no_letterboxing/nlbx_47a6af70f54ebeed0dc61e54e44b0080.jpg",4.476,"2026-04-06T13:13:48.973750Z"
36485,"1","Not Flooded","2026-04-06T16:34:39.864534Z",215711,"/data/local-files/?d=/share/ju/nexar_data/training_datasets/street_flooding/all_no_letterboxing/nlbx_63058f19cb4b51165b2938daa93b28c9.jpg",1.398,"2026-04-06T16:34:39.864556Z"
36381,"1","Not Flooded","2026-04-06T16:31:54.238189Z",215712,"/data/local-files/?d=/share/ju/nexar_data/training_datasets/street_flooding/all_no_letterboxing/nlbx_abf0734c99ac52274e975b8d1b931382.jpg",0.687,"2026-04-06T16:31:54.238216Z"
36278,"1","Not Flooded","2026-04-06T13:15:35.777027Z",215713,"/data/local-files/?d=/share/ju/nexar_data/training_datasets/street_flooding/all_no_letterboxing/nlbx_fc0dd02fa4eaa78ccbd5379c8464d0a6.jpg",1.547,"2026-04-06T13:15:35.777048Z"
36454,"1","Not Flooded","2026-04-06T16:33:41.494480Z",215714,"/data/local-files/?d=/share/ju/nexar_data/training_datasets/street_flooding/all_no_letterboxing/nlbx_dc0c3a013cab2eb287f40eed25b9fe06.jpg",1.063,"2026-04-06T16:33:41.494502Z"
36290,"1","Not Flooded","2026-04-06T13:15:53.885101Z",215715,"/data/local-files/?d=/share/ju/nexar_data/training_datasets/street_flooding/all_no_letterboxing/nlbx_2eb7d4f8a05744106e128b39494e434c.jpg",1.762,"2026-04-06T13:15:53.885136Z"
36254,"1","Not Flooded","2026-04-06T13:14:51.971201Z",215716,"/data/local-files/?d=/share/ju/nexar_data/training_datasets/street_flooding/all_no_letterboxing/nlbx_d02f634e0932882381ce5506860c63de.jpg",0.961,"2026-04-06T13:14:51.971232Z"
36361,"1","Not Flooded","2026-04-06T16:31:07.053995Z",215717,"/data/local-files/?d=/share/ju/nexar_data/training_datasets/street_flooding/all_no_letterboxing/nlbx_3e51732c49c80c493cc6d292b55614c4.jpg",0.884,"2026-04-06T16:31:07.054024Z"
36395,"1","Not Flooded","2026-04-06T16:32:15.236572Z",215718,"/data/local-files/?d=/share/ju/nexar_data/training_datasets/street_flooding/all_no_letterboxing/nlbx_0bab426861579e03fc59508b39b797eb.jpg",0.887,"2026-04-06T16:32:15.236585Z"
36540,"1","Not Flooded","2026-04-06T16:35:55.121686Z",215719,"/data/local-files/?d=/share/ju/nexar_data/training_datasets/street_flooding/all_no_letterboxing/nlbx_e8cd6b128b6ed375dd83ea1d4f868f69.jpg",0.764,"2026-04-06T16:35:55.121707Z"
36360,"1","Not Flooded","2026-04-06T16:31:05.878145Z",215720,"/data/local-files/?d=/share/ju/nexar_data/training_datasets/street_flooding/all_no_letterboxing/nlbx_de5fa40c493016b46f71caecf84d8958.jpg",0.919,"2026-04-06T16:31:05.878158Z"
36499,"1","Not Flooded","2026-04-06T16:34:59.595556Z",215721,"/data/local-files/?d=/share/ju/nexar_data/training_datasets/street_flooding/all_no_letterboxing/nlbx_2b22396d83f0ab19a8dc197cd8eb1096.jpg",0.844,"2026-04-06T16:34:59.595578Z"
36552,"1","Not Flooded","2026-04-06T16:36:11.221188Z",215722,"/data/local-files/?d=/share/ju/nexar_data/training_datasets/street_flooding/all_no_letterboxing/nlbx_aa70837709715d157e349e710abd935c.jpg",0.778,"2026-04-06T16:36:11.221210Z"
36270,"1","Not Flooded","2026-04-06T13:15:23.061453Z",215723,"/data/local-files/?d=/share/ju/nexar_data/training_datasets/street_flooding/all_no_letterboxing/nlbx_c14ed56bdca089f973f3602476f74899.jpg",1.004,"2026-04-06T13:15:23.061486Z"
36230,"1","Flooded","2026-04-06T13:14:07.391610Z",215724,"/data/local-files/?d=/share/ju/nexar_data/training_datasets/street_flooding/all_no_letterboxing/nlbx_3e9e43f4b9f13bbaf6b40978aa6c4fc3.jpg",2.492,"2026-04-06T13:14:07.391622Z"
36431,"1","Not Flooded","2026-04-06T16:33:10.379556Z",215725,"/data/local-files/?d=/share/ju/nexar_data/training_datasets/street_flooding/all_no_letterboxing/nlbx_cd164254482a9d3028a59f9f66a40c79.jpg",0.839,"2026-04-06T16:33:10.379569Z"
36226,"1","Not Flooded","2026-04-06T13:13:59.389744Z",215726,"/data/local-files/?d=/share/ju/nexar_data/training_datasets/street_flooding/all_no_letterboxing/nlbx_5b9e2aec92ea4f6c9ab7fab6cc1a25da.jpg",0.999,"2026-04-06T13:13:59.389765Z"
36572,"1","Not Flooded","2026-04-06T16:36:38.210135Z",215727,"/data/local-files/?d=/share/ju/nexar_data/training_datasets/street_flooding/all_no_letterboxing/nlbx_f8d79fe059864bf4dc948ea58ad5f428.jpg",0.98,"2026-04-06T16:36:38.210149Z"
36489,"1","Not Flooded","2026-04-06T16:34:47.084532Z",215728,"/data/local-files/?d=/share/ju/nexar_data/training_datasets/street_flooding/all_no_letterboxing/nlbx_7a282e1d3492ae2e92592f644d4acdb2.jpg",0.884,"2026-04-06T16:34:47.084566Z"
36629,"1","Not Flooded","2026-04-06T16:37:56.464387Z",215729,"/data/local-files/?d=/share/ju/nexar_data/training_datasets/street_flooding/all_no_letterboxing/nlbx_3e2dc6991d8173d797e32634e9240cb6.jpg",1.154,"2026-04-06T16:37:56.464400Z"
36429,"1","Not Flooded","2026-04-06T16:33:08.207263Z",215730,"/data/local-files/?d=/share/ju/nexar_data/training_datasets/street_flooding/all_no_letterboxing/nlbx_5b53d41dddd286eb9428dc5d5d7a7926.jpg",0.829,"2026-04-06T16:33:08.207286Z"
36250,"1","Not Flooded","2026-04-06T13:14:44.115303Z",215731,"/data/local-files/?d=/share/ju/nexar_data/training_datasets/street_flooding/all_no_letterboxing/nlbx_a5c4b838d2f25c1a8989a37de8073ac6.jpg",1.747,"2026-04-06T13:14:44.115316Z"
36400,"1","Not Flooded","2026-04-06T16:32:21.587033Z",215732,"/data/local-files/?d=/share/ju/nexar_data/training_datasets/street_flooding/all_no_letterboxing/nlbx_f3e598b567976e75899f5b99db8c70dc.jpg",0.845,"2026-04-06T16:32:21.587079Z"
36266,"1","Not Flooded","2026-04-06T13:15:17.133662Z",215733,"/data/local-files/?d=/share/ju/nexar_data/training_datasets/street_flooding/all_no_letterboxing/nlbx_0b1a8e5ed67029afe8fc53368f4c32db.jpg",1.351,"2026-04-06T13:15:17.133683Z"
36575,"1","Not Flooded","2026-04-06T16:36:42.257035Z",215734,"/data/local-files/?d=/share/ju/nexar_data/training_datasets/street_flooding/all_no_letterboxing/nlbx_86750ecefce14e47d225815de165310c.jpg",0.783,"2026-04-06T16:36:42.257057Z"
36438,"1","Not Flooded","2026-04-06T16:33:20.578119Z",215735,"/data/local-files/?d=/share/ju/nexar_data/training_datasets/street_flooding/all_no_letterboxing/nlbx_2f6bd87f2a08965d73894f100ac9877f.jpg",1.183,"2026-04-06T16:33:20.578143Z"
36598,"1","Not Flooded","2026-04-06T16:37:17.571502Z",215736,"/data/local-files/?d=/share/ju/nexar_data/training_datasets/street_flooding/all_no_letterboxing/nlbx_b7b28044fdf03395d9adf26c0d5fa986.jpg",0.833,"2026-04-06T16:37:17.571515Z"
36460,"1","Not Flooded","2026-04-06T16:33:50.076980Z",215737,"/data/local-files/?d=/share/ju/nexar_data/training_datasets/street_flooding/all_no_letterboxing/nlbx_7f3867c668bd30be869b1a1602628cfd.jpg",1.001,"2026-04-06T16:33:50.077004Z"
36389,"1","Not Flooded","2026-04-06T16:32:07.161269Z",215738,"/data/local-files/?d=/share/ju/nexar_data/training_datasets/street_flooding/all_no_letterboxing/nlbx_51ac7e2c7d21b44621cdce5082d53f6b.jpg",1.769,"2026-04-06T16:32:07.161299Z"
36534,"1","Not Flooded","2026-04-06T16:35:47.664203Z",215739,"/data/local-files/?d=/share/ju/nexar_data/training_datasets/street_flooding/all_no_letterboxing/nlbx_64387b1778171a9f070356a771cab95c.jpg",0.816,"2026-04-06T16:35:47.664217Z"
36589,"1","Not Flooded","2026-04-06T16:37:03.377725Z",215740,"/data/local-files/?d=/share/ju/nexar_data/training_datasets/street_flooding/all_no_letterboxing/nlbx_b7271f04c6413a9fa7e1f6c3a6124613.jpg",1.042,"2026-04-06T16:37:03.377747Z"
36408,"1","Not Flooded","2026-04-06T16:32:32.876909Z",215741,"/data/local-files/?d=/share/ju/nexar_data/training_datasets/street_flooding/all_no_letterboxing/nlbx_7586fd265358b14bcbe88d35b3d5d69d.jpg",0.871,"2026-04-06T16:32:32.876924Z"
36238,"1","Not Flooded","2026-04-06T13:14:23.363526Z",215742,"/data/local-files/?d=/share/ju/nexar_data/training_datasets/street_flooding/all_no_letterboxing/nlbx_fe55c764696179af1561833c4e67a1c6.jpg",1.435,"2026-04-06T13:14:23.363538Z"
36490,"1","Not Flooded","2026-04-06T16:34:48.195269Z",215743,"/data/local-files/?d=/share/ju/nexar_data/training_datasets/street_flooding/all_no_letterboxing/nlbx_55781b6e65465c811544dc0391a30719.jpg",0.806,"2026-04-06T16:34:48.195291Z"
36627,"1","Not Flooded","2026-04-06T16:37:53.906984Z",215744,"/data/local-files/?d=/share/ju/nexar_data/training_datasets/street_flooding/all_no_letterboxing/nlbx_9021b6c964d7910e2d18158b66fb5ee1.jpg",0.876,"2026-04-06T16:37:53.907006Z"
36274,"1","Not Flooded","2026-04-06T13:15:29.618903Z",215745,"/data/local-files/?d=/share/ju/nexar_data/training_datasets/street_flooding/all_no_letterboxing/nlbx_8367edebce3e2793e8ceb95733e98301.jpg",1.088,"2026-04-06T13:15:29.618925Z"
36541,"1","Not Flooded","2026-04-06T16:35:56.212959Z",215746,"/data/local-files/?d=/share/ju/nexar_data/training_datasets/street_flooding/all_no_letterboxing/nlbx_dbeb4ad862e9fb51b113115a5c22561d.jpg",0.822,"2026-04-06T16:35:56.212980Z"
36201,"1","Not Flooded","2026-04-06T13:12:37.954647Z",215747,"/data/local-files/?d=/share/ju/nexar_data/training_datasets/street_flooding/all_no_letterboxing/nlbx_227ce598e98d7d70e91d506d185a9858.jpg",1.077,"2026-04-06T13:12:37.954668Z"
36666,"1","Not Flooded","2026-04-06T16:38:51.500145Z",215748,"/data/local-files/?d=/share/ju/nexar_data/training_datasets/street_flooding/all_no_letterboxing/nlbx_e227d1fe5d55a1ee9df4518cf9d05e9b.jpg",0.985,"2026-04-06T16:38:51.500177Z"
36314,"1","Not Flooded","2026-04-06T13:21:27.533820Z",215749,"/data/local-files/?d=/share/ju/nexar_data/training_datasets/street_flooding/all_no_letterboxing/nlbx_072704874c920879a1b8281d3699ee2e.jpg",0.843,"2026-04-06T13:21:27.533833Z"
36271,"1","Not Flooded","2026-04-06T13:15:24.814293Z",215750,"/data/local-files/?d=/share/ju/nexar_data/training_datasets/street_flooding/all_no_letterboxing/nlbx_981ac4b7f85caec346a5cce90b1b61be.jpg",1.424,"2026-04-06T13:15:24.814314Z"
36291,"1","Not Flooded","2026-04-06T13:15:55.318933Z",215751,"/data/local-files/?d=/share/ju/nexar_data/training_datasets/street_flooding/all_no_letterboxing/nlbx_80b41dee900f02ca8e68d55d81d32140.jpg",1.097,"2026-04-06T13:15:55.318954Z"
36607,"1","Not Flooded","2026-04-06T16:37:27.931099Z",215752,"/data/local-files/?d=/share/ju/nexar_data/training_datasets/street_flooding/all_no_letterboxing/nlbx_b9060dc50dbb2ecb9c48706f669b9425.jpg",0.736,"2026-04-06T16:37:27.931113Z"
36209,"1","Not Flooded","2026-04-06T13:13:06.647789Z",215753,"/data/local-files/?d=/share/ju/nexar_data/training_datasets/street_flooding/all_no_letterboxing/nlbx_70eccd5096bcfd62ce41c409706132c9.jpg",2.287,"2026-04-06T13:13:06.647813Z"
36239,"1","Not Flooded","2026-04-06T13:14:25.133688Z",215754,"/data/local-files/?d=/share/ju/nexar_data/training_datasets/street_flooding/all_no_letterboxing/nlbx_a6e8b7aa8619b719fb5ee89a595c3c00.jpg",1.249,"2026-04-06T13:14:25.133701Z"
36653,"1","Not Flooded","2026-04-06T16:38:26.966862Z",215755,"/data/local-files/?d=/share/ju/nexar_data/training_datasets/street_flooding/all_no_letterboxing/nlbx_64a0f0245f9b090a8ad3a5061b700200.jpg",0.875,"2026-04-06T16:38:26.966883Z"
36273,"1","Not Flooded","2026-04-06T13:15:28.198086Z",215756,"/data/local-files/?d=/share/ju/nexar_data/training_datasets/street_flooding/all_no_letterboxing/nlbx_3ebb4231aecd0f7dfcfd59331c1e122a.jpg",1.102,"2026-04-06T13:15:28.198099Z"
36476,"1","Flooded","2026-04-06T16:34:24.188086Z",215757,"/data/local-files/?d=/share/ju/nexar_data/training_datasets/street_flooding/all_no_letterboxing/nlbx_23364bdd85858cb90df4fbee7aca70e0.jpg",5.842,"2026-04-06T16:34:24.188108Z"
36403,"1","Not Flooded","2026-04-06T16:32:25.089264Z",215758,"/data/local-files/?d=/share/ju/nexar_data/training_datasets/street_flooding/all_no_letterboxing/nlbx_5e6366444ea35f479c1b19bd39dd1712.jpg",0.87,"2026-04-06T16:32:25.089286Z"
36183,"1","Not Flooded","2026-04-06T13:11:54.552963Z",215759,"/data/local-files/?d=/share/ju/nexar_data/training_datasets/street_flooding/all_no_letterboxing/nlbx_0d838d89856de333f0d9bc72bb5a2f98.jpg",3.35,"2026-04-06T13:11:54.552986Z"
36527,"1","Not Flooded","2026-04-06T16:35:39.381781Z",215760,"/data/local-files/?d=/share/ju/nexar_data/training_datasets/street_flooding/all_no_letterboxing/nlbx_9a659bb25629da27ea0e0d18ec54efaf.jpg",0.959,"2026-04-06T16:35:39.381803Z"
36444,"1","Not Flooded","2026-04-06T16:33:28.352926Z",215761,"/data/local-files/?d=/share/ju/nexar_data/training_datasets/street_flooding/all_no_letterboxing/nlbx_d42564512ccc1418b5a0e67e1fed4605.jpg",0.811,"2026-04-06T16:33:28.352963Z"
36654,"1","Not Flooded","2026-04-06T16:38:28.136087Z",215762,"/data/local-files/?d=/share/ju/nexar_data/training_datasets/street_flooding/all_no_letterboxing/nlbx_eee2ea526cc764d267133ac3def536ac.jpg",0.854,"2026-04-06T16:38:28.136108Z"
36509,"1","Not Flooded","2026-04-06T16:35:17.248942Z",215763,"/data/local-files/?d=/share/ju/nexar_data/training_datasets/street_flooding/all_no_letterboxing/nlbx_9799bc84c5c54927c6a75906eedd0c40.jpg",0.895,"2026-04-06T16:35:17.248972Z"
36611,"1","Not Flooded","2026-04-06T16:37:33.290160Z",215764,"/data/local-files/?d=/share/ju/nexar_data/training_datasets/street_flooding/all_no_letterboxing/nlbx_1eca7af5ce907443060429428fdd3799.jpg",1.042,"2026-04-06T16:37:33.290182Z"
36555,"1","Not Flooded","2026-04-06T16:36:15.706872Z",215765,"/data/local-files/?d=/share/ju/nexar_data/training_datasets/street_flooding/all_no_letterboxing/nlbx_076d92c3815d9608fc80e0476f00df2b.jpg",1.306,"2026-04-06T16:36:15.706894Z"
36277,"1","Not Flooded","2026-04-06T13:15:33.917696Z",215766,"/data/local-files/?d=/share/ju/nexar_data/training_datasets/street_flooding/all_no_letterboxing/nlbx_8914b3b2894a77ed01ee8f7be8667eed.jpg",1.131,"2026-04-06T13:15:33.917717Z"
36587,"1","Not Flooded","2026-04-06T16:37:00.901179Z",215767,"/data/local-files/?d=/share/ju/nexar_data/training_datasets/street_flooding/all_no_letterboxing/nlbx_f2bd1a72c8a0b0fd0b9763455ad333a4.jpg",1.225,"2026-04-06T16:37:00.901205Z"
36631,"1","Not Flooded","2026-04-06T16:37:58.852214Z",215768,"/data/local-files/?d=/share/ju/nexar_data/training_datasets/street_flooding/all_no_letterboxing/nlbx_5f70945a6147ca235efafb4ac495a05a.jpg",0.859,"2026-04-06T16:37:58.852232Z"
36294,"1","Not Flooded","2026-04-06T13:15:59.335322Z",215769,"/data/local-files/?d=/share/ju/nexar_data/training_datasets/street_flooding/all_no_letterboxing/nlbx_2ee1db15f5a2c82208c3d53308c724f4.jpg",0.87,"2026-04-06T13:15:59.335342Z"
36581,"1","Not Flooded","2026-04-06T16:36:51.984397Z",215770,"/data/local-files/?d=/share/ju/nexar_data/training_datasets/street_flooding/all_no_letterboxing/nlbx_1ab2a411c792243ddf96cfba4b87b1c0.jpg",0.871,"2026-04-06T16:36:51.984419Z"
36676,"1","Not Flooded","2026-04-06T16:39:06.486990Z",215771,"/data/local-files/?d=/share/ju/nexar_data/training_datasets/street_flooding/all_no_letterboxing/nlbx_8d3ec98258aedff8f5a6807718a782fa.jpg",0.77,"2026-04-06T16:39:06.487003Z"
36461,"1","Not Flooded","2026-04-06T16:33:51.180261Z",215772,"/data/local-files/?d=/share/ju/nexar_data/training_datasets/street_flooding/all_no_letterboxing/nlbx_c742c3b76c783c0291dce02643bc3913.jpg",0.799,"2026-04-06T16:33:51.180282Z"
36609,"1","Not Flooded","2026-04-06T16:37:30.800532Z",215773,"/data/local-files/?d=/share/ju/nexar_data/training_datasets/street_flooding/all_no_letterboxing/nlbx_88bbfe9631ce6eda6b06e516de30d11b.jpg",1.296,"2026-04-06T16:37:30.800554Z"
36299,"1","Not Flooded","2026-04-06T13:16:07.044713Z",215774,"/data/local-files/?d=/share/ju/nexar_data/training_datasets/street_flooding/all_no_letterboxing/nlbx_942a21eadb3841fcf043df10b8830cd7.jpg",1.176,"2026-04-06T13:16:07.044734Z"
36567,"1","Not Flooded","2026-04-06T16:36:31.754545Z",215775,"/data/local-files/?d=/share/ju/nexar_data/training_datasets/street_flooding/all_no_letterboxing/nlbx_9a23948d7b5a75c0ff10ee3236edf5a3.jpg",0.811,"2026-04-06T16:36:31.754567Z"
36366,"1","Not Flooded","2026-04-06T16:31:14.047791Z",215776,"/data/local-files/?d=/share/ju/nexar_data/training_datasets/street_flooding/all_no_letterboxing/nlbx_1bc005fc257665024d4043fd1501407d.jpg",0.798,"2026-04-06T16:31:14.047812Z"
36516,"1","Not Flooded","2026-04-06T16:35:25.928036Z",215777,"/data/local-files/?d=/share/ju/nexar_data/training_datasets/street_flooding/all_no_letterboxing/nlbx_40f22db8fe58457894c8c89d0ba8bc4c.jpg",0.838,"2026-04-06T16:35:25.928057Z"
36375,"1","Not Flooded","2026-04-06T16:31:34.038114Z",215778,"/data/local-files/?d=/share/ju/nexar_data/training_datasets/street_flooding/all_no_letterboxing/nlbx_1904802b5c7fd6e2ea739e881ae923b0.jpg",0.806,"2026-04-06T16:31:34.038142Z"
36635,"1","Not Flooded","2026-04-06T16:38:03.746612Z",215779,"/data/local-files/?d=/share/ju/nexar_data/training_datasets/street_flooding/all_no_letterboxing/nlbx_b089160463d1550d2aae71d0a219e531.jpg",0.933,"2026-04-06T16:38:03.746634Z"
36600,"1","Not Flooded","2026-04-06T16:37:19.792173Z",215780,"/data/local-files/?d=/share/ju/nexar_data/training_datasets/street_flooding/all_no_letterboxing/nlbx_21a5fd6103ad6f3dc1faa593c33536dc.jpg",0.746,"2026-04-06T16:37:19.792196Z"
36526,"1","Not Flooded","2026-04-06T16:35:38.122663Z",215781,"/data/local-files/?d=/share/ju/nexar_data/training_datasets/street_flooding/all_no_letterboxing/nlbx_e8c83581ff9c9914bf3693ab067d64bf.jpg",1.043,"2026-04-06T16:35:38.122684Z"
36583,"1","Not Flooded","2026-04-06T16:36:54.743135Z",215782,"/data/local-files/?d=/share/ju/nexar_data/training_datasets/street_flooding/all_no_letterboxing/nlbx_f81b40265b056e46fa82094a6e9250e7.jpg",0.849,"2026-04-06T16:36:54.743158Z"
36463,"1","Not Flooded","2026-04-06T16:33:53.586303Z",215783,"/data/local-files/?d=/share/ju/nexar_data/training_datasets/street_flooding/all_no_letterboxing/nlbx_d36366b360b0debd2369d2d7fabd003c.jpg",0.936,"2026-04-06T16:33:53.586336Z"
36376,"1","Not Flooded","2026-04-06T16:31:35.190498Z",215784,"/data/local-files/?d=/share/ju/nexar_data/training_datasets/street_flooding/all_no_letterboxing/nlbx_88c098bb1e9b0be94c69154f46d7eb5f.jpg",0.841,"2026-04-06T16:31:35.190522Z"
36672,"1","Not Flooded","2026-04-06T16:39:01.925194Z",215785,"/data/local-files/?d=/share/ju/nexar_data/training_datasets/street_flooding/all_no_letterboxing/nlbx_dc3f297185967bcf16a8cb7c97634e19.jpg",0.803,"2026-04-06T16:39:01.925211Z"
36210,"1","Not Flooded","2026-04-06T13:13:08.637407Z",215786,"/data/local-files/?d=/share/ju/nexar_data/training_datasets/street_flooding/all_no_letterboxing/nlbx_34a93f95bb4062a78404fde18d3952ef.jpg",1.666,"2026-04-06T13:13:08.637461Z"
36206,"1","Not Flooded","2026-04-06T13:12:59.651331Z",215787,"/data/local-files/?d=/share/ju/nexar_data/training_datasets/street_flooding/all_no_letterboxing/nlbx_3a07332fac0f1d6b256d1377a0e4af7d.jpg",1.256,"2026-04-06T13:12:59.651352Z"
36445,"1","Not Flooded","2026-04-06T16:33:29.518506Z",215788,"/data/local-files/?d=/share/ju/nexar_data/training_datasets/street_flooding/all_no_letterboxing/nlbx_d4515317d7f420228e430217dd5e898c.jpg",0.893,"2026-04-06T16:33:29.518527Z"
36321,"1","Not Flooded","2026-04-06T16:29:51.905039Z",215789,"/data/local-files/?d=/share/ju/nexar_data/training_datasets/street_flooding/all_no_letterboxing/nlbx_5be1dd317e4dca46b6a13bcde1d67f1d.jpg",1.253,"2026-04-06T16:29:51.905064Z"
36345,"1","Not Flooded","2026-04-06T16:30:44.076960Z",215790,"/data/local-files/?d=/share/ju/nexar_data/training_datasets/street_flooding/all_no_letterboxing/nlbx_0320f09fa6e540a1d4718939d8082b1c.jpg",0.907,"2026-04-06T16:30:44.076981Z"
36300,"1","Not Flooded","2026-04-06T13:16:08.340171Z",215791,"/data/local-files/?d=/share/ju/nexar_data/training_datasets/street_flooding/all_no_letterboxing/nlbx_163500fcb28d75868548e541a8869ce1.jpg",0.963,"2026-04-06T13:16:08.340184Z"
36442,"1","Not Flooded","2026-04-06T16:33:26.066012Z",215792,"/data/local-files/?d=/share/ju/nexar_data/training_datasets/street_flooding/all_no_letterboxing/nlbx_e4cee750fb45528a166bf611ddd75556.jpg",0.868,"2026-04-06T16:33:26.066034Z"
36187,"1","Not Flooded","2026-04-06T13:12:01.826683Z",215793,"/data/local-files/?d=/share/ju/nexar_data/training_datasets/street_flooding/all_no_letterboxing/nlbx_2fdb74c426dd5cf84a1a45d4e3b8e986.jpg",1.007,"2026-04-06T13:12:01.826707Z"
36428,"1","Not Flooded","2026-04-06T16:33:07.101335Z",215794,"/data/local-files/?d=/share/ju/nexar_data/training_datasets/street_flooding/all_no_letterboxing/nlbx_4b576bcc8a05cfee35885e4229b4824e.jpg",0.968,"2026-04-06T16:33:07.101357Z"
36359,"1","Not Flooded","2026-04-06T16:31:04.678265Z",215795,"/data/local-files/?d=/share/ju/nexar_data/training_datasets/street_flooding/all_no_letterboxing/nlbx_db81557d510bae0820b48c8b71af66fe.jpg",0.964,"2026-04-06T16:31:04.678286Z"
36349,"1","Not Flooded","2026-04-06T16:30:49.165583Z",215796,"/data/local-files/?d=/share/ju/nexar_data/training_datasets/street_flooding/all_no_letterboxing/nlbx_548fac035de4c205bb414d2ddc9cfc3a.jpg",1.123,"2026-04-06T16:30:49.165604Z"
36532,"1","Not Flooded","2026-04-06T16:35:45.549467Z",215797,"/data/local-files/?d=/share/ju/nexar_data/training_datasets/street_flooding/all_no_letterboxing/nlbx_e78718c2dd57a64975efbb92d79b06fd.jpg",0.768,"2026-04-06T16:35:45.549489Z"
36188,"1","Not Flooded","2026-04-06T13:12:03.580635Z",215798,"/data/local-files/?d=/share/ju/nexar_data/training_datasets/street_flooding/all_no_letterboxing/nlbx_eaa77e061e06c9143a9704110bb4c6b6.jpg",1.437,"2026-04-06T13:12:03.580659Z"
36203,"1","Not Flooded","2026-04-06T13:12:43.268132Z",215799,"/data/local-files/?d=/share/ju/nexar_data/training_datasets/street_flooding/all_no_letterboxing/nlbx_d7d8fe30c4b4599bbcfe1347c70692ed.jpg",0.901,"2026-04-06T13:12:43.268147Z"
36519,"1","Not Flooded","2026-04-06T16:35:29.814395Z",215800,"/data/local-files/?d=/share/ju/nexar_data/training_datasets/street_flooding/all_no_letterboxing/nlbx_d66b424b0c5e0c65b080c8c3be7ce850.jpg",1.09,"2026-04-06T16:35:29.814418Z"
36386,"1","Not Flooded","2026-04-06T16:32:01.970120Z",215801,"/data/local-files/?d=/share/ju/nexar_data/training_datasets/street_flooding/all_no_letterboxing/nlbx_c3eed55be4d512c0c27a836207b772e3.jpg",1.485,"2026-04-06T16:32:01.970148Z"
36482,"1","Not Flooded","2026-04-06T16:34:35.771647Z",215802,"/data/local-files/?d=/share/ju/nexar_data/training_datasets/street_flooding/all_no_letterboxing/nlbx_41c0f9de71843cf712277f05f4efe007.jpg",3.56,"2026-04-06T16:34:35.771679Z"
36191,"1","Not Flooded","2026-04-06T13:12:16.349763Z",215803,"/data/local-files/?d=/share/ju/nexar_data/training_datasets/street_flooding/all_no_letterboxing/nlbx_8365cf592215015191de2146bc7d5ca2.jpg",1.709,"2026-04-06T13:12:16.349785Z"
36388,"1","Not Flooded","2026-04-06T16:32:05.113058Z",215804,"/data/local-files/?d=/share/ju/nexar_data/training_datasets/street_flooding/all_no_letterboxing/nlbx_5ebdba2db693aeb41bf9a451cb2ae0ed.jpg",1.073,"2026-04-06T16:32:05.113079Z"
36507,"1","Not Flooded","2026-04-06T16:35:14.715967Z",215805,"/data/local-files/?d=/share/ju/nexar_data/training_datasets/street_flooding/all_no_letterboxing/nlbx_2e7820e8d8ab95236f41e6e3d5f09c75.jpg",0.855,"2026-04-06T16:35:14.715999Z"
36338,"1","Not Flooded","2026-04-06T16:30:29.867994Z",215806,"/data/local-files/?d=/share/ju/nexar_data/training_datasets/street_flooding/all_no_letterboxing/nlbx_4b6c754ba79f465bc6c45c3f463dbb65.jpg",0.76,"2026-04-06T16:30:29.868016Z"
36458,"1","Flooded","2026-04-06T16:33:47.130469Z",215807,"/data/local-files/?d=/share/ju/nexar_data/training_datasets/street_flooding/all_no_letterboxing/nlbx_5afcba79bb1f830ba653d7f6855ecb59.jpg",1.66,"2026-04-06T16:33:47.130483Z"
36479,"1","Not Flooded","2026-04-06T16:34:28.831278Z",215808,"/data/local-files/?d=/share/ju/nexar_data/training_datasets/street_flooding/all_no_letterboxing/nlbx_cc50c625255b2ac10e1ac92b00578cf9.jpg",1.105,"2026-04-06T16:34:28.831299Z"
36656,"1","Not Flooded","2026-04-06T16:38:30.771806Z",215809,"/data/local-files/?d=/share/ju/nexar_data/training_datasets/street_flooding/all_no_letterboxing/nlbx_1580ce3ead7e87000c88cc287303a2b9.jpg",1.176,"2026-04-06T16:38:30.771828Z"
36488,"1","Not Flooded","2026-04-06T16:34:45.918778Z",215810,"/data/local-files/?d=/share/ju/nexar_data/training_datasets/street_flooding/all_no_letterboxing/nlbx_b9a2d083c89729a0fd7ff907450087c7.jpg",1.776,"2026-04-06T16:34:45.918799Z"
36197,"1","Not Flooded","2026-04-06T13:12:30.710139Z",215811,"/data/local-files/?d=/share/ju/nexar_data/training_datasets/street_flooding/all_no_letterboxing/nlbx_d361ada55a7437e6947e9bf87b2abeba.jpg",1.258,"2026-04-06T13:12:30.710160Z"
36664,"1","Not Flooded","2026-04-06T16:38:49.094537Z",215812,"/data/local-files/?d=/share/ju/nexar_data/training_datasets/street_flooding/all_no_letterboxing/nlbx_cfcaf67d65dc22f5fa227b357a7e4611.jpg",0.812,"2026-04-06T16:38:49.094564Z"
36244,"1","Not Flooded","2026-04-06T13:14:33.837581Z",215813,"/data/local-files/?d=/share/ju/nexar_data/training_datasets/street_flooding/all_no_letterboxing/nlbx_8c615749eb93de0d7ce04a0c6bf5be1e.jpg",1.382,"2026-04-06T13:14:33.837594Z"
36308,"1","Not Flooded","2026-04-06T13:21:16.845059Z",215814,"/data/local-files/?d=/share/ju/nexar_data/training_datasets/street_flooding/all_no_letterboxing/nlbx_ba9b0f80353c3368dcc0be5d7fad386b.jpg",0.876,"2026-04-06T13:21:16.845081Z"
36439,"1","Not Flooded","2026-04-06T16:33:21.907501Z",215815,"/data/local-files/?d=/share/ju/nexar_data/training_datasets/street_flooding/all_no_letterboxing/nlbx_8aa34ae78e2d26b6d2027c0f61121e29.jpg",1.046,"2026-04-06T16:33:21.907523Z"
36415,"1","Not Flooded","2026-04-06T16:32:48.469372Z",215816,"/data/local-files/?d=/share/ju/nexar_data/training_datasets/street_flooding/all_no_letterboxing/nlbx_8e02a58119a06356e21e084a7e5e821b.jpg",0.857,"2026-04-06T16:32:48.469384Z"
36437,"1","Not Flooded","2026-04-06T16:33:19.100966Z",215817,"/data/local-files/?d=/share/ju/nexar_data/training_datasets/street_flooding/all_no_letterboxing/nlbx_ac6a92b6d5dc466aa6a5581c81b17230.jpg",1.655,"2026-04-06T16:33:19.100978Z"
36602,"1","Not Flooded","2026-04-06T16:37:21.948375Z",215818,"/data/local-files/?d=/share/ju/nexar_data/training_datasets/street_flooding/all_no_letterboxing/nlbx_6dc2163a17b4db796bff95feb4122c27.jpg",0.735,"2026-04-06T16:37:21.948441Z"
36193,"1","Not Flooded","2026-04-06T13:12:21.819184Z",215819,"/data/local-files/?d=/share/ju/nexar_data/training_datasets/street_flooding/all_no_letterboxing/nlbx_c183826de52900fdf96c01b22ceb4f05.jpg",2.864,"2026-04-06T13:12:21.819197Z"
36427,"1","Not Flooded","2026-04-06T16:33:05.855158Z",215820,"/data/local-files/?d=/share/ju/nexar_data/training_datasets/street_flooding/all_no_letterboxing/nlbx_4ff683258b14b03ea5363012c6951a06.jpg",0.73,"2026-04-06T16:33:05.855181Z"
36242,"1","Not Flooded","2026-04-06T13:14:29.997594Z",215821,"/data/local-files/?d=/share/ju/nexar_data/training_datasets/street_flooding/all_no_letterboxing/nlbx_579e8e29510d6613ea16fc90eedc1189.jpg",1.556,"2026-04-06T13:14:29.997607Z"
36333,"1","Not Flooded","2026-04-06T16:30:19.690953Z",215822,"/data/local-files/?d=/share/ju/nexar_data/training_datasets/street_flooding/all_no_letterboxing/nlbx_de67c64d66a77f364f3c0041060ed846.jpg",1.01,"2026-04-06T16:30:19.690975Z"
36207,"1","Not Flooded","2026-04-06T13:13:02.677696Z",215823,"/data/local-files/?d=/share/ju/nexar_data/training_datasets/street_flooding/all_no_letterboxing/nlbx_105d7d9146dfdaeebd726979bfdee30b.jpg",2.719,"2026-04-06T13:13:02.677716Z"
36264,"1","Not Flooded","2026-04-06T13:15:14.030399Z",215824,"/data/local-files/?d=/share/ju/nexar_data/training_datasets/street_flooding/all_no_letterboxing/nlbx_9fcbdd7a41130d4b67ef444e20eac8e9.jpg",1.071,"2026-04-06T13:15:14.030421Z"
36248,"1","Not Flooded","2026-04-06T13:14:40.708706Z",215825,"/data/local-files/?d=/share/ju/nexar_data/training_datasets/street_flooding/all_no_letterboxing/nlbx_cb92fb3c5c2a0c732b3acc8b94864693.jpg",1.887,"2026-04-06T13:14:40.708727Z"
36503,"1","Not Flooded","2026-04-06T16:35:09.877198Z",215826,"/data/local-files/?d=/share/ju/nexar_data/training_datasets/street_flooding/all_no_letterboxing/nlbx_85e78e7cc3857048ccfc50e0ff377980.jpg",6.495,"2026-04-06T16:35:09.877219Z"
36430,"1","Not Flooded","2026-04-06T16:33:09.269862Z",215827,"/data/local-files/?d=/share/ju/nexar_data/training_datasets/street_flooding/all_no_letterboxing/nlbx_8bdaa5d3eb94910a1b54acc2a9e89073.jpg",0.783,"2026-04-06T16:33:09.269893Z"
36317,"1","Not Flooded","2026-04-06T13:21:30.975822Z",215828,"/data/local-files/?d=/share/ju/nexar_data/training_datasets/street_flooding/all_no_letterboxing/nlbx_15433913e1c1424f2538be2e0db93864.jpg",0.8,"2026-04-06T13:21:30.975834Z"
36382,"1","Not Flooded","2026-04-06T16:31:55.802492Z",215829,"/data/local-files/?d=/share/ju/nexar_data/training_datasets/street_flooding/all_no_letterboxing/nlbx_13ddd9863ac0ff5b3cf47b9699a1b9c7.jpg",1.283,"2026-04-06T16:31:55.802515Z"
36265,"1","Not Flooded","2026-04-06T13:15:15.443411Z",215830,"/data/local-files/?d=/share/ju/nexar_data/training_datasets/street_flooding/all_no_letterboxing/nlbx_98f8eab20d872058fd45a227ae663c0b.jpg",1.104,"2026-04-06T13:15:15.443464Z"
36513,"1","Not Flooded","2026-04-06T16:35:22.191208Z",215831,"/data/local-files/?d=/share/ju/nexar_data/training_datasets/street_flooding/all_no_letterboxing/nlbx_2b626faea3308adb043b254d439511fe.jpg",0.806,"2026-04-06T16:35:22.191235Z"
36249,"1","Not Flooded","2026-04-06T13:14:42.068312Z",215832,"/data/local-files/?d=/share/ju/nexar_data/training_datasets/street_flooding/all_no_letterboxing/nlbx_32227972eca9e7182725a2537c6a9be4.jpg",1.041,"2026-04-06T13:14:42.068324Z"
36597,"1","Not Flooded","2026-04-06T16:37:16.414154Z",215833,"/data/local-files/?d=/share/ju/nexar_data/training_datasets/street_flooding/all_no_letterboxing/nlbx_b7925831b5fc5e3132213bfd733136c7.jpg",0.835,"2026-04-06T16:37:16.414175Z"
36339,"1","Not Flooded","2026-04-06T16:30:31.025968Z",215834,"/data/local-files/?d=/share/ju/nexar_data/training_datasets/street_flooding/all_no_letterboxing/nlbx_b2f8cf6f3e05935f0a20d3cd5c3ceea8.jpg",0.838,"2026-04-06T16:30:31.025999Z"
36642,"1","Not Flooded","2026-04-06T16:38:12.420868Z",215835,"/data/local-files/?d=/share/ju/nexar_data/training_datasets/street_flooding/all_no_letterboxing/nlbx_353a9abc4d3ae97ddd48627cc80f0fb5.jpg",0.954,"2026-04-06T16:38:12.420900Z"
36500,"1","Not Flooded","2026-04-06T16:35:00.618163Z",215836,"/data/local-files/?d=/share/ju/nexar_data/training_datasets/street_flooding/all_no_letterboxing/nlbx_08f920b0c71da2e9d99bfd6e72649a55.jpg",0.737,"2026-04-06T16:35:00.618185Z"
36464,"1","Not Flooded","2026-04-06T16:33:54.752214Z",215837,"/data/local-files/?d=/share/ju/nexar_data/training_datasets/street_flooding/all_no_letterboxing/nlbx_2ede224b1bee606a150a4a00562b8d89.jpg",0.785,"2026-04-06T16:33:54.752238Z"
36344,"1","Not Flooded","2026-04-06T16:30:42.890640Z",215838,"/data/local-files/?d=/share/ju/nexar_data/training_datasets/street_flooding/all_no_letterboxing/nlbx_4db2cc1cfe789205133570985b415e3f.jpg",1.046,"2026-04-06T16:30:42.890662Z"
36342,"1","Not Flooded","2026-04-06T16:30:40.348852Z",215839,"/data/local-files/?d=/share/ju/nexar_data/training_datasets/street_flooding/all_no_letterboxing/nlbx_b5c2dad8094e4c943e6c83b818748510.jpg",0.948,"2026-04-06T16:30:40.348875Z"
36449,"1","Not Flooded","2026-04-06T16:33:35.168672Z",215840,"/data/local-files/?d=/share/ju/nexar_data/training_datasets/street_flooding/all_no_letterboxing/nlbx_698aed7a936ffb7ace5b9d3ec2448f49.jpg",0.75,"2026-04-06T16:33:35.168694Z"
36521,"1","Not Flooded","2026-04-06T16:35:32.086645Z",215841,"/data/local-files/?d=/share/ju/nexar_data/training_datasets/street_flooding/all_no_letterboxing/nlbx_557267b84906cf08d27edc5111475475.jpg",0.784,"2026-04-06T16:35:32.086658Z"
36675,"1","Not Flooded","2026-04-06T16:39:05.407726Z",215842,"/data/local-files/?d=/share/ju/nexar_data/training_datasets/street_flooding/all_no_letterboxing/nlbx_a8a840083d2c52e840926e2bd9294298.jpg",0.835,"2026-04-06T16:39:05.407740Z"
36309,"1","Not Flooded","2026-04-06T13:21:17.885285Z",215843,"/data/local-files/?d=/share/ju/nexar_data/training_datasets/street_flooding/all_no_letterboxing/nlbx_539609415f40f49743b7522896838e6a.jpg",0.762,"2026-04-06T13:21:17.885297Z"
36233,"1","Not Flooded","2026-04-06T13:14:11.923270Z",215844,"/data/local-files/?d=/share/ju/nexar_data/training_datasets/street_flooding/all_no_letterboxing/nlbx_a864ef34a448260e5300e45c24770d88.jpg",1.408,"2026-04-06T13:14:11.923292Z"
36288,"1","Not Flooded","2026-04-06T13:15:50.586552Z",215845,"/data/local-files/?d=/share/ju/nexar_data/training_datasets/street_flooding/all_no_letterboxing/nlbx_a1991ab2d682a6daba50ed1cde96988f.jpg",0.897,"2026-04-06T13:15:50.586574Z"
36421,"1","Not Flooded","2026-04-06T16:32:59.058537Z",215846,"/data/local-files/?d=/share/ju/nexar_data/training_datasets/street_flooding/all_no_letterboxing/nlbx_0ccf80a956fb019a1126a4486ccbf543.jpg",0.714,"2026-04-06T16:32:59.058559Z"
36327,"1","Not Flooded","2026-04-06T16:30:07.841932Z",215847,"/data/local-files/?d=/share/ju/nexar_data/training_datasets/street_flooding/all_no_letterboxing/nlbx_bce8d1acdf9b6b5745c672dcc1c9db80.jpg",1.793,"2026-04-06T16:30:07.841963Z"
36328,"1","Not Flooded","2026-04-06T16:30:09.571126Z",215848,"/data/local-files/?d=/share/ju/nexar_data/training_datasets/street_flooding/all_no_letterboxing/nlbx_fbff6949f095a2f73b98db4367026e48.jpg",1.407,"2026-04-06T16:30:09.571148Z"
36610,"1","Not Flooded","2026-04-06T16:37:31.939920Z",215849,"/data/local-files/?d=/share/ju/nexar_data/training_datasets/street_flooding/all_no_letterboxing/nlbx_86e9287c51881608686790cd2a014d3c.jpg",0.844,"2026-04-06T16:37:31.939933Z"
36544,"1","Not Flooded","2026-04-06T16:35:59.844395Z",215850,"/data/local-files/?d=/share/ju/nexar_data/training_datasets/street_flooding/all_no_letterboxing/nlbx_68acd61f5311d77258084008a1024538.jpg",0.735,"2026-04-06T16:35:59.844416Z"
36548,"1","Not Flooded","2026-04-06T16:36:06.063108Z",215851,"/data/local-files/?d=/share/ju/nexar_data/training_datasets/street_flooding/all_no_letterboxing/nlbx_a1e5e091374023b1ef541b75f9761eb1.jpg",0.827,"2026-04-06T16:36:06.063130Z"
36508,"1","Not Flooded","2026-04-06T16:35:16.075918Z",215852,"/data/local-files/?d=/share/ju/nexar_data/training_datasets/street_flooding/all_no_letterboxing/nlbx_0f0ad6734aab22cb378d0ada6cb6c66f.jpg",0.816,"2026-04-06T16:35:16.075949Z"
36467,"1","Not Flooded","2026-04-06T16:33:58.420459Z",215853,"/data/local-files/?d=/share/ju/nexar_data/training_datasets/street_flooding/all_no_letterboxing/nlbx_92e1fc942dca83c1ffdfdf6a1be5399f.jpg",0.877,"2026-04-06T16:33:58.420483Z"
36354,"1","Not Flooded","2026-04-06T16:30:57.507529Z",215854,"/data/local-files/?d=/share/ju/nexar_data/training_datasets/street_flooding/all_no_letterboxing/nlbx_aa5b1a5e51e6bbfb57527d1989632826.jpg",1.025,"2026-04-06T16:30:57.507542Z"
36297,"1","Not Flooded","2026-04-06T13:16:03.904324Z",215855,"/data/local-files/?d=/share/ju/nexar_data/training_datasets/street_flooding/all_no_letterboxing/nlbx_328d8203b0e7aea0d07f7208c1580e3a.jpg",1.436,"2026-04-06T13:16:03.904346Z"
36570,"1","Not Flooded","2026-04-06T16:36:35.860713Z",215856,"/data/local-files/?d=/share/ju/nexar_data/training_datasets/street_flooding/all_no_letterboxing/nlbx_87919f257722843efd571c8908e463ca.jpg",1.34,"2026-04-06T16:36:35.860736Z"
36658,"1","Not Flooded","2026-04-06T16:38:33.382327Z",215857,"/data/local-files/?d=/share/ju/nexar_data/training_datasets/street_flooding/all_no_letterboxing/nlbx_3a9cb51cb56ed9f873a5d81faf2585fc.jpg",1.135,"2026-04-06T16:38:33.382349Z"
36185,"1","Not Flooded","2026-04-06T13:11:59.175666Z",215858,"/data/local-files/?d=/share/ju/nexar_data/training_datasets/street_flooding/all_no_letterboxing/nlbx_ce3837a5532f88a2ed93326df321d8d9.jpg",1.401,"2026-04-06T13:11:59.175679Z"
36236,"1","Not Flooded","2026-04-06T13:14:17.802728Z",215859,"/data/local-files/?d=/share/ju/nexar_data/training_datasets/street_flooding/all_no_letterboxing/nlbx_293481a54f907dd207e7a8dc62c32a9e.jpg",2.738,"2026-04-06T13:14:17.802740Z"
36447,"1","Not Flooded","2026-04-06T16:33:32.515603Z",215860,"/data/local-files/?d=/share/ju/nexar_data/training_datasets/street_flooding/all_no_letterboxing/nlbx_bcde4471724921ca6c74f5a8419ac972.jpg",0.819,"2026-04-06T16:33:32.515625Z"
36612,"1","Not Flooded","2026-04-06T16:37:34.412283Z",215861,"/data/local-files/?d=/share/ju/nexar_data/training_datasets/street_flooding/all_no_letterboxing/nlbx_e5254f5e8b8b32bd382803daef12c381.jpg",0.828,"2026-04-06T16:37:34.412305Z"
36650,"1","Not Flooded","2026-04-06T16:38:23.449072Z",215862,"/data/local-files/?d=/share/ju/nexar_data/training_datasets/street_flooding/all_no_letterboxing/nlbx_c2fb41eae7c500f47288a62e5635bfbb.jpg",0.883,"2026-04-06T16:38:23.449093Z"
36243,"1","Not Flooded","2026-04-06T13:14:32.124897Z",215863,"/data/local-files/?d=/share/ju/nexar_data/training_datasets/street_flooding/all_no_letterboxing/nlbx_eae06787f30ef791329e659be5a57c22.jpg",1.807,"2026-04-06T13:14:32.124917Z"
36402,"1","Not Flooded","2026-04-06T16:32:23.960511Z",215864,"/data/local-files/?d=/share/ju/nexar_data/training_datasets/street_flooding/all_no_letterboxing/nlbx_34e6c5ebc1202fe53e9ed8599551ae2c.jpg",0.987,"2026-04-06T16:32:23.960524Z"
36426,"1","Not Flooded","2026-04-06T16:33:04.816151Z",215865,"/data/local-files/?d=/share/ju/nexar_data/training_datasets/street_flooding/all_no_letterboxing/nlbx_60c280f903bd1748495a75e1c8d52b47.jpg",0.795,"2026-04-06T16:33:04.816173Z"
36556,"1","Not Flooded","2026-04-06T16:36:16.731131Z",215866,"/data/local-files/?d=/share/ju/nexar_data/training_datasets/street_flooding/all_no_letterboxing/nlbx_a1ff16e53dd3e37140cff6c8c4cf6f73.jpg",0.737,"2026-04-06T16:36:16.731153Z"
36217,"1","Not Flooded","2026-04-06T13:13:42.133102Z",215867,"/data/local-files/?d=/share/ju/nexar_data/training_datasets/street_flooding/all_no_letterboxing/nlbx_437d308e6adf1ae5d99c4a32c9cef6ac.jpg",1.055,"2026-04-06T13:13:42.133126Z"
36528,"1","Not Flooded","2026-04-06T16:35:40.659583Z",215868,"/data/local-files/?d=/share/ju/nexar_data/training_datasets/street_flooding/all_no_letterboxing/nlbx_dc0cf96f915100c21dc9164f37bd33af.jpg",0.958,"2026-04-06T16:35:40.659606Z"
36397,"1","Not Flooded","2026-04-06T16:32:17.993608Z",215869,"/data/local-files/?d=/share/ju/nexar_data/training_datasets/street_flooding/all_no_letterboxing/nlbx_196c68af251202f6808d2f9a92832441.jpg",0.8,"2026-04-06T16:32:17.993629Z"
36195,"1","Not Flooded","2026-04-06T13:12:27.267663Z",215870,"/data/local-files/?d=/share/ju/nexar_data/training_datasets/street_flooding/all_no_letterboxing/nlbx_175e1c7c495c36b97c34de8ce7276b03.jpg",3.4,"2026-04-06T13:12:27.267684Z"
36419,"1","Not Flooded","2026-04-06T16:32:56.849335Z",215871,"/data/local-files/?d=/share/ju/nexar_data/training_datasets/street_flooding/all_no_letterboxing/nlbx_371bafa0bfdfa9632781975ce1ba73a9.jpg",0.783,"2026-04-06T16:32:56.849356Z"
36586,"1","Not Flooded","2026-04-06T16:36:59.383799Z",215872,"/data/local-files/?d=/share/ju/nexar_data/training_datasets/street_flooding/all_no_letterboxing/nlbx_ee78d600361c387cf976ead2480c4ba8.jpg",1.055,"2026-04-06T16:36:59.383820Z"
36618,"1","Not Flooded","2026-04-06T16:37:42.195392Z",215873,"/data/local-files/?d=/share/ju/nexar_data/training_datasets/street_flooding/all_no_letterboxing/nlbx_2d4028160aeece6be2b8b90ed28aaa1c.jpg",0.783,"2026-04-06T16:37:42.195414Z"
36638,"1","Not Flooded","2026-04-06T16:38:07.275913Z",215874,"/data/local-files/?d=/share/ju/nexar_data/training_datasets/street_flooding/all_no_letterboxing/nlbx_75c8116144e2de855af0652ad76d2201.jpg",0.797,"2026-04-06T16:38:07.275935Z"
36568,"1","Not Flooded","2026-04-06T16:36:33.009242Z",215875,"/data/local-files/?d=/share/ju/nexar_data/training_datasets/street_flooding/all_no_letterboxing/nlbx_a6f66ac46c7c7eccc42bdf2adf2da7f8.jpg",0.98,"2026-04-06T16:36:33.009255Z"
36357,"1","Not Flooded","2026-04-06T16:31:01.913401Z",215876,"/data/local-files/?d=/share/ju/nexar_data/training_datasets/street_flooding/all_no_letterboxing/nlbx_e85e68330683849fe03287797085082c.jpg",1.213,"2026-04-06T16:31:01.913455Z"
36562,"1","Not Flooded","2026-04-06T16:36:25.210713Z",215877,"/data/local-files/?d=/share/ju/nexar_data/training_datasets/street_flooding/all_no_letterboxing/nlbx_0f1682bd7994c677fb808c5f63737efd.jpg",1.466,"2026-04-06T16:36:25.210735Z"
36539,"1","Not Flooded","2026-04-06T16:35:54.085072Z",215878,"/data/local-files/?d=/share/ju/nexar_data/training_datasets/street_flooding/all_no_letterboxing/nlbx_ea2755a8e08ec74b034983e33a640afc.jpg",0.951,"2026-04-06T16:35:54.085095Z"
36632,"1","Not Flooded","2026-04-06T16:38:00.067559Z",215879,"/data/local-files/?d=/share/ju/nexar_data/training_datasets/street_flooding/all_no_letterboxing/nlbx_eba9a87292854cda25134d65f0d88ca3.jpg",0.893,"2026-04-06T16:38:00.067581Z"
36348,"1","Not Flooded","2026-04-06T16:30:47.769527Z",215880,"/data/local-files/?d=/share/ju/nexar_data/training_datasets/street_flooding/all_no_letterboxing/nlbx_521a7c35c08ea3d082beb3550352e78e.jpg",0.944,"2026-04-06T16:30:47.769548Z"
36353,"1","Not Flooded","2026-04-06T16:30:56.227872Z",215881,"/data/local-files/?d=/share/ju/nexar_data/training_datasets/street_flooding/all_no_letterboxing/nlbx_b8f2af49fc47e002c00ff36039cc9990.jpg",0.897,"2026-04-06T16:30:56.227894Z"
36196,"1","Not Flooded","2026-04-06T13:12:29.140651Z",215882,"/data/local-files/?d=/share/ju/nexar_data/training_datasets/street_flooding/all_no_letterboxing/nlbx_3e5884d17099fe31bfc6cc0a67892181.jpg",1.552,"2026-04-06T13:12:29.140673Z"
36336,"1","Not Flooded","2026-04-06T16:30:23.158317Z",215883,"/data/local-files/?d=/share/ju/nexar_data/training_datasets/street_flooding/all_no_letterboxing/nlbx_0c56cb0e2de8b3373bf0b402180cc2e1.jpg",0.804,"2026-04-06T16:30:23.158338Z"
36425,"1","Not Flooded","2026-04-06T16:33:03.742644Z",215884,"/data/local-files/?d=/share/ju/nexar_data/training_datasets/street_flooding/all_no_letterboxing/nlbx_1579151b628f5740f430e4cdfd10e3fc.jpg",0.868,"2026-04-06T16:33:03.742657Z"
36181,"1","Not Flooded","2026-04-06T13:11:49.028847Z",215885,"/data/local-files/?d=/share/ju/nexar_data/training_datasets/street_flooding/all_no_letterboxing/nlbx_9787d936822ea3a3f4c04c7d675e07b7.jpg",2.162,"2026-04-06T13:11:49.028869Z"
36639,"1","Not Flooded","2026-04-06T16:38:08.512353Z",215886,"/data/local-files/?d=/share/ju/nexar_data/training_datasets/street_flooding/all_no_letterboxing/nlbx_c8623c94659ab68a52b55f62d3a8eae2.jpg",0.911,"2026-04-06T16:38:08.512374Z"
36413,"1","Not Flooded","2026-04-06T16:32:41.868704Z",215887,"/data/local-files/?d=/share/ju/nexar_data/training_datasets/street_flooding/all_no_letterboxing/nlbx_1bc735e062b87decb463a3137be8e1ba.jpg",2.015,"2026-04-06T16:32:41.868726Z"
36501,"1","Not Flooded","2026-04-06T16:35:01.904325Z",215888,"/data/local-files/?d=/share/ju/nexar_data/training_datasets/street_flooding/all_no_letterboxing/nlbx_a8e3471733fda1545713308ddc86cc1b.jpg",1.025,"2026-04-06T16:35:01.904347Z"
36624,"1","Not Flooded","2026-04-06T16:37:50.041611Z",215889,"/data/local-files/?d=/share/ju/nexar_data/training_datasets/street_flooding/all_no_letterboxing/nlbx_29478f560274acf3876b630f936efbb8.jpg",1.15,"2026-04-06T16:37:50.041633Z"
36558,"1","Not Flooded","2026-04-06T16:36:19.932780Z",215890,"/data/local-files/?d=/share/ju/nexar_data/training_datasets/street_flooding/all_no_letterboxing/nlbx_f826a0eaa780795acc01baefa076f8cd.jpg",1.375,"2026-04-06T16:36:19.932802Z"
36332,"1","Not Flooded","2026-04-06T16:30:18.410506Z",215891,"/data/local-files/?d=/share/ju/nexar_data/training_datasets/street_flooding/all_no_letterboxing/nlbx_b9b580beffd352bae75c718330f012a2.jpg",3.811,"2026-04-06T16:30:18.410519Z"
36571,"1","Not Flooded","2026-04-06T16:36:36.953161Z",215892,"/data/local-files/?d=/share/ju/nexar_data/training_datasets/street_flooding/all_no_letterboxing/nlbx_14b79c2aaf411301265be94417adfde6.jpg",0.8,"2026-04-06T16:36:36.953182Z"
36304,"1","Not Flooded","2026-04-06T13:21:11.557585Z",215893,"/data/local-files/?d=/share/ju/nexar_data/training_datasets/street_flooding/all_no_letterboxing/nlbx_c425846bb2c780ee7d5bc7f0c1627a02.jpg",297.175,"2026-04-06T13:21:11.557607Z"
36379,"1","Not Flooded","2026-04-06T16:31:52.184086Z",215894,"/data/local-files/?d=/share/ju/nexar_data/training_datasets/street_flooding/all_no_letterboxing/nlbx_4c86932bcf376bfcee9df3749d0cf173.jpg",0.855,"2026-04-06T16:31:52.184108Z"
36634,"1","Not Flooded","2026-04-06T16:38:02.468665Z",215895,"/data/local-files/?d=/share/ju/nexar_data/training_datasets/street_flooding/all_no_letterboxing/nlbx_7ccaa49ba713762d53b4bafdea1ae20f.jpg",0.893,"2026-04-06T16:38:02.468687Z"
36385,"1","Not Flooded","2026-04-06T16:32:00.192080Z",215896,"/data/local-files/?d=/share/ju/nexar_data/training_datasets/street_flooding/all_no_letterboxing/nlbx_15e21a5f87458c161fc34194e4685b10.jpg",1.192,"2026-04-06T16:32:00.192092Z"
36518,"1","Not Flooded","2026-04-06T16:35:28.414548Z",215897,"/data/local-files/?d=/share/ju/nexar_data/training_datasets/street_flooding/all_no_letterboxing/nlbx_ef7d5fbec04e22d2e7f9f3a0c802c78e.jpg",0.937,"2026-04-06T16:35:28.414562Z"
36628,"1","Not Flooded","2026-04-06T16:37:54.994444Z",215898,"/data/local-files/?d=/share/ju/nexar_data/training_datasets/street_flooding/all_no_letterboxing/nlbx_aef5cba0f5a04d22db76fcf213afaea1.jpg",0.776,"2026-04-06T16:37:54.994476Z"
36652,"1","Not Flooded","2026-04-06T16:38:25.730950Z",215899,"/data/local-files/?d=/share/ju/nexar_data/training_datasets/street_flooding/all_no_letterboxing/nlbx_d505558df8e5a399e3be03e1c64c8699.jpg",0.833,"2026-04-06T16:38:25.730971Z"
36469,"1","Not Flooded","2026-04-06T16:34:00.558459Z",215900,"/data/local-files/?d=/share/ju/nexar_data/training_datasets/street_flooding/all_no_letterboxing/nlbx_513e24a12dc4bc71979a8150837c1764.jpg",0.729,"2026-04-06T16:34:00.558483Z"
36646,"1","Not Flooded","2026-04-06T16:38:17.449992Z",215901,"/data/local-files/?d=/share/ju/nexar_data/training_datasets/street_flooding/all_no_letterboxing/nlbx_3150b8c9a7b762eb574abe704b0d08b3.jpg",0.914,"2026-04-06T16:38:17.450004Z"
36392,"1","Not Flooded","2026-04-06T16:32:11.383912Z",215902,"/data/local-files/?d=/share/ju/nexar_data/training_datasets/street_flooding/all_no_letterboxing/nlbx_c351c169fc9e10822cbfedd1b1d4875e.jpg",1.068,"2026-04-06T16:32:11.383934Z"
36538,"1","Not Flooded","2026-04-06T16:35:52.848341Z",215903,"/data/local-files/?d=/share/ju/nexar_data/training_datasets/street_flooding/all_no_letterboxing/nlbx_83123b641d64e98d61e02aadaca8f201.jpg",0.76,"2026-04-06T16:35:52.848363Z"
36665,"1","Not Flooded","2026-04-06T16:38:50.207044Z",215904,"/data/local-files/?d=/share/ju/nexar_data/training_datasets/street_flooding/all_no_letterboxing/nlbx_8a39a60df6dd77618332fbc306f1e901.jpg",0.798,"2026-04-06T16:38:50.207065Z"
36343,"1","Not Flooded","2026-04-06T16:30:41.570609Z",215905,"/data/local-files/?d=/share/ju/nexar_data/training_datasets/street_flooding/all_no_letterboxing/nlbx_7ee11d8d7b7ac538c7e3d030dceb15ec.jpg",0.933,"2026-04-06T16:30:41.570631Z"
36533,"1","Not Flooded","2026-04-06T16:35:46.578508Z",215906,"/data/local-files/?d=/share/ju/nexar_data/training_datasets/street_flooding/all_no_letterboxing/nlbx_6d9ad6cd12d7a8e8973d121fbf4145cd.jpg",0.738,"2026-04-06T16:35:46.578529Z"
36368,"1","Not Flooded","2026-04-06T16:31:18.653415Z",215907,"/data/local-files/?d=/share/ju/nexar_data/training_datasets/street_flooding/all_no_letterboxing/nlbx_fc765d07f8c4dd715edaf67b53ecf2ea.jpg",0.753,"2026-04-06T16:31:18.653451Z"
36483,"1","Not Flooded","2026-04-06T16:34:37.036645Z",215908,"/data/local-files/?d=/share/ju/nexar_data/training_datasets/street_flooding/all_no_letterboxing/nlbx_ed2bf6f6ffc6d12d288578bf8965a586.jpg",0.988,"2026-04-06T16:34:37.036666Z"
36180,"1","Not Flooded","2026-04-06T13:11:46.545309Z",215909,"/data/local-files/?d=/share/ju/nexar_data/training_datasets/street_flooding/all_no_letterboxing/nlbx_5e4ccedf5267aa9ed866c258a7909330.jpg",2.375,"2026-04-06T13:11:46.545323Z"
36505,"1","Not Flooded","2026-04-06T16:35:12.304653Z",215910,"/data/local-files/?d=/share/ju/nexar_data/training_datasets/street_flooding/all_no_letterboxing/nlbx_9c734c4f313d7a3c449ea024dd542459.jpg",0.895,"2026-04-06T16:35:12.304680Z"
36641,"1","Not Flooded","2026-04-06T16:38:11.163761Z",215911,"/data/local-files/?d=/share/ju/nexar_data/training_datasets/street_flooding/all_no_letterboxing/nlbx_b0f814dae71abb8310d24c60b4a21e75.jpg",1.17,"2026-04-06T16:38:11.163786Z"
36468,"1","Not Flooded","2026-04-06T16:33:59.528299Z",215912,"/data/local-files/?d=/share/ju/nexar_data/training_datasets/street_flooding/all_no_letterboxing/nlbx_41919805fe53e5f42bc493eb4ba5079e.jpg",0.812,"2026-04-06T16:33:59.528321Z"
36423,"1","Not Flooded","2026-04-06T16:33:01.442903Z",215913,"/data/local-files/?d=/share/ju/nexar_data/training_datasets/street_flooding/all_no_letterboxing/nlbx_3878ee6aa4d2288ff5912e0389e34ab3.jpg",0.81,"2026-04-06T16:33:01.442925Z"
36292,"1","Not Flooded","2026-04-06T13:15:56.724065Z",215914,"/data/local-files/?d=/share/ju/nexar_data/training_datasets/street_flooding/all_no_letterboxing/nlbx_9407549bc87b39044105ed839cd50730.jpg",1.048,"2026-04-06T13:15:56.724078Z"
36605,"1","Not Flooded","2026-04-06T16:37:25.723511Z",215915,"/data/local-files/?d=/share/ju/nexar_data/training_datasets/street_flooding/all_no_letterboxing/nlbx_c09b6d71244ae44189a1a080cb55ad65.jpg",0.754,"2026-04-06T16:37:25.723533Z"
36522,"1","Not Flooded","2026-04-06T16:35:33.149762Z",215916,"/data/local-files/?d=/share/ju/nexar_data/training_datasets/street_flooding/all_no_letterboxing/nlbx_dbed7325b435b18136c365cd0d55192e.jpg",0.78,"2026-04-06T16:35:33.149784Z"
36670,"1","Not Flooded","2026-04-06T16:38:59.600175Z",215917,"/data/local-files/?d=/share/ju/nexar_data/training_datasets/street_flooding/all_no_letterboxing/nlbx_cbab77b3466450ab49d4653d0d8ce2bf.jpg",0.792,"2026-04-06T16:38:59.600187Z"
36599,"1","Not Flooded","2026-04-06T16:37:18.714186Z",215918,"/data/local-files/?d=/share/ju/nexar_data/training_datasets/street_flooding/all_no_letterboxing/nlbx_028ebe08460fb18d925ae26ee31b1468.jpg",0.82,"2026-04-06T16:37:18.714208Z"
36401,"1","Not Flooded","2026-04-06T16:32:22.702745Z",215919,"/data/local-files/?d=/share/ju/nexar_data/training_datasets/street_flooding/all_no_letterboxing/nlbx_fcc127c64b35e177a5dc4b43b93851bb.jpg",0.827,"2026-04-06T16:32:22.702768Z"
36569,"1","Not Flooded","2026-04-06T16:36:34.197770Z",215920,"/data/local-files/?d=/share/ju/nexar_data/training_datasets/street_flooding/all_no_letterboxing/nlbx_db9fec3b1a6807ab5ab7c1a242bdc1f0.jpg",0.905,"2026-04-06T16:36:34.197796Z"
36365,"1","Not Flooded","2026-04-06T16:31:12.966796Z",215921,"/data/local-files/?d=/share/ju/nexar_data/training_datasets/street_flooding/all_no_letterboxing/nlbx_eb6eb7a0e2a03c98627a4f0a3efa7ea4.jpg",2.247,"2026-04-06T16:31:12.966817Z"
36200,"1","Not Flooded","2026-04-06T13:12:36.565360Z",215922,"/data/local-files/?d=/share/ju/nexar_data/training_datasets/street_flooding/all_no_letterboxing/nlbx_f7482654a80feafd2a6e137e5c3bb29d.jpg",1.046,"2026-04-06T13:12:36.565372Z"
36591,"1","Not Flooded","2026-04-06T16:37:05.600177Z",215923,"/data/local-files/?d=/share/ju/nexar_data/training_datasets/street_flooding/all_no_letterboxing/nlbx_59d2613ea6c162107451da67a4cbf8ff.jpg",0.781,"2026-04-06T16:37:05.600193Z"
36515,"1","Not Flooded","2026-04-06T16:35:24.796670Z",215924,"/data/local-files/?d=/share/ju/nexar_data/training_datasets/street_flooding/all_no_letterboxing/nlbx_fac768f2f242a35f940c8799a079faef.jpg",0.862,"2026-04-06T16:35:24.796692Z"
36542,"1","Not Flooded","2026-04-06T16:35:57.640592Z",215925,"/data/local-files/?d=/share/ju/nexar_data/training_datasets/street_flooding/all_no_letterboxing/nlbx_93ed60f323108bef0b58d414707cf6ca.jpg",1.139,"2026-04-06T16:35:57.640614Z"
36615,"1","Not Flooded","2026-04-06T16:37:37.988993Z",215926,"/data/local-files/?d=/share/ju/nexar_data/training_datasets/street_flooding/all_no_letterboxing/nlbx_c0959df259769133ee24cf28c8228af5.jpg",0.794,"2026-04-06T16:37:37.989015Z"
36223,"1","Not Flooded","2026-04-06T13:13:55.500128Z",215927,"/data/local-files/?d=/share/ju/nexar_data/training_datasets/street_flooding/all_no_letterboxing/nlbx_075cc9c88a4d4e6b3255bfc23705e78d.jpg",0.997,"2026-04-06T13:13:55.500150Z"
36215,"1","Not Flooded","2026-04-06T13:13:32.533091Z",215928,"/data/local-files/?d=/share/ju/nexar_data/training_datasets/street_flooding/all_no_letterboxing/nlbx_9f9205c36abc6ec74c36b8bc193dc5f8.jpg",1.146,"2026-04-06T13:13:32.533104Z"
36253,"1","Not Flooded","2026-04-06T13:14:50.660623Z",215929,"/data/local-files/?d=/share/ju/nexar_data/training_datasets/street_flooding/all_no_letterboxing/nlbx_ca0d51be6d1f97394cc8e7559bbad199.jpg",1.234,"2026-04-06T13:14:50.660654Z"
36660,"1","Not Flooded","2026-04-06T16:38:42.262475Z",215930,"/data/local-files/?d=/share/ju/nexar_data/training_datasets/street_flooding/all_no_letterboxing/nlbx_60f0d93deb04c160f7d80f55f4afb6f6.jpg",1.413,"2026-04-06T16:38:42.262508Z"
36405,"1","Not Flooded","2026-04-06T16:32:28.179878Z",215931,"/data/local-files/?d=/share/ju/nexar_data/training_datasets/street_flooding/all_no_letterboxing/nlbx_cddfe09deac80597c1d4a51d8c15e147.jpg",1.102,"2026-04-06T16:32:28.179900Z"
36307,"1","Not Flooded","2026-04-06T13:21:15.654640Z",215932,"/data/local-files/?d=/share/ju/nexar_data/training_datasets/street_flooding/all_no_letterboxing/nlbx_4000cfb4343b283167ab78ac46c6c456.jpg",1.092,"2026-04-06T13:21:15.654661Z"
36546,"1","Not Flooded","2026-04-06T16:36:03.177058Z",215933,"/data/local-files/?d=/share/ju/nexar_data/training_datasets/street_flooding/all_no_letterboxing/nlbx_e39245deca3089599e251146d1ced8dd.jpg",0.751,"2026-04-06T16:36:03.177081Z"
36564,"1","Not Flooded","2026-04-06T16:36:28.120277Z",215934,"/data/local-files/?d=/share/ju/nexar_data/training_datasets/street_flooding/all_no_letterboxing/nlbx_0121c9953a6773dcd212a1a1b5a002ba.jpg",1.044,"2026-04-06T16:36:28.120298Z"
36199,"1","Not Flooded","2026-04-06T13:12:35.206757Z",215935,"/data/local-files/?d=/share/ju/nexar_data/training_datasets/street_flooding/all_no_letterboxing/nlbx_d45cc588698f7d1c688a1ac99dd968ff.jpg",0.888,"2026-04-06T13:12:35.206784Z"
36364,"1","Not Flooded","2026-04-06T16:31:10.438288Z",215936,"/data/local-files/?d=/share/ju/nexar_data/training_datasets/street_flooding/all_no_letterboxing/nlbx_256cb906f25b3265d31ddeec44e2c808.jpg",0.811,"2026-04-06T16:31:10.438310Z"
36559,"1","Not Flooded","2026-04-06T16:36:21.063855Z",215937,"/data/local-files/?d=/share/ju/nexar_data/training_datasets/street_flooding/all_no_letterboxing/nlbx_9e46eb60ef1316ef1c1bc4708e2c31de.jpg",0.831,"2026-04-06T16:36:21.063869Z"
36477,"1","Not Flooded","2026-04-06T16:34:25.222614Z",215938,"/data/local-files/?d=/share/ju/nexar_data/training_datasets/street_flooding/all_no_letterboxing/nlbx_743b50b8e56718f66dc445885b3f2dc9.jpg",0.743,"2026-04-06T16:34:25.222636Z"
36362,"1","Not Flooded","2026-04-06T16:31:08.285394Z",215939,"/data/local-files/?d=/share/ju/nexar_data/training_datasets/street_flooding/all_no_letterboxing/nlbx_1d12ba6c5bb974112c88776bbc5c2f4a.jpg",0.947,"2026-04-06T16:31:08.285407Z"
36409,"1","Flooded","2026-04-06T16:32:34.132353Z",215940,"/data/local-files/?d=/share/ju/nexar_data/training_datasets/street_flooding/all_no_letterboxing/nlbx_f5273050d9c3d4e4a8e187e791164c39.jpg",0.98,"2026-04-06T16:32:34.132375Z"
36235,"1","Not Flooded","2026-04-06T13:14:14.763107Z",215941,"/data/local-files/?d=/share/ju/nexar_data/training_datasets/street_flooding/all_no_letterboxing/nlbx_dbd4b4d11a3ebfd7f711fdd3a80cac83.jpg",0.984,"2026-04-06T13:14:14.763119Z"
36617,"1","Not Flooded","2026-04-06T16:37:41.074878Z",215942,"/data/local-files/?d=/share/ju/nexar_data/training_datasets/street_flooding/all_no_letterboxing/nlbx_f8ac40dd845fa455dbe2fc99c931c2e8.jpg",1.514,"2026-04-06T16:37:41.074900Z"
36211,"1","Flooded","2026-04-06T13:13:11.222595Z",215943,"/data/local-files/?d=/share/ju/nexar_data/training_datasets/street_flooding/all_no_letterboxing/nlbx_121c1c52029991c9d819ea6862db91b0.jpg",2.249,"2026-04-06T13:13:11.222607Z"
36481,"1","Flooded","2026-04-06T16:34:31.928066Z",215944,"/data/local-files/?d=/share/ju/nexar_data/training_datasets/street_flooding/all_no_letterboxing/nlbx_fe65f8d9e20c9f509c14040f4f1f555f.jpg",1.344,"2026-04-06T16:34:31.928093Z"
36473,"1","Not Flooded","2026-04-06T16:34:14.254127Z",215945,"/data/local-files/?d=/share/ju/nexar_data/training_datasets/street_flooding/all_no_letterboxing/nlbx_66e688344029aca060e24bca8d7bf3c3.jpg",0.843,"2026-04-06T16:34:14.254149Z"
36433,"1","Not Flooded","2026-04-06T16:33:12.429253Z",215946,"/data/local-files/?d=/share/ju/nexar_data/training_datasets/street_flooding/all_no_letterboxing/nlbx_5e9b3b28b77a469fd2f6e28e4dd5e37a.jpg",0.756,"2026-04-06T16:33:12.429285Z"
36367,"1","Not Flooded","2026-04-06T16:31:17.632457Z",215947,"/data/local-files/?d=/share/ju/nexar_data/training_datasets/street_flooding/all_no_letterboxing/nlbx_84f2ad70125f3cd73e0f209e5aeaa182.jpg",3.306,"2026-04-06T16:31:17.632485Z"
36272,"1","Flooded","2026-04-06T13:15:26.452440Z",215948,"/data/local-files/?d=/share/ju/nexar_data/training_datasets/street_flooding/all_no_letterboxing/nlbx_8b086758849ae5074b9ff4456dd58516.jpg",1.315,"2026-04-06T13:15:26.452462Z"
36606,"1","Flooded","2026-04-06T16:37:26.910269Z",215949,"/data/local-files/?d=/share/ju/nexar_data/training_datasets/street_flooding/all_no_letterboxing/nlbx_7f6a44236e3b43d249ab8cc9ca56357f.jpg",0.893,"2026-04-06T16:37:26.910291Z"
36177,"1","Flooded","2026-04-06T13:11:40.718481Z",215950,"/data/local-files/?d=/share/ju/nexar_data/training_datasets/street_flooding/all_no_letterboxing/nlbx_9d4ac990648182f19c729752025032e9.jpg",1.853,"2026-04-06T13:11:40.718504Z"
36614,"1","Flooded","2026-04-06T16:37:36.867968Z",215951,"/data/local-files/?d=/share/ju/nexar_data/training_datasets/street_flooding/all_no_letterboxing/nlbx_d866132d88dc8bc92ac6bc9aab5fca45.jpg",0.909,"2026-04-06T16:37:36.868005Z"
36390,"1","Not Flooded","2026-04-06T16:32:08.650648Z",215952,"/data/local-files/?d=/share/ju/nexar_data/training_datasets/street_flooding/all_no_letterboxing/nlbx_b522fb99e4e56da4a920c71ffefb305e.jpg",1.222,"2026-04-06T16:32:08.650670Z"
36619,"1","Flooded","2026-04-06T16:37:43.714755Z",215953,"/data/local-files/?d=/share/ju/nexar_data/training_datasets/street_flooding/all_no_letterboxing/nlbx_5ada55bbb114df1f46745748693f8e19.jpg",1.152,"2026-04-06T16:37:43.714776Z"
36582,"1","Not Flooded","2026-04-06T16:36:53.599381Z",215954,"/data/local-files/?d=/share/ju/nexar_data/training_datasets/street_flooding/all_no_letterboxing/nlbx_902d17496fbbb4b2934e2d2212a7a153.jpg",1.313,"2026-04-06T16:36:53.599403Z"
36220,"1","Flooded","2026-04-06T13:13:50.511411Z",215955,"/data/local-files/?d=/share/ju/nexar_data/training_datasets/street_flooding/all_no_letterboxing/nlbx_e54af38229c6db9d2af5a13d0da6c068.jpg",1.101,"2026-04-06T13:13:50.511467Z"
36341,"1","Not Flooded","2026-04-06T16:30:39.136338Z",215956,"/data/local-files/?d=/share/ju/nexar_data/training_datasets/street_flooding/all_no_letterboxing/nlbx_d5ee7b5854f2a77221fdf09ce56a9ad9.jpg",6.195,"2026-04-06T16:30:39.136360Z"
36616,"1","Flooded","2026-04-06T16:37:39.268376Z",215957,"/data/local-files/?d=/share/ju/nexar_data/training_datasets/street_flooding/all_no_letterboxing/nlbx_6fb235a36ebe3230f2234acb99aa2a68.jpg",0.992,"2026-04-06T16:37:39.268389Z"
36417,"1","Not Flooded","2026-04-06T16:32:51.047364Z",215958,"/data/local-files/?d=/share/ju/nexar_data/training_datasets/street_flooding/all_no_letterboxing/nlbx_514b5ec227ba722d79c8331eee158405.jpg",1.263,"2026-04-06T16:32:51.047386Z"
36216,"1","Flooded","2026-04-06T13:13:40.753398Z",215959,"/data/local-files/?d=/share/ju/nexar_data/training_datasets/street_flooding/all_no_letterboxing/nlbx_688f1cc5b775c2aec41c801a5f2a8c26.jpg",7.915,"2026-04-06T13:13:40.753419Z"
36579,"1","Not Flooded","2026-04-06T16:36:49.498738Z",215960,"/data/local-files/?d=/share/ju/nexar_data/training_datasets/street_flooding/all_no_letterboxing/nlbx_7ca7ae88e8ca5a975caa891dc34aa184.jpg",0.979,"2026-04-06T16:36:49.498751Z"
36329,"1","Flooded","2026-04-06T16:30:10.735549Z",215961,"/data/local-files/?d=/share/ju/nexar_data/training_datasets/street_flooding/all_no_letterboxing/nlbx_0925802d0a73eac9a6b166e1961cf16a.jpg",0.894,"2026-04-06T16:30:10.735570Z"
36213,"1","Not Flooded","2026-04-06T13:13:28.876271Z",215962,"/data/local-files/?d=/share/ju/nexar_data/training_datasets/street_flooding/all_no_letterboxing/nlbx_512831f7130daef1d5b923386d5014b6.jpg",15.878,"2026-04-06T13:13:28.876291Z"
36622,"1","Flooded","2026-04-06T16:37:47.443856Z",215963,"/data/local-files/?d=/share/ju/nexar_data/training_datasets/street_flooding/all_no_letterboxing/nlbx_5c9834da70a3069ac9bf0eab27d178fc.jpg",0.893,"2026-04-06T16:37:47.443868Z"
36456,"1","Flooded","2026-04-06T16:33:43.981317Z",215964,"/data/local-files/?d=/share/ju/nexar_data/training_datasets/street_flooding/all_no_letterboxing/nlbx_a1ed55fe990b811e042894cae6e01290.jpg",1.158,"2026-04-06T16:33:43.981341Z"
36574,"1","Flooded","2026-04-06T16:36:41.182399Z",215965,"/data/local-files/?d=/share/ju/nexar_data/training_datasets/street_flooding/all_no_letterboxing/nlbx_c3644ccc2ced6f14249438be27fbf95f.jpg",1.355,"2026-04-06T16:36:41.182413Z"
36186,"1","Flooded","2026-04-06T13:12:00.516988Z",215966,"/data/local-files/?d=/share/ju/nexar_data/training_datasets/street_flooding/all_no_letterboxing/nlbx_42a1456fbf65c8261539997b92135511.jpg",1.008,"2026-04-06T13:12:00.517001Z"
36301,"1","Flooded","2026-04-06T13:16:10.144185Z",215967,"/data/local-files/?d=/share/ju/nexar_data/training_datasets/street_flooding/all_no_letterboxing/nlbx_0d04e632085132e3a0e9be113338b6d4.jpg",1.489,"2026-04-06T13:16:10.144207Z"
36648,"1","Flooded","2026-04-06T16:38:21.021071Z",215968,"/data/local-files/?d=/share/ju/nexar_data/training_datasets/street_flooding/all_no_letterboxing/nlbx_877f4b3f318c142ed74aca3a7e364966.jpg",1.384,"2026-04-06T16:38:21.021093Z"
36306,"1","Not Flooded","2026-04-06T13:21:14.247642Z",215969,"/data/local-files/?d=/share/ju/nexar_data/training_datasets/street_flooding/all_no_letterboxing/nlbx_6ee25ccf395365428bfad1e3dc943149.jpg",1.062,"2026-04-06T13:21:14.247663Z"
36512,"1","Not Flooded","2026-04-06T16:35:21.089805Z",215970,"/data/local-files/?d=/share/ju/nexar_data/training_datasets/street_flooding/all_no_letterboxing/nlbx_25a87f1000d87f2a42102366f8a625f7.jpg",0.908,"2026-04-06T16:35:21.089817Z"
36393,"1","Flooded","2026-04-06T16:32:12.763284Z",215971,"/data/local-files/?d=/share/ju/nexar_data/training_datasets/street_flooding/all_no_letterboxing/nlbx_f58c3bde9e2c89eb75ef5df568cc67b8.jpg",1.106,"2026-04-06T16:32:12.763297Z"
36358,"1","Not Flooded","2026-04-06T16:31:03.423744Z",215972,"/data/local-files/?d=/share/ju/nexar_data/training_datasets/street_flooding/all_no_letterboxing/nlbx_4107d70e30b3b148630c14d6581fbc76.jpg",1.233,"2026-04-06T16:31:03.423767Z"
36182,"1","Flooded","2026-04-06T13:11:50.868637Z",215973,"/data/local-files/?d=/share/ju/nexar_data/training_datasets/street_flooding/all_no_letterboxing/nlbx_7ddc7226cd3c33ddb7d1643964ec5c89.jpg",1.536,"2026-04-06T13:11:50.868659Z"
36312,"1","Not Flooded","2026-04-06T13:21:24.725799Z",215974,"/data/local-files/?d=/share/ju/nexar_data/training_datasets/street_flooding/all_no_letterboxing/nlbx_416e92099e5620bdf5e442f94d92a4ca.jpg",2.239,"2026-04-06T13:21:24.725820Z"
36531,"1","Flooded","2026-04-06T16:35:44.487085Z",215975,"/data/local-files/?d=/share/ju/nexar_data/training_datasets/street_flooding/all_no_letterboxing/nlbx_f342872d539fc39933417c1f92321f90.jpg",1.157,"2026-04-06T16:35:44.487098Z"
36325,"1","Not Flooded","2026-04-06T16:29:59.287030Z",215976,"/data/local-files/?d=/share/ju/nexar_data/training_datasets/street_flooding/all_no_letterboxing/nlbx_24408c0e48ef93504e8d59e5e0a79d9e.jpg",1.952,"2026-04-06T16:30:03.276514Z"
36190,"1","Not Flooded","2026-04-06T13:12:14.324067Z",215977,"/data/local-files/?d=/share/ju/nexar_data/training_datasets/street_flooding/all_no_letterboxing/nlbx_c90fc68ffe398f535b271b1169f6a064.jpg",7.649,"2026-04-06T13:12:14.324089Z"
36436,"1","Flooded","2026-04-06T16:33:17.124158Z",215978,"/data/local-files/?d=/share/ju/nexar_data/training_datasets/street_flooding/all_no_letterboxing/nlbx_3dc6bbe73ad659b413e5f667358d5cf3.jpg",1.5,"2026-04-06T16:33:17.124171Z"
36334,"1","Flooded","2026-04-06T16:30:20.883391Z",215979,"/data/local-files/?d=/share/ju/nexar_data/training_datasets/street_flooding/all_no_letterboxing/nlbx_fb70759e43f4a487b78db0f33a3518bb.jpg",0.919,"2026-04-06T16:30:20.883441Z"
36189,"1","Not Flooded","2026-04-06T13:12:06.354000Z",215980,"/data/local-files/?d=/share/ju/nexar_data/training_datasets/street_flooding/all_no_letterboxing/nlbx_acbcfcf5cd277973a70b5f40923a3f00.jpg",2.452,"2026-04-06T13:12:06.354021Z"
36251,"1","Not Flooded","2026-04-06T13:14:47.342640Z",215981,"/data/local-files/?d=/share/ju/nexar_data/training_datasets/street_flooding/all_no_letterboxing/nlbx_f43a2530b6c7ee9a0a89be6ca81896fa.jpg",2.92,"2026-04-06T13:14:47.342661Z"
36259,"1","Not Flooded","2026-04-06T13:15:06.262995Z",215982,"/data/local-files/?d=/share/ju/nexar_data/training_datasets/street_flooding/all_no_letterboxing/nlbx_284b1a59946fa543a6c3b99647c70e08.jpg",5.607,"2026-04-06T13:15:06.263008Z"
36398,"1","Flooded","2026-04-06T16:32:19.157959Z",215983,"/data/local-files/?d=/share/ju/nexar_data/training_datasets/street_flooding/all_no_letterboxing/nlbx_77a8e3ecd53d0cda0fc479dacff620cf.jpg",0.872,"2026-04-06T16:32:19.157972Z"
36252,"1","Flooded","2026-04-06T13:14:49.119852Z",215984,"/data/local-files/?d=/share/ju/nexar_data/training_datasets/street_flooding/all_no_letterboxing/nlbx_f9cd983fe9df9ecc9de7bdd08d9aee1f.jpg",1.447,"2026-04-06T13:14:49.119864Z"
36529,"1","Not Flooded","2026-04-06T16:35:41.814155Z",215985,"/data/local-files/?d=/share/ju/nexar_data/training_datasets/street_flooding/all_no_letterboxing/nlbx_f333d878ed6c3a24c149049693ba0299.jpg",0.851,"2026-04-06T16:35:41.814188Z"
36258,"1","Flooded","2026-04-06T13:15:00.312115Z",215986,"/data/local-files/?d=/share/ju/nexar_data/training_datasets/street_flooding/all_no_letterboxing/nlbx_57d996a0cbf95e026ac59984df0196b8.jpg",1.065,"2026-04-06T13:15:00.312127Z"
36279,"1","Flooded","2026-04-06T13:15:37.284496Z",215987,"/data/local-files/?d=/share/ju/nexar_data/training_datasets/street_flooding/all_no_letterboxing/nlbx_923b9fb030d280ba010e90d91557b1c0.jpg",1.066,"2026-04-06T13:15:37.284509Z"
36647,"1","Flooded","2026-04-06T16:38:19.335151Z",215988,"/data/local-files/?d=/share/ju/nexar_data/training_datasets/street_flooding/all_no_letterboxing/nlbx_1775592f72239ca1648d101fdfcc9f0f.jpg",1.598,"2026-04-06T16:38:19.335164Z"
36524,"1","Flooded","2026-04-06T16:35:35.519842Z",215989,"/data/local-files/?d=/share/ju/nexar_data/training_datasets/street_flooding/all_no_letterboxing/nlbx_ada676719c72762d7bfacd2004cce8b3.jpg",0.941,"2026-04-06T16:35:35.519864Z"
36471,"1","Flooded","2026-04-06T16:34:03.315649Z",215990,"/data/local-files/?d=/share/ju/nexar_data/training_datasets/street_flooding/all_no_letterboxing/nlbx_e16233f8e8863122f3852c11d3e95c91.jpg",3.6639999999999997,"2026-04-06T16:34:09.366407Z"
36411,"1","Flooded","2026-04-06T16:32:38.090960Z",215991,"/data/local-files/?d=/share/ju/nexar_data/training_datasets/street_flooding/all_no_letterboxing/nlbx_d279d4a27fb587253d3774ba6b624a54.jpg",0.972,"2026-04-06T16:32:38.090983Z"
36330,"1","Not Flooded","2026-04-06T16:30:13.066458Z",215992,"/data/local-files/?d=/share/ju/nexar_data/training_datasets/street_flooding/all_no_letterboxing/nlbx_bb6f94647618266504ea36ba563e36c8.jpg",2.074,"2026-04-06T16:30:13.066472Z"
36198,"1","Flooded","2026-04-06T13:12:33.981522Z",215993,"/data/local-files/?d=/share/ju/nexar_data/training_datasets/street_flooding/all_no_letterboxing/nlbx_ad039e137f2e44d0778d8b57282dc7f2.jpg",2.96,"2026-04-06T13:12:33.981557Z"
36296,"1","Flooded","2026-04-06T13:16:02.157941Z",215994,"/data/local-files/?d=/share/ju/nexar_data/training_datasets/street_flooding/all_no_letterboxing/nlbx_7c176bf5b44f924b596e7fb63c7ccc3d.jpg",1.062,"2026-04-06T13:16:02.157964Z"
36450,"1","Not Flooded","2026-04-06T16:33:36.271354Z",215995,"/data/local-files/?d=/share/ju/nexar_data/training_datasets/street_flooding/all_no_letterboxing/nlbx_a1f53405eaa3f7dd4abccf41acfd5867.jpg",0.788,"2026-04-06T16:33:36.271376Z"
36520,"1","Flooded","2026-04-06T16:35:30.980642Z",215996,"/data/local-files/?d=/share/ju/nexar_data/training_datasets/street_flooding/all_no_letterboxing/nlbx_f6bfcb6f77f8ffdfcd39e0d1d6b0c253.jpg",0.851,"2026-04-06T16:35:30.980659Z"
36287,"1","Flooded","2026-04-06T13:15:49.379448Z",215997,"/data/local-files/?d=/share/ju/nexar_data/training_datasets/street_flooding/all_no_letterboxing/nlbx_7f788cc8e96b3461c74a6dc4e91c801f.jpg",1.293,"2026-04-06T13:15:49.379469Z"
36566,"1","Flooded","2026-04-06T16:36:30.663443Z",215998,"/data/local-files/?d=/share/ju/nexar_data/training_datasets/street_flooding/all_no_letterboxing/nlbx_25f99bf1d3a8dd095d1dbff485c3c5b9.jpg",1.06,"2026-04-06T16:36:30.663469Z"
36523,"1","Flooded","2026-04-06T16:35:34.293615Z",215999,"/data/local-files/?d=/share/ju/nexar_data/training_datasets/street_flooding/all_no_letterboxing/nlbx_eb00363dd934a7ae5cc36fdcd9e10285.jpg",0.853,"2026-04-06T16:35:34.293636Z"
36535,"1","Not Flooded","2026-04-06T16:35:48.788399Z",216000,"/data/local-files/?d=/share/ju/nexar_data/training_datasets/street_flooding/all_no_letterboxing/nlbx_b9f173ef4ed66a8777fa3d09eea74b76.jpg",0.835,"2026-04-06T16:35:48.788438Z"
36262,"1","Flooded","2026-04-06T13:15:11.077934Z",216001,"/data/local-files/?d=/share/ju/nexar_data/training_datasets/street_flooding/all_no_letterboxing/nlbx_aedc1281b8e248d5ff26488d14c39bcb.jpg",1.059,"2026-04-06T13:15:11.077955Z"
36446,"1","Not Flooded","2026-04-06T16:33:31.417936Z",216002,"/data/local-files/?d=/share/ju/nexar_data/training_datasets/street_flooding/all_no_letterboxing/nlbx_bb60c32544c1ee917c633bad2ac6986f.jpg",1.568,"2026-04-06T16:33:31.417958Z"
36475,"1","Not Flooded","2026-04-06T16:34:18.046598Z",216003,"/data/local-files/?d=/share/ju/nexar_data/training_datasets/street_flooding/all_no_letterboxing/nlbx_88b29784723f8693cf3e612cdf2a3ef4.jpg",1.078,"2026-04-06T16:34:18.046610Z"
36651,"1","Flooded","2026-04-06T16:38:24.582134Z",216004,"/data/local-files/?d=/share/ju/nexar_data/training_datasets/street_flooding/all_no_letterboxing/nlbx_7c7e9dfb9e8a975855aca9bc3381c060.jpg",0.84,"2026-04-06T16:38:24.582156Z"
36435,"1","Not Flooded","2026-04-06T16:33:15.333983Z",216005,"/data/local-files/?d=/share/ju/nexar_data/training_datasets/street_flooding/all_no_letterboxing/nlbx_0dd6900fa384a2044e1b60ff8907563b.jpg",0.819,"2026-04-06T16:33:15.334005Z"
36302,"1","Flooded","2026-04-06T13:16:11.800479Z",216006,"/data/local-files/?d=/share/ju/nexar_data/training_datasets/street_flooding/all_no_letterboxing/nlbx_146e35dd65a5a1f7cdf9d9ac1e6d91ad.jpg",1.339,"2026-04-06T13:16:11.800501Z"
36504,"1","Flooded","2026-04-06T16:35:11.123669Z",216007,"/data/local-files/?d=/share/ju/nexar_data/training_datasets/street_flooding/all_no_letterboxing/nlbx_d5b366f104840dbd040904f310e99a82.jpg",0.954,"2026-04-06T16:35:11.123691Z"
36465,"1","Flooded","2026-04-06T16:33:56.074061Z",216008,"/data/local-files/?d=/share/ju/nexar_data/training_datasets/street_flooding/all_no_letterboxing/nlbx_0694e826c53a263473ca2fc0743ee463.jpg",1.015,"2026-04-06T16:33:56.074083Z"
36232,"1","Flooded","2026-04-06T13:14:10.201282Z",216009,"/data/local-files/?d=/share/ju/nexar_data/training_datasets/street_flooding/all_no_letterboxing/nlbx_2ace2bf97fd92cb94c11ed599a2ad17c.jpg",1.009,"2026-04-06T13:14:10.201305Z"
36511,"1","Flooded","2026-04-06T16:35:19.902054Z",216010,"/data/local-files/?d=/share/ju/nexar_data/training_datasets/street_flooding/all_no_letterboxing/nlbx_6f8ce3d9132e0556c4fa3edd646eba7c.jpg",0.901,"2026-04-06T16:35:19.902076Z"
36387,"1","Flooded","2026-04-06T16:32:03.732846Z",216011,"/data/local-files/?d=/share/ju/nexar_data/training_datasets/street_flooding/all_no_letterboxing/nlbx_9160210ab825994515c05c57a3a71684.jpg",1.45,"2026-04-06T16:32:03.732859Z"
36245,"1","Flooded","2026-04-06T13:14:35.197211Z",216012,"/data/local-files/?d=/share/ju/nexar_data/training_datasets/street_flooding/all_no_letterboxing/nlbx_045f7230582c54c1e4de0de5b3cdf55a.jpg",1.059,"2026-04-06T13:14:35.197227Z"
36371,"1","Flooded","2026-04-06T16:31:25.034188Z",216013,"/data/local-files/?d=/share/ju/nexar_data/training_datasets/street_flooding/all_no_letterboxing/nlbx_e64ac854a423ad37335a0681cca50aa7.jpg",2.028,"2026-04-06T16:31:25.034201Z"
36674,"1","Flooded","2026-04-06T16:39:04.291342Z",216014,"/data/local-files/?d=/share/ju/nexar_data/training_datasets/street_flooding/all_no_letterboxing/nlbx_5fa4fd9a78905da9327f7d4b755512c8.jpg",0.816,"2026-04-06T16:39:04.291364Z"
36229,"1","Not Flooded","2026-04-06T13:14:04.585708Z",216015,"/data/local-files/?d=/share/ju/nexar_data/training_datasets/street_flooding/all_no_letterboxing/nlbx_18ba9f0f81a3110a193f2e2b8d841b5c.jpg",2.131,"2026-04-06T13:14:04.585722Z"
36478,"1","Not Flooded","2026-04-06T16:34:27.430534Z",216016,"/data/local-files/?d=/share/ju/nexar_data/training_datasets/street_flooding/all_no_letterboxing/nlbx_ee50201266f13123e726a094ef187303.jpg",1.949,"2026-04-06T16:34:27.430547Z"
36350,"1","Flooded","2026-04-06T16:30:51.984188Z",216017,"/data/local-files/?d=/share/ju/nexar_data/training_datasets/street_flooding/all_no_letterboxing/nlbx_91ed97e9121735b7bb445d64bf5d822c.jpg",2.548,"2026-04-06T16:30:51.984210Z"
36406,"1","Flooded","2026-04-06T16:32:29.425290Z",216018,"/data/local-files/?d=/share/ju/nexar_data/training_datasets/street_flooding/all_no_letterboxing/nlbx_9846a7cef38921def1d862c48f3530df.jpg",0.963,"2026-04-06T16:32:29.425312Z"
36286,"1","Flooded","2026-04-06T13:15:47.763585Z",216019,"/data/local-files/?d=/share/ju/nexar_data/training_datasets/street_flooding/all_no_letterboxing/nlbx_6b91ffb792ef4cf46a224d7f2f1fd5c7.jpg",1.001,"2026-04-06T13:15:47.763606Z"
36649,"1","Flooded","2026-04-06T16:38:22.227112Z",216020,"/data/local-files/?d=/share/ju/nexar_data/training_datasets/street_flooding/all_no_letterboxing/nlbx_04cebb9e96a83a448032e248b9353375.jpg",0.895,"2026-04-06T16:38:22.227134Z"
36324,"1","Flooded","2026-04-06T16:29:58.134481Z",216021,"/data/local-files/?d=/share/ju/nexar_data/training_datasets/street_flooding/all_no_letterboxing/nlbx_a9c482a4b84fe64c746c89db1c075488.jpg",1.093,"2026-04-06T16:29:58.134494Z"
36396,"1","Flooded","2026-04-06T16:32:16.894010Z",216022,"/data/local-files/?d=/share/ju/nexar_data/training_datasets/street_flooding/all_no_letterboxing/nlbx_b066d39da241033e294ddc4688be27aa.jpg",1.388,"2026-04-06T16:32:16.894037Z"
36204,"1","Not Flooded","2026-04-06T13:12:48.097975Z",216023,"/data/local-files/?d=/share/ju/nexar_data/training_datasets/street_flooding/all_no_letterboxing/nlbx_3790d14cd77a0bced85c0fb047a6cffa.jpg",4.484,"2026-04-06T13:12:48.098007Z"
36514,"1","Not Flooded","2026-04-06T16:35:23.600600Z",216024,"/data/local-files/?d=/share/ju/nexar_data/training_datasets/street_flooding/all_no_letterboxing/nlbx_edcd2dcb41acb434c49ab4a5521c1821.jpg",1.135,"2026-04-06T16:35:23.600613Z"
36399,"1","Flooded","2026-04-06T16:32:20.431543Z",216025,"/data/local-files/?d=/share/ju/nexar_data/training_datasets/street_flooding/all_no_letterboxing/nlbx_4e075811faa2fabdfb901d31d0449551.jpg",0.972,"2026-04-06T16:32:20.431567Z"
36613,"1","Not Flooded","2026-04-06T16:37:35.676860Z",216026,"/data/local-files/?d=/share/ju/nexar_data/training_datasets/street_flooding/all_no_letterboxing/nlbx_6c99ca3c46c0c87f0bd0ff432f889529.jpg",0.969,"2026-04-06T16:37:35.676882Z"
36320,"1","Flooded","2026-04-06T16:29:50.323508Z",216027,"/data/local-files/?d=/share/ju/nexar_data/training_datasets/street_flooding/all_no_letterboxing/nlbx_76119096a7ec173f6dd8ecc76b00e35b.jpg",2.658,"2026-04-06T16:29:50.323531Z"
36502,"1","Flooded","2026-04-06T16:35:03.087212Z",216028,"/data/local-files/?d=/share/ju/nexar_data/training_datasets/street_flooding/all_no_letterboxing/nlbx_84374c58d70a2c78f3f25dbfad116de0.jpg",0.916,"2026-04-06T16:35:03.087234Z"
36228,"1","Flooded","2026-04-06T13:14:02.162509Z",216029,"/data/local-files/?d=/share/ju/nexar_data/training_datasets/street_flooding/all_no_letterboxing/nlbx_279e732c96c8b62ec39e862cd0497878.jpg",1.158,"2026-04-06T13:14:02.162531Z"
36604,"1","Flooded","2026-04-06T16:37:24.645847Z",216030,"/data/local-files/?d=/share/ju/nexar_data/training_datasets/street_flooding/all_no_letterboxing/nlbx_775ab15e22c1ba0e88265abc19f6c449.jpg",1.005,"2026-04-06T16:37:24.645869Z"
36459,"1","Flooded","2026-04-06T16:33:48.768270Z",216031,"/data/local-files/?d=/share/ju/nexar_data/training_datasets/street_flooding/all_no_letterboxing/nlbx_98e4de4793adaf789a3d52eee4f88370.jpg",1.339,"2026-04-06T16:33:48.768294Z"
36331,"1","Flooded","2026-04-06T16:30:14.320858Z",216032,"/data/local-files/?d=/share/ju/nexar_data/training_datasets/street_flooding/all_no_letterboxing/nlbx_fbfcb52c51ed8ea047c0231922838834.jpg",0.959,"2026-04-06T16:30:14.320880Z"
36487,"1","Flooded","2026-04-06T16:34:43.837932Z",216033,"/data/local-files/?d=/share/ju/nexar_data/training_datasets/street_flooding/all_no_letterboxing/nlbx_4e08817a8168c603aa0ef912da66484e.jpg",2.064,"2026-04-06T16:34:43.837964Z"
36384,"1","Flooded","2026-04-06T16:31:58.725382Z",216034,"/data/local-files/?d=/share/ju/nexar_data/training_datasets/street_flooding/all_no_letterboxing/nlbx_3c0b415f4254f60c85ff9593fac30042.jpg",1.224,"2026-04-06T16:31:58.725403Z"
36373,"1","Not Flooded","2026-04-06T16:31:28.029697Z",216035,"/data/local-files/?d=/share/ju/nexar_data/training_datasets/street_flooding/all_no_letterboxing/nlbx_c9e30be6fb0b0e7174e634f89546744f.jpg",1.063,"2026-04-06T16:31:28.029718Z"
36268,"1","Not Flooded","2026-04-06T13:15:20.399219Z",216036,"/data/local-files/?d=/share/ju/nexar_data/training_datasets/street_flooding/all_no_letterboxing/nlbx_1625a26c83daa1d142ad2a94fe99c41e.jpg",1.367,"2026-04-06T13:15:20.399279Z"
36323,"1","Flooded","2026-04-06T16:29:56.776418Z",216037,"/data/local-files/?d=/share/ju/nexar_data/training_datasets/street_flooding/all_no_letterboxing/nlbx_d83e87c1229a8968cbecaeee4150484b.jpg",3.255,"2026-04-06T16:29:56.776471Z"
36416,"1","Not Flooded","2026-04-06T16:32:49.494980Z",216038,"/data/local-files/?d=/share/ju/nexar_data/training_datasets/street_flooding/all_no_letterboxing/nlbx_b0019ce302524b1c52268a61ec1aaac5.jpg",0.764,"2026-04-06T16:32:49.495001Z"
36434,"1","Flooded","2026-04-06T16:33:14.236479Z",216039,"/data/local-files/?d=/share/ju/nexar_data/training_datasets/street_flooding/all_no_letterboxing/nlbx_1d7ad15340aaf0fbaf7422bce369b6cf.jpg",1.529,"2026-04-06T16:33:14.236492Z"
36394,"1","Not Flooded","2026-04-06T16:32:14.088748Z",216040,"/data/local-files/?d=/share/ju/nexar_data/training_datasets/street_flooding/all_no_letterboxing/nlbx_2bc61ec9da64e0f86cc7abec58e45cf5.jpg",1.031,"2026-04-06T16:32:14.088770Z"
36443,"1","Flooded","2026-04-06T16:33:27.288000Z",216041,"/data/local-files/?d=/share/ju/nexar_data/training_datasets/street_flooding/all_no_letterboxing/nlbx_23ae830cdaa11e9e7da0025123c974c6.jpg",0.942,"2026-04-06T16:33:27.288022Z"
36662,"1","Flooded","2026-04-06T16:38:44.748377Z",216042,"/data/local-files/?d=/share/ju/nexar_data/training_datasets/street_flooding/all_no_letterboxing/nlbx_23543e470e83c3cd2bbe16330d6d2b2e.jpg",0.895,"2026-04-06T16:38:44.748400Z"
36630,"1","Flooded","2026-04-06T16:37:57.695560Z",216043,"/data/local-files/?d=/share/ju/nexar_data/training_datasets/street_flooding/all_no_letterboxing/nlbx_44c110d8cf63e972eaa7be3bb3e6202c.jpg",0.914,"2026-04-06T16:37:57.695584Z"
36407,"1","Flooded","2026-04-06T16:32:31.753724Z",216044,"/data/local-files/?d=/share/ju/nexar_data/training_datasets/street_flooding/all_no_letterboxing/nlbx_d70a3a982ceb943c2db271658ab72f6a.jpg",2.032,"2026-04-06T16:32:31.753746Z"
36208,"1","Flooded","2026-04-06T13:13:04.011279Z",216045,"/data/local-files/?d=/share/ju/nexar_data/training_datasets/street_flooding/all_no_letterboxing/nlbx_d27649722ebcb140871459e1d875d54c.jpg",0.992,"2026-04-06T13:13:04.011310Z"
36410,"1","Flooded","2026-04-06T16:32:36.825195Z",216046,"/data/local-files/?d=/share/ju/nexar_data/training_datasets/street_flooding/all_no_letterboxing/nlbx_b970b6017f53f1e4f6dcb8a50b956e9d.jpg",2.42,"2026-04-06T16:32:36.825217Z"
36337,"1","Flooded","2026-04-06T16:30:25.665922Z",216047,"/data/local-files/?d=/share/ju/nexar_data/training_datasets/street_flooding/all_no_letterboxing/nlbx_18b195c66aba86adebca78a82a080213.jpg",3.308,"2026-04-06T16:30:28.127197Z"
36517,"1","Not Flooded","2026-04-06T16:35:27.182627Z",216048,"/data/local-files/?d=/share/ju/nexar_data/training_datasets/street_flooding/all_no_letterboxing/nlbx_51679747ce49d947445a095541b1bc7a.jpg",0.956,"2026-04-06T16:35:27.182649Z"
36669,"1","Flooded","2026-04-06T16:38:58.509131Z",216049,"/data/local-files/?d=/share/ju/nexar_data/training_datasets/street_flooding/all_no_letterboxing/nlbx_17aca3d3249965a2e401d0a5d37ce5cc.jpg",3.892,"2026-04-06T16:38:58.509157Z"
36340,"1","Flooded","2026-04-06T16:30:32.691459Z",216050,"/data/local-files/?d=/share/ju/nexar_data/training_datasets/street_flooding/all_no_letterboxing/nlbx_1a0b8cd917be843433a9cd80c1bfb35e.jpg",1.378,"2026-04-06T16:30:32.691481Z"
36486,"1","Flooded","2026-04-06T16:34:41.474607Z",216051,"/data/local-files/?d=/share/ju/nexar_data/training_datasets/street_flooding/all_no_letterboxing/nlbx_2c4ce8cfffe396f6683e0f6a56ef2f83.jpg",1.355,"2026-04-06T16:34:41.474620Z"
36391,"1","Flooded","2026-04-06T16:32:10.019720Z",216052,"/data/local-files/?d=/share/ju/nexar_data/training_datasets/street_flooding/all_no_letterboxing/nlbx_7d8c31f99dc531bba301074d9c211264.jpg",1.074,"2026-04-06T16:32:10.019741Z"
36310,"1","Flooded","2026-04-06T13:21:19.370523Z",216053,"/data/local-files/?d=/share/ju/nexar_data/training_datasets/street_flooding/all_no_letterboxing/nlbx_e5eddab9862afa082493b4fc8167fe0e.jpg",1.138,"2026-04-06T13:21:19.370543Z"
36557,"1","Flooded","2026-04-06T16:36:18.248187Z",216054,"/data/local-files/?d=/share/ju/nexar_data/training_datasets/street_flooding/all_no_letterboxing/nlbx_8e9cf28f14f77ceb301f48443a8069ac.jpg",1.253,"2026-04-06T16:36:18.248209Z"
36240,"1","Flooded","2026-04-06T13:14:26.543945Z",216055,"/data/local-files/?d=/share/ju/nexar_data/training_datasets/street_flooding/all_no_letterboxing/nlbx_c31439de50c5ff5fe02f3270291b86b1.jpg",1.083,"2026-04-06T13:14:26.543970Z"
36179,"1","Flooded","2026-04-06T13:11:43.865256Z",216056,"/data/local-files/?d=/share/ju/nexar_data/training_datasets/street_flooding/all_no_letterboxing/nlbx_f6269bb291178eb114cabdf0799f4226.jpg",1.378,"2026-04-06T13:11:43.865270Z"
36420,"1","Not Flooded","2026-04-06T16:32:58.044358Z",216057,"/data/local-files/?d=/share/ju/nexar_data/training_datasets/street_flooding/all_no_letterboxing/nlbx_5f3b26d47f198bf293eae01f01972269.jpg",0.928,"2026-04-06T16:32:58.044371Z"
36554,"1","Flooded","2026-04-06T16:36:14.119983Z",216058,"/data/local-files/?d=/share/ju/nexar_data/training_datasets/street_flooding/all_no_letterboxing/nlbx_00912b78ade6a170b24606f87b8a34b5.jpg",0.902,"2026-04-06T16:36:14.120005Z"
36462,"1","Not Flooded","2026-04-06T16:33:52.348505Z",216059,"/data/local-files/?d=/share/ju/nexar_data/training_datasets/street_flooding/all_no_letterboxing/nlbx_712a28ec263e59b80a2d8a4197eae821.jpg",0.86,"2026-04-06T16:33:52.348527Z"
36530,"1","Not Flooded","2026-04-06T16:35:43.017795Z",216060,"/data/local-files/?d=/share/ju/nexar_data/training_datasets/street_flooding/all_no_letterboxing/nlbx_6779be3a5401dfebe7d9209ecaad459c.jpg",0.893,"2026-04-06T16:35:43.017819Z"
36315,"1","Not Flooded","2026-04-06T13:21:28.825703Z",216061,"/data/local-files/?d=/share/ju/nexar_data/training_datasets/street_flooding/all_no_letterboxing/nlbx_345203968df18eee30dc873f22d863dc.jpg",0.827,"2026-04-06T13:21:28.825734Z"
36441,"1","Not Flooded","2026-04-06T16:33:24.909455Z",216062,"/data/local-files/?d=/share/ju/nexar_data/training_datasets/street_flooding/all_no_letterboxing/nlbx_16b32eabdb8321a73a822bede1d3a437.jpg",0.918,"2026-04-06T16:33:24.909471Z"
36667,"1","Not Flooded","2026-04-06T16:38:53.178001Z",216063,"/data/local-files/?d=/share/ju/nexar_data/training_datasets/street_flooding/all_no_letterboxing/nlbx_73d170de29e2e85b016046414672409d.jpg",1.372,"2026-04-06T16:38:53.178033Z"
36281,"1","Flooded","2026-04-06T13:15:40.913972Z",216064,"/data/local-files/?d=/share/ju/nexar_data/training_datasets/street_flooding/all_no_letterboxing/nlbx_50c8d814905629c3ff11e71cc1886e90.jpg",1.797,"2026-04-06T13:15:40.913984Z"
36414,"1","Not Flooded","2026-04-06T16:32:47.361851Z",216065,"/data/local-files/?d=/share/ju/nexar_data/training_datasets/street_flooding/all_no_letterboxing/nlbx_f6fcf0b4f5ad99b6b5d9b107b93e4b63.jpg",5.209,"2026-04-06T16:32:47.361872Z"
36551,"1","Flooded","2026-04-06T16:36:10.164970Z",216066,"/data/local-files/?d=/share/ju/nexar_data/training_datasets/street_flooding/all_no_letterboxing/nlbx_46cdeb6170966f07f0d92d92b6179f15.jpg",1.872,"2026-04-06T16:36:10.164992Z"
36545,"1","Flooded","2026-04-06T16:36:02.144182Z",216067,"/data/local-files/?d=/share/ju/nexar_data/training_datasets/street_flooding/all_no_letterboxing/nlbx_423ab4aa062b7723a10e4ce26235f681.jpg",2.024,"2026-04-06T16:36:02.144195Z"
36455,"1","Not Flooded","2026-04-06T16:33:42.509192Z",216068,"/data/local-files/?d=/share/ju/nexar_data/training_datasets/street_flooding/all_no_letterboxing/nlbx_8ab4183fce95d92becb9bba37d161c52.jpg",0.7,"2026-04-06T16:33:42.509215Z"
36496,"1","Flooded","2026-04-06T16:34:55.996003Z",216069,"/data/local-files/?d=/share/ju/nexar_data/training_datasets/street_flooding/all_no_letterboxing/nlbx_2a5121429509607e63c76bcdb9aa3f27.jpg",0.936,"2026-04-06T16:34:55.996030Z"
36671,"1","Not Flooded","2026-04-06T16:39:00.820097Z",216070,"/data/local-files/?d=/share/ju/nexar_data/training_datasets/street_flooding/all_no_letterboxing/nlbx_2d310ec8b209226af89605eb99cf5a23.jpg",0.875,"2026-04-06T16:39:00.820121Z"
36573,"1","Flooded","2026-04-06T16:36:39.506934Z",216071,"/data/local-files/?d=/share/ju/nexar_data/training_datasets/street_flooding/all_no_letterboxing/nlbx_1dead8676852d8592f60abf3c0d43861.jpg",1.02,"2026-04-06T16:36:39.506956Z"
36661,"1","Flooded","2026-04-06T16:38:43.517764Z",216072,"/data/local-files/?d=/share/ju/nexar_data/training_datasets/street_flooding/all_no_letterboxing/nlbx_12d95a7b695fd858e007a77d8814014a.jpg",0.899,"2026-04-06T16:38:43.517776Z"
36237,"1","Flooded","2026-04-06T13:14:21.564556Z",216073,"/data/local-files/?d=/share/ju/nexar_data/training_datasets/street_flooding/all_no_letterboxing/nlbx_272a2c5a1f881d9ee1600a8ea51e687c.jpg",3.376,"2026-04-06T13:14:21.564578Z"
36498,"1","Not Flooded","2026-04-06T16:34:58.468794Z",216074,"/data/local-files/?d=/share/ju/nexar_data/training_datasets/street_flooding/all_no_letterboxing/nlbx_58c55736bcf90960e875f764f25b8d7f.jpg",0.942,"2026-04-06T16:34:58.468807Z"
36655,"1","Not Flooded","2026-04-06T16:38:29.284654Z",216075,"/data/local-files/?d=/share/ju/nexar_data/training_datasets/street_flooding/all_no_letterboxing/nlbx_3610f5598def66cf6b0d0d2bd5f69134.jpg",0.852,"2026-04-06T16:38:29.284675Z"
36451,"1","Flooded","2026-04-06T16:33:37.806159Z",216076,"/data/local-files/?d=/share/ju/nexar_data/training_datasets/street_flooding/all_no_letterboxing/nlbx_a80c16227bade552185c39df455b021c.jpg",1.241,"2026-04-06T16:33:37.806182Z"
36495,"1","Flooded","2026-04-06T16:34:54.793894Z",216077,"/data/local-files/?d=/share/ju/nexar_data/training_datasets/street_flooding/all_no_letterboxing/nlbx_fefe86c8cad1909a7cf0bf04683be52f.jpg",0.891,"2026-04-06T16:34:54.793916Z"
36510,"1","Not Flooded","2026-04-06T16:35:18.727419Z",216078,"/data/local-files/?d=/share/ju/nexar_data/training_datasets/street_flooding/all_no_letterboxing/nlbx_50348d8ca6f5f49d576955e27cdb60b9.jpg",1.193,"2026-04-06T16:35:18.727455Z"
36285,"1","Flooded","2026-04-06T13:15:46.456968Z",216079,"/data/local-files/?d=/share/ju/nexar_data/training_datasets/street_flooding/all_no_letterboxing/nlbx_afbcf02393ad63dbe0d21218c171870b.jpg",1.064,"2026-04-06T13:15:46.456982Z"
36453,"1","Not Flooded","2026-04-06T16:33:40.108622Z",216080,"/data/local-files/?d=/share/ju/nexar_data/training_datasets/street_flooding/all_no_letterboxing/nlbx_52054c7bb2fc1920c30d604b9722748b.jpg",0.709,"2026-04-06T16:33:40.108636Z"
36596,"1","Not Flooded","2026-04-06T16:37:15.275568Z",216081,"/data/local-files/?d=/share/ju/nexar_data/training_datasets/street_flooding/all_no_letterboxing/nlbx_a4a2d2439f9191276133070dbef75756.jpg",0.988,"2026-04-06T16:37:15.275590Z"
36448,"1","Flooded","2026-04-06T16:33:34.139979Z",216082,"/data/local-files/?d=/share/ju/nexar_data/training_datasets/street_flooding/all_no_letterboxing/nlbx_6d5f422cc3c6fc08dfd69795e6d03dc8.jpg",1.336,"2026-04-06T16:33:34.140006Z"
36319,"1","Flooded","2026-04-06T13:21:35.676184Z",216083,"/data/local-files/?d=/share/ju/nexar_data/training_datasets/street_flooding/all_no_letterboxing/nlbx_e8d0bf8e64b12f9c607ac5080d2a32d1.jpg",2.329,"2026-04-06T13:21:35.676206Z"
36221,"1","Not Flooded","2026-04-06T13:13:52.783090Z",216084,"/data/local-files/?d=/share/ju/nexar_data/training_datasets/street_flooding/all_no_letterboxing/nlbx_b0170237dc9ab5f5aa798ef3a8d07c0f.jpg",1.965,"2026-04-06T13:13:52.783111Z"
36412,"1","Flooded","2026-04-06T16:32:39.587995Z",216085,"/data/local-files/?d=/share/ju/nexar_data/training_datasets/street_flooding/all_no_letterboxing/nlbx_730a42fd3cf397fc5cd4bd4462b06590.jpg",1.209,"2026-04-06T16:32:39.588016Z"
36293,"1","Flooded","2026-04-06T13:15:58.112863Z",216086,"/data/local-files/?d=/share/ju/nexar_data/training_datasets/street_flooding/all_no_letterboxing/nlbx_30b11fa986f8cd38a6abbef9f322b58b.jpg",1.105,"2026-04-06T13:15:58.112884Z"
36577,"1","Not Flooded","2026-04-06T16:36:46.990755Z",216087,"/data/local-files/?d=/share/ju/nexar_data/training_datasets/street_flooding/all_no_letterboxing/nlbx_ff90f922db17c0830a2c8edb43051cf3.jpg",3.056,"2026-04-06T16:36:46.990780Z"
36593,"1","Not Flooded","2026-04-06T16:37:11.108711Z",216088,"/data/local-files/?d=/share/ju/nexar_data/training_datasets/street_flooding/all_no_letterboxing/nlbx_7cf814268ce74e03c5bfb0792466baa6.jpg",3.597,"2026-04-06T16:37:11.108724Z"
36580,"1","Flooded","2026-04-06T16:36:50.809027Z",216089,"/data/local-files/?d=/share/ju/nexar_data/training_datasets/street_flooding/all_no_letterboxing/nlbx_4e350176c17ccb80a4c16d08363a4110.jpg",0.99,"2026-04-06T16:36:50.809049Z"
36563,"1","Flooded","2026-04-06T16:36:26.798718Z",216090,"/data/local-files/?d=/share/ju/nexar_data/training_datasets/street_flooding/all_no_letterboxing/nlbx_261f38f1cc20b36bcb31c9d134174674.jpg",1.29,"2026-04-06T16:36:26.798739Z"
36493,"1","Not Flooded","2026-04-06T16:34:52.414376Z",216091,"/data/local-files/?d=/share/ju/nexar_data/training_datasets/street_flooding/all_no_letterboxing/nlbx_f26d6b76e66ec6d39414b7855aa37534.jpg",1.388,"2026-04-06T16:34:52.414389Z"
36318,"1","Flooded","2026-04-06T13:21:32.607578Z",216092,"/data/local-files/?d=/share/ju/nexar_data/training_datasets/street_flooding/all_no_letterboxing/nlbx_97b40e337a0fe265723c20058d48ea31.jpg",1.073,"2026-04-06T13:21:32.607605Z"
36231,"1","Not Flooded","2026-04-06T13:14:08.883937Z",216093,"/data/local-files/?d=/share/ju/nexar_data/training_datasets/street_flooding/all_no_letterboxing/nlbx_1e0450f60d7aca3117d5464bab68f3a8.jpg",1.192,"2026-04-06T13:14:08.883958Z"
36585,"1","Flooded","2026-04-06T16:36:58.030262Z",216094,"/data/local-files/?d=/share/ju/nexar_data/training_datasets/street_flooding/all_no_letterboxing/nlbx_3c82b98870e027e0a5566f91704e5729.jpg",1.081,"2026-04-06T16:36:58.030284Z"
36404,"1","Flooded","2026-04-06T16:32:26.806968Z",216095,"/data/local-files/?d=/share/ju/nexar_data/training_datasets/street_flooding/all_no_letterboxing/nlbx_d9e27cee8b815bdefe5d720916c7ed9f.jpg",1.452,"2026-04-06T16:32:26.806999Z"
36356,"1","Flooded","2026-04-06T16:31:00.430548Z",216096,"/data/local-files/?d=/share/ju/nexar_data/training_datasets/street_flooding/all_no_letterboxing/nlbx_ad6922e04d229317ae32dc50e4977485.jpg",0.97,"2026-04-06T16:31:00.430569Z"
36289,"1","Flooded","2026-04-06T13:15:51.798793Z",216097,"/data/local-files/?d=/share/ju/nexar_data/training_datasets/street_flooding/all_no_letterboxing/nlbx_ad09baa73665edb2da7adbeecde14960.jpg",0.9,"2026-04-06T13:15:51.798805Z"
36214,"1","Flooded","2026-04-06T13:13:31.087758Z",216098,"/data/local-files/?d=/share/ju/nexar_data/training_datasets/street_flooding/all_no_letterboxing/nlbx_789bc5e59e577dbdf08c74a453648fef.jpg",1.862,"2026-04-06T13:13:31.087770Z"
36594,"1","Flooded","2026-04-06T16:37:12.392160Z",216099,"/data/local-files/?d=/share/ju/nexar_data/training_datasets/street_flooding/all_no_letterboxing/nlbx_b4d34d796db9187fc46444f9c110e1e0.jpg",0.97,"2026-04-06T16:37:12.392173Z"
36380,"1","Not Flooded","2026-04-06T16:31:53.273051Z",216100,"/data/local-files/?d=/share/ju/nexar_data/training_datasets/street_flooding/all_no_letterboxing/nlbx_391b2fc1db591bd3275cf4f069062d88.jpg",0.813,"2026-04-06T16:31:53.273073Z"
36553,"1","Flooded","2026-04-06T16:36:12.915989Z",216101,"/data/local-files/?d=/share/ju/nexar_data/training_datasets/street_flooding/all_no_letterboxing/nlbx_061956783d1e74c65dca1c44f81474f7.jpg",1.424,"2026-04-06T16:36:12.916016Z"
36351,"1","Flooded","2026-04-06T16:30:53.662267Z",216102,"/data/local-files/?d=/share/ju/nexar_data/training_datasets/street_flooding/all_no_letterboxing/nlbx_06c3aac3fbcdb9148b7f1eae64d59b2f.jpg",1.416,"2026-04-06T16:30:53.662289Z"
36492,"1","Flooded","2026-04-06T16:34:50.699834Z",216103,"/data/local-files/?d=/share/ju/nexar_data/training_datasets/street_flooding/all_no_letterboxing/nlbx_37fe22a4d611f6c8603d68339ec50f27.jpg",0.941,"2026-04-06T16:34:50.699856Z"
36645,"1","Flooded","2026-04-06T16:38:16.233127Z",216104,"/data/local-files/?d=/share/ju/nexar_data/training_datasets/street_flooding/all_no_letterboxing/nlbx_473c40db02d05412e98ee06d105d3a1e.jpg",0.983,"2026-04-06T16:38:16.233150Z"
36621,"1","Flooded","2026-04-06T16:37:46.253261Z",216105,"/data/local-files/?d=/share/ju/nexar_data/training_datasets/street_flooding/all_no_letterboxing/nlbx_1c759fb0354c05857e6b8600a3cd75e1.jpg",1.058,"2026-04-06T16:37:46.253274Z"
36576,"1","Flooded","2026-04-06T16:36:43.651373Z",216106,"/data/local-files/?d=/share/ju/nexar_data/training_datasets/street_flooding/all_no_letterboxing/nlbx_921dfd7dc1aef338fd9ccf2330b4fadc.jpg",1.126,"2026-04-06T16:36:43.651395Z"
36625,"1","Flooded","2026-04-06T16:37:51.251296Z",216107,"/data/local-files/?d=/share/ju/nexar_data/training_datasets/street_flooding/all_no_letterboxing/nlbx_433690f1ce47c9f0c99adeef5bd20e87.jpg",0.893,"2026-04-06T16:37:51.251318Z"
36269,"1","Flooded","2026-04-06T13:15:21.710597Z",216108,"/data/local-files/?d=/share/ju/nexar_data/training_datasets/street_flooding/all_no_letterboxing/nlbx_1258b33dcdb4523160f260168f248ab3.jpg",0.96,"2026-04-06T13:15:21.710618Z"
36626,"1","Not Flooded","2026-04-06T16:37:52.722452Z",216109,"/data/local-files/?d=/share/ju/nexar_data/training_datasets/street_flooding/all_no_letterboxing/nlbx_47b496c672d1bc30633fb42319328760.jpg",1.166,"2026-04-06T16:37:52.722465Z"
36592,"1","Flooded","2026-04-06T16:37:07.208980Z",216110,"/data/local-files/?d=/share/ju/nexar_data/training_datasets/street_flooding/all_no_letterboxing/nlbx_417836225757c8941458e4ea2e196cb6.jpg",1.313,"2026-04-06T16:37:07.209003Z"
36633,"1","Flooded","2026-04-06T16:38:01.284572Z",216111,"/data/local-files/?d=/share/ju/nexar_data/training_datasets/street_flooding/all_no_letterboxing/nlbx_109d5e9f6d11aaa46446ffa6f6913744.jpg",0.912,"2026-04-06T16:38:01.284594Z"
36457,"1","Flooded","2026-04-06T16:33:45.167512Z",216112,"/data/local-files/?d=/share/ju/nexar_data/training_datasets/street_flooding/all_no_letterboxing/nlbx_4cce7999900a4fa48be3102eed0ba303.jpg",0.825,"2026-04-06T16:33:45.167533Z"
36663,"1","Not Flooded","2026-04-06T16:38:47.959763Z",216113,"/data/local-files/?d=/share/ju/nexar_data/training_datasets/street_flooding/all_no_letterboxing/nlbx_a4c134f15b9c33a64b7a82c6a7091666.jpg",2.891,"2026-04-06T16:38:47.959784Z"
36283,"1","Flooded","2026-04-06T13:15:43.645956Z",216114,"/data/local-files/?d=/share/ju/nexar_data/training_datasets/street_flooding/all_no_letterboxing/nlbx_70c04123ea2f6c6eecc2b1da38c141b5.jpg",1.191,"2026-04-06T13:15:43.645969Z"
36284,"1","Flooded","2026-04-06T13:15:45.068617Z",216115,"/data/local-files/?d=/share/ju/nexar_data/training_datasets/street_flooding/all_no_letterboxing/nlbx_e26cf4ff04386ddc90c6fe29813b3827.jpg",1.103,"2026-04-06T13:15:45.068637Z"
36370,"1","Flooded","2026-04-06T16:31:22.721989Z",216116,"/data/local-files/?d=/share/ju/nexar_data/training_datasets/street_flooding/all_no_letterboxing/nlbx_46cf4c5a4ad80fc353804548dec86496.jpg",2.617,"2026-04-06T16:31:22.722005Z"
36212,"1","Flooded","2026-04-06T13:13:12.707172Z",216117,"/data/local-files/?d=/share/ju/nexar_data/training_datasets/street_flooding/all_no_letterboxing/nlbx_f643954b6daa2fcb50c23243d6567e4b.jpg",1.179,"2026-04-06T13:13:12.707184Z"
36466,"1","Flooded","2026-04-06T16:33:57.245476Z",216118,"/data/local-files/?d=/share/ju/nexar_data/training_datasets/street_flooding/all_no_letterboxing/nlbx_3aea77e43401564d342713bee3c5ea62.jpg",0.871,"2026-04-06T16:33:57.245504Z"
36424,"1","Flooded","2026-04-06T16:33:02.619699Z",216119,"/data/local-files/?d=/share/ju/nexar_data/training_datasets/street_flooding/all_no_letterboxing/nlbx_42c11263b086adae35d9ed678b32b828.jpg",0.903,"2026-04-06T16:33:02.619721Z"
36472,"1","Not Flooded","2026-04-06T16:34:13.093692Z",216120,"/data/local-files/?d=/share/ju/nexar_data/training_datasets/street_flooding/all_no_letterboxing/nlbx_47ef0dac2508b98b2056291ecdcc33b2.jpg",2.349,"2026-04-06T16:34:13.093714Z"
36377,"1","Not Flooded","2026-04-06T16:31:45.427365Z",216121,"/data/local-files/?d=/share/ju/nexar_data/training_datasets/street_flooding/all_no_letterboxing/nlbx_5069f2a380083ba96562617fcf4fe508.jpg",9.965,"2026-04-06T16:31:45.427391Z"
36643,"1","Flooded","2026-04-06T16:38:13.561636Z",216122,"/data/local-files/?d=/share/ju/nexar_data/training_datasets/street_flooding/all_no_letterboxing/nlbx_a27efea23dedc301c0c37f0594105dd7.jpg",0.837,"2026-04-06T16:38:13.561662Z"
36256,"1","Not Flooded","2026-04-06T13:14:56.524317Z",216123,"/data/local-files/?d=/share/ju/nexar_data/training_datasets/street_flooding/all_no_letterboxing/nlbx_c2b2556f1909c1c29ff5160858c4f660.jpg",3.022,"2026-04-06T13:14:56.524338Z"
36525,"1","Flooded","2026-04-06T16:35:36.784857Z",216124,"/data/local-files/?d=/share/ju/nexar_data/training_datasets/street_flooding/all_no_letterboxing/nlbx_78d19b6937d917a4293bbbd0718eaef8.jpg",0.981,"2026-04-06T16:35:36.784879Z"
36673,"1","Flooded","2026-04-06T16:39:03.157400Z",216125,"/data/local-files/?d=/share/ju/nexar_data/training_datasets/street_flooding/all_no_letterboxing/nlbx_bcabb35e87b41618849c68a858266e25.jpg",0.924,"2026-04-06T16:39:03.157416Z"
36280,"1","Flooded","2026-04-06T13:15:38.806337Z",216126,"/data/local-files/?d=/share/ju/nexar_data/training_datasets/street_flooding/all_no_letterboxing/nlbx_a3d5973f1d763928b7863a678b7c6b2c.jpg",1.206,"2026-04-06T13:15:38.806349Z"
36222,"1","Not Flooded","2026-04-06T13:13:54.157931Z",216127,"/data/local-files/?d=/share/ju/nexar_data/training_datasets/street_flooding/all_no_letterboxing/nlbx_f3e9d0daddf827e780e511534e7caf2f.jpg",1.05,"2026-04-06T13:13:54.157954Z"
36474,"1","Not Flooded","2026-04-06T16:34:16.682255Z",216128,"/data/local-files/?d=/share/ju/nexar_data/training_datasets/street_flooding/all_no_letterboxing/nlbx_036e1c6e48888dc54fe1c0d2808a285a.jpg",2.126,"2026-04-06T16:34:16.682277Z"
36640,"1","Flooded","2026-04-06T16:38:09.667718Z",216129,"/data/local-files/?d=/share/ju/nexar_data/training_datasets/street_flooding/all_no_letterboxing/nlbx_06cd3fefd8e78779d508e07ef27b70fb.jpg",0.859,"2026-04-06T16:38:09.667744Z"
36491,"1","Not Flooded","2026-04-06T16:34:49.464690Z",216130,"/data/local-files/?d=/share/ju/nexar_data/training_datasets/street_flooding/all_no_letterboxing/nlbx_aa12a9d70a3a57ca5fffa7cfe07c44b3.jpg",0.923,"2026-04-06T16:34:49.464714Z"
36295,"1","Flooded","2026-04-06T13:16:00.771948Z",216131,"/data/local-files/?d=/share/ju/nexar_data/training_datasets/street_flooding/all_no_letterboxing/nlbx_38cd44a291a27a4fb286c4aa58531aa5.jpg",1.137,"2026-04-06T13:16:00.771970Z"
36218,"1","Flooded","2026-04-06T13:13:44.140688Z",216132,"/data/local-files/?d=/share/ju/nexar_data/training_datasets/street_flooding/all_no_letterboxing/nlbx_185f6b71ae7fe0bda61b41f322fbe9a9.jpg",1.474,"2026-04-06T13:13:44.140709Z"
36608,"1","Not Flooded","2026-04-06T16:37:29.223551Z",216133,"/data/local-files/?d=/share/ju/nexar_data/training_datasets/street_flooding/all_no_letterboxing/nlbx_75a87a892780b66ab95c41b6380b53ee.jpg",1.011,"2026-04-06T16:37:29.223574Z"
36590,"1","Not Flooded","2026-04-06T16:37:04.496303Z",216134,"/data/local-files/?d=/share/ju/nexar_data/training_datasets/street_flooding/all_no_letterboxing/nlbx_c05d7fa94bad8ab13a8dd2f5410b84d4.jpg",0.812,"2026-04-06T16:37:04.496326Z"
36422,"1","Flooded","2026-04-06T16:33:00.353312Z",216135,"/data/local-files/?d=/share/ju/nexar_data/training_datasets/street_flooding/all_no_letterboxing/nlbx_0321cea2aba1e0031aad262982fd6bee.jpg",0.999,"2026-04-06T16:33:00.353334Z"
36497,"1","Flooded","2026-04-06T16:34:57.261164Z",216136,"/data/local-files/?d=/share/ju/nexar_data/training_datasets/street_flooding/all_no_letterboxing/nlbx_7b804f9450eb3da22d42eac235be2181.jpg",0.997,"2026-04-06T16:34:57.261180Z"
36352,"1","Flooded","2026-04-06T16:30:55.059895Z",216137,"/data/local-files/?d=/share/ju/nexar_data/training_datasets/street_flooding/all_no_letterboxing/nlbx_af63286ebb52426b0bd35a87c137ecd3.jpg",1.127,"2026-04-06T16:30:55.059916Z"
36547,"1","Flooded","2026-04-06T16:36:04.976467Z",216138,"/data/local-files/?d=/share/ju/nexar_data/training_datasets/street_flooding/all_no_letterboxing/nlbx_e876546f7d705d32794a7f6e77ab07bc.jpg",1.524,"2026-04-06T16:36:04.976489Z"
36383,"1","Flooded","2026-04-06T16:31:57.225125Z",216139,"/data/local-files/?d=/share/ju/nexar_data/training_datasets/street_flooding/all_no_letterboxing/nlbx_40b8cda1fb3754b64f2777cc903c031e.jpg",1.157,"2026-04-06T16:31:57.225137Z"
36484,"1","Flooded","2026-04-06T16:34:38.193780Z",216140,"/data/local-files/?d=/share/ju/nexar_data/training_datasets/street_flooding/all_no_letterboxing/nlbx_c33f523ae0d76a0fa320f529d0234c63.jpg",0.883,"2026-04-06T16:34:38.193807Z"
36372,"1","Not Flooded","2026-04-06T16:31:26.677652Z",216141,"/data/local-files/?d=/share/ju/nexar_data/training_datasets/street_flooding/all_no_letterboxing/nlbx_379403749e205675366b13a832950d08.jpg",1.341,"2026-04-06T16:31:26.677674Z"
36326,"1","Flooded","2026-04-06T16:30:05.795931Z",216142,"/data/local-files/?d=/share/ju/nexar_data/training_datasets/street_flooding/all_no_letterboxing/nlbx_949e15b3fcfd4e10b42128f79351e282.jpg",1.343,"2026-04-06T16:30:05.795944Z"
36560,"1","Flooded","2026-04-06T16:36:22.193929Z",216143,"/data/local-files/?d=/share/ju/nexar_data/training_datasets/street_flooding/all_no_letterboxing/nlbx_c12f2d4cd51208d0426f5681d5950a3b.jpg",0.846,"2026-04-06T16:36:22.193952Z"
36225,"1","Flooded","2026-04-06T13:13:58.061400Z",216144,"/data/local-files/?d=/share/ju/nexar_data/training_datasets/street_flooding/all_no_letterboxing/nlbx_e9b9734f1b3d1b5782aefb6359914bed.jpg",1.061,"2026-04-06T13:13:58.061435Z"
36440,"1","Flooded","2026-04-06T16:33:23.712171Z",216145,"/data/local-files/?d=/share/ju/nexar_data/training_datasets/street_flooding/all_no_letterboxing/nlbx_ab332905c35ef7fb270d3f1c15e79789.jpg",1.502,"2026-04-06T16:33:23.712192Z"
36260,"1","Flooded","2026-04-06T13:15:08.282167Z",216146,"/data/local-files/?d=/share/ju/nexar_data/training_datasets/street_flooding/all_no_letterboxing/nlbx_8c19a243fcf27dc72b918af69ed1f73e.jpg",1.711,"2026-04-06T13:15:08.282188Z"
36241,"1","Flooded","2026-04-06T13:14:28.121928Z",216147,"/data/local-files/?d=/share/ju/nexar_data/training_datasets/street_flooding/all_no_letterboxing/nlbx_68fc52812767a373157a4328a9f4529d.jpg",1.266,"2026-04-06T13:14:28.121948Z"
36247,"1","Not Flooded","2026-04-06T13:14:38.523939Z",216148,"/data/local-files/?d=/share/ju/nexar_data/training_datasets/street_flooding/all_no_letterboxing/nlbx_a429eb4e5125296955302923abc28a52.jpg",1.499,"2026-04-06T13:14:38.523952Z"
36205,"1","Not Flooded","2026-04-06T13:12:50.766162Z",216149,"/data/local-files/?d=/share/ju/nexar_data/training_datasets/street_flooding/all_no_letterboxing/nlbx_ba44dac13d1f2af756adea0607ae0461.jpg",2.168,"2026-04-06T13:12:50.766175Z"
36578,"1","Flooded","2026-04-06T16:36:48.233482Z",216150,"/data/local-files/?d=/share/ju/nexar_data/training_datasets/street_flooding/all_no_letterboxing/nlbx_bb98fff39931f405e802e3b3a5c2790e.jpg",0.953,"2026-04-06T16:36:48.233505Z"
36378,"1","Flooded","2026-04-06T16:31:51.061488Z",216151,"/data/local-files/?d=/share/ju/nexar_data/training_datasets/street_flooding/all_no_letterboxing/nlbx_093be246490f42d826ea8bf37cf07802.jpg",5.302,"2026-04-06T16:31:51.061510Z"
36657,"1","Flooded","2026-04-06T16:38:31.916227Z",216152,"/data/local-files/?d=/share/ju/nexar_data/training_datasets/street_flooding/all_no_letterboxing/nlbx_a0479b1e678a84d7cd7500980346d33f.jpg",0.843,"2026-04-06T16:38:31.916249Z"
36202,"1","Flooded","2026-04-06T13:12:42.034678Z",216153,"/data/local-files/?d=/share/ju/nexar_data/training_datasets/street_flooding/all_no_letterboxing/nlbx_7746cd20bf946e14f61347adae0f3f1a.jpg",3.748,"2026-04-06T13:12:42.034693Z"
36276,"1","Flooded","2026-04-06T13:15:32.485335Z",216154,"/data/local-files/?d=/share/ju/nexar_data/training_datasets/street_flooding/all_no_letterboxing/nlbx_3dbdce464b4bb7fdafe7f47f9683be1b.jpg",1.083,"2026-04-06T13:15:32.485356Z"
36659,"1","Not Flooded","2026-04-06T16:38:40.541288Z",216155,"/data/local-files/?d=/share/ju/nexar_data/training_datasets/street_flooding/all_no_letterboxing/nlbx_f641aff197c95bf7ddf4d579745e6194.jpg",6.844,"2026-04-06T16:38:40.541321Z"
36470,"1","Flooded","2026-04-06T16:34:02.110321Z",216156,"/data/local-files/?d=/share/ju/nexar_data/training_datasets/street_flooding/all_no_letterboxing/nlbx_ebbeebaf4305970f9fd387311f312dc3.jpg",1.24,"2026-04-06T16:34:02.110349Z"
36355,"1","Not Flooded","2026-04-06T16:30:59.180255Z",216157,"/data/local-files/?d=/share/ju/nexar_data/training_datasets/street_flooding/all_no_letterboxing/nlbx_13014a60cd722d320ea773651118c7ae.jpg",1.379,"2026-04-06T16:30:59.180277Z"
36418,"1","Not Flooded","2026-04-06T16:32:55.784469Z",216158,"/data/local-files/?d=/share/ju/nexar_data/training_datasets/street_flooding/all_no_letterboxing/nlbx_f36df11979fb27f2f1073b13dd8f530a.jpg",4.454,"2026-04-06T16:32:55.784497Z"
36506,"1","Flooded","2026-04-06T16:35:13.443870Z",216159,"/data/local-files/?d=/share/ju/nexar_data/training_datasets/street_flooding/all_no_letterboxing/nlbx_fefcf1ae249820b17ea9c1e7687fef89.jpg",0.845,"2026-04-06T16:35:13.443902Z"
36227,"1","Flooded","2026-04-06T13:14:00.709216Z",216160,"/data/local-files/?d=/share/ju/nexar_data/training_datasets/street_flooding/all_no_letterboxing/nlbx_c75ded31c4c163c396b55645b8de4645.jpg",1.017,"2026-04-06T13:14:00.709229Z"
36275,"1","Not Flooded","2026-04-06T13:15:31.089390Z",216161,"/data/local-files/?d=/share/ju/nexar_data/training_datasets/street_flooding/all_no_letterboxing/nlbx_49548c1e96cc893841ecc77ad88e97c9.jpg",1.164,"2026-04-06T13:15:31.089412Z"
36561,"1","Flooded","2026-04-06T16:36:23.452486Z",216162,"/data/local-files/?d=/share/ju/nexar_data/training_datasets/street_flooding/all_no_letterboxing/nlbx_bd925c501da7c89dd30128257a5a3929.jpg",0.983,"2026-04-06T16:36:23.452508Z"
36347,"1","Flooded","2026-04-06T16:30:46.544237Z",216163,"/data/local-files/?d=/share/ju/nexar_data/training_datasets/street_flooding/all_no_letterboxing/nlbx_0189f86ae51360f4f2944f5cbc524496.jpg",1.159,"2026-04-06T16:30:46.544259Z"
36257,"1","Flooded","2026-04-06T13:14:58.919590Z",216164,"/data/local-files/?d=/share/ju/nexar_data/training_datasets/street_flooding/all_no_letterboxing/nlbx_d81f3baa43d670e92b7c06706f7c025b.jpg",2.063,"2026-04-06T13:14:58.919610Z"
36644,"1","Not Flooded","2026-04-06T16:38:14.936371Z",216165,"/data/local-files/?d=/share/ju/nexar_data/training_datasets/street_flooding/all_no_letterboxing/nlbx_4a423cf7581ee89b98a83e8650fe8059.jpg",1.041,"2026-04-06T16:38:14.936392Z"
36480,"1","Flooded","2026-04-06T16:34:30.281031Z",216166,"/data/local-files/?d=/share/ju/nexar_data/training_datasets/street_flooding/all_no_letterboxing/nlbx_5bdac20c7c36685e7674ccfd5b0e2276.jpg",1.13,"2026-04-06T16:34:30.281052Z"
36668,"1","Not Flooded","2026-04-06T16:38:54.316549Z",216167,"/data/local-files/?d=/share/ju/nexar_data/training_datasets/street_flooding/all_no_letterboxing/nlbx_acc0e1bbcec7fe0a46b35ac48eb4cad3.jpg",0.826,"2026-04-06T16:38:54.316572Z"
36322,"1","Flooded","2026-04-06T16:29:53.238105Z",216168,"/data/local-files/?d=/share/ju/nexar_data/training_datasets/street_flooding/all_no_letterboxing/nlbx_8ece5bb5f066252db10bfab03790b11b.jpg",1.056,"2026-04-06T16:29:53.238128Z"
36246,"1","Not Flooded","2026-04-06T13:14:36.707307Z",216169,"/data/local-files/?d=/share/ju/nexar_data/training_datasets/street_flooding/all_no_letterboxing/nlbx_3f5403231cad3b0c4cfc63171783fa03.jpg",1.199,"2026-04-06T13:14:36.707327Z"
36623,"1","Flooded","2026-04-06T16:37:48.593091Z",216170,"/data/local-files/?d=/share/ju/nexar_data/training_datasets/street_flooding/all_no_letterboxing/nlbx_3f1f49f5478932cac5475dead3af64ad.jpg",0.859,"2026-04-06T16:37:48.593104Z"
36452,"1","Flooded","2026-04-06T16:33:39.113184Z",216171,"/data/local-files/?d=/share/ju/nexar_data/training_datasets/street_flooding/all_no_letterboxing/nlbx_35efc636368f49eb663a28bd85d65bbd.jpg",1.02,"2026-04-06T16:33:39.113197Z"
36536,"1","Not Flooded","2026-04-06T16:35:50.625919Z",216172,"/data/local-files/?d=/share/ju/nexar_data/training_datasets/street_flooding/all_no_letterboxing/nlbx_217610c5a3a72d4101f23f8b6447e1a8.jpg",1.544,"2026-04-06T16:35:50.625940Z"
36263,"1","Flooded","2026-04-06T13:15:12.641730Z",216173,"/data/local-files/?d=/share/ju/nexar_data/training_datasets/street_flooding/all_no_letterboxing/nlbx_0595226bb813f1a6d1e1fff2d5e22639.jpg",1.239,"2026-04-06T13:15:12.641753Z"
36335,"1","Not Flooded","2026-04-06T16:30:22.096017Z",216174,"/data/local-files/?d=/share/ju/nexar_data/training_datasets/street_flooding/all_no_letterboxing/nlbx_6904685d24396e1741ab02e932441a8e.jpg",0.942,"2026-04-06T16:30:22.096039Z"
36636,"1","Not Flooded","2026-04-06T16:38:04.973974Z",216175,"/data/local-files/?d=/share/ju/nexar_data/training_datasets/street_flooding/all_no_letterboxing/nlbx_93d2425caea5ee99491f54825517d580.jpg",0.913,"2026-04-06T16:38:04.973996Z"
36374,"1","Flooded","2026-04-06T16:31:32.938730Z",216176,"/data/local-files/?d=/share/ju/nexar_data/training_datasets/street_flooding/all_no_letterboxing/nlbx_520c5fcb760facc819409dd3593e9759.jpg",4.628,"2026-04-06T16:31:32.938743Z"
36550,"1","Not Flooded","2026-04-06T16:36:08.009368Z",216177,"/data/local-files/?d=/share/ju/nexar_data/training_datasets/street_flooding/all_no_letterboxing/nlbx_47cb8830a8282486b0c87f18611c7db8.jpg",0.696,"2026-04-06T16:36:08.009390Z"
36192,"1","Not Flooded","2026-04-06T13:12:18.614777Z",216178,"/data/local-files/?d=/share/ju/nexar_data/training_datasets/street_flooding/all_no_letterboxing/nlbx_1ce9917f685ef353686816d8992fdd22.jpg",1.926,"2026-04-06T13:12:18.614798Z"
36303,"1","Flooded","2026-04-06T13:16:14.044883Z",216179,"/data/local-files/?d=/share/ju/nexar_data/training_datasets/street_flooding/all_no_letterboxing/nlbx_58eae1615c81e0482d8a6d38577d167b.jpg",1.786,"2026-04-06T13:16:14.044904Z"
36537,"1","Flooded","2026-04-06T16:35:51.733178Z",216180,"/data/local-files/?d=/share/ju/nexar_data/training_datasets/street_flooding/all_no_letterboxing/nlbx_81331e8ce7de08c4f059186fc2150d53.jpg",0.827,"2026-04-06T16:35:51.733199Z"
36595,"1","Flooded","2026-04-06T16:37:13.988658Z",216181,"/data/local-files/?d=/share/ju/nexar_data/training_datasets/street_flooding/all_no_letterboxing/nlbx_1e2b50bb2aa62579fcacfffc767e8c71.jpg",1.301,"2026-04-06T16:37:13.988682Z"
36603,"1","Flooded","2026-04-06T16:37:23.351640Z",216182,"/data/local-files/?d=/share/ju/nexar_data/training_datasets/street_flooding/all_no_letterboxing/nlbx_8481e1d2dcc9555040a58a6dc1b949da.jpg",1.071,"2026-04-06T16:37:23.351662Z"
36298,"1","Flooded","2026-04-06T13:16:05.509299Z",216183,"/data/local-files/?d=/share/ju/nexar_data/training_datasets/street_flooding/all_no_letterboxing/nlbx_3c9eb81adc5c839a8ba47eea92ba1102.jpg",1.286,"2026-04-06T13:16:05.509339Z"
36637,"1","Flooded","2026-04-06T16:38:06.142818Z",216184,"/data/local-files/?d=/share/ju/nexar_data/training_datasets/street_flooding/all_no_letterboxing/nlbx_df203f9f70b05d88461eec7119bf5d41.jpg",0.864,"2026-04-06T16:38:06.142840Z"
36565,"1","Flooded","2026-04-06T16:36:29.338938Z",216185,"/data/local-files/?d=/share/ju/nexar_data/training_datasets/street_flooding/all_no_letterboxing/nlbx_bf79e18a1ed7255008eb87ca60721b60.jpg",0.94,"2026-04-06T16:36:29.338960Z"
36584,"1","Not Flooded","2026-04-06T16:36:56.647496Z",216186,"/data/local-files/?d=/share/ju/nexar_data/training_datasets/street_flooding/all_no_letterboxing/nlbx_886e2cc1959d9d43d19596cfd72dfc37.jpg",1.601,"2026-04-06T16:36:56.647508Z"
36261,"1","Flooded","2026-04-06T13:15:09.711910Z",216187,"/data/local-files/?d=/share/ju/nexar_data/training_datasets/street_flooding/all_no_letterboxing/nlbx_fd91667a7686c8473ad191400481f838.jpg",1.083,"2026-04-06T13:15:09.711923Z"
36313,"1","Flooded","2026-04-06T13:21:26.402020Z",216188,"/data/local-files/?d=/share/ju/nexar_data/training_datasets/street_flooding/all_no_letterboxing/nlbx_e78771f5a2c142ce168c88c806e52695.jpg",1.227,"2026-04-06T13:21:26.402032Z"
36194,"1","Not Flooded","2026-04-06T13:12:23.558066Z",216189,"/data/local-files/?d=/share/ju/nexar_data/training_datasets/street_flooding/all_no_letterboxing/nlbx_4d89242b14fdf2ad6b6f86b074183739.jpg",1.423,"2026-04-06T13:12:23.558087Z"
