                                            mean     sd  hdi_3%  hdi_97%  mcse_mean  mcse_sd  ess_bulk  ess_tail  r_hat
p_y_hat_1_given_y_1                        0.275  0.100   0.129    0.468      0.001    0.001   12599.0   11023.0    1.0
p_y_hat_1_given_y_0                        0.000  0.000   0.000    0.001      0.000    0.000   16508.0   17805.0    1.0
p_y[0]                                     0.050  0.215   0.000    0.001      0.003    0.007    2109.0    3374.0    1.0
p_y[1]                                     0.001  0.003   0.000    0.005      0.000    0.000   15728.0   17796.0    1.0
p_y[2]                                     0.000  0.001   0.000    0.002      0.000    0.000   16872.0   14232.0    1.0
p_y[3]                                     0.000  0.000   0.000    0.001      0.000    0.000   13910.0   16984.0    1.0
p_y[4]                                     0.001  0.002   0.000    0.004      0.000    0.000   15344.0   13676.0    1.0
p_y[5]                                     0.002  0.004   0.000    0.006      0.000    0.000   16901.0   15051.0    1.0
p_y[6]                                     0.001  0.002   0.000    0.004      0.000    0.000   12224.0   13304.0    1.0
p_y[7]                                     0.000  0.001   0.000    0.001      0.000    0.000   11854.0   16501.0    1.0
p_y[8]                                     0.000  0.000   0.000    0.000      0.000    0.000   14056.0   19870.0    1.0
p_y[9]                                     0.001  0.001   0.000    0.002      0.000    0.000   14990.0   20668.0    1.0
p_y[10]                                    0.001  0.001   0.000    0.002      0.000    0.000   15244.0   19766.0    1.0
p_y[11]                                    0.000  0.000   0.000    0.000      0.000    0.000   10278.0   14067.0    1.0
p_y[12]                                    0.000  0.001   0.000    0.002      0.000    0.000   16895.0   20694.0    1.0
p_y[13]                                    0.000  0.000   0.000    0.001      0.000    0.000   12346.0   11397.0    1.0
p_y[14]                                    0.001  0.001   0.000    0.002      0.000    0.000   13753.0   15372.0    1.0
p_y[15]                                    0.000  0.000   0.000    0.001      0.000    0.000   11923.0   11986.0    1.0
p_y[16]                                    0.000  0.001   0.000    0.001      0.000    0.000   15817.0   16248.0    1.0
p_y[17]                                    0.000  0.001   0.000    0.001      0.000    0.000   17347.0   19345.0    1.0
p_y[18]                                    0.000  0.001   0.000    0.001      0.000    0.000   13754.0   15330.0    1.0
p_y[19]                                    0.000  0.001   0.000    0.001      0.000    0.000   14995.0   17325.0    1.0
p_y[20]                                    0.001  0.001   0.000    0.003      0.000    0.000   16940.0   17365.0    1.0
p_y[21]                                    0.000  0.001   0.000    0.002      0.000    0.000   14322.0   13653.0    1.0
p_y[22]                                    0.000  0.001   0.000    0.002      0.000    0.000   16485.0   20213.0    1.0
p_y[23]                                    0.000  0.000   0.000    0.000      0.000    0.000   13572.0   18070.0    1.0
p_y[24]                                    0.001  0.002   0.000    0.003      0.000    0.000   12379.0   17008.0    1.0
p_y[25]                                    0.001  0.002   0.000    0.004      0.000    0.000   14414.0   18218.0    1.0
p_y[26]                                    0.000  0.000   0.000    0.000      0.000    0.000   14283.0   20597.0    1.0
p_y[27]                                    0.002  0.002   0.000    0.006      0.000    0.000   16188.0   18848.0    1.0
p_y[28]                                    0.000  0.000   0.000    0.000      0.000    0.000   16648.0   20214.0    1.0
p_y[29]                                    0.001  0.002   0.000    0.004      0.000    0.000   14899.0   13110.0    1.0
p_y[30]                                    0.001  0.002   0.000    0.004      0.000    0.000   18106.0   15679.0    1.0
p_y[31]                                    0.000  0.001   0.000    0.002      0.000    0.000   12569.0   12123.0    1.0
p_y[32]                                    0.001  0.002   0.000    0.004      0.000    0.000   12662.0    9516.0    1.0
p_y[33]                                    0.001  0.003   0.000    0.006      0.000    0.000   10577.0   16387.0    1.0
p_y[34]                                    0.001  0.002   0.000    0.004      0.000    0.000   16260.0   12346.0    1.0
p_y[35]                                    0.001  0.001   0.000    0.003      0.000    0.000   11692.0   12787.0    1.0
p_y[36]                                    0.015  0.010   0.000    0.033      0.000    0.000   17400.0   16352.0    1.0
p_y[37]                                    0.000  0.001   0.000    0.002      0.000    0.000   17243.0   18204.0    1.0
p_y[38]                                    0.005  0.006   0.000    0.015      0.000    0.000   16719.0   14391.0    1.0
p_y[39]                                    0.001  0.001   0.000    0.002      0.000    0.000   13599.0   14461.0    1.0
p_y[40]                                    0.000  0.001   0.000    0.001      0.000    0.000   14371.0   13792.0    1.0
p_y[41]                                    0.003  0.006   0.000    0.012      0.000    0.000   13419.0   18630.0    1.0
p_y[42]                                    0.000  0.001   0.000    0.001      0.000    0.000   16061.0   18156.0    1.0
p_y[43]                                    0.003  0.006   0.000    0.013      0.000    0.000   13189.0   16602.0    1.0
p_y[44]                                    0.001  0.001   0.000    0.002      0.000    0.000   16283.0   17466.0    1.0
p_y[45]                                    0.001  0.002   0.000    0.003      0.000    0.000   14001.0   15666.0    1.0
p_y[46]                                    0.003  0.005   0.000    0.011      0.000    0.000   12825.0   16626.0    1.0
p_y[47]                                    0.000  0.001   0.000    0.001      0.000    0.000   14836.0   18412.0    1.0
p_y[48]                                    0.001  0.001   0.000    0.003      0.000    0.000   15587.0   14931.0    1.0
p_y[49]                                    0.000  0.001   0.000    0.002      0.000    0.000   15398.0   18374.0    1.0
p_y[50]                                    0.001  0.002   0.000    0.004      0.000    0.000   17147.0   15053.0    1.0
p_y[51]                                    0.001  0.001   0.000    0.002      0.000    0.000   16909.0   16555.0    1.0
p_y[52]                                    0.001  0.002   0.000    0.005      0.000    0.000   14925.0   14617.0    1.0
p_y[53]                                    0.001  0.001   0.000    0.002      0.000    0.000   13168.0   14169.0    1.0
p_y[54]                                    0.001  0.002   0.000    0.003      0.000    0.000   17214.0   15988.0    1.0
p_y[55]                                    0.001  0.001   0.000    0.002      0.000    0.000   18378.0   21997.0    1.0
p_y[56]                                    0.001  0.002   0.000    0.003      0.000    0.000   16212.0   15581.0    1.0
p_y[57]                                    0.004  0.007   0.000    0.015      0.000    0.000   15308.0   15995.0    1.0
p_y[58]                                    0.002  0.003   0.000    0.007      0.000    0.000   18792.0   15338.0    1.0
p_y[59]                                    0.001  0.001   0.000    0.002      0.000    0.000   16850.0   16399.0    1.0
p_y[60]                                    0.000  0.001   0.000    0.002      0.000    0.000   15082.0   16988.0    1.0
p_y[61]                                    0.002  0.003   0.000    0.009      0.000    0.000   13710.0   19260.0    1.0
p_y[62]                                    0.054  0.030   0.010    0.110      0.000    0.000   20720.0   14840.0    1.0
p_y[63]                                    0.077  0.041   0.015    0.151      0.000    0.001   14271.0   15435.0    1.0
p_y[64]                                    0.002  0.003   0.000    0.007      0.000    0.000   17785.0   13231.0    1.0
p_y[65]                                    0.022  0.018   0.000    0.055      0.000    0.000   17807.0   13662.0    1.0
p_y[66]                                    0.006  0.008   0.000    0.018      0.000    0.000   19410.0   16782.0    1.0
p_y[67]                                    0.000  0.001   0.000    0.001      0.000    0.000   15033.0   15605.0    1.0
p_y[68]                                    0.000  0.001   0.000    0.002      0.000    0.000   12488.0   14136.0    1.0
p_y[69]                                    0.000  0.001   0.000    0.001      0.000    0.000   16925.0   16683.0    1.0
p_y[70]                                    0.000  0.001   0.000    0.002      0.000    0.000   12805.0   15275.0    1.0
p_y[71]                                    0.017  0.018   0.000    0.048      0.000    0.000   16851.0   14892.0    1.0
p_y[72]                                    0.001  0.002   0.000    0.003      0.000    0.000   16521.0   15573.0    1.0
p_y[73]                                    0.001  0.001   0.000    0.002      0.000    0.000   15946.0   13150.0    1.0
p_y[74]                                    0.002  0.004   0.000    0.007      0.000    0.000   14451.0   12323.0    1.0
p_y[75]                                    0.001  0.003   0.000    0.004      0.000    0.000   12071.0   13981.0    1.0
p_y[76]                                    0.001  0.004   0.000    0.005      0.000    0.000   13152.0   11722.0    1.0
p_y[77]                                    0.003  0.004   0.000    0.009      0.000    0.000   14877.0   15558.0    1.0
p_y[78]                                    0.000  0.001   0.000    0.001      0.000    0.000   13560.0   16418.0    1.0
p_y[79]                                    0.001  0.001   0.000    0.002      0.000    0.000   16696.0   17214.0    1.0
p_y[80]                                    0.001  0.002   0.000    0.002      0.000    0.000    9220.0   10314.0    1.0
p_y[81]                                    0.000  0.001   0.000    0.001      0.000    0.000   10895.0   13110.0    1.0
p_y[82]                                    0.000  0.001   0.000    0.001      0.000    0.000   14336.0   16027.0    1.0
p_y[83]                                    0.002  0.003   0.000    0.007      0.000    0.000   12029.0   12115.0    1.0
p_y[84]                                    0.000  0.001   0.000    0.001      0.000    0.000   10993.0   10889.0    1.0
p_y[85]                                    0.002  0.005   0.000    0.009      0.000    0.000   11055.0   14238.0    1.0
p_y[86]                                    0.000  0.001   0.000    0.001      0.000    0.000   11447.0   13314.0    1.0
p_y[87]                                    0.002  0.003   0.000    0.007      0.000    0.000   13810.0   13469.0    1.0
p_y[88]                                    0.004  0.006   0.000    0.013      0.000    0.000   13449.0   13042.0    1.0
p_y[89]                                    0.000  0.001   0.000    0.002      0.000    0.000   12827.0   13562.0    1.0
p_y[90]                                    0.002  0.004   0.000    0.007      0.000    0.000   15573.0   16536.0    1.0
p_y[91]                                    0.001  0.002   0.000    0.002      0.000    0.000   12915.0   13960.0    1.0
p_y[92]                                    0.010  0.010   0.000    0.028      0.000    0.000   13672.0   10385.0    1.0
p_y[93]                                    0.002  0.004   0.000    0.008      0.000    0.000   19271.0   17574.0    1.0
p_y[94]                                    0.006  0.007   0.000    0.017      0.000    0.000   16499.0   14136.0    1.0
p_y[95]                                    0.000  0.001   0.000    0.001      0.000    0.000   12646.0   11485.0    1.0
p_y[96]                                    0.001  0.002   0.000    0.005      0.000    0.000   17229.0   17665.0    1.0
p_y[97]                                    0.002  0.003   0.000    0.006      0.000    0.000   15639.0   16819.0    1.0
p_y[98]                                    0.001  0.002   0.000    0.003      0.000    0.000   13837.0   15932.0    1.0
p_y[99]                                    0.000  0.001   0.000    0.002      0.000    0.000   11196.0   11302.0    1.0
p_y[100]                                   0.001  0.002   0.000    0.003      0.000    0.000   13458.0    8857.0    1.0
p_y[101]                                   0.000  0.001   0.000    0.001      0.000    0.000   13446.0   11628.0    1.0
p_y[102]                                   0.001  0.002   0.000    0.005      0.000    0.000   15323.0   16686.0    1.0
p_y[103]                                   0.002  0.003   0.000    0.006      0.000    0.000   16936.0   17223.0    1.0
p_y[104]                                   0.000  0.001   0.000    0.001      0.000    0.000   15401.0   18319.0    1.0
p_y[105]                                   0.000  0.002   0.000    0.002      0.000    0.000   14966.0   16810.0    1.0
p_y[106]                                   0.001  0.003   0.000    0.005      0.000    0.000   14598.0   18220.0    1.0
p_y[107]                                   0.001  0.002   0.000    0.003      0.000    0.000   13975.0   18246.0    1.0
p_y[108]                                   0.001  0.002   0.000    0.003      0.000    0.000   15840.0   18175.0    1.0
p_y[109]                                   0.001  0.002   0.000    0.003      0.000    0.000   14875.0   17416.0    1.0
p_y[110]                                   0.000  0.001   0.000    0.001      0.000    0.000   14646.0   14841.0    1.0
p_y[111]                                   0.001  0.002   0.000    0.003      0.000    0.000   13146.0   13703.0    1.0
p_y[112]                                   0.002  0.004   0.000    0.008      0.000    0.000   17255.0   17246.0    1.0
p_y[113]                                   0.001  0.003   0.000    0.005      0.000    0.000   15879.0   12827.0    1.0
p_y[114]                                   0.001  0.002   0.000    0.004      0.000    0.000   15894.0   16924.0    1.0
p_y[115]                                   0.001  0.003   0.000    0.004      0.000    0.000   14098.0   15538.0    1.0
p_y[116]                                   0.002  0.004   0.000    0.006      0.000    0.000   15973.0   15202.0    1.0
p_y[117]                                   0.001  0.004   0.000    0.005      0.000    0.000   16016.0   14917.0    1.0
p_y[118]                                   0.000  0.001   0.000    0.001      0.000    0.000   11804.0   12822.0    1.0
p_y[119]                                   0.000  0.001   0.000    0.001      0.000    0.000   12105.0   10504.0    1.0
p_y[120]                                   0.058  0.023   0.019    0.101      0.000    0.000   15123.0   14846.0    1.0
p_y[121]                                   0.014  0.010   0.000    0.032      0.000    0.000    8999.0    4250.0    1.0
p_y[122]                                   0.001  0.002   0.000    0.003      0.000    0.000   17747.0   19257.0    1.0
p_y[123]                                   0.002  0.004   0.000    0.008      0.000    0.000   17758.0   19191.0    1.0
p_y[124]                                   0.001  0.004   0.000    0.005      0.000    0.000   17156.0   16178.0    1.0
p_y[125]                                   0.004  0.007   0.000    0.014      0.000    0.000   19023.0   19465.0    1.0
p_y[126]                                   0.029  0.059   0.000    0.111      0.000    0.001   17086.0   18545.0    1.0
p_y[127]                                   0.002  0.004   0.000    0.006      0.000    0.000   16768.0   18067.0    1.0
p_y[128]                                   0.004  0.008   0.000    0.015      0.000    0.000   18274.0   15545.0    1.0
p_y[129]                                   0.002  0.003   0.000    0.005      0.000    0.000   17849.0   18457.0    1.0
p_y[130]                                   0.003  0.006   0.000    0.009      0.000    0.000   18300.0   17826.0    1.0
p_y[131]                                   0.001  0.003   0.000    0.005      0.000    0.000   13899.0   10470.0    1.0
p_y[132]                                   0.001  0.002   0.000    0.003      0.000    0.000   13190.0    7420.0    1.0
p_y[133]                                   0.001  0.002   0.000    0.004      0.000    0.000   18292.0   19826.0    1.0
p_y[134]                                   0.004  0.008   0.000    0.014      0.000    0.000   18177.0   18058.0    1.0
p_y[135]                                   0.001  0.002   0.000    0.004      0.000    0.000   19123.0   16659.0    1.0
p_y[136]                                   0.003  0.004   0.000    0.009      0.000    0.000   18743.0   19477.0    1.0
p_y[137]                                   0.001  0.003   0.000    0.005      0.000    0.000   14577.0   13084.0    1.0
p_y[138]                                   0.003  0.004   0.000    0.009      0.000    0.000   19164.0   19328.0    1.0
p_y[139]                                   0.049  0.036   0.001    0.112      0.000    0.000   19554.0   17072.0    1.0
p_y[140]                                   0.005  0.006   0.000    0.014      0.000    0.000   18231.0   16088.0    1.0
p_y[141]                                   0.001  0.003   0.000    0.005      0.000    0.000   16881.0   17445.0    1.0
p_y[142]                                   0.002  0.005   0.000    0.008      0.000    0.000   18980.0   20122.0    1.0
p_y[143]                                   0.009  0.009   0.000    0.025      0.000    0.000   16310.0   13722.0    1.0
p_y[144]                                   0.004  0.010   0.000    0.015      0.000    0.000   16907.0   13458.0    1.0
p_y[145]                                   0.002  0.004   0.000    0.007      0.000    0.000   17278.0   15402.0    1.0
p_y[146]                                   0.001  0.002   0.000    0.003      0.000    0.000   15104.0   16697.0    1.0
p_y[147]                                   0.002  0.007   0.000    0.009      0.000    0.000   17641.0   21759.0    1.0
p_y[148]                                   0.004  0.008   0.000    0.014      0.000    0.000   18450.0   17852.0    1.0
p_y[149]                                   0.058  0.057   0.000    0.161      0.000    0.001   15220.0   10754.0    1.0
p_y[150]                                   0.001  0.002   0.000    0.003      0.000    0.000   17349.0   18918.0    1.0
p_y[151]                                   0.002  0.006   0.000    0.008      0.000    0.000   16518.0   15810.0    1.0
p_y[152]                                   0.003  0.007   0.000    0.010      0.000    0.000   14626.0   16074.0    1.0
p_y[153]                                   0.001  0.003   0.000    0.003      0.000    0.000   12145.0   16258.0    1.0
p_y[154]                                   0.001  0.003   0.000    0.003      0.000    0.000   12947.0   16926.0    1.0
p_y[155]                                   0.003  0.006   0.000    0.010      0.000    0.000   18470.0   16618.0    1.0
p_y[156]                                   0.000  0.001   0.000    0.001      0.000    0.000   11417.0   14821.0    1.0
p_y[157]                                   0.004  0.008   0.000    0.015      0.000    0.000   18210.0   13132.0    1.0
p_y[158]                                   0.001  0.003   0.000    0.004      0.000    0.000   16028.0   15486.0    1.0
p_y[159]                                   0.001  0.003   0.000    0.005      0.000    0.000   17289.0   15153.0    1.0
p_y[160]                                   0.001  0.003   0.000    0.005      0.000    0.000   14496.0   11441.0    1.0
p_y[161]                                   0.001  0.004   0.000    0.005      0.000    0.000   13915.0   16977.0    1.0
p_y[162]                                   0.004  0.007   0.000    0.014      0.000    0.000   15393.0   17878.0    1.0
p_y[163]                                   0.002  0.005   0.000    0.007      0.000    0.000   14899.0   17517.0    1.0
p_y[164]                                   0.001  0.001   0.000    0.002      0.000    0.000   10300.0   17125.0    1.0
p_y[165]                                   0.001  0.002   0.000    0.003      0.000    0.000   10647.0   13847.0    1.0
p_y[166]                                   0.000  0.001   0.000    0.001      0.000    0.000   10163.0   10512.0    1.0
p_y[167]                                   0.000  0.001   0.000    0.001      0.000    0.000   10198.0   14805.0    1.0
p_y[168]                                   0.000  0.001   0.000    0.001      0.000    0.000   12802.0   17866.0    1.0
p_y[169]                                   0.000  0.001   0.000    0.001      0.000    0.000   11666.0   15438.0    1.0
p_y[170]                                   0.000  0.001   0.000    0.002      0.000    0.000   12325.0   16993.0    1.0
p_y[171]                                   0.004  0.007   0.000    0.016      0.000    0.000   20849.0   19341.0    1.0
p_y[172]                                   0.000  0.001   0.000    0.002      0.000    0.000   12583.0   17692.0    1.0
p_y[173]                                   0.002  0.004   0.000    0.008      0.000    0.000   17396.0   19237.0    1.0
p_y[174]                                   0.000  0.001   0.000    0.001      0.000    0.000   12109.0   17741.0    1.0
p_y[175]                                   0.000  0.001   0.000    0.001      0.000    0.000   12588.0   15395.0    1.0
p_y[176]                                   0.000  0.001   0.000    0.002      0.000    0.000   11092.0   14610.0    1.0
p_y[177]                                   0.000  0.002   0.000    0.001      0.000    0.000   11605.0   13118.0    1.0
p_y[178]                                   0.000  0.001   0.000    0.001      0.000    0.000   11671.0   16419.0    1.0
p_y[179]                                   0.000  0.001   0.000    0.001      0.000    0.000   11129.0   15368.0    1.0
p_y[180]                                   0.003  0.013   0.000    0.015      0.000    0.000   11508.0   18340.0    1.0
p_y[181]                                   0.003  0.007   0.000    0.012      0.000    0.000    9307.0   15904.0    1.0
p_y[182]                                   0.001  0.002   0.000    0.004      0.000    0.000   11941.0   19055.0    1.0
p_y[183]                                   0.000  0.001   0.000    0.000      0.000    0.000    9717.0   14978.0    1.0
p_y[184]                                   0.000  0.001   0.000    0.001      0.000    0.000   13316.0   18469.0    1.0
p_y[185]                                   0.000  0.000   0.000    0.000      0.000    0.000   12163.0   17142.0    1.0
p_y[186]                                   0.000  0.001   0.000    0.001      0.000    0.000    9946.0   13678.0    1.0
p_y[187]                                   0.000  0.002   0.000    0.001      0.000    0.000   10317.0   16570.0    1.0
p_y[188]                                   0.000  0.002   0.000    0.001      0.000    0.000   11305.0   15694.0    1.0
p_y[189]                                   0.000  0.000   0.000    0.000      0.000    0.000   10863.0   15049.0    1.0
p_y[190]                                   0.000  0.001   0.000    0.002      0.000    0.000    9330.0   15370.0    1.0
p_y[191]                                   0.001  0.003   0.000    0.004      0.000    0.000   10441.0    9694.0    1.0
p_y[192]                                   0.000  0.001   0.000    0.002      0.000    0.000   10993.0   16494.0    1.0
p_y[193]                                   0.001  0.003   0.000    0.003      0.000    0.000   11704.0   14867.0    1.0
p_y[194]                                   0.000  0.001   0.000    0.001      0.000    0.000   10254.0   15718.0    1.0
p_y[195]                                   0.000  0.001   0.000    0.001      0.000    0.000   11595.0   17248.0    1.0
p_y[196]                                   0.001  0.002   0.000    0.002      0.000    0.000    9658.0   14251.0    1.0
p_y[197]                                   0.001  0.002   0.000    0.003      0.000    0.000   16139.0   20411.0    1.0
p_y[198]                                   0.001  0.002   0.000    0.002      0.000    0.000    8957.0   12059.0    1.0
p_y[199]                                   0.000  0.001   0.000    0.001      0.000    0.000   13097.0   18417.0    1.0
p_y[200]                                   0.002  0.006   0.000    0.009      0.000    0.000   10173.0   13138.0    1.0
p_y[201]                                   0.000  0.002   0.000    0.002      0.000    0.000   10024.0   13867.0    1.0
p_y[202]                                   0.001  0.002   0.000    0.002      0.000    0.000   10047.0   14554.0    1.0
p_y[203]                                   0.000  0.001   0.000    0.001      0.000    0.000    9166.0   11350.0    1.0
p_y[204]                                   0.003  0.006   0.000    0.011      0.000    0.000   14175.0   19295.0    1.0
p_y[205]                                   0.000  0.001   0.000    0.001      0.000    0.000   14599.0   11700.0    1.0
p_y[206]                                   0.001  0.001   0.000    0.002      0.000    0.000   17637.0   18853.0    1.0
p_y[207]                                   0.002  0.004   0.000    0.006      0.000    0.000   14924.0   17029.0    1.0
p_y[208]                                   0.002  0.003   0.000    0.006      0.000    0.000   17887.0   16623.0    1.0
p_y[209]                                   0.005  0.008   0.000    0.019      0.000    0.000   17603.0   15355.0    1.0
p_y[210]                                   0.002  0.003   0.000    0.008      0.000    0.000   16648.0   13709.0    1.0
p_y[211]                                   0.001  0.004   0.000    0.005      0.000    0.000   12482.0   11900.0    1.0
p_y[212]                                   0.004  0.006   0.000    0.012      0.000    0.000   18123.0   17679.0    1.0
p_y[213]                                   0.001  0.003   0.000    0.002      0.000    0.000   13929.0   13680.0    1.0
p_y[214]                                   0.000  0.001   0.000    0.001      0.000    0.000   11480.0   15148.0    1.0
p_y[215]                                   0.012  0.027   0.000    0.048      0.000    0.001   11212.0   13363.0    1.0
p_y[216]                                   0.002  0.003   0.000    0.006      0.000    0.000   17826.0   17129.0    1.0
p_y[217]                                   0.000  0.001   0.000    0.001      0.000    0.000   11881.0   10071.0    1.0
p_y[218]                                   0.001  0.002   0.000    0.003      0.000    0.000   17532.0   14829.0    1.0
p_y[219]                                   0.001  0.002   0.000    0.004      0.000    0.000   18810.0   19092.0    1.0
p_y[220]                                   0.015  0.027   0.000    0.052      0.000    0.001   20321.0   18705.0    1.0
p_y[221]                                   0.000  0.001   0.000    0.001      0.000    0.000   13421.0   11854.0    1.0
p_y[222]                                   0.001  0.002   0.000    0.004      0.000    0.000   16879.0   12676.0    1.0
p_y[223]                                   0.002  0.004   0.000    0.007      0.000    0.000   17210.0   13223.0    1.0
p_y[224]                                   0.001  0.003   0.000    0.004      0.000    0.000   18413.0   17458.0    1.0
p_y[225]                                   0.001  0.004   0.000    0.004      0.000    0.000   15528.0   11262.0    1.0
p_y[226]                                   0.001  0.001   0.000    0.002      0.000    0.000   13164.0   17454.0    1.0
p_y[227]                                   0.000  0.001   0.000    0.001      0.000    0.000   17865.0   15157.0    1.0
p_y[228]                                   0.001  0.002   0.000    0.004      0.000    0.000   17582.0   17585.0    1.0
p_y[229]                                   0.001  0.001   0.000    0.002      0.000    0.000   19270.0   19679.0    1.0
p_y[230]                                   0.001  0.002   0.000    0.003      0.000    0.000   15811.0   16135.0    1.0
p_y[231]                                   0.000  0.000   0.000    0.001      0.000    0.000   14777.0   18264.0    1.0
p_y[232]                                   0.001  0.002   0.000    0.003      0.000    0.000   17965.0   18986.0    1.0
p_y[233]                                   0.000  0.001   0.000    0.001      0.000    0.000   14798.0   14037.0    1.0
p_y[234]                                   0.001  0.001   0.000    0.002      0.000    0.000   17354.0   17756.0    1.0
p_y[235]                                   0.000  0.001   0.000    0.001      0.000    0.000   14051.0   14071.0    1.0
p_y[236]                                   0.001  0.003   0.000    0.005      0.000    0.000   18554.0   19668.0    1.0
p_y[237]                                   0.001  0.001   0.000    0.002      0.000    0.000   17221.0   18282.0    1.0
p_y[238]                                   0.000  0.001   0.000    0.002      0.000    0.000   18329.0   20872.0    1.0
p_y[239]                                   0.001  0.002   0.000    0.003      0.000    0.000   15589.0   14963.0    1.0
p_y[240]                                   0.000  0.000   0.000    0.000      0.000    0.000   11554.0   14700.0    1.0
p_y[241]                                   0.000  0.001   0.000    0.002      0.000    0.000   16471.0   18596.0    1.0
p_y[242]                                   0.001  0.003   0.000    0.004      0.000    0.000   16791.0   16294.0    1.0
p_y[243]                                   0.000  0.000   0.000    0.000      0.000    0.000   12097.0   16037.0    1.0
p_y[244]                                   0.000  0.001   0.000    0.001      0.000    0.000   13021.0   14973.0    1.0
p_y[245]                                   0.000  0.001   0.000    0.001      0.000    0.000   17282.0   18071.0    1.0
p_y[246]                                   0.000  0.001   0.000    0.001      0.000    0.000   11608.0   10459.0    1.0
p_y[247]                                   0.001  0.002   0.000    0.002      0.000    0.000   18260.0   18704.0    1.0
p_y[248]                                   0.000  0.001   0.000    0.001      0.000    0.000   11939.0   15566.0    1.0
p_y[249]                                   0.001  0.002   0.000    0.003      0.000    0.000   16925.0   17078.0    1.0
p_y[250]                                   0.000  0.001   0.000    0.001      0.000    0.000   12388.0   16170.0    1.0
p_y[251]                                   0.000  0.001   0.000    0.001      0.000    0.000   15552.0   18834.0    1.0
p_y[252]                                   0.000  0.002   0.000    0.001      0.000    0.000   14371.0   14294.0    1.0
p_y[253]                                   0.001  0.002   0.000    0.002      0.000    0.000   11711.0   14727.0    1.0
p_y[254]                                   0.001  0.002   0.000    0.003      0.000    0.000   14121.0    8927.0    1.0
p_y[255]                                   0.001  0.002   0.000    0.002      0.000    0.000   15181.0   18971.0    1.0
p_y[256]                                   0.000  0.001   0.000    0.001      0.000    0.000   14178.0   18263.0    1.0
p_y[257]                                   0.001  0.002   0.000    0.003      0.000    0.000   16063.0   15637.0    1.0
p_y[258]                                   0.000  0.001   0.000    0.001      0.000    0.000   15057.0   17322.0    1.0
p_y[259]                                   0.000  0.001   0.000    0.001      0.000    0.000   11508.0   13265.0    1.0
p_y[260]                                   0.001  0.002   0.000    0.003      0.000    0.000   13859.0   15305.0    1.0
p_y[261]                                   0.000  0.001   0.000    0.001      0.000    0.000   10642.0   14566.0    1.0
p_y[262]                                   0.000  0.001   0.000    0.001      0.000    0.000   12588.0   17272.0    1.0
p_y[263]                                   0.000  0.002   0.000    0.001      0.000    0.000   15753.0   17494.0    1.0
p_y[264]                                   0.001  0.002   0.000    0.002      0.000    0.000   11956.0   14622.0    1.0
p_y[265]                                   0.001  0.003   0.000    0.002      0.000    0.000   15722.0   16930.0    1.0
p_y[266]                                   0.000  0.001   0.000    0.001      0.000    0.000   10394.0   14912.0    1.0
p_y[267]                                   0.000  0.001   0.000    0.000      0.000    0.000   11158.0   14029.0    1.0
p_y[268]                                   0.003  0.007   0.000    0.010      0.000    0.000   16310.0   18136.0    1.0
p_y[269]                                   0.001  0.003   0.000    0.004      0.000    0.000   14963.0   17058.0    1.0
p_y[270]                                   0.000  0.001   0.000    0.001      0.000    0.000   12748.0   17574.0    1.0
p_y[271]                                   0.000  0.001   0.000    0.001      0.000    0.000   13387.0   15980.0    1.0
p_y[272]                                   0.000  0.003   0.000    0.001      0.000    0.000   13993.0   15101.0    1.0
p_y[273]                                   0.005  0.005   0.000    0.014      0.000    0.000   14149.0   13322.0    1.0
p_y[274]                                   0.001  0.002   0.000    0.003      0.000    0.000   13133.0   14871.0    1.0
p_y[275]                                   0.001  0.003   0.000    0.004      0.000    0.000   13191.0   17372.0    1.0
p_y[276]                                   0.002  0.005   0.000    0.008      0.000    0.000   14261.0   15291.0    1.0
p_y[277]                                   0.002  0.004   0.000    0.008      0.000    0.000   17764.0   16853.0    1.0
p_y[278]                                   0.032  0.027   0.000    0.080      0.000    0.000   15143.0    9381.0    1.0
p_y[279]                                   0.001  0.003   0.000    0.004      0.000    0.000   16474.0   13896.0    1.0
p_y[280]                                   0.001  0.001   0.000    0.002      0.000    0.000   17986.0   15802.0    1.0
p_y[281]                                   0.002  0.003   0.000    0.006      0.000    0.000   17196.0   17882.0    1.0
p_y[282]                                   0.002  0.004   0.000    0.008      0.000    0.000   15546.0   20462.0    1.0
p_y[283]                                   0.001  0.002   0.000    0.004      0.000    0.000   13818.0   19043.0    1.0
p_y[284]                                   0.000  0.001   0.000    0.001      0.000    0.000   14355.0   16189.0    1.0
p_y[285]                                   0.000  0.001   0.000    0.001      0.000    0.000   15255.0   18438.0    1.0
p_y[286]                                   0.000  0.002   0.000    0.002      0.000    0.000   15867.0   16925.0    1.0
p_y[287]                                   0.000  0.001   0.000    0.001      0.000    0.000   12791.0   14764.0    1.0
p_y[288]                                   0.001  0.003   0.000    0.003      0.000    0.000   12521.0   14538.0    1.0
p_y[289]                                   0.000  0.001   0.000    0.001      0.000    0.000   13884.0   17036.0    1.0
p_y[290]                                   0.002  0.004   0.000    0.007      0.000    0.000   12382.0   16486.0    1.0
p_y[291]                                   0.000  0.001   0.000    0.001      0.000    0.000   14542.0   15977.0    1.0
p_y[292]                                   0.001  0.002   0.000    0.004      0.000    0.000   15278.0   17410.0    1.0
p_y[293]                                   0.000  0.000   0.000    0.001      0.000    0.000   13617.0   17199.0    1.0
p_y[294]                                   0.001  0.002   0.000    0.004      0.000    0.000   14130.0   15408.0    1.0
p_y[295]                                   0.004  0.006   0.000    0.014      0.000    0.000   16280.0   19964.0    1.0
p_y[296]                                   0.002  0.004   0.000    0.009      0.000    0.000   15460.0   16499.0    1.0
p_y[297]                                   0.002  0.005   0.000    0.006      0.000    0.000   13007.0   10364.0    1.0
p_y[298]                                   0.001  0.002   0.000    0.003      0.000    0.000   14890.0   18184.0    1.0
p_y[299]                                   0.001  0.002   0.000    0.002      0.000    0.000   16087.0   11248.0    1.0
p_y[300]                                   0.001  0.001   0.000    0.002      0.000    0.000   16524.0   17603.0    1.0
p_y[301]                                   0.001  0.002   0.000    0.003      0.000    0.000   17655.0   20475.0    1.0
p_y[302]                                   0.002  0.003   0.000    0.007      0.000    0.000   16645.0   18468.0    1.0
p_y[303]                                   0.002  0.003   0.000    0.006      0.000    0.000   13790.0   12140.0    1.0
p_y[304]                                   0.001  0.002   0.000    0.002      0.000    0.000   13039.0   15442.0    1.0
p_y[305]                                   0.001  0.001   0.000    0.002      0.000    0.000   15695.0   14945.0    1.0
p_y[306]                                   0.001  0.003   0.000    0.005      0.000    0.000   16249.0   18011.0    1.0
p_y[307]                                   0.002  0.003   0.000    0.006      0.000    0.000   15264.0   16174.0    1.0
p_y[308]                                   0.001  0.003   0.000    0.005      0.000    0.000   13176.0   10210.0    1.0
p_y[309]                                   0.001  0.003   0.000    0.004      0.000    0.000   13277.0   17111.0    1.0
p_y[310]                                   0.009  0.012   0.000    0.030      0.000    0.000   14825.0   15593.0    1.0
p_y[311]                                   0.001  0.003   0.000    0.005      0.000    0.000   12864.0   16819.0    1.0
p_y[312]                                   0.002  0.004   0.000    0.008      0.000    0.000   12764.0   14655.0    1.0
p_y[313]                                   0.001  0.002   0.000    0.003      0.000    0.000   13942.0   14244.0    1.0
p_y[314]                                   0.001  0.002   0.000    0.004      0.000    0.000   14656.0   15140.0    1.0
p_y[315]                                   0.001  0.002   0.000    0.004      0.000    0.000   14633.0   15172.0    1.0
p_y[316]                                   0.001  0.002   0.000    0.003      0.000    0.000   10806.0   15035.0    1.0
p_y[317]                                   0.000  0.001   0.000    0.001      0.000    0.000   13173.0   19340.0    1.0
p_y[318]                                   0.001  0.003   0.000    0.004      0.000    0.000   15693.0   17446.0    1.0
p_y[319]                                   0.000  0.002   0.000    0.001      0.000    0.001   10722.0   13313.0    1.0
p_y[320]                                   0.000  0.001   0.000    0.002      0.000    0.000   13809.0   13573.0    1.0
p_y[321]                                   0.001  0.001   0.000    0.002      0.000    0.000   15746.0   16203.0    1.0
p_y[322]                                   0.001  0.002   0.000    0.002      0.000    0.000   13202.0   14007.0    1.0
p_y[323]                                   0.004  0.007   0.000    0.013      0.000    0.000   15757.0   17405.0    1.0
p_y[324]                                   0.001  0.001   0.000    0.002      0.000    0.000   16659.0   18790.0    1.0
p_y[325]                                   0.000  0.001   0.000    0.001      0.000    0.000   12279.0   13680.0    1.0
p_y[326]                                   0.000  0.000   0.000    0.000      0.000    0.000    9941.0   15403.0    1.0
p_y[327]                                   0.002  0.003   0.000    0.006      0.000    0.000   14573.0   14807.0    1.0
p_y[328]                                   0.005  0.012   0.000    0.023      0.000    0.000    9642.0   16234.0    1.0
p_y[329]                                   0.001  0.004   0.000    0.004      0.000    0.000   11636.0   13326.0    1.0
p_y[330]                                   0.000  0.001   0.000    0.002      0.000    0.000   14522.0   12661.0    1.0
p_y[331]                                   0.001  0.003   0.000    0.004      0.000    0.000   10264.0   13662.0    1.0
p_y[332]                                   0.001  0.002   0.000    0.003      0.000    0.000   16714.0   14922.0    1.0
p_y[333]                                   0.001  0.001   0.000    0.002      0.000    0.000   10690.0   14091.0    1.0
p_y[334]                                   0.001  0.004   0.000    0.004      0.000    0.000   13461.0   16875.0    1.0
p_y[335]                                   0.001  0.003   0.000    0.002      0.000    0.000   14114.0   12143.0    1.0
p_y[336]                                   0.001  0.003   0.000    0.002      0.000    0.000   11847.0   13205.0    1.0
p_y[337]                                   0.001  0.003   0.000    0.004      0.000    0.000   13598.0   17418.0    1.0
p_y[338]                                   0.001  0.004   0.000    0.004      0.000    0.000   17521.0   14188.0    1.0
p_y[339]                                   0.001  0.002   0.000    0.002      0.000    0.000   14724.0   13944.0    1.0
p_y[340]                                   0.003  0.006   0.000    0.010      0.000    0.000   13380.0   13554.0    1.0
p_y[341]                                   0.001  0.002   0.000    0.003      0.000    0.000   11343.0   13052.0    1.0
p_y[342]                                   0.001  0.001   0.000    0.002      0.000    0.000   14314.0   15180.0    1.0
p_y[343]                                   0.001  0.003   0.000    0.003      0.000    0.000   15502.0   17682.0    1.0
p_y[344]                                   0.002  0.006   0.000    0.009      0.000    0.000   15551.0   15455.0    1.0
p_y[345]                                   0.004  0.007   0.000    0.014      0.000    0.000   17580.0   15742.0    1.0
p_y[346]                                   0.029  0.016   0.005    0.059      0.000    0.000   17056.0   14551.0    1.0
p_y[347]                                   0.002  0.004   0.000    0.008      0.000    0.000   16733.0   18019.0    1.0
p_y[348]                                   0.001  0.002   0.000    0.002      0.000    0.000   15394.0   15478.0    1.0
p_y[349]                                   0.001  0.002   0.000    0.003      0.000    0.000   14380.0   17927.0    1.0
p_y[350]                                   0.000  0.001   0.000    0.001      0.000    0.000   17671.0   16504.0    1.0
p_y[351]                                   0.000  0.001   0.000    0.001      0.000    0.000   17034.0   17118.0    1.0
p_y[352]                                   0.000  0.001   0.000    0.001      0.000    0.000   16053.0   18343.0    1.0
p_y[353]                                   0.000  0.001   0.000    0.002      0.000    0.000   15351.0   17493.0    1.0
p_y[354]                                   0.000  0.001   0.000    0.001      0.000    0.000   15273.0   12879.0    1.0
p_y[355]                                   0.001  0.002   0.000    0.002      0.000    0.000   16614.0   16287.0    1.0
p_y[356]                                   0.003  0.005   0.000    0.009      0.000    0.000   19711.0   19052.0    1.0
p_y[357]                                   0.001  0.002   0.000    0.004      0.000    0.000   19347.0   19345.0    1.0
p_y[358]                                   0.001  0.002   0.000    0.004      0.000    0.000   17379.0   20183.0    1.0
p_y[359]                                   0.000  0.001   0.000    0.002      0.000    0.000   16686.0   19195.0    1.0
p_y[360]                                   0.000  0.001   0.000    0.001      0.000    0.000   14046.0   16194.0    1.0
p_y[361]                                   0.000  0.001   0.000    0.002      0.000    0.000   16996.0   16701.0    1.0
p_y[362]                                   0.000  0.001   0.000    0.001      0.000    0.000   12702.0   12713.0    1.0
p_y[363]                                   0.002  0.002   0.000    0.006      0.000    0.000   13839.0   14412.0    1.0
p_y[364]                                   0.000  0.000   0.000    0.000      0.000    0.000   11298.0   10015.0    1.0
p_y[365]                                   0.000  0.001   0.000    0.001      0.000    0.000   14631.0   15917.0    1.0
p_y[366]                                   0.000  0.001   0.000    0.001      0.000    0.000   15920.0   19812.0    1.0
p_y[367]                                   0.001  0.002   0.000    0.003      0.000    0.000   14262.0   12571.0    1.0
p_y[368]                                   0.001  0.001   0.000    0.002      0.000    0.000   14048.0   16043.0    1.0
p_y[369]                                   0.000  0.002   0.000    0.002      0.000    0.000   12834.0   14387.0    1.0
p_y[370]                                   0.000  0.001   0.000    0.001      0.000    0.000   10805.0   15430.0    1.0
p_y[371]                                   0.000  0.001   0.000    0.001      0.000    0.000   12230.0   13696.0    1.0
p_y[372]                                   0.000  0.001   0.000    0.001      0.000    0.000   16295.0   16909.0    1.0
p_y[373]                                   0.000  0.001   0.000    0.001      0.000    0.000   12157.0   16880.0    1.0
p_y[374]                                   0.001  0.001   0.000    0.002      0.000    0.000   15231.0   15097.0    1.0
p_y[375]                                   0.000  0.000   0.000    0.001      0.000    0.000   10228.0    8677.0    1.0
p_y[376]                                   0.000  0.001   0.000    0.001      0.000    0.000   12139.0   13552.0    1.0
p_y[377]                                   0.000  0.001   0.000    0.001      0.000    0.000   12274.0   15195.0    1.0
p_y[378]                                   0.001  0.001   0.000    0.002      0.000    0.000   11147.0    9722.0    1.0
p_y[379]                                   0.001  0.002   0.000    0.005      0.000    0.000   12900.0   10059.0    1.0
p_y[380]                                   0.000  0.001   0.000    0.001      0.000    0.000   11960.0   15548.0    1.0
p_y[381]                                   0.000  0.000   0.000    0.000      0.000    0.000   11092.0   15922.0    1.0
p_y[382]                                   0.000  0.001   0.000    0.002      0.000    0.000   11722.0   15707.0    1.0
p_y[383]                                   0.000  0.000   0.000    0.001      0.000    0.000   11680.0   15903.0    1.0
p_y[384]                                   0.000  0.000   0.000    0.000      0.000    0.000   12229.0   16798.0    1.0
p_y[385]                                   0.000  0.001   0.000    0.001      0.000    0.000   13358.0   16745.0    1.0
p_y[386]                                   0.000  0.001   0.000    0.000      0.000    0.000   12933.0   14804.0    1.0
p_y[387]                                   0.000  0.000   0.000    0.000      0.000    0.000   11363.0   16792.0    1.0
p_y[388]                                   0.000  0.001   0.000    0.001      0.000    0.000   14218.0   19143.0    1.0
p_y[389]                                   0.000  0.001   0.000    0.001      0.000    0.000   14754.0   16808.0    1.0
p_y[390]                                   0.000  0.000   0.000    0.000      0.000    0.000   12473.0   15834.0    1.0
p_y[391]                                   0.001  0.002   0.000    0.004      0.000    0.000   17030.0   15811.0    1.0
p_y[392]                                   0.000  0.001   0.000    0.001      0.000    0.000   12438.0   16399.0    1.0
p_y[393]                                   0.000  0.001   0.000    0.001      0.000    0.000   12991.0   15680.0    1.0
p_y[394]                                   0.001  0.002   0.000    0.003      0.000    0.000   12255.0   15284.0    1.0
p_y[395]                                   0.000  0.001   0.000    0.000      0.000    0.000   11930.0   13396.0    1.0
p_y[396]                                   0.010  0.016   0.000    0.039      0.000    0.000    8234.0   15969.0    1.0
p_y[397]                                   0.003  0.006   0.000    0.013      0.000    0.000   10308.0   14679.0    1.0
p_y[398]                                   0.001  0.002   0.000    0.004      0.000    0.000   11571.0   16254.0    1.0
p_y[399]                                   0.001  0.003   0.000    0.004      0.000    0.000   13471.0   16613.0    1.0
p_y[400]                                   0.001  0.003   0.000    0.005      0.000    0.000   12834.0   15096.0    1.0
p_y[401]                                   0.001  0.002   0.000    0.005      0.000    0.000   12382.0   14971.0    1.0
p_y[402]                                   0.001  0.005   0.000    0.005      0.000    0.000   11118.0   11618.0    1.0
p_y[403]                                   0.000  0.001   0.000    0.001      0.000    0.000   13847.0   17735.0    1.0
p_y[404]                                   0.000  0.001   0.000    0.002      0.000    0.000   10801.0   17223.0    1.0
p_y[405]                                   0.001  0.002   0.000    0.002      0.000    0.000   15207.0   18507.0    1.0
p_y[406]                                   0.000  0.001   0.000    0.001      0.000    0.000   11779.0   15094.0    1.0
p_y[407]                                   0.000  0.001   0.000    0.001      0.000    0.000   14755.0   19706.0    1.0
p_y[408]                                   0.000  0.000   0.000    0.000      0.000    0.000   11028.0   19269.0    1.0
p_y[409]                                   0.000  0.001   0.000    0.001      0.000    0.000   12394.0   17701.0    1.0
p_y[410]                                   0.000  0.001   0.000    0.001      0.000    0.000   11166.0   17763.0    1.0
p_y[411]                                   0.000  0.001   0.000    0.001      0.000    0.000   11876.0   15629.0    1.0
p_y[412]                                   0.000  0.001   0.000    0.001      0.000    0.000   11551.0   18373.0    1.0
p_y[413]                                   0.000  0.001   0.000    0.001      0.000    0.000   13649.0   14347.0    1.0
p_y[414]                                   0.001  0.002   0.000    0.002      0.000    0.000   12485.0   10775.0    1.0
p_y[415]                                   0.001  0.001   0.000    0.002      0.000    0.000   13121.0   17886.0    1.0
p_y[416]                                   0.001  0.002   0.000    0.003      0.000    0.000   13244.0   16036.0    1.0
p_y[417]                                   0.001  0.002   0.000    0.002      0.000    0.000   14963.0   19041.0    1.0
p_y[418]                                   0.000  0.001   0.000    0.002      0.000    0.000   15708.0   16310.0    1.0
p_y[419]                                   0.001  0.003   0.000    0.004      0.000    0.000   16054.0   11583.0    1.0
p_y[420]                                   0.000  0.001   0.000    0.001      0.000    0.000   11079.0   13735.0    1.0
p_y[421]                                   0.001  0.002   0.000    0.003      0.000    0.000   17334.0   20685.0    1.0
p_y[422]                                   0.000  0.001   0.000    0.002      0.000    0.000   14588.0   11820.0    1.0
p_y[423]                                   0.000  0.001   0.000    0.001      0.000    0.000   13021.0   12389.0    1.0
p_y[424]                                   0.000  0.001   0.000    0.002      0.000    0.000   17816.0   18226.0    1.0
p_y[425]                                   0.002  0.004   0.000    0.007      0.000    0.000   11401.0    9825.0    1.0
p_y[426]                                   0.000  0.001   0.000    0.002      0.000    0.000   15234.0   16053.0    1.0
p_y[427]                                   0.000  0.001   0.000    0.001      0.000    0.000   13541.0   10565.0    1.0
p_y[428]                                   0.000  0.001   0.000    0.001      0.000    0.000   12259.0   10645.0    1.0
p_y[429]                                   0.000  0.001   0.000    0.001      0.000    0.000   12846.0    8606.0    1.0
p_y[430]                                   0.000  0.001   0.000    0.001      0.000    0.000   12978.0   16723.0    1.0
p_y[431]                                   0.001  0.002   0.000    0.003      0.000    0.000   15709.0   21183.0    1.0
p_y[432]                                   0.001  0.001   0.000    0.002      0.000    0.000   12980.0   13993.0    1.0
p_y[433]                                   0.001  0.002   0.000    0.002      0.000    0.000   11709.0   17258.0    1.0
p_y[434]                                   0.001  0.002   0.000    0.003      0.000    0.000   13896.0   16455.0    1.0
p_y[435]                                   0.003  0.007   0.000    0.010      0.000    0.000   11404.0   14930.0    1.0
p_y[436]                                   0.002  0.007   0.000    0.008      0.000    0.000   11645.0   14080.0    1.0
p_y[437]                                   0.001  0.002   0.000    0.002      0.000    0.000   15379.0   12879.0    1.0
p_y[438]                                   0.001  0.003   0.000    0.005      0.000    0.000   12802.0   11625.0    1.0
p_y[439]                                   0.001  0.002   0.000    0.003      0.000    0.000   11650.0   17307.0    1.0
p_y[440]                                   0.000  0.001   0.000    0.001      0.000    0.000   14100.0   16655.0    1.0
p_y[441]                                   0.000  0.001   0.000    0.001      0.000    0.000   12607.0   16878.0    1.0
p_y[442]                                   0.000  0.001   0.000    0.001      0.000    0.000   12211.0   17939.0    1.0
p_y[443]                                   0.000  0.001   0.000    0.001      0.000    0.000   11753.0   17898.0    1.0
p_y[444]                                   0.000  0.001   0.000    0.002      0.000    0.000   11725.0   13158.0    1.0
p_y[445]                                   0.000  0.000   0.000    0.000      0.000    0.000   11697.0   19239.0    1.0
p_y[446]                                   0.001  0.002   0.000    0.002      0.000    0.000   12147.0   10873.0    1.0
p_y[447]                                   0.000  0.001   0.000    0.001      0.000    0.000   12393.0   10737.0    1.0
p_y[448]                                   0.002  0.004   0.000    0.007      0.000    0.000   13659.0   15211.0    1.0
p_y[449]                                   0.001  0.002   0.000    0.005      0.000    0.000   12683.0   13838.0    1.0
p_y[450]                                   0.000  0.000   0.000    0.000      0.000    0.000   13306.0   17985.0    1.0
p_y[451]                                   0.000  0.000   0.000    0.000      0.000    0.000   12476.0   13144.0    1.0
p_y[452]                                   0.000  0.001   0.000    0.001      0.000    0.000   11325.0   17156.0    1.0
p_y[453]                                   0.001  0.002   0.000    0.003      0.000    0.000   12931.0   15908.0    1.0
p_y[454]                                   0.001  0.002   0.000    0.002      0.000    0.000   11569.0   16009.0    1.0
p_y[455]                                   0.001  0.005   0.000    0.004      0.000    0.001   10611.0   15275.0    1.0
p_y[456]                                   0.000  0.001   0.000    0.001      0.000    0.000    9946.0   14062.0    1.0
p_y[457]                                   0.000  0.001   0.000    0.001      0.000    0.000   10228.0   17448.0    1.0
p_y[458]                                   0.001  0.005   0.000    0.003      0.000    0.000   10163.0   10723.0    1.0
p_y[459]                                   0.000  0.001   0.000    0.001      0.000    0.000   11013.0   14387.0    1.0
p_y[460]                                   0.000  0.001   0.000    0.001      0.000    0.000   10103.0   10938.0    1.0
p_y[461]                                   0.000  0.001   0.000    0.001      0.000    0.000   10127.0   12930.0    1.0
p_y[462]                                   0.000  0.001   0.000    0.001      0.000    0.000   11181.0   12889.0    1.0
p_y[463]                                   0.000  0.001   0.000    0.001      0.000    0.000   10357.0   16323.0    1.0
p_y[464]                                   0.000  0.000   0.000    0.000      0.000    0.000   10569.0   16188.0    1.0
p_y[465]                                   0.000  0.001   0.000    0.001      0.000    0.000   12406.0   11067.0    1.0
p_y[466]                                   0.001  0.003   0.000    0.004      0.000    0.000   14581.0   19400.0    1.0
p_y[467]                                   0.000  0.000   0.000    0.000      0.000    0.000   13619.0   13343.0    1.0
p_y[468]                                   0.001  0.003   0.000    0.004      0.000    0.000   11826.0   16156.0    1.0
p_y[469]                                   0.001  0.004   0.000    0.005      0.000    0.000   12723.0   13488.0    1.0
p_y[470]                                   0.000  0.001   0.000    0.001      0.000    0.000   15283.0   14489.0    1.0
p_y[471]                                   0.001  0.002   0.000    0.004      0.000    0.000   16041.0   18075.0    1.0
p_y[472]                                   0.001  0.002   0.000    0.003      0.000    0.000   16910.0   19936.0    1.0
p_y[473]                                   0.000  0.001   0.000    0.001      0.000    0.000   16395.0   15417.0    1.0
p_y[474]                                   0.001  0.002   0.000    0.003      0.000    0.000   17769.0   17778.0    1.0
p_y[475]                                   0.002  0.003   0.000    0.006      0.000    0.000   18082.0   20139.0    1.0
p_y[476]                                   0.002  0.003   0.000    0.006      0.000    0.000   15293.0   18122.0    1.0
p_y[477]                                   0.001  0.003   0.000    0.004      0.000    0.000   15880.0   16749.0    1.0
p_y[478]                                   0.001  0.003   0.000    0.005      0.000    0.000   18413.0   19979.0    1.0
p_y[479]                                   0.000  0.001   0.000    0.002      0.000    0.000   11013.0   16874.0    1.0
p_y[480]                                   0.000  0.001   0.000    0.002      0.000    0.000   10470.0   14947.0    1.0
p_y[481]                                   0.001  0.002   0.000    0.002      0.000    0.000   14921.0   17900.0    1.0
p_y[482]                                   0.001  0.002   0.000    0.002      0.000    0.000   19260.0   20573.0    1.0
p_y[483]                                   0.004  0.006   0.000    0.015      0.000    0.000   14554.0   18748.0    1.0
p_y[484]                                   0.000  0.001   0.000    0.001      0.000    0.000   16213.0   12839.0    1.0
p_y[485]                                   0.000  0.001   0.000    0.001      0.000    0.000   12524.0    8515.0    1.0
p_y[486]                                   0.000  0.002   0.000    0.001      0.000    0.000   13615.0   16457.0    1.0
p_y[487]                                   0.000  0.001   0.000    0.002      0.000    0.000   14225.0   18861.0    1.0
p_y[488]                                   0.002  0.003   0.000    0.007      0.000    0.000   14922.0   11737.0    1.0
p_y[489]                                   0.001  0.002   0.000    0.003      0.000    0.000   15087.0   18705.0    1.0
p_y[490]                                   0.000  0.001   0.000    0.001      0.000    0.000   16376.0   15811.0    1.0
p_y[491]                                   0.000  0.001   0.000    0.002      0.000    0.000   20007.0   19211.0    1.0
p_y[492]                                   0.001  0.002   0.000    0.003      0.000    0.000   15819.0   17425.0    1.0
p_y[493]                                   0.001  0.002   0.000    0.003      0.000    0.000   16764.0   18782.0    1.0
p_y[494]                                   0.000  0.001   0.000    0.001      0.000    0.000   11484.0   11445.0    1.0
p_y[495]                                   0.000  0.001   0.000    0.001      0.000    0.000   12636.0   17930.0    1.0
p_y[496]                                   0.000  0.000   0.000    0.000      0.000    0.000   11882.0   14059.0    1.0
p_y[497]                                   0.000  0.000   0.000    0.001      0.000    0.000   15277.0    9381.0    1.0
p_y[498]                                   0.000  0.000   0.000    0.001      0.000    0.000   14754.0   18499.0    1.0
p_y[499]                                   0.001  0.002   0.000    0.002      0.000    0.000   10928.0   11517.0    1.0
p_y[500]                                   0.000  0.001   0.000    0.001      0.000    0.000   13391.0   14674.0    1.0
p_y[501]                                   0.000  0.001   0.000    0.001      0.000    0.000   12171.0   18480.0    1.0
p_y[502]                                   0.000  0.001   0.000    0.001      0.000    0.000   13182.0   12490.0    1.0
p_y[503]                                   0.000  0.001   0.000    0.001      0.000    0.000   12056.0   12424.0    1.0
p_y[504]                                   0.000  0.000   0.000    0.000      0.000    0.000   10724.0   16040.0    1.0
p_y[505]                                   0.000  0.001   0.000    0.002      0.000    0.000   13133.0   12199.0    1.0
p_y[506]                                   0.001  0.003   0.000    0.004      0.000    0.000   15140.0   17542.0    1.0
p_y[507]                                   0.001  0.003   0.000    0.003      0.000    0.000   10918.0   12607.0    1.0
p_y[508]                                   0.001  0.002   0.000    0.003      0.000    0.000   10563.0   15886.0    1.0
p_y[509]                                   0.000  0.001   0.000    0.002      0.000    0.000   13866.0   19221.0    1.0
p_y[510]                                   0.001  0.002   0.000    0.002      0.000    0.000   12251.0   15782.0    1.0
p_y[511]                                   0.001  0.004   0.000    0.004      0.000    0.000   12563.0    9129.0    1.0
p_y[512]                                   0.000  0.002   0.000    0.001      0.000    0.000   13350.0   19277.0    1.0
p_y[513]                                   0.001  0.002   0.000    0.002      0.000    0.000   12541.0   17731.0    1.0
p_y[514]                                   0.000  0.001   0.000    0.001      0.000    0.000   14228.0   18346.0    1.0
p_y[515]                                   0.001  0.002   0.000    0.002      0.000    0.000   12956.0   18469.0    1.0
p_y[516]                                   0.018  0.027   0.000    0.064      0.000    0.000   14666.0   17530.0    1.0
p_y[517]                                   0.000  0.001   0.000    0.001      0.000    0.000   12801.0   13424.0    1.0
p_y[518]                                   0.002  0.004   0.000    0.006      0.000    0.000   14656.0   19662.0    1.0
p_y[519]                                   0.000  0.001   0.000    0.002      0.000    0.000   15260.0   16327.0    1.0
p_y[520]                                   0.001  0.001   0.000    0.002      0.000    0.000   16301.0   17347.0    1.0
p_y[521]                                   0.000  0.001   0.000    0.001      0.000    0.000   11590.0   14223.0    1.0
p_y[522]                                   0.000  0.001   0.000    0.001      0.000    0.000   12841.0   13153.0    1.0
p_y[523]                                   0.000  0.001   0.000    0.002      0.000    0.000   18100.0   19546.0    1.0
p_y[524]                                   0.000  0.001   0.000    0.001      0.000    0.000   15033.0   16888.0    1.0
p_y[525]                                   0.000  0.001   0.000    0.001      0.000    0.000   12528.0   18372.0    1.0
p_y[526]                                   0.001  0.003   0.000    0.003      0.000    0.000   19990.0   19784.0    1.0
p_y[527]                                   0.000  0.001   0.000    0.002      0.000    0.000   15721.0   13585.0    1.0
p_y[528]                                   0.000  0.000   0.000    0.000      0.000    0.000   13753.0   18568.0    1.0
p_y[529]                                   0.000  0.001   0.000    0.002      0.000    0.000   17078.0   18037.0    1.0
p_y[530]                                   0.002  0.002   0.000    0.006      0.000    0.000   17109.0   13702.0    1.0
p_y[531]                                   0.001  0.003   0.000    0.002      0.000    0.000   15863.0   14866.0    1.0
p_y[532]                                   0.000  0.001   0.000    0.001      0.000    0.000   12235.0   16524.0    1.0
p_y[533]                                   0.000  0.001   0.000    0.001      0.000    0.000   12020.0    8115.0    1.0
p_y[534]                                   0.000  0.001   0.000    0.001      0.000    0.000   13592.0   17314.0    1.0
p_y[535]                                   0.001  0.001   0.000    0.002      0.000    0.000   17579.0   15873.0    1.0
p_y[536]                                   0.001  0.002   0.000    0.002      0.000    0.000   13775.0   14990.0    1.0
p_y[537]                                   0.001  0.003   0.000    0.005      0.000    0.000   17030.0   19802.0    1.0
p_y[538]                                   0.000  0.001   0.000    0.001      0.000    0.000   14317.0   16778.0    1.0
p_y[539]                                   0.000  0.002   0.000    0.002      0.000    0.000   12397.0   13678.0    1.0
p_y[540]                                   0.000  0.001   0.000    0.001      0.000    0.000   15261.0   11157.0    1.0
p_y[541]                                   0.000  0.001   0.000    0.001      0.000    0.000   14210.0   12613.0    1.0
p_y[542]                                   0.000  0.001   0.000    0.001      0.000    0.000   15452.0   16342.0    1.0
p_y[543]                                   0.001  0.002   0.000    0.002      0.000    0.000   18375.0   17765.0    1.0
p_y[544]                                   0.001  0.003   0.000    0.004      0.000    0.000   15700.0   19134.0    1.0
p_y[545]                                   0.001  0.002   0.000    0.003      0.000    0.000   12913.0   10669.0    1.0
p_y[546]                                   0.001  0.003   0.000    0.005      0.000    0.000   17640.0   17780.0    1.0
p_y[547]                                   0.001  0.002   0.000    0.003      0.000    0.000   11975.0   10448.0    1.0
p_y[548]                                   0.002  0.004   0.000    0.007      0.000    0.000   16656.0   16825.0    1.0
p_y[549]                                   0.001  0.002   0.000    0.002      0.000    0.000   14232.0   16012.0    1.0
p_y[550]                                   0.001  0.002   0.000    0.004      0.000    0.000   16264.0   17449.0    1.0
p_y[551]                                   0.001  0.004   0.000    0.003      0.000    0.000   17260.0   16570.0    1.0
p_y[552]                                   0.000  0.001   0.000    0.001      0.000    0.000   16489.0   19098.0    1.0
p_y[553]                                   0.001  0.002   0.000    0.003      0.000    0.000   18167.0   20328.0    1.0
p_y[554]                                   0.001  0.003   0.000    0.003      0.000    0.000   15370.0   18052.0    1.0
p_y[555]                                   0.000  0.001   0.000    0.001      0.000    0.000   18869.0   22031.0    1.0
p_y[556]                                   0.001  0.002   0.000    0.003      0.000    0.000   16219.0   15835.0    1.0
p_y[557]                                   0.001  0.002   0.000    0.002      0.000    0.000   16591.0   18260.0    1.0
p_y[558]                                   0.002  0.003   0.000    0.006      0.000    0.000   18098.0   18832.0    1.0
p_y[559]                                   0.001  0.003   0.000    0.005      0.000    0.000   16268.0   12337.0    1.0
p_y[560]                                   0.001  0.001   0.000    0.002      0.000    0.000   16644.0   19273.0    1.0
p_y[561]                                   0.011  0.017   0.000    0.036      0.000    0.000   18748.0   19310.0    1.0
p_y[562]                                   0.297  0.111   0.104    0.500      0.001    0.001   13929.0   12424.0    1.0
p_y[563]                                   0.001  0.002   0.000    0.003      0.000    0.000   16761.0   18236.0    1.0
p_y[564]                                   0.001  0.002   0.000    0.003      0.000    0.000   16009.0   14098.0    1.0
p_y[565]                                   0.001  0.001   0.000    0.002      0.000    0.000   15344.0   13548.0    1.0
p_y[566]                                   0.000  0.001   0.000    0.001      0.000    0.000   15958.0   16887.0    1.0
p_y[567]                                   0.001  0.002   0.000    0.003      0.000    0.000   13889.0   14285.0    1.0
p_y[568]                                   0.002  0.005   0.000    0.009      0.000    0.000   16692.0   13479.0    1.0
p_y[569]                                   0.005  0.009   0.000    0.019      0.000    0.000   16308.0   16732.0    1.0
p_y[570]                                   0.000  0.001   0.000    0.002      0.000    0.000   18450.0   11535.0    1.0
p_y[571]                                   0.000  0.001   0.000    0.001      0.000    0.000   15790.0   20125.0    1.0
p_y[572]                                   0.000  0.001   0.000    0.001      0.000    0.000   17761.0   16848.0    1.0
p_y[573]                                   0.001  0.002   0.000    0.003      0.000    0.000   18118.0   19205.0    1.0
p_y[574]                                   0.002  0.003   0.000    0.007      0.000    0.000   16501.0   17780.0    1.0
p_y[575]                                   0.002  0.003   0.000    0.008      0.000    0.000   17831.0   17039.0    1.0
p_y[576]                                   0.000  0.001   0.000    0.001      0.000    0.000   16165.0   19967.0    1.0
p_y[577]                                   0.002  0.004   0.000    0.008      0.000    0.000   16263.0   16535.0    1.0
p_y[578]                                   0.002  0.004   0.000    0.006      0.000    0.000   15853.0   16310.0    1.0
p_y[579]                                   0.004  0.008   0.000    0.017      0.000    0.000   14516.0   16910.0    1.0
p_y[580]                                   0.002  0.004   0.000    0.008      0.000    0.000   17442.0   17124.0    1.0
p_y[581]                                   0.001  0.001   0.000    0.003      0.000    0.000   18040.0   19104.0    1.0
p_y[582]                                   0.001  0.003   0.000    0.004      0.000    0.000   14466.0   14839.0    1.0
p_y[583]                                   0.001  0.002   0.000    0.003      0.000    0.000   16175.0   18037.0    1.0
p_y[584]                                   0.001  0.004   0.000    0.005      0.000    0.000   14772.0   10673.0    1.0
p_y[585]                                   0.001  0.002   0.000    0.004      0.000    0.000   16233.0   14391.0    1.0
p_y[586]                                   0.001  0.001   0.000    0.002      0.000    0.000   17206.0   12016.0    1.0
p_y[587]                                   0.001  0.001   0.000    0.002      0.000    0.000   14648.0   16323.0    1.0
p_y[588]                                   0.001  0.002   0.000    0.003      0.000    0.000   14162.0   17162.0    1.0
p_y[589]                                   0.001  0.001   0.000    0.003      0.000    0.000   18873.0   18078.0    1.0
p_y[590]                                   0.002  0.005   0.000    0.009      0.000    0.000   15471.0   20193.0    1.0
p_y[591]                                   0.001  0.001   0.000    0.002      0.000    0.000   13538.0   17849.0    1.0
p_y[592]                                   0.001  0.002   0.000    0.003      0.000    0.000   21804.0   19472.0    1.0
p_y[593]                                   0.001  0.002   0.000    0.003      0.000    0.000   16263.0   15815.0    1.0
p_y[594]                                   0.001  0.004   0.000    0.006      0.000    0.000   15758.0   19516.0    1.0
p_y[595]                                   0.001  0.004   0.000    0.005      0.000    0.001   14166.0   14038.0    1.0
p_y[596]                                   0.001  0.002   0.000    0.003      0.000    0.000   17079.0   20958.0    1.0
p_y[597]                                   0.001  0.003   0.000    0.003      0.000    0.000   15441.0   15086.0    1.0
p_y[598]                                   0.001  0.002   0.000    0.002      0.000    0.000   13269.0    8842.0    1.0
p_y[599]                                   0.000  0.001   0.000    0.001      0.000    0.000   13332.0   18102.0    1.0
p_y[600]                                   0.000  0.001   0.000    0.002      0.000    0.000   14644.0   15356.0    1.0
p_y[601]                                   0.004  0.010   0.000    0.013      0.000    0.000   12729.0   17754.0    1.0
p_y[602]                                   0.001  0.003   0.000    0.003      0.000    0.000   15611.0   19948.0    1.0
p_y[603]                                   0.001  0.002   0.000    0.003      0.000    0.000   11526.0   15143.0    1.0
p_y[604]                                   0.000  0.001   0.000    0.001      0.000    0.000   12014.0   11735.0    1.0
p_y[605]                                   0.000  0.001   0.000    0.001      0.000    0.000   12888.0   17209.0    1.0
p_y[606]                                   0.001  0.002   0.000    0.004      0.000    0.000   16122.0   16768.0    1.0
p_y[607]                                   0.001  0.002   0.000    0.003      0.000    0.000   17970.0   21522.0    1.0
p_y[608]                                   0.002  0.003   0.000    0.006      0.000    0.000   15995.0   18307.0    1.0
p_y[609]                                   0.001  0.002   0.000    0.003      0.000    0.000   14824.0   12518.0    1.0
p_y[610]                                   0.002  0.003   0.000    0.006      0.000    0.000   13851.0   16967.0    1.0
p_y[611]                                   0.001  0.001   0.000    0.002      0.000    0.000   12674.0   15764.0    1.0
p_y[612]                                   0.000  0.001   0.000    0.002      0.000    0.000   12135.0   15996.0    1.0
p_y[613]                                   0.002  0.004   0.000    0.006      0.000    0.000   10990.0   16167.0    1.0
p_y[614]                                   0.002  0.005   0.000    0.007      0.000    0.000   12714.0   18736.0    1.0
p_y[615]                                   0.002  0.007   0.000    0.009      0.000    0.000   16281.0   15148.0    1.0
p_y[616]                                   0.000  0.002   0.000    0.001      0.000    0.000   12728.0   16830.0    1.0
p_y[617]                                   0.011  0.009   0.000    0.028      0.000    0.000   15671.0   14243.0    1.0
p_y[618]                                   0.001  0.002   0.000    0.004      0.000    0.000   17130.0   18562.0    1.0
p_y[619]                                   0.002  0.003   0.000    0.008      0.000    0.000   17575.0   21330.0    1.0
p_y[620]                                   0.000  0.001   0.000    0.001      0.000    0.000   17208.0   18793.0    1.0
p_y[621]                                   0.007  0.009   0.000    0.022      0.000    0.000   15254.0   13836.0    1.0
p_y[622]                                   0.014  0.029   0.000    0.048      0.000    0.001   13160.0   14789.0    1.0
p_y[623]                                   0.016  0.021   0.000    0.053      0.000    0.000   10651.0   13001.0    1.0
p_y[624]                                   0.006  0.017   0.000    0.021      0.000    0.001   11786.0   12368.0    1.0
p_y[625]                                   0.001  0.001   0.000    0.002      0.000    0.000   11786.0   17127.0    1.0
p_y[626]                                   0.001  0.005   0.000    0.005      0.000    0.000   14817.0   18842.0    1.0
p_y[627]                                   0.012  0.028   0.000    0.045      0.000    0.001   12714.0   15453.0    1.0
p_y[628]                                   0.001  0.003   0.000    0.004      0.000    0.000   12484.0   14883.0    1.0
p_y[629]                                   0.048  0.073   0.000    0.172      0.001    0.001   16067.0   16143.0    1.0
p_y[630]                                   0.006  0.011   0.000    0.021      0.000    0.000   13686.0    9437.0    1.0
p_y[631]                                   0.002  0.005   0.000    0.007      0.000    0.000   15531.0   19938.0    1.0
p_y[632]                                   0.001  0.002   0.000    0.002      0.000    0.000   13553.0   17093.0    1.0
p_y[633]                                   0.004  0.008   0.000    0.013      0.000    0.000   13082.0   17918.0    1.0
p_y[634]                                   0.003  0.008   0.000    0.013      0.000    0.000   14491.0   15108.0    1.0
p_y[635]                                   0.001  0.001   0.000    0.002      0.000    0.000   14597.0   21247.0    1.0
p_y[636]                                   0.000  0.001   0.000    0.001      0.000    0.000   12956.0   14774.0    1.0
p_y[637]                                   0.000  0.002   0.000    0.002      0.000    0.000   12865.0   15940.0    1.0
p_y[638]                                   0.004  0.007   0.000    0.015      0.000    0.000    8902.0    9750.0    1.0
p_y[639]                                   0.000  0.001   0.000    0.001      0.000    0.000   12803.0   17792.0    1.0
p_y[640]                                   0.000  0.001   0.000    0.001      0.000    0.000   12077.0   15182.0    1.0
p_y[641]                                   0.000  0.000   0.000    0.001      0.000    0.000    9728.0   12047.0    1.0
p_y[642]                                   0.000  0.002   0.000    0.001      0.000    0.000   12455.0   16577.0    1.0
p_y[643]                                   0.000  0.002   0.000    0.001      0.000    0.000   13567.0   19463.0    1.0
p_y[644]                                   0.000  0.001   0.000    0.001      0.000    0.000   11931.0   14413.0    1.0
p_y[645]                                   0.000  0.001   0.000    0.001      0.000    0.000    9045.0   13457.0    1.0
p_y[646]                                   0.000  0.000   0.000    0.000      0.000    0.000    8983.0   12859.0    1.0
p_y[647]                                   0.002  0.007   0.000    0.009      0.000    0.000    9148.0   15008.0    1.0
p_y[648]                                   0.001  0.002   0.000    0.004      0.000    0.000   10450.0   13638.0    1.0
p_y[649]                                   0.000  0.001   0.000    0.001      0.000    0.000   11121.0   16326.0    1.0
p_y[650]                                   0.000  0.001   0.000    0.001      0.000    0.000   10618.0   14901.0    1.0
p_y[651]                                   0.000  0.001   0.000    0.001      0.000    0.000   11757.0   15087.0    1.0
p_y[652]                                   0.001  0.002   0.000    0.002      0.000    0.000   13137.0   14930.0    1.0
p_y[653]                                   0.001  0.002   0.000    0.002      0.000    0.000   13821.0   16053.0    1.0
p_y[654]                                   0.002  0.006   0.000    0.008      0.000    0.000   11020.0   18624.0    1.0
p_y[655]                                   0.000  0.001   0.000    0.001      0.000    0.000   10459.0   12633.0    1.0
p_y[656]                                   0.000  0.001   0.000    0.001      0.000    0.000   11939.0   10491.0    1.0
p_y[657]                                   0.001  0.003   0.000    0.004      0.000    0.000   13886.0   19669.0    1.0
p_y[658]                                   0.005  0.010   0.000    0.017      0.000    0.000   14706.0   19348.0    1.0
p_y[659]                                   0.005  0.011   0.000    0.018      0.000    0.000   15225.0   17154.0    1.0
p_y[660]                                   0.001  0.004   0.000    0.004      0.000    0.000   15523.0   17525.0    1.0
p_y[661]                                   0.000  0.001   0.000    0.002      0.000    0.000   10673.0   13023.0    1.0
p_y[662]                                   0.006  0.013   0.000    0.021      0.000    0.000   16336.0   15521.0    1.0
p_y[663]                                   0.006  0.006   0.000    0.016      0.000    0.000   17644.0   11684.0    1.0
p_y[664]                                   0.002  0.003   0.000    0.007      0.000    0.000   15666.0    9822.0    1.0
p_y[665]                                   0.000  0.001   0.000    0.001      0.000    0.000   11624.0   11874.0    1.0
p_y[666]                                   0.002  0.004   0.000    0.006      0.000    0.000   12071.0   14864.0    1.0
p_y[667]                                   0.003  0.006   0.000    0.011      0.000    0.000   18410.0   12748.0    1.0
p_y[668]                                   0.000  0.001   0.000    0.001      0.000    0.000   10025.0   16061.0    1.0
p_y[669]                                   0.000  0.001   0.000    0.001      0.000    0.000   10540.0   17938.0    1.0
p_y[670]                                   0.002  0.003   0.000    0.008      0.000    0.000   21722.0   19745.0    1.0
p_y[671]                                   0.005  0.008   0.000    0.018      0.000    0.000   17293.0   15002.0    1.0
p_y[672]                                   0.002  0.003   0.000    0.006      0.000    0.000   15476.0   18781.0    1.0
p_y[673]                                   0.024  0.014   0.003    0.050      0.000    0.000   17875.0   17637.0    1.0
p_y[674]                                   0.004  0.006   0.000    0.014      0.000    0.000   16131.0   12228.0    1.0
p_y[675]                                   0.008  0.010   0.000    0.026      0.000    0.000   16215.0   15580.0    1.0
p_y[676]                                   0.002  0.004   0.000    0.008      0.000    0.000   17505.0   15515.0    1.0
p_y[677]                                   0.003  0.005   0.000    0.010      0.000    0.000   17170.0   13062.0    1.0
p_y[678]                                   0.000  0.001   0.000    0.001      0.000    0.000   11494.0   15614.0    1.0
p_y[679]                                   0.002  0.004   0.000    0.005      0.000    0.000   12155.0   15583.0    1.0
p_y[680]                                   0.002  0.009   0.000    0.009      0.000    0.001   18060.0   16205.0    1.0
p_y[681]                                   0.000  0.001   0.000    0.000      0.000    0.000   11675.0   16066.0    1.0
p_y[682]                                   0.000  0.001   0.000    0.001      0.000    0.000   11347.0   15852.0    1.0
p_y[683]                                   0.004  0.009   0.000    0.015      0.000    0.000   16402.0   13656.0    1.0
p_y[684]                                   0.001  0.004   0.000    0.005      0.000    0.000   18547.0   15321.0    1.0
p_y[685]                                   0.000  0.001   0.000    0.001      0.000    0.000   13041.0   17464.0    1.0
p_y[686]                                   0.000  0.001   0.000    0.001      0.000    0.000   13016.0   14527.0    1.0
p_y[687]                                   0.001  0.002   0.000    0.004      0.000    0.000   13024.0   13527.0    1.0
p_y[688]                                   0.002  0.003   0.000    0.007      0.000    0.000   19770.0   19533.0    1.0
p_y[689]                                   0.002  0.003   0.000    0.007      0.000    0.000   17261.0   19014.0    1.0
p_y[690]                                   0.005  0.010   0.000    0.020      0.000    0.000   17604.0   14619.0    1.0
p_y[691]                                   0.001  0.003   0.000    0.005      0.000    0.000   17989.0   19517.0    1.0
p_y[692]                                   0.001  0.003   0.000    0.005      0.000    0.000   15883.0   18716.0    1.0
p_y[693]                                   0.003  0.005   0.000    0.009      0.000    0.000   16559.0   13551.0    1.0
p_y[694]                                   0.020  0.025   0.000    0.063      0.000    0.000   18312.0   17330.0    1.0
p_y[695]                                   0.002  0.006   0.000    0.008      0.000    0.000   17293.0   20197.0    1.0
p_y[696]                                   0.013  0.017   0.000    0.041      0.000    0.000   20480.0   18241.0    1.0
p_y[697]                                   0.001  0.001   0.000    0.002      0.000    0.000   15113.0   16044.0    1.0
p_y[698]                                   0.001  0.001   0.000    0.003      0.000    0.000   15723.0   15127.0    1.0
p_y[699]                                   0.001  0.002   0.000    0.004      0.000    0.000   15111.0   15516.0    1.0
p_y[700]                                   0.001  0.001   0.000    0.003      0.000    0.000   17780.0   14183.0    1.0
p_y[701]                                   0.002  0.003   0.000    0.007      0.000    0.000   18067.0   16444.0    1.0
p_y[702]                                   0.023  0.031   0.000    0.074      0.000    0.001   16087.0   14002.0    1.0
p_y[703]                                   0.014  0.018   0.000    0.044      0.000    0.000   18403.0   20063.0    1.0
p_y[704]                                   0.022  0.043   0.000    0.079      0.000    0.001   17178.0   16825.0    1.0
p_y[705]                                   0.010  0.013   0.000    0.032      0.000    0.000   17454.0   17228.0    1.0
p_y[706]                                   0.001  0.002   0.000    0.004      0.000    0.000   19355.0   21680.0    1.0
p_y[707]                                   0.000  0.001   0.000    0.002      0.000    0.000   18404.0   17288.0    1.0
p_y[708]                                   0.001  0.002   0.000    0.003      0.000    0.000   18476.0   19406.0    1.0
p_y[709]                                   0.001  0.002   0.000    0.002      0.000    0.000   18251.0   16887.0    1.0
p_y[710]                                   0.000  0.001   0.000    0.001      0.000    0.000   15296.0   15167.0    1.0
p_y[711]                                   0.010  0.016   0.000    0.036      0.000    0.000   15152.0   17014.0    1.0
p_y[712]                                   0.003  0.007   0.000    0.011      0.000    0.000   15193.0   20267.0    1.0
p_y[713]                                   0.003  0.006   0.000    0.011      0.000    0.000   13969.0   11190.0    1.0
p_y[714]                                   0.001  0.003   0.000    0.005      0.000    0.000   15946.0   18485.0    1.0
p_y[715]                                   0.001  0.001   0.000    0.002      0.000    0.000   15116.0   19288.0    1.0
p_y[716]                                   0.001  0.002   0.000    0.002      0.000    0.000   15326.0   15938.0    1.0
p_y[717]                                   0.001  0.001   0.000    0.002      0.000    0.000   15594.0   21319.0    1.0
p_y[718]                                   0.000  0.001   0.000    0.001      0.000    0.000   15527.0   17059.0    1.0
p_y[719]                                   0.000  0.002   0.000    0.002      0.000    0.000   17733.0   18923.0    1.0
p_y[720]                                   0.000  0.001   0.000    0.001      0.000    0.000   16260.0   17495.0    1.0
p_y[721]                                   0.000  0.001   0.000    0.002      0.000    0.000   17280.0   20143.0    1.0
p_y[722]                                   0.004  0.015   0.000    0.014      0.000    0.001   18724.0   18178.0    1.0
p_y[723]                                   0.002  0.004   0.000    0.008      0.000    0.000   16740.0   18680.0    1.0
p_y[724]                                   0.000  0.001   0.000    0.002      0.000    0.000   16358.0   19816.0    1.0
p_y[725]                                   0.001  0.002   0.000    0.002      0.000    0.000   14694.0   16711.0    1.0
p_y[726]                                   0.001  0.001   0.000    0.003      0.000    0.000   16643.0   21430.0    1.0
p_y[727]                                   0.001  0.003   0.000    0.005      0.000    0.000   16996.0   17393.0    1.0
p_y[728]                                   0.000  0.000   0.000    0.001      0.000    0.000   11939.0   15577.0    1.0
p_y[729]                                   0.001  0.001   0.000    0.002      0.000    0.000   18313.0   15978.0    1.0
p_y[730]                                   0.001  0.003   0.000    0.003      0.000    0.000   19073.0   20169.0    1.0
p_y[731]                                   0.001  0.002   0.000    0.002      0.000    0.000   16567.0   17113.0    1.0
p_y[732]                                   0.000  0.001   0.000    0.001      0.000    0.000   15102.0   17513.0    1.0
p_y[733]                                   0.000  0.001   0.000    0.001      0.000    0.000   13928.0   16426.0    1.0
p_y[734]                                   0.000  0.000   0.000    0.001      0.000    0.000   15334.0   17120.0    1.0
p_y[735]                                   0.104  0.044   0.034    0.187      0.000    0.000   16389.0   18145.0    1.0
p_y[736]                                   0.001  0.002   0.000    0.002      0.000    0.000   11077.0   15885.0    1.0
p_y[737]                                   0.001  0.003   0.000    0.006      0.000    0.000   10520.0   13798.0    1.0
p_y[738]                                   0.000  0.001   0.000    0.001      0.000    0.000   12919.0   18189.0    1.0
p_y[739]                                   0.005  0.012   0.000    0.019      0.000    0.000   11462.0   13614.0    1.0
p_y[740]                                   0.000  0.000   0.000    0.000      0.000    0.000   11234.0   13539.0    1.0
p_y[741]                                   0.000  0.001   0.000    0.001      0.000    0.000   16428.0   16107.0    1.0
p_y[742]                                   0.009  0.011   0.000    0.030      0.000    0.000    5853.0    8297.0    1.0
p_y[743]                                   0.001  0.003   0.000    0.006      0.000    0.000    7307.0    8498.0    1.0
p_y[744]                                   0.003  0.007   0.000    0.011      0.000    0.000    7556.0    8516.0    1.0
p_y[745]                                   0.001  0.001   0.000    0.003      0.000    0.000   10802.0    8838.0    1.0
p_y[746]                                   0.001  0.006   0.000    0.003      0.000    0.000   15348.0   15661.0    1.0
p_y[747]                                   0.001  0.003   0.000    0.002      0.000    0.000   12046.0   13633.0    1.0
p_y[748]                                   0.000  0.002   0.000    0.001      0.000    0.000    9901.0   12024.0    1.0
p_y[749]                                   0.000  0.003   0.000    0.002      0.000    0.000    8249.0   10627.0    1.0
p_y[750]                                   0.000  0.000   0.000    0.000      0.000    0.000   10020.0   11402.0    1.0
p_y[751]                                   0.000  0.000   0.000    0.000      0.000    0.000    9945.0   11126.0    1.0
p_y[752]                                   0.000  0.000   0.000    0.000      0.000    0.000    3679.0    4523.0    1.0
p_y[753]                                   0.000  0.001   0.000    0.000      0.000    0.000    3934.0    4940.0    1.0
p_y[754]                                   0.000  0.000   0.000    0.000      0.000    0.000    3647.0    4651.0    1.0
p_y[755]                                   0.000  0.000   0.000    0.000      0.000    0.000    4033.0    5187.0    1.0
p_y[756]                                   0.000  0.001   0.000    0.001      0.000    0.000   14030.0   18555.0    1.0
p_y[757]                                   0.000  0.000   0.000    0.000      0.000    0.000   11689.0   14342.0    1.0
p_y[758]                                   0.000  0.000   0.000    0.000      0.000    0.000    3564.0    4775.0    1.0
p_y[759]                                   0.001  0.002   0.000    0.002      0.000    0.000   14491.0   17078.0    1.0
p_y[760]                                   0.000  0.000   0.000    0.000      0.000    0.000    4425.0    5714.0    1.0
p_y[761]                                   0.000  0.000   0.000    0.000      0.000    0.000    3500.0    4788.0    1.0
p_y[762]                                   0.000  0.001   0.000    0.001      0.000    0.000    3444.0    4848.0    1.0
p_y[763]                                   0.000  0.001   0.000    0.000      0.000    0.000    4336.0    5806.0    1.0
p_y[764]                                   0.000  0.001   0.000    0.001      0.000    0.000    3827.0    5106.0    1.0
p_y[765]                                   0.001  0.008   0.000    0.002      0.000    0.001    3835.0    5182.0    1.0
p_y[766]                                   0.000  0.001   0.000    0.001      0.000    0.000   14737.0   17699.0    1.0
p_y[767]                                   0.000  0.000   0.000    0.000      0.000    0.000    9954.0   13076.0    1.0
p_y[768]                                   0.001  0.001   0.000    0.002      0.000    0.000   11396.0   14673.0    1.0
p_y[769]                                   0.002  0.003   0.000    0.006      0.000    0.000   16636.0   16614.0    1.0
p_y[770]                                   0.002  0.003   0.000    0.006      0.000    0.000   13546.0   16568.0    1.0
p_y[771]                                   0.000  0.001   0.000    0.001      0.000    0.000   12616.0   16044.0    1.0
p_y[772]                                   0.000  0.000   0.000    0.001      0.000    0.000   14244.0   14568.0    1.0
p_y[773]                                   0.001  0.001   0.000    0.002      0.000    0.000   13844.0   13482.0    1.0
p_y[774]                                   0.001  0.002   0.000    0.003      0.000    0.000   16524.0   19597.0    1.0
p_y[775]                                   0.001  0.002   0.000    0.002      0.000    0.000   16190.0   19120.0    1.0
p_y[776]                                   0.001  0.004   0.000    0.005      0.000    0.000   16444.0   17826.0    1.0
p_y[777]                                   0.004  0.005   0.000    0.012      0.000    0.000   19113.0   17021.0    1.0
p_y[778]                                   0.007  0.013   0.000    0.028      0.000    0.000   16701.0   17788.0    1.0
p_y[779]                                   0.000  0.001   0.000    0.002      0.000    0.000   13964.0   15289.0    1.0
p_y[780]                                   0.000  0.001   0.000    0.001      0.000    0.000   15832.0   19921.0    1.0
p_y[781]                                   0.000  0.001   0.000    0.001      0.000    0.000   13897.0   18638.0    1.0
p_y[782]                                   0.000  0.001   0.000    0.001      0.000    0.000   11686.0   17992.0    1.0
p_y[783]                                   0.000  0.000   0.000    0.000      0.000    0.000   12704.0   17183.0    1.0
p_y[784]                                   0.017  0.011   0.001    0.037      0.000    0.000   17022.0   13799.0    1.0
p_y[785]                                   0.001  0.003   0.000    0.005      0.000    0.000   16663.0   11726.0    1.0
p_y[786]                                   0.005  0.008   0.000    0.018      0.000    0.000   18839.0   17119.0    1.0
p_y[787]                                   0.001  0.002   0.000    0.002      0.000    0.000   17833.0   17295.0    1.0
p_y[788]                                   0.003  0.003   0.000    0.008      0.000    0.000   16564.0   12837.0    1.0
p_y[789]                                   0.000  0.001   0.000    0.002      0.000    0.000   14689.0   14586.0    1.0
p_y[790]                                   0.003  0.006   0.000    0.011      0.000    0.000   18832.0   15547.0    1.0
p_y[791]                                   0.000  0.001   0.000    0.001      0.000    0.000   16826.0   17547.0    1.0
p_y[792]                                   0.000  0.000   0.000    0.001      0.000    0.000   14245.0   18191.0    1.0
p_y[793]                                   0.000  0.001   0.000    0.001      0.000    0.000   17088.0   14520.0    1.0
p_y[794]                                   0.000  0.001   0.000    0.001      0.000    0.000   15331.0   17787.0    1.0
p_y[795]                                   0.000  0.001   0.000    0.001      0.000    0.000   16880.0   17465.0    1.0
p_y[796]                                   0.001  0.002   0.000    0.002      0.000    0.000   14987.0   10789.0    1.0
p_y[797]                                   0.001  0.002   0.000    0.003      0.000    0.000   17334.0   19374.0    1.0
p_y[798]                                   0.000  0.001   0.000    0.001      0.000    0.000   15380.0   14173.0    1.0
p_y[799]                                   0.001  0.002   0.000    0.004      0.000    0.000   15592.0   18027.0    1.0
p_y[800]                                   0.003  0.008   0.000    0.012      0.000    0.000   14085.0   19105.0    1.0
p_y[801]                                   0.004  0.006   0.000    0.015      0.000    0.000   14932.0   17802.0    1.0
p_y[802]                                   0.001  0.001   0.000    0.003      0.000    0.000   18116.0   19517.0    1.0
p_y[803]                                   0.000  0.001   0.000    0.002      0.000    0.000   16042.0   19885.0    1.0
p_y[804]                                   0.002  0.003   0.000    0.007      0.000    0.000   14635.0   11616.0    1.0
p_y[805]                                   0.007  0.009   0.000    0.022      0.000    0.000   14951.0   15300.0    1.0
p_y[806]                                   0.031  0.034   0.000    0.091      0.000    0.000   14462.0   11735.0    1.0
p_y[807]                                   0.003  0.003   0.000    0.008      0.000    0.000   13244.0   12367.0    1.0
p_y[808]                                   0.001  0.002   0.000    0.003      0.000    0.000   15243.0   13886.0    1.0
p_y[809]                                   0.001  0.002   0.000    0.003      0.000    0.000   13771.0   12135.0    1.0
p_y[810]                                   0.000  0.001   0.000    0.001      0.000    0.000   16747.0   19753.0    1.0
p_y[811]                                   0.000  0.001   0.000    0.001      0.000    0.000   15253.0   18274.0    1.0
p_y[812]                                   0.001  0.003   0.000    0.003      0.000    0.000   16880.0   20366.0    1.0
p_y[813]                                   0.002  0.006   0.000    0.011      0.000    0.000   12990.0   14656.0    1.0
p_y[814]                                   0.001  0.002   0.000    0.003      0.000    0.000   16750.0   19828.0    1.0
p_y[815]                                   0.002  0.003   0.000    0.007      0.000    0.000   18186.0   17600.0    1.0
p_y[816]                                   0.004  0.005   0.000    0.012      0.000    0.000   16703.0   19553.0    1.0
p_y[817]                                   0.002  0.002   0.000    0.006      0.000    0.000   19487.0   19383.0    1.0
p_y[818]                                   0.001  0.002   0.000    0.002      0.000    0.000   18222.0   16650.0    1.0
p_y[819]                                   0.001  0.001   0.000    0.002      0.000    0.000   16541.0   16901.0    1.0
p_y[820]                                   0.000  0.001   0.000    0.001      0.000    0.000   14875.0   17264.0    1.0
p_y[821]                                   0.000  0.001   0.000    0.001      0.000    0.000   15045.0   12849.0    1.0
p_y[822]                                   0.001  0.001   0.000    0.002      0.000    0.000   16755.0   17990.0    1.0
p_y[823]                                   0.001  0.002   0.000    0.003      0.000    0.000   17971.0   18009.0    1.0
p_y[824]                                   0.001  0.002   0.000    0.004      0.000    0.000   14934.0   15228.0    1.0
p_y[825]                                   0.001  0.001   0.000    0.002      0.000    0.000   14793.0   15083.0    1.0
p_y[826]                                   0.000  0.001   0.000    0.001      0.000    0.000   14047.0   14018.0    1.0
p_y[827]                                   0.001  0.003   0.000    0.004      0.000    0.000   13473.0   11855.0    1.0
p_y[828]                                   0.002  0.004   0.000    0.007      0.000    0.000   12464.0   12840.0    1.0
p_y[829]                                   0.015  0.014   0.000    0.040      0.000    0.000    9955.0    6960.0    1.0
p_y[830]                                   0.001  0.002   0.000    0.004      0.000    0.000   12856.0   12691.0    1.0
p_y[831]                                   0.001  0.002   0.000    0.003      0.000    0.000   13540.0   13629.0    1.0
p_y[832]                                   0.001  0.002   0.000    0.003      0.000    0.000   17372.0   19295.0    1.0
p_y[833]                                   0.001  0.002   0.000    0.003      0.000    0.000    9412.0   10803.0    1.0
p_y[834]                                   0.001  0.002   0.000    0.003      0.000    0.000    9919.0   14103.0    1.0
p_y[835]                                   0.002  0.003   0.000    0.006      0.000    0.000   11115.0   13735.0    1.0
p_y[836]                                   0.001  0.001   0.000    0.003      0.000    0.000   11193.0   10962.0    1.0
p_y[837]                                   0.000  0.001   0.000    0.001      0.000    0.000   13990.0   18177.0    1.0
p_y[838]                                   0.001  0.001   0.000    0.004      0.000    0.000   14239.0   10447.0    1.0
p_y[839]                                   0.000  0.001   0.000    0.001      0.000    0.000   12279.0   16880.0    1.0
p_y[840]                                   0.000  0.001   0.000    0.001      0.000    0.000   12253.0   11590.0    1.0
p_y[841]                                   0.000  0.001   0.000    0.001      0.000    0.000   12323.0   14145.0    1.0
p_y[842]                                   0.008  0.014   0.000    0.029      0.000    0.000   19625.0   18366.0    1.0
p_y[843]                                   0.001  0.002   0.000    0.004      0.000    0.000   15942.0   14628.0    1.0
p_y[844]                                   0.001  0.004   0.000    0.003      0.000    0.000    6449.0    8753.0    1.0
p_y[845]                                   0.000  0.001   0.000    0.001      0.000    0.000   15676.0   20012.0    1.0
p_y[846]                                   0.002  0.004   0.000    0.007      0.000    0.000   16803.0   18016.0    1.0
p_y[847]                                   0.000  0.001   0.000    0.001      0.000    0.000   16779.0   18280.0    1.0
p_y[848]                                   0.001  0.002   0.000    0.003      0.000    0.000   14584.0   14129.0    1.0
p_y[849]                                   0.001  0.001   0.000    0.002      0.000    0.000   14228.0   18401.0    1.0
p_y[850]                                   0.001  0.001   0.000    0.002      0.000    0.000   14567.0    9936.0    1.0
p_y[851]                                   0.002  0.004   0.000    0.007      0.000    0.000   17326.0   17032.0    1.0
p_y[852]                                   0.042  0.026   0.004    0.089      0.000    0.000   20609.0   19855.0    1.0
p_y[853]                                   0.003  0.007   0.000    0.011      0.000    0.000   14706.0   13712.0    1.0
p_y[854]                                   0.000  0.001   0.000    0.002      0.000    0.000   13732.0   12158.0    1.0
p_y[855]                                   0.000  0.001   0.000    0.002      0.000    0.000   16163.0   22083.0    1.0
p_y[856]                                   0.000  0.001   0.000    0.001      0.000    0.000   15943.0   15797.0    1.0
p_y[857]                                   0.013  0.017   0.000    0.042      0.000    0.000   17188.0   12345.0    1.0
p_y[858]                                   0.006  0.003   0.002    0.011      0.000    0.000   18189.0   18734.0    1.0
p_y[859]                                   0.002  0.003   0.000    0.006      0.000    0.000   17519.0   19762.0    1.0
p_y[860]                                   0.006  0.006   0.000    0.017      0.000    0.000   16909.0   18827.0    1.0
p_y[861]                                   0.000  0.001   0.000    0.001      0.000    0.000   13709.0   18740.0    1.0
p_y[862]                                   0.000  0.001   0.000    0.001      0.000    0.000   12666.0   16513.0    1.0
p_y[863]                                   0.001  0.005   0.000    0.006      0.000    0.000    8470.0   12288.0    1.0
p_y[864]                                   0.002  0.003   0.000    0.006      0.000    0.000   10369.0   14009.0    1.0
p_y[865]                                   0.002  0.003   0.000    0.006      0.000    0.000   16829.0   20222.0    1.0
p_y[866]                                   0.001  0.002   0.000    0.003      0.000    0.000   16693.0   15335.0    1.0
p_y[867]                                   0.011  0.011   0.000    0.030      0.000    0.000   14995.0   15609.0    1.0
p_y[868]                                   0.002  0.003   0.000    0.006      0.000    0.000   17124.0   13025.0    1.0
p_y[869]                                   0.002  0.004   0.000    0.008      0.000    0.000   16617.0   15452.0    1.0
p_y[870]                                   0.002  0.005   0.000    0.009      0.000    0.000   16667.0   13925.0    1.0
p_y[871]                                   0.001  0.002   0.000    0.005      0.000    0.000   15288.0   14703.0    1.0
p_y[872]                                   0.000  0.000   0.000    0.000      0.000    0.000   10926.0   11720.0    1.0
p_y[873]                                   0.001  0.003   0.000    0.004      0.000    0.000   12792.0   16634.0    1.0
p_y[874]                                   0.003  0.004   0.000    0.010      0.000    0.000   12022.0    9822.0    1.0
p_y[875]                                   0.003  0.003   0.000    0.008      0.000    0.000   14794.0   13882.0    1.0
p_y[876]                                   0.002  0.003   0.000    0.007      0.000    0.000   12259.0   16695.0    1.0
p_y[877]                                   0.002  0.002   0.000    0.005      0.000    0.000   17482.0   15467.0    1.0
p_y[878]                                   0.000  0.001   0.000    0.002      0.000    0.000   16274.0   19108.0    1.0
p_y[879]                                   0.001  0.003   0.000    0.004      0.000    0.000   17276.0   16947.0    1.0
p_y[880]                                   0.003  0.003   0.000    0.008      0.000    0.000   17534.0   16491.0    1.0
p_y[881]                                   0.002  0.002   0.000    0.005      0.000    0.000   14212.0   10186.0    1.0
p_y[882]                                   0.001  0.002   0.000    0.003      0.000    0.000   14955.0   14804.0    1.0
p_y[883]                                   0.032  0.014   0.008    0.058      0.000    0.000   19200.0   17003.0    1.0
p_y[884]                                   0.001  0.002   0.000    0.004      0.000    0.000   14486.0   13537.0    1.0
p_y[885]                                   0.004  0.007   0.000    0.014      0.000    0.000   17745.0   17838.0    1.0
p_y[886]                                   0.010  0.017   0.000    0.037      0.000    0.000   15524.0   13616.0    1.0
p_y[887]                                   0.003  0.007   0.000    0.010      0.000    0.000   11996.0   15016.0    1.0
p_y[888]                                   0.000  0.001   0.000    0.001      0.000    0.000   12642.0   14204.0    1.0
p_y[889]                                   0.000  0.001   0.000    0.001      0.000    0.000   10197.0   13948.0    1.0
p_y[890]                                   0.002  0.009   0.000    0.008      0.000    0.001   15440.0   10477.0    1.0
p_y[891]                                   0.005  0.019   0.000    0.021      0.000    0.001   13157.0   15558.0    1.0
p_y[892]                                   0.002  0.004   0.000    0.006      0.000    0.000   17240.0   21090.0    1.0
p_y[893]                                   0.011  0.025   0.000    0.046      0.000    0.000   13991.0    8873.0    1.0
p_y[894]                                   0.005  0.010   0.000    0.017      0.000    0.000   16109.0   17544.0    1.0
p_y[895]                                   0.001  0.003   0.000    0.005      0.000    0.000   15770.0   17674.0    1.0
p_y[896]                                   0.000  0.001   0.000    0.001      0.000    0.000   16577.0   16776.0    1.0
p_y[897]                                   0.001  0.001   0.000    0.002      0.000    0.000   17009.0   17497.0    1.0
p_y[898]                                   0.007  0.011   0.000    0.026      0.000    0.000   15654.0   13098.0    1.0
p_y[899]                                   0.006  0.010   0.000    0.021      0.000    0.000   11872.0   14783.0    1.0
p_y[900]                                   0.005  0.011   0.000    0.018      0.000    0.000   13206.0   17830.0    1.0
p_y[901]                                   0.007  0.014   0.000    0.024      0.000    0.000   10259.0   13182.0    1.0
p_y[902]                                   0.004  0.011   0.000    0.014      0.000    0.001   11260.0   15029.0    1.0
p_y[903]                                   0.001  0.003   0.000    0.004      0.000    0.000   11353.0   11172.0    1.0
p_y[904]                                   0.010  0.014   0.000    0.033      0.000    0.000   14488.0   13123.0    1.0
p_y[905]                                   0.004  0.007   0.000    0.015      0.000    0.000   17099.0   16540.0    1.0
p_y[906]                                   0.001  0.005   0.000    0.005      0.000    0.000   10223.0   15242.0    1.0
p_y[907]                                   0.001  0.002   0.000    0.003      0.000    0.000   14927.0   14355.0    1.0
p_y[908]                                   0.004  0.007   0.000    0.014      0.000    0.000   14509.0   13839.0    1.0
p_y[909]                                   0.021  0.028   0.000    0.069      0.000    0.000   12794.0   12377.0    1.0
p_y[910]                                   0.011  0.015   0.000    0.035      0.000    0.000   17921.0   17825.0    1.0
p_y[911]                                   0.002  0.003   0.000    0.005      0.000    0.000   14893.0   18134.0    1.0
p_y[912]                                   0.003  0.006   0.000    0.011      0.000    0.000   12903.0   15188.0    1.0
p_y[913]                                   0.003  0.009   0.000    0.011      0.000    0.000   16247.0   12158.0    1.0
p_y[914]                                   0.012  0.021   0.000    0.041      0.000    0.000   15988.0   15450.0    1.0
p_y[915]                                   0.000  0.001   0.000    0.001      0.000    0.000   14885.0   15831.0    1.0
p_y[916]                                   0.002  0.006   0.000    0.007      0.000    0.000   12858.0   15467.0    1.0
p_y[917]                                   0.000  0.001   0.000    0.001      0.000    0.000   14204.0   13251.0    1.0
p_y[918]                                   0.001  0.003   0.000    0.004      0.000    0.000   19042.0   19728.0    1.0
p_y[919]                                   0.008  0.014   0.000    0.027      0.000    0.000   17310.0   18541.0    1.0
p_y[920]                                   0.002  0.005   0.000    0.006      0.000    0.000   20028.0   18029.0    1.0
p_y[921]                                   0.000  0.001   0.000    0.001      0.000    0.000   11935.0   17658.0    1.0
p_y[922]                                   0.001  0.003   0.000    0.002      0.000    0.000   15694.0   17950.0    1.0
p_y[923]                                   0.002  0.004   0.000    0.009      0.000    0.000   11521.0   13751.0    1.0
p_y[924]                                   0.001  0.004   0.000    0.004      0.000    0.000   11424.0   18659.0    1.0
p_y[925]                                   0.001  0.001   0.000    0.002      0.000    0.000   11560.0   11874.0    1.0
p_y[926]                                   0.000  0.001   0.000    0.001      0.000    0.000   14337.0   14174.0    1.0
p_y[927]                                   0.001  0.004   0.000    0.002      0.000    0.001   12901.0   14507.0    1.0
p_y[928]                                   0.001  0.002   0.000    0.003      0.000    0.000   14170.0   17604.0    1.0
p_y[929]                                   0.006  0.011   0.000    0.022      0.000    0.000   17733.0   17704.0    1.0
p_y[930]                                   0.001  0.001   0.000    0.002      0.000    0.000   13317.0   16754.0    1.0
p_y[931]                                   0.002  0.003   0.000    0.005      0.000    0.000   14395.0   17351.0    1.0
p_y[932]                                   0.008  0.014   0.000    0.029      0.000    0.000   18508.0   18777.0    1.0
p_y[933]                                   0.002  0.004   0.000    0.008      0.000    0.000   14134.0   11395.0    1.0
p_y[934]                                   0.001  0.002   0.000    0.004      0.000    0.000   12727.0   12361.0    1.0
p_y[935]                                   0.027  0.025   0.000    0.071      0.000    0.000   17377.0   16152.0    1.0
p_y[936]                                   0.002  0.004   0.000    0.007      0.000    0.000   11639.0   16278.0    1.0
p_y[937]                                   0.002  0.005   0.000    0.008      0.000    0.000   14015.0   17092.0    1.0
p_y[938]                                   0.004  0.008   0.000    0.015      0.000    0.000   18367.0   19902.0    1.0
p_y[939]                                   0.003  0.006   0.000    0.011      0.000    0.000   15857.0   15414.0    1.0
p_y[940]                                   0.003  0.006   0.000    0.012      0.000    0.000   17480.0   18831.0    1.0
p_y[941]                                   0.003  0.004   0.000    0.010      0.000    0.000   17468.0   17097.0    1.0
p_y[942]                                   0.003  0.007   0.000    0.012      0.000    0.000   15107.0   17679.0    1.0
p_y[943]                                   0.001  0.003   0.000    0.003      0.000    0.000   15004.0   17880.0    1.0
p_y[944]                                   0.004  0.011   0.000    0.013      0.000    0.001   13860.0   13051.0    1.0
p_y[945]                                   0.001  0.001   0.000    0.002      0.000    0.000    9487.0   11914.0    1.0
p_y[946]                                   0.001  0.004   0.000    0.005      0.000    0.000   11081.0   10444.0    1.0
p_y[947]                                   0.019  0.013   0.001    0.041      0.000    0.000   16510.0   12883.0    1.0
p_y[948]                                   0.002  0.004   0.000    0.006      0.000    0.000   14831.0   14453.0    1.0
p_y[949]                                   0.000  0.000   0.000    0.000      0.000    0.000   11149.0   16411.0    1.0
p_y[950]                                   0.000  0.001   0.000    0.001      0.000    0.000   15274.0   17711.0    1.0
p_y[951]                                   0.002  0.004   0.000    0.006      0.000    0.000   18011.0   19048.0    1.0
p_y[952]                                   0.005  0.007   0.000    0.017      0.000    0.000   18672.0   13050.0    1.0
p_y[953]                                   0.003  0.005   0.000    0.011      0.000    0.000   18905.0   17857.0    1.0
p_y[954]                                   0.001  0.003   0.000    0.004      0.000    0.000   14575.0   13736.0    1.0
p_y[955]                                   0.006  0.011   0.000    0.022      0.000    0.000   13817.0   13236.0    1.0
p_y[956]                                   0.002  0.003   0.000    0.006      0.000    0.000   18884.0   18767.0    1.0
p_y[957]                                   0.004  0.007   0.000    0.015      0.000    0.000   11373.0   14586.0    1.0
p_y[958]                                   0.001  0.003   0.000    0.005      0.000    0.000   10636.0   13691.0    1.0
p_y[959]                                   0.001  0.003   0.000    0.006      0.000    0.000   14809.0   16553.0    1.0
p_y[960]                                   0.008  0.012   0.000    0.027      0.000    0.000   16268.0   16825.0    1.0
p_y[961]                                   0.004  0.007   0.000    0.014      0.000    0.000   12942.0   18789.0    1.0
p_y[962]                                   0.004  0.007   0.000    0.013      0.000    0.000   18889.0   15416.0    1.0
p_y[963]                                   0.063  0.037   0.009    0.131      0.000    0.000   17291.0   14114.0    1.0
p_y[964]                                   0.065  0.047   0.004    0.151      0.000    0.001   18575.0   16597.0    1.0
p_y[965]                                   0.013  0.018   0.000    0.042      0.000    0.000   16123.0   11783.0    1.0
p_y[966]                                   0.008  0.011   0.000    0.025      0.000    0.000   18259.0   15951.0    1.0
p_y[967]                                   0.001  0.002   0.000    0.002      0.000    0.000   14913.0   16540.0    1.0
p_y[968]                                   0.004  0.008   0.000    0.015      0.000    0.000   18355.0   21749.0    1.0
p_y[969]                                   0.000  0.001   0.000    0.001      0.000    0.000   12318.0   16831.0    1.0
p_y[970]                                   0.001  0.004   0.000    0.005      0.000    0.000   14579.0   15578.0    1.0
p_y[971]                                   0.001  0.001   0.000    0.002      0.000    0.000   14881.0   18277.0    1.0
p_y[972]                                   0.001  0.003   0.000    0.004      0.000    0.000   16666.0   20043.0    1.0
p_y[973]                                   0.001  0.003   0.000    0.002      0.000    0.000   13529.0   17719.0    1.0
p_y[974]                                   0.000  0.001   0.000    0.000      0.000    0.000    9469.0   12912.0    1.0
p_y[975]                                   0.003  0.005   0.000    0.009      0.000    0.000   19768.0   19289.0    1.0
p_y[976]                                   0.005  0.007   0.000    0.016      0.000    0.000   15868.0   14299.0    1.0
p_y[977]                                   0.002  0.006   0.000    0.010      0.000    0.000    8467.0   13605.0    1.0
p_y[978]                                   0.001  0.002   0.000    0.003      0.000    0.000   12972.0   16664.0    1.0
p_y[979]                                   0.001  0.002   0.000    0.004      0.000    0.000   12988.0   18162.0    1.0
p_y[980]                                   0.001  0.003   0.000    0.005      0.000    0.000   18055.0   18314.0    1.0
p_y[981]                                   0.001  0.002   0.000    0.003      0.000    0.000   14981.0   14374.0    1.0
p_y[982]                                   0.001  0.002   0.000    0.004      0.000    0.000   15394.0   16551.0    1.0
p_y[983]                                   0.002  0.002   0.000    0.005      0.000    0.000   17548.0   17146.0    1.0
p_y[984]                                   0.006  0.011   0.000    0.023      0.000    0.000   15175.0   11170.0    1.0
p_y[985]                                   0.003  0.005   0.000    0.009      0.000    0.000   16776.0   17787.0    1.0
p_y[986]                                   0.001  0.005   0.000    0.005      0.000    0.000   15840.0   11597.0    1.0
p_y[987]                                   0.001  0.002   0.000    0.002      0.000    0.000   17073.0   18745.0    1.0
p_y[988]                                   0.000  0.002   0.000    0.001      0.000    0.000   15768.0   13538.0    1.0
p_y[989]                                   0.000  0.000   0.000    0.000      0.000    0.000   13134.0   19316.0    1.0
p_y[990]                                   0.000  0.001   0.000    0.001      0.000    0.000   16115.0   19627.0    1.0
p_y[991]                                   0.000  0.001   0.000    0.001      0.000    0.000   13133.0   16801.0    1.0
p_y[992]                                   0.000  0.001   0.000    0.001      0.000    0.000   13300.0   17268.0    1.0
p_y[993]                                   0.001  0.003   0.000    0.004      0.000    0.000   15372.0    9696.0    1.0
p_y[994]                                   0.002  0.005   0.000    0.007      0.000    0.000   11891.0   14085.0    1.0
p_y[995]                                   0.001  0.004   0.000    0.003      0.000    0.000   17829.0   19500.0    1.0
p_y[996]                                   0.001  0.002   0.000    0.003      0.000    0.000   14063.0   12519.0    1.0
p_y[997]                                   0.000  0.002   0.000    0.001      0.000    0.000   10408.0   16703.0    1.0
p_y[998]                                   0.000  0.001   0.000    0.002      0.000    0.000    9365.0   12720.0    1.0
p_y[999]                                   0.001  0.002   0.000    0.003      0.000    0.000   12202.0   10626.0    1.0
p_y[1000]                                  0.000  0.001   0.000    0.001      0.000    0.000    9627.0   13112.0    1.0
p_y[1001]                                  0.001  0.002   0.000    0.002      0.000    0.000   11563.0   14953.0    1.0
p_y[1002]                                  0.001  0.003   0.000    0.002      0.000    0.000   10020.0   13159.0    1.0
p_y[1003]                                  0.001  0.002   0.000    0.003      0.000    0.000    9842.0   12002.0    1.0
p_y[1004]                                  0.002  0.003   0.000    0.006      0.000    0.000   11122.0   12453.0    1.0
p_y[1005]                                  0.003  0.005   0.000    0.012      0.000    0.000   13297.0   12775.0    1.0
p_y[1006]                                  0.000  0.001   0.000    0.001      0.000    0.000   12725.0   11948.0    1.0
p_y[1007]                                  0.000  0.000   0.000    0.001      0.000    0.000   13680.0   17164.0    1.0
p_y[1008]                                  0.004  0.005   0.000    0.013      0.000    0.000   18256.0   18662.0    1.0
p_y[1009]                                  0.003  0.004   0.000    0.010      0.000    0.000   17819.0   19712.0    1.0
p_y[1010]                                  0.002  0.003   0.000    0.006      0.000    0.000   14531.0   12949.0    1.0
p_y[1011]                                  0.002  0.005   0.000    0.006      0.000    0.000   17593.0   14014.0    1.0
p_y[1012]                                  0.002  0.004   0.000    0.009      0.000    0.000   16471.0   15223.0    1.0
p_y[1013]                                  0.002  0.003   0.000    0.006      0.000    0.000   15646.0   12834.0    1.0
p_y[1014]                                  0.001  0.003   0.000    0.005      0.000    0.000   18349.0   12632.0    1.0
p_y[1015]                                  0.001  0.001   0.000    0.002      0.000    0.000   18850.0   19306.0    1.0
p_y[1016]                                  0.003  0.005   0.000    0.009      0.000    0.000   12458.0   13066.0    1.0
p_y[1017]                                  0.001  0.002   0.000    0.003      0.000    0.000   12781.0   18089.0    1.0
p_y[1018]                                  0.002  0.004   0.000    0.006      0.000    0.000   13583.0    9995.0    1.0
p_y[1019]                                  0.001  0.002   0.000    0.003      0.000    0.000   12464.0   13761.0    1.0
p_y[1020]                                  0.000  0.001   0.000    0.002      0.000    0.000    9957.0   13589.0    1.0
p_y[1021]                                  0.001  0.003   0.000    0.006      0.000    0.000   10817.0   15836.0    1.0
p_y[1022]                                  0.002  0.002   0.000    0.005      0.000    0.000   19466.0   17716.0    1.0
p_y[1023]                                  0.006  0.006   0.000    0.017      0.000    0.000   16502.0   14056.0    1.0
p_y[1024]                                  0.001  0.002   0.000    0.003      0.000    0.000   13096.0   15040.0    1.0
p_y[1025]                                  0.001  0.004   0.000    0.006      0.000    0.000   15763.0   14064.0    1.0
p_y[1026]                                  0.002  0.003   0.000    0.006      0.000    0.000   17175.0   18918.0    1.0
p_y[1027]                                  0.004  0.006   0.000    0.014      0.000    0.000   13695.0   11926.0    1.0
p_y[1028]                                  0.004  0.004   0.000    0.011      0.000    0.000   16049.0   16165.0    1.0
p_y[1029]                                  0.002  0.003   0.000    0.007      0.000    0.000   17559.0   18509.0    1.0
p_y[1030]                                  0.002  0.003   0.000    0.006      0.000    0.000   14068.0   16185.0    1.0
p_y[1031]                                  0.001  0.002   0.000    0.002      0.000    0.000   16057.0   16818.0    1.0
p_y[1032]                                  0.000  0.001   0.000    0.001      0.000    0.000   15553.0   19214.0    1.0
p_y[1033]                                  0.001  0.002   0.000    0.003      0.000    0.000   13794.0   15965.0    1.0
p_y[1034]                                  0.001  0.002   0.000    0.003      0.000    0.000   13316.0   17071.0    1.0
p_y[1035]                                  0.000  0.001   0.000    0.001      0.000    0.000   12471.0   17225.0    1.0
p_y[1036]                                  0.001  0.003   0.000    0.004      0.000    0.000   11563.0   13974.0    1.0
p_y[1037]                                  0.001  0.002   0.000    0.003      0.000    0.000   15286.0   19068.0    1.0
p_y[1038]                                  0.001  0.005   0.000    0.004      0.000    0.000   13725.0   13321.0    1.0
p_y[1039]                                  0.004  0.005   0.000    0.013      0.000    0.000   16964.0   18018.0    1.0
p_y[1040]                                  0.001  0.001   0.000    0.002      0.000    0.000   16080.0   18233.0    1.0
p_y[1041]                                  0.001  0.002   0.000    0.003      0.000    0.000   13794.0   13909.0    1.0
p_y[1042]                                  0.002  0.005   0.000    0.009      0.000    0.000   18783.0   20227.0    1.0
p_y[1043]                                  0.001  0.001   0.000    0.002      0.000    0.000   13274.0   13876.0    1.0
p_y[1044]                                  0.000  0.001   0.000    0.001      0.000    0.000   10360.0    9786.0    1.0
p_y[1045]                                  0.002  0.003   0.000    0.006      0.000    0.000   20451.0   20534.0    1.0
p_y[1046]                                  0.001  0.003   0.000    0.003      0.000    0.000   11420.0   15852.0    1.0
p_y[1047]                                  0.001  0.002   0.000    0.003      0.000    0.000   13201.0   10749.0    1.0
p_y[1048]                                  0.003  0.006   0.000    0.011      0.000    0.000   17543.0   18780.0    1.0
p_y[1049]                                  0.000  0.001   0.000    0.001      0.000    0.000   13182.0   14007.0    1.0
p_y[1050]                                  0.000  0.001   0.000    0.001      0.000    0.000   14405.0   13651.0    1.0
p_y[1051]                                  0.001  0.004   0.000    0.004      0.000    0.000   19663.0   20184.0    1.0
p_y[1052]                                  0.001  0.002   0.000    0.004      0.000    0.000   18197.0   18453.0    1.0
p_y[1053]                                  0.001  0.003   0.000    0.003      0.000    0.000   18960.0   18059.0    1.0
p_y[1054]                                  0.001  0.004   0.000    0.003      0.000    0.000   14306.0   18289.0    1.0
p_y[1055]                                  0.001  0.002   0.000    0.003      0.000    0.000   12121.0   19300.0    1.0
p_y[1056]                                  0.000  0.001   0.000    0.001      0.000    0.000   11672.0   18061.0    1.0
p_y[1057]                                  0.001  0.003   0.000    0.003      0.000    0.000   13197.0   17035.0    1.0
p_y[1058]                                  0.000  0.001   0.000    0.001      0.000    0.000   11109.0   15513.0    1.0
p_y[1059]                                  0.001  0.001   0.000    0.002      0.000    0.000   17494.0   16681.0    1.0
p_y[1060]                                  0.001  0.002   0.000    0.002      0.000    0.000   17416.0   20330.0    1.0
p_y[1061]                                  0.001  0.003   0.000    0.004      0.000    0.000   14436.0   15008.0    1.0
p_y[1062]                                  0.007  0.008   0.000    0.021      0.000    0.000   19579.0   16272.0    1.0
p_y[1063]                                  0.002  0.002   0.000    0.006      0.000    0.000   16808.0   15505.0    1.0
p_y[1064]                                  0.018  0.018   0.000    0.050      0.000    0.000   15082.0   11911.0    1.0
p_y[1065]                                  0.001  0.003   0.000    0.003      0.000    0.000   14685.0   19867.0    1.0
p_y[1066]                                  0.001  0.002   0.000    0.004      0.000    0.000   11696.0   13553.0    1.0
p_y[1067]                                  0.001  0.002   0.000    0.003      0.000    0.000    9807.0   11633.0    1.0
p_y[1068]                                  0.005  0.009   0.000    0.019      0.000    0.000   13390.0   17677.0    1.0
p_y[1069]                                  0.001  0.001   0.000    0.002      0.000    0.000   15261.0   18356.0    1.0
p_y[1070]                                  0.000  0.002   0.000    0.002      0.000    0.000   12145.0   12808.0    1.0
p_y[1071]                                  0.001  0.002   0.000    0.003      0.000    0.000   15486.0   12032.0    1.0
p_y[1072]                                  0.001  0.002   0.000    0.003      0.000    0.000   14933.0   11793.0    1.0
p_y[1073]                                  0.003  0.006   0.000    0.010      0.000    0.000   17783.0   16948.0    1.0
p_y[1074]                                  0.004  0.009   0.000    0.016      0.000    0.000   17048.0   17660.0    1.0
p_y[1075]                                  0.009  0.012   0.000    0.029      0.000    0.000   16500.0   15256.0    1.0
p_y[1076]                                  0.001  0.002   0.000    0.003      0.000    0.000   16652.0   18143.0    1.0
p_y[1077]                                  0.001  0.002   0.000    0.002      0.000    0.000   15406.0   18956.0    1.0
p_y[1078]                                  0.001  0.002   0.000    0.003      0.000    0.000   16365.0   19664.0    1.0
p_y[1079]                                  0.001  0.002   0.000    0.003      0.000    0.000   14097.0   17017.0    1.0
p_y[1080]                                  0.056  0.041   0.002    0.130      0.000    0.000   20868.0   17225.0    1.0
p_y[1081]                                  0.002  0.004   0.000    0.008      0.000    0.000   17419.0   15576.0    1.0
p_y[1082]                                  0.002  0.002   0.000    0.006      0.000    0.000   14002.0   14247.0    1.0
p_y[1083]                                  0.002  0.004   0.000    0.006      0.000    0.000   12137.0   14057.0    1.0
p_y[1084]                                  0.000  0.002   0.000    0.002      0.000    0.000   12890.0   11056.0    1.0
p_y[1085]                                  0.002  0.005   0.000    0.006      0.000    0.000   12521.0   16298.0    1.0
p_y[1086]                                  0.002  0.006   0.000    0.009      0.000    0.000   18181.0   16777.0    1.0
p_y[1087]                                  0.001  0.004   0.000    0.003      0.000    0.000   12541.0   17963.0    1.0
p_y[1088]                                  0.003  0.008   0.000    0.014      0.000    0.000   17103.0   18035.0    1.0
p_y[1089]                                  0.001  0.002   0.000    0.003      0.000    0.000   10932.0   13844.0    1.0
p_y[1090]                                  0.002  0.005   0.000    0.007      0.000    0.000   11292.0   15342.0    1.0
p_y[1091]                                  0.001  0.002   0.000    0.003      0.000    0.000   12545.0   16094.0    1.0
p_y[1092]                                  0.004  0.009   0.000    0.014      0.000    0.000   18781.0   16887.0    1.0
p_y[1093]                                  0.000  0.001   0.000    0.002      0.000    0.000   12903.0   12006.0    1.0
p_y[1094]                                  0.001  0.002   0.000    0.003      0.000    0.000   12808.0   15414.0    1.0
p_y[1095]                                  0.005  0.009   0.000    0.018      0.000    0.000   14334.0   13643.0    1.0
p_y[1096]                                  0.001  0.002   0.000    0.003      0.000    0.000   14686.0   18963.0    1.0
p_y[1097]                                  0.003  0.007   0.000    0.011      0.000    0.000   15621.0   18925.0    1.0
p_y[1098]                                  0.002  0.004   0.000    0.008      0.000    0.000   17386.0   15560.0    1.0
p_y[1099]                                  0.002  0.003   0.000    0.005      0.000    0.000   14727.0   13557.0    1.0
p_y[1100]                                  0.001  0.002   0.000    0.004      0.000    0.000   16683.0   15379.0    1.0
p_y[1101]                                  0.011  0.017   0.000    0.041      0.000    0.000   10585.0   13517.0    1.0
p_y[1102]                                  0.003  0.005   0.000    0.010      0.000    0.000   18676.0   13402.0    1.0
p_y[1103]                                  0.008  0.011   0.000    0.027      0.000    0.000   17922.0   11709.0    1.0
p_y[1104]                                  0.001  0.002   0.000    0.003      0.000    0.000   10696.0   14934.0    1.0
p_y[1105]                                  0.007  0.008   0.000    0.020      0.000    0.000   16798.0   15274.0    1.0
p_y[1106]                                  0.004  0.007   0.000    0.014      0.000    0.000   17970.0   14880.0    1.0
p_y[1107]                                  0.006  0.010   0.000    0.021      0.000    0.000   17805.0   13827.0    1.0
p_y[1108]                                  0.004  0.006   0.000    0.013      0.000    0.000   15396.0   15092.0    1.0
p_y[1109]                                  0.002  0.004   0.000    0.006      0.000    0.000   17678.0   17056.0    1.0
p_y[1110]                                  0.003  0.007   0.000    0.012      0.000    0.000   19135.0   15120.0    1.0
p_y[1111]                                  0.029  0.030   0.000    0.082      0.000    0.000   18985.0   17206.0    1.0
p_y[1112]                                  0.002  0.004   0.000    0.006      0.000    0.000   18074.0   17032.0    1.0
p_y[1113]                                  0.001  0.004   0.000    0.006      0.000    0.000   21317.0   15866.0    1.0
p_y[1114]                                  0.001  0.003   0.000    0.005      0.000    0.000   16531.0   12997.0    1.0
p_y[1115]                                  0.077  0.042   0.013    0.155      0.000    0.000   19354.0   21055.0    1.0
p_y[1116]                                  0.037  0.028   0.000    0.086      0.000    0.000   19360.0   15544.0    1.0
p_y[1117]                                  0.001  0.002   0.000    0.004      0.000    0.000   18510.0   16458.0    1.0
p_y[1118]                                  0.082  0.055   0.008    0.182      0.000    0.001   18809.0   17683.0    1.0
p_y[1119]                                  0.050  0.037   0.002    0.116      0.000    0.000   18025.0   13976.0    1.0
p_y[1120]                                  0.001  0.001   0.000    0.003      0.000    0.000   16934.0   19261.0    1.0
p_y[1121]                                  0.005  0.006   0.000    0.016      0.000    0.000   16127.0   12956.0    1.0
p_y[1122]                                  0.054  0.048   0.000    0.140      0.000    0.000   19618.0   16519.0    1.0
p_y[1123]                                  0.002  0.003   0.000    0.006      0.000    0.000   18041.0   16411.0    1.0
p_y[1124]                                  0.006  0.009   0.000    0.020      0.000    0.000   18857.0   16886.0    1.0
p_y[1125]                                  0.001  0.002   0.000    0.003      0.000    0.000   17048.0   19415.0    1.0
p_y[1126]                                  0.000  0.000   0.000    0.001      0.000    0.000   16903.0   19453.0    1.0
p_y[1127]                                  0.001  0.001   0.000    0.003      0.000    0.000   18136.0   17646.0    1.0
p_y[1128]                                  0.008  0.007   0.000    0.021      0.000    0.000   12305.0    9155.0    1.0
p_y[1129]                                  0.036  0.059   0.000    0.134      0.000    0.001   14702.0   16370.0    1.0
p_y[1130]                                  0.000  0.001   0.000    0.001      0.000    0.000   15327.0   11594.0    1.0
p_y[1131]                                  0.001  0.001   0.000    0.002      0.000    0.000   15613.0   16577.0    1.0
p_y[1132]                                  0.001  0.003   0.000    0.003      0.000    0.000   17853.0   18622.0    1.0
p_y[1133]                                  0.001  0.002   0.000    0.003      0.000    0.000   17077.0   17589.0    1.0
p_y[1134]                                  0.001  0.002   0.000    0.004      0.000    0.000   14927.0   14909.0    1.0
p_y[1135]                                  0.018  0.016   0.000    0.047      0.000    0.000   13686.0    9289.0    1.0
p_y[1136]                                  0.003  0.004   0.000    0.009      0.000    0.000   17455.0   14828.0    1.0
p_y[1137]                                  0.001  0.003   0.000    0.005      0.000    0.000   18538.0   11829.0    1.0
p_y[1138]                                  0.001  0.002   0.000    0.004      0.000    0.000   16687.0   17486.0    1.0
p_y[1139]                                  0.053  0.045   0.001    0.132      0.000    0.000   18032.0   15393.0    1.0
p_y[1140]                                  0.001  0.001   0.000    0.003      0.000    0.000   17687.0   15770.0    1.0
p_y[1141]                                  0.004  0.007   0.000    0.015      0.000    0.000   17039.0   11525.0    1.0
p_y[1142]                                  0.353  0.157   0.085    0.646      0.001    0.001   17506.0   16870.0    1.0
p_y[1143]                                  0.003  0.006   0.000    0.011      0.000    0.000   18751.0   16740.0    1.0
p_y[1144]                                  0.393  0.185   0.083    0.739      0.001    0.001   17334.0   15281.0    1.0
p_y[1145]                                  0.004  0.006   0.000    0.014      0.000    0.000   18824.0   17807.0    1.0
p_y[1146]                                  0.005  0.009   0.000    0.020      0.000    0.000   15583.0   14641.0    1.0
p_y[1147]                                  0.006  0.010   0.000    0.021      0.000    0.000   15853.0   16364.0    1.0
p_y[1148]                                  0.007  0.007   0.000    0.019      0.000    0.000   14234.0   13114.0    1.0
p_y[1149]                                  0.000  0.001   0.000    0.001      0.000    0.000   12683.0   15655.0    1.0
p_y[1150]                                  0.001  0.001   0.000    0.002      0.000    0.000   13977.0   16602.0    1.0
p_y[1151]                                  0.004  0.007   0.000    0.015      0.000    0.000   17692.0   12489.0    1.0
p_y[1152]                                  0.000  0.001   0.000    0.002      0.000    0.000   14611.0   16173.0    1.0
p_y[1153]                                  0.000  0.001   0.000    0.001      0.000    0.000   13678.0   17314.0    1.0
p_y[1154]                                  0.041  0.030   0.001    0.096      0.000    0.000   16902.0   15237.0    1.0
p_y[1155]                                  0.001  0.001   0.000    0.002      0.000    0.000   17699.0   13867.0    1.0
p_y[1156]                                  0.001  0.003   0.000    0.003      0.000    0.000   12402.0   10946.0    1.0
p_y[1157]                                  0.001  0.002   0.000    0.003      0.000    0.000   16121.0   17439.0    1.0
p_y[1158]                                  0.007  0.012   0.000    0.023      0.000    0.000   20197.0   18709.0    1.0
p_y[1159]                                  0.007  0.010   0.000    0.023      0.000    0.000   15884.0   16139.0    1.0
p_y[1160]                                  0.001  0.003   0.000    0.005      0.000    0.000   14415.0   11154.0    1.0
p_y[1161]                                  0.002  0.004   0.000    0.006      0.000    0.000   14873.0   12685.0    1.0
p_y[1162]                                  0.001  0.003   0.000    0.004      0.000    0.000   19214.0   20725.0    1.0
p_y[1163]                                  0.010  0.013   0.000    0.030      0.000    0.000   14607.0   18152.0    1.0
p_y[1164]                                  0.004  0.009   0.000    0.013      0.000    0.000   18285.0   16328.0    1.0
p_y[1165]                                  0.000  0.001   0.000    0.002      0.000    0.000   17679.0   18996.0    1.0
p_y[1166]                                  0.002  0.004   0.000    0.007      0.000    0.000   18804.0   18281.0    1.0
p_y[1167]                                  0.001  0.002   0.000    0.003      0.000    0.000   16800.0   18275.0    1.0
p_y[1168]                                  0.004  0.006   0.000    0.013      0.000    0.000   14198.0   16646.0    1.0
p_y[1169]                                  0.000  0.001   0.000    0.002      0.000    0.000   15518.0   16917.0    1.0
p_y[1170]                                  0.000  0.001   0.000    0.001      0.000    0.000   16134.0   14983.0    1.0
p_y[1171]                                  0.001  0.001   0.000    0.002      0.000    0.000   15650.0   18357.0    1.0
p_y[1172]                                  0.001  0.003   0.000    0.005      0.000    0.000   17937.0   15081.0    1.0
p_y[1173]                                  0.001  0.002   0.000    0.002      0.000    0.000   16585.0   18096.0    1.0
p_y[1174]                                  0.001  0.003   0.000    0.005      0.000    0.000   16654.0   19231.0    1.0
p_y[1175]                                  0.002  0.004   0.000    0.006      0.000    0.000   16509.0   17935.0    1.0
p_y[1176]                                  0.001  0.002   0.000    0.003      0.000    0.000   15055.0   13904.0    1.0
p_y[1177]                                  0.023  0.032   0.000    0.078      0.000    0.000   16195.0   14294.0    1.0
p_y[1178]                                  0.002  0.003   0.000    0.005      0.000    0.000   15491.0   16628.0    1.0
p_y[1179]                                  0.002  0.004   0.000    0.007      0.000    0.000   19585.0   20508.0    1.0
p_y[1180]                                  0.001  0.003   0.000    0.004      0.000    0.000   13764.0   13529.0    1.0
p_y[1181]                                  0.001  0.002   0.000    0.004      0.000    0.000   15320.0   10617.0    1.0
p_y[1182]                                  0.003  0.005   0.000    0.010      0.000    0.000   14681.0   10780.0    1.0
p_y[1183]                                  0.014  0.017   0.000    0.043      0.000    0.000   21600.0   17191.0    1.0
p_y[1184]                                  0.003  0.004   0.000    0.009      0.000    0.000   14770.0   15475.0    1.0
p_y[1185]                                  0.002  0.004   0.000    0.007      0.000    0.000   15353.0   15400.0    1.0
p_y[1186]                                  0.002  0.004   0.000    0.007      0.000    0.000   20032.0   21251.0    1.0
p_y[1187]                                  0.038  0.032   0.000    0.095      0.000    0.000   21579.0   16921.0    1.0
p_y[1188]                                  0.000  0.001   0.000    0.001      0.000    0.000   15714.0   15998.0    1.0
p_y[1189]                                  0.002  0.005   0.000    0.009      0.000    0.000   14317.0   14330.0    1.0
p_y[1190]                                  0.000  0.001   0.000    0.001      0.000    0.000   15143.0   14526.0    1.0
p_y[1191]                                  0.007  0.014   0.000    0.026      0.000    0.000   15650.0   16811.0    1.0
p_y[1192]                                  0.002  0.007   0.000    0.007      0.000    0.000   14151.0   15594.0    1.0
p_y[1193]                                  0.001  0.004   0.000    0.006      0.000    0.000   15749.0   16802.0    1.0
p_y[1194]                                  0.001  0.005   0.000    0.005      0.000    0.000   12362.0   16032.0    1.0
p_y[1195]                                  0.001  0.003   0.000    0.004      0.000    0.000   13937.0   13418.0    1.0
p_y[1196]                                  0.002  0.005   0.000    0.009      0.000    0.000   15756.0   15190.0    1.0
p_y[1197]                                  0.007  0.013   0.000    0.026      0.000    0.000   16285.0   17359.0    1.0
p_y[1198]                                  0.039  0.033   0.000    0.097      0.000    0.000   12347.0    6395.0    1.0
p_y[1199]                                  0.002  0.004   0.000    0.008      0.000    0.000   12962.0   15053.0    1.0
p_y[1200]                                  0.000  0.001   0.000    0.001      0.000    0.000   12954.0   13141.0    1.0
p_y[1201]                                  0.003  0.004   0.000    0.008      0.000    0.000   16466.0   11856.0    1.0
p_y[1202]                                  0.002  0.003   0.000    0.006      0.000    0.000   17561.0   13613.0    1.0
p_y[1203]                                  0.001  0.002   0.000    0.004      0.000    0.000   14890.0   15023.0    1.0
p_y[1204]                                  0.002  0.004   0.000    0.008      0.000    0.000   15448.0   13224.0    1.0
p_y[1205]                                  0.028  0.024   0.000    0.069      0.000    0.000   15525.0   15204.0    1.0
p_y[1206]                                  0.001  0.003   0.000    0.005      0.000    0.000   13359.0    9034.0    1.0
p_y[1207]                                  0.012  0.015   0.000    0.037      0.000    0.000   17397.0   15572.0    1.0
p_y[1208]                                  0.001  0.002   0.000    0.002      0.000    0.000   16232.0   17467.0    1.0
p_y[1209]                                  0.003  0.005   0.000    0.010      0.000    0.000   12684.0   15498.0    1.0
p_y[1210]                                  0.000  0.002   0.000    0.001      0.000    0.000   13580.0   17961.0    1.0
p_y[1211]                                  0.002  0.004   0.000    0.006      0.000    0.000   16627.0   18783.0    1.0
p_y[1212]                                  0.002  0.003   0.000    0.006      0.000    0.000   16549.0   18934.0    1.0
p_y[1213]                                  0.003  0.005   0.000    0.011      0.000    0.000   15934.0   12427.0    1.0
p_y[1214]                                  0.002  0.004   0.000    0.008      0.000    0.000   18556.0   18547.0    1.0
p_y[1215]                                  0.014  0.019   0.000    0.047      0.000    0.000   15852.0   17228.0    1.0
p_y[1216]                                  0.017  0.017   0.000    0.047      0.000    0.000   15839.0   13658.0    1.0
p_y[1217]                                  0.002  0.004   0.000    0.006      0.000    0.000   16287.0   14535.0    1.0
p_y[1218]                                  0.001  0.002   0.000    0.002      0.000    0.000   13906.0   15452.0    1.0
p_y[1219]                                  0.003  0.004   0.000    0.008      0.000    0.000   16573.0   13155.0    1.0
p_y[1220]                                  0.007  0.009   0.000    0.022      0.000    0.000   18088.0   15593.0    1.0
p_y[1221]                                  0.002  0.004   0.000    0.009      0.000    0.000   20636.0   15574.0    1.0
p_y[1222]                                  0.009  0.011   0.000    0.028      0.000    0.000   20726.0   18436.0    1.0
p_y[1223]                                  0.007  0.009   0.000    0.021      0.000    0.000   20762.0   18474.0    1.0
p_y[1224]                                  0.004  0.005   0.000    0.013      0.000    0.000   16654.0   12482.0    1.0
p_y[1225]                                  0.031  0.025   0.000    0.076      0.000    0.000   18917.0   14946.0    1.0
p_y[1226]                                  0.004  0.006   0.000    0.013      0.000    0.000   19531.0   16756.0    1.0
p_y[1227]                                  0.009  0.011   0.000    0.026      0.000    0.000   17464.0   18471.0    1.0
p_y[1228]                                  0.003  0.005   0.000    0.010      0.000    0.000   18109.0   16342.0    1.0
p_y[1229]                                  0.001  0.001   0.000    0.002      0.000    0.000   16640.0   17551.0    1.0
p_y[1230]                                  0.002  0.005   0.000    0.007      0.000    0.000   17065.0   17008.0    1.0
p_y[1231]                                  0.001  0.003   0.000    0.004      0.000    0.000   15377.0   12611.0    1.0
p_y[1232]                                  0.001  0.004   0.000    0.005      0.000    0.000   17352.0   16103.0    1.0
p_y[1233]                                  0.002  0.004   0.000    0.007      0.000    0.000   17111.0   12302.0    1.0
p_y[1234]                                  0.002  0.003   0.000    0.006      0.000    0.000   15473.0   13658.0    1.0
p_y[1235]                                  0.002  0.003   0.000    0.006      0.000    0.000   19224.0   16908.0    1.0
p_y[1236]                                  0.004  0.005   0.000    0.012      0.000    0.000   18925.0   11041.0    1.0
p_y[1237]                                  0.001  0.002   0.000    0.003      0.000    0.000   15258.0   10822.0    1.0
p_y[1238]                                  0.026  0.017   0.002    0.057      0.000    0.000   18171.0   14916.0    1.0
p_y[1239]                                  0.002  0.003   0.000    0.006      0.000    0.000   17308.0   13370.0    1.0
p_y[1240]                                  0.002  0.003   0.000    0.005      0.000    0.000   16156.0   16417.0    1.0
p_y[1241]                                  0.003  0.004   0.000    0.009      0.000    0.000   15615.0   15352.0    1.0
p_y[1242]                                  0.001  0.002   0.000    0.004      0.000    0.000   15351.0   17876.0    1.0
p_y[1243]                                  0.002  0.005   0.000    0.007      0.000    0.000   17092.0   16590.0    1.0
p_y[1244]                                  0.002  0.003   0.000    0.008      0.000    0.000   16477.0   15910.0    1.0
p_y[1245]                                  0.001  0.002   0.000    0.003      0.000    0.000   18368.0   19375.0    1.0
p_y[1246]                                  0.001  0.002   0.000    0.003      0.000    0.000   13996.0   16105.0    1.0
p_y[1247]                                  0.002  0.003   0.000    0.006      0.000    0.000   14984.0   12095.0    1.0
p_y[1248]                                  0.002  0.006   0.000    0.007      0.000    0.000   13174.0   13704.0    1.0
p_y[1249]                                  0.001  0.002   0.000    0.003      0.000    0.000   16872.0   13699.0    1.0
p_y[1250]                                  0.003  0.006   0.000    0.013      0.000    0.000   13081.0   16153.0    1.0
p_y[1251]                                  0.001  0.002   0.000    0.003      0.000    0.000   15500.0   16282.0    1.0
p_y[1252]                                  0.003  0.007   0.000    0.012      0.000    0.000   14966.0   14850.0    1.0
p_y[1253]                                  0.001  0.002   0.000    0.003      0.000    0.000   15254.0   16835.0    1.0
p_y[1254]                                  0.018  0.017   0.000    0.048      0.000    0.000   19926.0   15066.0    1.0
p_y[1255]                                  0.001  0.003   0.000    0.003      0.000    0.000   16962.0   19254.0    1.0
p_y[1256]                                  0.001  0.002   0.000    0.003      0.000    0.000   15508.0   16494.0    1.0
p_y[1257]                                  0.002  0.003   0.000    0.006      0.000    0.000   16349.0   19600.0    1.0
p_y[1258]                                  0.006  0.005   0.000    0.014      0.000    0.000   18931.0   17580.0    1.0
p_y[1259]                                  0.002  0.003   0.000    0.006      0.000    0.000   15240.0   14736.0    1.0
p_y[1260]                                  0.001  0.002   0.000    0.003      0.000    0.000   17485.0   18459.0    1.0
p_y[1261]                                  0.042  0.027   0.004    0.093      0.000    0.000   15850.0   14060.0    1.0
p_y[1262]                                  0.002  0.003   0.000    0.006      0.000    0.000   17356.0   19259.0    1.0
p_y[1263]                                  0.018  0.011   0.002    0.037      0.000    0.000   20388.0   17604.0    1.0
p_y[1264]                                  0.009  0.010   0.000    0.026      0.000    0.000   15747.0   11894.0    1.0
p_y[1265]                                  0.000  0.001   0.000    0.001      0.000    0.000   15332.0   12041.0    1.0
p_y[1266]                                  0.008  0.010   0.000    0.024      0.000    0.000   16318.0   15792.0    1.0
p_y[1267]                                  0.006  0.006   0.000    0.016      0.000    0.000   17615.0   14523.0    1.0
p_y[1268]                                  0.001  0.003   0.000    0.005      0.000    0.000   13646.0   14840.0    1.0
p_y[1269]                                  0.002  0.003   0.000    0.006      0.000    0.000   18274.0   19128.0    1.0
p_y[1270]                                  0.001  0.002   0.000    0.003      0.000    0.000   16382.0   17604.0    1.0
p_y[1271]                                  0.002  0.005   0.000    0.008      0.000    0.000   14833.0   13658.0    1.0
p_y[1272]                                  0.003  0.007   0.000    0.012      0.000    0.000   13250.0   13500.0    1.0
p_y[1273]                                  0.001  0.003   0.000    0.004      0.000    0.000   15472.0   18702.0    1.0
p_y[1274]                                  0.001  0.001   0.000    0.003      0.000    0.000   16255.0   18366.0    1.0
p_y[1275]                                  0.001  0.002   0.000    0.003      0.000    0.000   14063.0   14939.0    1.0
p_y[1276]                                  0.001  0.001   0.000    0.002      0.000    0.000   13408.0   14510.0    1.0
p_y[1277]                                  0.001  0.003   0.000    0.005      0.000    0.000   15287.0   16369.0    1.0
p_y[1278]                                  0.001  0.002   0.000    0.003      0.000    0.000   15604.0   18692.0    1.0
p_y[1279]                                  0.001  0.003   0.000    0.005      0.000    0.000   16266.0   19162.0    1.0
p_y[1280]                                  0.000  0.001   0.000    0.001      0.000    0.000   15495.0   16065.0    1.0
p_y[1281]                                  0.001  0.002   0.000    0.003      0.000    0.000   16806.0   19047.0    1.0
p_y[1282]                                  0.000  0.001   0.000    0.002      0.000    0.000   15630.0   18083.0    1.0
p_y[1283]                                  0.002  0.004   0.000    0.008      0.000    0.000   22524.0   20240.0    1.0
p_y[1284]                                  0.001  0.002   0.000    0.004      0.000    0.000   13389.0   13637.0    1.0
p_y[1285]                                  0.001  0.003   0.000    0.004      0.000    0.000   11931.0   11561.0    1.0
p_y[1286]                                  0.001  0.002   0.000    0.003      0.000    0.000   12664.0   16166.0    1.0
p_y[1287]                                  0.003  0.004   0.000    0.009      0.000    0.000   18075.0   16329.0    1.0
p_y[1288]                                  0.000  0.002   0.000    0.002      0.000    0.000   13534.0   18174.0    1.0
p_y[1289]                                  0.000  0.001   0.000    0.001      0.000    0.000   10724.0   11352.0    1.0
p_y[1290]                                  0.001  0.002   0.000    0.003      0.000    0.000   15407.0   17119.0    1.0
p_y[1291]                                  0.000  0.001   0.000    0.001      0.000    0.000   11168.0   15328.0    1.0
p_y[1292]                                  0.001  0.002   0.000    0.003      0.000    0.000   15794.0   16081.0    1.0
p_y[1293]                                  0.002  0.004   0.000    0.007      0.000    0.000   11406.0   11101.0    1.0
p_y[1294]                                  0.001  0.003   0.000    0.004      0.000    0.000   15364.0   15616.0    1.0
p_y[1295]                                  0.001  0.002   0.000    0.002      0.000    0.000   10885.0   12033.0    1.0
p_y[1296]                                  0.002  0.003   0.000    0.006      0.000    0.000   17819.0   11445.0    1.0
p_y[1297]                                  0.001  0.002   0.000    0.003      0.000    0.000   13643.0   15626.0    1.0
p_y[1298]                                  0.003  0.007   0.000    0.013      0.000    0.000   15367.0   18830.0    1.0
p_y[1299]                                  0.001  0.002   0.000    0.004      0.000    0.000   12216.0   12107.0    1.0
p_y[1300]                                  0.001  0.003   0.000    0.005      0.000    0.000   12962.0   11634.0    1.0
p_y[1301]                                  0.002  0.003   0.000    0.006      0.000    0.000   15474.0   17636.0    1.0
p_y[1302]                                  0.020  0.016   0.000    0.049      0.000    0.000   15790.0   10644.0    1.0
p_y[1303]                                  0.003  0.005   0.000    0.011      0.000    0.000   16625.0   17077.0    1.0
p_y[1304]                                  0.003  0.005   0.000    0.010      0.000    0.000   15774.0   13820.0    1.0
p_y[1305]                                  0.001  0.002   0.000    0.004      0.000    0.000   18444.0   19782.0    1.0
p_y[1306]                                  0.001  0.002   0.000    0.003      0.000    0.000   12931.0   14336.0    1.0
p_y[1307]                                  0.001  0.002   0.000    0.002      0.000    0.000   15595.0   20263.0    1.0
p_y[1308]                                  0.001  0.002   0.000    0.004      0.000    0.000   14676.0   17514.0    1.0
p_y[1309]                                  0.002  0.003   0.000    0.006      0.000    0.000   15764.0   16071.0    1.0
p_y[1310]                                  0.001  0.003   0.000    0.004      0.000    0.000   13499.0   11098.0    1.0
p_y[1311]                                  0.001  0.003   0.000    0.004      0.000    0.000   16271.0   15402.0    1.0
p_y[1312]                                  0.005  0.009   0.000    0.018      0.000    0.000   15679.0   16860.0    1.0
p_y[1313]                                  0.001  0.002   0.000    0.003      0.000    0.000   15061.0   16664.0    1.0
p_y[1314]                                  0.001  0.002   0.000    0.004      0.000    0.000   18208.0   18363.0    1.0
p_y[1315]                                  0.001  0.004   0.000    0.003      0.000    0.001   13946.0   14515.0    1.0
p_y[1316]                                  0.013  0.021   0.000    0.044      0.000    0.000   18592.0   15388.0    1.0
p_y[1317]                                  0.002  0.005   0.000    0.007      0.000    0.000   14056.0   14583.0    1.0
p_y[1318]                                  0.002  0.005   0.000    0.007      0.000    0.000   15556.0   16072.0    1.0
p_y[1319]                                  0.001  0.004   0.000    0.004      0.000    0.000   15189.0   15248.0    1.0
p_y[1320]                                  0.001  0.003   0.000    0.003      0.000    0.000   17080.0   17896.0    1.0
p_y[1321]                                  0.001  0.003   0.000    0.003      0.000    0.000   15933.0   14415.0    1.0
p_y[1322]                                  0.005  0.007   0.000    0.017      0.000    0.000   19741.0   17870.0    1.0
p_y[1323]                                  0.001  0.002   0.000    0.004      0.000    0.000   15648.0   18779.0    1.0
p_y[1324]                                  0.001  0.003   0.000    0.004      0.000    0.000   17088.0   16825.0    1.0
p_y[1325]                                  0.002  0.004   0.000    0.006      0.000    0.000   18613.0   19080.0    1.0
p_y[1326]                                  0.005  0.008   0.000    0.018      0.000    0.000   16822.0   20238.0    1.0
p_y[1327]                                  0.002  0.003   0.000    0.006      0.000    0.000   16573.0   17956.0    1.0
p_y[1328]                                  0.001  0.002   0.000    0.003      0.000    0.000   17126.0   15502.0    1.0
p_y[1329]                                  0.002  0.005   0.000    0.007      0.000    0.000   16954.0   17167.0    1.0
p_y[1330]                                  0.003  0.005   0.000    0.009      0.000    0.000   18180.0   18709.0    1.0
p_y[1331]                                  0.005  0.011   0.000    0.017      0.000    0.000   18206.0   14031.0    1.0
p_y[1332]                                  0.004  0.007   0.000    0.014      0.000    0.000   16982.0   14451.0    1.0
p_y[1333]                                  0.001  0.003   0.000    0.003      0.000    0.000   14526.0   11433.0    1.0
p_y[1334]                                  0.001  0.002   0.000    0.003      0.000    0.000   16077.0   12216.0    1.0
p_y[1335]                                  0.001  0.002   0.000    0.003      0.000    0.000   16966.0   17391.0    1.0
p_y[1336]                                  0.002  0.006   0.000    0.009      0.000    0.000   17966.0   18476.0    1.0
p_y[1337]                                  0.002  0.005   0.000    0.009      0.000    0.000   14444.0   14906.0    1.0
p_y[1338]                                  0.003  0.009   0.000    0.013      0.000    0.000   16290.0   21528.0    1.0
p_y[1339]                                  0.003  0.010   0.000    0.012      0.000    0.000   15928.0   15581.0    1.0
p_y[1340]                                  0.002  0.005   0.000    0.007      0.000    0.000   18488.0   19570.0    1.0
p_y[1341]                                  0.024  0.024   0.000    0.067      0.000    0.000   16965.0   11808.0    1.0
p_y[1342]                                  0.021  0.020   0.000    0.055      0.000    0.000   15551.0   10050.0    1.0
p_y[1343]                                  0.006  0.013   0.000    0.022      0.000    0.000   14759.0   11105.0    1.0
p_y[1344]                                  0.022  0.046   0.000    0.083      0.000    0.001   17595.0   17249.0    1.0
p_y[1345]                                  0.002  0.005   0.000    0.008      0.000    0.000   19275.0   17160.0    1.0
p_y[1346]                                  0.003  0.005   0.000    0.009      0.000    0.000   16692.0   13837.0    1.0
p_y[1347]                                  0.003  0.005   0.000    0.010      0.000    0.000   17943.0   13894.0    1.0
p_y[1348]                                  0.002  0.004   0.000    0.008      0.000    0.000   15159.0   14135.0    1.0
p_y[1349]                                  0.007  0.012   0.000    0.025      0.000    0.000   16615.0   13005.0    1.0
p_y[1350]                                  0.001  0.003   0.000    0.005      0.000    0.000   16018.0   14532.0    1.0
p_y[1351]                                  0.003  0.006   0.000    0.011      0.000    0.000   17417.0   16582.0    1.0
p_y[1352]                                  0.013  0.012   0.000    0.036      0.000    0.000   15881.0   11793.0    1.0
p_y[1353]                                  0.002  0.004   0.000    0.009      0.000    0.000   15709.0   11532.0    1.0
p_y[1354]                                  0.001  0.003   0.000    0.004      0.000    0.000   16038.0   18019.0    1.0
p_y[1355]                                  0.001  0.003   0.000    0.005      0.000    0.000   16154.0   16534.0    1.0
p_y[1356]                                  0.001  0.002   0.000    0.002      0.000    0.000   14487.0   16153.0    1.0
p_y[1357]                                  0.003  0.006   0.000    0.010      0.000    0.000   13955.0   13155.0    1.0
p_y[1358]                                  0.001  0.002   0.000    0.003      0.000    0.000   13646.0   14227.0    1.0
p_y[1359]                                  0.002  0.003   0.000    0.006      0.000    0.000   15486.0   16845.0    1.0
p_y[1360]                                  0.001  0.001   0.000    0.002      0.000    0.000   16450.0   18642.0    1.0
p_y[1361]                                  0.011  0.018   0.000    0.040      0.000    0.000   12077.0   12951.0    1.0
p_y[1362]                                  0.001  0.002   0.000    0.003      0.000    0.000   16378.0   19506.0    1.0
p_y[1363]                                  0.002  0.005   0.000    0.007      0.000    0.000   12394.0   10154.0    1.0
p_y[1364]                                  0.001  0.001   0.000    0.002      0.000    0.000   13731.0   14678.0    1.0
p_y[1365]                                  0.003  0.005   0.000    0.011      0.000    0.000   16489.0   17384.0    1.0
p_y[1366]                                  0.037  0.053   0.000    0.129      0.001    0.001   10459.0   10593.0    1.0
p_y[1367]                                  0.001  0.003   0.000    0.006      0.000    0.000   14662.0   18344.0    1.0
p_y[1368]                                  0.002  0.004   0.000    0.007      0.000    0.000   12937.0   11761.0    1.0
p_y[1369]                                  0.002  0.005   0.000    0.009      0.000    0.000   13536.0   12536.0    1.0
p_y[1370]                                  0.001  0.002   0.000    0.003      0.000    0.000   12392.0   13524.0    1.0
p_y[1371]                                  0.002  0.004   0.000    0.006      0.000    0.000   13343.0   13818.0    1.0
p_y[1372]                                  0.001  0.004   0.000    0.005      0.000    0.000   11535.0   10136.0    1.0
p_y[1373]                                  0.001  0.003   0.000    0.004      0.000    0.000   14137.0   14082.0    1.0
p_y[1374]                                  0.001  0.002   0.000    0.002      0.000    0.000   12927.0   17550.0    1.0
p_y[1375]                                  0.001  0.003   0.000    0.003      0.000    0.000   16449.0   17338.0    1.0
p_y[1376]                                  0.001  0.002   0.000    0.002      0.000    0.000   10521.0   11692.0    1.0
p_y[1377]                                  0.001  0.002   0.000    0.004      0.000    0.000   14237.0   18000.0    1.0
p_y[1378]                                  0.000  0.001   0.000    0.001      0.000    0.000    8717.0   10791.0    1.0
p_y[1379]                                  0.001  0.002   0.000    0.002      0.000    0.000   14418.0   17902.0    1.0
p_y[1380]                                  0.001  0.002   0.000    0.003      0.000    0.000   10111.0   11014.0    1.0
p_y[1381]                                  0.001  0.002   0.000    0.002      0.000    0.000   13462.0   16961.0    1.0
p_y[1382]                                  0.000  0.001   0.000    0.001      0.000    0.000    9628.0   11335.0    1.0
p_y[1383]                                  0.000  0.001   0.000    0.001      0.000    0.000   12843.0   12325.0    1.0
p_y[1384]                                  0.000  0.001   0.000    0.001      0.000    0.000   11247.0   14240.0    1.0
p_y[1385]                                  0.000  0.001   0.000    0.002      0.000    0.000   13676.0   15721.0    1.0
p_y[1386]                                  0.001  0.002   0.000    0.002      0.000    0.000   11799.0   10769.0    1.0
p_y[1387]                                  0.002  0.004   0.000    0.007      0.000    0.000   14289.0   15436.0    1.0
p_y[1388]                                  0.001  0.003   0.000    0.004      0.000    0.000   11709.0   14827.0    1.0
p_y[1389]                                  0.001  0.002   0.000    0.003      0.000    0.000   16402.0   16598.0    1.0
p_y[1390]                                  0.001  0.002   0.000    0.002      0.000    0.000   11113.0   13695.0    1.0
p_y[1391]                                  0.001  0.002   0.000    0.004      0.000    0.000   16744.0   17123.0    1.0
p_y[1392]                                  0.000  0.001   0.000    0.002      0.000    0.000   14701.0   19120.0    1.0
p_y[1393]                                  0.001  0.002   0.000    0.003      0.000    0.000   12143.0   12204.0    1.0
p_y[1394]                                  0.000  0.001   0.000    0.001      0.000    0.000   17921.0   19480.0    1.0
p_y[1395]                                  0.000  0.001   0.000    0.001      0.000    0.000    9896.0   11294.0    1.0
p_y[1396]                                  0.001  0.002   0.000    0.003      0.000    0.000   12306.0   17464.0    1.0
p_y[1397]                                  0.001  0.001   0.000    0.002      0.000    0.000   14355.0   10801.0    1.0
p_y[1398]                                  0.002  0.004   0.000    0.007      0.000    0.000   11140.0   12063.0    1.0
p_y[1399]                                  0.002  0.003   0.000    0.006      0.000    0.000   13270.0   14782.0    1.0
p_y[1400]                                  0.008  0.017   0.000    0.035      0.000    0.000   10209.0   12567.0    1.0
p_y[1401]                                  0.001  0.002   0.000    0.002      0.000    0.000   13377.0   16414.0    1.0
p_y[1402]                                  0.001  0.004   0.000    0.006      0.000    0.000    9985.0   13838.0    1.0
p_y[1403]                                  0.001  0.002   0.000    0.002      0.000    0.000   13327.0   16336.0    1.0
p_y[1404]                                  0.001  0.002   0.000    0.002      0.000    0.000   10883.0   12518.0    1.0
p_y[1405]                                  0.001  0.003   0.000    0.004      0.000    0.000   14249.0   17948.0    1.0
p_y[1406]                                  0.001  0.002   0.000    0.003      0.000    0.000    9390.0   12184.0    1.0
p_y[1407]                                  0.000  0.001   0.000    0.002      0.000    0.000   14336.0   19784.0    1.0
p_y[1408]                                  0.005  0.014   0.000    0.022      0.000    0.000    8188.0   13603.0    1.0
p_y[1409]                                  0.001  0.001   0.000    0.002      0.000    0.000   16867.0   14917.0    1.0
p_y[1410]                                  0.001  0.002   0.000    0.003      0.000    0.000    8939.0   11459.0    1.0
p_y[1411]                                  0.005  0.007   0.000    0.016      0.000    0.000   15395.0   10737.0    1.0
p_y[1412]                                  0.001  0.003   0.000    0.004      0.000    0.000    9170.0   11425.0    1.0
p_y[1413]                                  0.001  0.003   0.000    0.005      0.000    0.000   14282.0   16766.0    1.0
p_y[1414]                                  0.000  0.001   0.000    0.001      0.000    0.000    8054.0    8933.0    1.0
p_y[1415]                                  0.001  0.001   0.000    0.002      0.000    0.000   14809.0   16584.0    1.0
p_y[1416]                                  0.001  0.003   0.000    0.005      0.000    0.000   18842.0   22198.0    1.0
p_y[1417]                                  0.001  0.002   0.000    0.002      0.000    0.000   13850.0   13561.0    1.0
p_y[1418]                                  0.000  0.002   0.000    0.002      0.000    0.000    9600.0   11510.0    1.0
p_y[1419]                                  0.000  0.002   0.000    0.001      0.000    0.000   11133.0   16034.0    1.0
p_y[1420]                                  0.003  0.006   0.000    0.010      0.000    0.000   18270.0   18606.0    1.0
p_y[1421]                                  0.002  0.005   0.000    0.009      0.000    0.000   15736.0   18175.0    1.0
p_y[1422]                                  0.004  0.006   0.000    0.013      0.000    0.000   15147.0   11580.0    1.0
p_y[1423]                                  0.001  0.001   0.000    0.002      0.000    0.000   18623.0   18344.0    1.0
p_y[1424]                                  0.002  0.003   0.000    0.007      0.000    0.000   15955.0   13329.0    1.0
p_y[1425]                                  0.004  0.005   0.000    0.013      0.000    0.000   20333.0   17216.0    1.0
p_y[1426]                                  0.007  0.012   0.000    0.025      0.000    0.000   18160.0   16236.0    1.0
p_y[1427]                                  0.001  0.002   0.000    0.003      0.000    0.000    9250.0   13934.0    1.0
p_y[1428]                                  0.000  0.001   0.000    0.001      0.000    0.000    9594.0   12592.0    1.0
p_y[1429]                                  0.003  0.005   0.000    0.011      0.000    0.000   18686.0   17736.0    1.0
p_y[1430]                                  0.001  0.002   0.000    0.003      0.000    0.000   10184.0   15983.0    1.0
p_y[1431]                                  0.001  0.002   0.000    0.004      0.000    0.000   16301.0   15461.0    1.0
p_y[1432]                                  0.002  0.004   0.000    0.008      0.000    0.000   19235.0   15529.0    1.0
p_y[1433]                                  0.002  0.004   0.000    0.008      0.000    0.000   18864.0   19185.0    1.0
p_y[1434]                                  0.001  0.003   0.000    0.002      0.000    0.000    9231.0   10138.0    1.0
p_y[1435]                                  0.001  0.001   0.000    0.003      0.000    0.000   17745.0   19235.0    1.0
p_y[1436]                                  0.001  0.004   0.000    0.005      0.000    0.000   16537.0   16116.0    1.0
p_y[1437]                                  0.003  0.005   0.000    0.010      0.000    0.000   16100.0   14741.0    1.0
p_y[1438]                                  0.001  0.003   0.000    0.003      0.000    0.000    9602.0   11598.0    1.0
p_y[1439]                                  0.003  0.004   0.000    0.009      0.000    0.000   13720.0   14331.0    1.0
p_y[1440]                                  0.001  0.006   0.000    0.005      0.000    0.000    9544.0   10288.0    1.0
p_y[1441]                                  0.002  0.003   0.000    0.007      0.000    0.000   16611.0   15853.0    1.0
p_y[1442]                                  0.001  0.002   0.000    0.004      0.000    0.000   16231.0   18305.0    1.0
p_y[1443]                                  0.001  0.003   0.000    0.004      0.000    0.000   15604.0   18139.0    1.0
p_y[1444]                                  0.000  0.001   0.000    0.001      0.000    0.000    8426.0   12002.0    1.0
p_y[1445]                                  0.001  0.003   0.000    0.005      0.000    0.000   14281.0   17401.0    1.0
p_y[1446]                                  0.001  0.002   0.000    0.003      0.000    0.000   17546.0   21752.0    1.0
p_y[1447]                                  0.001  0.003   0.000    0.004      0.000    0.000   12452.0   16663.0    1.0
p_y[1448]                                  0.000  0.001   0.000    0.001      0.000    0.000   16228.0   19823.0    1.0
p_y[1449]                                  0.002  0.004   0.000    0.006      0.000    0.000   17664.0   16142.0    1.0
p_y[1450]                                  0.000  0.001   0.000    0.001      0.000    0.000    7199.0    9451.0    1.0
p_y[1451]                                  0.002  0.004   0.000    0.006      0.000    0.000   15766.0   18088.0    1.0
p_y[1452]                                  0.002  0.003   0.000    0.006      0.000    0.000   16924.0   20602.0    1.0
p_y[1453]                                  0.003  0.005   0.000    0.010      0.000    0.000   18246.0   18465.0    1.0
p_y[1454]                                  0.001  0.004   0.000    0.004      0.000    0.000   11878.0   17412.0    1.0
p_y[1455]                                  0.001  0.002   0.000    0.002      0.000    0.000    8620.0   11223.0    1.0
p_y[1456]                                  0.003  0.010   0.000    0.011      0.000    0.001   17331.0   21738.0    1.0
p_y[1457]                                  0.002  0.004   0.000    0.007      0.000    0.000   15640.0   14942.0    1.0
p_y[1458]                                  0.004  0.009   0.000    0.014      0.000    0.000   14667.0   13041.0    1.0
p_y[1459]                                  0.001  0.005   0.000    0.004      0.000    0.000    9679.0   12835.0    1.0
p_y[1460]                                  0.001  0.003   0.000    0.003      0.000    0.000    8532.0   13615.0    1.0
p_y[1461]                                  0.003  0.008   0.000    0.012      0.000    0.000   18091.0   18710.0    1.0
p_y[1462]                                  0.001  0.002   0.000    0.002      0.000    0.000    8604.0   11852.0    1.0
p_y[1463]                                  0.004  0.007   0.000    0.012      0.000    0.000   15786.0   14368.0    1.0
p_y[1464]                                  0.003  0.010   0.000    0.011      0.000    0.001    8991.0   12182.0    1.0
p_y[1465]                                  0.003  0.007   0.000    0.010      0.000    0.000   17287.0   19655.0    1.0
p_y[1466]                                  0.002  0.004   0.000    0.005      0.000    0.000   14216.0   19223.0    1.0
p_y[1467]                                  0.001  0.004   0.000    0.005      0.000    0.000   11340.0   12756.0    1.0
p_y[1468]                                  0.001  0.004   0.000    0.005      0.000    0.000   13299.0   13392.0    1.0
p_y[1469]                                  0.001  0.002   0.000    0.002      0.000    0.000   12389.0   13246.0    1.0
p_y[1470]                                  0.002  0.004   0.000    0.006      0.000    0.000   11090.0   15095.0    1.0
p_y[1471]                                  0.001  0.004   0.000    0.005      0.000    0.000    9711.0    9648.0    1.0
p_y[1472]                                  0.001  0.002   0.000    0.002      0.000    0.000   13509.0   11589.0    1.0
p_y[1473]                                  0.001  0.001   0.000    0.002      0.000    0.000   12123.0   15956.0    1.0
p_y[1474]                                  0.001  0.002   0.000    0.002      0.000    0.000   12986.0   18249.0    1.0
p_y[1475]                                  0.000  0.001   0.000    0.001      0.000    0.000   10649.0   17640.0    1.0
p_y[1476]                                  0.001  0.003   0.000    0.005      0.000    0.000    9830.0    9088.0    1.0
p_y[1477]                                  0.001  0.002   0.000    0.003      0.000    0.000   13442.0   13138.0    1.0
p_y[1478]                                  0.001  0.001   0.000    0.002      0.000    0.000   13789.0   13131.0    1.0
p_y[1479]                                  0.000  0.001   0.000    0.002      0.000    0.000   10681.0   15861.0    1.0
p_y[1480]                                  0.000  0.001   0.000    0.001      0.000    0.000   11604.0   13808.0    1.0
p_y[1481]                                  0.000  0.001   0.000    0.001      0.000    0.000   15031.0   15299.0    1.0
p_y[1482]                                  0.000  0.001   0.000    0.002      0.000    0.000   13907.0   16643.0    1.0
p_y[1483]                                  0.001  0.003   0.000    0.005      0.000    0.000   16432.0   13308.0    1.0
p_y[1484]                                  0.004  0.008   0.000    0.014      0.000    0.000   18288.0   19957.0    1.0
p_y[1485]                                  0.001  0.002   0.000    0.002      0.000    0.000   15852.0   21189.0    1.0
p_y[1486]                                  0.000  0.001   0.000    0.001      0.000    0.000   14020.0   20137.0    1.0
p_y[1487]                                  0.000  0.000   0.000    0.001      0.000    0.000   13004.0   14850.0    1.0
p_y[1488]                                  0.000  0.001   0.000    0.002      0.000    0.000   13568.0   18563.0    1.0
p_y[1489]                                  0.000  0.000   0.000    0.000      0.000    0.000   11252.0    9744.0    1.0
p_y[1490]                                  0.000  0.001   0.000    0.001      0.000    0.000   13786.0   17903.0    1.0
p_y[1491]                                  0.000  0.000   0.000    0.000      0.000    0.000   12031.0   15628.0    1.0
p_y[1492]                                  0.000  0.000   0.000    0.001      0.000    0.000   10002.0   14736.0    1.0
p_y[1493]                                  0.000  0.001   0.000    0.001      0.000    0.000   12170.0   17544.0    1.0
p_y[1494]                                  0.000  0.001   0.000    0.001      0.000    0.000   11052.0   12311.0    1.0
p_y[1495]                                  0.001  0.003   0.000    0.003      0.000    0.000   13840.0   15244.0    1.0
p_y[1496]                                  0.001  0.003   0.000    0.004      0.000    0.000   14299.0   17256.0    1.0
p_y[1497]                                  0.000  0.000   0.000    0.000      0.000    0.000   13115.0   17138.0    1.0
p_y[1498]                                  0.001  0.001   0.000    0.002      0.000    0.000   14313.0   13687.0    1.0
p_y[1499]                                  0.000  0.001   0.000    0.001      0.000    0.000   11592.0   14218.0    1.0
p_y[1500]                                  0.000  0.001   0.000    0.002      0.000    0.000   15243.0   17836.0    1.0
p_y[1501]                                  0.000  0.001   0.000    0.001      0.000    0.000   13742.0   15561.0    1.0
p_y[1502]                                  0.003  0.008   0.000    0.014      0.000    0.000   17800.0   18228.0    1.0
p_y[1503]                                  0.001  0.002   0.000    0.003      0.000    0.000   11902.0   16651.0    1.0
p_y[1504]                                  0.001  0.003   0.000    0.004      0.000    0.000   16949.0   21118.0    1.0
p_y[1505]                                  0.010  0.010   0.000    0.027      0.000    0.000   14872.0   11736.0    1.0
p_y[1506]                                  0.001  0.001   0.000    0.002      0.000    0.000   12946.0   16004.0    1.0
p_y[1507]                                  0.002  0.002   0.000    0.006      0.000    0.000   15780.0   13348.0    1.0
p_y[1508]                                  0.000  0.001   0.000    0.001      0.000    0.000   13704.0   14360.0    1.0
p_y[1509]                                  0.005  0.006   0.000    0.015      0.000    0.000   20427.0   15476.0    1.0
p_y[1510]                                  0.000  0.000   0.000    0.000      0.000    0.000   15142.0   18818.0    1.0
p_y[1511]                                  0.001  0.002   0.000    0.002      0.000    0.000   15506.0   18000.0    1.0
p_y[1512]                                  0.001  0.002   0.000    0.004      0.000    0.000   18147.0   19672.0    1.0
p_y[1513]                                  0.000  0.000   0.000    0.001      0.000    0.000   15316.0   18145.0    1.0
p_y[1514]                                  0.000  0.001   0.000    0.002      0.000    0.000   13253.0    9897.0    1.0
p_y[1515]                                  0.000  0.000   0.000    0.000      0.000    0.000   16741.0   17776.0    1.0
p_y[1516]                                  0.000  0.001   0.000    0.001      0.000    0.000   13558.0   18787.0    1.0
p_y[1517]                                  0.001  0.002   0.000    0.004      0.000    0.000   17597.0   21128.0    1.0
p_y[1518]                                  0.002  0.003   0.000    0.007      0.000    0.000   11282.0   12417.0    1.0
p_y[1519]                                  0.001  0.002   0.000    0.002      0.000    0.000   15200.0   16651.0    1.0
p_y[1520]                                  0.001  0.002   0.000    0.003      0.000    0.000   11802.0   14337.0    1.0
p_y[1521]                                  0.000  0.001   0.000    0.001      0.000    0.000   16077.0   19914.0    1.0
p_y[1522]                                  0.001  0.002   0.000    0.003      0.000    0.000   13019.0   13261.0    1.0
p_y[1523]                                  0.001  0.003   0.000    0.003      0.000    0.000   14018.0   18385.0    1.0
p_y[1524]                                  0.001  0.002   0.000    0.002      0.000    0.000   14133.0   12343.0    1.0
p_y[1525]                                  0.001  0.001   0.000    0.003      0.000    0.000   13411.0    9760.0    1.0
p_y[1526]                                  0.003  0.002   0.000    0.007      0.000    0.000   17372.0   15080.0    1.0
p_y[1527]                                  0.000  0.000   0.000    0.000      0.000    0.000   12711.0   15314.0    1.0
p_y[1528]                                  0.003  0.004   0.000    0.010      0.000    0.000   17587.0   13071.0    1.0
p_y[1529]                                  0.000  0.001   0.000    0.001      0.000    0.000   11407.0   13918.0    1.0
p_y[1530]                                  0.001  0.002   0.000    0.003      0.000    0.000   20247.0   19161.0    1.0
p_y[1531]                                  0.016  0.012   0.000    0.037      0.000    0.000   13731.0    9584.0    1.0
p_y[1532]                                  0.013  0.014   0.000    0.037      0.000    0.000   21092.0   18927.0    1.0
p_y[1533]                                  0.001  0.002   0.000    0.004      0.000    0.000   15108.0   12391.0    1.0
p_y[1534]                                  0.002  0.003   0.000    0.008      0.000    0.000   21270.0   17216.0    1.0
p_y[1535]                                  0.011  0.007   0.001    0.025      0.000    0.000   21230.0   25596.0    1.0
p_y[1536]                                  0.001  0.003   0.000    0.005      0.000    0.000   16359.0   11197.0    1.0
p_y[1537]                                  0.000  0.001   0.000    0.001      0.000    0.000   16765.0   20594.0    1.0
p_y[1538]                                  0.004  0.006   0.000    0.012      0.000    0.000   19311.0   15683.0    1.0
p_y[1539]                                  0.005  0.005   0.000    0.015      0.000    0.000   15884.0   14942.0    1.0
p_y[1540]                                  0.002  0.003   0.000    0.006      0.000    0.000   21723.0   19091.0    1.0
p_y[1541]                                  0.001  0.002   0.000    0.004      0.000    0.000   19685.0   17782.0    1.0
p_y[1542]                                  0.000  0.000   0.000    0.000      0.000    0.000   17020.0   20270.0    1.0
p_y[1543]                                  0.055  0.031   0.010    0.112      0.000    0.000   17674.0   20862.0    1.0
p_y[1544]                                  0.001  0.001   0.000    0.002      0.000    0.000   20564.0   18897.0    1.0
p_y[1545]                                  0.008  0.004   0.001    0.016      0.000    0.000   17312.0   18853.0    1.0
p_y[1546]                                  0.001  0.001   0.000    0.002      0.000    0.000   17093.0   17372.0    1.0
p_y[1547]                                  0.014  0.010   0.000    0.032      0.000    0.000   15756.0   10392.0    1.0
p_y[1548]                                  0.003  0.004   0.000    0.009      0.000    0.000   19029.0   15785.0    1.0
p_y[1549]                                  0.003  0.004   0.000    0.009      0.000    0.000   15945.0   11616.0    1.0
p_y[1550]                                  0.006  0.004   0.000    0.012      0.000    0.000   16698.0   12436.0    1.0
p_y[1551]                                  0.020  0.026   0.000    0.063      0.000    0.001   19263.0   17956.0    1.0
p_y[1552]                                  0.005  0.009   0.000    0.019      0.000    0.000   19381.0   18940.0    1.0
p_y[1553]                                  0.003  0.003   0.000    0.008      0.000    0.000   19200.0   18472.0    1.0
p_y[1554]                                  0.000  0.001   0.000    0.002      0.000    0.000   17022.0   17986.0    1.0
p_y[1555]                                  0.000  0.000   0.000    0.000      0.000    0.000   14063.0   17327.0    1.0
p_y[1556]                                  0.000  0.001   0.000    0.002      0.000    0.000   14416.0   12909.0    1.0
p_y[1557]                                  0.001  0.001   0.000    0.002      0.000    0.000   15406.0   13731.0    1.0
p_y[1558]                                  0.007  0.010   0.000    0.024      0.000    0.000   20724.0   21041.0    1.0
p_y[1559]                                  0.011  0.026   0.000    0.038      0.000    0.001   16885.0   15524.0    1.0
p_y[1560]                                  0.001  0.002   0.000    0.003      0.000    0.000   17412.0   19013.0    1.0
p_y[1561]                                  0.002  0.003   0.000    0.006      0.000    0.000   16425.0   20074.0    1.0
p_y[1562]                                  0.001  0.003   0.000    0.006      0.000    0.000   15878.0   12206.0    1.0
p_y[1563]                                  0.001  0.003   0.000    0.005      0.000    0.000   16345.0   16331.0    1.0
p_y[1564]                                  0.001  0.002   0.000    0.004      0.000    0.000   17481.0   18815.0    1.0
p_y[1565]                                  0.011  0.007   0.001    0.025      0.000    0.000   16266.0   14650.0    1.0
p_y[1566]                                  0.002  0.004   0.000    0.008      0.000    0.000   15239.0   13751.0    1.0
p_y[1567]                                  0.001  0.003   0.000    0.006      0.000    0.000   17647.0   19613.0    1.0
p_y[1568]                                  0.002  0.003   0.000    0.008      0.000    0.000   16258.0   19638.0    1.0
p_y[1569]                                  0.001  0.003   0.000    0.005      0.000    0.000   16300.0   17507.0    1.0
p_y[1570]                                  0.001  0.002   0.000    0.005      0.000    0.000   16506.0   19324.0    1.0
p_y[1571]                                  0.001  0.001   0.000    0.003      0.000    0.000   17220.0   18631.0    1.0
p_y[1572]                                  0.001  0.002   0.000    0.004      0.000    0.000   15433.0   15327.0    1.0
p_y[1573]                                  0.000  0.001   0.000    0.002      0.000    0.000   16244.0   14421.0    1.0
p_y[1574]                                  0.000  0.001   0.000    0.002      0.000    0.000   16625.0   18919.0    1.0
p_y[1575]                                  0.001  0.001   0.000    0.002      0.000    0.000   16241.0   19104.0    1.0
p_y[1576]                                  0.000  0.000   0.000    0.000      0.000    0.000   13834.0   10622.0    1.0
p_y[1577]                                  0.001  0.002   0.000    0.003      0.000    0.000   16681.0   11889.0    1.0
p_y[1578]                                  0.001  0.001   0.000    0.002      0.000    0.000   17364.0   18373.0    1.0
p_y[1579]                                  0.002  0.003   0.000    0.007      0.000    0.000   20127.0   16802.0    1.0
p_y[1580]                                  0.004  0.008   0.000    0.014      0.000    0.000   17630.0   12619.0    1.0
p_y[1581]                                  0.002  0.003   0.000    0.005      0.000    0.000   15662.0   14890.0    1.0
p_y[1582]                                  0.028  0.013   0.008    0.052      0.000    0.000   15267.0   14920.0    1.0
p_y[1583]                                  0.008  0.011   0.000    0.026      0.000    0.000   19021.0   16903.0    1.0
p_y[1584]                                  0.001  0.003   0.000    0.004      0.000    0.000   19711.0   11592.0    1.0
p_y[1585]                                  0.001  0.001   0.000    0.002      0.000    0.000   15060.0   13284.0    1.0
p_y[1586]                                  0.001  0.003   0.000    0.005      0.000    0.000   20092.0   19678.0    1.0
p_y[1587]                                  0.032  0.022   0.002    0.071      0.000    0.000   18734.0   15663.0    1.0
p_y[1588]                                  0.013  0.008   0.001    0.028      0.000    0.000   18466.0   14552.0    1.0
p_y[1589]                                  0.018  0.013   0.001    0.041      0.000    0.000   17202.0   15822.0    1.0
p_y[1590]                                  0.006  0.011   0.000    0.019      0.000    0.000   21487.0   20668.0    1.0
p_y[1591]                                  0.009  0.012   0.000    0.030      0.000    0.000   15238.0   11756.0    1.0
p_y[1592]                                  0.003  0.003   0.000    0.008      0.000    0.000   19068.0   19699.0    1.0
p_y[1593]                                  0.017  0.009   0.003    0.033      0.000    0.000   16351.0   18442.0    1.0
p_y[1594]                                  0.000  0.000   0.000    0.001      0.000    0.000   14942.0   16314.0    1.0
p_y[1595]                                  0.001  0.002   0.000    0.003      0.000    0.000   18084.0   16286.0    1.0
p_y[1596]                                  0.001  0.002   0.000    0.004      0.000    0.000   17733.0   17432.0    1.0
p_y[1597]                                  0.003  0.005   0.000    0.010      0.000    0.000   16380.0   14464.0    1.0
p_y[1598]                                  0.001  0.002   0.000    0.003      0.000    0.000   16485.0   17494.0    1.0
p_y[1599]                                  0.005  0.006   0.000    0.016      0.000    0.000   16262.0   14412.0    1.0
p_y[1600]                                  0.001  0.002   0.000    0.004      0.000    0.000   19240.0   16140.0    1.0
p_y[1601]                                  0.004  0.004   0.000    0.011      0.000    0.000   14821.0    9306.0    1.0
p_y[1602]                                  0.021  0.025   0.000    0.064      0.000    0.000   17870.0   13634.0    1.0
p_y[1603]                                  0.002  0.003   0.000    0.006      0.000    0.000   15619.0   17311.0    1.0
p_y[1604]                                  0.041  0.073   0.000    0.154      0.001    0.001   20689.0   19102.0    1.0
p_y[1605]                                  0.010  0.015   0.000    0.035      0.000    0.000   16047.0   14343.0    1.0
p_y[1606]                                  0.001  0.001   0.000    0.002      0.000    0.000   17284.0   18086.0    1.0
p_y[1607]                                  0.003  0.009   0.000    0.012      0.000    0.000   15024.0   17296.0    1.0
p_y[1608]                                  0.000  0.001   0.000    0.001      0.000    0.000   19274.0   18263.0    1.0
p_y[1609]                                  0.000  0.000   0.000    0.000      0.000    0.000   17426.0   20774.0    1.0
p_y[1610]                                  0.000  0.001   0.000    0.001      0.000    0.000   16001.0   15363.0    1.0
p_y[1611]                                  0.000  0.001   0.000    0.001      0.000    0.000   18625.0   16825.0    1.0
p_y[1612]                                  0.002  0.003   0.000    0.006      0.000    0.000   17831.0   16593.0    1.0
p_y[1613]                                  0.007  0.013   0.000    0.028      0.000    0.000   17458.0   12447.0    1.0
p_y[1614]                                  0.002  0.003   0.000    0.006      0.000    0.000   19042.0   17390.0    1.0
p_y[1615]                                  0.056  0.080   0.000    0.191      0.001    0.001   15228.0   16361.0    1.0
p_y[1616]                                  0.024  0.054   0.000    0.092      0.000    0.001   18053.0   15413.0    1.0
p_y[1617]                                  0.001  0.001   0.000    0.002      0.000    0.000   17807.0   16593.0    1.0
p_y[1618]                                  0.001  0.002   0.000    0.004      0.000    0.000   18213.0   16504.0    1.0
p_y[1619]                                  0.000  0.001   0.000    0.002      0.000    0.000   13514.0   14388.0    1.0
p_y[1620]                                  0.000  0.001   0.000    0.002      0.000    0.000   18885.0   20627.0    1.0
p_y[1621]                                  0.002  0.003   0.000    0.006      0.000    0.000   19416.0   19669.0    1.0
p_y[1622]                                  0.000  0.001   0.000    0.001      0.000    0.000   16615.0   14000.0    1.0
p_y[1623]                                  0.011  0.009   0.000    0.027      0.000    0.000   16247.0   11477.0    1.0
p_y[1624]                                  0.006  0.007   0.000    0.017      0.000    0.000   18502.0   15463.0    1.0
p_y[1625]                                  0.002  0.003   0.000    0.006      0.000    0.000   19847.0   15602.0    1.0
p_y[1626]                                  0.016  0.024   0.000    0.053      0.000    0.001   18292.0   16731.0    1.0
p_y[1627]                                  0.023  0.015   0.003    0.050      0.000    0.000   19202.0   14003.0    1.0
p_y[1628]                                  0.000  0.001   0.000    0.002      0.000    0.000   16422.0   16639.0    1.0
p_y[1629]                                  0.006  0.013   0.000    0.023      0.000    0.000   21269.0   18635.0    1.0
p_y[1630]                                  0.001  0.001   0.000    0.002      0.000    0.000   17953.0   18308.0    1.0
p_y[1631]                                  0.005  0.008   0.000    0.017      0.000    0.000   21488.0   16595.0    1.0
p_y[1632]                                  0.000  0.001   0.000    0.001      0.000    0.000   15475.0   14257.0    1.0
p_y[1633]                                  0.083  0.056   0.006    0.185      0.000    0.001   17696.0   15316.0    1.0
p_y[1634]                                  0.001  0.002   0.000    0.004      0.000    0.000   18222.0   19866.0    1.0
p_y[1635]                                  0.000  0.001   0.000    0.001      0.000    0.000   14032.0   18375.0    1.0
p_y[1636]                                  0.000  0.001   0.000    0.002      0.000    0.000   15925.0   17095.0    1.0
p_y[1637]                                  0.001  0.001   0.000    0.002      0.000    0.000   15945.0   19713.0    1.0
p_y[1638]                                  0.001  0.001   0.000    0.002      0.000    0.000   16679.0   16337.0    1.0
p_y[1639]                                  0.004  0.005   0.000    0.013      0.000    0.000   16375.0   17183.0    1.0
p_y[1640]                                  0.008  0.005   0.001    0.017      0.000    0.000   19463.0   16935.0    1.0
p_y[1641]                                  0.003  0.003   0.000    0.009      0.000    0.000   13163.0    9894.0    1.0
p_y[1642]                                  0.001  0.002   0.000    0.004      0.000    0.000   16846.0   18820.0    1.0
p_y[1643]                                  0.002  0.004   0.000    0.006      0.000    0.000   17761.0   17018.0    1.0
p_y[1644]                                  0.001  0.002   0.000    0.002      0.000    0.000   14819.0   17185.0    1.0
p_y[1645]                                  0.000  0.001   0.000    0.002      0.000    0.000   17725.0   15140.0    1.0
p_y[1646]                                  0.019  0.023   0.000    0.057      0.000    0.000   20481.0   11699.0    1.0
p_y[1647]                                  0.007  0.014   0.000    0.025      0.000    0.000   19858.0   18259.0    1.0
p_y[1648]                                  0.004  0.009   0.000    0.015      0.000    0.000   16657.0   14438.0    1.0
p_y[1649]                                  0.001  0.002   0.000    0.004      0.000    0.000   19468.0   21349.0    1.0
p_y[1650]                                  0.000  0.001   0.000    0.001      0.000    0.000   18940.0   20530.0    1.0
p_y[1651]                                  0.000  0.000   0.000    0.000      0.000    0.000   13551.0   12749.0    1.0
p_y[1652]                                  0.001  0.002   0.000    0.002      0.000    0.000   13756.0   16436.0    1.0
p_y[1653]                                  0.000  0.001   0.000    0.001      0.000    0.000    9979.0   16102.0    1.0
p_y[1654]                                  0.000  0.001   0.000    0.001      0.000    0.000    9177.0   14412.0    1.0
p_y[1655]                                  0.000  0.002   0.000    0.001      0.000    0.000    9031.0   10385.0    1.0
p_y[1656]                                  0.000  0.001   0.000    0.001      0.000    0.000    8641.0   12976.0    1.0
p_y[1657]                                  0.001  0.004   0.000    0.002      0.000    0.000   13270.0   18321.0    1.0
p_y[1658]                                  0.000  0.001   0.000    0.001      0.000    0.000   11771.0   15854.0    1.0
p_y[1659]                                  0.002  0.004   0.000    0.007      0.000    0.000   10833.0   16387.0    1.0
p_y[1660]                                  0.002  0.004   0.000    0.008      0.000    0.000   17291.0   17235.0    1.0
p_y[1661]                                  0.004  0.006   0.000    0.012      0.000    0.000   21313.0   20388.0    1.0
p_y[1662]                                  0.003  0.008   0.000    0.009      0.000    0.000   17026.0   11349.0    1.0
p_y[1663]                                  0.002  0.004   0.000    0.007      0.000    0.000   19058.0   20519.0    1.0
p_y[1664]                                  0.001  0.002   0.000    0.003      0.000    0.000   17707.0   18567.0    1.0
p_y[1665]                                  0.001  0.004   0.000    0.006      0.000    0.000   14896.0   20800.0    1.0
p_y[1666]                                  0.001  0.002   0.000    0.003      0.000    0.000   17911.0   17612.0    1.0
p_y[1667]                                  0.001  0.002   0.000    0.003      0.000    0.000   16598.0   15232.0    1.0
p_y[1668]                                  0.002  0.004   0.000    0.007      0.000    0.000   18554.0   17427.0    1.0
p_y[1669]                                  0.003  0.005   0.000    0.010      0.000    0.000   18835.0   16448.0    1.0
p_y[1670]                                  0.009  0.007   0.000    0.021      0.000    0.000   16986.0   10195.0    1.0
p_y[1671]                                  0.006  0.008   0.000    0.019      0.000    0.000   16166.0   17979.0    1.0
p_y[1672]                                  0.003  0.004   0.000    0.010      0.000    0.000   17183.0   16428.0    1.0
p_y[1673]                                  0.002  0.003   0.000    0.006      0.000    0.000   17378.0   13428.0    1.0
p_y[1674]                                  0.007  0.010   0.000    0.023      0.000    0.000   15512.0   14327.0    1.0
p_y[1675]                                  0.006  0.005   0.000    0.015      0.000    0.000   18982.0   13797.0    1.0
p_y[1676]                                  0.003  0.004   0.000    0.008      0.000    0.000   17482.0   18299.0    1.0
p_y[1677]                                  0.011  0.015   0.000    0.036      0.000    0.000   20887.0   16850.0    1.0
p_y[1678]                                  0.002  0.003   0.000    0.005      0.000    0.000   18378.0   17239.0    1.0
p_y[1679]                                  0.001  0.003   0.000    0.005      0.000    0.000   19179.0   17573.0    1.0
p_y[1680]                                  0.002  0.005   0.000    0.008      0.000    0.000   16556.0   15080.0    1.0
p_y[1681]                                  0.015  0.020   0.000    0.050      0.000    0.000   15164.0   16998.0    1.0
p_y[1682]                                  0.001  0.002   0.000    0.004      0.000    0.000   18015.0   11552.0    1.0
p_y[1683]                                  0.002  0.004   0.000    0.006      0.000    0.000   18649.0   17964.0    1.0
p_y[1684]                                  0.001  0.002   0.000    0.005      0.000    0.000   18678.0   19477.0    1.0
p_y[1685]                                  0.001  0.002   0.000    0.004      0.000    0.000   16214.0   18132.0    1.0
p_y[1686]                                  0.001  0.002   0.000    0.003      0.000    0.000   19793.0   20322.0    1.0
p_y[1687]                                  0.008  0.010   0.000    0.024      0.000    0.000   17225.0   16174.0    1.0
p_y[1688]                                  0.001  0.002   0.000    0.003      0.000    0.000   19154.0   19126.0    1.0
p_y[1689]                                  0.001  0.002   0.000    0.002      0.000    0.000   19171.0   20861.0    1.0
p_y[1690]                                  0.000  0.001   0.000    0.001      0.000    0.000   12994.0   13420.0    1.0
p_y[1691]                                  0.001  0.001   0.000    0.002      0.000    0.000   17178.0   16064.0    1.0
p_y[1692]                                  0.001  0.002   0.000    0.002      0.000    0.000   19341.0   18121.0    1.0
p_y[1693]                                  0.001  0.002   0.000    0.003      0.000    0.000   17445.0   17072.0    1.0
p_y[1694]                                  0.003  0.003   0.000    0.009      0.000    0.000   17763.0   14219.0    1.0
p_y[1695]                                  0.010  0.007   0.000    0.022      0.000    0.000   17101.0   17158.0    1.0
p_y[1696]                                  0.002  0.004   0.000    0.006      0.000    0.000   16855.0   16977.0    1.0
p_y[1697]                                  0.001  0.003   0.000    0.003      0.000    0.000   19442.0   18905.0    1.0
p_y[1698]                                  0.003  0.004   0.000    0.010      0.000    0.000   20641.0   15714.0    1.0
p_y[1699]                                  0.004  0.004   0.000    0.010      0.000    0.000   21426.0   18499.0    1.0
p_y[1700]                                  0.007  0.008   0.000    0.021      0.000    0.000   20141.0   14916.0    1.0
p_y[1701]                                  0.045  0.047   0.000    0.128      0.000    0.001   20491.0   13492.0    1.0
p_y[1702]                                  0.043  0.032   0.002    0.100      0.000    0.000   20318.0   14686.0    1.0
p_y[1703]                                  0.004  0.008   0.000    0.015      0.000    0.000   18211.0   16916.0    1.0
p_y[1704]                                  0.079  0.060   0.004    0.186      0.000    0.001   20842.0   18755.0    1.0
p_y[1705]                                  0.001  0.001   0.000    0.002      0.000    0.000   21007.0   22799.0    1.0
p_y[1706]                                  0.000  0.001   0.000    0.002      0.000    0.000   20553.0   16975.0    1.0
p_y[1707]                                  0.000  0.001   0.000    0.001      0.000    0.000   16825.0   11208.0    1.0
p_y[1708]                                  0.000  0.000   0.000    0.001      0.000    0.000   17102.0   17822.0    1.0
p_y[1709]                                  0.001  0.002   0.000    0.005      0.000    0.000   17764.0   18610.0    1.0
p_y[1710]                                  0.004  0.007   0.000    0.014      0.000    0.000   15289.0    8490.0    1.0
p_y[1711]                                  0.002  0.003   0.000    0.007      0.000    0.000   17723.0   14152.0    1.0
p_y[1712]                                  0.001  0.002   0.000    0.004      0.000    0.000   15193.0   13304.0    1.0
p_y[1713]                                  0.000  0.001   0.000    0.001      0.000    0.000   14939.0   11786.0    1.0
p_y[1714]                                  0.003  0.009   0.000    0.009      0.000    0.000   19073.0   19505.0    1.0
p_y[1715]                                  0.017  0.021   0.000    0.053      0.000    0.000   15220.0   14744.0    1.0
p_y[1716]                                  0.003  0.004   0.000    0.009      0.000    0.000   20750.0   20422.0    1.0
p_y[1717]                                  0.002  0.001   0.000    0.005      0.000    0.000   19030.0   14939.0    1.0
p_y[1718]                                  0.007  0.003   0.003    0.012      0.000    0.000   15521.0   16239.0    1.0
p_y[1719]                                  0.007  0.003   0.002    0.013      0.000    0.000   18115.0   15152.0    1.0
p_y[1720]                                  0.003  0.006   0.000    0.011      0.000    0.000   19312.0   15130.0    1.0
p_y[1721]                                  0.001  0.001   0.000    0.002      0.000    0.000   18282.0   17869.0    1.0
p_y[1722]                                  0.000  0.001   0.000    0.001      0.000    0.000   17601.0   17948.0    1.0
p_y[1723]                                  0.001  0.005   0.000    0.005      0.000    0.000   16474.0   15805.0    1.0
p_y[1724]                                  0.004  0.009   0.000    0.013      0.000    0.000   16450.0   13625.0    1.0
p_y[1725]                                  0.001  0.001   0.000    0.002      0.000    0.000   17869.0   17921.0    1.0
p_y[1726]                                  0.002  0.004   0.000    0.008      0.000    0.000   15840.0   12032.0    1.0
p_y[1727]                                  0.003  0.004   0.000    0.010      0.000    0.000   19982.0   15124.0    1.0
p_y[1728]                                  0.002  0.005   0.000    0.009      0.000    0.000   18105.0   11519.0    1.0
p_y[1729]                                  0.010  0.005   0.002    0.019      0.000    0.000   17298.0   15175.0    1.0
p_y[1730]                                  0.002  0.003   0.000    0.006      0.000    0.000   16512.0   12633.0    1.0
p_y[1731]                                  0.003  0.003   0.000    0.008      0.000    0.000   16384.0   13105.0    1.0
p_y[1732]                                  0.002  0.005   0.000    0.008      0.000    0.000   19589.0   18039.0    1.0
p_y[1733]                                  0.003  0.005   0.000    0.009      0.000    0.000   21481.0   15204.0    1.0
p_y[1734]                                  0.002  0.005   0.000    0.008      0.000    0.000   18573.0   19174.0    1.0
p_y[1735]                                  0.002  0.004   0.000    0.006      0.000    0.000   16459.0   12694.0    1.0
p_y[1736]                                  0.089  0.042   0.025    0.168      0.000    0.000   16461.0   15933.0    1.0
p_y[1737]                                  0.001  0.002   0.000    0.004      0.000    0.000   16718.0   15439.0    1.0
p_y[1738]                                  0.006  0.010   0.000    0.021      0.000    0.000   18422.0   13554.0    1.0
p_y[1739]                                  0.007  0.010   0.000    0.022      0.000    0.000   17242.0   15136.0    1.0
p_y[1740]                                  0.022  0.035   0.000    0.079      0.000    0.001   21370.0   16764.0    1.0
p_y[1741]                                  0.006  0.015   0.000    0.021      0.000    0.000   20990.0   12418.0    1.0
p_y[1742]                                  0.002  0.004   0.000    0.008      0.000    0.000   17909.0   18209.0    1.0
p_y[1743]                                  0.005  0.010   0.000    0.019      0.000    0.000   19039.0   15163.0    1.0
p_y[1744]                                  0.005  0.005   0.000    0.013      0.000    0.000   15888.0   11206.0    1.0
p_y[1745]                                  0.002  0.005   0.000    0.006      0.000    0.000   19489.0   17821.0    1.0
p_y[1746]                                  0.001  0.002   0.000    0.003      0.000    0.000   17658.0   14952.0    1.0
p_y[1747]                                  0.003  0.004   0.000    0.010      0.000    0.000   20970.0   19277.0    1.0
p_y[1748]                                  0.003  0.002   0.000    0.007      0.000    0.000   18805.0   17183.0    1.0
p_y[1749]                                  0.019  0.021   0.000    0.055      0.000    0.000   17381.0   11175.0    1.0
p_y[1750]                                  0.005  0.008   0.000    0.018      0.000    0.000   20311.0   15426.0    1.0
p_y[1751]                                  0.014  0.033   0.000    0.050      0.000    0.001   16432.0   15998.0    1.0
p_y[1752]                                  0.014  0.031   0.000    0.048      0.000    0.001   20281.0   19769.0    1.0
p_y[1753]                                  0.004  0.007   0.000    0.013      0.000    0.000   16833.0   12616.0    1.0
p_y[1754]                                  0.003  0.004   0.000    0.011      0.000    0.000   20372.0   19451.0    1.0
p_y[1755]                                  0.004  0.003   0.000    0.010      0.000    0.000   17962.0   16528.0    1.0
p_y[1756]                                  0.002  0.005   0.000    0.007      0.000    0.000   17270.0   18286.0    1.0
p_y[1757]                                  0.001  0.003   0.000    0.005      0.000    0.000   16911.0   14676.0    1.0
p_y[1758]                                  0.001  0.002   0.000    0.004      0.000    0.000   18811.0   18017.0    1.0
p_y[1759]                                  0.001  0.001   0.000    0.002      0.000    0.000   19005.0   20191.0    1.0
p_y[1760]                                  0.157  0.082   0.033    0.309      0.001    0.001   15525.0   14633.0    1.0
p_y[1761]                                  0.051  0.040   0.001    0.123      0.000    0.000   20055.0   16698.0    1.0
p_y[1762]                                  0.000  0.001   0.000    0.001      0.000    0.000   19061.0   20767.0    1.0
p_y[1763]                                  0.000  0.001   0.000    0.001      0.000    0.000   14426.0   12017.0    1.0
p_y[1764]                                  0.012  0.007   0.002    0.024      0.000    0.000   18527.0   19991.0    1.0
p_y[1765]                                  0.001  0.003   0.000    0.004      0.000    0.000   16635.0   15507.0    1.0
p_y[1766]                                  0.000  0.001   0.000    0.002      0.000    0.000   20102.0   19950.0    1.0
p_y[1767]                                  0.001  0.001   0.000    0.002      0.000    0.000   17839.0   13081.0    1.0
p_y[1768]                                  0.212  0.084   0.072    0.369      0.001    0.001   16474.0   16289.0    1.0
p_y[1769]                                  0.015  0.024   0.000    0.052      0.000    0.001   18903.0   16346.0    1.0
p_y[1770]                                  0.001  0.003   0.000    0.005      0.000    0.000   17775.0   14798.0    1.0
p_y[1771]                                  0.001  0.003   0.000    0.003      0.000    0.000   22202.0   20338.0    1.0
p_y[1772]                                  0.003  0.003   0.000    0.008      0.000    0.000   20282.0   16362.0    1.0
p_y[1773]                                  0.009  0.010   0.000    0.025      0.000    0.000   17964.0   15511.0    1.0
p_y[1774]                                  0.005  0.007   0.000    0.015      0.000    0.000   16058.0   17673.0    1.0
p_y[1775]                                  0.016  0.025   0.000    0.055      0.000    0.001   20277.0   19025.0    1.0
p_y[1776]                                  0.021  0.021   0.000    0.057      0.000    0.000   20677.0   16375.0    1.0
p_y[1777]                                  0.001  0.002   0.000    0.004      0.000    0.000   17813.0   19006.0    1.0
p_y[1778]                                  0.006  0.012   0.000    0.022      0.000    0.000   17804.0   21647.0    1.0
p_y[1779]                                  0.004  0.007   0.000    0.014      0.000    0.000   18638.0   18491.0    1.0
p_y[1780]                                  0.011  0.013   0.000    0.034      0.000    0.000   17259.0   17233.0    1.0
p_y[1781]                                  0.001  0.002   0.000    0.004      0.000    0.000   17601.0   13900.0    1.0
p_y[1782]                                  0.004  0.004   0.000    0.011      0.000    0.000   18029.0   12563.0    1.0
p_y[1783]                                  0.002  0.002   0.000    0.005      0.000    0.000   15081.0   12699.0    1.0
p_y[1784]                                  0.001  0.002   0.000    0.003      0.000    0.000   18265.0   20004.0    1.0
p_y[1785]                                  0.001  0.002   0.000    0.002      0.000    0.000   15348.0   14279.0    1.0
p_y[1786]                                  0.001  0.001   0.000    0.002      0.000    0.000   18346.0   20085.0    1.0
p_y[1787]                                  0.001  0.001   0.000    0.002      0.000    0.000   19904.0   18903.0    1.0
p_y[1788]                                  0.002  0.002   0.000    0.006      0.000    0.000   18356.0   17366.0    1.0
p_y[1789]                                  0.016  0.016   0.000    0.044      0.000    0.000   13476.0   11388.0    1.0
p_y[1790]                                  0.007  0.004   0.001    0.015      0.000    0.000   17999.0   16505.0    1.0
p_y[1791]                                  0.027  0.022   0.001    0.068      0.000    0.000   17378.0   13157.0    1.0
p_y[1792]                                  0.004  0.005   0.000    0.013      0.000    0.000   18619.0   17570.0    1.0
p_y[1793]                                  0.003  0.003   0.000    0.008      0.000    0.000   19485.0   18144.0    1.0
p_y[1794]                                  0.002  0.004   0.000    0.007      0.000    0.000   18043.0   15532.0    1.0
p_y[1795]                                  0.007  0.007   0.000    0.020      0.000    0.000   19116.0   16963.0    1.0
p_y[1796]                                  0.000  0.000   0.000    0.001      0.000    0.000   16791.0   19156.0    1.0
p_y[1797]                                  0.001  0.002   0.000    0.003      0.000    0.000   17483.0   16777.0    1.0
p_y[1798]                                  0.010  0.012   0.000    0.031      0.000    0.000   21601.0   13197.0    1.0
p_y[1799]                                  0.002  0.006   0.000    0.009      0.000    0.000   19303.0   18712.0    1.0
p_y[1800]                                  0.001  0.002   0.000    0.004      0.000    0.000   17878.0   12310.0    1.0
p_y[1801]                                  0.030  0.012   0.010    0.052      0.000    0.000   14806.0   14878.0    1.0
p_y[1802]                                  0.076  0.034   0.023    0.139      0.000    0.000   15493.0   16869.0    1.0
p_y[1803]                                  0.004  0.008   0.000    0.013      0.000    0.000   20047.0   18431.0    1.0
p_y[1804]                                  0.006  0.007   0.000    0.017      0.000    0.000   20028.0   13703.0    1.0
p_y[1805]                                  0.008  0.006   0.000    0.019      0.000    0.000   18885.0   16172.0    1.0
p_y[1806]                                  0.003  0.004   0.000    0.011      0.000    0.000   16031.0   15850.0    1.0
p_y[1807]                                  0.002  0.004   0.000    0.007      0.000    0.000   20172.0   19087.0    1.0
p_y[1808]                                  0.262  0.115   0.073    0.474      0.001    0.001   17051.0   18049.0    1.0
p_y[1809]                                  0.551  0.176   0.246    0.886      0.002    0.001   13541.0   14597.0    1.0
p_y[1810]                                  0.004  0.006   0.000    0.014      0.000    0.000   20540.0   16868.0    1.0
p_y[1811]                                  0.018  0.014   0.000    0.043      0.000    0.000   18125.0   15625.0    1.0
p_y[1812]                                  0.003  0.005   0.000    0.012      0.000    0.000   15542.0   10767.0    1.0
p_y[1813]                                  0.001  0.003   0.000    0.005      0.000    0.000   19177.0   16441.0    1.0
p_y[1814]                                  0.001  0.002   0.000    0.005      0.000    0.000   19838.0   15878.0    1.0
p_y[1815]                                  0.002  0.004   0.000    0.007      0.000    0.000   19534.0   18568.0    1.0
p_y[1816]                                  0.009  0.013   0.000    0.030      0.000    0.000   16197.0   11260.0    1.0
p_y[1817]                                  0.004  0.005   0.000    0.013      0.000    0.000   18476.0   16168.0    1.0
p_y[1818]                                  0.003  0.003   0.000    0.009      0.000    0.000   19024.0   17445.0    1.0
p_y[1819]                                  0.008  0.009   0.000    0.023      0.000    0.000   18571.0   13997.0    1.0
p_y[1820]                                  0.001  0.002   0.000    0.003      0.000    0.000   16767.0   15709.0    1.0
p_y[1821]                                  0.002  0.003   0.000    0.008      0.000    0.000   19375.0   17715.0    1.0
p_y[1822]                                  0.009  0.006   0.001    0.020      0.000    0.000   17674.0   15206.0    1.0
p_y[1823]                                  0.002  0.004   0.000    0.007      0.000    0.000   17775.0   18632.0    1.0
p_y[1824]                                  0.001  0.002   0.000    0.003      0.000    0.000   18550.0   16313.0    1.0
p_y[1825]                                  0.000  0.001   0.000    0.001      0.000    0.000   17494.0   18371.0    1.0
p_y[1826]                                  0.001  0.003   0.000    0.005      0.000    0.000   21419.0   18655.0    1.0
p_y[1827]                                  0.015  0.023   0.000    0.051      0.000    0.000   17348.0   11951.0    1.0
p_y[1828]                                  0.003  0.004   0.000    0.009      0.000    0.000   17176.0   11991.0    1.0
p_y[1829]                                  0.005  0.006   0.000    0.015      0.000    0.000   18516.0   18336.0    1.0
p_y[1830]                                  0.002  0.004   0.000    0.008      0.000    0.000   19477.0   14332.0    1.0
p_y[1831]                                  0.008  0.011   0.000    0.026      0.000    0.000   18381.0   17547.0    1.0
p_y[1832]                                  0.003  0.005   0.000    0.009      0.000    0.000   17689.0   16512.0    1.0
p_y[1833]                                  0.000  0.001   0.000    0.001      0.000    0.000   16453.0   12406.0    1.0
p_y[1834]                                  0.001  0.002   0.000    0.003      0.000    0.000   20148.0   18508.0    1.0
p_y[1835]                                  0.001  0.004   0.000    0.006      0.000    0.000   18736.0   16943.0    1.0
p_y[1836]                                  0.012  0.009   0.000    0.028      0.000    0.000   16795.0   13309.0    1.0
p_y[1837]                                  0.002  0.003   0.000    0.007      0.000    0.000   15746.0   10221.0    1.0
p_y[1838]                                  0.001  0.002   0.000    0.003      0.000    0.000   16113.0   16069.0    1.0
p_y[1839]                                  0.001  0.001   0.000    0.002      0.000    0.000   19415.0   18472.0    1.0
p_y[1840]                                  0.001  0.003   0.000    0.005      0.000    0.000   18994.0   17886.0    1.0
p_y[1841]                                  0.000  0.001   0.000    0.002      0.000    0.000   16917.0   15352.0    1.0
p_y[1842]                                  0.000  0.000   0.000    0.000      0.000    0.000   15696.0   13477.0    1.0
p_y[1843]                                  0.000  0.001   0.000    0.001      0.000    0.000   17354.0   17011.0    1.0
p_y[1844]                                  0.000  0.001   0.000    0.001      0.000    0.000   18794.0   20405.0    1.0
p_y[1845]                                  0.008  0.007   0.000    0.020      0.000    0.000   15709.0   14298.0    1.0
p_y[1846]                                  0.010  0.007   0.001    0.022      0.000    0.000   18888.0   15143.0    1.0
p_y[1847]                                  0.004  0.004   0.000    0.012      0.000    0.000   19693.0   17804.0    1.0
p_y[1848]                                  0.002  0.002   0.000    0.006      0.000    0.000   19645.0   16823.0    1.0
p_y[1849]                                  0.001  0.003   0.000    0.005      0.000    0.000   19437.0   15183.0    1.0
p_y[1850]                                  0.001  0.002   0.000    0.005      0.000    0.000   18212.0   15926.0    1.0
p_y[1851]                                  0.001  0.001   0.000    0.003      0.000    0.000   16682.0   12135.0    1.0
p_y[1852]                                  0.002  0.003   0.000    0.008      0.000    0.000   16064.0   18191.0    1.0
p_y[1853]                                  0.000  0.001   0.000    0.001      0.000    0.000   16127.0   15931.0    1.0
p_y[1854]                                  0.000  0.001   0.000    0.001      0.000    0.000   17250.0   18248.0    1.0
p_y[1855]                                  0.002  0.004   0.000    0.008      0.000    0.000   14558.0   11397.0    1.0
p_y[1856]                                  0.001  0.001   0.000    0.003      0.000    0.000   16331.0   14025.0    1.0
p_y[1857]                                  0.000  0.001   0.000    0.001      0.000    0.000   17519.0   18664.0    1.0
p_y[1858]                                  0.002  0.003   0.000    0.007      0.000    0.000   17914.0   18422.0    1.0
p_y[1859]                                  0.000  0.000   0.000    0.001      0.000    0.000   16715.0   15893.0    1.0
p_y[1860]                                  0.000  0.001   0.000    0.001      0.000    0.000   16193.0   13659.0    1.0
p_y[1861]                                  0.000  0.001   0.000    0.001      0.000    0.000   16248.0   18621.0    1.0
p_y[1862]                                  0.002  0.006   0.000    0.008      0.000    0.000   16604.0   19669.0    1.0
p_y[1863]                                  0.003  0.006   0.000    0.010      0.000    0.000   17436.0   16517.0    1.0
p_y[1864]                                  0.002  0.003   0.000    0.006      0.000    0.000   16813.0   17304.0    1.0
p_y[1865]                                  0.000  0.001   0.000    0.002      0.000    0.000   15642.0   16536.0    1.0
p_y[1866]                                  0.000  0.001   0.000    0.001      0.000    0.000   12278.0   11323.0    1.0
p_y[1867]                                  0.002  0.002   0.000    0.006      0.000    0.000   17272.0   16528.0    1.0
p_y[1868]                                  0.000  0.001   0.000    0.001      0.000    0.000   19397.0   17811.0    1.0
p_y[1869]                                  0.000  0.001   0.000    0.001      0.000    0.000   15134.0   17669.0    1.0
p_y[1870]                                  0.001  0.003   0.000    0.005      0.000    0.000   17430.0   16226.0    1.0
p_y[1871]                                  0.000  0.001   0.000    0.001      0.000    0.000   16550.0   20844.0    1.0
p_y[1872]                                  0.000  0.001   0.000    0.001      0.000    0.000   15440.0   18896.0    1.0
p_y[1873]                                  0.001  0.003   0.000    0.002      0.000    0.000   15101.0   15979.0    1.0
p_y[1874]                                  0.000  0.002   0.000    0.002      0.000    0.000   15856.0   15375.0    1.0
p_y[1875]                                  0.001  0.002   0.000    0.003      0.000    0.000   16594.0   19754.0    1.0
p_y[1876]                                  0.000  0.001   0.000    0.001      0.000    0.000   17208.0   16840.0    1.0
p_y[1877]                                  0.001  0.002   0.000    0.002      0.000    0.000   17806.0   14703.0    1.0
p_y[1878]                                  0.049  0.024   0.012    0.092      0.000    0.000   16942.0   15232.0    1.0
p_y[1879]                                  0.001  0.001   0.000    0.002      0.000    0.000   15257.0   15493.0    1.0
p_y[1880]                                  0.000  0.000   0.000    0.001      0.000    0.000   12098.0   14599.0    1.0
p_y[1881]                                  0.087  0.064   0.003    0.203      0.000    0.001   16767.0   12505.0    1.0
p_y[1882]                                  0.003  0.005   0.000    0.010      0.000    0.000   20231.0   22156.0    1.0
p_y[1883]                                  0.001  0.002   0.000    0.005      0.000    0.000   14914.0   12533.0    1.0
p_y[1884]                                  0.002  0.003   0.000    0.008      0.000    0.000   16054.0   13386.0    1.0
p_y[1885]                                  0.001  0.002   0.000    0.004      0.000    0.000   13986.0   16209.0    1.0
p_y[1886]                                  0.001  0.002   0.000    0.004      0.000    0.000   18918.0   15841.0    1.0
p_y[1887]                                  0.001  0.002   0.000    0.004      0.000    0.000   15277.0   17697.0    1.0
p_y[1888]                                  0.004  0.006   0.000    0.013      0.000    0.000   15883.0    9990.0    1.0
p_y[1889]                                  0.001  0.003   0.000    0.003      0.000    0.000   19305.0   18437.0    1.0
p_y[1890]                                  0.000  0.001   0.000    0.001      0.000    0.000   14429.0   18674.0    1.0
p_y[1891]                                  0.002  0.005   0.000    0.009      0.000    0.000   15235.0   17189.0    1.0
p_y[1892]                                  0.001  0.002   0.000    0.003      0.000    0.000   11677.0   15976.0    1.0
p_y[1893]                                  0.003  0.004   0.000    0.009      0.000    0.000   14347.0   15614.0    1.0
p_y[1894]                                  0.001  0.001   0.000    0.002      0.000    0.000   10423.0   17641.0    1.0
p_y[1895]                                  0.002  0.003   0.000    0.006      0.000    0.000   11112.0   15439.0    1.0
p_y[1896]                                  0.005  0.004   0.000    0.011      0.000    0.000   14939.0   12245.0    1.0
p_y[1897]                                  0.004  0.005   0.000    0.012      0.000    0.000   14963.0   12774.0    1.0
p_y[1898]                                  0.002  0.003   0.000    0.006      0.000    0.000   16428.0   18001.0    1.0
p_y[1899]                                  0.001  0.002   0.000    0.003      0.000    0.000   17752.0   15839.0    1.0
p_y[1900]                                  0.001  0.002   0.000    0.004      0.000    0.000   16073.0   17175.0    1.0
p_y[1901]                                  0.000  0.000   0.000    0.000      0.000    0.000   11231.0   17347.0    1.0
p_y[1902]                                  0.000  0.000   0.000    0.000      0.000    0.000    9211.0   14282.0    1.0
p_y[1903]                                  0.000  0.001   0.000    0.001      0.000    0.000   17393.0   18860.0    1.0
p_y[1904]                                  0.002  0.005   0.000    0.007      0.000    0.000   13300.0   13045.0    1.0
p_y[1905]                                  0.001  0.003   0.000    0.003      0.000    0.000   13326.0   11816.0    1.0
p_y[1906]                                  0.005  0.005   0.000    0.014      0.000    0.000   16277.0   13866.0    1.0
p_y[1907]                                  0.001  0.001   0.000    0.002      0.000    0.000   16006.0   12134.0    1.0
p_y[1908]                                  0.003  0.003   0.000    0.008      0.000    0.000   16083.0   15983.0    1.0
p_y[1909]                                  0.002  0.003   0.000    0.006      0.000    0.000   16168.0   12051.0    1.0
p_y[1910]                                  0.014  0.008   0.002    0.029      0.000    0.000   17023.0   13972.0    1.0
p_y[1911]                                  0.001  0.003   0.000    0.005      0.000    0.000   20870.0   20321.0    1.0
p_y[1912]                                  0.016  0.013   0.000    0.038      0.000    0.000   15094.0   12622.0    1.0
p_y[1913]                                  0.001  0.001   0.000    0.002      0.000    0.000   14164.0   17114.0    1.0
p_y[1914]                                  0.000  0.001   0.000    0.001      0.000    0.000   17405.0   18132.0    1.0
p_y[1915]                                  0.004  0.003   0.000    0.010      0.000    0.000   19232.0   16390.0    1.0
p_y[1916]                                  0.000  0.001   0.000    0.001      0.000    0.000   11650.0   15191.0    1.0
p_y[1917]                                  0.000  0.000   0.000    0.000      0.000    0.000    7847.0    9186.0    1.0
p_y[1918]                                  0.001  0.002   0.000    0.002      0.000    0.000   16545.0   16485.0    1.0
p_y[1919]                                  0.001  0.002   0.000    0.002      0.000    0.000   17927.0   18663.0    1.0
p_y[1920]                                  0.001  0.002   0.000    0.003      0.000    0.000   15799.0   17682.0    1.0
p_y[1921]                                  0.009  0.019   0.000    0.032      0.000    0.001   16829.0   12456.0    1.0
p_y[1922]                                  0.012  0.013   0.000    0.035      0.000    0.000   18402.0   17812.0    1.0
p_y[1923]                                  0.004  0.006   0.000    0.013      0.000    0.000   21970.0   17620.0    1.0
p_y[1924]                                  0.002  0.002   0.000    0.005      0.000    0.000   16477.0   15841.0    1.0
p_y[1925]                                  0.004  0.007   0.000    0.015      0.000    0.000   20691.0   20023.0    1.0
p_y[1926]                                  0.001  0.002   0.000    0.004      0.000    0.000   14018.0   18175.0    1.0
p_y[1927]                                  0.008  0.011   0.000    0.027      0.000    0.000   20797.0   17954.0    1.0
p_y[1928]                                  0.000  0.001   0.000    0.001      0.000    0.000   12665.0   10464.0    1.0
p_y[1929]                                  0.001  0.002   0.000    0.002      0.000    0.000    9862.0   14403.0    1.0
p_y[1930]                                  0.000  0.001   0.000    0.001      0.000    0.000   16817.0   14531.0    1.0
p_y[1931]                                  0.001  0.002   0.000    0.004      0.000    0.000   14411.0   14255.0    1.0
p_y[1932]                                  0.000  0.001   0.000    0.001      0.000    0.000   11922.0   10685.0    1.0
p_y[1933]                                  0.002  0.003   0.000    0.008      0.000    0.000   16600.0   19262.0    1.0
p_y[1934]                                  0.001  0.003   0.000    0.005      0.000    0.000   14662.0   13060.0    1.0
p_y[1935]                                  0.001  0.002   0.000    0.004      0.000    0.000   13344.0   14013.0    1.0
p_y[1936]                                  0.000  0.001   0.000    0.001      0.000    0.000   11765.0   12349.0    1.0
p_y[1937]                                  0.002  0.004   0.000    0.007      0.000    0.000   18203.0   16581.0    1.0
p_y[1938]                                  0.004  0.004   0.000    0.011      0.000    0.000   17072.0   10952.0    1.0
p_y[1939]                                  0.007  0.010   0.000    0.023      0.000    0.000   16681.0   17155.0    1.0
p_y[1940]                                  0.000  0.000   0.000    0.000      0.000    0.000    8557.0   12843.0    1.0
p_y[1941]                                  0.006  0.017   0.000    0.020      0.000    0.001    9158.0   12135.0    1.0
p_y[1942]                                  0.001  0.001   0.000    0.002      0.000    0.000   15531.0   20460.0    1.0
p_y[1943]                                  0.001  0.002   0.000    0.003      0.000    0.000   15163.0   18645.0    1.0
p_y[1944]                                  0.000  0.000   0.000    0.000      0.000    0.000   11818.0   16572.0    1.0
p_y[1945]                                  0.001  0.004   0.000    0.005      0.000    0.000   16476.0   18174.0    1.0
p_y[1946]                                  0.001  0.002   0.000    0.003      0.000    0.000   18674.0   17886.0    1.0
p_y[1947]                                  0.000  0.000   0.000    0.000      0.000    0.000   15229.0   18687.0    1.0
p_y[1948]                                  0.000  0.000   0.000    0.001      0.000    0.000   19041.0   19288.0    1.0
p_y[1949]                                  0.001  0.003   0.000    0.004      0.000    0.000   16383.0   15922.0    1.0
p_y[1950]                                  0.002  0.004   0.000    0.007      0.000    0.000   18236.0   16582.0    1.0
p_y[1951]                                  0.001  0.004   0.000    0.005      0.000    0.000   20185.0   19947.0    1.0
p_y[1952]                                  0.003  0.004   0.000    0.010      0.000    0.000   17819.0   18709.0    1.0
p_y[1953]                                  0.004  0.006   0.000    0.015      0.000    0.000   15626.0   18044.0    1.0
p_y[1954]                                  0.002  0.004   0.000    0.007      0.000    0.000   17564.0   15387.0    1.0
p_y[1955]                                  0.001  0.002   0.000    0.003      0.000    0.000   21273.0   16005.0    1.0
p_y[1956]                                  0.002  0.003   0.000    0.007      0.000    0.000   15397.0   14604.0    1.0
p_y[1957]                                  0.083  0.042   0.018    0.160      0.000    0.000   15986.0   17409.0    1.0
p_y[1958]                                  0.007  0.018   0.000    0.026      0.000    0.001   12066.0   14489.0    1.0
p_y[1959]                                  0.008  0.013   0.000    0.027      0.000    0.000   17177.0   18371.0    1.0
p_y[1960]                                  0.007  0.010   0.000    0.024      0.000    0.000   17347.0   18714.0    1.0
p_y[1961]                                  0.001  0.005   0.000    0.004      0.000    0.001   15657.0   11532.0    1.0
p_y[1962]                                  0.002  0.003   0.000    0.006      0.000    0.000   15309.0   14785.0    1.0
p_y[1963]                                  0.002  0.004   0.000    0.007      0.000    0.000   17053.0   15273.0    1.0
p_y[1964]                                  0.002  0.002   0.000    0.005      0.000    0.000   15797.0   17509.0    1.0
p_y[1965]                                  0.005  0.008   0.000    0.017      0.000    0.000   14643.0   12814.0    1.0
p_y[1966]                                  0.001  0.003   0.000    0.004      0.000    0.000   15282.0   16873.0    1.0
p_y[1967]                                  0.001  0.004   0.000    0.004      0.000    0.000   13760.0   16387.0    1.0
p_y[1968]                                  0.001  0.001   0.000    0.002      0.000    0.000   10739.0   10089.0    1.0
p_y[1969]                                  0.005  0.006   0.000    0.015      0.000    0.000   16782.0   17971.0    1.0
p_y[1970]                                  0.004  0.007   0.000    0.015      0.000    0.000   12004.0   16452.0    1.0
p_y[1971]                                  0.001  0.001   0.000    0.002      0.000    0.000   10740.0   14998.0    1.0
p_y[1972]                                  0.000  0.000   0.000    0.001      0.000    0.000   12991.0   13181.0    1.0
p_y[1973]                                  0.001  0.001   0.000    0.002      0.000    0.000   14050.0   14922.0    1.0
p_y[1974]                                  0.001  0.002   0.000    0.003      0.000    0.000   17764.0   14181.0    1.0
p_y[1975]                                  0.000  0.001   0.000    0.001      0.000    0.000   13548.0   16672.0    1.0
p_y[1976]                                  0.002  0.003   0.000    0.007      0.000    0.000   17917.0   18226.0    1.0
p_y[1977]                                  0.001  0.003   0.000    0.004      0.000    0.000   16816.0   15403.0    1.0
p_y[1978]                                  0.001  0.002   0.000    0.004      0.000    0.000   16139.0   14094.0    1.0
p_y[1979]                                  0.000  0.000   0.000    0.000      0.000    0.000   10626.0   12868.0    1.0
p_y[1980]                                  0.000  0.000   0.000    0.000      0.000    0.000   11272.0   14058.0    1.0
p_y[1981]                                  0.002  0.003   0.000    0.006      0.000    0.000   16201.0   17193.0    1.0
p_y[1982]                                  0.003  0.003   0.000    0.007      0.000    0.000   15702.0   13443.0    1.0
p_y[1983]                                  0.002  0.003   0.000    0.006      0.000    0.000   18461.0   19884.0    1.0
p_y[1984]                                  0.003  0.004   0.000    0.009      0.000    0.000   15162.0   13695.0    1.0
p_y[1985]                                  0.001  0.001   0.000    0.002      0.000    0.000   15238.0   17817.0    1.0
p_y[1986]                                  0.009  0.008   0.000    0.023      0.000    0.000   18189.0   15776.0    1.0
p_y[1987]                                  0.001  0.002   0.000    0.004      0.000    0.000   15322.0   12370.0    1.0
p_y[1988]                                  0.002  0.003   0.000    0.007      0.000    0.000   14110.0   15047.0    1.0
p_y[1989]                                  0.004  0.005   0.000    0.012      0.000    0.000   18014.0   17532.0    1.0
p_y[1990]                                  0.003  0.006   0.000    0.012      0.000    0.000   18000.0   17680.0    1.0
p_y[1991]                                  0.018  0.016   0.000    0.046      0.000    0.000   16007.0   13674.0    1.0
p_y[1992]                                  0.020  0.047   0.000    0.079      0.000    0.001   10539.0   15557.0    1.0
p_y[1993]                                  0.001  0.002   0.000    0.003      0.000    0.000   11537.0   14278.0    1.0
p_y[1994]                                  0.000  0.001   0.000    0.001      0.000    0.000   14659.0   17678.0    1.0
p_y[1995]                                  0.003  0.004   0.000    0.008      0.000    0.000   19718.0   18892.0    1.0
p_y[1996]                                  0.003  0.005   0.000    0.012      0.000    0.000   19530.0   15181.0    1.0
p_y[1997]                                  0.007  0.008   0.000    0.020      0.000    0.000   18487.0   14998.0    1.0
p_y[1998]                                  0.003  0.003   0.000    0.009      0.000    0.000   17988.0   14428.0    1.0
p_y[1999]                                  0.059  0.073   0.000    0.190      0.001    0.001   18813.0   16003.0    1.0
p_y[2000]                                  0.001  0.001   0.000    0.002      0.000    0.000   18480.0   16628.0    1.0
p_y[2001]                                  0.001  0.001   0.000    0.002      0.000    0.000   14947.0   16890.0    1.0
p_y[2002]                                  0.001  0.001   0.000    0.003      0.000    0.000   16348.0   19162.0    1.0
p_y[2003]                                  0.000  0.000   0.000    0.000      0.000    0.000    4192.0    5309.0    1.0
p_y[2004]                                  0.000  0.000   0.000    0.000      0.000    0.000    4046.0    5551.0    1.0
p_y[2005]                                  0.003  0.003   0.000    0.008      0.000    0.000   15185.0   16354.0    1.0
p_y[2006]                                  0.002  0.002   0.000    0.005      0.000    0.000   18745.0   12622.0    1.0
p_y[2007]                                  0.002  0.003   0.000    0.006      0.000    0.000   19811.0   17449.0    1.0
p_y[2008]                                  0.002  0.003   0.000    0.007      0.000    0.000   20628.0   18628.0    1.0
p_y[2009]                                  0.001  0.001   0.000    0.003      0.000    0.000   17047.0   16701.0    1.0
p_y[2010]                                  0.008  0.020   0.000    0.030      0.000    0.001   19402.0   17294.0    1.0
p_y[2011]                                  0.006  0.010   0.000    0.021      0.000    0.000   18836.0   17707.0    1.0
p_y[2012]                                  0.001  0.002   0.000    0.004      0.000    0.000   14419.0   10421.0    1.0
p_y[2013]                                  0.001  0.001   0.000    0.002      0.000    0.000   10430.0    8964.0    1.0
p_y[2014]                                  0.002  0.004   0.000    0.008      0.000    0.000   11884.0   15079.0    1.0
p_y[2015]                                  0.000  0.001   0.000    0.001      0.000    0.000   11531.0   11117.0    1.0
p_y[2016]                                  0.001  0.002   0.000    0.002      0.000    0.000   13330.0   18038.0    1.0
p_y[2017]                                  0.000  0.001   0.000    0.002      0.000    0.000   18366.0   20620.0    1.0
p_y[2018]                                  0.000  0.001   0.000    0.001      0.000    0.000   11383.0   16915.0    1.0
p_y[2019]                                  0.002  0.003   0.000    0.006      0.000    0.000   15919.0   17114.0    1.0
p_y[2020]                                  0.002  0.004   0.000    0.007      0.000    0.000   18503.0   20415.0    1.0
p_y[2021]                                  0.002  0.004   0.000    0.007      0.000    0.000   13513.0   15748.0    1.0
p_y[2022]                                  0.000  0.001   0.000    0.002      0.000    0.000   12152.0   12943.0    1.0
p_y[2023]                                  0.002  0.004   0.000    0.006      0.000    0.000   12435.0   13714.0    1.0
p_y[2024]                                  0.001  0.003   0.000    0.002      0.000    0.000   12234.0   11578.0    1.0
p_y[2025]                                  0.000  0.001   0.000    0.001      0.000    0.000   14910.0   11384.0    1.0
p_y[2026]                                  0.001  0.004   0.000    0.005      0.000    0.000   18390.0   12507.0    1.0
p_y[2027]                                  0.035  0.021   0.004    0.073      0.000    0.000   18589.0   12485.0    1.0
p_y[2028]                                  0.010  0.012   0.000    0.030      0.000    0.000   16089.0   13091.0    1.0
p_y[2029]                                  0.001  0.002   0.000    0.003      0.000    0.000    9285.0   10814.0    1.0
p_y[2030]                                  0.001  0.002   0.000    0.004      0.000    0.000   18197.0   18194.0    1.0
p_y[2031]                                  0.001  0.002   0.000    0.004      0.000    0.000   17423.0   14039.0    1.0
p_y[2032]                                  0.001  0.002   0.000    0.004      0.000    0.000   17277.0   14450.0    1.0
p_y[2033]                                  0.108  0.059   0.018    0.215      0.000    0.000   17731.0   16678.0    1.0
p_y[2034]                                  0.001  0.002   0.000    0.004      0.000    0.000   16470.0   16659.0    1.0
p_y[2035]                                  0.001  0.001   0.000    0.002      0.000    0.000   17486.0   10846.0    1.0
p_y[2036]                                  0.005  0.005   0.000    0.014      0.000    0.000   18637.0   16612.0    1.0
p_y[2037]                                  0.001  0.002   0.000    0.005      0.000    0.000   19240.0   17196.0    1.0
p_y[2038]                                  0.001  0.002   0.000    0.003      0.000    0.000   17892.0   16541.0    1.0
p_y[2039]                                  0.001  0.003   0.000    0.004      0.000    0.000   19355.0   16681.0    1.0
p_y[2040]                                  0.001  0.001   0.000    0.002      0.000    0.000   15020.0   19071.0    1.0
p_y[2041]                                  0.003  0.004   0.000    0.011      0.000    0.000   19363.0   15421.0    1.0
p_y[2042]                                  0.003  0.005   0.000    0.011      0.000    0.000   10217.0   11748.0    1.0
p_y[2043]                                  0.000  0.001   0.000    0.001      0.000    0.000   12047.0   15924.0    1.0
p_y[2044]                                  0.001  0.002   0.000    0.004      0.000    0.000   15346.0   19971.0    1.0
p_y[2045]                                  0.141  0.058   0.044    0.248      0.000    0.000   14558.0   12941.0    1.0
p_y[2046]                                  0.004  0.005   0.000    0.012      0.000    0.000   17313.0   11756.0    1.0
p_y[2047]                                  0.001  0.002   0.000    0.003      0.000    0.000   17327.0   15348.0    1.0
p_y[2048]                                  0.001  0.001   0.000    0.003      0.000    0.000   17796.0   15214.0    1.0
p_y[2049]                                  0.002  0.006   0.000    0.010      0.000    0.000   16483.0   17385.0    1.0
p_y[2050]                                  0.011  0.013   0.000    0.034      0.000    0.000   15955.0   12698.0    1.0
p_y[2051]                                  0.017  0.017   0.000    0.047      0.000    0.000   16243.0   12892.0    1.0
p_y[2052]                                  0.001  0.003   0.000    0.004      0.000    0.000   20688.0   15774.0    1.0
p_y[2053]                                  0.001  0.003   0.000    0.005      0.000    0.000   14797.0   13976.0    1.0
p_y[2054]                                  0.001  0.002   0.000    0.002      0.000    0.000   13601.0   15381.0    1.0
p_y[2055]                                  0.001  0.004   0.000    0.006      0.000    0.000   19305.0   18276.0    1.0
p_y[2056]                                  0.002  0.006   0.000    0.008      0.000    0.000   18996.0   18239.0    1.0
p_y[2057]                                  0.001  0.001   0.000    0.002      0.000    0.000   14117.0   12041.0    1.0
p_y[2058]                                  0.001  0.002   0.000    0.004      0.000    0.000   19297.0   20190.0    1.0
p_y[2059]                                  0.001  0.002   0.000    0.004      0.000    0.000   19735.0   20166.0    1.0
p_y[2060]                                  0.001  0.002   0.000    0.003      0.000    0.000   17042.0   19221.0    1.0
p_y[2061]                                  0.039  0.018   0.011    0.072      0.000    0.000   15473.0   12372.0    1.0
p_y[2062]                                  0.000  0.000   0.000    0.001      0.000    0.000   13318.0   16710.0    1.0
p_y[2063]                                  0.002  0.005   0.000    0.008      0.000    0.000   17721.0   17737.0    1.0
p_y[2064]                                  0.002  0.006   0.000    0.008      0.000    0.000   18815.0   16113.0    1.0
p_y[2065]                                  0.001  0.001   0.000    0.002      0.000    0.000   16573.0   18754.0    1.0
p_y[2066]                                  0.003  0.004   0.000    0.010      0.000    0.000   13929.0   10938.0    1.0
p_y[2067]                                  0.019  0.010   0.004    0.039      0.000    0.000   16402.0   13403.0    1.0
p_y[2068]                                  0.007  0.012   0.000    0.025      0.000    0.000   19597.0   19149.0    1.0
p_y[2069]                                  0.001  0.003   0.000    0.004      0.000    0.000   16448.0   16057.0    1.0
p_y[2070]                                  0.001  0.002   0.000    0.003      0.000    0.000   17173.0   19348.0    1.0
p_y[2071]                                  0.006  0.011   0.000    0.021      0.000    0.000   18109.0   14816.0    1.0
p_y[2072]                                  0.005  0.004   0.000    0.013      0.000    0.000   14097.0   13425.0    1.0
p_y[2073]                                  0.028  0.026   0.000    0.075      0.000    0.000   14712.0   16208.0    1.0
p_y[2074]                                  0.002  0.004   0.000    0.008      0.000    0.000   16920.0   14954.0    1.0
p_y[2075]                                  0.001  0.001   0.000    0.003      0.000    0.000   17464.0   18398.0    1.0
p_y[2076]                                  0.005  0.004   0.000    0.012      0.000    0.000   19234.0   16029.0    1.0
p_y[2077]                                  0.003  0.006   0.000    0.012      0.000    0.000   10406.0   13807.0    1.0
p_y[2078]                                  0.003  0.005   0.000    0.011      0.000    0.000   15261.0   15723.0    1.0
p_y[2079]                                  0.001  0.003   0.000    0.004      0.000    0.000   14657.0   14672.0    1.0
p_y[2080]                                  0.002  0.005   0.000    0.008      0.000    0.000   20971.0   17028.0    1.0
p_y[2081]                                  0.002  0.003   0.000    0.006      0.000    0.000   17425.0   20786.0    1.0
p_y[2082]                                  0.001  0.002   0.000    0.004      0.000    0.000   19273.0   21073.0    1.0
p_y[2083]                                  0.015  0.008   0.003    0.029      0.000    0.000   15871.0   13137.0    1.0
p_y[2084]                                  0.001  0.001   0.000    0.004      0.000    0.000   17919.0   16710.0    1.0
p_y[2085]                                  0.001  0.002   0.000    0.005      0.000    0.000   15288.0   14521.0    1.0
p_y[2086]                                  0.000  0.001   0.000    0.001      0.000    0.000   16362.0   14165.0    1.0
p_y[2087]                                  0.000  0.001   0.000    0.002      0.000    0.000   17042.0   20917.0    1.0
p_y[2088]                                  0.009  0.005   0.001    0.019      0.000    0.000   18628.0   15770.0    1.0
p_y[2089]                                  0.001  0.003   0.000    0.005      0.000    0.000   15752.0   17921.0    1.0
p_y[2090]                                  0.051  0.025   0.011    0.095      0.000    0.000   16689.0   19336.0    1.0
p_y[2091]                                  0.001  0.002   0.000    0.004      0.000    0.000   16144.0   17450.0    1.0
p_y[2092]                                  0.001  0.002   0.000    0.003      0.000    0.000   14778.0   17654.0    1.0
p_y[2093]                                  0.001  0.002   0.000    0.002      0.000    0.000   15536.0   12229.0    1.0
p_y[2094]                                  0.001  0.002   0.000    0.003      0.000    0.000   18662.0   21502.0    1.0
p_y[2095]                                  0.003  0.005   0.000    0.010      0.000    0.000   18445.0   18705.0    1.0
p_y[2096]                                  0.018  0.019   0.000    0.051      0.000    0.000   15912.0   11126.0    1.0
p_y[2097]                                  0.001  0.002   0.000    0.004      0.000    0.000   20687.0   18437.0    1.0
p_y[2098]                                  0.005  0.008   0.000    0.017      0.000    0.000   14854.0   13915.0    1.0
p_y[2099]                                  0.002  0.003   0.000    0.006      0.000    0.000   18613.0   17472.0    1.0
p_y[2100]                                  0.002  0.002   0.000    0.005      0.000    0.000   13353.0   15951.0    1.0
p_y[2101]                                  0.000  0.001   0.000    0.002      0.000    0.000   16389.0   12001.0    1.0
p_y[2102]                                  0.001  0.003   0.000    0.003      0.000    0.000   12917.0   13815.0    1.0
p_y[2103]                                  0.001  0.002   0.000    0.004      0.000    0.000   17038.0   17611.0    1.0
p_y[2104]                                  0.013  0.009   0.001    0.029      0.000    0.000   18789.0   19730.0    1.0
p_y[2105]                                  0.003  0.005   0.000    0.011      0.000    0.000   17455.0   18812.0    1.0
p_y[2106]                                  0.001  0.002   0.000    0.003      0.000    0.000   18405.0   14212.0    1.0
p_y[2107]                                  0.001  0.001   0.000    0.002      0.000    0.000   15015.0   20368.0    1.0
p_y[2108]                                  0.001  0.001   0.000    0.003      0.000    0.000   16669.0   15319.0    1.0
p_y[2109]                                  0.001  0.001   0.000    0.002      0.000    0.000   15402.0   14285.0    1.0
p_y[2110]                                  0.001  0.001   0.000    0.003      0.000    0.000   17051.0   18006.0    1.0
p_y[2111]                                  0.000  0.000   0.000    0.001      0.000    0.000   16640.0   19154.0    1.0
p_y[2112]                                  0.001  0.002   0.000    0.004      0.000    0.000   15845.0   20203.0    1.0
p_y[2113]                                  0.001  0.002   0.000    0.005      0.000    0.000   16730.0   14613.0    1.0
p_y[2114]                                  0.002  0.003   0.000    0.006      0.000    0.000   17900.0   19327.0    1.0
p_y[2115]                                  0.001  0.001   0.000    0.004      0.000    0.000   18539.0   18329.0    1.0
p_y[2116]                                  0.002  0.003   0.000    0.007      0.000    0.000   17405.0   16256.0    1.0
p_y[2117]                                  0.001  0.002   0.000    0.002      0.000    0.000   14508.0   17584.0    1.0
p_y[2118]                                  0.002  0.004   0.000    0.009      0.000    0.000   16657.0   13776.0    1.0
p_y[2119]                                  0.002  0.003   0.000    0.007      0.000    0.000   16091.0   16665.0    1.0
p_y[2120]                                  0.001  0.003   0.000    0.005      0.000    0.000   15018.0   13051.0    1.0
p_y[2121]                                  0.001  0.002   0.000    0.002      0.000    0.000   14607.0   12138.0    1.0
p_y[2122]                                  0.000  0.000   0.000    0.000      0.000    0.000   13984.0   13573.0    1.0
p_y[2123]                                  0.000  0.001   0.000    0.001      0.000    0.000   14685.0    9178.0    1.0
p_y[2124]                                  0.000  0.001   0.000    0.002      0.000    0.000   14117.0   15073.0    1.0
p_y[2125]                                  0.001  0.002   0.000    0.002      0.000    0.000   14932.0   16000.0    1.0
p_y[2126]                                  0.001  0.002   0.000    0.003      0.000    0.000   17087.0   17224.0    1.0
p_y[2127]                                  0.000  0.001   0.000    0.001      0.000    0.000   16487.0   18480.0    1.0
p_y[2128]                                  0.001  0.002   0.000    0.002      0.000    0.000   16582.0   19634.0    1.0
p_y[2129]                                  0.000  0.001   0.000    0.001      0.000    0.000   15196.0   17252.0    1.0
p_y[2130]                                  0.001  0.002   0.000    0.004      0.000    0.000   17715.0   19652.0    1.0
p_y[2131]                                  0.000  0.001   0.000    0.002      0.000    0.000   11498.0   14468.0    1.0
p_y[2132]                                  0.001  0.002   0.000    0.004      0.000    0.000   14570.0   13210.0    1.0
p_y[2133]                                  0.001  0.002   0.000    0.003      0.000    0.000   15691.0   15544.0    1.0
p_y[2134]                                  0.001  0.003   0.000    0.006      0.000    0.000   15608.0   16916.0    1.0
p_y[2135]                                  0.001  0.003   0.000    0.004      0.000    0.000   14195.0   15347.0    1.0
p_y[2136]                                  0.001  0.001   0.000    0.002      0.000    0.000   14369.0   17679.0    1.0
p_y[2137]                                  0.002  0.002   0.000    0.005      0.000    0.000   12237.0   11725.0    1.0
p_y[2138]                                  0.001  0.001   0.000    0.002      0.000    0.000   10849.0   14640.0    1.0
p_y[2139]                                  0.001  0.003   0.000    0.005      0.000    0.000   17508.0   17259.0    1.0
p_y[2140]                                  0.000  0.000   0.000    0.000      0.000    0.000   13306.0   14749.0    1.0
p_y[2141]                                  0.000  0.001   0.000    0.000      0.000    0.000   14914.0   16707.0    1.0
p_y[2142]                                  0.000  0.001   0.000    0.001      0.000    0.000   13426.0   14995.0    1.0
p_y[2143]                                  0.001  0.002   0.000    0.003      0.000    0.000   16383.0   10492.0    1.0
p_y[2144]                                  0.001  0.002   0.000    0.002      0.000    0.000   11493.0   10568.0    1.0
p_y[2145]                                  0.001  0.002   0.000    0.003      0.000    0.000   11017.0   15515.0    1.0
p_y[2146]                                  0.001  0.003   0.000    0.005      0.000    0.000   15443.0   18504.0    1.0
p_y[2147]                                  0.005  0.007   0.000    0.015      0.000    0.000   16480.0   15563.0    1.0
p_y[2148]                                  0.071  0.027   0.025    0.120      0.000    0.000   15456.0   15544.0    1.0
p_y[2149]                                  0.000  0.001   0.000    0.001      0.000    0.000   17281.0   17540.0    1.0
p_y[2150]                                  0.136  0.056   0.041    0.238      0.000    0.000   15613.0   15769.0    1.0
p_y[2151]                                  0.002  0.003   0.000    0.006      0.000    0.000   19472.0   19293.0    1.0
p_y[2152]                                  0.000  0.001   0.000    0.001      0.000    0.000   11802.0    9738.0    1.0
p_y[2153]                                  0.000  0.000   0.000    0.000      0.000    0.000    9660.0   15352.0    1.0
p_y[2154]                                  0.000  0.001   0.000    0.001      0.000    0.000   17649.0   16696.0    1.0
p_y[2155]                                  0.001  0.002   0.000    0.003      0.000    0.000   18491.0   19344.0    1.0
p_y[2156]                                  0.001  0.001   0.000    0.004      0.000    0.000   17495.0   16667.0    1.0
p_y[2157]                                  0.002  0.002   0.000    0.005      0.000    0.000   15214.0   12420.0    1.0
p_y[2158]                                  0.000  0.001   0.000    0.001      0.000    0.000   16587.0   17606.0    1.0
p_y[2159]                                  0.000  0.001   0.000    0.001      0.000    0.000   10933.0   15825.0    1.0
p_y[2160]                                  0.000  0.001   0.000    0.001      0.000    0.000   13577.0   12170.0    1.0
p_y[2161]                                  0.001  0.003   0.000    0.004      0.000    0.000   15064.0   17342.0    1.0
p_y[2162]                                  0.000  0.001   0.000    0.001      0.000    0.000   14840.0   14342.0    1.0
p_y[2163]                                  0.000  0.000   0.000    0.000      0.000    0.000   11987.0   11529.0    1.0
p_y[2164]                                  0.000  0.001   0.000    0.001      0.000    0.000   11082.0   16556.0    1.0
p_y[2165]                                  0.001  0.003   0.000    0.003      0.000    0.000   15360.0   19169.0    1.0
p_y[2166]                                  0.000  0.000   0.000    0.000      0.000    0.000   14339.0   13544.0    1.0
p_y[2167]                                  0.000  0.000   0.000    0.000      0.000    0.000   12914.0    9718.0    1.0
p_y[2168]                                  0.001  0.003   0.000    0.005      0.000    0.000   12174.0   16360.0    1.0
p_y[2169]                                  0.015  0.010   0.001    0.034      0.000    0.000   14095.0   11525.0    1.0
p_y[2170]                                  0.001  0.001   0.000    0.002      0.000    0.000   12710.0   12507.0    1.0
p_y[2171]                                  0.000  0.001   0.000    0.002      0.000    0.000   16433.0   18047.0    1.0
p_y[2172]                                  0.005  0.004   0.000    0.011      0.000    0.000   16309.0   10235.0    1.0
p_y[2173]                                  0.003  0.005   0.000    0.011      0.000    0.000   18032.0   18123.0    1.0
p_y[2174]                                  0.001  0.001   0.000    0.002      0.000    0.000   14331.0   17099.0    1.0
p_y[2175]                                  0.003  0.006   0.000    0.009      0.000    0.000   13262.0   18602.0    1.0
p_y[2176]                                  0.001  0.001   0.000    0.002      0.000    0.000   12137.0   11609.0    1.0
p_y[2177]                                  0.004  0.005   0.000    0.013      0.000    0.000   13042.0   14490.0    1.0
p_y[2178]                                  0.002  0.005   0.000    0.007      0.000    0.000   15114.0   18034.0    1.0
p_y[2179]                                  0.001  0.002   0.000    0.003      0.000    0.000   15749.0   17504.0    1.0
p_y[2180]                                  0.001  0.002   0.000    0.004      0.000    0.000   15908.0   18251.0    1.0
p_y[2181]                                  0.010  0.009   0.000    0.026      0.000    0.000   16157.0   13973.0    1.0
p_y[2182]                                  0.001  0.004   0.000    0.006      0.000    0.000    9732.0   16908.0    1.0
p_y[2183]                                  0.002  0.005   0.000    0.009      0.000    0.000    9691.0   16740.0    1.0
p_y[2184]                                  0.001  0.002   0.000    0.002      0.000    0.000   17170.0   16868.0    1.0
p_y[2185]                                  0.001  0.004   0.000    0.004      0.000    0.000   13157.0   17494.0    1.0
p_y[2186]                                  0.000  0.001   0.000    0.001      0.000    0.000   12970.0   16177.0    1.0
p_y[2187]                                  0.001  0.003   0.000    0.003      0.000    0.000   12319.0   15282.0    1.0
p_y[2188]                                  0.006  0.004   0.000    0.012      0.000    0.000   15426.0   13341.0    1.0
p_y[2189]                                  0.001  0.001   0.000    0.003      0.000    0.000   16165.0   19206.0    1.0
p_y[2190]                                  0.002  0.003   0.000    0.006      0.000    0.000   17913.0   18299.0    1.0
p_y[2191]                                  0.008  0.013   0.000    0.025      0.000    0.000   14832.0   16182.0    1.0
p_y[2192]                                  0.002  0.003   0.000    0.006      0.000    0.000   14388.0   16140.0    1.0
p_y[2193]                                  0.002  0.003   0.000    0.007      0.000    0.000   16939.0   14706.0    1.0
p_y[2194]                                  0.001  0.002   0.000    0.003      0.000    0.000   11502.0   15033.0    1.0
p_y[2195]                                  0.001  0.002   0.000    0.004      0.000    0.000   12185.0   17468.0    1.0
p_y[2196]                                  0.000  0.001   0.000    0.001      0.000    0.000   13660.0   18561.0    1.0
p_y[2197]                                  0.111  0.039   0.042    0.183      0.000    0.000   13768.0   13455.0    1.0
p_y[2198]                                  0.002  0.004   0.000    0.008      0.000    0.000   18384.0   16602.0    1.0
p_y[2199]                                  0.002  0.003   0.000    0.007      0.000    0.000   17351.0   14375.0    1.0
p_y[2200]                                  0.013  0.006   0.003    0.025      0.000    0.000   16499.0   15518.0    1.0
p_y[2201]                                  0.000  0.001   0.000    0.002      0.000    0.000   14532.0   13945.0    1.0
p_y[2202]                                  0.004  0.008   0.000    0.016      0.000    0.000   15453.0   11442.0    1.0
p_y[2203]                                  0.005  0.008   0.000    0.017      0.000    0.000   17585.0   18820.0    1.0
p_y[2204]                                  0.004  0.007   0.000    0.015      0.000    0.000   18290.0   18343.0    1.0
p_y[2205]                                  0.002  0.003   0.000    0.007      0.000    0.000   18819.0   17537.0    1.0
p_y[2206]                                  0.005  0.004   0.000    0.012      0.000    0.000   15077.0   15137.0    1.0
p_y[2207]                                  0.001  0.003   0.000    0.004      0.000    0.000   17131.0   17038.0    1.0
p_y[2208]                                  0.003  0.005   0.000    0.009      0.000    0.000   18748.0   21331.0    1.0
p_y[2209]                                  0.003  0.006   0.000    0.012      0.000    0.000   19884.0   16749.0    1.0
p_y[2210]                                  0.045  0.022   0.010    0.085      0.000    0.000   16351.0   13048.0    1.0
p_y[2211]                                  0.001  0.001   0.000    0.002      0.000    0.000   16942.0   19437.0    1.0
p_y[2212]                                  0.003  0.004   0.000    0.009      0.000    0.000   15804.0   16276.0    1.0
p_y[2213]                                  0.007  0.011   0.000    0.022      0.000    0.000   18776.0   14741.0    1.0
p_y[2214]                                  0.008  0.008   0.000    0.021      0.000    0.000   20477.0   16701.0    1.0
p_y[2215]                                  0.001  0.001   0.000    0.002      0.000    0.000   11334.0   13197.0    1.0
p_y[2216]                                  0.002  0.003   0.000    0.008      0.000    0.000   16722.0   13520.0    1.0
p_y[2217]                                  0.003  0.003   0.000    0.008      0.000    0.000   17316.0   15311.0    1.0
p_y[2218]                                  0.001  0.001   0.000    0.002      0.000    0.000   13997.0   14970.0    1.0
p_y[2219]                                  0.001  0.002   0.000    0.005      0.000    0.000   11025.0   12931.0    1.0
p_y[2220]                                  0.001  0.002   0.000    0.003      0.000    0.000   13347.0   14075.0    1.0
p_y[2221]                                  0.003  0.003   0.000    0.008      0.000    0.000   18035.0   14176.0    1.0
p_y[2222]                                  0.007  0.012   0.000    0.026      0.000    0.000   16238.0    8485.0    1.0
p_y[2223]                                  0.002  0.004   0.000    0.007      0.000    0.000   14958.0   16362.0    1.0
p_y[2224]                                  0.001  0.003   0.000    0.005      0.000    0.000   17406.0   17492.0    1.0
p_y[2225]                                  0.003  0.007   0.000    0.012      0.000    0.000   12554.0   18479.0    1.0
p_y[2226]                                  0.001  0.002   0.000    0.002      0.000    0.000   17262.0   17309.0    1.0
p_y[2227]                                  0.003  0.006   0.000    0.010      0.000    0.000   12636.0   16173.0    1.0
p_y[2228]                                  0.004  0.007   0.000    0.014      0.000    0.000   12385.0   16502.0    1.0
p_y[2229]                                  0.004  0.008   0.000    0.013      0.000    0.000   12570.0   14575.0    1.0
p_y[2230]                                  0.001  0.003   0.000    0.004      0.000    0.000   12627.0   18273.0    1.0
p_y[2231]                                  0.002  0.002   0.000    0.006      0.000    0.000   16169.0   18316.0    1.0
p_y[2232]                                  0.001  0.002   0.000    0.004      0.000    0.000   18113.0   13768.0    1.0
p_y[2233]                                  0.007  0.010   0.000    0.024      0.000    0.000   16361.0   11683.0    1.0
p_y[2234]                                  0.003  0.004   0.000    0.009      0.000    0.000   17901.0   13133.0    1.0
p_y[2235]                                  0.004  0.005   0.000    0.011      0.000    0.000   13283.0   16569.0    1.0
p_y[2236]                                  0.010  0.013   0.000    0.030      0.000    0.000   18108.0   17570.0    1.0
p_y[2237]                                  0.007  0.011   0.000    0.024      0.000    0.000   17997.0   16929.0    1.0
p_y[2238]                                  0.001  0.002   0.000    0.004      0.000    0.000   16019.0   17168.0    1.0
p_y[2239]                                  0.001  0.002   0.000    0.004      0.000    0.000   18807.0   19478.0    1.0
p_y[2240]                                  0.001  0.002   0.000    0.003      0.000    0.000   15577.0   17552.0    1.0
p_y[2241]                                  0.003  0.005   0.000    0.009      0.000    0.000   16728.0   18687.0    1.0
p_y[2242]                                  0.001  0.003   0.000    0.005      0.000    0.000   16210.0   16704.0    1.0
p_y[2243]                                  0.003  0.005   0.000    0.011      0.000    0.000   16390.0   17940.0    1.0
p_y[2244]                                  0.001  0.003   0.000    0.004      0.000    0.000   15439.0   18800.0    1.0
p_y[2245]                                  0.002  0.006   0.000    0.008      0.000    0.000   18879.0   21156.0    1.0
p_y[2246]                                  0.003  0.007   0.000    0.012      0.000    0.000   16896.0   17573.0    1.0
p_y[2247]                                  0.001  0.001   0.000    0.003      0.000    0.000   14540.0   18032.0    1.0
p_y[2248]                                  0.004  0.003   0.000    0.009      0.000    0.000   16638.0   16110.0    1.0
p_y[2249]                                  0.004  0.004   0.000    0.010      0.000    0.000   19199.0   14363.0    1.0
p_y[2250]                                  0.003  0.003   0.000    0.008      0.000    0.000   15878.0   11305.0    1.0
p_y[2251]                                  0.002  0.003   0.000    0.007      0.000    0.000   17108.0   13283.0    1.0
p_y[2252]                                  0.002  0.005   0.000    0.008      0.000    0.000   17996.0   19483.0    1.0
p_y[2253]                                  0.003  0.006   0.000    0.011      0.000    0.000   17419.0   18132.0    1.0
p_y[2254]                                  0.001  0.002   0.000    0.002      0.000    0.000   15913.0   18989.0    1.0
p_y[2255]                                  0.000  0.001   0.000    0.002      0.000    0.000   15986.0   17582.0    1.0
p_y[2256]                                  0.000  0.000   0.000    0.001      0.000    0.000   13314.0   18019.0    1.0
p_y[2257]                                  0.000  0.001   0.000    0.002      0.000    0.000   14695.0   16125.0    1.0
p_y[2258]                                  0.137  0.105   0.004    0.326      0.001    0.001   18606.0   14756.0    1.0
p_y[2259]                                  0.005  0.005   0.000    0.013      0.000    0.000   14489.0   18313.0    1.0
p_y[2260]                                  0.001  0.002   0.000    0.005      0.000    0.000    8762.0    9194.0    1.0
p_y[2261]                                  0.007  0.003   0.003    0.013      0.000    0.000   14423.0   13563.0    1.0
p_y[2262]                                  0.001  0.002   0.000    0.005      0.000    0.000   18173.0   17412.0    1.0
p_y[2263]                                  0.003  0.006   0.000    0.012      0.000    0.000   16880.0   14970.0    1.0
p_y[2264]                                  0.001  0.004   0.000    0.005      0.000    0.000   20615.0   19275.0    1.0
p_y[2265]                                  0.001  0.002   0.000    0.003      0.000    0.000   19138.0   20261.0    1.0
p_y[2266]                                  0.000  0.001   0.000    0.002      0.000    0.000   18236.0   19437.0    1.0
p_y[2267]                                  0.015  0.006   0.004    0.027      0.000    0.000   15173.0   18647.0    1.0
p_y[2268]                                  0.003  0.005   0.000    0.011      0.000    0.000   15354.0   17019.0    1.0
p_y[2269]                                  0.003  0.006   0.000    0.011      0.000    0.000   16173.0   16634.0    1.0
p_y[2270]                                  0.001  0.002   0.000    0.004      0.000    0.000   14583.0   16964.0    1.0
p_y[2271]                                  0.005  0.008   0.000    0.015      0.000    0.000   16555.0   18713.0    1.0
p_y[2272]                                  0.001  0.001   0.000    0.002      0.000    0.000   19107.0   18236.0    1.0
p_y[2273]                                  0.000  0.000   0.000    0.001      0.000    0.000   12393.0   11574.0    1.0
p_y[2274]                                  0.000  0.001   0.000    0.001      0.000    0.000   14375.0   18155.0    1.0
p_y[2275]                                  0.000  0.001   0.000    0.002      0.000    0.000   13258.0   15883.0    1.0
p_y[2276]                                  0.001  0.002   0.000    0.003      0.000    0.000   18648.0   17165.0    1.0
p_y[2277]                                  0.011  0.009   0.000    0.027      0.000    0.000   18595.0   12895.0    1.0
p_y[2278]                                  0.027  0.013   0.007    0.051      0.000    0.000   16777.0   17950.0    1.0
p_y[2279]                                  0.002  0.004   0.000    0.008      0.000    0.000    9930.0    9039.0    1.0
p_y[2280]                                  0.001  0.001   0.000    0.002      0.000    0.000   13336.0   17360.0    1.0
p_y[2281]                                  0.005  0.013   0.000    0.019      0.000    0.000   21171.0   18662.0    1.0
p_y[2282]                                  0.005  0.009   0.000    0.017      0.000    0.000   10371.0   12491.0    1.0
p_y[2283]                                  0.001  0.002   0.000    0.003      0.000    0.000   12355.0   13216.0    1.0
p_y[2284]                                  0.042  0.017   0.014    0.074      0.000    0.000   14925.0   18440.0    1.0
p_y[2285]                                  0.008  0.005   0.001    0.017      0.000    0.000   19473.0   18221.0    1.0
p_y[2286]                                  0.002  0.005   0.000    0.008      0.000    0.000   16695.0   17877.0    1.0
p_y[2287]                                  0.002  0.003   0.000    0.006      0.000    0.000   15107.0   14013.0    1.0
p_y[2288]                                  0.002  0.006   0.000    0.009      0.000    0.000   15727.0   13118.0    1.0
p_y[2289]                                  0.006  0.014   0.000    0.024      0.000    0.000   14818.0   13277.0    1.0
p_y[2290]                                  0.001  0.001   0.000    0.003      0.000    0.000   18830.0   17986.0    1.0
p_y[2291]                                  0.008  0.005   0.001    0.016      0.000    0.000   17997.0   16579.0    1.0
p_y[2292]                                  0.001  0.004   0.000    0.003      0.000    0.000    5511.0    6810.0    1.0
p_y[2293]                                  0.000  0.001   0.000    0.000      0.000    0.000    3841.0    4743.0    1.0
p_y[2294]                                  0.006  0.013   0.000    0.022      0.000    0.000   12335.0   14665.0    1.0
p_y[2295]                                  0.000  0.001   0.000    0.002      0.000    0.000   15705.0   21565.0    1.0
p_y[2296]                                  0.000  0.001   0.000    0.001      0.000    0.000   14727.0   17952.0    1.0
p_y[2297]                                  0.000  0.001   0.000    0.001      0.000    0.000   13970.0   11183.0    1.0
p_y[2298]                                  0.000  0.001   0.000    0.001      0.000    0.000   11190.0   12823.0    1.0
p_y[2299]                                  0.001  0.004   0.000    0.005      0.000    0.000   13433.0   18420.0    1.0
p_y[2300]                                  0.001  0.004   0.000    0.002      0.000    0.000    6583.0    7922.0    1.0
p_y[2301]                                  0.000  0.001   0.000    0.001      0.000    0.000    6349.0    8376.0    1.0
p_y[2302]                                  0.001  0.001   0.000    0.002      0.000    0.000   14780.0   16397.0    1.0
p_y[2303]                                  0.004  0.005   0.000    0.012      0.000    0.000   17015.0   16398.0    1.0
p_y[2304]                                  0.005  0.004   0.000    0.013      0.000    0.000   15830.0   14431.0    1.0
p_y[2305]                                  0.052  0.034   0.005    0.113      0.000    0.000   17964.0   17040.0    1.0
p_y[2306]                                  0.001  0.002   0.000    0.003      0.000    0.000   17468.0   12469.0    1.0
p_y[2307]                                  0.002  0.005   0.000    0.008      0.000    0.000   16830.0   12818.0    1.0
p_y[2308]                                  0.001  0.001   0.000    0.003      0.000    0.000   18225.0   17145.0    1.0
p_y[2309]                                  0.011  0.009   0.000    0.028      0.000    0.000   15477.0   11911.0    1.0
p_y[2310]                                  0.006  0.010   0.000    0.022      0.000    0.000   19503.0   16298.0    1.0
p_y[2311]                                  0.004  0.005   0.000    0.012      0.000    0.000   16275.0   10087.0    1.0
p_y[2312]                                  0.001  0.002   0.000    0.004      0.000    0.000   15258.0   10110.0    1.0
p_y[2313]                                  0.007  0.008   0.000    0.023      0.000    0.000   13827.0   11687.0    1.0
p_y[2314]                                  0.000  0.003   0.000    0.000      0.000    0.000    4083.0    5431.0    1.0
p_y[2315]                                  0.000  0.002   0.000    0.000      0.000    0.000    4061.0    5783.0    1.0
p_y[2316]                                  0.000  0.000   0.000    0.000      0.000    0.000    3403.0    4578.0    1.0
p_y[2317]                                  0.002  0.003   0.000    0.006      0.000    0.000   16965.0   19959.0    1.0
p_y[2318]                                  0.006  0.005   0.000    0.016      0.000    0.000   14081.0   13485.0    1.0
p_y[2319]                                  0.005  0.009   0.000    0.017      0.000    0.000   15398.0   18634.0    1.0
p_y[2320]                                  0.001  0.001   0.000    0.004      0.000    0.000   16788.0   19198.0    1.0
p_y[2321]                                  0.008  0.015   0.000    0.027      0.000    0.001   15667.0   16426.0    1.0
p_y[2322]                                  0.009  0.016   0.000    0.033      0.000    0.000   18210.0   15345.0    1.0
p_y[2323]                                  0.001  0.001   0.000    0.002      0.000    0.000   14977.0   19783.0    1.0
p_y[2324]                                  0.001  0.001   0.000    0.002      0.000    0.000   13717.0   18633.0    1.0
at_least_one_positive_image_by_area[0]     0.000  0.000   0.000    0.000      0.000      NaN   40000.0   40000.0    NaN
at_least_one_positive_image_by_area[1]     0.211  0.248   0.000    0.756      0.002    0.002   15728.0   17796.0    1.0
at_least_one_positive_image_by_area[2]     0.184  0.239   0.000    0.710      0.002    0.002   16872.0   14232.0    1.0
at_least_one_positive_image_by_area[3]     0.228  0.247   0.000    0.756      0.002    0.002   13910.0   16984.0    1.0
at_least_one_positive_image_by_area[4]     0.263  0.255   0.000    0.801      0.002    0.002   15344.0   13676.0    1.0
at_least_one_positive_image_by_area[5]     0.128  0.179   0.000    0.490      0.001    0.002   16901.0   15051.0    1.0
at_least_one_positive_image_by_area[6]     0.176  0.205   0.000    0.600      0.002    0.002   12224.0   13304.0    1.0
at_least_one_positive_image_by_area[7]     0.157  0.198   0.000    0.569      0.002    0.002   11854.0   16501.0    1.0
at_least_one_positive_image_by_area[8]     0.052  0.109   0.000    0.209      0.001    0.002   14056.0   19870.0    1.0
at_least_one_positive_image_by_area[9]     0.175  0.250   0.000    0.757      0.002    0.002   14990.0   20668.0    1.0
at_least_one_positive_image_by_area[10]    0.233  0.232   0.001    0.719      0.002    0.002   15244.0   19766.0    1.0
at_least_one_positive_image_by_area[11]    0.037  0.068   0.000    0.132      0.001    0.002   10278.0   14067.0    1.0
at_least_one_positive_image_by_area[12]    0.229  0.272   0.000    0.840      0.002    0.002   16895.0   20694.0    1.0
at_least_one_positive_image_by_area[13]    0.116  0.173   0.000    0.462      0.001    0.002   12346.0   11397.0    1.0
at_least_one_positive_image_by_area[14]    0.384  0.301   0.001    0.940      0.002    0.001   13753.0   15372.0    1.0
at_least_one_positive_image_by_area[15]    0.077  0.127   0.000    0.294      0.001    0.002   11923.0   11986.0    1.0
at_least_one_positive_image_by_area[16]    0.225  0.244   0.000    0.745      0.002    0.002   15817.0   16248.0    1.0
at_least_one_positive_image_by_area[17]    0.261  0.287   0.000    0.880      0.002    0.001   17347.0   19345.0    1.0
at_least_one_positive_image_by_area[18]    0.153  0.208   0.000    0.595      0.002    0.002   13754.0   15330.0    1.0
at_least_one_positive_image_by_area[19]    0.207  0.236   0.000    0.714      0.002    0.002   14995.0   17325.0    1.0
at_least_one_positive_image_by_area[20]    0.128  0.170   0.000    0.469      0.001    0.002   16940.0   17365.0    1.0
at_least_one_positive_image_by_area[21]    0.225  0.254   0.000    0.786      0.002    0.002   14322.0   13653.0    1.0
at_least_one_positive_image_by_area[22]    0.327  0.281   0.001    0.889      0.002    0.001   16485.0   20213.0    1.0
at_least_one_positive_image_by_area[23]    0.076  0.127   0.000    0.290      0.001    0.002   13572.0   18070.0    1.0
at_least_one_positive_image_by_area[24]    0.328  0.314   0.000    0.957      0.003    0.001   12379.0   17008.0    1.0
at_least_one_positive_image_by_area[25]    0.577  0.360   0.037    1.000      0.003    0.001   14412.0   18218.0    1.0
at_least_one_positive_image_by_area[26]    0.191  0.215   0.000    0.640      0.002    0.002   14283.0   20597.0    1.0
at_least_one_positive_image_by_area[27]    0.629  0.315   0.100    1.000      0.003    0.001   16191.0   18848.0    1.0
at_least_one_positive_image_by_area[28]    0.166  0.204   0.000    0.592      0.002    0.002   16648.0   20214.0    1.0
at_least_one_positive_image_by_area[29]    0.509  0.303   0.075    1.000      0.002    0.001   14899.0   13110.0    1.0
at_least_one_positive_image_by_area[30]    0.501  0.301   0.074    1.000      0.002    0.001   18106.0   15679.0    1.0
at_least_one_positive_image_by_area[31]    0.382  0.293   0.002    0.935      0.003    0.001   12569.0   12123.0    1.0
at_least_one_positive_image_by_area[32]    0.413  0.322   0.001    0.976      0.003    0.001   12662.0    9516.0    1.0
at_least_one_positive_image_by_area[33]    0.425  0.395   0.007    1.000      0.004    0.001   10572.0   16387.0    1.0
at_least_one_positive_image_by_area[34]    0.478  0.327   0.043    1.000      0.002    0.001   16261.0   12346.0    1.0
at_least_one_positive_image_by_area[35]    0.377  0.300   0.002    0.940      0.003    0.001   11692.0   12787.0    1.0
at_least_one_positive_image_by_area[36]    0.987  0.061   0.953    1.000      0.001    0.002   17729.0   16352.0    1.0
at_least_one_positive_image_by_area[37]    0.320  0.286   0.001    0.899      0.002    0.001   17243.0   18204.0    1.0
at_least_one_positive_image_by_area[38]    0.836  0.249   0.278    1.000      0.002    0.002   16703.0   14391.0    1.0
at_least_one_positive_image_by_area[39]    0.315  0.303   0.000    0.930      0.003    0.001   13599.0   14461.0    1.0
at_least_one_positive_image_by_area[40]    0.206  0.229   0.000    0.693      0.002    0.002   14371.0   13792.0    1.0
at_least_one_positive_image_by_area[41]    0.343  0.322   0.000    0.959      0.003    0.001   13419.0   18630.0    1.0
at_least_one_positive_image_by_area[42]    0.068  0.115   0.000    0.251      0.001    0.002   16061.0   18156.0    1.0
at_least_one_positive_image_by_area[43]    0.456  0.374   0.010    1.000      0.003    0.001   13189.0   16602.0    1.0
at_least_one_positive_image_by_area[44]    0.420  0.291   0.008    0.945      0.002    0.001   16283.0   17466.0    1.0
at_least_one_positive_image_by_area[45]    0.296  0.282   0.000    0.877      0.002    0.001   14001.0   15666.0    1.0
at_least_one_positive_image_by_area[46]    0.474  0.375   0.011    1.000      0.003    0.001   12824.0   16626.0    1.0
at_least_one_positive_image_by_area[47]    0.128  0.182   0.000    0.488      0.001    0.002   14836.0   18412.0    1.0
at_least_one_positive_image_by_area[48]    0.347  0.284   0.002    0.907      0.002    0.002   15587.0   14931.0    1.0
at_least_one_positive_image_by_area[49]    0.200  0.232   0.000    0.698      0.002    0.002   15398.0   18374.0    1.0
at_least_one_positive_image_by_area[50]    0.369  0.289   0.002    0.922      0.002    0.001   17147.0   15053.0    1.0
at_least_one_positive_image_by_area[51]    0.276  0.265   0.000    0.826      0.002    0.001   16909.0   16555.0    1.0
at_least_one_positive_image_by_area[52]    0.420  0.312   0.038    1.000      0.002    0.001   14925.0   14617.0    1.0
at_least_one_positive_image_by_area[53]    0.220  0.237   0.000    0.721      0.002    0.002   13168.0   14169.0    1.0
at_least_one_positive_image_by_area[54]    0.219  0.254   0.000    0.775      0.002    0.002   17214.0   15988.0    1.0
at_least_one_positive_image_by_area[55]    0.336  0.290   0.001    0.912      0.002    0.001   18378.0   21997.0    1.0
at_least_one_positive_image_by_area[56]    0.390  0.314   0.002    0.967      0.002    0.001   16212.0   15581.0    1.0
at_least_one_positive_image_by_area[57]    0.365  0.309   0.001    0.950      0.002    0.001   15308.0   15995.0    1.0
at_least_one_positive_image_by_area[58]    0.397  0.291   0.004    0.937      0.002    0.001   18792.0   15338.0    1.0
at_least_one_positive_image_by_area[59]    0.330  0.286   0.001    0.899      0.002    0.001   16850.0   16399.0    1.0
at_least_one_positive_image_by_area[60]    0.234  0.266   0.000    0.815      0.002    0.002   15082.0   16988.0    1.0
at_least_one_positive_image_by_area[61]    0.569  0.378   0.024    1.000      0.003    0.001   13702.0   19260.0    1.0
at_least_one_positive_image_by_area[62]    1.000  0.000   1.000    1.000      0.000      NaN   40000.0   40000.0    NaN
at_least_one_positive_image_by_area[63]    1.000  0.000   1.000    1.000      0.000      NaN   40000.0   40000.0    NaN
at_least_one_positive_image_by_area[64]    0.614  0.310   0.106    1.000      0.002    0.001   17784.0   13231.0    1.0
at_least_one_positive_image_by_area[65]    1.000  0.000   1.000    1.000      0.000      NaN   40000.0   40000.0    NaN
at_least_one_positive_image_by_area[66]    0.494  0.305   0.065    1.000      0.002    0.001   19410.0   16782.0    1.0
at_least_one_positive_image_by_area[67]    0.044  0.083   0.000    0.166      0.001    0.002   15033.0   15605.0    1.0
at_least_one_positive_image_by_area[68]    0.301  0.276   0.000    0.866      0.002    0.002   12488.0   14136.0    1.0
at_least_one_positive_image_by_area[69]    0.089  0.142   0.000    0.346      0.001    0.002   16925.0   16683.0    1.0
at_least_one_positive_image_by_area[70]    0.125  0.181   0.000    0.488      0.001    0.002   12805.0   15275.0    1.0
at_least_one_positive_image_by_area[71]    0.808  0.267   0.215    1.000      0.002    0.002   16836.0   14892.0    1.0
at_least_one_positive_image_by_area[72]    0.164  0.209   0.000    0.605      0.002    0.002   16521.0   15573.0    1.0
at_least_one_positive_image_by_area[73]    0.147  0.201   0.000    0.576      0.002    0.002   15946.0   13150.0    1.0
at_least_one_positive_image_by_area[74]    0.174  0.212   0.000    0.622      0.002    0.002   14451.0   12323.0    1.0
at_least_one_positive_image_by_area[75]    0.119  0.186   0.000    0.499      0.001    0.002   12071.0   13981.0    1.0
at_least_one_positive_image_by_area[76]    0.089  0.158   0.000    0.382      0.001    0.002   13152.0   11722.0    1.0
at_least_one_positive_image_by_area[77]    0.336  0.278   0.002    0.887      0.002    0.001   14877.0   15558.0    1.0
at_least_one_positive_image_by_area[78]    0.167  0.217   0.000    0.636      0.002    0.002   13560.0   16418.0    1.0
at_least_one_positive_image_by_area[79]    0.150  0.194   0.000    0.550      0.001    0.002   16696.0   17214.0    1.0
at_least_one_positive_image_by_area[80]    0.069  0.144   0.000    0.303      0.002    0.005    9220.0   10314.0    1.0
at_least_one_positive_image_by_area[81]    0.087  0.164   0.000    0.394      0.001    0.002   10895.0   13110.0    1.0
at_least_one_positive_image_by_area[82]    0.146  0.188   0.000    0.537      0.002    0.002   14336.0   16027.0    1.0
at_least_one_positive_image_by_area[83]    0.359  0.316   0.000    0.957      0.003    0.001   12029.0   12115.0    1.0
at_least_one_positive_image_by_area[84]    0.159  0.227   0.000    0.665      0.002    0.002   10993.0   10889.0    1.0
at_least_one_positive_image_by_area[85]    0.328  0.315   0.000    0.951      0.003    0.001   11055.0   14238.0    1.0
at_least_one_positive_image_by_area[86]    0.160  0.208   0.000    0.604      0.002    0.002   11447.0   13314.0    1.0
at_least_one_positive_image_by_area[87]    0.433  0.316   0.035    1.000      0.003    0.001   13809.0   13469.0    1.0
at_least_one_positive_image_by_area[88]    0.421  0.315   0.032    1.000      0.003    0.001   13449.0   13042.0    1.0
at_least_one_positive_image_by_area[89]    0.138  0.197   0.000    0.546      0.002    0.002   12827.0   13562.0    1.0
at_least_one_positive_image_by_area[90]    0.271  0.289   0.000    0.886      0.002    0.002   15573.0   16536.0    1.0
at_least_one_positive_image_by_area[91]    0.063  0.123   0.000    0.259      0.001    0.002   12915.0   13960.0    1.0
at_least_one_positive_image_by_area[92]    0.836  0.247   0.271    1.000      0.003    0.003   13670.0   10385.0    1.0
at_least_one_positive_image_by_area[93]    0.346  0.336   0.000    0.979      0.002    0.001   19270.0   17574.0    1.0
at_least_one_positive_image_by_area[94]    1.000  0.000   1.000    1.000      0.000      NaN   40000.0   40000.0    NaN
at_least_one_positive_image_by_area[95]    0.113  0.177   0.000    0.472      0.001    0.002   12646.0   11485.0    1.0
at_least_one_positive_image_by_area[96]    0.363  0.294   0.001    0.926      0.002    0.001   17229.0   17665.0    1.0
at_least_one_positive_image_by_area[97]    0.152  0.196   0.000    0.554      0.001    0.002   15639.0   16819.0    1.0
at_least_one_positive_image_by_area[98]    0.276  0.272   0.000    0.850      0.002    0.001   13837.0   15932.0    1.0
at_least_one_positive_image_by_area[99]    0.179  0.204   0.000    0.603      0.002    0.002   11196.0   11302.0    1.0
at_least_one_positive_image_by_area[100]   0.282  0.267   0.000    0.837      0.002    0.002   13458.0    8857.0    1.0
at_least_one_positive_image_by_area[101]   0.052  0.102   0.000    0.203      0.001    0.002   13446.0   11628.0    1.0
at_least_one_positive_image_by_area[102]   0.237  0.263   0.000    0.808      0.002    0.002   15323.0   16686.0    1.0
at_least_one_positive_image_by_area[103]   0.337  0.288   0.000    0.903      0.002    0.001   16936.0   17223.0    1.0
at_least_one_positive_image_by_area[104]   0.019  0.052   0.000    0.068      0.000    0.002   15401.0   18319.0    1.0
at_least_one_positive_image_by_area[105]   0.061  0.121   0.000    0.252      0.001    0.002   14966.0   16810.0    1.0
at_least_one_positive_image_by_area[106]   0.111  0.161   0.000    0.418      0.001    0.002   14598.0   18220.0    1.0
at_least_one_positive_image_by_area[107]   0.073  0.136   0.000    0.308      0.001    0.002   13975.0   18246.0    1.0
at_least_one_positive_image_by_area[108]   0.213  0.250   0.000    0.762      0.002    0.002   15840.0   18175.0    1.0
at_least_one_positive_image_by_area[109]   0.154  0.220   0.000    0.641      0.002    0.002   14875.0   17416.0    1.0
at_least_one_positive_image_by_area[110]   0.051  0.090   0.000    0.189      0.001    0.002   14646.0   14841.0    1.0
at_least_one_positive_image_by_area[111]   0.194  0.239   0.000    0.721      0.002    0.002   13146.0   13703.0    1.0
at_least_one_positive_image_by_area[112]   0.376  0.303   0.001    0.945      0.002    0.001   17255.0   17246.0    1.0
at_least_one_positive_image_by_area[113]   0.188  0.226   0.000    0.674      0.002    0.002   15879.0   12827.0    1.0
at_least_one_positive_image_by_area[114]   0.170  0.230   0.000    0.681      0.002    0.002   15894.0   16924.0    1.0
at_least_one_positive_image_by_area[115]   0.139  0.196   0.000    0.547      0.002    0.002   14098.0   15538.0    1.0
at_least_one_positive_image_by_area[116]   0.140  0.192   0.000    0.529      0.002    0.003   15973.0   15202.0    1.0
at_least_one_positive_image_by_area[117]   0.044  0.093   0.000    0.170      0.001    0.002   16016.0   14917.0    1.0
at_least_one_positive_image_by_area[118]   0.017  0.042   0.000    0.061      0.001    0.003   11804.0   12822.0    1.0
at_least_one_positive_image_by_area[119]   0.020  0.049   0.000    0.073      0.000    0.002   12105.0   10504.0    1.0
at_least_one_positive_image_by_area[120]   1.000  0.000   1.000    1.000      0.000      NaN   40000.0   40000.0    NaN
at_least_one_positive_image_by_area[121]   0.942  0.188   0.664    1.000      0.003    0.006    8943.0    4250.0    1.0
at_least_one_positive_image_by_area[122]   0.121  0.169   0.000    0.449      0.001    0.002   17747.0   19257.0    1.0
at_least_one_positive_image_by_area[123]   0.311  0.281   0.000    0.885      0.002    0.001   17758.0   19191.0    1.0
at_least_one_positive_image_by_area[124]   0.092  0.148   0.000    0.363      0.001    0.002   17156.0   16178.0    1.0
at_least_one_positive_image_by_area[125]   0.338  0.320   0.000    0.957      0.002    0.001   19023.0   19465.0    1.0
at_least_one_positive_image_by_area[126]   0.000  0.000   0.000    0.000      0.000      NaN   40000.0   40000.0    NaN
at_least_one_positive_image_by_area[127]   0.101  0.154   0.000    0.389      0.001    0.002   16768.0   18067.0    1.0
at_least_one_positive_image_by_area[128]   0.263  0.250   0.001    0.780      0.002    0.002   18274.0   15545.0    1.0
at_least_one_positive_image_by_area[129]   0.220  0.222   0.000    0.679      0.002    0.002   17849.0   18457.0    1.0
at_least_one_positive_image_by_area[130]   0.072  0.107   0.000    0.251      0.001    0.002   18300.0   17826.0    1.0
at_least_one_positive_image_by_area[131]   0.170  0.200   0.000    0.578      0.002    0.003   13899.0   10470.0    1.0
at_least_one_positive_image_by_area[132]   0.047  0.068   0.000    0.153      0.001    0.001   13190.0    7420.0    1.0
at_least_one_positive_image_by_area[133]   0.199  0.220   0.000    0.660      0.002    0.002   18292.0   19826.0    1.0
at_least_one_positive_image_by_area[134]   0.171  0.215   0.000    0.630      0.002    0.002   18177.0   18058.0    1.0
at_least_one_positive_image_by_area[135]   0.680  0.279   0.180    1.000      0.002    0.001   19123.0   16659.0    1.0
at_least_one_positive_image_by_area[136]   0.426  0.298   0.007    0.954      0.002    0.001   18743.0   19477.0    1.0
at_least_one_positive_image_by_area[137]   0.215  0.250   0.000    0.763      0.002    0.002   14577.0   13084.0    1.0
at_least_one_positive_image_by_area[138]   0.365  0.280   0.005    0.901      0.002    0.001   19164.0   19328.0    1.0
at_least_one_positive_image_by_area[139]   1.000  0.000   1.000    1.000      0.000      NaN   40000.0   40000.0    NaN
at_least_one_positive_image_by_area[140]   0.590  0.301   0.107    1.000      0.002    0.001   18231.0   16088.0    1.0
at_least_one_positive_image_by_area[141]   0.176  0.195   0.000    0.572      0.001    0.002   16881.0   17445.0    1.0
at_least_one_positive_image_by_area[142]   0.133  0.171   0.000    0.469      0.001    0.002   18980.0   20122.0    1.0
at_least_one_positive_image_by_area[143]   0.797  0.252   0.267    1.000      0.002    0.002   16314.0   13722.0    1.0
at_least_one_positive_image_by_area[144]   0.140  0.186   0.000    0.517      0.001    0.002   16907.0   13458.0    1.0
at_least_one_positive_image_by_area[145]   0.151  0.211   0.000    0.610      0.002    0.002   17278.0   15402.0    1.0
at_least_one_positive_image_by_area[146]   0.121  0.174   0.000    0.475      0.001    0.002   15104.0   16697.0    1.0
at_least_one_positive_image_by_area[147]   0.089  0.158   0.000    0.386      0.001    0.002   17641.0   21759.0    1.0
at_least_one_positive_image_by_area[148]   0.245  0.275   0.000    0.848      0.002    0.002   18450.0   17852.0    1.0
at_least_one_positive_image_by_area[149]   0.799  0.257   0.250    1.000      0.002    0.002   15214.0   10754.0    1.0
at_least_one_positive_image_by_area[150]   0.046  0.084   0.000    0.168      0.001    0.001   17349.0   18918.0    1.0
at_least_one_positive_image_by_area[151]   0.132  0.205   0.000    0.567      0.001    0.002   16518.0   15810.0    1.0
at_least_one_positive_image_by_area[152]   0.144  0.210   0.000    0.600      0.002    0.002   14626.0   16074.0    1.0
at_least_one_positive_image_by_area[153]   0.034  0.087   0.000    0.140      0.001    0.002   12145.0   16258.0    1.0
at_least_one_positive_image_by_area[154]   0.056  0.110   0.000    0.231      0.001    0.002   12947.0   16926.0    1.0
at_least_one_positive_image_by_area[155]   0.185  0.251   0.000    0.762      0.002    0.002   18470.0   16618.0    1.0
at_least_one_positive_image_by_area[156]   0.024  0.059   0.000    0.092      0.000    0.001   11417.0   14821.0    1.0
at_least_one_positive_image_by_area[157]   0.325  0.299   0.000    0.922      0.002    0.001   18210.0   13132.0    1.0
at_least_one_positive_image_by_area[158]   0.089  0.149   0.000    0.360      0.001    0.002   16028.0   15486.0    1.0
at_least_one_positive_image_by_area[159]   0.179  0.238   0.000    0.714      0.002    0.002   17289.0   15153.0    1.0
at_least_one_positive_image_by_area[160]   0.171  0.205   0.000    0.596      0.001    0.002   14496.0   11441.0    1.0
at_least_one_positive_image_by_area[161]   0.116  0.195   0.000    0.529      0.001    0.002   13915.0   16977.0    1.0
at_least_one_positive_image_by_area[162]   0.395  0.304   0.001    0.949      0.002    0.001   15393.0   17878.0    1.0
at_least_one_positive_image_by_area[163]   0.092  0.156   0.000    0.381      0.001    0.002   14899.0   17517.0    1.0
at_least_one_positive_image_by_area[164]   0.048  0.084   0.000    0.176      0.001    0.001   10300.0   17125.0    1.0
at_least_one_positive_image_by_area[165]   0.073  0.120   0.000    0.275      0.001    0.002   10647.0   13847.0    1.0
at_least_one_positive_image_by_area[166]   0.009  0.029   0.000    0.029      0.000    0.003   10163.0   10512.0    1.0
at_least_one_positive_image_by_area[167]   0.013  0.039   0.000    0.042      0.000    0.002   10198.0   14805.0    1.0
at_least_one_positive_image_by_area[168]   0.020  0.061   0.000    0.077      0.000    0.002   12802.0   17866.0    1.0
at_least_one_positive_image_by_area[169]   0.063  0.133   0.000    0.282      0.001    0.002   11666.0   15438.0    1.0
at_least_one_positive_image_by_area[170]   0.032  0.073   0.000    0.126      0.001    0.002   12325.0   16993.0    1.0
at_least_one_positive_image_by_area[171]   0.394  0.320   0.001    0.969      0.002    0.001   20849.0   19341.0    1.0
at_least_one_positive_image_by_area[172]   0.057  0.115   0.000    0.233      0.001    0.002   12583.0   17692.0    1.0
at_least_one_positive_image_by_area[173]   0.305  0.262   0.002    0.837      0.002    0.001   17396.0   19237.0    1.0
at_least_one_positive_image_by_area[174]   0.074  0.137   0.000    0.307      0.001    0.002   12109.0   17741.0    1.0
at_least_one_positive_image_by_area[175]   0.014  0.042   0.000    0.051      0.000    0.001   12588.0   15395.0    1.0
at_least_one_positive_image_by_area[176]   0.041  0.075   0.000    0.149      0.001    0.002   11092.0   14610.0    1.0
at_least_one_positive_image_by_area[177]   0.019  0.055   0.000    0.069      0.000    0.002   11605.0   13118.0    1.0
at_least_one_positive_image_by_area[178]   0.013  0.036   0.000    0.049      0.000    0.001   11671.0   16419.0    1.0
at_least_one_positive_image_by_area[179]   0.022  0.045   0.000    0.077      0.000    0.001   11129.0   15368.0    1.0
at_least_one_positive_image_by_area[180]   0.110  0.226   0.000    0.650      0.002    0.002   11508.0   18340.0    1.0
at_least_one_positive_image_by_area[181]   0.196  0.278   0.000    0.850      0.003    0.002    9307.0   15904.0    1.0
at_least_one_positive_image_by_area[182]   0.122  0.196   0.000    0.540      0.002    0.002   11941.0   19055.0    1.0
at_least_one_positive_image_by_area[183]   0.016  0.050   0.000    0.057      0.000    0.002    9717.0   14978.0    1.0
at_least_one_positive_image_by_area[184]   0.030  0.063   0.000    0.107      0.000    0.001   13316.0   18469.0    1.0
at_least_one_positive_image_by_area[185]   0.018  0.051   0.000    0.066      0.000    0.002   12163.0   17142.0    1.0
at_least_one_positive_image_by_area[186]   0.039  0.079   0.000    0.146      0.001    0.002    9946.0   13678.0    1.0
at_least_one_positive_image_by_area[187]   0.029  0.085   0.000    0.123      0.001    0.002   10317.0   16570.0    1.0
at_least_one_positive_image_by_area[188]   0.023  0.063   0.000    0.089      0.000    0.002   11305.0   15694.0    1.0
at_least_one_positive_image_by_area[189]   0.012  0.036   0.000    0.043      0.000    0.001   10863.0   15049.0    1.0
at_least_one_positive_image_by_area[190]   0.058  0.104   0.000    0.223      0.001    0.002    9330.0   15370.0    1.0
at_least_one_positive_image_by_area[191]   0.092  0.162   0.000    0.394      0.001    0.002   10441.0    9694.0    1.0
at_least_one_positive_image_by_area[192]   0.051  0.100   0.000    0.201      0.001    0.002   10993.0   16494.0    1.0
at_least_one_positive_image_by_area[193]   0.055  0.122   0.000    0.231      0.001    0.003   11704.0   14867.0    1.0
at_least_one_positive_image_by_area[194]   0.019  0.048   0.000    0.071      0.000    0.002   10254.0   15718.0    1.0
at_least_one_positive_image_by_area[195]   0.026  0.061   0.000    0.096      0.000    0.001   11595.0   17248.0    1.0
at_least_one_positive_image_by_area[196]   0.100  0.173   0.000    0.439      0.001    0.002    9658.0   14251.0    1.0
at_least_one_positive_image_by_area[197]   0.041  0.074   0.000    0.148      0.001    0.001   16139.0   20411.0    1.0
at_least_one_positive_image_by_area[198]   0.060  0.117   0.000    0.247      0.001    0.002    8957.0   12059.0    1.0
at_least_one_positive_image_by_area[199]   0.029  0.065   0.000    0.109      0.000    0.001   13097.0   18417.0    1.0
at_least_one_positive_image_by_area[200]   0.148  0.216   0.000    0.622      0.002    0.002   10173.0   13138.0    1.0
at_least_one_positive_image_by_area[201]   0.038  0.091   0.000    0.159      0.001    0.002   10024.0   13867.0    1.0
at_least_one_positive_image_by_area[202]   0.048  0.108   0.000    0.205      0.001    0.002   10047.0   14554.0    1.0
at_least_one_positive_image_by_area[203]   0.062  0.122   0.000    0.257      0.001    0.002    9166.0   11350.0    1.0
at_least_one_positive_image_by_area[204]   0.146  0.204   0.000    0.585      0.002    0.002   14175.0   19295.0    1.0
at_least_one_positive_image_by_area[205]   0.054  0.100   0.000    0.205      0.001    0.005   14599.0   11700.0    1.0
at_least_one_positive_image_by_area[206]   0.040  0.078   0.000    0.146      0.001    0.002   17637.0   18853.0    1.0
at_least_one_positive_image_by_area[207]   0.113  0.170   0.000    0.443      0.001    0.002   14924.0   17029.0    1.0
at_least_one_positive_image_by_area[208]   0.303  0.276   0.000    0.868      0.002    0.001   17887.0   16623.0    1.0
at_least_one_positive_image_by_area[209]   0.541  0.339   0.044    1.000      0.003    0.001   17601.0   15355.0    1.0
at_least_one_positive_image_by_area[210]   0.397  0.288   0.004    0.929      0.002    0.001   16648.0   13709.0    1.0
at_least_one_positive_image_by_area[211]   0.077  0.148   0.000    0.345      0.001    0.002   12482.0   11900.0    1.0
at_least_one_positive_image_by_area[212]   0.184  0.196   0.001    0.585      0.001    0.002   18123.0   17679.0    1.0
at_least_one_positive_image_by_area[213]   0.016  0.055   0.000    0.059      0.000    0.002   13929.0   13680.0    1.0
at_least_one_positive_image_by_area[214]   0.012  0.029   0.000    0.040      0.000    0.001   11480.0   15148.0    1.0
at_least_one_positive_image_by_area[215]   0.228  0.276   0.000    0.839      0.002    0.002   11212.0   13363.0    1.0
at_least_one_positive_image_by_area[216]   0.141  0.171   0.000    0.475      0.001    0.002   17826.0   17129.0    1.0
at_least_one_positive_image_by_area[217]   0.032  0.079   0.000    0.126      0.001    0.002   11881.0   10071.0    1.0
at_least_one_positive_image_by_area[218]   0.063  0.097   0.000    0.222      0.001    0.002   17532.0   14829.0    1.0
at_least_one_positive_image_by_area[219]   0.055  0.088   0.000    0.192      0.001    0.001   18810.0   19092.0    1.0
at_least_one_positive_image_by_area[220]   0.298  0.276   0.000    0.862      0.002    0.001   20321.0   18705.0    1.0
at_least_one_positive_image_by_area[221]   0.036  0.078   0.000    0.136      0.001    0.002   13421.0   11854.0    1.0
at_least_one_positive_image_by_area[222]   0.181  0.211   0.000    0.629      0.002    0.002   16879.0   12676.0    1.0
at_least_one_positive_image_by_area[223]   0.192  0.251   0.000    0.765      0.002    0.002   17210.0   13223.0    1.0
at_least_one_positive_image_by_area[224]   0.087  0.148   0.000    0.360      0.001    0.002   18413.0   17458.0    1.0
at_least_one_positive_image_by_area[225]   0.023  0.058   0.000    0.086      0.001    0.002   15528.0   11262.0    1.0
at_least_one_positive_image_by_area[226]   0.059  0.096   0.000    0.213      0.001    0.001   13164.0   17454.0    1.0
at_least_one_positive_image_by_area[227]   0.058  0.120   0.000    0.244      0.001    0.002   17865.0   15157.0    1.0
at_least_one_positive_image_by_area[228]   0.072  0.116   0.000    0.262      0.001    0.002   17582.0   17585.0    1.0
at_least_one_positive_image_by_area[229]   0.067  0.100   0.000    0.234      0.001    0.002   19270.0   19679.0    1.0
at_least_one_positive_image_by_area[230]   0.134  0.179   0.000    0.488      0.001    0.002   15811.0   16135.0    1.0
at_least_one_positive_image_by_area[231]   0.025  0.055   0.000    0.090      0.000    0.001   14777.0   18264.0    1.0
at_least_one_positive_image_by_area[232]   0.042  0.076   0.000    0.151      0.001    0.001   17965.0   18986.0    1.0
at_least_one_positive_image_by_area[233]   0.030  0.072   0.000    0.117      0.001    0.002   14798.0   14037.0    1.0
at_least_one_positive_image_by_area[234]   0.048  0.086   0.000    0.173      0.001    0.002   17354.0   17756.0    1.0
at_least_one_positive_image_by_area[235]   0.012  0.035   0.000    0.043      0.000    0.001   14051.0   14071.0    1.0
at_least_one_positive_image_by_area[236]   0.124  0.170   0.000    0.459      0.001    0.002   18554.0   19668.0    1.0
at_least_one_positive_image_by_area[237]   0.091  0.137   0.000    0.337      0.001    0.002   17221.0   18282.0    1.0
at_least_one_positive_image_by_area[238]   0.052  0.082   0.000    0.178      0.001    0.001   18329.0   20872.0    1.0
at_least_one_positive_image_by_area[239]   0.108  0.148   0.000    0.387      0.001    0.002   15589.0   14963.0    1.0
at_least_one_positive_image_by_area[240]   0.005  0.016   0.000    0.017      0.000    0.001   11554.0   14700.0    1.0
at_least_one_positive_image_by_area[241]   0.103  0.137   0.000    0.360      0.001    0.002   16471.0   18596.0    1.0
at_least_one_positive_image_by_area[242]   0.072  0.131   0.000    0.300      0.001    0.002   16791.0   16294.0    1.0
at_least_one_positive_image_by_area[243]   0.011  0.025   0.000    0.037      0.000    0.001   12097.0   16037.0    1.0
at_least_one_positive_image_by_area[244]   0.039  0.075   0.000    0.143      0.001    0.001   13021.0   14973.0    1.0
at_least_one_positive_image_by_area[245]   0.022  0.055   0.000    0.083      0.000    0.001   17282.0   18071.0    1.0
at_least_one_positive_image_by_area[246]   0.034  0.077   0.000    0.131      0.001    0.002   11608.0   10459.0    1.0
at_least_one_positive_image_by_area[247]   0.072  0.119   0.000    0.273      0.001    0.002   18260.0   18704.0    1.0
at_least_one_positive_image_by_area[248]   0.022  0.055   0.000    0.082      0.000    0.002   11939.0   15566.0    1.0
at_least_one_positive_image_by_area[249]   0.091  0.142   0.000    0.352      0.001    0.002   16925.0   17078.0    1.0
at_least_one_positive_image_by_area[250]   0.031  0.080   0.000    0.123      0.001    0.002   12388.0   16170.0    1.0
at_least_one_positive_image_by_area[251]   0.021  0.037   0.000    0.069      0.000    0.001   15552.0   18834.0    1.0
at_least_one_positive_image_by_area[252]   0.029  0.085   0.000    0.117      0.001    0.002   14371.0   14294.0    1.0
at_least_one_positive_image_by_area[253]   0.051  0.111   0.000    0.208      0.001    0.002   11711.0   14727.0    1.0
at_least_one_positive_image_by_area[254]   0.078  0.132   0.000    0.304      0.001    0.002   14121.0    8927.0    1.0
at_least_one_positive_image_by_area[255]   0.147  0.195   0.000    0.545      0.002    0.002   15181.0   18971.0    1.0
at_least_one_positive_image_by_area[256]   0.013  0.028   0.000    0.043      0.000    0.001   14178.0   18263.0    1.0
at_least_one_positive_image_by_area[257]   0.100  0.155   0.000    0.390      0.001    0.002   16063.0   15637.0    1.0
at_least_one_positive_image_by_area[258]   0.032  0.075   0.000    0.124      0.001    0.002   15057.0   17322.0    1.0
at_least_one_positive_image_by_area[259]   0.017  0.045   0.000    0.064      0.000    0.002   11508.0   13265.0    1.0
at_least_one_positive_image_by_area[260]   0.094  0.159   0.000    0.388      0.001    0.002   13859.0   15305.0    1.0
at_least_one_positive_image_by_area[261]   0.021  0.048   0.000    0.073      0.000    0.003   10642.0   14566.0    1.0
at_least_one_positive_image_by_area[262]   0.008  0.017   0.000    0.028      0.000    0.001   12588.0   17272.0    1.0
at_least_one_positive_image_by_area[263]   0.049  0.116   0.000    0.216      0.001    0.002   15753.0   17494.0    1.0
at_least_one_positive_image_by_area[264]   0.038  0.096   0.000    0.158      0.001    0.002   11956.0   14622.0    1.0
at_least_one_positive_image_by_area[265]   0.011  0.037   0.000    0.038      0.000    0.001   15722.0   16930.0    1.0
at_least_one_positive_image_by_area[266]   0.025  0.058   0.000    0.091      0.000    0.001   10394.0   14912.0    1.0
at_least_one_positive_image_by_area[267]   0.009  0.031   0.000    0.033      0.000    0.001   11158.0   14029.0    1.0
at_least_one_positive_image_by_area[268]   0.145  0.219   0.000    0.628      0.002    0.002   16310.0   18136.0    1.0
at_least_one_positive_image_by_area[269]   0.112  0.183   0.000    0.478      0.001    0.002   14963.0   17058.0    1.0
at_least_one_positive_image_by_area[270]   0.007  0.026   0.000    0.027      0.000    0.001   12748.0   17574.0    1.0
at_least_one_positive_image_by_area[271]   0.018  0.051   0.000    0.068      0.000    0.002   13387.0   15980.0    1.0
at_least_one_positive_image_by_area[272]   0.016  0.064   0.000    0.054      0.001    0.003   13993.0   15101.0    1.0
at_least_one_positive_image_by_area[273]   0.880  0.198   0.442    1.000      0.002    0.002   14142.0   13322.0    1.0
at_least_one_positive_image_by_area[274]   0.073  0.124   0.000    0.282      0.001    0.002   13133.0   14871.0    1.0
at_least_one_positive_image_by_area[275]   0.025  0.050   0.000    0.090      0.000    0.001   13191.0   17372.0    1.0
at_least_one_positive_image_by_area[276]   0.014  0.029   0.000    0.048      0.000    0.001   14261.0   15291.0    1.0
at_least_one_positive_image_by_area[277]   0.308  0.291   0.000    0.900      0.002    0.001   17764.0   16853.0    1.0
at_least_one_positive_image_by_area[278]   0.926  0.171   0.599    1.000      0.002    0.004   15124.0    9381.0    1.0
at_least_one_positive_image_by_area[279]   0.165  0.212   0.000    0.615      0.002    0.002   16474.0   13896.0    1.0
at_least_one_positive_image_by_area[280]   0.148  0.202   0.000    0.573      0.002    0.002   17986.0   15802.0    1.0
at_least_one_positive_image_by_area[281]   0.506  0.312   0.064    1.000      0.002    0.001   17196.0   17882.0    1.0
at_least_one_positive_image_by_area[282]   0.238  0.277   0.000    0.853      0.002    0.002   15546.0   20462.0    1.0
at_least_one_positive_image_by_area[283]   0.082  0.124   0.000    0.296      0.001    0.002   13818.0   19043.0    1.0
at_least_one_positive_image_by_area[284]   0.021  0.050   0.000    0.078      0.000    0.001   14355.0   16189.0    1.0
at_least_one_positive_image_by_area[285]   0.024  0.079   0.000    0.096      0.001    0.002   15255.0   18438.0    1.0
at_least_one_positive_image_by_area[286]   0.052  0.112   0.000    0.218      0.001    0.002   15867.0   16925.0    1.0
at_least_one_positive_image_by_area[287]   0.026  0.059   0.000    0.099      0.000    0.001   12791.0   14764.0    1.0
at_least_one_positive_image_by_area[288]   0.078  0.149   0.000    0.341      0.001    0.002   12521.0   14538.0    1.0
at_least_one_positive_image_by_area[289]   0.010  0.029   0.000    0.036      0.000    0.001   13884.0   17036.0    1.0
at_least_one_positive_image_by_area[290]   0.300  0.329   0.000    0.971      0.003    0.001   12382.0   16486.0    1.0
at_least_one_positive_image_by_area[291]   0.051  0.102   0.000    0.196      0.001    0.002   14542.0   15977.0    1.0
at_least_one_positive_image_by_area[292]   0.529  0.314   0.066    1.000      0.003    0.001   15278.0   17410.0    1.0
at_least_one_positive_image_by_area[293]   0.037  0.080   0.000    0.142      0.001    0.002   13617.0   17199.0    1.0
at_least_one_positive_image_by_area[294]   0.186  0.205   0.000    0.609      0.002    0.002   14130.0   15408.0    1.0
at_least_one_positive_image_by_area[295]   0.497  0.341   0.033    1.000      0.003    0.001   16278.0   19964.0    1.0
at_least_one_positive_image_by_area[296]   0.381  0.329   0.000    0.975      0.003    0.001   15460.0   16499.0    1.0
at_least_one_positive_image_by_area[297]   0.061  0.106   0.000    0.232      0.001    0.002   13007.0   10364.0    1.0
at_least_one_positive_image_by_area[298]   0.191  0.219   0.000    0.655      0.002    0.002   14890.0   18184.0    1.0
at_least_one_positive_image_by_area[299]   0.151  0.205   0.000    0.584      0.002    0.002   16087.0   11248.0    1.0
at_least_one_positive_image_by_area[300]   0.137  0.172   0.000    0.475      0.001    0.002   16524.0   17603.0    1.0
at_least_one_positive_image_by_area[301]   0.217  0.245   0.000    0.748      0.002    0.002   17655.0   20475.0    1.0
at_least_one_positive_image_by_area[302]   0.332  0.288   0.001    0.904      0.002    0.001   16645.0   18468.0    1.0
at_least_one_positive_image_by_area[303]   0.216  0.224   0.000    0.686      0.002    0.002   13790.0   12140.0    1.0
at_least_one_positive_image_by_area[304]   0.073  0.114   0.000    0.263      0.001    0.002   13039.0   15442.0    1.0
at_least_one_positive_image_by_area[305]   0.159  0.198   0.000    0.564      0.001    0.002   15695.0   14945.0    1.0
at_least_one_positive_image_by_area[306]   0.355  0.299   0.000    0.926      0.002    0.001   16249.0   18011.0    1.0
at_least_one_positive_image_by_area[307]   0.238  0.243   0.000    0.748      0.002    0.002   15264.0   16174.0    1.0
at_least_one_positive_image_by_area[308]   0.171  0.213   0.000    0.625      0.002    0.002   13176.0   10210.0    1.0
at_least_one_positive_image_by_area[309]   0.149  0.227   0.000    0.660      0.002    0.002   13277.0   17111.0    1.0
at_least_one_positive_image_by_area[310]   0.641  0.329   0.073    1.000      0.003    0.001   14824.0   15593.0    1.0
at_least_one_positive_image_by_area[311]   0.244  0.251   0.000    0.775      0.002    0.002   12864.0   16819.0    1.0
at_least_one_positive_image_by_area[312]   0.404  0.302   0.003    0.952      0.003    0.001   12764.0   14655.0    1.0
at_least_one_positive_image_by_area[313]   0.074  0.124   0.000    0.283      0.001    0.002   13942.0   14244.0    1.0
at_least_one_positive_image_by_area[314]   0.351  0.294   0.001    0.916      0.002    0.001   14656.0   15140.0    1.0
at_least_one_positive_image_by_area[315]   0.163  0.205   0.000    0.590      0.002    0.002   14633.0   15172.0    1.0
at_least_one_positive_image_by_area[316]   0.087  0.143   0.000    0.346      0.001    0.002   10806.0   15035.0    1.0
at_least_one_positive_image_by_area[317]   0.052  0.096   0.000    0.198      0.001    0.002   13173.0   19340.0    1.0
at_least_one_positive_image_by_area[318]   0.138  0.202   0.000    0.564      0.002    0.002   15693.0   17446.0    1.0
at_least_one_positive_image_by_area[319]   0.026  0.064   0.000    0.098      0.001    0.005   10722.0   13313.0    1.0
at_least_one_positive_image_by_area[320]   0.073  0.124   0.000    0.283      0.001    0.002   13809.0   13573.0    1.0
at_least_one_positive_image_by_area[321]   0.075  0.104   0.000    0.249      0.001    0.001   15746.0   16203.0    1.0
at_least_one_positive_image_by_area[322]   0.064  0.122   0.000    0.263      0.001    0.002   13202.0   14007.0    1.0
at_least_one_positive_image_by_area[323]   0.232  0.250   0.000    0.772      0.002    0.002   15757.0   17405.0    1.0
at_least_one_positive_image_by_area[324]   0.103  0.141   0.000    0.366      0.001    0.002   16659.0   18790.0    1.0
at_least_one_positive_image_by_area[325]   0.032  0.072   0.000    0.119      0.001    0.002   12279.0   13680.0    1.0
at_least_one_positive_image_by_area[326]   0.014  0.036   0.000    0.050      0.000    0.001    9941.0   15403.0    1.0
at_least_one_positive_image_by_area[327]   0.141  0.185   0.000    0.518      0.002    0.002   14573.0   14807.0    1.0
at_least_one_positive_image_by_area[328]   0.253  0.336   0.000    0.968      0.003    0.002    9642.0   16234.0    1.0
at_least_one_positive_image_by_area[329]   0.059  0.129   0.000    0.262      0.001    0.002   11636.0   13326.0    1.0
at_least_one_positive_image_by_area[330]   0.081  0.135   0.000    0.320      0.001    0.002   14522.0   12661.0    1.0
at_least_one_positive_image_by_area[331]   0.081  0.152   0.000    0.358      0.001    0.002   10264.0   13662.0    1.0
at_least_one_positive_image_by_area[332]   0.202  0.251   0.000    0.761      0.002    0.002   16714.0   14922.0    1.0
at_least_one_positive_image_by_area[333]   0.077  0.134   0.000    0.318      0.001    0.002   10690.0   14091.0    1.0
at_least_one_positive_image_by_area[334]   0.080  0.162   0.000    0.376      0.001    0.002   13461.0   16875.0    1.0
at_least_one_positive_image_by_area[335]   0.034  0.103   0.000    0.147      0.001    0.002   14114.0   12143.0    1.0
at_least_one_positive_image_by_area[336]   0.054  0.126   0.000    0.242      0.001    0.003   11847.0   13205.0    1.0
at_least_one_positive_image_by_area[337]   0.132  0.212   0.000    0.600      0.002    0.002   13598.0   17418.0    1.0
at_least_one_positive_image_by_area[338]   0.120  0.206   0.000    0.566      0.002    0.003   17521.0   14188.0    1.0
at_least_one_positive_image_by_area[339]   0.098  0.167   0.000    0.416      0.002    0.003   14724.0   13944.0    1.0
at_least_one_positive_image_by_area[340]   0.212  0.237   0.000    0.717      0.002    0.002   13380.0   13554.0    1.0
at_least_one_positive_image_by_area[341]   0.100  0.159   0.000    0.405      0.001    0.002   11343.0   13052.0    1.0
at_least_one_positive_image_by_area[342]   0.084  0.135   0.000    0.321      0.001    0.002   14314.0   15180.0    1.0
at_least_one_positive_image_by_area[343]   0.099  0.177   0.000    0.442      0.001    0.002   15502.0   17682.0    1.0
at_least_one_positive_image_by_area[344]   0.150  0.224   0.000    0.659      0.002    0.002   15551.0   15455.0    1.0
at_least_one_positive_image_by_area[345]   0.357  0.306   0.000    0.942      0.002    0.001   17580.0   15742.0    1.0
at_least_one_positive_image_by_area[346]   1.000  0.000   1.000    1.000      0.000      NaN   40000.0   40000.0    NaN
at_least_one_positive_image_by_area[347]   0.238  0.257   0.000    0.793      0.002    0.002   16733.0   18019.0    1.0
at_least_one_positive_image_by_area[348]   0.057  0.120   0.000    0.240      0.001    0.002   15394.0   15478.0    1.0
at_least_one_positive_image_by_area[349]   0.111  0.157   0.000    0.412      0.001    0.002   14380.0   17927.0    1.0
at_least_one_positive_image_by_area[350]   0.078  0.129   0.000    0.299      0.001    0.002   17671.0   16504.0    1.0
at_least_one_positive_image_by_area[351]   0.153  0.196   0.000    0.556      0.001    0.002   17034.0   17118.0    1.0
at_least_one_positive_image_by_area[352]   0.050  0.094   0.000    0.192      0.001    0.002   16053.0   18343.0    1.0
at_least_one_positive_image_by_area[353]   0.105  0.161   0.000    0.407      0.001    0.002   15351.0   17493.0    1.0
at_least_one_positive_image_by_area[354]   0.028  0.068   0.000    0.107      0.000    0.002   15273.0   12879.0    1.0
at_least_one_positive_image_by_area[355]   0.096  0.149   0.000    0.368      0.001    0.002   16614.0   16287.0    1.0
at_least_one_positive_image_by_area[356]   0.261  0.264   0.000    0.823      0.002    0.002   19711.0   19052.0    1.0
at_least_one_positive_image_by_area[357]   0.217  0.236   0.000    0.724      0.002    0.001   19347.0   19345.0    1.0
at_least_one_positive_image_by_area[358]   0.125  0.182   0.000    0.489      0.001    0.002   17379.0   20183.0    1.0
at_least_one_positive_image_by_area[359]   0.094  0.149   0.000    0.366      0.001    0.002   16686.0   19195.0    1.0
at_least_one_positive_image_by_area[360]   0.076  0.126   0.000    0.289      0.001    0.002   14046.0   16194.0    1.0
at_least_one_positive_image_by_area[361]   0.075  0.133   0.000    0.303      0.001    0.002   16996.0   16701.0    1.0
at_least_one_positive_image_by_area[362]   0.060  0.117   0.000    0.241      0.001    0.002   12702.0   12713.0    1.0
at_least_one_positive_image_by_area[363]   0.735  0.308   0.132    1.000      0.003    0.002   13829.0   14412.0    1.0
at_least_one_positive_image_by_area[364]   0.014  0.037   0.000    0.052      0.000    0.001   11298.0   10015.0    1.0
at_least_one_positive_image_by_area[365]   0.058  0.098   0.000    0.208      0.001    0.002   14631.0   15917.0    1.0
at_least_one_positive_image_by_area[366]   0.106  0.160   0.000    0.410      0.001    0.002   15920.0   19812.0    1.0
at_least_one_positive_image_by_area[367]   0.287  0.318   0.000    0.963      0.003    0.002   14262.0   12571.0    1.0
at_least_one_positive_image_by_area[368]   0.175  0.204   0.000    0.599      0.002    0.002   14048.0   16043.0    1.0
at_least_one_positive_image_by_area[369]   0.042  0.100   0.000    0.180      0.001    0.002   12834.0   14387.0    1.0
at_least_one_positive_image_by_area[370]   0.034  0.069   0.000    0.127      0.001    0.002   10805.0   15430.0    1.0
at_least_one_positive_image_by_area[371]   0.028  0.076   0.000    0.109      0.001    0.002   12230.0   13696.0    1.0
at_least_one_positive_image_by_area[372]   0.022  0.070   0.000    0.087      0.001    0.002   16295.0   16909.0    1.0
at_least_one_positive_image_by_area[373]   0.085  0.151   0.000    0.358      0.001    0.002   12157.0   16880.0    1.0
at_least_one_positive_image_by_area[374]   0.477  0.335   0.034    1.000      0.003    0.001   15231.0   15097.0    1.0
at_least_one_positive_image_by_area[375]   0.064  0.110   0.000    0.241      0.001    0.003   10228.0    8677.0    1.0
at_least_one_positive_image_by_area[376]   0.105  0.163   0.000    0.422      0.001    0.002   12139.0   13552.0    1.0
at_least_one_positive_image_by_area[377]   0.032  0.079   0.000    0.122      0.001    0.003   12274.0   15195.0    1.0
at_least_one_positive_image_by_area[378]   0.249  0.242   0.000    0.752      0.002    0.002   11147.0    9722.0    1.0
at_least_one_positive_image_by_area[379]   1.000  0.000   1.000    1.000      0.000      NaN   40000.0   40000.0    NaN
at_least_one_positive_image_by_area[380]   0.050  0.087   0.000    0.180      0.001    0.002   11960.0   15548.0    1.0
at_least_one_positive_image_by_area[381]   0.013  0.032   0.000    0.046      0.000    0.001   11092.0   15922.0    1.0
at_least_one_positive_image_by_area[382]   0.112  0.169   0.000    0.448      0.001    0.002   11722.0   15707.0    1.0
at_least_one_positive_image_by_area[383]   0.241  0.252   0.000    0.781      0.002    0.002   11680.0   15903.0    1.0
at_least_one_positive_image_by_area[384]   0.028  0.062   0.000    0.102      0.001    0.002   12229.0   16798.0    1.0
at_least_one_positive_image_by_area[385]   0.167  0.213   0.000    0.623      0.002    0.002   13358.0   16745.0    1.0
at_least_one_positive_image_by_area[386]   0.069  0.141   0.000    0.289      0.001    0.002   12933.0   14804.0    1.0
at_least_one_positive_image_by_area[387]   0.013  0.033   0.000    0.045      0.000    0.001   11363.0   16792.0    1.0
at_least_one_positive_image_by_area[388]   0.051  0.106   0.000    0.207      0.001    0.002   14218.0   19143.0    1.0
at_least_one_positive_image_by_area[389]   0.078  0.129   0.000    0.300      0.001    0.002   14754.0   16808.0    1.0
at_least_one_positive_image_by_area[390]   0.012  0.038   0.000    0.043      0.000    0.002   12473.0   15834.0    1.0
at_least_one_positive_image_by_area[391]   0.224  0.263   0.000    0.805      0.002    0.002   17030.0   15811.0    1.0
at_least_one_positive_image_by_area[392]   0.070  0.139   0.000    0.305      0.001    0.002   12438.0   16399.0    1.0
at_least_one_positive_image_by_area[393]   0.157  0.192   0.000    0.548      0.001    0.002   12991.0   15680.0    1.0
at_least_one_positive_image_by_area[394]   0.284  0.268   0.000    0.838      0.002    0.001   12255.0   15284.0    1.0
at_least_one_positive_image_by_area[395]   0.041  0.097   0.000    0.166      0.001    0.002   11930.0   13396.0    1.0
at_least_one_positive_image_by_area[396]   0.509  0.415   0.003    1.000      0.005    0.001    8232.0   15969.0    1.0
at_least_one_positive_image_by_area[397]   0.340  0.338   0.000    0.976      0.003    0.001   10308.0   14679.0    1.0
at_least_one_positive_image_by_area[398]   0.186  0.227   0.000    0.676      0.002    0.002   11571.0   16254.0    1.0
at_least_one_positive_image_by_area[399]   0.132  0.211   0.000    0.594      0.002    0.002   13471.0   16613.0    1.0
at_least_one_positive_image_by_area[400]   0.124  0.176   0.000    0.475      0.001    0.002   12834.0   15096.0    1.0
at_least_one_positive_image_by_area[401]   0.210  0.233   0.000    0.711      0.002    0.002   12382.0   14971.0    1.0
at_least_one_positive_image_by_area[402]   0.088  0.168   0.000    0.402      0.002    0.003   11118.0   11618.0    1.0
at_least_one_positive_image_by_area[403]   0.041  0.073   0.000    0.148      0.001    0.002   13847.0   17735.0    1.0
at_least_one_positive_image_by_area[404]   0.045  0.091   0.000    0.176      0.001    0.002   10801.0   17223.0    1.0
at_least_one_positive_image_by_area[405]   0.062  0.111   0.000    0.241      0.001    0.002   15207.0   18507.0    1.0
at_least_one_positive_image_by_area[406]   0.111  0.172   0.000    0.445      0.001    0.002   11779.0   15094.0    1.0
at_least_one_positive_image_by_area[407]   0.038  0.082   0.000    0.145      0.001    0.002   14755.0   19706.0    1.0
at_least_one_positive_image_by_area[408]   0.007  0.021   0.000    0.026      0.000    0.001   11028.0   19269.0    1.0
at_least_one_positive_image_by_area[409]   0.030  0.068   0.000    0.115      0.001    0.002   12394.0   17701.0    1.0
at_least_one_positive_image_by_area[410]   0.019  0.058   0.000    0.072      0.001    0.002   11166.0   17763.0    1.0
at_least_one_positive_image_by_area[411]   0.027  0.054   0.000    0.095      0.000    0.001   11876.0   15629.0    1.0
at_least_one_positive_image_by_area[412]   0.015  0.047   0.000    0.053      0.000    0.002   11551.0   18373.0    1.0
at_least_one_positive_image_by_area[413]   0.045  0.091   0.000    0.176      0.001    0.002   13649.0   14347.0    1.0
at_least_one_positive_image_by_area[414]   0.043  0.090   0.000    0.165      0.001    0.002   12485.0   10775.0    1.0
at_least_one_positive_image_by_area[415]   0.074  0.127   0.000    0.281      0.001    0.002   13121.0   17886.0    1.0
at_least_one_positive_image_by_area[416]   0.064  0.119   0.000    0.259      0.001    0.002   13244.0   16036.0    1.0
at_least_one_positive_image_by_area[417]   0.034  0.079   0.000    0.131      0.001    0.002   14963.0   19041.0    1.0
at_least_one_positive_image_by_area[418]   0.045  0.090   0.000    0.166      0.001    0.003   15708.0   16310.0    1.0
at_least_one_positive_image_by_area[419]   0.081  0.133   0.000    0.314      0.001    0.002   16054.0   11583.0    1.0
at_least_one_positive_image_by_area[420]   0.070  0.135   0.000    0.295      0.001    0.002   11079.0   13735.0    1.0
at_least_one_positive_image_by_area[421]   0.083  0.126   0.000    0.302      0.001    0.002   17334.0   20685.0    1.0
at_least_one_positive_image_by_area[422]   0.065  0.120   0.000    0.257      0.001    0.003   14588.0   11820.0    1.0
at_least_one_positive_image_by_area[423]   0.023  0.058   0.000    0.085      0.000    0.002   13021.0   12389.0    1.0
at_least_one_positive_image_by_area[424]   0.077  0.140   0.000    0.319      0.001    0.002   17816.0   18226.0    1.0
at_least_one_positive_image_by_area[425]   0.211  0.223   0.000    0.678      0.002    0.002   11401.0    9825.0    1.0
at_least_one_positive_image_by_area[426]   0.069  0.120   0.000    0.265      0.001    0.002   15234.0   16053.0    1.0
at_least_one_positive_image_by_area[427]   0.074  0.128   0.000    0.289      0.001    0.002   13541.0   10565.0    1.0
at_least_one_positive_image_by_area[428]   0.008  0.023   0.000    0.027      0.000    0.001   12259.0   10645.0    1.0
at_least_one_positive_image_by_area[429]   0.016  0.045   0.000    0.059      0.000    0.002   12846.0    8606.0    1.0
at_least_one_positive_image_by_area[430]   0.086  0.129   0.000    0.313      0.001    0.002   12978.0   16723.0    1.0
at_least_one_positive_image_by_area[431]   0.189  0.235   0.000    0.705      0.002    0.002   15709.0   21183.0    1.0
at_least_one_positive_image_by_area[432]   0.083  0.146   0.000    0.345      0.001    0.002   12980.0   13993.0    1.0
at_least_one_positive_image_by_area[433]   0.069  0.146   0.000    0.309      0.001    0.002   11709.0   17258.0    1.0
at_least_one_positive_image_by_area[434]   0.131  0.178   0.000    0.492      0.001    0.002   13896.0   16455.0    1.0
at_least_one_positive_image_by_area[435]   0.104  0.158   0.000    0.405      0.001    0.002   11404.0   14930.0    1.0
at_least_one_positive_image_by_area[436]   0.047  0.097   0.000    0.190      0.001    0.002   11645.0   14080.0    1.0
at_least_one_positive_image_by_area[437]   0.090  0.166   0.000    0.405      0.001    0.002   15379.0   12879.0    1.0
at_least_one_positive_image_by_area[438]   0.134  0.201   0.000    0.560      0.002    0.002   12802.0   11625.0    1.0
at_least_one_positive_image_by_area[439]   0.118  0.174   0.000    0.464      0.001    0.002   11650.0   17307.0    1.0
at_least_one_positive_image_by_area[440]   0.082  0.139   0.000    0.321      0.001    0.003   14100.0   16655.0    1.0
at_least_one_positive_image_by_area[441]   0.057  0.116   0.000    0.241      0.001    0.002   12607.0   16878.0    1.0
at_least_one_positive_image_by_area[442]   0.039  0.099   0.000    0.157      0.001    0.002   12211.0   17939.0    1.0
at_least_one_positive_image_by_area[443]   0.042  0.098   0.000    0.172      0.001    0.002   11753.0   17898.0    1.0
at_least_one_positive_image_by_area[444]   0.048  0.100   0.000    0.190      0.001    0.002   11725.0   13158.0    1.0
at_least_one_positive_image_by_area[445]   0.019  0.045   0.000    0.070      0.000    0.001   11697.0   19239.0    1.0
at_least_one_positive_image_by_area[446]   0.085  0.156   0.000    0.369      0.001    0.002   12147.0   10873.0    1.0
at_least_one_positive_image_by_area[447]   0.027  0.080   0.000    0.101      0.001    0.002   12393.0   10737.0    1.0
at_least_one_positive_image_by_area[448]   0.134  0.188   0.000    0.521      0.002    0.002   13659.0   15211.0    1.0
at_least_one_positive_image_by_area[449]   0.234  0.271   0.000    0.828      0.002    0.002   12683.0   13838.0    1.0
at_least_one_positive_image_by_area[450]   0.010  0.036   0.000    0.036      0.000    0.001   13306.0   17985.0    1.0
at_least_one_positive_image_by_area[451]   0.024  0.059   0.000    0.090      0.000    0.001   12476.0   13144.0    1.0
at_least_one_positive_image_by_area[452]   0.025  0.064   0.000    0.095      0.001    0.002   11325.0   17156.0    1.0
at_least_one_positive_image_by_area[453]   0.112  0.169   0.000    0.438      0.001    0.002   12931.0   15908.0    1.0
at_least_one_positive_image_by_area[454]   0.045  0.098   0.000    0.178      0.001    0.002   11569.0   16009.0    1.0
at_least_one_positive_image_by_area[455]   0.046  0.111   0.000    0.202      0.001    0.003   10611.0   15275.0    1.0
at_least_one_positive_image_by_area[456]   0.010  0.033   0.000    0.036      0.000    0.002    9946.0   14062.0    1.0
at_least_one_positive_image_by_area[457]   0.023  0.053   0.000    0.084      0.000    0.001   10228.0   17448.0    1.0
at_least_one_positive_image_by_area[458]   0.042  0.120   0.000    0.184      0.001    0.003   10163.0   10723.0    1.0
at_least_one_positive_image_by_area[459]   0.030  0.074   0.000    0.117      0.001    0.002   11013.0   14387.0    1.0
at_least_one_positive_image_by_area[460]   0.013  0.036   0.000    0.046      0.000    0.001   10103.0   10938.0    1.0
at_least_one_positive_image_by_area[461]   0.029  0.065   0.000    0.108      0.001    0.002   10127.0   12930.0    1.0
at_least_one_positive_image_by_area[462]   0.010  0.033   0.000    0.034      0.000    0.002   11181.0   12889.0    1.0
at_least_one_positive_image_by_area[463]   0.006  0.017   0.000    0.020      0.000    0.001   10357.0   16323.0    1.0
at_least_one_positive_image_by_area[464]   0.003  0.009   0.000    0.009      0.000    0.001   10569.0   16188.0    1.0
at_least_one_positive_image_by_area[465]   0.015  0.046   0.000    0.054      0.000    0.002   12406.0   11067.0    1.0
at_least_one_positive_image_by_area[466]   0.139  0.212   0.000    0.602      0.002    0.002   14581.0   19400.0    1.0
at_least_one_positive_image_by_area[467]   0.005  0.013   0.000    0.016      0.000    0.001   13619.0   13343.0    1.0
at_least_one_positive_image_by_area[468]   0.138  0.190   0.000    0.528      0.002    0.002   11826.0   16156.0    1.0
at_least_one_positive_image_by_area[469]   0.066  0.119   0.000    0.257      0.001    0.003   12723.0   13488.0    1.0
at_least_one_positive_image_by_area[470]   0.018  0.053   0.000    0.068      0.000    0.002   15283.0   14489.0    1.0
at_least_one_positive_image_by_area[471]   0.318  0.282   0.000    0.889      0.002    0.001   16041.0   18075.0    1.0
at_least_one_positive_image_by_area[472]   0.266  0.254   0.000    0.797      0.002    0.001   16910.0   19936.0    1.0
at_least_one_positive_image_by_area[473]   0.025  0.048   0.000    0.091      0.000    0.001   16395.0   15417.0    1.0
at_least_one_positive_image_by_area[474]   0.058  0.101   0.000    0.217      0.001    0.002   17769.0   17778.0    1.0
at_least_one_positive_image_by_area[475]   0.274  0.259   0.001    0.813      0.002    0.001   18082.0   20139.0    1.0
at_least_one_positive_image_by_area[476]   0.413  0.291   0.008    0.942      0.002    0.001   15293.0   18122.0    1.0
at_least_one_positive_image_by_area[477]   0.104  0.158   0.000    0.408      0.001    0.002   15880.0   16749.0    1.0
at_least_one_positive_image_by_area[478]   0.185  0.238   0.000    0.717      0.002    0.002   18413.0   19979.0    1.0
at_least_one_positive_image_by_area[479]   0.123  0.214   0.000    0.599      0.002    0.003   11013.0   16874.0    1.0
at_least_one_positive_image_by_area[480]   0.060  0.120   0.000    0.250      0.001    0.002   10470.0   14947.0    1.0
at_least_one_positive_image_by_area[481]   0.070  0.125   0.000    0.281      0.001    0.002   14921.0   17900.0    1.0
at_least_one_positive_image_by_area[482]   0.056  0.116   0.000    0.231      0.001    0.002   19260.0   20573.0    1.0
at_least_one_positive_image_by_area[483]   1.000  0.000   1.000    1.000      0.000      NaN   40000.0   40000.0    NaN
at_least_one_positive_image_by_area[484]   0.044  0.079   0.000    0.159      0.001    0.001   16213.0   12839.0    1.0
at_least_one_positive_image_by_area[485]   0.017  0.040   0.000    0.063      0.000    0.001   12524.0    8515.0    1.0
at_least_one_positive_image_by_area[486]   0.018  0.057   0.000    0.065      0.000    0.002   13615.0   16457.0    1.0
at_least_one_positive_image_by_area[487]   0.069  0.139   0.000    0.306      0.001    0.002   14225.0   18861.0    1.0
at_least_one_positive_image_by_area[488]   0.587  0.338   0.055    1.000      0.003    0.001   14920.0   11737.0    1.0
at_least_one_positive_image_by_area[489]   0.092  0.142   0.000    0.349      0.001    0.002   15087.0   18705.0    1.0
at_least_one_positive_image_by_area[490]   0.070  0.109   0.000    0.252      0.001    0.002   16376.0   15811.0    1.0
at_least_one_positive_image_by_area[491]   0.073  0.124   0.000    0.284      0.001    0.002   20007.0   19211.0    1.0
at_least_one_positive_image_by_area[492]   0.152  0.209   0.000    0.604      0.002    0.002   15819.0   17425.0    1.0
at_least_one_positive_image_by_area[493]   0.233  0.278   0.000    0.860      0.002    0.002   16764.0   18782.0    1.0
at_least_one_positive_image_by_area[494]   0.042  0.089   0.000    0.159      0.001    0.002   11484.0   11445.0    1.0
at_least_one_positive_image_by_area[495]   0.034  0.082   0.000    0.136      0.001    0.002   12636.0   17930.0    1.0
at_least_one_positive_image_by_area[496]   0.042  0.081   0.000    0.158      0.001    0.002   11882.0   14059.0    1.0
at_least_one_positive_image_by_area[497]   0.164  0.219   0.000    0.642      0.002    0.002   15277.0    9381.0    1.0
at_least_one_positive_image_by_area[498]   0.037  0.063   0.000    0.127      0.000    0.001   14754.0   18499.0    1.0
at_least_one_positive_image_by_area[499]   0.047  0.092   0.000    0.179      0.001    0.002   10928.0   11517.0    1.0
at_least_one_positive_image_by_area[500]   0.023  0.057   0.000    0.085      0.001    0.002   13391.0   14674.0    1.0
at_least_one_positive_image_by_area[501]   0.018  0.049   0.000    0.067      0.000    0.002   12171.0   18480.0    1.0
at_least_one_positive_image_by_area[502]   0.024  0.057   0.000    0.090      0.000    0.001   13182.0   12490.0    1.0
at_least_one_positive_image_by_area[503]   0.019  0.048   0.000    0.070      0.000    0.001   12056.0   12424.0    1.0
at_least_one_positive_image_by_area[504]   0.005  0.018   0.000    0.018      0.000    0.001   10724.0   16040.0    1.0
at_least_one_positive_image_by_area[505]   0.080  0.136   0.000    0.312      0.001    0.002   13133.0   12199.0    1.0
at_least_one_positive_image_by_area[506]   0.075  0.124   0.000    0.282      0.001    0.002   15140.0   17542.0    1.0
at_least_one_positive_image_by_area[507]   0.039  0.086   0.000    0.153      0.001    0.002   10918.0   12607.0    1.0
at_least_one_positive_image_by_area[508]   0.066  0.102   0.000    0.235      0.001    0.002   10563.0   15886.0    1.0
at_least_one_positive_image_by_area[509]   0.062  0.116   0.000    0.247      0.001    0.002   13866.0   19221.0    1.0
at_least_one_positive_image_by_area[510]   0.031  0.077   0.000    0.122      0.001    0.002   12251.0   15782.0    1.0
at_least_one_positive_image_by_area[511]   0.046  0.100   0.000    0.186      0.001    0.002   12563.0    9129.0    1.0
at_least_one_positive_image_by_area[512]   0.026  0.069   0.000    0.101      0.001    0.002   13350.0   19277.0    1.0
at_least_one_positive_image_by_area[513]   0.037  0.078   0.000    0.140      0.001    0.002   12541.0   17731.0    1.0
at_least_one_positive_image_by_area[514]   0.035  0.072   0.000    0.131      0.001    0.002   14228.0   18346.0    1.0
at_least_one_positive_image_by_area[515]   0.046  0.097   0.000    0.182      0.001    0.002   12956.0   18469.0    1.0
at_least_one_positive_image_by_area[516]   0.502  0.339   0.029    1.000      0.003    0.001   14666.0   17530.0    1.0
at_least_one_positive_image_by_area[517]   0.014  0.037   0.000    0.051      0.000    0.001   12801.0   13424.0    1.0
at_least_one_positive_image_by_area[518]   0.118  0.174   0.000    0.461      0.001    0.002   14656.0   19662.0    1.0
at_least_one_positive_image_by_area[519]   0.117  0.177   0.000    0.472      0.001    0.002   15260.0   16327.0    1.0
at_least_one_positive_image_by_area[520]   0.134  0.199   0.000    0.553      0.002    0.002   16301.0   17347.0    1.0
at_least_one_positive_image_by_area[521]   0.040  0.094   0.000    0.163      0.001    0.002   11590.0   14223.0    1.0
at_least_one_positive_image_by_area[522]   0.060  0.121   0.000    0.242      0.001    0.003   12841.0   13153.0    1.0
at_least_one_positive_image_by_area[523]   0.107  0.165   0.000    0.424      0.001    0.002   18100.0   19546.0    1.0
at_least_one_positive_image_by_area[524]   0.020  0.040   0.000    0.071      0.000    0.001   15033.0   16888.0    1.0
at_least_one_positive_image_by_area[525]   0.051  0.101   0.000    0.203      0.001    0.002   12528.0   18372.0    1.0
at_least_one_positive_image_by_area[526]   0.018  0.044   0.000    0.062      0.000    0.002   19990.0   19784.0    1.0
at_least_one_positive_image_by_area[527]   0.102  0.142   0.000    0.368      0.001    0.002   15721.0   13585.0    1.0
at_least_one_positive_image_by_area[528]   0.003  0.008   0.000    0.009      0.000    0.000   13753.0   18568.0    1.0
at_least_one_positive_image_by_area[529]   0.085  0.150   0.000    0.359      0.001    0.002   17078.0   18037.0    1.0
at_least_one_positive_image_by_area[530]   1.000  0.000   1.000    1.000      0.000      NaN   40000.0   40000.0    NaN
at_least_one_positive_image_by_area[531]   0.028  0.076   0.000    0.111      0.001    0.002   15863.0   14866.0    1.0
at_least_one_positive_image_by_area[532]   0.051  0.103   0.000    0.201      0.001    0.002   12235.0   16524.0    1.0
at_least_one_positive_image_by_area[533]   0.022  0.053   0.000    0.079      0.000    0.001   12020.0    8115.0    1.0
at_least_one_positive_image_by_area[534]   0.045  0.088   0.000    0.168      0.001    0.002   13592.0   17314.0    1.0
at_least_one_positive_image_by_area[535]   0.068  0.113   0.000    0.249      0.001    0.002   17579.0   15873.0    1.0
at_least_one_positive_image_by_area[536]   0.015  0.039   0.000    0.053      0.000    0.001   13775.0   14990.0    1.0
at_least_one_positive_image_by_area[537]   0.212  0.230   0.000    0.700      0.002    0.002   17030.0   19802.0    1.0
at_least_one_positive_image_by_area[538]   0.044  0.088   0.000    0.165      0.001    0.002   14317.0   16778.0    1.0
at_least_one_positive_image_by_area[539]   0.039  0.088   0.000    0.157      0.001    0.002   12397.0   13678.0    1.0
at_least_one_positive_image_by_area[540]   0.043  0.088   0.000    0.167      0.001    0.002   15261.0   11157.0    1.0
at_least_one_positive_image_by_area[541]   0.003  0.008   0.000    0.009      0.000    0.001   14210.0   12613.0    1.0
at_least_one_positive_image_by_area[542]   0.070  0.130   0.000    0.284      0.001    0.002   15452.0   16342.0    1.0
at_least_one_positive_image_by_area[543]   0.040  0.100   0.000    0.167      0.001    0.002   18375.0   17765.0    1.0
at_least_one_positive_image_by_area[544]   0.042  0.077   0.000    0.151      0.001    0.003   15700.0   19134.0    1.0
at_least_one_positive_image_by_area[545]   0.053  0.083   0.000    0.184      0.001    0.001   12913.0   10669.0    1.0
at_least_one_positive_image_by_area[546]   0.112  0.152   0.000    0.404      0.001    0.002   17640.0   17780.0    1.0
at_least_one_positive_image_by_area[547]   0.072  0.115   0.000    0.268      0.001    0.002   11975.0   10448.0    1.0
at_least_one_positive_image_by_area[548]   0.268  0.252   0.001    0.791      0.002    0.001   16656.0   16825.0    1.0
at_least_one_positive_image_by_area[549]   0.080  0.156   0.000    0.367      0.001    0.002   14232.0   16012.0    1.0
at_least_one_positive_image_by_area[550]   0.104  0.149   0.000    0.388      0.001    0.002   16264.0   17449.0    1.0
at_least_one_positive_image_by_area[551]   0.031  0.080   0.000    0.119      0.001    0.003   17260.0   16570.0    1.0
at_least_one_positive_image_by_area[552]   0.013  0.033   0.000    0.045      0.000    0.001   16489.0   19098.0    1.0
at_least_one_positive_image_by_area[553]   0.080  0.146   0.000    0.340      0.001    0.002   18167.0   20328.0    1.0
at_least_one_positive_image_by_area[554]   0.030  0.075   0.000    0.117      0.001    0.002   15370.0   18052.0    1.0
at_least_one_positive_image_by_area[555]   0.025  0.059   0.000    0.091      0.000    0.001   18869.0   22031.0    1.0
at_least_one_positive_image_by_area[556]   0.085  0.138   0.000    0.336      0.001    0.002   16219.0   15835.0    1.0
at_least_one_positive_image_by_area[557]   0.063  0.111   0.000    0.239      0.001    0.002   16591.0   18260.0    1.0
at_least_one_positive_image_by_area[558]   0.214  0.229   0.000    0.700      0.002    0.002   18098.0   18832.0    1.0
at_least_one_positive_image_by_area[559]   0.205  0.223   0.000    0.676      0.002    0.002   16268.0   12337.0    1.0
at_least_one_positive_image_by_area[560]   0.120  0.171   0.000    0.456      0.001    0.002   16644.0   19273.0    1.0
at_least_one_positive_image_by_area[561]   0.349  0.277   0.003    0.889      0.002    0.001   18748.0   19310.0    1.0
at_least_one_positive_image_by_area[562]   1.000  0.000   1.000    1.000      0.000      NaN   40000.0   40000.0    NaN
at_least_one_positive_image_by_area[563]   0.051  0.089   0.000    0.186      0.001    0.001   16761.0   18236.0    1.0
at_least_one_positive_image_by_area[564]   0.102  0.139   0.000    0.352      0.001    0.002   16009.0   14098.0    1.0
at_least_one_positive_image_by_area[565]   0.083  0.116   0.000    0.280      0.001    0.002   15344.0   13548.0    1.0
at_least_one_positive_image_by_area[566]   0.041  0.067   0.000    0.141      0.001    0.001   15958.0   16887.0    1.0
at_least_one_positive_image_by_area[567]   0.057  0.105   0.000    0.219      0.001    0.002   13889.0   14285.0    1.0
at_least_one_positive_image_by_area[568]   0.128  0.172   0.000    0.470      0.001    0.002   16692.0   13479.0    1.0
at_least_one_positive_image_by_area[569]   0.307  0.284   0.001    0.884      0.002    0.001   16308.0   16732.0    1.0
at_least_one_positive_image_by_area[570]   0.093  0.144   0.000    0.358      0.001    0.002   18450.0   11535.0    1.0
at_least_one_positive_image_by_area[571]   0.029  0.058   0.000    0.103      0.000    0.001   15790.0   20125.0    1.0
at_least_one_positive_image_by_area[572]   0.027  0.060   0.000    0.100      0.000    0.001   17761.0   16848.0    1.0
at_least_one_positive_image_by_area[573]   0.109  0.183   0.000    0.483      0.001    0.002   18118.0   19205.0    1.0
at_least_one_positive_image_by_area[574]   0.601  0.322   0.083    1.000      0.003    0.001   16501.0   17780.0    1.0
at_least_one_positive_image_by_area[575]   0.486  0.304   0.066    1.000      0.002    0.001   17831.0   17039.0    1.0
at_least_one_positive_image_by_area[576]   0.079  0.094   0.000    0.241      0.001    0.001   16165.0   19967.0    1.0
at_least_one_positive_image_by_area[577]   0.248  0.260   0.000    0.805      0.002    0.001   16263.0   16535.0    1.0
at_least_one_positive_image_by_area[578]   0.122  0.174   0.000    0.469      0.001    0.002   15853.0   16310.0    1.0
at_least_one_positive_image_by_area[579]   0.291  0.310   0.000    0.930      0.002    0.001   14516.0   16910.0    1.0
at_least_one_positive_image_by_area[580]   0.251  0.261   0.000    0.810      0.002    0.001   17442.0   17124.0    1.0
at_least_one_positive_image_by_area[581]   0.267  0.265   0.000    0.829      0.002    0.001   18040.0   19104.0    1.0
at_least_one_positive_image_by_area[582]   0.064  0.127   0.000    0.267      0.001    0.003   14466.0   14839.0    1.0
at_least_one_positive_image_by_area[583]   0.112  0.163   0.000    0.425      0.001    0.002   16175.0   18037.0    1.0
at_least_one_positive_image_by_area[584]   0.083  0.138   0.000    0.327      0.001    0.002   14772.0   10673.0    1.0
at_least_one_positive_image_by_area[585]   0.243  0.251   0.000    0.772      0.002    0.002   16233.0   14391.0    1.0
at_least_one_positive_image_by_area[586]   0.175  0.210   0.000    0.617      0.002    0.002   17206.0   12016.0    1.0
at_least_one_positive_image_by_area[587]   0.055  0.089   0.000    0.192      0.001    0.001   14648.0   16323.0    1.0
at_least_one_positive_image_by_area[588]   0.078  0.124   0.000    0.291      0.001    0.002   14162.0   17162.0    1.0
at_least_one_positive_image_by_area[589]   0.385  0.306   0.001    0.949      0.002    0.001   18873.0   18078.0    1.0
at_least_one_positive_image_by_area[590]   0.153  0.200   0.000    0.572      0.002    0.002   15471.0   20193.0    1.0
at_least_one_positive_image_by_area[591]   0.236  0.242   0.000    0.749      0.002    0.002   13538.0   17849.0    1.0
at_least_one_positive_image_by_area[592]   0.203  0.234   0.000    0.708      0.002    0.002   21804.0   19472.0    1.0
at_least_one_positive_image_by_area[593]   0.104  0.150   0.000    0.384      0.001    0.002   16263.0   15815.0    1.0
at_least_one_positive_image_by_area[594]   0.108  0.187   0.000    0.497      0.001    0.002   15758.0   19516.0    1.0
at_least_one_positive_image_by_area[595]   0.081  0.152   0.000    0.358      0.001    0.002   14166.0   14038.0    1.0
at_least_one_positive_image_by_area[596]   0.080  0.139   0.000    0.327      0.001    0.002   17079.0   20958.0    1.0
at_least_one_positive_image_by_area[597]   0.036  0.078   0.000    0.137      0.001    0.002   15441.0   15086.0    1.0
at_least_one_positive_image_by_area[598]   0.040  0.095   0.000    0.167      0.001    0.002   13269.0    8842.0    1.0
at_least_one_positive_image_by_area[599]   0.256  0.268   0.000    0.837      0.002    0.002   13332.0   18102.0    1.0
at_least_one_positive_image_by_area[600]   0.384  0.309   0.002    0.961      0.002    0.001   14644.0   15356.0    1.0
at_least_one_positive_image_by_area[601]   0.050  0.096   0.000    0.192      0.001    0.002   12729.0   17754.0    1.0
at_least_one_positive_image_by_area[602]   0.064  0.121   0.000    0.259      0.001    0.002   15611.0   19948.0    1.0
at_least_one_positive_image_by_area[603]   0.082  0.125   0.000    0.296      0.001    0.002   11526.0   15143.0    1.0
at_least_one_positive_image_by_area[604]   0.031  0.066   0.000    0.114      0.000    0.001   12014.0   11735.0    1.0
at_least_one_positive_image_by_area[605]   0.214  0.234   0.000    0.718      0.002    0.002   12888.0   17209.0    1.0
at_least_one_positive_image_by_area[606]   0.368  0.311   0.000    0.954      0.002    0.001   16122.0   16768.0    1.0
at_least_one_positive_image_by_area[607]   0.182  0.216   0.000    0.639      0.002    0.002   17970.0   21522.0    1.0
at_least_one_positive_image_by_area[608]   0.509  0.310   0.067    1.000      0.002    0.001   15995.0   18307.0    1.0
at_least_one_positive_image_by_area[609]   0.112  0.163   0.000    0.425      0.002    0.003   14824.0   12518.0    1.0
at_least_one_positive_image_by_area[610]   0.347  0.304   0.001    0.940      0.003    0.001   13851.0   16967.0    1.0
at_least_one_positive_image_by_area[611]   0.048  0.088   0.000    0.176      0.001    0.002   12674.0   15764.0    1.0
at_least_one_positive_image_by_area[612]   0.079  0.115   0.000    0.284      0.001    0.002   12135.0   15996.0    1.0
at_least_one_positive_image_by_area[613]   0.136  0.183   0.000    0.509      0.002    0.002   10990.0   16167.0    1.0
at_least_one_positive_image_by_area[614]   0.113  0.163   0.000    0.431      0.001    0.002   12714.0   18736.0    1.0
at_least_one_positive_image_by_area[615]   0.077  0.140   0.000    0.324      0.001    0.002   16281.0   15148.0    1.0
at_least_one_positive_image_by_area[616]   0.014  0.044   0.000    0.051      0.000    0.001   12728.0   16830.0    1.0
at_least_one_positive_image_by_area[617]   1.000  0.000   1.000    1.000      0.000      NaN   40000.0   40000.0    NaN
at_least_one_positive_image_by_area[618]   0.142  0.188   0.000    0.532      0.001    0.002   17130.0   18562.0    1.0
at_least_one_positive_image_by_area[619]   0.520  0.316   0.063    1.000      0.002    0.001   17575.0   21330.0    1.0
at_least_one_positive_image_by_area[620]   0.364  0.289   0.001    0.918      0.002    0.001   17208.0   18793.0    1.0
at_least_one_positive_image_by_area[621]   0.480  0.301   0.066    1.000      0.002    0.001   15254.0   13836.0    1.0
at_least_one_positive_image_by_area[622]   0.121  0.169   0.000    0.449      0.001    0.002   13160.0   14789.0    1.0
at_least_one_positive_image_by_area[623]   0.620  0.363   0.021    1.000      0.004    0.001   10651.0   13001.0    1.0
at_least_one_positive_image_by_area[624]   0.061  0.120   0.000    0.252      0.001    0.002   11786.0   12368.0    1.0
at_least_one_positive_image_by_area[625]   0.038  0.068   0.000    0.132      0.001    0.001   11786.0   17127.0    1.0
at_least_one_positive_image_by_area[626]   0.021  0.056   0.000    0.077      0.000    0.002   14817.0   18842.0    1.0
at_least_one_positive_image_by_area[627]   0.044  0.084   0.000    0.168      0.001    0.002   12714.0   15453.0    1.0
at_least_one_positive_image_by_area[628]   0.139  0.183   0.000    0.508      0.001    0.002   12484.0   14883.0    1.0
at_least_one_positive_image_by_area[629]   0.380  0.317   0.000    0.959      0.002    0.001   16067.0   16143.0    1.0
at_least_one_positive_image_by_area[630]   0.273  0.274   0.000    0.852      0.002    0.002   13686.0    9437.0    1.0
at_least_one_positive_image_by_area[631]   0.139  0.196   0.000    0.546      0.001    0.002   15531.0   19938.0    1.0
at_least_one_positive_image_by_area[632]   0.067  0.119   0.000    0.259      0.001    0.002   13553.0   17093.0    1.0
at_least_one_positive_image_by_area[633]   0.165  0.213   0.000    0.618      0.002    0.002   13082.0   17918.0    1.0
at_least_one_positive_image_by_area[634]   0.183  0.236   0.000    0.706      0.002    0.002   14491.0   15108.0    1.0
at_least_one_positive_image_by_area[635]   0.268  0.274   0.000    0.853      0.002    0.001   14597.0   21247.0    1.0
at_least_one_positive_image_by_area[636]   0.053  0.105   0.000    0.208      0.001    0.002   12956.0   14774.0    1.0
at_least_one_positive_image_by_area[637]   0.035  0.085   0.000    0.132      0.001    0.004   12865.0   15940.0    1.0
at_least_one_positive_image_by_area[638]   0.317  0.278   0.001    0.875      0.003    0.001    8902.0    9750.0    1.0
at_least_one_positive_image_by_area[639]   0.028  0.074   0.000    0.110      0.001    0.002   12803.0   17792.0    1.0
at_least_one_positive_image_by_area[640]   0.024  0.055   0.000    0.088      0.000    0.002   12077.0   15182.0    1.0
at_least_one_positive_image_by_area[641]   0.017  0.028   0.000    0.054      0.000    0.001    9728.0   12047.0    1.0
at_least_one_positive_image_by_area[642]   0.027  0.075   0.000    0.106      0.001    0.002   12455.0   16577.0    1.0
at_least_one_positive_image_by_area[643]   0.014  0.052   0.000    0.051      0.000    0.002   13567.0   19463.0    1.0
at_least_one_positive_image_by_area[644]   0.017  0.051   0.000    0.066      0.000    0.001   11931.0   14413.0    1.0
at_least_one_positive_image_by_area[645]   0.010  0.029   0.000    0.036      0.000    0.001    9045.0   13457.0    1.0
at_least_one_positive_image_by_area[646]   0.018  0.046   0.000    0.065      0.000    0.001    8983.0   12859.0    1.0
at_least_one_positive_image_by_area[647]   0.137  0.231   0.000    0.674      0.002    0.002    9148.0   15008.0    1.0
at_least_one_positive_image_by_area[648]   0.110  0.157   0.000    0.410      0.002    0.003   10450.0   13638.0    1.0
at_least_one_positive_image_by_area[649]   0.049  0.103   0.000    0.194      0.001    0.002   11121.0   16326.0    1.0
at_least_one_positive_image_by_area[650]   0.033  0.089   0.000    0.134      0.001    0.002   10618.0   14901.0    1.0
at_least_one_positive_image_by_area[651]   0.032  0.069   0.000    0.121      0.001    0.001   11757.0   15087.0    1.0
at_least_one_positive_image_by_area[652]   0.026  0.059   0.000    0.093      0.000    0.001   13137.0   14930.0    1.0
at_least_one_positive_image_by_area[653]   0.037  0.080   0.000    0.145      0.001    0.002   13821.0   16053.0    1.0
at_least_one_positive_image_by_area[654]   0.105  0.161   0.000    0.417      0.001    0.002   11020.0   18624.0    1.0
at_least_one_positive_image_by_area[655]   0.008  0.022   0.000    0.027      0.000    0.001   10459.0   12633.0    1.0
at_least_one_positive_image_by_area[656]   0.011  0.036   0.000    0.038      0.000    0.001   11939.0   10491.0    1.0
at_least_one_positive_image_by_area[657]   0.049  0.098   0.000    0.191      0.001    0.002   13886.0   19669.0    1.0
at_least_one_positive_image_by_area[658]   0.132  0.180   0.000    0.497      0.001    0.002   14706.0   19348.0    1.0
at_least_one_positive_image_by_area[659]   0.121  0.180   0.000    0.487      0.001    0.002   15225.0   17154.0    1.0
at_least_one_positive_image_by_area[660]   0.055  0.105   0.000    0.212      0.001    0.002   15523.0   17525.0    1.0
at_least_one_positive_image_by_area[661]   0.052  0.094   0.000    0.192      0.001    0.002   10673.0   13023.0    1.0
at_least_one_positive_image_by_area[662]   0.167  0.215   0.000    0.627      0.002    0.002   16336.0   15521.0    1.0
at_least_one_positive_image_by_area[663]   0.795  0.259   0.245    1.000      0.002    0.002   17637.0   11684.0    1.0
at_least_one_positive_image_by_area[664]   0.482  0.342   0.030    1.000      0.003    0.001   15666.0    9822.0    1.0
at_least_one_positive_image_by_area[665]   0.093  0.154   0.000    0.382      0.001    0.002   11624.0   11874.0    1.0
at_least_one_positive_image_by_area[666]   0.107  0.167   0.000    0.432      0.001    0.002   12071.0   14864.0    1.0
at_least_one_positive_image_by_area[667]   0.282  0.283   0.000    0.875      0.002    0.001   18410.0   12748.0    1.0
at_least_one_positive_image_by_area[668]   0.032  0.077   0.000    0.125      0.001    0.002   10025.0   16061.0    1.0
at_least_one_positive_image_by_area[669]   0.026  0.064   0.000    0.098      0.000    0.002   10540.0   17938.0    1.0
at_least_one_positive_image_by_area[670]   0.619  0.298   0.125    1.000      0.002    0.001   21722.0   19745.0    1.0
at_least_one_positive_image_by_area[671]   0.556  0.353   0.031    1.000      0.003    0.001   17294.0   15002.0    1.0
at_least_one_positive_image_by_area[672]   0.357  0.310   0.001    0.951      0.002    0.001   15476.0   18781.0    1.0
at_least_one_positive_image_by_area[673]   1.000  0.000   1.000    1.000      0.000      NaN   40000.0   40000.0    NaN
at_least_one_positive_image_by_area[674]   0.594  0.304   0.105    1.000      0.002    0.001   16131.0   12228.0    1.0
at_least_one_positive_image_by_area[675]   0.644  0.302   0.124    1.000      0.002    0.001   16212.0   15580.0    1.0
at_least_one_positive_image_by_area[676]   0.396  0.292   0.007    0.940      0.002    0.001   17505.0   15515.0    1.0
at_least_one_positive_image_by_area[677]   0.308  0.295   0.000    0.909      0.002    0.001   17170.0   13062.0    1.0
at_least_one_positive_image_by_area[678]   0.057  0.106   0.000    0.223      0.001    0.002   11494.0   15614.0    1.0
at_least_one_positive_image_by_area[679]   0.072  0.119   0.000    0.268      0.001    0.002   12155.0   15583.0    1.0
at_least_one_positive_image_by_area[680]   0.082  0.165   0.000    0.391      0.001    0.002   18060.0   16205.0    1.0
at_least_one_positive_image_by_area[681]   0.030  0.067   0.000    0.112      0.001    0.001   11675.0   16066.0    1.0
at_least_one_positive_image_by_area[682]   0.019  0.051   0.000    0.072      0.000    0.002   11347.0   15852.0    1.0
at_least_one_positive_image_by_area[683]   0.232  0.249   0.000    0.769      0.002    0.002   16402.0   13656.0    1.0
at_least_one_positive_image_by_area[684]   0.120  0.204   0.000    0.560      0.001    0.002   18547.0   15321.0    1.0
at_least_one_positive_image_by_area[685]   0.027  0.069   0.000    0.104      0.001    0.002   13041.0   17464.0    1.0
at_least_one_positive_image_by_area[686]   0.085  0.143   0.000    0.340      0.001    0.002   13016.0   14527.0    1.0
at_least_one_positive_image_by_area[687]   0.128  0.182   0.000    0.496      0.001    0.002   13024.0   13527.0    1.0
at_least_one_positive_image_by_area[688]   0.359  0.313   0.000    0.956      0.002    0.001   19770.0   19533.0    1.0
at_least_one_positive_image_by_area[689]   0.387  0.303   0.002    0.949      0.002    0.001   17261.0   19014.0    1.0
at_least_one_positive_image_by_area[690]   0.362  0.321   0.000    0.961      0.002    0.001   17604.0   14619.0    1.0
at_least_one_positive_image_by_area[691]   0.151  0.210   0.000    0.597      0.002    0.002   17989.0   19517.0    1.0
at_least_one_positive_image_by_area[692]   0.130  0.180   0.000    0.496      0.001    0.002   15883.0   18716.0    1.0
at_least_one_positive_image_by_area[693]   0.264  0.269   0.000    0.835      0.002    0.001   16559.0   13551.0    1.0
at_least_one_positive_image_by_area[694]   0.669  0.311   0.104    1.000      0.002    0.001   18310.0   17330.0    1.0
at_least_one_positive_image_by_area[695]   0.075  0.121   0.000    0.275      0.001    0.002   17293.0   20197.0    1.0
at_least_one_positive_image_by_area[696]   1.000  0.000   1.000    1.000      0.000      NaN   40000.0   40000.0    NaN
at_least_one_positive_image_by_area[697]   0.358  0.284   0.002    0.909      0.002    0.001   15113.0   16044.0    1.0
at_least_one_positive_image_by_area[698]   0.329  0.278   0.001    0.885      0.002    0.001   15723.0   15127.0    1.0
at_least_one_positive_image_by_area[699]   0.514  0.304   0.077    1.000      0.002    0.001   15111.0   15516.0    1.0
at_least_one_positive_image_by_area[700]   0.432  0.306   0.005    0.964      0.002    0.001   17780.0   14183.0    1.0
at_least_one_positive_image_by_area[701]   0.671  0.296   0.144    1.000      0.002    0.001   18066.0   16444.0    1.0
at_least_one_positive_image_by_area[702]   0.563  0.327   0.057    1.000      0.003    0.001   16085.0   14002.0    1.0
at_least_one_positive_image_by_area[703]   0.574  0.298   0.113    1.000      0.002    0.001   18403.0   20063.0    1.0
at_least_one_positive_image_by_area[704]   0.117  0.165   0.000    0.438      0.001    0.002   17178.0   16825.0    1.0
at_least_one_positive_image_by_area[705]   1.000  0.000   1.000    1.000      0.000      NaN   40000.0   40000.0    NaN
at_least_one_positive_image_by_area[706]   0.261  0.256   0.000    0.798      0.002    0.002   19355.0   21680.0    1.0
at_least_one_positive_image_by_area[707]   0.108  0.157   0.000    0.406      0.001    0.002   18404.0   17288.0    1.0
at_least_one_positive_image_by_area[708]   0.081  0.126   0.000    0.297      0.001    0.002   18476.0   19406.0    1.0
at_least_one_positive_image_by_area[709]   0.067  0.116   0.000    0.255      0.001    0.002   18251.0   16887.0    1.0
at_least_one_positive_image_by_area[710]   0.077  0.136   0.000    0.314      0.001    0.002   15296.0   15167.0    1.0
at_least_one_positive_image_by_area[711]   0.427  0.341   0.015    1.000      0.003    0.001   15152.0   17014.0    1.0
at_least_one_positive_image_by_area[712]   0.157  0.206   0.000    0.593      0.002    0.002   15193.0   20267.0    1.0
at_least_one_positive_image_by_area[713]   0.192  0.244   0.000    0.741      0.002    0.002   13969.0   11190.0    1.0
at_least_one_positive_image_by_area[714]   0.142  0.208   0.000    0.587      0.002    0.002   15946.0   18485.0    1.0
at_least_one_positive_image_by_area[715]   0.145  0.202   0.000    0.573      0.002    0.002   15116.0   19288.0    1.0
at_least_one_positive_image_by_area[716]   0.124  0.184   0.000    0.498      0.001    0.002   15326.0   15938.0    1.0
at_least_one_positive_image_by_area[717]   0.139  0.197   0.000    0.552      0.001    0.002   15594.0   21319.0    1.0
at_least_one_positive_image_by_area[718]   0.016  0.045   0.000    0.058      0.000    0.001   15527.0   17059.0    1.0
at_least_one_positive_image_by_area[719]   0.059  0.127   0.000    0.255      0.001    0.002   17733.0   18923.0    1.0
at_least_one_positive_image_by_area[720]   0.078  0.129   0.000    0.299      0.001    0.002   16260.0   17495.0    1.0
at_least_one_positive_image_by_area[721]   0.212  0.234   0.000    0.716      0.002    0.002   17280.0   20143.0    1.0
at_least_one_positive_image_by_area[722]   0.059  0.138   0.000    0.278      0.001    0.002   18724.0   18178.0    1.0
at_least_one_positive_image_by_area[723]   0.220  0.249   0.000    0.766      0.002    0.002   16740.0   18680.0    1.0
at_least_one_positive_image_by_area[724]   0.105  0.160   0.000    0.411      0.001    0.002   16358.0   19816.0    1.0
at_least_one_positive_image_by_area[725]   0.067  0.120   0.000    0.263      0.001    0.002   14694.0   16711.0    1.0
at_least_one_positive_image_by_area[726]   0.270  0.241   0.002    0.760      0.002    0.001   16643.0   21430.0    1.0
at_least_one_positive_image_by_area[727]   0.160  0.215   0.000    0.625      0.002    0.002   16996.0   17393.0    1.0
at_least_one_positive_image_by_area[728]   0.145  0.181   0.000    0.512      0.001    0.002   11939.0   15577.0    1.0
at_least_one_positive_image_by_area[729]   0.243  0.265   0.000    0.817      0.002    0.001   18313.0   15978.0    1.0
at_least_one_positive_image_by_area[730]   0.103  0.178   0.000    0.452      0.001    0.002   19073.0   20169.0    1.0
at_least_one_positive_image_by_area[731]   0.060  0.125   0.000    0.257      0.001    0.002   16567.0   17113.0    1.0
at_least_one_positive_image_by_area[732]   0.103  0.174   0.000    0.436      0.001    0.002   15102.0   17513.0    1.0
at_least_one_positive_image_by_area[733]   0.096  0.157   0.000    0.392      0.001    0.002   13928.0   16426.0    1.0
at_least_one_positive_image_by_area[734]   0.106  0.145   0.000    0.381      0.001    0.002   15334.0   17120.0    1.0
at_least_one_positive_image_by_area[735]   1.000  0.000   1.000    1.000      0.000      NaN   40000.0   40000.0    NaN
at_least_one_positive_image_by_area[736]   0.032  0.069   0.000    0.118      0.001    0.002   11077.0   15885.0    1.0
at_least_one_positive_image_by_area[737]   0.253  0.324   0.000    0.968      0.003    0.002   10520.0   13798.0    1.0
at_least_one_positive_image_by_area[738]   0.206  0.247   0.000    0.758      0.002    0.002   12919.0   18189.0    1.0
at_least_one_positive_image_by_area[739]   0.144  0.210   0.000    0.603      0.002    0.002   11462.0   13614.0    1.0
at_least_one_positive_image_by_area[740]   0.028  0.070   0.000    0.114      0.001    0.002   11234.0   13539.0    1.0
at_least_one_positive_image_by_area[741]   0.037  0.081   0.000    0.140      0.001    0.002   16428.0   16107.0    1.0
at_least_one_positive_image_by_area[742]   0.671  0.417   0.000    1.000      0.006    0.003    5841.0    8297.0    1.0
at_least_one_positive_image_by_area[743]   0.237  0.296   0.000    0.889      0.003    0.001    7307.0    8498.0    1.0
at_least_one_positive_image_by_area[744]   0.213  0.292   0.000    0.883      0.002    0.002    7556.0    8516.0    1.0
at_least_one_positive_image_by_area[745]   0.384  0.333   0.000    0.975      0.003    0.001   10802.0    8838.0    1.0
at_least_one_positive_image_by_area[746]   0.035  0.114   0.000    0.150      0.001    0.002   15348.0   15661.0    1.0
at_least_one_positive_image_by_area[747]   0.041  0.133   0.000    0.203      0.001    0.002   12046.0   13633.0    1.0
at_least_one_positive_image_by_area[748]   0.050  0.148   0.000    0.266      0.001    0.002    9901.0   12024.0    1.0
at_least_one_positive_image_by_area[749]   0.045  0.145   0.000    0.243      0.001    0.003    8249.0   10627.0    1.0
at_least_one_positive_image_by_area[750]   0.009  0.031   0.000    0.034      0.000    0.002   10020.0   11402.0    1.0
at_least_one_positive_image_by_area[751]   0.018  0.053   0.000    0.068      0.000    0.002    9945.0   11126.0    1.0
at_least_one_positive_image_by_area[752]   0.016  0.065   0.000    0.057      0.000    0.002    3679.0    4523.0    1.0
at_least_one_positive_image_by_area[753]   0.012  0.059   0.000    0.035      0.000    0.002    3934.0    4940.0    1.0
at_least_one_positive_image_by_area[754]   0.018  0.073   0.000    0.065      0.001    0.002    3647.0    4651.0    1.0
at_least_one_positive_image_by_area[755]   0.006  0.039   0.000    0.015      0.000    0.002    4033.0    5187.0    1.0
at_least_one_positive_image_by_area[756]   0.117  0.201   0.000    0.549      0.001    0.002   14030.0   18555.0    1.0
at_least_one_positive_image_by_area[757]   0.020  0.058   0.000    0.076      0.000    0.002   11689.0   14342.0    1.0
at_least_one_positive_image_by_area[758]   0.004  0.023   0.000    0.010      0.000    0.001    3564.0    4775.0    1.0
at_least_one_positive_image_by_area[759]   0.054  0.136   0.000    0.258      0.001    0.002   14491.0   17078.0    1.0
at_least_one_positive_image_by_area[760]   0.018  0.073   0.000    0.063      0.001    0.002    4425.0    5714.0    1.0
at_least_one_positive_image_by_area[761]   0.034  0.102   0.000    0.150      0.001    0.002    3500.0    4788.0    1.0
at_least_one_positive_image_by_area[762]   0.082  0.179   0.000    0.435      0.002    0.003    3444.0    4848.0    1.0
at_least_one_positive_image_by_area[763]   0.028  0.103   0.000    0.114      0.001    0.002    4336.0    5806.0    1.0
at_least_one_positive_image_by_area[764]   0.037  0.116   0.000    0.170      0.001    0.002    3827.0    5106.0    1.0
at_least_one_positive_image_by_area[765]   0.005  0.036   0.000    0.012      0.000    0.002    3835.0    5182.0    1.0
at_least_one_positive_image_by_area[766]   0.083  0.151   0.000    0.357      0.001    0.002   14737.0   17699.0    1.0
at_least_one_positive_image_by_area[767]   0.012  0.031   0.000    0.043      0.000    0.001    9954.0   13076.0    1.0
at_least_one_positive_image_by_area[768]   0.177  0.214   0.000    0.631      0.002    0.002   11396.0   14673.0    1.0
at_least_one_positive_image_by_area[769]   0.219  0.236   0.000    0.724      0.002    0.002   16636.0   16614.0    1.0
at_least_one_positive_image_by_area[770]   0.213  0.239   0.000    0.729      0.002    0.002   13546.0   16568.0    1.0
at_least_one_positive_image_by_area[771]   0.016  0.042   0.000    0.059      0.000    0.001   12616.0   16044.0    1.0
at_least_one_positive_image_by_area[772]   0.041  0.085   0.000    0.159      0.001    0.002   14244.0   14568.0    1.0
at_least_one_positive_image_by_area[773]   0.095  0.152   0.000    0.377      0.001    0.002   13844.0   13482.0    1.0
at_least_one_positive_image_by_area[774]   0.081  0.134   0.000    0.318      0.001    0.002   16524.0   19597.0    1.0
at_least_one_positive_image_by_area[775]   0.032  0.070   0.000    0.122      0.001    0.002   16190.0   19120.0    1.0
at_least_one_positive_image_by_area[776]   0.095  0.147   0.000    0.362      0.001    0.002   16444.0   17826.0    1.0
at_least_one_positive_image_by_area[777]   1.000  0.000   1.000    1.000      0.000      NaN   40000.0   40000.0    NaN
at_least_one_positive_image_by_area[778]   0.367  0.349   0.000    0.985      0.003    0.001   16701.0   17788.0    1.0
at_least_one_positive_image_by_area[779]   0.193  0.233   0.000    0.698      0.002    0.002   13964.0   15289.0    1.0
at_least_one_positive_image_by_area[780]   0.102  0.153   0.000    0.390      0.001    0.002   15832.0   19921.0    1.0
at_least_one_positive_image_by_area[781]   0.010  0.032   0.000    0.036      0.000    0.001   13897.0   18638.0    1.0
at_least_one_positive_image_by_area[782]   0.017  0.048   0.000    0.059      0.000    0.002   11686.0   17992.0    1.0
at_least_one_positive_image_by_area[783]   0.008  0.025   0.000    0.027      0.000    0.001   12704.0   17183.0    1.0
at_least_one_positive_image_by_area[784]   1.000  0.000   1.000    1.000      0.000      NaN   40000.0   40000.0    NaN
at_least_one_positive_image_by_area[785]   0.156  0.187   0.000    0.534      0.002    0.002   16663.0   11726.0    1.0
at_least_one_positive_image_by_area[786]   0.383  0.301   0.002    0.946      0.002    0.001   18839.0   17119.0    1.0
at_least_one_positive_image_by_area[787]   0.107  0.151   0.000    0.391      0.001    0.002   17833.0   17295.0    1.0
at_least_one_positive_image_by_area[788]   1.000  0.000   1.000    1.000      0.000      NaN   40000.0   40000.0    NaN
at_least_one_positive_image_by_area[789]   0.098  0.146   0.000    0.371      0.001    0.002   14689.0   14586.0    1.0
at_least_one_positive_image_by_area[790]   0.220  0.246   0.000    0.758      0.002    0.002   18832.0   15547.0    1.0
at_least_one_positive_image_by_area[791]   0.146  0.210   0.000    0.600      0.002    0.002   16826.0   17547.0    1.0
at_least_one_positive_image_by_area[792]   0.240  0.251   0.000    0.775      0.002    0.001   14245.0   18191.0    1.0
at_least_one_positive_image_by_area[793]   0.218  0.237   0.000    0.723      0.002    0.001   17088.0   14520.0    1.0
at_least_one_positive_image_by_area[794]   0.192  0.220   0.000    0.658      0.002    0.002   15331.0   17787.0    1.0
at_least_one_positive_image_by_area[795]   0.046  0.090   0.000    0.178      0.001    0.002   16880.0   17465.0    1.0
at_least_one_positive_image_by_area[796]   0.067  0.123   0.000    0.272      0.001    0.002   14987.0   10789.0    1.0
at_least_one_positive_image_by_area[797]   0.069  0.108   0.000    0.250      0.001    0.002   17334.0   19374.0    1.0
at_least_one_positive_image_by_area[798]   0.014  0.039   0.000    0.051      0.000    0.001   15380.0   14173.0    1.0
at_least_one_positive_image_by_area[799]   0.128  0.195   0.000    0.534      0.001    0.002   15592.0   18027.0    1.0
at_least_one_positive_image_by_area[800]   0.110  0.176   0.000    0.467      0.001    0.002   14085.0   19105.0    1.0
at_least_one_positive_image_by_area[801]   0.585  0.334   0.057    1.000      0.003    0.001   14932.0   17802.0    1.0
at_least_one_positive_image_by_area[802]   0.154  0.197   0.000    0.562      0.001    0.002   18116.0   19517.0    1.0
at_least_one_positive_image_by_area[803]   0.101  0.160   0.000    0.405      0.001    0.002   16042.0   19885.0    1.0
at_least_one_positive_image_by_area[804]   0.377  0.297   0.001    0.935      0.002    0.001   14635.0   11616.0    1.0
at_least_one_positive_image_by_area[805]   0.642  0.307   0.112    1.000      0.002    0.001   14948.0   15300.0    1.0
at_least_one_positive_image_by_area[806]   0.748  0.284   0.168    1.000      0.003    0.002   14460.0   11735.0    1.0
at_least_one_positive_image_by_area[807]   0.886  0.214   0.389    1.000      0.002    0.003   13210.0   12367.0    1.0
at_least_one_positive_image_by_area[808]   0.107  0.173   0.000    0.453      0.001    0.002   15243.0   13886.0    1.0
at_least_one_positive_image_by_area[809]   0.183  0.215   0.000    0.643      0.002    0.002   13771.0   12135.0    1.0
at_least_one_positive_image_by_area[810]   0.062  0.125   0.000    0.262      0.001    0.002   16747.0   19753.0    1.0
at_least_one_positive_image_by_area[811]   0.081  0.145   0.000    0.336      0.001    0.002   15253.0   18274.0    1.0
at_least_one_positive_image_by_area[812]   0.114  0.174   0.000    0.460      0.001    0.002   16880.0   20366.0    1.0
at_least_one_positive_image_by_area[813]   0.215  0.298   0.000    0.916      0.003    0.002   12990.0   14656.0    1.0
at_least_one_positive_image_by_area[814]   0.169  0.204   0.000    0.592      0.002    0.002   16750.0   19828.0    1.0
at_least_one_positive_image_by_area[815]   0.579  0.304   0.101    1.000      0.002    0.001   18186.0   17600.0    1.0
at_least_one_positive_image_by_area[816]   0.613  0.360   0.036    1.000      0.003    0.001   16698.0   19553.0    1.0
at_least_one_positive_image_by_area[817]   0.588  0.310   0.096    1.000      0.002    0.001   19487.0   19383.0    1.0
at_least_one_positive_image_by_area[818]   0.178  0.260   0.000    0.801      0.002    0.002   18222.0   16650.0    1.0
at_least_one_positive_image_by_area[819]   0.151  0.186   0.000    0.529      0.001    0.002   16541.0   16901.0    1.0
at_least_one_positive_image_by_area[820]   0.115  0.160   0.000    0.421      0.001    0.002   14875.0   17264.0    1.0
at_least_one_positive_image_by_area[821]   0.146  0.187   0.000    0.520      0.001    0.002   15045.0   12849.0    1.0
at_least_one_positive_image_by_area[822]   0.308  0.289   0.001    0.904      0.002    0.002   16755.0   17990.0    1.0
at_least_one_positive_image_by_area[823]   0.219  0.240   0.000    0.736      0.002    0.002   17971.0   18009.0    1.0
at_least_one_positive_image_by_area[824]   0.266  0.281   0.000    0.866      0.002    0.001   14934.0   15228.0    1.0
at_least_one_positive_image_by_area[825]   0.244  0.272   0.000    0.829      0.002    0.002   14793.0   15083.0    1.0
at_least_one_positive_image_by_area[826]   0.152  0.225   0.000    0.651      0.002    0.002   14047.0   14018.0    1.0
at_least_one_positive_image_by_area[827]   0.144  0.210   0.000    0.596      0.002    0.002   13473.0   11855.0    1.0
at_least_one_positive_image_by_area[828]   0.153  0.233   0.000    0.688      0.002    0.002   12464.0   12840.0    1.0
at_least_one_positive_image_by_area[829]   0.853  0.267   0.175    1.000      0.003    0.004    9942.0    6960.0    1.0
at_least_one_positive_image_by_area[830]   0.401  0.339   0.000    0.985      0.003    0.001   12856.0   12691.0    1.0
at_least_one_positive_image_by_area[831]   0.109  0.189   0.000    0.494      0.001    0.002   13540.0   13629.0    1.0
at_least_one_positive_image_by_area[832]   0.224  0.258   0.000    0.792      0.002    0.002   17372.0   19295.0    1.0
at_least_one_positive_image_by_area[833]   0.172  0.217   0.000    0.631      0.002    0.002    9412.0   10803.0    1.0
at_least_one_positive_image_by_area[834]   0.226  0.243   0.000    0.748      0.002    0.002    9919.0   14103.0    1.0
at_least_one_positive_image_by_area[835]   0.374  0.303   0.000    0.942      0.003    0.001   11115.0   13735.0    1.0
at_least_one_positive_image_by_area[836]   0.489  0.317   0.055    1.000      0.003    0.001   11193.0   10962.0    1.0
at_least_one_positive_image_by_area[837]   0.072  0.151   0.000    0.335      0.001    0.002   13990.0   18177.0    1.0
at_least_one_positive_image_by_area[838]   0.659  0.291   0.147    1.000      0.003    0.001   14239.0   10447.0    1.0
at_least_one_positive_image_by_area[839]   0.023  0.051   0.000    0.085      0.000    0.001   12279.0   16880.0    1.0
at_least_one_positive_image_by_area[840]   0.044  0.088   0.000    0.166      0.001    0.002   12253.0   11590.0    1.0
at_least_one_positive_image_by_area[841]   0.002  0.009   0.000    0.008      0.000    0.001   12323.0   14145.0    1.0
at_least_one_positive_image_by_area[842]   0.346  0.300   0.000    0.930      0.002    0.001   19625.0   18366.0    1.0
at_least_one_positive_image_by_area[843]   0.213  0.244   0.000    0.744      0.002    0.002   15942.0   14628.0    1.0
at_least_one_positive_image_by_area[844]   0.083  0.216   0.000    0.587      0.002    0.002    6449.0    8753.0    1.0
at_least_one_positive_image_by_area[845]   0.029  0.063   0.000    0.106      0.000    0.001   15676.0   20012.0    1.0
at_least_one_positive_image_by_area[846]   0.223  0.274   0.000    0.834      0.002    0.002   16803.0   18016.0    1.0
at_least_one_positive_image_by_area[847]   0.067  0.113   0.000    0.253      0.001    0.002   16779.0   18280.0    1.0
at_least_one_positive_image_by_area[848]   0.152  0.190   0.000    0.540      0.002    0.002   14584.0   14129.0    1.0
at_least_one_positive_image_by_area[849]   0.047  0.094   0.000    0.179      0.001    0.002   14228.0   18401.0    1.0
at_least_one_positive_image_by_area[850]   0.034  0.050   0.000    0.110      0.000    0.001   14567.0    9936.0    1.0
at_least_one_positive_image_by_area[851]   0.167  0.216   0.000    0.633      0.002    0.002   17326.0   17032.0    1.0
at_least_one_positive_image_by_area[852]   1.000  0.000   1.000    1.000      0.000      NaN   40000.0   40000.0    NaN
at_least_one_positive_image_by_area[853]   0.181  0.256   0.000    0.776      0.002    0.002   14706.0   13712.0    1.0
at_least_one_positive_image_by_area[854]   0.160  0.233   0.000    0.687      0.002    0.002   13732.0   12158.0    1.0
at_least_one_positive_image_by_area[855]   0.307  0.275   0.002    0.873      0.002    0.001   16163.0   22083.0    1.0
at_least_one_positive_image_by_area[856]   0.286  0.270   0.000    0.851      0.002    0.002   15943.0   15797.0    1.0
at_least_one_positive_image_by_area[857]   0.571  0.307   0.091    1.000      0.002    0.001   17188.0   12345.0    1.0
at_least_one_positive_image_by_area[858]   1.000  0.000   1.000    1.000      0.000      NaN   40000.0   40000.0    NaN
at_least_one_positive_image_by_area[859]   0.383  0.304   0.001    0.948      0.002    0.001   17519.0   19762.0    1.0
at_least_one_positive_image_by_area[860]   1.000  0.000   1.000    1.000      0.000      NaN   40000.0   40000.0    NaN
at_least_one_positive_image_by_area[861]   0.148  0.203   0.000    0.582      0.002    0.002   13709.0   18740.0    1.0
at_least_one_positive_image_by_area[862]   0.085  0.134   0.000    0.318      0.001    0.002   12666.0   16513.0    1.0
at_least_one_positive_image_by_area[863]   0.072  0.151   0.000    0.340      0.001    0.002    8470.0   12288.0    1.0
at_least_one_positive_image_by_area[864]   0.293  0.285   0.000    0.883      0.003    0.002   10369.0   14009.0    1.0
at_least_one_positive_image_by_area[865]   0.335  0.264   0.005    0.858      0.002    0.001   16829.0   20222.0    1.0
at_least_one_positive_image_by_area[866]   0.125  0.183   0.000    0.494      0.002    0.002   16693.0   15335.0    1.0
at_least_one_positive_image_by_area[867]   1.000  0.000   1.000    1.000      0.000      NaN   40000.0   40000.0    NaN
at_least_one_positive_image_by_area[868]   0.328  0.295   0.000    0.914      0.002    0.001   17124.0   13025.0    1.0
at_least_one_positive_image_by_area[869]   0.210  0.238   0.000    0.725      0.002    0.002   16617.0   15452.0    1.0
at_least_one_positive_image_by_area[870]   0.232  0.289   0.000    0.879      0.002    0.002   16667.0   13925.0    1.0
at_least_one_positive_image_by_area[871]   0.400  0.330   0.000    0.980      0.003    0.001   15288.0   14703.0    1.0
at_least_one_positive_image_by_area[872]   0.034  0.089   0.000    0.137      0.001    0.003   10926.0   11720.0    1.0
at_least_one_positive_image_by_area[873]   0.087  0.150   0.000    0.362      0.001    0.002   12792.0   16634.0    1.0
at_least_one_positive_image_by_area[874]   0.666  0.295   0.142    1.000      0.003    0.001   12022.0    9822.0    1.0
at_least_one_positive_image_by_area[875]   0.746  0.277   0.200    1.000      0.002    0.002   14792.0   13882.0    1.0
at_least_one_positive_image_by_area[876]   0.586  0.322   0.073    1.000      0.003    0.001   12258.0   16695.0    1.0
at_least_one_positive_image_by_area[877]   0.668  0.287   0.161    1.000      0.002    0.001   17481.0   15467.0    1.0
at_least_one_positive_image_by_area[878]   0.095  0.149   0.000    0.368      0.001    0.002   16274.0   19108.0    1.0
at_least_one_positive_image_by_area[879]   0.084  0.144   0.000    0.338      0.001    0.002   17276.0   16947.0    1.0
at_least_one_positive_image_by_area[880]   1.000  0.000   1.000    1.000      0.000      NaN   40000.0   40000.0    NaN
at_least_one_positive_image_by_area[881]   0.627  0.307   0.112    1.000      0.003    0.001   14210.0   10186.0    1.0
at_least_one_positive_image_by_area[882]   0.385  0.275   0.010    0.907      0.002    0.001   14955.0   14804.0    1.0
at_least_one_positive_image_by_area[883]   1.000  0.000   1.000    1.000      0.000      NaN   40000.0   40000.0    NaN
at_least_one_positive_image_by_area[884]   0.369  0.313   0.001    0.958      0.002    0.001   14486.0   13537.0    1.0
at_least_one_positive_image_by_area[885]   0.257  0.259   0.000    0.801      0.002    0.001   17745.0   17838.0    1.0
at_least_one_positive_image_by_area[886]   0.348  0.295   0.000    0.922      0.002    0.001   15524.0   13616.0    1.0
at_least_one_positive_image_by_area[887]   0.124  0.183   0.000    0.502      0.001    0.002   11996.0   15016.0    1.0
at_least_one_positive_image_by_area[888]   0.014  0.030   0.000    0.049      0.000    0.003   12642.0   14204.0    1.0
at_least_one_positive_image_by_area[889]   0.006  0.014   0.000    0.021      0.000    0.001   10197.0   13948.0    1.0
at_least_one_positive_image_by_area[890]   0.027  0.071   0.000    0.103      0.001    0.002   15440.0   10477.0    1.0
at_least_one_positive_image_by_area[891]   0.074  0.151   0.000    0.341      0.001    0.002   13157.0   15558.0    1.0
at_least_one_positive_image_by_area[892]   0.195  0.224   0.000    0.670      0.002    0.002   17240.0   21090.0    1.0
at_least_one_positive_image_by_area[893]   0.218  0.271   0.000    0.824      0.002    0.002   13991.0    8873.0    1.0
at_least_one_positive_image_by_area[894]   0.156  0.200   0.000    0.572      0.001    0.002   16109.0   17544.0    1.0
at_least_one_positive_image_by_area[895]   0.086  0.129   0.000    0.311      0.001    0.002   15770.0   17674.0    1.0
at_least_one_positive_image_by_area[896]   0.142  0.184   0.000    0.511      0.001    0.002   16577.0   16776.0    1.0
at_least_one_positive_image_by_area[897]   0.122  0.159   0.000    0.423      0.001    0.002   17009.0   17497.0    1.0
at_least_one_positive_image_by_area[898]   0.456  0.338   0.023    1.000      0.003    0.001   15654.0   13098.0    1.0
at_least_one_positive_image_by_area[899]   0.351  0.294   0.001    0.922      0.003    0.001   11872.0   14783.0    1.0
at_least_one_positive_image_by_area[900]   0.108  0.162   0.000    0.419      0.001    0.002   13206.0   17830.0    1.0
at_least_one_positive_image_by_area[901]   0.162  0.207   0.000    0.603      0.002    0.002   10259.0   13182.0    1.0
at_least_one_positive_image_by_area[902]   0.037  0.078   0.000    0.142      0.001    0.002   11260.0   15029.0    1.0
at_least_one_positive_image_by_area[903]   0.135  0.176   0.000    0.492      0.001    0.002   11353.0   11172.0    1.0
at_least_one_positive_image_by_area[904]   0.536  0.332   0.050    1.000      0.003    0.001   14487.0   13123.0    1.0
at_least_one_positive_image_by_area[905]   0.364  0.332   0.000    0.971      0.002    0.001   17098.0   16540.0    1.0
at_least_one_positive_image_by_area[906]   0.064  0.122   0.000    0.260      0.001    0.002   10223.0   15242.0    1.0
at_least_one_positive_image_by_area[907]   0.071  0.123   0.000    0.278      0.001    0.002   14927.0   14355.0    1.0
at_least_one_positive_image_by_area[908]   0.295  0.276   0.000    0.866      0.002    0.001   14509.0   13839.0    1.0
at_least_one_positive_image_by_area[909]   0.528  0.314   0.062    1.000      0.003    0.001   12794.0   12377.0    1.0
at_least_one_positive_image_by_area[910]   0.488  0.308   0.062    1.000      0.002    0.001   17921.0   17825.0    1.0
at_least_one_positive_image_by_area[911]   0.024  0.042   0.000    0.081      0.000    0.001   14893.0   18134.0    1.0
at_least_one_positive_image_by_area[912]   0.204  0.229   0.000    0.691      0.002    0.002   12903.0   15188.0    1.0
at_least_one_positive_image_by_area[913]   0.097  0.173   0.000    0.431      0.002    0.003   16247.0   12158.0    1.0
at_least_one_positive_image_by_area[914]   0.252  0.249   0.000    0.774      0.002    0.002   15988.0   15450.0    1.0
at_least_one_positive_image_by_area[915]   0.182  0.210   0.000    0.619      0.002    0.002   14885.0   15831.0    1.0
at_least_one_positive_image_by_area[916]   0.068  0.126   0.000    0.281      0.001    0.002   12858.0   15467.0    1.0
at_least_one_positive_image_by_area[917]   0.019  0.043   0.000    0.066      0.000    0.001   14204.0   13251.0    1.0
at_least_one_positive_image_by_area[918]   0.095  0.152   0.000    0.374      0.001    0.002   19042.0   19728.0    1.0
at_least_one_positive_image_by_area[919]   0.239  0.242   0.000    0.751      0.002    0.002   17310.0   18541.0    1.0
at_least_one_positive_image_by_area[920]   0.044  0.085   0.000    0.165      0.001    0.002   20028.0   18029.0    1.0
at_least_one_positive_image_by_area[921]   0.010  0.022   0.000    0.035      0.000    0.001   11935.0   17658.0    1.0
at_least_one_positive_image_by_area[922]   0.033  0.095   0.000    0.141      0.001    0.002   15694.0   17950.0    1.0
at_least_one_positive_image_by_area[923]   0.330  0.317   0.000    0.950      0.003    0.001   11521.0   13751.0    1.0
at_least_one_positive_image_by_area[924]   0.083  0.177   0.000    0.420      0.001    0.002   11424.0   18659.0    1.0
at_least_one_positive_image_by_area[925]   0.066  0.114   0.000    0.254      0.001    0.002   11560.0   11874.0    1.0
at_least_one_positive_image_by_area[926]   0.197  0.256   0.000    0.773      0.002    0.002   14337.0   14174.0    1.0
at_least_one_positive_image_by_area[927]   0.016  0.051   0.000    0.059      0.000    0.002   12901.0   14507.0    1.0
at_least_one_positive_image_by_area[928]   0.058  0.111   0.000    0.229      0.001    0.002   14170.0   17604.0    1.0
at_least_one_positive_image_by_area[929]   0.268  0.266   0.000    0.832      0.002    0.001   17733.0   17704.0    1.0
at_least_one_positive_image_by_area[930]   0.053  0.082   0.000    0.183      0.001    0.001   13317.0   16754.0    1.0
at_least_one_positive_image_by_area[931]   0.116  0.147   0.000    0.391      0.001    0.002   14395.0   17351.0    1.0
at_least_one_positive_image_by_area[932]   0.311  0.278   0.000    0.876      0.002    0.001   18508.0   18777.0    1.0
at_least_one_positive_image_by_area[933]   0.236  0.255   0.000    0.785      0.002    0.001   14134.0   11395.0    1.0
at_least_one_positive_image_by_area[934]   0.166  0.206   0.000    0.596      0.002    0.002   12727.0   12361.0    1.0
at_least_one_positive_image_by_area[935]   1.000  0.000   1.000    1.000      0.000      NaN   40000.0   40000.0    NaN
at_least_one_positive_image_by_area[936]   0.206  0.233   0.000    0.703      0.002    0.002   11639.0   16278.0    1.0
at_least_one_positive_image_by_area[937]   0.092  0.138   0.000    0.340      0.001    0.002   14015.0   17092.0    1.0
at_least_one_positive_image_by_area[938]   0.257  0.266   0.000    0.826      0.002    0.001   18367.0   19902.0    1.0
at_least_one_positive_image_by_area[939]   0.154  0.189   0.000    0.540      0.001    0.002   15857.0   15414.0    1.0
at_least_one_positive_image_by_area[940]   0.317  0.277   0.000    0.873      0.002    0.001   17480.0   18831.0    1.0
at_least_one_positive_image_by_area[941]   0.506  0.317   0.057    1.000      0.002    0.001   17468.0   17097.0    1.0
at_least_one_positive_image_by_area[942]   0.189  0.252   0.000    0.771      0.002    0.002   15107.0   17679.0    1.0
at_least_one_positive_image_by_area[943]   0.031  0.070   0.000    0.120      0.000    0.001   15004.0   17880.0    1.0
at_least_one_positive_image_by_area[944]   0.071  0.131   0.000    0.282      0.001    0.004   13860.0   13051.0    1.0
at_least_one_positive_image_by_area[945]   0.061  0.112   0.000    0.234      0.001    0.002    9487.0   11914.0    1.0
at_least_one_positive_image_by_area[946]   0.118  0.192   0.000    0.520      0.001    0.002   11081.0   10444.0    1.0
at_least_one_positive_image_by_area[947]   1.000  0.000   1.000    1.000      0.000      NaN   40000.0   40000.0    NaN
at_least_one_positive_image_by_area[948]   0.153  0.209   0.000    0.598      0.002    0.002   14831.0   14453.0    1.0
at_least_one_positive_image_by_area[949]   0.056  0.086   0.000    0.188      0.001    0.002   11149.0   16411.0    1.0
at_least_one_positive_image_by_area[950]   0.206  0.248   0.000    0.751      0.002    0.002   15274.0   17711.0    1.0
at_least_one_positive_image_by_area[951]   0.126  0.192   0.000    0.528      0.001    0.002   18011.0   19048.0    1.0
at_least_one_positive_image_by_area[952]   0.577  0.330   0.062    1.000      0.003    0.001   18672.0   13050.0    1.0
at_least_one_positive_image_by_area[953]   0.266  0.258   0.000    0.811      0.002    0.002   18905.0   17857.0    1.0
at_least_one_positive_image_by_area[954]   0.051  0.092   0.000    0.188      0.001    0.002   14575.0   13736.0    1.0
at_least_one_positive_image_by_area[955]   0.256  0.262   0.000    0.816      0.002    0.002   13817.0   13236.0    1.0
at_least_one_positive_image_by_area[956]   0.376  0.302   0.001    0.941      0.002    0.001   18884.0   18767.0    1.0
at_least_one_positive_image_by_area[957]   0.378  0.295   0.002    0.934      0.003    0.001   11373.0   14586.0    1.0
at_least_one_positive_image_by_area[958]   0.258  0.267   0.000    0.828      0.002    0.002   10636.0   13691.0    1.0
at_least_one_positive_image_by_area[959]   0.198  0.242   0.000    0.734      0.002    0.002   14809.0   16553.0    1.0
at_least_one_positive_image_by_area[960]   0.368  0.284   0.003    0.908      0.002    0.001   16268.0   16825.0    1.0
at_least_one_positive_image_by_area[961]   0.204  0.236   0.000    0.716      0.002    0.002   12942.0   18789.0    1.0
at_least_one_positive_image_by_area[962]   0.194  0.214   0.000    0.640      0.002    0.002   18889.0   15416.0    1.0
at_least_one_positive_image_by_area[963]   1.000  0.000   1.000    1.000      0.000      NaN   40000.0   40000.0    NaN
at_least_one_positive_image_by_area[964]   0.979  0.067   0.901    1.000      0.001    0.002   18599.0   16597.0    1.0
at_least_one_positive_image_by_area[965]   0.429  0.305   0.005    0.961      0.002    0.001   16123.0   11783.0    1.0
at_least_one_positive_image_by_area[966]   0.339  0.266   0.003    0.866      0.002    0.001   18259.0   15951.0    1.0
at_least_one_positive_image_by_area[967]   0.082  0.151   0.000    0.350      0.001    0.002   14913.0   16540.0    1.0
at_least_one_positive_image_by_area[968]   0.225  0.249   0.000    0.761      0.002    0.002   18355.0   21749.0    1.0
at_least_one_positive_image_by_area[969]   0.021  0.042   0.000    0.075      0.000    0.001   12318.0   16831.0    1.0
at_least_one_positive_image_by_area[970]   0.106  0.177   0.000    0.453      0.001    0.002   14579.0   15578.0    1.0
at_least_one_positive_image_by_area[971]   0.209  0.243   0.000    0.734      0.002    0.002   14881.0   18277.0    1.0
at_least_one_positive_image_by_area[972]   0.084  0.139   0.000    0.327      0.001    0.002   16666.0   20043.0    1.0
at_least_one_positive_image_by_area[973]   0.074  0.187   0.000    0.446      0.002    0.003   13529.0   17719.0    1.0
at_least_one_positive_image_by_area[974]   0.021  0.074   0.000    0.080      0.001    0.002    9469.0   12912.0    1.0
at_least_one_positive_image_by_area[975]   0.273  0.258   0.001    0.815      0.002    0.001   19768.0   19289.0    1.0
at_least_one_positive_image_by_area[976]   0.515  0.322   0.052    1.000      0.003    0.001   15868.0   14299.0    1.0
at_least_one_positive_image_by_area[977]   0.206  0.315   0.000    0.961      0.003    0.002    8467.0   13605.0    1.0
at_least_one_positive_image_by_area[978]   0.115  0.174   0.000    0.459      0.001    0.002   12972.0   16664.0    1.0
at_least_one_positive_image_by_area[979]   0.143  0.183   0.000    0.511      0.002    0.002   12988.0   18162.0    1.0
at_least_one_positive_image_by_area[980]   0.156  0.205   0.000    0.588      0.001    0.002   18055.0   18314.0    1.0
at_least_one_positive_image_by_area[981]   0.150  0.205   0.000    0.586      0.002    0.002   14981.0   14374.0    1.0
at_least_one_positive_image_by_area[982]   0.176  0.216   0.000    0.638      0.002    0.002   15394.0   16551.0    1.0
at_least_one_positive_image_by_area[983]   0.495  0.302   0.070    1.000      0.002    0.001   17548.0   17146.0    1.0
at_least_one_positive_image_by_area[984]   0.317  0.283   0.001    0.889      0.002    0.001   15175.0   11170.0    1.0
at_least_one_positive_image_by_area[985]   0.274  0.253   0.001    0.796      0.002    0.001   16776.0   17787.0    1.0
at_least_one_positive_image_by_area[986]   0.042  0.097   0.000    0.166      0.001    0.002   15840.0   11597.0    1.0
at_least_one_positive_image_by_area[987]   0.028  0.072   0.000    0.112      0.001    0.002   17073.0   18745.0    1.0
at_least_one_positive_image_by_area[988]   0.012  0.036   0.000    0.043      0.000    0.001   15768.0   13538.0    1.0
at_least_one_positive_image_by_area[989]   0.007  0.018   0.000    0.024      0.000    0.001   13134.0   19316.0    1.0
at_least_one_positive_image_by_area[990]   0.015  0.041   0.000    0.055      0.000    0.002   16115.0   19627.0    1.0
at_least_one_positive_image_by_area[991]   0.053  0.095   0.000    0.195      0.001    0.002   13133.0   16801.0    1.0
at_least_one_positive_image_by_area[992]   0.028  0.062   0.000    0.104      0.000    0.002   13300.0   17268.0    1.0
at_least_one_positive_image_by_area[993]   0.045  0.097   0.000    0.182      0.001    0.002   15372.0    9696.0    1.0
at_least_one_positive_image_by_area[994]   0.062  0.110   0.000    0.236      0.001    0.002   11891.0   14085.0    1.0
at_least_one_positive_image_by_area[995]   0.040  0.093   0.000    0.160      0.001    0.002   17829.0   19500.0    1.0
at_least_one_positive_image_by_area[996]   0.021  0.046   0.000    0.077      0.000    0.001   14063.0   12519.0    1.0
at_least_one_positive_image_by_area[997]   0.019  0.056   0.000    0.071      0.000    0.002   10408.0   16703.0    1.0
at_least_one_positive_image_by_area[998]   0.018  0.045   0.000    0.067      0.000    0.001    9365.0   12720.0    1.0
at_least_one_positive_image_by_area[999]   0.121  0.169   0.000    0.455      0.002    0.002   12202.0   10626.0    1.0
at_least_one_positive_image_by_area[1000]  0.053  0.103   0.000    0.212      0.001    0.002    9627.0   13112.0    1.0
at_least_one_positive_image_by_area[1001]  0.085  0.139   0.000    0.331      0.001    0.002   11563.0   14953.0    1.0
at_least_one_positive_image_by_area[1002]  0.034  0.086   0.000    0.136      0.001    0.002   10020.0   13159.0    1.0
at_least_one_positive_image_by_area[1003]  0.083  0.148   0.000    0.348      0.001    0.002    9842.0   12002.0    1.0
at_least_one_positive_image_by_area[1004]  0.338  0.319   0.000    0.958      0.003    0.001   11122.0   12453.0    1.0
at_least_one_positive_image_by_area[1005]  0.559  0.340   0.049    1.000      0.003    0.001   13296.0   12775.0    1.0
at_least_one_positive_image_by_area[1006]  0.080  0.137   0.000    0.315      0.001    0.002   12725.0   11948.0    1.0
at_least_one_positive_image_by_area[1007]  0.109  0.157   0.000    0.407      0.001    0.002   13680.0   17164.0    1.0
at_least_one_positive_image_by_area[1008]  0.561  0.303   0.095    1.000      0.002    0.001   18258.0   18662.0    1.0
at_least_one_positive_image_by_area[1009]  0.552  0.312   0.080    1.000      0.002    0.001   17819.0   19712.0    1.0
at_least_one_positive_image_by_area[1010]  0.244  0.273   0.000    0.839      0.002    0.002   14531.0   12949.0    1.0
at_least_one_positive_image_by_area[1011]  0.099  0.168   0.000    0.423      0.001    0.002   17593.0   14014.0    1.0
at_least_one_positive_image_by_area[1012]  0.379  0.296   0.002    0.936      0.002    0.001   16471.0   15223.0    1.0
at_least_one_positive_image_by_area[1013]  0.425  0.296   0.009    0.954      0.002    0.001   15646.0   12834.0    1.0
at_least_one_positive_image_by_area[1014]  0.116  0.180   0.000    0.479      0.001    0.002   18349.0   12632.0    1.0
at_least_one_positive_image_by_area[1015]  0.203  0.234   0.000    0.710      0.002    0.002   18850.0   19306.0    1.0
at_least_one_positive_image_by_area[1016]  0.278  0.282   0.000    0.877      0.002    0.002   12458.0   13066.0    1.0
at_least_one_positive_image_by_area[1017]  0.043  0.081   0.000    0.162      0.001    0.002   12781.0   18089.0    1.0
at_least_one_positive_image_by_area[1018]  0.149  0.197   0.000    0.557      0.002    0.002   13583.0    9995.0    1.0
at_least_one_positive_image_by_area[1019]  0.177  0.236   0.000    0.706      0.002    0.002   12464.0   13761.0    1.0
at_least_one_positive_image_by_area[1020]  0.029  0.060   0.000    0.106      0.001    0.002    9957.0   13589.0    1.0
at_least_one_positive_image_by_area[1021]  0.290  0.285   0.000    0.885      0.003    0.002   10817.0   15836.0    1.0
at_least_one_positive_image_by_area[1022]  0.453  0.302   0.054    1.000      0.002    0.001   19466.0   17716.0    1.0
at_least_one_positive_image_by_area[1023]  1.000  0.000   1.000    1.000      0.000      NaN   40000.0   40000.0    NaN
at_least_one_positive_image_by_area[1024]  0.262  0.241   0.001    0.758      0.002    0.002   13096.0   15040.0    1.0
at_least_one_positive_image_by_area[1025]  0.130  0.186   0.000    0.512      0.001    0.002   15763.0   14064.0    1.0
at_least_one_positive_image_by_area[1026]  0.245  0.227   0.001    0.713      0.002    0.001   17175.0   18918.0    1.0
at_least_one_positive_image_by_area[1027]  0.299  0.248   0.003    0.802      0.002    0.002   13695.0   11926.0    1.0
at_least_one_positive_image_by_area[1028]  0.642  0.276   0.171    1.000      0.002    0.001   16049.0   16165.0    1.0
at_least_one_positive_image_by_area[1029]  0.566  0.322   0.073    1.000      0.002    0.001   17559.0   18509.0    1.0
at_least_one_positive_image_by_area[1030]  0.280  0.277   0.000    0.860      0.002    0.002   14068.0   16185.0    1.0
at_least_one_positive_image_by_area[1031]  0.099  0.137   0.000    0.345      0.001    0.002   16057.0   16818.0    1.0
at_least_one_positive_image_by_area[1032]  0.184  0.190   0.000    0.567      0.001    0.002   15553.0   19214.0    1.0
at_least_one_positive_image_by_area[1033]  0.100  0.146   0.000    0.372      0.001    0.002   13794.0   15965.0    1.0
at_least_one_positive_image_by_area[1034]  0.068  0.117   0.000    0.261      0.001    0.002   13316.0   17071.0    1.0
at_least_one_positive_image_by_area[1035]  0.110  0.169   0.000    0.435      0.001    0.002   12471.0   17225.0    1.0
at_least_one_positive_image_by_area[1036]  0.052  0.095   0.000    0.196      0.001    0.002   11563.0   13974.0    1.0
at_least_one_positive_image_by_area[1037]  0.206  0.226   0.000    0.684      0.002    0.002   15286.0   19068.0    1.0
at_least_one_positive_image_by_area[1038]  0.038  0.092   0.000    0.155      0.001    0.002   13725.0   13321.0    1.0
at_least_one_positive_image_by_area[1039]  1.000  0.000   1.000    1.000      0.000      NaN   40000.0   40000.0    NaN
at_least_one_positive_image_by_area[1040]  0.056  0.089   0.000    0.193      0.001    0.002   16080.0   18233.0    1.0
at_least_one_positive_image_by_area[1041]  0.134  0.183   0.000    0.505      0.001    0.002   13794.0   13909.0    1.0
at_least_one_positive_image_by_area[1042]  0.217  0.244   0.000    0.742      0.002    0.002   18783.0   20227.0    1.0
at_least_one_positive_image_by_area[1043]  0.110  0.157   0.000    0.408      0.001    0.002   13274.0   13876.0    1.0
at_least_one_positive_image_by_area[1044]  0.026  0.053   0.000    0.096      0.000    0.001   10360.0    9786.0    1.0
at_least_one_positive_image_by_area[1045]  0.379  0.316   0.000    0.961      0.002    0.001   20451.0   20534.0    1.0
at_least_one_positive_image_by_area[1046]  0.033  0.076   0.000    0.128      0.001    0.002   11420.0   15852.0    1.0
at_least_one_positive_image_by_area[1047]  0.230  0.305   0.000    0.930      0.002    0.002   13201.0   10749.0    1.0
at_least_one_positive_image_by_area[1048]  0.120  0.162   0.000    0.436      0.001    0.002   17543.0   18780.0    1.0
at_least_one_positive_image_by_area[1049]  0.089  0.162   0.000    0.395      0.001    0.002   13182.0   14007.0    1.0
at_least_one_positive_image_by_area[1050]  0.009  0.022   0.000    0.030      0.000    0.001   14405.0   13651.0    1.0
at_least_one_positive_image_by_area[1051]  0.058  0.125   0.000    0.255      0.001    0.002   19663.0   20184.0    1.0
at_least_one_positive_image_by_area[1052]  0.257  0.272   0.000    0.840      0.002    0.002   18197.0   18453.0    1.0
at_least_one_positive_image_by_area[1053]  0.083  0.147   0.000    0.344      0.001    0.002   18960.0   18059.0    1.0
at_least_one_positive_image_by_area[1054]  0.053  0.124   0.000    0.236      0.001    0.002   14306.0   18289.0    1.0
at_least_one_positive_image_by_area[1055]  0.139  0.188   0.000    0.523      0.002    0.002   12121.0   19300.0    1.0
at_least_one_positive_image_by_area[1056]  0.016  0.042   0.000    0.059      0.000    0.001   11672.0   18061.0    1.0
at_least_one_positive_image_by_area[1057]  0.065  0.123   0.000    0.261      0.001    0.002   13197.0   17035.0    1.0
at_least_one_positive_image_by_area[1058]  0.043  0.084   0.000    0.167      0.001    0.002   11109.0   15513.0    1.0
at_least_one_positive_image_by_area[1059]  0.099  0.138   0.000    0.351      0.001    0.002   17494.0   16681.0    1.0
at_least_one_positive_image_by_area[1060]  0.105  0.156   0.000    0.401      0.001    0.002   17416.0   20330.0    1.0
at_least_one_positive_image_by_area[1061]  0.180  0.224   0.000    0.664      0.002    0.002   14436.0   15008.0    1.0
at_least_one_positive_image_by_area[1062]  1.000  0.000   1.000    1.000      0.000      NaN   40000.0   40000.0    NaN
at_least_one_positive_image_by_area[1063]  0.611  0.306   0.104    1.000      0.002    0.001   16809.0   15505.0    1.0
at_least_one_positive_image_by_area[1064]  0.843  0.249   0.259    1.000      0.002    0.003   15068.0   11911.0    1.0
at_least_one_positive_image_by_area[1065]  0.073  0.140   0.000    0.310      0.001    0.002   14685.0   19867.0    1.0
at_least_one_positive_image_by_area[1066]  0.206  0.215   0.000    0.651      0.002    0.002   11696.0   13553.0    1.0
at_least_one_positive_image_by_area[1067]  0.134  0.187   0.000    0.521      0.002    0.002    9807.0   11633.0    1.0
at_least_one_positive_image_by_area[1068]  0.331  0.345   0.000    0.979      0.003    0.001   13390.0   17677.0    1.0
at_least_one_positive_image_by_area[1069]  0.121  0.138   0.001    0.373      0.001    0.001   15261.0   18356.0    1.0
at_least_one_positive_image_by_area[1070]  0.053  0.108   0.000    0.215      0.001    0.002   12145.0   12808.0    1.0
at_least_one_positive_image_by_area[1071]  0.081  0.149   0.000    0.346      0.001    0.002   15486.0   12032.0    1.0
at_least_one_positive_image_by_area[1072]  0.082  0.143   0.000    0.336      0.001    0.002   14933.0   11793.0    1.0
at_least_one_positive_image_by_area[1073]  0.214  0.253   0.000    0.768      0.002    0.002   17783.0   16948.0    1.0
at_least_one_positive_image_by_area[1074]  0.223  0.257   0.000    0.785      0.002    0.002   17048.0   17660.0    1.0
at_least_one_positive_image_by_area[1075]  1.000  0.000   1.000    1.000      0.000      NaN   40000.0   40000.0    NaN
at_least_one_positive_image_by_area[1076]  0.151  0.190   0.000    0.537      0.002    0.002   16652.0   18143.0    1.0
at_least_one_positive_image_by_area[1077]  0.112  0.157   0.000    0.407      0.001    0.002   15406.0   18956.0    1.0
at_least_one_positive_image_by_area[1078]  0.197  0.229   0.000    0.688      0.002    0.002   16365.0   19664.0    1.0
at_least_one_positive_image_by_area[1079]  0.113  0.166   0.000    0.435      0.001    0.002   14097.0   17017.0    1.0
at_least_one_positive_image_by_area[1080]  1.000  0.000   1.000    1.000      0.000      NaN   40000.0   40000.0    NaN
at_least_one_positive_image_by_area[1081]  0.216  0.237   0.000    0.723      0.002    0.002   17419.0   15576.0    1.0
at_least_one_positive_image_by_area[1082]  0.293  0.246   0.002    0.787      0.002    0.001   14002.0   14247.0    1.0
at_least_one_positive_image_by_area[1083]  0.138  0.202   0.000    0.569      0.002    0.002   12137.0   14057.0    1.0
at_least_one_positive_image_by_area[1084]  0.034  0.089   0.000    0.137      0.001    0.003   12890.0   11056.0    1.0
at_least_one_positive_image_by_area[1085]  0.080  0.155   0.000    0.359      0.001    0.002   12521.0   16298.0    1.0
at_least_one_positive_image_by_area[1086]  0.159  0.219   0.000    0.637      0.002    0.002   18181.0   16777.0    1.0
at_least_one_positive_image_by_area[1087]  0.067  0.154   0.000    0.329      0.001    0.002   12541.0   17963.0    1.0
at_least_one_positive_image_by_area[1088]  0.236  0.284   0.000    0.873      0.002    0.002   17103.0   18035.0    1.0
at_least_one_positive_image_by_area[1089]  0.118  0.195   0.000    0.525      0.002    0.002   10932.0   13844.0    1.0
at_least_one_positive_image_by_area[1090]  0.111  0.176   0.000    0.456      0.001    0.002   11292.0   15342.0    1.0
at_least_one_positive_image_by_area[1091]  0.131  0.202   0.000    0.558      0.002    0.002   12545.0   16094.0    1.0
at_least_one_positive_image_by_area[1092]  0.182  0.243   0.000    0.732      0.002    0.002   18781.0   16887.0    1.0
at_least_one_positive_image_by_area[1093]  0.077  0.129   0.000    0.297      0.001    0.002   12903.0   12006.0    1.0
at_least_one_positive_image_by_area[1094]  0.098  0.158   0.000    0.398      0.001    0.002   12808.0   15414.0    1.0
at_least_one_positive_image_by_area[1095]  0.317  0.289   0.000    0.901      0.002    0.001   14334.0   13643.0    1.0
at_least_one_positive_image_by_area[1096]  0.094  0.150   0.000    0.370      0.001    0.002   14686.0   18963.0    1.0
at_least_one_positive_image_by_area[1097]  0.173  0.230   0.000    0.679      0.002    0.002   15621.0   18925.0    1.0
at_least_one_positive_image_by_area[1098]  0.315  0.282   0.001    0.884      0.002    0.001   17386.0   15560.0    1.0
at_least_one_positive_image_by_area[1099]  0.112  0.149   0.000    0.396      0.001    0.002   14727.0   13557.0    1.0
at_least_one_positive_image_by_area[1100]  0.223  0.220   0.000    0.672      0.002    0.001   16683.0   15379.0    1.0
at_least_one_positive_image_by_area[1101]  0.478  0.359   0.013    1.000      0.003    0.001   10585.0   13517.0    1.0
at_least_one_positive_image_by_area[1102]  0.394  0.306   0.001    0.952      0.002    0.001   18676.0   13402.0    1.0
at_least_one_positive_image_by_area[1103]  0.604  0.318   0.083    1.000      0.002    0.001   17920.0   11709.0    1.0
at_least_one_positive_image_by_area[1104]  0.143  0.209   0.000    0.588      0.002    0.002   10696.0   14934.0    1.0
at_least_one_positive_image_by_area[1105]  0.657  0.303   0.127    1.000      0.002    0.001   16799.0   15274.0    1.0
at_least_one_positive_image_by_area[1106]  0.285  0.268   0.000    0.844      0.002    0.001   17970.0   14880.0    1.0
at_least_one_positive_image_by_area[1107]  0.317  0.287   0.000    0.900      0.002    0.001   17805.0   13827.0    1.0
at_least_one_positive_image_by_area[1108]  0.466  0.341   0.022    1.000      0.003    0.001   15396.0   15092.0    1.0
at_least_one_positive_image_by_area[1109]  0.196  0.233   0.000    0.706      0.002    0.002   17678.0   17056.0    1.0
at_least_one_positive_image_by_area[1110]  0.218  0.237   0.000    0.721      0.002    0.002   19135.0   15120.0    1.0
at_least_one_positive_image_by_area[1111]  1.000  0.000   1.000    1.000      0.000      NaN   40000.0   40000.0    NaN
at_least_one_positive_image_by_area[1112]  0.172  0.216   0.000    0.635      0.002    0.002   18074.0   17032.0    1.0
at_least_one_positive_image_by_area[1113]  0.142  0.201   0.000    0.567      0.001    0.002   21317.0   15866.0    1.0
at_least_one_positive_image_by_area[1114]  0.137  0.199   0.000    0.559      0.001    0.002   16531.0   12997.0    1.0
at_least_one_positive_image_by_area[1115]  1.000  0.000   1.000    1.000      0.000      NaN   40000.0   40000.0    NaN
at_least_one_positive_image_by_area[1116]  1.000  0.000   1.000    1.000      0.000      NaN   40000.0   40000.0    NaN
at_least_one_positive_image_by_area[1117]  0.341  0.301   0.000    0.933      0.002    0.001   18510.0   16458.0    1.0
at_least_one_positive_image_by_area[1118]  1.000  0.000   1.000    1.000      0.000      NaN   40000.0   40000.0    NaN
at_least_one_positive_image_by_area[1119]  1.000  0.000   1.000    1.000      0.000      NaN   40000.0   40000.0    NaN
at_least_one_positive_image_by_area[1120]  0.299  0.265   0.001    0.841      0.002    0.001   16934.0   19261.0    1.0
at_least_one_positive_image_by_area[1121]  0.727  0.295   0.152    1.000      0.002    0.001   16128.0   12956.0    1.0
at_least_one_positive_image_by_area[1122]  1.000  0.000   1.000    1.000      0.000      NaN   40000.0   40000.0    NaN
at_least_one_positive_image_by_area[1123]  0.462  0.304   0.055    1.000      0.002    0.001   18041.0   16411.0    1.0
at_least_one_positive_image_by_area[1124]  0.434  0.326   0.025    1.000      0.002    0.001   18857.0   16886.0    1.0
at_least_one_positive_image_by_area[1125]  0.207  0.262   0.000    0.809      0.002    0.002   17048.0   19415.0    1.0
at_least_one_positive_image_by_area[1126]  0.072  0.131   0.000    0.294      0.001    0.002   16903.0   19453.0    1.0
at_least_one_positive_image_by_area[1127]  0.303  0.265   0.000    0.845      0.002    0.001   18136.0   17646.0    1.0
at_least_one_positive_image_by_area[1128]  0.924  0.180   0.548    1.000      0.002    0.004   12432.0    9155.0    1.0
at_least_one_positive_image_by_area[1129]  0.293  0.288   0.000    0.885      0.002    0.001   14702.0   16370.0    1.0
at_least_one_positive_image_by_area[1130]  0.161  0.212   0.000    0.616      0.002    0.002   15327.0   11594.0    1.0
at_least_one_positive_image_by_area[1131]  0.102  0.144   0.000    0.370      0.001    0.002   15613.0   16577.0    1.0
at_least_one_positive_image_by_area[1132]  0.102  0.178   0.000    0.454      0.001    0.002   17853.0   18622.0    1.0
at_least_one_positive_image_by_area[1133]  0.184  0.227   0.000    0.675      0.002    0.002   17077.0   17589.0    1.0
at_least_one_positive_image_by_area[1134]  0.243  0.259   0.000    0.797      0.002    0.002   14927.0   14909.0    1.0
at_least_one_positive_image_by_area[1135]  0.887  0.204   0.438    1.000      0.002    0.003   13669.0    9289.0    1.0
at_least_one_positive_image_by_area[1136]  1.000  0.000   1.000    1.000      0.000      NaN   40000.0   40000.0    NaN
at_least_one_positive_image_by_area[1137]  0.193  0.246   0.000    0.749      0.002    0.002   18538.0   11829.0    1.0
at_least_one_positive_image_by_area[1138]  0.187  0.188   0.000    0.563      0.001    0.002   16687.0   17486.0    1.0
at_least_one_positive_image_by_area[1139]  0.917  0.144   0.622    1.000      0.001    0.002   18020.0   15393.0    1.0
at_least_one_positive_image_by_area[1140]  0.246  0.259   0.000    0.803      0.002    0.002   17687.0   15770.0    1.0
at_least_one_positive_image_by_area[1141]  0.455  0.337   0.026    1.000      0.003    0.001   17039.0   11525.0    1.0
at_least_one_positive_image_by_area[1142]  1.000  0.000   1.000    1.000      0.000      NaN   40000.0   40000.0    NaN
at_least_one_positive_image_by_area[1143]  0.221  0.244   0.000    0.746      0.002    0.002   18751.0   16740.0    1.0
at_least_one_positive_image_by_area[1144]  1.000  0.000   1.000    1.000      0.000      NaN   40000.0   40000.0    NaN
at_least_one_positive_image_by_area[1145]  0.399  0.292   0.004    0.937      0.002    0.001   18824.0   17807.0    1.0
at_least_one_positive_image_by_area[1146]  0.452  0.360   0.011    1.000      0.003    0.001   15585.0   14641.0    1.0
at_least_one_positive_image_by_area[1147]  0.435  0.340   0.019    1.000      0.003    0.001   15853.0   16364.0    1.0
at_least_one_positive_image_by_area[1148]  1.000  0.000   1.000    1.000      0.000      NaN   40000.0   40000.0    NaN
at_least_one_positive_image_by_area[1149]  0.064  0.124   0.000    0.263      0.001    0.002   12683.0   15655.0    1.0
at_least_one_positive_image_by_area[1150]  0.046  0.088   0.000    0.176      0.001    0.002   13977.0   16602.0    1.0
at_least_one_positive_image_by_area[1151]  0.293  0.280   0.000    0.876      0.002    0.001   17692.0   12489.0    1.0
at_least_one_positive_image_by_area[1152]  0.083  0.161   0.000    0.385      0.001    0.002   14611.0   16173.0    1.0
at_least_one_positive_image_by_area[1153]  0.040  0.079   0.000    0.148      0.001    0.002   13678.0   17314.0    1.0
at_least_one_positive_image_by_area[1154]  1.000  0.000   1.000    1.000      0.000      NaN   40000.0   40000.0    NaN
at_least_one_positive_image_by_area[1155]  0.140  0.178   0.000    0.495      0.001    0.002   17699.0   13867.0    1.0
at_least_one_positive_image_by_area[1156]  0.091  0.175   0.000    0.432      0.002    0.002   12402.0   10946.0    1.0
at_least_one_positive_image_by_area[1157]  0.119  0.219   0.000    0.618      0.002    0.002   16121.0   17439.0    1.0
at_least_one_positive_image_by_area[1158]  0.269  0.250   0.001    0.785      0.002    0.001   20197.0   18709.0    1.0
at_least_one_positive_image_by_area[1159]  0.441  0.291   0.061    1.000      0.002    0.001   15884.0   16139.0    1.0
at_least_one_positive_image_by_area[1160]  0.140  0.195   0.000    0.540      0.002    0.003   14415.0   11154.0    1.0
at_least_one_positive_image_by_area[1161]  0.163  0.224   0.000    0.658      0.002    0.002   14873.0   12685.0    1.0
at_least_one_positive_image_by_area[1162]  0.175  0.238   0.000    0.716      0.002    0.002   19214.0   20725.0    1.0
at_least_one_positive_image_by_area[1163]  1.000  0.000   1.000    1.000      0.000      NaN   40000.0   40000.0    NaN
at_least_one_positive_image_by_area[1164]  0.137  0.197   0.000    0.550      0.001    0.002   18285.0   16328.0    1.0
at_least_one_positive_image_by_area[1165]  0.167  0.201   0.000    0.584      0.001    0.002   17679.0   18996.0    1.0
at_least_one_positive_image_by_area[1166]  0.209  0.256   0.000    0.778      0.002    0.002   18804.0   18281.0    1.0
at_least_one_positive_image_by_area[1167]  0.301  0.273   0.001    0.865      0.002    0.001   16800.0   18275.0    1.0
at_least_one_positive_image_by_area[1168]  0.465  0.334   0.031    1.000      0.003    0.001   14198.0   16646.0    1.0
at_least_one_positive_image_by_area[1169]  0.109  0.175   0.000    0.457      0.001    0.002   15518.0   16917.0    1.0
at_least_one_positive_image_by_area[1170]  0.074  0.126   0.000    0.290      0.001    0.002   16134.0   14983.0    1.0
at_least_one_positive_image_by_area[1171]  0.263  0.250   0.001    0.784      0.002    0.001   15650.0   18357.0    1.0
at_least_one_positive_image_by_area[1172]  0.124  0.180   0.000    0.489      0.001    0.002   17937.0   15081.0    1.0
at_least_one_positive_image_by_area[1173]  0.095  0.163   0.000    0.408      0.001    0.002   16585.0   18096.0    1.0
at_least_one_positive_image_by_area[1174]  0.137  0.204   0.000    0.582      0.002    0.002   16654.0   19231.0    1.0
at_least_one_positive_image_by_area[1175]  0.165  0.215   0.000    0.630      0.002    0.002   16509.0   17935.0    1.0
at_least_one_positive_image_by_area[1176]  0.137  0.189   0.000    0.525      0.001    0.002   15055.0   13904.0    1.0
at_least_one_positive_image_by_area[1177]  0.545  0.329   0.049    1.000      0.003    0.001   16195.0   14294.0    1.0
at_least_one_positive_image_by_area[1178]  0.202  0.226   0.000    0.683      0.002    0.002   15491.0   16628.0    1.0
at_least_one_positive_image_by_area[1179]  0.185  0.242   0.000    0.723      0.002    0.002   19585.0   20508.0    1.0
at_least_one_positive_image_by_area[1180]  0.082  0.131   0.000    0.306      0.001    0.002   13764.0   13529.0    1.0
at_least_one_positive_image_by_area[1181]  0.244  0.244   0.001    0.761      0.002    0.002   15320.0   10617.0    1.0
at_least_one_positive_image_by_area[1182]  0.330  0.276   0.001    0.880      0.002    0.001   14681.0   10780.0    1.0
at_least_one_positive_image_by_area[1183]  1.000  0.000   1.000    1.000      0.000      NaN   40000.0   40000.0    NaN
at_least_one_positive_image_by_area[1184]  0.344  0.289   0.001    0.911      0.002    0.001   14770.0   15475.0    1.0
at_least_one_positive_image_by_area[1185]  0.130  0.180   0.000    0.493      0.001    0.002   15353.0   15400.0    1.0
at_least_one_positive_image_by_area[1186]  0.241  0.255   0.000    0.788      0.002    0.002   20032.0   21251.0    1.0
at_least_one_positive_image_by_area[1187]  1.000  0.000   1.000    1.000      0.000      NaN   40000.0   40000.0    NaN
at_least_one_positive_image_by_area[1188]  0.095  0.136   0.000    0.341      0.001    0.002   15714.0   15998.0    1.0
at_least_one_positive_image_by_area[1189]  0.222  0.238   0.000    0.731      0.002    0.002   14317.0   14330.0    1.0
at_least_one_positive_image_by_area[1190]  0.069  0.126   0.000    0.278      0.001    0.002   15143.0   14526.0    1.0
at_least_one_positive_image_by_area[1191]  0.295  0.291   0.000    0.897      0.002    0.001   15650.0   16811.0    1.0
at_least_one_positive_image_by_area[1192]  0.073  0.150   0.000    0.335      0.001    0.002   14151.0   15594.0    1.0
at_least_one_positive_image_by_area[1193]  0.139  0.213   0.000    0.604      0.002    0.002   15749.0   16802.0    1.0
at_least_one_positive_image_by_area[1194]  0.110  0.191   0.000    0.504      0.002    0.002   12362.0   16032.0    1.0
at_least_one_positive_image_by_area[1195]  0.130  0.201   0.000    0.556      0.002    0.003   13937.0   13418.0    1.0
at_least_one_positive_image_by_area[1196]  0.205  0.249   0.000    0.754      0.002    0.002   15756.0   15190.0    1.0
at_least_one_positive_image_by_area[1197]  0.361  0.313   0.000    0.951      0.002    0.001   16285.0   17359.0    1.0
at_least_one_positive_image_by_area[1198]  0.925  0.188   0.593    1.000      0.003    0.005   12271.0    6395.0    1.0
at_least_one_positive_image_by_area[1199]  0.238  0.250   0.000    0.767      0.002    0.002   12962.0   15053.0    1.0
at_least_one_positive_image_by_area[1200]  0.043  0.105   0.000    0.186      0.001    0.002   12954.0   13141.0    1.0
at_least_one_positive_image_by_area[1201]  0.512  0.313   0.064    1.000      0.002    0.001   16466.0   11856.0    1.0
at_least_one_positive_image_by_area[1202]  0.239  0.239   0.001    0.740      0.002    0.002   17561.0   13613.0    1.0
at_least_one_positive_image_by_area[1203]  0.211  0.233   0.000    0.707      0.002    0.002   14890.0   15023.0    1.0
at_least_one_positive_image_by_area[1204]  0.340  0.288   0.001    0.907      0.002    0.001   15448.0   13224.0    1.0
at_least_one_positive_image_by_area[1205]  1.000  0.000   1.000    1.000      0.000      NaN   40000.0   40000.0    NaN
at_least_one_positive_image_by_area[1206]  0.193  0.233   0.000    0.707      0.002    0.003   13359.0    9034.0    1.0
at_least_one_positive_image_by_area[1207]  1.000  0.000   1.000    1.000      0.000      NaN   40000.0   40000.0    NaN
at_least_one_positive_image_by_area[1208]  0.123  0.189   0.000    0.514      0.001    0.002   16232.0   17467.0    1.0
at_least_one_positive_image_by_area[1209]  0.300  0.265   0.001    0.841      0.002    0.001   12684.0   15498.0    1.0
at_least_one_positive_image_by_area[1210]  0.062  0.131   0.000    0.261      0.001    0.002   13580.0   17961.0    1.0
at_least_one_positive_image_by_area[1211]  0.177  0.228   0.000    0.676      0.002    0.002   16627.0   18783.0    1.0
at_least_one_positive_image_by_area[1212]  0.224  0.244   0.000    0.747      0.002    0.002   16549.0   18934.0    1.0
at_least_one_positive_image_by_area[1213]  0.296  0.275   0.001    0.865      0.002    0.002   15934.0   12427.0    1.0
at_least_one_positive_image_by_area[1214]  0.275  0.264   0.000    0.830      0.002    0.001   18556.0   18547.0    1.0
at_least_one_positive_image_by_area[1215]  0.607  0.321   0.079    1.000      0.003    0.001   15853.0   17228.0    1.0
at_least_one_positive_image_by_area[1216]  1.000  0.000   1.000    1.000      0.000      NaN   40000.0   40000.0    NaN
at_least_one_positive_image_by_area[1217]  0.177  0.213   0.000    0.632      0.002    0.002   16287.0   14535.0    1.0
at_least_one_positive_image_by_area[1218]  0.103  0.185   0.000    0.481      0.002    0.002   13906.0   15452.0    1.0
at_least_one_positive_image_by_area[1219]  0.387  0.287   0.005    0.927      0.002    0.001   16573.0   13155.0    1.0
at_least_one_positive_image_by_area[1220]  0.553  0.311   0.082    1.000      0.002    0.001   18088.0   15593.0    1.0
at_least_one_positive_image_by_area[1221]  0.336  0.287   0.001    0.906      0.002    0.001   20636.0   15574.0    1.0
at_least_one_positive_image_by_area[1222]  0.583  0.307   0.095    1.000      0.002    0.001   20726.0   18436.0    1.0
at_least_one_positive_image_by_area[1223]  1.000  0.000   1.000    1.000      0.000      NaN   40000.0   40000.0    NaN
at_least_one_positive_image_by_area[1224]  0.499  0.306   0.067    1.000      0.002    0.001   16654.0   12482.0    1.0
at_least_one_positive_image_by_area[1225]  1.000  0.000   1.000    1.000      0.000      NaN   40000.0   40000.0    NaN
at_least_one_positive_image_by_area[1226]  0.403  0.296   0.007    0.947      0.002    0.001   19531.0   16756.0    1.0
at_least_one_positive_image_by_area[1227]  1.000  0.000   1.000    1.000      0.000      NaN   40000.0   40000.0    NaN
at_least_one_positive_image_by_area[1228]  0.414  0.296   0.006    0.952      0.002    0.001   18109.0   16342.0    1.0
at_least_one_positive_image_by_area[1229]  0.139  0.182   0.000    0.512      0.001    0.002   16640.0   17551.0    1.0
at_least_one_positive_image_by_area[1230]  0.061  0.111   0.000    0.233      0.001    0.002   17065.0   17008.0    1.0
at_least_one_positive_image_by_area[1231]  0.080  0.139   0.000    0.316      0.001    0.002   15377.0   12611.0    1.0
at_least_one_positive_image_by_area[1232]  0.100  0.167   0.000    0.420      0.001    0.002   17352.0   16103.0    1.0
at_least_one_positive_image_by_area[1233]  0.243  0.245   0.000    0.764      0.002    0.002   17111.0   12302.0    1.0
at_least_one_positive_image_by_area[1234]  0.339  0.289   0.001    0.909      0.002    0.001   15473.0   13658.0    1.0
at_least_one_positive_image_by_area[1235]  0.253  0.246   0.001    0.768      0.002    0.002   19224.0   16908.0    1.0
at_least_one_positive_image_by_area[1236]  1.000  0.000   1.000    1.000      0.000      NaN   40000.0   40000.0    NaN
at_least_one_positive_image_by_area[1237]  0.251  0.250   0.000    0.777      0.002    0.002   15258.0   10822.0    1.0
at_least_one_positive_image_by_area[1238]  1.000  0.000   1.000    1.000      0.000      NaN   40000.0   40000.0    NaN
at_least_one_positive_image_by_area[1239]  0.269  0.253   0.001    0.794      0.002    0.002   17308.0   13370.0    1.0
at_least_one_positive_image_by_area[1240]  0.213  0.223   0.001    0.680      0.002    0.002   16156.0   16417.0    1.0
at_least_one_positive_image_by_area[1241]  0.654  0.306   0.123    1.000      0.002    0.001   15612.0   15352.0    1.0
at_least_one_positive_image_by_area[1242]  0.383  0.281   0.003    0.911      0.002    0.001   15351.0   17876.0    1.0
at_least_one_positive_image_by_area[1243]  0.119  0.178   0.000    0.475      0.001    0.002   17092.0   16590.0    1.0
at_least_one_positive_image_by_area[1244]  0.535  0.333   0.050    1.000      0.003    0.001   16477.0   15910.0    1.0
at_least_one_positive_image_by_area[1245]  0.212  0.247   0.000    0.753      0.002    0.002   18368.0   19375.0    1.0
at_least_one_positive_image_by_area[1246]  0.154  0.199   0.000    0.568      0.002    0.002   13996.0   16105.0    1.0
at_least_one_positive_image_by_area[1247]  0.326  0.290   0.001    0.912      0.002    0.002   14984.0   12095.0    1.0
at_least_one_positive_image_by_area[1248]  0.051  0.100   0.000    0.196      0.001    0.002   13174.0   13704.0    1.0
at_least_one_positive_image_by_area[1249]  0.249  0.255   0.000    0.792      0.002    0.002   16872.0   13699.0    1.0
at_least_one_positive_image_by_area[1250]  0.468  0.373   0.012    1.000      0.003    0.001   13079.0   16153.0    1.0
at_least_one_positive_image_by_area[1251]  0.171  0.213   0.000    0.622      0.002    0.002   15500.0   16282.0    1.0
at_least_one_positive_image_by_area[1252]  0.194  0.272   0.000    0.829      0.002    0.002   14966.0   14850.0    1.0
at_least_one_positive_image_by_area[1253]  0.108  0.159   0.000    0.415      0.001    0.002   15254.0   16835.0    1.0
at_least_one_positive_image_by_area[1254]  1.000  0.000   1.000    1.000      0.000      NaN   40000.0   40000.0    NaN
at_least_one_positive_image_by_area[1255]  0.111  0.173   0.000    0.449      0.001    0.002   16962.0   19254.0    1.0
at_least_one_positive_image_by_area[1256]  0.174  0.200   0.000    0.583      0.002    0.002   15508.0   16494.0    1.0
at_least_one_positive_image_by_area[1257]  0.317  0.291   0.000    0.897      0.002    0.001   16349.0   19600.0    1.0
at_least_one_positive_image_by_area[1258]  1.000  0.000   1.000    1.000      0.000      NaN   40000.0   40000.0    NaN
at_least_one_positive_image_by_area[1259]  0.267  0.263   0.000    0.822      0.002    0.002   15240.0   14736.0    1.0
at_least_one_positive_image_by_area[1260]  0.190  0.221   0.000    0.653      0.002    0.002   17485.0   18459.0    1.0
at_least_one_positive_image_by_area[1261]  0.993  0.036   0.979    1.000      0.000    0.003   15493.0   14060.0    1.0
at_least_one_positive_image_by_area[1262]  0.420  0.292   0.010    0.947      0.002    0.001   17356.0   19259.0    1.0
at_least_one_positive_image_by_area[1263]  1.000  0.000   1.000    1.000      0.000      NaN   40000.0   40000.0    NaN
at_least_one_positive_image_by_area[1264]  1.000  0.000   1.000    1.000      0.000      NaN   40000.0   40000.0    NaN
at_least_one_positive_image_by_area[1265]  0.122  0.183   0.000    0.494      0.001    0.002   15332.0   12041.0    1.0
at_least_one_positive_image_by_area[1266]  0.678  0.286   0.167    1.000      0.002    0.001   16321.0   15792.0    1.0
at_least_one_positive_image_by_area[1267]  1.000  0.000   1.000    1.000      0.000      NaN   40000.0   40000.0    NaN
at_least_one_positive_image_by_area[1268]  0.158  0.208   0.000    0.600      0.002    0.002   13646.0   14840.0    1.0
at_least_one_positive_image_by_area[1269]  0.302  0.278   0.000    0.872      0.002    0.001   18274.0   19128.0    1.0
at_least_one_positive_image_by_area[1270]  0.135  0.183   0.000    0.508      0.001    0.002   16382.0   17604.0    1.0
at_least_one_positive_image_by_area[1271]  0.162  0.208   0.000    0.603      0.002    0.002   14833.0   13658.0    1.0
at_least_one_positive_image_by_area[1272]  0.219  0.240   0.000    0.731      0.002    0.002   13250.0   13500.0    1.0
at_least_one_positive_image_by_area[1273]  0.067  0.120   0.000    0.262      0.001    0.002   15472.0   18702.0    1.0
at_least_one_positive_image_by_area[1274]  0.179  0.226   0.000    0.671      0.002    0.002   16255.0   18366.0    1.0
at_least_one_positive_image_by_area[1275]  0.187  0.205   0.001    0.607      0.002    0.002   14063.0   14939.0    1.0
at_least_one_positive_image_by_area[1276]  0.111  0.148   0.000    0.388      0.001    0.002   13408.0   14510.0    1.0
at_least_one_positive_image_by_area[1277]  0.134  0.192   0.000    0.531      0.001    0.002   15287.0   16369.0    1.0
at_least_one_positive_image_by_area[1278]  0.261  0.262   0.000    0.816      0.002    0.002   15604.0   18692.0    1.0
at_least_one_positive_image_by_area[1279]  0.137  0.187   0.000    0.514      0.001    0.002   16266.0   19162.0    1.0
at_least_one_positive_image_by_area[1280]  0.097  0.145   0.000    0.364      0.001    0.002   15495.0   16065.0    1.0
at_least_one_positive_image_by_area[1281]  0.171  0.201   0.000    0.580      0.002    0.002   16806.0   19047.0    1.0
at_least_one_positive_image_by_area[1282]  0.122  0.190   0.000    0.507      0.001    0.002   15630.0   18083.0    1.0
at_least_one_positive_image_by_area[1283]  0.345  0.289   0.001    0.911      0.002    0.001   22524.0   20240.0    1.0
at_least_one_positive_image_by_area[1284]  0.336  0.307   0.000    0.937      0.002    0.001   13389.0   13637.0    1.0
at_least_one_positive_image_by_area[1285]  0.102  0.161   0.000    0.408      0.001    0.002   11931.0   11561.0    1.0
at_least_one_positive_image_by_area[1286]  0.137  0.208   0.000    0.584      0.002    0.002   12664.0   16166.0    1.0
at_least_one_positive_image_by_area[1287]  0.296  0.243   0.003    0.782      0.002    0.001   18075.0   16329.0    1.0
at_least_one_positive_image_by_area[1288]  0.093  0.174   0.000    0.430      0.001    0.002   13534.0   18174.0    1.0
at_least_one_positive_image_by_area[1289]  0.027  0.068   0.000    0.103      0.001    0.002   10724.0   11352.0    1.0
at_least_one_positive_image_by_area[1290]  0.063  0.110   0.000    0.238      0.001    0.002   15407.0   17119.0    1.0
at_least_one_positive_image_by_area[1291]  0.014  0.043   0.000    0.051      0.000    0.002   11168.0   15328.0    1.0
at_least_one_positive_image_by_area[1292]  0.110  0.158   0.000    0.413      0.001    0.002   15794.0   16081.0    1.0
at_least_one_positive_image_by_area[1293]  0.128  0.181   0.000    0.496      0.002    0.002   11406.0   11101.0    1.0
at_least_one_positive_image_by_area[1294]  0.058  0.108   0.000    0.226      0.001    0.002   15364.0   15616.0    1.0
at_least_one_positive_image_by_area[1295]  0.062  0.118   0.000    0.253      0.001    0.002   10885.0   12033.0    1.0
at_least_one_positive_image_by_area[1296]  0.213  0.253   0.000    0.769      0.002    0.002   17819.0   11445.0    1.0
at_least_one_positive_image_by_area[1297]  0.059  0.121   0.000    0.251      0.001    0.002   13643.0   15626.0    1.0
at_least_one_positive_image_by_area[1298]  0.232  0.296   0.000    0.900      0.002    0.002   15367.0   18830.0    1.0
at_least_one_positive_image_by_area[1299]  0.241  0.249   0.000    0.768      0.002    0.002   12216.0   12107.0    1.0
at_least_one_positive_image_by_area[1300]  0.154  0.201   0.000    0.571      0.002    0.003   12962.0   11634.0    1.0
at_least_one_positive_image_by_area[1301]  0.302  0.268   0.001    0.847      0.002    0.001   15474.0   17636.0    1.0
at_least_one_positive_image_by_area[1302]  0.939  0.148   0.669    1.000      0.002    0.003   15752.0   10644.0    1.0
at_least_one_positive_image_by_area[1303]  0.343  0.289   0.001    0.910      0.002    0.001   16625.0   17077.0    1.0
at_least_one_positive_image_by_area[1304]  0.321  0.283   0.001    0.894      0.002    0.001   15774.0   13820.0    1.0
at_least_one_positive_image_by_area[1305]  0.265  0.271   0.000    0.843      0.002    0.002   18444.0   19782.0    1.0
at_least_one_positive_image_by_area[1306]  0.218  0.230   0.000    0.703      0.002    0.002   12931.0   14336.0    1.0
at_least_one_positive_image_by_area[1307]  0.116  0.164   0.000    0.432      0.001    0.002   15595.0   20263.0    1.0
at_least_one_positive_image_by_area[1308]  0.157  0.199   0.000    0.572      0.002    0.002   14676.0   17514.0    1.0
at_least_one_positive_image_by_area[1309]  0.173  0.222   0.000    0.651      0.002    0.002   15764.0   16071.0    1.0
at_least_one_positive_image_by_area[1310]  0.073  0.128   0.000    0.294      0.001    0.002   13499.0   11098.0    1.0
at_least_one_positive_image_by_area[1311]  0.101  0.161   0.000    0.406      0.001    0.002   16271.0   15402.0    1.0
at_least_one_positive_image_by_area[1312]  0.260  0.271   0.000    0.836      0.002    0.001   15679.0   16860.0    1.0
at_least_one_positive_image_by_area[1313]  0.112  0.167   0.000    0.437      0.001    0.002   15061.0   16664.0    1.0
at_least_one_positive_image_by_area[1314]  0.227  0.257   0.000    0.785      0.002    0.002   18208.0   18363.0    1.0
at_least_one_positive_image_by_area[1315]  0.044  0.095   0.000    0.179      0.001    0.002   13946.0   14515.0    1.0
at_least_one_positive_image_by_area[1316]  0.329  0.275   0.002    0.876      0.002    0.001   18592.0   15388.0    1.0
at_least_one_positive_image_by_area[1317]  0.065  0.117   0.000    0.253      0.001    0.002   14056.0   14583.0    1.0
at_least_one_positive_image_by_area[1318]  0.052  0.094   0.000    0.191      0.001    0.002   15556.0   16072.0    1.0
at_least_one_positive_image_by_area[1319]  0.016  0.041   0.000    0.056      0.000    0.001   15189.0   15248.0    1.0
at_least_one_positive_image_by_area[1320]  0.018  0.042   0.000    0.064      0.000    0.001   17080.0   17896.0    1.0
at_least_one_positive_image_by_area[1321]  0.021  0.047   0.000    0.076      0.000    0.001   15933.0   14415.0    1.0
at_least_one_positive_image_by_area[1322]  1.000  0.000   1.000    1.000      0.000      NaN   40000.0   40000.0    NaN
at_least_one_positive_image_by_area[1323]  0.145  0.188   0.000    0.526      0.001    0.002   15648.0   18779.0    1.0
at_least_one_positive_image_by_area[1324]  0.091  0.143   0.000    0.350      0.001    0.002   17088.0   16825.0    1.0
at_least_one_positive_image_by_area[1325]  0.088  0.140   0.000    0.339      0.001    0.002   18613.0   19080.0    1.0
at_least_one_positive_image_by_area[1326]  0.459  0.334   0.030    1.000      0.003    0.001   16822.0   20238.0    1.0
at_least_one_positive_image_by_area[1327]  0.209  0.235   0.000    0.715      0.002    0.002   16573.0   17956.0    1.0
at_least_one_positive_image_by_area[1328]  0.057  0.094   0.000    0.204      0.001    0.001   17126.0   15502.0    1.0
at_least_one_positive_image_by_area[1329]  0.085  0.137   0.000    0.333      0.001    0.002   16954.0   17167.0    1.0
at_least_one_positive_image_by_area[1330]  0.117  0.160   0.000    0.425      0.001    0.002   18180.0   18709.0    1.0
at_least_one_positive_image_by_area[1331]  0.122  0.170   0.000    0.455      0.001    0.002   18206.0   14031.0    1.0
at_least_one_positive_image_by_area[1332]  0.305  0.284   0.000    0.896      0.002    0.001   16982.0   14451.0    1.0
at_least_one_positive_image_by_area[1333]  0.053  0.098   0.000    0.203      0.001    0.002   14526.0   11433.0    1.0
at_least_one_positive_image_by_area[1334]  0.090  0.137   0.000    0.343      0.001    0.002   16077.0   12216.0    1.0
at_least_one_positive_image_by_area[1335]  0.079  0.138   0.000    0.313      0.001    0.002   16966.0   17391.0    1.0
at_least_one_positive_image_by_area[1336]  0.145  0.208   0.000    0.586      0.002    0.002   17966.0   18476.0    1.0
at_least_one_positive_image_by_area[1337]  0.146  0.195   0.000    0.554      0.002    0.002   14444.0   14906.0    1.0
at_least_one_positive_image_by_area[1338]  0.106  0.169   0.000    0.431      0.001    0.002   16290.0   21528.0    1.0
at_least_one_positive_image_by_area[1339]  0.054  0.101   0.000    0.206      0.001    0.002   15928.0   15581.0    1.0
at_least_one_positive_image_by_area[1340]  0.070  0.127   0.000    0.287      0.001    0.002   18488.0   19570.0    1.0
at_least_one_positive_image_by_area[1341]  0.859  0.223   0.358    1.000      0.002    0.002   16945.0   11808.0    1.0
at_least_one_positive_image_by_area[1342]  0.860  0.231   0.332    1.000      0.002    0.003   15533.0   10050.0    1.0
at_least_one_positive_image_by_area[1343]  0.089  0.136   0.000    0.335      0.001    0.003   14759.0   11105.0    1.0
at_least_one_positive_image_by_area[1344]  0.000  0.000   0.000    0.000      0.000      NaN   40000.0   40000.0    NaN
at_least_one_positive_image_by_area[1345]  0.225  0.240   0.000    0.737      0.002    0.002   19275.0   17160.0    1.0
at_least_one_positive_image_by_area[1346]  0.247  0.254   0.000    0.784      0.002    0.001   16692.0   13837.0    1.0
at_least_one_positive_image_by_area[1347]  0.354  0.289   0.002    0.914      0.002    0.001   17943.0   13894.0    1.0
at_least_one_positive_image_by_area[1348]  0.256  0.260   0.000    0.804      0.002    0.001   15159.0   14135.0    1.0
at_least_one_positive_image_by_area[1349]  0.304  0.282   0.000    0.878      0.002    0.001   16615.0   13005.0    1.0
at_least_one_positive_image_by_area[1350]  0.167  0.215   0.000    0.632      0.002    0.002   16018.0   14532.0    1.0
at_least_one_positive_image_by_area[1351]  0.137  0.182   0.000    0.509      0.001    0.002   17417.0   16582.0    1.0
at_least_one_positive_image_by_area[1352]  1.000  0.000   1.000    1.000      0.000      NaN   40000.0   40000.0    NaN
at_least_one_positive_image_by_area[1353]  0.296  0.276   0.000    0.866      0.002    0.001   15709.0   11532.0    1.0
at_least_one_positive_image_by_area[1354]  0.096  0.150   0.000    0.369      0.001    0.002   16038.0   18019.0    1.0
at_least_one_positive_image_by_area[1355]  0.077  0.130   0.000    0.303      0.001    0.002   16154.0   16534.0    1.0
at_least_one_positive_image_by_area[1356]  0.140  0.182   0.000    0.503      0.002    0.002   14487.0   16153.0    1.0
at_least_one_positive_image_by_area[1357]  0.173  0.221   0.000    0.651      0.002    0.002   13955.0   13155.0    1.0
at_least_one_positive_image_by_area[1358]  0.145  0.180   0.000    0.508      0.001    0.002   13646.0   14227.0    1.0
at_least_one_positive_image_by_area[1359]  0.208  0.221   0.000    0.672      0.002    0.002   15486.0   16845.0    1.0
at_least_one_positive_image_by_area[1360]  0.049  0.084   0.000    0.175      0.001    0.002   16450.0   18642.0    1.0
at_least_one_positive_image_by_area[1361]  0.454  0.330   0.027    1.000      0.003    0.001   12077.0   12951.0    1.0
at_least_one_positive_image_by_area[1362]  0.105  0.152   0.000    0.393      0.001    0.002   16378.0   19506.0    1.0
at_least_one_positive_image_by_area[1363]  0.163  0.223   0.000    0.650      0.002    0.002   12394.0   10154.0    1.0
at_least_one_positive_image_by_area[1364]  0.122  0.172   0.000    0.459      0.001    0.002   13731.0   14678.0    1.0
at_least_one_positive_image_by_area[1365]  0.403  0.347   0.000    0.989      0.003    0.001   16489.0   17384.0    1.0
at_least_one_positive_image_by_area[1366]  0.513  0.357   0.009    1.000      0.003    0.001   10459.0   10593.0    1.0
at_least_one_positive_image_by_area[1367]  0.275  0.295   0.000    0.911      0.002    0.001   14662.0   18344.0    1.0
at_least_one_positive_image_by_area[1368]  0.185  0.231   0.000    0.687      0.002    0.002   12937.0   11761.0    1.0
at_least_one_positive_image_by_area[1369]  0.329  0.319   0.000    0.958      0.003    0.001   13536.0   12536.0    1.0
at_least_one_positive_image_by_area[1370]  0.212  0.233   0.000    0.708      0.002    0.002   12392.0   13524.0    1.0
at_least_one_positive_image_by_area[1371]  0.104  0.163   0.000    0.412      0.001    0.002   13343.0   13818.0    1.0
at_least_one_positive_image_by_area[1372]  0.092  0.155   0.000    0.374      0.001    0.002   11535.0   10136.0    1.0
at_least_one_positive_image_by_area[1373]  0.135  0.189   0.000    0.522      0.001    0.002   14137.0   14082.0    1.0
at_least_one_positive_image_by_area[1374]  0.063  0.116   0.000    0.252      0.001    0.002   12927.0   17550.0    1.0
at_least_one_positive_image_by_area[1375]  0.093  0.154   0.000    0.376      0.001    0.002   16449.0   17338.0    1.0
at_least_one_positive_image_by_area[1376]  0.057  0.103   0.000    0.214      0.001    0.002   10521.0   11692.0    1.0
at_least_one_positive_image_by_area[1377]  0.167  0.195   0.000    0.564      0.001    0.002   14237.0   18000.0    1.0
at_least_one_positive_image_by_area[1378]  0.019  0.043   0.000    0.065      0.001    0.004    8717.0   10791.0    1.0
at_least_one_positive_image_by_area[1379]  0.039  0.088   0.000    0.152      0.001    0.002   14418.0   17902.0    1.0
at_least_one_positive_image_by_area[1380]  0.106  0.161   0.000    0.410      0.002    0.004   10111.0   11014.0    1.0
at_least_one_positive_image_by_area[1381]  0.092  0.145   0.000    0.358      0.001    0.002   13462.0   16961.0    1.0
at_least_one_positive_image_by_area[1382]  0.048  0.091   0.000    0.181      0.001    0.003    9628.0   11335.0    1.0
at_least_one_positive_image_by_area[1383]  0.044  0.086   0.000    0.166      0.001    0.002   12843.0   12325.0    1.0
at_least_one_positive_image_by_area[1384]  0.043  0.093   0.000    0.169      0.001    0.002   11247.0   14240.0    1.0
at_least_one_positive_image_by_area[1385]  0.063  0.113   0.000    0.245      0.001    0.002   13676.0   15721.0    1.0
at_least_one_positive_image_by_area[1386]  0.110  0.186   0.000    0.487      0.002    0.003   11799.0   10769.0    1.0
at_least_one_positive_image_by_area[1387]  0.253  0.280   0.000    0.867      0.002    0.002   14289.0   15436.0    1.0
at_least_one_positive_image_by_area[1388]  0.148  0.217   0.000    0.616      0.002    0.002   11709.0   14827.0    1.0
at_least_one_positive_image_by_area[1389]  0.204  0.235   0.000    0.710      0.002    0.002   16402.0   16598.0    1.0
at_least_one_positive_image_by_area[1390]  0.097  0.156   0.000    0.389      0.001    0.002   11113.0   13695.0    1.0
at_least_one_positive_image_by_area[1391]  0.253  0.251   0.000    0.785      0.002    0.002   16744.0   17123.0    1.0
at_least_one_positive_image_by_area[1392]  0.108  0.163   0.000    0.425      0.001    0.002   14701.0   19120.0    1.0
at_least_one_positive_image_by_area[1393]  0.154  0.219   0.000    0.636      0.002    0.002   12143.0   12204.0    1.0
at_least_one_positive_image_by_area[1394]  0.112  0.165   0.000    0.436      0.001    0.002   17921.0   19480.0    1.0
at_least_one_positive_image_by_area[1395]  0.085  0.142   0.000    0.346      0.001    0.002    9896.0   11294.0    1.0
at_least_one_positive_image_by_area[1396]  0.133  0.196   0.000    0.539      0.002    0.002   12306.0   17464.0    1.0
at_least_one_positive_image_by_area[1397]  0.085  0.139   0.000    0.334      0.001    0.002   14355.0   10801.0    1.0
at_least_one_positive_image_by_area[1398]  0.228  0.268   0.000    0.821      0.002    0.002   11140.0   12063.0    1.0
at_least_one_positive_image_by_area[1399]  0.170  0.209   0.000    0.614      0.002    0.002   13270.0   14782.0    1.0
at_least_one_positive_image_by_area[1400]  0.322  0.352   0.000    0.981      0.003    0.001   10209.0   12567.0    1.0
at_least_one_positive_image_by_area[1401]  0.041  0.083   0.000    0.156      0.001    0.002   13377.0   16414.0    1.0
at_least_one_positive_image_by_area[1402]  0.146  0.203   0.000    0.578      0.002    0.002    9985.0   13838.0    1.0
at_least_one_positive_image_by_area[1403]  0.028  0.066   0.000    0.106      0.000    0.002   13327.0   16336.0    1.0
at_least_one_positive_image_by_area[1404]  0.049  0.104   0.000    0.199      0.001    0.002   10883.0   12518.0    1.0
at_least_one_positive_image_by_area[1405]  0.072  0.123   0.000    0.282      0.001    0.002   14249.0   17948.0    1.0
at_least_one_positive_image_by_area[1406]  0.044  0.094   0.000    0.177      0.001    0.002    9390.0   12184.0    1.0
at_least_one_positive_image_by_area[1407]  0.036  0.074   0.000    0.135      0.001    0.001   14336.0   19784.0    1.0
at_least_one_positive_image_by_area[1408]  0.193  0.275   0.000    0.835      0.002    0.002    8188.0   13603.0    1.0
at_least_one_positive_image_by_area[1409]  0.064  0.120   0.000    0.262      0.001    0.002   16867.0   14917.0    1.0
at_least_one_positive_image_by_area[1410]  0.116  0.193   0.000    0.518      0.002    0.002    8939.0   11459.0    1.0
at_least_one_positive_image_by_area[1411]  0.362  0.284   0.002    0.909      0.002    0.001   15395.0   10737.0    1.0
at_least_one_positive_image_by_area[1412]  0.096  0.161   0.000    0.410      0.001    0.002    9170.0   11425.0    1.0
at_least_one_positive_image_by_area[1413]  0.106  0.152   0.000    0.397      0.001    0.002   14282.0   16766.0    1.0
at_least_one_positive_image_by_area[1414]  0.035  0.080   0.000    0.137      0.001    0.003    8054.0    8933.0    1.0
at_least_one_positive_image_by_area[1415]  0.107  0.163   0.000    0.423      0.001    0.002   14809.0   16584.0    1.0
at_least_one_positive_image_by_area[1416]  0.105  0.165   0.000    0.423      0.001    0.002   18842.0   22198.0    1.0
at_least_one_positive_image_by_area[1417]  0.078  0.138   0.000    0.314      0.001    0.002   13850.0   13561.0    1.0
at_least_one_positive_image_by_area[1418]  0.059  0.121   0.000    0.247      0.001    0.002    9600.0   11510.0    1.0
at_least_one_positive_image_by_area[1419]  0.047  0.116   0.000    0.208      0.001    0.003   11133.0   16034.0    1.0
at_least_one_positive_image_by_area[1420]  0.243  0.265   0.000    0.815      0.002    0.002   18270.0   18606.0    1.0
at_least_one_positive_image_by_area[1421]  0.242  0.249   0.000    0.767      0.002    0.002   15736.0   18175.0    1.0
at_least_one_positive_image_by_area[1422]  1.000  0.000   1.000    1.000      0.000      NaN   40000.0   40000.0    NaN
at_least_one_positive_image_by_area[1423]  0.132  0.170   0.000    0.469      0.001    0.002   18623.0   18344.0    1.0
at_least_one_positive_image_by_area[1424]  0.499  0.313   0.060    1.000      0.002    0.001   15955.0   13329.0    1.0
at_least_one_positive_image_by_area[1425]  1.000  0.000   1.000    1.000      0.000      NaN   40000.0   40000.0    NaN
at_least_one_positive_image_by_area[1426]  0.387  0.305   0.002    0.954      0.002    0.001   18160.0   16236.0    1.0
at_least_one_positive_image_by_area[1427]  0.090  0.167   0.000    0.411      0.001    0.002    9250.0   13934.0    1.0
at_least_one_positive_image_by_area[1428]  0.016  0.059   0.000    0.059      0.000    0.002    9594.0   12592.0    1.0
at_least_one_positive_image_by_area[1429]  0.527  0.317   0.067    1.000      0.002    0.001   18686.0   17736.0    1.0
at_least_one_positive_image_by_area[1430]  0.146  0.225   0.000    0.657      0.002    0.002   10184.0   15983.0    1.0
at_least_one_positive_image_by_area[1431]  0.172  0.201   0.000    0.589      0.002    0.002   16301.0   15461.0    1.0
at_least_one_positive_image_by_area[1432]  0.224  0.248   0.000    0.764      0.002    0.002   19235.0   15529.0    1.0
at_least_one_positive_image_by_area[1433]  0.273  0.259   0.000    0.811      0.002    0.001   18864.0   19185.0    1.0
at_least_one_positive_image_by_area[1434]  0.032  0.092   0.000    0.130      0.001    0.002    9231.0   10138.0    1.0
at_least_one_positive_image_by_area[1435]  0.226  0.243   0.000    0.747      0.002    0.002   17745.0   19235.0    1.0
at_least_one_positive_image_by_area[1436]  0.098  0.150   0.000    0.378      0.001    0.002   16537.0   16116.0    1.0
at_least_one_positive_image_by_area[1437]  0.398  0.286   0.007    0.927      0.002    0.001   16100.0   14741.0    1.0
at_least_one_positive_image_by_area[1438]  0.083  0.166   0.000    0.398      0.001    0.002    9602.0   11598.0    1.0
at_least_one_positive_image_by_area[1439]  0.374  0.297   0.002    0.937      0.002    0.001   13720.0   14331.0    1.0
at_least_one_positive_image_by_area[1440]  0.039  0.105   0.000    0.169      0.001    0.002    9544.0   10288.0    1.0
at_least_one_positive_image_by_area[1441]  0.317  0.287   0.001    0.900      0.002    0.001   16611.0   15853.0    1.0
at_least_one_positive_image_by_area[1442]  0.116  0.160   0.000    0.426      0.001    0.002   16231.0   18305.0    1.0
at_least_one_positive_image_by_area[1443]  0.153  0.199   0.000    0.563      0.002    0.002   15604.0   18139.0    1.0
at_least_one_positive_image_by_area[1444]  0.021  0.052   0.000    0.079      0.000    0.001    8426.0   12002.0    1.0
at_least_one_positive_image_by_area[1445]  0.102  0.159   0.000    0.406      0.001    0.002   14281.0   17401.0    1.0
at_least_one_positive_image_by_area[1446]  0.102  0.149   0.000    0.379      0.001    0.002   17546.0   21752.0    1.0
at_least_one_positive_image_by_area[1447]  0.144  0.227   0.000    0.662      0.002    0.002   12452.0   16663.0    1.0
at_least_one_positive_image_by_area[1448]  0.052  0.101   0.000    0.200      0.001    0.002   16228.0   19823.0    1.0
at_least_one_positive_image_by_area[1449]  0.127  0.187   0.000    0.506      0.001    0.002   17664.0   16142.0    1.0
at_least_one_positive_image_by_area[1450]  0.016  0.037   0.000    0.058      0.000    0.001    7199.0    9451.0    1.0
at_least_one_positive_image_by_area[1451]  0.092  0.138   0.000    0.341      0.001    0.002   15766.0   18088.0    1.0
at_least_one_positive_image_by_area[1452]  0.143  0.175   0.000    0.492      0.001    0.002   16924.0   20602.0    1.0
at_least_one_positive_image_by_area[1453]  0.252  0.221   0.003    0.699      0.002    0.001   18246.0   18465.0    1.0
at_least_one_positive_image_by_area[1454]  0.058  0.131   0.000    0.264      0.001    0.002   11878.0   17412.0    1.0
at_least_one_positive_image_by_area[1455]  0.030  0.074   0.000    0.119      0.001    0.002    8620.0   11223.0    1.0
at_least_one_positive_image_by_area[1456]  0.104  0.173   0.000    0.435      0.001    0.002   17331.0   21738.0    1.0
at_least_one_positive_image_by_area[1457]  0.046  0.077   0.000    0.158      0.001    0.001   15640.0   14942.0    1.0
at_least_one_positive_image_by_area[1458]  0.074  0.118   0.000    0.272      0.001    0.002   14667.0   13041.0    1.0
at_least_one_positive_image_by_area[1459]  0.052  0.127   0.000    0.240      0.001    0.003    9679.0   12835.0    1.0
at_least_one_positive_image_by_area[1460]  0.047  0.109   0.000    0.194      0.001    0.002    8532.0   13615.0    1.0
at_least_one_positive_image_by_area[1461]  0.122  0.178   0.000    0.475      0.001    0.002   18091.0   18710.0    1.0
at_least_one_positive_image_by_area[1462]  0.034  0.081   0.000    0.134      0.001    0.002    8604.0   11852.0    1.0
at_least_one_positive_image_by_area[1463]  0.060  0.089   0.000    0.203      0.001    0.002   15786.0   14368.0    1.0
at_least_one_positive_image_by_area[1464]  0.036  0.084   0.000    0.144      0.001    0.002    8991.0   12182.0    1.0
at_least_one_positive_image_by_area[1465]  0.062  0.100   0.000    0.220      0.001    0.002   17287.0   19655.0    1.0
at_least_one_positive_image_by_area[1466]  0.040  0.073   0.000    0.142      0.001    0.002   14216.0   19223.0    1.0
at_least_one_positive_image_by_area[1467]  0.088  0.135   0.000    0.328      0.001    0.002   11340.0   12756.0    1.0
at_least_one_positive_image_by_area[1468]  0.055  0.109   0.000    0.223      0.001    0.002   13299.0   13392.0    1.0
at_least_one_positive_image_by_area[1469]  0.056  0.101   0.000    0.209      0.001    0.002   12389.0   13246.0    1.0
at_least_one_positive_image_by_area[1470]  0.077  0.135   0.000    0.316      0.001    0.002   11090.0   15095.0    1.0
at_least_one_positive_image_by_area[1471]  0.096  0.164   0.000    0.412      0.001    0.002    9711.0    9648.0    1.0
at_least_one_positive_image_by_area[1472]  0.086  0.138   0.000    0.332      0.001    0.002   13509.0   11589.0    1.0
at_least_one_positive_image_by_area[1473]  0.233  0.243   0.000    0.750      0.002    0.002   12123.0   15956.0    1.0
at_least_one_positive_image_by_area[1474]  0.038  0.085   0.000    0.150      0.001    0.002   12986.0   18249.0    1.0
at_least_one_positive_image_by_area[1475]  0.035  0.075   0.000    0.132      0.001    0.002   10649.0   17640.0    1.0
at_least_one_positive_image_by_area[1476]  0.131  0.192   0.000    0.527      0.002    0.002    9830.0    9088.0    1.0
at_least_one_positive_image_by_area[1477]  0.126  0.180   0.000    0.485      0.001    0.002   13442.0   13138.0    1.0
at_least_one_positive_image_by_area[1478]  0.065  0.108   0.000    0.243      0.001    0.002   13789.0   13131.0    1.0
at_least_one_positive_image_by_area[1479]  0.076  0.131   0.000    0.298      0.001    0.002   10681.0   15861.0    1.0
at_least_one_positive_image_by_area[1480]  0.008  0.024   0.000    0.027      0.000    0.001   11604.0   13808.0    1.0
at_least_one_positive_image_by_area[1481]  0.057  0.094   0.000    0.202      0.001    0.002   15031.0   15299.0    1.0
at_least_one_positive_image_by_area[1482]  0.074  0.124   0.000    0.283      0.001    0.002   13907.0   16643.0    1.0
at_least_one_positive_image_by_area[1483]  0.137  0.188   0.000    0.522      0.002    0.002   16432.0   13308.0    1.0
at_least_one_positive_image_by_area[1484]  0.223  0.268   0.000    0.820      0.002    0.002   18288.0   19957.0    1.0
at_least_one_positive_image_by_area[1485]  0.053  0.091   0.000    0.190      0.001    0.002   15852.0   21189.0    1.0
at_least_one_positive_image_by_area[1486]  0.046  0.085   0.000    0.174      0.001    0.002   14020.0   20137.0    1.0
at_least_one_positive_image_by_area[1487]  0.046  0.080   0.000    0.166      0.001    0.001   13004.0   14850.0    1.0
at_least_one_positive_image_by_area[1488]  0.105  0.167   0.000    0.429      0.001    0.002   13568.0   18563.0    1.0
at_least_one_positive_image_by_area[1489]  0.035  0.077   0.000    0.137      0.001    0.002   11252.0    9744.0    1.0
at_least_one_positive_image_by_area[1490]  0.009  0.028   0.000    0.034      0.000    0.001   13786.0   17903.0    1.0
at_least_one_positive_image_by_area[1491]  0.008  0.023   0.000    0.029      0.000    0.002   12031.0   15628.0    1.0
at_least_one_positive_image_by_area[1492]  0.052  0.091   0.000    0.190      0.001    0.002   10002.0   14736.0    1.0
at_least_one_positive_image_by_area[1493]  0.031  0.067   0.000    0.114      0.001    0.002   12170.0   17544.0    1.0
at_least_one_positive_image_by_area[1494]  0.089  0.141   0.000    0.337      0.001    0.002   11052.0   12311.0    1.0
at_least_one_positive_image_by_area[1495]  0.081  0.149   0.000    0.345      0.001    0.002   13840.0   15244.0    1.0
at_least_one_positive_image_by_area[1496]  0.046  0.097   0.000    0.182      0.001    0.002   14299.0   17256.0    1.0
at_least_one_positive_image_by_area[1497]  0.065  0.130   0.000    0.266      0.001    0.002   13115.0   17138.0    1.0
at_least_one_positive_image_by_area[1498]  0.194  0.229   0.000    0.687      0.002    0.002   14313.0   13687.0    1.0
at_least_one_positive_image_by_area[1499]  0.067  0.119   0.000    0.261      0.001    0.002   11592.0   14218.0    1.0
at_least_one_positive_image_by_area[1500]  0.192  0.229   0.000    0.684      0.002    0.002   15243.0   17836.0    1.0
at_least_one_positive_image_by_area[1501]  0.072  0.134   0.000    0.297      0.001    0.002   13742.0   15561.0    1.0
at_least_one_positive_image_by_area[1502]  0.183  0.244   0.000    0.734      0.002    0.002   17800.0   18228.0    1.0
at_least_one_positive_image_by_area[1503]  0.123  0.172   0.000    0.464      0.001    0.002   11902.0   16651.0    1.0
at_least_one_positive_image_by_area[1504]  0.153  0.199   0.000    0.568      0.001    0.002   16949.0   21118.0    1.0
at_least_one_positive_image_by_area[1505]  0.860  0.247   0.266    1.000      0.003    0.003   14842.0   11736.0    1.0
at_least_one_positive_image_by_area[1506]  0.263  0.268   0.000    0.830      0.002    0.002   12946.0   16004.0    1.0
at_least_one_positive_image_by_area[1507]  0.555  0.334   0.055    1.000      0.003    0.001   15778.0   13348.0    1.0
at_least_one_positive_image_by_area[1508]  0.088  0.143   0.000    0.348      0.001    0.002   13704.0   14360.0    1.0
at_least_one_positive_image_by_area[1509]  1.000  0.000   1.000    1.000      0.000      NaN   40000.0   40000.0    NaN
at_least_one_positive_image_by_area[1510]  0.087  0.142   0.000    0.346      0.001    0.002   15142.0   18818.0    1.0
at_least_one_positive_image_by_area[1511]  0.167  0.235   0.000    0.706      0.002    0.002   15506.0   18000.0    1.0
at_least_one_positive_image_by_area[1512]  0.312  0.267   0.002    0.852      0.002    0.001   18147.0   19672.0    1.0
at_least_one_positive_image_by_area[1513]  0.083  0.133   0.000    0.314      0.001    0.002   15316.0   18145.0    1.0
at_least_one_positive_image_by_area[1514]  0.167  0.220   0.000    0.651      0.002    0.002   13253.0    9897.0    1.0
at_least_one_positive_image_by_area[1515]  0.122  0.173   0.000    0.467      0.001    0.002   16741.0   17776.0    1.0
at_least_one_positive_image_by_area[1516]  0.072  0.120   0.000    0.272      0.001    0.002   13558.0   18787.0    1.0
at_least_one_positive_image_by_area[1517]  0.285  0.271   0.001    0.846      0.002    0.001   17597.0   21128.0    1.0
at_least_one_positive_image_by_area[1518]  0.487  0.306   0.062    1.000      0.003    0.001   11282.0   12417.0    1.0
at_least_one_positive_image_by_area[1519]  0.040  0.080   0.000    0.147      0.001    0.002   15200.0   16651.0    1.0
at_least_one_positive_image_by_area[1520]  0.153  0.188   0.000    0.538      0.002    0.002   11802.0   14337.0    1.0
at_least_one_positive_image_by_area[1521]  0.045  0.086   0.000    0.172      0.001    0.002   16077.0   19914.0    1.0
at_least_one_positive_image_by_area[1522]  0.245  0.244   0.001    0.756      0.002    0.002   13019.0   13261.0    1.0
at_least_one_positive_image_by_area[1523]  0.056  0.101   0.000    0.209      0.001    0.002   14018.0   18385.0    1.0
at_least_one_positive_image_by_area[1524]  0.109  0.161   0.000    0.415      0.001    0.002   14133.0   12343.0    1.0
at_least_one_positive_image_by_area[1525]  0.307  0.290   0.000    0.901      0.002    0.001   13411.0    9760.0    1.0
at_least_one_positive_image_by_area[1526]  1.000  0.000   1.000    1.000      0.000      NaN   40000.0   40000.0    NaN
at_least_one_positive_image_by_area[1527]  0.090  0.142   0.000    0.351      0.001    0.002   12711.0   15314.0    1.0
at_least_one_positive_image_by_area[1528]  0.642  0.316   0.099    1.000      0.002    0.001   17583.0   13071.0    1.0
at_least_one_positive_image_by_area[1529]  0.048  0.082   0.000    0.172      0.001    0.001   11407.0   13918.0    1.0
at_least_one_positive_image_by_area[1530]  0.162  0.200   0.000    0.578      0.001    0.002   20247.0   19161.0    1.0
at_least_one_positive_image_by_area[1531]  0.964  0.118   0.824    1.000      0.001    0.004   13667.0    9584.0    1.0
at_least_one_positive_image_by_area[1532]  0.750  0.257   0.249    1.000      0.002    0.001   21093.0   18927.0    1.0
at_least_one_positive_image_by_area[1533]  0.271  0.262   0.000    0.819      0.002    0.002   15108.0   12391.0    1.0
at_least_one_positive_image_by_area[1534]  0.591  0.305   0.100    1.000      0.002    0.001   21270.0   17216.0    1.0
at_least_one_positive_image_by_area[1535]  1.000  0.000   1.000    1.000      0.000      NaN   40000.0   40000.0    NaN
at_least_one_positive_image_by_area[1536]  0.111  0.160   0.000    0.416      0.001    0.002   16359.0   11197.0    1.0
at_least_one_positive_image_by_area[1537]  0.012  0.035   0.000    0.042      0.000    0.001   16765.0   20594.0    1.0
at_least_one_positive_image_by_area[1538]  0.316  0.270   0.001    0.854      0.002    0.001   19311.0   15683.0    1.0
at_least_one_positive_image_by_area[1539]  0.763  0.301   0.133    1.000      0.003    0.002   15878.0   14942.0    1.0
at_least_one_positive_image_by_area[1540]  0.181  0.217   0.000    0.647      0.001    0.002   21723.0   19091.0    1.0
at_least_one_positive_image_by_area[1541]  0.442  0.303   0.051    1.000      0.002    0.001   19685.0   17782.0    1.0
at_least_one_positive_image_by_area[1542]  0.139  0.196   0.000    0.550      0.002    0.002   17020.0   20270.0    1.0
at_least_one_positive_image_by_area[1543]  1.000  0.000   1.000    1.000      0.000      NaN   40000.0   40000.0    NaN
at_least_one_positive_image_by_area[1544]  0.322  0.276   0.001    0.875      0.002    0.001   20564.0   18897.0    1.0
at_least_one_positive_image_by_area[1545]  1.000  0.000   1.000    1.000      0.000      NaN   40000.0   40000.0    NaN
at_least_one_positive_image_by_area[1546]  0.066  0.093   0.000    0.223      0.001    0.002   17093.0   17372.0    1.0
at_least_one_positive_image_by_area[1547]  1.000  0.000   1.000    1.000      0.000      NaN   40000.0   40000.0    NaN
at_least_one_positive_image_by_area[1548]  0.670  0.302   0.131    1.000      0.002    0.001   19028.0   15785.0    1.0
at_least_one_positive_image_by_area[1549]  0.469  0.293   0.071    1.000      0.002    0.001   15945.0   11616.0    1.0
at_least_one_positive_image_by_area[1550]  1.000  0.000   1.000    1.000      0.000      NaN   40000.0   40000.0    NaN
at_least_one_positive_image_by_area[1551]  1.000  0.000   1.000    1.000      0.000      NaN   40000.0   40000.0    NaN
at_least_one_positive_image_by_area[1552]  0.325  0.279   0.001    0.887      0.002    0.001   19381.0   18940.0    1.0
at_least_one_positive_image_by_area[1553]  0.814  0.224   0.354    1.000      0.002    0.002   19201.0   18472.0    1.0
at_least_one_positive_image_by_area[1554]  0.150  0.176   0.000    0.500      0.001    0.002   17022.0   17986.0    1.0
at_least_one_positive_image_by_area[1555]  0.012  0.027   0.000    0.040      0.000    0.001   14063.0   17327.0    1.0
at_least_one_positive_image_by_area[1556]  0.034  0.073   0.000    0.127      0.001    0.002   14416.0   12909.0    1.0
at_least_one_positive_image_by_area[1557]  0.129  0.163   0.000    0.448      0.001    0.002   15406.0   13731.0    1.0
at_least_one_positive_image_by_area[1558]  0.476  0.296   0.071    1.000      0.002    0.001   20724.0   21041.0    1.0
at_least_one_positive_image_by_area[1559]  0.054  0.102   0.000    0.208      0.001    0.002   16885.0   15524.0    1.0
at_least_one_positive_image_by_area[1560]  0.052  0.079   0.000    0.174      0.001    0.001   17412.0   19013.0    1.0
at_least_one_positive_image_by_area[1561]  0.285  0.274   0.000    0.857      0.002    0.001   16425.0   20074.0    1.0
at_least_one_positive_image_by_area[1562]  0.309  0.301   0.000    0.924      0.002    0.001   15878.0   12206.0    1.0
at_least_one_positive_image_by_area[1563]  0.325  0.281   0.001    0.886      0.002    0.001   16345.0   16331.0    1.0
at_least_one_positive_image_by_area[1564]  0.266  0.264   0.000    0.819      0.002    0.001   17481.0   18815.0    1.0
at_least_one_positive_image_by_area[1565]  1.000  0.000   1.000    1.000      0.000      NaN   40000.0   40000.0    NaN
at_least_one_positive_image_by_area[1566]  0.469  0.330   0.037    1.000      0.003    0.001   15239.0   13751.0    1.0
at_least_one_positive_image_by_area[1567]  0.425  0.334   0.022    1.000      0.002    0.001   17647.0   19613.0    1.0
at_least_one_positive_image_by_area[1568]  0.677  0.331   0.079    1.000      0.003    0.001   16259.0   19638.0    1.0
at_least_one_positive_image_by_area[1569]  0.289  0.287   0.000    0.890      0.002    0.002   16300.0   17507.0    1.0
at_least_one_positive_image_by_area[1570]  0.405  0.318   0.002    0.974      0.002    0.001   16506.0   19324.0    1.0
at_least_one_positive_image_by_area[1571]  0.508  0.309   0.065    1.000      0.002    0.001   17220.0   18631.0    1.0
at_least_one_positive_image_by_area[1572]  0.232  0.247   0.000    0.761      0.002    0.002   15433.0   15327.0    1.0
at_least_one_positive_image_by_area[1573]  0.074  0.129   0.000    0.301      0.001    0.002   16244.0   14421.0    1.0
at_least_one_positive_image_by_area[1574]  0.106  0.163   0.000    0.425      0.001    0.002   16625.0   18919.0    1.0
at_least_one_positive_image_by_area[1575]  0.104  0.159   0.000    0.406      0.001    0.002   16241.0   19104.0    1.0
at_least_one_positive_image_by_area[1576]  0.027  0.056   0.000    0.096      0.000    0.001   13834.0   10622.0    1.0
at_least_one_positive_image_by_area[1577]  0.097  0.148   0.000    0.372      0.001    0.002   16681.0   11889.0    1.0
at_least_one_positive_image_by_area[1578]  0.061  0.103   0.000    0.225      0.001    0.002   17364.0   18373.0    1.0
at_least_one_positive_image_by_area[1579]  0.674  0.301   0.135    1.000      0.002    0.001   20127.0   16802.0    1.0
at_least_one_positive_image_by_area[1580]  0.200  0.239   0.000    0.727      0.002    0.002   17630.0   12619.0    1.0
at_least_one_positive_image_by_area[1581]  0.234  0.233   0.000    0.723      0.002    0.002   15662.0   14890.0    1.0
at_least_one_positive_image_by_area[1582]  1.000  0.000   1.000    1.000      0.000      NaN   40000.0   40000.0    NaN
at_least_one_positive_image_by_area[1583]  0.398  0.296   0.004    0.944      0.002    0.001   19021.0   16903.0    1.0
at_least_one_positive_image_by_area[1584]  0.129  0.177   0.000    0.487      0.001    0.002   19711.0   11592.0    1.0
at_least_one_positive_image_by_area[1585]  0.130  0.171   0.000    0.465      0.001    0.002   15060.0   13284.0    1.0
at_least_one_positive_image_by_area[1586]  0.086  0.126   0.000    0.308      0.001    0.002   20092.0   19678.0    1.0
at_least_one_positive_image_by_area[1587]  1.000  0.000   1.000    1.000      0.000      NaN   40000.0   40000.0    NaN
at_least_one_positive_image_by_area[1588]  0.993  0.038   0.982    1.000      0.000    0.002   18265.0   14552.0    1.0
at_least_one_positive_image_by_area[1589]  1.000  0.000   1.000    1.000      0.000      NaN   40000.0   40000.0    NaN
at_least_one_positive_image_by_area[1590]  0.189  0.210   0.000    0.625      0.001    0.002   21487.0   20668.0    1.0
at_least_one_positive_image_by_area[1591]  0.540  0.332   0.050    1.000      0.003    0.001   15238.0   11756.0    1.0
at_least_one_positive_image_by_area[1592]  0.668  0.293   0.149    1.000      0.002    0.001   19067.0   19699.0    1.0
at_least_one_positive_image_by_area[1593]  1.000  0.000   1.000    1.000      0.000      NaN   40000.0   40000.0    NaN
at_least_one_positive_image_by_area[1594]  0.089  0.127   0.000    0.314      0.001    0.002   14942.0   16314.0    1.0
at_least_one_positive_image_by_area[1595]  0.266  0.265   0.000    0.829      0.002    0.002   18084.0   16286.0    1.0
at_least_one_positive_image_by_area[1596]  0.187  0.207   0.000    0.616      0.002    0.002   17733.0   17432.0    1.0
at_least_one_positive_image_by_area[1597]  0.393  0.285   0.005    0.925      0.002    0.001   16380.0   14464.0    1.0
at_least_one_positive_image_by_area[1598]  0.168  0.200   0.000    0.586      0.002    0.002   16485.0   17494.0    1.0
at_least_one_positive_image_by_area[1599]  0.758  0.282   0.185    1.000      0.003    0.002   16256.0   14412.0    1.0
at_least_one_positive_image_by_area[1600]  0.345  0.287   0.001    0.910      0.002    0.001   19240.0   16140.0    1.0
at_least_one_positive_image_by_area[1601]  1.000  0.000   1.000    1.000      0.000      NaN   40000.0   40000.0    NaN
at_least_one_positive_image_by_area[1602]  0.648  0.310   0.103    1.000      0.003    0.001   17871.0   13634.0    1.0
at_least_one_positive_image_by_area[1603]  0.168  0.200   0.000    0.579      0.001    0.002   15619.0   17311.0    1.0
at_least_one_positive_image_by_area[1604]  0.290  0.284   0.000    0.886      0.002    0.001   20689.0   19102.0    1.0
at_least_one_positive_image_by_area[1605]  0.497  0.310   0.061    1.000      0.002    0.001   16047.0   14343.0    1.0
at_least_one_positive_image_by_area[1606]  0.107  0.147   0.000    0.381      0.001    0.002   17284.0   18086.0    1.0
at_least_one_positive_image_by_area[1607]  0.105  0.165   0.000    0.419      0.001    0.002   15024.0   17296.0    1.0
at_least_one_positive_image_by_area[1608]  0.070  0.135   0.000    0.293      0.001    0.002   19274.0   18263.0    1.0
at_least_one_positive_image_by_area[1609]  0.026  0.055   0.000    0.095      0.000    0.001   17426.0   20774.0    1.0
at_least_one_positive_image_by_area[1610]  0.049  0.090   0.000    0.181      0.001    0.001   16001.0   15363.0    1.0
at_least_one_positive_image_by_area[1611]  0.055  0.110   0.000    0.216      0.001    0.003   18625.0   16825.0    1.0
at_least_one_positive_image_by_area[1612]  0.473  0.304   0.059    1.000      0.002    0.001   17831.0   16593.0    1.0
at_least_one_positive_image_by_area[1613]  0.364  0.315   0.000    0.960      0.002    0.001   17458.0   12447.0    1.0
at_least_one_positive_image_by_area[1614]  0.463  0.309   0.051    1.000      0.002    0.001   19042.0   17390.0    1.0
at_least_one_positive_image_by_area[1615]  0.491  0.320   0.050    1.000      0.003    0.001   15231.0   16361.0    1.0
at_least_one_positive_image_by_area[1616]  0.000  0.000   0.000    0.000      0.000      NaN   40000.0   40000.0    NaN
at_least_one_positive_image_by_area[1617]  0.491  0.306   0.064    1.000      0.002    0.001   17807.0   16593.0    1.0
at_least_one_positive_image_by_area[1618]  0.571  0.337   0.058    1.000      0.003    0.001   18212.0   16504.0    1.0
at_least_one_positive_image_by_area[1619]  0.089  0.135   0.000    0.333      0.001    0.002   13514.0   14388.0    1.0
at_least_one_positive_image_by_area[1620]  0.085  0.131   0.000    0.317      0.001    0.002   18885.0   20627.0    1.0
at_least_one_positive_image_by_area[1621]  0.414  0.298   0.004    0.950      0.002    0.001   19416.0   19669.0    1.0
at_least_one_positive_image_by_area[1622]  0.176  0.251   0.000    0.765      0.002    0.002   16615.0   14000.0    1.0
at_least_one_positive_image_by_area[1623]  1.000  0.000   1.000    1.000      0.000      NaN   40000.0   40000.0    NaN
at_least_one_positive_image_by_area[1624]  0.712  0.296   0.150    1.000      0.002    0.001   18500.0   15463.0    1.0
at_least_one_positive_image_by_area[1625]  0.404  0.305   0.003    0.955      0.002    0.001   19847.0   15602.0    1.0
at_least_one_positive_image_by_area[1626]  0.492  0.310   0.061    1.000      0.002    0.001   18292.0   16731.0    1.0
at_least_one_positive_image_by_area[1627]  1.000  0.000   1.000    1.000      0.000      NaN   40000.0   40000.0    NaN
at_least_one_positive_image_by_area[1628]  0.220  0.237   0.000    0.726      0.002    0.002   16422.0   16639.0    1.0
at_least_one_positive_image_by_area[1629]  0.203  0.241   0.000    0.728      0.002    0.002   21269.0   18635.0    1.0
at_least_one_positive_image_by_area[1630]  0.066  0.107   0.000    0.241      0.001    0.002   17953.0   18308.0    1.0
at_least_one_positive_image_by_area[1631]  0.374  0.286   0.006    0.918      0.002    0.001   21488.0   16595.0    1.0
at_least_one_positive_image_by_area[1632]  0.053  0.100   0.000    0.205      0.001    0.002   15475.0   14257.0    1.0
at_least_one_positive_image_by_area[1633]  1.000  0.000   1.000    1.000      0.000      NaN   40000.0   40000.0    NaN
at_least_one_positive_image_by_area[1634]  0.383  0.290   0.004    0.928      0.002    0.001   18222.0   19866.0    1.0
at_least_one_positive_image_by_area[1635]  0.039  0.085   0.000    0.150      0.001    0.002   14032.0   18375.0    1.0
at_least_one_positive_image_by_area[1636]  0.059  0.105   0.000    0.224      0.001    0.002   15925.0   17095.0    1.0
at_least_one_positive_image_by_area[1637]  0.146  0.187   0.000    0.528      0.001    0.002   15945.0   19713.0    1.0
at_least_one_positive_image_by_area[1638]  0.088  0.141   0.000    0.340      0.001    0.002   16679.0   16337.0    1.0
at_least_one_positive_image_by_area[1639]  1.000  0.000   1.000    1.000      0.000      NaN   40000.0   40000.0    NaN
at_least_one_positive_image_by_area[1640]  1.000  0.000   1.000    1.000      0.000      NaN   40000.0   40000.0    NaN
at_least_one_positive_image_by_area[1641]  0.760  0.291   0.161    1.000      0.003    0.002   13161.0    9894.0    1.0
at_least_one_positive_image_by_area[1642]  0.528  0.318   0.064    1.000      0.003    0.001   16846.0   18820.0    1.0
at_least_one_positive_image_by_area[1643]  0.205  0.235   0.000    0.712      0.002    0.002   17761.0   17018.0    1.0
at_least_one_positive_image_by_area[1644]  0.114  0.161   0.000    0.422      0.001    0.002   14819.0   17185.0    1.0
at_least_one_positive_image_by_area[1645]  0.224  0.247   0.000    0.758      0.002    0.002   17725.0   15140.0    1.0
at_least_one_positive_image_by_area[1646]  0.651  0.309   0.104    1.000      0.002    0.001   20481.0   11699.0    1.0
at_least_one_positive_image_by_area[1647]  0.200  0.233   0.000    0.705      0.002    0.002   19858.0   18259.0    1.0
at_least_one_positive_image_by_area[1648]  0.192  0.239   0.000    0.721      0.002    0.002   16657.0   14438.0    1.0
at_least_one_positive_image_by_area[1649]  0.365  0.301   0.000    0.939      0.002    0.001   19468.0   21349.0    1.0
at_least_one_positive_image_by_area[1650]  0.038  0.081   0.000    0.146      0.001    0.002   18940.0   20530.0    1.0
at_least_one_positive_image_by_area[1651]  0.051  0.104   0.000    0.201      0.001    0.002   13551.0   12749.0    1.0
at_least_one_positive_image_by_area[1652]  0.152  0.219   0.000    0.643      0.002    0.002   13756.0   16436.0    1.0
at_least_one_positive_image_by_area[1653]  0.050  0.090   0.000    0.187      0.001    0.002    9979.0   16102.0    1.0
at_least_one_positive_image_by_area[1654]  0.028  0.074   0.000    0.110      0.001    0.002    9177.0   14412.0    1.0
at_least_one_positive_image_by_area[1655]  0.011  0.037   0.000    0.040      0.000    0.002    9031.0   10385.0    1.0
at_least_one_positive_image_by_area[1656]  0.030  0.071   0.000    0.118      0.001    0.002    8641.0   12976.0    1.0
at_least_one_positive_image_by_area[1657]  0.015  0.060   0.000    0.055      0.000    0.002   13270.0   18321.0    1.0
at_least_one_positive_image_by_area[1658]  0.091  0.183   0.000    0.457      0.001    0.002   11771.0   15854.0    1.0
at_least_one_positive_image_by_area[1659]  0.170  0.247   0.000    0.742      0.002    0.002   10833.0   16387.0    1.0
at_least_one_positive_image_by_area[1660]  0.292  0.278   0.000    0.866      0.002    0.001   17291.0   17235.0    1.0
at_least_one_positive_image_by_area[1661]  0.299  0.276   0.001    0.866      0.002    0.001   21313.0   20388.0    1.0
at_least_one_positive_image_by_area[1662]  0.068  0.130   0.000    0.278      0.001    0.002   17026.0   11349.0    1.0
at_least_one_positive_image_by_area[1663]  0.281  0.256   0.000    0.806      0.002    0.001   19058.0   20519.0    1.0
at_least_one_positive_image_by_area[1664]  0.086  0.138   0.000    0.332      0.001    0.002   17707.0   18567.0    1.0
at_least_one_positive_image_by_area[1665]  0.182  0.259   0.000    0.803      0.002    0.002   14896.0   20800.0    1.0
at_least_one_positive_image_by_area[1666]  0.199  0.227   0.000    0.683      0.002    0.002   17911.0   17612.0    1.0
at_least_one_positive_image_by_area[1667]  0.118  0.176   0.000    0.464      0.001    0.002   16598.0   15232.0    1.0
at_least_one_positive_image_by_area[1668]  0.116  0.164   0.000    0.433      0.001    0.002   18554.0   17427.0    1.0
at_least_one_positive_image_by_area[1669]  0.203  0.212   0.001    0.643      0.002    0.002   18835.0   16448.0    1.0
at_least_one_positive_image_by_area[1670]  1.000  0.000   1.000    1.000      0.000      NaN   40000.0   40000.0    NaN
at_least_one_positive_image_by_area[1671]  0.613  0.319   0.087    1.000      0.003    0.001   16166.0   17979.0    1.0
at_least_one_positive_image_by_area[1672]  0.432  0.307   0.040    1.000      0.002    0.001   17183.0   16428.0    1.0
at_least_one_positive_image_by_area[1673]  0.219  0.253   0.000    0.772      0.002    0.002   17378.0   13428.0    1.0
at_least_one_positive_image_by_area[1674]  0.480  0.322   0.044    1.000      0.002    0.001   15512.0   14327.0    1.0
at_least_one_positive_image_by_area[1675]  1.000  0.000   1.000    1.000      0.000      NaN   40000.0   40000.0    NaN
at_least_one_positive_image_by_area[1676]  0.469  0.301   0.062    1.000      0.002    0.001   17482.0   18299.0    1.0
at_least_one_positive_image_by_area[1677]  0.556  0.311   0.082    1.000      0.002    0.001   20885.0   16850.0    1.0
at_least_one_positive_image_by_area[1678]  0.260  0.237   0.001    0.750      0.002    0.002   18378.0   17239.0    1.0
at_least_one_positive_image_by_area[1679]  0.296  0.279   0.000    0.873      0.002    0.001   19179.0   17573.0    1.0
at_least_one_positive_image_by_area[1680]  0.229  0.250   0.000    0.771      0.002    0.002   16556.0   15080.0    1.0
at_least_one_positive_image_by_area[1681]  0.626  0.342   0.047    1.000      0.003    0.001   15159.0   16998.0    1.0
at_least_one_positive_image_by_area[1682]  0.300  0.281   0.000    0.881      0.002    0.001   18015.0   11552.0    1.0
at_least_one_positive_image_by_area[1683]  0.236  0.253   0.000    0.781      0.002    0.002   18649.0   17964.0    1.0
at_least_one_positive_image_by_area[1684]  0.339  0.281   0.002    0.893      0.002    0.001   18678.0   19477.0    1.0
at_least_one_positive_image_by_area[1685]  0.555  0.325   0.065    1.000      0.003    0.001   16214.0   18132.0    1.0
at_least_one_positive_image_by_area[1686]  0.117  0.166   0.000    0.441      0.001    0.002   19793.0   20322.0    1.0
at_least_one_positive_image_by_area[1687]  0.486  0.295   0.074    1.000      0.002    0.001   17225.0   16174.0    1.0
at_least_one_positive_image_by_area[1688]  0.098  0.181   0.000    0.457      0.001    0.002   19154.0   19126.0    1.0
at_least_one_positive_image_by_area[1689]  0.062  0.123   0.000    0.255      0.001    0.002   19171.0   20861.0    1.0
at_least_one_positive_image_by_area[1690]  0.139  0.251   0.000    0.751      0.002    0.002   12994.0   13420.0    1.0
at_least_one_positive_image_by_area[1691]  0.042  0.075   0.000    0.152      0.001    0.001   17178.0   16064.0    1.0
at_least_one_positive_image_by_area[1692]  0.045  0.083   0.000    0.162      0.001    0.002   19341.0   18121.0    1.0
at_least_one_positive_image_by_area[1693]  0.127  0.203   0.000    0.570      0.002    0.002   17445.0   17072.0    1.0
at_least_one_positive_image_by_area[1694]  0.893  0.172   0.524    1.000      0.002    0.002   17763.0   14219.0    1.0
at_least_one_positive_image_by_area[1695]  1.000  0.000   1.000    1.000      0.000      NaN   40000.0   40000.0    NaN
at_least_one_positive_image_by_area[1696]  0.020  0.041   0.000    0.069      0.000    0.001   16855.0   16977.0    1.0
at_least_one_positive_image_by_area[1697]  0.064  0.116   0.000    0.248      0.001    0.002   19442.0   18905.0    1.0
at_least_one_positive_image_by_area[1698]  0.712  0.275   0.194    1.000      0.002    0.001   20642.0   15714.0    1.0
at_least_one_positive_image_by_area[1699]  1.000  0.000   1.000    1.000      0.000      NaN   40000.0   40000.0    NaN
at_least_one_positive_image_by_area[1700]  1.000  0.000   1.000    1.000      0.000      NaN   40000.0   40000.0    NaN
at_least_one_positive_image_by_area[1701]  1.000  0.000   1.000    1.000      0.000      NaN   40000.0   40000.0    NaN
at_least_one_positive_image_by_area[1702]  0.969  0.083   0.843    1.000      0.001    0.002   20264.0   14686.0    1.0
at_least_one_positive_image_by_area[1703]  0.306  0.288   0.000    0.896      0.002    0.001   18211.0   16916.0    1.0
at_least_one_positive_image_by_area[1704]  1.000  0.000   1.000    1.000      0.000      NaN   40000.0   40000.0    NaN
at_least_one_positive_image_by_area[1705]  0.268  0.259   0.001    0.813      0.002    0.001   21007.0   22799.0    1.0
at_least_one_positive_image_by_area[1706]  0.052  0.095   0.000    0.198      0.001    0.002   20553.0   16975.0    1.0
at_least_one_positive_image_by_area[1707]  0.096  0.145   0.000    0.361      0.001    0.002   16825.0   11208.0    1.0
at_least_one_positive_image_by_area[1708]  0.087  0.137   0.000    0.335      0.001    0.002   17102.0   17822.0    1.0
at_least_one_positive_image_by_area[1709]  0.274  0.257   0.001    0.808      0.002    0.001   17764.0   18610.0    1.0
at_least_one_positive_image_by_area[1710]  0.383  0.294   0.005    0.936      0.002    0.001   15289.0    8490.0    1.0
at_least_one_positive_image_by_area[1711]  0.579  0.308   0.093    1.000      0.002    0.001   17724.0   14152.0    1.0
at_least_one_positive_image_by_area[1712]  0.086  0.130   0.000    0.315      0.001    0.002   15193.0   13304.0    1.0
at_least_one_positive_image_by_area[1713]  0.018  0.039   0.000    0.064      0.000    0.001   14939.0   11786.0    1.0
at_least_one_positive_image_by_area[1714]  0.041  0.094   0.000    0.163      0.001    0.002   19073.0   19505.0    1.0
at_least_one_positive_image_by_area[1715]  0.643  0.324   0.072    1.000      0.003    0.001   15219.0   14744.0    1.0
at_least_one_positive_image_by_area[1716]  0.658  0.272   0.190    1.000      0.002    0.001   20750.0   20422.0    1.0
at_least_one_positive_image_by_area[1717]  0.965  0.097   0.814    1.000      0.001    0.002   18919.0   14939.0    1.0
at_least_one_positive_image_by_area[1718]  1.000  0.000   1.000    1.000      0.000      NaN   40000.0   40000.0    NaN
at_least_one_positive_image_by_area[1719]  1.000  0.000   1.000    1.000      0.000      NaN   40000.0   40000.0    NaN
at_least_one_positive_image_by_area[1720]  0.312  0.291   0.000    0.905      0.002    0.001   19312.0   15130.0    1.0
at_least_one_positive_image_by_area[1721]  0.144  0.177   0.000    0.494      0.001    0.002   18282.0   17869.0    1.0
at_least_one_positive_image_by_area[1722]  0.063  0.109   0.000    0.241      0.001    0.002   17601.0   17948.0    1.0
at_least_one_positive_image_by_area[1723]  0.056  0.114   0.000    0.226      0.001    0.002   16474.0   15805.0    1.0
at_least_one_positive_image_by_area[1724]  0.053  0.098   0.000    0.198      0.001    0.003   16450.0   13625.0    1.0
at_least_one_positive_image_by_area[1725]  0.042  0.070   0.000    0.144      0.001    0.001   17869.0   17921.0    1.0
at_least_one_positive_image_by_area[1726]  0.434  0.305   0.044    1.000      0.002    0.001   15840.0   12032.0    1.0
at_least_one_positive_image_by_area[1727]  0.517  0.299   0.083    1.000      0.002    0.001   19982.0   15124.0    1.0
at_least_one_positive_image_by_area[1728]  0.219  0.241   0.000    0.741      0.002    0.002   18105.0   11519.0    1.0
at_least_one_positive_image_by_area[1729]  1.000  0.000   1.000    1.000      0.000      NaN   40000.0   40000.0    NaN
at_least_one_positive_image_by_area[1730]  0.254  0.251   0.000    0.787      0.002    0.002   16512.0   12633.0    1.0
at_least_one_positive_image_by_area[1731]  0.603  0.285   0.142    1.000      0.002    0.001   16384.0   13105.0    1.0
at_least_one_positive_image_by_area[1732]  0.151  0.194   0.000    0.552      0.001    0.002   19589.0   18039.0    1.0
at_least_one_positive_image_by_area[1733]  0.225  0.229   0.000    0.701      0.001    0.001   21481.0   15204.0    1.0
at_least_one_positive_image_by_area[1734]  0.206  0.243   0.000    0.740      0.002    0.002   18573.0   19174.0    1.0
at_least_one_positive_image_by_area[1735]  0.120  0.175   0.000    0.468      0.002    0.002   16459.0   12694.0    1.0
at_least_one_positive_image_by_area[1736]  1.000  0.000   1.000    1.000      0.000      NaN   40000.0   40000.0    NaN
at_least_one_positive_image_by_area[1737]  0.456  0.312   0.052    1.000      0.002    0.001   16718.0   15439.0    1.0
at_least_one_positive_image_by_area[1738]  0.450  0.310   0.045    1.000      0.002    0.001   18422.0   13554.0    1.0
at_least_one_positive_image_by_area[1739]  0.362  0.266   0.006    0.875      0.002    0.001   17242.0   15136.0    1.0
at_least_one_positive_image_by_area[1740]  0.472  0.329   0.034    1.000      0.002    0.001   21369.0   16764.0    1.0
at_least_one_positive_image_by_area[1741]  0.094  0.156   0.000    0.393      0.001    0.002   20990.0   12418.0    1.0
at_least_one_positive_image_by_area[1742]  0.395  0.296   0.004    0.940      0.002    0.001   17909.0   18209.0    1.0
at_least_one_positive_image_by_area[1743]  0.258  0.254   0.001    0.797      0.002    0.002   19039.0   15163.0    1.0
at_least_one_positive_image_by_area[1744]  0.786  0.262   0.240    1.000      0.002    0.002   15887.0   11206.0    1.0
at_least_one_positive_image_by_area[1745]  0.054  0.104   0.000    0.211      0.001    0.002   19489.0   17821.0    1.0
at_least_one_positive_image_by_area[1746]  0.180  0.205   0.000    0.606      0.002    0.002   17658.0   14952.0    1.0
at_least_one_positive_image_by_area[1747]  0.587  0.296   0.118    1.000      0.002    0.001   20970.0   19277.0    1.0
at_least_one_positive_image_by_area[1748]  1.000  0.000   1.000    1.000      0.000      NaN   40000.0   40000.0    NaN
at_least_one_positive_image_by_area[1749]  1.000  0.000   1.000    1.000      0.000      NaN   40000.0   40000.0    NaN
at_least_one_positive_image_by_area[1750]  0.422  0.317   0.002    0.971      0.002    0.001   20311.0   15426.0    1.0
at_least_one_positive_image_by_area[1751]  0.000  0.000   0.000    0.000      0.000      NaN   40000.0   40000.0    NaN
at_least_one_positive_image_by_area[1752]  0.014  0.031   0.000    0.048      0.000    0.001   20281.0   19769.0    1.0
at_least_one_positive_image_by_area[1753]  0.264  0.254   0.001    0.795      0.002    0.002   16833.0   12616.0    1.0
at_least_one_positive_image_by_area[1754]  0.559  0.306   0.093    1.000      0.002    0.001   20373.0   19451.0    1.0
at_least_one_positive_image_by_area[1755]  1.000  0.000   1.000    1.000      0.000      NaN   40000.0   40000.0    NaN
at_least_one_positive_image_by_area[1756]  0.147  0.215   0.000    0.621      0.002    0.002   17270.0   18286.0    1.0
at_least_one_positive_image_by_area[1757]  0.126  0.163   0.000    0.445      0.001    0.002   16911.0   14676.0    1.0
at_least_one_positive_image_by_area[1758]  0.598  0.292   0.129    1.000      0.002    0.001   18811.0   18017.0    1.0
at_least_one_positive_image_by_area[1759]  0.087  0.130   0.000    0.310      0.001    0.002   19005.0   20191.0    1.0
at_least_one_positive_image_by_area[1760]  1.000  0.000   1.000    1.000      0.000      NaN   40000.0   40000.0    NaN
at_least_one_positive_image_by_area[1761]  1.000  0.000   1.000    1.000      0.000      NaN   40000.0   40000.0    NaN
at_least_one_positive_image_by_area[1762]  0.172  0.203   0.000    0.589      0.002    0.002   19061.0   20767.0    1.0
at_least_one_positive_image_by_area[1763]  0.158  0.188   0.000    0.538      0.002    0.002   14426.0   12017.0    1.0
at_least_one_positive_image_by_area[1764]  1.000  0.000   1.000    1.000      0.000      NaN   40000.0   40000.0    NaN
at_least_one_positive_image_by_area[1765]  0.086  0.139   0.000    0.332      0.001    0.003   16635.0   15507.0    1.0
at_least_one_positive_image_by_area[1766]  0.412  0.311   0.005    0.969      0.002    0.001   20102.0   19950.0    1.0
at_least_one_positive_image_by_area[1767]  0.165  0.218   0.000    0.637      0.002    0.002   17839.0   13081.0    1.0
at_least_one_positive_image_by_area[1768]  1.000  0.000   1.000    1.000      0.000      NaN   40000.0   40000.0    NaN
at_least_one_positive_image_by_area[1769]  0.383  0.301   0.002    0.948      0.002    0.001   18903.0   16346.0    1.0
at_least_one_positive_image_by_area[1770]  0.077  0.122   0.000    0.279      0.001    0.002   17775.0   14798.0    1.0
at_least_one_positive_image_by_area[1771]  0.039  0.091   0.000    0.156      0.001    0.002   22202.0   20338.0    1.0
at_least_one_positive_image_by_area[1772]  1.000  0.000   1.000    1.000      0.000      NaN   40000.0   40000.0    NaN
at_least_one_positive_image_by_area[1773]  0.717  0.276   0.194    1.000      0.002    0.001   17967.0   15511.0    1.0
at_least_one_positive_image_by_area[1774]  0.464  0.308   0.054    1.000      0.002    0.001   16058.0   17673.0    1.0
at_least_one_positive_image_by_area[1775]  0.401  0.296   0.005    0.945      0.002    0.001   20277.0   19025.0    1.0
at_least_one_positive_image_by_area[1776]  0.789  0.241   0.295    1.000      0.002    0.002   20678.0   16375.0    1.0
at_least_one_positive_image_by_area[1777]  0.293  0.270   0.000    0.846      0.002    0.001   17813.0   19006.0    1.0
at_least_one_positive_image_by_area[1778]  1.000  0.000   1.000    1.000      0.000      NaN   40000.0   40000.0    NaN
at_least_one_positive_image_by_area[1779]  0.387  0.310   0.001    0.958      0.002    0.001   18638.0   18491.0    1.0
at_least_one_positive_image_by_area[1780]  0.673  0.312   0.105    1.000      0.003    0.001   17254.0   17233.0    1.0
at_least_one_positive_image_by_area[1781]  0.250  0.247   0.001    0.771      0.002    0.002   17601.0   13900.0    1.0
at_least_one_positive_image_by_area[1782]  1.000  0.000   1.000    1.000      0.000      NaN   40000.0   40000.0    NaN
at_least_one_positive_image_by_area[1783]  0.393  0.301   0.002    0.947      0.002    0.001   15081.0   12699.0    1.0
at_least_one_positive_image_by_area[1784]  0.108  0.152   0.000    0.396      0.001    0.002   18265.0   20004.0    1.0
at_least_one_positive_image_by_area[1785]  0.095  0.153   0.000    0.377      0.001    0.002   15348.0   14279.0    1.0
at_least_one_positive_image_by_area[1786]  0.155  0.190   0.000    0.538      0.001    0.002   18346.0   20085.0    1.0
at_least_one_positive_image_by_area[1787]  0.407  0.309   0.001    0.959      0.002    0.001   19904.0   18903.0    1.0
at_least_one_positive_image_by_area[1788]  0.667  0.293   0.148    1.000      0.002    0.001   18356.0   17366.0    1.0
at_least_one_positive_image_by_area[1789]  0.769  0.257   0.256    1.000      0.002    0.002   13472.0   11388.0    1.0
at_least_one_positive_image_by_area[1790]  1.000  0.000   1.000    1.000      0.000      NaN   40000.0   40000.0    NaN
at_least_one_positive_image_by_area[1791]  1.000  0.000   1.000    1.000      0.000      NaN   40000.0   40000.0    NaN
at_least_one_positive_image_by_area[1792]  0.474  0.316   0.047    1.000      0.002    0.001   18619.0   17570.0    1.0
at_least_one_positive_image_by_area[1793]  0.723  0.266   0.218    1.000      0.002    0.001   19486.0   18144.0    1.0
at_least_one_positive_image_by_area[1794]  0.370  0.318   0.000    0.963      0.002    0.001   18043.0   15532.0    1.0
at_least_one_positive_image_by_area[1795]  0.740  0.270   0.213    1.000      0.002    0.001   19115.0   16963.0    1.0
at_least_one_positive_image_by_area[1796]  0.036  0.063   0.000    0.124      0.000    0.001   16791.0   19156.0    1.0
at_least_one_positive_image_by_area[1797]  0.092  0.137   0.000    0.332      0.001    0.002   17483.0   16777.0    1.0
at_least_one_positive_image_by_area[1798]  0.635  0.300   0.124    1.000      0.002    0.001   21602.0   13197.0    1.0
at_least_one_positive_image_by_area[1799]  0.140  0.198   0.000    0.556      0.001    0.002   19303.0   18712.0    1.0
at_least_one_positive_image_by_area[1800]  0.207  0.235   0.000    0.718      0.002    0.002   17878.0   12310.0    1.0
at_least_one_positive_image_by_area[1801]  1.000  0.000   1.000    1.000      0.000      NaN   40000.0   40000.0    NaN
at_least_one_positive_image_by_area[1802]  1.000  0.000   1.000    1.000      0.000      NaN   40000.0   40000.0    NaN
at_least_one_positive_image_by_area[1803]  0.113  0.167   0.000    0.434      0.001    0.002   20047.0   18431.0    1.0
at_least_one_positive_image_by_area[1804]  0.629  0.294   0.139    1.000      0.002    0.001   20028.0   13703.0    1.0
at_least_one_positive_image_by_area[1805]  1.000  0.000   1.000    1.000      0.000      NaN   40000.0   40000.0    NaN
at_least_one_positive_image_by_area[1806]  0.704  0.322   0.096    1.000      0.003    0.001   16032.0   15850.0    1.0
at_least_one_positive_image_by_area[1807]  0.199  0.221   0.000    0.665      0.002    0.002   20172.0   19087.0    1.0
at_least_one_positive_image_by_area[1808]  1.000  0.000   1.000    1.000      0.000      NaN   40000.0   40000.0    NaN
at_least_one_positive_image_by_area[1809]  1.000  0.000   1.000    1.000      0.000      NaN   40000.0   40000.0    NaN
at_least_one_positive_image_by_area[1810]  0.611  0.304   0.110    1.000      0.002    0.001   20540.0   16868.0    1.0
at_least_one_positive_image_by_area[1811]  1.000  0.000   1.000    1.000      0.000      NaN   40000.0   40000.0    NaN
at_least_one_positive_image_by_area[1812]  0.489  0.322   0.045    1.000      0.002    0.001   15542.0   10767.0    1.0
at_least_one_positive_image_by_area[1813]  0.167  0.203   0.000    0.594      0.001    0.002   19177.0   16441.0    1.0
at_least_one_positive_image_by_area[1814]  0.426  0.301   0.010    0.962      0.002    0.001   19838.0   15878.0    1.0
at_least_one_positive_image_by_area[1815]  0.285  0.271   0.000    0.850      0.002    0.002   19534.0   18568.0    1.0
at_least_one_positive_image_by_area[1816]  0.436  0.304   0.047    1.000      0.002    0.001   16197.0   11260.0    1.0
at_least_one_positive_image_by_area[1817]  0.508  0.306   0.074    1.000      0.002    0.001   18476.0   16168.0    1.0
at_least_one_positive_image_by_area[1818]  0.697  0.283   0.177    1.000      0.002    0.001   19020.0   17445.0    1.0
at_least_one_positive_image_by_area[1819]  1.000  0.000   1.000    1.000      0.000      NaN   40000.0   40000.0    NaN
at_least_one_positive_image_by_area[1820]  0.143  0.186   0.000    0.520      0.001    0.002   16767.0   15709.0    1.0
at_least_one_positive_image_by_area[1821]  0.541  0.302   0.089    1.000      0.002    0.001   19375.0   17715.0    1.0
at_least_one_positive_image_by_area[1822]  1.000  0.000   1.000    1.000      0.000      NaN   40000.0   40000.0    NaN
at_least_one_positive_image_by_area[1823]  0.186  0.224   0.000    0.670      0.002    0.002   17775.0   18632.0    1.0
at_least_one_positive_image_by_area[1824]  0.147  0.202   0.000    0.575      0.002    0.002   18550.0   16313.0    1.0
at_least_one_positive_image_by_area[1825]  0.122  0.164   0.000    0.438      0.001    0.002   17494.0   18371.0    1.0
at_least_one_positive_image_by_area[1826]  0.236  0.254   0.000    0.785      0.002    0.002   21419.0   18655.0    1.0
at_least_one_positive_image_by_area[1827]  0.377  0.291   0.003    0.931      0.002    0.001   17348.0   11951.0    1.0
at_least_one_positive_image_by_area[1828]  0.557  0.317   0.074    1.000      0.002    0.001   17176.0   11991.0    1.0
at_least_one_positive_image_by_area[1829]  0.668  0.312   0.110    1.000      0.002    0.001   18517.0   18336.0    1.0
at_least_one_positive_image_by_area[1830]  0.435  0.324   0.029    1.000      0.002    0.001   19477.0   14332.0    1.0
at_least_one_positive_image_by_area[1831]  0.516  0.304   0.078    1.000      0.002    0.001   18381.0   17547.0    1.0
at_least_one_positive_image_by_area[1832]  0.224  0.214   0.001    0.662      0.002    0.002   17689.0   16512.0    1.0
at_least_one_positive_image_by_area[1833]  0.160  0.171   0.001    0.499      0.001    0.002   16453.0   12406.0    1.0
at_least_one_positive_image_by_area[1834]  0.209  0.266   0.000    0.811      0.002    0.002   20148.0   18508.0    1.0
at_least_one_positive_image_by_area[1835]  0.133  0.203   0.000    0.568      0.001    0.002   18736.0   16943.0    1.0
at_least_one_positive_image_by_area[1836]  1.000  0.000   1.000    1.000      0.000      NaN   40000.0   40000.0    NaN
at_least_one_positive_image_by_area[1837]  0.400  0.306   0.002    0.957      0.002    0.001   15746.0   10221.0    1.0
at_least_one_positive_image_by_area[1838]  0.128  0.169   0.000    0.459      0.001    0.002   16113.0   16069.0    1.0
at_least_one_positive_image_by_area[1839]  0.416  0.296   0.008    0.950      0.002    0.001   19415.0   18472.0    1.0
at_least_one_positive_image_by_area[1840]  0.256  0.271   0.000    0.837      0.002    0.002   18994.0   17886.0    1.0
at_least_one_positive_image_by_area[1841]  0.034  0.062   0.000    0.121      0.000    0.001   16917.0   15352.0    1.0
at_least_one_positive_image_by_area[1842]  0.009  0.024   0.000    0.033      0.000    0.001   15696.0   13477.0    1.0
at_least_one_positive_image_by_area[1843]  0.025  0.058   0.000    0.089      0.000    0.002   17354.0   17011.0    1.0
at_least_one_positive_image_by_area[1844]  0.023  0.063   0.000    0.088      0.000    0.002   18794.0   20405.0    1.0
at_least_one_positive_image_by_area[1845]  0.902  0.193   0.474    1.000      0.002    0.002   15685.0   14298.0    1.0
at_least_one_positive_image_by_area[1846]  1.000  0.000   1.000    1.000      0.000      NaN   40000.0   40000.0    NaN
at_least_one_positive_image_by_area[1847]  1.000  0.000   1.000    1.000      0.000      NaN   40000.0   40000.0    NaN
at_least_one_positive_image_by_area[1848]  0.586  0.308   0.096    1.000      0.002    0.001   19645.0   16823.0    1.0
at_least_one_positive_image_by_area[1849]  0.154  0.204   0.000    0.584      0.001    0.002   19437.0   15183.0    1.0
at_least_one_positive_image_by_area[1850]  0.262  0.257   0.000    0.804      0.002    0.001   18212.0   15926.0    1.0
at_least_one_positive_image_by_area[1851]  0.395  0.293   0.002    0.937      0.002    0.001   16682.0   12135.0    1.0
at_least_one_positive_image_by_area[1852]  0.504  0.333   0.044    1.000      0.003    0.001   16064.0   18191.0    1.0
at_least_one_positive_image_by_area[1853]  0.038  0.078   0.000    0.146      0.001    0.002   16127.0   15931.0    1.0
at_least_one_positive_image_by_area[1854]  0.030  0.060   0.000    0.108      0.000    0.001   17250.0   18248.0    1.0
at_least_one_positive_image_by_area[1855]  0.283  0.271   0.000    0.849      0.002    0.002   14558.0   11397.0    1.0
at_least_one_positive_image_by_area[1856]  0.420  0.336   0.019    1.000      0.003    0.001   16331.0   14025.0    1.0
at_least_one_positive_image_by_area[1857]  0.120  0.166   0.000    0.448      0.001    0.002   17519.0   18664.0    1.0
at_least_one_positive_image_by_area[1858]  0.474  0.355   0.018    1.000      0.003    0.001   17913.0   18422.0    1.0
at_least_one_positive_image_by_area[1859]  0.170  0.226   0.000    0.662      0.002    0.002   16715.0   15893.0    1.0
at_least_one_positive_image_by_area[1860]  0.111  0.157   0.000    0.405      0.001    0.002   16193.0   13659.0    1.0
at_least_one_positive_image_by_area[1861]  0.046  0.074   0.000    0.158      0.001    0.001   16248.0   18621.0    1.0
at_least_one_positive_image_by_area[1862]  0.115  0.190   0.000    0.507      0.001    0.002   16604.0   19669.0    1.0
at_least_one_positive_image_by_area[1863]  0.172  0.220   0.000    0.645      0.002    0.002   17436.0   16517.0    1.0
at_least_one_positive_image_by_area[1864]  0.379  0.296   0.002    0.935      0.002    0.001   16813.0   17304.0    1.0
at_least_one_positive_image_by_area[1865]  0.060  0.106   0.000    0.222      0.001    0.002   15642.0   16536.0    1.0
at_least_one_positive_image_by_area[1866]  0.055  0.102   0.000    0.210      0.001    0.002   12278.0   11323.0    1.0
at_least_one_positive_image_by_area[1867]  0.504  0.306   0.067    1.000      0.002    0.001   17272.0   16528.0    1.0
at_least_one_positive_image_by_area[1868]  0.075  0.134   0.000    0.300      0.001    0.002   19397.0   17811.0    1.0
at_least_one_positive_image_by_area[1869]  0.149  0.187   0.000    0.528      0.001    0.002   15134.0   17669.0    1.0
at_least_one_positive_image_by_area[1870]  0.125  0.168   0.000    0.457      0.001    0.002   17430.0   16226.0    1.0
at_least_one_positive_image_by_area[1871]  0.214  0.228   0.000    0.692      0.002    0.002   16550.0   20844.0    1.0
at_least_one_positive_image_by_area[1872]  0.055  0.112   0.000    0.219      0.001    0.002   15440.0   18896.0    1.0
at_least_one_positive_image_by_area[1873]  0.035  0.083   0.000    0.133      0.001    0.002   15101.0   15979.0    1.0
at_least_one_positive_image_by_area[1874]  0.029  0.070   0.000    0.111      0.001    0.002   15856.0   15375.0    1.0
at_least_one_positive_image_by_area[1875]  0.101  0.155   0.000    0.393      0.001    0.002   16594.0   19754.0    1.0
at_least_one_positive_image_by_area[1876]  0.025  0.064   0.000    0.092      0.001    0.002   17208.0   16840.0    1.0
at_least_one_positive_image_by_area[1877]  0.076  0.150   0.000    0.341      0.001    0.002   17806.0   14703.0    1.0
at_least_one_positive_image_by_area[1878]  1.000  0.000   1.000    1.000      0.000      NaN   40000.0   40000.0    NaN
at_least_one_positive_image_by_area[1879]  0.291  0.254   0.002    0.812      0.002    0.001   15257.0   15493.0    1.0
at_least_one_positive_image_by_area[1880]  0.049  0.047   0.002    0.130      0.000    0.001   12098.0   14599.0    1.0
at_least_one_positive_image_by_area[1881]  1.000  0.000   1.000    1.000      0.000      NaN   40000.0   40000.0    NaN
at_least_one_positive_image_by_area[1882]  0.319  0.259   0.002    0.836      0.002    0.001   20231.0   22156.0    1.0
at_least_one_positive_image_by_area[1883]  0.366  0.277   0.004    0.900      0.002    0.001   14914.0   12533.0    1.0
at_least_one_positive_image_by_area[1884]  0.371  0.282   0.004    0.912      0.002    0.001   16054.0   13386.0    1.0
at_least_one_positive_image_by_area[1885]  0.257  0.256   0.000    0.793      0.002    0.001   13986.0   16209.0    1.0
at_least_one_positive_image_by_area[1886]  0.613  0.302   0.116    1.000      0.002    0.001   18918.0   15841.0    1.0
at_least_one_positive_image_by_area[1887]  0.403  0.308   0.003    0.961      0.002    0.001   15277.0   17697.0    1.0
at_least_one_positive_image_by_area[1888]  0.315  0.277   0.001    0.874      0.002    0.001   15883.0    9990.0    1.0
at_least_one_positive_image_by_area[1889]  0.096  0.163   0.000    0.399      0.001    0.002   19305.0   18437.0    1.0
at_least_one_positive_image_by_area[1890]  0.054  0.096   0.000    0.200      0.001    0.002   14429.0   18674.0    1.0
at_least_one_positive_image_by_area[1891]  0.219  0.236   0.000    0.724      0.002    0.002   15235.0   17189.0    1.0
at_least_one_positive_image_by_area[1892]  0.054  0.102   0.000    0.205      0.001    0.002   11677.0   15976.0    1.0
at_least_one_positive_image_by_area[1893]  0.534  0.349   0.033    1.000      0.003    0.001   14347.0   15614.0    1.0
at_least_one_positive_image_by_area[1894]  0.174  0.208   0.000    0.613      0.002    0.002   10423.0   17641.0    1.0
at_least_one_positive_image_by_area[1895]  0.213  0.226   0.000    0.689      0.002    0.002   11112.0   15439.0    1.0
at_least_one_positive_image_by_area[1896]  1.000  0.000   1.000    1.000      0.000      NaN   40000.0   40000.0    NaN
at_least_one_positive_image_by_area[1897]  0.509  0.328   0.047    1.000      0.003    0.001   14963.0   12774.0    1.0
at_least_one_positive_image_by_area[1898]  0.266  0.256   0.000    0.798      0.002    0.002   16428.0   18001.0    1.0
at_least_one_positive_image_by_area[1899]  0.321  0.267   0.002    0.857      0.002    0.001   17752.0   15839.0    1.0
at_least_one_positive_image_by_area[1900]  0.238  0.271   0.000    0.835      0.002    0.001   16073.0   17175.0    1.0
at_least_one_positive_image_by_area[1901]  0.031  0.063   0.000    0.115      0.000    0.001   11231.0   17347.0    1.0
at_least_one_positive_image_by_area[1902]  0.012  0.023   0.000    0.040      0.000    0.001    9211.0   14282.0    1.0
at_least_one_positive_image_by_area[1903]  0.099  0.154   0.000    0.387      0.001    0.002   17393.0   18860.0    1.0
at_least_one_positive_image_by_area[1904]  0.117  0.180   0.000    0.479      0.001    0.002   13300.0   13045.0    1.0
at_least_one_positive_image_by_area[1905]  0.047  0.108   0.000    0.199      0.001    0.002   13326.0   11816.0    1.0
at_least_one_positive_image_by_area[1906]  1.000  0.000   1.000    1.000      0.000      NaN   40000.0   40000.0    NaN
at_least_one_positive_image_by_area[1907]  0.130  0.186   0.000    0.510      0.002    0.003   16006.0   12134.0    1.0
at_least_one_positive_image_by_area[1908]  1.000  0.000   1.000    1.000      0.000      NaN   40000.0   40000.0    NaN
at_least_one_positive_image_by_area[1909]  0.375  0.308   0.001    0.951      0.002    0.001   16168.0   12051.0    1.0
at_least_one_positive_image_by_area[1910]  1.000  0.000   1.000    1.000      0.000      NaN   40000.0   40000.0    NaN
at_least_one_positive_image_by_area[1911]  0.273  0.260   0.001    0.817      0.002    0.002   20870.0   20321.0    1.0
at_least_one_positive_image_by_area[1912]  0.948  0.135   0.721    1.000      0.001    0.003   15039.0   12622.0    1.0
at_least_one_positive_image_by_area[1913]  0.082  0.112   0.000    0.273      0.001    0.002   14164.0   17114.0    1.0
at_least_one_positive_image_by_area[1914]  0.060  0.102   0.000    0.219      0.001    0.002   17405.0   18132.0    1.0
at_least_one_positive_image_by_area[1915]  1.000  0.000   1.000    1.000      0.000      NaN   40000.0   40000.0    NaN
at_least_one_positive_image_by_area[1916]  0.045  0.095   0.000    0.176      0.001    0.002   11650.0   15191.0    1.0
at_least_one_positive_image_by_area[1917]  0.010  0.021   0.000    0.033      0.000    0.001    7847.0    9186.0    1.0
at_least_one_positive_image_by_area[1918]  0.055  0.121   0.000    0.238      0.001    0.002   16545.0   16485.0    1.0
at_least_one_positive_image_by_area[1919]  0.073  0.138   0.000    0.311      0.001    0.002   17927.0   18663.0    1.0
at_least_one_positive_image_by_area[1920]  0.166  0.197   0.000    0.568      0.002    0.002   15799.0   17682.0    1.0
at_least_one_positive_image_by_area[1921]  0.114  0.162   0.000    0.428      0.001    0.002   16829.0   12456.0    1.0
at_least_one_positive_image_by_area[1922]  1.000  0.000   1.000    1.000      0.000      NaN   40000.0   40000.0    NaN
at_least_one_positive_image_by_area[1923]  0.426  0.314   0.034    1.000      0.002    0.001   21970.0   17620.0    1.0
at_least_one_positive_image_by_area[1924]  0.662  0.288   0.156    1.000      0.002    0.001   16476.0   15841.0    1.0
at_least_one_positive_image_by_area[1925]  0.502  0.316   0.058    1.000      0.002    0.001   20691.0   20023.0    1.0
at_least_one_positive_image_by_area[1926]  0.231  0.248   0.000    0.758      0.002    0.002   14018.0   18175.0    1.0
at_least_one_positive_image_by_area[1927]  0.507  0.312   0.063    1.000      0.002    0.001   20798.0   17954.0    1.0
at_least_one_positive_image_by_area[1928]  0.049  0.089   0.000    0.178      0.001    0.002   12665.0   10464.0    1.0
at_least_one_positive_image_by_area[1929]  0.019  0.051   0.000    0.073      0.000    0.001    9862.0   14403.0    1.0
at_least_one_positive_image_by_area[1930]  0.083  0.117   0.000    0.290      0.001    0.002   16817.0   14531.0    1.0
at_least_one_positive_image_by_area[1931]  0.053  0.089   0.000    0.194      0.001    0.002   14411.0   14255.0    1.0
at_least_one_positive_image_by_area[1932]  0.247  0.256   0.000    0.795      0.002    0.002   11922.0   10685.0    1.0
at_least_one_positive_image_by_area[1933]  1.000  0.000   1.000    1.000      0.000      NaN   40000.0   40000.0    NaN
at_least_one_positive_image_by_area[1934]  0.234  0.256   0.000    0.785      0.002    0.002   14662.0   13060.0    1.0
at_least_one_positive_image_by_area[1935]  0.397  0.318   0.001    0.970      0.003    0.001   13344.0   14013.0    1.0
at_least_one_positive_image_by_area[1936]  0.005  0.014   0.000    0.016      0.000    0.001   11765.0   12349.0    1.0
at_least_one_positive_image_by_area[1937]  0.219  0.231   0.000    0.702      0.002    0.001   18203.0   16581.0    1.0
at_least_one_positive_image_by_area[1938]  1.000  0.000   1.000    1.000      0.000      NaN   40000.0   40000.0    NaN
at_least_one_positive_image_by_area[1939]  0.387  0.300   0.003    0.944      0.002    0.001   16681.0   17155.0    1.0
at_least_one_positive_image_by_area[1940]  0.065  0.110   0.000    0.248      0.001    0.002    8557.0   12843.0    1.0
at_least_one_positive_image_by_area[1941]  0.000  0.000   0.000    0.000      0.000      NaN   40000.0   40000.0    NaN
at_least_one_positive_image_by_area[1942]  0.341  0.316   0.000    0.953      0.003    0.001   15531.0   20460.0    1.0
at_least_one_positive_image_by_area[1943]  0.040  0.078   0.000    0.148      0.001    0.001   15163.0   18645.0    1.0
at_least_one_positive_image_by_area[1944]  0.002  0.005   0.000    0.006      0.000    0.000   11818.0   16572.0    1.0
at_least_one_positive_image_by_area[1945]  0.128  0.206   0.000    0.569      0.002    0.002   16476.0   18174.0    1.0
at_least_one_positive_image_by_area[1946]  0.195  0.251   0.000    0.762      0.002    0.002   18674.0   17886.0    1.0
at_least_one_positive_image_by_area[1947]  0.019  0.044   0.000    0.067      0.000    0.002   15229.0   18687.0    1.0
at_least_one_positive_image_by_area[1948]  0.033  0.071   0.000    0.126      0.000    0.001   19041.0   19288.0    1.0
at_least_one_positive_image_by_area[1949]  0.113  0.169   0.000    0.438      0.001    0.002   16383.0   15922.0    1.0
at_least_one_positive_image_by_area[1950]  0.289  0.285   0.000    0.885      0.002    0.002   18236.0   16582.0    1.0
at_least_one_positive_image_by_area[1951]  0.065  0.120   0.000    0.258      0.001    0.002   20185.0   19947.0    1.0
at_least_one_positive_image_by_area[1952]  0.510  0.322   0.055    1.000      0.002    0.001   17819.0   18709.0    1.0
at_least_one_positive_image_by_area[1953]  0.564  0.345   0.041    1.000      0.003    0.001   15626.0   18044.0    1.0
at_least_one_positive_image_by_area[1954]  0.278  0.287   0.000    0.884      0.002    0.002   17564.0   15387.0    1.0
at_least_one_positive_image_by_area[1955]  0.450  0.315   0.040    1.000      0.002    0.001   21273.0   16005.0    1.0
at_least_one_positive_image_by_area[1956]  0.370  0.294   0.002    0.931      0.002    0.001   15397.0   14604.0    1.0
at_least_one_positive_image_by_area[1957]  1.000  0.000   1.000    1.000      0.000      NaN   40000.0   40000.0    NaN
at_least_one_positive_image_by_area[1958]  0.123  0.190   0.000    0.515      0.001    0.002   12066.0   14489.0    1.0
at_least_one_positive_image_by_area[1959]  0.406  0.301   0.003    0.951      0.002    0.001   17177.0   18371.0    1.0
at_least_one_positive_image_by_area[1960]  0.463  0.299   0.061    1.000      0.002    0.001   17347.0   18714.0    1.0
at_least_one_positive_image_by_area[1961]  0.023  0.067   0.000    0.087      0.001    0.003   15657.0   11532.0    1.0
at_least_one_positive_image_by_area[1962]  0.204  0.225   0.000    0.682      0.002    0.002   15309.0   14785.0    1.0
at_least_one_positive_image_by_area[1963]  0.294  0.282   0.000    0.877      0.002    0.001   17053.0   15273.0    1.0
at_least_one_positive_image_by_area[1964]  0.871  0.188   0.473    1.000      0.002    0.002   15807.0   17509.0    1.0
at_least_one_positive_image_by_area[1965]  0.490  0.355   0.019    1.000      0.003    0.001   14643.0   12814.0    1.0
at_least_one_positive_image_by_area[1966]  0.137  0.199   0.000    0.552      0.002    0.002   15282.0   16873.0    1.0
at_least_one_positive_image_by_area[1967]  0.064  0.138   0.000    0.289      0.001    0.002   13760.0   16387.0    1.0
at_least_one_positive_image_by_area[1968]  0.078  0.131   0.000    0.307      0.001    0.003   10739.0   10089.0    1.0
at_least_one_positive_image_by_area[1969]  0.481  0.295   0.074    1.000      0.002    0.001   16782.0   17971.0    1.0
at_least_one_positive_image_by_area[1970]  0.367  0.300   0.001    0.940      0.003    0.001   12004.0   16452.0    1.0
at_least_one_positive_image_by_area[1971]  0.048  0.084   0.000    0.173      0.001    0.002   10740.0   14998.0    1.0
at_least_one_positive_image_by_area[1972]  0.154  0.177   0.000    0.504      0.002    0.003   12991.0   13181.0    1.0
at_least_one_positive_image_by_area[1973]  0.152  0.208   0.000    0.595      0.002    0.002   14050.0   14922.0    1.0
at_least_one_positive_image_by_area[1974]  0.313  0.294   0.000    0.913      0.002    0.002   17764.0   14181.0    1.0
at_least_one_positive_image_by_area[1975]  0.060  0.102   0.000    0.219      0.001    0.002   13548.0   16672.0    1.0
at_least_one_positive_image_by_area[1976]  0.368  0.306   0.000    0.950      0.002    0.001   17917.0   18226.0    1.0
at_least_one_positive_image_by_area[1977]  0.083  0.135   0.000    0.319      0.001    0.002   16816.0   15403.0    1.0
at_least_one_positive_image_by_area[1978]  0.158  0.207   0.000    0.591      0.002    0.002   16139.0   14094.0    1.0
at_least_one_positive_image_by_area[1979]  0.007  0.014   0.000    0.023      0.000    0.001   10626.0   12868.0    1.0
at_least_one_positive_image_by_area[1980]  0.010  0.023   0.000    0.035      0.000    0.002   11272.0   14058.0    1.0
at_least_one_positive_image_by_area[1981]  0.417  0.313   0.001    0.966      0.002    0.001   16201.0   17193.0    1.0
at_least_one_positive_image_by_area[1982]  1.000  0.000   1.000    1.000      0.000      NaN   40000.0   40000.0    NaN
at_least_one_positive_image_by_area[1983]  0.224  0.238   0.000    0.724      0.002    0.002   18461.0   19884.0    1.0
at_least_one_positive_image_by_area[1984]  0.647  0.312   0.107    1.000      0.003    0.001   15162.0   13695.0    1.0
at_least_one_positive_image_by_area[1985]  0.379  0.280   0.005    0.912      0.002    0.001   15238.0   17817.0    1.0
at_least_one_positive_image_by_area[1986]  1.000  0.000   1.000    1.000      0.000      NaN   40000.0   40000.0    NaN
at_least_one_positive_image_by_area[1987]  0.336  0.274   0.002    0.877      0.002    0.002   15322.0   12370.0    1.0
at_least_one_positive_image_by_area[1988]  0.554  0.299   0.100    1.000      0.002    0.001   14110.0   15047.0    1.0
at_least_one_positive_image_by_area[1989]  0.757  0.250   0.273    1.000      0.002    0.001   18014.0   17532.0    1.0
at_least_one_positive_image_by_area[1990]  0.374  0.303   0.001    0.942      0.002    0.001   18000.0   17680.0    1.0
at_least_one_positive_image_by_area[1991]  1.000  0.000   1.000    1.000      0.000      NaN   40000.0   40000.0    NaN
at_least_one_positive_image_by_area[1992]  0.053  0.105   0.000    0.218      0.001    0.002   10539.0   15557.0    1.0
at_least_one_positive_image_by_area[1993]  0.144  0.215   0.000    0.614      0.002    0.002   11537.0   14278.0    1.0
at_least_one_positive_image_by_area[1994]  0.033  0.071   0.000    0.126      0.000    0.001   14659.0   17678.0    1.0
at_least_one_positive_image_by_area[1995]  1.000  0.000   1.000    1.000      0.000      NaN   40000.0   40000.0    NaN
at_least_one_positive_image_by_area[1996]  0.378  0.293   0.002    0.932      0.002    0.001   19530.0   15181.0    1.0
at_least_one_positive_image_by_area[1997]  0.731  0.295   0.151    1.000      0.002    0.002   18493.0   14998.0    1.0
at_least_one_positive_image_by_area[1998]  0.915  0.163   0.566    1.000      0.001    0.002   17968.0   14428.0    1.0
at_least_one_positive_image_by_area[1999]  0.631  0.321   0.080    1.000      0.002    0.001   18814.0   16003.0    1.0
at_least_one_positive_image_by_area[2000]  0.344  0.281   0.002    0.895      0.002    0.001   18480.0   16628.0    1.0
at_least_one_positive_image_by_area[2001]  0.245  0.251   0.000    0.781      0.002    0.002   14947.0   16890.0    1.0
at_least_one_positive_image_by_area[2002]  0.578  0.336   0.063    1.000      0.003    0.001   16343.0   19162.0    1.0
at_least_one_positive_image_by_area[2003]  0.028  0.097   0.000    0.115      0.001    0.003    4192.0    5309.0    1.0
at_least_one_positive_image_by_area[2004]  0.068  0.172   0.000    0.375      0.002    0.003    4046.0    5551.0    1.0
at_least_one_positive_image_by_area[2005]  0.833  0.267   0.214    1.000      0.002    0.002   15151.0   16354.0    1.0
at_least_one_positive_image_by_area[2006]  0.597  0.318   0.084    1.000      0.002    0.001   18747.0   12622.0    1.0
at_least_one_positive_image_by_area[2007]  0.283  0.279   0.000    0.868      0.002    0.001   19811.0   17449.0    1.0
at_least_one_positive_image_by_area[2008]  0.386  0.261   0.016    0.883      0.002    0.001   20628.0   18628.0    1.0
at_least_one_positive_image_by_area[2009]  0.712  0.278   0.189    1.000      0.002    0.001   17044.0   16701.0    1.0
at_least_one_positive_image_by_area[2010]  0.075  0.124   0.000    0.283      0.001    0.002   19402.0   17294.0    1.0
at_least_one_positive_image_by_area[2011]  0.442  0.347   0.016    1.000      0.003    0.001   18836.0   17707.0    1.0
at_least_one_positive_image_by_area[2012]  0.200  0.211   0.001    0.637      0.002    0.003   14419.0   10421.0    1.0
at_least_one_positive_image_by_area[2013]  0.316  0.243   0.005    0.791      0.002    0.001   10430.0    8964.0    1.0
at_least_one_positive_image_by_area[2014]  0.185  0.195   0.001    0.585      0.002    0.002   11884.0   15079.0    1.0
at_least_one_positive_image_by_area[2015]  0.065  0.133   0.000    0.282      0.002    0.004   11531.0   11117.0    1.0
at_least_one_positive_image_by_area[2016]  0.103  0.173   0.000    0.442      0.001    0.002   13330.0   18038.0    1.0
at_least_one_positive_image_by_area[2017]  0.143  0.187   0.000    0.518      0.001    0.002   18366.0   20620.0    1.0
at_least_one_positive_image_by_area[2018]  0.072  0.114   0.000    0.265      0.001    0.002   11383.0   16915.0    1.0
at_least_one_positive_image_by_area[2019]  0.374  0.285   0.004    0.916      0.002    0.001   15919.0   17114.0    1.0
at_least_one_positive_image_by_area[2020]  0.207  0.229   0.000    0.695      0.002    0.002   18503.0   20415.0    1.0
at_least_one_positive_image_by_area[2021]  0.176  0.265   0.000    0.814      0.002    0.002   13513.0   15748.0    1.0
at_least_one_positive_image_by_area[2022]  0.253  0.289   0.000    0.879      0.002    0.002   12152.0   12943.0    1.0
at_least_one_positive_image_by_area[2023]  0.137  0.187   0.000    0.520      0.001    0.002   12435.0   13714.0    1.0
at_least_one_positive_image_by_area[2024]  0.002  0.007   0.000    0.005      0.000    0.000   12234.0   11578.0    1.0
at_least_one_positive_image_by_area[2025]  0.093  0.169   0.000    0.420      0.001    0.002   14910.0   11384.0    1.0
at_least_one_positive_image_by_area[2026]  0.138  0.233   0.000    0.678      0.002    0.002   18390.0   12507.0    1.0
at_least_one_positive_image_by_area[2027]  1.000  0.000   1.000    1.000      0.000      NaN   40000.0   40000.0    NaN
at_least_one_positive_image_by_area[2028]  1.000  0.000   1.000    1.000      0.000      NaN   40000.0   40000.0    NaN
at_least_one_positive_image_by_area[2029]  0.141  0.198   0.000    0.559      0.002    0.002    9285.0   10814.0    1.0
at_least_one_positive_image_by_area[2030]  0.450  0.302   0.052    1.000      0.002    0.001   18197.0   18194.0    1.0
at_least_one_positive_image_by_area[2031]  1.000  0.000   1.000    1.000      0.000      NaN   40000.0   40000.0    NaN
at_least_one_positive_image_by_area[2032]  0.140  0.185   0.000    0.518      0.001    0.002   17277.0   14450.0    1.0
at_least_one_positive_image_by_area[2033]  1.000  0.000   1.000    1.000      0.000      NaN   40000.0   40000.0    NaN
at_least_one_positive_image_by_area[2034]  0.266  0.258   0.001    0.808      0.002    0.002   16470.0   16659.0    1.0
at_least_one_positive_image_by_area[2035]  0.460  0.308   0.051    1.000      0.002    0.001   17486.0   10846.0    1.0
at_least_one_positive_image_by_area[2036]  0.787  0.279   0.189    1.000      0.002    0.002   18638.0   16612.0    1.0
at_least_one_positive_image_by_area[2037]  0.569  0.318   0.077    1.000      0.002    0.001   19240.0   17196.0    1.0
at_least_one_positive_image_by_area[2038]  0.382  0.308   0.002    0.956      0.002    0.001   17892.0   16541.0    1.0
at_least_one_positive_image_by_area[2039]  0.066  0.110   0.000    0.244      0.001    0.002   19355.0   16681.0    1.0
at_least_one_positive_image_by_area[2040]  0.102  0.113   0.001    0.311      0.001    0.001   15020.0   19071.0    1.0
at_least_one_positive_image_by_area[2041]  0.574  0.306   0.091    1.000      0.002    0.001   19363.0   15421.0    1.0
at_least_one_positive_image_by_area[2042]  0.507  0.361   0.020    1.000      0.003    0.001   10215.0   11748.0    1.0
at_least_one_positive_image_by_area[2043]  0.088  0.147   0.000    0.348      0.001    0.002   12047.0   15924.0    1.0
at_least_one_positive_image_by_area[2044]  0.299  0.279   0.000    0.873      0.002    0.001   15346.0   19971.0    1.0
at_least_one_positive_image_by_area[2045]  1.000  0.000   1.000    1.000      0.000      NaN   40000.0   40000.0    NaN
at_least_one_positive_image_by_area[2046]  0.446  0.303   0.050    1.000      0.002    0.001   17313.0   11756.0    1.0
at_least_one_positive_image_by_area[2047]  0.360  0.290   0.000    0.919      0.002    0.001   17327.0   15348.0    1.0
at_least_one_positive_image_by_area[2048]  0.474  0.328   0.038    1.000      0.002    0.001   17796.0   15214.0    1.0
at_least_one_positive_image_by_area[2049]  0.210  0.271   0.000    0.826      0.002    0.002   16483.0   17385.0    1.0
at_least_one_positive_image_by_area[2050]  0.683  0.304   0.120    1.000      0.003    0.001   15952.0   12698.0    1.0
at_least_one_positive_image_by_area[2051]  1.000  0.000   1.000    1.000      0.000      NaN   40000.0   40000.0    NaN
at_least_one_positive_image_by_area[2052]  0.231  0.255   0.000    0.786      0.002    0.002   20688.0   15774.0    1.0
at_least_one_positive_image_by_area[2053]  0.183  0.212   0.000    0.623      0.002    0.002   14797.0   13976.0    1.0
at_least_one_positive_image_by_area[2054]  0.073  0.132   0.000    0.299      0.001    0.002   13601.0   15381.0    1.0
at_least_one_positive_image_by_area[2055]  0.153  0.257   0.000    0.778      0.002    0.002   19305.0   18276.0    1.0
at_least_one_positive_image_by_area[2056]  0.118  0.228   0.000    0.655      0.002    0.002   18996.0   18239.0    1.0
at_least_one_positive_image_by_area[2057]  0.035  0.068   0.000    0.126      0.001    0.002   14117.0   12041.0    1.0
at_least_one_positive_image_by_area[2058]  0.090  0.128   0.000    0.317      0.001    0.001   19297.0   20190.0    1.0
at_least_one_positive_image_by_area[2059]  0.238  0.254   0.000    0.788      0.002    0.002   19735.0   20166.0    1.0
at_least_one_positive_image_by_area[2060]  0.170  0.208   0.000    0.617      0.002    0.002   17042.0   19221.0    1.0
at_least_one_positive_image_by_area[2061]  1.000  0.000   1.000    1.000      0.000      NaN   40000.0   40000.0    NaN
at_least_one_positive_image_by_area[2062]  0.023  0.048   0.000    0.081      0.000    0.001   13318.0   16710.0    1.0
at_least_one_positive_image_by_area[2063]  0.236  0.283   0.000    0.865      0.002    0.002   17721.0   17737.0    1.0
at_least_one_positive_image_by_area[2064]  0.093  0.159   0.000    0.386      0.001    0.002   18815.0   16113.0    1.0
at_least_one_positive_image_by_area[2065]  0.071  0.117   0.000    0.265      0.001    0.002   16573.0   18754.0    1.0
at_least_one_positive_image_by_area[2066]  0.526  0.339   0.042    1.000      0.003    0.001   13929.0   10938.0    1.0
at_least_one_positive_image_by_area[2067]  1.000  0.000   1.000    1.000      0.000      NaN   40000.0   40000.0    NaN
at_least_one_positive_image_by_area[2068]  0.298  0.263   0.002    0.838      0.002    0.002   19597.0   19149.0    1.0
at_least_one_positive_image_by_area[2069]  0.028  0.059   0.000    0.102      0.000    0.001   16448.0   16057.0    1.0
at_least_one_positive_image_by_area[2070]  0.017  0.040   0.000    0.061      0.000    0.001   17173.0   19348.0    1.0
at_least_one_positive_image_by_area[2071]  0.343  0.280   0.002    0.887      0.002    0.001   18109.0   14816.0    1.0
at_least_one_positive_image_by_area[2072]  1.000  0.000   1.000    1.000      0.000      NaN   40000.0   40000.0    NaN
at_least_one_positive_image_by_area[2073]  1.000  0.000   1.000    1.000      0.000      NaN   40000.0   40000.0    NaN
at_least_one_positive_image_by_area[2074]  0.237  0.268   0.000    0.829      0.002    0.002   16920.0   14954.0    1.0
at_least_one_positive_image_by_area[2075]  0.261  0.245   0.001    0.772      0.002    0.002   17464.0   18398.0    1.0
at_least_one_positive_image_by_area[2076]  1.000  0.000   1.000    1.000      0.000      NaN   40000.0   40000.0    NaN
at_least_one_positive_image_by_area[2077]  0.269  0.263   0.000    0.826      0.002    0.002   10406.0   13807.0    1.0
at_least_one_positive_image_by_area[2078]  0.318  0.265   0.003    0.847      0.002    0.001   15261.0   15723.0    1.0
at_least_one_positive_image_by_area[2079]  0.136  0.182   0.000    0.502      0.001    0.002   14657.0   14672.0    1.0
at_least_one_positive_image_by_area[2080]  0.168  0.211   0.000    0.616      0.001    0.002   20971.0   17028.0    1.0
at_least_one_positive_image_by_area[2081]  0.337  0.284   0.001    0.897      0.002    0.001   17425.0   20786.0    1.0
at_least_one_positive_image_by_area[2082]  0.077  0.118   0.000    0.278      0.001    0.002   19273.0   21073.0    1.0
at_least_one_positive_image_by_area[2083]  1.000  0.000   1.000    1.000      0.000      NaN   40000.0   40000.0    NaN
at_least_one_positive_image_by_area[2084]  1.000  0.000   1.000    1.000      0.000      NaN   40000.0   40000.0    NaN
at_least_one_positive_image_by_area[2085]  0.315  0.261   0.002    0.840      0.002    0.001   15288.0   14521.0    1.0
at_least_one_positive_image_by_area[2086]  0.160  0.192   0.000    0.554      0.002    0.002   16362.0   14165.0    1.0
at_least_one_positive_image_by_area[2087]  0.127  0.163   0.000    0.443      0.001    0.002   17042.0   20917.0    1.0
at_least_one_positive_image_by_area[2088]  1.000  0.000   1.000    1.000      0.000      NaN   40000.0   40000.0    NaN
at_least_one_positive_image_by_area[2089]  0.164  0.211   0.000    0.618      0.002    0.002   15752.0   17921.0    1.0
at_least_one_positive_image_by_area[2090]  1.000  0.000   1.000    1.000      0.000      NaN   40000.0   40000.0    NaN
at_least_one_positive_image_by_area[2091]  0.157  0.159   0.002    0.463      0.001    0.002   16144.0   17450.0    1.0
at_least_one_positive_image_by_area[2092]  0.220  0.257   0.000    0.791      0.002    0.002   14778.0   17654.0    1.0
at_least_one_positive_image_by_area[2093]  0.110  0.170   0.000    0.442      0.001    0.002   15536.0   12229.0    1.0
at_least_one_positive_image_by_area[2094]  0.060  0.113   0.000    0.243      0.001    0.002   18662.0   21502.0    1.0
at_least_one_positive_image_by_area[2095]  0.308  0.291   0.000    0.898      0.002    0.001   18445.0   18705.0    1.0
at_least_one_positive_image_by_area[2096]  1.000  0.000   1.000    1.000      0.000      NaN   40000.0   40000.0    NaN
at_least_one_positive_image_by_area[2097]  0.238  0.259   0.000    0.798      0.002    0.002   20687.0   18437.0    1.0
at_least_one_positive_image_by_area[2098]  0.463  0.338   0.027    1.000      0.003    0.001   14854.0   13915.0    1.0
at_least_one_positive_image_by_area[2099]  0.340  0.295   0.000    0.918      0.002    0.001   18613.0   17472.0    1.0
at_least_one_positive_image_by_area[2100]  0.192  0.169   0.004    0.522      0.001    0.001   13353.0   15951.0    1.0
at_least_one_positive_image_by_area[2101]  0.178  0.192   0.000    0.566      0.001    0.002   16389.0   12001.0    1.0
at_least_one_positive_image_by_area[2102]  0.098  0.154   0.000    0.383      0.001    0.002   12917.0   13815.0    1.0
at_least_one_positive_image_by_area[2103]  0.246  0.251   0.000    0.784      0.002    0.002   17038.0   17611.0    1.0
at_least_one_positive_image_by_area[2104]  1.000  0.000   1.000    1.000      0.000      NaN   40000.0   40000.0    NaN
at_least_one_positive_image_by_area[2105]  0.432  0.312   0.038    1.000      0.002    0.001   17455.0   18812.0    1.0
at_least_one_positive_image_by_area[2106]  0.282  0.284   0.000    0.881      0.002    0.001   18405.0   14212.0    1.0
at_least_one_positive_image_by_area[2107]  0.132  0.173   0.000    0.474      0.001    0.002   15015.0   20368.0    1.0
at_least_one_positive_image_by_area[2108]  0.194  0.234   0.000    0.703      0.002    0.002   16669.0   15319.0    1.0
at_least_one_positive_image_by_area[2109]  0.367  0.299   0.000    0.936      0.002    0.001   15402.0   14285.0    1.0
at_least_one_positive_image_by_area[2110]  0.502  0.300   0.074    1.000      0.002    0.001   17051.0   18006.0    1.0
at_least_one_positive_image_by_area[2111]  0.105  0.153   0.000    0.395      0.001    0.002   16640.0   19154.0    1.0
at_least_one_positive_image_by_area[2112]  0.312  0.274   0.000    0.864      0.002    0.001   15845.0   20203.0    1.0
at_least_one_positive_image_by_area[2113]  0.556  0.325   0.067    1.000      0.003    0.001   16730.0   14613.0    1.0
at_least_one_positive_image_by_area[2114]  0.359  0.279   0.003    0.896      0.002    0.001   17900.0   19327.0    1.0
at_least_one_positive_image_by_area[2115]  0.633  0.335   0.072    1.000      0.003    0.001   18544.0   18329.0    1.0
at_least_one_positive_image_by_area[2116]  0.793  0.252   0.267    1.000      0.002    0.002   17403.0   16256.0    1.0
at_least_one_positive_image_by_area[2117]  0.128  0.190   0.000    0.528      0.001    0.002   14508.0   17584.0    1.0
at_least_one_positive_image_by_area[2118]  1.000  0.000   1.000    1.000      0.000      NaN   40000.0   40000.0    NaN
at_least_one_positive_image_by_area[2119]  0.389  0.278   0.007    0.908      0.002    0.001   16091.0   16665.0    1.0
at_least_one_positive_image_by_area[2120]  0.299  0.297   0.000    0.910      0.002    0.001   15018.0   13051.0    1.0
at_least_one_positive_image_by_area[2121]  0.097  0.163   0.000    0.404      0.001    0.002   14607.0   12138.0    1.0
at_least_one_positive_image_by_area[2122]  0.050  0.088   0.000    0.182      0.001    0.001   13984.0   13573.0    1.0
at_least_one_positive_image_by_area[2123]  0.135  0.177   0.000    0.482      0.001    0.002   14685.0    9178.0    1.0
at_least_one_positive_image_by_area[2124]  0.207  0.251   0.000    0.763      0.002    0.002   14117.0   15073.0    1.0
at_least_one_positive_image_by_area[2125]  0.101  0.172   0.000    0.438      0.001    0.002   14932.0   16000.0    1.0
at_least_one_positive_image_by_area[2126]  0.175  0.204   0.000    0.602      0.002    0.002   17087.0   17224.0    1.0
at_least_one_positive_image_by_area[2127]  0.164  0.213   0.000    0.619      0.002    0.002   16487.0   18480.0    1.0
at_least_one_positive_image_by_area[2128]  0.044  0.081   0.000    0.160      0.001    0.001   16582.0   19634.0    1.0
at_least_one_positive_image_by_area[2129]  0.026  0.052   0.000    0.094      0.000    0.001   15196.0   17252.0    1.0
at_least_one_positive_image_by_area[2130]  0.214  0.224   0.000    0.686      0.002    0.002   17715.0   19652.0    1.0
at_least_one_positive_image_by_area[2131]  0.201  0.217   0.000    0.650      0.002    0.002   11498.0   14468.0    1.0
at_least_one_positive_image_by_area[2132]  0.420  0.315   0.032    1.000      0.003    0.001   14570.0   13210.0    1.0
at_least_one_positive_image_by_area[2133]  0.294  0.277   0.000    0.867      0.002    0.001   15691.0   15544.0    1.0
at_least_one_positive_image_by_area[2134]  0.280  0.300   0.000    0.917      0.002    0.001   15608.0   16916.0    1.0
at_least_one_positive_image_by_area[2135]  0.077  0.129   0.000    0.297      0.001    0.002   14195.0   15347.0    1.0
at_least_one_positive_image_by_area[2136]  0.212  0.233   0.000    0.706      0.002    0.002   14369.0   17679.0    1.0
at_least_one_positive_image_by_area[2137]  0.406  0.293   0.003    0.942      0.002    0.001   12237.0   11725.0    1.0
at_least_one_positive_image_by_area[2138]  0.176  0.205   0.000    0.603      0.002    0.002   10849.0   14640.0    1.0
at_least_one_positive_image_by_area[2139]  0.179  0.252   0.000    0.759      0.002    0.002   17508.0   17259.0    1.0
at_least_one_positive_image_by_area[2140]  0.031  0.088   0.000    0.129      0.001    0.002   13306.0   14749.0    1.0
at_least_one_positive_image_by_area[2141]  0.047  0.114   0.000    0.209      0.001    0.002   14914.0   16707.0    1.0
at_least_one_positive_image_by_area[2142]  0.105  0.152   0.000    0.388      0.001    0.002   13426.0   14995.0    1.0
at_least_one_positive_image_by_area[2143]  0.148  0.210   0.000    0.598      0.002    0.002   16383.0   10492.0    1.0
at_least_one_positive_image_by_area[2144]  0.086  0.140   0.000    0.340      0.001    0.002   11493.0   10568.0    1.0
at_least_one_positive_image_by_area[2145]  0.138  0.181   0.000    0.499      0.002    0.002   11017.0   15515.0    1.0
at_least_one_positive_image_by_area[2146]  0.190  0.241   0.000    0.724      0.002    0.002   15443.0   18504.0    1.0
at_least_one_positive_image_by_area[2147]  0.449  0.317   0.038    1.000      0.002    0.001   16481.0   15563.0    1.0
at_least_one_positive_image_by_area[2148]  1.000  0.000   1.000    1.000      0.000      NaN   40000.0   40000.0    NaN
at_least_one_positive_image_by_area[2149]  0.086  0.143   0.000    0.342      0.001    0.002   17281.0   17540.0    1.0
at_least_one_positive_image_by_area[2150]  1.000  0.000   1.000    1.000      0.000      NaN   40000.0   40000.0    NaN
at_least_one_positive_image_by_area[2151]  0.511  0.302   0.077    1.000      0.002    0.001   19472.0   19293.0    1.0
at_least_one_positive_image_by_area[2152]  0.070  0.132   0.000    0.292      0.001    0.002   11802.0    9738.0    1.0
at_least_one_positive_image_by_area[2153]  0.017  0.038   0.000    0.058      0.000    0.002    9660.0   15352.0    1.0
at_least_one_positive_image_by_area[2154]  0.075  0.133   0.000    0.302      0.001    0.002   17649.0   16696.0    1.0
at_least_one_positive_image_by_area[2155]  0.107  0.172   0.000    0.445      0.001    0.002   18491.0   19344.0    1.0
at_least_one_positive_image_by_area[2156]  0.513  0.305   0.073    1.000      0.002    0.001   17495.0   16667.0    1.0
at_least_one_positive_image_by_area[2157]  0.844  0.219   0.367    1.000      0.002    0.002   15208.0   12420.0    1.0
at_least_one_positive_image_by_area[2158]  0.083  0.142   0.000    0.333      0.001    0.002   16587.0   17606.0    1.0
at_least_one_positive_image_by_area[2159]  0.027  0.067   0.000    0.102      0.001    0.002   10933.0   15825.0    1.0
at_least_one_positive_image_by_area[2160]  0.041  0.074   0.000    0.147      0.001    0.002   13577.0   12170.0    1.0
at_least_one_positive_image_by_area[2161]  0.076  0.119   0.000    0.276      0.001    0.002   15064.0   17342.0    1.0
at_least_one_positive_image_by_area[2162]  0.055  0.095   0.000    0.202      0.001    0.002   14840.0   14342.0    1.0
at_least_one_positive_image_by_area[2163]  0.039  0.041   0.001    0.106      0.000    0.001   11987.0   11529.0    1.0
at_least_one_positive_image_by_area[2164]  0.043  0.096   0.000    0.176      0.001    0.002   11082.0   16556.0    1.0
at_least_one_positive_image_by_area[2165]  0.085  0.185   0.000    0.453      0.001    0.002   15360.0   19169.0    1.0
at_least_one_positive_image_by_area[2166]  0.026  0.045   0.000    0.086      0.000    0.001   14339.0   13544.0    1.0
at_least_one_positive_image_by_area[2167]  0.013  0.034   0.000    0.046      0.000    0.002   12914.0    9718.0    1.0
at_least_one_positive_image_by_area[2168]  0.148  0.226   0.000    0.656      0.002    0.002   12174.0   16360.0    1.0
at_least_one_positive_image_by_area[2169]  1.000  0.000   1.000    1.000      0.000      NaN   40000.0   40000.0    NaN
at_least_one_positive_image_by_area[2170]  0.224  0.248   0.000    0.762      0.002    0.002   12710.0   12507.0    1.0
at_least_one_positive_image_by_area[2171]  0.424  0.324   0.025    1.000      0.003    0.001   16433.0   18047.0    1.0
at_least_one_positive_image_by_area[2172]  1.000  0.000   1.000    1.000      0.000      NaN   40000.0   40000.0    NaN
at_least_one_positive_image_by_area[2173]  0.308  0.262   0.002    0.839      0.002    0.001   18032.0   18123.0    1.0
at_least_one_positive_image_by_area[2174]  0.215  0.239   0.000    0.733      0.002    0.002   14331.0   17099.0    1.0
at_least_one_positive_image_by_area[2175]  0.093  0.133   0.000    0.330      0.001    0.002   13262.0   18602.0    1.0
at_least_one_positive_image_by_area[2176]  0.572  0.290   0.119    1.000      0.003    0.001   12137.0   11609.0    1.0
at_least_one_positive_image_by_area[2177]  0.667  0.329   0.084    1.000      0.003    0.001   13041.0   14490.0    1.0
at_least_one_positive_image_by_area[2178]  0.099  0.163   0.000    0.412      0.001    0.002   15114.0   18034.0    1.0
at_least_one_positive_image_by_area[2179]  0.240  0.248   0.000    0.766      0.002    0.002   15749.0   17504.0    1.0
at_least_one_positive_image_by_area[2180]  0.116  0.159   0.000    0.428      0.001    0.002   15908.0   18251.0    1.0
at_least_one_positive_image_by_area[2181]  1.000  0.000   1.000    1.000      0.000      NaN   40000.0   40000.0    NaN
at_least_one_positive_image_by_area[2182]  0.173  0.233   0.000    0.694      0.002    0.002    9732.0   16908.0    1.0
at_least_one_positive_image_by_area[2183]  0.299  0.321   0.000    0.957      0.003    0.002    9691.0   16740.0    1.0
at_least_one_positive_image_by_area[2184]  0.073  0.148   0.000    0.331      0.001    0.002   17170.0   16868.0    1.0
at_least_one_positive_image_by_area[2185]  0.039  0.096   0.000    0.162      0.001    0.002   13157.0   17494.0    1.0
at_least_one_positive_image_by_area[2186]  0.096  0.150   0.000    0.372      0.001    0.002   12970.0   16177.0    1.0
at_least_one_positive_image_by_area[2187]  0.017  0.047   0.000    0.063      0.000    0.002   12319.0   15282.0    1.0
at_least_one_positive_image_by_area[2188]  1.000  0.000   1.000    1.000      0.000      NaN   40000.0   40000.0    NaN
at_least_one_positive_image_by_area[2189]  0.300  0.263   0.001    0.837      0.002    0.001   16165.0   19206.0    1.0
at_least_one_positive_image_by_area[2190]  0.368  0.285   0.004    0.917      0.002    0.001   17913.0   18299.0    1.0
at_least_one_positive_image_by_area[2191]  0.264  0.243   0.001    0.767      0.002    0.001   14832.0   16182.0    1.0
at_least_one_positive_image_by_area[2192]  0.480  0.285   0.086    1.000      0.002    0.001   14388.0   16140.0    1.0
at_least_one_positive_image_by_area[2193]  1.000  0.000   1.000    1.000      0.000      NaN   40000.0   40000.0    NaN
at_least_one_positive_image_by_area[2194]  0.182  0.223   0.000    0.661      0.002    0.002   11502.0   15033.0    1.0
at_least_one_positive_image_by_area[2195]  0.448  0.326   0.035    1.000      0.003    0.001   12185.0   17468.0    1.0
at_least_one_positive_image_by_area[2196]  0.076  0.153   0.000    0.343      0.001    0.002   13660.0   18561.0    1.0
at_least_one_positive_image_by_area[2197]  1.000  0.000   1.000    1.000      0.000      NaN   40000.0   40000.0    NaN
at_least_one_positive_image_by_area[2198]  0.333  0.296   0.000    0.918      0.002    0.001   18384.0   16602.0    1.0
at_least_one_positive_image_by_area[2199]  0.501  0.341   0.035    1.000      0.003    0.001   17350.0   14375.0    1.0
at_least_one_positive_image_by_area[2200]  1.000  0.001   1.000    1.000      0.000    0.000   15330.0   15518.0    1.0
at_least_one_positive_image_by_area[2201]  0.070  0.114   0.000    0.251      0.001    0.002   14532.0   13945.0    1.0
at_least_one_positive_image_by_area[2202]  0.328  0.306   0.000    0.937      0.002    0.001   15453.0   11442.0    1.0
at_least_one_positive_image_by_area[2203]  0.487  0.305   0.065    1.000      0.002    0.001   17585.0   18820.0    1.0
at_least_one_positive_image_by_area[2204]  0.305  0.268   0.001    0.851      0.002    0.001   18290.0   18343.0    1.0
at_least_one_positive_image_by_area[2205]  0.264  0.254   0.000    0.799      0.002    0.002   18819.0   17537.0    1.0
at_least_one_positive_image_by_area[2206]  1.000  0.000   1.000    1.000      0.000      NaN   40000.0   40000.0    NaN
at_least_one_positive_image_by_area[2207]  0.203  0.209   0.000    0.634      0.002    0.002   17131.0   17038.0    1.0
at_least_one_positive_image_by_area[2208]  0.352  0.308   0.001    0.947      0.002    0.001   18748.0   21331.0    1.0
at_least_one_positive_image_by_area[2209]  0.263  0.263   0.000    0.817      0.002    0.001   19884.0   16749.0    1.0
at_least_one_positive_image_by_area[2210]  1.000  0.000   1.000    1.000      0.000      NaN   40000.0   40000.0    NaN
at_least_one_positive_image_by_area[2211]  0.101  0.143   0.000    0.364      0.001    0.002   16942.0   19437.0    1.0
at_least_one_positive_image_by_area[2212]  0.334  0.270   0.002    0.867      0.002    0.001   15804.0   16276.0    1.0
at_least_one_positive_image_by_area[2213]  0.367  0.291   0.003    0.925      0.002    0.001   18776.0   14741.0    1.0
at_least_one_positive_image_by_area[2214]  1.000  0.000   1.000    1.000      0.000      NaN   40000.0   40000.0    NaN
at_least_one_positive_image_by_area[2215]  0.104  0.151   0.000    0.390      0.001    0.002   11334.0   13197.0    1.0
at_least_one_positive_image_by_area[2216]  0.442  0.312   0.040    1.000      0.002    0.001   16722.0   13520.0    1.0
at_least_one_positive_image_by_area[2217]  0.944  0.136   0.688    1.000      0.001    0.002   17223.0   15311.0    1.0
at_least_one_positive_image_by_area[2218]  0.546  0.312   0.073    1.000      0.003    0.001   13997.0   14970.0    1.0
at_least_one_positive_image_by_area[2219]  0.482  0.357   0.022    1.000      0.003    0.001   11025.0   12931.0    1.0
at_least_one_positive_image_by_area[2220]  0.120  0.160   0.000    0.428      0.001    0.002   13347.0   14075.0    1.0
at_least_one_positive_image_by_area[2221]  1.000  0.000   1.000    1.000      0.000      NaN   40000.0   40000.0    NaN
at_least_one_positive_image_by_area[2222]  0.369  0.318   0.000    0.959      0.002    0.001   16238.0    8485.0    1.0
at_least_one_positive_image_by_area[2223]  0.160  0.197   0.000    0.564      0.002    0.002   14958.0   16362.0    1.0
at_least_one_positive_image_by_area[2224]  0.105  0.145   0.000    0.380      0.001    0.002   17406.0   17492.0    1.0
at_least_one_positive_image_by_area[2225]  0.143  0.185   0.000    0.517      0.002    0.002   12554.0   18479.0    1.0
at_least_one_positive_image_by_area[2226]  0.035  0.076   0.000    0.134      0.001    0.002   17262.0   17309.0    1.0
at_least_one_positive_image_by_area[2227]  0.116  0.154   0.000    0.409      0.001    0.002   12636.0   16173.0    1.0
at_least_one_positive_image_by_area[2228]  0.263  0.262   0.000    0.815      0.002    0.002   12385.0   16502.0    1.0
at_least_one_positive_image_by_area[2229]  0.181  0.217   0.000    0.636      0.002    0.002   12570.0   14575.0    1.0
at_least_one_positive_image_by_area[2230]  0.143  0.209   0.000    0.595      0.002    0.002   12627.0   18273.0    1.0
at_least_one_positive_image_by_area[2231]  0.676  0.306   0.124    1.000      0.002    0.001   16168.0   18316.0    1.0
at_least_one_positive_image_by_area[2232]  0.698  0.293   0.150    1.000      0.002    0.001   18111.0   13768.0    1.0
at_least_one_positive_image_by_area[2233]  0.532  0.321   0.061    1.000      0.002    0.001   16361.0   11683.0    1.0
at_least_one_positive_image_by_area[2234]  0.589  0.318   0.080    1.000      0.002    0.001   17901.0   13133.0    1.0
at_least_one_positive_image_by_area[2235]  0.267  0.235   0.003    0.747      0.002    0.002   13283.0   16569.0    1.0
at_least_one_positive_image_by_area[2236]  0.541  0.295   0.101    1.000      0.002    0.001   18108.0   17570.0    1.0
at_least_one_positive_image_by_area[2237]  0.429  0.317   0.033    1.000      0.002    0.001   17997.0   16929.0    1.0
at_least_one_positive_image_by_area[2238]  0.378  0.325   0.000    0.975      0.003    0.001   16019.0   17168.0    1.0
at_least_one_positive_image_by_area[2239]  0.512  0.317   0.063    1.000      0.002    0.001   18807.0   19478.0    1.0
at_least_one_positive_image_by_area[2240]  0.060  0.112   0.000    0.236      0.001    0.002   15577.0   17552.0    1.0
at_least_one_positive_image_by_area[2241]  0.273  0.258   0.001    0.808      0.002    0.001   16728.0   18687.0    1.0
at_least_one_positive_image_by_area[2242]  0.163  0.193   0.000    0.558      0.001    0.002   16210.0   16704.0    1.0
at_least_one_positive_image_by_area[2243]  0.446  0.320   0.037    1.000      0.002    0.001   16390.0   17940.0    1.0
at_least_one_positive_image_by_area[2244]  0.115  0.185   0.000    0.498      0.001    0.002   15439.0   18800.0    1.0
at_least_one_positive_image_by_area[2245]  0.150  0.231   0.000    0.676      0.002    0.002   18879.0   21156.0    1.0
at_least_one_positive_image_by_area[2246]  0.086  0.123   0.000    0.301      0.001    0.002   16896.0   17573.0    1.0
at_least_one_positive_image_by_area[2247]  0.016  0.020   0.000    0.047      0.000    0.000   14540.0   18032.0    1.0
at_least_one_positive_image_by_area[2248]  1.000  0.000   1.000    1.000      0.000      NaN   40000.0   40000.0    NaN
at_least_one_positive_image_by_area[2249]  1.000  0.000   1.000    1.000      0.000      NaN   40000.0   40000.0    NaN
at_least_one_positive_image_by_area[2250]  1.000  0.000   1.000    1.000      0.000      NaN   40000.0   40000.0    NaN
at_least_one_positive_image_by_area[2251]  0.410  0.309   0.004    0.965      0.002    0.001   17108.0   13283.0    1.0
at_least_one_positive_image_by_area[2252]  0.149  0.194   0.000    0.552      0.001    0.002   17996.0   19483.0    1.0
at_least_one_positive_image_by_area[2253]  0.266  0.262   0.000    0.817      0.002    0.002   17419.0   18132.0    1.0
at_least_one_positive_image_by_area[2254]  0.074  0.141   0.000    0.316      0.001    0.002   15913.0   18989.0    1.0
at_least_one_positive_image_by_area[2255]  0.122  0.189   0.000    0.508      0.001    0.002   15986.0   17582.0    1.0
at_least_one_positive_image_by_area[2256]  0.123  0.178   0.000    0.477      0.002    0.002   13314.0   18019.0    1.0
at_least_one_positive_image_by_area[2257]  0.319  0.301   0.000    0.920      0.002    0.001   14695.0   16125.0    1.0
at_least_one_positive_image_by_area[2258]  1.000  0.000   1.000    1.000      0.000      NaN   40000.0   40000.0    NaN
at_least_one_positive_image_by_area[2259]  1.000  0.000   1.000    1.000      0.000      NaN   40000.0   40000.0    NaN
at_least_one_positive_image_by_area[2260]  0.362  0.336   0.000    0.973      0.003    0.001    8762.0    9194.0    1.0
at_least_one_positive_image_by_area[2261]  1.000  0.000   1.000    1.000      0.000      NaN   40000.0   40000.0    NaN
at_least_one_positive_image_by_area[2262]  0.335  0.298   0.000    0.921      0.002    0.001   18173.0   17412.0    1.0
at_least_one_positive_image_by_area[2263]  0.291  0.275   0.000    0.861      0.002    0.001   16880.0   14970.0    1.0
at_least_one_positive_image_by_area[2264]  0.065  0.119   0.000    0.252      0.001    0.002   20615.0   19275.0    1.0
at_least_one_positive_image_by_area[2265]  0.399  0.295   0.003    0.944      0.002    0.001   19138.0   20261.0    1.0
at_least_one_positive_image_by_area[2266]  0.147  0.185   0.000    0.517      0.001    0.002   18236.0   19437.0    1.0
at_least_one_positive_image_by_area[2267]  1.000  0.000   1.000    1.000      0.000      NaN   40000.0   40000.0    NaN
at_least_one_positive_image_by_area[2268]  0.575  0.339   0.057    1.000      0.003    0.001   15354.0   17019.0    1.0
at_least_one_positive_image_by_area[2269]  0.260  0.253   0.000    0.792      0.002    0.002   16173.0   16634.0    1.0
at_least_one_positive_image_by_area[2270]  0.199  0.211   0.000    0.637      0.002    0.002   14583.0   16964.0    1.0
at_least_one_positive_image_by_area[2271]  0.153  0.173   0.001    0.495      0.001    0.002   16555.0   18713.0    1.0
at_least_one_positive_image_by_area[2272]  0.536  0.280   0.118    1.000      0.002    0.001   19107.0   18236.0    1.0
at_least_one_positive_image_by_area[2273]  0.075  0.122   0.000    0.283      0.001    0.002   12393.0   11574.0    1.0
at_least_one_positive_image_by_area[2274]  0.132  0.175   0.000    0.479      0.001    0.002   14375.0   18155.0    1.0
at_least_one_positive_image_by_area[2275]  0.384  0.322   0.000    0.971      0.003    0.001   13258.0   15883.0    1.0
at_least_one_positive_image_by_area[2276]  0.065  0.119   0.000    0.263      0.001    0.002   18648.0   17165.0    1.0
at_least_one_positive_image_by_area[2277]  1.000  0.000   1.000    1.000      0.000      NaN   40000.0   40000.0    NaN
at_least_one_positive_image_by_area[2278]  1.000  0.000   1.000    1.000      0.000      NaN   40000.0   40000.0    NaN
at_least_one_positive_image_by_area[2279]  0.409  0.378   0.005    1.000      0.004    0.001    9929.0    9039.0    1.0
at_least_one_positive_image_by_area[2280]  0.354  0.302   0.000    0.937      0.003    0.001   13336.0   17360.0    1.0
at_least_one_positive_image_by_area[2281]  0.173  0.258   0.000    0.777      0.002    0.002   21171.0   18662.0    1.0
at_least_one_positive_image_by_area[2282]  0.276  0.283   0.000    0.879      0.003    0.002   10371.0   12491.0    1.0
at_least_one_positive_image_by_area[2283]  0.202  0.274   0.000    0.837      0.002    0.002   12355.0   13216.0    1.0
at_least_one_positive_image_by_area[2284]  1.000  0.000   1.000    1.000      0.000      NaN   40000.0   40000.0    NaN
at_least_one_positive_image_by_area[2285]  1.000  0.000   1.000    1.000      0.000      NaN   40000.0   40000.0    NaN
at_least_one_positive_image_by_area[2286]  0.163  0.221   0.000    0.646      0.002    0.002   16695.0   17877.0    1.0
at_least_one_positive_image_by_area[2287]  0.289  0.265   0.001    0.835      0.002    0.001   15107.0   14013.0    1.0
at_least_one_positive_image_by_area[2288]  0.082  0.134   0.000    0.321      0.001    0.002   15727.0   13118.0    1.0
at_least_one_positive_image_by_area[2289]  0.213  0.251   0.000    0.766      0.002    0.002   14818.0   13277.0    1.0
at_least_one_positive_image_by_area[2290]  0.663  0.277   0.179    1.000      0.002    0.001   18830.0   17986.0    1.0
at_least_one_positive_image_by_area[2291]  1.000  0.000   1.000    1.000      0.000      NaN   40000.0   40000.0    NaN
at_least_one_positive_image_by_area[2292]  0.046  0.138   0.000    0.229      0.001    0.002    5511.0    6810.0    1.0
at_least_one_positive_image_by_area[2293]  0.036  0.114   0.000    0.164      0.001    0.002    3841.0    4743.0    1.0
at_least_one_positive_image_by_area[2294]  0.147  0.188   0.000    0.532      0.002    0.002   12335.0   14665.0    1.0
at_least_one_positive_image_by_area[2295]  0.053  0.093   0.000    0.194      0.001    0.002   15705.0   21565.0    1.0
at_least_one_positive_image_by_area[2296]  0.053  0.091   0.000    0.195      0.001    0.002   14727.0   17952.0    1.0
at_least_one_positive_image_by_area[2297]  0.227  0.268   0.000    0.830      0.002    0.002   13970.0   11183.0    1.0
at_least_one_positive_image_by_area[2298]  0.020  0.042   0.000    0.070      0.000    0.001   11190.0   12823.0    1.0
at_least_one_positive_image_by_area[2299]  0.091  0.149   0.000    0.361      0.001    0.002   13433.0   18420.0    1.0
at_least_one_positive_image_by_area[2300]  0.044  0.137   0.000    0.222      0.001    0.002    6583.0    7922.0    1.0
at_least_one_positive_image_by_area[2301]  0.048  0.145   0.000    0.252      0.001    0.002    6349.0    8376.0    1.0
at_least_one_positive_image_by_area[2302]  0.110  0.136   0.001    0.361      0.001    0.002   14780.0   16397.0    1.0
at_least_one_positive_image_by_area[2303]  0.641  0.298   0.131    1.000      0.002    0.001   17015.0   16398.0    1.0
at_least_one_positive_image_by_area[2304]  1.000  0.000   1.000    1.000      0.000      NaN   40000.0   40000.0    NaN
at_least_one_positive_image_by_area[2305]  1.000  0.000   1.000    1.000      0.000      NaN   40000.0   40000.0    NaN
at_least_one_positive_image_by_area[2306]  0.183  0.250   0.000    0.751      0.002    0.002   17468.0   12469.0    1.0
at_least_one_positive_image_by_area[2307]  0.205  0.250   0.000    0.759      0.002    0.002   16830.0   12818.0    1.0
at_least_one_positive_image_by_area[2308]  0.599  0.307   0.103    1.000      0.002    0.001   18224.0   17145.0    1.0
at_least_one_positive_image_by_area[2309]  0.926  0.174   0.578    1.000      0.002    0.003   15419.0   11911.0    1.0
at_least_one_positive_image_by_area[2310]  0.447  0.326   0.030    1.000      0.002    0.001   19503.0   16298.0    1.0
at_least_one_positive_image_by_area[2311]  0.477  0.330   0.035    1.000      0.002    0.001   16275.0   10087.0    1.0
at_least_one_positive_image_by_area[2312]  0.561  0.309   0.086    1.000      0.002    0.001   15258.0   10110.0    1.0
at_least_one_positive_image_by_area[2313]  0.747  0.306   0.117    1.000      0.003    0.002   13823.0   11687.0    1.0
at_least_one_positive_image_by_area[2314]  0.004  0.034   0.000    0.009      0.000    0.002    4083.0    5431.0    1.0
at_least_one_positive_image_by_area[2315]  0.008  0.050   0.000    0.020      0.001    0.005    4061.0    5783.0    1.0
at_least_one_positive_image_by_area[2316]  0.001  0.006   0.000    0.002      0.000    0.001    3403.0    4578.0    1.0
at_least_one_positive_image_by_area[2317]  0.541  0.294   0.100    1.000      0.002    0.001   16965.0   19959.0    1.0
at_least_one_positive_image_by_area[2318]  0.901  0.199   0.450    1.000      0.002    0.003   14059.0   13485.0    1.0
at_least_one_positive_image_by_area[2319]  0.235  0.241   0.000    0.744      0.002    0.002   15398.0   18634.0    1.0
at_least_one_positive_image_by_area[2320]  0.615  0.323   0.084    1.000      0.003    0.001   16787.0   19198.0    1.0
at_least_one_positive_image_by_area[2321]  0.239  0.237   0.000    0.734      0.002    0.002   15667.0   16426.0    1.0
at_least_one_positive_image_by_area[2322]  0.297  0.275   0.000    0.863      0.002    0.001   18210.0   15345.0    1.0
at_least_one_positive_image_by_area[2323]  0.172  0.213   0.000    0.621      0.002    0.002   14977.0   19783.0    1.0
at_least_one_positive_image_by_area[2324]  0.429  0.271   0.024    0.922      0.002    0.001   13717.0   18633.0    1.0
spatial_sigma                              3.880  0.230   3.448    4.306      0.003    0.002    6676.0   11132.0    1.0
external_covariate_beta[0]                -3.015  0.364  -3.704   -2.341      0.004    0.002    9096.0   11302.0    1.0
external_covariate_beta[1]                -0.679  0.113  -0.894   -0.470      0.001    0.001    8297.0   11892.0    1.0
external_covariate_beta[2]                 0.450  0.075   0.313    0.592      0.001    0.001    7565.0    9693.0    1.0
external_covariate_beta[3]                 0.121  0.051   0.025    0.218      0.001    0.000    7225.0   12163.0    1.0
external_covariate_beta[4]                -0.046  0.100  -0.236    0.137      0.001    0.001    7356.0   11404.0    1.0
external_covariate_beta[5]                -0.012  0.138  -0.281    0.240      0.001    0.001    8782.0   13676.0    1.0
external_covariate_beta[6]                 0.807  0.227   0.378    1.230      0.002    0.001    9080.0   13608.0    1.0
external_covariate_beta[7]                -0.613  0.246  -1.084   -0.160      0.003    0.002    9343.0   13224.0    1.0
external_covariate_beta[8]                -0.612  0.095  -0.790   -0.434      0.001    0.001    7721.0   10725.0    1.0
external_covariate_beta[9]                 0.056  0.107  -0.147    0.255      0.001    0.001    8020.0   12897.0    1.0