87
685
732
1006
2212
5141
5445
228
859
897
3741
4611
5640
5977
6429
6712
83
777
1550
4131
4362
4602
4618
5083
5444
594
1505
3675
5540
6275
6605
6626
169
550
1203
1229
1242
4529
4629
4630
230
1248
1249
1696
1936
2992
4120
4551
4881
6520
196
2417
3579
3851
5257
5264
6579
1271
1272
1558
4560
4561
5816
6210
76
684
956
1608
1742
1811
2352
2665
2864
2980
3451
3509
3942
4456
4457
4783
4905
4957
5175
5406
6497
543
2300
3010
3147
3848
5122
5275
6091
6362
6377
1003
2079
6141
171
172
487
1683
2047
3167
4817
4906
179
411
2219
2239
2816
3861
4257
4258
6229
2224
3538
3555
3788
6363
6392
1189
1679
2552
3048
3085
3378
4574
5534
5976
6374
643
696
991
2190
2703
3162
4633
5627
84
797
1953
2984
3377
6305
6636
85
696
1206
1583
1858
2902
3732
4633
4635
5370
5635
1849
4412
4839
5087
5487
5498
490
569
603
2737
3287
4107
4221
4222
417
3333
3334
3335
6039
6107
30
101
441
1513
1685
1860
2163
4087
5712
6660
1499
3073
4583
4585
4586
5504
5546
329
2901
3103
3674
4557
4594
4993
5246
5556
5557
517
1504
1658
1985
2273
4733
5028
2615
3392
3691
5688
5771
6676
910
1535
5151
5357
5791
5866
6248
209
688
1724
3916
5152
5160
5753
556
585
1029
2516
3385
3751
3976
5160
6046
6142
441
1513
1685
1860
2832
4087
6660
566
579
2155
3130
4289
6245
724
1110
1467
2252
2398
2895
2906
3067
3118
3195
3536
4161
4965
171
172
210
390
486
487
604
3350
4250
4817
4954
2134
2183
2293
3033
3034
5804
5860
6456
6465
629
1103
1331
1376
2862
4765
5704
5717
1035
1080
3274
3661
4332
4937
5354
41
1078
1171
1380
2041
2667
2741
3821
4446
4720
5025
5950
350
352
2735
3690
3699
4111
4179
4372
617
876
1383
1540
3925
4448
5704
5710
344
1182
1976
2835
3407
5709
5945
1076
1078
1171
1382
1859
2041
2729
2741
4446
6546
120
1476
1495
2418
3384
5115
5288
6090
6158
6554
1821
2018
2641
5198
5434
6528
1448
2249
2660
2796
3325
3934
5409
5420
5421
6024
1501
2103
2472
2533
2846
2967
3188
3693
4388
6679
1311
2292
2745
3573
3702
3715
3932
4454
5606
1357
1996
2908
3061
3560
3709
4040
4758
3680
3687
3711
3870
4728
5793
6181
6519
190
770
903
1132
1484
2046
2077
5039
6560
234
1030
2048
2049
2145
4109
4164
6568
1491
2195
2677
2754
3166
5746
6378
1752
2689
3752
3860
4693
4723
5387
5897
6396
240
497
798
1306
1323
1325
1380
2662
3363
3819
4720
5025
5950
1602
1782
2116
2118
2161
2162
4351
1896
2706
2917
2999
3072
3214
3658
4509
6294
455
2637
2960
3718
4413
4825
6619
972
1240
1742
2864
3104
4523
4742
4743
4905
6240
1229
1242
1898
2308
2983
3456
4083
4576
4578
4580
5629
5632
5633
253
1056
1137
1938
2260
2481
2853
3513
3669
5597
2999
3214
3292
3485
3658
3743
4126
4688
820
1051
1619
2611
3365
4074
4649
4676
4689
5506
5637
6453
1087
1318
2720
3423
3424
3500
4702
1087
1320
1321
1888
4711
5626
141
193
651
1480
1949
2374
2415
2780
3068
3614
1527
3206
3426
6400
6543
6681
349
522
2463
2735
3100
4065
4372
997
3413
4432
4433
5210
947
3038
4206
4436
5414
6589
6619
800
853
1257
1259
2302
2957
4650
4652
5705
1410
1740
1763
2583
3685
3759
4726
5532
5881
5933
3687
3711
5693
5919
6215
6610
349
928
2129
3694
4065
5854
6683
334
801
1754
3375
4474
5527
5797
5876
6181
1352
1895
2336
2577
3153
4070
4714
5206
5524
5821
5911
954
1297
1447
1747
2026
3376
3744
4068
4467
4699
319
684
1212
1245
3451
1282
1283
1289
1595
1643
2304
3739
4170
4648
5484
5505
990
2093
2114
2115
3217
4572
5622
6297
184
355
719
932
2910
3159
4207
4403
5388
5485
5487
81
355
356
932
933
1796
2910
359
932
933
1797
2785
2910
4395
6031
6538
1251
1773
1876
1943
2913
3303
5470
5828
6319
6566
758
4362
4618
5083
5096
5444
5473
893
1953
2736
4526
6305
6636
6647
6691
696
1206
1858
2902
4633
5635
1209
1545
1714
2992
4120
4634
4636
5976
6267
6520
685
732
2212
2269
5141
5446
442
443
608
1036
4303
4333
4809
6195
1327
1861
2769
2830
3755
4799
5128
5136
620
934
3697
4399
6607
6682
1852
2317
2964
3125
3172
5594
5813
6649
306
335
841
1337
4767
4774
5011
5394
5396
6258
3048
3455
4508
5458
5459
5461
682
1115
1377
1458
2356
2778
2952
4762
5015
6450
1413
3041
3398
3777
5700
5880
5882
5928
5929
939
1118
1440
3038
4417
4423
5022
5239
5514
628
2997
3411
4461
5400
5595
6223
6444
949
1182
1304
1368
2185
6414
283
2009
2899
3643
3839
4186
5104
593
705
2015
4575
5533
5588
5734
5988
6693
296
441
2163
2669
3442
540
769
2434
2876
5115
5318
6335
6431
913
1342
1737
6161
456
590
2188
2378
3143
3476
3996
4939
586
1019
2152
3339
4309
5013
5149
6192
1471
1566
2210
3583
4115
4192
5068
5300
6376
117
505
1479
2388
2525
2621
3719
3936
4142
4826
615
2491
2833
2877
2883
3889
5103
5119
227
2716
5118
5265
5277
5299
214
330
1569
1957
2456
2939
3524
3763
5350
279
691
1708
2245
2370
2390
2436
2725
3063
3597
3599
4923
6358
6596
205
1125
1426
1609
1684
2240
2394
2562
3379
3727
5279
5281
6050
117
833
2388
2525
2896
3282
5312
5345
6067
2264
2330
2893
3593
3653
3767
4128
6056
6061
6312
6313
6338
6480
6671
1556
1684
2322
5098
5342
6050
6403
6553
128
152
2716
3889
5272
6701
505
1479
2388
2525
3936
5312
136
138
194
195
2009
2407
5104
5191
5192
5227
5255
6168
129
131
298
865
2825
3484
3712
4194
4967
6431
1495
2434
5115
5116
5392
6076
6090
6158
1474
1618
1909
1939
2382
2454
3467
3569
3637
4050
5267
5324
6085
6301
6436
6613
156
1114
1687
2450
3587
5389
6630
868
1904
2272
2316
3613
4187
6314
6662
271
3589
3905
5053
5251
6088
6173
145
1433
2692
2716
2886
614
810
1678
2408
2783
3414
3638
6708
669
769
2310
2739
2876
3006
3623
3624
3858
3868
4195
6335
3848
5118
5122
5272
5275
5299
6701
131
298
769
865
2825
3484
3623
3624
4967
6431
615
618
1569
1830
2883
3824
4036
4153
4975
284
298
769
980
2825
3484
3623
3624
4102
4967
157
2448
3025
3592
3610
3747
4876
5249
6477
6591
573
1706
1901
1937
2400
2963
3590
3609
5020
6126
6337
6565
715
1644
2257
2459
3193
3525
3631
3633
3862
4927
5049
6302
6578
6655
543
2300
2491
2629
2709
5048
5122
5266
5275
313
1517
2899
5104
5191
5192
5199
5227
193
518
651
2426
2429
2897
3614
3650
195
713
825
2407
5192
5255
5256
6166
6168
1949
1977
2618
3489
3842
5349
506
1493
1594
2315
3591
3606
5289
6310
193
765
1480
1698
1949
2780
3012
3729
4998
5347
5825
6160
717
1422
1710
1880
2401
2448
3495
3592
4006
5298
6591
6690
806
2405
2956
3834
4052
4085
5276
305
981
1557
1926
2422
2882
2898
3646
4159
1433
2380
2447
2692
2886
4972
6356
6668
2007
2620
3081
5302
5379
2237
2402
2716
3493
3611
3644
6057
6218
601
634
1885
2311
2371
2423
2424
2887
3415
3581
3612
3649
3841
5095
5677
6062
6463
970
1884
1999
2473
3477
6052
6169
6172
6219
275
726
967
1465
2042
2392
3051
3064
3067
3196
3198
3297
3600
5105
5186
5343
1494
2716
3719
4028
5268
5330
5339
6594
2716
2833
3889
5100
5272
707
1557
2716
2882
2898
3837
5248
1600
1705
2226
2438
3596
5335
6157
4197
5068
5303
1114
1975
2433
2880
3120
3587
3266
3610
5249
5296
6477
160
667
831
2449
2783
3595
5072
5307
1687
2433
3120
3585
4156
5260
5341
6309
667
831
2449
2783
3595
5072
5307
1687
2527
2889
4156
6059
6078
756
792
1002
1397
2016
2158
3974
4229
4291
4893
5838
456
457
1425
3476
3556
3996
481
1965
4945
5046
6583
1109
1563
2540
3058
3880
5843
587
772
1341
1430
1483
2047
4119
343
672
4021
4107
4241
1025
1204
2594
2595
2722
3938
3939
3940
4205
5216
1203
1205
1229
1230
2599
2770
3517
3856
3944
4630
4631
870
1807
3449
4462
4463
5595
6223
172
390
1683
4817
390
486
487
1436
1503
1588
2069
2072
2073
2117
3445
4223
4227
6384
6432
203
340
1012
1605
3787
4226
5713
402
403
1855
4319
5182
6156
877
3014
6017
6387
178
766
4889
5226
6019
179
766
2816
4889
5003
5008
6019
6098
6534
2219
2816
3101
3861
4889
5003
1930
3121
3352
4075
4988
5230
421
422
1836
3227
4267
5230
6131
545
830
1642
2159
2335
2680
3237
3867
4292
6023
6599
6697
361
362
1585
1651
2249
4402
4953
5147
6024
6030
719
2798
3555
4207
5388
746
3037
4414
5513
6233
6548
911
1399
2759
3764
4000
5849
6026
644
1080
2052
2476
2904
3274
5045
6673
446
4334
6027
226
647
2123
2755
4873
191
843
903
1132
1875
1934
2077
2788
3284
5035
5039
5497
6371
843
2077
2676
2788
3284
3966
5497
6029
1448
1585
2648
3324
4402
5367
5499
6292
651
1480
1698
1949
2426
2429
2780
2897
3216
3575
3650
323
2517
2604
3027
3577
3840
3843
5191
5227
5253
825
3027
3843
5192
5227
6166
198
1949
2501
3579
3851
5113
5264
232
692
2406
3579
3724
4842
5258
5264
6579
232
1949
2501
2721
3851
4842
5113
5264
690
5234
388
574
1011
1086
3015
6128
995
1499
2256
2901
3807
4043
4595
5557
6183
6461
2054
3181
3991
4832
4930
5376
5848
6709
1001
1605
2068
2070
4226
5713
382
384
1010
1879
2650
3349
3854
4246
4914
6504
1125
1609
1684
2716
3379
3727
5342
6050
271
1093
4018
5101
5306
5322
5334
6088
6707
1084
2986
4097
5681
6184
6640
2577
5821
5869
688
2173
2516
3751
5152
376
390
604
3123
3432
4250
4310
1823
1993
2581
3483
4511
4569
5460
5620
5621
804
1187
1210
1351
2002
2328
2507
4477
4480
4485
4787
5124
704
1841
2416
2420
2437
3081
5121
6217
330
1569
1909
2456
2497
2939
3524
5350
6085
6613
297
1423
1479
2460
2621
2878
3725
3936
4142
5271
6416
504
778
1004
3314
3921
4431
303
962
1722
1822
2220
2861
4566
5190
6457
6574
1007
1499
1612
1829
2038
4605
5447
531
1665
3705
3900
5958
6704
1088
2348
3133
5369
5378
5722
5890
5891
952
1211
2209
2635
2690
2947
3955
4455
1996
2567
2585
2590
3199
3683
3684
3899
4162
6340
507
957
1182
1310
1976
2294
2553
3267
5126
5885
5886
5945
1482
1518
3055
3502
3503
3762
3960
3964
4104
4625
5041
6503
1596
2253
3865
4659
5198
647
809
2123
2755
4354
4873
1908
2393
2716
5265
5277
784
897
1867
3741
4552
4655
6429
312
1981
2464
4276
5230
6145
6242
797
985
1250
1545
1936
2992
3377
4634
4881
6267
6520
551
1175
1178
1182
1634
2279
4442
6522
1949
2406
2721
3216
3724
4842
5264
2803
2874
3301
3783
3805
4548
5363
5814
1030
2048
2049
2145
3431
4077
4164
6568
433
589
1951
2192
3909
1865
3128
3374
5875
5917
6484
613
1657
4782
4836
5405
5408
6155
2129
2130
2131
5853
5854
880
1546
1632
1761
2288
3776
4154
5373
5799
5800
5878
6334
6452
798
1310
1325
2553
3760
3779
512
661
3114
3745
3912
4135
4744
5360
5660
557
1629
2982
4452
5608
5940
6256
6352
6530
6695
1212
2868
3512
4456
592
3421
4679
5641
5642
5643
977
2444
2523
2792
3589
3902
4072
4880
5054
6454
1226
1952
3486
4098
4469
5201
6208
6487
418
2734
3331
5748
6706
1028
1673
1992
2560
2730
3156
6280
1485
2313
2678
4243
5040
6291
1494
1561
1846
2411
2461
2462
2621
2852
3635
4826
5330
6547
898
1584
1807
2021
3879
5154
5962
2116
2161
2818
2969
3160
4293
6164
6246
1050
1137
1938
2024
2260
2744
3420
1232
1234
1236
2736
3134
3368
3797
4526
6691
386
1833
2858
3348
3671
4021
4241
4247
4248
4894
5166
6106
1838
2489
2559
3988
4133
5044
6145
6354
851
2363
2554
3522
4365
5680
6003
3808
4610
4961
4999
5242
5449
5815
293
1023
1116
1142
2488
3455
5459
6250
1113
3970
4167
5733
5967
5969
5979
467
468
469
1712
2971
2989
3810
6390
942
2417
2501
2619
3844
3851
5113
5263
5305
1896
2706
3214
3359
3658
3855
4509
4570
6294
1700
2220
2301
2730
3483
3734
4567
4568
5480
5481
5590
5619
6280
6696
687
2305
2464
2754
3084
3166
5230
6037
461
463
1784
6170
6422
509
1891
1983
5077
632
687
2305
2359
2499
1892
2277
2280
2445
2739
3534
6080
512
1315
4707
4708
4732
4806
6180
2444
2792
3589
4018
5053
5306
5334
6088
6173
1950
2576
3410
3733
3757
4492
1053
1622
2032
3312
4683
4684
5646
5647
622
1232
1233
3457
3796
3913
4521
6691
967
2042
2392
2716
3051
3196
282
397
2074
2639
4228
4314
6194
1378
1872
2368
4078
4149
5879
6270
2595
2610
3275
3546
3939
3940
4536
5162
6274
691
966
1708
2245
2370
2389
2390
2725
3063
3286
3597
3599
6596
509
710
826
2894
2920
3145
5064
5077
5078
5332
6127
488
1827
2827
4059
4220
6119
6572
900
1117
1828
2074
2639
4228
5714
6355
712
1949
3578
3643
3839
5113
5356
5386
6343
6379
980
1431
2373
2825
3484
3623
3624
3626
4102
4967
519
2779
4843
5806
6150
2465
2582
4483
4751
4788
5523
5822
5867
6255
2508
3283
3427
3693
4388
5808
6624
1120
3317
3396
4037
4409
6007
6143
2001
2843
4915
5720
5957
1153
1319
1322
1743
5761
2214
2517
2618
3842
4198
4199
5253
6448
1347
1972
2600
3516
4488
4671
1116
1200
1201
1713
2488
3731
4620
4628
6250
1096
1628
3149
3317
3789
4409
6006
6264
739
848
863
887
948
1063
1070
1330
1343
1360
1364
1497
1899
2034
2035
2513
2566
2636
2747
2842
2934
2948
2953
3126
3240
3246
3811
4475
4716
4717
4754
4756
4912
4916
4970
5156
5530
5719
5955
5956
6133
6212
6446
6532
434
2163
2192
3442
6204
1126
1479
1846
2411
2460
2621
3725
5271
6416
769
865
3624
4967
5318
6335
6431
2259
3733
4646
4773
5483
6408
6434
629
1103
1290
1334
2847
3883
4765
5717
307
583
2696
4565
6211
327
1578
2345
2355
4011
4900
5234
5672
1822
2220
2861
4125
4530
4566
4567
4665
5190
5480
6457
6574
619
913
1342
2732
4917
5803
981
1926
2882
2898
4159
5262
6576
6633
841
1337
3864
4182
4767
5394
5396
583
1276
1663
2468
2696
2776
3514
3521
3801
4565
6564
968
1709
1726
2013
2395
2396
3118
3603
3604
4161
4190
4965
5250
5274
3045
3144
3784
4643
4645
5479
5725
2530
2890
3618
3712
4024
4143
4194
4857
4875
5069
5322
380
860
2193
4242
4945
5046
6092
577
1981
2110
2112
4274
4276
5230
6242
1517
1949
2413
2924
4088
5191
5199
5287
2143
2144
2627
3337
4279
4280
6013
1594
2447
4972
5285
6310
6356
414
901
1835
2006
2652
3279
4261
6018
6534
784
840
1867
2845
3142
5390
503
535
882
1405
1406
3772
1244
1245
3451
3512
4472
332
2020
4863
5694
5794
5795
5920
741
1432
3478
3648
3835
6052
6066
6070
6425
1856
3927
4662
6287
6684
753
2321
2517
2604
2618
2900
2909
3489
3577
4199
4992
6415
6448
901
1964
5008
5686
6018
6098
6534
3295
3374
3397
3769
4067
4729
366
483
1105
2569
2638
2849
2851
4037
6092
6143
1003
1578
5170
5672
5839
6141
726
1848
2042
2395
2831
3051
3067
3175
3192
3196
5274
1265
2901
3103
4557
4594
5246
5556
5557
1909
2456
2497
2939
3569
6436
6613
6625
471
845
1295
1396
3744
4698
849
1290
1738
2020
2358
3775
5153
5694
5791
5792
5795
5866
5920
6544
554
2104
2732
3095
3681
4380
5776
801
2227
3375
5130
6181
898
1072
1337
3879
4767
5154
6394
583
839
1274
1704
1933
2510
2514
3163
3174
3521
4596
5994
579
648
690
909
1548
2077
2715
2938
3320
4804
5145
5232
5234
938
1443
4419
4990
5409
5410
6025
1803
2191
2689
3752
3860
5565
5701
5797
5899
5923
6214
398
2070
2071
2248
3787
4226
793
3273
4574
4974
5621
5625
6374
836
2082
3982
4343
4345
6122
6629
672
711
2737
4021
4107
5385
885
1182
1976
2835
2931
3407
5709
5945
6182
1177
3213
4203
4991
4994
944
978
2435
2453
3625
3628
3629
3763
5021
5051
5052
961
1281
1856
3927
4498
6539
2178
2815
3031
4058
4370
5768
522
572
928
1090
3694
4065
4371
5856
6095
352
523
524
2941
3699
4179
1735
3694
3920
4058
4113
4373
5851
353
525
2094
3690
3699
4111
2094
2470
2548
3690
5684
493
1539
1882
3035
4361
4390
4391
4837
6705
356
932
2467
2910
3159
5388
932
1796
2467
2910
3460
4935
358
843
1439
3402
3871
4393
6232
843
1539
3871
4393
4837
6386
6705
360
933
1796
1797
3036
3460
4394
6230
6658
699
728
1797
4396
6230
6538
6658
728
1651
2249
4396
4402
4953
6538
1651
1873
2785
4034
4395
4402
5005
6031
6538
364
486
490
603
4044
4222
365
486
490
1960
3263
3327
4044
4237
778
998
1004
1832
1960
3143
3263
4044
1105
2569
4004
5155
711
1005
1832
2737
3263
4044
4163
4222
4870
5385
586
674
1030
3431
4077
4305
6562
370
2153
3322
3337
4306
6427
372
2029
4306
4308
6042
6427
1547
1776
2962
3296
3339
4254
4307
4892
5164
5832
373
842
2029
4306
4308
6660
374
395
842
2063
3260
4308
4866
1607
2063
3260
4001
4311
377
539
553
735
1776
4118
377
390
539
875
1790
3123
3432
4118
539
553
735
1790
3123
4118
383
1452
2193
2649
2809
3361
672
697
762
2223
3348
4241
6035
6043
6144
483
1965
4242
6092
679
1485
2048
2313
2678
2702
3180
3437
4077
4243
5032
5033
568
679
1010
3349
3404
3437
3854
4212
4914
5032
5033
385
1452
2193
2603
2809
4245
4879
1010
1879
2650
3349
3671
4246
4247
6226
6504
6505
498
860
2603
3182
3220
4157
4879
590
1833
2858
3671
4247
5166
6012
6106
6226
711
998
1871
2733
4021
4240
4241
4248
389
393
574
1086
6096
393
1086
5110
6096
486
487
832
3123
3432
3434
4348
4817
392
1834
1932
3433
4249
4252
4253
6130
6227
1834
2143
4253
4280
6130
6664
574
1012
3720
5110
6015
1001
1605
2105
3015
3280
3720
5713
1011
2478
2695
3260
4312
4866
6128
6193
1018
1032
2695
3151
3433
4312
4313
399
587
1515
1777
4119
4314
4315
6194
6296
400
401
607
1012
2248
3787
3914
4039
4316
5830
6015
587
1515
1777
2106
4119
4314
4315
6194
1855
2248
4039
5830
607
3021
4316
403
1855
3021
4039
5830
607
1855
3021
5830
6156
405
700
1033
4069
5182
542
4069
4320
5182
458
1548
2080
2081
2246
2494
4210
4236
571
1544
1547
4235
4255
6228
6279
409
1460
3351
4255
5226
5833
6228
6483
575
2225
2480
2623
3351
4256
5833
6020
6483
411
415
416
1980
2652
2816
4257
5003
6098
6234
415
416
2239
2816
4257
4258
5003
413
716
1930
2225
2343
2480
2750
5185
6021
6364
6656
716
1930
2225
2480
3554
4202
5185
6020
901
2006
3279
4260
4261
6018
416
1980
2239
2652
4257
4262
4263
6234
417
2239
4257
4258
4262
4263
4264
6229
2239
3333
4258
4263
4264
6039
6107
6229
479
1692
1826
2341
2464
3321
3331
3556
3979
4209
4276
4868
4890
5230
5748
1656
2307
3857
3987
3997
4940
6593
1044
2089
2942
3212
6016
6600
422
576
3227
4267
5004
6131
6500
436
1836
3016
3227
4121
4267
5382
442
638
1029
1092
1779
1927
2872
4324
4809
4815
4833
907
1778
2174
2838
3344
4322
4979
6577
426
537
2580
2658
4204
6531
427
537
3345
4204
6531
6577
428
3345
4056
4204
5093
5384
6196
1893
2659
3441
4327
5093
6196
6419
4292
4327
4831
5235
5676
1035
2537
2659
4327
4937
5676
432
644
805
1080
1489
2537
2904
3226
4329
4847
4937
433
589
644
1450
1951
2054
2904
4329
589
1951
2054
2904
2163
2192
3909
6204
436
2474
2669
3016
3230
4268
4330
3016
3230
4268
4330
5382
5834
438
481
1442
2196
3017
4269
4849
5177
1015
3320
4269
4849
6132
576
1723
2008
6235
6236
566
597
1442
2154
4289
4862
1513
1685
2151
2163
2669
2757
3442
6047
638
1036
1779
4333
4809
4833
5184
608
1429
2759
4303
6195
446
731
3022
3443
4334
4335
5007
731
1918
2759
4335
3443
4334
6027
6113
1918
2670
2759
2121
2122
2254
4146
4337
6206
451
1857
2138
2472
2508
4389
5808
5865
6285
2613
4397
4843
6150
2138
2645
3697
4389
4398
4888
5808
5865
6285
2224
3102
3538
4392
4935
454
466
997
1882
3035
4361
4390
4811
3035
3403
4206
4390
4811
4825
2637
4208
4825
6619
457
778
2764
3143
3325
3996
4129
4406
4428
4430
1947
2796
3325
3556
3979
3996
683
1791
1988
2062
2080
3088
4210
4211
5145
1791
1837
1958
3982
4273
4846
5018
567
1048
1712
2674
2990
3672
3810
5469
6320
463
1048
1784
3672
4094
4615
6320
463
464
790
844
4357
464
1122
1435
1784
2120
2572
3039
4094
4357
4359
4433
4615
6170
790
2572
4359
4360
6185
466
997
1785
2572
4359
4360
4432
4433
997
1555
1785
1882
2675
4360
4361
4432
468
1049
2990
3810
4358
6422
469
470
1049
1568
3810
4363
6390
470
1568
5096
5473
6186
6390
492
1049
1568
2570
3926
4177
4363
845
1295
1297
1396
1447
3043
3744
4673
4698
5596
6102
6360
3697
4398
5772
5865
6682
474
914
1454
2189
3393
4401
5772
5865
6349
706
1089
1509
1749
2189
3393
4400
4401
6349
6445
718
2102
2765
3391
4379
479
480
846
999
2756
3404
4090
5682
1958
1988
4020
4211
499
1958
2603
2944
3360
4020
4073
4245
4949
5018
1692
2756
3556
3979
4090
4890
811
2313
2738
2756
4213
4214
5682
6291
1015
2196
3357
4849
4945
5177
6583
1640
1662
1907
2276
4215
4938
5144
1105
1120
1965
2849
3890
4242
6092
489
3281
3405
4041
4095
4860
6118
6372
2550
2827
3115
4218
6010
487
490
604
2057
2242
3287
3298
3326
3328
3350
4237
4954
6033
6265
6670
2047
2599
2770
3167
3326
3954
4814
4895
4936
606
1827
2150
2827
3429
4219
4220
6244
2150
3281
3405
4059
4220
6120
6372
6651
569
603
3287
975
1133
1134
1140
3417
4535
4969
5537
5687
493
1555
2570
2675
3926
4177
4361
4363
1555
3966
4177
4361
4364
4391
6029
542
908
3241
699
728
945
1427
2249
2320
4953
5420
5421
6658
1473
1854
2217
2768
3383
3621
4084
4812
6175
6273
6339
1323
1325
2041
3819
3821
4720
5025
860
3182
4945
4020
4073
5679
2061
2065
4853
4933
5056
6523
532
533
2567
3061
3191
3705
3900
4114
534
917
3492
3650
6115
581
882
1405
1407
3093
4829
5931
6393
547
778
1004
2182
3036
3102
3314
3538
4405
4411
4887
5489
6230
555
2525
3719
4826
6594
1426
1493
1609
1621
3606
5281
6668
2294
3660
4915
5364
5886
2529
2593
3961
5740
5974
6187
1983
5064
5077
1472
2383
3723
3730
5252
6073
613
673
1075
1344
1672
2000
3758
4781
4782
4836
4855
5221
661
1770
3114
3745
4708
4732
5661
6180
6325
742
2804
3078
3932
5529
5606
5654
5787
5915
1100
1178
2291
2376
2588
2686
2700
2701
3869
4053
4884
4915
1166
1199
4534
4621
4626
4627
5538
6506
6557
1278
2253
4660
5671
5829
6154
1881
2871
3504
4733
5028
5664
5669
651
1728
2426
2897
3614
5291
2375
2487
2698
5806
6150
1816
2532
5123
5769
6299
6472
6676
785
2520
2574
2699
3425
4909
5857
6654
1090
2966
3100
3696
4065
6095
524
525
526
1792
1868
2607
3060
3699
4112
5163
2941
3060
3699
1514
2094
2548
3699
4112
2096
2607
2719
3814
4112
530
742
1604
1624
3573
3574
3703
3715
3932
4055
4966
5355
5915
6351
6536
819
2366
3704
530
1187
1604
1806
2002
2587
3706
4479
4766
4983
5124
5656
6508
1604
1806
2416
2420
2427
2587
2734
3574
3706
4966
5355
5656
6617
532
2955
3355
3667
3705
4760
5958
533
2908
3191
3667
3705
3900
2567
2908
3061
3191
3667
4114
4162
917
925
1378
1461
1872
2740
3492
3901
4086
4861
5193
5696
882
1406
1407
1763
3388
3685
3759
3772
6369
1969
2577
2584
3702
4055
4907
5355
5821
5918
2838
3343
3345
4322
5211
6531
6577
758
4082
4617
4618
5083
5471
5472
5817
553
1776
1790
3123
4118
2310
2876
3006
3622
5115
5319
6080
6335
1491
2275
2344
2677
3994
5230
2238
3132
3241
4320
4340
1843
2300
2629
2709
3010
3193
3525
3633
5049
6655
1437
2098
2099
3087
5684
1642
2159
2275
2335
2680
3237
3750
3867
3994
5835
599
1644
1681
1717
1843
2459
3194
3630
3631
3632
3636
3641
4071
5082
5117
5220
5270
5325
6518
1004
1662
1774
2182
2276
2839
3036
3102
3276
3538
3786
3978
3995
4411
5041
5491
6230
687
2640
3084
3331
3542
5747
5748
6278
1669
3218
4989
5552
5553
6316
3518
4529
4624
4629
4973
5391
1175
1178
1627
2279
2351
4442
5129
6522
6608
680
768
4387
5853
6607
6675
6678
735
2010
3123
3298
4310
2099
2470
2644
2732
3235
3681
5684
5776
6675
6683
2523
2525
3719
5047
5308
5312
5675
6594
907
1029
1927
2795
6142
2982
3354
3390
3708
5608
5702
5883
5940
6352
2711
3450
4471
4706
6225
6360
564
565
671
1468
1469
2278
3079
3251
3895
5067
1123
1259
1815
1853
1890
1945
2302
3185
4656
5966
1484
2046
2076
2771
4108
4230
5232
1490
2538
4133
4908
6243
6354
595
1464
1478
1487
2187
2531
4816
5057
6329
671
757
1468
1469
2458
2606
3895
5067
6666
833
1469
2043
2278
2896
3251
3822
3823
5067
579
2154
3017
4289
6404
1048
1712
3672
5019
5468
5469
846
999
1879
2285
3349
3404
3437
4212
6262
603
2737
3287
3298
4107
4221
6265
1001
2066
2068
3406
2089
2623
4234
4235
4255
5043
5088
1090
2177
2471
2808
3206
3866
3920
4113
4371
5767
5775
5856
1706
2963
5297
6084
6126
6167
6604
1012
3015
3720
2225
2480
5833
6020
681
5004
6131
6235
6236
6500
1617
1981
2110
2654
4277
4278
796
2147
2148
2538
4023
5230
6243
2075
2077
3017
3130
3320
4014
4269
4289
6404
687
1535
2051
3019
5372
6248
6278
881
1404
1405
3093
3124
4829
5930
5931
6393
1087
1238
1636
1812
3797
5628
6159
839
1130
2355
2696
3163
3521
6211
6564
1883
2045
2394
3242
3602
3826
3827
3830
4136
5279
6060
6618
638
1029
2176
3385
4321
6046
674
1019
1030
1031
1864
3340
3341
3973
4309
4932
6562
772
1777
4119
4315
4827
6194
2884
3026
3157
3721
3761
3832
5290
5338
6435
2054
3177
3909
4832
6204
6709
1833
2188
2268
2378
2858
6012
6226
1988
2062
2938
3320
3330
3357
5145
6036
3268
5383
5539
5642
5643
6274
6424
705
1188
1905
2015
5102
5533
5587
5734
1024
1169
1196
1505
1998
2787
2991
3208
5216
6626
1126
1464
1466
1478
1847
5057
5271
5344
6451
2346
2485
3179
3453
3980
4951
5754
5845
5846
1442
2155
2156
2157
4289
4862
6559
2146
2649
3361
4239
4282
2232
2797
2936
3497
3630
3641
4071
5189
5270
5325
5328
720
800
1038
3897
4650
5029
5507
1557
2311
2414
2423
2424
3026
3612
3761
4046
6100
1948
3419
3468
3634
4201
4925
5061
5261
5293
5351
6083
6362
6609
2737
3287
4222
6265
2010
3298
3350
4250
4954
1457
1723
3353
5836
4219
4285
6244
3021
5830
1036
1655
2759
3256
5241
1268
1269
3306
4559
5816
6203
747
960
2005
3218
4598
6104
2866
3127
3472
3546
4632
1059
1321
1888
2837
3002
4711
5175
5626
6497
1344
3758
4781
4782
4836
5405
5408
810
1678
2880
3008
3137
3638
5300
618
2797
2883
3824
4975
5119
5189
5331
1091
1303
1409
2557
2713
3111
3138
4484
5564
876
1305
1376
1383
2748
5710
5944
5951
1569
2883
4036
5103
5268
5308
2293
2364
2865
4917
5803
6639
934
3697
4387
4399
6607
4184
4427
4860
5417
5418
6119
6201
6342
6686
824
971
1191
1195
1233
3457
4515
4520
4521
5989
6300
2069
2083
4225
4227
5365
5714
6266
1021
2167
3256
5241
693
1922
1986
4415
4416
5673
767
775
1917
1975
2790
2880
3008
980
1431
2373
2821
3299
3537
3849
3868
4100
6087
6382
870
3411
4461
5595
6223
6444
1103
1331
4765
5717
1190
1824
4512
5625
5783
6374
6545
2190
2333
2628
5627
6239
2359
2499
3020
4080
4929
1237
2535
2601
3785
5723
5724
6628
1682
2371
2424
2887
3477
3612
5095
676
1067
2799
2930
3005
3561
3894
4035
4747
6129
1062
2490
4802
4915
5605
6253
847
989
1731
2999
4031
4066
4510
4874
5010
5090
5589
1029
1092
1927
2176
4321
4809
4833
852
866
1666
2368
4149
6459
6470
2281
2686
3246
3558
4754
5573
6366
1028
1718
1992
3112
4639
4642
5477
5483
1124
1570
2900
3489
3722
3729
5016
696
779
991
2703
3162
4633
4878
5629
1080
2904
3226
3274
776
4544
5558
5582
5757
922
1077
1516
2347
2384
4800
5378
5576
5722
6135
6481
1783
2755
4354
4355
6650
770
909
2077
2758
6560
1134
1249
1696
2295
2543
3417
4120
4531
6409
1284
1287
1688
2994
3735
4666
4669
4818
5511
6221
6441
1480
2415
2897
3068
3614
702
722
1087
2342
3929
5363
6486
1834
2142
2726
6130
6388
6479
2221
3307
3469
5443
5680
6002
6125
4481
4789
4795
5894
6214
6381
1657
2980
5406
5407
6155
6611
1250
1702
2801
3377
5224
5583
5809
5972
5992
6304
960
1900
4598
4901
5592
5593
1862
4850
5732
5987
6287
1113
3422
3742
4167
5652
5733
5967
6327
3114
3438
3912
4135
4732
5360
5661
1445
2561
2814
4724
5690
5872
857
1145
2270
3293
3401
4137
4745
4746
6178
6711
665
737
872
2822
3611
3644
4844
6218
717
737
3611
3747
4844
5298
6218
6591
1726
2412
3590
3607
4188
5283
5301
6549
2449
2783
3595
5072
5307
6127
686
710
1769
2920
3414
4486
4487
4488
5070
6469
6708
769
2876
3624
4195
6335
1021
1400
1401
1508
1592
2265
2551
4295
5092
5241
757
1469
2458
5067
6666
697
3341
4107
4241
1971
2000
2597
2793
3519
3758
4836
5408
1030
1786
3180
4305
4931
6562
923
1355
1369
1370
1758
2503
2857
4904
6213
6550
1067
1813
3520
3561
3757
4740
5670
5824
4097
4599
4901
5593
5813
6184
6276
6640
6649
976
1107
1808
2297
2592
3498
3947
6117
6345
811
3437
4243
4914
5032
5033
6291
768
3235
5805
5853
5854
6675
6683
1457
1723
5004
5745
6236
1115
1580
2952
3265
3655
5571
6333
6375
1791
1958
2080
4211
1212
1245
3451
4456
732
1009
2269
5446
5470
5817
1769
3414
4115
4488
4490
5726
6376
6708
2051
2053
2305
2499
2640
3019
3084
5372
5747
6037
6278
2516
3751
3916
773
897
1095
1253
1554
1954
4178
4553
4613
5463
5466
5977
6494
2355
3099
5234
5591
5756
1574
2245
2369
2390
2391
2725
2879
3597
3599
4923
5269
6358
3579
3724
3847
4196
5258
5259
6148
6579
1922
1986
3234
4418
5673
889
895
1528
1591
5507
5826
5965
6370
1128
1557
2421
3572
3646
3768
5114
5368
6058
1207
1858
2190
2628
2902
3162
4633
5172
2223
3341
4241
6043
765
983
2197
2321
3012
3551
3651
3652
4998
5233
5348
5825
6415
728
945
1427
2320
2568
2647
4953
6230
6658
1033
1119
1511
2140
3158
3682
4069
4897
5182
6388
1155
2361
3874
4096
4810
5108
5231
6663
896
2342
3466
3929
4577
5363
976
2973
3481
4545
5583
1841
1915
2397
2427
2436
2437
3081
3323
3605
4412
4839
5079
5089
5498
5500
6217
789
1188
4575
5102
5377
5533
5587
5588
1089
1420
2189
6447
1557
2524
2716
2898
2956
3834
4085
5248
1303
2483
3111
3138
5135
5519
5698
5707
5941
5942
1292
1316
4123
5963
6209
2920
3414
4486
5070
5332
6127
998
4021
4163
4240
4870
5385
2009
3578
3839
5113
5356
5386
6168
6343
825
2407
2604
2905
3844
5256
6166
2168
2306
2345
2683
4011
5750
5841
1644
1843
2257
2459
3193
3525
3632
3633
3862
5049
5117
6302
901
1964
2225
2343
2480
2679
4260
5686
6364
1710
1880
2401
2402
3495
3592
4006
5298
6218
6591
931
1438
1795
2132
3391
4379
5859
1587
1616
2591
3555
4207
4933
5056
5087
5487
6147
6489
729
1591
3897
4166
4650
5029
5507
2019
2888
3223
5284
5368
1087
2286
3931
5363
2254
4146
4302
6146
6344
1424
1639
1901
2252
2398
2885
2895
2906
3007
6163
6565
1798
1887
4798
5890
5891
5899
6592
1465
1848
2042
2831
3067
3196
1912
2274
3071
3771
4728
4749
5613
5696
6519
4396
4953
6230
6658
1043
1285
1288
1894
2996
4166
5029
1271
1275
1558
1699
1869
5026
6124
1429
2759
3022
3443
4335
1006
1009
5445
5471
5817
968
1709
2013
2412
2716
3604
3749
4188
5301
1422
1523
2289
2466
2716
3872
6084
6449
6690
1031
1776
2010
2025
3298
3341
4107
4221
1422
1706
2289
2448
3872
5249
5296
5297
6084
6126
872
2822
3728
4844
5316
5333
1721
3737
4496
4661
6220
6586
6694
848
2786
2981
3756
3812
4916
2854
3945
4547
4587
4588
5547
5548
5549
2484
3648
3845
5338
6056
6425
3715
3932
4171
4718
4966
5654
5787
5915
6351
920
2386
2863
4450
5563
6254
6405
6657
1226
1227
1300
2545
2937
3859
4703
6208
6573
1507
2844
4091
4294
5146
2960
3037
3718
5239
5514
6548
6552
960
3218
5358
5552
5584
5585
936
2961
5229
5490
5513
1328
1458
1649
2582
2952
5922
6097
987
1614
3474
3800
4607
5450
6317
2083
2084
2244
3904
4338
6295
2048
2049
2678
3201
3986
4278
5040
6568
2321
2604
2909
6415
1089
1509
2139
3059
6445
6447
782
879
3375
3553
5130
5921
5923
5924
1002
2016
2158
3975
4291
4893
4934
6023
1469
2187
2458
4816
6329
6513
6666
1990
2989
4618
5472
5473
6390
1104
1829
2230
2784
3209
3816
4606
5448
6511
883
3398
3479
3559
3567
4441
4871
5699
5928
5932
6321
1144
1145
1151
2270
2799
3005
4518
4519
4746
4980
6178
905
1010
2650
3329
3348
4246
4894
6035
6144
6504
6505
1392
1744
1750
2222
2329
2769
5136
6307
1319
1322
4712
4852
6643
6646
941
1570
2197
3012
3117
3722
3729
4992
4998
5016
5347
5825
3101
4889
5226
5833
6228
775
1917
2451
3008
5303
6048
2131
2137
4387
4888
5853
6607
3484
3623
3624
4195
5318
6335
6431
2077
6560
2655
3338
4287
6028
2047
2058
2266
4814
4827
6478
986
1095
1253
1954
2299
4178
6507
871
1207
1208
2258
2902
3956
4010
4635
1917
1975
2431
2451
2528
2790
5581
5582
5757
5975
1550
4131
4602
5083
5444
6406
1004
3143
3921
4129
4406
3162
4083
4576
4578
4878
5629
1068
3311
4062
4771
5393
5394
5396
6258
6502
1071
1348
1804
3772
4174
5703
6269
880
951
3553
4154
5214
5616
5798
5923
5924
2236
2381
2620
3550
3726
4200
5379
6061
840
1252
1867
3142
4552
4902
5390
5828
2699
4909
1961
2330
2524
3529
3834
5001
5276
6065
6674
989
2693
3802
3906
4573
4874
5589
5624
5782
6303
3253
3914
4251
5110
6096
6388
6479
2058
4575
5377
5462
6478
844
4358
6185
2581
3794
4009
4638
5619
5620
6696
1397
2016
3717
3975
4169
2581
3273
3794
4974
5621
5625
908
2539
3241
4343
4346
837
1246
1606
1694
1913
4139
4600
5980
6420
2145
2147
2148
2538
2867
4023
4109
4908
6490
1545
1953
1978
3377
3796
4514
4634
5735
6267
6520
1306
1310
1325
2553
2662
3760
3779
1163
1165
1541
1963
3803
3820
5143
5217
5811
853
1038
1256
3897
4650
4652
4654
5705
1754
2855
5599
5876
6181
6322
2317
2823
2972
2987
4033
4139
4599
5980
6276
1254
3809
4554
4555
4911
5450
5453
1210
1351
2970
4721
4787
5207
5683
6323
2537
4328
4831
4847
5676
1557
2405
2956
4085
2057
2340
2682
3318
3328
5371
6034
891
992
1613
1635
4582
5222
5634
5635
2121
2122
2123
4354
5850
1678
2450
2783
2880
3638
6630
3437
4212
4213
4243
6291
1341
1430
1777
3248
3434
4119
4318
5714
978
1946
2435
3009
3221
3636
3825
5021
5052
5082
6112
821
1058
1312
1314
2634
3001
3953
4705
961
1281
2203
3793
3888
5431
6539
894
2269
4614
4955
5446
5467
950
1181
1309
1756
2923
3755
5137
5577
6474
6526
1272
1275
1699
4563
4564
4565
5678
6123
2366
3704
1051
1619
4110
4645
4676
4882
5506
1058
1222
1223
1312
3907
3953
4705
6224
6438
2170
2608
2954
3880
5843
6111
921
1183
3547
3560
4040
5889
6443
6669
971
972
1195
1231
1233
2186
4520
4521
4522
4525
2604
2905
3027
3577
3843
5227
5256
6166
1603
1983
2894
3584
5064
5077
5078
5094
1261
1720
3211
6324
6537
6581
955
2028
2039
2547
3285
3586
3746
5337
6606
2174
2175
2838
3096
4301
5150
4291
5838
6023
6599
6697
2783
3173
5072
5307
5389
6630
1683
3434
4817
2043
2278
2388
2896
3251
3822
3823
2380
2447
3135
3550
4128
4886
6433
3178
3352
4075
5185
5741
6521
6685
1791
2080
2082
6122
1694
4139
4541
5980
988
1130
1274
2976
3163
4562
6001
2355
2511
2514
3521
5758
1867
2318
2845
3142
5390
5645
6555
1337
1974
3864
4182
5394
5396
6258
1670
2063
3981
5236
6660
2788
3871
4837
6029
6705
4357
4358
6170
6422
1297
2026
3205
3461
3744
4491
4699
6102
999
1692
2285
3404
4090
4212
6262
989
1731
4031
4066
4874
5010
5090
5589
5988
6359
6693
1360
2981
3098
5153
5792
6134
6544
1608
1636
1811
1812
2791
2837
3968
4957
2363
2704
3522
4364
6186
866
1160
1411
1666
2479
3398
5935
6459
6470
1257
4652
4653
4654
6385
2576
3399
3410
4735
4772
4773
5395
5666
5668
868
2425
2518
2519
3613
4181
4187
5165
6069
1148
1150
1506
2949
3310
3792
4493
6004
6179
1145
1676
2475
3104
3754
4137
4745
6711
3119
3335
3557
3885
5148
6039
1052
1711
3659
3741
4611
5218
5463
5464
5640
6712
2193
4879
4945
1163
3803
4579
4580
4619
5632
5633
1346
2290
2372
2632
2688
2892
3627
5313
6089
6458
948
1364
4134
4719
4912
6133
6381
1316
1734
2711
4696
4706
6627
3712
5197
5310
6086
6431
867
1666
2288
2749
4149
5000
6459
6470
2284
2749
3371
4149
5000
5801
1904
2272
2518
3613
4187
4189
6314
1973
3089
3155
3307
4976
5827
6571
1807
3449
4461
4462
4463
5595
6223
1208
2859
3956
4010
4635
6268
2822
3611
3644
6501
6698
1969
3573
3702
3703
6536
1721
2869
3169
4660
5212
6154
6220
1085
1790
1920
2201
2234
3028
3432
6014
1383
2862
4448
5704
5710
5944
2089
2942
3014
4234
6017
1001
1046
2105
3406
4271
3375
5527
5921
1546
1761
4154
5214
5798
5878
5924
6334
6452
1307
1404
3093
3094
3571
5617
6393
1407
3388
3772
5931
1091
1409
2247
2713
3479
3559
3567
5017
5655
5927
5928
6171
6321
1413
3003
3108
3110
4441
4757
4790
5560
5880
1764
2835
2931
3760
5126
5885
5945
1290
1332
1376
1402
1540
2325
2586
2748
2782
3446
3925
4448
5570
5704
5790
5951
5952
6331
6466
1387
1388
1497
1765
2334
2626
2666
2747
2834
5719
5955
2811
3667
4760
5137
895
1528
2957
3264
5705
5826
5965
6370
1862
3421
5438
5641
5732
5987
992
1635
2319
3804
1576
2578
4101
4138
4993
2736
3797
4526
6159
6636
6647
2269
4604
5446
5467
1528
2915
3264
5965
6370
1771
2342
3466
3929
4577
6486
3302
3741
4552
4553
4613
5466
5977
6429
6494
1807
3879
4806
5154
5962
6325
6394
904
1774
3224
3276
3315
4215
4410
5144
5169
5494
1117
2074
2639
3248
5714
6194
6355
2679
4260
4261
5686
6018
940
4265
4425
4903
4968
5194
5417
5418
6032
1132
2676
2775
3222
3514
3963
5039
1907
2276
3109
3316
4215
5144
5169
1010
1486
2650
3329
3435
4244
4246
6011
6035
6144
2146
2149
3337
1778
2795
3344
6142
3241
4343
2076
2758
4230
5232
1535
2235
2555
5791
5866
6248
1399
1507
3764
4000
5849
1536
2103
2533
2846
3106
4374
6679
1342
1737
3464
5777
5803
1420
2189
5865
1349
2573
2584
3416
4907
5355
5380
5748
5821
1350
1352
2211
3004
3232
5125
5562
5607
5689
1353
1461
2587
3370
3492
4086
5871
6115
6617
1333
3092
3568
5512
5525
5528
5697
5802
5926
927
1415
1416
2207
2668
2982
5883
5884
6352
6493
6695
1357
1385
4040
4450
5889
5952
6657
1357
3547
4040
4758
5889
1516
2347
3239
3773
4761
4800
5375
6137
6481
1355
1758
2857
4801
4904
6414
6567
1115
1580
1631
1895
3548
5906
5907
5908
6450
6491
1186
2740
4086
4453
4861
5193
5696
3679
5023
5600
5789
2668
4763
4840
5568
5708
5884
5943
6493
6530
2129
3694
4371
1793
2095
3765
4374
4375
5852
2095
3765
4378
4381
6283
6485
1795
2133
2312
3033
3391
6465
933
2785
2910
4403
5485
6031
1796
1797
2910
4394
1502
3189
3394
3922
4399
6682
4034
5005
5367
5475
5476
5486
6292
1817
1910
3148
4407
5229
5490
6348
1818
2648
2951
4132
4865
5109
5499
1448
1818
2648
2951
3324
5410
6025
1118
1440
1956
4417
4421
4423
5239
5411
5413
5514
2624
4265
4903
4968
5194
6032
6685
2197
2900
3117
4992
5016
6415
2407
2501
3844
5113
5305
6498
1471
2451
3008
3594
4192
4197
5303
5374
6048
2453
2456
3625
3628
3763
5350
6625
1427
2320
4431
5420
5421
4435
4811
4822
5427
5429
3291
4436
5414
5430
6589
6653
1161
1364
2948
3239
3249
4761
4912
5898
6133
1182
1304
1368
2817
6101
6414
1626
3755
4799
5128
6474
2227
3553
3870
5130
5214
5798
5924
2209
2945
2947
4779
5401
6426
1129
1224
2546
2664
3271
3376
4467
4987
5983
1447
3043
4068
6225
2441
2927
3285
3713
3746
3852
5337
6606
1244
2665
3451
4472
5175
1310
2662
3267
3779
5886
5947
1307
1402
1405
1805
3372
3772
4794
6269
6393
1500
2573
4727
5821
5868
2327
3172
4598
4901
5358
5584
5813
5995
6104
1281
2203
2710
3782
4498
1256
1722
1822
2861
3080
3170
4503
4653
5441
2287
3207
4038
5457
5461
1190
1191
1824
4514
4515
5735
5989
1165
1635
2210
2612
3677
3804
4192
6407
979
1708
2245
2389
2390
3286
3599
3828
3829
4925
4926
6083
6596
2042
2392
2716
3051
3600
1709
1726
2013
2396
3007
3603
3604
3749
4161
4190
4965
5250
1594
1915
2315
2705
3605
5285
6217
1884
1999
2415
3068
3477
3614
3714
5291
6169
6172
6219
1191
1195
3367
4515
4520
6300
1231
1240
2186
3104
3293
4523
4743
4845
6240
1668
1700
1823
1993
2228
3544
4505
4530
4568
4569
5442
5590
6288
1566
1583
1613
2027
3471
5536
5738
5810
1133
3272
4550
5537
5687
2327
2592
2973
3498
3947
4545
6357
1854
2382
3467
3902
4072
4880
4977
5054
5071
6174
6273
1946
2435
2453
3221
3628
3629
3825
5021
5051
5052
2245
2390
2879
3286
3468
3598
3828
4925
5278
5293
6083
6609
1431
2373
3484
3623
3624
3626
4195
6087
1926
2888
3836
4159
4191
5284
6576
6633
1128
1557
2311
5099
5215
6100
6551
2197
3012
3652
5233
5347
5348
5825
6160
1133
1134
1249
3091
4549
4550
5687
1250
1936
2973
3377
3481
6520
1253
2913
3304
3933
4008
4955
5467
6507
1265
1614
1697
2578
3800
4556
5556
1130
2976
4563
4564
6211
3802
3906
4031
4066
4510
4575
4874
5010
5589
2114
3465
4572
5618
5622
5623
5782
5970
6294
6297
2190
2535
2601
2703
5209
5627
1635
2319
4580
4619
5634
1520
2803
3301
3805
4583
5546
5996
1703
1967
2031
3083
3945
3946
4588
4589
5549
5550
2256
3225
3807
4076
4593
4595
5557
6183
6461
6542
1531
1593
2964
2988
3125
4546
4960
5594
6357
6430
3413
4432
4811
4822
1832
2268
2733
3143
4021
4240
4939
2756
3404
4090
4212
4213
5682
2283
2708
3013
3115
3121
3972
3977
4218
4950
5107
5243
6010
6616
1605
2066
2068
2105
3280
3406
2016
2158
4291
4893
1578
2079
4231
5170
6141
1832
1960
2182
3143
1832
3263
4240
4870
3308
4603
5141
5445
6406
1499
1612
1829
2023
2038
3816
4043
3209
3659
4612
4677
5452
5465
5640
5997
1773
1876
1943
2269
4082
4617
5470
5817
2650
3329
3854
4244
4246
4914
1086
2478
3015
3280
6128
6193
3720
3787
5110
5713
6015
1641
1911
3554
4202
4259
4344
4959
2006
3333
4262
4263
4264
5230
6038
3357
4849
4945
6132
2106
2266
2693
4272
4315
4573
4827
5462
6303
6478
1542
2111
2944
3360
4245
6108
1932
2144
2627
3151
4313
1030
3990
5013
5149
2075
2156
2157
3362
4290
6245
1508
1655
2167
4297
5241
6473
2171
2173
2516
2926
3070
5245
6110
1116
1164
2488
3048
3455
5459
6652
1025
1505
2991
3208
3472
4205
5176
5216
2595
2991
3546
4205
3116
3738
4103
4637
5474
6221
6383
1577
3045
4643
4644
4645
6563
6620
1718
1992
2730
3734
4642
6280
1092
1927
2176
4321
6142
2145
3431
3990
6562
1776
2025
2223
3339
3341
4309
4932
6043
2651
2695
3433
4249
4312
4313
4319
4897
5182
1512
3020
4080
4323
5237
1893
2537
2659
3441
4327
4332
4937
1655
1779
3256
4333
4833
5184
1336
1673
2259
3549
4646
4647
4670
4770
6257
1256
1722
3897
4650
4654
5190
1258
1260
1562
4655
4686
5178
5644
5645
5648
5981
1260
5981
5985
1262
1263
1906
3116
4103
4152
4658
1929
5503
6315
6395
6648
1285
1288
1674
1894
2995
2996
4668
5029
6373
6457
6574
1780
1781
2942
3212
3541
4341
6016
3444
4346
4347
2066
2105
2119
3082
3406
3928
4271
2125
2126
2766
3245
3676
1784
2674
3672
6320
2570
4358
4363
6422
1428
1938
1944
2037
3420
3565
3669
3924
1619
4110
4645
4649
4676
4803
4882
5506
6453
3741
4003
4678
5464
5638
5640
1622
2032
4013
4681
4685
5012
5646
5647
1905
2611
4074
4524
4689
4835
5724
5990
6659
1294
1732
4673
4674
4696
5982
6627
1073
1112
1296
2481
3565
3669
4030
4700
5398
5597
1296
1298
3233
3656
4701
6136
1222
1223
1582
2536
3953
6438
1888
2565
3002
4160
4711
5175
1350
1865
2211
3128
5125
5766
6484
1069
1311
1533
2745
2940
3655
4454
4694
1799
2490
4802
4920
5605
6253
1497
1625
2747
3389
4475
4756
5530
1358
2923
3893
3917
4449
4725
5171
1630
1741
4063
4731
5662
5663
5665
6177
1087
2828
2869
4737
5212
5667
3520
3561
3757
3894
4747
5824
6129
1150
3045
3311
4062
4771
5393
6502
6620
1533
1739
2746
2940
3265
3655
3701
4454
4694
4788
4872
6631
1360
1444
2205
2981
3811
1326
1804
3409
4174
6423
6614
1337
1746
3879
4182
5984
1296
2492
2979
3656
4030
4700
4780
5398
1428
1543
2492
2979
3566
3924
4780
6259
6710
1211
1344
1672
3758
4455
4781
5221
5404
1598
1859
2729
3270
3364
4446
4752
5097
5561
6271
6546
6637
1088
2841
3133
5378
5576
6135
1171
1379
1380
3363
4446
4720
5950
1323
1633
2978
4828
5203
5519
6182
6256
3226
3274
4937
1759
2326
4714
4762
5206
5609
5764
5909
5910
5912
6094
1459
1760
5531
5658
1193
1194
2781
3795
4517
4518
4748
4980
1573
2986
4060
4543
6276
6640
1776
1790
1920
4118
6014
1094
2651
4249
6096
6128
1280
1314
1317
1318
1320
1321
1636
1886
1888
2286
2332
2571
2634
2712
2791
2828
2837
2874
3001
3424
3487
3929
3931
4709
4710
4734
4737
4738
4739
5363
5626
5628
5667
6346
6486
1365
1623
1863
2348
2384
2841
2842
3133
4447
4791
5369
5378
6135
1420
1509
6447
3206
3700
6095
1303
1409
2557
3479
3567
4484
1778
1927
2872
4815
1715
2202
2890
3588
3616
3617
3713
3852
4018
4867
5322
5334
6088
6707
4249
4251
6096
6227
1954
2299
4553
5998
6507
1628
1817
3149
4407
4409
6006
1302
1519
2357
4171
4718
4995
5654
5691
5914
3453
3668
6533
1503
1701
2120
3445
4504
4571
5195
5454
5455
1178
1634
2376
2700
3869
4053
4482
4915
2344
4270
4956
5002
5744
2809
3332
3361
6013
6108
1376
1878
2847
3883
4140
5717
5823
1612
1829
2784
3209
3816
4501
1452
2649
4238
5155
6092
1746
3877
3879
4182
5729
5984
1772
1808
2498
4590
4989
5584
5585
6117
3032
5768
6680
2540
2608
2954
3058
3880
5843
1467
1552
1955
2252
2631
1948
2012
3010
3419
3634
4858
5261
5351
6091
6362
6377
6578
6601
6655
1296
2481
3233
3513
3736
3742
4167
5112
5967
5968
5969
1975
2450
2880
3587
6630
1377
1580
1631
2778
2952
5571
6333
6375
6450
1164
1713
2488
3238
4620
4962
6250
1828
2072
2073
2074
4227
5714
2960
3038
5239
5514
5516
1511
2238
2500
3132
4069
4320
6582
1965
2849
3396
3890
6007
6008
6143
1903
2383
6079
6540
2572
3039
4359
4433
1815
1890
2360
4656
1570
1949
1977
3489
3722
3729
1609
1621
2692
2716
2886
3379
3727
6668
1466
1478
1561
1847
2411
2462
5271
5344
6451
2375
2615
1557
2421
3768
4168
5099
5114
5215
5368
6058
1217
1218
1224
2546
3271
3506
4460
4987
5983
3163
4564
6211
1216
1586
2690
2945
2947
3892
4122
1934
2676
5035
5039
1134
1249
1696
3417
4969
5537
5687
1249
1696
2543
3417
4969
1537
2263
3780
4486
4487
6190
1137
1935
2260
2263
2853
4147
5138
5961
2024
2260
2744
2853
4147
5961
1347
2024
2744
4127
4671
4672
6464
1748
2918
3136
4096
4778
5231
5402
1979
2985
4535
4620
4621
4820
4969
5187
5538
6409
6557
1731
2993
3146
3292
3365
4126
4649
5090
5506
5508
6207
1675
3455
3731
4691
5458
6250
3207
3422
4508
4690
4692
4910
5457
5652
6327
1145
1151
1941
2250
2270
2799
2930
3005
4035
4746
6178
1941
2231
2250
2270
4137
4745
4746
6178
1147
1148
3912
4744
5360
6179
6336
1148
2949
4103
4494
4637
5474
6179
6336
3310
3912
4744
5360
6179
3310
3311
4135
4744
4774
5660
6004
6502
1506
3045
3310
3311
3792
4493
6004
6620
2270
2799
2930
3005
4980
6178
2781
2930
3005
3894
4747
4748
4980
6129
1743
3562
3881
4675
1810
3511
3877
3879
5762
1156
3874
4810
5108
6191
6663
1157
3205
3461
3874
4777
5108
6191
6380
3205
3461
3874
4491
4777
6191
6380
1193
1870
1950
3795
3894
4492
4639
4748
2301
3046
3734
4009
4859
5477
6391
1411
1632
2288
2479
3776
5799
5935
6459
3239
3249
4713
4761
5721
6133
1180
1327
3231
3811
4445
4451
4796
5615
5905
1165
3803
4579
4619
5217
1979
2488
3238
4532
4620
4820
5534
6652
1963
2319
2612
3803
3804
4619
5217
1199
1615
3208
4534
4621
4626
5538
6506
1196
1998
3113
3366
4540
4622
4623
5543
6249
1198
1767
3122
3545
3762
3960
4185
5139
5143
5973
6503
6688
1196
2787
3366
3675
4623
5543
6605
6626
1406
1410
2752
3090
3759
3772
4726
5134
5532
5604
5706
5933
6308
1379
1611
1859
4446
5097
5157
5948
1611
3908
4915
5097
5892
5948
6437
1355
1365
1366
1597
1623
2857
4447
5903
6347
1370
1627
1850
2504
3126
5526
6212
6213
6532
1178
2279
4442
6522
1363
1444
2496
3811
6475
1179
1372
4991
4994
5575
5819
1182
1390
1627
1634
2279
2743
3869
4053
4443
4482
4753
4883
5129
5213
6212
6622
1372
1373
4994
5575
3811
4445
4451
4796
5905
6165
1329
1756
4725
5574
6105
6526
1634
1976
2185
2279
2294
2817
3407
3716
4442
5885
5945
6101
6522
3543
5127
5171
5563
5572
5888
5889
6405
6657
6669
1387
1765
2325
2512
2666
2747
2772
5566
5887
5960
2003
2589
3678
5720
5954
3086
3165
3552
4086
4453
5183
5765
1806
2002
4480
4485
4766
4983
2058
3954
4513
5102
5377
5587
5723
1190
1978
2552
4514
4574
4636
5534
5976
6374
6545
1191
1824
1978
2552
4512
4514
6545
1192
1824
4515
6300
1824
4512
4516
4859
6290
6300
1194
1870
2781
3795
3894
4492
4748
3367
3795
4516
4517
4518
4859
6300
3367
4518
4519
4520
2787
3366
4623
5543
1198
1541
1767
3187
3930
4057
4104
4856
4973
5973
1767
3187
3545
3930
4104
4185
5139
5143
5973
1204
2594
3938
4626
4627
6557
1201
1202
1675
2812
3731
4628
5653
6197
6251
6424
1202
1204
1713
2722
4627
4628
4962
1204
2722
4628
6251
6424
1229
2820
3518
4629
4630
4631
2594
2722
4627
4962
2770
2820
3075
3856
4631
1858
4083
4581
5635
6575
2190
2258
2628
2902
4010
4635
5172
1874
2859
4635
5370
5535
6268
1545
1714
1978
2552
4120
4634
4636
5976
6267
1351
2328
2507
2561
2970
4485
4721
4787
1344
1672
2209
4455
5221
5404
6426
1245
2868
3512
4456
1214
1530
1742
2231
3448
3942
4457
5030
1215
1530
1941
2231
3183
3448
3942
4457
4458
5030
1941
1989
2231
3448
4458
6178
6216
1217
1218
2922
2945
2947
3506
3892
3919
4122
4460
1218
1813
3506
4122
4460
5666
5668
5983
3506
4460
4987
5983
1221
1222
1223
3411
4461
4462
4464
6223
6259
6710
1224
2903
3753
4460
4465
4736
5665
5983
1222
1223
1582
3449
4462
6223
6710
1223
1582
2536
4464
6438
6710
1582
2536
4464
6438
6710
2546
2664
2903
3376
4068
4465
5983
1313
1660
1802
4098
4466
4468
4704
5158
6410
6487
1801
1952
2937
3486
4469
4703
5201
6208
6573
1300
1801
2545
2937
3859
4092
4703
6524
2711
4049
4470
4852
5760
6225
1230
1241
1242
1898
2983
3456
3517
4630
1241
1898
2794
3517
3891
4527
5168
2186
3293
3401
4519
4520
4845
1233
1236
2736
3796
3913
4521
4522
4525
6691
4521
4522
1235
1236
1825
2186
3134
3368
4525
1236
1825
2186
3134
4523
4525
2736
4522
4525
4526
2333
2535
3785
4074
5627
5637
5990
6239
1812
3049
3134
3368
3797
3968
4526
6240
1241
2308
2703
3673
3891
4528
4878
5209
1608
2864
4523
4743
4905
6240
1898
2794
3891
4527
4528
5168
1898
2983
3456
4529
4629
1244
2665
3052
3219
3499
3512
3948
4160
4472
2665
3052
3451
3499
3512
3948
4160
4472
3512
4472
1606
1913
3272
4139
4549
4550
4600
6420
6430
1249
1593
1696
2973
3091
4549
4551
4881
4960
6357
1249
1696
2543
2992
4120
4531
4551
1696
2543
3091
4551
1702
2801
3377
3481
5583
5631
1252
2913
3302
3303
5466
5828
5998
6319
3142
3302
3303
4552
4902
5466
5828
1575
1954
3304
4008
4178
4554
4911
6507
1264
1575
2218
2622
3809
4554
4555
5450
2303
3735
4687
5511
5649
5650
6198
6361
6468
1722
1822
4653
4654
1259
1853
1945
2302
2598
4652
6385
4003
4655
5178
5981
6429
6590
1853
1945
2302
4652
1562
1729
3255
3257
4003
4499
4657
5436
5779
5981
5985
1720
3211
3865
4029
5435
6324
6537
1263
1658
1906
2273
4659
4741
1906
3865
4152
4658
4659
2218
2622
3474
3800
4556
5450
6099
6317
1614
1697
2578
4557
4993
5556
1522
4138
4598
5592
5999
6104
6689
1274
1900
2510
3305
3356
4558
4597
6000
6184
6689
1269
1270
3236
4061
6203
1270
3896
4061
4560
5816
3896
4061
4560
6099
1272
1558
1699
4561
5816
1275
1699
4559
4563
5816
6123
1274
3306
4558
4562
6001
1900
2510
3163
4558
6001
6184
1699
3801
4565
5026
5678
1663
1869
1984
2975
3801
5026
6124
2282
2622
3186
3482
3896
3958
3969
4008
4555
4560
4955
6099
2253
2641
4497
4660
5198
1280
2828
3169
3737
4106
4663
4664
2571
2712
2828
3799
4663
4737
6277
6598
2203
4498
5431
6539
1283
1289
4170
4640
4641
4648
4666
6441
6703
1287
1289
4170
4640
4641
4666
4818
6441
6703
1286
1287
1456
1688
3738
4667
4669
4818
6221
1288
1674
1894
2996
3897
4668
5029
5190
1456
1688
2303
4667
5511
5779
6581
1289
2994
3735
3739
4666
4669
4818
6221
6441
6603
1336
1894
2996
3549
4668
4670
4768
2304
3739
4170
4648
4666
4818
6441
1332
1334
1738
2847
3374
3446
3775
3883
4765
5790
5866
1923
4695
5963
5982
6627
4695
5963
2596
3233
3513
4784
5727
1295
1396
1732
4673
4674
4696
4697
1396
3450
4697
4698
4706
6360
1299
1733
2481
3233
4030
4700
4701
5398
5597
1447
3043
3744
4699
2362
3233
5727
6136
1733
3656
4030
4700
4780
2545
2720
3500
3859
4702
4703
6573
1317
3423
3424
3486
3487
4709
6208
6410
6487
1519
1532
2357
4171
4718
4995
5691
5914
1409
2557
2713
3111
3138
5017
5564
5698
5707
1368
1370
1371
1758
1850
2185
2351
6414
6522
6550
1376
2748
5951
1379
1380
2662
3363
3660
3908
4915
5947
1402
1405
2586
3372
3571
3772
4794
5617
6269
6393
1633
2968
2978
3480
4755
5219
5709
1455
1924
2824
3663
3667
3755
5137
5577
2553
3267
3779
5126
1533
2292
2577
2745
3655
4454
5571
5606
5918
1313
1802
2332
2634
3001
3907
4705
6224
6438
1660
1802
2332
3001
3487
3907
4466
4705
5158
6224
1881
2634
3001
3504
3953
4734
1807
2536
3449
3949
4707
4708
4806
6180
1734
2711
2935
4123
5963
6209
6627
6634
3423
3487
4704
4709
6410
6487
1320
2565
2720
3500
4702
4710
1322
4852
5761
1321
1888
4710
4711
1888
3002
4711
5626
1335
2977
4712
4852
5761
6643
6646
1325
2721
2978
3760
3819
4828
5711
6182
6389
1356
2493
3386
3917
4473
6401
1764
2553
3760
3819
5711
3000
3654
4174
4797
5566
5949
6423
6614
2222
2769
3231
4445
4796
4799
5128
5136
5615
1458
1649
2465
2933
2952
4481
4789
5517
5797
5922
6097
1756
1914
4725
5574
6105
6512
6702
2035
2842
3239
3773
4440
4761
5375
5898
1332
2862
3446
4765
5704
3446
4765
2368
3568
4025
5512
5528
5697
5926
1738
2847
3883
5694
5795
5796
1743
2977
3562
4022
5761
6643
1338
1339
1894
3549
4670
4768
4770
6257
1746
3864
4182
4767
5984
6394
1339
2977
3884
4768
4769
6643
6646
3884
4768
4769
4770
1566
1768
1974
3430
4062
4771
5393
6268
1430
1462
1777
4119
4317
4318
2521
2732
3570
5803
6161
2034
2934
4134
4717
4912
5156
6326
2943
3758
4781
4782
5221
5404
6260
2179
2243
3670
5773
6189
2290
2632
2892
3627
5313
6458
1395
1972
2744
4127
4488
4671
4672
1414
4174
5703
6269
6308
6412
2506
3416
5380
1500
2211
2506
2907
3004
4727
4729
4813
5125
5607
5766
5868
1997
2002
4477
4479
4480
4787
5124
5207
5683
6508
2336
2958
3153
3232
4070
5125
5524
5562
5689
5870
1997
3370
4750
5207
5683
5871
6508
1647
2348
2350
2841
3133
4791
5381
5520
5895
6252
6460
1365
1366
1597
1758
2857
4801
4904
5903
6567
2493
3543
3917
4002
5127
5171
5567
5888
1385
1996
2782
3061
3709
4040
4758
5952
1757
2923
4449
5171
5893
6669
1361
2205
2981
3042
6587
2205
2981
3811
6587
1444
1914
1994
2205
2981
3042
4473
6105
6587
3778
4438
5133
5181
5602
5895
5896
5897
5939
1444
2496
3811
6475
6512
6702
2948
4761
4912
5898
6133
1597
1623
2842
2857
4447
5903
6347
1367
1597
2857
3774
4439
4730
6347
6567
4439
4730
5520
5702
5900
5901
6347
2817
3716
3774
4801
5902
6101
6414
6567
1623
2503
2842
2857
4904
5903
6213
1371
1758
1850
2351
5526
6213
6414
6550
1627
1850
2351
5129
5526
6213
6608
1373
3408
4994
5575
5819
2763
3408
3563
1375
1376
5717
1376
4851
5717
5823
5946
1394
2748
2782
2862
3062
3689
5710
5717
5944
5946
5951
5952
6331
6466
6556
2778
2952
6450
1872
3901
4749
6270
3363
3908
4915
5948
3363
4720
5950
1384
4012
5228
5718
2041
2729
2741
2813
6546
1540
2748
3925
5710
1386
2589
2742
3678
4012
5718
5953
6637
2386
4450
5952
6466
1389
2589
4012
5953
5957
1765
2334
2666
2834
2334
2626
2636
2953
3813
4437
5955
5956
6446
2001
2589
5957
2281
4443
4793
5086
5573
6212
6366
6622
1665
1744
2199
2329
2955
3355
4478
5958
1677
1750
2222
2728
3563
5136
5179
5959
1394
2567
3191
3900
6704
2567
2782
3062
3191
3689
6340
1972
2260
2744
3780
5138
5961
1732
4673
4674
4697
1691
2016
2359
3974
4080
4169
4323
4929
3181
3971
4121
4331
4832
5742
5743
2265
2656
2759
3369
4000
4295
6026
6247
1401
2759
4295
6247
1592
2759
4295
5241
2325
2586
4794
5570
1581
1762
5017
5167
5698
6171
6330
2773
3093
3094
5610
5617
5936
6139
6393
3772
4829
5931
6393
1410
1763
3685
3759
3772
1763
2558
3124
3388
4829
5930
5931
6369
1412
1902
2558
2925
3093
3388
5362
5930
6369
2713
3567
5017
6171
1763
3685
3759
3772
5532
5933
1755
2860
3398
5935
6459
1902
2925
3093
4007
5362
5600
5930
5936
6369
3003
3041
3108
3777
5700
5880
5882
5929
1567
4174
4475
4792
5530
6412
6423
1416
2207
4438
5133
5685
5883
5884
6252
1647
2207
4438
4952
5133
5883
5884
6252
3189
4917
5862
5863
5864
6569
1987
2522
4917
5863
5864
2534
3393
4917
4919
2189
3059
4389
5865
6447
1903
2418
2439
2840
3853
4821
4830
2289
2401
2448
2466
3495
3592
3872
4006
6690
1479
2043
2388
2460
2878
3822
3823
3936
4142
6416
2396
2895
3007
4965
6163
1692
3476
3556
3996
6262
1493
1609
2240
3606
4148
5281
5289
2320
2568
2647
4431
4887
1944
2492
2979
3565
3924
4780
5398
2176
2759
3022
3385
4303
4304
5353
1483
1777
2047
3167
4119
4317
4906
2373
3533
3537
3626
3849
6087
1488
1579
3478
5014
5120
5247
5286
6066
2380
2716
5321
1463
1707
1917
2451
3594
3662
3887
5374
1911
2085
2086
2087
2120
2204
2624
2661
3039
3040
3141
3178
3291
3412
4093
4342
4344
4424
4434
4854
4959
5194
5415
5426
5430
5831
6202
6600
6685
1503
2072
2073
2117
3217
3445
4352
4885
2098
3087
3898
4376
1689
2365
3381
3425
4379
5159
5859
2637
3402
4208
4393
1956
2204
3203
4423
5411
5413
5415
1820
4404
5422
5423
5424
5488
6623
2154
2196
3017
3890
4005
4862
5177
6008
4419
4420
4990
5412
5515
6025
6237
1914
2205
3811
6512
1519
1532
1604
2357
2814
3373
4724
5611
5690
1586
1814
3507
3965
4035
4144
4459
4740
5670
3043
3744
4068
4699
1585
2796
3324
3934
4402
5147
5367
5409
5410
6024
6030
1667
1916
3053
3209
3454
3523
3951
1457
1489
2054
3991
4329
5836
6022
2109
2110
2112
2654
4274
6241
2193
2649
6092
1512
1775
1982
2175
3150
4027
5211
6093
2534
3190
4401
5772
5865
6349
1757
1924
2923
3663
4449
5577
6418
6526
1688
2303
3735
4667
4669
5511
6581
1723
2653
3353
3991
5376
5745
5836
5848
6022
6236
1649
2356
2513
2566
2933
2952
3090
4762
5015
5659
5910
1760
2358
3098
5531
2623
3351
4255
5226
2323
3294
3370
3552
4086
5601
5765
6323
1683
3434
4317
4318
4906
3662
3677
5374
6407
1466
1847
2531
5057
5063
6451
2630
3064
3067
3196
3198
3380
3536
5076
1847
2387
5063
5344
6451
1552
1955
2252
2631
2906
3195
3536
5076
1470
2278
2372
2458
2606
3079
3247
3459
3895
5058
6089
2187
2278
2458
2878
3251
3822
3823
5067
6513
6666
1892
2372
2606
2632
3534
5058
2210
4192
4197
5068
5303
1477
1603
1845
3145
3723
3730
5075
5304
6074
6580
1716
2217
2687
3197
3383
3621
4084
5031
6175
6273
6339
1618
2454
2707
2768
3569
3637
4050
4117
4853
5240
6301
6311
1845
2633
3173
3730
5059
5073
6580
1481
2418
2443
3384
5288
6554
1603
1645
3269
4180
5075
5304
5311
6293
6641
6700
1487
1847
2187
2262
4816
5271
6329
6416
2388
2460
2621
3725
3936
4142
4826
1949
2374
2415
2780
3068
3614
4116
6160
2277
2418
2443
2445
3384
4821
2061
2446
3055
3436
3762
3964
4853
4944
5041
5240
2047
4119
4814
2046
2771
2775
3222
5039
2048
2313
2678
3180
3431
4077
4243
1786
1864
3329
3435
3973
4931
4932
6011
6035
6665
2187
2531
4816
5057
6329
2017
2484
3478
3648
5244
5247
5286
6063
6115
1928
1940
4288
4329
4847
4948
6022
3993
4133
5044
5230
6243
6354
2275
2677
3994
6378
1995
2092
3014
3261
5043
5088
5715
6672
1594
1621
3606
4972
6310
6668
1846
2461
2621
2852
3719
4826
5330
5115
5116
5392
6090
6158
2747
2834
3389
4756
5719
5955
2406
2807
3131
3615
3846
5259
6068
2023
2805
3225
3807
4043
4583
4584
4605
5447
5504
5545
5546
6315
6461
1553
2573
2907
3200
5821
5868
1889
2103
2472
2967
4381
3189
3190
3288
5772
6569
6682
1701
2117
2120
3445
4504
4572
5454
6384
1985
2871
3438
4708
4732
4733
5661
3472
5176
6275
6626
4493
4644
5478
6529
6620
1638
1670
1860
2116
2160
2164
2165
2265
2844
2848
3369
3992
4000
4293
4296
4946
5146
5204
5236
5849
6246
6527
6660
6673
2164
5092
5241
6473
2139
6445
2090
3434
3541
6016
6017
6387
2500
3682
6582
2175
3020
3150
5211
5237
6093
6531
1685
2151
2757
4838
6047
2097
2548
4112
6281
2093
2106
2107
4272
4314
4315
5223
6296
2347
2384
4800
1949
2413
2924
4088
5191
5199
5287
3762
3960
3964
1532
1604
2357
2814
4171
4718
5691
6351
2337
3301
3886
5759
5814
5996
2101
2102
3095
4380
6282
4101
4138
4591
5999
6104
2289
2466
2716
3608
3872
5297
6084
6449
6690
1571
3080
3439
3510
3959
4656
2759
2818
2969
3764
1952
3139
3656
3962
5403
6136
2180
2243
5767
5773
5775
6400
6681
2915
3264
3881
4675
5965
6370
2689
3860
4441
4757
5387
5521
5565
5657
5937
6396
2597
2684
3183
3448
3509
3519
3910
3942
4457
4458
1593
1606
2964
2988
4549
4600
5594
6430
2357
3373
4724
4995
5518
5611
5690
5691
2745
2940
3655
4997
5987
6287
6439
1840
2235
2486
2555
3107
5372
6045
6248
2697
4374
4375
4913
1935
2263
3780
4486
4487
5138
6190
2032
4684
4685
4686
4687
5647
5650
6198
6361
3035
4390
6386
6705
2748
3925
3803
4579
4856
4973
5391
5811
5973
2111
2944
3360
4245
6108
2037
2979
3411
3924
4048
5400
6259
1547
3101
3296
4254
4255
6228
1714
1978
4514
4634
4636
5735
6267
2284
5000
5373
5799
5800
5878
6452
1920
2962
3101
3296
4235
4254
4255
4307
6014
6228
6279
2246
2494
3088
3320
4210
4804
5145
2751
2777
5568
5884
6138
6493
6602
3308
4131
4602
5444
5978
6406
1661
2060
2169
2170
5750
5751
5752
6509
1955
2531
2630
2631
3198
3254
3290
3380
5057
5063
5066
5076
5343
6451
2907
3200
3710
5524
5821
6328
1711
1954
2549
4178
4911
5453
5463
6318
6367
1785
2675
4361
2322
2716
5280
6077
6553
1926
2311
2405
2421
2422
2898
2956
3646
3761
4046
4085
5099
5215
6058
6100
6551
1699
1869
4561
6124
3239
3249
4761
4800
5722
6481
2022
3358
3539
4504
4680
5440
5455
6555
6595
1846
2387
2411
2461
2462
2852
3635
5344
6455
6547
3257
4686
5648
5981
6198
2540
3057
3058
3880
6111
2124
2673
2766
2836
2150
3429
4287
4838
6041
6651
2027
2210
2354
3259
3430
3471
3511
3781
4115
4533
5535
5726
5762
5810
6261
6268
1589
1625
2385
2663
2747
3000
4174
4475
5530
6423
4177
4364
5096
6186
1599
1830
1957
3524
3824
4036
4153
5675
1977
3489
3722
3729
2353
3080
3105
3170
3439
3510
3959
4656
5112
5439
2151
2184
2609
2669
2708
3230
4268
5834
6047
1695
2789
2986
4543
4544
5581
5582
5681
2390
2391
2725
2879
3286
3598
3599
4155
5161
5200
5269
3304
4554
4555
4911
3674
3806
4101
4138
4993
5553
4110
4643
4644
4645
5482
6563
4900
5084
5672
6141
1884
2495
3478
5014
5120
6052
6066
6172
1631
3548
5571
5906
5907
6333
6375
6450
6491
1762
2713
2753
3111
5017
5111
5167
5698
5941
2536
3449
4462
1874
2354
3471
3732
4366
4981
5370
5536
5635
5738
5739
1807
2021
2959
3516
3879
4671
5595
5962
2249
3324
4402
5147
5367
6030
1814
2635
2690
3863
3892
4459
2055
3538
3788
3978
3995
4933
4964
6147
6363
6523
2067
2069
2072
4223
4227
6432
1625
2385
2663
2747
3389
4475
2404
2826
3878
5116
5326
5392
6079
6554
2996
3881
4166
5507
5826
5965
6222
5241
2988
3091
4549
4960
6430
2315
2447
2705
3591
5285
6310
1643
2233
2304
3250
3873
4170
4648
4651
5484
5505
5509
5598
1658
2253
2273
3865
4659
5198
5829
2857
4447
5903
6347
6567
2729
2813
3364
3490
5561
6637
6644
1957
3628
3763
4153
5051
5052
2226
2542
3215
3596
5335
6081
6157
2045
2369
2391
2725
3242
3826
3827
3830
4019
4155
4848
4923
6060
1782
2116
3082
3280
4001
4081
4311
2894
3145
3584
5075
5304
1624
1806
2814
4966
5656
5691
5872
6351
2068
4226
5713
1852
2987
4139
4600
5594
2478
2657
3260
4001
4311
1811
3968
4905
6240
1621
2240
2562
2886
3379
3727
5281
2962
3119
3296
3885
4286
5832
3908
5097
5157
5948
1829
2038
4501
4605
5447
6286
1635
2210
4366
5536
5635
5810
3154
3800
4607
4961
5242
5556
1998
3208
4534
4622
4626
6249
6506
3555
3788
6147
6392
1981
2050
2489
3201
3202
3986
4277
4278
1939
2454
2707
3637
5324
6301
3243
3784
4074
4645
4689
4882
5637
1897
1929
3799
4106
4661
4664
5503
6277
6395
2886
5281
6668
2032
4013
4032
4683
4841
5646
5647
2503
2842
4447
5903
6135
4966
5691
6351
2385
2663
2747
3389
4475
4756
1756
4799
5569
5574
5904
6474
6702
1850
2504
3126
5129
5526
6212
3396
4407
4409
5493
6559
2978
3480
4452
5608
5940
6256
6530
6695
1653
3210
4731
5662
5760
5964
6306
1895
3548
4714
5763
5907
5908
6450
6491
2860
3776
5799
5935
6334
2968
2978
4755
5203
5709
6182
6256
2279
2294
3869
4482
4915
2210
2319
3804
4366
5635
5810
1812
2791
3968
5628
1652
2030
2469
4206
4436
5428
5430
3992
4946
5045
6645
6673
2398
2400
3918
6565
1907
2056
3109
3228
4895
4938
6263
1911
2215
3554
4259
5716
6020
6103
2335
2680
3750
3867
4292
6488
6599
6697
2233
2304
3171
3250
3873
4648
5484
5505
5509
5598
1681
2459
3631
3632
5117
5220
6302
2881
3462
3580
4180
5062
6641
2325
4797
5570
5949
6541
2841
3133
3875
4952
5133
5381
5883
5895
6252
6460
2660
2764
3325
4428
5420
5421
2582
2952
4751
5922
6097
2179
2180
2735
3100
3289
3696
3698
3766
6400
6543
2249
4395
4396
4402
6538
2469
4206
4435
4811
5429
1931
3210
5196
5397
5964
6440
2353
3439
3736
4656
2167
2213
3256
4297
5184
6473
2307
3997
6533
2980
3278
5405
6155
6260
6611
2253
2273
3400
4659
5028
5829
1831
1877
3019
3989
4233
5042
6248
1802
2332
3487
4098
4466
4704
5158
6410
2170
2954
6509
2276
2309
4215
4938
5041
1973
1984
2338
2468
3155
3514
6571
2642
2724
3258
3418
4864
4986
5315
2199
2955
4478
5958
2288
2479
5000
6459
6470
2230
2774
2784
3053
3382
3951
4501
1823
1993
2228
3544
4505
4568
4569
5456
5590
6288
1703
1967
4089
4590
4592
4989
5549
5551
5553
5555
6316
1860
2848
3981
5236
6660
1800
4819
4896
5609
5874
5911
5912
2000
3758
3955
4455
4855
1992
2560
4646
4647
4668
5483
2995
5190
6457
6574
2812
3731
4690
4691
4692
6250
3104
3293
3401
3754
4742
4745
4845
6711
2222
2728
3563
5179
5959
2450
2880
3008
3137
3638
5300
2295
2552
3085
3378
4532
4820
5534
5976
1996
2567
2782
3277
4105
6340
1843
2459
3193
3632
3641
5117
6518
2424
2887
3300
3477
3612
5095
6621
3167
3434
4317
4817
4906
2322
3379
3727
5342
6050
6403
2153
2655
2757
2832
3338
4838
6042
6109
1779
2213
3661
4324
4325
5184
5354
2433
2891
3587
4156
5260
5341
5389
6059
6082
6588
3735
4667
4669
5511
6221
2365
2520
3425
5159
1966
2089
2377
2605
6600
2305
2359
2754
3974
4229
4929
3476
3556
3979
4090
6262
2625
3453
4941
4951
5754
6687
4541
5544
6151
6420
6713
3798
4033
4060
4543
5581
2543
4551
2578
4138
4556
6099
1949
2429
3575
3729
5026
2220
3483
3544
4530
4566
4567
4568
5480
5590
6696
3445
4176
4571
4572
5195
5454
3377
5224
5631
6304
6305
6636
1967
4588
4589
4592
5549
5550
5551
5555
2036
2349
3174
4596
5994
2438
3596
4864
4986
5314
5335
5340
6075
6411
6597
2289
5296
5297
6084
6126
6167
3662
3677
3887
5106
2245
2370
2389
3063
3597
3876
6596
1726
2013
2396
2412
3007
3604
3749
4188
4190
4965
1880
2237
2401
2402
2716
3611
4006
5298
6218
3659
4611
4612
5218
5463
5464
6318
6712
2971
3810
4616
5469
2488
4620
4628
4962
5187
6250
2992
4120
4634
5976
6267
6520
2432
3586
3588
3616
3617
3746
3852
4867
1968
2442
2687
3197
3285
4084
5031
5282
2435
3526
5021
5050
5065
5082
5220
3734
4639
4642
5477
6280
3171
4644
4803
5478
5482
5484
5598
6563
3116
4152
4658
6324
6581
4660
6154
6220
6586
1822
3897
5190
6457
2008
3353
4270
5230
5836
6236
3385
3916
5160
5753
1918
3023
3443
4336
6027
6113
1901
2396
2412
3007
3749
4965
5283
6163
6549
2420
3081
3645
5121
5302
2426
2897
3077
3650
3714
3833
5291
3347
4003
4500
4678
5436
5981
2563
2914
2998
3312
3485
4683
4684
4687
5510
5649
6468
6603
2999
3146
3292
4066
4126
4510
5010
5090
5508
6289
6359
4673
4674
4696
4697
4706
3656
4701
2711
4123
4696
6627
1793
2697
2761
3032
4058
4375
5851
6680
2136
2324
3392
3657
4042
5123
5807
6398
6456
3464
5778
6161
3775
5694
2952
3265
3655
3701
4483
4751
4788
4872
4726
4896
5532
5604
5874
5881
2903
4068
4470
5662
5663
5760
6225
2475
2864
3754
4457
4742
5030
3562
3881
5761
1861
2199
2329
2769
3355
2819
2933
2934
4134
4719
4789
4795
6326
3781
3879
4182
5729
5984
2026
2664
3271
3461
4467
4699
4776
4777
2918
3791
5221
5401
5402
5404
6426
4400
2222
2329
5136
5819
5959
6307
2368
3092
5697
5926
4693
4723
5387
5938
6138
6396
6602
2496
3811
5614
6165
6475
4474
5876
2860
3398
5700
5882
5935
6459
5574
6474
6526
1924
2923
4449
5893
6418
6443
2857
4801
4904
6213
6414
6550
6567
1895
2778
4714
4762
5206
5763
5764
5908
2235
2358
3911
5844
4154
5560
5616
6334
2753
5017
5111
5167
5698
5941
6330
2200
2558
2583
3388
3685
3759
6369
6615
2553
2835
2931
3760
5126
5711
6182
6389
2334
2772
4437
5960
3074
5433
5731
5139
5143
5973
2932
4062
4771
5393
6268
4115
4488
4490
5726
3114
3745
4767
5011
6180
6325
3466
4577
5736
5784
5971
5991
1808
1967
2498
4590
4989
5551
5585
1943
1990
3309
4082
4616
5828
2839
3276
3315
3786
4410
4411
5144
5494
2926
3096
4027
5150
5674
6093
6514
2025
3339
4118
4309
5164
6014
3248
4119
5714
6194
6355
1927
2795
2872
3344
4079
4979
4324
4815
4833
5184
1781
2120
3541
3904
4338
6016
6295
2120
3212
3541
4341
5831
6016
6295
2118
3030
3082
3280
2755
4355
6298
2990
6170
6320
6422
2570
2675
3926
4358
4360
6185
2702
3180
3435
4305
4931
6562
1928
3867
4292
4328
4831
5837
6488
6561
3057
3058
3099
3229
3790
6111
2219
3296
3861
3885
5148
6039
6107
6229
3432
4118
1958
2080
2082
3982
2482
2941
3060
5163
2095
2761
4374
4375
5852
2129
3694
3765
5852
6642
2132
2133
3033
3391
4384
3036
3460
4394
4935
4395
4396
6538
1803
1887
5894
5899
6214
6381
2763
3563
3811
4920
5605
3153
4070
4819
5609
5689
5873
5911
2937
3962
4092
5201
6573
1952
3907
4466
4468
4705
5158
6224
6710
5797
5894
5899
6214
1805
3372
3409
4174
6269
6614
3372
3409
4794
5570
2328
2507
4485
4715
4766
5656
3449
4463
4671
4707
4806
5595
5962
2498
2592
4124
6117
6345
2602
3083
3945
3946
4547
5142
5784
5809
5992
2021
2959
3511
3516
3877
3879
3968
4957
3049
3968
6240
3520
3863
4122
4459
4460
5666
5668
5670
2635
2690
3507
3955
4459
1890
2360
3185
3505
4042
5123
5769
6676
3149
3313
4407
6348
1922
1986
2951
4132
4415
4418
4865
5109
6025
2796
4420
5412
5416
6237
6341
6517
6661
4429
5422
5424
6623
2018
2641
4497
5198
6528
2861
3080
4503
4653
5190
5441
6457
6482
1993
2228
4038
4511
4569
5456
5590
6288
4512
3049
3134
4523
6240
2734
3331
4868
5673
6341
6661
2827
4220
6119
2072
2073
2074
4228
4885
2023
2038
2784
3816
4501
1946
2044
3824
3825
4153
5051
5052
1877
3019
5042
5357
6044
6248
3263
4240
2858
3671
4247
4248
5166
6012
6106
2142
4251
6130
6227
6388
6479
1980
2006
2652
3279
6018
6534
2283
3013
4267
5230
5382
5834
2088
2108
3982
4273
4345
4846
5018
6476
6582
6629
1981
2489
2559
6145
6242
2152
3339
4150
4892
5013
5149
6192
2486
3107
5372
6045
6248
2416
2427
4808
3526
3528
3631
5065
5220
6116
2459
2629
2709
3193
3641
5048
5049
5117
5266
6518
2012
2257
2643
3419
3532
3831
3862
4927
4978
5351
5352
6578
6601
2633
3145
3730
5307
6580
2411
2462
2621
4826
2262
5271
5344
6416
2042
2395
2831
3051
3067
3118
3175
3192
3603
4161
5250
5274
4412
5087
5476
5486
5487
5496
5498
6292
2351
5129
5526
6213
2236
2381
6061
6312
6413
2317
2964
2987
4139
5594
1945
2598
3510
5966
6385
6482
2217
2298
3467
3621
3902
4072
4812
5071
5267
6273
2248
4039
3782
3927
4498
6287
6684
2472
2508
2967
4388
3162
4083
4633
6575
4446
4752
5097
5157
6271
6546
4087
5146
5236
5712
6660
2769
2830
3355
3755
4760
5137
1991
4850
5437
5438
5732
5781
6287
2841
4447
4791
6135
3340
3341
3973
4931
4932
6011
6665
3128
5766
5785
5875
5917
6484
2410
2856
3533
3537
3849
3905
4100
5313
6382
6458
6692
2845
4655
5178
6429
2607
5163
6189
1984
2975
4561
6124
3046
3795
4639
4859
5477
2733
2858
4248
5166
2206
2368
3492
4078
6270
2785
3395
4034
4395
4403
5005
5485
5486
6031
2354
2859
3732
4981
5370
5535
5739
1934
2676
3284
5035
1943
5470
6566
3989
5042
2241
4140
5823
2285
3349
3671
6012
6226
2401
2402
2716
3495
4006
5298
6218
2634
2871
3504
4734
5664
4361
4390
2045
2394
3601
3602
3826
3827
3830
4136
5089
5294
6618
2495
5014
5292
6169
6172
2423
2424
3415
3841
6062
5628
6159
6486
6647
4713
4798
5721
5890
5899
6214
6381
2837
3002
4711
5626
2472
4381
4382
6283
6285
2360
2717
3185
3505
3736
5781
1983
2928
3463
3640
4141
5094
5311
6071
6700
2372
2632
2739
2821
3534
3868
5058
3428
3441
3661
4325
4332
6419
2977
2996
3549
4022
4668
4670
4768
2577
4714
5206
5524
5763
5821
5907
5908
6450
6491
2706
2917
3072
3906
4510
5589
5618
5782
5970
6289
6294
2805
2974
3799
4584
4664
5502
5503
5586
6277
6395
2983
3456
4528
2686
2701
3246
3558
3811
4884
4920
2510
4598
5592
5593
6184
6689
2885
2963
3590
5020
6163
6549
6565
2200
2925
3686
5362
6615
2383
2418
4830
5252
5326
6540
6554
2316
3613
4187
6662
2015
4513
5102
5587
5724
6659
2273
3116
4103
4741
3109
3228
4215
5169
2393
3748
5161
5200
5265
5280
6049
6053
6077
2497
3524
4050
6085
6436
6613
3148
3313
4404
5229
5488
6348
3178
3554
4202
4344
5741
6020
2323
2694
2740
3071
4728
5612
5696
5793
6519
2767
3272
3941
4550
6420
1994
2205
6105
6512
2315
2437
2705
3591
3605
6217
2579
2774
3053
3347
3454
3501
3950
6005
2451
2528
3662
3887
6048
2670
2759
3443
4335
4336
4877
6113
2149
3281
3337
3983
4238
4239
4282
4284
2201
4307
6014
6279
6417
1996
2782
2916
4105
1986
3234
4132
4418
6025
4123
4695
5963
5982
6627
3663
4099
5893
6418
6443
2534
3190
3288
4917
2422
3572
3646
3836
4159
5284
2795
2872
4328
4847
4948
5837
4496
4661
5432
6395
6648
2750
3352
4988
5185
6656
4712
4769
4852
5196
6440
6646
2144
3433
4252
4280
4313
2510
2789
5681
5994
6184
2676
5035
2263
3780
5138
5961
6190
2973
2992
3481
4551
4881
6520
2400
3266
3609
5296
6126
6337
3420
3565
3669
2382
2707
3467
4117
5267
5324
6301
3353
4288
4956
5744
5836
6022
1989
2231
2250
4137
6178
2434
2440
5197
5310
5318
6076
6086
6431
4082
4617
5470
5817
5828
2024
2037
3420
3565
3924
6464
5966
2044
3009
3221
3636
3824
3825
4975
5052
6112
2796
3556
3979
4209
4868
5416
6341
3147
3468
3634
4201
5261
5293
6054
6362
6377
1977
2413
2429
2501
2721
2780
3216
3496
3575
3576
3643
3729
3851
4088
4186
5113
5347
5349
5356
6160
6379
6525
2576
3112
3410
3733
3757
4492
4639
4642
6434
2192
2476
2904
3909
3139
3566
3962
4098
4466
4468
4469
5201
6710
2736
2984
3377
3796
3913
5735
6636
6691
4178
5463
2631
3380
3536
5076
2204
5411
5413
5415
2456
3628
3763
4153
5051
5350
2080
3982
4020
4211
5018
2078
3056
5036
6399
2182
2340
3263
3327
4044
4237
4408
5492
2524
3666
3834
5248
5321
6065
6674
2523
3282
3589
5251
5273
5345
6173
6454
2430
2612
2724
3066
3677
3820
5217
2480
5008
5686
2849
3890
4242
5046
5177
6583
2215
2377
2605
3141
4959
2498
4124
4589
5550
5551
2442
2687
3197
3619
3620
5031
5101
5282
5359
6175
3573
3702
3703
4055
5918
2673
2766
3245
4355
6298
6650
1989
2000
2597
2793
3519
4458
6216
3780
4487
4488
5138
5961
6469
2338
3089
3155
3430
3864
4771
5394
6258
2790
2880
3008
3120
3585
6309
2835
3407
5885
5945
3489
3496
5349
2552
4514
4636
5735
5989
6545
2985
3238
4532
4620
4820
4969
5187
6409
6557
2652
6098
6234
6534
2110
2489
2559
3202
6242
2051
3150
4027
5372
6045
2928
3584
4141
5077
5094
2975
3155
3186
3958
6571
2273
3438
4733
4741
5661
4132
4415
2127
2522
5085
5863
5864
4020
4211
5145
5679
6036
6350
2250
2597
2793
4035
4144
4458
6178
6216
2971
2989
3309
4082
4616
5472
4850
5437
5781
5986
6287
2560
3112
4646
5483
3483
3544
4568
4569
5590
5619
5620
3042
3386
3893
4473
4725
6105
2234
3028
3261
5043
5715
2782
2916
3061
3199
3683
3684
3709
3899
4105
4114
4162
6340
4477
4479
5124
5683
5871
6508
2787
3208
4623
6249
6506
2374
2415
3068
3477
3614
6219
2793
3758
3965
4836
4855
4915
5957
4477
4479
4480
4485
5124
2589
3678
5720
2091
2379
2539
2544
3999
4947
6495
3218
3806
4101
4591
6104
6316
2652
3279
4262
4263
5230
6234
2705
3024
3081
3726
5060
5285
5379
6217
4266
5230
6235
2899
3578
3839
5104
5386
6168
6343
3298
3350
4250
4310
2060
2216
2683
4298
5750
5842
2257
3419
3633
3862
4858
4978
5261
6578
6601
6655
2716
3603
3604
3749
4190
5250
2399
2912
2963
3590
3607
5283
5301
6549
6604
5102
5533
5587
5734
6659
3717
3975
2428
5244
5286
6063
6115
6617
2579
2641
2774
3501
3817
3818
5434
2419
2888
5284
5333
4863
5794
5920
6544
2959
3879
3539
4680
5440
6555
2038
3816
4043
6638
2037
2260
2744
3420
6464
3339
3341
4118
4309
5164
6014
3461
4467
4491
4699
2354
3471
4533
5739
5810
2039
2040
2547
2642
3050
5337
6471
2832
4087
6042
6427
6660
2469
3291
4434
4436
5428
5430
2685
3083
3184
3946
4124
4589
6345
4681
4684
4685
4686
5012
5647
2267
2925
3686
4007
4898
5873
5913
4717
5156
2948
3773
4761
5898
2349
2514
2806
3174
4596
3420
3740
3924
4048
6464
3816
2040
2547
2642
3586
3746
5309
2642
3586
3746
4158
5309
2667
2721
2741
3819
3821
4720
5025
5228
2831
3051
3175
3192
3196
2388
2878
3251
3822
3823
3936
3824
3825
4153
4975
5052
6112
2369
3242
3601
3826
3827
3830
3937
4019
4923
5089
5294
6358
2771
4230
5039
6560
2058
3167
4814
2049
2678
3180
3431
4077
4164
4243
5040
6568
2050
2678
2681
3201
3986
4164
5040
6568
2489
2681
3201
3202
3986
4164
4908
6354
2053
3150
5027
5372
2476
2904
4091
4294
4946
5045
6645
6673
2499
3020
5027
3991
4930
5376
6709
3436
3995
4964
6523
2309
4895
4936
4938
2242
2682
3224
3318
3328
5494
5495
3954
4814
5377
6478
3179
3980
3997
4940
2216
2683
5750
5751
5752
5842
2065
3436
4944
5041
6523
3088
3320
5145
3981
4001
4081
2091
2379
3444
3985
3999
4347
4853
4944
5056
6523
2119
3406
3676
4353
2069
2120
4223
4224
6384
6432
2070
2072
2120
2671
4224
4225
4227
5714
6266
6432
2071
4226
2248
2073
4227
4228
4352
4885
2639
4228
4314
5714
2077
2691
2961
3037
3130
3362
4014
4290
4413
4414
5497
6232
6552
2775
4108
4230
5232
2788
4014
5497
3056
5036
6428
4231
6428
4210
4236
6122
2246
4236
4947
6122
3982
6122
6629
2244
3541
4225
4338
5365
5714
2120
2244
2671
6295
3141
3212
4342
5831
6600
3141
3291
4434
5430
3241
4273
4343
4345
6476
6629
2605
2623
2942
3014
3212
4234
6483
6600
2092
3434
6387
6672
2539
3999
4346
4347
3014
5088
6387
6672
2107
2114
2115
3465
4349
5223
2548
3699
2103
3106
3765
4374
4375
4378
6485
2097
2719
3814
3815
3898
4112
3815
3898
4112
4376
6281
2099
3898
4377
2644
4377
5684
2101
2102
2365
2520
3381
6654
2102
2520
3095
3381
5180
5857
6282
6654
2521
2765
3381
4379
4380
2472
2533
2846
2967
3106
4374
4381
6485
2521
2732
4380
5858
3015
3280
4271
2107
2266
4272
4315
4827
6478
2114
3465
4272
4573
5223
3682
4273
4339
4846
6476
6582
2112
2738
2756
3321
4890
6241
2654
4274
4277
6242
2113
2141
2142
3360
4279
4846
5018
6013
6108
6130
6492
6664
2341
3321
4274
4275
4276
4890
2140
2141
3152
4846
5018
2115
3465
5623
3217
4349
5223
6297
2161
2162
2848
3160
4001
4081
6246
3217
3445
4352
6297
3030
3082
4350
4351
2873
3030
3406
3928
4350
4353
2671
2965
3039
3904
4183
4223
4224
4341
4342
4504
4615
5831
6295
6384
2122
2123
2254
3245
4146
4337
4354
5850
6164
6650
2123
2254
2575
2875
4146
4873
2875
4354
4873
2673
2766
2836
6298
2126
2162
2314
2766
3245
3676
4356
6164
2873
3676
4353
4356
6164
2128
2646
2732
5085
5862
5863
2732
3189
3922
5862
5863
2130
2131
3694
3765
4378
4382
4383
5854
6283
2131
2137
4382
4383
6285
2137
4888
5853
5854
2133
4384
5091
5859
3033
3034
4384
4385
2183
3034
4385
4386
5804
2183
4386
5770
6284
2183
2324
5804
6456
2138
2645
4888
6285
2645
6285
3059
3427
6445
2726
3152
3158
4846
4897
6388
2726
3152
6492
2726
6130
6492
6664
2144
4253
4279
4280
6013
6664
2627
4280
4313
2867
3990
4023
4109
5013
6040
6490
2149
3337
3361
4282
6013
2148
2538
4023
4283
5230
6243
2538
3018
3076
3335
4023
4283
3337
4282
4284
3429
4220
6041
6244
6651
2184
2757
3429
4285
4838
6047
6244
3336
4150
5013
5149
6040
6192
2832
3322
6042
6109
6427
4005
6404
2157
3130
4289
6245
2157
2961
4290
4862
5490
6559
4289
4290
6245
2195
2754
4229
4291
4893
5838
6023
2195
3237
5746
5838
6599
4293
6246
6527
2162
2314
3160
6246
2314
4350
4351
4356
2192
2476
4294
5712
2165
2265
5092
6473
2213
2265
4296
5092
6473
3252
3274
5204
5354
6673
3256
4297
2169
2306
2683
4011
2216
2683
4298
5751
5842
2608
2954
2486
4299
5245
6045
6110
2173
3911
4299
4300
5844
6110
2516
3070
4300
6110
2838
3342
3344
4301
6584
2838
3096
3343
5211
6093
3385
4321
5353
6195
2471
2760
2808
3031
4370
5775
6188
2815
3031
4058
4368
4370
5768
6153
2180
2243
2482
2735
3289
3670
3766
2243
3289
3696
6400
6543
4481
5517
5797
5894
4408
4411
5491
5492
2324
4386
5770
5804
2609
2708
4219
4285
5834
6244
2351
6522
4522
4523
4525
4845
2262
2878
3822
3823
4816
6329
6416
6513
6666
2268
2378
2858
4939
5865
2628
2902
3162
5172
5627
5527
5565
5701
5797
5923
5924
6152
2476
3909
4294
4879
4945
6092
2549
3809
4609
5450
5451
5453
2754
4229
5746
5838
6378
6599
3017
4849
5177
6583
3012
3117
4992
4998
5016
5348
5825
6415
3535
3596
4924
5314
6081
6157
6365
2329
3213
3355
4478
5820
6140
2558
2583
2925
3388
3685
3686
3759
5362
5881
6615
2234
3261
6279
6417
2890
3617
4018
5322
5334
6368
2710
3793
3888
3203
3412
4423
4424
5413
5415
2981
3811
6587
2368
3492
4078
2777
5685
5883
5884
6493
6602
2850
2946
3382
4496
4501
5432
6694
2947
4455
5401
5404
6426
3804
4192
5810
6407
3004
5125
5766
4614
5141
5443
5446
6002
6571
3252
4296
4297
5184
5204
5354
6473
2618
3496
3842
4198
5323
5349
6525
2605
4259
4959
5716
4298
5842
2298
2768
3383
3621
4084
4812
5071
6273
6339
5450
3101
3296
3861
4254
2861
3544
4530
4566
4567
4665
5480
3308
3469
4601
5443
6002
2728
3231
4796
5136
5179
5615
3340
3341
6011
6043
6144
3538
3555
4935
6363
2480
3554
6020
2527
2542
3215
3596
5320
5335
5336
6081
6157
6272
6516
3553
3870
5130
6181
2287
4502
4505
5439
5456
6149
6288
2772
2786
3447
3813
4175
4437
2784
3209
3951
4606
2475
4137
5030
2797
2877
2936
3497
3630
3641
5119
5189
5328
2304
3739
3873
4051
4651
4688
5509
5651
6199
6515
3028
3261
3432
5715
2358
2555
4299
5791
5844
2381
2620
3550
4200
6061
6312
2402
2716
3611
5298
6218
2500
3132
3241
4320
4340
2816
4257
4258
6229
2394
2436
2437
2562
3602
4136
4148
5089
5279
5281
6618
4140
5131
5658
2682
3224
6009
6263
6670
3289
3670
5773
2671
4225
4338
5365
2370
2389
2390
3286
3599
3828
3829
6596
2494
2544
4210
4236
4947
6122
2564
3216
3559
4026
4785
4786
4871
5525
5528
5655
5927
6171
6330
3787
4953
5147
5420
6024
6030
6658
2799
4035
4144
6178
4033
4054
4542
5578
5580
6151
2398
2906
4497
5198
5671
5829
3998
4146
6146
6164
6206
6344
2427
4415
4416
5501
5673
4089
4593
5553
5557
6183
6542
3631
3862
4927
6302
6578
6601
2333
2902
3508
3967
4010
5172
4646
4773
4775
5483
6257
6408
2744
5961
2718
4997
5639
6287
6439
6462
2878
5271
6416
3665
4147
4486
6190
2884
2893
3721
5290
6056
6353
2551
2656
3369
4295
5092
4827
6478
4007
4898
5562
5786
5873
5913
2733
2858
3143
4939
5166
4604
5446
5470
5817
6566
3401
4518
4519
4746
4980
6178
3491
3678
5097
5720
6271
6637
2316
2374
2518
3477
4187
4189
6219
6314
6535
3438
4659
4741
5028
3771
4728
5613
5801
6519
3237
3994
5746
5835
6378
3315
3786
4215
5144
2280
2443
2445
2739
3006
3384
3622
5288
5319
6080
6090
2896
3079
3251
5067
6067
4442
2445
2739
3858
6080
2686
3246
4443
4753
5086
5213
5573
6366
6622
2622
3958
4008
4555
4955
3013
3121
3972
3977
5230
5243
5834
2288
2749
5000
5373
5613
5800
5801
5878
6332
2378
3349
6012
6226
6262
2874
3931
5363
3207
4038
4502
4910
5456
6149
6288
2479
5000
5373
5799
5800
2448
2466
3608
3872
5297
6084
6449
6690
2632
2892
3299
3849
5313
6382
6458
2588
2700
2701
4884
4920
3573
3702
5918
2364
2532
2865
5769
5804
5860
6456
6639
4915
3378
3417
4531
4532
4820
4969
6409
2866
3127
3366
3470
4367
5541
6274
2327
3498
3947
4546
5358
5584
5995
6117
2768
3383
3467
4117
4812
5071
5267
2913
4553
5998
6507
2629
2709
3010
5122
5275
3734
4009
4638
6280
6391
6696
2957
3264
4652
5705
3257
5511
5779
6198
6361
3739
3873
4051
4651
5509
6603
2359
2754
3084
6037
3140
4011
3903
3997
6533
3456
3673
4528
4576
4578
4936
4938
5041
2739
2876
3006
3622
3858
3868
4195
6080
2414
2423
3612
3761
4046
5215
6100
6551
3033
3391
3464
5777
5778
6465
2678
4213
4214
4243
5040
6291
3160
4356
6164
2397
2705
3591
3605
5285
6217
4899
6314
6662
2972
2987
4599
6276
6649
2845
4680
4682
5012
5390
5644
5645
6555
3804
4619
2764
3921
4430
4431
5420
5421
3551
6415
2716
5342
6553
2561
2694
3086
3473
3552
4444
4724
5183
5601
5612
5793
6323
3657
5807
6456
2386
2512
2863
3654
5361
5566
5570
5887
5949
6254
6466
4896
5604
5909
5910
5912
6094
2973
3498
3947
4546
5358
5995
6357
2507
2561
4485
4715
4721
2769
3355
5820
6140
6307
2921
3529
3593
3642
4193
5001
6480
6671
3366
3675
5540
6605
3001
3487
4704
4705
5158
2628
3508
3784
3967
4074
5172
5479
5637
6239
2626
2666
2772
2834
4437
5955
2680
3750
3867
5835
6488
2958
3153
5524
5870
2854
3886
3943
5548
5759
5814
5996
3089
3129
3514
3149
3313
5423
5488
6006
3327
3328
4237
4408
5492
6034
3321
3331
4275
4276
4890
3466
3886
3943
5363
5814
3279
6021
6364
6656
2677
3750
3994
4948
4956
5002
5230
5835
4011
4900
5234
5841
2485
4951
5755
5845
5846
2384
2842
4440
4800
5375
6137
3133
5181
5369
5378
5895
5896
6460
2806
5558
5757
5994
2841
3387
4447
4791
5381
5520
5129
6522
6608
2684
2980
3509
3910
6155
3105
3439
3736
5112
3471
4533
4981
5535
5738
5739
6261
2468
2775
3514
3521
4015
5234
5591
5672
5758
5839
6564
2778
2952
4762
5015
4171
4995
5691
3098
5153
5791
5844
4080
4929
2717
4656
4096
4810
5231
6663
3233
3512
3515
3962
5727
5728
6136
3522
4364
4365
6186
2532
2865
3488
6299
6639
2520
3381
3425
3574
6706
3092
3398
3492
3568
4025
4078
4149
5512
5926
6459
6470
2391
2725
3242
3830
4019
4155
4848
4923
5269
6060
2436
3063
3597
3876
6358
6596
2887
4824
5095
5677
6069
6621
2606
2632
3247
3627
5058
6089
3533
3537
3626
3849
4100
6087
6382
2415
2780
3068
4116
6219
6314
2487
2615
2698
3664
3695
6150
2588
2700
3869
4482
4915
4996
3141
6600
3476
3996
6012
6262
2544
2715
3985
3999
4804
4947
5038
2447
2716
3097
5317
5321
6356
6433
2620
3645
4200
5121
5302
6413
3467
3582
4977
5267
5324
5675
6085
3730
4830
5252
6073
6079
2842
5576
6135
2663
2747
3000
5566
6423
4450
6254
6466
2462
3254
3635
4045
5344
6451
6455
6510
6547
2896
3936
3532
3828
3829
3876
4925
4926
6596
2879
3286
3598
3599
3828
5269
5278
2725
3599
4019
4155
4848
4923
5269
2716
3600
5105
5186
2716
5265
5280
6077
2562
3602
3826
3827
4136
5279
6060
6618
2831
3067
3118
3175
3192
3603
4161
4190
4965
5250
5274
2895
2906
3007
3603
3749
4161
4965
2437
3591
3605
4148
5289
2906
6565
2716
2912
3168
3607
5301
6167
6604
3266
3609
3918
4971
5020
6126
6337
6565
2716
3495
4006
5298
6690
2716
3611
5298
6218
2419
3610
3728
3935
5333
2515
2826
2889
3878
5326
6078
6079
2617
4046
4052
5276
5327
2721
2807
3724
3846
4842
5228
5258
6068
3844
5113
5192
5255
5256
5305
6166
6168
6467
6498
3638
5300
6376
6708
3269
3639
3640
4165
5254
6071
6293
6700
2856
3065
3533
3905
4100
5313
6382
6458
6692
2462
2621
3725
5271
5344
3604
3749
4188
5283
5301
6549
2924
3576
5323
6525
3026
3300
3477
3612
3761
6435
2780
3068
3614
6219
2420
2427
4808
2619
3844
3851
5257
5263
6055
2439
3384
4821
4830
6554
2888
3728
5333
2427
2587
3081
5121
6413
6617
2422
3572
3646
3768
5368
6058
3572
3646
5284
5368
2424
3415
3612
6062
6100
3415
3612
5095
3613
4181
5165
6069
2429
2897
3077
3650
5291
2734
3574
4808
5500
5501
5673
3653
5244
6115
6338
6413
6617
2897
3092
3216
3492
3575
3650
5525
2612
2724
3066
3677
3820
5074
2528
2790
3585
3887
4145
5238
5336
2541
3531
3586
3616
4017
4867
5309
3120
3587
6309
5115
5197
5318
5392
6076
6086
6431
2453
3009
3221
3625
3629
3636
5021
5082
2437
3063
3597
3601
3602
3876
3937
4839
5089
5294
6358
6618
3081
3602
3605
4148
4839
5089
5289
6217
6618
2452
3596
3887
4145
5335
5336
6075
6411
6516
6597
2881
3462
3853
4180
4821
3618
3923
4024
5197
5310
6076
6086
2442
2927
3285
3619
3713
5282
5359
6606
2687
2927
3197
3285
3619
5031
5282
5359
2445
3384
4821
2792
3589
3902
5306
6454
2739
3384
6080
4853
4944
5240
3135
5060
5285
6356
6433
3592
3872
4006
5249
5296
2783
2920
3414
3595
6127
2783
2880
6630
2528
3594
3662
3887
6048
3887
4145
5335
5336
6411
6516
3625
3628
3629
3763
5021
5051
5350
6625
2707
3569
3637
6301
2688
2800
2810
3247
5081
5273
6089
2939
3569
3763
5350
6625
2797
2936
3194
3630
3636
4071
4975
5189
5270
5331
6112
2606
6666
3193
3525
3632
5049
5117
6302
6518
2621
2878
3725
3936
4142
5271
6416
2462
2852
3635
4028
4045
5330
6547
2621
5344
6547
2470
3690
4065
4111
4372
6683
3084
3331
4276
5230
6037
2582
4483
5517
5523
5797
5867
5922
2716
3495
3872
4006
6690
2798
3159
4935
5388
2775
3514
3963
5827
6564
4435
5188
5428
5429
2548
3235
3690
5684
6683
2808
3920
4373
6188
2967
6285
3477
3835
6052
6070
6172
6435
2669
3230
3442
4330
4331
6204
3754
4137
4742
4745
5030
2904
4091
4294
5045
6673
2822
2888
4191
5333
6501
2657
3260
4311
6193
5799
6459
2679
5008
5686
5833
6019
6020
3233
3513
5597
2941
3060
3670
3766
4179
5163
6189
2753
4722
5135
5519
5564
5707
5708
5941
5942
3478
3648
3845
5244
6056
6063
6338
3179
3987
5845
5846
2555
3107
4299
5245
6045
2698
2731
3657
5806
3455
5459
6250
2559
3202
4133
4908
6354
4802
4915
4920
2629
2709
2833
2877
3497
3889
5048
5119
5122
5266
5272
5328
2979
3565
3924
4700
4780
5398
3447
3917
4002
4473
6401
2544
4210
4804
4947
5014
5120
5247
5292
6169
6172
3811
5614
6475
2939
3524
6085
6436
6613
4124
5550
5551
6345
3020
4080
5027
4340
6582
2619
3851
5113
5305
2571
2712
2874
2974
3783
3799
4548
5586
6277
6598
2842
4904
5903
6213
6532
3126
5526
6212
6213
6532
3044
3078
3770
4995
5518
5603
5693
5914
6215
2573
3295
3397
3416
3769
4727
4729
5380
5868
4485
4715
4766
5656
4388
5808
2749
3371
3771
4149
5801
5879
3163
5994
6184
2514
3366
5140
5757
5758
6114
3164
4002
5566
5567
5887
5888
5960
2566
2819
2933
2934
5156
5659
2806
2929
3174
3521
4596
5758
6114
2826
2889
3878
3923
6076
6078
6079
6176
2727
3070
3342
3751
4301
6142
6584
3840
4199
5253
2519
3613
4187
4189
6069
6535
6621
6069
6535
6621
3381
3425
6654
2732
2765
3570
4380
5858
2646
2732
4917
5085
5225
2525
3582
4880
4977
5047
5054
5312
5345
5675
6174
6454
3666
3834
4085
5248
6065
5312
2891
6059
6072
6073
6078
6082
6162
6588
2889
3215
4156
5238
5260
5320
5336
5341
6176
6272
6570
2790
3887
4145
2718
2919
3440
3915
3961
5539
5974
5993
6187
2541
2890
3531
3535
4867
4875
5055
5322
6368
2631
3290
5057
5063
5769
6299
6456
2846
6679
3190
3393
4917
6349
2601
3785
5627
6239
6628
2634
2871
3449
3504
3949
3953
3226
4937
5676
4023
4908
6243
6490
3984
4343
4346
4347
6495
2954
3058
3531
3617
4017
4867
4875
5055
5309
6368
3215
5069
6081
6157
6176
6272
6570
4120
4531
4804
4947
2937
3052
3219
3499
3859
3948
4092
6524
3271
4776
4987
5399
5983
3820
5337
6471
6688
4112
5684
6281
3809
4609
4999
5451
5453
6318
6367
2609
2827
3115
4218
4219
6119
6397
6616
2656
4295
5092
3378
4514
4636
5534
5976
6374
6545
3760
5126
2676
3475
3522
3952
3966
5680
3107
4299
5844
4047
4728
5132
5613
5878
6332
2751
3138
3479
3882
4173
4484
5564
5934
3388
5362
6369
6615
6145
2730
2995
3156
3549
4647
4668
2814
2970
4715
4721
4724
5601
5656
5690
5872
6323
3379
4136
5279
6050
2914
2998
3312
3485
4051
4683
5510
5649
6199
6468
6603
3398
4025
4026
4785
4786
4871
5522
5528
5699
3002
3500
3859
3948
4160
4710
4711
2752
3090
4792
5134
5530
5659
5706
2585
2590
2782
3062
3191
3277
3683
3689
3707
4114
4162
6340
2647
4405
4431
4887
5489
2638
4004
4064
4095
4217
5155
2675
3926
4177
4358
4363
6422
2712
2874
3783
3931
6598
4359
4360
6185
3200
3416
4727
4907
5821
2644
3898
4377
4909
4922
5180
5857
2875
4146
6146
3399
3410
3520
3757
4492
5666
5668
2584
3548
3655
4907
5205
5571
5821
5869
5906
5907
5918
6491
4138
4557
4993
6099
2774
3053
3501
3818
5434
2658
3717
3975
4204
4934
3794
4974
5620
5621
5625
4483
4751
5517
5523
5922
6097
3685
3686
3759
5881
4055
4907
5355
5748
5821
5918
2590
3199
3684
3899
4162
3204
3571
5790
4479
5124
5871
6508
6617
2700
4920
4996
3678
5720
5954
5957
3199
3683
3707
3528
5056
5065
5080
6116
6489
2685
3498
4545
5583
6345
2829
3961
5740
6187
2722
3938
3939
3940
4626
4627
3546
3939
4205
4536
3452
3513
4784
2684
3183
3448
3519
4458
6216
4653
4654
5966
6385
6482
2770
3517
3856
3944
3954
4814
5168
5723
6238
3511
3516
4488
5726
2703
5209
5627
5723
6628
2685
3083
3184
3946
5024
5583
5809
5992
2944
3220
4245
4879
4949
2905
2909
3577
3844
5256
6442
4256
4959
5716
6103
6483
3895
5058
4112
5163
2954
3880
5843
2708
2827
4219
4285
5834
6397
6616
2722
3275
3939
3940
5162
6251
6558
3365
4074
4689
4835
5090
3677
3804
6407
4397
4843
5861
3399
3753
4063
4735
4736
5665
6177
3691
3695
6676
3229
3453
3668
3790
4941
5756
2921
4046
4052
4193
5001
5276
5327
3489
3842
4199
6448
3851
5113
5263
3645
3726
4200
5121
5302
5379
3725
4142
4826
3958
4008
4555
6099
3351
4255
4256
6483
3178
3412
4265
4903
5194
6032
6685
3229
4941
6687
2636
2953
3813
4437
5955
5956
6446
3151
3337
4281
6013
5172
5627
2709
3193
3525
5048
5049
6518
3064
3198
3380
5066
5343
3290
5057
2821
2892
3299
3534
3627
3868
6089
3145
3173
5059
5307
6580
3001
3504
3953
4705
2690
2947
3507
3955
4455
2723
3813
4437
4970
6446
2691
3402
4208
4393
4413
2851
3317
4037
4216
4217
6264
5714
6194
6355
5747
6278
3817
3818
4497
4660
6586
3050
3418
4158
4986
5315
6064
6471
3419
3532
3831
4927
4928
4978
5352
6601
3898
4377
5180
5776
6282
3697
4888
2732
5085
5225
4405
5489
6230
6658
2951
3324
5499
6292
3361
4238
4239
5155
3329
3854
4244
4246
6035
6504
3433
4249
4312
6128
4262
6018
6234
6534
3181
5004
5376
5742
5745
5848
4274
4277
5040
6241
3338
4287
4838
3369
4295
6247
3280
4311
6193
3717
3975
4169
4323
5237
6531
3441
4327
3325
3934
5420
5421
3291
4854
6653
3267
3660
3779
4915
5364
5886
5947
2747
3389
3271
3376
4467
4776
3451
3499
3948
4160
4472
5175
2747
2834
5566
4720
5025
5950
2982
4763
5884
6352
6493
6530
6695
3230
3442
6047
2759
4336
4877
4943
6164
4224
4225
3434
4348
4985
5715
6672
2766
2836
6298
6320
3926
4177
2775
3284
3475
3514
3952
3963
3966
5680
6029
6125
2754
3166
5230
4243
5040
6568
4260
5686
3750
3867
5835
6488
3202
3986
4109
4164
4908
6490
3224
3318
4410
5494
5495
6009
6670
4298
5750
5841
3183
3509
3519
3910
3942
5408
6155
3184
4124
4545
5024
5583
6345
2701
3246
3558
4053
4443
4753
4883
4884
5213
5573
6366
3197
3620
4084
5031
5282
6175
2800
2810
2856
3065
3247
3627
5273
6089
6458
3752
3860
4723
5521
5565
5937
6396
2945
2947
3892
3402
4014
4413
6232
6552
2716
2886
3802
4272
4575
5462
6303
6478
3473
3711
4444
5612
5793
3151
3337
4281
4312
4866
2776
3801
4565
6211
4375
4913
6680
2731
3657
3664
4909
4922
3869
4915
4920
4996
3246
3558
4884
4920
3180
3329
3435
4244
4914
5032
5033
3673
3891
4576
4878
5209
3522
3952
3966
4364
3081
5060
5285
6217
3072
3359
4509
4570
6294
4117
5267
5324
6301
6311
3013
5834
6010
6616
3193
3641
5048
5049
5266
6518
3782
3793
4498
5780
6287
2935
4049
4706
6209
6225
6634
3931
4737
6598
3111
5017
5698
6171
3542
3989
5042
5151
5357
5748
4804
2852
2912
3051
3168
3175
3192
3297
3495
3600
3604
3608
3666
3727
3837
4028
4045
4188
4190
5100
5118
5186
5248
5250
5268
5274
5295
5301
5321
5330
5339
5342
5346
6057
6065
6077
6449
6690
6701
3736
4656
5781
3915
4679
5639
5641
5993
6187
6462
3814
4922
3423
3424
4702
4703
4709
6208
2753
3216
3819
3846
4828
5025
5228
3939
3940
6251
2786
3813
4916
4970
3050
3066
3258
3418
3820
4986
6471
6688
3597
3599
3937
4019
4923
5269
6358
3152
6388
6492
2926
3070
3342
4301
5150
3563
4796
5179
2741
2813
3364
3490
5561
6546
6637
6644
3156
4665
5481
6280
3657
3664
3695
5688
5771
6398
3189
3681
3922
4380
4917
5225
2858
4248
5166
3331
3574
5673
6706
3100
3289
3766
4179
4372
4526
6691
4107
4163
4221
4222
5385
2756
4213
4214
5682
6241
3534
3858
3868
4195
6080
3071
3901
4453
4861
5193
5696
2813
5228
5718
6546
6644
3270
4752
6271
6637
4053
4883
5961
2940
4454
5606
3458
3770
4454
4694
5529
5606
5695
6631
2834
3000
3389
4756
5566
5719
5955
6423
5951
3371
3771
4149
5801
3279
4988
5230
6021
6656
3479
3882
4173
4476
4840
5202
5564
5568
5657
5934
6138
3772
4792
5134
6308
6412
3216
4722
4828
5111
5519
5698
5941
3166
3974
4229
5230
5746
5838
6378
4355
4890
5682
3429
4838
6047
6244
4230
6560
2969
3022
3764
4335
5241
6026
6164
6247
2808
2815
4369
4370
5775
4375
5851
5852
6642
3657
5806
5807
3563
5605
6253
4406
4428
4430
5421
3391
3570
5778
3245
3676
6650
3272
3941
4540
4622
3285
3383
4117
4812
5267
6311
6339
5136
3075
3856
4895
4936
2775
4108
3813
4002
4175
4437
5960
3093
3679
5023
5600
5610
5790
5936
6139
2946
3053
3382
3818
3222
3514
3963
4108
5232
5234
3801
4565
5685
5884
6493
6602
4762
5015
5763
5908
6450
4843
5806
5861
3068
4116
5347
6160
6314
2930
3005
4518
4748
4980
6129
3061
3062
3277
3688
3689
3709
4105
5208
5952
6331
2920
3414
3595
5389
6127
6630
6708
3209
3382
3816
4501
4606
2910
4395
6031
3447
3812
3813
4175
4916
6401
3208
4623
3871
4014
5497
6232
2986
4544
5558
5681
5994
3585
5238
6309
2837
4957
3620
3621
3902
5306
6175
3965
4144
4855
6216
3517
3891
4527
5168
5723
6238
6142
3325
3934
4419
4420
5409
5416
6024
6517
2936
3630
4975
5119
5189
5331
6112
3555
4935
5388
2930
3005
3561
4035
4740
4747
2810
3065
3627
6089
6458
5024
5583
5809
5972
5992
3122
3503
3545
4104
4185
4625
3783
3805
4548
4583
5586
3078
3770
5529
5695
6496
4583
4584
5502
5503
6315
2929
5558
5559
5757
3131
3846
6068
4370
5767
5775
3332
3361
4245
6013
6108
2856
3065
3247
3905
5081
5251
5273
6458
4760
5137
3731
4690
4692
5653
3490
5228
5718
6644
4724
5690
5691
5872
3031
4368
4369
4370
5774
6153
4257
4258
4889
5003
6098
3407
3716
3774
5902
6101
2969
3764
4293
5849
6527
2933
2934
6326
3075
3187
3518
4629
4630
4631
3299
3849
3868
6087
6382
5316
5333
6501
6698
2972
4033
4060
5980
6276
2908
3560
3663
3667
4099
5137
3484
3712
4102
4194
4967
3878
5116
5392
6076
4218
4219
4220
6119
6397
6616
3169
4663
4737
5212
3915
3961
4367
5740
5812
6187
6287
3755
4760
5128
5137
3067
3118
3196
4087
6042
6109
2883
3889
5100
5103
5339
5719
5955
2931
5126
5885
5945
6298
4957
5175
5626
6497
3096
3343
4322
3276
3318
4410
4411
5371
5491
5495
2881
3853
4830
5062
5252
6074
6641
3133
4791
5381
6135
3126
4440
4447
5903
6135
6137
6212
6213
6532
4834
4915
5720
5957
3992
4091
4946
4655
5178
5644
5645
3883
4140
5795
5796
3981
4081
6246
3890
4037
6143
2946
3817
3818
4496
6694
3317
4037
4216
6264
3297
3635
4028
4045
5330
6547
4147
3886
3943
4547
5548
5759
3069
3680
5599
5876
6181
3065
3905
5251
5313
6458
6692
4904
5903
4248
5166
4010
5370
5535
6261
6268
3776
5700
5882
5925
5935
4503
4530
4566
4567
5442
5704
5710
5944
5361
6254
6405
4457
4742
4905
5777
5803
5860
3127
3366
3472
5540
5541
6274
3076
4023
6040
3054
3278
3512
4456
5407
5212
5667
5730
6154
3488
4918
6299
3504
3949
3953
4708
4733
4079
4815
4979
5093
3676
4350
4353
4356
3783
3931
5363
5814
4146
4873
3006
3622
3858
6080
6335
3497
5048
5119
5189
5266
5328
3822
3823
6416
3286
3494
3598
3599
4155
5161
5200
5269
5278
3008
3137
3462
3853
4180
5062
6641
2898
3837
5262
5346
6633
5103
5119
5268
2893
3026
3157
3721
3761
3832
5290
6353
6163
6565
4972
6668
3477
4824
5095
6069
6621
3836
4191
5284
5333
6501
6576
3878
3923
4156
6078
6079
6176
6570
3617
4875
5322
6368
4156
6059
6072
6078
6082
6162
6588
3299
5313
6382
6458
2921
3593
4193
5290
6056
6671
3145
3584
5064
5078
5332
2906
3007
3118
4161
4965
3079
3251
3282
6067
3614
3650
3837
3643
4088
4186
5104
5199
3489
3722
4992
5016
3103
4557
4594
5246
5557
6183
4635
5172
5370
3376
3753
4068
4465
4470
5663
5665
5983
6225
5045
6673
3027
3577
3843
3067
3118
3195
4161
4965
3004
3200
3710
5607
5868
6328
3061
3560
3663
3667
4099
4758
3844
6442
4395
4403
5485
6031
3309
4616
5019
5469
5818
5828
3168
5295
5301
6167
6604
3303
3933
5467
5998
6319
6507
2998
3312
3485
3743
4683
5646
5649
6199
6200
2957
3264
6370
4105
2999
3072
3658
3906
4510
5589
6289
3054
3791
5231
5402
5404
3440
3961
5162
5383
5539
5974
5993
6274
6421
6558
3414
5332
6127
3157
4052
4193
5290
5327
6671
2945
2947
3136
3506
3919
4778
4779
4449
4725
5577
5893
6526
3576
4198
5191
5287
5323
6525
3686
4007
4898
5362
6615
3070
3096
5150
5245
6514
3619
3620
3713
5101
5282
5359
6606
6707
3463
4141
5094
5559
6114
3005
4747
4980
5709
5945
6182
6389
3045
3508
3956
4062
5725
6268
4481
4789
4795
5156
6326
4852
6209
6634
3194
3630
3636
4071
4975
5189
5270
5325
5331
6112
4092
5201
6524
6573
3320
3330
3569
5350
6625
4454
4694
3060
3766
4179
6016
6017
3791
4489
4781
4782
5221
5404
6260
3360
4245
6108
2947
3919
4122
4779
5401
3382
3818
4122
4761
5898
3792
4494
4640
4641
6179
6703
3047
3540
3855
4176
4570
4571
4572
5618
5622
3324
5499
6025
3265
3701
4751
5719
5955
5956
3058
5234
5752
6509
3355
4760
5958
4085
3264
5705
5826
6370
3004
3232
5524
5607
5870
6328
3516
4671
3718
5239
5516
6619
4290
4414
5490
5513
3296
4254
4286
4307
5832
3590
3607
5020
6167
6337
6565
6604
3125
3172
5594
3142
3539
3672
3957
4094
4183
4504
4615
4902
5390
5468
5818
5828
3696
3698
3700
6095
3693
4388
2978
4755
5709
6182
3160
3764
6164
4721
5207
5601
6323
2989
3810
4616
5469
6390
2987
4033
4060
4599
5980
6276
3481
3498
4545
4551
4881
4960
6357
3783
3799
4548
4583
5502
5586
6277
6598
3186
3482
3969
4561
6210
4562
4563
4564
6001
6123
3562
4022
4768
6643
3480
4452
4828
5203
5608
6182
6256
3566
3924
4780
5403
6259
6710
3509
4783
5406
6155
3042
3756
3812
6587
3390
3708
3875
4952
5883
5940
6352
6695
3456
4529
4579
4856
5391
5632
3377
6305
6636
3238
4620
4820
4969
5187
6409
6557
4543
5681
6640
4139
4599
5594
5980
4549
4960
6357
6430
4616
5472
5473
6390
3810
6320
6422
3208
3546
4205
4632
5176
5216
4120
4634
4881
6267
6520
3146
3171
3250
4649
5508
5636
6207
6453
6667
3735
3739
4051
4669
5510
6441
6468
6603
3156
4665
4668
6373
6457
6574
3562
4022
4166
6222
3411
3740
4048
4127
5400
6444
3312
3485
4051
4651
5510
5651
6199
6603
3072
3292
3658
4510
5010
6289
5566
6423
4705
4160
4711
5175
3108
3110
5560
5880
3232
5125
5607
4747
4980
3622
3858
5288
5319
6080
6090
4965
6163
3137
5303
6048
3221
3636
3825
5021
5082
6112
3147
3525
3633
4858
5049
6091
6377
6655
3613
3651
5165
5233
6662
3652
4998
5347
5348
5825
5230
5243
5834
6010
6616
4234
5088
6387
3280
3720
6193
3227
4121
4330
4331
5382
3320
4005
4269
5177
6404
3076
3333
3334
3335
4283
6038
4232
4233
6121
6248
6278
3150
4080
5027
3253
3914
4316
4319
4897
5830
6156
4334
5007
6205
4302
4336
4877
4942
4943
6027
3135
3550
3726
5060
5379
3610
3728
3747
4844
4876
6477
3157
3300
3477
3761
3832
6435
3577
3843
5227
3432
4985
5715
3217
4228
4314
4349
4885
5223
6296
3082
3928
4350
4351
4058
4370
4373
6188
4058
5768
6680
3034
6465
4385
6465
3403
4208
4390
4393
6386
3102
3460
4392
4394
6230
4414
6552
4423
5022
5414
5516
6619
4433
5425
5426
4093
4151
6202
3108
3398
3777
5700
5880
5882
5928
5929
3756
3812
4473
6401
6587
3744
4471
4698
6225
6360
3069
3770
5599
5603
5692
5693
6215
6322
4062
4643
4644
5725
6620
3734
3795
4009
4639
4859
5477
3359
3540
3855
4032
4495
4507
4571
5454
6632
3085
3273
4574
4963
5459
5461
5534
6652
3134
3368
6240
3418
3820
6471
3175
3192
3196
3219
3499
6524
3382
3454
3951
3278
3791
4489
5231
3187
3502
3964
4104
4625
5041
4823
5034
6399
6635
3058
3229
3880
6111
3099
3229
5234
5756
6111
3427
4389
6447
6624
5163
3709
4114
3689
4172
3597
3876
3937
6358
3198
3380
5105
3905
5251
5313
6458
6692
3258
3820
5074
5329
3118
3195
3196
3380
3536
3603
4161
5076
3614
6219
3680
3687
3711
5599
5693
3342
4301
5245
3086
3165
4453
4861
5612
5696
6519
3658
4509
3244
4585
4586
4587
5546
5548
5555
5759
3888
5431
5433
5731
5780
6699
3187
4631
4895
4936
3335
3336
3557
4023
6040
3650
3833
5247
5286
5291
5292
6115
3770
3932
4995
5518
5529
5654
5787
5914
5915
6215
6496
3459
6067
3170
3510
3959
4653
4958
5441
6482
5121
5302
5379
6217
3280
3928
4271
3184
3946
4124
4589
3331
5747
6037
4574
5534
6652
3165
3552
5183
5612
4376
5684
6281
4210
5145
3129
3155
5827
4726
4762
4896
5604
5659
5706
5910
6094
4549
4551
3492
3650
5525
5697
5926
3094
3124
4829
5617
5930
5936
6369
6393
3571
5610
4380
5776
6282
5150
6093
6514
3529
3642
5317
5321
6674
4764
5153
5531
6134
3229
3790
5234
5756
3696
3296
4254
4889
6228
3538
4392
3154
4043
4594
4595
5556
5557
6461
6638
3293
3754
4742
4743
4845
3161
3170
4502
5112
5439
4374
6248
3777
5560
5700
5880
5882
5925
3228
3316
4215
5169
6263
4441
4757
4790
5521
5560
5880
5923
3138
5017
5698
5707
5941
3733
4639
4642
5477
5483
3366
4539
4540
4622
5543
5544
3745
5660
6180
6325
4218
6010
6397
6616
3738
4103
4637
4658
4667
6383
6581
4992
5016
6415
3195
3536
3603
4161
4965
3557
3885
4286
5148
3587
6309
3352
3972
3977
4075
4426
4950
5230
5243
6521
3503
3545
4185
4625
6503
3432
4250
4310
3388
4829
5930
5931
6369
3172
4546
5995
6357
5526
6212
6213
6532
3546
4536
4632
5541
6274
5125
5562
5785
5917
3514
5827
3362
6245
3615
3846
5259
6068
4320
5369
5378
5381
5895
5896
6460
3368
3550
3726
4886
5060
5285
3506
3919
4096
4778
4779
4810
4987
3638
5068
5300
5303
5135
5564
5698
5707
5942
3566
3656
3962
4780
5403
6710
4011
4959
6600
3957
4902
5390
5828
3996
4129
4939
3243
3784
4643
4645
4882
5479
5072
5307
5332
3250
3292
3873
4126
5508
5509
6515
6667
3838
3848
4201
5275
6054
6091
6362
6377
4404
4417
4421
5229
5514
6233
6548
6623
3313
6006
6348
4027
5027
3337
4281
4866
4070
5689
5870
5911
4594
4961
5556
5815
6638
6571
4125
4665
4668
5480
5481
6373
3761
4046
4052
5290
5327
3682
4339
4846
5388
6164
6246
3742
4502
4910
5112
5439
6149
6327
4083
4633
5629
6575
6001
5361
5567
5572
5887
5888
4453
4861
5183
5612
5230
4317
4906
3608
5295
5297
6167
6604
3737
4106
5212
6220
4958
5439
5441
5442
3250
3873
4803
5482
5484
5598
5636
6667
5813
5995
6649
5059
5073
5307
5389
6072
6082
6162
6588
4596
3192
5274
3532
3828
3829
3831
4925
4926
4928
5061
5351
5352
6609
3909
3971
4331
4832
6204
6709
4344
5741
6685
3857
3980
3987
4940
5845
5846
3431
3435
4077
4305
5032
5033
3971
4832
5742
5848
3220
4157
4945
3448
3519
3910
4458
4124
4589
5024
5583
3482
3958
3969
3518
3930
4104
4185
4936
5041
3283
3693
6679
3288
3922
5862
6569
3288
4917
5772
6349
3705
3900
4114
6704
3603
5250
5274
3525
5048
5049
5117
6518
3630
3636
4071
5082
5270
6112
3536
4161
3620
3621
4084
5031
6175
3380
5066
5105
5343
3684
3899
4162
5821
3202
3986
4278
3986
4908
6354
4423
4424
4854
5022
6589
6653
3571
5610
5790
6139
4491
6102
6380
3426
3700
3866
6095
6400
6543
4038
4692
4910
5457
6149
3938
5216
6506
3454
3523
3951
4606
4677
5452
5638
4731
4775
5397
5964
6306
6440
3255
4499
4657
5779
6537
6581
4341
5831
6600
4203
4478
4994
6140
3359
3658
3743
4495
4509
6200
5069
5320
6081
6176
6272
6570
3575
5111
5167
5525
5927
6330
4228
4349
4352
4885
6297
3806
5552
5585
6104
6316
3512
3962
6524
4073
4157
4949
5679
6350
3629
3825
5021
5051
5052
5039
3647
4168
5284
5368
3316
5169
5494
6009
6670
3807
4076
5545
4937
4121
4267
5743
6500
3316
4895
6009
6263
3790
4941
5756
6111
6687
4268
5834
4445
4451
4796
4799
5136
5615
5607
5870
3513
4701
4784
5727
5728
4418
4990
5515
5673
5805
6675
6683
3356
4061
4891
6099
6203
3994
5746
5835
6378
4620
5187
6652
3249
3773
4761
5375
5898
6137
6481
4716
4754
4793
5086
5573
6212
6366
6622
4340
4343
6476
3826
3827
3830
4019
4848
5279
6060
3784
4882
5637
4089
4585
4587
4982
5504
5554
5555
4354
5850
6164
6650
3558
3811
4754
4884
5573
6366
3459
5081
5273
6067
6089
3434
3541
5714
6355
4713
4761
4798
5722
5890
6133
3873
5508
5509
5598
5636
6515
6667
3822
5067
4296
5204
5354
6673
3914
4316
4897
6388
6479
3290
5063
5066
5105
5343
6451
6455
6510
4499
4657
5436
6537
5241
4657
4686
5779
6198
3418
4986
5074
5329
5340
6597
4115
4490
5726
5043
6417
4474
5523
5822
5867
5876
5877
6322
4044
4222
6370
3655
3701
4751
4872
5571
3609
3610
3918
3935
4971
5249
5296
6126
6337
3779
5886
5947
5383
5643
6197
6424
4180
5254
5304
5311
6293
6700
3364
4752
6271
6637
3376
4467
4776
4987
5399
3941
4534
4540
4550
4622
5537
5687
4574
4963
5460
5621
3661
4332
5354
6673
3939
3940
5162
6251
6274
6558
3315
3786
4410
4411
5144
5494
4105
6340
4489
4781
5405
5406
5407
6260
6611
4260
4261
4988
5230
6021
6364
6656
4001
4271
4311
6193
3337
3983
4004
4064
4095
6028
6041
6651
5081
5273
5345
6067
3427
3693
6624
6679
5035
3383
3619
3746
3762
4084
4805
5031
5240
5337
6311
6339
6606
6688
3598
3599
3828
4925
5278
6083
6265
4917
6569
3670
3766
5057
5063
5066
5343
6451
4436
5430
6653
3485
3658
4126
4688
5508
3401
4519
4520
4845
6711
3370
3552
4086
4750
5207
6323
3397
4067
4729
4813
5788
5916
3861
3885
4254
5148
6039
6107
3600
3635
4045
5105
5186
6510
3350
4221
6265
3849
5313
6382
3477
3612
3805
5814
5996
3303
4552
5466
4553
5466
5998
6319
4008
4554
4555
4911
4597
4891
5999
6099
6689
4558
4559
4562
6000
6203
3963
4976
5827
6002
6125
3469
4601
5141
5443
5978
6406
4616
5469
5828
4744
5360
6004
6179
5393
6004
6502
3485
3743
4683
4684
4687
5646
5649
6200
4404
5488
6348
3921
4431
4887
3786
5144
5169
6009
6263
3396
3789
4037
4409
6264
4410
5371
5494
5495
6034
3330
3357
4157
4945
6350
3330
3357
4269
5145
6132
4275
4890
3337
3338
4306
6028
6109
5496
5498
5499
5500
6292
4402
5367
5499
3934
4428
4895
4936
6033
6263
3328
4237
4408
5492
4237
4408
5491
5492
6034
3435
4244
4246
4914
5032
5033
6035
3357
6036
6350
4276
4868
5230
5673
5748
3361
3334
4264
5230
6038
6039
6107
3335
6038
6039
3336
3557
6039
3557
4023
4150
5013
6040
3361
4281
4284
4306
4308
4866
6013
6028
6041
4838
6028
6109
4307
4309
4892
5149
5832
6192
3341
4932
6011
6043
6144
6665
4107
4932
6043
6665
4301
6584
4322
5211
6531
6142
6584
4056
4079
5093
6577
3523
3950
4499
4500
4678
6005
4241
4894
6106
6504
6505
3404
4250
4954
6265
5226
5833
6483
4075
4988
5185
5230
4270
5230
5744
5836
3390
3480
3708
3875
5608
5702
5900
5940
4760
4597
4891
6000
6203
4945
6132
4504
4506
4507
5455
6595
6632
3540
3855
4032
4495
4509
4846
5018
4239
6013
6245
3490
4752
5561
6637
4649
4835
5090
5506
5508
6207
3675
4537
4538
4539
4807
5540
5541
5542
5543
5578
5579
5580
5757
4516
4517
4518
4519
6300
3797
4526
4000
4750
5207
5683
5871
6323
3771
4749
5801
5879
6270
3409
6269
3473
4995
5518
5611
5690
3769
3775
4067
5023
5380
5790
5866
5875
5916
5917
3553
5130
5527
5797
5921
4068
4467
3796
5631
5735
6305
4120
4531
4532
5534
5976
3727
5279
6050
3536
5076
4379
3818
4501
5432
4084
4812
6311
6339
5288
6554
3976
5160
5353
6046
3893
3917
4473
4447
4791
5520
6347
4829
5930
5931
6369
6615
4756
3708
3875
4952
5702
5883
5778
3657
5123
5688
5771
6398
6676
4401
4917
6349
3922
4403
5005
5485
5486
5487
4409
5493
6007
6231
3769
4729
5380
3777
4025
4871
5512
5522
5699
5700
5928
5929
5932
6459
4735
4736
5395
5666
5668
4739
5028
5669
5671
5730
5829
6154
4519
4520
4746
6711
3871
4413
6232
4206
4208
4393
4825
6386
3437
4090
4212
4860
6119
6120
6372
6572
6686
3716
4439
4755
5219
5709
5945
3563
5819
5959
4794
5570
6541
6614
3733
4772
6434
3740
4048
4461
5400
6223
6259
4424
5194
5415
4811
4822
5210
5427
6127
6708
6062
6100
4727
5380
4531
4820
4969
6409
4986
5315
3634
4858
4928
4978
5061
5261
5351
5352
6601
6464
4679
5438
5641
5642
5643
5987
4690
4692
4910
5652
5733
5967
3424
3486
4703
4709
6208
4702
4709
5159
3866
5767
6681
6624
3661
4325
4815
5093
6419
4220
4287
4838
6244
3781
3864
4182
6268
4077
4305
3434
4348
4985
4249
4313
6227
3541
4318
4348
4817
6672
4244
4914
4931
5032
6035
3995
4964
5041
6523
4212
4213
4243
4914
5032
5033
6291
3912
4103
4741
5661
6336
3959
4656
3961
4679
5539
5642
5974
5993
4332
5093
6419
6204
4334
4335
6113
3985
3999
4347
5037
4176
4572
5454
6297
4448
5704
3812
3813
4002
4175
6401
3942
4458
3949
4462
4463
4707
4806
5595
5962
4471
4697
4698
4706
6360
4472
3513
3515
4784
5006
3668
3903
3980
3997
4941
5754
6533
3523
3950
4691
5458
5459
6250
3673
4528
4576
3796
3913
4515
4521
5735
5989
3770
5603
5692
5695
6255
6631
5081
6067
4392
4394
4935
4491
4699
4776
4777
3580
3853
4180
4141
5009
5094
5311
5777
5778
5803
6465
4272
4573
5623
5624
3886
3943
4547
5784
5971
4072
4812
4977
5071
5267
3634
3828
4201
4925
5061
5278
5293
5351
6083
6609
4601
5680
5978
6003
4367
5812
6274
6421
4533
5536
5738
5739
5810
4632
5176
5540
6275
3711
4444
5518
5611
5793
5919
6610
3800
4556
5450
6317
5680
3996
6262
3612
4189
5095
6219
6435
6535
6621
3648
5286
6066
6425
3559
3567
3882
4441
4476
4484
5202
5657
5928
5929
5934
4439
4452
4755
5219
5608
5900
5583
3896
3969
4560
6210
4568
4569
5590
5619
5620
6696
3623
3624
4102
4967
3743
4126
4688
5646
5651
6199
6200
4098
4469
6208
6410
6487
4704
5158
6410
6487
4918
6299
6639
3842
4992
6448
5718
6637
6644
3678
4834
4984
5097
5720
5892
6271
3650
4078
6115
3611
3644
5262
5346
6057
6633
3598
3838
4201
5161
5200
5278
5293
6049
6054
6083
3872
4006
6690
3842
5323
5349
6525
3641
5048
5119
5266
5328
6518
3947
4545
6117
6357
3859
3948
4160
3859
3948
4702
4710
5434
6005
6528
3503
4104
4625
6503
4104
4625
6503
3949
3953
5781
6539
3919
4460
4810
4987
3955
3965
4144
4459
4855
3784
3956
3967
4010
5479
5725
6268
3910
3942
6155
3959
4653
4656
5966
6482
3516
5726
5762
3515
3962
4472
6136
6524
5597
3963
5827
6564
3962
5006
5728
6136
4488
4671
3944
5168
3930
4624
4629
4836
5408
6155
3757
5666
5668
5670
5824
6564
3952
5680
3950
4677
4678
5638
4036
5675
6085
3633
3862
5049
6578
6655
3528
5056
5065
5220
3831
4839
4927
6116
6489
5056
5065
5080
5220
6116
6489
3642
4193
5001
5317
6065
6480
6674
3533
3626
3905
4018
4102
4194
5053
5322
6088
6692
3535
4017
4867
4875
4924
5055
5309
6368
3829
3831
3876
4839
4926
4927
4928
4978
5352
6596
3537
3626
4100
4102
6692
5058
4017
4875
4924
5055
5069
6365
5076
3626
3849
4100
5313
6382
6692
3978
6147
6363
3957
4504
4902
5390
6555
3855
4032
4495
4507
4570
4571
3904
4338
5714
6016
3989
4232
4233
5042
5748
6121
6278
3917
5127
5171
5563
5567
5888
4503
4505
4530
4566
4567
4568
5442
5590
6288
4185
5139
6503
4536
4632
5176
3560
4099
4758
6443
5906
5907
6375
6491
4647
4668
4670
4768
4770
3726
3767
4200
4886
5060
6061
3651
5233
6415
4086
5183
5601
5765
6323
5130
5214
5798
5924
4202
6020
4207
4935
6392
3979
4150
4286
4892
5832
6039
4754
4884
3567
4786
4871
5655
5927
5928
5932
6171
6321
3663
4099
4758
6443
4035
4740
5670
3881
4022
5761
6222
3811
4796
4920
5179
5819
5959
4140
4759
5658
5795
5796
3669
5398
4780
5403
6259
6710
4441
4484
5928
4025
4026
5512
5522
5528
3625
3637
4050
4853
5240
6436
6613
6625
5778
6161
5610
5617
6139
3646
5284
5368
3702
3715
6536
5355
6585
6706
3729
5323
6525
3843
5113
5356
5386
6168
6343
4842
5257
5264
6579
4180
3649
4181
5677
6069
4977
5047
5675
6085
6174
4115
5009
5077
5094
5304
5311
5238
5260
5341
6309
3588
3616
3746
3852
4158
4867
5309
5389
3616
3617
3746
3852
5334
6173
6454
3607
5283
6549
6604
3605
3606
5289
3747
4006
5249
5298
6591
4128
6480
6671
4192
5374
6048
5072
5307
5332
6127
4864
4924
5314
5335
6157
3599
3937
4019
4923
6358
3599
4155
5161
5200
5278
6083
5269
5186
3827
3937
4019
4923
5089
5294
6358
3826
3827
4136
5089
5294
6618
4161
4190
4965
5250
5274
3749
4188
4190
5289
4148
5281
5289
6310
5283
5301
6549
6604
5295
5297
6084
6167
6449
5296
6126
3728
3747
3935
4876
4971
5249
6477
3644
5298
6218
6591
4187
5165
6662
3714
5291
6169
3846
5259
3617
3746
4867
5309
6368
4867
6368
3712
3923
4024
4143
4857
5310
6176
3713
5282
5359
6606
5101
5282
5306
5359
6175
3902
4072
4812
6175
6273
3858
5115
5288
5319
6080
6090
3624
4195
6087
4195
6087
3629
4853
5021
5050
5056
6625
4100
4102
5313
6089
6458
3629
3763
4153
5051
5052
3763
3825
5021
5051
5052
3641
4071
5189
5270
5325
5328
5331
3632
4927
5220
6116
6302
5117
5220
6302
3862
4858
5049
6091
6578
6655
4201
5061
5261
5293
5351
6362
6377
6601
6609
4045
5105
5344
6455
6510
6547
5082
5270
6112
4050
5324
6301
5300
4165
6071
4071
5048
5117
5189
5266
5325
5328
6518
4128
5317
6433
6480
3839
4186
6379
5262
6576
6633
6698
4200
5121
5302
6413
5284
5368
3841
4168
5368
6463
3845
5338
6056
6066
6425
3841
5677
6463
5247
5286
6115
5233
6662
5233
5347
5348
6160
6312
6338
6413
4797
5566
5949
6614
3701
4872
5571
4030
4700
4701
4780
5403
6136
5123
5806
5807
6398
3743
4509
4610
4612
4999
5218
5464
5465
5997
6318
4915
5364
5886
5947
4324
4325
4332
5354
3677
3887
5106
5374
6407
4099
5577
6418
6443
3695
4147
4486
5248
5321
6065
6674
4760
5137
4941
6533
5398
5597
3766
6189
4247
6106
6226
6504
6505
4094
4615
5019
5468
4528
4576
4878
4557
4993
5246
5553
6183
5540
5543
6605
6626
4353
4356
5074
5106
5329
5374
6407
5720
5954
6637
5023
5600
5790
5936
3687
3711
3870
5599
5693
5793
6181
3922
4387
4399
6675
6678
4339
6582
6340
3899
4162
3759
5881
4007
4819
4898
5873
5874
5881
6615
3711
5693
5793
6610
3689
4172
5208
6331
6556
4172
5208
6556
4111
3695
5688
4918
6299
6472
6677
4388
6679
3765
4113
5851
5856
6642
5688
3698
6095
6400
6543
4398
4888
5772
6607
6682
3700
6095
6543
6095
6543
4751
4872
5918
4055
6536
3900
5958
6704
3875
4952
5608
5702
5883
5940
4040
4758
5524
6328
5518
5693
5793
6610
4024
4143
4194
4967
5197
5310
5322
6086
3746
3852
5101
5334
5359
6606
6707
3833
5291
5292
6169
3932
5606
5915
6536
3774
4439
5902
6101
3975
4169
4413
5239
6552
4826
5268
5330
6594
5713
3832
3835
3845
5338
6353
3729
4998
5016
3730
5252
6074
4842
5258
5259
6068
4142
5060
5379
5342
6050
3747
3935
4844
4876
5316
5333
6477
4998
5347
5825
5073
6072
6073
6580
4628
6250
4981
5370
5635
4639
4642
5483
6434
4009
5477
6280
6391
4669
5510
5511
6441
6468
3742
4656
5112
5438
5781
5968
4106
4661
6220
4640
4667
4818
6221
6383
6581
4051
4651
6441
6603
4048
4127
4672
5400
6444
6464
4003
4611
5640
6429
6712
4167
5112
5967
6327
4495
5646
6200
4698
4699
6360
4774
5011
5660
3852
5337
6606
4844
4876
6477
6591
4155
5161
5200
5280
6053
6553
4188
5301
3867
3994
4948
5835
6488
6561
3916
3976
5160
6142
3860
4723
5369
5565
5602
5897
5899
6592
4063
4460
4465
4736
5665
4137
4742
5030
6711
4760
5128
5137
5577
6474
3812
6401
3894
4492
5666
5668
5824
4781
4782
4836
4855
3772
5881
5126
5711
6389
4046
4052
5327
3960
3964
4805
5240
5337
6311
6688
4153
5051
5350
6625
5849
6527
4378
5852
4179
4128
4886
6061
4168
5114
5368
5380
5866
5603
5695
6496
6631
4749
5613
5696
5801
5879
6270
5617
5703
6269
6308
6393
4440
4761
5375
5898
4439
5902
6101
6567
5790
5866
5799
5882
5925
5935
6334
4441
5880
5928
5929
4693
5897
5939
6602
4487
5138
6190
6469
3864
3877
4182
5729
5762
4498
6287
4548
5586
4882
5479
5637
4524
5723
5724
5990
5713
6015
6147
6363
6392
5423
6006
6118
6264
4941
5756
4489
5221
5404
4493
4641
6179
6529
6703
3888
5780
4009
4638
4859
4974
5619
5620
6290
6696
4516
4517
4859
3913
5735
5989
6691
4526
5628
6159
4033
4060
5580
5581
5975
4663
4664
6277
6598
4556
4565
5026
6124
3906
4031
4575
4874
5462
5589
5988
6303
4579
4856
5217
4619
5814
4101
4591
5553
6316
4076
4595
6461
6542
3816
5448
5449
5815
6511
6638
4911
5450
5453
6320
4451
4796
4920
5614
5615
5905
6165
6475
4473
4916
6401
4175
4437
4916
3815
4922
3898
4922
4043
5448
6638
3818
4660
6586
6694
6694
5025
5228
5143
5217
5337
6471
6688
4720
5025
5228
3823
5067
3825
4153
4975
5052
6112
4153
5051
5052
3827
3830
4019
4848
5279
6060
3830
3937
4019
5089
5294
3829
4925
4926
6083
6596
6609
3876
4925
4926
6596
6609
4019
4923
3876
4839
4927
4928
4978
5352
6116
6489
3835
5338
6425
6435
5247
5291
5292
6169
4085
5001
5276
6065
5338
6070
6425
6435
4159
4191
5284
6576
5262
5346
3848
5265
5277
5299
6049
6054
5104
6343
4198
5191
5227
5253
5287
4168
6062
6463
4198
5253
5323
5349
5227
3846
5113
5228
5257
5263
5305
6051
6055
6442
6498
5338
6056
6353
6425
4196
5228
5259
6051
6055
6148
6442
4196
5257
6055
6148
6579
5275
5277
5299
6054
4100
5313
6382
5113
5257
5263
5334
6606
6707
4180
4244
4914
4570
4571
6294
4630
4631
3987
4940
6593
6080
3948
4702
4723
5521
5565
5937
6396
4258
6107
6229
4858
5049
6302
6578
6655
3892
4122
4459
5670
4182
4771
5394
6258
4152
4659
5198
5435
6324
6528
5767
4292
4831
6488
6697
4195
6087
4053
4482
4915
4047
4728
5214
5798
6181
4014
5497
6232
4006
6690
4688
5509
5598
6515
4776
4777
5399
6663
4952
5381
5520
5702
5883
4839
4926
6596
3879
5729
5762
5984
3923
6076
6176
4767
5154
5984
6394
5843
6111
4675
5965
6222
4476
4484
5657
5934
4765
4769
4770
5397
6440
4286
5148
3943
5363
5814
4145
5106
6411
5431
5780
5100
5122
5272
5177
6007
6008
4527
4528
5209
4122
4459
3917
4473
4725
5171
4492
4747
4748
5824
6129
4560
6099
5029
5190
4376
4377
4922
4162
5958
6704
4749
5193
5696
6270
4072
4880
5054
5071
6175
6273
3997
6533
4338
6016
6295
5053
5251
6692
4510
5010
5589
5623
5624
5782
6289
4464
4466
4705
6224
6438
6710
4915
5097
5948
6437
4832
6204
6709
3942
6155
4299
5844
4135
4744
5360
5661
6336
6691
4316
5110
6015
6096
5639
5993
6187
6287
6462
3976
5160
5753
5171
4971
6565
4778
4779
4113
4373
6188
4129
4406
4430
4431
4887
4399
4024
4857
5310
6076
6176
4048
4448
5704
4177
4358
4363
4498
5781
6539
6684
4271
4350
4577
6486
6647
4057
4104
4624
4973
5363
5529
5606
5654
5787
5915
4008
4955
5467
6507
5409
6024
4971
4142
4019
4923
5294
6358
4205
4626
5216
6506
3940
5162
5162
4540
5544
6420
6713
4457
4547
5784
3946
4547
4588
4588
4589
4546
6117
6357
4160
3953
4708
6005
3966
4513
4814
5168
5377
5723
6238
3965
4455
4855
3967
4010
5479
5725
6268
4902
5390
4614
4955
6571
4656
5966
3964
6503
4367
5539
5740
5812
5974
5993
6421
4092
5201
6136
6524
5680
5827
6125
5041
4144
4855
6216
4364
4391
6029
4010
5479
5725
6240
4167
5438
5642
5643
5969
5979
4331
4832
6204
3977
4950
5107
5243
4931
4932
6562
4229
4204
4893
4934
6023
5160
4950
3995
4209
3997
4940
4001
4081
4273
4846
5018
6629
4004
4238
4239
5155
4343
4346
4947
6122
6495
5037
5038
4164
4908
5847
6593
3993
5044
5230
6145
4233
5042
5013
6040
5376
5836
6022
4296
4946
5045
5204
6673
4133
5044
5230
6243
5835
4964
5041
4940
6533
4942
4943
6164
6206
6344
4347
4081
4311
4175
5567
5960
6401
4678
5981
6429
6590
4064
4095
5155
6404
5298
6591
6690
5600
5786
5913
5936
4555
4955
5467
4638
5477
5619
6391
6696
6268
4900
5840
5841
5718
5953
4680
4681
4841
5012
5440
5646
6632
5497
6232
4231
5036
5170
5591
5758
5839
6428
5007
6205
4158
4924
5055
5309
5314
6064
6365
4102
4194
5322
5334
6088
4923
5294
6358
4211
5679
4241
4248
5385
4768
6222
6040
4143
4857
5310
6176
4026
5512
5522
5699
6459
4785
5512
5522
5525
5528
5699
5802
5245
5674
6045
6093
5330
4499
5435
6005
6528
6537
4700
4780
4066
4575
4874
5588
5988
6693
4495
4506
4507
4841
5646
6200
6632
4060
4541
4542
5580
5980
6151
4402
5005
5475
5476
5486
4144
4740
5047
5268
5308
5675
6143
6264
4511
5456
5460
5461
5830
4758
5889
4095
4216
4217
4860
6118
6264
5123
5769
6456
4594
6461
6638
4222
5105
5186
6455
6510
6547
4052
5327
4728
5132
5798
5878
6332
6452
5400
6259
6464
4852
5760
6225
6634
6436
6613
4651
4688
5510
5651
6199
6441
6603
4193
5001
5276
5327
4883
4884
4539
5544
5578
6151
6713
5355
4079
5093
6419
4624
4856
4973
5973
4373
5768
4220
6120
6572
4543
5580
5581
6276
6640
6099
6203
4771
5393
5725
4731
4735
5395
5663
5665
6177
6306
6408
4095
4217
4372
5854
6683
4874
5090
5588
5988
6359
6693
5788
5916
4467
4470
6225
4320
5206
5911
5082
5270
5325
4880
5054
5071
6273
4949
5679
4524
4689
4835
5637
5724
5990
6239
5185
5230
5741
6521
6685
5545
6542
4305
4815
4979
5093
6577
4169
4323
4929
4617
5472
4580
4581
5629
5632
5633
5635
6575
5031
6339
5276
4453
4861
5696
5765
6042
6660
4186
5199
6379
4592
4593
4982
5366
5553
5554
5555
6183
6262
4294
4946
6524
6573
4151
4434
5188
5429
4615
5468
4216
4217
4860
6118
4778
4810
5231
5593
5681
6184
6640
4468
4469
4704
6410
6487
4758
6418
6443
5313
6382
6692
4138
4591
4993
5553
4194
4967
5322
6088
6692
4637
4741
5474
6336
6383
4185
4625
6340
4661
4663
4664
4163
4221
5385
5232
4164
4908
6490
4645
4676
4803
5482
6563
4372
5856
4162
4490
5726
6376
6708
4899
5173
5233
6160
6314
4812
5267
5324
6301
6311
5164
6014
6194
4531
4636
5976
4330
4331
5743
6500
4460
5666
5668
5963
6627
4589
5550
6345
4665
6373
6457
6574
4688
5508
5651
6515
4671
4672
6444
6464
4886
5317
6061
6433
6480
4406
5383
6251
6424
6558
4603
5083
5471
6406
4415
4865
5109
5500
5501
5044
6354
4719
4795
4912
6326
4744
4774
5360
5660
5279
6618
4745
5030
4591
4993
5999
6099
4600
5594
5980
4759
5131
5658
5796
5094
5311
4857
5310
4740
6216
5238
5335
5336
6411
6516
6146
5289
5879
6270
6470
4286
4892
5013
5832
6040
5188
5210
5425
5427
5429
6202
4658
4659
6324
5051
5052
5214
5560
5616
5798
5923
5924
6334
4848
5098
5161
5200
5269
6053
5260
5320
5341
6059
4945
6350
5309
5315
6064
4191
5284
6576
6633
4711
5175
4965
4870
5385
6490
6568
6293
5029
5507
6222
5967
5968
5969
5114
5215
5368
6062
6100
6463
6551
4323
5237
4641
4648
5505
6529
6703
4718
5654
5691
5208
6556
4840
5564
5934
6423
4437
5960
4570
4571
4572
5618
4363
4364
6186
4911
5453
5062
6293
6641
5677
6069
5394
5729
5984
4504
4615
4427
5417
5418
5419
6201
6342
5139
5199
6379
4189
5301
6535
5250
5274
6501
6576
6698
4197
5303
5374
6407
5001
5276
5327
6671
4967
5322
6088
6087
5257
6051
6055
6148
5068
5303
5253
5287
5323
5253
6448
5121
5302
6061
5261
5293
6054
6083
6362
5185
5741
4994
5819
5820
6140
4326
4934
5384
6196
5216
4436
4811
4825
6619
4393
4825
6386
4868
5145
4213
5682
6291
4214
5682
6291
4277
5040
5682
6241
6291
5144
5169
4217
6264
4950
5107
6010
6119
6342
4285
6244
6397
6616
6244
6651
6384
6432
6432
4227
5365
5714
6266
6432
5713
5714
6266
6432
4314
4885
6296
4291
5838
5232
6560
5170
5839
6428
5748
6121
6278
6121
5088
4255
5043
5088
6279
6417
6122
4239
5155
4282
4870
4248
4894
6106
4945
5046
5033
6291
4914
5032
6108
6035
6226
6504
6505
4894
6106
6226
6504
6505
5166
6096
6227
4310
6096
6227
6479
4253
4280
4280
6130
6664
6228
5226
6228
5716
6020
6103
6483
5003
6098
6229
4344
4959
5716
4261
6364
4263
6234
4264
5230
6038
4425
4968
6521
6685
5230
6131
6235
5382
5382
5834
4849
5002
5230
5744
4573
6303
4846
5018
6476
6582
4276
4276
5230
4278
5040
6241
5040
6013
6664
4866
5230
6038
6244
4892
5832
4838
6028
6041
4948
4956
5744
6022
4414
5490
4893
5838
6023
4326
4831
5235
6488
6697
6246
6527
5146
5712
5092
6247
5204
6473
6673
5184
6473
5844
6110
6110
5150
6584
4942
6344
4304
5353
6195
5353
6195
4308
6427
5164
5832
6014
4866
5149
6128
6296
4827
6015
4318
4906
4897
5182
6156
4809
5353
6195
4979
6577
5237
4325
4815
4815
4934
5235
5384
6023
6697
5235
5384
5676
6196
4831
4847
6022
4331
5743
6204
4937
5354
4809
5007
4877
6164
6206
5714
6016
4846
6476
6582
4342
5831
5831
4345
6122
6476
4959
6629
4347
4985
5715
5223
6296
6297
4351
4356
4885
6297
4356
4355
5850
6650
6298
6650
6164
6170
4363
6170
6185
6422
4360
4432
4433
6185
6185
4391
4365
5096
5444
5473
6186
6422
6029
6186
4602
5096
5444
6003
6186
4981
5536
5635
5810
5812
6274
5774
5855
6153
4370
5774
5775
5856
6188
4375
4913
4913
6281
6283
5776
5858
6283
6485
4383
6283
6285
6285
4385
5091
6284
4386
6284
6284
4399
6607
6678
5808
5865
6624
4837
6029
6705
4935
6386
6230
6031
6538
4953
6538
4843
6150
5865
6678
6445
5772
5865
6349
5005
5147
5367
5475
5485
5487
4421
5488
6623
5489
6230
6658
4430
4431
5490
5493
6559
5371
5491
5492
6034
5493
5371
5494
5495
5371
5491
5495
4839
5087
5498
6552
5513
4416
5500
5501
5501
5673
4421
5239
5411
5514
4990
5515
6025
4420
4990
5409
5410
5412
5409
5412
6517
4429
5411
5422
5514
6623
4429
5194
5411
5413
5415
5419
5022
6589
4854
6653
4426
4968
5417
5418
6521
6685
4950
4968
5417
6521
6685
5419
6201
5421
5411
5419
5422
5424
6201
4431
5421
4887
4433
5210
5210
5425
5188
5428
5430
4811
5427
5429
5430
6619
5133
5181
5895
5896
6252
6460
4730
5219
5900
5901
5902
6567
5375
6137
4757
5657
5880
5928
5929
6522
6608
4753
5213
6212
6622
4724
5611
5690
4451
4799
5904
6165
5157
6546
4791
6135
6347
5704
5893
6657
4796
5614
5904
5905
6165
5203
5608
6256
6530
6695
4861
5183
5696
4694
5606
6631
4855
4783
5407
5030
6216
4740
5670
4736
5666
5668
5983
6223
6259
6223
5595
6224
6438
6710
5663
5665
5983
4468
4704
5158
6710
4699
4776
6710
5201
6208
6410
6487
5662
5760
6225
6225
6360
6401
5523
5797
5876
5877
4756
5530
5202
5387
5657
5934
5938
4479
4480
5124
5683
6508
6140
4480
5124
5683
6508
4485
5124
4789
5797
5894
6214
4915
4751
4788
4872
6255
5934
4715
4766
4983
4487
5070
6190
4488
6190
6469
5726
6469
4781
5221
5404
6260
5726
4699
4777
6102
6380
4748
5824
6129
4641
5478
6179
6529
4637
4640
5474
6179
6383
6703
4841
6200
4661
5432
6694
4660
5198
6287
4500
4657
5436
6005
6528
6537
4678
5436
6005
5432
5447
6286
4505
5439
5442
6149
6288
4530
4566
4958
5441
5442
5195
5455
4530
4958
5439
5442
6288
4507
4571
5195
5454
5455
6595
6632
4571
5195
5454
5455
6595
6632
4691
4692
5457
5458
5459
5461
5010
5589
6289
4569
5456
5460
5461
5621
4859
5783
6290
6300
5587
5723
5724
6659
4636
5735
5989
6545
4521
5989
6300
4517
4859
6300
4518
6300
4519
4746
4980
4520
4746
4980
5989
4525
4525
4743
4845
6240
5724
5990
6159
5168
5209
5723
6238
4629
4856
5391
4566
4567
4568
5442
4532
6409
4820
5534
6652
5535
5739
6261
4535
4621
4622
5537
5538
6249
4969
5537
5538
6274
5540
5542
5540
5542
4540
5544
5578
5579
6713
4622
5543
5544
5980
6151
6713
4807
5578
5579
5580
5558
5581
5582
5994
5583
6345
5995
6357
4588
5784
5586
4550
4600
5687
6430
5687
6430
4881
5466
5998
4555
4911
6099
4993
5246
6000
4562
5816
6123
6203
5816
6210
6210
4563
6001
6123
4564
5678
6123
5678
6211
5026
5678
6211
4567
5442
4568
5480
5590
5619
6696
5590
5620
4571
5618
6294
5195
5454
5618
5454
5618
5622
6297
5623
5624
6303
4963
6374
4874
5377
5462
5533
5588
5988
4578
4878
5736
5737
5971
5991
6486
6647
4878
5629
4856
5632
5633
4581
4582
4619
5633
5634
4582
5222
5635
5222
5634
4584
5502
5546
5586
4605
5447
5502
5503
6315
4586
4587
4982
5504
5546
5555
4587
5546
5548
5759
5996
5547
5548
5549
5554
5555
5759
5547
5549
5550
4989
5551
5585
6104
5549
5554
5555
5366
6542
4595
5556
5557
6461
6638
5557
6461
5994
4891
5999
6000
6099
6689
5592
6104
6276
6649
5594
6430
5443
5978
5444
5978
6003
5083
5445
5471
5817
6406
5467
5470
6319
6566
5447
6315
5448
5452
5997
6511
4608
4961
5242
6317
4609
4961
5242
5450
5451
6317
5242
5450
5451
6317
4612
4999
5242
5449
5465
5997
6318
6511
5463
5464
5640
5977
6712
4677
5218
5464
5465
5640
5997
5463
5977
6494
6712
4955
5446
5467
6571
5468
5469
5470
5471
5472
5817
5083
5471
5472
5473
5633
5634
4627
4962
5187
6557
5538
6557
5543
6249
5543
6249
4629
4973
5391
5216
6506
4962
5187
6557
6251
6424
4630
4631
5176
5629
6575
4636
6267
6520
5370
5976
4640
5474
6336
6383
4859
5619
6290
6391
6696
4642
5477
4666
4818
5474
6221
6383
6703
4648
5484
5505
6529
6703
5477
4645
5725
5478
5484
6563
6620
4676
4803
4882
4647
5483
6257
6434
4668
5484
5505
6529
6703
4676
5506
5508
5636
6207
6453
4652
5029
5507
5705
5826
4688
5509
5651
6199
6515
6603
4654
5705
4654
6385
6482
6385
5178
6429
6590
5966
5779
6537
6581
6324
6581
5671
6154
6586
4664
6220
6395
5781
5986
6287
6684
4664
6277
6598
6277
5480
5481
6373
4818
6221
6383
6441
6703
4669
6581
4670
4818
5511
6221
4768
4672
5595
6444
6464
4674
4697
5596
5596
5982
6499
6627
5965
4803
5482
5506
6207
6453
5452
5465
5638
5640
5638
5641
5642
5993
6462
4681
4682
5012
5440
5644
5645
5646
6555
6632
4682
4685
5012
5647
5648
4685
5012
5644
5645
5648
4684
4687
5646
5649
5650
6200
4686
4687
5647
5649
5650
4686
5012
5644
5647
5648
5647
5648
6198
6361
5510
5649
5650
6361
6468
5509
5651
6199
6515
4835
5637
4692
5652
5653
5733
6197
4692
5458
5457
5458
5652
4723
5897
5939
6138
6602
4788
4872
6255
6631
5963
4706
6627
4706
6360
4780
5398
6136
4703
6208
6573
5158
6410
6487
6224
6438
6225
4708
4806
5962
6180
4732
4733
4806
6180
6487
4711
4852
6643
6646
4798
5721
5722
6381
5206
5763
5908
6450
6491
5656
5872
4793
5086
6212
6622
4912
5156
6326
5654
5691
6351
4795
4912
6133
6381
5025
5950
5207
6323
4828
5519
5941
5602
5897
6138
6602
5601
5611
5690
6105
6526
4896
5532
5604
5874
5881
5933
6094
5868
5132
5613
5793
5798
6452
6519
4813
5788
6347
6567
5662
6177
6306
6408
5661
5028
4738
5664
6346
4736
5395
5665
6177
6408
5666
5212
4739
5664
5669
6346
5664
5667
5669
5730
6346
5670
6336
4743
5030
4845
4774
5360
5660
6004
4746
6711
6178
6129
6129
5193
5696
5879
6270
5207
5683
6323
5097
6271
4883
5213
5086
5573
6366
6622
5219
5709
5530
4790
5521
5657
5880
5923
5937
4764
4863
5658
5795
5137
5375
5898
6133
5015
5763
5764
5908
5910
6450
5519
5708
5943
6256
6530
4863
5531
5658
5795
6134
4983
5011
5154
6325
6394
6643
5397
6440
6643
6646
4775
5397
6257
5393
5394
6258
4773
5395
6434
5395
6408
6434
5011
5396
5660
6502
5397
6257
6306
6408
4777
4987
5399
5399
4779
5401
5402
5401
5402
5403
4782
6260
5405
6260
5406
5407
5006
5727
5728
4786
4871
5525
5528
5655
4871
5655
5927
6171
5207
5683
4872
6255
6631
4795
5521
5560
5616
5923
5134
5530
6308
6412
5086
6212
6622
5570
5721
6214
6381
5179
5615
5905
5949
6541
6614
5722
5890
5128
5569
5904
6474
5378
5576
5722
6137
6481
6414
6567
4915
5482
5484
5598
5636
6453
5240
5337
6311
6688
5154
5962
6180
6325
6394
5578
5579
5580
4833
6195
4987
5231
5399
6663
4822
5071
5267
6273
6339
5766
5788
6484
5093
6419
6329
6513
6666
6221
6383
6441
6703
4896
4898
5873
5874
4969
6409
6652
5210
5427
5034
6635
5095
5677
6069
6621
6619
6478
5203
5519
6182
5931
6393
5252
6074
6641
4847
5235
5676
5848
6709
5184
4915
4984
5720
5892
5090
5734
6359
6659
5408
6029
6705
6244
5079
5087
5089
5294
5498
6489
5564
5568
5708
5934
5943
5440
5646
6200
6595
6632
5264
5861
6150
4876
5316
6591
5018
5098
5269
6053
6060
6403
6132
5437
6287
5717
5823
5946
5196
5760
5964
6209
6634
6646
4944
5050
5056
5240
6625
5022
6589
6653
4973
5391
5811
5973
4875
5069
6081
6176
5261
6091
6362
6377
6578
6601
6655
6290
6300
6391
5423
5424
6118
6201
6686
5193
5696
6007
6008
6231
6559
5658
5794
5795
6134
6544
4986
5314
5315
5340
6064
6597
5109
5500
5309
6368
5416
6341
5385
5655
5699
5932
6321
5010
5589
5988
6693
5055
5069
6365
6368
4942
4943
4977
5054
6174
6454
5637
5213
4920
6433
5489
6607
5003
5226
6228
5999
6099
6203
5832
6192
4934
6023
6106
6504
6505
4936
4938
6033
6263
5604
5609
5874
5881
5912
6094
6156
6388
5562
5689
5786
5873
5874
5881
5913
6612
5173
6314
6402
6662
5084
5749
5840
5593
5813
6649
5390
5818
5828
5194
6032
5903
6240
5821
5918
6243
6354
6490
4922
5457
5652
6149
6327
5453
6133
6326
5032
5033
4920
4996
5364
5892
6253
6437
4970
4918
4919
5803
5864
6569
6639
4919
6299
6639
6676
6677
4921
6676
4996
5269
6358
5055
5314
6064
6081
6157
6365
4926
4928
5061
6083
6609
4928
5061
6609
4978
5352
6116
6302
4978
5061
5351
5352
6609
6709
6562
6562
5056
6147
6523
6023
6697
5388
4938
5041
5754
5756
6687
4943
6344
6164
5240
6523
5046
6645
6122
6495
4956
5837
6561
5679
5107
5417
6010
6119
6342
6521
5754
5755
5845
6687
5133
5381
5883
6252
5420
6658
5467
6571
5744
5626
6497
5439
5441
5442
6357
5242
5556
5815
5187
6557
5459
5460
5461
5621
6351
5417
6685
6409
6310
6356
6668
5391
5973
5625
5783
6290
5119
5331
6112
5827
6002
6571
5071
6174
5061
5351
5352
6601
6577
5370
5535
5635
5738
5739
5366
5504
5545
5554
6542
5720
5892
5715
5315
5340
5399
6663
5230
5551
5552
5585
5515
6025
6237
4994
5575
5016
6415
5246
5819
5820
5518
5914
6215
6287
6439
6462
5016
5347
5825
5242
5449
5451
6318
5373
5800
5276
6671
6674
5230
6098
5742
5743
5745
6236
6500
5475
5486
5728
6205
5833
6018
6019
6098
6534
5077
5094
5304
5311
5589
6289
5396
5660
6325
6502
5644
5648
5149
6040
6192
5120
5247
5292
6169
6172
5764
5910
5167
5698
6171
6330
5468
5469
5818
6337
6565
5050
5065
5082
5414
6589
5785
5789
5790
5917
6612
5583
5809
5972
5992
5228
6124
5664
5669
5829
5190
6339
5033
6399
6635
6371
6428
5038
6241
6568
5151
5357
5748
6044
5088
6279
6417
5230
6645
6673
6583
5308
5675
6594
5266
6518
5117
5056
5065
5052
5251
6088
6692
6454
5069
5309
6365
6368
5065
5063
5073
6580
5285
5379
5261
5351
5352
6083
6609
6641
5066
6451
5077
5078
5220
5105
5343
6451
6455
6510
6513
5300
5303
6376
6081
6176
6365
6570
5267
6273
5307
5332
6072
6073
6082
6162
6580
6588
5106
5329
5304
6074
6641
5078
5094
6116
6489
5273
6067
6089
5220
5270
5471
5472
5749
6141
5225
5573
6366
6622
5487
6489
6387
5294
6618
5734
6359
5859
6284
6419
5311
6621
5473
6186
6390
5157
5892
5948
6271
6437
5280
6053
6060
6403
6553
5215
6058
5103
5339
5282
5306
5359
6707
5533
5587
5734
5268
5339
5199
6168
5186
5343
6451
6455
6510
5329
6075
6411
6597
6010
6119
6342
5231
6191
6380
5499
5500
6015
6096
5167
5698
5305
5356
5386
6168
6467
6498
5368
5319
6090
5326
5392
6076
6158
6554
6302
6518
5277
5299
6701
5189
5328
5331
5247
5292
6066
5302
6413
6617
5272
5275
6398
6456
6676
6508
5562
5689
5766
5785
5885
5945
5171
5563
6669
5526
6608
6181
5658
5798
5878
6332
6452
5685
5896
5897
5939
6252
6460
6602
5706
5519
5707
5941
5942
5577
5961
6190
5143
5559
5757
6114
5443
6406
5224
5630
5736
5784
5809
5971
5991
5992
6304
5811
5973
6688
5169
6036
5712
6024
6030
6039
6107
6192
6514
5357
5380
5748
5866
5753
5791
5792
5962
6325
6394
6326
5948
5753
5200
5265
5278
5280
6049
6083
6274
6558
6189
6014
6662
6106
6330
5723
6238
5494
6009
5672
5839
6428
5563
6669
5233
6160
6314
6402
6662
5658
6497
6008
6583
5644
5645
5648
5857
6282
6654
5369
5602
5895
5896
5897
6156
5765
5354
6473
5741
6557
5428
5429
5328
5331
6457
6574
5192
5199
5227
5287
5227
5255
6166
6168
5696
5415
5418
5419
6032
5454
5455
5964
6440
5310
5318
6076
6086
6431
5435
6528
5265
5269
5278
5280
6049
6053
6573
5387
5934
5938
6138
5519
6182
6256
6530
6673
5821
5869
5609
5911
5912
5683
6323
6556
5723
6238
6628
5425
5427
5237
6531
5667
5798
5924
6452
6062
6100
6551
6506
5464
5465
5640
5900
6116
5404
5634
5635
6296
5630
5631
5809
5992
6304
5833
6019
6228
5718
6442
6644
5490
5513
6233
6548
5834
6037
6038
6131
6145
6242
6243
5234
5347
5348
6160
6402
6662
5591
5672
5750
5752
5756
5841
5384
5676
6196
6697
6660
6531
5260
5320
5336
5341
5514
5516
6548
6311
5451
5815
6056
6063
6115
6338
6617
5674
6045
6514
5553
6183
5286
5291
5292
6115
6065
5296
6477
5274
5273
6173
6074
6641
5287
6071
6293
6700
6168
6467
6498
6166
6055
6579
5259
6068
6148
6068
6148
5320
5336
5341
6309
5351
6091
6362
6377
6601
5346
6057
6633
5305
5277
6049
5328
6518
5324
6301
5308
5339
6594
5325
6112
6416
5275
6701
5345
6067
6173
5299
5299
6049
5293
6054
6083
6050
6060
6403
6053
6077
6553
5359
6175
5301
6549
5368
6310
6063
6115
5323
5319
6090
5327
6671
6169
6054
6083
5297
6084
6167
6449
6604
6126
6084
6167
6449
6218
6591
6701
5303
6376
6708
6604
5379
6048
5311
6700
6498
6088
6175
6707
5332
5389
5675
6594
6064
6086
6700
5345
6382
6458
5315
6064
6157
5340
6064
5333
5321
6433
6086
6335
6431
6090
5335
5336
5341
6272
6516
6065
6674
5334
6088
6525
6301
6079
6158
6540
6554
5340
6075
6411
6597
6112
6127
6501
6088
6707
5336
6157
6272
6516
5341
6272
6516
6471
6606
6688
6353
6425
6597
6309
6510
6451
6455
6547
6454
6057
5825
6160
5825
6415
6625
5352
6601
6609
6601
6609
6195
5748
6706
5386
6343
5748
6044
6248
5584
5995
6117
6606
6707
5660
5572
5887
6405
6369
6615
5814
5886
5714
5504
5545
6542
5475
6292
5378
5602
5891
5895
5897
5899
6592
5535
5635
5491
5495
6034
6045
6248
5799
5800
5878
6452
6407
5898
6137
6481
5848
6478
5576
5722
5748
5866
5520
5702
5834
5539
5642
6251
6274
6424
6558
6196
6168
6343
6467
5657
5937
5938
6396
6082
6588
6630
6555
6076
6158
6502
5396
6258
6502
6177
6408
6258
6502
6257
6306
6440
6663
6259
5402
6426
6426
6426
6155
6260
6611
5407
6155
6611
6611
6155
5410
6024
6517
6025
5413
5419
5422
6237
6517
6661
5415
6589
6619
5419
6341
6517
6661
5418
6342
5419
6032
6342
6201
5421
6024
6658
6623
5424
5488
6006
6118
6264
6118
6201
5426
5427
6202
6202
5429
5429
5430
5731
5780
6539
6699
6286
6648
5731
5780
6005
6528
6324
6528
6537
5781
6287
5642
5643
5732
5781
5968
5969
5441
5442
6288
5646
6555
6595
6632
5442
6288
6002
6571
5978
6003
5471
5817
6406
6571
5503
6286
6315
6648
5449
6511
6638
5815
5997
6511
6317
6318
6367
5465
5997
6511
6367
5455
5461
5461
6652
5461
5621
6478
6318
6494
6712
5640
5640
5997
5998
6319
6566
5818
5817
6566
5472
5817
6390
6336
6383
5476
6292
5486
5496
6292
6280
5484
5505
6529
6563
6620
5725
5481
6280
5484
6563
6434
5505
5598
6529
6563
6031
5487
6489
6006
6623
6230
6559
5495
6034
6034
6007
6231
6559
5495
5498
6292
5500
5500
6292
5501
6292
5673
5503
5586
6277
6286
6315
6395
6648
5545
5598
6529
5508
6207
6453
5705
5826
6207
6667
5598
5651
6515
5649
6199
6468
6603
6468
5522
6459
6233
6548
5673
6237
6619
5523
5797
5922
5611
5914
5919
6215
6610
5708
5941
5942
6256
6530
5702
5900
5901
6347
5565
5701
5923
5937
5528
5699
5797
5867
5877
5607
5821
6328
5528
5697
5802
6213
5797
5921
5923
5924
6152
5802
5606
5695
6496
6412
5658
6134
5881
5933
5734
5976
6652
5739
6261
6268
5738
5810
5538
5687
6557
5642
5974
5993
6274
6558
5541
5542
6275
6605
6274
6626
6420
6713
6542
5759
5996
5548
5549
5555
5759
5554
5555
5585
6316
6183
6316
5555
6183
5582
5757
5994
5757
6114
5616
5882
5923
5925
6334
6546
5689
5785
5786
5873
5913
6612
5572
5888
5889
6405
6657
6669
5568
5708
5934
5942
5943
5701
5937
5887
5949
6423
5888
5960
5708
5884
5943
6138
6493
5574
5614
5904
6165
6475
6702
6541
6614
5906
6333
6375
5888
6405
6366
6622
6474
6512
6702
5722
6135
6526
5579
5757
5975
5582
5975
5975
5972
5585
6117
6117
6277
5734
5988
6693
5624
5782
6289
5619
5620
6696
5839
5999
6689
6184
6640
6444
5636
6667
5692
5876
6322
5786
5789
5913
5936
6612
6323
5896
5897
5692
5706
5874
5881
5910
6094
6253
5695
6328
5900
5940
5911
5912
6139
5690
5801
6332
6519
5904
5905
6165
6475
6702
5923
6334
6393
5622
5970
6294
5620
6696
5621
5970
6294
6297
5624
5782
5970
5782
5970
6303
5783
6290
6374
6239
6159
6647
5632
5633
6575
5736
5737
5971
5991
6304
6636
6647
6304
6305
6636
5633
5810
6207
6453
6667
6239
5640
6287
6462
6712
5987
6439
6462
5643
5993
6274
5733
5979
6197
5645
5648
5648
6200
6632
5650
5650
6468
6361
6468
6199
6515
6603
5733
5967
6327
5733
6197
6424
5787
5914
5915
6351
5927
5932
6171
6321
5872
5795
5706
5663
5760
5964
5665
5669
6346
6177
5668
5730
6154
6346
5730
6346
5730
5829
6154
5839
6237
6661
6045
6514
6085
6069
6211
6036
6350
5978
6003
6125
5994
6184
5871
6508
6281
5884
5939
6602
6018
5771
5870
5873
6351
5822
6255
6322
6631
6215
5795
6496
6631
6519
5926
5707
5941
5932
6321
5882
5935
5923
5900
5901
6347
6269
6308
6412
5826
5941
5942
5942
5943
6256
6530
6182
5944
6182
6389
6194
6266
6355
6672
6020
6103
6483
5823
6637
6644
5955
5892
5957
6133
6381
5890
5891
6481
5724
6238
6628
5990
6659
6268
5762
5728
5762
6154
6699
5987
6287
5967
5979
6197
5988
6359
6659
6693
5989
5737
5971
5991
5991
6647
5739
5812
5974
6187
6421
5743
5745
5848
6500
6500
5836
6378
6121
6278
6706
5840
5752
5841
6509
5842
6509
5845
6111
6687
5975
5996
5964
6643
5908
6450
5909
5910
5788
6484
5775
6681
6153
6299
6456
6284
6398
5865
6682
6189
5855
6681
6282
5803
5860
6465
6161
6198
6581
6287
5968
5986
6539
6684
5970
6290
6374
5971
5789
5917
6612
5789
5913
6612
5915
5875
5916
6484
6612
5866
5917
6139
5866
6544
6519
5795
6544
5796
5894
5899
6152
5878
5924
6452
5800
5935
6334
6332
6456
6683
5807
5865
6624
5972
5992
5973
5974
6421
5995
6649
6638
6123
6210
5828
5820
5959
6307
6140
6307
5869
5918
5867
6255
6322
5965
6600
6019
6483
6022
6488
6561
6599
6428
5846
6593
6527
6164
6650
6642
6642
5854
6683
6683
6153
6654
6465
5863
5864
5864
6569
5877
6255
6322
6508
5874
5881
5881
5916
5917
6484
6322
6332
6452
6270
5929
5925
5935
5884
6252
6493
6493
6602
5945
5947
6405
6657
5891
6592
6592
6437
6418
6443
6669
6214
5896
6252
6460
5897
6252
6460
5939
6214
6592
5901
6347
6347
6101
6165
6165
5907
6333
6375
6491
6450
5910
5912
6094
6094
6612
6484
6215
6610
5923
5924
6097
5924
5935
6334
6171
6330
5929
5931
5936
6369
6369
6393
6321
6138
6396
6138
6396
6602
6352
6695
6493
6614
6331
6466
5956
6446
6307
6190
6222
6482
5979
5969
6294
5991
5992
5993
6421
6494
6712
6003
6406
6197
6151
6590
6499
6627
6287
6287
6439
6693
6647
6187
6511
6099
6689
6203
6571
6502
6528
6008
6231
6231
6263
6670
6397
6616
6035
6043
6144
6665
6226
6262
6108
6664
6017
6387
6534
6103
6364
6656
6599
6697
6030
6247
6113
6041
6109
6263
6670
6144
6665
6350
6107
6651
6109
6427
6144
6248
6054
6060
6403
6055
6148
6066
6070
6172
6553
6083
6362
6377
6338
6353
6078
6403
6312
6313
6100
6551
6115
6674
6070
6172
6535
6621
6425
6435
6700
6073
6082
6162
6580
6078
6079
6162
6580
6641
6411
6597
6158
6431
6553
6079
6540
6157
6176
6365
6162
6588
6609
6167
6449
6431
6458
6362
6377
6655
6479
6534
6551
6483
6512
6229
6664
6687
6617
6489
6264
6120
6342
6572
6686
6372
6572
6686
6278
6337
6664
6235
6381
6544
6602
6584
6242
6363
6392
6288
6713
6365
6554
6486
6647
6580
6588
6549
6206
6449
6604
6467
6498
6422
6330
6454
6570
6306
6408
6325
6389
6640
6287
6380
6355
6424
6361
6603
6686
6453
6667
6573
6634
6532
6622
6532
6550
6381
6591
6314
6586
6383
6441
6259
6438
6710
6504
6505
6479
6658
6559
6548
6534
6236
6661
6424
6558
6460
6405
6322
6631
6530
6695
6408
6502
6710
6268
6670
6520
6637
6516
6421
6558
6605
6640
6598
6417
6696
6485
6315
6648
6650
6472
6639
6478
6305
6636
6647
6636
6408
6412
6356
6668
6339
6313
6338
6413
6395
6648
6367
6566
6394
6513
6666
6556
6375
6431
6661
6686
6530
6695
6659
6693
6468
6377
6392
6622
6457
6574
6545
6708
6655
6705
6479
6696
6616
6635
6543
6662
6553
6657
6487
6597
6617
6550
6443
6713
6558
6590
6613
6462
6603
6669
6455
6510
6667
6510
6547
6574
6470
6638
6498
6688
6676
6677
6512
6702
6582
6671
6647
6561
6712
6576
6698
6505
6547
6702
6666
6685
6608
6695
6621
6684
6699
6554
6614
6686
6633
6698
6601
6655
6694
6653
6632
6697
6655
6626
6698
6647
6646
6678
6677
