geoid,tract_id,empirical_estimate,p_y,p_y_CI_lower,p_y_CI_upper,n_images_by_area
36061000100.0,36061000100.0,,0.05054398785179842,3.25216051e-315,0.9999999966414874,0
36061000201.0,36061000201.0,0.0,0.0014720063854553817,8.535983655394117e-06,0.009713761877193857,345
36061000600.0,36061000600.0,0.0022172949002217295,0.007418591273083684,0.0004165343857862694,0.025758554390840845,902
36061001401.0,36061001401.0,0.0,0.001272788055732689,1.428423161123072e-05,0.008125969903908506,259
36061001402.0,36061001402.0,0.0,0.0007134665352405634,1.0201072542973322e-05,0.004228067303429575,705
36061001800.0,36061001800.0,0.0,0.0004683805176424092,7.805668015596444e-06,0.002580430825980993,1783
36061002201.0,36061002201.0,0.0,0.0007766803919774187,1.4638362531451795e-05,0.0044403707677903,422
36061002601.0,36061002601.0,0.0,0.0009364684885640175,1.063654159506718e-05,0.006010043185685743,164
36061002602.0,36061002602.0,0.0,0.0009139324351252263,3.564388890262993e-06,0.006474780030255233,107
36061002800.0,36061002800.0,0.0,0.0007668927671985175,2.2538891521222592e-06,0.005534138452293821,261
36061003100.0,36061003100.0,0.0,0.0007374448135513998,2.5623897295440165e-05,0.003687881531145718,1285
36061003200.0,36061003200.0,0.0,0.00042831341510156146,7.614107924180483e-06,0.002488327174298178,628
36061003300.0,36061003300.0,0.000877963125548727,0.0008898234263786998,7.460506321606231e-06,0.005103285100631444,2278
36061003400.0,36061003400.0,0.0,0.00044438899375330516,3.6468386592190293e-06,0.0028153426008861956,674
36061003601.0,36061003601.0,0.0,0.0005069896833242512,5.170574102981062e-06,0.003314043450074032,669
36061003602.0,36061003602.0,0.001451378809869376,0.0005958934554731894,5.10492482839126e-06,0.004174510542389145,689
36061003700.0,36061003700.0,0.0003429355281207133,0.00044075170533038917,6.2775136056157825e-06,0.002446456277073719,2916
36061003900.0,36061003900.0,0.002234137622877569,0.002741531943452685,5.176715018585957e-06,0.01228817080411856,2238
36061004001.0,36061004001.0,0.0,0.00042747882722235546,2.557615970994926e-06,0.00287154984711629,728
36061004002.0,36061004002.0,0.0,0.00035748519064568576,2.8393513195718065e-06,0.0024966174180551955,428
36061004100.0,36061004100.0,0.001059322033898305,0.0009321705344465267,1.3396493238200055e-05,0.005698519011090548,944
36061004300.0,36061004300.0,0.0,0.00042020381513257907,5.386542062834561e-06,0.0025590108795973203,891
36061004500.0,36061004500.0,0.0,0.0006364502843176761,1.0882018428377553e-05,0.003806354157723866,737
36061005200.0,36061005200.0,0.0,0.00030930747934632217,3.941492159600036e-06,0.0018482132934555188,861
36061005400.0,36061005400.0,0.0,0.0003129964335254472,5.403681664247028e-06,0.0017717157084055106,1336
36061005501.0,36061005501.0,0.0,0.00041014621020853755,2.4935832122258196e-06,0.0027774964778814817,649
36061005502.0,36061005502.0,0.0,0.0002988240148867032,4.447569633767698e-06,0.0017528417317345649,1265
36061005800.0,36061005800.0,0.0,0.0003376631107883134,5.113583035956777e-06,0.0020075256021967287,1450
36061006300.0,36061006300.0,0.0,0.0003276452410455712,5.386965659146832e-06,0.0019517274911216042,1162
36061006500.0,36061006500.0,0.0,0.0003412413008217483,5.345117672870102e-06,0.001988342354077224,1134
36061006700.0,36061006700.0,0.0,0.00043353711364286227,6.0699971778864316e-06,0.0025982472263799436,1113
36061006800.0,36061006800.0,0.0,0.00035253195034430044,6.294098934643765e-06,0.002073873580279847,1122
36061007001.0,36061007001.0,0.0,0.0018518238405383495,1.2929299953732531e-05,0.012414978052678383,252
36061007002.0,36061007002.0,0.0011614401858304297,0.0010556118245807794,6.664885505227752e-06,0.00688204338832251,861
36061007100.0,36061007100.0,0.0,0.0004790904314042483,5.6205162642684505e-06,0.002947348437669093,882
36061007200.0,36061007200.0,0.0,0.00042365388391764824,7.016548086975163e-06,0.0023888661505430423,1404
36061007300.0,36061007300.0,0.0009699321047526673,0.0006810347875169847,1.1854966102401633e-05,0.003880741447839788,1031
36061007600.0,36061007600.0,0.0,0.0004108620805639102,5.870327930567276e-06,0.0025069754031229936,1028
36061007700.0,36061007700.0,0.003092783505154639,0.002596392868055349,1.512565814339974e-05,0.013708560074322978,970
36061007800.0,36061007800.0,0.0013169446883230904,0.0016921749401278767,1.9419304547667e-05,0.008383120630899443,2278
36061008000.0,36061008000.0,0.0,0.00045103736990118097,8.544669308847169e-06,0.0023882602686815533,2116
36061008100.0,36061008100.0,0.0008771929824561404,0.0007630987221029741,6.765366178145812e-06,0.0048453446350867095,1140
36061008200.0,36061008200.0,0.0021586616297895305,0.0005083066808183131,7.0878681171931004e-06,0.0029301997695384153,1853
36061008300.0,36061008300.0,0.0,0.00105349741417067,1.4317842921275502e-05,0.006027953316620262,885
36061008400.0,36061008400.0,0.0,0.0004291882547321379,8.650011553130296e-06,0.0024079291297488385,1401
36061008700.0,36061008700.0,0.002224694104560623,0.000789950983585511,6.283995341868091e-06,0.005189038559511522,899
36061008900.0,36061008900.0,0.0,0.0007245658616341514,6.440042686933335e-06,0.004425362978878396,888
36061009100.0,36061009100.0,0.0,0.0004572099707687009,5.6689707370417565e-06,0.0026965796588271675,1458
36061009200.0,36061009200.0,0.0,0.000591823435297689,1.0746275512005408e-05,0.0032061556992471307,1650
36061009300.0,36061009300.0,0.0,0.0008310244598385639,1.244155312933615e-05,0.004764804280949127,1039
36061009400.0,36061009400.0,0.0032658393207054214,0.0031691959405290644,1.5293591734504038e-05,0.014847014815794273,1531
36061009500.0,36061009500.0,0.000881057268722467,0.0007962493305676482,7.11323413813515e-06,0.005052694002354476,1135
36061009600.0,36061009600.0,0.0,0.0006104988022615425,1.07572472282665e-05,0.003504675620917024,1098
36061009700.0,36061009700.0,0.0010162601626016261,0.001319611360472382,1.7253102676778425e-05,0.007502547047180871,984
36061009902.0,36061009902.0,0.005780346820809248,0.011717715329205621,6.168957565564235e-05,0.03854450081115905,865
36061010000.0,36061010000.0,0.0007072135785007072,0.0012116774278799142,2.2685004178402948e-05,0.006259927251485518,1414
36061010100.0,36061010100.0,0.0021231422505307855,0.0015894436480395925,7.920849054154065e-06,0.010209101791772762,942
36061010200.0,36061010200.0,0.0007936507936507937,0.0011179356740819316,1.653125088088721e-05,0.006101814378545657,1260
36061010400.0,36061010400.0,0.0,0.0008137181749776654,1.5426159027734138e-05,0.004485003287555041,1130
36061010801.0,36061010801.0,0.00390625,0.00279710604009562,1.244994249324659e-05,0.01904102865246119,256
36061010802.0,36061010802.0,0.0,0.0018787367710259198,7.74490651792474e-06,0.0128180842525193,230
36061010803.0,36061010803.0,0.004048582995951417,0.005533067671599692,1.822097279220131e-05,0.028683720106783172,494
36061010900.0,36061010900.0,0.0,0.0004493053450871553,6.042371479184181e-06,0.0025610602317179655,1669
36061011201.0,36061011201.0,0.0,0.0012564950921774532,1.7435753158129577e-05,0.007213278903727304,639
36061011202.0,36061011202.0,0.0033222591362126247,0.0038267744857736928,3.3016746126577464e-05,0.020239993066147696,602
36061011203.0,36061011203.0,0.0,0.0012054095637639027,1.9886593174934677e-05,0.00653164389929499,648
36061011300.0,36061011300.0,0.0,0.0005015717148012252,5.221859366535801e-06,0.0031088291704051436,914
36061011402.0,36061011402.0,0.0,0.0012049013633030675,2.4447272577430616e-05,0.0066847673654927605,754
36061011800.0,36061011800.0,0.0,0.0016348694285853384,5.86444842241298e-05,0.007846354839608757,686
36061011900.0,36061011900.0,0.0,0.000489659664767998,5.300624279276946e-06,0.00307311714361698,952
36061012000.0,36061012000.0,0.0013175230566534915,0.0015959012496506353,2.5981781667153555e-05,0.00890592350925947,759
36061012101.0,36061012101.0,0.0,0.0006031497454472836,3.865305883571471e-06,0.003996514745031274,563
36061012102.0,36061012102.0,0.0,0.0007485824492433535,5.681583899249634e-06,0.005100736075158236,511
36061012200.0,36061012200.0,0.0008665511265164644,0.0015140838499423637,1.8875266706700722e-05,0.008014581038698966,1154
36061012500.0,36061012500.0,0.0029791459781529296,0.0009002795325716417,7.208218898967612e-06,0.005702851525423637,1007
36061012601.0,36061012601.0,0.0051813471502590676,0.013228227268117112,0.00023392191003816012,0.05983007660213413,193
36061012602.0,36061012602.0,0.0,0.00201458583408566,2.0217626367386845e-05,0.012031334832053214,412
36061012700.0,36061012700.0,0.0018814675446848542,0.0004792876033361074,7.224459446917725e-06,0.002767002729086124,1063
36061013000.0,36061013000.0,0.0,0.0010673519546998017,1.790046625953359e-05,0.0059058609242349765,947
36061013100.0,36061013100.0,0.0025167785234899327,0.002607833180256938,1.0201680353620778e-05,0.01426430963125886,1192
36061013201.0,36061013201.0,0.015463917525773196,0.06685286799900067,0.01866518850350321,0.15453567450868028,388
36061013202.0,36061013202.0,0.023255813953488372,0.10072326862267196,0.031830332512129744,0.21940526147717182,344
36061013300.0,36061013300.0,0.002244668911335578,0.0008682095332049474,7.761607589405653e-06,0.005454451053913066,891
36061013601.0,36061013601.0,0.007220216606498195,0.02706114023407232,0.002410173042679807,0.08817866300669115,277
36061013602.0,36061013602.0,0.0,0.006668553923988947,9.797279199294844e-05,0.03476394535608631,209
36061014801.0,36061014801.0,0.0,0.0017557102861534223,2.352935343095301e-05,0.01112763927851176,139
36061014900.0,36061014900.0,0.0,0.0008955799106606807,1.2799875767848901e-05,0.005009592689975397,1147
36061015001.0,36061015001.0,0.0,0.001762680602345332,1.7362596998672222e-05,0.011114287701981264,310
36061015002.0,36061015002.0,0.0,0.0015449235433841707,2.0255402606607712e-05,0.009043659295503385,424
36061015101.0,36061015101.0,0.00784313725490196,0.006328587175103082,8.290838930208106e-06,0.04123207677387643,255
36061015301.0,36061015301.0,0.0,0.0017201142023464068,7.5791532695976055e-06,0.01138771367291994,347
36061015302.0,36061015302.0,0.002288329519450801,0.0012475107998469554,8.16294891012921e-06,0.00802987639232965,437
36061015401.0,36061015401.0,0.0,0.002935687096938745,3.5487846568481285e-05,0.01801260333413791,131
36061015402.0,36061015402.0,0.0,0.002764822504556642,9.805837228469776e-06,0.019337446665286917,173
36061015403.0,36061015403.0,0.0,0.002729589378558491,9.58503184089815e-06,0.019454474701908198,91
36061015501.0,36061015501.0,0.0,0.0013492023153612958,8.116887003754187e-06,0.009161650957219027,233
36061015601.0,36061015601.0,0.0,0.0017133491625325454,2.488585461131807e-05,0.00996136133739326,346
36061015602.0,36061015602.0,0.0,0.001941799069652133,2.9336181342331185e-05,0.011458013307562456,294
36061015700.0,36061015700.0,0.0,0.0011834607921777556,1.9846213798232105e-05,0.006445184055076884,861
36061015801.0,36061015801.0,0.0,0.0013149735502534842,2.8535883961316627e-05,0.007493470677126783,431
36061015802.0,36061015802.0,0.0,0.001998995360614599,2.877586043333648e-05,0.011872284715237819,194
36061016001.0,36061016001.0,0.0,0.0014685582355434736,2.1145354699827505e-05,0.008535734984920496,585
36061016100.0,36061016100.0,0.0,0.0014747629931273804,1.8773159364174517e-05,0.008292381505804735,591
36061016200.0,36061016200.0,0.0004923682914820286,0.002097496577588137,0.0001441863967053088,0.007770113443057502,2031
36061016400.0,36061016400.0,0.0,0.0016762362407996506,1.990046156650861e-05,0.010006929629342637,447
36061016500.0,36061016500.0,0.0,0.001255299033944634,1.8173563312375262e-05,0.006653818708064464,815
36061016600.0,36061016600.0,0.0030864197530864196,0.0036929827333562174,4.031142675338724e-05,0.021274173752547792,324
36061016900.0,36061016900.0,0.0,0.0013375481657501933,1.5798203950520904e-05,0.007531020567604731,664
36061017000.0,36061017000.0,0.0,0.0021127816565062636,1.908506743469355e-05,0.012498671657127272,394
36061017100.0,36061017100.0,0.0,0.0012951172744676154,8.059667851215021e-06,0.008138090561271395,535
36061017200.0,36061017200.0,0.0,0.0020613438773705844,4.602597013899007e-05,0.012012494695144293,264
36061017300.0,36061017300.0,0.0,0.0016820820251568975,1.5284135582241338e-05,0.009925737140469819,478
36061017401.0,36061017401.0,0.0,0.0024076924604554913,3.114646715044012e-05,0.013763733990490516,299
36061017402.0,36061017402.0,0.0,0.0025277529475991726,2.1955681005195624e-05,0.016543949581687298,149
36061017500.0,36061017500.0,0.004081632653061225,0.006451909882387626,1.216739029799568e-05,0.031835265432763056,490
36061017700.0,36061017700.0,0.002150537634408602,0.0032783000223883464,1.5480888614094018e-05,0.01933655429820066,465
36061018000.0,36061018000.0,0.002053388090349076,0.0057004990323404605,0.00020662545119026453,0.024895663678787528,487
36061018100.0,36061018100.0,0.0,0.0012968114472386274,1.112237611742242e-05,0.008173685602334746,517
36061018400.0,36061018400.0,0.0,0.001160285501259007,2.123793704558026e-05,0.006623320416862043,520
36061018600.0,36061018600.0,0.006993006993006993,0.001898908711176859,2.1023935223532506e-05,0.012141842707492415,143
36061018700.0,36061018700.0,0.0,0.0008905496443597327,4.033505500270382e-06,0.005954252300891902,577
36061019300.0,36061019300.0,0.0,0.0009862068809798551,1.7061297748432143e-05,0.005689341640252756,606
36061019600.0,36061019600.0,0.0,0.0016361138685640018,3.3716563583553205e-05,0.00865976091455038,552
36061019702.0,36061019702.0,0.0,0.0017231797548852442,1.4634916052405093e-05,0.011150448113738777,214
36061019900.0,36061019900.0,0.0,0.0015536774953815093,1.3785866713749872e-05,0.009605026134780295,363
36061020500.0,36061020500.0,0.004210526315789474,0.013153480504575191,0.00046935994496839285,0.04668228753770074,475
36061020600.0,36061020600.0,0.0,0.0017059791442074527,2.4714486594613053e-05,0.010313984267473755,373
36061020701.0,36061020701.0,0.0,0.001625652872661282,1.1803914120146493e-05,0.01100540675958811,84
36061020800.0,36061020800.0,0.004975124378109453,0.002906345661344829,1.9300943325224837e-05,0.01907663281079726,201
36061021303.0,36061021303.0,0.0,0.0010999998096098292,1.2322337086495307e-05,0.007047909944167999,178
36061021500.0,36061021500.0,0.0,0.0012063250530881477,1.2727564811274042e-05,0.007816375676546557,104
36061021600.0,36061021600.0,0.0,0.0012898846097773135,1.956865816491483e-05,0.0077112453618648725,324
36061021703.0,36061021703.0,0.0,0.000928213501312997,2.1629664267288787e-05,0.005337840812522671,128
36061021800.0,36061021800.0,0.0,0.0010012332004315067,1.2872690503237985e-05,0.0062587382435457025,431
36061022000.0,36061022000.0,0.0,0.001074683637220965,7.887255342645832e-06,0.007122224931192385,311
36061022102.0,36061022102.0,0.0,0.0012900466090680618,1.3353095201912455e-05,0.008204835402500152,157
36061022200.0,36061022200.0,0.0,0.001009179663270636,1.2688827552975248e-05,0.006201866404262455,423
36061022301.0,36061022301.0,0.0,0.0010840897605201992,3.3042636276757148e-06,0.007550993755140856,358
36061022400.0,36061022400.0,0.002890173410404624,0.0017425917069465097,1.579859670796695e-05,0.01138935509273785,346
36061022600.0,36061022600.0,0.0,0.0013486812655586612,1.1288504283468075e-05,0.008923067546390632,204
36061022800.0,36061022800.0,0.0,0.001141415057563814,1.1492745790157311e-05,0.007501669531546834,292
36061023100.0,36061023100.0,0.0,0.0014955787225909981,3.0206190271860606e-05,0.008886744334702514,198
36061023400.0,36061023400.0,0.0,0.0020205640801074045,2.3956267058392604e-05,0.013082406547727047,117
36061023502.0,36061023502.0,0.0,0.005181501155871112,6.509995993982126e-05,0.032610855735449466,39
36061024301.0,36061024301.0,0.0,0.007527473910428057,0.00010989498308200922,0.045291058010567375,62
36061024900.0,36061024900.0,0.0,0.005418813826273708,4.6190404044345314e-05,0.0342052006478965,109
36061025500.0,36061025500.0,0.015360983102918587,0.06848308940282061,0.028142237523016603,0.12757516993647772,1302
36061026500.0,36061026500.0,0.008036739380022962,0.028409102737365067,0.00712628682323739,0.06756281227292701,871
36061026700.0,36061026700.0,0.0,0.006916355831353978,1.8357011503947182e-05,0.050525929461401664,46
36061026900.0,36061026900.0,0.0,0.004280852028326167,6.025461686806648e-05,0.02458417302432006,171
36061027100.0,36061027100.0,0.0,0.0047800452130452725,0.00010892601680553737,0.025039722541538464,192
36061029300.0,36061029300.0,0.0,0.0018836501275236522,6.015680737894608e-06,0.013213101886136894,280
36061029500.0,36061029500.0,0.0,0.0029538998666948013,1.0142218313467288e-05,0.022389101397874693,86
36005000200.0,36005000200.0,0.0,0.001649578675625771,3.92300512002795e-06,0.012162266371588272,106
36005001600.0,36005001600.0,0.0,0.0010192993800096186,6.307518737173308e-06,0.006861149089172178,220
36005001904.0,36005001904.0,,0.05456311566027771,7.982859835948243e-05,0.4714727636283844,0
36005002002.0,36005002002.0,0.0,0.001180008431102642,7.636109565169521e-06,0.008184435822612123,86
36005002300.0,36005002300.0,0.0,0.009157544243269448,0.00012622268320146589,0.05135275128480434,99
36005002500.0,36005002500.0,0.0,0.005062820499763169,9.773412101947562e-05,0.026978327601260347,225
36005002701.0,36005002701.0,0.0,0.011194368829716583,4.084952164987673e-05,0.08076274799991975,31
36005002702.0,36005002702.0,0.0,0.005417922101983018,0.00014382199234667386,0.027777292107923617,176
36005003800.0,36005003800.0,0.0,0.002145118671010001,2.6298793222241268e-06,0.01782934011196127,52
36005003900.0,36005003900.0,0.0,0.004197743228566152,0.000102167756425409,0.022011962387636193,285
36005004001.0,36005004001.0,0.0,0.0020989298445697833,6.4119310097048455e-06,0.015602521679752386,70
36005004200.0,36005004200.0,0.0,0.0005639855506483786,1.475009252940037e-05,0.002892579750577302,1573
36005004400.0,36005004400.0,0.0,0.0012146472545450041,2.2653525134861788e-05,0.006868051124140372,344
36005004600.0,36005004600.0,0.0,0.0011437546842775306,1.0222040966436982e-05,0.007299304041345396,281
36005004800.0,36005004800.0,0.0,0.0019163885670565343,4.770304489018331e-05,0.010548122598322277,245
36005005001.0,36005005001.0,0.0,0.0033651920405810983,9.4193000854618e-06,0.024974310582244398,22
36005005002.0,36005005002.0,0.0,0.0031610102704919237,1.0079149738577431e-05,0.02360802979712302,47
36005005400.0,36005005400.0,0.0,0.0018394905494804206,1.6573295050488817e-05,0.012253807974462433,121
36005006302.0,36005006302.0,0.0,0.0019829343505380543,2.9354838749399057e-05,0.011861244689884054,289
36005006400.0,36005006400.0,0.029585798816568046,0.069583929501767,0.01060638405573805,0.18920944676194035,169
36005006500.0,36005006500.0,0.0,0.0024352631206922826,7.317656873437037e-05,0.012592886169545663,360
36005006800.0,36005006800.0,0.0,0.0034921978228332137,4.45509435714588e-05,0.020799330301806435,175
36005007000.0,36005007000.0,0.0,0.003026239287052323,2.0526753573108112e-05,0.02103146598465811,81
36005007200.0,36005007200.0,0.0023923444976076554,0.002092174973758405,3.243709428083296e-05,0.012111066445685267,418
36005007400.0,36005007400.0,0.0,0.0015876990677409126,5.014387542123462e-06,0.011859588201582207,47
36005007600.0,36005007600.0,0.0,0.0039587679035806445,5.8259480555945384e-05,0.02351082257532845,139
36005007900.0,36005007900.0,0.0,0.0017010139525643262,3.46667769533054e-05,0.00976950590861497,202
36005008400.0,36005008400.0,0.0,0.0021222187282910684,2.36997621852738e-06,0.016153560622579857,89
36005008500.0,36005008500.0,0.0,0.0016378131775661618,3.0748150560282386e-05,0.009594735461058919,215
36005008600.0,36005008600.0,0.0,0.002036869736765379,3.917411215579846e-06,0.01587993360869363,56
36005008700.0,36005008700.0,0.0,0.0014949248813013335,1.9222275093461435e-05,0.00948556137393212,135
36005009200.0,36005009200.0,0.0,0.0012276875644682203,2.1330760616802443e-05,0.007128364325084358,400
36005011702.0,36005011702.0,0.03278688524590164,0.05077568753572105,0.0004837253060436217,0.2069724980535069,61
36005011900.0,36005011900.0,0.0,0.0012356591406046682,2.0205806380405758e-05,0.007581243226194264,238
36005012101.0,36005012101.0,0.0,0.002071665838869675,3.4304970374715184e-06,0.016239258617614265,118
36005012102.0,36005012102.0,0.0,0.0018344676416048877,7.095310249603213e-06,0.013699508290651382,68
36005012500.0,36005012500.0,0.0,0.0013378961865199007,1.0888698918031583e-05,0.008752785257320954,103
36005012901.0,36005012901.0,0.0,0.0013962555373348057,2.0301436784365405e-05,0.00870698930195019,88
36005013000.0,36005013000.0,0.0,0.002310253612935724,5.458686086633507e-06,0.01768122057124324,54
36005013100.0,36005013100.0,0.0,0.001403869021457781,1.3533342205938066e-05,0.00959523114345769,137
36005013200.0,36005013200.0,0.0,0.0030578335445111864,6.441406334318312e-06,0.023145271357055325,79
36005013300.0,36005013300.0,0.0,0.001543585342940151,2.013637970786804e-05,0.00986485931537151,139
36005013500.0,36005013500.0,0.0,0.0016084907315953192,1.2338112449383839e-05,0.01092693711220351,94
36005014400.0,36005014400.0,0.0,0.0021782301412899352,9.36325130554644e-06,0.014900965495445034,165
36005014900.0,36005014900.0,0.0,0.0015000041027284016,2.157440201161402e-05,0.009245436009722961,112
36005015200.0,36005015200.0,0.0,0.0015221040021444051,1.5017855396514585e-05,0.009321222273088587,275
36005015300.0,36005015300.0,0.0,0.0013900866573689395,1.281735851696714e-05,0.008955783685993425,189
36005015800.0,36005015800.0,0.0,0.0017651820290013774,6.20473859480085e-06,0.012635013459380735,140
36005016000.0,36005016000.0,0.0,0.0017044651947118673,1.0132253898939671e-05,0.011581310897391905,206
36005016200.0,36005016200.0,0.0,0.0019902870317757516,7.442229719637579e-06,0.014138651514096282,68
36005016400.0,36005016400.0,0.0,0.0018043199588642985,1.3382186437339227e-05,0.012306976962425525,96
36005017100.0,36005017100.0,0.0,0.0030320036531668124,3.078726928421848e-05,0.019902386067268775,19
36005017500.0,36005017500.0,0.0,0.002563595425085305,3.1104492570064915e-05,0.015975514975964337,127
36005017901.0,36005017901.0,0.0,0.0032670033021421196,3.4615489178667035e-05,0.021436395550276034,49
36005017902.0,36005017902.0,0.018518518518518517,0.014548315980449448,4.853050287087546e-05,0.09149287858740475,54
36005018101.0,36005018101.0,0.0,0.002965825590539692,2.296103147768365e-05,0.020665956205585576,67
36005018102.0,36005018102.0,0.0,0.0024532986705491215,1.9763935321752673e-05,0.016429435711181762,137
36005018302.0,36005018302.0,0.0,0.002325976259575432,3.774473728162224e-05,0.01407267848423244,107
36005018400.0,36005018400.0,0.0,0.00186326642043262,1.0302340949985422e-05,0.012694223515711216,238
36005019700.0,36005019700.0,0.0,0.002124628921264728,4.6868802793664654e-05,0.012196809753508295,151
36005020200.0,36005020200.0,0.0,0.0036082866929994808,8.536528149949467e-06,0.027199242034241376,76
36005020400.0,36005020400.0,0.0045662100456621,0.0034184041272731663,4.5633222424685686e-05,0.0208411698251978,219
36005020601.0,36005020601.0,0.0,0.0022174325384232496,1.955100777129391e-05,0.01489436707111756,107
36005020900.0,36005020900.0,0.0,0.00245430568032793,3.9847106671068835e-05,0.014742209771369376,153
36005021002.0,36005021002.0,0.0,0.001959050938653804,1.613856587813124e-05,0.01236445024757289,221
36005021301.0,36005021301.0,0.0,0.0017902614101544267,2.6957728328843097e-05,0.010492555765224442,183
36005021302.0,36005021302.0,0.0,0.00169368847056638,2.7270941344501394e-05,0.010094156081887688,248
36005021501.0,36005021501.0,0.014285714285714285,0.0028604715407235114,1.3779587190772572e-05,0.02092423794533245,70
36005021800.0,36005021800.0,0.0010976948408342481,0.005103715219210993,0.00037246604790420616,0.01836563908734389,911
36005021900.0,36005021900.0,0.0,0.0023065422392409053,2.5460263385941926e-05,0.014919630313379157,105
36005022101.0,36005022101.0,0.0,0.005189807530401115,9.409947391354734e-06,0.039547397684696145,49
36005022102.0,36005022102.0,0.0,0.004917350623905422,2.7374878552136598e-05,0.03287608713180349,80
36005022300.0,36005022300.0,0.0,0.004408369411278128,2.4867437339092025e-05,0.02866574457972724,100
36005022403.0,36005022403.0,0.0,0.003446460718540909,0.00010647875808935422,0.017784636295115782,243
36005022404.0,36005022404.0,0.014285714285714285,0.03149654207884648,0.0003038142125408402,0.1504620766672581,70
36005022500.0,36005022500.0,0.012658227848101266,0.015086585746515297,7.153079149819294e-05,0.07347893523325374,158
36005022702.0,36005022702.0,0.0,0.0020944126164668185,3.739476918853923e-05,0.011877389263374005,219
36005022703.0,36005022703.0,0.0078125,0.0075717561548313515,3.0400145109520222e-05,0.047219541881044394,128
36005022800.0,36005022800.0,0.0,0.004190994770916724,8.2961944811692e-05,0.023592782059698246,152
36005022902.0,36005022902.0,0.0,0.002020644956246557,2.84884643822428e-05,0.012173349552905431,194
36005023200.0,36005023200.0,0.0,0.0046992231783771175,6.126601096134451e-05,0.028049300525145197,137
36005023301.0,36005023301.0,0.0,0.0014303789194800025,1.3905987369993783e-05,0.009534575431949306,105
36005023600.0,36005023600.0,0.0,0.008828987957043946,0.00011516871124450603,0.053132744504935686,63
36005023704.0,36005023704.0,0.0,0.001412582467693634,9.014373241366417e-06,0.009419019888906716,64
36005023900.0,36005023900.0,0.0,0.0013195937652045703,1.385335203821235e-05,0.008755640100477894,117
36005024100.0,36005024100.0,0.0,0.00112346223760904,1.5959512727507293e-05,0.0068042016177063,153
36005024300.0,36005024300.0,0.0,0.0016254244879749106,2.0795389698739746e-05,0.010252877218826286,113
36005024400.0,36005024400.0,0.0,0.0031219553851885456,5.972853013931688e-05,0.018083072138483786,127
36005024501.0,36005024501.0,0.0,0.0018473950633250567,2.4890324297558504e-05,0.011552026303682093,98
36005024502.0,36005024502.0,0.0,0.002538577585150097,1.1214223752768837e-05,0.018111685325714853,62
36005024600.0,36005024600.0,0.0,0.0034024642619404004,7.674307565854221e-05,0.019924746686036863,75
36005024800.0,36005024800.0,0.0,0.002117169134310882,4.9536730161770484e-05,0.01138668883600459,275
36005024900.0,36005024900.0,0.0,0.002336480736660346,1.6473685252876072e-05,0.015549314255921159,57
36005025000.0,36005025000.0,0.0,0.002724717260627675,2.834141192373057e-05,0.017537487173517483,123
36005025100.0,36005025100.0,0.0,0.0015587927872845826,1.665866687070956e-05,0.0097513122210102,155
36005025200.0,36005025200.0,0.0,0.002645010497318158,3.59036293282653e-05,0.0173094151133239,109
36005025300.0,36005025300.0,0.0,0.0019221897579315187,1.4719559732090134e-05,0.013117362700599051,101
36005025400.0,36005025400.0,0.0,0.00313139050556311,1.746311838188311e-05,0.021725626908488897,106
36005026500.0,36005026500.0,0.0,0.001423866737060347,3.787370824378455e-05,0.007854929362900569,216
36005026601.0,36005026601.0,0.012195121951219513,0.02420309919728286,7.563808808082254e-05,0.12687652125838023,82
36005026602.0,36005026602.0,0.00558659217877095,0.004792203297817578,6.965447379931801e-05,0.02761867713642678,179
36005026701.0,36005026701.0,0.0,0.0031305045886919815,3.060870958863098e-05,0.020572362097549125,85
36005026702.0,36005026702.0,0.0,0.003248154225308922,3.7060734830176506e-05,0.020385467088884494,99
36005027300.0,36005027300.0,0.0,0.0030674624417378832,0.00010766802493657123,0.014973063450422396,350
36005027700.0,36005027700.0,0.003236245954692557,0.008137332192988612,0.00014909791813018229,0.037619979918564146,309
36005027900.0,36005027900.0,0.0,0.004779801146766181,0.00012869121372781285,0.02337799798872969,342
36005028600.0,36005028600.0,0.0,0.0032298870892111934,3.743168633815826e-05,0.020333352592868722,92
36005028700.0,36005028700.0,0.0,0.010243877444661969,0.00014132354784724733,0.05894469560794262,73
36005028800.0,36005028800.0,0.0,0.0026413987703664777,4.1516736208602355e-05,0.016622179037741647,35
36005029600.0,36005029600.0,0.002176278563656148,0.0029833481167445917,0.00020236564640841888,0.011750090923431886,919
36005030000.0,36005030000.0,0.0,0.006114806820535146,5.01121941052807e-05,0.035099049153886314,178
36005030100.0,36005030100.0,0.0,0.006881752883717374,2.0428806780653377e-05,0.050469521693827575,45
36005030201.0,36005030201.0,0.0,0.003578685317805004,5.51454766994833e-05,0.019355289672003093,327
36005030701.0,36005030701.0,0.0,0.0051783357476357286,5.4454911397571905e-05,0.03342288519709073,65
36005030900.0,36005030900.0,0.02702702702702703,0.018238934265586943,3.904329150299417e-05,0.12086315968494352,37
36005031200.0,36005031200.0,0.0,0.004015466096625934,1.4274602529392967e-05,0.028656005993091673,108
36005031400.0,36005031400.0,0.0,0.002805100961748192,1.5322012567977302e-05,0.01914178163658808,142
36005031600.0,36005031600.0,0.0,0.002717766289202715,2.6984767722074502e-05,0.01752628813601215,73
36005031800.0,36005031800.0,0.0,0.0031173388730526947,1.8376719771291886e-05,0.021209285995341037,59
36005031900.0,36005031900.0,0.0,0.009974937925840616,7.1063165803028995e-06,0.07937033479148502,37
36005032400.0,36005032400.0,0.0,0.002197034175181539,6.29663884516681e-05,0.012116864586663703,138
36005032600.0,36005032600.0,0.0,0.0018558842108948397,2.8869342845124833e-05,0.01075820686212911,253
36005032800.0,36005032800.0,0.0,0.00240352417524803,5.025923310435773e-05,0.013389041829017954,196
36005033000.0,36005033000.0,0.0,0.0031288738909786575,9.925619628504899e-05,0.015836528392835704,262
36005033201.0,36005033201.0,0.0,0.005162038974310596,5.34381585022575e-05,0.031298850456202836,143
36005033202.0,36005033202.0,0.0,0.007855380029152476,4.2544431863626746e-05,0.053090445557341596,40
36005033601.0,36005033601.0,0.0,0.005581887690762625,5.760803303912431e-05,0.03445473264736661,109
36005033602.0,36005033602.0,0.0,0.00911120785140495,7.077507255262108e-05,0.06314950040747776,22
36005033801.0,36005033801.0,0.0,0.004502693569443435,4.826290125673076e-05,0.029233256304814128,60
36005033802.0,36005033802.0,0.0,0.006070421136372099,5.408952185435964e-05,0.03981711078301729,21
36005034000.0,36005034000.0,0.0,0.0026913092226525277,5.137926567417537e-05,0.015500297979280214,129
36005034200.0,36005034200.0,0.0,0.002122701956459356,2.4611542176145083e-05,0.013530043061591179,203
36005034300.0,36005034300.0,0.0,0.006397503135053868,1.3638161709220794e-05,0.045574258473597494,85
36005034400.0,36005034400.0,0.0,0.00253511547326619,1.2081312764701269e-05,0.017844900213902195,129
36005034800.0,36005034800.0,0.004201680672268907,0.00178111807290625,2.1665312583986944e-05,0.010999054074454383,238
36005035900.0,36005035900.0,0.0,0.0023113381211530507,3.561603862588677e-05,0.013617778688377106,221
36005036000.0,36005036000.0,0.0,0.0028562026515083546,4.734573589324538e-05,0.017251063550388947,175
36005036300.0,36005036300.0,0.0,0.003371565389784687,4.907631603931447e-05,0.019777537924389434,188
36005036400.0,36005036400.0,0.0,0.002362395845321186,2.2191942399207175e-05,0.01587244455123166,96
36005036501.0,36005036501.0,0.0,0.0037940205110313387,3.5504777662092454e-05,0.024366482272103893,60
36005036800.0,36005036800.0,0.0,0.0025703315302884827,2.3577047283838935e-05,0.016962366502470645,85
36005036901.0,36005036901.0,0.0,0.0015313233182702017,2.654714203838383e-05,0.008831107363595712,117
36005036902.0,36005036902.0,0.0,0.0021602201551746687,1.2218796118743043e-05,0.014895820945528332,91
36005037000.0,36005037000.0,0.0,0.0025906043127103353,2.364986127100789e-05,0.01746272878767045,61
36005037100.0,36005037100.0,0.0,0.002583901530027569,4.0298196341113336e-05,0.015248472457001085,129
36005037200.0,36005037200.0,0.0,0.0026857266730769894,4.666346751832538e-05,0.01589335710793742,174
36005037300.0,36005037300.0,0.0,0.0019256002457680352,1.2367639307035788e-05,0.013028395982478463,175
36005037400.0,36005037400.0,0.0,0.005368084904875623,0.0001376351284822865,0.02839105896087605,130
36005037504.0,36005037504.0,0.0,0.0016307567699616228,9.695472865660227e-06,0.01137414864257621,178
36005038200.0,36005038200.0,0.0,0.0024723151809652117,2.1810701928441362e-05,0.01655446088092393,109
36005038301.0,36005038301.0,0.0,0.0010668659671103488,1.2670022590890361e-05,0.00691174974424935,162
36005038600.0,36005038600.0,0.0,0.0018559871101990432,4.787758168994161e-05,0.01016269944689959,267
36005038700.0,36005038700.0,0.0,0.0013243167794763108,1.569753170433077e-05,0.00824007050208912,239
36005038800.0,36005038800.0,0.0,0.0028764028858678683,2.034178335567841e-05,0.019844948753190907,94
36005039000.0,36005039000.0,0.0,0.0030000624655996647,4.232003883660702e-05,0.01853465311983225,113
36005039100.0,36005039100.0,0.0,0.0017111950145492362,1.5792820739651813e-05,0.011086263812824041,179
36005039200.0,36005039200.0,0.0,0.006425384125176239,5.992306183712688e-05,0.04002821375665728,63
36005039400.0,36005039400.0,0.0,0.006163335328481516,6.260994007084369e-05,0.039316433557281386,69
36005039600.0,36005039600.0,0.0,0.0028619642561153367,4.1084018595689226e-05,0.017026093069631626,164
36005039800.0,36005039800.0,0.0,0.0023053802231055584,3.354531284747475e-05,0.014049126750666219,143
36005040302.0,36005040302.0,0.0,0.0015981608924362433,1.6406977766814656e-05,0.010552651340813074,149
36005040303.0,36005040303.0,0.0,0.00198697408546741,1.8194235507260116e-05,0.013282266573838698,140
36005040304.0,36005040304.0,0.0,0.0017457282800468314,1.6534700622092868e-05,0.011568599855699543,150
36005040400.0,36005040400.0,0.0,0.0030465974028424827,4.2447820448440044e-05,0.018269490112027338,104
36005040501.0,36005040501.0,0.0,0.001764785576251915,1.648043251973606e-05,0.011507217095239986,66
36005040502.0,36005040502.0,0.0,0.0022901590505106477,9.659230604865766e-06,0.016735656440781323,108
36005040600.0,36005040600.0,0.0,0.0032260267898305147,4.287079252843587e-05,0.01977339943655294,122
36005040701.0,36005040701.0,0.0,0.0021586982854075714,2.0125904861646943e-05,0.014074888957971609,128
36005040702.0,36005040702.0,0.0,0.0018295880104636374,6.0126220732048836e-05,0.009180816151772277,324
36005040800.0,36005040800.0,0.0,0.007014825037188839,6.2984943713983e-05,0.04512237878813313,56
36005041500.0,36005041500.0,0.0,0.0033997651202804418,4.369689627553731e-05,0.019904881669027357,180
36005041900.0,36005041900.0,0.0,0.0022343816622592276,6.525126931251302e-05,0.011273479519932274,476
36005042000.0,36005042000.0,0.0,0.004866391187194396,7.532975487119898e-05,0.02734288139715223,126
36005042200.0,36005042200.0,0.0,0.003555587939050595,6.53658914283727e-05,0.02136406943899068,88
36005042300.0,36005042300.0,0.0,0.004100534765436241,8.410673277439926e-05,0.022523200397169776,189
36005042400.0,36005042400.0,0.0,0.0037032039253329274,2.932778945045999e-05,0.02300943968938015,127
36005042800.0,36005042800.0,0.0,0.005882931131743785,1.5023276560142114e-05,0.043374012886040154,37
36005042902.0,36005042902.0,0.0,0.006825135360036083,0.0001362136800131394,0.03587544196842824,165
36005043000.0,36005043000.0,0.0,0.004032045515015069,2.8723943615814242e-05,0.026228277210339705,84
36005043101.0,36005043101.0,0.0,0.01389481037313651,4.941633524010728e-05,0.10089470291893968,21
36005043400.0,36005043400.0,0.006666666666666667,0.0027538512543427126,2.8707448614034133e-05,0.01704135227695198,150
36005043600.0,36005043600.0,0.0,0.004393238412095876,7.522488103655865e-06,0.034259131899995535,77
36005044200.0,36005044200.0,0.0,0.004251332574322633,3.480132278404317e-06,0.03334376884831281,96
36005044400.0,36005044400.0,0.0,0.00297255198685439,8.688854782978674e-06,0.021061396476172733,162
36005044800.0,36005044800.0,0.0,0.007067935870840617,1.743120724185441e-05,0.05183300268951847,49
36005044901.0,36005044901.0,0.0,0.0100833719070807,2.6333837725849326e-05,0.07075373371894984,69
36005044902.0,36005044902.0,0.0,0.008720263846334524,5.777510084911544e-05,0.05773279063402057,52
36005045600.0,36005045600.0,0.0019138755980861245,0.00566884967016421,0.0002179667745008734,0.020846657188409595,1045
36005045800.0,36005045800.0,0.0,0.0034393957826630087,4.2895435202333544e-05,0.020880831229547064,126
36005046203.0,36005046203.0,0.0,0.0029419790668659615,9.987716287531684e-05,0.013772405545953425,575
36005046204.0,36005046204.0,0.0,0.011119500778989903,3.006377609713048e-05,0.08669528611188392,22
36005046206.0,36005046206.0,0.0,0.011628356539021912,1.8439187221321953e-05,0.09575024921732597,6
36005046207.0,36005046207.0,0.0,0.0038310607556895832,4.426092397683508e-05,0.021165092897025266,273
36005046209.0,36005046209.0,0.013100436681222707,0.03430830378654523,0.002098965518600341,0.10892455418738418,229
36005048401.0,36005048401.0,0.0,0.0037640914566364103,7.490410037225001e-05,0.019359138685380098,343
36005048402.0,36005048402.0,0.0,0.008418741204250202,4.3424729177015314e-05,0.061958015643882314,24
36005050400.0,36005050400.0,0.002586206896551724,0.009881657153229334,0.0015023332366396126,0.028078483421643242,1160
36081000200.0,36081000200.0,0.0,0.0016930909238888148,1.661917516516567e-05,0.011070791555649294,223
36081000400.0,36081000400.0,0.0,0.0011111570716869678,1.0742293155741627e-05,0.0071973036670914675,230
36081000600.0,36081000600.0,0.0,0.0008534584284667134,8.913395857574787e-06,0.005345952643271824,398
36081000702.0,36081000702.0,0.0,0.0013092846787950464,2.2843528443264893e-05,0.00722735116024994,695
36081000800.0,36081000800.0,0.003968253968253968,0.0025234994176247597,6.868055049096659e-06,0.01823527196555362,252
36081001000.0,36081001000.0,0.0,0.0015624005386444789,9.916696036181768e-06,0.010916127540533721,98
36081001200.0,36081001200.0,0.0,0.0019722066510549042,1.3152485392326697e-05,0.012907408058598302,136
36081001600.0,36081001600.0,0.0,0.0013564514386727243,8.737892632843607e-06,0.0092763913305941,152
36081002400.0,36081002400.0,0.0,0.0026607835149714608,1.9218391425607294e-05,0.017495523474385953,156
36081002600.0,36081002600.0,0.0,0.002553363480468344,2.2224780737767106e-05,0.016813550047732093,113
36081002800.0,36081002800.0,0.007142857142857143,0.003926674493717766,1.7589998611397313e-05,0.02666634122761944,140
36081003000.0,36081003000.0,0.0,0.00229133123852912,9.697404588694465e-06,0.01658875469979989,66
36081003100.0,36081003100.0,0.004246284501061571,0.008051548543352282,7.253112050768608e-05,0.03455917497645643,471
36081003200.0,36081003200.0,0.003067484662576687,0.0010634151087262186,1.1771456030833606e-05,0.006669142499583181,326
36081003302.0,36081003302.0,0.0,0.0009584117150364264,2.1977381638270654e-05,0.004890539487248163,1182
36081003800.0,36081003800.0,0.0,0.0009403047535145561,1.3286043295440483e-05,0.005629837496966103,209
36081004001.0,36081004001.0,0.0,0.0009887310946191678,9.927062657307641e-06,0.00625706043576644,401
36081004002.0,36081004002.0,0.0,0.0017653008620038698,1.656782585844044e-05,0.011210427835685944,299
36081004200.0,36081004200.0,0.0,0.000775981938551402,1.2066742927870125e-05,0.004724716200908786,387
36081004300.0,36081004300.0,0.0,0.00175005194736958,7.744865133423932e-06,0.012231716709874793,234
36081004500.0,36081004500.0,0.002717391304347826,0.002145067534792367,2.1719756637006237e-05,0.013159762758008712,368
36081004700.0,36081004700.0,0.0024691358024691358,0.0029801693280834263,9.193552727497001e-06,0.019486255628122715,405
36081005000.0,36081005000.0,0.0,0.0030798189626382922,5.293910727202179e-06,0.023588708165312795,41
36081005100.0,36081005100.0,0.0,0.0016846205658683836,1.5272003255118657e-05,0.010601579005356666,344
36081005200.0,36081005200.0,0.0,0.0012371484941763736,7.532890286789216e-06,0.008417817040699153,216
36081005300.0,36081005300.0,0.0,0.0010899902959565894,2.228838938468278e-05,0.006267710244526578,350
36081005500.0,36081005500.0,0.0,0.0021828746458526552,3.6184637238174986e-05,0.012481847731313707,266
36081005700.0,36081005700.0,0.0,0.0011717167103053657,1.220297879719161e-05,0.007341254974687802,457
36081006300.0,36081006300.0,0.0,0.0009048913567691281,1.890056272433982e-05,0.005166127161355125,356
36081006501.0,36081006501.0,0.0,0.0014285345857699124,6.132894533811518e-06,0.010290385745060797,189
36081006502.0,36081006502.0,0.0,0.0016109588192478083,3.228666646430846e-05,0.009420844124753622,138
36081006900.0,36081006900.0,0.0,0.00076668274391476,1.0312643491916596e-05,0.004640608124636397,426
36081007100.0,36081007100.0,0.0,0.0009022541574226231,9.62486706917465e-06,0.005644854548385644,535
36081007300.0,36081007300.0,0.0,0.0010450102311836912,1.2188865618191959e-05,0.006912077603252926,223
36081007500.0,36081007500.0,0.0,0.0012316323722322373,1.445261866183971e-05,0.007980474758903271,213
36081007700.0,36081007700.0,0.0,0.0014968948562702879,1.5695913529651764e-05,0.009460337464780356,282
36081007900.0,36081007900.0,0.0038314176245210726,0.0027906365226918798,9.570547459553405e-06,0.019506428079506047,261
36081008300.0,36081008300.0,0.0,0.0009256745027922075,1.1229722085219413e-05,0.005806942031461401,315
36081008500.0,36081008500.0,0.0,0.0013898127954654767,1.236599494648818e-05,0.008556616669877696,394
36081009400.0,36081009400.0,0.0,0.0022484578550529682,2.4236610860504574e-05,0.014151382647971701,127
36081009500.0,36081009500.0,0.0,0.0008024273737925638,7.477540752397886e-06,0.0049655835242200415,592
36081009600.0,36081009600.0,0.0,0.002750923982548507,1.2045567025841136e-05,0.01844870842402703,221
36081009700.0,36081009700.0,0.0,0.0016629991688272784,4.871450190374909e-06,0.012427677682538553,132
36081009800.0,36081009800.0,0.0,0.0014972218415824534,2.4172835361182905e-05,0.00941218657953821,177
36081010000.0,36081010000.0,0.0,0.001956696487525857,2.9820200332803016e-05,0.011661084420971071,194
36081010100.0,36081010100.0,0.0,0.0021479541136711876,5.50898264555234e-06,0.01677853171532325,99
36081010200.0,36081010200.0,0.0,0.0023951445891664063,2.4693731722638842e-05,0.015124121156746361,194
36081010300.0,36081010300.0,0.0,0.001974755834142645,1.0511235878643955e-05,0.01372624993504525,145
36081010400.0,36081010400.0,0.0,0.0017771529341920555,1.5856645075025028e-05,0.011593846143907516,173
36081010500.0,36081010500.0,0.0,0.0035900923587194925,4.435691523131751e-06,0.027565839878693522,86
36081010800.0,36081010800.0,0.0,0.001636491154173491,1.637037864107388e-05,0.01078640730690575,160
36081011000.0,36081011000.0,0.0,0.0015863646868883952,1.8308701873240817e-05,0.01027169002577947,168
36081011100.0,36081011100.0,0.0,0.0029494814129958106,8.438731754871674e-06,0.02189311046334929,112
36081011200.0,36081011200.0,0.0,0.0014443145765180836,2.8411082762491653e-05,0.008236083155001241,199
36081011300.0,36081011300.0,0.0,0.0022699805728121566,2.2799080859065608e-05,0.014255679111569584,95
36081011400.0,36081011400.0,0.0,0.001476886666150905,1.382628723985588e-05,0.009676061095386235,120
36081011500.0,36081011500.0,0.0,0.0018496354245694888,1.1527971424430611e-05,0.012402343148458481,128
36081011600.0,36081011600.0,0.0,0.0017231308612565424,1.4757959749669791e-05,0.011410376089225948,120
36081011700.0,36081011700.0,0.013333333333333334,0.011059484338346661,5.416256024774801e-05,0.060858804810492405,150
36081011800.0,36081011800.0,0.0,0.0014316157445533545,1.759677709152436e-05,0.008740617961567262,184
36081011900.0,36081011900.0,0.0,0.003801611185325497,2.202608731271707e-05,0.0252513026303974,84
36081012000.0,36081012000.0,0.0,0.0015207714800676907,3.439678040206134e-05,0.008446384938748065,248
36081012100.0,36081012100.0,0.0,0.0035058018260737617,2.1708136507303653e-05,0.02322317240328313,117
36081012200.0,36081012200.0,0.0,0.0013306103057206446,1.7124506809082512e-05,0.007815976288695532,432
36081012400.0,36081012400.0,0.0,0.001611897067263402,1.5710165755650627e-05,0.010579742508609996,183
36081012601.0,36081012601.0,0.0,0.0017026843389175176,1.7649130973909588e-05,0.011086320471169126,125
36081012602.0,36081012602.0,0.0,0.00208611935371962,1.4129250638899919e-05,0.014404601847524965,83
36081012800.0,36081012800.0,0.0,0.002505177827305289,1.7749932510741594e-05,0.016669011415182386,132
36081013200.0,36081013200.0,0.0,0.001795528742685535,2.328770918746504e-05,0.010655083679905664,261
36081013400.0,36081013400.0,0.0,0.0018928157669446776,2.6355149468889964e-05,0.011333941911636062,282
36081013500.0,36081013500.0,0.0,0.004887878593428813,5.176755225572104e-05,0.03122697965193058,87
36081014000.0,36081014000.0,0.0,0.0017914847310309813,3.337980260408125e-05,0.010763148523779183,205
36081014201.0,36081014201.0,0.0,0.002226963846187255,1.7232388936211244e-05,0.014377502332593094,187
36081014300.0,36081014300.0,0.0,0.002089329791331102,2.5700770622738898e-05,0.012390355300709338,236
36081014500.0,36081014500.0,0.0,0.0036784761427563284,2.590063776387562e-05,0.02437279547044599,125
36081014700.0,36081014700.0,0.0,0.0015577154408281133,3.818407894051915e-05,0.00863765078472342,182
36081014800.0,36081014800.0,0.0,0.002771399726876078,4.091537384025169e-05,0.01678542887982695,182
36081014900.0,36081014900.0,0.0,0.001471130577813387,1.5094219647061047e-05,0.009590609666952193,169
36081015000.0,36081015000.0,0.0,0.0034843685835360717,4.378673772409966e-05,0.021446964448285376,118
36081015100.0,36081015100.0,0.0,0.001910979530127934,2.0768969100894966e-05,0.01188714190936142,198
36081015200.0,36081015200.0,0.010113780025284451,0.03330958373656315,0.00870089170090187,0.0777015385937207,791
36081015300.0,36081015300.0,0.0,0.001762580655690789,1.3085235762676059e-05,0.011880699836643705,200
36081015400.0,36081015400.0,0.0,0.003718454502557915,3.9872770855051707e-05,0.022981210754501085,120
36081015600.0,36081015600.0,0.0,0.0027205755046010274,3.899633386193494e-05,0.016276262282414317,209
36081015700.0,36081015700.0,0.0,0.001618386143052694,2.9670632703518123e-05,0.009637085422134505,322
36081015801.0,36081015801.0,0.0,0.0015740782148765228,4.3465343001100665e-05,0.008100863968744125,695
36081015802.0,36081015802.0,0.0,0.0017798722210368833,1.7231285548860346e-05,0.011576955189870244,164
36081016100.0,36081016100.0,0.0,0.002480871478411753,1.3961359250356259e-05,0.015089754307257536,333
36081016400.0,36081016400.0,0.0,0.002012270520449212,9.146697623085405e-06,0.013921788989289741,116
36081016800.0,36081016800.0,0.0,0.0013083805008742855,1.6077782728240874e-05,0.008150115255168868,217
36081016900.0,36081016900.0,0.0,0.002235411717601482,3.206108505725894e-05,0.013327076218900327,186
36081017000.0,36081017000.0,0.0,0.0016453946012151245,1.571364772295484e-05,0.010495114611253097,295
36081017200.0,36081017200.0,0.005376344086021506,0.001909112915956963,1.0329201491747116e-05,0.012895054737879793,186
36081017400.0,36081017400.0,0.0,0.0014345001964551787,1.1359393226130281e-05,0.0095580994191218,265
36081017600.0,36081017600.0,0.003003003003003003,0.0011745884212460932,1.2935281524179674e-05,0.007301705395670969,333
36081017800.0,36081017800.0,0.004310344827586207,0.0013887877364273848,1.9817780706816418e-05,0.00833021863286041,232
36081017901.0,36081017901.0,0.0,0.0015138849611232728,1.222638243301956e-05,0.009475860875263828,390
36081017902.0,36081017902.0,0.0015544041450777201,0.0029839497534681083,5.341842536759052e-05,0.012091343232822849,1930
36081018000.0,36081018000.0,0.0,0.0017181080576565424,1.7155236912474614e-05,0.01053609644589822,185
36081018101.0,36081018101.0,0.0,0.0015275352877783777,8.889190819084969e-06,0.01039508217082634,289
36081018102.0,36081018102.0,0.0,0.00142889535171496,9.801479721353733e-06,0.009393969740695418,370
36081018200.0,36081018200.0,0.0028089887640449437,0.002319401701548789,1.790108194672686e-05,0.01241833374693076,1068
36081018300.0,36081018300.0,0.0,0.001591311831953252,2.9925985519349663e-05,0.009097818317154071,501
36081018401.0,36081018401.0,0.0,0.0021098703121756536,1.686888042014081e-05,0.013911534509296329,115
36081018402.0,36081018402.0,0.0,0.0015347871837536732,1.2098489327526312e-05,0.010122459682726988,166
36081018501.0,36081018501.0,0.0,0.0025218656925587338,1.3908005663260477e-05,0.017603408680436212,111
36081018502.0,36081018502.0,0.0,0.0016811447263081803,2.096970057716705e-05,0.010841685070243271,105
36081018600.0,36081018600.0,0.0,0.001102436292915931,1.65380547951876e-05,0.006636863450771101,348
36081018700.0,36081018700.0,0.00048449612403100775,0.0015284625677147435,3.65648564648413e-05,0.006702033575925616,2064
36081018800.0,36081018800.0,0.0,0.001044714005300371,1.0692035359293486e-05,0.006626025785958174,507
36081018900.0,36081018900.0,0.0,0.0013011240042385584,2.809638072302847e-05,0.007424763257734039,404
36081019000.0,36081019000.0,0.0,0.0014136381852852804,2.1685519863459823e-05,0.008526337992081868,169
36081019200.0,36081019200.0,0.0,0.001105605608119658,1.5455268961701164e-05,0.006355180282810662,697
36081019400.0,36081019400.0,0.0013736263736263737,0.002954006513163954,0.0001605191542738515,0.011438703214283885,1456
36081019600.0,36081019600.0,0.0,0.0022842105424139055,4.976687858194929e-05,0.012861047208908035,194
36081019800.0,36081019800.0,0.0,0.0034900067457068794,4.562031275521309e-05,0.020508249178484567,191
36081019901.0,36081019901.0,0.0,0.0009930316203777244,2.2209077221046117e-05,0.0047096961371030505,1755
36081019902.0,36081019902.0,0.003230272265805261,0.00867503233581123,0.001751963512689613,0.021861426462609832,2167
36081020200.0,36081020200.0,0.0,0.0012912574125136303,4.835779071770245e-05,0.005914005422832358,1453
36081020400.0,36081020400.0,0.0,0.002546118215132134,5.3967319260148876e-05,0.013328106420847663,357
36081020600.0,36081020600.0,0.0,0.0019618398651168605,3.156864986467725e-05,0.010610309777728255,614
36081020800.0,36081020800.0,0.0008012820512820513,0.0016682484780327833,4.655789374133488e-05,0.007082502566079352,2496
36081021200.0,36081021200.0,0.0006747638326585695,0.0014831972852424624,3.926118915414169e-05,0.00716424930660339,1482
36081021400.0,36081021400.0,0.0,0.000700095348670464,2.4066547218348e-05,0.003273238988581393,2205
36081021602.0,36081021602.0,0.0,0.0014996411618441452,3.127142747236803e-05,0.008196116958419049,506
36081021603.0,36081021603.0,0.0,0.0013749304636120423,3.1248041101210505e-05,0.0072410954723272246,667
36081022002.0,36081022002.0,0.001430615164520744,0.001818013345453943,3.8068554137663566e-05,0.00968222778295853,699
36081023000.0,36081023000.0,0.0,0.0017368707904334645,1.889287073574386e-05,0.010916780876929015,175
36081023200.0,36081023200.0,0.0,0.001431266089474964,8.188323928897683e-06,0.009742916727320411,288
36081023501.0,36081023501.0,0.0,0.003075792892805797,5.030956236962041e-05,0.016727647410483083,307
36081023502.0,36081023502.0,0.0,0.002144634313428561,2.5912933228665225e-05,0.013645790006026164,148
36081023600.0,36081023600.0,0.0,0.00122423122099996,1.3791201838823218e-05,0.007629987048397003,398
36081023800.0,36081023800.0,0.0,0.0012445319811155739,7.821961757223152e-06,0.008330619161297905,371
36081024000.0,36081024000.0,0.0,0.001337803858552458,2.227865811058844e-05,0.007691241859725207,331
36081024600.0,36081024600.0,0.0,0.002248258291180442,7.515678350239986e-05,0.010905093025340809,495
36081025100.0,36081025100.0,0.0,0.001230056642148787,3.302707727066782e-05,0.006519410910562506,625
36081025301.0,36081025301.0,0.0,0.0015203963647331712,1.3926589890151852e-05,0.00886145815575788,539
36081025302.0,36081025302.0,0.0,0.0016623033096023953,1.534983054294318e-05,0.010255068125044208,446
36081025401.0,36081025401.0,0.012552301255230125,0.032264905414185384,0.0008915589920904226,0.10568698986231047,239
36081025402.0,36081025402.0,0.0035087719298245615,0.006265026466122271,9.884996183934778e-05,0.030582696045751468,285
36081025500.0,36081025500.0,0.0,0.0019863526660452214,5.6903062160423104e-05,0.011116985472695745,299
36081025700.0,36081025700.0,0.0,0.0017449147827149573,2.3497459047289603e-05,0.010653314989000667,236
36081025800.0,36081025800.0,0.0,0.0033079824624093375,2.293600987007972e-05,0.021910801801148544,119
36081025900.0,36081025900.0,0.0,0.0014625938392570277,1.3257344433592255e-05,0.009193971774236538,274
36081026000.0,36081026000.0,0.0,0.003821944353248706,4.8332113075106486e-05,0.023721753205180576,107
36081026200.0,36081026200.0,0.0,0.0021633241200904475,1.4788789752432951e-05,0.014412873424148499,188
36081026400.0,36081026400.0,0.0,0.0019036753330729855,2.6882962758110144e-05,0.011552681946521351,114
36081026600.0,36081026600.0,0.0,0.0023946863018830277,8.14592646321019e-06,0.017317511842963748,115
36081026700.0,36081026700.0,0.0,0.0010669436959312958,3.8509757274457294e-05,0.005425456177341305,625
36081026901.0,36081026901.0,0.0,0.001232358139729361,1.7809963318147096e-05,0.007613376692144535,226
36081026902.0,36081026902.0,0.0,0.0017986136706050263,1.6594263356623378e-05,0.012025548094997982,115
36081027000.0,36081027000.0,0.0,0.0017138961744989551,1.4423549147330598e-05,0.011207134219236286,141
36081027101.0,36081027101.0,0.0,0.0016546321259685464,1.695488217452771e-05,0.011299153567661003,85
36081027102.0,36081027102.0,0.0,0.0017153203194618194,1.2253924651758589e-05,0.011818065441422816,75
36081027200.0,36081027200.0,0.0,0.00183236073933557,1.1611635438003981e-05,0.012139543586904616,79
36081027301.0,36081027301.0,0.0,0.0015036721563803238,1.8188429760842557e-05,0.00982834816263351,69
36081027302.0,36081027302.0,0.0,0.001748516080999833,2.187650315934755e-05,0.010970608060638013,191
36081027400.0,36081027400.0,0.011111111111111112,0.0017563828782364297,1.2106149748096204e-05,0.012472805537050253,90
36081027500.0,36081027500.0,0.0,0.001275743134101213,2.9805521681226836e-05,0.007130527138128357,182
36081027600.0,36081027600.0,0.0,0.0017138504899231006,1.2708788942524152e-05,0.011632391779426748,110
36081027701.0,36081027701.0,0.0,0.0019627347025530715,9.61907527693644e-06,0.014091352375898583,70
36081027702.0,36081027702.0,0.0,0.0020972982220968583,1.2991241951681275e-05,0.014725528670393642,110
36081027800.0,36081027800.0,0.0,0.0021051890932274916,9.164322376095544e-06,0.014631447881643408,86
36081027900.0,36081027900.0,0.0,0.0014064970130373644,1.5047676312387563e-05,0.008834954468017513,248
36081028000.0,36081028000.0,0.0,0.0016201286406770123,1.6512640256001642e-05,0.010651626639052534,119
36081028100.0,36081028100.0,0.0,0.0016484858522992987,1.4476532273838364e-05,0.010633931124222975,180
36081028200.0,36081028200.0,0.0,0.002326543569066852,9.537995928621724e-06,0.016431243887047014,64
36081028300.0,36081028300.0,0.0,0.0013929020476766017,1.9191199961996115e-05,0.008485067522737533,229
36081028400.0,36081028400.0,0.0,0.0017817596635909504,1.5706327001485495e-05,0.011782291750744339,167
36081028500.0,36081028500.0,0.0,0.0015767136202691362,1.1920958232918551e-05,0.010628730716587839,198
36081028700.0,36081028700.0,0.0,0.0013191458408192997,7.802913964636442e-06,0.008514452236287851,425
36081028801.0,36081028801.0,0.0,0.0021955169962060723,8.913517270706799e-06,0.016489262613996403,35
36081028802.0,36081028802.0,0.0,0.0023044737203774114,1.2126931271229557e-05,0.01623389053437819,95
36081028900.0,36081028900.0,0.0,0.0014201295415760616,1.374169212615236e-05,0.009069761979107156,320
36081030903.0,36081030903.0,0.0,0.0014586395859397334,3.984358813887661e-05,0.0076428526271486675,460
36081032700.0,36081032700.0,0.0,0.002216424381662614,2.9093163757136504e-05,0.013500980112506764,219
36081032800.0,36081032800.0,0.0048543689320388345,0.0054562041965100045,4.2610829956001576e-05,0.03234055306470108,206
36081033000.0,36081033000.0,0.0,0.0015481866469013437,3.984429731169328e-05,0.008294949176967523,502
36081033401.0,36081033401.0,0.0,0.001360235131212091,2.2025730714131425e-05,0.0085266841070974,201
36081033403.0,36081033403.0,0.0,0.0031830215876089704,1.0987742254619232e-05,0.024270411395072786,53
36081033404.0,36081033404.0,0.0,0.003949460371551015,1.061489742661479e-05,0.030111514830128087,26
36081033405.0,36081033405.0,0.0,0.0024168667322777247,5.800123017521019e-06,0.018546218483139646,124
36081033700.0,36081033700.0,0.0,0.001861130640065729,1.9158372906691347e-05,0.01169118174341477,208
36081033900.0,36081033900.0,0.0,0.0022478704794892898,3.295493996547633e-05,0.013239321493032787,170
36081035100.0,36081035100.0,0.0,0.002213867480330273,4.039151780777589e-05,0.012510221498683206,235
36081035200.0,36081035200.0,0.0,0.0013947790078850946,2.228135128606889e-05,0.008017509606779558,337
36081035300.0,36081035300.0,0.0,0.0023891406241846043,4.830486313828001e-05,0.013574698428228787,248
36081035800.0,36081035800.0,0.0,0.002414340689354504,3.0078672714370912e-05,0.015151519013972183,155
36081036100.0,36081036100.0,0.0,0.0029191741821991057,5.158506422066204e-05,0.016742854487749356,200
36081036300.0,36081036300.0,0.0,0.0026307425277118414,2.0659662181055472e-05,0.0175147645240487,126
36081036500.0,36081036500.0,0.0,0.002259807102199613,2.747030975015705e-05,0.013585761949489938,186
36081036600.0,36081036600.0,0.0,0.0015743502299107662,2.571320705112605e-05,0.009580481858342465,226
36081036700.0,36081036700.0,0.0048543689320388345,0.007383593928588462,4.987261688367097e-05,0.03955710188026243,206
36081036800.0,36081036800.0,0.0,0.0024578453040146994,5.220973182582822e-06,0.018549829504305483,111
36081037501.0,36081037501.0,0.0,0.0013541844840372574,1.4982130973770424e-05,0.008986839026016597,79
36081037502.0,36081037502.0,0.0,0.0014922303611154342,3.4182365713569785e-05,0.008987099161130878,92
36081037600.0,36081037600.0,0.0,0.0011467677433243519,1.879165107642804e-05,0.00667005226622753,387
36081037700.0,36081037700.0,0.0,0.0017768374059150928,2.694971656979485e-05,0.010798321010005964,154
36081037900.0,36081037900.0,0.0,0.0015306190193571318,2.6260919449983377e-05,0.008975481245256059,236
36081038301.0,36081038301.0,0.005695687550854353,0.024336949775016173,0.0067272621992610455,0.054968860257463156,1229
36081038400.0,36081038400.0,0.0,0.0013924690640999997,1.3760571365391129e-05,0.008996629643861375,164
36081039400.0,36081039400.0,0.0,0.00204536511039971,8.201764132491752e-06,0.014036308533562043,165
36081039800.0,36081039800.0,0.0,0.00309268548077989,2.8399863304446973e-05,0.019257642305660124,94
36081039901.0,36081039901.0,0.0,0.0033634850840859286,2.2423767478306966e-05,0.022403054412816314,153
36081039902.0,36081039902.0,0.0,0.0045079931571497,1.9841196580750944e-05,0.031441247505236525,59
36081040000.0,36081040000.0,0.0,0.00477258295719798,3.054554770240292e-05,0.031365855905348,57
36081040101.0,36081040101.0,0.0,0.0029040020918913406,2.7440073020793532e-05,0.019166096429455375,106
36081040200.0,36081040200.0,0.01694915254237288,0.017067340262675014,8.078842006255367e-05,0.10218850059326774,59
36081040301.0,36081040301.0,0.0,0.0018663951492162716,1.8413240899980226e-05,0.012409625471480716,92
36081040302.0,36081040302.0,0.0,0.0018538156861815861,1.7042151014353234e-05,0.012606644397382363,89
36081040400.0,36081040400.0,0.0,0.005730624626240758,8.565631520985993e-05,0.03263617065505967,120
36081040501.0,36081040501.0,0.0,0.0015276439869732973,1.7503589064785928e-05,0.00957050877471378,60
36081040502.0,36081040502.0,0.0,0.00249135685245421,9.518127958134759e-06,0.018118918943164097,29
36081040701.0,36081040701.0,0.0,0.0015567241575225109,1.4349750339593888e-05,0.010468648105844521,59
36081040702.0,36081040702.0,0.0,0.0016645866216321284,1.9605444339712708e-05,0.010961458077788061,67
36081041100.0,36081041100.0,0.0,0.0008957195433933013,1.7336000407284017e-05,0.005304606144854141,209
36081041300.0,36081041300.0,0.0,0.0012348789025713003,2.2979508842969386e-05,0.007350806557470876,86
36081041400.0,36081041400.0,0.0,0.003258255562181079,4.302515972319988e-05,0.019415133169451586,186
36081041500.0,36081041500.0,0.0,0.002719857649506498,3.055500432686841e-05,0.0174848719194087,58
36081042700.0,36081042700.0,0.0,0.0027321867615712515,1.791710461185718e-05,0.018364240311017684,90
36081043701.0,36081043701.0,0.0017391304347826088,0.0011094179555572812,1.65379701152119e-05,0.006674948875982195,575
36081043702.0,36081043702.0,0.0,0.0006947046312641388,9.579941236748667e-06,0.004335906914060764,470
36081043900.0,36081043900.0,0.0,0.002002898588697502,2.0295891090247612e-05,0.012652105675479319,98
36081044000.0,36081044000.0,0.0,0.00322624196293516,2.0710692770341523e-05,0.01933058959278778,288
36081044301.0,36081044301.0,0.0,0.0013393237624522347,1.1258872807122378e-05,0.0090935348498062,94
36081044302.0,36081044302.0,0.0,0.0008005892717521951,1.0858325757487869e-05,0.0051259033968541565,259
36081044400.0,36081044400.0,0.0031120331950207467,0.00726210699231514,0.0007802338121354668,0.022730894701199867,964
36081044601.0,36081044601.0,0.0,0.0025222922447075144,3.356765232177437e-05,0.01508805235048558,251
36081044602.0,36081044602.0,0.0,0.001643135389971987,2.5994612303827316e-05,0.009310324808732784,432
36081044800.0,36081044800.0,0.0,0.0020227367908144983,1.3834132368196157e-05,0.01391044404916176,136
36081045000.0,36081045000.0,0.0,0.0018137379623059018,1.696131120517087e-05,0.011528224836816599,262
36081045600.0,36081045600.0,0.0019455252918287938,0.005308837042461688,9.485039585207441e-05,0.025122920755482198,514
36081045700.0,36081045700.0,0.0,0.0011382494900384844,3.738840031576776e-06,0.008397890664774981,180
36081045900.0,36081045900.0,0.0,0.0011142712256006816,7.2659787356511735e-06,0.007579820913287024,161
36081046000.0,36081046000.0,0.0022935779816513763,0.007852675439819774,0.00040248000881006957,0.03149558810398194,436
36081046100.0,36081046100.0,0.0,0.0012222202530677555,8.601079006728019e-06,0.008621983779828245,114
36081046400.0,36081046400.0,0.005780346820809248,0.019453527875562565,0.0015482222680894711,0.0649244936571297,346
36081046500.0,36081046500.0,0.0,0.0012643036640592109,1.846692146250431e-05,0.008074453505193036,75
36081046700.0,36081046700.0,0.0,0.0012624431302437034,1.3089124010023309e-05,0.007956725980530826,151
36081046800.0,36081046800.0,0.0,0.0047723995223141235,9.21453104049974e-05,0.024577657060742296,312
36081046901.0,36081046901.0,0.0,0.0018116203978501368,1.3333427508892523e-05,0.012574332105987377,94
36081046902.0,36081046902.0,0.0,0.0015039416708649146,1.5685650057109832e-05,0.009909597409281578,78
36081047000.0,36081047000.0,0.0,0.005328765171555436,0.0001058452826036361,0.02839161473570453,222
36081047300.0,36081047300.0,0.001049317943336831,0.001026887742553203,1.0603170061912106e-05,0.0062924307222366315,953
36081047801.0,36081047801.0,0.0,0.004438644498783087,7.909483549793086e-05,0.02495781354232839,155
36081047802.0,36081047802.0,0.0,0.0037362246414584235,3.1397250632361e-05,0.023727498437340535,171
36081048000.0,36081048000.0,0.0,0.004580542073400722,9.845776365838568e-05,0.02392114946744497,305
36081048100.0,36081048100.0,0.0,0.0015518355698310557,1.3984935863062703e-05,0.010080048885239635,218
36081048200.0,36081048200.0,0.003246753246753247,0.009721409969403154,0.0003572994474321538,0.04111688017258977,308
36081048400.0,36081048400.0,0.0,0.0023801507378021355,4.628087459417277e-05,0.013315861599484283,305
36081049201.0,36081049201.0,0.0016286644951140066,0.0036553622420616764,8.225067557349104e-05,0.01695442706349446,614
36081049202.0,36081049202.0,0.0,0.002535040815851814,3.863567859679585e-05,0.015187906526206775,153
36081049301.0,36081049301.0,0.0,0.0028820100323542343,2.4157584286105368e-05,0.018874510097189785,131
36081049302.0,36081049302.0,0.0,0.0007879420023915465,1.7926287140508505e-05,0.00451879705280017,547
36081049500.0,36081049500.0,0.0,0.0005121961058352216,1.0359346852255383e-05,0.0027178976121104742,1718
36081049600.0,36081049600.0,0.0,0.0021292316143861453,2.958729474066046e-05,0.012569503074573253,188
36081049700.0,36081049700.0,0.0,0.001992977952785256,7.971293364593935e-06,0.01445150117504017,90
36081050202.0,36081050202.0,0.0,0.004143221642113129,4.057907175706392e-05,0.026687420861989813,87
36081050400.0,36081050400.0,0.0,0.0053641723089304875,5.937869782328636e-05,0.03422309912811147,68
36081050600.0,36081050600.0,0.0,0.004481111639341034,3.93996283566142e-05,0.029649549143267884,74
36081050800.0,36081050800.0,0.0,0.0025881289460956644,2.9537163178403744e-05,0.0163804015015069,97
36081051000.0,36081051000.0,0.0,0.002608640534436765,3.1885556869101427e-05,0.016723707791245226,68
36081051200.0,36081051200.0,0.004016064257028112,0.0032564949601240406,3.8967441374334835e-05,0.018839333123810795,249
36081051600.0,36081051600.0,0.0,0.0026180408797344882,1.7678307865678184e-05,0.017415799991379526,79
36081051800.0,36081051800.0,0.0,0.002511742341350328,2.0216438703766444e-05,0.016303705038615085,55
36081052000.0,36081052000.0,0.0,0.0030503612216572604,1.0170996603774489e-05,0.02144022057310241,94
36081052100.0,36081052100.0,0.0,0.0019641117203515255,1.6482273155377917e-05,0.012374814809464417,171
36081052200.0,36081052200.0,0.0,0.002946634292799535,2.587922418539497e-05,0.01894695799330425,56
36081052400.0,36081052400.0,0.0,0.005087834956380642,3.531701759410016e-05,0.03465783587776284,49
36081052600.0,36081052600.0,0.0,0.003227419048791443,1.5147819486222297e-05,0.02221578057630489,85
36081052800.0,36081052800.0,0.0,0.0021568866058759707,1.8729218783809418e-05,0.014086655688824052,75
36081053000.0,36081053000.0,0.0,0.0015856338802843122,2.11346944926136e-05,0.009602219950499754,145
36081053200.0,36081053200.0,0.0,0.002147700603461101,1.99235279090884e-05,0.014139124894845161,93
36081053601.0,36081053601.0,0.01282051282051282,0.008409746662631123,1.1792247800703139e-05,0.0594122446150758,78
36081053800.0,36081053800.0,0.0,0.002898414136362543,8.867221170175487e-06,0.021478225655743585,51
36081053901.0,36081053901.0,0.0,0.0013857734642577849,5.259841438345563e-05,0.007003840297125694,553
36081053902.0,36081053902.0,0.0,0.005625885897158474,6.930217499985586e-05,0.03488144214947653,101
36081054000.0,36081054000.0,0.0,0.0014814967189795932,1.70397623731775e-05,0.008703025107082962,349
36081054200.0,36081054200.0,0.0,0.0014189526274372903,2.4166946860419666e-05,0.007917530205090083,398
36081054500.0,36081054500.0,0.0,0.0013792696349519782,8.763171248514176e-06,0.009553932214540189,174
36081054700.0,36081054700.0,0.0,0.0011909941527800288,7.912204735974822e-06,0.008144737906264347,225
36081054800.0,36081054800.0,0.0,0.0024481632255502974,2.1675850509290737e-05,0.01544809730750355,190
36081054900.0,36081054900.0,0.0,0.0009536339878606749,8.120886244294733e-06,0.00632226742936972,284
36081055100.0,36081055100.0,0.0,0.0009077976614338361,7.238376475828845e-06,0.005942478780157205,325
36081055300.0,36081055300.0,0.0,0.0013633112734280867,4.586780201348205e-06,0.009919017547380615,151
36081055400.0,36081055400.0,0.0,0.003718272100888599,2.251305718586479e-05,0.025359854477908658,91
36081055500.0,36081055500.0,0.0,0.0011547180129225215,9.160300207748777e-06,0.007999142379115119,185
36081055600.0,36081055600.0,0.0,0.003933651566268073,1.885093402911258e-05,0.02830462031320545,23
36081055700.0,36081055700.0,0.0,0.0008138609683655862,1.5352006174743762e-05,0.0047423057800338,273
36081055800.0,36081055800.0,0.0,0.0036143246312050977,1.2616515849652925e-05,0.02672451196791437,19
36081055900.0,36081055900.0,0.0,0.0011816293068638126,1.4160697162767767e-05,0.007519645921732614,246
36081056100.0,36081056100.0,0.0012531328320802004,0.0014614545063219974,0.00010941634218744348,0.005315159722722102,3192
36081056200.0,36081056200.0,0.0,0.003495692599340201,8.744848916110247e-06,0.02714414569341977,47
36081056500.0,36081056500.0,0.0,0.0015551034232577728,5.141923886272888e-06,0.011214336096103221,256
36081056600.0,36081056600.0,0.0,0.0023392748303086405,9.811712405495945e-06,0.016011281319323944,107
36081056700.0,36081056700.0,0.0,0.0011386093259556239,1.3451222261061175e-05,0.007304625752975713,151
36081057700.0,36081057700.0,0.0,0.001195987735416031,1.3888770467011264e-05,0.007601477290953884,144
36081057900.0,36081057900.0,0.0,0.0019880911271833173,6.534614931607866e-06,0.014359898088971241,26
36081058200.0,36081058200.0,0.0,0.0014338140481885346,1.3316398702741362e-05,0.00902510987321999,239
36081058500.0,36081058500.0,0.0,0.0010531410870035722,7.458032785314347e-06,0.007002705831211189,199
36081058700.0,36081058700.0,0.0,0.0017320485340189173,6.236954229915003e-06,0.012991039129607305,99
36081058900.0,36081058900.0,0.0,0.0010530623870259504,1.262503917599059e-05,0.006680111985545923,260
36081059000.0,36081059000.0,0.0,0.0020142574541579753,9.277544508826314e-06,0.014116321729753327,16
36081059100.0,36081059100.0,0.0,0.0013140576615092066,1.6150393591759736e-05,0.007818905496767276,370
36081059300.0,36081059300.0,0.0020833333333333333,0.0014035909036793372,2.873899084654106e-05,0.007831904718739863,480
36081059501.0,36081059501.0,0.0,0.0019451287474833538,4.67409466407026e-05,0.010473956808373127,330
36081059900.0,36081059900.0,0.0,0.0032522678071749025,2.8684139684888166e-05,0.021755877496008037,104
36081060600.0,36081060600.0,0.0,0.0019890534134870846,7.153244107446144e-06,0.013964502626297604,42
36081060800.0,36081060800.0,0.0,0.0016450557157422867,9.401381422079842e-06,0.011517803061118078,61
36081061000.0,36081061000.0,0.0,0.0017368151197220492,8.124021362035773e-06,0.012650493998146092,104
36081061200.0,36081061200.0,0.0,0.0017696810804484653,1.13470538553411e-05,0.012405548535389974,97
36081061302.0,36081061302.0,0.0,0.0012642543342011418,1.6557009631367184e-05,0.007963042700219698,210
36081061400.0,36081061400.0,0.0,0.002352444578225768,1.8531902191037134e-05,0.015403512879246942,212
36081061601.0,36081061601.0,0.0,0.0033365564515629637,2.6957309401377287e-05,0.020636000953047663,148
36081061800.0,36081061800.0,0.0,0.005435154699875768,5.369598744224492e-05,0.032260332260684206,137
36081062300.0,36081062300.0,0.0,0.00254831661405126,1.5061768353569946e-05,0.017966147236051843,41
36081062500.0,36081062500.0,0.0,0.0018598874673632245,1.432646004083468e-05,0.013174419374994839,66
36081062600.0,36081062600.0,0.0,0.002040615707249982,9.815352089743272e-06,0.014521065834229813,161
36081062700.0,36081062700.0,0.0,0.001875078411868652,1.215567409048349e-05,0.013056742392663823,40
36081062900.0,36081062900.0,0.0,0.001941039429139521,1.4195994098934088e-05,0.013333180096462463,100
36081063200.0,36081063200.0,0.0,0.004481628509220754,6.304914617722153e-05,0.02639505730093094,128
36081064101.0,36081064101.0,0.0,0.003247174163306695,1.0040018120383122e-05,0.023317894499546764,127
36081064500.0,36081064500.0,0.0,0.0011590554981469542,1.5214352816126833e-05,0.00679095696645078,395
36081064600.0,36081064600.0,0.0,0.003218142206676758,2.5228745487642073e-05,0.019709349960776806,217
36081065000.0,36081065000.0,0.0,0.003276650988017438,5.47428287935526e-05,0.01830722912948689,235
36081065401.0,36081065401.0,0.0,0.006701001308023796,0.0002017909766722997,0.031379419327174064,325
36081065402.0,36081065402.0,0.0,0.012543075317204366,0.0003365903806435706,0.06754221263520939,60
36081065600.0,36081065600.0,0.08363636363636363,0.35392574800540066,0.15528810078605368,0.6221841578273019,275
36081065702.0,36081065702.0,0.0,0.0013112103132115755,9.259109423995132e-06,0.008971852371096708,64
36081065703.0,36081065703.0,0.0,0.0008931598299428925,1.0038313144734435e-05,0.005677681537972826,166
36081066000.0,36081066000.0,0.0,0.012396722471226031,0.0001026037963205482,0.0674063690497053,135
36081066301.0,36081066301.0,0.0,0.0008046785013190806,5.807066687707563e-06,0.005504442618036147,161
36081066302.0,36081066302.0,0.0,0.0009517929051905015,4.684963115965508e-06,0.006919710947679587,92
36081066402.0,36081066402.0,0.0,0.021544837300433606,0.000653534919748947,0.10490089123096473,71
36081066403.0,36081066403.0,0.0,0.019996173251743084,0.000274219705518516,0.09787649318271115,114
36081066701.0,36081066701.0,0.0,0.0009334066694784214,6.922711884878291e-06,0.006305338621159135,260
36081067100.0,36081067100.0,0.0,0.0008104232489783176,4.5934533431177045e-06,0.005496704344327596,105
36081067700.0,36081067700.0,0.0,0.0008730793836281442,4.727566801260155e-06,0.006057551109404213,129
36081068200.0,36081068200.0,0.0,0.003163945417443508,1.222762063584348e-05,0.021298293950346058,212
36081068300.0,36081068300.0,0.001059322033898305,0.000785909266052951,6.1105801940636295e-06,0.005376837296479405,944
36081069300.0,36081069300.0,0.0,0.0004763152474470519,3.864850254171037e-06,0.003210006626144672,498
36081069500.0,36081069500.0,0.0,0.0007168501842228351,2.0068353903514575e-06,0.005242768877248385,239
36081069701.0,36081069701.0,0.0,0.0006233060429387845,3.899384114449657e-06,0.004261813086759646,217
36081070700.0,36081070700.0,0.0,0.001255737026983209,5.478361993529399e-06,0.008975753684255346,114
36081071303.0,36081071303.0,0.0,0.000804410724763215,3.457304953105273e-06,0.00550919604642056,284
36081071304.0,36081071304.0,0.006369426751592357,0.001495315139836703,4.952044725578348e-06,0.011473374228335694,157
36081071305.0,36081071305.0,0.0,0.0008434154397180834,2.482886318009696e-06,0.0060570705824733026,293
36081071701.0,36081071701.0,0.0,0.0005612807556283756,4.882783315564203e-06,0.0037464987363469023,210
36081071900.0,36081071900.0,0.0,0.0005855642775261465,6.830128371394282e-06,0.0036986157519027086,609
36081072100.0,36081072100.0,0.0,0.0007686964986389822,5.774401165122992e-06,0.005245768307356593,88
36081072300.0,36081072300.0,0.0,0.0010563671204018934,7.574211518299554e-06,0.007152514948249786,183
36081072900.0,36081072900.0,0.0,0.0016068611997300222,6.696136238155424e-06,0.011507700915866542,75
36081073700.0,36081073700.0,0.0,0.0008551364895812316,8.36945099239296e-06,0.005464371899883826,363
36081073900.0,36081073900.0,0.0,0.0006836436552753813,1.026205920472148e-05,0.004045238935893515,509
36081074100.0,36081074100.0,0.0,0.0011313203166590717,6.462177395110299e-06,0.007734848495249868,103
36081074300.0,36081074300.0,0.0,0.001125379971196428,4.695290487748743e-06,0.007775713566940787,124
36081074500.0,36081074500.0,0.0,0.0007841809292477058,1.1862358460116427e-05,0.004444642084289283,1000
36081074700.0,36081074700.0,0.0,0.0015422551976654183,1.4797450412173562e-05,0.010539880165628316,98
36081075701.0,36081075701.0,0.0,0.0010251922831836734,1.925634088012741e-05,0.005572225012794827,619
36081075702.0,36081075702.0,0.0,0.0011635720106634617,1.2706226367601264e-05,0.007037875666983014,404
36081077902.0,36081077902.0,0.0,0.005208814625934461,6.58574887183821e-05,0.031203661875527526,144
36081077903.0,36081077903.0,0.008333333333333333,0.012718101740717738,9.17482679438564e-05,0.06847123767283599,120
36081077904.0,36081077904.0,0.0,0.003158467930869533,4.995430262743809e-05,0.01776437367453648,235
36081077906.0,36081077906.0,0.0,0.004824973287343846,3.085559021852847e-05,0.03199905631437569,98
36081077907.0,36081077907.0,0.0,0.004500317988493377,2.742755475805633e-05,0.02939744899385074,117
36081077908.0,36081077908.0,0.0,0.004906777516623059,3.2593866513517173e-05,0.03399592524622622,45
36081078800.0,36081078800.0,0.0,0.0025676873629297695,1.8863042864528827e-05,0.017034821204689847,82
36081079000.0,36081079000.0,0.0007739938080495357,0.0013503134382434328,1.4386702294261183e-05,0.007351047540002625,1292
36081079200.0,36081079200.0,0.0009523809523809524,0.0013593589160846185,3.663504016283922e-05,0.0060866441775006205,2100
36081079300.0,36081079300.0,0.0,0.011072343312677882,3.160292660684906e-05,0.08450114396383171,16
36081079701.0,36081079701.0,0.0,0.0021619028970745373,2.300357684632869e-05,0.01420387406097474,102
36081079702.0,36081079702.0,0.0,0.002382279162925154,3.396657064063339e-05,0.014392834318196641,135
36081079900.0,36081079900.0,0.0,0.0029192298663350707,4.680975771725339e-06,0.021912877507442637,163
36081080301.0,36081080301.0,0.0,0.001552821105230615,2.8730297134928723e-05,0.00794174352359832,861
36081080302.0,36081080302.0,0.0,0.001986335114661807,5.752526771132748e-05,0.009421598912114937,736
36081081800.0,36081081800.0,0.0,0.0020626883356317572,3.512914524817151e-05,0.011563991477993264,348
36081083700.0,36081083700.0,0.0,0.0019113042460129094,9.212143722530787e-05,0.008709418121363647,694
36081083800.0,36081083800.0,0.0,0.004185778196969664,4.0851849582033914e-05,0.025380885970612582,171
36081084000.0,36081084000.0,0.0022371364653243847,0.002425875297501742,4.5014478092848764e-05,0.013047480899105849,447
36081084500.0,36081084500.0,0.0,0.0032653923503534565,1.388296810831713e-05,0.023028766513397896,98
36081084601.0,36081084601.0,0.0,0.004263385904405483,3.0173708546397787e-05,0.025223678699318977,210
36081084901.0,36081084901.0,0.0,0.003768173324181746,2.014529447463278e-05,0.025832655739875542,119
36081084902.0,36081084902.0,0.0,0.003229402087394658,1.2389332372132244e-05,0.02412625265684051,80
36081085700.0,36081085700.0,0.0,0.0028624888968028094,1.15327330471064e-05,0.020941731986172895,43
36081085900.0,36081085900.0,0.0,0.0018956104999482057,2.473742418781434e-05,0.012156572732605626,44
36081086400.0,36081086400.0,0.00528169014084507,0.009276492845143992,0.0006626542045729658,0.032131284984883345,568
36081086500.0,36081086500.0,0.0,0.0018215797742024535,2.9665679071310327e-05,0.010896223821664991,212
36081086900.0,36081086900.0,0.001388888888888889,0.0034719211759209343,7.062501992785044e-05,0.014066826959990982,1440
36081087100.0,36081087100.0,0.0,0.002112025894594428,5.8985399742135814e-05,0.010535821017819172,567
36081088902.0,36081088902.0,0.005208333333333333,0.0025013119880199866,2.6205615753507042e-05,0.01581294633063697,192
36081088903.0,36081088903.0,0.0,0.0008228262452150421,1.831307930174023e-05,0.003972760748982655,1977
36081089202.0,36081089202.0,0.0,0.004753998641016332,6.561713300212856e-05,0.02776533262037351,163
36081091602.0,36081091602.0,0.0,0.029710002048075626,8.796031348360912e-12,0.28745785212992025,12
36081091603.0,36081091603.0,0.02857142857142857,0.054399034319005626,9.198365868188465e-12,0.35521434059537793,35
36081091604.0,36081091604.0,0.0,0.06670234123440773,4.9039389239100785e-12,0.7285836115016824,3
36081092500.0,36081092500.0,0.012422360248447204,0.03922164774435806,0.0008505101895191984,0.1399273022247564,161
36081092800.0,36081092800.0,0.0,0.009627383981005917,5.890611599676626e-10,0.0994920921100153,14
36081093401.0,36081093401.0,0.0,0.0072303646975669,3.831216590728453e-09,0.07166233980848319,25
36081093402.0,36081093402.0,0.0,0.008186899072452184,3.986005187416698e-08,0.07818234920738291,24
36081093800.0,36081093800.0,0.0,0.006700335100811036,1.4551523469459126e-06,0.05093828427064404,101
36081094500.0,36081094500.0,0.0005282620179609086,0.0013456304235116136,3.2234085668368954e-05,0.006187618117644492,1893
36081094700.0,36081094700.0,0.0,0.006922548016098766,7.133879494926282e-05,0.04313221960811904,77
36081097204.0,36081097204.0,0.006944444444444444,0.03585909054411252,0.002698447879064441,0.1266973982614119,144
36081097205.0,36081097205.0,0.0,0.027825549309726843,0.00018865661829278914,0.16068138059700704,43
36081097206.0,36081097206.0,0.0,0.031321782091206646,0.0002175729042830111,0.20542498841059073,17
36081097207.0,36081097207.0,0.0,0.06151423375330469,0.00019586985009642288,0.4445722197706037,4
36081099703.0,36081099703.0,0.0,0.006436002318052405,4.108065701888661e-05,0.03739743619705354,158
36081099704.0,36081099704.0,0.0,0.004725512195147962,5.588000120951209e-05,0.02662396269689669,173
36081099801.0,36081099801.0,0.0,0.00658639872406286,6.103801183353679e-05,0.03980312512056614,102
36081099900.0,36081099900.0,0.0,0.02099716351463459,3.518458918743036e-05,0.14892695294515257,28
36081100801.0,36081100801.0,0.058823529411764705,0.16898154778785673,0.00378318637958383,0.6631887632375733,17
36081100803.0,36081100803.0,0.0,0.009711164379689047,0.0002538742455567418,0.04744441278146979,152
36081100804.0,36081100804.0,0.0,0.016552177250548927,0.0003438733556547676,0.08410855309341934,88
36081101002.0,36081101002.0,0.0,0.00490062148192247,5.636750673813863e-06,0.03600233602102354,106
36081101003.0,36081101003.0,0.0,0.004590624680679114,2.2776212868293606e-05,0.0303980344443144,124
36081101004.0,36081101004.0,0.0,0.005532436529276966,1.0630617852927544e-05,0.04068927374486643,71
36081103300.0,36081103300.0,0.0,0.0019097757201787103,6.37231491935871e-06,0.013941121016272094,95
36081103900.0,36081103900.0,0.0,0.001005896688712516,1.9267104724518374e-05,0.00555403995857305,850
36081104700.0,36081104700.0,0.0,0.0013481650667829985,1.8042584811882044e-05,0.00819085678536199,180
36081105900.0,36081105900.0,0.0,0.0013979332732048594,1.1553964553078272e-05,0.009284143943396952,91
36081108500.0,36081108500.0,0.0,0.0017890083589838309,2.109780133240014e-05,0.011279663661243458,147
36081109300.0,36081109300.0,0.0,0.0021276320199131553,2.666847744469117e-05,0.013235750533936537,140
36081109700.0,36081109700.0,0.0,0.001743218360032017,1.2674948035395671e-05,0.012212933955747973,128
36081109900.0,36081109900.0,0.0,0.0015312183902005667,1.0090666690540947e-05,0.010321755496525186,143
36081113300.0,36081113300.0,0.0,0.0015427324742145667,9.027133886788963e-06,0.010848552186157878,72
36081113900.0,36081113900.0,0.0,0.0012881993748644328,9.948061502466016e-06,0.008538795554662226,205
36081114100.0,36081114100.0,0.0,0.001551770748167303,1.0062214533409627e-05,0.010862120026195906,75
36081114700.0,36081114700.0,0.0,0.0022612025630522007,5.114513761337126e-06,0.017407706252626203,50
36081115100.0,36081115100.0,0.0,0.0026148421318859124,3.185871527025585e-06,0.02050862205700475,66
36081115500.0,36081115500.0,0.0,0.0020249438606220254,7.1952872950704246e-06,0.014942400612508252,49
36081115700.0,36081115700.0,0.0,0.0015394035880163849,1.3279274517735208e-05,0.010255788968278114,160
36081115900.0,36081115900.0,0.008333333333333333,0.00593160766330941,1.2457811628693081e-05,0.04227011710073416,120
36081116100.0,36081116100.0,0.0,0.0021303614119811713,1.8654108617043244e-05,0.013728342679330744,132
36081116301.0,36081116301.0,0.0,0.001930867584882875,1.2896708113621718e-05,0.01300675820611458,158
36081117100.0,36081117100.0,0.0,0.0012293184000312797,1.3234936859223745e-05,0.007969168532269456,214
36081117500.0,36081117500.0,0.0,0.0012035240964581996,1.488728940347965e-05,0.007571402395235513,185
36081118100.0,36081118100.0,0.0,0.001789277743376664,1.082358131676616e-05,0.012426337584140293,45
36081118500.0,36081118500.0,0.0,0.0017560423390121911,1.4980161483255067e-05,0.011984919656828937,75
36081118700.0,36081118700.0,0.0,0.0017432206290395698,1.814483365260948e-05,0.01107628504355404,66
36081119100.0,36081119100.0,0.0,0.0029492197414851978,2.3636270327062827e-05,0.020256630293883745,38
36081119300.0,36081119300.0,0.0,0.0024109435930897314,9.854650824030542e-06,0.017509613554813216,55
36081119500.0,36081119500.0,0.0,0.0038590846068773835,1.231395095788594e-05,0.028788420270207737,57
36081119900.0,36081119900.0,0.0,0.005606952045538717,5.103674298472356e-05,0.03756519535979042,41
36081120300.0,36081120300.0,0.0,0.005967066393246113,5.686346192243017e-05,0.040449863928839896,37
36081120500.0,36081120500.0,0.0,0.0029580190795017477,2.7962290473850845e-05,0.019855264793070246,54
36081120701.0,36081120701.0,0.0,0.004636330728174122,5.757360214404358e-05,0.02787480970091144,126
36081120702.0,36081120702.0,0.0,0.005916133173762732,4.143256152775254e-05,0.039424017676643074,46
36081121500.0,36081121500.0,0.0014705882352941176,0.0032855003473356843,9.812115727890003e-05,0.014712833615077919,680
36081122300.0,36081122300.0,0.0013054830287206266,0.002205224640630057,3.133048682481217e-05,0.011672732314508251,766
36081122703.0,36081122703.0,0.0,0.0017138220310285348,1.68182664338069e-05,0.010196193531764847,529
36081122704.0,36081122704.0,0.0,0.0033728422251331496,2.956351653924736e-05,0.022589227117973246,97
36081124100.0,36081124100.0,0.0,0.0024741550663009352,3.343372449054275e-05,0.014935823083589721,192
36081124700.0,36081124700.0,0.0,0.0021100732386596,2.7963005008356793e-05,0.01259420144527082,226
36081126500.0,36081126500.0,0.0,0.002801171815337137,3.0643883858395643e-05,0.01722859367023859,196
36081129104.0,36081129104.0,0.0,0.01046941342342717,0.0002627551289801762,0.05468248521529654,95
36081133900.0,36081133900.0,0.0,0.002808927845560588,1.7005367846753855e-05,0.019070031967031612,131
36081134100.0,36081134100.0,0.0,0.0013179822718648935,3.232610899613361e-05,0.007098460661385741,764
36081134701.0,36081134701.0,0.002688172043010753,0.004066563151413834,1.7888749668091445e-05,0.023936688385407447,372
36081134702.0,36081134702.0,0.0021598272138228943,0.0040919468792753495,2.446244747384593e-05,0.022258288511300774,463
36081136700.0,36081136700.0,0.007082152974504249,0.02603939896251345,0.0060448505953772155,0.06456640657997124,706
36081137700.0,36081137700.0,0.0,0.003780881413147515,6.683083962076864e-05,0.019801621863501418,392
36081138501.0,36081138501.0,0.0,0.0037938135551287763,5.7641249195409824e-05,0.02146642531099885,246
36081140300.0,36081140300.0,0.0,0.002604045783055055,3.7192455251291437e-05,0.014633049223803513,346
36081140901.0,36081140901.0,0.0,0.0021215162827231604,2.686095818714785e-05,0.012921768070246266,234
36081140902.0,36081140902.0,0.0,0.001765280246304347,3.3599650416115865e-05,0.009912239779681328,384
36081142900.0,36081142900.0,0.0,0.001811782583886051,1.9300113111016652e-05,0.011345413419123257,59
36081144100.0,36081144100.0,0.0,0.0036001288523697396,1.2652213031813466e-05,0.027405026040191124,53
36081144700.0,36081144700.0,0.0,0.0014868673327135267,1.1622161168500757e-05,0.009348581945143788,257
36081145101.0,36081145101.0,0.0,0.002718602845029575,4.532612261985379e-06,0.02131018966482631,71
36081145102.0,36081145102.0,0.0,0.0015986367252588014,2.1999731308826593e-05,0.009905580123061348,94
36081145900.0,36081145900.0,0.0,0.0016745040511904137,1.918113223726587e-05,0.010437005564829748,169
36081146300.0,36081146300.0,0.0,0.0012803382851503133,1.192127029506952e-05,0.008449164475247541,152
36081146700.0,36081146700.0,0.0,0.0012461116515947804,1.4750467628488965e-05,0.007619366058551606,290
36081147100.0,36081147100.0,0.0,0.0023513904831877377,2.7322620762998842e-05,0.014463323922316407,193
36081147900.0,36081147900.0,0.0,0.004279477635190319,2.2691715825341595e-05,0.028815221436485104,110
36081150701.0,36081150701.0,0.0,0.00266712599562425,2.041588491453978e-05,0.015737117282395897,316
36081150702.0,36081150702.0,0.0,0.0018461112464921076,9.378090889738873e-06,0.011675777365002526,468
36081152902.0,36081152902.0,0.0,0.002071260125515198,1.2428234645641024e-05,0.012695576821178374,405
36081155101.0,36081155101.0,0.006329113924050633,0.011266474027869169,5.485592707441253e-06,0.06866449131051176,158
36081155103.0,36081155103.0,0.0058823529411764705,0.0033846465452341008,2.6851918650310547e-05,0.021305013040956694,170
36081155104.0,36081155104.0,0.0,0.0031108481061802055,1.674547274189252e-05,0.021822145840975755,126
36081157902.0,36081157902.0,0.0,0.00201849550795443,3.1557554064160377e-06,0.014937510642155939,192
36005036100.0,36005036100.0,0.008547008547008548,0.015374500591362786,9.5414244227057e-05,0.08039392984100703,117
36005012701.0,36005012701.0,0.0,0.0015850187130941867,1.1195162585920806e-05,0.011252074397646127,38
36005015900.0,36005015900.0,0.0,0.0015463146080592913,1.9676213045618334e-05,0.009746808836804137,49
36005042600.0,36005042600.0,0.006493506493506494,0.008901405368830825,0.0003000607708099893,0.04321373675705464,154
36061003800.0,36061003800.0,0.0,0.0002827408801413301,5.401754202766627e-06,0.001635171640113324,1176
36061001001.0,36061001001.0,0.0013192612137203166,0.002003273626378036,6.705126339163897e-06,0.01251202325520945,758
36061001502.0,36061001502.0,0.002849002849002849,0.001839006860593048,6.477904421727388e-05,0.008892866189062413,702
36061004800.0,36061004800.0,0.0,0.0003408354894045342,5.311253560909115e-06,0.0020878431687184444,958
36061004400.0,36061004400.0,0.000731528895391368,0.000422437359006296,6.398621778227442e-06,0.0024163632609011496,1367
36061006400.0,36061006400.0,0.0,0.000550145020572631,7.6223590647813005e-06,0.0032629635582442883,1122
36061017800.0,36061017800.0,0.0,0.0018376356074662186,4.3247000989285444e-05,0.008831643497560344,1044
36061000500.0,36061000500.0,,0.012760019884739052,0.00010889093555398741,0.08991412100368319,0
36081094201.0,36081094201.0,0.0136986301369863,0.05512871191307369,0.0004719225791876912,0.23475096155616026,73
36081111300.0,36081111300.0,0.0,0.0026947961205831313,3.3720447830186124e-05,0.0172410164687389,107
36081148300.0,36081148300.0,0.0,0.01961310877302907,1.5434733198877397e-05,0.17614353100643007,7
36081080900.0,36081080900.0,0.005235602094240838,0.010528292107483114,0.00045399370414710025,0.047547126282616696,191
36081122702.0,36081122702.0,0.0,0.0022218959185345243,6.60998180024822e-05,0.011402702520247405,446
36081125700.0,36081125700.0,0.005494505494505495,0.009642204651443128,0.0002713256758018422,0.04621719109688707,182
36081126700.0,36081126700.0,0.0,0.0019457882028062776,0.00010162935916778166,0.008762798816603662,454
36081139900.0,36081139900.0,0.0,0.0026773777090383106,3.718423829912051e-05,0.015014286933792871,341
36081143500.0,36081143500.0,0.0,0.0023768089462845436,1.555288523450276e-05,0.016388183808924723,115
36081157901.0,36081157901.0,0.0,0.002570895536757318,1.4361299961020506e-06,0.021538787762177197,122
36081157903.0,36081157903.0,0.0,0.0012576149169637048,2.612326550748186e-06,0.008795957759738003,434
36081042400.0,36081042400.0,0.008403361344537815,0.006654619754889428,8.288968986374748e-05,0.03841906328547974,119
36081043400.0,36081043400.0,0.0,0.0034891786004836206,3.080842915293594e-05,0.022566739809164977,84
36081042600.0,36081042600.0,0.0,0.001965854511073746,2.0093990534805677e-05,0.01276093781559544,124
36081043200.0,36081043200.0,0.0,0.0022246485450214365,1.680229237496157e-05,0.014979258358775092,181
36081045200.0,36081045200.0,0.0,0.0018618129672314013,1.952311185697788e-05,0.011335890495870008,357
36081045400.0,36081045400.0,0.0,0.002756840293695354,6.754009321397538e-05,0.0149193047065231,327
36081005900.0,36081005900.0,0.0,0.001333176854895163,1.0226118236618094e-05,0.008586574640465234,284
36081006100.0,36081006100.0,0.0,0.0009960347797679926,1.4358886442382429e-05,0.006219995345559438,410
36081058100.0,36081058100.0,0.0,0.0012739480632174246,8.795475445079499e-06,0.008553168900342262,93
36081058300.0,36081058300.0,0.0,0.0012103593672522753,8.878559038139191e-06,0.0086130904344049,167
36061023501.0,36061023501.0,0.0,0.002408998661454753,8.202112505301569e-05,0.012179858869250717,315
36081047900.0,36081047900.0,0.0,0.0009163482290080904,9.971229827072873e-06,0.005501569811271821,775
36081062400.0,36081062400.0,0.0,0.001908681037525978,2.1293231917384366e-05,0.012725573701337126,23
36081062000.0,36081062000.0,0.0,0.004166990318555312,1.62418087862981e-05,0.02979441278956167,61
36081063000.0,36081063000.0,0.0,0.0032252252456551078,1.7378670474221558e-05,0.02259737529981023,68
36061022302.0,36061022302.0,0.0,0.001921723105018205,2.93244775507633e-07,0.016163513918287305,178
36081133300.0,36081133300.0,0.003278688524590164,0.002381361073663017,3.107499882064042e-05,0.01374670642191546,305
36061012400.0,36061012400.0,0.004078303425774877,0.013549885187145531,0.0025468853490123126,0.035385838671911723,1226
36005021200.0,36005021200.0,0.0,0.002082537700108866,1.4276714152473847e-05,0.0141212609227738,143
36005022200.0,36005022200.0,0.0,0.0013720530766455161,2.276158319458642e-05,0.007954989554497678,472
36081065501.0,36081065501.0,0.0,0.0006498370923960814,6.286857044556679e-06,0.004074251080976291,561
36061014401.0,36061014401.0,0.0,0.004361619187310495,6.334981710189684e-05,0.024404655322478607,190
36061001600.0,36061001600.0,0.0,0.0012708122738141982,3.708360539598251e-05,0.0062874518422544965,1006
36061001200.0,36061001200.0,0.001288659793814433,0.0008927800970257195,1.2469630182516695e-05,0.005066031825441705,776
36081112300.0,36081112300.0,0.0,0.0021396908917049617,1.2336866155987676e-05,0.01454707921703053,105
36081112900.0,36081112900.0,0.0,0.0013634683395681642,7.475868053701868e-06,0.009481143789105454,242
36005042901.0,36005042901.0,0.0,0.005542847334049708,0.00017903209926748313,0.02818726113332925,183
36005043102.0,36005043102.0,0.0,0.005444762587407544,0.00022049978788839198,0.026887106763131736,151
36081026300.0,36081026300.0,0.0,0.0012595958441184987,3.0375123587532877e-05,0.006511377390070583,868
36081005400.0,36081005400.0,0.0,0.0009588786841869726,1.2713343139729052e-05,0.005583502138357289,479
36081008600.0,36081008600.0,0.0014577259475218659,0.0013682256341685114,2.6561920491698017e-05,0.007195210992224928,686
36081066401.0,36081066401.0,0.0275049115913556,0.12468041531407832,0.047277984691193806,0.24266982503592371,509
36081066900.0,36081066900.0,0.0,0.0009537087361003309,5.205492391975406e-06,0.0067036750466706214,63
36081048500.0,36081048500.0,0.00333889816360601,0.002783142681019635,4.683662170996729e-05,0.0150142027803293,599
36081012500.0,36081012500.0,0.0011904761904761906,0.000987137339618684,2.730832235308794e-05,0.004851405398036478,1680
36005038900.0,36005038900.0,0.0,0.003117462980072082,2.038388879569417e-05,0.020740348852453388,146
36005029301.0,36005029301.0,0.0,0.007345096173529372,1.4917719799950438e-05,0.05649220482016744,48
36081013000.0,36081013000.0,0.0,0.001727102463971368,2.7509820228245605e-05,0.010403042361188185,271
36081073100.0,36081073100.0,0.0,0.0021842715906881323,1.402293596767392e-05,0.015291938951594381,102
36081074900.0,36081074900.0,0.0,0.0014911878169828947,1.659412842989909e-05,0.009042132568849217,218
36005042500.0,36005042500.0,0.003189792663476874,0.006489477729699473,0.00013211077459542177,0.027012397020000092,627
36081026502.0,36081026502.0,0.00718132854578097,0.010435446921137478,7.86265946752399e-05,0.0403318601219435,557
36081026501.0,36081026501.0,0.0,0.0014512921587713833,3.120560072797493e-05,0.00817490992020272,359
36081048301.0,36081048301.0,0.0,0.002263970774807253,2.738445052029268e-05,0.014080645463062326,194
36005002800.0,36005002800.0,0.0,0.0010276580514377233,2.851814314930294e-05,0.005224279753082666,1349
36081066100.0,36081066100.0,0.0,0.0010225165584859552,7.047729368065894e-06,0.007081112717728682,53
36081065900.0,36081065900.0,0.0,0.0009299010782286042,6.712161787535043e-06,0.006217986091596557,148
36081066501.0,36081066501.0,0.0,0.0007672112325943729,6.693619838556334e-06,0.0050592049444436495,268
36005025600.0,36005025600.0,0.0,0.0024404472558407523,4.7774565532513215e-05,0.013929232586849081,173
36081102900.0,36081102900.0,0.0,0.0015506068070032261,7.240506703788531e-06,0.010734369713445949,182
36081097300.0,36081097300.0,0.0,0.0012314176172384694,1.673052276612217e-06,0.008732185182239645,467
36081060100.0,36081060100.0,0.0,0.0029681828358440734,3.064246486453698e-05,0.018936896832918337,90
36081063500.0,36081063500.0,0.0,0.0022647680788811073,2.578445460656718e-05,0.014688208804448467,134
36081062100.0,36081062100.0,0.0,0.001237145636900527,1.2426930900811604e-05,0.007604725353330442,331
36081063700.0,36081063700.0,0.001076426264800861,0.0008154237512111545,2.2372777084408033e-05,0.004155067209777215,929
36081077500.0,36081077500.0,0.0,0.002080022176968919,3.637647926261067e-05,0.012182891059846355,249
36005039700.0,36005039700.0,0.0,0.0012845244275899003,5.4018353759647115e-05,0.006093728393289763,706
36005039300.0,36005039300.0,0.0,0.0025105063991307753,3.92928687497745e-05,0.014535886064135257,181
36081063900.0,36081063900.0,0.0,0.0013299626654405127,8.696943299143577e-06,0.008164633313731165,660
36081046300.0,36081046300.0,0.0,0.001075314897545867,1.0994167084949373e-05,0.006921250742671126,213
36081047100.0,36081047100.0,0.0,0.001085349354986182,1.4714471425697848e-05,0.00660523909185456,289
36005035000.0,36005035000.0,0.0,0.0022727292305821296,2.2987531375562704e-05,0.01483531919290376,151
36081024900.0,36081024900.0,0.0,0.0011805339376087514,2.8362078724537862e-05,0.006365165982338129,747
36081026100.0,36081026100.0,0.0,0.0013667331308151415,1.4588581749409648e-05,0.008186918896138947,455
36061021000.0,36061021000.0,0.0,0.0018811098640531937,5.9104211740126065e-05,0.0092022822624466,700
36061021200.0,36061021200.0,0.0,0.0013672957011377218,1.4727562531851966e-05,0.008496425460758817,313
36005027600.0,36005027600.0,0.00487987987987988,0.013052537052926425,0.003710080385402286,0.0289549689589162,2664
36061015502.0,36061015502.0,0.0,0.0015040807413358233,3.1649547674733793e-06,0.010756836907997665,357
36081010701.0,36081010701.0,0.0,0.007430879393639356,1.546736973364475e-05,0.058330783860196155,7
36081012301.0,36081012301.0,0.0,0.0025919933952680005,2.7187072505902773e-05,0.01565567981825661,346
36081085300.0,36081085300.0,0.0,0.0019363805912354021,2.560653901611934e-05,0.012419284620027952,121
36081161700.0,36081161700.0,0.0,0.0014902565885464324,5.642757964533913e-06,0.010173821804029804,456
36081099701.0,36081099701.0,0.0,0.00340466118761385,4.2108309116336874e-05,0.01992199990345827,207
36081101700.0,36081101700.0,0.0,0.001443666737635477,1.4351607064127766e-05,0.009066509042678058,231
36005023702.0,36005023702.0,0.0,0.0015272440389683913,8.06886911881227e-06,0.011182514854990055,92
36005039901.0,36005039901.0,0.0,0.0009685392701584114,2.3983991566994783e-05,0.005277579943969763,311
36005040100.0,36005040100.0,0.0,0.0011515435430270984,2.561565331627799e-05,0.006491209511268163,239
36005016900.0,36005016900.0,0.0,0.0019287021137293827,1.8746199456020723e-05,0.011920702072281332,184
36081085500.0,36081085500.0,0.0,0.0020624224675312173,1.5484626792400307e-05,0.014077014812657983,117
36081086300.0,36081086300.0,0.0,0.002002675585700835,1.6148202605360876e-05,0.013450802633195603,70
36005014702.0,36005014702.0,0.0,0.002232498182875539,1.854534690465814e-05,0.01508757800390396,89
36081028803.0,36081028803.0,0.0,0.0017214475609107396,2.0102416634009927e-05,0.011155797754107707,84
36081029400.0,36081029400.0,0.0029455081001472753,0.0030835612176011024,0.0001253451450026282,0.013279044513737057,679
36005014300.0,36005014300.0,0.006666666666666667,0.008276384883816088,3.517289148568281e-05,0.0488994929330885,150
36081004401.0,36081004401.0,0.0,0.0011773687771768735,3.0976530576704394e-05,0.006143979946968078,764
36081005800.0,36081005800.0,0.0,0.0019022342179684805,5.242862068230985e-05,0.00946795436749546,558
36061020101.0,36061020101.0,0.0,0.0019150802145295942,8.696640955801117e-06,0.013639531454125046,50
36061020300.0,36061020300.0,0.0,0.002019036278779975,1.796843481702018e-05,0.012983158524698283,143
36081116302.0,36081116302.0,0.0,0.0021622694575301146,1.2058359177524354e-05,0.015276354406732274,74
36081116700.0,36081116700.0,0.0,0.0019610523756167114,7.441352015430364e-06,0.014038876150765859,69
36081090700.0,36081090700.0,0.006418485237483954,0.016293392146997453,0.002726755411593963,0.04500097490753788,779
36081091900.0,36081091900.0,0.006097560975609756,0.005981242994529578,6.221485452794273e-05,0.03432659143908901,164
36081000103.0,36081000103.0,0.0,0.0030350090902489563,3.072968313141217e-05,0.018839945345763023,161
36061018500.0,36061018500.0,0.0,0.0016982298905237137,8.393717899904468e-06,0.011980169040579242,207
36081022900.0,36081022900.0,0.0011580775911986102,0.003783978728525576,0.0005290687547610722,0.011739710624197649,1727
36081051500.0,36081051500.0,0.0,0.00276880736527982,2.7456038946213448e-05,0.016742316906714478,262
36081000102.0,36081000102.0,0.0,0.002918286961442596,1.3654777947968614e-05,0.02018207083106417,123
36061018900.0,36061018900.0,0.0,0.0009703210378655541,9.469872486292512e-06,0.006019977467125754,623
36061013700.0,36061013700.0,0.0,0.0006989316956792055,1.320960423553524e-05,0.0036759693327781586,1711
36061013900.0,36061013900.0,0.0,0.0006988868863286124,1.0958381201265977e-05,0.003866470977718133,1085
36061014500.0,36061014500.0,0.0,0.000810101109201114,1.0462652596028636e-05,0.004674957203551057,1035
36061027700.0,36061027700.0,0.0,0.00494663877249856,3.5208776517390955e-05,0.03322865511871463,59
36081010600.0,36081010600.0,0.0,0.0015183995272707342,3.1584207689534246e-05,0.008626230229676353,248
36081016600.0,36081016600.0,0.0,0.0019184765230779153,1.765581204029698e-05,0.012858950574831211,141
36061001002.0,36061001002.0,0.002793296089385475,0.005359535676113861,0.00011262059768697327,0.0227483602043356,716
36005003300.0,36005003300.0,0.0,0.005388194592526047,0.00014498454710662657,0.029528312142997244,98
36081056000.0,36081056000.0,0.0,0.0028550548987944574,2.23233683529865e-05,0.01934047596618557,67
36081045800.0,36081045800.0,0.008695652173913044,0.022186042838262327,0.0013446701661729424,0.07879716828745299,230
36081046200.0,36081046200.0,0.0,0.004474611769687264,0.0001519969601057009,0.020748907988777137,385
36081046600.0,36081046600.0,0.0034129692832764505,0.011862360622706798,0.00031862767783894197,0.048596012072700666,293
36061022700.0,36061022700.0,0.0,0.0011644846036198292,1.918504960178755e-05,0.007059669774095177,206
36061025900.0,36061025900.0,0.0,0.0017403709436806733,2.7989852899114574e-05,0.010575864589721226,54
36061006000.0,36061006000.0,0.002232142857142857,0.001914004214739866,5.9486086196030054e-06,0.013528884185444002,448
36005001901.0,36005001901.0,0.003257328990228013,0.013458383418499888,0.001966344559522423,0.03761857627642405,921
36081015500.0,36081015500.0,0.0,0.0010193721982158664,2.620994958927764e-05,0.00572206099344926,329
36081015900.0,36081015900.0,0.0,0.0021145637255152823,1.5657478665035373e-05,0.012936551051967303,307
36061002000.0,36061002000.0,0.0,0.0008868010373503949,7.242864254132442e-06,0.005359543831336223,659
36081000101.0,36081000101.0,0.0,0.0018762923738836804,3.669893534931401e-05,0.010309244581437275,404
36081107201.0,36081107201.0,0.0,0.004189559992691526,3.364242199381313e-06,0.025961054590897405,310
36081107202.0,36081107202.0,0.02,0.07810559551664663,0.004688750845360376,0.24961078991278748,100
36005020100.0,36005020100.0,0.0010964912280701754,0.0012792024338498657,2.2624613652212993e-05,0.006909589424480589,912
36061009901.0,36061009901.0,0.0011947431302270011,0.002192744993043665,3.0497757197254817e-05,0.009132704803881054,2511
36061014601.0,36061014601.0,0.0,0.002510362943721236,4.5944674874961897e-05,0.01472873567778607,199
36061014602.0,36061014602.0,0.0,0.0022639159952674696,4.336199481928199e-05,0.012287577200480761,391
36061014802.0,36061014802.0,0.0,0.0014439982627985227,2.8642162574162555e-05,0.008194293070830276,317
36061026100.0,36061026100.0,0.0,0.0038742711147278152,6.123600855560464e-05,0.02107993054232879,291
36061025300.0,36061025300.0,0.0,0.006335085693905482,0.0001270373768322378,0.03372285995038712,176
36061026300.0,36061026300.0,0.009302325581395349,0.026608013015879915,0.0011093063230680155,0.09332956503606776,215
36061019800.0,36061019800.0,0.0,0.0014287138682515387,2.7366234520176864e-05,0.008052959124299713,471
36061019000.0,36061019000.0,0.0,0.0011873950608454664,1.1924913538589403e-05,0.0077931555665566934,277
36061020000.0,36061020000.0,0.0,0.0012110554072152354,1.731043078751584e-05,0.007570887062868794,212
36061027500.0,36061027500.0,0.0014684287812041115,0.0030877943342784105,7.576619959767264e-05,0.014296412113057594,681
36061000700.0,36061000700.0,0.002583979328165375,0.005965520160852762,6.289372623402863e-05,0.025104868569959023,774
36061000900.0,36061000900.0,0.0,0.0016501348641666067,3.426824492107597e-05,0.00834173523113803,926
36061003001.0,36061003001.0,0.0015128593040847202,0.0008052774688702963,9.064679734652416e-06,0.005364132705486545,661
36061005900.0,36061005900.0,0.0,0.00036740545682177947,2.915185576539167e-06,0.0024346515389825434,427
36061006100.0,36061006100.0,0.0,0.0002879958278057367,4.1753533916613065e-06,0.0017817158293636907,646
36061005000.0,36061005000.0,0.0,0.0003313140393294546,3.724914561275074e-06,0.0020430133350062604,748
36061010601.0,36061010601.0,0.0,0.0009118494186370899,7.347391757857985e-06,0.005504688763839087,722
36061012800.0,36061012800.0,0.0,0.0010706542232396168,2.4468221161482164e-05,0.005722196054234709,733
36061004700.0,36061004700.0,0.0,0.000586427126319977,3.6540448342777653e-06,0.003934752097248825,924
36061004900.0,36061004900.0,0.001885014137606032,0.0004967492746199226,5.128664370890178e-06,0.003312005438962971,1061
36061013203.0,36061013203.0,0.0,0.0044247588812833215,0.0001182212960735687,0.021395473773694742,402
36061013400.0,36061013400.0,0.0,0.002676564397989082,0.00010114545479766521,0.012652338693769211,543
36061011000.0,36061011000.0,0.0005299417064122947,0.0011293166263483475,2.9714036776333247e-05,0.005449835756245349,1887
36061013800.0,36061013800.0,0.0,0.0015779249878533279,4.484148797412258e-05,0.00783826507607962,744
36061014000.0,36061014000.0,0.0,0.0010345250789535016,2.412279120782204e-05,0.005380060531895524,866
36061013603.0,36061013603.0,0.0,0.004682627157164821,7.055411489848075e-05,0.025404194303375368,220
36061013604.0,36061013604.0,0.0,0.004766149074750031,9.421130818005638e-05,0.02602485543587024,176
36061014402.0,36061014402.0,0.007194244604316547,0.01973078371357704,0.0007840748991394908,0.06424185664166623,417
36061014200.0,36061014200.0,0.0009132420091324201,0.0016041260067246356,1.9069010566041247e-05,0.00871073258385763,1095
36061002202.0,36061002202.0,0.0,0.0010280381692648291,8.550103162526439e-06,0.006578275177639044,259
36061003002.0,36061003002.0,0.0,0.0005901778397589623,6.227267272211599e-06,0.0037641457592585232,533
36061018200.0,36061018200.0,0.0,0.0017872864265551247,3.478296333202263e-05,0.009980044276029072,317
36061018800.0,36061018800.0,0.0,0.00264967838220933,5.011498302762152e-05,0.014382694546755222,428
36061017900.0,36061017900.0,0.0,0.00153965769804797,7.942035379776016e-06,0.00971104482576252,466
36061018300.0,36061018300.0,0.0007204610951008645,0.0011316097428184047,5.466010843161298e-06,0.006681191139035732,1388
36081045500.0,36081045500.0,0.0,0.0007217545576478231,5.913102240546803e-06,0.004815905544308112,286
36081071702.0,36081071702.0,0.0,0.00034737989845052555,6.282042383185616e-06,0.001970100933003516,1770
36005006700.0,36005006700.0,0.0,0.0026904504548465246,1.652772392047868e-05,0.017835758486008407,156
36005006900.0,36005006900.0,0.0,0.0027835419887120507,2.6362054498400018e-05,0.01752823958770499,171
36005038304.0,36005038304.0,0.0,0.0012024744235926321,1.5053223856056675e-05,0.007930975791977232,111
36005036502.0,36005036502.0,0.0,0.0018930435910275364,2.9509101736544656e-05,0.011745754199936098,156
36005036700.0,36005036700.0,0.0,0.002744548990768591,1.7587524775111e-05,0.018961324165636773,10
36005002001.0,36005002001.0,0.0,0.0017102692134904323,4.699788167667092e-06,0.01277275480701912,92
36005002400.0,36005002400.0,0.0,0.001173705551460583,3.0912246879668745e-05,0.006207149526655901,470
36005007700.0,36005007700.0,0.0,0.0019064431424104925,1.625315780046491e-05,0.012667282083708582,90
36061023000.0,36061023000.0,0.0,0.001324178894941476,1.2606863884485812e-05,0.008763602158104537,240
36061023200.0,36061023200.0,0.0,0.0013267840850510072,1.7357498659844936e-05,0.00813175210731231,309
36005043502.0,36005043502.0,0.003484320557491289,0.007983563683725426,0.0002796523443885403,0.0348422613762278,287
36005022401.0,36005022401.0,0.0,0.006564609706825118,0.0001234462860400536,0.0340194174747098,162
36061020901.0,36061020901.0,0.0,0.0009793507034824248,1.9528305236700028e-05,0.005658823440767573,270
36061025700.0,36061025700.0,0.0,0.000850982714810878,1.9109825835326016e-05,0.00480759454022807,290
36061019701.0,36061019701.0,0.0,0.001044811797883538,2.95796126109368e-05,0.005559027041621265,276
36061020102.0,36061020102.0,0.0,0.0012607061051483053,1.3474881057805001e-05,0.008361014575471122,113
36005015500.0,36005015500.0,0.0,0.0020082584763508253,1.1634938723578226e-05,0.013586385394548286,69
36005038500.0,36005038500.0,0.0,0.0011499731537454984,1.7444012638712418e-05,0.007179232529463318,144
36005039500.0,36005039500.0,0.004021447721179625,0.001147444497567179,2.535144801200837e-05,0.0063317984704635505,746
36005028300.0,36005028300.0,0.01729106628242075,0.04690610110146043,0.010274500177292919,0.11833495246718408,347
36005028500.0,36005028500.0,0.0,0.006121547092409551,0.00016360487954706853,0.03100432613868528,137
36061006600.0,36061006600.0,0.0,0.0007953300645102115,1.0150515546671522e-05,0.0048406420041280105,604
36061005600.0,36061005600.0,0.0007396449704142012,0.0003934855472912376,4.476495609976336e-06,0.0024684757751707253,1352
36061007400.0,36061007400.0,0.0,0.00030595871977373096,4.918234587949978e-06,0.0017252876441475461,1884
36081009100.0,36081009100.0,0.0,0.0014235338394581842,4.207234709409417e-06,0.010702661598000736,121
36061015200.0,36061015200.0,0.0008576329331046312,0.0033195138347969257,0.00019465895978579251,0.012895579739850142,1166
36081033100.0,36081033100.0,0.0018260075648884831,0.006989315630377743,0.002455873008857017,0.014294581282388308,7667
36081076901.0,36081076901.0,0.0,0.0009715509910437941,1.2331603676344491e-05,0.006130293699238093,473
36081076902.0,36081076902.0,0.0,0.001420958599624724,1.8807460809064634e-05,0.008451085191415615,505
36081029900.0,36081029900.0,0.002136752136752137,0.006621036647941505,0.0003968743912064976,0.026130174919713606,468
36081031700.0,36081031700.0,0.004166666666666667,0.01618691174872229,0.0047879613600007,0.03627437209686126,1920
36061002500.0,36061002500.0,0.004672897196261682,0.01939836556800975,0.0038081226642683,0.050572577568421054,856
36005027401.0,36005027401.0,0.0,0.001697509132267696,3.265692590649763e-05,0.009227409344605048,667
36005027402.0,36005027402.0,0.0,0.012093580625105509,1.182974542824843e-05,0.10314144485946392,11
36081071306.0,36081071306.0,0.0,0.0005397634577132037,4.369789228957718e-06,0.0034875757492601146,516
36061016700.0,36061016700.0,0.0,0.001018905258695229,9.862594923173775e-06,0.005859534880746011,926
36081000104.0,36081000104.0,0.0011655011655011655,0.00254008006351824,0.0001272556457502751,0.009183366526488242,2574
36081129103.0,36081129103.0,0.013333333333333334,0.039640200077543326,0.00044198687430864936,0.17561486435868512,75
36061023300.0,36061023300.0,0.0,0.0014356222962750625,8.058478724535238e-06,0.009266559252803168,382
36061023700.0,36061023700.0,0.0,0.0017495153765288486,1.489108664580606e-05,0.010481521593055463,458
36005041400.0,36005041400.0,0.0025380710659898475,0.004941754157010347,1.3043835638547223e-05,0.02797854216362379,394
36005041800.0,36005041800.0,0.00390625,0.003924300264246765,9.308338034355037e-05,0.020483690625218206,256
36081053501.0,36081053501.0,0.0,0.0034655290578654613,9.673519587406565e-05,0.01704764297289127,345
36081052500.0,36081052500.0,0.0,0.00267500206707459,5.015007344911618e-05,0.015216196285851044,254
36081059502.0,36081059502.0,0.008522727272727272,0.020466795805330878,0.001557448591487046,0.06609610550686738,352
36005016500.0,36005016500.0,0.0,0.0011913817520828511,2.1608675422319433e-05,0.006699938351818501,434
36005016700.0,36005016700.0,0.0,0.0016747114865780133,1.919413957691885e-05,0.010318409822412097,272
36081002500.0,36081002500.0,0.0,0.001194775101684605,2.1687029954754437e-05,0.006273714049524531,1015
36061021400.0,36061021400.0,0.0,0.0015591954627071527,2.4216787840955184e-05,0.009606125128650373,238
36005041100.0,36005041100.0,0.0,0.002619160752846005,2.5183789056861882e-05,0.016862541806613934,160
36005041300.0,36005041300.0,0.0,0.0023987430440368727,4.277331142311586e-05,0.01375450685642017,222
36005030202.0,36005030202.0,0.0,0.004226334759304362,5.900015191396683e-05,0.023276239610001085,244
36005046205.0,36005046205.0,0.0007022471910112359,0.0027750726668973997,0.0001916603900062016,0.010424318485640639,1424
36081157101.0,36081157101.0,0.002369668246445498,0.0019871765961834713,2.4814819224740213e-05,0.010679446101810156,844
36081157102.0,36081157102.0,0.0,0.00217213237527984,1.1476746477758616e-05,0.013784986416761479,376
36005043501.0,36005043501.0,0.014446227929373997,0.049068276822860385,0.015117900363605156,0.10921039444711475,623
36005045101.0,36005045101.0,0.0,0.006867151602504602,9.123248448356233e-05,0.03929727931664674,104
36081000701.0,36081000701.0,0.0,0.0006387168859464849,1.0868877000087403e-05,0.003302035651096843,2419
36081001901.0,36081001901.0,0.0,0.0013198117288315363,2.0508235050888503e-05,0.007327685496280451,690
36061012902.0,36061012902.0,0.0017513134851138354,0.0007924085254898605,2.771612682463962e-06,0.005519430562456402,1142
36061013501.0,36061013501.0,0.0,0.0005716195016223894,2.893123729342114e-06,0.003856640018256358,889
36061013502.0,36061013502.0,0.0,0.0005073495342071838,4.310609890494871e-06,0.0031813055740289695,1288
36005014500.0,36005014500.0,0.0,0.0019650444139342796,2.9975376917513744e-05,0.011699402475101334,264
36005014701.0,36005014701.0,0.0,0.0020894318982478317,2.2663330603768614e-05,0.013097574731947788,107
36081001903.0,36081001903.0,0.0013686131386861315,0.0035885604775798513,0.0002408269868919755,0.012056966250232129,2192
36081003301.0,36081003301.0,0.0016750418760469012,0.0021582085371225205,5.259064498617899e-05,0.010096957536523586,1194
36061011500.0,36061011500.0,0.0007680491551459293,0.0006551578025569862,9.725038483620398e-06,0.004059185265178116,1302
36081008800.0,36081008800.0,0.001483679525222552,0.0027240815952616973,9.747606280450269e-05,0.012680871994204746,674
36081006202.0,36081006202.0,0.008094186902133923,0.028530556027204022,0.009337369515694308,0.061237697489224655,1359
36061015900.0,36061015900.0,0.005031446540880503,0.0017115265813861143,1.270643050442461e-05,0.0100839875042066,795
36061016300.0,36061016300.0,0.0018115942028985507,0.00456936729937106,0.0001643765090203676,0.01757450901985647,1104
36085000300.0,36085000300.0,0.0,0.0031310943999983726,5.322936809212763e-06,0.02357993792522812,114
36085000600.0,36085000600.0,0.0,0.004443446148824823,9.237045891617542e-06,0.03313022254094817,68
36085000700.0,36085000700.0,0.0,0.0038590755865520244,9.64855757232088e-07,0.03294883604543037,67
36085000800.0,36085000800.0,0.0,0.0021256278034535166,5.807283531135609e-06,0.0147687805639,160
36085000900.0,36085000900.0,0.0,0.0035468463010484568,2.3622220953598516e-06,0.029097121797367276,35
36085001100.0,36085001100.0,0.0,0.003298912732965297,6.837624219311052e-06,0.02448676150017908,21
36085001700.0,36085001700.0,0.0,0.0054910505390931025,7.542858232517453e-06,0.04423254590520646,14
36085002700.0,36085002700.0,0.0,0.008912172216266388,7.535427510357486e-06,0.07075059160510541,20
36085002900.0,36085002900.0,0.0,0.002155292610583166,1.4407914331056164e-05,0.014539509034132219,170
36085003300.0,36085003300.0,0.0,0.0020867566257949683,9.12819512971718e-06,0.014949990223844467,95
36085004001.0,36085004001.0,0.02702702702702703,0.010436108804789512,9.464195057071069e-06,0.0794797125699161,37
36085004002.0,36085004002.0,0.0,0.0024055226095360694,8.253658167058547e-06,0.017207546309570373,50
36085004003.0,36085004003.0,0.0,0.0025956699160399636,5.187008203575126e-06,0.020262422246972313,81
36085004004.0,36085004004.0,0.0,0.0010025957698384619,7.492712291693607e-06,0.006367929785623761,481
36085004700.0,36085004700.0,0.0,0.000778865071688528,1.1534272953571687e-05,0.004801501533316921,459
36085005000.0,36085005000.0,0.0,0.0010578630827231092,1.1673716050837188e-05,0.006622579317985295,243
36085006700.0,36085006700.0,0.0,0.0010773977791205954,4.426884546196786e-06,0.007790568955003215,94
36085007001.0,36085007001.0,0.005847953216374269,0.006417548402988243,7.981129106404336e-06,0.04192586391851698,171
36085007400.0,36085007400.0,0.0,0.0036353654015767786,4.7381994490409725e-06,0.026314392540825533,119
36085008100.0,36085008100.0,0.0,0.002585412761050063,2.544359431157934e-06,0.020201808152577303,30
36085009601.0,36085009601.0,0.0,0.002402777784610666,4.384791811989661e-06,0.01780874693561817,118
36085009602.0,36085009602.0,0.0,0.0017897670596420429,6.132207259714669e-06,0.012573530715065579,141
36085009701.0,36085009701.0,0.0,0.0014631940766698178,1.5377308413246623e-06,0.011904002299071417,38
36085009702.0,36085009702.0,0.0,0.0048748011244707625,7.472780796080186e-07,0.04156825840063307,11
36085010500.0,36085010500.0,0.0,0.0010133411526675618,1.532402274583292e-06,0.007618814152672148,153
36085011201.0,36085011201.0,0.0,0.0020544858025993633,6.754783651823623e-06,0.01431696105510175,167
36085011203.0,36085011203.0,0.0,0.0012726586468610312,2.5077602308200116e-06,0.009174723427998374,239
36085011401.0,36085011401.0,0.0,0.002259769313080504,5.34371281377198e-06,0.016107727665947147,57
36085011402.0,36085011402.0,0.0,0.002054089128003396,3.0745449386550116e-06,0.01562416501816683,71
36085012100.0,36085012100.0,0.007936507936507936,0.0011622959746358738,2.0938243542019735e-06,0.008850421679592765,126
36085012200.0,36085012200.0,0.0,0.0014027328796446345,2.481542100878403e-06,0.010281456058884315,143
36085012805.0,36085012805.0,0.015625,0.013712712073079723,1.4011997749339837e-06,0.10569212473384208,64
36085012806.0,36085012806.0,0.0,0.0023393603425620876,1.870554794145936e-06,0.018083095992581295,109
36085013301.0,36085013301.0,0.0,0.003360764227803982,4.032322097869554e-07,0.028877186899020933,16
36085013302.0,36085013302.0,0.0,0.000723824192672153,2.0110770220923626e-06,0.005385221294020033,180
36085013400.0,36085013400.0,0.0,0.0012911733757305917,4.1609821562183e-06,0.009285407916428418,110
36085014607.0,36085014607.0,0.0,0.002065302394891065,5.393958040459228e-06,0.015000521954074938,141
36085014608.0,36085014608.0,0.0,0.0028567005762297954,2.4851233277748507e-06,0.022828879680944644,53
36085015100.0,36085015100.0,0.0,0.0008982667740338977,4.091729991186751e-06,0.006518200811393472,122
36085015400.0,36085015400.0,0.0,0.00395026841625394,1.351973379859521e-06,0.03494364233189873,36
36085015601.0,36085015601.0,0.0,0.0014462842329636088,2.460859308137048e-06,0.010754051786208875,143
36085015602.0,36085015602.0,0.0,0.0019747845022481773,2.9762141868763415e-06,0.015160632074314317,30
36085016901.0,36085016901.0,0.0,0.0006174533253759745,6.305300962122414e-06,0.0037325089229697634,974
36085017007.0,36085017007.0,0.0,0.004415069134859508,1.2990611071994594e-05,0.032274479421261416,44
36085017009.0,36085017009.0,0.0,0.0022181344736981416,8.476240426362926e-06,0.015540586553377584,90
36085017011.0,36085017011.0,0.0,0.0022069349803992603,4.0287576091890325e-06,0.01614462229485024,18
36085017012.0,36085017012.0,0.0,0.001575739585387582,1.3065472701165077e-05,0.01011692687714789,109
36085017013.0,36085017013.0,0.0,0.006275274858095954,9.070579533622422e-06,0.04884738714325571,51
36085017014.0,36085017014.0,0.0,0.0036170408015863634,8.018998794792587e-06,0.027503347512584726,30
36085017015.0,36085017015.0,0.0,0.003494786841696647,8.206002105929455e-06,0.02654013198159421,28
36085017300.0,36085017300.0,0.0,0.0017548048219968627,3.802560511548491e-06,0.013121245072302641,83
36085017701.0,36085017701.0,0.0,0.0008211055533786134,1.152885260730905e-05,0.0049860175164678925,341
36085017702.0,36085017702.0,0.0,0.0033421748335136976,2.532067910092506e-06,0.027278365674223395,26
36085018100.0,36085018100.0,0.0,0.0009605165777097687,1.46987764664568e-05,0.005717369157683521,174
36085018701.0,36085018701.0,0.0,0.0007641917334248417,8.642245247532094e-06,0.005009447199186723,379
36085018703.0,36085018703.0,0.007246376811594203,0.004452734491983794,6.425471508959604e-06,0.033027590809773286,138
36085018704.0,36085018704.0,0.0043859649122807015,0.0030873444284056206,5.69724256239557e-06,0.023136073226604652,228
36085018901.0,36085018901.0,0.0,0.0009552213111392849,6.880905381536771e-06,0.006243110832424896,163
36085018902.0,36085018902.0,0.0,0.0007538662540586779,6.716972375163213e-06,0.0046287529006968225,1224
36085019700.0,36085019700.0,0.0,0.00148522858294293,2.4235658732571268e-06,0.011847591666105231,29
36085020100.0,36085020100.0,0.0,0.0007421759588584995,2.931202268139664e-06,0.005310761161878038,92
36085020701.0,36085020701.0,0.0,0.0012050549629170544,8.336890717317584e-07,0.010101935861170603,153
36085020702.0,36085020702.0,0.0,0.001022393350436022,1.5802605740856402e-06,0.007749477545724666,81
36085020804.0,36085020804.0,0.0,0.0016444817295718974,8.722485494654633e-06,0.011308098897471626,106
36085020805.0,36085020805.0,0.0,0.002577148429615582,7.802471867866626e-06,0.018716727970859458,90
36085020806.0,36085020806.0,0.0,0.002543134640992048,1.4182706714259185e-05,0.017570065837890163,71
36085022300.0,36085022300.0,0.0,0.001009824657372113,1.1989341928347955e-06,0.007872798212769915,185
36085022601.0,36085022601.0,0.0,0.0016136212822637096,2.129786390050187e-06,0.011904199775359142,245
36085022801.0,36085022801.0,0.011049723756906077,0.015266684477258749,0.00022818377343804017,0.06704855700817948,181
36085023100.0,36085023100.0,0.0,0.0013189649876182853,1.004452231090832e-06,0.010639308347106951,162
36085023900.0,36085023900.0,0.0,0.0008428271695533589,2.4724398922501933e-06,0.0061795119353358855,55
36085024401.0,36085024401.0,0.0,0.0017395073093179135,7.479175476189075e-07,0.014068659606995167,115
36085024402.0,36085024402.0,0.0,0.003169543573306028,2.0064722934629306e-07,0.028510481754552678,68
36085025100.0,36085025100.0,0.0,0.0007497843815516324,4.56729084357871e-06,0.005177577846124584,176
36085027301.0,36085027301.0,0.0,0.0011384359430770814,2.293015693996691e-05,0.006515227838010006,469
36085027302.0,36085027302.0,0.007874015748031496,0.005120078500074921,8.352388734366298e-06,0.03660201053889539,127
36085027704.0,36085027704.0,0.0,0.003303900489943636,6.626825083785461e-06,0.025326249327318483,47
36085027705.0,36085027705.0,0.0,0.004600412029414023,4.215605700207751e-06,0.037931384191691606,26
36085027900.0,36085027900.0,0.0,0.0011382811207255362,1.6441954772718685e-05,0.006889643164927305,211
36085029105.0,36085029105.0,0.0,0.0028285928688776218,1.2237770773236396e-05,0.02013913465324508,112
36085030302.0,36085030302.0,0.0,0.0009649229376265701,3.0285916468969576e-06,0.007135812487901794,141
36085031902.0,36085031902.0,0.0,0.001591358944171133,7.194612423977814e-07,0.013175035041301365,139
36047000100.0,36047000100.0,0.0,0.0022252128196743465,7.858683814790993e-05,0.010530111889323894,703
36047000301.0,36047000301.0,0.006830601092896175,0.02233245940326564,0.004398670743670837,0.057892214559107806,732
36047000501.0,36047000501.0,0.0,0.003822596911678715,3.2526951164928626e-05,0.023960876391938717,148
36047000502.0,36047000502.0,0.0,0.0026013228274632096,4.015572555950629e-05,0.015428840663620524,211
36047000700.0,36047000700.0,0.0,0.002008069893835002,6.394044519703697e-05,0.010203119519769967,480
36047001502.0,36047001502.0,0.0,0.0012002970677746833,1.7732502786149902e-05,0.006823042466398982,756
36047001803.0,36047001803.0,0.024793388429752067,0.047555277100902606,0.0034307685500977307,0.16129241095705232,121
36047002000.0,36047002000.0,0.0,0.0017639543683628113,4.28702640476555e-05,0.00876815380015394,935
36047003000.0,36047003000.0,0.0,0.0024048254599471864,1.4979269308485982e-05,0.016211610172245736,117
36047003101.0,36047003101.0,0.0055248618784530384,0.00445683142665641,3.761602681612227e-05,0.0244870221058028,362
36047003102.0,36047003102.0,0.0,0.0028250961390341458,4.198317751057577e-05,0.016618782654018414,156
36047003300.0,36047003300.0,0.0,0.0010242773521375085,1.978836474771214e-05,0.005910614538103857,614
36047003400.0,36047003400.0,0.0,0.001263448944309646,3.7570291924672913e-06,0.008481967533626898,552
36047003500.0,36047003500.0,0.0,0.0010619387690953982,2.333726904738095e-05,0.005855454660750293,559
36047003600.0,36047003600.0,0.0,0.0015169911527404389,1.1122837848904105e-05,0.01052573780040226,49
36047003700.0,36047003700.0,0.0,0.000911624378892727,1.8552809844053913e-05,0.004968517392310456,637
36047003800.0,36047003800.0,0.0,0.002443827696195375,1.3073331422808699e-06,0.021153493609080736,76
36047003900.0,36047003900.0,0.0,0.0009188896757044199,1.8137749000825472e-05,0.0050135633291285096,688
36047004100.0,36047004100.0,0.0,0.0010456353972975914,1.2594324229309315e-05,0.00640306761894147,440
36047004300.0,36047004300.0,0.0,0.0010894532467995528,1.089493695553334e-05,0.006821101326462403,532
36047004400.0,36047004400.0,0.0,0.0010692414620695348,3.3980236023777997e-06,0.007779723265353812,175
36047004500.0,36047004500.0,0.0,0.0015162176555741703,3.3415785987422856e-05,0.008492529302727281,339
36047004700.0,36047004700.0,0.0,0.0020547656101963215,0.00010143123407311504,0.008478501649220534,1298
36047004900.0,36047004900.0,0.0,0.0035767230365759744,5.585344596176696e-05,0.0201626575758269,240
36047005000.0,36047005000.0,0.0,0.0012656598556128919,1.0999544695051918e-06,0.010020061383954344,87
36047005201.0,36047005201.0,0.0,0.0016940185934578359,6.317292136152581e-07,0.014677466018844811,92
36047005202.0,36047005202.0,0.0,0.0021264603331320586,6.426513390651242e-07,0.018349000759067174,81
36047005301.0,36047005301.0,0.017985611510791366,0.07732856883461539,0.018518726133579695,0.18562972296497726,278
36047005303.0,36047005303.0,0.01948051948051948,0.06884471141535467,0.008443184137801258,0.20268411410985077,154
36047005400.0,36047005400.0,0.013333333333333334,0.00563729696021321,1.0698130211502063e-06,0.05114877585198491,75
36047005601.0,36047005601.0,0.0,0.0017691534280823858,8.420735968430596e-07,0.014701880691555966,80
36047005602.0,36047005602.0,0.0,0.0012607459850073276,5.526698347434341e-07,0.010353075764291031,228
36047005800.0,36047005800.0,0.0,0.0008926592510725029,2.0697103996311056e-06,0.0065823107854274315,204
36047006000.0,36047006000.0,0.0,0.0011251738433013447,1.7705582638510955e-06,0.008699088002871256,96
36047006200.0,36047006200.0,0.0,0.0009275423436764783,2.9914830194818487e-06,0.006976528741786115,83
36047006400.0,36047006400.0,0.0,0.0008455219908450809,5.717990770430187e-06,0.005898430863769388,132
36047006500.0,36047006500.0,0.0,0.0029578912619772323,0.00013680664305260027,0.012621810132696604,703
36047006600.0,36047006600.0,0.0,0.0011435274477961184,6.349627698496246e-06,0.007944943589261379,106
36047006700.0,36047006700.0,0.0,0.002790877514740027,9.949084050796623e-05,0.014078968311698543,272
36047006800.0,36047006800.0,0.0,0.0014328041465252771,1.928120469712647e-05,0.008972452528431594,196
36047006901.0,36047006901.0,0.0,0.0019215494606222155,1.2472337644009379e-05,0.013056062576452816,145
36047006902.0,36047006902.0,0.0,0.002216692223138616,1.1730330532692717e-05,0.01535487021651148,179
36047007000.0,36047007000.0,0.0021691973969631237,0.004206768917640179,0.0001848558500792567,0.01880889444718814,461
36047007100.0,36047007100.0,0.0,0.0015584424789250918,2.6942158818629184e-05,0.008873489117992676,300
36047007200.0,36047007200.0,0.008797653958944282,0.023873908062238994,0.0004437727007208066,0.07962862288940754,341
36047007400.0,36047007400.0,0.0,0.0025617993475815677,3.777532539091242e-05,0.015347164692338981,203
36047007600.0,36047007600.0,0.0,0.0018099270522917471,1.9629074589868185e-05,0.011741267492461419,194
36047007800.0,36047007800.0,0.0,0.0021319539815058126,2.5532056270303184e-05,0.013899575541567965,190
36047008000.0,36047008000.0,0.0,0.0020188803711715807,2.6515551576863163e-05,0.011912830269348158,256
36047008200.0,36047008200.0,0.0,0.0023136568562691284,2.466295819493398e-05,0.014135931953614669,272
36047008400.0,36047008400.0,0.0,0.0023628449882819817,7.620723697071009e-05,0.010982003233482997,761
36047008500.0,36047008500.0,0.0,0.009946134745157821,8.812343798062166e-05,0.059480664271056125,95
36047008600.0,36047008600.0,0.0,0.0023338879288180765,2.0991528429346717e-05,0.015896363326391407,59
36047008800.0,36047008800.0,0.0,0.002436498825310923,1.998642397262713e-05,0.016217747938235612,171
36047009001.0,36047009001.0,0.0,0.0035259495439376744,1.6127935604215873e-05,0.024943863141596384,36
36047009002.0,36047009002.0,0.0,0.0032389415985660547,1.7654688171842063e-05,0.023680895767681686,48
36047009201.0,36047009201.0,0.0,0.002464440313046447,1.659347713235321e-05,0.01709121193827738,18
36047009202.0,36047009202.0,0.0,0.0028304124986002284,1.6388911624264524e-05,0.02012931441744638,32
36047009401.0,36047009401.0,0.0,0.0019688324733000938,1.4640440254967668e-05,0.013797357541141116,64
36047009402.0,36047009402.0,0.0,0.002086505959581482,1.33121220392101e-05,0.014242090619036413,54
36047009600.0,36047009600.0,0.0,0.0017392747767672255,1.8666686969267327e-05,0.011063399510755634,162
36047009800.0,36047009800.0,0.0,0.0017250854223175831,1.7718258489385247e-05,0.011127944646971354,115
36047010000.0,36047010000.0,0.0,0.0016942753712042304,1.6358464105364394e-05,0.011470512515555661,102
36047010200.0,36047010200.0,0.0,0.0017692391967478386,1.443316711918594e-05,0.011911995163818353,126
36047010401.0,36047010401.0,0.0,0.0021048051244429425,7.834728620958171e-06,0.01574825712182576,54
36047010402.0,36047010402.0,0.0,0.002568988053435145,5.701831451330932e-06,0.01895973922620014,40
36047010601.0,36047010601.0,0.0,0.001704618932621657,1.2685230906582937e-05,0.011370339274863228,50
36047010602.0,36047010602.0,0.0,0.0019006234728564926,9.812457763960622e-06,0.013331815001130192,30
36047010801.0,36047010801.0,0.0,0.0017800515749753349,1.4110715704216614e-05,0.012290417074690736,58
36047010802.0,36047010802.0,0.0,0.0018345764372816177,1.0919542923593166e-05,0.012750495315389682,41
36047011000.0,36047011000.0,0.0,0.003052481132018839,3.916961183322704e-05,0.01830378779471949,178
36047011200.0,36047011200.0,0.0,0.0019064477205561275,1.622702608390067e-05,0.011942197979171995,177
36047011400.0,36047011400.0,0.0,0.0013974960482300886,1.516064174725727e-05,0.008753648556666016,179
36047011600.0,36047011600.0,0.0,0.001347137397303489,1.5185685764933733e-05,0.008883027641948699,62
36047011800.0,36047011800.0,0.0,0.001311581855446936,1.8665363594830732e-05,0.008356051364352121,163
36047011901.0,36047011901.0,0.0036596523330283625,0.01133501650800464,0.0018127179114632505,0.0316045974595288,1093
36047011902.0,36047011902.0,0.013119533527696793,0.05643006755454722,0.01766947161829507,0.1203904419204464,686
36047012000.0,36047012000.0,0.0038910505836575876,0.0018740080648998998,1.4703128211475382e-05,0.011851043844371086,514
36047012100.0,36047012100.0,0.0018050541516245488,0.005681572909198271,0.00010419076351276545,0.02539673635809244,554
36047012200.0,36047012200.0,0.0,0.0022238731021902353,3.4941306997741556e-05,0.013157861860960168,285
36047012600.0,36047012600.0,0.0,0.001109591189848485,3.190188499589094e-05,0.005676359666963034,798
36047012700.0,36047012700.0,0.0,0.001726224617536152,2.7532341191931346e-05,0.010017580028661821,372
36047012801.0,36047012801.0,0.0,0.0014225360880568698,1.0129628644960382e-05,0.009841029589648375,58
36047012901.0,36047012901.0,0.0,0.0015219019227226617,2.174791102255216e-05,0.008773984284627525,538
36047012902.0,36047012902.0,0.0,0.0013927610912893875,2.424720879181737e-05,0.008028498194406066,488
36047013000.0,36047013000.0,0.0,0.0014955048294092853,8.408586600349737e-06,0.010145683055665764,299
36047013100.0,36047013100.0,0.0,0.002231118174727457,5.658363059520279e-05,0.012102147507121857,358
36047013200.0,36047013200.0,0.0,0.0009654128977258718,1.0343463867783354e-05,0.006035433372460036,91
36047013300.0,36047013300.0,0.0,0.002893628876448559,4.559860918090021e-05,0.01644180033662265,332
36047013400.0,36047013400.0,0.0,0.0007001115128033113,1.0747973083721732e-05,0.004194604668805068,669
36047013500.0,36047013500.0,0.0,0.011324042809287197,0.0003828588823097434,0.05095142991745171,199
36047013600.0,36047013600.0,0.0,0.0006675591225122951,7.045363230743617e-06,0.0041414666306968054,283
36047013700.0,36047013700.0,0.0,0.0027092567074033275,5.0023901835479374e-05,0.015306123051741588,319
36047013800.0,36047013800.0,0.0,0.0007698593535957278,3.5399174131558957e-06,0.005490971024771651,169
36047013900.0,36047013900.0,0.0,0.001687479972833859,2.6771068021935203e-05,0.009551129968370395,516
36047014000.0,36047014000.0,0.0,0.000973742235462948,9.395870234685068e-06,0.00634460546509069,135
36047014200.0,36047014200.0,0.0,0.0006533179250522748,5.117961272336031e-06,0.004249609866225488,634
36047014700.0,36047014700.0,0.004545454545454545,0.006788662472001607,4.8824450667700687e-05,0.03817618573059394,220
36047014800.0,36047014800.0,0.0,0.002363503499650556,8.644123495751993e-06,0.01717628476332286,56
36047014901.0,36047014901.0,0.0,0.002085887501747078,2.2170653245177785e-05,0.013707922399051675,144
36047014902.0,36047014902.0,0.0,0.0018776037605745203,3.636614777402078e-05,0.01048786578810313,359
36047015000.0,36047015000.0,0.0,0.0022395384368889618,1.250767722611877e-05,0.016633766395334187,72
36047015100.0,36047015100.0,0.0,0.0016523560144042506,1.7173235046447668e-05,0.009953995680611357,363
36047015200.0,36047015200.0,0.0,0.0011257887937773455,7.084426296777842e-06,0.007678386705769517,114
36047015300.0,36047015300.0,0.0,0.0017950276972240437,3.287575291125249e-05,0.010217931618813628,481
36047015400.0,36047015400.0,0.002079002079002079,0.003047296016141782,7.582634575614053e-05,0.014940855180960357,481
36047015500.0,36047015500.0,0.0,0.0023666445212033116,3.872427253455594e-05,0.014063621080097281,277
36047015700.0,36047015700.0,0.0,0.0022591365985188696,3.346794626539189e-05,0.012758945099678754,387
36047015900.0,36047015900.0,0.0010845986984815619,0.0023006950294764813,8.90186735625973e-05,0.010316236778270723,922
36047016000.0,36047016000.0,0.0,0.0005636600534780893,5.417498711102384e-06,0.0035131390349121485,689
36047016100.0,36047016100.0,0.002642007926023778,0.006271878781013794,0.0002531998956798463,0.023823354416282465,757
36047016300.0,36047016300.0,0.002127659574468085,0.001358564482735903,2.0364230232205798e-05,0.008113164982315228,470
36047016500.0,36047016500.0,0.0,0.0019259990418180103,4.941240020817289e-05,0.009544937866652576,717
36047016600.0,36047016600.0,0.0,0.0013091961254417812,1.0326845696055972e-05,0.008814388068324417,130
36047016700.0,36047016700.0,0.0,0.0018015044504434505,5.080113748599661e-05,0.00884350476929012,670
36047016800.0,36047016800.0,0.0023752969121140144,0.002973059447294771,8.1095113466528e-06,0.019344030941407495,421
36047016900.0,36047016900.0,0.0,0.002909977700081804,5.1242559750762114e-05,0.015157671889638529,402
36047017000.0,36047017000.0,0.0,0.002126370151055467,8.625025239933585e-06,0.014834200921709022,212
36047017200.0,36047017200.0,0.0,0.002100519361655539,1.4542688280874819e-05,0.014074583713425723,117
36047017400.0,36047017400.0,0.0,0.0013610069093660936,6.63228696308856e-06,0.008900934335858915,480
36047017500.0,36047017500.0,0.0011918951132300357,0.0028992504167707762,0.0001259926084083226,0.012517820018031398,839
36047017600.0,36047017600.0,0.0,0.0016805104622062874,5.224525497121292e-06,0.011848244398603946,331
36047017800.0,36047017800.0,0.0,0.002600618739438709,2.316201337627283e-05,0.016766462799971543,175
36047017900.0,36047017900.0,0.0,0.0010146096576830695,1.8551832112090897e-05,0.005898832958838947,601
36047018000.0,36047018000.0,0.0,0.0018534333289735084,1.4715864199566684e-05,0.01243443547582581,164
36047018100.0,36047018100.0,0.0,0.0009956806664863048,1.6464180044107438e-05,0.005751758536861616,523
36047018200.0,36047018200.0,0.0,0.002299643716027094,2.20199571834105e-05,0.015313905430340655,107
36047018300.0,36047018300.0,0.0,0.0015094906603006892,2.1843741143415625e-05,0.008704601788712853,452
36047018400.0,36047018400.0,0.0,0.002150749293279074,1.148170881652015e-05,0.015448872654698057,53
36047018501.0,36047018501.0,0.0,0.0028157727084868137,3.6518714692359e-05,0.015554990730506394,393
36047018600.0,36047018600.0,0.0,0.0031735485535282193,8.22777559130588e-06,0.02384160850357915,38
36047018700.0,36047018700.0,0.0023584905660377358,0.0065659744052013426,0.00021706690310654064,0.02858576476797613,424
36047018800.0,36047018800.0,0.0,0.0020817536459869493,2.1555986760148678e-05,0.013471260587082465,106
36047019000.0,36047019000.0,0.0,0.0016898579269122378,1.5933177463175744e-05,0.010871264594812415,221
36047019100.0,36047019100.0,0.0,0.0014569899628561619,6.141247643656891e-05,0.006416957936620397,1171
36047019200.0,36047019200.0,0.0,0.0015959440373685676,1.2156392887202569e-05,0.010528786242060576,155
36047019300.0,36047019300.0,0.0,0.001478002941810642,1.7224628209340416e-05,0.008902687409604966,294
36047019400.0,36047019400.0,0.0,0.0011806245057887647,1.1534691938013932e-05,0.00749055885218319,288
36047019500.0,36047019500.0,0.0,0.0016561336594895892,1.6810791823387213e-05,0.01021077012611155,291
36047019600.0,36047019600.0,0.0,0.001234269574377989,1.4978672647723463e-05,0.0077022153482036,97
36047019700.0,36047019700.0,0.0,0.0008497704379394906,1.3464080071891924e-05,0.0049910378227293155,560
36047019800.0,36047019800.0,0.0,0.001854581585528074,1.336525991026261e-05,0.012551638580643542,49
36047019900.0,36047019900.0,0.00228310502283105,0.0012280181943563635,7.920045638094148e-06,0.007586356899673629,876
36047020000.0,36047020000.0,0.0,0.001696379710529415,1.0006359900519606e-05,0.012421191653971058,54
36047020100.0,36047020100.0,0.0,0.0007892392640286298,5.669215734930254e-06,0.005169813167407293,459
36047020200.0,36047020200.0,0.0,0.0019506567376061604,6.061283960644804e-06,0.014773255940926223,38
36047020300.0,36047020300.0,0.0,0.0008199998181320083,8.657076468018897e-06,0.005077059943428888,538
36047020400.0,36047020400.0,0.0,0.0018533001088484533,3.672835366775084e-06,0.014250822016555288,67
36047020500.0,36047020500.0,0.0,0.0013496702680552185,1.2788018668748107e-05,0.008384477405099091,424
36047020600.0,36047020600.0,0.0,0.0009581561330050733,6.832554441930883e-06,0.006580533489461335,130
36047020700.0,36047020700.0,0.0,0.002122041184698586,3.8014976966062715e-05,0.011832256805833444,374
36047020800.0,36047020800.0,0.0,0.001208068626783609,1.0232734160081445e-05,0.008198609787614006,87
36047021000.0,36047021000.0,0.0,0.0014559788374853373,8.658536030431661e-06,0.010006328014186584,75
36047021100.0,36047021100.0,0.0,0.003412497748241494,0.00010522847178520119,0.016435117377145,374
36047021200.0,36047021200.0,0.0,0.0011021305573189286,1.3120361199708772e-05,0.006959639155995405,292
36047021300.0,36047021300.0,0.0,0.002556867752995493,4.392927030146447e-05,0.014459535599071639,376
36047021400.0,36047021400.0,0.0,0.001566754382158878,1.2548124218883395e-05,0.010606257479144749,112
36047021500.0,36047021500.0,0.0,0.001960159605793864,4.357253601769938e-05,0.010258313389140055,566
36047021600.0,36047021600.0,0.0,0.0017699041952734,1.3274943882676568e-05,0.011937370943782801,96
36047021700.0,36047021700.0,0.0,0.0020193567685181093,3.6487292758771054e-05,0.011669880063376579,323
36047021800.0,36047021800.0,0.0,0.001668249534656144,1.4229736725135667e-05,0.011509054461713427,143
36047021900.0,36047021900.0,0.0,0.000959431431377719,1.9124758173555474e-05,0.005437344652213233,470
36047022000.0,36047022000.0,0.0,0.0016307515625513058,1.6151534860268656e-05,0.010334150902387368,224
36047022100.0,36047022100.0,0.0,0.0007149198173781041,1.028617990513271e-05,0.004238657045101922,393
36047022200.0,36047022200.0,0.0,0.0020080246945481522,2.1758132858104845e-05,0.012574554744803524,215
36047022400.0,36047022400.0,0.0,0.002882817434843885,3.346217608708773e-05,0.01717674566504075,244
36047022600.0,36047022600.0,0.004405286343612335,0.01252901797998577,0.0006215432450524685,0.05359498653294779,227
36047022700.0,36047022700.0,0.0,0.0005123694985173119,7.094947803469581e-06,0.0030535152390797106,955
36047022800.0,36047022800.0,0.010676156583629894,0.03550908620540214,0.003192812448506912,0.10763313311756856,281
36047022900.0,36047022900.0,0.0,0.0008569224925196035,3.1052505479394633e-06,0.005941952241480991,341
36047023000.0,36047023000.0,0.0,0.006366796245216275,0.00014111844578724542,0.033766613364732814,127
36047023100.0,36047023100.0,0.0,0.0008902557516419112,4.983967038953431e-06,0.006092655735225521,298
36047023200.0,36047023200.0,0.0,0.003329346786819117,6.3041670219725e-05,0.0180789672851639,264
36047023300.0,36047023300.0,0.0,0.0010194544074586993,7.404169300613038e-06,0.006536447891627068,451
36047023400.0,36047023400.0,0.004975124378109453,0.005967568619896062,2.569592794435323e-05,0.03707029606109602,201
36047023500.0,36047023500.0,0.0,0.002227336008996453,1.43935381220339e-05,0.014395448401462809,224
36047023600.0,36047023600.0,0.0,0.0018278615746276411,2.48988198509014e-05,0.010787838965176846,229
36047023800.0,36047023800.0,0.0,0.001819304353466233,2.188956054679058e-05,0.011977929656723528,136
36047024000.0,36047024000.0,0.0,0.0018520078425114726,1.630515556558114e-05,0.012148002081221581,164
36047024100.0,36047024100.0,0.0,0.0017439119740710722,2.672045527576724e-05,0.010047310993155775,418
36047024200.0,36047024200.0,0.0,0.00232664481953074,2.6271095844700493e-05,0.014279545582289877,161
36047024300.0,36047024300.0,0.0,0.0009349340868676382,7.71202260307671e-06,0.006102044045293691,273
36047024400.0,36047024400.0,0.0,0.003834781142480662,3.7418017126621274e-05,0.02392684560766083,144
36047024500.0,36047024500.0,0.0,0.0007106378430967766,4.549940669096127e-06,0.004773540211666785,315
36047024600.0,36047024600.0,0.0,0.005383891170897527,7.461423042364974e-05,0.03241068904964548,96
36047024700.0,36047024700.0,0.0,0.0005106025633012501,7.592073033165454e-06,0.0031217812940496884,400
36047024800.0,36047024800.0,0.005291005291005291,0.00948516717404016,0.0002550110487934434,0.04592306969232825,189
36047024900.0,36047024900.0,0.0,0.0006841219030221132,4.624809288200616e-06,0.004667519885610227,263
36047025000.0,36047025000.0,0.0,0.0019190292469606074,1.958369444513693e-05,0.011664095283891472,209
36047025100.0,36047025100.0,0.0,0.0008167829419983253,9.019026561762705e-06,0.005223220908249812,189
36047025200.0,36047025200.0,0.0,0.0021896051697100345,2.7478341968100687e-05,0.012476966611895844,374
36047025300.0,36047025300.0,0.0,0.0017710142450012647,3.415745832275649e-05,0.00991680418025461,272
36047025400.0,36047025400.0,0.0,0.0030765560694822522,7.469517875152419e-05,0.01702605822240767,192
36047025500.0,36047025500.0,0.012903225806451613,0.022918556005167155,0.0010246978401549642,0.08955997625457708,155
36047025600.0,36047025600.0,0.0,0.0037727327969972265,6.893082281528458e-05,0.021346514802107978,160
36047025700.0,36047025700.0,0.0,0.002443061177171001,4.588368045070114e-05,0.013610603129956432,279
36047025800.0,36047025800.0,0.0,0.004801612381335358,3.6344396577494446e-05,0.03059077386088865,130
36047025901.0,36047025901.0,0.0,0.002195959044019682,2.3676317389687755e-05,0.014416294400394712,95
36047025902.0,36047025902.0,0.0,0.002691502463434205,9.616635371919317e-06,0.020007888716362582,77
36047026000.0,36047026000.0,0.0,0.003337922426806702,3.778610909977389e-05,0.02152177678060116,116
36047026100.0,36047026100.0,0.0,0.0010465116287730377,8.35630474143441e-06,0.007128521357006643,265
36047026200.0,36047026200.0,0.0,0.002608324146018149,1.8013845729847945e-05,0.018070044230724617,115
36047026300.0,36047026300.0,0.0,0.0010604446032968181,6.03060038723723e-06,0.00741258827319278,99
36047026400.0,36047026400.0,0.00684931506849315,0.006058974212381462,4.0429699933456573e-05,0.036750059592246406,146
36047026500.0,36047026500.0,0.0,0.0006614006586056119,4.707885811299068e-06,0.004639760509979685,282
36047026600.0,36047026600.0,0.0,0.005915641490685884,5.3852640572750895e-05,0.03775604250067497,81
36047026700.0,36047026700.0,0.0,0.0006665171872740782,3.713287954726888e-06,0.0045409481224749255,260
36047026800.0,36047026800.0,0.0,0.008609306908683171,0.00016485753814912652,0.048600360347320945,92
36047026900.0,36047026900.0,0.0,0.0007210326034748503,3.220975753808256e-06,0.005071446009158898,230
36047027000.0,36047027000.0,0.0,0.011156195949790648,0.0004985601968512604,0.0484249245208344,149
36047027100.0,36047027100.0,0.002364066193853428,0.0007049372842681732,7.548066071107777e-06,0.00484296106500253,423
36047027200.0,36047027200.0,0.0,0.007526514126962485,0.0003002488828356794,0.0366674532409287,125
36047027300.0,36047027300.0,0.0,0.0007627528225693737,2.8771629158534196e-06,0.005603425755771428,164
36047027400.0,36047027400.0,0.0,0.005641223680930429,8.984235029505885e-05,0.03183843595031283,105
36047027500.0,36047027500.0,0.0,0.0005636188315799405,4.013159315632958e-06,0.0038283516980861243,277
36047027600.0,36047027600.0,0.0,0.0037592291832806842,5.543240027631964e-05,0.02219266037723157,95
36047027700.0,36047027700.0,0.0,0.0006036638528172841,4.6223610673075826e-06,0.004003121524033459,266
36047027800.0,36047027800.0,0.015384615384615385,0.025543919475913585,0.00014189152126204132,0.11038285346403065,130
36047027900.0,36047027900.0,0.0,0.000676754813174955,6.000424667564245e-06,0.0045762135132607065,293
36047028000.0,36047028000.0,0.0,0.003161540278384823,2.0468479683480455e-05,0.019169401827033312,227
36047028100.0,36047028100.0,0.0,0.0008784380789692278,8.794153090108454e-06,0.005768961758674205,292
36047028200.0,36047028200.0,0.0,0.003302178979729422,3.662105827627128e-05,0.01822375336585929,348
36047028300.0,36047028300.0,0.0,0.0012610716082330753,9.17744155285879e-06,0.008468136768704082,192
36047028400.0,36047028400.0,0.0,0.004892285283098604,7.762203613853221e-05,0.02749838436500228,129
36047028501.0,36047028501.0,0.0,0.0027215476184289846,4.246247673735017e-05,0.016588468709110737,109
36047028502.0,36047028502.0,0.0,0.0018879521180426592,1.5305938806080415e-05,0.012326447383720122,149
36047028600.0,36047028600.0,0.0,0.004380304396458856,7.839510867601308e-05,0.021929935149471936,365
36047028700.0,36047028700.0,0.0,0.0012585063171657999,1.0881787933624901e-05,0.008526003623282563,199
36047028800.0,36047028800.0,0.0,0.007452741846970224,0.00018251788816347374,0.039623925786234776,107
36047029000.0,36047029000.0,0.008130081300813009,0.03032330268399496,0.00163353152008075,0.11971761261786378,123
36047029100.0,36047029100.0,0.0,0.0007820351969745186,5.092460993721151e-06,0.005573832886850565,160
36047029200.0,36047029200.0,0.00998003992015968,0.043596303093969724,0.010617823385831586,0.10553399692412864,501
36047029300.0,36047029300.0,0.0,0.0006210921961137147,4.686632551355334e-06,0.004196357526158041,150
36047029400.0,36047029400.0,0.0030120481927710845,0.018872911157223827,0.0015676930557878463,0.06400095407655805,332
36047029500.0,36047029500.0,0.0,0.0006037673403599522,4.138430442326287e-06,0.004044346852567266,160
36047029600.0,36047029600.0,0.022304832713754646,0.09600034440919948,0.026919249003602697,0.2200808889227409,269
36047029700.0,36047029700.0,0.0,0.0006562409632271043,3.5998530611327164e-06,0.004645205325600845,123
36047029800.0,36047029800.0,0.016736401673640166,0.054076875034879096,0.00898623112335946,0.14521672498382487,239
36047029900.0,36047029900.0,0.0,0.0005028700600755153,4.961330865576657e-06,0.0031837844826967765,614
36047030000.0,36047030000.0,0.020689655172413793,0.08882647861701033,0.01663946298783063,0.23562897128454205,145
36047030100.0,36047030100.0,0.0,0.00046013153032944433,5.16299738655977e-06,0.00289420746788562,657
36047030200.0,36047030200.0,0.017543859649122806,0.07878804804368977,0.014908454289927518,0.20827782010725088,171
36047030300.0,36047030300.0,0.0,0.0005506349108671993,4.124001608964562e-06,0.003655612288059485,698
36047030400.0,36047030400.0,0.0017211703958691911,0.010478424059050072,0.0005890843874562974,0.03635443473133381,581
36047030500.0,36047030500.0,0.0,0.0006906288940370742,1.749315520222895e-05,0.0037357644378380535,751
36047030600.0,36047030600.0,0.0196078431372549,0.07614041913505365,0.009030372377920072,0.23963621331745683,102
36047030700.0,36047030700.0,0.0,0.0006027183579710281,8.086434801103545e-06,0.003595423167986182,590
36047030800.0,36047030800.0,0.0,0.014816075569510471,0.0008603979931543821,0.05812110095280474,194
36047030900.0,36047030900.0,0.0016,0.0011642419264745127,5.5338109654554786e-06,0.008177121602471783,625
36047031100.0,36047031100.0,0.0,0.0007002765142380307,3.913358847070565e-06,0.004703031952562706,606
36047031300.0,36047031300.0,0.0,0.0005567829782135143,4.9810176887741644e-06,0.0036011969717415484,654
36047031401.0,36047031401.0,0.0030581039755351682,0.013741343257642202,0.0019223308993995471,0.03836658916147575,981
36047031402.0,36047031402.0,0.06666666666666667,0.21778029702174354,0.007164965640038465,0.7669459068201657,15
36047031500.0,36047031500.0,0.0,0.0006011509355261009,2.9406128121869065e-06,0.004091581032141846,816
36047031701.0,36047031701.0,0.0,0.0008097814382373969,6.161583364052006e-06,0.005583498311927399,256
36047031702.0,36047031702.0,0.0,0.0006793390443329248,1.4226867450353724e-05,0.003918306902043718,499
36047031900.0,36047031900.0,0.0,0.0010985256305638224,1.4180643477861747e-05,0.006772372283158183,174
36047032100.0,36047032100.0,0.0,0.0013842823054272453,1.4074576766403364e-05,0.00839923866565351,367
36047032300.0,36047032300.0,0.0,0.0014779097648553445,1.4920524253091345e-05,0.008960175698085568,392
36047032500.0,36047032500.0,0.0,0.0027507630458462385,3.933151585015675e-05,0.016258097426534723,254
36047032600.0,36047032600.0,0.009009009009009009,0.03993084168147437,0.006296418109596916,0.11026325776779708,333
36047032800.0,36047032800.0,0.07142857142857142,0.34011621879051657,0.1281126742448905,0.6642124957814316,140
36047032900.0,36047032900.0,0.003246753246753247,0.003747608447646257,0.0001189212824373591,0.018979565058554172,308
36047033000.0,36047033000.0,0.1565217391304348,0.6551850924891846,0.29745619724919675,0.9528383206847493,115
36047033100.0,36047033100.0,0.0,0.0011058222626191925,1.4440752161769421e-05,0.006938221848678462,254
36047033300.0,36047033300.0,0.0,0.0013464557169911848,9.491763097645262e-06,0.008978331097613623,221
36047033500.0,36047033500.0,0.0,0.0008937137469524444,8.93048312429918e-06,0.005944175442785959,252
36047033600.0,36047033600.0,0.0,0.04635262189392996,0.0025603124187085075,0.1714833154977558,105
36047033701.0,36047033701.0,0.0,0.0007510461096624883,7.014928843940414e-06,0.004795302276643924,596
36047033702.0,36047033702.0,0.0,0.0010887196882493357,6.357052346741639e-06,0.007493664352107066,138
36047033900.0,36047033900.0,0.006711409395973154,0.0012400810559260954,1.0907842138560911e-05,0.008459967095963885,298
36047034000.0,36047034000.0,0.14583333333333334,0.5790388178698651,0.21018603617480752,0.9435491345864451,48
36047034100.0,36047034100.0,0.0,0.0009047787588356481,5.334285371796943e-06,0.006147322464586644,126
36047034200.0,36047034200.0,0.10909090909090909,0.4797332186140133,0.14900318929463374,0.9095183862230037,55
36047034300.0,36047034300.0,0.0,0.0009512303179357147,5.559034263746427e-06,0.006473183750217134,194
36047034500.0,36047034500.0,0.0035842293906810036,0.0015252515164471635,9.18752625432009e-06,0.010953742880967097,279
36047034700.0,36047034700.0,0.004901960784313725,0.002526236821755508,8.174057601033128e-06,0.019491982053371187,204
36047034800.0,36047034800.0,0.0025906735751295338,0.016076605850502624,0.0028207036869048276,0.04462695182775806,772
36047034901.0,36047034901.0,0.0,0.0012922122203240655,8.541083063393945e-06,0.0084304316426086,236
36047034902.0,36047034902.0,0.0,0.0015230332574714329,1.8155990216239373e-05,0.009962592650272908,102
36047035000.0,36047035000.0,0.0,0.01136560111213179,0.00011033577461807814,0.062077139485444854,139
36047035101.0,36047035101.0,0.0,0.0010667917845330898,8.19301273046491e-06,0.0069773548603121625,319
36047035102.0,36047035102.0,0.0,0.001404296069433202,7.468172745208367e-06,0.009784567875729127,119
36047035200.0,36047035200.0,0.008403361344537815,0.049114942571905365,0.009035123086827931,0.1323881539862613,238
36047035301.0,36047035301.0,0.0,0.0008470407586019937,9.021491499262146e-06,0.0055014259393264,297
36047035302.0,36047035302.0,0.0,0.0009048672797383851,1.2165709923504777e-05,0.0057151241962866235,174
36047035500.0,36047035500.0,0.0,0.000867272308885887,2.4137436146824775e-05,0.0047287069163770845,370
36047035601.0,36047035601.0,0.0,0.010179017981198902,6.394966604793692e-05,0.06421095400839096,65
36047035602.0,36047035602.0,0.0,0.009411524450975508,0.0002581890564052558,0.047540661512259025,129
36047035701.0,36047035701.0,0.0,0.0016973020604480883,5.676537481127198e-06,0.012652062703069485,167
36047035702.0,36047035702.0,0.0,0.0013650648346788016,2.6758573785025742e-05,0.00787330005052442,173
36047035900.0,36047035900.0,0.0,0.0009647976170199134,1.5741945246740883e-05,0.0058213747160406806,298
36047036001.0,36047036001.0,0.01818181818181818,0.05712002029640405,0.001911427739569552,0.2362112955286099,55
36047036002.0,36047036002.0,0.0,0.010278303216289609,0.00012872339729193995,0.06179642663324149,60
36047036100.0,36047036100.0,0.0,0.0008509836194234536,6.6598008666214085e-06,0.005511603163372183,550
36047036200.0,36047036200.0,0.0,0.005833859337455105,0.00017735425276849503,0.028818947241581957,225
36047036300.0,36047036300.0,0.0,0.0005198161819377011,1.1930546708573745e-05,0.0029047706328904845,592
36047036400.0,36047036400.0,0.0029850746268656717,0.0077876256040526415,0.00019472305556313157,0.03516254788501957,335
36047036501.0,36047036501.0,0.0,0.0005385457508654966,6.918568488637802e-06,0.0034227009485656274,373
36047036900.0,36047036900.0,0.0,0.0005325739575195978,9.45546878858916e-06,0.0030974849003947654,460
36047037000.0,36047037000.0,0.0,0.0022951189840414382,8.997589797780525e-05,0.010448590240014658,643
36047037100.0,36047037100.0,0.0,0.001006406669675217,3.799963868077207e-06,0.007351756558003278,80
36047037300.0,36047037300.0,0.0,0.0007926656815435843,6.326615560622671e-06,0.005347952552852958,158
36047037401.0,36047037401.0,0.0,0.008021135973170987,0.00018864293449039301,0.042762326478035066,133
36047037402.0,36047037402.0,0.0397196261682243,0.1789419551668181,0.07152177517081706,0.3368074741795526,428
36047037500.0,36047037500.0,0.0,0.0007712808053403023,4.84674708829199e-06,0.00540510908338327,225
36047037700.0,36047037700.0,0.0,0.0006341273342063093,7.014240888701473e-06,0.00397407985034307,180
36047037900.0,36047037900.0,0.0,0.0007698422894568024,3.156175324567496e-06,0.0057898342349039815,168
36047038100.0,36047038100.0,0.0,0.0005879687579028407,4.344566919007933e-06,0.003952847424133141,226
36047038200.0,36047038200.0,0.014925373134328358,0.049126004959392504,0.0021563775860314062,0.19555536457860184,67
36047038300.0,36047038300.0,0.0,0.0006670707226852847,3.867297585272331e-06,0.004664761282234423,213
36047038500.0,36047038500.0,0.0,0.000632718063772768,6.190601717061087e-06,0.004175949248859519,188
36047038600.0,36047038600.0,0.0,0.008162335088337901,0.0003572097603923075,0.03636383919646758,272
36047038800.0,36047038800.0,0.0,0.007113669654542252,0.00017104871549255806,0.03839026557804432,98
36047038900.0,36047038900.0,0.0,0.0015888465733157036,3.903014656838771e-05,0.008798271872947423,392
36047039000.0,36047039000.0,0.0,0.003184107781466169,6.79655738010573e-05,0.01750239909837605,215
36047039100.0,36047039100.0,0.0,0.0011920382214236297,1.1955906679128347e-05,0.0077505453151085245,235
36047039200.0,36047039200.0,0.0106951871657754,0.014167207853513235,0.00032961928392588087,0.0627158367439749,187
36047039400.0,36047039400.0,0.0,0.0025325459883388185,5.962982821875489e-05,0.01396521118593978,265
36047039600.0,36047039600.0,0.0,0.004073230593558882,8.824364431662864e-05,0.02373086343028707,102
36047039700.0,36047039700.0,0.0,0.0007272599298667845,1.0553269393724463e-05,0.004334133802886934,316
36047039800.0,36047039800.0,0.0045662100456621,0.014837802970067792,0.0003512810535906352,0.06327152623863504,219
36047039900.0,36047039900.0,0.0,0.001767807093251307,1.4530985976650985e-05,0.0117496694474136,208
36047040000.0,36047040000.0,0.0,0.004545254782147157,0.00010260662768999732,0.023255906898405124,237
36047040100.0,36047040100.0,0.0,0.0011808366139600401,1.5134982855785478e-05,0.007145315523034936,236
36047040200.0,36047040200.0,0.01948051948051948,0.041101204247320826,0.005073399354655687,0.1287283692753587,154
36047040300.0,36047040300.0,0.0,0.0008307495426318376,8.922038018557622e-06,0.0053755005567584484,298
36047040400.0,36047040400.0,0.0,0.011674953552137523,0.0005478344636798073,0.05219970281419439,148
36047040500.0,36047040500.0,0.0,0.0010169730953755592,3.968234335361385e-06,0.007548209880943238,266
36047040600.0,36047040600.0,0.0,0.009380927706064258,0.00014454115748736626,0.05263908325062216,85
36047040700.0,36047040700.0,0.0,0.0013142219967923765,1.0453283856274364e-05,0.0092110681579492,58
36047040800.0,36047040800.0,0.0,0.005856707182279059,0.00012582311570721744,0.0318471278920863,167
36047040900.0,36047040900.0,0.0,0.0012905433489914437,1.5005812707863775e-05,0.008233311757036269,168
36047041000.0,36047041000.0,0.0,0.003395643263753731,5.0985769205811114e-05,0.020542925389613147,155
36047041100.0,36047041100.0,0.0,0.0015530646987785609,6.999244592171681e-06,0.011100251337942488,128
36047041200.0,36047041200.0,0.0,0.0034864933975980476,1.3897589181352546e-05,0.02359443981453652,180
36047041300.0,36047041300.0,0.0,0.0018650636276968224,1.6932284831526972e-05,0.011570609002157645,187
36047041401.0,36047041401.0,0.0,0.003028383706494361,3.9088940127598975e-05,0.018597662549927008,159
36047041402.0,36047041402.0,0.0,0.0031635051661875915,2.276443965603837e-05,0.02063412976980771,113
36047041500.0,36047041500.0,0.014634146341463415,0.026291742996778715,4.601286456362635e-05,0.10019045816061355,205
36047041600.0,36047041600.0,0.0,0.002171698309830081,1.6562090363835967e-05,0.014000458875920508,191
36047041700.0,36047041700.0,0.0,0.0021242472126975407,1.6725230037486357e-05,0.013335411645819265,151
36047041800.0,36047041800.0,0.0,0.001652379864856092,1.7755298939338465e-05,0.009800965514772171,530
36047041900.0,36047041900.0,0.0,0.0012280775166441007,9.908942400592971e-06,0.008225079688047959,222
36047042100.0,36047042100.0,0.0,0.0009635777562937772,6.273009819057128e-06,0.006769120165988954,292
36047042200.0,36047042200.0,0.004347826086956522,0.0056793515922479035,8.064452752378465e-05,0.030390766250059313,230
36047042300.0,36047042300.0,0.0,0.0008476580944385294,9.33890785741547e-06,0.0053741708260289685,171
36047042400.0,36047042400.0,0.0,0.0035856592304112185,6.954064506473083e-05,0.019518597871056524,193
36047042500.0,36047042500.0,0.0,0.0009232203512754129,9.257309951531073e-06,0.006020814430621282,297
36047042600.0,36047042600.0,0.0,0.004097162281170729,0.00011553045735917686,0.02078873709143247,283
36047042700.0,36047042700.0,0.0,0.0009037082874242636,9.538895450474367e-06,0.005967549354604907,324
36047042800.0,36047042800.0,0.009478672985781991,0.024712438548425416,0.0021220396636722027,0.08495113337264075,211
36047042900.0,36047042900.0,0.0,0.0008269313772103912,9.347240717103669e-06,0.0053313857714289625,258
36047043000.0,36047043000.0,0.0053475935828877,0.012479976384642936,0.0006863459161626757,0.050365065607836476,187
36047043100.0,36047043100.0,0.0,0.0009384843741604054,1.0739764951366056e-05,0.0058611595765815944,318
36047043200.0,36047043200.0,0.0,0.004215325839827864,0.00011419541520944042,0.021623120862517532,181
36047043300.0,36047043300.0,0.004484304932735426,0.0036198591067295766,2.1141307460443467e-05,0.02368475014137465,223
36047043400.0,36047043400.0,0.0,0.0045641999607483035,8.413480682442253e-05,0.024479805397751745,189
36047043500.0,36047043500.0,0.004545454545454545,0.0023806115181797226,1.4443121095355035e-05,0.014718287052961533,220
36047043600.0,36047043600.0,0.0,0.004282174774092107,9.602631426872883e-05,0.02332744045601998,180
36047043700.0,36047043700.0,0.0,0.0017034957398836673,1.8081370723821848e-05,0.01049624987717761,217
36047043800.0,36047043800.0,0.007352941176470588,0.012991545911331929,0.0001430639112477597,0.0668649010992297,136
36047043900.0,36047043900.0,0.0,0.0010742340304803627,1.651748627725096e-05,0.006638576339045467,239
36047044000.0,36047044000.0,0.007575757575757576,0.02142563197754366,0.0014138365441844932,0.0748608437547844,264
36047044100.0,36047044100.0,0.0,0.0013219187893207653,8.943302248519695e-06,0.008679544305204954,156
36047044200.0,36047044200.0,0.0,0.004315563858868016,0.0001282874565503566,0.021386840800611137,291
36047044300.0,36047044300.0,0.0,0.001143194843318138,1.1585243236180443e-05,0.007475968810152958,306
36047044400.0,36047044400.0,0.0,0.0056813885620259005,0.00011820836553103069,0.029588441290124813,226
36047044500.0,36047044500.0,0.0,0.0010112222076095567,9.191322731685134e-06,0.006598364011521578,269
36047044600.0,36047044600.0,0.0,0.004868307767006364,0.00010053893886180497,0.025873782465763905,189
36047044700.0,36047044700.0,0.0,0.001183032164438875,1.0153298611320113e-05,0.007971883146622349,292
36047044800.0,36047044800.0,0.0037174721189591076,0.012139159153407467,0.0007367683809093277,0.04753684907957126,269
36047044901.0,36047044901.0,0.0,0.0009761533447981444,1.2334726340002833e-05,0.005281812243936272,1150
36047045000.0,36047045000.0,0.008403361344537815,0.026803783255905853,0.0018236664618176328,0.09096305045194678,238
36047045200.0,36047045200.0,0.0,0.005090507988080004,0.0001451495542866379,0.024279799808962117,307
36047045300.0,36047045300.0,0.0,0.000904584714009621,1.2528487604842792e-05,0.005257053367215821,698
36047045400.0,36047045400.0,0.009174311926605505,0.020650922484261394,0.0010770359563637905,0.07553248389297038,218
36047045600.0,36047045600.0,0.004651162790697674,0.003879826194495911,8.746517075746454e-05,0.02064769629287573,215
36047045800.0,36047045800.0,0.009433962264150943,0.012134761162507224,0.000680816883309881,0.0491972767279385,212
36047046000.0,36047046000.0,0.0,0.0032204791052023295,0.00012853698635360066,0.015983433331614262,289
36047046201.0,36047046201.0,0.0,0.0030849165893531974,8.747181643122719e-05,0.016120235145953225,343
36047046202.0,36047046202.0,0.0,0.004291688828149149,0.00012875079272490076,0.02057519511448283,355
36047046400.0,36047046400.0,0.008,0.00900659231453696,0.00012504792629808973,0.04813699101212001,125
36047046800.0,36047046800.0,0.0,0.00625119467539091,0.00012255344091781419,0.03692114221675345,40
36047047000.0,36047047000.0,0.0,0.0034318266631586953,3.3637698698062884e-05,0.022518340153745063,86
36047047200.0,36047047200.0,0.0,0.0030692158543504404,2.5960450919730698e-05,0.01980571472933909,109
36047047400.0,36047047400.0,0.0,0.0025378666195328236,4.3200784985645137e-05,0.014859671320126843,219
36047047600.0,36047047600.0,0.0,0.0025010231643664347,7.970975374536095e-05,0.013127344027092501,326
36047047700.0,36047047700.0,0.0008090614886731392,0.0015793479108784482,4.2640660556940484e-05,0.007640499055066931,1236
36047047800.0,36047047800.0,0.0,0.0036444061228789707,0.00012569206292332945,0.017135772130668442,410
36047048000.0,36047048000.0,0.0,0.0032500224638262807,0.00010661979124492816,0.01651620512139647,251
36047048200.0,36047048200.0,0.0014005602240896359,0.005021762878993824,0.0003680980254659864,0.019056190670593772,714
36047048400.0,36047048400.0,0.0,0.0028938297678848036,8.829741053859128e-05,0.013647999192946672,504
36047048500.0,36047048500.0,0.0,0.0010112619557245345,4.5627810246972735e-05,0.004866834246422588,877
36047048600.0,36047048600.0,0.0099601593625498,0.03630570884713656,0.007458739346790157,0.09046941825033761,502
36047048800.0,36047048800.0,0.0,0.004673860997137571,6.000741937002722e-05,0.025401373995210363,281
36047048900.0,36047048900.0,0.0,0.0025321033296329346,3.702644396376198e-05,0.015467598817967398,211
36047049000.0,36047049000.0,0.001272264631043257,0.0042782266286272705,0.00014407605035983884,0.01777316764321048,786
36047049100.0,36047049100.0,0.011811023622047244,0.023372861099636762,0.0024754093970282636,0.07504725289489073,254
36047049200.0,36047049200.0,0.0,0.0037488664707650606,0.0001926286949932111,0.015897111438240956,663
36047049301.0,36047049301.0,0.0,0.002186013456323462,1.5904316628818822e-05,0.0147637011527459,91
36047049302.0,36047049302.0,0.0,0.0019104878290984082,2.1660654790550956e-05,0.010844623388025146,557
36047049400.0,36047049400.0,0.0014245014245014246,0.006305832350658172,0.0003202346092921511,0.02371859084206975,702
36047049500.0,36047049500.0,0.0,0.0013668744729464968,2.7056385868406153e-05,0.00760845376791369,469
36047049600.0,36047049600.0,0.0,0.006602576222383789,0.00025597631999310725,0.030130468481717482,286
36047049700.0,36047049700.0,0.0,0.0016314535769795697,2.99237319743431e-05,0.008836431695239347,537
36047049800.0,36047049800.0,0.004672897196261682,0.006365821216815445,0.00010646979976852499,0.029042529577391545,428
36047050002.0,36047050002.0,0.0,0.017716334608467166,0.00022262104405681497,0.10978037258225994,29
36047050300.0,36047050300.0,0.0,0.0018550672491396377,3.5009850818953813e-05,0.01005513134383755,451
36047050402.0,36047050402.0,0.003976143141153081,0.016691681624854415,0.0018197596660292075,0.05067408012911479,503
36047050500.0,36047050500.0,0.0,0.0025393738387440314,4.8744698697883275e-05,0.013849603070316744,343
36047050700.0,36047050700.0,0.0,0.0038028396987403474,0.00011094135955342495,0.018890828789447228,322
36047050801.0,36047050801.0,0.006756756756756757,0.01368428321858932,0.00020279735486600266,0.06484039169805508,148
36047050804.0,36047050804.0,0.0,0.009384369469544646,0.00016745076542185153,0.047419740311872,173
36047050900.0,36047050900.0,0.008620689655172414,0.022026392912490082,0.0016516623120483858,0.07674818086875457,232
36047051001.0,36047051001.0,0.0,0.0030626433705558988,3.10591865768719e-05,0.01910704576467293,176
36047051002.0,36047051002.0,0.0,0.003836538467728864,8.355059569701206e-05,0.020229131401225023,251
36047051100.0,36047051100.0,0.0,0.0038725729312883346,0.00011696232213613947,0.018868922670690437,369
36047051300.0,36047051300.0,0.002274450341167551,0.007021297133449403,0.000665252354832545,0.022197607821868106,1319
36047051400.0,36047051400.0,0.0,0.0032356636526245743,7.584738596844647e-05,0.01701269019883084,293
36047051601.0,36047051601.0,0.0,0.0028702278930809464,6.444481928877646e-05,0.014946318368747942,342
36047051602.0,36047051602.0,0.003205128205128205,0.004522741278761072,3.684713768110363e-05,0.02547822964490258,312
36047051700.0,36047051700.0,0.014925373134328358,0.0505387391560443,0.010655932571130934,0.12643074108299499,335
36047051800.0,36047051800.0,0.0,0.003109194552435169,9.582273864116374e-05,0.01466859664511716,448
36047051900.0,36047051900.0,0.005060728744939271,0.019298932554344377,0.004194596663856083,0.04760647395609787,988
36047052000.0,36047052000.0,0.0027624309392265192,0.00907605620772464,0.00046796467306385196,0.03568965125772555,362
36047052300.0,36047052300.0,0.001594896331738437,0.0021170336314560094,7.001257408920432e-05,0.010074592406262581,627
36047052500.0,36047052500.0,0.0,0.002136841659873593,7.32708179507233e-05,0.01089071403467466,341
36047052600.0,36047052600.0,0.0,0.004098431937656749,8.028763827036467e-05,0.021307951733637864,278
36047052700.0,36047052700.0,0.0019880715705765406,0.007111573187647604,0.0005215816015064863,0.0266350871733178,503
36047052800.0,36047052800.0,0.0,0.003361945617407889,8.460871101500637e-05,0.018501993580925673,178
36047052900.0,36047052900.0,0.0,0.003932260895929788,0.00012142547427528044,0.01996668050506745,318
36047053000.0,36047053000.0,0.0,0.0028574882581645865,2.301259678955339e-05,0.018226251264376287,229
36047053101.0,36047053101.0,0.0,0.006879595254056454,0.0001429013906777645,0.03700759064246162,121
36047053102.0,36047053102.0,0.0,0.006266064131290552,0.00014734126168782343,0.03411271968584811,106
36047053200.0,36047053200.0,0.0,0.0033102467415546868,3.744221565576528e-05,0.020732466993423244,86
36047053300.0,36047053300.0,0.0,0.0029664299816779265,0.00010775262735366277,0.014168112276806486,443
36047053400.0,36047053400.0,0.0,0.003339285360150754,3.151310387797316e-05,0.019206598301228093,270
36047053500.0,36047053500.0,0.0,0.0029466688542788243,6.023377582813831e-05,0.016436386644912804,164
36047053700.0,36047053700.0,0.002079002079002079,0.0047061749307924835,0.00015369501200366398,0.018193999222512875,962
36047053800.0,36047053800.0,0.0,0.0021308871701271963,1.9960407061077857e-05,0.01339510009061578,249
36047053900.0,36047053900.0,0.0,0.0038287019497736724,3.2082361165285445e-05,0.024222052724805997,165
36047054400.0,36047054400.0,0.0,0.0019346082109267333,2.5478912375164245e-05,0.011768320974256114,156
36047054600.0,36047054600.0,0.0,0.0015424870790051405,2.876018358858182e-05,0.008492693003993449,522
36047054700.0,36047054700.0,0.0,0.0024479827275896674,2.5924584248596688e-05,0.015271616759287125,227
36047054800.0,36047054800.0,0.0,0.0019828595262439165,2.5737580069172462e-05,0.012013380760022634,159
36047054900.0,36047054900.0,0.0,0.001031912261158854,8.344499838459807e-06,0.005870716302201074,1099
36047055000.0,36047055000.0,0.0,0.0013309485178163588,1.388734816460401e-05,0.008049927335592797,310
36047055200.0,36047055200.0,0.0,0.0013818229013588387,1.8850185975710832e-05,0.008362488228434151,269
36047055300.0,36047055300.0,0.0,0.003043876382168918,6.318221800779101e-05,0.015469836090472007,409
36047055600.0,36047055600.0,0.0,0.0015134055575823215,2.3155215790262945e-05,0.00921217975657476,314
36047055700.0,36047055700.0,0.0,0.001763927520860028,3.833850872651313e-05,0.009172681172115301,622
36047055800.0,36047055800.0,0.0,0.0015482246022525278,1.672686443978563e-05,0.009903622197013047,148
36047056000.0,36047056000.0,0.0,0.0011385526245423696,1.4174278222310745e-05,0.00709789839084555,327
36047056200.0,36047056200.0,0.0,0.0013551922150082827,1.2120396861081123e-05,0.008892854574823065,175
36047056301.0,36047056301.0,0.0,0.00272016280009532,1.8043513492193173e-05,0.01661751217753822,318
36047056400.0,36047056400.0,0.0,0.0017722461287318914,3.043418341378375e-05,0.010757661701660598,131
36047056600.0,36047056600.0,0.0,0.002140365196254028,1.0451990605572985e-05,0.015420675062381085,96
36047056800.0,36047056800.0,0.0,0.0025058585606264907,1.0134337310180096e-05,0.018815925109900884,64
36047056900.0,36047056900.0,0.0029498525073746312,0.00910851046326552,0.0004811575775308549,0.03615549392096031,339
36047057000.0,36047057000.0,0.0,0.0014846983116454666,1.680061521723846e-05,0.009188593451096152,180
36047057100.0,36047057100.0,0.0,0.002875609822522502,7.550382878970696e-05,0.014555318896698784,467
36047057200.0,36047057200.0,0.0,0.0024889592558102825,5.550631514681549e-06,0.01924553400051713,99
36047057300.0,36047057300.0,0.0,0.003818585855605744,0.00011852517010248987,0.01907782625018044,318
36047057400.0,36047057400.0,0.0,0.001528015703390175,1.0738182190209287e-05,0.010170169678767502,63
36047057500.0,36047057500.0,0.0,0.002815926957220959,6.168000491762447e-05,0.01470733945857339,372
36047057600.0,36047057600.0,0.0,0.0014434220694733617,6.306534677670187e-06,0.010150331976187619,142
36047057800.0,36047057800.0,0.0,0.001116289900752205,1.1665066921932757e-05,0.007296548754508315,252
36047058000.0,36047058000.0,0.0,0.0016229367377851567,1.805553087245619e-05,0.010377139564835288,107
36047058200.0,36047058200.0,0.0056179775280898875,0.004748192494827043,3.592228312271966e-05,0.029521473265463546,178
36047058400.0,36047058400.0,0.0,0.0019375262805498906,3.372486621139756e-05,0.01103874213452835,340
36047058600.0,36047058600.0,0.0,0.001669413938364225,1.4962314453863134e-05,0.010978374271380436,181
36047058800.0,36047058800.0,0.0,0.0018262369494744125,1.662771417165499e-05,0.011713823490938156,299
36047058901.0,36047058901.0,0.0076726342710997444,0.022816867137373187,0.0010025464237790724,0.0719180906964463,391
36047058902.0,36047058902.0,0.0,0.0049806934893450935,9.805891356398209e-05,0.02757241633757279,216
36047059000.0,36047059000.0,0.0,0.0016265314386269185,1.1483246470432161e-05,0.01065361277761387,232
36047059100.0,36047059100.0,0.0,0.0021811751668113248,3.140962608302484e-05,0.012216516645246762,413
36047059200.0,36047059200.0,0.0,0.001103960598772857,1.3835747814770694e-05,0.006771048036020046,409
36047059300.0,36047059300.0,0.0,0.002822074559039423,3.7051836883127686e-05,0.016453679249435988,239
36047059402.0,36047059402.0,0.0,0.0013031406002147992,8.210656476707484e-06,0.00897568365518525,230
36047059403.0,36047059403.0,0.0,0.001337898849895637,6.554139911283344e-06,0.00935559237491048,187
36047059404.0,36047059404.0,0.0,0.001993372601243365,6.237713652335679e-06,0.015061298677914083,89
36047059600.0,36047059600.0,0.0,0.0020702105107328864,9.323239067366278e-06,0.01492980588168758,122
36047059800.0,36047059800.0,0.0,0.0024188559377990877,1.913273963566134e-05,0.016399872272127504,119
36047060000.0,36047060000.0,0.0,0.0014690004538783028,2.203828988437802e-05,0.0085632223220743,320
36047060600.0,36047060600.0,0.0,0.0020606858031680113,2.8152447242986177e-05,0.012341576562125206,245
36047060800.0,36047060800.0,0.0021945866861741038,0.005431330741766634,0.0004138093341516942,0.01788729970332004,1367
36047061002.0,36047061002.0,0.0,0.00587432607692152,7.102087288834978e-05,0.03567046216709332,101
36047061003.0,36047061003.0,0.0,0.004056120998133744,7.969535143033095e-05,0.02185915392710161,227
36047061004.0,36047061004.0,0.0,0.0030941927139040274,7.35219768306136e-05,0.015528109448639471,362
36047061200.0,36047061200.0,0.0,0.006912589291210804,9.247936665085173e-06,0.054035819276992796,58
36047061600.0,36047061600.0,0.0,0.007829980153004174,7.634375821139547e-06,0.06208037888448967,46
36047062000.0,36047062000.0,0.0,0.006569543631939092,1.118851782192391e-05,0.05031404028778626,44
36047062200.0,36047062200.0,0.0,0.0017906903543776032,1.7035933658076117e-05,0.010902799258936955,418
36047063200.0,36047063200.0,0.0,0.0031491468339623014,1.007891920272298e-05,0.023490565219291645,30
36047063600.0,36047063600.0,0.0,0.004116839647647384,1.0953810032617893e-05,0.03181124454878649,15
36047063800.0,36047063800.0,0.0,0.0023937582851826867,1.6093386980713356e-05,0.016286426205862452,20
36047064000.0,36047064000.0,0.0,0.0036113882745740524,2.0370918511264467e-05,0.02526756869261304,24
36047064200.0,36047064200.0,0.0030120481927710845,0.006093969967871622,0.0001814979848394632,0.02786562484567702,332
36047064400.0,36047064400.0,0.0,0.0027063768775372594,3.3671612339802016e-05,0.01623447760005175,181
36047064600.0,36047064600.0,0.0,0.0032436119596858533,2.0413642913669658e-05,0.02219568248984024,97
36047064800.0,36047064800.0,0.0,0.003936609590152908,3.9348703941191826e-05,0.026030199833151132,74
36047065000.0,36047065000.0,0.004098360655737705,0.0049372835542672066,6.59677277365953e-05,0.027172929579377753,244
36047065200.0,36047065200.0,0.0,0.0020068979192432446,3.112602792572779e-05,0.012008824010335477,224
36047065400.0,36047065400.0,0.0,0.002687886163594769,2.21970416981603e-05,0.01690011065988693,74
36047065600.0,36047065600.0,0.0,0.0029929486304320838,1.9709001630363542e-05,0.020880537237308445,57
36047065800.0,36047065800.0,0.0,0.0032364024783449272,1.0070975634670109e-05,0.023889623330327972,60
36047066000.0,36047066000.0,0.0,0.0036323791461759817,1.0251888922083207e-05,0.026528237979512613,35
36047067000.0,36047067000.0,0.006329113924050633,0.0025552625780434534,1.7362129182822257e-05,0.01635718753312989,158
36047067200.0,36047067200.0,0.0,0.0024655473243392722,2.399507257737372e-05,0.016277670806732675,65
36047067400.0,36047067400.0,0.0,0.0028055235570649956,1.9058250401814104e-05,0.018734145865658768,122
36047067600.0,36047067600.0,0.0,0.002195774874989777,3.870814248764525e-05,0.012831209356000814,146
36047067800.0,36047067800.0,0.0,0.003452648758875492,1.8144574036940053e-05,0.0244050756273396,42
36047068000.0,36047068000.0,0.0,0.002951599351927298,1.5528348423049043e-05,0.01979997597811242,103
36047068200.0,36047068200.0,0.0,0.0028117053571125434,1.9690449097387153e-05,0.01842463478712611,87
36047068600.0,36047068600.0,0.0,0.0046704240441154355,1.5176274988217716e-05,0.034679208166968345,44
36047068800.0,36047068800.0,0.0,0.005185199993841751,1.6570162540672147e-05,0.038865269820264614,19
36047069000.0,36047069000.0,0.0,0.004342403829060438,3.4467129324805626e-05,0.02926886552219119,48
36047069200.0,36047069200.0,0.0,0.0038826216197817482,2.9069347647606966e-05,0.026397774431267097,60
36047069601.0,36047069601.0,0.009708737864077669,0.015879588139662684,7.294733364489541e-05,0.07244259364855171,206
36047069800.0,36047069800.0,0.00784313725490196,0.00740078465606141,3.401671209437531e-05,0.03977632121374471,255
36047070000.0,36047070000.0,0.0,0.007397594444962843,2.69498728829639e-06,0.06228737530983754,18
36047070201.0,36047070201.0,0.0,0.0037983139694655874,8.739710782113814e-06,0.028515293797339778,51
36047070203.0,36047070203.0,,0.2597380654587638,1.5006727601379403e-05,0.9946572080387213,0
36047072000.0,36047072000.0,0.0,0.0026172225675499044,4.0401940997435424e-05,0.015710181439570505,163
36047072200.0,36047072200.0,0.0,0.0026284406986636535,3.428746662512425e-05,0.01555576217444749,163
36047072400.0,36047072400.0,0.0,0.0017665025218122062,1.3135115341803588e-05,0.011830578569457975,242
36047072600.0,36047072600.0,0.0,0.0015327992049257943,2.5418075881889066e-05,0.009246817848771289,208
36047072800.0,36047072800.0,0.0,0.0025692226753790495,2.1298607079296645e-05,0.016858502876505636,84
36047073000.0,36047073000.0,0.0,0.00210413159827555,3.284556261174743e-05,0.012535396104199428,172
36047073200.0,36047073200.0,0.0,0.0020548368125379675,1.699823940079865e-05,0.013496732501374351,197
36047073400.0,36047073400.0,0.0,0.003963701001248789,3.1229541754744224e-05,0.026672540127791574,67
36047073600.0,36047073600.0,0.0,0.0025828759129900617,5.262670728383457e-05,0.014143564777153058,225
36047073800.0,36047073800.0,0.007614213197969543,0.018575005582846672,0.0012876548958813347,0.06035154542632061,394
36047074000.0,36047074000.0,0.0,0.0028054904046758517,4.1531778704937825e-05,0.016473052067973858,227
36047074200.0,36047074200.0,0.0,0.003431573388971786,4.3398481188163845e-05,0.02223151118704905,111
36047074400.0,36047074400.0,0.0,0.004632582614563472,3.724047621356156e-05,0.03038886930584356,73
36047074600.0,36047074600.0,0.0,0.0027313315774634504,8.261104315400366e-05,0.013921526798087802,289
36047074800.0,36047074800.0,0.0,0.003055336849099583,3.2680874799176985e-05,0.018572410498541813,108
36047075000.0,36047075000.0,0.0,0.00243543944435405,3.0026784871693927e-05,0.014981549166781129,211
36047075200.0,36047075200.0,0.0,0.0022947600121712227,2.9833399002803742e-05,0.014154479041359136,187
36047075400.0,36047075400.0,0.0,0.0028659640236247856,3.117076729859547e-05,0.01845017407089847,85
36047075600.0,36047075600.0,0.00980392156862745,0.006988979076967894,4.834233068478811e-05,0.0427112043553158,102
36047075800.0,36047075800.0,0.0,0.00227875034225376,3.301178679185355e-05,0.01361427449110317,184
36047076000.0,36047076000.0,0.0,0.002353095376396985,2.715511808650943e-05,0.014455935702456617,156
36047076200.0,36047076200.0,0.0,0.0024005433259804633,4.441779479941707e-05,0.01335658308694792,301
36047076400.0,36047076400.0,0.002551020408163265,0.005264717240517931,0.00011797900978779054,0.024359525556840372,392
36047076600.0,36047076600.0,0.047619047619047616,0.08779886442658756,0.0007205167880261546,0.33811521635821473,42
36047076800.0,36047076800.0,0.00234192037470726,0.003783214485990272,7.044142668034677e-05,0.019051567323730145,427
36047077000.0,36047077000.0,0.0,0.002730186919806486,7.84287102792373e-05,0.014562596093296777,166
36047077200.0,36047077200.0,0.0029850746268656717,0.004264573675047811,8.036547269929379e-05,0.02128060458719108,335
36047077400.0,36047077400.0,0.0,0.00164815497289402,4.17059512779183e-05,0.008790308674104533,365
36047077600.0,36047077600.0,0.0,0.0018741509656819981,3.9804473808148146e-05,0.01112330338328368,86
36047078000.0,36047078000.0,0.0,0.0024869450874267754,8.553306294444775e-06,0.0186681707191643,91
36047078200.0,36047078200.0,0.0,0.0016160788428815451,2.0348193243816727e-05,0.010143597295369898,172
36047078400.0,36047078400.0,0.0,0.0018583690010437032,1.6899482394339692e-05,0.012432684133279366,147
36047078601.0,36047078601.0,0.0,0.002200500302747687,2.722342698096117e-05,0.014122352219436387,141
36047078602.0,36047078602.0,0.0,0.002034788278885264,2.234574244627334e-05,0.013065541264772766,99
36047078801.0,36047078801.0,0.0,0.0017216361414155645,3.214095041192294e-05,0.009706213825294218,195
36047078802.0,36047078802.0,0.0,0.0021947461750025893,1.4858307132795183e-05,0.015253110796503811,55
36047079001.0,36047079001.0,0.0,0.002602731837913863,3.0802598188838376e-05,0.015800476509742385,93
36047079002.0,36047079002.0,0.0,0.0017546949620633847,3.2549330234179964e-05,0.010265157870032742,192
36047079201.0,36047079201.0,0.0,0.0023522396070193175,3.3204761450141996e-05,0.01450681069005461,139
36047079202.0,36047079202.0,0.0,0.0016130356355360104,1.5637700698541083e-05,0.010471800980175909,202
36047079400.0,36047079400.0,0.0,0.0015337983039759061,3.8705489639148105e-05,0.008394173965743303,295
36047079601.0,36047079601.0,0.0,0.0023623986988216975,2.4744820657419047e-05,0.014772492446578741,139
36047079602.0,36047079602.0,0.0,0.0022757010575738283,3.8609220112999986e-05,0.012811096266567533,305
36047079801.0,36047079801.0,0.0,0.0025315882082709946,1.3860762140015221e-05,0.017374399950548847,176
36047080000.0,36047080000.0,0.0,0.00166910589300266,1.5828677699942918e-05,0.010177866089902265,344
36047080200.0,36047080200.0,0.0033333333333333335,0.0026137576033490525,2.096386687085822e-05,0.0174298711330135,300
36047080400.0,36047080400.0,0.0,0.0011856412079920373,1.8463398173051136e-05,0.007275210437202403,248
36047080600.0,36047080600.0,0.0,0.001217896822396573,8.680239396328061e-06,0.007902889617811111,435
36047080800.0,36047080800.0,0.005277044854881266,0.0010857178262056839,1.5779364941173478e-05,0.006856538156791686,379
36047081000.0,36047081000.0,0.0,0.0015163874083397185,3.151465615372618e-06,0.011109003093488572,221
36047081400.0,36047081400.0,0.0,0.0010888668287475681,3.3847783788676212e-06,0.007548866654802738,393
36047081600.0,36047081600.0,0.0,0.0009998097105329516,7.692222617948796e-06,0.0065734782400040164,357
36047081800.0,36047081800.0,0.0,0.0010915704108916799,1.0595036750579406e-05,0.00713371464728473,321
36047082000.0,36047082000.0,0.0,0.0012089388606974967,9.900582549295097e-06,0.007746670393984904,384
36047082200.0,36047082200.0,0.0027624309392265192,0.0014434249889424785,1.3038891968477965e-05,0.009205423808394137,362
36047082400.0,36047082400.0,0.0,0.0010487471493887753,1.2627577810826834e-05,0.006333709956508149,287
36047082600.0,36047082600.0,0.0,0.0012590614416236657,1.546036951309796e-05,0.007831993817979433,212
36047082800.0,36047082800.0,0.0,0.001576713925192593,1.1235581118050004e-05,0.010308858051474044,234
36047083000.0,36047083000.0,0.0,0.0018059294263828435,1.4225851742102372e-05,0.011448825191757123,169
36047083200.0,36047083200.0,0.009009009009009009,0.008769880181641444,9.505967272461068e-06,0.06009197257325545,111
36047083400.0,36047083400.0,0.0,0.0025405454302051367,1.2667749022131509e-05,0.018156352476126965,74
36047083600.0,36047083600.0,0.0,0.0015216892466718257,1.6090655504050142e-05,0.010089230845307542,153
36047083800.0,36047083800.0,0.0,0.0020140047858125945,1.4370620398436076e-05,0.01324553669970309,57
36047084000.0,36047084000.0,0.0,0.001883762470522538,1.1672380794563556e-05,0.012885690233083663,102
36047084600.0,36047084600.0,0.0,0.002146353007601053,1.1911738909269305e-05,0.015415939240242073,84
36047084800.0,36047084800.0,0.0,0.0018083944240067055,1.3339912672790701e-05,0.012230642430476009,74
36047085000.0,36047085000.0,0.0,0.0016600591535753234,1.6061555599155697e-05,0.010626637405633466,86
36047085200.0,36047085200.0,0.012345679012345678,0.004300921761501385,1.687396343610112e-05,0.0316170620213591,81
36047085400.0,36047085400.0,0.0,0.0018489681702605267,1.4406304707622922e-05,0.012056906970757609,162
36047085600.0,36047085600.0,0.0,0.0011342240056821063,1.1195979965301654e-05,0.007104055732970894,234
36047085800.0,36047085800.0,0.0,0.0014954136857944647,6.35046620462459e-06,0.011019027503147951,152
36047086000.0,36047086000.0,0.0,0.0013486035524222495,1.0562495615405922e-05,0.008885323461258076,123
36047086200.0,36047086200.0,0.0,0.0013044507408647612,1.558686925318716e-05,0.008245129584869238,108
36047086600.0,36047086600.0,0.0,0.0011910095660021857,1.30525057337801e-05,0.007468517287845812,163
36047086800.0,36047086800.0,0.0,0.001169826188545405,9.111880669540929e-06,0.007713851802327221,259
36047087000.0,36047087000.0,0.0,0.0014290573913282084,5.963103360113922e-06,0.010260696175855646,111
36047087200.0,36047087200.0,0.0,0.0015215718884509489,3.763830286910817e-06,0.011280258536925155,147
36047087401.0,36047087401.0,0.0,0.0012579947703387161,6.479842057021831e-06,0.008741849068082725,163
36047087600.0,36047087600.0,0.0,0.0012895203153713202,7.088835070235282e-06,0.009209825822253877,176
36047087800.0,36047087800.0,0.0,0.001109886951688673,1.1048309012040892e-05,0.007311261999996534,160
36047088001.0,36047088001.0,0.0,0.0014753933029523062,4.592737860962804e-06,0.010792889694426272,166
36047088002.0,36047088002.0,0.0,0.0015039983570756075,5.300228209677791e-06,0.010860427570612,167
36047088200.0,36047088200.0,0.0,0.0012755621898221014,2.5820623344521684e-05,0.00756925834163559,165
36047088400.0,36047088400.0,0.005988023952095809,0.008009470487842273,0.0001942752370180871,0.04187555458634381,167
36047088800.0,36047088800.0,0.0,0.0019292934634298825,2.6002157239206626e-05,0.011513161036811843,303
36047089000.0,36047089000.0,0.0,0.0015954957185714779,5.434886037308017e-05,0.008232464241122214,562
36047089200.0,36047089200.0,0.0018552875695732839,0.0043003735865663525,0.0001510487875448641,0.0181953564530773,539
36047089400.0,36047089400.0,0.0,0.002069932847864521,1.3580524910156249e-05,0.013981682992373193,119
36047089600.0,36047089600.0,0.0,0.00198480724369809,9.141227682158926e-06,0.013871145957422048,189
36047089800.0,36047089800.0,0.0,0.0015400139813492991,9.358077869553437e-06,0.010792005252093255,102
36047090000.0,36047090000.0,0.002257336343115124,0.001890565805634831,1.4927858474147766e-05,0.01193772987792207,443
36047090200.0,36047090200.0,0.0,0.0010421083460842226,6.26510429567156e-06,0.006988680187389842,311
36047090600.0,36047090600.0,0.0,0.0007346511084433507,5.924240122608673e-06,0.00493394354687888,243
36047091000.0,36047091000.0,0.0,0.0009343274222873065,9.288794667620093e-06,0.006038259745875888,230
36047091200.0,36047091200.0,0.0,0.001073007896922373,6.1937006070124944e-06,0.0076559508327001475,187
36047091600.0,36047091600.0,0.0,0.00128974179357798,1.6365915377868512e-05,0.00809488441881476,218
36047091800.0,36047091800.0,0.0,0.001926787137969742,8.54922637387008e-06,0.014176190515364584,56
36047092000.0,36047092000.0,0.0,0.0027650994711408295,2.8782121384897525e-05,0.017191039620934427,201
36047092400.0,36047092400.0,0.0,0.0006049394520130035,1.1473633583900702e-05,0.0035646825861431995,504
36047093000.0,36047093000.0,0.0,0.004427458488851638,4.241536656137019e-05,0.028048521874103328,93
36047093200.0,36047093200.0,0.0,0.0014583531689948965,1.4156794661959686e-05,0.009123153866374273,246
36047093800.0,36047093800.0,0.0,0.001560369254385332,1.3704070865977413e-05,0.01040841806261369,163
36047094401.0,36047094401.0,0.0,0.002163794323670572,4.014478934737589e-05,0.012096750849679561,315
36047094402.0,36047094402.0,0.0,0.004858685382955371,9.906447185383355e-06,0.036946836197045904,37
36047094600.0,36047094600.0,0.0,0.0018815439653777518,4.465959935161846e-05,0.010450264498205344,321
36047095000.0,36047095000.0,0.0,0.0033169398280285876,7.959744993365941e-05,0.01879651336277995,140
36047095600.0,36047095600.0,0.005076142131979695,0.0022719310754878556,3.352193681014541e-05,0.013606191994477821,197
36047095800.0,36047095800.0,0.0,0.00443479017588138,4.001969686512285e-05,0.02844712721947339,94
36047096200.0,36047096200.0,0.0,0.005611093370014548,4.090774843086699e-05,0.036299069497509294,110
36047096400.0,36047096400.0,0.0,0.003009720008893261,2.7342896941151983e-05,0.01880200015535881,170
36047096600.0,36047096600.0,0.0,0.0018482453593603842,2.6681725010683153e-05,0.01065957045967506,248
36047096800.0,36047096800.0,0.0,0.00379508905227687,4.763442632812581e-05,0.022401323742204417,149
36047097000.0,36047097000.0,0.0,0.0063967423512271224,8.485712875554502e-05,0.037047553321582063,121
36047097400.0,36047097400.0,0.0,0.004026237230175044,4.5325858172156415e-05,0.02569472020144053,78
36047098200.0,36047098200.0,0.0,0.0024011885489134376,2.7137702538709026e-05,0.014788378921229911,184
36047098400.0,36047098400.0,0.0,0.00226080777492225,7.8976519017237e-06,0.016765518222366237,65
36047098600.0,36047098600.0,0.0,0.002051970795078432,1.1578165117694347e-05,0.014202608403425743,116
36047098800.0,36047098800.0,0.0,0.0020866755871828202,1.4453803374034729e-05,0.014356945747365115,118
36047099000.0,36047099000.0,0.0,0.0021221464261690142,8.219406641770516e-06,0.016156963179472586,80
36047099200.0,36047099200.0,0.0,0.002526334092769806,8.118435695945164e-06,0.018560401211860394,59
36047099400.0,36047099400.0,0.0,0.002732443218274069,1.1958118659409765e-05,0.019895563455121165,50
36047100400.0,36047100400.0,0.0,0.0048736986294949745,7.721819207762555e-06,0.036944266035573846,26
36047100600.0,36047100600.0,0.0,0.003009476132117721,9.711347201153662e-06,0.02106330645531952,23
36047100800.0,36047100800.0,0.0,0.0021629898271404067,9.159718481005768e-06,0.015988550791545132,63
36047101000.0,36047101000.0,0.0,0.0020091362964292786,6.4479060284135155e-06,0.014627083635187103,86
36047101200.0,36047101200.0,0.0,0.0019255988385248834,8.565092771754102e-06,0.013360741611458378,54
36047101400.0,36047101400.0,0.0,0.001904424777296817,1.0417345693974386e-05,0.013376943398752086,73
36047101600.0,36047101600.0,0.0,0.002554239646656436,6.842756638709016e-06,0.019406512570717262,19
36047101800.0,36047101800.0,0.0,0.002262809512218597,8.994406283545036e-06,0.01670580128081561,14
36047102000.0,36047102000.0,0.0,0.0021403781384290903,7.036078161885467e-06,0.015419152594090898,24
36047102200.0,36047102200.0,0.0,0.0017359546024076663,8.55098314473859e-06,0.011745666746658225,29
36047102400.0,36047102400.0,0.0,0.0017971030226208915,9.234785088651014e-06,0.012701049062424202,86
36047102600.0,36047102600.0,0.0,0.0032767863549751025,1.0442414362810917e-05,0.02512923959066945,48
36047102801.0,36047102801.0,0.0,0.002103360211882372,5.023764762929954e-06,0.01564182984066728,110
36047102802.0,36047102802.0,0.0018214936247723133,0.0020886574654174262,1.6800779164661503e-05,0.012592745698631166,549
36047103401.0,36047103401.0,0.0,0.0021048171173415247,6.496604853660375e-06,0.015896925837010092,64
36047103402.0,36047103402.0,0.0,0.001115438745892967,1.1045858284122288e-05,0.006868224427666348,482
36047105801.0,36047105801.0,0.0,0.0012140344883198395,6.872085558343986e-06,0.0077324370352406056,429
36047107001.0,36047107001.0,0.0025,0.005307471169200637,5.9319145802276976e-05,0.022721401348037715,800
36047107003.0,36047107003.0,0.0,0.0035371315326089997,7.1920142693972406e-06,0.026838353687610818,57
36047107800.0,36047107800.0,0.0,0.001281756558299819,1.362865513080837e-05,0.007975849146142563,207
36047109800.0,36047109800.0,0.01278409090909091,0.04325945937707802,0.012565663342310065,0.09560399479920854,704
36047110400.0,36047110400.0,0.0,0.0007285559006509948,2.769412518660843e-05,0.0034891690289974645,1306
36047110600.0,36047110600.0,0.0,0.0023983352043796253,1.4827149084622374e-06,0.019711837450304994,104
36047111000.0,36047111000.0,0.0,0.0014994320742407633,2.6319503454992e-06,0.011690294992744274,194
36047111600.0,36047111600.0,0.0014641288433382138,0.000666118774851642,8.556374864213292e-06,0.0040149186700362376,683
36047112200.0,36047112200.0,0.0,0.0011753056368613063,4.911414192325432e-06,0.008407575559224926,71
36047112400.0,36047112400.0,0.0,0.0007836807485583002,4.760409334040314e-06,0.005395943473392645,97
36047112600.0,36047112600.0,0.0,0.0008214432644861162,6.804748091010299e-06,0.0056116851840111595,165
36047112800.0,36047112800.0,0.0,0.001174595663564308,4.286421378667547e-06,0.008830559360005092,214
36047113000.0,36047113000.0,0.0,0.001525797123687607,2.4141887314887843e-05,0.009284630436750924,135
36047113200.0,36047113200.0,0.0,0.0019628182800205457,3.2362261679531545e-05,0.011445053876488658,210
36047113400.0,36047113400.0,0.0,0.0009632952201274413,8.004332727794542e-06,0.006402893080328061,219
36047114202.0,36047114202.0,0.0,0.0018282502066769837,4.90931648032834e-06,0.013572985774250281,24
36047115000.0,36047115000.0,0.0,0.0005186536019453745,3.906315101082804e-06,0.003525098122568133,267
36047115200.0,36047115200.0,0.0,0.0005505995229981566,3.5735550908389615e-06,0.003734683402025823,367
36047115600.0,36047115600.0,0.0,0.0010810725144812033,3.594489427431755e-06,0.0076376642293531525,213
36047115800.0,36047115800.0,0.0,0.0008581081775675472,3.2177671735657657e-06,0.006330266873546924,156
36047116000.0,36047116000.0,0.0,0.0008354517751185622,2.598167205316849e-06,0.006095497465865718,121
36047116200.0,36047116200.0,0.0,0.0007120661535006293,3.187333379453632e-06,0.005211772181071784,101
36047116400.0,36047116400.0,0.0,0.0006000389698624236,4.319690386996435e-06,0.004085366641190483,195
36047116600.0,36047116600.0,0.0,0.0005590478509310102,3.3247183747546653e-06,0.0039615301025341795,306
36047116800.0,36047116800.0,0.0,0.0005999735495221873,3.5016083872676875e-06,0.004157952870949762,372
36047117000.0,36047117000.0,0.0,0.0004990006144712806,4.057130247028436e-06,0.0032405292073908604,419
36047117201.0,36047117201.0,0.0,0.0009423914189510352,4.601138140208767e-06,0.006451688030385454,42
36047117202.0,36047117202.0,0.0,0.0011566526850508272,2.800624730928672e-06,0.008601243042966203,88
36047117400.0,36047117400.0,0.0,0.0006455882296261822,6.380377915575143e-06,0.004152712989290555,414
36047117601.0,36047117601.0,0.0,0.0016928381768855519,2.03640071468219e-06,0.012818864731941446,94
36047117602.0,36047117602.0,0.0,0.0011788050421006847,3.062578447437783e-06,0.009013982053266166,183
36047117800.0,36047117800.0,0.0,0.0007156904589838688,5.982620783627839e-06,0.004771159224980577,286
36047118000.0,36047118000.0,0.0,0.0008644031470071106,1.9398194284883333e-05,0.0049631193032144885,128
36047118201.0,36047118201.0,0.0,0.002002816380005239,2.282374377961996e-06,0.016181240925803076,52
36047118202.0,36047118202.0,0.0,0.0014641772818671946,5.476589624562671e-06,0.010652581852254197,83
36047118400.0,36047118400.0,0.0,0.0007812318194303532,7.368649252902929e-06,0.004926598790809272,356
36047118800.0,36047118800.0,0.0,0.0010323904164613773,1.3514165467128184e-05,0.0064780660713580525,218
36047119000.0,36047119000.0,0.0015772870662460567,0.0010812137999877097,1.0372452295128373e-05,0.007202849606937675,634
36047119200.0,36047119200.0,0.0,0.0005216242755146826,5.771538432702242e-06,0.0032728710562887715,555
36047119400.0,36047119400.0,0.0,0.0006779774583602374,3.2047231108323807e-06,0.004932916105773461,342
36047119600.0,36047119600.0,0.0,0.0006093928869994865,9.87863569245449e-06,0.003613498011649586,693
36047119800.0,36047119800.0,0.0,0.0003964517015908289,5.292138318547825e-06,0.002326120217560336,1479
36047120000.0,36047120000.0,0.0,0.0012434680245471089,2.4699452926952523e-05,0.00683410531087747,438
36047120200.0,36047120200.0,0.0,0.001245055886829166,2.466388888068987e-05,0.006936662996436014,570
36047120801.0,36047120801.0,0.0,0.0012619740442499595,7.214720115594665e-06,0.008508176495075261,250
36047120802.0,36047120802.0,0.0,0.0018770752857996864,9.871244596907831e-06,0.012837536355427026,95
36047120803.0,36047120803.0,0.0,0.0021888520759938794,2.5303302561252306e-05,0.01373583617069045,183
36047121000.0,36047121000.0,0.0,0.0009580508229342314,5.109379141245248e-06,0.006848466796352337,225
36047121400.0,36047121400.0,0.0,0.0019609704733583315,4.540964176050795e-06,0.014503986793819371,187
36047122000.0,36047122000.0,0.0,0.0013498822435523126,4.243314862975539e-05,0.006878926725259289,496
36047123700.0,36047123700.0,0.004702194357366771,0.010025388533422054,0.00032454579483869126,0.035686546504101864,638
36061014300.0,36061014300.0,0.004297114794352364,0.005034708528333073,0.0007431362334603783,0.014955444924681097,1629
36081032000.0,36081032000.0,0.0,0.0022921351623982037,0.00010260370096520338,0.009830823216530567,898
36081068000.0,36081068000.0,0.0009174311926605505,0.003211383791144008,0.0001631368651486847,0.013021737214979862,1090
36081048302.0,36081048302.0,0.0,0.0017908803643846755,6.433330764373186e-05,0.008854180791183015,565
36005007100.0,36005007100.0,0.0,0.0017476156215778375,4.254604526449859e-05,0.009099381687354066,452
36005007500.0,36005007500.0,0.0,0.002076444978125319,2.5396589928072225e-05,0.013130829545433445,211
36005014100.0,36005014100.0,0.0030120481927710845,0.006545874172985887,0.00020030669412601025,0.029754140116101443,332
36081024500.0,36081024500.0,0.0,0.0015818075091367481,3.1920895303427836e-05,0.008065092330857638,876
36081024700.0,36081024700.0,0.0017667844522968198,0.003384282590074298,5.099370132264289e-05,0.017553995239732303,566
36085014606.0,36085014606.0,0.0,0.001778712867819488,2.5618455569262647e-06,0.013706058002973302,94
36047007500.0,36047007500.0,0.0,0.0020305074470300956,5.311106324741433e-05,0.010711380227534118,474
36047007700.0,36047007700.0,0.0010298661174047373,0.005779464867691529,0.0005662395922078667,0.019363770783099546,971
36081056800.0,36081056800.0,0.0,0.0010898194214182652,1.467125465610395e-05,0.006178087343707395,715
36081058000.0,36081058000.0,0.004934210526315789,0.0020421488291153516,5.840763207890086e-06,0.013170975018124323,608
36081013700.0,36081013700.0,0.0,0.0013993203664253067,6.0730877060429304e-05,0.006100192227330836,1449
36081014100.0,36081014100.0,0.0,0.00237886299444038,7.578377998799981e-05,0.011815676953275067,328
36047105804.0,36047105804.0,0.0,0.0010711631974766472,1.3741964798689434e-05,0.006246044768250353,480
36047107002.0,36047107002.0,0.0,0.0016914246332463024,3.938502848644659e-05,0.008948282419627345,566
36005037600.0,36005037600.0,0.0,0.00821326560240481,0.00017224345328983092,0.04602577230526644,67
36005017300.0,36005017300.0,0.0,0.0023162320316162245,5.062768847964856e-05,0.012978580985342804,229
36005034500.0,36005034500.0,0.0,0.0038248291342088733,3.0403047603872054e-05,0.023951973942019002,163
36081051100.0,36081051100.0,0.0,0.0014530460885916114,3.989377210369868e-05,0.007729952561558363,424
36081060701.0,36081060701.0,0.0,0.0008667687223351486,3.104587620427868e-05,0.004451461115513745,137
36005003700.0,36005003700.0,0.0,0.004231034620962398,3.253358903966932e-05,0.02869917550890155,70
36061014700.0,36061014700.0,0.0,0.0011830899847948952,5.24694426685372e-06,0.008445989734150887,216
36061015102.0,36061015102.0,0.0,0.0008315117318832563,3.445038613689189e-06,0.005400083794088802,828
36061008601.0,36061008601.0,0.0006285355122564425,0.0022671469111174574,0.00011572678403835709,0.00914809682702713,1591
36061008800.0,36061008800.0,0.0,0.000779577268194421,9.883794638640698e-06,0.004308627839910854,1184
36005022000.0,36005022000.0,0.004310344827586207,0.005285090379803444,0.00017484511786245265,0.025562977721671647,232
36061008602.0,36061008602.0,0.0028368794326241137,0.001861619427835072,7.275939952365244e-06,0.011597519193611974,705
36047050803.0,36047050803.0,0.0,0.005513330398159679,7.870900541652806e-05,0.031318816448401496,178
36047079802.0,36047079802.0,0.0,0.0034718484691744836,5.922187322775202e-05,0.018641308787679528,260
36005006100.0,36005006100.0,0.004424778761061947,0.002490460966425895,6.468532574276381e-05,0.013540434231915609,226
36061029900.0,36061029900.0,0.0,0.0014348825189707676,5.550971781622109e-05,0.006843363214963906,637
36047152200.0,36047152200.0,0.006144393241167435,0.02211459461295184,0.00349157789392989,0.05982559318288662,651
36005005300.0,36005005300.0,0.0,0.0024941883723616797,1.3932179542568666e-05,0.0171708884610584,212
36081060300.0,36081060300.0,0.0,0.0017626073613516463,3.0435768893898955e-05,0.010146492262844607,429
36081061301.0,36081061301.0,0.0,0.0008179139159571836,2.6671645148043758e-05,0.004452252329629245,252
36081089201.0,36081089201.0,0.0,0.003387477497259147,4.651214624662467e-05,0.017814648956114912,412
36081006201.0,36081006201.0,0.0014124293785310734,0.002308903691335379,4.594000388548275e-05,0.011587644342362338,708
36081088400.0,36081088400.0,0.0034752389226759338,0.009559766408966771,0.0015080606424077924,0.02724228438390978,1151
36005018301.0,36005018301.0,0.0,0.002813417218316589,2.4894086195811897e-05,0.018542998685530266,94
36005019500.0,36005019500.0,0.0,0.001949834506831948,3.353746476130975e-05,0.011414194617877094,268
36005005902.0,36005005902.0,0.0,0.003351636970973842,1.7249156384522628e-05,0.023120488641183972,107
36085014604.0,36085014604.0,0.0,0.0012940353018619213,5.577353916258155e-06,0.009110954183728757,124
36085014605.0,36085014605.0,0.0,0.0015986434370182808,3.883623254418658e-06,0.012172126404698436,82
36085005901.0,36085005901.0,0.0,0.0011755472569388548,5.292811016502618e-06,0.008292730930111342,36
36047051200.0,36047051200.0,0.0,0.007156254661505884,0.00012801126709397297,0.037692575861637746,155
36081032900.0,36081032900.0,0.00228310502283105,0.0052682503379090535,0.00019597784961897688,0.020466675751327257,876
36005016600.0,36005016600.0,0.0,0.0018367147961875134,1.823324127460001e-05,0.012076319078591085,183
36047050600.0,36047050600.0,0.031914893617021274,0.11395496276973242,0.030164934507826154,0.2691449101129786,188
36081049900.0,36081049900.0,0.0,0.000614582910679151,1.2291484023468974e-05,0.003562111796037429,741
36081050700.0,36081050700.0,0.0006127450980392157,0.0005774432004607992,5.362201051636899e-06,0.0035557622985743437,1632
36005001902.0,36005001902.0,0.0025426807119505995,0.00994035947844502,0.002589451385707996,0.023491927661478226,2753
36047006300.0,36047006300.0,0.02023121387283237,0.07766890028797191,0.022717623684650867,0.1742939295826159,346
36047005100.0,36047005100.0,0.0,0.0026432965665246526,0.00015047823651015925,0.010655105704979828,1041
36047005900.0,36047005900.0,0.0021380574221136223,0.008820718095717087,0.002437282089223995,0.020007653471563958,3274
36085021300.0,36085021300.0,0.0,0.0007042958115947364,2.1357550122447055e-06,0.004935126127358802,125
36085024700.0,36085024700.0,0.0,0.0009547745835609227,1.59969665972154e-06,0.007442451189317311,134
36005005100.0,36005005100.0,0.007072135785007072,0.027386546999255284,0.008980076581153682,0.05764026084714757,1414
36047035400.0,36047035400.0,0.0056657223796034,0.021039089012082304,0.0038304834630377912,0.055861272250437466,706
36047036600.0,36047036600.0,0.0012690355329949238,0.00401247453972348,0.0001836370041214681,0.016451508453514403,788
36081003900.0,36081003900.0,0.002881844380403458,0.0017719155299692048,6.135109074326101e-06,0.012170272099735563,347
36081034700.0,36081034700.0,0.002373685995252628,0.008362250380219866,0.001813233934506943,0.020136806575381902,2949
36005015700.0,36005015700.0,0.0,0.0012820422212454186,1.9937828662905292e-05,0.007836853244481367,448
36061031703.0,36061031703.0,0.0,0.0006631418998445639,4.175398310512714e-06,0.00381327306018731,1761
36085029106.0,36085029106.0,0.010526315789473684,0.02097493523850917,0.0002754013570393553,0.10508595188333669,95
36047001300.0,36047001300.0,0.00047961630695443646,0.0012658992401337298,4.8950241860473385e-05,0.005487923604983117,2085
36085013203.0,36085013203.0,0.0,0.001448342914372839,3.5518854059275334e-06,0.01107730955862867,115
36085013204.0,36085013204.0,0.0,0.0021770366847817454,3.0062451892184223e-06,0.016760869211697605,60
36085013201.0,36085013201.0,0.0,0.0029743866167588813,1.7727767991216289e-06,0.023847019489050308,48
36085013800.0,36085013800.0,0.0,0.001598372525448071,4.235258405305195e-06,0.011987031293842638,108
36061011700.0,36061011700.0,0.0007968127490039841,0.0021376952535973382,6.169664011910311e-05,0.009414023622691274,1255
36061012901.0,36061012901.0,0.0,0.0005781168309314483,4.259324753544107e-06,0.0036248450978082773,1203
36047017100.0,36047017100.0,0.0,0.007376202482957113,6.368276598399407e-05,0.041120289341227294,147
36047050202.0,36047050202.0,0.0041841004184100415,0.017107528598657586,0.00047336816352775844,0.06942425687102138,239
36047050001.0,36047050001.0,0.002178649237472767,0.00482720519994027,0.00018818375188561692,0.021721736414851023,459
36047150200.0,36047150200.0,0.0006222775357809583,0.0026520327167981954,0.0001344148069008774,0.010109457714740417,1607
36081056400.0,36081056400.0,0.0,0.0025494496835829785,1.0168578556736106e-05,0.018086132301196715,110
36061023900.0,36061023900.0,0.0,0.005838749217944439,9.784573860354242e-05,0.03470453222393648,87
36047054300.0,36047054300.0,0.0038095238095238095,0.007258735036766739,0.00022514664752185736,0.029261664852776894,525
36047054500.0,36047054500.0,0.0,0.002513095562714342,2.1258886974146666e-05,0.014519689110955247,314
36081030904.0,36081030904.0,0.0022234574763757642,0.007609832058228003,0.0010466760922822136,0.02133576568322113,1799
36081030905.0,36081030905.0,0.0,0.002671913204027879,3.2047147491477026e-05,0.015357330975536718,335
36047069602.0,36047069602.0,0.0,0.00247253378432017,3.8908780044734766e-05,0.01411467374334768,143
36047070601.0,36047070601.0,0.0,0.006461665417525791,7.741302703069532e-06,0.05205042488751311,6
36085017016.0,36085017016.0,0.0,0.0046697892952808455,1.5758600539118614e-05,0.032713293846444086,70
36005005600.0,36005005600.0,0.0,0.0033787019851782302,7.734802440624584e-06,0.02562597877545858,79
36005006200.0,36005006200.0,0.0,0.002353408071660242,6.305034052515988e-05,0.012515727490376653,329
36081127700.0,36081127700.0,0.0,0.0032369210243182365,0.00013750058833119405,0.014796765301631137,452
36005021601.0,36005021601.0,0.0,0.002243424895425279,5.49506508262063e-05,0.011784805591253465,420
36005021602.0,36005021602.0,0.0,0.0016710343565962689,5.06593024015092e-05,0.008841784996908254,380
36081138502.0,36081138502.0,0.004088307440719542,0.013177984162299837,0.0026102574215607468,0.03367398193997214,1223
36081152901.0,36081152901.0,0.0037313432835820895,0.004260118875312056,4.796279312080768e-05,0.021062349960209576,536
36047010100.0,36047010100.0,0.001310615989515072,0.005418036160639605,0.00016491324954073355,0.021918003741179155,763
36081048900.0,36081048900.0,0.0014936519790888724,0.0022819588484138563,4.6942818605561414e-05,0.010712988738184607,1339
36047014500.0,36047014500.0,0.0022271714922048997,0.006297544662747549,7.994630860254827e-05,0.029753004736382756,449
36047011700.0,36047011700.0,0.0013280212483399733,0.004124495675814104,0.00010024342089262148,0.017723397845100686,753
36047014300.0,36047014300.0,0.0,0.001507761137652911,4.604445207012115e-05,0.007147077792134717,1426
36005021001.0,36005021001.0,0.0,0.0017322886187648386,5.532543441481997e-05,0.008930286144297129,349
36081021900.0,36081021900.0,0.0021691973969631237,0.0051232292325670906,0.0006078680108429504,0.016065243768438785,1383
36081053502.0,36081053502.0,0.016666666666666666,0.058213287416003075,0.010935674054468915,0.15869079792124766,240
36061000202.0,36061000202.0,0.0,0.0007586462463979135,1.0674305224442358e-05,0.00405107077431088,1384
36047002100.0,36047002100.0,0.002386634844868735,0.004280427301470958,0.0003695009278742117,0.013452973568436099,2095
36047038700.0,36047038700.0,0.0,0.0006985794015143625,6.261336131817524e-06,0.004638632006529079,235
36047039500.0,36047039500.0,0.0,0.0006879791756048793,1.3276327499772047e-05,0.0040129489426666415,368
36047028900.0,36047028900.0,0.0,0.0007792224420265707,7.99805868693411e-06,0.0050550345346512355,248
36047039300.0,36047039300.0,0.0,0.0007744830536887634,1.2142140695677743e-05,0.004830718830478956,450
36081003600.0,36081003600.0,0.0,0.0008110284472380767,1.2083332783337046e-05,0.004947219222734065,261
36047032700.0,36047032700.0,0.0,0.0019006844070842376,6.066414963245922e-05,0.00961000920441845,549
36005003500.0,36005003500.0,0.0,0.004216847786497244,5.354427573947386e-05,0.024388780636165317,162
36005007300.0,36005007300.0,0.0,0.0027128217991915986,3.45377158332267e-05,0.016417091832977966,131
36085007500.0,36085007500.0,0.0,0.0019162927680115445,4.9804789620211366e-06,0.01440593126680082,59
36085007700.0,36085007700.0,0.0,0.004055340408204668,2.4734423228947776e-06,0.031060432213026685,3
36081001902.0,36081001902.0,0.0008680555555555555,0.0021468214093610777,5.30560842872737e-05,0.009920785892641521,1152
36081047500.0,36081047500.0,0.0,0.0006527703247555893,9.00434995862628e-06,0.003968918763661311,539
36085014100.0,36085014100.0,0.0,0.0007988972168828789,2.5129537537134556e-06,0.005898272727404428,97
36085012500.0,36085012500.0,0.0,0.0012252458618027086,1.6059403542336593e-06,0.009502718247054169,89
36085014700.0,36085014700.0,0.0,0.0007005669368229148,4.764859487245116e-06,0.004555859283796273,243
36061000800.0,36061000800.0,0.008610086100861008,0.035237273486051636,0.012937351528215445,0.06993632638171539,1626
36047036502.0,36047036502.0,0.0,0.0005116666955569939,6.244482188490244e-06,0.003178236088565463,824
36061006200.0,36061006200.0,0.002180232558139535,0.003294390328080107,0.00019782403244890322,0.01075504027861684,2752
36047056302.0,36047056302.0,0.0,0.003429971137701885,4.713417113184727e-05,0.021075640941143368,107
36081103201.0,36081103201.0,0.033707865168539325,0.13129256703725875,0.019860871131545783,0.366088135457724,89
36081103202.0,36081103202.0,0.0,0.006384773923713961,3.945819074434325e-05,0.0379966524045005,179
36005004100.0,36005004100.0,0.0,0.004562091789832857,8.287919613123135e-05,0.025755344048135037,152
36005004300.0,36005004300.0,0.0,0.003049395437242226,5.418220380644725e-05,0.016673872806725182,292
36047095400.0,36047095400.0,0.0,0.00539951938664292,3.796887694380043e-05,0.03536905021404035,78
36047096000.0,36047096000.0,0.011527377521613832,0.02559407605413484,0.0035457871411785744,0.07523600665005664,347
36047057901.0,36047057901.0,0.0034602076124567475,0.010011213392353828,0.0005524287468584206,0.030565267352468742,1156
36047057902.0,36047057902.0,0.00644122383252818,0.023104498922533127,0.003892662822077172,0.0624584319166345,621
36047099600.0,36047099600.0,0.0,0.0038844676685969816,9.953545795288457e-06,0.02924200494262745,51
36047099800.0,36047099800.0,0.00558659217877095,0.004854399605870348,4.719298509060241e-05,0.02897653101384924,179
36081017101.0,36081017101.0,0.0,0.0012654291719521517,9.701785905891206e-05,0.005303775755618059,844
36081017102.0,36081017102.0,0.0045992115637319315,0.01381133563931367,0.003214678558145879,0.0331318616302515,1522
36061010602.0,36061010602.0,0.0005042864346949068,0.001093775290618397,1.3366374826083832e-05,0.0055809642244186814,1983
36061011600.0,36061011600.0,0.003416856492027335,0.009628689903336696,0.00019376994030568647,0.032399226731311306,878
36061011401.0,36061011401.0,0.0,0.0013134297195232063,2.304438623287668e-05,0.007258483517270035,658
36005023800.0,36005023800.0,0.0016891891891891893,0.0019307079018235234,6.616168941614545e-05,0.009180594872589973,592
36005024000.0,36005024000.0,0.0058309037900874635,0.01295358641170286,0.000797198831390268,0.04759735153958871,343
36061029100.0,36061029100.0,0.0,0.0020918598977904047,2.5606293576354275e-05,0.012778804966538661,232
36081099100.0,36081099100.0,0.00411522633744856,0.0030216423821017094,2.221439916435702e-05,0.0185898506519757,243
36081099705.0,36081099705.0,0.02572347266881029,0.10649411911258717,0.03392802182811813,0.22909376224513242,311
36005033500.0,36005033500.0,0.0,0.0018839641526480324,5.4444345147868594e-05,0.00886212308568681,864
36005035100.0,36005035100.0,0.0035587188612099642,0.0030817719180613297,3.377025616579855e-05,0.017574309253315407,281
36061023802.0,36061023802.0,0.0,0.00291893936838927,6.495020004204725e-06,0.021258994913298346,134
36061023803.0,36061023803.0,0.0,0.00438171153469429,2.326147064867881e-06,0.0326394432556824,146
36085001800.0,36085001800.0,0.0015015015015015015,0.002148445553449943,5.098358700506734e-06,0.013647674820366848,666
36005011800.0,36005011800.0,0.0,0.002124814132315615,1.4569842999123691e-06,0.01630265942987092,181
36005013800.0,36005013800.0,0.0,0.0011979280809595683,7.872695186412524e-06,0.007352360714305105,367
36085002002.0,36085002002.0,0.0,0.0013083946121621815,8.772754418598225e-06,0.00786609418297308,595
36061001501.0,36061001501.0,0.004322766570605188,0.005605161792813677,0.0004479162972568311,0.018524694223912876,1388
36061002901.0,36061002901.0,0.0,0.001561634990100478,3.440670632546678e-05,0.008145501818535841,677
36061002700.0,36061002700.0,0.0,0.005050083353433648,7.32288349771513e-05,0.028453448689459968,154
36061002902.0,36061002902.0,0.0,0.001765772715552233,3.142119856669009e-05,0.010061716829875871,406
36047062600.0,36047062600.0,0.009523809523809525,0.0056589410265601514,1.1243094708331737e-05,0.04158382005983548,105
36047062800.0,36047062800.0,0.0,0.002173384281336456,1.1150197667633025e-05,0.014690918976959642,156
36085011204.0,36085011204.0,0.0,0.002909542581234679,2.0620389926307913e-06,0.023088152358929782,13
36085012804.0,36085012804.0,0.0,0.0016322294481325612,2.0201098032034734e-06,0.012874232488463241,118
36047066200.0,36047066200.0,0.0,0.002147250583398516,2.2546995583322584e-05,0.013363083055222788,231
36047017700.0,36047017700.0,0.021018593371059015,0.08464045293839309,0.03632074982612218,0.15470815212040265,1237
36047050401.0,36047050401.0,0.041666666666666664,0.17468866877121536,0.07150056062002123,0.32448390534554344,432
36005032300.0,36005032300.0,0.0,0.006668383954305264,1.8369034814611283e-05,0.04981933576043338,45
36005033700.0,36005033700.0,0.0,0.0029735936858530146,5.126579303334139e-05,0.016272392369685876,231
36061002400.0,36061002400.0,0.0,0.0006830244828264604,7.826507956308088e-06,0.004221548214555794,744
36081001400.0,36081001400.0,0.0,0.001315987916090744,1.8204782998361207e-05,0.007708077712405869,378
36081002200.0,36081002200.0,0.0,0.0017144848130864951,2.1073510183642328e-05,0.010609907545787629,237
36081001800.0,36081001800.0,0.0,0.0010729719600799654,8.97561963809583e-06,0.006699979819568887,329
36081002000.0,36081002000.0,0.0,0.001270952289241763,7.886304795844012e-06,0.008488338017682248,283
36061031900.0,36061031900.0,0.0,0.002486495771069156,2.9672832458248907e-06,0.01872206670514088,184
36061021100.0,36061021100.0,0.001430615164520744,0.0019571247198293053,1.9195127344705078e-05,0.011393344129859225,699
36061021900.0,36061021900.0,0.0,0.0008234970194269252,5.367323540993151e-06,0.005243451826096526,618
36081066404.0,36081066404.0,0.0,0.011624764294510778,0.00019258746068857388,0.061267334049123545,115
36047001801.0,36047001801.0,0.00854335753951303,0.0343353235312994,0.013893824999619128,0.0656001952309903,2341
36047005302.0,36047005302.0,0.0,0.004781141774725817,0.00025637529029716536,0.01963824624192069,610
36005051601.0,36005051601.0,0.0,0.026136625120035957,1.2660505960026965e-06,0.22778353179028887,22
36005051602.0,36005051602.0,,0.1408767003998116,2.455830890490438e-06,0.9614888446017733,0
36047036700.0,36047036700.0,0.0038314176245210726,0.0011044126168704772,6.754959171732063e-06,0.008442918284924718,261
36081021601.0,36081021601.0,0.0,0.001072884835012593,4.54346023726861e-05,0.0049289405072654325,1586
36061009903.0,36061009903.0,0.0,0.000653630146192163,1.2664073929580437e-05,0.0033430688978652373,2376
36061010300.0,36061010300.0,0.0,0.0008001306359078985,1.2102340431531559e-05,0.0043830121307206005,1096
36061011100.0,36061011100.0,0.0011883541295306002,0.0010980529249497455,1.0386113873051537e-05,0.0064273293674591715,1683
36081003700.0,36081003700.0,0.005928853754940711,0.003453207208346376,0.00013643243487262754,0.015999292038236815,506
36061023804.0,36061023804.0,0.0040595399188092015,0.011719166891616476,2.2669286344764895e-05,0.040685197160265446,739
36061019200.0,36061019200.0,0.011235955056179775,0.05063920903325273,0.019709219587835624,0.09595790755338443,1602
36061024500.0,36061024500.0,0.0,0.004227415380305987,0.00010748714036862316,0.021291552427446847,249
36061025100.0,36061025100.0,0.0,0.00470562817081239,0.0001068111582420324,0.02477865757069102,219
36081029100.0,36081029100.0,0.0025575447570332483,0.001447855959692893,4.167995979448173e-05,0.007166173220216613,1173
36081029300.0,36081029300.0,0.0,0.001286575684621742,2.4383203465853232e-05,0.0071488175188228155,483
36047049900.0,36047049900.0,0.0,0.002574422450370877,8.855987697009431e-05,0.012320175556098661,525
36047050100.0,36047050100.0,0.000646830530401035,0.0019583616301141276,7.030153634733707e-05,0.008407943734418112,1546
36047051500.0,36047051500.0,0.002079002079002079,0.007492674155837472,0.0005361514917495707,0.028578369576017525,481
36005040900.0,36005040900.0,0.003913894324853229,0.0023909795063873788,0.00010693222053758885,0.011449575721210225,511
36005042100.0,36005042100.0,0.0,0.002655076976268466,0.00011359098170831462,0.01239717952344931,512
36085015603.0,36085015603.0,0.0,0.0019281865598265988,2.0396735965603297e-06,0.015782390246068576,74
36081047200.0,36081047200.0,0.009900990099009901,0.03538174734376218,0.008754363355219771,0.08540514107332944,606
36081047600.0,36081047600.0,0.0,0.0024309595812007445,4.925948224697948e-05,0.012017708330231415,739
36005011502.0,36005011502.0,0.0,0.0013058052422679912,5.682176562560628e-05,0.005904031906793906,1241
36081077905.0,36081077905.0,0.0,0.0018561709841927716,7.911216378510554e-05,0.0083027433650003,767
36081118900.0,36081118900.0,0.0,0.0026575661396834073,1.6110417326350387e-05,0.018237346089868132,57
36047093400.0,36047093400.0,0.0,0.0033798755264983077,3.182386432447593e-05,0.020713295810715373,148
36047093600.0,36047093600.0,0.0,0.002929038279955005,3.592611915368809e-05,0.01793707215001218,145
36047092200.0,36047092200.0,0.0,0.0028902332038173674,7.304863039863304e-05,0.015207721124383691,325
36047092800.0,36047092800.0,0.0,0.004973950714967437,7.763312789748585e-05,0.028666118872000705,168
36081121100.0,36081121100.0,0.02962962962962963,0.07887075036995565,0.011138591796594353,0.21938474551370615,135
36081141700.0,36081141700.0,0.0,0.0018698473124372085,7.000429316864187e-05,0.008774713888515915,608
36005023100.0,36005023100.0,0.0,0.0011298222709565564,1.3635174397218416e-05,0.007157940962301462,276
36005037900.0,36005037900.0,0.0,0.0009390601403927546,1.2590129024686346e-05,0.005636628723611908,324
36005038100.0,36005038100.0,0.0,0.0010086193536896417,1.4344666611038845e-05,0.00610218359687335,160
36081050500.0,36081050500.0,0.0,0.0006326383578688524,3.7110141606476374e-06,0.0043977230569526155,416
36081068700.0,36081068700.0,0.0,0.0003585288726158887,6.683349631796092e-06,0.002062255682957942,1420
36047066600.0,36047066600.0,0.0015906680805938495,0.0013465981345856378,3.902511821545156e-05,0.006162465397889814,1886
36005008300.0,36005008300.0,0.0,0.003319447610591665,3.643881718887019e-05,0.018623995024482025,282
36061016002.0,36061016002.0,0.0,0.0026572947494893384,3.141689143536503e-05,0.016231977731462614,220
36061016800.0,36061016800.0,0.0032520325203252032,0.005259071770368925,0.00021416222355351346,0.02151396164239411,615
36061007900.0,36061007900.0,0.0037328909166321027,0.010244956918004868,0.0023251367319825768,0.024696644401129172,2411
36061006900.0,36061006900.0,0.0014936519790888724,0.0015359600467832837,3.0841107744909265e-06,0.009538426414108897,1339
36061007500.0,36061007500.0,0.0,0.0008886294421205974,9.149340575635593e-06,0.005104829857665968,1201
36047014101.0,36047014101.0,0.0,0.0021492004583133738,1.8961278953063983e-05,0.013457640592908703,193
36047014102.0,36047014102.0,0.0,0.0023255532809005734,2.3279838927825515e-05,0.014807953431960817,225
36081064102.0,36081064102.0,0.003532008830022075,0.006254203180705066,0.0005898080661312539,0.018228578931974545,2265
36081077300.0,36081077300.0,0.0,0.0011580824723227729,4.531811192621686e-05,0.005429142406564048,816
36005015100.0,36005015100.0,0.0,0.001271160179243879,1.3157848909075972e-05,0.008227124153391135,273
36061009800.0,36061009800.0,0.0,0.0007900148514156204,9.0276437391307e-06,0.004714010270492887,937
36061008603.0,36061008603.0,0.0,0.0007727233687155304,5.007818924806885e-06,0.00482260516859279,1149
36061009000.0,36061009000.0,0.002157497303128371,0.002243397803816412,8.66229491963253e-06,0.01335456646121238,927
36085031901.0,36085031901.0,0.00847457627118644,0.004246274602699012,1.097777756480601e-06,0.03667940097444015,118
36081086100.0,36081086100.0,0.0,0.0020332736605621006,2.054374415502389e-05,0.012940773738231926,48
36081120100.0,36081120100.0,0.0,0.0031918264961149486,1.6479078831354916e-05,0.021868316430326926,87
36081081400.0,36081081400.0,0.0,0.0014388073196445162,2.6744188608207584e-05,0.007627270125902043,712
36005023703.0,36005023703.0,0.0,0.0011764875653160515,1.5318556899158222e-05,0.007456498239441269,108
36081055200.0,36081055200.0,0.0015360983102918587,0.003549488670494241,8.158085058879372e-05,0.016491536935129142,651
36081130100.0,36081130100.0,0.0047169811320754715,0.006216293557830289,0.00014951625439943873,0.028636268828110916,424
36005023501.0,36005023501.0,0.0,0.0012004905233475953,8.039418902093938e-06,0.008355898463311731,214
36005023502.0,36005023502.0,0.0,0.0009623387529716967,1.0906942427848743e-05,0.005928485070863267,251
36047111800.0,36047111800.0,0.0,0.0010115380661404956,2.77188240947306e-06,0.007352974480275586,139
36047112000.0,36047112000.0,0.0,0.0007714741568625662,4.903094431227392e-06,0.0052987463495851326,134
36081059600.0,36081059600.0,0.0,0.0024197832784617576,5.274922771191721e-06,0.018640513378159373,29
36081070900.0,36081070900.0,0.0,0.0010286635951778636,2.9549648856303463e-06,0.007721971804168768,144
36081071100.0,36081071100.0,0.0,0.00047817124621322955,8.000191566826822e-06,0.0028447138791911257,381
36081060000.0,36081060000.0,0.0,0.00260036815106795,3.170449212840321e-06,0.020422737019177774,33
36081062200.0,36081062200.0,0.0,0.0010255605378280625,5.970054673178673e-06,0.0065466114178013525,578
36081016300.0,36081016300.0,0.0,0.002283091131022047,5.58825590286441e-05,0.012608854769513959,200
36081029500.0,36081029500.0,0.0,0.0023284785868145845,5.1329401828715114e-05,0.013104134266697477,239
36081059200.0,36081059200.0,0.0,0.0016583147543882276,4.576307805999752e-06,0.012418412981163703,160
36081059400.0,36081059400.0,0.0,0.00253346534790006,3.7050607653612144e-06,0.01907868798091684,36
36081070300.0,36081070300.0,0.0,0.0007932097930261599,6.9681969828486575e-06,0.0051702948415877316,238
36081013600.0,36081013600.0,0.0,0.0026594177103137495,1.8369963763609568e-05,0.017725513555065856,119
36081013800.0,36081013800.0,0.007220216606498195,0.007740793849956756,3.977915189258444e-05,0.04082857690379323,277
36081067900.0,36081067900.0,0.0,0.00047815164356161086,6.0747492515281865e-06,0.002884975429083027,404
36081069702.0,36081069702.0,0.0,0.0004856574932727177,6.170783415260548e-06,0.0030369134557367435,418
36081053401.0,36081053401.0,0.0,0.0015634329154948462,1.712710606088587e-05,0.009928997701512348,181
36081059800.0,36081059800.0,0.0,0.0018784665946214574,6.7640879626047725e-06,0.0142302669822521,85
36047016200.0,36047016200.0,0.0,0.0007444100298190525,2.6314705930587325e-06,0.00516667746587146,550
36047016400.0,36047016400.0,0.0017543859649122807,0.0006600844556978998,5.4078175177604205e-06,0.0038885340945624433,2280
36005046000.0,36005046000.0,0.0,0.004475492158877496,5.90878053363433e-05,0.0275203899623659,102
36061029700.0,36061029700.0,0.0017035775127768314,0.0027706278205451755,3.6208551892154694e-05,0.01473902138754771,587
36081156700.0,36081156700.0,0.004796163069544364,0.00987394974680586,0.0009355719334210457,0.031309368741687583,834
36081162100.0,36081162100.0,0.0029069767441860465,0.0031851041205501187,4.6200154469685156e-05,0.018057936443642113,344
36061031704.0,36061031704.0,0.0027359781121751026,0.004476596346301131,2.8041952351670264e-06,0.024362564907939147,731
36081098100.0,36081098100.0,0.0,0.0027909689589738188,2.560810037801653e-06,0.022487575018623016,34
36081098700.0,36081098700.0,0.0,0.002458695660060161,3.7786727390047246e-06,0.019683676640499737,97
36005031000.0,36005031000.0,0.0,0.0036408095404556803,0.0001201630598288737,0.01799871468945482,335
36005035600.0,36005035600.0,0.007575757575757576,0.024998628433257137,0.002263294188834628,0.07046066248112896,528
36005026400.0,36005026400.0,0.0,0.00291574246581407,7.055752311929985e-05,0.015509200424836481,261
36005019400.0,36005019400.0,0.0,0.0008169829470265146,3.403561686080484e-05,0.0036064278996322196,2511
36005045102.0,36005045102.0,0.0,0.004449903955932092,4.354505337146752e-05,0.02652577423163911,189
36081061602.0,36081061602.0,0.005905511811023622,0.022931836985755176,0.0055615063010494405,0.0548577111835951,1016
36081063800.0,36081063800.0,0.0012345679012345679,0.010475600386732427,0.001462131589819452,0.03107244714646524,810
36047002300.0,36047002300.0,0.0016,0.005883873347403372,0.0004618461072692695,0.019668079846695732,1250
36061019400.0,36061019400.0,0.0,0.0028800533237996247,5.5540153513791645e-05,0.015680926715979326,417
36061024200.0,36061024200.0,0.0024405125076266015,0.009155684982519995,0.0016333982330083228,0.024381903569788668,1639
36005005200.0,36005005200.0,0.0,0.001910588239899132,1.1237846626201424e-05,0.01325592317275636,138
36005012300.0,36005012300.0,0.0,0.0008569479875041433,2.3567484919657624e-05,0.004607010959220213,550
36047055100.0,36047055100.0,0.0,0.0019380127357914517,3.1490032630687355e-05,0.01040223268604558,511
36047055500.0,36047055500.0,0.0,0.0018012057687556272,2.5296259441764062e-05,0.009631184152039217,651
36005022701.0,36005022701.0,0.0036231884057971015,0.0016764207554670005,2.0907751429108164e-05,0.0101875725363213,276
36085030301.0,36085030301.0,0.0,0.0007228724634372031,3.4095797484435854e-06,0.005031972467246164,396
36085032300.0,36085032300.0,0.0,0.0008945519677550249,2.2744903139135974e-06,0.006491008317023924,291
36005008900.0,36005008900.0,0.0,0.0018800673325931627,2.1230597968351482e-05,0.012251122064335993,143
36005001903.0,36005001903.0,0.01073345259391771,0.04351580737546978,0.01520272441705001,0.08816951335206392,1118
36005003100.0,36005003100.0,0.0,0.0041078371490779805,0.00011434480608088208,0.021264160735668752,174
36005023000.0,36005023000.0,0.012987012987012988,0.024547594773528567,0.0006967000768257487,0.09645041971183929,154
36005033400.0,36005033400.0,0.003950167122455181,0.013824623625642277,0.0048813957483726375,0.02836235347661615,3291
36085022602.0,36085022602.0,0.0,0.0010765647903467968,6.757415407535065e-06,0.0064765059287607,670
36085024800.0,36085024800.0,0.0,0.0025433366026397022,2.717482865190808e-07,0.022884614624450045,119
36081003400.0,36081003400.0,0.0020408163265306124,0.0006865676714865219,1.658946594818596e-05,0.003890361179245752,490
36047118600.0,36047118600.0,0.0,0.0007899890385645795,9.73379186298853e-06,0.005084326297257456,238
36005007800.0,36005007800.0,0.0,0.0010963759247856638,1.2211289320895621e-05,0.006802384780203518,471
36005009800.0,36005009800.0,0.0007524454477050414,0.0008760809506527754,1.82579629084833e-05,0.004823989428801726,1329
36081008100.0,36081008100.0,0.0,0.0017064880467519829,1.5834865825494615e-05,0.010946355869841112,200
36081008700.0,36081008700.0,0.0,0.0020559751970059413,7.536925767950798e-06,0.014979938190339402,142
36005022901.0,36005022901.0,0.0,0.0015609008661473293,1.7270265287836182e-05,0.009668887735373449,230
36005023302.0,36005023302.0,0.0,0.001130220103287262,1.3105316208865758e-05,0.006988316689959784,146
36005020000.0,36005020000.0,0.0,0.0019882411728984546,3.9013700332025174e-05,0.010737371540017939,472
36005009600.0,36005009600.0,0.0016806722689075631,0.0018639723054150923,4.208374206241241e-05,0.010204283435896785,595
36005028400.0,36005028400.0,0.0020442930153321977,0.005249764199266721,0.0009807420198239666,0.013706924171568727,2935
36061001300.0,36061001300.0,0.0,0.0008286684016227077,2.6673491295464408e-05,0.0039676688435881,1835
36061002100.0,36061002100.0,0.0,0.000824416900201847,1.4385572916021897e-05,0.00435694405808063,1435
36005025500.0,36005025500.0,0.0,0.0022183628013113677,2.3993869681316785e-05,0.01423585353176166,87
36005026100.0,36005026100.0,0.0,0.0027834668027329804,3.160754337938223e-05,0.017902747925281244,74
36005026300.0,36005026300.0,0.006688963210702341,0.003667720226862684,3.385869257783574e-05,0.02182849744064777,299
36005009000.0,36005009000.0,0.0019096117122851686,0.0010416273879944992,2.1518717591237106e-05,0.005282806852721501,1571
36005011000.0,36005011000.0,0.003205128205128205,0.008849787805069153,0.0005901770918802276,0.02714976762005491,1248
36085003900.0,36085003900.0,0.0,0.0023303033793654736,2.357672777314901e-06,0.018946861575882858,76
36085005902.0,36085005902.0,0.0,0.0028051330421345715,3.1425001128958936e-06,0.02230990276221297,12
36081019903.0,36081019903.0,0.0007518796992481203,0.002551112603749236,0.00010878338262276606,0.01047956276266279,1330
36081020500.0,36081020500.0,0.02888283378746594,0.13525173199830295,0.06156617259493318,0.23167108621270466,1835
36005037800.0,36005037800.0,0.0,0.004596908994855572,0.00016324266214046238,0.022879855837252046,186
36005038000.0,36005038000.0,0.0,0.002939532435580195,4.902871239254907e-05,0.017678389233117542,86
36005025700.0,36005025700.0,0.0020491803278688526,0.002405659466410892,3.311867131140288e-05,0.013753672237571561,488
36005026900.0,36005026900.0,0.0,0.0019115350608336712,6.702661849125656e-05,0.008940795216682283,726
36081128300.0,36081128300.0,0.0014609203798392988,0.004846327228934084,0.0005714470259362215,0.015482619933375054,1369
36081129102.0,36081129102.0,0.002932551319648094,0.011161760693039839,0.0007446723474244861,0.041753209183438514,341
36005009301.0,36005009301.0,0.0,0.0015017785826555233,5.444259013595888e-05,0.006973931108506793,1365
36005009302.0,36005009302.0,0.0,0.0024635991838319036,0.0001447906310266444,0.009751060345610966,1174
36005011701.0,36005011701.0,0.03225806451612903,0.08885091172846545,0.0048029573380135955,0.30660152649958244,62
36085006400.0,36085006400.0,0.0,0.00283172253282248,8.161954192924891e-06,0.019145467086532506,122
36085007002.0,36085007002.0,0.009852216748768473,0.017068690524193453,7.452120974186685e-06,0.08068301193844896,203
36081069000.0,36081069000.0,0.0,0.006639530675102645,8.395301829407847e-05,0.03636073826252128,147
36081069400.0,36081069400.0,0.02247191011235955,0.06169426341706563,0.005712321490013166,0.20850371931935732,89
36047114201.0,36047114201.0,0.0,0.0005852481826400418,9.716338262748942e-06,0.0035629197704390284,703
36047114600.0,36047114600.0,0.0,0.0010534566843234704,2.9866043825201895e-06,0.007991862407713539,130
36085029104.0,36085029104.0,0.0,0.0005291836548832383,6.574051951269687e-06,0.0030756545509644296,1268
36047086400.0,36047086400.0,0.0,0.0013753325620042792,1.893735771786577e-05,0.008078304977238429,312
36047088600.0,36047088600.0,0.0,0.0015108277124029088,2.560857556863367e-05,0.008480851721954927,533
36047090800.0,36047090800.0,0.0,0.0006067223794799234,7.873635146352463e-06,0.0038313800036855394,363
36047114400.0,36047114400.0,0.0,0.00045029738895386304,8.635257433710765e-06,0.0026713781926975505,793
36005024700.0,36005024700.0,0.0,0.001986567722186832,2.6337167384781364e-05,0.01220888233663693,189
36005018900.0,36005018900.0,0.0,0.002006568863260085,4.363783247499676e-05,0.0101438379609142,789
36005019300.0,36005019300.0,0.0,0.0023343519291019747,5.362100590588406e-05,0.012384449241797442,414
36005017701.0,36005017701.0,0.0,0.002698464178864775,4.074802681804596e-05,0.016267734602177446,101
36005017702.0,36005017702.0,0.0,0.002317832439938065,4.1865416806880656e-05,0.013518484437745504,180
36005019900.0,36005019900.0,0.0,0.002516258438168845,2.2421795305253658e-05,0.017006474721346424,57
36005021100.0,36005021100.0,0.0,0.0019751909018130105,2.653275209230235e-05,0.012520666790343932,141
36005029302.0,36005029302.0,0.0,0.002949040183668875,9.685630511993313e-05,0.013822673026032782,469
36061027300.0,36061027300.0,0.0,0.007491388547225222,0.00010798373711222853,0.04374965796003292,53
36061028100.0,36061028100.0,0.0,0.005146466804338617,4.272876972270282e-05,0.0352207265259685,20
36005029500.0,36005029500.0,0.015037593984962405,0.02483664715156094,0.00031014890188090557,0.10404547905567385,133
36005029700.0,36005029700.0,0.0,0.002612681525407339,4.878481863016335e-05,0.013175224164225315,563
36005006000.0,36005006000.0,0.0,0.0021519029919996532,0.0001005487718767828,0.009485639327956801,870
36061024100.0,36061024100.0,0.0022222222222222222,0.004428423189624209,4.6932162976588114e-05,0.022870200313814967,450
36061024700.0,36061024700.0,0.0,0.002817068668056187,3.6521930988605115e-05,0.014453581664107817,600
36081030600.0,36081030600.0,0.0013260087137715476,0.001461415639899463,8.10140428531602e-05,0.0051712566061059995,5279
36081071600.0,36081071600.0,0.0028979907264296756,0.008352943710736565,0.0036452398116620125,0.014842509085820577,20704
36081084602.0,36081084602.0,0.0027037466203167246,0.008320807091065984,0.0026105057055557887,0.017837797466519707,5178
36005018501.0,36005018501.0,0.0,0.0026135825136096628,3.131840892173961e-05,0.015524720988707936,212
36005018502.0,36005018502.0,0.0,0.0014739706415089846,3.332994327200324e-05,0.008290268240059543,315
36081061900.0,36081061900.0,0.0,0.0013998569497756688,1.4089228951228237e-05,0.009088798927574745,245
36081063301.0,36081063301.0,0.02,0.0060848219375633774,2.1756952548077565e-05,0.045366527817051215,50
36081063302.0,36081063302.0,0.0,0.002740841414711995,2.693014931004787e-05,0.01800347387039238,17
36081040102.0,36081040102.0,0.0,0.0023680866355112766,1.985930071556968e-05,0.016145979576017218,72
36061019100.0,36061019100.0,0.0,0.001029954994620843,2.68462827415015e-06,0.007423829004971841,419
36061019500.0,36061019500.0,0.0,0.001127999143059351,5.438139539163616e-06,0.007706442538773036,390
36005028100.0,36005028100.0,0.006369426751592357,0.014612150749790572,6.930892993037281e-05,0.07299323717181765,157
36005043503.0,36005043503.0,0.0026943802925327174,0.009967680240878553,0.0027904519738081554,0.022856213187239877,2598
36005020501.0,36005020501.0,0.0030303030303030303,0.002172098747301888,3.144312035365541e-05,0.011479775422937013,660
36005020502.0,36005020502.0,0.0,0.003449345395920196,1.0054400094714728e-05,0.02619483520813118,43
36081035700.0,36081035700.0,0.0030546009927453228,0.008048844051825465,0.0014408989709831597,0.020554126614592702,2619
36081037100.0,36081037100.0,0.0,0.0025879064249879646,6.201285873876905e-05,0.012549633918240502,635
36005035800.0,36005035800.0,0.0,0.0027285278030735093,4.604702950737764e-05,0.015696848037103528,268
36005046208.0,36005046208.0,0.0,0.002649270703304988,9.674713465132026e-05,0.012252117410102716,619
36061027900.0,36061027900.0,0.0,0.0035468053667481484,6.570397339517874e-05,0.021509052447572514,103
36061028300.0,36061028300.0,0.0,0.0028346856164367866,3.8330774407835533e-05,0.016813151854716293,130
36061030300.0,36061030300.0,0.0,0.0021530830432054905,7.683005018321073e-06,0.015576988094822743,170
36061030700.0,36061030700.0,0.0,0.0033199174051351107,3.612353324119937e-06,0.02649591015378651,109
36061024302.0,36061024302.0,0.02444987775061125,0.0892029731087695,0.029424032039605655,0.1879319187720382,409
36061031100.0,36061031100.0,0.0024896265560165973,0.003655031901402588,0.0002898410967910594,0.013180204450393815,1205
36081029700.0,36081029700.0,0.0015360983102918587,0.0030426441200240013,0.0002301734269408869,0.011377579378834693,1302
36081030906.0,36081030906.0,0.0,0.0013992780714230108,1.702234184533446e-05,0.008372147488351491,496
36047056100.0,36047056100.0,0.0,0.001602882428483053,3.349193849991399e-05,0.008299365957495228,817
36047056500.0,36047056500.0,0.0,0.001827483909916647,2.91919885849145e-05,0.010022059311249302,514
36081037300.0,36081037300.0,0.001088139281828074,0.002804151878843299,6.479793386531935e-05,0.012814292419869483,919
36081038100.0,36081038100.0,0.0,0.0014165829569044589,3.0119457976098123e-05,0.007485530429634577,740
36085027702.0,36085027702.0,0.005952380952380952,0.002425139936924345,7.92472676503568e-06,0.017353572028167105,168
36085027706.0,36085027706.0,0.0,0.003975848197018001,1.3166496504195461e-05,0.027883944367324574,95
36085019800.0,36085019800.0,0.0,0.001150428145485355,4.330947925923893e-06,0.008313006200815399,120
36085020803.0,36085020803.0,0.0,0.002324139463522984,3.7178518584012904e-06,0.018074738306641483,75
36081022001.0,36081022001.0,0.0020325203252032522,0.0037754113047324843,0.0002686798689470279,0.013364135002509091,1476
36081038302.0,36081038302.0,0.002247443532981234,0.007970224719388524,0.0034129436740766798,0.014475533437022332,17798
36081091800.0,36081091800.0,0.0,0.008435137840679684,3.7839714789389165e-11,0.07149509443397715,56
36081092200.0,36081092200.0,0.0,0.008441961525158222,1.6926479686903892e-10,0.08049745796292021,23
36085002001.0,36085002001.0,0.0,0.0011626018971020841,3.912313831460809e-06,0.007736643811806845,514
36085003600.0,36085003600.0,0.0,0.0016674095294793765,7.3111136754864975e-06,0.011421143753349778,162
36047042000.0,36047042000.0,0.00303951367781155,0.005637823895987389,4.311455859678887e-05,0.029600752383786517,329
36047054200.0,36047054200.0,0.0,0.0027316560262292226,5.136131428044466e-05,0.015897945245018155,215
36047055400.0,36047055400.0,0.0,0.0014958599068530803,2.4817821016242252e-05,0.0087767449936628,357
36061028500.0,36061028500.0,0.0,0.003360423877676089,3.5233444156514105e-05,0.021698009115913908,83
36061028700.0,36061028700.0,0.0012300123001230013,0.0023915595505293896,4.991288286718638e-05,0.011809540625172522,813
36005038303.0,36005038303.0,0.0,0.0014050461520272726,1.1413184781446236e-05,0.00939636662730221,41
36005039902.0,36005039902.0,0.0,0.0010039957566511943,1.815738146675619e-05,0.005908047600007392,275
36061023600.0,36061023600.0,0.0,0.0018891258150926014,7.740153150667183e-05,0.008997657530924002,486
36005006301.0,36005006301.0,0.0013519603424966202,0.002844302211242263,0.000303707195971929,0.00923617674853657,2219
36005028900.0,36005028900.0,0.0,0.00567272369961359,0.00018129367997997566,0.028926794451880195,177
36061030900.0,36061030900.0,0.004032258064516129,0.008343263477870849,0.00017634432237668588,0.038684236940549024,248
36085002100.0,36085002100.0,0.006535947712418301,0.008796937433600834,0.0001114834203651947,0.04711876662626947,153
36047004600.0,36047004600.0,0.0,0.0008418675746201895,2.5411308869932377e-06,0.00610478693347164,193
36085990100.0,36085990100.0,,0.05177026658944367,2.11973609344e-313,0.9999999973879985,0
36005000100.0,36005000100.0,0.0,0.11739311040239683,2.0685322957987463e-06,0.9314059094092795,1
36081092900.0,36081092900.0,0.0,0.006747079469918445,6.101998699637067e-05,0.04113270095535838,123
36081009900.0,36081009900.0,0.0,0.0008784242312924658,6.679291637800004e-06,0.005782083162603323,455
36061024000.0,36061024000.0,0.001333777925975325,0.0054276358709306124,0.0010477659286012983,0.013984539245873106,2999
36005000400.0,36005000400.0,0.0,0.0011294045909897039,5.9581086818368595e-06,0.007802971897891661,200
36081093900.0,36081093900.0,0.0,0.005466196612100619,7.88188881602932e-06,0.04074945650480038,79
36005021502.0,36005021502.0,0.007352941176470588,0.004210947606556888,2.9564493176764567e-05,0.02709206087199516,136
36005021700.0,36005021700.0,0.0,0.0017913300171102876,2.4908997952624352e-05,0.01081570303687097,129
36047001804.0,36047001804.0,0.0,0.004210549398661068,2.7287908654521253e-05,0.02776877923561701,116
36047002200.0,36047002200.0,0.0,0.0015011118246702551,6.592500804619909e-05,0.0063827037548556615,1338
36047000200.0,36047000200.0,0.00392156862745098,0.009877125938776021,0.001017668169076241,0.029085244029937164,1020
36047001802.0,36047001802.0,0.020618556701030927,0.09302555836158186,0.03436178569877972,0.1879300372481647,582
36081014202.0,36081014202.0,0.0007880220646178094,0.001222868700068532,6.024097657257755e-05,0.00538164842838101,1269
36081014400.0,36081014400.0,0.0,0.0017127810380855124,2.0360411121046232e-05,0.01046607986830622,200
36081095400.0,36081095400.0,0.04964539007092199,0.24004757426274273,0.07302895796167944,0.5217571910994271,141
36081096400.0,36081096400.0,0.012903225806451613,0.0636708937460154,0.00819117610830351,0.18733712733430197,155
36061004200.0,36061004200.0,0.0,0.0002872084054531387,3.8282516192732784e-06,0.0018156989501520975,735
36061005700.0,36061005700.0,0.0,0.0002987361284056058,4.185639607097174e-06,0.001811553448532143,838
36081024300.0,36081024300.0,0.0039164490861618795,0.01279006431444128,0.0025799703882418683,0.031812606379531205,1532
36081051300.0,36081051300.0,0.0,0.0030758061537533824,2.830854254894305e-05,0.019725131935893574,104
36081051700.0,36081051700.0,0.0,0.0007571043527524555,2.9852015234768645e-05,0.003466719644785052,1980
36081053100.0,36081053100.0,0.0,0.0017426605311645956,3.831539894162126e-05,0.009079246336523574,535
36081094202.0,36081094202.0,0.06741573033707865,0.2768100113735129,0.1131837476781591,0.5067236675481384,267
36081094203.0,36081094203.0,0.0,0.03920351453942288,0.0004849931273966142,0.20047471691297403,55
36047044902.0,36047044902.0,0.0003714710252600297,0.001554666346669367,0.0001294850847316564,0.005533807158873169,2692
36047048100.0,36047048100.0,0.0,0.0013071388980451734,1.9975351888316176e-05,0.007552211278316681,392
36081040901.0,36081040901.0,0.0,0.0012478136488449348,1.90830744847177e-05,0.007817602854789508,71
36081040902.0,36081040902.0,0.0,0.0015900825698432336,1.889299683916054e-05,0.010311123641784851,53
36047070202.0,36047070202.0,0.0,0.0014140591007423902,4.191624833188749e-06,0.008948741401625913,709
36047070602.0,36047070602.0,0.0,0.0013894002900259295,7.194538491094978e-06,0.00848672659004871,612
36047001501.0,36047001501.0,0.0008244023083264633,0.0033775372904233008,0.00028573813260767387,0.012052651883227749,1213
36047002901.0,36047002901.0,0.006772009029345372,0.0210878260906261,0.0020001090839672758,0.06430142649214991,443
36061022500.0,36061022500.0,0.003278688524590164,0.0034399043183693735,4.0825798677398846e-06,0.02408153856552457,305
36061022900.0,36061022900.0,0.0,0.001762685804230075,3.982029888078802e-06,0.012883597111068408,243
36047000900.0,36047000900.0,0.0,0.0011075321420924431,1.6744522433537638e-05,0.006516328659941948,633
36047001100.0,36047001100.0,0.003656307129798903,0.0013281934385645084,1.6267201880346115e-05,0.007940996517169908,547
36081099802.0,36081099802.0,0.0,0.010643907343041442,1.477359804497825e-05,0.07880406691390028,51
36081097202.0,36081097202.0,0.07692307692307693,0.3235680483680412,0.05643908264548777,0.818054315709162,39
36081099200.0,36081099200.0,0.012987012987012988,0.022802319419414706,0.0007335323941421688,0.09223383329970684,154
36081050000.0,36081050000.0,0.0,0.0026093841553321098,0.0001094154311670242,0.0120543960590429,462
36081050201.0,36081050201.0,0.011235955056179775,0.02088047083984979,0.000570131015010616,0.09831430381602119,89
36085017005.0,36085017005.0,0.0,0.0015288198703010698,7.223671104794477e-06,0.010490609826262789,68
36085017600.0,36085017600.0,0.0,0.0018016539622210204,3.923863150929649e-06,0.013468307235949963,55
36085022802.0,36085022802.0,0.005076142131979695,0.004287381962216895,3.8982344256934165e-05,0.025349358599003925,197
36085029102.0,36085029102.0,0.0,0.000778162264287058,1.0803288519845407e-05,0.004332988732473854,1306
36005016100.0,36005016100.0,0.0,0.0017745386074278016,1.716317923611224e-05,0.011336419080367276,222
36005016300.0,36005016300.0,0.004366812227074236,0.0016463830995642325,4.599460834398171e-05,0.009475203071681738,229
