geoid,tract_id,empirical_estimate,at_least_one_positive_image_by_area,at_least_one_positive_image_by_area_CI_lower,at_least_one_positive_image_by_area_CI_upper,n_images_by_area
36061000100.0,36061000100.0,,0.0,0.0,0.0,0
36061000201.0,36061000201.0,0.0,0.2543329970491735,0.002940594886292594,0.9655287829080439,345
36061000600.0,36061000600.0,0.0022172949002217295,1.0,1.0,1.0,902
36061001401.0,36061001401.0,0.0,0.1952435869658521,0.0036928071655529526,0.8791522563063844,259
36061001402.0,36061001402.0,0.0,0.2730665026721459,0.007165993766882544,0.9495668585668343,705
36061001800.0,36061001800.0,0.0,0.38135944775565783,0.013821158888963191,0.9900168290531692,1783
36061002201.0,36061002201.0,0.0,0.20992466975448096,0.006158393080044469,0.847105793920891,422
36061002601.0,36061002601.0,0.0,0.11209093979294435,0.0017428815137613268,0.6279105119496453,164
36061002602.0,36061002602.0,0.0,0.0717140306248232,0.00038131757093355645,0.500952528931661,107
36061002800.0,36061002800.0,0.0,0.12452373904451215,0.0005880927372867911,0.7650592028993668,261
36061003100.0,36061003100.0,0.0,0.43576352186529554,0.03239093319728403,0.9913282744982176,1285
36061003200.0,36061003200.0,0.0,0.18201036547852928,0.004770263958212786,0.7908318725885782,628
36061003300.0,36061003300.0,0.000877963125548727,0.5325471995593768,0.016851494790292996,0.9999913248532479,2278
36061003400.0,36061003400.0,0.0,0.17920214356861594,0.0024549553942716518,0.8504638409353018,674
36061003601.0,36061003601.0,0.0,0.20129628420068466,0.003453147144063318,0.8914752414881187,669
36061003602.0,36061003602.0,0.001451378809869376,0.21427174742520533,0.00351112372315483,0.9439918307916136,689
36061003700.0,36061003700.0,0.0003429355281207133,0.4636795760915553,0.01813876295920248,0.9992093119905998,2916
36061003900.0,36061003900.0,0.002234137622877569,0.7161933532629622,0.011518664510283775,0.9999999999990395,2238
36061004001.0,36061004001.0,0.0,0.1826673332862278,0.0018602144602933386,0.8767444587174458,728
36061004002.0,36061004002.0,0.0,0.10838512688091598,0.0012145059799285346,0.6569531874728014,428
36061004100.0,36061004100.0,0.001059322033898305,0.37161523083174747,0.012566744958563131,0.9954598159729553,944
36061004300.0,36061004300.0,0.0,0.2241639959343821,0.004787923082047732,0.8980222933369363,891
36061004500.0,36061004500.0,0.0,0.2617167264907231,0.007988016093159281,0.9398332588078069,737
36061005200.0,36061005200.0,0.0,0.1718312179365621,0.0033878795785863306,0.7966413279765477,861
36061005400.0,36061005400.0,0.0,0.24657294331626686,0.007193341383022306,0.9064361733731501,1336
36061005501.0,36061005501.0,0.0,0.16049068980866918,0.0016170287204152506,0.8355425175123259,649
36061005502.0,36061005502.0,0.0,0.22600444273384657,0.005610390742078672,0.891313793238275,1265
36061005800.0,36061005800.0,0.0,0.26967762852564675,0.0073872931807588025,0.9457329396546958,1450
36061006300.0,36061006300.0,0.0,0.22989389986700007,0.006240120031449831,0.8967005672025834,1162
36061006500.0,36061006500.0,0.0,0.22953209002887426,0.006043046538704197,0.8953385924276089,1134
36061006700.0,36061006700.0,0.0,0.2640225962199359,0.006733157392242522,0.9447348338733482,1113
36061006800.0,36061006800.0,0.0,0.2355215051975937,0.007037123892690067,0.9026363490650955,1122
36061007001.0,36061007001.0,0.0,0.24261945144186894,0.003252902462832269,0.9570688371168399,252
36061007002.0,36061007002.0,0.0011614401858304297,0.3510598510290149,0.005722051884637741,0.9973835133865065,861
36061007100.0,36061007100.0,0.0,0.23851084118872332,0.004945042097889482,0.9259784880987544,882
36061007200.0,36061007200.0,0.0,0.3052854713792167,0.00980290328215828,0.9651945187657573,1404
36061007300.0,36061007300.0,0.0009699321047526673,0.34495199931982434,0.012148150594577087,0.9818453414754179,1031
36061007600.0,36061007600.0,0.0,0.2420119546430111,0.006016542507294451,0.9242567975196545,1028
36061007700.0,36061007700.0,0.003092783505154639,0.5781072029555593,0.014564890036179116,0.9999984685389202,970
36061007800.0,36061007800.0,0.0013169446883230904,0.6920906231158108,0.04327339281819118,0.9999999953072182,2278
36061008000.0,36061008000.0,0.0,0.41976740797498785,0.017918124153658222,0.9936519199895738,2116
36061008100.0,36061008100.0,0.0008771929824561404,0.3533914510655721,0.007682878182172371,0.9960621410888386,1140
36061008200.0,36061008200.0,0.0021586616297895305,0.3951631224937511,0.013047993305090568,0.9956502230280351,1853
36061008300.0,36061008300.0,0.0,0.3952713369141456,0.012591437764274346,0.9952560367846875,885
36061008400.0,36061008400.0,0.0,0.31406563143893956,0.012045582665358597,0.965869941799741,1401
36061008700.0,36061008700.0,0.002224694104560623,0.3075083661349083,0.005633402107419738,0.9906939540649284,899
36061008900.0,36061008900.0,0.0,0.30223516485033797,0.005702455246256843,0.9805214840476726,888
36061009100.0,36061009100.0,0.0,0.3236063064200069,0.008231318394189602,0.9804918634811758,1458
36061009200.0,36061009200.0,0.0,0.4187543614551758,0.01757517271278825,0.9950016908880693,1650
36061009300.0,36061009300.0,0.0,0.3821343638903112,0.012843661182650613,0.9930043282369214,1039
36061009400.0,36061009400.0,0.0032658393207054214,0.692506929398867,0.02314267167826897,0.9999999998867259,1531
36061009500.0,36061009500.0,0.000881057268722467,0.359912366138454,0.008041045887245407,0.9968151331381216,1135
36061009600.0,36061009600.0,0.0,0.33432758804571955,0.011742038804908908,0.9788241273684432,1098
36061009700.0,36061009700.0,0.0010162601626016261,0.4663945932355387,0.016833898915359063,0.999395034587322,984
36061009902.0,36061009902.0,0.005780346820809248,0.8971803700810175,0.05196430917663437,0.9999999999999983,865
36061010000.0,36061010000.0,0.0007072135785007072,0.5508905054922383,0.03156795106989224,0.9998607664858181,1414
36061010100.0,36061010100.0,0.0021231422505307855,0.4347142773919142,0.007433701702527976,0.9999366222469636,942
36061010200.0,36061010200.0,0.0007936507936507937,0.48952973014726503,0.020614111639706525,0.9995525018755707,1260
36061010400.0,36061010400.0,0.0,0.403831555659197,0.017280641149943356,0.9937766862398969,1130
36061010801.0,36061010801.0,0.00390625,0.29781779888812526,0.0031821313721166976,0.9927118734722211,256
36061010802.0,36061010802.0,0.0,0.22623143877141266,0.001779749760970778,0.9485537273377328,230
36061010803.0,36061010803.0,0.004048582995951417,0.5848204664726918,0.008960852657478022,0.999999429612558,494
36061010900.0,36061010900.0,0.0,0.348526377100189,0.010034067900857133,0.9861558481865904,1669
36061011201.0,36061011201.0,0.0,0.36191016479538085,0.011079706266090459,0.990206042057229,639
36061011202.0,36061011202.0,0.0033222591362126247,0.5745872578307404,0.019680175754954336,0.9999954911403831,602
36061011203.0,36061011203.0,0.0,0.3728328340765312,0.012803963286467648,0.9856841520340277,648
36061011300.0,36061011300.0,0.0,0.2491228082686367,0.004761420249275944,0.9419177820685032,914
36061011402.0,36061011402.0,0.0,0.40210898131836365,0.018264611594245694,0.9936368816187799,754
36061011800.0,36061011800.0,0.0,0.4812347177517093,0.03943276176958377,0.9955006728394031,686
36061011900.0,36061011900.0,0.0,0.25215384745572167,0.005033496971191043,0.9466089481342543,952
36061012000.0,36061012000.0,0.0013175230566534915,0.451261775856963,0.019527252742914857,0.9988748918101918,759
36061012101.0,36061012101.0,0.0,0.1922523786208627,0.0021738052738482284,0.895078828996253,563
36061012102.0,36061012102.0,0.0,0.21004846892977302,0.0028990871273688545,0.9266964539060011,511
36061012200.0,36061012200.0,0.0008665511265164644,0.534124956649535,0.02154674300959065,0.9999072947929175,1154
36061012500.0,36061012500.0,0.0029791459781529296,0.3592617964224279,0.007232421836375328,0.9968463948202376,1007
36061012601.0,36061012601.0,0.0051813471502590676,0.65846587397384,0.04414801930082687,0.9999932574174634,193
36061012602.0,36061012602.0,0.0,0.359006291448306,0.0082951500568815,0.9931736858363309,412
36061012700.0,36061012700.0,0.0018814675446848542,0.2786226771704837,0.007650215120569454,0.9474190161262658,1063
36061013000.0,36061013000.0,0.0,0.4238239567187031,0.016809018399554308,0.9963368465024712,947
36061013100.0,36061013100.0,0.0025167785234899327,0.5808994243675819,0.01208682535509365,0.9999999634830831,1192
36061013201.0,36061013201.0,0.015463917525773196,1.0,1.0,1.0,388
36061013202.0,36061013202.0,0.023255813953488372,1.0,1.0,1.0,344
36061013300.0,36061013300.0,0.002244668911335578,0.32923662729157926,0.006891761334850255,0.9923512906604646,891
36061013601.0,36061013601.0,0.007220216606498195,1.0,1.0,1.0,277
36061013602.0,36061013602.0,0.0,0.500977269727097,0.020269080199911547,0.999385659703626,209
36061014801.0,36061014801.0,0.0,0.16107453184572912,0.003265275957956529,0.7888976157219205,139
36061014900.0,36061014900.0,0.0,0.42316475026730566,0.014574302988180339,0.9968502860192501,1147
36061015001.0,36061015001.0,0.0,0.27915898043256165,0.00536799235660689,0.9687182052905665,310
36061015002.0,36061015002.0,0.0,0.3218046405874365,0.00855160292417358,0.9787618395793518,424
36061015101.0,36061015101.0,0.00784313725490196,0.4182066006916377,0.0021119394023927764,0.9999782759176364,255
36061015301.0,36061015301.0,0.0,0.27445859932189454,0.0026265207935722706,0.9812058230794376,347
36061015302.0,36061015302.0,0.002288329519450801,0.2715041133109063,0.0035608682507005302,0.9704957362196504,437
36061015401.0,36061015401.0,0.0,0.22549554302697725,0.0046382005633163696,0.9075568531522815,131
36061015402.0,36061015402.0,0.0,0.231570600515977,0.001694980053962189,0.9658893938910678,173
36061015403.0,36061015403.0,0.0,0.14597952863420183,0.0008718617852216143,0.8326728699037168,91
36061015501.0,36061015501.0,0.0,0.18547040434167358,0.0018894550754585044,0.8828738032015208,233
36061015601.0,36061015601.0,0.0,0.30241268340833966,0.00857364768403313,0.9686929648381578,346
36061015602.0,36061015602.0,0.0,0.29455724343568956,0.008587875523623568,0.9662273393627367,294
36061015700.0,36061015700.0,0.0,0.4276544179292645,0.016942591914212844,0.9961790784456994,861
36061015801.0,36061015801.0,0.0,0.30571063944244015,0.012223816159598277,0.9609083905624803,431
36061015802.0,36061015802.0,0.0,0.2281828233482648,0.005567043507344441,0.9014315930884461,194
36061016001.0,36061016001.0,0.0,0.3768915812988599,0.012293967324835911,0.993361293348974,585
36061016100.0,36061016100.0,0.0,0.38434658483304845,0.011033718358408514,0.9927098426233,591
36061016200.0,36061016200.0,0.0004923682914820286,1.0,1.0,1.0,2031
36061016400.0,36061016400.0,0.0,0.3441979039322554,0.00885614608979142,0.9888423394165066,447
36061016500.0,36061016500.0,0.0,0.4221031759799556,0.014702436678659527,0.9956647820755705,815
36061016600.0,36061016600.0,0.0030864197530864196,0.43638712903718935,0.01297623865458345,0.9990577204129404,324
36061016900.0,36061016900.0,0.0,0.38426840784957744,0.010435261176694044,0.993392318976148,664
36061017000.0,36061017000.0,0.0,0.35898203173214455,0.0074913869526721105,0.9929555108994262,394
36061017100.0,36061017100.0,0.0,0.3134299698616549,0.004302656612332695,0.987370136460634,535
36061017200.0,36061017200.0,0.0,0.2948932553626855,0.012077608815949301,0.9588487131220956,264
36061017300.0,36061017300.0,0.0,0.35788110818167834,0.0072792496228881514,0.9915043802017998,478
36061017401.0,36061017401.0,0.0,0.3435593717777947,0.009269707604424771,0.9841397667569137,299
36061017402.0,36061017402.0,0.0,0.2104218976765519,0.00326608707866248,0.9167300071582665,149
36061017500.0,36061017500.0,0.004081632653061225,0.6095125893500988,0.005944319716656929,0.9999998696421732,490
36061017700.0,36061017700.0,0.002150537634408602,0.46676014266120164,0.007172820571212252,0.9998860290684813,465
36061018000.0,36061018000.0,0.002053388090349076,1.0,1.0,1.0,487
36061018100.0,36061018100.0,0.0,0.312825825882168,0.005733799098112796,0.9856378643651993,517
36061018400.0,36061018400.0,0.0,0.3130924070407348,0.010983085159895673,0.9684311056717626,520
36061018600.0,36061018600.0,0.006993006993006993,0.17240180606644553,0.003001939482672955,0.8256883439283158,143
36061018700.0,36061018700.0,0.0,0.2531822270155013,0.002324631217296086,0.9681230638433892,577
36061019300.0,36061019300.0,0.0,0.3112939504070782,0.01028596848383111,0.9684942774320229,606
36061019600.0,36061019600.0,0.0,0.4037555246568503,0.01843972579734523,0.9917785272118972,552
36061019702.0,36061019702.0,0.0,0.2091227307225644,0.003126995685462289,0.9092456798018318,214
36061019900.0,36061019900.0,0.0,0.28357365160588877,0.004991803442106849,0.9699074298342173,363
36061020500.0,36061020500.0,0.004210526315789474,1.0,1.0,1.0,475
36061020600.0,36061020600.0,0.0,0.3176675772191199,0.009176256233682619,0.9790809104183715,373
36061020701.0,36061020701.0,0.0,0.09766704033446365,0.0009910432300530181,0.6052800679842596,84
36061020800.0,36061020800.0,0.004975124378109453,0.27407134050208387,0.0038720114038725524,0.9791718241981924,201
36061021303.0,36061021303.0,0.0,0.1344341871713589,0.0021909857942445043,0.7160535890968012,178
36061021500.0,36061021500.0,0.0,0.09345811437004388,0.0013227994924146502,0.5578458195830677,104
36061021600.0,36061021600.0,0.0,0.24027589090266574,0.006320249945356277,0.9185793494813901,324
36061021703.0,36061021703.0,0.0,0.09491706252357296,0.002764797855449766,0.495946898723844,128
36061021800.0,36061021800.0,0.0,0.24128436653291074,0.005532802672300071,0.9331960491873547,431
36061022000.0,36061022000.0,0.0,0.19379628550548456,0.002449940071172577,0.8917094490290132,311
36061022102.0,36061022102.0,0.0,0.1359132896589502,0.002094253927437964,0.7256835220423831,157
36061022200.0,36061022200.0,0.0,0.2412592834751551,0.005353029309804908,0.9280337319535669,423
36061022301.0,36061022301.0,0.0,0.2043677683695467,0.0011822289490932725,0.9336965390643936,358
36061022400.0,36061022400.0,0.002890173410404624,0.2850004463309787,0.005451444294769714,0.9810002571342565,346
36061022600.0,36061022600.0,0.0,0.16940342610198564,0.00230021830564742,0.8393417139551523,204
36061022800.0,36061022800.0,0.0,0.19773925256304406,0.0033502763128616664,0.8890576870309151,292
36061023100.0,36061023100.0,0.0,0.19359644494616712,0.005963065930824585,0.8292304782770188,198
36061023400.0,36061023400.0,0.0,0.1556926402033376,0.0027989923156306966,0.7857779078863651,117
36061023502.0,36061023502.0,0.0,0.13789465996807632,0.0025357605958807815,0.7255601463525987,39
36061024301.0,36061024301.0,0.0,0.2603771454655229,0.006790701631172772,0.9435061100274473,62
36061024900.0,36061024900.0,0.0,0.28568860488141,0.005022216608977817,0.9774861365903879,109
36061025500.0,36061025500.0,0.015360983102918587,1.0,1.0,1.0,1302
36061026500.0,36061026500.0,0.008036739380022962,0.9990001712535092,0.9980290069972801,1.0,871
36061026700.0,36061026700.0,0.0,0.1733750529394774,0.0008440738488922711,0.9079077648241539,46
36061026900.0,36061026900.0,0.0,0.3467954572298907,0.010250947108242313,0.9858272056693423,171
36061027100.0,36061027100.0,0.0,0.41398233228861064,0.02069773397765681,0.9923177402002633,192
36061029300.0,36061029300.0,0.0,0.24778805489716388,0.0016829778747636081,0.9758706891483301,280
36061029500.0,36061029500.0,0.0,0.1479956350174611,0.0008718549116118774,0.8573476371302565,86
36005000200.0,36005000200.0,0.0,0.11043723631496359,0.000415752909189937,0.7266778612312269,106
36005001600.0,36005001600.0,0.0,0.14351919423529233,0.0013866961456547645,0.780115945873863,220
36005001904.0,36005001904.0,,0.0,0.0,0.0,0
36005002002.0,36005002002.0,0.0,0.0767431449747855,0.0006564923445011361,0.5067591321195071,86
36005002300.0,36005002300.0,0.0,0.3937440413762708,0.012419073169037925,0.9945878427237338,99
36005002500.0,36005002500.0,0.0,0.4580590234750123,0.021751207162678022,0.9978739886330095,225
36005002701.0,36005002701.0,0.0,0.1869135148756046,0.0012655595396477066,0.9265052821664606,31
36005002702.0,36005002702.0,0.0,0.42882983293557136,0.024996766018657475,0.9929729366197532,176
36005003800.0,36005003800.0,0.0,0.07422871329332555,0.00013674455418868914,0.6076065562785617,52
36005003900.0,36005003900.0,0.0,0.4769639130836594,0.02869941678858349,0.9982418345549329,285
36005004001.0,36005004001.0,0.0,0.09700890773349738,0.00044873589754488853,0.6673906323104652,70
36005004200.0,36005004200.0,0.0,0.41344334651463815,0.022934968443968053,0.9895025330167854,1573
36005004400.0,36005004400.0,0.0,0.24654204962729254,0.00776261498212342,0.9065903087102134,344
36005004600.0,36005004600.0,0.0,0.19040392194510564,0.002868286775166945,0.8723708987921622,281
36005004800.0,36005004800.0,0.0,0.2721027440990526,0.011619490954591152,0.9255789427394999,245
36005005001.0,36005005001.0,0.0,0.05409907526977869,0.00020720410810460277,0.4267378256597326,22
36005005002.0,36005005002.0,0.0,0.09761334480722489,0.0004736102363238043,0.6746600498073227,47
36005005400.0,36005005400.0,0.0,0.14549796331334763,0.002003375877398525,0.7750484179043583,121
36005006302.0,36005006302.0,0.0,0.29612552867709785,0.008447788114424672,0.9682032573371281,289
36005006400.0,36005006400.0,0.029585798816568046,1.0,1.0,1.0,169
36005006500.0,36005006500.0,0.0,0.4131809203621956,0.02600053891416904,0.9895611957734298,360
36005006800.0,36005006800.0,0.0,0.30827629466380574,0.007766274235069407,0.9747333408759318,175
36005007000.0,36005007000.0,0.0,0.1528964378087462,0.0016613026107295565,0.821241220450036,81
36005007200.0,36005007200.0,0.0023923444976076554,0.38061093858858064,0.01346741713826963,0.9938624591643247,418
36005007400.0,36005007400.0,0.0,0.05559746433334051,0.00023564903576909493,0.42920906748066173,47
36005007600.0,36005007600.0,0.0,0.2916246728529026,0.008065600778517493,0.9633753578686983,139
36005007900.0,36005007900.0,0.0,0.21748292373783676,0.006978347786308229,0.8623640618038616,202
36005008400.0,36005008400.0,0.0,0.11046738467367866,0.00021090588962233148,0.765290147023259,89
36005008500.0,36005008500.0,0.0,0.21609154154737695,0.006589149726937307,0.8741705955004556,215
36005008600.0,36005008600.0,0.0,0.07764935499683952,0.00021935139672724923,0.5919692559792143,56
36005008700.0,36005008700.0,0.0,0.13968442580142315,0.0025916678937310395,0.7238090521580627,135
36005009200.0,36005009200.0,0.0,0.2735355108195368,0.008496097672189706,0.9428203320926493,400
36005011702.0,36005011702.0,0.03278688524590164,0.7268823224474698,0.02908308681640259,0.9999992812407899,61
36005011900.0,36005011900.0,0.0,0.18886350728834364,0.0047974856306196075,0.8365437965421971,238
36005012101.0,36005012101.0,0.0,0.13585084394294628,0.00040471742455834017,0.855136316174724,118
36005012102.0,36005012102.0,0.0,0.08705406324063847,0.0004823664325475124,0.6085926512058225,68
36005012500.0,36005012500.0,0.0,0.09948900104512745,0.0011209134013426825,0.595662573074025,103
36005012901.0,36005012901.0,0.0,0.09489993704227075,0.0017849496509738632,0.5367879141454425,88
36005013000.0,36005013000.0,0.0,0.08392013779656485,0.00029472641284140346,0.6183791208655705,54
36005013100.0,36005013100.0,0.0,0.1304483398036881,0.001852362682858133,0.7331034079976754,137
36005013200.0,36005013200.0,0.0,0.1416374247670466,0.0005087432855696184,0.8427579607651664,79
36005013300.0,36005013300.0,0.0,0.14370083466923417,0.002795071453825132,0.7479237537609138,139
36005013500.0,36005013500.0,0.0,0.10612406029631948,0.0011591174288980404,0.643985923250474,94
36005014400.0,36005014400.0,0.0,0.1968495383708427,0.0015437508871217781,0.91601869101257,165
36005014900.0,36005014900.0,0.0,0.12338472404634078,0.002413442045465067,0.6466532168829688,112
36005015200.0,36005015200.0,0.0,0.23555180694537348,0.004121424766381954,0.9238734037762459,275
36005015300.0,36005015300.0,0.0,0.16576947198488784,0.0024195644085835966,0.8173654545194357,189
36005015800.0,36005015800.0,0.0,0.14656346136331574,0.0008682889170233798,0.8313908498926669,140
36005016000.0,36005016000.0,0.0,0.19520949259185957,0.002085078075792715,0.909252345198652,206
36005016200.0,36005016200.0,0.0,0.0920388827781111,0.0005059454704984007,0.6202680622113145,68
36005016400.0,36005016400.0,0.0,0.11649590734913542,0.001283873622199283,0.6954134976430374,96
36005017100.0,36005017100.0,0.0,0.04892123896465076,0.0005847960613041409,0.31747697637833916,19
36005017500.0,36005017500.0,0.0,0.19892179550298222,0.003942539695910241,0.8706549037747878,127
36005017901.0,36005017901.0,0.0,0.11500424228880406,0.0016947506126915202,0.6541690178192698,49
36005017902.0,36005017902.0,0.018518518518518517,0.3305570866746463,0.002617279683257784,0.9943800798879536,54
36005018101.0,36005018101.0,0.0,0.1300516597923063,0.0015372240296653878,0.7531875458302758,67
36005018102.0,36005018102.0,0.0,0.19655012872480956,0.0027040234213206948,0.8966390135868982,137
36005018302.0,36005018302.0,0.0,0.16716056365593093,0.004030618275611575,0.7805151817312216,107
36005018400.0,36005018400.0,0.0,0.2305498326684001,0.002448966153821411,0.952192134127213,238
36005019700.0,36005019700.0,0.0,0.20831503053946795,0.007052369577688164,0.8432404192564402,151
36005020200.0,36005020200.0,0.0,0.15561775989685747,0.0006485684970293643,0.8770251153330667,76
36005020400.0,36005020400.0,0.0045662100456621,0.3398708126835927,0.009944130630992995,0.990072527076417,219
36005020601.0,36005020601.0,0.0,0.15083743039676611,0.0020897916201152167,0.7992480071419428,107
36005020900.0,36005020900.0,0.0,0.22677142294551259,0.006078181450503167,0.8969302441782598,153
36005021002.0,36005021002.0,0.0,0.23520501674322777,0.003560298891917968,0.936045107750449,221
36005021301.0,36005021301.0,0.0,0.20452405917109212,0.004921181889082982,0.8548927652156265,183
36005021302.0,36005021302.0,0.0,0.2458364780730064,0.006740466130306011,0.9192236439375668,248
36005021501.0,36005021501.0,0.014285714285714285,0.12791124852434219,0.0009641126935342192,0.7724164009838975,70
36005021800.0,36005021800.0,0.0010976948408342481,1.0,1.0,1.0,911
36005021900.0,36005021900.0,0.0,0.15867822649578894,0.0026697914381722506,0.7936878017330422,105
36005022101.0,36005022101.0,0.0,0.14108336983823946,0.00046098330612486524,0.8615410780947094,49
36005022102.0,36005022102.0,0.0,0.21505717104920286,0.0021876239153354542,0.9310443616549791,80
36005022300.0,36005022300.0,0.0,0.23653057395846863,0.0024836851912643345,0.9454404795660453,100
36005022403.0,36005022403.0,0.0,0.40615202082369417,0.025543808454726702,0.9872287407571998,243
36005022404.0,36005022404.0,0.014285714285714285,0.6065411841218726,0.02104561023990993,0.9999889644406881,70
36005022500.0,36005022500.0,0.012658227848101266,0.6075427085599873,0.011238638592210191,0.9999942038750749,158
36005022702.0,36005022702.0,0.0,0.2634862863321543,0.008156164099944482,0.9269578844786468,219
36005022703.0,36005022703.0,0.0078125,0.3692318662461456,0.0038837165115002434,0.9979531598076391,128
36005022800.0,36005022800.0,0.0,0.3269647829497997,0.012531556555084769,0.9734594971226116,152
36005022902.0,36005022902.0,0.0,0.23268894180255806,0.005511595929715387,0.9070898147516003,194
36005023200.0,36005023200.0,0.0,0.31484123551488,0.008358571878930878,0.9797110095664854,137
36005023301.0,36005023301.0,0.0,0.10608791233213971,0.0014590733421262602,0.6342969638581537,105
36005023600.0,36005023600.0,0.0,0.28795409509079933,0.007229785100605302,0.9679215614744264,63
36005023704.0,36005023704.0,0.0,0.06899708074855557,0.0005767560999660915,0.45429361298580934,64
36005023900.0,36005023900.0,0.0,0.11078904309145717,0.001619540541781836,0.6426075916250449,117
36005024100.0,36005024100.0,0.0,0.12330487292348044,0.002438846103113626,0.648167728578538,153
36005024300.0,36005024300.0,0.0,0.130082499797668,0.002347144607905452,0.6879386217097094,113
36005024400.0,36005024400.0,0.0,0.23878519682834382,0.0075570506862798065,0.9014871487081974,127
36005024501.0,36005024501.0,0.0,0.12999410461579158,0.002436309507318674,0.6797612238529928,98
36005024502.0,36005024502.0,0.0,0.10604546356593703,0.0006950441160796794,0.678004592062128,62
36005024600.0,36005024600.0,0.0,0.17534949784175136,0.005739417790422222,0.7789671805193592,75
36005024800.0,36005024800.0,0.0,0.3185472390650894,0.013530565928768112,0.9571180248494942,275
36005024900.0,36005024900.0,0.0,0.09507203300877548,0.0009385670640351202,0.5906864884946778,57
36005025000.0,36005025000.0,0.0,0.2007499013471749,0.0034799738729398262,0.8865337767222224,123
36005025100.0,36005025100.0,0.0,0.15760658773781466,0.0025787840811194148,0.7810410436838711,155
36005025200.0,36005025200.0,0.0,0.18145951241926056,0.0039059178342148587,0.8509161258080575,109
36005025300.0,36005025300.0,0.0,0.12743110056553755,0.0014855819037658201,0.7364783281025912,101
36005025400.0,36005025400.0,0.0,0.1864981372857647,0.0018493944702052208,0.9025387903330185,106
36005026500.0,36005026500.0,0.0,0.20332575677673076,0.008147503602491283,0.8179298832538999,216
36005026601.0,36005026601.0,0.012195121951219513,0.5472873076656523,0.006183361647582186,0.9999852699333769,82
36005026602.0,36005026602.0,0.00558659217877095,0.3807677818696759,0.012391174317254994,0.9933510515991424,179
36005026701.0,36005026701.0,0.0,0.1665499958951062,0.002598398437130517,0.8291361535017006,85
36005026702.0,36005026702.0,0.0,0.19550730695872806,0.003662357886033046,0.869843236113777,99
36005027300.0,36005027300.0,0.0,0.4711188146366453,0.036984563302725704,0.9949085977598916,350
36005027700.0,36005027700.0,0.003236245954692557,0.6551860307015093,0.045029368728576866,0.9999928534097909,309
36005027900.0,36005027900.0,0.0,0.5619453480025617,0.04306061427500161,0.9996934757837755,342
36005028600.0,36005028600.0,0.0,0.18600494725979183,0.003437856588870672,0.8489204440706306,92
36005028700.0,36005028700.0,0.0,0.35241983628770684,0.01026430678774963,0.9881448843291303,73
36005028800.0,36005028800.0,0.0,0.07533108453105239,0.0014520606700681228,0.44382134355958586,35
36005029600.0,36005029600.0,0.002176278563656148,1.0,1.0,1.0,919
36005030000.0,36005030000.0,0.0,0.42036164703428747,0.008880527159908664,0.9982704754988194,178
36005030100.0,36005030100.0,0.0,0.17307472418806377,0.0009188832632923333,0.9027474662129464,45
36005030201.0,36005030201.0,0.0,0.4585582726407398,0.017871445309745267,0.9983238121211796,327
36005030701.0,36005030701.0,0.0,0.20172079327661432,0.003533408386047976,0.8902579567696396,65
36005030900.0,36005030900.0,0.02702702702702703,0.2962838361456315,0.0014435870117409406,0.9914868592569201,37
36005031200.0,36005031200.0,0.0,0.21683274843051495,0.0015404803167745396,0.9567196868854854,108
36005031400.0,36005031400.0,0.0,0.21466317199603271,0.0021733772409698038,0.9357185778624862,142
36005031600.0,36005031600.0,0.0,0.13462283946991516,0.00196797561429671,0.7249393093644385,73
36005031800.0,36005031800.0,0.0,0.12326408674876684,0.0010836488569444525,0.7177066836577997,59
36005031900.0,36005031900.0,0.0,0.17759572219048406,0.00026290008343213825,0.9531031402425363,37
36005032400.0,36005032400.0,0.0,0.20205271387398097,0.008651989428224632,0.8140616973123528,138
36005032600.0,36005032600.0,0.0,0.2641214572865526,0.007277439430369637,0.9352079987411467,253
36005032800.0,36005032800.0,0.0,0.2697213808599966,0.009802694516923621,0.9287797876340351,196
36005033000.0,36005033000.0,0.0,0.4015728776948274,0.02567115985084164,0.9847377900487662,262
36005033201.0,36005033201.0,0.0,0.3372434858502427,0.007612736068782941,0.9894039605651876,143
36005033202.0,36005033202.0,0.0,0.1810674519585894,0.001700366212697088,0.8871919784074425,40
36005033601.0,36005033601.0,0.0,0.2968164681524965,0.0062597818931678815,0.978111412679859,109
36005033602.0,36005033602.0,0.0,0.13461478804988086,0.0015558950373183195,0.7619070986699764,22
36005033801.0,36005033801.0,0.0,0.17148896468949834,0.002891655045039751,0.8313860904392004,60
36005033802.0,36005033802.0,0.0,0.09498193815800612,0.0011352657773221891,0.5739768383596898,21
36005034000.0,36005034000.0,0.0,0.2158282027095383,0.0066061781714235384,0.8667058711018044,129
36005034200.0,36005034200.0,0.0,0.23952042809225477,0.004983744273764893,0.9370458454332488,203
36005034300.0,36005034300.0,0.0,0.24987855263243208,0.0011585799777071692,0.9810293485721923,85
36005034400.0,36005034400.0,0.0,0.18164843233113528,0.001557284932420594,0.9019991565196772,129
36005034800.0,36005034800.0,0.004201680672268907,0.2376706657398825,0.005143128841598654,0.92808553392263,238
36005035900.0,36005035900.0,0.0,0.2760097968037974,0.00784038726819911,0.9516944384536157,221
36005036000.0,36005036000.0,0.0,0.2721840162494182,0.008251468127509065,0.952416987288516,175
36005036300.0,36005036300.0,0.0,0.3159362357792089,0.009184139595343916,0.9766097794205006,188
36005036400.0,36005036400.0,0.0,0.14812089513158588,0.0021281823117503566,0.7847547141980583,96
36005036501.0,36005036501.0,0.0,0.1499696045943812,0.002128056947585999,0.7723840276837032,60
36005036800.0,36005036800.0,0.0,0.14153689691068666,0.0020020658315168444,0.7664056903911011,85
36005036901.0,36005036901.0,0.0,0.13049894684289043,0.003101238042989868,0.6457771073003932,117
36005036902.0,36005036902.0,0.0,0.12746046664504682,0.0011112992889506124,0.7448023357354298,91
36005037000.0,36005037000.0,0.0,0.11140347086213599,0.0014416184652666392,0.6585783494942914,61
36005037100.0,36005037100.0,0.0,0.20322262328946344,0.0051850828839378775,0.8622347910852602,129
36005037200.0,36005037200.0,0.0,0.26076746342864904,0.008086757613770174,0.938434614041681,174
36005037300.0,36005037300.0,0.0,0.19156786358808062,0.002162009745534288,0.8992337219327513,175
36005037400.0,36005037400.0,0.0,0.35448463539661795,0.01773465477277576,0.9763465031719382,130
36005037504.0,36005037504.0,0.0,0.16974831452132275,0.001724314195452581,0.8694763124824998,178
36005038200.0,36005038200.0,0.0,0.17003463150562828,0.0023745686773544994,0.8378995179053927,109
36005038301.0,36005038301.0,0.0,0.12243416893166167,0.0020504516087012344,0.6748897334894596,162
36005038600.0,36005038600.0,0.0,0.284711369557113,0.012702256938818008,0.9346058727675943,267
36005038700.0,36005038700.0,0.0,0.1931694953524539,0.003744710541852606,0.8615900832081818,239
36005038800.0,36005038800.0,0.0,0.1636633984913795,0.0019103200951755745,0.8480469010551747,94
36005039000.0,36005039000.0,0.0,0.20647886431714388,0.00477084875663743,0.8792543029219361,113
36005039100.0,36005039100.0,0.0,0.18689246853295427,0.002822945209161898,0.8640574582234358,179
36005039200.0,36005039200.0,0.0,0.2256311986471685,0.003768148651620357,0.9237423167991079,63
36005039400.0,36005039400.0,0.0,0.23565612830730423,0.004310902379942011,0.9371876624788483,69
36005039600.0,36005039600.0,0.0,0.26035575896082025,0.006715268591074908,0.9401745052535353,164
36005039800.0,36005039800.0,0.0,0.2033961663502208,0.004785572679913577,0.867777756418871,143
36005040302.0,36005040302.0,0.0,0.15374511173482314,0.00244167399495491,0.7941690511030159,149
36005040303.0,36005040303.0,0.0,0.1721032514275902,0.002543974741137775,0.8461807510942603,140
36005040304.0,36005040304.0,0.0,0.1649721000081208,0.0024771523795571408,0.8254258160687076,150
36005040400.0,36005040400.0,0.0,0.19826459427149656,0.004404936705297088,0.8530404009121508,104
36005040501.0,36005040501.0,0.0,0.0895147873686266,0.001087126159075516,0.5341445430163078,66
36005040502.0,36005040502.0,0.0,0.14869429594113656,0.0010426579976128003,0.8384185979587606,108
36005040600.0,36005040600.0,0.0,0.23024937910374274,0.005216694345418338,0.9125356573538471,122
36005040701.0,36005040701.0,0.0,0.17360227136047773,0.002572826340337475,0.8370618220944306,128
36005040702.0,36005040702.0,0.0,0.3329976940754258,0.01929294345756891,0.9496281676603594,324
36005040800.0,36005040800.0,0.0,0.21763433122336132,0.0035210544297119505,0.9246519386929803,56
36005041500.0,36005041500.0,0.0,0.3082077634804682,0.007834760186290595,0.9731909925341914,180
36005041900.0,36005041900.0,0.0,0.45804731256526776,0.030583192401827407,0.99546827743819,476
36005042000.0,36005042000.0,0.0,0.31301574691735246,0.009447000677360767,0.9695959823716815,126
36005042200.0,36005042200.0,0.0,0.2010362195747062,0.005735873156301988,0.8504929061034263,88
36005042300.0,36005042300.0,0.0,0.36751432544124324,0.01577115313699228,0.9865066244725836,189
36005042400.0,36005042400.0,0.0,0.24961306030850228,0.0037177558480588845,0.947991211118889,127
36005042800.0,36005042800.0,0.0,0.13206450871184192,0.0005557109436421764,0.8061523879066144,37
36005042902.0,36005042902.0,0.0,0.45901304142324606,0.022226067026928698,0.9975902664795993,165
36005043000.0,36005043000.0,0.0,0.19425814308989403,0.0024099373441515137,0.8927489980698347,84
36005043101.0,36005043101.0,0.0,0.16786295860544304,0.0010372303858378396,0.8928427193340075,21
36005043400.0,36005043400.0,0.006666666666666667,0.23314350795520686,0.004296920806925975,0.9240920542584095,150
36005043600.0,36005043600.0,0.0,0.1731943048689833,0.0005790660391290281,0.9317241677569005,77
36005044200.0,36005044200.0,0.0,0.1934667519920947,0.0003340374771255733,0.9614417384357085,96
36005044400.0,36005044400.0,0.0,0.23057832528876815,0.0014066103850169237,0.9682031791920228,162
36005044800.0,36005044800.0,0.0,0.18398329580797104,0.0008537719283545769,0.9263187584376495,49
36005044901.0,36005044901.0,0.0,0.2924216814253764,0.0018154088756965339,0.9936754895176805,69
36005044902.0,36005044902.0,0.0,0.23726306253730559,0.002999883363909012,0.9546003931841115,52
36005045600.0,36005045600.0,0.0019138755980861245,0.8706594953362743,0.20371658341124754,0.9999999997252143,1045
36005045800.0,36005045800.0,0.0,0.24143869688685113,0.0053903603482286285,0.9299707152076224,126
36005046203.0,36005046203.0,0.0,0.5837013927581405,0.05581413068846194,0.9996557601389882,575
36005046204.0,36005046204.0,0.0,0.1429225384801613,0.0006611943310894625,0.8639979704126058,22
36005046206.0,36005046206.0,0.0,0.0541103684465108,0.00011063002339873341,0.4533235192489108,6
36005046207.0,36005046207.0,0.0,0.42066991421747596,0.012010787346746269,0.9970914300954926,273
36005046209.0,36005046209.0,0.013100436681222707,0.9334234462902463,0.3819390849373332,0.9999999999966083,229
36005048401.0,36005048401.0,0.0,0.4936313571821228,0.025365810554209278,0.9987755952271908,343
36005048402.0,36005048402.0,0.0,0.12990523464367337,0.0010416732107832699,0.7845558820407781,24
36005050400.0,36005050400.0,0.002586206896551724,1.0,1.0,1.0,1160
36081000200.0,36081000200.0,0.0,0.21397702483698294,0.003699247720080523,0.9164703759162455,223
36081000400.0,36081000400.0,0.0,0.16213724122877474,0.0024676909290013206,0.8101205187173565,230
36081000600.0,36081000600.0,0.0,0.2028368738249976,0.003541262249967128,0.8815656821144079,398
36081000702.0,36081000702.0,0.0,0.39923499656967015,0.01575106736621284,0.9935343291043577,695
36081000800.0,36081000800.0,0.003968253968253968,0.26377138328753197,0.0017292589217129616,0.9903200914225845,252
36081001000.0,36081001000.0,0.0,0.1059664237390657,0.0009713689457229252,0.6589282011451554,98
36081001200.0,36081001200.0,0.0,0.1647793098341569,0.0017871509172070143,0.8291270165144967,136
36081001600.0,36081001600.0,0.0,0.13332716620501528,0.0013272838614597521,0.7574608406616897,152
36081002400.0,36081002400.0,0.0,0.22466343564407107,0.0029936080644554137,0.9362928902112733,156
36081002600.0,36081002600.0,0.0,0.17818471888535087,0.0025082771341976397,0.852817895308744,113
36081002800.0,36081002800.0,0.007142857142857143,0.25671854659063836,0.0024595916997362218,0.9772676741717696,140
36081003000.0,36081003000.0,0.0,0.10122640975402375,0.0006398270295109781,0.6684712190797372,66
36081003100.0,36081003100.0,0.004246284501061571,0.7204667274770812,0.03358641707238985,0.9999999360580462,471
36081003200.0,36081003200.0,0.003067484662576687,0.20807666074624256,0.003830163392827568,0.8871191765407421,326
36081003302.0,36081003302.0,0.0,0.46478856945219843,0.02564303685958316,0.9969566580032061,1182
36081003800.0,36081003800.0,0.0,0.13779230063632028,0.002772949747772011,0.6927091713826901,209
36081004001.0,36081004001.0,0.0,0.22488484954682808,0.00397285911473686,0.9192957345027146,401
36081004002.0,36081004002.0,0.0,0.2712830071852385,0.004941571033769055,0.9656395039489444,299
36081004200.0,36081004200.0,0.0,0.19344800697056813,0.004658970855372396,0.8400346921257212,387
36081004300.0,36081004300.0,0.0,0.2125690401901348,0.00181066422533524,0.943857973620637,234
36081004500.0,36081004500.0,0.002717391304347826,0.34660759243870726,0.007961098500471293,0.9923644476707069,368
36081004700.0,36081004700.0,0.0024691358024691358,0.3933413371329226,0.003716482689599832,0.9996542652427668,405
36081005000.0,36081005000.0,0.0,0.08339499271017946,0.00021702736049388215,0.6242106028025964,41
36081005100.0,36081005100.0,0.0,0.28680544521800294,0.005239833166604696,0.9744319706831975,344
36081005200.0,36081005200.0,0.0,0.16265509745089862,0.001625787403860965,0.8389345604547632,216
36081005300.0,36081005300.0,0.0,0.23470552123849975,0.007770674208509023,0.8892635408535863,350
36081005500.0,36081005500.0,0.0,0.30359336534898296,0.009579112832683187,0.9646008146524121,266
36081005700.0,36081005700.0,0.0,0.27487501063723085,0.005561273880538126,0.9655183819863244,457
36081006300.0,36081006300.0,0.0,0.20344215880670558,0.006706077146436402,0.8418020702870528,356
36081006501.0,36081006501.0,0.0,0.15695740477053313,0.0011584491004427238,0.8584296582342239,189
36081006502.0,36081006502.0,0.0,0.1558672042800311,0.004445720299219086,0.7291632758512987,138
36081006900.0,36081006900.0,0.0,0.20106935638686546,0.004383572754777118,0.8621377522989006,426
36081007100.0,36081007100.0,0.0,0.2570721391633305,0.005136093596590072,0.9516144036180727,535
36081007300.0,36081007300.0,0.0,0.15235671160792827,0.002714442817295526,0.7870600538261223,223
36081007500.0,36081007500.0,0.0,0.1680231168220137,0.00307369651345015,0.8185291413220622,213
36081007700.0,36081007700.0,0.0,0.2357351052435642,0.004416500802186918,0.9314721150996298,282
36081007900.0,36081007900.0,0.0038314176245210726,0.2906350541678369,0.002494807622035103,0.9941510222859073,261
36081008300.0,36081008300.0,0.0,0.18120212531229019,0.003531133152647131,0.8403096049128057,315
36081008500.0,36081008500.0,0.0,0.2788135690255319,0.004860382064222827,0.9661498964024324,394
36081009400.0,36081009400.0,0.0,0.17868728606665982,0.003073354428059935,0.8363562498350193,127
36081009500.0,36081009500.0,0.0,0.2531080282035156,0.00441693718954192,0.9475003096391134,592
36081009600.0,36081009600.0,0.0,0.27640960967307654,0.0026585461361087193,0.9836780230838368,221
36081009700.0,36081009700.0,0.0,0.13098682745080928,0.0006428262899624865,0.8080906499918453,132
36081009800.0,36081009800.0,0.0,0.17315020125004124,0.004269503217931858,0.8124756652256602,177
36081010000.0,36081010000.0,0.0,0.22476698446881246,0.005768503047600121,0.8972589948069004,194
36081010100.0,36081010100.0,0.0,0.12615225691299362,0.0005452420856669971,0.8127232255365155,99
36081010200.0,36081010200.0,0.0,0.25007127426297265,0.004779186275434788,0.9479990592297595,194
36081010300.0,36081010300.0,0.0,0.16781516552342213,0.0015229763054502826,0.8652173952195242,145
36081010400.0,36081010400.0,0.0,0.18322756840693677,0.002739462153707087,0.8670062474679235,173
36081010500.0,36081010500.0,0.0,0.16199687876153646,0.0003813975664780339,0.9096396794926237,86
36081010800.0,36081010800.0,0.0,0.16472374208416496,0.002615854695777087,0.8236351418333226,160
36081011000.0,36081011000.0,0.0,0.16784835288223898,0.003071164369191795,0.8235235227551078,168
36081011100.0,36081011100.0,0.0,0.177996616265069,0.0009446954384841084,0.9161954448505615,112
36081011200.0,36081011200.0,0.0,0.18843231245872713,0.005637932654257027,0.8071354647310406,199
36081011300.0,36081011300.0,0.0,0.1462060690162133,0.002163593422630672,0.7443728666055275,95
36081011400.0,36081011400.0,0.0,0.1218151456505462,0.001657790283974156,0.688632502554976,120
36081011500.0,36081011500.0,0.0,0.151730591975385,0.001474500701668957,0.7975832199722735,128
36081011600.0,36081011600.0,0.0,0.13619077132689544,0.00176940099899823,0.7476950662929475,120
36081011700.0,36081011700.0,0.013333333333333334,0.49683481162409415,0.008091688669962216,0.9999187853588515,150
36081011800.0,36081011800.0,0.0,0.17067575957314302,0.0032325993361119634,0.8011776482540884,184
36081011900.0,36081011900.0,0.0,0.18596015582892425,0.0018485011242556943,0.8833234083821163,84
36081012000.0,36081012000.0,0.0,0.23389314129471678,0.00849426636651523,0.8779836137274689,248
36081012100.0,36081012100.0,0.0,0.22163471764659906,0.002536656774471374,0.936018299573741,117
36081012200.0,36081012200.0,0.0,0.29526887389732454,0.007370553542853007,0.9662834421851928,432
36081012400.0,36081012400.0,0.0,0.1816167981690746,0.002870854110841098,0.8572138692408419,183
36081012601.0,36081012601.0,0.0,0.14246249548440457,0.0022037290559839664,0.7518021244650365,125
36081012602.0,36081012602.0,0.0,0.11878606002639999,0.0011720487017507553,0.7000910900283533,83
36081012800.0,36081012800.0,0.0,0.1904186560535746,0.0023402691757651805,0.8912663912738078,132
36081013200.0,36081013200.0,0.0,0.25723121280704864,0.006059728207410614,0.9389400249269576,261
36081013400.0,36081013400.0,0.0,0.28389185688553736,0.00740469921576476,0.9598214583065147,282
36081013500.0,36081013500.0,0.0,0.2336777653138859,0.004493766305908395,0.9367126240731514,87
36081014000.0,36081014000.0,0.0,0.2210349381542521,0.006819613911158584,0.8912175669891832,205
36081014201.0,36081014201.0,0.0,0.2272540207736953,0.0032172978662979275,0.9333371754532285,187
36081014300.0,36081014300.0,0.0,0.2660352785862852,0.006047102044278735,0.947260486182127,236
36081014500.0,36081014500.0,0.0,0.2398981815622922,0.003232386203577675,0.9542398206081503,125
36081014700.0,36081014700.0,0.0,0.19165209507002845,0.006925542178767386,0.7937943304122541,182
36081014800.0,36081014800.0,0.0,0.27204830912663835,0.007419092035031841,0.9540810748704892,182
36081014900.0,36081014900.0,0.0,0.15905817830195856,0.002547691484010145,0.8038028546580334,169
36081015000.0,36081015000.0,0.0,0.23394414947094516,0.005153622458432094,0.9225617551129284,118
36081015100.0,36081015100.0,0.0,0.21807530693041163,0.004103854664997672,0.9063091781739511,198
36081015200.0,36081015200.0,0.010113780025284451,1.0,1.0,1.0,791
36081015300.0,36081015300.0,0.0,0.20118142951454623,0.0026136427476862595,0.9084040180838254,200
36081015400.0,36081015400.0,0.0,0.24385450936468142,0.00477339884222788,0.9385743247734634,120
36081015600.0,36081015600.0,0.0,0.29220821774334854,0.008117268298720504,0.9676042073212651,209
36081015700.0,36081015700.0,0.0,0.2819355778016785,0.009508590198405914,0.955762873813477,322
36081015801.0,36081015801.0,0.0,0.46540806502928517,0.029757336208220072,0.9964931202678005,695
36081015802.0,36081015802.0,0.0,0.17631435886679728,0.0028219659248675728,0.8518746374505292,164
36081016100.0,36081016100.0,0.0,0.34617097866086644,0.004638374445750659,0.9936746252398614,333
36081016400.0,36081016400.0,0.0,0.14211304303769717,0.001060459092114835,0.8033390888238919,116
36081016800.0,36081016800.0,0.0,0.18193547942379887,0.003482827735303193,0.8306557161420416,217
36081016900.0,36081016900.0,0.0,0.2389758886947483,0.005945711299935161,0.917544970795411,186
36081017000.0,36081017000.0,0.0,0.25682659886635,0.004624834861949809,0.9555068540666705,295
36081017200.0,36081017200.0,0.005376344086021506,0.1970959182395075,0.0019193969966561644,0.9105502871000618,186
36081017400.0,36081017400.0,0.0,0.21314222449164957,0.0030057300236415786,0.9215331360622593,265
36081017600.0,36081017600.0,0.003003003003003003,0.2252420686341445,0.004298212735458826,0.9128729839049028,333
36081017800.0,36081017800.0,0.004310344827586207,0.20080553207932988,0.004587217115761252,0.8563973599519801,232
36081017901.0,36081017901.0,0.0,0.2870430339980529,0.004756967916774252,0.9756008399778168,390
36081017902.0,36081017902.0,0.0015544041450777201,0.8150201294738423,0.09796351828790902,0.9999999999364073,1930
36081018000.0,36081018000.0,0.0,0.1955175373481831,0.003168715043789597,0.8590737964556253,185
36081018101.0,36081018101.0,0.0,0.22736622071997153,0.0025656905400117977,0.9511940061234635,289
36081018102.0,36081018102.0,0.0,0.26269400911466184,0.0036199972237909495,0.9695660680461458,370
36081018200.0,36081018200.0,0.0028089887640449437,0.5855646967011667,0.018936926759100907,0.9999984004988528,1068
36081018300.0,36081018300.0,0.0,0.3679532464021037,0.014881305545645011,0.9897334830844263,501
36081018401.0,36081018401.0,0.0,0.15395305165838263,0.0019380571475927394,0.8003239098786431,115
36081018402.0,36081018402.0,0.0,0.1603447790103092,0.002006345969207857,0.8152756438508727,166
36081018501.0,36081018501.0,0.0,0.1680990833698888,0.0015426083189678586,0.8607356295726252,111
36081018502.0,36081018502.0,0.0,0.12573459465583242,0.0021994193713740506,0.6816464947687118,105
36081018600.0,36081018600.0,0.0,0.22935794561351894,0.005738760699773737,0.9014633679590779,348
36081018700.0,36081018700.0,0.00048449612403100775,0.7189544539208167,0.07269360372653261,0.9999990620414209,2064
36081018800.0,36081018800.0,0.0,0.271504616296197,0.005406224392081191,0.9656301032970427,507
36081018900.0,36081018900.0,0.0,0.2915148879545558,0.011286916640278083,0.9507475133955016,404
36081019000.0,36081019000.0,0.0,0.16267953696877585,0.0036581850720418976,0.7647553468993638,169
36081019200.0,36081019200.0,0.0,0.3549667250972541,0.010714591136203686,0.9882475747939762,697
36081019400.0,36081019400.0,0.0013736263736263737,1.0,1.0,1.0,1456
36081019600.0,36081019600.0,0.0,0.2608656209959735,0.00960855468362165,0.918831369342519,194
36081019800.0,36081019800.0,0.0,0.3221940638237144,0.008675824430399211,0.9808948909249543,191
36081019901.0,36081019901.0,0.0,0.571923111539236,0.038227519792569234,0.9997477379369888,1755
36081019902.0,36081019902.0,0.003230272265805261,1.0,1.0,1.0,2167
36081020200.0,36081020200.0,0.0,0.6135206291846306,0.06785376193021754,0.9998192796712273,1453
36081020400.0,36081020400.0,0.0,0.40872057284778973,0.019082433348798087,0.9916885983077447,357
36081020600.0,36081020600.0,0.0,0.46300053167479416,0.019196805697974478,0.9985692236419914,614
36081020800.0,36081020800.0,0.0008012820512820513,0.7761881624379091,0.10971283239909391,0.9999999802639676,2496
36081021200.0,36081021200.0,0.0006747638326585695,0.6293556343092191,0.056525766998881365,0.9999764322821745,1482
36081021400.0,36081021400.0,0.0,0.5659873944947688,0.05168388263059658,0.9992749935761336,2205
36081021602.0,36081021602.0,0.0,0.3634213484517515,0.01569905444755157,0.9844597870389272,506
36081021603.0,36081021603.0,0.0,0.41188386825539053,0.020627059810551258,0.9921511017430673,667
36081022002.0,36081022002.0,0.001430615164520744,0.4775519294960648,0.02625948822335433,0.9988871759290762,699
36081023000.0,36081023000.0,0.0,0.18449986229901708,0.0033008238739600324,0.8535309419822874,175
36081023200.0,36081023200.0,0.0,0.2161112579442798,0.002355468465757446,0.9403772737062637,288
36081023501.0,36081023501.0,0.0,0.4078835050455384,0.0153267553618326,0.9943653728801821,307
36081023502.0,36081023502.0,0.0,0.1949095068068867,0.003827818960058527,0.869121115753122,148
36081023600.0,36081023600.0,0.0,0.25909291195993256,0.005473899494720119,0.9525642543691911,398
36081023800.0,36081023800.0,0.0,0.23761593848483994,0.0028977525478629308,0.955112914237043,371
36081024000.0,36081024000.0,0.0,0.2527821108378552,0.007347194410577457,0.9223576095185202,331
36081024600.0,36081024600.0,0.0,0.47408812648953025,0.036520440226970284,0.9956066781725286,495
36081025100.0,36081025100.0,0.0,0.37614120200517415,0.020430671056100365,0.983226782581536,625
36081025301.0,36081025301.0,0.0,0.3586062717078705,0.007478380929303932,0.9917505917896924,539
36081025302.0,36081025302.0,0.0,0.33207308404517016,0.006822695966719339,0.9899217340015917,446
36081025401.0,36081025401.0,0.012552301255230125,0.9137709006063196,0.1919874135725797,0.9999999999974531,239
36081025402.0,36081025402.0,0.0035087719298245615,0.5649680952604518,0.027780455917353848,0.9998569233505744,285
36081025500.0,36081025500.0,0.0,0.3207381422359926,0.016870570529301555,0.9646548131543492,299
36081025700.0,36081025700.0,0.0,0.23536535966723163,0.005530117777021351,0.9201551786261284,236
36081025800.0,36081025800.0,0.0,0.21560647746536987,0.0027256950050405264,0.9283795453589508,119
36081025900.0,36081025900.0,0.0,0.2248426470334506,0.0036259467746794006,0.9204046996490063,274
36081026000.0,36081026000.0,0.0,0.2324176360347521,0.005158311063370352,0.9233739310791216,107
36081026200.0,36081026200.0,0.0,0.22083440486235367,0.0027764515413341907,0.9347374281327852,188
36081026400.0,36081026400.0,0.0,0.15061992823664946,0.0030600075526805493,0.7341099276524693,114
36081026600.0,36081026600.0,0.0,0.15885672640743187,0.0009363467123364833,0.8658718505046326,115
36081026700.0,36081026700.0,0.0,0.35637396003194655,0.023781711908473856,0.9666314718891453,625
36081026901.0,36081026901.0,0.0,0.1792718781807082,0.0040169977461076145,0.8222196431589669,226
36081026902.0,36081026902.0,0.0,0.1359907704206452,0.001906536365873285,0.7512534060991176,115
36081027000.0,36081027000.0,0.0,0.15521585971537216,0.0020316684586303728,0.7958963707501654,141
36081027101.0,36081027101.0,0.0,0.10239497692977627,0.0014401392052025952,0.6193577369541813,85
36081027102.0,36081027102.0,0.0,0.09286004679080431,0.0009186277827933049,0.5900147221909254,75
36081027200.0,36081027200.0,0.0,0.0990689183531413,0.0009169039119080874,0.6189758571339348,79
36081027301.0,36081027301.0,0.0,0.08037080017464383,0.0012542258673321233,0.49414772448279226,69
36081027302.0,36081027302.0,0.0,0.20449347806358423,0.004169740199935906,0.8783934844644352,191
36081027400.0,36081027400.0,0.011111111111111112,0.10971126936388202,0.00108896671744739,0.676841366152876,90
36081027500.0,36081027500.0,0.0,0.16570346020168458,0.005409998750123379,0.728122829207253,182
36081027600.0,36081027600.0,0.0,0.12578547857693967,0.0013969989541999738,0.7239196948744325,110
36081027701.0,36081027701.0,0.0,0.09483766453680219,0.0006731118663370784,0.6296884001290867,70
36081027702.0,36081027702.0,0.0,0.14289609443998597,0.0014280252973558616,0.8044331096682027,110
36081027800.0,36081027800.0,0.0,0.11691335232052506,0.0007878248386115589,0.7184937724691562,86
36081027900.0,36081027900.0,0.0,0.2054155823496464,0.0037248970983520175,0.8892860116421527,248
36081028000.0,36081028000.0,0.0,0.13210039341171567,0.0019630910256961927,0.7203852686649648,119
36081028100.0,36081028100.0,0.0,0.1801457888862034,0.0026024025348107883,0.854030498203099,180
36081028200.0,36081028200.0,0.0,0.09958663414860751,0.0006102483732732033,0.653660223451957,64
36081028300.0,36081028300.0,0.0,0.19692621861546844,0.004385183842209342,0.8579208484598178,229
36081028400.0,36081028400.0,0.0,0.1826221251303129,0.0026195402088571825,0.8618377080093886,167
36081028500.0,36081028500.0,0.0,0.1852381639512235,0.0023575803307355203,0.8794574631827645,198
36081028700.0,36081028700.0,0.0,0.27245573194386513,0.0033107586849895204,0.9735932489183824,425
36081028801.0,36081028801.0,0.0,0.059790557780703114,0.00031192583588779687,0.4411841722909738,35
36081028802.0,36081028802.0,0.0,0.13676952226779432,0.0011514020836426025,0.7887841879950711,95
36081028900.0,36081028900.0,0.0,0.2422539365808625,0.004387717410214972,0.9458266194145477,320
36081030903.0,36081030903.0,0.0,0.3486267277785997,0.018161471765260787,0.9706721006020356,460
36081032700.0,36081032700.0,0.0,0.2621663644465533,0.006351240598444203,0.9490471907161334,219
36081032800.0,36081032800.0,0.0048543689320388345,0.4123550836533886,0.008739603674233185,0.9988548999301359,206
36081033000.0,36081033000.0,0.0,0.3788261290440538,0.019803518159932608,0.9847233673427793,502
36081033401.0,36081033401.0,0.0,0.18003827928413624,0.004417434935305775,0.8211507588755899,201
36081033403.0,36081033403.0,0.0,0.10966218404598178,0.0005821840039645449,0.7280668255181638,53
36081033404.0,36081033404.0,0.0,0.07176915481423907,0.0002759507164870029,0.5483865316336616,26
36081033405.0,36081033405.0,0.0,0.16300738408185556,0.0007189587651362461,0.901856456038321,124
36081033700.0,36081033700.0,0.0,0.22120566482727946,0.003977050242287278,0.9133685751427075,208
36081033900.0,36081033900.0,0.0,0.22794697093286204,0.005586767751477997,0.8962443023778486,170
36081035100.0,36081035100.0,0.0,0.28486247017831845,0.009447289679555179,0.9481005086070203,235
36081035200.0,36081035200.0,0.0,0.26199306336005845,0.0074807776861448155,0.9336485738113337,337
36081035300.0,36081035300.0,0.0,0.313957236711288,0.011908422155871934,0.9662772903645804,248
36081035800.0,36081035800.0,0.0,0.2170292436386514,0.0046514129045154675,0.906187651728103,155
36081036100.0,36081036100.0,0.0,0.3075591707416819,0.010264238400738784,0.9658475205725573,200
36081036300.0,36081036300.0,0.0,0.19369970156404415,0.0025997590824317213,0.8920854218420486,126
36081036500.0,36081036500.0,0.0,0.237634879462102,0.00509651625942407,0.9214699618060624,186
36081036600.0,36081036600.0,0.0,0.2145249693033757,0.005794406799286528,0.88646310165037,226
36081036700.0,36081036700.0,0.0048543689320388345,0.49500582354545425,0.010221417864127474,0.9997550151595247,206
36081036800.0,36081036800.0,0.0,0.15233654185218387,0.000579361641312004,0.8748657226045738,111
36081037501.0,36081037501.0,0.0,0.0832111331967856,0.001182897038435543,0.5099116877557808,79
36081037502.0,36081037502.0,0.0,0.10555007755485357,0.0031398915921025034,0.5641908491747097,92
36081037600.0,36081037600.0,0.0,0.2545139984111285,0.007246057099116571,0.9249767667653399,387
36081037700.0,36081037700.0,0.0,0.17625056041301168,0.00414171163343049,0.8121262503647009,154
36081037900.0,36081037900.0,0.0,0.22098781611572613,0.006178492498962412,0.8808982048184967,236
36081038301.0,36081038301.0,0.005695687550854353,1.0,1.0,1.0,1229
36081038400.0,36081038400.0,0.0,0.1502570992131591,0.0022542046869695547,0.7728453829532598,164
36081039400.0,36081039400.0,0.0,0.1900466235703484,0.0013523813386310257,0.9029373414540515,165
36081039800.0,36081039800.0,0.0,0.1784522694610686,0.0026660647792179524,0.8392452931798458,94
36081039901.0,36081039901.0,0.0,0.25678598186279067,0.00342499616459683,0.9687784170998115,153
36081039902.0,36081039902.0,0.0,0.1535330520262807,0.0011699572774740152,0.8481439034690504,59
36081040000.0,36081040000.0,0.0,0.16804064089661,0.0017396079359003004,0.8374050300995666,57
36081040101.0,36081040101.0,0.0,0.18694327348989845,0.0029044615142336415,0.8714358909956802,106
36081040200.0,36081040200.0,0.01694915254237288,0.3921838335296847,0.004755366604298122,0.9982704833293815,59
36081040301.0,36081040301.0,0.0,0.1194137364524872,0.001692599693866112,0.6829921191207219,92
36081040302.0,36081040302.0,0.0,0.11533555246622634,0.001515614659042558,0.6766835227789828,89
36081040400.0,36081040400.0,0.0,0.33827852488911536,0.010226547668372058,0.981345594883324,120
36081040501.0,36081040501.0,0.0,0.07311567257155122,0.0010496732423577516,0.4384171831345131,60
36081040502.0,36081040502.0,0.0,0.055007373536841306,0.0002759889324635806,0.4115522929731641,29
36081040701.0,36081040701.0,0.0,0.07161235111890987,0.0008462830449341791,0.4625426987542654,59
36081040702.0,36081040702.0,0.0,0.08386248042492696,0.0013127152819465888,0.5221567331205957,67
36081041100.0,36081041100.0,0.0,0.13602567328918344,0.0036166994218981645,0.6709723963959321,209
36081041300.0,36081041300.0,0.0,0.08485405109246197,0.001974308950389661,0.46980175260087975,86
36081041400.0,36081041400.0,0.0,0.3053111972085133,0.007970914305869894,0.9739237757513296,186
36081041500.0,36081041500.0,0.0,0.1125232073339995,0.001770647876295567,0.6405187253894042,58
36081042700.0,36081042700.0,0.0,0.15157650836194225,0.0016112543947940066,0.8114036122470183,90
36081043701.0,36081043701.0,0.0017391304347826088,0.31637017221733366,0.00946433997720548,0.9787407317141091,575
36081043702.0,36081043702.0,0.0,0.19943332486060872,0.004492472469120362,0.8702709300017684,470
36081043900.0,36081043900.0,0.0,0.13539155715427156,0.0019870407266856407,0.7128690405548133,98
36081044000.0,36081044000.0,0.0,0.37411759793501725,0.0059469875277550184,0.99638159370644,288
36081044301.0,36081044301.0,0.0,0.09086130081500532,0.0010577801574812417,0.5762885254604319,94
36081044302.0,36081044302.0,0.0,0.1413434314710118,0.002808370767817747,0.7357932263379389,259
36081044400.0,36081044400.0,0.0031120331950207467,1.0,1.0,1.0,964
36081044601.0,36081044601.0,0.0,0.3119628278504733,0.008390226074007046,0.9779834711875605,251
36081044602.0,36081044602.0,0.0,0.3417497264616798,0.011166999430321668,0.9824183697302418,432
36081044800.0,36081044800.0,0.0,0.16618719950981267,0.0018796861892647371,0.851192496570499,136
36081045000.0,36081045000.0,0.0,0.2510764835147018,0.0044340417041707405,0.9520664578283865,262
36081045600.0,36081045600.0,0.0019455252918287938,0.6661503888170459,0.047585953241072156,0.9999979096066139,514
36081045700.0,36081045700.0,0.0,0.12531563915923244,0.0006727660551357318,0.7808509727808937,180
36081045900.0,36081045900.0,0.0,0.12054687889757558,0.0011691428457453689,0.7062422096522061,161
36081046000.0,36081046000.0,0.0022935779816513763,1.0,1.0,1.0,436
36081046100.0,36081046100.0,0.0,0.0983939143005902,0.0009800466638065137,0.6273694971485195,114
36081046400.0,36081046400.0,0.005780346820809248,1.0,1.0,1.0,346
36081046500.0,36081046500.0,0.0,0.07574048067485287,0.001384073184355017,0.4555842805375571,75
36081046700.0,36081046700.0,0.0,0.1320674005843685,0.0019745187287089185,0.7006886628290139,151
36081046800.0,36081046800.0,0.0,0.5212787017604558,0.028341293796851463,0.9995752609652202,312
36081046901.0,36081046901.0,0.0,0.11622497652678242,0.0012525654258044444,0.6956209432749092,94
36081046902.0,36081046902.0,0.0,0.08827020525178886,0.0012227421409668898,0.5401265303392698,78
36081047000.0,36081047000.0,0.0,0.46755243327228974,0.023224947337795787,0.9983286845002345,222
36081047300.0,36081047300.0,0.001049317943336831,0.383954262581828,0.010053991926880492,0.9975596947151292,953
36081047801.0,36081047801.0,0.0,0.34385176526300404,0.012185334510120535,0.9801103108128235,155
36081047802.0,36081047802.0,0.0,0.30151817097431977,0.005354626748279331,0.9835316262264813,171
36081048000.0,36081048000.0,0.0,0.505467906248875,0.0295846432599968,0.9993792805994838,305
36081048100.0,36081048100.0,0.0,0.19771984468771162,0.0030440946560207098,0.8901457563498508,218
36081048200.0,36081048200.0,0.003246753246753247,1.0,1.0,1.0,308
36081048400.0,36081048400.0,0.0,0.35279875818948087,0.01401682991360421,0.9832376488671142,305
36081049201.0,36081049201.0,0.0016286644951140066,0.6345367325494266,0.04924986654676145,0.999972443620055,614
36081049202.0,36081049202.0,0.0,0.22986628482775623,0.005893935232684053,0.9038241392435195,153
36081049301.0,36081049301.0,0.0,0.21385486695415357,0.0031596794401343607,0.9176018907190148,131
36081049302.0,36081049302.0,0.0,0.2552979921939541,0.009757847181471302,0.9160373819302106,547
36081049500.0,36081049500.0,0.0,0.39867643574063377,0.017640010847306414,0.9906810472313676,1718
36081049600.0,36081049600.0,0.0,0.23145170434427081,0.005547051678380921,0.9072681698090291,188
36081049700.0,36081049700.0,0.0,0.11386085671278602,0.0007171619785214495,0.7302135895083983,90
36081050202.0,36081050202.0,0.0,0.20930817357300838,0.003524226160340538,0.9049497503444903,87
36081050400.0,36081050400.0,0.0,0.2145411905926766,0.004029730093910028,0.9063250753168519,68
36081050600.0,36081050600.0,0.0,0.1954276360043013,0.0029113836150544193,0.8921755412148832,74
36081050800.0,36081050800.0,0.0,0.16024172369547576,0.002861046525813865,0.7985181974853404,97
36081051000.0,36081051000.0,0.0,0.1258921684403055,0.002165903473956843,0.6823574851658558,68
36081051200.0,36081051200.0,0.004016064257028112,0.3594586635823145,0.009656158943746662,0.991224087119453,249
36081051600.0,36081051600.0,0.0,0.13793996704903685,0.0013956238758835338,0.7504185306585991,79
36081051800.0,36081051800.0,0.0,0.0993190935670574,0.0011112974193263486,0.5950914363797979,55
36081052000.0,36081052000.0,0.0,0.16595033188230357,0.0009556216454341376,0.8696196975506862,94
36081052100.0,36081052100.0,0.0,0.19607816559967273,0.0028145237178202054,0.8810789544707124,171
36081052200.0,36081052200.0,0.0,0.11645659905461397,0.0014482056438697988,0.6574062912622927,56
36081052400.0,36081052400.0,0.0,0.1563890649039527,0.0017290678582929987,0.8224247199851648,49
36081052600.0,36081052600.0,0.0,0.16240765193080303,0.001286745840049841,0.8518652227622436,85
36081052800.0,36081052800.0,0.0,0.11396156100038238,0.0014037184276767616,0.6549310657239458,75
36081053000.0,36081053000.0,0.0,0.1568301567208202,0.0030598721055463073,0.7531685692296173,145
36081053200.0,36081053200.0,0.0,0.13513925305951657,0.0018511909822103796,0.734017090156082,93
36081053601.0,36081053601.0,0.01282051282051282,0.2762620165493656,0.0009193778646480327,0.9915831997225688,78
36081053800.0,36081053800.0,0.0,0.09914183530459357,0.00045212804399347715,0.669558029866882,51
36081053901.0,36081053901.0,0.0,0.38939213366426656,0.028668713502432813,0.9794881131665729,553
36081053902.0,36081053902.0,0.0,0.28825583525798104,0.00697532095249942,0.9722893110541959,101
36081054000.0,36081054000.0,0.0,0.2759293566732679,0.005929279761835829,0.9526718504349466,349
36081054200.0,36081054200.0,0.0,0.30323840678912745,0.009572450674939264,0.9577316554524514,398
36081054500.0,36081054500.0,0.0,0.15168140103780853,0.0015236365636961348,0.8118237589720304,174
36081054700.0,36081054700.0,0.0,0.1650053013409555,0.001778669397850316,0.8411936407216529,225
36081054800.0,36081054800.0,0.0,0.25127837720447427,0.004109987022249273,0.9480797220951172,190
36081054900.0,36081054900.0,0.0,0.16868161438290613,0.0023036834970879385,0.8349032552554475,284
36081055100.0,36081055100.0,0.0,0.1783982952361092,0.002349715954140269,0.8558739204533744,325
36081055300.0,36081055300.0,0.0,0.12776703689977598,0.0006923656030219217,0.778038039229052,151
36081055400.0,36081055400.0,0.0,0.19084457144826322,0.00204661408886313,0.9034325102171351,91
36081055500.0,36081055500.0,0.0,0.14047528794708755,0.0016932281692141893,0.7736769384508736,185
36081055600.0,36081055600.0,0.0,0.06766501502472942,0.0004334815890095906,0.48335388327123285,23
36081055700.0,36081055700.0,0.0,0.15581531715095556,0.0041823593292708875,0.7268485920689056,273
36081055800.0,36081055800.0,0.0,0.052978800129891694,0.00023968658391146925,0.4023045765049338,19
36081055900.0,36081055900.0,0.0,0.18116461324366495,0.0034774956241552606,0.8438319633749226,246
36081056100.0,36081056100.0,0.0012531328320802004,1.0,1.0,1.0,3192
36081056200.0,36081056200.0,0.0,0.1043375358192337,0.00041092524324813087,0.7256661845631998,47
36081056500.0,36081056500.0,0.0,0.20458972718183835,0.0013154699090590777,0.94426175467948,256
36081056600.0,36081056600.0,0.0,0.15016732875800634,0.0010493074693487593,0.8221954900270247,107
36081056700.0,36081056700.0,0.0,0.12247960658531006,0.0020290868364888914,0.6694663171832055,151
36081057700.0,36081057700.0,0.0,0.12278524689967335,0.001997998175012672,0.6667273216298674,144
36081057900.0,36081057900.0,0.0,0.041216100580400164,0.00016988611106026063,0.313441592651057,26
36081058200.0,36081058200.0,0.0,0.2030149842047138,0.003177581249032302,0.8854557067387578,239
36081058500.0,36081058500.0,0.0,0.1359557844881238,0.0014830532467492996,0.7530181995243433,199
36081058700.0,36081058700.0,0.0,0.11130990168893122,0.0006172698048604209,0.7259760865787829,99
36081058900.0,36081058900.0,0.0,0.17344478585780918,0.003277149292260134,0.8249451944670758,260
36081059000.0,36081059000.0,0.0,0.02732416219573063,0.00014843038384684538,0.2034540606237884,16
36081059100.0,36081059100.0,0.0,0.26521473607826174,0.005957874936289301,0.9452163977156999,370
36081059300.0,36081059300.0,0.0020833333333333333,0.3395839428962293,0.01370020003231604,0.9770425496794591,480
36081059501.0,36081059501.0,0.0,0.3343055029657414,0.015306518842517977,0.9690268395136927,330
36081059900.0,36081059900.0,0.0,0.19780198723370473,0.002978748012913085,0.8984888563663597,104
36081060600.0,36081060600.0,0.0,0.06128364151472755,0.00030039220028827974,0.44602891718319887,42
36081060800.0,36081060800.0,0.0,0.07422780003078754,0.0005733225503185057,0.5067126670157626,61
36081061000.0,36081061000.0,0.0,0.11883204528479163,0.0008445448247422549,0.7339428254927328,104
36081061200.0,36081061200.0,0.0,0.11793407125299069,0.0011000649530038598,0.7020604123879061,97
36081061302.0,36081061302.0,0.0,0.17149546470726723,0.003470963039520658,0.8134269784404683,210
36081061400.0,36081061400.0,0.0,0.2588942268086924,0.003921092032356572,0.9627817619182714,212
36081061601.0,36081061601.0,0.0,0.25820741358165794,0.003981787147173119,0.9543193663173561,148
36081061800.0,36081061800.0,0.0,0.3397336002454188,0.0073295546248908884,0.9888076721270183,137
36081062300.0,36081062300.0,0.0,0.07805998973858654,0.0006173465162852248,0.5244624427832992,41
36081062500.0,36081062500.0,0.0,0.09081670331947887,0.0009451062414219336,0.5832589120533509,66
36081062600.0,36081062600.0,0.0,0.18528061790212147,0.0015790314577690534,0.9051095367985021,161
36081062700.0,36081062700.0,0.0,0.05970380359213612,0.0004861117282360522,0.40886403986785247,40
36081062900.0,36081062900.0,0.0,0.12883512731015798,0.0014186023173640872,0.7387523551623517,100
36081063200.0,36081063200.0,0.0,0.29241051211220226,0.008038065718731172,0.9674167376539415,128
36081064101.0,36081064101.0,0.0,0.20934819951721387,0.0012742761220659149,0.9500356196748624,127
36081064500.0,36081064500.0,0.0,0.2574782746250749,0.005991692862489684,0.9322260595344949,395
36081064600.0,36081064600.0,0.0,0.3209775396686089,0.00545974793462857,0.9866953117603212,217
36081065000.0,36081065000.0,0.0,0.36308134970055306,0.012782517588759387,0.9869903884618959,235
36081065401.0,36081065401.0,0.0,0.6402081568618277,0.06348401203152772,0.9999683808549585,325
36081065402.0,36081065402.0,0.0,0.37201688461537624,0.019996192764553132,0.9849425678157533,60
36081065600.0,36081065600.0,0.08363636363636363,1.0,1.0,1.0,275
36081065702.0,36081065702.0,0.0,0.06471975847722158,0.0005924102022900945,0.4383013984340586,64
36081065703.0,36081065703.0,0.0,0.10600822389907294,0.0016649807248948407,0.6113907345702801,166
36081066000.0,36081066000.0,0.0,0.5172209528456105,0.013756722585786465,0.999919000873385,135
36081066301.0,36081066301.0,0.0,0.09222164178273513,0.0009345035307042448,0.5887949506619377,161
36081066302.0,36081066302.0,0.0,0.06653302683479159,0.0004309247415727496,0.4720882654647632,92
36081066402.0,36081066402.0,0.0,0.5542507726390633,0.045355394154801186,0.9996173075486534,71
36081066403.0,36081066403.0,0.0,0.6196459301465513,0.030781626990045944,0.9999920507696644,114
36081066701.0,36081066701.0,0.0,0.1527985742207108,0.0017982924512271736,0.8069060303134589,260
36081067100.0,36081067100.0,0.0,0.06518428856909927,0.00048219741420750805,0.4393990805636321,105
36081067700.0,36081067700.0,0.0,0.08171145187751248,0.0006096716336047525,0.543332831917625,129
36081068200.0,36081068200.0,0.0,0.29494142747231833,0.002588914388594696,0.9895798674121946,212
36081068300.0,36081068300.0,0.001059322033898305,0.3144712333704957,0.005751800021375622,0.9938384641909782,944
36081069300.0,36081069300.0,0.0,0.15263784913778886,0.0019228481002323745,0.7983364426302566,498
36081069500.0,36081069500.0,0.0,0.10879371737061358,0.0004795191335011162,0.7152996151018536,239
36081069701.0,36081069701.0,0.0,0.0978454561193322,0.0008458101034244881,0.604177635874065,217
36081070700.0,36081070700.0,0.0,0.09778829009648847,0.0006243399966030349,0.6422267023658886,114
36081071303.0,36081071303.0,0.0,0.14063154890636728,0.0009813944211735566,0.7917336378583272,284
36081071304.0,36081071304.0,0.006369426751592357,0.1331945226882729,0.0007771707931628263,0.8366292446363801,157
36081071305.0,36081071305.0,0.0,0.14436537119347426,0.0007272220400822621,0.8313817977955802,293
36081071701.0,36081071701.0,0.0,0.08853265182213102,0.0010248614700304887,0.5453567493620188,210
36081071900.0,36081071900.0,0.0,0.21151649445794016,0.004150923384519295,0.8952975510495148,609
36081072100.0,36081072100.0,0.0,0.05416178338310666,0.0005080196839375745,0.37050832493784885,88
36081072300.0,36081072300.0,0.0,0.12630238566198576,0.0013851257836294596,0.731153226028129,183
36081072900.0,36081072900.0,0.0,0.08377072958149558,0.0005020858120189486,0.5802441293958155,75
36081073700.0,36081073700.0,0.0,0.187853957326804,0.0030335129971932663,0.86316866501449,363
36081073900.0,36081073900.0,0.0,0.21332042291339923,0.0052097966265244825,0.8729535490614554,509
36081074100.0,36081074100.0,0.0,0.08247374131665393,0.0006653849555221414,0.5505750879263409,103
36081074300.0,36081074300.0,0.0,0.09541787513670984,0.0005820479316597654,0.6201415327868929,124
36081074500.0,36081074500.0,0.0,0.3595008373752032,0.011792347594538946,0.9883744366028689,1000
36081074700.0,36081074700.0,0.0,0.10807665501820062,0.001449109894538686,0.6459758581727755,98
36081075701.0,36081075701.0,0.0,0.33140439197365956,0.01184903050104918,0.9685341646569737,619
36081075702.0,36081075702.0,0.0,0.2568779449161502,0.005120194949713297,0.9423493850462905,404
36081077902.0,36081077902.0,0.0,0.3457547583104849,0.009438961354593902,0.9895893353720726,144
36081077903.0,36081077903.0,0.008333333333333333,0.4985071391504167,0.010949905771982276,0.999798834843411,120
36081077904.0,36081077904.0,0.0,0.35336410645669786,0.011670914633127374,0.9851855571529217,235
36081077906.0,36081077906.0,0.0,0.2453404842316443,0.003019327129570465,0.9587117352889862,98
36081077907.0,36081077907.0,0.0,0.2593616434949185,0.0032039243516317406,0.9695317662825343,117
36081077908.0,36081077908.0,0.0,0.14266899397060148,0.0014656727477466436,0.7891113823609184,45
36081078800.0,36081078800.0,0.0,0.13822111080727892,0.00154558844947707,0.7555855133791847,82
36081079000.0,36081079000.0,0.0007739938080495357,0.5266259493931065,0.018416066194050118,0.9999275514416229,1292
36081079200.0,36081079200.0,0.0009523809523809524,0.697877780212867,0.07404995567022377,0.9999972966275649,2100
36081079300.0,36081079300.0,0.0,0.11270606479713165,0.0005055269939858859,0.756485461215427,16
36081079701.0,36081079701.0,0.0,0.14733083719643947,0.0023436412005891443,0.7675738837042816,102
36081079702.0,36081079702.0,0.0,0.19902938061466155,0.004575067263422439,0.8587397208743305,135
36081079900.0,36081079900.0,0.0,0.2170446899924361,0.0007627098254428006,0.9729890903385057,163
36081080301.0,36081080301.0,0.0,0.4986854424543948,0.024433685468248117,0.9989564614311249,861
36081080302.0,36081080302.0,0.0,0.5405165859851598,0.04145600224437734,0.9990576836291551,736
36081081800.0,36081081800.0,0.0,0.3479182801896387,0.012150733630991034,0.9825378228713993,348
36081083700.0,36081083700.0,0.0,0.538676262204756,0.06193423668688321,0.9976907011638978,694
36081083800.0,36081083800.0,0.0,0.32638111589714897,0.006961464928212369,0.98767542135272,171
36081084000.0,36081084000.0,0.0022371364653243847,0.4363355098838673,0.019920829735677697,0.9971788369469333,447
36081084500.0,36081084500.0,0.0,0.1795229456580673,0.0013596152034285798,0.8980436944978918,98
36081084601.0,36081084601.0,0.0,0.37055109953370263,0.006316540643285473,0.9953221734834659,210
36081084901.0,36081084901.0,0.0,0.22747410330919937,0.0023944429271011867,0.9555988213018753,119
36081084902.0,36081084902.0,0.0,0.15228103494114625,0.0009906616999460856,0.8582605338238628,80
36081085700.0,36081085700.0,0.0,0.08596986380168728,0.0004957874373954368,0.597498789262364,43
36081085900.0,36081085900.0,0.0,0.06816195627348046,0.0010878679693017423,0.41618259026055393,44
36081086400.0,36081086400.0,0.00528169014084507,1.0,1.0,1.0,568
36081086500.0,36081086500.0,0.0,0.22861676899489813,0.006269481519480461,0.9019891162435123,212
36081086900.0,36081086900.0,0.001388888888888889,0.8047783960402226,0.09670276880308819,0.9999999986184387,1440
36081087100.0,36081087100.0,0.0,0.480919606624892,0.03289258400068246,0.9975348483094725,567
36081088902.0,36081088902.0,0.005208333333333333,0.2566857063389426,0.0050189071374186125,0.9531285482842654,192
36081088903.0,36081088903.0,0.0,0.5553075813156639,0.03555771651356772,0.9996178856745601,1977
36081089202.0,36081089202.0,0.0,0.3565386299980101,0.010638945392347268,0.9898447700418964,163
36081091602.0,36081091602.0,0.0,0.14949029972350153,1.0555196716666161e-10,0.9828712090836756,12
36081091603.0,36081091603.0,0.02857142857142857,0.4085683785214571,3.2194109877980997e-10,0.999999786431131,35
36081091604.0,36081091604.0,0.0,0.12016559737361363,1.471172350608896e-11,0.9800056077570771,3
36081092500.0,36081092500.0,0.012422360248447204,0.8777527919566955,0.12802140601816903,0.999999999971149,161
36081092800.0,36081092800.0,0.0,0.06595463375206814,8.246855903726314e-09,0.7694179831448977,14
36081093401.0,36081093401.0,0.0,0.08287440302403326,9.578041055002818e-08,0.8441706623921252,25
36081093402.0,36081093402.0,0.0,0.0931859078393918,9.566408067318567e-07,0.8582638998497374,24
36081093800.0,36081093800.0,0.0,0.25923661758406696,0.0001469596943429935,0.9949097404638836,101
36081094500.0,36081094500.0,0.0005282620179609086,0.6591110573063621,0.059195677755562844,0.9999921071202211,1893
36081094700.0,36081094700.0,0.0,0.27568275447958157,0.005478222662161223,0.9664572464155344,77
36081097204.0,36081097204.0,0.006944444444444444,1.0,1.0,1.0,144
36081097205.0,36081097205.0,0.0,0.43182431819356154,0.008080178331334887,0.9994643823431276,43
36081097206.0,36081097206.0,0.0,0.27329743803417206,0.003692308405985012,0.9799417356402417,17
36081097207.0,36081097207.0,0.0,0.16831931540096523,0.0007832492404277192,0.9048277369722033,4
36081099703.0,36081099703.0,0.0,0.3991010212965965,0.006469856895870693,0.9975754662155012,158
36081099704.0,36081099704.0,0.0,0.3669784719601517,0.009620930169460206,0.9906124428062698,173
36081099801.0,36081099801.0,0.0,0.31729375282860367,0.0062067254255193,0.9841236962557401,102
36081099900.0,36081099900.0,0.0,0.2577725534751631,0.0009847006927821117,0.9890586368326924,28
36081100801.0,36081100801.0,0.058823529411764705,0.7289269535210646,0.062404005611660054,0.9999999907621226,17
36081100803.0,36081100803.0,0.0,0.5360596113779342,0.03785853344805796,0.9993815136214069,152
36081100804.0,36081100804.0,0.0,0.5213630840387002,0.02981262828921122,0.9995611939459674,88
36081101002.0,36081101002.0,0.0,0.2361854285555939,0.0005973187893842686,0.9794858249369873,106
36081101003.0,36081101003.0,0.0,0.2722764191224775,0.002820298025058371,0.9782433304859876,124
36081101004.0,36081101004.0,0.0,0.19889159777329357,0.0007544931062411748,0.9476266527413609,71
36081103300.0,36081103300.0,0.0,0.11501255385763876,0.0006051886455866184,0.7365060978610214,95
36081103900.0,36081103900.0,0.0,0.3856173526226411,0.016243819607019355,0.9912095802816133,850
36081104700.0,36081104700.0,0.0,0.16197378523981995,0.0032424265091816006,0.7724591527484543,180
36081105900.0,36081105900.0,0.0,0.09216508990773048,0.0010508643033310672,0.5720733289695844,91
36081108500.0,36081108500.0,0.0,0.16513795000278542,0.0030966051097234826,0.8112879425044671,147
36081109300.0,36081109300.0,0.0,0.1886487687062657,0.0037266752728569497,0.8451622239006927,140
36081109700.0,36081109700.0,0.0,0.14292776139890984,0.001621088245167862,0.7925531149770172,128
36081109900.0,36081109900.0,0.0,0.13840433342632097,0.0014419320326132163,0.7731987795652765,143
36081113300.0,36081113300.0,0.0,0.08176448159273647,0.0006497453974490781,0.544046080151956,72
36081113900.0,36081113900.0,0.0,0.16369294222624717,0.002037284664535391,0.827605407211074,205
36081114100.0,36081114100.0,0.0,0.08506724210786501,0.0007543851951346741,0.5591787281463286,75
36081114700.0,36081114700.0,0.0,0.0752190432206109,0.00025569364682953013,0.5844075094354502,50
36081115100.0,36081115100.0,0.0,0.10066164641167838,0.0002102457509837258,0.7452930724761161,66
36081115500.0,36081115500.0,0.0,0.0706836442520315,0.0003525082002619584,0.5217888567375264,49
36081115700.0,36081115700.0,0.0,0.1565595601921299,0.0021224424569811218,0.8078345787068879,160
36081115900.0,36081115900.0,0.008333333333333333,0.28572014978094307,0.001493829831139748,0.9943873933268776,120
36081116100.0,36081116100.0,0.0,0.17461675455272846,0.0024593361692971773,0.8387331947206824,132
36081116301.0,36081116301.0,0.0,0.18079896446994137,0.0020356183347529757,0.8736310798330486,158
36081117100.0,36081117100.0,0.0,0.1686215195731346,0.0028282880658841688,0.8195377569660934,214
36081117500.0,36081117500.0,0.0,0.15207031531954773,0.0027503797966526382,0.7548877496793905,185
36081118100.0,36081118100.0,0.0,0.06153695107773127,0.00048694519881957725,0.4303245986816774,45
36081118500.0,36081118500.0,0.0,0.09788116029723641,0.0011228896136377758,0.5951743621814736,75
36081118700.0,36081118700.0,0.0,0.08729277545088161,0.001196853085292729,0.5205489762441479,66
36081119100.0,36081119100.0,0.0,0.08500561701211315,0.0008977856364901255,0.5405178347444021,38
36081119300.0,36081119300.0,0.0,0.09256161681984854,0.0005418616059189058,0.621507718683927,55
36081119500.0,36081119500.0,0.0,0.13363006758922136,0.0007016532523355324,0.8108137556273225,57
36081119900.0,36081119900.0,0.0,0.1509637150280773,0.0020903719845112604,0.7919229702397028,41
36081120300.0,36081120300.0,0.0,0.14521736158819457,0.0021017960391652908,0.782977960044545,37
36081120500.0,36081120500.0,0.0,0.11389656727597149,0.0015088453435321391,0.6614121097084575,54
36081120701.0,36081120701.0,0.0,0.2930414735081619,0.007228232461502898,0.9716210083390115,126
36081120702.0,36081120702.0,0.0,0.16615217637612065,0.0019041221693269134,0.8427975554610848,46
36081121500.0,36081121500.0,0.0014705882352941176,0.6484871224228221,0.06454820257943336,0.9999580509564263,680
36081122300.0,36081122300.0,0.0013054830287206266,0.5293873708273716,0.02371383028263416,0.9998758360051669,766
36081122703.0,36081122703.0,0.0,0.37703031791288866,0.008857477121008825,0.9955793657682157,529
36081122704.0,36081122704.0,0.0,0.19087068341702682,0.0028635955601943766,0.8909863751004135,97
36081124100.0,36081124100.0,0.0,0.2615045141965378,0.0063988221973969505,0.9443853843396649,192
36081124700.0,36081124700.0,0.0,0.2633898728874839,0.006299800014055476,0.9429806628988205,226
36081126500.0,36081126500.0,0.0,0.27984920314834,0.0059882915440533846,0.966834050127372,196
36081129104.0,36081129104.0,0.0,0.4334978954750672,0.024655968342131174,0.9952150001090032,95
36081133900.0,36081133900.0,0.0,0.2042530000171732,0.002225242598187366,0.9197253617413724,131
36081134100.0,36081134100.0,0.0,0.43549411639604113,0.02439505742272397,0.9956716279899275,764
36081134701.0,36081134701.0,0.002688172043010753,0.4625513506769781,0.006632581087723494,0.9998781538470617,372
36081134702.0,36081134702.0,0.0021598272138228943,0.5294290049923055,0.011262351203486592,0.9999702300336195,463
36081136700.0,36081136700.0,0.007082152974504249,1.0,1.0,1.0,706
36081137700.0,36081137700.0,0.0,0.5208360858105351,0.025858359557946412,0.9996063773997911,392
36081138501.0,36081138501.0,0.0,0.3997883644845568,0.014080091111864933,0.9951957011571703,246
36081140300.0,36081140300.0,0.0,0.3928311321482167,0.01278637950463919,0.993905961095254,346
36081140901.0,36081140901.0,0.0,0.2660285245760848,0.006265835895593336,0.9523274441798011,234
36081140902.0,36081140902.0,0.0,0.33648718788055715,0.012819602320009373,0.9781878925789642,384
36081142900.0,36081142900.0,0.0,0.0809702048989803,0.0011380695693363363,0.48992910384824817,59
36081144100.0,36081144100.0,0.0,0.11869841340581463,0.0006703467499559968,0.7707036564289226,53
36081144700.0,36081144700.0,0.0,0.21565185653020136,0.0029824563915693686,0.9105330883865235,257
36081145101.0,36081145101.0,0.0,0.11446159073139352,0.0003217644226546523,0.7833295222867451,71
36081145102.0,36081145102.0,0.0,0.11083595035866717,0.002065860656789223,0.607715082327914,94
36081145900.0,36081145900.0,0.0,0.17949172246792186,0.003236393987267383,0.8301981599842612,169
36081146300.0,36081146300.0,0.0,0.1310125614290606,0.0018104031254783826,0.7246546759997606,152
36081146700.0,36081146700.0,0.0,0.21497778733227732,0.004268530974106644,0.8911818455360444,290
36081147100.0,36081147100.0,0.0,0.24964315925352726,0.005259458210268667,0.9399035736851091,193
36081147900.0,36081147900.0,0.0,0.2397350232932987,0.0024930043515322604,0.959894366851257,110
36081150701.0,36081150701.0,0.0,0.36022442371942937,0.006430719338595905,0.9933455819636564,316
36081150702.0,36081150702.0,0.0,0.35002922287714794,0.004379349675444464,0.9958985473413532,468
36081152902.0,36081152902.0,0.0,0.35459144827586714,0.005020819645284638,0.9943416671104193,405
36081155101.0,36081155101.0,0.006329113924050633,0.45730188839663205,0.0008663505265185085,0.9999868546079529,158
36081155103.0,36081155103.0,0.0058823529411764705,0.28442899747190414,0.004554484195894532,0.9742929734324404,170
36081155104.0,36081155104.0,0.0,0.20986214590570051,0.002107722857371716,0.9379636673383372,126
36081157902.0,36081157902.0,0.0,0.19102020385715374,0.0006057224701125574,0.9444036750967085,192
36005036100.0,36005036100.0,0.008547008547008548,0.5380591476267661,0.011101913004485963,0.9999448666941362,117
36005012701.0,36005012701.0,0.0,0.049591856650116686,0.00042532808193747605,0.3494925967929291,38
36005015900.0,36005015900.0,0.0,0.06231096692065537,0.0009636792872027289,0.3811772367795838,49
36005042600.0,36005042600.0,0.006493506493506494,1.0,1.0,1.0,154
36061003800.0,36061003800.0,0.0,0.21005664821110204,0.006332345753880681,0.8540565047157886,1176
36061001001.0,36061001001.0,0.0013192612137203166,0.44894574690443845,0.005069608740770635,0.9999283663691492,758
36061001502.0,36061001502.0,0.002849002849002849,0.5151124552034142,0.04445781060218945,0.9981091252614946,702
36061004800.0,36061004800.0,0.0,0.20416258587335936,0.005075271488483024,0.8649681572382837,958
36061004400.0,36061004400.0,0.000731528895391368,0.30302121811603616,0.008708800733960877,0.9633801865372152,1367
36061006400.0,36061006400.0,0.0,0.305089754420181,0.008515852414336148,0.9744477796917246,1122
36061017800.0,36061017800.0,0.0,0.5962709548566331,0.04414671507379513,0.9999049579528738,1044
36061000500.0,36061000500.0,,0.0,0.0,0.0,0
36081094201.0,36081094201.0,0.0136986301369863,0.7603541299150642,0.03387154709878039,0.9999999967068889,73
36081111300.0,36081111300.0,0.0,0.18337164432656522,0.0036016472052384507,0.8444638285668008,107
36081148300.0,36081148300.0,0.0,0.0892153893931832,0.00010803812966989624,0.7423910800665038,7
36081080900.0,36081080900.0,0.005235602094240838,1.0,1.0,1.0,191
36081122702.0,36081122702.0,0.0,0.441297638175299,0.029051153369405346,0.993992954163063,446
36081125700.0,36081125700.0,0.005494505494505495,1.0,1.0,1.0,182
36081126700.0,36081126700.0,0.0,0.4439033516721106,0.04509371459701659,0.9816080764753451,454
36081139900.0,36081139900.0,0.0,0.3942401851554784,0.01260000774061168,0.9942508114969891,341
36081143500.0,36081143500.0,0.0,0.16411013618143877,0.0017869971268036494,0.8504694885447609,115
36081157901.0,36081157901.0,0.0,0.15697303781039637,0.0001751926373116608,0.9298023771960117,122
36081157903.0,36081157903.0,0.0,0.2508032147151848,0.001133108750616685,0.9783842656006596,434
36081042400.0,36081042400.0,0.008403361344537815,0.3585371377203535,0.009815789472810666,0.9905525265943754,119
36081043400.0,36081043400.0,0.0,0.18055235100855788,0.0025846020640397567,0.8529999419774222,84
36081042600.0,36081042600.0,0.0,0.15858085819572493,0.002488578202674607,0.7965915364137516,124
36081043200.0,36081043200.0,0.0,0.219391560418728,0.0030366205825925726,0.9348952037478613,181
36081045200.0,36081045200.0,0.0,0.3185903730199315,0.006945586113408045,0.9829230455347783,357
36081045400.0,36081045400.0,0.0,0.409171182292303,0.021844238554147653,0.9926670059211803,327
36081005900.0,36081005900.0,0.0,0.20507824029301142,0.002900019225438588,0.9136301877210781,284
36081006100.0,36081006100.0,0.0,0.23491365549073975,0.005869890186902824,0.9225530608221284,410
36081058100.0,36081058100.0,0.0,0.08581494386383685,0.0008176483569207055,0.5501612140036173,93
36081058300.0,36081058300.0,0.0,0.12919099290800423,0.0014816272465980134,0.7641634664651142,167
36061023501.0,36061023501.0,0.0,0.38539141743639277,0.02550677663728709,0.9789364654427753,315
36081047900.0,36081047900.0,0.0,0.3298992165273398,0.007697959413688849,0.9860947353822281,775
36081062400.0,36081062400.0,0.0,0.03869222573536058,0.00048962964055623,0.25514555710761,23
36081062000.0,36081062000.0,0.0,0.15203265757065088,0.0009902677428002826,0.8419880072622412,61
36081063000.0,36081063000.0,0.0,0.1376703600015705,0.0011810618577858811,0.7886520375379601,68
36061022302.0,36061022302.0,0.0,0.1542808712905057,5.2196215428063077e-05,0.9450103986722252,178
36081133300.0,36081133300.0,0.003278688524590164,0.3386817186657232,0.009433247026917788,0.9853282361863281,305
36061012400.0,36061012400.0,0.004078303425774877,1.0,1.0,1.0,1226
36005021200.0,36005021200.0,0.0,0.1750826559692418,0.002039502080866509,0.8691539430660716,143
36005022200.0,36005022200.0,0.0,0.32467806182163483,0.01068608330573691,0.9769426167000447,472
36081065501.0,36081065501.0,0.0,0.2093390914024232,0.003520725548879952,0.8987663128135513,561
36061014401.0,36061014401.0,0.0,0.3766655653202364,0.011964693468730163,0.9908536688682962,190
36061001600.0,36061001600.0,0.0,0.5035431937808835,0.03661947395337748,0.9982447515969416,1006
36061001200.0,36061001200.0,0.001288659793814433,0.33871020082443776,0.009629826734893534,0.9805757375199151,776
36081112300.0,36081112300.0,0.0,0.14006051262525293,0.0012945402956373087,0.7853318976441305,105
36081112900.0,36081112900.0,0.0,0.18781604882618494,0.0018075312757171002,0.90027937282294,242
36005042901.0,36005042901.0,0.0,0.4486287481943074,0.0322348234226748,0.9946591110877508,183
36005043102.0,36005043102.0,0.0,0.41021645785273886,0.0327508259627479,0.9836827365686655,151
36081026300.0,36081026300.0,0.0,0.45516505398235824,0.026021459292498002,0.9965533638316397,868
36081005400.0,36081005400.0,0.0,0.25834051725650026,0.00607122525030492,0.9315732853320163,479
36081008600.0,36081008600.0,0.0014577259475218659,0.41330894337797647,0.018056707716208674,0.9929431560113454,686
36081066401.0,36081066401.0,0.0275049115913556,1.0,1.0,1.0,509
36081066900.0,36081066900.0,0.0,0.04893163581033238,0.00032789310555561834,0.3454147649524222,63
36081048500.0,36081048500.0,0.00333889816360601,0.5279374049953678,0.027665884566297354,0.9998839751216556,599
36081012500.0,36081012500.0,0.0011904761904761906,0.5603135192849029,0.0448420963079416,0.9997170373346589,1680
36005038900.0,36005038900.0,0.0,0.2399032390120823,0.002971653965810303,0.9531092017030479,146
36005029301.0,36005029301.0,0.0,0.18199155184229499,0.0007157995845230219,0.938654367873011,48
36081013000.0,36081013000.0,0.0,0.2605537470372247,0.007427542282526939,0.9412222038197313,271
36081073100.0,36081073100.0,0.0,0.14137847749860508,0.0014293270351666805,0.7923345225294104,102
36081074900.0,36081074900.0,0.0,0.19772931052172482,0.0036110145618612117,0.8619515841153554,218
36005042500.0,36005042500.0,0.003189792663476874,0.7646214686575203,0.07950059777735345,0.9999999650633329,627
36081026502.0,36081026502.0,0.00718132854578097,0.8129831477919937,0.042851507530505685,0.999999999889988,557
36081026501.0,36081026501.0,0.0,0.28765883067080233,0.011140465705664144,0.9474953879844911,359
36081048301.0,36081048301.0,0.0,0.24730771343622718,0.005298568943552634,0.936139824369823,194
36005002800.0,36005002800.0,0.0,0.5212873389752631,0.037740894032316584,0.99914638191154,1349
36081066100.0,36081066100.0,0.0,0.04515472039724032,0.0003734612187621417,0.3138328674191173,53
36081065900.0,36081065900.0,0.0,0.09706605737062027,0.000992910016803894,0.6027283380385007,148
36081066501.0,36081066501.0,0.0,0.13666690203745718,0.0017922880503930011,0.7431616387282112,268
36005025600.0,36005025600.0,0.0,0.24821362272143332,0.008231134438773066,0.9116719688118227,173
36081102900.0,36081102900.0,0.0,0.16798656329583614,0.0013169091038741365,0.8597342671931649,182
36081097300.0,36081097300.0,0.0,0.2530430859394088,0.0007810109188399556,0.9833582292599846,467
36081060100.0,36081060100.0,0.0,0.16767172356027868,0.0027540646782031413,0.8210528252687651,90
36081063500.0,36081063500.0,0.0,0.1865610369618988,0.003449199260469832,0.8623192820714877,134
36081062100.0,36081062100.0,0.0,0.23138313870479166,0.004104891491784543,0.9200843891367666,331
36081063700.0,36081063700.0,0.001076426264800861,0.37983165708458844,0.020570032543632554,0.9791019422934215,929
36081077500.0,36081077500.0,0.0,0.2804506545910951,0.009017008815473427,0.9527437315865657,249
36005039700.0,36005039700.0,0.0,0.43591043207042146,0.03741989261797308,0.9866379115563467,706
36005039300.0,36005039300.0,0.0,0.2581735940734716,0.007086917493020928,0.9293703073082008,181
36081063900.0,36081063900.0,0.0,0.36246881445620055,0.005723565168667078,0.9955318313066595,660
36081046300.0,36081046300.0,0.0,0.14869953973638259,0.0023390306565654303,0.7722147128160033,213
36081047100.0,36081047100.0,0.0,0.1953401445714736,0.004243484396405728,0.8526944686004112,289
36005035000.0,36005035000.0,0.0,0.20097662707219033,0.0034651396331747105,0.8953271885970976,151
36081024900.0,36081024900.0,0.0,0.4027016405410979,0.0209639102638089,0.9915194160800163,747
36081026100.0,36081026100.0,0.0,0.30146119959605433,0.006615871231839529,0.9762549249082443,455
36061021000.0,36061021000.0,0.0,0.5147658348566356,0.040529943019754135,0.9984529716330061,700
36061021200.0,36061021200.0,0.0,0.23531876039519362,0.004599152376787397,0.9307992148620516,313
36005027600.0,36005027600.0,0.00487987987987988,0.9998959928711308,0.9999499272794095,1.0,2664
36061015502.0,36061015502.0,0.0,0.2471679118320007,0.001129252553927096,0.9789529230409783,357
36081010701.0,36081010701.0,0.0,0.04238593443479725,0.0001082665642347408,0.3434185393264844,7
36081012301.0,36081012301.0,0.0,0.3802794534836582,0.009362748908025608,0.9957452333987921,346
36081085300.0,36081085300.0,0.0,0.15810407634404072,0.0030936357079591886,0.7795628924839137,121
36081161700.0,36081161700.0,0.0,0.29682553626678754,0.002569797294680895,0.9905621167337448,456
36081099701.0,36081099701.0,0.0,0.33303774639635675,0.008678724060648926,0.984477822599134,207
36081101700.0,36081101700.0,0.0,0.19900917067587656,0.0033097556644304054,0.8780221301564858,231
36005023702.0,36005023702.0,0.0,0.09899404596251245,0.0007420634884557159,0.6446268257010704,92
36005039901.0,36005039901.0,0.0,0.2028375111519208,0.007431360700116463,0.8071174405310803,311
36005040100.0,36005040100.0,0.0,0.18391578728303198,0.006103516955679625,0.7891179260720206,239
36005016900.0,36005016900.0,0.0,0.20482905197137544,0.0034433909157563307,0.8899243577765649,184
36081085500.0,36081085500.0,0.0,0.151586554085951,0.0018100751957497024,0.809616188475545,117
36081086300.0,36081086300.0,0.0,0.1007807839936472,0.0011297446666726884,0.6124637509368015,70
36005014702.0,36005014702.0,0.0,0.1328172935309852,0.0016491897687259172,0.7415433373294827,89
36081028803.0,36081028803.0,0.0,0.1066314254425904,0.0016871950533748376,0.6102903050193862,84
36081029400.0,36081029400.0,0.0029455081001472753,1.0,1.0,1.0,679
36005014300.0,36005014300.0,0.006666666666666667,0.42232368699696726,0.005262132727194652,0.9994580463956932,150
36081004401.0,36081004401.0,0.0,0.41184192311740825,0.023388582072772,0.9909815240633544,764
36081005800.0,36081005800.0,0.0,0.45642062066628225,0.028832125399852724,0.9950496038050584,558
36061020101.0,36061020101.0,0.0,0.07169788806366137,0.00043473941201677135,0.49675101002850214,50
36061020300.0,36061020300.0,0.0,0.17807223274691836,0.002566210900672766,0.8456834395882722,143
36081116302.0,36081116302.0,0.0,0.11026456069882451,0.0008919259564921928,0.679916622296813,74
36081116700.0,36081116700.0,0.0,0.09460918623844825,0.0005133234039070122,0.6230136791615809,69
36081090700.0,36081090700.0,0.006418485237483954,1.0,1.0,1.0,779
36081091900.0,36081091900.0,0.006097560975609756,0.4017718686456911,0.0101516739014852,0.9967478914967383,164
36081000103.0,36081000103.0,0.0,0.26042291355732183,0.004935336012363492,0.9532138535575874,161
36061018500.0,36061018500.0,0.0,0.19206574839422663,0.0017359983060907219,0.9174927689717618,207
36081022900.0,36081022900.0,0.0011580775911986102,1.0,1.0,1.0,1727
36081051500.0,36081051500.0,0.0,0.3330232336313331,0.0071677690844342504,0.9880092777637005,262
36081000102.0,36081000102.0,0.0,0.19657100989768622,0.0016781395011187528,0.918551701727035,123
36061018900.0,36061018900.0,0.0,0.2958455765788427,0.005882389094054291,0.9767576741313584,623
36061013700.0,36061013700.0,0.0,0.4723248253207441,0.022348275342113526,0.9981658462776984,1711
36061013900.0,36061013900.0,0.0,0.3631685136023692,0.01181950310052797,0.9850531080958724,1085
36061014500.0,36061014500.0,0.0,0.3745059203508591,0.010770480596483634,0.992171042752676,1035
36061027700.0,36061027700.0,0.0,0.17345883388276104,0.0020751981779340567,0.8638234246417054,59
36081010600.0,36081010600.0,0.0,0.23113459651723156,0.007802409150093411,0.8833509635123352,248
36081016600.0,36081016600.0,0.0,0.16350648774120927,0.002486395260700572,0.8387614425938685,141
36061001002.0,36061001002.0,0.002793296089385475,1.0,1.0,1.0,716
36005003300.0,36005003300.0,0.0,0.2972708908074881,0.014109037019775917,0.946994459399882,98
36081056000.0,36081056000.0,0.0,0.1293756263058724,0.001494564398613163,0.7297767043461348,67
36081045800.0,36081045800.0,0.008695652173913044,1.0,1.0,1.0,230
36081046200.0,36081046200.0,0.0,0.586936205792589,0.05684371410826963,0.999687956591054,385
36081046600.0,36081046600.0,0.0034129692832764505,0.7568927045434348,0.08914611631279816,0.9999995419259042,293
36061022700.0,36061022700.0,0.0,0.1633619973576225,0.003944358629620878,0.7676358670882845,206
36061025900.0,36061025900.0,0.0,0.07513103506156356,0.0015103315092333369,0.43680991034222644,54
36061006000.0,36061006000.0,0.002232142857142857,0.3180016108650135,0.0026614366689004187,0.9977623111014153,448
36005001901.0,36005001901.0,0.003257328990228013,1.0,1.0,1.0,921
36081015500.0,36081015500.0,0.0,0.2184453860334721,0.008586113387651764,0.848620404092551,329
36081015900.0,36081015900.0,0.0,0.3079052455337833,0.004795349006374933,0.9816372876771601,307
36061002000.0,36061002000.0,0.0,0.2878988041613592,0.004761691856668618,0.9710283678709698,659
36081000101.0,36081000101.0,0.0,0.36116187804386346,0.014717268502129718,0.9848013997494907,404
36081107201.0,36081107201.0,0.0,0.41269279401781167,0.0010423731873406312,0.9997124853668788,310
36081107202.0,36081107202.0,0.02,0.9315905750675021,0.3749838074291146,0.9999999999996622,100
36005020100.0,36005020100.0,0.0010964912280701754,0.4581803386743268,0.020422459192565995,0.9982061961895367,912
36061009901.0,36061009901.0,0.0011947431302270011,0.7940778824169527,0.07372215067908902,0.9999999999011661,2511
36061014601.0,36061014601.0,0.0,0.28047741993028497,0.009101528387808783,0.9478075699046921,199
36061014602.0,36061014602.0,0.0,0.39798048990779744,0.016811982029871525,0.9920469852993591,391
36061014802.0,36061014802.0,0.0,0.2639438890190388,0.009038599605227803,0.9263397585494714,317
36061026100.0,36061026100.0,0.0,0.44646625713482246,0.017662382900394152,0.997970240209252,291
36061025300.0,36061025300.0,0.0,0.4506005028035918,0.022111866711393938,0.9976127377683934,176
36061026300.0,36061026300.0,0.009302325581395349,0.8769656368952566,0.21229627422673905,0.9999999992893877,215
36061019800.0,36061019800.0,0.0,0.33594988966606926,0.012806956773559267,0.9778141024347142,471
36061019000.0,36061019000.0,0.0,0.19523022962602674,0.0032977711139347164,0.8854975936790386,277
36061020000.0,36061020000.0,0.0,0.16891934952583848,0.0036631174460386743,0.8003390555317537,212
36061027500.0,36061027500.0,0.0014684287812041115,0.6239241471198239,0.05029012585817874,0.9999448867857845,681
36061000700.0,36061000700.0,0.002583979328165375,0.7641769744740825,0.04751533798073149,0.9999999971593626,774
36061000900.0,36061000900.0,0.0,0.5363223592693326,0.03123473256130731,0.9995721956983091,926
36061003001.0,36061003001.0,0.0015128593040847202,0.2637875835048445,0.005973865543335949,0.9714253593184092,661
36061005900.0,36061005900.0,0.0,0.11098280784891426,0.0012440116307665505,0.6468504975550906,427
36061006100.0,36061006100.0,0.0,0.13295005595305248,0.002693649520180988,0.684000613762412,646
36061005000.0,36061005000.0,0.0,0.1609134768670784,0.0027823633133499366,0.7834073931790037,748
36061010601.0,36061010601.0,0.0,0.3117561505445973,0.005290790540890972,0.9814143309121854,722
36061012800.0,36061012800.0,0.0,0.3769088201808101,0.017775543070906532,0.9851003292524597,733
36061004700.0,36061004700.0,0.0,0.26390839714245595,0.0033706501560504757,0.9738232204261166,924
36061004900.0,36061004900.0,0.001885014137606032,0.26057753338713374,0.0054267485616441985,0.9703967107514083,1061
36061013203.0,36061013203.0,0.0,0.5857582869025557,0.04641600867294265,0.9998324661810174,402
36061013400.0,36061013400.0,0.0,0.5506495354526317,0.053443635537609675,0.9990062771203475,543
36061011000.0,36061011000.0,0.0005299417064122947,0.6235614567336747,0.05452820343591894,0.9999667669204608,1887
36061013800.0,36061013800.0,0.0,0.48363566890279747,0.03281241431446524,0.9971334419689544,744
36061014000.0,36061014000.0,0.0,0.40782689723021376,0.020673892388512628,0.9906437503441035,866
36061013603.0,36061013603.0,0.0,0.4298789758220624,0.015402600513406481,0.9965214491050802,220
36061013604.0,36061013604.0,0.0,0.38774790870778403,0.01644524722533986,0.9903522547946064,176
36061014402.0,36061014402.0,0.007194244604316547,0.9249126945600601,0.2789793178413039,0.9999999999990554,417
36061014200.0,36061014200.0,0.0009132420091324201,0.5291042751572868,0.02066427193733882,0.9999309056497522,1095
36061002202.0,36061002202.0,0.0,0.1660586007083078,0.0022120360205454327,0.8190260011738915,259
36061003002.0,36061003002.0,0.0,0.1900540549606877,0.0033136415221125927,0.8660213963829183,533
36061018200.0,36061018200.0,0.0,0.3037175976092568,0.010965823310849068,0.9583963204713154,317
36061018800.0,36061018800.0,0.0,0.4541119291695783,0.021221340340135324,0.9979715649529852,428
36061017900.0,36061017900.0,0.0,0.31642623813650117,0.0036941629126715668,0.9894059537436701,466
36061018300.0,36061018300.0,0.0007204610951008645,0.46979273935083776,0.007558136331409749,0.999908996212968,1388
36081045500.0,36081045500.0,0.0,0.136409449675801,0.001689723048561001,0.7485915214283392,286
36081071702.0,36081071702.0,0.0,0.3230438272967475,0.011057659575202144,0.9695149255751268,1770
36005006700.0,36005006700.0,0.0,0.224053621991916,0.002575025158879013,0.9396437109728321,156
36005006900.0,36005006900.0,0.0,0.25231577676386013,0.004497825090222907,0.9513891720755924,171
36005038304.0,36005038304.0,0.0,0.10122207348680742,0.0016695252140856542,0.5868100440829832,111
36005036502.0,36005036502.0,0.0,0.1890403646534761,0.004592907984440758,0.8416874041505163,156
36005036700.0,36005036700.0,0.0,0.024367287288057857,0.00017586132895795192,0.17422583609563694,10
36005002001.0,36005002001.0,0.0,0.10170045772038258,0.0004322880640551446,0.6935383015086303,92
36005002400.0,36005002400.0,0.0,0.3061539946701238,0.0144239442623434,0.9464131813886452,470
36005007700.0,36005007700.0,0.0,0.11946357961346589,0.001461726724878032,0.6825190858423383,90
36061023000.0,36061023000.0,0.0,0.18751054438399392,0.0030210936887565126,0.8790689589204288,240
36061023200.0,36061023200.0,0.0,0.23388111846475634,0.005349155676538264,0.9197800861877178,309
36005043502.0,36005043502.0,0.003484320557491289,0.6694113904559122,0.07713419713498913,0.9999620063257286,287
36005022401.0,36005022401.0,0.0,0.44218365788654135,0.019800868720784046,0.9963281895203983,162
36061020901.0,36061020901.0,0.0,0.17849520613029143,0.005258817646025887,0.7839448791515781,270
36061025700.0,36061025700.0,0.0,0.1720074607288047,0.005526574431798104,0.7528017231046618,290
36061019701.0,36061019701.0,0.0,0.19736802613249552,0.0081308581203413,0.7853125259388428,276
36061020102.0,36061020102.0,0.0,0.10361094349844234,0.0015215131418552352,0.6127816436489444,113
36005015500.0,36005015500.0,0.0,0.09663493837478034,0.0008024932721933942,0.6108876715573889,69
36005038500.0,36005038500.0,0.0,0.12189953197618938,0.0025088073985782304,0.6456741527985291,144
36005039500.0,36005039500.0,0.004021447721179625,0.3858079850151757,0.01873470224569246,0.9912485795605315,746
36005028300.0,36005028300.0,0.01729106628242075,1.0,1.0,1.0,347
36005028500.0,36005028500.0,0.0,0.4008698338593259,0.022166337061000636,0.9866312174002378,137
36061006600.0,36061006600.0,0.0,0.2614481013983156,0.0061121866283372515,0.9466481752276542,604
36061005600.0,36061005600.0,0.0007396449704142012,0.26440125411032234,0.006033957724714648,0.9646163404184211,1352
36061007400.0,36061007400.0,0.0,0.3031375512403574,0.009223179874175636,0.9613515694582901,1884
36081009100.0,36081009100.0,0.0,0.11084897032853032,0.0005089469133018997,0.7280132672570738,121
36061015200.0,36061015200.0,0.0008576329331046312,1.0,1.0,1.0,1166
36081033100.0,36081033100.0,0.0018260075648884831,1.0,1.0,1.0,7667
36081076901.0,36081076901.0,0.0,0.2512402942214689,0.005815906258147929,0.9454453973649036,473
36081076902.0,36081076902.0,0.0,0.33691341025668864,0.009452894840818932,0.9862392373855797,505
36081029900.0,36081029900.0,0.002136752136752137,1.0,1.0,1.0,468
36081031700.0,36081031700.0,0.004166666666666667,1.0,1.0,1.0,1920
36061002500.0,36061002500.0,0.004672897196261682,1.0,1.0,1.0,856
36005027401.0,36005027401.0,0.0,0.4546386018210042,0.02154699926889179,0.9979362975431941,667
36005027402.0,36005027402.0,0.0,0.08514346647075713,0.0001301195031255059,0.6980302022143594,11
36081071306.0,36081071306.0,0.0,0.17378485313636202,0.002252275980262225,0.8351525038663211,516
36061016700.0,36061016700.0,0.0,0.3884345885166721,0.009091230511264514,0.9956687036015335,926
36081000104.0,36081000104.0,0.0011655011655011655,0.8913628861203173,0.27933210543634246,0.9999999999513901,2574
36081129103.0,36081129103.0,0.013333333333333334,0.692767347552026,0.03261269690047235,0.9999994874202603,75
36061023300.0,36061023300.0,0.0,0.2681220770507366,0.003073618010997123,0.971456574689263,382
36061023700.0,36061023700.0,0.0,0.35137989552363996,0.00679696389745153,0.9919804457128865,458
36005041400.0,36005041400.0,0.0025380710659898475,0.5084016400365026,0.005126121125538377,0.9999860591919679,394
36005041800.0,36005041800.0,0.00390625,0.4371847221877589,0.02354875135541163,0.9949997927822314,256
36081053501.0,36081053501.0,0.0,0.48856425716679885,0.032824447800091874,0.9973472170150511,345
36081052500.0,36081052500.0,0.0,0.3378907083222386,0.012657647585278858,0.9796488982596184,254
36081059502.0,36081059502.0,0.008522727272727272,1.0,1.0,1.0,352
36005016500.0,36005016500.0,0.0,0.28616513306043073,0.009334427668831708,0.9459344331970104,434
36005016700.0,36005016700.0,0.0,0.2501491588972794,0.005207251084750401,0.9404648087925505,272
36081002500.0,36081002500.0,0.0,0.4714462053391126,0.021772065360689912,0.9983181792372954,1015
36061021400.0,36061021400.0,0.0,0.21838149879631902,0.005747087241694276,0.8994710437292399,238
36005041100.0,36005041100.0,0.0,0.23035202299300367,0.004021349619023326,0.9341919614530749,160
36005041300.0,36005041300.0,0.0,0.29013952713075203,0.00945093474205232,0.9537962718339574,222
36005030202.0,36005030202.0,0.0,0.4239389106779632,0.014293328223976021,0.9968062002432865,244
36005046205.0,36005046205.0,0.0007022471910112359,0.8275503014343732,0.23886957761342578,0.9999996693289754,1424
36081157101.0,36081157101.0,0.002369668246445498,0.5249066377600559,0.020726165573164878,0.9998840006728125,844
36081157102.0,36081157102.0,0.0,0.34174597108187077,0.004305983989473703,0.9945884049283339,376
36005043501.0,36005043501.0,0.014446227929373997,1.0,1.0,1.0,623
36005045101.0,36005045101.0,0.0,0.3418110774142645,0.00944373640139351,0.9845382648926231,104
36081000701.0,36081000701.0,0.0,0.5244024278707837,0.02594933217972519,0.9996648187460159,2419
36081001901.0,36081001901.0,0.0,0.3994920184819669,0.014051174941406253,0.9937471551130302,690
36061012902.0,36061012902.0,0.0017513134851138354,0.3303082474558702,0.0031601821488795507,0.9982012242209811,1142
36061013501.0,36061013501.0,0.0,0.2507038110622394,0.002568685981526861,0.9677804325125455,889
36061013502.0,36061013502.0,0.0,0.3087922223440232,0.005536693207695578,0.9834943583540333,1288
36005014500.0,36005014500.0,0.0,0.2766507295400537,0.007882387872344293,0.9552584221364697,264
36005014701.0,36005014701.0,0.0,0.15058674300077565,0.0024220659073432046,0.7560273525073454,107
36081001903.0,36081001903.0,0.0013686131386861315,1.0,1.0,1.0,2192
36081003301.0,36081003301.0,0.0016750418760469012,0.6693811730287758,0.06086391156657468,0.9999945344332374,1194
36061011500.0,36061011500.0,0.0007680491551459293,0.36697699430235997,0.012582235050093418,0.9949874713238911,1302
36081008800.0,36081008800.0,0.001483679525222552,0.6107189243645331,0.06359019135134154,0.9998161814227794,674
36081006202.0,36081006202.0,0.008094186902133923,1.0,1.0,1.0,1359
36061015900.0,36061015900.0,0.005031446540880503,0.45108253344827653,0.010050825863039348,0.9996832711021776,795
36061016300.0,36061016300.0,0.0018115942028985507,1.0,1.0,1.0,1104
36085000300.0,36085000300.0,0.0,0.18370395621407104,0.0006066323354254694,0.9341458284673977,114
36085000600.0,36085000600.0,0.0,0.16638202402624014,0.0006279247942866023,0.8988366978944732,68
36085000700.0,36085000700.0,0.0,0.12726182754442017,6.464327745287491e-05,0.8940469598560722,67
36085000800.0,36085000800.0,0.0,0.18402873444239098,0.000928736519971457,0.90750752160845,160
36085000900.0,36085000900.0,0.0,0.07768426556582406,8.267445326727852e-05,0.6442437000349573,35
36085001100.0,36085001100.0,0.0,0.05257024037413807,0.00014358029087902514,0.40584942950588704,21
36085001700.0,36085001700.0,0.0,0.05434976621361752,0.00010559483799305325,0.46919949078592665,14
36085002700.0,36085002700.0,0.0,0.10516943094160319,0.0001506977619873312,0.7695133013638148,20
36085002900.0,36085002900.0,0.0,0.2089219386407251,0.0024463658392301665,0.9170785412716783,170
36085003300.0,36085003300.0,0.0,0.1271446371496319,0.000866806601160508,0.7609236772067748,95
36085004001.0,36085004001.0,0.02702702702702703,0.19078212974216677,0.00035011556941559054,0.9533088594470858,37
36085004002.0,36085004002.0,0.0,0.0840420684035911,0.00041259946885104093,0.5801533842010165,50
36085004003.0,36085004003.0,0.0,0.12460971426364552,0.0004200605040127814,0.8095017351307915,81
36085004004.0,36085004004.0,0.0,0.2523821560406531,0.0035975214718559608,0.953707171860551,481
36085004700.0,36085004700.0,0.0,0.2165513547150737,0.005280271913995244,0.8902112464548074,459
36085005000.0,36085005000.0,0.0,0.16576858778627715,0.0028327098425138227,0.8010375618790401,243
36085006700.0,36085006700.0,0.0,0.07525008173371676,0.0004160414991470629,0.520581292909787,94
36085007001.0,36085007001.0,0.005847953216374269,0.37090081182180784,0.0013638476366184039,0.999340448202286,171
36085007400.0,36085007400.0,0.0,0.21002174465467105,0.0005636881381836518,0.9581369048436542,119
36085008100.0,36085008100.0,0.0,0.05445729067199472,7.632796691483534e-05,0.45787551493206985,30
36085009601.0,36085009601.0,0.0,0.15944210974699918,0.0005172727364783997,0.8800126777521435,118
36085009602.0,36085009602.0,0.0,0.15123619422493628,0.0008642701778981438,0.8320531197795302,141
36085009701.0,36085009701.0,0.0,0.04101021354561577,5.843210967668433e-05,0.36559392621736103,38
36085009702.0,36085009702.0,0.0,0.03602409168246647,8.220028162347904e-06,0.3731363714579924,11
36085010500.0,36085010500.0,0.0,0.09836399956336316,0.00023443024458267848,0.6896770636781842,153
36085011201.0,36085011201.0,0.0,0.19115151710702383,0.0011274166674845154,0.9100240681244823,167
36085011203.0,36085011203.0,0.0,0.17063387810141106,0.0005991758690891997,0.8895154765540647,239
36085011401.0,36085011401.0,0.0,0.08772897507242712,0.00030454606064168053,0.6037124776458654,57
36085011402.0,36085011402.0,0.0,0.09376338541555153,0.00021826920202803747,0.6730908852844208,71
36085012100.0,36085012100.0,0.007936507936507936,0.09349723566875077,0.0002637873468187363,0.6737584476251848,126
36085012200.0,36085012200.0,0.0,0.12388128154499388,0.00035479800501668767,0.7718743118938434,143
36085012805.0,36085012805.0,0.015625,0.28254612223357556,8.967282757269546e-05,0.9992144538966381,64
36085012806.0,36085012806.0,0.0,0.14181882439797633,0.00020386987896753306,0.8631810064567064,109
36085013301.0,36085013301.0,0.0,0.03607565305182502,6.451695844966743e-06,0.3742706815584764,16
36085013302.0,36085013302.0,0.0,0.09108649962903918,0.0003619287159674356,0.6216589578538899,180
36085013400.0,36085013400.0,0.0,0.09846575194607378,0.0004576042566672905,0.6416218099333618,110
36085014607.0,36085014607.0,0.0,0.16255294975933332,0.0007602609899273361,0.8812930644866667,141
36085014608.0,36085014608.0,0.0,0.08952360366285152,0.00013170302642891152,0.7059352086307993,53
36085015100.0,36085015100.0,0.0,0.07820308077101315,0.0004990675045631665,0.5496920020249041,122
36085015400.0,36085015400.0,0.0,0.08590921164537174,4.866989015755996e-05,0.7220950122286613,36
36085015601.0,36085015601.0,0.0,0.12262650140845228,0.0003518414033472861,0.7869350263571845,143
36085015602.0,36085015602.0,0.0,0.04477048125331244,8.928257254624261e-05,0.36764344406251803,30
36085016901.0,36085016901.0,0.0,0.2989798059716305,0.006122562754626679,0.9738070570431052,974
36085017007.0,36085017007.0,0.0,0.12542964814286728,0.0005714272730449277,0.7638996946446244,44
36085017009.0,36085017009.0,0.0,0.12439066805136653,0.0007625739640445107,0.7557675045536372,90
36085017011.0,36085017011.0,0.0,0.03168128184436434,7.251515369210703e-05,0.253958908983007,18
36085017012.0,36085017012.0,0.0,0.12145993457527383,0.0014231322134388602,0.6699004815035821,109
36085017013.0,36085017013.0,0.0,0.16320155389806393,0.0004624946705994837,0.9222392447654669,51
36085017014.0,36085017014.0,0.0,0.07477215946095478,0.0002405419935493619,0.566844864534782,30
36085017015.0,36085017015.0,0.0,0.06692743455401191,0.00022974260682814832,0.5291251931341218,28
36085017300.0,36085017300.0,0.0,0.0946477793176492,0.0003155633219424275,0.6658854359650294,83
36085017701.0,36085017701.0,0.0,0.1813556430567583,0.003923643716923777,0.8181338967869505,341
36085017702.0,36085017702.0,0.0,0.05784858976620193,6.583168200959555e-05,0.5128048449054524,26
36085018100.0,36085018100.0,0.0,0.12464691767350805,0.0025543380146364593,0.631264982101428,174
36085018701.0,36085018701.0,0.0,0.18333224966134876,0.003270066749172726,0.8509318684771602,379
36085018703.0,36085018703.0,0.007246376811594203,0.2518657653675614,0.0008863248988563333,0.9902916957290109,138
36085018704.0,36085018704.0,0.0043859649122807015,0.26933777172073153,0.0012981317015444028,0.9951897398228103,228
36085018901.0,36085018901.0,0.0,0.10810470091943934,0.001120962687385707,0.6396995197487921,163
36085018902.0,36085018902.0,0.0,0.3799445626874127,0.008187896863240788,0.9965821598691895,1224
36085019700.0,36085019700.0,0.0,0.03427103495809376,7.028102566636607e-05,0.2922268685228927,29
36085020100.0,36085020100.0,0.0,0.05317876092617767,0.00026963464594002287,0.3873074571901885,92
36085020701.0,36085020701.0,0.0,0.105037838592772,0.0001275463464121246,0.7884842681083907,153
36085020702.0,36085020702.0,0.0,0.058728712307298474,0.00012799301583193423,0.4674894252345983,81
36085020804.0,36085020804.0,0.0,0.11670282468404043,0.0009241601954757039,0.7004539683317054,106
36085020805.0,36085020805.0,0.0,0.1406530388082902,0.0007019787052379822,0.8174021781436202,90
36085020806.0,36085020806.0,0.0,0.1219101850134094,0.0010064724840363887,0.71593831427864,71
36085022300.0,36085022300.0,0.0,0.11364927542373905,0.00022177836218802982,0.7682813060744251,185
36085022601.0,36085022601.0,0.0,0.19569996194245165,0.0005216621081940127,0.9468175808547085,245
36085022801.0,36085022801.0,0.011049723756906077,1.0,1.0,1.0,181
36085023100.0,36085023100.0,0.0,0.12110154755457347,0.00016270810475281784,0.8232116961661748,162
36085023900.0,36085023900.0,0.0,0.038057641106032034,0.00013597511672588936,0.28888962855969147,55
36085024401.0,36085024401.0,0.0,0.11044743551268389,8.600685133827723e-05,0.8039498036559352,115
36085024402.0,36085024402.0,0.0,0.10469165123467837,1.3643919881992094e-05,0.8601082198054076,68
36085025100.0,36085025100.0,0.0,0.0960111299682745,0.0008035220273061361,0.5989306456604678,176
36085027301.0,36085027301.0,0.0,0.2931737669739599,0.010696745439421174,0.9533759688369436,469
36085027302.0,36085027302.0,0.007874015748031496,0.2644452710206837,0.001060195394521421,0.9912233567328361,127
36085027704.0,36085027704.0,0.0,0.09840058822902645,0.00031141331174707463,0.7005076770713826,47
36085027705.0,36085027705.0,0.0,0.07709629316402918,0.00010959997271735856,0.634104321203227,26
36085027900.0,36085027900.0,0.0,0.16502581418398968,0.0034632699760321073,0.7674722287573592,211
36085029105.0,36085029105.0,0.0,0.17856114576698073,0.0013696998171327886,0.8975730459101798,112
36085030302.0,36085030302.0,0.0,0.0933829804760598,0.00042694090365030525,0.6356923505804826,141
36085031902.0,36085031902.0,0.0,0.1210900843011128,0.000100000148314347,0.8417375867096477,139
36047000100.0,36047000100.0,0.0,0.5668026885991492,0.053750230676560776,0.9994138412570797,703
36047000301.0,36047000301.0,0.006830601092896175,1.0,1.0,1.0,732
36047000501.0,36047000501.0,0.0,0.2849715174421403,0.004802498017484632,0.972384716861302,148
36047000502.0,36047000502.0,0.0,0.2906438676457246,0.008437233279429194,0.9624041231266133,211
36047000700.0,36047000700.0,0.0,0.43565889249696294,0.030226165463524256,0.9927202092508233,480
36047001502.0,36047001502.0,0.0,0.39252064932240477,0.013316432202189872,0.9943488596846597,756
36047001803.0,36047001803.0,0.024793388429752067,1.0,1.0,1.0,121
36047002000.0,36047002000.0,0.0,0.5578838199793088,0.03929179802798374,0.9997346275535408,935
36047003000.0,36047003000.0,0.0,0.16750457191968757,0.0017510527501236608,0.852260007347886,117
36047003101.0,36047003101.0,0.0055248618784530384,0.5103486525726548,0.0135249623689227,0.9998734201187829,362
36047003102.0,36047003102.0,0.0,0.2514945655625742,0.006528111864034983,0.9267820101297086,156
36047003300.0,36047003300.0,0.0,0.32319814841239514,0.012076660823624066,0.973744635077086,614
36047003400.0,36047003400.0,0.0,0.29789249434987897,0.0020717349983757627,0.9909230365070029,552
36047003500.0,36047003500.0,0.0,0.3138561353239628,0.01296095950345785,0.9624776953495431,559
36047003600.0,36047003600.0,0.0,0.05940792967356681,0.0005448735881414451,0.40458386582413874,49
36047003700.0,36047003700.0,0.0,0.31236449860926413,0.011748688291104892,0.958115274171553,637
36047003800.0,36047003800.0,0.0,0.1049884538017955,9.93524479764224e-05,0.8030711892271946,76
36047003900.0,36047003900.0,0.0,0.3281317015354418,0.01240134606664681,0.968507545429557,688
36047004100.0,36047004100.0,0.0,0.25361822576311316,0.005526211556319708,0.9407748068105674,440
36047004300.0,36047004300.0,0.0,0.2864437063487435,0.0057793728333507795,0.97378068076642,532
36047004400.0,36047004400.0,0.0,0.11616106707779095,0.0005944783683994676,0.7450722373434261,175
36047004500.0,36047004500.0,0.0,0.2880971462257703,0.011264218932932368,0.9444938770197031,339
36047004700.0,36047004700.0,0.0,0.720535467998198,0.12336487250769024,0.9999841448131458,1298
36047004900.0,36047004900.0,0.0,0.38615384322891794,0.013315751828011368,0.9924671932957232,240
36047005000.0,36047005000.0,0.0,0.07170614855601222,9.569151275234666e-05,0.583613848210932,87
36047005201.0,36047005201.0,0.0,0.08820268783965644,5.811741712954399e-05,0.7434250890392163,92
36047005202.0,36047005202.0,0.0,0.09673729908034384,5.20534203608175e-05,0.7768863199406956,81
36047005301.0,36047005301.0,0.017985611510791366,1.0,1.0,1.0,278
36047005303.0,36047005303.0,0.01948051948051948,0.9755064090438001,0.729036343449375,0.9999999999999993,154
36047005400.0,36047005400.0,0.013333333333333334,0.17353867659844133,8.023280067842586e-05,0.9805078759136493,75
36047005601.0,36047005601.0,0.0,0.08607531483511593,6.73636470751804e-05,0.6942177249053595,80
36047005602.0,36047005602.0,0.0,0.14649906214283162,0.00012600081837392253,0.9067811657659874,228
36047005800.0,36047005800.0,0.0,0.11469582840155312,0.00042213223556318845,0.7400406915229553,204
36047006000.0,36047006000.0,0.0,0.07070669370728014,0.00016995929908272535,0.5677564154252865,96
36047006200.0,36047006200.0,0.0,0.05815454438353299,0.00024826263972896887,0.44070667711920153,83
36047006400.0,36047006400.0,0.0,0.08185169752072266,0.0007544921671365334,0.5420055356537461,132
36047006500.0,36047006500.0,0.0,0.6573710160181028,0.09170099084679767,0.9998675897732328,703
36047006600.0,36047006600.0,0.0,0.08762730947160552,0.0006728362169840575,0.5706690941818505,106
36047006700.0,36047006700.0,0.0,0.382968758870991,0.026699937068842126,0.9788622056408783,272
36047006800.0,36047006800.0,0.0,0.17753232079441922,0.0037720205441412412,0.8290762392887748,196
36047006901.0,36047006901.0,0.0,0.1672227533421009,0.001806865885351569,0.8512660451732843,145
36047006902.0,36047006902.0,0.0,0.21101589226711057,0.002097538565690965,0.9373280863966155,179
36047007000.0,36047007000.0,0.0021691973969631237,1.0,1.0,1.0,461
36047007100.0,36047007100.0,0.0,0.2654646806471259,0.008050178884438505,0.9310192529851953,300
36047007200.0,36047007200.0,0.008797653958944282,0.9091019471630012,0.1404618579492675,0.9999999999994855,341
36047007400.0,36047007400.0,0.0,0.27804280684464827,0.0076392076903954165,0.956701129206812,203
36047007600.0,36047007600.0,0.0,0.20675402011362026,0.0038008363113953476,0.8988634463435083,194
36047007800.0,36047007800.0,0.0,0.22906063015238823,0.004839404783389448,0.9300129435126134,190
36047008000.0,36047008000.0,0.0,0.27646860368050463,0.006765084284945225,0.9534856913809119,256
36047008200.0,36047008200.0,0.0,0.3055101904819737,0.006685956220181144,0.979191806816824,272
36047008400.0,36047008400.0,0.0,0.5997423598413023,0.056346199832951485,0.9997759257721673,761
36047008500.0,36047008500.0,0.0,0.38583626130644205,0.008337147109191239,0.9970492371531345,95
36047008600.0,36047008600.0,0.0,0.09981663683976279,0.0012377465355387196,0.6114835851070036,59
36047008800.0,36047008800.0,0.0,0.22530995297373024,0.0034118789209046903,0.9389442973990786,171
36047009001.0,36047009001.0,0.0,0.08830814919529069,0.0005804418422078433,0.5972214619261235,36
36047009002.0,36047009002.0,0.0,0.10623030303939793,0.0008470735433172366,0.6834766088284449,48
36047009201.0,36047009201.0,0.0,0.03777350139976882,0.00029864046455658767,0.26677388400817914,18
36047009202.0,36047009202.0,0.0,0.06758867220829083,0.0005243119699828158,0.4783244387286156,32
36047009401.0,36047009401.0,0.0,0.09309872289572806,0.0009365561925726712,0.5890070613272717,64
36047009402.0,36047009402.0,0.0,0.08256510297782442,0.0007186010573914658,0.5391128184583185,54
36047009600.0,36047009600.0,0.0,0.1775468899301991,0.003019463735663641,0.8350740609302687,162
36047009800.0,36047009800.0,0.0,0.13404005153814438,0.0020355432439851636,0.7238710138805868,115
36047010000.0,36047010000.0,0.0,0.1206366451834562,0.0016671856857783495,0.6917222881796251,102
36047010200.0,36047010200.0,0.0,0.14537658360233918,0.001816939544278387,0.7790728876505718,126
36047010401.0,36047010401.0,0.0,0.08109450742001595,0.0004229875184238202,0.5756400444079651,54
36047010402.0,36047010402.0,0.0,0.06900309819378499,0.00022804790139613896,0.5349782646666688,40
36047010601.0,36047010601.0,0.0,0.06582574896242901,0.0006340644643533539,0.43547679436324416,50
36047010602.0,36047010602.0,0.0,0.04600174573567382,0.0002943318530716471,0.3314502363430789,30
36047010801.0,36047010801.0,0.0,0.07834080253702005,0.0008180924648939492,0.5119126988437399,58
36047010802.0,36047010802.0,0.0,0.059392171986099,0.0004476034998474543,0.4091137205494576,41
36047011000.0,36047011000.0,0.0,0.2830728696370671,0.00694807717651115,0.9626812929095552,178
36047011200.0,36047011200.0,0.0,0.19885692671598396,0.0028680860804505687,0.8807450604556665,177
36047011400.0,36047011400.0,0.0,0.16118214002617573,0.002710096484234617,0.792744186708502,179
36047011600.0,36047011600.0,0.0,0.06843871456020165,0.0009410765756688561,0.42489833814111844,62
36047011800.0,36047011800.0,0.0,0.14434517265955582,0.003037859000317933,0.7453229133848386,163
36047011901.0,36047011901.0,0.0036596523330283625,1.0,1.0,1.0,1093
36047011902.0,36047011902.0,0.013119533527696793,1.0,1.0,1.0,686
36047012000.0,36047012000.0,0.0038910505836575876,0.3685452343134579,0.007528977637339523,0.9978186666627644,514
36047012100.0,36047012100.0,0.0018050541516245488,0.7077959194104244,0.05609022074291296,0.9999993534007408,554
36047012200.0,36047012200.0,0.0,0.31540626980382114,0.009909025336412344,0.977060155137768,285
36047012600.0,36047012600.0,0.0,0.41681595472559574,0.02513678516818875,0.9893547347122776,798
36047012700.0,36047012700.0,0.0,0.31889829488083005,0.010189899489864537,0.9763721883489298,372
36047012801.0,36047012801.0,0.0,0.0650351194828432,0.0005873488801771936,0.4365106295185418,58
36047012901.0,36047012901.0,0.0,0.3697815845705728,0.011632318662740481,0.9912721286879762,538
36047012902.0,36047012902.0,0.0,0.33476673480911356,0.011763049301237135,0.9804292517006264,488
36047013000.0,36047013000.0,0.0,0.2331476018137155,0.002511020065212619,0.9525961985011158,299
36047013100.0,36047013100.0,0.0,0.38318193755842483,0.020053707968941552,0.9872088059029831,358
36047013200.0,36047013200.0,0.0,0.0688759863665527,0.0009408172336069359,0.42356260473059243,91
36047013300.0,36047013300.0,0.0,0.4062575392539471,0.015025063598153235,0.9959297505399825,332
36047013400.0,36047013400.0,0.0,0.26040118216499286,0.007164643322678607,0.9399208525923938,669
36047013500.0,36047013500.0,0.0,1.0,1.0,1.0,199
36047013600.0,36047013600.0,0.0,0.1308032334217028,0.0019918584298036167,0.6910169127601512,283
36047013700.0,36047013700.0,0.0,0.3864387529501579,0.01583136918215804,0.9927038312063163,319
36047013800.0,36047013800.0,0.0,0.0923139787825868,0.00059806818757063,0.6056558234250928,169
36047013900.0,36047013900.0,0.0,0.3861774033156748,0.013719079775167915,0.9929312370533878,516
36047014000.0,36047014000.0,0.0,0.0973929841080888,0.0012676443000506077,0.5765206094967772,135
36047014200.0,36047014200.0,0.0,0.22717027531989215,0.003239537089573033,0.9327940559106768,634
36047014700.0,36047014700.0,0.004545454545454545,0.4806980829747053,0.010684155958583495,0.9998090077598174,220
36047014800.0,36047014800.0,0.0,0.09178418956203281,0.00048395586351358545,0.6210035463031954,56
36047014901.0,36047014901.0,0.0,0.18322963490030508,0.0031875185001755623,0.8629754351218217,144
36047014902.0,36047014902.0,0.0,0.33785987202817025,0.012970828681376462,0.977291750938104,359
36047015000.0,36047015000.0,0.0,0.10879570147174304,0.0009001530112259237,0.7011171424499436,72
36047015100.0,36047015100.0,0.0,0.2957892012745834,0.006214547174231641,0.9735210163978822,363
36047015200.0,36047015200.0,0.0,0.09129315126629181,0.0008073014153515329,0.5846833209500926,114
36047015300.0,36047015300.0,0.0,0.3851939677072317,0.015689120221020012,0.9928461681992657,481
36047015400.0,36047015400.0,0.002079002079002079,1.0,1.0,1.0,481
36047015500.0,36047015500.0,0.0,0.32519727336780696,0.010669503897143889,0.9802237956081137,277
36047015700.0,36047015700.0,0.0,0.38552605726462424,0.012868791738490306,0.9930532548378805,387
36047015900.0,36047015900.0,0.0010845986984815619,0.646835736161867,0.07880069946478994,0.9999295756865254,922
36047016000.0,36047016000.0,0.0,0.22264758421404168,0.003725708981914569,0.9115054730691903,689
36047016100.0,36047016100.0,0.002642007926023778,1.0,1.0,1.0,757
36047016300.0,36047016300.0,0.002127659574468085,0.3192092141617899,0.009525626698546683,0.9782630178950192,470
36047016500.0,36047016500.0,0.0,0.5185335032519724,0.03480928619772144,0.9989683452454712,717
36047016600.0,36047016600.0,0.0,0.1185572040840682,0.0013415961265815569,0.6836640173367968,130
36047016700.0,36047016700.0,0.0,0.48963287547562606,0.03346486355475603,0.9973980737109576,670
36047016800.0,36047016800.0,0.0023752969121140144,0.39843824220879454,0.0034082966460625115,0.9997317614974673,421
36047016900.0,36047016900.0,0.0,0.4625668076323853,0.02038930556903033,0.9978451558525953,402
36047017000.0,36047017000.0,0.0,0.22796565258108786,0.0018268425243370635,0.9579295439997398,212
36047017200.0,36047017200.0,0.0,0.15343041174448158,0.0017000601588931935,0.8095612494363268,117
36047017400.0,36047017400.0,0.0,0.2944192567519233,0.0031784463097905224,0.9863166628733552,480
36047017500.0,36047017500.0,0.0011918951132300357,0.6906689446229222,0.10031849185548651,0.9999742927743275,839
36047017600.0,36047017600.0,0.0,0.2572519708057273,0.00172782804049533,0.9806524035641532,331
36047017800.0,36047017800.0,0.0,0.24408605755596308,0.00404519534873646,0.9481295972474418,175
36047017900.0,36047017900.0,0.0,0.31490785457418846,0.01108782638578137,0.9714385158606138,601
36047018000.0,36047018000.0,0.0,0.18286241390712726,0.002410509531131727,0.8715263963592432,164
36047018100.0,36047018100.0,0.0,0.2825589648019916,0.008573869972947377,0.9510450103056112,523
36047018200.0,36047018200.0,0.0,0.15867893076100195,0.0023533877905826616,0.8081926930210216,107
36047018300.0,36047018300.0,0.0,0.3330795427722691,0.009824896066806556,0.9807780786807663,452
36047018400.0,36047018400.0,0.0,0.08407554554580296,0.0006083489414904636,0.5618442531115817,53
36047018501.0,36047018501.0,0.0,0.4311045534777196,0.014249616255684753,0.9978901847906025,393
36047018600.0,36047018600.0,0.0,0.08077049966849438,0.0003126078866754867,0.6002659917391051,38
36047018700.0,36047018700.0,0.0023584905660377358,1.0,1.0,1.0,424
36047018800.0,36047018800.0,0.0,0.14729832126950215,0.0022823506917631882,0.7625169558986732,106
36047019000.0,36047019000.0,0.0,0.21302202539213494,0.003515067905361935,0.9106955782768451,221
36047019100.0,36047019100.0,0.0,0.6012211331858714,0.06939113937527423,0.999467788941015,1171
36047019200.0,36047019200.0,0.0,0.15346315644675693,0.001882478261378398,0.8061389994931714,155
36047019300.0,36047019300.0,0.0,0.24411915136771076,0.005051283449382865,0.9278574035524715,294
36047019400.0,36047019400.0,0.0,0.19988651343777478,0.003316498665766851,0.885296087348852,288
36047019500.0,36047019500.0,0.0,0.2553860166773926,0.004880035286275061,0.9495416957525,291
36047019600.0,36047019600.0,0.0,0.091129333473881,0.0014518871190361353,0.527636735086635,97
36047019700.0,36047019700.0,0.0,0.2627014947652193,0.007511581589331781,0.9393101853654825,560
36047019800.0,36047019800.0,0.0,0.06938308890358703,0.0006546877104998599,0.4614757270871767,49
36047019900.0,36047019900.0,0.00228310502283105,0.38897418618731344,0.006913975182911117,0.9987328491697796,876
36047020000.0,36047020000.0,0.0,0.06953473717397976,0.0005402001773795074,0.4908155183767151,54
36047020100.0,36047020100.0,0.0,0.2055967397527864,0.0025987946696552936,0.9073660243507587,459
36047020200.0,36047020200.0,0.0,0.05682897317650801,0.00023030296475190504,0.43196472051708035,38
36047020300.0,36047020300.0,0.0,0.24244867145504986,0.004646697838622599,0.9353272705568169,538
36047020400.0,36047020400.0,0.0,0.08089593865066005,0.0002460501461773124,0.6177474532753506,67
36047020500.0,36047020500.0,0.0,0.2834415444181757,0.005407481237088669,0.9718443076907518,424
36047020600.0,36047020600.0,0.0,0.09138651632778408,0.0008878407478762507,0.5761164405814638,130
36047020700.0,36047020700.0,0.0,0.3695760161442922,0.014117275016935152,0.9883407197635005,374
36047020800.0,36047020800.0,0.0,0.0794010033077382,0.0008898562696553536,0.5114038883407589,87
36047021000.0,36047021000.0,0.0,0.08036777121459497,0.0006491822036686662,0.5296388810034843,75
36047021100.0,36047021100.0,0.0,0.5100169195001609,0.03859307378727968,0.9979661106153938,374
36047021200.0,36047021200.0,0.0,0.19574355232310447,0.0038238410324036103,0.869882754692939,292
36047021300.0,36047021300.0,0.0,0.4068052781607318,0.016382098122978854,0.9958159465803222,376
36047021400.0,36047021400.0,0.0,0.11556664205624427,0.0014044116197824419,0.697067513034955,112
36047021500.0,36047021500.0,0.0,0.45235013064486596,0.024360955739696377,0.9970800580365798,566
36047021600.0,36047021600.0,0.0,0.11734852471997356,0.0012735913648172087,0.6842746460395396,96
36047021700.0,36047021700.0,0.0,0.33055014676320604,0.011716432302669732,0.9774391202765464,323
36047021800.0,36047021800.0,0.0,0.1515949912767738,0.0020327978912902333,0.8089726864231722,143
36047021900.0,36047021900.0,0.0,0.2613135130955596,0.008948444502579773,0.9228901999394374,470
36047022000.0,36047022000.0,0.0,0.21255507459579995,0.0036114360481639325,0.9024015268548713,224
36047022100.0,36047022100.0,0.0,0.17995655934279312,0.004034329632070621,0.8116272521460317,393
36047022200.0,36047022200.0,0.0,0.23891401352890024,0.004667124426087805,0.9341694271540362,215
36047022400.0,36047022400.0,0.0,0.33164159734008763,0.008131665249386194,0.9854117427356387,244
36047022600.0,36047022600.0,0.004405286343612335,1.0,1.0,1.0,227
36047022700.0,36047022700.0,0.0,0.2677705611280573,0.006752795896318306,0.9460969358865646,955
36047022800.0,36047022800.0,0.010676156583629894,0.9619068289778404,0.592867102757183,0.9999999999999873,281
36047022900.0,36047022900.0,0.0,0.1680515363351942,0.001058331652487407,0.8689595812152482,341
36047023000.0,36047023000.0,0.0,0.3833822054315562,0.017763640170628987,0.9872526748913212,127
36047023100.0,36047023100.0,0.0,0.16206054294378133,0.0014841234766688554,0.8381628869729926,298
36047023200.0,36047023200.0,0.0,0.39588080735479325,0.016505787293600343,0.9919050801535338,264
36047023300.0,36047023300.0,0.0,0.23989754161525748,0.003333723479705228,0.948057332131607,451
36047023400.0,36047023400.0,0.004975124378109453,0.4060606969244538,0.005151632467135431,0.9994959062023462,201
36047023500.0,36047023500.0,0.0,0.2520955197350005,0.0032189836699632627,0.9611487582543053,224
36047023600.0,36047023600.0,0.0,0.23963005129690423,0.005685675742807526,0.916577477974168,229
36047023800.0,36047023800.0,0.0,0.16208273755427832,0.00297258590865912,0.8057934617181834,136
36047024000.0,36047024000.0,0.0,0.184276153964525,0.002670495180103838,0.8652686266270504,164
36047024100.0,36047024100.0,0.0,0.34697750790221976,0.011107154473613353,0.9853162883865683,418
36047024200.0,36047024200.0,0.0,0.21841878579946175,0.004220769399577451,0.9012910026184041,161
36047024300.0,36047024300.0,0.0,0.15995770518253014,0.002103175509515942,0.8119338215273639,273
36047024400.0,36047024400.0,0.0,0.27920147945190926,0.005373804452084121,0.9694183389187581,144
36047024500.0,36047024500.0,0.0,0.14173886973382152,0.0014322079811599747,0.7784851236997714,315
36047024600.0,36047024600.0,0.0,0.27838170047176414,0.00713763855728177,0.9576998440811972,96
36047024700.0,36047024700.0,0.0,0.14232538329935945,0.003032234204660883,0.713685862251165,400
36047024800.0,36047024800.0,0.005291005291005291,1.0,1.0,1.0,189
36047024900.0,36047024900.0,0.0,0.12048171232865193,0.0012155882287789798,0.7078335190847928,263
36047025000.0,36047025000.0,0.0,0.22856022703115414,0.004084667177827242,0.913889574352958,209
36047025100.0,36047025100.0,0.0,0.11151299623713494,0.0017031516953684989,0.6283400342930889,189
36047025200.0,36047025200.0,0.0,0.36357739864514294,0.010224412750098996,0.990865903955311,374
36047025300.0,36047025300.0,0.0,0.26907856077283304,0.009247959480251733,0.9335186931545002,272
36047025400.0,36047025400.0,0.0,0.3155595808413687,0.01423965325411713,0.9630116470190043,192
36047025500.0,36047025500.0,0.012903225806451613,1.0,1.0,1.0,155
36047025600.0,36047025600.0,0.0,0.3133930111957691,0.010968711920107935,0.9683312046037118,160
36047025700.0,36047025700.0,0.0,0.3406162234253735,0.01272024554440809,0.9781474421880373,279
36047025800.0,36047025800.0,0.0,0.29687351948217094,0.004713712836516407,0.9823831061547439,130
36047025901.0,36047025901.0,0.0,0.14121132692954547,0.002246749051941846,0.7482995963932947,95
36047025902.0,36047025902.0,0.0,0.13087811888975523,0.0007402103930746834,0.7890698586640333,77
36047026000.0,36047026000.0,0.0,0.22255338410015588,0.004373678955524737,0.9198441751982683,116
36047026100.0,36047026100.0,0.0,0.17015523114751058,0.0022119799674110846,0.8498053687492381,265
36047026200.0,36047026200.0,0.0,0.17657314220228568,0.002069466612909546,0.8771829748795518,115
36047026300.0,36047026300.0,0.0,0.07642447156315234,0.0005968530508833226,0.5212513721410259,99
36047026400.0,36047026400.0,0.00684931506849315,0.3630009405929668,0.005885467893498278,0.9957743583981788,146
36047026500.0,36047026500.0,0.0,0.12442856235221127,0.0013267460171796559,0.7305728505460894,282
36047026600.0,36047026600.0,0.0,0.2525471325575165,0.0043526808512024786,0.9557308866858168,81
36047026700.0,36047026700.0,0.0,0.1147459794877323,0.0009649907573972937,0.6937444148798677,260
36047026800.0,36047026800.0,0.0,0.3716084792763795,0.015053686971904118,0.9897813294106502,92
36047026900.0,36047026900.0,0.0,0.10948535012519915,0.0007405512729144719,0.6894468875338674,230
36047027000.0,36047027000.0,0.0,0.596985451637377,0.07161057328757077,0.9993862158713397,149
36047027100.0,36047027100.0,0.002364066193853428,0.17635974432046458,0.003187752292012805,0.8717211873428757,423
36047027200.0,36047027200.0,0.0,0.4441436319609321,0.03684097499274631,0.9906237466412401,125
36047027300.0,36047027300.0,0.0,0.0874902780409486,0.00047174409074521583,0.6020966527860975,164
36047027400.0,36047027400.0,0.0,0.3084566095009066,0.009389511213104254,0.9665402324950159,105
36047027500.0,36047027500.0,0.0,0.10920466385098673,0.001111029709974537,0.6544052749271981,277
36047027600.0,36047027600.0,0.0,0.2188167012235117,0.0052523817392148755,0.8814059711701657,95
36047027700.0,36047027700.0,0.0,0.11150112580125128,0.001228795297544713,0.6559496798934122,266
36047027800.0,36047027800.0,0.015384615384615385,0.7073066648599996,0.018278098286236288,0.9999997508798262,130
36047027900.0,36047027900.0,0.0,0.13394033628710722,0.0017565850976503706,0.7391756050672169,293
36047028000.0,36047028000.0,0.0,0.3239923505681727,0.004635614658314288,0.9876450963969593,227
36047028100.0,36047028100.0,0.0,0.1627130526004123,0.0025646097484635783,0.8153724230738159,292
36047028200.0,36047028200.0,0.0,0.4431356285568436,0.01266349614810485,0.9983390478573477,348
36047028300.0,36047028300.0,0.0,0.15302571364050171,0.0017605253178496678,0.8046192856531,192
36047028400.0,36047028400.0,0.0,0.31914131829906894,0.009963661826980968,0.9725935420521112,129
36047028501.0,36047028501.0,0.0,0.18924220346561602,0.004617813196838583,0.8385093763667306,109
36047028502.0,36047028502.0,0.0,0.17033662102289007,0.002278003737852205,0.8424565800179974,149
36047028600.0,36047028600.0,0.0,0.5390761266931102,0.028209795025382244,0.9996944809444581,365
36047028700.0,36047028700.0,0.0,0.156401444958402,0.00216314460430988,0.81803646483353,199
36047028800.0,36047028800.0,0.0,0.3820517633826454,0.019341698378429115,0.9867802718852013,107
36047029000.0,36047029000.0,0.008130081300813009,1.0,1.0,1.0,123
36047029100.0,36047029100.0,0.0,0.089986121513877,0.0008144639776510615,0.5911095226881871,160
36047029200.0,36047029200.0,0.00998003992015968,1.0,1.0,1.0,501
36047029300.0,36047029300.0,0.0,0.07228201422009811,0.0007027494858324907,0.4678224135635194,150
36047029400.0,36047029400.0,0.0030120481927710845,1.0,1.0,1.0,332
36047029500.0,36047029500.0,0.0,0.07311333834799887,0.0006619310678067563,0.47712224198973,160
36047029600.0,36047029600.0,0.022304832713754646,1.0,1.0,1.0,269
36047029700.0,36047029700.0,0.0,0.06325176225146367,0.00044268470969038024,0.4359945823767384,123
36047029800.0,36047029800.0,0.016736401673640166,1.0,1.0,1.0,239
36047029900.0,36047029900.0,0.0,0.18971495404773833,0.0030416295516570604,0.8588542442119674,614
36047030000.0,36047030000.0,0.020689655172413793,1.0,1.0,1.0,145
36047030100.0,36047030100.0,0.0,0.19046381339438723,0.003386351373380098,0.8510658901222161,657
36047030200.0,36047030200.0,0.017543859649122806,1.0,1.0,1.0,171
36047030300.0,36047030300.0,0.0,0.21604102717937876,0.0028744199800206705,0.9224081302654338,698
36047030400.0,36047030400.0,0.0017211703958691911,0.893567010658186,0.2899066779711524,0.9999999995471366,581
36047030500.0,36047030500.0,0.0,0.2931907960765769,0.013051554516016372,0.9398439113996522,751
36047030600.0,36047030600.0,0.0196078431372549,1.0,1.0,1.0,102
36047030700.0,36047030700.0,0.0,0.2138068463542194,0.00475965260522272,0.8805816398153852,590
36047030800.0,36047030800.0,0.0,0.7540416631579004,0.15379113075052767,0.9999909833906406,194
36047030900.0,36047030900.0,0.0016,0.29573601789701914,0.003452667212250421,0.9940935517338545,625
36047031100.0,36047031100.0,0.0,0.22354768133788333,0.002368690314890007,0.9425454085346235,606
36047031300.0,36047031300.0,0.0,0.20688723960767894,0.003252293480087462,0.9055262973670896,654
36047031401.0,36047031401.0,0.0030581039755351682,0.9868209402404551,0.848568426085614,1.0,981
36047031402.0,36047031402.0,0.06666666666666667,0.7774048490766963,0.10224794703981327,0.9999999996750242,15
36047031500.0,36047031500.0,0.0,0.2419425132962377,0.002396666979444145,0.9647601986609607,816
36047031701.0,36047031701.0,0.0,0.13531187231670583,0.0015761268061982026,0.761498799303269,256
36047031702.0,36047031702.0,0.0,0.21541713941151974,0.007074117157786766,0.859011335459553,499
36047031900.0,36047031900.0,0.0,0.13435383863954822,0.002464407808986821,0.6934581958490086,174
36047032100.0,36047032100.0,0.0,0.26272387349674925,0.00515208825442211,0.9547493819399651,367
36047032300.0,36047032300.0,0.0,0.29010148671934133,0.005831817688079388,0.9706428048944732,392
36047032500.0,36047032500.0,0.0,0.33611789824054267,0.009940663205390226,0.9844468868631782,254
36047032600.0,36047032600.0,0.009009009009009009,0.9891851536786475,0.8779513985252727,1.0,333
36047032800.0,36047032800.0,0.07142857142857142,1.0,1.0,1.0,140
36047032900.0,36047032900.0,0.003246753246753247,1.0,1.0,1.0,308
36047033000.0,36047033000.0,0.1565217391304348,1.0,1.0,1.0,115
36047033100.0,36047033100.0,0.0,0.17689198157265046,0.003661258718868407,0.8294028426973038,254
36047033300.0,36047033300.0,0.0,0.17910690801997844,0.002095490986753379,0.863737523206143,221
36047033500.0,36047033500.0,0.0,0.14705430483022788,0.002247961338100338,0.7774051309401064,252
36047033600.0,36047033600.0,0.0,0.8541803324547255,0.23599239729432292,0.9999999973598281,105
36047033701.0,36047033701.0,0.0,0.24256820615008487,0.004172184408845478,0.9430097238123576,596
36047033702.0,36047033702.0,0.0,0.10545364764136107,0.0008768913182027576,0.6458447285569187,138
36047033900.0,36047033900.0,0.006711409395973154,0.20150146590277396,0.003245277351792253,0.9204838213231148,298
36047034000.0,36047034000.0,0.14583333333333334,1.0,1.0,1.0,48
36047034100.0,36047034100.0,0.0,0.08254144426029282,0.0006718959262582592,0.540195174973111,126
36047034200.0,36047034200.0,0.10909090909090909,1.0,1.0,1.0,55
36047034300.0,36047034300.0,0.0,0.12174400188581985,0.001077874320469338,0.7163118580514803,194
36047034500.0,36047034500.0,0.0035842293906810036,0.21499496428353077,0.00256004907084145,0.9537158316939764,279
36047034700.0,36047034700.0,0.004901960784313725,0.22709400306139738,0.001666125035835947,0.9819683912330415,204
36047034800.0,36047034800.0,0.0025906735751295338,1.0,1.0,1.0,772
36047034901.0,36047034901.0,0.0,0.1805772044568668,0.0020136740436944855,0.8643959095242829,236
36047034902.0,36047034902.0,0.0,0.11290455575415853,0.0018502140536651918,0.6398664097481436,102
36047035000.0,36047035000.0,0.0,0.5100006748044649,0.015220498116290669,0.9998647211358509,139
36047035101.0,36047035101.0,0.0,0.19720324216330454,0.0026101693362925505,0.8928555679576253,319
36047035102.0,36047035102.0,0.0,0.11273338834853125,0.000888321084238386,0.6896632886869019,119
36047035200.0,36047035200.0,0.008403361344537815,1.0,1.0,1.0,238
36047035301.0,36047035301.0,0.0,0.16330349613304837,0.002675808686207781,0.8057160458188775,297
36047035302.0,36047035302.0,0.0,0.11468672008766807,0.0021146074639452534,0.6311200883393809,174
36047035500.0,36047035500.0,0.0,0.2136242584281301,0.008891196604283919,0.8268801881544959,370
36047035601.0,36047035601.0,0.0,0.3049737955404013,0.004148233420860026,0.986616576532319,65
36047035602.0,36047035602.0,0.0,0.48599304350971195,0.03276199698260905,0.9981327979540074,129
36047035701.0,36047035701.0,0.0,0.16130687060730872,0.0009475352546534145,0.8807310830550559,167
36047035702.0,36047035702.0,0.0,0.16488028797597787,0.004618596529996427,0.7452496559715941,173
36047035900.0,36047035900.0,0.0,0.18611088798526726,0.004680150412062789,0.8244512824962432,298
36047036001.0,36047036001.0,0.01818181818181818,1.0,1.0,1.0,55
36047036002.0,36047036002.0,0.0,0.30750340232075235,0.007694148299815953,0.9782316771596012,60
36047036100.0,36047036100.0,0.0,0.24678188204162724,0.0036562024290272056,0.9521539273153355,550
36047036200.0,36047036200.0,0.0,0.5152970266759128,0.039122400456059844,0.998611501905736,225
36047036300.0,36047036300.0,0.0,0.20494829306905,0.007038041941747514,0.8213142417384146,592
36047036400.0,36047036400.0,0.0029850746268656717,0.6800285019658222,0.06315607128802565,0.9999938035721461,335
36047036501.0,36047036501.0,0.0,0.13887579733868807,0.0025773079975178357,0.7216447973484575,373
36047036900.0,36047036900.0,0.0,0.16646663481876983,0.004340090673144737,0.759985114225254,460
36047037000.0,36047037000.0,0.0,0.561518623263111,0.05621520035693049,0.9988335485003859,643
36047037100.0,36047037100.0,0.0,0.05968872942684379,0.0003039514844167812,0.4458462546564313,80
36047037300.0,36047037300.0,0.0,0.0911140500153666,0.000999108978581706,0.57140550314712,158
36047037401.0,36047037401.0,0.0,0.44751416335296035,0.024779692463177263,0.9970102760813134,133
36047037402.0,36047037402.0,0.0397196261682243,1.0,1.0,1.0,428
36047037500.0,36047037500.0,0.0,0.1190496195066339,0.0010899263359586964,0.7046068638166533,225
36047037700.0,36047037700.0,0.0,0.0872535463993994,0.0012617710845803155,0.5116678882983932,180
36047037900.0,36047037900.0,0.0,0.08903276944159359,0.0005300977398109197,0.6230033311493977,168
36047038100.0,36047038100.0,0.0,0.09630839259827037,0.0009813923758029003,0.5914389022471979,226
36047038200.0,36047038200.0,0.014925373134328358,0.77117342610635,0.13466044188852166,0.9999995341528792,67
36047038300.0,36047038300.0,0.0,0.09846416916679454,0.0008233968011236048,0.6306161104435245,213
36047038500.0,36047038500.0,0.0,0.0898797589660345,0.0011631597299429004,0.5446651789141652,188
36047038600.0,36047038600.0,0.0,0.6683956835382523,0.09260589866753981,0.9999578924335996,272
36047038800.0,36047038800.0,0.0,0.352946920875797,0.016624470524789454,0.9784281493326004,98
36047038900.0,36047038900.0,0.0,0.32606329230030234,0.015183663928339863,0.9687014777093187,392
36047039000.0,36047039000.0,0.0,0.3432118771484051,0.01450684187690783,0.977547112406814,215
36047039100.0,36047039100.0,0.0,0.1757585418961703,0.002805711479410686,0.839341320895239,235
36047039200.0,36047039200.0,0.0106951871657754,1.0,1.0,1.0,187
36047039400.0,36047039400.0,0.0,0.3426926087349365,0.015678173183094703,0.9759318324711462,265
36047039600.0,36047039600.0,0.0,0.2482608978591626,0.008960858914446543,0.9136832441630071,102
36047039700.0,36047039700.0,0.0,0.15877392940016333,0.0033292962866535796,0.7465434498546358,316
36047039800.0,36047039800.0,0.0045662100456621,0.7290731180747156,0.07405835621659529,0.9999993926975248,219
36047039900.0,36047039900.0,0.0,0.20909447819475427,0.0030179039877001714,0.9144284487926949,208
36047040000.0,36047040000.0,0.0,0.45166568732886625,0.024025693701270973,0.9962151553561859,237
36047040100.0,36047040100.0,0.0,0.17931945548460174,0.0035655113986368227,0.8159131941127744,236
36047040200.0,36047040200.0,0.01948051948051948,1.0,1.0,1.0,154
36047040300.0,36047040300.0,0.0,0.16142464368114573,0.0026552477674558926,0.7993554097984109,298
36047040400.0,36047040400.0,0.0,0.6076141367199359,0.07790010730844474,0.9996418272805937,148
36047040500.0,36047040500.0,0.0,0.15462813875600878,0.001054995528047223,0.8667382216408352,266
36047040600.0,36047040600.0,0.0,0.3657660782003079,0.012211710805916995,0.989911782337,85
36047040700.0,36047040700.0,0.0,0.06108177331995478,0.0006061098736998477,0.4153358135716771,58
36047040800.0,36047040800.0,0.0,0.4233691314488178,0.020794531286202123,0.995505952117217,167
36047040900.0,36047040900.0,0.0,0.1479159706727238,0.0025178204092061647,0.7506560039733133,168
36047041000.0,36047041000.0,0.0,0.280041450219161,0.007871849131835352,0.9599374894574538,155
36047041100.0,36047041100.0,0.0,0.1291529129605049,0.0008955052387772972,0.760398178985636,128
36047041200.0,36047041200.0,0.0,0.2821039274177788,0.0024984570832455146,0.9864029748625242,180
36047041300.0,36047041300.0,0.0,0.20506367831542174,0.0031613564264695304,0.8865415931972543,187
36047041401.0,36047041401.0,0.0,0.2594085007637692,0.006195988160351551,0.9494539758437346,159
36047041402.0,36047041402.0,0.0,0.2050534892814022,0.002569105147016587,0.9052059481215101,113
36047041500.0,36047041500.0,0.014634146341463415,0.7933185744446548,0.009388504440606597,0.9999999996010925,205
36047041600.0,36047041600.0,0.0,0.2273468445154439,0.0031583872237403443,0.9323212336707448,191
36047041700.0,36047041700.0,0.0,0.19220650240704154,0.002522344385678421,0.8682954462125573,151
36047041800.0,36047041800.0,0.0,0.3757565365162411,0.009366252759537317,0.9945934000739732,530
36047041900.0,36047041900.0,0.0,0.167508533565685,0.00219737833349854,0.840149852794271,222
36047042100.0,36047042100.0,0.0,0.16659233737475093,0.001830048028691908,0.8623860934420408,292
36047042200.0,36047042200.0,0.004347826086956522,0.47485404045350715,0.01837801553110328,0.9991734841738001,230
36047042300.0,36047042300.0,0.0,0.1079377184092879,0.0015956862370065412,0.6020629566451917,171
36047042400.0,36047042400.0,0.0,0.3452231327022591,0.013332140305994309,0.9777260855691895,193
36047042500.0,36047042500.0,0.0,0.17093313772011298,0.0027456575503674334,0.8336375944443054,297
36047042600.0,36047042600.0,0.0,0.4806585865161006,0.032168239763287816,0.9973816889053758,283
36047042700.0,36047042700.0,0.0,0.17974151300780342,0.0030858458265513255,0.8561922775121894,324
36047042800.0,36047042800.0,0.009478672985781991,1.0,1.0,1.0,211
36047042900.0,36047042900.0,0.0,0.1430058184996022,0.0024086938062999885,0.7482143768931651,258
36047043000.0,36047043000.0,0.0053475935828877,1.0,1.0,1.0,187
36047043100.0,36047043100.0,0.0,0.1868809303412733,0.003409438214908389,0.845773393362635,318
36047043200.0,36047043200.0,0.0,0.3758660345259831,0.020458379003827104,0.9808742312525357,181
36047043300.0,36047043300.0,0.004484304932735426,0.33182596295248634,0.004703465299854379,0.9952292541463233,223
36047043400.0,36047043400.0,0.0,0.39198800729962785,0.015776375875721112,0.9907603832611155,189
36047043500.0,36047043500.0,0.004545454545454545,0.2717657458869253,0.003172466646690439,0.9616916907486689,220
36047043600.0,36047043600.0,0.0,0.3716815798887646,0.01713702818091561,0.9857170636410201,180
36047043700.0,36047043700.0,0.0,0.2187157883243436,0.003916005293312094,0.8987055895079007,217
36047043800.0,36047043800.0,0.007352941176470588,0.5478448060329407,0.019269997228428013,0.9999182560829069,136
36047043900.0,36047043900.0,0.0,0.16973803447224536,0.003939929852855528,0.796463434168865,239
36047044000.0,36047044000.0,0.007575757575757576,1.0,1.0,1.0,264
36047044100.0,36047044100.0,0.0,0.13420944926247613,0.001394188604258334,0.7433184896612203,156
36047044200.0,36047044200.0,0.0,0.4955241473051441,0.036645721750074856,0.9981472537336127,291
36047044300.0,36047044300.0,0.0,0.2039414640541998,0.003538828500183325,0.8993635155364719,306
36047044400.0,36047044400.0,0.0,0.4861648185998743,0.026362936663239647,0.9988726798978014,226
36047044500.0,36047044500.0,0.0,0.17001378926255584,0.0024694231233433313,0.831503739438351,269
36047044600.0,36047044600.0,0.0,0.40829849776904636,0.01882339949903741,0.9929485426890807,189
36047044700.0,36047044700.0,0.0,0.19980974411536204,0.0029603876307964403,0.9033943306652622,292
36047044800.0,36047044800.0,0.0037174721189591076,1.0,1.0,1.0,269
36047044901.0,36047044901.0,0.0,0.4425253477754416,0.0140848893638147,0.9977350020144137,1150
36047045000.0,36047045000.0,0.008403361344537815,1.0,1.0,1.0,238
36047045200.0,36047045200.0,0.0,0.5581714903312391,0.043585753434906414,0.9994717178427435,307
36047045300.0,36047045300.0,0.0,0.31323970326698447,0.008706813365294979,0.9747543734990475,698
36047045400.0,36047045400.0,0.009174311926605505,1.0,1.0,1.0,218
36047045600.0,36047045600.0,0.004651162790697674,0.39096585499285114,0.01863010773351569,0.9887312908066093,215
36047045800.0,36047045800.0,0.009433962264150943,1.0,1.0,1.0,212
36047046000.0,36047046000.0,0.0,0.43948716147348477,0.03646799732360565,0.9905005920059323,289
36047046201.0,36047046201.0,0.0,0.4511835122732631,0.029558489244128874,0.9962058382540776,343
36047046202.0,36047046202.0,0.0,0.5500139047919648,0.04468053302219135,0.999376638383716,355
36047046400.0,36047046400.0,0.008,0.44629288624180025,0.015510423108936876,0.9979019964383445,125
36047046800.0,36047046800.0,0.0,0.17087922784985432,0.004890440709738048,0.777938146334951,40
36047047000.0,36047047000.0,0.0,0.1785659928187777,0.0028887103669881452,0.8589603728753417,86
36047047200.0,36047047200.0,0.0,0.19716992652237136,0.002825725980373228,0.8870136154459277,109
36047047400.0,36047047400.0,0.0,0.2958903860526384,0.009416560167610222,0.9623223769822846,219
36047047600.0,36047047600.0,0.0,0.39679122246727083,0.025651674346239283,0.9865375607843043,326
36047047700.0,36047047700.0,0.0008090614886731392,0.598864861917449,0.0513401552742607,0.9999236298596107,1236
36047047800.0,36047047800.0,0.0,0.5539698261843364,0.05023147764953351,0.9991637293522193,410
36047048000.0,36047048000.0,0.0,0.39747701396159674,0.026408039031477717,0.9847043017999774,251
36047048200.0,36047048200.0,0.0014005602240896359,1.0,1.0,1.0,714
36047048400.0,36047048400.0,0.0,0.5451434886030393,0.043528091428008654,0.9990180425752697,504
36047048500.0,36047048500.0,0.0,0.4308006428409358,0.039226416158943046,0.9861384130682562,877
36047048600.0,36047048600.0,0.0099601593625498,1.0,1.0,1.0,502
36047048800.0,36047048800.0,0.0,0.4770911996604561,0.016721213084415806,0.999275483004917,281
36047048900.0,36047048900.0,0.0,0.28165606215356714,0.007782284308025397,0.9627151062449616,211
36047049000.0,36047049000.0,0.001272264631043257,0.7470101974755798,0.10707432670298134,0.9999992440899877,786
36047049100.0,36047049100.0,0.011811023622047244,1.0,1.0,1.0,254
36047049200.0,36047049200.0,0.0,0.7077468314453353,0.11990473870816325,0.9999756860291575,663
36047049301.0,36047049301.0,0.0,0.13133886550350982,0.0014462574826145241,0.7416688524799523,91
36047049302.0,36047049302.0,0.0,0.4192976310009404,0.011992623714855618,0.9976967801449138,557
36047049400.0,36047049400.0,0.0014245014245014246,0.8329860508326259,0.20135656598019966,0.9999999519532985,702
36047049500.0,36047049500.0,0.0,0.3287938791731678,0.012609442937920065,0.9721802445510949,469
36047049600.0,36047049600.0,0.0,0.6194466267424976,0.07060235760608284,0.9998415076037553,286
36047049700.0,36047049700.0,0.0,0.3946976709551037,0.015940862349959794,0.9914877868658767,537
36047049800.0,36047049800.0,0.004672897196261682,0.6736067867663454,0.04454871493967328,0.9999966756465993,428
36047050002.0,36047050002.0,0.0,0.2725769521224483,0.006435929121886494,0.9656902305854329,29
36047050300.0,36047050300.0,0.0,0.38750028161752575,0.015665715025050642,0.9895150832787896,451
36047050402.0,36047050402.0,0.003976143141153081,0.9568670128879257,0.5999528932436589,0.9999999999956357,503
36047050500.0,36047050500.0,0.0,0.39536433947406857,0.0165808384156398,0.991634309358969,343
36047050700.0,36047050700.0,0.0,0.49227747150377416,0.035094489971847935,0.9978473036632275,322
36047050801.0,36047050801.0,0.006756756756756757,0.5987923558351815,0.029571014650563443,0.9999508990852398,148
36047050804.0,36047050804.0,0.0,0.5428113095932474,0.028555760507279454,0.9997761418589947,173
36047050900.0,36047050900.0,0.008620689655172414,1.0,1.0,1.0,232
36047051001.0,36047051001.0,0.0,0.27424322164615994,0.005451587598213473,0.9664722629196534,176
36047051002.0,36047051002.0,0.0,0.42365465679047154,0.02075369099227089,0.9940809065647405,251
36047051100.0,36047051100.0,0.0,0.5309736923171032,0.04224341607575152,0.9991143234514727,369
36047051300.0,36047051300.0,0.002274450341167551,1.0,1.0,1.0,1319
36047051400.0,36047051400.0,0.0,0.4249998630894128,0.021978990345637214,0.9934455237788468,293
36047051601.0,36047051601.0,0.0,0.4284632989911962,0.02179971389692614,0.9942019054051523,342
36047051602.0,36047051602.0,0.003205128205128205,0.46935636774642225,0.011430686315672903,0.9996816078127412,312
36047051700.0,36047051700.0,0.014925373134328358,0.9969425687219886,0.972371098434577,1.0,335
36047051800.0,36047051800.0,0.0,0.5326296711518352,0.042022170541281455,0.9986668426114266,448
36047051900.0,36047051900.0,0.005060728744939271,1.0,1.0,1.0,988
36047052000.0,36047052000.0,0.0027624309392265192,1.0,1.0,1.0,362
36047052300.0,36047052300.0,0.001594896331738437,0.5169328065382038,0.04294978793160492,0.9982511626886615,627
36047052500.0,36047052500.0,0.0,0.3757872958609485,0.024676691328019387,0.9761054313814207,341
36047052600.0,36047052600.0,0.0,0.4637402686043501,0.022073592261883417,0.99749039938993,278
36047052700.0,36047052700.0,0.0019880715705765406,1.0,1.0,1.0,503
36047052800.0,36047052800.0,0.0,0.3207741721843423,0.01494813829109393,0.9639987906327483,178
36047052900.0,36047052900.0,0.0,0.5004765512425725,0.037879566426864415,0.9983609672600143,318
36047053000.0,36047053000.0,0.0,0.3024114518326409,0.005256083501756775,0.9851879843916472,229
36047053101.0,36047053101.0,0.0,0.387842624242609,0.017143650050960694,0.989568025179853,121
36047053102.0,36047053102.0,0.0,0.3409231448404245,0.015497975422593204,0.974753371114351,106
36047053200.0,36047053200.0,0.0,0.18196770659006575,0.0032149118982536364,0.8349875636889731,86
36047053300.0,36047053300.0,0.0,0.5246250156389669,0.046615492240206106,0.998202504751603,443
36047053400.0,36047053400.0,0.0,0.3788388088591875,0.008472575808032604,0.9946797147411662,270
36047053500.0,36047053500.0,0.0,0.27679367279887496,0.00983000329633239,0.933991111610057,164
36047053700.0,36047053700.0,0.002079002079002079,0.8145649038730497,0.13745328131142107,0.9999999786839736,962
36047053800.0,36047053800.0,0.0,0.26982613241437786,0.00495786000003755,0.9651924273145311,249
36047053900.0,36047053900.0,0.0,0.2971976394275619,0.005279687706010538,0.9825049657448199,165
36047054400.0,36047054400.0,0.0,0.1895932826170754,0.003966872060212403,0.8422503598369325,156
36047054600.0,36047054600.0,0.0,0.37621208875983203,0.014900898018226484,0.9883461403236645,522
36047054700.0,36047054700.0,0.0,0.28010341271392497,0.0058676744667268965,0.9696026655835862,227
36047054800.0,36047054800.0,0.0,0.19639530733413246,0.004083965731093558,0.8536411518620657,159
36047054900.0,36047054900.0,0.0,0.42745367462704,0.009128721478566637,0.9984522136321439,1099
36047055000.0,36047055000.0,0.0,0.23310308480880462,0.004295854131831867,0.9183714262293332,310
36047055200.0,36047055200.0,0.0,0.22005348666539845,0.005057913280893301,0.8955417518019761,269
36047055300.0,36047055300.0,0.0,0.48474319212209777,0.025511288077590084,0.9982991263548963,409
36047055600.0,36047055600.0,0.0,0.259412413916651,0.007244453456804206,0.9453075692372079,314
36047055700.0,36047055700.0,0.0,0.4548521390178739,0.023564916409947765,0.9967585538978685,622
36047055800.0,36047055800.0,0.0,0.15110701576878086,0.0024725348793360443,0.7707729788587976,148
36047056000.0,36047056000.0,0.0,0.21998543293922285,0.004624296690924632,0.9026350623596643,327
36047056200.0,36047056200.0,0.0,0.15347904193473375,0.002118834399428682,0.790537508633525,175
36047056301.0,36047056301.0,0.0,0.36045979538563444,0.0057214588109679694,0.9951499582215358,318
36047056400.0,36047056400.0,0.0,0.1594109529929158,0.003979001408997063,0.757532747676406,131
36047056600.0,36047056600.0,0.0,0.1308384596374031,0.0010028931081062203,0.7750591477904936,96
36047056800.0,36047056800.0,0.0,0.10746378696410407,0.0006483905783362248,0.7034954169413137,64
36047056900.0,36047056900.0,0.0029498525073746312,1.0,1.0,1.0,339
36047057000.0,36047057000.0,0.0,0.17444814100659117,0.0030195680489953163,0.8101635588253517,180
36047057100.0,36047057100.0,0.0,0.5085310699300121,0.03464717166528065,0.9989376668458201,467
36047057200.0,36047057200.0,0.0,0.13779081155216255,0.0005493630898429052,0.8539608690072561,99
36047057300.0,36047057300.0,0.0,0.4961107119297272,0.03699168999529104,0.997813308593365,318
36047057400.0,36047057400.0,0.0,0.07476734437014661,0.0006762803295341429,0.47481309439242725,63
36047057500.0,36047057500.0,0.0,0.44185173399924316,0.022684419593855525,0.995961015594988,372
36047057600.0,36047057600.0,0.0,0.1288334052055313,0.0008951298800840196,0.7651274131536305,142
36047057800.0,36047057800.0,0.0,0.17679463449981173,0.0029352975749354555,0.8420491371517272,252
36047058000.0,36047058000.0,0.0,0.12262172182618825,0.0019300942124917176,0.6724633267620678,107
36047058200.0,36047058200.0,0.0056179775280898875,0.3482106544143679,0.006373881332682774,0.9951750188865007,178
36047058400.0,36047058400.0,0.0,0.32977545972418504,0.011401156421919925,0.9770409066346847,340
36047058600.0,36047058600.0,0.0,0.18284670684134388,0.002704535313500436,0.8644037713156569,181
36047058800.0,36047058800.0,0.0,0.27339866725764905,0.004959389288740019,0.9704924253449333,299
36047058901.0,36047058901.0,0.0076726342710997444,0.9372436969141185,0.32442579783889164,0.9999999999997881,391
36047058902.0,36047058902.0,0.0,0.43990320472208694,0.02095900588859006,0.9976167466144543,216
36047059000.0,36047059000.0,0.0,0.2130301458843464,0.0026605828361680878,0.9166659715955315,232
36047059100.0,36047059100.0,0.0,0.39465203329512855,0.012888600649469381,0.9937582421638047,413
36047059200.0,36047059200.0,0.0,0.2513492658385732,0.005642878814533828,0.9378855247982927,409
36047059300.0,36047059300.0,0.0,0.3268847285791251,0.008816458150707243,0.9810346208047135,239
36047059402.0,36047059402.0,0.0,0.17426729953783868,0.0018866767259315604,0.8742837338037215,230
36047059403.0,36047059403.0,0.0,0.1528303422603429,0.0012248774044152477,0.8275643138928692,187
36047059404.0,36047059404.0,0.0,0.11083925619086267,0.0005550041746960943,0.7409288582837038,89
36047059600.0,36047059600.0,0.0,0.15082433383779867,0.0011367938283217305,0.8404136285132754,122
36047059800.0,36047059800.0,0.0,0.17340603543955857,0.0022742278139599613,0.8602310831141922,119
36047060000.0,36047060000.0,0.0,0.26189934515910335,0.00702752114652844,0.93620179736761,320
36047060600.0,36047060600.0,0.0,0.2723561616191133,0.006873713876308441,0.9522845358539301,245
36047060800.0,36047060800.0,0.0021945866861741038,1.0,1.0,1.0,1367
36047061002.0,36047061002.0,0.0,0.2976205557682597,0.007147695736206406,0.9744863596506288,101
36047061003.0,36047061003.0,0.0,0.4079568546954665,0.017928895774481826,0.993376055861582,227
36047061004.0,36047061004.0,0.0,0.46453452245853405,0.026264851769752552,0.9965358079295268,362
36047061200.0,36047061200.0,0.0,0.19667687285369134,0.0005362389792543387,0.9601221125511606,58
36047061600.0,36047061600.0,0.0,0.1738094926126619,0.00035112097090076735,0.9475653193189748,46
36047062000.0,36047062000.0,0.0,0.16022321487118676,0.0004921763796582795,0.8968377523302651,44
36047062200.0,36047062200.0,0.0,0.3357153871944541,0.007095786106408317,0.9897696469663076,418
36047063200.0,36047063200.0,0.0,0.06963131720824053,0.00030232339093072547,0.5098902857476741,30
36047063600.0,36047063600.0,0.0,0.048178030146685195,0.00016429455256169735,0.3842555348005114,15
36047063800.0,36047063800.0,0.0,0.040591957451032466,0.00032181853491342337,0.2799323814288662,20
36047064000.0,36047064000.0,0.0,0.06724678338761098,0.0004887875284548788,0.4589343189729975,24
36047064200.0,36047064200.0,0.0030120481927710845,1.0,1.0,1.0,332
36047064400.0,36047064400.0,0.0,0.2644875489608287,0.006076129646904691,0.948313248913801,181
36047064600.0,36047064600.0,0.0,0.1807615863170783,0.0019781843827061467,0.886645385214991,97
36047064800.0,36047064800.0,0.0,0.1799053748102985,0.002907626024581286,0.8579744990935397,74
36047065000.0,36047065000.0,0.004098360655737705,0.451713067576913,0.015967797651545667,0.9987958018300692,244
36047065200.0,36047065200.0,0.0,0.253899675127893,0.0069480884059060525,0.9332137969259171,224
36047065400.0,36047065400.0,0.0,0.13664312066600828,0.0016412509882493403,0.716713484003959,74
36047065600.0,36047065600.0,0.0,0.11543505542298849,0.0011227933590666178,0.6996456267854795,57
36047065800.0,36047065800.0,0.0,0.12234599830694726,0.0006040790515408818,0.7656117818511083,60
36047066000.0,36047066000.0,0.0,0.08535953474243778,0.0003587535840939432,0.6097727993046876,35
36047067000.0,36047067000.0,0.006329113924050633,0.22520623456484729,0.0027394809799821617,0.9261564074599865,158
36047067200.0,36047067200.0,0.0,0.1136915856390453,0.001558482732609126,0.6558764363623429,65
36047067400.0,36047067400.0,0.0,0.19838825424576514,0.002322427687239559,0.9004650071420627,122
36047067600.0,36047067600.0,0.0,0.20256998744263682,0.005635558509340427,0.8482436544809953,146
36047067800.0,36047067800.0,0.0,0.10075124591687472,0.0007617887148802183,0.6457414381365398,42
36047068000.0,36047068000.0,0.0,0.18013412740183807,0.0015981538956661545,0.8725279387374926,103
36047068200.0,36047068200.0,0.0,0.1544732735691523,0.0017116194430516652,0.8016840811309137,87
36047068600.0,36047068600.0,0.0,0.12760740351925137,0.0006675382636862903,0.7883817668661944,44
36047068800.0,36047068800.0,0.0,0.07250590402292002,0.0003147861411621461,0.5291298695417253,19
36047069000.0,36047069000.0,0.0,0.13836389291946316,0.0016530828706947582,0.759702065719854,48
36047069200.0,36047069200.0,0.0,0.14980936680682372,0.0017426660013539568,0.799139989910291,60
36047069601.0,36047069601.0,0.009708737864077669,0.6780627356100147,0.014915346489264052,0.9999998128437692,206
36047069800.0,36047069800.0,0.00784313725490196,0.5238371117081728,0.008636894984878535,0.9999680136341146,255
36047070000.0,36047070000.0,0.0,0.07934527629246305,4.850865997363119e-05,0.6857641435163848,18
36047070201.0,36047070201.0,0.0,0.11954366788175316,0.0004456278760405441,0.7713167418310152,51
36047070203.0,36047070203.0,,0.0,0.0,0.0,0
36047072000.0,36047072000.0,0.0,0.24846869648719622,0.006564011555857563,0.9243083744003788,163
36047072200.0,36047072200.0,0.0,0.24481751331980012,0.005573363734655545,0.9223479775620442,163
36047072400.0,36047072400.0,0.0,0.2294736132132568,0.003173672011171827,0.9438691773510636,242
36047072600.0,36047072600.0,0.0,0.20064064754308555,0.005273075248164663,0.8551831821581987,208
36047072800.0,36047072800.0,0.0,0.14041057187518305,0.0017875025583695692,0.7602567935598753,84
36047073000.0,36047073000.0,0.0,0.22090710081619314,0.005633600967901578,0.8857899342982081,172
36047073200.0,36047073200.0,0.0,0.22228879270387114,0.003343081041821458,0.9312282572561909,197
36047073400.0,36047073400.0,0.0,0.16380392238596805,0.002090224402373023,0.8365626166946789,67
36047073600.0,36047073600.0,0.0,0.3118333766447657,0.011771488191566383,0.9594419523974529,225
36047073800.0,36047073800.0,0.007614213197969543,1.0,1.0,1.0,394
36047074000.0,36047074000.0,0.0,0.31870590722078135,0.009383606144924589,0.976960031368892,227
36047074200.0,36047074200.0,0.0,0.21988229223225522,0.004805751192332214,0.9175482036235599,111
36047074400.0,36047074400.0,0.0,0.19767267548169934,0.00271491332357402,0.8948947862519622,73
36047074600.0,36047074600.0,0.0,0.39093658871811643,0.023592810946438832,0.9826052919516249,289
36047074800.0,36047074800.0,0.0,0.20076057760613397,0.003523370465477918,0.8679639990976047,108
36047075000.0,36047075000.0,0.0,0.27237036824915595,0.006315718206778789,0.9586227824867324,211
36047075200.0,36047075200.0,0.0,0.2414658328159569,0.005563395509534191,0.9304562255789636,187
36047075400.0,36047075400.0,0.0,0.15773949932322334,0.0026460495380808773,0.7946239515049296,85
36047075600.0,36047075600.0,0.00980392156862745,0.3220667126422173,0.004918899315062691,0.9883484530161006,102
36047075800.0,36047075800.0,0.0,0.2413689424283817,0.006055857956107927,0.9197200141038335,184
36047076000.0,36047076000.0,0.0,0.2164334818482169,0.004227295664109942,0.8968514150838941,156
36047076200.0,36047076200.0,0.0,0.3538797242104819,0.0132810710168634,0.9825326516110549,301
36047076400.0,36047076400.0,0.002551020408163265,0.6150302962270345,0.04519724603062514,0.9999366706483739,392
36047076600.0,36047076600.0,0.047619047619047616,0.7742232753497018,0.02981898585100927,0.9999999702928667,42
36047076800.0,36047076800.0,0.00234192037470726,0.53777849770522,0.029631660976035614,0.9997290319898648,427
36047077000.0,36047077000.0,0.0,0.27349691702703993,0.012935287112135105,0.9124167446697808,166
36047077200.0,36047077200.0,0.0029850746268656717,0.514708345066644,0.02656430831060372,0.999257843861184,335
36047077400.0,36047077400.0,0.0,0.32344922827547395,0.01510770568599094,0.9601505796808034,365
36047077600.0,36047077600.0,0.0,0.12129710080584823,0.0034174002284801607,0.6178584382706654,86
36047078000.0,36047078000.0,0.0,0.13697520309412917,0.0007780513624927043,0.8200111531753531,91
36047078200.0,36047078200.0,0.0,0.17781865778866285,0.0034938072487272183,0.8268518665962976,172
36047078400.0,36047078400.0,0.0,0.17132160798600027,0.0024811617205397233,0.8410333157102666,147
36047078601.0,36047078601.0,0.0,0.19131800772198126,0.003831197617300847,0.8653997545532964,141
36047078602.0,36047078602.0,0.0,0.13776890228611766,0.002209807990825566,0.7280162566136388,99
36047078801.0,36047078801.0,0.0,0.21582642740409036,0.006247985706757733,0.8507238125280696,195
36047078802.0,36047078802.0,0.0,0.0877960255391398,0.0008168791359481758,0.57060798347793,55
36047079001.0,36047079001.0,0.0,0.1598652490944272,0.0028605864547749495,0.772630089907677,93
36047079002.0,36047079002.0,0.0,0.21327924023305422,0.006230085151423018,0.8620819900499008,192
36047079201.0,36047079201.0,0.0,0.20200633923091318,0.0046049032405466655,0.8688240589198551,139
36047079202.0,36047079202.0,0.0,0.19416722898115973,0.003153856352990289,0.8807409294599904,202
36047079400.0,36047079400.0,0.0,0.26845852675216064,0.011353398582249277,0.9168187250887564,295
36047079601.0,36047079601.0,0.0,0.19655489021145592,0.0034336640733903883,0.8736493379602392,139
36047079602.0,36047079602.0,0.0,0.3421913021444108,0.01170697328946826,0.9804079053330177,305
36047079801.0,36047079801.0,0.0,0.2257925544527552,0.002436537854549406,0.9542594663540634,176
36047080000.0,36047080000.0,0.0,0.2894892230564401,0.00543031049100402,0.9703746540268913,344
36047080200.0,36047080200.0,0.0033333333333333335,0.3289585158266101,0.006269490198354441,0.9948823886353153,300
36047080400.0,36047080400.0,0.0,0.18405181088905964,0.0045684975400664745,0.8364844771043721,248
36047080600.0,36047080600.0,0.0,0.26410306154101176,0.003768800700662445,0.9682991899314999,435
36047080800.0,36047080800.0,0.005277044854881266,0.23079618722731557,0.005962579341548424,0.926287116490345,379
36047081000.0,36047081000.0,0.0,0.1750719244402389,0.0006962325160093735,0.9153159743228956,221
36047081400.0,36047081400.0,0.0,0.21694746340216547,0.001329335803498513,0.9491033703953661,393
36047081600.0,36047081600.0,0.0,0.20413628775516296,0.0027423668596362944,0.9050570210995633,357
36047081800.0,36047081800.0,0.0,0.20320510043553372,0.00339524788004395,0.8995534091955067,321
36047082000.0,36047082000.0,0.0,0.24613702783044109,0.003794624664979099,0.9495263231252209,384
36047082200.0,36047082200.0,0.0027624309392265192,0.2673316153511009,0.004708987453726543,0.9648382377917292,362
36047082400.0,36047082400.0,0.0,0.1885677642721977,0.0036175784529788257,0.8385493559558919,287
36047082600.0,36047082600.0,0.0,0.17251773161231757,0.0032722581281499547,0.8111720292131278,212
36047082800.0,36047082800.0,0.0,0.20945226028317926,0.0026256875880216525,0.9115035455819088,234
36047083000.0,36047083000.0,0.0,0.18489948514468418,0.0024012983046343,0.857157493540758,169
36047083200.0,36047083200.0,0.009009009009009009,0.3354039860141772,0.0010546108890890915,0.9989708590105834,111
36047083400.0,36047083400.0,0.0,0.1212237916052328,0.0009369801248727439,0.7422890936177766,74
36047083600.0,36047083600.0,0.0,0.15191290810405178,0.002458862132517836,0.7880685121184298,153
36047083800.0,36047083800.0,0.0,0.08490254415465377,0.0008187958520174343,0.5323524419459204,57
36047084000.0,36047084000.0,0.0,0.12900189268460063,0.0011898813187310674,0.7336334604732239,102
36047084600.0,36047084600.0,0.0,0.11974936199458225,0.0010000916024858087,0.7288339805888618,84
36047084800.0,36047084800.0,0.0,0.09483655400918557,0.0009866730398538914,0.5977364732041102,74
36047085000.0,36047085000.0,0.0,0.1044833288830157,0.0013803513120322574,0.6009949810405889,86
36047085200.0,36047085200.0,0.012345679012345678,0.18669039437227528,0.0013658689208287777,0.925900127513546,81
36047085400.0,36047085400.0,0.0,0.1822597530322728,0.002331116890437468,0.8598566326349653,162
36047085600.0,36047085600.0,0.0,0.16760903706002267,0.002616445103001977,0.8114292223703978,234
36047085800.0,36047085800.0,0.0,0.13598634975248738,0.0009648082010574016,0.8144049875742494,152
36047086000.0,36047086000.0,0.0,0.11629697094357211,0.0012983502351137572,0.6663888208037568,123
36047086200.0,36047086200.0,0.0,0.10443121284083318,0.001681978884185642,0.5910512090351849,108
36047086600.0,36047086600.0,0.0,0.13433010371392357,0.00212531064194669,0.7053411540746283,163
36047086800.0,36047086800.0,0.0,0.17950849850884523,0.002357205263442452,0.8654249396383044,259
36047087000.0,36047087000.0,0.0,0.10746607628342467,0.0006616874347292884,0.681719019187576,111
36047087200.0,36047087200.0,0.0,0.13387987277485713,0.0005531310599845047,0.8113046343100299,147
36047087401.0,36047087401.0,0.0,0.13218617252885798,0.0010556600757515744,0.7609747584860658,163
36047087600.0,36047087600.0,0.0,0.13988738699362357,0.0012468614160011855,0.8037644819303803,176
36047087800.0,36047087800.0,0.0,0.12195778933333572,0.00176617767648167,0.6909027233315832,160
36047088001.0,36047088001.0,0.0,0.1440351531704884,0.0007621056855026647,0.8349254499772933,166
36047088002.0,36047088002.0,0.0,0.14645117131067176,0.0008847488354137012,0.8385584347007415,167
36047088200.0,36047088200.0,0.0,0.1471934387889201,0.004251394980422346,0.7145471276388543,165
36047088400.0,36047088400.0,0.005988023952095809,1.0,1.0,1.0,167
36047088800.0,36047088800.0,0.0,0.29864758219163184,0.007847800029250673,0.9700649338156258,303
36047089000.0,36047089000.0,0.0,0.4193072109402918,0.03008310806726336,0.990398101299469,562
36047089200.0,36047089200.0,0.0018552875695732839,1.0,1.0,1.0,539
36047089400.0,36047089400.0,0.0,0.15043132179062554,0.0016147882622199379,0.8127969270192981,119
36047089600.0,36047089600.0,0.0,0.20309809159488532,0.001726208313969327,0.9286386338306071,189
36047089800.0,36047089800.0,0.0,0.10780116796623247,0.0009540729916476587,0.6693739930374574,102
36047090000.0,36047090000.0,0.002257336343115124,0.3398037756175455,0.006591272301050266,0.9951083893445009,443
36047090200.0,36047090200.0,0.0,0.1869249873484638,0.00194655653622339,0.8870838743663295,311
36047090600.0,36047090600.0,0.0,0.1213561663886936,0.0014385588947591233,0.6993822691654251,243
36047091000.0,36047091000.0,0.0,0.1429200254925888,0.002134152148034546,0.7516731958175937,230
36047091200.0,36047091200.0,0.0,0.12914580749493546,0.0011575551159651754,0.762401096495653,187
36047091600.0,36047091600.0,0.0,0.17996746974649613,0.003561441716074623,0.8299845629207893,218
36047091800.0,36047091800.0,0.0,0.07816313808169575,0.00047864413677955184,0.5504676321378331,56
36047092000.0,36047092000.0,0.0,0.2807906680492556,0.00576858709218171,0.9693598718953783,201
36047092400.0,36047092400.0,0.0,0.19676170039427246,0.0057660566154830615,0.8346696702560601,504
36047093000.0,36047093000.0,0.0,0.22728074792673325,0.00393694259005393,0.9290509689723325,93
36047093200.0,36047093200.0,0.0,0.20851532253111862,0.0034765389337998607,0.8950840863541194,246
36047093800.0,36047093800.0,0.0,0.16355879595013467,0.0022312858297198813,0.8183117927086954,163
36047094401.0,36047094401.0,0.0,0.33683139348776286,0.0125662395467389,0.9783708039323034,315
36047094402.0,36047094402.0,0.0,0.11160348020642734,0.00036647319369888525,0.7516525442198597,37
36047094600.0,36047094600.0,0.0,0.319221024404835,0.014233779637003965,0.9656854500054077,321
36047095000.0,36047095000.0,0.0,0.27070129351126243,0.0110822212078224,0.929810590559088,140
36047095600.0,36047095600.0,0.005076142131979695,0.25356279415475047,0.0065821742025115705,0.932715276196921,197
36047095800.0,36047095800.0,0.0,0.23027589910648244,0.003754859598999386,0.9336493181331643,94
36047096200.0,36047096200.0,0.0,0.29122509966531224,0.0044898347894382264,0.9828742096739316,110
36047096400.0,36047096400.0,0.0,0.2634864318785738,0.0046375691433628435,0.9603145539939985,170
36047096600.0,36047096600.0,0.0,0.25645450013253956,0.006595310914380612,0.9298952033068616,248
36047096800.0,36047096800.0,0.0,0.2942810550869067,0.007072569397271642,0.965807557882136,149
36047097000.0,36047097000.0,0.0,0.3555821963201987,0.010215610788634606,0.9896202771785526,121
36047097400.0,36047097400.0,0.0,0.19309324648031154,0.0035292545518609054,0.868715220880205,78
36047098200.0,36047098200.0,0.0,0.24263863788152962,0.004980958700463808,0.9355188344315775,184
36047098400.0,36047098400.0,0.0,0.09877948741018122,0.0005132176594840304,0.6667949637586127,65
36047098600.0,36047098600.0,0.0,0.1484783384467585,0.0013421734073083198,0.8097305096604696,116
36047098800.0,36047098800.0,0.0,0.15567387157062398,0.0017041074812218198,0.8184816363994643,118
36047099000.0,36047099000.0,0.0,0.11173066390804193,0.000657339091636952,0.7283152214367812,80
36047099200.0,36047099200.0,0.0,0.09866553918226871,0.0004788749531572184,0.6689062142751216,59
36047099400.0,36047099400.0,0.0,0.09539657955408515,0.0005977307956434141,0.633884801600141,50
36047100400.0,36047100400.0,0.0,0.08384633036474182,0.00020074792198771508,0.6242171506802877,26
36047100600.0,36047100600.0,0.0,0.05213029769558551,0.00022333712675050023,0.3871474852502527,23
36047100800.0,36047100800.0,0.0,0.09482238968578079,0.0005768984372083897,0.6377490309593467,63
36047101000.0,36047101000.0,0.0,0.11138199124945061,0.0005543679874508601,0.7183865270563556,86
36047101200.0,36047101200.0,0.0,0.07663321052015272,0.0004624100459302644,0.5163255202544933,54
36047101400.0,36047101400.0,0.0,0.09669259562520018,0.0007601811124955948,0.6258532245491437,73
36047101600.0,36047101600.0,0.0,0.039305387972282266,0.00013000436965932282,0.3108859779108225,19
36047101800.0,36047101800.0,0.0,0.027993660136540793,0.00012591432639436905,0.21010625159295973,14
36047102000.0,36047102000.0,0.0,0.04110989849992832,0.0001688522128261122,0.3112950496308985,24
36047102200.0,36047102200.0,0.0,0.04213644649949846,0.00024794882704222697,0.29010667539492785,29
36047102400.0,36047102400.0,0.0,0.10828252850863046,0.0007938798952205506,0.6668912062984174,86
36047102600.0,36047102600.0,0.0,0.1030640340245147,0.0005011129074276449,0.7052470612887509,48
36047102801.0,36047102801.0,0.0,0.13549421488782093,0.000552462848198354,0.8234586123420449,110
36047102802.0,36047102802.0,0.0018214936247723133,0.4142478499349796,0.009181297360759708,0.9990483523695158,549
36047103401.0,36047103401.0,0.0,0.09101049652104355,0.00041569763501225765,0.6414104214511314,64
36047103402.0,36047103402.0,0.0,0.27716347483767556,0.005309985021036978,0.9639159764486125,482
36047105801.0,36047105801.0,0.0,0.26094836750173384,0.0029437933524143534,0.9642107240049498,429
36047107001.0,36047107001.0,0.0025,0.7480248323918486,0.04634825760318552,0.9999999896554725,800
36047107003.0,36047107003.0,0.0,0.12235624105821936,0.00040986227102985664,0.7878983179391271,57
36047107800.0,36047107800.0,0.0,0.16892728722833267,0.0028171751296101055,0.8094079520730968,207
36047109800.0,36047109800.0,0.01278409090909091,1.0,1.0,1.0,704
36047110400.0,36047110400.0,0.0,0.4482769304564557,0.035522744276084844,0.9895882786120999,1306
36047110600.0,36047110600.0,0.0,0.13027710475514856,0.00015419057620865705,0.8738779815863276,104
36047111000.0,36047111000.0,0.0,0.1556833973794373,0.0005104687054628187,0.8978464052063309,194
36047111600.0,36047111600.0,0.0014641288433382138,0.25485679214243323,0.005826985911222757,0.9359255020745961,683
36047112200.0,36047112200.0,0.0,0.06157941655988093,0.00034865047127713157,0.45089270494508044,71
36047112400.0,36047112400.0,0.0,0.05921865202122889,0.0004616542093729692,0.40834036676667584,97
36047112600.0,36047112600.0,0.0,0.09766622357399697,0.0011221571653833695,0.6048681703972377,165
36047112800.0,36047112800.0,0.0,0.14786213387429098,0.0009168755534861711,0.8501518546646742,214
36047113000.0,36047113000.0,0.0,0.14359420590313163,0.0032538887213659023,0.7161417172348605,135
36047113200.0,36047113200.0,0.0,0.2420472554671115,0.006773143086526915,0.9108398454323435,210
36047113400.0,36047113400.0,0.0,0.1391740301391254,0.0017514203531290935,0.7550600031252391,219
36047114202.0,36047114202.0,0.0,0.035730089358789276,0.00011781694378183161,0.27962443127014525,24
36047115000.0,36047115000.0,0.0,0.10005614072916585,0.0010424444460118503,0.6104893223021811,267
36047115200.0,36047115200.0,0.0,0.13297684701073473,0.0013106374252720959,0.7467035230884657,367
36047115600.0,36047115600.0,0.0,0.1386671593806926,0.000765334606014359,0.8046703354548633,213
36047115800.0,36047115800.0,0.0,0.09230411983760069,0.0005018465195817861,0.6286686627284279,156
36047116000.0,36047116000.0,0.0,0.07234076723032642,0.00031432922845993637,0.5227964982333861,121
36047116200.0,36047116200.0,0.0,0.05636462852853605,0.0003218693732908201,0.4100783129861244,101
36047116400.0,36047116400.0,0.0,0.08639569575773345,0.0008419867748274302,0.549896731116463,195
36047116600.0,36047116600.0,0.0,0.11567642295593278,0.0010168481730786299,0.7031818776348264,306
36047116800.0,36047116800.0,0.0,0.14297617434318155,0.0013017525846539869,0.7877484229191619,372
36047117000.0,36047117000.0,0.0,0.14124755298969735,0.0016984969405838158,0.7433357498413289,419
36047117201.0,36047117201.0,0.0,0.03291515131842213,0.00019322957523209284,0.2380305263356481,42
36047117202.0,36047117202.0,0.0,0.06965667712721309,0.0002464249538131264,0.5324193143656144,88
36047117400.0,36047117400.0,0.0,0.1687815373193845,0.002637999232390226,0.8214350380061048,414
36047117601.0,36047117601.0,0.0,0.09318084367266358,0.0001914035420922333,0.7026255386833449,94
36047117602.0,36047117602.0,0.0,0.12893582385485672,0.0005602956898007883,0.809297039581764,183
36047117800.0,36047117800.0,0.0,0.135045582898297,0.001709571677068525,0.7453377619189262,286
36047118000.0,36047118000.0,0.0,0.09001907503969248,0.00247991287409475,0.47104979911472694,128
36047118201.0,36047118201.0,0.0,0.07034965253884314,0.00011867656047150344,0.5718606339003468,52
36047118202.0,36047118202.0,0.0,0.08574505302693518,0.0004544548876345367,0.5888952882174413,83
36047118400.0,36047118400.0,0.0,0.1737054424015022,0.0026198110884035897,0.8276458169704165,356
36047118800.0,36047118800.0,0.0,0.1497745622839008,0.0029417724602322616,0.757514281516076,218
36047119000.0,36047119000.0,0.0015772870662460567,0.30777613348928823,0.006554593180637028,0.9897771753085063,634
36047119200.0,36047119200.0,0.0,0.17949365511487117,0.0031980882601574667,0.837880640475891,555
36047119400.0,36047119400.0,0.0,0.1434405109218531,0.0010954166528011288,0.8157076822040594,342
36047119600.0,36047119600.0,0.0,0.2439832448058837,0.0068225483646458945,0.918625163518316,693
36047119800.0,36047119800.0,0.0,0.29844828946943097,0.007796541352468614,0.9680741524824145,1479
36047120000.0,36047120000.0,0.0,0.2997507394580075,0.010760184544160011,0.95039248924131,438
36047120200.0,36047120200.0,0.0,0.34894565838484504,0.013960229531415477,0.9810826359206956,570
36047120801.0,36047120801.0,0.0,0.1840231626461268,0.001802060870442082,0.8818906448452514,250
36047120802.0,36047120802.0,0.0,0.11787948351906023,0.000937333293588441,0.7069645554539352,95
36047120803.0,36047120803.0,0.0,0.22843858294069336,0.004619858425624549,0.9204270721913836,183
36047121000.0,36047121000.0,0.0,0.1372024028562613,0.0011489526915445137,0.7869451544272191,225
36047121400.0,36047121400.0,0.0,0.18973558215523473,0.000848801792708409,0.9349179790572412,187
36047122000.0,36047122000.0,0.0,0.3564884188912641,0.02082733991034803,0.9674095839686879,496
36047123700.0,36047123700.0,0.004702194357366771,0.8767949685713825,0.18705662738817294,0.9999999999146452,638
36061014300.0,36061014300.0,0.004297114794352364,1.0,1.0,1.0,1629
36081032000.0,36081032000.0,0.0,0.6514294841225372,0.08802513595910845,0.9998597044589905,898
36081068000.0,36081068000.0,0.0009174311926605505,0.7807489764188261,0.16291837021407793,0.999999375876133,1090
36081048302.0,36081048302.0,0.0,0.4542803818697539,0.03569677785886242,0.9934276947227507,565
36005007100.0,36005007100.0,0.0,0.38245643809320273,0.019047481361873297,0.9839451987948622,452
36005007500.0,36005007500.0,0.0,0.24214596754478643,0.005344416040962702,0.9385146301904871,211
36005014100.0,36005014100.0,0.0030120481927710845,1.0,1.0,1.0,332
36081024500.0,36081024500.0,0.0,0.5090674095246753,0.02757580059831846,0.9991696514545859,876
36081024700.0,36081024700.0,0.0017667844522968198,0.561422987596187,0.02845060825347287,0.9999556678209387,566
36085014606.0,36085014606.0,0.0,0.10578383756734472,0.00024078479750434811,0.7267259595498244,94
36047007500.0,36047007500.0,0.0,0.4261474298881346,0.02486105703186842,0.9939311239436839,474
36047007700.0,36047007700.0,0.0010298661174047373,1.0,1.0,1.0,971
36081056800.0,36081056800.0,0.0,0.36013277739259864,0.010435195612192718,0.9880978254036332,715
36081058000.0,36081058000.0,0.004934210526315789,0.4005744059297445,0.003544896367731834,0.999684438434751,608
36081013700.0,36081013700.0,0.0,0.6440906718382647,0.08424069206318778,0.9998589292494459,1449
36081014100.0,36081014100.0,0.0,0.391788279067866,0.024551605361543986,0.9797301365139176,328
36047105804.0,36047105804.0,0.0,0.27515592887527135,0.0065744813291608774,0.9505851254588148,480
36047107002.0,36047107002.0,0.0,0.4230315131261632,0.02204572646268231,0.9938267124914075,566
36005037600.0,36005037600.0,0.0,0.29931623988389694,0.01147495997409309,0.9574445580409179,67
36005017300.0,36005017300.0,0.0,0.2931743232206393,0.011527082332246016,0.9497904660624035,229
36005034500.0,36005034500.0,0.0,0.29965434576326183,0.004943512516689697,0.9807777766829855,163
36081051100.0,36081051100.0,0.0,0.3317271723058829,0.016773036402412046,0.9627548299064547,424
36081060701.0,36081060701.0,0.0,0.09865123861672366,0.004244318377460507,0.4573070432648943,137
36005003700.0,36005003700.0,0.0,0.1770840716458703,0.0022747969975346173,0.8697544109449304,70
36061014700.0,36061014700.0,0.0,0.1551393758797478,0.0011327009443747981,0.8399199979422582,216
36061015102.0,36061015102.0,0.0,0.30241753335680593,0.0028484323818948306,0.9887048923286039,828
36061008601.0,36061008601.0,0.0006285355122564425,1.0,1.0,1.0,1591
36061008800.0,36061008800.0,0.0,0.39309196244859884,0.011634263089795871,0.9939786094440205,1184
36005022000.0,36005022000.0,0.004310344827586207,0.49802975428731544,0.03975576360787248,0.9975403346366042,232
36061008602.0,36061008602.0,0.0028368794326241137,0.4166410451212685,0.005116422619233718,0.9997318684352983,705
36047050803.0,36047050803.0,0.0,0.41112138270957077,0.013913060525775678,0.996531084140395,178
36047079802.0,36047079802.0,0.0,0.40221039245649887,0.01528019774815679,0.9924972405076105,260
36005006100.0,36005006100.0,0.004424778761061947,0.31047929078094305,0.014513012517684665,0.9540887390607277,226
36061029900.0,36061029900.0,0.0,0.434928778828706,0.03474278748089972,0.987401866854653,637
36047152200.0,36047152200.0,0.006144393241167435,0.990243722123479,0.8974079339346906,1.0,651
36005005300.0,36005005300.0,0.0,0.2528475008856832,0.002949284927325924,0.9745704442718087,212
36081060300.0,36081060300.0,0.0,0.3572256949266125,0.012972268865981679,0.9874128488709116,429
36081061301.0,36081061301.0,0.0,0.1524753507771542,0.006698806501052651,0.6751762795802801,252
36081089201.0,36081089201.0,0.0,0.49055105731475307,0.018980998342561638,0.9993922815297094,412
36081006201.0,36081006201.0,0.0014124293785310734,0.5524990346705848,0.03200297966320381,0.9997392518103537,708
36081088400.0,36081088400.0,0.0034752389226759338,1.0,1.0,1.0,1151
36005018301.0,36005018301.0,0.0,0.16709476926990016,0.002337337392597469,0.8278526746692056,94
36005019500.0,36005019500.0,0.0,0.2841175775845958,0.008947918231822135,0.9538840394579567,268
36005005902.0,36005005902.0,0.0,0.19867958458619475,0.0018439734393676022,0.9181559507163287,107
36085014604.0,36085014604.0,0.0,0.10872418823114816,0.0006913547183688612,0.6785574298851047,124
36085014605.0,36085014605.0,0.0,0.08820779515265695,0.0003184070229631464,0.6336765857441654,82
36085005901.0,36085005901.0,0.0,0.03529141676048583,0.00019052354892899192,0.25902104035590795,36
36047051200.0,36047051200.0,0.0,0.44838707757684904,0.01964743958738719,0.9974079424727799,155
36081032900.0,36081032900.0,0.00228310502283105,0.8222855998538816,0.157762654015362,0.9999999864220942,876
36005016600.0,36005016600.0,0.0,0.19855236825277756,0.0033311529301373825,0.8917615790091044,183
36047050600.0,36047050600.0,0.031914893617021274,1.0,1.0,1.0,188
36081049900.0,36081049900.0,0.0,0.2619122652422046,0.00906669303187251,0.9289404609573786,741
36081050700.0,36081050700.0,0.0006127450980392157,0.3800268965932088,0.008712955843067947,0.9970125814915742,1632
36005001902.0,36005001902.0,0.0025426807119505995,1.0,1.0,1.0,2753
36047006300.0,36047006300.0,0.02023121387283237,1.0,1.0,1.0,346
36047005100.0,36047005100.0,0.0,0.7391088347254966,0.14500497718958302,0.9999856459899709,1041
36047005900.0,36047005900.0,0.0021380574221136223,1.0,1.0,1.0,3274
36085021300.0,36085021300.0,0.0,0.06524308791184155,0.0002669340283676075,0.4612038351219144,125
36085024700.0,36085024700.0,0.0,0.08644299904414293,0.00021433655049507005,0.6324949102107681,134
36005005100.0,36005005100.0,0.007072135785007072,1.0,1.0,1.0,1414
36047035400.0,36047035400.0,0.0056657223796034,1.0,1.0,1.0,706
36047036600.0,36047036600.0,0.0012690355329949238,0.7522759114955961,0.1347348156343539,0.9999978958725665,788
36081003900.0,36081003900.0,0.002881844380403458,0.27837951071440314,0.0021266249015085585,0.9857213916204141,347
36081034700.0,36081034700.0,0.002373685995252628,1.0,1.0,1.0,2949
36005015700.0,36005015700.0,0.0,0.2976986655015991,0.008892462374641318,0.9705405274342047,448
36061031703.0,36061031703.0,0.0,0.4293138697596936,0.007325925400804292,0.9988030871678364,1761
36085029106.0,36085029106.0,0.010526315789473684,1.0,1.0,1.0,95
36047001300.0,36047001300.0,0.00047961630695443646,0.7043112532082658,0.09702801672669818,0.9999896013373631,2085
36085013203.0,36085013203.0,0.0,0.10841180402767413,0.0004083841355736556,0.7222402593338966,115
36085013204.0,36085013204.0,0.0,0.08715655791558491,0.00018035871588858998,0.6372985831136845,60
36085013201.0,36085013201.0,0.0,0.08755729663271375,8.508974144665616e-05,0.6860514629345863,48
36085013800.0,36085013800.0,0.0,0.10908229838786715,0.00045730428090647593,0.7281272493807833,108
36061011700.0,36061011700.0,0.0007968127490039841,1.0,1.0,1.0,1255
36061012901.0,36061012901.0,0.0,0.3185912859912586,0.0051108734029844454,0.9873311769979848,1203
36047017100.0,36047017100.0,0.0,0.4221077441272937,0.009317980732735218,0.9979139389660965,147
36047050202.0,36047050202.0,0.0041841004184100415,0.7941253099659411,0.10699381920507543,0.9999999659855382,239
36047050001.0,36047050001.0,0.002178649237472767,0.6602214301057912,0.08275848883477609,0.9999580971548244,459
36047150200.0,36047150200.0,0.0006222775357809583,0.8258822266395082,0.19428009620342776,0.9999999189803306,1607
36081056400.0,36081056400.0,0.0,0.16205796725871283,0.001117923985158914,0.8657008342324365,110
36061023900.0,36061023900.0,0.0,0.27874153895583753,0.008476862802802248,0.9537146810716988,87
36047054300.0,36047054300.0,0.0038095238095238095,0.7732219470254664,0.11149526157038986,0.9999998307047416,525
36047054500.0,36047054500.0,0.0,0.35307122541791364,0.006653130733690077,0.9898735574810333,314
36081030904.0,36081030904.0,0.0022234574763757642,1.0,1.0,1.0,1799
36081030905.0,36081030905.0,0.0,0.3784448362940691,0.0106785416386495,0.994397932240178,335
36047069602.0,36047069602.0,0.0,0.22031931503773766,0.005548613059153049,0.8690288641370225,143
36047070601.0,36047070601.0,0.0,0.031847909685937446,4.6446917311002144e-05,0.2743763692092609,6
36085017016.0,36085017016.0,0.0,0.17816766628528954,0.0011025025264828792,0.902531259291187,70
36005005600.0,36005005600.0,0.0,0.15036138825416573,0.0006108651018883083,0.8713736303302696,79
36005006200.0,36005006200.0,0.0,0.37778377211539454,0.02053053485566098,0.9841353066865051,329
36081127700.0,36081127700.0,0.0,0.5609590131256833,0.0602623506260641,0.9988151189529121,452
36005021601.0,36005021601.0,0.0,0.42112760066183735,0.022815603689910667,0.9931191609171984,420
36005021602.0,36005021602.0,0.0,0.340709650958914,0.019066904979323458,0.9657757252809309,380
36081138502.0,36081138502.0,0.004088307440719542,1.0,1.0,1.0,1223
36081152901.0,36081152901.0,0.0037313432835820895,0.6012392506855285,0.025381019546588314,0.9999889159828533,536
36047010100.0,36047010100.0,0.001310615989515072,0.7865960005670839,0.11824336522621717,0.9999999546761055,763
36081048900.0,36081048900.0,0.0014936519790888724,0.6867219250846962,0.06092310185536673,0.999999454783232,1339
36047014500.0,36047014500.0,0.0022271714922048997,0.6672290667677507,0.03526065935278821,0.9999987112846191,449
36047011700.0,36047011700.0,0.0013280212483399733,0.7179946429033198,0.07270828850056422,0.9999985807759483,753
36047014300.0,36047014300.0,0.0,0.6349081743559886,0.06355164016558651,0.9999638678661736,1426
36005021001.0,36005021001.0,0.0,0.3322875183819261,0.019123883981202572,0.9563114682363909,349
36081021900.0,36081021900.0,0.0021691973969631237,1.0,1.0,1.0,1383
36081053502.0,36081053502.0,0.016666666666666666,1.0,1.0,1.0,240
36061000202.0,36061000202.0,0.0,0.43016317486006156,0.014664727228966685,0.9963683488132612,1384
36047002100.0,36047002100.0,0.002386634844868735,1.0,1.0,1.0,2095
36047038700.0,36047038700.0,0.0,0.11655536677584626,0.00147033659192245,0.6646614246868722,235
36047039500.0,36047039500.0,0.0,0.17216395029819112,0.004873805230980993,0.7723022650795573,368
36047028900.0,36047028900.0,0.0,0.1334832572199254,0.0019815605978628415,0.7154447582838872,248
36047039300.0,36047039300.0,0.0,0.2096462932821629,0.005449096007165472,0.8868556599483686,450
36081003600.0,36081003600.0,0.0,0.14745402463483231,0.0031488010052374586,0.7259456336402356,261
36047032700.0,36047032700.0,0.0,0.4565137421521855,0.03275710247547126,0.9950154360237248,549
36005003500.0,36005003500.0,0.0,0.3332458501549834,0.008636890802324649,0.981683632110386,162
36005007300.0,36005007300.0,0.0,0.21200857346039684,0.0045142986918125265,0.8856496472124902,131
36085007500.0,36085007500.0,0.0,0.08037868941103601,0.00029380582112547573,0.5751977603966072,59
36085007700.0,36085007700.0,0.0,0.011025339437440562,7.4203086147611735e-06,0.09031701085619417,3
36081001902.0,36081001902.0,0.0008680555555555555,0.656967179689047,0.059291750211921866,0.9999897251724053,1152
36081047500.0,36081047500.0,0.0,0.21145145296064602,0.00484160792552685,0.882756663944698,539
36085014100.0,36085014100.0,0.0,0.058059092485283736,0.00024372711410539926,0.436634361082711,97
36085012500.0,36085012500.0,0.0,0.06976591045785079,0.00014291859246069738,0.5724935840300968,89
36085014700.0,36085014700.0,0.0,0.11624046943639019,0.0011571935484959688,0.670310279230349,243
36061000800.0,36061000800.0,0.008610086100861008,1.0,1.0,1.0,1626
36047036502.0,36047036502.0,0.0,0.23716664666066295,0.005132254137011932,0.9274179010564639,824
36061006200.0,36061006200.0,0.002180232558139535,1.0,1.0,1.0,2752
36047056302.0,36047056302.0,0.0,0.21940166054618832,0.005030778205722242,0.8976335846932334,107
36081103201.0,36081103201.0,0.033707865168539325,1.0,1.0,1.0,89
36081103202.0,36081103202.0,0.0,0.4188127351210051,0.007038270034863109,0.9990258890776393,179
36005004100.0,36005004100.0,0.0,0.342263311323828,0.012519135266571528,0.9810529804038514,152
36005004300.0,36005004300.0,0.0,0.3978526982381211,0.01569712760548725,0.9926261718922649,292
36047095400.0,36047095400.0,0.0,0.2278986331216351,0.0029572473310951475,0.939720030158955,78
36047096000.0,36047096000.0,0.011527377521613832,1.0,1.0,1.0,347
36047057901.0,36047057901.0,0.0034602076124567475,0.9570010843676171,0.472066040769734,0.9999999999999998,1156
36047057902.0,36047057902.0,0.00644122383252818,1.0,1.0,1.0,621
36047099600.0,36047099600.0,0.0,0.12037042496080667,0.0005075045379229314,0.7798798450356116,51
36047099800.0,36047099800.0,0.00558659217877095,0.36697966540092375,0.008412161746027384,0.9948224877109605,179
36081017101.0,36081017101.0,0.0,0.5092473355269249,0.07862397348652383,0.9887602621107033,844
36081017102.0,36081017102.0,0.0045992115637319315,1.0,1.0,1.0,1522
36061010602.0,36061010602.0,0.0005042864346949068,0.5877171750019904,0.02615750553785718,0.9999848581761753,1983
36061011600.0,36061011600.0,0.003416856492027335,0.9032693495774523,0.1564587648574655,0.9999999999997238,878
36061011401.0,36061011401.0,0.0,0.38914583913840034,0.015048995682089833,0.9917165846997209,658
36005023800.0,36005023800.0,0.0016891891891891893,0.487972162846973,0.038411828229197593,0.9957465027755912,592
36005024000.0,36005024000.0,0.0058309037900874635,1.0,1.0,1.0,343
36061029100.0,36061029100.0,0.0,0.26302774385851646,0.005923124888890382,0.9493992124146668,232
36081099100.0,36081099100.0,0.00411522633744856,0.3278648500952119,0.0053836150772313875,0.9895363685794362,243
36081099705.0,36081099705.0,0.02572347266881029,1.0,1.0,1.0,311
36005033500.0,36005033500.0,0.0,0.5672450724162545,0.04595190502318529,0.9995430808260898,864
36005035100.0,36005035100.0,0.0035587188612099642,0.37673360915857623,0.009444718030365565,0.9931416639415137,281
36061023802.0,36061023802.0,0.0,0.19735636095070258,0.0008699568748833459,0.9438327663295001,134
36061023803.0,36061023803.0,0.0,0.257749726162128,0.0003395602028581135,0.9921313018379562,146
36085001800.0,36085001800.0,0.0015015015015015015,0.42920779651921337,0.0033897573064650076,0.9998939866819904,666
36005011800.0,36005011800.0,0.0,0.18337531014813171,0.0002636795808328568,0.9489576094038326,181
36005013800.0,36005013800.0,0.0,0.23783917743372918,0.0028851205236079982,0.9333489548553471,367
36085002002.0,36085002002.0,0.0,0.3456517795826613,0.005206212217356685,0.9908940850486413,595
36061001501.0,36061001501.0,0.004322766570605188,1.0,1.0,1.0,1388
36061002901.0,36061002901.0,0.0,0.44426541982590806,0.02302453604613909,0.9960620170710106,677
36061002700.0,36061002700.0,0.0,0.3600491487067479,0.011214299166235444,0.9882673359969757,154
36061002902.0,36061002902.0,0.0,0.34628753669835516,0.012676178802544772,0.9835222992069239,406
36047062600.0,36047062600.0,0.009523809523809525,0.2533446817149205,0.001179835027522652,0.9884339685281226,105
36047062800.0,36047062800.0,0.0,0.1909559520196772,0.0017379285837696658,0.9006179998640864,156
36085011204.0,36085011204.0,0.0,0.029824006959479368,2.680617524994655e-05,0.2618920267236168,13
36085012804.0,36085012804.0,0.0,0.1170134086693071,0.00023834478890597257,0.783252712831698,118
36047066200.0,36047066200.0,0.0,0.25924335070284277,0.005194874422720719,0.9552955719082915,231
36047017700.0,36047017700.0,0.021018593371059015,1.0,1.0,1.0,1237
36047050401.0,36047050401.0,0.041666666666666664,1.0,1.0,1.0,432
36005032300.0,36005032300.0,0.0,0.1650606171374346,0.0008262726073322402,0.899705183845439,45
36005033700.0,36005033700.0,0.0,0.3421018002557451,0.011772852968305058,0.9774008243093992,231
36061002400.0,36061002400.0,0.0,0.27148815051450037,0.005806024221325715,0.9570397564332215,744
36081001400.0,36081001400.0,0.0,0.2696294936086823,0.006857847510762713,0.9463321261140739,378
36081002200.0,36081002200.0,0.0,0.23226434441609148,0.0049820228897286874,0.9201801218884598,237
36081001800.0,36081001800.0,0.0,0.2026271654377131,0.0029486363207482215,0.8904868746966323,329
36081002000.0,36081002000.0,0.0,0.2022406220817636,0.002229344369881209,0.9104047581212437,283
36061031900.0,36061031900.0,0.0,0.2137747384878413,0.0005458319067775053,0.9691159646228591,184
36061021100.0,36061021100.0,0.001430615164520744,0.45744609356047583,0.013327909074855338,0.9996677633718521,699
36061021900.0,36061021900.0,0.0,0.258767700935003,0.003311519633927998,0.9611861686763696,618
36081066404.0,36081066404.0,0.0,0.4888017052409821,0.02190618767378735,0.9993044601317019,115
36047001801.0,36047001801.0,0.00854335753951303,1.0,1.0,1.0,2341
36047005302.0,36047005302.0,0.0,0.7492300805446139,0.14479064235690106,0.999994432250889,610
36005051601.0,36005051601.0,0.0,0.21114970960540208,2.78527428485692e-05,0.9966095346446653,22
36005051602.0,36005051602.0,,0.0,0.0,0.0,0
36047036700.0,36047036700.0,0.0038314176245210726,0.15845089314765354,0.0017614970382794886,0.890623229672091,261
36081021601.0,36081021601.0,0.0,0.5959595843759121,0.06952578705870806,0.9996050015291464,1586
36061009903.0,36061009903.0,0.0,0.5346677033407068,0.029641831912433678,0.9996496011683688,2376
36061010300.0,36061010300.0,0.0,0.3879084094545384,0.013176662940367614,0.9918874189344837,1096
36061011100.0,36061011100.0,0.0011883541295306002,0.5149829001635026,0.017328032894734908,0.9999806362467736,1683
36081003700.0,36081003700.0,0.005928853754940711,1.0,1.0,1.0,506
36061023804.0,36061023804.0,0.0040595399188092015,0.8658455383601089,0.01661324482318898,0.9999999999999533,739
36061019200.0,36061019200.0,0.011235955056179775,1.0,1.0,1.0,1602
36061024500.0,36061024500.0,0.0,0.4516318428445574,0.02641070871572036,0.995293684815509,249
36061025100.0,36061025100.0,0.0,0.4383319998351538,0.023121400380611248,0.9958922862703277,219
36081029100.0,36081029100.0,0.0025575447570332483,0.5675099524059228,0.04771565941942503,0.9997831240062219,1173
36081029300.0,36081029300.0,0.0,0.31961557427942616,0.011708150719933592,0.968735749718917,483
36047049900.0,36047049900.0,0.0,0.5253532771418722,0.04543161570348104,0.998508936744343,525
36047050100.0,36047050100.0,0.000646830530401035,0.7287615861165336,0.1029915491590587,0.9999978577089225,1546
36047051500.0,36047051500.0,0.002079002079002079,1.0,1.0,1.0,481
36005040900.0,36005040900.0,0.003913894324853229,0.5075821751838429,0.053179061356327745,0.9972177220395563,511
36005042100.0,36005042100.0,0.0,0.538716070094262,0.056502803940986786,0.998316749945705,512
36085015603.0,36085015603.0,0.0,0.08998780021361058,0.00015092460981275257,0.691863079085541,74
36081047200.0,36081047200.0,0.009900990099009901,1.0,1.0,1.0,606
36081047600.0,36081047600.0,0.0,0.5752121410155745,0.03574900879099409,0.9998682864037789,739
36005011502.0,36005011502.0,0.0,0.5865889173565443,0.06808886227683979,0.999356519103029,1241
36081077905.0,36081077905.0,0.0,0.5534748355308554,0.058876994394551366,0.9983297603900116,767
36081118900.0,36081118900.0,0.0,0.10669418527893212,0.0009178796752284501,0.6497558150159233,57
36047093400.0,36047093400.0,0.0,0.2584872531799171,0.004698932171291096,0.9548498704141497,148
36047093600.0,36047093600.0,0.0,0.2387105493334751,0.005195835560003884,0.9275228723957766,145
36047092200.0,36047092200.0,0.0,0.4212647763237572,0.023462055766423684,0.993129214655843,325
36047092800.0,36047092800.0,0.0,0.37509305104850194,0.012958182119369718,0.9924505671889493,168
36081121100.0,36081121100.0,0.02962962962962963,1.0,1.0,1.0,135
36081141700.0,36081141700.0,0.0,0.48593394833725395,0.04167096543366769,0.9952923689757136,608
36005023100.0,36005023100.0,0.0,0.19175410039806837,0.0037562613247225348,0.8623025248132721,276
36005037900.0,36005037900.0,0.0,0.19239250289091572,0.004070918735652982,0.8398163191521979,324
36005038100.0,36005038100.0,0.0,0.11670047286769789,0.002292531246416266,0.6244412946259075,160
36081050500.0,36081050500.0,0.0,0.16050184287729521,0.0015425937326005751,0.840144873894431,416
36081068700.0,36081068700.0,0.0,0.2813339570730587,0.009445496574829208,0.9466790932493622,1420
36047066600.0,36047066600.0,0.0015906680805938495,0.6685525033603091,0.07095937298682516,0.9999913536119722,1886
36005008300.0,36005008300.0,0.0,0.3910968481733122,0.010223316647090247,0.9950158316377399,282
36061016002.0,36061016002.0,0.0,0.2926212009664902,0.006887992968513321,0.9726854310910931,220
36061016800.0,36061016800.0,0.0032520325203252032,1.0,1.0,1.0,615
36061007900.0,36061007900.0,0.0037328909166321027,1.0,1.0,1.0,2411
36061006900.0,36061006900.0,0.0014936519790888724,0.4738843467483704,0.004121115495700672,0.9999973295260071,1339
36061007500.0,36061007500.0,0.0,0.4198957372066443,0.010928256266576925,0.9978592578499023,1201
36047014101.0,36047014101.0,0.0,0.22877394495594935,0.0036528734983641733,0.9268292815154361,193
36047014102.0,36047014102.0,0.0,0.2705629012038641,0.0052243301988219555,0.96515007359914,225
36081064102.0,36081064102.0,0.003532008830022075,1.0,1.0,1.0,2265
36081077300.0,36081077300.0,0.0,0.4458528789820538,0.03630499306069315,0.9882305693625105,816
36005015100.0,36005015100.0,0.0,0.20454482199550736,0.003585672452497882,0.8951573817506514,273
36061009800.0,36061009800.0,0.0,0.34201970358031913,0.008423264194452329,0.9880553451132071,937
36061008603.0,36061008603.0,0.0,0.3615640694842932,0.005737475808819672,0.9961302981816892,1149
36061009000.0,36061009000.0,0.002157497303128371,0.5039490258650874,0.007997827985561663,0.9999961332227033,927
36085031901.0,36085031901.0,0.00847457627118644,0.19434944936265908,0.0001295294567044025,0.987839261402611,118
36081086100.0,36081086100.0,0.0,0.07560646775766308,0.0009856238021242968,0.4648516496236582,48
36081120100.0,36081120100.0,0.0,0.16532607037343744,0.001432664426368957,0.8539278311594158,87
36081081400.0,36081081400.0,0.0,0.43425168648137286,0.018861961140561746,0.9957098456934135,712
36005023703.0,36005023703.0,0.0,0.09811602048983295,0.001653049023667061,0.5543935795666818,108
36081055200.0,36081055200.0,0.0015360983102918587,0.639695664051773,0.05172553651750524,0.9999801141524345,651
36081130100.0,36081130100.0,0.0047169811320754715,0.675781621047073,0.0614316828388773,0.9999955340001753,424
36005023501.0,36005023501.0,0.0,0.15849109158162428,0.001718963447478661,0.8339846455836537,214
36005023502.0,36005023502.0,0.0,0.16137097008095957,0.002733913512001257,0.7751851719316059,251
36047111800.0,36047111800.0,0.0,0.09251795470908929,0.0003852179734039923,0.64150464562358,139
36047112000.0,36047112000.0,0.0,0.07790528602380044,0.0006568004765620278,0.5092987577605756,134
36081059600.0,36081059600.0,0.0,0.05227335476600988,0.00015296146402751787,0.4205504519916197,29
36081070900.0,36081070900.0,0.0,0.09779634055557208,0.000425425053308115,0.6725040030959818,144
36081071100.0,36081071100.0,0.0,0.13330136724459513,0.003043444484237029,0.6622267673861959,381
36081060000.0,36081060000.0,0.0,0.05996895938271749,0.00010461951687406046,0.49385263858985434,33
36081062200.0,36081062200.0,0.0,0.28269490080995446,0.003444755071666547,0.9775481378182563,578
36081016300.0,36081016300.0,0.0,0.2676431742062682,0.011114595459904656,0.9209602312361599,200
36081029500.0,36081029500.0,0.0,0.30282967725078247,0.01219309626091129,0.9572586942418865,239
36081059200.0,36081059200.0,0.0,0.1512322042800246,0.0007319429233511005,0.8645816680344665,160
36081059400.0,36081059400.0,0.0,0.06198151873205443,0.00013337353960656275,0.5001610073277243,36
36081070300.0,36081070300.0,0.0,0.12850664368163595,0.0016570622138876612,0.7087933951622432,238
36081013600.0,36081013600.0,0.0,0.18515759867986972,0.002183658108667974,0.8809550988486715,119
36081013800.0,36081013800.0,0.007220216606498195,0.5586084856766239,0.01095855693551246,0.9999903337940385,277
36081067900.0,36081067900.0,0.0,0.13496671742597868,0.0024511970501159192,0.6887673499538066,404
36081069702.0,36081069702.0,0.0,0.1395079138727298,0.0025760716440328597,0.7195504155053536,418
36081053401.0,36081053401.0,0.0,0.17773491983419948,0.0030952326038802772,0.8357112806433058,181
36081059800.0,36081059800.0,0.0,0.10426113872882996,0.000574784169577125,0.7042561263791322,85
36047016200.0,36047016200.0,0.0,0.21291290974075372,0.0014462638814097012,0.9421000636185983,550
36047016400.0,36047016400.0,0.0017543859649122807,0.475347547885526,0.012254156034800475,0.9998612920822294,2280
36005046000.0,36005046000.0,0.0,0.25350971677479567,0.00600900747342622,0.9419487690066173,102
36061029700.0,36061029700.0,0.0017035775127768314,0.51935656946136,0.02103051330034158,0.99983609089569,587
36081156700.0,36081156700.0,0.004796163069544364,1.0,1.0,1.0,834
36081162100.0,36081162100.0,0.0029069767441860465,0.4307785105069922,0.015767589486348148,0.998105312718558,344
36061031704.0,36061031704.0,0.0027359781121751026,0.5686171659985757,0.00204777004312591,0.9999999852136415,731
36081098100.0,36081098100.0,0.0,0.06347109530511556,8.706386248981124e-05,0.5385148352211981,34
36081098700.0,36081098700.0,0.0,0.13501381889148212,0.0003664647835587981,0.854613264389824,97
36005031000.0,36005031000.0,0.0,0.4960518429826214,0.03945749407358588,0.9977220780405801,335
36005035600.0,36005035600.0,0.007575757575757576,0.9757527667806427,0.6977115860866042,1.0,528
36005026400.0,36005026400.0,0.0,0.37236889067670975,0.01824762189440276,0.9830861005767034,261
36005019400.0,36005019400.0,0.0,0.6494916146979073,0.08191462201817304,0.9998851759026127,2511
36005045102.0,36005045102.0,0.0,0.36358191837804704,0.008196418954229928,0.9937866982001008,189
36081061602.0,36081061602.0,0.005905511811023622,1.0,1.0,1.0,1016
36081063800.0,36081063800.0,0.0012345679012345679,1.0,1.0,1.0,810
36047002300.0,36047002300.0,0.0016,1.0,1.0,1.0,1250
36061019400.0,36061019400.0,0.0,0.4658493043159973,0.022894732604793404,0.9986269999977097,417
36061024200.0,36061024200.0,0.0024405125076266015,1.0,1.0,1.0,1639
36005005200.0,36005005200.0,0.0,0.15669865414324294,0.0015496296305853557,0.8414285801956479,138
36005012300.0,36005012300.0,0.0,0.27866677442923277,0.012878621050212202,0.9211107846975938,550
36047055100.0,36047055100.0,0.0,0.4212348133691117,0.015962880957443366,0.9952203155092323,511
36047055500.0,36047055500.0,0.0,0.45682763620360217,0.016333215763380676,0.998164226063097,651
36005022701.0,36005022701.0,0.0036231884057971015,0.25500275858796884,0.00575398178949216,0.940761904096399,276
36085030301.0,36085030301.0,0.0,0.16425910860140913,0.0013492847778061757,0.8643519284230634,396
36085032300.0,36085032300.0,0.0,0.1528500326960336,0.0006616584415078231,0.8496877436250754,291
36005008900.0,36005008900.0,0.0,0.17082836174561286,0.003031403726331372,0.8284242301826981,143
36005001903.0,36005001903.0,0.01073345259391771,1.0,1.0,1.0,1118
36005003100.0,36005003100.0,0.0,0.3622745616733612,0.019700492239536786,0.976242784674962,174
36005023000.0,36005023000.0,0.012987012987012988,0.7872938786643264,0.10177007682842339,0.9999998353331304,154
36005033400.0,36005033400.0,0.003950167122455181,1.0,1.0,1.0,3291
36085022602.0,36085022602.0,0.0,0.3261791784629521,0.004517250014949459,0.987136628605031,670
36085024800.0,36085024800.0,0.0,0.14024252152299274,3.233752761656883e-05,0.9363854440091933,119
36081003400.0,36081003400.0,0.0020408163265306124,0.21736528115988385,0.008095955528329373,0.8519188223553362,490
36047118600.0,36047118600.0,0.0,0.13099228209550864,0.002313972366996972,0.7027424394872843,238
36005007800.0,36005007800.0,0.0,0.2708539086148932,0.005735043874733292,0.9598394481322158,471
36005009800.0,36005009800.0,0.0007524454477050414,0.45496684067034704,0.023973024589756912,0.9983820499912628,1329
36081008100.0,36081008100.0,0.0,0.19926239432263265,0.0031619885906267685,0.8893453965178656,200
36081008700.0,36081008700.0,0.0,0.167037953375371,0.0010696749816458046,0.882726255070199,142
36005022901.0,36005022901.0,0.0,0.21231002945610133,0.0039643165842664805,0.8929720216961285,230
36005023302.0,36005023302.0,0.0,0.11965870446647849,0.001911559342559463,0.6408000203749603,146
36005020000.0,36005020000.0,0.0,0.4113765516688811,0.01824630885582727,0.9938754158958674,472
36005009600.0,36005009600.0,0.0016806722689075631,0.44575317783593693,0.02472944427373806,0.9977632668832651,595
36005028400.0,36005028400.0,0.0020442930153321977,1.0,1.0,1.0,2935
36061001300.0,36061001300.0,0.0,0.5549997137447494,0.04776793610312105,0.9993211798126955,1835
36061002100.0,36061002100.0,0.0,0.46475228931684287,0.020431828358472334,0.998099949209695,1435
36005025500.0,36005025500.0,0.0,0.13334901412923278,0.002085314410333372,0.7127549267832294,87
36005026100.0,36005026100.0,0.0,0.13988612828000668,0.0023362618574490927,0.7373165597167757,74
36005026300.0,36005026300.0,0.006688963210702341,0.4100300965630333,0.010072846093190136,0.9986382830133145,299
36005009000.0,36005009000.0,0.0019096117122851686,0.5481658935957092,0.03324122242372697,0.9997567174951523,1571
36005011000.0,36005011000.0,0.003205128205128205,1.0,1.0,1.0,1248
36085003900.0,36085003900.0,0.0,0.1018473032356623,0.00017916728993107588,0.7663141517465059,76
36085005902.0,36085005902.0,0.0,0.027018053066584502,3.770934959109462e-05,0.23719312909777276,12
36081019903.0,36081019903.0,0.0007518796992481203,0.7639557629093564,0.13470930847153523,0.9999991778668084,1330
36081020500.0,36081020500.0,0.02888283378746594,1.0,1.0,1.0,1835
36005037800.0,36005037800.0,0.0,0.41672304375376845,0.029909209782990536,0.9865003675524966,186
36005038000.0,36005038000.0,0.0,0.16817725022728383,0.004207695372288817,0.784315926653347,86
36005025700.0,36005025700.0,0.0020491803278688526,0.43960410928876625,0.016032272019152187,0.9988388854494856,488
36005026900.0,36005026900.0,0.0,0.5382774825709598,0.04749788916069226,0.9985266386548556,726
36081128300.0,36081128300.0,0.0014609203798392988,1.0,1.0,1.0,1369
36081129102.0,36081129102.0,0.002932551319648094,1.0,1.0,1.0,341
36005009301.0,36005009301.0,0.0,0.635633993782726,0.07162186723312465,0.9999289952866859,1365
36005009302.0,36005009302.0,0.0,0.7532370951940232,0.15633223732380838,0.9999899095793079,1174
36005011701.0,36005011701.0,0.03225806451612903,1.0,1.0,1.0,62
36085006400.0,36085006400.0,0.0,0.1940575854192873,0.0009952668682086218,0.9054282059525636,122
36085007002.0,36085007002.0,0.009852216748768473,0.637501741122053,0.0015116425102209396,0.9999999616775768,203
36081069000.0,36081069000.0,0.0,0.41117444550257626,0.012265766402455105,0.995680539755287,147
36081069400.0,36081069400.0,0.02247191011235955,1.0,1.0,1.0,89
36047114201.0,36047114201.0,0.0,0.2402898334430053,0.006807343330943266,0.9186671516633825,703
36047114600.0,36047114600.0,0.0,0.09096847637024356,0.0003881837866782617,0.64764493162025,130
36085029104.0,36085029104.0,0.0,0.32930847372358174,0.008301277789292733,0.9798779610490472,1268
36047086400.0,36047086400.0,0.0,0.24490538351773972,0.00589109062701845,0.9203940598144987,312
36047088600.0,36047088600.0,0.0,0.3728657170611584,0.013556812903595436,0.989322010244178,533
36047090800.0,36047090800.0,0.0,0.14844917958416298,0.0028540602141628488,0.7517855240548472,363
36047114400.0,36047114400.0,0.0,0.21982909957800348,0.006824396032505906,0.8801167922611408,793
36005024700.0,36005024700.0,0.0,0.22189053718631316,0.004965421520271735,0.9018914083313735,189
36005018900.0,36005018900.0,0.0,0.5428361870845714,0.0338449989569934,0.9996790925478378,789
36005019300.0,36005019300.0,0.0,0.4268065785817994,0.021955091837174277,0.9942535620585796,414
36005017701.0,36005017701.0,0.0,0.17935163215989913,0.004107176944038243,0.809204327760597,101
36005017702.0,36005017702.0,0.0,0.2463260692583346,0.00750760882564896,0.9136998890927538,180
36005019900.0,36005019900.0,0.0,0.10340648622687404,0.0012772402940251393,0.6238271338003779,57
36005021100.0,36005021100.0,0.0,0.17831544483705342,0.0037341782278399404,0.8307806069986855,141
36005029302.0,36005029302.0,0.0,0.5364842786796907,0.04441141322236331,0.9985381543891672,469
36061027300.0,36061027300.0,0.0,0.23447485202621993,0.0057070993720294335,0.9066111573577472,53
36061028100.0,36061028100.0,0.0,0.07956452950604262,0.0008542285912952141,0.5118432477955629,20
36005029500.0,36005029500.0,0.015037593984962405,0.7309219641022886,0.04041674865417742,0.999999549148511,133
36005029700.0,36005029700.0,0.0,0.5235403366867329,0.027092747840434816,0.9994283301772116,563
36005006000.0,36005006000.0,0.0,0.6321406566057873,0.08376448013229137,0.9997494607138495,870
36061024100.0,36061024100.0,0.0022222222222222222,0.5633499309149602,0.020898504039014047,0.9999699034849823,450
36061024700.0,36061024700.0,0.0,0.5402281601484796,0.021675200992287848,0.9998392128066035,600
36081030600.0,36081030600.0,0.0013260087137715476,0.9100275623440761,0.3479867897580467,0.9999999999987016,5279
36081071600.0,36081071600.0,0.0028979907264296756,1.0,1.0,1.0,20704
36081084602.0,36081084602.0,0.0027037466203167246,1.0,1.0,1.0,5178
36005018501.0,36005018501.0,0.0,0.2834541773194785,0.006617613177434531,0.9637405839139289,212
36005018502.0,36005018502.0,0.0,0.26820162783375256,0.010444183857097642,0.9273658034190212,315
36081061900.0,36081061900.0,0.0,0.20019221731868725,0.0034459345030752125,0.8932148833133655,245
36081063301.0,36081063301.0,0.02,0.17010438065990582,0.0010872679570920335,0.9018629661387817,50
36081063302.0,36081063302.0,0.0,0.040546010885765454,0.00045771391987085017,0.26570736080513135,17
36081040102.0,36081040102.0,0.0,0.11712847550469928,0.0014288620529810004,0.690252465342773,72
36061019100.0,36061019100.0,0.0,0.21510278101809963,0.0011242283380768353,0.9559393427703031,419
36061019500.0,36061019500.0,0.0,0.2269422831667741,0.002118632709881249,0.9510596611357824,390
36005028100.0,36005028100.0,0.006369426751592357,0.5931079147466253,0.010822885640132415,0.9999932077138108,157
36005043503.0,36005043503.0,0.0026943802925327174,1.0,1.0,1.0,2598
36005020501.0,36005020501.0,0.0030303030303030303,0.49707060864009456,0.02053892857603947,0.9995096918920501,660
36005020502.0,36005020502.0,0.0,0.09858537546965779,0.0004322479314791489,0.6806262885884691,43
36081035700.0,36081035700.0,0.0030546009927453228,1.0,1.0,1.0,2619
36081037100.0,36081037100.0,0.0,0.5633079361055723,0.0386140966753434,0.9996709970780845,635
36005035800.0,36005035800.0,0.0,0.3450621804980387,0.012265051555660853,0.9855941501281775,268
36005046208.0,36005046208.0,0.0,0.5810013322235303,0.05813127647317975,0.9995147777452473,619
36061027900.0,36061027900.0,0.0,0.22241381172799649,0.006744882074410513,0.8934994977380094,103
36061028300.0,36061028300.0,0.0,0.22183943703012945,0.00497070114896358,0.8896714624418193,130
36061030300.0,36061030300.0,0.0,0.1966266704105892,0.0013052632724756374,0.9306735865236079,170
36061030700.0,36061030700.0,0.0,0.17995792007562408,0.0003936697152404273,0.9464427753527527,109
36061024302.0,36061024302.0,0.02444987775061125,1.0,1.0,1.0,409
36061031100.0,36061031100.0,0.0024896265560165973,0.8531117323917715,0.29482490512216236,0.9999998860766734,1205
36081029700.0,36081029700.0,0.0015360983102918587,1.0,1.0,1.0,1302
36081030906.0,36081030906.0,0.0,0.33100483472060366,0.008407610098953735,0.9845487568662459,496
36047056100.0,36047056100.0,0.0,0.49525828860736765,0.026992386418547152,0.9988960665848972,817
36047056500.0,36047056500.0,0.0,0.40434605110822114,0.014892888561716434,0.9943569216579728,514
36081037300.0,36081037300.0,0.001088139281828074,0.6631370490037023,0.057812736500365405,0.9999928788282254,919
36081038100.0,36081038100.0,0.0,0.44064715273859784,0.022042175945441184,0.9961517193765379,740
36085027702.0,36085027702.0,0.005952380952380952,0.20880190073040994,0.001330473506146576,0.9471867361249282,168
36085027706.0,36085027706.0,0.0,0.19945795970427724,0.001250043446368243,0.9318884066741772,95
36085019800.0,36085019800.0,0.0,0.09676500205773252,0.0005195798481581998,0.6327565250798377,120
36085020803.0,36085020803.0,0.0,0.10749352658020479,0.00027880053562980847,0.7453858792967732,75
36081022001.0,36081022001.0,0.0020325203252032522,1.0,1.0,1.0,1476
36081038302.0,36081038302.0,0.002247443532981234,1.0,1.0,1.0,17798
36081091800.0,36081091800.0,0.0,0.18700187509308952,2.1190248000735325e-09,0.9842994252739881,56
36081092200.0,36081092200.0,0.0,0.08846213209076974,3.893090705364699e-09,0.8548832683184938,23
36085002001.0,36085002001.0,0.0,0.27716586722714,0.002008912671441751,0.9815390499528104,514
36085003600.0,36085003600.0,0.0,0.1619603786943023,0.001183703614603926,0.8444630929106148,162
36047042000.0,36047042000.0,0.00303951367781155,0.5359311448683965,0.01408486253912567,0.9999491022604098,329
36047054200.0,36047054200.0,0.0,0.30541154102902257,0.010982216436942005,0.9681118134896702,215
36047055400.0,36047055400.0,0.0,0.28661961759433896,0.008820937272819494,0.9570246691248385,357
36061028500.0,36061028500.0,0.0,0.17526266564692583,0.0029201554116934703,0.8380974086566592,83
36061028700.0,36061028700.0,0.0012300123001230013,0.5897057862256927,0.039767836202092066,0.9999361068520821,813
36005038303.0,36005038303.0,0.0,0.04752770780088008,0.0004678337780359393,0.3209580872389614,41
36005039902.0,36005039902.0,0.0,0.18297550457463355,0.004980879312024819,0.803978602037709,275
36061023600.0,36061023600.0,0.0,0.43989509684551176,0.03691981054402817,0.9876321156002171,486
36005006301.0,36005006301.0,0.0013519603424966202,1.0,1.0,1.0,2219
36005028900.0,36005028900.0,0.0,0.4457374490401762,0.0315824103542987,0.9944588630718438,177
36061030900.0,36061030900.0,0.004032258064516129,0.6152921279693622,0.042794568373994486,0.9999436642857699,248
36085002100.0,36085002100.0,0.006535947712418301,1.0,1.0,1.0,153
36047004600.0,36047004600.0,0.0,0.10682424512613209,0.0004903186388222153,0.6932845941657766,193
36085990100.0,36085990100.0,,0.0,0.0,0.0,0
36005000100.0,36005000100.0,0.0,0.11739311040239683,2.068532295829151e-06,0.9314059094092795,1
36081092900.0,36081092900.0,0.0,0.3566999040107929,0.007477590067281742,0.9942944563746294,123
36081009900.0,36081009900.0,0.0,0.2210129695760264,0.0030344744917520346,0.9285304058024554,455
36061024000.0,36061024000.0,0.001333777925975325,1.0,1.0,1.0,2999
36005000400.0,36005000400.0,0.0,0.14214807008213562,0.0011909155827984352,0.7912702374640201,200
36081093900.0,36081093900.0,0.0,0.20903979358933703,0.0006224778505597661,0.9626206055788402,79
36005021502.0,36005021502.0,0.007352941176470588,0.27489986671221206,0.004012757793546784,0.9761352085470781,136
36005021700.0,36005021700.0,0.0,0.15621178854282658,0.003208143630433372,0.7540988620438999,129
36047001804.0,36047001804.0,0.0,0.24869079398266214,0.0031604358682834595,0.9618697771248335,116
36047002200.0,36047002200.0,0.0,0.6451145339819842,0.08443193323192813,0.9998097988701969,1338
36047000200.0,36047000200.0,0.00392156862745098,1.0,1.0,1.0,1020
36047001802.0,36047001802.0,0.020618556701030927,1.0,1.0,1.0,582
36081014202.0,36081014202.0,0.0007880220646178094,0.582835908139091,0.07359900852918441,0.9989381609532515,1269
36081014400.0,36081014400.0,0.0,0.20686360827273428,0.004063843826373123,0.878062518491862,200
36081095400.0,36081095400.0,0.04964539007092199,1.0,1.0,1.0,141
36081096400.0,36081096400.0,0.012903225806451613,1.0,1.0,1.0,155
36061004200.0,36061004200.0,0.0,0.14466459063857204,0.0028098153846017188,0.7370395811422226,735
36061005700.0,36061005700.0,0.0,0.1650839199729021,0.0035014289821507782,0.7811696431457651,838
36081024300.0,36081024300.0,0.0039164490861618795,1.0,1.0,1.0,1532
36081051300.0,36081051300.0,0.0,0.19140168769846358,0.0029398003962808257,0.8740557561096941,104
36081051700.0,36081051700.0,0.0,0.5643223959442708,0.057394917411617084,0.998967766550328,1980
36081053100.0,36081053100.0,0.0,0.4139683631281088,0.020290452307626272,0.9923998091858506,535
36081094202.0,36081094202.0,0.06741573033707865,1.0,1.0,1.0,267
36081094203.0,36081094203.0,0.0,0.5997578847547229,0.026328296871963645,0.9999954734106111,55
36047044902.0,36047044902.0,0.0003714710252600297,0.8523104179444894,0.2943221280123901,0.9999996746551546,2692
36047048100.0,36047048100.0,0.0,0.27870926267255325,0.00779983830292523,0.9487839569758403,392
36081040901.0,36081040901.0,0.0,0.07306896122755954,0.001353993738572973,0.4272069266113406,71
36081040902.0,36081040902.0,0.0,0.06765099158882827,0.001000837119750886,0.42266150154924753,53
36047070202.0,36047070202.0,0.0,0.369411748776668,0.002967456605234009,0.9982933390104418,709
36047070602.0,36047070602.0,0.0,0.3514930804756724,0.0043933940792113355,0.9945712184468143,612
36047001501.0,36047001501.0,0.0008244023083264633,1.0,1.0,1.0,1213
36047002901.0,36047002901.0,0.006772009029345372,1.0,1.0,1.0,443
36061022500.0,36061022500.0,0.003278688524590164,0.3375705634957957,0.0012444144747283698,0.9994096252582781,305
36061022900.0,36061022900.0,0.0,0.21230551346087112,0.0009671671814175193,0.9571931196992445,243
36047000900.0,36047000900.0,0.0,0.33662827220314157,0.010543396046291875,0.984050600347674,633
36047001100.0,36047001100.0,0.003656307129798903,0.33650229287809696,0.008858759702691964,0.9872351968310435,547
36081099802.0,36081099802.0,0.0,0.24240714286155554,0.0007531752869177095,0.98479618306457,51
36081097202.0,36081097202.0,0.07692307692307693,1.0,1.0,1.0,39
36081099200.0,36081099200.0,0.012987012987012988,0.7690445371486739,0.10685419890829446,0.9999996627167053,154
36081050000.0,36081050000.0,0.0,0.5104964607855956,0.04929616981079608,0.9963130998750915,462
36081050201.0,36081050201.0,0.011235955056179775,1.0,1.0,1.0,89
36085017005.0,36085017005.0,0.0,0.07576336508025941,0.0004910907847297669,0.5118485824385228,68
36085017600.0,36085017600.0,0.0,0.06861114558665128,0.00021578961078258242,0.5256408245871579,55
36085022802.0,36085022802.0,0.005076142131979695,0.36243706001700365,0.007650258168872848,0.9936430660206849,197
36085029102.0,36085029102.0,0.0,0.417399394127887,0.014010103134572405,0.9965561962530474,1306
36005016100.0,36005016100.0,0.0,0.2227799228994928,0.0038030086645222116,0.9204252833455906,222
36005016300.0,36005016300.0,0.004366812227074236,0.23361819610842102,0.010477729662172145,0.8869773034805128,229
