                                            mean     sd  hdi_3%  hdi_97%  mcse_mean  mcse_sd  ess_bulk  ess_tail  r_hat
p_y_hat_1_given_y_1                        0.223  0.076   0.111    0.365      0.001    0.002    3558.0    4429.0   1.00
p_y_hat_1_given_y_0                        0.000  0.000   0.000    0.001      0.000    0.000    6543.0    9879.0   1.00
p_y[0]                                     0.051  0.216   0.000    0.001      0.004    0.008     745.0    2242.0   1.00
p_y[1]                                     0.001  0.003   0.000    0.006      0.000    0.000    5216.0    6432.0   1.00
p_y[2]                                     0.007  0.007   0.000    0.020      0.000    0.000    6963.0    6406.0   1.00
p_y[3]                                     0.001  0.003   0.000    0.005      0.000    0.000    6089.0    7691.0   1.00
p_y[4]                                     0.001  0.001   0.000    0.003      0.000    0.000    4629.0    6113.0   1.00
p_y[5]                                     0.000  0.001   0.000    0.002      0.000    0.000    6003.0    8361.0   1.00
p_y[6]                                     0.001  0.001   0.000    0.003      0.000    0.000    4845.0    7854.0   1.00
p_y[7]                                     0.001  0.002   0.000    0.003      0.000    0.000    4660.0    7662.0   1.00
p_y[8]                                     0.001  0.003   0.000    0.003      0.000    0.000    5185.0    6616.0   1.00
p_y[9]                                     0.001  0.002   0.000    0.003      0.000    0.000    5677.0    7329.0   1.00
p_y[10]                                    0.001  0.001   0.000    0.002      0.000    0.000    5839.0    8763.0   1.00
p_y[11]                                    0.000  0.001   0.000    0.002      0.000    0.000    4638.0    6175.0   1.00
p_y[12]                                    0.001  0.001   0.000    0.003      0.000    0.000    5692.0    7190.0   1.00
p_y[13]                                    0.000  0.001   0.000    0.002      0.000    0.000    4953.0    7869.0   1.00
p_y[14]                                    0.001  0.001   0.000    0.002      0.000    0.000    5670.0    8066.0   1.00
p_y[15]                                    0.001  0.001   0.000    0.002      0.000    0.000    5247.0    8674.0   1.00
p_y[16]                                    0.000  0.001   0.000    0.002      0.000    0.000    6118.0    9015.0   1.00
p_y[17]                                    0.003  0.004   0.000    0.009      0.000    0.000    4819.0    6607.0   1.00
p_y[18]                                    0.000  0.001   0.000    0.002      0.000    0.000    5176.0    6576.0   1.00
p_y[19]                                    0.000  0.001   0.000    0.001      0.000    0.000    5116.0    6578.0   1.00
p_y[20]                                    0.001  0.002   0.000    0.003      0.000    0.000    6211.0    7861.0   1.00
p_y[21]                                    0.000  0.001   0.000    0.002      0.000    0.000    5067.0    6873.0   1.00
p_y[22]                                    0.001  0.001   0.000    0.002      0.000    0.000    5800.0    8061.0   1.00
p_y[23]                                    0.000  0.001   0.000    0.001      0.000    0.000    5286.0    8411.0   1.00
p_y[24]                                    0.000  0.001   0.000    0.001      0.000    0.000    5561.0    7736.0   1.00
p_y[25]                                    0.000  0.001   0.000    0.002      0.000    0.000    5138.0    8244.0   1.00
p_y[26]                                    0.000  0.001   0.000    0.001      0.000    0.000    4628.0    7352.0   1.00
p_y[27]                                    0.000  0.001   0.000    0.001      0.000    0.000    5389.0    6785.0   1.00
p_y[28]                                    0.000  0.001   0.000    0.001      0.000    0.000    4754.0    7817.0   1.00
p_y[29]                                    0.000  0.001   0.000    0.001      0.000    0.000    5130.0    8989.0   1.00
p_y[30]                                    0.000  0.001   0.000    0.002      0.000    0.000    5239.0    7968.0   1.00
p_y[31]                                    0.000  0.001   0.000    0.001      0.000    0.000    5373.0    8414.0   1.00
p_y[32]                                    0.002  0.004   0.000    0.007      0.000    0.000    6437.0    8966.0   1.00
p_y[33]                                    0.001  0.002   0.000    0.004      0.000    0.000    5314.0    8183.0   1.00
p_y[34]                                    0.000  0.001   0.000    0.002      0.000    0.000    6383.0   10068.0   1.00
p_y[35]                                    0.000  0.001   0.000    0.001      0.000    0.000    5548.0    7604.0   1.00
p_y[36]                                    0.001  0.001   0.000    0.002      0.000    0.000    6148.0    8374.0   1.00
p_y[37]                                    0.000  0.001   0.000    0.001      0.000    0.000    4795.0    7130.0   1.00
p_y[38]                                    0.003  0.004   0.000    0.010      0.000    0.000    6181.0    7645.0   1.00
p_y[39]                                    0.002  0.002   0.000    0.006      0.000    0.000    5840.0    8012.0   1.00
p_y[40]                                    0.000  0.001   0.000    0.002      0.000    0.000    5116.0    5949.0   1.00
p_y[41]                                    0.001  0.001   0.000    0.003      0.000    0.000    5902.0    8832.0   1.00
p_y[42]                                    0.001  0.001   0.000    0.002      0.000    0.000    5111.0    5187.0   1.00
p_y[43]                                    0.001  0.002   0.000    0.004      0.000    0.000    7177.0    8659.0   1.00
p_y[44]                                    0.000  0.001   0.000    0.002      0.000    0.000    5575.0    7369.0   1.00
p_y[45]                                    0.001  0.002   0.000    0.003      0.000    0.000    5580.0    8622.0   1.00
p_y[46]                                    0.001  0.002   0.000    0.003      0.000    0.000    5704.0    8253.0   1.00
p_y[47]                                    0.000  0.001   0.000    0.002      0.000    0.000    5374.0    5971.0   1.00
p_y[48]                                    0.001  0.001   0.000    0.002      0.000    0.000    4934.0    5901.0   1.00
p_y[49]                                    0.001  0.001   0.000    0.003      0.000    0.000    5487.0    7786.0   1.00
p_y[50]                                    0.003  0.004   0.000    0.011      0.000    0.000    4513.0    6986.0   1.00
p_y[51]                                    0.001  0.002   0.000    0.003      0.000    0.000    5467.0    8017.0   1.00
p_y[52]                                    0.001  0.001   0.000    0.002      0.000    0.000    5033.0    6359.0   1.00
p_y[53]                                    0.001  0.002   0.000    0.005      0.000    0.000    5674.0    6555.0   1.00
p_y[54]                                    0.012  0.010   0.000    0.030      0.000    0.000    4508.0    3290.0   1.00
p_y[55]                                    0.001  0.002   0.000    0.004      0.000    0.000    5099.0    6711.0   1.00
p_y[56]                                    0.002  0.003   0.000    0.006      0.000    0.000    4978.0    7309.0   1.00
p_y[57]                                    0.001  0.002   0.000    0.004      0.000    0.000    4953.0    6485.0   1.00
p_y[58]                                    0.001  0.001   0.000    0.003      0.000    0.000    4196.0    6399.0   1.00
p_y[59]                                    0.003  0.006   0.000    0.011      0.000    0.000    5385.0    7994.0   1.00
p_y[60]                                    0.002  0.004   0.000    0.007      0.000    0.000    4901.0    7991.0   1.00
p_y[61]                                    0.006  0.008   0.000    0.020      0.000    0.000    4657.0    7022.0   1.00
p_y[62]                                    0.000  0.001   0.000    0.002      0.000    0.000    5813.0    7563.0   1.00
p_y[63]                                    0.001  0.002   0.000    0.005      0.000    0.000    6355.0    8063.0   1.00
p_y[64]                                    0.004  0.006   0.000    0.014      0.000    0.000    4863.0    6818.0   1.00
p_y[65]                                    0.001  0.002   0.000    0.004      0.000    0.000    5284.0    5861.0   1.00
p_y[66]                                    0.001  0.001   0.000    0.002      0.000    0.000    5698.0    5956.0   1.00
p_y[67]                                    0.001  0.002   0.000    0.004      0.000    0.000    5849.0    7474.0   1.00
p_y[68]                                    0.002  0.002   0.000    0.005      0.000    0.000    6750.0    8559.0   1.00
p_y[69]                                    0.000  0.001   0.000    0.002      0.000    0.000    4905.0    5417.0   1.00
p_y[70]                                    0.002  0.003   0.000    0.006      0.000    0.000    6183.0    9181.0   1.00
p_y[71]                                    0.001  0.001   0.000    0.002      0.000    0.000    5034.0    6999.0   1.00
p_y[72]                                    0.001  0.002   0.000    0.003      0.000    0.000    5744.0    9229.0   1.00
p_y[73]                                    0.002  0.002   0.000    0.005      0.000    0.000    7480.0    8649.0   1.00
p_y[74]                                    0.001  0.002   0.000    0.003      0.000    0.000    4499.0    6368.0   1.00
p_y[75]                                    0.013  0.017   0.000    0.043      0.000    0.000    7248.0    9334.0   1.00
p_y[76]                                    0.002  0.004   0.000    0.008      0.000    0.000    6890.0    8126.0   1.00
p_y[77]                                    0.000  0.001   0.000    0.002      0.000    0.000    4496.0    6929.0   1.00
p_y[78]                                    0.001  0.002   0.000    0.004      0.000    0.000    6814.0    8533.0   1.00
p_y[79]                                    0.003  0.004   0.000    0.010      0.000    0.000    3826.0    7260.0   1.00
p_y[80]                                    0.067  0.036   0.013    0.133      0.000    0.000    5851.0    8073.0   1.00
p_y[81]                                    0.101  0.049   0.024    0.192      0.001    0.001    6578.0    8301.0   1.00
p_y[82]                                    0.001  0.002   0.000    0.003      0.000    0.000    4605.0    6220.0   1.00
p_y[83]                                    0.027  0.023   0.000    0.067      0.000    0.000    6504.0    6884.0   1.00
p_y[84]                                    0.007  0.010   0.000    0.023      0.000    0.000    6655.0    6261.0   1.00
p_y[85]                                    0.002  0.004   0.000    0.006      0.000    0.000    6459.0    8367.0   1.00
p_y[86]                                    0.001  0.001   0.000    0.003      0.000    0.000    5182.0    6359.0   1.00
p_y[87]                                    0.002  0.003   0.000    0.006      0.000    0.000    6497.0    8417.0   1.00
p_y[88]                                    0.002  0.003   0.000    0.006      0.000    0.000    6975.0    9396.0   1.00
p_y[89]                                    0.006  0.012   0.000    0.026      0.000    0.000    4155.0    7108.0   1.00
p_y[90]                                    0.002  0.004   0.000    0.007      0.000    0.000    6582.0    7194.0   1.00
p_y[91]                                    0.001  0.003   0.000    0.005      0.000    0.000    5227.0    6945.0   1.00
p_y[92]                                    0.003  0.006   0.000    0.011      0.000    0.000    6685.0    9632.0   1.00
p_y[93]                                    0.003  0.007   0.000    0.011      0.000    0.000    6043.0    7676.0   1.00
p_y[94]                                    0.003  0.008   0.000    0.010      0.000    0.001    6996.0    8134.0   1.00
p_y[95]                                    0.001  0.003   0.000    0.005      0.000    0.000    4250.0    5615.0   1.00
p_y[96]                                    0.002  0.003   0.000    0.006      0.000    0.000    6395.0    7879.0   1.00
p_y[97]                                    0.002  0.004   0.000    0.007      0.000    0.000    6074.0    8624.0   1.00
p_y[98]                                    0.001  0.002   0.000    0.004      0.000    0.000    5659.0    6727.0   1.00
p_y[99]                                    0.001  0.002   0.000    0.005      0.000    0.000    5986.0    8303.0   1.00
p_y[100]                                   0.002  0.004   0.000    0.007      0.000    0.000    6048.0    7436.0   1.00
p_y[101]                                   0.001  0.003   0.000    0.005      0.000    0.000    7412.0    8653.0   1.00
p_y[102]                                   0.001  0.002   0.000    0.005      0.000    0.000    4983.0    5484.0   1.00
p_y[103]                                   0.002  0.002   0.000    0.006      0.000    0.000    7450.0    8501.0   1.00
p_y[104]                                   0.002  0.003   0.000    0.006      0.000    0.000    6157.0    9032.0   1.00
p_y[105]                                   0.001  0.002   0.000    0.004      0.000    0.000    5385.0    8165.0   1.00
p_y[106]                                   0.004  0.006   0.000    0.014      0.000    0.000    5884.0    6948.0   1.00
p_y[107]                                   0.001  0.002   0.000    0.005      0.000    0.000    5586.0    6819.0   1.00
p_y[108]                                   0.002  0.004   0.000    0.008      0.000    0.000    7056.0    8891.0   1.00
p_y[109]                                   0.001  0.003   0.000    0.005      0.000    0.000    5564.0    7170.0   1.00
p_y[110]                                   0.002  0.004   0.000    0.007      0.000    0.000    5352.0    8225.0   1.00
p_y[111]                                   0.002  0.003   0.000    0.006      0.000    0.000    4499.0    5027.0   1.00
p_y[112]                                   0.002  0.004   0.000    0.009      0.000    0.000    7916.0    8757.0   1.00
p_y[113]                                   0.003  0.006   0.000    0.009      0.000    0.000    6997.0    7605.0   1.00
p_y[114]                                   0.006  0.009   0.000    0.023      0.000    0.000    4643.0    5685.0   1.00
p_y[115]                                   0.003  0.006   0.000    0.012      0.000    0.000    4871.0    5795.0   1.00
p_y[116]                                   0.006  0.007   0.000    0.018      0.000    0.000    6663.0    8038.0   1.00
p_y[117]                                   0.001  0.003   0.000    0.005      0.000    0.000    5593.0    8065.0   1.00
p_y[118]                                   0.001  0.002   0.000    0.004      0.000    0.000    6727.0    8686.0   1.00
p_y[119]                                   0.002  0.004   0.000    0.007      0.000    0.000    6267.0    8339.0   1.00
p_y[120]                                   0.001  0.002   0.000    0.003      0.000    0.000    5499.0    8275.0   1.00
p_y[121]                                   0.001  0.002   0.000    0.003      0.000    0.000    5723.0    7310.0   1.00
p_y[122]                                   0.002  0.003   0.000    0.006      0.000    0.000    7135.0    8441.0   1.00
p_y[123]                                   0.002  0.004   0.000    0.006      0.000    0.000    6183.0    8979.0   1.00
p_y[124]                                   0.002  0.003   0.000    0.006      0.000    0.000    5953.0    7263.0   1.00
p_y[125]                                   0.013  0.013   0.000    0.036      0.000    0.000    6509.0    6221.0   1.00
p_y[126]                                   0.002  0.003   0.000    0.006      0.000    0.000    5984.0    6391.0   1.00
p_y[127]                                   0.002  0.004   0.000    0.006      0.000    0.000    4857.0    7316.0   1.00
p_y[128]                                   0.003  0.006   0.000    0.012      0.000    0.000    4997.0    7275.0   1.00
p_y[129]                                   0.001  0.003   0.000    0.004      0.000    0.000    4297.0    7696.0   1.00
p_y[130]                                   0.001  0.003   0.000    0.004      0.000    0.000    4640.0    7373.0   1.00
p_y[131]                                   0.001  0.003   0.000    0.005      0.000    0.000    4821.0    7495.0   1.00
p_y[132]                                   0.001  0.002   0.000    0.003      0.000    0.000    3955.0    7107.0   1.00
p_y[133]                                   0.001  0.002   0.000    0.004      0.000    0.000    5078.0    8004.0   1.00
p_y[134]                                   0.001  0.002   0.000    0.004      0.000    0.000    5484.0    7271.0   1.00
p_y[135]                                   0.001  0.003   0.000    0.005      0.000    0.000    5278.0    8122.0   1.00
p_y[136]                                   0.001  0.002   0.000    0.004      0.000    0.000    4546.0    6142.0   1.00
p_y[137]                                   0.001  0.003   0.000    0.004      0.000    0.000    4787.0    7433.0   1.00
p_y[138]                                   0.002  0.004   0.000    0.007      0.000    0.000    4113.0    7131.0   1.00
p_y[139]                                   0.001  0.003   0.000    0.005      0.000    0.000    4903.0    7539.0   1.00
p_y[140]                                   0.001  0.002   0.000    0.004      0.000    0.000    5438.0    8375.0   1.00
p_y[141]                                   0.001  0.003   0.000    0.005      0.000    0.000    5542.0    8037.0   1.00
p_y[142]                                   0.002  0.004   0.000    0.007      0.000    0.000    5300.0    6488.0   1.00
p_y[143]                                   0.005  0.013   0.000    0.018      0.000    0.001    6977.0    9778.0   1.00
p_y[144]                                   0.008  0.014   0.000    0.027      0.000    0.001    5514.0    5632.0   1.00
p_y[145]                                   0.005  0.011   0.000    0.020      0.000    0.000    6598.0    9012.0   1.00
p_y[146]                                   0.068  0.026   0.023    0.115      0.000    0.000    5449.0    6551.0   1.00
p_y[147]                                   0.028  0.016   0.005    0.058      0.000    0.000    6003.0    7170.0   1.00
p_y[148]                                   0.007  0.017   0.000    0.028      0.000    0.001    6176.0    9023.0   1.00
p_y[149]                                   0.004  0.008   0.000    0.015      0.000    0.000    5883.0    7720.0   1.00
p_y[150]                                   0.005  0.007   0.000    0.016      0.000    0.000    5616.0    8870.0   1.00
p_y[151]                                   0.002  0.004   0.000    0.008      0.000    0.000    5975.0    7619.0   1.00
p_y[152]                                   0.003  0.008   0.000    0.011      0.000    0.000    5902.0    8812.0   1.00
p_y[153]                                   0.002  0.005   0.000    0.006      0.000    0.000    5528.0    8598.0   1.00
p_y[154]                                   0.001  0.002   0.000    0.004      0.000    0.000    5215.0    7985.0   1.00
p_y[155]                                   0.055  0.125   0.000    0.251      0.001    0.003    8120.0    9215.0   1.00
p_y[156]                                   0.001  0.003   0.000    0.004      0.000    0.000    4917.0    7298.0   1.00
p_y[157]                                   0.009  0.015   0.000    0.032      0.000    0.000    7865.0    9269.0   1.00
p_y[158]                                   0.005  0.008   0.000    0.017      0.000    0.000    7389.0    8805.0   1.00
p_y[159]                                   0.011  0.028   0.000    0.043      0.000    0.001    7066.0    8330.0   1.00
p_y[160]                                   0.005  0.008   0.000    0.018      0.000    0.000    6174.0    8367.0   1.00
p_y[161]                                   0.002  0.007   0.000    0.008      0.000    0.000    5566.0    7661.0   1.00
p_y[162]                                   0.004  0.006   0.000    0.014      0.000    0.000    6711.0    8695.0   1.00
p_y[163]                                   0.002  0.006   0.000    0.008      0.000    0.000    4734.0    4262.0   1.00
p_y[164]                                   0.001  0.001   0.000    0.002      0.000    0.000    4845.0    7340.0   1.00
p_y[165]                                   0.001  0.002   0.000    0.004      0.000    0.000    4674.0    5758.0   1.00
p_y[166]                                   0.001  0.003   0.000    0.004      0.000    0.000    5435.0    8077.0   1.00
p_y[167]                                   0.002  0.003   0.000    0.006      0.000    0.000    5063.0    7206.0   1.00
p_y[168]                                   0.003  0.013   0.000    0.012      0.000    0.001    5517.0    8548.0   1.00
p_y[169]                                   0.003  0.010   0.000    0.012      0.000    0.000    5675.0    8421.0   1.00
p_y[170]                                   0.002  0.004   0.000    0.007      0.000    0.000    5879.0    9002.0   1.00
p_y[171]                                   0.002  0.004   0.000    0.007      0.000    0.000    6745.0    9331.0   1.00
p_y[172]                                   0.070  0.048   0.002    0.154      0.001    0.001    6972.0    8032.0   1.00
p_y[173]                                   0.002  0.004   0.000    0.008      0.000    0.000    5448.0    5101.0   1.00
p_y[174]                                   0.003  0.006   0.000    0.013      0.000    0.000    6516.0    7880.0   1.00
p_y[175]                                   0.003  0.007   0.000    0.011      0.000    0.000    5165.0    6605.0   1.00
p_y[176]                                   0.002  0.004   0.000    0.007      0.000    0.000    3985.0    5534.0   1.00
p_y[177]                                   0.002  0.006   0.000    0.006      0.000    0.000    4783.0    8147.0   1.00
p_y[178]                                   0.004  0.007   0.000    0.014      0.000    0.000    6414.0    8048.0   1.00
p_y[179]                                   0.002  0.003   0.000    0.006      0.000    0.000    5433.0    8659.0   1.00
p_y[180]                                   0.002  0.007   0.000    0.008      0.000    0.000    5316.0    6658.0   1.00
p_y[181]                                   0.002  0.003   0.000    0.006      0.000    0.000    4842.0    7845.0   1.00
p_y[182]                                   0.002  0.007   0.000    0.008      0.000    0.000    4554.0    7874.0   1.00
p_y[183]                                   0.001  0.003   0.000    0.005      0.000    0.000    4788.0    9080.0   1.00
p_y[184]                                   0.001  0.002   0.000    0.004      0.000    0.000    5575.0    9637.0   1.00
p_y[185]                                   0.051  0.057   0.000    0.152      0.001    0.001    5857.0    3999.0   1.00
p_y[186]                                   0.001  0.002   0.000    0.004      0.000    0.000    4655.0    8386.0   1.00
p_y[187]                                   0.002  0.006   0.000    0.008      0.000    0.000    5360.0    8609.0   1.00
p_y[188]                                   0.002  0.005   0.000    0.007      0.000    0.000    4683.0    5540.0   1.00
p_y[189]                                   0.001  0.004   0.000    0.005      0.000    0.000    4568.0    7522.0   1.00
p_y[190]                                   0.001  0.003   0.000    0.005      0.000    0.000    4209.0    8924.0   1.00
p_y[191]                                   0.002  0.007   0.000    0.008      0.000    0.000    4405.0    5814.0   1.00
p_y[192]                                   0.001  0.003   0.000    0.005      0.000    0.000    4716.0    7763.0   1.00
p_y[193]                                   0.003  0.008   0.000    0.012      0.000    0.000    4602.0    5897.0   1.00
p_y[194]                                   0.002  0.004   0.000    0.005      0.000    0.000    5043.0    7448.0   1.00
p_y[195]                                   0.002  0.004   0.000    0.006      0.000    0.000    4922.0    8136.0   1.00
p_y[196]                                   0.002  0.005   0.000    0.008      0.000    0.000    4028.0    5801.0   1.00
p_y[197]                                   0.002  0.003   0.000    0.005      0.000    0.000    5087.0    7376.0   1.00
p_y[198]                                   0.002  0.003   0.000    0.006      0.000    0.000    4140.0    4684.0   1.00
p_y[199]                                   0.001  0.003   0.000    0.005      0.000    0.000    5378.0    8676.0   1.00
p_y[200]                                   0.002  0.005   0.000    0.007      0.000    0.000    4417.0    5482.0   1.00
p_y[201]                                   0.002  0.004   0.000    0.006      0.000    0.000    5255.0    7380.0   1.00
p_y[202]                                   0.002  0.006   0.000    0.007      0.000    0.001    4784.0    7065.0   1.00
p_y[203]                                   0.002  0.005   0.000    0.007      0.000    0.000    5756.0    7731.0   1.00
p_y[204]                                   0.003  0.008   0.000    0.011      0.000    0.001    4326.0    6980.0   1.00
p_y[205]                                   0.003  0.005   0.000    0.009      0.000    0.000    5377.0    8297.0   1.00
p_y[206]                                   0.003  0.008   0.000    0.012      0.000    0.000    4733.0    7576.0   1.00
p_y[207]                                   0.015  0.028   0.000    0.057      0.000    0.001    4295.0    6988.0   1.00
p_y[208]                                   0.003  0.008   0.000    0.011      0.000    0.001    5015.0    7639.0   1.00
p_y[209]                                   0.002  0.005   0.000    0.009      0.000    0.000    5600.0    8819.0   1.00
p_y[210]                                   0.002  0.005   0.000    0.008      0.000    0.000    5251.0    8290.0   1.00
p_y[211]                                   0.002  0.004   0.000    0.007      0.000    0.000    6541.0    6582.0   1.00
p_y[212]                                   0.002  0.004   0.000    0.007      0.000    0.000    4229.0    8006.0   1.00
p_y[213]                                   0.004  0.009   0.000    0.014      0.000    0.000    5936.0    6411.0   1.00
p_y[214]                                   0.003  0.006   0.000    0.013      0.000    0.000    4806.0    7594.0   1.00
p_y[215]                                   0.002  0.005   0.000    0.008      0.000    0.000    5383.0    7123.0   1.00
p_y[216]                                   0.002  0.005   0.000    0.008      0.000    0.000    3285.0    5847.0   1.00
p_y[217]                                   0.002  0.004   0.000    0.007      0.000    0.000    5792.0    8693.0   1.00
p_y[218]                                   0.002  0.004   0.000    0.006      0.000    0.000    4392.0    7245.0   1.00
p_y[219]                                   0.002  0.003   0.000    0.006      0.000    0.000    4626.0    6928.0   1.00
p_y[220]                                   0.003  0.007   0.000    0.011      0.000    0.000    5379.0    8035.0   1.00
p_y[221]                                   0.005  0.005   0.000    0.014      0.000    0.000    6413.0    5278.0   1.00
p_y[222]                                   0.002  0.005   0.000    0.008      0.000    0.000    4899.0    8627.0   1.00
p_y[223]                                   0.005  0.015   0.000    0.020      0.000    0.001    5061.0    7793.0   1.00
p_y[224]                                   0.005  0.011   0.000    0.019      0.000    0.000    4912.0    7386.0   1.00
p_y[225]                                   0.004  0.009   0.000    0.017      0.000    0.000    4542.0    6218.0   1.00
p_y[226]                                   0.003  0.005   0.000    0.011      0.000    0.000    6173.0    7796.0   1.00
p_y[227]                                   0.031  0.043   0.000    0.106      0.000    0.001    6950.0    7197.0   1.00
p_y[228]                                   0.015  0.021   0.000    0.051      0.000    0.000    3613.0    4485.0   1.00
p_y[229]                                   0.002  0.004   0.000    0.007      0.000    0.000    3557.0    4503.0   1.00
p_y[230]                                   0.008  0.014   0.000    0.029      0.000    0.000    3694.0    4785.0   1.00
p_y[231]                                   0.004  0.007   0.000    0.015      0.000    0.000    5874.0    7888.0   1.00
p_y[232]                                   0.002  0.004   0.000    0.007      0.000    0.000    4216.0    5430.0   1.00
p_y[233]                                   0.005  0.009   0.000    0.017      0.000    0.000    5984.0    7573.0   1.00
p_y[234]                                   0.001  0.004   0.000    0.005      0.000    0.000    4324.0    7288.0   1.00
p_y[235]                                   0.009  0.017   0.000    0.032      0.000    0.001    6929.0    8051.0   1.00
p_y[236]                                   0.001  0.004   0.000    0.005      0.000    0.000    4401.0    7616.0   1.00
p_y[237]                                   0.001  0.003   0.000    0.005      0.000    0.000    4287.0    7106.0   1.00
p_y[238]                                   0.001  0.003   0.000    0.004      0.000    0.000    3766.0    7287.0   1.00
p_y[239]                                   0.002  0.004   0.000    0.006      0.000    0.000    4379.0    8913.0   1.00
p_y[240]                                   0.003  0.006   0.000    0.011      0.000    0.000    5479.0    8303.0   1.00
p_y[241]                                   0.002  0.004   0.000    0.006      0.000    0.000    4413.0    7190.0   1.00
p_y[242]                                   0.003  0.007   0.000    0.010      0.000    0.000    4722.0    6645.0   1.00
p_y[243]                                   0.003  0.006   0.000    0.012      0.000    0.000    5688.0    8104.0   1.00
p_y[244]                                   0.002  0.003   0.000    0.007      0.000    0.000    5860.0    6580.0   1.00
p_y[245]                                   0.002  0.007   0.000    0.008      0.000    0.000    5094.0    8794.0   1.00
p_y[246]                                   0.003  0.006   0.000    0.010      0.000    0.000    5714.0    6664.0   1.00
p_y[247]                                   0.002  0.004   0.000    0.006      0.000    0.000    4539.0    7724.0   1.00
p_y[248]                                   0.003  0.006   0.000    0.009      0.000    0.000    5278.0    7364.0   1.00
p_y[249]                                   0.002  0.005   0.000    0.007      0.000    0.000    5200.0    8033.0   1.00
p_y[250]                                   0.003  0.008   0.000    0.012      0.000    0.000    5613.0    9309.0   1.00
p_y[251]                                   0.001  0.003   0.000    0.005      0.000    0.000    4131.0    6743.0   1.00
p_y[252]                                   0.024  0.036   0.000    0.086      0.000    0.001    6774.0    7352.0   1.00
p_y[253]                                   0.005  0.008   0.000    0.017      0.000    0.000    6210.0    8446.0   1.00
p_y[254]                                   0.003  0.008   0.000    0.011      0.000    0.001    6078.0    7867.0   1.00
p_y[255]                                   0.003  0.007   0.000    0.012      0.000    0.000    5495.0    8443.0   1.00
p_y[256]                                   0.003  0.004   0.000    0.010      0.000    0.000    5613.0    7629.0   1.00
p_y[257]                                   0.008  0.011   0.000    0.026      0.000    0.000    6906.0    6670.0   1.00
p_y[258]                                   0.005  0.007   0.000    0.016      0.000    0.000    7340.0    7752.0   1.00
p_y[259]                                   0.003  0.007   0.000    0.012      0.000    0.000    6392.0    7115.0   1.00
p_y[260]                                   0.010  0.017   0.000    0.037      0.000    0.000    6809.0    8176.0   1.00
p_y[261]                                   0.003  0.006   0.000    0.009      0.000    0.000    5915.0    7948.0   1.00
p_y[262]                                   0.003  0.003   0.000    0.008      0.000    0.000    5967.0    4659.0   1.00
p_y[263]                                   0.006  0.010   0.000    0.023      0.000    0.000    6251.0    6950.0   1.00
p_y[264]                                   0.007  0.017   0.000    0.027      0.000    0.001    5310.0    5968.0   1.00
p_y[265]                                   0.004  0.006   0.000    0.012      0.000    0.000    7524.0    8648.0   1.00
p_y[266]                                   0.005  0.011   0.000    0.019      0.000    0.000    4947.0    7606.0   1.00
p_y[267]                                   0.018  0.037   0.000    0.073      0.000    0.001    4482.0    5549.0   1.00
p_y[268]                                   0.004  0.010   0.000    0.016      0.000    0.000    6863.0    9085.0   1.00
p_y[269]                                   0.003  0.006   0.000    0.011      0.000    0.000    5505.0    6204.0   1.00
p_y[270]                                   0.003  0.006   0.000    0.010      0.000    0.000    5264.0    7282.0   1.00
p_y[271]                                   0.003  0.008   0.000    0.012      0.000    0.000    5645.0    7075.0   1.00
p_y[272]                                   0.010  0.027   0.000    0.042      0.000    0.001    5284.0    8603.0   1.00
p_y[273]                                   0.002  0.004   0.000    0.008      0.000    0.000    5032.0    8229.0   1.00
p_y[274]                                   0.002  0.003   0.000    0.007      0.000    0.000    5266.0    6624.0   1.00
p_y[275]                                   0.002  0.004   0.000    0.008      0.000    0.000    5606.0    6436.0   1.00
p_y[276]                                   0.003  0.005   0.000    0.010      0.000    0.000    6453.0    8212.0   1.00
p_y[277]                                   0.005  0.009   0.000    0.019      0.000    0.000    6476.0    8751.0   1.00
p_y[278]                                   0.008  0.019   0.000    0.030      0.000    0.001    6911.0    8761.0   1.00
p_y[279]                                   0.006  0.011   0.000    0.021      0.000    0.000    7000.0    9811.0   1.00
p_y[280]                                   0.009  0.021   0.000    0.035      0.000    0.001    5916.0    8566.0   1.00
p_y[281]                                   0.005  0.010   0.000    0.016      0.000    0.000    6398.0   10435.0   1.00
p_y[282]                                   0.006  0.015   0.000    0.022      0.000    0.001    5999.0    8125.0   1.00
p_y[283]                                   0.003  0.005   0.000    0.010      0.000    0.000    5721.0    7910.0   1.00
p_y[284]                                   0.002  0.004   0.000    0.008      0.000    0.000    4995.0    7870.0   1.00
p_y[285]                                   0.006  0.015   0.000    0.026      0.000    0.000    7146.0    8295.0   1.00
p_y[286]                                   0.003  0.006   0.000    0.010      0.000    0.000    5228.0    7199.0   1.00
p_y[287]                                   0.002  0.004   0.000    0.006      0.000    0.000    5192.0    8049.0   1.00
p_y[288]                                   0.002  0.004   0.000    0.008      0.000    0.000    5545.0    7713.0   1.00
p_y[289]                                   0.003  0.005   0.000    0.010      0.000    0.000    5750.0    7377.0   1.00
p_y[290]                                   0.003  0.006   0.000    0.012      0.000    0.000    5944.0    8417.0   1.00
p_y[291]                                   0.002  0.005   0.000    0.009      0.000    0.000    6100.0    7544.0   1.00
p_y[292]                                   0.004  0.009   0.000    0.014      0.000    0.000    4780.0    7490.0   1.00
p_y[293]                                   0.003  0.007   0.000    0.009      0.000    0.000    5608.0    8311.0   1.00
p_y[294]                                   0.002  0.003   0.000    0.005      0.000    0.000    4305.0    7715.0   1.00
p_y[295]                                   0.002  0.006   0.000    0.008      0.000    0.000    4173.0    7518.0   1.00
p_y[296]                                   0.003  0.007   0.000    0.010      0.000    0.000    5903.0    9038.0   1.00
p_y[297]                                   0.003  0.006   0.000    0.009      0.000    0.000    5666.0    9119.0   1.00
p_y[298]                                   0.003  0.005   0.000    0.009      0.000    0.000    5832.0    9492.0   1.00
p_y[299]                                   0.002  0.005   0.000    0.007      0.000    0.000    4771.0    7658.0   1.00
p_y[300]                                   0.005  0.009   0.000    0.018      0.000    0.000    6857.0   10092.0   1.00
p_y[301]                                   0.002  0.004   0.000    0.006      0.000    0.000    4344.0    7689.0   1.00
p_y[302]                                   0.002  0.005   0.000    0.009      0.000    0.000    5763.0    7718.0   1.00
p_y[303]                                   0.001  0.002   0.000    0.004      0.000    0.000    3632.0    7066.0   1.00
p_y[304]                                   0.002  0.003   0.000    0.006      0.000    0.000    5499.0    7958.0   1.00
p_y[305]                                   0.001  0.003   0.000    0.005      0.000    0.000    4272.0    5714.0   1.00
p_y[306]                                   0.003  0.007   0.000    0.011      0.000    0.000    6074.0    9277.0   1.00
p_y[307]                                   0.003  0.006   0.000    0.011      0.000    0.000    5557.0    8593.0   1.00
p_y[308]                                   0.002  0.004   0.000    0.006      0.000    0.000    4602.0    7046.0   1.00
p_y[309]                                   0.006  0.014   0.000    0.023      0.000    0.001    6783.0    7577.0   1.00
p_y[310]                                   0.006  0.013   0.000    0.023      0.000    0.000    6001.0    9336.0   1.00
p_y[311]                                   0.003  0.006   0.000    0.010      0.000    0.000    5331.0    6951.0   1.00
p_y[312]                                   0.002  0.005   0.000    0.008      0.000    0.000    5351.0    7718.0   1.00
p_y[313]                                   0.002  0.004   0.000    0.006      0.000    0.000    4018.0    5728.0   1.00
p_y[314]                                   0.002  0.004   0.000    0.007      0.000    0.000    4751.0    7647.0   1.00
p_y[315]                                   0.002  0.004   0.000    0.006      0.000    0.000    4737.0    8007.0   1.00
p_y[316]                                   0.003  0.006   0.000    0.011      0.000    0.000    5643.0    6320.0   1.00
p_y[317]                                   0.002  0.004   0.000    0.007      0.000    0.000    3621.0    5098.0   1.00
p_y[318]                                   0.002  0.006   0.000    0.009      0.000    0.000    5406.0    6173.0   1.00
p_y[319]                                   0.003  0.006   0.000    0.012      0.000    0.000    5102.0    6246.0   1.00
p_y[320]                                   0.002  0.005   0.000    0.008      0.000    0.000    5296.0    7416.0   1.00
p_y[321]                                   0.002  0.003   0.000    0.006      0.000    0.000    4636.0    7030.0   1.00
p_y[322]                                   0.007  0.016   0.000    0.026      0.000    0.001    6291.0    8552.0   1.00
p_y[323]                                   0.003  0.006   0.000    0.012      0.000    0.000    6445.0    7738.0   1.00
p_y[324]                                   0.002  0.003   0.000    0.007      0.000    0.000    6191.0    7310.0   1.00
p_y[325]                                   0.005  0.009   0.000    0.017      0.000    0.000    6236.0    8109.0   1.00
p_y[326]                                   0.004  0.007   0.000    0.013      0.000    0.000    5703.0    6254.0   1.00
p_y[327]                                   0.004  0.007   0.000    0.014      0.000    0.000    6472.0   10139.0   1.00
p_y[328]                                   0.004  0.008   0.000    0.014      0.000    0.000    5675.0    7154.0   1.00
p_y[329]                                   0.006  0.017   0.000    0.023      0.000    0.001    5667.0    7659.0   1.00
p_y[330]                                   0.007  0.010   0.000    0.023      0.000    0.000    6069.0    7085.0   1.00
p_y[331]                                   0.004  0.009   0.000    0.015      0.000    0.000    5879.0    8534.0   1.00
p_y[332]                                   0.014  0.035   0.000    0.055      0.000    0.001    6897.0    9628.0   1.00
p_y[333]                                   0.003  0.006   0.000    0.010      0.000    0.000    5264.0    7164.0   1.00
p_y[334]                                   0.004  0.012   0.000    0.018      0.000    0.000    5975.0    8466.0   1.00
p_y[335]                                   0.004  0.011   0.000    0.018      0.000    0.000    6016.0    5969.0   1.00
p_y[336]                                   0.003  0.007   0.000    0.012      0.000    0.000    5422.0    7330.0   1.00
p_y[337]                                   0.007  0.018   0.000    0.028      0.000    0.001    6042.0    8739.0   1.00
p_y[338]                                   0.010  0.022   0.000    0.041      0.000    0.001    7602.0    8309.0   1.00
p_y[339]                                   0.009  0.019   0.000    0.033      0.000    0.001    6699.0    9305.0   1.00
p_y[340]                                   0.006  0.006   0.000    0.016      0.000    0.000    7332.0    7648.0   1.00
p_y[341]                                   0.003  0.007   0.000    0.013      0.000    0.000    5527.0    8609.0   1.00
p_y[342]                                   0.003  0.004   0.000    0.009      0.000    0.000    6206.0    7931.0   1.00
p_y[343]                                   0.011  0.030   0.000    0.045      0.000    0.001    6836.0    8518.0   1.00
p_y[344]                                   0.012  0.037   0.000    0.044      0.000    0.001    6918.0    8794.0   1.00
p_y[345]                                   0.004  0.006   0.000    0.014      0.000    0.000    5834.0    6216.0   1.00
p_y[346]                                   0.034  0.029   0.000    0.085      0.000    0.000    6081.0    4804.0   1.00
p_y[347]                                   0.004  0.006   0.000    0.013      0.000    0.000    6696.0    5877.0   1.00
p_y[348]                                   0.008  0.021   0.000    0.032      0.000    0.001    6975.0   10177.0   1.00
p_y[349]                                   0.010  0.007   0.001    0.023      0.000    0.000    6304.0    5425.0   1.00
p_y[350]                                   0.002  0.004   0.000    0.006      0.000    0.000    5469.0    7441.0   1.00
p_y[351]                                   0.001  0.003   0.000    0.004      0.000    0.000    3827.0    8891.0   1.00
p_y[352]                                   0.001  0.002   0.000    0.003      0.000    0.000    4204.0    7001.0   1.00
p_y[353]                                   0.001  0.002   0.000    0.005      0.000    0.000    6556.0    8733.0   1.00
p_y[354]                                   0.003  0.006   0.000    0.011      0.000    0.000    4325.0    7905.0   1.00
p_y[355]                                   0.002  0.004   0.000    0.006      0.000    0.000    4661.0    8936.0   1.00
p_y[356]                                   0.002  0.005   0.000    0.007      0.000    0.000    5563.0    8775.0   1.00
p_y[357]                                   0.001  0.003   0.000    0.005      0.000    0.000    4374.0    7002.0   1.00
p_y[358]                                   0.003  0.006   0.000    0.010      0.000    0.000    4970.0    6981.0   1.00
p_y[359]                                   0.003  0.006   0.000    0.009      0.000    0.000    5046.0    7690.0   1.00
p_y[360]                                   0.004  0.009   0.000    0.016      0.000    0.000    4343.0    7751.0   1.00
p_y[361]                                   0.002  0.007   0.000    0.008      0.000    0.000    4553.0    7433.0   1.00
p_y[362]                                   0.008  0.010   0.000    0.026      0.000    0.000    6423.0    6256.0   1.00
p_y[363]                                   0.001  0.002   0.000    0.004      0.000    0.000    3899.0    5127.0   1.00
p_y[364]                                   0.001  0.001   0.000    0.003      0.000    0.000    6066.0    7642.0   1.00
p_y[365]                                   0.001  0.002   0.000    0.003      0.000    0.000    4550.0    7735.0   1.00
p_y[366]                                   0.001  0.002   0.000    0.004      0.000    0.000    5219.0    6965.0   1.00
p_y[367]                                   0.002  0.004   0.000    0.007      0.000    0.000    5993.0    7407.0   1.00
p_y[368]                                   0.001  0.002   0.000    0.003      0.000    0.000    4363.0    5419.0   1.00
p_y[369]                                   0.002  0.004   0.000    0.007      0.000    0.000    6040.0    8177.0   1.00
p_y[370]                                   0.002  0.004   0.000    0.008      0.000    0.000    5008.0    7283.0   1.00
p_y[371]                                   0.003  0.006   0.000    0.012      0.000    0.000    5593.0    8204.0   1.00
p_y[372]                                   0.003  0.011   0.000    0.012      0.000    0.001    6178.0    9732.0   1.00
p_y[373]                                   0.002  0.003   0.000    0.006      0.000    0.000    5400.0    5917.0   1.00
p_y[374]                                   0.001  0.003   0.000    0.005      0.000    0.000    5349.0    7682.0   1.00
p_y[375]                                   0.001  0.002   0.000    0.004      0.000    0.000    5427.0    9147.0   1.00
p_y[376]                                   0.002  0.004   0.000    0.008      0.000    0.000    6879.0    9261.0   1.00
p_y[377]                                   0.001  0.002   0.000    0.004      0.000    0.000    6379.0    7786.0   1.00
p_y[378]                                   0.001  0.002   0.000    0.003      0.000    0.000    4968.0    8037.0   1.00
p_y[379]                                   0.001  0.004   0.000    0.005      0.000    0.000    6136.0    8689.0   1.00
p_y[380]                                   0.002  0.003   0.000    0.006      0.000    0.000    4818.0    7946.0   1.00
p_y[381]                                   0.001  0.002   0.000    0.003      0.000    0.000    4808.0    7171.0   1.00
p_y[382]                                   0.001  0.002   0.000    0.003      0.000    0.000    5135.0    8003.0   1.00
p_y[383]                                   0.001  0.002   0.000    0.004      0.000    0.000    5192.0    7926.0   1.00
p_y[384]                                   0.001  0.003   0.000    0.004      0.000    0.000    5039.0    9039.0   1.00
p_y[385]                                   0.001  0.003   0.000    0.005      0.000    0.000    6215.0    8910.0   1.00
p_y[386]                                   0.003  0.006   0.000    0.011      0.000    0.000    5890.0    9505.0   1.00
p_y[387]                                   0.001  0.002   0.000    0.003      0.000    0.000    4847.0    6154.0   1.00
p_y[388]                                   0.001  0.003   0.000    0.005      0.000    0.000    6289.0    8281.0   1.00
p_y[389]                                   0.002  0.005   0.000    0.008      0.000    0.000    6180.0    6962.0   1.00
p_y[390]                                   0.001  0.002   0.000    0.003      0.000    0.000    5150.0    6930.0   1.00
p_y[391]                                   0.003  0.006   0.000    0.011      0.000    0.000    6608.0    8147.0   1.00
p_y[392]                                   0.002  0.005   0.000    0.006      0.000    0.000    5414.0    7401.0   1.00
p_y[393]                                   0.001  0.003   0.000    0.005      0.000    0.000    4742.0    7400.0   1.00
p_y[394]                                   0.002  0.004   0.000    0.007      0.000    0.000    5638.0    8269.0   1.00
p_y[395]                                   0.002  0.006   0.000    0.008      0.000    0.000    4902.0    7408.0   1.00
p_y[396]                                   0.002  0.005   0.000    0.009      0.000    0.000    6878.0    9328.0   1.00
p_y[397]                                   0.002  0.005   0.000    0.008      0.000    0.000    4014.0    3903.0   1.00
p_y[398]                                   0.002  0.004   0.000    0.007      0.000    0.000    6116.0    8078.0   1.00
p_y[399]                                   0.004  0.010   0.000    0.014      0.000    0.000    4772.0    6255.0   1.00
p_y[400]                                   0.002  0.004   0.000    0.006      0.000    0.000    5611.0    9069.0   1.00
p_y[401]                                   0.002  0.004   0.000    0.006      0.000    0.000    4672.0    7582.0   1.00
p_y[402]                                   0.003  0.007   0.000    0.012      0.000    0.000    4702.0    7011.0   1.00
p_y[403]                                   0.001  0.003   0.000    0.005      0.000    0.000    4645.0    7289.0   1.00
p_y[404]                                   0.002  0.005   0.000    0.008      0.000    0.000    4029.0    6586.0   1.00
p_y[405]                                   0.001  0.004   0.000    0.005      0.000    0.000    4662.0    7080.0   1.00
p_y[406]                                   0.002  0.004   0.000    0.007      0.000    0.000    4918.0    7330.0   1.00
p_y[407]                                   0.002  0.004   0.000    0.006      0.000    0.000    4895.0    7317.0   1.00
p_y[408]                                   0.011  0.017   0.000    0.041      0.000    0.000    4398.0    6416.0   1.00
p_y[409]                                   0.001  0.003   0.000    0.005      0.000    0.000    5045.0    7201.0   1.00
p_y[410]                                   0.004  0.009   0.000    0.014      0.000    0.000    5375.0    6520.0   1.00
p_y[411]                                   0.002  0.003   0.000    0.005      0.000    0.000    5149.0    7564.0   1.00
p_y[412]                                   0.004  0.008   0.000    0.013      0.000    0.000    5502.0    6390.0   1.00
p_y[413]                                   0.001  0.003   0.000    0.005      0.000    0.000    5726.0    8234.0   1.00
p_y[414]                                   0.002  0.004   0.000    0.006      0.000    0.000    5867.0    7628.0   1.00
p_y[415]                                   0.002  0.004   0.000    0.006      0.000    0.000    4755.0    6744.0   1.00
p_y[416]                                   0.002  0.005   0.000    0.008      0.000    0.000    4359.0    5525.0   1.00
p_y[417]                                   0.003  0.006   0.000    0.009      0.000    0.000    5324.0    6522.0   1.00
p_y[418]                                   0.002  0.004   0.000    0.006      0.000    0.000    5735.0    7697.0   1.00
p_y[419]                                   0.002  0.004   0.000    0.007      0.000    0.000    6283.0    8377.0   1.00
p_y[420]                                   0.005  0.010   0.000    0.018      0.000    0.000    5872.0    7293.0   1.00
p_y[421]                                   0.002  0.004   0.000    0.006      0.000    0.000    6179.0    8270.0   1.00
p_y[422]                                   0.002  0.005   0.000    0.008      0.000    0.000    6250.0    8432.0   1.00
p_y[423]                                   0.002  0.004   0.000    0.007      0.000    0.000    5731.0    7833.0   1.00
p_y[424]                                   0.004  0.008   0.000    0.014      0.000    0.000    7017.0    8326.0   1.00
p_y[425]                                   0.002  0.003   0.000    0.005      0.000    0.000    5509.0    6610.0   1.00
p_y[426]                                   0.003  0.005   0.000    0.010      0.000    0.000    6765.0    9260.0   1.00
p_y[427]                                   0.001  0.003   0.000    0.005      0.000    0.000    6393.0    8360.0   1.00
p_y[428]                                   0.003  0.007   0.000    0.012      0.000    0.000    6471.0    8273.0   1.00
p_y[429]                                   0.002  0.004   0.000    0.007      0.000    0.000    5719.0    5561.0   1.00
p_y[430]                                   0.033  0.018   0.006    0.067      0.000    0.000    6247.0    6775.0   1.00
p_y[431]                                   0.002  0.004   0.000    0.007      0.000    0.000    6302.0    7548.0   1.00
p_y[432]                                   0.004  0.008   0.000    0.014      0.000    0.000    6185.0    7616.0   1.00
p_y[433]                                   0.003  0.005   0.000    0.010      0.000    0.000    6502.0    9204.0   1.00
p_y[434]                                   0.002  0.003   0.000    0.006      0.000    0.000    6223.0    7677.0   1.00
p_y[435]                                   0.002  0.002   0.000    0.005      0.000    0.000    6302.0    9079.0   1.00
p_y[436]                                   0.002  0.004   0.000    0.006      0.000    0.000    5913.0    9253.0   1.00
p_y[437]                                   0.002  0.005   0.000    0.010      0.000    0.000    6700.0    7371.0   1.00
p_y[438]                                   0.002  0.005   0.000    0.007      0.000    0.000    6466.0    8577.0   1.00
p_y[439]                                   0.001  0.003   0.000    0.005      0.000    0.000    5753.0    6539.0   1.00
p_y[440]                                   0.002  0.004   0.000    0.008      0.000    0.000    6331.0    8337.0   1.00
p_y[441]                                   0.002  0.003   0.000    0.006      0.000    0.000    6456.0    8047.0   1.00
p_y[442]                                   0.002  0.004   0.000    0.007      0.000    0.000    6504.0    8494.0   1.00
p_y[443]                                   0.001  0.003   0.000    0.005      0.000    0.000    5918.0    7814.0   1.00
p_y[444]                                   0.001  0.002   0.000    0.004      0.000    0.000    5389.0    6624.0   1.00
p_y[445]                                   0.001  0.003   0.000    0.005      0.000    0.000    5940.0    7289.0   1.00
p_y[446]                                   0.002  0.003   0.000    0.006      0.000    0.000    8190.0    9729.0   1.00
p_y[447]                                   0.003  0.003   0.000    0.009      0.000    0.000    6790.0    7815.0   1.00
p_y[448]                                   0.002  0.004   0.000    0.006      0.000    0.000    5516.0    5517.0   1.00
p_y[449]                                   0.002  0.003   0.000    0.006      0.000    0.000    6836.0    8614.0   1.00
p_y[450]                                   0.001  0.003   0.000    0.005      0.000    0.000    6021.0    7595.0   1.00
p_y[451]                                   0.002  0.003   0.000    0.008      0.000    0.000    5085.0    5420.0   1.00
p_y[452]                                   0.002  0.003   0.000    0.006      0.000    0.000    6091.0    7631.0   1.00
p_y[453]                                   0.002  0.005   0.000    0.008      0.000    0.000    4704.0    5269.0   1.00
p_y[454]                                   0.002  0.004   0.000    0.006      0.000    0.000    4504.0    6000.0   1.00
p_y[455]                                   0.003  0.006   0.000    0.010      0.000    0.000    6827.0    9301.0   1.00
p_y[456]                                   0.002  0.004   0.000    0.006      0.000    0.000    6315.0    8888.0   1.00
p_y[457]                                   0.001  0.002   0.000    0.004      0.000    0.000    4989.0    5342.0   1.00
p_y[458]                                   0.002  0.002   0.000    0.005      0.000    0.000    6540.0    7788.0   1.00
p_y[459]                                   0.001  0.002   0.000    0.004      0.000    0.000    4843.0    3945.0   1.00
p_y[460]                                   0.001  0.002   0.000    0.004      0.000    0.000    6724.0    8353.0   1.00
p_y[461]                                   0.001  0.003   0.000    0.005      0.000    0.000    5089.0    5650.0   1.00
p_y[462]                                   0.001  0.002   0.000    0.004      0.000    0.000    5622.0    7179.0   1.00
p_y[463]                                   0.003  0.003   0.000    0.008      0.000    0.000    6318.0    8328.0   1.00
p_y[464]                                   0.002  0.004   0.000    0.008      0.000    0.000    6730.0    9022.0   1.00
p_y[465]                                   0.003  0.007   0.000    0.012      0.000    0.000    6454.0    9045.0   1.00
p_y[466]                                   0.001  0.001   0.000    0.003      0.000    0.000    7685.0    8868.0   1.00
p_y[467]                                   0.009  0.005   0.001    0.018      0.000    0.000    5797.0    6292.0   1.00
p_y[468]                                   0.001  0.002   0.000    0.004      0.000    0.000    6857.0    7799.0   1.00
p_y[469]                                   0.003  0.004   0.000    0.008      0.000    0.000    6968.0    7730.0   1.00
p_y[470]                                   0.002  0.003   0.000    0.007      0.000    0.000    7543.0    9104.0   1.00
p_y[471]                                   0.002  0.002   0.000    0.005      0.000    0.000    6475.0    7676.0   1.00
p_y[472]                                   0.001  0.002   0.000    0.005      0.000    0.000    7096.0    7824.0   1.00
p_y[473]                                   0.001  0.001   0.000    0.002      0.000    0.000    6282.0    7951.0   1.00
p_y[474]                                   0.001  0.003   0.000    0.005      0.000    0.000    6427.0    7415.0   1.00
p_y[475]                                   0.001  0.002   0.000    0.005      0.000    0.000    6115.0    7861.0   1.00
p_y[476]                                   0.002  0.003   0.000    0.006      0.000    0.000    6568.0    8392.0   1.00
p_y[477]                                   0.002  0.004   0.000    0.006      0.000    0.000    5739.0    8887.0   1.00
p_y[478]                                   0.001  0.003   0.000    0.005      0.000    0.000    6147.0    9843.0   1.00
p_y[479]                                   0.003  0.005   0.000    0.011      0.000    0.000    7296.0    9605.0   1.00
p_y[480]                                   0.002  0.004   0.000    0.008      0.000    0.000    6423.0    6980.0   1.00
p_y[481]                                   0.001  0.002   0.000    0.004      0.000    0.000    6249.0    9501.0   1.00
p_y[482]                                   0.001  0.003   0.000    0.005      0.000    0.000    5957.0    7843.0   1.00
p_y[483]                                   0.001  0.003   0.000    0.005      0.000    0.000    6325.0    7593.0   1.00
p_y[484]                                   0.002  0.003   0.000    0.007      0.000    0.000    5848.0    7813.0   1.00
p_y[485]                                   0.001  0.002   0.000    0.004      0.000    0.000    7615.0    8669.0   1.00
p_y[486]                                   0.002  0.003   0.000    0.006      0.000    0.000    7693.0    8177.0   1.00
p_y[487]                                   0.002  0.003   0.000    0.006      0.000    0.000    7025.0    8517.0   1.00
p_y[488]                                   0.032  0.028   0.000    0.082      0.000    0.000    5356.0    3558.0   1.00
p_y[489]                                   0.006  0.009   0.000    0.022      0.000    0.000    5343.0    4782.0   1.00
p_y[490]                                   0.002  0.003   0.000    0.007      0.000    0.000    6773.0    8659.0   1.00
p_y[491]                                   0.002  0.003   0.000    0.006      0.000    0.000    6452.0    8291.0   1.00
p_y[492]                                   0.003  0.007   0.000    0.012      0.000    0.000    4779.0    7027.0   1.00
p_y[493]                                   0.001  0.003   0.000    0.005      0.000    0.000    5754.0    8428.0   1.00
p_y[494]                                   0.004  0.008   0.000    0.014      0.000    0.000    6104.0    8993.0   1.00
p_y[495]                                   0.002  0.005   0.000    0.008      0.000    0.000    5206.0    7799.0   1.00
p_y[496]                                   0.002  0.004   0.000    0.007      0.000    0.000    3965.0    5634.0   1.00
p_y[497]                                   0.002  0.006   0.000    0.009      0.000    0.000    5154.0    6325.0   1.00
p_y[498]                                   0.001  0.002   0.000    0.003      0.000    0.000    5338.0    7074.0   1.00
p_y[499]                                   0.001  0.003   0.000    0.004      0.000    0.000    5412.0    8474.0   1.00
p_y[500]                                   0.002  0.004   0.000    0.007      0.000    0.000    4955.0    7675.0   1.00
p_y[501]                                   0.002  0.004   0.000    0.006      0.000    0.000    4804.0    6591.0   1.00
p_y[502]                                   0.002  0.004   0.000    0.006      0.000    0.000    5008.0    9514.0   1.00
p_y[503]                                   0.002  0.005   0.000    0.006      0.000    0.000    5136.0    8442.0   1.00
p_y[504]                                   0.002  0.007   0.000    0.007      0.000    0.002    4762.0    7179.0   1.00
p_y[505]                                   0.002  0.004   0.000    0.005      0.000    0.000    4143.0    8367.0   1.00
p_y[506]                                   0.002  0.003   0.000    0.007      0.000    0.000    4927.0    7913.0   1.00
p_y[507]                                   0.002  0.005   0.000    0.007      0.000    0.000    4482.0    7345.0   1.00
p_y[508]                                   0.001  0.002   0.000    0.004      0.000    0.000    3892.0    6323.0   1.00
p_y[509]                                   0.002  0.004   0.000    0.006      0.000    0.000    4939.0    8015.0   1.00
p_y[510]                                   0.002  0.006   0.000    0.007      0.000    0.000    5433.0    7578.0   1.00
p_y[511]                                   0.002  0.006   0.000    0.008      0.000    0.000    6093.0    7681.0   1.00
p_y[512]                                   0.002  0.006   0.000    0.008      0.000    0.000    5187.0    7791.0   1.00
p_y[513]                                   0.001  0.003   0.000    0.005      0.000    0.000    5060.0    7524.0   1.00
p_y[514]                                   0.002  0.004   0.000    0.006      0.000    0.000    4866.0    7991.0   1.00
p_y[515]                                   0.002  0.004   0.000    0.006      0.000    0.000    5633.0    7454.0   1.00
p_y[516]                                   0.002  0.007   0.000    0.009      0.000    0.001    5034.0    7678.0   1.00
p_y[517]                                   0.001  0.003   0.000    0.005      0.000    0.000    6219.0    8863.0   1.00
p_y[518]                                   0.002  0.004   0.000    0.007      0.000    0.000    4684.0    7734.0   1.00
p_y[519]                                   0.002  0.004   0.000    0.006      0.000    0.000    6140.0    8877.0   1.00
p_y[520]                                   0.001  0.003   0.000    0.005      0.000    0.000    6092.0    7349.0   1.00
p_y[521]                                   0.002  0.006   0.000    0.008      0.000    0.000    4718.0    7205.0   1.00
p_y[522]                                   0.002  0.006   0.000    0.009      0.000    0.000    4903.0    6754.0   1.00
p_y[523]                                   0.001  0.003   0.000    0.005      0.000    0.000    5959.0    9044.0   1.00
p_y[524]                                   0.001  0.002   0.000    0.005      0.000    0.000    5914.0    6836.0   1.00
p_y[525]                                   0.002  0.004   0.000    0.008      0.000    0.000    6224.0    7654.0   1.00
p_y[526]                                   0.005  0.010   0.000    0.021      0.000    0.000    6349.0    8785.0   1.00
p_y[527]                                   0.002  0.002   0.000    0.005      0.000    0.000    5199.0    7169.0   1.00
p_y[528]                                   0.001  0.003   0.000    0.005      0.000    0.000    4543.0    6838.0   1.00
p_y[529]                                   0.003  0.009   0.000    0.012      0.000    0.000    5491.0    7296.0   1.00
p_y[530]                                   0.004  0.013   0.000    0.014      0.000    0.001    6294.0    9135.0   1.00
p_y[531]                                   0.002  0.006   0.000    0.010      0.000    0.000    6563.0    7014.0   1.00
p_y[532]                                   0.002  0.004   0.000    0.007      0.000    0.000    5837.0    8313.0   1.00
p_y[533]                                   0.002  0.005   0.000    0.008      0.000    0.000    6418.0    9014.0   1.00
p_y[534]                                   0.002  0.004   0.000    0.008      0.000    0.000    6577.0    8824.0   1.00
p_y[535]                                   0.001  0.003   0.000    0.005      0.000    0.000    6103.0    8374.0   1.00
p_y[536]                                   0.002  0.004   0.000    0.008      0.000    0.000    5953.0    7937.0   1.00
p_y[537]                                   0.002  0.005   0.000    0.009      0.000    0.000    5948.0    7024.0   1.00
p_y[538]                                   0.003  0.005   0.000    0.010      0.000    0.000    5279.0    6092.0   1.00
p_y[539]                                   0.003  0.006   0.000    0.010      0.000    0.000    5114.0    7862.0   1.00
p_y[540]                                   0.002  0.005   0.000    0.008      0.000    0.000    5298.0    7015.0   1.00
p_y[541]                                   0.002  0.003   0.000    0.006      0.000    0.000    5027.0    7489.0   1.00
p_y[542]                                   0.007  0.011   0.000    0.026      0.000    0.000    4129.0    3462.0   1.00
p_y[543]                                   0.002  0.007   0.000    0.010      0.000    0.000    6179.0    6666.0   1.00
p_y[544]                                   0.001  0.003   0.000    0.005      0.000    0.000    4514.0    7876.0   1.00
p_y[545]                                   0.001  0.003   0.000    0.005      0.000    0.000    4134.0    7082.0   1.00
p_y[546]                                   0.001  0.002   0.000    0.004      0.000    0.000    5295.0    6620.0   1.00
p_y[547]                                   0.002  0.004   0.000    0.006      0.000    0.000    5186.0    6584.0   1.00
p_y[548]                                   0.002  0.003   0.000    0.005      0.000    0.000    4868.0    7217.0   1.00
p_y[549]                                   0.024  0.013   0.005    0.047      0.000    0.000    5742.0    6524.0   1.00
p_y[550]                                   0.001  0.003   0.000    0.005      0.000    0.000    4144.0    6548.0   1.00
p_y[551]                                   0.002  0.005   0.000    0.008      0.000    0.000    4999.0    6566.0   1.00
p_y[552]                                   0.003  0.007   0.000    0.011      0.000    0.000    4488.0    7271.0   1.00
p_y[553]                                   0.003  0.007   0.000    0.013      0.000    0.000    5832.0    8540.0   1.00
p_y[554]                                   0.005  0.013   0.000    0.016      0.000    0.001    6105.0    8065.0   1.00
p_y[555]                                   0.005  0.011   0.000    0.018      0.000    0.001    4845.0    6148.0   1.00
p_y[556]                                   0.003  0.006   0.000    0.011      0.000    0.000    5636.0    8932.0   1.00
p_y[557]                                   0.017  0.030   0.000    0.065      0.000    0.001    4506.0    5766.0   1.00
p_y[558]                                   0.002  0.005   0.000    0.007      0.000    0.000    4359.0    8204.0   1.00
p_y[559]                                   0.002  0.005   0.000    0.007      0.000    0.000    4460.0    7239.0   1.00
p_y[560]                                   0.006  0.010   0.000    0.021      0.000    0.000    5807.0    7782.0   1.00
p_y[561]                                   0.002  0.004   0.000    0.005      0.000    0.000    3873.0    7717.0   1.00
p_y[562]                                   0.002  0.009   0.000    0.009      0.000    0.001    4361.0    7641.0   1.00
p_y[563]                                   0.002  0.004   0.000    0.006      0.000    0.000    4074.0    6739.0   1.00
p_y[564]                                   0.002  0.004   0.000    0.006      0.000    0.000    4719.0    8805.0   1.00
p_y[565]                                   0.001  0.002   0.000    0.003      0.000    0.000    4221.0    8410.0   1.00
p_y[566]                                   0.001  0.003   0.000    0.004      0.000    0.000    4274.0    7852.0   1.00
p_y[567]                                   0.003  0.006   0.000    0.012      0.000    0.000    5271.0    8044.0   1.00
p_y[568]                                   0.003  0.007   0.000    0.010      0.000    0.000    5314.0    7060.0   1.00
p_y[569]                                   0.003  0.007   0.000    0.010      0.000    0.000    5763.0    8176.0   1.00
p_y[570]                                   0.001  0.002   0.000    0.004      0.000    0.000    5901.0    7622.0   1.00
p_y[571]                                   0.001  0.001   0.000    0.002      0.000    0.000    5628.0    7676.0   1.00
p_y[572]                                   0.002  0.005   0.000    0.007      0.000    0.000    5883.0    9086.0   1.00
p_y[573]                                   0.003  0.006   0.000    0.012      0.000    0.000    6504.0    6563.0   1.00
p_y[574]                                   0.001  0.004   0.000    0.005      0.000    0.000    5760.0    8435.0   1.00
p_y[575]                                   0.001  0.002   0.000    0.003      0.000    0.000    4244.0    8970.0   1.00
p_y[576]                                   0.007  0.006   0.000    0.018      0.000    0.000    5790.0    6709.0   1.00
p_y[577]                                   0.003  0.005   0.000    0.009      0.000    0.000    7703.0   11011.0   1.00
p_y[578]                                   0.002  0.003   0.000    0.006      0.000    0.000    5954.0    7763.0   1.00
p_y[579]                                   0.002  0.005   0.000    0.008      0.000    0.000    6153.0    8206.0   1.00
p_y[580]                                   0.002  0.004   0.000    0.007      0.000    0.000    6495.0   10356.0   1.00
p_y[581]                                   0.005  0.007   0.000    0.017      0.000    0.000    6263.0    7486.0   1.00
p_y[582]                                   0.001  0.003   0.000    0.004      0.000    0.000    5172.0    6981.0   1.00
p_y[583]                                   0.001  0.003   0.000    0.004      0.000    0.000    4525.0    7668.0   1.00
p_y[584]                                   0.008  0.009   0.000    0.023      0.000    0.000    6511.0    8152.0   1.00
p_y[585]                                   0.001  0.003   0.000    0.004      0.000    0.000    4620.0    7268.0   1.00
p_y[586]                                   0.019  0.017   0.000    0.050      0.000    0.000    6209.0    7264.0   1.00
p_y[587]                                   0.001  0.003   0.000    0.004      0.000    0.000    4402.0    8184.0   1.00
p_y[588]                                   0.001  0.003   0.000    0.005      0.000    0.000    4582.0    8556.0   1.00
p_y[589]                                   0.005  0.007   0.000    0.016      0.000    0.000    7545.0   10074.0   1.00
p_y[590]                                   0.002  0.004   0.000    0.007      0.000    0.000    4992.0    8307.0   1.00
p_y[591]                                   0.002  0.004   0.000    0.005      0.000    0.000    4415.0    7484.0   1.00
p_y[592]                                   0.005  0.008   0.000    0.018      0.000    0.000    6509.0    7318.0   1.00
p_y[593]                                   0.001  0.002   0.000    0.004      0.000    0.000    4756.0    8534.0   1.00
p_y[594]                                   0.004  0.007   0.000    0.016      0.000    0.000    6865.0    8844.0   1.00
p_y[595]                                   0.004  0.007   0.000    0.014      0.000    0.000    6803.0   10142.0   1.00
p_y[596]                                   0.005  0.007   0.000    0.016      0.000    0.000    7063.0    7886.0   1.00
p_y[597]                                   0.002  0.004   0.000    0.006      0.000    0.000    4994.0    7697.0   1.00
p_y[598]                                   0.010  0.011   0.000    0.029      0.000    0.000    7008.0    6164.0   1.00
p_y[599]                                   0.002  0.004   0.000    0.008      0.000    0.000    5369.0    7783.0   1.00
p_y[600]                                   0.004  0.005   0.000    0.012      0.000    0.000    6332.0    7916.0   1.00
p_y[601]                                   0.003  0.005   0.000    0.009      0.000    0.000    5925.0    7204.0   1.00
p_y[602]                                   0.003  0.006   0.000    0.011      0.000    0.000    6635.0    8627.0   1.00
p_y[603]                                   0.001  0.001   0.000    0.003      0.000    0.000    5282.0    8895.0   1.00
p_y[604]                                   0.001  0.001   0.000    0.002      0.000    0.000    5105.0    6435.0   1.00
p_y[605]                                   0.002  0.004   0.000    0.008      0.000    0.000    5060.0    7384.0   1.00
p_y[606]                                   0.002  0.006   0.000    0.007      0.000    0.000    6536.0    8994.0   1.00
p_y[607]                                   0.004  0.009   0.000    0.015      0.000    0.000    4989.0    7028.0   1.00
p_y[608]                                   0.005  0.011   0.000    0.020      0.000    0.000    4422.0    6098.0   1.00
p_y[609]                                   0.004  0.010   0.000    0.016      0.000    0.001    4719.0    7411.0   1.00
p_y[610]                                   0.003  0.007   0.000    0.009      0.000    0.001    3903.0    5768.0   1.00
p_y[611]                                   0.003  0.006   0.000    0.009      0.000    0.000    4206.0    6095.0   1.00
p_y[612]                                   0.003  0.006   0.000    0.012      0.000    0.000    3354.0    5743.0   1.00
p_y[613]                                   0.003  0.006   0.000    0.010      0.000    0.000    3845.0    4915.0   1.00
p_y[614]                                   0.003  0.007   0.000    0.009      0.000    0.000    4181.0    6732.0   1.00
p_y[615]                                   0.003  0.008   0.000    0.012      0.000    0.000    5403.0    5047.0   1.00
p_y[616]                                   0.002  0.004   0.000    0.007      0.000    0.000    6636.0    7617.0   1.00
p_y[617]                                   0.003  0.007   0.000    0.011      0.000    0.000    4358.0    6887.0   1.00
p_y[618]                                   0.005  0.012   0.000    0.019      0.000    0.001    4466.0    5935.0   1.00
p_y[619]                                   0.003  0.008   0.000    0.012      0.000    0.000    4934.0    6608.0   1.00
p_y[620]                                   0.002  0.005   0.000    0.008      0.000    0.000    4481.0    4690.0   1.00
p_y[621]                                   0.002  0.003   0.000    0.006      0.000    0.000    4593.0    6653.0   1.00
p_y[622]                                   0.002  0.005   0.000    0.008      0.000    0.000    4152.0    7498.0   1.00
p_y[623]                                   0.008  0.018   0.000    0.035      0.000    0.000    3281.0    6439.0   1.00
p_y[624]                                   0.003  0.009   0.000    0.011      0.000    0.001    4535.0    5864.0   1.00
p_y[625]                                   0.001  0.002   0.000    0.005      0.000    0.000    5393.0    8134.0   1.00
p_y[626]                                   0.006  0.011   0.000    0.021      0.000    0.000    6845.0    8141.0   1.00
p_y[627]                                   0.001  0.003   0.000    0.005      0.000    0.000    4311.0    5432.0   1.00
p_y[628]                                   0.001  0.003   0.000    0.005      0.000    0.000    4312.0    5602.0   1.00
p_y[629]                                   0.001  0.003   0.000    0.005      0.000    0.000    5360.0    7828.0   1.00
p_y[630]                                   0.001  0.003   0.000    0.005      0.000    0.000    5588.0    8421.0   1.00
p_y[631]                                   0.002  0.005   0.000    0.009      0.000    0.000    6514.0    7463.0   1.00
p_y[632]                                   0.001  0.002   0.000    0.004      0.000    0.000    4640.0    7813.0   1.00
p_y[633]                                   0.001  0.002   0.000    0.003      0.000    0.000    5134.0    7595.0   1.00
p_y[634]                                   0.001  0.004   0.000    0.005      0.000    0.000    5227.0    8245.0   1.00
p_y[635]                                   0.004  0.009   0.000    0.014      0.000    0.000    5390.0    8198.0   1.00
p_y[636]                                   0.001  0.003   0.000    0.004      0.000    0.000    4970.0    7245.0   1.00
p_y[637]                                   0.004  0.012   0.000    0.014      0.000    0.001    5412.0    8831.0   1.00
p_y[638]                                   0.001  0.002   0.000    0.003      0.000    0.000    4578.0    8086.0   1.00
p_y[639]                                   0.004  0.012   0.000    0.013      0.000    0.001    4650.0    7969.0   1.00
p_y[640]                                   0.001  0.003   0.000    0.004      0.000    0.000    5150.0    7683.0   1.00
p_y[641]                                   0.001  0.001   0.000    0.004      0.000    0.000    4463.0    5805.0   1.00
p_y[642]                                   0.003  0.011   0.000    0.013      0.000    0.001    5263.0    7383.0   1.00
p_y[643]                                   0.002  0.004   0.000    0.006      0.000    0.000    5770.0    7977.0   1.00
p_y[644]                                   0.002  0.006   0.000    0.009      0.000    0.000    4667.0    6617.0   1.00
p_y[645]                                   0.001  0.003   0.000    0.004      0.000    0.000    4648.0    8468.0   1.00
p_y[646]                                   0.001  0.003   0.000    0.004      0.000    0.000    4018.0    6310.0   1.00
p_y[647]                                   0.002  0.007   0.000    0.007      0.000    0.001    5144.0    8922.0   1.00
p_y[648]                                   0.001  0.003   0.000    0.005      0.000    0.000    3667.0    6589.0   1.00
p_y[649]                                   0.001  0.003   0.000    0.004      0.000    0.000    4664.0    7841.0   1.00
p_y[650]                                   0.002  0.005   0.000    0.007      0.000    0.000    4743.0    7376.0   1.00
p_y[651]                                   0.001  0.002   0.000    0.004      0.000    0.000    5521.0    7736.0   1.00
p_y[652]                                   0.002  0.008   0.000    0.007      0.000    0.001    3367.0    5758.0   1.00
p_y[653]                                   0.001  0.002   0.000    0.005      0.000    0.000    6099.0    8287.0   1.00
p_y[654]                                   0.001  0.002   0.000    0.005      0.000    0.000    5518.0    6884.0   1.00
p_y[655]                                   0.002  0.003   0.000    0.007      0.000    0.000    5635.0    8141.0   1.00
p_y[656]                                   0.003  0.007   0.000    0.012      0.000    0.000    6451.0    8906.0   1.00
p_y[657]                                   0.002  0.008   0.000    0.007      0.000    0.001    3961.0    7056.0   1.00
p_y[658]                                   0.002  0.005   0.000    0.006      0.000    0.001    3808.0    6782.0   1.00
p_y[659]                                   0.002  0.005   0.000    0.007      0.000    0.000    4865.0    8059.0   1.00
p_y[660]                                   0.002  0.004   0.000    0.007      0.000    0.000    4927.0    7643.0   1.00
p_y[661]                                   0.001  0.003   0.000    0.005      0.000    0.000    4484.0    6932.0   1.00
p_y[662]                                   0.002  0.005   0.000    0.009      0.000    0.000    5579.0    6702.0   1.00
p_y[663]                                   0.003  0.007   0.000    0.012      0.000    0.000    6136.0    8151.0   1.00
p_y[664]                                   0.005  0.010   0.000    0.020      0.000    0.000    7479.0    9694.0   1.00
p_y[665]                                   0.003  0.007   0.000    0.009      0.000    0.000    5077.0    7503.0   1.00
p_y[666]                                   0.002  0.005   0.000    0.007      0.000    0.000    5032.0    7749.0   1.00
p_y[667]                                   0.002  0.005   0.000    0.008      0.000    0.000    6825.0    9115.0   1.00
p_y[668]                                   0.002  0.005   0.000    0.007      0.000    0.000    4105.0    6016.0   1.00
p_y[669]                                   0.002  0.005   0.000    0.007      0.000    0.000    4767.0    6721.0   1.00
p_y[670]                                   0.004  0.009   0.000    0.016      0.000    0.000    6450.0    9323.0   1.00
p_y[671]                                   0.003  0.008   0.000    0.013      0.000    0.000    5857.0    6428.0   1.00
p_y[672]                                   0.001  0.002   0.000    0.004      0.000    0.000    5420.0    5850.0   1.00
p_y[673]                                   0.003  0.006   0.000    0.012      0.000    0.000    6815.0    7780.0   1.00
p_y[674]                                   0.003  0.006   0.000    0.011      0.000    0.000    6226.0    7566.0   1.00
p_y[675]                                   0.007  0.009   0.000    0.021      0.000    0.000    6342.0    7871.0   1.00
p_y[676]                                   0.013  0.020   0.000    0.042      0.000    0.000    6682.0    7923.0   1.00
p_y[677]                                   0.354  0.121   0.139    0.579      0.002    0.001    4255.0    5546.0   1.00
p_y[678]                                   0.001  0.004   0.000    0.005      0.000    0.000    4946.0    8517.0   1.00
p_y[679]                                   0.001  0.002   0.000    0.003      0.000    0.000    4426.0    7922.0   1.00
p_y[680]                                   0.012  0.020   0.000    0.045      0.000    0.000    6937.0    7482.0   1.00
p_y[681]                                   0.001  0.002   0.000    0.003      0.000    0.000    4464.0    6929.0   1.00
p_y[682]                                   0.001  0.003   0.000    0.003      0.000    0.000    4482.0    7964.0   1.00
p_y[683]                                   0.022  0.029   0.000    0.070      0.000    0.001    6300.0    7435.0   1.00
p_y[684]                                   0.020  0.028   0.000    0.067      0.000    0.000    6819.0    6433.0   1.00
p_y[685]                                   0.001  0.002   0.000    0.003      0.000    0.000    5579.0    6377.0   1.00
p_y[686]                                   0.001  0.003   0.000    0.003      0.000    0.000    4883.0    8084.0   1.00
p_y[687]                                   0.001  0.003   0.000    0.003      0.000    0.000    4505.0    7156.0   1.00
p_y[688]                                   0.003  0.007   0.000    0.012      0.000    0.000    5573.0    6358.0   1.00
p_y[689]                                   0.001  0.002   0.000    0.003      0.000    0.000    4689.0    7305.0   1.00
p_y[690]                                   0.000  0.001   0.000    0.002      0.000    0.000    4662.0    6972.0   1.00
p_y[691]                                   0.001  0.002   0.000    0.003      0.000    0.000    5556.0    6686.0   1.00
p_y[692]                                   0.001  0.002   0.000    0.002      0.000    0.000    4849.0    7679.0   1.00
p_y[693]                                   0.001  0.004   0.000    0.005      0.000    0.000    4879.0    6944.0   1.00
p_y[694]                                   0.001  0.002   0.000    0.003      0.000    0.000    4841.0    6873.0   1.00
p_y[695]                                   0.001  0.004   0.000    0.006      0.000    0.000    4199.0    7745.0   1.00
p_y[696]                                   0.001  0.002   0.000    0.003      0.000    0.000    5036.0    8080.0   1.00
p_y[697]                                   0.001  0.001   0.000    0.002      0.000    0.000    4607.0    6680.0   1.00
p_y[698]                                   0.001  0.001   0.000    0.002      0.000    0.000    5039.0    7869.0   1.00
p_y[699]                                   0.001  0.002   0.000    0.003      0.000    0.000    4624.0    7133.0   1.00
p_y[700]                                   0.001  0.003   0.000    0.004      0.000    0.000    5132.0    7683.0   1.00
p_y[701]                                   0.002  0.005   0.000    0.006      0.000    0.000    5220.0    7132.0   1.00
p_y[702]                                   0.001  0.002   0.000    0.003      0.000    0.000    5813.0    8502.0   1.00
p_y[703]                                   0.001  0.001   0.000    0.002      0.000    0.000    5305.0    6298.0   1.00
p_y[704]                                   0.001  0.004   0.000    0.004      0.000    0.000    4948.0    7111.0   1.00
p_y[705]                                   0.001  0.003   0.000    0.004      0.000    0.000    5468.0    6835.0   1.00
p_y[706]                                   0.001  0.001   0.000    0.003      0.000    0.000    5922.0    8336.0   1.00
p_y[707]                                   0.002  0.004   0.000    0.006      0.000    0.000    6401.0    8862.0   1.00
p_y[708]                                   0.001  0.002   0.000    0.003      0.000    0.000    6060.0    6276.0   1.00
p_y[709]                                   0.001  0.002   0.000    0.004      0.000    0.000    6239.0    6858.0   1.00
p_y[710]                                   0.005  0.009   0.000    0.019      0.000    0.000    6589.0    9801.0   1.00
p_y[711]                                   0.013  0.020   0.000    0.046      0.000    0.000    6233.0    7370.0   1.00
p_y[712]                                   0.003  0.005   0.000    0.011      0.000    0.000    6408.0    7797.0   1.00
p_y[713]                                   0.005  0.010   0.000    0.018      0.000    0.000    6386.0    9760.0   1.00
p_y[714]                                   0.005  0.010   0.000    0.017      0.000    0.000    5816.0   10005.0   1.00
p_y[715]                                   0.005  0.012   0.000    0.018      0.000    0.000    6243.0    8208.0   1.00
p_y[716]                                   0.003  0.006   0.000    0.010      0.000    0.000    5856.0    8861.0   1.00
p_y[717]                                   0.001  0.002   0.000    0.005      0.000    0.000    5144.0    6387.0   1.00
p_y[718]                                   0.001  0.002   0.000    0.004      0.000    0.000    7032.0    9057.0   1.00
p_y[719]                                   0.011  0.032   0.000    0.043      0.000    0.001    7124.0    9095.0   1.00
p_y[720]                                   0.002  0.005   0.000    0.008      0.000    0.000    5374.0    7460.0   1.00
p_y[721]                                   0.002  0.005   0.000    0.008      0.000    0.000    5871.0    8167.0   1.00
p_y[722]                                   0.003  0.008   0.000    0.012      0.000    0.000    7341.0    9275.0   1.00
p_y[723]                                   0.002  0.002   0.000    0.005      0.000    0.000    6503.0    8250.0   1.00
p_y[724]                                   0.002  0.003   0.000    0.006      0.000    0.000    6883.0    7932.0   1.00
p_y[725]                                   0.002  0.004   0.000    0.007      0.000    0.000    5918.0    7747.0   1.00
p_y[726]                                   0.002  0.002   0.000    0.006      0.000    0.000    6198.0    8208.0   1.00
p_y[727]                                   0.004  0.008   0.000    0.016      0.000    0.000    6830.0    8282.0   1.00
p_y[728]                                   0.002  0.004   0.000    0.009      0.000    0.000    5374.0    6959.0   1.00
p_y[729]                                   0.003  0.008   0.000    0.013      0.000    0.000    5770.0    9157.0   1.00
p_y[730]                                   0.004  0.008   0.000    0.016      0.000    0.000    7409.0    8663.0   1.00
p_y[731]                                   0.004  0.009   0.000    0.014      0.000    0.000    5249.0    7005.0   1.00
p_y[732]                                   0.003  0.008   0.000    0.013      0.000    0.000    5931.0    8843.0   1.00
p_y[733]                                   0.003  0.009   0.000    0.011      0.000    0.001    4836.0    6819.0   1.00
p_y[734]                                   0.002  0.005   0.000    0.007      0.000    0.000    4298.0    6539.0   1.00
p_y[735]                                   0.009  0.009   0.000    0.025      0.000    0.000    5242.0    5535.0   1.00
p_y[736]                                   0.002  0.004   0.000    0.006      0.000    0.000    5591.0    8446.0   1.00
p_y[737]                                   0.003  0.004   0.000    0.010      0.000    0.000    6321.0    6132.0   1.00
p_y[738]                                   0.002  0.003   0.000    0.007      0.000    0.000    6104.0    9157.0   1.00
p_y[739]                                   0.003  0.005   0.000    0.009      0.000    0.000    6389.0    8454.0   1.00
p_y[740]                                   0.001  0.001   0.000    0.003      0.000    0.000    6208.0    5493.0   1.00
p_y[741]                                   0.005  0.008   0.000    0.017      0.000    0.000    7663.0    9086.0   1.00
p_y[742]                                   0.030  0.090   0.000    0.135      0.001    0.002    1796.0    2301.0   1.01
p_y[743]                                   0.054  0.103   0.000    0.234      0.001    0.002    1812.0    2302.0   1.01
p_y[744]                                   0.067  0.175   0.000    0.383      0.002    0.003    1725.0    2371.0   1.01
p_y[745]                                   0.039  0.038   0.000    0.106      0.000    0.001    6549.0    4813.0   1.00
p_y[746]                                   0.010  0.044   0.000    0.034      0.000    0.002    2664.0    2768.0   1.01
p_y[747]                                   0.007  0.032   0.000    0.027      0.000    0.001    3399.0    3773.0   1.00
p_y[748]                                   0.008  0.033   0.000    0.032      0.000    0.001    4481.0    5440.0   1.00
p_y[749]                                   0.007  0.016   0.000    0.029      0.000    0.000    5656.0    6705.0   1.00
p_y[750]                                   0.001  0.002   0.000    0.004      0.000    0.000    5743.0    7422.0   1.00
p_y[751]                                   0.007  0.014   0.000    0.026      0.000    0.000    6683.0    8232.0   1.00
p_y[752]                                   0.036  0.034   0.000    0.095      0.000    0.001    7437.0    8243.0   1.00
p_y[753]                                   0.028  0.049   0.000    0.101      0.001    0.002    6519.0    7239.0   1.00
p_y[754]                                   0.031  0.060   0.000    0.122      0.001    0.001    6782.0    8214.0   1.00
p_y[755]                                   0.062  0.119   0.000    0.263      0.001    0.003    6620.0    5740.0   1.00
p_y[756]                                   0.006  0.011   0.000    0.024      0.000    0.000    6617.0    6519.0   1.00
p_y[757]                                   0.005  0.008   0.000    0.017      0.000    0.000    6356.0    7185.0   1.00
p_y[758]                                   0.007  0.013   0.000    0.024      0.000    0.000    6027.0    8314.0   1.00
p_y[759]                                   0.021  0.049   0.000    0.083      0.001    0.002    6381.0    6461.0   1.00
p_y[760]                                   0.169  0.175   0.000    0.516      0.002    0.002    6542.0    7545.0   1.00
p_y[761]                                   0.010  0.014   0.000    0.032      0.000    0.000    6322.0    6968.0   1.00
p_y[762]                                   0.017  0.024   0.000    0.056      0.000    0.001    6909.0    8150.0   1.00
p_y[763]                                   0.005  0.012   0.000    0.020      0.000    0.000    5668.0    5047.0   1.00
p_y[764]                                   0.005  0.010   0.000    0.018      0.000    0.000    6185.0    8108.0   1.00
p_y[765]                                   0.006  0.014   0.000    0.023      0.000    0.001    5943.0    8156.0   1.00
p_y[766]                                   0.002  0.005   0.000    0.007      0.000    0.000    5256.0    9651.0   1.00
p_y[767]                                   0.001  0.002   0.000    0.004      0.000    0.000    4861.0    7661.0   1.00
p_y[768]                                   0.001  0.003   0.000    0.005      0.000    0.000    4796.0    8037.0   1.00
p_y[769]                                   0.001  0.004   0.000    0.005      0.000    0.001    4805.0    7996.0   1.00
p_y[770]                                   0.002  0.004   0.000    0.006      0.000    0.000    4476.0    8120.0   1.00
p_y[771]                                   0.002  0.004   0.000    0.008      0.000    0.000    5152.0    7521.0   1.00
p_y[772]                                   0.002  0.004   0.000    0.007      0.000    0.000    4798.0    8119.0   1.00
p_y[773]                                   0.002  0.004   0.000    0.006      0.000    0.000    4802.0    7012.0   1.00
p_y[774]                                   0.002  0.004   0.000    0.006      0.000    0.000    4458.0    7048.0   1.00
p_y[775]                                   0.001  0.003   0.000    0.005      0.000    0.000    4351.0    8975.0   1.00
p_y[776]                                   0.002  0.004   0.000    0.006      0.000    0.000    4960.0    7522.0   1.00
p_y[777]                                   0.002  0.008   0.000    0.008      0.000    0.001    5475.0    8706.0   1.00
p_y[778]                                   0.003  0.009   0.000    0.010      0.000    0.001    5213.0    4489.0   1.00
p_y[779]                                   0.002  0.007   0.000    0.007      0.000    0.001    4865.0    8466.0   1.00
p_y[780]                                   0.002  0.004   0.000    0.006      0.000    0.000    4595.0    7030.0   1.00
p_y[781]                                   0.006  0.013   0.000    0.024      0.000    0.000    4431.0    8498.0   1.00
p_y[782]                                   0.002  0.005   0.000    0.008      0.000    0.000    5154.0    6793.0   1.00
p_y[783]                                   0.002  0.005   0.000    0.007      0.000    0.000    4626.0    6133.0   1.00
p_y[784]                                   0.001  0.003   0.000    0.004      0.000    0.000    3668.0    6834.0   1.00
p_y[785]                                   0.001  0.003   0.000    0.004      0.000    0.000    3921.0    6891.0   1.00
p_y[786]                                   0.002  0.006   0.000    0.006      0.000    0.000    4480.0    7590.0   1.00
p_y[787]                                   0.002  0.004   0.000    0.006      0.000    0.000    3989.0    7312.0   1.00
p_y[788]                                   0.002  0.004   0.000    0.006      0.000    0.000    4202.0    6365.0   1.00
p_y[789]                                   0.003  0.008   0.000    0.010      0.000    0.000    4545.0    6797.0   1.00
p_y[790]                                   0.002  0.007   0.000    0.009      0.000    0.000    4646.0    6683.0   1.00
p_y[791]                                   0.004  0.011   0.000    0.015      0.000    0.000    5822.0    7731.0   1.00
p_y[792]                                   0.006  0.013   0.000    0.021      0.000    0.000    5340.0    7761.0   1.00
p_y[793]                                   0.006  0.014   0.000    0.022      0.000    0.001    5501.0   10086.0   1.00
p_y[794]                                   0.003  0.007   0.000    0.011      0.000    0.000    5118.0    7977.0   1.00
p_y[795]                                   0.005  0.009   0.000    0.017      0.000    0.000    4533.0    5623.0   1.00
p_y[796]                                   0.006  0.014   0.000    0.023      0.000    0.001    5749.0    9031.0   1.00
p_y[797]                                   0.003  0.004   0.000    0.010      0.000    0.000    6987.0    7280.0   1.00
p_y[798]                                   0.002  0.003   0.000    0.008      0.000    0.000    6996.0    9041.0   1.00
p_y[799]                                   0.002  0.003   0.000    0.006      0.000    0.000    6815.0    7906.0   1.00
p_y[800]                                   0.003  0.008   0.000    0.012      0.000    0.001    6820.0   10357.0   1.00
p_y[801]                                   0.002  0.005   0.000    0.009      0.000    0.000    6526.0    9742.0   1.00
p_y[802]                                   0.002  0.004   0.000    0.008      0.000    0.000    6576.0    7256.0   1.00
p_y[803]                                   0.003  0.006   0.000    0.010      0.000    0.000    6674.0    8434.0   1.00
p_y[804]                                   0.010  0.016   0.000    0.035      0.000    0.000    6772.0    9471.0   1.00
p_y[805]                                   0.003  0.006   0.000    0.011      0.000    0.000    6779.0    8024.0   1.00
p_y[806]                                   0.001  0.002   0.000    0.004      0.000    0.000    6750.0    8596.0   1.00
p_y[807]                                   0.004  0.007   0.000    0.016      0.000    0.000    6487.0    6876.0   1.00
p_y[808]                                   0.004  0.006   0.000    0.015      0.000    0.000    6575.0    7058.0   1.00
p_y[809]                                   0.026  0.015   0.004    0.054      0.000    0.000    6765.0    6989.0   1.00
p_y[810]                                   0.004  0.006   0.000    0.013      0.000    0.000    6663.0    8421.0   1.00
p_y[811]                                   0.004  0.006   0.000    0.014      0.000    0.000    6256.0    7402.0   1.00
p_y[812]                                   0.003  0.004   0.000    0.009      0.000    0.000    6121.0    9765.0   1.00
p_y[813]                                   0.002  0.004   0.000    0.008      0.000    0.000    6298.0    7878.0   1.00
p_y[814]                                   0.002  0.003   0.000    0.006      0.000    0.000    6797.0    9082.0   1.00
p_y[815]                                   0.002  0.005   0.000    0.006      0.000    0.001    4979.0    8701.0   1.00
p_y[816]                                   0.004  0.011   0.000    0.013      0.000    0.000    5656.0    9058.0   1.00
p_y[817]                                   0.001  0.003   0.000    0.006      0.000    0.000    5557.0    8479.0   1.00
p_y[818]                                   0.003  0.009   0.000    0.010      0.000    0.000    5472.0    8097.0   1.00
p_y[819]                                   0.002  0.004   0.000    0.006      0.000    0.000    4636.0    6793.0   1.00
p_y[820]                                   0.002  0.004   0.000    0.006      0.000    0.000    4510.0    6823.0   1.00
p_y[821]                                   0.001  0.003   0.000    0.005      0.000    0.000    4706.0    7506.0   1.00
p_y[822]                                   0.001  0.003   0.000    0.004      0.000    0.000    4337.0    5915.0   1.00
p_y[823]                                   0.002  0.005   0.000    0.009      0.000    0.000    5207.0    5077.0   1.00
p_y[824]                                   0.004  0.009   0.000    0.016      0.000    0.000    6335.0    7993.0   1.00
p_y[825]                                   0.003  0.005   0.000    0.010      0.000    0.000    6006.0    7551.0   1.00
p_y[826]                                   0.002  0.004   0.000    0.007      0.000    0.000    6111.0    7500.0   1.00
p_y[827]                                   0.002  0.004   0.000    0.008      0.000    0.000    5229.0    6607.0   1.00
p_y[828]                                   0.011  0.020   0.000    0.044      0.000    0.001    4683.0    6165.0   1.00
p_y[829]                                   0.003  0.007   0.000    0.013      0.000    0.000    4689.0    6714.0   1.00
p_y[830]                                   0.003  0.007   0.000    0.012      0.000    0.000    4824.0    6524.0   1.00
p_y[831]                                   0.002  0.005   0.000    0.008      0.000    0.000    4733.0    5534.0   1.00
p_y[832]                                   0.015  0.023   0.000    0.054      0.000    0.000    7573.0    8601.0   1.00
p_y[833]                                   0.002  0.005   0.000    0.006      0.000    0.000    4325.0    7811.0   1.00
p_y[834]                                   0.002  0.004   0.000    0.005      0.000    0.000    4664.0    8039.0   1.00
p_y[835]                                   0.009  0.012   0.000    0.028      0.000    0.000    5696.0    7659.0   1.00
p_y[836]                                   0.000  0.001   0.000    0.001      0.000    0.000    4713.0    7031.0   1.00
p_y[837]                                   0.002  0.004   0.000    0.008      0.000    0.000    6330.0    7428.0   1.00
p_y[838]                                   0.002  0.003   0.000    0.006      0.000    0.000    6873.0    7632.0   1.00
p_y[839]                                   0.000  0.001   0.000    0.001      0.000    0.000    4428.0    6508.0   1.00
p_y[840]                                   0.000  0.001   0.000    0.001      0.000    0.000    5119.0    6902.0   1.00
p_y[841]                                   0.001  0.001   0.000    0.002      0.000    0.000    5403.0    9179.0   1.00
p_y[842]                                   0.002  0.002   0.000    0.006      0.000    0.000    7148.0    7926.0   1.00
p_y[843]                                   0.013  0.033   0.000    0.046      0.000    0.001    7528.0    9931.0   1.00
p_y[844]                                   0.055  0.064   0.000    0.168      0.001    0.001    6604.0    5207.0   1.00
p_y[845]                                   0.003  0.006   0.000    0.010      0.000    0.000    5623.0    7832.0   1.00
p_y[846]                                   0.020  0.059   0.000    0.081      0.001    0.002    6640.0    8278.0   1.00
p_y[847]                                   0.011  0.013   0.000    0.032      0.000    0.000    6959.0    9748.0   1.00
p_y[848]                                   0.002  0.003   0.000    0.007      0.000    0.000    7037.0    8083.0   1.00
p_y[849]                                   0.010  0.013   0.000    0.031      0.000    0.000    6684.0    8623.0   1.00
p_y[850]                                   0.002  0.003   0.000    0.006      0.000    0.000    6206.0    8366.0   1.00
p_y[851]                                   0.003  0.004   0.000    0.010      0.000    0.000    5654.0    8082.0   1.00
p_y[852]                                   0.002  0.006   0.000    0.009      0.000    0.000    5677.0    9045.0   1.00
p_y[853]                                   0.003  0.007   0.000    0.011      0.000    0.000    5258.0    7479.0   1.00
p_y[854]                                   0.001  0.003   0.000    0.005      0.000    0.000    5670.0    7732.0   1.00
p_y[855]                                   0.007  0.012   0.000    0.024      0.000    0.000    4140.0    6142.0   1.00
p_y[856]                                   0.003  0.008   0.000    0.013      0.000    0.000    4699.0    7108.0   1.00
p_y[857]                                   0.002  0.004   0.000    0.007      0.000    0.000    4321.0    7405.0   1.00
p_y[858]                                   0.002  0.005   0.000    0.008      0.000    0.000    4701.0    8097.0   1.00
p_y[859]                                   0.002  0.003   0.000    0.007      0.000    0.000    6342.0    7476.0   1.00
p_y[860]                                   0.003  0.004   0.000    0.009      0.000    0.000    7130.0    8686.0   1.00
p_y[861]                                   0.001  0.004   0.000    0.005      0.000    0.001    5801.0    8528.0   1.00
p_y[862]                                   0.001  0.002   0.000    0.004      0.000    0.000    6075.0    9004.0   1.00
p_y[863]                                   0.001  0.004   0.000    0.005      0.000    0.001    4385.0    7713.0   1.00
p_y[864]                                   0.001  0.003   0.000    0.004      0.000    0.000    4808.0    8841.0   1.00
p_y[865]                                   0.002  0.004   0.000    0.008      0.000    0.000    6114.0    8306.0   1.00
p_y[866]                                   0.001  0.002   0.000    0.003      0.000    0.000    6016.0    8396.0   1.00
p_y[867]                                   0.002  0.005   0.000    0.007      0.000    0.000    4659.0    4954.0   1.00
p_y[868]                                   0.004  0.011   0.000    0.016      0.000    0.000    6299.0    9822.0   1.00
p_y[869]                                   0.003  0.008   0.000    0.012      0.000    0.000    6209.0    7872.0   1.00
p_y[870]                                   0.002  0.006   0.000    0.008      0.000    0.000    5564.0    7472.0   1.00
p_y[871]                                   0.002  0.005   0.000    0.009      0.000    0.000    6752.0    8554.0   1.00
p_y[872]                                   0.014  0.009   0.002    0.030      0.000    0.000    7283.0    7310.0   1.00
p_y[873]                                   0.002  0.005   0.000    0.008      0.000    0.000    4892.0    8048.0   1.00
p_y[874]                                   0.001  0.002   0.000    0.005      0.000    0.000    5114.0    6973.0   1.00
p_y[875]                                   0.001  0.001   0.000    0.002      0.000    0.000    5222.0    7993.0   1.00
p_y[876]                                   0.004  0.007   0.000    0.015      0.000    0.000    6227.0    8475.0   1.00
p_y[877]                                   0.001  0.002   0.000    0.004      0.000    0.000    6504.0    8075.0   1.00
p_y[878]                                   0.001  0.002   0.000    0.003      0.000    0.000    5804.0    7644.0   1.00
p_y[879]                                   0.002  0.006   0.000    0.008      0.000    0.001    5271.0    7784.0   1.00
p_y[880]                                   0.001  0.003   0.000    0.005      0.000    0.000    5041.0    6575.0   1.00
p_y[881]                                   0.006  0.008   0.000    0.018      0.000    0.000    7153.0    8307.0   1.00
p_y[882]                                   0.005  0.008   0.000    0.017      0.000    0.000    5547.0    9157.0   1.00
p_y[883]                                   0.001  0.002   0.000    0.004      0.000    0.000    5719.0    8575.0   1.00
p_y[884]                                   0.001  0.002   0.000    0.003      0.000    0.000    5061.0    6022.0   1.00
p_y[885]                                   0.001  0.002   0.000    0.005      0.000    0.000    6150.0    7447.0   1.00
p_y[886]                                   0.125  0.051   0.038    0.217      0.001    0.001    4528.0    5736.0   1.00
p_y[887]                                   0.001  0.003   0.000    0.003      0.000    0.000    4710.0    6456.0   1.00
p_y[888]                                   0.003  0.004   0.000    0.010      0.000    0.000    4779.0    7932.0   1.00
p_y[889]                                   0.001  0.001   0.000    0.003      0.000    0.000    5054.0    8282.0   1.00
p_y[890]                                   0.003  0.007   0.000    0.012      0.000    0.000    6025.0    9013.0   1.00
p_y[891]                                   0.007  0.019   0.000    0.029      0.000    0.001    5307.0    5691.0   1.00
p_y[892]                                   0.002  0.003   0.000    0.006      0.000    0.000    5902.0    8503.0   1.00
p_y[893]                                   0.002  0.006   0.000    0.008      0.000    0.000    6231.0    9007.0   1.00
p_y[894]                                   0.001  0.003   0.000    0.005      0.000    0.000    6575.0    8827.0   1.00
p_y[895]                                   0.006  0.007   0.000    0.020      0.000    0.000    4796.0    6890.0   1.00
p_y[896]                                   0.010  0.011   0.000    0.030      0.000    0.000    5861.0    5387.0   1.00
p_y[897]                                   0.001  0.003   0.000    0.005      0.000    0.000    5476.0    7234.0   1.00
p_y[898]                                   0.002  0.004   0.000    0.008      0.000    0.000    5595.0    7697.0   1.00
p_y[899]                                   0.001  0.001   0.000    0.003      0.000    0.000    5057.0    6193.0   1.00
p_y[900]                                   0.001  0.003   0.000    0.004      0.000    0.000    4721.0    9089.0   1.00
p_y[901]                                   0.001  0.003   0.000    0.003      0.000    0.000    4222.0    7873.0   1.00
p_y[902]                                   0.001  0.002   0.000    0.003      0.000    0.000    4272.0    7769.0   1.00
p_y[903]                                   0.002  0.005   0.000    0.008      0.000    0.000    5549.0    7981.0   1.00
p_y[904]                                   0.002  0.004   0.000    0.006      0.000    0.000    5410.0    9430.0   1.00
p_y[905]                                   0.001  0.003   0.000    0.005      0.000    0.000    5378.0    5566.0   1.00
p_y[906]                                   0.003  0.007   0.000    0.011      0.000    0.000    6169.0    9081.0   1.00
p_y[907]                                   0.002  0.005   0.000    0.008      0.000    0.000    6277.0    9172.0   1.00
p_y[908]                                   0.001  0.003   0.000    0.005      0.000    0.000    5023.0    8463.0   1.00
p_y[909]                                   0.001  0.001   0.000    0.003      0.000    0.000    4973.0    6767.0   1.00
p_y[910]                                   0.002  0.004   0.000    0.007      0.000    0.000    6128.0    8320.0   1.00
p_y[911]                                   0.001  0.002   0.000    0.004      0.000    0.000    4721.0    6801.0   1.00
p_y[912]                                   0.003  0.005   0.000    0.009      0.000    0.000    5257.0    6554.0   1.00
p_y[913]                                   0.001  0.003   0.000    0.005      0.000    0.000    6813.0    5563.0   1.00
p_y[914]                                   0.001  0.003   0.000    0.004      0.000    0.000    4201.0    6171.0   1.00
p_y[915]                                   0.001  0.002   0.000    0.004      0.000    0.000    4234.0    6698.0   1.00
p_y[916]                                   0.002  0.005   0.000    0.008      0.000    0.000    5667.0    8787.0   1.00
p_y[917]                                   0.001  0.002   0.000    0.004      0.000    0.000    6941.0    8953.0   1.00
p_y[918]                                   0.001  0.003   0.000    0.005      0.000    0.000    5795.0    9814.0   1.00
p_y[919]                                   0.002  0.003   0.000    0.006      0.000    0.000    6024.0    7183.0   1.00
p_y[920]                                   0.001  0.003   0.000    0.005      0.000    0.000    6018.0    9612.0   1.00
p_y[921]                                   0.013  0.007   0.003    0.025      0.000    0.000    5669.0    6703.0   1.00
p_y[922]                                   0.002  0.003   0.000    0.006      0.000    0.000    5229.0    6444.0   1.00
p_y[923]                                   0.007  0.024   0.000    0.027      0.000    0.002    4943.0    8442.0   1.00
p_y[924]                                   0.003  0.005   0.000    0.009      0.000    0.000    4886.0    6469.0   1.00
p_y[925]                                   0.002  0.004   0.000    0.007      0.000    0.000    5037.0    7490.0   1.00
p_y[926]                                   0.001  0.003   0.000    0.006      0.000    0.000    5569.0    7221.0   1.00
p_y[927]                                   0.003  0.006   0.000    0.012      0.000    0.000    6034.0    9720.0   1.00
p_y[928]                                   0.001  0.003   0.000    0.005      0.000    0.000    5379.0    8354.0   1.00
p_y[929]                                   0.002  0.004   0.000    0.006      0.000    0.000    4093.0    6515.0   1.00
p_y[930]                                   0.001  0.002   0.000    0.003      0.000    0.000    3257.0    5916.0   1.00
p_y[931]                                   0.001  0.002   0.000    0.004      0.000    0.000    3864.0    7097.0   1.00
p_y[932]                                   0.002  0.004   0.000    0.007      0.000    0.000    4544.0    8275.0   1.00
p_y[933]                                   0.002  0.005   0.000    0.008      0.000    0.000    5361.0    7664.0   1.00
p_y[934]                                   0.002  0.005   0.000    0.007      0.000    0.000    4351.0    7178.0   1.00
p_y[935]                                   0.002  0.005   0.000    0.008      0.000    0.000    4615.0    7896.0   1.00
p_y[936]                                   0.002  0.004   0.000    0.006      0.000    0.000    4624.0    5786.0   1.00
p_y[937]                                   0.003  0.004   0.000    0.009      0.000    0.000    5541.0    6891.0   1.00
p_y[938]                                   0.008  0.015   0.000    0.032      0.000    0.000    5178.0    8581.0   1.00
p_y[939]                                   0.001  0.002   0.000    0.004      0.000    0.000    6448.0    9338.0   1.00
p_y[940]                                   0.002  0.003   0.000    0.006      0.000    0.000    6004.0    7115.0   1.00
p_y[941]                                   0.002  0.005   0.000    0.007      0.000    0.000    5297.0    8785.0   1.00
p_y[942]                                   0.002  0.004   0.000    0.007      0.000    0.000    5141.0    7592.0   1.00
p_y[943]                                   0.002  0.006   0.000    0.008      0.000    0.000    4104.0    6285.0   1.00
p_y[944]                                   0.002  0.005   0.000    0.007      0.000    0.000    4475.0    7618.0   1.00
p_y[945]                                   0.016  0.011   0.001    0.037      0.000    0.000    6001.0    6937.0   1.00
p_y[946]                                   0.006  0.010   0.000    0.022      0.000    0.000    6607.0    7693.0   1.00
p_y[947]                                   0.003  0.006   0.000    0.011      0.000    0.000    6719.0    8453.0   1.00
p_y[948]                                   0.002  0.004   0.000    0.007      0.000    0.000    6059.0    8800.0   1.00
p_y[949]                                   0.004  0.003   0.000    0.009      0.000    0.000    6557.0    7424.0   1.00
p_y[950]                                   0.003  0.005   0.000    0.010      0.000    0.000    6964.0    8381.0   1.00
p_y[951]                                   0.003  0.007   0.000    0.011      0.000    0.000    6595.0    7059.0   1.00
p_y[952]                                   0.001  0.002   0.000    0.004      0.000    0.000    6341.0    8297.0   1.00
p_y[953]                                   0.001  0.001   0.000    0.002      0.000    0.000    4306.0    3353.0   1.00
p_y[954]                                   0.001  0.001   0.000    0.002      0.000    0.000    4463.0    6234.0   1.00
p_y[955]                                   0.001  0.001   0.000    0.003      0.000    0.000    4273.0    2934.0   1.00
p_y[956]                                   0.005  0.012   0.000    0.018      0.000    0.001    6151.0    8671.0   1.00
p_y[957]                                   0.002  0.003   0.000    0.005      0.000    0.000    4730.0    7597.0   1.00
p_y[958]                                   0.002  0.005   0.000    0.007      0.000    0.000    6290.0    9498.0   1.00
p_y[959]                                   0.005  0.006   0.000    0.016      0.000    0.000    5268.0    5924.0   1.00
p_y[960]                                   0.005  0.009   0.000    0.018      0.000    0.000    7309.0   10749.0   1.00
p_y[961]                                   0.003  0.007   0.000    0.011      0.000    0.000    4795.0    6594.0   1.00
p_y[962]                                   0.022  0.021   0.000    0.059      0.000    0.000    5095.0    3245.0   1.00
p_y[963]                                   0.004  0.006   0.000    0.014      0.000    0.000    7132.0    8916.0   1.00
p_y[964]                                   0.012  0.014   0.000    0.035      0.000    0.000    7166.0    8362.0   1.00
p_y[965]                                   0.001  0.002   0.000    0.004      0.000    0.000    4349.0    6905.0   1.00
p_y[966]                                   0.002  0.004   0.000    0.006      0.000    0.000    5217.0    8011.0   1.00
p_y[967]                                   0.002  0.004   0.000    0.008      0.000    0.000    6349.0    9493.0   1.00
p_y[968]                                   0.013  0.009   0.001    0.030      0.000    0.000    6581.0    6283.0   1.00
p_y[969]                                   0.001  0.002   0.000    0.004      0.000    0.000    5640.0    6730.0   1.00
p_y[970]                                   0.002  0.004   0.000    0.008      0.000    0.000    6376.0    5987.0   1.00
p_y[971]                                   0.001  0.002   0.000    0.003      0.000    0.000    5440.0    8106.0   1.00
p_y[972]                                   0.002  0.003   0.000    0.007      0.000    0.000    7072.0    9557.0   1.00
p_y[973]                                   0.004  0.008   0.000    0.016      0.000    0.000    7783.0    6577.0   1.00
p_y[974]                                   0.078  0.066   0.000    0.196      0.001    0.001    6541.0    5520.0   1.00
p_y[975]                                   0.001  0.002   0.000    0.004      0.000    0.000    5365.0    7866.0   1.00
p_y[976]                                   0.002  0.003   0.000    0.007      0.000    0.000    6494.0    6942.0   1.00
p_y[977]                                   0.003  0.004   0.000    0.009      0.000    0.000    5808.0    7372.0   1.00
p_y[978]                                   0.002  0.004   0.000    0.008      0.000    0.000    6312.0    7608.0   1.00
p_y[979]                                   0.001  0.003   0.000    0.005      0.000    0.000    6091.0    8966.0   1.00
p_y[980]                                   0.004  0.006   0.000    0.013      0.000    0.000    6024.0    8557.0   1.00
p_y[981]                                   0.006  0.010   0.000    0.022      0.000    0.000    7503.0    9133.0   1.00
p_y[982]                                   0.027  0.025   0.000    0.072      0.000    0.000    5916.0    4991.0   1.00
p_y[983]                                   0.001  0.002   0.000    0.005      0.000    0.000    5018.0    5344.0   1.00
p_y[984]                                   0.001  0.003   0.000    0.004      0.000    0.000    5572.0    6999.0   1.00
p_y[985]                                   0.001  0.003   0.000    0.004      0.000    0.000    4492.0    6384.0   1.00
p_y[986]                                   0.003  0.004   0.000    0.010      0.000    0.000    6012.0    9153.0   1.00
p_y[987]                                   0.006  0.007   0.000    0.018      0.000    0.000    6465.0    7040.0   1.00
p_y[988]                                   0.002  0.002   0.000    0.005      0.000    0.000    6486.0    7583.0   1.00
p_y[989]                                   0.001  0.002   0.000    0.003      0.000    0.000    5010.0    8203.0   1.00
p_y[990]                                   0.000  0.001   0.000    0.001      0.000    0.000    4494.0    8490.0   1.00
p_y[991]                                   0.000  0.001   0.000    0.001      0.000    0.000    4155.0    6788.0   1.00
p_y[992]                                   0.000  0.001   0.000    0.001      0.000    0.000    4767.0    6507.0   1.00
p_y[993]                                   0.001  0.002   0.000    0.003      0.000    0.000    5354.0    6771.0   1.00
p_y[994]                                   0.001  0.002   0.000    0.004      0.000    0.000    6296.0    7256.0   1.00
p_y[995]                                   0.001  0.001   0.000    0.002      0.000    0.000    6355.0    8745.0   1.00
p_y[996]                                   0.000  0.001   0.000    0.002      0.000    0.000    5805.0    8508.0   1.00
p_y[997]                                   0.004  0.006   0.000    0.014      0.000    0.000    6988.0    7199.0   1.00
p_y[998]                                   0.003  0.004   0.000    0.008      0.000    0.000    7340.0    8870.0   1.00
p_y[999]                                   0.001  0.002   0.000    0.004      0.000    0.000    5203.0    6479.0   1.00
p_y[1000]                                  0.002  0.002   0.000    0.005      0.000    0.000    6598.0   10041.0   1.00
p_y[1001]                                  0.001  0.002   0.000    0.004      0.000    0.000    6622.0    8609.0   1.00
p_y[1002]                                  0.005  0.007   0.000    0.016      0.000    0.000    6728.0    6309.0   1.00
p_y[1003]                                  0.005  0.008   0.000    0.016      0.000    0.000    6690.0    7942.0   1.00
p_y[1004]                                  0.020  0.017   0.000    0.050      0.000    0.000    5613.0    4515.0   1.00
p_y[1005]                                  0.002  0.002   0.000    0.006      0.000    0.000    6820.0    8341.0   1.00
p_y[1006]                                  0.001  0.002   0.000    0.004      0.000    0.000    5431.0    8211.0   1.00
p_y[1007]                                  0.001  0.001   0.000    0.002      0.000    0.000    4621.0    7683.0   1.00
p_y[1008]                                  0.002  0.003   0.000    0.006      0.000    0.000    5883.0    8116.0   1.00
p_y[1009]                                  0.003  0.004   0.000    0.009      0.000    0.000    7238.0    8644.0   1.00
p_y[1010]                                  0.002  0.003   0.000    0.006      0.000    0.000    5413.0    6567.0   1.00
p_y[1011]                                  0.001  0.002   0.000    0.004      0.000    0.000    5517.0    7012.0   1.00
p_y[1012]                                  0.001  0.002   0.000    0.003      0.000    0.000    4969.0    8670.0   1.00
p_y[1013]                                  0.000  0.001   0.000    0.001      0.000    0.000    5230.0    6416.0   1.00
p_y[1014]                                  0.003  0.006   0.000    0.010      0.000    0.000    6535.0    7824.0   1.00
p_y[1015]                                  0.003  0.006   0.000    0.010      0.000    0.000    6414.0    6852.0   1.00
p_y[1016]                                  0.001  0.003   0.000    0.004      0.000    0.000    4209.0    5621.0   1.00
p_y[1017]                                  0.002  0.004   0.000    0.007      0.000    0.000    4191.0    7941.0   1.00
p_y[1018]                                  0.003  0.009   0.000    0.009      0.000    0.001    4715.0    7431.0   1.00
p_y[1019]                                  0.002  0.005   0.000    0.007      0.000    0.000    5174.0    5222.0   1.00
p_y[1020]                                  0.001  0.002   0.000    0.004      0.000    0.000    4686.0    6618.0   1.00
p_y[1021]                                  0.002  0.005   0.000    0.007      0.000    0.000    5662.0    8281.0   1.00
p_y[1022]                                  0.001  0.003   0.000    0.005      0.000    0.000    5943.0    8597.0   1.00
p_y[1023]                                  0.001  0.003   0.000    0.005      0.000    0.000    5360.0    8199.0   1.00
p_y[1024]                                  0.008  0.010   0.000    0.024      0.000    0.000    5927.0    7743.0   1.00
p_y[1025]                                  0.007  0.010   0.000    0.023      0.000    0.000    7729.0    9950.0   1.00
p_y[1026]                                  0.001  0.002   0.000    0.003      0.000    0.000    4390.0    7306.0   1.00
p_y[1027]                                  0.001  0.002   0.000    0.003      0.000    0.000    4395.0    6488.0   1.00
p_y[1028]                                  0.001  0.002   0.000    0.003      0.000    0.000    4854.0    7121.0   1.00
p_y[1029]                                  0.001  0.003   0.000    0.005      0.000    0.000    5202.0    9082.0   1.00
p_y[1030]                                  0.002  0.006   0.000    0.007      0.000    0.000    5674.0    7877.0   1.00
p_y[1031]                                  0.001  0.002   0.000    0.004      0.000    0.000    3689.0    4589.0   1.00
p_y[1032]                                  0.001  0.002   0.000    0.004      0.000    0.000    3554.0    7081.0   1.00
p_y[1033]                                  0.047  0.028   0.006    0.099      0.000    0.000    6638.0    7814.0   1.00
p_y[1034]                                  0.006  0.009   0.000    0.020      0.000    0.000    7687.0    8983.0   1.00
p_y[1035]                                  0.001  0.002   0.000    0.003      0.000    0.000    5789.0    8256.0   1.00
p_y[1036]                                  0.000  0.001   0.000    0.001      0.000    0.000    4941.0    6949.0   1.00
p_y[1037]                                  0.000  0.001   0.000    0.001      0.000    0.000    4969.0    6429.0   1.00
p_y[1038]                                  0.001  0.004   0.000    0.006      0.000    0.000    5507.0    7213.0   1.00
p_y[1039]                                  0.003  0.003   0.000    0.009      0.000    0.000    6455.0    5740.0   1.00
p_y[1040]                                  0.007  0.003   0.002    0.013      0.000    0.000    5881.0    7256.0   1.00
p_y[1041]                                  0.001  0.002   0.000    0.004      0.000    0.000    6406.0    8903.0   1.00
p_y[1042]                                  0.001  0.003   0.000    0.005      0.000    0.000    6810.0    8184.0   1.00
p_y[1043]                                  0.007  0.007   0.000    0.019      0.000    0.000    7369.0    8780.0   1.00
p_y[1044]                                  0.016  0.008   0.003    0.031      0.000    0.000    6174.0    7865.0   1.00
p_y[1045]                                  0.019  0.012   0.002    0.042      0.000    0.000    7091.0    8035.0   1.00
p_y[1046]                                  0.002  0.003   0.000    0.006      0.000    0.000    5975.0    7059.0   1.00
p_y[1047]                                  0.012  0.040   0.000    0.048      0.000    0.002    7484.0    9544.0   1.00
p_y[1048]                                  0.001  0.001   0.000    0.002      0.000    0.000    4369.0    5731.0   1.00
p_y[1049]                                  0.001  0.002   0.000    0.004      0.000    0.000    7003.0    8783.0   1.00
p_y[1050]                                  0.003  0.002   0.000    0.007      0.000    0.000    6083.0    4400.0   1.00
p_y[1051]                                  0.040  0.050   0.000    0.126      0.000    0.001    7167.0    7103.0   1.00
p_y[1052]                                  0.001  0.003   0.000    0.006      0.000    0.000    5272.0    6136.0   1.00
p_y[1053]                                  0.002  0.003   0.000    0.006      0.000    0.000    5722.0    7033.0   1.00
p_y[1054]                                  0.005  0.008   0.000    0.019      0.000    0.000    5964.0    6210.0   1.00
p_y[1055]                                  0.004  0.006   0.000    0.013      0.000    0.000    5181.0    8389.0   1.00
p_y[1056]                                  0.003  0.005   0.000    0.011      0.000    0.000    5639.0    7638.0   1.00
p_y[1057]                                  0.003  0.005   0.000    0.009      0.000    0.000    6816.0    7687.0   1.00
p_y[1058]                                  0.020  0.018   0.000    0.051      0.000    0.000    6071.0    6163.0   1.00
p_y[1059]                                  0.001  0.002   0.000    0.004      0.000    0.000    4608.0    7227.0   1.00
p_y[1060]                                  0.002  0.003   0.000    0.006      0.000    0.000    5133.0    6949.0   1.00
p_y[1061]                                  0.001  0.002   0.000    0.004      0.000    0.000    7031.0    9150.0   1.00
p_y[1062]                                  0.002  0.003   0.000    0.006      0.000    0.000    5528.0    8562.0   1.00
p_y[1063]                                  0.003  0.006   0.000    0.010      0.000    0.000    5868.0    7756.0   1.00
p_y[1064]                                  0.002  0.004   0.000    0.008      0.000    0.000    4816.0    5894.0   1.00
p_y[1065]                                  0.004  0.007   0.000    0.015      0.000    0.000    6622.0    7253.0   1.00
p_y[1066]                                  0.003  0.003   0.000    0.008      0.000    0.000    5180.0    4941.0   1.00
p_y[1067]                                  0.002  0.003   0.000    0.007      0.000    0.000    3807.0    5496.0   1.00
p_y[1068]                                  0.002  0.004   0.000    0.008      0.000    0.000    5493.0    4571.0   1.00
p_y[1069]                                  0.049  0.025   0.011    0.094      0.000    0.000    6291.0    7255.0   1.00
p_y[1070]                                  0.007  0.012   0.000    0.025      0.000    0.000    7153.0    8349.0   1.00
p_y[1071]                                  0.001  0.001   0.000    0.002      0.000    0.000    7107.0    8700.0   1.00
p_y[1072]                                  0.001  0.002   0.000    0.005      0.000    0.000    7257.0    8505.0   1.00
p_y[1073]                                  0.001  0.002   0.000    0.003      0.000    0.000    5293.0    7217.0   1.00
p_y[1074]                                  0.001  0.001   0.000    0.002      0.000    0.000    6049.0    8004.0   1.00
p_y[1075]                                  0.001  0.001   0.000    0.002      0.000    0.000    4619.0    4098.0   1.00
p_y[1076]                                  0.002  0.004   0.000    0.007      0.000    0.000    5091.0    8963.0   1.00
p_y[1077]                                  0.002  0.005   0.000    0.008      0.000    0.000    5211.0    8035.0   1.00
p_y[1078]                                  0.004  0.003   0.000    0.009      0.000    0.000    6800.0    6446.0   1.00
p_y[1079]                                  0.002  0.003   0.000    0.007      0.000    0.000    6432.0    6712.0   1.00
p_y[1080]                                  0.001  0.001   0.000    0.002      0.000    0.000    5074.0    7025.0   1.00
p_y[1081]                                  0.003  0.003   0.000    0.009      0.000    0.000    7108.0    7427.0   1.00
p_y[1082]                                  0.029  0.013   0.007    0.053      0.000    0.000    6085.0    6833.0   1.00
p_y[1083]                                  0.002  0.003   0.000    0.006      0.000    0.000    5148.0    8001.0   1.00
p_y[1084]                                  0.005  0.005   0.000    0.013      0.000    0.000    5385.0    5264.0   1.00
p_y[1085]                                  0.003  0.008   0.000    0.013      0.000    0.000    3922.0    6798.0   1.00
p_y[1086]                                  0.004  0.011   0.000    0.018      0.000    0.000    3594.0    5217.0   1.00
p_y[1087]                                  0.004  0.013   0.000    0.016      0.000    0.001    4375.0    6103.0   1.00
p_y[1088]                                  0.002  0.005   0.000    0.008      0.000    0.000    3326.0    4749.0   1.00
p_y[1089]                                  0.004  0.013   0.000    0.013      0.000    0.001    3832.0    6327.0   1.00
p_y[1090]                                  0.003  0.011   0.000    0.012      0.000    0.001    3526.0    5788.0   1.00
p_y[1091]                                  0.005  0.021   0.000    0.019      0.000    0.001    3833.0    7613.0   1.00
p_y[1092]                                  0.009  0.029   0.000    0.034      0.000    0.002    3893.0    4915.0   1.00
p_y[1093]                                  0.002  0.005   0.000    0.008      0.000    0.000    2995.0    5893.0   1.00
p_y[1094]                                  0.002  0.006   0.000    0.008      0.000    0.000    3220.0    5538.0   1.00
p_y[1095]                                  0.010  0.026   0.000    0.044      0.000    0.001    2852.0    5019.0   1.00
p_y[1096]                                  0.002  0.007   0.000    0.009      0.000    0.000    3240.0    5761.0   1.00
p_y[1097]                                  0.003  0.008   0.000    0.010      0.000    0.000    3630.0    6718.0   1.00
p_y[1098]                                  0.001  0.002   0.000    0.004      0.000    0.000    3284.0    6074.0   1.00
p_y[1099]                                  0.001  0.002   0.000    0.003      0.000    0.000    3124.0    5411.0   1.00
p_y[1100]                                  0.001  0.003   0.000    0.004      0.000    0.000    2937.0    4334.0   1.00
p_y[1101]                                  0.001  0.003   0.000    0.004      0.000    0.000    2954.0    4953.0   1.00
p_y[1102]                                  0.006  0.012   0.000    0.026      0.000    0.000    2755.0    3462.0   1.00
p_y[1103]                                  0.004  0.009   0.000    0.015      0.000    0.000    3402.0    4160.0   1.00
p_y[1104]                                  0.003  0.010   0.000    0.009      0.000    0.001    3570.0    5603.0   1.00
p_y[1105]                                  0.002  0.006   0.000    0.009      0.000    0.000    3663.0    5169.0   1.00
p_y[1106]                                  0.002  0.005   0.000    0.007      0.000    0.000    3077.0    3819.0   1.00
p_y[1107]                                  0.001  0.006   0.000    0.005      0.000    0.001    3009.0    6192.0   1.00
p_y[1108]                                  0.005  0.025   0.000    0.015      0.000    0.002    4554.0    8170.0   1.00
p_y[1109]                                  0.001  0.003   0.000    0.004      0.000    0.000    3082.0    4984.0   1.00
p_y[1110]                                  0.002  0.005   0.000    0.008      0.000    0.000    2887.0    3730.0   1.00
p_y[1111]                                  0.001  0.003   0.000    0.005      0.000    0.000    2992.0    4328.0   1.00
p_y[1112]                                  0.002  0.007   0.000    0.008      0.000    0.000    3083.0    4507.0   1.00
p_y[1113]                                  0.002  0.007   0.000    0.008      0.000    0.000    3198.0    5344.0   1.00
p_y[1114]                                  0.001  0.004   0.000    0.004      0.000    0.000    3519.0    6190.0   1.00
p_y[1115]                                  0.001  0.004   0.000    0.006      0.000    0.000    3014.0    4433.0   1.00
p_y[1116]                                  0.014  0.032   0.000    0.061      0.000    0.001    2892.0    6326.0   1.00
p_y[1117]                                  0.002  0.007   0.000    0.009      0.000    0.000    2869.0    5175.0   1.00
p_y[1118]                                  0.003  0.017   0.000    0.010      0.000    0.001    3850.0    6985.0   1.00
p_y[1119]                                  0.001  0.002   0.000    0.003      0.000    0.000    2676.0    4787.0   1.00
p_y[1120]                                  0.001  0.004   0.000    0.005      0.000    0.000    2330.0    4200.0   1.00
p_y[1121]                                  0.002  0.005   0.000    0.008      0.000    0.000    3296.0    3893.0   1.00
p_y[1122]                                  0.003  0.011   0.000    0.011      0.000    0.001    4193.0    7101.0   1.00
p_y[1123]                                  0.001  0.003   0.000    0.003      0.000    0.000    3307.0    5752.0   1.00
p_y[1124]                                  0.004  0.014   0.000    0.016      0.000    0.001    3315.0    4960.0   1.00
p_y[1125]                                  0.001  0.004   0.000    0.005      0.000    0.000    3364.0    4337.0   1.00
p_y[1126]                                  0.002  0.008   0.000    0.007      0.000    0.000    3282.0    5094.0   1.00
p_y[1127]                                  0.001  0.001   0.000    0.002      0.000    0.000    3831.0    5940.0   1.00
p_y[1128]                                  0.004  0.011   0.000    0.017      0.000    0.000    3851.0    5117.0   1.00
p_y[1129]                                  0.002  0.007   0.000    0.008      0.000    0.000    3015.0    4724.0   1.00
p_y[1130]                                  0.002  0.009   0.000    0.008      0.000    0.001    3373.0    5631.0   1.00
p_y[1131]                                  0.002  0.004   0.000    0.006      0.000    0.000    2842.0    5038.0   1.00
p_y[1132]                                  0.006  0.018   0.000    0.024      0.000    0.001    4819.0    6114.0   1.00
p_y[1133]                                  0.004  0.012   0.000    0.013      0.000    0.001    3143.0    5293.0   1.00
p_y[1134]                                  0.003  0.013   0.000    0.012      0.000    0.001    3726.0    6217.0   1.00
p_y[1135]                                  0.002  0.005   0.000    0.007      0.000    0.000    3608.0    5694.0   1.00
p_y[1136]                                  0.001  0.002   0.000    0.003      0.000    0.000    2913.0    5006.0   1.00
p_y[1137]                                  0.003  0.014   0.000    0.012      0.000    0.001    4251.0    6059.0   1.00
p_y[1138]                                  0.001  0.002   0.000    0.003      0.000    0.000    2549.0    4157.0   1.00
p_y[1139]                                  0.001  0.002   0.000    0.003      0.000    0.000    2883.0    5102.0   1.00
p_y[1140]                                  0.004  0.011   0.000    0.019      0.000    0.000    3147.0    6840.0   1.00
p_y[1141]                                  0.003  0.007   0.000    0.013      0.000    0.000    3259.0    6056.0   1.00
p_y[1142]                                  0.001  0.003   0.000    0.003      0.000    0.000    3185.0    5059.0   1.00
p_y[1143]                                  0.001  0.001   0.000    0.003      0.000    0.000    4060.0    6103.0   1.00
p_y[1144]                                  0.001  0.006   0.000    0.005      0.000    0.000    3995.0    5651.0   1.00
p_y[1145]                                  0.001  0.002   0.000    0.003      0.000    0.000    2637.0    4682.0   1.00
p_y[1146]                                  0.001  0.004   0.000    0.005      0.000    0.000    3136.0    6007.0   1.00
p_y[1147]                                  0.001  0.004   0.000    0.004      0.000    0.000    2768.0    5570.0   1.00
p_y[1148]                                  0.002  0.004   0.000    0.006      0.000    0.000    2795.0    4345.0   1.00
p_y[1149]                                  0.003  0.007   0.000    0.010      0.000    0.000    3191.0    4591.0   1.00
p_y[1150]                                  0.003  0.007   0.000    0.010      0.000    0.000    3078.0    5115.0   1.00
p_y[1151]                                  0.001  0.003   0.000    0.004      0.000    0.000    2923.0    3960.0   1.00
p_y[1152]                                  0.002  0.004   0.000    0.007      0.000    0.000    3631.0    5824.0   1.00
p_y[1153]                                  0.015  0.019   0.000    0.048      0.000    0.000    3580.0    4020.0   1.00
p_y[1154]                                  0.001  0.004   0.000    0.005      0.000    0.000    3051.0    3947.0   1.00
p_y[1155]                                  0.001  0.003   0.000    0.003      0.000    0.000    2654.0    3835.0   1.00
p_y[1156]                                  0.002  0.006   0.000    0.007      0.000    0.000    3527.0    4846.0   1.00
p_y[1157]                                  0.003  0.012   0.000    0.012      0.000    0.001    4632.0    6231.0   1.00
p_y[1158]                                  0.001  0.002   0.000    0.003      0.000    0.000    2996.0    4740.0   1.00
p_y[1159]                                  0.001  0.002   0.000    0.004      0.000    0.000    3425.0    5700.0   1.00
p_y[1160]                                  0.005  0.012   0.000    0.022      0.000    0.000    4074.0    7992.0   1.00
p_y[1161]                                  0.003  0.011   0.000    0.013      0.000    0.001    4280.0    6567.0   1.00
p_y[1162]                                  0.005  0.016   0.000    0.017      0.000    0.001    5374.0    7585.0   1.00
p_y[1163]                                  0.001  0.002   0.000    0.004      0.000    0.000    2817.0    4541.0   1.00
p_y[1164]                                  0.003  0.007   0.000    0.011      0.000    0.000    4120.0    5905.0   1.00
p_y[1165]                                  0.001  0.003   0.000    0.004      0.000    0.000    3131.0    5084.0   1.00
p_y[1166]                                  0.002  0.005   0.000    0.007      0.000    0.000    3344.0    4759.0   1.00
p_y[1167]                                  0.002  0.003   0.000    0.007      0.000    0.000    7428.0    8601.0   1.00
p_y[1168]                                  0.022  0.014   0.002    0.048      0.000    0.000    6443.0    7377.0   1.00
p_y[1169]                                  0.004  0.007   0.000    0.014      0.000    0.000    6788.0    7489.0   1.00
p_y[1170]                                  0.003  0.005   0.000    0.009      0.000    0.000    6600.0    8176.0   1.00
p_y[1171]                                  0.002  0.003   0.000    0.007      0.000    0.000    6044.0    6386.0   1.00
p_y[1172]                                  0.001  0.002   0.000    0.004      0.000    0.000    7366.0    9277.0   1.00
p_y[1173]                                  0.048  0.042   0.000    0.124      0.000    0.001    7067.0    6388.0   1.00
p_y[1174]                                  0.002  0.002   0.000    0.006      0.000    0.000    6006.0    7324.0   1.00
p_y[1175]                                  0.002  0.006   0.000    0.009      0.000    0.000    6506.0    9515.0   1.00
p_y[1176]                                  0.004  0.007   0.000    0.016      0.000    0.000    6873.0    7717.0   1.00
p_y[1177]                                  0.003  0.005   0.000    0.010      0.000    0.000    6735.0    8904.0   1.00
p_y[1178]                                  0.001  0.002   0.000    0.004      0.000    0.000    6973.0    8750.0   1.00
p_y[1179]                                  0.001  0.003   0.000    0.005      0.000    0.000    6446.0    8636.0   1.00
p_y[1180]                                  0.001  0.002   0.000    0.004      0.000    0.000    6745.0    8518.0   1.00
p_y[1181]                                  0.002  0.004   0.000    0.005      0.000    0.000    5164.0    8378.0   1.00
p_y[1182]                                  0.001  0.002   0.000    0.003      0.000    0.000    5696.0    6666.0   1.00
p_y[1183]                                  0.002  0.008   0.000    0.010      0.000    0.000    6216.0    8850.0   1.00
p_y[1184]                                  0.001  0.002   0.000    0.003      0.000    0.000    6259.0    9371.0   1.00
p_y[1185]                                  0.001  0.002   0.000    0.004      0.000    0.000    5907.0    7037.0   1.00
p_y[1186]                                  0.001  0.002   0.000    0.004      0.000    0.000    5789.0    6982.0   1.00
p_y[1187]                                  0.001  0.003   0.000    0.004      0.000    0.000    4667.0    7391.0   1.00
p_y[1188]                                  0.002  0.003   0.000    0.005      0.000    0.000    5956.0    7587.0   1.00
p_y[1189]                                  0.002  0.002   0.000    0.006      0.000    0.000    6082.0    7141.0   1.00
p_y[1190]                                  0.004  0.006   0.000    0.013      0.000    0.000    7406.0    8877.0   1.00
p_y[1191]                                  0.001  0.005   0.000    0.005      0.000    0.000    3314.0    5902.0   1.00
p_y[1192]                                  0.002  0.006   0.000    0.006      0.000    0.000    3556.0    6526.0   1.00
p_y[1193]                                  0.002  0.008   0.000    0.008      0.000    0.000    3068.0    6367.0   1.00
p_y[1194]                                  0.077  0.044   0.012    0.157      0.001    0.000    6276.0    7059.0   1.00
p_y[1195]                                  0.069  0.051   0.002    0.162      0.001    0.001    7327.0    6533.0   1.00
p_y[1196]                                  0.006  0.016   0.000    0.027      0.000    0.000    3240.0    6352.0   1.00
p_y[1197]                                  0.002  0.006   0.000    0.007      0.000    0.000    3211.0    5252.0   1.00
p_y[1198]                                  0.001  0.004   0.000    0.005      0.000    0.000    4237.0    6797.0   1.00
p_y[1199]                                  0.001  0.003   0.000    0.003      0.000    0.000    2638.0    4713.0   1.00
p_y[1200]                                  0.001  0.004   0.000    0.004      0.000    0.000    3177.0    5138.0   1.00
p_y[1201]                                  0.001  0.003   0.000    0.003      0.000    0.000    3247.0    5252.0   1.00
p_y[1202]                                  0.001  0.002   0.000    0.003      0.000    0.000    3900.0    5634.0   1.00
p_y[1203]                                  0.003  0.004   0.000    0.009      0.000    0.000    7665.0    8883.0   1.00
p_y[1204]                                  0.001  0.003   0.000    0.004      0.000    0.000    4377.0    7108.0   1.00
p_y[1205]                                  0.003  0.004   0.000    0.009      0.000    0.000    6723.0    8580.0   1.00
p_y[1206]                                  0.001  0.003   0.000    0.005      0.000    0.000    5730.0    8935.0   1.00
p_y[1207]                                  0.002  0.005   0.000    0.007      0.000    0.000    5894.0    7365.0   1.00
p_y[1208]                                  0.002  0.005   0.000    0.008      0.000    0.000    6786.0    7691.0   1.00
p_y[1209]                                  0.004  0.005   0.000    0.013      0.000    0.000    5697.0    7687.0   1.00
p_y[1210]                                  0.002  0.003   0.000    0.005      0.000    0.000    6658.0    8384.0   1.00
p_y[1211]                                  0.024  0.021   0.000    0.062      0.000    0.000    5676.0    3523.0   1.00
p_y[1212]                                  0.003  0.005   0.000    0.009      0.000    0.000    6328.0    6992.0   1.00
p_y[1213]                                  0.002  0.004   0.000    0.007      0.000    0.000    5437.0    5120.0   1.00
p_y[1214]                                  0.002  0.004   0.000    0.008      0.000    0.000    5728.0    7739.0   1.00
p_y[1215]                                  0.002  0.004   0.000    0.007      0.000    0.000    5195.0    6931.0   1.00
p_y[1216]                                  0.002  0.004   0.000    0.009      0.000    0.000    5514.0    6989.0   1.00
p_y[1217]                                  0.002  0.003   0.000    0.007      0.000    0.000    5913.0    6804.0   1.00
p_y[1218]                                  0.010  0.018   0.000    0.036      0.000    0.001    7153.0    9201.0   1.00
p_y[1219]                                  0.002  0.006   0.000    0.009      0.000    0.000    4532.0    6410.0   1.00
p_y[1220]                                  0.002  0.005   0.000    0.009      0.000    0.000    5610.0    7829.0   1.00
p_y[1221]                                  0.004  0.010   0.000    0.013      0.000    0.001    5068.0    8738.0   1.00
p_y[1222]                                  0.003  0.008   0.000    0.013      0.000    0.000    5407.0    9147.0   1.00
p_y[1223]                                  0.002  0.007   0.000    0.009      0.000    0.000    4217.0    6293.0   1.00
p_y[1224]                                  0.003  0.009   0.000    0.010      0.000    0.001    4149.0    5993.0   1.00
p_y[1225]                                  0.002  0.005   0.000    0.007      0.000    0.000    4054.0    5084.0   1.00
p_y[1226]                                  0.002  0.006   0.000    0.008      0.000    0.000    4989.0    9448.0   1.00
p_y[1227]                                  0.002  0.004   0.000    0.006      0.000    0.000    4525.0    7493.0   1.00
p_y[1228]                                  0.002  0.004   0.000    0.006      0.000    0.000    4795.0    6932.0   1.00
p_y[1229]                                  0.002  0.004   0.000    0.006      0.000    0.000    4994.0    8722.0   1.00
p_y[1230]                                  0.002  0.004   0.000    0.007      0.000    0.000    5333.0    6722.0   1.00
p_y[1231]                                  0.002  0.006   0.000    0.008      0.000    0.000    5171.0    7418.0   1.00
p_y[1232]                                  0.003  0.010   0.000    0.009      0.000    0.001    5685.0    7598.0   1.00
p_y[1233]                                  0.002  0.005   0.000    0.006      0.000    0.000    4641.0    7336.0   1.00
p_y[1234]                                  0.002  0.006   0.000    0.007      0.000    0.000    4521.0    6816.0   1.00
p_y[1235]                                  0.002  0.005   0.000    0.006      0.000    0.000    4136.0    6269.0   1.00
p_y[1236]                                  0.002  0.005   0.000    0.006      0.000    0.000    4783.0    7742.0   1.00
p_y[1237]                                  0.003  0.006   0.000    0.011      0.000    0.000    6090.0    7929.0   1.00
p_y[1238]                                  0.002  0.004   0.000    0.007      0.000    0.000    4814.0    6894.0   1.00
p_y[1239]                                  0.001  0.003   0.000    0.005      0.000    0.000    4961.0    7929.0   1.00
p_y[1240]                                  0.001  0.003   0.000    0.005      0.000    0.000    4975.0    8094.0   1.00
p_y[1241]                                  0.001  0.003   0.000    0.005      0.000    0.000    5243.0    8766.0   1.00
p_y[1242]                                  0.011  0.008   0.001    0.025      0.000    0.000    6762.0    7766.0   1.00
p_y[1243]                                  0.056  0.027   0.013    0.105      0.000    0.000    5981.0    6238.0   1.00
p_y[1244]                                  0.002  0.004   0.000    0.007      0.000    0.000    5486.0    9347.0   1.00
p_y[1245]                                  0.006  0.007   0.000    0.018      0.000    0.000    6453.0    7257.0   1.00
p_y[1246]                                  0.002  0.004   0.000    0.008      0.000    0.000    5991.0    6986.0   1.00
p_y[1247]                                  0.001  0.002   0.000    0.004      0.000    0.000    5617.0    7260.0   1.00
p_y[1248]                                  0.002  0.003   0.000    0.006      0.000    0.000    5985.0    7479.0   1.00
p_y[1249]                                  0.001  0.004   0.000    0.005      0.000    0.000    4536.0    7849.0   1.00
p_y[1250]                                  0.002  0.003   0.000    0.005      0.000    0.000    6931.0    9937.0   1.00
p_y[1251]                                  0.001  0.002   0.000    0.005      0.000    0.000    6689.0    8971.0   1.00
p_y[1252]                                  0.001  0.003   0.000    0.006      0.000    0.000    6703.0    8497.0   1.00
p_y[1253]                                  0.002  0.004   0.000    0.008      0.000    0.000    6344.0    9523.0   1.00
p_y[1254]                                  0.001  0.003   0.000    0.003      0.000    0.000    4320.0    6511.0   1.00
p_y[1255]                                  0.003  0.005   0.000    0.010      0.000    0.000    6619.0    8747.0   1.00
p_y[1256]                                  0.001  0.001   0.000    0.002      0.000    0.000    4308.0    6472.0   1.00
p_y[1257]                                  0.011  0.014   0.000    0.036      0.000    0.000    7224.0    8649.0   1.00
p_y[1258]                                  0.001  0.002   0.000    0.002      0.000    0.000    3677.0    5421.0   1.00
p_y[1259]                                  0.003  0.005   0.000    0.010      0.000    0.000    7029.0    8614.0   1.00
p_y[1260]                                  0.001  0.002   0.000    0.003      0.000    0.000    3216.0    5247.0   1.00
p_y[1261]                                  0.002  0.003   0.000    0.006      0.000    0.000    6290.0    8136.0   1.00
p_y[1262]                                  0.001  0.002   0.000    0.004      0.000    0.000    3785.0    5837.0   1.00
p_y[1263]                                  0.001  0.001   0.000    0.002      0.000    0.000    3972.0    6844.0   1.00
p_y[1264]                                  0.007  0.011   0.000    0.025      0.000    0.000    6746.0    8084.0   1.00
p_y[1265]                                  0.002  0.007   0.000    0.009      0.000    0.000    3801.0    6925.0   1.00
p_y[1266]                                  0.002  0.005   0.000    0.008      0.000    0.000    5968.0    7311.0   1.00
p_y[1267]                                  0.002  0.003   0.000    0.007      0.000    0.000    7010.0    9173.0   1.00
p_y[1268]                                  0.002  0.006   0.000    0.008      0.000    0.000    4545.0    7663.0   1.00
p_y[1269]                                  0.002  0.003   0.000    0.006      0.000    0.000    5561.0    6723.0   1.00
p_y[1270]                                  0.001  0.003   0.000    0.004      0.000    0.000    4121.0    6514.0   1.00
p_y[1271]                                  0.002  0.003   0.000    0.006      0.000    0.000    5718.0    9030.0   1.00
p_y[1272]                                  0.003  0.004   0.000    0.010      0.000    0.000    4250.0    6739.0   1.00
p_y[1273]                                  0.002  0.004   0.000    0.008      0.000    0.000    7059.0    8406.0   1.00
p_y[1274]                                  0.002  0.004   0.000    0.008      0.000    0.000    6362.0    8855.0   1.00
p_y[1275]                                  0.002  0.003   0.000    0.007      0.000    0.000    6489.0    7487.0   1.00
p_y[1276]                                  0.001  0.001   0.000    0.002      0.000    0.000    2860.0    4780.0   1.00
p_y[1277]                                  0.006  0.006   0.000    0.018      0.000    0.000    7131.0    6989.0   1.00
p_y[1278]                                  0.001  0.002   0.000    0.005      0.000    0.000    6537.0    8478.0   1.00
p_y[1279]                                  0.002  0.003   0.000    0.006      0.000    0.000    6564.0    8489.0   1.00
p_y[1280]                                  0.001  0.003   0.000    0.005      0.000    0.000    4006.0    6146.0   1.00
p_y[1281]                                  0.002  0.003   0.000    0.006      0.000    0.000    6137.0    8189.0   1.00
p_y[1282]                                  0.003  0.006   0.000    0.012      0.000    0.000    4396.0    6889.0   1.00
p_y[1283]                                  0.003  0.005   0.000    0.010      0.000    0.000    6578.0    8292.0   1.00
p_y[1284]                                  0.002  0.005   0.000    0.008      0.000    0.000    4850.0    6495.0   1.00
p_y[1285]                                  0.002  0.005   0.000    0.008      0.000    0.000    4843.0    6713.0   1.00
p_y[1286]                                  0.001  0.003   0.000    0.005      0.000    0.000    4753.0    6234.0   1.00
p_y[1287]                                  0.003  0.003   0.000    0.009      0.000    0.000    5729.0    7559.0   1.00
p_y[1288]                                  0.002  0.004   0.000    0.007      0.000    0.000    6150.0    7949.0   1.00
p_y[1289]                                  0.003  0.005   0.000    0.010      0.000    0.000    4137.0    5952.0   1.00
p_y[1290]                                  0.001  0.002   0.000    0.004      0.000    0.000    6311.0    8687.0   1.00
p_y[1291]                                  0.002  0.004   0.000    0.007      0.000    0.000    4968.0    7893.0   1.00
p_y[1292]                                  0.001  0.002   0.000    0.003      0.000    0.000    5423.0    7407.0   1.00
p_y[1293]                                  0.002  0.005   0.000    0.009      0.000    0.000    4484.0    7677.0   1.00
p_y[1294]                                  0.002  0.003   0.000    0.005      0.000    0.000    6452.0    7797.0   1.00
p_y[1295]                                  0.002  0.006   0.000    0.008      0.000    0.000    4297.0    6991.0   1.00
p_y[1296]                                  0.003  0.005   0.000    0.010      0.000    0.000    7040.0    8711.0   1.00
p_y[1297]                                  0.003  0.011   0.000    0.012      0.000    0.001    5212.0    8987.0   1.00
p_y[1298]                                  0.007  0.008   0.000    0.020      0.000    0.000    6826.0    8689.0   1.00
p_y[1299]                                  0.002  0.005   0.000    0.008      0.000    0.000    4773.0    6880.0   1.00
p_y[1300]                                  0.002  0.004   0.000    0.006      0.000    0.000    4762.0    6402.0   1.00
p_y[1301]                                  0.001  0.002   0.000    0.005      0.000    0.000    6774.0    7650.0   1.00
p_y[1302]                                  0.002  0.004   0.000    0.006      0.000    0.000    4802.0    6945.0   1.00
p_y[1303]                                  0.001  0.003   0.000    0.005      0.000    0.000    6853.0    8145.0   1.00
p_y[1304]                                  0.001  0.003   0.000    0.004      0.000    0.000    5598.0    8869.0   1.00
p_y[1305]                                  0.002  0.003   0.000    0.006      0.000    0.000    7200.0   10259.0   1.00
p_y[1306]                                  0.001  0.003   0.000    0.004      0.000    0.000    4154.0    7267.0   1.00
p_y[1307]                                  0.001  0.002   0.000    0.003      0.000    0.000    6865.0    9583.0   1.00
p_y[1308]                                  0.002  0.006   0.000    0.007      0.000    0.000    3989.0    6772.0   1.00
p_y[1309]                                  0.001  0.002   0.000    0.005      0.000    0.000    6525.0    8948.0   1.00
p_y[1310]                                  0.002  0.005   0.000    0.006      0.000    0.000    3925.0    7301.0   1.00
p_y[1311]                                  0.001  0.002   0.000    0.003      0.000    0.000    6564.0    9184.0   1.00
p_y[1312]                                  0.002  0.006   0.000    0.007      0.000    0.000    4237.0    7413.0   1.00
p_y[1313]                                  0.001  0.002   0.000    0.003      0.000    0.000    5961.0    7405.0   1.00
p_y[1314]                                  0.002  0.007   0.000    0.007      0.000    0.001    4711.0    6721.0   1.00
p_y[1315]                                  0.001  0.003   0.000    0.005      0.000    0.000    6686.0    7281.0   1.00
p_y[1316]                                  0.001  0.002   0.000    0.004      0.000    0.000    3749.0    6443.0   1.00
p_y[1317]                                  0.002  0.004   0.000    0.007      0.000    0.000    5934.0    5331.0   1.00
p_y[1318]                                  0.001  0.003   0.000    0.004      0.000    0.000    4094.0    7790.0   1.00
p_y[1319]                                  0.001  0.004   0.000    0.005      0.000    0.000    4783.0    7222.0   1.00
p_y[1320]                                  0.003  0.005   0.000    0.011      0.000    0.000    5761.0    7097.0   1.00
p_y[1321]                                  0.001  0.002   0.000    0.004      0.000    0.000    4402.0    8423.0   1.00
p_y[1322]                                  0.003  0.004   0.000    0.009      0.000    0.000    7379.0    9893.0   1.00
p_y[1323]                                  0.002  0.004   0.000    0.006      0.000    0.000    5050.0    7713.0   1.00
p_y[1324]                                  0.002  0.003   0.000    0.007      0.000    0.000    6165.0    8260.0   1.00
p_y[1325]                                  0.002  0.005   0.000    0.007      0.000    0.000    4930.0    8071.0   1.00
p_y[1326]                                  0.002  0.003   0.000    0.007      0.000    0.000    6503.0    8298.0   1.00
p_y[1327]                                  0.002  0.004   0.000    0.006      0.000    0.000    5606.0    8405.0   1.00
p_y[1328]                                  0.001  0.002   0.000    0.003      0.000    0.000    5666.0    8953.0   1.00
p_y[1329]                                  0.002  0.003   0.000    0.006      0.000    0.000    5658.0    7433.0   1.00
p_y[1330]                                  0.001  0.002   0.000    0.003      0.000    0.000    5590.0    9273.0   1.00
p_y[1331]                                  0.002  0.004   0.000    0.007      0.000    0.000    6089.0    8729.0   1.00
p_y[1332]                                  0.003  0.005   0.000    0.011      0.000    0.000    6790.0    8262.0   1.00
p_y[1333]                                  0.013  0.015   0.000    0.038      0.000    0.000    7310.0    8101.0   1.00
p_y[1334]                                  0.001  0.001   0.000    0.002      0.000    0.000    6273.0    8633.0   1.00
p_y[1335]                                  0.036  0.028   0.000    0.085      0.000    0.000    6095.0    5726.0   1.00
p_y[1336]                                  0.001  0.002   0.000    0.003      0.000    0.000    5692.0    7520.0   1.00
p_y[1337]                                  0.006  0.010   0.000    0.022      0.000    0.000    7503.0    9574.0   1.00
p_y[1338]                                  0.001  0.002   0.000    0.003      0.000    0.000    5608.0    7297.0   1.00
p_y[1339]                                  0.003  0.005   0.000    0.012      0.000    0.000    6396.0    8013.0   1.00
p_y[1340]                                  0.001  0.002   0.000    0.004      0.000    0.000    5729.0    7896.0   1.00
p_y[1341]                                  0.006  0.011   0.000    0.023      0.000    0.000    6210.0    6456.0   1.00
p_y[1342]                                  0.002  0.005   0.000    0.008      0.000    0.000    7374.0    7673.0   1.00
p_y[1343]                                  0.002  0.004   0.000    0.007      0.000    0.000    5402.0    7165.0   1.00
p_y[1344]                                  0.002  0.004   0.000    0.006      0.000    0.000    5154.0    7636.0   1.00
p_y[1345]                                  0.002  0.004   0.000    0.007      0.000    0.000    5077.0    7878.0   1.00
p_y[1346]                                  0.002  0.003   0.000    0.006      0.000    0.000    6024.0    9314.0   1.00
p_y[1347]                                  0.002  0.005   0.000    0.009      0.000    0.000    5793.0    8256.0   1.00
p_y[1348]                                  0.001  0.002   0.000    0.003      0.000    0.000    5609.0    7500.0   1.00
p_y[1349]                                  0.004  0.008   0.000    0.014      0.000    0.000    6577.0    8679.0   1.00
p_y[1350]                                  0.001  0.002   0.000    0.003      0.000    0.000    5151.0    7079.0   1.00
p_y[1351]                                  0.005  0.010   0.000    0.020      0.000    0.000    5570.0    5674.0   1.00
p_y[1352]                                  0.001  0.001   0.000    0.002      0.000    0.000    4747.0    7425.0   1.00
p_y[1353]                                  0.009  0.013   0.000    0.030      0.000    0.000    5800.0    7008.0   1.00
p_y[1354]                                  0.001  0.002   0.000    0.002      0.000    0.000    5371.0    7846.0   1.00
p_y[1355]                                  0.002  0.004   0.000    0.007      0.000    0.000    5174.0    6354.0   1.00
p_y[1356]                                  0.001  0.002   0.000    0.003      0.000    0.000    4270.0    7162.0   1.00
p_y[1357]                                  0.002  0.004   0.000    0.008      0.000    0.000    6351.0    9271.0   1.00
p_y[1358]                                  0.002  0.004   0.000    0.006      0.000    0.000    4642.0    7846.0   1.00
p_y[1359]                                  0.003  0.005   0.000    0.011      0.000    0.000    6123.0    8903.0   1.00
p_y[1360]                                  0.023  0.024   0.000    0.067      0.000    0.000    6281.0    6737.0   1.00
p_y[1361]                                  0.004  0.007   0.000    0.013      0.000    0.000    6086.0    6705.0   1.00
p_y[1362]                                  0.002  0.004   0.000    0.009      0.000    0.000    5555.0    8304.0   1.00
p_y[1363]                                  0.005  0.010   0.000    0.018      0.000    0.000    6645.0    7902.0   1.00
p_y[1364]                                  0.002  0.005   0.000    0.008      0.000    0.000    4823.0    8236.0   1.00
p_y[1365]                                  0.003  0.007   0.000    0.011      0.000    0.000    5304.0    8063.0   1.00
p_y[1366]                                  0.003  0.007   0.000    0.012      0.000    0.000    5492.0    7213.0   1.00
p_y[1367]                                  0.001  0.002   0.000    0.004      0.000    0.000    5095.0    8915.0   1.00
p_y[1368]                                  0.003  0.006   0.000    0.010      0.000    0.000    5436.0    6483.0   1.00
p_y[1369]                                  0.001  0.003   0.000    0.004      0.000    0.000    4396.0    7586.0   1.00
p_y[1370]                                  0.006  0.011   0.000    0.023      0.000    0.000    4742.0    6824.0   1.00
p_y[1371]                                  0.001  0.002   0.000    0.003      0.000    0.000    4602.0    7499.0   1.00
p_y[1372]                                  0.006  0.012   0.000    0.023      0.000    0.000    5829.0    7656.0   1.00
p_y[1373]                                  0.001  0.002   0.000    0.002      0.000    0.000    4751.0    8048.0   1.00
p_y[1374]                                  0.009  0.014   0.000    0.030      0.000    0.000    6366.0    8609.0   1.00
p_y[1375]                                  0.001  0.002   0.000    0.003      0.000    0.000    4312.0    6887.0   1.00
p_y[1376]                                  0.011  0.014   0.000    0.034      0.000    0.001    6153.0    8113.0   1.00
p_y[1377]                                  0.001  0.002   0.000    0.003      0.000    0.000    4126.0    7649.0   1.00
p_y[1378]                                  0.008  0.011   0.000    0.024      0.000    0.000    5632.0    6773.0   1.00
p_y[1379]                                  0.001  0.002   0.000    0.003      0.000    0.000    4568.0    7037.0   1.00
p_y[1380]                                  0.006  0.010   0.000    0.020      0.000    0.001    4708.0    5402.0   1.00
p_y[1381]                                  0.001  0.001   0.000    0.002      0.000    0.000    4442.0    6640.0   1.00
p_y[1382]                                  0.004  0.007   0.000    0.013      0.000    0.000    4564.0    5639.0   1.00
p_y[1383]                                  0.001  0.002   0.000    0.002      0.000    0.000    3947.0    6711.0   1.00
p_y[1384]                                  0.026  0.031   0.000    0.080      0.000    0.000    4785.0    3814.0   1.00
p_y[1385]                                  0.001  0.002   0.000    0.003      0.000    0.000    4574.0    7366.0   1.00
p_y[1386]                                  0.003  0.006   0.000    0.012      0.000    0.000    4842.0    6979.0   1.00
p_y[1387]                                  0.001  0.002   0.000    0.003      0.000    0.000    4654.0    6784.0   1.00
p_y[1388]                                  0.003  0.005   0.000    0.012      0.000    0.000    5608.0    7209.0   1.00
p_y[1389]                                  0.001  0.003   0.000    0.005      0.000    0.000    4890.0    6449.0   1.00
p_y[1390]                                  0.005  0.009   0.000    0.017      0.000    0.000    5456.0    6475.0   1.00
p_y[1391]                                  0.003  0.006   0.000    0.010      0.000    0.000    5345.0    8333.0   1.00
p_y[1392]                                  0.002  0.004   0.000    0.007      0.000    0.000    5275.0    7902.0   1.00
p_y[1393]                                  0.004  0.006   0.000    0.015      0.000    0.000    6646.0    6966.0   1.00
p_y[1394]                                  0.001  0.003   0.000    0.005      0.000    0.000    4302.0    5807.0   1.00
p_y[1395]                                  0.007  0.012   0.000    0.025      0.000    0.001    6538.0    7802.0   1.00
p_y[1396]                                  0.030  0.032   0.000    0.087      0.000    0.001    6979.0    7357.0   1.00
p_y[1397]                                  0.001  0.002   0.000    0.003      0.000    0.000    4031.0    6397.0   1.00
p_y[1398]                                  0.044  0.025   0.007    0.088      0.000    0.000    7002.0    8236.0   1.00
p_y[1399]                                  0.001  0.002   0.000    0.002      0.000    0.000    3718.0    6403.0   1.00
p_y[1400]                                  0.019  0.017   0.000    0.049      0.000    0.000    7335.0    7756.0   1.00
p_y[1401]                                  0.001  0.002   0.000    0.002      0.000    0.000    4765.0    7371.0   1.00
p_y[1402]                                  0.096  0.051   0.019    0.189      0.001    0.001    6517.0    6477.0   1.00
p_y[1403]                                  0.001  0.002   0.000    0.002      0.000    0.000    4376.0    7877.0   1.00
p_y[1404]                                  0.054  0.036   0.004    0.120      0.000    0.000    6775.0    6860.0   1.00
p_y[1405]                                  0.001  0.001   0.000    0.002      0.000    0.000    4482.0    6744.0   1.00
p_y[1406]                                  0.089  0.058   0.008    0.194      0.001    0.001    6300.0    7592.0   1.00
p_y[1407]                                  0.000  0.001   0.000    0.002      0.000    0.000    5291.0    6690.0   1.00
p_y[1408]                                  0.079  0.051   0.008    0.173      0.001    0.001    5053.0    7784.0   1.00
p_y[1409]                                  0.001  0.001   0.000    0.002      0.000    0.000    5443.0    6921.0   1.00
p_y[1410]                                  0.010  0.010   0.000    0.028      0.000    0.000    6896.0    6664.0   1.00
p_y[1411]                                  0.001  0.001   0.000    0.002      0.000    0.000    6211.0    7606.0   1.00
p_y[1412]                                  0.076  0.061   0.002    0.184      0.001    0.001    7158.0    7049.0   1.00
p_y[1413]                                  0.001  0.001   0.000    0.002      0.000    0.000    3994.0    6374.0   1.00
p_y[1414]                                  0.015  0.016   0.000    0.042      0.000    0.000    6154.0    5942.0   1.00
p_y[1415]                                  0.001  0.003   0.000    0.005      0.000    0.000    4660.0    8357.0   1.00
p_y[1416]                                  0.001  0.002   0.000    0.003      0.000    0.000    4664.0    7312.0   1.00
p_y[1417]                                  0.001  0.001   0.000    0.002      0.000    0.000    4921.0    7739.0   1.00
p_y[1418]                                  0.014  0.010   0.001    0.031      0.000    0.000    7170.0    5904.0   1.00
p_y[1419]                                  0.218  0.204   0.000    0.630      0.002    0.002    7256.0    8456.0   1.00
p_y[1420]                                  0.001  0.001   0.000    0.002      0.000    0.000    5166.0    8318.0   1.00
p_y[1421]                                  0.001  0.002   0.000    0.003      0.000    0.000    5261.0    8298.0   1.00
p_y[1422]                                  0.001  0.001   0.000    0.002      0.000    0.000    4287.0    6947.0   1.00
p_y[1423]                                  0.001  0.002   0.000    0.004      0.000    0.000    4467.0    8530.0   1.00
p_y[1424]                                  0.001  0.003   0.000    0.005      0.000    0.000    5855.0    8490.0   1.00
p_y[1425]                                  0.001  0.003   0.000    0.006      0.000    0.000    6293.0    9359.0   1.00
p_y[1426]                                  0.003  0.005   0.000    0.010      0.000    0.000    6882.0    7991.0   1.00
p_y[1427]                                  0.040  0.028   0.002    0.089      0.000    0.000    5572.0    5932.0   1.00
p_y[1428]                                  0.340  0.139   0.113    0.605      0.002    0.001    4587.0    8013.0   1.00
p_y[1429]                                  0.004  0.005   0.000    0.013      0.000    0.000    6079.0    9933.0   1.00
p_y[1430]                                  0.655  0.178   0.356    0.979      0.003    0.001    4488.0    6661.0   1.00
p_y[1431]                                  0.001  0.002   0.000    0.004      0.000    0.000    5179.0    9298.0   1.00
p_y[1432]                                  0.001  0.003   0.000    0.005      0.000    0.000    5277.0    8620.0   1.00
p_y[1433]                                  0.001  0.002   0.000    0.003      0.000    0.000    4564.0    7143.0   1.00
p_y[1434]                                  0.046  0.047   0.000    0.129      0.000    0.001    6896.0    6917.0   1.00
p_y[1435]                                  0.001  0.002   0.000    0.003      0.000    0.000    4525.0    8482.0   1.00
p_y[1436]                                  0.001  0.003   0.000    0.004      0.000    0.000    4395.0    7148.0   1.00
p_y[1437]                                  0.001  0.003   0.000    0.005      0.000    0.000    3771.0    6936.0   1.00
p_y[1438]                                  0.579  0.203   0.245    0.959      0.003    0.001    4910.0    6703.0   1.00
p_y[1439]                                  0.001  0.003   0.000    0.003      0.000    0.000    3915.0    7222.0   1.00
p_y[1440]                                  0.480  0.204   0.134    0.868      0.003    0.002    4415.0    5188.0   1.00
p_y[1441]                                  0.001  0.003   0.000    0.004      0.000    0.000    4272.0    7534.0   1.00
p_y[1442]                                  0.002  0.004   0.000    0.006      0.000    0.000    4246.0    5871.0   1.00
p_y[1443]                                  0.003  0.006   0.000    0.010      0.000    0.000    4319.0    7046.0   1.00
p_y[1444]                                  0.016  0.011   0.001    0.036      0.000    0.000    5898.0    6922.0   1.00
p_y[1445]                                  0.001  0.003   0.000    0.005      0.000    0.000    4837.0    8202.0   1.00
p_y[1446]                                  0.002  0.004   0.000    0.005      0.000    0.000    4774.0    8688.0   1.00
p_y[1447]                                  0.011  0.018   0.000    0.041      0.000    0.000    8183.0    9216.0   1.00
p_y[1448]                                  0.001  0.002   0.000    0.004      0.000    0.000    4696.0    7386.0   1.00
p_y[1449]                                  0.001  0.004   0.000    0.005      0.000    0.000    4901.0    8674.0   1.00
p_y[1450]                                  0.049  0.033   0.004    0.108      0.000    0.000    6863.0    8029.0   1.00
p_y[1451]                                  0.001  0.002   0.000    0.003      0.000    0.000    4181.0    6992.0   1.00
p_y[1452]                                  0.001  0.002   0.000    0.003      0.000    0.000    3937.0    6786.0   1.00
p_y[1453]                                  0.001  0.001   0.000    0.003      0.000    0.000    4310.0    6604.0   1.00
p_y[1454]                                  0.010  0.020   0.000    0.040      0.000    0.000    7664.0    8690.0   1.00
p_y[1455]                                  0.009  0.014   0.000    0.032      0.000    0.000    7587.0   10357.0   1.00
p_y[1456]                                  0.002  0.004   0.000    0.007      0.000    0.000    5462.0    7335.0   1.00
p_y[1457]                                  0.001  0.003   0.000    0.005      0.000    0.000    5042.0    7715.0   1.00
p_y[1458]                                  0.001  0.002   0.000    0.003      0.000    0.000    4820.0    7592.0   1.00
p_y[1459]                                  0.057  0.065   0.000    0.174      0.001    0.001    7497.0    8356.0   1.00
p_y[1460]                                  0.010  0.019   0.000    0.037      0.000    0.001    6903.0    7652.0   1.00
p_y[1461]                                  0.001  0.002   0.000    0.003      0.000    0.000    5480.0    7624.0   1.00
p_y[1462]                                  0.006  0.008   0.000    0.019      0.000    0.000    6518.0    9117.0   1.00
p_y[1463]                                  0.001  0.001   0.000    0.002      0.000    0.000    4319.0    7700.0   1.00
p_y[1464]                                  0.008  0.010   0.000    0.025      0.000    0.000    6504.0    7298.0   1.00
p_y[1465]                                  0.001  0.001   0.000    0.002      0.000    0.000    5329.0    6449.0   1.00
p_y[1466]                                  0.001  0.001   0.000    0.002      0.000    0.000    4620.0    7391.0   1.00
p_y[1467]                                  0.002  0.003   0.000    0.007      0.000    0.000    6311.0    8754.0   1.00
p_y[1468]                                  0.001  0.003   0.000    0.004      0.000    0.000    4907.0    6571.0   1.00
p_y[1469]                                  0.001  0.002   0.000    0.003      0.000    0.000    4012.0    6945.0   1.00
p_y[1470]                                  0.008  0.012   0.000    0.027      0.000    0.000    7457.0    8711.0   1.00
p_y[1471]                                  0.179  0.068   0.059    0.305      0.001    0.001    5529.0    6844.0   1.00
p_y[1472]                                  0.001  0.002   0.000    0.003      0.000    0.000    3865.0    6576.0   1.00
p_y[1473]                                  0.001  0.002   0.000    0.002      0.000    0.000    4110.0    6929.0   1.00
p_y[1474]                                  0.001  0.002   0.000    0.003      0.000    0.000    5193.0    6716.0   1.00
p_y[1475]                                  0.001  0.002   0.000    0.002      0.000    0.000    4659.0    6491.0   1.00
p_y[1476]                                  0.049  0.053   0.000    0.141      0.001    0.001    6639.0    8648.0   1.00
p_y[1477]                                  0.001  0.002   0.000    0.002      0.000    0.000    4358.0    6537.0   1.00
p_y[1478]                                  0.001  0.002   0.000    0.002      0.000    0.000    4168.0    7474.0   1.00
p_y[1479]                                  0.008  0.010   0.000    0.025      0.000    0.000    6299.0    8426.0   1.00
p_y[1480]                                  0.007  0.012   0.000    0.024      0.000    0.000    6050.0    9139.0   1.00
p_y[1481]                                  0.002  0.003   0.000    0.005      0.000    0.000    5840.0    8125.0   1.00
p_y[1482]                                  0.003  0.005   0.000    0.011      0.000    0.000    6034.0    8254.0   1.00
p_y[1483]                                  0.001  0.003   0.000    0.004      0.000    0.000    5513.0    6187.0   1.00
p_y[1484]                                  0.014  0.017   0.000    0.045      0.000    0.000    6486.0    6884.0   1.00
p_y[1485]                                  0.003  0.004   0.000    0.009      0.000    0.000    5585.0    6789.0   1.00
p_y[1486]                                  0.004  0.007   0.000    0.014      0.000    0.000    5897.0    7561.0   1.00
p_y[1487]                                  0.001  0.001   0.000    0.003      0.000    0.000    3746.0    6009.0   1.00
p_y[1488]                                  0.015  0.018   0.000    0.045      0.000    0.000    7052.0    8495.0   1.00
p_y[1489]                                  0.002  0.004   0.000    0.007      0.000    0.000    4107.0    5087.0   1.00
p_y[1490]                                  0.005  0.007   0.000    0.015      0.000    0.000    6554.0    8116.0   1.00
p_y[1491]                                  0.001  0.003   0.000    0.004      0.000    0.000    3751.0    6434.0   1.00
p_y[1492]                                  0.041  0.033   0.001    0.101      0.000    0.000    6613.0    7542.0   1.00
p_y[1493]                                  0.001  0.002   0.000    0.003      0.000    0.000    4487.0    7854.0   1.00
p_y[1494]                                  0.012  0.015   0.000    0.036      0.000    0.000    7175.0    9427.0   1.00
p_y[1495]                                  0.001  0.003   0.000    0.004      0.000    0.000    5557.0    8218.0   1.00
p_y[1496]                                  0.009  0.016   0.000    0.033      0.000    0.001    6556.0    6910.0   1.00
p_y[1497]                                  0.001  0.003   0.000    0.005      0.000    0.000    4668.0    6195.0   1.00
p_y[1498]                                  0.006  0.009   0.000    0.020      0.000    0.000    6114.0    9018.0   1.00
p_y[1499]                                  0.001  0.003   0.000    0.005      0.000    0.000    4946.0    7814.0   1.00
p_y[1500]                                  0.003  0.006   0.000    0.012      0.000    0.000    6318.0    8809.0   1.00
p_y[1501]                                  0.002  0.004   0.000    0.006      0.000    0.000    5222.0    6387.0   1.00
p_y[1502]                                  0.003  0.007   0.000    0.014      0.000    0.000    6239.0    6033.0   1.00
p_y[1503]                                  0.002  0.004   0.000    0.007      0.000    0.000    3618.0    5502.0   1.00
p_y[1504]                                  0.003  0.006   0.000    0.011      0.000    0.000    5785.0    8089.0   1.00
p_y[1505]                                  0.003  0.007   0.000    0.012      0.000    0.000    5827.0    5776.0   1.00
p_y[1506]                                  0.026  0.028   0.000    0.076      0.000    0.000    3428.0    2837.0   1.00
p_y[1507]                                  0.002  0.005   0.000    0.008      0.000    0.000    5417.0    6635.0   1.00
p_y[1508]                                  0.002  0.005   0.000    0.008      0.000    0.000    3822.0    5764.0   1.00
p_y[1509]                                  0.002  0.003   0.000    0.006      0.000    0.000    4522.0    3126.0   1.00
p_y[1510]                                  0.001  0.003   0.000    0.005      0.000    0.000    4285.0    7018.0   1.00
p_y[1511]                                  0.001  0.002   0.000    0.004      0.000    0.000    5121.0    7045.0   1.00
p_y[1512]                                  0.006  0.009   0.000    0.020      0.000    0.000    5107.0    6239.0   1.00
p_y[1513]                                  0.001  0.002   0.000    0.003      0.000    0.000    5149.0    8192.0   1.00
p_y[1514]                                  0.004  0.006   0.000    0.012      0.000    0.000    6783.0    8453.0   1.00
p_y[1515]                                  0.001  0.002   0.000    0.003      0.000    0.000    5983.0    8304.0   1.00
p_y[1516]                                  0.004  0.006   0.000    0.013      0.000    0.000    7003.0    8268.0   1.00
p_y[1517]                                  0.001  0.002   0.000    0.003      0.000    0.000    5719.0    7989.0   1.00
p_y[1518]                                  0.025  0.022   0.000    0.065      0.000    0.000    6965.0    7644.0   1.00
p_y[1519]                                  0.001  0.002   0.000    0.003      0.000    0.000    4896.0    6851.0   1.00
p_y[1520]                                  0.012  0.014   0.000    0.036      0.000    0.000    6556.0    7866.0   1.00
p_y[1521]                                  0.001  0.002   0.000    0.003      0.000    0.000    4148.0    6757.0   1.00
p_y[1522]                                  0.004  0.007   0.000    0.014      0.000    0.000    5906.0    7695.0   1.00
p_y[1523]                                  0.004  0.007   0.000    0.014      0.000    0.000    3592.0    4823.0   1.00
p_y[1524]                                  0.005  0.008   0.000    0.016      0.000    0.000    5869.0    6918.0   1.00
p_y[1525]                                  0.002  0.005   0.000    0.009      0.000    0.000    4138.0    5359.0   1.00
p_y[1526]                                  0.004  0.007   0.000    0.015      0.000    0.000    5573.0    7159.0   1.00
p_y[1527]                                  0.002  0.004   0.000    0.006      0.000    0.000    4223.0    6176.0   1.00
p_y[1528]                                  0.013  0.019   0.000    0.045      0.000    0.000    5981.0    6847.0   1.00
p_y[1529]                                  0.001  0.002   0.000    0.004      0.000    0.000    4152.0    6212.0   1.00
p_y[1530]                                  0.021  0.020   0.000    0.056      0.000    0.000    6287.0    6557.0   1.00
p_y[1531]                                  0.001  0.004   0.000    0.005      0.000    0.000    3953.0    5166.0   1.00
p_y[1532]                                  0.004  0.006   0.000    0.014      0.000    0.000    6650.0    9333.0   1.00
p_y[1533]                                  0.001  0.002   0.000    0.004      0.000    0.000    4710.0    6872.0   1.00
p_y[1534]                                  0.006  0.009   0.000    0.019      0.000    0.000    7984.0    7832.0   1.00
p_y[1535]                                  0.001  0.002   0.000    0.004      0.000    0.000    5701.0    7693.0   1.00
p_y[1536]                                  0.005  0.008   0.000    0.017      0.000    0.000    7135.0    8542.0   1.00
p_y[1537]                                  0.001  0.003   0.000    0.005      0.000    0.000    5526.0    8041.0   1.00
p_y[1538]                                  0.012  0.013   0.000    0.035      0.000    0.000    7179.0    8840.0   1.00
p_y[1539]                                  0.001  0.002   0.000    0.003      0.000    0.000    6193.0    6840.0   1.00
p_y[1540]                                  0.027  0.024   0.000    0.070      0.000    0.000    6234.0    6511.0   1.00
p_y[1541]                                  0.005  0.007   0.000    0.016      0.000    0.000    7128.0    7317.0   1.00
p_y[1542]                                  0.001  0.002   0.000    0.003      0.000    0.000    5635.0    8403.0   1.00
p_y[1543]                                  0.021  0.021   0.000    0.057      0.000    0.000    6342.0    7166.0   1.00
p_y[1544]                                  0.004  0.006   0.000    0.013      0.000    0.000    7389.0    9237.0   1.00
p_y[1545]                                  0.012  0.014   0.000    0.035      0.000    0.000    6722.0    7448.0   1.00
p_y[1546]                                  0.003  0.005   0.000    0.011      0.000    0.000    6541.0    8461.0   1.00
p_y[1547]                                  0.003  0.005   0.000    0.010      0.000    0.000    6403.0    8155.0   1.00
p_y[1548]                                  0.004  0.006   0.000    0.014      0.000    0.000    7449.0    8214.0   1.00
p_y[1549]                                  0.009  0.014   0.000    0.032      0.000    0.000    6018.0    6797.0   1.00
p_y[1550]                                  0.006  0.012   0.000    0.022      0.000    0.000    5654.0   10331.0   1.00
p_y[1551]                                  0.003  0.008   0.000    0.013      0.000    0.000    5564.0    8018.0   1.00
p_y[1552]                                  0.003  0.007   0.000    0.011      0.000    0.000    5488.0    6877.0   1.00
p_y[1553]                                  0.003  0.004   0.000    0.009      0.000    0.000    5900.0    8192.0   1.00
p_y[1554]                                  0.003  0.004   0.000    0.008      0.000    0.000    6335.0    8365.0   1.00
p_y[1555]                                  0.002  0.002   0.000    0.005      0.000    0.000    6842.0    8081.0   1.00
p_y[1556]                                  0.004  0.005   0.000    0.012      0.000    0.000    6662.0    8167.0   1.00
p_y[1557]                                  0.003  0.005   0.000    0.011      0.000    0.000    6916.0    9545.0   1.00
p_y[1558]                                  0.005  0.005   0.000    0.014      0.000    0.000    6928.0    8226.0   1.00
p_y[1559]                                  0.003  0.004   0.000    0.009      0.000    0.000    6569.0    6033.0   1.00
p_y[1560]                                  0.001  0.001   0.000    0.003      0.000    0.000    4991.0    6653.0   1.00
p_y[1561]                                  0.036  0.022   0.004    0.076      0.000    0.000    5859.0    6828.0   1.00
p_y[1562]                                  0.005  0.007   0.000    0.017      0.000    0.000    7084.0    8124.0   1.00
p_y[1563]                                  0.003  0.005   0.000    0.009      0.000    0.000    6621.0    9280.0   1.00
p_y[1564]                                  0.004  0.005   0.000    0.013      0.000    0.000    6930.0    7793.0   1.00
p_y[1565]                                  0.023  0.020   0.001    0.060      0.000    0.000    6106.0    7254.0   1.00
p_y[1566]                                  0.004  0.004   0.000    0.011      0.000    0.000    5965.0    7228.0   1.00
p_y[1567]                                  0.002  0.006   0.000    0.008      0.000    0.000    5968.0    7236.0   1.00
p_y[1568]                                  0.002  0.003   0.000    0.007      0.000    0.000    6543.0    7682.0   1.00
p_y[1569]                                  0.006  0.006   0.000    0.018      0.000    0.000    6203.0    8651.0   1.00
p_y[1570]                                  0.001  0.002   0.000    0.005      0.000    0.000    5500.0    6755.0   1.00
p_y[1571]                                  0.007  0.008   0.000    0.021      0.000    0.000    6978.0    8801.0   1.00
p_y[1572]                                  0.002  0.003   0.000    0.006      0.000    0.000    6425.0    7222.0   1.00
p_y[1573]                                  0.006  0.008   0.000    0.021      0.000    0.000    6535.0    6084.0   1.00
p_y[1574]                                  0.018  0.034   0.000    0.066      0.000    0.001    7317.0    8830.0   1.00
p_y[1575]                                  0.002  0.003   0.000    0.006      0.000    0.000    6527.0    7940.0   1.00
p_y[1576]                                  0.017  0.013   0.000    0.040      0.000    0.000    6542.0    7292.0   1.00
p_y[1577]                                  0.003  0.004   0.000    0.009      0.000    0.000    6481.0    8604.0   1.00
p_y[1578]                                  0.004  0.006   0.000    0.012      0.000    0.000    6341.0    8184.0   1.00
p_y[1579]                                  0.014  0.019   0.000    0.045      0.000    0.000    6710.0    7317.0   1.00
p_y[1580]                                  0.009  0.014   0.000    0.032      0.000    0.000    6519.0    8600.0   1.00
p_y[1581]                                  0.022  0.020   0.000    0.059      0.000    0.000    7302.0    7501.0   1.00
p_y[1582]                                  0.003  0.006   0.000    0.011      0.000    0.000    6288.0    7971.0   1.00
p_y[1583]                                  0.004  0.006   0.000    0.013      0.000    0.000    6390.0    7658.0   1.00
p_y[1584]                                  0.004  0.005   0.000    0.013      0.000    0.000    7009.0    7502.0   1.00
p_y[1585]                                  0.007  0.006   0.000    0.017      0.000    0.000    6451.0    7272.0   1.00
p_y[1586]                                  0.003  0.005   0.000    0.011      0.000    0.000    5885.0    7591.0   1.00
p_y[1587]                                  0.003  0.004   0.000    0.010      0.000    0.000    5759.0    7857.0   1.00
p_y[1588]                                  0.005  0.008   0.000    0.016      0.000    0.000    5068.0    6534.0   1.00
p_y[1589]                                  0.051  0.031   0.005    0.106      0.000    0.000    6543.0    8170.0   1.00
p_y[1590]                                  0.003  0.004   0.000    0.010      0.000    0.000    6212.0    7222.0   1.00
p_y[1591]                                  0.019  0.011   0.002    0.040      0.000    0.000    6726.0    7697.0   1.00
p_y[1592]                                  0.009  0.010   0.000    0.026      0.000    0.000    7952.0    8409.0   1.00
p_y[1593]                                  0.002  0.003   0.000    0.007      0.000    0.000    6326.0    9328.0   1.00
p_y[1594]                                  0.002  0.003   0.000    0.007      0.000    0.000    7226.0    9952.0   1.00
p_y[1595]                                  0.004  0.006   0.000    0.014      0.000    0.000    6177.0    5957.0   1.00
p_y[1596]                                  0.007  0.007   0.000    0.019      0.000    0.000    6400.0    7506.0   1.00
p_y[1597]                                  0.003  0.006   0.000    0.012      0.000    0.000    5759.0    9027.0   1.00
p_y[1598]                                  0.004  0.006   0.000    0.013      0.000    0.000    6975.0    8972.0   1.00
p_y[1599]                                  0.003  0.006   0.000    0.011      0.000    0.000    7267.0    9290.0   1.00
p_y[1600]                                  0.007  0.011   0.000    0.023      0.000    0.000    6663.0    8249.0   1.00
p_y[1601]                                  0.006  0.010   0.000    0.022      0.000    0.000    5951.0    6591.0   1.00
p_y[1602]                                  0.003  0.007   0.000    0.012      0.000    0.000    5949.0    8862.0   1.00
p_y[1603]                                  0.003  0.004   0.000    0.010      0.000    0.000    6576.0    8498.0   1.00
p_y[1604]                                  0.003  0.006   0.000    0.012      0.000    0.000    6036.0    8691.0   1.00
p_y[1605]                                  0.003  0.005   0.000    0.010      0.000    0.000    6375.0    9219.0   1.00
p_y[1606]                                  0.005  0.005   0.000    0.014      0.000    0.000    5573.0    5507.0   1.00
p_y[1607]                                  0.002  0.004   0.000    0.008      0.000    0.000    6123.0    7952.0   1.00
p_y[1608]                                  0.004  0.008   0.000    0.015      0.000    0.000    6887.0    8845.0   1.00
p_y[1609]                                  0.002  0.004   0.000    0.007      0.000    0.000    5678.0    8209.0   1.00
p_y[1610]                                  0.002  0.003   0.000    0.005      0.000    0.000    4882.0    7769.0   1.00
p_y[1611]                                  0.002  0.005   0.000    0.009      0.000    0.000    7057.0    9566.0   1.00
p_y[1612]                                  0.002  0.004   0.000    0.007      0.000    0.000    5036.0    6876.0   1.00
p_y[1613]                                  0.001  0.002   0.000    0.004      0.000    0.000    6828.0    6520.0   1.00
p_y[1614]                                  0.001  0.003   0.000    0.005      0.000    0.000    5125.0    6876.0   1.00
p_y[1615]                                  0.001  0.003   0.000    0.005      0.000    0.000    5312.0    7537.0   1.00
p_y[1616]                                  0.003  0.005   0.000    0.010      0.000    0.000    7316.0    7566.0   1.00
p_y[1617]                                  0.002  0.003   0.000    0.005      0.000    0.000    5040.0    7266.0   1.00
p_y[1618]                                  0.002  0.003   0.000    0.006      0.000    0.000    6558.0    8444.0   1.00
p_y[1619]                                  0.002  0.004   0.000    0.006      0.000    0.000    4499.0    5368.0   1.00
p_y[1620]                                  0.001  0.002   0.000    0.004      0.000    0.000    4765.0    6413.0   1.00
p_y[1621]                                  0.001  0.003   0.000    0.005      0.000    0.000    4886.0    7381.0   1.00
p_y[1622]                                  0.003  0.005   0.000    0.010      0.000    0.000    7022.0    7507.0   1.00
p_y[1623]                                  0.002  0.004   0.000    0.006      0.000    0.000    4043.0    7033.0   1.00
p_y[1624]                                  0.002  0.006   0.000    0.008      0.000    0.000    4394.0    6284.0   1.00
p_y[1625]                                  0.003  0.007   0.000    0.010      0.000    0.001    4396.0    6310.0   1.00
p_y[1626]                                  0.009  0.010   0.000    0.026      0.000    0.000    7175.0    7016.0   1.00
p_y[1627]                                  0.001  0.003   0.000    0.005      0.000    0.000    4188.0    5689.0   1.00
p_y[1628]                                  0.003  0.004   0.000    0.009      0.000    0.000    6952.0    8286.0   1.00
p_y[1629]                                  0.002  0.007   0.000    0.009      0.000    0.000    4213.0    6912.0   1.00
p_y[1630]                                  0.004  0.005   0.000    0.012      0.000    0.000    7028.0    7201.0   1.00
p_y[1631]                                  0.002  0.004   0.000    0.006      0.000    0.000    5031.0    7263.0   1.00
p_y[1632]                                  0.003  0.004   0.000    0.010      0.000    0.000    6139.0    9119.0   1.00
p_y[1633]                                  0.001  0.004   0.000    0.005      0.000    0.000    5281.0    8060.0   1.00
p_y[1634]                                  0.001  0.002   0.000    0.004      0.000    0.000    5225.0    8122.0   1.00
p_y[1635]                                  0.002  0.004   0.000    0.006      0.000    0.000    4034.0    5066.0   1.00
p_y[1636]                                  0.005  0.009   0.000    0.018      0.000    0.000    4552.0    7375.0   1.00
p_y[1637]                                  0.002  0.003   0.000    0.007      0.000    0.000    4798.0    7778.0   1.00
p_y[1638]                                  0.002  0.004   0.000    0.006      0.000    0.000    5010.0    6983.0   1.00
p_y[1639]                                  0.002  0.004   0.000    0.007      0.000    0.000    6591.0    8711.0   1.00
p_y[1640]                                  0.023  0.019   0.000    0.057      0.000    0.000    4928.0    3136.0   1.00
p_y[1641]                                  0.005  0.008   0.000    0.018      0.000    0.000    6008.0    3913.0   1.00
p_y[1642]                                  0.002  0.004   0.000    0.006      0.000    0.000    5416.0    7898.0   1.00
p_y[1643]                                  0.002  0.004   0.000    0.008      0.000    0.000    6328.0    7184.0   1.00
p_y[1644]                                  0.001  0.002   0.000    0.004      0.000    0.000    5744.0    9080.0   1.00
p_y[1645]                                  0.003  0.005   0.000    0.010      0.000    0.000    7431.0    8959.0   1.00
p_y[1646]                                  0.001  0.003   0.000    0.005      0.000    0.000    4918.0    7417.0   1.00
p_y[1647]                                  0.001  0.003   0.000    0.005      0.000    0.000    4948.0    6734.0   1.00
p_y[1648]                                  0.002  0.006   0.000    0.007      0.000    0.000    6002.0    9804.0   1.00
p_y[1649]                                  0.002  0.005   0.000    0.008      0.000    0.000    4567.0    7570.0   1.00
p_y[1650]                                  0.002  0.006   0.000    0.009      0.000    0.000    4400.0    7175.0   1.00
p_y[1651]                                  0.001  0.003   0.000    0.005      0.000    0.000    5045.0    7867.0   1.00
p_y[1652]                                  0.002  0.004   0.000    0.007      0.000    0.000    5024.0    5650.0   1.00
p_y[1653]                                  0.005  0.005   0.000    0.014      0.000    0.000    5820.0    6602.0   1.00
p_y[1654]                                  0.006  0.011   0.000    0.021      0.000    0.000    5085.0    6663.0   1.00
p_y[1655]                                  0.004  0.006   0.000    0.014      0.000    0.000    6515.0    7563.0   1.00
p_y[1656]                                  0.003  0.005   0.000    0.010      0.000    0.000    5651.0    7781.0   1.00
p_y[1657]                                  0.007  0.018   0.000    0.029      0.000    0.001    6403.0    8932.0   1.00
p_y[1658]                                  0.008  0.023   0.000    0.032      0.000    0.001    5680.0    7170.0   1.00
p_y[1659]                                  0.007  0.017   0.000    0.026      0.000    0.001    5168.0    8200.0   1.00
p_y[1660]                                  0.002  0.003   0.000    0.006      0.000    0.000    4765.0    6652.0   1.00
p_y[1661]                                  0.003  0.010   0.000    0.011      0.000    0.000    4301.0    7588.0   1.00
p_y[1662]                                  0.004  0.014   0.000    0.015      0.000    0.001    4947.0    7706.0   1.00
p_y[1663]                                  0.002  0.007   0.000    0.008      0.000    0.000    3970.0    6807.0   1.00
p_y[1664]                                  0.004  0.010   0.000    0.013      0.000    0.000    4181.0    5465.0   1.00
p_y[1665]                                  0.006  0.008   0.000    0.019      0.000    0.000    4771.0    6179.0   1.00
p_y[1666]                                  0.003  0.005   0.000    0.010      0.000    0.000    5651.0    7597.0   1.00
p_y[1667]                                  0.003  0.008   0.000    0.012      0.000    0.000    5426.0    6893.0   1.00
p_y[1668]                                  0.004  0.008   0.000    0.015      0.000    0.000    4854.0    6848.0   1.00
p_y[1669]                                  0.005  0.008   0.000    0.018      0.000    0.000    4652.0    6994.0   1.00
p_y[1670]                                  0.002  0.004   0.000    0.007      0.000    0.000    3757.0    6453.0   1.00
p_y[1671]                                  0.003  0.006   0.000    0.010      0.000    0.000    4345.0    6184.0   1.00
p_y[1672]                                  0.003  0.008   0.000    0.011      0.000    0.000    4285.0    6514.0   1.00
p_y[1673]                                  0.003  0.009   0.000    0.012      0.000    0.001    5009.0    7025.0   1.00
p_y[1674]                                  0.004  0.012   0.000    0.012      0.000    0.001    4611.0    7004.0   1.00
p_y[1675]                                  0.003  0.005   0.000    0.009      0.000    0.000    3703.0    6491.0   1.00
p_y[1676]                                  0.002  0.006   0.000    0.009      0.000    0.000    3980.0    8391.0   1.00
p_y[1677]                                  0.003  0.006   0.000    0.011      0.000    0.000    5354.0    7390.0   1.00
p_y[1678]                                  0.002  0.004   0.000    0.008      0.000    0.000    4897.0    7055.0   1.00
p_y[1679]                                  0.003  0.010   0.000    0.013      0.000    0.000    5702.0    8128.0   1.00
p_y[1680]                                  0.003  0.007   0.000    0.011      0.000    0.000    4886.0    7471.0   1.00
p_y[1681]                                  0.003  0.007   0.000    0.010      0.000    0.000    4017.0    6672.0   1.00
p_y[1682]                                  0.005  0.013   0.000    0.018      0.000    0.001    3772.0    6862.0   1.00
p_y[1683]                                  0.005  0.016   0.000    0.019      0.000    0.001    4458.0    6243.0   1.00
p_y[1684]                                  0.004  0.010   0.000    0.016      0.000    0.000    4176.0    8178.0   1.00
p_y[1685]                                  0.004  0.009   0.000    0.015      0.000    0.000    4962.0    5941.0   1.00
p_y[1686]                                  0.016  0.020   0.000    0.052      0.000    0.000    5036.0    5618.0   1.00
p_y[1687]                                  0.007  0.011   0.000    0.027      0.000    0.000    3133.0    5326.0   1.00
p_y[1688]                                  0.007  0.029   0.000    0.028      0.000    0.002    5883.0    7529.0   1.00
p_y[1689]                                  0.004  0.011   0.000    0.014      0.000    0.001    3587.0    5755.0   1.00
p_y[1690]                                  0.260  0.346   0.000    0.973      0.004    0.002    7462.0    8796.0   1.00
p_y[1691]                                  0.003  0.005   0.000    0.009      0.000    0.000    5437.0    6605.0   1.00
p_y[1692]                                  0.003  0.005   0.000    0.009      0.000    0.000    5355.0    8014.0   1.00
p_y[1693]                                  0.002  0.004   0.000    0.007      0.000    0.000    5457.0    7096.0   1.00
p_y[1694]                                  0.002  0.003   0.000    0.006      0.000    0.000    5612.0    7838.0   1.00
p_y[1695]                                  0.003  0.007   0.000    0.009      0.000    0.000    5984.0    7831.0   1.00
p_y[1696]                                  0.002  0.004   0.000    0.008      0.000    0.000    4493.0    5597.0   1.00
p_y[1697]                                  0.002  0.004   0.000    0.008      0.000    0.000    6249.0    7313.0   1.00
p_y[1698]                                  0.004  0.009   0.000    0.015      0.000    0.000    6310.0    8942.0   1.00
p_y[1699]                                  0.003  0.004   0.000    0.009      0.000    0.000    5060.0    7003.0   1.00
p_y[1700]                                  0.019  0.016   0.000    0.047      0.000    0.000    6182.0    5925.0   1.00
p_y[1701]                                  0.003  0.005   0.000    0.010      0.000    0.000    5868.0    8283.0   1.00
p_y[1702]                                  0.003  0.007   0.000    0.013      0.000    0.000    5728.0   10121.0   1.00
p_y[1703]                                  0.005  0.010   0.000    0.017      0.000    0.000    7335.0    8332.0   1.00
p_y[1704]                                  0.003  0.004   0.000    0.009      0.000    0.000    5657.0    6598.0   1.00
p_y[1705]                                  0.003  0.006   0.000    0.011      0.000    0.000    4642.0    7856.0   1.00
p_y[1706]                                  0.002  0.005   0.000    0.009      0.000    0.000    6127.0    6956.0   1.00
p_y[1707]                                  0.002  0.005   0.000    0.008      0.000    0.000    6168.0    8383.0   1.00
p_y[1708]                                  0.003  0.006   0.000    0.010      0.000    0.000    5988.0    9245.0   1.00
p_y[1709]                                  0.007  0.013   0.000    0.026      0.000    0.000    4922.0    6797.0   1.00
p_y[1710]                                  0.002  0.004   0.000    0.008      0.000    0.000    5431.0    8203.0   1.00
p_y[1711]                                  0.002  0.005   0.000    0.008      0.000    0.000    6245.0    7275.0   1.00
p_y[1712]                                  0.002  0.004   0.000    0.008      0.000    0.000    5329.0    8579.0   1.00
p_y[1713]                                  0.005  0.007   0.000    0.017      0.000    0.000    6144.0    8083.0   1.00
p_y[1714]                                  0.088  0.092   0.000    0.254      0.001    0.001    5951.0    4548.0   1.00
p_y[1715]                                  0.004  0.005   0.000    0.013      0.000    0.000    5232.0    8001.0   1.00
p_y[1716]                                  0.003  0.004   0.000    0.009      0.000    0.000    4852.0    6796.0   1.00
p_y[1717]                                  0.004  0.006   0.000    0.014      0.000    0.000    5147.0    6694.0   1.00
p_y[1718]                                  0.002  0.003   0.000    0.006      0.000    0.000    4397.0    7607.0   1.00
p_y[1719]                                  0.002  0.004   0.000    0.006      0.000    0.000    5009.0    7356.0   1.00
p_y[1720]                                  0.002  0.007   0.000    0.009      0.000    0.000    5757.0    8059.0   1.00
p_y[1721]                                  0.002  0.004   0.000    0.006      0.000    0.000    4473.0    8367.0   1.00
p_y[1722]                                  0.002  0.004   0.000    0.007      0.000    0.000    5018.0    6781.0   1.00
p_y[1723]                                  0.002  0.005   0.000    0.008      0.000    0.000    4581.0    6647.0   1.00
p_y[1724]                                  0.002  0.005   0.000    0.007      0.000    0.000    4745.0    6764.0   1.00
p_y[1725]                                  0.002  0.003   0.000    0.006      0.000    0.000    4235.0    6678.0   1.00
p_y[1726]                                  0.002  0.006   0.000    0.008      0.000    0.000    4450.0    6961.0   1.00
p_y[1727]                                  0.003  0.006   0.000    0.009      0.000    0.000    5153.0    6351.0   1.00
p_y[1728]                                  0.002  0.003   0.000    0.006      0.000    0.000    5422.0    7844.0   1.00
p_y[1729]                                  0.002  0.005   0.000    0.009      0.000    0.000    6020.0    8926.0   1.00
p_y[1730]                                  0.002  0.003   0.000    0.006      0.000    0.000    5622.0    7427.0   1.00
p_y[1731]                                  0.002  0.003   0.000    0.005      0.000    0.000    5642.0    7732.0   1.00
p_y[1732]                                  0.002  0.005   0.000    0.009      0.000    0.000    6277.0    8986.0   1.00
p_y[1733]                                  0.002  0.004   0.000    0.008      0.000    0.000    4633.0    5638.0   1.00
p_y[1734]                                  0.003  0.006   0.000    0.010      0.000    0.000    6944.0    8953.0   1.00
p_y[1735]                                  0.002  0.003   0.000    0.006      0.000    0.000    6144.0    7385.0   1.00
p_y[1736]                                  0.003  0.005   0.000    0.010      0.000    0.000    5643.0    8424.0   1.00
p_y[1737]                                  0.001  0.003   0.000    0.004      0.000    0.000    5430.0    9709.0   1.00
p_y[1738]                                  0.001  0.003   0.000    0.005      0.000    0.000    6151.0    8769.0   1.00
p_y[1739]                                  0.001  0.002   0.000    0.004      0.000    0.000    4297.0    7059.0   1.00
p_y[1740]                                  0.002  0.004   0.000    0.006      0.000    0.000    6466.0    8089.0   1.00
p_y[1741]                                  0.001  0.003   0.000    0.004      0.000    0.000    4227.0    4125.0   1.00
p_y[1742]                                  0.001  0.002   0.000    0.004      0.000    0.000    4588.0    5656.0   1.00
p_y[1743]                                  0.001  0.002   0.000    0.004      0.000    0.000    5340.0    7565.0   1.00
p_y[1744]                                  0.001  0.003   0.000    0.005      0.000    0.000    6326.0    8103.0   1.00
p_y[1745]                                  0.001  0.003   0.000    0.005      0.000    0.000    6209.0    7698.0   1.00
p_y[1746]                                  0.001  0.002   0.000    0.004      0.000    0.000    4263.0    2970.0   1.00
p_y[1747]                                  0.001  0.003   0.000    0.005      0.000    0.000    5268.0    7884.0   1.00
p_y[1748]                                  0.002  0.003   0.000    0.006      0.000    0.000    4873.0    7072.0   1.00
p_y[1749]                                  0.002  0.004   0.000    0.006      0.000    0.000    4675.0    7018.0   1.00
p_y[1750]                                  0.009  0.018   0.000    0.037      0.000    0.000    3722.0    6934.0   1.00
p_y[1751]                                  0.003  0.007   0.000    0.010      0.000    0.000    4359.0    7861.0   1.00
p_y[1752]                                  0.002  0.004   0.000    0.005      0.000    0.000    4319.0    6827.0   1.00
p_y[1753]                                  0.002  0.006   0.000    0.007      0.000    0.001    4754.0    6560.0   1.00
p_y[1754]                                  0.002  0.005   0.000    0.007      0.000    0.000    4242.0    7412.0   1.00
p_y[1755]                                  0.002  0.005   0.000    0.008      0.000    0.000    4989.0    7372.0   1.00
p_y[1756]                                  0.002  0.005   0.000    0.006      0.000    0.000    4601.0    7925.0   1.00
p_y[1757]                                  0.002  0.004   0.000    0.006      0.000    0.000    3783.0    7169.0   1.00
p_y[1758]                                  0.004  0.010   0.000    0.018      0.000    0.000    3365.0    7021.0   1.00
p_y[1759]                                  0.002  0.004   0.000    0.007      0.000    0.000    4280.0    7190.0   1.00
p_y[1760]                                  0.001  0.003   0.000    0.004      0.000    0.000    4128.0    4450.0   1.00
p_y[1761]                                  0.001  0.004   0.000    0.006      0.000    0.000    4274.0    7037.0   1.00
p_y[1762]                                  0.001  0.003   0.000    0.005      0.000    0.000    4345.0    6459.0   1.00
p_y[1763]                                  0.001  0.003   0.000    0.005      0.000    0.000    4267.0    6064.0   1.00
p_y[1764]                                  0.001  0.003   0.000    0.004      0.000    0.000    4640.0    5404.0   1.00
p_y[1765]                                  0.001  0.003   0.000    0.004      0.000    0.000    4637.0    7305.0   1.00
p_y[1766]                                  0.001  0.004   0.000    0.005      0.000    0.000    4618.0    6281.0   1.00
p_y[1767]                                  0.002  0.004   0.000    0.006      0.000    0.000    4551.0    7009.0   1.00
p_y[1768]                                  0.001  0.003   0.000    0.005      0.000    0.000    5675.0    7785.0   1.00
p_y[1769]                                  0.001  0.004   0.000    0.005      0.000    0.000    4630.0    8455.0   1.00
p_y[1770]                                  0.001  0.003   0.000    0.004      0.000    0.000    4225.0    7915.0   1.00
p_y[1771]                                  0.001  0.004   0.000    0.006      0.000    0.000    5032.0    5816.0   1.00
p_y[1772]                                  0.002  0.004   0.000    0.006      0.000    0.000    5242.0    7723.0   1.00
p_y[1773]                                  0.001  0.003   0.000    0.004      0.000    0.000    5261.0    9644.0   1.00
p_y[1774]                                  0.008  0.012   0.000    0.027      0.000    0.000    5713.0    8434.0   1.00
p_y[1775]                                  0.002  0.004   0.000    0.007      0.000    0.000    5681.0    6346.0   1.00
p_y[1776]                                  0.002  0.002   0.000    0.005      0.000    0.000    6187.0    9243.0   1.00
p_y[1777]                                  0.004  0.005   0.000    0.013      0.000    0.000    6046.0    6792.0   1.00
p_y[1778]                                  0.002  0.006   0.000    0.008      0.000    0.000    6130.0    8782.0   1.00
p_y[1779]                                  0.002  0.005   0.000    0.008      0.000    0.000    5938.0    8268.0   1.00
p_y[1780]                                  0.002  0.004   0.000    0.006      0.000    0.000    5456.0    9132.0   1.00
p_y[1781]                                  0.002  0.004   0.000    0.007      0.000    0.000    4734.0    7018.0   1.00
p_y[1782]                                  0.001  0.002   0.000    0.004      0.000    0.000    5173.0    6406.0   1.00
p_y[1783]                                  0.001  0.002   0.000    0.003      0.000    0.000    5126.0    9391.0   1.00
p_y[1784]                                  0.001  0.002   0.000    0.003      0.000    0.000    4797.0    7587.0   1.00
p_y[1785]                                  0.001  0.003   0.000    0.004      0.000    0.000    5360.0    7522.0   1.00
p_y[1786]                                  0.001  0.003   0.000    0.005      0.000    0.000    5609.0    6931.0   1.00
p_y[1787]                                  0.002  0.006   0.000    0.007      0.000    0.000    5828.0    7715.0   1.00
p_y[1788]                                  0.003  0.006   0.000    0.010      0.000    0.000    6347.0    9252.0   1.00
p_y[1789]                                  0.001  0.001   0.000    0.002      0.000    0.000    4787.0    7155.0   1.00
p_y[1790]                                  0.004  0.009   0.000    0.016      0.000    0.000    5969.0    9355.0   1.00
p_y[1791]                                  0.001  0.003   0.000    0.005      0.000    0.000    5080.0    7999.0   1.00
p_y[1792]                                  0.002  0.003   0.000    0.006      0.000    0.000    5041.0    7536.0   1.00
p_y[1793]                                  0.002  0.004   0.000    0.008      0.000    0.000    5733.0    9126.0   1.00
p_y[1794]                                  0.005  0.015   0.000    0.019      0.000    0.001    6435.0    9414.0   1.00
p_y[1795]                                  0.002  0.003   0.000    0.006      0.000    0.000    6168.0    9623.0   1.00
p_y[1796]                                  0.003  0.006   0.000    0.011      0.000    0.000    5156.0    7849.0   1.00
p_y[1797]                                  0.002  0.004   0.000    0.008      0.000    0.000    5558.0    8145.0   1.00
p_y[1798]                                  0.004  0.009   0.000    0.016      0.000    0.000    6218.0    8782.0   1.00
p_y[1799]                                  0.006  0.012   0.000    0.021      0.000    0.000    6779.0    7071.0   1.00
p_y[1800]                                  0.003  0.006   0.000    0.011      0.000    0.000    6009.0    7316.0   1.00
p_y[1801]                                  0.002  0.004   0.000    0.006      0.000    0.000    4507.0    6113.0   1.00
p_y[1802]                                  0.004  0.007   0.000    0.013      0.000    0.000    6145.0    7156.0   1.00
p_y[1803]                                  0.006  0.011   0.000    0.023      0.000    0.000    6456.0    7338.0   1.00
p_y[1804]                                  0.004  0.008   0.000    0.015      0.000    0.000    5452.0    8025.0   1.00
p_y[1805]                                  0.002  0.005   0.000    0.009      0.000    0.000    5213.0    6422.0   1.00
p_y[1806]                                  0.002  0.007   0.000    0.008      0.000    0.000    4085.0    6594.0   1.00
p_y[1807]                                  0.002  0.005   0.000    0.008      0.000    0.000    3998.0    7005.0   1.00
p_y[1808]                                  0.002  0.005   0.000    0.008      0.000    0.000    4288.0    6199.0   1.00
p_y[1809]                                  0.002  0.006   0.000    0.008      0.000    0.000    4281.0    6254.0   1.00
p_y[1810]                                  0.003  0.008   0.000    0.009      0.000    0.000    4368.0    7577.0   1.00
p_y[1811]                                  0.003  0.008   0.000    0.010      0.000    0.000    4143.0    6904.0   1.00
p_y[1812]                                  0.005  0.016   0.000    0.018      0.000    0.001    4543.0    7872.0   1.00
p_y[1813]                                  0.003  0.012   0.000    0.011      0.000    0.001    4021.0    6976.0   1.00
p_y[1814]                                  0.002  0.006   0.000    0.008      0.000    0.000    3986.0    6937.0   1.00
p_y[1815]                                  0.002  0.006   0.000    0.008      0.000    0.000    4010.0    6584.0   1.00
p_y[1816]                                  0.002  0.006   0.000    0.007      0.000    0.000    4051.0    5602.0   1.00
p_y[1817]                                  0.002  0.005   0.000    0.007      0.000    0.000    3386.0    6447.0   1.00
p_y[1818]                                  0.003  0.009   0.000    0.009      0.000    0.001    3787.0    5727.0   1.00
p_y[1819]                                  0.002  0.007   0.000    0.009      0.000    0.000    4152.0    6280.0   1.00
p_y[1820]                                  0.002  0.008   0.000    0.007      0.000    0.000    3421.0    5009.0   1.00
p_y[1821]                                  0.002  0.005   0.000    0.006      0.000    0.000    3069.0    4603.0   1.00
p_y[1822]                                  0.002  0.005   0.000    0.007      0.000    0.000    3190.0    4886.0   1.00
p_y[1823]                                  0.003  0.009   0.000    0.013      0.000    0.000    3929.0    6237.0   1.00
p_y[1824]                                  0.002  0.006   0.000    0.008      0.000    0.000    4022.0    6237.0   1.00
p_y[1825]                                  0.002  0.004   0.000    0.008      0.000    0.000    4116.0    7723.0   1.00
p_y[1826]                                  0.002  0.006   0.000    0.008      0.000    0.000    3804.0    5021.0   1.00
p_y[1827]                                  0.001  0.002   0.000    0.004      0.000    0.000    3840.0    5779.0   1.00
p_y[1828]                                  0.001  0.003   0.000    0.005      0.000    0.000    5547.0    6651.0   1.00
p_y[1829]                                  0.005  0.006   0.000    0.017      0.000    0.000    5912.0    6589.0   1.00
p_y[1830]                                  0.004  0.010   0.000    0.014      0.000    0.000    5825.0    7762.0   1.00
p_y[1831]                                  0.001  0.003   0.000    0.005      0.000    0.000    5629.0    7634.0   1.00
p_y[1832]                                  0.043  0.022   0.010    0.084      0.000    0.000    6342.0    6716.0   1.00
p_y[1833]                                  0.001  0.001   0.000    0.002      0.000    0.000    5010.0    7189.0   1.00
p_y[1834]                                  0.002  0.008   0.000    0.010      0.000    0.001    6313.0    9388.0   1.00
p_y[1835]                                  0.001  0.004   0.000    0.006      0.000    0.000    6367.0    8143.0   1.00
p_y[1836]                                  0.001  0.001   0.000    0.002      0.000    0.000    5547.0    8462.0   1.00
p_y[1837]                                  0.001  0.004   0.000    0.004      0.000    0.000    5190.0    7716.0   1.00
p_y[1838]                                  0.001  0.002   0.000    0.003      0.000    0.000    4756.0    7490.0   1.00
p_y[1839]                                  0.001  0.002   0.000    0.003      0.000    0.000    4415.0    7356.0   1.00
p_y[1840]                                  0.001  0.003   0.000    0.004      0.000    0.000    5654.0    6914.0   1.00
p_y[1841]                                  0.002  0.003   0.000    0.005      0.000    0.000    5698.0    7930.0   1.00
p_y[1842]                                  0.002  0.004   0.000    0.007      0.000    0.000    6278.0    7797.0   1.00
p_y[1843]                                  0.001  0.002   0.000    0.004      0.000    0.000    4898.0    7947.0   1.00
p_y[1844]                                  0.002  0.007   0.000    0.007      0.000    0.001    5404.0    8670.0   1.00
p_y[1845]                                  0.001  0.001   0.000    0.002      0.000    0.000    4429.0    6595.0   1.00
p_y[1846]                                  0.001  0.001   0.000    0.002      0.000    0.000    4155.0    6234.0   1.00
p_y[1847]                                  0.001  0.003   0.000    0.004      0.000    0.000    5327.0    8056.0   1.00
p_y[1848]                                  0.001  0.002   0.000    0.003      0.000    0.000    4544.0    7011.0   1.00
p_y[1849]                                  0.001  0.003   0.000    0.003      0.000    0.000    4683.0    8511.0   1.00
p_y[1850]                                  0.001  0.002   0.000    0.003      0.000    0.000    4530.0    7222.0   1.00
p_y[1851]                                  0.001  0.002   0.000    0.002      0.000    0.000    4644.0    6945.0   1.00
p_y[1852]                                  0.001  0.001   0.000    0.002      0.000    0.000    4784.0    6640.0   1.00
p_y[1853]                                  0.001  0.001   0.000    0.002      0.000    0.000    4686.0    5770.0   1.00
p_y[1854]                                  0.000  0.001   0.000    0.002      0.000    0.000    4375.0    7874.0   1.00
p_y[1855]                                  0.001  0.004   0.000    0.003      0.000    0.000    5191.0    8340.0   1.00
p_y[1856]                                  0.001  0.004   0.000    0.004      0.000    0.000    5675.0    8167.0   1.00
p_y[1857]                                  0.001  0.001   0.000    0.002      0.000    0.000    4476.0    7210.0   1.00
p_y[1858]                                  0.002  0.007   0.000    0.006      0.000    0.001    5741.0    8331.0   1.00
p_y[1859]                                  0.001  0.003   0.000    0.005      0.000    0.000    5816.0    8542.0   1.00
p_y[1860]                                  0.001  0.002   0.000    0.003      0.000    0.000    4598.0    6845.0   1.00
p_y[1861]                                  0.001  0.002   0.000    0.003      0.000    0.000    4731.0    7765.0   1.00
p_y[1862]                                  0.002  0.007   0.000    0.008      0.000    0.000    5577.0    8137.0   1.00
p_y[1863]                                  0.001  0.004   0.000    0.005      0.000    0.000    4686.0    7019.0   1.00
p_y[1864]                                  0.001  0.002   0.000    0.003      0.000    0.000    4674.0    7897.0   1.00
p_y[1865]                                  0.001  0.002   0.000    0.004      0.000    0.000    5258.0    7947.0   1.00
p_y[1866]                                  0.001  0.002   0.000    0.004      0.000    0.000    4769.0    8070.0   1.00
p_y[1867]                                  0.001  0.001   0.000    0.002      0.000    0.000    5019.0    6946.0   1.00
p_y[1868]                                  0.001  0.002   0.000    0.003      0.000    0.000    5189.0    7982.0   1.00
p_y[1869]                                  0.001  0.001   0.000    0.002      0.000    0.000    5439.0    7173.0   1.00
p_y[1870]                                  0.000  0.001   0.000    0.001      0.000    0.000    4307.0    6507.0   1.00
p_y[1871]                                  0.001  0.002   0.000    0.004      0.000    0.000    5594.0    6590.0   1.00
p_y[1872]                                  0.001  0.002   0.000    0.004      0.000    0.000    5474.0    7910.0   1.00
p_y[1873]                                  0.001  0.003   0.000    0.005      0.000    0.000    4804.0    6930.0   1.00
p_y[1874]                                  0.002  0.005   0.000    0.007      0.000    0.000    4984.0    7615.0   1.00
p_y[1875]                                  0.002  0.004   0.000    0.008      0.000    0.000    6081.0    7875.0   1.00
p_y[1876]                                  0.001  0.002   0.000    0.004      0.000    0.000    5772.0    8199.0   1.00
p_y[1877]                                  0.002  0.005   0.000    0.008      0.000    0.000    5389.0    6917.0   1.00
p_y[1878]                                  0.001  0.002   0.000    0.004      0.000    0.000    5372.0    7880.0   1.00
p_y[1879]                                  0.010  0.010   0.000    0.027      0.000    0.000    5830.0    4125.0   1.00
p_y[1880]                                  0.005  0.004   0.000    0.012      0.000    0.000    4558.0    6835.0   1.00
p_y[1881]                                  0.002  0.003   0.000    0.007      0.000    0.000    6511.0    7435.0   1.00
p_y[1882]                                  0.003  0.004   0.000    0.009      0.000    0.000    6153.0    7583.0   1.00
p_y[1883]                                  0.002  0.003   0.000    0.006      0.000    0.000    6395.0    7498.0   1.00
p_y[1884]                                  0.002  0.003   0.000    0.006      0.000    0.000    6313.0    8026.0   1.00
p_y[1885]                                  0.002  0.004   0.000    0.008      0.000    0.000    5315.0    7446.0   1.00
p_y[1886]                                  0.007  0.008   0.000    0.021      0.000    0.000    6598.0    7344.0   1.00
p_y[1887]                                  0.002  0.002   0.000    0.005      0.000    0.000    7556.0    8429.0   1.00
p_y[1888]                                  0.003  0.005   0.000    0.012      0.000    0.000    6846.0    8931.0   1.00
p_y[1889]                                  0.002  0.005   0.000    0.007      0.000    0.000    3518.0    3498.0   1.00
p_y[1890]                                  0.002  0.003   0.000    0.007      0.000    0.000    6112.0    8243.0   1.00
p_y[1891]                                  0.006  0.005   0.000    0.015      0.000    0.000    6509.0    7178.0   1.00
p_y[1892]                                  0.001  0.002   0.000    0.004      0.000    0.000    4256.0    5926.0   1.00
p_y[1893]                                  0.002  0.004   0.000    0.008      0.000    0.000    4704.0    7216.0   1.00
p_y[1894]                                  0.001  0.002   0.000    0.004      0.000    0.000    4913.0    5439.0   1.00
p_y[1895]                                  0.002  0.003   0.000    0.008      0.000    0.000    5813.0    7246.0   1.00
p_y[1896]                                  0.001  0.002   0.000    0.004      0.000    0.000    4608.0    5849.0   1.00
p_y[1897]                                  0.002  0.003   0.000    0.006      0.000    0.000    6045.0    7878.0   1.00
p_y[1898]                                  0.008  0.014   0.000    0.029      0.000    0.000    6823.0    9081.0   1.00
p_y[1899]                                  0.002  0.004   0.000    0.008      0.000    0.000    5069.0    7688.0   1.00
p_y[1900]                                  0.004  0.007   0.000    0.014      0.000    0.000    6965.0    9895.0   1.00
p_y[1901]                                  0.001  0.002   0.000    0.005      0.000    0.000    6298.0    8771.0   1.00
p_y[1902]                                  0.001  0.002   0.000    0.003      0.000    0.000    5124.0    8435.0   1.00
p_y[1903]                                  0.004  0.010   0.000    0.016      0.000    0.000    6806.0    7950.0   1.00
p_y[1904]                                  0.001  0.003   0.000    0.005      0.000    0.000    4857.0    5798.0   1.00
p_y[1905]                                  0.001  0.002   0.000    0.003      0.000    0.000    4735.0    6183.0   1.00
p_y[1906]                                  0.002  0.003   0.000    0.007      0.000    0.000    7434.0    7282.0   1.00
p_y[1907]                                  0.001  0.001   0.000    0.003      0.000    0.000    5976.0    9518.0   1.00
p_y[1908]                                  0.005  0.008   0.000    0.017      0.000    0.000    7490.0    8743.0   1.00
p_y[1909]                                  0.002  0.003   0.000    0.007      0.000    0.000    5631.0    8435.0   1.00
p_y[1910]                                  0.006  0.009   0.000    0.020      0.000    0.000    5851.0    5600.0   1.00
p_y[1911]                                  0.003  0.006   0.000    0.012      0.000    0.000    5556.0    3494.0   1.00
p_y[1912]                                  0.002  0.004   0.000    0.009      0.000    0.000    5084.0    7695.0   1.00
p_y[1913]                                  0.001  0.002   0.000    0.005      0.000    0.000    5288.0    7058.0   1.00
p_y[1914]                                  0.022  0.015   0.001    0.049      0.000    0.000    6448.0    7704.0   1.00
p_y[1915]                                  0.002  0.006   0.000    0.010      0.000    0.000    5111.0    7707.0   1.00
p_y[1916]                                  0.002  0.003   0.000    0.006      0.000    0.000    6347.0    8061.0   1.00
p_y[1917]                                  0.001  0.001   0.000    0.003      0.000    0.000    3803.0    7340.0   1.00
p_y[1918]                                  0.003  0.005   0.000    0.012      0.000    0.000    7331.0    7550.0   1.00
p_y[1919]                                  0.002  0.003   0.000    0.008      0.000    0.000    6922.0    8466.0   1.00
p_y[1920]                                  0.010  0.007   0.001    0.022      0.000    0.000    7400.0    8985.0   1.00
p_y[1921]                                  0.003  0.006   0.000    0.010      0.000    0.000    5554.0    7217.0   1.00
p_y[1922]                                  0.002  0.004   0.000    0.007      0.000    0.000    6021.0    8903.0   1.00
p_y[1923]                                  0.003  0.008   0.000    0.013      0.000    0.000    6116.0    8407.0   1.00
p_y[1924]                                  0.001  0.004   0.000    0.005      0.000    0.000    2804.0    4600.0   1.00
p_y[1925]                                  0.002  0.005   0.000    0.006      0.000    0.000    3504.0    5829.0   1.00
p_y[1926]                                  0.001  0.004   0.000    0.004      0.000    0.000    3132.0    5210.0   1.00
p_y[1927]                                  0.007  0.011   0.000    0.025      0.000    0.000    6430.0    8669.0   1.00
p_y[1928]                                  0.005  0.006   0.000    0.015      0.000    0.000    7167.0    6755.0   1.00
p_y[1929]                                  0.002  0.004   0.000    0.007      0.000    0.000    5573.0    7463.0   1.00
p_y[1930]                                  0.114  0.062   0.019    0.230      0.001    0.001    6242.0    7350.0   1.00
p_y[1931]                                  0.001  0.001   0.000    0.002      0.000    0.000    5918.0    8291.0   1.00
p_y[1932]                                  0.001  0.001   0.000    0.002      0.000    0.000    5788.0    8443.0   1.00
p_y[1933]                                  0.010  0.005   0.002    0.020      0.000    0.000    6004.0    8613.0   1.00
p_y[1934]                                  0.078  0.040   0.016    0.149      0.000    0.000    6593.0    8413.0   1.00
p_y[1935]                                  0.003  0.003   0.000    0.008      0.000    0.000    7421.0    8014.0   1.00
p_y[1936]                                  0.009  0.005   0.002    0.017      0.000    0.000    5849.0    7191.0   1.00
p_y[1937]                                  0.001  0.002   0.000    0.003      0.000    0.000    2625.0    4569.0   1.00
p_y[1938]                                  0.001  0.003   0.000    0.004      0.000    0.000    2941.0    5275.0   1.00
p_y[1939]                                  0.027  0.013   0.007    0.050      0.000    0.000    5051.0    6375.0   1.00
p_y[1940]                                  0.021  0.013   0.002    0.045      0.000    0.000    6353.0    6198.0   1.00
p_y[1941]                                  0.004  0.005   0.000    0.012      0.000    0.000    7128.0    8991.0   1.00
p_y[1942]                                  0.002  0.004   0.000    0.007      0.000    0.000    6182.0    7548.0   1.00
p_y[1943]                                  0.008  0.005   0.001    0.017      0.000    0.000    6564.0    7685.0   1.00
p_y[1944]                                  0.001  0.002   0.000    0.005      0.000    0.000    5082.0    7346.0   1.00
p_y[1945]                                  0.001  0.001   0.000    0.002      0.000    0.000    6556.0    7256.0   1.00
p_y[1946]                                  0.021  0.029   0.000    0.071      0.000    0.001    5388.0    6839.0   1.00
p_y[1947]                                  0.001  0.002   0.000    0.004      0.000    0.000    5997.0    6374.0   1.00
p_y[1948]                                  0.001  0.004   0.000    0.006      0.000    0.000    2958.0    3962.0   1.00
p_y[1949]                                  0.002  0.007   0.000    0.008      0.000    0.000    2528.0    3826.0   1.00
p_y[1950]                                  0.003  0.011   0.000    0.011      0.000    0.001    2907.0    4367.0   1.00
p_y[1951]                                  0.002  0.005   0.000    0.006      0.000    0.000    3384.0    5308.0   1.00
p_y[1952]                                  0.002  0.003   0.000    0.007      0.000    0.000    6173.0    8034.0   1.00
p_y[1953]                                  0.001  0.001   0.000    0.002      0.000    0.000    5782.0    8532.0   1.00
p_y[1954]                                  0.007  0.012   0.000    0.027      0.000    0.000    6854.0    7957.0   1.00
p_y[1955]                                  0.017  0.019   0.000    0.050      0.000    0.000    6954.0    6900.0   1.00
p_y[1956]                                  0.005  0.006   0.000    0.015      0.000    0.000    7271.0    9458.0   1.00
p_y[1957]                                  0.003  0.003   0.000    0.007      0.000    0.000    6594.0    7365.0   1.00
p_y[1958]                                  0.003  0.007   0.000    0.009      0.000    0.001    5024.0    7080.0   1.00
p_y[1959]                                  0.006  0.011   0.000    0.021      0.000    0.000    7449.0    9495.0   1.00
p_y[1960]                                  0.007  0.008   0.000    0.022      0.000    0.000    6857.0    7106.0   1.00
p_y[1961]                                  0.003  0.004   0.000    0.009      0.000    0.000    7197.0    7976.0   1.00
p_y[1962]                                  0.008  0.005   0.000    0.017      0.000    0.000    6414.0    6403.0   1.00
p_y[1963]                                  0.003  0.005   0.000    0.010      0.000    0.000    7975.0    8331.0   1.00
p_y[1964]                                  0.002  0.005   0.000    0.009      0.000    0.000    3369.0    5406.0   1.00
p_y[1965]                                  0.006  0.024   0.000    0.023      0.000    0.001    4732.0    6637.0   1.00
p_y[1966]                                  0.005  0.012   0.000    0.018      0.000    0.000    4318.0    6401.0   1.00
p_y[1967]                                  0.003  0.009   0.000    0.013      0.000    0.000    7297.0    6691.0   1.00
p_y[1968]                                  0.002  0.004   0.000    0.008      0.000    0.000    5320.0    7602.0   1.00
p_y[1969]                                  0.003  0.004   0.000    0.010      0.000    0.000    6911.0    7283.0   1.00
p_y[1970]                                  0.002  0.003   0.000    0.008      0.000    0.000    6266.0    6438.0   1.00
p_y[1971]                                  0.002  0.003   0.000    0.006      0.000    0.000    4497.0    7167.0   1.00
p_y[1972]                                  0.013  0.008   0.001    0.028      0.000    0.000    6476.0    7649.0   1.00
p_y[1973]                                  0.004  0.006   0.000    0.015      0.000    0.000    6179.0    8204.0   1.00
p_y[1974]                                  0.005  0.006   0.000    0.016      0.000    0.000    6543.0    7090.0   1.00
p_y[1975]                                  0.002  0.003   0.000    0.008      0.000    0.000    5818.0    6805.0   1.00
p_y[1976]                                  0.006  0.008   0.000    0.021      0.000    0.000    6780.0    6932.0   1.00
p_y[1977]                                  0.004  0.005   0.000    0.013      0.000    0.000    6273.0    8008.0   1.00
p_y[1978]                                  0.002  0.002   0.000    0.005      0.000    0.000    6768.0    8367.0   1.00
p_y[1979]                                  0.002  0.003   0.000    0.006      0.000    0.000    4887.0    6130.0   1.00
p_y[1980]                                  0.005  0.004   0.000    0.013      0.000    0.000    6801.0    8576.0   1.00
p_y[1981]                                  0.058  0.039   0.005    0.129      0.000    0.001    5854.0    8353.0   1.00
p_y[1982]                                  0.001  0.001   0.000    0.003      0.000    0.000    5511.0    6094.0   1.00
p_y[1983]                                  0.004  0.004   0.000    0.011      0.000    0.000    6853.0    6452.0   1.00
p_y[1984]                                  0.001  0.002   0.000    0.003      0.000    0.000    4081.0    6308.0   1.00
p_y[1985]                                  0.001  0.001   0.000    0.002      0.000    0.000    4024.0    5702.0   1.00
p_y[1986]                                  0.001  0.002   0.000    0.003      0.000    0.000    4437.0    7059.0   1.00
p_y[1987]                                  0.001  0.002   0.000    0.003      0.000    0.000    4760.0    6479.0   1.00
p_y[1988]                                  0.001  0.002   0.000    0.003      0.000    0.000    4054.0    5683.0   1.00
p_y[1989]                                  0.002  0.003   0.000    0.006      0.000    0.000    6544.0    7873.0   1.00
p_y[1990]                                  0.004  0.007   0.000    0.015      0.000    0.000    6128.0    6860.0   1.00
p_y[1991]                                  0.003  0.006   0.000    0.010      0.000    0.000    5742.0    9214.0   1.00
p_y[1992]                                  0.002  0.006   0.000    0.007      0.000    0.000    3307.0    5115.0   1.00
p_y[1993]                                  0.004  0.020   0.000    0.012      0.000    0.002    3461.0    6191.0   1.00
p_y[1994]                                  0.002  0.003   0.000    0.007      0.000    0.000    7431.0    9656.0   1.00
p_y[1995]                                  0.001  0.001   0.000    0.002      0.000    0.000    5724.0    8953.0   1.00
p_y[1996]                                  0.001  0.003   0.000    0.003      0.000    0.000    3059.0    6865.0   1.00
p_y[1997]                                  0.001  0.005   0.000    0.004      0.000    0.001    3706.0    7203.0   1.00
p_y[1998]                                  0.001  0.002   0.000    0.002      0.000    0.000    3331.0    5974.0   1.00
p_y[1999]                                  0.035  0.015   0.011    0.062      0.000    0.000    4616.0    6246.0   1.00
p_y[2000]                                  0.001  0.001   0.000    0.002      0.000    0.000    5385.0    7152.0   1.00
p_y[2001]                                  0.003  0.003   0.000    0.008      0.000    0.000    6227.0    6051.0   1.00
p_y[2002]                                  0.003  0.007   0.000    0.012      0.000    0.000    6454.0    9403.0   1.00
p_y[2003]                                  0.131  0.091   0.009    0.299      0.001    0.001    6566.0    7880.0   1.00
p_y[2004]                                  0.006  0.011   0.000    0.023      0.000    0.000    5613.0    4945.0   1.00
p_y[2005]                                  0.005  0.008   0.000    0.016      0.000    0.000    6821.0    8676.0   1.00
p_y[2006]                                  0.003  0.005   0.000    0.011      0.000    0.000    6731.0    6712.0   1.00
p_y[2007]                                  0.005  0.012   0.000    0.021      0.000    0.000    6759.0    9421.0   1.00
p_y[2008]                                  0.026  0.019   0.001    0.060      0.000    0.000    6598.0    7404.0   1.00
p_y[2009]                                  0.010  0.008   0.000    0.024      0.000    0.000    5436.0    4542.0   1.00
p_y[2010]                                  0.023  0.015   0.002    0.051      0.000    0.000    5481.0    6101.0   1.00
p_y[2011]                                  0.004  0.012   0.000    0.015      0.000    0.001    4858.0    8492.0   1.00
p_y[2012]                                  0.005  0.009   0.000    0.018      0.000    0.000    4616.0    6317.0   1.00
p_y[2013]                                  0.001  0.001   0.000    0.004      0.000    0.000    6499.0    9047.0   1.00
p_y[2014]                                  0.014  0.008   0.002    0.028      0.000    0.000    5413.0    6366.0   1.00
p_y[2015]                                  0.001  0.002   0.000    0.004      0.000    0.000    5993.0    7632.0   1.00
p_y[2016]                                  0.010  0.009   0.000    0.025      0.000    0.000    5172.0    3886.0   1.00
p_y[2017]                                  0.001  0.002   0.000    0.004      0.000    0.000    6327.0    7370.0   1.00
p_y[2018]                                  0.002  0.003   0.000    0.006      0.000    0.000    5116.0    6741.0   1.00
p_y[2019]                                  0.013  0.013   0.000    0.035      0.000    0.000    6627.0    6862.0   1.00
p_y[2020]                                  0.002  0.004   0.000    0.008      0.000    0.000    6126.0    7933.0   1.00
p_y[2021]                                  0.003  0.006   0.000    0.011      0.000    0.000    5979.0    7805.0   1.00
p_y[2022]                                  0.106  0.051   0.023    0.199      0.001    0.001    6732.0    9233.0   1.00
p_y[2023]                                  0.002  0.003   0.000    0.006      0.000    0.000    5457.0    7266.0   1.00
p_y[2024]                                  0.003  0.005   0.000    0.011      0.000    0.000    7658.0    9097.0   1.00
p_y[2025]                                  0.003  0.008   0.000    0.011      0.000    0.000    5849.0    7706.0   1.00
p_y[2026]                                  0.004  0.011   0.000    0.018      0.000    0.000    6528.0    6713.0   1.00
p_y[2027]                                  0.002  0.004   0.000    0.009      0.000    0.000    3738.0    4589.0   1.00
p_y[2028]                                  0.002  0.006   0.000    0.009      0.000    0.000    4892.0    6660.0   1.00
p_y[2029]                                  0.001  0.003   0.000    0.005      0.000    0.000    4350.0    5401.0   1.00
p_y[2030]                                  0.001  0.002   0.000    0.005      0.000    0.000    3257.0    3619.0   1.00
p_y[2031]                                  0.006  0.005   0.000    0.014      0.000    0.000    6127.0    7354.0   1.00
p_y[2032]                                  0.002  0.002   0.000    0.005      0.000    0.000    6854.0    8360.0   1.00
p_y[2033]                                  0.005  0.009   0.000    0.018      0.000    0.000    7846.0    9132.0   1.00
p_y[2034]                                  0.002  0.003   0.000    0.006      0.000    0.000    7298.0    9117.0   1.00
p_y[2035]                                  0.006  0.013   0.000    0.023      0.000    0.000    3750.0    5085.0   1.00
p_y[2036]                                  0.002  0.005   0.000    0.008      0.000    0.000    4663.0    6378.0   1.00
p_y[2037]                                  0.003  0.013   0.000    0.010      0.000    0.001    3152.0    5275.0   1.00
p_y[2038]                                  0.002  0.005   0.000    0.006      0.000    0.000    3087.0    6131.0   1.00
p_y[2039]                                  0.002  0.005   0.000    0.008      0.000    0.000    3596.0    6925.0   1.00
p_y[2040]                                  0.085  0.031   0.034    0.143      0.000    0.000    4570.0    7483.0   1.00
p_y[2041]                                  0.175  0.066   0.063    0.297      0.001    0.001    5205.0    6536.0   1.00
p_y[2042]                                  0.007  0.018   0.000    0.026      0.000    0.001    4947.0    3288.0   1.00
p_y[2043]                                  0.003  0.005   0.000    0.010      0.000    0.000    6294.0    8053.0   1.00
p_y[2044]                                  0.001  0.001   0.000    0.002      0.000    0.000    5440.0    6825.0   1.00
p_y[2045]                                  0.001  0.003   0.000    0.005      0.000    0.000    5367.0    7821.0   1.00
p_y[2046]                                  0.002  0.003   0.000    0.006      0.000    0.000    4375.0    8115.0   1.00
p_y[2047]                                  0.001  0.003   0.000    0.004      0.000    0.000    4806.0    6788.0   1.00
p_y[2048]                                  0.001  0.003   0.000    0.005      0.000    0.000    4668.0    7665.0   1.00
p_y[2049]                                  0.002  0.006   0.000    0.010      0.000    0.000    6162.0    6842.0   1.00
p_y[2050]                                  0.002  0.003   0.000    0.007      0.000    0.000    5790.0    8458.0   1.00
p_y[2051]                                  0.001  0.002   0.000    0.003      0.000    0.000    4887.0    7127.0   1.00
p_y[2052]                                  0.012  0.018   0.000    0.040      0.000    0.000    6752.0    7963.0   1.00
p_y[2053]                                  0.034  0.013   0.011    0.059      0.000    0.000    4327.0    7131.0   1.00
p_y[2054]                                  0.005  0.005   0.000    0.014      0.000    0.000    7385.0    9059.0   1.00
p_y[2055]                                  0.026  0.074   0.000    0.113      0.001    0.002    7443.0    7141.0   1.00
p_y[2056]                                  0.141  0.268   0.000    0.830      0.003    0.003    8930.0   11183.0   1.00
p_y[2057]                                  0.001  0.003   0.000    0.004      0.000    0.000    4920.0    8181.0   1.00
p_y[2058]                                  0.001  0.001   0.000    0.003      0.000    0.000    6260.0    8371.0   1.00
p_y[2059]                                  0.001  0.001   0.000    0.002      0.000    0.000    5602.0    6536.0   1.00
p_y[2060]                                  0.001  0.001   0.000    0.003      0.000    0.000    5680.0    6683.0   1.00
p_y[2061]                                  0.001  0.002   0.000    0.004      0.000    0.000    5315.0    7050.0   1.00
p_y[2062]                                  0.003  0.004   0.000    0.011      0.000    0.000    5797.0    8399.0   1.00
p_y[2063]                                  0.012  0.011   0.000    0.032      0.000    0.000    5129.0    3271.0   1.00
p_y[2064]                                  0.051  0.020   0.017    0.087      0.000    0.000    5088.0    5377.0   1.00
p_y[2065]                                  0.004  0.006   0.000    0.014      0.000    0.000    5964.0    7646.0   1.00
p_y[2066]                                  0.005  0.007   0.000    0.016      0.000    0.000    5720.0    6716.0   1.00
p_y[2067]                                  0.001  0.002   0.000    0.005      0.000    0.000    5676.0    7560.0   1.00
p_y[2068]                                  0.001  0.002   0.000    0.005      0.000    0.000    5948.0    8952.0   1.00
p_y[2069]                                  0.003  0.004   0.000    0.008      0.000    0.000    6353.0    9287.0   1.00
p_y[2070]                                  0.002  0.002   0.000    0.006      0.000    0.000    6442.0    7288.0   1.00
p_y[2071]                                  0.007  0.008   0.000    0.021      0.000    0.000    7119.0    8600.0   1.00
p_y[2072]                                  0.002  0.003   0.000    0.008      0.000    0.000    4629.0    7886.0   1.00
p_y[2073]                                  0.003  0.004   0.000    0.008      0.000    0.000    6612.0   10071.0   1.00
p_y[2074]                                  0.002  0.007   0.000    0.007      0.000    0.000    3347.0    5242.0   1.00
p_y[2075]                                  0.035  0.020   0.005    0.073      0.000    0.000    5528.0    6903.0   1.00
p_y[2076]                                  0.002  0.003   0.000    0.008      0.000    0.000    6234.0    8511.0   1.00
p_y[2077]                                  0.001  0.002   0.000    0.004      0.000    0.000    5653.0    7814.0   1.00
p_y[2078]                                  0.002  0.002   0.000    0.006      0.000    0.000    6477.0    9620.0   1.00
p_y[2079]                                  0.003  0.007   0.000    0.010      0.000    0.000    4692.0    5577.0   1.00
p_y[2080]                                  0.003  0.007   0.000    0.012      0.000    0.000    5386.0    8061.0   1.00
p_y[2081]                                  0.003  0.006   0.000    0.011      0.000    0.000    6004.0    8021.0   1.00
p_y[2082]                                  0.003  0.005   0.000    0.010      0.000    0.000    6104.0    6880.0   1.00
p_y[2083]                                  0.005  0.008   0.000    0.018      0.000    0.000    6667.0    8982.0   1.00
p_y[2084]                                  0.079  0.055   0.004    0.180      0.001    0.001    7305.0    7073.0   1.00
p_y[2085]                                  0.002  0.003   0.000    0.006      0.000    0.000    6463.0    8157.0   1.00
p_y[2086]                                  0.001  0.002   0.000    0.004      0.000    0.000    4418.0    6559.0   1.00
p_y[2087]                                  0.001  0.002   0.000    0.003      0.000    0.000    3977.0    5675.0   1.00
p_y[2088]                                  0.001  0.002   0.000    0.003      0.000    0.000    3603.0    6067.0   1.00
p_y[2089]                                  0.001  0.002   0.000    0.002      0.000    0.000    5722.0    8428.0   1.00
p_y[2090]                                  0.000  0.001   0.000    0.001      0.000    0.000    4941.0    7705.0   1.00
p_y[2091]                                  0.001  0.002   0.000    0.004      0.000    0.000    3141.0    4801.0   1.00
p_y[2092]                                  0.003  0.006   0.000    0.012      0.000    0.000    6153.0    8231.0   1.00
p_y[2093]                                  0.003  0.005   0.000    0.010      0.000    0.000    6843.0    7369.0   1.00
p_y[2094]                                  0.005  0.006   0.000    0.016      0.000    0.000    6609.0    6768.0   1.00
p_y[2095]                                  0.010  0.006   0.001    0.021      0.000    0.000    5711.0    7251.0   1.00
p_y[2096]                                  0.002  0.003   0.000    0.006      0.000    0.000    6450.0   10180.0   1.00
p_y[2097]                                  0.001  0.002   0.000    0.003      0.000    0.000    5844.0    8885.0   1.00
p_y[2098]                                  0.002  0.005   0.000    0.008      0.000    0.000    6588.0   10006.0   1.00
p_y[2099]                                  0.002  0.004   0.000    0.009      0.000    0.000    6303.0    8099.0   1.00
p_y[2100]                                  0.006  0.005   0.000    0.014      0.000    0.000    4828.0    5150.0   1.00
p_y[2101]                                  0.001  0.002   0.000    0.004      0.000    0.000    6272.0    7859.0   1.00
p_y[2102]                                  0.001  0.003   0.000    0.005      0.000    0.000    5201.0    8107.0   1.00
p_y[2103]                                  0.001  0.001   0.000    0.003      0.000    0.000    5664.0    6884.0   1.00
p_y[2104]                                  0.001  0.001   0.000    0.003      0.000    0.000    4586.0    5595.0   1.00
p_y[2105]                                  0.002  0.004   0.000    0.009      0.000    0.000    5276.0    7138.0   1.00
p_y[2106]                                  0.004  0.012   0.000    0.020      0.000    0.000    2942.0    4806.0   1.00
p_y[2107]                                  0.002  0.006   0.000    0.007      0.000    0.000    4139.0    7137.0   1.00
p_y[2108]                                  0.003  0.008   0.000    0.012      0.000    0.000    4826.0    6869.0   1.00
p_y[2109]                                  0.001  0.002   0.000    0.005      0.000    0.000    5451.0    5753.0   1.00
p_y[2110]                                  0.001  0.003   0.000    0.004      0.000    0.000    4257.0    7038.0   1.00
p_y[2111]                                  0.004  0.005   0.000    0.011      0.000    0.000    6877.0    8185.0   1.00
p_y[2112]                                  0.006  0.008   0.000    0.020      0.000    0.000    6375.0    7138.0   1.00
p_y[2113]                                  0.001  0.003   0.000    0.004      0.000    0.000    4030.0    6072.0   1.00
p_y[2114]                                  0.001  0.002   0.000    0.004      0.000    0.000    4101.0    5820.0   1.00
p_y[2115]                                  0.001  0.003   0.000    0.004      0.000    0.000    4665.0    8080.0   1.00
p_y[2116]                                  0.001  0.002   0.000    0.003      0.000    0.000    5125.0    7153.0   1.00
p_y[2117]                                  0.002  0.008   0.000    0.009      0.000    0.000    3641.0    5553.0   1.00
p_y[2118]                                  0.001  0.003   0.000    0.004      0.000    0.000    5193.0    7000.0   1.00
p_y[2119]                                  0.000  0.001   0.000    0.002      0.000    0.000    4575.0    6098.0   1.00
p_y[2120]                                  0.003  0.010   0.000    0.010      0.000    0.001    4287.0    6608.0   1.00
p_y[2121]                                  0.001  0.002   0.000    0.004      0.000    0.000    4050.0    5922.0   1.00
p_y[2122]                                  0.002  0.004   0.000    0.008      0.000    0.000    5332.0    6685.0   1.00
p_y[2123]                                  0.002  0.004   0.000    0.008      0.000    0.000    6994.0    8802.0   1.00
p_y[2124]                                  0.002  0.004   0.000    0.006      0.000    0.000    4657.0    7712.0   1.00
p_y[2125]                                  0.003  0.011   0.000    0.009      0.000    0.001    3593.0    5733.0   1.00
p_y[2126]                                  0.001  0.002   0.000    0.003      0.000    0.000    5147.0    7301.0   1.00
p_y[2127]                                  0.003  0.006   0.000    0.010      0.000    0.000    6136.0    7913.0   1.00
p_y[2128]                                  0.008  0.012   0.000    0.028      0.000    0.000    5132.0    7197.0   1.00
p_y[2129]                                  0.000  0.001   0.000    0.002      0.000    0.000    4420.0    7071.0   1.00
p_y[2130]                                  0.000  0.001   0.000    0.002      0.000    0.000    4591.0    7045.0   1.00
p_y[2131]                                  0.002  0.003   0.000    0.006      0.000    0.000    3725.0    6125.0   1.00
p_y[2132]                                  0.002  0.006   0.000    0.007      0.000    0.000    4039.0    7566.0   1.00
p_y[2133]                                  0.001  0.002   0.000    0.003      0.000    0.000    3018.0    5327.0   1.00
p_y[2134]                                  0.001  0.001   0.000    0.002      0.000    0.000    4402.0    4992.0   1.00
p_y[2135]                                  0.004  0.009   0.000    0.016      0.000    0.000    6705.0    7080.0   1.00
p_y[2136]                                  0.003  0.004   0.000    0.010      0.000    0.000    5278.0    7946.0   1.00
p_y[2137]                                  0.010  0.008   0.000    0.024      0.000    0.000    6113.0    6231.0   1.00
p_y[2138]                                  0.003  0.005   0.000    0.011      0.000    0.000    4873.0    7413.0   1.00
p_y[2139]                                  0.004  0.007   0.000    0.017      0.000    0.000    5488.0    6796.0   1.00
p_y[2140]                                  0.003  0.011   0.000    0.010      0.000    0.001    5873.0    7365.0   1.00
p_y[2141]                                  0.002  0.007   0.000    0.010      0.000    0.000    5593.0    7594.0   1.00
p_y[2142]                                  0.004  0.005   0.000    0.012      0.000    0.000    7473.0    9445.0   1.00
p_y[2143]                                  0.025  0.018   0.000    0.057      0.000    0.000    4990.0    3578.0   1.00
p_y[2144]                                  0.003  0.005   0.000    0.010      0.000    0.000    6580.0    7842.0   1.00
p_y[2145]                                  0.001  0.001   0.000    0.002      0.000    0.000    5704.0    6016.0   1.00
p_y[2146]                                  0.004  0.008   0.000    0.016      0.000    0.000    6488.0    7087.0   1.00
p_y[2147]                                  0.023  0.013   0.003    0.046      0.000    0.000    6424.0    8026.0   1.00
p_y[2148]                                  0.010  0.008   0.000    0.025      0.000    0.000    6840.0    8034.0   1.00
p_y[2149]                                  0.006  0.005   0.000    0.015      0.000    0.000    7141.0    6545.0   1.00
p_y[2150]                                  0.003  0.005   0.000    0.010      0.000    0.000    7138.0    9184.0   1.00
p_y[2151]                                  0.009  0.006   0.001    0.020      0.000    0.000    6641.0    7212.0   1.00
p_y[2152]                                  0.002  0.005   0.000    0.007      0.000    0.000    5230.0    9198.0   1.00
p_y[2153]                                  0.001  0.001   0.000    0.003      0.000    0.000    4509.0    7292.0   1.00
p_y[2154]                                  0.002  0.003   0.000    0.007      0.000    0.000    7391.0    9379.0   1.00
p_y[2155]                                  0.002  0.003   0.000    0.006      0.000    0.000    7146.0    7000.0   1.00
p_y[2156]                                  0.002  0.003   0.000    0.006      0.000    0.000    4322.0    7091.0   1.00
p_y[2157]                                  0.001  0.002   0.000    0.003      0.000    0.000    2946.0    4083.0   1.00
p_y[2158]                                  0.001  0.002   0.000    0.004      0.000    0.000    2888.0    4628.0   1.00
p_y[2159]                                  0.002  0.004   0.000    0.007      0.000    0.000    6405.0    9176.0   1.00
p_y[2160]                                  0.044  0.019   0.012    0.078      0.000    0.000    5148.0    7903.0   1.00
p_y[2161]                                  0.004  0.007   0.000    0.014      0.000    0.000    6556.0    9094.0   1.00
p_y[2162]                                  0.025  0.026   0.000    0.070      0.000    0.000    5706.0    6119.0   1.00
p_y[2163]                                  0.014  0.006   0.004    0.025      0.000    0.000    5810.0    7335.0   1.00
p_y[2164]                                  0.001  0.002   0.000    0.004      0.000    0.000    3510.0    4756.0   1.00
p_y[2165]                                  0.003  0.008   0.000    0.011      0.000    0.000    5176.0    7871.0   1.00
p_y[2166]                                  0.001  0.001   0.000    0.002      0.000    0.000    3590.0    6462.0   1.00
p_y[2167]                                  0.001  0.002   0.000    0.003      0.000    0.000    4995.0    7163.0   1.00
p_y[2168]                                  0.001  0.002   0.000    0.004      0.000    0.000    4861.0    4737.0   1.00
p_y[2169]                                  0.001  0.001   0.000    0.003      0.000    0.000    4895.0    7885.0   1.00
p_y[2170]                                  0.002  0.004   0.000    0.006      0.000    0.000    5176.0    9374.0   1.00
p_y[2171]                                  0.002  0.005   0.000    0.008      0.000    0.000    5502.0    6856.0   1.00
p_y[2172]                                  0.002  0.003   0.000    0.006      0.000    0.000    3989.0    6154.0   1.00
p_y[2173]                                  0.001  0.003   0.000    0.004      0.000    0.000    3900.0    5630.0   1.00
p_y[2174]                                  0.002  0.003   0.000    0.007      0.000    0.000    6821.0    8074.0   1.00
p_y[2175]                                  0.002  0.003   0.000    0.007      0.000    0.000    5834.0    7963.0   1.00
p_y[2176]                                  0.005  0.003   0.000    0.011      0.000    0.000    5652.0    6581.0   1.00
p_y[2177]                                  0.001  0.001   0.000    0.003      0.000    0.000    5921.0    8490.0   1.00
p_y[2178]                                  0.001  0.001   0.000    0.003      0.000    0.000    5790.0    3253.0   1.00
p_y[2179]                                  0.002  0.005   0.000    0.008      0.000    0.000    4702.0    7136.0   1.00
p_y[2180]                                  0.003  0.007   0.000    0.010      0.000    0.000    6036.0    8954.0   1.00
p_y[2181]                                  0.004  0.006   0.000    0.014      0.000    0.000    4690.0    6985.0   1.00
p_y[2182]                                  0.001  0.002   0.000    0.004      0.000    0.000    5348.0    7028.0   1.00
p_y[2183]                                  0.009  0.007   0.000    0.021      0.000    0.000    5514.0    4617.0   1.00
p_y[2184]                                  0.002  0.008   0.000    0.009      0.000    0.000    3765.0    7104.0   1.00
p_y[2185]                                  0.003  0.013   0.000    0.009      0.000    0.001    3428.0    6221.0   1.00
p_y[2186]                                  0.003  0.003   0.000    0.008      0.000    0.000    7042.0    7691.0   1.00
p_y[2187]                                  0.135  0.044   0.056    0.215      0.001    0.000    4358.0    5194.0   1.00
p_y[2188]                                  0.005  0.007   0.000    0.015      0.000    0.000    6884.0    7961.0   1.00
p_y[2189]                                  0.003  0.006   0.000    0.011      0.000    0.000    5571.0    8370.0   1.00
p_y[2190]                                  0.002  0.004   0.000    0.009      0.000    0.000    4750.0    7678.0   1.00
p_y[2191]                                  0.002  0.003   0.000    0.006      0.000    0.000    5224.0    8436.0   1.00
p_y[2192]                                  0.005  0.004   0.000    0.012      0.000    0.000    6671.0    6208.0   1.00
p_y[2193]                                  0.011  0.011   0.000    0.031      0.000    0.000    6371.0    8000.0   1.00
p_y[2194]                                  0.002  0.002   0.000    0.005      0.000    0.000    5687.0    8222.0   1.00
p_y[2195]                                  0.002  0.003   0.000    0.007      0.000    0.000    5847.0    6759.0   1.00
p_y[2196]                                  0.089  0.082   0.000    0.236      0.001    0.001    6210.0    5508.0   1.00
p_y[2197]                                  0.003  0.007   0.000    0.011      0.000    0.000    3286.0    3686.0   1.00
p_y[2198]                                  0.017  0.023   0.000    0.059      0.000    0.000    2867.0    2624.0   1.00
p_y[2199]                                  0.007  0.011   0.000    0.023      0.000    0.000    6581.0    7036.0   1.00
p_y[2200]                                  0.062  0.055   0.001    0.160      0.001    0.001    6733.0    7489.0   1.00
p_y[2201]                                  0.001  0.001   0.000    0.002      0.000    0.000    5144.0    8562.0   1.00
p_y[2202]                                  0.001  0.003   0.000    0.004      0.000    0.000    5752.0    8558.0   1.00
p_y[2203]                                  0.001  0.001   0.000    0.002      0.000    0.000    3845.0    5141.0   1.00
p_y[2204]                                  0.001  0.003   0.000    0.005      0.000    0.000    3933.0    3611.0   1.00
p_y[2205]                                  0.002  0.003   0.000    0.005      0.000    0.000    5597.0    8074.0   1.00
p_y[2206]                                  0.001  0.001   0.000    0.002      0.000    0.000    4210.0    6979.0   1.00
p_y[2207]                                  0.000  0.001   0.000    0.002      0.000    0.000    4902.0    7628.0   1.00
p_y[2208]                                  0.002  0.004   0.000    0.007      0.000    0.000    4872.0    8624.0   1.00
p_y[2209]                                  0.002  0.003   0.000    0.007      0.000    0.000    7249.0    9492.0   1.00
p_y[2210]                                  0.002  0.004   0.000    0.008      0.000    0.000    6548.0    7893.0   1.00
p_y[2211]                                  0.003  0.006   0.000    0.009      0.000    0.000    5149.0    8275.0   1.00
p_y[2212]                                  0.002  0.004   0.000    0.008      0.000    0.000    4194.0    6106.0   1.00
p_y[2213]                                  0.003  0.006   0.000    0.009      0.000    0.000    5779.0    7780.0   1.00
p_y[2214]                                  0.002  0.004   0.000    0.007      0.000    0.000    5654.0    8209.0   1.00
p_y[2215]                                  0.003  0.004   0.000    0.009      0.000    0.000    4867.0    5412.0   1.00
p_y[2216]                                  0.007  0.015   0.000    0.027      0.000    0.001    6384.0   10147.0   1.00
p_y[2217]                                  0.005  0.013   0.000    0.019      0.000    0.001    5475.0    9202.0   1.00
p_y[2218]                                  0.025  0.029   0.000    0.076      0.000    0.000    5438.0    5411.0   1.00
p_y[2219]                                  0.003  0.004   0.000    0.009      0.000    0.000    5457.0    6307.0   1.00
p_y[2220]                                  0.002  0.003   0.000    0.007      0.000    0.000    6298.0    9405.0   1.00
p_y[2221]                                  0.004  0.007   0.000    0.016      0.000    0.000    6198.0    6542.0   1.00
p_y[2222]                                  0.003  0.004   0.000    0.010      0.000    0.000    6846.0    7985.0   1.00
p_y[2223]                                  0.001  0.001   0.000    0.004      0.000    0.000    7647.0    8193.0   1.00
p_y[2224]                                  0.008  0.003   0.003    0.014      0.000    0.000    4704.0    4883.0   1.00
p_y[2225]                                  0.008  0.004   0.002    0.016      0.000    0.000    5796.0    7099.0   1.00
p_y[2226]                                  0.003  0.005   0.000    0.009      0.000    0.000    5639.0    7904.0   1.00
p_y[2227]                                  0.001  0.003   0.000    0.005      0.000    0.000    5227.0    7703.0   1.00
p_y[2228]                                  0.001  0.003   0.000    0.005      0.000    0.000    4510.0    8257.0   1.00
p_y[2229]                                  0.006  0.015   0.000    0.024      0.000    0.001    4684.0    8349.0   1.00
p_y[2230]                                  0.003  0.007   0.000    0.010      0.000    0.000    5515.0    7934.0   1.00
p_y[2231]                                  0.002  0.006   0.000    0.009      0.000    0.000    5228.0    8185.0   1.00
p_y[2232]                                  0.001  0.002   0.000    0.004      0.000    0.000    6389.0    8907.0   1.00
p_y[2233]                                  0.001  0.003   0.000    0.004      0.000    0.000    6233.0    8582.0   1.00
p_y[2234]                                  0.015  0.021   0.000    0.051      0.000    0.000    6620.0    6443.0   1.00
p_y[2235]                                  0.010  0.005   0.002    0.020      0.000    0.000    6407.0    8393.0   1.00
p_y[2236]                                  0.002  0.003   0.000    0.008      0.000    0.000    4704.0    6865.0   1.00
p_y[2237]                                  0.003  0.010   0.000    0.013      0.000    0.000    5548.0    8393.0   1.00
p_y[2238]                                  0.008  0.005   0.001    0.017      0.000    0.000    5190.0    3500.0   1.00
p_y[2239]                                  0.003  0.004   0.000    0.008      0.000    0.000    5309.0    5740.0   1.00
p_y[2240]                                  0.003  0.005   0.000    0.010      0.000    0.000    6397.0    8779.0   1.00
p_y[2241]                                  0.003  0.003   0.000    0.009      0.000    0.000    7052.0    8477.0   1.00
p_y[2242]                                  0.004  0.007   0.000    0.013      0.000    0.000    4565.0    6040.0   1.00
p_y[2243]                                  0.003  0.006   0.000    0.010      0.000    0.000    5763.0    7071.0   1.00
p_y[2244]                                  0.002  0.005   0.000    0.008      0.000    0.000    5798.0    7406.0   1.00
p_y[2245]                                  0.003  0.009   0.000    0.014      0.000    0.000    6254.0    8001.0   1.00
p_y[2246]                                  0.089  0.041   0.022    0.165      0.000    0.000    6268.0    7863.0   1.00
p_y[2247]                                  0.004  0.003   0.000    0.010      0.000    0.000    4590.0    7101.0   1.00
p_y[2248]                                  0.003  0.003   0.000    0.008      0.000    0.000    6306.0    8635.0   1.00
p_y[2249]                                  0.001  0.003   0.000    0.005      0.000    0.000    6590.0    7800.0   1.00
p_y[2250]                                  0.002  0.002   0.000    0.005      0.000    0.000    5895.0    7678.0   1.00
p_y[2251]                                  0.002  0.003   0.000    0.006      0.000    0.000    6928.0    8353.0   1.00
p_y[2252]                                  0.003  0.004   0.000    0.009      0.000    0.000    6134.0    6923.0   1.00
p_y[2253]                                  0.001  0.002   0.000    0.005      0.000    0.000    5404.0    3261.0   1.00
p_y[2254]                                  0.002  0.006   0.000    0.010      0.000    0.000    4229.0    5470.0   1.00
p_y[2255]                                  0.004  0.010   0.000    0.015      0.000    0.000    4591.0    4834.0   1.00
p_y[2256]                                  0.001  0.003   0.000    0.004      0.000    0.000    2878.0    4385.0   1.00
p_y[2257]                                  0.002  0.007   0.000    0.009      0.000    0.001    3358.0    5474.0   1.00
p_y[2258]                                  0.004  0.004   0.000    0.010      0.000    0.000    7209.0    8841.0   1.00
p_y[2259]                                  0.008  0.003   0.003    0.013      0.000    0.000    4447.0    5770.0   1.00
p_y[2260]                                  0.008  0.025   0.000    0.038      0.000    0.001    1871.0    2135.0   1.01
p_y[2261]                                  0.008  0.037   0.000    0.033      0.000    0.002    2168.0    2386.0   1.01
p_y[2262]                                  0.001  0.003   0.000    0.005      0.000    0.000    3455.0    3486.0   1.00
p_y[2263]                                  0.002  0.004   0.000    0.006      0.000    0.000    3122.0    3666.0   1.00
p_y[2264]                                  0.006  0.009   0.000    0.020      0.000    0.000    5760.0    6934.0   1.00
p_y[2265]                                  0.003  0.005   0.000    0.009      0.000    0.000    6682.0    8590.0   1.00
p_y[2266]                                  0.001  0.003   0.000    0.005      0.000    0.000    4990.0    7262.0   1.00
p_y[2267]                                  0.003  0.008   0.000    0.012      0.000    0.000    5373.0    7841.0   1.00
p_y[2268]                                  0.002  0.003   0.000    0.008      0.000    0.000    5497.0    7051.0   1.00
p_y[2269]                                  0.001  0.004   0.000    0.005      0.000    0.001    3951.0    6583.0   1.00
p_y[2270]                                  0.001  0.002   0.000    0.003      0.000    0.000    4157.0    7237.0   1.00
p_y[2271]                                  0.002  0.003   0.000    0.006      0.000    0.000    6373.0    8786.0   1.00
p_y[2272]                                  0.003  0.002   0.000    0.007      0.000    0.000    6425.0    7346.0   1.00
p_y[2273]                                  0.006  0.008   0.000    0.019      0.000    0.000    5600.0    8379.0   1.00
p_y[2274]                                  0.008  0.011   0.000    0.027      0.000    0.000    5661.0    8296.0   1.00
p_y[2275]                                  0.009  0.014   0.000    0.031      0.000    0.000    3382.0    5584.0   1.00
p_y[2276]                                  0.001  0.002   0.000    0.003      0.000    0.000    3341.0    5859.0   1.00
p_y[2277]                                  0.052  0.219   0.000    0.002      0.004    0.008     745.0    1911.0   1.00
p_y[2278]                                  0.117  0.242   0.000    0.738      0.003    0.003    8236.0   10784.0   1.00
p_y[2279]                                  0.007  0.013   0.000    0.025      0.000    0.000    7118.0    9891.0   1.00
p_y[2280]                                  0.001  0.002   0.000    0.003      0.000    0.000    5368.0    7533.0   1.00
p_y[2281]                                  0.005  0.003   0.000    0.012      0.000    0.000    6507.0    6207.0   1.00
p_y[2282]                                  0.001  0.003   0.000    0.004      0.000    0.000    4756.0    6915.0   1.00
p_y[2283]                                  0.005  0.014   0.000    0.022      0.000    0.000    7836.0    8661.0   1.00
p_y[2284]                                  0.004  0.009   0.000    0.016      0.000    0.000    4179.0    7065.0   1.00
p_y[2285]                                  0.002  0.004   0.000    0.006      0.000    0.000    4090.0    7388.0   1.00
p_y[2286]                                  0.004  0.009   0.000    0.016      0.000    0.000    7117.0    8154.0   1.00
p_y[2287]                                  0.002  0.002   0.000    0.005      0.000    0.000    5994.0    5883.0   1.00
p_y[2288]                                  0.010  0.008   0.000    0.023      0.000    0.000    6624.0    5976.0   1.00
p_y[2289]                                  0.093  0.040   0.029    0.168      0.001    0.000    4822.0    5942.0   1.00
p_y[2290]                                  0.001  0.002   0.000    0.004      0.000    0.000    6184.0    8055.0   1.00
p_y[2291]                                  0.002  0.004   0.000    0.006      0.000    0.000    5602.0    7438.0   1.00
p_y[2292]                                  0.240  0.117   0.057    0.458      0.002    0.001    4918.0    5989.0   1.00
p_y[2293]                                  0.064  0.048   0.002    0.149      0.001    0.001    6600.0    8128.0   1.00
p_y[2294]                                  0.000  0.001   0.000    0.001      0.000    0.000    4093.0    5422.0   1.00
p_y[2295]                                  0.000  0.001   0.000    0.001      0.000    0.000    4624.0    7333.0   1.00
p_y[2296]                                  0.013  0.008   0.001    0.027      0.000    0.000    5757.0    6408.0   1.00
p_y[2297]                                  0.003  0.007   0.000    0.012      0.000    0.000    7111.0    9273.0   1.00
p_y[2298]                                  0.001  0.001   0.000    0.002      0.000    0.000    5980.0    6236.0   1.00
p_y[2299]                                  0.002  0.003   0.000    0.006      0.000    0.000    6535.0    7459.0   1.00
p_y[2300]                                  0.277  0.101   0.100    0.465      0.001    0.001    4738.0    5386.0   1.00
p_y[2301]                                  0.039  0.057   0.000    0.134      0.001    0.001    7911.0    7507.0   1.00
p_y[2302]                                  0.002  0.001   0.000    0.004      0.000    0.000    7086.0    8129.0   1.00
p_y[2303]                                  0.001  0.002   0.000    0.005      0.000    0.000    6039.0    8415.0   1.00
p_y[2304]                                  0.001  0.003   0.000    0.004      0.000    0.000    3639.0    6955.0   1.00
p_y[2305]                                  0.002  0.004   0.000    0.005      0.000    0.000    4325.0    7898.0   1.00
p_y[2306]                                  0.001  0.003   0.000    0.006      0.000    0.000    5326.0    7104.0   1.00
p_y[2307]                                  0.001  0.003   0.000    0.005      0.000    0.000    5090.0    7942.0   1.00
p_y[2308]                                  0.003  0.003   0.000    0.009      0.000    0.000    7104.0    8417.0   1.00
p_y[2309]                                  0.021  0.017   0.000    0.050      0.000    0.000    6474.0    6424.0   1.00
p_y[2310]                                  0.003  0.007   0.000    0.015      0.000    0.000    4993.0    8848.0   1.00
p_y[2311]                                  0.002  0.004   0.000    0.007      0.000    0.000    5847.0    7580.0   1.00
p_y[2312]                                  0.001  0.002   0.000    0.004      0.000    0.000    6007.0    7601.0   1.00
p_y[2313]                                  0.001  0.002   0.000    0.005      0.000    0.000    6505.0    7757.0   1.00
p_y[2314]                                  0.011  0.026   0.000    0.044      0.000    0.001    7089.0    8817.0   1.00
p_y[2315]                                  0.324  0.197   0.030    0.705      0.003    0.002    6207.0    7155.0   1.00
p_y[2316]                                  0.023  0.025   0.000    0.067      0.000    0.001    6613.0    6657.0   1.00
p_y[2317]                                  0.003  0.003   0.000    0.008      0.000    0.000    5555.0    6676.0   1.00
p_y[2318]                                  0.021  0.028   0.000    0.069      0.000    0.001    6618.0    8448.0   1.00
p_y[2319]                                  0.002  0.005   0.000    0.005      0.000    0.000    2798.0    4636.0   1.00
p_y[2320]                                  0.002  0.006   0.000    0.006      0.000    0.000    3018.0    5230.0   1.00
p_y[2321]                                  0.004  0.008   0.000    0.016      0.000    0.000    3154.0    5066.0   1.00
p_y[2322]                                  0.001  0.001   0.000    0.003      0.000    0.000    3834.0    5415.0   1.00
p_y[2323]                                  0.002  0.004   0.000    0.007      0.000    0.000    4799.0    7076.0   1.00
p_y[2324]                                  0.002  0.003   0.000    0.006      0.000    0.000    3504.0    5242.0   1.00
at_least_one_positive_image_by_area[0]     0.000  0.000   0.000    0.000      0.000      NaN   40000.0   40000.0    NaN
at_least_one_positive_image_by_area[1]     0.254  0.277   0.000    0.859      0.004    0.003    5216.0    6432.0   1.00
at_least_one_positive_image_by_area[2]     1.000  0.000   1.000    1.000      0.000      NaN   40000.0   40000.0    NaN
at_least_one_positive_image_by_area[3]     0.195  0.230   0.000    0.693      0.003    0.003    6089.0    7691.0   1.00
at_least_one_positive_image_by_area[4]     0.273  0.265   0.000    0.829      0.004    0.002    4629.0    6113.0   1.00
at_least_one_positive_image_by_area[5]     0.381  0.303   0.001    0.945      0.004    0.002    6003.0    8361.0   1.00
at_least_one_positive_image_by_area[6]     0.210  0.222   0.000    0.673      0.003    0.002    4845.0    7854.0   1.00
at_least_one_positive_image_by_area[7]     0.112  0.163   0.000    0.429      0.002    0.003    4660.0    7662.0   1.00
at_least_one_positive_image_by_area[8]     0.072  0.135   0.000    0.295      0.002    0.003    5185.0    6616.0   1.00
at_least_one_positive_image_by_area[9]     0.125  0.195   0.000    0.534      0.002    0.003    5677.0    7329.0   1.00
at_least_one_positive_image_by_area[10]    0.436  0.296   0.057    1.000      0.004    0.002    5839.0    8763.0   1.00
at_least_one_positive_image_by_area[11]    0.182  0.207   0.000    0.611      0.003    0.002    4638.0    6175.0   1.00
at_least_one_positive_image_by_area[12]    0.533  0.354   0.035    1.000      0.005    0.001    5692.0    7190.0   1.00
at_least_one_positive_image_by_area[13]    0.179  0.225   0.000    0.664      0.003    0.003    4953.0    7869.0   1.00
at_least_one_positive_image_by_area[14]    0.201  0.236   0.000    0.720      0.003    0.002    5670.0    8066.0   1.00
at_least_one_positive_image_by_area[15]    0.214  0.256   0.000    0.790      0.003    0.003    5247.0    8674.0   1.00
at_least_one_positive_image_by_area[16]    0.464  0.329   0.036    1.000      0.004    0.001    6118.0    9015.0   1.00
at_least_one_positive_image_by_area[17]    0.716  0.363   0.035    1.000      0.006    0.003    4792.0    6607.0   1.00
at_least_one_positive_image_by_area[18]    0.183  0.231   0.000    0.690      0.003    0.003    5176.0    6576.0   1.00
at_least_one_positive_image_by_area[19]    0.108  0.166   0.000    0.423      0.002    0.003    5116.0    6578.0   1.00
at_least_one_positive_image_by_area[20]    0.372  0.311   0.001    0.962      0.004    0.002    6211.0    7861.0   1.00
at_least_one_positive_image_by_area[21]    0.224  0.244   0.000    0.748      0.003    0.002    5067.0    6873.0   1.00
at_least_one_positive_image_by_area[22]    0.262  0.260   0.000    0.817      0.003    0.002    5800.0    8061.0   1.00
at_least_one_positive_image_by_area[23]    0.172  0.209   0.000    0.614      0.003    0.002    5286.0    8411.0   1.00
at_least_one_positive_image_by_area[24]    0.247  0.247   0.001    0.764      0.003    0.002    5561.0    7736.0   1.00
at_least_one_positive_image_by_area[25]    0.160  0.218   0.000    0.634      0.003    0.003    5138.0    8244.0   1.00
at_least_one_positive_image_by_area[26]    0.226  0.241   0.000    0.739      0.003    0.002    4628.0    7352.0   1.00
at_least_one_positive_image_by_area[27]    0.270  0.263   0.000    0.827      0.003    0.002    5389.0    6785.0   1.00
at_least_one_positive_image_by_area[28]    0.230  0.240   0.000    0.742      0.003    0.002    4754.0    7817.0   1.00
at_least_one_positive_image_by_area[29]    0.230  0.240   0.000    0.740      0.003    0.002    5130.0    8989.0   1.00
at_least_one_positive_image_by_area[30]    0.264  0.262   0.000    0.825      0.003    0.002    5239.0    7968.0   1.00
at_least_one_positive_image_by_area[31]    0.236  0.243   0.000    0.750      0.003    0.002    5373.0    8414.0   1.00
at_least_one_positive_image_by_area[32]    0.243  0.269   0.000    0.827      0.003    0.002    6437.0    8966.0   1.00
at_least_one_positive_image_by_area[33]    0.351  0.326   0.000    0.972      0.004    0.002    5314.0    8183.0   1.00
at_least_one_positive_image_by_area[34]    0.239  0.253   0.000    0.780      0.003    0.002    6383.0   10068.0   1.00
at_least_one_positive_image_by_area[35]    0.305  0.278   0.000    0.871      0.003    0.002    5548.0    7604.0   1.00
at_least_one_positive_image_by_area[36]    0.345  0.290   0.000    0.912      0.004    0.002    6148.0    8374.0   1.00
at_least_one_positive_image_by_area[37]    0.242  0.251   0.000    0.779      0.003    0.002    4795.0    7130.0   1.00
at_least_one_positive_image_by_area[38]    0.578  0.363   0.036    1.000      0.005    0.001    6179.0    7645.0   1.00
at_least_one_positive_image_by_area[39]    0.692  0.331   0.088    1.000      0.005    0.002    5838.0    8012.0   1.00
at_least_one_positive_image_by_area[40]    0.420  0.308   0.004    0.964      0.004    0.002    5116.0    5949.0   1.00
at_least_one_positive_image_by_area[41]    0.353  0.317   0.000    0.966      0.004    0.002    5902.0    8832.0   1.00
at_least_one_positive_image_by_area[42]    0.395  0.314   0.003    0.967      0.004    0.002    5111.0    5187.0   1.00
at_least_one_positive_image_by_area[43]    0.395  0.313   0.001    0.967      0.004    0.002    7177.0    8659.0   1.00
at_least_one_positive_image_by_area[44]    0.314  0.277   0.001    0.883      0.003    0.002    5575.0    7369.0   1.00
at_least_one_positive_image_by_area[45]    0.308  0.305   0.000    0.937      0.004    0.002    5580.0    8622.0   1.00
at_least_one_positive_image_by_area[46]    0.302  0.293   0.000    0.905      0.004    0.002    5704.0    8253.0   1.00
at_least_one_positive_image_by_area[47]    0.324  0.290   0.000    0.904      0.004    0.002    5374.0    5971.0   1.00
at_least_one_positive_image_by_area[48]    0.419  0.310   0.003    0.966      0.004    0.002    4934.0    5901.0   1.00
at_least_one_positive_image_by_area[49]    0.382  0.307   0.001    0.953      0.004    0.002    5487.0    7786.0   1.00
at_least_one_positive_image_by_area[50]    0.693  0.358   0.055    1.000      0.006    0.003    4503.0    6986.0   1.00
at_least_one_positive_image_by_area[51]    0.360  0.320   0.000    0.970      0.004    0.002    5467.0    8017.0   1.00
at_least_one_positive_image_by_area[52]    0.334  0.284   0.000    0.900      0.004    0.002    5033.0    6359.0   1.00
at_least_one_positive_image_by_area[53]    0.466  0.330   0.036    1.000      0.004    0.002    5674.0    6555.0   1.00
at_least_one_positive_image_by_area[54]    0.897  0.243   0.249    1.000      0.005    0.006    4484.0    3290.0   1.00
at_least_one_positive_image_by_area[55]    0.551  0.326   0.061    1.000      0.005    0.001    5099.0    6711.0   1.00
at_least_one_positive_image_by_area[56]    0.435  0.358   0.017    1.000      0.005    0.001    4978.0    7309.0   1.00
at_least_one_positive_image_by_area[57]    0.490  0.331   0.044    1.000      0.004    0.001    4953.0    6485.0   1.00
at_least_one_positive_image_by_area[58]    0.404  0.307   0.002    0.960      0.005    0.002    4196.0    6399.0   1.00
at_least_one_positive_image_by_area[59]    0.298  0.313   0.000    0.945      0.004    0.002    5385.0    7994.0   1.00
at_least_one_positive_image_by_area[60]    0.226  0.266   0.000    0.816      0.004    0.002    4901.0    7991.0   1.00
at_least_one_positive_image_by_area[61]    0.585  0.376   0.022    1.000      0.006    0.002    4658.0    7022.0   1.00
at_least_one_positive_image_by_area[62]    0.349  0.300   0.000    0.936      0.004    0.002    5813.0    7563.0   1.00
at_least_one_positive_image_by_area[63]    0.362  0.303   0.001    0.946      0.004    0.002    6355.0    8063.0   1.00
at_least_one_positive_image_by_area[64]    0.575  0.354   0.042    1.000      0.005    0.002    4863.0    6818.0   1.00
at_least_one_positive_image_by_area[65]    0.373  0.298   0.001    0.936      0.004    0.002    5284.0    5861.0   1.00
at_least_one_positive_image_by_area[66]    0.249  0.261   0.000    0.811      0.003    0.002    5698.0    5956.0   1.00
at_least_one_positive_image_by_area[67]    0.402  0.304   0.003    0.961      0.004    0.002    5849.0    7474.0   1.00
at_least_one_positive_image_by_area[68]    0.481  0.300   0.068    1.000      0.004    0.001    6750.0    8559.0   1.00
at_least_one_positive_image_by_area[69]    0.252  0.263   0.000    0.820      0.003    0.002    4905.0    5417.0   1.00
at_least_one_positive_image_by_area[70]    0.451  0.327   0.037    1.000      0.004    0.001    6183.0    9181.0   1.00
at_least_one_positive_image_by_area[71]    0.192  0.237   0.000    0.712      0.003    0.003    5034.0    6999.0   1.00
at_least_one_positive_image_by_area[72]    0.210  0.250   0.000    0.765      0.003    0.002    5744.0    9229.0   1.00
at_least_one_positive_image_by_area[73]    0.534  0.341   0.046    1.000      0.004    0.001    7480.0    8649.0   1.00
at_least_one_positive_image_by_area[74]    0.359  0.321   0.000    0.966      0.004    0.002    4499.0    6368.0   1.00
at_least_one_positive_image_by_area[75]    0.658  0.321   0.092    1.000      0.004    0.002    7244.0    9334.0   1.00
at_least_one_positive_image_by_area[76]    0.359  0.311   0.000    0.956      0.004    0.002    6890.0    8126.0   1.00
at_least_one_positive_image_by_area[77]    0.279  0.265   0.000    0.834      0.004    0.002    4496.0    6929.0   1.00
at_least_one_positive_image_by_area[78]    0.424  0.314   0.032    1.000      0.004    0.002    6814.0    8533.0   1.00
at_least_one_positive_image_by_area[79]    0.581  0.378   0.028    1.000      0.006    0.001    3823.0    7260.0   1.00
at_least_one_positive_image_by_area[80]    1.000  0.000   1.000    1.000      0.000      NaN   40000.0   40000.0    NaN
at_least_one_positive_image_by_area[81]    1.000  0.000   1.000    1.000      0.000      NaN   40000.0   40000.0    NaN
at_least_one_positive_image_by_area[82]    0.329  0.310   0.000    0.949      0.004    0.002    4605.0    6220.0   1.00
at_least_one_positive_image_by_area[83]    1.000  0.000   1.000    1.000      0.000      NaN   40000.0   40000.0    NaN
at_least_one_positive_image_by_area[84]    0.501  0.328   0.043    1.000      0.004    0.001    6655.0    6261.0   1.00
at_least_one_positive_image_by_area[85]    0.161  0.202   0.000    0.586      0.002    0.003    6459.0    8367.0   1.00
at_least_one_positive_image_by_area[86]    0.423  0.317   0.031    1.000      0.004    0.001    5182.0    6359.0   1.00
at_least_one_positive_image_by_area[87]    0.279  0.278   0.000    0.862      0.003    0.002    6497.0    8417.0   1.00
at_least_one_positive_image_by_area[88]    0.322  0.293   0.000    0.908      0.003    0.002    6975.0    9396.0   1.00
at_least_one_positive_image_by_area[89]    0.418  0.382   0.005    1.000      0.006    0.001    4154.0    7108.0   1.00
at_least_one_positive_image_by_area[90]    0.274  0.294   0.000    0.901      0.003    0.002    6582.0    7194.0   1.00
at_least_one_positive_image_by_area[91]    0.272  0.281   0.000    0.875      0.004    0.002    5227.0    6945.0   1.00
at_least_one_positive_image_by_area[92]    0.225  0.246   0.000    0.755      0.003    0.002    6685.0    9632.0   1.00
at_least_one_positive_image_by_area[93]    0.232  0.275   0.000    0.844      0.003    0.002    6043.0    7676.0   1.00
at_least_one_positive_image_by_area[94]    0.146  0.213   0.000    0.610      0.002    0.003    6996.0    8134.0   1.00
at_least_one_positive_image_by_area[95]    0.185  0.232   0.000    0.698      0.003    0.003    4250.0    5615.0   1.00
at_least_one_positive_image_by_area[96]    0.302  0.280   0.001    0.879      0.003    0.002    6395.0    7879.0   1.00
at_least_one_positive_image_by_area[97]    0.295  0.278   0.001    0.873      0.003    0.002    6074.0    8624.0   1.00
at_least_one_positive_image_by_area[98]    0.428  0.314   0.034    1.000      0.004    0.002    5659.0    6727.0   1.00
at_least_one_positive_image_by_area[99]    0.306  0.271   0.001    0.857      0.003    0.002    5986.0    8303.0   1.00
at_least_one_positive_image_by_area[100]   0.228  0.242   0.000    0.747      0.003    0.002    6048.0    7436.0   1.00
at_least_one_positive_image_by_area[101]   0.377  0.308   0.001    0.956      0.003    0.002    7412.0    8653.0   1.00
at_least_one_positive_image_by_area[102]   0.384  0.310   0.001    0.955      0.004    0.002    4983.0    5484.0   1.00
at_least_one_positive_image_by_area[103]   1.000  0.000   1.000    1.000      0.000      NaN   40000.0   40000.0    NaN
at_least_one_positive_image_by_area[104]   0.344  0.302   0.000    0.935      0.004    0.002    6157.0    9032.0   1.00
at_least_one_positive_image_by_area[105]   0.422  0.318   0.030    1.000      0.004    0.002    5385.0    8165.0   1.00
at_least_one_positive_image_by_area[106]   0.436  0.333   0.027    1.000      0.004    0.001    5884.0    6948.0   1.00
at_least_one_positive_image_by_area[107]   0.384  0.313   0.001    0.956      0.004    0.002    5586.0    6819.0   1.00
at_least_one_positive_image_by_area[108]   0.359  0.313   0.000    0.954      0.004    0.002    7056.0    8891.0   1.00
at_least_one_positive_image_by_area[109]   0.313  0.303   0.000    0.925      0.004    0.002    5563.0    7170.0   1.00
at_least_one_positive_image_by_area[110]   0.295  0.268   0.001    0.855      0.004    0.002    5352.0    8225.0   1.00
at_least_one_positive_image_by_area[111]   0.358  0.310   0.000    0.948      0.004    0.002    4499.0    5027.0   1.00
at_least_one_positive_image_by_area[112]   0.344  0.297   0.000    0.925      0.003    0.002    7916.0    8757.0   1.00
at_least_one_positive_image_by_area[113]   0.210  0.248   0.000    0.757      0.003    0.003    6997.0    7605.0   1.00
at_least_one_positive_image_by_area[114]   0.610  0.382   0.017    1.000      0.006    0.002    4642.0    5685.0   1.00
at_least_one_positive_image_by_area[115]   0.467  0.356   0.018    1.000      0.005    0.001    4871.0    5795.0   1.00
at_least_one_positive_image_by_area[116]   1.000  0.000   1.000    1.000      0.000      NaN   40000.0   40000.0    NaN
at_least_one_positive_image_by_area[117]   0.313  0.295   0.000    0.911      0.004    0.002    5593.0    8065.0   1.00
at_least_one_positive_image_by_area[118]   0.313  0.278   0.000    0.879      0.003    0.002    6727.0    8686.0   1.00
at_least_one_positive_image_by_area[119]   0.172  0.214   0.000    0.633      0.003    0.002    6267.0    8339.0   1.00
at_least_one_positive_image_by_area[120]   0.253  0.281   0.000    0.862      0.003    0.002    5499.0    8275.0   1.00
at_least_one_positive_image_by_area[121]   0.311  0.279   0.000    0.874      0.003    0.002    5723.0    7310.0   1.00
at_least_one_positive_image_by_area[122]   0.404  0.306   0.005    0.959      0.004    0.002    7135.0    8441.0   1.00
at_least_one_positive_image_by_area[123]   0.209  0.245   0.000    0.740      0.003    0.003    6183.0    8979.0   1.00
at_least_one_positive_image_by_area[124]   0.284  0.281   0.000    0.874      0.003    0.002    5953.0    7263.0   1.00
at_least_one_positive_image_by_area[125]   1.000  0.000   1.000    1.000      0.000      NaN   40000.0   40000.0    NaN
at_least_one_positive_image_by_area[126]   0.318  0.286   0.000    0.899      0.003    0.002    5984.0    6391.0   1.00
at_least_one_positive_image_by_area[127]   0.098  0.157   0.000    0.390      0.002    0.003    4857.0    7316.0   1.00
at_least_one_positive_image_by_area[128]   0.274  0.292   0.000    0.902      0.004    0.002    4997.0    7275.0   1.00
at_least_one_positive_image_by_area[129]   0.134  0.183   0.000    0.500      0.002    0.003    4297.0    7696.0   1.00
at_least_one_positive_image_by_area[130]   0.093  0.146   0.000    0.355      0.002    0.003    4640.0    7373.0   1.00
at_least_one_positive_image_by_area[131]   0.240  0.251   0.000    0.776      0.003    0.002    4821.0    7495.0   1.00
at_least_one_positive_image_by_area[132]   0.095  0.131   0.000    0.334      0.002    0.003    3955.0    7107.0   1.00
at_least_one_positive_image_by_area[133]   0.241  0.256   0.000    0.792      0.003    0.002    5078.0    8004.0   1.00
at_least_one_positive_image_by_area[134]   0.194  0.239   0.000    0.720      0.003    0.002    5484.0    7271.0   1.00
at_least_one_positive_image_by_area[135]   0.136  0.186   0.000    0.510      0.002    0.003    5278.0    8122.0   1.00
at_least_one_positive_image_by_area[136]   0.241  0.255   0.000    0.792      0.003    0.002    4546.0    6142.0   1.00
at_least_one_positive_image_by_area[137]   0.204  0.258   0.000    0.776      0.003    0.003    4787.0    7433.0   1.00
at_least_one_positive_image_by_area[138]   0.285  0.291   0.000    0.902      0.004    0.002    4113.0    7131.0   1.00
at_least_one_positive_image_by_area[139]   0.169  0.217   0.000    0.640      0.003    0.003    4903.0    7539.0   1.00
at_least_one_positive_image_by_area[140]   0.198  0.236   0.000    0.714      0.003    0.003    5438.0    8375.0   1.00
at_least_one_positive_image_by_area[141]   0.194  0.214   0.000    0.639      0.003    0.002    5542.0    8037.0   1.00
at_least_one_positive_image_by_area[142]   0.156  0.201   0.000    0.575      0.003    0.003    5300.0    6488.0   1.00
at_least_one_positive_image_by_area[143]   0.138  0.185   0.000    0.509      0.002    0.002    6977.0    9778.0   1.00
at_least_one_positive_image_by_area[144]   0.260  0.262   0.000    0.815      0.003    0.002    5514.0    5632.0   1.00
at_least_one_positive_image_by_area[145]   0.286  0.288   0.000    0.890      0.003    0.002    6598.0    9012.0   1.00
at_least_one_positive_image_by_area[146]   1.000  0.000   1.000    1.000      0.000      NaN   40000.0   40000.0    NaN
at_least_one_positive_image_by_area[147]   0.999  0.018   1.000    1.000      0.000    0.007    5753.0    7170.0   1.00
at_least_one_positive_image_by_area[148]   0.173  0.242   0.000    0.726      0.003    0.003    6176.0    9023.0   1.00
at_least_one_positive_image_by_area[149]   0.347  0.295   0.000    0.927      0.004    0.002    5883.0    7720.0   1.00
at_least_one_positive_image_by_area[150]   0.414  0.304   0.004    0.957      0.004    0.002    5616.0    8870.0   1.00
at_least_one_positive_image_by_area[151]   0.248  0.285   0.000    0.880      0.003    0.002    5975.0    7619.0   1.00
at_least_one_positive_image_by_area[152]   0.148  0.218   0.000    0.623      0.003    0.003    5902.0    8812.0   1.00
at_least_one_positive_image_by_area[153]   0.110  0.184   0.000    0.485      0.002    0.003    5528.0    8598.0   1.00
at_least_one_positive_image_by_area[154]   0.144  0.200   0.000    0.557      0.002    0.002    5215.0    7985.0   1.00
at_least_one_positive_image_by_area[155]   0.000  0.000   0.000    0.000      0.000      NaN   40000.0   40000.0    NaN
at_least_one_positive_image_by_area[156]   0.077  0.134   0.000    0.309      0.002    0.003    4917.0    7298.0   1.00
at_least_one_positive_image_by_area[157]   0.394  0.314   0.001    0.961      0.003    0.002    7865.0    9269.0   1.00
at_least_one_positive_image_by_area[158]   0.458  0.316   0.043    1.000      0.004    0.001    7389.0    8805.0   1.00
at_least_one_positive_image_by_area[159]   0.187  0.247   0.000    0.740      0.003    0.003    7066.0    8330.0   1.00
at_least_one_positive_image_by_area[160]   0.429  0.301   0.046    1.000      0.004    0.001    6174.0    8367.0   1.00
at_least_one_positive_image_by_area[161]   0.074  0.153   0.000    0.342      0.002    0.003    5566.0    7661.0   1.00
at_least_one_positive_image_by_area[162]   0.477  0.312   0.054    1.000      0.004    0.001    6711.0    8695.0   1.00
at_least_one_positive_image_by_area[163]   0.097  0.170   0.000    0.423      0.002    0.003    4734.0    4262.0   1.00
at_least_one_positive_image_by_area[164]   0.413  0.298   0.008    0.952      0.004    0.002    4845.0    7340.0   1.00
at_least_one_positive_image_by_area[165]   0.247  0.246   0.000    0.767      0.003    0.002    4674.0    5758.0   1.00
at_least_one_positive_image_by_area[166]   0.190  0.231   0.000    0.694      0.003    0.002    5435.0    8077.0   1.00
at_least_one_positive_image_by_area[167]   0.272  0.253   0.001    0.792      0.003    0.002    5063.0    7206.0   1.00
at_least_one_positive_image_by_area[168]   0.054  0.119   0.000    0.227      0.001    0.003    5517.0    8548.0   1.00
at_least_one_positive_image_by_area[169]   0.098  0.170   0.000    0.420      0.002    0.003    5675.0    8421.0   1.00
at_least_one_positive_image_by_area[170]   0.145  0.199   0.000    0.562      0.002    0.003    5879.0    9002.0   1.00
at_least_one_positive_image_by_area[171]   0.296  0.277   0.000    0.873      0.003    0.002    6745.0    9331.0   1.00
at_least_one_positive_image_by_area[172]   1.000  0.000   1.000    1.000      0.000      NaN   40000.0   40000.0    NaN
at_least_one_positive_image_by_area[173]   0.413  0.295   0.010    0.953      0.004    0.002    5448.0    5101.0   1.00
at_least_one_positive_image_by_area[174]   0.308  0.286   0.000    0.895      0.003    0.002    6516.0    7880.0   1.00
at_least_one_positive_image_by_area[175]   0.153  0.210   0.000    0.603      0.003    0.003    5165.0    6605.0   1.00
at_least_one_positive_image_by_area[176]   0.381  0.312   0.002    0.957      0.005    0.002    3985.0    5534.0   1.00
at_least_one_positive_image_by_area[177]   0.056  0.118   0.000    0.232      0.001    0.003    4783.0    8147.0   1.00
at_least_one_positive_image_by_area[178]   0.292  0.275   0.001    0.860      0.003    0.002    6414.0    8048.0   1.00
at_least_one_positive_image_by_area[179]   0.217  0.228   0.000    0.691      0.003    0.002    5433.0    8659.0   1.00
at_least_one_positive_image_by_area[180]   0.110  0.192   0.000    0.505      0.002    0.003    5316.0    6658.0   1.00
at_least_one_positive_image_by_area[181]   0.216  0.232   0.000    0.706      0.003    0.003    4842.0    7845.0   1.00
at_least_one_positive_image_by_area[182]   0.078  0.151   0.000    0.344      0.002    0.003    4554.0    7874.0   1.00
at_least_one_positive_image_by_area[183]   0.140  0.185   0.000    0.510      0.002    0.003    4788.0    9080.0   1.00
at_least_one_positive_image_by_area[184]   0.274  0.264   0.000    0.828      0.003    0.002    5575.0    9637.0   1.00
at_least_one_positive_image_by_area[185]   0.727  0.307   0.103    1.000      0.004    0.003    5856.0    3999.0   1.00
at_least_one_positive_image_by_area[186]   0.189  0.218   0.000    0.647      0.003    0.003    4655.0    8386.0   1.00
at_least_one_positive_image_by_area[187]   0.136  0.218   0.000    0.622      0.003    0.003    5360.0    8609.0   1.00
at_least_one_positive_image_by_area[188]   0.087  0.156   0.000    0.370      0.002    0.003    4683.0    5540.0   1.00
at_least_one_positive_image_by_area[189]   0.099  0.155   0.000    0.384      0.002    0.003    4568.0    7522.0   1.00
at_least_one_positive_image_by_area[190]   0.095  0.141   0.000    0.353      0.002    0.003    4209.0    8924.0   1.00
at_least_one_positive_image_by_area[191]   0.084  0.158   0.000    0.367      0.002    0.003    4405.0    5814.0   1.00
at_least_one_positive_image_by_area[192]   0.130  0.185   0.000    0.510      0.002    0.003    4716.0    7763.0   1.00
at_least_one_positive_image_by_area[193]   0.142  0.215   0.000    0.608      0.003    0.003    4602.0    5897.0   1.00
at_least_one_positive_image_by_area[194]   0.144  0.190   0.000    0.529      0.002    0.003    5043.0    7448.0   1.00
at_least_one_positive_image_by_area[195]   0.106  0.164   0.000    0.420      0.002    0.003    4922.0    8136.0   1.00
at_least_one_positive_image_by_area[196]   0.197  0.245   0.000    0.740      0.003    0.003    4028.0    5801.0   1.00
at_least_one_positive_image_by_area[197]   0.123  0.167   0.000    0.454      0.002    0.002    5087.0    7376.0   1.00
at_least_one_positive_image_by_area[198]   0.236  0.253   0.000    0.781      0.003    0.002    4140.0    4684.0   1.00
at_least_one_positive_image_by_area[199]   0.166  0.211   0.000    0.609      0.003    0.003    5378.0    8676.0   1.00
at_least_one_positive_image_by_area[200]   0.147  0.213   0.000    0.613      0.003    0.003    4417.0    5482.0   1.00
at_least_one_positive_image_by_area[201]   0.195  0.243   0.000    0.727      0.003    0.002    5255.0    7380.0   1.00
at_least_one_positive_image_by_area[202]   0.092  0.159   0.000    0.389      0.002    0.003    4784.0    7065.0   1.00
at_least_one_positive_image_by_area[203]   0.116  0.176   0.000    0.466      0.002    0.003    5756.0    7731.0   1.00
at_least_one_positive_image_by_area[204]   0.049  0.091   0.000    0.186      0.001    0.002    4326.0    6980.0   1.00
at_least_one_positive_image_by_area[205]   0.199  0.230   0.000    0.697      0.003    0.002    5377.0    8297.0   1.00
at_least_one_positive_image_by_area[206]   0.115  0.168   0.000    0.441      0.002    0.003    4733.0    7576.0   1.00
at_least_one_positive_image_by_area[207]   0.331  0.323   0.000    0.957      0.004    0.002    4295.0    6988.0   1.00
at_least_one_positive_image_by_area[208]   0.130  0.190   0.000    0.522      0.002    0.003    5015.0    7639.0   1.00
at_least_one_positive_image_by_area[209]   0.197  0.238   0.000    0.715      0.003    0.002    5600.0    8819.0   1.00
at_least_one_positive_image_by_area[210]   0.167  0.201   0.000    0.578      0.003    0.003    5251.0    8290.0   1.00
at_least_one_positive_image_by_area[211]   0.231  0.265   0.000    0.815      0.003    0.002    6541.0    6582.0   1.00
at_least_one_positive_image_by_area[212]   0.208  0.222   0.001    0.670      0.003    0.003    4229.0    8006.0   1.00
at_least_one_positive_image_by_area[213]   0.156  0.227   0.000    0.661      0.003    0.003    5936.0    6411.0   1.00
at_least_one_positive_image_by_area[214]   0.340  0.304   0.001    0.939      0.004    0.002    4806.0    7594.0   1.00
at_least_one_positive_image_by_area[215]   0.151  0.204   0.000    0.582      0.002    0.003    5383.0    7123.0   1.00
at_least_one_positive_image_by_area[216]   0.227  0.240   0.000    0.729      0.004    0.003    3285.0    5847.0   1.00
at_least_one_positive_image_by_area[217]   0.235  0.260   0.000    0.802      0.003    0.002    5792.0    8693.0   1.00
at_least_one_positive_image_by_area[218]   0.205  0.226   0.000    0.679      0.003    0.002    4392.0    7245.0   1.00
at_least_one_positive_image_by_area[219]   0.246  0.250   0.000    0.780      0.003    0.002    4626.0    6928.0   1.00
at_least_one_positive_image_by_area[220]   0.128  0.195   0.000    0.545      0.002    0.003    5379.0    8035.0   1.00
at_least_one_positive_image_by_area[221]   1.000  0.000   1.000    1.000      0.000      NaN   40000.0   40000.0    NaN
at_least_one_positive_image_by_area[222]   0.159  0.203   0.000    0.582      0.003    0.003    4899.0    8627.0   1.00
at_least_one_positive_image_by_area[223]   0.141  0.219   0.000    0.625      0.003    0.003    5061.0    7793.0   1.00
at_least_one_positive_image_by_area[224]   0.215  0.255   0.000    0.778      0.003    0.002    4912.0    7386.0   1.00
at_least_one_positive_image_by_area[225]   0.237  0.266   0.000    0.819      0.003    0.002    4542.0    6218.0   1.00
at_least_one_positive_image_by_area[226]   0.406  0.290   0.007    0.942      0.004    0.002    6173.0    7796.0   1.00
at_least_one_positive_image_by_area[227]   0.607  0.340   0.052    1.000      0.004    0.002    6948.0    7197.0   1.00
at_least_one_positive_image_by_area[228]   0.608  0.355   0.029    1.000      0.006    0.002    3613.0    4485.0   1.00
at_least_one_positive_image_by_area[229]   0.263  0.257   0.000    0.805      0.004    0.002    3557.0    4503.0   1.00
at_least_one_positive_image_by_area[230]   0.369  0.336   0.000    0.977      0.005    0.002    3694.0    4785.0   1.00
at_least_one_positive_image_by_area[231]   0.327  0.283   0.001    0.892      0.004    0.002    5874.0    7888.0   1.00
at_least_one_positive_image_by_area[232]   0.233  0.245   0.000    0.755      0.003    0.002    4216.0    5430.0   1.00
at_least_one_positive_image_by_area[233]   0.315  0.290   0.000    0.905      0.003    0.002    5984.0    7573.0   1.00
at_least_one_positive_image_by_area[234]   0.106  0.162   0.000    0.409      0.002    0.003    4324.0    7288.0   1.00
at_least_one_positive_image_by_area[235]   0.288  0.277   0.000    0.868      0.003    0.002    6929.0    8051.0   1.00
at_least_one_positive_image_by_area[236]   0.069  0.125   0.000    0.277      0.002    0.003    4401.0    7616.0   1.00
at_least_one_positive_image_by_area[237]   0.111  0.164   0.000    0.424      0.002    0.003    4287.0    7106.0   1.00
at_least_one_positive_image_by_area[238]   0.123  0.168   0.000    0.453      0.002    0.003    3766.0    7287.0   1.00
at_least_one_positive_image_by_area[239]   0.130  0.179   0.000    0.496      0.002    0.003    4379.0    8913.0   1.00
at_least_one_positive_image_by_area[240]   0.239  0.243   0.001    0.749      0.003    0.002    5479.0    8303.0   1.00
at_least_one_positive_image_by_area[241]   0.130  0.174   0.000    0.471      0.002    0.003    4413.0    7190.0   1.00
at_least_one_positive_image_by_area[242]   0.106  0.173   0.000    0.447      0.002    0.003    4722.0    6645.0   1.00
at_least_one_positive_image_by_area[243]   0.175  0.200   0.000    0.581      0.002    0.002    5688.0    8104.0   1.00
at_least_one_positive_image_by_area[244]   0.319  0.271   0.001    0.862      0.003    0.002    5860.0    6580.0   1.00
at_least_one_positive_image_by_area[245]   0.095  0.155   0.000    0.385      0.002    0.003    5094.0    8794.0   1.00
at_least_one_positive_image_by_area[246]   0.201  0.235   0.000    0.713      0.003    0.002    5714.0    6664.0   1.00
at_least_one_positive_image_by_area[247]   0.158  0.202   0.000    0.584      0.003    0.003    4539.0    7724.0   1.00
at_least_one_positive_image_by_area[248]   0.181  0.219   0.000    0.646      0.003    0.003    5278.0    7364.0   1.00
at_least_one_positive_image_by_area[249]   0.127  0.187   0.000    0.497      0.002    0.003    5200.0    8033.0   1.00
at_least_one_positive_image_by_area[250]   0.186  0.239   0.000    0.714      0.003    0.003    5613.0    9309.0   1.00
at_least_one_positive_image_by_area[251]   0.203  0.213   0.001    0.644      0.003    0.002    4131.0    6743.0   1.00
at_least_one_positive_image_by_area[252]   0.547  0.362   0.018    1.000      0.004    0.001    6773.0    7352.0   1.00
at_least_one_positive_image_by_area[253]   0.381  0.307   0.001    0.956      0.004    0.002    6210.0    8446.0   1.00
at_least_one_positive_image_by_area[254]   0.167  0.213   0.000    0.616      0.003    0.003    6078.0    7867.0   1.00
at_least_one_positive_image_by_area[255]   0.196  0.230   0.000    0.690      0.003    0.003    5495.0    8443.0   1.00
at_least_one_positive_image_by_area[256]   0.471  0.300   0.066    1.000      0.004    0.001    5613.0    7629.0   1.00
at_least_one_positive_image_by_area[257]   0.655  0.321   0.092    1.000      0.004    0.002    6906.0    6670.0   1.00
at_least_one_positive_image_by_area[258]   0.562  0.315   0.079    1.000      0.004    0.001    7340.0    7752.0   1.00
at_least_one_positive_image_by_area[259]   0.186  0.222   0.000    0.660      0.002    0.002    6392.0    7115.0   1.00
at_least_one_positive_image_by_area[260]   0.352  0.301   0.001    0.936      0.003    0.002    6809.0    8176.0   1.00
at_least_one_positive_image_by_area[261]   0.075  0.119   0.000    0.280      0.001    0.002    5915.0    7948.0   1.00
at_least_one_positive_image_by_area[262]   1.000  0.000   1.000    1.000      0.000      NaN   40000.0   40000.0    NaN
at_least_one_positive_image_by_area[263]   0.420  0.330   0.021    1.000      0.004    0.001    6251.0    6950.0   1.00
at_least_one_positive_image_by_area[264]   0.173  0.238   0.000    0.709      0.003    0.003    5310.0    5968.0   1.00
at_least_one_positive_image_by_area[265]   0.459  0.321   0.037    1.000      0.004    0.001    7524.0    8648.0   1.00
at_least_one_positive_image_by_area[266]   0.202  0.234   0.000    0.705      0.003    0.003    4947.0    7606.0   1.00
at_least_one_positive_image_by_area[267]   0.296  0.315   0.000    0.940      0.004    0.002    4482.0    5549.0   1.00
at_least_one_positive_image_by_area[268]   0.217  0.266   0.000    0.817      0.003    0.002    6863.0    9085.0   1.00
at_least_one_positive_image_by_area[269]   0.215  0.256   0.000    0.782      0.003    0.002    5505.0    6204.0   1.00
at_least_one_positive_image_by_area[270]   0.135  0.186   0.000    0.520      0.002    0.003    5264.0    7282.0   1.00
at_least_one_positive_image_by_area[271]   0.123  0.185   0.000    0.506      0.002    0.003    5645.0    7075.0   1.00
at_least_one_positive_image_by_area[272]   0.178  0.261   0.000    0.792      0.003    0.003    5284.0    8603.0   1.00
at_least_one_positive_image_by_area[273]   0.202  0.213   0.001    0.650      0.003    0.002    5032.0    8229.0   1.00
at_least_one_positive_image_by_area[274]   0.264  0.261   0.000    0.813      0.003    0.002    5266.0    6624.0   1.00
at_least_one_positive_image_by_area[275]   0.270  0.256   0.000    0.804      0.003    0.002    5606.0    6436.0   1.00
at_least_one_positive_image_by_area[276]   0.402  0.288   0.006    0.936      0.004    0.002    6453.0    8212.0   1.00
at_least_one_positive_image_by_area[277]   0.337  0.304   0.000    0.938      0.004    0.002    6476.0    8751.0   1.00
at_least_one_positive_image_by_area[278]   0.181  0.234   0.000    0.706      0.003    0.002    6911.0    8761.0   1.00
at_least_one_positive_image_by_area[279]   0.297  0.289   0.000    0.898      0.003    0.002    7000.0    9811.0   1.00
at_least_one_positive_image_by_area[280]   0.135  0.194   0.000    0.539      0.002    0.003    5916.0    8566.0   1.00
at_least_one_positive_image_by_area[281]   0.171  0.215   0.000    0.631      0.003    0.003    6398.0   10435.0   1.00
at_least_one_positive_image_by_area[282]   0.095  0.150   0.000    0.375      0.002    0.003    5999.0    8125.0   1.00
at_least_one_positive_image_by_area[283]   0.216  0.231   0.000    0.712      0.003    0.002    5721.0    7910.0   1.00
at_least_one_positive_image_by_area[284]   0.240  0.257   0.000    0.796      0.004    0.002    4995.0    7870.0   1.00
at_least_one_positive_image_by_area[285]   0.250  0.292   0.000    0.891      0.003    0.002    7146.0    8295.0   1.00
at_least_one_positive_image_by_area[286]   0.182  0.240   0.000    0.721      0.003    0.003    5228.0    7199.0   1.00
at_least_one_positive_image_by_area[287]   0.238  0.253   0.000    0.784      0.003    0.003    5192.0    8049.0   1.00
at_least_one_positive_image_by_area[288]   0.276  0.268   0.000    0.842      0.003    0.002    5545.0    7713.0   1.00
at_least_one_positive_image_by_area[289]   0.272  0.264   0.000    0.832      0.003    0.002    5750.0    7377.0   1.00
at_least_one_positive_image_by_area[290]   0.316  0.288   0.000    0.902      0.004    0.002    5944.0    8417.0   1.00
at_least_one_positive_image_by_area[291]   0.148  0.199   0.000    0.560      0.002    0.003    6100.0    7544.0   1.00
at_least_one_positive_image_by_area[292]   0.150  0.200   0.000    0.566      0.003    0.003    4780.0    7490.0   1.00
at_least_one_positive_image_by_area[293]   0.142  0.195   0.000    0.547      0.002    0.003    5608.0    8311.0   1.00
at_least_one_positive_image_by_area[294]   0.130  0.168   0.000    0.456      0.002    0.003    4305.0    7715.0   1.00
at_least_one_positive_image_by_area[295]   0.127  0.190   0.000    0.521      0.002    0.003    4173.0    7518.0   1.00
at_least_one_positive_image_by_area[296]   0.111  0.168   0.000    0.443      0.002    0.003    5903.0    9038.0   1.00
at_least_one_positive_image_by_area[297]   0.203  0.228   0.000    0.686      0.003    0.002    5666.0    9119.0   1.00
at_least_one_positive_image_by_area[298]   0.261  0.259   0.000    0.808      0.003    0.002    5832.0    9492.0   1.00
at_least_one_positive_image_by_area[299]   0.192  0.239   0.000    0.713      0.003    0.003    4771.0    7658.0   1.00
at_least_one_positive_image_by_area[300]   0.354  0.283   0.002    0.905      0.003    0.002    6857.0   10092.0   1.00
at_least_one_positive_image_by_area[301]   0.170  0.225   0.000    0.666      0.003    0.003    4344.0    7689.0   1.00
at_least_one_positive_image_by_area[302]   0.170  0.216   0.000    0.630      0.003    0.002    5763.0    7718.0   1.00
at_least_one_positive_image_by_area[303]   0.122  0.173   0.000    0.459      0.002    0.003    3632.0    7066.0   1.00
at_least_one_positive_image_by_area[304]   0.285  0.257   0.001    0.815      0.003    0.002    5499.0    7958.0   1.00
at_least_one_positive_image_by_area[305]   0.193  0.225   0.000    0.677      0.003    0.003    4272.0    5714.0   1.00
at_least_one_positive_image_by_area[306]   0.164  0.219   0.000    0.639      0.003    0.003    6074.0    9277.0   1.00
at_least_one_positive_image_by_area[307]   0.206  0.233   0.000    0.705      0.003    0.002    5557.0    8593.0   1.00
at_least_one_positive_image_by_area[308]   0.187  0.227   0.000    0.683      0.003    0.003    4602.0    7046.0   1.00
at_least_one_positive_image_by_area[309]   0.226  0.252   0.000    0.769      0.003    0.002    6783.0    7577.0   1.00
at_least_one_positive_image_by_area[310]   0.236  0.258   0.000    0.802      0.003    0.002    6001.0    9336.0   1.00
at_least_one_positive_image_by_area[311]   0.260  0.261   0.000    0.816      0.003    0.002    5331.0    6951.0   1.00
at_least_one_positive_image_by_area[312]   0.203  0.230   0.000    0.695      0.003    0.003    5351.0    7718.0   1.00
at_least_one_positive_image_by_area[313]   0.154  0.201   0.000    0.576      0.003    0.003    4018.0    5728.0   1.00
at_least_one_positive_image_by_area[314]   0.172  0.218   0.000    0.643      0.003    0.003    4751.0    7647.0   1.00
at_least_one_positive_image_by_area[315]   0.165  0.212   0.000    0.618      0.003    0.003    4737.0    8007.0   1.00
at_least_one_positive_image_by_area[316]   0.198  0.226   0.000    0.683      0.003    0.002    5643.0    6320.0   1.00
at_least_one_positive_image_by_area[317]   0.090  0.141   0.000    0.351      0.002    0.002    3621.0    5098.0   1.00
at_least_one_positive_image_by_area[318]   0.149  0.213   0.000    0.616      0.003    0.003    5406.0    6173.0   1.00
at_least_one_positive_image_by_area[319]   0.230  0.246   0.000    0.757      0.003    0.003    5102.0    6246.0   1.00
at_least_one_positive_image_by_area[320]   0.174  0.219   0.000    0.647      0.003    0.003    5296.0    7416.0   1.00
at_least_one_positive_image_by_area[321]   0.333  0.266   0.004    0.860      0.004    0.002    4636.0    7030.0   1.00
at_least_one_positive_image_by_area[322]   0.218  0.252   0.000    0.771      0.003    0.002    6291.0    8552.0   1.00
at_least_one_positive_image_by_area[323]   0.308  0.284   0.000    0.885      0.003    0.002    6445.0    7738.0   1.00
at_least_one_positive_image_by_area[324]   0.458  0.302   0.056    1.000      0.004    0.001    6191.0    7310.0   1.00
at_least_one_positive_image_by_area[325]   0.313  0.283   0.001    0.886      0.003    0.002    6236.0    8109.0   1.00
at_least_one_positive_image_by_area[326]   0.201  0.222   0.000    0.673      0.003    0.003    5703.0    6254.0   1.00
at_least_one_positive_image_by_area[327]   0.368  0.298   0.002    0.937      0.004    0.002    6472.0   10139.0   1.00
at_least_one_positive_image_by_area[328]   0.250  0.270   0.000    0.830      0.003    0.002    5675.0    7154.0   1.00
at_least_one_positive_image_by_area[329]   0.132  0.206   0.000    0.575      0.002    0.003    5667.0    7659.0   1.00
at_least_one_positive_image_by_area[330]   0.459  0.315   0.044    1.000      0.004    0.001    6069.0    7085.0   1.00
at_least_one_positive_image_by_area[331]   0.194  0.240   0.000    0.725      0.003    0.003    5879.0    8534.0   1.00
at_least_one_positive_image_by_area[332]   0.168  0.234   0.000    0.695      0.003    0.003    6897.0    9628.0   1.00
at_least_one_positive_image_by_area[333]   0.233  0.254   0.000    0.778      0.003    0.002    5264.0    7164.0   1.00
at_least_one_positive_image_by_area[334]   0.173  0.247   0.000    0.745      0.003    0.003    5975.0    8466.0   1.00
at_least_one_positive_image_by_area[335]   0.193  0.267   0.000    0.819      0.003    0.002    6016.0    5969.0   1.00
at_least_one_positive_image_by_area[336]   0.231  0.275   0.000    0.851      0.003    0.002    5422.0    7330.0   1.00
at_least_one_positive_image_by_area[337]   0.184  0.249   0.000    0.749      0.003    0.003    6042.0    8739.0   1.00
at_least_one_positive_image_by_area[338]   0.292  0.309   0.000    0.943      0.003    0.002    7602.0    8309.0   1.00
at_least_one_positive_image_by_area[339]   0.237  0.268   0.000    0.827      0.003    0.002    6699.0    9305.0   1.00
at_least_one_positive_image_by_area[340]   0.871  0.217   0.384    1.000      0.003    0.003    7323.0    7648.0   1.00
at_least_one_positive_image_by_area[341]   0.241  0.256   0.000    0.795      0.003    0.003    5527.0    8609.0   1.00
at_least_one_positive_image_by_area[342]   0.584  0.305   0.102    1.000      0.004    0.001    6206.0    7931.0   1.00
at_least_one_positive_image_by_area[343]   0.143  0.220   0.000    0.635      0.002    0.003    6836.0    8518.0   1.00
at_least_one_positive_image_by_area[344]   0.054  0.124   0.000    0.235      0.001    0.003    6918.0    8794.0   1.00
at_least_one_positive_image_by_area[345]   0.421  0.323   0.026    1.000      0.004    0.001    5834.0    6216.0   1.00
at_least_one_positive_image_by_area[346]   0.933  0.158   0.641    1.000      0.003    0.005    6072.0    4804.0   1.00
at_least_one_positive_image_by_area[347]   0.494  0.319   0.050    1.000      0.004    0.001    6696.0    5877.0   1.00
at_least_one_positive_image_by_area[348]   0.130  0.197   0.000    0.539      0.002    0.003    6975.0   10177.0   1.00
at_least_one_positive_image_by_area[349]   1.000  0.000   1.000    1.000      0.000      NaN   40000.0   40000.0    NaN
at_least_one_positive_image_by_area[350]   0.214  0.247   0.000    0.757      0.003    0.003    5469.0    7441.0   1.00
at_least_one_positive_image_by_area[351]   0.162  0.210   0.000    0.606      0.003    0.003    3827.0    8891.0   1.00
at_least_one_positive_image_by_area[352]   0.203  0.236   0.000    0.712      0.003    0.003    4204.0    7001.0   1.00
at_least_one_positive_image_by_area[353]   0.399  0.308   0.001    0.960      0.004    0.002    6556.0    8733.0   1.00
at_least_one_positive_image_by_area[354]   0.264  0.308   0.000    0.932      0.004    0.002    4325.0    7905.0   1.00
at_least_one_positive_image_by_area[355]   0.106  0.168   0.000    0.434      0.002    0.003    4661.0    8936.0   1.00
at_least_one_positive_image_by_area[356]   0.165  0.217   0.000    0.632      0.003    0.003    5563.0    8775.0   1.00
at_least_one_positive_image_by_area[357]   0.133  0.194   0.000    0.538      0.003    0.003    4374.0    7002.0   1.00
at_least_one_positive_image_by_area[358]   0.225  0.257   0.000    0.785      0.003    0.002    4970.0    6981.0   1.00
at_least_one_positive_image_by_area[359]   0.178  0.221   0.000    0.651      0.003    0.003    5046.0    7690.0   1.00
at_least_one_positive_image_by_area[360]   0.257  0.292   0.000    0.893      0.004    0.002    4343.0    7751.0   1.00
at_least_one_positive_image_by_area[361]   0.101  0.170   0.000    0.428      0.002    0.003    4553.0    7433.0   1.00
at_least_one_positive_image_by_area[362]   0.720  0.327   0.083    1.000      0.004    0.003    6421.0    6256.0   1.00
at_least_one_positive_image_by_area[363]   0.208  0.237   0.000    0.710      0.003    0.002    3899.0    5127.0   1.00
at_least_one_positive_image_by_area[364]   0.465  0.311   0.051    1.000      0.004    0.001    6066.0    7642.0   1.00
at_least_one_positive_image_by_area[365]   0.138  0.179   0.000    0.490      0.002    0.003    4550.0    7735.0   1.00
at_least_one_positive_image_by_area[366]   0.225  0.248   0.000    0.759      0.003    0.002    5219.0    6965.0   1.00
at_least_one_positive_image_by_area[367]   0.271  0.275   0.000    0.859      0.003    0.002    5993.0    7407.0   1.00
at_least_one_positive_image_by_area[368]   0.193  0.218   0.000    0.648      0.003    0.002    4363.0    5419.0   1.00
at_least_one_positive_image_by_area[369]   0.213  0.260   0.000    0.791      0.003    0.002    6040.0    8177.0   1.00
at_least_one_positive_image_by_area[370]   0.347  0.309   0.000    0.948      0.004    0.002    5008.0    7283.0   1.00
at_least_one_positive_image_by_area[371]   0.393  0.352   0.009    1.000      0.005    0.001    5593.0    8204.0   1.00
at_least_one_positive_image_by_area[372]   0.083  0.160   0.000    0.382      0.002    0.003    6178.0    9732.0   1.00
at_least_one_positive_image_by_area[373]   0.287  0.286   0.000    0.886      0.004    0.002    5400.0    5917.0   1.00
at_least_one_positive_image_by_area[374]   0.163  0.217   0.000    0.632      0.003    0.003    5349.0    7682.0   1.00
at_least_one_positive_image_by_area[375]   0.235  0.238   0.000    0.735      0.003    0.002    5427.0    9147.0   1.00
at_least_one_positive_image_by_area[376]   0.304  0.278   0.000    0.878      0.003    0.002    6879.0    9261.0   1.00
at_least_one_positive_image_by_area[377]   0.275  0.277   0.000    0.864      0.003    0.002    6379.0    7786.0   1.00
at_least_one_positive_image_by_area[378]   0.203  0.222   0.001    0.671      0.003    0.003    4968.0    8037.0   1.00
at_least_one_positive_image_by_area[379]   0.157  0.220   0.000    0.638      0.003    0.003    6136.0    8689.0   1.00
at_least_one_positive_image_by_area[380]   0.156  0.187   0.000    0.534      0.002    0.003    4818.0    7946.0   1.00
at_least_one_positive_image_by_area[381]   0.201  0.229   0.000    0.693      0.003    0.002    4808.0    7171.0   1.00
at_least_one_positive_image_by_area[382]   0.257  0.269   0.000    0.841      0.004    0.002    5135.0    8003.0   1.00
at_least_one_positive_image_by_area[383]   0.152  0.200   0.000    0.569      0.003    0.003    5192.0    7926.0   1.00
at_least_one_positive_image_by_area[384]   0.168  0.210   0.000    0.612      0.003    0.003    5039.0    9039.0   1.00
at_least_one_positive_image_by_area[385]   0.236  0.255   0.000    0.785      0.003    0.002    6215.0    8910.0   1.00
at_least_one_positive_image_by_area[386]   0.291  0.317   0.000    0.950      0.004    0.002    5890.0    9505.0   1.00
at_least_one_positive_image_by_area[387]   0.181  0.219   0.000    0.647      0.003    0.003    4847.0    6154.0   1.00
at_least_one_positive_image_by_area[388]   0.279  0.280   0.000    0.868      0.003    0.002    6289.0    8281.0   1.00
at_least_one_positive_image_by_area[389]   0.179  0.219   0.000    0.652      0.003    0.003    6180.0    6962.0   1.00
at_least_one_positive_image_by_area[390]   0.253  0.266   0.000    0.823      0.003    0.002    5150.0    6930.0   1.00
at_least_one_positive_image_by_area[391]   0.276  0.296   0.000    0.909      0.003    0.002    6608.0    8147.0   1.00
at_least_one_positive_image_by_area[392]   0.131  0.204   0.000    0.566      0.002    0.003    5414.0    7401.0   1.00
at_least_one_positive_image_by_area[393]   0.173  0.207   0.000    0.602      0.003    0.003    4742.0    7400.0   1.00
at_least_one_positive_image_by_area[394]   0.225  0.240   0.000    0.745      0.003    0.003    5638.0    8269.0   1.00
at_least_one_positive_image_by_area[395]   0.126  0.203   0.000    0.558      0.003    0.003    4902.0    7408.0   1.00
at_least_one_positive_image_by_area[396]   0.250  0.264   0.000    0.819      0.003    0.002    6878.0    9328.0   1.00
at_least_one_positive_image_by_area[397]   0.168  0.225   0.000    0.668      0.003    0.004    4014.0    3903.0   1.00
at_least_one_positive_image_by_area[398]   0.183  0.227   0.000    0.679      0.003    0.003    6116.0    8078.0   1.00
at_least_one_positive_image_by_area[399]   0.162  0.240   0.000    0.710      0.003    0.003    4772.0    6255.0   1.00
at_least_one_positive_image_by_area[400]   0.165  0.211   0.000    0.614      0.003    0.003    5611.0    9069.0   1.00
at_least_one_positive_image_by_area[401]   0.168  0.212   0.000    0.618      0.003    0.003    4672.0    7582.0   1.00
at_least_one_positive_image_by_area[402]   0.178  0.243   0.000    0.728      0.003    0.003    4702.0    7011.0   1.00
at_least_one_positive_image_by_area[403]   0.188  0.211   0.000    0.626      0.003    0.003    4645.0    7289.0   1.00
at_least_one_positive_image_by_area[404]   0.146  0.193   0.000    0.543      0.003    0.003    4029.0    6586.0   1.00
at_least_one_positive_image_by_area[405]   0.122  0.177   0.000    0.473      0.002    0.003    4662.0    7080.0   1.00
at_least_one_positive_image_by_area[406]   0.152  0.206   0.000    0.588      0.003    0.003    4918.0    7330.0   1.00
at_least_one_positive_image_by_area[407]   0.136  0.191   0.000    0.524      0.002    0.003    4895.0    7317.0   1.00
at_least_one_positive_image_by_area[408]   0.497  0.364   0.017    1.000      0.005    0.001    4398.0    6416.0   1.00
at_least_one_positive_image_by_area[409]   0.171  0.208   0.000    0.601      0.003    0.003    5045.0    7201.0   1.00
at_least_one_positive_image_by_area[410]   0.186  0.234   0.000    0.705      0.003    0.002    5375.0    6520.0   1.00
at_least_one_positive_image_by_area[411]   0.234  0.235   0.000    0.733      0.003    0.002    5149.0    7564.0   1.00
at_least_one_positive_image_by_area[412]   0.222  0.257   0.000    0.790      0.003    0.003    5502.0    6390.0   1.00
at_least_one_positive_image_by_area[413]   0.295  0.279   0.000    0.876      0.004    0.002    5726.0    8234.0   1.00
at_least_one_positive_image_by_area[414]   0.182  0.222   0.000    0.662      0.003    0.002    5867.0    7628.0   1.00
at_least_one_positive_image_by_area[415]   0.142  0.192   0.000    0.534      0.003    0.003    4755.0    6744.0   1.00
at_least_one_positive_image_by_area[416]   0.119  0.178   0.000    0.479      0.002    0.003    4359.0    5525.0   1.00
at_least_one_positive_image_by_area[417]   0.190  0.236   0.000    0.709      0.003    0.003    5324.0    6522.0   1.00
at_least_one_positive_image_by_area[418]   0.257  0.261   0.000    0.817      0.003    0.002    5735.0    7697.0   1.00
at_least_one_positive_image_by_area[419]   0.284  0.272   0.000    0.853      0.003    0.002    6283.0    8377.0   1.00
at_least_one_positive_image_by_area[420]   0.234  0.258   0.000    0.791      0.003    0.002    5872.0    7293.0   1.00
at_least_one_positive_image_by_area[421]   0.221  0.234   0.000    0.721      0.003    0.002    6179.0    8270.0   1.00
at_least_one_positive_image_by_area[422]   0.227  0.256   0.000    0.789      0.003    0.002    6250.0    8432.0   1.00
at_least_one_positive_image_by_area[423]   0.266  0.268   0.000    0.830      0.003    0.002    5731.0    7833.0   1.00
at_least_one_positive_image_by_area[424]   0.240  0.268   0.000    0.831      0.003    0.002    7017.0    8326.0   1.00
at_least_one_positive_image_by_area[425]   0.192  0.207   0.000    0.621      0.002    0.002    5509.0    6610.0   1.00
at_least_one_positive_image_by_area[426]   0.272  0.268   0.000    0.836      0.003    0.002    6765.0    9260.0   1.00
at_least_one_positive_image_by_area[427]   0.159  0.208   0.000    0.602      0.002    0.002    6393.0    8360.0   1.00
at_least_one_positive_image_by_area[428]   0.234  0.249   0.000    0.766      0.003    0.002    6471.0    8273.0   1.00
at_least_one_positive_image_by_area[429]   0.218  0.243   0.000    0.744      0.003    0.003    5719.0    5561.0   1.00
at_least_one_positive_image_by_area[430]   1.000  0.000   1.000    1.000      0.000      NaN   40000.0   40000.0    NaN
at_least_one_positive_image_by_area[431]   0.201  0.242   0.000    0.731      0.003    0.002    6302.0    7548.0   1.00
at_least_one_positive_image_by_area[432]   0.244  0.262   0.000    0.815      0.003    0.002    6185.0    7616.0   1.00
at_least_one_positive_image_by_area[433]   0.292  0.278   0.000    0.876      0.003    0.002    6502.0    9204.0   1.00
at_least_one_positive_image_by_area[434]   0.282  0.267   0.001    0.843      0.003    0.002    6223.0    7677.0   1.00
at_least_one_positive_image_by_area[435]   0.465  0.305   0.055    1.000      0.004    0.002    6302.0    9079.0   1.00
at_least_one_positive_image_by_area[436]   0.176  0.221   0.000    0.648      0.003    0.003    5913.0    9253.0   1.00
at_least_one_positive_image_by_area[437]   0.346  0.318   0.000    0.958      0.004    0.002    6700.0    7371.0   1.00
at_least_one_positive_image_by_area[438]   0.142  0.206   0.000    0.581      0.002    0.003    6466.0    8577.0   1.00
at_least_one_positive_image_by_area[439]   0.182  0.216   0.000    0.639      0.003    0.002    5753.0    6539.0   1.00
at_least_one_positive_image_by_area[440]   0.239  0.252   0.000    0.778      0.003    0.002    6331.0    8337.0   1.00
at_least_one_positive_image_by_area[441]   0.257  0.268   0.000    0.833      0.003    0.002    6456.0    8047.0   1.00
at_least_one_positive_image_by_area[442]   0.197  0.246   0.000    0.747      0.003    0.003    6504.0    8494.0   1.00
at_least_one_positive_image_by_area[443]   0.213  0.249   0.000    0.762      0.003    0.003    5918.0    7814.0   1.00
at_least_one_positive_image_by_area[444]   0.225  0.248   0.000    0.763      0.003    0.003    5389.0    6624.0   1.00
at_least_one_positive_image_by_area[445]   0.201  0.227   0.000    0.685      0.003    0.002    5940.0    7289.0   1.00
at_least_one_positive_image_by_area[446]   0.287  0.288   0.000    0.893      0.003    0.002    8190.0    9729.0   1.00
at_least_one_positive_image_by_area[447]   0.815  0.275   0.199    1.000      0.004    0.003    6787.0    7815.0   1.00
at_least_one_positive_image_by_area[448]   0.196  0.229   0.000    0.682      0.003    0.002    5516.0    5517.0   1.00
at_least_one_positive_image_by_area[449]   0.227  0.264   0.000    0.812      0.003    0.002    6836.0    8614.0   1.00
at_least_one_positive_image_by_area[450]   0.263  0.280   0.000    0.868      0.003    0.002    6021.0    7595.0   1.00
at_least_one_positive_image_by_area[451]   0.586  0.356   0.043    1.000      0.005    0.002    5085.0    5420.0   1.00
at_least_one_positive_image_by_area[452]   0.368  0.300   0.001    0.939      0.004    0.002    6091.0    7631.0   1.00
at_least_one_positive_image_by_area[453]   0.154  0.207   0.000    0.599      0.003    0.003    4704.0    5269.0   1.00
at_least_one_positive_image_by_area[454]   0.160  0.211   0.000    0.612      0.003    0.003    4504.0    6000.0   1.00
at_least_one_positive_image_by_area[455]   0.168  0.224   0.000    0.656      0.003    0.003    6827.0    9301.0   1.00
at_least_one_positive_image_by_area[456]   0.126  0.173   0.000    0.472      0.002    0.003    6315.0    8888.0   1.00
at_least_one_positive_image_by_area[457]   0.229  0.242   0.000    0.744      0.003    0.002    4989.0    5342.0   1.00
at_least_one_positive_image_by_area[458]   0.719  0.298   0.145    1.000      0.004    0.002    6533.0    7788.0   1.00
at_least_one_positive_image_by_area[459]   0.272  0.275   0.000    0.854      0.004    0.003    4843.0    3945.0   1.00
at_least_one_positive_image_by_area[460]   0.292  0.263   0.001    0.834      0.003    0.002    6724.0    8353.0   1.00
at_least_one_positive_image_by_area[461]   0.163  0.197   0.000    0.567      0.002    0.002    5089.0    5650.0   1.00
at_least_one_positive_image_by_area[462]   0.355  0.300   0.000    0.929      0.004    0.002    5622.0    7179.0   1.00
at_least_one_positive_image_by_area[463]   1.000  0.000   1.000    1.000      0.000      NaN   40000.0   40000.0    NaN
at_least_one_positive_image_by_area[464]   0.261  0.249   0.001    0.783      0.003    0.002    6730.0    9022.0   1.00
at_least_one_positive_image_by_area[465]   0.322  0.290   0.000    0.905      0.003    0.002    6454.0    9045.0   1.00
at_least_one_positive_image_by_area[466]   0.572  0.321   0.074    1.000      0.004    0.001    7686.0    8868.0   1.00
at_least_one_positive_image_by_area[467]   1.000  0.000   1.000    1.000      0.000      NaN   40000.0   40000.0    NaN
at_least_one_positive_image_by_area[468]   0.614  0.303   0.116    1.000      0.004    0.002    6857.0    7799.0   1.00
at_least_one_positive_image_by_area[469]   0.409  0.303   0.003    0.952      0.003    0.002    6968.0    7730.0   1.00
at_least_one_positive_image_by_area[470]   0.463  0.322   0.039    1.000      0.004    0.001    7543.0    9104.0   1.00
at_least_one_positive_image_by_area[471]   0.776  0.277   0.201    1.000      0.004    0.002    6472.0    7676.0   1.00
at_least_one_positive_image_by_area[472]   0.629  0.313   0.105    1.000      0.004    0.002    7096.0    7824.0   1.00
at_least_one_positive_image_by_area[473]   0.566  0.305   0.094    1.000      0.004    0.001    6282.0    7951.0   1.00
at_least_one_positive_image_by_area[474]   0.363  0.293   0.002    0.933      0.004    0.002    6427.0    7415.0   1.00
at_least_one_positive_image_by_area[475]   0.412  0.303   0.005    0.956      0.004    0.002    6115.0    7861.0   1.00
at_least_one_positive_image_by_area[476]   0.478  0.321   0.048    1.000      0.004    0.001    6568.0    8392.0   1.00
at_least_one_positive_image_by_area[477]   0.184  0.223   0.000    0.661      0.003    0.003    5739.0    8887.0   1.00
at_least_one_positive_image_by_area[478]   0.216  0.259   0.000    0.791      0.003    0.002    6147.0    9843.0   1.00
at_least_one_positive_image_by_area[479]   0.408  0.312   0.000    0.963      0.004    0.002    7296.0    9605.0   1.00
at_least_one_positive_image_by_area[480]   0.195  0.229   0.000    0.689      0.003    0.003    6423.0    6980.0   1.00
at_least_one_positive_image_by_area[481]   0.259  0.267   0.000    0.832      0.003    0.002    6249.0    9501.0   1.00
at_least_one_positive_image_by_area[482]   0.238  0.269   0.000    0.831      0.003    0.002    5957.0    7843.0   1.00
at_least_one_positive_image_by_area[483]   0.253  0.252   0.000    0.785      0.003    0.002    6325.0    7593.0   1.00
at_least_one_positive_image_by_area[484]   0.474  0.303   0.064    1.000      0.004    0.001    5848.0    7813.0   1.00
at_least_one_positive_image_by_area[485]   0.376  0.289   0.005    0.928      0.003    0.002    7615.0    8669.0   1.00
at_least_one_positive_image_by_area[486]   0.359  0.311   0.000    0.951      0.003    0.002    7693.0    8177.0   1.00
at_least_one_positive_image_by_area[487]   0.332  0.304   0.000    0.938      0.003    0.002    7025.0    8517.0   1.00
at_least_one_positive_image_by_area[488]   0.914  0.196   0.499    1.000      0.003    0.006    5339.0    3558.0   1.00
at_least_one_positive_image_by_area[489]   0.565  0.331   0.058    1.000      0.004    0.002    5343.0    4782.0   1.00
at_least_one_positive_image_by_area[490]   0.321  0.271   0.001    0.869      0.003    0.002    6773.0    8659.0   1.00
at_least_one_positive_image_by_area[491]   0.235  0.250   0.000    0.776      0.003    0.002    6452.0    8291.0   1.00
at_least_one_positive_image_by_area[492]   0.216  0.254   0.000    0.775      0.003    0.002    4779.0    7027.0   1.00
at_least_one_positive_image_by_area[493]   0.225  0.252   0.000    0.772      0.003    0.002    5754.0    8428.0   1.00
at_least_one_positive_image_by_area[494]   0.232  0.251   0.000    0.780      0.003    0.002    6104.0    8993.0   1.00
at_least_one_positive_image_by_area[495]   0.221  0.255   0.000    0.780      0.003    0.002    5206.0    7799.0   1.00
at_least_one_positive_image_by_area[496]   0.151  0.191   0.000    0.540      0.003    0.003    3965.0    5634.0   1.00
at_least_one_positive_image_by_area[497]   0.159  0.224   0.000    0.653      0.003    0.003    5154.0    6325.0   1.00
at_least_one_positive_image_by_area[498]   0.356  0.273   0.003    0.888      0.004    0.002    5338.0    7074.0   1.00
at_least_one_positive_image_by_area[499]   0.179  0.212   0.000    0.625      0.003    0.002    5412.0    8474.0   1.00
at_least_one_positive_image_by_area[500]   0.136  0.191   0.000    0.531      0.002    0.003    4955.0    7675.0   1.00
at_least_one_positive_image_by_area[501]   0.155  0.206   0.000    0.596      0.003    0.003    4804.0    6591.0   1.00
at_least_one_positive_image_by_area[502]   0.102  0.157   0.000    0.398      0.002    0.003    5008.0    9514.0   1.00
at_least_one_positive_image_by_area[503]   0.093  0.152   0.000    0.374      0.002    0.003    5136.0    8442.0   1.00
at_least_one_positive_image_by_area[504]   0.099  0.160   0.000    0.404      0.002    0.003    4762.0    7179.0   1.00
at_least_one_positive_image_by_area[505]   0.080  0.131   0.000    0.303      0.002    0.003    4143.0    8367.0   1.00
at_least_one_positive_image_by_area[506]   0.204  0.234   0.000    0.713      0.003    0.003    4927.0    7913.0   1.00
at_least_one_positive_image_by_area[507]   0.110  0.171   0.000    0.446      0.002    0.003    4482.0    7345.0   1.00
at_least_one_positive_image_by_area[508]   0.166  0.190   0.000    0.553      0.003    0.003    3892.0    6323.0   1.00
at_least_one_positive_image_by_area[509]   0.126  0.183   0.000    0.493      0.002    0.003    4939.0    8015.0   1.00
at_least_one_positive_image_by_area[510]   0.095  0.161   0.000    0.403      0.002    0.003    5433.0    7578.0   1.00
at_least_one_positive_image_by_area[511]   0.143  0.203   0.000    0.571      0.002    0.003    6093.0    7681.0   1.00
at_least_one_positive_image_by_area[512]   0.117  0.183   0.000    0.492      0.002    0.003    5187.0    7791.0   1.00
at_least_one_positive_image_by_area[513]   0.205  0.236   0.000    0.715      0.003    0.002    5060.0    7524.0   1.00
at_least_one_positive_image_by_area[514]   0.132  0.184   0.000    0.507      0.002    0.003    4866.0    7991.0   1.00
at_least_one_positive_image_by_area[515]   0.180  0.224   0.000    0.666      0.003    0.002    5633.0    7454.0   1.00
at_least_one_positive_image_by_area[516]   0.100  0.167   0.000    0.425      0.002    0.003    5034.0    7678.0   1.00
at_least_one_positive_image_by_area[517]   0.197  0.226   0.000    0.678      0.003    0.002    6219.0    8863.0   1.00
at_least_one_positive_image_by_area[518]   0.183  0.227   0.000    0.676      0.003    0.003    4684.0    7734.0   1.00
at_least_one_positive_image_by_area[519]   0.185  0.232   0.000    0.691      0.003    0.002    6140.0    8877.0   1.00
at_least_one_positive_image_by_area[520]   0.272  0.285   0.000    0.880      0.003    0.002    6092.0    7349.0   1.00
at_least_one_positive_image_by_area[521]   0.060  0.119   0.000    0.252      0.002    0.004    4718.0    7205.0   1.00
at_least_one_positive_image_by_area[522]   0.137  0.201   0.000    0.559      0.003    0.003    4903.0    6754.0   1.00
at_least_one_positive_image_by_area[523]   0.242  0.265   0.000    0.813      0.003    0.002    5959.0    9044.0   1.00
at_least_one_positive_image_by_area[524]   0.349  0.279   0.002    0.900      0.003    0.002    5914.0    6836.0   1.00
at_least_one_positive_image_by_area[525]   0.262  0.266   0.000    0.831      0.003    0.002    6224.0    7654.0   1.00
at_least_one_positive_image_by_area[526]   0.412  0.337   0.020    1.000      0.004    0.001    6349.0    8785.0   1.00
at_least_one_positive_image_by_area[527]   0.379  0.292   0.004    0.933      0.004    0.002    5199.0    7169.0   1.00
at_least_one_positive_image_by_area[528]   0.180  0.211   0.000    0.621      0.003    0.003    4543.0    6838.0   1.00
at_least_one_positive_image_by_area[529]   0.110  0.183   0.000    0.478      0.002    0.003    5491.0    7296.0   1.00
at_least_one_positive_image_by_area[530]   0.072  0.143   0.000    0.312      0.002    0.003    6294.0    9135.0   1.00
at_least_one_positive_image_by_area[531]   0.163  0.236   0.000    0.703      0.003    0.003    6563.0    7014.0   1.00
at_least_one_positive_image_by_area[532]   0.221  0.248   0.000    0.755      0.003    0.002    5837.0    8313.0   1.00
at_least_one_positive_image_by_area[533]   0.228  0.241   0.000    0.741      0.003    0.002    6418.0    9014.0   1.00
at_least_one_positive_image_by_area[534]   0.285  0.266   0.000    0.837      0.003    0.002    6577.0    8824.0   1.00
at_least_one_positive_image_by_area[535]   0.262  0.259   0.000    0.808      0.003    0.002    6103.0    8374.0   1.00
at_least_one_positive_image_by_area[536]   0.314  0.276   0.000    0.879      0.003    0.002    5953.0    7937.0   1.00
at_least_one_positive_image_by_area[537]   0.217  0.242   0.000    0.742      0.003    0.002    5948.0    7024.0   1.00
at_least_one_positive_image_by_area[538]   0.308  0.276   0.000    0.870      0.003    0.002    5279.0    6092.0   1.00
at_least_one_positive_image_by_area[539]   0.194  0.238   0.000    0.718      0.003    0.003    5114.0    7862.0   1.00
at_least_one_positive_image_by_area[540]   0.238  0.252   0.000    0.783      0.003    0.002    5298.0    7015.0   1.00
at_least_one_positive_image_by_area[541]   0.215  0.235   0.000    0.716      0.003    0.002    5027.0    7489.0   1.00
at_least_one_positive_image_by_area[542]   0.495  0.350   0.025    1.000      0.005    0.001    4129.0    3462.0   1.00
at_least_one_positive_image_by_area[543]   0.152  0.226   0.000    0.663      0.002    0.003    6179.0    6666.0   1.00
at_least_one_positive_image_by_area[544]   0.083  0.133   0.000    0.320      0.002    0.002    4514.0    7876.0   1.00
at_least_one_positive_image_by_area[545]   0.106  0.145   0.000    0.370      0.002    0.003    4134.0    7082.0   1.00
at_least_one_positive_image_by_area[546]   0.255  0.252   0.000    0.781      0.003    0.002    5295.0    6620.0   1.00
at_least_one_positive_image_by_area[547]   0.176  0.209   0.000    0.612      0.003    0.003    5186.0    6584.0   1.00
at_least_one_positive_image_by_area[548]   0.221  0.234   0.000    0.712      0.003    0.002    4868.0    7217.0   1.00
at_least_one_positive_image_by_area[549]   1.000  0.000   1.000    1.000      0.000      NaN   40000.0   40000.0    NaN
at_least_one_positive_image_by_area[550]   0.150  0.199   0.000    0.564      0.003    0.003    4144.0    6548.0   1.00
at_least_one_positive_image_by_area[551]   0.190  0.243   0.000    0.729      0.003    0.003    4999.0    6566.0   1.00
at_least_one_positive_image_by_area[552]   0.178  0.220   0.000    0.649      0.003    0.003    4488.0    7271.0   1.00
at_least_one_positive_image_by_area[553]   0.257  0.279   0.000    0.867      0.004    0.002    5832.0    8540.0   1.00
at_least_one_positive_image_by_area[554]   0.154  0.217   0.000    0.620      0.003    0.003    6105.0    8065.0   1.00
at_least_one_positive_image_by_area[555]   0.168  0.219   0.000    0.644      0.003    0.002    4845.0    6148.0   1.00
at_least_one_positive_image_by_area[556]   0.187  0.227   0.000    0.683      0.003    0.002    5636.0    8932.0   1.00
at_least_one_positive_image_by_area[557]   0.392  0.336   0.000    0.981      0.005    0.001    4505.0    5766.0   1.00
at_least_one_positive_image_by_area[558]   0.119  0.174   0.000    0.464      0.002    0.003    4359.0    8204.0   1.00
at_least_one_positive_image_by_area[559]   0.115  0.171   0.000    0.444      0.002    0.003    4460.0    7239.0   1.00
at_least_one_positive_image_by_area[560]   0.338  0.293   0.001    0.918      0.004    0.002    5807.0    7782.0   1.00
at_least_one_positive_image_by_area[561]   0.073  0.121   0.000    0.276      0.002    0.002    3873.0    7717.0   1.00
at_least_one_positive_image_by_area[562]   0.055  0.115   0.000    0.223      0.001    0.003    4361.0    7641.0   1.00
at_least_one_positive_image_by_area[563]   0.072  0.124   0.000    0.281      0.002    0.003    4074.0    6739.0   1.00
at_least_one_positive_image_by_area[564]   0.084  0.138   0.000    0.318      0.002    0.004    4719.0    8805.0   1.00
at_least_one_positive_image_by_area[565]   0.136  0.172   0.000    0.476      0.002    0.002    4221.0    8410.0   1.00
at_least_one_positive_image_by_area[566]   0.085  0.126   0.000    0.311      0.002    0.002    4274.0    7852.0   1.00
at_least_one_positive_image_by_area[567]   0.305  0.285   0.000    0.891      0.004    0.002    5271.0    8044.0   1.00
at_least_one_positive_image_by_area[568]   0.113  0.166   0.000    0.432      0.002    0.003    5314.0    7060.0   1.00
at_least_one_positive_image_by_area[569]   0.152  0.210   0.000    0.599      0.003    0.003    5763.0    8176.0   1.00
at_least_one_positive_image_by_area[570]   0.316  0.287   0.000    0.902      0.003    0.002    5901.0    7622.0   1.00
at_least_one_positive_image_by_area[571]   0.199  0.228   0.000    0.687      0.003    0.002    5628.0    7676.0   1.00
at_least_one_positive_image_by_area[572]   0.135  0.186   0.000    0.518      0.002    0.002    5883.0    9086.0   1.00
at_least_one_positive_image_by_area[573]   0.374  0.324   0.000    0.971      0.004    0.002    6504.0    6563.0   1.00
at_least_one_positive_image_by_area[574]   0.091  0.150   0.000    0.364      0.002    0.003    5760.0    8435.0   1.00
at_least_one_positive_image_by_area[575]   0.141  0.188   0.000    0.526      0.003    0.003    4244.0    8970.0   1.00
at_least_one_positive_image_by_area[576]   1.000  0.000   1.000    1.000      0.000      NaN   40000.0   40000.0    NaN
at_least_one_positive_image_by_area[577]   0.312  0.290   0.001    0.900      0.003    0.002    7703.0   11011.0   1.00
at_least_one_positive_image_by_area[578]   0.342  0.296   0.000    0.925      0.004    0.002    5954.0    7763.0   1.00
at_least_one_positive_image_by_area[579]   0.166  0.220   0.000    0.642      0.003    0.003    6153.0    8206.0   1.00
at_least_one_positive_image_by_area[580]   0.251  0.267   0.000    0.832      0.003    0.002    6495.0   10356.0   1.00
at_least_one_positive_image_by_area[581]   0.666  0.320   0.098    1.000      0.004    0.002    6262.0    7486.0   1.00
at_least_one_positive_image_by_area[582]   0.125  0.199   0.000    0.547      0.002    0.003    5172.0    6981.0   1.00
at_least_one_positive_image_by_area[583]   0.121  0.180   0.000    0.479      0.002    0.003    4525.0    7668.0   1.00
at_least_one_positive_image_by_area[584]   1.000  0.000   1.000    1.000      0.000      NaN   40000.0   40000.0    NaN
at_least_one_positive_image_by_area[585]   0.098  0.160   0.000    0.402      0.002    0.003    4620.0    7268.0   1.00
at_least_one_positive_image_by_area[586]   1.000  0.000   1.000    1.000      0.000      NaN   40000.0   40000.0    NaN
at_least_one_positive_image_by_area[587]   0.076  0.122   0.000    0.283      0.002    0.003    4402.0    8184.0   1.00
at_least_one_positive_image_by_area[588]   0.132  0.182   0.000    0.503      0.002    0.003    4582.0    8556.0   1.00
at_least_one_positive_image_by_area[589]   0.521  0.324   0.055    1.000      0.004    0.001    7545.0   10074.0   1.00
at_least_one_positive_image_by_area[590]   0.116  0.177   0.000    0.468      0.002    0.003    4992.0    8307.0   1.00
at_least_one_positive_image_by_area[591]   0.088  0.142   0.000    0.335      0.002    0.003    4415.0    7484.0   1.00
at_least_one_positive_image_by_area[592]   0.468  0.318   0.044    1.000      0.004    0.001    6509.0    7318.0   1.00
at_least_one_positive_image_by_area[593]   0.384  0.324   0.002    0.977      0.005    0.002    4756.0    8534.0   1.00
at_least_one_positive_image_by_area[594]   0.344  0.288   0.000    0.912      0.003    0.002    6865.0    8844.0   1.00
at_least_one_positive_image_by_area[595]   0.302  0.295   0.000    0.910      0.004    0.002    6803.0   10142.0   1.00
at_least_one_positive_image_by_area[596]   0.505  0.321   0.055    1.000      0.004    0.001    7063.0    7886.0   1.00
at_least_one_positive_image_by_area[597]   0.198  0.234   0.000    0.704      0.003    0.003    4994.0    7697.0   1.00
at_least_one_positive_image_by_area[598]   1.000  0.000   1.000    1.000      0.000      NaN   40000.0   40000.0    NaN
at_least_one_positive_image_by_area[599]   0.353  0.292   0.001    0.920      0.004    0.002    5369.0    7783.0   1.00
at_least_one_positive_image_by_area[600]   0.635  0.316   0.102    1.000      0.004    0.002    6333.0    7916.0   1.00
at_least_one_positive_image_by_area[601]   0.230  0.242   0.000    0.747      0.003    0.002    5925.0    7204.0   1.00
at_least_one_positive_image_by_area[602]   0.214  0.247   0.000    0.752      0.003    0.002    6635.0    8627.0   1.00
at_least_one_positive_image_by_area[603]   0.255  0.247   0.000    0.777      0.003    0.002    5282.0    8895.0   1.00
at_least_one_positive_image_by_area[604]   0.399  0.302   0.004    0.954      0.004    0.002    5105.0    6435.0   1.00
at_least_one_positive_image_by_area[605]   0.231  0.247   0.000    0.768      0.003    0.002    5060.0    7384.0   1.00
at_least_one_positive_image_by_area[606]   0.114  0.183   0.000    0.482      0.002    0.003    6536.0    8994.0   1.00
at_least_one_positive_image_by_area[607]   0.209  0.241   0.000    0.735      0.003    0.003    4989.0    7028.0   1.00
at_least_one_positive_image_by_area[608]   0.215  0.242   0.000    0.739      0.003    0.003    4422.0    6098.0   1.00
at_least_one_positive_image_by_area[609]   0.195  0.234   0.000    0.702      0.003    0.003    4719.0    7411.0   1.00
at_least_one_positive_image_by_area[610]   0.160  0.203   0.000    0.577      0.003    0.004    3903.0    5768.0   1.00
at_least_one_positive_image_by_area[611]   0.126  0.173   0.000    0.466      0.002    0.003    4206.0    6095.0   1.00
at_least_one_positive_image_by_area[612]   0.359  0.309   0.001    0.946      0.005    0.002    3354.0    5743.0   1.00
at_least_one_positive_image_by_area[613]   0.138  0.193   0.000    0.539      0.003    0.003    3845.0    4915.0   1.00
at_least_one_positive_image_by_area[614]   0.099  0.155   0.000    0.383      0.002    0.003    4181.0    6732.0   1.00
at_least_one_positive_image_by_area[615]   0.166  0.229   0.000    0.673      0.003    0.002    5403.0    5047.0   1.00
at_least_one_positive_image_by_area[616]   0.196  0.235   0.000    0.704      0.003    0.002    6636.0    7617.0   1.00
at_least_one_positive_image_by_area[617]   0.116  0.171   0.000    0.450      0.002    0.003    4358.0    6887.0   1.00
at_least_one_positive_image_by_area[618]   0.156  0.212   0.000    0.614      0.003    0.003    4466.0    5935.0   1.00
at_least_one_positive_image_by_area[619]   0.162  0.222   0.000    0.651      0.003    0.003    4934.0    6608.0   1.00
at_least_one_positive_image_by_area[620]   0.114  0.168   0.000    0.440      0.002    0.003    4481.0    4690.0   1.00
at_least_one_positive_image_by_area[621]   0.157  0.195   0.000    0.562      0.002    0.002    4593.0    6653.0   1.00
at_least_one_positive_image_by_area[622]   0.135  0.189   0.000    0.525      0.003    0.003    4152.0    7498.0   1.00
at_least_one_positive_image_by_area[623]   0.276  0.316   0.000    0.936      0.005    0.002    3281.0    6439.0   1.00
at_least_one_positive_image_by_area[624]   0.099  0.171   0.000    0.433      0.002    0.003    4535.0    5864.0   1.00
at_least_one_positive_image_by_area[625]   0.389  0.283   0.011    0.927      0.004    0.002    5393.0    8134.0   1.00
at_least_one_positive_image_by_area[626]   0.288  0.280   0.000    0.878      0.003    0.002    6845.0    8141.0   1.00
at_least_one_positive_image_by_area[627]   0.276  0.271   0.000    0.844      0.004    0.002    4311.0    5432.0   1.00
at_least_one_positive_image_by_area[628]   0.303  0.273   0.001    0.859      0.004    0.002    4312.0    5602.0   1.00
at_least_one_positive_image_by_area[629]   0.152  0.208   0.000    0.593      0.002    0.003    5360.0    7828.0   1.00
at_least_one_positive_image_by_area[630]   0.165  0.219   0.000    0.646      0.003    0.003    5588.0    8421.0   1.00
at_least_one_positive_image_by_area[631]   0.251  0.266   0.000    0.828      0.003    0.002    6514.0    7463.0   1.00
at_least_one_positive_image_by_area[632]   0.169  0.218   0.000    0.639      0.003    0.002    4640.0    7813.0   1.00
at_least_one_positive_image_by_area[633]   0.178  0.224   0.000    0.665      0.003    0.003    5134.0    7595.0   1.00
at_least_one_positive_image_by_area[634]   0.128  0.199   0.000    0.547      0.002    0.003    5227.0    8245.0   1.00
at_least_one_positive_image_by_area[635]   0.191  0.239   0.000    0.719      0.003    0.002    5390.0    8198.0   1.00
at_least_one_positive_image_by_area[636]   0.140  0.196   0.000    0.548      0.002    0.003    4970.0    7245.0   1.00
at_least_one_positive_image_by_area[637]   0.068  0.129   0.000    0.282      0.002    0.003    5412.0    8831.0   1.00
at_least_one_positive_image_by_area[638]   0.156  0.189   0.000    0.541      0.003    0.003    4578.0    8086.0   1.00
at_least_one_positive_image_by_area[639]   0.053  0.113   0.000    0.220      0.001    0.003    4650.0    7969.0   1.00
at_least_one_positive_image_by_area[640]   0.181  0.219   0.000    0.646      0.003    0.003    5150.0    7683.0   1.00
at_least_one_positive_image_by_area[641]   1.000  0.000   1.000    1.000      0.000      NaN   40000.0   40000.0    NaN
at_least_one_positive_image_by_area[642]   0.104  0.181   0.000    0.470      0.002    0.003    5263.0    7383.0   1.00
at_least_one_positive_image_by_area[643]   0.205  0.260   0.000    0.793      0.003    0.003    5770.0    7977.0   1.00
at_least_one_positive_image_by_area[644]   0.150  0.213   0.000    0.614      0.003    0.003    4667.0    6617.0   1.00
at_least_one_positive_image_by_area[645]   0.122  0.172   0.000    0.463      0.002    0.003    4648.0    8468.0   1.00
at_least_one_positive_image_by_area[646]   0.123  0.172   0.000    0.465      0.002    0.003    4018.0    6310.0   1.00
at_least_one_positive_image_by_area[647]   0.041  0.095   0.000    0.163      0.001    0.003    5144.0    8922.0   1.00
at_least_one_positive_image_by_area[648]   0.203  0.236   0.000    0.710      0.003    0.003    3667.0    6589.0   1.00
at_least_one_positive_image_by_area[649]   0.136  0.193   0.000    0.540      0.003    0.003    4664.0    7841.0   1.00
at_least_one_positive_image_by_area[650]   0.111  0.182   0.000    0.477      0.002    0.003    4743.0    7376.0   1.00
at_least_one_positive_image_by_area[651]   0.173  0.215   0.000    0.633      0.003    0.003    5521.0    7736.0   1.00
at_least_one_positive_image_by_area[652]   0.027  0.069   0.000    0.102      0.001    0.003    3367.0    5758.0   1.00
at_least_one_positive_image_by_area[653]   0.265  0.268   0.000    0.838      0.003    0.002    6099.0    8287.0   1.00
at_least_one_positive_image_by_area[654]   0.340  0.286   0.001    0.902      0.004    0.002    5518.0    6884.0   1.00
at_least_one_positive_image_by_area[655]   0.334  0.279   0.001    0.885      0.004    0.002    5635.0    8141.0   1.00
at_least_one_positive_image_by_area[656]   0.198  0.238   0.000    0.721      0.003    0.003    6451.0    8906.0   1.00
at_least_one_positive_image_by_area[657]   0.061  0.123   0.000    0.253      0.002    0.003    3961.0    7056.0   1.00
at_least_one_positive_image_by_area[658]   0.074  0.133   0.000    0.305      0.002    0.003    3808.0    6782.0   1.00
at_least_one_positive_image_by_area[659]   0.119  0.185   0.000    0.500      0.002    0.003    4865.0    8059.0   1.00
at_least_one_positive_image_by_area[660]   0.118  0.178   0.000    0.476      0.002    0.003    4927.0    7643.0   1.00
at_least_one_positive_image_by_area[661]   0.171  0.210   0.000    0.616      0.003    0.003    4484.0    6932.0   1.00
at_least_one_positive_image_by_area[662]   0.259  0.275   0.000    0.847      0.003    0.002    5579.0    6702.0   1.00
at_least_one_positive_image_by_area[663]   0.258  0.272   0.000    0.839      0.003    0.002    6136.0    8151.0   1.00
at_least_one_positive_image_by_area[664]   0.340  0.305   0.000    0.940      0.004    0.002    7479.0    9694.0   1.00
at_least_one_positive_image_by_area[665]   0.078  0.138   0.000    0.315      0.002    0.003    5077.0    7503.0   1.00
at_least_one_positive_image_by_area[666]   0.091  0.150   0.000    0.368      0.002    0.003    5032.0    7749.0   1.00
at_least_one_positive_image_by_area[667]   0.185  0.241   0.000    0.722      0.003    0.003    6825.0    9115.0   1.00
at_least_one_positive_image_by_area[668]   0.060  0.114   0.000    0.238      0.001    0.003    4105.0    6016.0   1.00
at_least_one_positive_image_by_area[669]   0.129  0.188   0.000    0.513      0.002    0.003    4767.0    6721.0   1.00
at_least_one_positive_image_by_area[670]   0.292  0.278   0.001    0.872      0.003    0.002    6450.0    9323.0   1.00
at_least_one_positive_image_by_area[671]   0.209  0.264   0.000    0.805      0.003    0.003    5857.0    6428.0   1.00
at_least_one_positive_image_by_area[672]   0.257  0.259   0.000    0.810      0.003    0.002    5420.0    5850.0   1.00
at_least_one_positive_image_by_area[673]   0.321  0.301   0.000    0.928      0.003    0.002    6815.0    7780.0   1.00
at_least_one_positive_image_by_area[674]   0.363  0.297   0.001    0.934      0.004    0.002    6226.0    7566.0   1.00
at_least_one_positive_image_by_area[675]   0.640  0.304   0.120    1.000      0.004    0.002    6343.0    7871.0   1.00
at_least_one_positive_image_by_area[676]   0.372  0.291   0.002    0.926      0.003    0.002    6682.0    7923.0   1.00
at_least_one_positive_image_by_area[677]   1.000  0.000   1.000    1.000      0.000      NaN   40000.0   40000.0    NaN
at_least_one_positive_image_by_area[678]   0.065  0.121   0.000    0.260      0.002    0.003    4946.0    8517.0   1.00
at_least_one_positive_image_by_area[679]   0.106  0.158   0.000    0.401      0.002    0.003    4426.0    7922.0   1.00
at_least_one_positive_image_by_area[680]   0.517  0.344   0.035    1.000      0.004    0.001    6937.0    7482.0   1.00
at_least_one_positive_image_by_area[681]   0.092  0.152   0.000    0.370      0.002    0.003    4464.0    6929.0   1.00
at_least_one_positive_image_by_area[682]   0.067  0.127   0.000    0.273      0.002    0.003    4482.0    7964.0   1.00
at_least_one_positive_image_by_area[683]   0.554  0.311   0.084    1.000      0.004    0.001    6301.0    7435.0   1.00
at_least_one_positive_image_by_area[684]   0.620  0.330   0.070    1.000      0.004    0.002    6819.0    6433.0   1.00
at_least_one_positive_image_by_area[685]   0.153  0.208   0.000    0.595      0.002    0.003    5579.0    6377.0   1.00
at_least_one_positive_image_by_area[686]   0.065  0.122   0.000    0.268      0.002    0.003    4883.0    8084.0   1.00
at_least_one_positive_image_by_area[687]   0.082  0.143   0.000    0.328      0.002    0.003    4505.0    7156.0   1.00
at_least_one_positive_image_by_area[688]   0.295  0.304   0.000    0.930      0.004    0.002    5573.0    6358.0   1.00
at_least_one_positive_image_by_area[689]   0.314  0.308   0.000    0.948      0.004    0.002    4689.0    7305.0   1.00
at_least_one_positive_image_by_area[690]   0.153  0.206   0.000    0.594      0.003    0.003    4662.0    6972.0   1.00
at_least_one_positive_image_by_area[691]   0.109  0.181   0.000    0.472      0.002    0.003    5556.0    6686.0   1.00
at_least_one_positive_image_by_area[692]   0.098  0.157   0.000    0.394      0.002    0.003    4849.0    7679.0   1.00
at_least_one_positive_image_by_area[693]   0.098  0.165   0.000    0.417      0.002    0.003    4879.0    6944.0   1.00
at_least_one_positive_image_by_area[694]   0.141  0.204   0.000    0.576      0.003    0.003    4841.0    6873.0   1.00
at_least_one_positive_image_by_area[695]   0.133  0.213   0.000    0.607      0.003    0.003    4199.0    7745.0   1.00
at_least_one_positive_image_by_area[696]   0.144  0.214   0.000    0.608      0.003    0.003    5036.0    8080.0   1.00
at_least_one_positive_image_by_area[697]   0.089  0.142   0.000    0.345      0.002    0.002    4607.0    6680.0   1.00
at_least_one_positive_image_by_area[698]   0.212  0.238   0.000    0.728      0.003    0.003    5039.0    7869.0   1.00
at_least_one_positive_image_by_area[699]   0.054  0.105   0.000    0.208      0.001    0.003    4624.0    7133.0   1.00
at_least_one_positive_image_by_area[700]   0.126  0.187   0.000    0.514      0.002    0.003    5132.0    7683.0   1.00
at_least_one_positive_image_by_area[701]   0.084  0.152   0.000    0.365      0.002    0.003    5220.0    7132.0   1.00
at_least_one_positive_image_by_area[702]   0.188  0.225   0.000    0.673      0.003    0.002    5813.0    8502.0   1.00
at_least_one_positive_image_by_area[703]   0.213  0.234   0.000    0.711      0.003    0.002    5305.0    6298.0   1.00
at_least_one_positive_image_by_area[704]   0.082  0.145   0.000    0.340      0.002    0.003    4948.0    7111.0   1.00
at_least_one_positive_image_by_area[705]   0.095  0.160   0.000    0.394      0.002    0.002    5468.0    6835.0   1.00
at_least_one_positive_image_by_area[706]   0.360  0.303   0.000    0.943      0.004    0.002    5922.0    8336.0   1.00
at_least_one_positive_image_by_area[707]   0.108  0.165   0.000    0.424      0.002    0.003    6401.0    8862.0   1.00
at_least_one_positive_image_by_area[708]   0.331  0.280   0.001    0.885      0.003    0.002    6060.0    6276.0   1.00
at_least_one_positive_image_by_area[709]   0.257  0.262   0.000    0.811      0.003    0.002    6239.0    6858.0   1.00
at_least_one_positive_image_by_area[710]   0.346  0.302   0.000    0.939      0.004    0.002    6589.0    9801.0   1.00
at_least_one_positive_image_by_area[711]   0.499  0.347   0.026    1.000      0.004    0.001    6232.0    7370.0   1.00
at_least_one_positive_image_by_area[712]   0.353  0.297   0.001    0.927      0.004    0.002    6408.0    7797.0   1.00
at_least_one_positive_image_by_area[713]   0.245  0.271   0.000    0.831      0.003    0.002    6386.0    9760.0   1.00
at_least_one_positive_image_by_area[714]   0.259  0.282   0.000    0.870      0.003    0.002    5816.0   10005.0   1.00
at_least_one_positive_image_by_area[715]   0.143  0.202   0.000    0.566      0.002    0.003    6243.0    8208.0   1.00
at_least_one_positive_image_by_area[716]   0.138  0.195   0.000    0.545      0.002    0.003    5856.0    8861.0   1.00
at_least_one_positive_image_by_area[717]   0.527  0.342   0.039    1.000      0.005    0.001    5144.0    6387.0   1.00
at_least_one_positive_image_by_area[718]   0.698  0.300   0.139    1.000      0.004    0.002    7031.0    9057.0   1.00
at_least_one_positive_image_by_area[719]   0.113  0.190   0.000    0.506      0.002    0.003    7124.0    9095.0   1.00
at_least_one_positive_image_by_area[720]   0.147  0.197   0.000    0.554      0.002    0.003    5374.0    7460.0   1.00
at_least_one_positive_image_by_area[721]   0.199  0.225   0.000    0.677      0.003    0.002    5871.0    8167.0   1.00
at_least_one_positive_image_by_area[722]   0.217  0.277   0.000    0.851      0.003    0.002    7341.0    9275.0   1.00
at_least_one_positive_image_by_area[723]   0.499  0.321   0.051    1.000      0.004    0.001    6503.0    8250.0   1.00
at_least_one_positive_image_by_area[724]   0.541  0.310   0.078    1.000      0.004    0.001    6883.0    7932.0   1.00
at_least_one_positive_image_by_area[725]   0.348  0.292   0.001    0.919      0.004    0.002    5918.0    7747.0   1.00
at_least_one_positive_image_by_area[726]   0.539  0.294   0.102    1.000      0.004    0.001    6198.0    8208.0   1.00
at_least_one_positive_image_by_area[727]   0.326  0.302   0.000    0.931      0.003    0.002    6830.0    8282.0   1.00
at_least_one_positive_image_by_area[728]   0.436  0.318   0.038    1.000      0.004    0.001    5374.0    6959.0   1.00
at_least_one_positive_image_by_area[729]   0.180  0.239   0.000    0.721      0.003    0.003    5770.0    9157.0   1.00
at_least_one_positive_image_by_area[730]   0.371  0.321   0.000    0.963      0.004    0.002    7409.0    8663.0   1.00
at_least_one_positive_image_by_area[731]   0.227  0.265   0.000    0.818      0.003    0.003    5249.0    7005.0   1.00
at_least_one_positive_image_by_area[732]   0.152  0.221   0.000    0.646      0.003    0.003    5931.0    8843.0   1.00
at_least_one_positive_image_by_area[733]   0.086  0.153   0.000    0.368      0.002    0.003    4836.0    6819.0   1.00
at_least_one_positive_image_by_area[734]   0.068  0.112   0.000    0.251      0.001    0.002    4298.0    6539.0   1.00
at_least_one_positive_image_by_area[735]   1.000  0.000   1.000    1.000      0.000      NaN   40000.0   40000.0    NaN
at_least_one_positive_image_by_area[736]   0.229  0.241   0.000    0.744      0.003    0.002    5591.0    8446.0   1.00
at_least_one_positive_image_by_area[737]   0.805  0.272   0.213    1.000      0.004    0.003    6316.0    6132.0   1.00
at_least_one_positive_image_by_area[738]   0.481  0.311   0.059    1.000      0.004    0.001    6104.0    9157.0   1.00
at_least_one_positive_image_by_area[739]   0.257  0.266   0.000    0.829      0.003    0.002    6389.0    8454.0   1.00
at_least_one_positive_image_by_area[740]   0.555  0.320   0.071    1.000      0.004    0.002    6208.0    5493.0   1.00
at_least_one_positive_image_by_area[741]   0.357  0.302   0.000    0.941      0.003    0.002    7663.0    9086.0   1.00
at_least_one_positive_image_by_area[742]   0.149  0.269   0.000    0.825      0.003    0.003    1794.0    2301.0   1.01
at_least_one_positive_image_by_area[743]   0.409  0.420   0.000    1.000      0.008    0.001    1809.0    2302.0   1.01
at_least_one_positive_image_by_area[744]   0.120  0.252   0.000    0.765      0.003    0.003    1724.0    2371.0   1.01
at_least_one_positive_image_by_area[745]   0.878  0.227   0.348    1.000      0.003    0.004    6530.0    4813.0   1.00
at_least_one_positive_image_by_area[746]   0.066  0.180   0.000    0.388      0.002    0.003    2664.0    2768.0   1.01
at_least_one_positive_image_by_area[747]   0.083  0.199   0.000    0.498      0.002    0.003    3399.0    3773.0   1.00
at_least_one_positive_image_by_area[748]   0.093  0.206   0.000    0.545      0.002    0.003    4481.0    5440.0   1.00
at_least_one_positive_image_by_area[749]   0.259  0.320   0.000    0.948      0.004    0.002    5656.0    6705.0   1.00
at_least_one_positive_image_by_area[750]   0.659  0.316   0.109    1.000      0.004    0.002    5743.0    7422.0   1.00
at_least_one_positive_image_by_area[751]   0.276  0.279   0.000    0.863      0.003    0.002    6683.0    8232.0   1.00
at_least_one_positive_image_by_area[752]   1.000  0.000   1.000    1.000      0.000      NaN   40000.0   40000.0    NaN
at_least_one_positive_image_by_area[753]   0.432  0.339   0.019    1.000      0.004    0.002    6525.0    7239.0   1.00
at_least_one_positive_image_by_area[754]   0.273  0.286   0.000    0.890      0.003    0.002    6782.0    8214.0   1.00
at_least_one_positive_image_by_area[755]   0.168  0.238   0.000    0.705      0.003    0.003    6620.0    5740.0   1.00
at_least_one_positive_image_by_area[756]   0.399  0.329   0.000    0.978      0.004    0.001    6617.0    6519.0   1.00
at_least_one_positive_image_by_area[757]   0.367  0.308   0.000    0.950      0.004    0.002    6356.0    7185.0   1.00
at_least_one_positive_image_by_area[758]   0.317  0.295   0.000    0.917      0.004    0.002    6027.0    8314.0   1.00
at_least_one_positive_image_by_area[759]   0.258  0.299   0.000    0.912      0.003    0.002    6379.0    6461.0   1.00
at_least_one_positive_image_by_area[760]   0.729  0.299   0.141    1.000      0.004    0.002    6540.0    7545.0   1.00
at_least_one_positive_image_by_area[761]   0.536  0.316   0.069    1.000      0.004    0.001    6322.0    6968.0   1.00
at_least_one_positive_image_by_area[762]   0.521  0.322   0.059    1.000      0.004    0.001    6909.0    8150.0   1.00
at_least_one_positive_image_by_area[763]   0.236  0.291   0.000    0.886      0.003    0.002    5668.0    5047.0   1.00
at_least_one_positive_image_by_area[764]   0.272  0.290   0.000    0.896      0.004    0.002    6185.0    8108.0   1.00
at_least_one_positive_image_by_area[765]   0.199  0.263   0.000    0.802      0.003    0.002    5943.0    8156.0   1.00
at_least_one_positive_image_by_area[766]   0.115  0.187   0.000    0.492      0.002    0.003    5256.0    9651.0   1.00
at_least_one_positive_image_by_area[767]   0.386  0.302   0.002    0.950      0.004    0.002    4861.0    7661.0   1.00
at_least_one_positive_image_by_area[768]   0.162  0.199   0.000    0.575      0.003    0.002    4796.0    8037.0   1.00
at_least_one_positive_image_by_area[769]   0.092  0.149   0.000    0.369      0.002    0.003    4805.0    7996.0   1.00
at_least_one_positive_image_by_area[770]   0.165  0.209   0.000    0.608      0.003    0.003    4476.0    8120.0   1.00
at_least_one_positive_image_by_area[771]   0.189  0.224   0.000    0.672      0.003    0.003    5152.0    7521.0   1.00
at_least_one_positive_image_by_area[772]   0.143  0.202   0.000    0.571      0.003    0.003    4798.0    8119.0   1.00
at_least_one_positive_image_by_area[773]   0.138  0.197   0.000    0.553      0.002    0.003    4802.0    7012.0   1.00
at_least_one_positive_image_by_area[774]   0.082  0.144   0.000    0.341      0.002    0.003    4458.0    7048.0   1.00
at_least_one_positive_image_by_area[775]   0.164  0.214   0.000    0.617      0.003    0.003    4351.0    8975.0   1.00
at_least_one_positive_image_by_area[776]   0.085  0.145   0.000    0.350      0.002    0.003    4960.0    7522.0   1.00
at_least_one_positive_image_by_area[777]   0.075  0.149   0.000    0.324      0.002    0.003    5475.0    8706.0   1.00
at_least_one_positive_image_by_area[778]   0.101  0.185   0.000    0.472      0.003    0.005    5213.0    4489.0   1.00
at_least_one_positive_image_by_area[779]   0.071  0.138   0.000    0.301      0.002    0.003    4865.0    8466.0   1.00
at_least_one_positive_image_by_area[780]   0.157  0.207   0.000    0.596      0.003    0.003    4595.0    7030.0   1.00
at_least_one_positive_image_by_area[781]   0.286  0.319   0.000    0.947      0.005    0.002    4431.0    8498.0   1.00
at_least_one_positive_image_by_area[782]   0.175  0.220   0.000    0.644      0.003    0.003    5154.0    6793.0   1.00
at_least_one_positive_image_by_area[783]   0.181  0.228   0.000    0.678      0.003    0.003    4626.0    6133.0   1.00
at_least_one_positive_image_by_area[784]   0.169  0.211   0.000    0.612      0.003    0.003    3668.0    6834.0   1.00
at_least_one_positive_image_by_area[785]   0.152  0.195   0.000    0.554      0.003    0.003    3921.0    6891.0   1.00
at_least_one_positive_image_by_area[786]   0.062  0.119   0.000    0.247      0.001    0.003    4480.0    7590.0   1.00
at_least_one_positive_image_by_area[787]   0.098  0.153   0.000    0.383      0.002    0.003    3989.0    7312.0   1.00
at_least_one_positive_image_by_area[788]   0.087  0.139   0.000    0.329      0.002    0.003    4202.0    6365.0   1.00
at_least_one_positive_image_by_area[789]   0.085  0.140   0.000    0.330      0.002    0.002    4545.0    6797.0   1.00
at_least_one_positive_image_by_area[790]   0.093  0.159   0.000    0.390      0.002    0.003    4646.0    6683.0   1.00
at_least_one_positive_image_by_area[791]   0.134  0.206   0.000    0.575      0.002    0.003    5822.0    7731.0   1.00
at_least_one_positive_image_by_area[792]   0.151  0.203   0.000    0.579      0.003    0.003    5340.0    7761.0   1.00
at_least_one_positive_image_by_area[793]   0.145  0.199   0.000    0.561      0.002    0.003    5501.0   10086.0   1.00
at_least_one_positive_image_by_area[794]   0.114  0.169   0.000    0.445      0.002    0.003    5118.0    7977.0   1.00
at_least_one_positive_image_by_area[795]   0.293  0.282   0.000    0.882      0.004    0.003    4533.0    5623.0   1.00
at_least_one_positive_image_by_area[796]   0.166  0.222   0.000    0.652      0.003    0.003    5749.0    9031.0   1.00
at_least_one_positive_image_by_area[797]   0.648  0.307   0.119    1.000      0.004    0.002    6987.0    7280.0   1.00
at_least_one_positive_image_by_area[798]   0.529  0.336   0.049    1.000      0.004    0.001    6996.0    9041.0   1.00
at_least_one_positive_image_by_area[799]   0.377  0.317   0.000    0.965      0.004    0.002    6815.0    7906.0   1.00
at_least_one_positive_image_by_area[800]   0.191  0.234   0.000    0.705      0.003    0.002    6820.0   10357.0   1.00
at_least_one_positive_image_by_area[801]   0.262  0.263   0.000    0.822      0.003    0.002    6526.0    9742.0   1.00
at_least_one_positive_image_by_area[802]   0.263  0.264   0.000    0.822      0.003    0.002    6576.0    7256.0   1.00
at_least_one_positive_image_by_area[803]   0.280  0.278   0.000    0.867      0.003    0.002    6674.0    8434.0   1.00
at_least_one_positive_image_by_area[804]   0.433  0.306   0.045    1.000      0.004    0.002    6772.0    9471.0   1.00
at_least_one_positive_image_by_area[805]   0.204  0.248   0.000    0.751      0.003    0.002    6779.0    8024.0   1.00
at_least_one_positive_image_by_area[806]   0.435  0.306   0.045    1.000      0.004    0.001    6750.0    8596.0   1.00
at_least_one_positive_image_by_area[807]   0.463  0.357   0.016    1.000      0.004    0.001    6487.0    6876.0   1.00
at_least_one_positive_image_by_area[808]   0.529  0.357   0.027    1.000      0.004    0.001    6575.0    7058.0   1.00
at_least_one_positive_image_by_area[809]   1.000  0.000   1.000    1.000      0.000      NaN   40000.0   40000.0    NaN
at_least_one_positive_image_by_area[810]   0.521  0.324   0.053    1.000      0.004    0.001    6663.0    8421.0   1.00
at_least_one_positive_image_by_area[811]   0.400  0.312   0.000    0.966      0.004    0.002    6256.0    7402.0   1.00
at_least_one_positive_image_by_area[812]   0.393  0.310   0.002    0.963      0.004    0.002    6121.0    9765.0   1.00
at_least_one_positive_image_by_area[813]   0.266  0.268   0.000    0.835      0.003    0.002    6298.0    7878.0   1.00
at_least_one_positive_image_by_area[814]   0.336  0.286   0.001    0.909      0.003    0.002    6797.0    9082.0   1.00
at_least_one_positive_image_by_area[815]   0.081  0.132   0.000    0.308      0.002    0.003    4979.0    8701.0   1.00
at_least_one_positive_image_by_area[816]   0.119  0.191   0.000    0.510      0.002    0.003    5656.0    9058.0   1.00
at_least_one_positive_image_by_area[817]   0.216  0.251   0.000    0.761      0.003    0.002    5557.0    8479.0   1.00
at_least_one_positive_image_by_area[818]   0.114  0.197   0.000    0.527      0.002    0.003    5472.0    8097.0   1.00
at_least_one_positive_image_by_area[819]   0.111  0.159   0.000    0.415      0.002    0.003    4636.0    6793.0   1.00
at_least_one_positive_image_by_area[820]   0.179  0.217   0.000    0.642      0.003    0.003    4510.0    6823.0   1.00
at_least_one_positive_image_by_area[821]   0.131  0.185   0.000    0.510      0.002    0.003    4706.0    7506.0   1.00
at_least_one_positive_image_by_area[822]   0.215  0.240   0.000    0.726      0.003    0.002    4337.0    5915.0   1.00
at_least_one_positive_image_by_area[823]   0.250  0.261   0.000    0.814      0.003    0.002    5207.0    5077.0   1.00
at_least_one_positive_image_by_area[824]   0.240  0.270   0.000    0.834      0.003    0.002    6335.0    7993.0   1.00
at_least_one_positive_image_by_area[825]   0.360  0.316   0.000    0.958      0.004    0.002    6006.0    7551.0   1.00
at_least_one_positive_image_by_area[826]   0.350  0.322   0.000    0.965      0.004    0.002    6111.0    7500.0   1.00
at_least_one_positive_image_by_area[827]   0.355  0.317   0.000    0.958      0.004    0.002    5229.0    6607.0   1.00
at_least_one_positive_image_by_area[828]   0.457  0.385   0.003    1.000      0.005    0.001    4681.0    6165.0   1.00
at_least_one_positive_image_by_area[829]   0.284  0.287   0.000    0.890      0.004    0.002    4689.0    6714.0   1.00
at_least_one_positive_image_by_area[830]   0.210  0.256   0.000    0.788      0.003    0.003    4824.0    6524.0   1.00
at_least_one_positive_image_by_area[831]   0.191  0.258   0.000    0.785      0.003    0.003    4733.0    5534.0   1.00
at_least_one_positive_image_by_area[832]   0.538  0.350   0.028    1.000      0.004    0.001    7573.0    8601.0   1.00
at_least_one_positive_image_by_area[833]   0.050  0.099   0.000    0.195      0.001    0.003    4325.0    7811.0   1.00
at_least_one_positive_image_by_area[834]   0.062  0.108   0.000    0.235      0.001    0.003    4664.0    8039.0   1.00
at_least_one_positive_image_by_area[835]   1.000  0.000   1.000    1.000      0.000      NaN   40000.0   40000.0    NaN
at_least_one_positive_image_by_area[836]   0.210  0.225   0.000    0.686      0.003    0.002    4713.0    7031.0   1.00
at_least_one_positive_image_by_area[837]   0.449  0.360   0.013    1.000      0.004    0.001    6330.0    7428.0   1.00
at_least_one_positive_image_by_area[838]   0.515  0.304   0.078    1.000      0.004    0.001    6873.0    7632.0   1.00
at_least_one_positive_image_by_area[839]   0.204  0.228   0.000    0.688      0.003    0.003    4428.0    6508.0   1.00
at_least_one_positive_image_by_area[840]   0.303  0.278   0.000    0.870      0.004    0.002    5119.0    6902.0   1.00
at_least_one_positive_image_by_area[841]   0.305  0.284   0.000    0.892      0.004    0.002    5403.0    9179.0   1.00
at_least_one_positive_image_by_area[842]   0.596  0.318   0.086    1.000      0.004    0.002    7148.0    7926.0   1.00
at_least_one_positive_image_by_area[843]   0.000  0.000   0.000    0.000      0.000      NaN   40000.0   40000.0    NaN
at_least_one_positive_image_by_area[844]   0.760  0.303   0.119    1.000      0.004    0.003    6598.0    5207.0   1.00
at_least_one_positive_image_by_area[845]   0.183  0.218   0.000    0.648      0.003    0.002    5623.0    7832.0   1.00
at_least_one_positive_image_by_area[846]   0.089  0.182   0.000    0.447      0.002    0.003    6640.0    8278.0   1.00
at_least_one_positive_image_by_area[847]   1.000  0.000   1.000    1.000      0.000      NaN   40000.0   40000.0    NaN
at_least_one_positive_image_by_area[848]   0.441  0.301   0.053    1.000      0.004    0.001    7037.0    8083.0   1.00
at_least_one_positive_image_by_area[849]   1.000  0.000   1.000    1.000      0.000      NaN   40000.0   40000.0    NaN
at_least_one_positive_image_by_area[850]   0.444  0.276   0.030    0.949      0.003    0.001    6206.0    8366.0   1.00
at_least_one_positive_image_by_area[851]   0.394  0.313   0.001    0.963      0.004    0.002    5654.0    8082.0   1.00
at_least_one_positive_image_by_area[852]   0.164  0.219   0.000    0.633      0.003    0.003    5677.0    9045.0   1.00
at_least_one_positive_image_by_area[853]   0.157  0.245   0.000    0.729      0.003    0.003    5258.0    7479.0   1.00
at_least_one_positive_image_by_area[854]   0.251  0.291   0.000    0.887      0.004    0.002    5670.0    7732.0   1.00
at_least_one_positive_image_by_area[855]   0.359  0.309   0.000    0.945      0.004    0.002    4140.0    6142.0   1.00
at_least_one_positive_image_by_area[856]   0.181  0.223   0.000    0.661      0.003    0.003    4699.0    7108.0   1.00
at_least_one_positive_image_by_area[857]   0.159  0.204   0.000    0.591      0.003    0.003    4321.0    7405.0   1.00
at_least_one_positive_image_by_area[858]   0.219  0.256   0.000    0.786      0.003    0.003    4701.0    8097.0   1.00
at_least_one_positive_image_by_area[859]   0.319  0.293   0.000    0.916      0.004    0.002    6342.0    7476.0   1.00
at_least_one_positive_image_by_area[860]   0.409  0.300   0.004    0.953      0.003    0.002    7130.0    8686.0   1.00
at_least_one_positive_image_by_area[861]   0.205  0.245   0.000    0.747      0.003    0.003    5803.0    8528.0   1.00
at_least_one_positive_image_by_area[862]   0.235  0.249   0.000    0.774      0.003    0.002    6075.0    9004.0   1.00
at_least_one_positive_image_by_area[863]   0.086  0.144   0.000    0.351      0.002    0.003    4385.0    7713.0   1.00
at_least_one_positive_image_by_area[864]   0.129  0.191   0.000    0.519      0.003    0.003    4808.0    8841.0   1.00
at_least_one_positive_image_by_area[865]   0.385  0.283   0.006    0.920      0.004    0.002    6114.0    8306.0   1.00
at_least_one_positive_image_by_area[866]   0.330  0.300   0.000    0.930      0.004    0.002    6016.0    8396.0   1.00
at_least_one_positive_image_by_area[867]   0.039  0.075   0.000    0.143      0.001    0.002    4659.0    4954.0   1.00
at_least_one_positive_image_by_area[868]   0.152  0.218   0.000    0.629      0.003    0.003    6299.0    9822.0   1.00
at_least_one_positive_image_by_area[869]   0.138  0.202   0.000    0.574      0.003    0.003    6209.0    7872.0   1.00
at_least_one_positive_image_by_area[870]   0.154  0.252   0.000    0.756      0.003    0.003    5564.0    7472.0   1.00
at_least_one_positive_image_by_area[871]   0.339  0.299   0.000    0.926      0.003    0.002    6752.0    8554.0   1.00
at_least_one_positive_image_by_area[872]   1.000  0.000   1.000    1.000      0.000      NaN   40000.0   40000.0    NaN
at_least_one_positive_image_by_area[873]   0.175  0.227   0.000    0.666      0.003    0.003    4892.0    8048.0   1.00
at_least_one_positive_image_by_area[874]   0.325  0.286   0.000    0.903      0.004    0.002    5114.0    6973.0   1.00
at_least_one_positive_image_by_area[875]   0.209  0.241   0.000    0.733      0.003    0.003    5222.0    7993.0   1.00
at_least_one_positive_image_by_area[876]   0.377  0.306   0.001    0.948      0.004    0.002    6227.0    8475.0   1.00
at_least_one_positive_image_by_area[877]   0.504  0.310   0.066    1.000      0.004    0.001    6504.0    8075.0   1.00
at_least_one_positive_image_by_area[878]   0.339  0.291   0.001    0.914      0.004    0.002    5804.0    7644.0   1.00
at_least_one_positive_image_by_area[879]   0.140  0.201   0.000    0.559      0.002    0.003    5271.0    7784.0   1.00
at_least_one_positive_image_by_area[880]   0.188  0.240   0.000    0.723      0.003    0.003    5041.0    6575.0   1.00
at_least_one_positive_image_by_area[881]   0.449  0.299   0.058    1.000      0.003    0.002    7153.0    8307.0   1.00
at_least_one_positive_image_by_area[882]   0.410  0.283   0.015    0.938      0.004    0.002    5547.0    9157.0   1.00
at_least_one_positive_image_by_area[883]   0.455  0.309   0.049    1.000      0.004    0.001    5719.0    8575.0   1.00
at_least_one_positive_image_by_area[884]   0.258  0.260   0.000    0.807      0.003    0.002    5061.0    6022.0   1.00
at_least_one_positive_image_by_area[885]   0.413  0.306   0.003    0.961      0.004    0.001    6150.0    7447.0   1.00
at_least_one_positive_image_by_area[886]   1.000  0.000   1.000    1.000      0.000      NaN   40000.0   40000.0    NaN
at_least_one_positive_image_by_area[887]   0.049  0.099   0.000    0.197      0.001    0.002    4710.0    6456.0   1.00
at_least_one_positive_image_by_area[888]   0.528  0.335   0.054    1.000      0.005    0.001    4779.0    7932.0   1.00
at_least_one_positive_image_by_area[889]   0.560  0.316   0.084    1.000      0.004    0.001    5054.0    8282.0   1.00
at_least_one_positive_image_by_area[890]   0.240  0.267   0.000    0.826      0.003    0.002    6025.0    9013.0   1.00
at_least_one_positive_image_by_area[891]   0.182  0.252   0.000    0.761      0.003    0.003    5307.0    5691.0   1.00
at_least_one_positive_image_by_area[892]   0.261  0.260   0.000    0.811      0.003    0.002    5902.0    8503.0   1.00
at_least_one_positive_image_by_area[893]   0.141  0.200   0.000    0.559      0.002    0.003    6231.0    9007.0   1.00
at_least_one_positive_image_by_area[894]   0.198  0.230   0.000    0.689      0.003    0.002    6575.0    8827.0   1.00
at_least_one_positive_image_by_area[895]   0.765  0.292   0.163    1.000      0.004    0.003    4796.0    6890.0   1.00
at_least_one_positive_image_by_area[896]   0.813  0.295   0.119    1.000      0.004    0.004    5859.0    5387.0   1.00
at_least_one_positive_image_by_area[897]   0.288  0.264   0.000    0.839      0.003    0.002    5476.0    7234.0   1.00
at_least_one_positive_image_by_area[898]   0.247  0.258   0.000    0.799      0.003    0.002    5595.0    7697.0   1.00
at_least_one_positive_image_by_area[899]   0.521  0.311   0.072    1.000      0.004    0.001    5057.0    6193.0   1.00
at_least_one_positive_image_by_area[900]   0.045  0.092   0.000    0.180      0.001    0.002    4721.0    9089.0   1.00
at_least_one_positive_image_by_area[901]   0.097  0.156   0.000    0.384      0.002    0.003    4222.0    7873.0   1.00
at_least_one_positive_image_by_area[902]   0.137  0.190   0.000    0.520      0.003    0.003    4272.0    7769.0   1.00
at_least_one_positive_image_by_area[903]   0.248  0.247   0.000    0.770      0.003    0.002    5549.0    7981.0   1.00
at_least_one_positive_image_by_area[904]   0.168  0.224   0.000    0.658      0.003    0.003    5410.0    9430.0   1.00
at_least_one_positive_image_by_area[905]   0.253  0.298   0.000    0.905      0.003    0.002    5378.0    5566.0   1.00
at_least_one_positive_image_by_area[906]   0.168  0.212   0.000    0.615      0.003    0.003    6169.0    9081.0   1.00
at_least_one_positive_image_by_area[907]   0.187  0.226   0.000    0.672      0.003    0.002    6277.0    9172.0   1.00
at_least_one_positive_image_by_area[908]   0.231  0.254   0.000    0.783      0.003    0.002    5023.0    8463.0   1.00
at_least_one_positive_image_by_area[909]   0.380  0.287   0.004    0.921      0.004    0.002    4973.0    6767.0   1.00
at_least_one_positive_image_by_area[910]   0.280  0.267   0.000    0.842      0.003    0.002    6128.0    8320.0   1.00
at_least_one_positive_image_by_area[911]   0.436  0.287   0.015    0.949      0.004    0.001    4721.0    6801.0   1.00
at_least_one_positive_image_by_area[912]   0.258  0.255   0.000    0.800      0.003    0.003    5257.0    6554.0   1.00
at_least_one_positive_image_by_area[913]   0.362  0.319   0.000    0.962      0.004    0.002    6813.0    5563.0   1.00
at_least_one_positive_image_by_area[914]   0.149  0.197   0.000    0.556      0.003    0.003    4201.0    6171.0   1.00
at_least_one_positive_image_by_area[915]   0.195  0.226   0.000    0.686      0.003    0.003    4234.0    6698.0   1.00
at_least_one_positive_image_by_area[916]   0.201  0.238   0.000    0.723      0.003    0.003    5667.0    8787.0   1.00
at_least_one_positive_image_by_area[917]   0.403  0.300   0.004    0.953      0.004    0.002    6941.0    8953.0   1.00
at_least_one_positive_image_by_area[918]   0.301  0.288   0.000    0.894      0.004    0.002    5795.0    9814.0   1.00
at_least_one_positive_image_by_area[919]   0.515  0.309   0.073    1.000      0.004    0.001    6024.0    7183.0   1.00
at_least_one_positive_image_by_area[920]   0.235  0.255   0.000    0.789      0.003    0.002    6018.0    9612.0   1.00
at_least_one_positive_image_by_area[921]   1.000  0.002   1.000    1.000      0.000    0.001    5891.0    6703.0   1.00
at_least_one_positive_image_by_area[922]   0.247  0.289   0.000    0.884      0.004    0.002    5229.0    6444.0   1.00
at_least_one_positive_image_by_area[923]   0.042  0.100   0.000    0.176      0.001    0.003    4943.0    8442.0   1.00
at_least_one_positive_image_by_area[924]   0.380  0.315   0.000    0.963      0.004    0.002    4886.0    6469.0   1.00
at_least_one_positive_image_by_area[925]   0.158  0.199   0.000    0.575      0.003    0.003    5037.0    7490.0   1.00
at_least_one_positive_image_by_area[926]   0.297  0.304   0.000    0.929      0.004    0.002    5569.0    7221.0   1.00
at_least_one_positive_image_by_area[927]   0.333  0.299   0.000    0.924      0.004    0.002    6034.0    9720.0   1.00
at_least_one_positive_image_by_area[928]   0.199  0.234   0.000    0.710      0.003    0.003    5379.0    8354.0   1.00
at_least_one_positive_image_by_area[929]   0.099  0.163   0.000    0.406      0.002    0.003    4093.0    6515.0   1.00
at_least_one_positive_image_by_area[930]   0.203  0.213   0.001    0.641      0.003    0.002    3257.0    5916.0   1.00
at_least_one_positive_image_by_area[931]   0.184  0.205   0.000    0.606      0.003    0.003    3864.0    7097.0   1.00
at_least_one_positive_image_by_area[932]   0.205  0.240   0.000    0.732      0.003    0.003    4544.0    8275.0   1.00
at_least_one_positive_image_by_area[933]   0.152  0.206   0.000    0.587      0.003    0.003    5361.0    7664.0   1.00
at_least_one_positive_image_by_area[934]   0.101  0.158   0.000    0.398      0.002    0.003    4351.0    7178.0   1.00
at_least_one_positive_image_by_area[935]   0.133  0.189   0.000    0.517      0.002    0.003    4615.0    7896.0   1.00
at_least_one_positive_image_by_area[936]   0.107  0.157   0.000    0.404      0.002    0.003    4624.0    5786.0   1.00
at_least_one_positive_image_by_area[937]   1.000  0.000   1.000    1.000      0.000      NaN   40000.0   40000.0    NaN
at_least_one_positive_image_by_area[938]   0.422  0.351   0.013    1.000      0.005    0.001    5177.0    8581.0   1.00
at_least_one_positive_image_by_area[939]   0.412  0.299   0.006    0.954      0.004    0.002    6448.0    9338.0   1.00
at_least_one_positive_image_by_area[940]   0.456  0.306   0.052    1.000      0.004    0.001    6004.0    7115.0   1.00
at_least_one_positive_image_by_area[941]   0.072  0.133   0.000    0.297      0.002    0.003    5297.0    8785.0   1.00
at_least_one_positive_image_by_area[942]   0.178  0.222   0.000    0.656      0.003    0.003    5141.0    7592.0   1.00
at_least_one_positive_image_by_area[943]   0.110  0.173   0.000    0.445      0.002    0.003    4104.0    6285.0   1.00
at_least_one_positive_image_by_area[944]   0.095  0.161   0.000    0.400      0.002    0.003    4475.0    7618.0   1.00
at_least_one_positive_image_by_area[945]   1.000  0.000   1.000    1.000      0.000      NaN   40000.0   40000.0    NaN
at_least_one_positive_image_by_area[946]   0.402  0.320   0.001    0.973      0.004    0.002    6607.0    7693.0   1.00
at_least_one_positive_image_by_area[947]   0.260  0.270   0.000    0.837      0.003    0.002    6719.0    8453.0   1.00
at_least_one_positive_image_by_area[948]   0.192  0.246   0.000    0.749      0.003    0.003    6059.0    8800.0   1.00
at_least_one_positive_image_by_area[949]   1.000  0.000   1.000    1.000      0.000      NaN   40000.0   40000.0    NaN
at_least_one_positive_image_by_area[950]   0.333  0.301   0.000    0.934      0.003    0.002    6964.0    8381.0   1.00
at_least_one_positive_image_by_area[951]   0.197  0.247   0.000    0.751      0.003    0.002    6595.0    7059.0   1.00
at_least_one_positive_image_by_area[952]   0.296  0.286   0.000    0.890      0.003    0.002    6341.0    8297.0   1.00
at_least_one_positive_image_by_area[953]   0.472  0.316   0.045    1.000      0.004    0.002    4306.0    3353.0   1.00
at_least_one_positive_image_by_area[954]   0.363  0.297   0.000    0.929      0.004    0.002    4463.0    6234.0   1.00
at_least_one_positive_image_by_area[955]   0.375  0.307   0.001    0.952      0.004    0.002    4273.0    2934.0   1.00
at_least_one_positive_image_by_area[956]   0.173  0.224   0.000    0.658      0.003    0.003    6151.0    8671.0   1.00
at_least_one_positive_image_by_area[957]   0.231  0.235   0.001    0.726      0.003    0.002    4730.0    7597.0   1.00
at_least_one_positive_image_by_area[958]   0.164  0.216   0.000    0.631      0.003    0.003    6290.0    9498.0   1.00
at_least_one_positive_image_by_area[959]   1.000  0.000   1.000    1.000      0.000      NaN   40000.0   40000.0    NaN
at_least_one_positive_image_by_area[960]   0.297  0.262   0.001    0.838      0.003    0.002    7309.0   10749.0   1.00
at_least_one_positive_image_by_area[961]   0.129  0.186   0.000    0.509      0.002    0.003    4795.0    6594.0   1.00
at_least_one_positive_image_by_area[962]   1.000  0.000   1.000    1.000      0.000      NaN   40000.0   40000.0    NaN
at_least_one_positive_image_by_area[963]   0.587  0.307   0.101    1.000      0.004    0.002    7132.0    8916.0   1.00
at_least_one_positive_image_by_area[964]   0.757  0.282   0.186    1.000      0.004    0.002    7165.0    8362.0   1.00
at_least_one_positive_image_by_area[965]   0.163  0.198   0.000    0.569      0.003    0.003    4349.0    6905.0   1.00
at_least_one_positive_image_by_area[966]   0.075  0.119   0.000    0.269      0.001    0.003    5217.0    8011.0   1.00
at_least_one_positive_image_by_area[967]   0.318  0.329   0.000    0.972      0.004    0.002    6349.0    9493.0   1.00
at_least_one_positive_image_by_area[968]   1.000  0.000   1.000    1.000      0.000      NaN   40000.0   40000.0    NaN
at_least_one_positive_image_by_area[969]   0.218  0.224   0.001    0.689      0.003    0.002    5640.0    6730.0   1.00
at_least_one_positive_image_by_area[970]   0.308  0.296   0.000    0.912      0.003    0.002    6376.0    5987.0   1.00
at_least_one_positive_image_by_area[971]   0.288  0.286   0.000    0.887      0.004    0.002    5439.0    8106.0   1.00
at_least_one_positive_image_by_area[972]   0.361  0.296   0.001    0.929      0.003    0.002    7072.0    9557.0   1.00
at_least_one_positive_image_by_area[973]   0.413  0.360   0.000    0.994      0.004    0.001    7782.0    6577.0   1.00
at_least_one_positive_image_by_area[974]   0.932  0.159   0.627    1.000      0.002    0.004    6549.0    5520.0   1.00
at_least_one_positive_image_by_area[975]   0.458  0.319   0.041    1.000      0.004    0.001    5365.0    7866.0   1.00
at_least_one_positive_image_by_area[976]   0.794  0.291   0.160    1.000      0.004    0.003    6484.0    6942.0   1.00
at_least_one_positive_image_by_area[977]   0.280  0.265   0.001    0.834      0.003    0.002    5808.0    7372.0   1.00
at_least_one_positive_image_by_area[978]   0.398  0.305   0.002    0.957      0.004    0.002    6312.0    7608.0   1.00
at_least_one_positive_image_by_area[979]   0.264  0.254   0.000    0.798      0.003    0.002    6091.0    8966.0   1.00
at_least_one_positive_image_by_area[980]   0.446  0.320   0.036    1.000      0.004    0.001    6024.0    8557.0   1.00
at_least_one_positive_image_by_area[981]   0.451  0.317   0.043    1.000      0.004    0.001    7503.0    9133.0   1.00
at_least_one_positive_image_by_area[982]   0.877  0.212   0.397    1.000      0.003    0.004    5911.0    4991.0   1.00
at_least_one_positive_image_by_area[983]   0.336  0.287   0.001    0.905      0.004    0.002    5018.0    5344.0   1.00
at_least_one_positive_image_by_area[984]   0.195  0.232   0.000    0.698      0.003    0.003    5572.0    6999.0   1.00
at_least_one_positive_image_by_area[985]   0.169  0.205   0.000    0.596      0.003    0.003    4492.0    6384.0   1.00
at_least_one_positive_image_by_area[986]   0.624  0.314   0.102    1.000      0.004    0.002    6012.0    9153.0   1.00
at_least_one_positive_image_by_area[987]   0.764  0.308   0.120    1.000      0.004    0.003    6463.0    7040.0   1.00
at_least_one_positive_image_by_area[988]   0.536  0.321   0.062    1.000      0.004    0.001    6486.0    7583.0   1.00
at_least_one_positive_image_by_area[989]   0.264  0.276   0.000    0.866      0.004    0.002    5010.0    8203.0   1.00
at_least_one_positive_image_by_area[990]   0.111  0.168   0.000    0.447      0.002    0.003    4494.0    8490.0   1.00
at_least_one_positive_image_by_area[991]   0.133  0.177   0.000    0.488      0.002    0.002    4155.0    6788.0   1.00
at_least_one_positive_image_by_area[992]   0.161  0.203   0.000    0.581      0.003    0.003    4767.0    6507.0   1.00
at_least_one_positive_image_by_area[993]   0.312  0.296   0.000    0.914      0.004    0.002    5354.0    6771.0   1.00
at_least_one_positive_image_by_area[994]   0.377  0.294   0.001    0.930      0.004    0.002    6296.0    7256.0   1.00
at_least_one_positive_image_by_area[995]   0.264  0.283   0.000    0.879      0.003    0.002    6355.0    8745.0   1.00
at_least_one_positive_image_by_area[996]   0.261  0.275   0.000    0.864      0.003    0.002    5805.0    8508.0   1.00
at_least_one_positive_image_by_area[997]   0.586  0.313   0.088    1.000      0.004    0.002    6988.0    7199.0   1.00
at_least_one_positive_image_by_area[998]   0.551  0.303   0.094    1.000      0.004    0.001    7340.0    8870.0   1.00
at_least_one_positive_image_by_area[999]   0.624  0.313   0.103    1.000      0.004    0.002    5203.0    6479.0   1.00
at_least_one_positive_image_by_area[1000]  0.484  0.308   0.059    1.000      0.004    0.001    6598.0   10041.0   1.00
at_least_one_positive_image_by_area[1001]  0.408  0.301   0.005    0.955      0.004    0.002    6622.0    8609.0   1.00
at_least_one_positive_image_by_area[1002]  0.430  0.317   0.032    1.000      0.004    0.001    6728.0    6309.0   1.00
at_least_one_positive_image_by_area[1003]  0.388  0.300   0.002    0.946      0.004    0.002    6690.0    7942.0   1.00
at_least_one_positive_image_by_area[1004]  0.925  0.176   0.574    1.000      0.003    0.005    5607.0    4515.0   1.00
at_least_one_positive_image_by_area[1005]  0.529  0.343   0.044    1.000      0.004    0.001    6821.0    8341.0   1.00
at_least_one_positive_image_by_area[1006]  0.166  0.213   0.000    0.615      0.003    0.002    5431.0    8211.0   1.00
at_least_one_positive_image_by_area[1007]  0.190  0.226   0.000    0.680      0.003    0.003    4621.0    7683.0   1.00
at_least_one_positive_image_by_area[1008]  0.304  0.273   0.001    0.862      0.003    0.002    5883.0    8116.0   1.00
at_least_one_positive_image_by_area[1009]  0.454  0.315   0.043    1.000      0.004    0.001    7238.0    8644.0   1.00
at_least_one_positive_image_by_area[1010]  0.316  0.307   0.000    0.937      0.004    0.002    5413.0    6567.0   1.00
at_least_one_positive_image_by_area[1011]  0.470  0.355   0.019    1.000      0.005    0.001    5517.0    7012.0   1.00
at_least_one_positive_image_by_area[1012]  0.136  0.190   0.000    0.526      0.002    0.003    4969.0    8670.0   1.00
at_least_one_positive_image_by_area[1013]  0.323  0.279   0.000    0.882      0.004    0.002    5230.0    6416.0   1.00
at_least_one_positive_image_by_area[1014]  0.224  0.259   0.000    0.795      0.003    0.002    6535.0    7824.0   1.00
at_least_one_positive_image_by_area[1015]  0.252  0.268   0.000    0.832      0.003    0.002    6414.0    6852.0   1.00
at_least_one_positive_image_by_area[1016]  0.101  0.150   0.000    0.382      0.002    0.003    4209.0    5621.0   1.00
at_least_one_positive_image_by_area[1017]  0.189  0.219   0.000    0.653      0.003    0.003    4191.0    7941.0   1.00
at_least_one_positive_image_by_area[1018]  0.024  0.061   0.000    0.088      0.001    0.003    4715.0    7431.0   1.00
at_least_one_positive_image_by_area[1019]  0.102  0.176   0.000    0.452      0.003    0.004    5174.0    5222.0   1.00
at_least_one_positive_image_by_area[1020]  0.306  0.265   0.002    0.848      0.004    0.002    4686.0    6618.0   1.00
at_least_one_positive_image_by_area[1021]  0.119  0.175   0.000    0.470      0.002    0.003    5662.0    8281.0   1.00
at_least_one_positive_image_by_area[1022]  0.188  0.230   0.000    0.693      0.003    0.003    5943.0    8597.0   1.00
at_least_one_positive_image_by_area[1023]  0.234  0.251   0.000    0.776      0.003    0.002    5360.0    8199.0   1.00
at_least_one_positive_image_by_area[1024]  0.669  0.296   0.142    1.000      0.004    0.002    5927.0    7743.0   1.00
at_least_one_positive_image_by_area[1025]  0.442  0.316   0.038    1.000      0.004    0.001    7729.0    9950.0   1.00
at_least_one_positive_image_by_area[1026]  0.178  0.204   0.000    0.602      0.003    0.003    4390.0    7306.0   1.00
at_least_one_positive_image_by_area[1027]  0.172  0.194   0.000    0.572      0.003    0.002    4395.0    6488.0   1.00
at_least_one_positive_image_by_area[1028]  0.197  0.204   0.001    0.615      0.003    0.002    4854.0    7121.0   1.00
at_least_one_positive_image_by_area[1029]  0.104  0.158   0.000    0.405      0.002    0.003    5202.0    9082.0   1.00
at_least_one_positive_image_by_area[1030]  0.097  0.159   0.000    0.394      0.002    0.003    5674.0    7877.0   1.00
at_least_one_positive_image_by_area[1031]  0.122  0.165   0.000    0.445      0.002    0.003    3689.0    4589.0   1.00
at_least_one_positive_image_by_area[1032]  0.386  0.302   0.004    0.951      0.005    0.002    3554.0    7081.0   1.00
at_least_one_positive_image_by_area[1033]  1.000  0.000   1.000    1.000      0.000      NaN   40000.0   40000.0    NaN
at_least_one_positive_image_by_area[1034]  0.401  0.293   0.006    0.944      0.003    0.002    7687.0    8983.0   1.00
at_least_one_positive_image_by_area[1035]  0.261  0.266   0.000    0.831      0.003    0.002    5789.0    8256.0   1.00
at_least_one_positive_image_by_area[1036]  0.264  0.275   0.000    0.861      0.004    0.002    4941.0    6949.0   1.00
at_least_one_positive_image_by_area[1037]  0.303  0.276   0.001    0.869      0.003    0.002    4969.0    6429.0   1.00
at_least_one_positive_image_by_area[1038]  0.111  0.184   0.000    0.490      0.002    0.003    5507.0    7213.0   1.00
at_least_one_positive_image_by_area[1039]  1.000  0.000   1.000    1.000      0.000      NaN   40000.0   40000.0    NaN
at_least_one_positive_image_by_area[1040]  1.000  0.000   1.000    1.000      0.000      NaN   40000.0   40000.0    NaN
at_least_one_positive_image_by_area[1041]  0.251  0.263   0.000    0.816      0.003    0.002    6406.0    8903.0   1.00
at_least_one_positive_image_by_area[1042]  0.337  0.297   0.001    0.927      0.004    0.002    6810.0    8184.0   1.00
at_least_one_positive_image_by_area[1043]  1.000  0.000   1.000    1.000      0.000      NaN   40000.0   40000.0    NaN
at_least_one_positive_image_by_area[1044]  1.000  0.000   1.000    1.000      0.000      NaN   40000.0   40000.0    NaN
at_least_one_positive_image_by_area[1045]  1.000  0.000   1.000    1.000      0.000      NaN   40000.0   40000.0    NaN
at_least_one_positive_image_by_area[1046]  0.455  0.316   0.042    1.000      0.004    0.001    5975.0    7059.0   1.00
at_least_one_positive_image_by_area[1047]  0.085  0.173   0.000    0.415      0.002    0.003    7484.0    9544.0   1.00
at_least_one_positive_image_by_area[1048]  0.174  0.219   0.000    0.649      0.003    0.003    4369.0    5731.0   1.00
at_least_one_positive_image_by_area[1049]  0.388  0.318   0.000    0.969      0.004    0.002    7003.0    8783.0   1.00
at_least_one_positive_image_by_area[1050]  0.891  0.193   0.454    1.000      0.003    0.004    6091.0    4400.0   1.00
at_least_one_positive_image_by_area[1051]  0.693  0.320   0.086    1.000      0.004    0.002    7156.0    7103.0   1.00
at_least_one_positive_image_by_area[1052]  0.268  0.287   0.000    0.882      0.004    0.002    5272.0    6136.0   1.00
at_least_one_positive_image_by_area[1053]  0.351  0.309   0.000    0.948      0.004    0.002    5722.0    7033.0   1.00
at_least_one_positive_image_by_area[1054]  0.508  0.372   0.015    1.000      0.005    0.001    5964.0    6210.0   1.00
at_least_one_positive_image_by_area[1055]  0.437  0.306   0.044    1.000      0.004    0.001    5181.0    8389.0   1.00
at_least_one_positive_image_by_area[1056]  0.489  0.308   0.062    1.000      0.004    0.001    5639.0    7638.0   1.00
at_least_one_positive_image_by_area[1057]  0.338  0.285   0.001    0.903      0.003    0.002    6816.0    7687.0   1.00
at_least_one_positive_image_by_area[1058]  1.000  0.000   1.000    1.000      0.000      NaN   40000.0   40000.0    NaN
at_least_one_positive_image_by_area[1059]  0.286  0.266   0.000    0.834      0.004    0.002    4608.0    7227.0   1.00
at_least_one_positive_image_by_area[1060]  0.250  0.263   0.000    0.817      0.003    0.002    5133.0    6949.0   1.00
at_least_one_positive_image_by_area[1061]  0.471  0.321   0.043    1.000      0.004    0.001    7031.0    9150.0   1.00
at_least_one_positive_image_by_area[1062]  0.218  0.239   0.000    0.732      0.003    0.002    5528.0    8562.0   1.00
at_least_one_positive_image_by_area[1063]  0.230  0.257   0.000    0.798      0.003    0.002    5868.0    7756.0   1.00
at_least_one_positive_image_by_area[1064]  0.290  0.270   0.000    0.848      0.003    0.002    4816.0    5894.0   1.00
at_least_one_positive_image_by_area[1065]  0.424  0.318   0.029    1.000      0.004    0.001    6622.0    7253.0   1.00
at_least_one_positive_image_by_area[1066]  0.828  0.220   0.370    1.000      0.003    0.003    5177.0    4941.0   1.00
at_least_one_positive_image_by_area[1067]  0.525  0.340   0.042    1.000      0.005    0.001    3807.0    5496.0   1.00
at_least_one_positive_image_by_area[1068]  0.342  0.317   0.000    0.959      0.004    0.002    5493.0    4571.0   1.00
at_least_one_positive_image_by_area[1069]  1.000  0.000   1.000    1.000      0.000      NaN   40000.0   40000.0    NaN
at_least_one_positive_image_by_area[1070]  0.342  0.298   0.000    0.925      0.003    0.002    7153.0    8349.0   1.00
at_least_one_positive_image_by_area[1071]  0.524  0.327   0.053    1.000      0.004    0.001    7107.0    8700.0   1.00
at_least_one_positive_image_by_area[1072]  0.399  0.309   0.001    0.960      0.003    0.002    7257.0    8505.0   1.00
at_least_one_positive_image_by_area[1073]  0.330  0.329   0.000    0.975      0.004    0.002    5293.0    7217.0   1.00
at_least_one_positive_image_by_area[1074]  0.251  0.277   0.000    0.853      0.003    0.002    6049.0    8004.0   1.00
at_least_one_positive_image_by_area[1075]  0.309  0.294   0.000    0.910      0.004    0.002    4619.0    4098.0   1.00
at_least_one_positive_image_by_area[1076]  0.277  0.270   0.000    0.845      0.004    0.002    5091.0    8963.0   1.00
at_least_one_positive_image_by_area[1077]  0.151  0.196   0.000    0.560      0.002    0.003    5211.0    8035.0   1.00
at_least_one_positive_image_by_area[1078]  1.000  0.000   1.000    1.000      0.000      NaN   40000.0   40000.0    NaN
at_least_one_positive_image_by_area[1079]  0.669  0.307   0.123    1.000      0.004    0.002    6432.0    6712.0   1.00
at_least_one_positive_image_by_area[1080]  0.367  0.307   0.001    0.957      0.004    0.002    5074.0    7025.0   1.00
at_least_one_positive_image_by_area[1081]  0.611  0.301   0.114    1.000      0.004    0.002    7108.0    7427.0   1.00
at_least_one_positive_image_by_area[1082]  1.000  0.000   1.000    1.000      0.000      NaN   40000.0   40000.0    NaN
at_least_one_positive_image_by_area[1083]  0.451  0.344   0.023    1.000      0.005    0.001    5148.0    8001.0   1.00
at_least_one_positive_image_by_area[1084]  1.000  0.000   1.000    1.000      0.000      NaN   40000.0   40000.0    NaN
at_least_one_positive_image_by_area[1085]  0.184  0.253   0.000    0.765      0.003    0.003    3922.0    6798.0   1.00
at_least_one_positive_image_by_area[1086]  0.166  0.237   0.000    0.709      0.003    0.003    3594.0    5217.0   1.00
at_least_one_positive_image_by_area[1087]  0.127  0.226   0.000    0.650      0.003    0.003    4375.0    6103.0   1.00
at_least_one_positive_image_by_area[1088]  0.184  0.244   0.000    0.737      0.003    0.003    3326.0    4749.0   1.00
at_least_one_positive_image_by_area[1089]  0.078  0.163   0.000    0.369      0.002    0.003    3832.0    6327.0   1.00
at_least_one_positive_image_by_area[1090]  0.053  0.116   0.000    0.222      0.001    0.003    3526.0    5788.0   1.00
at_least_one_positive_image_by_area[1091]  0.054  0.128   0.000    0.239      0.002    0.003    3833.0    7613.0   1.00
at_least_one_positive_image_by_area[1092]  0.105  0.192   0.000    0.504      0.002    0.003    3893.0    4915.0   1.00
at_least_one_positive_image_by_area[1093]  0.209  0.247   0.000    0.752      0.004    0.003    2995.0    5893.0   1.00
at_least_one_positive_image_by_area[1094]  0.127  0.192   0.000    0.524      0.003    0.003    3220.0    5538.0   1.00
at_least_one_positive_image_by_area[1095]  0.191  0.270   0.000    0.810      0.004    0.003    2852.0    5019.0   1.00
at_least_one_positive_image_by_area[1096]  0.084  0.152   0.000    0.357      0.002    0.003    3240.0    5761.0   1.00
at_least_one_positive_image_by_area[1097]  0.125  0.203   0.000    0.559      0.003    0.003    3630.0    6718.0   1.00
at_least_one_positive_image_by_area[1098]  0.252  0.270   0.000    0.836      0.004    0.002    3284.0    6074.0   1.00
at_least_one_positive_image_by_area[1099]  0.217  0.235   0.000    0.722      0.004    0.003    3124.0    5411.0   1.00
at_least_one_positive_image_by_area[1100]  0.166  0.206   0.000    0.600      0.003    0.003    2937.0    4334.0   1.00
at_least_one_positive_image_by_area[1101]  0.075  0.137   0.000    0.308      0.002    0.003    2954.0    4953.0   1.00
at_least_one_positive_image_by_area[1102]  0.371  0.355   0.000    0.989      0.006    0.002    2755.0    3462.0   1.00
at_least_one_positive_image_by_area[1103]  0.210  0.272   0.000    0.829      0.004    0.003    3402.0    4160.0   1.00
at_least_one_positive_image_by_area[1104]  0.054  0.126   0.000    0.239      0.001    0.003    3570.0    5603.0   1.00
at_least_one_positive_image_by_area[1105]  0.159  0.229   0.000    0.666      0.003    0.003    3663.0    5169.0   1.00
at_least_one_positive_image_by_area[1106]  0.151  0.215   0.000    0.614      0.003    0.003    3077.0    3819.0   1.00
at_least_one_positive_image_by_area[1107]  0.041  0.105   0.000    0.174      0.001    0.003    3009.0    6192.0   1.00
at_least_one_positive_image_by_area[1108]  0.036  0.111   0.000    0.155      0.001    0.003    4554.0    8170.0   1.00
at_least_one_positive_image_by_area[1109]  0.098  0.175   0.000    0.442      0.002    0.003    3082.0    4984.0   1.00
at_least_one_positive_image_by_area[1110]  0.191  0.243   0.000    0.726      0.004    0.003    2887.0    3730.0   1.00
at_least_one_positive_image_by_area[1111]  0.171  0.237   0.000    0.698      0.004    0.003    2992.0    4328.0   1.00
at_least_one_positive_image_by_area[1112]  0.088  0.158   0.000    0.381      0.002    0.003    3083.0    4507.0   1.00
at_least_one_positive_image_by_area[1113]  0.094  0.172   0.000    0.429      0.002    0.003    3198.0    5344.0   1.00
at_least_one_positive_image_by_area[1114]  0.093  0.171   0.000    0.425      0.002    0.003    3519.0    6190.0   1.00
at_least_one_positive_image_by_area[1115]  0.124  0.198   0.000    0.547      0.003    0.003    3014.0    4433.0   1.00
at_least_one_positive_image_by_area[1116]  0.283  0.351   0.000    0.982      0.006    0.002    2892.0    6326.0   1.00
at_least_one_positive_image_by_area[1117]  0.142  0.224   0.000    0.643      0.003    0.003    2869.0    5175.0   1.00
at_least_one_positive_image_by_area[1118]  0.036  0.112   0.000    0.153      0.001    0.003    3850.0    6985.0   1.00
at_least_one_positive_image_by_area[1119]  0.091  0.159   0.000    0.389      0.002    0.003    2676.0    4787.0   1.00
at_least_one_positive_image_by_area[1120]  0.098  0.165   0.000    0.419      0.003    0.004    2330.0    4200.0   1.00
at_least_one_positive_image_by_area[1121]  0.163  0.231   0.000    0.677      0.003    0.003    3296.0    3893.0   1.00
at_least_one_positive_image_by_area[1122]  0.090  0.176   0.000    0.433      0.002    0.003    4192.0    7101.0   1.00
at_least_one_positive_image_by_area[1123]  0.078  0.143   0.000    0.330      0.002    0.003    3307.0    5752.0   1.00
at_least_one_positive_image_by_area[1124]  0.086  0.177   0.000    0.431      0.002    0.003    3315.0    4960.0   1.00
at_least_one_positive_image_by_area[1125]  0.123  0.198   0.000    0.538      0.003    0.003    3364.0    4337.0   1.00
at_least_one_positive_image_by_area[1126]  0.045  0.106   0.000    0.189      0.001    0.003    3282.0    5094.0   1.00
at_least_one_positive_image_by_area[1127]  0.299  0.284   0.000    0.882      0.004    0.002    3831.0    5940.0   1.00
at_least_one_positive_image_by_area[1128]  0.125  0.195   0.000    0.532      0.002    0.003    3851.0    5117.0   1.00
at_least_one_positive_image_by_area[1129]  0.124  0.192   0.000    0.513      0.003    0.003    3015.0    4724.0   1.00
at_least_one_positive_image_by_area[1130]  0.032  0.085   0.000    0.127      0.001    0.003    3373.0    5631.0   1.00
at_least_one_positive_image_by_area[1131]  0.121  0.173   0.000    0.466      0.003    0.003    2842.0    5038.0   1.00
at_least_one_positive_image_by_area[1132]  0.163  0.241   0.000    0.714      0.003    0.003    4819.0    6114.0   1.00
at_least_one_positive_image_by_area[1133]  0.075  0.147   0.000    0.330      0.002    0.004    3143.0    5293.0   1.00
at_least_one_positive_image_by_area[1134]  0.067  0.139   0.000    0.287      0.002    0.004    3726.0    6217.0   1.00
at_least_one_positive_image_by_area[1135]  0.095  0.170   0.000    0.421      0.002    0.003    3608.0    5694.0   1.00
at_least_one_positive_image_by_area[1136]  0.181  0.212   0.000    0.627      0.003    0.003    2913.0    5006.0   1.00
at_least_one_positive_image_by_area[1137]  0.058  0.136   0.000    0.262      0.002    0.003    4251.0    6059.0   1.00
at_least_one_positive_image_by_area[1138]  0.125  0.164   0.000    0.445      0.003    0.003    2549.0    4157.0   1.00
at_least_one_positive_image_by_area[1139]  0.183  0.221   0.000    0.663      0.004    0.003    2883.0    5102.0   1.00
at_least_one_positive_image_by_area[1140]  0.252  0.309   0.000    0.930      0.005    0.002    3147.0    6840.0   1.00
at_least_one_positive_image_by_area[1141]  0.269  0.318   0.000    0.954      0.005    0.003    3259.0    6056.0   1.00
at_least_one_positive_image_by_area[1142]  0.108  0.166   0.000    0.427      0.002    0.003    3185.0    5059.0   1.00
at_least_one_positive_image_by_area[1143]  0.380  0.318   0.000    0.968      0.005    0.002    4060.0    6103.0   1.00
at_least_one_positive_image_by_area[1144]  0.034  0.090   0.000    0.142      0.001    0.003    3995.0    5651.0   1.00
at_least_one_positive_image_by_area[1145]  0.053  0.109   0.000    0.214      0.001    0.003    2637.0    4682.0   1.00
at_least_one_positive_image_by_area[1146]  0.105  0.195   0.000    0.522      0.003    0.004    3136.0    6007.0   1.00
at_least_one_positive_image_by_area[1147]  0.059  0.128   0.000    0.256      0.002    0.003    2768.0    5570.0   1.00
at_least_one_positive_image_by_area[1148]  0.117  0.181   0.000    0.484      0.003    0.003    2795.0    4345.0   1.00
at_least_one_positive_image_by_area[1149]  0.141  0.208   0.000    0.589      0.003    0.003    3191.0    4591.0   1.00
at_least_one_positive_image_by_area[1150]  0.122  0.182   0.000    0.494      0.003    0.003    3078.0    5115.0   1.00
at_least_one_positive_image_by_area[1151]  0.114  0.194   0.000    0.517      0.003    0.003    2923.0    3960.0   1.00
at_least_one_positive_image_by_area[1152]  0.196  0.263   0.000    0.800      0.003    0.003    3631.0    5824.0   1.00
at_least_one_positive_image_by_area[1153]  1.000  0.000   1.000    1.000      0.000      NaN   40000.0   40000.0    NaN
at_least_one_positive_image_by_area[1154]  0.121  0.208   0.000    0.578      0.003    0.003    3051.0    3947.0   1.00
at_least_one_positive_image_by_area[1155]  0.038  0.087   0.000    0.155      0.001    0.002    2654.0    3835.0   1.00
at_least_one_positive_image_by_area[1156]  0.110  0.200   0.000    0.530      0.002    0.003    3527.0    4846.0   1.00
at_least_one_positive_image_by_area[1157]  0.105  0.210   0.000    0.563      0.002    0.003    4632.0    6231.0   1.00
at_least_one_positive_image_by_area[1158]  0.096  0.155   0.000    0.393      0.002    0.003    2996.0    4740.0   1.00
at_least_one_positive_image_by_area[1159]  0.293  0.268   0.001    0.850      0.004    0.002    3425.0    5700.0   1.00
at_least_one_positive_image_by_area[1160]  0.264  0.314   0.000    0.940      0.005    0.002    4074.0    7992.0   1.00
at_least_one_positive_image_by_area[1161]  0.098  0.177   0.000    0.454      0.002    0.003    4280.0    6567.0   1.00
at_least_one_positive_image_by_area[1162]  0.077  0.160   0.000    0.357      0.002    0.003    5374.0    7585.0   1.00
at_least_one_positive_image_by_area[1163]  0.165  0.198   0.000    0.577      0.003    0.003    2817.0    4541.0   1.00
at_least_one_positive_image_by_area[1164]  0.179  0.236   0.000    0.708      0.003    0.003    4120.0    5905.0   1.00
at_least_one_positive_image_by_area[1165]  0.093  0.162   0.000    0.398      0.002    0.003    3131.0    5084.0   1.00
at_least_one_positive_image_by_area[1166]  0.121  0.214   0.000    0.600      0.003    0.003    3344.0    4759.0   1.00
at_least_one_positive_image_by_area[1167]  0.567  0.304   0.097    1.000      0.003    0.001    7427.0    8601.0   1.00
at_least_one_positive_image_by_area[1168]  1.000  0.000   1.000    1.000      0.000      NaN   40000.0   40000.0    NaN
at_least_one_positive_image_by_area[1169]  0.285  0.284   0.000    0.881      0.003    0.002    6788.0    7489.0   1.00
at_least_one_positive_image_by_area[1170]  0.291  0.276   0.000    0.863      0.003    0.002    6600.0    8176.0   1.00
at_least_one_positive_image_by_area[1171]  0.436  0.298   0.053    1.000      0.004    0.002    6044.0    6386.0   1.00
at_least_one_positive_image_by_area[1172]  0.393  0.311   0.002    0.962      0.004    0.002    7366.0    9277.0   1.00
at_least_one_positive_image_by_area[1173]  1.000  0.000   1.000    1.000      0.000      NaN   40000.0   40000.0    NaN
at_least_one_positive_image_by_area[1174]  0.558  0.319   0.074    1.000      0.004    0.001    6006.0    7324.0   1.00
at_least_one_positive_image_by_area[1175]  0.168  0.221   0.000    0.645      0.003    0.003    6506.0    9515.0   1.00
at_least_one_positive_image_by_area[1176]  0.510  0.344   0.034    1.000      0.004    0.001    6873.0    7717.0   1.00
at_least_one_positive_image_by_area[1177]  0.251  0.255   0.000    0.792      0.003    0.002    6735.0    8904.0   1.00
at_least_one_positive_image_by_area[1178]  0.323  0.282   0.001    0.891      0.003    0.002    6973.0    8750.0   1.00
at_least_one_positive_image_by_area[1179]  0.298  0.311   0.000    0.936      0.004    0.002    6446.0    8636.0   1.00
at_least_one_positive_image_by_area[1180]  0.314  0.275   0.001    0.871      0.003    0.002    6745.0    8518.0   1.00
at_least_one_positive_image_by_area[1181]  0.059  0.112   0.000    0.235      0.001    0.003    5164.0    8378.0   1.00
at_least_one_positive_image_by_area[1182]  0.312  0.274   0.001    0.866      0.003    0.002    5696.0    6666.0   1.00
at_least_one_positive_image_by_area[1183]  0.105  0.198   0.000    0.528      0.002    0.003    6216.0    8850.0   1.00
at_least_one_positive_image_by_area[1184]  0.328  0.281   0.001    0.890      0.003    0.002    6259.0    9371.0   1.00
at_least_one_positive_image_by_area[1185]  0.254  0.259   0.000    0.807      0.003    0.002    5907.0    7037.0   1.00
at_least_one_positive_image_by_area[1186]  0.286  0.284   0.000    0.886      0.003    0.002    5789.0    6982.0   1.00
at_least_one_positive_image_by_area[1187]  0.116  0.188   0.000    0.498      0.002    0.003    4667.0    7391.0   1.00
at_least_one_positive_image_by_area[1188]  0.288  0.262   0.001    0.827      0.003    0.002    5956.0    7587.0   1.00
at_least_one_positive_image_by_area[1189]  0.721  0.272   0.213    1.000      0.004    0.002    6082.0    7141.0   1.00
at_least_one_positive_image_by_area[1190]  0.386  0.306   0.001    0.954      0.003    0.002    7406.0    8877.0   1.00
at_least_one_positive_image_by_area[1191]  0.072  0.150   0.000    0.329      0.002    0.003    3314.0    5902.0   1.00
at_least_one_positive_image_by_area[1192]  0.088  0.181   0.000    0.443      0.002    0.003    3556.0    6526.0   1.00
at_least_one_positive_image_by_area[1193]  0.097  0.192   0.000    0.494      0.003    0.004    3068.0    6367.0   1.00
at_least_one_positive_image_by_area[1194]  1.000  0.000   1.000    1.000      0.000      NaN   40000.0   40000.0    NaN
at_least_one_positive_image_by_area[1195]  0.976  0.081   0.881    1.000      0.001    0.004    7268.0    6533.0   1.00
at_least_one_positive_image_by_area[1196]  0.174  0.281   0.000    0.867      0.004    0.003    3240.0    6352.0   1.00
at_least_one_positive_image_by_area[1197]  0.086  0.173   0.000    0.417      0.002    0.003    3211.0    5252.0   1.00
at_least_one_positive_image_by_area[1198]  0.146  0.237   0.000    0.694      0.003    0.003    4237.0    6797.0   1.00
at_least_one_positive_image_by_area[1199]  0.115  0.186   0.000    0.486      0.003    0.003    2638.0    4713.0   1.00
at_least_one_positive_image_by_area[1200]  0.071  0.147   0.000    0.315      0.002    0.003    3177.0    5138.0   1.00
at_least_one_positive_image_by_area[1201]  0.058  0.119   0.000    0.248      0.002    0.003    3247.0    5252.0   1.00
at_least_one_positive_image_by_area[1202]  0.082  0.142   0.000    0.331      0.002    0.003    3900.0    5634.0   1.00
at_least_one_positive_image_by_area[1203]  0.657  0.289   0.155    1.000      0.003    0.002    7665.0    8883.0   1.00
at_least_one_positive_image_by_area[1204]  0.088  0.148   0.000    0.358      0.002    0.003    4377.0    7108.0   1.00
at_least_one_positive_image_by_area[1205]  0.383  0.283   0.006    0.918      0.003    0.002    6723.0    8580.0   1.00
at_least_one_positive_image_by_area[1206]  0.178  0.214   0.000    0.628      0.003    0.002    5730.0    8935.0   1.00
at_least_one_positive_image_by_area[1207]  0.167  0.220   0.000    0.646      0.003    0.003    5894.0    7365.0   1.00
at_least_one_positive_image_by_area[1208]  0.211  0.255   0.000    0.781      0.003    0.002    6786.0    7691.0   1.00
at_least_one_positive_image_by_area[1209]  1.000  0.000   1.000    1.000      0.000      NaN   40000.0   40000.0    NaN
at_least_one_positive_image_by_area[1210]  0.265  0.257   0.000    0.805      0.003    0.002    6658.0    8384.0   1.00
at_least_one_positive_image_by_area[1211]  0.909  0.208   0.444    1.000      0.004    0.006    5660.0    3523.0   1.00
at_least_one_positive_image_by_area[1212]  0.278  0.270   0.000    0.849      0.003    0.002    6328.0    6992.0   1.00
at_least_one_positive_image_by_area[1213]  0.207  0.239   0.000    0.730      0.003    0.003    5437.0    5120.0   1.00
at_least_one_positive_image_by_area[1214]  0.229  0.251   0.000    0.771      0.003    0.003    5728.0    7739.0   1.00
at_least_one_positive_image_by_area[1215]  0.276  0.271   0.000    0.850      0.003    0.002    5195.0    6931.0   1.00
at_least_one_positive_image_by_area[1216]  0.306  0.290   0.000    0.904      0.004    0.002    5514.0    6989.0   1.00
at_least_one_positive_image_by_area[1217]  0.600  0.306   0.104    1.000      0.004    0.002    5913.0    6804.0   1.00
at_least_one_positive_image_by_area[1218]  0.386  0.320   0.000    0.971      0.004    0.002    7153.0    9201.0   1.00
at_least_one_positive_image_by_area[1219]  0.100  0.157   0.000    0.396      0.002    0.003    4532.0    6410.0   1.00
at_least_one_positive_image_by_area[1220]  0.225  0.257   0.000    0.796      0.003    0.002    5610.0    7829.0   1.00
at_least_one_positive_image_by_area[1221]  0.088  0.155   0.000    0.366      0.002    0.003    5068.0    8738.0   1.00
at_least_one_positive_image_by_area[1222]  0.106  0.175   0.000    0.460      0.002    0.003    5407.0    9147.0   1.00
at_least_one_positive_image_by_area[1223]  0.038  0.082   0.000    0.147      0.001    0.002    4217.0    6293.0   1.00
at_least_one_positive_image_by_area[1224]  0.068  0.128   0.000    0.269      0.002    0.003    4149.0    5993.0   1.00
at_least_one_positive_image_by_area[1225]  0.093  0.151   0.000    0.375      0.002    0.003    4054.0    5084.0   1.00
at_least_one_positive_image_by_area[1226]  0.083  0.142   0.000    0.336      0.002    0.003    4989.0    9448.0   1.00
at_least_one_positive_image_by_area[1227]  0.178  0.219   0.000    0.644      0.003    0.003    4525.0    7493.0   1.00
at_least_one_positive_image_by_area[1228]  0.134  0.186   0.000    0.512      0.002    0.003    4795.0    6932.0   1.00
at_least_one_positive_image_by_area[1229]  0.121  0.175   0.000    0.466      0.002    0.003    4994.0    8722.0   1.00
at_least_one_positive_image_by_area[1230]  0.145  0.199   0.000    0.566      0.002    0.003    5333.0    6722.0   1.00
at_least_one_positive_image_by_area[1231]  0.081  0.149   0.000    0.347      0.002    0.003    5171.0    7418.0   1.00
at_least_one_positive_image_by_area[1232]  0.069  0.142   0.000    0.302      0.002    0.003    5685.0    7598.0   1.00
at_least_one_positive_image_by_area[1233]  0.066  0.121   0.000    0.258      0.001    0.003    4641.0    7336.0   1.00
at_least_one_positive_image_by_area[1234]  0.046  0.098   0.000    0.180      0.001    0.003    4521.0    6816.0   1.00
at_least_one_positive_image_by_area[1235]  0.078  0.135   0.000    0.314      0.002    0.003    4136.0    6269.0   1.00
at_least_one_positive_image_by_area[1236]  0.059  0.114   0.000    0.234      0.001    0.003    4783.0    7742.0   1.00
at_least_one_positive_image_by_area[1237]  0.283  0.275   0.000    0.861      0.003    0.002    6090.0    7929.0   1.00
at_least_one_positive_image_by_area[1238]  0.199  0.235   0.000    0.702      0.003    0.002    4814.0    6894.0   1.00
at_least_one_positive_image_by_area[1239]  0.161  0.205   0.000    0.590      0.003    0.003    4961.0    7929.0   1.00
at_least_one_positive_image_by_area[1240]  0.068  0.115   0.000    0.260      0.001    0.002    4975.0    8094.0   1.00
at_least_one_positive_image_by_area[1241]  0.144  0.189   0.000    0.525      0.002    0.003    5243.0    8766.0   1.00
at_least_one_positive_image_by_area[1242]  1.000  0.000   1.000    1.000      0.000      NaN   40000.0   40000.0    NaN
at_least_one_positive_image_by_area[1243]  1.000  0.000   1.000    1.000      0.000      NaN   40000.0   40000.0    NaN
at_least_one_positive_image_by_area[1244]  0.369  0.327   0.000    0.977      0.004    0.002    5486.0    9347.0   1.00
at_least_one_positive_image_by_area[1245]  0.708  0.309   0.117    1.000      0.004    0.002    6452.0    7257.0   1.00
at_least_one_positive_image_by_area[1246]  0.315  0.287   0.001    0.893      0.003    0.002    5991.0    6986.0   1.00
at_least_one_positive_image_by_area[1247]  0.417  0.294   0.006    0.949      0.004    0.002    5617.0    7260.0   1.00
at_least_one_positive_image_by_area[1248]  0.319  0.286   0.001    0.900      0.004    0.002    5985.0    7479.0   1.00
at_least_one_positive_image_by_area[1249]  0.065  0.119   0.000    0.262      0.002    0.002    4536.0    7849.0   1.00
at_least_one_positive_image_by_area[1250]  0.370  0.304   0.001    0.946      0.004    0.002    6931.0    9937.0   1.00
at_least_one_positive_image_by_area[1251]  0.335  0.289   0.000    0.915      0.003    0.002    6689.0    8971.0   1.00
at_least_one_positive_image_by_area[1252]  0.233  0.266   0.000    0.818      0.003    0.002    6703.0    8497.0   1.00
at_least_one_positive_image_by_area[1253]  0.383  0.294   0.004    0.938      0.004    0.002    6344.0    9523.0   1.00
at_least_one_positive_image_by_area[1254]  0.069  0.118   0.000    0.260      0.002    0.003    4320.0    6511.0   1.00
at_least_one_positive_image_by_area[1255]  0.406  0.312   0.002    0.968      0.004    0.002    6619.0    8747.0   1.00
at_least_one_positive_image_by_area[1256]  0.260  0.259   0.000    0.810      0.004    0.002    4308.0    6472.0   1.00
at_least_one_positive_image_by_area[1257]  1.000  0.000   1.000    1.000      0.000      NaN   40000.0   40000.0    NaN
at_least_one_positive_image_by_area[1258]  0.131  0.178   0.000    0.486      0.002    0.003    3677.0    5421.0   1.00
at_least_one_positive_image_by_area[1259]  0.386  0.304   0.003    0.956      0.004    0.002    7029.0    8614.0   1.00
at_least_one_positive_image_by_area[1260]  0.092  0.157   0.000    0.391      0.002    0.003    3216.0    5247.0   1.00
at_least_one_positive_image_by_area[1261]  0.386  0.306   0.000    0.954      0.004    0.002    6290.0    8136.0   1.00
at_least_one_positive_image_by_area[1262]  0.097  0.150   0.000    0.378      0.002    0.003    3785.0    5837.0   1.00
at_least_one_positive_image_by_area[1263]  0.227  0.257   0.000    0.789      0.004    0.003    3972.0    6844.0   1.00
at_least_one_positive_image_by_area[1264]  0.481  0.349   0.025    1.000      0.004    0.001    6746.0    8084.0   1.00
at_least_one_positive_image_by_area[1265]  0.092  0.159   0.000    0.383      0.002    0.003    3801.0    6925.0   1.00
at_least_one_positive_image_by_area[1266]  0.183  0.224   0.000    0.666      0.003    0.003    5968.0    7311.0   1.00
at_least_one_positive_image_by_area[1267]  0.338  0.285   0.001    0.907      0.003    0.002    7010.0    9173.0   1.00
at_least_one_positive_image_by_area[1268]  0.109  0.175   0.000    0.450      0.002    0.003    4545.0    7663.0   1.00
at_least_one_positive_image_by_area[1269]  0.296  0.287   0.000    0.891      0.004    0.002    5561.0    6723.0   1.00
at_least_one_positive_image_by_area[1270]  0.091  0.152   0.000    0.367      0.002    0.003    4121.0    6514.0   1.00
at_least_one_positive_image_by_area[1271]  0.385  0.305   0.002    0.956      0.004    0.002    5718.0    9030.0   1.00
at_least_one_positive_image_by_area[1272]  1.000  0.000   1.000    1.000      0.000      NaN   40000.0   40000.0    NaN
at_least_one_positive_image_by_area[1273]  0.325  0.288   0.001    0.905      0.003    0.002    7059.0    8406.0   1.00
at_least_one_positive_image_by_area[1274]  0.386  0.308   0.001    0.954      0.004    0.002    6362.0    8855.0   1.00
at_least_one_positive_image_by_area[1275]  0.647  0.299   0.140    1.000      0.004    0.002    6489.0    7487.0   1.00
at_least_one_positive_image_by_area[1276]  0.223  0.246   0.000    0.755      0.004    0.003    2860.0    4780.0   1.00
at_least_one_positive_image_by_area[1277]  1.000  0.000   1.000    1.000      0.000      NaN   40000.0   40000.0    NaN
at_least_one_positive_image_by_area[1278]  0.319  0.289   0.000    0.901      0.003    0.002    6537.0    8478.0   1.00
at_least_one_positive_image_by_area[1279]  0.519  0.314   0.066    1.000      0.004    0.001    6564.0    8489.0   1.00
at_least_one_positive_image_by_area[1280]  0.119  0.175   0.000    0.470      0.002    0.003    4006.0    6146.0   1.00
at_least_one_positive_image_by_area[1281]  0.490  0.310   0.061    1.000      0.004    0.001    6137.0    8189.0   1.00
at_least_one_positive_image_by_area[1282]  0.398  0.355   0.009    1.000      0.005    0.002    4396.0    6889.0   1.00
at_least_one_positive_image_by_area[1283]  0.463  0.318   0.043    1.000      0.004    0.001    6578.0    8292.0   1.00
at_least_one_positive_image_by_area[1284]  0.228  0.271   0.000    0.828      0.004    0.002    4850.0    6495.0   1.00
at_least_one_positive_image_by_area[1285]  0.153  0.209   0.000    0.604      0.003    0.003    4843.0    6713.0   1.00
at_least_one_positive_image_by_area[1286]  0.294  0.301   0.000    0.920      0.004    0.002    4753.0    6234.0   1.00
at_least_one_positive_image_by_area[1287]  0.691  0.284   0.177    1.000      0.004    0.002    5728.0    7559.0   1.00
at_least_one_positive_image_by_area[1288]  0.257  0.289   0.000    0.890      0.003    0.002    6150.0    7949.0   1.00
at_least_one_positive_image_by_area[1289]  0.244  0.265   0.000    0.820      0.004    0.003    4137.0    5952.0   1.00
at_least_one_positive_image_by_area[1290]  0.315  0.280   0.000    0.883      0.003    0.002    6311.0    8687.0   1.00
at_least_one_positive_image_by_area[1291]  0.183  0.230   0.000    0.686      0.003    0.003    4968.0    7893.0   1.00
at_least_one_positive_image_by_area[1292]  0.283  0.267   0.000    0.838      0.003    0.002    5423.0    7407.0   1.00
at_least_one_positive_image_by_area[1293]  0.159  0.208   0.000    0.609      0.003    0.003    4484.0    7677.0   1.00
at_least_one_positive_image_by_area[1294]  0.333  0.291   0.001    0.915      0.004    0.002    6452.0    7797.0   1.00
at_least_one_positive_image_by_area[1295]  0.084  0.146   0.000    0.344      0.002    0.003    4297.0    6991.0   1.00
at_least_one_positive_image_by_area[1296]  0.431  0.324   0.031    1.000      0.004    0.001    7039.0    8711.0   1.00
at_least_one_positive_image_by_area[1297]  0.081  0.155   0.000    0.363      0.002    0.003    5212.0    8987.0   1.00
at_least_one_positive_image_by_area[1298]  1.000  0.000   1.000    1.000      0.000      NaN   40000.0   40000.0    NaN
at_least_one_positive_image_by_area[1299]  0.147  0.195   0.000    0.552      0.003    0.003    4773.0    6880.0   1.00
at_least_one_positive_image_by_area[1300]  0.213  0.246   0.000    0.746      0.003    0.002    4762.0    6402.0   1.00
at_least_one_positive_image_by_area[1301]  0.601  0.300   0.117    1.000      0.004    0.001    6774.0    7650.0   1.00
at_least_one_positive_image_by_area[1302]  0.153  0.206   0.000    0.588      0.003    0.003    4802.0    6945.0   1.00
at_least_one_positive_image_by_area[1303]  0.244  0.257   0.000    0.799      0.003    0.002    6853.0    8145.0   1.00
at_least_one_positive_image_by_area[1304]  0.200  0.236   0.000    0.711      0.003    0.002    5598.0    8869.0   1.00
at_least_one_positive_image_by_area[1305]  0.255  0.266   0.000    0.829      0.003    0.002    7200.0   10259.0   1.00
at_least_one_positive_image_by_area[1306]  0.091  0.141   0.000    0.348      0.002    0.003    4154.0    7267.0   1.00
at_least_one_positive_image_by_area[1307]  0.263  0.262   0.000    0.821      0.003    0.002    6865.0    9583.0   1.00
at_least_one_positive_image_by_area[1308]  0.069  0.125   0.000    0.277      0.002    0.003    3989.0    6772.0   1.00
at_least_one_positive_image_by_area[1309]  0.389  0.336   0.000    0.984      0.004    0.002    6524.0    8948.0   1.00
at_least_one_positive_image_by_area[1310]  0.070  0.130   0.000    0.290      0.002    0.003    3925.0    7301.0   1.00
at_least_one_positive_image_by_area[1311]  0.206  0.245   0.000    0.744      0.003    0.002    6564.0    9184.0   1.00
at_least_one_positive_image_by_area[1312]  0.057  0.119   0.000    0.242      0.002    0.003    4237.0    7413.0   1.00
at_least_one_positive_image_by_area[1313]  0.242  0.258   0.000    0.799      0.003    0.002    5961.0    7405.0   1.00
at_least_one_positive_image_by_area[1314]  0.081  0.157   0.000    0.364      0.002    0.003    4711.0    6721.0   1.00
at_least_one_positive_image_by_area[1315]  0.283  0.282   0.000    0.877      0.003    0.002    6686.0    7281.0   1.00
at_least_one_positive_image_by_area[1316]  0.091  0.150   0.000    0.369      0.002    0.003    3749.0    6443.0   1.00
at_least_one_positive_image_by_area[1317]  0.370  0.297   0.001    0.937      0.003    0.002    5934.0    5331.0   1.00
at_least_one_positive_image_by_area[1318]  0.079  0.136   0.000    0.317      0.002    0.003    4094.0    7790.0   1.00
at_least_one_positive_image_by_area[1319]  0.080  0.140   0.000    0.327      0.002    0.003    4783.0    7222.0   1.00
at_least_one_positive_image_by_area[1320]  0.510  0.307   0.071    1.000      0.004    0.002    5761.0    7097.0   1.00
at_least_one_positive_image_by_area[1321]  0.196  0.230   0.000    0.693      0.003    0.003    4402.0    8423.0   1.00
at_least_one_positive_image_by_area[1322]  0.407  0.314   0.004    0.972      0.004    0.002    7379.0    9893.0   1.00
at_least_one_positive_image_by_area[1323]  0.116  0.178   0.000    0.470      0.003    0.004    5050.0    7713.0   1.00
at_least_one_positive_image_by_area[1324]  0.452  0.313   0.047    1.000      0.004    0.001    6165.0    8260.0   1.00
at_least_one_positive_image_by_area[1325]  0.117  0.175   0.000    0.466      0.002    0.003    4930.0    8071.0   1.00
at_least_one_positive_image_by_area[1326]  0.331  0.286   0.001    0.904      0.003    0.002    6503.0    8298.0   1.00
at_least_one_positive_image_by_area[1327]  0.152  0.205   0.000    0.588      0.002    0.003    5606.0    8405.0   1.00
at_least_one_positive_image_by_area[1328]  0.261  0.253   0.000    0.798      0.003    0.002    5666.0    8953.0   1.00
at_least_one_positive_image_by_area[1329]  0.213  0.243   0.000    0.739      0.003    0.002    5658.0    7433.0   1.00
at_least_one_positive_image_by_area[1330]  0.180  0.214   0.000    0.634      0.003    0.002    5590.0    9273.0   1.00
at_least_one_positive_image_by_area[1331]  0.239  0.258   0.000    0.795      0.003    0.002    6089.0    8729.0   1.00
at_least_one_positive_image_by_area[1332]  0.332  0.297   0.001    0.926      0.003    0.002    6790.0    8262.0   1.00
at_least_one_positive_image_by_area[1333]  1.000  0.000   1.000    1.000      0.000      NaN   40000.0   40000.0    NaN
at_least_one_positive_image_by_area[1334]  0.268  0.265   0.000    0.827      0.003    0.002    6273.0    8633.0   1.00
at_least_one_positive_image_by_area[1335]  0.962  0.116   0.805    1.000      0.002    0.005    6069.0    5726.0   1.00
at_least_one_positive_image_by_area[1336]  0.168  0.230   0.000    0.679      0.003    0.003    5692.0    7520.0   1.00
at_least_one_positive_image_by_area[1337]  0.383  0.297   0.002    0.939      0.003    0.002    7503.0    9574.0   1.00
at_least_one_positive_image_by_area[1338]  0.162  0.218   0.000    0.638      0.003    0.003    5608.0    7297.0   1.00
at_least_one_positive_image_by_area[1339]  0.396  0.305   0.002    0.955      0.004    0.002    6396.0    8013.0   1.00
at_least_one_positive_image_by_area[1340]  0.240  0.266   0.000    0.822      0.003    0.002    5729.0    7896.0   1.00
at_least_one_positive_image_by_area[1341]  0.406  0.347   0.012    1.000      0.004    0.001    6210.0    6456.0   1.00
at_least_one_positive_image_by_area[1342]  0.252  0.273   0.000    0.845      0.003    0.002    7374.0    7673.0   1.00
at_least_one_positive_image_by_area[1343]  0.240  0.251   0.000    0.777      0.003    0.002    5402.0    7165.0   1.00
at_least_one_positive_image_by_area[1344]  0.162  0.205   0.000    0.588      0.002    0.002    5154.0    7636.0   1.00
at_least_one_positive_image_by_area[1345]  0.184  0.228   0.000    0.680      0.003    0.003    5077.0    7878.0   1.00
at_least_one_positive_image_by_area[1346]  0.347  0.295   0.000    0.927      0.004    0.002    6024.0    9314.0   1.00
at_least_one_positive_image_by_area[1347]  0.218  0.243   0.000    0.748      0.003    0.002    5793.0    8256.0   1.00
at_least_one_positive_image_by_area[1348]  0.160  0.210   0.000    0.603      0.002    0.003    5609.0    7500.0   1.00
at_least_one_positive_image_by_area[1349]  0.279  0.280   0.000    0.875      0.003    0.002    6577.0    8679.0   1.00
at_least_one_positive_image_by_area[1350]  0.142  0.201   0.000    0.570      0.002    0.003    5151.0    7079.0   1.00
at_least_one_positive_image_by_area[1351]  0.278  0.272   0.000    0.853      0.003    0.002    5570.0    5674.0   1.00
at_least_one_positive_image_by_area[1352]  0.142  0.184   0.000    0.510      0.003    0.003    4747.0    7425.0   1.00
at_least_one_positive_image_by_area[1353]  1.000  0.000   1.000    1.000      0.000      NaN   40000.0   40000.0    NaN
at_least_one_positive_image_by_area[1354]  0.120  0.180   0.000    0.481      0.002    0.003    5371.0    7846.0   1.00
at_least_one_positive_image_by_area[1355]  0.229  0.251   0.000    0.773      0.003    0.002    5174.0    6354.0   1.00
at_least_one_positive_image_by_area[1356]  0.112  0.162   0.000    0.423      0.002    0.003    4270.0    7162.0   1.00
at_least_one_positive_image_by_area[1357]  0.364  0.308   0.001    0.951      0.004    0.002    6351.0    9271.0   1.00
at_least_one_positive_image_by_area[1358]  0.269  0.258   0.000    0.809      0.004    0.002    4642.0    7846.0   1.00
at_least_one_positive_image_by_area[1359]  0.316  0.274   0.001    0.871      0.003    0.002    6123.0    8903.0   1.00
at_least_one_positive_image_by_area[1360]  1.000  0.000   1.000    1.000      0.000      NaN   40000.0   40000.0    NaN
at_least_one_positive_image_by_area[1361]  0.313  0.279   0.001    0.882      0.003    0.002    6086.0    6705.0   1.00
at_least_one_positive_image_by_area[1362]  0.341  0.288   0.001    0.910      0.004    0.002    5555.0    8304.0   1.00
at_least_one_positive_image_by_area[1363]  0.297  0.292   0.000    0.906      0.003    0.002    6645.0    7902.0   1.00
at_least_one_positive_image_by_area[1364]  0.141  0.191   0.000    0.534      0.002    0.003    4823.0    8236.0   1.00
at_least_one_positive_image_by_area[1365]  0.131  0.201   0.000    0.563      0.002    0.003    5304.0    8063.0   1.00
at_least_one_positive_image_by_area[1366]  0.223  0.246   0.000    0.756      0.003    0.002    5492.0    7213.0   1.00
at_least_one_positive_image_by_area[1367]  0.170  0.220   0.000    0.650      0.003    0.003    5095.0    8915.0   1.00
at_least_one_positive_image_by_area[1368]  0.177  0.228   0.000    0.674      0.003    0.003    5436.0    6483.0   1.00
at_least_one_positive_image_by_area[1369]  0.076  0.138   0.000    0.314      0.002    0.003    4396.0    7586.0   1.00
at_least_one_positive_image_by_area[1370]  0.363  0.324   0.000    0.965      0.004    0.002    4742.0    6824.0   1.00
at_least_one_positive_image_by_area[1371]  0.124  0.186   0.000    0.513      0.002    0.003    4602.0    7499.0   1.00
at_least_one_positive_image_by_area[1372]  0.253  0.271   0.000    0.845      0.003    0.002    5829.0    7656.0   1.00
at_least_one_positive_image_by_area[1373]  0.115  0.177   0.000    0.466      0.002    0.003    4751.0    8048.0   1.00
at_least_one_positive_image_by_area[1374]  0.372  0.297   0.002    0.942      0.004    0.002    6366.0    8609.0   1.00
at_least_one_positive_image_by_area[1375]  0.109  0.177   0.000    0.461      0.002    0.004    4312.0    6887.0   1.00
at_least_one_positive_image_by_area[1376]  0.597  0.295   0.123    1.000      0.004    0.002    6153.0    8113.0   1.00
at_least_one_positive_image_by_area[1377]  0.176  0.225   0.000    0.676      0.003    0.003    4126.0    7649.0   1.00
at_least_one_positive_image_by_area[1378]  0.444  0.289   0.065    1.000      0.004    0.002    5632.0    6773.0   1.00
at_least_one_positive_image_by_area[1379]  0.087  0.155   0.000    0.379      0.002    0.003    4568.0    7037.0   1.00
at_least_one_positive_image_by_area[1380]  0.308  0.278   0.000    0.877      0.004    0.002    4708.0    5402.0   1.00
at_least_one_positive_image_by_area[1381]  0.109  0.168   0.000    0.435      0.002    0.003    4442.0    6640.0   1.00
at_least_one_positive_image_by_area[1382]  0.219  0.235   0.000    0.716      0.003    0.002    4564.0    5639.0   1.00
at_least_one_positive_image_by_area[1383]  0.112  0.169   0.000    0.437      0.002    0.003    3947.0    6711.0   1.00
at_least_one_positive_image_by_area[1384]  0.707  0.330   0.057    1.000      0.005    0.003    4784.0    3814.0   1.00
at_least_one_positive_image_by_area[1385]  0.134  0.189   0.000    0.534      0.003    0.003    4574.0    7366.0   1.00
at_least_one_positive_image_by_area[1386]  0.324  0.307   0.000    0.932      0.004    0.002    4842.0    6979.0   1.00
at_least_one_positive_image_by_area[1387]  0.163  0.209   0.000    0.600      0.003    0.003    4654.0    6784.0   1.00
at_least_one_positive_image_by_area[1388]  0.443  0.328   0.028    1.000      0.004    0.001    5608.0    7209.0   1.00
at_least_one_positive_image_by_area[1389]  0.153  0.206   0.000    0.593      0.003    0.003    4890.0    6449.0   1.00
at_least_one_positive_image_by_area[1390]  0.319  0.284   0.000    0.890      0.004    0.002    5456.0    6475.0   1.00
at_least_one_positive_image_by_area[1391]  0.189  0.220   0.000    0.662      0.003    0.002    5345.0    8333.0   1.00
at_least_one_positive_image_by_area[1392]  0.170  0.219   0.000    0.641      0.003    0.003    5275.0    7902.0   1.00
at_least_one_positive_image_by_area[1393]  0.539  0.326   0.058    1.000      0.004    0.001    6646.0    6966.0   1.00
at_least_one_positive_image_by_area[1394]  0.156  0.209   0.000    0.593      0.003    0.003    4302.0    5807.0   1.00
at_least_one_positive_image_by_area[1395]  0.382  0.294   0.004    0.937      0.003    0.002    6538.0    7802.0   1.00
at_least_one_positive_image_by_area[1396]  1.000  0.000   1.000    1.000      0.000      NaN   40000.0   40000.0    NaN
at_least_one_positive_image_by_area[1397]  0.090  0.153   0.000    0.367      0.002    0.003    4031.0    6397.0   1.00
at_least_one_positive_image_by_area[1398]  1.000  0.000   1.000    1.000      0.000      NaN   40000.0   40000.0    NaN
at_least_one_positive_image_by_area[1399]  0.072  0.126   0.000    0.288      0.002    0.003    3718.0    6403.0   1.00
at_least_one_positive_image_by_area[1400]  1.000  0.000   1.000    1.000      0.000      NaN   40000.0   40000.0    NaN
at_least_one_positive_image_by_area[1401]  0.073  0.128   0.000    0.286      0.002    0.003    4765.0    7371.0   1.00
at_least_one_positive_image_by_area[1402]  1.000  0.000   1.000    1.000      0.000      NaN   40000.0   40000.0    NaN
at_least_one_positive_image_by_area[1403]  0.063  0.118   0.000    0.252      0.002    0.003    4376.0    7877.0   1.00
at_least_one_positive_image_by_area[1404]  1.000  0.000   1.000    1.000      0.000      NaN   40000.0   40000.0    NaN
at_least_one_positive_image_by_area[1405]  0.190  0.227   0.000    0.675      0.003    0.003    4482.0    6744.0   1.00
at_least_one_positive_image_by_area[1406]  1.000  0.000   1.000    1.000      0.000      NaN   40000.0   40000.0    NaN
at_least_one_positive_image_by_area[1407]  0.190  0.223   0.000    0.665      0.003    0.002    5291.0    6690.0   1.00
at_least_one_positive_image_by_area[1408]  1.000  0.000   1.000    1.000      0.000      NaN   40000.0   40000.0    NaN
at_least_one_positive_image_by_area[1409]  0.216  0.249   0.000    0.762      0.003    0.002    5443.0    6921.0   1.00
at_least_one_positive_image_by_area[1410]  0.894  0.189   0.484    1.000      0.003    0.003    6893.0    6664.0   1.00
at_least_one_positive_image_by_area[1411]  0.293  0.262   0.001    0.830      0.003    0.002    6211.0    7606.0   1.00
at_least_one_positive_image_by_area[1412]  1.000  0.000   1.000    1.000      0.000      NaN   40000.0   40000.0    NaN
at_least_one_positive_image_by_area[1413]  0.214  0.235   0.000    0.714      0.003    0.003    3994.0    6374.0   1.00
at_least_one_positive_image_by_area[1414]  0.754  0.257   0.250    1.000      0.004    0.002    6154.0    5942.0   1.00
at_least_one_positive_image_by_area[1415]  0.296  0.311   0.000    0.947      0.004    0.002    4660.0    8357.0   1.00
at_least_one_positive_image_by_area[1416]  0.224  0.261   0.000    0.805      0.003    0.002    4664.0    7312.0   1.00
at_least_one_positive_image_by_area[1417]  0.207  0.243   0.000    0.740      0.003    0.003    4921.0    7739.0   1.00
at_least_one_positive_image_by_area[1418]  0.987  0.058   0.951    1.000      0.001    0.003    7117.0    5904.0   1.00
at_least_one_positive_image_by_area[1419]  0.777  0.275   0.210    1.000      0.003    0.002    7257.0    8456.0   1.00
at_least_one_positive_image_by_area[1420]  0.242  0.276   0.000    0.851      0.004    0.002    5166.0    8318.0   1.00
at_least_one_positive_image_by_area[1421]  0.135  0.192   0.000    0.529      0.002    0.003    5261.0    8298.0   1.00
at_least_one_positive_image_by_area[1422]  0.215  0.224   0.000    0.682      0.003    0.003    4287.0    6947.0   1.00
at_least_one_positive_image_by_area[1423]  0.134  0.180   0.000    0.497      0.002    0.003    4467.0    8530.0   1.00
at_least_one_positive_image_by_area[1424]  0.263  0.272   0.000    0.846      0.004    0.003    5855.0    8490.0   1.00
at_least_one_positive_image_by_area[1425]  0.290  0.283   0.000    0.886      0.003    0.002    6293.0    9359.0   1.00
at_least_one_positive_image_by_area[1426]  0.336  0.292   0.001    0.920      0.003    0.002    6882.0    7991.0   1.00
at_least_one_positive_image_by_area[1427]  0.989  0.046   0.959    1.000      0.001    0.003    5530.0    5932.0   1.00
at_least_one_positive_image_by_area[1428]  1.000  0.000   1.000    1.000      0.000      NaN   40000.0   40000.0    NaN
at_least_one_positive_image_by_area[1429]  1.000  0.000   1.000    1.000      0.000      NaN   40000.0   40000.0    NaN
at_least_one_positive_image_by_area[1430]  1.000  0.000   1.000    1.000      0.000      NaN   40000.0   40000.0    NaN
at_least_one_positive_image_by_area[1431]  0.177  0.216   0.000    0.637      0.003    0.003    5179.0    9298.0   1.00
at_least_one_positive_image_by_area[1432]  0.179  0.227   0.000    0.670      0.003    0.002    5277.0    8620.0   1.00
at_least_one_positive_image_by_area[1433]  0.147  0.196   0.000    0.551      0.002    0.003    4564.0    7143.0   1.00
at_least_one_positive_image_by_area[1434]  0.854  0.215   0.388    1.000      0.003    0.003    6892.0    6917.0   1.00
at_least_one_positive_image_by_area[1435]  0.243  0.262   0.000    0.811      0.004    0.002    4525.0    8482.0   1.00
at_least_one_positive_image_by_area[1436]  0.105  0.167   0.000    0.427      0.002    0.003    4395.0    7148.0   1.00
at_least_one_positive_image_by_area[1437]  0.202  0.247   0.000    0.758      0.004    0.003    3771.0    6936.0   1.00
at_least_one_positive_image_by_area[1438]  1.000  0.000   1.000    1.000      0.000      NaN   40000.0   40000.0    NaN
at_least_one_positive_image_by_area[1439]  0.083  0.144   0.000    0.337      0.002    0.003    3915.0    7222.0   1.00
at_least_one_positive_image_by_area[1440]  1.000  0.000   1.000    1.000      0.000      NaN   40000.0   40000.0    NaN
at_least_one_positive_image_by_area[1441]  0.122  0.184   0.000    0.503      0.002    0.003    4272.0    7534.0   1.00
at_least_one_positive_image_by_area[1442]  0.215  0.262   0.000    0.804      0.004    0.003    4246.0    5871.0   1.00
at_least_one_positive_image_by_area[1443]  0.227  0.285   0.000    0.884      0.004    0.003    4319.0    7046.0   1.00
at_least_one_positive_image_by_area[1444]  1.000  0.000   1.000    1.000      0.000      NaN   40000.0   40000.0    NaN
at_least_one_positive_image_by_area[1445]  0.181  0.228   0.000    0.680      0.003    0.003    4837.0    8202.0   1.00
at_least_one_positive_image_by_area[1446]  0.113  0.164   0.000    0.430      0.002    0.003    4774.0    8688.0   1.00
at_least_one_positive_image_by_area[1447]  0.510  0.339   0.035    1.000      0.004    0.001    8183.0    9216.0   1.00
at_least_one_positive_image_by_area[1448]  0.197  0.239   0.000    0.725      0.003    0.003    4696.0    7386.0   1.00
at_least_one_positive_image_by_area[1449]  0.113  0.177   0.000    0.468      0.002    0.003    4901.0    8674.0   1.00
at_least_one_positive_image_by_area[1450]  1.000  0.000   1.000    1.000      0.000      NaN   40000.0   40000.0    NaN
at_least_one_positive_image_by_area[1451]  0.163  0.206   0.000    0.597      0.003    0.003    4181.0    6992.0   1.00
at_least_one_positive_image_by_area[1452]  0.115  0.162   0.000    0.426      0.002    0.003    3937.0    6786.0   1.00
at_least_one_positive_image_by_area[1453]  0.214  0.216   0.001    0.663      0.003    0.002    4310.0    6604.0   1.00
at_least_one_positive_image_by_area[1454]  0.305  0.302   0.000    0.927      0.003    0.002    7664.0    8690.0   1.00
at_least_one_positive_image_by_area[1455]  0.486  0.311   0.060    1.000      0.004    0.001    7587.0   10357.0   1.00
at_least_one_positive_image_by_area[1456]  0.161  0.228   0.000    0.671      0.003    0.003    5462.0    7335.0   1.00
at_least_one_positive_image_by_area[1457]  0.165  0.193   0.000    0.561      0.002    0.002    5042.0    7715.0   1.00
at_least_one_positive_image_by_area[1458]  0.186  0.215   0.000    0.638      0.003    0.002    4820.0    7592.0   1.00
at_least_one_positive_image_by_area[1459]  1.000  0.000   1.000    1.000      0.000      NaN   40000.0   40000.0    NaN
at_least_one_positive_image_by_area[1460]  0.308  0.288   0.000    0.897      0.003    0.002    6903.0    7652.0   1.00
at_least_one_positive_image_by_area[1461]  0.247  0.268   0.000    0.827      0.003    0.002    5480.0    7624.0   1.00
at_least_one_positive_image_by_area[1462]  0.515  0.309   0.073    1.000      0.004    0.001    6518.0    9117.0   1.00
at_least_one_positive_image_by_area[1463]  0.205  0.216   0.001    0.651      0.003    0.002    4319.0    7700.0   1.00
at_least_one_positive_image_by_area[1464]  0.680  0.306   0.123    1.000      0.004    0.002    6504.0    7298.0   1.00
at_least_one_positive_image_by_area[1465]  0.139  0.185   0.000    0.518      0.002    0.003    5329.0    6449.0   1.00
at_least_one_positive_image_by_area[1466]  0.166  0.199   0.000    0.574      0.003    0.002    4620.0    7391.0   1.00
at_least_one_positive_image_by_area[1467]  0.562  0.300   0.098    1.000      0.004    0.001    6311.0    8754.0   1.00
at_least_one_positive_image_by_area[1468]  0.060  0.123   0.000    0.248      0.002    0.003    4907.0    6571.0   1.00
at_least_one_positive_image_by_area[1469]  0.091  0.147   0.000    0.360      0.002    0.003    4012.0    6945.0   1.00
at_least_one_positive_image_by_area[1470]  0.448  0.310   0.047    1.000      0.004    0.002    7457.0    8711.0   1.00
at_least_one_positive_image_by_area[1471]  1.000  0.000   1.000    1.000      0.000      NaN   40000.0   40000.0    NaN
at_least_one_positive_image_by_area[1472]  0.119  0.179   0.000    0.480      0.003    0.003    3865.0    6576.0   1.00
at_least_one_positive_image_by_area[1473]  0.087  0.137   0.000    0.327      0.002    0.002    4110.0    6929.0   1.00
at_least_one_positive_image_by_area[1474]  0.089  0.157   0.000    0.377      0.002    0.003    5193.0    6716.0   1.00
at_least_one_positive_image_by_area[1475]  0.096  0.154   0.000    0.377      0.002    0.003    4659.0    6491.0   1.00
at_least_one_positive_image_by_area[1476]  0.771  0.263   0.238    1.000      0.003    0.002    6639.0    8648.0   1.00
at_least_one_positive_image_by_area[1477]  0.098  0.162   0.000    0.404      0.002    0.003    4358.0    6537.0   1.00
at_least_one_positive_image_by_area[1478]  0.090  0.143   0.000    0.349      0.002    0.003    4168.0    7474.0   1.00
at_least_one_positive_image_by_area[1479]  0.668  0.289   0.157    1.000      0.004    0.002    6299.0    8426.0   1.00
at_least_one_positive_image_by_area[1480]  0.353  0.285   0.002    0.910      0.004    0.002    6050.0    9139.0   1.00
at_least_one_positive_image_by_area[1481]  0.326  0.276   0.001    0.880      0.003    0.002    5840.0    8125.0   1.00
at_least_one_positive_image_by_area[1482]  0.343  0.287   0.001    0.911      0.004    0.002    6034.0    8254.0   1.00
at_least_one_positive_image_by_area[1483]  0.176  0.219   0.000    0.649      0.003    0.003    5513.0    6187.0   1.00
at_least_one_positive_image_by_area[1484]  1.000  0.000   1.000    1.000      0.000      NaN   40000.0   40000.0    NaN
at_least_one_positive_image_by_area[1485]  0.343  0.283   0.002    0.902      0.004    0.002    5585.0    6789.0   1.00
at_least_one_positive_image_by_area[1486]  0.248  0.245   0.001    0.773      0.003    0.002    5897.0    7561.0   1.00
at_least_one_positive_image_by_area[1487]  0.159  0.195   0.000    0.566      0.003    0.003    3746.0    6009.0   1.00
at_least_one_positive_image_by_area[1488]  0.729  0.298   0.144    1.000      0.004    0.002    7048.0    8495.0   1.00
at_least_one_positive_image_by_area[1489]  0.209  0.245   0.000    0.748      0.003    0.003    4107.0    5087.0   1.00
at_least_one_positive_image_by_area[1490]  0.452  0.310   0.046    1.000      0.004    0.001    6554.0    8116.0   1.00
at_least_one_positive_image_by_area[1491]  0.179  0.213   0.000    0.624      0.003    0.003    3751.0    6434.0   1.00
at_least_one_positive_image_by_area[1492]  1.000  0.000   1.000    1.000      0.000      NaN   40000.0   40000.0    NaN
at_least_one_positive_image_by_area[1493]  0.161  0.206   0.000    0.596      0.003    0.003    4487.0    7854.0   1.00
at_least_one_positive_image_by_area[1494]  0.608  0.293   0.134    1.000      0.003    0.001    7175.0    9427.0   1.00
at_least_one_positive_image_by_area[1495]  0.155  0.223   0.000    0.647      0.003    0.003    5557.0    8218.0   1.00
at_least_one_positive_image_by_area[1496]  0.366  0.303   0.001    0.941      0.004    0.002    6556.0    6910.0   1.00
at_least_one_positive_image_by_area[1497]  0.061  0.113   0.000    0.243      0.001    0.002    4668.0    6195.0   1.00
at_least_one_positive_image_by_area[1498]  0.423  0.307   0.040    1.000      0.004    0.002    6114.0    9018.0   1.00
at_least_one_positive_image_by_area[1499]  0.148  0.193   0.000    0.547      0.002    0.002    4946.0    7814.0   1.00
at_least_one_positive_image_by_area[1500]  0.280  0.271   0.001    0.849      0.003    0.002    6318.0    8809.0   1.00
at_least_one_positive_image_by_area[1501]  0.129  0.192   0.000    0.526      0.002    0.003    5222.0    6387.0   1.00
at_least_one_positive_image_by_area[1502]  0.282  0.299   0.000    0.915      0.003    0.002    6239.0    6033.0   1.00
at_least_one_positive_image_by_area[1503]  0.205  0.236   0.000    0.715      0.003    0.003    3618.0    5502.0   1.00
at_least_one_positive_image_by_area[1504]  0.259  0.265   0.000    0.830      0.003    0.002    5785.0    8089.0   1.00
at_least_one_positive_image_by_area[1505]  0.205  0.243   0.000    0.737      0.003    0.002    5827.0    5776.0   1.00
at_least_one_positive_image_by_area[1506]  0.793  0.320   0.043    1.000      0.006    0.005    3424.0    2837.0   1.00
at_least_one_positive_image_by_area[1507]  0.227  0.256   0.000    0.788      0.003    0.002    5417.0    6635.0   1.00
at_least_one_positive_image_by_area[1508]  0.192  0.233   0.000    0.698      0.003    0.002    3822.0    5764.0   1.00
at_least_one_positive_image_by_area[1509]  0.376  0.312   0.000    0.958      0.004    0.002    4522.0    3126.0   1.00
at_least_one_positive_image_by_area[1510]  0.168  0.217   0.000    0.638      0.003    0.003    4285.0    7018.0   1.00
at_least_one_positive_image_by_area[1511]  0.167  0.222   0.000    0.651      0.003    0.003    5121.0    7045.0   1.00
at_least_one_positive_image_by_area[1512]  0.475  0.331   0.039    1.000      0.004    0.001    5107.0    6239.0   1.00
at_least_one_positive_image_by_area[1513]  0.108  0.156   0.000    0.411      0.002    0.002    5149.0    8192.0   1.00
at_least_one_positive_image_by_area[1514]  0.345  0.288   0.001    0.908      0.003    0.002    6783.0    8453.0   1.00
at_least_one_positive_image_by_area[1515]  0.171  0.216   0.000    0.633      0.003    0.002    5983.0    8304.0   1.00
at_least_one_positive_image_by_area[1516]  0.481  0.305   0.060    1.000      0.004    0.001    7003.0    8268.0   1.00
at_least_one_positive_image_by_area[1517]  0.180  0.222   0.000    0.659      0.003    0.002    5719.0    7989.0   1.00
at_least_one_positive_image_by_area[1518]  1.000  0.000   1.000    1.000      0.000      NaN   40000.0   40000.0    NaN
at_least_one_positive_image_by_area[1519]  0.143  0.192   0.000    0.539      0.002    0.003    4896.0    6851.0   1.00
at_least_one_positive_image_by_area[1520]  1.000  0.000   1.000    1.000      0.000      NaN   40000.0   40000.0    NaN
at_least_one_positive_image_by_area[1521]  0.187  0.223   0.000    0.667      0.003    0.003    4148.0    6757.0   1.00
at_least_one_positive_image_by_area[1522]  0.376  0.289   0.004    0.929      0.004    0.002    5906.0    7695.0   1.00
at_least_one_positive_image_by_area[1523]  0.332  0.317   0.000    0.958      0.005    0.002    3592.0    4823.0   1.00
at_least_one_positive_image_by_area[1524]  0.392  0.304   0.001    0.950      0.004    0.002    5869.0    6918.0   1.00
at_least_one_positive_image_by_area[1525]  0.272  0.278   0.000    0.854      0.004    0.002    4138.0    5359.0   1.00
at_least_one_positive_image_by_area[1526]  0.372  0.295   0.003    0.933      0.004    0.002    5573.0    7159.0   1.00
at_least_one_positive_image_by_area[1527]  0.219  0.242   0.000    0.737      0.003    0.003    4223.0    6176.0   1.00
at_least_one_positive_image_by_area[1528]  0.548  0.341   0.043    1.000      0.005    0.001    5980.0    6847.0   1.00
at_least_one_positive_image_by_area[1529]  0.170  0.204   0.000    0.593      0.003    0.002    4152.0    6212.0   1.00
at_least_one_positive_image_by_area[1530]  1.000  0.000   1.000    1.000      0.000      NaN   40000.0   40000.0    NaN
at_least_one_positive_image_by_area[1531]  0.134  0.191   0.000    0.529      0.003    0.003    3953.0    5166.0   1.00
at_least_one_positive_image_by_area[1532]  0.496  0.309   0.066    1.000      0.004    0.001    6650.0    9333.0   1.00
at_least_one_positive_image_by_area[1533]  0.204  0.239   0.000    0.727      0.003    0.002    4710.0    6872.0   1.00
at_least_one_positive_image_by_area[1534]  0.486  0.320   0.051    1.000      0.004    0.001    7984.0    7832.0   1.00
at_least_one_positive_image_by_area[1535]  0.170  0.216   0.000    0.637      0.003    0.002    5701.0    7693.0   1.00
at_least_one_positive_image_by_area[1536]  0.408  0.305   0.003    0.960      0.004    0.002    7135.0    8542.0   1.00
at_least_one_positive_image_by_area[1537]  0.200  0.241   0.000    0.736      0.003    0.003    5526.0    8041.0   1.00
at_least_one_positive_image_by_area[1538]  1.000  0.000   1.000    1.000      0.000      NaN   40000.0   40000.0    NaN
at_least_one_positive_image_by_area[1539]  0.443  0.324   0.030    1.000      0.004    0.001    6193.0    6840.0   1.00
at_least_one_positive_image_by_area[1540]  1.000  0.000   1.000    1.000      0.000      NaN   40000.0   40000.0    NaN
at_least_one_positive_image_by_area[1541]  0.558  0.311   0.085    1.000      0.004    0.001    7128.0    7317.0   1.00
at_least_one_positive_image_by_area[1542]  0.313  0.287   0.001    0.896      0.004    0.002    5635.0    8403.0   1.00
at_least_one_positive_image_by_area[1543]  1.000  0.000   1.000    1.000      0.000      NaN   40000.0   40000.0    NaN
at_least_one_positive_image_by_area[1544]  0.391  0.299   0.002    0.944      0.003    0.002    7389.0    9237.0   1.00
at_least_one_positive_image_by_area[1545]  1.000  0.000   1.000    1.000      0.000      NaN   40000.0   40000.0    NaN
at_least_one_positive_image_by_area[1546]  0.439  0.289   0.063    1.000      0.004    0.002    6541.0    8461.0   1.00
at_least_one_positive_image_by_area[1547]  0.451  0.305   0.053    1.000      0.004    0.001    6403.0    8155.0   1.00
at_least_one_positive_image_by_area[1548]  0.550  0.311   0.084    1.000      0.004    0.001    7449.0    8214.0   1.00
at_least_one_positive_image_by_area[1549]  0.446  0.326   0.031    1.000      0.004    0.001    6018.0    6797.0   1.00
at_least_one_positive_image_by_area[1550]  0.171  0.201   0.000    0.589      0.002    0.002    5654.0   10331.0   1.00
at_least_one_positive_image_by_area[1551]  0.179  0.223   0.000    0.661      0.003    0.003    5564.0    8018.0   1.00
at_least_one_positive_image_by_area[1552]  0.197  0.235   0.000    0.708      0.003    0.002    5488.0    6877.0   1.00
at_least_one_positive_image_by_area[1553]  0.296  0.276   0.001    0.868      0.003    0.002    5900.0    8192.0   1.00
at_least_one_positive_image_by_area[1554]  0.397  0.288   0.008    0.941      0.004    0.002    6335.0    8365.0   1.00
at_least_one_positive_image_by_area[1555]  0.599  0.316   0.097    1.000      0.004    0.001    6841.0    8081.0   1.00
at_least_one_positive_image_by_area[1556]  0.554  0.304   0.091    1.000      0.004    0.001    6661.0    8167.0   1.00
at_least_one_positive_image_by_area[1557]  0.397  0.291   0.005    0.938      0.003    0.002    6916.0    9545.0   1.00
at_least_one_positive_image_by_area[1558]  1.000  0.000   1.000    1.000      0.000      NaN   40000.0   40000.0    NaN
at_least_one_positive_image_by_area[1559]  0.545  0.310   0.081    1.000      0.004    0.001    6569.0    6033.0   1.00
at_least_one_positive_image_by_area[1560]  0.431  0.284   0.017    0.949      0.004    0.002    4991.0    6653.0   1.00
at_least_one_positive_image_by_area[1561]  1.000  0.000   1.000    1.000      0.000      NaN   40000.0   40000.0    NaN
at_least_one_positive_image_by_area[1562]  0.477  0.330   0.036    1.000      0.004    0.001    7084.0    8124.0   1.00
at_least_one_positive_image_by_area[1563]  0.282  0.272   0.000    0.850      0.003    0.002    6621.0    9280.0   1.00
at_least_one_positive_image_by_area[1564]  0.747  0.282   0.191    1.000      0.004    0.002    6927.0    7793.0   1.00
at_least_one_positive_image_by_area[1565]  1.000  0.000   1.000    1.000      0.000      NaN   40000.0   40000.0    NaN
at_least_one_positive_image_by_area[1566]  0.708  0.274   0.198    1.000      0.004    0.002    5965.0    7228.0   1.00
at_least_one_positive_image_by_area[1567]  0.131  0.189   0.000    0.519      0.002    0.003    5968.0    7236.0   1.00
at_least_one_positive_image_by_area[1568]  0.419  0.324   0.025    1.000      0.004    0.002    6543.0    7682.0   1.00
at_least_one_positive_image_by_area[1569]  0.833  0.230   0.341    1.000      0.003    0.003    6202.0    8651.0   1.00
at_least_one_positive_image_by_area[1570]  0.329  0.283   0.001    0.895      0.004    0.002    5500.0    6755.0   1.00
at_least_one_positive_image_by_area[1571]  0.619  0.300   0.124    1.000      0.004    0.002    6978.0    8801.0   1.00
at_least_one_positive_image_by_area[1572]  0.395  0.303   0.002    0.953      0.004    0.002    6425.0    7222.0   1.00
at_least_one_positive_image_by_area[1573]  0.674  0.316   0.099    1.000      0.004    0.002    6535.0    6084.0   1.00
at_least_one_positive_image_by_area[1574]  0.273  0.272   0.000    0.860      0.003    0.002    7317.0    8830.0   1.00
at_least_one_positive_image_by_area[1575]  0.388  0.302   0.002    0.945      0.004    0.002    6527.0    7940.0   1.00
at_least_one_positive_image_by_area[1576]  0.957  0.108   0.777    1.000      0.001    0.003    6514.0    7292.0   1.00
at_least_one_positive_image_by_area[1577]  0.395  0.304   0.003    0.955      0.004    0.002    6481.0    8604.0   1.00
at_least_one_positive_image_by_area[1578]  0.492  0.310   0.063    1.000      0.004    0.001    6341.0    8184.0   1.00
at_least_one_positive_image_by_area[1579]  0.599  0.332   0.062    1.000      0.004    0.002    6709.0    7317.0   1.00
at_least_one_positive_image_by_area[1580]  0.543  0.325   0.061    1.000      0.004    0.001    6519.0    8600.0   1.00
at_least_one_positive_image_by_area[1581]  1.000  0.000   1.000    1.000      0.000      NaN   40000.0   40000.0    NaN
at_least_one_positive_image_by_area[1582]  0.274  0.277   0.000    0.861      0.003    0.002    6288.0    7971.0   1.00
at_least_one_positive_image_by_area[1583]  0.424  0.309   0.041    1.000      0.004    0.002    6390.0    7658.0   1.00
at_least_one_positive_image_by_area[1584]  0.531  0.311   0.078    1.000      0.004    0.001    7009.0    7502.0   1.00
at_least_one_positive_image_by_area[1585]  1.000  0.000   1.000    1.000      0.000      NaN   40000.0   40000.0    NaN
at_least_one_positive_image_by_area[1586]  0.425  0.301   0.006    0.963      0.004    0.002    5885.0    7591.0   1.00
at_least_one_positive_image_by_area[1587]  0.428  0.307   0.041    1.000      0.004    0.002    5759.0    7857.0   1.00
at_least_one_positive_image_by_area[1588]  0.469  0.344   0.026    1.000      0.005    0.001    5068.0    6534.0   1.00
at_least_one_positive_image_by_area[1589]  0.997  0.020   0.993    1.000      0.000    0.002    6591.0    8170.0   1.00
at_least_one_positive_image_by_area[1590]  0.533  0.309   0.077    1.000      0.004    0.001    6212.0    7222.0   1.00
at_least_one_positive_image_by_area[1591]  1.000  0.000   1.000    1.000      0.000      NaN   40000.0   40000.0    NaN
at_least_one_positive_image_by_area[1592]  1.000  0.000   1.000    1.000      0.000      NaN   40000.0   40000.0    NaN
at_least_one_positive_image_by_area[1593]  0.517  0.308   0.073    1.000      0.004    0.001    6326.0    9328.0   1.00
at_least_one_positive_image_by_area[1594]  0.376  0.279   0.005    0.910      0.003    0.002    7226.0    9952.0   1.00
at_least_one_positive_image_by_area[1595]  0.464  0.314   0.044    1.000      0.004    0.001    6177.0    5957.0   1.00
at_least_one_positive_image_by_area[1596]  1.000  0.000   1.000    1.000      0.000      NaN   40000.0   40000.0    NaN
at_least_one_positive_image_by_area[1597]  0.321  0.274   0.001    0.877      0.003    0.002    5759.0    9027.0   1.00
at_least_one_positive_image_by_area[1598]  0.500  0.306   0.069    1.000      0.004    0.001    6975.0    8972.0   1.00
at_least_one_positive_image_by_area[1599]  0.302  0.296   0.000    0.919      0.003    0.002    7267.0    9290.0   1.00
at_least_one_positive_image_by_area[1600]  0.388  0.300   0.002    0.942      0.004    0.002    6663.0    8249.0   1.00
at_least_one_positive_image_by_area[1601]  0.341  0.284   0.001    0.903      0.003    0.002    5951.0    6591.0   1.00
at_least_one_positive_image_by_area[1602]  0.182  0.220   0.000    0.653      0.003    0.002    5949.0    8862.0   1.00
at_least_one_positive_image_by_area[1603]  0.525  0.303   0.083    1.000      0.004    0.001    6576.0    8498.0   1.00
at_least_one_positive_image_by_area[1604]  0.379  0.318   0.000    0.964      0.004    0.002    6036.0    8691.0   1.00
at_least_one_positive_image_by_area[1605]  0.277  0.261   0.000    0.817      0.003    0.002    6375.0    9219.0   1.00
at_least_one_positive_image_by_area[1606]  0.815  0.255   0.258    1.000      0.004    0.003    5571.0    5507.0   1.00
at_least_one_positive_image_by_area[1607]  0.270  0.276   0.000    0.855      0.003    0.002    6123.0    7952.0   1.00
at_least_one_positive_image_by_area[1608]  0.297  0.295   0.000    0.915      0.003    0.002    6887.0    8845.0   1.00
at_least_one_positive_image_by_area[1609]  0.190  0.221   0.000    0.664      0.003    0.002    5678.0    8209.0   1.00
at_least_one_positive_image_by_area[1610]  0.376  0.300   0.002    0.940      0.004    0.002    4882.0    7769.0   1.00
at_least_one_positive_image_by_area[1611]  0.280  0.278   0.000    0.870      0.003    0.002    7057.0    9566.0   1.00
at_least_one_positive_image_by_area[1612]  0.196  0.224   0.000    0.673      0.003    0.002    5036.0    6876.0   1.00
at_least_one_positive_image_by_area[1613]  0.427  0.332   0.022    1.000      0.004    0.001    6828.0    6520.0   1.00
at_least_one_positive_image_by_area[1614]  0.233  0.252   0.000    0.775      0.003    0.002    5125.0    6876.0   1.00
at_least_one_positive_image_by_area[1615]  0.220  0.240   0.000    0.733      0.003    0.002    5312.0    7537.0   1.00
at_least_one_positive_image_by_area[1616]  0.485  0.317   0.050    1.000      0.004    0.001    7316.0    7566.0   1.00
at_least_one_positive_image_by_area[1617]  0.259  0.262   0.000    0.822      0.003    0.002    5040.0    7266.0   1.00
at_least_one_positive_image_by_area[1618]  0.455  0.312   0.044    1.000      0.004    0.002    6558.0    8444.0   1.00
at_least_one_positive_image_by_area[1619]  0.151  0.198   0.000    0.558      0.003    0.003    4499.0    5368.0   1.00
at_least_one_positive_image_by_area[1620]  0.220  0.243   0.000    0.745      0.003    0.002    4765.0    6413.0   1.00
at_least_one_positive_image_by_area[1621]  0.153  0.205   0.000    0.584      0.002    0.003    4886.0    7381.0   1.00
at_least_one_positive_image_by_area[1622]  0.360  0.319   0.000    0.959      0.004    0.002    7022.0    7507.0   1.00
at_least_one_positive_image_by_area[1623]  0.159  0.194   0.000    0.557      0.003    0.003    4043.0    7033.0   1.00
at_least_one_positive_image_by_area[1624]  0.131  0.195   0.000    0.527      0.003    0.003    4394.0    6284.0   1.00
at_least_one_positive_image_by_area[1625]  0.107  0.176   0.000    0.457      0.002    0.003    4396.0    6310.0   1.00
at_least_one_positive_image_by_area[1626]  1.000  0.000   1.000    1.000      0.000      NaN   40000.0   40000.0    NaN
at_least_one_positive_image_by_area[1627]  0.174  0.212   0.000    0.628      0.003    0.003    4188.0    5689.0   1.00
at_least_one_positive_image_by_area[1628]  0.509  0.313   0.065    1.000      0.004    0.001    6952.0    8286.0   1.00
at_least_one_positive_image_by_area[1629]  0.138  0.215   0.000    0.611      0.003    0.003    4213.0    6912.0   1.00
at_least_one_positive_image_by_area[1630]  0.496  0.305   0.068    1.000      0.004    0.001    7028.0    7201.0   1.00
at_least_one_positive_image_by_area[1631]  0.075  0.128   0.000    0.297      0.002    0.003    5031.0    7263.0   1.00
at_least_one_positive_image_by_area[1632]  0.442  0.309   0.044    1.000      0.004    0.001    6139.0    9119.0   1.00
at_least_one_positive_image_by_area[1633]  0.129  0.194   0.000    0.529      0.002    0.003    5281.0    8060.0   1.00
at_least_one_positive_image_by_area[1634]  0.177  0.217   0.000    0.634      0.003    0.003    5225.0    8122.0   1.00
at_least_one_positive_image_by_area[1635]  0.123  0.173   0.000    0.465      0.002    0.003    4034.0    5066.0   1.00
at_least_one_positive_image_by_area[1636]  0.348  0.319   0.000    0.962      0.004    0.002    4553.0    7375.0   1.00
at_least_one_positive_image_by_area[1637]  0.330  0.287   0.001    0.903      0.004    0.002    4798.0    7778.0   1.00
at_least_one_positive_image_by_area[1638]  0.183  0.227   0.000    0.674      0.003    0.003    5010.0    6983.0   1.00
at_least_one_positive_image_by_area[1639]  0.273  0.278   0.000    0.867      0.003    0.002    6591.0    8711.0   1.00
at_least_one_positive_image_by_area[1640]  0.937  0.164   0.645    1.000      0.003    0.007    4900.0    3136.0   1.00
at_least_one_positive_image_by_area[1641]  0.440  0.315   0.040    1.000      0.004    0.002    6008.0    3913.0   1.00
at_least_one_positive_image_by_area[1642]  0.213  0.249   0.000    0.757      0.003    0.002    5416.0    7898.0   1.00
at_least_one_positive_image_by_area[1643]  0.395  0.308   0.001    0.959      0.004    0.002    6328.0    7184.0   1.00
at_least_one_positive_image_by_area[1644]  0.251  0.260   0.000    0.805      0.003    0.002    5744.0    9080.0   1.00
at_least_one_positive_image_by_area[1645]  0.327  0.293   0.001    0.912      0.003    0.002    7431.0    8959.0   1.00
at_least_one_positive_image_by_area[1646]  0.174  0.226   0.000    0.668      0.003    0.003    4918.0    7417.0   1.00
at_least_one_positive_image_by_area[1647]  0.153  0.214   0.000    0.614      0.003    0.003    4948.0    6734.0   1.00
at_least_one_positive_image_by_area[1648]  0.111  0.186   0.000    0.488      0.002    0.003    6002.0    9804.0   1.00
at_least_one_positive_image_by_area[1649]  0.151  0.217   0.000    0.626      0.003    0.003    4567.0    7570.0   1.00
at_least_one_positive_image_by_area[1650]  0.173  0.222   0.000    0.649      0.003    0.003    4400.0    7175.0   1.00
at_least_one_positive_image_by_area[1651]  0.262  0.260   0.000    0.815      0.003    0.002    5045.0    7867.0   1.00
at_least_one_positive_image_by_area[1652]  0.272  0.269   0.000    0.837      0.003    0.002    5024.0    5650.0   1.00
at_least_one_positive_image_by_area[1653]  1.000  0.000   1.000    1.000      0.000      NaN   40000.0   40000.0    NaN
at_least_one_positive_image_by_area[1654]  0.298  0.282   0.000    0.883      0.004    0.002    5085.0    6663.0   1.00
at_least_one_positive_image_by_area[1655]  0.408  0.307   0.003    0.963      0.004    0.002    6515.0    7563.0   1.00
at_least_one_positive_image_by_area[1656]  0.465  0.311   0.050    1.000      0.004    0.001    5651.0    7781.0   1.00
at_least_one_positive_image_by_area[1657]  0.197  0.266   0.000    0.818      0.003    0.003    6403.0    8932.0   1.00
at_least_one_positive_image_by_area[1658]  0.174  0.255   0.000    0.776      0.003    0.003    5680.0    7170.0   1.00
at_least_one_positive_image_by_area[1659]  0.160  0.234   0.000    0.684      0.003    0.003    5168.0    8200.0   1.00
at_least_one_positive_image_by_area[1660]  0.336  0.302   0.000    0.933      0.004    0.002    4765.0    6652.0   1.00
at_least_one_positive_image_by_area[1661]  0.070  0.135   0.000    0.293      0.002    0.003    4301.0    7588.0   1.00
at_least_one_positive_image_by_area[1662]  0.048  0.109   0.000    0.199      0.001    0.003    4947.0    7706.0   1.00
at_least_one_positive_image_by_area[1663]  0.041  0.085   0.000    0.156      0.001    0.002    3970.0    6807.0   1.00
at_least_one_positive_image_by_area[1664]  0.067  0.124   0.000    0.268      0.002    0.003    4181.0    5465.0   1.00
at_least_one_positive_image_by_area[1665]  1.000  0.000   1.000    1.000      0.000      NaN   40000.0   40000.0    NaN
at_least_one_positive_image_by_area[1666]  0.264  0.267   0.000    0.829      0.003    0.002    5651.0    7597.0   1.00
at_least_one_positive_image_by_area[1667]  0.181  0.234   0.000    0.704      0.003    0.003    5426.0    6893.0   1.00
at_least_one_positive_image_by_area[1668]  0.180  0.224   0.000    0.670      0.003    0.003    4854.0    6848.0   1.00
at_least_one_positive_image_by_area[1669]  0.452  0.330   0.031    1.000      0.005    0.001    4652.0    6994.0   1.00
at_least_one_positive_image_by_area[1670]  0.254  0.256   0.000    0.801      0.004    0.002    3757.0    6453.0   1.00
at_least_one_positive_image_by_area[1671]  0.137  0.186   0.000    0.514      0.002    0.003    4345.0    6184.0   1.00
at_least_one_positive_image_by_area[1672]  0.115  0.177   0.000    0.469      0.002    0.003    4285.0    6514.0   1.00
at_least_one_positive_image_by_area[1673]  0.122  0.195   0.000    0.528      0.002    0.003    5009.0    7025.0   1.00
at_least_one_positive_image_by_area[1674]  0.085  0.156   0.000    0.356      0.002    0.003    4611.0    7004.0   1.00
at_least_one_positive_image_by_area[1675]  0.225  0.253   0.000    0.773      0.004    0.003    3703.0    6491.0   1.00
at_least_one_positive_image_by_area[1676]  0.114  0.169   0.000    0.446      0.002    0.003    3980.0    8391.0   1.00
at_least_one_positive_image_by_area[1677]  0.198  0.240   0.000    0.726      0.003    0.002    5354.0    7390.0   1.00
at_least_one_positive_image_by_area[1678]  0.203  0.223   0.000    0.678      0.003    0.002    4897.0    7055.0   1.00
at_least_one_positive_image_by_area[1679]  0.101  0.165   0.000    0.417      0.002    0.003    5702.0    8128.0   1.00
at_least_one_positive_image_by_area[1680]  0.180  0.232   0.000    0.695      0.003    0.003    4886.0    7471.0   1.00
at_least_one_positive_image_by_area[1681]  0.154  0.208   0.000    0.600      0.003    0.003    4017.0    6672.0   1.00
at_least_one_positive_image_by_area[1682]  0.128  0.200   0.000    0.552      0.003    0.003    3772.0    6862.0   1.00
at_least_one_positive_image_by_area[1683]  0.073  0.139   0.000    0.308      0.002    0.003    4458.0    6243.0   1.00
at_least_one_positive_image_by_area[1684]  0.138  0.194   0.000    0.535      0.003    0.003    4176.0    8178.0   1.00
at_least_one_positive_image_by_area[1685]  0.150  0.205   0.000    0.592      0.003    0.003    4962.0    5941.0   1.00
at_least_one_positive_image_by_area[1686]  0.678  0.348   0.043    1.000      0.005    0.003    5035.0    5618.0   1.00
at_least_one_positive_image_by_area[1687]  0.524  0.366   0.021    1.000      0.006    0.001    3133.0    5326.0   1.00
at_least_one_positive_image_by_area[1688]  0.079  0.171   0.000    0.395      0.002    0.003    5883.0    7529.0   1.00
at_least_one_positive_image_by_area[1689]  0.120  0.194   0.000    0.522      0.002    0.003    3587.0    5755.0   1.00
at_least_one_positive_image_by_area[1690]  0.000  0.000   0.000    0.000      0.000      NaN   40000.0   40000.0    NaN
at_least_one_positive_image_by_area[1691]  0.248  0.250   0.000    0.784      0.003    0.002    5437.0    6605.0   1.00
at_least_one_positive_image_by_area[1692]  0.245  0.253   0.000    0.786      0.003    0.002    5355.0    8014.0   1.00
at_least_one_positive_image_by_area[1693]  0.229  0.261   0.000    0.800      0.003    0.002    5457.0    7096.0   1.00
at_least_one_positive_image_by_area[1694]  0.201  0.225   0.000    0.684      0.003    0.002    5612.0    7838.0   1.00
at_least_one_positive_image_by_area[1695]  0.140  0.195   0.000    0.544      0.002    0.003    5984.0    7831.0   1.00
at_least_one_positive_image_by_area[1696]  0.221  0.237   0.000    0.731      0.004    0.003    4493.0    5597.0   1.00
at_least_one_positive_image_by_area[1697]  0.222  0.253   0.000    0.779      0.003    0.002    6249.0    7313.0   1.00
at_least_one_positive_image_by_area[1698]  0.164  0.216   0.000    0.627      0.003    0.003    6310.0    8942.0   1.00
at_least_one_positive_image_by_area[1699]  0.312  0.275   0.000    0.868      0.004    0.002    5060.0    7003.0   1.00
at_least_one_positive_image_by_area[1700]  1.000  0.000   1.000    1.000      0.000      NaN   40000.0   40000.0    NaN
at_least_one_positive_image_by_area[1701]  0.319  0.285   0.000    0.898      0.003    0.002    5868.0    8283.0   1.00
at_least_one_positive_image_by_area[1702]  0.220  0.244   0.000    0.754      0.003    0.002    5728.0   10121.0   1.00
at_least_one_positive_image_by_area[1703]  0.198  0.238   0.000    0.717      0.003    0.002    7335.0    8332.0   1.00
at_least_one_positive_image_by_area[1704]  0.391  0.289   0.004    0.927      0.004    0.002    5657.0    6598.0   1.00
at_least_one_positive_image_by_area[1705]  0.201  0.232   0.000    0.701      0.003    0.002    4642.0    7856.0   1.00
at_least_one_positive_image_by_area[1706]  0.272  0.271   0.000    0.847      0.003    0.002    6127.0    6956.0   1.00
at_least_one_positive_image_by_area[1707]  0.241  0.254   0.000    0.786      0.003    0.002    6168.0    8383.0   1.00
at_least_one_positive_image_by_area[1708]  0.158  0.205   0.000    0.589      0.002    0.003    5988.0    9245.0   1.00
at_least_one_positive_image_by_area[1709]  0.322  0.308   0.000    0.935      0.004    0.002    4922.0    6797.0   1.00
at_least_one_positive_image_by_area[1710]  0.241  0.251   0.000    0.775      0.003    0.002    5431.0    8203.0   1.00
at_least_one_positive_image_by_area[1711]  0.216  0.241   0.000    0.734      0.003    0.002    6245.0    7275.0   1.00
at_least_one_positive_image_by_area[1712]  0.354  0.293   0.002    0.923      0.004    0.002    5329.0    8579.0   1.00
at_least_one_positive_image_by_area[1713]  0.615  0.318   0.093    1.000      0.004    0.002    6143.0    8083.0   1.00
at_least_one_positive_image_by_area[1714]  0.774  0.292   0.129    1.000      0.004    0.004    5964.0    4548.0   1.00
at_least_one_positive_image_by_area[1715]  0.538  0.329   0.057    1.000      0.005    0.001    5232.0    8001.0   1.00
at_least_one_positive_image_by_area[1716]  0.273  0.247   0.002    0.782      0.003    0.002    4852.0    6796.0   1.00
at_least_one_positive_image_by_area[1717]  0.515  0.325   0.053    1.000      0.004    0.001    5147.0    6694.0   1.00
at_least_one_positive_image_by_area[1718]  0.323  0.273   0.001    0.871      0.004    0.002    4397.0    7607.0   1.00
at_least_one_positive_image_by_area[1719]  0.121  0.158   0.000    0.415      0.002    0.002    5009.0    7356.0   1.00
at_least_one_positive_image_by_area[1720]  0.137  0.207   0.000    0.571      0.003    0.003    5757.0    8059.0   1.00
at_least_one_positive_image_by_area[1721]  0.178  0.214   0.000    0.633      0.003    0.003    4473.0    8367.0   1.00
at_least_one_positive_image_by_area[1722]  0.171  0.218   0.000    0.636      0.003    0.003    5018.0    6781.0   1.00
at_least_one_positive_image_by_area[1723]  0.191  0.226   0.000    0.673      0.003    0.003    4581.0    6647.0   1.00
at_least_one_positive_image_by_area[1724]  0.138  0.187   0.000    0.522      0.002    0.003    4745.0    6764.0   1.00
at_least_one_positive_image_by_area[1725]  0.216  0.225   0.000    0.688      0.003    0.002    4235.0    6678.0   1.00
at_least_one_positive_image_by_area[1726]  0.088  0.147   0.000    0.351      0.002    0.003    4450.0    6961.0   1.00
at_least_one_positive_image_by_area[1727]  0.160  0.200   0.000    0.572      0.002    0.002    5153.0    6351.0   1.00
at_least_one_positive_image_by_area[1728]  0.213  0.228   0.000    0.698      0.003    0.002    5422.0    7844.0   1.00
at_least_one_positive_image_by_area[1729]  0.202  0.230   0.000    0.699      0.003    0.002    6020.0    8926.0   1.00
at_least_one_positive_image_by_area[1730]  0.194  0.232   0.000    0.704      0.003    0.002    5622.0    7427.0   1.00
at_least_one_positive_image_by_area[1731]  0.268  0.250   0.001    0.793      0.003    0.002    5642.0    7732.0   1.00
at_least_one_positive_image_by_area[1732]  0.197  0.233   0.000    0.703      0.003    0.003    6277.0    8986.0   1.00
at_least_one_positive_image_by_area[1733]  0.342  0.290   0.001    0.913      0.004    0.002    4633.0    5638.0   1.00
at_least_one_positive_image_by_area[1734]  0.226  0.265   0.000    0.819      0.003    0.002    6944.0    8953.0   1.00
at_least_one_positive_image_by_area[1735]  0.289  0.284   0.000    0.881      0.003    0.002    6144.0    7385.0   1.00
at_least_one_positive_image_by_area[1736]  0.329  0.315   0.000    0.956      0.004    0.002    5643.0    8424.0   1.00
at_least_one_positive_image_by_area[1737]  0.184  0.215   0.000    0.634      0.003    0.003    5430.0    9709.0   1.00
at_least_one_positive_image_by_area[1738]  0.264  0.279   0.000    0.864      0.003    0.002    6151.0    8769.0   1.00
at_least_one_positive_image_by_area[1739]  0.231  0.250   0.001    0.772      0.004    0.003    4297.0    7059.0   1.00
at_least_one_positive_image_by_area[1740]  0.175  0.241   0.000    0.720      0.003    0.003    6466.0    8089.0   1.00
at_least_one_positive_image_by_area[1741]  0.217  0.266   0.000    0.818      0.003    0.003    4227.0    4125.0   1.00
at_least_one_positive_image_by_area[1742]  0.204  0.241   0.000    0.735      0.003    0.003    4588.0    5656.0   1.00
at_least_one_positive_image_by_area[1743]  0.203  0.239   0.000    0.722      0.003    0.003    5340.0    7565.0   1.00
at_least_one_positive_image_by_area[1744]  0.246  0.267   0.000    0.825      0.003    0.002    6326.0    8103.0   1.00
at_least_one_positive_image_by_area[1745]  0.267  0.275   0.000    0.852      0.003    0.002    6209.0    7698.0   1.00
at_least_one_positive_image_by_area[1746]  0.189  0.221   0.000    0.660      0.003    0.002    4263.0    2970.0   1.00
at_least_one_positive_image_by_area[1747]  0.173  0.211   0.000    0.619      0.003    0.002    5268.0    7884.0   1.00
at_least_one_positive_image_by_area[1748]  0.209  0.248   0.000    0.756      0.003    0.002    4873.0    7072.0   1.00
at_least_one_positive_image_by_area[1749]  0.185  0.226   0.000    0.663      0.003    0.002    4675.0    7018.0   1.00
at_least_one_positive_image_by_area[1750]  0.335  0.350   0.000    0.984      0.005    0.002    3722.0    6934.0   1.00
at_least_one_positive_image_by_area[1751]  0.121  0.188   0.000    0.507      0.003    0.003    4359.0    7861.0   1.00
at_least_one_positive_image_by_area[1752]  0.152  0.201   0.000    0.568      0.003    0.003    4319.0    6827.0   1.00
at_least_one_positive_image_by_area[1753]  0.085  0.141   0.000    0.334      0.002    0.003    4754.0    6560.0   1.00
at_least_one_positive_image_by_area[1754]  0.129  0.187   0.000    0.508      0.002    0.003    4242.0    7412.0   1.00
at_least_one_positive_image_by_area[1755]  0.120  0.184   0.000    0.494      0.002    0.003    4989.0    7372.0   1.00
at_least_one_positive_image_by_area[1756]  0.095  0.155   0.000    0.381      0.002    0.003    4601.0    7925.0   1.00
at_least_one_positive_image_by_area[1757]  0.104  0.157   0.000    0.401      0.002    0.003    3783.0    7169.0   1.00
at_least_one_positive_image_by_area[1758]  0.187  0.252   0.000    0.767      0.004    0.003    3365.0    7021.0   1.00
at_least_one_positive_image_by_area[1759]  0.182  0.226   0.000    0.672      0.003    0.003    4280.0    7190.0   1.00
at_least_one_positive_image_by_area[1760]  0.168  0.211   0.000    0.617      0.003    0.003    4128.0    4450.0   1.00
at_least_one_positive_image_by_area[1761]  0.136  0.204   0.000    0.571      0.003    0.003    4274.0    7037.0   1.00
at_least_one_positive_image_by_area[1762]  0.116  0.172   0.000    0.452      0.002    0.003    4345.0    6459.0   1.00
at_least_one_positive_image_by_area[1763]  0.104  0.154   0.000    0.394      0.002    0.003    4267.0    6064.0   1.00
at_least_one_positive_image_by_area[1764]  0.134  0.181   0.000    0.490      0.002    0.003    4640.0    5404.0   1.00
at_least_one_positive_image_by_area[1765]  0.180  0.227   0.000    0.674      0.003    0.003    4637.0    7305.0   1.00
at_least_one_positive_image_by_area[1766]  0.107  0.173   0.000    0.454      0.002    0.003    4618.0    6281.0   1.00
at_least_one_positive_image_by_area[1767]  0.134  0.206   0.000    0.583      0.003    0.003    4551.0    7009.0   1.00
at_least_one_positive_image_by_area[1768]  0.132  0.194   0.000    0.533      0.002    0.003    5675.0    7785.0   1.00
at_least_one_positive_image_by_area[1769]  0.140  0.203   0.000    0.572      0.003    0.003    4630.0    8455.0   1.00
at_least_one_positive_image_by_area[1770]  0.122  0.177   0.000    0.472      0.002    0.003    4225.0    7915.0   1.00
at_least_one_positive_image_by_area[1771]  0.144  0.213   0.000    0.604      0.003    0.003    5032.0    5816.0   1.00
at_least_one_positive_image_by_area[1772]  0.146  0.215   0.000    0.614      0.003    0.003    5242.0    7723.0   1.00
at_least_one_positive_image_by_area[1773]  0.147  0.184   0.000    0.516      0.002    0.003    5261.0    9644.0   1.00
at_least_one_positive_image_by_area[1774]  1.000  0.000   1.000    1.000      0.000      NaN   40000.0   40000.0    NaN
at_least_one_positive_image_by_area[1775]  0.299  0.279   0.000    0.876      0.003    0.002    5681.0    6346.0   1.00
at_least_one_positive_image_by_area[1776]  0.419  0.292   0.015    0.958      0.004    0.002    6187.0    9243.0   1.00
at_least_one_positive_image_by_area[1777]  1.000  0.000   1.000    1.000      0.000      NaN   40000.0   40000.0    NaN
at_least_one_positive_image_by_area[1778]  0.150  0.209   0.000    0.606      0.003    0.003    6130.0    8782.0   1.00
at_least_one_positive_image_by_area[1779]  0.203  0.252   0.000    0.765      0.003    0.002    5938.0    8268.0   1.00
at_least_one_positive_image_by_area[1780]  0.108  0.172   0.000    0.451      0.002    0.003    5456.0    9132.0   1.00
at_least_one_positive_image_by_area[1781]  0.340  0.316   0.000    0.958      0.004    0.002    4734.0    7018.0   1.00
at_least_one_positive_image_by_area[1782]  0.187  0.236   0.000    0.709      0.003    0.002    5173.0    6406.0   1.00
at_least_one_positive_image_by_area[1783]  0.121  0.179   0.000    0.480      0.002    0.003    5126.0    9391.0   1.00
at_least_one_positive_image_by_area[1784]  0.143  0.193   0.000    0.546      0.003    0.003    4797.0    7587.0   1.00
at_least_one_positive_image_by_area[1785]  0.129  0.192   0.000    0.519      0.002    0.003    5360.0    7522.0   1.00
at_least_one_positive_image_by_area[1786]  0.180  0.216   0.000    0.641      0.003    0.003    5609.0    6931.0   1.00
at_least_one_positive_image_by_area[1787]  0.078  0.142   0.000    0.326      0.002    0.003    5828.0    7715.0   1.00
at_least_one_positive_image_by_area[1788]  0.281  0.278   0.000    0.869      0.003    0.002    6347.0    9252.0   1.00
at_least_one_positive_image_by_area[1789]  0.197  0.217   0.000    0.650      0.003    0.003    4787.0    7155.0   1.00
at_least_one_positive_image_by_area[1790]  0.227  0.255   0.000    0.786      0.003    0.003    5969.0    9355.0   1.00
at_least_one_positive_image_by_area[1791]  0.209  0.241   0.000    0.736      0.003    0.002    5080.0    7999.0   1.00
at_least_one_positive_image_by_area[1792]  0.164  0.212   0.000    0.625      0.003    0.003    5041.0    7536.0   1.00
at_least_one_positive_image_by_area[1793]  0.337  0.288   0.001    0.909      0.004    0.002    5733.0    9126.0   1.00
at_least_one_positive_image_by_area[1794]  0.112  0.190   0.000    0.501      0.002    0.003    6435.0    9414.0   1.00
at_least_one_positive_image_by_area[1795]  0.319  0.274   0.001    0.873      0.003    0.002    6168.0    9623.0   1.00
at_least_one_positive_image_by_area[1796]  0.271  0.254   0.001    0.801      0.003    0.002    5156.0    7849.0   1.00
at_least_one_positive_image_by_area[1797]  0.254  0.258   0.000    0.808      0.003    0.002    5558.0    8145.0   1.00
at_least_one_positive_image_by_area[1798]  0.230  0.257   0.000    0.791      0.003    0.002    6218.0    8782.0   1.00
at_least_one_positive_image_by_area[1799]  0.291  0.291   0.000    0.899      0.003    0.002    6779.0    7071.0   1.00
at_least_one_positive_image_by_area[1800]  0.263  0.276   0.000    0.855      0.003    0.002    6009.0    7316.0   1.00
at_least_one_positive_image_by_area[1801]  0.256  0.256   0.000    0.802      0.003    0.002    4507.0    6113.0   1.00
at_least_one_positive_image_by_area[1802]  0.294  0.278   0.000    0.867      0.003    0.002    6145.0    7156.0   1.00
at_least_one_positive_image_by_area[1803]  0.356  0.305   0.000    0.942      0.004    0.002    6456.0    7338.0   1.00
at_least_one_positive_image_by_area[1804]  0.193  0.228   0.000    0.686      0.003    0.002    5452.0    8025.0   1.00
at_least_one_positive_image_by_area[1805]  0.243  0.261   0.000    0.807      0.003    0.002    5213.0    6422.0   1.00
at_least_one_positive_image_by_area[1806]  0.099  0.170   0.000    0.422      0.002    0.003    4085.0    6594.0   1.00
at_least_one_positive_image_by_area[1807]  0.148  0.208   0.000    0.591      0.003    0.003    3998.0    7005.0   1.00
at_least_one_positive_image_by_area[1808]  0.156  0.208   0.000    0.594      0.003    0.003    4288.0    6199.0   1.00
at_least_one_positive_image_by_area[1809]  0.112  0.183   0.000    0.482      0.002    0.003    4281.0    6254.0   1.00
at_least_one_positive_image_by_area[1810]  0.099  0.170   0.000    0.425      0.002    0.003    4368.0    7577.0   1.00
at_least_one_positive_image_by_area[1811]  0.095  0.162   0.000    0.403      0.002    0.003    4143.0    6904.0   1.00
at_least_one_positive_image_by_area[1812]  0.084  0.160   0.000    0.369      0.002    0.003    4543.0    7872.0   1.00
at_least_one_positive_image_by_area[1813]  0.052  0.111   0.000    0.218      0.001    0.003    4021.0    6976.0   1.00
at_least_one_positive_image_by_area[1814]  0.095  0.162   0.000    0.404      0.002    0.003    3986.0    6937.0   1.00
at_least_one_positive_image_by_area[1815]  0.111  0.183   0.000    0.483      0.002    0.003    4010.0    6584.0   1.00
at_least_one_positive_image_by_area[1816]  0.077  0.138   0.000    0.323      0.002    0.003    4051.0    5602.0   1.00
at_least_one_positive_image_by_area[1817]  0.097  0.161   0.000    0.396      0.002    0.003    3386.0    6447.0   1.00
at_least_one_positive_image_by_area[1818]  0.039  0.092   0.000    0.162      0.001    0.002    3787.0    5727.0   1.00
at_least_one_positive_image_by_area[1819]  0.028  0.067   0.000    0.113      0.001    0.002    4152.0    6280.0   1.00
at_least_one_positive_image_by_area[1820]  0.041  0.095   0.000    0.162      0.001    0.003    3421.0    5009.0   1.00
at_least_one_positive_image_by_area[1821]  0.042  0.088   0.000    0.167      0.001    0.002    3069.0    4603.0   1.00
at_least_one_positive_image_by_area[1822]  0.108  0.170   0.000    0.442      0.003    0.003    3190.0    4886.0   1.00
at_least_one_positive_image_by_area[1823]  0.103  0.177   0.000    0.456      0.002    0.003    3929.0    6237.0   1.00
at_least_one_positive_image_by_area[1824]  0.135  0.210   0.000    0.590      0.003    0.003    4022.0    6237.0   1.00
at_least_one_positive_image_by_area[1825]  0.414  0.338   0.020    1.000      0.005    0.002    4116.0    7723.0   1.00
at_least_one_positive_image_by_area[1826]  0.091  0.163   0.000    0.392      0.002    0.003    3804.0    5021.0   1.00
at_least_one_positive_image_by_area[1827]  0.277  0.276   0.000    0.860      0.004    0.002    3840.0    5779.0   1.00
at_least_one_positive_image_by_area[1828]  0.261  0.278   0.000    0.858      0.003    0.002    5547.0    6651.0   1.00
at_least_one_positive_image_by_area[1829]  0.748  0.312   0.112    1.000      0.004    0.003    5908.0    6589.0   1.00
at_least_one_positive_image_by_area[1830]  0.122  0.200   0.000    0.548      0.002    0.003    5825.0    7762.0   1.00
at_least_one_positive_image_by_area[1831]  0.169  0.211   0.000    0.615      0.002    0.002    5629.0    7634.0   1.00
at_least_one_positive_image_by_area[1832]  1.000  0.000   1.000    1.000      0.000      NaN   40000.0   40000.0    NaN
at_least_one_positive_image_by_area[1833]  0.448  0.289   0.063    1.000      0.004    0.001    5010.0    7189.0   1.00
at_least_one_positive_image_by_area[1834]  0.130  0.222   0.000    0.634      0.002    0.003    6313.0    9388.0   1.00
at_least_one_positive_image_by_area[1835]  0.156  0.232   0.000    0.683      0.003    0.003    6367.0    8143.0   1.00
at_least_one_positive_image_by_area[1836]  0.255  0.261   0.000    0.812      0.003    0.002    5547.0    8462.0   1.00
at_least_one_positive_image_by_area[1837]  0.062  0.124   0.000    0.252      0.002    0.003    5190.0    7716.0   1.00
at_least_one_positive_image_by_area[1838]  0.059  0.114   0.000    0.238      0.001    0.003    4756.0    7490.0   1.00
at_least_one_positive_image_by_area[1839]  0.098  0.156   0.000    0.388      0.002    0.003    4415.0    7356.0   1.00
at_least_one_positive_image_by_area[1840]  0.148  0.216   0.000    0.616      0.003    0.003    5654.0    6914.0   1.00
at_least_one_positive_image_by_area[1841]  0.144  0.182   0.000    0.508      0.002    0.003    5698.0    7930.0   1.00
at_least_one_positive_image_by_area[1842]  0.242  0.249   0.000    0.768      0.003    0.002    6278.0    7797.0   1.00
at_least_one_positive_image_by_area[1843]  0.139  0.193   0.000    0.541      0.003    0.003    4898.0    7947.0   1.00
at_least_one_positive_image_by_area[1844]  0.036  0.086   0.000    0.147      0.001    0.003    5404.0    8670.0   1.00
at_least_one_positive_image_by_area[1845]  0.100  0.157   0.000    0.399      0.002    0.003    4429.0    6595.0   1.00
at_least_one_positive_image_by_area[1846]  0.133  0.192   0.000    0.534      0.003    0.003    4155.0    6234.0   1.00
at_least_one_positive_image_by_area[1847]  0.139  0.207   0.000    0.580      0.003    0.003    5327.0    8056.0   1.00
at_least_one_positive_image_by_area[1848]  0.092  0.161   0.000    0.401      0.002    0.003    4544.0    7011.0   1.00
at_least_one_positive_image_by_area[1849]  0.072  0.138   0.000    0.305      0.002    0.003    4683.0    8511.0   1.00
at_least_one_positive_image_by_area[1850]  0.056  0.112   0.000    0.231      0.001    0.003    4530.0    7222.0   1.00
at_least_one_positive_image_by_area[1851]  0.086  0.144   0.000    0.342      0.002    0.003    4644.0    6945.0   1.00
at_least_one_positive_image_by_area[1852]  0.116  0.178   0.000    0.470      0.002    0.003    4784.0    6640.0   1.00
at_least_one_positive_image_by_area[1853]  0.143  0.203   0.000    0.580      0.003    0.003    4686.0    5770.0   1.00
at_least_one_positive_image_by_area[1854]  0.141  0.192   0.000    0.541      0.003    0.003    4375.0    7874.0   1.00
at_least_one_positive_image_by_area[1855]  0.033  0.077   0.000    0.126      0.001    0.002    5191.0    8340.0   1.00
at_least_one_positive_image_by_area[1856]  0.070  0.141   0.000    0.303      0.002    0.003    5675.0    8167.0   1.00
at_least_one_positive_image_by_area[1857]  0.169  0.212   0.000    0.619      0.003    0.003    4476.0    7210.0   1.00
at_least_one_positive_image_by_area[1858]  0.093  0.176   0.000    0.430      0.002    0.003    5741.0    8331.0   1.00
at_least_one_positive_image_by_area[1859]  0.129  0.204   0.000    0.571      0.002    0.003    5816.0    8542.0   1.00
at_least_one_positive_image_by_area[1860]  0.135  0.189   0.000    0.515      0.002    0.003    4598.0    6845.0   1.00
at_least_one_positive_image_by_area[1861]  0.090  0.125   0.000    0.314      0.002    0.002    4731.0    7765.0   1.00
at_least_one_positive_image_by_area[1862]  0.070  0.149   0.000    0.328      0.002    0.003    5577.0    8137.0   1.00
at_least_one_positive_image_by_area[1863]  0.086  0.152   0.000    0.362      0.002    0.003    4686.0    7019.0   1.00
at_least_one_positive_image_by_area[1864]  0.174  0.218   0.000    0.641      0.003    0.003    4674.0    7897.0   1.00
at_least_one_positive_image_by_area[1865]  0.150  0.194   0.000    0.547      0.002    0.003    5258.0    7947.0   1.00
at_least_one_positive_image_by_area[1866]  0.308  0.301   0.000    0.932      0.004    0.002    4769.0    8070.0   1.00
at_least_one_positive_image_by_area[1867]  0.179  0.219   0.000    0.650      0.003    0.003    5019.0    6946.0   1.00
at_least_one_positive_image_by_area[1868]  0.143  0.208   0.000    0.591      0.003    0.003    5189.0    7982.0   1.00
at_least_one_positive_image_by_area[1869]  0.244  0.247   0.000    0.768      0.003    0.002    5439.0    7173.0   1.00
at_least_one_positive_image_by_area[1870]  0.298  0.280   0.000    0.873      0.004    0.002    4307.0    6507.0   1.00
at_least_one_positive_image_by_area[1871]  0.300  0.268   0.000    0.853      0.003    0.002    5594.0    6590.0   1.00
at_least_one_positive_image_by_area[1872]  0.349  0.289   0.001    0.923      0.004    0.002    5474.0    7910.0   1.00
at_least_one_positive_image_by_area[1873]  0.184  0.236   0.000    0.713      0.003    0.003    4804.0    6930.0   1.00
at_least_one_positive_image_by_area[1874]  0.118  0.180   0.000    0.480      0.002    0.003    4984.0    7615.0   1.00
at_least_one_positive_image_by_area[1875]  0.228  0.251   0.000    0.770      0.003    0.002    6081.0    7875.0   1.00
at_least_one_positive_image_by_area[1876]  0.137  0.199   0.000    0.557      0.002    0.003    5772.0    8199.0   1.00
at_least_one_positive_image_by_area[1877]  0.190  0.253   0.000    0.765      0.003    0.003    5389.0    6917.0   1.00
at_least_one_positive_image_by_area[1878]  0.356  0.275   0.002    0.890      0.004    0.002    5372.0    7880.0   1.00
at_least_one_positive_image_by_area[1879]  0.877  0.219   0.368    1.000      0.003    0.004    5825.0    4125.0   1.00
at_least_one_positive_image_by_area[1880]  1.000  0.000   1.000    1.000      0.000      NaN   40000.0   40000.0    NaN
at_least_one_positive_image_by_area[1881]  0.651  0.291   0.149    1.000      0.004    0.002    6511.0    7435.0   1.00
at_least_one_positive_image_by_area[1882]  0.781  0.254   0.266    1.000      0.003    0.002    6153.0    7583.0   1.00
at_least_one_positive_image_by_area[1883]  0.454  0.297   0.061    1.000      0.004    0.001    6395.0    7498.0   1.00
at_least_one_positive_image_by_area[1884]  0.382  0.292   0.003    0.932      0.003    0.002    6313.0    8026.0   1.00
at_least_one_positive_image_by_area[1885]  0.242  0.258   0.000    0.802      0.003    0.003    5315.0    7446.0   1.00
at_least_one_positive_image_by_area[1886]  1.000  0.000   1.000    1.000      0.000      NaN   40000.0   40000.0    NaN
at_least_one_positive_image_by_area[1887]  0.509  0.318   0.055    1.000      0.004    0.001    7556.0    8429.0   1.00
at_least_one_positive_image_by_area[1888]  0.561  0.337   0.057    1.000      0.004    0.001    6847.0    8931.0   1.00
at_least_one_positive_image_by_area[1889]  0.106  0.184   0.000    0.476      0.002    0.003    3518.0    3498.0   1.00
at_least_one_positive_image_by_area[1890]  0.426  0.303   0.045    1.000      0.004    0.001    6112.0    8243.0   1.00
at_least_one_positive_image_by_area[1891]  1.000  0.000   1.000    1.000      0.000      NaN   40000.0   40000.0    NaN
at_least_one_positive_image_by_area[1892]  0.360  0.299   0.001    0.936      0.004    0.002    4256.0    5926.0   1.00
at_least_one_positive_image_by_area[1893]  0.401  0.354   0.009    1.000      0.005    0.001    4704.0    7216.0   1.00
at_least_one_positive_image_by_area[1894]  0.644  0.293   0.148    1.000      0.004    0.002    4913.0    5439.0   1.00
at_least_one_positive_image_by_area[1895]  0.392  0.287   0.005    0.923      0.004    0.002    5813.0    7246.0   1.00
at_least_one_positive_image_by_area[1896]  0.275  0.270   0.000    0.841      0.004    0.002    4608.0    5849.0   1.00
at_least_one_positive_image_by_area[1897]  0.423  0.306   0.041    1.000      0.004    0.002    6045.0    7878.0   1.00
at_least_one_positive_image_by_area[1898]  0.299  0.272   0.002    0.866      0.003    0.002    6823.0    9081.0   1.00
at_least_one_positive_image_by_area[1899]  0.293  0.264   0.001    0.842      0.004    0.002    5069.0    7688.0   1.00
at_least_one_positive_image_by_area[1900]  0.300  0.294   0.000    0.907      0.003    0.002    6965.0    9895.0   1.00
at_least_one_positive_image_by_area[1901]  0.332  0.275   0.003    0.879      0.003    0.002    6298.0    8771.0   1.00
at_least_one_positive_image_by_area[1902]  0.099  0.123   0.000    0.317      0.002    0.002    5124.0    8435.0   1.00
at_least_one_positive_image_by_area[1903]  0.177  0.226   0.000    0.668      0.003    0.003    6806.0    7950.0   1.00
at_least_one_positive_image_by_area[1904]  0.155  0.217   0.000    0.628      0.003    0.003    4857.0    5798.0   1.00
at_least_one_positive_image_by_area[1905]  0.302  0.307   0.000    0.929      0.004    0.002    4735.0    6183.0   1.00
at_least_one_positive_image_by_area[1906]  1.000  0.000   1.000    1.000      0.000      NaN   40000.0   40000.0    NaN
at_least_one_positive_image_by_area[1907]  0.393  0.313   0.001    0.967      0.004    0.002    5977.0    9518.0   1.00
at_least_one_positive_image_by_area[1908]  0.498  0.306   0.070    1.000      0.004    0.001    7490.0    8743.0   1.00
at_least_one_positive_image_by_area[1909]  0.417  0.353   0.012    1.000      0.005    0.001    5632.0    8435.0   1.00
at_least_one_positive_image_by_area[1910]  0.411  0.316   0.002    0.972      0.004    0.002    5851.0    5600.0   1.00
at_least_one_positive_image_by_area[1911]  0.402  0.305   0.004    0.959      0.004    0.002    5556.0    3494.0   1.00
at_least_one_positive_image_by_area[1912]  0.310  0.268   0.001    0.858      0.004    0.002    5084.0    7695.0   1.00
at_least_one_positive_image_by_area[1913]  0.435  0.290   0.019    0.957      0.004    0.002    5288.0    7058.0   1.00
at_least_one_positive_image_by_area[1914]  0.990  0.049   0.971    1.000      0.001    0.002    6407.0    7704.0   1.00
at_least_one_positive_image_by_area[1915]  0.253  0.280   0.000    0.870      0.004    0.002    5111.0    7707.0   1.00
at_least_one_positive_image_by_area[1916]  0.357  0.296   0.001    0.929      0.004    0.002    6347.0    8061.0   1.00
at_least_one_positive_image_by_area[1917]  0.152  0.174   0.000    0.495      0.003    0.003    3803.0    7340.0   1.00
at_least_one_positive_image_by_area[1918]  0.491  0.332   0.038    1.000      0.004    0.001    7331.0    7550.0   1.00
at_least_one_positive_image_by_area[1919]  0.552  0.320   0.069    1.000      0.004    0.001    6922.0    8466.0   1.00
at_least_one_positive_image_by_area[1920]  1.000  0.000   1.000    1.000      0.000      NaN   40000.0   40000.0    NaN
at_least_one_positive_image_by_area[1921]  0.167  0.214   0.000    0.620      0.003    0.003    5554.0    7217.0   1.00
at_least_one_positive_image_by_area[1922]  0.284  0.269   0.000    0.842      0.003    0.002    6021.0    8903.0   1.00
at_least_one_positive_image_by_area[1923]  0.199  0.247   0.000    0.743      0.003    0.003    6116.0    8407.0   1.00
at_least_one_positive_image_by_area[1924]  0.109  0.173   0.000    0.451      0.002    0.003    2804.0    4600.0   1.00
at_least_one_positive_image_by_area[1925]  0.088  0.161   0.000    0.385      0.002    0.003    3504.0    5829.0   1.00
at_least_one_positive_image_by_area[1926]  0.035  0.082   0.000    0.137      0.001    0.003    3132.0    5210.0   1.00
at_least_one_positive_image_by_area[1927]  0.448  0.319   0.039    1.000      0.004    0.002    6430.0    8669.0   1.00
at_least_one_positive_image_by_area[1928]  0.822  0.247   0.283    1.000      0.003    0.003    7164.0    6755.0   1.00
at_least_one_positive_image_by_area[1929]  0.199  0.235   0.000    0.712      0.003    0.003    5573.0    7463.0   1.00
at_least_one_positive_image_by_area[1930]  1.000  0.000   1.000    1.000      0.000      NaN   40000.0   40000.0    NaN
at_least_one_positive_image_by_area[1931]  0.262  0.254   0.001    0.792      0.003    0.002    5918.0    8291.0   1.00
at_least_one_positive_image_by_area[1932]  0.380  0.320   0.001    0.971      0.004    0.002    5788.0    8443.0   1.00
at_least_one_positive_image_by_area[1933]  1.000  0.000   1.000    1.000      0.000      NaN   40000.0   40000.0    NaN
at_least_one_positive_image_by_area[1934]  1.000  0.000   1.000    1.000      0.000      NaN   40000.0   40000.0    NaN
at_least_one_positive_image_by_area[1935]  0.739  0.263   0.235    1.000      0.003    0.002    7420.0    8014.0   1.00
at_least_one_positive_image_by_area[1936]  1.000  0.000   1.000    1.000      0.000      NaN   40000.0   40000.0    NaN
at_least_one_positive_image_by_area[1937]  0.065  0.125   0.000    0.269      0.002    0.003    2625.0    4569.0   1.00
at_least_one_positive_image_by_area[1938]  0.086  0.160   0.000    0.387      0.002    0.003    2941.0    5275.0   1.00
at_least_one_positive_image_by_area[1939]  1.000  0.000   1.000    1.000      0.000      NaN   40000.0   40000.0    NaN
at_least_one_positive_image_by_area[1940]  1.000  0.000   1.000    1.000      0.000      NaN   40000.0   40000.0    NaN
at_least_one_positive_image_by_area[1941]  0.752  0.269   0.226    1.000      0.003    0.002    7128.0    8991.0   1.00
at_least_one_positive_image_by_area[1942]  0.278  0.297   0.000    0.910      0.003    0.002    6182.0    7548.0   1.00
at_least_one_positive_image_by_area[1943]  1.000  0.000   1.000    1.000      0.000      NaN   40000.0   40000.0    NaN
at_least_one_positive_image_by_area[1944]  0.298  0.278   0.000    0.874      0.004    0.002    5082.0    7346.0   1.00
at_least_one_positive_image_by_area[1945]  0.429  0.336   0.018    1.000      0.004    0.001    6556.0    7256.0   1.00
at_least_one_positive_image_by_area[1946]  1.000  0.000   1.000    1.000      0.000      NaN   40000.0   40000.0    NaN
at_least_one_positive_image_by_area[1947]  0.704  0.286   0.175    1.000      0.004    0.002    5996.0    6374.0   1.00
at_least_one_positive_image_by_area[1948]  0.108  0.182   0.000    0.473      0.003    0.003    2958.0    3962.0   1.00
at_least_one_positive_image_by_area[1949]  0.087  0.162   0.000    0.392      0.002    0.003    2528.0    3826.0   1.00
at_least_one_positive_image_by_area[1950]  0.088  0.172   0.000    0.409      0.002    0.003    2907.0    4367.0   1.00
at_least_one_positive_image_by_area[1951]  0.109  0.183   0.000    0.487      0.002    0.003    3384.0    5308.0   1.00
at_least_one_positive_image_by_area[1952]  1.000  0.000   1.000    1.000      0.000      NaN   40000.0   40000.0    NaN
at_least_one_positive_image_by_area[1953]  0.319  0.301   0.000    0.926      0.004    0.002    5782.0    8532.0   1.00
at_least_one_positive_image_by_area[1954]  0.422  0.330   0.021    1.000      0.004    0.001    6854.0    7957.0   1.00
at_least_one_positive_image_by_area[1955]  0.794  0.267   0.220    1.000      0.004    0.003    6957.0    6900.0   1.00
at_least_one_positive_image_by_area[1956]  0.660  0.293   0.146    1.000      0.004    0.002    7271.0    9458.0   1.00
at_least_one_positive_image_by_area[1957]  0.826  0.233   0.334    1.000      0.003    0.003    6591.0    7365.0   1.00
at_least_one_positive_image_by_area[1958]  0.162  0.223   0.000    0.650      0.003    0.003    5024.0    7080.0   1.00
at_least_one_positive_image_by_area[1959]  0.279  0.268   0.000    0.840      0.003    0.002    7449.0    9495.0   1.00
at_least_one_positive_image_by_area[1960]  0.773  0.274   0.213    1.000      0.004    0.003    6856.0    7106.0   1.00
at_least_one_positive_image_by_area[1961]  0.353  0.310   0.000    0.947      0.004    0.002    7197.0    7976.0   1.00
at_least_one_positive_image_by_area[1962]  1.000  0.000   1.000    1.000      0.000      NaN   40000.0   40000.0    NaN
at_least_one_positive_image_by_area[1963]  0.378  0.313   0.001    0.963      0.003    0.002    7975.0    8331.0   1.00
at_least_one_positive_image_by_area[1964]  0.220  0.233   0.000    0.716      0.003    0.002    3369.0    5406.0   1.00
at_least_one_positive_image_by_area[1965]  0.032  0.088   0.000    0.133      0.001    0.003    4732.0    6637.0   1.00
at_least_one_positive_image_by_area[1966]  0.178  0.240   0.000    0.721      0.003    0.003    4318.0    6401.0   1.00
at_least_one_positive_image_by_area[1967]  0.150  0.224   0.000    0.653      0.002    0.003    7297.0    6691.0   1.00
at_least_one_positive_image_by_area[1968]  0.378  0.292   0.003    0.928      0.004    0.002    5320.0    7602.0   1.00
at_least_one_positive_image_by_area[1969]  0.561  0.297   0.107    1.000      0.004    0.001    6911.0    7283.0   1.00
at_least_one_positive_image_by_area[1970]  0.421  0.304   0.009    0.964      0.004    0.002    6266.0    6438.0   1.00
at_least_one_positive_image_by_area[1971]  0.341  0.274   0.003    0.882      0.004    0.002    4497.0    7167.0   1.00
at_least_one_positive_image_by_area[1972]  1.000  0.000   1.000    1.000      0.000      NaN   40000.0   40000.0    NaN
at_least_one_positive_image_by_area[1973]  0.601  0.341   0.056    1.000      0.004    0.002    6176.0    8204.0   1.00
at_least_one_positive_image_by_area[1974]  0.787  0.271   0.219    1.000      0.004    0.003    6537.0    7090.0   1.00
at_least_one_positive_image_by_area[1975]  0.687  0.312   0.122    1.000      0.004    0.002    5816.0    6805.0   1.00
at_least_one_positive_image_by_area[1976]  0.667  0.326   0.083    1.000      0.004    0.002    6779.0    6932.0   1.00
at_least_one_positive_image_by_area[1977]  0.718  0.299   0.142    1.000      0.004    0.002    6273.0    8008.0   1.00
at_least_one_positive_image_by_area[1978]  0.635  0.306   0.116    1.000      0.004    0.002    6768.0    8367.0   1.00
at_least_one_positive_image_by_area[1979]  0.332  0.268   0.002    0.864      0.004    0.002    4887.0    6130.0   1.00
at_least_one_positive_image_by_area[1980]  1.000  0.000   1.000    1.000      0.000      NaN   40000.0   40000.0    NaN
at_least_one_positive_image_by_area[1981]  1.000  0.000   1.000    1.000      0.000      NaN   40000.0   40000.0    NaN
at_least_one_positive_image_by_area[1982]  0.430  0.319   0.032    1.000      0.004    0.001    5511.0    6094.0   1.00
at_least_one_positive_image_by_area[1983]  1.000  0.000   1.000    1.000      0.000      NaN   40000.0   40000.0    NaN
at_least_one_positive_image_by_area[1984]  0.117  0.170   0.000    0.449      0.002    0.003    4081.0    6308.0   1.00
at_least_one_positive_image_by_area[1985]  0.172  0.201   0.000    0.587      0.003    0.003    4024.0    5702.0   1.00
at_least_one_positive_image_by_area[1986]  0.133  0.184   0.000    0.511      0.002    0.003    4437.0    7059.0   1.00
at_least_one_positive_image_by_area[1987]  0.210  0.232   0.000    0.706      0.003    0.003    4760.0    6479.0   1.00
at_least_one_positive_image_by_area[1988]  0.147  0.186   0.000    0.527      0.003    0.003    4054.0    5683.0   1.00
at_least_one_positive_image_by_area[1989]  0.457  0.301   0.058    1.000      0.004    0.002    6544.0    7873.0   1.00
at_least_one_positive_image_by_area[1990]  0.333  0.294   0.000    0.916      0.003    0.002    6128.0    6860.0   1.00
at_least_one_positive_image_by_area[1991]  0.212  0.238   0.000    0.725      0.003    0.002    5742.0    9214.0   1.00
at_least_one_positive_image_by_area[1992]  0.080  0.149   0.000    0.355      0.002    0.003    3307.0    5115.0   1.00
at_least_one_positive_image_by_area[1993]  0.011  0.045   0.000    0.036      0.000    0.003    3461.0    6191.0   1.00
at_least_one_positive_image_by_area[1994]  0.657  0.313   0.113    1.000      0.004    0.002    7431.0    9656.0   1.00
at_least_one_positive_image_by_area[1995]  0.211  0.235   0.000    0.717      0.003    0.002    5724.0    8953.0   1.00
at_least_one_positive_image_by_area[1996]  0.058  0.120   0.000    0.241      0.002    0.003    3059.0    6865.0   1.00
at_least_one_positive_image_by_area[1997]  0.070  0.146   0.000    0.316      0.002    0.003    3706.0    7203.0   1.00
at_least_one_positive_image_by_area[1998]  0.116  0.173   0.000    0.453      0.002    0.003    3331.0    5974.0   1.00
at_least_one_positive_image_by_area[1999]  1.000  0.000   1.000    1.000      0.000      NaN   40000.0   40000.0    NaN
at_least_one_positive_image_by_area[2000]  0.237  0.252   0.000    0.783      0.003    0.002    5385.0    7152.0   1.00
at_least_one_positive_image_by_area[2001]  1.000  0.000   1.000    1.000      0.000      NaN   40000.0   40000.0    NaN
at_least_one_positive_image_by_area[2002]  0.219  0.239   0.000    0.729      0.003    0.002    6454.0    9403.0   1.00
at_least_one_positive_image_by_area[2003]  1.000  0.000   1.000    1.000      0.000      NaN   40000.0   40000.0    NaN
at_least_one_positive_image_by_area[2004]  0.419  0.335   0.018    1.000      0.004    0.001    5613.0    4945.0   1.00
at_least_one_positive_image_by_area[2005]  0.342  0.290   0.001    0.916      0.003    0.002    6821.0    8676.0   1.00
at_least_one_positive_image_by_area[2006]  0.398  0.306   0.003    0.958      0.004    0.002    6731.0    6712.0   1.00
at_least_one_positive_image_by_area[2007]  0.228  0.261   0.000    0.804      0.003    0.002    6759.0    9421.0   1.00
at_least_one_positive_image_by_area[2008]  1.000  0.000   1.000    1.000      0.000      NaN   40000.0   40000.0    NaN
at_least_one_positive_image_by_area[2009]  0.957  0.135   0.764    1.000      0.002    0.005    5407.0    4542.0   1.00
at_least_one_positive_image_by_area[2010]  1.000  0.000   1.000    1.000      0.000      NaN   40000.0   40000.0    NaN
at_least_one_positive_image_by_area[2011]  0.120  0.196   0.000    0.531      0.002    0.003    4858.0    8492.0   1.00
at_least_one_positive_image_by_area[2012]  0.367  0.320   0.000    0.963      0.004    0.002    4616.0    6317.0   1.00
at_least_one_positive_image_by_area[2013]  0.509  0.270   0.120    1.000      0.003    0.001    6499.0    9047.0   1.00
at_least_one_positive_image_by_area[2014]  1.000  0.000   1.000    1.000      0.000      NaN   40000.0   40000.0    NaN
at_least_one_positive_image_by_area[2015]  0.588  0.338   0.057    1.000      0.004    0.001    5993.0    7632.0   1.00
at_least_one_positive_image_by_area[2016]  0.903  0.212   0.409    1.000      0.004    0.005    5145.0    3886.0   1.00
at_least_one_positive_image_by_area[2017]  0.389  0.304   0.001    0.949      0.004    0.002    6327.0    7370.0   1.00
at_least_one_positive_image_by_area[2018]  0.488  0.300   0.071    1.000      0.004    0.001    5116.0    6741.0   1.00
at_least_one_positive_image_by_area[2019]  1.000  0.000   1.000    1.000      0.000      NaN   40000.0   40000.0    NaN
at_least_one_positive_image_by_area[2020]  0.263  0.267   0.000    0.831      0.003    0.002    6126.0    7933.0   1.00
at_least_one_positive_image_by_area[2021]  0.328  0.305   0.000    0.937      0.004    0.002    5979.0    7805.0   1.00
at_least_one_positive_image_by_area[2022]  1.000  0.000   1.000    1.000      0.000      NaN   40000.0   40000.0    NaN
at_least_one_positive_image_by_area[2023]  0.567  0.311   0.086    1.000      0.004    0.001    5456.0    7266.0   1.00
at_least_one_positive_image_by_area[2024]  0.377  0.312   0.000    0.958      0.003    0.002    7658.0    9097.0   1.00
at_least_one_positive_image_by_area[2025]  0.197  0.258   0.000    0.778      0.003    0.003    5849.0    7706.0   1.00
at_least_one_positive_image_by_area[2026]  0.258  0.310   0.000    0.935      0.003    0.002    6528.0    6713.0   1.00
at_least_one_positive_image_by_area[2027]  0.429  0.362   0.009    1.000      0.005    0.001    3738.0    4589.0   1.00
at_least_one_positive_image_by_area[2028]  0.183  0.263   0.000    0.801      0.003    0.002    4892.0    6660.0   1.00
at_least_one_positive_image_by_area[2029]  0.238  0.263   0.000    0.812      0.003    0.002    4350.0    5401.0   1.00
at_least_one_positive_image_by_area[2030]  0.346  0.309   0.000    0.943      0.005    0.002    3257.0    3619.0   1.00
at_least_one_positive_image_by_area[2031]  1.000  0.000   1.000    1.000      0.000      NaN   40000.0   40000.0    NaN
at_least_one_positive_image_by_area[2032]  0.444  0.310   0.044    1.000      0.004    0.001    6854.0    8360.0   1.00
at_least_one_positive_image_by_area[2033]  0.360  0.299   0.001    0.940      0.003    0.002    7846.0    9132.0   1.00
at_least_one_positive_image_by_area[2034]  0.346  0.294   0.002    0.923      0.003    0.002    7298.0    9117.0   1.00
at_least_one_positive_image_by_area[2035]  0.253  0.302   0.000    0.916      0.004    0.002    3750.0    5085.0   1.00
at_least_one_positive_image_by_area[2036]  0.191  0.241   0.000    0.725      0.003    0.003    4663.0    6378.0   1.00
at_least_one_positive_image_by_area[2037]  0.030  0.086   0.000    0.121      0.001    0.003    3152.0    5275.0   1.00
at_least_one_positive_image_by_area[2038]  0.117  0.197   0.000    0.532      0.003    0.003    3087.0    6131.0   1.00
at_least_one_positive_image_by_area[2039]  0.259  0.268   0.000    0.840      0.004    0.003    3596.0    6925.0   1.00
at_least_one_positive_image_by_area[2040]  1.000  0.000   1.000    1.000      0.000      NaN   40000.0   40000.0    NaN
at_least_one_positive_image_by_area[2041]  1.000  0.000   1.000    1.000      0.000      NaN   40000.0   40000.0    NaN
at_least_one_positive_image_by_area[2042]  0.165  0.233   0.000    0.689      0.003    0.003    4947.0    3288.0   1.00
at_least_one_positive_image_by_area[2043]  0.342  0.290   0.001    0.910      0.004    0.002    6294.0    8053.0   1.00
at_least_one_positive_image_by_area[2044]  0.271  0.272   0.000    0.845      0.003    0.002    5440.0    6825.0   1.00
at_least_one_positive_image_by_area[2045]  0.270  0.266   0.000    0.833      0.004    0.002    5367.0    7821.0   1.00
at_least_one_positive_image_by_area[2046]  0.232  0.250   0.000    0.767      0.003    0.003    4375.0    8115.0   1.00
at_least_one_positive_image_by_area[2047]  0.203  0.238   0.000    0.719      0.003    0.003    4806.0    6788.0   1.00
at_least_one_positive_image_by_area[2048]  0.202  0.245   0.000    0.743      0.003    0.003    4668.0    7665.0   1.00
at_least_one_positive_image_by_area[2049]  0.214  0.275   0.000    0.843      0.003    0.002    6162.0    6842.0   1.00
at_least_one_positive_image_by_area[2050]  0.457  0.340   0.027    1.000      0.004    0.001    5790.0    8458.0   1.00
at_least_one_positive_image_by_area[2051]  0.259  0.276   0.000    0.852      0.004    0.002    4887.0    7127.0   1.00
at_least_one_positive_image_by_area[2052]  0.489  0.326   0.045    1.000      0.004    0.001    6752.0    7963.0   1.00
at_least_one_positive_image_by_area[2053]  1.000  0.000   1.000    1.000      0.000      NaN   40000.0   40000.0    NaN
at_least_one_positive_image_by_area[2054]  0.749  0.260   0.246    1.000      0.003    0.002    7385.0    9059.0   1.00
at_least_one_positive_image_by_area[2055]  0.211  0.304   0.000    0.929      0.003    0.002    7430.0    7141.0   1.00
at_least_one_positive_image_by_area[2056]  0.000  0.000   0.000    0.000      0.000      NaN   40000.0   40000.0    NaN
at_least_one_positive_image_by_area[2057]  0.158  0.226   0.000    0.664      0.003    0.003    4920.0    8181.0   1.00
at_least_one_positive_image_by_area[2058]  0.596  0.297   0.123    1.000      0.004    0.001    6260.0    8371.0   1.00
at_least_one_positive_image_by_area[2059]  0.535  0.323   0.058    1.000      0.004    0.001    5602.0    6536.0   1.00
at_least_one_positive_image_by_area[2060]  0.388  0.309   0.000    0.954      0.004    0.002    5680.0    6683.0   1.00
at_least_one_positive_image_by_area[2061]  0.515  0.350   0.037    1.000      0.005    0.001    5314.0    7050.0   1.00
at_least_one_positive_image_by_area[2062]  1.000  0.000   1.000    1.000      0.000      NaN   40000.0   40000.0    NaN
at_least_one_positive_image_by_area[2063]  0.866  0.276   0.120    1.000      0.005    0.006    5097.0    3271.0   1.00
at_least_one_positive_image_by_area[2064]  1.000  0.000   1.000    1.000      0.000      NaN   40000.0   40000.0    NaN
at_least_one_positive_image_by_area[2065]  0.452  0.307   0.049    1.000      0.004    0.001    5964.0    7646.0   1.00
at_least_one_positive_image_by_area[2066]  0.438  0.310   0.044    1.000      0.004    0.001    5720.0    6716.0   1.00
at_least_one_positive_image_by_area[2067]  0.568  0.316   0.085    1.000      0.004    0.001    5676.0    7560.0   1.00
at_least_one_positive_image_by_area[2068]  0.320  0.282   0.001    0.893      0.004    0.002    5948.0    8952.0   1.00
at_least_one_positive_image_by_area[2069]  0.525  0.306   0.080    1.000      0.004    0.001    6353.0    9287.0   1.00
at_least_one_positive_image_by_area[2070]  0.729  0.283   0.187    1.000      0.004    0.002    6444.0    7288.0   1.00
at_least_one_positive_image_by_area[2071]  1.000  0.000   1.000    1.000      0.000      NaN   40000.0   40000.0    NaN
at_least_one_positive_image_by_area[2072]  0.508  0.296   0.086    1.000      0.004    0.001    4629.0    7886.0   1.00
at_least_one_positive_image_by_area[2073]  0.539  0.298   0.095    1.000      0.004    0.001    6612.0   10071.0   1.00
at_least_one_positive_image_by_area[2074]  0.090  0.171   0.000    0.409      0.002    0.003    3347.0    5242.0   1.00
at_least_one_positive_image_by_area[2075]  1.000  0.000   1.000    1.000      0.000      NaN   40000.0   40000.0    NaN
at_least_one_positive_image_by_area[2076]  0.575  0.321   0.073    1.000      0.004    0.002    6232.0    8511.0   1.00
at_least_one_positive_image_by_area[2077]  0.587  0.297   0.114    1.000      0.004    0.001    5653.0    7814.0   1.00
at_least_one_positive_image_by_area[2078]  0.553  0.298   0.103    1.000      0.004    0.001    6477.0    9620.0   1.00
at_least_one_positive_image_by_area[2079]  0.107  0.167   0.000    0.436      0.002    0.003    4692.0    5577.0   1.00
at_least_one_positive_image_by_area[2080]  0.258  0.270   0.000    0.840      0.003    0.002    5386.0    8061.0   1.00
at_least_one_positive_image_by_area[2081]  0.239  0.254   0.000    0.784      0.003    0.002    6004.0    8021.0   1.00
at_least_one_positive_image_by_area[2082]  0.421  0.302   0.007    0.960      0.004    0.002    6104.0    6880.0   1.00
at_least_one_positive_image_by_area[2083]  0.375  0.306   0.001    0.952      0.004    0.002    6667.0    8982.0   1.00
at_least_one_positive_image_by_area[2084]  1.000  0.000   1.000    1.000      0.000      NaN   40000.0   40000.0    NaN
at_least_one_positive_image_by_area[2085]  0.486  0.299   0.072    1.000      0.004    0.001    6463.0    8157.0   1.00
at_least_one_positive_image_by_area[2086]  0.192  0.226   0.000    0.677      0.003    0.003    4418.0    6559.0   1.00
at_least_one_positive_image_by_area[2087]  0.192  0.221   0.000    0.659      0.003    0.003    3977.0    5675.0   1.00
at_least_one_positive_image_by_area[2088]  0.117  0.162   0.000    0.427      0.002    0.003    3603.0    6067.0   1.00
at_least_one_positive_image_by_area[2089]  0.161  0.216   0.000    0.633      0.003    0.003    5722.0    8428.0   1.00
at_least_one_positive_image_by_area[2090]  0.281  0.265   0.000    0.833      0.004    0.002    4941.0    7705.0   1.00
at_least_one_positive_image_by_area[2091]  0.669  0.305   0.129    1.000      0.006    0.002    3140.0    4801.0   1.00
at_least_one_positive_image_by_area[2092]  0.391  0.317   0.000    0.964      0.004    0.002    6153.0    8231.0   1.00
at_least_one_positive_image_by_area[2093]  0.293  0.284   0.000    0.885      0.003    0.002    6843.0    7369.0   1.00
at_least_one_positive_image_by_area[2094]  1.000  0.000   1.000    1.000      0.000      NaN   40000.0   40000.0    NaN
at_least_one_positive_image_by_area[2095]  1.000  0.000   1.000    1.000      0.000      NaN   40000.0   40000.0    NaN
at_least_one_positive_image_by_area[2096]  0.474  0.380   0.011    1.000      0.005    0.001    6447.0   10180.0   1.00
at_least_one_positive_image_by_area[2097]  0.420  0.324   0.024    1.000      0.004    0.002    5844.0    8885.0   1.00
at_least_one_positive_image_by_area[2098]  0.229  0.255   0.000    0.789      0.003    0.002    6588.0   10006.0   1.00
at_least_one_positive_image_by_area[2099]  0.271  0.278   0.000    0.865      0.003    0.002    6303.0    8099.0   1.00
at_least_one_positive_image_by_area[2100]  1.000  0.000   1.000    1.000      0.000      NaN   40000.0   40000.0    NaN
at_least_one_positive_image_by_area[2101]  0.446  0.290   0.065    1.000      0.004    0.002    6272.0    7859.0   1.00
at_least_one_positive_image_by_area[2102]  0.205  0.238   0.000    0.718      0.003    0.003    5201.0    8107.0   1.00
at_least_one_positive_image_by_area[2103]  0.342  0.300   0.000    0.932      0.004    0.002    5664.0    6884.0   1.00
at_least_one_positive_image_by_area[2104]  0.362  0.321   0.000    0.965      0.004    0.002    4586.0    5595.0   1.00
at_least_one_positive_image_by_area[2105]  0.504  0.373   0.018    1.000      0.005    0.001    5275.0    7138.0   1.00
at_least_one_positive_image_by_area[2106]  0.194  0.295   0.000    0.906      0.004    0.003    2942.0    4806.0   1.00
at_least_one_positive_image_by_area[2107]  0.076  0.126   0.000    0.291      0.002    0.003    4139.0    7137.0   1.00
at_least_one_positive_image_by_area[2108]  0.165  0.222   0.000    0.651      0.003    0.003    4826.0    6869.0   1.00
at_least_one_positive_image_by_area[2109]  0.434  0.311   0.037    1.000      0.004    0.001    5451.0    5753.0   1.00
at_least_one_positive_image_by_area[2110]  0.098  0.144   0.000    0.361      0.002    0.002    4257.0    7038.0   1.00
at_least_one_positive_image_by_area[2111]  0.640  0.316   0.103    1.000      0.004    0.002    6877.0    8185.0   1.00
at_least_one_positive_image_by_area[2112]  0.676  0.308   0.120    1.000      0.004    0.002    6374.0    7138.0   1.00
at_least_one_positive_image_by_area[2113]  0.158  0.214   0.000    0.616      0.003    0.003    4030.0    6072.0   1.00
at_least_one_positive_image_by_area[2114]  0.161  0.202   0.000    0.592      0.003    0.003    4101.0    5820.0   1.00
at_least_one_positive_image_by_area[2115]  0.093  0.164   0.000    0.403      0.002    0.003    4665.0    8080.0   1.00
at_least_one_positive_image_by_area[2116]  0.078  0.136   0.000    0.316      0.002    0.003    5125.0    7153.0   1.00
at_least_one_positive_image_by_area[2117]  0.052  0.119   0.000    0.222      0.002    0.003    3641.0    5553.0   1.00
at_least_one_positive_image_by_area[2118]  0.098  0.170   0.000    0.428      0.002    0.003    5193.0    7000.0   1.00
at_least_one_positive_image_by_area[2119]  0.133  0.171   0.000    0.476      0.002    0.002    4575.0    6098.0   1.00
at_least_one_positive_image_by_area[2120]  0.060  0.133   0.000    0.271      0.002    0.003    4287.0    6608.0   1.00
at_least_one_positive_image_by_area[2121]  0.283  0.290   0.000    0.889      0.004    0.002    4050.0    5922.0   1.00
at_least_one_positive_image_by_area[2122]  0.268  0.250   0.001    0.789      0.003    0.002    5332.0    6685.0   1.00
at_least_one_positive_image_by_area[2123]  0.303  0.272   0.001    0.859      0.003    0.002    6994.0    8802.0   1.00
at_least_one_positive_image_by_area[2124]  0.151  0.222   0.000    0.641      0.003    0.003    4657.0    7712.0   1.00
at_least_one_positive_image_by_area[2125]  0.062  0.135   0.000    0.280      0.002    0.003    3593.0    5733.0   1.00
at_least_one_positive_image_by_area[2126]  0.129  0.182   0.000    0.495      0.002    0.003    5147.0    7301.0   1.00
at_least_one_positive_image_by_area[2127]  0.185  0.233   0.000    0.697      0.003    0.003    6136.0    7913.0   1.00
at_least_one_positive_image_by_area[2128]  0.559  0.362   0.026    1.000      0.005    0.001    5131.0    7197.0   1.00
at_least_one_positive_image_by_area[2129]  0.135  0.179   0.000    0.490      0.002    0.003    4420.0    7071.0   1.00
at_least_one_positive_image_by_area[2130]  0.140  0.184   0.000    0.509      0.002    0.003    4591.0    7045.0   1.00
at_least_one_positive_image_by_area[2131]  0.178  0.218   0.000    0.650      0.003    0.003    3725.0    6125.0   1.00
at_least_one_positive_image_by_area[2132]  0.104  0.176   0.000    0.453      0.002    0.003    4039.0    7566.0   1.00
at_least_one_positive_image_by_area[2133]  0.213  0.262   0.000    0.796      0.004    0.003    3018.0    5327.0   1.00
at_least_one_positive_image_by_area[2134]  0.475  0.344   0.029    1.000      0.005    0.001    4402.0    4992.0   1.00
at_least_one_positive_image_by_area[2135]  0.254  0.261   0.000    0.813      0.003    0.002    6705.0    7080.0   1.00
at_least_one_positive_image_by_area[2136]  0.519  0.337   0.044    1.000      0.005    0.001    5279.0    7946.0   1.00
at_least_one_positive_image_by_area[2137]  1.000  0.000   1.000    1.000      0.000      NaN   40000.0   40000.0    NaN
at_least_one_positive_image_by_area[2138]  0.431  0.324   0.030    1.000      0.005    0.001    4873.0    7413.0   1.00
at_least_one_positive_image_by_area[2139]  0.569  0.402   0.007    1.000      0.006    0.001    5486.0    6796.0   1.00
at_least_one_positive_image_by_area[2140]  0.063  0.141   0.000    0.295      0.001    0.003    5873.0    7365.0   1.00
at_least_one_positive_image_by_area[2141]  0.135  0.215   0.000    0.606      0.003    0.003    5593.0    7594.0   1.00
at_least_one_positive_image_by_area[2142]  0.496  0.306   0.071    1.000      0.004    0.001    7473.0    9445.0   1.00
at_least_one_positive_image_by_area[2143]  0.976  0.101   0.908    1.000      0.002    0.007    4967.0    3578.0   1.00
at_least_one_positive_image_by_area[2144]  0.372  0.291   0.002    0.924      0.004    0.002    6580.0    7842.0   1.00
at_least_one_positive_image_by_area[2145]  0.649  0.292   0.143    1.000      0.004    0.002    5704.0    6016.0   1.00
at_least_one_positive_image_by_area[2146]  0.364  0.313   0.001    0.955      0.004    0.002    6488.0    7087.0   1.00
at_least_one_positive_image_by_area[2147]  1.000  0.000   1.000    1.000      0.000      NaN   40000.0   40000.0    NaN
at_least_one_positive_image_by_area[2148]  1.000  0.000   1.000    1.000      0.000      NaN   40000.0   40000.0    NaN
at_least_one_positive_image_by_area[2149]  1.000  0.000   1.000    1.000      0.000      NaN   40000.0   40000.0    NaN
at_least_one_positive_image_by_area[2150]  0.466  0.318   0.045    1.000      0.004    0.001    7138.0    9184.0   1.00
at_least_one_positive_image_by_area[2151]  1.000  0.000   1.000    1.000      0.000      NaN   40000.0   40000.0    NaN
at_least_one_positive_image_by_area[2152]  0.157  0.216   0.000    0.625      0.003    0.003    5230.0    9198.0   1.00
at_least_one_positive_image_by_area[2153]  0.279  0.251   0.001    0.794      0.003    0.002    4509.0    7292.0   1.00
at_least_one_positive_image_by_area[2154]  0.421  0.313   0.032    1.000      0.004    0.002    7391.0    9379.0   1.00
at_least_one_positive_image_by_area[2155]  0.457  0.323   0.034    1.000      0.004    0.001    7146.0    7000.0   1.00
at_least_one_positive_image_by_area[2156]  0.255  0.261   0.000    0.810      0.004    0.002    4322.0    7091.0   1.00
at_least_one_positive_image_by_area[2157]  0.164  0.223   0.000    0.649      0.003    0.003    2946.0    4083.0   1.00
at_least_one_positive_image_by_area[2158]  0.153  0.221   0.000    0.644      0.003    0.003    2888.0    4628.0   1.00
at_least_one_positive_image_by_area[2159]  0.171  0.213   0.000    0.622      0.003    0.003    6405.0    9176.0   1.00
at_least_one_positive_image_by_area[2160]  1.000  0.000   1.000    1.000      0.000      NaN   40000.0   40000.0    NaN
at_least_one_positive_image_by_area[2161]  0.362  0.283   0.004    0.912      0.003    0.002    6556.0    9094.0   1.00
at_least_one_positive_image_by_area[2162]  0.787  0.270   0.217    1.000      0.004    0.003    5705.0    6119.0   1.00
at_least_one_positive_image_by_area[2163]  1.000  0.000   1.000    1.000      0.000      NaN   40000.0   40000.0    NaN
at_least_one_positive_image_by_area[2164]  0.326  0.306   0.000    0.934      0.005    0.002    3510.0    4756.0   1.00
at_least_one_positive_image_by_area[2165]  0.140  0.243   0.000    0.720      0.003    0.003    5176.0    7871.0   1.00
at_least_one_positive_image_by_area[2166]  0.217  0.222   0.001    0.678      0.003    0.003    3590.0    6462.0   1.00
at_least_one_positive_image_by_area[2167]  0.131  0.181   0.000    0.498      0.002    0.003    4995.0    7163.0   1.00
at_least_one_positive_image_by_area[2168]  0.271  0.271   0.000    0.845      0.003    0.002    4861.0    4737.0   1.00
at_least_one_positive_image_by_area[2169]  0.455  0.318   0.044    1.000      0.004    0.002    4895.0    7885.0   1.00
at_least_one_positive_image_by_area[2170]  0.199  0.239   0.000    0.719      0.003    0.002    5176.0    9374.0   1.00
at_least_one_positive_image_by_area[2171]  0.167  0.230   0.000    0.679      0.003    0.003    5502.0    6856.0   1.00
at_least_one_positive_image_by_area[2172]  0.212  0.240   0.000    0.733      0.003    0.003    3989.0    6154.0   1.00
at_least_one_positive_image_by_area[2173]  0.120  0.167   0.000    0.444      0.002    0.003    3900.0    5630.0   1.00
at_least_one_positive_image_by_area[2174]  0.411  0.306   0.002    0.962      0.004    0.002    6821.0    8074.0   1.00
at_least_one_positive_image_by_area[2175]  0.446  0.315   0.044    1.000      0.004    0.001    5834.0    7963.0   1.00
at_least_one_positive_image_by_area[2176]  1.000  0.000   1.000    1.000      0.000      NaN   40000.0   40000.0    NaN
at_least_one_positive_image_by_area[2177]  0.555  0.308   0.085    1.000      0.004    0.001    5921.0    8490.0   1.00
at_least_one_positive_image_by_area[2178]  0.465  0.319   0.043    1.000      0.004    0.001    5790.0    3253.0   1.00
at_least_one_positive_image_by_area[2179]  0.133  0.183   0.000    0.508      0.002    0.003    4702.0    7136.0   1.00
at_least_one_positive_image_by_area[2180]  0.140  0.188   0.000    0.522      0.002    0.002    6036.0    8954.0   1.00
at_least_one_positive_image_by_area[2181]  0.410  0.332   0.021    1.000      0.005    0.002    4690.0    6985.0   1.00
at_least_one_positive_image_by_area[2182]  0.548  0.323   0.065    1.000      0.004    0.001    5348.0    7028.0   1.00
at_least_one_positive_image_by_area[2183]  1.000  0.000   1.000    1.000      0.000      NaN   40000.0   40000.0    NaN
at_least_one_positive_image_by_area[2184]  0.102  0.189   0.000    0.482      0.002    0.003    3765.0    7104.0   1.00
at_least_one_positive_image_by_area[2185]  0.027  0.079   0.000    0.106      0.001    0.003    3428.0    6221.0   1.00
at_least_one_positive_image_by_area[2186]  0.764  0.267   0.230    1.000      0.003    0.002    7044.0    7691.0   1.00
at_least_one_positive_image_by_area[2187]  1.000  0.000   1.000    1.000      0.000      NaN   40000.0   40000.0    NaN
at_least_one_positive_image_by_area[2188]  0.417  0.288   0.011    0.943      0.003    0.002    6884.0    7961.0   1.00
at_least_one_positive_image_by_area[2189]  0.168  0.203   0.000    0.599      0.003    0.003    5571.0    8370.0   1.00
at_least_one_positive_image_by_area[2190]  0.440  0.327   0.032    1.000      0.005    0.001    4750.0    7678.0   1.00
at_least_one_positive_image_by_area[2191]  0.538  0.305   0.085    1.000      0.004    0.001    5224.0    8436.0   1.00
at_least_one_positive_image_by_area[2192]  1.000  0.000   1.000    1.000      0.000      NaN   40000.0   40000.0    NaN
at_least_one_positive_image_by_area[2193]  1.000  0.000   1.000    1.000      0.000      NaN   40000.0   40000.0    NaN
at_least_one_positive_image_by_area[2194]  0.636  0.298   0.130    1.000      0.004    0.002    5687.0    8222.0   1.00
at_least_one_positive_image_by_area[2195]  0.753  0.257   0.252    1.000      0.003    0.002    5847.0    6759.0   1.00
at_least_one_positive_image_by_area[2196]  1.000  0.000   1.000    1.000      0.000      NaN   40000.0   40000.0    NaN
at_least_one_positive_image_by_area[2197]  0.194  0.246   0.000    0.743      0.003    0.003    3286.0    3686.0   1.00
at_least_one_positive_image_by_area[2198]  0.638  0.387   0.007    1.000      0.007    0.003    2867.0    2624.0   1.00
at_least_one_positive_image_by_area[2199]  0.411  0.319   0.001    0.970      0.004    0.002    6581.0    7036.0   1.00
at_least_one_positive_image_by_area[2200]  1.000  0.000   1.000    1.000      0.000      NaN   40000.0   40000.0    NaN
at_least_one_positive_image_by_area[2201]  0.240  0.248   0.000    0.770      0.003    0.002    5144.0    8562.0   1.00
at_least_one_positive_image_by_area[2202]  0.091  0.165   0.000    0.405      0.002    0.003    5752.0    8558.0   1.00
at_least_one_positive_image_by_area[2203]  0.329  0.293   0.000    0.908      0.004    0.002    3845.0    5141.0   1.00
at_least_one_positive_image_by_area[2204]  0.245  0.251   0.000    0.779      0.003    0.002    3933.0    3611.0   1.00
at_least_one_positive_image_by_area[2205]  0.373  0.300   0.002    0.944      0.004    0.002    5597.0    8074.0   1.00
at_least_one_positive_image_by_area[2206]  0.148  0.192   0.000    0.538      0.003    0.003    4210.0    6979.0   1.00
at_least_one_positive_image_by_area[2207]  0.220  0.233   0.000    0.724      0.003    0.002    4902.0    7628.0   1.00
at_least_one_positive_image_by_area[2208]  0.222  0.243   0.000    0.741      0.003    0.002    4872.0    8624.0   1.00
at_least_one_positive_image_by_area[2209]  0.543  0.320   0.068    1.000      0.004    0.001    7249.0    9492.0   1.00
at_least_one_positive_image_by_area[2210]  0.427  0.304   0.043    1.000      0.004    0.002    6548.0    7893.0   1.00
at_least_one_positive_image_by_area[2211]  0.179  0.210   0.000    0.616      0.003    0.002    5149.0    8275.0   1.00
at_least_one_positive_image_by_area[2212]  0.246  0.247   0.000    0.769      0.003    0.002    4194.0    6106.0   1.00
at_least_one_positive_image_by_area[2213]  0.103  0.159   0.000    0.401      0.002    0.003    5779.0    7780.0   1.00
at_least_one_positive_image_by_area[2214]  0.178  0.215   0.000    0.637      0.003    0.003    5654.0    8209.0   1.00
at_least_one_positive_image_by_area[2215]  0.536  0.306   0.082    1.000      0.004    0.001    4867.0    5412.0   1.00
at_least_one_positive_image_by_area[2216]  0.234  0.247   0.000    0.759      0.003    0.002    6384.0   10147.0   1.00
at_least_one_positive_image_by_area[2217]  0.080  0.135   0.000    0.317      0.002    0.002    5475.0    9202.0   1.00
at_least_one_positive_image_by_area[2218]  0.731  0.307   0.112    1.000      0.004    0.003    5435.0    5411.0   1.00
at_least_one_positive_image_by_area[2219]  0.524  0.324   0.055    1.000      0.004    0.001    5457.0    6307.0   1.00
at_least_one_positive_image_by_area[2220]  0.632  0.288   0.148    1.000      0.004    0.002    6298.0    9405.0   1.00
at_least_one_positive_image_by_area[2221]  0.563  0.344   0.045    1.000      0.004    0.001    6199.0    6542.0   1.00
at_least_one_positive_image_by_area[2222]  0.540  0.334   0.049    1.000      0.004    0.001    6847.0    7985.0   1.00
at_least_one_positive_image_by_area[2223]  0.910  0.175   0.528    1.000      0.002    0.003    7618.0    8193.0   1.00
at_least_one_positive_image_by_area[2224]  1.000  0.000   1.000    1.000      0.000      NaN   40000.0   40000.0    NaN
at_least_one_positive_image_by_area[2225]  1.000  0.000   1.000    1.000      0.000      NaN   40000.0   40000.0    NaN
at_least_one_positive_image_by_area[2226]  0.283  0.277   0.000    0.860      0.003    0.002    5639.0    7904.0   1.00
at_least_one_positive_image_by_area[2227]  0.268  0.253   0.001    0.800      0.003    0.002    5227.0    7703.0   1.00
at_least_one_positive_image_by_area[2228]  0.200  0.237   0.000    0.718      0.003    0.003    4510.0    8257.0   1.00
at_least_one_positive_image_by_area[2229]  0.170  0.239   0.000    0.708      0.003    0.003    4684.0    8349.0   1.00
at_least_one_positive_image_by_area[2230]  0.041  0.080   0.000    0.151      0.001    0.002    5515.0    7934.0   1.00
at_least_one_positive_image_by_area[2231]  0.117  0.175   0.000    0.471      0.002    0.003    5228.0    8185.0   1.00
at_least_one_positive_image_by_area[2232]  0.215  0.267   0.000    0.814      0.003    0.002    6389.0    8907.0   1.00
at_least_one_positive_image_by_area[2233]  0.227  0.265   0.000    0.813      0.003    0.002    6233.0    8582.0   1.00
at_least_one_positive_image_by_area[2234]  0.593  0.354   0.031    1.000      0.005    0.002    6620.0    6443.0   1.00
at_least_one_positive_image_by_area[2235]  1.000  0.000   1.000    1.000      0.000      NaN   40000.0   40000.0    NaN
at_least_one_positive_image_by_area[2236]  0.497  0.332   0.042    1.000      0.005    0.001    4704.0    6865.0   1.00
at_least_one_positive_image_by_area[2237]  0.099  0.172   0.000    0.433      0.002    0.003    5548.0    8393.0   1.00
at_least_one_positive_image_by_area[2238]  1.000  0.000   1.000    1.000      0.000      NaN   40000.0   40000.0    NaN
at_least_one_positive_image_by_area[2239]  0.563  0.315   0.079    1.000      0.004    0.002    5309.0    5740.0   1.00
at_least_one_positive_image_by_area[2240]  0.345  0.294   0.001    0.925      0.004    0.002    6397.0    8779.0   1.00
at_least_one_positive_image_by_area[2241]  0.581  0.303   0.103    1.000      0.004    0.002    7052.0    8477.0   1.00
at_least_one_positive_image_by_area[2242]  0.222  0.236   0.000    0.727      0.003    0.003    4565.0    6040.0   1.00
at_least_one_positive_image_by_area[2243]  0.222  0.238   0.000    0.726      0.003    0.002    5763.0    7071.0   1.00
at_least_one_positive_image_by_area[2244]  0.197  0.250   0.000    0.758      0.003    0.003    5798.0    7406.0   1.00
at_least_one_positive_image_by_area[2245]  0.180  0.256   0.000    0.778      0.003    0.003    6254.0    8001.0   1.00
at_least_one_positive_image_by_area[2246]  1.000  0.000   1.000    1.000      0.000      NaN   40000.0   40000.0    NaN
at_least_one_positive_image_by_area[2247]  0.853  0.204   0.418    1.000      0.003    0.003    4589.0    7101.0   1.00
at_least_one_positive_image_by_area[2248]  1.000  0.000   1.000    1.000      0.000      NaN   40000.0   40000.0    NaN
at_least_one_positive_image_by_area[2249]  0.331  0.295   0.000    0.921      0.003    0.002    6590.0    7800.0   1.00
at_least_one_positive_image_by_area[2250]  0.495  0.321   0.051    1.000      0.004    0.001    5895.0    7678.0   1.00
at_least_one_positive_image_by_area[2251]  0.404  0.312   0.001    0.963      0.004    0.002    6928.0    8353.0   1.00
at_least_one_positive_image_by_area[2252]  0.663  0.316   0.108    1.000      0.004    0.002    6134.0    6923.0   1.00
at_least_one_positive_image_by_area[2253]  0.441  0.312   0.041    1.000      0.004    0.001    5404.0    3261.0   1.00
at_least_one_positive_image_by_area[2254]  0.209  0.262   0.000    0.807      0.003    0.002    4229.0    5470.0   1.00
at_least_one_positive_image_by_area[2255]  0.199  0.254   0.000    0.770      0.003    0.003    4591.0    4834.0   1.00
at_least_one_positive_image_by_area[2256]  0.097  0.161   0.000    0.391      0.002    0.003    2878.0    4385.0   1.00
at_least_one_positive_image_by_area[2257]  0.107  0.186   0.000    0.484      0.003    0.003    3358.0    5474.0   1.00
at_least_one_positive_image_by_area[2258]  1.000  0.000   1.000    1.000      0.000      NaN   40000.0   40000.0    NaN
at_least_one_positive_image_by_area[2259]  1.000  0.000   1.000    1.000      0.000      NaN   40000.0   40000.0    NaN
at_least_one_positive_image_by_area[2260]  0.187  0.291   0.000    0.883      0.004    0.002    1871.0    2135.0   1.01
at_least_one_positive_image_by_area[2261]  0.088  0.205   0.000    0.537      0.002    0.003    2168.0    2386.0   1.01
at_least_one_positive_image_by_area[2262]  0.277  0.295   0.000    0.904      0.004    0.002    3455.0    3486.0   1.00
at_least_one_positive_image_by_area[2263]  0.162  0.221   0.000    0.647      0.003    0.003    3122.0    3666.0   1.00
at_least_one_positive_image_by_area[2264]  0.536  0.351   0.034    1.000      0.005    0.001    5759.0    6934.0   1.00
at_least_one_positive_image_by_area[2265]  0.305  0.276   0.000    0.871      0.003    0.002    6682.0    8590.0   1.00
at_least_one_positive_image_by_area[2266]  0.287  0.270   0.000    0.848      0.003    0.002    4990.0    7262.0   1.00
at_least_one_positive_image_by_area[2267]  0.175  0.218   0.000    0.641      0.003    0.002    5373.0    7841.0   1.00
at_least_one_positive_image_by_area[2268]  0.590  0.324   0.080    1.000      0.004    0.001    5498.0    7051.0   1.00
at_least_one_positive_image_by_area[2269]  0.048  0.093   0.000    0.181      0.001    0.003    3951.0    6583.0   1.00
at_least_one_positive_image_by_area[2270]  0.183  0.209   0.000    0.617      0.003    0.003    4157.0    7237.0   1.00
at_least_one_positive_image_by_area[2271]  0.440  0.287   0.024    0.960      0.004    0.002    6373.0    8786.0   1.00
at_least_one_positive_image_by_area[2272]  1.000  0.000   1.000    1.000      0.000      NaN   40000.0   40000.0    NaN
at_least_one_positive_image_by_area[2273]  0.446  0.299   0.055    1.000      0.004    0.002    5600.0    8379.0   1.00
at_least_one_positive_image_by_area[2274]  0.615  0.321   0.084    1.000      0.004    0.002    5661.0    8296.0   1.00
at_least_one_positive_image_by_area[2275]  1.000  0.000   1.000    1.000      0.000      NaN   40000.0   40000.0    NaN
at_least_one_positive_image_by_area[2276]  0.107  0.176   0.000    0.450      0.002    0.003    3341.0    5859.0   1.00
at_least_one_positive_image_by_area[2277]  0.000  0.000   0.000    0.000      0.000      NaN   40000.0   40000.0    NaN
at_least_one_positive_image_by_area[2278]  0.117  0.242   0.000    0.738      0.003    0.003    8236.0   10784.0   1.00
at_least_one_positive_image_by_area[2279]  0.357  0.311   0.000    0.955      0.004    0.002    7118.0    9891.0   1.00
at_least_one_positive_image_by_area[2280]  0.221  0.252   0.000    0.772      0.003    0.002    5368.0    7533.0   1.00
at_least_one_positive_image_by_area[2281]  1.000  0.000   1.000    1.000      0.000      NaN   40000.0   40000.0    NaN
at_least_one_positive_image_by_area[2282]  0.142  0.202   0.000    0.566      0.002    0.003    4756.0    6915.0   1.00
at_least_one_positive_image_by_area[2283]  0.209  0.272   0.000    0.827      0.003    0.002    7836.0    8661.0   1.00
at_least_one_positive_image_by_area[2284]  0.275  0.290   0.000    0.892      0.004    0.002    4179.0    7065.0   1.00
at_least_one_positive_image_by_area[2285]  0.156  0.197   0.000    0.566      0.003    0.003    4090.0    7388.0   1.00
at_least_one_positive_image_by_area[2286]  0.249  0.272   0.000    0.839      0.003    0.002    7117.0    8154.0   1.00
at_least_one_positive_image_by_area[2287]  0.645  0.293   0.146    1.000      0.004    0.002    5994.0    5883.0   1.00
at_least_one_positive_image_by_area[2288]  1.000  0.000   1.000    1.000      0.000      NaN   40000.0   40000.0    NaN
at_least_one_positive_image_by_area[2289]  1.000  0.000   1.000    1.000      0.000      NaN   40000.0   40000.0    NaN
at_least_one_positive_image_by_area[2290]  0.583  0.293   0.121    1.000      0.004    0.001    6184.0    8055.0   1.00
at_least_one_positive_image_by_area[2291]  0.207  0.235   0.000    0.709      0.003    0.002    5602.0    7438.0   1.00
at_least_one_positive_image_by_area[2292]  1.000  0.000   1.000    1.000      0.000      NaN   40000.0   40000.0    NaN
at_least_one_positive_image_by_area[2293]  1.000  0.000   1.000    1.000      0.000      NaN   40000.0   40000.0    NaN
at_least_one_positive_image_by_area[2294]  0.145  0.189   0.000    0.532      0.003    0.003    4093.0    5422.0   1.00
at_least_one_positive_image_by_area[2295]  0.165  0.203   0.000    0.587      0.003    0.003    4624.0    7333.0   1.00
at_least_one_positive_image_by_area[2296]  1.000  0.000   1.000    1.000      0.000      NaN   40000.0   40000.0    NaN
at_least_one_positive_image_by_area[2297]  0.191  0.233   0.000    0.701      0.003    0.002    7111.0    9273.0   1.00
at_least_one_positive_image_by_area[2298]  0.564  0.301   0.102    1.000      0.004    0.001    5980.0    6236.0   1.00
at_least_one_positive_image_by_area[2299]  0.414  0.306   0.005    0.963      0.004    0.002    6535.0    7459.0   1.00
at_least_one_positive_image_by_area[2300]  1.000  0.000   1.000    1.000      0.000      NaN   40000.0   40000.0    NaN
at_least_one_positive_image_by_area[2301]  0.600  0.334   0.064    1.000      0.004    0.002    7910.0    7507.0   1.00
at_least_one_positive_image_by_area[2302]  0.852  0.199   0.436    1.000      0.003    0.002    7085.0    8129.0   1.00
at_least_one_positive_image_by_area[2303]  0.279  0.269   0.000    0.844      0.003    0.002    6039.0    8415.0   1.00
at_least_one_positive_image_by_area[2304]  0.073  0.115   0.000    0.267      0.002    0.002    3639.0    6955.0   1.00
at_least_one_positive_image_by_area[2305]  0.068  0.116   0.000    0.252      0.002    0.003    4325.0    7898.0   1.00
at_least_one_positive_image_by_area[2306]  0.369  0.335   0.000    0.982      0.004    0.002    5326.0    7104.0   1.00
at_least_one_positive_image_by_area[2307]  0.351  0.320   0.000    0.959      0.004    0.002    5090.0    7942.0   1.00
at_least_one_positive_image_by_area[2308]  1.000  0.000   1.000    1.000      0.000      NaN   40000.0   40000.0    NaN
at_least_one_positive_image_by_area[2309]  1.000  0.000   1.000    1.000      0.000      NaN   40000.0   40000.0    NaN
at_least_one_positive_image_by_area[2310]  0.338  0.352   0.000    0.989      0.005    0.002    4993.0    8848.0   1.00
at_least_one_positive_image_by_area[2311]  0.212  0.267   0.000    0.817      0.003    0.003    5847.0    7580.0   1.00
at_least_one_positive_image_by_area[2312]  0.337  0.293   0.000    0.920      0.004    0.002    6007.0    7601.0   1.00
at_least_one_positive_image_by_area[2313]  0.337  0.298   0.000    0.930      0.004    0.002    6505.0    7757.0   1.00
at_least_one_positive_image_by_area[2314]  0.242  0.293   0.000    0.898      0.003    0.002    7088.0    8817.0   1.00
at_least_one_positive_image_by_area[2315]  1.000  0.000   1.000    1.000      0.000      NaN   40000.0   40000.0    NaN
at_least_one_positive_image_by_area[2316]  0.769  0.274   0.205    1.000      0.004    0.003    6614.0    6657.0   1.00
at_least_one_positive_image_by_area[2317]  0.510  0.296   0.084    1.000      0.004    0.001    5555.0    6676.0   1.00
at_least_one_positive_image_by_area[2318]  1.000  0.000   1.000    1.000      0.000      NaN   40000.0   40000.0    NaN
at_least_one_positive_image_by_area[2319]  0.076  0.137   0.000    0.309      0.002    0.003    2798.0    4636.0   1.00
at_least_one_positive_image_by_area[2320]  0.069  0.140   0.000    0.299      0.002    0.004    3018.0    5230.0   1.00
at_least_one_positive_image_by_area[2321]  0.362  0.317   0.001    0.962      0.005    0.002    3154.0    5066.0   1.00
at_least_one_positive_image_by_area[2322]  0.417  0.318   0.029    1.000      0.005    0.002    3834.0    5415.0   1.00
at_least_one_positive_image_by_area[2323]  0.223  0.251   0.000    0.770      0.003    0.003    4799.0    7076.0   1.00
at_least_one_positive_image_by_area[2324]  0.234  0.233   0.001    0.723      0.004    0.003    3504.0    5242.0   1.00
spatial_sigma                              4.058  0.226   3.635    4.485      0.006    0.003    1467.0    3858.0   1.00
external_covariate_beta[0]                -2.435  0.344  -3.079   -1.787      0.008    0.005    1692.0    3597.0   1.00