"Unnamed: 0","Unnamed: 0.1","annotation_id","annotator","choice","created_at","id","image","labels","lead_time","q1","q2","response_1","response_2","sentiment_2","updated_at"
84695,84695,30976,"1","Not Flooded","2025-02-10T19:52:19.760925Z",3,"/data/local-files/?d=/share/XXXX-19/nexar_data/training_datasets/street_flooding/all_no_letterboxing/nlbx_352b46a311416bb5f7c70b53b0fe48af.jpg","",0.779,"Does this image show more than a foot of standing water?","Is the street in this image flooded?","No, it does not show more than a foot of standing water.","No, the street is not flooded. The water on the road appears to be a result of recent rainfall, and the vehicles are driving without any visible water around them, indicating that the water level is not high enough to flood the street.",0,"2025-02-10T19:52:19.760950Z"
145082,145082,30900,"1","Not Flooded","2025-02-10T19:49:54.150571Z",4,"/data/local-files/?d=/share/XXXX-19/nexar_data/training_datasets/street_flooding/all_no_letterboxing/nlbx_556b8fe959911c7c0d35fdd024a2b40a.jpg","",1.868,"Does this image show more than a foot of standing water?","Is the street in this image flooded?","No, it does not show more than a foot of standing water.","No, the street is not flooded.",0,"2025-02-10T19:49:54.150593Z"
33978,33978,31049,"1","Not Flooded","2025-02-10T19:54:37.946008Z",9,"/data/local-files/?d=/share/XXXX-19/nexar_data/training_datasets/street_flooding/all_no_letterboxing/nlbx_a6ef7142da750fec2a8f21736c281d0f.jpg","",0.911,"Does this image show more than a foot of standing water?","Is the street in this image flooded?","Yes, the image shows a significant amount of standing water, likely more than a foot, as it reaches the height of the vehicle's tires and extends beyond the base of the tunnel entrance.","No, the street is not flooded. The water on the road appears to be a result of recent rainfall, and the water level does not seem to be high enough to indicate flooding. The vehicles are still able to move, and the road markings are visible, which would not be the case if the water level were too high.",0,"2025-02-10T19:54:37.946030Z"
106927,106927,29735,"1","Not Flooded","2025-02-09T18:23:06.670903Z",13,"/data/local-files/?d=/share/XXXX-19/nexar_data/training_datasets/street_flooding/all_no_letterboxing/nlbx_68a7e093277ec4b91bf72d73076b2993.jpg","",1.056,"Does this image show more than a foot of standing water?","Is the street in this image flooded?","The image does not show more than a foot of standing water. The water level appears to be shallow, likely no more than a few inches, as it is not reaching the wheels of the cars or the lower parts of the vehicles. The water is visible on the road surface, and the vehicles are still able to move, indicating that the water is not deep enough to impede traffic significantly.","Yes, the street appears to be flooded, as evidenced by the water covering the road and the vehicles.",1,"2025-02-09T18:23:06.670923Z"
136612,136612,30764,"1","Not Flooded","2025-02-10T19:40:39.063783Z",14,"/data/local-files/?d=/share/XXXX-19/nexar_data/training_datasets/street_flooding/all_no_letterboxing/nlbx_9ac440a5cfa1212a5904ad1fbdaf575b.jpg","",0.739,"Does this image show more than a foot of standing water?","Is the street in this image flooded?","No, it does not show more than a foot of standing water.","No, the street is not flooded.",0,"2025-02-10T19:40:39.063804Z"
147234,147234,31036,"1","Not Flooded","2025-02-10T19:54:15.390634Z",15,"/data/local-files/?d=/share/XXXX-19/nexar_data/training_datasets/street_flooding/all_no_letterboxing/nlbx_fc94badcbfd34c9f322ec5682ae32308.jpg","",0.829,"Does this image show more than a foot of standing water?","Is the street in this image flooded?","No, the image does not show more than a foot of standing water.","No, the street is not flooded.",0,"2025-02-10T19:54:15.390664Z"
64996,64996,30702,"1","Not Flooded","2025-02-10T19:38:45.198456Z",16,"/data/local-files/?d=/share/XXXX-19/nexar_data/training_datasets/street_flooding/all_no_letterboxing/nlbx_f335441074b572806ea74d2b429f453e.jpg","",0.833,"Does this image show more than a foot of standing water?","Is the street in this image flooded?","No","Yes, the street appears to be flooded, as evidenced by the water covering the road and the wet conditions visible on the pavement.",1,"2025-02-10T19:38:45.198477Z"
9739,9739,30791,"1","Not Flooded","2025-02-10T19:41:49.809782Z",19,"/data/local-files/?d=/share/XXXX-19/nexar_data/training_datasets/street_flooding/all_no_letterboxing/nlbx_38b8551bdb649c9cddfea5efc7310d30.jpg","",0.751,"Does this image show more than a foot of standing water?","Is the street in this image flooded?","No, it does not show more than a foot of standing water.","Yes, the street in the image is flooded.",1,"2025-02-10T19:41:49.809802Z"
133366,133366,30909,"1","Not Flooded","2025-02-10T19:50:10.139623Z",20,"/data/local-files/?d=/share/XXXX-19/nexar_data/training_datasets/street_flooding/all_no_letterboxing/nlbx_c2828cc270161f881794215fb4e6c3a6.jpg","",0.699,"Does this image show more than a foot of standing water?","Is the street in this image flooded?","No, it does not show more than a foot of standing water.","No, the street is not flooded.",0,"2025-02-10T19:50:10.139649Z"
64220,64220,29729,"1","Not Flooded","2025-02-09T18:22:55.218340Z",22,"/data/local-files/?d=/share/XXXX-19/nexar_data/training_datasets/street_flooding/all_no_letterboxing/nlbx_dce7bf44a63347df875f6e450090babf.jpg","",0.757,"Does this image show more than a foot of standing water?","Is the street in this image flooded?","No, it does not show more than a foot of standing water.","No, the street is not flooded.",0,"2025-02-09T18:22:55.218360Z"
45379,45379,30710,"1","Not Flooded","2025-02-10T19:38:57.059910Z",23,"/data/local-files/?d=/share/XXXX-19/nexar_data/training_datasets/street_flooding/all_no_letterboxing/nlbx_6283e1da1872e13826cc56ad583cef60.jpg","",0.759,"Does this image show more than a foot of standing water?","Is the street in this image flooded?","No, it does not show more than a foot of standing water.","No, the street is not flooded.",0,"2025-02-10T19:38:57.059933Z"
119929,119929,30747,"1","Not Flooded","2025-02-10T19:40:09.950737Z",24,"/data/local-files/?d=/share/XXXX-19/nexar_data/training_datasets/street_flooding/all_no_letterboxing/nlbx_6d7e57699441748b2b3f521de7716207.jpg","",1.122,"Does this image show more than a foot of standing water?","Is the street in this image flooded?","No, it does not show more than a foot of standing water.","No, the street is not flooded.",0,"2025-02-10T19:40:09.950758Z"
13805,13805,29732,"1","Not Flooded","2025-02-09T18:22:59.645463Z",25,"/data/local-files/?d=/share/XXXX-19/nexar_data/training_datasets/street_flooding/all_no_letterboxing/nlbx_4c1ed5441c98949d26019ade1f812a79.jpg","",0.8,"Does this image show more than a foot of standing water?","Is the street in this image flooded?","No, it does not show more than a foot of standing water.","No, the street is not flooded.",0,"2025-02-09T18:22:59.645483Z"
17143,17143,31007,"1","Not Flooded","2025-02-10T19:53:23.402104Z",26,"/data/local-files/?d=/share/XXXX-19/nexar_data/training_datasets/street_flooding/all_no_letterboxing/nlbx_13c54c43330651ba765c3f59b4749907.jpg","",1.084,"Does this image show more than a foot of standing water?","Is the street in this image flooded?","Yes, the image shows more than a foot of standing water on the road, which is indicative of recent heavy rainfall or a potential flooding situation.","Yes, the street in the image is flooded.",1,"2025-02-10T19:53:23.402131Z"
128190,128190,30724,"1","Not Flooded","2025-02-10T19:39:20.035572Z",27,"/data/local-files/?d=/share/XXXX-19/nexar_data/training_datasets/street_flooding/all_no_letterboxing/nlbx_22e835b5ae04feff927177210ac7aca4.jpg","",1.058,"Does this image show more than a foot of standing water?","Is the street in this image flooded?","No, it does not show more than a foot of standing water.","Yes, the street in the image appears to be flooded, as evidenced by the water covering the road and the visible waterline on the vehicles.",1,"2025-02-10T19:39:20.035595Z"
36625,36625,30720,"1","Not Flooded","2025-02-10T19:39:13.728343Z",30,"/data/local-files/?d=/share/XXXX-19/nexar_data/training_datasets/street_flooding/all_no_letterboxing/nlbx_2f21ad887a131b49497904cd06242c45.jpg","",0.967,"Does this image show more than a foot of standing water?","Is the street in this image flooded?","Yes, the image shows more than a foot of standing water on the road, which is indicative of significant rainfall and potential flooding conditions.","Yes, the street in the image is flooded.",1,"2025-02-10T19:39:13.728363Z"
113049,113049,30735,"1","Not Flooded","2025-02-10T19:39:38.229490Z",32,"/data/local-files/?d=/share/XXXX-19/nexar_data/training_datasets/street_flooding/all_no_letterboxing/nlbx_40d86d7601cc5261f8b52fc499385b18.jpg","",0.853,"Does this image show more than a foot of standing water?","Is the street in this image flooded?","No, it does not show more than a foot of standing water.","No, the street is not flooded.",0,"2025-02-10T19:39:38.229511Z"
62119,62119,30843,"1","Not Flooded","2025-02-10T19:47:54.490001Z",34,"/data/local-files/?d=/share/XXXX-19/nexar_data/training_datasets/street_flooding/all_no_letterboxing/nlbx_1c6e856f16ea90bb5614f38960e63193.jpg","",1.152,"Does this image show more than a foot of standing water?","Is the street in this image flooded?","Yes, the image shows a significant amount of standing water on the road, which appears to be more than a foot deep in some areas. This level of water accumulation can pose a risk for vehicles and pedestrians, potentially leading to accidents or damage to property.","Yes, the street appears to be flooded, as evidenced by the water covering the road and the vehicles.",1,"2025-02-10T19:47:54.490021Z"
146809,146809,30902,"1","Not Flooded","2025-02-10T19:49:59.203711Z",40,"/data/local-files/?d=/share/XXXX-19/nexar_data/training_datasets/street_flooding/all_no_letterboxing/nlbx_ca24fc7602ca52a9e68cda4edb3f13d2.jpg","",1.452,"Does this image show more than a foot of standing water?","Is the street in this image flooded?","No, it does not show more than a foot of standing water.","Yes, the street appears to be flooded, as evidenced by the water covering the road and the vehicles.",1,"2025-02-10T19:49:59.203737Z"
22420,22420,30828,"1","Not Flooded","2025-02-10T19:47:29.770873Z",41,"/data/local-files/?d=/share/XXXX-19/nexar_data/training_datasets/street_flooding/all_no_letterboxing/nlbx_66bfcfc10b3d24e151cd96ce33f3d64c.jpg","",261.84,"Does this image show more than a foot of standing water?","Is the street in this image flooded?","No, it does not show more than a foot of standing water.","Yes, the street in this image is flooded.",1,"2025-02-10T19:47:29.770894Z"
14340,14340,31086,"1","Not Flooded","2025-02-10T20:07:08.269354Z",42,"/data/local-files/?d=/share/XXXX-19/nexar_data/training_datasets/street_flooding/all_no_letterboxing/nlbx_0cd62c0a4efebcadc7f44a5b4198b6d1.jpg","",1.181,"Does this image show more than a foot of standing water?","Is the street in this image flooded?","Yes, the image shows a significant amount of standing water on the road, which appears to be more than a foot deep in some areas, indicating a substantial flooding event.","Yes, the street in the image appears to be flooded, as evidenced by the water covering the road and the visible damage to the road surface.",1,"2025-02-10T20:07:08.269376Z"
75511,75511,30884,"1","Not Flooded","2025-02-10T19:49:06.994269Z",46,"/data/local-files/?d=/share/XXXX-19/nexar_data/training_datasets/street_flooding/all_no_letterboxing/nlbx_712a1d250d96cca08301e0889912f564.jpg","",0.916,"Does this image show more than a foot of standing water?","Is the street in this image flooded?","The image does not show more than a foot of standing water. The water level appears to be shallow, likely less than a foot, as it does not reach the wheels of the vehicles or the lower parts of the traffic cones.","Yes, the street in the image is flooded.",1,"2025-02-10T19:49:06.994298Z"
95235,95235,30899,"1","Not Flooded","2025-02-10T19:49:51.757804Z",47,"/data/local-files/?d=/share/XXXX-19/nexar_data/training_datasets/street_flooding/all_no_letterboxing/nlbx_b49e8fe660f47edb7fb9981db69af550.jpg","",2.031,"Does this image show more than a foot of standing water?","Is the street in this image flooded?","Yes, the image shows a significant amount of standing water on the road, which appears to be more than a foot deep in some areas, indicating recent heavy rainfall or a possible flooding situation.","Yes, the street appears to be flooded, as evidenced by the water covering the road and the presence of a person standing in the water, which suggests that the water level is high enough to reach the sidewalks.",1,"2025-02-10T19:49:51.757824Z"
59398,59398,29678,"1","Not Flooded","2025-02-09T18:21:13.514867Z",48,"/data/local-files/?d=/share/XXXX-19/nexar_data/training_datasets/street_flooding/all_no_letterboxing/nlbx_173ce822c357dfdbd71c5adddee3a521.jpg","",0.946,"Does this image show more than a foot of standing water?","Is the street in this image flooded?","No, the image does not show more than a foot of standing water. The road appears to be dry, with no visible puddles or significant water accumulation that would indicate flooding.","No, the street is not flooded.",0,"2025-02-09T18:21:13.514888Z"
53063,53063,30704,"1","Not Flooded","2025-02-10T19:38:48.201424Z",49,"/data/local-files/?d=/share/XXXX-19/nexar_data/training_datasets/street_flooding/all_no_letterboxing/nlbx_f0ff88838757d4f15801829dd3f9f49f.jpg","",0.999,"Does this image show more than a foot of standing water?","Is the street in this image flooded?","No, it does not show more than a foot of standing water.","No, the street is not flooded.",0,"2025-02-10T19:38:48.201444Z"
20707,20707,29712,"1","Not Flooded","2025-02-09T18:22:12.458248Z",50,"/data/local-files/?d=/share/XXXX-19/nexar_data/training_datasets/street_flooding/all_no_letterboxing/nlbx_1dcd2a84e801fecae4a9af92076dea5c.jpg","",1.162,"Does this image show more than a foot of standing water?","Is the street in this image flooded?","No, it does not show more than a foot of standing water.","Yes, the street in the image is flooded.",1,"2025-02-09T18:22:12.458268Z"
127583,127583,30860,"1","Not Flooded","2025-02-10T19:48:22.956627Z",51,"/data/local-files/?d=/share/XXXX-19/nexar_data/training_datasets/street_flooding/all_no_letterboxing/nlbx_3cc2a927b503fc2c08a88427e69340f0.jpg","",0.959,"Does this image show more than a foot of standing water?","Is the street in this image flooded?","No, the image does not show more than a foot of standing water. The road appears dry, and there are no visible puddles or significant water accumulation that would indicate flooding.","No, the street is not flooded.",0,"2025-02-10T19:48:22.956648Z"
21717,21717,30987,"1","Not Flooded","2025-02-10T19:52:50.108241Z",52,"/data/local-files/?d=/share/XXXX-19/nexar_data/training_datasets/street_flooding/all_no_letterboxing/nlbx_c994ca411567fd3b0c59665e2a311f90.jpg","",1.255,"Does this image show more than a foot of standing water?","Is the street in this image flooded?","No, it does not show more than a foot of standing water.","Yes, the street in this image is flooded.",1,"2025-02-10T19:52:50.108263Z"
11542,11542,29722,"1","Not Flooded","2025-02-09T18:22:37.403606Z",54,"/data/local-files/?d=/share/XXXX-19/nexar_data/training_datasets/street_flooding/all_no_letterboxing/nlbx_05a809997b05192906a4e28fbc590477.jpg","",0.947,"Does this image show more than a foot of standing water?","Is the street in this image flooded?","No","Yes, the street in the image appears to be flooded, as evidenced by the water covering the road and the presence of barriers that suggest an attempt to manage the water level.",1,"2025-02-09T18:22:37.403626Z"
35568,35568,29733,"1","Flooded","2025-02-09T18:23:03.583841Z",55,"/data/local-files/?d=/share/XXXX-19/nexar_data/training_datasets/street_flooding/all_no_letterboxing/nlbx_b2ce7ac4c189b2fddf3f030489848b8a.jpg","",1.228,"Does this image show more than a foot of standing water?","Is the street in this image flooded?","Yes, the image shows more than a foot of standing water on the road, indicating significant flooding conditions.","Yes, the street in the image is flooded, as evidenced by the water covering the road and the vehicles.",1,"2025-02-09T18:23:03.583861Z"
88580,88580,31103,"1","Not Flooded","2025-02-10T20:07:41.573507Z",57,"/data/local-files/?d=/share/XXXX-19/nexar_data/training_datasets/street_flooding/all_no_letterboxing/nlbx_3456fb9689b2d0c95c14e47b1ecd42dd.jpg","",1.497,"Does this image show more than a foot of standing water?","Is the street in this image flooded?","No, it does not show more than a foot of standing water.","No, the street is not flooded.",0,"2025-02-10T20:07:41.573532Z"
53235,53235,31020,"1","Not Flooded","2025-02-10T19:53:44.934904Z",58,"/data/local-files/?d=/share/XXXX-19/nexar_data/training_datasets/street_flooding/all_no_letterboxing/nlbx_aab363c1e45d03838a6fa0c38142ae6d.jpg","",0.771,"Does this image show more than a foot of standing water?","Is the street in this image flooded?","No, it does not show more than a foot of standing water.","No, the street is not flooded.",0,"2025-02-10T19:53:44.934925Z"
83302,83302,29674,"1","Not Flooded","2025-02-09T18:20:54.942480Z",60,"/data/local-files/?d=/share/XXXX-19/nexar_data/training_datasets/street_flooding/all_no_letterboxing/nlbx_6df68fbd30f838c762cd3ce957683d80.jpg","",1.159,"Does this image show more than a foot of standing water?","Is the street in this image flooded?","No, it does not show more than a foot of standing water.","No, the street is not flooded.",0,"2025-02-09T18:20:54.942501Z"
129952,129952,30807,"1","Not Flooded","2025-02-10T19:42:20.511943Z",61,"/data/local-files/?d=/share/XXXX-19/nexar_data/training_datasets/street_flooding/all_no_letterboxing/nlbx_49cadd946aae2b09cb5803703f04743a.jpg","",0.941,"Does this image show more than a foot of standing water?","Is the street in this image flooded?","No","No, the street is not flooded.",0,"2025-02-10T19:42:20.511963Z"
145466,145466,30887,"1","Not Flooded","2025-02-10T19:49:12.184343Z",64,"/data/local-files/?d=/share/XXXX-19/nexar_data/training_datasets/street_flooding/all_no_letterboxing/nlbx_222cf8fec802f9a62a201012e4adba15.jpg","",1.065,"Does this image show more than a foot of standing water?","Is the street in this image flooded?","No, it does not show more than a foot of standing water.","Yes, the street in the image is flooded, as evidenced by the water covering the road and the visible waterline on the vehicles.",1,"2025-02-10T19:49:12.184369Z"
99710,99710,30936,"1","Not Flooded","2025-02-10T19:51:05.261454Z",66,"/data/local-files/?d=/share/XXXX-19/nexar_data/training_datasets/street_flooding/all_no_letterboxing/nlbx_3e58a90178d074199664ac9d537f43cd.jpg","",1.845,"Does this image show more than a foot of standing water?","Is the street in this image flooded?","No, it does not show more than a foot of standing water.","No, the street is not flooded.",0,"2025-02-10T19:51:05.261476Z"
13907,13907,30944,"1","Not Flooded","2025-02-10T19:51:24.493021Z",70,"/data/local-files/?d=/share/XXXX-19/nexar_data/training_datasets/street_flooding/all_no_letterboxing/nlbx_30219dc132b59bf1c4e4b96cc0eec66d.jpg","",1.145,"Does this image show more than a foot of standing water?","Is the street in this image flooded?","No, it does not show more than a foot of standing water.","The street in the image does not appear to be flooded. There are no visible signs of water on the road surface, and the vehicles are driving without any apparent difficulty. The water on the road is likely due to rain rather than flooding.",0,"2025-02-10T19:51:24.493043Z"
131491,131491,30908,"1","Not Flooded","2025-02-10T19:50:08.885695Z",73,"/data/local-files/?d=/share/XXXX-19/nexar_data/training_datasets/street_flooding/all_no_letterboxing/nlbx_5d2219568cf44b96d8d62f4aa0424d28.jpg","",1.063,"Does this image show more than a foot of standing water?","Is the street in this image flooded?","The image does not show more than a foot of standing water. The water level on the road appears to be shallow, likely less than a foot, as it does not reach the wheels of the vehicles. The water is more consistent with a light rain that has caused some puddles to form on the road surface. The vehicles are still able to move, and the water does not appear to be deep enough to obstruct traffic significantly.","Yes, the street in the image is flooded, with water covering the road and surrounding areas.",1,"2025-02-10T19:50:08.885721Z"
45632,45632,29710,"1","Not Flooded","2025-02-09T18:22:09.432196Z",74,"/data/local-files/?d=/share/XXXX-19/nexar_data/training_datasets/street_flooding/all_no_letterboxing/nlbx_b96fcb453b03f6fd2befbbbcc616e749.jpg","",0.827,"Does this image show more than a foot of standing water?","Is the street in this image flooded?","No, it does not show more than a foot of standing water.","No, the street is not flooded.",0,"2025-02-09T18:22:09.432215Z"
40271,40271,29714,"1","Not Flooded","2025-02-09T18:22:25.382416Z",75,"/data/local-files/?d=/share/XXXX-19/nexar_data/training_datasets/street_flooding/all_no_letterboxing/nlbx_dfcfa3ab9504bf568019a32a8af6b876.jpg","",1.026,"Does this image show more than a foot of standing water?","Is the street in this image flooded?","No, it does not show more than a foot of standing water.","Yes, the street in the image is flooded.",1,"2025-02-09T18:22:25.382436Z"
17884,17884,30986,"1","Not Flooded","2025-02-10T19:52:48.324120Z",78,"/data/local-files/?d=/share/XXXX-19/nexar_data/training_datasets/street_flooding/all_no_letterboxing/nlbx_16045e1afa2798fa91f7f6084f8e08a0.jpg","",1.054,"Does this image show more than a foot of standing water?","Is the street in this image flooded?","Yes, the image shows more than a foot of standing water on the road, which is indicative of heavy rainfall and potential flooding conditions.","Yes, the street appears to be flooded, as evidenced by the water covering the road and the visible waterline on the curb.",1,"2025-02-10T19:52:48.324141Z"
115268,115268,30988,"1","Not Flooded","2025-02-10T19:52:52.019470Z",81,"/data/local-files/?d=/share/XXXX-19/nexar_data/training_datasets/street_flooding/all_no_letterboxing/nlbx_9fb8cd205e6292e4888bfe5ae62ef7e8.jpg","",1.389,"Does this image show more than a foot of standing water?","Is the street in this image flooded?","No, it does not show more than a foot of standing water.","No, the street is not flooded.",0,"2025-02-10T19:52:52.019494Z"
106041,106041,31000,"1","Not Flooded","2025-02-10T19:53:11.834078Z",82,"/data/local-files/?d=/share/XXXX-19/nexar_data/training_datasets/street_flooding/all_no_letterboxing/nlbx_fb6a0601fd4eaffda7db23789c8e1499.jpg","",1.025,"Does this image show more than a foot of standing water?","Is the street in this image flooded?","No, the image does not show more than a foot of standing water. The water level appears to be shallow, likely less than a foot, as it is not reaching the wheels of the cars or the lower parts of the vehicles.","No, the street is not flooded. The vehicles are parked on the side of the road, and there is no visible water on the road surface.",0,"2025-02-10T19:53:11.834101Z"
34141,34141,29739,"1","Not Flooded","2025-02-09T18:23:12.968862Z",84,"/data/local-files/?d=/share/XXXX-19/nexar_data/training_datasets/street_flooding/all_no_letterboxing/nlbx_b7182f30f04227d90a51399e89236a4e.jpg","",1.544,"Does this image show more than a foot of standing water?","Is the street in this image flooded?","No, it does not show more than a foot of standing water.","Yes, the street in the image is flooded.",1,"2025-02-09T18:23:12.968882Z"
7250,7250,29675,"1","Not Flooded","2025-02-09T18:20:56.626891Z",85,"/data/local-files/?d=/share/XXXX-19/nexar_data/training_datasets/street_flooding/all_no_letterboxing/nlbx_65ee5d04c4c85629a355051a4db66bc7.jpg","",1.229,"Does this image show more than a foot of standing water?","Is the street in this image flooded?","Yes, the image clearly shows more than a foot of standing water on the road, which is indicative of recent heavy rainfall or a possible flooding situation.","Yes, the street appears to be flooded, as evidenced by the water covering the road and the presence of traffic cones, which are typically used to redirect traffic away from hazardous areas.",1,"2025-02-09T18:20:56.626911Z"
90954,90954,30916,"1","Not Flooded","2025-02-10T19:50:28.973211Z",87,"/data/local-files/?d=/share/XXXX-19/nexar_data/training_datasets/street_flooding/all_no_letterboxing/nlbx_179a2cf1a91faa53a4cf69763421c9b7.jpg","",2.273,"Does this image show more than a foot of standing water?","Is the street in this image flooded?","No","Yes, the street appears to be flooded, as evidenced by the water covering the road and the 'ONLY' sign, which is typically used to indicate a one-way street.",1,"2025-02-10T19:50:28.973238Z"
81793,81793,30903,"1","Not Flooded","2025-02-10T19:50:01.107392Z",88,"/data/local-files/?d=/share/XXXX-19/nexar_data/training_datasets/street_flooding/all_no_letterboxing/nlbx_7fbd174ad4a87c034bc6206e7b1e76d5.jpg","",1.353,"Does this image show more than a foot of standing water?","Is the street in this image flooded?","No, it does not show more than a foot of standing water.","Yes, the street appears to be flooded, as evidenced by the water covering the road and the vehicles' tires submerged.",1,"2025-02-10T19:50:01.107419Z"
130122,130122,31017,"1","Not Flooded","2025-02-10T19:53:38.286855Z",90,"/data/local-files/?d=/share/XXXX-19/nexar_data/training_datasets/street_flooding/all_no_letterboxing/nlbx_66e301e157ba09dca8f9fe22e1ecc273.jpg","",0.891,"Does this image show more than a foot of standing water?","Is the street in this image flooded?","No","No, the street is not flooded.",0,"2025-02-10T19:53:38.286879Z"
47880,47880,29709,"1","Not Flooded","2025-02-09T18:22:08.156229Z",91,"/data/local-files/?d=/share/XXXX-19/nexar_data/training_datasets/street_flooding/all_no_letterboxing/nlbx_ffbcb9bd020757675886902b9db02e60.jpg","",1.035,"Does this image show more than a foot of standing water?","Is the street in this image flooded?","No, it does not show more than a foot of standing water.","The street in the image does not appear to be flooded. While there is visible water on the road, it seems to be a result of recent rainfall rather than a significant water level that would indicate flooding. The vehicles are still able to move, and there are no signs of water reaching the level of the vehicles' wheels or the sidewalks.",0,"2025-02-09T18:22:08.156249Z"
78701,78701,31117,"1","Not Flooded","2025-02-10T20:08:13.895668Z",92,"/data/local-files/?d=/share/XXXX-19/nexar_data/training_datasets/street_flooding/all_no_letterboxing/nlbx_eed6f13df78b7d31362914ca23057f6d.jpg","",1.422,"Does this image show more than a foot of standing water?","Is the street in this image flooded?","No, it does not show more than a foot of standing water.","Yes, the street in the image appears to be flooded, as evidenced by the water covering the road and the presence of orange traffic cones, which are typically used to redirect traffic away from flooded areas.",1,"2025-02-10T20:08:13.895695Z"
64698,64698,30742,"1","Not Flooded","2025-02-10T19:39:48.162760Z",93,"/data/local-files/?d=/share/XXXX-19/nexar_data/training_datasets/street_flooding/all_no_letterboxing/nlbx_a56a5988916eea2039c374c313c3bd68.jpg","",1.098,"Does this image show more than a foot of standing water?","Is the street in this image flooded?","No","No, the street is not flooded.",0,"2025-02-10T19:39:48.162781Z"
96856,96856,29753,"1","Not Flooded","2025-02-09T18:23:33.072894Z",94,"/data/local-files/?d=/share/XXXX-19/nexar_data/training_datasets/street_flooding/all_no_letterboxing/nlbx_3df11f2ffe56d7fd31e33d0a4b81ac85.jpg","",0.851,"Does this image show more than a foot of standing water?","Is the street in this image flooded?","No, it does not show more than a foot of standing water.","Yes, the street in this image is flooded.",1,"2025-02-09T18:23:33.072914Z"
103468,103468,29698,"1","Not Flooded","2025-02-09T18:21:47.241062Z",96,"/data/local-files/?d=/share/XXXX-19/nexar_data/training_datasets/street_flooding/all_no_letterboxing/nlbx_67c3915dc533c6442276f2efe9bacfb0.jpg","",0.852,"Does this image show more than a foot of standing water?","Is the street in this image flooded?","Yes, the image shows more than a foot of standing water on the road, indicating recent heavy rainfall or a possible flooding situation.","Yes, the street in the image appears to be flooded, as evidenced by the water covering the road and the visible waterline on the side of the road.",1,"2025-02-09T18:21:47.241082Z"
124637,124637,30776,"1","Not Flooded","2025-02-10T19:40:58.056845Z",99,"/data/local-files/?d=/share/XXXX-19/nexar_data/training_datasets/street_flooding/all_no_letterboxing/nlbx_39e3e1a732dc68410adde82aea832cf4.jpg","",0.978,"Does this image show more than a foot of standing water?","Is the street in this image flooded?","No, the image does not show more than a foot of standing water. The water appears to be shallow, likely due to recent rainfall, and is not deep enough to reach the height of the vehicles or the lower levels of the buildings.","No, the street is not flooded.",0,"2025-02-10T19:40:58.056869Z"
118328,118328,30731,"1","Not Flooded","2025-02-10T19:39:32.590934Z",101,"/data/local-files/?d=/share/XXXX-19/nexar_data/training_datasets/street_flooding/all_no_letterboxing/nlbx_7930ce8a30ae54b0ba19816df256b357.jpg","",0.954,"Does this image show more than a foot of standing water?","Is the street in this image flooded?","No, it does not show more than a foot of standing water.","Yes, the street in this image is flooded.",1,"2025-02-10T19:39:32.590956Z"
34006,34006,30821,"1","Not Flooded","2025-02-10T19:42:54.333504Z",102,"/data/local-files/?d=/share/XXXX-19/nexar_data/training_datasets/street_flooding/all_no_letterboxing/nlbx_1200d88732381ef2b3c882fe2ec7685c.jpg","",1.391,"Does this image show more than a foot of standing water?","Is the street in this image flooded?","The image does not show more than a foot of standing water. The water level appears to be shallow, likely less than a foot, as it does not reach the wheels of the vehicles or the lower parts of the vehicles. The water is concentrated in the center of the road, and the edges of the road are dry, indicating that the water level is not high enough to cover the entire width of the road.","Yes, the street in this image is flooded.",1,"2025-02-10T19:42:54.333524Z"
142629,142629,29682,"1","Not Flooded","2025-02-09T18:21:20.634739Z",103,"/data/local-files/?d=/share/XXXX-19/nexar_data/training_datasets/street_flooding/all_no_letterboxing/nlbx_309aa4510a55f443db79f1e78507eb96.jpg","",1.062,"Does this image show more than a foot of standing water?","Is the street in this image flooded?","Yes, the image shows a significant amount of standing water on the road, which appears to be more than a foot deep in some areas, indicating a substantial flooding event.","The street in the image does not appear to be flooded. The water on the road is likely due to recent rainfall, as evidenced by the wet surfaces and the absence of standing water that would indicate flooding.",0,"2025-02-09T18:21:20.634768Z"
132365,132365,30849,"1","Not Flooded","2025-02-10T19:48:05.735558Z",104,"/data/local-files/?d=/share/XXXX-19/nexar_data/training_datasets/street_flooding/all_no_letterboxing/nlbx_055f9a98f9d2c0607595be90b26a157a.jpg","",2.211,"Does this image show more than a foot of standing water?","Is the street in this image flooded?","Yes, the image shows a significant amount of standing water on the road, which appears to be more than a foot deep in some areas. This is evident from the water reaching the wheels of the vehicles and the visible reflections on the wet surface.","Yes, the street appears to be flooded, as evidenced by the water covering the road and the presence of a person on a scooter navigating through the water.",1,"2025-02-10T19:48:05.735578Z"
137281,137281,30949,"1","Flooded","2025-02-10T19:51:32.478501Z",106,"/data/local-files/?d=/share/XXXX-19/nexar_data/training_datasets/street_flooding/all_no_letterboxing/nlbx_5d2779006fdb6012c49669601590cff6.jpg","",1.215,"Does this image show more than a foot of standing water?","Is the street in this image flooded?","Yes, the image shows more than a foot of standing water, as evidenced by the submerged vehicles and the depth of the water reaching the wheels of the cars.","Yes, the street in the image is flooded, as evidenced by the water covering the road and the vehicles driving through it.",1,"2025-02-10T19:51:32.478522Z"
41821,41821,31105,"1","Not Flooded","2025-02-10T20:07:46.110355Z",107,"/data/local-files/?d=/share/XXXX-19/nexar_data/training_datasets/street_flooding/all_no_letterboxing/nlbx_9111134d9203a1bd63f9d140c415bc48.jpg","",1.294,"Does this image show more than a foot of standing water?","Is the street in this image flooded?","No, it does not show more than a foot of standing water.","No, the street is not flooded. The water on the road appears to be a result of rain rather than a significant rise in water level that would indicate flooding.",0,"2025-02-10T20:07:46.110378Z"
128343,128343,30836,"1","Not Flooded","2025-02-10T19:47:43.929682Z",108,"/data/local-files/?d=/share/XXXX-19/nexar_data/training_datasets/street_flooding/all_no_letterboxing/nlbx_8d5e6db1d095c754c000a4ba86be44cc.jpg","",0.979,"Does this image show more than a foot of standing water?","Is the street in this image flooded?","No","Yes, the street in the image appears to be flooded, as evidenced by the water covering the road and the visible waterline on the vehicles.",1,"2025-02-10T19:47:43.929703Z"
51102,51102,31068,"1","Not Flooded","2025-02-10T20:06:34.806435Z",110,"/data/local-files/?d=/share/XXXX-19/nexar_data/training_datasets/street_flooding/all_no_letterboxing/nlbx_dc45ca5435920b7bc49160a2fbd33b6a.jpg","",5.277,"Does this image show more than a foot of standing water?","Is the street in this image flooded?","No, it does not show more than a foot of standing water.","No, the street is not flooded.",0,"2025-02-10T20:06:34.806456Z"
139158,139158,30869,"1","Not Flooded","2025-02-10T19:48:40.726383Z",111,"/data/local-files/?d=/share/XXXX-19/nexar_data/training_datasets/street_flooding/all_no_letterboxing/nlbx_7a488650ba39edd05e4f0aa2842e2843.jpg","",0.978,"Does this image show more than a foot of standing water?","Is the street in this image flooded?","No, it does not show more than a foot of standing water.","No, the street is not flooded.",0,"2025-02-10T19:48:40.726404Z"
20065,20065,30696,"1","Not Flooded","2025-02-10T19:38:35.585407Z",118,"/data/local-files/?d=/share/XXXX-19/nexar_data/training_datasets/street_flooding/all_no_letterboxing/nlbx_27e7b1019646afd5c57d85cd5fdd3ef6.jpg","",1.237,"Does this image show more than a foot of standing water?","Is the street in this image flooded?","No, it does not show more than a foot of standing water.","No, the street is not flooded.",0,"2025-02-10T19:38:35.585429Z"
119118,119118,30826,"1","Not Flooded","2025-02-10T19:43:05.570764Z",120,"/data/local-files/?d=/share/XXXX-19/nexar_data/training_datasets/street_flooding/all_no_letterboxing/nlbx_b3468ec0079d8b90cfdfe30e02959881.jpg","",2.753,"Does this image show more than a foot of standing water?","Is the street in this image flooded?","Yes, the image shows more than a foot of standing water on the road, which is indicative of heavy rainfall and potential flooding conditions.","Yes, the street appears to be flooded, as evidenced by the water covering the road and the reflections on the wet surface.",1,"2025-02-10T19:43:05.570790Z"
96273,96273,30700,"1","Not Flooded","2025-02-10T19:38:41.994411Z",121,"/data/local-files/?d=/share/XXXX-19/nexar_data/training_datasets/street_flooding/all_no_letterboxing/nlbx_71e4bf68d1b2a7f9bd1510684dd4c915.jpg","",1.593,"Does this image show more than a foot of standing water?","Is the street in this image flooded?","No, it does not show more than a foot of standing water.","No, the street is not flooded.",0,"2025-02-10T19:38:41.994434Z"
110321,110321,31111,"1","Not Flooded","2025-02-10T20:08:01.103759Z",122,"/data/local-files/?d=/share/XXXX-19/nexar_data/training_datasets/street_flooding/all_no_letterboxing/nlbx_8772381335467c840101ef33fec6b475.jpg","",1.015,"Does this image show more than a foot of standing water?","Is the street in this image flooded?","No, it does not show more than a foot of standing water.","No, the street is not flooded.",0,"2025-02-10T20:08:01.103782Z"
31891,31891,30925,"1","Not Flooded","2025-02-10T19:50:44.847702Z",124,"/data/local-files/?d=/share/XXXX-19/nexar_data/training_datasets/street_flooding/all_no_letterboxing/nlbx_5dc9762d0f6a7c874c573c479b7dd60b.jpg","",1.204,"Does this image show more than a foot of standing water?","Is the street in this image flooded?","No, it does not show more than a foot of standing water.","Yes, the street is flooded.",1,"2025-02-10T19:50:44.847728Z"
44294,44294,30992,"1","Flooded","2025-02-10T19:52:58.917197Z",126,"/data/local-files/?d=/share/XXXX-19/nexar_data/training_datasets/street_flooding/all_no_letterboxing/nlbx_ef7407a680f801085604d46691fe31f5.jpg","",1.268,"Does this image show more than a foot of standing water?","Is the street in this image flooded?","Yes, the image shows a significant amount of standing water on the road, which appears to be more than a foot deep in certain areas, indicating heavy rainfall or a possible flooding situation.","Yes, the street in this image is flooded.",1,"2025-02-10T19:52:58.917220Z"
93273,93273,31029,"1","Not Flooded","2025-02-10T19:53:59.427963Z",129,"/data/local-files/?d=/share/XXXX-19/nexar_data/training_datasets/street_flooding/all_no_letterboxing/nlbx_11306650f53968a9e2a80ba58af7d30d.jpg","",1.111,"Does this image show more than a foot of standing water?","Is the street in this image flooded?","No, it does not show more than a foot of standing water.","No, the street is not flooded.",0,"2025-02-10T19:53:59.427987Z"
28752,28752,30855,"1","Not Flooded","2025-02-10T19:48:15.561294Z",130,"/data/local-files/?d=/share/XXXX-19/nexar_data/training_datasets/street_flooding/all_no_letterboxing/nlbx_6e06634e53e2c92dd9a6e11cba17fe15.jpg","",0.854,"Does this image show more than a foot of standing water?","Is the street in this image flooded?","No, the image does not show more than a foot of standing water. The water level appears to be shallow, likely no more than a few inches, as it is not covering the wheels of the cars or reaching the base of the traffic lights.","No, the street is not flooded. The road appears dry, and there are no visible signs of water accumulation or debris that would indicate flooding.",0,"2025-02-10T19:48:15.561314Z"
39592,39592,30905,"1","Not Flooded","2025-02-10T19:50:04.193925Z",138,"/data/local-files/?d=/share/XXXX-19/nexar_data/training_datasets/street_flooding/all_no_letterboxing/nlbx_d2ffa8a7f6d9e8d81bfa770bc5d0a78f.jpg","",0.983,"Does this image show more than a foot of standing water?","Is the street in this image flooded?","No","No, the street is not flooded.",0,"2025-02-10T19:50:04.193951Z"
119385,119385,30979,"1","Not Flooded","2025-02-10T19:52:27.874270Z",140,"/data/local-files/?d=/share/XXXX-19/nexar_data/training_datasets/street_flooding/all_no_letterboxing/nlbx_8beead262e6a21d0cd4d5a9aa6cbb4aa.jpg","",1.117,"Does this image show more than a foot of standing water?","Is the street in this image flooded?","No, it does not show more than a foot of standing water.","Yes, the street in the image appears to be flooded, as evidenced by the water covering the road and the presence of barriers and construction materials that suggest an attempt to manage the water flow.",1,"2025-02-10T19:52:27.874291Z"
63847,63847,31056,"1","Not Flooded","2025-02-10T19:54:50.593857Z",142,"/data/local-files/?d=/share/XXXX-19/nexar_data/training_datasets/street_flooding/all_no_letterboxing/nlbx_ddc0dadb3e975aa422a7bf91796e44e0.jpg","",1.674,"Does this image show more than a foot of standing water?","Is the street in this image flooded?","No, the image does not show more than a foot of standing water. The water level appears to be less than a foot, as it reaches approximately halfway up the wheels of the vehicles, which is typically around 18 to 24 inches for most cars.","Yes, the street in the image is flooded.",1,"2025-02-10T19:54:50.593880Z"
55383,55383,30871,"1","Not Flooded","2025-02-10T19:48:43.660693Z",143,"/data/local-files/?d=/share/XXXX-19/nexar_data/training_datasets/street_flooding/all_no_letterboxing/nlbx_fa068387e16e8e8eeea5ce160b977cf8.jpg","",0.993,"Does this image show more than a foot of standing water?","Is the street in this image flooded?","No, it does not show more than a foot of standing water.","No, the street is not flooded.",0,"2025-02-10T19:48:43.660713Z"
91800,91800,30779,"1","Not Flooded","2025-02-10T19:41:05.172414Z",145,"/data/local-files/?d=/share/XXXX-19/nexar_data/training_datasets/street_flooding/all_no_letterboxing/nlbx_81fcc71637b3004d47cd603380a10982.jpg","",1.754,"Does this image show more than a foot of standing water?","Is the street in this image flooded?","No, it does not show more than a foot of standing water.","Yes, the street in the image appears to be flooded, as evidenced by the water covering the road and the reflections of the surrounding lights on the wet surface.",1,"2025-02-10T19:41:05.172435Z"
111028,111028,31073,"1","Not Flooded","2025-02-10T20:06:44.365388Z",149,"/data/local-files/?d=/share/XXXX-19/nexar_data/training_datasets/street_flooding/all_no_letterboxing/nlbx_1a1260a88c778bc787e360afa28801c7.jpg","",1.064,"Does this image show more than a foot of standing water?","Is the street in this image flooded?","No, it does not show more than a foot of standing water.","Yes, the street in the image appears to be flooded, as evidenced by the water covering the road and the surrounding areas.",1,"2025-02-10T20:06:44.365415Z"
81607,81607,31042,"1","Not Flooded","2025-02-10T19:54:27.070753Z",155,"/data/local-files/?d=/share/XXXX-19/nexar_data/training_datasets/street_flooding/all_no_letterboxing/nlbx_bb265527adf8e790e819612d0fb73823.jpg","",1.254,"Does this image show more than a foot of standing water?","Is the street in this image flooded?","No","Yes, the street appears to be flooded, as evidenced by the water covering the road and the vehicles.",1,"2025-02-10T19:54:27.070775Z"
64474,64474,30800,"1","Not Flooded","2025-02-10T19:42:09.433499Z",156,"/data/local-files/?d=/share/XXXX-19/nexar_data/training_datasets/street_flooding/all_no_letterboxing/nlbx_8c6c76e7fbc156a294d6daea6fedd047.jpg","",6.076,"Does this image show more than a foot of standing water?","Is the street in this image flooded?","No, it does not show more than a foot of standing water.","Yes, the street appears to be flooded, as evidenced by the water covering the road and the presence of traffic cones, which are typically used to redirect traffic away from flooded areas.",1,"2025-02-10T19:42:09.433520Z"
58344,58344,31099,"1","Not Flooded","2025-02-10T20:07:33.903747Z",157,"/data/local-files/?d=/share/XXXX-19/nexar_data/training_datasets/street_flooding/all_no_letterboxing/nlbx_9cfadc45dfa8b4da45fee79ffa3c619b.jpg","",1.266,"Does this image show more than a foot of standing water?","Is the street in this image flooded?","No","No, the street is not flooded.",0,"2025-02-10T20:07:33.903768Z"
36400,36400,30977,"1","Not Flooded","2025-02-10T19:52:21.346883Z",158,"/data/local-files/?d=/share/XXXX-19/nexar_data/training_datasets/street_flooding/all_no_letterboxing/nlbx_98b9d134c2e21e76e24868bf38cbd8c3.jpg","",1.087,"Does this image show more than a foot of standing water?","Is the street in this image flooded?","The image does not show more than a foot of standing water. The water level appears to be shallow, likely less than a foot, as it is not reaching the wheels of the vehicles or the base of the street signs.","The street in the image does not appear to be flooded. While the ground is wet, likely from the rain, there are no visible signs of standing water or submerged vehicles that would indicate flooding. The water on the ground seems to be a result of the rain rather than a flood.",0,"2025-02-10T19:52:21.346905Z"
37622,37622,29728,"1","Flooded","2025-02-09T18:22:48.991853Z",161,"/data/local-files/?d=/share/XXXX-19/nexar_data/training_datasets/street_flooding/all_no_letterboxing/nlbx_e42137b9f3de0d480d2bec29d5b0e6f4.jpg","",3.1879999999999997,"Does this image show more than a foot of standing water?","Is the street in this image flooded?","Yes, the image shows a significant amount of standing water on the road, which appears to be more than a foot deep in some areas, indicating a substantial flooding event.","Yes, the street appears to be flooded, as evidenced by the water covering the road and the vehicles.",1,"2025-02-09T18:22:52.832107Z"
81774,81774,30954,"1","Flooded","2025-02-10T19:51:46.987791Z",162,"/data/local-files/?d=/share/XXXX-19/nexar_data/training_datasets/street_flooding/all_no_letterboxing/nlbx_eaef0669a9397493dba68905edc20b09.jpg","",7.129,"Does this image show more than a foot of standing water?","Is the street in this image flooded?","No","Yes, the street in the image is flooded, as evidenced by the water covering the road and the visible puddles.",1,"2025-02-10T19:51:46.987817Z"
42603,42603,30768,"1","Not Flooded","2025-02-10T19:40:45.433413Z",164,"/data/local-files/?d=/share/XXXX-19/nexar_data/training_datasets/street_flooding/all_no_letterboxing/nlbx_96390e29811a0e2e51a37bcd1c45222c.jpg","",1.196,"Does this image show more than a foot of standing water?","Is the street in this image flooded?","No","Yes, the street in the image is flooded.",1,"2025-02-10T19:40:45.433434Z"
11784,11784,30982,"1","Flooded","2025-02-10T19:52:41.745776Z",165,"/data/local-files/?d=/share/XXXX-19/nexar_data/training_datasets/street_flooding/all_no_letterboxing/nlbx_405fabceb6c6d74cf8392e7e8994a0d1.jpg","",10.494,"Does this image show more than a foot of standing water?","Is the street in this image flooded?","Yes, the image shows a significant amount of standing water on the road, which appears to be more than a foot deep in some areas, indicating heavy rainfall and potential flooding conditions.","Yes, the street appears to be flooded, as evidenced by the water covering the road and the vehicles, which suggests recent heavy rainfall or a possible overflow of a nearby water body.",1,"2025-02-10T19:52:41.745803Z"
130895,130895,30802,"1","Not Flooded","2025-02-10T19:42:12.506644Z",166,"/data/local-files/?d=/share/XXXX-19/nexar_data/training_datasets/street_flooding/all_no_letterboxing/nlbx_d9e84bff4c6c00e91267cf88085201ee.jpg","",1.022,"Does this image show more than a foot of standing water?","Is the street in this image flooded?","No","No, the street is not flooded.",0,"2025-02-10T19:42:12.506664Z"
137022,137022,30974,"1","Not Flooded","2025-02-10T19:52:17.023501Z",167,"/data/local-files/?d=/share/XXXX-19/nexar_data/training_datasets/street_flooding/all_no_letterboxing/nlbx_2a5ebb4050a315875c6697baf2001680.jpg","",0.882,"Does this image show more than a foot of standing water?","Is the street in this image flooded?","No","Yes, the street appears to be flooded, as evidenced by the water covering the road and the presence of traffic cones and barriers indicating a detour or road closure due to the flooding.",1,"2025-02-10T19:52:17.023525Z"
59963,59963,31019,"1","Not Flooded","2025-02-10T19:53:41.136081Z",168,"/data/local-files/?d=/share/XXXX-19/nexar_data/training_datasets/street_flooding/all_no_letterboxing/nlbx_4852f7354032cb20a4da3c2df91cfaac.jpg","",0.966,"Does this image show more than a foot of standing water?","Is the street in this image flooded?","The image does not show more than a foot of standing water. The water level appears to be shallow, likely no more than a few inches, as it does not reach the wheels of the cars or the lower parts of the street signs. The water is concentrated in the center of the intersection, and the surrounding areas, including the sidewalks and the road edges, are dry. The water's presence is indicative of recent rainfall, but the depth is minimal, suggesting that the flooding is not severe.","Yes, the street in this image is flooded.",1,"2025-02-10T19:53:41.136105Z"
14565,14565,31050,"1","Not Flooded","2025-02-10T19:54:39.714593Z",169,"/data/local-files/?d=/share/XXXX-19/nexar_data/training_datasets/street_flooding/all_no_letterboxing/nlbx_4504f2453c599a5e1d3407771e8a5f20.jpg","",1.252,"Does this image show more than a foot of standing water?","Is the street in this image flooded?","No","The street in the image does not appear to be flooded. While the road is wet, likely from recent rain, there are no visible signs of standing water or submerged vehicles that would indicate flooding. The water on the road seems to be flowing, and the vehicles are not submerged, suggesting that the water level is manageable and not indicative of a flood situation.",0,"2025-02-10T19:54:39.714614Z"
72438,72438,31066,"1","Not Flooded","2025-02-10T20:06:24.727221Z",170,"/data/local-files/?d=/share/XXXX-19/nexar_data/training_datasets/street_flooding/all_no_letterboxing/nlbx_d8b7fddbeb748e6fddfe421f8cd1f581.jpg","",674.746,"Does this image show more than a foot of standing water?","Is the street in this image flooded?","Yes, the image shows more than a foot of standing water on the road, as evidenced by the water reaching the lower edges of the vehicles and the visible reflections on the wet surface.","Yes, the street in this image is flooded.",1,"2025-02-10T20:06:24.727244Z"
123782,123782,29704,"1","Flooded","2025-02-09T18:21:55.251655Z",172,"/data/local-files/?d=/share/XXXX-19/nexar_data/training_datasets/street_flooding/all_no_letterboxing/nlbx_de8bbc7dd62f8fc99bbc7a70ea0ed7f9.jpg","",2.809,"Does this image show more than a foot of standing water?","Is the street in this image flooded?","No, it does not show more than a foot of standing water.","Yes, the street in this image is flooded.",1,"2025-02-09T18:21:58.906243Z"
8344,8344,31081,"1","Not Flooded","2025-02-10T20:06:58.754129Z",173,"/data/local-files/?d=/share/XXXX-19/nexar_data/training_datasets/street_flooding/all_no_letterboxing/nlbx_37bed6308fbdc818d9e646bd87ae84b5.jpg","",0.97,"Does this image show more than a foot of standing water?","Is the street in this image flooded?","No","Yes, the street is flooded.",1,"2025-02-10T20:06:58.754154Z"
48797,48797,31088,"1","Not Flooded","2025-02-10T20:07:11.471000Z",175,"/data/local-files/?d=/share/XXXX-19/nexar_data/training_datasets/street_flooding/all_no_letterboxing/nlbx_b0062e29fb012584e6aba6654efb935c.jpg","",1.072,"Does this image show more than a foot of standing water?","Is the street in this image flooded?","No, it does not show more than a foot of standing water.","No, the street is not flooded.",0,"2025-02-10T20:07:11.471021Z"
100645,100645,31057,"1","Not Flooded","2025-02-10T19:54:52.772399Z",176,"/data/local-files/?d=/share/XXXX-19/nexar_data/training_datasets/street_flooding/all_no_letterboxing/nlbx_6f7d6fdd42895822aacf8e1761beafbb.jpg","",1.44,"Does this image show more than a foot of standing water?","Is the street in this image flooded?","The image does not provide a clear indication of the depth of the standing water. The water level is not visible, and there are no objects or people to provide a reference for scale. The water appears to be shallow enough to allow vehicles to pass through, as evidenced by the cars and the white van that are not submerged. However, without a clear view of the water's depth or additional context, it is not possible to accurately determine if the water is more than a foot deep.","Yes, the street in the image is flooded.",1,"2025-02-10T19:54:52.772419Z"
118707,118707,31025,"1","Not Flooded","2025-02-10T19:53:52.222079Z",178,"/data/local-files/?d=/share/XXXX-19/nexar_data/training_datasets/street_flooding/all_no_letterboxing/nlbx_0c537a3e8b4d69162801f167a5150745.jpg","",1.0,"Does this image show more than a foot of standing water?","Is the street in this image flooded?","Yes, the image shows a significant amount of standing water on the street, which appears to be more than a foot deep in some areas. This level of water accumulation suggests recent heavy rainfall or a possible flooding event.","Yes, the street in the image appears to be flooded, as evidenced by the water covering the road and the vehicles.",1,"2025-02-10T19:53:52.222100Z"
25174,25174,31071,"1","Not Flooded","2025-02-10T20:06:40.980026Z",179,"/data/local-files/?d=/share/XXXX-19/nexar_data/training_datasets/street_flooding/all_no_letterboxing/nlbx_1f505fd7ae57771e410ce07d329d7aef.jpg","",1.533,"Does this image show more than a foot of standing water?","Is the street in this image flooded?","No, it does not show more than a foot of standing water.","Yes, the street in the image is flooded.",1,"2025-02-10T20:06:40.980047Z"
16566,16566,30716,"1","Not Flooded","2025-02-10T19:39:07.342587Z",181,"/data/local-files/?d=/share/XXXX-19/nexar_data/training_datasets/street_flooding/all_no_letterboxing/nlbx_b5225f4e44c1134bded51a238c54966c.jpg","",0.903,"Does this image show more than a foot of standing water?","Is the street in this image flooded?","No, it does not show more than a foot of standing water.","No, the street does not appear to be flooded. The road surface looks dry, and there are no visible signs of water accumulation or debris that would typically indicate flooding.",0,"2025-02-10T19:39:07.342609Z"
79223,79223,30755,"1","Not Flooded","2025-02-10T19:40:25.155314Z",186,"/data/local-files/?d=/share/XXXX-19/nexar_data/training_datasets/street_flooding/all_no_letterboxing/nlbx_7962d819d13ec500085574fe6094c753.jpg","",3.296,"Does this image show more than a foot of standing water?","Is the street in this image flooded?","No, it does not show more than a foot of standing water.","Yes, the street appears to be flooded, as evidenced by the water covering the road and the vehicles' headlights reflecting off the water's surface.",1,"2025-02-10T19:40:25.155334Z"
12234,12234,30923,"1","Not Flooded","2025-02-10T19:50:41.326022Z",187,"/data/local-files/?d=/share/XXXX-19/nexar_data/training_datasets/street_flooding/all_no_letterboxing/nlbx_dbe4b20cea9cda22b4fefae17517a5ae.jpg","",0.942,"Does this image show more than a foot of standing water?","Is the street in this image flooded?","No","No, the street is not flooded.",0,"2025-02-10T19:50:41.326049Z"
50937,50937,30778,"1","Not Flooded","2025-02-10T19:41:02.943425Z",188,"/data/local-files/?d=/share/XXXX-19/nexar_data/training_datasets/street_flooding/all_no_letterboxing/nlbx_e89c7a098c8323182063ff603ed78d16.jpg","",1.958,"Does this image show more than a foot of standing water?","Is the street in this image flooded?","No","Yes, the street in the image is flooded, as evidenced by the water covering the road and the presence of traffic cones and barriers indicating a detour or road closure due to the flooding.",1,"2025-02-10T19:41:02.943445Z"
60630,60630,30842,"1","Not Flooded","2025-02-10T19:47:52.848084Z",189,"/data/local-files/?d=/share/XXXX-19/nexar_data/training_datasets/street_flooding/all_no_letterboxing/nlbx_22478375bb8a32a96748589c720b98e1.jpg","",0.887,"Does this image show more than a foot of standing water?","Is the street in this image flooded?","No","No, the street is not flooded.",0,"2025-02-10T19:47:52.848104Z"
74741,74741,29743,"1","Not Flooded","2025-02-09T18:23:18.695578Z",190,"/data/local-files/?d=/share/XXXX-19/nexar_data/training_datasets/street_flooding/all_no_letterboxing/nlbx_731b910876226693828ef74a2ba5d44d.jpg","",0.844,"Does this image show more than a foot of standing water?","Is the street in this image flooded?","No","No, the street is not flooded.",0,"2025-02-09T18:23:18.695599Z"
152682,152682,30787,"1","Flooded","2025-02-10T19:41:35.060804Z",192,"/data/local-files/?d=/share/XXXX-19/nexar_data/training_datasets/street_flooding/all_no_letterboxing/nlbx_f50f6c1b386241903c601b1d6d90f95a.jpg","",7.391,"Does this image show more than a foot of standing water?","Is the street in this image flooded?","No, it does not show more than a foot of standing water.","The street in the image does not appear to be flooded. While there is visible water on the road, it seems to be a result of recent rainfall rather than a significant accumulation that would indicate flooding.",0,"2025-02-10T19:41:35.060824Z"
27653,27653,29703,"1","Not Flooded","2025-02-09T18:21:53.946778Z",196,"/data/local-files/?d=/share/XXXX-19/nexar_data/training_datasets/street_flooding/all_no_letterboxing/nlbx_2adc55a394e12e75fe1075cd0f800811.jpg","",0.912,"Does this image show more than a foot of standing water?","Is the street in this image flooded?","No, it does not show more than a foot of standing water.","Yes, the street in the image is flooded.",1,"2025-02-09T18:21:53.946798Z"
138182,138182,30999,"1","Not Flooded","2025-02-10T19:53:10.292536Z",197,"/data/local-files/?d=/share/XXXX-19/nexar_data/training_datasets/street_flooding/all_no_letterboxing/nlbx_ec80cac6b1c86fd26909ec1ff30ea7ed.jpg","",1.112,"Does this image show more than a foot of standing water?","Is the street in this image flooded?","No","No, the street is not flooded.",0,"2025-02-10T19:53:10.292559Z"
19357,19357,30833,"1","Not Flooded","2025-02-10T19:47:39.206153Z",198,"/data/local-files/?d=/share/XXXX-19/nexar_data/training_datasets/street_flooding/all_no_letterboxing/nlbx_44006a6e12def8072a4dd84b397dc6e7.jpg","",1.056,"Does this image show more than a foot of standing water?","Is the street in this image flooded?","No, it does not show more than a foot of standing water.","Yes, the street is flooded.",1,"2025-02-10T19:47:39.206174Z"
16643,16643,30928,"1","Not Flooded","2025-02-10T19:50:51.246256Z",199,"/data/local-files/?d=/share/XXXX-19/nexar_data/training_datasets/street_flooding/all_no_letterboxing/nlbx_2e32b3e6d8541847b7599ef80a5670d0.jpg","",2.114,"Does this image show more than a foot of standing water?","Is the street in this image flooded?","No, it does not show more than a foot of standing water.","Yes, the street in the image appears to be flooded, as evidenced by the water covering the road and the visible puddles.",1,"2025-02-10T19:50:51.246296Z"
125485,125485,31074,"1","Not Flooded","2025-02-10T20:06:46.044971Z",201,"/data/local-files/?d=/share/XXXX-19/nexar_data/training_datasets/street_flooding/all_no_letterboxing/nlbx_877f602a43cf9ea30c6969752702e4f3.jpg","",1.15,"Does this image show more than a foot of standing water?","Is the street in this image flooded?","Yes, the image shows a significant amount of standing water on the road, which appears to be more than a foot deep in some areas. This can be inferred from the water reaching the lower parts of the vehicles and the visible reflections on the wet surface.","Yes, the street in the image appears to be flooded, as evidenced by the water covering the road and the presence of traffic cones, which are typically used to redirect traffic away from flooded areas.",1,"2025-02-10T20:06:46.044995Z"
61013,61013,31112,"1","Not Flooded","2025-02-10T20:08:02.493864Z",203,"/data/local-files/?d=/share/XXXX-19/nexar_data/training_datasets/street_flooding/all_no_letterboxing/nlbx_813885bddfb7b279b8a730adfa6485da.jpg","",0.849,"Does this image show more than a foot of standing water?","Is the street in this image flooded?","The image does not show more than a foot of standing water. The water level appears to be less than a foot, as it reaches approximately halfway up the wheels of the cars and does not cover the road surface completely.","Yes, the street in the image is flooded.",1,"2025-02-10T20:08:02.493887Z"
52970,52970,29726,"1","Not Flooded","2025-02-09T18:22:46.216251Z",206,"/data/local-files/?d=/share/XXXX-19/nexar_data/training_datasets/street_flooding/all_no_letterboxing/nlbx_c14d1fab00a158bf4d0cf8623660fc65.jpg","",1.888,"Does this image show more than a foot of standing water?","Is the street in this image flooded?","Yes, the image shows more than a foot of standing water on the road, which is indicative of heavy rainfall and potential flooding conditions.","Yes, the street in the image is flooded.",1,"2025-02-09T18:22:46.216271Z"
46255,46255,30789,"1","Not Flooded","2025-02-10T19:41:40.483790Z",209,"/data/local-files/?d=/share/XXXX-19/nexar_data/training_datasets/street_flooding/all_no_letterboxing/nlbx_8ab1aeebfa41e87dcc3998997ffaf9df.jpg","",0.923,"Does this image show more than a foot of standing water?","Is the street in this image flooded?","No, it does not show more than a foot of standing water.","Yes, the street in this image is flooded.",1,"2025-02-10T19:41:40.483811Z"
64069,64069,29661,"1","Not Flooded","2025-02-09T18:20:27.492097Z",213,"/data/local-files/?d=/share/XXXX-19/nexar_data/training_datasets/street_flooding/all_no_letterboxing/nlbx_deb993ce409861758be3dda19ad99fdb.jpg","",1.112,"Does this image show more than a foot of standing water?","Is the street in this image flooded?","No","Yes, the street in the image is flooded.",1,"2025-02-09T18:20:27.492117Z"
27895,27895,30937,"1","Flooded","2025-02-10T19:51:07.071242Z",214,"/data/local-files/?d=/share/XXXX-19/nexar_data/training_datasets/street_flooding/all_no_letterboxing/nlbx_df4c5cfe2e6ac68fe0fbe1939996f2dd.jpg","",1.292,"Does this image show more than a foot of standing water?","Is the street in this image flooded?","No, it does not show more than a foot of standing water.","Yes, the street appears to be flooded, as evidenced by the water covering the road and the vehicles.",1,"2025-02-10T19:51:07.071270Z"
147729,147729,30721,"1","Flooded","2025-02-10T19:39:15.343849Z",217,"/data/local-files/?d=/share/XXXX-19/nexar_data/training_datasets/street_flooding/all_no_letterboxing/nlbx_1a0b8cd917be843433a9cd80c1bfb35e.jpg","",1.129,"Does this image show more than a foot of standing water?","Is the street in this image flooded?","Yes, the image shows more than a foot of standing water, as evidenced by the submerged vehicles and the depth of the water reaching the wheels of the cars.","Yes, the street in the image is flooded, as evidenced by the water covering the road and the vehicles.",1,"2025-02-10T19:39:15.343870Z"
58943,58943,30961,"1","Not Flooded","2025-02-10T19:51:57.537500Z",218,"/data/local-files/?d=/share/XXXX-19/nexar_data/training_datasets/street_flooding/all_no_letterboxing/nlbx_f48fc1cdc8a168715d8b5322b692ae43.jpg","",0.825,"Does this image show more than a foot of standing water?","Is the street in this image flooded?","Yes, the image shows more than a foot of standing water on the streets, reflecting the city lights and creating a mirror-like surface that adds a unique visual element to the urban scene.","Yes, the street in the image is flooded.",1,"2025-02-10T19:51:57.537525Z"
27474,27474,30838,"1","Not Flooded","2025-02-10T19:47:47.037456Z",220,"/data/local-files/?d=/share/XXXX-19/nexar_data/training_datasets/street_flooding/all_no_letterboxing/nlbx_ff0ca66367ad4d682469815547fb1dd7.jpg","",1.129,"Does this image show more than a foot of standing water?","Is the street in this image flooded?","No","No, the street does not appear to be flooded. The water on the road is likely from recent rainfall, as evidenced by the wet surfaces and the presence of raindrops on the windshield.",0,"2025-02-10T19:47:47.037476Z"
77893,77893,30906,"1","Not Flooded","2025-02-10T19:50:05.780022Z",221,"/data/local-files/?d=/share/XXXX-19/nexar_data/training_datasets/street_flooding/all_no_letterboxing/nlbx_5077bab7b9aa62d62fe206bb6c958c08.jpg","",0.962,"Does this image show more than a foot of standing water?","Is the street in this image flooded?","No, it does not show more than a foot of standing water.","No, the street is not flooded.",0,"2025-02-10T19:50:05.780049Z"
579,579,30784,"1","Not Flooded","2025-02-10T19:41:20.643899Z",223,"/data/local-files/?d=/share/XXXX-19/nexar_data/training_datasets/street_flooding/all_no_letterboxing/nlbx_2b2a449a2784433207fde788bbb20c35.jpg","",1.623,"Does this image show more than a foot of standing water?","Is the street in this image flooded?","No, it does not show more than a foot of standing water.","The street in the image does not appear to be flooded. While there is visible water on the road, it seems to be a result of recent rainfall rather than a significant water level that would indicate flooding. The vehicles are still able to move, and there are no signs of water reaching the level of the vehicles' wheels or the base of the buildings.",0,"2025-02-10T19:41:20.643929Z"
43000,43000,30758,"1","Not Flooded","2025-02-10T19:40:30.385302Z",226,"/data/local-files/?d=/share/XXXX-19/nexar_data/training_datasets/street_flooding/all_no_letterboxing/nlbx_aff0b3692a4ed7a6e5ae08f11b50dd8a.jpg","",1.009,"Does this image show more than a foot of standing water?","Is the street in this image flooded?","No, it does not show more than a foot of standing water.","No, the street is not flooded.",0,"2025-02-10T19:40:30.385322Z"
150955,150955,30809,"1","Not Flooded","2025-02-10T19:42:25.235391Z",227,"/data/local-files/?d=/share/XXXX-19/nexar_data/training_datasets/street_flooding/all_no_letterboxing/nlbx_53683213eb1dea2721d8b74306c9788d.jpg","",2.786,"Does this image show more than a foot of standing water?","Is the street in this image flooded?","No, it does not show more than a foot of standing water.","Yes, the street in the image is flooded, as evidenced by the water covering the road and the presence of traffic cones, which are typically used to redirect traffic away from flooded areas.",1,"2025-02-10T19:42:25.235411Z"
35764,35764,30761,"1","Not Flooded","2025-02-10T19:40:34.826612Z",228,"/data/local-files/?d=/share/XXXX-19/nexar_data/training_datasets/street_flooding/all_no_letterboxing/nlbx_cc2cd9753d102aa416731fc6f0977ddf.jpg","",1.185,"Does this image show more than a foot of standing water?","Is the street in this image flooded?","No, it does not show more than a foot of standing water.","The street in the image does not appear to be flooded. The water on the road is likely due to recent rainfall, and the water level does not seem to be high enough to cover the road completely. The vehicles are still able to move, and there are no visible signs of standing water that would indicate flooding.",0,"2025-02-10T19:40:34.826635Z"
77177,77177,31034,"1","Not Flooded","2025-02-10T19:54:07.630351Z",229,"/data/local-files/?d=/share/XXXX-19/nexar_data/training_datasets/street_flooding/all_no_letterboxing/nlbx_58f09e91c9d998fd7dde676467b11b6a.jpg","",0.945,"Does this image show more than a foot of standing water?","Is the street in this image flooded?","No, it does not show more than a foot of standing water.","No, the street is not flooded.",0,"2025-02-10T19:54:07.630374Z"
55634,55634,30804,"1","Not Flooded","2025-02-10T19:42:15.767457Z",230,"/data/local-files/?d=/share/XXXX-19/nexar_data/training_datasets/street_flooding/all_no_letterboxing/nlbx_b4b60366ed3b3e131ba20da5ac51d8c7.jpg","",1.09,"Does this image show more than a foot of standing water?","Is the street in this image flooded?","No, it does not show more than a foot of standing water.","Yes, the street in the image is flooded.",1,"2025-02-10T19:42:15.767477Z"
99970,99970,30777,"1","Not Flooded","2025-02-10T19:41:00.507336Z",233,"/data/local-files/?d=/share/XXXX-19/nexar_data/training_datasets/street_flooding/all_no_letterboxing/nlbx_dd05997d258706b5ecac198440190e63.jpg","",1.972,"Does this image show more than a foot of standing water?","Is the street in this image flooded?","No, it does not show more than a foot of standing water.","Yes, the street appears to be flooded, as evidenced by the water covering the road and the vehicles' tires submerged up to the wheels.",1,"2025-02-10T19:41:00.507360Z"
117146,117146,30713,"1","Not Flooded","2025-02-10T19:39:02.605323Z",235,"/data/local-files/?d=/share/XXXX-19/nexar_data/training_datasets/street_flooding/all_no_letterboxing/nlbx_cc056f2b0d90e5a06b07a5031610ef8f.jpg","",1.065,"Does this image show more than a foot of standing water?","Is the street in this image flooded?","Yes, the image shows more than a foot of standing water on the street, indicating significant flooding.","Yes, the street in the image is flooded.",1,"2025-02-10T19:39:02.605348Z"
149178,149178,30746,"1","Not Flooded","2025-02-10T19:40:08.355942Z",240,"/data/local-files/?d=/share/XXXX-19/nexar_data/training_datasets/street_flooding/all_no_letterboxing/nlbx_c0032e55a76cb99f5252e8c8583e6f29.jpg","",12.037,"Does this image show more than a foot of standing water?","Is the street in this image flooded?","No, it does not show more than a foot of standing water.","The street does not appear to be flooded. While there is visible water on the road, it seems to be a result of recent rainfall rather than a significant accumulation that would indicate flooding.",0,"2025-02-10T19:40:08.355962Z"
120908,120908,30808,"1","Not Flooded","2025-02-10T19:42:21.972536Z",242,"/data/local-files/?d=/share/XXXX-19/nexar_data/training_datasets/street_flooding/all_no_letterboxing/nlbx_22f06811164a05cd55bccc82c11c8fe3.jpg","",0.977,"Does this image show more than a foot of standing water?","Is the street in this image flooded?","No, it does not show more than a foot of standing water.","No, the street is not flooded.",0,"2025-02-10T19:42:21.972556Z"
78590,78590,30847,"1","Not Flooded","2025-02-10T19:48:00.510311Z",243,"/data/local-files/?d=/share/XXXX-19/nexar_data/training_datasets/street_flooding/all_no_letterboxing/nlbx_4d3ddd7d102ea5e37d6c19ece877ae1e.jpg","",1.035,"Does this image show more than a foot of standing water?","Is the street in this image flooded?","No","No, the street is not flooded. The road appears dry, and there are no visible signs of water on the surface.",0,"2025-02-10T19:48:00.510335Z"
109032,109032,30913,"1","Not Flooded","2025-02-10T19:50:22.558007Z",244,"/data/local-files/?d=/share/XXXX-19/nexar_data/training_datasets/street_flooding/all_no_letterboxing/nlbx_7d999470d6f3fedd0dc4b8432a04b67a.jpg","",1.088,"Does this image show more than a foot of standing water?","Is the street in this image flooded?","No, it does not show more than a foot of standing water.","No, the street is not flooded. The water on the road appears to be a result of recent rainfall, and the water level does not seem to be high enough to indicate flooding.",0,"2025-02-10T19:50:22.558034Z"
57896,57896,29688,"1","Not Flooded","2025-02-09T18:21:31.669266Z",246,"/data/local-files/?d=/share/XXXX-19/nexar_data/training_datasets/street_flooding/all_no_letterboxing/nlbx_2962b13580493dbe2955e412887171ec.jpg","",1.045,"Does this image show more than a foot of standing water?","Is the street in this image flooded?","No, it does not show more than a foot of standing water.","No, the street is not flooded.",0,"2025-02-09T18:21:31.669286Z"
117864,117864,29666,"1","Not Flooded","2025-02-09T18:20:35.798104Z",249,"/data/local-files/?d=/share/XXXX-19/nexar_data/training_datasets/street_flooding/all_no_letterboxing/nlbx_175ba177d1f2ab9041e607f216124238.jpg","",1.182,"Does this image show more than a foot of standing water?","Is the street in this image flooded?","No, it does not show more than a foot of standing water.","No, the street is not flooded. The road appears dry, and there are no visible signs of water accumulation or standing water that would indicate flooding.",0,"2025-02-09T18:20:35.798125Z"
152647,152647,29715,"1","Not Flooded","2025-02-09T18:22:26.897603Z",250,"/data/local-files/?d=/share/XXXX-19/nexar_data/training_datasets/street_flooding/all_no_letterboxing/nlbx_4aafc9f07e5040e24f6f2a89d2f1f276.jpg","",1.057,"Does this image show more than a foot of standing water?","Is the street in this image flooded?","The image does not show more than a foot of standing water. The water level appears to be shallow, likely less than a foot, as it only reaches the lower parts of the vehicles and does not cover the wheels or the lower sections of the cars.","Yes, the street in the image appears to be flooded, as evidenced by the water covering the road and the vehicles parked on it.",1,"2025-02-09T18:22:26.897623Z"
77568,77568,29746,"1","Not Flooded","2025-02-09T18:23:23.528463Z",252,"/data/local-files/?d=/share/XXXX-19/nexar_data/training_datasets/street_flooding/all_no_letterboxing/nlbx_d7dbd99ba16fcdfa499fbd3748c7071d.jpg","",1.06,"Does this image show more than a foot of standing water?","Is the street in this image flooded?","No, it does not show more than a foot of standing water.","No, the street is not flooded.",0,"2025-02-09T18:23:23.528483Z"
129037,129037,30818,"1","Not Flooded","2025-02-10T19:42:48.187560Z",253,"/data/local-files/?d=/share/XXXX-19/nexar_data/training_datasets/street_flooding/all_no_letterboxing/nlbx_bdd543fae595b3c371e2ddd3d5c6b983.jpg","",1.232,"Does this image show more than a foot of standing water?","Is the street in this image flooded?","No, it does not show more than a foot of standing water.","Yes, the street in the image appears to be flooded, as evidenced by the water covering the road and the presence of a traffic cone, which is typically used to divert traffic away from flooded areas.",1,"2025-02-10T19:42:48.187581Z"
63006,63006,29754,"1","Not Flooded","2025-02-09T18:23:34.512819Z",254,"/data/local-files/?d=/share/XXXX-19/nexar_data/training_datasets/street_flooding/all_no_letterboxing/nlbx_a55a66f5a6e607df44fdde145e902353.jpg","",0.986,"Does this image show more than a foot of standing water?","Is the street in this image flooded?","No, it does not show more than a foot of standing water.","No, the street is not flooded.",0,"2025-02-09T18:23:34.512839Z"
109822,109822,30823,"1","Not Flooded","2025-02-10T19:42:57.739279Z",255,"/data/local-files/?d=/share/XXXX-19/nexar_data/training_datasets/street_flooding/all_no_letterboxing/nlbx_bf360d9c1c5b8515718350fc1bb57f37.jpg","",1.195,"Does this image show more than a foot of standing water?","Is the street in this image flooded?","No, it does not show more than a foot of standing water.","Yes, the street in the image appears to be flooded, as evidenced by the water covering the road and the presence of barriers that are typically used to redirect traffic away from flooded areas.",1,"2025-02-10T19:42:57.739299Z"
42926,42926,31024,"1","Not Flooded","2025-02-10T19:53:50.698434Z",257,"/data/local-files/?d=/share/XXXX-19/nexar_data/training_datasets/street_flooding/all_no_letterboxing/nlbx_daafbe68e199feb4add3d5b9b2aca2d8.jpg","",0.842,"Does this image show more than a foot of standing water?","Is the street in this image flooded?","Yes, the image shows more than a foot of standing water on the road, which is indicative of heavy rainfall and potential flooding conditions.","Yes, the street in the image appears to be flooded, as evidenced by the water covering the road and the vehicles.",1,"2025-02-10T19:53:50.698458Z"
102208,102208,30959,"1","Not Flooded","2025-02-10T19:51:54.708852Z",259,"/data/local-files/?d=/share/XXXX-19/nexar_data/training_datasets/street_flooding/all_no_letterboxing/nlbx_e6c188b9fd0010f7cf89d31240efbce2.jpg","",0.942,"Does this image show more than a foot of standing water?","Is the street in this image flooded?","No, it does not show more than a foot of standing water.","Yes, the street appears to be flooded, as evidenced by the water covering the road and the reflections on the wet surface.",1,"2025-02-10T19:51:54.708875Z"
35731,35731,29708,"1","Not Flooded","2025-02-09T18:22:06.669141Z",261,"/data/local-files/?d=/share/XXXX-19/nexar_data/training_datasets/street_flooding/all_no_letterboxing/nlbx_8012578e58dc1fa4c9b6b10095440a9c.jpg","",0.98,"Does this image show more than a foot of standing water?","Is the street in this image flooded?","No","Yes, the street appears to be flooded, as evidenced by the water covering the road and the presence of traffic cones, which are typically used to redirect traffic away from flooded areas.",1,"2025-02-09T18:22:06.669160Z"
4360,4360,30868,"1","Not Flooded","2025-02-10T19:48:39.255894Z",265,"/data/local-files/?d=/share/XXXX-19/nexar_data/training_datasets/street_flooding/all_no_letterboxing/nlbx_229f3dacb41334b3a5aa5063bc694ff0.jpg","",4.186,"Does this image show more than a foot of standing water?","Is the street in this image flooded?","Yes, the image shows more than a foot of standing water on the road, which is indicative of heavy rainfall or a recent storm. The water level appears to be significant enough to affect the flow of traffic and the visibility of the road markings.","The street in the image does not appear to be flooded. While there is visible water on the road, it seems to be a result of recent rainfall rather than a significant flood event. The water level is not high enough to cover the wheels of the vehicles, and the traffic flow is uninterrupted, suggesting that the water is not deep enough to impede the movement of the cars.",0,"2025-02-10T19:48:39.255915Z"
59140,59140,31002,"1","Not Flooded","2025-02-10T19:53:14.753447Z",266,"/data/local-files/?d=/share/XXXX-19/nexar_data/training_datasets/street_flooding/all_no_letterboxing/nlbx_449e5f4ed90117d59506ee36b3a22e14.jpg","",0.927,"Does this image show more than a foot of standing water?","Is the street in this image flooded?","No, it does not show more than a foot of standing water.","No, the street is not flooded.",0,"2025-02-10T19:53:14.753470Z"
55634,55634,30743,"1","Not Flooded","2025-02-10T19:39:52.344858Z",270,"/data/local-files/?d=/share/XXXX-19/nexar_data/training_datasets/street_flooding/all_no_letterboxing/nlbx_09eb6b62956e450e6a56be7bf7aac518.jpg","",3.554,"Does this image show more than a foot of standing water?","Is the street in this image flooded?","The image does not show more than a foot of standing water. The water level appears to be shallow, likely less than a foot, as it is not reaching the wheels of the vehicles or the lower parts of the street signs.","Yes, the street appears to be flooded, as evidenced by the water covering the road and the vehicles' headlights reflecting off the water's surface.",1,"2025-02-10T19:39:52.344883Z"
17222,17222,29731,"1","Not Flooded","2025-02-09T18:22:58.392192Z",272,"/data/local-files/?d=/share/XXXX-19/nexar_data/training_datasets/street_flooding/all_no_letterboxing/nlbx_38dba9946fd84013ec466d544fc71f70.jpg","",0.995,"Does this image show more than a foot of standing water?","Is the street in this image flooded?","No, the image does not show more than a foot of standing water.","No, the street is not flooded.",0,"2025-02-09T18:22:58.392211Z"
93566,93566,31076,"1","Not Flooded","2025-02-10T20:06:49.228915Z",278,"/data/local-files/?d=/share/XXXX-19/nexar_data/training_datasets/street_flooding/all_no_letterboxing/nlbx_78a76f10187af40abcf3ce21e4209d6f.jpg","",1.041,"Does this image show more than a foot of standing water?","Is the street in this image flooded?","No, it does not show more than a foot of standing water.","No, the street is not flooded. The water on the road appears to be a result of recent rainfall, and the vehicles are driving on the wet surface without any visible signs of flooding.",0,"2025-02-10T20:06:49.228941Z"
45381,45381,30856,"1","Not Flooded","2025-02-10T19:48:16.945322Z",280,"/data/local-files/?d=/share/XXXX-19/nexar_data/training_datasets/street_flooding/all_no_letterboxing/nlbx_63200a15c77910ce5e9340ecc151cf39.jpg","",0.89,"Does this image show more than a foot of standing water?","Is the street in this image flooded?","No, it does not show more than a foot of standing water.","The street in the image does not appear to be flooded. The water on the road is consistent with rainwater, and there are no signs of standing water that would indicate flooding. The vehicles are driving normally, and the road markings are visible, which would likely be obscured if the water level were higher.",0,"2025-02-10T19:48:16.945342Z"
131269,131269,30756,"1","Not Flooded","2025-02-10T19:40:27.237026Z",281,"/data/local-files/?d=/share/XXXX-19/nexar_data/training_datasets/street_flooding/all_no_letterboxing/nlbx_07cbd61c5e2648ba15b752c2f7cba8c7.jpg","",1.611,"Does this image show more than a foot of standing water?","Is the street in this image flooded?","No, the image does not show more than a foot of standing water. The water level appears to be shallow, likely less than a foot, as it is not reaching the wheels of the vehicles or the lower parts of the vehicles. The water is mostly on the road surface, and the vehicles are not submerged, indicating that the water level is manageable and not a significant hazard for the traffic.","The street in the image does not appear to be flooded. While there is visible water on the road, it seems to be a result of recent rainfall rather than a significant water level that would indicate flooding.",0,"2025-02-10T19:40:27.237049Z"
55006,55006,29699,"1","Not Flooded","2025-02-09T18:21:48.529452Z",282,"/data/local-files/?d=/share/XXXX-19/nexar_data/training_datasets/street_flooding/all_no_letterboxing/nlbx_7e1be27f3849eb8edc009a01e0b8de1c.jpg","",0.841,"Does this image show more than a foot of standing water?","Is the street in this image flooded?","No, it does not show more than a foot of standing water.","No, the street is not flooded.",0,"2025-02-09T18:21:48.529472Z"
89366,89366,30858,"1","Not Flooded","2025-02-10T19:48:20.052304Z",283,"/data/local-files/?d=/share/XXXX-19/nexar_data/training_datasets/street_flooding/all_no_letterboxing/nlbx_0c0c411a4c6e218c280f3f0a415c105f.jpg","",1.071,"Does this image show more than a foot of standing water?","Is the street in this image flooded?","The image does not show more than a foot of standing water. The water level appears to be shallow, likely less than a foot, as it is not reaching the wheels of the vehicles or the base of the traffic cones. The water is visible on the road surface, reflecting the lights from the vehicles and street lamps, but it does not extend to a depth that would be hazardous or obstructive to the vehicles.","Yes, the street appears to be flooded, as evidenced by the water covering the road and the vehicles, which suggests recent heavy rainfall or a possible water main break.",1,"2025-02-10T19:48:20.052326Z"
15760,15760,30734,"1","Not Flooded","2025-02-10T19:39:36.897867Z",286,"/data/local-files/?d=/share/XXXX-19/nexar_data/training_datasets/street_flooding/all_no_letterboxing/nlbx_8707362dde899bafc198a9d5adafcdf2.jpg","",0.924,"Does this image show more than a foot of standing water?","Is the street in this image flooded?","No, it does not show more than a foot of standing water.","No, the street is not flooded.",0,"2025-02-10T19:39:36.897888Z"
118761,118761,30952,"1","Not Flooded","2025-02-10T19:51:37.698171Z",290,"/data/local-files/?d=/share/XXXX-19/nexar_data/training_datasets/street_flooding/all_no_letterboxing/nlbx_0b8be0ddcd154008ecdf270a70b3ba04.jpg","",1.29,"Does this image show more than a foot of standing water?","Is the street in this image flooded?","No","No, the street is not flooded.",0,"2025-02-10T19:51:37.698198Z"
51725,51725,30984,"1","Not Flooded","2025-02-10T19:52:45.190303Z",291,"/data/local-files/?d=/share/XXXX-19/nexar_data/training_datasets/street_flooding/all_no_letterboxing/nlbx_558adb16a7acafc4bf26132bd2c4c827.jpg","",1.077,"Does this image show more than a foot of standing water?","Is the street in this image flooded?","The image does not provide a clear indication of the depth of the standing water. However, the water level appears to be less than a foot, as it does not reach the wheels of the vehicles or the base of the traffic cones.","Yes, the street appears to be flooded, as evidenced by the water covering the road and the presence of traffic cones, which are typically used to redirect traffic away from flooded areas.",1,"2025-02-10T19:52:45.190325Z"
29275,29275,30947,"1","Not Flooded","2025-02-10T19:51:29.343758Z",292,"/data/local-files/?d=/share/XXXX-19/nexar_data/training_datasets/street_flooding/all_no_letterboxing/nlbx_bd701aacdd69f1154d5ec600bf2ad1d0.jpg","",0.88,"Does this image show more than a foot of standing water?","Is the street in this image flooded?","No, it does not show more than a foot of standing water.","The street in the image does not appear to be flooded. The water on the road is likely due to recent rainfall, as evidenced by the wet surfaces and the lack of standing water that would indicate a flood.",0,"2025-02-10T19:51:29.343780Z"
105839,105839,31079,"1","Not Flooded","2025-02-10T20:06:55.696359Z",293,"/data/local-files/?d=/share/XXXX-19/nexar_data/training_datasets/street_flooding/all_no_letterboxing/nlbx_40508635aa9022fc5e2a391982689b95.jpg","",1.485,"Does this image show more than a foot of standing water?","Is the street in this image flooded?","Yes, the image shows more than a foot of standing water on the road, which is indicative of heavy rainfall and potential flooding conditions.","Yes, the street in the image is flooded, as evidenced by the water covering the road and the vehicles' headlights reflecting off the water's surface.",1,"2025-02-10T20:06:55.696384Z"
75108,75108,30941,"1","Not Flooded","2025-02-10T19:51:19.716139Z",295,"/data/local-files/?d=/share/XXXX-19/nexar_data/training_datasets/street_flooding/all_no_letterboxing/nlbx_64574c6caa2cd29e0b1e540c0697074e.jpg","",1.583,"Does this image show more than a foot of standing water?","Is the street in this image flooded?","No, it does not show more than a foot of standing water.","No, the street does not appear to be flooded. The water on the road seems to be a result of recent rainfall, and the vehicles are not submerged, indicating that the water level is manageable and not indicative of a flood.",0,"2025-02-10T19:51:19.716165Z"
50468,50468,29671,"1","Not Flooded","2025-02-09T18:20:49.347206Z",300,"/data/local-files/?d=/share/XXXX-19/nexar_data/training_datasets/street_flooding/all_no_letterboxing/nlbx_e450c6f213d27deb0a2ccde66d39caea.jpg","",1.461,"Does this image show more than a foot of standing water?","Is the street in this image flooded?","No, it does not show more than a foot of standing water.","No, the street is not flooded.",0,"2025-02-09T18:20:49.347227Z"
103967,103967,29744,"1","Not Flooded","2025-02-09T18:23:20.457380Z",303,"/data/local-files/?d=/share/XXXX-19/nexar_data/training_datasets/street_flooding/all_no_letterboxing/nlbx_86e5372f2a3393180a67d883725b71fc.jpg","",1.312,"Does this image show more than a foot of standing water?","Is the street in this image flooded?","Yes, the image shows a significant amount of standing water on the road, which appears to be more than a foot deep in certain areas, indicating a substantial flooding event.","Yes, the street in the image appears to be flooded, as evidenced by the water covering the road and the visible waterline on the vehicles.",1,"2025-02-09T18:23:20.457400Z"
143580,143580,30878,"1","Not Flooded","2025-02-10T19:48:56.280615Z",306,"/data/local-files/?d=/share/XXXX-19/nexar_data/training_datasets/street_flooding/all_no_letterboxing/nlbx_2f7ad582735c2fcc2e9934187e2ba7f1.jpg","",0.977,"Does this image show more than a foot of standing water?","Is the street in this image flooded?","No, it does not show more than a foot of standing water.","Yes, the street appears to be flooded, as evidenced by the water covering the road and the presence of traffic cones, which are typically used to redirect traffic away from flooded areas.",1,"2025-02-10T19:48:56.280636Z"
60113,60113,31047,"1","Not Flooded","2025-02-10T19:54:35.091166Z",307,"/data/local-files/?d=/share/XXXX-19/nexar_data/training_datasets/street_flooding/all_no_letterboxing/nlbx_b3175cda2af394243e7a39474c7c122e.jpg","",1.147,"Does this image show more than a foot of standing water?","Is the street in this image flooded?","No, it does not show more than a foot of standing water.","The street in the image does not appear to be flooded. While there is visible water on the road, it seems to be a result of recent rainfall rather than a significant flood event. The water level does not reach the wheels of the cars, and the road markings are still visible, indicating that the water is not deep enough to cover the road entirely.",0,"2025-02-10T19:54:35.091188Z"
144971,144971,31091,"1","Not Flooded","2025-02-10T20:07:16.186909Z",308,"/data/local-files/?d=/share/XXXX-19/nexar_data/training_datasets/street_flooding/all_no_letterboxing/nlbx_74507407f42aa851447c37dd99661dd2.jpg","",0.927,"Does this image show more than a foot of standing water?","Is the street in this image flooded?","Yes, the image shows a significant amount of standing water on the road, which appears to be more than a foot deep in some areas. This is evident from the water reaching the lower parts of the vehicles and the fact that the water level is visible on the road surface, indicating a substantial flood event.","Yes, the street appears to be flooded, as evidenced by the water covering the road and the presence of barriers that are typically used to redirect traffic away from flooded areas.",1,"2025-02-10T20:07:16.186938Z"
56261,56261,30890,"1","Flooded","2025-02-10T19:49:26.091432Z",309,"/data/local-files/?d=/share/XXXX-19/nexar_data/training_datasets/street_flooding/all_no_letterboxing/nlbx_9fd3c14c32a288b99589a3d864bf319a.jpg","",6.219,"Does this image show more than a foot of standing water?","Is the street in this image flooded?","No, it does not show more than a foot of standing water.","The street in the image does not appear to be flooded. There are no visible signs of standing water or submerged vehicles that would typically indicate flooding. The road surface looks dry, and the vehicles are not submerged, which suggests that the water level is not high enough to cause flooding.",0,"2025-02-10T19:49:26.091457Z"
98739,98739,30824,"1","Flooded","2025-02-10T19:43:00.580815Z",311,"/data/local-files/?d=/share/XXXX-19/nexar_data/training_datasets/street_flooding/all_no_letterboxing/nlbx_0c8239458be7161c76290a6e5376918a.jpg","",2.348,"Does this image show more than a foot of standing water?","Is the street in this image flooded?","No, it does not show more than a foot of standing water.","Yes, the street in the image is flooded.",1,"2025-02-10T19:43:00.580836Z"
117000,117000,30719,"1","Not Flooded","2025-02-10T19:39:12.269633Z",313,"/data/local-files/?d=/share/XXXX-19/nexar_data/training_datasets/street_flooding/all_no_letterboxing/nlbx_283a4db11a08ea47681dc1a2211b3426.jpg","",1.033,"Does this image show more than a foot of standing water?","Is the street in this image flooded?","No, it does not show more than a foot of standing water.","No, the street is not flooded.",0,"2025-02-10T19:39:12.269655Z"
107021,107021,31005,"1","Not Flooded","2025-02-10T19:53:20.241287Z",316,"/data/local-files/?d=/share/XXXX-19/nexar_data/training_datasets/street_flooding/all_no_letterboxing/nlbx_50c595949ddeeefdc5253936780b9706.jpg","",1.295,"Does this image show more than a foot of standing water?","Is the street in this image flooded?","No, it does not show more than a foot of standing water.","Yes, the street in this image is flooded.",1,"2025-02-10T19:53:20.241308Z"
127523,127523,30920,"1","Not Flooded","2025-02-10T19:50:36.285731Z",317,"/data/local-files/?d=/share/XXXX-19/nexar_data/training_datasets/street_flooding/all_no_letterboxing/nlbx_6b4c4e2971d96a1534973640add4f16d.jpg","",1.102,"Does this image show more than a foot of standing water?","Is the street in this image flooded?","No, it does not show more than a foot of standing water.","Yes, the street in the image appears to be flooded, as evidenced by the water covering the road and the presence of emergency vehicles, which suggests that the flooding is significant enough to require attention.",1,"2025-02-10T19:50:36.285759Z"
100492,100492,29695,"1","Not Flooded","2025-02-09T18:21:40.966727Z",318,"/data/local-files/?d=/share/XXXX-19/nexar_data/training_datasets/street_flooding/all_no_letterboxing/nlbx_ef57d98e026c0584d6ffb7ceb659f4dd.jpg","",0.831,"Does this image show more than a foot of standing water?","Is the street in this image flooded?","No, it does not show more than a foot of standing water.","No, the street does not appear to be flooded. The road surface looks dry, and there are no visible signs of water accumulation or standing water that would indicate flooding.",0,"2025-02-09T18:21:40.966747Z"
72014,72014,30759,"1","Not Flooded","2025-02-10T19:40:31.765259Z",319,"/data/local-files/?d=/share/XXXX-19/nexar_data/training_datasets/street_flooding/all_no_letterboxing/nlbx_bdd0091d5a95a72de86edd5e88eb5a3a.jpg","",0.91,"Does this image show more than a foot of standing water?","Is the street in this image flooded?","No, it does not show more than a foot of standing water.","No, the street is not flooded. The water on the road appears to be a result of recent rainfall, and the water level does not seem to be high enough to indicate flooding.",0,"2025-02-10T19:40:31.765279Z"
117584,117584,31014,"1","Not Flooded","2025-02-10T19:53:33.770979Z",320,"/data/local-files/?d=/share/XXXX-19/nexar_data/training_datasets/street_flooding/all_no_letterboxing/nlbx_0cda017a5bf0a67eb3de3fbf2f2e6bee.jpg","",0.853,"Does this image show more than a foot of standing water?","Is the street in this image flooded?","No","Yes, the street in the image is flooded.",1,"2025-02-10T19:53:33.771001Z"
78772,78772,30753,"1","Not Flooded","2025-02-10T19:40:19.942983Z",322,"/data/local-files/?d=/share/XXXX-19/nexar_data/training_datasets/street_flooding/all_no_letterboxing/nlbx_47b968e728fbc7dde391734791a94192.jpg","",1.344,"Does this image show more than a foot of standing water?","Is the street in this image flooded?","Yes, the image shows a significant amount of standing water, likely more than a foot, as it reaches the base of the vehicles and the lower parts of the building's facade.","Yes, the street appears to be flooded, as evidenced by the water covering the road and the vehicles parked on the side.",1,"2025-02-10T19:40:19.943005Z"
120527,120527,30786,"1","Not Flooded","2025-02-10T19:41:27.186514Z",323,"/data/local-files/?d=/share/XXXX-19/nexar_data/training_datasets/street_flooding/all_no_letterboxing/nlbx_cd5bf5a2aa0d65e771f05b79c241f27d.jpg","",4.377,"Does this image show more than a foot of standing water?","Is the street in this image flooded?","No, it does not show more than a foot of standing water.","No, the street is not flooded.",0,"2025-02-10T19:41:27.186534Z"
120523,120523,30997,"1","Not Flooded","2025-02-10T19:53:06.756075Z",326,"/data/local-files/?d=/share/XXXX-19/nexar_data/training_datasets/street_flooding/all_no_letterboxing/nlbx_52eb240ab9887b9a01489fd1ea2e0100.jpg","",1.028,"Does this image show more than a foot of standing water?","Is the street in this image flooded?","No","Yes, the street in this image is flooded.",1,"2025-02-10T19:53:06.756101Z"
4244,4244,30780,"1","Not Flooded","2025-02-10T19:41:06.645454Z",328,"/data/local-files/?d=/share/XXXX-19/nexar_data/training_datasets/street_flooding/all_no_letterboxing/nlbx_0c2f7507657c74f4ce91de0244488b44.jpg","",0.989,"Does this image show more than a foot of standing water?","Is the street in this image flooded?","No, it does not show more than a foot of standing water.","No, the street is not flooded.",0,"2025-02-10T19:41:06.645475Z"
25652,25652,31010,"1","Not Flooded","2025-02-10T19:53:28.018323Z",329,"/data/local-files/?d=/share/XXXX-19/nexar_data/training_datasets/street_flooding/all_no_letterboxing/nlbx_962af96dcd81a4905a658199c8ff2fca.jpg","",0.909,"Does this image show more than a foot of standing water?","Is the street in this image flooded?","No, it does not show more than a foot of standing water.","Yes, the street in the image is flooded.",1,"2025-02-10T19:53:28.018346Z"
53893,53893,29677,"1","Not Flooded","2025-02-09T18:21:00.016402Z",332,"/data/local-files/?d=/share/XXXX-19/nexar_data/training_datasets/street_flooding/all_no_letterboxing/nlbx_2c6712af35ed67d209e210f4f5bce311.jpg","",1.269,"Does this image show more than a foot of standing water?","Is the street in this image flooded?","Yes, the image shows more than a foot of standing water, as evidenced by the submerged vehicles and the depth of the water reaching the wheels of the cars.","Yes, the street appears to be flooded, as evidenced by the water covering the road and the vehicles' wheels submerged.",1,"2025-02-09T18:21:00.016423Z"
120218,120218,30723,"1","Not Flooded","2025-02-10T19:39:18.435963Z",334,"/data/local-files/?d=/share/XXXX-19/nexar_data/training_datasets/street_flooding/all_no_letterboxing/nlbx_b4e04721cb8305b3ee41bbc4c10a8a74.jpg","",1.084,"Does this image show more than a foot of standing water?","Is the street in this image flooded?","No, it does not show more than a foot of standing water.","Yes, the street in the image is flooded.",1,"2025-02-10T19:39:18.435983Z"
52683,52683,31055,"1","Not Flooded","2025-02-10T19:54:48.397424Z",335,"/data/local-files/?d=/share/XXXX-19/nexar_data/training_datasets/street_flooding/all_no_letterboxing/nlbx_99df25d4de2c71e4f925c8cb474c6a4a.jpg","",1.2,"Does this image show more than a foot of standing water?","Is the street in this image flooded?","Yes, the image shows more than a foot of standing water on the street, reflecting the surrounding buildings and vehicles, which indicates recent heavy rainfall.","Yes, the street is flooded.",1,"2025-02-10T19:54:48.397448Z"
88320,88320,31114,"1","Not Flooded","2025-02-10T20:08:07.957257Z",337,"/data/local-files/?d=/share/XXXX-19/nexar_data/training_datasets/street_flooding/all_no_letterboxing/nlbx_5967813b60b462a3aacf3dee199b4214.jpg","",1.065,"Does this image show more than a foot of standing water?","Is the street in this image flooded?","No, it does not show more than a foot of standing water.","No, the street is not flooded.",0,"2025-02-10T20:08:07.957279Z"
137670,137670,30921,"1","Not Flooded","2025-02-10T19:50:38.071547Z",340,"/data/local-files/?d=/share/XXXX-19/nexar_data/training_datasets/street_flooding/all_no_letterboxing/nlbx_c058e2dda294e60801cb4fa4b0f60fd7.jpg","",1.226,"Does this image show more than a foot of standing water?","Is the street in this image flooded?","No, it does not show more than a foot of standing water.","No, the street is not flooded.",0,"2025-02-10T19:50:38.071574Z"
118856,118856,31022,"1","Not Flooded","2025-02-10T19:53:47.936163Z",341,"/data/local-files/?d=/share/XXXX-19/nexar_data/training_datasets/street_flooding/all_no_letterboxing/nlbx_1f36320821c296e31d431402fbf2f421.jpg","",0.881,"Does this image show more than a foot of standing water?","Is the street in this image flooded?","No, it does not show more than a foot of standing water.","No, the street is not flooded.",0,"2025-02-10T19:53:47.936186Z"
57450,57450,30859,"1","Not Flooded","2025-02-10T19:48:21.502473Z",342,"/data/local-files/?d=/share/XXXX-19/nexar_data/training_datasets/street_flooding/all_no_letterboxing/nlbx_8a5cf61f5d0ef73c687dd8d034cc68d2.jpg","",0.958,"Does this image show more than a foot of standing water?","Is the street in this image flooded?","No","No, the street is not flooded.",0,"2025-02-10T19:48:21.502496Z"
65521,65521,30946,"1","Not Flooded","2025-02-10T19:51:27.961018Z",343,"/data/local-files/?d=/share/XXXX-19/nexar_data/training_datasets/street_flooding/all_no_letterboxing/nlbx_cb1242061edcefbf458b9ab226ff60b8.jpg","",1.074,"Does this image show more than a foot of standing water?","Is the street in this image flooded?","Yes, the image shows more than a foot of standing water on the streets, which is indicative of recent heavy rainfall or a possible flooding situation.","Yes, the street appears to be flooded, as evidenced by the water covering the road and the presence of traffic cones and barriers, which are typically used to redirect traffic away from flooded areas.",1,"2025-02-10T19:51:27.961039Z"
22284,22284,30998,"1","Not Flooded","2025-02-10T19:53:08.664145Z",344,"/data/local-files/?d=/share/XXXX-19/nexar_data/training_datasets/street_flooding/all_no_letterboxing/nlbx_d29dac8d6847ee8ecd6ccf2db0f56889.jpg","",1.394,"Does this image show more than a foot of standing water?","Is the street in this image flooded?","No, it does not show more than a foot of standing water.","The street in the image does not appear to be flooded. While there is visible water on the road, it seems to be a result of recent rainfall rather than a significant flood event. The water is not deep enough to cover the wheels of the vehicles, and the traffic cones suggest that the water is being managed, possibly due to a temporary obstruction or a minor water spillage.",0,"2025-02-10T19:53:08.664173Z"
46028,46028,31077,"1","Not Flooded","2025-02-10T20:06:51.048157Z",346,"/data/local-files/?d=/share/XXXX-19/nexar_data/training_datasets/street_flooding/all_no_letterboxing/nlbx_b6120978f2e6d5a8ca888d257bd195ba.jpg","",1.278,"Does this image show more than a foot of standing water?","Is the street in this image flooded?","Yes, the image shows more than a foot of standing water on the road, which is indicative of heavy rainfall and potentially hazardous driving conditions.","Yes, the street in the image appears to be flooded, as evidenced by the water covering the road and the vehicles' tires submerged.",1,"2025-02-10T20:06:51.048178Z"
86366,86366,30844,"1","Not Flooded","2025-02-10T19:47:55.946751Z",350,"/data/local-files/?d=/share/XXXX-19/nexar_data/training_datasets/street_flooding/all_no_letterboxing/nlbx_da3ce14577265bee5ef0088211ebbb11.jpg","",0.961,"Does this image show more than a foot of standing water?","Is the street in this image flooded?","No, it does not show more than a foot of standing water.","The image does not show any signs of flooding on the street. The road appears to be dry, and there are no visible water levels that would indicate flooding.",0,"2025-02-10T19:47:55.946772Z"
37155,37155,31087,"1","Not Flooded","2025-02-10T20:07:09.857583Z",351,"/data/local-files/?d=/share/XXXX-19/nexar_data/training_datasets/street_flooding/all_no_letterboxing/nlbx_75bc60c016399d3505aebe0a25b73024.jpg","",1.059,"Does this image show more than a foot of standing water?","Is the street in this image flooded?","No","No, the street is not flooded.",0,"2025-02-10T20:07:09.857609Z"
104862,104862,29723,"1","Not Flooded","2025-02-09T18:22:38.854740Z",352,"/data/local-files/?d=/share/XXXX-19/nexar_data/training_datasets/street_flooding/all_no_letterboxing/nlbx_a98d09a9997b1dd811a7be292f3171b9.jpg","",1.004,"Does this image show more than a foot of standing water?","Is the street in this image flooded?","No","The street in the image does not appear to be flooded. While there is visible water on the road, it seems to be a result of recent rainfall rather than a significant accumulation that would indicate flooding. The water level does not reach the wheels of the cars, and the traffic cones are placed on the road, suggesting that the water is not deep enough to impede traffic flow.",0,"2025-02-09T18:22:38.854760Z"
143232,143232,30877,"1","Flooded","2025-02-10T19:48:54.774705Z",355,"/data/local-files/?d=/share/XXXX-19/nexar_data/training_datasets/street_flooding/all_no_letterboxing/nlbx_023cbdedb5a00df4c75ada5c4b66577a.jpg","",1.116,"Does this image show more than a foot of standing water?","Is the street in this image flooded?","Yes, the image shows more than a foot of standing water, as evidenced by the submerged vehicles and the depth of the water reaching the wheels of the cars.","Yes, the street in the image is flooded.",1,"2025-02-10T19:48:54.774725Z"
108909,108909,30973,"1","Not Flooded","2025-02-10T19:52:15.634364Z",356,"/data/local-files/?d=/share/XXXX-19/nexar_data/training_datasets/street_flooding/all_no_letterboxing/nlbx_f03cef5d269853c2606b008fb6b91491.jpg","",0.943,"Does this image show more than a foot of standing water?","Is the street in this image flooded?","No, it does not show more than a foot of standing water.","The street in the image does not appear to be flooded. There are no visible signs of standing water or submerged vehicles that would typically indicate flooding. The road surface looks dry, and the parked cars are not submerged, which suggests that the water level has not risen to a level that would cause flooding in this area.",0,"2025-02-10T19:52:15.634386Z"
52140,52140,29747,"1","Not Flooded","2025-02-09T18:23:24.815439Z",357,"/data/local-files/?d=/share/XXXX-19/nexar_data/training_datasets/street_flooding/all_no_letterboxing/nlbx_26831cbed81c637c75a6bac9721cd791.jpg","",0.836,"Does this image show more than a foot of standing water?","Is the street in this image flooded?","No, it does not show more than a foot of standing water.","No, the street is not flooded.",0,"2025-02-09T18:23:24.815459Z"
142638,142638,29683,"1","Not Flooded","2025-02-09T18:21:22.662689Z",359,"/data/local-files/?d=/share/XXXX-19/nexar_data/training_datasets/street_flooding/all_no_letterboxing/nlbx_e7a156b235c1ef147fb058ed6ed75630.jpg","",1.512,"Does this image show more than a foot of standing water?","Is the street in this image flooded?","Yes, the image shows a significant amount of standing water on the road, which appears to be more than a foot deep in some areas, indicating a substantial flooding event.","Yes, the street in the image is flooded, as evidenced by the water covering the road and the vehicles.",1,"2025-02-09T18:21:22.662710Z"
104585,104585,31093,"1","Not Flooded","2025-02-10T20:07:19.217381Z",360,"/data/local-files/?d=/share/XXXX-19/nexar_data/training_datasets/street_flooding/all_no_letterboxing/nlbx_411dbe10f87ebce243824ebf8e6713ee.jpg","",0.894,"Does this image show more than a foot of standing water?","Is the street in this image flooded?","No","No, the street is not flooded.",0,"2025-02-10T20:07:19.217407Z"
151915,151915,29717,"1","Not Flooded","2025-02-09T18:22:29.801722Z",361,"/data/local-files/?d=/share/XXXX-19/nexar_data/training_datasets/street_flooding/all_no_letterboxing/nlbx_42fa388ee8e42f190919146c0e004fe1.jpg","",0.843,"Does this image show more than a foot of standing water?","Is the street in this image flooded?","No","No, the street is not flooded.",0,"2025-02-09T18:22:29.801742Z"
137720,137720,31009,"1","Not Flooded","2025-02-10T19:53:26.594000Z",362,"/data/local-files/?d=/share/XXXX-19/nexar_data/training_datasets/street_flooding/all_no_letterboxing/nlbx_74561c808ad21b7ee7d35679aa88de97.jpg","",1.056,"Does this image show more than a foot of standing water?","Is the street in this image flooded?","No","No, the street is not flooded.",0,"2025-02-10T19:53:26.594022Z"
105689,105689,29691,"1","Not Flooded","2025-02-09T18:21:35.867253Z",366,"/data/local-files/?d=/share/XXXX-19/nexar_data/training_datasets/street_flooding/all_no_letterboxing/nlbx_6affa636de4602bd94eea18c19a3d695.jpg","",0.904,"Does this image show more than a foot of standing water?","Is the street in this image flooded?","No, it does not show more than a foot of standing water.","No, the street is not flooded.",0,"2025-02-09T18:21:35.867273Z"
140474,140474,31061,"1","Not Flooded","2025-02-10T19:55:00.328270Z",367,"/data/local-files/?d=/share/XXXX-19/nexar_data/training_datasets/street_flooding/all_no_letterboxing/nlbx_7cc43c0468c89399ea0653f6b330404f.jpg","",1.021,"Does this image show more than a foot of standing water?","Is the street in this image flooded?","No, it does not show more than a foot of standing water.","Yes, the street is flooded.",1,"2025-02-10T19:55:00.328292Z"
26288,26288,31118,"1","Not Flooded","2025-02-10T20:08:15.492079Z",368,"/data/local-files/?d=/share/XXXX-19/nexar_data/training_datasets/street_flooding/all_no_letterboxing/nlbx_0a70ea3658455e3e9bc480f8b93bc4b1.jpg","",1.05,"Does this image show more than a foot of standing water?","Is the street in this image flooded?","No, it does not show more than a foot of standing water.","Yes, the street in the image is flooded, as evidenced by the water covering the road and the vehicles.",1,"2025-02-10T20:08:15.492102Z"
32539,32539,31013,"1","Not Flooded","2025-02-10T19:53:32.407539Z",369,"/data/local-files/?d=/share/XXXX-19/nexar_data/training_datasets/street_flooding/all_no_letterboxing/nlbx_9c609268aa4568611fc139c9df8f90ab.jpg","",0.9,"Does this image show more than a foot of standing water?","Is the street in this image flooded?","No","No, the street is not flooded.",0,"2025-02-10T19:53:32.407562Z"
136431,136431,31089,"1","Not Flooded","2025-02-10T20:07:13.127844Z",370,"/data/local-files/?d=/share/XXXX-19/nexar_data/training_datasets/street_flooding/all_no_letterboxing/nlbx_9f388c21299326e6b9fc960e089fc43e.jpg","",1.114,"Does this image show more than a foot of standing water?","Is the street in this image flooded?","No, it does not show more than a foot of standing water.","Yes, the street in the image is flooded.",1,"2025-02-10T20:07:13.127884Z"
123034,123034,29711,"1","Not Flooded","2025-02-09T18:22:10.839850Z",372,"/data/local-files/?d=/share/XXXX-19/nexar_data/training_datasets/street_flooding/all_no_letterboxing/nlbx_14e22df708fff83d0b779d40fcecca67.jpg","",0.96,"Does this image show more than a foot of standing water?","Is the street in this image flooded?","The image does not show more than a foot of standing water. The water level appears to be shallow, likely less than a foot, as it is not reaching the wheels of the cars or the lower parts of the vehicles. The water is visible on the road surface, and the vehicles are not submerged, indicating that the water level is manageable and not excessive.","Yes, the street in the image appears to be flooded, as evidenced by the water covering the road and the visible waterline on the vehicles.",1,"2025-02-09T18:22:10.839870Z"
88149,88149,29680,"1","Flooded","2025-02-09T18:21:17.358576Z",373,"/data/local-files/?d=/share/XXXX-19/nexar_data/training_datasets/street_flooding/all_no_letterboxing/nlbx_a1e1061dfd355bf47199d937ed14f119.jpg","",1.538,"Does this image show more than a foot of standing water?","Is the street in this image flooded?","Yes, the image shows more than a foot of standing water, as evidenced by the submerged vehicles and the depth of the water reaching the wheels of the cars.","Yes, the street in the image is flooded, as evidenced by the water covering the road and the presence of traffic cones indicating a hazard.",1,"2025-02-09T18:21:17.358597Z"
37746,37746,30870,"1","Not Flooded","2025-02-10T19:48:42.173258Z",378,"/data/local-files/?d=/share/XXXX-19/nexar_data/training_datasets/street_flooding/all_no_letterboxing/nlbx_b4014ad642030820b19680beafecb948.jpg","",0.952,"Does this image show more than a foot of standing water?","Is the street in this image flooded?","No, it does not show more than a foot of standing water.","The street in the image does not appear to be flooded. While there is visible water on the road, it seems to be a result of recent rainfall rather than a significant water level that would indicate flooding. The vehicles are not submerged, and the water level does not reach the wheels of the cars. Additionally, the people in the image are walking on the sidewalk without any apparent concern for water, which would likely be the case if the street were flooded.",0,"2025-02-10T19:48:42.173278Z"
129150,129150,30963,"1","Not Flooded","2025-02-10T19:52:00.719875Z",379,"/data/local-files/?d=/share/XXXX-19/nexar_data/training_datasets/street_flooding/all_no_letterboxing/nlbx_fc908242b7ecc718f7384d06e7424a97.jpg","",1.184,"Does this image show more than a foot of standing water?","Is the street in this image flooded?","No","No, the street is not flooded.",0,"2025-02-10T19:52:00.719898Z"
61639,61639,30960,"1","Not Flooded","2025-02-10T19:51:56.187582Z",381,"/data/local-files/?d=/share/XXXX-19/nexar_data/training_datasets/street_flooding/all_no_letterboxing/nlbx_937970d37e98ba9e606a42fa3ec5c48d.jpg","",0.97,"Does this image show more than a foot of standing water?","Is the street in this image flooded?","No, it does not show more than a foot of standing water.","No, the street is not flooded. The road appears dry, and there are no visible signs of water or flooding.",0,"2025-02-10T19:51:56.187606Z"
100069,100069,30969,"1","Not Flooded","2025-02-10T19:52:09.436796Z",382,"/data/local-files/?d=/share/XXXX-19/nexar_data/training_datasets/street_flooding/all_no_letterboxing/nlbx_f690f143749e969d1388144d96ea7ef4.jpg","",0.937,"Does this image show more than a foot of standing water?","Is the street in this image flooded?","No","No, the street is not flooded.",0,"2025-02-10T19:52:09.436818Z"
106872,106872,30709,"1","Not Flooded","2025-02-10T19:38:55.816121Z",385,"/data/local-files/?d=/share/XXXX-19/nexar_data/training_datasets/street_flooding/all_no_letterboxing/nlbx_c7cede33689a13307cc89733d7d1536c.jpg","",0.975,"Does this image show more than a foot of standing water?","Is the street in this image flooded?","No, it does not show more than a foot of standing water.","Yes, the street is flooded.",1,"2025-02-10T19:38:55.816141Z"
108151,108151,30948,"1","Not Flooded","2025-02-10T19:51:30.752561Z",386,"/data/local-files/?d=/share/XXXX-19/nexar_data/training_datasets/street_flooding/all_no_letterboxing/nlbx_9bea257c886f1c688c882019ba6b9ece.jpg","",0.904,"Does this image show more than a foot of standing water?","Is the street in this image flooded?","No, the image does not show more than a foot of standing water. The road appears to be dry, with no visible puddles or significant water accumulation that would indicate flooding.","No, the street is not flooded.",0,"2025-02-10T19:51:30.752583Z"
54954,54954,30729,"1","Not Flooded","2025-02-10T19:39:29.769427Z",389,"/data/local-files/?d=/share/XXXX-19/nexar_data/training_datasets/street_flooding/all_no_letterboxing/nlbx_93cb0bdb7c517bbbbbf24d497a42e0ae.jpg","",0.971,"Does this image show more than a foot of standing water?","Is the street in this image flooded?","No, it does not show more than a foot of standing water.","The street in the image does not appear to be flooded. While there is visible water on the road, it seems to be a result of recent rainfall rather than a significant flood event. The water level is not high enough to cover the wheels of the vehicles, and the traffic cones are still on the road, indicating that the water is not deep enough to impede traffic.",0,"2025-02-10T19:39:29.769448Z"
3290,3290,30930,"1","Not Flooded","2025-02-10T19:50:54.828198Z",390,"/data/local-files/?d=/share/XXXX-19/nexar_data/training_datasets/street_flooding/all_no_letterboxing/nlbx_86224a9ec7d4efc29074876b231c40b5.jpg","",1.305,"Does this image show more than a foot of standing water?","Is the street in this image flooded?","Yes, the image shows more than a foot of standing water. The water level reaches approximately halfway up the wheels of the vehicles, which suggests that it is significantly deeper than a foot.","Yes, the street in the image is flooded.",1,"2025-02-10T19:50:54.828246Z"
77505,77505,30752,"1","Not Flooded","2025-02-10T19:40:18.123420Z",391,"/data/local-files/?d=/share/XXXX-19/nexar_data/training_datasets/street_flooding/all_no_letterboxing/nlbx_91ef42cc706a50cbd74d37a32dc0dfaa.jpg","",1.02,"Does this image show more than a foot of standing water?","Is the street in this image flooded?","No","Yes, the street is flooded.",1,"2025-02-10T19:40:18.123440Z"
3973,3973,30911,"1","Not Flooded","2025-02-10T19:50:18.285598Z",396,"/data/local-files/?d=/share/XXXX-19/nexar_data/training_datasets/street_flooding/all_no_letterboxing/nlbx_08ca962d37db7fd707e10a783f0344aa.jpg","",1.013,"Does this image show more than a foot of standing water?","Is the street in this image flooded?","No","Yes, the street in the image appears to be flooded, as evidenced by the water covering the road and the vehicles.",1,"2025-02-10T19:50:18.285626Z"
133361,133361,31008,"1","Not Flooded","2025-02-10T19:53:25.020862Z",397,"/data/local-files/?d=/share/XXXX-19/nexar_data/training_datasets/street_flooding/all_no_letterboxing/nlbx_b629f5f7bc43a4586740d8f65e2826c3.jpg","",1.102,"Does this image show more than a foot of standing water?","Is the street in this image flooded?","No, it does not show more than a foot of standing water.","Yes, the street in the image is flooded.",1,"2025-02-10T19:53:25.020883Z"
42029,42029,30861,"1","Not Flooded","2025-02-10T19:48:24.398727Z",400,"/data/local-files/?d=/share/XXXX-19/nexar_data/training_datasets/street_flooding/all_no_letterboxing/nlbx_011e4c726027aab1c896d0cee63cc771.jpg","",0.947,"Does this image show more than a foot of standing water?","Is the street in this image flooded?","No, it does not show more than a foot of standing water.","No, the street is not flooded.",0,"2025-02-10T19:48:24.398749Z"
147326,147326,30931,"1","Not Flooded","2025-02-10T19:50:56.403780Z",403,"/data/local-files/?d=/share/XXXX-19/nexar_data/training_datasets/street_flooding/all_no_letterboxing/nlbx_bf1bb8d1124868ab100315228c1154bd.jpg","",0.914,"Does this image show more than a foot of standing water?","Is the street in this image flooded?","The image does not show more than a foot of standing water. The water on the road appears to be shallow, likely due to recent rainfall, and does not reach the height of a foot.","No, the street is not flooded. The water on the road appears to be a result of recent rainfall, and the water level does not seem to be high enough to indicate flooding.",0,"2025-02-10T19:50:56.403802Z"
43884,43884,30994,"1","Not Flooded","2025-02-10T19:53:02.057740Z",404,"/data/local-files/?d=/share/XXXX-19/nexar_data/training_datasets/street_flooding/all_no_letterboxing/nlbx_66762f5ef029e12181b37b676674a6fa.jpg","",0.998,"Does this image show more than a foot of standing water?","Is the street in this image flooded?","No, it does not show more than a foot of standing water.","No, the street is not flooded.",0,"2025-02-10T19:53:02.057762Z"
133879,133879,31084,"1","Not Flooded","2025-02-10T20:07:04.750988Z",406,"/data/local-files/?d=/share/XXXX-19/nexar_data/training_datasets/street_flooding/all_no_letterboxing/nlbx_f7f423f7939cbb7af60f1c48cb9eef3d.jpg","",1.49,"Does this image show more than a foot of standing water?","Is the street in this image flooded?","No, it does not show more than a foot of standing water.","Yes, the street appears to be flooded, as evidenced by the water covering the road and the vehicles.",1,"2025-02-10T20:07:04.751010Z"
17856,17856,29719,"1","Not Flooded","2025-02-09T18:22:32.455479Z",407,"/data/local-files/?d=/share/XXXX-19/nexar_data/training_datasets/street_flooding/all_no_letterboxing/nlbx_145f832f6f624678563081e5d044cdc9.jpg","",0.765,"Does this image show more than a foot of standing water?","Is the street in this image flooded?","No","No, the street is not flooded. The road appears dry, and there are no visible signs of water accumulation or submerged vehicles.",0,"2025-02-09T18:22:32.455499Z"
31124,31124,30927,"1","Not Flooded","2025-02-10T19:50:48.567498Z",408,"/data/local-files/?d=/share/XXXX-19/nexar_data/training_datasets/street_flooding/all_no_letterboxing/nlbx_03fadc6e1ad0d167e06178ee067b7551.jpg","",1.342,"Does this image show more than a foot of standing water?","Is the street in this image flooded?","No","No, the street is not flooded.",0,"2025-02-10T19:50:48.567524Z"
12782,12782,30841,"1","Not Flooded","2025-02-10T19:47:51.466578Z",410,"/data/local-files/?d=/share/XXXX-19/nexar_data/training_datasets/street_flooding/all_no_letterboxing/nlbx_d937dbe169ca93800d4132c124921740.jpg","",0.837,"Does this image show more than a foot of standing water?","Is the street in this image flooded?","No","No, the street is not flooded.",0,"2025-02-10T19:47:51.466598Z"
19837,19837,30819,"1","Not Flooded","2025-02-10T19:42:49.785346Z",411,"/data/local-files/?d=/share/XXXX-19/nexar_data/training_datasets/street_flooding/all_no_letterboxing/nlbx_9074c9fa91f5e66ce2b323c44cb8c112.jpg","",1.101,"Does this image show more than a foot of standing water?","Is the street in this image flooded?","No, it does not show more than a foot of standing water.","No, the street is not flooded.",0,"2025-02-10T19:42:49.785371Z"
93938,93938,30783,"1","Flooded","2025-02-10T19:41:11.069681Z",413,"/data/local-files/?d=/share/XXXX-19/nexar_data/training_datasets/street_flooding/all_no_letterboxing/nlbx_c4fb6c7af7bb2e157d158d4f7dbe4e63.jpg","",5.3309999999999995,"Does this image show more than a foot of standing water?","Is the street in this image flooded?","Yes, the image shows more than a foot of standing water on the road, indicating significant flooding.","Yes, the street appears to be flooded, as evidenced by the water covering the road and the vehicles parked on the side.",1,"2025-02-10T19:41:17.511895Z"
131344,131344,30750,"1","Flooded","2025-02-10T19:40:15.110136Z",425,"/data/local-files/?d=/share/XXXX-19/nexar_data/training_datasets/street_flooding/all_no_letterboxing/nlbx_37120f2250ffc69d57b342da2898d0b9.jpg","",1.462,"Does this image show more than a foot of standing water?","Is the street in this image flooded?","Yes, the image shows more than a foot of standing water on the road, as evidenced by the depth of the water reaching the wheels of the vehicles and the visible waterline on the road surface.","Yes, the street appears to be flooded, as evidenced by the water covering the road and the vehicles' tires submerged.",1,"2025-02-10T19:40:15.110158Z"
59699,59699,31069,"1","Not Flooded","2025-02-10T20:06:37.061444Z",426,"/data/local-files/?d=/share/XXXX-19/nexar_data/training_datasets/street_flooding/all_no_letterboxing/nlbx_3418558b199b98171e7f527547d009bc.jpg","",1.712,"Does this image show more than a foot of standing water?","Is the street in this image flooded?","Yes, the image shows a significant amount of standing water on the road, which appears to be more than a foot deep in some areas, indicating a substantial flooding event.","The street in the image does not appear to be flooded. The water on the road is likely due to recent rainfall, as evidenced by the wet surfaces and the presence of a school bus with its headlights on, which is common practice in rainy conditions to increase visibility.",0,"2025-02-10T20:06:37.061466Z"
153471,153471,29697,"1","Not Flooded","2025-02-09T18:21:45.932871Z",427,"/data/local-files/?d=/share/XXXX-19/nexar_data/training_datasets/street_flooding/all_no_letterboxing/nlbx_a223c5d4501d98af5a1e660c6d7532f2.jpg","",1.189,"Does this image show more than a foot of standing water?","Is the street in this image flooded?","No","Yes, the street in the image is flooded.",1,"2025-02-09T18:21:45.932891Z"
5824,5824,30866,"1","Not Flooded","2025-02-10T19:48:32.954693Z",428,"/data/local-files/?d=/share/XXXX-19/nexar_data/training_datasets/street_flooding/all_no_letterboxing/nlbx_ffa6a02601be0b40b18c927b023191c2.jpg","",1.063,"Does this image show more than a foot of standing water?","Is the street in this image flooded?","No, it does not show more than a foot of standing water.","No, the street is not flooded.",0,"2025-02-10T19:48:32.954714Z"
126043,126043,29665,"1","Not Flooded","2025-02-09T18:20:34.174084Z",429,"/data/local-files/?d=/share/XXXX-19/nexar_data/training_datasets/street_flooding/all_no_letterboxing/nlbx_3ec03ad2f7bce93d65a03ce44de60812.jpg","",1.348,"Does this image show more than a foot of standing water?","Is the street in this image flooded?","Yes, the image shows a significant amount of standing water on the road, which appears to be more than a foot deep in some areas, indicating heavy rainfall and potential flooding conditions.","Yes, the street appears to be flooded, as evidenced by the water covering the road and the presence of traffic cones, which are typically used to redirect traffic away from flooded areas.",1,"2025-02-09T18:20:34.174104Z"
16633,16633,30830,"1","Not Flooded","2025-02-10T19:47:32.836665Z",430,"/data/local-files/?d=/share/XXXX-19/nexar_data/training_datasets/street_flooding/all_no_letterboxing/nlbx_ab19d6c907ff76340e0869c7047d3111.jpg","",1.005,"Does this image show more than a foot of standing water?","Is the street in this image flooded?","No, it does not show more than a foot of standing water.","No, the street is not flooded.",0,"2025-02-10T19:47:32.836686Z"
12191,12191,30715,"1","Not Flooded","2025-02-10T19:39:05.958501Z",433,"/data/local-files/?d=/share/XXXX-19/nexar_data/training_datasets/street_flooding/all_no_letterboxing/nlbx_958e401597bbf5b8c3f4019b6bf168aa.jpg","",0.96,"Does this image show more than a foot of standing water?","Is the street in this image flooded?","No, it does not show more than a foot of standing water.","Yes, the street appears to be flooded, as evidenced by the water covering the road and the presence of a stop sign partially submerged.",1,"2025-02-10T19:39:05.958524Z"
108873,108873,30958,"1","Not Flooded","2025-02-10T19:51:53.250516Z",434,"/data/local-files/?d=/share/XXXX-19/nexar_data/training_datasets/street_flooding/all_no_letterboxing/nlbx_d1ab62fab0e384f95780191a811b7235.jpg","",1.188,"Does this image show more than a foot of standing water?","Is the street in this image flooded?","Yes, the image clearly shows more than a foot of standing water on the street, which is indicative of recent heavy rainfall or a potential flooding situation.","Yes, the street in the image is flooded, as evidenced by the water covering the road and the vehicles parked on the side.",1,"2025-02-10T19:51:53.250542Z"
134408,134408,30697,"1","Not Flooded","2025-02-10T19:38:36.955531Z",436,"/data/local-files/?d=/share/XXXX-19/nexar_data/training_datasets/street_flooding/all_no_letterboxing/nlbx_b4d1596f84d83f47d0397a637794479a.jpg","",0.885,"Does this image show more than a foot of standing water?","Is the street in this image flooded?","No","No, the street does not appear to be flooded. The road surface looks dry, and there are no visible signs of water accumulation or standing water that would indicate flooding.",0,"2025-02-10T19:38:36.955557Z"
101997,101997,30792,"1","Not Flooded","2025-02-10T19:41:52.318841Z",437,"/data/local-files/?d=/share/XXXX-19/nexar_data/training_datasets/street_flooding/all_no_letterboxing/nlbx_62fe333445298e937c88f3ae6f371f17.jpg","",2.025,"Does this image show more than a foot of standing water?","Is the street in this image flooded?","No","Yes, the street appears to be flooded, as evidenced by the water covering the road and the reflections on the wet surface.",1,"2025-02-10T19:41:52.318862Z"
68977,68977,30904,"1","Not Flooded","2025-02-10T19:50:02.657592Z",438,"/data/local-files/?d=/share/XXXX-19/nexar_data/training_datasets/street_flooding/all_no_letterboxing/nlbx_01a82ed98895c7489bb92324f39d861f.jpg","",1.003,"Does this image show more than a foot of standing water?","Is the street in this image flooded?","No","No, the street is not flooded.",0,"2025-02-10T19:50:02.657618Z"
31630,31630,30738,"1","Not Flooded","2025-02-10T19:39:42.417406Z",439,"/data/local-files/?d=/share/XXXX-19/nexar_data/training_datasets/street_flooding/all_no_letterboxing/nlbx_a0ecf38e4b2aed3ae6b087f3994b9277.jpg","",1.054,"Does this image show more than a foot of standing water?","Is the street in this image flooded?","Yes, the image shows a significant amount of standing water on the road, which appears to be more than a foot deep in some areas, indicating a substantial flooding event.","Yes, the street is flooded.",1,"2025-02-10T19:39:42.417426Z"
147263,147263,30815,"1","Flooded","2025-02-10T19:42:42.529133Z",440,"/data/local-files/?d=/share/XXXX-19/nexar_data/training_datasets/street_flooding/all_no_letterboxing/nlbx_4727af69e9740723141a596d149a8568.jpg","",1.97,"Does this image show more than a foot of standing water?","Is the street in this image flooded?","The image does not show more than a foot of standing water. The water level on the road appears to be shallow, likely no more than a few inches deep, as it is not reaching the wheels of the vehicles. The water is reflective, indicating it is not very deep, and the vehicles are still able to move through it, albeit with caution. The water is also not covering the road markings, which would be visible if the water were deeper.","Yes, the street is flooded.",1,"2025-02-10T19:42:42.529153Z"
137391,137391,30773,"1","Not Flooded","2025-02-10T19:40:52.737658Z",441,"/data/local-files/?d=/share/XXXX-19/nexar_data/training_datasets/street_flooding/all_no_letterboxing/nlbx_90d7e31e3eb9f6afe136b2311f737668.jpg","",0.914,"Does this image show more than a foot of standing water?","Is the street in this image flooded?","No","No, the street is not flooded.",0,"2025-02-10T19:40:52.737679Z"
2950,2950,29667,"1","Not Flooded","2025-02-09T18:20:37.605124Z",442,"/data/local-files/?d=/share/XXXX-19/nexar_data/training_datasets/street_flooding/all_no_letterboxing/nlbx_fee33b169bd11654b54f29d0b51654b6.jpg","",1.356,"Does this image show more than a foot of standing water?","Is the street in this image flooded?","The image does not show more than a foot of standing water. The water level appears to be shallow, likely less than a foot, as it is not reaching the wheels of the vehicles or the lower parts of the street signs. The water is concentrated in the center of the road, and the surrounding areas, including the sidewalks and the road's edges, are dry.","Yes, the street in the image is flooded.",1,"2025-02-09T18:20:37.605144Z"
119962,119962,30888,"1","Flooded","2025-02-10T19:49:13.792474Z",444,"/data/local-files/?d=/share/XXXX-19/nexar_data/training_datasets/street_flooding/all_no_letterboxing/nlbx_32ab6d14afebb02e35246e0e6bb31a05.jpg","",1.88,"Does this image show more than a foot of standing water?","Is the street in this image flooded?","No","Yes, the street appears to be flooded, as evidenced by the water covering the road and the surrounding grassy areas.",1,"2025-02-10T19:49:16.695035Z"
110714,110714,30876,"1","Not Flooded","2025-02-10T19:48:53.144166Z",447,"/data/local-files/?d=/share/XXXX-19/nexar_data/training_datasets/street_flooding/all_no_letterboxing/nlbx_44a2b0fca3b1a31c4f504569e4fb0a34.jpg","",0.97,"Does this image show more than a foot of standing water?","Is the street in this image flooded?","No, it does not show more than a foot of standing water.","The street in the image does not appear to be flooded. While the road is wet, likely from the rain, there are no visible signs of standing water or submerged vehicles that would indicate flooding. The water on the road seems to be flowing, as evidenced by the streaks and the way it reflects the lights, which is typical of a wet road surface after rainfall.",0,"2025-02-10T19:48:53.144189Z"
48361,48361,31070,"1","Not Flooded","2025-02-10T20:06:38.910748Z",448,"/data/local-files/?d=/share/XXXX-19/nexar_data/training_datasets/street_flooding/all_no_letterboxing/nlbx_3373f4a8bcc433f8065b8c4690b26cb1.jpg","",1.311,"Does this image show more than a foot of standing water?","Is the street in this image flooded?","No, it does not show more than a foot of standing water.","Yes, the street appears to be flooded, as evidenced by the water covering the road and the visible reflections on the wet surface.",1,"2025-02-10T20:06:38.910770Z"
2400,2400,30950,"1","Not Flooded","2025-02-10T19:51:34.316713Z",450,"/data/local-files/?d=/share/XXXX-19/nexar_data/training_datasets/street_flooding/all_no_letterboxing/nlbx_b37178dbbf234ae1651dea941129d59b.jpg","",1.331,"Does this image show more than a foot of standing water?","Is the street in this image flooded?","No","No, the street is not flooded.",0,"2025-02-10T19:51:34.316736Z"
130822,130822,30965,"1","Not Flooded","2025-02-10T19:52:03.545139Z",451,"/data/local-files/?d=/share/XXXX-19/nexar_data/training_datasets/street_flooding/all_no_letterboxing/nlbx_7afc69444918e4bb5061e96e06a3672f.jpg","",0.911,"Does this image show more than a foot of standing water?","Is the street in this image flooded?","No, it does not show more than a foot of standing water.","Yes, the street in the image is flooded.",1,"2025-02-10T19:52:03.545161Z"
69290,69290,30736,"1","Not Flooded","2025-02-10T19:39:39.569214Z",452,"/data/local-files/?d=/share/XXXX-19/nexar_data/training_datasets/street_flooding/all_no_letterboxing/nlbx_0b8e5ca683deb8ee566f21bd2f08d57a.jpg","",0.85,"Does this image show more than a foot of standing water?","Is the street in this image flooded?","No","No, the street is not flooded.",0,"2025-02-10T19:39:39.569234Z"
92010,92010,30955,"1","Not Flooded","2025-02-10T19:51:48.586655Z",454,"/data/local-files/?d=/share/XXXX-19/nexar_data/training_datasets/street_flooding/all_no_letterboxing/nlbx_5f29273e91d149ba1b0a27fcd017f065.jpg","",1.091,"Does this image show more than a foot of standing water?","Is the street in this image flooded?","Yes, the image shows a significant amount of standing water on the road, which appears to be more than a foot deep in some areas.","Yes, the street appears to be flooded, as evidenced by the water covering the road and the vehicles.",1,"2025-02-10T19:51:48.586677Z"
101717,101717,30968,"1","Not Flooded","2025-02-10T19:52:07.993253Z",456,"/data/local-files/?d=/share/XXXX-19/nexar_data/training_datasets/street_flooding/all_no_letterboxing/nlbx_6f7cb55d613ff1da9f9e342351cbdfd4.jpg","",0.919,"Does this image show more than a foot of standing water?","Is the street in this image flooded?","The image does not show more than a foot of standing water. The water on the road appears to be shallow, likely no more than a few inches deep, as it does not reach the wheels of the vehicles. The water is also not uniform across the road, with some areas having more water than others, which suggests that the depth varies. The vehicles are still able to move, indicating that the water is not deep enough to impede traffic significantly.","No, the street is not flooded.",0,"2025-02-10T19:52:07.993279Z"
146095,146095,31037,"1","Flooded","2025-02-10T19:54:17.154723Z",458,"/data/local-files/?d=/share/XXXX-19/nexar_data/training_datasets/street_flooding/all_no_letterboxing/nlbx_24a8724d431d3352bf7a006b297b64ff.jpg","",1.238,"Does this image show more than a foot of standing water?","Is the street in this image flooded?","Yes, the image shows more than a foot of standing water, as evidenced by the significant accumulation of water on the road surface, which appears to be at least a foot deep in some areas.","Yes, the street is flooded.",1,"2025-02-10T19:54:17.154746Z"
1446,1446,31054,"1","Not Flooded","2025-02-10T19:54:46.668957Z",459,"/data/local-files/?d=/share/XXXX-19/nexar_data/training_datasets/street_flooding/all_no_letterboxing/nlbx_988d575417eb68018b81716e0ffce97f.jpg","",1.065,"Does this image show more than a foot of standing water?","Is the street in this image flooded?","Yes, the image shows more than a foot of standing water on the road, as evidenced by the depth of the water reaching up to the wheels of the vehicles and the reflections on the wet surface.","Yes, the street appears to be flooded, as evidenced by the water covering the road and the vehicles.",1,"2025-02-10T19:54:46.668980Z"
25245,25245,30834,"1","Not Flooded","2025-02-10T19:47:40.659925Z",460,"/data/local-files/?d=/share/XXXX-19/nexar_data/training_datasets/street_flooding/all_no_letterboxing/nlbx_7a40ef1ef5dd47ad90bb36ae4c5ea773.jpg","",0.96,"Does this image show more than a foot of standing water?","Is the street in this image flooded?","No, it does not show more than a foot of standing water.","No, the street is not flooded.",0,"2025-02-10T19:47:40.659947Z"
147030,147030,30837,"1","Not Flooded","2025-02-10T19:47:45.422642Z",461,"/data/local-files/?d=/share/XXXX-19/nexar_data/training_datasets/street_flooding/all_no_letterboxing/nlbx_41d6b9f46ca4bce18d1907dbe179a688.jpg","",0.983,"Does this image show more than a foot of standing water?","Is the street in this image flooded?","No","No, the street is not flooded.",0,"2025-02-10T19:47:45.422663Z"
53960,53960,30712,"1","Not Flooded","2025-02-10T19:39:01.066478Z",462,"/data/local-files/?d=/share/XXXX-19/nexar_data/training_datasets/street_flooding/all_no_letterboxing/nlbx_138064ccff8cc284c2dfabaedc0c77df.jpg","",2.068,"Does this image show more than a foot of standing water?","Is the street in this image flooded?","Yes, the image shows more than a foot of standing water. The water level appears to be quite high, reaching up to the wheels of the vehicle and covering the lower parts of the bridge's pillars.","Yes, the street appears to be flooded, as evidenced by the water covering the road and the surrounding grassy areas.",1,"2025-02-10T19:39:01.066498Z"
102640,102640,30891,"1","Not Flooded","2025-02-10T19:49:31.961240Z",465,"/data/local-files/?d=/share/XXXX-19/nexar_data/training_datasets/street_flooding/all_no_letterboxing/nlbx_0d187ebe1df0190d92d4505c14f76e03.jpg","",0.877,"Does this image show more than a foot of standing water?","Is the street in this image flooded?","Yes, the image shows more than a foot of standing water on the road, which is indicative of significant flooding.","Yes, the street appears to be flooded, as evidenced by the water covering the road and the vehicles' tires submerged.",1,"2025-02-10T19:49:31.961266Z"
32372,32372,30854,"1","Not Flooded","2025-02-10T19:48:14.214096Z",466,"/data/local-files/?d=/share/XXXX-19/nexar_data/training_datasets/street_flooding/all_no_letterboxing/nlbx_394a23792880679ff7cfa38687752078.jpg","",0.968,"Does this image show more than a foot of standing water?","Is the street in this image flooded?","No, it does not show more than a foot of standing water.","No, the street is not flooded.",0,"2025-02-10T19:48:14.214117Z"
31219,31219,31023,"1","Not Flooded","2025-02-10T19:53:49.337464Z",467,"/data/local-files/?d=/share/XXXX-19/nexar_data/training_datasets/street_flooding/all_no_letterboxing/nlbx_47440f0bab07e3a17442010be10a33ce.jpg","",0.877,"Does this image show more than a foot of standing water?","Is the street in this image flooded?","No, it does not show more than a foot of standing water.","No, the street is not flooded. The road appears dry, and there are no visible signs of water on the surface. The traffic is flowing smoothly, which would likely be disrupted if there were significant flooding.",0,"2025-02-10T19:53:49.337487Z"
110257,110257,31067,"1","Not Flooded","2025-02-10T20:06:26.427658Z",468,"/data/local-files/?d=/share/XXXX-19/nexar_data/training_datasets/street_flooding/all_no_letterboxing/nlbx_dd14772fb1e7ca0df97c8b4328b31782.jpg","",1.158,"Does this image show more than a foot of standing water?","Is the street in this image flooded?","No","No, the street is not flooded.",0,"2025-02-10T20:06:26.427686Z"
60585,60585,30754,"1","Not Flooded","2025-02-10T19:40:21.384789Z",472,"/data/local-files/?d=/share/XXXX-19/nexar_data/training_datasets/street_flooding/all_no_letterboxing/nlbx_dd718b0ecc34be1f6155eb97f5c9f31e.jpg","",0.944,"Does this image show more than a foot of standing water?","Is the street in this image flooded?","No, it does not show more than a foot of standing water.","Yes, the street in the image is flooded.",1,"2025-02-10T19:40:21.384813Z"
110435,110435,31048,"1","Not Flooded","2025-02-10T19:54:36.511239Z",474,"/data/local-files/?d=/share/XXXX-19/nexar_data/training_datasets/street_flooding/all_no_letterboxing/nlbx_83efa2dec3c911de9898ef01bb0cd192.jpg","",0.898,"Does this image show more than a foot of standing water?","Is the street in this image flooded?","No, it does not show more than a foot of standing water.","Yes, the street appears to be flooded, as evidenced by the water covering the road and the vehicles' headlights reflecting off the water's surface.",1,"2025-02-10T19:54:36.511262Z"
29565,29565,30914,"1","Not Flooded","2025-02-10T19:50:24.222554Z",478,"/data/local-files/?d=/share/XXXX-19/nexar_data/training_datasets/street_flooding/all_no_letterboxing/nlbx_804abb109561a80210ebf4e61e45369c.jpg","",1.07,"Does this image show more than a foot of standing water?","Is the street in this image flooded?","No, it does not show more than a foot of standing water.","No, the street is not flooded.",0,"2025-02-10T19:50:24.222581Z"
13783,13783,30831,"1","Not Flooded","2025-02-10T19:47:36.199117Z",480,"/data/local-files/?d=/share/XXXX-19/nexar_data/training_datasets/street_flooding/all_no_letterboxing/nlbx_25f5d50315e8adb04513c8e69c027c3a.jpg","",0.601,"Does this image show more than a foot of standing water?","Is the street in this image flooded?","No, it does not show more than a foot of standing water.","No, the street is not flooded.",0,"2025-02-10T19:47:36.199138Z"
15564,15564,30867,"1","Not Flooded","2025-02-10T19:48:34.558022Z",482,"/data/local-files/?d=/share/XXXX-19/nexar_data/training_datasets/street_flooding/all_no_letterboxing/nlbx_79f10229d0dbc4c5b3de56f9d404c6b2.jpg","",1.104,"Does this image show more than a foot of standing water?","Is the street in this image flooded?","No","No, the street is not flooded.",0,"2025-02-10T19:48:34.558045Z"
35247,35247,30945,"1","Not Flooded","2025-02-10T19:51:26.387962Z",484,"/data/local-files/?d=/share/XXXX-19/nexar_data/training_datasets/street_flooding/all_no_letterboxing/nlbx_367a7f9251138851651751ec5057d89d.jpg","",1.388,"Does this image show more than a foot of standing water?","Is the street in this image flooded?","Yes, the image shows more than a foot of standing water. The water level appears to be quite high, reaching up to the wheels of the parked cars and possibly higher in some areas, indicating significant flooding.","Yes, the street appears to be flooded, as evidenced by the water covering the road and the vehicles parked on it.",1,"2025-02-10T19:51:26.387984Z"
93940,93940,29752,"1","Not Flooded","2025-02-09T18:23:31.761705Z",487,"/data/local-files/?d=/share/XXXX-19/nexar_data/training_datasets/street_flooding/all_no_letterboxing/nlbx_e16bb88c9edfa5cf986f88481bb2017e.jpg","",0.966,"Does this image show more than a foot of standing water?","Is the street in this image flooded?","No, the image does not show more than a foot of standing water. The water level appears to be shallow, likely no more than a few inches, as it is not covering the wheels of the vehicles or reaching the lower parts of the vehicles' bodies. The water is concentrated in the center of the street, and the surrounding areas, including the sidewalks and the road edges, are dry. The water's presence is minimal and does not obstruct the flow of traffic, indicating that it is not a significant hazard or a deep flood situation.","No, the street is not flooded.",0,"2025-02-09T18:23:31.761725Z"
113545,113545,30760,"1","Not Flooded","2025-02-10T19:40:33.157949Z",488,"/data/local-files/?d=/share/XXXX-19/nexar_data/training_datasets/street_flooding/all_no_letterboxing/nlbx_cbe15b5b14193cac9c58fc0fa049680d.jpg","",0.905,"Does this image show more than a foot of standing water?","Is the street in this image flooded?","No, it does not show more than a foot of standing water.","No, the street is not flooded.",0,"2025-02-10T19:40:33.157969Z"
62761,62761,30733,"1","Not Flooded","2025-02-10T19:39:35.487882Z",489,"/data/local-files/?d=/share/XXXX-19/nexar_data/training_datasets/street_flooding/all_no_letterboxing/nlbx_37de051f9b7f7c13c81a174f4f120912.jpg","",0.933,"Does this image show more than a foot of standing water?","Is the street in this image flooded?","Yes, the image shows more than a foot of standing water on the road, which is indicative of recent heavy rainfall or a potential flooding situation.","Yes, the street in the image is flooded, as evidenced by the water covering the road and the vehicles.",1,"2025-02-10T19:39:35.487903Z"
72326,72326,29730,"1","Not Flooded","2025-02-09T18:22:56.945863Z",491,"/data/local-files/?d=/share/XXXX-19/nexar_data/training_datasets/street_flooding/all_no_letterboxing/nlbx_12ece1c04f451a5bbbb69e0318e9f943.jpg","",1.282,"Does this image show more than a foot of standing water?","Is the street in this image flooded?","No","Yes, the street in the image is flooded, which is evident from the water covering the road and the reflections on the wet surface.",1,"2025-02-09T18:22:56.945882Z"
92690,92690,30785,"1","Not Flooded","2025-02-10T19:41:22.330704Z",493,"/data/local-files/?d=/share/XXXX-19/nexar_data/training_datasets/street_flooding/all_no_letterboxing/nlbx_ba135f5d7a69b1edfe998c826f02a32c.jpg","",1.197,"Does this image show more than a foot of standing water?","Is the street in this image flooded?","No, it does not show more than a foot of standing water.","No, the street is not flooded.",0,"2025-02-10T19:41:22.330726Z"
20490,20490,30898,"1","Not Flooded","2025-02-10T19:49:49.196414Z",494,"/data/local-files/?d=/share/XXXX-19/nexar_data/training_datasets/street_flooding/all_no_letterboxing/nlbx_31b34b16d85d5689eb542ac0a9a8eab8.jpg","",1.249,"Does this image show more than a foot of standing water?","Is the street in this image flooded?","The image does not show more than a foot of standing water. The water level appears to be less than a foot, as it reaches approximately halfway up the wheels of the cars, which are typically around 30 to 36 inches in height. The water is shallow enough to be splashed by the tires of the vehicles, indicating that it is not deep.","Yes, the street is flooded.",1,"2025-02-10T19:49:49.196435Z"
20882,20882,31006,"1","Not Flooded","2025-02-10T19:53:21.788391Z",502,"/data/local-files/?d=/share/XXXX-19/nexar_data/training_datasets/street_flooding/all_no_letterboxing/nlbx_2c23aee6c3ff0532f17755b0b41cf220.jpg","",1.022,"Does this image show more than a foot of standing water?","Is the street in this image flooded?","No, it does not show more than a foot of standing water.","No, the street is not flooded.",0,"2025-02-10T19:53:21.788418Z"
87990,87990,30741,"1","Not Flooded","2025-02-10T19:39:46.580911Z",504,"/data/local-files/?d=/share/XXXX-19/nexar_data/training_datasets/street_flooding/all_no_letterboxing/nlbx_819a1eec027859365d00a40089c0f2c9.jpg","",0.863,"Does this image show more than a foot of standing water?","Is the street in this image flooded?","No, it does not show more than a foot of standing water.","No, the street is not flooded.",0,"2025-02-10T19:39:46.580934Z"
65057,65057,31102,"1","Not Flooded","2025-02-10T20:07:39.518316Z",507,"/data/local-files/?d=/share/XXXX-19/nexar_data/training_datasets/street_flooding/all_no_letterboxing/nlbx_b8c58b4a52b200ef701a68f7eb2c5ecd.jpg","",1.27,"Does this image show more than a foot of standing water?","Is the street in this image flooded?","No, the image does not show more than a foot of standing water.","No, the street is not flooded.",0,"2025-02-10T20:07:39.518338Z"
9148,9148,30839,"1","Not Flooded","2025-02-10T19:47:48.655344Z",509,"/data/local-files/?d=/share/XXXX-19/nexar_data/training_datasets/street_flooding/all_no_letterboxing/nlbx_9d1be7ede0ac13cb7d52f9f6315619a3.jpg","",1.098,"Does this image show more than a foot of standing water?","Is the street in this image flooded?","Yes, the image shows a significant amount of standing water on the road, which appears to be more than a foot deep in some areas, indicating heavy rainfall and potential flooding conditions.","Yes, the street in the image appears to be flooded, as evidenced by the water covering the road and the vehicles' headlights reflecting off the water's surface.",1,"2025-02-10T19:47:48.655364Z"
130056,130056,31110,"1","Not Flooded","2025-02-10T20:07:59.532245Z",513,"/data/local-files/?d=/share/XXXX-19/nexar_data/training_datasets/street_flooding/all_no_letterboxing/nlbx_d6608c99a1d22ee042ee91653343f4b5.jpg","",5.606,"Does this image show more than a foot of standing water?","Is the street in this image flooded?","No","Yes, the street appears to be flooded, as evidenced by the water covering the road and the vehicles.",1,"2025-02-10T20:07:59.532271Z"
44757,44757,30989,"1","Not Flooded","2025-02-10T19:52:53.586964Z",517,"/data/local-files/?d=/share/XXXX-19/nexar_data/training_datasets/street_flooding/all_no_letterboxing/nlbx_101e799c4dbdedbc731fcbfcd5603447.jpg","",1.043,"Does this image show more than a foot of standing water?","Is the street in this image flooded?","No, it does not show more than a foot of standing water.","No, the street is not flooded.",0,"2025-02-10T19:52:53.587005Z"
90179,90179,30938,"1","Flooded","2025-02-10T19:51:13.187905Z",518,"/data/local-files/?d=/share/XXXX-19/nexar_data/training_datasets/street_flooding/all_no_letterboxing/nlbx_73447e98b06cf667f094a088a9f1b9dc.jpg","",5.608,"Does this image show more than a foot of standing water?","Is the street in this image flooded?","Yes, the image shows a significant amount of standing water on the road, which appears to be more than a foot deep in some areas, indicating heavy rainfall and potential flooding conditions.","Yes, the street in the image is flooded, as evidenced by the water covering the road and the vehicles' tires submerged.",1,"2025-02-10T19:51:13.187931Z"
106302,106302,30893,"1","Flooded","2025-02-10T19:49:37.050001Z",521,"/data/local-files/?d=/share/XXXX-19/nexar_data/training_datasets/street_flooding/all_no_letterboxing/nlbx_44a455965d8f9172245d5372984c4daf.jpg","",2.135,"Does this image show more than a foot of standing water?","Is the street in this image flooded?","Yes, the image shows a significant amount of standing water on the road, which appears to be more than a foot deep in some areas, indicating a substantial flooding event.","Yes, the street appears to be flooded, as evidenced by the water covering the road and the vehicles.",1,"2025-02-10T19:49:37.050024Z"
122086,122086,30970,"1","Not Flooded","2025-02-10T19:52:11.238275Z",522,"/data/local-files/?d=/share/XXXX-19/nexar_data/training_datasets/street_flooding/all_no_letterboxing/nlbx_91930fba8bc16b113f06b53de2b411ee.jpg","",1.295,"Does this image show more than a foot of standing water?","Is the street in this image flooded?","No, it does not show more than a foot of standing water.","Yes, the street in this image is flooded.",1,"2025-02-10T19:52:11.238298Z"
126385,126385,29679,"1","Not Flooded","2025-02-09T18:21:15.356816Z",524,"/data/local-files/?d=/share/XXXX-19/nexar_data/training_datasets/street_flooding/all_no_letterboxing/nlbx_7cf108ea5e5cd088f53075d08d78c6d6.jpg","",1.391,"Does this image show more than a foot of standing water?","Is the street in this image flooded?","No, it does not show more than a foot of standing water.","Yes, the street in this image is flooded.",1,"2025-02-09T18:21:15.356836Z"
154283,154283,30775,"1","Not Flooded","2025-02-10T19:40:56.592841Z",525,"/data/local-files/?d=/share/XXXX-19/nexar_data/training_datasets/street_flooding/all_no_letterboxing/nlbx_98bd41414969531111a35292a8e9b5f7.jpg","",1.147,"Does this image show more than a foot of standing water?","Is the street in this image flooded?","No","Yes, the street appears to be flooded, as evidenced by the water covering the road and the vehicles' tires submerged. The presence of traffic cones and barriers suggests that this is an area of concern, possibly due to recent heavy rainfall or a nearby water source overflowing.",1,"2025-02-10T19:40:56.592861Z"
103188,103188,31058,"1","Not Flooded","2025-02-10T19:54:54.827521Z",526,"/data/local-files/?d=/share/XXXX-19/nexar_data/training_datasets/street_flooding/all_no_letterboxing/nlbx_8ba5fb55c9b02088a0ab746a33afb7be.jpg","",1.534,"Does this image show more than a foot of standing water?","Is the street in this image flooded?","No, it does not show more than a foot of standing water.","Yes, the street appears to be flooded, as evidenced by the water covering the road and the vehicles' tires submerged.",1,"2025-02-10T19:54:54.827542Z"
124465,124465,30701,"1","Not Flooded","2025-02-10T19:38:43.877328Z",527,"/data/local-files/?d=/share/XXXX-19/nexar_data/training_datasets/street_flooding/all_no_letterboxing/nlbx_e3f2e762e3d765538818c2db32cfd95d.jpg","",1.408,"Does this image show more than a foot of standing water?","Is the street in this image flooded?","Yes, the image shows more than a foot of standing water on the road, which is indicative of heavy rainfall and potentially hazardous driving conditions.","Yes, the street appears to be flooded, as evidenced by the water covering the road and the vehicles' headlights reflecting off the water's surface.",1,"2025-02-10T19:38:43.877349Z"
82424,82424,31031,"1","Flooded","2025-02-10T19:54:02.805199Z",528,"/data/local-files/?d=/share/XXXX-19/nexar_data/training_datasets/street_flooding/all_no_letterboxing/nlbx_c5d9a5a8ccafe79291bbf0b59bf00de5.jpg","",1.395,"Does this image show more than a foot of standing water?","Is the street in this image flooded?","Yes, the image shows more than a foot of standing water on the road, as evidenced by the submerged vehicles and the depth of the water reaching the wheels of the cars.","Yes, the street in the image is visibly flooded, with water reaching the level of the vehicles' wheels. This suggests that the water level is quite high, potentially due to heavy rainfall or a nearby water source overflowing.",1,"2025-02-10T19:54:02.805222Z"
144326,144326,30991,"1","Flooded","2025-02-10T19:52:57.134635Z",529,"/data/local-files/?d=/share/XXXX-19/nexar_data/training_datasets/street_flooding/all_no_letterboxing/nlbx_be1ce033bb1b8aaa2acca18226e5f8c1.jpg","",1.447,"Does this image show more than a foot of standing water?","Is the street in this image flooded?","Yes, the image shows a significant amount of standing water on the road, which appears to be more than a foot deep in some areas, indicating a severe flooding situation.","Yes, the street in the image is flooded, as evidenced by the water covering the road and the vehicles' tires submerged.",1,"2025-02-10T19:52:57.134658Z"
95201,95201,29742,"1","Not Flooded","2025-02-09T18:23:17.395200Z",531,"/data/local-files/?d=/share/XXXX-19/nexar_data/training_datasets/street_flooding/all_no_letterboxing/nlbx_1400e6f5d580d056f1720b56d162ba79.jpg","",0.959,"Does this image show more than a foot of standing water?","Is the street in this image flooded?","No, the image does not show more than a foot of standing water.","No, the street is not flooded.",0,"2025-02-09T18:23:17.395220Z"
66010,66010,31095,"1","Not Flooded","2025-02-10T20:07:23.695817Z",532,"/data/local-files/?d=/share/XXXX-19/nexar_data/training_datasets/street_flooding/all_no_letterboxing/nlbx_5cd108ca538dbdcab6c936a2426f7d68.jpg","",1.531,"Does this image show more than a foot of standing water?","Is the street in this image flooded?","No, it does not show more than a foot of standing water.","Yes, the street appears to be flooded, as evidenced by the water covering the road and the vehicles' tires submerged.",1,"2025-02-10T20:07:23.695840Z"
113137,113137,30703,"1","Not Flooded","2025-02-10T19:38:46.722334Z",533,"/data/local-files/?d=/share/XXXX-19/nexar_data/training_datasets/street_flooding/all_no_letterboxing/nlbx_e75da078b32065bafbe3b1d1a7260dfd.jpg","",1.042,"Does this image show more than a foot of standing water?","Is the street in this image flooded?","No, it does not show more than a foot of standing water.","No, the street is not flooded.",0,"2025-02-10T19:38:46.722356Z"
150644,150644,29689,"1","Not Flooded","2025-02-09T18:21:33.168712Z",534,"/data/local-files/?d=/share/XXXX-19/nexar_data/training_datasets/street_flooding/all_no_letterboxing/nlbx_90a4fe71238da59b95b0bcaa66a1508c.jpg","",1.046,"Does this image show more than a foot of standing water?","Is the street in this image flooded?","No, it does not show more than a foot of standing water.","No, the street is not flooded.",0,"2025-02-09T18:21:33.168732Z"
73862,73862,30852,"1","Not Flooded","2025-02-10T19:48:11.263499Z",539,"/data/local-files/?d=/share/XXXX-19/nexar_data/training_datasets/street_flooding/all_no_letterboxing/nlbx_a034d82aa0cc62c471d2f30cc34373b9.jpg","",0.933,"Does this image show more than a foot of standing water?","Is the street in this image flooded?","No, it does not show more than a foot of standing water.","Yes, the street appears to be flooded, as evidenced by the water covering the road and the vehicles.",1,"2025-02-10T19:48:11.263524Z"
33591,33591,30874,"1","Not Flooded","2025-02-10T19:48:49.942518Z",541,"/data/local-files/?d=/share/XXXX-19/nexar_data/training_datasets/street_flooding/all_no_letterboxing/nlbx_73b78abf67810f3e21718679959ac73b.jpg","",1.027,"Does this image show more than a foot of standing water?","Is the street in this image flooded?","The image does not show more than a foot of standing water. The water level appears to be shallow, likely less than a foot, as it does not reach the wheels of the vehicles or the lower parts of the buildings.","Yes, the street in the image appears to be flooded, as evidenced by the water covering the road and the vehicles' tires submerged up to the wheel wells.",1,"2025-02-10T19:48:49.942540Z"
105898,105898,31039,"1","Not Flooded","2025-02-10T19:54:20.513407Z",542,"/data/local-files/?d=/share/XXXX-19/nexar_data/training_datasets/street_flooding/all_no_letterboxing/nlbx_e88938c4b9f922adc64cc84ba56d0cac.jpg","",1.262,"Does this image show more than a foot of standing water?","Is the street in this image flooded?","No, it does not show more than a foot of standing water.","Yes, the street in the image appears to be flooded, as evidenced by the water covering the road and the vehicles.",1,"2025-02-10T19:54:20.513429Z"
45685,45685,30745,"1","Not Flooded","2025-02-10T19:39:55.846652Z",543,"/data/local-files/?d=/share/XXXX-19/nexar_data/training_datasets/street_flooding/all_no_letterboxing/nlbx_26a6d649910eda2ec07bb0e194bc8c54.jpg","",1.166,"Does this image show more than a foot of standing water?","Is the street in this image flooded?","No, it does not show more than a foot of standing water.","No, the street is not flooded. The water on the road appears to be a result of recent rainfall, and the vehicles are driving on the wet surface without any visible signs of flooding.",0,"2025-02-10T19:39:55.846672Z"
383,383,31059,"1","Not Flooded","2025-02-10T19:54:56.320999Z",544,"/data/local-files/?d=/share/XXXX-19/nexar_data/training_datasets/street_flooding/all_no_letterboxing/nlbx_4d7ed50f2de248a4a7330cd52d29cc67.jpg","",0.973,"Does this image show more than a foot of standing water?","Is the street in this image flooded?","No","No, the street is not flooded.",0,"2025-02-10T19:54:56.321022Z"
151934,151934,31094,"1","Not Flooded","2025-02-10T20:07:21.628591Z",545,"/data/local-files/?d=/share/XXXX-19/nexar_data/training_datasets/street_flooding/all_no_letterboxing/nlbx_82630b0d15049e815e4d6ba3b476c777.jpg","",1.875,"Does this image show more than a foot of standing water?","Is the street in this image flooded?","No, the image does not show more than a foot of standing water. The water on the road appears to be shallow, likely less than a foot deep, as it is not covering the wheels of the vehicles and the road is still visible. The water is likely a result of recent rainfall, and the depth is consistent with what one might expect in such conditions.","No, the street is not flooded.",0,"2025-02-10T20:07:21.628614Z"
131380,131380,29686,"1","Not Flooded","2025-02-09T18:21:28.675397Z",546,"/data/local-files/?d=/share/XXXX-19/nexar_data/training_datasets/street_flooding/all_no_letterboxing/nlbx_97b5768799a6bd8a9b55e18c6fd61cf2.jpg","",0.983,"Does this image show more than a foot of standing water?","Is the street in this image flooded?","No, it does not show more than a foot of standing water.","Yes, the street in the image appears to be flooded, as evidenced by the water covering the road and the vehicles.",1,"2025-02-09T18:21:28.675417Z"
67943,67943,31092,"1","Not Flooded","2025-02-10T20:07:17.779525Z",547,"/data/local-files/?d=/share/XXXX-19/nexar_data/training_datasets/street_flooding/all_no_letterboxing/nlbx_139b9add5d7fd8f11401a442633f728c.jpg","",1.065,"Does this image show more than a foot of standing water?","Is the street in this image flooded?","No, it does not show more than a foot of standing water.","Yes, the street in the image is flooded, as evidenced by the water covering the road and the vehicles.",1,"2025-02-10T20:07:17.779547Z"
79495,79495,30966,"1","Not Flooded","2025-02-10T19:52:04.956556Z",553,"/data/local-files/?d=/share/XXXX-19/nexar_data/training_datasets/street_flooding/all_no_letterboxing/nlbx_2e614d99130ea014ad07259b5392b542.jpg","",0.904,"Does this image show more than a foot of standing water?","Is the street in this image flooded?","No, it does not show more than a foot of standing water.","Yes, the street appears to be flooded, as evidenced by the water covering the road and the reflections on the wet surface.",1,"2025-02-10T19:52:04.956583Z"
7209,7209,30771,"1","Not Flooded","2025-02-10T19:40:49.953921Z",554,"/data/local-files/?d=/share/XXXX-19/nexar_data/training_datasets/street_flooding/all_no_letterboxing/nlbx_653ebc3c46ef51a74c8bf503edc1d68b.jpg","",1.018,"Does this image show more than a foot of standing water?","Is the street in this image flooded?","No, it does not show more than a foot of standing water.","Yes, the street is flooded.",1,"2025-02-10T19:40:49.953943Z"
134686,134686,30762,"1","Not Flooded","2025-02-10T19:40:36.431701Z",557,"/data/local-files/?d=/share/XXXX-19/nexar_data/training_datasets/street_flooding/all_no_letterboxing/nlbx_17bcefc017ee734c57832c560b6119da.jpg","",1.097,"Does this image show more than a foot of standing water?","Is the street in this image flooded?","No, it does not show more than a foot of standing water.","The street in the image does not appear to be flooded. The water on the road is likely due to recent rainfall, as evidenced by the wet surfaces and the presence of puddles. There are no signs of standing water that would indicate a flood, and the vehicles are not submerged, which would be the case if the water level were higher than the road's drainage capacity.",0,"2025-02-10T19:40:36.431722Z"
126442,126442,30711,"1","Not Flooded","2025-02-10T19:38:58.516609Z",558,"/data/local-files/?d=/share/XXXX-19/nexar_data/training_datasets/street_flooding/all_no_letterboxing/nlbx_d43699d9dca1a7f148d308cd84ab7203.jpg","",0.97,"Does this image show more than a foot of standing water?","Is the street in this image flooded?","No, it does not show more than a foot of standing water.","No, the street is not flooded.",0,"2025-02-10T19:38:58.516630Z"
48221,48221,29727,"1","Not Flooded","2025-02-09T18:22:47.618099Z",559,"/data/local-files/?d=/share/XXXX-19/nexar_data/training_datasets/street_flooding/all_no_letterboxing/nlbx_891c8648dc5356a49b94bc36a9afdf46.jpg","",0.951,"Does this image show more than a foot of standing water?","Is the street in this image flooded?","No","The street in the image does not appear to be flooded. The water on the road is likely from rain rather than a high water level.",0,"2025-02-09T18:22:47.618119Z"
45647,45647,30805,"1","Not Flooded","2025-02-10T19:42:17.429407Z",561,"/data/local-files/?d=/share/XXXX-19/nexar_data/training_datasets/street_flooding/all_no_letterboxing/nlbx_883d6b864027fbcd136fa4886237f94c.jpg","",1.175,"Does this image show more than a foot of standing water?","Is the street in this image flooded?","No","No, the street is not flooded.",0,"2025-02-10T19:42:17.429430Z"
48521,48521,30717,"1","Not Flooded","2025-02-10T19:39:08.751633Z",566,"/data/local-files/?d=/share/XXXX-19/nexar_data/training_datasets/street_flooding/all_no_letterboxing/nlbx_e781383452c5d6487eb0e71facc9f35d.jpg","",0.925,"Does this image show more than a foot of standing water?","Is the street in this image flooded?","No, it does not show more than a foot of standing water.","No, the street is not flooded.",0,"2025-02-10T19:39:08.751654Z"
123213,123213,30880,"1","Flooded","2025-02-10T19:49:00.654844Z",567,"/data/local-files/?d=/share/XXXX-19/nexar_data/training_datasets/street_flooding/all_no_letterboxing/nlbx_898ffc35d52a7078d391d248df6ca4d4.jpg","",1.623,"Does this image show more than a foot of standing water?","Is the street in this image flooded?","Yes, the image shows more than a foot of standing water on the road, as evidenced by the submerged vehicles and the depth of the water reaching the wheels of the cars.","Yes, the street appears to be flooded, as evidenced by the water covering the road and the presence of barriers and traffic cones, which are typically used to redirect traffic away from flooded areas.",1,"2025-02-10T19:49:00.654866Z"
14258,14258,29685,"1","Not Flooded","2025-02-09T18:21:27.243978Z",568,"/data/local-files/?d=/share/XXXX-19/nexar_data/training_datasets/street_flooding/all_no_letterboxing/nlbx_c564ba87ebe2f9d54e18056ddcc7451a.jpg","",2.403,"Does this image show more than a foot of standing water?","Is the street in this image flooded?","No, it does not show more than a foot of standing water.","Yes, the street is flooded.",1,"2025-02-09T18:21:27.243997Z"
70246,70246,29737,"1","Not Flooded","2025-02-09T18:23:09.541368Z",569,"/data/local-files/?d=/share/XXXX-19/nexar_data/training_datasets/street_flooding/all_no_letterboxing/nlbx_f773e77192aec91999983188d45ecb30.jpg","",1.049,"Does this image show more than a foot of standing water?","Is the street in this image flooded?","No","Yes, the street in this image is flooded.",1,"2025-02-09T18:23:09.541388Z"
47552,47552,29681,"1","Not Flooded","2025-02-09T18:21:18.993269Z",572,"/data/local-files/?d=/share/XXXX-19/nexar_data/training_datasets/street_flooding/all_no_letterboxing/nlbx_3139842140996c27cab3c024d6f11c6c.jpg","",1.178,"Does this image show more than a foot of standing water?","Is the street in this image flooded?","No","No, the street is not flooded.",0,"2025-02-09T18:21:18.993290Z"
57762,57762,31065,"1","Not Flooded","2025-02-10T19:55:09.373586Z",573,"/data/local-files/?d=/share/XXXX-19/nexar_data/training_datasets/street_flooding/all_no_letterboxing/nlbx_77fe7550dd7b472c686a8d4219aae664.jpg","",4.036,"Does this image show more than a foot of standing water?","Is the street in this image flooded?","No, it does not show more than a foot of standing water.","Yes, the street appears to be flooded, as evidenced by the water covering the road and the presence of barriers and construction materials, which are typically used to manage water flow during flooding.",1,"2025-02-10T19:55:09.373608Z"
125033,125033,30872,"1","Not Flooded","2025-02-10T19:48:46.703335Z",575,"/data/local-files/?d=/share/XXXX-19/nexar_data/training_datasets/street_flooding/all_no_letterboxing/nlbx_555c6e2b5f2a82af8574095018522215.jpg","",2.545,"Does this image show more than a foot of standing water?","Is the street in this image flooded?","No, it does not show more than a foot of standing water.","The street in the image does not appear to be flooded. While the road is wet, likely from the rain, there are no visible signs of standing water or submerged vehicles that would indicate flooding. The vehicles are on the road, and the water level does not seem to be high enough to obstruct traffic.",0,"2025-02-10T19:48:46.703355Z"
149012,149012,31003,"1","Not Flooded","2025-02-10T19:53:16.785890Z",577,"/data/local-files/?d=/share/XXXX-19/nexar_data/training_datasets/street_flooding/all_no_letterboxing/nlbx_536baed8b33917b3e3f7863f26afe191.jpg","",1.515,"Does this image show more than a foot of standing water?","Is the street in this image flooded?","Yes, the image shows more than a foot of standing water, as evidenced by the submerged vehicles and the depth of the water reaching the wheels of the cars.","Yes, the street appears to be flooded, as evidenced by the water covering the road and the vehicles.",1,"2025-02-10T19:53:16.785912Z"
86684,86684,30953,"1","Not Flooded","2025-02-10T19:51:39.354657Z",578,"/data/local-files/?d=/share/XXXX-19/nexar_data/training_datasets/street_flooding/all_no_letterboxing/nlbx_d0680d88fa9f3bfee42e463932855b00.jpg","",1.15,"Does this image show more than a foot of standing water?","Is the street in this image flooded?","No, it does not show more than a foot of standing water.","Yes, the street appears to be flooded, as evidenced by the water covering the road and the wet conditions visible on the pavement.",1,"2025-02-10T19:51:39.354679Z"
56853,56853,30892,"1","Not Flooded","2025-02-10T19:49:34.390225Z",580,"/data/local-files/?d=/share/XXXX-19/nexar_data/training_datasets/street_flooding/all_no_letterboxing/nlbx_fae13e12112514dfc955b7851548e643.jpg","",1.795,"Does this image show more than a foot of standing water?","Is the street in this image flooded?","No, it does not show more than a foot of standing water.","No, the street is not flooded.",0,"2025-02-10T19:49:34.390245Z"
100700,100700,30769,"1","Not Flooded","2025-02-10T19:40:46.839729Z",581,"/data/local-files/?d=/share/XXXX-19/nexar_data/training_datasets/street_flooding/all_no_letterboxing/nlbx_ddf324a61443b70d52acc7232a603e3f.jpg","",0.92,"Does this image show more than a foot of standing water?","Is the street in this image flooded?","No","No, the street is not flooded.",0,"2025-02-10T19:40:46.839751Z"
137453,137453,30737,"1","Not Flooded","2025-02-10T19:39:40.882253Z",582,"/data/local-files/?d=/share/XXXX-19/nexar_data/training_datasets/street_flooding/all_no_letterboxing/nlbx_f501d052099f0c968378fd6eac1818dc.jpg","",0.831,"Does this image show more than a foot of standing water?","Is the street in this image flooded?","No, it does not show more than a foot of standing water.","No, the street is not flooded.",0,"2025-02-10T19:39:40.882275Z"
139555,139555,30782,"1","Not Flooded","2025-02-10T19:41:09.579689Z",585,"/data/local-files/?d=/share/XXXX-19/nexar_data/training_datasets/street_flooding/all_no_letterboxing/nlbx_c9a9cc777587e8107ed2297162fbbc02.jpg","",0.947,"Does this image show more than a foot of standing water?","Is the street in this image flooded?","No, it does not show more than a foot of standing water.","The street in the image does not appear to be flooded. While there is visible water on the road, it seems to be a result of recent rainfall rather than a significant flood event. The water is not deep enough to cover the wheels of the vehicles, and the traffic lights and road markings are still visible and intact.",0,"2025-02-10T19:41:09.579712Z"
131327,131327,30816,"1","Not Flooded","2025-02-10T19:42:44.127253Z",587,"/data/local-files/?d=/share/XXXX-19/nexar_data/training_datasets/street_flooding/all_no_letterboxing/nlbx_7d16e7587617e9b01eb13e666d611798.jpg","",1.096,"Does this image show more than a foot of standing water?","Is the street in this image flooded?","Yes, the image shows a significant amount of standing water, likely more than a foot, as it reaches up to the base of the tunnel's ceiling.","Yes, the street in the image appears to be flooded, as evidenced by the water covering the road and the reflections on the wet surface.",1,"2025-02-10T19:42:44.127276Z"
141170,141170,31101,"1","Not Flooded","2025-02-10T20:07:37.708270Z",589,"/data/local-files/?d=/share/XXXX-19/nexar_data/training_datasets/street_flooding/all_no_letterboxing/nlbx_54618ab2deee55313fd93b180dd7c015.jpg","",1.348,"Does this image show more than a foot of standing water?","Is the street in this image flooded?","No, it does not show more than a foot of standing water.","Yes, the street appears to be flooded, as evidenced by the water covering the road and the vehicles.",1,"2025-02-10T20:07:37.708294Z"
102532,102532,30829,"1","Not Flooded","2025-02-10T19:47:31.342754Z",592,"/data/local-files/?d=/share/XXXX-19/nexar_data/training_datasets/street_flooding/all_no_letterboxing/nlbx_5db2ffa8d1c56a02963dc324fa6a7e06.jpg","",1.082,"Does this image show more than a foot of standing water?","Is the street in this image flooded?","No","No, the street is not flooded.",0,"2025-02-10T19:47:31.342775Z"
77713,77713,31052,"1","Not Flooded","2025-02-10T19:54:43.409088Z",593,"/data/local-files/?d=/share/XXXX-19/nexar_data/training_datasets/street_flooding/all_no_letterboxing/nlbx_76ae05e645c0505e612c245c39e0434d.jpg","",1.239,"Does this image show more than a foot of standing water?","Is the street in this image flooded?","Yes, the image shows a significant amount of standing water, likely more than a foot, as it reaches up to the lower parts of the vehicles and the base of the trees.","Yes, the street appears to be flooded, as evidenced by the water covering the road and the presence of a yellow caution sign, which typically indicates a hazard or a need for caution.",1,"2025-02-10T19:54:43.409110Z"
110838,110838,29700,"1","Not Flooded","2025-02-09T18:21:49.840829Z",594,"/data/local-files/?d=/share/XXXX-19/nexar_data/training_datasets/street_flooding/all_no_letterboxing/nlbx_9e43ad0e89fbf0f27ee041677a38f6ca.jpg","",0.861,"Does this image show more than a foot of standing water?","Is the street in this image flooded?","No, it does not show more than a foot of standing water.","No, the street is not flooded.",0,"2025-02-09T18:21:49.840849Z"
38979,38979,29694,"1","Not Flooded","2025-02-09T18:21:39.681905Z",595,"/data/local-files/?d=/share/XXXX-19/nexar_data/training_datasets/street_flooding/all_no_letterboxing/nlbx_fdc312afa9adbdeee83d99aab5c8f2e9.jpg","",0.811,"Does this image show more than a foot of standing water?","Is the street in this image flooded?","No, the image does not show more than a foot of standing water. The water level appears to be shallow, likely no more than a few inches, as it is not covering the wheels of the vehicles or reaching the lower parts of the vehicles. The water is likely a result of recent rainfall, and the flow seems to be minimal, as there are no visible signs of flooding or significant water accumulation on the road.","No, the street does not appear to be flooded. The water on the road is likely due to recent rainfall, and the vehicles are driving without any visible water damage or obstruction.",0,"2025-02-09T18:21:39.681925Z"
83794,83794,30926,"1","Not Flooded","2025-02-10T19:50:46.669679Z",596,"/data/local-files/?d=/share/XXXX-19/nexar_data/training_datasets/street_flooding/all_no_letterboxing/nlbx_f24a9e85addc2cdf0c7602d9649decd0.jpg","",1.26,"Does this image show more than a foot of standing water?","Is the street in this image flooded?","Yes, the image shows a significant amount of standing water on the road, which appears to be more than a foot deep in some areas. This level of water accumulation can pose a risk for vehicles and pedestrians, potentially leading to accidents or damage to property.","Yes, the street appears to be flooded, as evidenced by the water covering the road and the surrounding areas.",1,"2025-02-10T19:50:46.669705Z"
3710,3710,29749,"1","Not Flooded","2025-02-09T18:23:27.372607Z",597,"/data/local-files/?d=/share/XXXX-19/nexar_data/training_datasets/street_flooding/all_no_letterboxing/nlbx_19fe776b10ae51157600d0c92f13dd58.jpg","",0.851,"Does this image show more than a foot of standing water?","Is the street in this image flooded?","Yes, the image shows more than a foot of standing water on the road, indicating significant flooding.","Yes, the street is flooded.",1,"2025-02-09T18:23:27.372627Z"
118652,118652,29740,"1","Not Flooded","2025-02-09T18:23:14.483149Z",598,"/data/local-files/?d=/share/XXXX-19/nexar_data/training_datasets/street_flooding/all_no_letterboxing/nlbx_f9b1327751d5c70772135df61b1cb1c0.jpg","",1.061,"Does this image show more than a foot of standing water?","Is the street in this image flooded?","No, it does not show more than a foot of standing water.","No, the street is not flooded.",0,"2025-02-09T18:23:14.483169Z"
96854,96854,29725,"1","Not Flooded","2025-02-09T18:22:43.877761Z",600,"/data/local-files/?d=/share/XXXX-19/nexar_data/training_datasets/street_flooding/all_no_letterboxing/nlbx_115a44072e2c576020be7173399e467e.jpg","",1.125,"Does this image show more than a foot of standing water?","Is the street in this image flooded?","No, it does not show more than a foot of standing water.","No, the street is not flooded.",0,"2025-02-09T18:22:43.877781Z"
12193,12193,30728,"1","Not Flooded","2025-02-10T19:39:28.330349Z",601,"/data/local-files/?d=/share/XXXX-19/nexar_data/training_datasets/street_flooding/all_no_letterboxing/nlbx_b47d55f33fd4bfd98ceb592fbe6c264d.jpg","",0.894,"Does this image show more than a foot of standing water?","Is the street in this image flooded?","No, it does not show more than a foot of standing water.","Yes, the street in the image is flooded, as evidenced by the water covering the road and the visible waterline on the curb.",1,"2025-02-10T19:39:28.330369Z"
60005,60005,29745,"1","Not Flooded","2025-02-09T18:23:22.015253Z",605,"/data/local-files/?d=/share/XXXX-19/nexar_data/training_datasets/street_flooding/all_no_letterboxing/nlbx_d8e2210e5ca161389b05018cac4e7fd1.jpg","",1.098,"Does this image show more than a foot of standing water?","Is the street in this image flooded?","No, it does not show more than a foot of standing water.","The street does not appear to be flooded. While the road is wet, likely from the rain, there are no visible signs of standing water or submerged vehicles that would indicate flooding.",0,"2025-02-09T18:23:22.015272Z"
113550,113550,31113,"1","Not Flooded","2025-02-10T20:08:06.348277Z",606,"/data/local-files/?d=/share/XXXX-19/nexar_data/training_datasets/street_flooding/all_no_letterboxing/nlbx_0483a3f01171535a1830dc4867c079d7.jpg","",0.681,"Does this image show more than a foot of standing water?","Is the street in this image flooded?","No, it does not show more than a foot of standing water.","No, the street does not appear to be flooded. The water on the road is likely due to recent rainfall, as evidenced by the wet surfaces and the absence of standing water that would indicate flooding.",0,"2025-02-10T20:08:06.348307Z"
76438,76438,29756,"1","Not Flooded","2025-02-09T18:23:38.127926Z",609,"/data/local-files/?d=/share/XXXX-19/nexar_data/training_datasets/street_flooding/all_no_letterboxing/nlbx_ceda8cd4d2f15cf360e164d2c851d18b.jpg","",1.033,"Does this image show more than a foot of standing water?","Is the street in this image flooded?","No, it does not show more than a foot of standing water.","No, the street is not flooded.",0,"2025-02-09T18:23:38.127947Z"
35025,35025,31098,"1","Flooded","2025-02-10T20:07:32.098715Z",610,"/data/local-files/?d=/share/XXXX-19/nexar_data/training_datasets/street_flooding/all_no_letterboxing/nlbx_8a90268c2ddd916e78841db60e8fe109.jpg","",2.677,"Does this image show more than a foot of standing water?","Is the street in this image flooded?","The image does not show more than a foot of standing water. The water level appears to be less than a foot, as it reaches approximately halfway up the wheels of the vehicles and does not cover the lower parts of the vehicles.","Yes, the street in the image is flooded, as evidenced by the water covering the road and the vehicles.",1,"2025-02-10T20:07:32.098739Z"
29395,29395,30897,"1","Flooded","2025-02-10T19:49:47.419641Z",611,"/data/local-files/?d=/share/XXXX-19/nexar_data/training_datasets/street_flooding/all_no_letterboxing/nlbx_5e72470c9803401d03071d4f077b73cc.jpg","",1.134,"Does this image show more than a foot of standing water?","Is the street in this image flooded?","Yes, the image shows more than a foot of standing water on the road, as evidenced by the depth of the water reaching the wheels of the vehicles and the visible waterline on the road surface.","Yes, the street in the image is flooded, as evidenced by the water covering the road and the vehicles' tires submerged.",1,"2025-02-10T19:49:47.419663Z"
140035,140035,30848,"1","Not Flooded","2025-02-10T19:48:03.033681Z",612,"/data/local-files/?d=/share/XXXX-19/nexar_data/training_datasets/street_flooding/all_no_letterboxing/nlbx_5ba0be6807fea74620b5f32565ebd7e2.jpg","",2.03,"Does this image show more than a foot of standing water?","Is the street in this image flooded?","No, it does not show more than a foot of standing water.","Yes, the street is flooded.",1,"2025-02-10T19:48:03.033704Z"
16006,16006,30885,"1","Flooded","2025-02-10T19:49:08.914618Z",614,"/data/local-files/?d=/share/XXXX-19/nexar_data/training_datasets/street_flooding/all_no_letterboxing/nlbx_770cc3554a22aa8f3f8ba18b03c83376.jpg","",1.336,"Does this image show more than a foot of standing water?","Is the street in this image flooded?","No, it does not show more than a foot of standing water.","Yes, the street is flooded.",1,"2025-02-10T19:49:08.914644Z"
92,92,30793,"1","Not Flooded","2025-02-10T19:41:53.859026Z",615,"/data/local-files/?d=/share/XXXX-19/nexar_data/training_datasets/street_flooding/all_no_letterboxing/nlbx_e2488acc65c26f60e9271a897d55441c.jpg","",1.066,"Does this image show more than a foot of standing water?","Is the street in this image flooded?","Yes, the image shows more than a foot of standing water, as evidenced by the submerged vehicles and the depth of the water reaching the wheels of the cars.","Yes, the street appears to be flooded, as evidenced by the water covering the road and the vehicles.",1,"2025-02-10T19:41:53.859046Z"
132330,132330,30975,"1","Not Flooded","2025-02-10T19:52:18.479774Z",619,"/data/local-files/?d=/share/XXXX-19/nexar_data/training_datasets/street_flooding/all_no_letterboxing/nlbx_4088905689abf44ca1281288c0c8e090.jpg","",0.936,"Does this image show more than a foot of standing water?","Is the street in this image flooded?","No, it does not show more than a foot of standing water.","No, the street is not flooded.",0,"2025-02-10T19:52:18.479797Z"
65340,65340,29664,"1","Not Flooded","2025-02-09T18:20:32.385511Z",621,"/data/local-files/?d=/share/XXXX-19/nexar_data/training_datasets/street_flooding/all_no_letterboxing/nlbx_3ac6f9761dd02e28d4fcaf8e6479d5f5.jpg","",1.313,"Does this image show more than a foot of standing water?","Is the street in this image flooded?","No, it does not show more than a foot of standing water.","The street in the image does not appear to be flooded. The water on the road is likely due to recent rainfall, and the water level does not seem to be high enough to suggest flooding. The vehicles are still able to move, and there are no visible signs of water reaching the wheels or the lower parts of the vehicles.",0,"2025-02-09T18:20:32.385532Z"
92896,92896,29687,"1","Flooded","2025-02-09T18:21:30.176918Z",623,"/data/local-files/?d=/share/XXXX-19/nexar_data/training_datasets/street_flooding/all_no_letterboxing/nlbx_09469839fe41c3caebb236ce7e46fefc.jpg","",1.048,"Does this image show more than a foot of standing water?","Is the street in this image flooded?","Yes, the image shows more than a foot of standing water on the road, indicating significant flooding conditions.","Yes, the street in the image is flooded, as evidenced by the water covering the road and the vehicles' tires submerged.",1,"2025-02-09T18:21:30.176938Z"
133462,133462,30814,"1","Not Flooded","2025-02-10T19:42:37.713383Z",624,"/data/local-files/?d=/share/XXXX-19/nexar_data/training_datasets/street_flooding/all_no_letterboxing/nlbx_5cbbccbd354b708a60f6c3edfa6b4eb9.jpg","",1.365,"Does this image show more than a foot of standing water?","Is the street in this image flooded?","No","No, the street is not flooded.",0,"2025-02-10T19:42:37.713405Z"
24454,24454,30883,"1","Not Flooded","2025-02-10T19:49:05.507246Z",626,"/data/local-files/?d=/share/XXXX-19/nexar_data/training_datasets/street_flooding/all_no_letterboxing/nlbx_1a3f175a08f39cefa6d841bec8683a07.jpg","",0.919,"Does this image show more than a foot of standing water?","Is the street in this image flooded?","No, it does not show more than a foot of standing water.","No, the street is not flooded. The water on the road appears to be a result of recent rainfall, as evidenced by the wet surfaces and the presence of raindrops on the camera lens. There are no signs of standing water or submerged vehicles that would indicate flooding.",0,"2025-02-10T19:49:05.507269Z"
63134,63134,30943,"1","Not Flooded","2025-02-10T19:51:22.847784Z",628,"/data/local-files/?d=/share/XXXX-19/nexar_data/training_datasets/street_flooding/all_no_letterboxing/nlbx_e75c67ddaa045a95cb8e8f1a2d7686c7.jpg","",1.007,"Does this image show more than a foot of standing water?","Is the street in this image flooded?","No, it does not show more than a foot of standing water.","No, the street is not flooded.",0,"2025-02-10T19:51:22.847810Z"
113111,113111,30846,"1","Not Flooded","2025-02-10T19:47:58.976197Z",630,"/data/local-files/?d=/share/XXXX-19/nexar_data/training_datasets/street_flooding/all_no_letterboxing/nlbx_72f8ed47475324a40717fff2ee924e6d.jpg","",1.154,"Does this image show more than a foot of standing water?","Is the street in this image flooded?","No","No, the street is not flooded.",0,"2025-02-10T19:47:58.976217Z"
44868,44868,30983,"1","Not Flooded","2025-02-10T19:52:43.600923Z",633,"/data/local-files/?d=/share/XXXX-19/nexar_data/training_datasets/street_flooding/all_no_letterboxing/nlbx_1b1102fdb348967fa7f07b254bdda252.jpg","",1.339,"Does this image show more than a foot of standing water?","Is the street in this image flooded?","No, it does not show more than a foot of standing water.","No, the street is not flooded.",0,"2025-02-10T19:52:43.600948Z"
86338,86338,30957,"1","Not Flooded","2025-02-10T19:51:51.549299Z",634,"/data/local-files/?d=/share/XXXX-19/nexar_data/training_datasets/street_flooding/all_no_letterboxing/nlbx_d4f1981c8eab46e292bddc12fb575d4e.jpg","",0.965,"Does this image show more than a foot of standing water?","Is the street in this image flooded?","Yes, the image shows more than a foot of standing water on the road, which is indicative of significant flooding.","Yes, the street in the image appears to be flooded, as evidenced by the water covering the road and the vehicles.",1,"2025-02-10T19:51:51.549321Z"
34929,34929,30705,"1","Not Flooded","2025-02-10T19:38:49.946555Z",639,"/data/local-files/?d=/share/XXXX-19/nexar_data/training_datasets/street_flooding/all_no_letterboxing/nlbx_34bc473818173d55f306a103b28bbfa3.jpg","",1.059,"Does this image show more than a foot of standing water?","Is the street in this image flooded?","No, it does not show more than a foot of standing water.","No, the street is not flooded.",0,"2025-02-10T19:38:49.946575Z"
48135,48135,29758,"1","Not Flooded","2025-02-09T18:23:41.322408Z",643,"/data/local-files/?d=/share/XXXX-19/nexar_data/training_datasets/street_flooding/all_no_letterboxing/nlbx_1839cb2023ca789366ec8bc51d1dd9b4.jpg","",1.345,"Does this image show more than a foot of standing water?","Is the street in this image flooded?","Yes, the image shows more than a foot of standing water on the street, as evidenced by the depth of the water reaching the wheels of the vehicles and the level of the water against the base of the fire truck.","Yes, the street in the image is flooded, as evidenced by the water covering the road and the vehicles.",1,"2025-02-09T18:23:41.322428Z"
146964,146964,30962,"1","Not Flooded","2025-02-10T19:51:58.998950Z",644,"/data/local-files/?d=/share/XXXX-19/nexar_data/training_datasets/street_flooding/all_no_letterboxing/nlbx_a06fb5e3ec257901c16725f7833fed56.jpg","",0.966,"Does this image show more than a foot of standing water?","Is the street in this image flooded?","No, it does not show more than a foot of standing water.","Yes, the street in this image is flooded.",1,"2025-02-10T19:51:58.998986Z"
146002,146002,29755,"1","Flooded","2025-02-09T18:23:36.636037Z",646,"/data/local-files/?d=/share/XXXX-19/nexar_data/training_datasets/street_flooding/all_no_letterboxing/nlbx_7d422878efa5513371aa318117f9f089.jpg","",1.668,"Does this image show more than a foot of standing water?","Is the street in this image flooded?","Yes, the image shows more than a foot of standing water, as evidenced by the submerged vehicles and the depth of the water reaching the wheels of the cars.","Yes, the street in this image is flooded.",1,"2025-02-09T18:23:36.636057Z"
149664,149664,31107,"1","Not Flooded","2025-02-10T20:07:49.991955Z",647,"/data/local-files/?d=/share/XXXX-19/nexar_data/training_datasets/street_flooding/all_no_letterboxing/nlbx_5e94dac9f279547a4903d5ea14b4270f.jpg","",1.667,"Does this image show more than a foot of standing water?","Is the street in this image flooded?","The image does not show more than a foot of standing water. The water level appears to be shallow, likely less than a foot, as it does not reach the wheels of the vehicles or the lower parts of the street signs.","Yes, the street appears to be flooded, as evidenced by the water covering the road and the vehicles.",1,"2025-02-10T20:07:49.991980Z"
86755,86755,30850,"1","Not Flooded","2025-02-10T19:48:08.203708Z",650,"/data/local-files/?d=/share/XXXX-19/nexar_data/training_datasets/street_flooding/all_no_letterboxing/nlbx_29e2e0ebf18d339f729deed60f17239c.jpg","",1.979,"Does this image show more than a foot of standing water?","Is the street in this image flooded?","No, it does not show more than a foot of standing water.","The street in the image does not appear to be flooded. While the road is wet, likely from the rain, there are no visible signs of standing water or submerged vehicles that would indicate flooding. The traffic cones and the flow of vehicles suggest that the road is still passable and that the water level is not high enough to disrupt traffic flow.",0,"2025-02-10T19:48:08.203730Z"
147814,147814,30727,"1","Not Flooded","2025-02-10T19:39:26.950809Z",651,"/data/local-files/?d=/share/XXXX-19/nexar_data/training_datasets/street_flooding/all_no_letterboxing/nlbx_1fda615c26c411806282cd43f4b6413e.jpg","",1.011,"Does this image show more than a foot of standing water?","Is the street in this image flooded?","No","Yes, the street appears to be flooded, as evidenced by the water covering the road and the visible waterline on the vehicles.",1,"2025-02-10T19:39:26.950830Z"
59435,59435,29707,"1","Not Flooded","2025-02-09T18:22:05.237475Z",652,"/data/local-files/?d=/share/XXXX-19/nexar_data/training_datasets/street_flooding/all_no_letterboxing/nlbx_e26842d6cea66dccc9b0abccef74cbab.jpg","",1.566,"Does this image show more than a foot of standing water?","Is the street in this image flooded?","The image does not show more than a foot of standing water. The water level appears to be shallow, likely less than a foot, as it does not reach the wheels of the vehicles or the lower parts of the buses. The water is concentrated in the parking lot, and the road itself is not submerged, indicating that the water level is manageable and does not pose a significant risk to the vehicles or pedestrians.","Yes, the street in this image is flooded.",1,"2025-02-09T18:22:05.237495Z"
110511,110511,31030,"1","Not Flooded","2025-02-10T19:54:00.879793Z",659,"/data/local-files/?d=/share/XXXX-19/nexar_data/training_datasets/street_flooding/all_no_letterboxing/nlbx_6ff8682103ff71a4e52987f56e170cf0.jpg","",0.926,"Does this image show more than a foot of standing water?","Is the street in this image flooded?","The image does not show more than a foot of standing water. The water level appears to be shallow, likely less than a foot, as it is not reaching the wheels of the vehicles or the lower parts of the vehicles. The water is concentrated in the center of the road, and the vehicles are still able to move, indicating that the water is not deep enough to impede traffic significantly.","Yes, the street in this image is flooded.",1,"2025-02-10T19:54:00.879815Z"
77115,77115,29757,"1","Not Flooded","2025-02-09T18:23:39.516723Z",660,"/data/local-files/?d=/share/XXXX-19/nexar_data/training_datasets/street_flooding/all_no_letterboxing/nlbx_ae2000cb150adeaf162a758d9846c2fe.jpg","",0.936,"Does this image show more than a foot of standing water?","Is the street in this image flooded?","No, the image does not show more than a foot of standing water. The road appears to be dry, with no visible puddles or significant water accumulation that would indicate standing water.","No, the street is not flooded.",0,"2025-02-09T18:23:39.516743Z"
102734,102734,30707,"1","Not Flooded","2025-02-10T19:38:52.862235Z",662,"/data/local-files/?d=/share/XXXX-19/nexar_data/training_datasets/street_flooding/all_no_letterboxing/nlbx_d78bee21ab9c320f4582d9823d0a1c2c.jpg","",0.899,"Does this image show more than a foot of standing water?","Is the street in this image flooded?","No, it does not show more than a foot of standing water.","Yes, the street in the image appears to be flooded, as evidenced by the water covering the road and the presence of traffic cones and barriers, which are typically used to redirect traffic away from flooded areas.",1,"2025-02-10T19:38:52.862256Z"
136465,136465,31038,"1","Not Flooded","2025-02-10T19:54:18.734070Z",664,"/data/local-files/?d=/share/XXXX-19/nexar_data/training_datasets/street_flooding/all_no_letterboxing/nlbx_2a3573f68421c3392e483bfa3d89a91b.jpg","",1.055,"Does this image show more than a foot of standing water?","Is the street in this image flooded?","No","No, the street is not flooded.",0,"2025-02-10T19:54:18.734092Z"
96104,96104,30714,"1","Not Flooded","2025-02-10T19:39:04.524856Z",666,"/data/local-files/?d=/share/XXXX-19/nexar_data/training_datasets/street_flooding/all_no_letterboxing/nlbx_9d48bcfcf43e2cfcbd8703fadb14b7ac.jpg","",1.428,"Does this image show more than a foot of standing water?","Is the street in this image flooded?","No, it does not show more than a foot of standing water.","Yes, the street appears to be flooded, as evidenced by the water covering the road and the vehicles.",1,"2025-02-10T19:39:04.524881Z"
50331,50331,31080,"1","Not Flooded","2025-02-10T20:06:57.243684Z",669,"/data/local-files/?d=/share/XXXX-19/nexar_data/training_datasets/street_flooding/all_no_letterboxing/nlbx_b0c156c78c297c7f54acbbf60b59256e.jpg","",1.011,"Does this image show more than a foot of standing water?","Is the street in this image flooded?","No, it does not show more than a foot of standing water.","No, the street is not flooded.",0,"2025-02-10T20:06:57.243707Z"
150835,150835,30896,"1","Not Flooded","2025-02-10T19:49:45.751634Z",670,"/data/local-files/?d=/share/XXXX-19/nexar_data/training_datasets/street_flooding/all_no_letterboxing/nlbx_38360476bbaca4b75a0e4faa3dfceda3.jpg","",1.169,"Does this image show more than a foot of standing water?","Is the street in this image flooded?","No, it does not show more than a foot of standing water.","The street in the image does not appear to be flooded. While there is visible water on the road, it seems to be a result of recent rainfall rather than a significant water level that would indicate flooding. The vehicles are still able to move, and there are no signs of water reaching the level of the vehicles' wheels or the sidewalks.",0,"2025-02-10T19:49:45.751655Z"
130361,130361,30796,"1","Not Flooded","2025-02-10T19:41:58.318277Z",671,"/data/local-files/?d=/share/XXXX-19/nexar_data/training_datasets/street_flooding/all_no_letterboxing/nlbx_245782032ec2c37c1e705bc2ecf4791a.jpg","",0.997,"Does this image show more than a foot of standing water?","Is the street in this image flooded?","The image does not show more than a foot of standing water. The water level appears to be shallow, likely less than a foot, as it does not reach the wheels of the vehicles or the lower parts of the street signs. The water is concentrated in the center of the road, and the edges of the road are dry, indicating that the water level is not high enough to flood the entire street.","Yes, the street is flooded.",1,"2025-02-10T19:41:58.318298Z"
104291,104291,30795,"1","Not Flooded","2025-02-10T19:41:56.841832Z",674,"/data/local-files/?d=/share/XXXX-19/nexar_data/training_datasets/street_flooding/all_no_letterboxing/nlbx_4c8aed1b97cb14838726a2485d582b39.jpg","",1.026,"Does this image show more than a foot of standing water?","Is the street in this image flooded?","No, it does not show more than a foot of standing water.","No, the street does not appear to be flooded. The road surface looks dry, and there are no visible signs of water accumulation or debris that would typically indicate flooding.",0,"2025-02-10T19:41:56.841852Z"
138923,138923,29673,"1","Not Flooded","2025-02-09T18:20:53.328984Z",675,"/data/local-files/?d=/share/XXXX-19/nexar_data/training_datasets/street_flooding/all_no_letterboxing/nlbx_26bb88d89ed32975a182efa5155f6672.jpg","",1.307,"Does this image show more than a foot of standing water?","Is the street in this image flooded?","No, it does not show more than a foot of standing water.","Yes, the street appears to be flooded, as evidenced by the water covering the road and the reflections on the wet surface.",1,"2025-02-09T18:20:53.329004Z"
149254,149254,31001,"1","Not Flooded","2025-02-10T19:53:13.313520Z",676,"/data/local-files/?d=/share/XXXX-19/nexar_data/training_datasets/street_flooding/all_no_letterboxing/nlbx_7b91fbd7401a7ad2c64d7d180c6f7a40.jpg","",0.97,"Does this image show more than a foot of standing water?","Is the street in this image flooded?","I am not sure if the image shows more than a foot of standing water.","No, the street is not flooded.",0,"2025-02-10T19:53:13.313542Z"
49621,49621,31016,"1","Not Flooded","2025-02-10T19:53:36.871396Z",678,"/data/local-files/?d=/share/XXXX-19/nexar_data/training_datasets/street_flooding/all_no_letterboxing/nlbx_3e4f53badff9ffb1106447d8f01a6c71.jpg","",0.929,"Does this image show more than a foot of standing water?","Is the street in this image flooded?","No, it does not show more than a foot of standing water.","Yes, the street is flooded.",1,"2025-02-10T19:53:36.871421Z"
48398,48398,30932,"1","Not Flooded","2025-02-10T19:50:57.872700Z",681,"/data/local-files/?d=/share/XXXX-19/nexar_data/training_datasets/street_flooding/all_no_letterboxing/nlbx_41d4b3732e2aba734e35ab756bd6242f.jpg","",0.961,"Does this image show more than a foot of standing water?","Is the street in this image flooded?","No, it does not show more than a foot of standing water.","No, the street is not flooded. The water on the road appears to be a result of recent rainfall, as evidenced by the wet surfaces and the absence of any standing water that would indicate flooding.",0,"2025-02-10T19:50:57.872731Z"
140032,140032,29660,"1","Not Flooded","2025-02-09T18:20:25.930795Z",682,"/data/local-files/?d=/share/XXXX-19/nexar_data/training_datasets/street_flooding/all_no_letterboxing/nlbx_6f9a959c042afe206bd991dec0b868da.jpg","",1.486,"Does this image show more than a foot of standing water?","Is the street in this image flooded?","Yes, the image shows more than a foot of standing water on the road, as evidenced by the submerged vehicles and the depth of the water reaching the wheels of the visible vehicles.","Yes, the street in the image is flooded.",1,"2025-02-09T18:20:25.930815Z"
47023,47023,31116,"1","Not Flooded","2025-02-10T20:08:11.930627Z",684,"/data/local-files/?d=/share/XXXX-19/nexar_data/training_datasets/street_flooding/all_no_letterboxing/nlbx_bf15457e9a4297a239b62a86693ae151.jpg","",1.52,"Does this image show more than a foot of standing water?","Is the street in this image flooded?","No","No, the street is not flooded.",0,"2025-02-10T20:08:11.930660Z"
29202,29202,31027,"1","Not Flooded","2025-02-10T19:53:56.244977Z",686,"/data/local-files/?d=/share/XXXX-19/nexar_data/training_datasets/street_flooding/all_no_letterboxing/nlbx_f1ec9c149add798d09d1be68556b1496.jpg","",1.671,"Does this image show more than a foot of standing water?","Is the street in this image flooded?","Yes, the image shows more than a foot of standing water on the road, as evidenced by the submerged vehicles and the depth of the water reaching the wheels of the cars.","Yes, the street appears to be flooded, as evidenced by the water covering the road and the presence of traffic cones and barriers, which are typically used to redirect traffic away from flooded areas.",1,"2025-02-10T19:53:56.245001Z"
128449,128449,30981,"1","Not Flooded","2025-02-10T19:52:30.738762Z",687,"/data/local-files/?d=/share/XXXX-19/nexar_data/training_datasets/street_flooding/all_no_letterboxing/nlbx_76c602888e79c384dddafc37ee528371.jpg","",0.921,"Does this image show more than a foot of standing water?","Is the street in this image flooded?","No","Yes, the street is flooded.",1,"2025-02-10T19:52:30.738785Z"
66661,66661,31078,"1","Not Flooded","2025-02-10T20:06:53.688943Z",688,"/data/local-files/?d=/share/XXXX-19/nexar_data/training_datasets/street_flooding/all_no_letterboxing/nlbx_5847d22e5da7d49f9db0ac757475520f.jpg","",2.114,"Does this image show more than a foot of standing water?","Is the street in this image flooded?","Yes, the image shows a significant amount of standing water on the road, which appears to be more than a foot deep in some areas, indicating a substantial flooding event.","Yes, the street in the image is visibly flooded, with water covering the road and reflecting the surrounding structures.",1,"2025-02-10T20:06:53.688968Z"
72552,72552,30875,"1","Not Flooded","2025-02-10T19:48:51.666443Z",689,"/data/local-files/?d=/share/XXXX-19/nexar_data/training_datasets/street_flooding/all_no_letterboxing/nlbx_1ad5778c310f60c9848b626353420c74.jpg","",1.02,"Does this image show more than a foot of standing water?","Is the street in this image flooded?","No, the image does not show more than a foot of standing water. The water level appears to be shallow, likely less than a foot, as it is not covering the wheels of the parked cars or reaching the base of the street signs.","No, the street is not flooded. The water on the road appears to be a result of recent rainfall, and the vehicles are not submerged, indicating that the water level is not high enough to cause flooding.",0,"2025-02-10T19:48:51.666465Z"
109196,109196,31060,"1","Flooded","2025-02-10T19:54:58.773579Z",692,"/data/local-files/?d=/share/XXXX-19/nexar_data/training_datasets/street_flooding/all_no_letterboxing/nlbx_adad6b3d29aa71f6cb237fba393dd7ba.jpg","",1.925,"Does this image show more than a foot of standing water?","Is the street in this image flooded?","Yes, the image shows a significant amount of standing water on the road, which appears to be more than a foot deep in some areas, indicating a substantial flooding event.","Yes, the street appears to be flooded, as evidenced by the water covering the road and the vehicles, which suggests recent heavy rainfall or a possible overflow of a nearby water body.",1,"2025-02-10T19:54:58.773607Z"
7424,7424,30797,"1","Not Flooded","2025-02-10T19:41:59.961710Z",693,"/data/local-files/?d=/share/XXXX-19/nexar_data/training_datasets/street_flooding/all_no_letterboxing/nlbx_ca282ce1cfefe21201482ae619782523.jpg","",1.164,"Does this image show more than a foot of standing water?","Is the street in this image flooded?","No, it does not show more than a foot of standing water.","The street in the image does not appear to be flooded. The water on the road is likely due to recent rainfall, and the water level does not seem to be high enough to suggest flooding.",0,"2025-02-10T19:41:59.961730Z"
118628,118628,31035,"1","Not Flooded","2025-02-10T19:54:14.039796Z",695,"/data/local-files/?d=/share/XXXX-19/nexar_data/training_datasets/street_flooding/all_no_letterboxing/nlbx_335387ee0f3d13b86c21d4ba91e6f88e.jpg","",5.878,"Does this image show more than a foot of standing water?","Is the street in this image flooded?","No, it does not show more than a foot of standing water.","Yes, the street in the image is flooded.",1,"2025-02-10T19:54:14.039824Z"
44888,44888,30811,"1","Not Flooded","2025-02-10T19:42:28.337772Z",698,"/data/local-files/?d=/share/XXXX-19/nexar_data/training_datasets/street_flooding/all_no_letterboxing/nlbx_0bb7c3517f67852950cba7ec6436228a.jpg","",1.038,"Does this image show more than a foot of standing water?","Is the street in this image flooded?","No, it does not show more than a foot of standing water.","No, the street is not flooded.",0,"2025-02-10T19:42:28.337793Z"
107706,107706,31063,"1","Not Flooded","2025-02-10T19:55:03.379137Z",702,"/data/local-files/?d=/share/XXXX-19/nexar_data/training_datasets/street_flooding/all_no_letterboxing/nlbx_5be3b86ef75f9cd61becf30dc0bb4d0a.jpg","",0.911,"Does this image show more than a foot of standing water?","Is the street in this image flooded?","Yes, the image shows a significant amount of standing water on the road, which appears to be more than a foot deep in some areas, indicating recent heavy rainfall or a possible flooding situation.","Yes, the street appears to be flooded, as evidenced by the water covering the road and the vehicles' tires submerged.",1,"2025-02-10T19:55:03.379159Z"
102882,102882,30881,"1","Not Flooded","2025-02-10T19:49:02.479089Z",704,"/data/local-files/?d=/share/XXXX-19/nexar_data/training_datasets/street_flooding/all_no_letterboxing/nlbx_ba0c81b7586330a3638593abc165dbae.jpg","",1.326,"Does this image show more than a foot of standing water?","Is the street in this image flooded?","No, it does not show more than a foot of standing water.","Yes, the street in the image is flooded, as evidenced by the water covering the road and the visible waterline on the vehicles.",1,"2025-02-10T19:49:02.479110Z"
123329,123329,30790,"1","Flooded","2025-02-10T19:41:41.845011Z",706,"/data/local-files/?d=/share/XXXX-19/nexar_data/training_datasets/street_flooding/all_no_letterboxing/nlbx_5e3ad36b84474b21287d192a5c5dbfc0.jpg","",4.686,"Does this image show more than a foot of standing water?","Is the street in this image flooded?","No, it does not show more than a foot of standing water.","No, the street is not flooded.",0,"2025-02-10T19:41:47.132022Z"
125789,125789,30801,"1","Not Flooded","2025-02-10T19:42:10.976848Z",707,"/data/local-files/?d=/share/XXXX-19/nexar_data/training_datasets/street_flooding/all_no_letterboxing/nlbx_00f9eb20643b8e596fba52f40637e27a.jpg","",1.046,"Does this image show more than a foot of standing water?","Is the street in this image flooded?","No, it does not show more than a foot of standing water.","Yes, the street in the image appears to be flooded, as evidenced by the water covering the road and the reflections on the wet surface.",1,"2025-02-10T19:42:10.976873Z"
54032,54032,30788,"1","Not Flooded","2025-02-10T19:41:39.064336Z",708,"/data/local-files/?d=/share/XXXX-19/nexar_data/training_datasets/street_flooding/all_no_letterboxing/nlbx_3821a97a2c9e81970a14c643fd1cdc89.jpg","",0.468,"Does this image show more than a foot of standing water?","Is the street in this image flooded?","No, it does not show more than a foot of standing water.","No, the street is not flooded.",0,"2025-02-10T19:41:39.064357Z"
119613,119613,31011,"1","Not Flooded","2025-02-10T19:53:29.501200Z",709,"/data/local-files/?d=/share/XXXX-19/nexar_data/training_datasets/street_flooding/all_no_letterboxing/nlbx_9297b19d48e66a42e1247e6cc82ed8e1.jpg","",0.964,"Does this image show more than a foot of standing water?","Is the street in this image flooded?","No, it does not show more than a foot of standing water.","No, the street is not flooded.",0,"2025-02-10T19:53:29.501223Z"
133974,133974,29670,"1","Not Flooded","2025-02-09T18:20:47.432738Z",711,"/data/local-files/?d=/share/XXXX-19/nexar_data/training_datasets/street_flooding/all_no_letterboxing/nlbx_e0767dc22587f1eba5cc9fa2a9a13a1a.jpg","",1.293,"Does this image show more than a foot of standing water?","Is the street in this image flooded?","No, it does not show more than a foot of standing water.","Yes, the street in this image is flooded.",1,"2025-02-09T18:20:47.432757Z"
150937,150937,31085,"1","Not Flooded","2025-02-10T20:07:06.555298Z",714,"/data/local-files/?d=/share/XXXX-19/nexar_data/training_datasets/street_flooding/all_no_letterboxing/nlbx_8029deb6b8ee402d7aaf44c289a2001c.jpg","",1.26,"Does this image show more than a foot of standing water?","Is the street in this image flooded?","No, it does not show more than a foot of standing water.","Yes, the street appears to be flooded, as evidenced by the water covering the road and the reflections on the wet surface.",1,"2025-02-10T20:07:06.555321Z"
111387,111387,29750,"1","Not Flooded","2025-02-09T18:23:28.663770Z",716,"/data/local-files/?d=/share/XXXX-19/nexar_data/training_datasets/street_flooding/all_no_letterboxing/nlbx_564560e583769cd3c9b0ae8844ba0462.jpg","",0.836,"Does this image show more than a foot of standing water?","Is the street in this image flooded?","No, it does not show more than a foot of standing water.","Yes, the street is flooded.",1,"2025-02-09T18:23:28.663790Z"
146678,146678,30732,"1","Not Flooded","2025-02-10T19:39:34.075963Z",718,"/data/local-files/?d=/share/XXXX-19/nexar_data/training_datasets/street_flooding/all_no_letterboxing/nlbx_8204db3cd319ddcfa854f6d401322f8f.jpg","",0.991,"Does this image show more than a foot of standing water?","Is the street in this image flooded?","No, it does not show more than a foot of standing water.","No, the street is not flooded.",0,"2025-02-10T19:39:34.075984Z"
145241,145241,29701,"1","Not Flooded","2025-02-09T18:21:51.159779Z",719,"/data/local-files/?d=/share/XXXX-19/nexar_data/training_datasets/street_flooding/all_no_letterboxing/nlbx_fdb376b70e23aef554579050a95363ac.jpg","",0.859,"Does this image show more than a foot of standing water?","Is the street in this image flooded?","The image does not show more than a foot of standing water. The water level appears to be shallow, likely less than a foot, as it is not reaching the wheels of the vehicles or the base of the street signs.","The street in the image does not appear to be flooded. The water on the road seems to be a result of recent rainfall, and there are no visible signs of standing water that would indicate flooding. The road markings are still visible, and the vehicles are not submerged, which would likely be the case if the water level were higher than normal.",0,"2025-02-09T18:21:51.159800Z"
139542,139542,29662,"1","Not Flooded","2025-02-09T18:20:29.127769Z",720,"/data/local-files/?d=/share/XXXX-19/nexar_data/training_datasets/street_flooding/all_no_letterboxing/nlbx_e669e5a4a6abb69fdcd1129d939392cf.jpg","",1.185,"Does this image show more than a foot of standing water?","Is the street in this image flooded?","No, it does not show more than a foot of standing water.","Yes, the street appears to be flooded, as evidenced by the water covering the road and the vehicles' tires submerged.",1,"2025-02-09T18:20:29.127789Z"
111532,111532,30910,"1","Not Flooded","2025-02-10T19:50:16.705293Z",722,"/data/local-files/?d=/share/XXXX-19/nexar_data/training_datasets/street_flooding/all_no_letterboxing/nlbx_465eebc4cd50475681f3a6925c669405.jpg","",6.013,"Does this image show more than a foot of standing water?","Is the street in this image flooded?","No, it does not show more than a foot of standing water.","Yes, the street in the image appears to be flooded, as evidenced by the water covering the road and the surrounding area.",1,"2025-02-10T19:50:16.705319Z"
136368,136368,30995,"1","Not Flooded","2025-02-10T19:53:03.672268Z",724,"/data/local-files/?d=/share/XXXX-19/nexar_data/training_datasets/street_flooding/all_no_letterboxing/nlbx_fee93e5621620a03fb75c5eacd23bb8c.jpg","",1.096,"Does this image show more than a foot of standing water?","Is the street in this image flooded?","Yes, the image shows a significant amount of standing water on the road, which appears to be more than a foot deep in some areas. This is evident from the water reaching the lower parts of the vehicles and the visible reflections on the wet surface.","Yes, the street appears to be flooded, as evidenced by the water covering the road and the vehicles.",1,"2025-02-10T19:53:03.672292Z"
135869,135869,30863,"1","Not Flooded","2025-02-10T19:48:27.535655Z",730,"/data/local-files/?d=/share/XXXX-19/nexar_data/training_datasets/street_flooding/all_no_letterboxing/nlbx_5da7bb06884949442e1649a22fc97f84.jpg","",0.944,"Does this image show more than a foot of standing water?","Is the street in this image flooded?","No, it does not show more than a foot of standing water.","No, the street is not flooded. The water on the road appears to be from recent rain, as evidenced by the droplets on the windshield and the lack of significant water accumulation on the road surface.",0,"2025-02-10T19:48:27.535676Z"
152843,152843,30718,"1","Not Flooded","2025-02-10T19:39:10.749938Z",731,"/data/local-files/?d=/share/XXXX-19/nexar_data/training_datasets/street_flooding/all_no_letterboxing/nlbx_480f46dfc74ba1c4be8aba0ac2caa51d.jpg","",1.499,"Does this image show more than a foot of standing water?","Is the street in this image flooded?","Yes, the image shows a significant amount of standing water on the road, which appears to be more than a foot deep in some areas, indicating heavy rainfall and potential flooding conditions.","Yes, the street in the image appears to be flooded, as evidenced by the water covering the road and the visible waterline on the vehicles.",1,"2025-02-10T19:39:10.749960Z"
113936,113936,29724,"1","Not Flooded","2025-02-09T18:22:42.305219Z",732,"/data/local-files/?d=/share/XXXX-19/nexar_data/training_datasets/street_flooding/all_no_letterboxing/nlbx_3d131545e35a378197ff39f917c5fd2c.jpg","",0.795,"Does this image show more than a foot of standing water?","Is the street in this image flooded?","No","No, the street is not flooded.",0,"2025-02-09T18:22:42.305239Z"
38088,38088,30744,"1","Not Flooded","2025-02-10T19:39:54.208577Z",733,"/data/local-files/?d=/share/XXXX-19/nexar_data/training_datasets/street_flooding/all_no_letterboxing/nlbx_95f6ba1f298f72224f769250af27df93.jpg","",1.072,"Does this image show more than a foot of standing water?","Is the street in this image flooded?","No, the image does not show more than a foot of standing water. The water level appears to be shallow, likely no more than a few inches, as it does not reach the wheels of the parked cars or the base of the trees.","No, the street is not flooded.",0,"2025-02-10T19:39:54.208598Z"
40896,40896,30901,"1","Not Flooded","2025-02-10T19:49:57.201212Z",734,"/data/local-files/?d=/share/XXXX-19/nexar_data/training_datasets/street_flooding/all_no_letterboxing/nlbx_dfc9266c07fae37cd837935d54c03a6b.jpg","",2.413,"Does this image show more than a foot of standing water?","Is the street in this image flooded?","No, it does not show more than a foot of standing water.","No, the street is not flooded.",0,"2025-02-10T19:49:57.201239Z"
120741,120741,29721,"1","Not Flooded","2025-02-09T18:22:36.010213Z",737,"/data/local-files/?d=/share/XXXX-19/nexar_data/training_datasets/street_flooding/all_no_letterboxing/nlbx_1d99f60d74f0c62532e7f59aa154291d.jpg","",0.998,"Does this image show more than a foot of standing water?","Is the street in this image flooded?","No, it does not show more than a foot of standing water.","The street in the image does not appear to be flooded. The water on the road is likely due to recent rainfall, as evidenced by the wet conditions and the presence of puddles. There are no signs of standing water that would indicate a flood, and the vehicles are driving without any visible water reaching their wheels.",0,"2025-02-09T18:22:36.010233Z"
26135,26135,30770,"1","Not Flooded","2025-02-10T19:40:48.452544Z",740,"/data/local-files/?d=/share/XXXX-19/nexar_data/training_datasets/street_flooding/all_no_letterboxing/nlbx_1a3df41bbe3538e7d24966ebd0bab42f.jpg","",1.126,"Does this image show more than a foot of standing water?","Is the street in this image flooded?","Yes, the image clearly shows more than a foot of standing water on the street, as evidenced by the submerged vehicles and the depth of the water reaching up to the wheels of the cars.","Yes, the street is flooded.",1,"2025-02-10T19:40:48.452564Z"
2681,2681,29759,"1","Not Flooded","2025-02-09T18:23:43.602916Z",741,"/data/local-files/?d=/share/XXXX-19/nexar_data/training_datasets/street_flooding/all_no_letterboxing/nlbx_24478818bf3f6b335afdc4ce10156590.jpg","",1.821,"Does this image show more than a foot of standing water?","Is the street in this image flooded?","No, it does not show more than a foot of standing water.","No, the street is not flooded.",0,"2025-02-09T18:23:43.602936Z"
44004,44004,30767,"1","Not Flooded","2025-02-10T19:40:43.763565Z",742,"/data/local-files/?d=/share/XXXX-19/nexar_data/training_datasets/street_flooding/all_no_letterboxing/nlbx_ea9d9d3ebfec96c4299547210be6bd85.jpg","",0.963,"Does this image show more than a foot of standing water?","Is the street in this image flooded?","Yes, the image shows more than a foot of standing water on the road, which is indicative of significant rainfall and potential flooding conditions.","Yes, the street appears to be flooded, as evidenced by the water covering the road and the vehicles. The water level seems to be quite high, reaching the lower parts of the vehicles and the road itself.",1,"2025-02-10T19:40:43.763586Z"
96503,96503,31062,"1","Not Flooded","2025-02-10T19:55:01.933553Z",743,"/data/local-files/?d=/share/XXXX-19/nexar_data/training_datasets/street_flooding/all_no_letterboxing/nlbx_2f9451172be4a3952d71ee52be6e92ec.jpg","",1.073,"Does this image show more than a foot of standing water?","Is the street in this image flooded?","No, the image does not show more than a foot of standing water. The road appears to be dry, with no visible puddles or significant water accumulation that would indicate flooding. The vehicles are in motion, and there are no signs of water on the road surface that would suggest recent heavy rainfall or standing water. The overcast sky does not necessarily indicate recent or impending rain, as it could be a cloudy day without precipitation.","No, the street is not flooded.",0,"2025-02-10T19:55:01.933583Z"
128990,128990,30708,"1","Not Flooded","2025-02-10T19:38:54.364385Z",744,"/data/local-files/?d=/share/XXXX-19/nexar_data/training_datasets/street_flooding/all_no_letterboxing/nlbx_6e2ea06b0a6e91ac1b4babbc802aced7.jpg","",1.017,"Does this image show more than a foot of standing water?","Is the street in this image flooded?","The image does not show more than a foot of standing water. The water level appears to be shallow, likely less than a foot, as it is not covering the wheels of the cars or reaching the base of the street signs.","The street in the image does not appear to be flooded. While there is visible water on the road, it seems to be a result of recent rainfall rather than a significant water level that would indicate flooding.",0,"2025-02-10T19:38:54.364406Z"
117251,117251,30730,"1","Not Flooded","2025-02-10T19:39:31.154813Z",745,"/data/local-files/?d=/share/XXXX-19/nexar_data/training_datasets/street_flooding/all_no_letterboxing/nlbx_5f3add3727d65c115da964104c63f50e.jpg","",0.904,"Does this image show more than a foot of standing water?","Is the street in this image flooded?","Yes, the image shows more than a foot of standing water on the road, which is indicative of significant rainfall and potential flooding conditions.","Yes, the street appears to be flooded, as evidenced by the water covering the road and the visible waterline on the side of the road.",1,"2025-02-10T19:39:31.154833Z"
3857,3857,31021,"1","Not Flooded","2025-02-10T19:53:46.528437Z",746,"/data/local-files/?d=/share/XXXX-19/nexar_data/training_datasets/street_flooding/all_no_letterboxing/nlbx_25c2bfbe7f9f63003630eebf67afda5a.jpg","",1.07,"Does this image show more than a foot of standing water?","Is the street in this image flooded?","No, it does not show more than a foot of standing water.","No, the street is not flooded.",0,"2025-02-10T19:53:46.528459Z"
78152,78152,31018,"1","Not Flooded","2025-02-10T19:53:39.655449Z",747,"/data/local-files/?d=/share/XXXX-19/nexar_data/training_datasets/street_flooding/all_no_letterboxing/nlbx_e569872bba7abefbc442f293e552b051.jpg","",0.846,"Does this image show more than a foot of standing water?","Is the street in this image flooded?","No, it does not show more than a foot of standing water.","No, the street is not flooded.",0,"2025-02-10T19:53:39.655472Z"
79201,79201,31064,"1","Not Flooded","2025-02-10T19:55:04.801379Z",750,"/data/local-files/?d=/share/XXXX-19/nexar_data/training_datasets/street_flooding/all_no_letterboxing/nlbx_6edadc211b0c679b24d32105c2e9032d.jpg","",0.912,"Does this image show more than a foot of standing water?","Is the street in this image flooded?","No, it does not show more than a foot of standing water.","No, the street is not flooded. The road appears dry, and there are no visible signs of water accumulation or submerged vehicles.",0,"2025-02-10T19:55:04.801403Z"
108846,108846,30765,"1","Not Flooded","2025-02-10T19:40:40.726676Z",751,"/data/local-files/?d=/share/XXXX-19/nexar_data/training_datasets/street_flooding/all_no_letterboxing/nlbx_5e4e028d220d3721cc1aa7212813f9b0.jpg","",1.11,"Does this image show more than a foot of standing water?","Is the street in this image flooded?","No, it does not show more than a foot of standing water.","No, the street is not flooded.",0,"2025-02-10T19:40:40.726697Z"
58577,58577,30698,"1","Not Flooded","2025-02-10T19:38:38.346882Z",752,"/data/local-files/?d=/share/XXXX-19/nexar_data/training_datasets/street_flooding/all_no_letterboxing/nlbx_c1128ec3fcfa9efa767088ce28772506.jpg","",0.913,"Does this image show more than a foot of standing water?","Is the street in this image flooded?","No, it does not show more than a foot of standing water.","No, the street is not flooded. The road appears to be dry, and there are no visible signs of water accumulation or standing water that would indicate flooding.",0,"2025-02-10T19:38:38.346903Z"
57636,57636,29713,"1","Not Flooded","2025-02-09T18:22:23.903021Z",754,"/data/local-files/?d=/share/XXXX-19/nexar_data/training_datasets/street_flooding/all_no_letterboxing/nlbx_2bc61ec9da64e0f86cc7abec58e45cf5.jpg","",3.093,"Does this image show more than a foot of standing water?","Is the street in this image flooded?","No","Yes, the street in the image is flooded.",1,"2025-02-09T18:22:23.903041Z"
146473,146473,30967,"1","Not Flooded","2025-02-10T19:52:06.329819Z",755,"/data/local-files/?d=/share/XXXX-19/nexar_data/training_datasets/street_flooding/all_no_letterboxing/nlbx_607715933c0706a44bbba20e46e757c4.jpg","",0.869,"Does this image show more than a foot of standing water?","Is the street in this image flooded?","No, it does not show more than a foot of standing water.","No, the street is not flooded.",0,"2025-02-10T19:52:06.329842Z"
42635,42635,29676,"1","Not Flooded","2025-02-09T18:20:58.298620Z",757,"/data/local-files/?d=/share/XXXX-19/nexar_data/training_datasets/street_flooding/all_no_letterboxing/nlbx_504ae97678b567a0f1ec0ef566ff899f.jpg","",1.225,"Does this image show more than a foot of standing water?","Is the street in this image flooded?","Yes, the image shows a significant amount of standing water on the road, which appears to be more than a foot deep in some areas, indicating heavy rainfall or a possible flooding situation.","Yes, the street appears to be flooded, as evidenced by the water covering the road and the vehicles.",1,"2025-02-09T18:20:58.298640Z"
33340,33340,29705,"1","Not Flooded","2025-02-09T18:22:01.603867Z",758,"/data/local-files/?d=/share/XXXX-19/nexar_data/training_datasets/street_flooding/all_no_letterboxing/nlbx_42ce8464e82a7396a2611456fdb70438.jpg","",1.007,"Does this image show more than a foot of standing water?","Is the street in this image flooded?","No, it does not show more than a foot of standing water.","No, the street is not flooded.",0,"2025-02-09T18:22:01.603887Z"
18934,18934,30940,"1","Flooded","2025-02-10T19:51:17.637293Z",759,"/data/local-files/?d=/share/XXXX-19/nexar_data/training_datasets/street_flooding/all_no_letterboxing/nlbx_c1be2ad3909ee8a5096733b35146e9be.jpg","",2.035,"Does this image show more than a foot of standing water?","Is the street in this image flooded?","No, it does not show more than a foot of standing water.","Yes, the street is flooded.",1,"2025-02-10T19:51:17.637315Z"
153146,153146,30825,"1","Not Flooded","2025-02-10T19:43:02.326387Z",762,"/data/local-files/?d=/share/XXXX-19/nexar_data/training_datasets/street_flooding/all_no_letterboxing/nlbx_f5b4c866cc0b3d2337a1f6cff3c139d1.jpg","",1.257,"Does this image show more than a foot of standing water?","Is the street in this image flooded?","No, it does not show more than a foot of standing water.","No, the street is not flooded. The water on the windshield suggests recent rain, but the road surface appears dry, and there are no visible signs of standing water or flooded areas.",0,"2025-02-10T19:43:02.326407Z"
145644,145644,31045,"1","Not Flooded","2025-02-10T19:54:31.893204Z",766,"/data/local-files/?d=/share/XXXX-19/nexar_data/training_datasets/street_flooding/all_no_letterboxing/nlbx_c71559b78e9bad4f81a5be14dd71eb5e.jpg","",1.034,"Does this image show more than a foot of standing water?","Is the street in this image flooded?","No, it does not show more than a foot of standing water.","No, the street is not flooded.",0,"2025-02-10T19:54:31.893226Z"
80467,80467,30781,"1","Not Flooded","2025-02-10T19:41:08.148046Z",767,"/data/local-files/?d=/share/XXXX-19/nexar_data/training_datasets/street_flooding/all_no_letterboxing/nlbx_4fe9971f4e15875d277cfc1808e478e5.jpg","",1.002,"Does this image show more than a foot of standing water?","Is the street in this image flooded?","No, it does not show more than a foot of standing water.","No, the street is not flooded.",0,"2025-02-10T19:41:08.148069Z"
141937,141937,30748,"1","Not Flooded","2025-02-10T19:40:11.539951Z",768,"/data/local-files/?d=/share/XXXX-19/nexar_data/training_datasets/street_flooding/all_no_letterboxing/nlbx_521084a6a10f676e164c64bbaf8ff7bc.jpg","",1.105,"Does this image show more than a foot of standing water?","Is the street in this image flooded?","No, it does not show more than a foot of standing water.","Yes, the street in this image is flooded.",1,"2025-02-10T19:40:11.539972Z"
74523,74523,30873,"1","Not Flooded","2025-02-10T19:48:48.390661Z",769,"/data/local-files/?d=/share/XXXX-19/nexar_data/training_datasets/street_flooding/all_no_letterboxing/nlbx_21380883383ef8bb8c0f4b5d68003681.jpg","",1.189,"Does this image show more than a foot of standing water?","Is the street in this image flooded?","No, it does not show more than a foot of standing water.","No, the street is not flooded.",0,"2025-02-10T19:48:48.390683Z"
49827,49827,31053,"1","Not Flooded","2025-02-10T19:54:45.089018Z",772,"/data/local-files/?d=/share/XXXX-19/nexar_data/training_datasets/street_flooding/all_no_letterboxing/nlbx_fd141113ca958ee58ad9c60e01abf4d3.jpg","",1.156,"Does this image show more than a foot of standing water?","Is the street in this image flooded?","Yes, the image shows a significant amount of standing water on the road, which appears to be more than a foot deep in some areas, indicating a substantial flooding event.","Yes, the street in the image appears to be flooded, as evidenced by the water covering the road and the presence of traffic cones, which are typically used to redirect traffic away from hazardous areas.",1,"2025-02-10T19:54:45.089044Z"
131674,131674,30985,"1","Not Flooded","2025-02-10T19:52:46.757184Z",773,"/data/local-files/?d=/share/XXXX-19/nexar_data/training_datasets/street_flooding/all_no_letterboxing/nlbx_ea0b591ea02b3a1d670aeacf08c0bd80.jpg","",1.044,"Does this image show more than a foot of standing water?","Is the street in this image flooded?","The image does not show more than a foot of standing water. The water level appears to be shallow, likely no more than a few inches, as it is not reaching the wheels of the vehicle or the lower parts of the pedestrians. The water is concentrated on the road surface, and the pedestrians are walking without any visible discomfort or the need for water-resistant footwear, which suggests that the water is not deep.","Yes, the street in this image is flooded.",1,"2025-02-10T19:52:46.757206Z"
21929,21929,30813,"1","Not Flooded","2025-02-10T19:42:31.486850Z",779,"/data/local-files/?d=/share/XXXX-19/nexar_data/training_datasets/street_flooding/all_no_letterboxing/nlbx_f905fe92e525266b953936ca59eb1778.jpg","",1.058,"Does this image show more than a foot of standing water?","Is the street in this image flooded?","No, it does not show more than a foot of standing water.","Yes, the street in the image is flooded, as evidenced by the water covering the road and the vehicles' tires submerged.",1,"2025-02-10T19:42:31.486870Z"
63160,63160,30749,"1","Not Flooded","2025-02-10T19:40:13.171583Z",781,"/data/local-files/?d=/share/XXXX-19/nexar_data/training_datasets/street_flooding/all_no_letterboxing/nlbx_6e7c7949b0c7ef1eb6cb676ab2fbf418.jpg","",1.163,"Does this image show more than a foot of standing water?","Is the street in this image flooded?","No, it does not show more than a foot of standing water.","No, the street is not flooded.",0,"2025-02-10T19:40:13.171604Z"
2247,2247,31004,"1","Not Flooded","2025-02-10T19:53:18.423730Z",782,"/data/local-files/?d=/share/XXXX-19/nexar_data/training_datasets/street_flooding/all_no_letterboxing/nlbx_d9070466573032dfcb02065f266b2fd1.jpg","",1.126,"Does this image show more than a foot of standing water?","Is the street in this image flooded?","The image does not show more than a foot of standing water. The water level appears to be less than a foot, as it reaches approximately halfway up the wheels of the vehicles, which typically have a wheel height of around 30 to 35 inches. The water level is consistent with what might be expected in a flooded parking lot or street after heavy rainfall.","Yes, the street appears to be flooded, as evidenced by the water covering the road and the vehicles' tires submerged.",1,"2025-02-10T19:53:18.423753Z"
45479,45479,30980,"1","Not Flooded","2025-02-10T19:52:29.301002Z",784,"/data/local-files/?d=/share/XXXX-19/nexar_data/training_datasets/street_flooding/all_no_letterboxing/nlbx_c5e41a2697fcd7493c001aa5c82fcbba.jpg","",0.914,"Does this image show more than a foot of standing water?","Is the street in this image flooded?","No, it does not show more than a foot of standing water.","No, the street is not flooded.",0,"2025-02-10T19:52:29.301025Z"
113260,113260,29748,"1","Not Flooded","2025-02-09T18:23:26.072008Z",787,"/data/local-files/?d=/share/XXXX-19/nexar_data/training_datasets/street_flooding/all_no_letterboxing/nlbx_01cca6173762baea6f0ec38f358b7cb8.jpg","",0.805,"Does this image show more than a foot of standing water?","Is the street in this image flooded?","No","No, the street is not flooded.",0,"2025-02-09T18:23:26.072028Z"
128714,128714,31051,"1","Flooded","2025-02-10T19:54:41.653312Z",788,"/data/local-files/?d=/share/XXXX-19/nexar_data/training_datasets/street_flooding/all_no_letterboxing/nlbx_d3de679f1810131158e041d28ef27e9d.jpg","",1.419,"Does this image show more than a foot of standing water?","Is the street in this image flooded?","Yes, the image shows more than a foot of standing water, as evidenced by the submerged vehicles and the depth of the water reaching the wheels of the cars.","Yes, the street is flooded.",1,"2025-02-10T19:54:41.653334Z"
15504,15504,29693,"1","Not Flooded","2025-02-09T18:21:38.427742Z",789,"/data/local-files/?d=/share/XXXX-19/nexar_data/training_datasets/street_flooding/all_no_letterboxing/nlbx_7b3c69fa854ff5903db4d1e2f281530b.jpg","",0.836,"Does this image show more than a foot of standing water?","Is the street in this image flooded?","No, it does not show more than a foot of standing water.","No, the street is not flooded.",0,"2025-02-09T18:21:38.427762Z"
102184,102184,29741,"1","Not Flooded","2025-02-09T18:23:15.980375Z",792,"/data/local-files/?d=/share/XXXX-19/nexar_data/training_datasets/street_flooding/all_no_letterboxing/nlbx_6ebcc1c88f0f7aa61426d0e5657f5949.jpg","",1.039,"Does this image show more than a foot of standing water?","Is the street in this image flooded?","Yes, the image shows a significant amount of standing water on the road, which appears to be more than a foot deep in some areas. This level of water accumulation can pose a risk to vehicles and pedestrians, potentially leading to accidents or damage to property.","Yes, the street in the image appears to be flooded, as evidenced by the water covering the road and the visible waterline on the vehicles.",1,"2025-02-09T18:23:15.980395Z"
105455,105455,31012,"1","Not Flooded","2025-02-10T19:53:30.991414Z",793,"/data/local-files/?d=/share/XXXX-19/nexar_data/training_datasets/street_flooding/all_no_letterboxing/nlbx_117839dda98c4a1241b8b7e808ff4498.jpg","",0.969,"Does this image show more than a foot of standing water?","Is the street in this image flooded?","No, it does not show more than a foot of standing water.","No, the street is not flooded.",0,"2025-02-10T19:53:30.991440Z"
106426,106426,30956,"1","Not Flooded","2025-02-10T19:51:50.082833Z",796,"/data/local-files/?d=/share/XXXX-19/nexar_data/training_datasets/street_flooding/all_no_letterboxing/nlbx_624f102ef8c7e77bc03cd441ed0064d5.jpg","",0.988,"Does this image show more than a foot of standing water?","Is the street in this image flooded?","No, it does not show more than a foot of standing water.","No, the street is not flooded.",0,"2025-02-10T19:51:50.082871Z"
146605,146605,30935,"1","Flooded","2025-02-10T19:51:02.917806Z",798,"/data/local-files/?d=/share/XXXX-19/nexar_data/training_datasets/street_flooding/all_no_letterboxing/nlbx_6fb235a36ebe3230f2234acb99aa2a68.jpg","",1.263,"Does this image show more than a foot of standing water?","Is the street in this image flooded?","Yes, the image shows more than a foot of standing water. The water level reaches approximately halfway up the wheels of the car in the foreground, which suggests that the water is at least a foot deep in the area where the car is driving.","Yes, the street in the image is flooded, as evidenced by the water covering the road and the vehicles partially submerged.",1,"2025-02-10T19:51:02.917827Z"
14397,14397,30817,"1","Not Flooded","2025-02-10T19:42:46.461743Z",799,"/data/local-files/?d=/share/XXXX-19/nexar_data/training_datasets/street_flooding/all_no_letterboxing/nlbx_ccbfdb756d6520d593f9c9730c2bf753.jpg","",1.84,"Does this image show more than a foot of standing water?","Is the street in this image flooded?","Yes, the image shows more than a foot of standing water, as evidenced by the submerged vehicles and the depth of the water reaching the wheels of the cars.","Yes, the street appears to be flooded, as evidenced by the water covering the road and the vehicles.",1,"2025-02-10T19:42:46.461763Z"
20273,20273,30993,"1","Not Flooded","2025-02-10T19:53:00.539171Z",800,"/data/local-files/?d=/share/XXXX-19/nexar_data/training_datasets/street_flooding/all_no_letterboxing/nlbx_481914ee92384510f808f2baf0471ad5.jpg","",1.101,"Does this image show more than a foot of standing water?","Is the street in this image flooded?","No, it does not show more than a foot of standing water.","No, the street is not flooded.",0,"2025-02-10T19:53:00.539193Z"
89734,89734,30978,"1","Not Flooded","2025-02-10T19:52:26.240362Z",801,"/data/local-files/?d=/share/XXXX-19/nexar_data/training_datasets/street_flooding/all_no_letterboxing/nlbx_a6cefd1396004473d0c268224db7ae73.jpg","",4.39,"Does this image show more than a foot of standing water?","Is the street in this image flooded?","Yes, the image shows more than a foot of standing water on the road, which is indicative of heavy rainfall and potential flooding conditions.","Yes, the street in the image is visibly flooded, with water reaching the level of the vehicles' tires. This suggests that the water level is quite high, potentially due to heavy rainfall or a nearby water source overflowing.",1,"2025-02-10T19:52:26.240387Z"
101819,101819,30924,"1","Not Flooded","2025-02-10T19:50:43.070659Z",805,"/data/local-files/?d=/share/XXXX-19/nexar_data/training_datasets/street_flooding/all_no_letterboxing/nlbx_59c4fe471c4c15faa20a8de5f452c5c3.jpg","",1.183,"Does this image show more than a foot of standing water?","Is the street in this image flooded?","Yes, the image shows more than a foot of standing water on the road, which is indicative of heavy rainfall and potentially hazardous driving conditions.","Yes, the street in the image is flooded, as evidenced by the water covering the road and the vehicles' headlights reflecting off the water's surface.",1,"2025-02-10T19:50:43.070686Z"
85470,85470,30766,"1","Not Flooded","2025-02-10T19:40:42.322339Z",807,"/data/local-files/?d=/share/XXXX-19/nexar_data/training_datasets/street_flooding/all_no_letterboxing/nlbx_d9e2c6d560f6bfebd7a8ef8935437d23.jpg","",1.116,"Does this image show more than a foot of standing water?","Is the street in this image flooded?","No","No, the street is not flooded.",0,"2025-02-10T19:40:42.322363Z"
113284,113284,31083,"1","Not Flooded","2025-02-10T20:07:02.731011Z",808,"/data/local-files/?d=/share/XXXX-19/nexar_data/training_datasets/street_flooding/all_no_letterboxing/nlbx_a23af5459a2f197808dbb50a0c62fd69.jpg","",1.485,"Does this image show more than a foot of standing water?","Is the street in this image flooded?","No","Yes, the street in the image is flooded, as evidenced by the water covering the road and the vehicles.",1,"2025-02-10T20:07:02.731033Z"
70769,70769,30772,"1","Not Flooded","2025-02-10T19:40:51.342715Z",809,"/data/local-files/?d=/share/XXXX-19/nexar_data/training_datasets/street_flooding/all_no_letterboxing/nlbx_ffb774c25e1fc57e444fb0d296621acd.jpg","",0.911,"Does this image show more than a foot of standing water?","Is the street in this image flooded?","No, it does not show more than a foot of standing water.","No, the street is not flooded.",0,"2025-02-10T19:40:51.342735Z"
70963,70963,29663,"1","Not Flooded","2025-02-09T18:20:30.622968Z",810,"/data/local-files/?d=/share/XXXX-19/nexar_data/training_datasets/street_flooding/all_no_letterboxing/nlbx_4dab145367cacce5b0df7dbbdde4d8fd.jpg","",1.049,"Does this image show more than a foot of standing water?","Is the street in this image flooded?","Yes, the image shows more than a foot of standing water on the road, which is indicative of recent heavy rainfall or a potential flooding situation.","Yes, the street in the image is flooded.",1,"2025-02-09T18:20:30.622996Z"
123465,123465,29720,"1","Flooded","2025-02-09T18:22:34.564545Z",811,"/data/local-files/?d=/share/XXXX-19/nexar_data/training_datasets/street_flooding/all_no_letterboxing/nlbx_247d31280b5ff3f8df7b737b00ed4b60.jpg","",1.654,"Does this image show more than a foot of standing water?","Is the street in this image flooded?","Yes, the image shows more than a foot of standing water on the street, which is indicative of significant rainfall and potential flooding conditions.","Yes, the street in the image appears to be flooded, as evidenced by the water covering the road and the vehicles parked on the side.",1,"2025-02-09T18:22:34.564566Z"
8462,8462,31040,"1","Not Flooded","2025-02-10T19:54:22.007347Z",813,"/data/local-files/?d=/share/XXXX-19/nexar_data/training_datasets/street_flooding/all_no_letterboxing/nlbx_4912dc3e5bb36b7cf0ed70e0d6a42f2e.jpg","",0.979,"Does this image show more than a foot of standing water?","Is the street in this image flooded?","No, it does not show more than a foot of standing water.","No, the street is not flooded. The water on the road appears to be a result of recent rainfall, and the water level does not seem to be high enough to indicate flooding.",0,"2025-02-10T19:54:22.007372Z"
4904,4904,29672,"1","Not Flooded","2025-02-09T18:20:51.576309Z",814,"/data/local-files/?d=/share/XXXX-19/nexar_data/training_datasets/street_flooding/all_no_letterboxing/nlbx_3a3a9acf930112e71612f32ae1212710.jpg","",1.779,"Does this image show more than a foot of standing water?","Is the street in this image flooded?","No","Yes, the street in the image appears to be flooded, as evidenced by the water covering the road and the visible damage to the pavement.",1,"2025-02-09T18:20:51.576329Z"
135857,135857,31104,"1","Not Flooded","2025-02-10T20:07:44.267294Z",815,"/data/local-files/?d=/share/XXXX-19/nexar_data/training_datasets/street_flooding/all_no_letterboxing/nlbx_b3781d1afc0c1f0b2f196449222a68ec.jpg","",2.138,"Does this image show more than a foot of standing water?","Is the street in this image flooded?","No, it does not show more than a foot of standing water.","Yes, the street appears to be flooded, as evidenced by the water covering the road and the vehicles.",1,"2025-02-10T20:07:44.267328Z"
62102,62102,30917,"1","Not Flooded","2025-02-10T19:50:30.509100Z",819,"/data/local-files/?d=/share/XXXX-19/nexar_data/training_datasets/street_flooding/all_no_letterboxing/nlbx_31fd49820a033b584b482ab2d40af044.jpg","",0.986,"Does this image show more than a foot of standing water?","Is the street in this image flooded?","No","No, the street is not flooded.",0,"2025-02-10T19:50:30.509125Z"
70587,70587,30864,"1","Not Flooded","2025-02-10T19:48:29.106413Z",821,"/data/local-files/?d=/share/XXXX-19/nexar_data/training_datasets/street_flooding/all_no_letterboxing/nlbx_7a8d107efe50b458d359e22cc2bea250.jpg","",1.064,"Does this image show more than a foot of standing water?","Is the street in this image flooded?","Yes, the image shows more than a foot of standing water on the road, which is indicative of heavy rainfall and potential flooding conditions.","Yes, the street in the image is flooded, as evidenced by the water covering the road and the visible waterline on the curb.",1,"2025-02-10T19:48:29.106436Z"
47473,47473,31028,"1","Not Flooded","2025-02-10T19:53:57.790866Z",822,"/data/local-files/?d=/share/XXXX-19/nexar_data/training_datasets/street_flooding/all_no_letterboxing/nlbx_760c8a27286ed7ad94437473f913ba3d.jpg","",1.025,"Does this image show more than a foot of standing water?","Is the street in this image flooded?","No","No, the street is not flooded.",0,"2025-02-10T19:53:57.790888Z"
72760,72760,30929,"1","Not Flooded","2025-02-10T19:50:52.941330Z",825,"/data/local-files/?d=/share/XXXX-19/nexar_data/training_datasets/street_flooding/all_no_letterboxing/nlbx_ad18951e9d27a85f90dba4314bf57a05.jpg","",1.138,"Does this image show more than a foot of standing water?","Is the street in this image flooded?","No, it does not show more than a foot of standing water.","No, the street is not flooded.",0,"2025-02-10T19:50:52.941374Z"
351,351,29738,"1","Not Flooded","2025-02-09T18:23:10.970271Z",827,"/data/local-files/?d=/share/XXXX-19/nexar_data/training_datasets/street_flooding/all_no_letterboxing/nlbx_f443c211b3b90eec54e829737729a820.jpg","",0.975,"Does this image show more than a foot of standing water?","Is the street in this image flooded?","No, it does not show more than a foot of standing water.","No, the street is not flooded.",0,"2025-02-09T18:23:10.970291Z"
104914,104914,30971,"1","Not Flooded","2025-02-10T19:52:12.809613Z",831,"/data/local-files/?d=/share/XXXX-19/nexar_data/training_datasets/street_flooding/all_no_letterboxing/nlbx_01db0326c65ef40a8c07537af73c9f56.jpg","",1.077,"Does this image show more than a foot of standing water?","Is the street in this image flooded?","No","Yes, the street appears to be flooded, as evidenced by the water covering the road and the reflections of the lights on the wet surface.",1,"2025-02-10T19:52:12.809635Z"
148135,148135,30827,"1","Not Flooded","2025-02-10T19:43:07.379227Z",832,"/data/local-files/?d=/share/XXXX-19/nexar_data/training_datasets/street_flooding/all_no_letterboxing/nlbx_8c0b8c0262a44510787beba8e5ab22d9.jpg","",1.323,"Does this image show more than a foot of standing water?","Is the street in this image flooded?","No, it does not show more than a foot of standing water.","No, the street is not flooded.",0,"2025-02-10T19:43:07.379247Z"
70438,70438,30882,"1","Not Flooded","2025-02-10T19:49:04.093515Z",833,"/data/local-files/?d=/share/XXXX-19/nexar_data/training_datasets/street_flooding/all_no_letterboxing/nlbx_6b04f71d2ba49ff5979262b1d5669ee1.jpg","",1.109,"Does this image show more than a foot of standing water?","Is the street in this image flooded?","No, it does not show more than a foot of standing water.","Yes, the street is flooded.",1,"2025-02-10T19:49:04.093536Z"
58672,58672,30799,"1","Not Flooded","2025-02-10T19:42:02.877697Z",834,"/data/local-files/?d=/share/XXXX-19/nexar_data/training_datasets/street_flooding/all_no_letterboxing/nlbx_3bcc5e7760c3e4e5be65a0381e72e4e8.jpg","",0.963,"Does this image show more than a foot of standing water?","Is the street in this image flooded?","No","No, the street is not flooded.",0,"2025-02-10T19:42:02.877717Z"
142624,142624,30820,"1","Not Flooded","2025-02-10T19:42:52.439260Z",835,"/data/local-files/?d=/share/XXXX-19/nexar_data/training_datasets/street_flooding/all_no_letterboxing/nlbx_4509737ac4ddb735127616407ea1e659.jpg","",2.15,"Does this image show more than a foot of standing water?","Is the street in this image flooded?","No, it does not show more than a foot of standing water.","Yes, the street appears to be flooded, as evidenced by the water on the road and the vehicles' headlights reflecting off the water's surface.",1,"2025-02-10T19:42:52.439281Z"
125304,125304,31109,"1","Not Flooded","2025-02-10T20:07:53.388509Z",837,"/data/local-files/?d=/share/XXXX-19/nexar_data/training_datasets/street_flooding/all_no_letterboxing/nlbx_84b38400f5464fd3d33c517fe1b84c62.jpg","",1.188,"Does this image show more than a foot of standing water?","Is the street in this image flooded?","No, it does not show more than a foot of standing water.","No, the street is not flooded.",0,"2025-02-10T20:07:53.388535Z"
39388,39388,29684,"1","Not Flooded","2025-02-09T18:21:24.389534Z",839,"/data/local-files/?d=/share/XXXX-19/nexar_data/training_datasets/street_flooding/all_no_letterboxing/nlbx_a5f525e154d3127397577419e19e2114.jpg","",1.254,"Does this image show more than a foot of standing water?","Is the street in this image flooded?","No, it does not show more than a foot of standing water.","Yes, the street in the image is flooded, as evidenced by the water covering the road and the vehicles.",1,"2025-02-09T18:21:24.389586Z"
111187,111187,30832,"1","Not Flooded","2025-02-10T19:47:37.662062Z",840,"/data/local-files/?d=/share/XXXX-19/nexar_data/training_datasets/street_flooding/all_no_letterboxing/nlbx_1f33efc5c27235d437dcc9971d753ebd.jpg","",0.98,"Does this image show more than a foot of standing water?","Is the street in this image flooded?","No, it does not show more than a foot of standing water.","No, the street is not flooded. The road appears to be dry, with no visible water or signs of flooding. The vehicles are parked on the side of the road, and there are no indications of water on the pavement or surrounding areas.",0,"2025-02-10T19:47:37.662083Z"
11641,11641,30851,"1","Not Flooded","2025-02-10T19:48:09.832671Z",843,"/data/local-files/?d=/share/XXXX-19/nexar_data/training_datasets/street_flooding/all_no_letterboxing/nlbx_81ae81ac927553a58f41be6ddf9d946c.jpg","",1.139,"Does this image show more than a foot of standing water?","Is the street in this image flooded?","No, the image does not show more than a foot of standing water. The water level appears to be shallow, likely due to recent rainfall or a minor flooding incident.","No, the street is not flooded.",0,"2025-02-10T19:48:09.832691Z"
138976,138976,30812,"1","Not Flooded","2025-02-10T19:42:29.945951Z",846,"/data/local-files/?d=/share/XXXX-19/nexar_data/training_datasets/street_flooding/all_no_letterboxing/nlbx_700dbfd22085c9d0b23087c4a30877e5.jpg","",1.119,"Does this image show more than a foot of standing water?","Is the street in this image flooded?","Yes, the image shows more than a foot of standing water on the road, which is indicative of recent heavy rainfall or a potential flooding situation.","Yes, the street in the image appears to be flooded, as evidenced by the water covering the road and the presence of traffic cones, which are typically used to redirect traffic away from hazardous areas.",1,"2025-02-10T19:42:29.945975Z"
84003,84003,30740,"1","Not Flooded","2025-02-10T19:39:45.243137Z",847,"/data/local-files/?d=/share/XXXX-19/nexar_data/training_datasets/street_flooding/all_no_letterboxing/nlbx_0723c32acb983224ca467312e50095fd.jpg","",0.936,"Does this image show more than a foot of standing water?","Is the street in this image flooded?","No, it does not show more than a foot of standing water.","The street does not appear to be flooded. The water on the road is likely from recent rainfall, and the water level does not seem to be high enough to suggest flooding.",0,"2025-02-10T19:39:45.243159Z"
14017,14017,29751,"1","Not Flooded","2025-02-09T18:23:30.343237Z",848,"/data/local-files/?d=/share/XXXX-19/nexar_data/training_datasets/street_flooding/all_no_letterboxing/nlbx_a4002df67af558ee4e672485f0771fb8.jpg","",1.219,"Does this image show more than a foot of standing water?","Is the street in this image flooded?","No, it does not show more than a foot of standing water.","No, the street is not flooded.",0,"2025-02-09T18:23:30.343258Z"
27061,27061,31041,"1","Flooded","2025-02-10T19:54:25.296564Z",849,"/data/local-files/?d=/share/XXXX-19/nexar_data/training_datasets/street_flooding/all_no_letterboxing/nlbx_0fd86854bb6bb456c6352ca32e0c89b0.jpg","",2.756,"Does this image show more than a foot of standing water?","Is the street in this image flooded?","Yes, the image shows more than a foot of standing water, as evidenced by the submerged vehicles and the wet conditions on the road.","Yes, the street is flooded.",1,"2025-02-10T19:54:25.296592Z"
38016,38016,30951,"1","Not Flooded","2025-02-10T19:51:35.909438Z",851,"/data/local-files/?d=/share/XXXX-19/nexar_data/training_datasets/street_flooding/all_no_letterboxing/nlbx_a1f53405eaa3f7dd4abccf41acfd5867.jpg","",1.088,"Does this image show more than a foot of standing water?","Is the street in this image flooded?","Yes, the image shows more than a foot of standing water on the road, which is indicative of significant flooding conditions.","Yes, the street in the image is flooded.",1,"2025-02-10T19:51:35.909461Z"
133824,133824,31044,"1","Not Flooded","2025-02-10T19:54:30.337909Z",853,"/data/local-files/?d=/share/XXXX-19/nexar_data/training_datasets/street_flooding/all_no_letterboxing/nlbx_eadb3a88c1f43c2876fe35dd344c0f9a.jpg","",1.172,"Does this image show more than a foot of standing water?","Is the street in this image flooded?","No, it does not show more than a foot of standing water.","Yes, the street in the image is flooded.",1,"2025-02-10T19:54:30.337932Z"
62670,62670,30794,"1","Not Flooded","2025-02-10T19:41:55.338299Z",854,"/data/local-files/?d=/share/XXXX-19/nexar_data/training_datasets/street_flooding/all_no_letterboxing/nlbx_1e34b1c6fa8ece40a578e0132b013e4a.jpg","",0.997,"Does this image show more than a foot of standing water?","Is the street in this image flooded?","No, it does not show more than a foot of standing water.","The street in the image does not appear to be flooded. The water on the road is likely due to recent rainfall, as evidenced by the wet surfaces and the presence of raindrops on the camera lens. There are no signs of standing water or submerged vehicles that would indicate flooding.",0,"2025-02-10T19:41:55.338321Z"
129883,129883,30774,"1","Not Flooded","2025-02-10T19:40:54.971232Z",858,"/data/local-files/?d=/share/XXXX-19/nexar_data/training_datasets/street_flooding/all_no_letterboxing/nlbx_2fe2d17070698a151a6caf9b1c0dfb03.jpg","",1.749,"Does this image show more than a foot of standing water?","Is the street in this image flooded?","Yes, the image shows a significant amount of standing water on the road, which appears to be more than a foot deep in some areas, indicating a substantial flooding event.","Yes, the street appears to be flooded, as evidenced by the water covering the road and the vehicles' headlights reflecting off the water's surface.",1,"2025-02-10T19:40:54.971253Z"
19335,19335,31082,"1","Flooded","2025-02-10T20:07:00.708483Z",860,"/data/local-files/?d=/share/XXXX-19/nexar_data/training_datasets/street_flooding/all_no_letterboxing/nlbx_1000dccf156a4c63b45bdee158059582.jpg","",1.421,"Does this image show more than a foot of standing water?","Is the street in this image flooded?","No","Yes, the street is flooded.",1,"2025-02-10T20:07:00.708525Z"
96681,96681,31100,"1","Flooded","2025-02-10T20:07:35.820601Z",863,"/data/local-files/?d=/share/XXXX-19/nexar_data/training_datasets/street_flooding/all_no_letterboxing/nlbx_86b89485a955c2c55f813fd44ab07a38.jpg","",1.377,"Does this image show more than a foot of standing water?","Is the street in this image flooded?","Yes, the image shows more than a foot of standing water on the road, which is indicative of significant flooding.","Yes, the street appears to be flooded, as evidenced by the water covering the road and the vehicles.",1,"2025-02-10T20:07:35.820625Z"
114218,114218,30912,"1","Not Flooded","2025-02-10T19:50:20.201327Z",864,"/data/local-files/?d=/share/XXXX-19/nexar_data/training_datasets/street_flooding/all_no_letterboxing/nlbx_1fc7d101c7f3a66a08d5dd0d883953a0.jpg","",0.948,"Does this image show more than a foot of standing water?","Is the street in this image flooded?","No, it does not show more than a foot of standing water.","Yes, the street in this image is flooded.",1,"2025-02-10T19:50:20.201354Z"
60829,60829,29718,"1","Not Flooded","2025-02-09T18:22:31.224609Z",868,"/data/local-files/?d=/share/XXXX-19/nexar_data/training_datasets/street_flooding/all_no_letterboxing/nlbx_af813e4f6ed0d9bc7da122416c71d11e.jpg","",0.978,"Does this image show more than a foot of standing water?","Is the street in this image flooded?","Yes, the image shows a significant amount of standing water on the road, which appears to be more than a foot deep in some areas, indicating a substantial flooding event.","Yes, the street appears to be flooded, as evidenced by the water covering the road and the vehicles.",1,"2025-02-09T18:22:31.224630Z"
63694,63694,31097,"1","Not Flooded","2025-02-10T20:07:28.880994Z",869,"/data/local-files/?d=/share/XXXX-19/nexar_data/training_datasets/street_flooding/all_no_letterboxing/nlbx_ef211049d673db105153437d458f9efd.jpg","",1.312,"Does this image show more than a foot of standing water?","Is the street in this image flooded?","No","Yes, the street is flooded.",1,"2025-02-10T20:07:28.881018Z"
55381,55381,30725,"1","Not Flooded","2025-02-10T19:39:23.939868Z",870,"/data/local-files/?d=/share/XXXX-19/nexar_data/training_datasets/street_flooding/all_no_letterboxing/nlbx_27f56e81aaf96891318c9b9965d2b0f7.jpg","",0.653,"Does this image show more than a foot of standing water?","Is the street in this image flooded?","No, it does not show more than a foot of standing water.","Yes, the street is flooded.",1,"2025-02-10T19:39:23.939888Z"
76039,76039,31032,"1","Not Flooded","2025-02-10T19:54:04.390658Z",871,"/data/local-files/?d=/share/XXXX-19/nexar_data/training_datasets/street_flooding/all_no_letterboxing/nlbx_6878fa4171ad9bf348ed76bb36d1e941.jpg","",1.06,"Does this image show more than a foot of standing water?","Is the street in this image flooded?","No, it does not show more than a foot of standing water.","Yes, the street in the image is flooded.",1,"2025-02-10T19:54:04.390681Z"
52923,52923,30934,"1","Not Flooded","2025-02-10T19:51:01.151707Z",873,"/data/local-files/?d=/share/XXXX-19/nexar_data/training_datasets/street_flooding/all_no_letterboxing/nlbx_02e0820d92255dd8275de3363d66f5b5.jpg","",1.042,"Does this image show more than a foot of standing water?","Is the street in this image flooded?","No, it does not show more than a foot of standing water.","No, the street is not flooded.",0,"2025-02-10T19:51:01.151729Z"
46561,46561,30857,"1","Not Flooded","2025-02-10T19:48:18.477812Z",875,"/data/local-files/?d=/share/XXXX-19/nexar_data/training_datasets/street_flooding/all_no_letterboxing/nlbx_f16e82ee5a2f8b40f0f66a3767a6cc27.jpg","",1.033,"Does this image show more than a foot of standing water?","Is the street in this image flooded?","Yes, the image shows more than a foot of standing water on the streets, indicating significant flooding.","Yes, the street is flooded.",1,"2025-02-10T19:48:18.477834Z"
71339,71339,30886,"1","Not Flooded","2025-02-10T19:49:10.574876Z",877,"/data/local-files/?d=/share/XXXX-19/nexar_data/training_datasets/street_flooding/all_no_letterboxing/nlbx_6a5abe563a015fda51502eaa21794bd1.jpg","",1.118,"Does this image show more than a foot of standing water?","Is the street in this image flooded?","No, it does not show more than a foot of standing water.","No, the street is not flooded.",0,"2025-02-10T19:49:10.574903Z"
1044,1044,30835,"1","Not Flooded","2025-02-10T19:47:42.449459Z",879,"/data/local-files/?d=/share/XXXX-19/nexar_data/training_datasets/street_flooding/all_no_letterboxing/nlbx_415be40e1cec2d56c17eea4d543a3114.jpg","",1.294,"Does this image show more than a foot of standing water?","Is the street in this image flooded?","No, it does not show more than a foot of standing water.","Yes, the street is flooded.",1,"2025-02-10T19:47:42.449480Z"
115072,115072,30722,"1","Not Flooded","2025-02-10T19:39:16.801689Z",880,"/data/local-files/?d=/share/XXXX-19/nexar_data/training_datasets/street_flooding/all_no_letterboxing/nlbx_a7885e6e4a407c870956db2fb1bff899.jpg","",0.96,"Does this image show more than a foot of standing water?","Is the street in this image flooded?","No","No, the street is not flooded.",0,"2025-02-10T19:39:16.801711Z"
26108,26108,29669,"1","Flooded","2025-02-09T18:20:45.700869Z",881,"/data/local-files/?d=/share/XXXX-19/nexar_data/training_datasets/street_flooding/all_no_letterboxing/nlbx_98e35d2a3b4bda6cb66ffc36713deaf6.jpg","",5.629,"Does this image show more than a foot of standing water?","Is the street in this image flooded?","Yes, the image shows more than a foot of standing water. The water level reaches approximately halfway up the tires of the vehicles, indicating that it is significantly deeper than a foot.","Yes, the street is flooded.",1,"2025-02-09T18:20:45.700889Z"
102586,102586,29668,"1","Not Flooded","2025-02-09T18:20:39.618159Z",883,"/data/local-files/?d=/share/XXXX-19/nexar_data/training_datasets/street_flooding/all_no_letterboxing/nlbx_094809c07d48874141bec1ddc79f155f.jpg","",1.566,"Does this image show more than a foot of standing water?","Is the street in this image flooded?","No, it does not show more than a foot of standing water.","Yes, the street in the image is flooded.",1,"2025-02-09T18:20:39.618181Z"
132611,132611,30942,"1","Not Flooded","2025-02-10T19:51:21.331675Z",884,"/data/local-files/?d=/share/XXXX-19/nexar_data/training_datasets/street_flooding/all_no_letterboxing/nlbx_9d794c6a8548051aa7336cb1d466644c.jpg","",1.111,"Does this image show more than a foot of standing water?","Is the street in this image flooded?","No, the image does not show more than a foot of standing water. The road appears to be dry, with no visible puddles or significant water accumulation that would indicate flooding or standing water.","No, the street is not flooded.",0,"2025-02-10T19:51:21.331696Z"
140323,140323,29734,"1","Not Flooded","2025-02-09T18:23:05.158305Z",885,"/data/local-files/?d=/share/XXXX-19/nexar_data/training_datasets/street_flooding/all_no_letterboxing/nlbx_9339e29e1862c65c0af576f61150c20a.jpg","",1.119,"Does this image show more than a foot of standing water?","Is the street in this image flooded?","No, it does not show more than a foot of standing water.","No, the street is not flooded.",0,"2025-02-09T18:23:05.158325Z"
72102,72102,29736,"1","Not Flooded","2025-02-09T18:23:08.040000Z",886,"/data/local-files/?d=/share/XXXX-19/nexar_data/training_datasets/street_flooding/all_no_letterboxing/nlbx_e4b51a38d3c84a4efa36c9eb3e5aeb4d.jpg","",0.919,"Does this image show more than a foot of standing water?","Is the street in this image flooded?","No, it does not show more than a foot of standing water.","No, the street is not flooded.",0,"2025-02-09T18:23:08.040019Z"
123826,123826,29706,"1","Not Flooded","2025-02-09T18:22:03.219773Z",887,"/data/local-files/?d=/share/XXXX-19/nexar_data/training_datasets/street_flooding/all_no_letterboxing/nlbx_6a7d323b11ed1e9c73a26337e14848eb.jpg","",1.169,"Does this image show more than a foot of standing water?","Is the street in this image flooded?","Yes, the image shows more than a foot of standing water, as evidenced by the submerged vehicles and the water level reaching the wheels of the cars.","Yes, the street is flooded.",1,"2025-02-09T18:22:03.219794Z"
103880,103880,30853,"1","Not Flooded","2025-02-10T19:48:12.751719Z",888,"/data/local-files/?d=/share/XXXX-19/nexar_data/training_datasets/street_flooding/all_no_letterboxing/nlbx_8f29c98bdba85841b250a1b2d38ce247.jpg","",1.004,"Does this image show more than a foot of standing water?","Is the street in this image flooded?","No, it does not show more than a foot of standing water.","No, the street is not flooded.",0,"2025-02-10T19:48:12.751739Z"
42900,42900,30763,"1","Not Flooded","2025-02-10T19:40:37.839806Z",890,"/data/local-files/?d=/share/XXXX-19/nexar_data/training_datasets/street_flooding/all_no_letterboxing/nlbx_344f441d641dc9f6cc150daf00673706.jpg","",0.929,"Does this image show more than a foot of standing water?","Is the street in this image flooded?","No, it does not show more than a foot of standing water.","The street in the image does not appear to be flooded. While there is visible water on the road, it seems to be a result of recent rainfall rather than a significant flood event. The water level is not high enough to cover the wheels of the vehicles, and the flow of traffic suggests that the road is still passable.",0,"2025-02-10T19:40:37.839826Z"
96966,96966,30739,"1","Not Flooded","2025-02-10T19:39:43.826593Z",891,"/data/local-files/?d=/share/XXXX-19/nexar_data/training_datasets/street_flooding/all_no_letterboxing/nlbx_d240bbf76d36b28535e1948b61246f7b.jpg","",0.929,"Does this image show more than a foot of standing water?","Is the street in this image flooded?","No, it does not show more than a foot of standing water.","Yes, the street appears to be flooded, as evidenced by the water covering the road and the reflections of the vehicles' lights on the wet surface.",1,"2025-02-10T19:39:43.826613Z"
43217,43217,30889,"1","Not Flooded","2025-02-10T19:49:19.327995Z",894,"/data/local-files/?d=/share/XXXX-19/nexar_data/training_datasets/street_flooding/all_no_letterboxing/nlbx_09fc1ef67b736f1599a941d74a1592fc.jpg","",0.84,"Does this image show more than a foot of standing water?","Is the street in this image flooded?","Yes, the image shows a significant amount of standing water on the road, which appears to be more than a foot deep in certain areas. This is evident from the water reaching up to the wheels of the vehicles and the visible reflections on the wet surface.","The street in the image does not appear to be flooded. The water on the road is consistent with recent rainfall, and there are no signs of standing water that would indicate flooding. The road markings are visible, and the water level does not reach the edges of the road, which suggests that the water has not overflowed the usual boundaries of the street.",0,"2025-02-10T19:49:19.328022Z"
75987,75987,31090,"1","Not Flooded","2025-02-10T20:07:14.717839Z",895,"/data/local-files/?d=/share/XXXX-19/nexar_data/training_datasets/street_flooding/all_no_letterboxing/nlbx_cbc10fffe75767db76f56c2f0615c43d.jpg","",1.057,"Does this image show more than a foot of standing water?","Is the street in this image flooded?","No, the image does not show more than a foot of standing water. The water level appears to be shallow, likely no more than a few inches, as it is not covering the wheels of the vehicles or reaching the lower parts of the vehicles.","No, the street is not flooded.",0,"2025-02-10T20:07:14.717860Z"
83155,83155,31043,"1","Not Flooded","2025-02-10T19:54:28.643799Z",898,"/data/local-files/?d=/share/XXXX-19/nexar_data/training_datasets/street_flooding/all_no_letterboxing/nlbx_e2324348ceab3d50092fab509c982039.jpg","",1.053,"Does this image show more than a foot of standing water?","Is the street in this image flooded?","No","The street in the image does not appear to be flooded. While there is visible water on the road, it seems to be a result of recent rainfall rather than a significant accumulation that would indicate flooding.",0,"2025-02-10T19:54:28.643821Z"
141794,141794,31096,"1","Not Flooded","2025-02-10T20:07:27.019574Z",900,"/data/local-files/?d=/share/XXXX-19/nexar_data/training_datasets/street_flooding/all_no_letterboxing/nlbx_bc6263c96847f56290d97ae4dc64da64.jpg","",2.796,"Does this image show more than a foot of standing water?","Is the street in this image flooded?","No","The street in the image does not appear to be flooded. The water on the road is likely due to recent rainfall, and the water level does not seem to be high enough to suggest flooding. The vehicles are still on the road, and there are no visible barriers or signs indicating a flood.",0,"2025-02-10T20:07:27.019595Z"
42897,42897,30806,"1","Not Flooded","2025-02-10T19:42:19.081926Z",904,"/data/local-files/?d=/share/XXXX-19/nexar_data/training_datasets/street_flooding/all_no_letterboxing/nlbx_6b4072651c2397ab0e29b34c1c87cb6f.jpg","",1.159,"Does this image show more than a foot of standing water?","Is the street in this image flooded?","No, it does not show more than a foot of standing water.","The street in the image does not appear to be flooded. The water on the road is consistent with a recent rainfall, and there are no signs of standing water that would indicate flooding. The vehicles are driving without any visible water damage, and the road markings are still visible, which would likely be obscured if the water level were higher.",0,"2025-02-10T19:42:19.081945Z"
82643,82643,31120,"1","Not Flooded","2025-02-10T20:08:19.546725Z",907,"/data/local-files/?d=/share/XXXX-19/nexar_data/training_datasets/street_flooding/all_no_letterboxing/nlbx_a805fdb47b2cc61b9cb163a15de73b3d.jpg","",1.766,"Does this image show more than a foot of standing water?","Is the street in this image flooded?","Yes, the image shows more than a foot of standing water on the road, which is indicative of recent heavy rainfall or a potential flooding situation.","Yes, the street in the image appears to be flooded, as evidenced by the water covering the road and the presence of construction equipment that is typically used in flood response or mitigation efforts.",1,"2025-02-10T20:08:19.546749Z"
40705,40705,30894,"1","Not Flooded","2025-02-10T19:49:42.243388Z",911,"/data/local-files/?d=/share/XXXX-19/nexar_data/training_datasets/street_flooding/all_no_letterboxing/nlbx_40a7d261eecccb2347b167f1751e912c.jpg","",4.674,"Does this image show more than a foot of standing water?","Is the street in this image flooded?","The image does not show more than a foot of standing water. The water level on the road appears to be shallow, likely less than a foot, as it does not reach the wheels of the cars. The water is concentrated in patches, and the vehicles are still able to move, indicating that the water is not deep enough to impede traffic significantly.","Yes, the street in the image is flooded.",1,"2025-02-10T19:49:42.243409Z"
60298,60298,30990,"1","Not Flooded","2025-02-10T19:52:55.167833Z",914,"/data/local-files/?d=/share/XXXX-19/nexar_data/training_datasets/street_flooding/all_no_letterboxing/nlbx_93b969ad308125ad4b0b8a1ad0bd1a0b.jpg","",1.06,"Does this image show more than a foot of standing water?","Is the street in this image flooded?","No, it does not show more than a foot of standing water.","No, the street is not flooded.",0,"2025-02-10T19:52:55.167856Z"
111761,111761,29692,"1","Not Flooded","2025-02-09T18:21:37.146192Z",917,"/data/local-files/?d=/share/XXXX-19/nexar_data/training_datasets/street_flooding/all_no_letterboxing/nlbx_c1f5f22a1de6f5036255f6e586ad416f.jpg","",0.823,"Does this image show more than a foot of standing water?","Is the street in this image flooded?","No, it does not show more than a foot of standing water.","No, the street is not flooded.",0,"2025-02-09T18:21:37.146212Z"
91921,91921,30798,"1","Not Flooded","2025-02-10T19:42:01.431486Z",918,"/data/local-files/?d=/share/XXXX-19/nexar_data/training_datasets/street_flooding/all_no_letterboxing/nlbx_21d0c33e2c9f292fac4ec1dff73bbbc8.jpg","",0.978,"Does this image show more than a foot of standing water?","Is the street in this image flooded?","No","No, the street is not flooded.",0,"2025-02-10T19:42:01.431506Z"
90199,90199,30862,"1","Not Flooded","2025-02-10T19:48:25.882396Z",919,"/data/local-files/?d=/share/XXXX-19/nexar_data/training_datasets/street_flooding/all_no_letterboxing/nlbx_608b481b18c9e50582cd5947e7e8c899.jpg","",0.981,"Does this image show more than a foot of standing water?","Is the street in this image flooded?","Yes, the image shows more than a foot of standing water on the street, which is indicative of heavy rainfall or a recent storm. The water level appears to be significant enough to cover the wheels of the cars and reach the lower parts of the vehicles, suggesting that the water is deep enough to be a hazard for driving.","The street in the image does not appear to be flooded. While there is visible water on the road, it seems to be a result of recent rainfall rather than a significant accumulation that would indicate flooding. The water level is not high enough to cover the wheels of the cars, and the vehicles are not submerged.",0,"2025-02-10T19:48:25.882421Z"
126884,126884,30996,"1","Not Flooded","2025-02-10T19:53:05.200034Z",920,"/data/local-files/?d=/share/XXXX-19/nexar_data/training_datasets/street_flooding/all_no_letterboxing/nlbx_027e42bc7558005d01ef0e421204f36e.jpg","",0.998,"Does this image show more than a foot of standing water?","Is the street in this image flooded?","No","Yes, the street in this image is flooded.",1,"2025-02-10T19:53:05.200060Z"
102109,102109,30972,"1","Not Flooded","2025-02-10T19:52:14.181119Z",921,"/data/local-files/?d=/share/XXXX-19/nexar_data/training_datasets/street_flooding/all_no_letterboxing/nlbx_a515f2a2d82c79bfceb18c4e1d644192.jpg","",0.87,"Does this image show more than a foot of standing water?","Is the street in this image flooded?","No, it does not show more than a foot of standing water.","No, the street is not flooded. The water on the road appears to be a result of recent rainfall, as evidenced by the wet pavement and the absence of standing water that would indicate flooding.",0,"2025-02-10T19:52:14.181147Z"
66968,66968,30840,"1","Not Flooded","2025-02-10T19:47:50.141573Z",923,"/data/local-files/?d=/share/XXXX-19/nexar_data/training_datasets/street_flooding/all_no_letterboxing/nlbx_f802ff8b1331c4ed0ce3234334aca4fd.jpg","",0.99,"Does this image show more than a foot of standing water?","Is the street in this image flooded?","No, it does not show more than a foot of standing water.","No, the street is not flooded.",0,"2025-02-10T19:47:50.141594Z"
139016,139016,31046,"1","Not Flooded","2025-02-10T19:54:33.418256Z",924,"/data/local-files/?d=/share/XXXX-19/nexar_data/training_datasets/street_flooding/all_no_letterboxing/nlbx_a5ebe8a77a0a8735eb28b592c1d79073.jpg","",1.004,"Does this image show more than a foot of standing water?","Is the street in this image flooded?","No","No, the street is not flooded.",0,"2025-02-10T19:54:33.418278Z"
98030,98030,29696,"1","Not Flooded","2025-02-09T18:21:44.295752Z",926,"/data/local-files/?d=/share/XXXX-19/nexar_data/training_datasets/street_flooding/all_no_letterboxing/nlbx_66542165eef78edd344ab1f3c23fa657.jpg","",2.865,"Does this image show more than a foot of standing water?","Is the street in this image flooded?","Yes, the image shows more than a foot of standing water. The water level reaches approximately halfway up the tires of the vehicles, which suggests that it is significantly deeper than a foot.","Yes, the street in the image is flooded.",1,"2025-02-09T18:21:44.295772Z"
16099,16099,30922,"1","Not Flooded","2025-02-10T19:50:39.833402Z",927,"/data/local-files/?d=/share/XXXX-19/nexar_data/training_datasets/street_flooding/all_no_letterboxing/nlbx_40442516d2cbde2a1187419e38696720.jpg","",1.109,"Does this image show more than a foot of standing water?","Is the street in this image flooded?","No, the image does not show more than a foot of standing water. The water level on the street appears to be shallow, likely less than a foot, as it does not reach the wheels of the vehicles or the lower parts of the street signs. The water is concentrated in puddles, which are common in urban areas after rainfall, and it does not appear to be deep enough to pose a significant hazard to the vehicles or pedestrians.","Yes, the street in the image is flooded.",1,"2025-02-10T19:50:39.833428Z"
81878,81878,31119,"1","Not Flooded","2025-02-10T20:08:17.228510Z",928,"/data/local-files/?d=/share/XXXX-19/nexar_data/training_datasets/street_flooding/all_no_letterboxing/nlbx_619919f780cf82029e8c359e9360483c.jpg","",1.189,"Does this image show more than a foot of standing water?","Is the street in this image flooded?","No, it does not show more than a foot of standing water.","No, the street is not flooded.",0,"2025-02-10T20:08:17.228534Z"
120182,120182,29716,"1","Not Flooded","2025-02-09T18:22:28.509683Z",930,"/data/local-files/?d=/share/XXXX-19/nexar_data/training_datasets/street_flooding/all_no_letterboxing/nlbx_f0b1e0bbdfbd36473ad2157f032b844c.jpg","",1.157,"Does this image show more than a foot of standing water?","Is the street in this image flooded?","No, it does not show more than a foot of standing water.","Yes, the street in this image is flooded.",1,"2025-02-09T18:22:28.509704Z"
139652,139652,31026,"1","Flooded","2025-02-10T19:53:54.047206Z",932,"/data/local-files/?d=/share/XXXX-19/nexar_data/training_datasets/street_flooding/all_no_letterboxing/nlbx_f2e8568203ec155c92491f9492e41c14.jpg","",1.301,"Does this image show more than a foot of standing water?","Is the street in this image flooded?","Yes, the image clearly shows more than a foot of standing water, as evidenced by the submerged vehicles and the depth of the water reaching the wheels of the bus.","Yes, the street in the image is flooded, as evidenced by the water covering the road and the submerged traffic lights.",1,"2025-02-10T19:53:54.047229Z"
89816,89816,30915,"1","Flooded","2025-02-10T19:50:26.104372Z",933,"/data/local-files/?d=/share/XXXX-19/nexar_data/training_datasets/street_flooding/all_no_letterboxing/nlbx_6bb7e38c6365d81fa00794a2fe41fb61.jpg","",1.306,"Does this image show more than a foot of standing water?","Is the street in this image flooded?","Yes, the image shows more than a foot of standing water on the road, as evidenced by the depth of the water reaching the wheels of the vehicles and the visible reflections on the surface.","Yes, the street is flooded.",1,"2025-02-10T19:50:26.104398Z"
23188,23188,30726,"1","Not Flooded","2025-02-10T19:39:25.452090Z",938,"/data/local-files/?d=/share/XXXX-19/nexar_data/training_datasets/street_flooding/all_no_letterboxing/nlbx_757c4da7b9d61a1f82058c1de759cf7d.jpg","",1.025,"Does this image show more than a foot of standing water?","Is the street in this image flooded?","No, it does not show more than a foot of standing water.","No, the street is not flooded.",0,"2025-02-10T19:39:25.452110Z"
117114,117114,31108,"1","Not Flooded","2025-02-10T20:07:51.662312Z",942,"/data/local-files/?d=/share/XXXX-19/nexar_data/training_datasets/street_flooding/all_no_letterboxing/nlbx_36caec7bedfea9c3ed8f28ebddf46aae.jpg","",1.132,"Does this image show more than a foot of standing water?","Is the street in this image flooded?","No, it does not show more than a foot of standing water.","No, the street is not flooded. The water on the road appears to be a result of recent rainfall, and the water level does not seem to be high enough to indicate flooding.",0,"2025-02-10T20:07:51.662335Z"
92698,92698,30919,"1","Not Flooded","2025-02-10T19:50:34.637841Z",943,"/data/local-files/?d=/share/XXXX-19/nexar_data/training_datasets/street_flooding/all_no_letterboxing/nlbx_cab7d234b71ba59417f5320500c77ba3.jpg","",1.668,"Does this image show more than a foot of standing water?","Is the street in this image flooded?","Yes, the image clearly shows more than a foot of standing water on the road, which is indicative of heavy rainfall and potential flooding conditions.","Yes, the street appears to be flooded, as evidenced by the water covering the road and the presence of standing water on the side of the road.",1,"2025-02-10T19:50:34.637868Z"
109680,109680,30699,"1","Not Flooded","2025-02-10T19:38:39.920228Z",945,"/data/local-files/?d=/share/XXXX-19/nexar_data/training_datasets/street_flooding/all_no_letterboxing/nlbx_d9b61e73c8500b683c73565fb9d7a067.jpg","",1.101,"Does this image show more than a foot of standing water?","Is the street in this image flooded?","No","Yes, the street in the image is flooded.",1,"2025-02-10T19:38:39.920251Z"
53302,53302,30751,"1","Not Flooded","2025-02-10T19:40:16.626370Z",946,"/data/local-files/?d=/share/XXXX-19/nexar_data/training_datasets/street_flooding/all_no_letterboxing/nlbx_64297a0741932cb2377f99ba6535b1ca.jpg","",1.047,"Does this image show more than a foot of standing water?","Is the street in this image flooded?","No","Yes, the street in the image is flooded, as evidenced by the water covering the road and the vehicles.",1,"2025-02-10T19:40:16.626391Z"
17232,17232,30879,"1","Not Flooded","2025-02-10T19:48:58.532093Z",947,"/data/local-files/?d=/share/XXXX-19/nexar_data/training_datasets/street_flooding/all_no_letterboxing/nlbx_9678ab3f3cf7bf48e87d397e9e549ba7.jpg","",1.428,"Does this image show more than a foot of standing water?","Is the street in this image flooded?","Yes, the image shows a significant amount of standing water on the road, which appears to be more than a foot deep in some areas, indicating a substantial flooding event.","Yes, the street is flooded.",1,"2025-02-10T19:48:58.532116Z"
59407,59407,29702,"1","Not Flooded","2025-02-09T18:21:52.588425Z",948,"/data/local-files/?d=/share/XXXX-19/nexar_data/training_datasets/street_flooding/all_no_letterboxing/nlbx_9c2bc772e4ec0f94a6fb7b79201b9983.jpg","",0.974,"Does this image show more than a foot of standing water?","Is the street in this image flooded?","No","No, the street is not flooded.",0,"2025-02-09T18:21:52.588445Z"
44921,44921,31115,"1","Not Flooded","2025-02-10T20:08:09.862409Z",949,"/data/local-files/?d=/share/XXXX-19/nexar_data/training_datasets/street_flooding/all_no_letterboxing/nlbx_551b3e2298abab56efb2db529b6ab77a.jpg","",1.357,"Does this image show more than a foot of standing water?","Is the street in this image flooded?","No, it does not show more than a foot of standing water.","Yes, the street in this image is flooded.",1,"2025-02-10T20:08:09.862432Z"
99216,99216,30706,"1","Not Flooded","2025-02-10T19:38:51.478576Z",950,"/data/local-files/?d=/share/XXXX-19/nexar_data/training_datasets/street_flooding/all_no_letterboxing/nlbx_ae8ea90f97f361b3581487b65154ec70.jpg","",1.053,"Does this image show more than a foot of standing water?","Is the street in this image flooded?","No, it does not show more than a foot of standing water.","No, the street is not flooded.",0,"2025-02-10T19:38:51.478597Z"
128144,128144,30895,"1","Flooded","2025-02-10T19:49:44.062464Z",951,"/data/local-files/?d=/share/XXXX-19/nexar_data/training_datasets/street_flooding/all_no_letterboxing/nlbx_6030be163bcb4d8820b14ccf190a7d09.jpg","",1.28,"Does this image show more than a foot of standing water?","Is the street in this image flooded?","Yes, the image shows more than a foot of standing water, as evidenced by the submerged vehicles and the depth of the water reaching the wheels of the cars.","Yes, the street in the image is flooded, as evidenced by the water covering the road and the vehicles partially submerged.",1,"2025-02-10T19:49:44.062484Z"
85477,85477,31015,"1","Not Flooded","2025-02-10T19:53:35.427048Z",953,"/data/local-files/?d=/share/XXXX-19/nexar_data/training_datasets/street_flooding/all_no_letterboxing/nlbx_e2ac8721a871f74a6eabd05213bb5183.jpg","",1.128,"Does this image show more than a foot of standing water?","Is the street in this image flooded?","No","No, the street is not flooded.",0,"2025-02-10T19:53:35.427074Z"
123517,123517,30964,"1","Not Flooded","2025-02-10T19:52:02.125050Z",954,"/data/local-files/?d=/share/XXXX-19/nexar_data/training_datasets/street_flooding/all_no_letterboxing/nlbx_18d15de44aa55542566fdf55c93d2f68.jpg","",0.899,"Does this image show more than a foot of standing water?","Is the street in this image flooded?","No, it does not show more than a foot of standing water.","No, the street is not flooded.",0,"2025-02-10T19:52:02.125077Z"
33840,33840,30933,"1","Not Flooded","2025-02-10T19:50:59.619426Z",956,"/data/local-files/?d=/share/XXXX-19/nexar_data/training_datasets/street_flooding/all_no_letterboxing/nlbx_ff0a4f671fde89014731ceda66f880ff.jpg","",1.237,"Does this image show more than a foot of standing water?","Is the street in this image flooded?","No, it does not show more than a foot of standing water.","No, the street is not flooded.",0,"2025-02-10T19:50:59.619462Z"
137705,137705,31033,"1","Not Flooded","2025-02-10T19:54:06.161593Z",957,"/data/local-files/?d=/share/XXXX-19/nexar_data/training_datasets/street_flooding/all_no_letterboxing/nlbx_adf3761a64b7cfcc9beea12b2b5e6be2.jpg","",1.246,"Does this image show more than a foot of standing water?","Is the street in this image flooded?","No, it does not show more than a foot of standing water.","Yes, the street in the image is flooded.",1,"2025-02-10T19:54:06.161617Z"
68224,68224,30822,"1","Not Flooded","2025-02-10T19:42:56.053424Z",960,"/data/local-files/?d=/share/XXXX-19/nexar_data/training_datasets/street_flooding/all_no_letterboxing/nlbx_f1221ea7f7858b947ec48b22190a2c86.jpg","",1.229,"Does this image show more than a foot of standing water?","Is the street in this image flooded?","No, it does not show more than a foot of standing water.","Yes, the street in the image appears to be flooded, as evidenced by the water covering the road and the vehicles.",1,"2025-02-10T19:42:56.053444Z"
123879,123879,31075,"1","Not Flooded","2025-02-10T20:06:47.653809Z",962,"/data/local-files/?d=/share/XXXX-19/nexar_data/training_datasets/street_flooding/all_no_letterboxing/nlbx_54181fb6fad5a41af7c6e00cb8fe638f.jpg","",1.065,"Does this image show more than a foot of standing water?","Is the street in this image flooded?","No, it does not show more than a foot of standing water.","No, the street is not flooded.",0,"2025-02-10T20:06:47.653831Z"
40911,40911,30803,"1","Not Flooded","2025-02-10T19:42:14.175345Z",965,"/data/local-files/?d=/share/XXXX-19/nexar_data/training_datasets/street_flooding/all_no_letterboxing/nlbx_78b8cb497f1360d3be95fbeeaecf20da.jpg","",1.187,"Does this image show more than a foot of standing water?","Is the street in this image flooded?","Yes, the image shows a significant amount of standing water on the street, which appears to be more than a foot deep in some areas, indicating recent heavy rainfall or a possible flooding situation.","Yes, the street appears to be flooded, as evidenced by the water covering the road and the presence of traffic cones, which are typically used to redirect traffic away from hazardous areas.",1,"2025-02-10T19:42:14.175366Z"
11854,11854,30845,"1","Not Flooded","2025-02-10T19:47:57.325400Z",977,"/data/local-files/?d=/share/XXXX-19/nexar_data/training_datasets/street_flooding/all_no_letterboxing/nlbx_9652d50bace88c5cb3ce6cfa1e53c2b6.jpg","",0.883,"Does this image show more than a foot of standing water?","Is the street in this image flooded?","No, it does not show more than a foot of standing water.","No, the street is not flooded.",0,"2025-02-10T19:47:57.325419Z"
39431,39431,30918,"1","Flooded","2025-02-10T19:50:32.417245Z",978,"/data/local-files/?d=/share/XXXX-19/nexar_data/training_datasets/street_flooding/all_no_letterboxing/nlbx_7b804f9450eb3da22d42eac235be2181.jpg","",1.357,"Does this image show more than a foot of standing water?","Is the street in this image flooded?","Yes, the image shows more than a foot of standing water on the road, which is indicative of significant flooding conditions.","Yes, the street in the image is flooded, as evidenced by the water covering the road and the vehicles' tires submerged.",1,"2025-02-10T19:50:32.417271Z"
76330,76330,30907,"1","Not Flooded","2025-02-10T19:50:07.278882Z",981,"/data/local-files/?d=/share/XXXX-19/nexar_data/training_datasets/street_flooding/all_no_letterboxing/nlbx_e6da9c3238e91b9a10068ff6665f661c.jpg","",0.939,"Does this image show more than a foot of standing water?","Is the street in this image flooded?","No, it does not show more than a foot of standing water.","No, the street is not flooded.",0,"2025-02-10T19:50:07.278911Z"
86519,86519,30865,"1","Not Flooded","2025-02-10T19:48:31.375995Z",985,"/data/local-files/?d=/share/XXXX-19/nexar_data/training_datasets/street_flooding/all_no_letterboxing/nlbx_945efb1472abaec96015bad91225cbb7.jpg","",1.757,"Does this image show more than a foot of standing water?","Is the street in this image flooded?","Yes, the image shows more than a foot of standing water on the street, which is indicative of recent heavy rainfall or a possible flooding situation.","Yes, the street in the image is flooded, as evidenced by the water covering the road and the vehicles.",1,"2025-02-10T19:48:31.376021Z"
145685,145685,30757,"1","Not Flooded","2025-02-10T19:40:28.893286Z",987,"/data/local-files/?d=/share/XXXX-19/nexar_data/training_datasets/street_flooding/all_no_letterboxing/nlbx_1dcd80ab4303dedf4486e4f70ae601c2.jpg","",1.188,"Does this image show more than a foot of standing water?","Is the street in this image flooded?","No","The street in the image does not appear to be flooded. The water on the road seems to be a result of recent rainfall, as evidenced by the wet surfaces and the lack of standing water that would indicate flooding.",0,"2025-02-10T19:40:28.893306Z"
13718,13718,29690,"1","Not Flooded","2025-02-09T18:21:34.513656Z",989,"/data/local-files/?d=/share/XXXX-19/nexar_data/training_datasets/street_flooding/all_no_letterboxing/nlbx_9bce3f5004ba80082afb8cf977d1e954.jpg","",0.896,"Does this image show more than a foot of standing water?","Is the street in this image flooded?","No, the image does not show more than a foot of standing water. The water level appears to be shallow, likely no more than a few inches, as it is not covering the wheels of the parked cars or reaching the lower parts of the vehicles.","No, the street is not flooded.",0,"2025-02-09T18:21:34.513676Z"
65185,65185,31072,"1","Not Flooded","2025-02-10T20:06:42.753399Z",990,"/data/local-files/?d=/share/XXXX-19/nexar_data/training_datasets/street_flooding/all_no_letterboxing/nlbx_1d13ad77b66e74c2d82ecc9a89d06ce2.jpg","",1.243,"Does this image show more than a foot of standing water?","Is the street in this image flooded?","Yes, the image shows more than a foot of standing water on the road, which is indicative of heavy rainfall and potential flooding conditions.","Yes, the street in the image is flooded, as evidenced by the water covering the road and the vehicles.",1,"2025-02-10T20:06:42.753421Z"
107096,107096,30810,"1","Not Flooded","2025-02-10T19:42:26.806647Z",991,"/data/local-files/?d=/share/XXXX-19/nexar_data/training_datasets/street_flooding/all_no_letterboxing/nlbx_8ffdc90005226f51180d270575390f42.jpg","",1.083,"Does this image show more than a foot of standing water?","Is the street in this image flooded?","No, it does not show more than a foot of standing water.","No, the street is not flooded.",0,"2025-02-10T19:42:26.806667Z"
114869,114869,31106,"1","Not Flooded","2025-02-10T20:07:47.774579Z",992,"/data/local-files/?d=/share/XXXX-19/nexar_data/training_datasets/street_flooding/all_no_letterboxing/nlbx_c29ac6405ac474b762bcda8ffaa77af1.jpg","",1.12,"Does this image show more than a foot of standing water?","Is the street in this image flooded?","No, it does not show more than a foot of standing water.","Yes, the street in the image appears to be flooded, as evidenced by the water covering the road and the presence of emergency vehicles and personnel.",1,"2025-02-10T20:07:47.774604Z"
145360,145360,30939,"1","Not Flooded","2025-02-10T19:51:15.096428Z",998,"/data/local-files/?d=/share/XXXX-19/nexar_data/training_datasets/street_flooding/all_no_letterboxing/nlbx_2ba1359b939bd00ea672e0813bb131c6.jpg","",1.4,"Does this image show more than a foot of standing water?","Is the street in this image flooded?","No, the image does not show more than a foot of standing water. The water level appears to be shallow, likely less than a foot, as it is not reaching the wheels of the vehicles or the lower parts of the street signs.","Yes, the street appears to be flooded, as evidenced by the water covering the road and the vehicles.",1,"2025-02-10T19:51:15.096448Z"
