"annotation_id","annotator","choice","created_at","dry_road","dry_road_percentile","flooded_road","flooded_road_percentile","id","image","img_id","labels","lead_time","no_road","no_road_percentile","not_flooded","not_flooded_percentile","positive","updated_at","wet_road","wet_road_percentile"
30318,"1","Not Flooded","2025-02-10T19:19:40.165933Z",0.0001703213492874,0.4944461959033137,0.1205942556262016,0.994645934192172,0,"/data/local-files/?d=/share/XXXX-19/nexar_data/2023/2023-09-29/604222337365049343/frames/d6764ca01de7e45ece011037816d0adc.jpg","d6764ca01de7e45ece011037816d0adc","",1.698,0.0155732808634638,0.5664340345406883,0.8794057854975107,0.0053551454742542,True,"2025-02-10T19:19:40.165953Z",0.8636621832847595,0.2392432833951622
30077,"1","Not Flooded","2025-02-10T19:07:57.670327Z",0.0043974476866424,0.8596757545788654,0.0121417436748743,0.6001682120292114,3,"/data/local-files/?d=/share/XXXX-19/nexar_data/2023/2023-09-29/604222325151236095/frames/ae5e2e3a47b63b154a4102016175fcca.jpg","ae5e2e3a47b63b154a4102016175fcca","",1.399,0.1188544109463691,0.7686674325100517,0.987858239095658,0.3998328676372148,False,"2025-02-10T19:07:57.670347Z",0.8646063804626465,0.2399515445707894
30071,"1","Not Flooded","2025-02-10T19:07:43.464361Z",9.620820492273197e-06,0.0729919284137972,0.004329920746386,0.1839238748796172,4,"/data/local-files/?d=/share/XXXX-19/nexar_data/2023/2023-09-29/604222322869534719/frames/52e82620414aa29b57630e717d90f616.jpg","52e82620414aa29b57630e717d90f616","",4.623,0.0003554215363692,0.0542240869261033,0.9956701036971936,0.816085302285006,False,"2025-02-10T19:07:43.464382Z",0.995305061340332,0.9455556611229394
30177,"1","Not Flooded","2025-02-10T19:11:38.225322Z",0.0004948827554471,0.6310671854823734,0.0096341650933027,0.497856862143872,8,"/data/local-files/?d=/share/XXXX-19/nexar_data/2023/2023-09-29/604222337365049343/frames/ce17c7df23a7c884cd57bea7c2ca3322.jpg","ce17c7df23a7c884cd57bea7c2ca3322","",0.842,0.007159502711147,0.4606094501042957,0.9903658794355577,0.502147456521833,False,"2025-02-10T19:11:38.225344Z",0.9827114939689636,0.6378825797981456
30254,"1","Not Flooded","2025-02-10T19:17:25.865766Z",0.0001164923523901,0.4373923032739805,0.0082953525707125,0.4319518641520515,10,"/data/local-files/?d=/share/XXXX-19/nexar_data/2023/2023-09-29/604222325017018367/frames/1a73c494fabcd87227928e0c6b25aa15.jpg","1a73c494fabcd87227928e0c6b25aa15","",0.933,0.0023398112971335,0.2842254257124719,0.9917046390110044,0.5680481358479484,False,"2025-02-10T19:17:25.865787Z",0.9892483353614808,0.7762877181466015
30084,"1","Not Flooded","2025-02-10T19:08:22.611957Z",0.0013690246269106,0.7403564194806372,0.0080022569745779,0.416032182696834,11,"/data/local-files/?d=/share/XXXX-19/nexar_data/2023/2023-09-29/604222337365049343/frames/281fc95eabe26fabcf832745f4a8a3f2.jpg","281fc95eabe26fabcf832745f4a8a3f2","",0.769,0.0060404194518923,0.4349123094928591,0.9919976498931644,0.5839688969695923,False,"2025-02-10T19:08:22.611978Z",0.9845882058143616,0.6722375654817687
30367,"1","Not Flooded","2025-02-10T19:21:11.765974Z",0.0073154992423951,0.9078116025272832,0.0080345040187239,0.4177002673254071,12,"/data/local-files/?d=/share/XXXX-19/nexar_data/2023/2023-09-29/604222324211711999/frames/8106ebcfde12fb73bc180508d792671b.jpg","8106ebcfde12fb73bc180508d792671b","",0.836,0.6483108401298523,0.9323319067340954,0.9919655746780336,0.5823062106731505,False,"2025-02-10T19:21:11.765997Z",0.3363392353057861,0.0702722486860459
30109,"1","Not Flooded","2025-02-10T19:09:06.369575Z",2.1939882572041824e-05,0.1696523042240869,0.0080590918660163,0.4205057805340462,13,"/data/local-files/?d=/share/XXXX-19/nexar_data/2023/2023-09-29/604222325285453823/frames/01a09f0e05b0a71134192c59c0cf6afc.jpg","01a09f0e05b0a71134192c59c0cf6afc","",0.904,0.000337876699632,0.0508198986841025,0.991940958530904,0.5795109542955609,False,"2025-02-10T19:09:06.369599Z",0.9915811419487,0.8391485966495792
29508,"1","Not Flooded","2025-02-09T17:53:40.133613Z",0.0020153445657342,0.7800444174767763,0.0241712816059589,0.8477103514098284,15,"/data/local-files/?d=/share/XXXX-19/nexar_data/2023/2023-09-29/604222352263217151/frames/d53a17fbdedf617a9588fb05c535b524.jpg","d53a17fbdedf617a9588fb05c535b524","",45.029,0.1083281710743904,0.7607291851109681,0.9758286473806946,0.1522885689237453,False,"2025-02-09T17:53:40.133636Z",0.8654851317405701,0.2406430709168095
29052,"1","Not Flooded","2025-02-08T03:52:38.729854Z",0.0006490088417194,0.6613475100732877,0.1217617094516754,0.994729068506994,16,"/data/local-files/?d=/share/XXXX-19/nexar_data/2023/2023-09-29/604222347834032127/frames/038bd32580e90b0bbc6e87073a315e43.jpg","038bd32580e90b0bbc6e87073a315e43","",0.857,0.0454990305006504,0.6824539090402629,0.8782383575453422,0.0052720111594321,True,"2025-02-08T03:52:38.729873Z",0.8320903182029724,0.2175290322302021
30231,"1","Not Flooded","2025-02-10T19:16:33.556705Z",0.0003631298313848,0.5946154875989514,0.0068517574109137,0.3499166497518926,18,"/data/local-files/?d=/share/XXXX-19/nexar_data/2023/2023-09-29/604222323003752447/frames/0f31cef850a13e7abd6fa8be33dd0805.jpg","0f31cef850a13e7abd6fa8be33dd0805","",0.91,0.0071805799379944,0.4610456353405052,0.993148234381806,0.6500844299145336,False,"2025-02-10T19:16:33.556725Z",0.9856045246124268,0.6926502787698713
30165,"1","Not Flooded","2025-02-10T19:11:19.969713Z",6.898081483086571e-05,0.3536307022582303,0.139135479927063,0.9959264185737174,19,"/data/local-files/?d=/share/XXXX-19/nexar_data/2023/2023-09-29/604222321930010623/frames/2efe890b4b82c73f7329cd8e90080eb3.jpg","2efe890b4b82c73f7329cd8e90080eb3","",0.933,0.0084873186424374,0.485502239228168,0.8608644535634083,0.0040746610927087,True,"2025-02-10T19:11:19.969733Z",0.8523081541061401,0.2308013716082279
30120,"1","Not Flooded","2025-02-10T19:09:29.587720Z",0.0048967273905873,0.8704562238450808,0.1476459354162216,0.9963744801406158,21,"/data/local-files/?d=/share/XXXX-19/nexar_data/2023/2023-09-29/604222321930010623/frames/140eeb317b8d7727e1c78b07c3127d4d.jpg","140eeb317b8d7727e1c78b07c3127d4d","",0.827,0.1753339022397995,0.8017246591493092,0.8523541213944554,0.0036265995258105,True,"2025-02-10T19:09:29.587740Z",0.6721234917640686,0.1515387405907071
30375,"1","Not Flooded","2025-02-10T19:21:29.858519Z",2.266581213916652e-05,0.174353171844027,0.1223459169268608,0.9947938484925696,23,"/data/local-files/?d=/share/XXXX-19/nexar_data/2023/2023-09-29/604222337365049343/frames/d91a57493fdc151ffdd947adaac2da58.jpg","d91a57493fdc151ffdd947adaac2da58","",1.358,0.0014243668410927,0.207374769491218,0.8776540267099335,0.0052072311738565,True,"2025-02-10T19:21:29.858539Z",0.8762069940567017,0.2496037624215622
29529,"1","Not Flooded","2025-02-09T17:54:21.721546Z",4.313623139751144e-05,0.2755503059774652,0.0037635324988514,0.1442088852228215,24,"/data/local-files/?d=/share/XXXX-19/nexar_data/2023/2023-09-29/604222325017018367/frames/a931776662859ee312f45b4e5aec6f67.jpg","a931776662859ee312f45b4e5aec6f67","",0.812,0.0004565682902466,0.073119329052096,0.9962365419087292,0.8558116284392774,False,"2025-02-09T17:54:21.721567Z",0.995736837387085,0.9563868747111892
30179,"1","Not Flooded","2025-02-10T19:11:41.315005Z",0.000500050431583,0.6322321455563089,0.3431623876094818,0.9990218222178076,25,"/data/local-files/?d=/share/XXXX-19/nexar_data/2023/2023-09-29/604222325017018367/frames/2dac32a70c83a4915bd80ad201b60691.jpg","2dac32a70c83a4915bd80ad201b60691","",1.003,0.0051298621110618,0.4099946880411828,0.6568376576178706,0.0009792574486186,True,"2025-02-10T19:11:41.315025Z",0.6512077450752258,0.1451449560143898
29057,"1","Not Flooded","2025-02-08T03:52:48.470408Z",0.0003006084298249,0.5712741791296161,0.0049279755912721,0.2248772419273341,26,"/data/local-files/?d=/share/XXXX-19/nexar_data/2023/2023-09-29/604222325553889279/frames/e7c2700649658b91002eeb9e1df258f6.jpg","e7c2700649658b91002eeb9e1df258f6","",1.146,0.0105968136340379,0.5167380686063234,0.9950719716434832,0.775119519073387,False,"2025-02-08T03:52:48.470428Z",0.9841745495796204,0.6644234797217052
29475,"1","Not Flooded","2025-02-09T17:50:22.971483Z",4.35292640759144e-05,0.2768167546954693,0.4254630506038666,0.9992906591579466,27,"/data/local-files/?d=/share/XXXX-19/nexar_data/2023/2023-09-29/604222323809058815/frames/1f7436c355f072ebfd0152d6428a2b29.jpg","1f7436c355f072ebfd0152d6428a2b29","",10.824,0.0019702846184372,0.2568018984854439,0.5745369309479428,0.0007104205084797,True,"2025-02-09T17:50:22.971503Z",0.5725231170654297,0.1238874037477381
30060,"1","Not Flooded","2025-02-10T18:55:32.167862Z",0.0005022482946515,0.6327374294437991,0.0210250429809093,0.8085416729647208,28,"/data/local-files/?d=/share/XXXX-19/nexar_data/2023/2023-09-29/604222323809058815/frames/0c49c492c6ec51d6e82781954d7968d7.jpg","0c49c492c6ec51d6e82781954d7968d7","",0.969,0.0844651684165,0.7391493524160775,0.9789749803021548,0.1914594067017054,False,"2025-02-10T18:55:32.167883Z",0.8940075635910034,0.2669540018915756
29001,"1","Not Flooded","2025-02-08T03:50:34.924017Z",5.233677802607417e-05,0.3075354238554456,0.1911520361900329,0.9977057088441956,29,"/data/local-files/?d=/share/XXXX-19/nexar_data/2023/2023-09-29/604222324748582911/frames/953230114d3c6fd0913b1d5d8a66a904.jpg","953230114d3c6fd0913b1d5d8a66a904","",1.322,0.0760350227355957,0.7300294101134513,0.8088479677098803,0.0022953708222307,True,"2025-02-08T03:50:34.924038Z",0.7327606081962585,0.171903408722841
28980,"1","Not Flooded","2025-02-08T03:49:51.151184Z",2.770672153928899e-06,0.0101477847404265,0.0302111078053712,0.8991764304500481,31,"/data/local-files/?d=/share/XXXX-19/nexar_data/2023/2023-09-29/604222325285453823/frames/872cda7eb3e70fa9e526caeecc8b350b.jpg","872cda7eb3e70fa9e526caeecc8b350b","",1.941,0.0001124169721151,0.0093358755878783,0.9697888212197086,0.1008246492163781,False,"2025-02-08T03:49:51.151211Z",0.9696736335754396,0.4826125120382806
28966,"1","Not Flooded","2025-02-08T03:49:11.105141Z",2.1188854589127004e-05,0.1647657339788299,0.0115028526633977,0.577426118426451,32,"/data/local-files/?d=/share/XXXX-19/nexar_data/2023/2023-09-29/604222337365049343/frames/bd36e7f39ab6b3f41e0951749465e6e0.jpg","bd36e7f39ab6b3f41e0951749465e6e0","",1.382,0.0004390991816762,0.0698889671047233,0.988497158992686,0.4225749612399753,False,"2025-02-08T03:49:11.105168Z",0.9880368709564208,0.7463296739839259
30359,"1","Not Flooded","2025-02-10T19:20:58.861758Z",0.0007831911789253,0.681780197190276,0.1446578651666641,0.9962503185015956,33,"/data/local-files/?d=/share/XXXX-19/nexar_data/2023/2023-09-29/604222321527357439/frames/69281cdc2c6291342a6e4bd2a57a7757.jpg","69281cdc2c6291342a6e4bd2a57a7757","",1.069,0.1199255883693695,0.7694275176741394,0.8553421060787514,0.0037507611648305,True,"2025-02-10T19:20:58.861777Z",0.7346333265304565,0.1726105902320419
30307,"1","Not Flooded","2025-02-10T19:19:15.360400Z",0.0001245262974407,0.4477517026339542,0.0324357599020004,0.9117691198127428,35,"/data/local-files/?d=/share/XXXX-19/nexar_data/2023/2023-09-29/604222324882800639/frames/2ca4e19b0b9100e3b136687049e32947.jpg","2ca4e19b0b9100e3b136687049e32947","",1.261,0.0046003693714737,0.3930320488181971,0.9675642606744076,0.0882324996868967,False,"2025-02-10T19:19:15.360420Z",0.9628393650054932,0.4347503595289199
30178,"1","Not Flooded","2025-02-10T19:11:39.821558Z",8.451993198832497e-05,0.3867321952209645,0.1050285398960113,0.9929778495635988,36,"/data/local-files/?d=/share/XXXX-19/nexar_data/2023/2023-09-29/604222337365049343/frames/f6864de6dfca9e5dd68da48cb8b63807.jpg","f6864de6dfca9e5dd68da48cb8b63807","",1.099,0.0016453977441415,0.2293027946085777,0.8949715615817695,0.0070232301028274,True,"2025-02-10T19:11:39.821580Z",0.8932416439056396,0.2661269774090597
30295,"1","Not Flooded","2025-02-10T19:18:47.270335Z",0.0002114772069035,0.524837726136133,0.2587175965309143,0.9985705216516304,41,"/data/local-files/?d=/share/XXXX-19/nexar_data/2023/2023-09-29/604222325017018367/frames/8101f5dd6c801a17afc4ee03bd6cb088.jpg","8101f5dd6c801a17afc4ee03bd6cb088","",1.276,0.0040531205013394,0.3727656303308529,0.7412823484482942,0.0014305580147957,True,"2025-02-10T19:18:47.270355Z",0.7370177507400513,0.1735326253600687
30207,"1","Not Flooded","2025-02-10T19:12:40.071684Z",0.0002794077736325,0.5617957875734713,0.1109735593199729,0.9936666767435534,43,"/data/local-files/?d=/share/XXXX-19/nexar_data/2023/2023-09-29/604222353471176703/frames/69648001845c2d41569733e17214f921.jpg","69648001845c2d41569733e17214f921","",1.332,0.029405066743493,0.6386162131347899,0.8890265131485646,0.0063344029228729,True,"2025-02-10T19:12:40.071704Z",0.8593420386314392,0.2359114328037209
29008,"1","Not Flooded","2025-02-08T03:50:48.189082Z",0.0002261099725728,0.5338302678004604,0.2257698476314544,0.9982163910638168,46,"/data/local-files/?d=/share/XXXX-19/nexar_data/2023/2023-09-29/604222325285453823/frames/50a644dad3cbbe63145b24f6a1eb223a.jpg","50a644dad3cbbe63145b24f6a1eb223a","",1.318,0.0102345179766416,0.5119249156780521,0.7742301949620012,0.0017846886026093,True,"2025-02-08T03:50:48.189102Z",0.7637695670127869,0.1839600437048969
30368,"1","Not Flooded","2025-02-10T19:21:13.513391Z",0.0001371561666019,0.4622386667415235,0.0131426788866519,0.6336713409025148,47,"/data/local-files/?d=/share/XXXX-19/nexar_data/2023/2023-09-29/604222325151236095/frames/d6fc8f43596399c589f582b5f06f16df.jpg","d6fc8f43596399c589f582b5f06f16df","",1.191,0.0059238690882921,0.4321343277780897,0.9868573623825796,0.3663297387639115,False,"2025-02-10T19:21:13.513414Z",0.9807963371276855,0.6068821177009152
30382,"1","Flooded","2025-02-10T19:21:43.852538Z",5.5685184634057805e-05,0.3179218148760759,0.4373390972614288,0.999320889817882,48,"/data/local-files/?d=/share/XXXX-19/nexar_data/2023/2023-09-29/604222325017018367/frames/04cebb9e96a83a448032e248b9353375.jpg","04cebb9e96a83a448032e248b9353375","",1.778,0.0010507024126127,0.1643867710632123,0.5626608791171748,0.0006801898485443,True,"2025-02-10T19:21:43.852559Z",0.561554491519928,0.1211569273557241
30209,"1","Not Flooded","2025-02-10T19:12:43.345340Z",0.0080950325354933,0.9165482632485868,0.1286217123270034,0.9952807780508134,49,"/data/local-files/?d=/share/XXXX-19/nexar_data/2023/2023-09-29/604222324748582911/frames/8d68e34f530f78765f05898b02e581c1.jpg","8d68e34f530f78765f05898b02e581c1","",1.072,0.0503689832985401,0.6923328568405506,0.8713782085105776,0.0047203016156128,True,"2025-02-10T19:12:43.345360Z",0.8129141926765442,0.2067291289683139
29446,"1","Not Flooded","2025-02-09T17:49:08.224611Z",0.000105302358861,0.4216831567718838,0.1191437318921089,0.9945401268823983,52,"/data/local-files/?d=/share/XXXX-19/nexar_data/2023/2023-09-29/604222324345929727/frames/10e5863db68aca01464199a972786359.jpg","10e5863db68aca01464199a972786359","",4.4,0.0003912457614205,0.0611652623805349,0.8808562573831293,0.0054609527840278,True,"2025-02-09T17:49:08.224632Z",0.8803597092628479,0.2533286115921624
30186,"1","Not Flooded","2025-02-10T19:11:59.932164Z",6.270333415159257e-06,0.0406246086209204,0.1127247661352157,0.9938566980345752,53,"/data/local-files/?d=/share/XXXX-19/nexar_data/2023/2023-09-29/604222353202741247/frames/97f6102ad7459cfc435a4c259ffefacf.jpg","97f6102ad7459cfc435a4c259ffefacf","",1.446,0.0006199132767505,0.1013266941045894,0.8872752557804232,0.006144381631851,True,"2025-02-10T19:11:59.932186Z",0.8866490721702576,0.2592926889308279
29486,"1","Not Flooded","2025-02-09T17:50:57.118199Z",2.3472111934097484e-05,0.1796041295081471,0.0146663784980773,0.678883452168618,55,"/data/local-files/?d=/share/XXXX-19/nexar_data/2023/2023-09-29/604222353202741247/frames/cbf0653a764e80e4bcfdc9d6a51b2cbd.jpg","cbf0653a764e80e4bcfdc9d6a51b2cbd","",1.471,0.0042019877582788,0.3785445448774147,0.9853335888947186,0.3211160079981688,False,"2025-02-09T17:50:57.118219Z",0.9811081290245056,0.6117249614559086
30147,"1","Not Flooded","2025-02-10T19:10:17.011234Z",0.0005396397900767,0.6409634079454811,0.0035188933834433,0.1266513497989661,56,"/data/local-files/?d=/share/XXXX-19/nexar_data/2023/2023-09-29/604222352128999423/frames/98e5f1730a0b83b8cbaff25f094cf55a.jpg","98e5f1730a0b83b8cbaff25f094cf55a","",1.459,0.0202498324215412,0.5976288365946457,0.9964810887468046,0.8733486502010339,False,"2025-02-10T19:10:17.011255Z",0.9756916165351868,0.5403654886786179
29510,"1","Not Flooded","2025-02-09T17:53:47.144538Z",0.000602749933023,0.6532921188669548,0.0205939467996358,0.8016069755088467,58,"/data/local-files/?d=/share/XXXX-19/nexar_data/2023/2023-09-29/604222321930010623/frames/e73758ec09eb6dc3f9ff92630778073e.jpg","e73758ec09eb6dc3f9ff92630778073e","",1.24,0.0753295272588729,0.7292412536222809,0.9794060716521924,0.1983941041575794,False,"2025-02-09T17:53:47.144559Z",0.9034737944602966,0.2780184234278977
29048,"1","Flooded","2025-02-08T03:52:28.700773Z",3.5333002870174823e-06,0.0159596291129892,0.1224376633763313,0.9948186808203736,59,"/data/local-files/?d=/share/XXXX-19/nexar_data/2023/2023-09-29/604222352128999423/frames/ea48ebbcf0989f18cce3ad94b7c224d1.jpg","ea48ebbcf0989f18cce3ad94b7c224d1","",2.86,0.0006947015062905,0.1136100590361601,0.8775623104672831,0.0051823988460525,True,"2025-02-08T03:52:28.700793Z",0.8768640756607056,0.2501792246267593
28886,"1","Not Flooded","2025-02-08T03:45:39.361059Z",4.896980681223795e-05,0.2966502269458828,0.0021150398533791,0.0429782814301693,60,"/data/local-files/?d=/share/XXXX-19/nexar_data/2023/2023-09-29/604222324748582911/frames/f94e3339f7202bf25f13c044b2998c1e.jpg","f94e3339f7202bf25f13c044b2998c1e","",1.411,0.0002647282672114,0.0369656191023221,0.9978849876133608,0.9570292762348144,False,"2025-02-08T03:45:39.361086Z",0.9975712895393372,0.991117044477938
30065,"1","Not Flooded","2025-02-10T19:07:30.602863Z",0.0011966058518737,0.7265852742136789,0.1259316205978393,0.9951199077533004,61,"/data/local-files/?d=/share/XXXX-19/nexar_data/2023/2023-09-29/604222323809058815/frames/2c54350f842011fcda95019308a33659.jpg","2c54350f842011fcda95019308a33659","",694.861,0.0892988890409469,0.7439581866786438,0.8740684071090072,0.0048811719131257,True,"2025-02-10T19:07:30.602885Z",0.7835729122161865,0.1924559388131443
30215,"1","Not Flooded","2025-02-10T19:12:54.706261Z",0.0068393540568649,0.9019015085099308,0.0077500031329691,0.4023387734125664,63,"/data/local-files/?d=/share/XXXX-19/nexar_data/2023/2023-09-29/604222352934305791/frames/0d15540a360b4f9d2aee73dbc516bd2c.jpg","0d15540a360b4f9d2aee73dbc516bd2c","",0.98,0.3792965412139892,0.8713577453110087,0.992250044364482,0.5976644655867124,False,"2025-02-10T19:12:54.706283Z",0.6061141490936279,0.1326121881383527
29433,"1","Not Flooded","2025-02-09T17:48:04.768218Z",1.503867497376632e-05,0.1198235393192919,0.0255431700497865,0.8619603287368335,65,"/data/local-files/?d=/share/XXXX-19/nexar_data/2023/2023-09-29/604222352665870335/frames/3fbf90b94252b390a7222ed375bd0c17.jpg","3fbf90b94252b390a7222ed375bd0c17","",2.698,0.0008471478940919,0.1367203188902756,0.9744567924917646,0.1380385915967402,False,"2025-02-09T17:48:04.768240Z",0.973594605922699,0.5180390666499678
28961,"1","Not Flooded","2025-02-08T03:48:59.337483Z",2.702397068787832e-05,0.2007439981343364,0.0168857295066118,0.7337040547952305,66,"/data/local-files/?d=/share/XXXX-19/nexar_data/2023/2023-09-29/604222321930010623/frames/fd73dd3d11775a6aa43d8f171ea042d8.jpg","fd73dd3d11775a6aa43d8f171ea042d8","",2.75,0.0016982426168397,0.2339847680660583,0.9831142526982148,0.2662959452047695,False,"2025-02-08T03:48:59.337509Z",0.9813889861106871,0.6162271704534167
29047,"1","Flooded","2025-02-08T03:52:25.332751Z",1.2664627320191355e-06,0.0019002129102192,0.6653727293014526,0.9996761000721216,67,"/data/local-files/?d=/share/XXXX-19/nexar_data/2023/2023-09-29/604222322869534719/frames/8c9fea986a74aa57486404de9944bae7.jpg","8c9fea986a74aa57486404de9944bae7","",1.729,5.55607839487493e-05,0.002395779799873,0.3346272351141123,0.0003249795943045,True,"2025-02-08T03:52:25.332771Z",0.3345704078674316,0.0698922061040021
29005,"1","Not Flooded","2025-02-08T03:50:42.077075Z",0.0024023924488574,0.7980959002906463,0.0085172215476632,0.4433423449491045,68,"/data/local-files/?d=/share/XXXX-19/nexar_data/2023/2023-09-29/604222325151236095/frames/6239163dcdb6575ccd96afa4420fb452.jpg","6239163dcdb6575ccd96afa4420fb452","",1.25,0.4368501305580139,0.8857507784394933,0.9914827619213612,0.5566587347173217,False,"2025-02-08T03:50:42.077095Z",0.5522302389144897,0.1187697848872612
28953,"1","Flooded","2025-02-08T03:48:37.119077Z",2.2594256734009832e-05,0.173831692960143,0.1918695122003555,0.9977305411719996,69,"/data/local-files/?d=/share/XXXX-19/nexar_data/2023/2023-09-29/604222325553889279/frames/c22ecdf8466dc7466602ee9f408cb9ac.jpg","c22ecdf8466dc7466602ee9f408cb9ac","",9.242,0.000307068490656,0.0449119639996026,0.8081304325532982,0.0022705384944267,True,"2025-02-08T03:48:37.119103Z",0.8078007698059082,0.204052635897613
30122,"1","Not Flooded","2025-02-10T19:09:32.642815Z",0.0089975902810692,0.9252206838175278,0.0098819201812148,0.510199068895674,71,"/data/local-files/?d=/share/XXXX-19/nexar_data/2023/2023-09-29/604222325151236095/frames/3e5944a4b20f9e8db82da018d7ed5554.jpg","3e5944a4b20f9e8db82da018d7ed5554","",0.968,0.2320509105920791,0.8258163357848959,0.9901180127635596,0.4897998514378997,False,"2025-02-10T19:09:32.642835Z",0.7490695118904114,0.1780564276861021
29059,"1","Not Flooded","2025-02-08T03:52:53.182251Z",0.0011830633739009,0.7253890038133818,0.162386953830719,0.997008244332831,72,"/data/local-files/?d=/share/XXXX-19/nexar_data/2023/2023-09-29/604222325017018367/frames/2ed2a6366bd289b252fe22d34e412abe.jpg","2ed2a6366bd289b252fe22d34e412abe","",1.393,0.0495252273976802,0.6907025605368965,0.8376129834214224,0.0029928353335953,True,"2025-02-08T03:52:53.182271Z",0.7869046926498413,0.1939577548120732
30224,"1","Not Flooded","2025-02-10T19:13:11.022790Z",0.0004885906819254,0.6296290698025938,0.0126009192317724,0.6161796651306612,73,"/data/local-files/?d=/share/XXXX-19/nexar_data/2023/2023-09-29/604222324882800639/frames/72e311be037e55253760ca778e4de4a1.jpg","72e311be037e55253760ca778e4de4a1","",1.256,0.0166935063898563,0.574736669358635,0.9873991461936386,0.38382573320147,False,"2025-02-10T19:13:11.022812Z",0.9702170491218568,0.4870143120581465
30162,"1","Not Flooded","2025-02-10T19:11:15.323889Z",9.761329420143738e-05,0.4095547239724814,0.0111076422035694,0.5611215358902714,74,"/data/local-files/?d=/share/XXXX-19/nexar_data/2023/2023-09-29/604222324882800639/frames/d0fa9b8d5424f491b022399e00828386.jpg","d0fa9b8d5424f491b022399e00828386","",0.78,0.0044183153659105,0.3863008684836733,0.9888923591715866,0.4388806234425811,False,"2025-02-10T19:11:15.323909Z",0.9843764305114746,0.6682271445414225
29423,"1","Flooded","2025-02-09T17:47:39.138092Z",2.5210338208125904e-05,0.1899662280341865,0.1518091112375259,0.996574218429474,77,"/data/local-files/?d=/share/XXXX-19/nexar_data/2023/2023-09-29/604222324882800639/frames/ce1f528ed6decd7d5d4ba8c73444373d.jpg","ce1f528ed6decd7d5d4ba8c73444373d","",1.606,0.0014424945693463,0.2091529800952697,0.8481909037982405,0.0034268612369522,True,"2025-02-09T17:47:39.138114Z",0.846723198890686,0.2269113334744097
30299,"1","Not Flooded","2025-02-10T19:18:54.840416Z",0.0029515228234231,0.8193804442179544,0.0044307606294751,0.1900947083389116,79,"/data/local-files/?d=/share/XXXX-19/nexar_data/2023/2023-09-29/604222325151236095/frames/ddfa55d5b696d3a482a38faf46f4c7bb.jpg","ddfa55d5b696d3a482a38faf46f4c7bb","",1.222,0.1742421835660934,0.8012215345946716,0.995569174643606,0.8099063713275146,False,"2025-02-10T19:18:54.840437Z",0.8183754682540894,0.2097198049690567
30306,"1","Not Flooded","2025-02-10T19:19:13.591745Z",3.75110175809823e-05,0.2525938985890919,0.0151330241933465,0.6912720845767492,80,"/data/local-files/?d=/share/XXXX-19/nexar_data/2023/2023-09-29/604222324345929727/frames/f7feb0b6cdc71bf35567e16350186cda.jpg","f7feb0b6cdc71bf35567e16350186cda","",2.986,0.0036510122008621,0.3560594118841043,0.9848669857237836,0.3087289950896771,False,"2025-02-10T19:19:13.591766Z",0.9811784625053406,0.6128823638648603
29501,"1","Not Flooded","2025-02-09T17:52:02.800534Z",0.0002052248455584,0.5206864087271597,0.0098882867023348,0.5103453636964324,82,"/data/local-files/?d=/share/XXXX-19/nexar_data/2023/2023-09-29/604222325017018367/frames/234b0b6b0c5034eb605d65018a441a07.jpg","234b0b6b0c5034eb605d65018a441a07","",5.062,0.0123061714693903,0.5364128298920765,0.9901116727851332,0.4896546363035676,False,"2025-02-09T17:52:02.800556Z",0.9776002764701844,0.5629677654791776
30154,"1","Not Flooded","2025-02-10T19:10:45.361101Z",0.0050901221111416,0.8742642073305031,0.0475450158119201,0.960461535803898,84,"/data/local-files/?d=/share/XXXX-19/nexar_data/2023/2023-09-29/604222323003752447/frames/dfa792754892995df2ffd3af102d4dd2.jpg","dfa792754892995df2ffd3af102d4dd2","",0.983,0.1176750436425209,0.7677713093762552,0.9524549664929508,0.0395395438625282,False,"2025-02-10T19:10:45.361122Z",0.8296898007392883,0.2161125098789478
28989,"1","Not Flooded","2025-02-08T03:50:12.362006Z",0.000183206735528,0.5047764442697784,0.1858119219541549,0.9976106981986844,86,"/data/local-files/?d=/share/XXXX-19/nexar_data/2023/2023-09-29/604222324748582911/frames/9b3b070d7797353696e03cd1954e7b84.jpg","9b3b070d7797353696e03cd1954e7b84","",1.116,0.0068747824989259,0.4547878887338967,0.8141881471819942,0.0023903814677417,True,"2025-02-08T03:50:12.362026Z",0.8071301579475403,0.2037125409733408
29036,"1","Not Flooded","2025-02-08T03:52:01.692273Z",1.5328336303355172e-05,0.1221696544635569,0.0072297030128538,0.3735095204985467,88,"/data/local-files/?d=/share/XXXX-19/nexar_data/2023/2023-09-29/604222322869534719/frames/cd800c783c5dde3d51daa8943297261c.jpg","cd800c783c5dde3d51daa8943297261c","",1.29,0.0004078719357494,0.0641419027177363,0.9927703215107612,0.6264969575000108,False,"2025-02-08T03:52:01.692294Z",0.9923471212387084,0.8612855372204203
29496,"1","Not Flooded","2025-02-09T17:51:47.224813Z",7.346644270000979e-05,0.3639544726261374,0.002714067697525,0.0755129495191165,89,"/data/local-files/?d=/share/XXXX-19/nexar_data/2023/2023-09-29/604222353471176703/frames/2df16eeebde8a9a63600b031cc4e1d83.jpg","2df16eeebde8a9a63600b031cc4e1d83","",1.561,0.0002645628410391,0.0369170341131404,0.9972859734480152,0.9244946081458671,False,"2025-02-09T17:51:47.224833Z",0.996947944164276,0.9821363791442996
30181,"1","Not Flooded","2025-02-10T19:11:44.329917Z",5.7566176110412925e-06,0.0359129443367177,0.0025506410747766,0.0660788242864484,90,"/data/local-files/?d=/share/XXXX-19/nexar_data/2023/2023-09-29/604222324748582911/frames/8b0b52192b033ebebf6bd74dafb8e3bd.jpg","8b0b52192b033ebebf6bd74dafb8e3bd","",1.045,0.0001004565347102,0.0076116483051396,0.9974493361114584,0.9339190163806992,False,"2025-02-10T19:11:44.329937Z",0.997343122959137,0.9882267774548376
30202,"1","Not Flooded","2025-02-10T19:12:26.720723Z",0.0020493674091994,0.781747591264203,0.0153813548386096,0.6976718073184109,92,"/data/local-files/?d=/share/XXXX-19/nexar_data/2023/2023-09-29/604222325017018367/frames/30e47a3c71892aa2036d7c6495f9d7e3.jpg","30e47a3c71892aa2036d7c6495f9d7e3","",1.159,0.0745359137654304,0.7283516084870418,0.9846185925416646,0.3023249536823103,False,"2025-02-10T19:12:26.720745Z",0.9080333113670348,0.2840494400849913
30106,"1","Not Flooded","2025-02-10T19:09:01.679601Z",2.831140773196239e-05,0.2078616990494616,0.002509000711143,0.0633224359002042,93,"/data/local-files/?d=/share/XXXX-19/nexar_data/2023/2023-09-29/604222325151236095/frames/5784b98e09620e6bdbb75e1968dbe022.jpg","5784b98e09620e6bdbb75e1968dbe022","",2.075,0.0009523092885501,0.1518518438543227,0.9974909475586172,0.9366721657676644,False,"2025-02-10T19:09:01.679622Z",0.9965103268623352,0.9738823293155346
29490,"1","Not Flooded","2025-02-09T17:51:20.571930Z",2.016170356000657e-06,0.0053519064749754,0.034585852175951,0.9226375818926984,94,"/data/local-files/?d=/share/XXXX-19/nexar_data/2023/2023-09-29/604222325151236095/frames/97bdc3bf40febad3a67d27d4cd15043a.jpg","97bdc3bf40febad3a67d27d4cd15043a","",9.351,0.0009509390802122,0.1515462982556909,0.9654141626403998,0.077364577440154,False,"2025-02-09T17:51:20.571951Z",0.9644612073898317,0.4446087936671086
28921,"1","Not Flooded","2025-02-08T03:47:15.818118Z",8.42928966449108e-06,0.0617137329250754,0.2537773251533508,0.9985251756617276,96,"/data/local-files/?d=/share/XXXX-19/nexar_data/2023/2023-09-29/604222322601099263/frames/3a4dd6fe500e6931e1cdda2a573fff26.jpg","3a4dd6fe500e6931e1cdda2a573fff26","",3.475,0.0003212878364138,0.0476586353880105,0.7462227186824748,0.0014759040046987,True,"2025-02-08T03:47:15.818144Z",0.7458930015563965,0.1769152202735442
28910,"1","Not Flooded","2025-02-08T03:46:37.032536Z",0.0004464663215912,0.61926967044262,0.1058855429291725,0.99308149754052,97,"/data/local-files/?d=/share/XXXX-19/nexar_data/2023/2023-09-29/604222324345929727/frames/b530db051d1fbf8310e60b4501f21fe3.jpg","b530db051d1fbf8310e60b4501f21fe3","",1.038,0.0343760028481483,0.6548252451922454,0.8941143802949226,0.0069195821259063,True,"2025-02-08T03:46:37.032563Z",0.8592919111251831,0.2358801224773594
28939,"1","Not Flooded","2025-02-08T03:47:57.225162Z",0.0002480714756529,0.5463468406801035,0.1048820689320564,0.9929476189036636,98,"/data/local-files/?d=/share/XXXX-19/nexar_data/2023/2023-09-29/604222353471176703/frames/7a4734190a4834fd280c8f5b7f288a8c.jpg","7a4734190a4834fd280c8f5b7f288a8c","",1.339,0.0437213517725467,0.6786966698768748,0.8951179093855897,0.0070534607627627,True,"2025-02-08T03:47:57.225181Z",0.8511484861373901,0.2300099761177786
30290,"1","Flooded","2025-02-10T19:18:37.421465Z",4.4709853682434186e-05,0.2812768567023532,0.1006036549806594,0.9923224920428584,99,"/data/local-files/?d=/share/XXXX-19/nexar_data/2023/2023-09-29/604222323003752447/frames/f39f0e25db1bae220186092aa76627fb.jpg","f39f0e25db1bae220186092aa76627fb","",1.597,0.0026809968985617,0.3063067634623607,0.899396405871812,0.0076785876235678,True,"2025-02-10T19:18:37.421485Z",0.8966706991195679,0.270005139212189
30108,"1","Not Flooded","2025-02-10T19:09:04.985152Z",0.0009125166106969,0.6979730342513377,0.1397284716367721,0.9959426135701114,101,"/data/local-files/?d=/share/XXXX-19/nexar_data/2023/2023-09-29/604222324345929727/frames/80db97d3708b585e3cf2b3ebfdbd4cb3.jpg","80db97d3708b585e3cf2b3ebfdbd4cb3","",1.144,0.0426147766411304,0.676223154094311,0.8602715611923486,0.0040584660963148,True,"2025-02-10T19:09:04.985173Z",0.8167442679405212,0.208835558165949
28990,"1","Not Flooded","2025-02-08T03:50:14.104464Z",6.496812602563296e-06,0.0428498011254442,0.1080189272761344,0.9933438564821012,102,"/data/local-files/?d=/share/XXXX-19/nexar_data/2023/2023-09-29/604222324882800639/frames/ca80bdb3f1ca94c9d66909156b4aa0f0.jpg","ca80bdb3f1ca94c9d66909156b4aa0f0","",1.3,0.0015650712884962,0.2215464710023191,0.8919810377055909,0.0066572231843249,True,"2025-02-08T03:50:14.104485Z",0.8904094696044922,0.2631427794068744
29438,"1","Not Flooded","2025-02-09T17:48:15.810054Z",0.0032788487151265,0.830061584172954,0.012569110840559,0.6147523461151443,104,"/data/local-files/?d=/share/XXXX-19/nexar_data/2023/2023-09-29/604222352263217151/frames/67e7dd7914758085d17d898e74f3d75e.jpg","67e7dd7914758085d17d898e74f3d75e","",1.171,0.3971711695194244,0.8759387699576339,0.9874308975413442,0.385248733551282,False,"2025-02-09T17:48:15.810075Z",0.5869808793067932,0.1276111732519121
30172,"1","Not Flooded","2025-02-10T19:11:30.649095Z",5.650286766467616e-06,0.0348246405790466,0.0502847097814083,0.9649324344750446,105,"/data/local-files/?d=/share/XXXX-19/nexar_data/2023/2023-09-29/604222353471176703/frames/f154f9cde332880587096057f26b6431.jpg","f154f9cde332880587096057f26b6431","",0.999,0.000906717905309,0.1454580592780054,0.9497151969808328,0.0350686451913816,False,"2025-02-10T19:11:30.649115Z",0.9488028287887572,0.37154938610167
30103,"1","Not Flooded","2025-02-10T19:08:54.541222Z",0.0003469412622507,0.5889893458517057,0.0218025129288434,0.818989604971648,106,"/data/local-files/?d=/share/XXXX-19/nexar_data/2023/2023-09-29/604222352934305791/frames/8b626e89007413e8b0832919cb30e357.jpg","8b626e89007413e8b0832919cb30e357","",1.268,0.0932375192642211,0.7476970715127854,0.978197438031202,0.1810114746947783,False,"2025-02-10T19:08:54.541242Z",0.8846129775047302,0.2573374130328694
30145,"1","Not Flooded","2025-02-10T19:10:13.468539Z",7.364588236669078e-05,0.364263257224048,0.1439747512340545,0.9962006538459878,107,"/data/local-files/?d=/share/XXXX-19/nexar_data/2023/2023-09-29/604222337365049343/frames/50348d8ca6f5f49d576955e27cdb60b9.jpg","50348d8ca6f5f49d576955e27cdb60b9","",1.24,0.001134154968895,0.174936191714208,0.856025250897801,0.0038004258204385,True,"2025-02-10T19:10:13.468562Z",0.8548174500465393,0.232510483560999
28988,"1","Not Flooded","2025-02-08T03:50:10.754076Z",0.007999344728887,0.9155225801436389,0.0114585319533944,0.5746513757109604,109,"/data/local-files/?d=/share/XXXX-19/nexar_data/2023/2023-09-29/604222325017018367/frames/c50bde17cf82f0c1063c7b8412fbfea3.jpg","c50bde17cf82f0c1063c7b8412fbfea3","",1.14,0.3145788013935089,0.8533597059852388,0.988541497848928,0.4253518632883184,False,"2025-02-08T03:50:10.754097Z",0.665963351726532,0.1496320496819302
29469,"1","Flooded","2025-02-09T17:50:01.499101Z",1.836301635194104e-05,0.1451352390165534,0.3920280337333679,0.9991913298467304,113,"/data/local-files/?d=/share/XXXX-19/nexar_data/2023/2023-09-29/604222325017018367/frames/1061d8b53cf3ef91724b64645ecabd22.jpg","1061d8b53cf3ef91724b64645ecabd22","",2.011,0.0007687098695896,0.1252121544527602,0.6079719598183145,0.0008097498196957,True,"2025-02-09T17:50:01.499122Z",0.607184886932373,0.1328929014091806
30351,"1","Not Flooded","2025-02-10T19:20:45.985039Z",6.999620381975546e-05,0.3561301300350243,0.1032920852303505,0.9926831006292296,114,"/data/local-files/?d=/share/XXXX-19/nexar_data/2023/2023-09-29/604222321795792895/frames/db59a018380a6899c2467f9757ca777b.jpg","db59a018380a6899c2467f9757ca777b","",1.018,0.0043305121362209,0.3833917072981131,0.8967079090434709,0.0073179790371966,True,"2025-02-10T19:20:45.985059Z",0.8923074007034302,0.2650883383069967
29495,"1","Not Flooded","2025-02-09T17:51:45.209387Z",5.242379302217159e-06,0.0311937223875311,0.1191365271806716,0.9945358082166934,115,"/data/local-files/?d=/share/XXXX-19/nexar_data/2023/2023-09-29/604222325553889279/frames/1e498c6d87a7033873c803b964997b01.jpg","1e498c6d87a7033873c803b964997b01","",1.723,0.0005517115350812,0.0901240752657059,0.8808634362294469,0.0054652714497328,True,"2025-02-09T17:51:45.209408Z",0.8803064823150635,0.2532821859358332
30365,"1","Not Flooded","2025-02-10T19:21:08.585567Z",2.128455707861576e-05,0.1654059761696026,0.051785048097372,0.967093926660419,118,"/data/local-files/?d=/share/XXXX-19/nexar_data/2023/2023-09-29/604222321930010623/frames/d728b7a98faf66f79e0c99242fce937f.jpg","d728b7a98faf66f79e0c99242fce937f","",1.061,0.0011440807720646,0.1759154491628266,0.9482149234918325,0.0329071530060072,False,"2025-02-10T19:21:08.585588Z",0.9470495581626892,0.3656031232590379
30289,"1","Not Flooded","2025-02-10T19:18:35.322758Z",6.222564115887508e-05,0.3363916684301218,0.0114932730793952,0.5765721022832786,120,"/data/local-files/?d=/share/XXXX-19/nexar_data/2023/2023-09-29/604222352665870335/frames/90ec0c552ad3f654377032db2f0cc05d.jpg","90ec0c552ad3f654377032db2f0cc05d","",6.297,0.0012304584961384,0.1860286845776129,0.9885066533679492,0.4234214197181639,False,"2025-02-10T19:18:35.322780Z",0.987213969230652,0.7271375235907114
29449,"1","Not Flooded","2025-02-09T17:49:19.788538Z",3.27155867125839e-05,0.2304407630218567,0.1271949857473373,0.99518360807245,121,"/data/local-files/?d=/share/XXXX-19/nexar_data/2023/2023-09-29/604222352934305791/frames/5fbce81d65d4f76b537612eb4d6940af.jpg","5fbce81d65d4f76b537612eb4d6940af","",7.101,0.0035523036494851,0.3515599020526618,0.8728050972276833,0.0048174715939763,True,"2025-02-09T17:49:19.788560Z",0.8692200779914856,0.2435759847637474
30137,"1","Not Flooded","2025-02-10T19:09:59.748731Z",0.0025507737882435,0.804218688593972,0.1308297365903854,0.9954373296826212,123,"/data/local-files/?d=/share/XXXX-19/nexar_data/2023/2023-09-29/604222323003752447/frames/1d6dbc813c59219abf4ac845b270118e.jpg","1d6dbc813c59219abf4ac845b270118e","",1.342,0.1018903031945228,0.7555203344374722,0.869170278776437,0.004563749983805,True,"2025-02-10T19:09:59.748752Z",0.7647292017936707,0.1843152539591367
30280,"1","Not Flooded","2025-02-10T19:18:09.936905Z",0.0127890454605221,0.9506624833191536,0.001369182835333,0.01455606275885,125,"/data/local-files/?d=/share/XXXX-19/nexar_data/2023/2023-09-29/604222325285453823/frames/6f863b7eb1fed6e2fdb0c4caae052dd2.jpg","6f863b7eb1fed6e2fdb0c4caae052dd2","",1.041,0.8036902546882629,0.9650879064404262,0.9986308412626383,0.9854460965740024,False,"2025-02-10T19:18:09.936927Z",0.1821515411138534,0.0366535955051327
29439,"1","Not Flooded","2025-02-09T17:48:22.690519Z",5.914948815188836e-06,0.0373089530258731,0.0058144866488873,0.2848559509054083,126,"/data/local-files/?d=/share/XXXX-19/nexar_data/2023/2023-09-29/604222325151236095/frames/ef8f6891ce24a1ff529dea74f85939b7.jpg","ef8f6891ce24a1ff529dea74f85939b7","",6.427,0.0009344731806777,0.1491332437929977,0.994185572551032,0.7151559254252806,False,"2025-02-09T17:48:22.690541Z",0.9932451844215392,0.8874118452362958
30381,"1","Not Flooded","2025-02-10T19:21:41.548821Z",0.0248689558357,0.9830233251134728,0.1571766436100006,0.9968128247096776,128,"/data/local-files/?d=/share/XXXX-19/nexar_data/2023/2023-09-29/604222347431378943/frames/5067c42d59438c6d5d3e868192373288.jpg","5067c42d59438c6d5d3e868192373288","",1.024,0.4692427814006805,0.8933818607403057,0.8428233470767734,0.0031882549567485,True,"2025-02-10T19:21:41.548841Z",0.348711609840393,0.0729476620903205
30142,"1","Not Flooded","2025-02-10T19:10:08.298596Z",8.207291830331087e-05,0.3819762646132851,0.1035938262939453,0.9927575976126416,131,"/data/local-files/?d=/share/XXXX-19/nexar_data/2023/2023-09-29/604222352665870335/frames/06e49f324971218948160d0139268b04.jpg","06e49f324971218948160d0139268b04","",1.202,0.0014100183034315,0.2060575764511796,0.8964061818551271,0.0072434820537846,True,"2025-02-10T19:10:08.298617Z",0.8949140906333923,0.2679883223279335
30175,"1","Not Flooded","2025-02-10T19:11:35.389814Z",0.0152967870235443,0.9614256779225492,0.1696763485670089,0.9972166199530992,132,"/data/local-files/?d=/share/XXXX-19/nexar_data/2023/2023-09-29/604222353471176703/frames/dd2a0afa99b715d0d52fb523d1ec47f3.jpg","dd2a0afa99b715d0d52fb523d1ec47f3","",1.066,0.0894131511449813,0.7440963839812051,0.8303236514329909,0.0027844597133269,True,"2025-02-10T19:11:35.389837Z",0.7256137132644653,0.1693100499669622
29461,"1","Not Flooded","2025-02-09T17:49:41.784086Z",2.5495155568933114e-05,0.1917573946353534,0.1158861294388771,0.994203270957405,133,"/data/local-files/?d=/share/XXXX-19/nexar_data/2023/2023-09-29/604222325151236095/frames/e69f44ef72684b79026bf414b3d225a3.jpg","e69f44ef72684b79026bf414b3d225a3","",1.212,0.0006176910246722,0.1010837691586807,0.884113840667851,0.0057978087090212,True,"2025-02-09T17:49:41.784107Z",0.8834706544876099,0.2561972852867378
29074,"1","Not Flooded","2025-02-08T03:53:32.412804Z",7.420587644446641e-05,0.3654476512936563,0.0208992455154657,0.8060800335128459,134,"/data/local-files/?d=/share/XXXX-19/nexar_data/2023/2023-09-29/604222353471176703/frames/35361c4dae510fa370fb1eb98dfa87e7.jpg","35361c4dae510fa370fb1eb98dfa87e7","",1.429,0.0181575790047645,0.5847851247878455,0.9791007395397172,0.1939210461535803,False,"2025-02-08T03:53:32.412831Z",0.9608689546585084,0.4236486895008918
30155,"1","Not Flooded","2025-02-10T19:10:46.818859Z",0.0045337448827922,0.8627905922186281,0.1225382760167121,0.994860787810998,135,"/data/local-files/?d=/share/XXXX-19/nexar_data/2023/2023-09-29/604222352263217151/frames/1fa2213820454bace84e34cb6326ccbf.jpg","1fa2213820454bace84e34cb6326ccbf","",0.978,0.0984622538089752,0.7524691971168588,0.8774616788141429,0.0051402918554283,True,"2025-02-10T19:10:46.818881Z",0.7744656801223755,0.1883510470605001
29063,"1","Not Flooded","2025-02-08T03:53:08.388814Z",1.90456830750918e-05,0.1499851006033176,0.1748773902654647,0.9973504985899556,136,"/data/local-files/?d=/share/XXXX-19/nexar_data/2023/2023-09-29/604222321930010623/frames/ab4658c67452e0d853f87389a9a1ba64.jpg","ab4658c67452e0d853f87389a9a1ba64","",1.432,0.0037446760106831,0.3599759018453659,0.8251225812327901,0.0026505810764706,True,"2025-02-08T03:53:08.388834Z",0.821358859539032,0.2113501012727107
30319,"1","Not Flooded","2025-02-10T19:19:41.848415Z",2.927195509982994e-06,0.0113300194771823,0.005546486005187,0.2664832673297258,137,"/data/local-files/?d=/share/XXXX-19/nexar_data/2023/2023-09-29/604222325151236095/frames/df6b5a4f74092545b0c07b620c7cf642.jpg","df6b5a4f74092545b0c07b620c7cf642","",1.17,0.0015163248172029,0.2167840623960821,0.9944535982117484,0.7335350869995206,False,"2025-02-10T19:19:41.848436Z",0.9929343461990356,0.8784290205698048
29411,"1","Not Flooded","2025-02-09T17:46:54.190866Z",0.0002099214034387,0.5237742547062659,0.003495505079627,0.1257055620095615,138,"/data/local-files/?d=/share/XXXX-19/nexar_data/2023/2023-09-29/604222325151236095/frames/7f0e4112df46231a249be79db989d0c0.jpg","7f0e4112df46231a249be79db989d0c0","",4.072,0.0118251405656337,0.5314053370070783,0.9965044757263966,0.874296597323291,False,"2025-02-09T17:46:54.190886Z",0.9844694137573242,0.6699853813165885
30174,"1","Not Flooded","2025-02-10T19:11:33.843136Z",0.0457245670258998,0.995474038341114,0.0319208912551403,0.9089193402806268,139,"/data/local-files/?d=/share/XXXX-19/nexar_data/2023/2023-09-29/604222352263217151/frames/9a2c1e76e559a4598b81314899643065.jpg","9a2c1e76e559a4598b81314899643065","",1.001,0.3653152585029602,0.8676609674674912,0.9680790863931178,0.0910817393857993,False,"2025-02-10T19:11:33.843156Z",0.5570392608642578,0.1199984452803461
30183,"1","Not Flooded","2025-02-10T19:11:54.021624Z",9.521799256617667e-06,0.0720072726330472,0.1685240566730499,0.9971723536296226,140,"/data/local-files/?d=/share/XXXX-19/nexar_data/2023/2023-09-29/604222352263217151/frames/8c9c61f7fe416669588b561d4aaee533.jpg","8c9c61f7fe416669588b561d4aaee533","",1.598,0.0019619786180555,0.2562339939452306,0.8314759903159937,0.0028287260368036,True,"2025-02-10T19:11:54.021645Z",0.8295044898986816,0.2160007644038298
28956,"1","Not Flooded","2025-02-08T03:48:43.214111Z",0.0003647715202532,0.5952103837998212,0.104351595044136,0.992895794915203,141,"/data/local-files/?d=/share/XXXX-19/nexar_data/2023/2023-09-29/604222352665870335/frames/9e8b35587dd52f08dcc8562581b70159.jpg","9e8b35587dd52f08dcc8562581b70159","",1.446,0.0077991588041186,0.4735956778793624,0.8956483019865117,0.0071052847512232,True,"2025-02-08T03:48:43.214140Z",0.8874843716621399,0.2601521034061316
28952,"1","Not Flooded","2025-02-08T03:48:27.320211Z",0.000106798383058,0.4239882445919509,0.0025473723653703,0.0653338544523284,142,"/data/local-files/?d=/share/XXXX-19/nexar_data/2023/2023-09-29/604222337365049343/frames/428f9388886df2dc4363ea8736a42ad9.jpg","428f9388886df2dc4363ea8736a42ad9","",1.045,0.0012808993924409,0.1920154349112298,0.9974526587320726,0.9346693845469504,False,"2025-02-08T03:48:27.320238Z",0.9960649609565736,0.9642382089629588
29518,"1","Not Flooded","2025-02-09T17:54:02.795439Z",2.4250348360510543e-06,0.0077314912784546,0.0073427655734121,0.3802747103254978,146,"/data/local-files/?d=/share/XXXX-19/nexar_data/2023/2023-09-29/604222352263217151/frames/14e1752a89ded448e3e04b4455cfd5ed.jpg","14e1752a89ded448e3e04b4455cfd5ed","",1.376,0.0004142504767514,0.065324137454492,0.9926572236454374,0.6197198913423708,False,"2025-02-09T17:54:02.795459Z",0.99224054813385,0.8581858149106252
30141,"1","Flooded","2025-02-10T19:10:06.625441Z",4.751240794576006e-06,0.0266256537380211,0.4764083921909332,0.9993921478020152,148,"/data/local-files/?d=/share/XXXX-19/nexar_data/2023/2023-09-29/604222322869534719/frames/816cec3ae4220ac422e9944af614f7f3.jpg","816cec3ae4220ac422e9944af614f7f3","",1.275,0.00035456995829,0.0539779229809158,0.5235915428024781,0.0006089318644111,True,"2025-02-10T19:10:06.625463Z",0.5232322216033936,0.1116893324638419
30273,"1","Not Flooded","2025-02-10T19:17:59.099775Z",3.1580973882228136e-05,0.2249560575764511,0.1190060749650001,0.9945034182239056,149,"/data/local-files/?d=/share/XXXX-19/nexar_data/2023/2023-09-29/604222325151236095/frames/787d0207aa214cb030dbac0b05d49db4.jpg","787d0207aa214cb030dbac0b05d49db4","",0.981,0.001619794871658,0.2269480421329026,0.8809939318452961,0.0054976614425207,True,"2025-02-10T19:17:59.099796Z",0.8793425559997559,0.2524054967977094
30185,"1","Flooded","2025-02-10T19:11:58.001010Z",3.607680355344201e-06,0.0165825966409418,0.2688247561454773,0.9986493373007476,150,"/data/local-files/?d=/share/XXXX-19/nexar_data/2023/2023-09-29/604222352665870335/frames/ec2ce3b7af6e90540ddd9899329eaa04.jpg","ec2ce3b7af6e90540ddd9899329eaa04","",1.868,0.0004302278393879,0.0684497717585174,0.7311752171649459,0.0013517423656787,True,"2025-02-10T19:11:58.001030Z",0.7307413816452026,0.171146562558032
30301,"1","Not Flooded","2025-02-10T19:18:58.277112Z",8.551128121325746e-05,0.3885060871593113,0.1185420751571655,0.9944461959033136,151,"/data/local-files/?d=/share/XXXX-19/nexar_data/2023/2023-09-29/604222337365049343/frames/d5ec60c141feecd25cf727eb52e2e014.jpg","d5ec60c141feecd25cf727eb52e2e014","",1.162,0.0054583307355642,0.4196922518818586,0.8814579388490529,0.0055548837631125,True,"2025-02-10T19:18:58.277132Z",0.8759140968322754,0.2493219694843081
28936,"1","Not Flooded","2025-02-08T03:47:51.421208Z",3.3475378586445004e-05,0.2341256645346853,0.1095964387059211,0.993520921776008,153,"/data/local-files/?d=/share/XXXX-19/nexar_data/2023/2023-09-29/604222325553889279/frames/e0c4c81fface94a6cc89281ebf8eabbf.jpg","e0c4c81fface94a6cc89281ebf8eabbf","",1.917,0.0009631269495002,0.1530124852625533,0.8904035814121015,0.0064801578904181,True,"2025-02-08T03:47:51.421235Z",0.8894069790840149,0.2621559642932719
30150,"1","Not Flooded","2025-02-10T19:10:22.009077Z",0.0247478820383548,0.982870012480944,0.1041924804449081,0.9928871575837928,155,"/data/local-files/?d=/share/XXXX-19/nexar_data/2023/2023-09-29/604222352263217151/frames/bd93ba2a618dfb181c702690892bbfe6.jpg","bd93ba2a618dfb181c702690892bbfe6","",1.052,0.1916392892599105,0.80932443112376,0.8958074636757372,0.0071139220826333,True,"2025-02-10T19:10:22.009097Z",0.6794202923774719,0.1537844467573298
29427,"1","Not Flooded","2025-02-09T17:47:48.372563Z",9.2923037300352e-06,0.0697604867999982,0.0061806985177099,0.3082134543711375,157,"/data/local-files/?d=/share/XXXX-19/nexar_data/2023/2023-09-29/604222323809058815/frames/acf0f68aaf84c80e45971f923368e5df.jpg","acf0f68aaf84c80e45971f923368e5df","",1.637,0.0019754699897021,0.2573147400379179,0.9938192835870722,0.6917822269631575,False,"2025-02-09T17:47:48.372584Z",0.99183452129364,0.8464849300160222
29502,"1","Flooded","2025-02-09T17:52:17.053683Z",1.8022668882622384e-05,0.1428938515156357,0.3140336573123932,0.9989008995780664,158,"/data/local-files/?d=/share/XXXX-19/nexar_data/2023/2023-09-29/604222325553889279/frames/1902f9a4edb55fc78d2882338a36e44c.jpg","1902f9a4edb55fc78d2882338a36e44c","",13.785,3.584236037568189e-05,0.0009198757951743,0.6859664145249553,0.0011001800883599,True,"2025-02-09T17:52:17.053703Z",0.685912549495697,0.1558660436271609
29429,"1","Not Flooded","2025-02-09T17:47:54.169890Z",5.67663591937162e-05,0.3211467784913173,0.0247620847076177,0.8540096651738479,159,"/data/local-files/?d=/share/XXXX-19/nexar_data/2023/2023-09-29/604222325151236095/frames/08c9e1ad28d0125886f6f9b255e9e9f6.jpg","08c9e1ad28d0125886f6f9b255e9e9f6","",3.15,0.0164951030164957,0.5732985536788554,0.9752378635239438,0.1459903348261521,False,"2025-02-09T17:47:54.169911Z",0.9586859941482544,0.4124962751508294
29526,"1","Not Flooded","2025-02-09T17:54:17.385194Z",0.0001206412853207,0.4429428683713879,0.1242836266756057,0.9949719934529028,160,"/data/local-files/?d=/share/XXXX-19/nexar_data/2023/2023-09-29/604222325419671551/frames/c487e91069009f8ec75af2dbbc8561c6.jpg","c487e91069009f8ec75af2dbbc8561c6","",1.57,0.0128963105380535,0.5425431758603861,0.8757162816764321,0.0050290862135234,True,"2025-02-09T17:54:17.385215Z",0.8626993298530579,0.2384583659032705
30163,"1","Not Flooded","2025-02-10T19:11:16.957189Z",5.588110434473492e-05,0.3184875600834366,0.0145555306226015,0.6764056177203491,161,"/data/local-files/?d=/share/XXXX-19/nexar_data/2023/2023-09-29/604222325419671551/frames/4d3d39855a400b31ed96e7435039ea27.jpg","4d3d39855a400b31ed96e7435039ea27","",1.145,0.0116956969723105,0.5298722106817878,0.9854445316632336,0.3235965416125034,False,"2025-02-10T19:11:16.957210Z",0.9736929535865784,0.5189897129382905
30144,"1","Not Flooded","2025-02-10T19:10:11.752244Z",6.369496259139851e-05,0.3404274615314852,0.1065085381269455,0.993155994523932,164,"/data/local-files/?d=/share/XXXX-19/nexar_data/2023/2023-09-29/604222325285453823/frames/60af3018d623b42652c8ca6849b3c65b.jpg","60af3018d623b42652c8ca6849b3c65b","",1.161,0.001642714603804,0.2289292300250914,0.8934914351630141,0.0068450851424943,True,"2025-02-10T19:10:11.752265Z",0.8917850255966187,0.2645441864281611
30140,"1","Not Flooded","2025-02-10T19:10:04.880976Z",5.654654273712367e-07,0.0002267299495147,0.1403323411941528,0.9960257478849336,167,"/data/local-files/?d=/share/XXXX-19/nexar_data/2023/2023-09-29/604222322869534719/frames/b4488172e06b83d8ee6072c150a0f05d.jpg","b4488172e06b83d8ee6072c150a0f05d","",1.173,2.7245649107499048e-05,0.000500965221785,0.8596676345512719,0.0039753317814927,True,"2025-02-10T19:10:04.880997Z",0.8596398234367371,0.2361262864225468
28999,"1","Flooded","2025-02-08T03:50:31.508402Z",2.2206365883903345e-06,0.0065147072160585,0.132958710193634,0.995605757645118,168,"/data/local-files/?d=/share/XXXX-19/nexar_data/2023/2023-09-29/604222325419671551/frames/c2473f6b311d74fe76c71c9731a014bf.jpg","c2473f6b311d74fe76c71c9731a014bf","",1.847,3.936172652174719e-05,0.0011606414082305,0.8670412681274229,0.0043953220213082,True,"2025-02-08T03:50:31.508423Z",0.8669996857643127,0.2418085708239582
30230,"1","Flooded","2025-02-10T19:16:32.111164Z",2.669839659574791e-06,0.0094146912369954,0.3775255084037781,0.999155700854664,169,"/data/local-files/?d=/share/XXXX-19/nexar_data/2023/2023-09-29/604222321661575167/frames/778e09c8083c7e6ab77038528f07732b.jpg","778e09c8083c7e6ab77038528f07732b","",1.17,3.743639899767004e-05,0.0010235237720953,0.6224744243043006,0.0008453788117623,True,"2025-02-10T19:16:32.111185Z",0.6224343180656433,0.1370431391517277
29512,"1","Flooded","2025-02-09T17:53:50.810864Z",2.7846256216434995e-06,0.0102147240588547,0.8079362511634827,0.9998531653660284,170,"/data/local-files/?d=/share/XXXX-19/nexar_data/2023/2023-09-29/604222325419671551/frames/6a8d1fff5c267f39891ccd7fc9acbc8c.jpg","6a8d1fff5c267f39891ccd7fc9acbc8c","",1.428,0.0001593317429069,0.0169496832258705,0.1920638001759015,0.0001479143003977,True,"2025-02-09T17:53:50.810884Z",0.191901683807373,0.038806450359097
30114,"1","Not Flooded","2025-02-10T19:09:20.011022Z",7.787165668560192e-05,0.3734555371772337,0.002832208527252,0.0819375045885823,172,"/data/local-files/?d=/share/XXXX-19/nexar_data/2023/2023-09-29/604222352263217151/frames/b65024dc402b7c340ed7dfcbe50bc4be.jpg","b65024dc402b7c340ed7dfcbe50bc4be","",1.672,0.0043866108171641,0.3854398345087302,0.997167801069736,0.9180608759117784,False,"2025-02-10T19:09:20.011042Z",0.9927033185958862,0.8716255025847214
28892,"1","Not Flooded","2025-02-08T03:45:52.734272Z",0.0133019452914595,0.9531327601024387,0.0092862546443939,0.4824780935682111,173,"/data/local-files/?d=/share/XXXX-19/nexar_data/2023/2023-09-29/604222324211711999/frames/e32cb074162e3024069eab62a6fd5d2a.jpg","e32cb074162e3024069eab62a6fd5d2a","",1.44,0.6930036544799805,0.94195335409172,0.9907137220725416,0.5175219064317889,False,"2025-02-08T03:45:52.734299Z",0.2844081223011017,0.0588402007315819
28915,"1","Not Flooded","2025-02-08T03:46:51.772632Z",6.684547406621277e-05,0.3484644984085717,0.1435241550207138,0.9961693435196262,174,"/data/local-files/?d=/share/XXXX-19/nexar_data/2023/2023-09-29/604222321661575167/frames/ff5d8a19d3a9119774cdc2a9de3ec8a3.jpg","ff5d8a19d3a9119774cdc2a9de3ec8a3","",3.97,0.0042668604291975,0.3809905291661088,0.8564758014690597,0.0038317361468,True,"2025-02-08T03:46:51.772659Z",0.8521420955657959,0.2306977236313068
30135,"1","Not Flooded","2025-02-10T19:09:55.983963Z",3.850420398521237e-06,0.0186166881880174,0.115923099219799,0.9942205456202252,175,"/data/local-files/?d=/share/XXXX-19/nexar_data/2023/2023-09-29/604222323003752447/frames/94b864eb438b6ae680bd6014fa4c3056.jpg","94b864eb438b6ae680bd6014fa4c3056","",1.285,0.0003205561079084,0.0475755010731884,0.8840769313810596,0.005780534046201,True,"2025-02-10T19:09:55.983984Z",0.8837525248527527,0.2564909545546808
29453,"1","Not Flooded","2025-02-09T17:49:27.664237Z",0.0001295563706662,0.4536477609877652,0.0327077060937881,0.9133859202860684,176,"/data/local-files/?d=/share/XXXX-19/nexar_data/2023/2023-09-29/604222324748582911/frames/a7a5e3a55aa0304b088bf278b71e012c.jpg","a7a5e3a55aa0304b088bf278b71e012c","",1.707,0.0113034807145595,0.5254984819890047,0.967292340559652,0.0866162390467841,False,"2025-02-09T17:49:27.664258Z",0.9558593034744264,0.3992520070998864
30240,"1","Not Flooded","2025-02-10T19:16:51.397208Z",5.328980114427395e-05,0.3105055861940894,0.1772151738405227,0.9974120395762526,178,"/data/local-files/?d=/share/XXXX-19/nexar_data/2023/2023-09-29/604222347431378943/frames/7572a40fdf9afd26392c4c3cc96f808d.jpg","7572a40fdf9afd26392c4c3cc96f808d","",1.224,0.003296922892332,0.3396166320453632,0.8227848554852243,0.0025890400901737,True,"2025-02-10T19:16:51.397228Z",0.819434642791748,0.2103200995020578
29064,"1","Flooded","2025-02-08T03:53:12.856488Z",0.0007530931616201,0.6776126847849089,0.1171328350901603,0.9943144765993098,179,"/data/local-files/?d=/share/XXXX-19/nexar_data/2023/2023-09-29/604222321795792895/frames/593fcd066cebd5567a95679aeb97d1d5.jpg","593fcd066cebd5567a95679aeb97d1d5","",3.91,0.0166129693388938,0.5743209977845245,0.8828671682858837,0.0056866030671163,True,"2025-02-08T03:53:12.856508Z",0.8655011057853699,0.2406565667471378
30188,"1","Not Flooded","2025-02-10T19:12:03.093616Z",5.058594069851097e-06,0.0294824511019075,0.0063850432634353,0.3222620739096449,180,"/data/local-files/?d=/share/XXXX-19/nexar_data/2023/2023-09-29/604222321930010623/frames/86f62c4241d548eb980e21a446424abb.jpg","86f62c4241d548eb980e21a446424abb","",1.074,0.0005079909460619,0.0824195756479078,0.9936150040002758,0.6777519617538965,False,"2025-02-10T19:12:03.093639Z",0.993101954460144,0.88326700582588
29050,"1","Not Flooded","2025-02-08T03:52:34.284364Z",4.96024513267912e-05,0.2987750104727643,0.1016245260834693,0.9924650080111248,182,"/data/local-files/?d=/share/XXXX-19/nexar_data/2023/2023-09-29/604222324345929727/frames/8f1afa6c3684f5fbf4c74ddd03c6ee5c.jpg","8f1afa6c3684f5fbf4c74ddd03c6ee5c","",3.276,0.0065989457070827,0.4485344607929934,0.8983754592263722,0.0075360716553013,True,"2025-02-08T03:52:34.284385Z",0.8917269110679626,0.2644772471097329
30244,"1","Not Flooded","2025-02-10T19:16:59.930952Z",3.532129630912095e-05,0.2429357425729746,0.1036589071154594,0.9927781112747406,185,"/data/local-files/?d=/share/XXXX-19/nexar_data/2023/2023-09-29/604222323003752447/frames/c75846eec523dc4edc747ff5ccd7b124.jpg","c75846eec523dc4edc747ff5ccd7b124","",2.607,0.0008294277940876,0.1344508600622751,0.8963410307333105,0.0072229683916857,True,"2025-02-10T19:16:59.930987Z",0.8954762816429138,0.2686474586811658
29079,"1","Flooded","2025-02-08T03:53:44.102473Z",0.0001757419086061,0.4989181742408865,0.1187340542674064,0.994467789231839,187,"/data/local-files/?d=/share/XXXX-19/nexar_data/2023/2023-09-29/604222325419671551/frames/54a96b89e1d01d425ff1afc648047968.jpg","54a96b89e1d01d425ff1afc648047968","",1.596,0.0037575275637209,0.3607219513459122,0.881265897245612,0.0055332904345873,True,"2025-02-08T03:53:44.102500Z",0.8773326277732849,0.2505938165344435
30243,"1","Not Flooded","2025-02-10T19:16:56.800999Z",0.0010518205817788,0.713146666206009,0.0084034940227866,0.4375456159065095,189,"/data/local-files/?d=/share/XXXX-19/nexar_data/2023/2023-09-29/604222325419671551/frames/b25ef215138d60c3bd9a79d252e90754.jpg","b25ef215138d60c3bd9a79d252e90754","",1.2,0.0342915058135986,0.6545272572585974,0.9915964377578346,0.5624500654277854,False,"2025-02-10T19:16:56.801024Z",0.9562531113624572,0.4010053853761341
29037,"1","Not Flooded","2025-02-08T03:52:03.270679Z",0.0039968928322196,0.8501066710429146,0.0131053058430552,0.6326845257889122,193,"/data/local-files/?d=/share/XXXX-19/nexar_data/2023/2023-09-29/604222325419671551/frames/22a8c9d6ac3633a0e4b2ceef8b0ed7e6.jpg","22a8c9d6ac3633a0e4b2ceef8b0ed7e6","",1.143,0.7155254483222961,0.9467292585282852,0.9868946811184288,0.3673154742110877,False,"2025-02-08T03:52:03.270700Z",0.2673723399639129,0.055038155411504
28951,"1","Not Flooded","2025-02-08T03:48:25.786700Z",0.001938808360137,0.7761354851804987,0.0183949004858732,0.7641263555211981,194,"/data/local-files/?d=/share/XXXX-19/nexar_data/2023/2023-09-29/604222348102467583/frames/44c32b0ede90e158b3a43ec4903e84e0.jpg","44c32b0ede90e158b3a43ec4903e84e0","",1.211,0.0652155876159668,0.7162755395093132,0.9816050414228812,0.2358725648123755,False,"2025-02-08T03:48:25.786728Z",0.9144506454467772,0.2931823383847327
30082,"1","Not Flooded","2025-02-10T19:08:19.673315Z",0.0008774562156759,0.693787167516724,0.2081006318330764,0.9979691474522032,195,"/data/local-files/?d=/share/XXXX-19/nexar_data/2023/2023-09-29/604222325285453823/frames/5468db33c69edc2d4b5cd1e5a1af547d.jpg","5468db33c69edc2d4b5cd1e5a1af547d","",2.394,0.0416227467358112,0.6737949843016502,0.7918993881321512,0.002031932214223,True,"2025-02-10T19:08:19.673335Z",0.7493991851806641,0.1781751909929908
30275,"1","Not Flooded","2025-02-10T19:18:02.002620Z",0.0012802319834008,0.7334584306832561,0.0054748579859733,0.2625727155338087,196,"/data/local-files/?d=/share/XXXX-19/nexar_data/2023/2023-09-29/604222325553889279/frames/ebef8a89597dd747787535c65d2233c2.jpg","ebef8a89597dd747787535c65d2233c2","",0.937,0.0131335007026791,0.5449357166609804,0.9945251528406516,0.7374305234654701,False,"2025-02-10T19:18:02.002641Z",0.9801114201545716,0.5966954649691432
28919,"1","Not Flooded","2025-02-08T03:47:09.210487Z",2.192235797338072e-06,0.0063408809214305,0.0297488830983638,0.8959881754932996,198,"/data/local-files/?d=/share/XXXX-19/nexar_data/2023/2023-09-29/604222324748582911/frames/9d71630390c4b809a04446f62370d282.jpg","9d71630390c4b809a04446f62370d282","",5.083,0.0003744832065422,0.0579327411003096,0.9702511170660272,0.1040139838395529,False,"2025-02-08T03:47:09.210514Z",0.9698744416236876,0.4841915241866872
28932,"1","Not Flooded","2025-02-08T03:47:42.864452Z",2.0750647308886983e-05,0.1621410648965895,0.1309508681297302,0.9954459670140312,201,"/data/local-files/?d=/share/XXXX-19/nexar_data/2023/2023-09-29/604222325285453823/frames/4ead1253351af1b065492283ec9da441.jpg","4ead1253351af1b065492283ec9da441","",2.5,0.0016743871383368,0.2317417610655012,0.8690491135585033,0.0045551126523949,True,"2025-02-08T03:47:42.864479Z",0.8673539757728577,0.2420709297655396
30167,"1","Not Flooded","2025-02-10T19:11:23.209128Z",5.513691939995624e-05,0.3162764032424542,0.1362599283456802,0.9957536719455156,203,"/data/local-files/?d=/share/XXXX-19/nexar_data/2023/2023-09-29/604222353202741247/frames/27c0dab9b575e0113560c6f59de39a82.jpg","27c0dab9b575e0113560c6f59de39a82","",1.11,0.0024956874549388,0.2947413767042534,0.8637400109473673,0.0042474077209105,True,"2025-02-10T19:11:23.209149Z",0.8611891865730286,0.2373031228271713
30076,"1","Not Flooded","2025-02-10T19:07:55.806509Z",0.0004723878519143,0.6257811386593998,0.0185769256204366,0.7683651259106986,204,"/data/local-files/?d=/share/XXXX-19/nexar_data/2023/2023-09-29/604222321930010623/frames/f8c15e655c12231a8908b30ad7cc78f8.jpg","f8c15e655c12231a8908b30ad7cc78f8","",1.138,0.15313121676445,0.7901646707233333,0.9814231308118904,0.2316370334221539,False,"2025-02-10T19:07:55.806529Z",0.8278195261955261,0.2150490384490807
30384,"1","Flooded","2025-02-10T19:21:48.036717Z",6.448808562709019e-07,0.0003206609285994,0.8127553462982178,0.999859643364586,205,"/data/local-files/?d=/share/XXXX-19/nexar_data/2023/2023-09-29/604222352665870335/frames/d99201160c27617ee3bf70b668cfefaa.jpg","d99201160c27617ee3bf70b668cfefaa","",1.426,0.0001370965474052,0.0132691003787469,0.1872446487959677,0.0001414363018401,True,"2025-02-10T19:21:48.036737Z",0.1871069073677063,0.037747297594935
29014,"1","Not Flooded","2025-02-08T03:51:00.912885Z",4.8107176553457975e-05,0.2936779052743864,0.0291345901787281,0.8913801591860179,206,"/data/local-files/?d=/share/XXXX-19/nexar_data/2023/2023-09-29/604222337365049343/frames/699f30afbbd53c1ea49d60af8d9d1253.jpg","699f30afbbd53c1ea49d60af8d9d1253","",3.057,0.0060122623108327,0.4343433252862195,0.9708654956775716,0.1086230798132609,False,"2025-02-08T03:51:00.912905Z",0.9648051261901855,0.4467670468532042
29067,"1","Not Flooded","2025-02-08T03:53:19.412334Z",0.0008107359753921,0.6854564613716946,0.0044518164359033,0.1912596684128471,211,"/data/local-files/?d=/share/XXXX-19/nexar_data/2023/2023-09-29/604222353471176703/frames/a958edeca1d77135e5aaf1ece2a2dded.jpg","a958edeca1d77135e5aaf1ece2a2dded","",1.433,0.0334127359092235,0.6519371375019973,0.9955481040524315,0.8087349332550215,False,"2025-02-08T03:53:19.412355Z",0.9613246321678162,0.4261259841159475
29025,"1","Not Flooded","2025-02-08T03:51:39.917645Z",0.0001854925940278,0.5064769188911394,0.003611089894548,0.133428415956606,212,"/data/local-files/?d=/share/XXXX-19/nexar_data/2023/2023-09-29/604222325017018367/frames/d4ed40f3dc1b31622f14a1a3ae7ad295.jpg","d4ed40f3dc1b31622f14a1a3ae7ad295","",1.108,0.0556111969053745,0.70164821876633,0.99638885926106,0.866571584043394,False,"2025-02-08T03:51:39.917666Z",0.9405921697616576,0.3462619788989993
29437,"1","Not Flooded","2025-02-09T17:48:14.185291Z",2.446200232952833e-05,0.1854359477095956,0.1592723727226257,0.9968830030273846,213,"/data/local-files/?d=/share/XXXX-19/nexar_data/2023/2023-09-29/604222323003752447/frames/be68d0fce85e44fc16a43bed6677d7cf.jpg","be68d0fce85e44fc16a43bed6677d7cf","",1.364,0.00617565959692,0.4386576723255583,0.8407276141224429,0.0031180766390416,True,"2025-02-09T17:48:14.185312Z",0.8345274925231934,0.2190168125655897
29521,"1","Not Flooded","2025-02-09T17:54:07.994227Z",7.82161732786335e-05,0.3742555699990931,0.0010465207742527,0.0072359243888008,214,"/data/local-files/?d=/share/XXXX-19/nexar_data/2023/2023-09-29/604222323809058815/frames/a86ec6c3e675518734713837f5c1bc52.jpg","a86ec6c3e675518734713837f5c1bc52","",1.034,0.0017801919020712,0.2411046283140361,0.9989535161075764,0.9927662349440516,False,"2025-02-09T17:54:07.994248Z",0.9970951080322266,0.9845240614459756
29472,"1","Not Flooded","2025-02-09T17:50:08.284205Z",0.0029074768535792,0.8178548755576477,0.009239942766726,0.4793351846013655,216,"/data/local-files/?d=/share/XXXX-19/nexar_data/2023/2023-09-29/604222353202741247/frames/df1dfb5436da1428b3e32a8e15a3aecd.jpg","df1dfb5436da1428b3e32a8e15a3aecd","",1.295,0.2874462008476257,0.8450462745030295,0.9907600502483545,0.5206626560657819,False,"2025-02-09T17:50:08.284227Z",0.7004063725471497,0.1606586828933332
30364,"1","Not Flooded","2025-02-10T19:21:06.996390Z",0.0005208587972447,0.6369837574982833,0.0015794850187376,0.0209854763272339,217,"/data/local-files/?d=/share/XXXX-19/nexar_data/2023/2023-09-29/604222325017018367/frames/677c9fd999fec36cca933ddd10ef0333.jpg","677c9fd999fec36cca933ddd10ef0333","",1.132,0.8441656827926636,0.9737576278433016,0.998420540126972,0.9790156033391924,False,"2025-02-10T19:21:06.996410Z",0.1537339985370636,0.0302965195873083
28968,"1","Not Flooded","2025-02-08T03:49:16.396074Z",5.757850431109546e-06,0.0359345376652429,0.1172940507531166,0.994327432596425,218,"/data/local-files/?d=/share/XXXX-19/nexar_data/2023/2023-09-29/604222323003752447/frames/b0725891744b551f99001c1309e4e2fd.jpg","b0725891744b551f99001c1309e4e2fd","",2.511,0.0023594629019498,0.285872996678946,0.8827059161335454,0.0056736470700012,True,"2025-02-08T03:49:16.396101Z",0.8803406953811646,0.2533156555950474
30153,"1","Not Flooded","2025-02-10T19:10:43.893675Z",3.6315568650024943e-06,0.0167024396142567,0.0402216836810112,0.943464347255272,219,"/data/local-files/?d=/share/XXXX-19/nexar_data/2023/2023-09-29/604222352128999423/frames/06b5ecb279c3bd2acd791106acb6df38.jpg","06b5ecb279c3bd2acd791106acb6df38","",0.967,0.0004005291266366,0.0627232210336294,0.9597784096649774,0.0565367324111542,False,"2025-02-10T19:10:43.893699Z",0.9593742489814758,0.4159101803906665
30355,"1","Not Flooded","2025-02-10T19:20:52.758464Z",2.052163654298056e-05,0.1603833679546367,0.0118591468781232,0.5905084365134547,221,"/data/local-files/?d=/share/XXXX-19/nexar_data/2023/2023-09-29/604222324748582911/frames/99424b8bd51c9a89dea61e494f682b33.jpg","99424b8bd51c9a89dea61e494f682b33","",1.023,0.0008197338902391,0.1327687397701606,0.9881408303062924,0.4094937228193977,False,"2025-02-10T19:20:52.758484Z",0.9873005747795104,0.7291057554857852
30149,"1","Not Flooded","2025-02-10T19:10:20.483905Z",2.34541657846421e-05,0.1794697110380776,0.1480119228363037,0.99642522446265,225,"/data/local-files/?d=/share/XXXX-19/nexar_data/2023/2023-09-29/604222324882800639/frames/6cddd02c50ece1f02272b68b1f990287.jpg","6cddd02c50ece1f02272b68b1f990287","",1.318,0.0392192527651786,0.6680209282540066,0.8519880396488587,0.0035758552037762,True,"2025-02-10T19:10:20.483925Z",0.8127453327178955,0.2066265606578191
30151,"1","Flooded","2025-02-10T19:10:23.533780Z",5.192668686504476e-05,0.3062884091331142,0.0060019087977707,0.2976678125526337,227,"/data/local-files/?d=/share/XXXX-19/nexar_data/2023/2023-09-29/604222324345929727/frames/51520cb0fd7c6db51ed2d7988c5e687c.jpg","51520cb0fd7c6db51ed2d7988c5e687c","",13.35,0.0002291112759849,0.0299056803410018,0.993998112357076,0.7023413646119895,False,"2025-02-10T19:10:37.557050Z",0.993717074394226,0.9012412924902722
29041,"1","Not Flooded","2025-02-08T03:52:11.102008Z",0.0002391608140897,0.5415077757576019,0.0236445069313049,0.8418914892054951,228,"/data/local-files/?d=/share/XXXX-19/nexar_data/2023/2023-09-29/604222325553889279/frames/e5e3f171996879111cac7a149df8bd34.jpg","e5e3f171996879111cac7a149df8bd34","",1.039,0.0167664662003517,0.5752613872417978,0.9763554976962042,0.1581095904609312,False,"2025-02-08T03:52:11.102027Z",0.9593498706817628,0.4157833195855808
30343,"1","Flooded","2025-02-10T19:20:28.522726Z",3.840664430754259e-05,0.2561843292896227,0.1917323023080825,0.9977229835070156,229,"/data/local-files/?d=/share/XXXX-19/nexar_data/2023/2023-09-29/604222325285453823/frames/89acc775a2a38cbddaaf10d46f73e63c.jpg","89acc775a2a38cbddaaf10d46f73e63c","",4.517,0.0010061188368126,0.1586083963498637,0.80826766667451,0.0022780961594105,True,"2025-02-10T19:20:28.522747Z",0.8072231411933899,0.2037589666296701
30083,"1","Not Flooded","2025-02-10T19:08:21.361088Z",8.525319572072476e-05,0.3879694929454595,0.0089721046388149,0.4665627307786986,231,"/data/local-files/?d=/share/XXXX-19/nexar_data/2023/2023-09-29/604222353471176703/frames/4b1b96a1dca2cd3f4744ab93eb69bab4.jpg","4b1b96a1dca2cd3f4744ab93eb69bab4","",1.21,0.0013975844485685,0.2043365881677197,0.991027884927462,0.5334383488877277,False,"2025-02-10T19:08:21.361111Z",0.9895450472831726,0.7838972071188886
29458,"1","Not Flooded","2025-02-09T17:49:36.280532Z",1.5135843568714336e-05,0.1208103544328944,0.1326130330562591,0.9955420573259686,232,"/data/local-files/?d=/share/XXXX-19/nexar_data/2023/2023-09-29/604222353202741247/frames/a1ab77dc628679d4b99ba9ae22ca0a4a.jpg","a1ab77dc628679d4b99ba9ae22ca0a4a","",1.264,0.0026262588798999,0.3033344417908643,0.8673869520316656,0.0044590223404576,True,"2025-02-09T17:49:36.280554Z",0.864745557308197,0.2401010783708265
29038,"1","Not Flooded","2025-02-08T03:52:04.882440Z",0.0020777001045644,0.7832029816068028,0.0066029173322021,0.3356488579288543,234,"/data/local-files/?d=/share/XXXX-19/nexar_data/2023/2023-09-29/604222325151236095/frames/ca4901f21d9e10523b9bdcadd2f1fb27.jpg","ca4901f21d9e10523b9bdcadd2f1fb27","",1.178,0.6630739569664001,0.9355827823435672,0.9933970882557333,0.6643522217375719,False,"2025-02-08T03:52:04.882459Z",0.3282454311847687,0.0684702854206164
30091,"1","Not Flooded","2025-02-10T19:08:34.575307Z",4.568088115775026e-06,0.0249726844394156,0.1441298276185989,0.9962319641723492,236,"/data/local-files/?d=/share/XXXX-19/nexar_data/2023/2023-09-29/604222352934305791/frames/f202c440d30f7d94efa2361dbc74fe53.jpg","f202c440d30f7d94efa2361dbc74fe53","",1.227,0.0001273857342312,0.011721938389915,0.8558701168167318,0.0037680358276506,True,"2025-02-10T19:08:34.575327Z",0.8557381629943848,0.2331841954109858
30344,"1","Not Flooded","2025-02-10T19:20:30.164904Z",0.0081705180928111,0.9173385790726096,0.0236421767622232,0.8418385855506083,237,"/data/local-files/?d=/share/XXXX-19/nexar_data/2023/2023-09-29/604222348102467583/frames/269db7e4140f6c96c69079abed566b88.jpg","269db7e4140f6c96c69079abed566b88","",1.132,0.6097397804260254,0.9241145655638234,0.976357820443809,0.1581624941158179,False,"2025-02-10T19:20:30.164923Z",0.3584475219249725,0.0750454539565455
30331,"1","Not Flooded","2025-02-10T19:20:04.852787Z",0.0002456207585055,0.5449789033180309,0.1122842282056808,0.993776802719032,238,"/data/local-files/?d=/share/XXXX-19/nexar_data/2023/2023-09-29/604222352934305791/frames/4a3c0168de9360cd1e1c389006ddf946.jpg","4a3c0168de9360cd1e1c389006ddf946","",1.184,0.0042862342670559,0.3814817773900575,0.8877157515671569,0.0062242769473943,True,"2025-02-10T19:20:04.852810Z",0.8831838965415955,0.2559381653444352
29493,"1","Not Flooded","2025-02-09T17:51:41.110735Z",3.781372288358398e-05,0.2536622285178771,0.0401919521391391,0.9433002379584804,239,"/data/local-files/?d=/share/XXXX-19/nexar_data/2023/2023-09-29/604222324345929727/frames/42b0642ab73cf8d3263e2e5052c7764a.jpg","42b0642ab73cf8d3263e2e5052c7764a","",10.049,0.0011050789617002,0.1712070238779026,0.959807965602522,0.0566997620415196,False,"2025-02-09T17:51:41.110755Z",0.9586650729179382,0.4123937068403346
30152,"1","Not Flooded","2025-02-10T19:10:42.439957Z",0.0102423997595906,0.9352621214149676,0.0417953878641128,0.9476815243162472,240,"/data/local-files/?d=/share/XXXX-19/nexar_data/2023/2023-09-29/604222352934305791/frames/e1a35049bd37950f0579b0f93e01844a.jpg","e1a35049bd37950f0579b0f93e01844a","",1.85,0.0818313956260681,0.7363648927027505,0.9582046242430806,0.052319555350179,False,"2025-02-10T19:10:42.439980Z",0.8661308288574219,0.2411542929696441
30251,"1","Not Flooded","2025-02-10T19:17:16.754027Z",4.5683154894504696e-05,0.2848721459018021,0.0344315841794014,0.92179976074592,241,"/data/local-files/?d=/share/XXXX-19/nexar_data/2023/2023-09-29/604222323809058815/frames/5c2b784c1f73cf2b41f37b8fdd97d30f.jpg","5c2b784c1f73cf2b41f37b8fdd97d30f","",4.347,0.0053634066134691,0.4169056328356791,0.9655684511308208,0.0782034782533588,False,"2025-02-10T19:17:16.754050Z",0.9601593613624572,0.4199610888219975
29448,"1","Not Flooded","2025-02-09T17:49:11.988128Z",4.1726470954017714e-05,0.2699759882186799,0.2716815173625946,0.998667691629994,245,"/data/local-files/?d=/share/XXXX-19/nexar_data/2023/2023-09-29/604222322869534719/frames/479caf89c3ddb52fed594c64eda7e973.jpg","479caf89c3ddb52fed594c64eda7e973","",1.365,0.0012194262817502,0.1848388921758733,0.7283185501182743,0.0013333880364322,True,"2025-02-09T17:49:11.988148Z",0.7270573973655701,0.1698174931873048
30226,"1","Not Flooded","2025-02-10T19:13:14.582098Z",0.0001393569255014,0.4646959875276934,0.0163611266762018,0.7215194793416626,247,"/data/local-files/?d=/share/XXXX-19/nexar_data/2023/2023-09-29/604222353471176703/frames/a8dbdbe9d170afeaa065f7cdae0decca.jpg","a8dbdbe9d170afeaa065f7cdae0decca","",1.107,0.0473424866795539,0.686360142170475,0.983638831748976,0.2784805206583374,False,"2025-02-10T19:13:14.582125Z",0.9361569881439208,0.3348104969488626
28996,"1","Not Flooded","2025-02-08T03:50:26.149292Z",7.021758938208222e-05,0.3565954662647428,0.1935853660106659,0.9977542938333772,248,"/data/local-files/?d=/share/XXXX-19/nexar_data/2023/2023-09-29/604222337096613887/frames/e7d87995efb9fcebb2b727892610d734.jpg","e7d87995efb9fcebb2b727892610d734","",1.056,0.0039554466493427,0.3687913782157864,0.8064146899268961,0.002246785833049,True,"2025-02-08T03:50:26.149312Z",0.8023890256881714,0.2013599478305182
29043,"1","Not Flooded","2025-02-08T03:52:14.624146Z",0.0002537080436013,0.5491928413797273,0.1824641674757003,0.997567511541634,249,"/data/local-files/?d=/share/XXXX-19/nexar_data/2023/2023-09-29/604222347297161215/frames/0db5e5d7b9417570ddf79a25cfd70942.jpg","0db5e5d7b9417570ddf79a25cfd70942","",1.511,0.0246938411146402,0.6200200386088714,0.8175357831059954,0.0024335681247921,True,"2025-02-08T03:52:14.624167Z",0.7925882339477539,0.1965683882307722
29060,"1","Not Flooded","2025-02-08T03:52:55.803739Z",0.0007424827781505,0.6760687617953557,0.1019129902124404,0.9925006370031916,251,"/data/local-files/?d=/share/XXXX-19/nexar_data/2023/2023-09-29/604222325285453823/frames/584049011ab6c2cd3770c4b7d29e995d.jpg","584049011ab6c2cd3770c4b7d29e995d","",2.043,0.0305998306721448,0.6428830548513731,0.8980870105442589,0.0075004426632347,True,"2025-02-08T03:52:55.803759Z",0.8667446970939636,0.2415893985394272
28934,"1","Not Flooded","2025-02-08T03:47:47.173246Z",0.0004539531364571,0.6211547680228716,0.017302718013525,0.7423818736963028,252,"/data/local-files/?d=/share/XXXX-19/nexar_data/2023/2023-09-29/604222325017018367/frames/4937641498fcc6b9042948823d2e0fd5.jpg","4937641498fcc6b9042948823d2e0fd5","",1.095,0.0075589981861412,0.4690459635590988,0.9826973089657258,0.2576202856365497,False,"2025-02-08T03:47:47.173273Z",0.9746843576431274,0.5293771836253471
28973,"1","Not Flooded","2025-02-08T03:49:34.605686Z",3.7689285363740055e-06,0.0178997896809801,0.1479923129081726,0.9964198261305188,253,"/data/local-files/?d=/share/XXXX-19/nexar_data/2023/2023-09-29/604222323003752447/frames/912be9a9d86162c70a305a9486649b0b.jpg","912be9a9d86162c70a305a9486649b0b","",1.57,0.0003668363206088,0.0564147301049867,0.8520076706597592,0.0035812535359075,True,"2025-02-08T03:49:34.605713Z",0.851637065410614,0.230346832042772
29062,"1","Flooded","2025-02-08T03:53:06.508078Z",2.0215775293763727e-05,0.1582229554356886,0.0109745943918824,0.556336994122296,256,"/data/local-files/?d=/share/XXXX-19/nexar_data/2023/2023-09-29/604222325151236095/frames/ecdf9b7fd62b9b0e660754dac7ba2da2.jpg","ecdf9b7fd62b9b0e660754dac7ba2da2","",7.798,0.0011037439107894,0.1710483129132423,0.9890254088895744,0.4436640855441303,False,"2025-02-08T03:53:06.508098Z",0.9879014492034912,0.7429794690632382
30087,"1","Not Flooded","2025-02-10T19:08:27.771020Z",0.0002075440861517,0.5221795873946785,0.0532215647399425,0.9689876615720808,257,"/data/local-files/?d=/share/XXXX-19/nexar_data/2023/2023-09-29/604222324748582911/frames/059203589b024e842f5b837bea635ad3.jpg","059203589b024e842f5b837bea635ad3","",1.037,0.0031962031498551,0.3345475981740681,0.9467785002343588,0.0310134180943455,False,"2025-02-10T19:08:27.771043Z",0.943374752998352,0.354291458111102
30121,"1","Not Flooded","2025-02-10T19:09:31.198264Z",0.0164352636784315,0.9654539133589286,0.0077634677290916,0.4029012796206484,261,"/data/local-files/?d=/share/XXXX-19/nexar_data/2023/2023-09-29/604222337365049343/frames/36277f89c4633eb92efa62c0212a0124.jpg","36277f89c4633eb92efa62c0212a0124","",1.13,0.8562429547309875,0.9762862066136048,0.9922365229576826,0.5971008797122042,False,"2025-02-10T19:09:31.198286Z",0.1195583045482635,0.0226146929644617
30124,"1","Flooded","2025-02-10T19:09:36.509329Z",3.076153370784596e-05,0.2205898865486519,0.1159181892871856,0.9942183862873728,262,"/data/local-files/?d=/share/XXXX-19/nexar_data/2023/2023-09-29/604222325553889279/frames/e3d744c992eee1ee33425804b7288d33.jpg","e3d744c992eee1ee33425804b7288d33","",1.802,0.0003359256952535,0.0505532210768161,0.8840817803647951,0.0057826933790536,True,"2025-02-10T19:09:36.509350Z",0.8837150931358337,0.2564488475640566
28975,"1","Flooded","2025-02-08T03:49:41.617622Z",2.738291641435353e-06,0.0098940631302552,0.1800669878721237,0.997493014558222,263,"/data/local-files/?d=/share/XXXX-19/nexar_data/2023/2023-09-29/604222337096613887/frames/cb2ad98286300492de78e0bcd3619997.jpg","cb2ad98286300492de78e0bcd3619997","",4.638,0.0002175294357584,0.0277636221513001,0.819932966187025,0.0025080651082041,True,"2025-02-08T03:49:41.617649Z",0.8197126984596252,0.2104723324681606
30216,"1","Not Flooded","2025-02-10T19:12:56.230937Z",1.818730015656911e-05,0.1438439579707453,0.0078104953281581,0.4065246401471801,264,"/data/local-files/?d=/share/XXXX-19/nexar_data/2023/2023-09-29/604222325151236095/frames/05c83907d51fa0ebe876bfd452398de6.jpg","05c83907d51fa0ebe876bfd452398de6","",1.042,0.0006718926015309,0.1098668555363135,0.9921894442777556,0.5934732005199673,False,"2025-02-10T19:12:56.230958Z",0.991499364376068,0.8368564648266271
29425,"1","Not Flooded","2025-02-09T17:47:43.083650Z",0.0006566606462001,0.6626301537876857,0.1157331392168998,0.9941557656346496,265,"/data/local-files/?d=/share/XXXX-19/nexar_data/2023/2023-09-29/604222352263217151/frames/9b6d7b26377d88a6e03acc8e122b7a61.jpg","9b6d7b26377d88a6e03acc8e122b7a61","",1.568,0.00130592554342,0.1946055546678298,0.8842668969882651,0.0058453140317767,True,"2025-02-09T17:47:43.083672Z",0.882304310798645,0.2551219375261819
29516,"1","Not Flooded","2025-02-09T17:53:58.830895Z",2.4097100322251208e-05,0.1831891618765466,0.005203525070101,0.243247766170164,266,"/data/local-files/?d=/share/XXXX-19/nexar_data/2023/2023-09-29/604222325017018367/frames/0eb2800ca99087928985653136635c7d.jpg","0eb2800ca99087928985653136635c7d","",1.402,0.0031560976058244,0.3325966409418146,0.994796503395264,0.7567554728291147,False,"2025-02-09T17:53:58.830916Z",0.9916163086891174,0.8401899349177078
30159,"1","Not Flooded","2025-02-10T19:10:53.633894Z",0.0039713229052722,0.8494534728550267,0.0145264957100152,0.6759521578213196,267,"/data/local-files/?d=/share/XXXX-19/nexar_data/2023/2023-09-29/604222325151236095/frames/a1ac8b88fdfcc6c157cea81457f0c866.jpg","a1ac8b88fdfcc6c157cea81457f0c866","",1.087,0.1883824616670608,0.8078517661183401,0.985473572742194,0.3240489218451067,False,"2025-02-10T19:10:53.633914Z",0.7931197881698608,0.1968620574987152
30125,"1","Not Flooded","2025-02-10T19:09:38.141996Z",0.0020219038706272,0.7803926098992455,0.1310940086841583,0.995461082343999,270,"/data/local-files/?d=/share/XXXX-19/nexar_data/2023/2023-09-29/604222324345929727/frames/bab366d5f3fb0ba9959987938e1ae985.jpg","bab366d5f3fb0ba9959987938e1ae985","",1.153,0.2607115507125854,0.8360807244993587,0.8689059566240755,0.0045399973224272,True,"2025-02-10T19:09:38.142018Z",0.606172502040863,0.1326327018004517
29494,"1","Not Flooded","2025-02-09T17:51:43.029478Z",0.0001369068340864,0.4619601128035482,0.0041930163279175,0.1734969963680021,271,"/data/local-files/?d=/share/XXXX-19/nexar_data/2023/2023-09-29/604222322869534719/frames/5824d6982ed9d07364195e3ed3093bbe.jpg","5824d6982ed9d07364195e3ed3093bbe","",1.467,0.0012394533259794,0.1872087599815161,0.9958069617568982,0.8264976052998666,False,"2025-02-09T17:51:43.029498Z",0.9944306015968324,0.921601641956701
29503,"1","Not Flooded","2025-02-09T17:52:19.171304Z",5.1332935981918126e-05,0.3044756492034221,0.1817173212766647,0.997513528220321,272,"/data/local-files/?d=/share/XXXX-19/nexar_data/2023/2023-09-29/604222321527357439/frames/cb891bdc830050f99bb0c394913a1737.jpg","cb891bdc830050f99bb0c394913a1737","",1.644,0.0038308140356093,0.3636089793697339,0.8182827006748993,0.0024875514461052,True,"2025-02-09T17:52:19.171323Z",0.8144005537033081,0.2075691094479449
29021,"1","Flooded","2025-02-08T03:51:27.005615Z",0.0001006824531941,0.414476383376592,0.2161756306886673,0.998088990425518,273,"/data/local-files/?d=/share/XXXX-19/nexar_data/2023/2023-09-29/604222321527357439/frames/d1d6630a2a92067bfbc1d1671c6f723a.jpg","d1d6630a2a92067bfbc1d1671c6f723a","",8.142,0.0052453461103141,0.4131710666672425,0.7838244125814525,0.0019120892409081,True,"2025-02-08T03:51:30.799385Z",0.7784783840179443,0.1901929579837013
29430,"1","Flooded","2025-02-09T17:47:56.215748Z",9.689816943136977e-05,0.4084583227166135,0.1079351231455802,0.9933211834871498,274,"/data/local-files/?d=/share/XXXX-19/nexar_data/2023/2023-09-29/604222353471176703/frames/db25f7b4518072006d4346cc3325d8ad.jpg","db25f7b4518072006d4346cc3325d8ad","",1.586,0.0160431247204542,0.569982898083808,0.8920649081628653,0.0066798961792764,True,"2025-02-09T17:47:56.215769Z",0.8759248852729797,0.2493349254814232
30203,"1","Not Flooded","2025-02-10T19:12:28.311821Z",0.0016713434597477,0.7607696726019529,0.1391430646181106,0.9959274982401436,275,"/data/local-files/?d=/share/XXXX-19/nexar_data/2023/2023-09-29/604222353471176703/frames/c26ebfe557fbfff3455f8b9f4648f5e7.jpg","c26ebfe557fbfff3455f8b9f4648f5e7","",1.099,0.0200454611331224,0.5963407945481164,0.8608569813659415,0.0040735814262825,True,"2025-02-10T19:12:28.311842Z",0.8391401767730713,0.2218584945995085
29068,"1","Not Flooded","2025-02-08T03:53:21.513727Z",3.203608866897412e-05,0.2271467007553346,0.0330033078789711,0.914832673297258,276,"/data/local-files/?d=/share/XXXX-19/nexar_data/2023/2023-09-29/604222353336958975/frames/c3a812244a1abb1337731a9c39a6e5cb.jpg","c3a812244a1abb1337731a9c39a6e5cb","",1.525,0.0024666420649737,0.29317154172047,0.9669967212139456,0.0851684063691681,False,"2025-02-08T03:53:21.513748Z",0.9644980430603028,0.4448387626159022
28984,"1","Not Flooded","2025-02-08T03:50:02.665832Z",0.0148821314796805,0.9598720379351596,0.0131334336474537,0.6334143802930646,277,"/data/local-files/?d=/share/XXXX-19/nexar_data/2023/2023-09-29/604222325419671551/frames/5edcfe355e04d156b95f440d436c3690.jpg","5edcfe355e04d156b95f440d436c3690","",1.096,0.7633076906204224,0.9566146843271304,0.9868665328249336,0.3665856197069354,False,"2025-02-08T03:50:02.665852Z",0.2086767107248306,0.0424416872163176
28889,"1","Not Flooded","2025-02-08T03:45:44.454027Z",0.0013578566722571,0.7395207576667113,0.0193396508693695,0.7812477057088442,279,"/data/local-files/?d=/share/XXXX-19/nexar_data/2023/2023-09-29/604222352665870335/frames/b3b1bd9c9ee844c0e8b000be067500b5.jpg","b3b1bd9c9ee844c0e8b000be067500b5","",1.234,0.0178862530738115,0.5830306668451715,0.9806604138575494,0.2187544536240083,False,"2025-02-08T03:45:44.454054Z",0.9614163041114808,0.4266614986633729
30204,"1","Not Flooded","2025-02-10T19:12:29.939475Z",0.0005555244279094,0.6442153632213792,0.0124476552009582,0.6118113347700095,280,"/data/local-files/?d=/share/XXXX-19/nexar_data/2023/2023-09-29/604222325017018367/frames/7ef348df74d3c50e20b5f9cdc429754b.jpg","7ef348df74d3c50e20b5f9cdc429754b","",1.136,0.3872352242469787,0.8734253065172984,0.9875523539376444,0.3881897448964168,False,"2025-02-10T19:12:29.939496Z",0.5997616052627563,0.1308674471935151
30363,"1","Not Flooded","2025-02-10T19:21:05.333713Z",6.026480332366191e-05,0.3311239759363947,0.0053407605737447,0.2526700150721433,281,"/data/local-files/?d=/share/XXXX-19/nexar_data/2023/2023-09-29/604222352263217151/frames/32a910c55fe7fa40d42c4c4f457ef358.jpg","32a910c55fe7fa40d42c4c4f457ef358","",1.137,0.0081436866894364,0.4796882355227529,0.9946592728047108,0.7473321442607093,False,"2025-02-10T19:21:05.333733Z",0.9864553213119508,0.7105878567757705
30335,"1","Not Flooded","2025-02-10T19:20:11.435272Z",0.000269249518169,0.5569016596632305,0.0210575331002473,0.8088558558947627,282,"/data/local-files/?d=/share/XXXX-19/nexar_data/2023/2023-09-29/604222353471176703/frames/9a9d05dc4aa113f7cc783ea7fae80719.jpg","9a9d05dc4aa113f7cc783ea7fae80719","",1.187,0.0832841545343399,0.7379368870193865,0.9789424244954716,0.1911452237716635,False,"2025-02-10T19:20:11.435296Z",0.8953890204429626,0.268540571704966
29511,"1","Not Flooded","2025-02-09T17:53:48.928448Z",0.0020419559441506,0.7813794250128481,0.0181997548788785,0.7604025860170242,284,"/data/local-files/?d=/share/XXXX-19/nexar_data/2023/2023-09-29/604222353202741247/frames/076b1d715515357a17419ae2c200e9f3.jpg","076b1d715515357a17419ae2c200e9f3","",1.318,0.4478835165500641,0.8883646508574711,0.9818002483807504,0.2395995733158283,False,"2025-02-09T17:53:48.928468Z",0.5318747758865356,0.1137720090000993
29428,"1","Not Flooded","2025-02-09T17:47:50.558289Z",0.0104160392656922,0.9365264108001192,0.1003808975219726,0.9922890223836444,288,"/data/local-files/?d=/share/XXXX-19/nexar_data/2023/2023-09-29/604222353336958975/frames/f14d0fcd0f93f8cb3e948485889b817f.jpg","f14d0fcd0f93f8cb3e948485889b817f","",1.732,0.0872124284505844,0.7419694411214711,0.8996190363541245,0.0077120572827819,True,"2025-02-09T17:47:50.558310Z",0.8019905686378479,0.2011440145452661
30211,"1","Not Flooded","2025-02-10T19:12:48.089883Z",0.0008817482739686,0.6943118853998869,0.0166373681277036,0.7282231281823168,289,"/data/local-files/?d=/share/XXXX-19/nexar_data/2023/2023-09-29/604222325017018367/frames/4e2a4343ea630247fc7ac13e4a0842a8.jpg","4e2a4343ea630247fc7ac13e4a0842a8","",1.289,0.5257239937782288,0.9059966832647384,0.9833626616746184,0.2717768718176832,False,"2025-02-10T19:12:48.089903Z",0.4567569196224212,0.0965740024961887
30263,"1","Not Flooded","2025-02-10T19:17:40.208100Z",2.838052569131833e-05,0.2081434919867157,0.1036555022001266,0.992775951941888,290,"/data/local-files/?d=/share/XXXX-19/nexar_data/2023/2023-09-29/604222325419671551/frames/c82ae99f3518be54c23b91b70792e5ba.jpg","c82ae99f3518be54c23b91b70792e5ba","",1.048,0.0008692042320035,0.1402130397792298,0.8963444217060896,0.0072251277245382,True,"2025-02-10T19:17:40.208122Z",0.8954468369483948,0.268606971190181
28928,"1","Not Flooded","2025-02-08T03:47:30.885593Z",0.0019679726101458,0.7776243451823125,0.1009377315640449,0.992412104356238,294,"/data/local-files/?d=/share/XXXX-19/nexar_data/2023/2023-09-29/604222347297161215/frames/e2f8deea7abf9ce633921002b78d255d.jpg","e2f8deea7abf9ce633921002b78d255d","",1.903,0.0251253880560398,0.6219504821790259,0.8990622856654227,0.0075889753101881,True,"2025-02-08T03:47:30.885620Z",0.8719689249992371,0.2458778335845357
28993,"1","Not Flooded","2025-02-08T03:50:21.301371Z",2.779999704216607e-05,0.2049789896913449,0.0184909347444772,0.7659531511144317,295,"/data/local-files/?d=/share/XXXX-19/nexar_data/2023/2023-09-29/604222325151236095/frames/7ea23cc3b966c63018749fb01977bcc9.jpg","7ea23cc3b966c63018749fb01977bcc9","",3.421,0.0029717637225985,0.3231387630477688,0.9815091686505184,0.2340490082184208,False,"2025-02-08T03:50:21.301391Z",0.9785096049308776,0.5746022508885654
30267,"1","Not Flooded","2025-02-10T19:17:49.311926Z",0.0003642644442152,0.5950241413412912,0.0054371217265725,0.2590071171610819,296,"/data/local-files/?d=/share/XXXX-19/nexar_data/2023/2023-09-29/604222324882800639/frames/615d7b091311a6d92758a16245d880b1.jpg","615d7b091311a6d92758a16245d880b1","",1.074,0.0208426173776388,0.6008824113701831,0.9945627711422276,0.7409907235060655,False,"2025-02-10T19:17:49.311947Z",0.9733558893203736,0.5156503046818655
29426,"1","Not Flooded","2025-02-09T17:47:46.290652Z",0.0004375177377369,0.6168706516434682,0.1418275684118271,0.9960797312062464,297,"/data/local-files/?d=/share/XXXX-19/nexar_data/2023/2023-09-29/604222321795792895/frames/7c4b9b5d38d47e60fa05bd31f42b8968.jpg","7c4b9b5d38d47e60fa05bd31f42b8968","",2.759,0.0156659092754125,0.567164968711267,0.858172397216549,0.0039213484601797,True,"2025-02-09T17:47:46.290674Z",0.8420689702033997,0.2237964958346469
30067,"1","Not Flooded","2025-02-10T19:07:33.871408Z",0.0007078374037519,0.6707827149723822,0.0210117977112531,0.8084110333271433,298,"/data/local-files/?d=/share/XXXX-19/nexar_data/2023/2023-09-29/604222324748582911/frames/865bee057ce7aceb65b03c3f25c9dea4.jpg","865bee057ce7aceb65b03c3f25c9dea4","",1.009,0.0986875742673873,0.7527002457320786,0.9789882475743068,0.1915922056721355,False,"2025-02-10T19:07:33.871430Z",0.8795928359031677,0.2526268284150929
30127,"1","Not Flooded","2025-02-10T19:09:41.173497Z",0.0002019484818447,0.5185243767085721,0.0078186141327023,0.4075443850867836,299,"/data/local-files/?d=/share/XXXX-19/nexar_data/2023/2023-09-29/604222325017018367/frames/9b4e46ce6fc42a742eda6e352a2d713f.jpg","9b4e46ce6fc42a742eda6e352a2d713f","",1.029,0.0148371225222945,0.560342016730511,0.992181464593159,0.5924588539124952,False,"2025-02-10T19:09:41.173519Z",0.9771423935890198,0.5572584894171096
30158,"1","Not Flooded","2025-02-10T19:10:52.077779Z",1.797717959561851e-05,0.142460905278705,0.0042635323479771,0.1791684841051508,302,"/data/local-files/?d=/share/XXXX-19/nexar_data/2023/2023-09-29/604222325017018367/frames/f22b09ab6fb16887c82fcc69a5754104.jpg","f22b09ab6fb16887c82fcc69a5754104","",1.284,0.0002405320265097,0.0321956528311013,0.9957364836209308,0.8208379938934067,False,"2025-02-10T19:10:52.077803Z",0.9954779744148254,0.9500616489529397
28965,"1","Not Flooded","2025-02-08T03:49:09.239584Z",0.0033387667499482,0.8318138827827755,0.0044928016141057,0.1947146009768821,304,"/data/local-files/?d=/share/XXXX-19/nexar_data/2023/2023-09-29/604222347699814399/frames/a1368358cef4c423351614a75e7d658a.jpg","a1368358cef4c423351614a75e7d658a","",1.286,0.0370345562696456,0.6622814215320034,0.995507118757814,0.8052832396902653,False,"2025-02-08T03:49:09.239611Z",0.9551337957382202,0.3961080184666145
29026,"1","Not Flooded","2025-02-08T03:51:41.654989Z",0.00824492610991,0.9180662742439096,0.0032796049490571,0.1113071305489456,305,"/data/local-files/?d=/share/XXXX-19/nexar_data/2023/2023-09-29/604222324345929727/frames/c134eb31e5d670ec52c97070494b5cb3.jpg","c134eb31e5d670ec52c97070494b5cb3","",1.21,0.1605086624622345,0.794176711163319,0.9967203382402658,0.8886928694510544,False,"2025-02-08T03:51:41.655009Z",0.8279667496681213,0.2151516067595755
30278,"1","Not Flooded","2025-02-10T19:18:06.870595Z",0.0028596194460988,0.8161608789348442,0.0154589554294943,0.7005609946750851,306,"/data/local-files/?d=/share/XXXX-19/nexar_data/2023/2023-09-29/604222352263217151/frames/823d7837510dbe3cd3c2d09563bf8613.jpg","823d7837510dbe3cd3c2d09563bf8613","",1.16,0.0400974825024604,0.6702461207585304,0.9845410333946346,0.2994411646577673,False,"2025-02-10T19:18:06.870616Z",0.9415839314460754,0.34916952058492
29410,"1","Not Flooded","2025-02-09T17:46:49.660023Z",0.000576268765144,0.6483035201444162,0.0050565977580845,0.2338190392696272,307,"/data/local-files/?d=/share/XXXX-19/nexar_data/2023/2023-09-29/604222325553889279/frames/120cfb04325793c8437b139229f7da47.jpg","120cfb04325793c8437b139229f7da47","",470.912,0.0155754182487726,0.5664599465349186,0.9949434007285164,0.7661744827318152,False,"2025-02-09T17:46:49.660044Z",0.9787917137145996,0.5783551713862485
30081,"1","Not Flooded","2025-02-10T19:08:16.811453Z",2.824892544595059e-05,0.2074298324789573,0.1047996133565902,0.9929346629065484,308,"/data/local-files/?d=/share/XXXX-19/nexar_data/2023/2023-09-29/604222325419671551/frames/b9c57606cd01d44bd4aa7a95189c108a.jpg","b9c57606cd01d44bd4aa7a95189c108a","",0.994,0.0038774400018155,0.3657229662323528,0.8952003471113129,0.0070664167598778,True,"2025-02-10T19:08:16.811474Z",0.8912946581840515,0.2640183888785721
30370,"1","Flooded","2025-02-10T19:21:17.728341Z",8.589945355197415e-05,0.3892618536576939,0.105087898671627,0.992990805560714,309,"/data/local-files/?d=/share/XXXX-19/nexar_data/2023/2023-09-29/604222323809058815/frames/572a736e4020209811807dcfff82ed99.jpg","572a736e4020209811807dcfff82ed99","",2.03,0.0010796880815178,0.1683718198425414,0.894912082781957,0.0070102741057122,True,"2025-02-10T19:21:17.728363Z",0.8937464952468872,0.2666549342915013
30300,"1","Flooded","2025-02-10T19:18:56.607457Z",1.5642178823327413e-06,0.003041420322777,0.1520190238952636,0.9966044490894094,310,"/data/local-files/?d=/share/XXXX-19/nexar_data/2023/2023-09-29/604222352665870335/frames/879e894b53f0b294cbb8cb61cb55e021.jpg","879e894b53f0b294cbb8cb61cb55e021","",1.263,8.540340058971196e-05,0.0055332904345873,0.8479809805464811,0.0033966305770169,True,"2025-02-10T19:18:56.607477Z",0.847894012928009,0.2277437562890569
30148,"1","Not Flooded","2025-02-10T19:10:18.678132Z",3.659577487269417e-05,0.2483858986927399,0.2169522792100906,0.9980976277569282,311,"/data/local-files/?d=/share/XXXX-19/nexar_data/2023/2023-09-29/604222352934305791/frames/7e10f2b09c41a22cf6c6b616c0b7e1b0.jpg","7e10f2b09c41a22cf6c6b616c0b7e1b0","",1.192,0.0017359459307044,0.2369425142408001,0.783047754470317,0.001903451909498,True,"2025-02-10T19:10:18.678152Z",0.78127521276474,0.1914388930396064
30193,"1","Not Flooded","2025-02-10T19:12:11.259265Z",2.578748535597697e-05,0.1936446515484575,0.0161131229251623,0.7157259892983464,313,"/data/local-files/?d=/share/XXXX-19/nexar_data/2023/2023-09-29/604222352665870335/frames/d921cddcb97dd554c96419ed08a51f7f.jpg","d921cddcb97dd554c96419ed08a51f7f","",1.071,0.0024327179417014,0.2908470199047302,0.9838868902079412,0.2842772497009324,False,"2025-02-10T19:12:11.259288Z",0.9814283847808838,0.616869571977042
30073,"1","Not Flooded","2025-02-10T19:07:47.019697Z",0.0002092505601467,0.5233467068014667,0.1307486891746521,0.9954330110169162,314,"/data/local-files/?d=/share/XXXX-19/nexar_data/2023/2023-09-29/604222321930010623/frames/d7079e19f0b9ebe079f428f8f28232c6.jpg","d7079e19f0b9ebe079f428f8f28232c6","",1.118,0.0030272423755377,0.3260376674022794,0.8692513907590181,0.00456806864951,True,"2025-02-10T19:07:47.019719Z",0.8660148978233337,0.2410582026577069
30232,"1","Not Flooded","2025-02-10T19:16:36.328028Z",1.175913894257974e-05,0.092263974122555,0.1620857268571853,0.9969888103371582,316,"/data/local-files/?d=/share/XXXX-19/nexar_data/2023/2023-09-29/604222321795792895/frames/bfa310d243759dfb1340d725ade507b8.jpg","bfa310d243759dfb1340d725ade507b8","",2.25,0.0018006098689511,0.2426156214775882,0.8379141990135395,0.003012269329268,True,"2025-02-10T19:16:36.328048Z",0.8361018300056458,0.2200095658445366
29414,"1","Not Flooded","2025-02-09T17:47:06.398904Z",8.982120198197663e-05,0.396370377408196,0.1188147813081741,0.9944785858961016,317,"/data/local-files/?d=/share/XXXX-19/nexar_data/2023/2023-09-29/604222352665870335/frames/5c940b47c67cb71df19770a09d1a90a9.jpg","5c940b47c67cb71df19770a09d1a90a9","",2.962,0.0031663067638874,0.3333448497752134,0.8811852194194216,0.0055224937703247,True,"2025-02-09T17:47:06.398924Z",0.8779290914535522,0.2511433667454103
30110,"1","Not Flooded","2025-02-10T19:09:08.198803Z",7.167003786889836e-05,0.3597567295608349,0.1638075709342956,0.9970352359934874,318,"/data/local-files/?d=/share/XXXX-19/nexar_data/2023/2023-09-29/604222324882800639/frames/bccab457bea9e389a7cba5d54f0cb2a3.jpg","bccab457bea9e389a7cba5d54f0cb2a3","",1.356,0.0298315789550542,0.640164454790048,0.8361923854026826,0.0029658436729388,True,"2025-02-10T19:09:08.198825Z",0.8062891364097595,0.2033659680505111
30176,"1","Not Flooded","2025-02-10T19:11:36.887471Z",7.146177813410759e-05,0.3593475359852819,0.0102795604616403,0.5266861150578918,320,"/data/local-files/?d=/share/XXXX-19/nexar_data/2023/2023-09-29/604222353471176703/frames/495cbc69b90941a9cb81757d39d50862.jpg","495cbc69b90941a9cb81757d39d50862","",1.012,0.0046333605423569,0.3938547546350079,0.9897203338332472,0.4733095662764032,False,"2025-02-10T19:11:36.887492Z",0.9850155115127563,0.680675158602998
29035,"1","Not Flooded","2025-02-08T03:51:59.901080Z",0.0003875195106957,0.6025542748312481,0.1074484139680862,0.9932758374972468,321,"/data/local-files/?d=/share/XXXX-19/nexar_data/2023/2023-09-29/604222323003752447/frames/4324b832b07ff133e4ebc7d9f194e675.jpg","4324b832b07ff133e4ebc7d9f194e675","",1.098,0.0201889593154191,0.5971570223663697,0.8925516027084085,0.0067252421691794,True,"2025-02-08T03:51:59.901101Z",0.8719751238822937,0.2458821522502407
30095,"1","Not Flooded","2025-02-10T19:08:40.536304Z",3.4178094210801646e-05,0.2376421380850172,0.0163741633296012,0.7219934529027912,322,"/data/local-files/?d=/share/XXXX-19/nexar_data/2023/2023-09-29/604222324211711999/frames/299a3eb5abb4885d38db24c83c2d9683.jpg","299a3eb5abb4885d38db24c83c2d9683","",0.99,0.0017258240841329,0.2363929640298333,0.983625825447234,0.2780076267636351,False,"2025-02-10T19:08:40.536327Z",0.9818658232688904,0.6238766070834755
30129,"1","Not Flooded","2025-02-10T19:09:44.197454Z",7.202858250821009e-05,0.3606685078578122,0.0202860366553068,0.796878576395037,323,"/data/local-files/?d=/share/XXXX-19/nexar_data/2023/2023-09-29/604222325553889279/frames/d3b37ed95f90ee48651f59d289eb8d22.jpg","d3b37ed95f90ee48651f59d289eb8d22","",1.103,0.0022060042247176,0.2747626893195078,0.9797140388764092,0.2031225032713892,False,"2025-02-10T19:09:44.197474Z",0.9774360060691832,0.5609293552663969
29489,"1","Not Flooded","2025-02-09T17:51:10.718421Z",7.101124083419563e-06,0.0486821591601058,0.180029883980751,0.9974876162260908,325,"/data/local-files/?d=/share/XXXX-19/nexar_data/2023/2023-09-29/604222325419671551/frames/16dde55e7f96fda58545e9a609daa81a.jpg","16dde55e7f96fda58545e9a609daa81a","",1.862,0.0004192125925328,0.0663033949031107,0.8199701522175927,0.0025134634403354,True,"2025-02-09T17:51:10.718441Z",0.8195438385009766,0.2103708438240921
29431,"1","Not Flooded","2025-02-09T17:47:58.056631Z",1.0137544450117277e-05,0.0776852383687535,0.0144995199516415,0.6753842532811063,326,"/data/local-files/?d=/share/XXXX-19/nexar_data/2023/2023-09-29/604222352263217151/frames/22d73921a753aa9f82f3e30bdd0f7e75.jpg","22d73921a753aa9f82f3e30bdd0f7e75","",1.382,0.0002697500458452,0.0378703795675288,0.9855004390810788,0.3246114280531887,False,"2025-02-09T17:47:58.056653Z",0.9852205514907836,0.6848065021830855
29420,"1","Not Flooded","2025-02-09T17:47:28.926183Z",0.0001709921634756,0.4949946664478543,0.1035559922456741,0.992742482282674,328,"/data/local-files/?d=/share/XXXX-19/nexar_data/2023/2023-09-29/604222347834032127/frames/e1c2b0a0c7124594446cc8dad06c3dee.jpg","e1c2b0a0c7124594446cc8dad06c3dee","",1.234,0.0292093064635992,0.6380191576010675,0.8964439997798763,0.0072585973837523,True,"2025-02-09T17:47:28.926202Z",0.8670637011528015,0.2418571558131399
28888,"1","Not Flooded","2025-02-08T03:45:42.723113Z",0.0002643275947775,0.5545101985290625,0.0108936931937932,0.5526002686210069,329,"/data/local-files/?d=/share/XXXX-19/nexar_data/2023/2023-09-29/604222321795792895/frames/a43a2048dac6bfec1cbddc201b61a227.jpg","a43a2048dac6bfec1cbddc201b61a227","",1.165,0.0082229916006326,0.4810000302306599,0.989106272900244,0.4473997313789931,False,"2025-02-08T03:45:42.723139Z",0.980618953704834,0.6041937482995253
30347,"1","Not Flooded","2025-02-10T19:20:36.065638Z",0.0005798589554615,0.6490101618204039,0.2451584339141845,0.9984647143418568,330,"/data/local-files/?d=/share/XXXX-19/nexar_data/2023/2023-09-29/604222352934305791/frames/28e85c6c4608afa13d125983f606da41.jpg","28e85c6c4608afa13d125983f606da41","",1.373,0.0337010733783245,0.652709098996774,0.7548416022327729,0.0015363653245693,True,"2025-02-10T19:20:36.065658Z",0.7205606698989868,0.1675469546928781
29066,"1","Not Flooded","2025-02-08T03:53:17.401233Z",0.0036566145718097,0.8410709427215367,0.0033293853048235,0.1145342534970395,332,"/data/local-files/?d=/share/XXXX-19/nexar_data/2023/2023-09-29/604222325017018367/frames/e5e4087c686e17c460875545a07eb95a.jpg","e5e4087c686e17c460875545a07eb95a","",1.641,0.827502965927124,0.9701860913052304,0.9966705925762652,0.8854668261693867,False,"2025-02-08T03:53:17.401254Z",0.1655110120773315,0.0329708533251566
30242,"1","Not Flooded","2025-02-10T19:16:55.078322Z",2.9615894163725898e-05,0.2147845201746468,0.3895260989665985,0.9991880908474516,335,"/data/local-files/?d=/share/XXXX-19/nexar_data/2023/2023-09-29/604222324211711999/frames/ce8e62c7d335618d24248ed37a805188.jpg","ce8e62c7d335618d24248ed37a805188","",1.359,0.0071344189345836,0.4601700258688075,0.6104738449903379,0.0008129888189744,True,"2025-02-10T19:16:55.078342Z",0.6033098101615906,0.131872616636364
28946,"1","Not Flooded","2025-02-08T03:48:14.219383Z",3.493916301522404e-05,0.2409869446735736,0.0106398146599531,0.5426144338445194,336,"/data/local-files/?d=/share/XXXX-19/nexar_data/2023/2023-09-29/604222321795792895/frames/1616e84c020473f397b496af78fd1eab.jpg","1616e84c020473f397b496af78fd1eab","",2.082,0.0011570260394364,0.1774539738202485,0.9893602644006022,0.4573974424861695,False,"2025-02-08T03:48:14.219413Z",0.9881682991981506,0.7495594960980856
30206,"1","Not Flooded","2025-02-10T19:12:38.247615Z",0.0016363605391234,0.7586146584151361,0.0098685175180435,0.5098616731374674,337,"/data/local-files/?d=/share/XXXX-19/nexar_data/2023/2023-09-29/604222324748582911/frames/90ff3ed7dd5b48d0862bac3192f8a138.jpg","90ff3ed7dd5b48d0862bac3192f8a138","",1.178,0.0428668819367885,0.6766884903240294,0.990131527883932,0.4901394065289588,False,"2025-02-10T19:12:38.247635Z",0.94562828540802,0.36100266461674
30361,"1","Not Flooded","2025-02-10T19:21:02.060003Z",0.0003723241679836,0.5976536689224498,0.1065122187137603,0.993157074190358,340,"/data/local-files/?d=/share/XXXX-19/nexar_data/2023/2023-09-29/604222337365049343/frames/a7629b189cbcd0ba868e1bac87e3df87.jpg","a7629b189cbcd0ba868e1bac87e3df87","",1.08,0.0012995389988645,0.1939663921434833,0.8934877043648156,0.0068440054760681,True,"2025-02-10T19:21:02.060023Z",0.8918158411979675,0.2645798154202278
28900,"1","Not Flooded","2025-02-08T03:46:18.575247Z",0.0001107677744585,0.4295485266871947,0.4374360740184784,0.9993219694843082,343,"/data/local-files/?d=/share/XXXX-19/nexar_data/2023/2023-09-29/604222323809058815/frames/6faa57aadb83bb086143e51e19c7ae84.jpg","6faa57aadb83bb086143e51e19c7ae84","",1.623,0.0180551446974277,0.5840541906172669,0.5625639222489554,0.0006791101821181,True,"2025-02-08T03:46:18.575274Z",0.5443980097770691,0.1168468989820905
30059,"1","Not Flooded","2025-02-10T18:55:30.732588Z",4.9427140766056255e-05,0.2980624306314321,0.3479710817337036,0.9990412562134804,348,"/data/local-files/?d=/share/XXXX-19/nexar_data/2023/2023-09-29/604222337365049343/frames/8004efae26b8d2d835cb73c051d143f3.jpg","8004efae26b8d2d835cb73c051d143f3","",1.45,0.0018839476397261,0.2497711107176327,0.6520288971842092,0.0009598234529459,True,"2025-02-10T18:55:30.732609Z",0.650095522403717,0.1447919050930024
29070,"1","Not Flooded","2025-02-08T03:53:24.714052Z",0.0011236092541366,0.7199993090134872,0.1239243149757385,0.9949298864622786,349,"/data/local-files/?d=/share/XXXX-19/nexar_data/2023/2023-09-29/604222337365049343/frames/1ba5e8b3074a3387d1b53a9d09ab0545.jpg","1ba5e8b3074a3387d1b53a9d09ab0545","",1.082,0.0541385263204574,0.6990699753404188,0.8760757318232206,0.0050711932041476,True,"2025-02-08T03:53:24.714079Z",0.8208135962486267,0.2110877423311293
29491,"1","Not Flooded","2025-02-09T17:51:22.313531Z",9.50636331253918e-06,0.071936014648914,0.2688641548156738,0.9986514966336,350,"/data/local-files/?d=/share/XXXX-19/nexar_data/2023/2023-09-29/604222337365049343/frames/ff40d968744213a1eba7ee586265c145.jpg","ff40d968744213a1eba7ee586265c145","",1.262,0.0002778166963253,0.039493118206199,0.7311358142515019,0.0013495830328261,True,"2025-02-09T17:51:22.313552Z",0.730848491191864,0.1711681558865573
30086,"1","Not Flooded","2025-02-10T19:08:26.258514Z",7.235858356580138e-05,0.3615014705056725,0.0110798580572009,0.5601309419441769,351,"/data/local-files/?d=/share/XXXX-19/nexar_data/2023/2023-09-29/604222322869534719/frames/643b2e270324e6ede1f93767463a7af7.jpg","643b2e270324e6ede1f93767463a7af7","",1.06,0.0069335983134806,0.4557919785103194,0.9889200599282048,0.439869058055823,False,"2025-02-10T19:08:26.258535Z",0.9819141030311584,0.6246404710800552
30303,"1","Not Flooded","2025-02-10T19:19:02.985306Z",0.0001043191150529,0.4200906487931489,0.1126261875033378,0.9938232283753612,352,"/data/local-files/?d=/share/XXXX-19/nexar_data/2023/2023-09-29/604222325285453823/frames/870e4c827c938c39091095f0057cff97.jpg","870e4c827c938c39091095f0057cff97","",2.373,0.0013957743067294,0.2041627618730916,0.8873737687681569,0.0061778512910651,True,"2025-02-10T19:19:02.985327Z",0.8858736753463745,0.2585649937595281
30353,"1","Not Flooded","2025-02-10T19:20:49.481552Z",0.0001653258223086,0.4901955491831243,0.1049294173717498,0.9929540969022213,354,"/data/local-files/?d=/share/XXXX-19/nexar_data/2023/2023-09-29/604222353336958975/frames/b13c3598ec9a599a0b574a01c89784fc.jpg","b13c3598ec9a599a0b574a01c89784fc","",1.174,0.0025065643712878,0.2957562631449387,0.8950705456081777,0.0070469827642051,True,"2025-02-10T19:20:49.481573Z",0.8923986554145813,0.2652017032817541
29033,"1","Not Flooded","2025-02-08T03:51:56.613335Z",0.0001420970074832,0.4675668205551213,0.1213591992855072,0.9947085548448952,355,"/data/local-files/?d=/share/XXXX-19/nexar_data/2023/2023-09-29/604222351055257599/frames/b26adb89354fa8f66d53ae3f966e6b0d.jpg","b26adb89354fa8f66d53ae3f966e6b0d","",1.467,0.0093582170084118,0.4996123997529723,0.8786407602019607,0.0052925248215311,True,"2025-02-08T03:51:56.613356Z",0.8691404461860657,0.2435220014424343
30260,"1","Not Flooded","2025-02-10T19:17:35.505551Z",0.0001098396169254,0.4282550863085341,0.0059040640480816,0.2906375646180356,356,"/data/local-files/?d=/share/XXXX-19/nexar_data/2023/2023-09-29/604222324748582911/frames/3752846c46a4b162d8418c649d32bca9.jpg","3752846c46a4b162d8418c649d32bca9","",0.964,0.0010752100497484,0.1675545123578619,0.9940959712403126,0.7093699930469483,False,"2025-02-10T19:17:35.505571Z",0.9929109215736388,0.8777083432302756
29482,"1","Not Flooded","2025-02-09T17:50:42.533752Z",6.26796463620849e-05,0.3377185784679965,0.4276933670043945,0.9993003761557828,358,"/data/local-files/?d=/share/XXXX-19/nexar_data/2023/2023-09-29/604222352665870335/frames/c4fb6c7af7bb2e157d158d4f7dbe4e63.jpg","c4fb6c7af7bb2e157d158d4f7dbe4e63","",1.188,0.0056422422640025,0.4247796400824001,0.572306615540583,0.0007007035106433,True,"2025-02-09T17:50:42.533773Z",0.5666016936302185,0.1224341727379908
29065,"1","Not Flooded","2025-02-08T03:53:15.185274Z",8.007754513528198e-05,0.3778335845357218,0.0318047329783439,0.9083546747396924,361,"/data/local-files/?d=/share/XXXX-19/nexar_data/2023/2023-09-29/604222325285453823/frames/29690d601e9569f46845b9b0e671bd8a.jpg","29690d601e9569f46845b9b0e671bd8a","",1.878,0.0240074750036001,0.6169419096276014,0.9681952042592458,0.0916464049267338,False,"2025-02-08T03:53:15.185294Z",0.9441076517105104,0.3563158326603413
28905,"1","Not Flooded","2025-02-08T03:46:28.936479Z",0.0184784773737192,0.9712258100737196,0.0019174221670255,0.0337017874957353,362,"/data/local-files/?d=/share/XXXX-19/nexar_data/2023/2023-09-29/604222325017018367/frames/898034131c517218b2112d0f6bbec51c.jpg","898034131c517218b2112d0f6bbec51c","",1.141,0.8765393495559692,0.9804839496789072,0.9980824906378984,0.9662982125042648,False,"2025-02-08T03:46:28.936506Z",0.1030646637082099,0.0190032087686188
28924,"1","Not Flooded","2025-02-08T03:47:22.716738Z",0.0090787252411246,0.925925166160663,0.0072949612513184,0.3762313595591506,363,"/data/local-files/?d=/share/XXXX-19/nexar_data/2023/2023-09-29/604222347297161215/frames/7fac29e0298f2a82c437a7f4facbf5b9.jpg","7fac29e0298f2a82c437a7f4facbf5b9","",1.482,0.3570260405540466,0.8654724836214603,0.992705031298101,0.6237664811079969,False,"2025-02-08T03:47:22.716766Z",0.6266002655029297,0.1381767888993016
30098,"1","Not Flooded","2025-02-10T19:08:45.027898Z",1.7928654415300116e-05,0.1419426653940998,0.2844393253326416,0.9987432682798324,364,"/data/local-files/?d=/share/XXXX-19/nexar_data/2023/2023-09-29/604222353471176703/frames/edddab0c12972c8b8b5f94cefca27ad5.jpg","edddab0c12972c8b8b5f94cefca27ad5","",1.055,0.0004623860586434,0.0740607981757956,0.715560695152817,0.0012578113865939,True,"2025-02-10T19:08:45.027920Z",0.7150803804397583,0.1656510604483638
30376,"1","Not Flooded","2025-02-10T19:21:33.261680Z",4.539580186246894e-05,0.2838313474668866,0.1440505683422088,0.996217928508808,365,"/data/local-files/?d=/share/XXXX-19/nexar_data/2023/2023-09-29/604222324345929727/frames/fe53af0fc5fcef443e116cdeb8389ffc.jpg","fe53af0fc5fcef443e116cdeb8389ffc","",2.875,0.0006365383742377,0.1042990157760858,0.8559495184999832,0.0037831511576183,True,"2025-02-10T19:21:33.261699Z",0.8552675843238831,0.2328430208202873
29011,"1","Not Flooded","2025-02-08T03:50:52.787472Z",6.570565165020525e-05,0.3455855678829468,0.0137519380077719,0.6528861642906808,369,"/data/local-files/?d=/share/XXXX-19/nexar_data/2023/2023-09-29/604222321527357439/frames/622a0871991b49b49a2ab3b609cc8894.jpg","622a0871991b49b49a2ab3b609cc8894","",1.045,0.0069149089977145,0.4555199025709017,0.986247973429272,0.347112756042893,False,"2025-02-08T03:50:52.787492Z",0.9792673587799072,0.5848218334463384
30323,"1","Not Flooded","2025-02-10T19:19:49.206839Z",0.0010349611984565,0.7113932879297612,0.0025218401569873,0.0640943973949808,370,"/data/local-files/?d=/share/XXXX-19/nexar_data/2023/2023-09-29/604222352263217151/frames/4f04d61f544b2f19c5e219317968fdcc.jpg","4f04d61f544b2f19c5e219317968fdcc","",1.323,0.040700439363718,0.6717500960903119,0.9974781769560648,0.9359056026050192,False,"2025-02-10T19:19:49.206860Z",0.9557427763938904,0.3987424045466912
30189,"1","Not Flooded","2025-02-10T19:12:04.664664Z",0.0151250334456563,0.9608232240566954,0.0511673241853714,0.9662507071815092,371,"/data/local-files/?d=/share/XXXX-19/nexar_data/2023/2023-09-29/604222352665870335/frames/a76f79e0d46a38d6ed0373654ec1c088.jpg","a76f79e0d46a38d6ed0373654ec1c088","",1.097,0.3389071226119995,0.8605394877198741,0.9488327475264668,0.033750372484917,False,"2025-02-10T19:12:04.664684Z",0.594800591468811,0.1295837238126908
28899,"1","Not Flooded","2025-02-08T03:46:16.464537Z",0.0055129155516624,0.8820248496024669,0.1466932296752929,0.9963323731499916,372,"/data/local-files/?d=/share/XXXX-19/nexar_data/2023/2023-09-29/604222324748582911/frames/608856336a5c2f6a458840efdcfb2d63.jpg","608856336a5c2f6a458840efdcfb2d63","",6.582,0.3357841670513153,0.8596789935781441,0.8533067628741264,0.0036687065164346,True,"2025-02-08T03:46:16.464563Z",0.5120096802711487,0.109182347022064
28891,"1","Not Flooded","2025-02-08T03:45:50.789459Z",5.420396973931929e-06,0.0327689557034458,0.1037297323346138,0.9928126606003808,375,"/data/local-files/?d=/share/XXXX-19/nexar_data/2023/2023-09-29/604222324882800639/frames/fad7b32dbdcf324f919ef5dbe97c1d4b.jpg","fad7b32dbdcf324f919ef5dbe97c1d4b","",2.465,0.0001767160283634,0.0201714078418331,0.8962702597468706,0.0071884190660453,True,"2025-02-08T03:45:50.789486Z",0.8960881233215332,0.2693314273622021
29077,"1","Not Flooded","2025-02-08T03:53:40.052420Z",0.0029901368543505,0.8207284077511412,0.026237616315484,0.8681171265325865,376,"/data/local-files/?d=/share/XXXX-19/nexar_data/2023/2023-09-29/604222353471176703/frames/bcd602e97a24004276d9af2ed44346d7.jpg","bcd602e97a24004276d9af2ed44346d7","",1.955,0.4437756836414337,0.8873486847503596,0.9737624330446124,0.1318834133006266,False,"2025-02-08T03:53:40.052446Z",0.5269966125488281,0.1126243235889839
28922,"1","Not Flooded","2025-02-08T03:47:18.274922Z",0.0034883434418588,0.8361822131434272,0.0125620076432824,0.6145158991677931,378,"/data/local-files/?d=/share/XXXX-19/nexar_data/2023/2023-09-29/604222325419671551/frames/d5ba0a5f6d3a3234f78200ee0ae2974b.jpg","d5ba0a5f6d3a3234f78200ee0ae2974b","",1.975,0.5341501235961914,0.907906613172794,0.9874380046967416,0.3854862601650594,False,"2025-02-08T03:47:18.274949Z",0.4497995376586914,0.0950182031759467
30369,"1","Not Flooded","2025-02-10T19:21:15.169345Z",2.647539986355696e-05,0.1974051297111244,0.0654286742210388,0.9804861090117596,379,"/data/local-files/?d=/share/XXXX-19/nexar_data/2023/2023-09-29/604222323809058815/frames/0acca194a73fe032cdbdd4807390cd3a.jpg","0acca194a73fe032cdbdd4807390cd3a","",1.131,0.0026586954481899,0.305029518080094,0.9345713073798833,0.0195149706546665,False,"2025-02-10T19:21:15.169369Z",0.9318861365318298,0.3249526026438871
30221,"1","Not Flooded","2025-02-10T19:13:03.855483Z",2.187782411056105e-05,0.1692398716492552,0.0338340662419796,0.918962397377706,387,"/data/local-files/?d=/share/XXXX-19/nexar_data/2023/2023-09-29/604222352128999423/frames/1b78f09ff96404586e931fc9f3bc1442.jpg","1b78f09ff96404586e931fc9f3bc1442","",1.203,0.0077890451066195,0.4733592309320112,0.9661658132772571,0.08103868228872,False,"2025-02-10T19:13:03.855502Z",0.9583548903465272,0.4108454651850764
30210,"1","Flooded","2025-02-10T19:12:46.302563Z",3.095603233305156e-06,0.0126180615237116,0.1293927729129791,0.9953844260277344,388,"/data/local-files/?d=/share/XXXX-19/nexar_data/2023/2023-09-29/604222324345929727/frames/de3cdb43493d23f400f35e6e67de2f35.jpg","de3cdb43493d23f400f35e6e67de2f35","",2.471,7.383683987427503e-05,0.0041772294032035,0.870607180131401,0.0046166536386917,True,"2025-02-10T19:12:46.302583Z",0.8705302476882935,0.2447161125098789
29028,"1","Not Flooded","2025-02-08T03:51:46.424543Z",0.0001753937540343,0.4986072303101234,0.0028307118918746,0.0818808221012036,389,"/data/local-files/?d=/share/XXXX-19/nexar_data/2023/2023-09-29/604222352263217151/frames/71000367b3d77c136498d1d7f04d3e49.jpg","71000367b3d77c136498d1d7f04d3e49","",1.53,0.004815203603357,0.4002053525542748,0.9971692758699644,0.9181213372316488,False,"2025-02-08T03:51:46.424564Z",0.9921786785125732,0.8563201513260463
30191,"1","Not Flooded","2025-02-10T19:12:07.816718Z",0.0001186023000627,0.4402717736328184,0.1221830770373344,0.9947592991669294,390,"/data/local-files/?d=/share/XXXX-19/nexar_data/2023/2023-09-29/604222324882800639/frames/9ab18857007ea8214f7a255372accd6d.jpg","9ab18857007ea8214f7a255372accd6d","",1.111,0.0026575259398669,0.3049237107703204,0.8778169574216007,0.0052417804994968,True,"2025-02-10T19:12:07.816739Z",0.8750408291816711,0.2485154586638912
29081,"1","Not Flooded","2025-02-08T03:53:47.910333Z",0.0001026839090627,0.4175286003636316,0.0267464071512222,0.8731316372493554,391,"/data/local-files/?d=/share/XXXX-19/nexar_data/2023/2023-09-29/604222324345929727/frames/19288548e4246bb603ac69921b78453f.jpg","19288548e4246bb603ac69921b78453f","",1.45,0.030307650566101,0.6417407677723891,0.9732536524606984,0.126870522083497,False,"2025-02-08T03:53:47.910359Z",0.9428433179855348,0.3527140654623347
29032,"1","Not Flooded","2025-02-08T03:51:54.636686Z",0.0005548952030949,0.6440922812487854,0.0077807204797863,0.4037239854374592,392,"/data/local-files/?d=/share/XXXX-19/nexar_data/2023/2023-09-29/604222325017018367/frames/5354ab1967894093be7d2128b35423e2.jpg","5354ab1967894093be7d2128b35423e2","",1.627,0.0491756722331047,0.6899975383605481,0.9922192973899656,0.5962792535618195,False,"2025-02-08T03:51:54.636707Z",0.942488729953766,0.3516997188548626
29500,"1","Not Flooded","2025-02-09T17:51:57.278866Z",0.0018941106973215,0.7737094747206903,0.1228082850575447,0.9948715844752604,394,"/data/local-files/?d=/share/XXXX-19/nexar_data/2023/2023-09-29/604222325017018367/frames/2349c046efe19b7f7876d8293e5ed848.jpg","2349c046efe19b7f7876d8293e5ed848","",1.465,0.0744869858026504,0.7282976251657288,0.8771916719852013,0.0051294951911657,True,"2025-02-09T17:51:57.278888Z",0.8008105754852295,0.2005458793451175
28907,"1","Not Flooded","2025-02-08T03:46:32.354862Z",0.0008786860853433,0.6939404801492531,0.0119418306276202,0.5929819522960186,395,"/data/local-files/?d=/share/XXXX-19/nexar_data/2023/2023-09-29/604222325151236095/frames/4e4a4c4ff4ec128df6e2c0ddfd71846f.jpg","4e4a4c4ff4ec128df6e2c0ddfd71846f","",1.264,0.1098150387406349,0.7619151986802157,0.9880581218749284,0.4070169680375551,False,"2025-02-08T03:46:32.354890Z",0.8773643970489502,0.2506229675279525
30282,"1","Not Flooded","2025-02-10T19:18:13.022340Z",2.528818731661886e-05,0.190526574909416,0.2017354220151901,0.9978946504687912,398,"/data/local-files/?d=/share/XXXX-19/nexar_data/2023/2023-09-29/604222321930010623/frames/50f2218475f704ee08f191a5dda85952.jpg","50f2218475f704ee08f191a5dda85952","",1.039,0.0003601740463636,0.0550359960786515,0.7982645620795664,0.002106429197635,True,"2025-02-10T19:18:13.022361Z",0.7978790998458862,0.1991002060003541
30270,"1","Not Flooded","2025-02-10T19:17:54.430495Z",1.3994405207995442e-06,0.002346115144265,0.11275215446949,0.993868574365264,399,"/data/local-files/?d=/share/XXXX-19/nexar_data/2023/2023-09-29/604222325017018367/frames/25da46738b5355b6a6dd9ea635887d10.jpg","25da46738b5355b6a6dd9ea635887d10","",1.221,0.0003820102429017,0.0592423764753641,0.8872478930398984,0.0061325053011621,True,"2025-02-10T19:17:54.430516Z",0.8868644833564758,0.2595032238839488
30092,"1","Not Flooded","2025-02-10T19:08:36.065212Z",3.4733409847831354e-05,0.2402991971600454,0.1035388335585594,0.9927403229498214,401,"/data/local-files/?d=/share/XXXX-19/nexar_data/2023/2023-09-29/604222324882800639/frames/b0d8a1132b1022229a354f4c556802ed.jpg","b0d8a1132b1022229a354f4c556802ed","",1.017,0.001987389056012,0.2584451507862131,0.8964611044757476,0.0072607567166048,True,"2025-02-10T19:08:36.065232Z",0.8944389820098877,0.2674463297819505
29020,"1","Flooded","2025-02-08T03:51:20.016215Z",1.7384934835718013e-05,0.1380288745989039,0.1621421873569488,0.996996368002142,402,"/data/local-files/?d=/share/XXXX-19/nexar_data/2023/2023-09-29/604222321795792895/frames/7c3144063ecadaeb543f7b10da35c81c.jpg","7c3144063ecadaeb543f7b10da35c81c","",2.866,0.0014473347691819,0.2097964612853212,0.8378578376086807,0.0030057913307104,True,"2025-02-08T03:51:20.016242Z",0.8363931179046631,0.2201752946409677
30262,"1","Not Flooded","2025-02-10T19:17:38.673564Z",8.640089617983904e-06,0.0638536317819246,0.1050995141267776,0.9929962038928452,407,"/data/local-files/?d=/share/XXXX-19/nexar_data/2023/2023-09-29/604222324882800639/frames/51163216ebee283861043a6edd2a4a55.jpg","51163216ebee283861043a6edd2a4a55","",1.186,0.0010465851519256,0.1640326404753987,0.8949004853848236,0.0070048757735809,True,"2025-02-10T19:17:38.673585Z",0.89384526014328,0.2667650602669799
29481,"1","Not Flooded","2025-02-09T17:50:40.893683Z",0.0006172501016408,0.6559912849326073,0.0186112988740205,0.768792673815498,408,"/data/local-files/?d=/share/XXXX-19/nexar_data/2023/2023-09-29/604222325017018367/frames/9e6a92f69031adcb8d6bd81cc6c5594a.jpg","9e6a92f69031adcb8d6bd81cc6c5594a","",1.395,0.0555630810558795,0.7015564471200978,0.981388720916584,0.2312084058509283,False,"2025-02-09T17:50:40.893704Z",0.9252083897590636,0.3114902419748394
28957,"1","Not Flooded","2025-02-08T03:48:45.697274Z",2.2049200197216123e-05,0.17057541901854,0.5767425894737244,0.9995584164316592,411,"/data/local-files/?d=/share/XXXX-19/nexar_data/2023/2023-09-29/604222347834032127/frames/72b3ec45a15b52ba1443053557d8a8ac.jpg","72b3ec45a15b52ba1443053557d8a8ac","",1.885,0.0012814869405701,0.1921190828881508,0.4232574228881275,0.0004426632347669,True,"2025-02-08T03:48:45.697301Z",0.4219538867473602,0.0889591151917703
29022,"1","Flooded","2025-02-08T03:51:34.684426Z",1.6559739378863014e-05,0.1318089163172146,0.2014354914426803,0.997877375805971,413,"/data/local-files/?d=/share/XXXX-19/nexar_data/2023/2023-09-29/604222353202741247/frames/8cbdab9b584a63eff4a516d1e26a7b97.jpg","8cbdab9b584a63eff4a516d1e26a7b97","",1.933,0.0018551566172391,0.247260886276576,0.7985645049575396,0.0021237038604552,True,"2025-02-08T03:51:34.684446Z",0.7966927886009216,0.1985171861301732
28909,"1","Not Flooded","2025-02-08T03:46:35.445232Z",0.000303728680592,0.5725568228440141,0.0171094238758087,0.738286698941495,414,"/data/local-files/?d=/share/XXXX-19/nexar_data/2023/2023-09-29/604222325017018367/frames/34529f188ed722242a02f12da68cea89.jpg","34529f188ed722242a02f12da68cea89","",1.071,0.018791027367115,0.5888846182083584,0.982890596787911,0.2617154603913575,False,"2025-02-08T03:46:35.445258Z",0.963795840740204,0.4405281944090554
30128,"1","Not Flooded","2025-02-10T19:09:42.602338Z",6.556630978593603e-05,0.3451456038142455,0.0069002443924546,0.3539740361817813,415,"/data/local-files/?d=/share/XXXX-19/nexar_data/2023/2023-09-29/604222325419671551/frames/9ac336ff628e1614924bec9f1d34dde2.jpg","9ac336ff628e1614924bec9f1d34dde2","",0.965,0.000455120432889,0.0727436051357572,0.993099848863494,0.6460540351453015,False,"2025-02-10T19:09:42.602359Z",0.9925791621208192,0.8680291337188463
28898,"1","Not Flooded","2025-02-08T03:46:09.326280Z",0.000130838539917,0.4552175959715486,0.1326990574598312,0.9955528539902312,417,"/data/local-files/?d=/share/XXXX-19/nexar_data/2023/2023-09-29/604222321795792895/frames/bd3c55bf71c0c294d933cc54c4fca589.jpg","bd3c55bf71c0c294d933cc54c4fca589","",5.827,0.0018635045271366,0.2483513493670995,0.8673008992918766,0.004448225676195,True,"2025-02-08T03:46:09.326307Z",0.865306556224823,0.24050865244674
30269,"1","Not Flooded","2025-02-10T19:17:52.719640Z",8.04710180091206e-06,0.0579748480909338,0.2877038717269897,0.9987594632762262,418,"/data/local-files/?d=/share/XXXX-19/nexar_data/2023/2023-09-29/604222324748582911/frames/ddfafd744505ad7c3617e465ce3f13ae.jpg","ddfafd744505ad7c3617e465ce3f13ae","",1.191,0.0002141254226444,0.0271212206276748,0.7122960946817329,0.0012416163902,True,"2025-02-10T19:17:52.719660Z",0.7120739221572876,0.1646318553419735
30104,"1","Not Flooded","2025-02-10T19:08:56.625562Z",0.0003399008128326,0.5865277063998308,0.1067936569452285,0.99323157117377,419,"/data/local-files/?d=/share/XXXX-19/nexar_data/2023/2023-09-29/604222323003752447/frames/23bc3d193d13946e6fbd5d4981d42338.jpg","23bc3d193d13946e6fbd5d4981d42338","",1.61,0.0125569393858313,0.5391756962768783,0.8932063027459662,0.0067695084926561,True,"2025-02-10T19:08:56.625583Z",0.8803094625473022,0.2532843452686857
28911,"1","Not Flooded","2025-02-08T03:46:39.879383Z",0.0019392921822145,0.7761570785090238,0.016493197530508,0.7248210992731685,420,"/data/local-files/?d=/share/XXXX-19/nexar_data/2023/2023-09-29/604222324882800639/frames/adc3eae4e168f15c33dab4f7cc9f9751.jpg","adc3eae4e168f15c33dab4f7cc9f9751","",2.373,0.7235705256462097,0.9484912741359428,0.9835068538086488,0.2751821397261102,False,"2025-02-08T03:46:39.879410Z",0.2579970359802246,0.0530375335236425
29029,"1","Not Flooded","2025-02-08T03:51:48.011688Z",0.0003259664226789,0.5813766178801397,0.0052608316764235,0.2472986746014951,421,"/data/local-files/?d=/share/XXXX-19/nexar_data/2023/2023-09-29/604222323003752447/frames/cb8a6e95df7553b2e276d59da43136f5.jpg","cb8a6e95df7553b2e276d59da43136f5","",1.159,0.0074189621955156,0.4660930758832751,0.9947391355235596,0.7527013253985049,False,"2025-02-08T03:51:48.011708Z",0.986994206905365,0.7223022375007018
30131,"1","Flooded","2025-02-10T19:09:47.781689Z",1.9471881387289613e-05,0.1533223495268901,0.2812773287296295,0.9987195156184544,422,"/data/local-files/?d=/share/XXXX-19/nexar_data/2023/2023-09-29/604222324345929727/frames/69dab5071111a471ab1329eb53d5f8ef.jpg","69dab5071111a471ab1329eb53d5f8ef","",1.612,0.0004363071057014,0.0695564298454349,0.7187226237365394,0.0012815640479717,True,"2025-02-10T19:09:47.781709Z",0.7182668447494507,0.1667339658739036
30362,"1","Not Flooded","2025-02-10T19:21:03.671887Z",7.192884368123487e-05,0.3604023700837389,0.0067855613306164,0.3462662975647044,423,"/data/local-files/?d=/share/XXXX-19/nexar_data/2023/2023-09-29/604222325017018367/frames/801ae7f80604a0946e418d993cd4145c.jpg","801ae7f80604a0946e418d993cd4145c","",1.092,0.0016890597762539,0.2328441004867136,0.9932143978148816,0.6537293837695906,False,"2025-02-10T19:21:03.671910Z",0.9914534091949464,0.8355052622941616
30143,"1","Not Flooded","2025-02-10T19:10:10.113232Z",8.098179023363627e-06,0.0585513899625571,0.0042610215023159,0.1785476759100508,424,"/data/local-files/?d=/share/XXXX-19/nexar_data/2023/2023-09-29/604222325553889279/frames/392148daf0ea1610193b240f8e12a987.jpg","392148daf0ea1610193b240f8e12a987","",1.33,0.0008390449220314,0.1357302647773944,0.9957389058345144,0.8214426070921128,False,"2025-02-10T19:10:10.113253Z",0.9948917627334596,0.9343870517764832
29459,"1","Not Flooded","2025-02-09T17:49:38.289058Z",2.0011049855384044e-05,0.1569057623956502,0.0032112305052578,0.1059984107310205,425,"/data/local-files/?d=/share/XXXX-19/nexar_data/2023/2023-09-29/604222325419671551/frames/1b23577d2df8b825bd9073d2a4fa8d8c.jpg","1b23577d2df8b825bd9073d2a4fa8d8c","",1.562,0.0034721684642136,0.3481470764792509,0.9967887431394046,0.8939983502697006,False,"2025-02-09T17:49:38.289077Z",0.9932965636253356,0.8888926077399126
28985,"1","Not Flooded","2025-02-08T03:50:04.174614Z",0.0008034302154555,0.6844696462580921,0.1019910499453544,0.9925146726667328,427,"/data/local-files/?d=/share/XXXX-19/nexar_data/2023/2023-09-29/604222321930010623/frames/00ceb33e0c219b9c9261b5e69cd7b767.jpg","00ceb33e0c219b9c9261b5e69cd7b767","",1.063,0.0161373279988765,0.5707095135886816,0.8980089282849801,0.0074864069996933,True,"2025-02-08T03:50:04.174635Z",0.8810681700706482,0.2539872081121817
28937,"1","Not Flooded","2025-02-08T03:47:53.397203Z",7.065663521643728e-05,0.3574905097321131,0.0061646215617656,0.3069167749931981,428,"/data/local-files/?d=/share/XXXX-19/nexar_data/2023/2023-09-29/604222324882800639/frames/91cb3f8f8964550176c0d6f31c308c17.jpg","91cb3f8f8964550176c0d6f31c308c17","",1.491,0.0045101335272192,0.3897109948910184,0.9938353840116176,0.6930853843396544,False,"2025-02-08T03:47:53.397231Z",0.989254593849182,0.7764448096116224
28962,"1","Not Flooded","2025-02-08T03:49:03.769028Z",0.0043852184899151,0.8594112363044314,0.1148772835731506,0.9940693923205488,430,"/data/local-files/?d=/share/XXXX-19/nexar_data/2023/2023-09-29/604222353202741247/frames/d95f44b04c6e5394ce2e02304634fd1c.jpg","d95f44b04c6e5394ce2e02304634fd1c","",3.869,0.0707738399505615,0.7236529001999542,0.8851227615959942,0.0059316873458776,True,"2025-02-08T03:49:03.769055Z",0.8099637031555176,0.2051592939845305
28894,"1","Not Flooded","2025-02-08T03:45:56.471672Z",0.0001661369606154,0.490847667704586,0.0129932779818773,0.629112989250841,432,"/data/local-files/?d=/share/XXXX-19/nexar_data/2023/2023-09-29/604222324345929727/frames/3b8bc130ad546db85e9610768eb5032f.jpg","3b8bc130ad546db85e9610768eb5032f","",1.372,0.3099178373813629,0.8519064749754915,0.9870067128940718,0.3708880904155852,False,"2025-02-08T03:45:56.471701Z",0.6769227385520935,0.1529930512668806
29519,"1","Not Flooded","2025-02-09T17:54:04.786665Z",2.2779622668167576e-06,0.0068191731482641,0.3593425154685974,0.9990909208690882,433,"/data/local-files/?d=/share/XXXX-19/nexar_data/2023/2023-09-29/604222325017018367/frames/be2f0cba2e7bdc3e029376177088ed9e.jpg","be2f0cba2e7bdc3e029376177088ed9e","",1.516,5.783859887742437e-05,0.0025911994230262,0.6406574600059685,0.0009101587973379,True,"2025-02-09T17:54:04.786686Z",0.6405973434448242,0.142034437040332
28923,"1","Not Flooded","2025-02-08T03:47:20.685710Z",1.502921622886788e-05,0.1197609186665687,0.3310405015945434,0.998974316895052,437,"/data/local-files/?d=/share/XXXX-19/nexar_data/2023/2023-09-29/604222321527357439/frames/844bc9e17d45bbbae26708f4c5c41a98.jpg","844bc9e17d45bbbae26708f4c5c41a98","",1.922,0.0002243306371383,0.0290279115364517,0.6689595456100506,0.0010267627713741,True,"2025-02-08T03:47:20.685737Z",0.6687201857566833,0.1504871454915289
30379,"1","Not Flooded","2025-02-10T19:21:38.419934Z",3.814144292846322e-05,0.2553076401514988,0.5957351326942444,0.999595125090152,439,"/data/local-files/?d=/share/XXXX-19/nexar_data/2023/2023-09-29/604222352263217151/frames/bf309ccbe5454ae897b6b0466452961e.jpg","bf309ccbe5454ae897b6b0466452961e","",1.061,0.0011322095524519,0.1748131097416142,0.4042649109032936,0.0004059545762741,True,"2025-02-10T19:21:38.419955Z",0.4030945599079132,0.0847592127936152
30358,"1","Not Flooded","2025-02-10T19:20:57.274528Z",2.671052925506956e-06,0.0094244082348317,0.0047545046545565,0.2136411534292365,440,"/data/local-files/?d=/share/XXXX-19/nexar_data/2023/2023-09-29/604222321795792895/frames/6415153e795df565f048ef5a431fef6d.jpg","6415153e795df565f048ef5a431fef6d","",0.96,0.0001435735903214,0.0143293328093352,0.9952454911451696,0.7863556075714847,False,"2025-02-10T19:20:57.274551Z",0.9950992465019226,0.9401033456703216
29422,"1","Not Flooded","2025-02-09T17:47:37.084769Z",5.682667688233778e-05,0.3213260031180766,0.0066717057488858,0.338804722892815,441,"/data/local-files/?d=/share/XXXX-19/nexar_data/2023/2023-09-29/604222352665870335/frames/e1c0219cc710cd7f26573b8fe7d0af1b.jpg","e1c0219cc710cd7f26573b8fe7d0af1b","",3.728,0.0031026313081383,0.3298532085526856,0.9933283870850572,0.6612071534378738,False,"2025-02-09T17:47:37.084791Z",0.9901689291000366,0.8002584721424468
30348,"1","Flooded","2025-02-10T19:20:37.685702Z",1.1244015922784456e-06,0.0014143630184018,0.6000396013259888,0.9996016030887096,442,"/data/local-files/?d=/share/XXXX-19/nexar_data/2023/2023-09-29/604222352665870335/frames/49ebc9bb4b664111802f9b7d1b429099.jpg","49ebc9bb4b664111802f9b7d1b429099","",1.699,0.0002466267324052,0.0333152669151339,0.399960343497355,0.0003994765777165,True,"2025-02-10T19:20:39.707930Z",0.3997125923633575,0.0839753749681498
30317,"1","Not Flooded","2025-02-10T19:19:37.956204Z",5.701988629880361e-05,0.3219845996380958,0.1205295249819755,0.9946394561936144,443,"/data/local-files/?d=/share/XXXX-19/nexar_data/2023/2023-09-29/604222352665870335/frames/7ced8c90d2b36677f78d33e12cb13f2f.jpg","7ced8c90d2b36677f78d33e12cb13f2f","",1.586,0.0026215605903416,0.3028831412246872,0.8794705345171677,0.0053616234728118,True,"2025-02-10T19:19:37.956224Z",0.8767919540405273,0.2501144446411836
30247,"1","Not Flooded","2025-02-10T19:17:05.316469Z",9.16397912078537e-05,0.399598040189503,0.0131821054965257,0.6350387384313743,445,"/data/local-files/?d=/share/XXXX-19/nexar_data/2023/2023-09-29/604222353202741247/frames/8dfb7e56f4b94c161774c36b2293c204.jpg","8dfb7e56f4b94c161774c36b2293c204","",1.21,0.0029876446351408,0.3237633500753607,0.9868179452387268,0.364962341235052,False,"2025-02-10T19:17:05.316491Z",0.983738660812378,0.6562455463759916
30259,"1","Not Flooded","2025-02-10T19:17:34.053540Z",0.0003248699358664,0.5809134409832738,0.0105914259329438,0.5399336221081135,447,"/data/local-files/?d=/share/XXXX-19/nexar_data/2023/2023-09-29/604222325017018367/frames/b105a337e1cf3615325e296943705ad6.jpg","b105a337e1cf3615325e296943705ad6","",0.963,0.0054095708765089,0.4179993349254814,0.9894086093991064,0.4600696168911653,False,"2025-02-10T19:17:34.053562Z",0.983674168586731,0.6550568336406783
30352,"1","Flooded","2025-02-10T19:20:47.788136Z",6.59050840567943e-08,1.0796664262609425e-06,0.2538560926914215,0.99852733499458,448,"/data/local-files/?d=/share/XXXX-19/nexar_data/2023/2023-09-29/604222325017018367/frames/55f46fb6481d5a7eca62d5b5ed23c44b.jpg","55f46fb6481d5a7eca62d5b5ed23c44b","",1.26,1.9300825442769565e-05,0.0002094552866946,0.7461438727272309,0.0014737446718461,True,"2025-02-10T19:20:47.788158Z",0.7461245059967041,0.176992956256235
28887,"1","Not Flooded","2025-02-08T03:45:41.082281Z",0.0159527733922004,0.9637642354018302,0.006969251204282,0.3569884648439018,450,"/data/local-files/?d=/share/XXXX-19/nexar_data/2023/2023-09-29/604222352665870335/frames/7a9d08795e7995e3d5cdab3c3eb4bedf.jpg","7a9d08795e7995e3d5cdab3c3eb4bedf","",1.231,0.9271661639213562,0.9906598057464164,0.9930307567119596,0.6430126148225245,False,"2025-02-08T03:45:41.082309Z",0.0499118193984031,0.0073395723657218
30298,"1","Not Flooded","2025-02-10T19:18:53.110569Z",1.5976936992956325e-05,0.1272915919897388,0.0111369229853153,0.5626487240502175,451,"/data/local-files/?d=/share/XXXX-19/nexar_data/2023/2023-09-29/604222337365049343/frames/d20dce182e5b8658d7cf44dfe401f5e6.jpg","d20dce182e5b8658d7cf44dfe401f5e6","",1.621,0.0018757638754323,0.2490801242048256,0.9888630595341964,0.4373534352826351,False,"2025-02-10T19:18:53.110593Z",0.9869713187217712,0.7218331224384914
28964,"1","Not Flooded","2025-02-08T03:49:07.468120Z",9.145037620328368e-05,0.3993005920890681,0.3844413757324219,0.999164338186074,452,"/data/local-files/?d=/share/XXXX-19/nexar_data/2023/2023-09-29/604222323809058815/frames/fb4beff1a413f8256a30bb16667feabc.jpg","fb4beff1a413f8256a30bb16667feabc","",1.535,0.0011316381860524,0.1747548077545961,0.6155586255190428,0.0008367414803522,True,"2025-02-08T03:49:07.468153Z",0.6143355369567871,0.1348924436306159
28967,"1","Not Flooded","2025-02-08T03:49:13.305809Z",0.0017598231788724,0.7659477527823004,0.0101270833984017,0.5199684305536961,453,"/data/local-files/?d=/share/XXXX-19/nexar_data/2023/2023-09-29/604222321930010623/frames/528f9093065591d6d9d9426425d5ccb1.jpg","528f9093065591d6d9d9426425d5ccb1","",1.714,0.0475645773112773,0.6867207507568461,0.9898729992564764,0.4800358881120089,False,"2025-02-08T03:49:13.305836Z",0.9405485987663268,0.3461318790946349
30074,"1","Not Flooded","2025-02-10T19:07:52.473010Z",0.0003887353523168,0.6029138037511931,0.1077855378389358,0.9932985104921984,455,"/data/local-files/?d=/share/XXXX-19/nexar_data/2023/2023-09-29/604222325419671551/frames/7d80c11c9c8f8f49d407681c3b8ef18a.jpg","7d80c11c9c8f8f49d407681c3b8ef18a","",1.128,0.2211615741252899,0.8215365380711975,0.8922144411189946,0.0067025691742279,True,"2025-02-10T19:07:52.473034Z",0.6706641316413879,0.1511047146873502
30123,"1","Not Flooded","2025-02-10T19:09:34.231235Z",1.4253177141654303e-05,0.1137612123358367,0.0018961955793201,0.0331554762840472,456,"/data/local-files/?d=/share/XXXX-19/nexar_data/2023/2023-09-29/604222325419671551/frames/cbecfc162b2678de6d42a8f03b4a3d9a.jpg","cbecfc162b2678de6d42a8f03b4a3d9a","",1.112,0.0003675942716654,0.0566706110480106,0.9981036983208468,0.9668261693867064,False,"2025-02-10T19:09:34.231255Z",0.9977218508720398,0.9928121207671676
30334,"1","Not Flooded","2025-02-10T19:20:09.728421Z",0.0004022318753413,0.6070122175052796,0.0203107111155986,0.797586297737451,457,"/data/local-files/?d=/share/XXXX-19/nexar_data/2023/2023-09-29/604222325151236095/frames/807e977cf83346e3c900dd0c1305fff0.jpg","807e977cf83346e3c900dd0c1305fff0","",1.082,0.2051309496164322,0.815075814176452,0.9796892154845408,0.2024126225961227,False,"2025-02-10T19:20:09.728442Z",0.7741560339927673,0.1882247260886276
30287,"1","Not Flooded","2025-02-10T19:18:26.514814Z",0.0010501168435439,0.7129588042478396,0.2413869947195053,0.9984215276848064,458,"/data/local-files/?d=/share/XXXX-19/nexar_data/2023/2023-09-29/604222353336958975/frames/d623976655548f9b788b0e8fbd7be936.jpg","d623976655548f9b788b0e8fbd7be936","",1.976,0.0023297860752791,0.2835949005195355,0.758613011916168,0.0015795519816197,True,"2025-02-10T19:18:26.514835Z",0.755233108997345,0.1805040314744356
28979,"1","Not Flooded","2025-02-08T03:49:48.723928Z",1.4530955922964496e-05,0.1158492872042253,0.1159200668334961,0.994219465953799,459,"/data/local-files/?d=/share/XXXX-19/nexar_data/2023/2023-09-29/604222324345929727/frames/4b75dcb5d7c88c55b6e91da3ba01c9d4.jpg","4b75dcb5d7c88c55b6e91da3ba01c9d4","",1.601,0.0003359311667736,0.0505543007432423,0.8840798603732763,0.0057816137126273,True,"2025-02-08T03:49:48.723954Z",0.8837293982505798,0.2564726002254343
29012,"1","Not Flooded","2025-02-08T03:50:54.341099Z",0.0301510691642761,0.9883363635971032,0.0041447626426815,0.170525754362932,460,"/data/local-files/?d=/share/XXXX-19/nexar_data/2023/2023-09-29/604222337365049343/frames/ebd23b91a35fae1c8d73e26a4874b628.jpg","ebd23b91a35fae1c8d73e26a4874b628","",1.12,0.0845607742667198,0.7392659563901137,0.9958552941679956,0.8294764049699205,False,"2025-02-08T03:50:54.341120Z",0.8811434507369995,0.2540584660963149
30080,"1","Flooded","2025-02-10T19:08:15.343428Z",7.462154371751239e-06,0.052204031042569,0.5389317274093628,0.9995087517760513,461,"/data/local-files/?d=/share/XXXX-19/nexar_data/2023/2023-09-29/604222324345929727/frames/159c8dc9a26bd59be0035cd12341652c.jpg","159c8dc9a26bd59be0035cd12341652c","",1.431,8.811071165837348e-05,0.0058647480274494,0.4610683290134147,0.0004923278903749,True,"2025-02-10T19:08:15.343449Z",0.4609727561473846,0.0975511006119549
28992,"1","Not Flooded","2025-02-08T03:50:17.444217Z",0.001542875310406,0.7526376250793555,0.2635578215122223,0.998609389642976,463,"/data/local-files/?d=/share/XXXX-19/nexar_data/2023/2023-09-29/604222321930010623/frames/134f2e4535d544ffd05f7126ed315522.jpg","134f2e4535d544ffd05f7126ed315522","",1.163,0.1501707285642624,0.7884112924470855,0.7364422024693339,0.0013916900234503,True,"2025-02-08T03:50:17.444238Z",0.5847285985946655,0.127019516050321
30309,"1","Not Flooded","2025-02-10T19:19:20.402888Z",4.873227226198651e-05,0.2956677304979853,0.0035248440690338,0.1270097990524847,464,"/data/local-files/?d=/share/XXXX-19/nexar_data/2023/2023-09-29/604222324345929727/frames/63516eb6c333b84616ce5a6a21aed276.jpg","63516eb6c333b84616ce5a6a21aed276","",1.885,0.0036940050777047,0.3579418102982902,0.996475202617148,0.8729945196132203,False,"2025-02-10T19:19:20.402908Z",0.9927324652671814,0.872393145413793
29523,"1","Not Flooded","2025-02-09T17:54:11.078282Z",0.0002943406871054,0.5686678643766222,0.0093008680269122,0.4828192681589096,465,"/data/local-files/?d=/share/XXXX-19/nexar_data/2023/2023-09-29/604222325553889279/frames/fe51dc7847e85283dbdb496ef01cc5d1.jpg","fe51dc7847e85283dbdb496ef01cc5d1","",0.964,0.0115751167759299,0.5283444826886285,0.9906991989410018,0.5171839708403692,False,"2025-02-09T17:54:11.078303Z",0.9788297414779664,0.578862074773378
29416,"1","Not Flooded","2025-02-09T17:47:19.286174Z",1.7050547285180071e-06,0.0037183711720426,0.1709663569927215,0.9972490099458872,466,"/data/local-files/?d=/share/XXXX-19/nexar_data/2023/2023-09-29/604222351055257599/frames/deb3b9fce623b2affcdcb01dd1b04f8e.jpg","deb3b9fce623b2affcdcb01dd1b04f8e","",5.905,0.0005527175380848,0.090261192901841,0.8290337126013583,0.0027520697205391,True,"2025-02-09T17:47:19.286196Z",0.8284792900085449,0.2154107267018782
28908,"1","Not Flooded","2025-02-08T03:46:33.887336Z",0.0054353429004549,0.880635318911869,0.0221795924007892,0.8238243512284444,468,"/data/local-files/?d=/share/XXXX-19/nexar_data/2023/2023-09-29/604222353202741247/frames/7d56234a8d0cd29fafede400fc66cac4.jpg","7d56234a8d0cd29fafede400fc66cac4","",1.038,0.4596303403377533,0.8911620665679132,0.9778203619644044,0.1761767284379818,False,"2025-02-08T03:46:33.887364Z",0.5127546787261963,0.1093583326495446
30272,"1","Not Flooded","2025-02-10T19:17:57.628136Z",0.0002206381905125,0.5305923481881039,0.0298152156174182,0.896349863746097,470,"/data/local-files/?d=/share/XXXX-19/nexar_data/2023/2023-09-29/604222353202741247/frames/301436b1e0df654c50df3a421d95e177.jpg","301436b1e0df654c50df3a421d95e177","",1.114,0.4887709021568298,0.8978873087370925,0.9701847848045873,0.1036512159203292,False,"2025-02-10T19:17:57.628157Z",0.4811932444572449,0.1020565486087418
28917,"1","Not Flooded","2025-02-08T03:47:00.718991Z",0.0001381235051667,0.4632017291937483,0.0122407190501689,0.6047859453343295,471,"/data/local-files/?d=/share/XXXX-19/nexar_data/2023/2023-09-29/604222352665870335/frames/ae5f9d42ea450216ece00030b14ccf08.jpg","ae5f9d42ea450216ece00030b14ccf08","",1.869,0.0302960686385631,0.6417105371124537,0.9877592930424726,0.395216213998523,False,"2025-02-08T03:47:00.719018Z",0.9573251008987428,0.4059232659477528
30330,"1","Not Flooded","2025-02-10T19:20:03.178562Z",6.119751196820289e-05,0.3336903430316169,0.0126098245382308,0.6167605256679897,472,"/data/local-files/?d=/share/XXXX-19/nexar_data/2023/2023-09-29/604222325285453823/frames/085a0fd644982c959d3180ff3a85c652.jpg","085a0fd644982c959d3180ff3a85c652","",1.646,0.0011368101695552,0.1751046196767046,0.9873901744867908,0.3832416336648629,False,"2025-02-10T19:20:03.178584Z",0.9861921668052672,0.7049978838538046
29019,"1","Flooded","2025-02-08T03:51:16.649915Z",2.664515704964288e-06,0.00937582324565,0.1096471026539802,0.993541435438107,475,"/data/local-files/?d=/share/XXXX-19/nexar_data/2023/2023-09-29/604222325151236095/frames/e8fcf6301ec2270d0519fdf41b332018.jpg","e8fcf6301ec2270d0519fdf41b332018","",1.974,0.0005321350763551,0.0866291950438992,0.8903529315157356,0.0064596442283192,True,"2025-02-08T03:51:16.649943Z",0.8898181319236755,0.2625511222052835
30248,"1","Not Flooded","2025-02-10T19:17:06.868571Z",1.2132576557633e-05,0.0955018937349116,0.0373147577047348,0.9338531567286972,476,"/data/local-files/?d=/share/XXXX-19/nexar_data/2023/2023-09-29/604222323003752447/frames/2d5dcfa2909fd7d57843dd9e7ef3e10f.jpg","2d5dcfa2909fd7d57843dd9e7ef3e10f","",1.031,0.0003129033138975,0.0460218610857989,0.9626853583658884,0.0661490026041554,False,"2025-02-10T19:17:06.868593Z",0.9623603224754332,0.4319977499751676
29450,"1","Not Flooded","2025-02-09T17:49:22.311130Z",2.9815579182468355e-05,0.2157378656290352,0.1559874862432479,0.9967523633898072,477,"/data/local-files/?d=/share/XXXX-19/nexar_data/2023/2023-09-29/604222325553889279/frames/36054b3bbbd25198a35cd27e5d3e84f9.jpg","36054b3bbbd25198a35cd27e5d3e84f9","",1.2,0.0007223653374239,0.1179384417390403,0.8440125287597765,0.0032487162766191,True,"2025-02-09T17:49:22.311150Z",0.8432603478431702,0.224566297996571
29474,"1","Not Flooded","2025-02-09T17:50:11.674349Z",4.533839819487184e-05,0.2837050264950141,0.0138066327199339,0.6545207792600398,478,"/data/local-files/?d=/share/XXXX-19/nexar_data/2023/2023-09-29/604222324345929727/frames/5d46fdd042d944a3b7cbe4c22dd4dd8b.jpg","5d46fdd042d944a3b7cbe4c22dd4dd8b","",1.327,0.0029858937487006,0.3237055879215557,0.9861933968350058,0.3454792207399602,False,"2025-02-09T17:50:11.674369Z",0.9831621646881104,0.6458003135351302
29462,"1","Not Flooded","2025-02-09T17:49:50.103058Z",0.0067059858702123,0.9001815998928971,0.0031676834914833,0.1033381126567135,479,"/data/local-files/?d=/share/XXXX-19/nexar_data/2023/2023-09-29/604222328104026111/frames/2ddb5e77d9089ede993940b5d015b9d4.jpg","2ddb5e77d9089ede993940b5d015b9d4","",0.796,0.825096607208252,0.9696440987592474,0.9968322976492344,0.8966608076768602,False,"2025-02-09T17:49:50.103079Z",0.1650297045707702,0.0328423730204316
29434,"1","Not Flooded","2025-02-09T17:48:06.732400Z",0.0008882058318704,0.6950622535661382,0.0029581768903881,0.0898746723212396,480,"/data/local-files/?d=/share/XXXX-19/nexar_data/2023/2023-09-29/604222324748582911/frames/1e46716f5ee7897e61d052647e5365d5.jpg","1e46716f5ee7897e61d052647e5365d5","",1.514,0.8868697881698608,0.9825817415451322,0.9970417988952248,0.9101264073451868,False,"2025-02-09T17:48:06.732422Z",0.1092838048934936,0.0203635884657076
30274,"1","Not Flooded","2025-02-10T19:18:00.572264Z",1.819591125240549e-05,0.1439033396241897,0.0073407543823122,0.3798849507456176,481,"/data/local-files/?d=/share/XXXX-19/nexar_data/2023/2023-09-29/604222353471176703/frames/b12fa93080a09eee68e3219434ea9c67.jpg","b12fa93080a09eee68e3219434ea9c67","",0.989,0.0006722107646055,0.1099122015262164,0.9926592172341772,0.6201053322565461,False,"2025-02-10T19:18:00.572286Z",0.9919688105583192,0.8502432488458366
29465,"1","Not Flooded","2025-02-09T17:49:54.776221Z",2.127324842149392e-05,0.1653055671919603,0.2508098185062408,0.9985003433339236,482,"/data/local-files/?d=/share/XXXX-19/nexar_data/2023/2023-09-29/604222325017018367/frames/9dccbd489d63d6890ccd7acd89bad9a2.jpg","9dccbd489d63d6890ccd7acd89bad9a2","",1.002,0.0003890470252372,0.0605487728511399,0.7491901535904617,0.0015007363325027,True,"2025-02-09T17:49:54.776242Z",0.748779833316803,0.1779419830449184
29076,"1","Flooded","2025-02-08T03:53:37.604938Z",3.2372972782468423e-06,0.0137020466156776,0.7430278658866882,0.9997808277154692,483,"/data/local-files/?d=/share/XXXX-19/nexar_data/2023/2023-09-29/604222323809058815/frames/b7e12669c81b9ba8045c580e0a6e496b.jpg","b7e12669c81b9ba8045c580e0a6e496b","",2.001,0.0001852329005487,0.0218103414768972,0.2569720450173918,0.0002202519509572,True,"2025-02-08T03:53:37.604966Z",0.2567835748195648,0.05279568824416
29525,"1","Not Flooded","2025-02-09T17:54:15.361614Z",0.0001547116262372,0.480317681049263,0.1892715394496917,0.9976819561828176,484,"/data/local-files/?d=/share/XXXX-19/nexar_data/2023/2023-09-29/604222347968249855/frames/a490bccfa340fba111ca3160104b69e6.jpg","a490bccfa340fba111ca3160104b69e6","",1.138,0.0137107837945222,0.55032109279517,0.8107284552825147,0.0023191234836085,True,"2025-02-09T17:54:15.361634Z",0.7968629598617554,0.1986165154413892
29515,"1","Not Flooded","2025-02-09T17:53:56.941104Z",3.3804877602960914e-05,0.2356793045220748,0.0071866475045681,0.3698181409871606,485,"/data/local-files/?d=/share/XXXX-19/nexar_data/2023/2023-09-29/604222325553889279/frames/5cfdc0fc8d5a3af7d331b088bb115021.jpg","5cfdc0fc8d5a3af7d331b088bb115021","",1.745,0.0063421940430998,0.4424602574788493,0.992813379234576,0.6301829386792657,False,"2025-02-09T17:53:56.941124Z",0.9864373803138732,0.7102310270218913
28916,"1","Flooded","2025-02-08T03:46:58.249050Z",4.251514383213362e-06,0.0220834970827413,0.4067789912223816,0.9992269588387972,486,"/data/local-files/?d=/share/XXXX-19/nexar_data/2023/2023-09-29/604222347968249855/frames/ab9dc1748e32eb1bc063deb1e2f6d78e.jpg","ab9dc1748e32eb1bc063deb1e2f6d78e","",5.927,0.0013568216236308,0.2000297987933648,0.5932209502475416,0.000774120827629,True,"2025-02-08T03:46:58.249083Z",0.5918598771095276,0.1288549489749647
29018,"1","Not Flooded","2025-02-08T03:51:14.164678Z",3.229987487429753e-05,0.2282846691686136,0.1179703176021575,0.9944040889126896,487,"/data/local-files/?d=/share/XXXX-19/nexar_data/2023/2023-09-29/604222325151236095/frames/e5ec001270110dbe8b46d6d3aadd4d72.jpg","e5ec001270110dbe8b46d6d3aadd4d72","",6.952,0.0103081315755844,0.513149257405432,0.8820297510610544,0.0055969907537367,True,"2025-02-08T03:51:14.164698Z",0.8716893196105957,0.2456219526415118
29487,"1","Not Flooded","2025-02-09T17:50:59.219938Z",0.0001764617045409,0.499453688788312,0.0077415248379111,0.4020062361532781,489,"/data/local-files/?d=/share/XXXX-19/nexar_data/2023/2023-09-29/604222325017018367/frames/7de8173ec4b5597b3dd35995093ec703.jpg","7de8173ec4b5597b3dd35995093ec703","",1.604,0.0093380603939294,0.499193489179583,0.9922584409941916,0.5979948435131481,False,"2025-02-09T17:50:59.219959Z",0.9827439188957214,0.6384450860062275
30277,"1","Not Flooded","2025-02-10T19:18:05.216943Z",0.0023153016809374,0.7943170677987329,0.0184980425983667,0.7661204994105021,490,"/data/local-files/?d=/share/XXXX-19/nexar_data/2023/2023-09-29/604222324345929727/frames/bf3db9ea120ca7aff2d9547fc0b7e149.jpg","bf3db9ea120ca7aff2d9547fc0b7e149","",1.169,0.1548822075128555,0.791177397831166,0.9815019110683352,0.2338784209230716,False,"2025-02-10T19:18:05.216964Z",0.8243044018745422,0.2130138672355788
29471,"1","Not Flooded","2025-02-09T17:50:05.801252Z",1.1986882782366592e-05,0.0944168289765194,0.1601414829492569,0.996929428683714,491,"/data/local-files/?d=/share/XXXX-19/nexar_data/2023/2023-09-29/604222352263217151/frames/ba0dfc7add8a67008f65dfbf3074bf9f.jpg","ba0dfc7add8a67008f65dfbf3074bf9f","",1.191,0.0007651431951671,0.1247856862143872,0.8398585366712722,0.0030716509827123,True,"2025-02-09T17:50:05.801277Z",0.8390814065933228,0.221806670611048
30377,"1","Not Flooded","2025-02-10T19:21:35.010852Z",0.0005774939199909,0.6485448255906855,0.0176867842674255,0.7505560282095244,494,"/data/local-files/?d=/share/XXXX-19/nexar_data/2023/2023-09-29/604222325151236095/frames/1c4555e8ed8f6439451b53c76e63c009.jpg","1c4555e8ed8f6439451b53c76e63c009","",1.219,0.0310412719845771,0.6444194201759424,0.9823131480952724,0.2494418124576231,False,"2025-02-10T19:21:35.010872Z",0.9506943821907043,0.3781661217950102
28986,"1","Not Flooded","2025-02-08T03:50:05.910263Z",1.377998250973178e-05,0.1096919495752592,0.0040041715838015,0.1606705592240221,496,"/data/local-files/?d=/share/XXXX-19/nexar_data/2023/2023-09-29/604222325017018367/frames/800d3bb71a65cb8f43260c17d5259c13.jpg","800d3bb71a65cb8f43260c17d5259c13","",1.289,0.0007642095442861,0.1245427612684784,0.9959959088764664,0.8393477951052243,False,"2025-02-08T03:50:05.910283Z",0.9952179193496704,0.9432597504674956
30305,"1","Not Flooded","2025-02-10T19:19:10.104015Z",0.0005560115678235,0.6443006568690537,0.1565943509340286,0.9967966297132838,497,"/data/local-files/?d=/share/XXXX-19/nexar_data/2023/2023-09-29/604222337365049343/frames/0078bad41f0ee0a1eb00c3df55efb0f7.jpg","0078bad41f0ee0a1eb00c3df55efb0f7","",4.894,0.3213107585906982,0.8554369841893649,0.8434056238038463,0.0032044499531424,True,"2025-02-10T19:19:10.104036Z",0.5215388536453247,0.1113211662124869
30063,"1","Flooded","2025-02-10T18:55:52.134684Z",7.793882446094358e-07,0.0005473908781142,0.4224722385406494,0.999284181159389,498,"/data/local-files/?d=/share/XXXX-19/nexar_data/2023/2023-09-29/604222324882800639/frames/1419267c2a5202b6503629ea8cb79b52.jpg","1419267c2a5202b6503629ea8cb79b52","",1.694,7.585920684505254e-05,0.0044093576848496,0.5775277484812591,0.0007168985070372,True,"2025-02-10T18:55:52.134704Z",0.5774511098861694,0.1251830034592512
30090,"1","Not Flooded","2025-02-10T19:08:32.872250Z",0.0068032657727599,0.9014453494448356,0.1064209714531898,0.9931354808618328,499,"/data/local-files/?d=/share/XXXX-19/nexar_data/2023/2023-09-29/604222321930010623/frames/b366308b5c57ec5aa5889698f3eadd48.jpg","b366308b5c57ec5aa5889698f3eadd48","",1.027,0.0754637643694877,0.7294388325782866,0.8935789903625845,0.0068655988045933,True,"2025-02-10T19:08:32.872270Z",0.8113119602203369,0.2058934671543879
30113,"1","Not Flooded","2025-02-10T19:09:17.866123Z",0.0002361350198043,0.5398126994683723,0.0141596794128417,0.6648661429564722,500,"/data/local-files/?d=/share/XXXX-19/nexar_data/2023/2023-09-29/604222325017018367/frames/b00277873359fc825a50fe5595072eed.jpg","b00277873359fc825a50fe5595072eed","",1.11,0.0083240466192364,0.4828926854758953,0.985840440771426,0.3351370960428066,False,"2025-02-10T19:09:17.866144Z",0.9772802591323853,0.5589913540312585
29452,"1","Not Flooded","2025-02-09T17:49:25.502430Z",5.493486241903156e-06,0.0334502252184165,0.002322589745745,0.05340785910785,501,"/data/local-files/?d=/share/XXXX-19/nexar_data/2023/2023-09-29/604222353471176703/frames/e81c375b227a41ffaf24cdaca072d489.jpg","e81c375b227a41ffaf24cdaca072d489","",1.095,0.0002410039014648,0.0323619214607454,0.9976773583839532,0.9465781052286084,False,"2025-02-09T17:49:25.502450Z",0.9974308609962464,0.9893631263684772
28944,"1","Not Flooded","2025-02-08T03:48:09.682658Z",0.0005425510462373,0.6415453481492358,0.0090342862531542,0.4695231761195061,502,"/data/local-files/?d=/share/XXXX-19/nexar_data/2023/2023-09-29/604222353471176703/frames/9b1109c382b64898130f20f2541a5dc4.jpg","9b1109c382b64898130f20f2541a5dc4","",1.129,0.0094678504392504,0.5011455260782629,0.9909657042007892,0.5304789832133464,False,"2025-02-08T03:48:09.682685Z",0.9809553027153016,0.6093243231571174
30249,"1","Not Flooded","2025-02-10T19:17:10.353264Z",4.01056204282213e-05,0.2632431883845167,0.2652402818202972,0.998618026974386,503,"/data/local-files/?d=/share/XXXX-19/nexar_data/2023/2023-09-29/604222324748582911/frames/49bd4c3ce0edfe8127f7991c25a6f057.jpg","49bd4c3ce0edfe8127f7991c25a6f057","",2.953,0.002367622219026,0.2862087729375132,0.7347596865911327,0.0013830526920402,True,"2025-02-10T19:17:10.353285Z",0.7323519587516785,0.1717371400931968
29418,"1","Not Flooded","2025-02-09T17:47:22.720502Z",0.0003891125670634,0.6030466027216231,0.0256261527538299,0.8627474055615777,507,"/data/local-files/?d=/share/XXXX-19/nexar_data/2023/2023-09-29/604222337365049343/frames/299b7b842829600dffc3347ab9270e60.jpg","299b7b842829600dffc3347ab9270e60","",1.219,0.0272788982838392,0.630540308266358,0.9743738290271724,0.1372536741048485,False,"2025-02-09T17:47:22.720523Z",0.9467058181762696,0.3644748718435952
29531,"1","Not Flooded","2025-02-09T17:54:24.936499Z",0.0003434335230849,0.5878017127828187,0.1521684825420379,0.9966120067543932,509,"/data/local-files/?d=/share/XXXX-19/nexar_data/2023/2023-09-29/604222325419671551/frames/15f27a656d737057250faded35d81f6a.jpg","15f27a656d737057250faded35d81f6a","",1.02,0.0119187561795115,0.5322463971531356,0.8478315118118188,0.003389072912033,True,"2025-02-09T17:54:24.936519Z",0.8355693221092224,0.21966353275492
30160,"1","Not Flooded","2025-02-10T19:10:55.259620Z",0.0002240185276605,0.5325487037524886,0.1073235943913459,0.9932650408329844,510,"/data/local-files/?d=/share/XXXX-19/nexar_data/2023/2023-09-29/604222353336958975/frames/4f006598b76d91b0011bd8e0cb939781.jpg","4f006598b76d91b0011bd8e0cb939781","",1.139,0.0077744950540363,0.472940320358622,0.8926763409399426,0.006736038833442,True,"2025-02-10T19:10:55.259646Z",0.8846778273582458,0.2574086710170026
29457,"1","Not Flooded","2025-02-09T17:49:34.563333Z",0.0001370540412608,0.4621296204324712,0.0249218568205833,0.855553588163401,511,"/data/local-files/?d=/share/XXXX-19/nexar_data/2023/2023-09-29/604222325553889279/frames/6bbcb84c85b73c6fd3cbfc1665c6ee1b.jpg","6bbcb84c85b73c6fd3cbfc1665c6ee1b","",1.271,0.010069340467453,0.5097763794897928,0.9750780990871134,0.1444474915030252,False,"2025-02-09T17:49:34.563354Z",0.9648717045783995,0.4472237457515126
30373,"1","Not Flooded","2025-02-10T19:21:26.197432Z",7.569156423414824e-06,0.0532826178024037,0.1918955892324447,0.9977359395041308,516,"/data/local-files/?d=/share/XXXX-19/nexar_data/2023/2023-09-29/604222325017018367/frames/364f1f691382d847b6d3f27a00b1db78.jpg","364f1f691382d847b6d3f27a00b1db78","",1.236,0.0001862717472249,0.0219204674523759,0.8081044024652327,0.0022651401622954,True,"2025-02-10T19:21:26.197452Z",0.8079105615615845,0.2041087785517786
29039,"1","Not Flooded","2025-02-08T03:52:07.937854Z",1.4279355127655435e-05,0.1139231622997758,0.1290802657604217,0.9953174867093064,518,"/data/local-files/?d=/share/XXXX-19/nexar_data/2023/2023-09-29/604222323809058815/frames/89a2f6744c29bcc27779e91b5f18ce67.jpg","89a2f6744c29bcc27779e91b5f18ce67","",2.54,0.0024776472710072,0.2936573916122875,0.870919739679266,0.0046835929571199,True,"2025-02-08T03:52:07.937874Z",0.8684278130531311,0.2429573359014998
28901,"1","Flooded","2025-02-08T03:46:20.485978Z",0.0002116233808919,0.5249521707773166,0.1046035960316658,0.9929152289108756,520,"/data/local-files/?d=/share/XXXX-19/nexar_data/2023/2023-09-29/604222353471176703/frames/afab613ef1f159124bf4fad9c70fa4db.jpg","afab613ef1f159124bf4fad9c70fa4db","",1.419,0.0193497184664011,0.5923708610987549,0.895396462525241,0.0070858507555505,True,"2025-02-08T03:46:20.486005Z",0.875835120677948,0.2492463928344698
28955,"1","Not Flooded","2025-02-08T03:48:41.258533Z",0.0011214888654649,0.7197963317253502,0.0065553532913327,0.3317685367928725,522,"/data/local-files/?d=/share/XXXX-19/nexar_data/2023/2023-09-29/604222324748582911/frames/26ec79962132f122de98899f4d4d4eb6.jpg","26ec79962132f122de98899f4d4d4eb6","",1.414,0.1337412744760513,0.7787094099407047,0.9934446639381348,0.6682336225399801,False,"2025-02-08T03:48:41.258560Z",0.8585819005966187,0.2353510859284915
30312,"1","Flooded","2025-02-10T19:19:26.142900Z",0.0005024960264563,0.6328054484286535,0.1085089221596717,0.993392441471283,525,"/data/local-files/?d=/share/XXXX-19/nexar_data/2023/2023-09-29/604222337365049343/frames/f77eecabee8cb8c4de4e0a70c39e0dfb.jpg","f77eecabee8cb8c4de4e0a70c39e0dfb","",1.455,0.0374996811151504,0.6635500295828601,0.8914909800514578,0.0066086381951432,True,"2025-02-10T19:19:26.142921Z",0.8534888029098511,0.2316035637629398
30228,"1","Not Flooded","2025-02-10T19:16:28.579480Z",0.0004156802315264,0.6108839013098513,0.0404588766396045,0.9439663921434832,526,"/data/local-files/?d=/share/XXXX-19/nexar_data/2023/2023-09-29/604222321795792895/frames/a5e1cd1e4c69ab2323f850c085c42f73.jpg","a5e1cd1e4c69ab2323f850c085c42f73","",191.721,0.0237845461815595,0.6158158175450112,0.9595410481560974,0.0560346875229429,False,"2025-02-10T19:16:28.579501Z",0.9353408217430116,0.3328654778819536
30310,"1","Not Flooded","2025-02-10T19:19:22.490151Z",0.0014409465948119,0.7456403069707583,0.1469805687665939,0.9963442494806805,527,"/data/local-files/?d=/share/XXXX-19/nexar_data/2023/2023-09-29/604222352263217151/frames/ceb583f9f2b9276434e5d4569ec9d121.jpg","ceb583f9f2b9276434e5d4569ec9d121","",1.571,0.031786773353815,0.6467903676480115,0.8530194541672242,0.0036568301857458,True,"2025-02-10T19:19:22.490172Z",0.8197917342185974,0.2105090411266535
29454,"1","Not Flooded","2025-02-09T17:49:29.371758Z",8.361818800040055e-06,0.0611598640484036,0.0031690148171037,0.1035572849412445,528,"/data/local-files/?d=/share/XXXX-19/nexar_data/2023/2023-09-29/604222353471176703/frames/33a16d232ae18641bc019d6cc0abc14a.jpg","33a16d232ae18641bc019d6cc0abc14a","",1.255,0.0011477411026135,0.1766031966763548,0.9968308918732872,0.8964297590616404,False,"2025-02-09T17:49:29.371778Z",0.9956747889518738,0.954937962367147
29056,"1","Not Flooded","2025-02-08T03:52:46.875226Z",0.0008176594856195,0.6864184441574931,0.0051677669398486,0.2412601002794176,529,"/data/local-files/?d=/share/XXXX-19/nexar_data/2023/2023-09-29/604222352934305791/frames/6aa775403f43854462de0bf6fecfc620.jpg","6aa775403f43854462de0bf6fecfc620","",1.162,0.0092125404626131,0.4973332239271354,0.9948322672280482,0.7587420590534348,False,"2025-02-08T03:52:46.875247Z",0.9848020672798156,0.6764542027095308
30271,"1","Not Flooded","2025-02-10T19:17:56.028666Z",0.0007657303940504,0.6793466290654839,0.1002908870577812,0.9922695883879716,530,"/data/local-files/?d=/share/XXXX-19/nexar_data/2023/2023-09-29/604222337365049343/frames/c4c07a07deb6721b8ebdf9e2b6c39bb1.jpg","c4c07a07deb6721b8ebdf9e2b6c39bb1","",1.111,0.0722368136048317,0.7255682284401411,0.8997091322671621,0.0077314912784546,True,"2025-02-10T19:17:56.028692Z",0.82670658826828,0.214433628586112
30288,"1","Not Flooded","2025-02-10T19:18:28.514782Z",8.953956421464682e-05,0.3957992338687039,0.1300833374261856,0.9954103380219648,531,"/data/local-files/?d=/share/XXXX-19/nexar_data/2023/2023-09-29/604222325285453823/frames/68416797c3de4fc16eff3f1158f3684c.jpg","68416797c3de4fc16eff3f1158f3684c","",1.504,0.0729701370000839,0.7263844562583944,0.8699167355662212,0.0045907416444615,True,"2025-02-10T19:18:28.514803Z",0.7968570590019226,0.1986111171092579
30313,"1","Not Flooded","2025-02-10T19:19:29.686309Z",1.66263689607149e-05,0.1325236554913993,0.0039431685581803,0.1565969777977396,532,"/data/local-files/?d=/share/XXXX-19/nexar_data/2023/2023-09-29/604222337365049343/frames/1e46d167f11105b670a382960f72322e.jpg","1e46d167f11105b670a382960f72322e","",3.034,0.0005505896988324,0.0898347246634679,0.9960567537837052,0.8433814288737351,False,"2025-02-10T19:19:29.686331Z",0.995489537715912,0.9503677343847844
30198,"1","Not Flooded","2025-02-10T19:12:19.813977Z",4.56865427622688e-06,0.0249813217708256,0.2197989672422409,0.9981429737468313,536,"/data/local-files/?d=/share/XXXX-19/nexar_data/2023/2023-09-29/604222352128999423/frames/589c0737c698a5337d3e41123ae3832f.jpg","589c0737c698a5337d3e41123ae3832f","",1.197,0.0009413770167157,0.1501751218943395,0.7802009782103596,0.001858105919595,True,"2025-02-10T19:12:19.814002Z",0.7792550325393677,0.1905740802321714
30072,"1","Not Flooded","2025-02-10T19:07:45.437928Z",0.000235172061366,0.5392070066032398,0.0186820309609174,0.7696456102922441,540,"/data/local-files/?d=/share/XXXX-19/nexar_data/2023/2023-09-29/604222325419671551/frames/2e19d450120bc9485d22d608c54bb0eb.jpg","2e19d450120bc9485d22d608c54bb0eb","",1.511,0.0077878292649984,0.4733160442749608,0.9813179150951328,0.2303543897077559,False,"2025-02-10T19:07:45.437951Z",0.9732949137687684,0.515027876987126
30099,"1","Not Flooded","2025-02-10T19:08:46.605517Z",0.0005701649351976,0.6471175065751685,0.0138138309121131,0.6548176875272615,541,"/data/local-files/?d=/share/XXXX-19/nexar_data/2023/2023-09-29/604222336559742975/frames/052d74156e3dfbf0d38070c186e90764.jpg","052d74156e3dfbf0d38070c186e90764","",1.107,0.0171915907412767,0.5782553022418193,0.9861861355020664,0.3451823124727384,False,"2025-02-10T19:08:46.605539Z",0.968424379825592,0.4724965774574287
29024,"1","Not Flooded","2025-02-08T03:51:38.371425Z",2.7119272090203594e-06,0.0097180775027747,0.1081646159291267,0.993367609143479,542,"/data/local-files/?d=/share/XXXX-19/nexar_data/2023/2023-09-29/604222353471176703/frames/540bc6626b84b4d1101980338710ff22.jpg","540bc6626b84b4d1101980338710ff22","",1.664,0.0002222737384727,0.0286629842843754,0.8918354292577533,0.0066334705229472,True,"2025-02-08T03:51:38.371445Z",0.8916104435920715,0.2643530854707129
29058,"1","Not Flooded","2025-02-08T03:52:50.857879Z",0.0003947890654671,0.6047945826657396,0.0299258083105087,0.8968486696350295,544,"/data/local-files/?d=/share/XXXX-19/nexar_data/2023/2023-09-29/604222324748582911/frames/551fcd1c3cb9658e94566511feb97d34.jpg","551fcd1c3cb9658e94566511feb97d34","",1.945,0.0813467875123024,0.7358941581409008,0.9700742415443528,0.1031534896978229,False,"2025-02-08T03:52:50.857899Z",0.8883326649665833,0.2609953228850414
30229,"1","Flooded","2025-02-10T19:16:30.423085Z",1.0823599723153166e-06,0.0012966793779393,0.6859217286109924,0.9997095697313358,545,"/data/local-files/?d=/share/XXXX-19/nexar_data/2023/2023-09-29/604222325285453823/frames/68fc52812767a373157a4328a9f4529d.jpg","68fc52812767a373157a4328a9f4529d","",1.321,3.936565917683765e-05,0.001162800741083,0.3140783074589989,0.0002915099350904,True,"2025-02-10T19:16:30.423106Z",0.3140378594398498,0.0653640851122637
28896,"1","Not Flooded","2025-02-08T03:46:00.480523Z",0.0014180574798956,0.7439787003407428,0.0050274501554667,0.2309309315793792,546,"/data/local-files/?d=/share/XXXX-19/nexar_data/2023/2023-09-29/604222325017018367/frames/79f4c2c51e535fdc0142fd896331f36a.jpg","79f4c2c51e535fdc0142fd896331f36a","",1.486,0.1074916273355484,0.7600808454219984,0.9949725453043357,0.7690712277534733,False,"2025-02-08T03:46:00.480550Z",0.8860628604888916,0.2587463777191399
29478,"1","Not Flooded","2025-02-09T17:50:35.099077Z",1.7749383914633654e-05,0.1408133343122309,0.1155664324760437,0.9941320129732718,548,"/data/local-files/?d=/share/XXXX-19/nexar_data/2023/2023-09-29/604222337365049343/frames/49517087786f5e1e9236c38e1b575ad4.jpg","49517087786f5e1e9236c38e1b575ad4","",6.705,0.0033824339043349,0.3437787461185992,0.8844336038509937,0.0058690666931544,True,"2025-02-09T17:50:35.099097Z",0.8810334205627441,0.2539548181193938
30380,"1","Not Flooded","2025-02-10T19:21:39.995747Z",5.15787469339557e-05,0.3050683860714394,0.0413823537528514,0.9466385665484792,550,"/data/local-files/?d=/share/XXXX-19/nexar_data/2023/2023-09-29/604222321527357439/frames/489246025af1e59e1966da494394b3e9.jpg","489246025af1e59e1966da494394b3e9","",1.048,0.0018759301165118,0.2490866022033832,0.9586175818767512,0.053362513117947,False,"2025-02-10T19:21:39.995767Z",0.9566900730133056,0.4029665994394372
29009,"1","Not Flooded","2025-02-08T03:50:49.688601Z",0.0800196751952171,0.9990250612170865,0.0039221793413162,0.1542281896585231,553,"/data/local-files/?d=/share/XXXX-19/nexar_data/2023/2023-09-29/604222325017018367/frames/7db38f7dd0b79dca690c2543eb366358.jpg","7db38f7dd0b79dca690c2543eb366358","",1.064,0.7711612582206726,0.958260095960752,0.9960778430104256,0.8457772086736082,False,"2025-02-08T03:50:49.688622Z",0.1448969095945358,0.0283639166843012
30265,"1","Not Flooded","2025-02-10T19:17:46.070832Z",6.144696817500517e-05,0.3342981952296018,0.0085670137777924,0.4465349185715581,554,"/data/local-files/?d=/share/XXXX-19/nexar_data/2023/2023-09-29/604222352263217151/frames/55e91a76033d2942c1c266ea4778db93.jpg","55e91a76033d2942c1c266ea4778db93","",1.111,0.0011594191892072,0.1777163327618299,0.9914330086248808,0.5534694000941469,False,"2025-02-10T19:17:46.070852Z",0.9902121424674988,0.8014531230431046
29421,"1","Flooded","2025-02-09T17:47:32.903648Z",0.0001128911753767,0.4324884583659032,0.2172761410474777,0.9981105837540434,555,"/data/local-files/?d=/share/XXXX-19/nexar_data/2023/2023-09-29/604222353336958975/frames/41ae7c9c06af1a3e5f7f6bae06c96380.jpg","41ae7c9c06af1a3e5f7f6bae06c96380","",3.527,0.0001694697275524,0.0187851161505141,0.7827237981473444,0.0018904959123829,True,"2025-02-09T17:47:32.903667Z",0.7824414372444153,0.1919722482541793
28976,"1","Not Flooded","2025-02-08T03:49:43.452304Z",1.80683346115984e-05,0.1431000678030515,0.0138326352462172,0.6557321649903046,556,"/data/local-files/?d=/share/XXXX-19/nexar_data/2023/2023-09-29/604222353471176703/frames/7646e8b538367055d506106ac7249e83.jpg","7646e8b538367055d506106ac7249e83","",1.331,0.0011354518355801,0.1750139276968987,0.9861673031482496,0.3442667553432691,False,"2025-02-08T03:49:43.452330Z",0.985013782978058,0.6806400694441446
28912,"1","Not Flooded","2025-02-08T03:46:42.153557Z",2.519472036510706e-05,0.1898593410579867,0.0057914298959076,0.2825735360802926,558,"/data/local-files/?d=/share/XXXX-19/nexar_data/2023/2023-09-29/604222325017018367/frames/f8685293284bed0a5ae43ca177d257cf.jpg","f8685293284bed0a5ae43ca177d257cf","",1.713,0.0048768729902803,0.4020904501345264,0.994208577205427,0.7174275435861336,False,"2025-02-08T03:46:42.153585Z",0.9893065094947816,0.7778629514625162
29467,"1","Not Flooded","2025-02-09T17:49:57.687452Z",0.0005009326268918,0.6324459195087085,0.0055564879439771,0.2684050735684702,562,"/data/local-files/?d=/share/XXXX-19/nexar_data/2023/2023-09-29/604222323809058815/frames/4c66a2d6cb75b96f737de937fb0dd5cc.jpg","4c66a2d6cb75b96f737de937fb0dd5cc","",0.924,0.0146393962204456,0.5587608452492517,0.9944435100187546,0.7315960060979559,False,"2025-02-09T17:49:57.687472Z",0.9793031811714172,0.5853551886609113
30241,"1","Not Flooded","2025-02-10T19:16:53.190461Z",3.3913242987182457e-06,0.0149069543473848,0.2449282258749008,0.9984463600126106,565,"/data/local-files/?d=/share/XXXX-19/nexar_data/2023/2023-09-29/604222353202741247/frames/b1ed2e601ad0be95a893e5578c23b64d.jpg","b1ed2e601ad0be95a893e5578c23b64d","",1.262,0.0006362525746226,0.1042795817804131,0.7550717260751298,0.0015547196538157,True,"2025-02-10T19:16:53.190483Z",0.7544320821762085,0.1801531398859008
30161,"1","Flooded","2025-02-10T19:10:59.345197Z",8.564851304981858e-05,0.3887846410972866,0.0356499105691909,0.9273173960173264,566,"/data/local-files/?d=/share/XXXX-19/nexar_data/2023/2023-09-29/604222325419671551/frames/119bdf39489438a456aedb6901ac8c98.jpg","119bdf39489438a456aedb6901ac8c98","",15.919,0.0007171262404881,0.1170736289316052,0.9643500641250284,0.0726842234823129,False,"2025-02-10T19:11:13.099270Z",0.9635472893714904,0.4390242190772739
30356,"1","Not Flooded","2025-02-10T19:20:54.284349Z",0.000887710833922,0.6949942345812837,0.1564545780420303,0.996793390714005,568,"/data/local-files/?d=/share/XXXX-19/nexar_data/2023/2023-09-29/604222325017018367/frames/92a31502e971d6e46464c30b6358172e.jpg","92a31502e971d6e46464c30b6358172e","",1.003,0.0228943638503551,0.6117670684465327,0.8435454370919615,0.0032076889524212,True,"2025-02-10T19:20:54.284369Z",0.8197633624076843,0.2104960851295383
30096,"1","Not Flooded","2025-02-10T19:08:42.022099Z",0.0033887135796248,0.8333092207831468,0.0047047627158463,0.2093062927277988,569,"/data/local-files/?d=/share/XXXX-19/nexar_data/2023/2023-09-29/604222324748582911/frames/af9a2282ba6fa24dbc80d6e214b354b0.jpg","af9a2282ba6fa24dbc80d6e214b354b0","",1.012,0.7789527177810669,0.9598849939322748,0.9952952521853148,0.7906958666050538,False,"2025-02-10T19:08:42.022119Z",0.2129538208246231,0.0433863953392959
29509,"1","Not Flooded","2025-02-09T17:53:42.087602Z",1.592063927091658e-05,0.1270087193860584,0.1310378313064575,0.9954546043454414,570,"/data/local-files/?d=/share/XXXX-19/nexar_data/2023/2023-09-29/604222323809058815/frames/e3092415bb8e4c0936b36a26e4739417.jpg","e3092415bb8e4c0936b36a26e4739417","",1.501,0.0010162414982914,0.1601512396729906,0.8689622168021741,0.0045464753209848,True,"2025-02-09T17:53:42.087623Z",0.8679300546646118,0.2425395049945369
30223,"1","Flooded","2025-02-10T19:13:09.236513Z",1.01428413472604e-05,0.0777230266936727,0.7920606136322021,0.9998358907032084,571,"/data/local-files/?d=/share/XXXX-19/nexar_data/2023/2023-09-29/604222324748582911/frames/46cdeb6170966f07f0d92d92b6179f15.jpg","46cdeb6170966f07f0d92d92b6179f15","",3.29,0.0013078544288873,0.1947232383082922,0.2079393610292753,0.0001651889632179,True,"2025-02-10T19:13:09.236534Z",0.2066213637590408,0.041988227317288
30261,"1","Not Flooded","2025-02-10T19:17:37.004548Z",6.012276571709663e-05,0.3308432626655668,0.0142589295282959,0.6678136323001646,572,"/data/local-files/?d=/share/XXXX-19/nexar_data/2023/2023-09-29/604222353471176703/frames/7ec06612025417b4d3e29c01a685f290.jpg","7ec06612025417b4d3e29c01a685f290","",1.005,0.0015505866613239,0.2202206406308706,0.985741032360238,0.3321852880334092,False,"2025-02-10T19:17:37.004574Z",0.984130322933197,0.663611570569157
30064,"1","Not Flooded","2025-02-10T18:55:55.194962Z",0.0012390995398163,0.7301805634131279,0.1345431506633758,0.995664059632136,573,"/data/local-files/?d=/share/XXXX-19/nexar_data/2023/2023-09-29/604222321930010623/frames/8133ceddb9ccca74c743c307a148f565.jpg","8133ceddb9ccca74c743c307a148f565","",2.587,0.2019731700420379,0.8137726567999551,0.8654568279162047,0.0043370200342902,True,"2025-02-10T18:55:55.194991Z",0.6622445583343506,0.1484816651047492
29034,"1","Not Flooded","2025-02-08T03:51:58.340871Z",0.0001181633415399,0.4396282924427669,0.0045747989788651,0.1999585408092316,574,"/data/local-files/?d=/share/XXXX-19/nexar_data/2023/2023-09-29/604222337365049343/frames/ec8fd4d51153b75ac4a6d339acf1b9ba.jpg","ec8fd4d51153b75ac4a6d339acf1b9ba","",1.282,0.0074256313964724,0.4662571851800667,0.9954252167808592,0.8000425388571947,False,"2025-02-08T03:51:58.340892Z",0.9878814220428468,0.7425465228263076
30213,"1","Not Flooded","2025-02-10T19:12:51.631560Z",0.0081435712054371,0.9170470691375192,0.0052578845061361,0.2471842299603114,578,"/data/local-files/?d=/share/XXXX-19/nexar_data/2023/2023-09-29/604222352665870335/frames/38206f652f64da881a14c31c0919b7ec.jpg","38206f652f64da881a14c31c0919b7ec","",1.568,0.1023582443594932,0.7558831023566959,0.99474208522588,0.7528146903732623,False,"2025-02-10T19:12:51.631581Z",0.8842402696609497,0.2569757247800719
30102,"1","Not Flooded","2025-02-10T19:08:52.797007Z",0.0008489145548082,0.690443440594594,0.0080542778596282,0.4196706585533333,579,"/data/local-files/?d=/share/XXXX-19/nexar_data/2023/2023-09-29/604222323809058815/frames/6430fc063af5e131faccab38a61f4527.jpg","6430fc063af5e131faccab38a61f4527","",1.035,0.1695381850004196,0.7988883754475218,0.991945694258902,0.5803250227809615,False,"2025-02-10T19:08:52.797027Z",0.8215585947036743,0.2114785815774358
30217,"1","Not Flooded","2025-02-10T19:12:57.743228Z",0.0019273885991424,0.7755362703139238,0.1052318587899208,0.9930210362206492,580,"/data/local-files/?d=/share/XXXX-19/nexar_data/2023/2023-09-29/604222324211711999/frames/ec34581d5722fec7c8dd405869277694.jpg","ec34581d5722fec7c8dd405869277694","",1.017,0.0520935431122779,0.6954422961481821,0.8947681093122809,0.0069800434457769,True,"2025-02-10T19:12:57.743251Z",0.8407471776008606,0.2229068506994079
30146,"1","Not Flooded","2025-02-10T19:10:15.070869Z",0.0004486988473217,0.6198235393192919,0.1957271546125412,0.9977866838261652,581,"/data/local-files/?d=/share/XXXX-19/nexar_data/2023/2023-09-29/604222323003752447/frames/12ed2f566654833bc08c6346de816d41.jpg","12ed2f566654833bc08c6346de816d41","",1.121,0.0051350858993828,0.4101091326823664,0.8042727925057988,0.0022143958402611,True,"2025-02-10T19:10:15.070889Z",0.7986890077590942,0.1994824079152505
30284,"1","Not Flooded","2025-02-10T19:18:19.904230Z",0.0005639987066388,0.6459007225127724,0.191602274775505,0.997716505508458,582,"/data/local-files/?d=/share/XXXX-19/nexar_data/2023/2023-09-29/604222337365049343/frames/77cdfcd20fb4a01cde5af73a34a65a12.jpg","77cdfcd20fb4a01cde5af73a34a65a12","",1.094,0.0136644374579191,0.5499658825409302,0.8083977429196239,0.0022845741579681,True,"2025-02-10T19:18:19.904252Z",0.7941693067550659,0.1973587040547952
29027,"1","Flooded","2025-02-08T03:51:44.341665Z",3.1506082450505346e-05,0.2244550923546661,0.12249256670475,0.9948413538153252,583,"/data/local-files/?d=/share/XXXX-19/nexar_data/2023/2023-09-29/604222352665870335/frames/ee4c50b7582f47b0e72f00f04887b2e5.jpg","ee4c50b7582f47b0e72f00f04887b2e5","",2.173,0.0002186955825891,0.0279644401065846,0.8775074891673285,0.005159725851101,True,"2025-02-08T03:51:44.341693Z",0.8772572875022888,0.2505203992174578
28931,"1","Not Flooded","2025-02-08T03:47:39.814909Z",0.0086954273283481,0.9224032942781998,0.1110157668590545,0.9936720750756848,584,"/data/local-files/?d=/share/XXXX-19/nexar_data/2023/2023-09-29/604222321930010623/frames/bd33177a41f9d25dfd9b752b8740cc9f.jpg","bd33177a41f9d25dfd9b752b8740cc9f","",1.207,0.2313767522573471,0.8255151088519691,0.8889842517673968,0.0063290045907416,True,"2025-02-08T03:47:39.814938Z",0.6489120721817017,0.1444410135044676
30170,"1","Not Flooded","2025-02-10T19:11:27.723784Z",0.0041374904103577,0.8535918342668849,0.1018208116292953,0.9924876810060764,585,"/data/local-files/?d=/share/XXXX-19/nexar_data/2023/2023-09-29/604222325017018367/frames/60f1319b284e845606b7ed9003f754c7.jpg","60f1319b284e845606b7ed9003f754c7","",1.018,0.080546885728836,0.7350703726576637,0.8981791180558503,0.0075133986603498,True,"2025-02-10T19:11:27.723805Z",0.8134947419166565,0.2070746222247174
29532,"1","Not Flooded","2025-02-09T17:54:26.999646Z",6.389410032170417e-07,0.0003120235971894,0.5621684789657593,0.9995476197673968,586,"/data/local-files/?d=/share/XXXX-19/nexar_data/2023/2023-09-29/604222321930010623/frames/bc6d83f426b835f5507b1ce85b246ce7.jpg","bc6d83f426b835f5507b1ce85b246ce7","",1.602,1.3661160664923956e-05,7.881564911704879e-05,0.4378315458234851,0.0004534598990295,True,"2025-02-09T17:54:26.999666Z",0.437817245721817,0.0923654627666236
28926,"1","Not Flooded","2025-02-08T03:47:26.665176Z",0.0001628157042432,0.4879055766930249,0.0084823593497276,0.442132038885266,587,"/data/local-files/?d=/share/XXXX-19/nexar_data/2023/2023-09-29/604222353471176703/frames/6b2932530e88259af4c9ea0fa0de2424.jpg","6b2932530e88259af4c9ea0fa0de2424","",1.377,0.0261275060474872,0.6259614429525854,0.99151762764086,0.5578690407811603,False,"2025-02-08T03:47:26.665204Z",0.9652273058891296,0.4495358514033504
30314,"1","Not Flooded","2025-02-10T19:19:31.590380Z",3.817522156168707e-05,0.255403730463436,0.173522338271141,0.9973321442607092,589,"/data/local-files/?d=/share/XXXX-19/nexar_data/2023/2023-09-29/604222324882800639/frames/71d583bc6129d41727a4f19caeb7658f.jpg","71d583bc6129d41727a4f19caeb7658f","",1.389,0.0114450398832559,0.5270035369872125,0.8264777290933124,0.002668935405717,True,"2025-02-10T19:19:31.590400Z",0.8149945139884949,0.2078930093758232
29071,"1","Not Flooded","2025-02-08T03:53:26.326189Z",2.2599415387958288e-05,0.1738603041204389,0.008699744939804,0.4533557112194616,590,"/data/local-files/?d=/share/XXXX-19/nexar_data/2023/2023-09-29/604222321795792895/frames/1b1959f07147b9f4dcc9473c6f994e34.jpg","1b1959f07147b9f4dcc9473c6f994e34","",1.114,0.0013134650653228,0.1952161060318804,0.991300251625944,0.5466421294476859,False,"2025-02-08T03:53:26.326216Z",0.9899641871452332,0.7948488035136664
29533,"1","Not Flooded","2025-02-09T17:54:28.859830Z",1.3995933841215448e-05,0.1115338604984604,0.2941637337207794,0.9987907736025876,591,"/data/local-files/?d=/share/XXXX-19/nexar_data/2023/2023-09-29/604222353336958975/frames/96c052ba3d82c5f5bd9cd2ad46a12dac.jpg","96c052ba3d82c5f5bd9cd2ad46a12dac","",1.408,0.0001601749681867,0.0171202705212197,0.7058363022115371,0.0012103060638385,True,"2025-02-09T17:54:28.859852Z",0.7056621313095093,0.1623656355132518
29046,"1","Not Flooded","2025-02-08T03:52:23.161018Z",9.178889740724117e-05,0.3998145133079683,0.1292483955621719,0.9953444783699628,593,"/data/local-files/?d=/share/XXXX-19/nexar_data/2023/2023-09-29/604222325017018367/frames/c46030b3f2836ccd7f0a323cb6472ff4.jpg","c46030b3f2836ccd7f0a323cb6472ff4","",2.012,0.001100881374441,0.1708410169594002,0.8707516006688819,0.0046566012964634,True,"2025-02-08T03:52:23.161039Z",0.8695589303970337,0.2438593972006409
30078,"1","Not Flooded","2025-02-10T19:08:10.114553Z",8.449910092167556e-05,0.3866987255617504,0.1435216218233108,0.9961682638532,594,"/data/local-files/?d=/share/XXXX-19/nexar_data/2023/2023-09-29/604222325419671551/frames/f050a57e79930b5326d2ee5fd413728a.jpg","f050a57e79930b5326d2ee5fd413728a","",11.975,0.004266784992069,0.3809851308339775,0.8564783592883032,0.0038328158132263,True,"2025-02-10T19:08:10.114575Z",0.8521270751953125,0.230690165966323
30239,"1","Not Flooded","2025-02-10T19:16:49.648914Z",8.346378308488056e-06,0.0609439307631514,0.0056389477103948,0.2734946211018643,595,"/data/local-files/?d=/share/XXXX-19/nexar_data/2023/2023-09-29/604222322869534719/frames/f921db0f3e2de43f99b43ce92c8ae68f.jpg","f921db0f3e2de43f99b43ce92c8ae68f","",1.227,0.0005163721507415,0.0839084356497216,0.994360942608182,0.7264773075710529,False,"2025-02-10T19:16:49.648934Z",0.993836224079132,0.9046524985640436
30208,"1","Not Flooded","2025-02-10T19:12:41.784950Z",0.0053671579807996,0.8794304111801617,0.0614238753914833,0.9774716803496392,596,"/data/local-files/?d=/share/XXXX-19/nexar_data/2023/2023-09-29/604222347968249855/frames/e0bdce18bfce3f0c125eaade8c62f0a0.jpg","e0bdce18bfce3f0c125eaade8c62f0a0","",1.221,0.085278607904911,0.7399612615686257,0.9385761972516774,0.022529399316787,False,"2025-02-10T19:12:41.784970Z",0.8479304313659668,0.2277664292840084
29049,"1","Flooded","2025-02-08T03:52:30.505014Z",1.2115598110540304e-05,0.0953118724438897,0.8614469170570374,0.9999157860187516,597,"/data/local-files/?d=/share/XXXX-19/nexar_data/2023/2023-09-29/604222321795792895/frames/33019450b16dcb1c62af471122693ba9.jpg","33019450b16dcb1c62af471122693ba9","",1.356,9.38191296881996e-05,0.006611877194422,0.1385530555135119,8.529364767461445e-05,True,"2025-02-08T03:52:30.505034Z",0.1384471207857132,0.0269031280095701
29073,"1","Not Flooded","2025-02-08T03:53:30.426749Z",0.0002608917711768,0.5528178214058984,0.0341700837016105,0.9208928409478608,599,"/data/local-files/?d=/share/XXXX-19/nexar_data/2023/2023-09-29/604222325419671551/frames/d6cf9148a9c622eac4425deacdc52601.jpg","d6cf9148a9c622eac4425deacdc52601","",1.756,0.056336935609579,0.7028671621615785,0.9658299073635134,0.0791082387185655,False,"2025-02-08T03:53:30.426770Z",0.9092320799827576,0.2856354700651686
29000,"1","Not Flooded","2025-02-08T03:50:33.157644Z",0.0030661467462778,0.8233622539980048,0.0043920530006289,0.1874948715844752,600,"/data/local-files/?d=/share/XXXX-19/nexar_data/2023/2023-09-29/604222323809058815/frames/95ef2cd6e48a71e73d31058d8374613a.jpg","95ef2cd6e48a71e73d31058d8374613a","",1.216,0.5156466364860535,0.903822235082249,0.9956079367548228,0.8125029690826722,False,"2025-02-08T03:50:33.157664Z",0.4768951535224914,0.1010470605001878
29456,"1","Not Flooded","2025-02-09T17:49:32.824627Z",1.8370163161307573e-05,0.1451795053400301,0.1141310632228851,0.9939884173385792,601,"/data/local-files/?d=/share/XXXX-19/nexar_data/2023/2023-09-29/604222325553889279/frames/58126843f8b3246083353e4e25c0508a.jpg","58126843f8b3246083353e4e25c0508a","",1.636,0.0020579749252647,0.263815411590435,0.8858689838671125,0.0060126623278471,True,"2025-02-09T17:49:32.824648Z",0.8837926387786865,0.25653738021101
30115,"1","Not Flooded","2025-02-10T19:09:21.564652Z",0.0001159775783889,0.4367023964275997,0.0055014775134623,0.2634569623369164,602,"/data/local-files/?d=/share/XXXX-19/nexar_data/2023/2023-09-29/604222325017018367/frames/c0055a576b050cd4793283657390e6f5.jpg","c0055a576b050cd4793283657390e6f5","",1.08,0.0095057003200054,0.5018505482546113,0.9944985490074032,0.7365441173295099,False,"2025-02-10T19:09:21.564672Z",0.9848768711090088,0.6779554788752467
30342,"1","Not Flooded","2025-02-10T19:20:23.480777Z",0.0297295097261667,0.9880016670049622,0.0138255041092634,0.6553564410739657,603,"/data/local-files/?d=/share/XXXX-19/nexar_data/2023/2023-09-29/604222353202741247/frames/d1ad65c17f383b7775faedd489557c7a.jpg","d1ad65c17f383b7775faedd489557c7a","",1.216,0.6872960329055786,0.9407716591881772,0.9861745182424784,0.3446435589260342,False,"2025-02-10T19:20:23.480800Z",0.269148975610733,0.0554408709884994
30227,"1","Not Flooded","2025-02-10T19:13:16.247023Z",0.0001012919383356,0.4154146135010127,0.0053602014668285,0.2536795031806973,604,"/data/local-files/?d=/share/XXXX-19/nexar_data/2023/2023-09-29/604222325017018367/frames/f7f3ecad5e3dd30439b32c846f874dc2.jpg","f7f3ecad5e3dd30439b32c846f874dc2","",1.132,0.0349529050290584,0.6565138434829175,0.9946398040192436,0.7463204968193027,False,"2025-02-10T19:13:16.247046Z",0.9595856070518494,0.417037891972896
29513,"1","Not Flooded","2025-02-09T17:53:52.942715Z",2.515909955036477e-06,0.0084008844627363,0.2226284444332122,0.998187240070308,605,"/data/local-files/?d=/share/XXXX-19/nexar_data/2023/2023-09-29/604222352128999423/frames/bffd3e55998a6823b68037f63139f742.jpg","bffd3e55998a6823b68037f63139f742","",1.673,0.0003193808952346,0.0474178697749543,0.7773714978832231,0.0018138395961183,True,"2025-02-09T17:53:52.942735Z",0.7770496010780334,0.1895527157929286
30325,"1","Not Flooded","2025-02-10T19:19:54.034897Z",5.694465289707296e-05,0.3217168423643831,0.1498035341501236,0.9964878451153732,607,"/data/local-files/?d=/share/XXXX-19/nexar_data/2023/2023-09-29/604222322869534719/frames/d0b231ca2c91bdbba31f974683529cdd.jpg","d0b231ca2c91bdbba31f974683529cdd","",2.538,0.0146025996655225,0.5583721653357978,0.8501965011055289,0.0035132345510531,True,"2025-02-10T19:19:54.034917Z",0.8355369567871094,0.2196451784256736
30107,"1","Not Flooded","2025-02-10T19:09:03.371107Z",3.6054185329703614e-05,0.2460138715542446,0.1126338839530944,0.9938297063739188,608,"/data/local-files/?d=/share/XXXX-19/nexar_data/2023/2023-09-29/604222322869534719/frames/fff83c2a4b261aa7c31c4b2cb2ab254c.jpg","fff83c2a4b261aa7c31c4b2cb2ab254c","",1.213,0.001395869650878,0.2041757178702068,0.887366157501674,0.0061713732925075,True,"2025-02-10T19:09:03.371127Z",0.8859342336654663,0.2586232957465461
29016,"1","Not Flooded","2025-02-08T03:51:04.264633Z",0.0062363976612687,0.8936280246854932,0.123319387435913,0.9948931778037856,609,"/data/local-files/?d=/share/XXXX-19/nexar_data/2023/2023-09-29/604222347834032127/frames/d47d8c1322f8c1c182e26fff9c642ee0.jpg","d47d8c1322f8c1c182e26fff9c642ee0","",1.097,0.2912414669990539,0.846256580566868,0.8766806358471513,0.0051079018626405,True,"2025-02-08T03:51:04.264653Z",0.5792027711868286,0.1256224276947394
30304,"1","Not Flooded","2025-02-10T19:19:04.697447Z",1.8794981997416471e-06,0.0045767059809201,0.1346847712993621,0.9956770156292511,611,"/data/local-files/?d=/share/XXXX-19/nexar_data/2023/2023-09-29/604222352934305791/frames/8a605187254238a05c64a427690e167e.jpg","8a605187254238a05c64a427690e167e","",1.203,0.0006743959384039,0.1104261227451166,0.8653152596399423,0.004324064037175,True,"2025-02-10T19:19:04.697468Z",0.8646389842033386,0.2399952710610529
28960,"1","Not Flooded","2025-02-08T03:48:56.092019Z",0.000129767722683,0.4539128190954122,0.0084137376397848,0.4380832897867874,615,"/data/local-files/?d=/share/XXXX-19/nexar_data/2023/2023-09-29/604222325151236095/frames/7ba492dfe695bbd69f77aeebc1b7ad1e.jpg","7ba492dfe695bbd69f77aeebc1b7ad1e","",0.938,0.0189606510102748,0.5897537496814984,0.9915862726338672,0.5619177898796388,False,"2025-02-08T03:48:56.092047Z",0.9724958539009094,0.5074275651794622
29083,"1","Not Flooded","2025-02-08T03:53:51.953289Z",5.952177889412269e-05,0.3291006810535817,0.1258180886507034,0.9950821194283814,616,"/data/local-files/?d=/share/XXXX-19/nexar_data/2023/2023-09-29/604222352665870335/frames/baf95e3ebf7e06cdd8c99bc7520677e2.jpg","baf95e3ebf7e06cdd8c99bc7520677e2","",1.537,0.0007718902197666,0.1255295763820809,0.8741819726637914,0.0049189602380448,True,"2025-02-08T03:53:51.953316Z",0.8733505606651306,0.2470978566462106
28940,"1","Not Flooded","2025-02-08T03:48:00.511229Z",5.537392553378595e-06,0.0337428148199332,0.1494397819042205,0.9964694907861268,617,"/data/local-files/?d=/share/XXXX-19/nexar_data/2023/2023-09-29/604222324748582911/frames/be24fa1bb1ce253726e04acec92983d4.jpg","be24fa1bb1ce253726e04acec92983d4","",2.697,0.0039206934161484,0.3672604112233484,0.8505602611508039,0.0035315888802995,True,"2025-02-08T03:48:00.511250Z",0.846634030342102,0.2268519518209654
30132,"1","Flooded","2025-02-10T19:09:50.648645Z",3.958369688916719e-06,0.0196035033016199,0.313979297876358,0.9988965809123612,618,"/data/local-files/?d=/share/XXXX-19/nexar_data/2023/2023-09-29/604222325017018367/frames/69f3db070ef20d8693fcf74aff0ed2e3.jpg","69f3db070ef20d8693fcf74aff0ed2e3","",2.38,0.000222980059334,0.0288843159017589,0.6860207554723273,0.0011044987540649,True,"2025-02-10T19:09:50.648665Z",0.6857938170433044,0.1558325739679468
30194,"1","Flooded","2025-02-10T19:12:13.278814Z",5.749002230004408e-05,0.3232532076889524,0.1293608993291854,0.995374709029898,619,"/data/local-files/?d=/share/XXXX-19/nexar_data/2023/2023-09-29/604222325553889279/frames/97b40e337a0fe265723c20058d48ea31.jpg","97b40e337a0fe265723c20058d48ea31","",1.535,0.0002658311859704,0.0371113740698673,0.8706391709893069,0.0046263706365281,True,"2025-02-10T19:12:13.278834Z",0.8703158497810364,0.2445196132202994
30245,"1","Not Flooded","2025-02-10T19:17:01.609318Z",1.9523397440934787e-06,0.0049815808907679,0.1225045546889305,0.9948510708131616,620,"/data/local-files/?d=/share/XXXX-19/nexar_data/2023/2023-09-29/604222352934305791/frames/c525e0ad3133ba0106294bcb856bb741.jpg","c525e0ad3133ba0106294bcb856bb741","",1.157,0.0001503218227298,0.0154392298955314,0.877495451957884,0.0051500088532646,True,"2025-02-10T19:17:01.609338Z",0.8773431777954102,0.2506035335322799
29013,"1","Flooded","2025-02-08T03:50:57.421762Z",1.8398190150037408e-05,0.1453101449776077,0.5368651747703552,0.9995011941110674,621,"/data/local-files/?d=/share/XXXX-19/nexar_data/2023/2023-09-29/604222337096613887/frames/f33ed27fd619fb9a62542bb5a0e5b315.jpg","f33ed27fd619fb9a62542bb5a0e5b315","",2.584,0.003911308478564,0.3667691629993997,0.463134857272962,0.0004998855553588,True,"2025-02-08T03:50:57.421783Z",0.459205150604248,0.0971246323735818
30315,"1","Not Flooded","2025-02-10T19:19:33.351925Z",0.0002824726980179,0.563238761752169,0.0049293227493762,0.2249285260825815,622,"/data/local-files/?d=/share/XXXX-19/nexar_data/2023/2023-09-29/604222353471176703/frames/9d1dc0e7beb11a8f5e73a230fb7c850a.jpg","9d1dc0e7beb11a8f5e73a230fb7c850a","",1.25,0.0406328402459621,0.6715573756332244,0.9950706984382124,0.775073633250271,False,"2025-02-10T19:19:33.351945Z",0.9541553854942322,0.3919091957348857
30320,"1","Not Flooded","2025-02-10T19:19:43.486721Z",0.0001420179178239,0.4674901642388567,0.1291142851114273,0.9953207257085852,626,"/data/local-files/?d=/share/XXXX-19/nexar_data/2023/2023-09-29/604222324882800639/frames/d96ee596cfba1894f22c99fd2ceeb963.jpg","d96ee596cfba1894f22c99fd2ceeb963","",1.119,0.0020869381260126,0.266057878757779,0.870885650932905,0.0046803539578411,True,"2025-02-10T19:19:43.486741Z",0.8686566948890686,0.2431225248647178
30214,"1","Not Flooded","2025-02-10T19:12:53.231722Z",9.654045243223663e-07,0.0009770981157661,0.317399650812149,0.9989095369094764,629,"/data/local-files/?d=/share/XXXX-19/nexar_data/2023/2023-09-29/604222353471176703/frames/b33a482c769148568f2f50bc09b70049.jpg","b33a482c769148568f2f50bc09b70049","",1.116,8.29233686090447e-05,0.0052450194987756,0.682600344423463,0.0010915427569498,True,"2025-02-10T19:12:53.231744Z",0.6825164556503296,0.1547475092095546
30111,"1","Not Flooded","2025-02-10T19:09:14.390684Z",0.0003857114934362,0.6019971669552975,0.0266212429851293,0.8714937832807176,630,"/data/local-files/?d=/share/XXXX-19/nexar_data/2023/2023-09-29/604222323003752447/frames/abeec98025ed0c0108e0d34dea484da2.jpg","abeec98025ed0c0108e0d34dea484da2","",0.729,0.0047729257494211,0.3985545425885218,0.973378751950804,0.1285072963857086,False,"2025-02-10T19:09:14.390704Z",0.9682201147079468,0.4708846354830212
29480,"1","Not Flooded","2025-02-09T17:50:39.040882Z",0.0002895650977734,0.5665571165132821,0.0012977407313883,0.0125878308637763,632,"/data/local-files/?d=/share/XXXX-19/nexar_data/2023/2023-09-29/604222352263217151/frames/9ad0fda983c53a427b21173e3412da9c.jpg","9ad0fda983c53a427b21173e3412da9c","",1.388,0.0203000791370868,0.5979440991911139,0.9987022822315338,0.9874143284690762,False,"2025-02-09T17:50:39.040903Z",0.9781126379966736,0.5693836832172332
29517,"1","Not Flooded","2025-02-09T17:54:00.963670Z",5.08312677993672e-06,0.0297631643727354,0.1191843301057815,0.9945487642138086,633,"/data/local-files/?d=/share/XXXX-19/nexar_data/2023/2023-09-29/604222352128999423/frames/3eddaaf1fcee3fb38e1049ac04074bf9.jpg","3eddaaf1fcee3fb38e1049ac04074bf9","",1.668,0.0001508900750195,0.0155957815273393,0.8808156726418018,0.0054523154526177,True,"2025-02-09T17:54:00.963692Z",0.8806596994400024,0.2536168825279741
30133,"1","Not Flooded","2025-02-10T19:09:52.604591Z",4.317245111451484e-05,0.2757090169421256,0.0238062310963869,0.8437582324565003,637,"/data/local-files/?d=/share/XXXX-19/nexar_data/2023/2023-09-29/604222353202741247/frames/0bce3f455a2595207e30d99065417d8c.jpg","0bce3f455a2595207e30d99065417d8c","",1.479,0.0102389324456453,0.5119853769979227,0.9761936721079112,0.156242847209926,False,"2025-02-10T19:09:52.604611Z",0.9659115672111512,0.4541611423734523
30225,"1","Not Flooded","2025-02-10T19:13:12.943580Z",0.000211478487472,0.5248388058025593,0.0264298226684331,0.8701355629164813,638,"/data/local-files/?d=/share/XXXX-19/nexar_data/2023/2023-09-29/604222325151236095/frames/c539264040423e99f528757ab3d702bf.jpg","c539264040423e99f528757ab3d702bf","",1.375,0.0121004553511738,0.5342362223767345,0.9735701068275374,0.1298655167499449,False,"2025-02-10T19:13:12.943609Z",0.9612581729888916,0.4257529593656743
29080,"1","Not Flooded","2025-02-08T03:53:45.960280Z",0.0050135431811213,0.8727872236593782,0.0124086383730173,0.6095947795968958,639,"/data/local-files/?d=/share/XXXX-19/nexar_data/2023/2023-09-29/604222352263217151/frames/60166a03df88e810bc707d33f044e613.jpg","60166a03df88e810bc707d33f044e613","",1.362,0.0419778861105442,0.6747720824174163,0.987591347657144,0.3904073797359568,False,"2025-02-08T03:53:45.960306Z",0.9405999183654784,0.3462835722275246
30097,"1","Not Flooded","2025-02-10T19:08:43.501321Z",0.0017401917139068,0.7648335370303991,0.3115299046039581,0.9988793062495412,640,"/data/local-files/?d=/share/XXXX-19/nexar_data/2023/2023-09-29/604222324748582911/frames/33612b3f407773f27d57e42309f7250b.jpg","33612b3f407773f27d57e42309f7250b","",1.004,0.0272211786359548,0.63035784464032,0.6884701350936666,0.0011217734168851,True,"2025-02-10T19:08:43.501341Z",0.6595087647438049,0.1477048451110545
29488,"1","Not Flooded","2025-02-09T17:51:08.262012Z",0.0002479417016729,0.546274503029544,0.0039395373314619,0.1558131399722741,641,"/data/local-files/?d=/share/XXXX-19/nexar_data/2023/2023-09-29/604222322869534719/frames/e97d51c1ed22f22a4596085c04b45a85.jpg","e97d51c1ed22f22a4596085c04b45a85","",8.167,0.0012396305100992,0.1872411499743039,0.9960603904910384,0.8441771430298894,False,"2025-02-09T17:51:08.262055Z",0.9945728182792664,0.9255213709172414
30292,"1","Flooded","2025-02-10T19:18:42.034308Z",7.694434884797374e-07,0.0005311958817203,0.9697439670562744,0.9999989203335736,642,"/data/local-files/?d=/share/XXXX-19/nexar_data/2023/2023-09-29/604222337096613887/frames/c8d2d6d222cf1601df620e44a1a3abfa.jpg","c8d2d6d222cf1601df620e44a1a3abfa","",2.431,4.201019328320399e-05,0.0013290693707272,0.0302560760501932,2.159332852521885e-06,True,"2025-02-10T19:18:42.034329Z",0.0302132964134216,0.0036881405121073
28927,"1","Not Flooded","2025-02-08T03:47:28.489131Z",0.0081978403031826,0.917617133010585,0.0222840383648872,0.8259653297517199,643,"/data/local-files/?d=/share/XXXX-19/nexar_data/2023/2023-09-29/604222347968249855/frames/b7108aa5319d015a70f17b9175a28fb7.jpg","b7108aa5319d015a70f17b9175a28fb7","",1.328,0.2081472128629684,0.8163195898995046,0.977715950459242,0.1740335905818538,False,"2025-02-08T03:47:28.489157Z",0.7613708972930908,0.1830196542476236
30357,"1","Not Flooded","2025-02-10T19:20:55.785294Z",5.92914511798881e-06,0.0375011336497475,0.0897586867213249,0.9902603291687,644,"/data/local-files/?d=/share/XXXX-19/nexar_data/2023/2023-09-29/604222321795792895/frames/ae2f6ddfe0f03aac13dfe629836390aa.jpg","ae2f6ddfe0f03aac13dfe629836390aa","",0.979,0.0037047832738608,0.3584362975215177,0.9102413310865812,0.0097407504977262,False,"2025-02-10T19:20:55.785314Z",0.9065306186676024,0.2819996933747349
29497,"1","Not Flooded","2025-02-09T17:51:49.467301Z",1.3624841812998056e-05,0.1083553225395481,0.1820241808891296,0.9975275638838624,645,"/data/local-files/?d=/share/XXXX-19/nexar_data/2023/2023-09-29/604222321795792895/frames/04e956c7849898675482fe9b80e99449.jpg","04e956c7849898675482fe9b80e99449","",1.779,0.0021864178124815,0.2733985307899271,0.8179757947218604,0.0024735157825638,True,"2025-02-09T17:51:49.467320Z",0.8157757520675659,0.2083313539448852
30328,"1","Not Flooded","2025-02-10T19:19:59.355611Z",0.0002824438852258,0.5632198675897094,0.1374451220035553,0.9958443639253216,646,"/data/local-files/?d=/share/XXXX-19/nexar_data/2023/2023-09-29/604222324345929727/frames/ebf1e3bc9534be88023b07d9e30756de.jpg","ebf1e3bc9534be88023b07d9e30756de","",1.315,0.0070602092891931,0.4584695512474466,0.8625549243879505,0.0041567157411046,True,"2025-02-10T19:19:59.355632Z",0.8552122712135315,0.2328073918282207
29054,"1","Not Flooded","2025-02-08T03:52:42.911100Z",2.7056681574322283e-05,0.2009464355892603,0.1629272401332855,0.9970147223313884,647,"/data/local-files/?d=/share/XXXX-19/nexar_data/2023/2023-09-29/604222324748582911/frames/8b77dee24e1a7f65f12ccc405bd6f187.jpg","8b77dee24e1a7f65f12ccc405bd6f187","",1.537,0.0096328472718596,0.5036136435286954,0.8370728072623024,0.0029863573350377,True,"2025-02-08T03:52:42.911120Z",0.8274129033088684,0.2148158305010084
29530,"1","Not Flooded","2025-02-09T17:54:23.451851Z",0.0025990337599068,0.8061534508298316,0.4509650468826294,0.9993532798106696,648,"/data/local-files/?d=/share/XXXX-19/nexar_data/2023/2023-09-29/604222353471176703/frames/5a98e6a9c2b0526a126e2efe54113176.jpg","5a98e6a9c2b0526a126e2efe54113176","",1.261,0.0192044079303741,0.5913192659995767,0.5490349561441689,0.0006477998557565,True,"2025-02-09T17:54:23.451870Z",0.5272315144538879,0.112678306910297
30258,"1","Not Flooded","2025-02-10T19:17:32.598745Z",2.884511195588857e-05,0.210655875760625,0.0127806877717375,0.6219537211783047,649,"/data/local-files/?d=/share/XXXX-19/nexar_data/2023/2023-09-29/604222352665870335/frames/56e8bd3deb5b24433e30ed0c17c894d8.jpg","56e8bd3deb5b24433e30ed0c17c894d8","",1.067,0.0031320424750447,0.3312675715710874,0.9872193273185986,0.3780473584881215,False,"2025-02-10T19:17:32.598767Z",0.984058439731598,0.6622641468691833
29447,"1","Not Flooded","2025-02-09T17:49:10.179153Z",3.591965651139617e-05,0.2455776863180351,0.0087892496958374,0.4572106601944263,650,"/data/local-files/?d=/share/XXXX-19/nexar_data/2023/2023-09-29/604222352934305791/frames/59b70dc3412bc40d79cedd1d68243408.jpg","59b70dc3412bc40d79cedd1d68243408","",1.502,0.0065316157415509,0.4468231895073698,0.9912107562995516,0.5427925788048524,False,"2025-02-09T17:49:10.179173Z",0.9846432209014891,0.6732956385795045
29023,"1","Not Flooded","2025-02-08T03:51:36.272213Z",0.0001714876416372,0.4953811870284557,0.1608554124832153,0.9969682966750592,653,"/data/local-files/?d=/share/XXXX-19/nexar_data/2023/2023-09-29/604222325419671551/frames/ee04aec39a6fff2fad97b153182eb451.jpg","ee04aec39a6fff2fad97b153182eb451","",1.148,0.0092177502810955,0.4974422702361878,0.8391446633759188,0.0030327829913669,True,"2025-02-08T03:51:36.272234Z",0.829755425453186,0.216163254200982
30252,"1","Not Flooded","2025-02-10T19:17:19.590855Z",0.0024227951653301,0.7989520757666712,0.1522534936666488,0.9966141660872456,656,"/data/local-files/?d=/share/XXXX-19/nexar_data/2023/2023-09-29/604222324748582911/frames/24c1c31b583f4b067c643a3e0d29b1b2.jpg","24c1c31b583f4b067c643a3e0d29b1b2","",2.309,0.0092875231057405,0.4984334040154953,0.8477464639581739,0.0033869135791805,True,"2025-02-10T19:17:19.590876Z",0.8360361456871033,0.2199561223564367
29534,"1","Not Flooded","2025-02-09T17:54:30.638631Z",0.0002043837594101,0.5200925921927161,0.1297188252210617,0.995399541357702,657,"/data/local-files/?d=/share/XXXX-19/nexar_data/2023/2023-09-29/604222325017018367/frames/84b44897e5627320debd7b4357f17a7d.jpg","84b44897e5627320debd7b4357f17a7d","",1.321,0.0877721458673477,0.7424466536818785,0.8702811742114136,0.0046015383087241,True,"2025-02-09T17:54:30.638652Z",0.7823046445846558,0.191912866600735
30066,"1","Not Flooded","2025-02-10T19:07:32.406204Z",3.904746336047538e-06,0.0191090160783924,0.1440358906984329,0.9962114505102504,659,"/data/local-files/?d=/share/XXXX-19/nexar_data/2023/2023-09-29/604222337365049343/frames/d995269a17a9e3058f86237db1189382.jpg","d995269a17a9e3058f86237db1189382","",1.331,0.0007798236329108,0.1269806480589757,0.8559641707124683,0.0037896291561759,True,"2025-02-10T19:07:32.406226Z",0.8551804423332214,0.2327890374989743
30134,"1","Not Flooded","2025-02-10T19:09:54.215008Z",1.2929391232319176e-05,0.1022238969048122,0.0057287528179585,0.2798657326832302,660,"/data/local-files/?d=/share/XXXX-19/nexar_data/2023/2023-09-29/604222321795792895/frames/c47625b9714624c528e5da858cffbc5a.jpg","c47625b9714624c528e5da858cffbc5a","",1.138,0.0002478015376254,0.0335538731953375,0.9942712389893128,0.7201331876503435,False,"2025-02-10T19:09:54.215030Z",0.9940105080604552,0.9096033089616632
30079,"1","Not Flooded","2025-02-10T19:08:13.448683Z",2.823559589160141e-05,0.2073251048356099,0.0057277809828519,0.2796022940752225,662,"/data/local-files/?d=/share/XXXX-19/nexar_data/2023/2023-09-29/604222352263217151/frames/55860a3e38ffe06826e917427b2cf1de.jpg","55860a3e38ffe06826e917427b2cf1de","",2.852,0.0004021533241029,0.0630805906207218,0.99427227544038,0.7204074229226138,False,"2025-02-10T19:08:13.448707Z",0.9938418865203856,0.9048171476940484
30324,"1","Not Flooded","2025-02-10T19:19:50.975999Z",2.841987770807464e-05,0.2082773706235721,0.1140011399984359,0.9939733020086114,664,"/data/local-files/?d=/share/XXXX-19/nexar_data/2023/2023-09-29/604222324345929727/frames/013d7c1d54529b05821cacdedcffe987.jpg","013d7c1d54529b05821cacdedcffe987","",1.252,0.0031838256400078,0.3339527019731984,0.8859988174972386,0.0060277776578148,True,"2025-02-10T19:19:50.976020Z",0.8827865719795227,0.2555646007609489
30322,"1","Not Flooded","2025-02-10T19:19:47.372156Z",1.6836856957525015e-05,0.1338980708520295,0.1595033705234527,0.9968894810259422,665,"/data/local-files/?d=/share/XXXX-19/nexar_data/2023/2023-09-29/604222337365049343/frames/a2a9acf24b979ac4d19aa74bd8ba7246.jpg","a2a9acf24b979ac4d19aa74bd8ba7246","",1.52,0.0047419103793799,0.3978128117536806,0.8404966312809846,0.003111598640484,True,"2025-02-10T19:19:47.372177Z",0.8357378840446472,0.2197671807318411
29466,"1","Not Flooded","2025-02-09T17:49:56.307794Z",0.0003781036939471,0.5995592801648003,0.1048376783728599,0.9929400612386796,666,"/data/local-files/?d=/share/XXXX-19/nexar_data/2023/2023-09-29/604222325419671551/frames/e82861250089f715fb1d222f1bdde7e5.jpg","e82861250089f715fb1d222f1bdde7e5","",1.065,0.0031658236403018,0.3333103004495731,0.8951622983440756,0.0070610184277465,True,"2025-02-09T17:49:56.307815Z",0.8916183710098267,0.2643649618014018
30136,"1","Flooded","2025-02-10T19:09:57.927606Z",9.952892696674098e-07,0.0010515950991781,0.468728095293045,0.9993802714713262,667,"/data/local-files/?d=/share/XXXX-19/nexar_data/2023/2023-09-29/604222325017018367/frames/a3863d2d97d1edecb7de972fbf3d91e0.jpg","a3863d2d97d1edecb7de972fbf3d91e0","",1.462,0.0001324100157944,0.0125100948810855,0.5312719446193341,0.0006208081951,True,"2025-02-10T19:09:57.927629Z",0.53113853931427,0.1136014217047501
30346,"1","Not Flooded","2025-02-10T19:20:34.171875Z",2.537457476137206e-05,0.1911981274265503,0.0032211628276854,0.107316143604272,669,"/data/local-files/?d=/share/XXXX-19/nexar_data/2023/2023-09-29/604222325419671551/frames/a1878e01b0104596ccb41207dcb1b46f.jpg","a1878e01b0104596ccb41207dcb1b46f","",1.154,0.0003847130574285,0.0598977339961045,0.9967788534631836,0.8926865555617937,False,"2025-02-10T19:20:34.171895Z",0.9963687658309937,0.970929981472924
28884,"1","Not Flooded","2025-02-08T03:45:35.308124Z",0.0001110845551011,0.4299857915898304,0.0030023984145373,0.0927843733400128,672,"/data/local-files/?d=/share/XXXX-19/nexar_data/2023/2023-09-29/604222323809058815/frames/dc64820c141e593c0341923ab9c80263.jpg","dc64820c141e593c0341923ab9c80263","",1403.99,0.0082898875698447,0.4824349069111607,0.9969975903004524,0.9072156266599872,False,"2025-02-08T03:45:35.308145Z",0.9885966181755066,0.7599377896205188
29492,"1","Not Flooded","2025-02-09T17:51:30.598136Z",0.0078762881457805,0.9142086261028792,0.0279238671064376,0.8823530681960502,673,"/data/local-files/?d=/share/XXXX-19/nexar_data/2023/2023-09-29/604222325553889279/frames/0fa2ee9c6462f9afd1f8a56d5836f3c7.jpg","0fa2ee9c6462f9afd1f8a56d5836f3c7","",7.822,0.0538246594369411,0.6985495761229611,0.9720760658383368,0.1176480114703761,False,"2025-02-09T17:51:30.598157Z",0.9103751182556152,0.2873154310244307
30296,"1","Not Flooded","2025-02-10T19:18:48.872978Z",0.0081179747357964,0.9167782321973804,0.0369551740586757,0.9323265084019642,674,"/data/local-files/?d=/share/XXXX-19/nexar_data/2023/2023-09-29/604222337365049343/frames/b842a327f4a64c0a5d378fdd6491b37e.jpg","b842a327f4a64c0a5d378fdd6491b37e","",1.099,0.2126623690128326,0.8181647398219846,0.9630449125543236,0.0676745712644621,False,"2025-02-10T19:18:48.872998Z",0.7422645688056946,0.1755386455800615
30372,"1","Not Flooded","2025-02-10T19:21:24.428756Z",6.386353106790921e-06,0.041764736367052,0.6923960447311401,0.9997160477298934,675,"/data/local-files/?d=/share/XXXX-19/nexar_data/2023/2023-09-29/604222323809058815/frames/55e7dc29db81e814d2164c1abb4364c6.jpg","55e7dc29db81e814d2164c1abb4364c6","",1.369,0.0003486830682959,0.0528475122326206,0.3076039598213355,0.0002850319365328,True,"2025-02-10T19:21:24.428776Z",0.3072488903999328,0.0637910111292015
29004,"1","Not Flooded","2025-02-08T03:50:40.316311Z",0.0018367223674431,0.7704208107862994,0.1436468213796615,0.9961779808510364,676,"/data/local-files/?d=/share/XXXX-19/nexar_data/2023/2023-09-29/604222324748582911/frames/a54e65388d67b5c3271d0514e547680a.jpg","a54e65388d67b5c3271d0514e547680a","",1.023,0.1018608510494232,0.7554998207753733,0.8563531391555443,0.0038230988153899,True,"2025-02-08T03:50:40.316331Z",0.752655565738678,0.1794319227131585
28897,"1","Not Flooded","2025-02-08T03:46:02.948335Z",0.0026013026945292,0.8062517004746214,0.0246804729104042,0.8529505124096859,677,"/data/local-files/?d=/share/XXXX-19/nexar_data/2023/2023-09-29/604222353471176703/frames/80e2631f4ec17a1152bfb389a2e4e25a.jpg","80e2631f4ec17a1152bfb389a2e4e25a","",1.924,0.6266494989395142,0.9277022970982886,0.9753195117227732,0.1470505672567403,False,"2025-02-08T03:46:02.948362Z",0.3460687100887298,0.0723959525465012
30085,"1","Flooded","2025-02-10T19:08:24.726631Z",1.1418806025176307e-05,0.0893348391081091,0.4146796464920044,0.9992582691651588,681,"/data/local-files/?d=/share/XXXX-19/nexar_data/2023/2023-09-29/604222325017018367/frames/46bae497ae2c5b15d811657562894b72.jpg","46bae497ae2c5b15d811657562894b72","",1.644,0.0005168546340428,0.0840444736194305,0.5853202913767745,0.0007428105012675,True,"2025-02-10T19:08:24.726652Z",0.5847920179367065,0.1270389500459937
30105,"1","Not Flooded","2025-02-10T19:08:59.138471Z",2.3117063392419368e-05,0.1773535648426062,0.0016720755957067,0.0240981546341442,683,"/data/local-files/?d=/share/XXXX-19/nexar_data/2023/2023-09-29/604222352263217151/frames/f5f263ed978bf6ce1e24e3f813d27a41.jpg","f5f263ed978bf6ce1e24e3f813d27a41","",2.036,0.0013647084124386,0.2012757338492699,0.9983279614316416,0.9759094030308396,False,"2025-02-10T19:08:59.138491Z",0.9969401359558104,0.9819938631760332
28929,"1","Not Flooded","2025-02-08T03:47:35.592079Z",0.0001105486589949,0.429255937085678,0.0159020870923995,0.711590866885767,686,"/data/local-files/?d=/share/XXXX-19/nexar_data/2023/2023-09-29/604222325017018367/frames/994a245e7ca661d075f104a9f458e421.jpg","994a245e7ca661d075f104a9f458e421","",4.184,0.0154128326103091,0.5652323658082599,0.9840979051950852,0.2884112924470855,False,"2025-02-08T03:47:35.592109Z",0.9685745239257812,0.4736161915414613
29455,"1","Not Flooded","2025-02-09T17:49:30.734407Z",0.0001052471925504,0.4216205361191606,0.1873411983251571,0.9976603628542924,687,"/data/local-files/?d=/share/XXXX-19/nexar_data/2023/2023-09-29/604222325285453823/frames/346a63791d734c975a6daa14f180ec48.jpg","346a63791d734c975a6daa14f180ec48","",0.904,0.0238177590072155,0.6159712895103928,0.8126588727463968,0.0023407168121337,True,"2025-02-09T17:49:30.734427Z",0.7887358665466309,0.1947934166259992
29527,"1","Not Flooded","2025-02-09T17:54:18.967063Z",0.018132159486413,0.9703188902756604,0.0049570566043257,0.2262246656273077,688,"/data/local-files/?d=/share/XXXX-19/nexar_data/2023/2023-09-29/604222323809058815/frames/d021e20ebacae5696900863814f94d7a.jpg","d021e20ebacae5696900863814f94d7a","",1.128,0.7020025849342346,0.943874080664038,0.9950428996235132,0.7737753343726922,False,"2025-02-09T17:54:18.967085Z",0.2749081552028656,0.0567407893657175
30069,"1","Not Flooded","2025-02-10T19:07:36.885001Z",0.0002224574855063,0.5317130419385626,0.0335355401039123,0.9176095753456012,691,"/data/local-files/?d=/share/XXXX-19/nexar_data/2023/2023-09-29/604222353471176703/frames/4f07fa48fd796c0d2903ba7b5eef9634.jpg","4f07fa48fd796c0d2903ba7b5eef9634","",1.054,0.001384177012369,0.2032202130829659,0.9664644511940425,0.0823904246543987,False,"2025-02-10T19:07:36.885022Z",0.964857816696167,0.4471163189420996
29413,"1","Not Flooded","2025-02-09T17:47:02.989298Z",3.702752110257279e-06,0.0173394428057507,0.0062891193665564,0.3165700725103972,692,"/data/local-files/?d=/share/XXXX-19/nexar_data/2023/2023-09-29/604222325151236095/frames/1317c97d8128884ba0fcd22530067596.jpg","1317c97d8128884ba0fcd22530067596","",6.233,0.000120717282698,0.0106325549658177,0.9937109006523316,0.6834299274896029,False,"2025-02-09T17:47:02.989319Z",0.9935864806175232,0.8973933613470783
29415,"1","Not Flooded","2025-02-09T17:47:12.915917Z",0.0002671323600225,0.5558873130557583,0.0155255794525146,0.7016341831027886,693,"/data/local-files/?d=/share/XXXX-19/nexar_data/2023/2023-09-29/604222325151236095/frames/ee02ce552995261f2e5039bcc99ed45c.jpg","ee02ce552995261f2e5039bcc99ed45c","",6.06,0.0236736834049224,0.6154206596329997,0.9844744346919468,0.2983679762300639,False,"2025-02-09T17:47:12.915939Z",0.960533618927002,0.4218753373957582
29528,"1","Not Flooded","2025-02-09T17:54:20.445353Z",8.92581301741302e-05,0.3952831533169512,0.0059709269553422,0.2944477074363105,694,"/data/local-files/?d=/share/XXXX-19/nexar_data/2023/2023-09-29/604222353202741247/frames/1ff9c75af92030b320a272cc3c8f3371.jpg","1ff9c75af92030b320a272cc3c8f3371","",1.014,0.0053523043170571,0.4164662086001909,0.9940290611120872,0.7055522925636896,False,"2025-02-09T17:54:20.445374Z",0.988587498664856,0.7597331928327424
30116,"1","Not Flooded","2025-02-10T19:09:23.093582Z",0.0463864021003246,0.9956521833014472,0.0057159266434609,0.2776221858494599,696,"/data/local-files/?d=/share/XXXX-19/nexar_data/2023/2023-09-29/604222325017018367/frames/63405f82ea4ebef226fb2aef15b74666.jpg","63405f82ea4ebef226fb2aef15b74666","",1.059,0.3648573160171509,0.8675378854948975,0.994284015148878,0.722373495484835,False,"2025-02-10T19:09:23.093603Z",0.5830402970314026,0.1265995258105056
30341,"1","Not Flooded","2025-02-10T19:20:21.750200Z",6.70275476295501e-05,0.3488758513169771,0.005002052988857,0.2298696194823647,697,"/data/local-files/?d=/share/XXXX-19/nexar_data/2023/2023-09-29/604222324345929727/frames/80e897ec7a9566125454803d37e99d97.jpg","80e897ec7a9566125454803d37e99d97","",1.016,0.0114498138427734,0.5270974679662971,0.9949979505327066,0.770129300851209,False,"2025-02-10T19:20:21.750220Z",0.9834811091423036,0.6514647834405082
29424,"1","Flooded","2025-02-09T17:47:41.059433Z",1.4389805073733442e-05,0.114610909813304,0.3072048127651214,0.998857712921016,699,"/data/local-files/?d=/share/XXXX-19/nexar_data/2023/2023-09-29/604222324882800639/frames/cd4d1c1a53b61b5a7279d3d7b7c53a7b.jpg","cd4d1c1a53b61b5a7279d3d7b7c53a7b","",1.473,0.0004840290639549,0.0780447672886984,0.692795162261973,0.0011433667454103,True,"2025-02-09T17:47:41.059454Z",0.6922967433929443,0.1578742231800063
30112,"1","Not Flooded","2025-02-10T19:09:16.282967Z",0.0001176131190732,0.438975094254879,0.1004485040903091,0.992299819047907,700,"/data/local-files/?d=/share/XXXX-19/nexar_data/2023/2023-09-29/604222337365049343/frames/495a87510a40b8c689f650559284b72e.jpg","495a87510a40b8c689f650559284b72e","",1.418,0.0041460054926574,0.3762788648819061,0.8995514303678647,0.0077012606185193,True,"2025-02-10T19:09:16.282998Z",0.895287811756134,0.2684126312334541
28945,"1","Not Flooded","2025-02-08T03:48:11.645145Z",0.0001536446798127,0.4791915889666728,0.0101187229156494,0.5196116007998169,701,"/data/local-files/?d=/share/XXXX-19/nexar_data/2023/2023-09-29/604222353202741247/frames/29c9df989c832bfd876505cb9e41e171.jpg","29c9df989c832bfd876505cb9e41e171","",1.414,0.0048550157807767,0.4012180796621076,0.989881359244464,0.4803932576991013,False,"2025-02-08T03:48:11.645173Z",0.9848726987838744,0.6778820615582609
30233,"1","Flooded","2025-02-10T19:16:38.264555Z",1.5880534192547202e-05,0.1267085721195579,0.1601464748382568,0.9969305083501402,702,"/data/local-files/?d=/share/XXXX-19/nexar_data/2023/2023-09-29/604222352665870335/frames/0a7d8e92c2b269f8570d652227b4c168.jpg","0a7d8e92c2b269f8570d652227b4c168","",1.4,0.0007301274454221,0.1193387690939007,0.839853521407349,0.0030705713162861,True,"2025-02-10T19:16:38.264575Z",0.8391075134277344,0.2218304232724257
29463,"1","Not Flooded","2025-02-09T17:49:51.678062Z",3.73146976926364e-05,0.2515379848242087,0.0276882201433181,0.8807691975487253,703,"/data/local-files/?d=/share/XXXX-19/nexar_data/2023/2023-09-29/604222353202741247/frames/05f2a6a1fef37f9c141c4ee3157dffd3.jpg","05f2a6a1fef37f9c141c4ee3157dffd3","",1.126,0.0113632213324308,0.5259897302129534,0.9723117503817776,0.1192318821177009,False,"2025-02-09T17:49:51.678082Z",0.960911214351654,0.4238878356143086
29010,"1","Not Flooded","2025-02-08T03:50:51.301974Z",0.0031671058386564,0.8265899167793118,0.0119525333866477,0.5932858783950111,704,"/data/local-files/?d=/share/XXXX-19/nexar_data/2023/2023-09-29/604222324748582911/frames/2812a577b0b3a2476144ffbb9593ea3e.jpg","2812a577b0b3a2476144ffbb9593ea3e","",1.139,0.6130479574203491,0.9247850384145314,0.9880474638193846,0.4067152012714152,False,"2025-02-08T03:50:51.301995Z",0.371832400560379,0.0779206056496784
30383,"1","Not Flooded","2025-02-10T19:21:46.076683Z",4.123976850678446e-06,0.0210146273207429,0.0076930145733058,0.4001708032286344,706,"/data/local-files/?d=/share/XXXX-19/nexar_data/2023/2023-09-29/604222352263217151/frames/728082e4a0d311113fd5f339fd8a3208.jpg","728082e4a0d311113fd5f339fd8a3208","",1.699,0.0003380074631422,0.0508501293440378,0.9923070676964016,0.5998389137692018,False,"2025-02-10T19:21:46.076704Z",0.9919649362564088,0.8501347423699974
30291,"1","Not Flooded","2025-02-10T19:18:39.089122Z",0.0001521810190752,0.4778085362746326,0.00607884908095,0.3014396272127763,707,"/data/local-files/?d=/share/XXXX-19/nexar_data/2023/2023-09-29/604222353471176703/frames/d7a5d980e3f9320564b783bdf7f7f702.jpg","d7a5d980e3f9320564b783bdf7f7f702","",1.153,0.0029166638851165,0.3197982751249174,0.993921141256578,0.6985625321200761,False,"2025-02-10T19:18:39.089142Z",0.9908522963523864,0.8189097096561047
28938,"1","Not Flooded","2025-02-08T03:47:55.336922Z",0.0002319297200301,0.5373294666879721,0.011711299419403,0.585449119639996,710,"/data/local-files/?d=/share/XXXX-19/nexar_data/2023/2023-09-29/604222323003752447/frames/bfadc3c434b0002ac8f926960e3db601.jpg","bfadc3c434b0002ac8f926960e3db601","",1.452,0.0130648994818329,0.5441988443250574,0.9882887468120312,0.4145530396928565,False,"2025-02-08T03:47:55.336950Z",0.9749919176101683,0.532732247044953
28904,"1","Not Flooded","2025-02-08T03:46:27.295439Z",0.0007432597922161,0.6761983217665071,0.1655942350625991,0.9970989363126368,711,"/data/local-files/?d=/share/XXXX-19/nexar_data/2023/2023-09-29/604222325285453823/frames/4bc9208ef99c58bea6c7243a80a98277.jpg","4bc9208ef99c58bea6c7243a80a98277","",1.264,0.0185791570693254,0.5874659365242515,0.8344057417707518,0.0029021433537894,True,"2025-02-08T03:46:27.295467Z",0.8150833249092102,0.2079426740314312
30157,"1","Flooded","2025-02-10T19:10:50.318801Z",6.621381203331111e-07,0.0003465729228297,0.7717908620834351,0.9998078193761256,712,"/data/local-files/?d=/share/XXXX-19/nexar_data/2023/2023-09-29/604222337096613887/frames/38cd44a291a27a4fb286c4aa58531aa5.jpg","38cd44a291a27a4fb286c4aa58531aa5","",1.571,6.753992784069851e-05,0.0035704568716449,0.2282091373677417,0.0001932602903007,True,"2025-02-10T19:10:50.318822Z",0.2281409353017807,0.0466480676130302
30253,"1","Not Flooded","2025-02-10T19:17:24.405601Z",9.691075683804228e-05,0.4084907127094013,0.3651872277259826,0.999110354864761,713,"/data/local-files/?d=/share/XXXX-19/nexar_data/2023/2023-09-29/604222321527357439/frames/8a0ccaf94ab28102eea988154822ad0d.jpg","8a0ccaf94ab28102eea988154822ad0d","",4.286,0.0135114192962646,0.5484586682098699,0.6348127658784506,0.0008907248016652,True,"2025-02-10T19:17:24.405624Z",0.6212044358253479,0.1367008848946029
28970,"1","Not Flooded","2025-02-08T03:49:28.756985Z",0.0153540028259158,0.9616329738763912,0.0064005004242062,0.3232132600311808,714,"/data/local-files/?d=/share/XXXX-19/nexar_data/2023/2023-09-29/604222337365049343/frames/36d9733f41516b8b0c830310597d0a33.jpg","36d9733f41516b8b0c830310597d0a33","",2.022,0.5944437980651855,0.9209111952771072,0.9935995591804384,0.6767888993016717,False,"2025-02-08T03:49:28.757011Z",0.3838017582893371,0.0804524234192603
30264,"1","Not Flooded","2025-02-10T19:17:42.018745Z",5.173737372388132e-05,0.3055747496253557,0.0061698537319898,0.3072773835795692,715,"/data/local-files/?d=/share/XXXX-19/nexar_data/2023/2023-09-29/604222325017018367/frames/b15356c6ac3eb79bda3ad3bc44a998b9.jpg","b15356c6ac3eb79bda3ad3bc44a998b9","",1.325,0.0036841880064457,0.3573274801017477,0.9938301698603028,0.6927226164204308,False,"2025-02-10T19:17:42.018767Z",0.9900942444801332,0.798269186752061
28920,"1","Not Flooded","2025-02-08T03:47:11.855350Z",5.542799044633284e-05,0.3173042456802546,0.0166174676269292,0.7274900346788856,716,"/data/local-files/?d=/share/XXXX-19/nexar_data/2023/2023-09-29/604222324345929727/frames/69a72f3b4e512b68350ab85d07f27d72.jpg","69a72f3b4e512b68350ab85d07f27d72","",2.101,0.0023203182499855,0.2831965036082452,0.9833825473688194,0.2725142839868194,False,"2025-02-08T03:47:11.855377Z",0.9810068011283876,0.6101529671392727
30302,"1","Not Flooded","2025-02-10T19:19:00.104112Z",0.00014717662998,0.4728226367181595,0.0116916885599493,0.5850679973915259,717,"/data/local-files/?d=/share/XXXX-19/nexar_data/2023/2023-09-29/604222324748582911/frames/7d09cc1c854a17671f1520ec8f935daa.jpg","7d09cc1c854a17671f1520ec8f935daa","",1.332,0.0593752898275852,0.7075345601223046,0.988308326996048,0.4149341619413266,False,"2025-02-10T19:19:00.104135Z",0.9287858605384828,0.318447612425665
28969,"1","Not Flooded","2025-02-08T03:49:26.216204Z",1.2692466043517925e-05,0.1001379813692761,0.0073347860015928,0.3789747919482796,718,"/data/local-files/?d=/share/XXXX-19/nexar_data/2023/2023-09-29/604222324211711999/frames/e6513c0c528a87256d111cf2714c1850.jpg","e6513c0c528a87256d111cf2714c1850","",9.323,0.0014901522081345,0.2140298333426904,0.9926651447840412,0.6210187300531628,False,"2025-02-08T03:49:26.216232Z",0.9911623001098632,0.8273554002755309
28906,"1","Not Flooded","2025-02-08T03:46:30.541096Z",0.0078303785994648,0.9137162982125042,0.0015908378409221,0.0212230029410113,719,"/data/local-files/?d=/share/XXXX-19/nexar_data/2023/2023-09-29/604222325151236095/frames/e612cdc8cddc1e89ce4eed0a398ed5f7.jpg","e612cdc8cddc1e89ce4eed0a398ed5f7","",1.113,0.9050686359405518,0.9863163077135688,0.998409223742783,0.978778076725415,False,"2025-02-08T03:46:30.541124Z",0.0855102092027664,0.0150872586405704
30293,"1","Not Flooded","2025-02-10T19:18:43.829423Z",4.792036634171382e-06,0.0270424049785578,0.1159257888793945,0.9942216252866516,720,"/data/local-files/?d=/share/XXXX-19/nexar_data/2023/2023-09-29/604222337365049343/frames/1cf2aa92990efc5f50336038100c99c5.jpg","1cf2aa92990efc5f50336038100c99c5","",1.281,0.0002964728046208,0.0429826000958743,0.8840742340871656,0.0057794543797748,True,"2025-02-10T19:18:43.829446Z",0.8837729692459106,0.2565157868824848
30333,"1","Not Flooded","2025-02-10T19:20:08.140379Z",0.0035916799679398,0.8392646607904022,0.0044699180871248,0.1939469581478106,722,"/data/local-files/?d=/share/XXXX-19/nexar_data/2023/2023-09-29/604222323809058815/frames/0fe5b68267a48919038800fec7436198.jpg","0fe5b68267a48919038800fec7436198","",1.017,0.3388288021087646,0.8605178943913488,0.9955300921574236,0.8060541215186157,False,"2025-02-10T19:20:08.140401Z",0.653109610080719,0.1456891078932253
30329,"1","Not Flooded","2025-02-10T19:20:01.013124Z",0.000178361282451,0.5010148864406853,0.0108637437224388,0.5518196697948202,723,"/data/local-files/?d=/share/XXXX-19/nexar_data/2023/2023-09-29/604222336559742975/frames/5b9eab2adebf26e7f11ad0f288b3b969.jpg","5b9eab2adebf26e7f11ad0f288b3b969","",1.139,0.0110348220914602,0.522107249744119,0.9891362189955544,0.4481792505387535,False,"2025-02-10T19:20:01.013145Z",0.9779230356216432,0.5669452565935229
28943,"1","Not Flooded","2025-02-08T03:48:08.067908Z",0.0079864840954542,0.9153595505132734,0.0369291268289089,0.9322703657477984,724,"/data/local-files/?d=/share/XXXX-19/nexar_data/2023/2023-09-29/604222347834032127/frames/d4908e25e9796555eaf94e771af2cdb6.jpg","d4908e25e9796555eaf94e771af2cdb6","",1.197,0.1655048578977584,0.7968256727401501,0.9630708526819944,0.0677307139186277,False,"2025-02-08T03:48:08.067942Z",0.7895795106887817,0.1951497065466653
29432,"1","Not Flooded","2025-02-09T17:48:01.617835Z",1.751675699779298e-05,0.1389919370511287,0.3004864752292633,0.9988296415939332,725,"/data/local-files/?d=/share/XXXX-19/nexar_data/2023/2023-09-29/604222325419671551/frames/8740c4adc877a1a9fad4e7614f2cc785.jpg","8740c4adc877a1a9fad4e7614f2cc785","",3.108,0.0008440046804025,0.136456880282268,0.6995134908702311,0.0011714380724931,True,"2025-02-09T17:48:01.617856Z",0.6986519694328308,0.160016281369708
30246,"1","Not Flooded","2025-02-10T19:17:03.574656Z",1.1663185432553291e-05,0.0915092872905986,0.0147214718163013,0.6812511606414082,726,"/data/local-files/?d=/share/XXXX-19/nexar_data/2023/2023-09-29/604222352665870335/frames/d4007cb302fcb72de4aabc3a146b2444.jpg","d4007cb302fcb72de4aabc3a146b2444","",1.443,0.0004732209490612,0.0762114936969074,0.9852784875547512,0.3187423613600342,False,"2025-02-10T19:17:03.574676Z",0.9847936034202576,0.6762792967484766
28971,"1","Flooded","2025-02-08T03:49:30.698268Z",3.6037934023624985e-06,0.0165599236459903,0.6441822648048401,0.9996501880778914,728,"/data/local-files/?d=/share/XXXX-19/nexar_data/2023/2023-09-29/604222325017018367/frames/0595226bb813f1a6d1e1fff2d5e22639.jpg","0595226bb813f1a6d1e1fff2d5e22639","",1.454,6.288841541390866e-05,0.0031180766390416,0.3558177086204068,0.0003508915885348,True,"2025-02-08T03:49:30.698296Z",0.3557512164115906,0.0744494780892495
30286,"1","Not Flooded","2025-02-10T19:18:24.044847Z",0.0019575802143663,0.7771028662984284,0.0112650971859693,0.5672696963546143,729,"/data/local-files/?d=/share/XXXX-19/nexar_data/2023/2023-09-29/604222324345929727/frames/74b531ec35ed694ae05b1f64245a0fa9.jpg","74b531ec35ed694ae05b1f64245a0fa9","",1.286,0.0191625729203224,0.5910838987186519,0.9887349826749416,0.432735701977517,False,"2025-02-10T19:18:24.044868Z",0.9676148295402528,0.4662890353396414
30220,"1","Not Flooded","2025-02-10T19:13:02.136658Z",2.809011311910581e-05,0.2063890340440417,0.2276165336370468,0.998229347060932,730,"/data/local-files/?d=/share/XXXX-19/nexar_data/2023/2023-09-29/604222325419671551/frames/9438200c4bb36daa4173d5da0bd876b1.jpg","9438200c4bb36daa4173d5da0bd876b1","",0.972,0.0023385647218674,0.2841412117312235,0.7723835038759717,0.0017717326054942,True,"2025-02-10T19:13:02.136681Z",0.7700168490409851,0.1865328887986767
30156,"1","Not Flooded","2025-02-10T19:10:48.263419Z",1.897808033390902e-05,0.149535959369993,0.0103026833385229,0.5279525637758958,731,"/data/local-files/?d=/share/XXXX-19/nexar_data/2023/2023-09-29/604222321795792895/frames/9b2275d9bac52dccf80fa0e200ed0dc8.jpg","9b2275d9bac52dccf80fa0e200ed0dc8","",0.95,0.002447101753205,0.2914494737705838,0.9896973940158204,0.472054993889088,False,"2025-02-10T19:10:48.263441Z",0.9872313141822816,0.7275521154983956
30236,"1","Not Flooded","2025-02-10T19:16:44.455040Z",0.0006199768395163,0.6565030468186549,0.1145116761326789,0.9940488786584496,732,"/data/local-files/?d=/share/XXXX-19/nexar_data/2023/2023-09-29/604222323003752447/frames/cb2a17472fd0d24e51b5f01672b89595.jpg","cb2a17472fd0d24e51b5f01672b89595","",2.056,0.0774824768304824,0.7317838680561254,0.8854883751482702,0.0059522010079765,True,"2025-02-10T19:16:44.455061Z",0.8073859214782715,0.2038485789430497
30350,"1","Not Flooded","2025-02-10T19:20:44.447488Z",0.0004228459729347,0.6128618502027614,0.0029813542496412,0.092180839807733,733,"/data/local-files/?d=/share/XXXX-19/nexar_data/2023/2023-09-29/604222325419671551/frames/60910488ed4cafdfb4958d956713b23e.jpg","60910488ed4cafdfb4958d956713b23e","",1.112,0.0598820969462394,0.7084457985860688,0.9970185788406524,0.9078202398586932,False,"2025-02-10T19:20:44.447509Z",0.9367136359214784,0.3361185128242778
29069,"1","Not Flooded","2025-02-08T03:53:23.148079Z",0.0001540761149954,0.4796450488657025,0.0023727901279926,0.0558090372398543,734,"/data/local-files/?d=/share/XXXX-19/nexar_data/2023/2023-09-29/604222337365049343/frames/6c5b7204ec284d8f835f9dc850f6fdf4.jpg","6c5b7204ec284d8f835f9dc850f6fdf4","",1.169,0.0098349405452609,0.5067662694933773,0.9976272517524196,0.9441952814258506,False,"2025-02-08T03:53:23.148099Z",0.9876382350921632,0.7369387354083082
28954,"1","Not Flooded","2025-02-08T03:48:39.354123Z",0.0080740228295326,0.9163290909640558,0.1097304448485374,0.9935662677659112,735,"/data/local-files/?d=/share/XXXX-19/nexar_data/2023/2023-09-29/604222337365049343/frames/7eb76777224e25e52130150a696af4ef.jpg","7eb76777224e25e52130150a696af4ef","",1.751,0.1205153167247772,0.7698529062460862,0.8902695253491402,0.0064348119005152,True,"2025-02-08T03:48:39.354150Z",0.7616801857948303,0.1831319395559548
30089,"1","Not Flooded","2025-02-10T19:08:31.368559Z",0.0007611664477735,0.6787376972010728,0.1320719420909881,0.9955031893346232,736,"/data/local-files/?d=/share/XXXX-19/nexar_data/2023/2023-09-29/604222353202741247/frames/86d83cf24b36179875742984b0c723b6.jpg","86d83cf24b36179875742984b0c723b6","",1.195,0.2752615511417389,0.8409737727431733,0.8679280730430036,0.004497890331803,True,"2025-02-10T19:08:31.368588Z",0.5919053554534912,0.128864665972801
30182,"1","Not Flooded","2025-02-10T19:11:51.930345Z",2.095278978231363e-05,0.1632801129762948,0.1222895458340644,0.9947830518283072,737,"/data/local-files/?d=/share/XXXX-19/nexar_data/2023/2023-09-29/604222324748582911/frames/62b025d5180164396cfd063f4990d162.jpg","62b025d5180164396cfd063f4990d162","",7.111,0.0018861101707443,0.2500097169978363,0.8777104143628093,0.0052180278381191,True,"2025-02-10T19:11:51.930368Z",0.8758033514022827,0.2492204808402396
30255,"1","Not Flooded","2025-02-10T19:17:27.706634Z",4.895727215625811e-06,0.0279881927679624,0.1777907907962799,0.997455226233303,738,"/data/local-files/?d=/share/XXXX-19/nexar_data/2023/2023-09-29/604222324882800639/frames/a32fec9d5646f9449a0891b2eb478c14.jpg","a32fec9d5646f9449a0891b2eb478c14","",1.308,0.0001079980138456,0.0086708010693016,0.8222091819452544,0.0025458534331233,True,"2025-02-10T19:17:27.706656Z",0.8220962882041931,0.2118121985031504
30100,"1","Flooded","2025-02-10T19:08:49.717127Z",6.2713411352888215e-06,0.040631086619478,0.1666232049465179,0.9971313263054248,739,"/data/local-files/?d=/share/XXXX-19/nexar_data/2023/2023-09-29/604222352263217151/frames/84dc42faf3cfb6f01ec4bc5f80979f94.jpg","84dc42faf3cfb6f01ec4bc5f80979f94","",2.642,0.0003069286467507,0.0448946893367825,0.8333768024353958,0.0028697533610015,True,"2025-02-10T19:08:49.717149Z",0.8330636024475098,0.2181055741018255
29443,"1","Not Flooded","2025-02-09T17:48:48.555325Z",3.650924190878868e-05,0.2480997870897807,0.0142757194116711,0.6688695460650478,740,"/data/local-files/?d=/share/XXXX-19/nexar_data/2023/2023-09-29/604222337365049343/frames/382df03ee054c1b252037e21ecd1884a.jpg","382df03ee054c1b252037e21ecd1884a","",2.088,0.0003986925003118,0.0625018894162459,0.9857243581791408,0.3311369319335098,False,"2025-02-09T17:48:48.555347Z",0.9852891564369202,0.6861431292187966
29419,"1","Not Flooded","2025-02-09T17:47:27.225058Z",8.526226338290144e-06,0.0627685670235324,0.8031299710273743,0.999851006033176,742,"/data/local-files/?d=/share/XXXX-19/nexar_data/2023/2023-09-29/604222324748582911/frames/b618dab86c0cb18fbda2d3e515342e2a.jpg","b618dab86c0cb18fbda2d3e515342e2a","",4.041,4.609234383678995e-05,0.0016259776379489,0.1968700794905089,0.0001500736332502,True,"2025-02-09T17:47:27.225079Z",0.1968154609203338,0.0398893557846367
30068,"1","Not Flooded","2025-02-10T19:07:35.364011Z",2.706415398279205e-05,0.2009734272499168,0.0278812609612941,0.8819805832789901,744,"/data/local-files/?d=/share/XXXX-19/nexar_data/2023/2023-09-29/604222322869534719/frames/83ffd5b56531e19fd748b59da07faa74.jpg","83ffd5b56531e19fd748b59da07faa74","",1.017,0.004480926785618,0.3886863914524968,0.972118707759364,0.1180204963874361,False,"2025-02-10T19:07:35.364034Z",0.9676107168197632,0.4662534063475748
30101,"1","Not Flooded","2025-02-10T19:08:51.287985Z",0.0003152103163301,0.577202627476215,0.0118281794711947,0.5887086325808778,746,"/data/local-files/?d=/share/XXXX-19/nexar_data/2023/2023-09-29/604222322869534719/frames/34064ea1e633449325881488c1b1de10.jpg","34064ea1e633449325881488c1b1de10","",1.104,0.0031341556459665,0.3313355905559418,0.9881718014366924,0.4112913674191222,False,"2025-02-10T19:08:51.288007Z",0.9847224354743958,0.6748471192340415
30197,"1","Not Flooded","2025-02-10T19:12:18.139894Z",2.828978540492244e-05,0.2077116254162114,0.7399780750274658,0.999776509049764,747,"/data/local-files/?d=/share/XXXX-19/nexar_data/2023/2023-09-29/604222324345929727/frames/f3a7c3226dcfec8d941e5da248c83423.jpg","f3a7c3226dcfec8d941e5da248c83423","",1.144,0.0002368674904573,0.0315057459847205,0.2600219011837906,0.0002245706166622,True,"2025-02-10T19:12:18.139917Z",0.2597567439079284,0.0534067794414237
30126,"1","Not Flooded","2025-02-10T19:09:39.661267Z",0.0006613924051634,0.6634253281106269,0.0080574098974466,0.4201786416068891,749,"/data/local-files/?d=/share/XXXX-19/nexar_data/2023/2023-09-29/604222352665870335/frames/0caf4b7a07a9077a7e49ea48d4d1dffb.jpg","0caf4b7a07a9077a7e49ea48d4d1dffb","",1.027,0.0304083414375782,0.642076004197743,0.9919425628031604,0.5798235177259634,False,"2025-02-10T19:09:39.661288Z",0.9608728289604188,0.4236665039969251
28983,"1","Not Flooded","2025-02-08T03:50:01.080536Z",0.0089915553107857,0.9251661606630016,0.0463819690048694,0.9580819510004188,750,"/data/local-files/?d=/share/XXXX-19/nexar_data/2023/2023-09-29/604222325017018367/frames/0143ae567bb6706f3b0204d792ac165d.jpg","0143ae567bb6706f3b0204d792ac165d","",2.249,0.1095395535230636,0.7617402927191614,0.9536179909482596,0.0419191286660073,False,"2025-02-08T03:50:01.080562Z",0.8350868821144104,0.2193849788169447
29514,"1","Not Flooded","2025-02-09T17:53:54.746591Z",0.0001716763072181,0.4955193843310171,0.0262878146022558,0.8686369859168311,754,"/data/local-files/?d=/share/XXXX-19/nexar_data/2023/2023-09-29/604222322869534719/frames/8da8e9b666c966d139bba81e06eef865.jpg","8da8e9b666c966d139bba81e06eef865","",1.34,0.0468630939722061,0.6852405280864424,0.9737121761136224,0.1313640937495951,False,"2025-02-09T17:53:54.746612Z",0.926677405834198,0.3142271963654109
30279,"1","Not Flooded","2025-02-10T19:18:08.403475Z",0.0004997141659259,0.632161967238602,0.154571384191513,0.996689742737084,755,"/data/local-files/?d=/share/XXXX-19/nexar_data/2023/2023-09-29/604222352934305791/frames/8673c2e388aefb0de5d696c5c2fa9b38.jpg","8673c2e388aefb0de5d696c5c2fa9b38","",1.034,0.0350326709449291,0.6567950965869584,0.845428556203842,0.0033113369293423,True,"2025-02-10T19:18:08.403496Z",0.8098961710929871,0.2051096293289225
30336,"1","Not Flooded","2025-02-10T19:20:12.993510Z",0.0004404840292409,0.6176814811295902,0.1320583522319793,0.995502109668197,757,"/data/local-files/?d=/share/XXXX-19/nexar_data/2023/2023-09-29/604222353202741247/frames/09ed1a4a71a6c9f5c67fa2cdf8bbeb8d.jpg","09ed1a4a71a6c9f5c67fa2cdf8bbeb8d","",1.036,0.0063725127838552,0.4433725756090398,0.8679416250670329,0.0044989699982293,True,"2025-02-10T19:20:12.993531Z",0.8611286282539368,0.2372566971708421
29484,"1","Not Flooded","2025-02-09T17:50:53.270641Z",5.680025788024068e-05,0.3212482671353858,0.1641097664833068,0.9970471123241764,761,"/data/local-files/?d=/share/XXXX-19/nexar_data/2023/2023-09-29/604222336559742975/frames/3a009457b105ff37458c6e9095202bbf.jpg","3a009457b105ff37458c6e9095202bbf","",4.593,0.0024152086116373,0.2894089042249506,0.8358902589534409,0.0029539673422499,True,"2025-02-09T17:50:53.270663Z",0.8334182500839233,0.218331224384914
29451,"1","Not Flooded","2025-02-09T17:49:23.956315Z",0.0003576654708012,0.5927649393443402,0.0045663667842745,0.1996098085535493,763,"/data/local-files/?d=/share/XXXX-19/nexar_data/2023/2023-09-29/604222352934305791/frames/2d7715868de54f2d039c292d5374eb24.jpg","2d7715868de54f2d039c292d5374eb24","",1.178,0.0243028309196233,0.618280695996165,0.9954336568480356,0.800391271112877,False,"2025-02-09T17:49:23.956337Z",0.9707731604576112,0.4917410916723169
29045,"1","Not Flooded","2025-02-08T03:52:20.639828Z",3.3256845199503005e-05,0.2330999814297374,0.1141062825918197,0.9939851783393004,764,"/data/local-files/?d=/share/XXXX-19/nexar_data/2023/2023-09-29/604222336962396159/frames/9989bd8871e16acf6150e5a2782c5aa4.jpg","9989bd8871e16acf6150e5a2782c5aa4","",2.404,0.0022597524803131,0.2785852483016847,0.8858937807526671,0.0060159013271259,True,"2025-02-08T03:52:20.639848Z",0.8836007714271545,0.2563408809214305
30345,"1","Flooded","2025-02-10T19:20:32.505113Z",4.5307937398320064e-05,0.2836197328473395,0.3847531974315643,0.9991708161846315,765,"/data/local-files/?d=/share/XXXX-19/nexar_data/2023/2023-09-29/604222336559742975/frames/706a7b2607cb35d69f15bae828079f41.jpg","706a7b2607cb35d69f15bae828079f41","",1.82,0.0003676870837807,0.056693284042962,0.6152468268082883,0.0008302634817946,True,"2025-02-10T19:20:32.505132Z",0.6148338317871094,0.135033879932456
28895,"1","Not Flooded","2025-02-08T03:45:58.513893Z",5.138129199622199e-05,0.3045717395153593,0.0121857700869441,0.6015102373970538,766,"/data/local-files/?d=/share/XXXX-19/nexar_data/2023/2023-09-29/604222325151236095/frames/ec52d1c1c66e146fd84644899edc6578.jpg","ec52d1c1c66e146fd84644899edc6578","",1.534,0.0044828942045569,0.3887349764416786,0.9878142189627396,0.3984908422693725,False,"2025-02-08T03:45:58.513919Z",0.9832799434661864,0.6478678747414199
28974,"1","Not Flooded","2025-02-08T03:49:36.405283Z",0.0003081340983044,0.5743102011202619,0.1186176016926765,0.9944526739018712,768,"/data/local-files/?d=/share/XXXX-19/nexar_data/2023/2023-09-29/604222347968249855/frames/00659605ca0d08f72024c6dca21bc1be.jpg","00659605ca0d08f72024c6dca21bc1be","",1.252,0.0181905981153249,0.5850334480658855,0.8813823596283327,0.0055484057645549,True,"2025-02-08T03:49:36.405310Z",0.8628836274147034,0.2386192362007834
30294,"1","Not Flooded","2025-02-10T19:18:45.485701Z",0.0236869696527719,0.9813962678090976,0.0148229282349348,0.6832517825292698,770,"/data/local-files/?d=/share/XXXX-19/nexar_data/2023/2023-09-29/604222337365049343/frames/5fa20a0cc8cf4810bd0a72a05fe02461.jpg","5fa20a0cc8cf4810bd0a72a05fe02461","",1.148,0.1892464607954025,0.8082048170397274,0.9851771090179682,0.3167492971371565,False,"2025-02-10T19:18:45.485722Z",0.7722436785697937,0.1874554637599167
29499,"1","Not Flooded","2025-02-09T17:51:55.358955Z",0.0057311207056045,0.8857075917824428,0.1064617857336998,0.9931451978596691,771,"/data/local-files/?d=/share/XXXX-19/nexar_data/2023/2023-09-29/604222325017018367/frames/ba95af4f1d93d72769ec1e19cbed08e4.jpg","ba95af4f1d93d72769ec1e19cbed08e4","",3.396,0.2253796160221099,0.8230858593928819,0.8935382217168807,0.0068558818067569,True,"2025-02-09T17:51:55.358984Z",0.6624274849891663,0.1485426662578329
30366,"1","Not Flooded","2025-02-10T19:21:10.238375Z",0.0006380468257702,0.6595952114634662,0.1443919390439987,0.9962449201694644,773,"/data/local-files/?d=/share/XXXX-19/nexar_data/2023/2023-09-29/604222337365049343/frames/d071351ded2d4a0538a6c6d247712b04.jpg","d071351ded2d4a0538a6c6d247712b04","",1.129,0.0621022023260593,0.7116707622013103,0.8556079692789352,0.0037561594969618,True,"2025-02-10T19:21:10.238396Z",0.7928677201271057,0.1967260195290063
28914,"1","Flooded","2025-02-08T03:46:47.232662Z",1.3921086292612015e-06,0.0023245218157398,0.535092294216156,0.9995001144446412,775,"/data/local-files/?d=/share/XXXX-19/nexar_data/2023/2023-09-29/604222325017018367/frames/d27649722ebcb140871459e1d875d54c.jpg","d27649722ebcb140871459e1d875d54c","",1.329,9.969890015781855e-06,2.915099350904545e-05,0.4649076236906921,0.000500965221785,True,"2025-02-08T03:46:47.232689Z",0.4648962616920471,0.0983953997572909
29003,"1","Not Flooded","2025-02-08T03:50:38.858380Z",0.0001455059391446,0.4711664284202753,0.130234494805336,0.9954168160205225,777,"/data/local-files/?d=/share/XXXX-19/nexar_data/2023/2023-09-29/604222337365049343/frames/d6cb53cb4344a165ef9d88c12e378240.jpg","d6cb53cb4344a165ef9d88c12e378240","",1.408,0.0070108696818351,0.4576101367721429,0.8697655236464924,0.0045842636459039,True,"2025-02-08T03:50:38.858401Z",0.8626091480255127,0.2383763112548746
28903,"1","Flooded","2025-02-08T03:46:25.490006Z",6.381945422617719e-05,0.3407470427936585,0.6141122579574585,0.9996177980851036,778,"/data/local-files/?d=/share/XXXX-19/nexar_data/2023/2023-09-29/604222325017018367/frames/84be276db384adb97b242577b376aa66.jpg","84be276db384adb97b242577b376aa66","",1.585,0.0015222321962937,0.2176623710338454,0.3858877140955882,0.0003832815813226,True,"2025-02-08T03:46:25.490033Z",0.3843016624450683,0.0805517527304763
29017,"1","Flooded","2025-02-08T03:51:06.720734Z",0.000198927547899,0.5163483090264432,0.189532458782196,0.997691673180654,779,"/data/local-files/?d=/share/XXXX-19/nexar_data/2023/2023-09-29/604222325017018367/frames/191f13b29080ac46ca3e2dc640b727d3.jpg","191f13b29080ac46ca3e2dc640b727d3","",1.959,0.0123072108253836,0.5364193078906341,0.8104676118382483,0.0023094064857721,True,"2025-02-08T03:51:06.720755Z",0.7979614734649658,0.199141233324552
30311,"1","Not Flooded","2025-02-10T19:19:24.176544Z",0.0029139295220375,0.8180924021714251,0.1163965016603469,0.9942604932779968,781,"/data/local-files/?d=/share/XXXX-19/nexar_data/2023/2023-09-29/604222325419671551/frames/84d786d877fd1290ef12d0d080ecf307.jpg","84d786d877fd1290ef12d0d080ecf307","",1.167,0.2314820885658264,0.8255593751754458,0.8836035504937172,0.0057405863884294,True,"2025-02-10T19:19:24.176566Z",0.6492075324058533,0.1445273868185685
30256,"1","Not Flooded","2025-02-10T19:17:29.393833Z",0.0780476480722427,0.9989527235665268,0.030563898384571,0.900884462736393,783,"/data/local-files/?d=/share/XXXX-19/nexar_data/2023/2023-09-29/604222353471176703/frames/c0d9a3f7d1bb03f3cc1a87c83e56ef72.jpg","c0d9a3f7d1bb03f3cc1a87c83e56ef72","",1.168,0.6433536410331726,0.9312857099670486,0.9694361984729768,0.0991166169300332,False,"2025-02-10T19:17:29.393857Z",0.2480349093675613,0.0508447310119065
29417,"1","Not Flooded","2025-02-09T17:47:21.052815Z",0.0105263357982039,0.9372864959642068,0.006188113708049,0.3092726071352994,786,"/data/local-files/?d=/share/XXXX-19/nexar_data/2023/2023-09-29/604222353202741247/frames/9bd25ecc89cc9377b58d572ef39aa79b.jpg","9bd25ecc89cc9377b58d572ef39aa79b","",1.313,0.4993240535259247,0.9001869982250283,0.9938118522986767,0.6907144368675854,False,"2025-02-09T17:47:21.052837Z",0.4839614629745483,0.1026665601395792
30139,"1","Not Flooded","2025-02-10T19:10:03.246141Z",0.0001276089751627,0.4514182498175363,0.1377706527709961,0.9958594792552892,789,"/data/local-files/?d=/share/XXXX-19/nexar_data/2023/2023-09-29/604222323003752447/frames/c0f2a0d45ee4387634dab27cde97eefd.jpg","c0f2a0d45ee4387634dab27cde97eefd","",1.189,0.0048638992011547,0.4015214659278869,0.862229324033251,0.0041416004111369,True,"2025-02-10T19:10:03.246161Z",0.8572378158569336,0.2343070484942972
29030,"1","Not Flooded","2025-02-08T03:51:50.376922Z",1.3690661944565363e-05,0.1087180904587718,0.0109842093661427,0.5574614667052468,790,"/data/local-files/?d=/share/XXXX-19/nexar_data/2023/2023-09-29/604222325285453823/frames/8374540de0c95cf45c3f97b397eee6b6.jpg","8374540de0c95cf45c3f97b397eee6b6","",1.925,0.0002352065203012,0.031106269407004,0.9890158654325204,0.4425520291250815,False,"2025-02-08T03:51:50.376942Z",0.9887669682502748,0.7640437610395892
28978,"1","Not Flooded","2025-02-08T03:49:46.622766Z",0.0073251170106232,0.9079271268348932,0.0170314069837331,0.7368172729353539,792,"/data/local-files/?d=/share/XXXX-19/nexar_data/2023/2023-09-29/604222352263217151/frames/399958338711a9e1e4d69f9997d1eabc.jpg","399958338711a9e1e4d69f9997d1eabc","",1.101,0.3937374055385589,0.8750879928137403,0.9829686623997986,0.2631859660639249,False,"2025-02-08T03:49:46.622792Z",0.5819061398506165,0.1263047768761363
28977,"1","Not Flooded","2025-02-08T03:49:44.954424Z",6.439902790589258e-05,0.3420653155001231,0.1076858565211296,0.9932920324936408,794,"/data/local-files/?d=/share/XXXX-19/nexar_data/2023/2023-09-29/604222325419671551/frames/676ab85e850e322ad7304f90e61f4706.jpg","676ab85e850e322ad7304f90e61f4706","",0.991,0.0045858169905841,0.3923453809710951,0.8923141764753382,0.0067090471727854,True,"2025-02-08T03:49:44.954451Z",0.8876639604568481,0.2603313280328909
30201,"1","Not Flooded","2025-02-10T19:12:25.082785Z",0.0004414341819938,0.6179244060754989,0.1986707001924514,0.9978428264803306,796,"/data/local-files/?d=/share/XXXX-19/nexar_data/2023/2023-09-29/604222352934305791/frames/30e39717414ebb5bb3ea7eaca5d9c74f.jpg","30e39717414ebb5bb3ea7eaca5d9c74f","",1.658,0.0854472070932388,0.7401275301982699,0.8013293317926582,0.0021582531860956,True,"2025-02-10T19:12:25.082806Z",0.7154406905174255,0.1657752220873838
30192,"1","Not Flooded","2025-02-10T19:12:09.706759Z",0.00019302192959,0.5121797169546497,0.1150852963328361,0.99408342798409,798,"/data/local-files/?d=/share/XXXX-19/nexar_data/2023/2023-09-29/604222347968249855/frames/b5d1d05c5268f7e1d2d374b3d398353b.jpg","b5d1d05c5268f7e1d2d374b3d398353b","",1.403,0.0209585893899202,0.6015663800512194,0.8849147052678745,0.0059176516823362,True,"2025-02-10T19:12:09.706779Z",0.8637630939483643,0.2393080633807379
28942,"1","Not Flooded","2025-02-08T03:48:06.379230Z",4.098581121070311e-05,0.2668676285774747,0.1221769750118255,0.9947571398340768,800,"/data/local-files/?d=/share/XXXX-19/nexar_data/2023/2023-09-29/604222324211711999/frames/abff73bb435c2da55d1287cde895f278.jpg","abff73bb435c2da55d1287cde895f278","",3.238,0.0027849241159856,0.3125083674148035,0.8778230489042471,0.0052439398323493,True,"2025-02-08T03:48:06.379257Z",0.8749971389770508,0.2484830686711033
30235,"1","Not Flooded","2025-02-10T19:16:41.867063Z",0.0172961074858903,0.9680764231083164,0.0063628810457885,0.3197464511364569,801,"/data/local-files/?d=/share/XXXX-19/nexar_data/2023/2023-09-29/604222353202741247/frames/cd048a371445419f527c7fef3fe41be9.jpg","cd048a371445419f527c7fef3fe41be9","",1.195,0.8871209621429443,0.9826270875350352,0.9936371762305496,0.6802600268621006,False,"2025-02-10T19:16:41.867085Z",0.089220106601715,0.015892689794561
30297,"1","Flooded","2025-02-10T19:18:50.976873Z",1.2583714124048129e-06,0.0018494685881849,0.4073053300380707,0.9992420741687648,803,"/data/local-files/?d=/share/XXXX-19/nexar_data/2023/2023-09-29/604222321661575167/frames/bcabb35e87b41618849c68a858266e25.jpg","bcabb35e87b41618849c68a858266e25","",1.597,6.763958663213998e-05,0.0035780145366287,0.5926946351482911,0.0007590054976614,True,"2025-02-10T19:18:50.976893Z",0.5926257371902466,0.1290654839280856
30276,"1","Not Flooded","2025-02-10T19:18:03.537115Z",0.0001028902406687,0.4178838106178715,0.0033544322941452,0.1154811209528704,804,"/data/local-files/?d=/share/XXXX-19/nexar_data/2023/2023-09-29/604222353471176703/frames/0344217fc717b5730661d1dfe3c474ad.jpg","0344217fc717b5730661d1dfe3c474ad","",1.043,0.0064658373594284,0.4455427051258243,0.9966455675239556,0.8845199587135558,False,"2025-02-10T19:18:03.537134Z",0.9900768399238586,0.797763902864571
30130,"1","Not Flooded","2025-02-10T19:09:45.698368Z",0.0061155734583735,0.8918697879103272,0.0068224160932004,0.3488612758202226,806,"/data/local-files/?d=/share/XXXX-19/nexar_data/2023/2023-09-29/604222352263217151/frames/6ecf73d1ff8dfedf7b6b3c39e299b9a7.jpg","6ecf73d1ff8dfedf7b6b3c39e299b9a7","",1.027,0.4858201742172241,0.8972017205564169,0.9931775508448482,0.6511387241797774,False,"2025-02-10T19:09:45.698389Z",0.5012418031692505,0.1066926362431063
30166,"1","Not Flooded","2025-02-10T19:11:21.612497Z",2.5957677280530334e-05,0.1943237617305757,0.2170140743255615,0.9981019464226332,809,"/data/local-files/?d=/share/XXXX-19/nexar_data/2023/2023-09-29/604222324882800639/frames/a3ad302ebdfe95865131da010aaacafb.jpg","a3ad302ebdfe95865131da010aaacafb","",1.156,0.0014622292947024,0.2111946293073292,0.7829859038756695,0.0018991332437929,True,"2025-02-10T19:11:21.612518Z",0.7814977169036865,0.1915220273544285
30360,"1","Not Flooded","2025-02-10T19:21:00.457082Z",5.000091186957434e-05,0.2999205365510272,0.0225032772868871,0.8279897043009592,810,"/data/local-files/?d=/share/XXXX-19/nexar_data/2023/2023-09-29/604222325151236095/frames/fab52db2e0c8afbb9666624c26ff6088.jpg","fab52db2e0c8afbb9666624c26ff6088","",1.071,0.0055146655067801,0.4210267195847171,0.9774967795892736,0.1720135346983196,False,"2025-02-10T19:21:00.457106Z",0.9719321131706238,0.5021199250279633
30339,"1","Not Flooded","2025-02-10T19:20:18.507215Z",4.219534821459092e-05,0.2716084438551865,0.2106461524963379,0.998005856110696,811,"/data/local-files/?d=/share/XXXX-19/nexar_data/2023/2023-09-29/604222337365049343/frames/81f94260e5d547afb0b421cd70947d37.jpg","81f94260e5d547afb0b421cd70947d37","",1.066,0.0066662319004535,0.4501550400988111,0.7893538315875047,0.0019952235557302,True,"2025-02-10T19:20:18.507236Z",0.7826454043388367,0.1920791352303792
30337,"1","Flooded","2025-02-10T19:20:15.153478Z",2.773334244920989e-06,0.010166139069673,0.6991008520126343,0.9997246850613034,813,"/data/local-files/?d=/share/XXXX-19/nexar_data/2023/2023-09-29/604222324882800639/frames/09469839fe41c3caebb236ce7e46fefc.jpg","09469839fe41c3caebb236ce7e46fefc","",1.64,0.0002168975770473,0.0276912845007406,0.300899205584983,0.0002763946051228,True,"2025-02-10T19:20:15.153502Z",0.3006795346736908,0.0623572141151269
28959,"1","Not Flooded","2025-02-08T03:48:50.078253Z",0.0059222164563834,0.888927157065553,0.0392258390784263,0.9402199496443578,815,"/data/local-files/?d=/share/XXXX-19/nexar_data/2023/2023-09-29/604222353202741247/frames/c3d5f67d3de5c6717cd4326870546d22.jpg","c3d5f67d3de5c6717cd4326870546d22","",1.227,0.3961669504642486,0.8756731720167737,0.960774171631783,0.0597811300220683,False,"2025-02-08T03:48:50.078280Z",0.5586850047111511,0.1204259931851455
28998,"1","Not Flooded","2025-02-08T03:50:29.158037Z",4.488591457629809e-06,0.0243313625822166,0.193573772907257,0.997753214166951,816,"/data/local-files/?d=/share/XXXX-19/nexar_data/2023/2023-09-29/604222337365049343/frames/e86dbda27dc0ce5170df21d7b7bd0038.jpg","e86dbda27dc0ce5170df21d7b7bd0038","",1.026,0.0040807616896927,0.3737481267787504,0.8064262346256328,0.0022478654994752,True,"2025-02-08T03:50:29.158057Z",0.8023409843444824,0.2013345756695011
29444,"1","Flooded","2025-02-09T17:49:00.234119Z",0.000112542467832,0.4320339188004474,0.1635020226240158,0.9970233596627984,818,"/data/local-files/?d=/share/XXXX-19/nexar_data/2023/2023-09-29/604222347968249855/frames/150f77106247246f2aec53ee30867322.jpg","150f77106247246f2aec53ee30867322","",11.224,0.0189267322421073,0.5895550910590663,0.8364979639227383,0.0029777200036276,True,"2025-02-09T17:49:00.234139Z",0.8174586892127991,0.2092274770786817
30199,"1","Not Flooded","2025-02-10T19:12:21.391489Z",6.755928188795224e-05,0.3500947947122257,0.1496613770723343,0.9964824467832418,821,"/data/local-files/?d=/share/XXXX-19/nexar_data/2023/2023-09-29/604222336559742975/frames/6dd29c10fc35e0eda157c19b506ce58f.jpg","6dd29c10fc35e0eda157c19b506ce58f","",1.086,0.002381547121331,0.2871815523875743,0.850338589378225,0.0035186328831844,True,"2025-02-10T19:12:21.391509Z",0.8478894829750061,0.2277426766226306
29442,"1","Not Flooded","2025-02-09T17:48:46.000822Z",1.9363882529432885e-05,0.152349570076829,0.1644372791051864,0.997070864985554,822,"/data/local-files/?d=/share/XXXX-19/nexar_data/2023/2023-09-29/604222325419671551/frames/4525157a6562ba4a93142d3fa790c926.jpg","4525157a6562ba4a93142d3fa790c926","",2.513,0.0004618705133907,0.0739560705324482,0.835562692487656,0.0029302146808721,True,"2025-02-09T17:48:46.000842Z",0.8350814580917358,0.2193817398176659
29040,"1","Not Flooded","2025-02-08T03:52:09.632286Z",2.9555889341281727e-05,0.2143979995940454,0.0041856113821268,0.1725609255764339,823,"/data/local-files/?d=/share/XXXX-19/nexar_data/2023/2023-09-29/604222322869534719/frames/86eda048ed53fa6eb06a2b57a67e3cad.jpg","86eda048ed53fa6eb06a2b57a67e3cad","",1.249,0.0031104821246117,0.3303790061022746,0.9958144483571232,0.8274477117549762,False,"2025-02-08T03:52:09.632306Z",0.9926744103431702,0.8707520524458763
29441,"1","Not Flooded","2025-02-09T17:48:43.041066Z",1.5070167137309907e-05,0.1200934559258571,0.460856556892395,0.9993651561413586,825,"/data/local-files/?d=/share/XXXX-19/nexar_data/2023/2023-09-29/604222323003752447/frames/77812190bc1e002eb38038dd1a28a7fc.jpg","77812190bc1e002eb38038dd1a28a7fc","",10.796,0.0003324425488244,0.0497467102563991,0.5391434011398814,0.0006359235250676,True,"2025-02-09T17:48:43.041086Z",0.5387958884239197,0.1155005549485431
28933,"1","Not Flooded","2025-02-08T03:47:45.524255Z",5.727342431782745e-05,0.3227651984642825,0.0142350383102893,0.6668419325165297,826,"/data/local-files/?d=/share/XXXX-19/nexar_data/2023/2023-09-29/604222321795792895/frames/e5e099ee26bf1bdb187f13ba4a149730.jpg","e5e099ee26bf1bdb187f13ba4a149730","",2.172,0.0032262851018458,0.3361746554784434,0.9857649785662942,0.3331613064827491,False,"2025-02-08T03:47:45.524282Z",0.9824814200401306,0.6340951099748222
30316,"1","Flooded","2025-02-10T19:19:35.860559Z",1.0770228300316376e-06,0.0012707673837091,0.3486070334911346,0.9990542122105954,827,"/data/local-files/?d=/share/XXXX-19/nexar_data/2023/2023-09-29/604222353471176703/frames/7610361bf9fccdc30c66ed12670bebfe.jpg","7610361bf9fccdc30c66ed12670bebfe","",1.989,0.0001081561058526,0.0086967130635318,0.6513929145213523,0.0009468674558308,True,"2025-02-10T19:19:35.860581Z",0.6512836813926697,0.1451687086757675
29075,"1","Not Flooded","2025-02-08T03:53:35.038213Z",7.276494579855353e-05,0.3622734320004491,0.0103047415614128,0.5280702474163582,829,"/data/local-files/?d=/share/XXXX-19/nexar_data/2023/2023-09-29/604222352263217151/frames/c98f76e0626b4f2647b42b0a66483d7e.jpg","c98f76e0626b4f2647b42b0a66483d7e","",2.118,0.0021940059959888,0.2737634580420033,0.9896952572889858,0.471930832250068,False,"2025-02-08T03:53:35.038240Z",0.9874284863471984,0.7320559439955432
30257,"1","Not Flooded","2025-02-10T19:17:31.041691Z",0.0009860973805189,0.7062897047328257,0.0111103244125843,0.5612386796975206,830,"/data/local-files/?d=/share/XXXX-19/nexar_data/2023/2023-09-29/604222324748582911/frames/77102d9193b546d405297a2b2a73df12.jpg","77102d9193b546d405297a2b2a73df12","",1.131,0.0629442706704139,0.712902661593674,0.9888897296041248,0.4387634796353318,False,"2025-02-10T19:17:31.041711Z",0.924959361553192,0.3110108700815795
30285,"1","Not Flooded","2025-02-10T19:18:22.263545Z",2.087527900584973e-05,0.1627575544259845,0.1257046908140182,0.9950508091020198,831,"/data/local-files/?d=/share/XXXX-19/nexar_data/2023/2023-09-29/604222325419671551/frames/fc5f6d9a658f62a04664f3344f9884d5.jpg","fc5f6d9a658f62a04664f3344f9884d5","",1.866,0.0017109700711444,0.2347475523962116,0.8742953266810218,0.0049502705644064,True,"2025-02-10T19:18:22.263569Z",0.8725634813308716,0.2464360211269126
28987,"1","Not Flooded","2025-02-08T03:50:09.176462Z",6.402587314369157e-05,0.3411389617063912,0.1557741165161132,0.9967296903948556,834,"/data/local-files/?d=/share/XXXX-19/nexar_data/2023/2023-09-29/604222322869534719/frames/6f687ce6172d59807dad5e3b6a42a7f7.jpg","6f687ce6172d59807dad5e3b6a42a7f7","",2.836,0.0020550123881548,0.2636577802922009,0.8442259170187753,0.0032713892715706,True,"2025-02-08T03:50:09.176482Z",0.8421068787574768,0.2238159298303196
30117,"1","Flooded","2025-02-10T19:09:25.245330Z",2.071452581731137e-05,0.1619380876084525,0.1731797158718109,0.997310550932184,835,"/data/local-files/?d=/share/XXXX-19/nexar_data/2023/2023-09-29/604222324345929727/frames/d293ff6560da28a971ba70e643e3d56b.jpg","d293ff6560da28a971ba70e643e3d56b","",1.676,0.0006053671822883,0.0991684409184938,0.8268203084498964,0.0026905287342422,True,"2025-02-10T19:09:25.245352Z",0.8261942267417908,0.2140881353297085
29015,"1","Not Flooded","2025-02-08T03:51:02.741655Z",0.0003056684799958,0.5733212266738068,0.0071778204292058,0.3693851947502299,836,"/data/local-files/?d=/share/XXXX-19/nexar_data/2023/2023-09-29/604222353471176703/frames/2e8bfe7af42b3a7d8c7c67e05d7f4175.jpg","2e8bfe7af42b3a7d8c7c67e05d7f4175","",1.396,0.0072908545844256,0.4632827041757179,0.9928222601593004,0.6306180442490488,False,"2025-02-08T03:51:02.741675Z",0.9852257370948792,0.6849047518278752
30195,"1","Not Flooded","2025-02-10T19:12:14.898344Z",0.0001026735117193,0.4175113257008114,0.1217444092035293,0.9947269091741416,837,"/data/local-files/?d=/share/XXXX-19/nexar_data/2023/2023-09-29/604222352263217151/frames/6511ce1ed4b3d225f4c6986757c55eaf.jpg","6511ce1ed4b3d225f4c6986757c55eaf","",1.139,0.0062537030316889,0.4404121302682323,0.8782556237129029,0.0052741704922847,True,"2025-02-10T19:12:14.898366Z",0.8718992471694946,0.245808734933255
29505,"1","Not Flooded","2025-02-09T17:52:39.359738Z",1.293632340093609e-05,0.1023113498853394,0.0193905085325241,0.7824990390968807,840,"/data/local-files/?d=/share/XXXX-19/nexar_data/2023/2023-09-29/604222321930010623/frames/93d60bcd8e844d395acbb0d44edae332.jpg","93d60bcd8e844d395acbb0d44edae332","",5.361,0.0014720540493726,0.212406015037594,0.980609476819154,0.2175020405695456,False,"2025-02-09T17:52:39.359758Z",0.9791244864463806,0.5828606193830355
29072,"1","Not Flooded","2025-02-08T03:53:28.194881Z",1.7153653971035965e-05,0.136391020630266,0.0182325020432472,0.7612566021601966,844,"/data/local-files/?d=/share/XXXX-19/nexar_data/2023/2023-09-29/604222321930010623/frames/41f4cd3a727fce97d9a52df3351deae5.jpg","41f4cd3a727fce97d9a52df3351deae5","",1.315,0.0017225932097062,0.2360928167633328,0.981767482096984,0.2387423181733771,False,"2025-02-08T03:53:28.194901Z",0.9800277352333068,0.5955386023934045
30088,"1","Not Flooded","2025-02-10T19:08:29.689172Z",7.90627109381603e-06,0.0566608940501742,0.168789267539978,0.9971928672917216,846,"/data/local-files/?d=/share/XXXX-19/nexar_data/2023/2023-09-29/604222353202741247/frames/a567f6b6eb77102a2580325b76ca569c.jpg","a567f6b6eb77102a2580325b76ca569c","",1.452,0.0003930379753001,0.0613790363329345,0.8312107758656566,0.0028082123747047,True,"2025-02-10T19:08:29.689192Z",0.8308098316192627,0.2167624690675569
30118,"1","Not Flooded","2025-02-10T19:09:26.804494Z",0.0069373212754726,0.9031010179095068,0.0019264245638623,0.0344856253212007,849,"/data/local-files/?d=/share/XXXX-19/nexar_data/2023/2023-09-29/604222352263217151/frames/60802b4d01db9ba9359ebc87e467f524.jpg","60802b4d01db9ba9359ebc87e467f524","",1.087,0.4225427806377411,0.8823422715317876,0.9980736039578916,0.9655208526773568,False,"2025-02-10T19:09:26.804514Z",0.5685935020446777,0.1229113852983982
29479,"1","Not Flooded","2025-02-09T17:50:37.192156Z",2.9826776881236583e-05,0.2157778132868069,0.1687260270118713,0.9971831502938852,850,"/data/local-files/?d=/share/XXXX-19/nexar_data/2023/2023-09-29/604222323809058815/frames/822ff1ad878cebb2ea22dc60ed85d9d7.jpg","822ff1ad878cebb2ea22dc60ed85d9d7","",1.472,0.0007455755840055,0.1215391292706205,0.8312739785251323,0.002817929372541,True,"2025-02-09T17:50:37.192184Z",0.8304985761642456,0.2165864834400763
29445,"1","Not Flooded","2025-02-09T17:49:03.370711Z",8.177077688742429e-06,0.0592488544739217,0.1402714550495147,0.9960106325549658,851,"/data/local-files/?d=/share/XXXX-19/nexar_data/2023/2023-09-29/604222324748582911/frames/1180e17e2295f97a6e48fd0a9413f56a.jpg","1180e17e2295f97a6e48fd0a9413f56a","",2.689,0.0004534839245025,0.0724704495299132,0.8597284785719239,0.0039904471114604,True,"2025-02-09T17:49:03.370733Z",0.8592668175697327,0.2358466528181453
29053,"1","Flooded","2025-02-08T03:52:40.919679Z",3.159792640872184e-06,0.0130833977534301,0.5389518141746521,0.9995109111089038,853,"/data/local-files/?d=/share/XXXX-19/nexar_data/2023/2023-09-29/604222352263217151/frames/6f0965e101e75d63ee2392c8d2373583.jpg","6f0965e101e75d63ee2392c8d2373583","",1.757,5.5140328186098486e-05,0.0023428761449862,0.4610482224059068,0.0004901685575224,True,"2025-02-08T03:52:40.919699Z",0.4609899222850799,0.0975543396112337
28991,"1","Not Flooded","2025-02-08T03:50:15.845887Z",7.646223093615845e-05,0.3704006210241284,0.0043072155676782,0.1811831416565538,854,"/data/local-files/?d=/share/XXXX-19/nexar_data/2023/2023-09-29/604222325017018367/frames/91d68f88b282df6c058d16460f49ddf0.jpg","91d68f88b282df6c058d16460f49ddf0","",1.297,0.0055305743589997,0.4216993517682776,0.9956928768151556,0.81882441600843,False,"2025-02-08T03:50:15.845908Z",0.9900858402252196,0.7980106066429716
30093,"1","Not Flooded","2025-02-10T19:08:37.513913Z",7.609879048686707e-06,0.0538116543512716,0.0043976358138024,0.1885723786778836,857,"/data/local-files/?d=/share/XXXX-19/nexar_data/2023/2023-09-29/604222323809058815/frames/7577bc03cd1b0da8187d72bd4243116f.jpg","7577bc03cd1b0da8187d72bd4243116f","",0.973,0.0003964588104281,0.0620484295172163,0.995602378111016,0.8114297806549688,False,"2025-02-10T19:08:37.513936Z",0.9951983094215392,0.9427290944189884
28950,"1","Not Flooded","2025-02-08T03:48:24.083242Z",0.0008840735536068,0.694573164675042,0.0164226237684488,0.7237533091775965,858,"/data/local-files/?d=/share/XXXX-19/nexar_data/2023/2023-09-29/604222352263217151/frames/3fb6d6507be8e3984b73d87a71f3b7fa.jpg","3fb6d6507be8e3984b73d87a71f3b7fa","",1.682,0.0860484018921852,0.7408141980453719,0.983577365754172,0.2762477704888297,False,"2025-02-08T03:48:24.083270Z",0.8966448903083801,0.2699759882186799
30378,"1","Not Flooded","2025-02-10T19:21:36.834249Z",3.5545319406082854e-05,0.2437735637197531,0.3698335886001587,0.9991254701947286,859,"/data/local-files/?d=/share/XXXX-19/nexar_data/2023/2023-09-29/604222325419671551/frames/c913fb47177288c25376ea3f55dbea2d.jpg","c913fb47177288c25376ea3f55dbea2d","",1.285,0.0010226815938949,0.1607007898839574,0.6301663578451552,0.0008756094716976,True,"2025-02-10T19:21:36.834269Z",0.6291081309318542,0.1388720940778137
30196,"1","Not Flooded","2025-02-10T19:12:16.505426Z",0.0290572121739387,0.9874445591290116,0.0057217041030526,0.2783336860243659,860,"/data/local-files/?d=/share/XXXX-19/nexar_data/2023/2023-09-29/604222325017018367/frames/6647f8b0dfe2f8b459fb84940face760.jpg","6647f8b0dfe2f8b459fb84940face760","",1.13,0.6717536449432373,0.9374138966025056,0.9942782893776894,0.7216738716406179,False,"2025-02-10T19:12:16.505445Z",0.2934674322605133,0.0608251674562627
29464,"1","Not Flooded","2025-02-09T17:49:53.319784Z",2.071107337542344e-05,0.1619100162813697,0.0335668250918388,0.917928076941348,861,"/data/local-files/?d=/share/XXXX-19/nexar_data/2023/2023-09-29/604222322869534719/frames/025013c3e2e4f1acffce75b4a2ffccf8.jpg","025013c3e2e4f1acffce75b4a2ffccf8","",1.202,0.0006544488715007,0.1072961697753862,0.9664330663817964,0.0820719230586518,False,"2025-02-09T17:49:53.319805Z",0.9657579064369202,0.4531219634381761
30180,"1","Not Flooded","2025-02-10T19:11:42.799010Z",6.07934853178449e-05,0.3327386170768679,0.003424575086683,0.1205323403281322,862,"/data/local-files/?d=/share/XXXX-19/nexar_data/2023/2023-09-29/604222352263217151/frames/0dedbf73a08a19298d03515ebd182dab.jpg","0dedbf73a08a19298d03515ebd182dab","",0.995,0.0014054428320378,0.2054988490755896,0.9965753771903108,0.8794611816733102,False,"2025-02-10T19:11:42.799031Z",0.9951091408729552,0.9403549079476404
30321,"1","Not Flooded","2025-02-10T19:19:45.339021Z",1.888399856397882e-05,0.1490663044745695,0.1191710233688354,0.9945476845473824,863,"/data/local-files/?d=/share/XXXX-19/nexar_data/2023/2023-09-29/604222324748582911/frames/54777536e7b9b3e87aa537026f2ea1fa.jpg","54777536e7b9b3e87aa537026f2ea1fa","",1.34,0.0002487479068804,0.0338885697874784,0.8808289836815675,0.005453395119044,True,"2025-02-10T19:19:45.339042Z",0.880561351776123,0.2535035175532167
30349,"1","Not Flooded","2025-02-10T19:20:42.814833Z",0.000970939581748,0.7046248591035313,0.0217558797448873,0.8184702854206164,864,"/data/local-files/?d=/share/XXXX-19/nexar_data/2023/2023-09-29/604222337365049343/frames/59f5539480dec7e7e68c29f9d71ff0ed.jpg","59f5539480dec7e7e68c29f9d71ff0ed","",0.683,0.0521896407008171,0.6956355564384827,0.9782440387061796,0.1815307942458098,False,"2025-02-10T19:20:42.814853Z",0.9250834584236144,0.3112424585300126
30169,"1","Not Flooded","2025-02-10T19:11:26.224740Z",3.109150566160679e-05,0.2224447534689682,0.1050229892134666,0.9929767698971724,865,"/data/local-files/?d=/share/XXXX-19/nexar_data/2023/2023-09-29/604222323003752447/frames/68a3b5bcc24582b05e553badb8a80c87.jpg","68a3b5bcc24582b05e553badb8a80c87","",0.979,0.0017514243954792,0.2387012908491792,0.8949769529281183,0.0070243097692536,True,"2025-02-10T19:11:26.224760Z",0.8931944370269775,0.2660805517527305
29082,"1","Not Flooded","2025-02-08T03:53:49.834092Z",0.0068180072121322,0.9016164765733978,0.016355549916625,0.7213445733806083,866,"/data/local-files/?d=/share/XXXX-19/nexar_data/2023/2023-09-29/604222337365049343/frames/674fb8b0eb1b37b4d636cb4200da7ae6.jpg","674fb8b0eb1b37b4d636cb4200da7ae6","",1.4,0.4352050423622131,0.8853545408610556,0.9836444365791976,0.2786554266193917,False,"2025-02-08T03:53:49.834119Z",0.5416213870048523,0.1161656294671198
28958,"1","Not Flooded","2025-02-08T03:48:48.357770Z",6.454125832533464e-05,0.3425106779009557,0.0187543258070945,0.7708030127011959,872,"/data/local-files/?d=/share/XXXX-19/nexar_data/2023/2023-09-29/604222352263217151/frames/28a1b3c3a0a8e86beab4f7a171a435f3.jpg","28a1b3c3a0a8e86beab4f7a171a435f3","",2.108,0.0041197789832949,0.3754653362297184,0.9812456515137454,0.2291986067984435,False,"2025-02-08T03:48:48.357798Z",0.9770613312721252,0.5562306469793092
29412,"1","Not Flooded","2025-02-09T17:46:56.300411Z",0.0094361053779721,0.9289881798119652,0.0165608823299407,0.726088627657599,873,"/data/local-files/?d=/share/XXXX-19/nexar_data/2023/2023-09-29/604222353471176703/frames/ee7d5a7753687ddb52909d3d14a00723.jpg","ee7d5a7753687ddb52909d3d14a00723","",1.639,0.6615220904350281,0.935247006085,0.983439122326672,0.2739124520088273,False,"2025-02-09T17:46:56.300432Z",0.3124809265136719,0.0649883611959249
28902,"1","Not Flooded","2025-02-08T03:46:23.415881Z",6.710125944664469e-06,0.0449281589959965,0.175517275929451,0.997376410584186,875,"/data/local-files/?d=/share/XXXX-19/nexar_data/2023/2023-09-29/604222325151236095/frames/ccbfdb756d6520d593f9c9730c2bf753.jpg","ccbfdb756d6520d593f9c9730c2bf753","",2.377,0.0001117336360039,0.0091998376181694,0.8244826886998453,0.0026246690822403,True,"2025-02-08T03:46:23.415909Z",0.8243642449378967,0.2130451775619404
28972,"1","Not Flooded","2025-02-08T03:49:32.553354Z",5.3169973398325965e-05,0.3101752082676536,0.011481518857181,0.5758141764520434,876,"/data/local-files/?d=/share/XXXX-19/nexar_data/2023/2023-09-29/604222324345929727/frames/732a3621ecfa698bc734940825f6622b.jpg","732a3621ecfa698bc734940825f6622b","",1.312,0.0022608449216932,0.2786392316229977,0.988518400652538,0.4241815048822516,False,"2025-02-08T03:49:32.553382Z",0.9862043857574464,0.705260782628599
30218,"1","Not Flooded","2025-02-10T19:12:59.222994Z",0.000327936548274,0.5821431810427851,0.1595831215381622,0.9968937996916472,877,"/data/local-files/?d=/share/XXXX-19/nexar_data/2023/2023-09-29/604222324748582911/frames/c27a13fd8374a2fc48adedbdd7fe5a8e.jpg","c27a13fd8374a2fc48adedbdd7fe5a8e","",0.993,0.0039331475272774,0.3680539660466502,0.8404168562847188,0.0031072799747789,True,"2025-02-10T19:12:59.223015Z",0.8361557722091675,0.2200306193398487
30250,"1","Not Flooded","2025-02-10T19:17:11.868618Z",3.724393536685966e-05,0.2512070670645597,0.1640807688236236,0.9970449529913238,878,"/data/local-files/?d=/share/XXXX-19/nexar_data/2023/2023-09-29/604222347431378943/frames/1a17fd4abea7522e95f2cf73937dd38f.jpg","1a17fd4abea7522e95f2cf73937dd38f","",1.0,0.0026110017206519,0.3020021334208583,0.8359192126627021,0.0029561266751024,True,"2025-02-10T19:17:11.868640Z",0.8332709670066833,0.2182470104036656
29524,"1","Not Flooded","2025-02-09T17:54:13.761264Z",2.124359298250056e-06,0.0059662366715179,0.1441299021244049,0.9962330438387756,879,"/data/local-files/?d=/share/XXXX-19/nexar_data/2023/2023-09-29/604222352128999423/frames/6a21391d3eb8c346d09dbd65e4061797.jpg","6a21391d3eb8c346d09dbd65e4061797","",2.223,0.0001293918321607,0.0120641926470397,0.8558701560230019,0.0037691154940769,True,"2025-02-09T17:54:13.761284Z",0.855738639831543,0.2331863547438383
29061,"1","Not Flooded","2025-02-08T03:52:58.070232Z",0.0002422995021333,0.54317154172047,0.0059628239832818,0.2940169205322324,882,"/data/local-files/?d=/share/XXXX-19/nexar_data/2023/2023-09-29/604222324882800639/frames/e94850d28f83f08f14b5fdaf6dda05a0.jpg","e94850d28f83f08f14b5fdaf6dda05a0","",1.714,0.0065488810651004,0.4473090393991872,0.9940370978874852,0.7059798404684888,False,"2025-02-08T03:52:58.070253Z",0.9872459173202516,0.727872236593782
29042,"1","Not Flooded","2025-02-08T03:52:12.678906Z",6.0521328123286366e-05,0.3318613881055309,0.0072173699736595,0.3718317188721373,883,"/data/local-files/?d=/share/XXXX-19/nexar_data/2023/2023-09-29/604222324882800639/frames/ea5147fdc805a5af6aaac40b2eb8009c.jpg","ea5147fdc805a5af6aaac40b2eb8009c","",1.08,0.0020678110886365,0.2645161151010783,0.9927826221392024,0.6281672014614365,False,"2025-02-08T03:52:12.678927Z",0.9906542897224426,0.8134028710489607
30138,"1","Not Flooded","2025-02-10T19:10:01.571841Z",0.000192020626855,0.5114055961270206,0.0088283885270357,0.4593840287104896,885,"/data/local-files/?d=/share/XXXX-19/nexar_data/2023/2023-09-29/604222324748582911/frames/bbfdd247ed3e96dc7f6ce8db610cb7fd.jpg","bbfdd247ed3e96dc7f6ce8db610cb7fd","",1.348,0.0172851458191871,0.5788437204441316,0.991171550544095,0.5406116526238054,False,"2025-02-10T19:10:01.571860Z",0.973694384098053,0.5190048282682582
29507,"1","Not Flooded","2025-02-09T17:52:54.640581Z",3.793702489929274e-05,0.2542517263866156,0.0065825507044792,0.334021800624479,886,"/data/local-files/?d=/share/XXXX-19/nexar_data/2023/2023-09-29/604222324882800639/frames/5d3c828e75a8dda45fdaf5b6b21995f9.jpg","5d3c828e75a8dda45fdaf5b6b21995f9","",9.335,0.0010579122463241,0.1652429465392372,0.9934175193266128,0.6659922350390624,False,"2025-02-09T17:52:54.640601Z",0.9923216700553894,0.8605243723899064
30332,"1","Not Flooded","2025-02-10T19:20:06.602149Z",0.0008265385404229,0.6875488549057883,0.1049245223402977,0.9929519375693686,888,"/data/local-files/?d=/share/XXXX-19/nexar_data/2023/2023-09-29/604222325419671551/frames/ed5cf3631548aa01c958b36d18a4bf91.jpg","ed5cf3631548aa01c958b36d18a4bf91","",1.238,0.0018919655121862,0.2507590054976614,0.8950754958204924,0.0070491420970576,True,"2025-02-10T19:20:06.602170Z",0.8923569917678833,0.2651498792932935
28994,"1","Not Flooded","2025-02-08T03:50:22.974434Z",0.0083847222849726,0.9194698405980488,0.0311530213803052,0.9050444174767764,889,"/data/local-files/?d=/share/XXXX-19/nexar_data/2023/2023-09-29/604222325151236095/frames/f27872c59691effef71a06ded34e8ef6.jpg","f27872c59691effef71a06ded34e8ef6","",1.248,0.4168228209018707,0.8808890405220403,0.968846964649856,0.0949566621896498,False,"2025-02-08T03:50:22.974454Z",0.5436394214630127,0.1166806303524463
30283,"1","Not Flooded","2025-02-10T19:18:18.328674Z",1.045050908032863e-06,0.0011941110674446,0.0057298270985484,0.2800849049677612,890,"/data/local-files/?d=/share/XXXX-19/nexar_data/2023/2023-09-29/604222321795792895/frames/7f181108da7ed12b060244f4c7796503.jpg","7f181108da7ed12b060244f4c7796503","",1.105,7.212787750177085e-05,0.0039839691129028,0.9942700647130778,0.7199032187015499,False,"2025-02-10T19:18:18.328696Z",0.994196891784668,0.9149363212741792
30326,"1","Not Flooded","2025-02-10T19:19:55.710748Z",0.0027673093136399,0.812700548038678,0.0053341286256909,0.2523612304742327,891,"/data/local-files/?d=/share/XXXX-19/nexar_data/2023/2023-09-29/604222352263217151/frames/1ce4eb4aa32672b34e88fcc16dea2fc5.jpg","1ce4eb4aa32672b34e88fcc16dea2fc5","",1.159,0.5191799402236938,0.904608232240567,0.994665935402736,0.7476430881914724,False,"2025-02-10T19:19:55.710768Z",0.4727186858654022,0.1001023523772095
29031,"1","Not Flooded","2025-02-08T03:51:52.563971Z",0.0004332075186539,0.6156830185745812,0.1146159097552299,0.994054276990581,892,"/data/local-files/?d=/share/XXXX-19/nexar_data/2023/2023-09-29/604222322601099263/frames/77bd22a235a60dfa595cbd6c3d1547f2.jpg","77bd22a235a60dfa595cbd6c3d1547f2","",1.683,0.6100016236305237,0.9241674692187102,0.8853841135569382,0.0059468026758452,True,"2025-02-08T03:51:52.563991Z",0.2749492824077606,0.0567537453628327
29078,"1","Not Flooded","2025-02-08T03:53:42.000912Z",0.0015974632697179,0.756169213959655,0.0156374219805002,0.704544963787988,893,"/data/local-files/?d=/share/XXXX-19/nexar_data/2023/2023-09-29/604222352263217151/frames/ad9dbd6afd5a92e5b84bde829e8218eb.jpg","ad9dbd6afd5a92e5b84bde829e8218eb","",1.38,0.1155457943677902,0.7662640950451949,0.9843625865178182,0.2954561158784382,False,"2025-02-08T03:53:42.000939Z",0.8672193288803101,0.2419618834564872
29006,"1","Not Flooded","2025-02-08T03:50:43.567344Z",6.7428964030114e-06,0.0453114405773192,0.1967599242925644,0.9978169144861004,894,"/data/local-files/?d=/share/XXXX-19/nexar_data/2023/2023-09-29/604222353202741247/frames/122bd9d0b6e605f332b463ec18bf33a8.jpg","122bd9d0b6e605f332b463ec18bf33a8","",1.04,0.0003300072276033,0.0494692359848501,0.8032401042919446,0.0021841651803258,True,"2025-02-08T03:50:43.567364Z",0.8029033541679382,0.2016385017684936
28890,"1","Not Flooded","2025-02-08T03:45:47.824188Z",1.195417917188024e-05,0.0939903607381463,0.005817238241434,0.2854119791149326,895,"/data/local-files/?d=/share/XXXX-19/nexar_data/2023/2023-09-29/604222321795792895/frames/9bf4ce888a2aa1a731d68975b6171950.jpg","9bf4ce888a2aa1a731d68975b6171950","",2.813,0.0004556413332466,0.0728494124455308,0.9941828221626564,0.714603136215035,False,"2025-02-08T03:45:47.824214Z",0.993715226650238,0.9011937871675167
28963,"1","Not Flooded","2025-02-08T03:49:05.379952Z",0.025869058445096,0.9842163565144912,0.006241200491786,0.3119210288789176,897,"/data/local-files/?d=/share/XXXX-19/nexar_data/2023/2023-09-29/604222325553889279/frames/a4dca37182a93f32599dd2c60ceb9af2.jpg","a4dca37182a93f32599dd2c60ceb9af2","",1.117,0.3007179200649261,0.8491781579163302,0.9937588144093752,0.6880778914546561,False,"2025-02-08T03:49:05.379979Z",0.667171835899353,0.1499851006033176
28930,"1","Not Flooded","2025-02-08T03:47:38.117815Z",0.0003014579415321,0.5715959197246419,0.1024116277694702,0.9926010459808338,899,"/data/local-files/?d=/share/XXXX-19/nexar_data/2023/2023-09-29/604222324882800639/frames/21fb4ce7c289f5dd00bbb8c43a6a037a.jpg","21fb4ce7c289f5dd00bbb8c43a6a037a","",1.97,0.0263014808297157,0.6268143794293315,0.897588387131691,0.0074000336855925,True,"2025-02-08T03:47:38.117842Z",0.8709854483604431,0.2450583667670036
30371,"1","Not Flooded","2025-02-10T19:21:22.535099Z",0.0003905141493305,0.6034503979650447,0.147999495267868,0.996420905796945,901,"/data/local-files/?d=/share/XXXX-19/nexar_data/2023/2023-09-29/604222324882800639/frames/88f73987b7e09d124a22ae2976b0f53d.jpg","88f73987b7e09d124a22ae2976b0f53d","",4.287,0.0131357023492455,0.5449583896559319,0.8520004901802166,0.0035801738694812,True,"2025-02-10T19:21:22.535120Z",0.8384742736816406,0.2214104330326102
28981,"1","Not Flooded","2025-02-08T03:49:56.114649Z",0.0010103542590513,0.7088960194858197,0.1895544230937957,0.9976938325135066,902,"/data/local-files/?d=/share/XXXX-19/nexar_data/2023/2023-09-29/604222325151236095/frames/ee12c8ae9194f543048a7c3a038e436f.jpg","ee12c8ae9194f543048a7c3a038e436f","",4.465,0.0479268617928028,0.6875785457325105,0.8104455020511522,0.0023072471529196,True,"2025-02-08T03:49:56.114676Z",0.7615082859992981,0.1830628409046741
28941,"1","Flooded","2025-02-08T03:48:02.584197Z",5.1022211664530914e-06,0.0298765293474927,0.4110832214355469,0.9992496318337486,903,"/data/local-files/?d=/share/XXXX-19/nexar_data/2023/2023-09-29/604222337096613887/frames/bf22f6bd8e3d67aed820b92b7c39e83f.jpg","bf22f6bd8e3d67aed820b92b7c39e83f","",1.544,6.215777830220759e-05,0.0030403406563508,0.5889168045246151,0.0007514478326776,True,"2025-02-08T03:48:02.584225Z",0.5888495445251465,0.1280754298152042
30266,"1","Not Flooded","2025-02-10T19:17:47.748947Z",6.538309662573738e-06,0.0433086593566051,0.1037307307124137,0.9928148199332334,904,"/data/local-files/?d=/share/XXXX-19/nexar_data/2023/2023-09-29/604222324345929727/frames/bf7eadf6ba0bcfb334c3374bae5616a1.jpg","bf7eadf6ba0bcfb334c3374bae5616a1","",1.189,0.0001660109264776,0.0182269286081372,0.8962693152311658,0.0071862597331928,True,"2025-02-10T19:17:47.748971Z",0.8960967659950256,0.2693443833593173
30222,"1","Not Flooded","2025-02-10T19:13:05.416816Z",0.0001271568762604,0.4509248422607351,0.4098500609397888,0.9992453131680435,905,"/data/local-files/?d=/share/XXXX-19/nexar_data/2023/2023-09-29/604222337365049343/frames/698669d16ddd91d935ce77fef35918db.jpg","698669d16ddd91d935ce77fef35918db","",1.054,0.0029396526515483,0.3211510971570224,0.5901499108003917,0.0007557664983826,True,"2025-02-10T19:13:05.416836Z",0.587083101272583,0.127631686914011
29470,"1","Not Flooded","2025-02-09T17:50:03.312787Z",0.0002522282884456,0.5485104921983304,0.0071444022469222,0.368185685350654,906,"/data/local-files/?d=/share/XXXX-19/nexar_data/2023/2023-09-29/604222353471176703/frames/551e9bf8ef32a63fc352f909e791dac6.jpg","551e9bf8ef32a63fc352f909e791dac6","",1.122,0.0119646228849887,0.532786230366266,0.9928556532249784,0.6318175536486247,False,"2025-02-09T17:50:03.312811Z",0.9806388020515442,0.6044949752324522
30205,"1","Not Flooded","2025-02-10T19:12:36.564094Z",0.000104942213511,0.4211454828916058,0.020633265376091,0.802634278113434,907,"/data/local-files/?d=/share/XXXX-19/nexar_data/2023/2023-09-29/604222325553889279/frames/67861a96000106ca097ddc485e027203.jpg","67861a96000106ca097ddc485e027203","",6.132,0.0005085353623144,0.0825469762862066,0.9793666866899002,0.1973651820533528,False,"2025-02-10T19:12:36.564117Z",0.9787532091140748,0.5778428696669877
29436,"1","Not Flooded","2025-02-09T17:48:12.372462Z",5.190843512536958e-05,0.3062122926500628,0.0031616722699254,0.102731879958368,908,"/data/local-files/?d=/share/XXXX-19/nexar_data/2023/2023-09-29/604222352263217151/frames/b2f89a8242fa682ece4512f92a3c00e8.jpg","b2f89a8242fa682ece4512f92a3c00e8","",1.942,0.0034185824915766,0.3456125595436034,0.9968383417071892,0.897272438707337,False,"2025-02-09T17:48:12.372484Z",0.9933678507804872,0.8909979572711215
29476,"1","Not Flooded","2025-02-09T17:50:25.811249Z",0.0001969456352526,0.5149609376686979,0.0060318112373352,0.2989067297767682,909,"/data/local-files/?d=/share/XXXX-19/nexar_data/2023/2023-09-29/604222324345929727/frames/603a9ad1d95d0934b90f3c67a03ec5b6.jpg","603a9ad1d95d0934b90f3c67a03ec5b6","",2.16,0.0105861593037843,0.5165307726524813,0.9939682174153855,0.7010943498896581,False,"2025-02-09T17:50:25.811269Z",0.9831851124763488,0.6461587627886488
30268,"1","Not Flooded","2025-02-10T19:17:51.030420Z",3.345873437865521e-06,0.0145236727660621,0.1824037283658981,0.9975556352109451,911,"/data/local-files/?d=/share/XXXX-19/nexar_data/2023/2023-09-29/604222323809058815/frames/d551101d0d002e746bd1b4b98f0588d9.jpg","d551101d0d002e746bd1b4b98f0588d9","",1.225,0.0001161175096058,0.0099134971259279,0.8175962128032097,0.002445444455481,True,"2025-02-10T19:17:51.030442Z",0.817476749420166,0.2092371940765181
30070,"1","Not Flooded","2025-02-10T19:07:38.374476Z",0.0014063656562939,0.7431009315361926,0.014885445125401,0.6845981265628172,912,"/data/local-files/?d=/share/XXXX-19/nexar_data/2023/2023-09-29/604222324882800639/frames/c36f41b902e74e1716a4822ad5854598.jpg","c36f41b902e74e1716a4822ad5854598","",1.017,0.0335448682308197,0.6523430920782715,0.9851145386928692,0.3154029531036091,False,"2025-02-10T19:07:38.374498Z",0.9501633048057556,0.376274546216201
30119,"1","Not Flooded","2025-02-10T19:09:28.288961Z",0.0011524151777848,0.7226293764278588,0.1157271042466163,0.9941536063017968,913,"/data/local-files/?d=/share/XXXX-19/nexar_data/2023/2023-09-29/604222323809058815/frames/51e4bd841045c9520f1cd879a6a67953.jpg","51e4bd841045c9520f1cd879a6a67953","",1.007,0.0412637665867805,0.6731039977888431,0.8842728998279198,0.0058474733646292,True,"2025-02-10T19:09:28.288981Z",0.8418567180633545,0.2236615375313643
29506,"1","Not Flooded","2025-02-09T17:52:44.845830Z",0.0002697633462958,0.5571543016069755,0.018618669360876,0.7688650114660575,914,"/data/local-files/?d=/share/XXXX-19/nexar_data/2023/2023-09-29/604222325017018367/frames/5fdc94c2259460daf60bef85a9b702cb.jpg","5fdc94c2259460daf60bef85a9b702cb","",5.022,0.011117716319859,0.5232193061631678,0.9813813689979723,0.231137147866795,False,"2025-02-09T17:52:44.845850Z",0.9699938893318176,0.4852031716280938
30187,"1","Not Flooded","2025-02-10T19:12:01.501625Z",0.0111618535593152,0.9415209476880024,0.0070949061773717,0.3642384248962441,919,"/data/local-files/?d=/share/XXXX-19/nexar_data/2023/2023-09-29/604222325553889279/frames/cc09c0160ef868eb74ceea09209803f5.jpg","cc09c0160ef868eb74ceea09209803f5","",1.08,0.2580432295799255,0.8351381757092329,0.9929051296785474,0.6357626547701822,False,"2025-02-10T19:12:01.501645Z",0.7237000465393066,0.1686158244548764
29522,"1","Not Flooded","2025-02-09T17:54:09.642262Z",0.0013272447977215,0.7371908375188402,0.0306836571544408,0.9020494228103284,920,"/data/local-files/?d=/share/XXXX-19/nexar_data/2023/2023-09-29/604222324345929727/frames/9dd2821ad89167bdb836e62ccdba4098.jpg","9dd2821ad89167bdb836e62ccdba4098","",1.186,0.2911184430122375,0.8462177125755227,0.9693163319025188,0.0979516568560977,False,"2025-02-09T17:54:09.642282Z",0.6768706440925598,0.1529746969376341
30374,"1","Not Flooded","2025-02-10T19:21:27.969502Z",0.0001018200491671,0.4163020993033992,0.0146465059369802,0.6783403799562088,923,"/data/local-files/?d=/share/XXXX-19/nexar_data/2023/2023-09-29/604222325151236095/frames/357fa497259072d0a61379ae20d06d8a.jpg","357fa497259072d0a61379ae20d06d8a","",1.246,0.0054729995317757,0.4199470531584561,0.9853535862130228,0.32166285904307,False,"2025-02-10T19:21:27.969522Z",0.97977876663208,0.5919589683571364
29477,"1","Not Flooded","2025-02-09T17:50:27.938054Z",3.3363558031851426e-05,0.233553441328767,0.0228959247469902,0.8327888215656891,924,"/data/local-files/?d=/share/XXXX-19/nexar_data/2023/2023-09-29/604222322601099263/frames/f1db4034e04234377ec210c78ee847b6.jpg","f1db4034e04234377ec210c78ee847b6","",1.681,0.0035112036857753,0.3497622574529373,0.9771040660307336,0.1672122581007372,False,"2025-02-09T17:50:27.938075Z",0.9735594987869264,0.5176784580635967
30075,"1","Not Flooded","2025-02-10T19:07:54.055257Z",0.0082507506012916,0.918117018565944,0.1439806818962097,0.996201733512414,925,"/data/local-files/?d=/share/XXXX-19/nexar_data/2023/2023-09-29/604222322869534719/frames/017b72fc5425565e91e869939c8ebb71.jpg","017b72fc5425565e91e869939c8ebb71","",1.108,0.1820086240768432,0.8049010377753689,0.8560192957520483,0.0037993461540122,True,"2025-02-10T19:07:54.055280Z",0.6657599210739136,0.1495597120313707
30340,"1","Not Flooded","2025-02-10T19:20:20.214551Z",6.495115667348728e-05,0.3436221944867914,0.0154040474444627,0.6986229934399468,927,"/data/local-files/?d=/share/XXXX-19/nexar_data/2023/2023-09-29/604222324345929727/frames/f4ba48b3c3bb325a087c465cb98848ef.jpg","f4ba48b3c3bb325a087c465cb98848ef","",1.195,0.0012644411763176,0.1901163016674368,0.984595984358748,0.3013813252257582,False,"2025-02-10T19:20:20.214572Z",0.9832665920257568,0.6475957988020021
29002,"1","Not Flooded","2025-02-08T03:50:37.017090Z",1.906049692479428e-05,0.1501038639102063,0.2977078557014465,0.9988134465975392,929,"/data/local-files/?d=/share/XXXX-19/nexar_data/2023/2023-09-29/604222352934305791/frames/e93bd3d2342bcc1bf197216c8dd4ac2d.jpg","e93bd3d2342bcc1bf197216c8dd4ac2d","",1.584,0.0313781797885894,0.6454256692852176,0.7022922207161172,0.001187633068887,True,"2025-02-08T03:50:37.017110Z",0.670894980430603,0.1511792116707622
28918,"1","Not Flooded","2025-02-08T03:47:03.569757Z",7.531468145316467e-05,0.3679276450747777,0.0071049714460968,0.3650147050567257,930,"/data/local-files/?d=/share/XXXX-19/nexar_data/2023/2023-09-29/604222321930010623/frames/1d165fd9a50981e333f19c9b181eb68f.jpg","1d165fd9a50981e333f19c9b181eb68f","",2.356,0.0022356787230819,0.2767962410333703,0.9928951284600772,0.6349896136089793,False,"2025-02-08T03:47:03.569784Z",0.990584135055542,0.8115647389582514
30200,"1","Not Flooded","2025-02-10T19:12:22.947908Z",1.9292685465188697e-05,0.1517978605330097,0.0101512391120195,0.5214529718898049,931,"/data/local-files/?d=/share/XXXX-19/nexar_data/2023/2023-09-29/604222325419671551/frames/eff9520c7271563071e6e983e53bfc9a.jpg","eff9520c7271563071e6e983e53bfc9a","",1.069,0.0017918000230565,0.2417804994968754,0.9898486789206798,0.4785437891109163,False,"2025-02-10T19:12:22.947929Z",0.9880375862121582,0.7463426299810411
29485,"1","Not Flooded","2025-02-09T17:50:55.189815Z",5.783996311947704e-05,0.3243247766170164,0.0039920290000736,0.1591736017240113,932,"/data/local-files/?d=/share/XXXX-19/nexar_data/2023/2023-09-29/604222325151236095/frames/f7f1a64e8054101f5fcf315e68a594cf.jpg","f7f1a64e8054101f5fcf315e68a594cf","",1.462,0.0037501642946153,0.3603046602721623,0.9960079616284928,0.8408242389431362,False,"2025-02-09T17:50:55.189834Z",0.992199957370758,0.8569528358518352
30212,"1","Not Flooded","2025-02-10T19:12:49.579032Z",0.0002607301285024,0.5527503422542571,0.0078615248203277,0.4088243296351159,934,"/data/local-files/?d=/share/XXXX-19/nexar_data/2023/2023-09-29/604222353202741247/frames/d2e2543a213191e2ab9f27453c5c5e42.jpg","d2e2543a213191e2ab9f27453c5c5e42","",1.0,0.0832090079784393,0.7378386373745968,0.992138494591927,0.5911799890305891,False,"2025-02-10T19:12:49.579055Z",0.9086687564849854,0.284859189904687
28947,"1","Not Flooded","2025-02-08T03:48:18.091896Z",0.0239373072981834,0.981761195061174,0.0047135353088378,0.2096474673184973,935,"/data/local-files/?d=/share/XXXX-19/nexar_data/2023/2023-09-29/604222352263217151/frames/541504fd7ce17ccac3bb3c0e85fe6d6b.jpg","541504fd7ce17ccac3bb3c0e85fe6d6b","",3.322,0.6887050867080688,0.94105669112471,0.9952863976359366,0.7903503733486502,False,"2025-02-08T03:48:18.091923Z",0.2826440036296844,0.0584855303105552
28995,"1","Not Flooded","2025-02-08T03:50:24.670431Z",0.0001648874604143,0.4897852759411452,0.2250354588031768,0.9982088333988332,937,"/data/local-files/?d=/share/XXXX-19/nexar_data/2023/2023-09-29/604222323809058815/frames/e4ac07eac3cd0d74111c5cb2cb0c64f3.jpg","e4ac07eac3cd0d74111c5cb2cb0c64f3","",1.262,0.0135144302621483,0.5484942972019365,0.7749645035364664,0.0017922462675931,True,"2025-02-08T03:50:24.670451Z",0.7612851858139038,0.1829818659227045
30238,"1","Not Flooded","2025-02-10T19:16:47.897377Z",0.0019713032525032,0.777796012144088,0.0082994969561696,0.432317871070554,938,"/data/local-files/?d=/share/XXXX-19/nexar_data/2023/2023-09-29/604222325553889279/frames/2b4ffacf1888701f68bdbce31438af80.jpg","2b4ffacf1888701f68bdbce31438af80","",1.123,0.1298259645700454,0.7761117325191209,0.991700484184548,0.5676799695965934,False,"2025-02-10T19:16:47.897399Z",0.8599032163619995,0.2363562553713404
28948,"1","Not Flooded","2025-02-08T03:48:19.889326Z",0.0028939228504896,0.8173798223300929,0.1036207824945449,0.9927651552776254,939,"/data/local-files/?d=/share/XXXX-19/nexar_data/2023/2023-09-29/604222321930010623/frames/a3ef2cf062b433f452d1290fb6cbdccf.jpg","a3ef2cf062b433f452d1290fb6cbdccf","",1.315,0.0393300168216228,0.6683351111840485,0.8963791821151972,0.0072359243888008,True,"2025-02-08T03:48:19.889353Z",0.8541552424430847,0.2320591829948219
28885,"1","Flooded","2025-02-08T03:45:37.412494Z",6.940898856555577e-06,0.0472656368088515,0.1602205038070678,0.9969477830129604,942,"/data/local-files/?d=/share/XXXX-19/nexar_data/2023/2023-09-29/604222352665870335/frames/aa89def809528441d66263c420fc666e.jpg","aa89def809528441d66263c420fc666e","",1.541,0.0002772532170638,0.0393452039058012,0.8397795549672082,0.0030532966534659,True,"2025-02-08T03:45:37.412521Z",0.8394953608512878,0.2221143755425323
30062,"1","Flooded","2025-02-10T18:55:35.414900Z",0.000662678387016,0.6636471995612235,0.1046932265162468,0.9929271052415646,943,"/data/local-files/?d=/share/XXXX-19/nexar_data/2023/2023-09-29/604222353471176703/frames/8497695fa9dbf83037fccfa91ef1506f.jpg","8497695fa9dbf83037fccfa91ef1506f","",13.139,0.0042542116716504,0.380660151239673,0.8953067497350274,0.0070739744248616,True,"2025-02-10T18:55:48.665982Z",0.8903898596763611,0.2631147080797916
29468,"1","Not Flooded","2025-02-09T17:49:59.038369Z",3.398792978259735e-05,0.2365549139937725,0.0366944335401058,0.9312954269648848,944,"/data/local-files/?d=/share/XXXX-19/nexar_data/2023/2023-09-29/604222323003752447/frames/5f2a34b8e7b27a21b8b47fbd1e0c4600.jpg","5f2a34b8e7b27a21b8b47fbd1e0c4600","",0.902,0.0020064662676304,0.2597223961684798,0.9633054817204536,0.0687056527015413,False,"2025-02-09T17:49:59.038389Z",0.9612650275230408,0.4257896680241672
29520,"1","Not Flooded","2025-02-09T17:54:06.501622Z",4.4859858462587e-05,0.2817713439255807,0.011503635905683,0.5775081730748468,945,"/data/local-files/?d=/share/XXXX-19/nexar_data/2023/2023-09-29/604222353336958975/frames/dbcc49473374b8efa52b8a7041348b73.jpg","dbcc49473374b8efa52b8a7041348b73","",1.256,0.0003473796823527,0.0526402162787785,0.9884964041411876,0.422499384590137,False,"2025-02-09T17:54:06.501643Z",0.9881041646003724,0.7479588906211537
30094,"1","Not Flooded","2025-02-10T19:08:39.069333Z",0.1107697486877441,0.99961887775153,0.0130244558677077,0.6310693448152259,948,"/data/local-files/?d=/share/XXXX-19/nexar_data/2023/2023-09-29/604222352665870335/frames/8d9a966456d9a8971b89230a2dd9df2e.jpg","8d9a966456d9a8971b89230a2dd9df2e","",1.086,0.4381028711795807,0.8860628020366828,0.9869754910469056,0.3689306551847741,False,"2025-02-10T19:08:39.069353Z",0.4381028711795807,0.0924216054207892
29007,"1","Not Flooded","2025-02-08T03:50:46.434247Z",0.0021396959200501,0.7862649155916788,0.0038744893390685,0.1511457420115481,950,"/data/local-files/?d=/share/XXXX-19/nexar_data/2023/2023-09-29/604222352263217151/frames/cbdb3ce96803a27ac0c7cdad95477239.jpg","cbdb3ce96803a27ac0c7cdad95477239","",2.379,0.1956424564123153,0.8111134383920744,0.9961255127564071,0.8488542579884519,False,"2025-02-08T03:50:46.434267Z",0.7983433604240417,0.1993247766170164
30184,"1","Not Flooded","2025-02-10T19:11:55.643270Z",0.00814841222018,0.9170978134595535,0.0116720618680119,0.5834517367514133,951,"/data/local-files/?d=/share/XXXX-19/nexar_data/2023/2023-09-29/604222347431378943/frames/56e16980f4ba121c4f0fd291158def4b.jpg","56e16980f4ba121c4f0fd291158def4b","",1.139,0.8311606049537659,0.9709650706317776,0.988327915780246,0.4165461039157342,False,"2025-02-10T19:11:55.643291Z",0.1490188986063003,0.0292740754816391
28997,"1","Not Flooded","2025-02-08T03:50:27.698717Z",2.853873411368113e-05,0.2087966901746036,0.0247575882822275,0.8539351681904359,952,"/data/local-files/?d=/share/XXXX-19/nexar_data/2023/2023-09-29/604222324748582911/frames/7a3caff028d56b597ec39d86345559d3.jpg","7a3caff028d56b597ec39d86345559d3","",1.113,0.0016076235333457,0.2254624211303675,0.9752423910958896,0.1460659114759903,False,"2025-02-08T03:50:27.698737Z",0.9736062288284302,0.5181632282889879
30308,"1","Not Flooded","2025-02-10T19:19:18.004554Z",9.48022170632612e-06,0.0716768947066114,0.1601046025753021,0.9969207913523038,953,"/data/local-files/?d=/share/XXXX-19/nexar_data/2023/2023-09-29/604222323003752447/frames/d10e86e6c82c936663cbc87a691910a0.jpg","d10e86e6c82c936663cbc87a691910a0","",2.139,0.0009977050358429,0.1578148415265619,0.8398953535925102,0.0030802883141224,True,"2025-02-10T19:19:18.004577Z",0.8388881683349609,0.2216641546427815
30190,"1","Not Flooded","2025-02-10T19:12:06.216664Z",0.0015671078581362,0.7542225753931066,0.0090180821716785,0.4690567602233614,954,"/data/local-files/?d=/share/XXXX-19/nexar_data/2023/2023-09-29/604222322869534719/frames/66847d21c890592d478983feafdcd3d3.jpg","66847d21c890592d478983feafdcd3d3","",1.062,0.0102188270539045,0.5116992653949636,0.9909818873275072,0.5309443194430649,False,"2025-02-10T19:12:06.216685Z",0.9791959524154664,0.5838344784995227
30168,"1","Not Flooded","2025-02-10T19:11:24.772900Z",3.897651367879007e-06,0.0190690684206207,0.1707360446453094,0.9972382132816244,956,"/data/local-files/?d=/share/XXXX-19/nexar_data/2023/2023-09-29/604222323809058815/frames/9940a12ef764415ae2c8f2cc39f65f33.jpg","9940a12ef764415ae2c8f2cc39f65f33","",1.086,0.001896706293337,0.2511433667454103,0.8292638565844754,0.0027628663848017,True,"2025-02-10T19:11:24.772923Z",0.8273632526397705,0.2147888388403518
30171,"1","Not Flooded","2025-02-10T19:11:29.163463Z",3.690825178637169e-05,0.2499578930093758,0.0032201560679823,0.1070586431616087,957,"/data/local-files/?d=/share/XXXX-19/nexar_data/2023/2023-09-29/604222323809058815/frames/28423a8510422fa4d6af322e9f119eab.jpg","28423a8510422fa4d6af322e9f119eab","",0.956,0.0006856108084321,0.1122572370040552,0.9967799102269056,0.892948914503375,False,"2025-02-10T19:11:29.163484Z",0.996057391166687,0.9640676216676096
29483,"1","Not Flooded","2025-02-09T17:50:48.220717Z",0.0001185673827421,0.4402258878097023,0.1320725232362747,0.9955042690010496,958,"/data/local-files/?d=/share/XXXX-19/nexar_data/2023/2023-09-29/604222321795792895/frames/4ac95da17019bd5dff5338bc2c4783e4.jpg","4ac95da17019bd5dff5338bc2c4783e4","",5.229,0.0199399683624506,0.5958236343299375,0.867927514722396,0.0044968106653768,True,"2025-02-09T17:50:48.220737Z",0.8478689789772034,0.2277232426269579
29498,"1","Flooded","2025-02-09T17:51:51.505129Z",1.4862189345876686e-06,0.002698086399226,0.1943634897470474,0.9977694091633448,961,"/data/local-files/?d=/share/XXXX-19/nexar_data/2023/2023-09-29/604222325419671551/frames/fdfdb1ff1d8341fe09e21f96655e7d9a.jpg","fdfdb1ff1d8341fe09e21f96655e7d9a","",1.575,2.08397104870528e-05,0.0002515622773187,0.8056365589463894,0.0022316705030813,True,"2025-02-09T17:51:51.505150Z",0.8056142330169678,0.2030237137933864
30237,"1","Flooded","2025-02-10T19:16:46.243186Z",9.364462698613352e-07,0.0008950434673703,0.4843614995479584,0.999412661464114,962,"/data/local-files/?d=/share/XXXX-19/nexar_data/2023/2023-09-29/604222353471176703/frames/513e5532fb45c66672af5d0828591e9a.jpg","513e5532fb45c66672af5d0828591e9a","",1.269,3.74062146875076e-05,0.0010213644392428,0.515638487524086,0.0005884182023122,True,"2025-02-10T19:16:46.243207Z",0.5156001448631287,0.1100169291695637
28949,"1","Not Flooded","2025-02-08T03:48:21.909900Z",4.297407940612175e-05,0.2747589104870159,0.1521271765232086,0.9966098474215408,963,"/data/local-files/?d=/share/XXXX-19/nexar_data/2023/2023-09-29/604222347834032127/frames/8d66e47afafd551ce81aac9a2f72b9f9.jpg","8d66e47afafd551ce81aac9a2f72b9f9","",1.46,0.0124873584136366,0.5383367954636735,0.8478728589288947,0.0033912322448856,True,"2025-02-08T03:48:21.909928Z",0.835342526435852,0.2195339727837687
30234,"1","Not Flooded","2025-02-10T19:16:40.147697Z",0.0003641833609435,0.5949976895138478,0.2831996977329254,0.998733551281996,964,"/data/local-files/?d=/share/XXXX-19/nexar_data/2023/2023-09-29/604222337365049343/frames/930ec4fb347652a2d90e03559e077ae6.jpg","930ec4fb347652a2d90e03559e077ae6","",1.358,0.0978711917996406,0.7520060202199929,0.7168003385013433,0.0012675283844303,True,"2025-02-10T19:16:40.147718Z",0.6185649633407593,0.1360174560467797
29440,"1","Not Flooded","2025-02-09T17:48:31.000585Z",8.981049177236855e-05,0.3963401467482607,0.0044646756723523,0.1929072393793213,967,"/data/local-files/?d=/share/XXXX-19/nexar_data/2023/2023-09-29/604222325285453823/frames/c699117ab746664fb1e8ae320e00cb26.jpg","c699117ab746664fb1e8ae320e00cb26","",7.619,0.0007403157651424,0.1207855221050904,0.995535386056872,0.8071143539492038,False,"2025-02-09T17:48:31.000607Z",0.9947052597999572,0.9291285364473792
30219,"1","Not Flooded","2025-02-10T19:13:00.675301Z",6.373358246491989e-06,0.0416286983973431,0.0251692086458206,0.8585237505020449,968,"/data/local-files/?d=/share/XXXX-19/nexar_data/2023/2023-09-29/604222325419671551/frames/d08faf39d07316e562b6a496fbd727c6.jpg","d08faf39d07316e562b6a496fbd727c6","",0.96,0.0003762491687666,0.0581303200563154,0.9748307669628956,0.1414773291643813,False,"2025-02-10T19:13:00.675322Z",0.9744481444358826,0.5270078556529175
29435,"1","Not Flooded","2025-02-09T17:48:09.983284Z",4.265876123099588e-05,0.2735691180852764,0.1157841011881828,0.9941719606310434,970,"/data/local-files/?d=/share/XXXX-19/nexar_data/2023/2023-09-29/604222323809058815/frames/ad098bcc33383274bfcafd4734d6170a.jpg","ad098bcc33383274bfcafd4734d6170a","",2.808,0.0014804592356085,0.2132244021886997,0.8842159914747753,0.0058291190353828,True,"2025-02-09T17:48:09.983306Z",0.8826928734779358,0.2554814664461268
28925,"1","Not Flooded","2025-02-08T03:47:24.745399Z",3.589978950913064e-05,0.2455215436638696,0.0125830546021461,0.6153094539910949,971,"/data/local-files/?d=/share/XXXX-19/nexar_data/2023/2023-09-29/604222325151236095/frames/9e17c91ca6e5a4a2ac45409d201c8967.jpg","9e17c91ca6e5a4a2ac45409d201c8967","",1.522,0.0032824859954416,0.3389882661852794,0.9874169990471272,0.3846937850081838,False,"2025-02-08T03:47:24.745426Z",0.9840986132621764,0.662986983541565
29055,"1","Flooded","2025-02-08T03:52:45.215477Z",4.526950306171784e-06,0.0245645705302889,0.6921434998512268,0.9997149680634672,973,"/data/local-files/?d=/share/XXXX-19/nexar_data/2023/2023-09-29/604222337096613887/frames/4d7f0555dc9872dd0c8d7a5deba7a490.jpg","4d7f0555dc9872dd0c8d7a5deba7a490","",1.871,0.0007151901954784,0.1166968253488402,0.3078565210112172,0.0002861116029591,True,"2025-02-08T03:52:45.215498Z",0.3071368038654327,0.0637715771335288
28935,"1","Not Flooded","2025-02-08T03:47:48.964081Z",0.0074301292188465,0.9091816992222084,0.0106431683525443,0.5429383337723976,975,"/data/local-files/?d=/share/XXXX-19/nexar_data/2023/2023-09-29/604222337365049343/frames/b58e3b49901e4b0c263183f1c23136a1.jpg","b58e3b49901e4b0c263183f1c23136a1","",1.31,0.2240329533815384,0.8226054078331958,0.9893568237312136,0.4570595068947498,False,"2025-02-08T03:47:48.964108Z",0.7578937411308289,0.1815577859064663
28893,"1","Not Flooded","2025-02-08T03:45:54.548694Z",0.0019214733038097,0.7752004940553566,0.0241513978689908,0.8475694549412014,976,"/data/local-files/?d=/share/XXXX-19/nexar_data/2023/2023-09-29/604222337365049343/frames/da01dc281672b0a6bc58714ce699e2bb.jpg","da01dc281672b0a6bc58714ce699e2bb","",1.317,0.0817031264305114,0.7362202174016316,0.9758486135397104,0.1524316247252249,False,"2025-02-08T03:45:54.548721Z",0.8922240138053894,0.2650203193221422
30281,"1","Not Flooded","2025-02-10T19:18:11.494810Z",0.0032979992683976,0.8305690273932965,0.0408105663955211,0.9451345912166976,978,"/data/local-files/?d=/share/XXXX-19/nexar_data/2023/2023-09-29/604222352665870335/frames/09fab08a4749e05eaacbe2a90ab6ab66.jpg","09fab08a4749e05eaacbe2a90ab6ab66","",1.061,0.1614089161157608,0.7946463660587425,0.959189444547519,0.0548664884497285,False,"2025-02-10T19:18:11.494831Z",0.7944825291633606,0.1974839453602415
28982,"1","Not Flooded","2025-02-08T03:49:58.306539Z",0.0067208870314061,0.9003818780149685,0.0129548478871583,0.6275922790894525,979,"/data/local-files/?d=/share/XXXX-19/nexar_data/2023/2023-09-29/604222325017018367/frames/4e7bbcf5388370ae7f9962037672777d.jpg","4e7bbcf5388370ae7f9962037672777d","",1.707,0.1788361668586731,0.8034186557721127,0.9870450957678256,0.3724061014109081,False,"2025-02-08T03:49:58.306566Z",0.8014880418777466,0.2008794962708321
30327,"1","Flooded","2025-02-10T19:19:57.528949Z",9.757056432135869e-06,0.0742043938104883,0.4843150079250335,0.9994061834655564,980,"/data/local-files/?d=/share/XXXX-19/nexar_data/2023/2023-09-29/604222325017018367/frames/c12f2d4cd51208d0426f5681d5950a3b.jpg","c12f2d4cd51208d0426f5681d5950a3b","",1.3,0.0001245697494596,0.0112274511666875,0.5156849402092121,0.0005948962008697,True,"2025-02-10T19:19:57.528969Z",0.5155506134033203,0.1099964155074648
29460,"1","Not Flooded","2025-02-09T17:49:40.119312Z",0.0055784536525607,0.8831444636864995,0.1655935943126678,0.9970978566462104,982,"/data/local-files/?d=/share/XXXX-19/nexar_data/2023/2023-09-29/604222337096613887/frames/2c1eb7017dbe3c50793430aab35c1be2.jpg","2c1eb7017dbe3c50793430aab35c1be2","",1.38,0.277317076921463,0.8416518032588651,0.8344064010307193,0.0029032230202156,True,"2025-02-09T17:49:40.119332Z",0.5515108704566956,0.1185797635962393
29051,"1","Not Flooded","2025-02-08T03:52:37.435030Z",2.642431172716897e-05,0.1970553177890159,0.0085658133029937,0.4463718889411927,984,"/data/local-files/?d=/share/XXXX-19/nexar_data/2023/2023-09-29/604222324211711999/frames/97571ac3269c21e78b0a81590f2cdd63.jpg","97571ac3269c21e78b0a81590f2cdd63","",2.487,0.0013342965394258,0.1976081069992615,0.9914341633102596,0.5536291907252335,False,"2025-02-08T03:52:37.435068Z",0.9900734424591064,0.7976732108847651
30173,"1","Not Flooded","2025-02-10T19:11:32.358282Z",0.0009107124642468,0.6977668179639218,0.0138076385483145,0.6545531692528277,985,"/data/local-files/?d=/share/XXXX-19/nexar_data/2023/2023-09-29/604222323809058815/frames/525547dfb0d69d54364b042c8dfd2194.jpg","525547dfb0d69d54364b042c8dfd2194","",1.218,0.0900371149182319,0.7447107141777476,0.9861923661665056,0.3454479104135986,False,"2025-02-10T19:11:32.358302Z",0.8952445387840271,0.2683467715814522
30164,"1","Not Flooded","2025-02-10T19:11:18.554394Z",4.609245479514357e-06,0.0252955047008676,0.0039985585026443,0.1598208617465547,988,"/data/local-files/?d=/share/XXXX-19/nexar_data/2023/2023-09-29/604222325017018367/frames/7c15f39ba18d160e31dd1b2e8016f4f7.jpg","7c15f39ba18d160e31dd1b2e8016f4f7","",1.115,0.0021739786025136,0.2725067263218356,0.9960014008820508,0.8401748195877402,False,"2025-02-10T19:11:18.554415Z",0.9938228130340576,0.9042762348144916
29473,"1","Not Flooded","2025-02-09T17:50:09.906121Z",6.13562369835563e-05,0.3340639076151032,0.0178288258612155,0.7531342716354356,989,"/data/local-files/?d=/share/XXXX-19/nexar_data/2023/2023-09-29/604222324345929727/frames/4c464f3b4cd5e89ca92beda30340bf9f.jpg","4c464f3b4cd5e89ca92beda30340bf9f","",1.152,0.0086890747770667,0.489081333431223,0.9821712893972292,0.246872206363122,False,"2025-02-09T17:50:09.906141Z",0.9734208583831788,0.5163067418690321
29044,"1","Not Flooded","2025-02-08T03:52:17.802020Z",5.251198308542371e-05,0.3080407077429357,0.3696886003017425,0.99912223119545,992,"/data/local-files/?d=/share/XXXX-19/nexar_data/2023/2023-09-29/604222325553889279/frames/5568ccdf7dacfa70622c622dd4a8c443.jpg","5568ccdf7dacfa70622c622dd4a8c443","",2.675,0.0013972921296954,0.2043095965070631,0.6303113506291993,0.0008788484709764,True,"2025-02-08T03:52:17.802041Z",0.6288615465164185,0.1388008360936805
30354,"1","Not Flooded","2025-02-10T19:20:51.217943Z",0.0005943597643636,0.6517147262181876,0.0182033311575651,0.7604932779968301,995,"/data/local-files/?d=/share/XXXX-19/nexar_data/2023/2023-09-29/604222352263217151/frames/ae4edcfd3e3f0c3b23ec28a5212e9338.jpg","ae4edcfd3e3f0c3b23ec28a5212e9338","",1.207,0.1700307875871658,0.7991496547226768,0.9817966790287757,0.2395067220031699,False,"2025-02-10T19:20:51.217964Z",0.8111715316772461,0.2058168108381234
30061,"1","Not Flooded","2025-02-10T18:55:33.679185Z",1.2132673873566093e-05,0.0955029734013379,0.006586498580873,0.3347095481380073,997,"/data/local-files/?d=/share/XXXX-19/nexar_data/2023/2023-09-29/604222324748582911/frames/6904a4aee55d039f64f83bd7f55c0b83.jpg","6904a4aee55d039f64f83bd7f55c0b83","",1.045,0.0004846380033995,0.0781862035905386,0.9934135931107446,0.6653066468583866,False,"2025-02-10T18:55:33.679209Z",0.9929168224334716,0.8778886475234612
30338,"1","Not Flooded","2025-02-10T19:20:16.928915Z",3.878419011016376e-05,0.2579808942229208,0.0107537796720862,0.5467182459307373,998,"/data/local-files/?d=/share/XXXX-19/nexar_data/2023/2023-09-29/604222323809058815/frames/2d46383fcd992174642bb39fe0e2b865.jpg","2d46383fcd992174642bb39fe0e2b865","",1.257,0.0059388014487922,0.4324269173796064,0.9892462042225816,0.4532817540692627,False,"2025-02-10T19:20:16.928936Z",0.9832686185836792,0.6476476227904626
28913,"1","Not Flooded","2025-02-08T03:46:45.339683Z",4.425082079251297e-05,0.2794889291004651,0.2107913196086883,0.9980101747764012,999,"/data/local-files/?d=/share/XXXX-19/nexar_data/2023/2023-09-29/604222325419671551/frames/928759910811447ff033909e6702ec5f.jpg","928759910811447ff033909e6702ec5f","",2.702,0.0059796888381242,0.4336609761048226,0.7892087064283259,0.0019909048900251,True,"2025-02-08T03:46:45.339709Z",0.7831847667694092,0.192301546514189
