"annotation_id","annotator","answer","choice","created_at","id","image","labels","lead_time","sentiment_1","updated_at"
29775,"1","No,","Not Flooded","2025-02-09T18:33:57.997661Z",0,"/data/local-files/?d=/share/XXXX-19/nexar_data/training_datasets/street_flooding/all_no_letterboxing/nlbx_d8737e31d9f155b703c625edbe2fae1f.jpg","",0.812,0,"2025-02-09T18:33:57.997682Z"
28678,"1","No,","Not Flooded","2025-02-03T22:22:42.874219Z",1,"/data/local-files/?d=/share/XXXX-19/nexar_data/training_datasets/street_flooding/all_no_letterboxing/nlbx_2187a38c0863e9781a061218e1c5f753.jpg","",0.994,0,"2025-02-03T22:22:42.874240Z"
30578,"1","Yes,","Not Flooded","2025-02-10T19:32:01.620345Z",6,"/data/local-files/?d=/share/XXXX-19/nexar_data/training_datasets/street_flooding/all_no_letterboxing/nlbx_41c7aa27ab7236d7a07e2d051c260b03.jpg","",0.655,1,"2025-02-10T19:32:01.620366Z"
30396,"1","Yes,","Flooded","2025-02-10T19:24:45.959081Z",7,"/data/local-files/?d=/share/XXXX-19/nexar_data/training_datasets/street_flooding/all_no_letterboxing/nlbx_04d09fc4246c34b7b5a365da5d1f7b94.jpg","",1.332,1,"2025-02-10T19:24:45.959102Z"
29799,"1","No,","Not Flooded","2025-02-09T18:34:30.265106Z",11,"/data/local-files/?d=/share/XXXX-19/nexar_data/training_datasets/street_flooding/all_no_letterboxing/nlbx_6927550c77667fc617b6e42c4a725574.jpg","",0.744,0,"2025-02-09T18:34:30.265126Z"
30683,"1","No,","Not Flooded","2025-02-10T19:34:57.123835Z",14,"/data/local-files/?d=/share/XXXX-19/nexar_data/training_datasets/street_flooding/all_no_letterboxing/nlbx_413009b7c9633adf4ac3e80b8e4139fa.jpg","",0.663,0,"2025-02-10T19:34:57.123856Z"
30413,"1","Yes,","Flooded","2025-02-10T19:26:30.176097Z",15,"/data/local-files/?d=/share/XXXX-19/nexar_data/training_datasets/street_flooding/all_no_letterboxing/nlbx_26520d639d3dd4bcabb81f4431835613.jpg","",0.927,1,"2025-02-10T19:26:30.176119Z"
30662,"1","Yes,","Not Flooded","2025-02-10T19:34:27.268537Z",17,"/data/local-files/?d=/share/XXXX-19/nexar_data/training_datasets/street_flooding/all_no_letterboxing/nlbx_471111c311eefb19f5063c6829a5f3fc.jpg","",0.917,1,"2025-02-10T19:34:27.268561Z"
29814,"1","No,","Not Flooded","2025-02-09T18:34:52.345667Z",18,"/data/local-files/?d=/share/XXXX-19/nexar_data/training_datasets/street_flooding/all_no_letterboxing/nlbx_71df47acf1602019728084c5d25af169.jpg","",0.661,0,"2025-02-09T18:34:52.345687Z"
28626,"1","Yes,","Not Flooded","2025-02-03T22:21:08.482582Z",20,"/data/local-files/?d=/share/XXXX-19/nexar_data/training_datasets/street_flooding/all_no_letterboxing/nlbx_02f10b2b247df6ace5b29787fd8f88f1.jpg","",2.311,1,"2025-02-03T22:21:08.482604Z"
30419,"1","Yes,","Not Flooded","2025-02-10T19:26:50.166481Z",21,"/data/local-files/?d=/share/XXXX-19/nexar_data/training_datasets/street_flooding/all_no_letterboxing/nlbx_2eb4cfd1172f4638c53cfb3f8a567ae4.jpg","",1.169,1,"2025-02-10T19:26:50.166503Z"
30691,"1","No,","Not Flooded","2025-02-10T19:35:11.244724Z",22,"/data/local-files/?d=/share/XXXX-19/nexar_data/training_datasets/street_flooding/all_no_letterboxing/nlbx_8450ee4c6469134bda31f3cc34e66a7a.jpg","",0.694,0,"2025-02-10T19:35:11.244745Z"
30438,"1","No,","Not Flooded","2025-02-10T19:27:26.010414Z",24,"/data/local-files/?d=/share/XXXX-19/nexar_data/training_datasets/street_flooding/all_no_letterboxing/nlbx_553d4a379749e699e5b2194cf016a9a3.jpg","",0.979,0,"2025-02-10T19:27:26.010435Z"
28628,"1","Yes,","Flooded","2025-02-03T22:21:11.719820Z",25,"/data/local-files/?d=/share/XXXX-19/nexar_data/training_datasets/street_flooding/all_no_letterboxing/nlbx_b8c163fa25e560710d5e67463b3b2d7d.jpg","",1.353,1,"2025-02-03T22:21:11.719841Z"
30455,"1","Yes,","Not Flooded","2025-02-10T19:27:53.998725Z",26,"/data/local-files/?d=/share/XXXX-19/nexar_data/training_datasets/street_flooding/all_no_letterboxing/nlbx_9dd4aade761b516930062f439a295ad3.jpg","",0.925,1,"2025-02-10T19:27:53.998745Z"
28621,"1","Yes,","Not Flooded","2025-02-03T22:20:58.682366Z",28,"/data/local-files/?d=/share/XXXX-19/nexar_data/training_datasets/street_flooding/all_no_letterboxing/nlbx_9a1afbb511db41f4c82a0493c2b3ac63.jpg","",1.362,1,"2025-02-03T22:20:58.682390Z"
30617,"1","Yes,","Not Flooded","2025-02-10T19:33:04.814816Z",31,"/data/local-files/?d=/share/XXXX-19/nexar_data/training_datasets/street_flooding/all_no_letterboxing/nlbx_4e261834554ec60f9949d707e2ce30db.jpg","",1.206,1,"2025-02-10T19:33:04.814836Z"
28616,"1","No,","Not Flooded","2025-02-03T22:20:42.627201Z",32,"/data/local-files/?d=/share/XXXX-19/nexar_data/training_datasets/street_flooding/all_no_letterboxing/nlbx_1e078efaf508c0c3fee5cf57516a6e44.jpg","",4.08,0,"2025-02-03T22:20:42.627226Z"
30589,"1","Yes,","Not Flooded","2025-02-10T19:32:19.111482Z",36,"/data/local-files/?d=/share/XXXX-19/nexar_data/training_datasets/street_flooding/all_no_letterboxing/nlbx_94b3ac9aae8200bf7ba0ac9add166b3d.jpg","",0.938,1,"2025-02-10T19:32:19.111502Z"
30562,"1","No,","Not Flooded","2025-02-10T19:31:38.637522Z",38,"/data/local-files/?d=/share/XXXX-19/nexar_data/training_datasets/street_flooding/all_no_letterboxing/nlbx_7d5bbfe07d517cf47d3bc8fe3003ea40.jpg","",1.084,0,"2025-02-10T19:31:38.637543Z"
28681,"1","Yes,","Not Flooded","2025-02-03T22:22:46.927904Z",40,"/data/local-files/?d=/share/XXXX-19/nexar_data/training_datasets/street_flooding/all_no_letterboxing/nlbx_06b8458cadf4517170e42dbb4b31aa84.jpg","",1.117,1,"2025-02-03T22:22:46.927930Z"
30613,"1","No,","Not Flooded","2025-02-10T19:32:57.902394Z",49,"/data/local-files/?d=/share/XXXX-19/nexar_data/training_datasets/street_flooding/all_no_letterboxing/nlbx_19c8fa38cd48598579c4a840f98c9a46.jpg","",1.01,0,"2025-02-10T19:32:57.902414Z"
29794,"1","Yes,","Not Flooded","2025-02-09T18:34:23.548754Z",54,"/data/local-files/?d=/share/XXXX-19/nexar_data/training_datasets/street_flooding/all_no_letterboxing/nlbx_f5a41b536b879324110ed4ebc59d26e2.jpg","",0.827,1,"2025-02-09T18:34:23.548774Z"
30549,"1","Yes,","Not Flooded","2025-02-10T19:31:16.912414Z",55,"/data/local-files/?d=/share/XXXX-19/nexar_data/training_datasets/street_flooding/all_no_letterboxing/nlbx_b80cd32415a91ffe451bf5c7f7eef8f2.jpg","",1.168,1,"2025-02-10T19:31:16.912436Z"
30520,"1","No,","Not Flooded","2025-02-10T19:30:29.044975Z",56,"/data/local-files/?d=/share/XXXX-19/nexar_data/training_datasets/street_flooding/all_no_letterboxing/nlbx_c2af62454e34080889e2a3832d68f7e7.jpg","",1.155,0,"2025-02-10T19:30:29.044996Z"
30665,"1","No,","Not Flooded","2025-02-10T19:34:31.329277Z",61,"/data/local-files/?d=/share/XXXX-19/nexar_data/training_datasets/street_flooding/all_no_letterboxing/nlbx_90a13719b8bb9add37fffc3b41e0600a.jpg","",0.767,0,"2025-02-10T19:34:31.329297Z"
30618,"1","Yes,","Not Flooded","2025-02-10T19:33:09.690240Z",62,"/data/local-files/?d=/share/XXXX-19/nexar_data/training_datasets/street_flooding/all_no_letterboxing/nlbx_3f741a900e48f8d24d3acd32c3f67359.jpg","",1.141,1,"2025-02-10T19:33:09.690261Z"
30679,"1","No,","Not Flooded","2025-02-10T19:34:51.785606Z",67,"/data/local-files/?d=/share/XXXX-19/nexar_data/training_datasets/street_flooding/all_no_letterboxing/nlbx_e5835058ee1d9edcbd18ecde309d8693.jpg","",0.81,0,"2025-02-10T19:34:51.785628Z"
29860,"1","Yes,","Not Flooded","2025-02-09T18:36:02.704326Z",71,"/data/local-files/?d=/share/XXXX-19/nexar_data/training_datasets/street_flooding/all_no_letterboxing/nlbx_197d00477bc44657ac20fc045313fe27.jpg","",1.047,1,"2025-02-09T18:36:02.704346Z"
28640,"1","No,","Not Flooded","2025-02-03T22:21:35.415199Z",73,"/data/local-files/?d=/share/XXXX-19/nexar_data/training_datasets/street_flooding/all_no_letterboxing/nlbx_91df744922cd3a35d1ae280e3ad1acd4.jpg","",1.097,0,"2025-02-03T22:21:35.415225Z"
30577,"1","Yes,","Not Flooded","2025-02-10T19:32:00.474121Z",77,"/data/local-files/?d=/share/XXXX-19/nexar_data/training_datasets/street_flooding/all_no_letterboxing/nlbx_bb95d0406ea81677e262cbf9636b6917.jpg","",0.849,1,"2025-02-10T19:32:00.474142Z"
29856,"1","Yes,","Flooded","2025-02-09T18:35:53.498743Z",79,"/data/local-files/?d=/share/XXXX-19/nexar_data/training_datasets/street_flooding/all_no_letterboxing/nlbx_7c7e9dfb9e8a975855aca9bc3381c060.jpg","",1.125,1,"2025-02-09T18:35:53.498763Z"
30586,"1","No,","Not Flooded","2025-02-10T19:32:14.714578Z",80,"/data/local-files/?d=/share/XXXX-19/nexar_data/training_datasets/street_flooding/all_no_letterboxing/nlbx_f08cdd139289eddf707debc3f54e30aa.jpg","",1.223,0,"2025-02-10T19:32:14.714598Z"
30466,"1","Yes,","Flooded","2025-02-10T19:28:11.053358Z",82,"/data/local-files/?d=/share/XXXX-19/nexar_data/training_datasets/street_flooding/all_no_letterboxing/nlbx_88c14cce3cd2ad3be2a7f691ea1d0298.jpg","",1.95,1,"2025-02-10T19:28:11.053384Z"
30412,"1","Yes,","Not Flooded","2025-02-10T19:26:28.765348Z",83,"/data/local-files/?d=/share/XXXX-19/nexar_data/training_datasets/street_flooding/all_no_letterboxing/nlbx_86002bd11b98108475c4750b32ab2290.jpg","",1.044,1,"2025-02-10T19:26:28.765369Z"
28624,"1","Yes,","Not Flooded","2025-02-03T22:21:04.234783Z",84,"/data/local-files/?d=/share/XXXX-19/nexar_data/training_datasets/street_flooding/all_no_letterboxing/nlbx_85b1a32ffa8ab2c130e122db13d0d380.jpg","",1.173,1,"2025-02-03T22:21:04.234805Z"
28617,"1","Yes,","Flooded","2025-02-03T22:20:50.929662Z",86,"/data/local-files/?d=/share/XXXX-19/nexar_data/training_datasets/street_flooding/all_no_letterboxing/nlbx_cef7be60522f69d789bd551dd7c8ce52.jpg","",7.939,1,"2025-02-03T22:20:50.929692Z"
30418,"1","Yes,","Flooded","2025-02-10T19:26:48.515667Z",87,"/data/local-files/?d=/share/XXXX-19/nexar_data/training_datasets/street_flooding/all_no_letterboxing/nlbx_5290c9df91f013c03c18d694c63a39ac.jpg","",11.821,1,"2025-02-10T19:26:48.515688Z"
29824,"1","No,","Not Flooded","2025-02-09T18:35:06.521061Z",91,"/data/local-files/?d=/share/XXXX-19/nexar_data/training_datasets/street_flooding/all_no_letterboxing/nlbx_f2de218359a10007e69e42b7a3c4ff19.jpg","",0.841,0,"2025-02-09T18:35:06.521081Z"
28651,"1","No,","Not Flooded","2025-02-03T22:21:50.487401Z",92,"/data/local-files/?d=/share/XXXX-19/nexar_data/training_datasets/street_flooding/all_no_letterboxing/nlbx_6bcdb46a54246101059ed691c371ef04.jpg","",1.406,0,"2025-02-03T22:21:50.487423Z"
29861,"1","Yes,","Not Flooded","2025-02-09T18:36:04.195014Z",94,"/data/local-files/?d=/share/XXXX-19/nexar_data/training_datasets/street_flooding/all_no_letterboxing/nlbx_851ecd96f5b16f43c7b6b04062014364.jpg","",1.013,1,"2025-02-09T18:36:04.195034Z"
30542,"1","Yes,","Not Flooded","2025-02-10T19:31:06.173052Z",97,"/data/local-files/?d=/share/XXXX-19/nexar_data/training_datasets/street_flooding/all_no_letterboxing/nlbx_9aca5785167d3f887b39c135f07495f9.jpg","",1.033,1,"2025-02-10T19:31:06.173072Z"
30571,"1","Yes,","Not Flooded","2025-02-10T19:31:51.881915Z",98,"/data/local-files/?d=/share/XXXX-19/nexar_data/training_datasets/street_flooding/all_no_letterboxing/nlbx_6fcb971b7a8a2db73fe2193c9cb42295.jpg","",1.013,1,"2025-02-10T19:31:51.881936Z"
30432,"1","Yes,","Not Flooded","2025-02-10T19:27:15.483289Z",102,"/data/local-files/?d=/share/XXXX-19/nexar_data/training_datasets/street_flooding/all_no_letterboxing/nlbx_9e8af3d757139c5967b37bc756166ca6.jpg","",1.008,1,"2025-02-10T19:27:15.483309Z"
30625,"1","No,","Not Flooded","2025-02-10T19:33:31.312974Z",103,"/data/local-files/?d=/share/XXXX-19/nexar_data/training_datasets/street_flooding/all_no_letterboxing/nlbx_6b7f2f11276640091b87d6fe5ce4418f.jpg","",0.938,0,"2025-02-10T19:33:31.312994Z"
30397,"1","Yes,","Not Flooded","2025-02-10T19:24:47.540589Z",105,"/data/local-files/?d=/share/XXXX-19/nexar_data/training_datasets/street_flooding/all_no_letterboxing/nlbx_580f7cf99591824129d519257054450d.jpg","",1.105,1,"2025-02-10T19:24:47.540609Z"
28642,"1","No,","Not Flooded","2025-02-03T22:21:37.910138Z",107,"/data/local-files/?d=/share/XXXX-19/nexar_data/training_datasets/street_flooding/all_no_letterboxing/nlbx_179db22eab17e625696752ba8398aa44.jpg","",0.847,0,"2025-02-03T22:21:37.910165Z"
30401,"1","No,","Not Flooded","2025-02-10T19:26:08.988305Z",109,"/data/local-files/?d=/share/XXXX-19/nexar_data/training_datasets/street_flooding/all_no_letterboxing/nlbx_8720c395481e4ce4542d144a00327876.jpg","",1.077,0,"2025-02-10T19:26:08.988325Z"
29837,"1","Yes,","Flooded","2025-02-09T18:35:25.032302Z",111,"/data/local-files/?d=/share/XXXX-19/nexar_data/training_datasets/street_flooding/all_no_letterboxing/nlbx_159c8dc9a26bd59be0035cd12341652c.jpg","",1.612,1,"2025-02-09T18:35:25.032322Z"
29868,"1","No,","Not Flooded","2025-02-09T18:36:15.121609Z",112,"/data/local-files/?d=/share/XXXX-19/nexar_data/training_datasets/street_flooding/all_no_letterboxing/nlbx_b2e93cdbc9ead0a83cdabb092e255218.jpg","",1.118,0,"2025-02-09T18:36:15.121629Z"
30644,"1","Yes,","Flooded","2025-02-10T19:33:59.646970Z",114,"/data/local-files/?d=/share/XXXX-19/nexar_data/training_datasets/street_flooding/all_no_letterboxing/nlbx_c166ae0fb9f9db90756979771e851975.jpg","",1.169,1,"2025-02-10T19:33:59.647003Z"
28599,"1","No,","Flooded","2025-02-03T22:19:54.288074Z",115,"/data/local-files/?d=/share/XXXX-19/nexar_data/training_datasets/street_flooding/all_no_letterboxing/nlbx_78d0992acc1c1ad33e97953f219082ec.jpg","",3.089,0,"2025-02-03T22:19:54.288098Z"
30639,"1","No,","Not Flooded","2025-02-10T19:33:52.211414Z",117,"/data/local-files/?d=/share/XXXX-19/nexar_data/training_datasets/street_flooding/all_no_letterboxing/nlbx_ad782f722cc011548262ba53ab176328.jpg","",1.001,0,"2025-02-10T19:33:52.211435Z"
30435,"1","Yes,","Not Flooded","2025-02-10T19:27:20.502732Z",119,"/data/local-files/?d=/share/XXXX-19/nexar_data/training_datasets/street_flooding/all_no_letterboxing/nlbx_9fc2f18ba1b21daf8f05e869738ed216.jpg","",1.61,1,"2025-02-10T19:27:20.502753Z"
30582,"1","Yes,","Flooded","2025-02-10T19:32:08.207333Z",120,"/data/local-files/?d=/share/XXXX-19/nexar_data/training_datasets/street_flooding/all_no_letterboxing/nlbx_57d996a0cbf95e026ac59984df0196b8.jpg","",1.724,1,"2025-02-10T19:32:08.207354Z"
29846,"1","Yes,","Flooded","2025-02-09T18:35:38.555343Z",125,"/data/local-files/?d=/share/XXXX-19/nexar_data/training_datasets/street_flooding/all_no_letterboxing/nlbx_939488e6bd1a575b0a06a97da13075af.jpg","",1.503,1,"2025-02-09T18:35:38.555363Z"
30604,"1","Yes,","Not Flooded","2025-02-10T19:32:44.139351Z",126,"/data/local-files/?d=/share/XXXX-19/nexar_data/training_datasets/street_flooding/all_no_letterboxing/nlbx_4a6f645b57c4d5c7fd1dd5e08f1275f6.jpg","",1.413,1,"2025-02-10T19:32:44.139372Z"
29865,"1","No,","Not Flooded","2025-02-09T18:36:09.986795Z",127,"/data/local-files/?d=/share/XXXX-19/nexar_data/training_datasets/street_flooding/all_no_letterboxing/nlbx_113504168877a6dbacb3a515630c4ea5.jpg","",0.829,0,"2025-02-09T18:36:09.986814Z"
30609,"1","No,","Not Flooded","2025-02-10T19:32:52.163526Z",128,"/data/local-files/?d=/share/XXXX-19/nexar_data/training_datasets/street_flooding/all_no_letterboxing/nlbx_4ad5dc635473f5f98c03e65a27999879.jpg","",1.019,0,"2025-02-10T19:32:52.163546Z"
28646,"1","Yes,","Not Flooded","2025-02-03T22:21:43.289431Z",129,"/data/local-files/?d=/share/XXXX-19/nexar_data/training_datasets/street_flooding/all_no_letterboxing/nlbx_18f31a54a8d97e717efd2714ad69d37c.jpg","",1.088,1,"2025-02-03T22:21:43.289458Z"
28676,"1","Yes,","Not Flooded","2025-02-03T22:22:39.522750Z",131,"/data/local-files/?d=/share/XXXX-19/nexar_data/training_datasets/street_flooding/all_no_letterboxing/nlbx_935f46aef28397a696b6ff4c71b09807.jpg","",1.021,1,"2025-02-03T22:22:39.522772Z"
30552,"1","Yes,","Not Flooded","2025-02-10T19:31:22.209156Z",134,"/data/local-files/?d=/share/XXXX-19/nexar_data/training_datasets/street_flooding/all_no_letterboxing/nlbx_5e3b83332fac0ebbb59c2d4cee60bae4.jpg","",1.029,1,"2025-02-10T19:31:22.209177Z"
30416,"1","No,","Not Flooded","2025-02-10T19:26:34.756238Z",135,"/data/local-files/?d=/share/XXXX-19/nexar_data/training_datasets/street_flooding/all_no_letterboxing/nlbx_2e8ef3e4dab324797d1e39eac370e556.jpg","",1.084,0,"2025-02-10T19:26:34.756258Z"
30675,"1","Yes,","Not Flooded","2025-02-10T19:34:46.453341Z",136,"/data/local-files/?d=/share/XXXX-19/nexar_data/training_datasets/street_flooding/all_no_letterboxing/nlbx_8e86c0d6ad74cd04b504096a805d0e77.jpg","",0.903,1,"2025-02-10T19:34:46.453361Z"
30529,"1","No,","Not Flooded","2025-02-10T19:30:43.672108Z",138,"/data/local-files/?d=/share/XXXX-19/nexar_data/training_datasets/street_flooding/all_no_letterboxing/nlbx_ba49be006d4fc6eab1c1f7635443307e.jpg","",1.118,0,"2025-02-10T19:30:43.672130Z"
29773,"1","No,","Not Flooded","2025-02-09T18:33:55.422286Z",140,"/data/local-files/?d=/share/XXXX-19/nexar_data/training_datasets/street_flooding/all_no_letterboxing/nlbx_d62e94a12a7c357e9a4b682dc1767ab8.jpg","",0.833,0,"2025-02-09T18:33:55.422307Z"
28674,"1","No,","Not Flooded","2025-02-03T22:22:30.382845Z",141,"/data/local-files/?d=/share/XXXX-19/nexar_data/training_datasets/street_flooding/all_no_letterboxing/nlbx_14020ed3233282b7af29128ebb1f2979.jpg","",1.566,0,"2025-02-03T22:22:30.382873Z"
29828,"1","Yes,","Flooded","2025-02-09T18:35:12.557799Z",143,"/data/local-files/?d=/share/XXXX-19/nexar_data/training_datasets/street_flooding/all_no_letterboxing/nlbx_42a1456fbf65c8261539997b92135511.jpg","",1.493,1,"2025-02-09T18:35:12.557819Z"
30585,"1","Yes,","Not Flooded","2025-02-10T19:32:12.996649Z",146,"/data/local-files/?d=/share/XXXX-19/nexar_data/training_datasets/street_flooding/all_no_letterboxing/nlbx_51495b84345c382ee93f33908bab50c1.jpg","",1.027,1,"2025-02-10T19:32:12.996669Z"
29851,"1","No,","Not Flooded","2025-02-09T18:35:45.348293Z",147,"/data/local-files/?d=/share/XXXX-19/nexar_data/training_datasets/street_flooding/all_no_letterboxing/nlbx_6a92383d4fc47b11cddca116d93cfc06.jpg","",0.768,0,"2025-02-09T18:35:45.348313Z"
28604,"1","No,","Not Flooded","2025-02-03T22:20:02.961039Z",149,"/data/local-files/?d=/share/XXXX-19/nexar_data/training_datasets/street_flooding/all_no_letterboxing/nlbx_476f899930b75597bd05d260a71575be.jpg","",1.425,0,"2025-02-03T22:20:02.961062Z"
30411,"1","Yes,","Not Flooded","2025-02-10T19:26:27.251741Z",152,"/data/local-files/?d=/share/XXXX-19/nexar_data/training_datasets/street_flooding/all_no_letterboxing/nlbx_f53554b1fd7e0e74c61e7387dfe1d22e.jpg","",1.031,1,"2025-02-10T19:26:27.251763Z"
28625,"1","Yes,","Flooded","2025-02-03T22:21:05.829974Z",154,"/data/local-files/?d=/share/XXXX-19/nexar_data/training_datasets/street_flooding/all_no_letterboxing/nlbx_473c40db02d05412e98ee06d105d3a1e.jpg","",1.234,1,"2025-02-03T22:21:05.829996Z"
30616,"1","Yes,","Flooded","2025-02-10T19:33:03.124693Z",156,"/data/local-files/?d=/share/XXXX-19/nexar_data/training_datasets/street_flooding/all_no_letterboxing/nlbx_7e649f5cbe345f382432fe11c2ea5e8a.jpg","",1.134,1,"2025-02-10T19:33:03.124713Z"
29800,"1","No,","Not Flooded","2025-02-09T18:34:31.719298Z",158,"/data/local-files/?d=/share/XXXX-19/nexar_data/training_datasets/street_flooding/all_no_letterboxing/nlbx_31980d48a20500b5cb6df0e857dc34d4.jpg","",0.999,0,"2025-02-09T18:34:31.719319Z"
30646,"1","No,","Not Flooded","2025-02-10T19:34:02.561352Z",159,"/data/local-files/?d=/share/XXXX-19/nexar_data/training_datasets/street_flooding/all_no_letterboxing/nlbx_c6621260e98420a4cc0b7ddae657f8c6.jpg","",0.933,0,"2025-02-10T19:34:02.561372Z"
30551,"1","No,","Not Flooded","2025-02-10T19:31:20.694918Z",161,"/data/local-files/?d=/share/XXXX-19/nexar_data/training_datasets/street_flooding/all_no_letterboxing/nlbx_2719f6b08a4841cf5a5f52957b0f4951.jpg","",1.85,0,"2025-02-10T19:31:20.694941Z"
29835,"1","Yes,","Not Flooded","2025-02-09T18:35:21.711834Z",162,"/data/local-files/?d=/share/XXXX-19/nexar_data/training_datasets/street_flooding/all_no_letterboxing/nlbx_2b4a2ff84cc5b17bdc2d29e99c4617e0.jpg","",0.863,1,"2025-02-09T18:35:21.711854Z"
30587,"1","No,","Not Flooded","2025-02-10T19:32:16.175384Z",165,"/data/local-files/?d=/share/XXXX-19/nexar_data/training_datasets/street_flooding/all_no_letterboxing/nlbx_5fec2af93a66725b23a7a30285f0485b.jpg","",0.976,0,"2025-02-10T19:32:16.175404Z"
29798,"1","No,","Not Flooded","2025-02-09T18:34:29.070106Z",167,"/data/local-files/?d=/share/XXXX-19/nexar_data/training_datasets/street_flooding/all_no_letterboxing/nlbx_6c23e44ce7272d254cd8182eeded64d7.jpg","",0.881,0,"2025-02-09T18:34:29.070126Z"
28585,"1","No,","Not Flooded","2025-02-03T22:18:57.994300Z",169,"/data/local-files/?d=/share/XXXX-19/nexar_data/training_datasets/street_flooding/all_no_letterboxing/nlbx_58e59f772eb4513d7df39eef5a34cd83.jpg","",9.509,0,"2025-02-03T22:18:57.994322Z"
30590,"1","Yes,","Not Flooded","2025-02-10T19:32:20.675108Z",170,"/data/local-files/?d=/share/XXXX-19/nexar_data/training_datasets/street_flooding/all_no_letterboxing/nlbx_e39a3c9d114baba8749b35430a7a2396.jpg","",1.07,1,"2025-02-10T19:32:20.675128Z"
29768,"1","Yes,","Not Flooded","2025-02-09T18:33:48.563372Z",171,"/data/local-files/?d=/share/XXXX-19/nexar_data/training_datasets/street_flooding/all_no_letterboxing/nlbx_6cd18288f5ed591a53964703837efa1e.jpg","",0.953,1,"2025-02-09T18:33:48.563392Z"
30655,"1","Yes,","Not Flooded","2025-02-10T19:34:15.339778Z",172,"/data/local-files/?d=/share/XXXX-19/nexar_data/training_datasets/street_flooding/all_no_letterboxing/nlbx_98bde806ac44d6de3f302a96a7815b64.jpg","",1.017,1,"2025-02-10T19:34:15.339800Z"
30500,"1","No,","Not Flooded","2025-02-10T19:29:13.558605Z",173,"/data/local-files/?d=/share/XXXX-19/nexar_data/training_datasets/street_flooding/all_no_letterboxing/nlbx_7c74e04962cd9067bb7f50341428846b.jpg","",1.38,0,"2025-02-10T19:29:13.558625Z"
30624,"1","Yes,","Not Flooded","2025-02-10T19:33:29.894866Z",174,"/data/local-files/?d=/share/XXXX-19/nexar_data/training_datasets/street_flooding/all_no_letterboxing/nlbx_b49d41b055e05ba5da576c211e9d8149.jpg","",0.938,1,"2025-02-10T19:33:29.894887Z"
28683,"1","Yes,","Not Flooded","2025-02-03T22:22:51.445802Z",175,"/data/local-files/?d=/share/XXXX-19/nexar_data/training_datasets/street_flooding/all_no_letterboxing/nlbx_da0acadac5d0d2163f35ac47c596c72b.jpg","",2.738,1,"2025-02-03T22:22:51.445824Z"
30490,"1","Yes,","Not Flooded","2025-02-10T19:28:58.373591Z",177,"/data/local-files/?d=/share/XXXX-19/nexar_data/training_datasets/street_flooding/all_no_letterboxing/nlbx_407c37e9e91daded17dcfe94d6c7b164.jpg","",0.997,1,"2025-02-10T19:28:58.373612Z"
28657,"1","Yes,","Not Flooded","2025-02-03T22:22:05.121125Z",178,"/data/local-files/?d=/share/XXXX-19/nexar_data/training_datasets/street_flooding/all_no_letterboxing/nlbx_0ed3d73d717c9a575e4f73cd8dd1718b.jpg","",2.627,1,"2025-02-03T22:22:05.121149Z"
29826,"1","Yes,","Not Flooded","2025-02-09T18:35:09.282277Z",180,"/data/local-files/?d=/share/XXXX-19/nexar_data/training_datasets/street_flooding/all_no_letterboxing/nlbx_58cf4b267f0cef0d2e1411593c966b90.jpg","",0.959,1,"2025-02-09T18:35:09.282297Z"
30650,"1","No,","Not Flooded","2025-02-10T19:34:08.048430Z",183,"/data/local-files/?d=/share/XXXX-19/nexar_data/training_datasets/street_flooding/all_no_letterboxing/nlbx_a2537c08bc49390b3ae999889eb07616.jpg","",0.933,0,"2025-02-10T19:34:08.048451Z"
30433,"1","Yes,","Not Flooded","2025-02-10T19:27:16.971827Z",185,"/data/local-files/?d=/share/XXXX-19/nexar_data/training_datasets/street_flooding/all_no_letterboxing/nlbx_b8a4edad4357df168cd9e9957b281669.jpg","",0.998,1,"2025-02-10T19:27:16.971849Z"
30503,"1","Yes,","Flooded","2025-02-10T19:29:19.069781Z",186,"/data/local-files/?d=/share/XXXX-19/nexar_data/training_datasets/street_flooding/all_no_letterboxing/nlbx_a27efea23dedc301c0c37f0594105dd7.jpg","",1.16,1,"2025-02-10T19:29:19.069802Z"
29839,"1","No,","Not Flooded","2025-02-09T18:35:28.117072Z",187,"/data/local-files/?d=/share/XXXX-19/nexar_data/training_datasets/street_flooding/all_no_letterboxing/nlbx_6af817b92f9bfb494aea257034f3c55e.jpg","",1.1,0,"2025-02-09T18:35:28.117092Z"
29817,"1","Yes,","Not Flooded","2025-02-09T18:34:56.351074Z",189,"/data/local-files/?d=/share/XXXX-19/nexar_data/training_datasets/street_flooding/all_no_letterboxing/nlbx_90063fdd5ded6d32988aa77e582fca20.jpg","",0.953,1,"2025-02-09T18:34:56.351094Z"
29772,"1","No,","Not Flooded","2025-02-09T18:33:54.139901Z",191,"/data/local-files/?d=/share/XXXX-19/nexar_data/training_datasets/street_flooding/all_no_letterboxing/nlbx_ab9c29813ecad129e003d477dbfd1b8e.jpg","",0.885,0,"2025-02-09T18:33:54.139920Z"
30581,"1","No,","Not Flooded","2025-02-10T19:32:05.974000Z",192,"/data/local-files/?d=/share/XXXX-19/nexar_data/training_datasets/street_flooding/all_no_letterboxing/nlbx_b0abb6104bb251957c4502b71b34eb50.jpg","",0.964,0,"2025-02-10T19:32:05.974021Z"
29809,"1","Yes,","Not Flooded","2025-02-09T18:34:45.666462Z",195,"/data/local-files/?d=/share/XXXX-19/nexar_data/training_datasets/street_flooding/all_no_letterboxing/nlbx_be6c3a1cff25ef9a221923e99a8e54b7.jpg","",1.211,1,"2025-02-09T18:34:45.666482Z"
29770,"1","No,","Not Flooded","2025-02-09T18:33:51.423431Z",197,"/data/local-files/?d=/share/XXXX-19/nexar_data/training_datasets/street_flooding/all_no_letterboxing/nlbx_a452b4cfc258822b2990a8e8c15c6d57.jpg","",1.054,0,"2025-02-09T18:33:51.423452Z"
30472,"1","Yes,","Not Flooded","2025-02-10T19:28:22.879887Z",198,"/data/local-files/?d=/share/XXXX-19/nexar_data/training_datasets/street_flooding/all_no_letterboxing/nlbx_2da21c3e9932e7727110fd56e1229d45.jpg","",1.494,1,"2025-02-10T19:28:22.879910Z"
28671,"1","No,","Not Flooded","2025-02-03T22:22:25.426581Z",199,"/data/local-files/?d=/share/XXXX-19/nexar_data/training_datasets/street_flooding/all_no_letterboxing/nlbx_c81f09a7746d6ee9ae493ae388ad1682.jpg","",0.832,0,"2025-02-03T22:22:25.426604Z"
30393,"1","No,","Not Flooded","2025-02-10T19:24:41.034946Z",201,"/data/local-files/?d=/share/XXXX-19/nexar_data/training_datasets/street_flooding/all_no_letterboxing/nlbx_81ce24e439433de62e08ccc8289130c2.jpg","",0.937,0,"2025-02-10T19:24:41.034966Z"
28611,"1","Yes,","Not Flooded","2025-02-03T22:20:18.799077Z",203,"/data/local-files/?d=/share/XXXX-19/nexar_data/training_datasets/street_flooding/all_no_letterboxing/nlbx_8e87d951e90fec006299613d6ec8d2f8.jpg","",4.478,1,"2025-02-03T22:20:18.799103Z"
30667,"1","Yes,","Not Flooded","2025-02-10T19:34:34.786826Z",204,"/data/local-files/?d=/share/XXXX-19/nexar_data/training_datasets/street_flooding/all_no_letterboxing/nlbx_549196fd9b0adae5a3753f38d07e590f.jpg","",1.093,1,"2025-02-10T19:34:34.786846Z"
30510,"1","No,","Not Flooded","2025-02-10T19:30:10.344590Z",205,"/data/local-files/?d=/share/XXXX-19/nexar_data/training_datasets/street_flooding/all_no_letterboxing/nlbx_7612ae7a3bdbeb0aeec8a6cea4761bd0.jpg","",1.568,0,"2025-02-10T19:30:10.344613Z"
29808,"1","Yes,","Not Flooded","2025-02-09T18:34:43.995668Z",206,"/data/local-files/?d=/share/XXXX-19/nexar_data/training_datasets/street_flooding/all_no_letterboxing/nlbx_9dfa67db99879428ed7e381a65d300c0.jpg","",1.597,1,"2025-02-09T18:34:43.995689Z"
30445,"1","No,","Not Flooded","2025-02-10T19:27:37.076110Z",211,"/data/local-files/?d=/share/XXXX-19/nexar_data/training_datasets/street_flooding/all_no_letterboxing/nlbx_09f3854f16b142224bd93eed9adefff6.jpg","",1.049,0,"2025-02-10T19:27:37.076131Z"
30480,"1","Yes,","Not Flooded","2025-02-10T19:28:35.894591Z",213,"/data/local-files/?d=/share/XXXX-19/nexar_data/training_datasets/street_flooding/all_no_letterboxing/nlbx_f822742f0f2a3058e26e985eb704cd19.jpg","",1.569,1,"2025-02-10T19:28:35.894613Z"
28665,"1","No,","Not Flooded","2025-02-03T22:22:17.350279Z",216,"/data/local-files/?d=/share/XXXX-19/nexar_data/training_datasets/street_flooding/all_no_letterboxing/nlbx_32675dc9bf0de795a7cfda2133b31329.jpg","",0.806,0,"2025-02-03T22:22:17.350300Z"
29833,"1","Yes,","Not Flooded","2025-02-09T18:35:19.171581Z",217,"/data/local-files/?d=/share/XXXX-19/nexar_data/training_datasets/street_flooding/all_no_letterboxing/nlbx_7fb106c083f418aff586258918f16d36.jpg","",0.841,1,"2025-02-09T18:35:19.171601Z"
30575,"1","No,","Not Flooded","2025-02-10T19:31:57.745492Z",219,"/data/local-files/?d=/share/XXXX-19/nexar_data/training_datasets/street_flooding/all_no_letterboxing/nlbx_90a0a01d305695ed65462138f0ce246d.jpg","",0.866,0,"2025-02-10T19:31:57.745513Z"
30632,"1","Yes,","Not Flooded","2025-02-10T19:33:41.255020Z",221,"/data/local-files/?d=/share/XXXX-19/nexar_data/training_datasets/street_flooding/all_no_letterboxing/nlbx_69aaadc99f0a1a97b0b5218e81166ecf.jpg","",0.875,1,"2025-02-10T19:33:41.255041Z"
30601,"1","No,","Not Flooded","2025-02-10T19:32:39.481133Z",222,"/data/local-files/?d=/share/XXXX-19/nexar_data/training_datasets/street_flooding/all_no_letterboxing/nlbx_3c899c8af3b7a406d416e8cd486914cb.jpg","",0.891,0,"2025-02-10T19:32:39.481153Z"
28587,"1","No,","Not Flooded","2025-02-03T22:19:12.191894Z",223,"/data/local-files/?d=/share/XXXX-19/nexar_data/training_datasets/street_flooding/all_no_letterboxing/nlbx_623046972988f021e740a92f3f9ea975.jpg","",4.63,0,"2025-02-03T22:19:12.191917Z"
30572,"1","No,","Not Flooded","2025-02-10T19:31:53.342637Z",226,"/data/local-files/?d=/share/XXXX-19/nexar_data/training_datasets/street_flooding/all_no_letterboxing/nlbx_2d5ccff87097decde978d30737e55664.jpg","",0.969,0,"2025-02-10T19:31:53.342658Z"
30566,"1","Yes,","Not Flooded","2025-02-10T19:31:44.559299Z",229,"/data/local-files/?d=/share/XXXX-19/nexar_data/training_datasets/street_flooding/all_no_letterboxing/nlbx_02bdc60b0b2e5639dee17a4832223377.jpg","",1.004,1,"2025-02-10T19:31:44.559320Z"
30392,"1","No,","Not Flooded","2025-02-10T19:24:39.617121Z",233,"/data/local-files/?d=/share/XXXX-19/nexar_data/training_datasets/street_flooding/all_no_letterboxing/nlbx_7b3f872f7216ca312e86747c10ebf29f.jpg","",0.952,0,"2025-02-10T19:24:39.617144Z"
30560,"1","Yes,","Not Flooded","2025-02-10T19:31:34.678651Z",234,"/data/local-files/?d=/share/XXXX-19/nexar_data/training_datasets/street_flooding/all_no_letterboxing/nlbx_03d559d0db3dc16cf2a050233dfa6901.jpg","",1.149,1,"2025-02-10T19:31:34.678674Z"
30524,"1","Yes,","Not Flooded","2025-02-10T19:30:35.311408Z",235,"/data/local-files/?d=/share/XXXX-19/nexar_data/training_datasets/street_flooding/all_no_letterboxing/nlbx_34f13dd058f8d62fa42031eacf55eccb.jpg","",1.022,1,"2025-02-10T19:30:35.311431Z"
28586,"1","No,","Not Flooded","2025-02-03T22:19:06.939175Z",236,"/data/local-files/?d=/share/XXXX-19/nexar_data/training_datasets/street_flooding/all_no_letterboxing/nlbx_eaf6f0d969bb78abbea357adc4f309ed.jpg","",8.578,0,"2025-02-03T22:19:06.939197Z"
30539,"1","Yes,","Not Flooded","2025-02-10T19:31:01.495921Z",239,"/data/local-files/?d=/share/XXXX-19/nexar_data/training_datasets/street_flooding/all_no_letterboxing/nlbx_66124a14b9373331f9e90a1e7e15fab2.jpg","",1.112,1,"2025-02-10T19:31:01.495942Z"
29827,"1","No,","Not Flooded","2025-02-09T18:35:10.605018Z",240,"/data/local-files/?d=/share/XXXX-19/nexar_data/training_datasets/street_flooding/all_no_letterboxing/nlbx_7b801879cb2d84bbfcb61786e09b9ed8.jpg","",0.86,0,"2025-02-09T18:35:10.605038Z"
30464,"1","No,","Not Flooded","2025-02-10T19:28:06.975976Z",242,"/data/local-files/?d=/share/XXXX-19/nexar_data/training_datasets/street_flooding/all_no_letterboxing/nlbx_b249873c6e23718a902579eaf8fa7d2a.jpg","",0.919,0,"2025-02-10T19:28:06.975996Z"
29884,"1","No,","Not Flooded","2025-02-09T18:36:42.459202Z",243,"/data/local-files/?d=/share/XXXX-19/nexar_data/training_datasets/street_flooding/all_no_letterboxing/nlbx_dcd6c0d5165472ae87db62428f9de225.jpg","",0.862,0,"2025-02-09T18:36:42.459222Z"
29857,"1","Yes,","Not Flooded","2025-02-09T18:35:55.297043Z",245,"/data/local-files/?d=/share/XXXX-19/nexar_data/training_datasets/street_flooding/all_no_letterboxing/nlbx_d06861df0a4bded403f390ca15b23ab8.jpg","",1.333,1,"2025-02-09T18:35:55.297063Z"
29792,"1","No,","Not Flooded","2025-02-09T18:34:20.850054Z",246,"/data/local-files/?d=/share/XXXX-19/nexar_data/training_datasets/street_flooding/all_no_letterboxing/nlbx_404c0d4f78e65ef3102df20fd0eca1a6.jpg","",0.955,0,"2025-02-09T18:34:20.850074Z"
28648,"1","No,","Not Flooded","2025-02-03T22:21:45.580270Z",248,"/data/local-files/?d=/share/XXXX-19/nexar_data/training_datasets/street_flooding/all_no_letterboxing/nlbx_60cee33a9dd84267fc1b4d988bba5c4a.jpg","",0.776,0,"2025-02-03T22:21:45.580295Z"
28668,"1","Yes,","Not Flooded","2025-02-03T22:22:21.497816Z",249,"/data/local-files/?d=/share/XXXX-19/nexar_data/training_datasets/street_flooding/all_no_letterboxing/nlbx_bfc8d632f6aba25ccd9b77ec0ca214b8.jpg","",0.979,1,"2025-02-03T22:22:21.497845Z"
30454,"1","No,","Not Flooded","2025-02-10T19:27:52.591613Z",255,"/data/local-files/?d=/share/XXXX-19/nexar_data/training_datasets/street_flooding/all_no_letterboxing/nlbx_fb0afce7d8aef97b57fdc79d5581ced8.jpg","",0.926,0,"2025-02-10T19:27:52.591634Z"
30695,"1","Yes,","Not Flooded","2025-02-10T19:35:16.864138Z",259,"/data/local-files/?d=/share/XXXX-19/nexar_data/training_datasets/street_flooding/all_no_letterboxing/nlbx_bb76fd465faf6aca02bd0a224c3870f8.jpg","",1.044,1,"2025-02-10T19:35:16.864158Z"
28662,"1","Yes,","Not Flooded","2025-02-03T22:22:13.479047Z",261,"/data/local-files/?d=/share/XXXX-19/nexar_data/training_datasets/street_flooding/all_no_letterboxing/nlbx_6d306163dc68ccb6398c8c809ff66862.jpg","",0.85,1,"2025-02-03T22:22:13.479072Z"
29784,"1","No,","Not Flooded","2025-02-09T18:34:10.005709Z",262,"/data/local-files/?d=/share/XXXX-19/nexar_data/training_datasets/street_flooding/all_no_letterboxing/nlbx_c55c36598dad15a7c6f0665b9a5cc8e7.jpg","",0.872,0,"2025-02-09T18:34:10.005729Z"
30441,"1","Yes,","Not Flooded","2025-02-10T19:27:30.915998Z",264,"/data/local-files/?d=/share/XXXX-19/nexar_data/training_datasets/street_flooding/all_no_letterboxing/nlbx_280083a7f12c50b13bec3919c0dbfea5.jpg","",1.125,1,"2025-02-10T19:27:30.916017Z"
30603,"1","No,","Not Flooded","2025-02-10T19:32:42.230657Z",267,"/data/local-files/?d=/share/XXXX-19/nexar_data/training_datasets/street_flooding/all_no_letterboxing/nlbx_ce41c6ee0751d7d60e724349dcc2c420.jpg","",0.916,0,"2025-02-10T19:32:42.230676Z"
30515,"1","No,","Not Flooded","2025-02-10T19:30:20.421272Z",268,"/data/local-files/?d=/share/XXXX-19/nexar_data/training_datasets/street_flooding/all_no_letterboxing/nlbx_a646cf314d9cb9142f10b02896984a86.jpg","",1.421,0,"2025-02-10T19:30:20.421293Z"
29866,"1","Yes,","Flooded","2025-02-09T18:36:11.697097Z",269,"/data/local-files/?d=/share/XXXX-19/nexar_data/training_datasets/street_flooding/all_no_letterboxing/nlbx_65ecdf42da3778f2a5d19e9f09d17c07.jpg","",1.248,1,"2025-02-09T18:36:11.697118Z"
30489,"1","Yes,","Flooded","2025-02-10T19:28:56.907789Z",270,"/data/local-files/?d=/share/XXXX-19/nexar_data/training_datasets/street_flooding/all_no_letterboxing/nlbx_d63f2845225d39423a48b202e470d5ad.jpg","",1.629,1,"2025-02-10T19:28:56.907809Z"
30538,"1","No,","Not Flooded","2025-02-10T19:30:59.897290Z",271,"/data/local-files/?d=/share/XXXX-19/nexar_data/training_datasets/street_flooding/all_no_letterboxing/nlbx_09eec722c8bf751d3c2defdf0d43a09b.jpg","",1.157,0,"2025-02-10T19:30:59.897309Z"
29874,"1","No,","Not Flooded","2025-02-09T18:36:24.200409Z",272,"/data/local-files/?d=/share/XXXX-19/nexar_data/training_datasets/street_flooding/all_no_letterboxing/nlbx_22f5621ae952e9d59455342fad0364ae.jpg","",0.979,0,"2025-02-09T18:36:24.200428Z"
30460,"1","Yes,","Not Flooded","2025-02-10T19:28:01.241368Z",273,"/data/local-files/?d=/share/XXXX-19/nexar_data/training_datasets/street_flooding/all_no_letterboxing/nlbx_6a0740be0bd910da59618e258bb7ef00.jpg","",0.874,1,"2025-02-10T19:28:01.241388Z"
30580,"1","No,","Not Flooded","2025-02-10T19:32:04.508852Z",274,"/data/local-files/?d=/share/XXXX-19/nexar_data/training_datasets/street_flooding/all_no_letterboxing/nlbx_5b6a522d5e5a3c11576d7de4cb221c5a.jpg","",0.939,0,"2025-02-10T19:32:04.508875Z"
30612,"1","No,","Not Flooded","2025-02-10T19:32:56.393016Z",275,"/data/local-files/?d=/share/XXXX-19/nexar_data/training_datasets/street_flooding/all_no_letterboxing/nlbx_457811c4f5c8eb2b0e2c7e49a38e5435.jpg","",0.918,0,"2025-02-10T19:32:56.393039Z"
30443,"1","No,","Not Flooded","2025-02-10T19:27:34.080459Z",276,"/data/local-files/?d=/share/XXXX-19/nexar_data/training_datasets/street_flooding/all_no_letterboxing/nlbx_709ed036768510d8ef59c0072117cef7.jpg","",1.03,0,"2025-02-10T19:27:34.080479Z"
30518,"1","No,","Not Flooded","2025-02-10T19:30:25.452143Z",278,"/data/local-files/?d=/share/XXXX-19/nexar_data/training_datasets/street_flooding/all_no_letterboxing/nlbx_ddb6ec6e003650f66a45c6cf2cfeba45.jpg","",1.147,0,"2025-02-10T19:30:25.452165Z"
29791,"1","No,","Not Flooded","2025-02-09T18:34:19.439244Z",279,"/data/local-files/?d=/share/XXXX-19/nexar_data/training_datasets/street_flooding/all_no_letterboxing/nlbx_08db0ca20e21217da3e4a2e68ce3e4ef.jpg","",0.985,0,"2025-02-09T18:34:19.439266Z"
29883,"1","No,","Not Flooded","2025-02-09T18:36:41.118597Z",280,"/data/local-files/?d=/share/XXXX-19/nexar_data/training_datasets/street_flooding/all_no_letterboxing/nlbx_9d14c3094743f431c831a97b8902d752.jpg","",0.896,0,"2025-02-09T18:36:41.118617Z"
30448,"1","No,","Not Flooded","2025-02-10T19:27:41.670013Z",281,"/data/local-files/?d=/share/XXXX-19/nexar_data/training_datasets/street_flooding/all_no_letterboxing/nlbx_d55ad0f2b8cb0fb802dd6e8b0a9090eb.jpg","",1.013,0,"2025-02-10T19:27:41.670034Z"
30663,"1","Yes,","Not Flooded","2025-02-10T19:34:28.793744Z",283,"/data/local-files/?d=/share/XXXX-19/nexar_data/training_datasets/street_flooding/all_no_letterboxing/nlbx_4223a77bfb8e8fddd413c6f4dfc94461.jpg","",1.028,1,"2025-02-10T19:34:28.793765Z"
30427,"1","Yes,","Not Flooded","2025-02-10T19:27:05.404039Z",284,"/data/local-files/?d=/share/XXXX-19/nexar_data/training_datasets/street_flooding/all_no_letterboxing/nlbx_9cd7d0bc2ca1937e3116478f6608ab93.jpg","",1.087,1,"2025-02-10T19:27:05.404059Z"
29811,"1","Yes,","Not Flooded","2025-02-09T18:34:48.349340Z",286,"/data/local-files/?d=/share/XXXX-19/nexar_data/training_datasets/street_flooding/all_no_letterboxing/nlbx_ab2ca14f0ece4877e94a771fed616d96.jpg","",0.872,1,"2025-02-09T18:34:48.349360Z"
29796,"1","No,","Not Flooded","2025-02-09T18:34:26.136860Z",287,"/data/local-files/?d=/share/XXXX-19/nexar_data/training_datasets/street_flooding/all_no_letterboxing/nlbx_1ccadabd2493c8d7e7e049a1fbb6cf69.jpg","",0.946,0,"2025-02-09T18:34:26.136880Z"
29830,"1","Yes,","Not Flooded","2025-02-09T18:35:15.313392Z",288,"/data/local-files/?d=/share/XXXX-19/nexar_data/training_datasets/street_flooding/all_no_letterboxing/nlbx_c84ddf5f073d0f8622f1a3faad6bc911.jpg","",0.886,1,"2025-02-09T18:35:15.313412Z"
30470,"1","Yes,","Not Flooded","2025-02-10T19:28:19.109203Z",289,"/data/local-files/?d=/share/XXXX-19/nexar_data/training_datasets/street_flooding/all_no_letterboxing/nlbx_49dc70178243f6bcd6b8cf64b6404a64.jpg","",2.382,1,"2025-02-10T19:28:19.109225Z"
28612,"1","Yes,","Flooded","2025-02-03T22:20:20.242008Z",290,"/data/local-files/?d=/share/XXXX-19/nexar_data/training_datasets/street_flooding/all_no_letterboxing/nlbx_e3a31190c255b18b8863b065d1db80f5.jpg","",1.085,1,"2025-02-03T22:20:20.242031Z"
28605,"1","Yes,","Not Flooded","2025-02-03T22:20:04.366951Z",295,"/data/local-files/?d=/share/XXXX-19/nexar_data/training_datasets/street_flooding/all_no_letterboxing/nlbx_eed778ad73163d5a0e3dcb321c681354.jpg","",1.045,1,"2025-02-03T22:20:04.366981Z"
29795,"1","No,","Not Flooded","2025-02-09T18:34:24.737948Z",296,"/data/local-files/?d=/share/XXXX-19/nexar_data/training_datasets/street_flooding/all_no_letterboxing/nlbx_f71ce1713853b26ee1dbaaef47277cd4.jpg","",0.742,0,"2025-02-09T18:34:24.737968Z"
30516,"1","Yes,","Not Flooded","2025-02-10T19:30:22.157813Z",297,"/data/local-files/?d=/share/XXXX-19/nexar_data/training_datasets/street_flooding/all_no_letterboxing/nlbx_71430d3ec37cdf3c5aec00f9cf035cdc.jpg","",1.252,1,"2025-02-10T19:30:22.157833Z"
28638,"1","Yes,","Not Flooded","2025-02-03T22:21:32.361196Z",299,"/data/local-files/?d=/share/XXXX-19/nexar_data/training_datasets/street_flooding/all_no_letterboxing/nlbx_d1d3b92a9fb412f5da9239e358ff8efa.jpg","",1.562,1,"2025-02-03T22:21:32.361231Z"
30502,"1","Yes,","Not Flooded","2025-02-10T19:29:17.425008Z",300,"/data/local-files/?d=/share/XXXX-19/nexar_data/training_datasets/street_flooding/all_no_letterboxing/nlbx_107b5c3c60c3a7fe2318af9cb95d1775.jpg","",1.12,1,"2025-02-10T19:29:17.425028Z"
28653,"1","No,","Not Flooded","2025-02-03T22:21:53.397106Z",301,"/data/local-files/?d=/share/XXXX-19/nexar_data/training_datasets/street_flooding/all_no_letterboxing/nlbx_f4ddd12839c8fa0d36f3121f4a47b9d7.jpg","",1.179,0,"2025-02-03T22:21:53.397131Z"
28595,"1","No,","Flooded","2025-02-03T22:19:32.918326Z",307,"/data/local-files/?d=/share/XXXX-19/nexar_data/training_datasets/street_flooding/all_no_letterboxing/nlbx_a4ddf439309bfc0ef6edf1a2691fc15c.jpg","",5.385,0,"2025-02-03T22:19:32.918355Z"
30611,"1","No,","Not Flooded","2025-02-10T19:32:54.982201Z",308,"/data/local-files/?d=/share/XXXX-19/nexar_data/training_datasets/street_flooding/all_no_letterboxing/nlbx_7d3b89353f16cf9ab29e1d0bb96ab357.jpg","",0.859,0,"2025-02-10T19:32:54.982222Z"
29767,"1","No,","Not Flooded","2025-02-09T18:33:47.135491Z",310,"/data/local-files/?d=/share/XXXX-19/nexar_data/training_datasets/street_flooding/all_no_letterboxing/nlbx_5fa8d206fa21854d12d33223488534f9.jpg","",1.047,0,"2025-02-09T18:33:47.135512Z"
30592,"1","No,","Not Flooded","2025-02-10T19:32:23.830795Z",313,"/data/local-files/?d=/share/XXXX-19/nexar_data/training_datasets/street_flooding/all_no_letterboxing/nlbx_404b842bb398f66c8b538f0f29e93308.jpg","",1.118,0,"2025-02-10T19:32:23.830815Z"
28597,"1","Yes,","Not Flooded","2025-02-03T22:19:46.503993Z",317,"/data/local-files/?d=/share/XXXX-19/nexar_data/training_datasets/street_flooding/all_no_letterboxing/nlbx_5eba24ecce80e86975e898b8b8d8fdf3.jpg","",7.213,1,"2025-02-03T22:19:46.504016Z"
30678,"1","No,","Not Flooded","2025-02-10T19:34:50.466369Z",318,"/data/local-files/?d=/share/XXXX-19/nexar_data/training_datasets/street_flooding/all_no_letterboxing/nlbx_41023832db2f7176ec5ce45245851d25.jpg","",0.896,0,"2025-02-10T19:34:50.466389Z"
30607,"1","No,","Not Flooded","2025-02-10T19:32:49.214918Z",320,"/data/local-files/?d=/share/XXXX-19/nexar_data/training_datasets/street_flooding/all_no_letterboxing/nlbx_dd8f762aa9fca57e3ad1624d2980c873.jpg","",0.926,0,"2025-02-10T19:32:49.214938Z"
30476,"1","Yes,","Not Flooded","2025-02-10T19:28:28.991929Z",324,"/data/local-files/?d=/share/XXXX-19/nexar_data/training_datasets/street_flooding/all_no_letterboxing/nlbx_019a1ef3eeb307aa81cc6b0e991d589c.jpg","",0.972,1,"2025-02-10T19:28:28.991950Z"
29838,"1","Yes,","Not Flooded","2025-02-09T18:35:26.558364Z",325,"/data/local-files/?d=/share/XXXX-19/nexar_data/training_datasets/street_flooding/all_no_letterboxing/nlbx_5ebe437236988fbaca11133217e5d608.jpg","",1.066,1,"2025-02-09T18:35:26.558384Z"
29789,"1","No,","Not Flooded","2025-02-09T18:34:16.247412Z",328,"/data/local-files/?d=/share/XXXX-19/nexar_data/training_datasets/street_flooding/all_no_letterboxing/nlbx_77e0cdc28f74f909373985cf3a3e513c.jpg","",0.724,0,"2025-02-09T18:34:16.247432Z"
30400,"1","No,","Not Flooded","2025-02-10T19:26:07.430563Z",329,"/data/local-files/?d=/share/XXXX-19/nexar_data/training_datasets/street_flooding/all_no_letterboxing/nlbx_667bb3654985f3ac713ccf4d6af9c2df.jpg","",2.226,0,"2025-02-10T19:26:07.430584Z"
29805,"1","Yes,","Not Flooded","2025-02-09T18:34:38.668756Z",333,"/data/local-files/?d=/share/XXXX-19/nexar_data/training_datasets/street_flooding/all_no_letterboxing/nlbx_5b4aefce99c5bdf11b1fa8d647a24b09.jpg","",1.373,1,"2025-02-09T18:34:38.668777Z"
30530,"1","No,","Not Flooded","2025-02-10T19:30:45.222082Z",336,"/data/local-files/?d=/share/XXXX-19/nexar_data/training_datasets/street_flooding/all_no_letterboxing/nlbx_f36683d8bda0e3f4615ebd1ac6b4494b.jpg","",1.056,0,"2025-02-10T19:30:45.222103Z"
29801,"1","Yes,","Not Flooded","2025-02-09T18:34:33.023473Z",337,"/data/local-files/?d=/share/XXXX-19/nexar_data/training_datasets/street_flooding/all_no_letterboxing/nlbx_4aed8995b8ddee56d7b92e6d7525b8d6.jpg","",0.85,1,"2025-02-09T18:34:33.023493Z"
28608,"1","Yes,","Flooded","2025-02-03T22:20:09.617278Z",339,"/data/local-files/?d=/share/XXXX-19/nexar_data/training_datasets/street_flooding/all_no_letterboxing/nlbx_805311aed727d51dcd45a2516c86fc95.jpg","",1.918,1,"2025-02-03T22:20:09.617301Z"
30540,"1","No,","Not Flooded","2025-02-10T19:31:03.068149Z",340,"/data/local-files/?d=/share/XXXX-19/nexar_data/training_datasets/street_flooding/all_no_letterboxing/nlbx_617699ea2257c466b1a7bd3ec2c537df.jpg","",1.087,0,"2025-02-10T19:31:03.068171Z"
30395,"1","Yes,","Not Flooded","2025-02-10T19:24:44.153223Z",342,"/data/local-files/?d=/share/XXXX-19/nexar_data/training_datasets/street_flooding/all_no_letterboxing/nlbx_e865566be05d3f0cfe20a077408d34dd.jpg","",1.047,1,"2025-02-10T19:24:44.153244Z"
30545,"1","No,","Not Flooded","2025-02-10T19:31:10.653544Z",344,"/data/local-files/?d=/share/XXXX-19/nexar_data/training_datasets/street_flooding/all_no_letterboxing/nlbx_eef8af41689461aaaebf55d7de5e6a51.jpg","",0.949,0,"2025-02-10T19:31:10.653569Z"
30498,"1","No,","Not Flooded","2025-02-10T19:29:10.317348Z",345,"/data/local-files/?d=/share/XXXX-19/nexar_data/training_datasets/street_flooding/all_no_letterboxing/nlbx_a5f8a9c14d99119a2156153d5e85bce8.jpg","",0.946,0,"2025-02-10T19:29:10.317368Z"
30483,"1","No,","Not Flooded","2025-02-10T19:28:40.638642Z",348,"/data/local-files/?d=/share/XXXX-19/nexar_data/training_datasets/street_flooding/all_no_letterboxing/nlbx_9bbbf8d95d9f530f1d678c3cf3798a09.jpg","",1.054,0,"2025-02-10T19:28:40.638662Z"
30544,"1","Yes,","Flooded","2025-02-10T19:31:09.223625Z",353,"/data/local-files/?d=/share/XXXX-19/nexar_data/training_datasets/street_flooding/all_no_letterboxing/nlbx_1363c21d220800965a03c6b49f55ab7d.jpg","",1.144,1,"2025-02-10T19:31:09.223645Z"
30404,"1","No,","Not Flooded","2025-02-10T19:26:14.021357Z",354,"/data/local-files/?d=/share/XXXX-19/nexar_data/training_datasets/street_flooding/all_no_letterboxing/nlbx_fbc0f4f302225bd4aeb94a842636ae00.jpg","",1.458,0,"2025-02-10T19:26:14.021377Z"
30680,"1","Yes,","Not Flooded","2025-02-10T19:34:53.221608Z",356,"/data/local-files/?d=/share/XXXX-19/nexar_data/training_datasets/street_flooding/all_no_letterboxing/nlbx_6a0d73fbeb552f5689c28fb49b3ac5b7.jpg","",0.956,1,"2025-02-10T19:34:53.221630Z"
28650,"1","No,","Not Flooded","2025-02-03T22:21:48.736330Z",358,"/data/local-files/?d=/share/XXXX-19/nexar_data/training_datasets/street_flooding/all_no_letterboxing/nlbx_b4eedc8f92fd11a88d18895ded980856.jpg","",1.315,0,"2025-02-03T22:21:48.736352Z"
29872,"1","No,","Not Flooded","2025-02-09T18:36:20.937990Z",360,"/data/local-files/?d=/share/XXXX-19/nexar_data/training_datasets/street_flooding/all_no_letterboxing/nlbx_63131076b1d67d3411b5a56b209a0545.jpg","",0.876,0,"2025-02-09T18:36:20.938010Z"
30431,"1","No,","Not Flooded","2025-02-10T19:27:13.991481Z",361,"/data/local-files/?d=/share/XXXX-19/nexar_data/training_datasets/street_flooding/all_no_letterboxing/nlbx_d8f0bd23f4299efca17dfc5f6c74944e.jpg","",1.228,0,"2025-02-10T19:27:13.991500Z"
29812,"1","No,","Not Flooded","2025-02-09T18:34:49.567443Z",362,"/data/local-files/?d=/share/XXXX-19/nexar_data/training_datasets/street_flooding/all_no_letterboxing/nlbx_c9a2cd5deec391d60e4f2173b72b45fa.jpg","",0.764,0,"2025-02-09T18:34:49.567465Z"
30409,"1","Yes,","Not Flooded","2025-02-10T19:26:24.134611Z",363,"/data/local-files/?d=/share/XXXX-19/nexar_data/training_datasets/street_flooding/all_no_letterboxing/nlbx_e96bdaa6f3ef622402217c1e6c580dbe.jpg","",1.197,1,"2025-02-10T19:26:24.134631Z"
29841,"1","No,","Not Flooded","2025-02-09T18:35:30.738584Z",364,"/data/local-files/?d=/share/XXXX-19/nexar_data/training_datasets/street_flooding/all_no_letterboxing/nlbx_756061a45487b0b7c42b2498cfd90853.jpg","",0.835,0,"2025-02-09T18:35:30.738604Z"
30420,"1","No,","Not Flooded","2025-02-10T19:26:51.831386Z",365,"/data/local-files/?d=/share/XXXX-19/nexar_data/training_datasets/street_flooding/all_no_letterboxing/nlbx_e041aef95ae2e07cb83cbf02875f1be8.jpg","",1.187,0,"2025-02-10T19:26:51.831407Z"
30499,"1","No,","Not Flooded","2025-02-10T19:29:11.707608Z",369,"/data/local-files/?d=/share/XXXX-19/nexar_data/training_datasets/street_flooding/all_no_letterboxing/nlbx_c15f8ae7df82d537bedcb08052e54c1a.jpg","",0.914,0,"2025-02-10T19:29:11.707628Z"
30525,"1","No,","Not Flooded","2025-02-10T19:30:37.160462Z",370,"/data/local-files/?d=/share/XXXX-19/nexar_data/training_datasets/street_flooding/all_no_letterboxing/nlbx_96164f259e3a729d401f5042964d2ef7.jpg","",1.09,0,"2025-02-10T19:30:37.160484Z"
28645,"1","Yes,","Not Flooded","2025-02-03T22:21:41.855316Z",372,"/data/local-files/?d=/share/XXXX-19/nexar_data/training_datasets/street_flooding/all_no_letterboxing/nlbx_348cf4dc420c2f95d2068462f7869f11.jpg","",0.958,1,"2025-02-03T22:21:41.855339Z"
30430,"1","No,","Not Flooded","2025-02-10T19:27:12.269892Z",373,"/data/local-files/?d=/share/XXXX-19/nexar_data/training_datasets/street_flooding/all_no_letterboxing/nlbx_45d792f1118f94636fc1ac158db00ec3.jpg","",2.975,0,"2025-02-10T19:27:12.269912Z"
30463,"1","Yes,","Not Flooded","2025-02-10T19:28:05.570950Z",374,"/data/local-files/?d=/share/XXXX-19/nexar_data/training_datasets/street_flooding/all_no_letterboxing/nlbx_8aafe8a5964177dae6c0f76d4feb4c9e.jpg","",1.065,1,"2025-02-10T19:28:05.570983Z"
30657,"1","Yes,","Not Flooded","2025-02-10T19:34:18.141607Z",378,"/data/local-files/?d=/share/XXXX-19/nexar_data/training_datasets/street_flooding/all_no_letterboxing/nlbx_abf4dee5300e9e6ccd9594d38e1e1386.jpg","",0.941,1,"2025-02-10T19:34:18.141627Z"
28589,"1","No,","Not Flooded","2025-02-03T22:19:16.861255Z",380,"/data/local-files/?d=/share/XXXX-19/nexar_data/training_datasets/street_flooding/all_no_letterboxing/nlbx_ad9c51c30a2e1213f6aea24254b017ad.jpg","",2.192,0,"2025-02-03T22:19:16.861276Z"
29778,"1","No,","Not Flooded","2025-02-09T18:34:02.191667Z",382,"/data/local-files/?d=/share/XXXX-19/nexar_data/training_datasets/street_flooding/all_no_letterboxing/nlbx_2a4bcc0595953f6a22f252d06dd65061.jpg","",0.94,0,"2025-02-09T18:34:02.191687Z"
29862,"1","No,","Not Flooded","2025-02-09T18:36:05.651111Z",384,"/data/local-files/?d=/share/XXXX-19/nexar_data/training_datasets/street_flooding/all_no_letterboxing/nlbx_23d904998ac84457991956945f82907f.jpg","",0.993,0,"2025-02-09T18:36:05.651131Z"
30614,"1","Yes,","Flooded","2025-02-10T19:32:59.916286Z",385,"/data/local-files/?d=/share/XXXX-19/nexar_data/training_datasets/street_flooding/all_no_letterboxing/nlbx_9846a7cef38921def1d862c48f3530df.jpg","",1.513,1,"2025-02-10T19:32:59.916307Z"
30428,"1","No,","Not Flooded","2025-02-10T19:27:07.079995Z",388,"/data/local-files/?d=/share/XXXX-19/nexar_data/training_datasets/street_flooding/all_no_letterboxing/nlbx_a085d81b6fdb3a4161964a369f1db291.jpg","",1.195,0,"2025-02-10T19:27:07.080016Z"
30554,"1","Yes,","Not Flooded","2025-02-10T19:31:25.336633Z",389,"/data/local-files/?d=/share/XXXX-19/nexar_data/training_datasets/street_flooding/all_no_letterboxing/nlbx_eafe05466c7252ee1b5a2eb2e7b24c59.jpg","",1.051,1,"2025-02-10T19:31:25.336652Z"
30399,"1","Yes,","Not Flooded","2025-02-10T19:26:04.634651Z",390,"/data/local-files/?d=/share/XXXX-19/nexar_data/training_datasets/street_flooding/all_no_letterboxing/nlbx_39a154d8cfa76ea96bbe965b72dd20df.jpg","",73.799,1,"2025-02-10T19:26:04.634673Z"
30482,"1","No,","Not Flooded","2025-02-10T19:28:39.082363Z",391,"/data/local-files/?d=/share/XXXX-19/nexar_data/training_datasets/street_flooding/all_no_letterboxing/nlbx_895fdc123b9ca1353b59096eb5842d4a.jpg","",1.086,0,"2025-02-10T19:28:39.082383Z"
30642,"1","Yes,","Not Flooded","2025-02-10T19:33:56.387175Z",394,"/data/local-files/?d=/share/XXXX-19/nexar_data/training_datasets/street_flooding/all_no_letterboxing/nlbx_81286e42cf134361862eb6430e61a3ba.jpg","",0.93,1,"2025-02-10T19:33:56.387195Z"
30689,"1","No,","Not Flooded","2025-02-10T19:35:08.580919Z",396,"/data/local-files/?d=/share/XXXX-19/nexar_data/training_datasets/street_flooding/all_no_letterboxing/nlbx_8551044cf54750eaff05a6f037d44519.jpg","",0.936,0,"2025-02-10T19:35:08.580940Z"
30531,"1","Yes,","Flooded","2025-02-10T19:30:46.766488Z",399,"/data/local-files/?d=/share/XXXX-19/nexar_data/training_datasets/street_flooding/all_no_letterboxing/nlbx_1a3b8080d6329c251165cc6b02508214.jpg","",1.061,1,"2025-02-10T19:30:46.766508Z"
30468,"1","No,","Not Flooded","2025-02-10T19:28:14.603004Z",400,"/data/local-files/?d=/share/XXXX-19/nexar_data/training_datasets/street_flooding/all_no_letterboxing/nlbx_cbdfc1dbac8fa7d4659a228dc708ddde.jpg","",1.178,0,"2025-02-10T19:28:14.603027Z"
30491,"1","Yes,","Not Flooded","2025-02-10T19:28:59.766520Z",403,"/data/local-files/?d=/share/XXXX-19/nexar_data/training_datasets/street_flooding/all_no_letterboxing/nlbx_b5c27ef0501d72c018d7e8d8279e5a2b.jpg","",0.911,1,"2025-02-10T19:28:59.766540Z"
30452,"1","No,","Not Flooded","2025-02-10T19:27:49.797091Z",405,"/data/local-files/?d=/share/XXXX-19/nexar_data/training_datasets/street_flooding/all_no_letterboxing/nlbx_e580517ad5bd0cccc49c27590efafdde.jpg","",1.075,0,"2025-02-10T19:27:49.797112Z"
30514,"1","Yes,","Not Flooded","2025-02-10T19:30:18.521620Z",408,"/data/local-files/?d=/share/XXXX-19/nexar_data/training_datasets/street_flooding/all_no_letterboxing/nlbx_b1b49cf5495dff67872e261265bb511e.jpg","",1.221,1,"2025-02-10T19:30:18.521640Z"
30693,"1","No,","Not Flooded","2025-02-10T19:35:14.056196Z",410,"/data/local-files/?d=/share/XXXX-19/nexar_data/training_datasets/street_flooding/all_no_letterboxing/nlbx_77fba8b0874d039ac4e0e16ae60bdd4e.jpg","",0.833,0,"2025-02-10T19:35:14.056218Z"
28673,"1","No,","Not Flooded","2025-02-03T22:22:28.428635Z",413,"/data/local-files/?d=/share/XXXX-19/nexar_data/training_datasets/street_flooding/all_no_letterboxing/nlbx_1a78f4f75aef52598c57a06b9c4d586d.jpg","",1.098,0,"2025-02-03T22:22:28.428663Z"
29831,"1","No,","Not Flooded","2025-02-09T18:35:16.589013Z",414,"/data/local-files/?d=/share/XXXX-19/nexar_data/training_datasets/street_flooding/all_no_letterboxing/nlbx_aa61f6f4f29753fc480414e16b243c0c.jpg","",0.818,0,"2025-02-09T18:35:16.589032Z"
29806,"1","No,","Not Flooded","2025-02-09T18:34:40.059031Z",415,"/data/local-files/?d=/share/XXXX-19/nexar_data/training_datasets/street_flooding/all_no_letterboxing/nlbx_ac7fdd4534178642e0aec4fdea07b85b.jpg","",0.937,0,"2025-02-09T18:34:40.059053Z"
30437,"1","Yes,","Not Flooded","2025-02-10T19:27:24.550473Z",416,"/data/local-files/?d=/share/XXXX-19/nexar_data/training_datasets/street_flooding/all_no_letterboxing/nlbx_cfe8a1696027e3454c3c5d3d5d153a64.jpg","",1.933,1,"2025-02-10T19:27:24.550494Z"
30386,"1","No,","Not Flooded","2025-02-10T19:24:30.908821Z",417,"/data/local-files/?d=/share/XXXX-19/nexar_data/training_datasets/street_flooding/all_no_letterboxing/nlbx_2fa550cb6c267c96ee37d19059670ba3.jpg","",1.252,0,"2025-02-10T19:24:30.908841Z"
29782,"1","Yes,","Not Flooded","2025-02-09T18:34:07.453647Z",418,"/data/local-files/?d=/share/XXXX-19/nexar_data/training_datasets/street_flooding/all_no_letterboxing/nlbx_787640fc2a7082299f3a32f1731d6e13.jpg","",0.879,1,"2025-02-09T18:34:07.453667Z"
30511,"1","No,","Not Flooded","2025-02-10T19:30:12.202185Z",419,"/data/local-files/?d=/share/XXXX-19/nexar_data/training_datasets/street_flooding/all_no_letterboxing/nlbx_bf126dd63131b2e71f77bed3e767f32c.jpg","",1.375,0,"2025-02-10T19:30:12.202205Z"
28655,"1","Yes,","Not Flooded","2025-02-03T22:21:56.030659Z",421,"/data/local-files/?d=/share/XXXX-19/nexar_data/training_datasets/street_flooding/all_no_letterboxing/nlbx_bf74ecd59133a273d55fb59ca25e6338.jpg","",0.882,1,"2025-02-03T22:21:56.030683Z"
30387,"1","No,","Not Flooded","2025-02-10T19:24:32.334025Z",423,"/data/local-files/?d=/share/XXXX-19/nexar_data/training_datasets/street_flooding/all_no_letterboxing/nlbx_0fa653be30b842ce6d1a539cb78350e3.jpg","",0.95,0,"2025-02-10T19:24:32.334045Z"
30567,"1","No,","Not Flooded","2025-02-10T19:31:45.976315Z",424,"/data/local-files/?d=/share/XXXX-19/nexar_data/training_datasets/street_flooding/all_no_letterboxing/nlbx_c238eeb036df7cb69a6ff2699ba267fd.jpg","",0.923,0,"2025-02-10T19:31:45.976335Z"
30651,"1","Yes,","Not Flooded","2025-02-10T19:34:09.541405Z",426,"/data/local-files/?d=/share/XXXX-19/nexar_data/training_datasets/street_flooding/all_no_letterboxing/nlbx_214b8f0fe643b05b6d13456111033f4c.jpg","",0.86,1,"2025-02-10T19:34:09.541426Z"
28663,"1","No,","Not Flooded","2025-02-03T22:22:14.848828Z",428,"/data/local-files/?d=/share/XXXX-19/nexar_data/training_datasets/street_flooding/all_no_letterboxing/nlbx_b3aeaaac2a2759819f80a5e1aea71e7c.jpg","",1.009,0,"2025-02-03T22:22:14.848851Z"
30583,"1","Yes,","Flooded","2025-02-10T19:32:09.880279Z",432,"/data/local-files/?d=/share/XXXX-19/nexar_data/training_datasets/street_flooding/all_no_letterboxing/nlbx_12d95a7b695fd858e007a77d8814014a.jpg","",1.188,1,"2025-02-10T19:32:09.880300Z"
30407,"1","Yes,","Not Flooded","2025-02-10T19:26:20.872128Z",433,"/data/local-files/?d=/share/XXXX-19/nexar_data/training_datasets/street_flooding/all_no_letterboxing/nlbx_9b0723173003f307b4ddd9f64faa3102.jpg","",3.377,1,"2025-02-10T19:26:20.872150Z"
30645,"1","Yes,","Not Flooded","2025-02-10T19:34:01.145999Z",438,"/data/local-files/?d=/share/XXXX-19/nexar_data/training_datasets/street_flooding/all_no_letterboxing/nlbx_c6f37af6cb5511ec5c609b7b531dbd6f.jpg","",1.016,1,"2025-02-10T19:34:01.146028Z"
30417,"1","No,","Not Flooded","2025-02-10T19:26:36.216976Z",441,"/data/local-files/?d=/share/XXXX-19/nexar_data/training_datasets/street_flooding/all_no_letterboxing/nlbx_720fc0b7108cf592e35d2dd254b16985.jpg","",0.991,0,"2025-02-10T19:26:36.216996Z"
30685,"1","Yes,","Not Flooded","2025-02-10T19:35:02.860587Z",444,"/data/local-files/?d=/share/XXXX-19/nexar_data/training_datasets/street_flooding/all_no_letterboxing/nlbx_1ce05ad4bdcbf6ee612649e7558d2cc5.jpg","",3.755,1,"2025-02-10T19:35:02.860608Z"
30495,"1","Yes,","Flooded","2025-02-10T19:29:05.903835Z",445,"/data/local-files/?d=/share/XXXX-19/nexar_data/training_datasets/street_flooding/all_no_letterboxing/nlbx_06cd3fefd8e78779d508e07ef27b70fb.jpg","",1.172,1,"2025-02-10T19:29:05.903856Z"
29879,"1","No,","Not Flooded","2025-02-09T18:36:35.906310Z",447,"/data/local-files/?d=/share/XXXX-19/nexar_data/training_datasets/street_flooding/all_no_letterboxing/nlbx_751bd4e49616f34f4c81aef58dafbffb.jpg","",0.891,0,"2025-02-09T18:36:35.906330Z"
30556,"1","No,","Not Flooded","2025-02-10T19:31:28.377138Z",451,"/data/local-files/?d=/share/XXXX-19/nexar_data/training_datasets/street_flooding/all_no_letterboxing/nlbx_f36e57d6992a526638215a503436aa78.jpg","",0.97,0,"2025-02-10T19:31:28.377161Z"
30487,"1","Yes,","Not Flooded","2025-02-10T19:28:52.630272Z",455,"/data/local-files/?d=/share/XXXX-19/nexar_data/training_datasets/street_flooding/all_no_letterboxing/nlbx_64e2c630a5fb679a5fe4ac11239c4504.jpg","",1.238,1,"2025-02-10T19:28:52.630292Z"
30492,"1","Yes,","Not Flooded","2025-02-10T19:29:01.073644Z",456,"/data/local-files/?d=/share/XXXX-19/nexar_data/training_datasets/street_flooding/all_no_letterboxing/nlbx_34ae664f28035102f1fb906b97b71a5b.jpg","",0.84,1,"2025-02-10T19:29:01.073664Z"
29821,"1","Yes,","Not Flooded","2025-02-09T18:35:02.436730Z",457,"/data/local-files/?d=/share/XXXX-19/nexar_data/training_datasets/street_flooding/all_no_letterboxing/nlbx_ecc800f6c34316572b0d635df4fba098.jpg","",0.92,1,"2025-02-09T18:35:02.436750Z"
30640,"1","No,","Not Flooded","2025-02-10T19:33:53.599952Z",459,"/data/local-files/?d=/share/XXXX-19/nexar_data/training_datasets/street_flooding/all_no_letterboxing/nlbx_221f7ac8fd5b960bde37f23a7e65bba7.jpg","",0.909,0,"2025-02-10T19:33:53.599972Z"
30493,"1","Yes,","Not Flooded","2025-02-10T19:29:02.524933Z",461,"/data/local-files/?d=/share/XXXX-19/nexar_data/training_datasets/street_flooding/all_no_letterboxing/nlbx_7fcdb68a4e2951d2c84f2252735ff1c7.jpg","",0.973,1,"2025-02-10T19:29:02.524954Z"
30647,"1","Yes,","Not Flooded","2025-02-10T19:34:03.932531Z",462,"/data/local-files/?d=/share/XXXX-19/nexar_data/training_datasets/street_flooding/all_no_letterboxing/nlbx_cdc5a2b17a152d9283e01bd2f77efdae.jpg","",0.893,1,"2025-02-10T19:34:03.932553Z"
29804,"1","Yes,","Not Flooded","2025-02-09T18:34:36.843026Z",464,"/data/local-files/?d=/share/XXXX-19/nexar_data/training_datasets/street_flooding/all_no_letterboxing/nlbx_bcd31b72220f72ef9c499121c83fc3d0.jpg","",0.877,1,"2025-02-09T18:34:36.843047Z"
30656,"1","Yes,","Not Flooded","2025-02-10T19:34:16.720976Z",466,"/data/local-files/?d=/share/XXXX-19/nexar_data/training_datasets/street_flooding/all_no_letterboxing/nlbx_919e4410ea7f35ec9c4c28f40d3dc018.jpg","",0.913,1,"2025-02-10T19:34:16.720996Z"
30688,"1","No,","Not Flooded","2025-02-10T19:35:07.157262Z",467,"/data/local-files/?d=/share/XXXX-19/nexar_data/training_datasets/street_flooding/all_no_letterboxing/nlbx_a5ac139e103dd1f975d4829aa7e001e2.jpg","",0.969,0,"2025-02-10T19:35:07.157282Z"
28639,"1","No,","Not Flooded","2025-02-03T22:21:33.966413Z",468,"/data/local-files/?d=/share/XXXX-19/nexar_data/training_datasets/street_flooding/all_no_letterboxing/nlbx_728e69e4f2a5c63f98deb8078dd52e7d.jpg","",1.224,0,"2025-02-03T22:21:33.966437Z"
29881,"1","No,","Not Flooded","2025-02-09T18:36:38.533993Z",470,"/data/local-files/?d=/share/XXXX-19/nexar_data/training_datasets/street_flooding/all_no_letterboxing/nlbx_af1b22ec99f67632f150eda1436c26cc.jpg","",0.787,0,"2025-02-09T18:36:38.534013Z"
28590,"1","No,","Not Flooded","2025-02-03T22:19:18.306129Z",471,"/data/local-files/?d=/share/XXXX-19/nexar_data/training_datasets/street_flooding/all_no_letterboxing/nlbx_197ffde51a1e3eeaaf008f6d6010085a.jpg","",1.087,0,"2025-02-03T22:19:18.306150Z"
30457,"1","No,","Not Flooded","2025-02-10T19:27:56.974145Z",472,"/data/local-files/?d=/share/XXXX-19/nexar_data/training_datasets/street_flooding/all_no_letterboxing/nlbx_e18111c155d91f73b1e514cae8facbba.jpg","",0.989,0,"2025-02-10T19:27:56.974166Z"
30671,"1","No,","Not Flooded","2025-02-10T19:34:40.389078Z",474,"/data/local-files/?d=/share/XXXX-19/nexar_data/training_datasets/street_flooding/all_no_letterboxing/nlbx_f61e6d03f3033a2935548140455d5dcd.jpg","",0.916,0,"2025-02-10T19:34:40.389101Z"
30394,"1","Yes,","Not Flooded","2025-02-10T19:24:42.631919Z",475,"/data/local-files/?d=/share/XXXX-19/nexar_data/training_datasets/street_flooding/all_no_letterboxing/nlbx_c161c3ccad31dad9403e8c5af2e3f9f9.jpg","",1.125,1,"2025-02-10T19:24:42.631940Z"
30570,"1","No,","Not Flooded","2025-02-10T19:31:50.377359Z",477,"/data/local-files/?d=/share/XXXX-19/nexar_data/training_datasets/street_flooding/all_no_letterboxing/nlbx_0b7e8f3f3b3c05da9931978431d56ab6.jpg","",0.984,0,"2025-02-10T19:31:50.377380Z"
30686,"1","No,","Not Flooded","2025-02-10T19:35:04.283397Z",481,"/data/local-files/?d=/share/XXXX-19/nexar_data/training_datasets/street_flooding/all_no_letterboxing/nlbx_dbe8b67572fbff0cfad9b4d3a7e5f647.jpg","",0.937,0,"2025-02-10T19:35:04.283422Z"
29850,"1","No,","Not Flooded","2025-02-09T18:35:44.118551Z",482,"/data/local-files/?d=/share/XXXX-19/nexar_data/training_datasets/street_flooding/all_no_letterboxing/nlbx_e9e806144e2a6382ff3a7c932450a755.jpg","",0.773,0,"2025-02-09T18:35:44.118571Z"
29847,"1","Yes,","Not Flooded","2025-02-09T18:35:40.017853Z",484,"/data/local-files/?d=/share/XXXX-19/nexar_data/training_datasets/street_flooding/all_no_letterboxing/nlbx_66e688344029aca060e24bca8d7bf3c3.jpg","",1.006,1,"2025-02-09T18:35:40.017874Z"
28600,"1","No,","Not Flooded","2025-02-03T22:19:56.502575Z",486,"/data/local-files/?d=/share/XXXX-19/nexar_data/training_datasets/street_flooding/all_no_letterboxing/nlbx_9ffa3381981e5ffc007db59e5d51f6b3.jpg","",1.856,0,"2025-02-03T22:19:56.502598Z"
30467,"1","No,","Not Flooded","2025-02-10T19:28:12.929022Z",488,"/data/local-files/?d=/share/XXXX-19/nexar_data/training_datasets/street_flooding/all_no_letterboxing/nlbx_7c73d67c98182673d4c28910f95fc9f1.jpg","",1.379,0,"2025-02-10T19:28:12.929047Z"
30576,"1","Yes,","Not Flooded","2025-02-10T19:31:59.135628Z",489,"/data/local-files/?d=/share/XXXX-19/nexar_data/training_datasets/street_flooding/all_no_letterboxing/nlbx_850ff28e23b2dd7729ec541240142e86.jpg","",0.901,1,"2025-02-10T19:31:59.135649Z"
29869,"1","No,","Not Flooded","2025-02-09T18:36:16.769184Z",491,"/data/local-files/?d=/share/XXXX-19/nexar_data/training_datasets/street_flooding/all_no_letterboxing/nlbx_82a20a384af3891f9a1ccc86bd94d895.jpg","",1.181,0,"2025-02-09T18:36:16.769204Z"
30563,"1","No,","Not Flooded","2025-02-10T19:31:40.266808Z",494,"/data/local-files/?d=/share/XXXX-19/nexar_data/training_datasets/street_flooding/all_no_letterboxing/nlbx_6fad302d9130d2456450f0b7a57098d1.jpg","",1.127,0,"2025-02-10T19:31:40.266830Z"
30496,"1","Yes,","Not Flooded","2025-02-10T19:29:07.477865Z",495,"/data/local-files/?d=/share/XXXX-19/nexar_data/training_datasets/street_flooding/all_no_letterboxing/nlbx_52528fd43ccd79eda4c090bfcb4aa37b.jpg","",1.105,1,"2025-02-10T19:29:07.477888Z"
30390,"1","No,","Not Flooded","2025-02-10T19:24:36.774006Z",501,"/data/local-files/?d=/share/XXXX-19/nexar_data/training_datasets/street_flooding/all_no_letterboxing/nlbx_f4b69d7b40f7a6564f990f561b4df786.jpg","",0.905,0,"2025-02-10T19:24:36.774026Z"
30559,"1","No,","Not Flooded","2025-02-10T19:31:33.029046Z",503,"/data/local-files/?d=/share/XXXX-19/nexar_data/training_datasets/street_flooding/all_no_letterboxing/nlbx_8fa81160003c739d8c84edd8eaa7134c.jpg","",1.031,0,"2025-02-10T19:31:33.029066Z"
29870,"1","No,","Not Flooded","2025-02-09T18:36:18.189047Z",504,"/data/local-files/?d=/share/XXXX-19/nexar_data/training_datasets/street_flooding/all_no_letterboxing/nlbx_432bb97e8f350c22c07a1f6a4efb7f83.jpg","",0.957,0,"2025-02-09T18:36:18.189067Z"
28669,"1","No,","Not Flooded","2025-02-03T22:22:22.780775Z",505,"/data/local-files/?d=/share/XXXX-19/nexar_data/training_datasets/street_flooding/all_no_letterboxing/nlbx_97ab1c4ddddeae11c33780644bda08b9.jpg","",0.893,0,"2025-02-03T22:22:22.780797Z"
29832,"1","Yes,","Not Flooded","2025-02-09T18:35:17.869983Z",507,"/data/local-files/?d=/share/XXXX-19/nexar_data/training_datasets/street_flooding/all_no_letterboxing/nlbx_d52858ea3a56bdb10224d28831ed9a03.jpg","",0.822,1,"2025-02-09T18:35:17.870002Z"
29774,"1","No,","Not Flooded","2025-02-09T18:33:56.732379Z",508,"/data/local-files/?d=/share/XXXX-19/nexar_data/training_datasets/street_flooding/all_no_letterboxing/nlbx_745b54b254e4b3ab4b9774bdace10a3d.jpg","",0.859,0,"2025-02-09T18:33:56.732399Z"
29819,"1","No,","Not Flooded","2025-02-09T18:34:59.768079Z",509,"/data/local-files/?d=/share/XXXX-19/nexar_data/training_datasets/street_flooding/all_no_letterboxing/nlbx_bc9b2a2eeccc12399622eef63fd330d0.jpg","",1.2,0,"2025-02-09T18:34:59.768100Z"
30537,"1","Yes,","Not Flooded","2025-02-10T19:30:58.253183Z",510,"/data/local-files/?d=/share/XXXX-19/nexar_data/training_datasets/street_flooding/all_no_letterboxing/nlbx_b7ab936537d16f457a68c058e3181d81.jpg","",1.079,1,"2025-02-10T19:30:58.253203Z"
28594,"1","No,","Not Flooded","2025-02-03T22:19:27.178862Z",512,"/data/local-files/?d=/share/XXXX-19/nexar_data/training_datasets/street_flooding/all_no_letterboxing/nlbx_ad41d59b16db7f6720e0b2ab383e56ce.jpg","",1.431,0,"2025-02-03T22:19:27.178885Z"
30473,"1","No,","Not Flooded","2025-02-10T19:28:24.552964Z",513,"/data/local-files/?d=/share/XXXX-19/nexar_data/training_datasets/street_flooding/all_no_letterboxing/nlbx_7fa4f3e23782804068d857c5d675c135.jpg","",1.192,0,"2025-02-10T19:28:24.552984Z"
30421,"1","No,","Not Flooded","2025-02-10T19:26:53.414308Z",514,"/data/local-files/?d=/share/XXXX-19/nexar_data/training_datasets/street_flooding/all_no_letterboxing/nlbx_67b675f6ab20a302e9302d2aa7a72a86.jpg","",1.103,0,"2025-02-10T19:26:53.414328Z"
30474,"1","No,","Not Flooded","2025-02-10T19:28:26.086798Z",516,"/data/local-files/?d=/share/XXXX-19/nexar_data/training_datasets/street_flooding/all_no_letterboxing/nlbx_8f6f901f366c5d822aeaee23a06d8a58.jpg","",1.054,0,"2025-02-10T19:28:26.086821Z"
29760,"1","No,","Not Flooded","2025-02-09T18:33:36.460154Z",518,"/data/local-files/?d=/share/XXXX-19/nexar_data/training_datasets/street_flooding/all_no_letterboxing/nlbx_8ecd5de23aa2e917a6239fa8b2785135.jpg","",0.98,0,"2025-02-09T18:33:36.460174Z"
28633,"1","Yes,","Not Flooded","2025-02-03T22:21:23.264869Z",519,"/data/local-files/?d=/share/XXXX-19/nexar_data/training_datasets/street_flooding/all_no_letterboxing/nlbx_df6ff48d6bac73d172fd361184b65586.jpg","",2.725,1,"2025-02-03T22:21:23.264890Z"
29790,"1","Yes,","Flooded","2025-02-09T18:34:17.992903Z",520,"/data/local-files/?d=/share/XXXX-19/nexar_data/training_datasets/street_flooding/all_no_letterboxing/nlbx_3687faf1e8283bfe538074a97bec25b4.jpg","",1.281,1,"2025-02-09T18:34:17.992923Z"
30415,"1","Yes,","Not Flooded","2025-02-10T19:26:33.187818Z",521,"/data/local-files/?d=/share/XXXX-19/nexar_data/training_datasets/street_flooding/all_no_letterboxing/nlbx_a6dc757a3519de5ae7b38ffdce91fe56.jpg","",0.987,1,"2025-02-10T19:26:33.187839Z"
30676,"1","No,","Not Flooded","2025-02-10T19:34:47.744008Z",523,"/data/local-files/?d=/share/XXXX-19/nexar_data/training_datasets/street_flooding/all_no_letterboxing/nlbx_2849d550bbd639ea2e2df654d6350993.jpg","",0.807,0,"2025-02-10T19:34:47.744027Z"
30666,"1","Yes,","Flooded","2025-02-10T19:34:33.204773Z",524,"/data/local-files/?d=/share/XXXX-19/nexar_data/training_datasets/street_flooding/all_no_letterboxing/nlbx_5f0e50bed2b7c67cdd38f94c8bca974d.jpg","",1.389,1,"2025-02-10T19:34:33.204795Z"
30513,"1","No,","Not Flooded","2025-02-10T19:30:16.821817Z",525,"/data/local-files/?d=/share/XXXX-19/nexar_data/training_datasets/street_flooding/all_no_letterboxing/nlbx_bf9c0bc57ab575f77792247e35a57ecc.jpg","",1.312,0,"2025-02-10T19:30:16.821838Z"
30634,"1","No,","Not Flooded","2025-02-10T19:33:44.606673Z",529,"/data/local-files/?d=/share/XXXX-19/nexar_data/training_datasets/street_flooding/all_no_letterboxing/nlbx_c1be5e38495f638ae17fc67e557bfca6.jpg","",1.045,0,"2025-02-10T19:33:44.606694Z"
30564,"1","Yes,","Not Flooded","2025-02-10T19:31:41.736210Z",533,"/data/local-files/?d=/share/XXXX-19/nexar_data/training_datasets/street_flooding/all_no_letterboxing/nlbx_ef0c943aa5f3e414c6b630d0f7983229.jpg","",0.975,1,"2025-02-10T19:31:41.736233Z"
30637,"1","Yes,","Flooded","2025-02-10T19:33:49.098981Z",534,"/data/local-files/?d=/share/XXXX-19/nexar_data/training_datasets/street_flooding/all_no_letterboxing/nlbx_84edadea44a1d32a374933e9635feccd.jpg","",1.282,1,"2025-02-10T19:33:49.099002Z"
30595,"1","No,","Not Flooded","2025-02-10T19:32:29.492189Z",535,"/data/local-files/?d=/share/XXXX-19/nexar_data/training_datasets/street_flooding/all_no_letterboxing/nlbx_6f17f37da395f832fa4e0a4b32784569.jpg","",0.93,0,"2025-02-10T19:32:29.492209Z"
29882,"1","No,","Not Flooded","2025-02-09T18:36:39.759510Z",537,"/data/local-files/?d=/share/XXXX-19/nexar_data/training_datasets/street_flooding/all_no_letterboxing/nlbx_b7239e721be4685c46ee483a7b66e85d.jpg","",0.762,0,"2025-02-09T18:36:39.759530Z"
30681,"1","Yes,","Not Flooded","2025-02-10T19:34:54.661780Z",538,"/data/local-files/?d=/share/XXXX-19/nexar_data/training_datasets/street_flooding/all_no_letterboxing/nlbx_d876fdb397b1f3dc2b12bce2cbe978ce.jpg","",0.944,1,"2025-02-10T19:34:54.661803Z"
29871,"1","Yes,","Not Flooded","2025-02-09T18:36:19.605215Z",539,"/data/local-files/?d=/share/XXXX-19/nexar_data/training_datasets/street_flooding/all_no_letterboxing/nlbx_c8b31140dc05a2e58bec584b1a0bfe52.jpg","",0.949,1,"2025-02-09T18:36:19.605234Z"
30557,"1","No,","Not Flooded","2025-02-10T19:31:29.778957Z",541,"/data/local-files/?d=/share/XXXX-19/nexar_data/training_datasets/street_flooding/all_no_letterboxing/nlbx_8e9a62bb1a3e693e74ffb34b57711594.jpg","",0.92,0,"2025-02-10T19:31:29.778995Z"
30459,"1","Yes,","Not Flooded","2025-02-10T19:27:59.872727Z",542,"/data/local-files/?d=/share/XXXX-19/nexar_data/training_datasets/street_flooding/all_no_letterboxing/nlbx_6aaa5df0b32920ec92a8615de42b8723.jpg","",0.935,1,"2025-02-10T19:27:59.872749Z"
30406,"1","No,","Not Flooded","2025-02-10T19:26:17.017092Z",544,"/data/local-files/?d=/share/XXXX-19/nexar_data/training_datasets/street_flooding/all_no_letterboxing/nlbx_a2e33f1af1fdefb94a01c18cb9556ba7.jpg","",0.948,0,"2025-02-10T19:26:17.017113Z"
28602,"1","No,","Not Flooded","2025-02-03T22:19:59.686951Z",545,"/data/local-files/?d=/share/XXXX-19/nexar_data/training_datasets/street_flooding/all_no_letterboxing/nlbx_d2444684ac5d01c556fef8371739950e.jpg","",1.393,0,"2025-02-03T22:19:59.686991Z"
30668,"1","No,","Not Flooded","2025-02-10T19:34:36.229800Z",546,"/data/local-files/?d=/share/XXXX-19/nexar_data/training_datasets/street_flooding/all_no_letterboxing/nlbx_9e187397b94bd17fd8f2d71e654b671d.jpg","",0.962,0,"2025-02-10T19:34:36.229822Z"
30630,"1","No,","Not Flooded","2025-02-10T19:33:38.480209Z",547,"/data/local-files/?d=/share/XXXX-19/nexar_data/training_datasets/street_flooding/all_no_letterboxing/nlbx_271841c4c7889798efba4c6d53a7f5fd.jpg","",0.841,0,"2025-02-10T19:33:38.480234Z"
30619,"1","Yes,","Flooded","2025-02-10T19:33:12.550670Z",549,"/data/local-files/?d=/share/XXXX-19/nexar_data/training_datasets/street_flooding/all_no_letterboxing/nlbx_87f4beebd215e610aebae62818e469ea.jpg","",2.368,1,"2025-02-10T19:33:12.550692Z"
30599,"1","Yes,","Not Flooded","2025-02-10T19:32:36.653157Z",551,"/data/local-files/?d=/share/XXXX-19/nexar_data/training_datasets/street_flooding/all_no_letterboxing/nlbx_48e62496b15018f18e9be4fdb8e23501.jpg","",1.048,1,"2025-02-10T19:32:36.653180Z"
28630,"1","Yes,","Not Flooded","2025-02-03T22:21:16.153751Z",552,"/data/local-files/?d=/share/XXXX-19/nexar_data/training_datasets/street_flooding/all_no_letterboxing/nlbx_6635f3e4f9838b04b86c6ddf44ddcc44.jpg","",1.134,1,"2025-02-03T22:21:16.153773Z"
30533,"1","Yes,","Flooded","2025-02-10T19:30:51.599196Z",556,"/data/local-files/?d=/share/XXXX-19/nexar_data/training_datasets/street_flooding/all_no_letterboxing/nlbx_d175f5fc6f5142dcf863fd75f259dfb9.jpg","",1.694,1,"2025-02-10T19:30:51.599216Z"
28680,"1","Yes,","Not Flooded","2025-02-03T22:22:45.454141Z",562,"/data/local-files/?d=/share/XXXX-19/nexar_data/training_datasets/street_flooding/all_no_letterboxing/nlbx_41f6a929db511b4bccc85cb0b9d2ddd4.jpg","",0.898,1,"2025-02-03T22:22:45.454166Z"
28618,"1","Yes,","Flooded","2025-02-03T22:20:52.627037Z",564,"/data/local-files/?d=/share/XXXX-19/nexar_data/training_datasets/street_flooding/all_no_letterboxing/nlbx_35efc636368f49eb663a28bd85d65bbd.jpg","",1.344,1,"2025-02-03T22:20:52.627059Z"
29776,"1","No,","Not Flooded","2025-02-09T18:33:59.465664Z",565,"/data/local-files/?d=/share/XXXX-19/nexar_data/training_datasets/street_flooding/all_no_letterboxing/nlbx_1f4daba124d3143289a585b546b3c7c1.jpg","",1.012,0,"2025-02-09T18:33:59.465685Z"
28677,"1","Yes,","Not Flooded","2025-02-03T22:22:41.524598Z",566,"/data/local-files/?d=/share/XXXX-19/nexar_data/training_datasets/street_flooding/all_no_letterboxing/nlbx_139c175aa4367a7f10196ee18de6acc2.jpg","",1.635,1,"2025-02-03T22:22:41.524626Z"
30684,"1","Yes,","Not Flooded","2025-02-10T19:34:58.617620Z",567,"/data/local-files/?d=/share/XXXX-19/nexar_data/training_datasets/street_flooding/all_no_letterboxing/nlbx_b2b67045aa1872b1accdccb3c5c68838.jpg","",1.012,1,"2025-02-10T19:34:58.617641Z"
28622,"1","Yes,","Not Flooded","2025-02-03T22:21:01.179928Z",568,"/data/local-files/?d=/share/XXXX-19/nexar_data/training_datasets/street_flooding/all_no_letterboxing/nlbx_0bb53815d18b1d834bb34fd72dd6adaa.jpg","",2.129,1,"2025-02-03T22:21:01.179954Z"
30414,"1","No,","Not Flooded","2025-02-10T19:26:31.721341Z",569,"/data/local-files/?d=/share/XXXX-19/nexar_data/training_datasets/street_flooding/all_no_letterboxing/nlbx_6bc49c128faad2437da48eb60739c985.jpg","",1.061,0,"2025-02-10T19:26:31.721362Z"
29766,"1","Yes,","Not Flooded","2025-02-09T18:33:45.640563Z",571,"/data/local-files/?d=/share/XXXX-19/nexar_data/training_datasets/street_flooding/all_no_letterboxing/nlbx_148e3a4d04a7e582736bd55817f1560d.jpg","",1.054,1,"2025-02-09T18:33:45.640582Z"
30615,"1","No,","Not Flooded","2025-02-10T19:33:01.489107Z",573,"/data/local-files/?d=/share/XXXX-19/nexar_data/training_datasets/street_flooding/all_no_letterboxing/nlbx_d1f857825bc113d583bfa024965c4aa5.jpg","",1.052,0,"2025-02-10T19:33:01.489129Z"
28588,"1","No,","Not Flooded","2025-02-03T22:19:14.328103Z",574,"/data/local-files/?d=/share/XXXX-19/nexar_data/training_datasets/street_flooding/all_no_letterboxing/nlbx_755e5b7282c97ecc373e99a93a9d3d34.jpg","",1.779,0,"2025-02-03T22:19:14.328124Z"
30690,"1","No,","Not Flooded","2025-02-10T19:35:10.066964Z",575,"/data/local-files/?d=/share/XXXX-19/nexar_data/training_datasets/street_flooding/all_no_letterboxing/nlbx_f2b8cc4ae6ef0d58d298d943c10545ff.jpg","",0.997,0,"2025-02-10T19:35:10.067000Z"
29802,"1","Yes,","Not Flooded","2025-02-09T18:34:34.252251Z",576,"/data/local-files/?d=/share/XXXX-19/nexar_data/training_datasets/street_flooding/all_no_letterboxing/nlbx_9aed1b18bd893bd58624aaa464a8d898.jpg","",0.769,1,"2025-02-09T18:34:34.252270Z"
30479,"1","No,","Not Flooded","2025-02-10T19:28:33.826579Z",577,"/data/local-files/?d=/share/XXXX-19/nexar_data/training_datasets/street_flooding/all_no_letterboxing/nlbx_14f5fe42c3d2261cbf2ded0f9be9cac5.jpg","",1.29,0,"2025-02-10T19:28:33.826600Z"
30506,"1","No,","Not Flooded","2025-02-10T19:30:02.295972Z",578,"/data/local-files/?d=/share/XXXX-19/nexar_data/training_datasets/street_flooding/all_no_letterboxing/nlbx_702efb3aef740b721a5fb50c109b73b1.jpg","",2.287,0,"2025-02-10T19:30:02.295993Z"
30606,"1","No,","Not Flooded","2025-02-10T19:32:47.801604Z",579,"/data/local-files/?d=/share/XXXX-19/nexar_data/training_datasets/street_flooding/all_no_letterboxing/nlbx_c1b7375d37170e792dd0eabdbe4831b1.jpg","",1.067,0,"2025-02-10T19:32:47.801624Z"
30440,"1","Yes,","Not Flooded","2025-02-10T19:27:29.308251Z",580,"/data/local-files/?d=/share/XXXX-19/nexar_data/training_datasets/street_flooding/all_no_letterboxing/nlbx_74bd46071e4ab51a55b545cbb3676d80.jpg","",1.239,1,"2025-02-10T19:27:29.308271Z"
30526,"1","Yes,","Not Flooded","2025-02-10T19:30:38.753212Z",582,"/data/local-files/?d=/share/XXXX-19/nexar_data/training_datasets/street_flooding/all_no_letterboxing/nlbx_58ef35bf8eb47ceef4072f9235a15027.jpg","",1.109,1,"2025-02-10T19:30:38.753233Z"
30512,"1","No,","Not Flooded","2025-02-10T19:30:15.037220Z",583,"/data/local-files/?d=/share/XXXX-19/nexar_data/training_datasets/street_flooding/all_no_letterboxing/nlbx_95913904f3ee6379a0ad8db9f3ff901c.jpg","",2.361,0,"2025-02-10T19:30:15.037241Z"
30403,"1","Yes,","Not Flooded","2025-02-10T19:26:12.086288Z",584,"/data/local-files/?d=/share/XXXX-19/nexar_data/training_datasets/street_flooding/all_no_letterboxing/nlbx_56fe45c13d3f8c12a40af569845845dd.jpg","",1.125,1,"2025-02-10T19:26:12.086308Z"
30629,"1","Yes,","Not Flooded","2025-02-10T19:33:37.162344Z",586,"/data/local-files/?d=/share/XXXX-19/nexar_data/training_datasets/street_flooding/all_no_letterboxing/nlbx_33ce7b0d07d38887fef9b967577565ab.jpg","",0.998,1,"2025-02-10T19:33:37.162369Z"
30405,"1","Yes,","Not Flooded","2025-02-10T19:26:15.589610Z",590,"/data/local-files/?d=/share/XXXX-19/nexar_data/training_datasets/street_flooding/all_no_letterboxing/nlbx_e1378697f483dbcf62a96815e8f3ee21.jpg","",1.092,1,"2025-02-10T19:26:15.589629Z"
30519,"1","Yes,","Flooded","2025-02-10T19:30:27.403174Z",591,"/data/local-files/?d=/share/XXXX-19/nexar_data/training_datasets/street_flooding/all_no_letterboxing/nlbx_3dc6bbe73ad659b413e5f667358d5cf3.jpg","",1.481,1,"2025-02-10T19:30:27.403194Z"
30641,"1","No,","Not Flooded","2025-02-10T19:33:54.982353Z",592,"/data/local-files/?d=/share/XXXX-19/nexar_data/training_datasets/street_flooding/all_no_letterboxing/nlbx_dc87e5b0cbfd03abf0d212ff8f0bc366.jpg","",0.893,0,"2025-02-10T19:33:54.982376Z"
30481,"1","Yes,","Not Flooded","2025-02-10T19:28:37.506460Z",595,"/data/local-files/?d=/share/XXXX-19/nexar_data/training_datasets/street_flooding/all_no_letterboxing/nlbx_236ad2e7e7b91e7bc868d2a6f73a537c.jpg","",1.116,1,"2025-02-10T19:28:37.506481Z"
30620,"1","Yes,","Not Flooded","2025-02-10T19:33:14.101605Z",597,"/data/local-files/?d=/share/XXXX-19/nexar_data/training_datasets/street_flooding/all_no_letterboxing/nlbx_af2883f9a197571a5394a72c8c20f275.jpg","",1.059,1,"2025-02-10T19:33:14.101625Z"
30434,"1","No,","Not Flooded","2025-02-10T19:27:18.411723Z",598,"/data/local-files/?d=/share/XXXX-19/nexar_data/training_datasets/street_flooding/all_no_letterboxing/nlbx_e71323b93e9ee53c7272f696dbd1bbf8.jpg","",0.96,0,"2025-02-10T19:27:18.411744Z"
29786,"1","No,","Not Flooded","2025-02-09T18:34:12.639357Z",599,"/data/local-files/?d=/share/XXXX-19/nexar_data/training_datasets/street_flooding/all_no_letterboxing/nlbx_f9f0a7fb8bfbd709e8d2e2041d08c4ff.jpg","",0.87,0,"2025-02-09T18:34:12.639376Z"
29780,"1","Yes,","Not Flooded","2025-02-09T18:34:04.753291Z",602,"/data/local-files/?d=/share/XXXX-19/nexar_data/training_datasets/street_flooding/all_no_letterboxing/nlbx_89cbd6a0c5427df7dd693371bada49d3.jpg","",0.831,1,"2025-02-09T18:34:04.753311Z"
30543,"1","Yes,","Not Flooded","2025-02-10T19:31:07.597289Z",603,"/data/local-files/?d=/share/XXXX-19/nexar_data/training_datasets/street_flooding/all_no_letterboxing/nlbx_887a1613cfb845f0c09be8ff1902f45c.jpg","",0.937,1,"2025-02-10T19:31:07.597309Z"
30501,"1","No,","Not Flooded","2025-02-10T19:29:15.828136Z",604,"/data/local-files/?d=/share/XXXX-19/nexar_data/training_datasets/street_flooding/all_no_letterboxing/nlbx_e3c909882eea623a9350c9e4c8c429fc.jpg","",1.786,0,"2025-02-10T19:29:15.828158Z"
28649,"1","Yes,","Flooded","2025-02-03T22:21:47.067656Z",607,"/data/local-files/?d=/share/XXXX-19/nexar_data/training_datasets/street_flooding/all_no_letterboxing/nlbx_81c2cb2ab85f51e284fdf6e250bc1241.jpg","",1.14,1,"2025-02-03T22:21:47.067677Z"
29820,"1","Yes,","Not Flooded","2025-02-09T18:35:01.056778Z",608,"/data/local-files/?d=/share/XXXX-19/nexar_data/training_datasets/street_flooding/all_no_letterboxing/nlbx_00af528be3d85a2daef608355410f790.jpg","",0.834,1,"2025-02-09T18:35:01.056797Z"
29848,"1","No,","Not Flooded","2025-02-09T18:35:41.505479Z",609,"/data/local-files/?d=/share/XXXX-19/nexar_data/training_datasets/street_flooding/all_no_letterboxing/nlbx_bbd58f99cf2ef222c60603838d43c63f.jpg","",1.029,0,"2025-02-09T18:35:41.505498Z"
28636,"1","No,","Not Flooded","2025-02-03T22:21:28.960560Z",611,"/data/local-files/?d=/share/XXXX-19/nexar_data/training_datasets/street_flooding/all_no_letterboxing/nlbx_a033160f51d5d9a37f6190db2d8334b4.jpg","",0.942,0,"2025-02-03T22:21:28.960586Z"
28623,"1","No,","Not Flooded","2025-02-03T22:21:02.692731Z",612,"/data/local-files/?d=/share/XXXX-19/nexar_data/training_datasets/street_flooding/all_no_letterboxing/nlbx_1f2f3fee7962fe02ca0347c75996c117.jpg","",1.158,0,"2025-02-03T22:21:02.692757Z"
30389,"1","No,","Not Flooded","2025-02-10T19:24:35.390531Z",614,"/data/local-files/?d=/share/XXXX-19/nexar_data/training_datasets/street_flooding/all_no_letterboxing/nlbx_3e3c95ac75ae75793c0d6f4586f9674c.jpg","",0.974,0,"2025-02-10T19:24:35.390552Z"
30600,"1","No,","Not Flooded","2025-02-10T19:32:38.094768Z",616,"/data/local-files/?d=/share/XXXX-19/nexar_data/training_datasets/street_flooding/all_no_letterboxing/nlbx_23ba696baf3f87dbc1f74d005ff1c791.jpg","",0.951,0,"2025-02-10T19:32:38.094789Z"
30408,"1","Yes,","Not Flooded","2025-02-10T19:26:22.446870Z",620,"/data/local-files/?d=/share/XXXX-19/nexar_data/training_datasets/street_flooding/all_no_letterboxing/nlbx_6aff538aacff379eee832ffeb1461e79.jpg","",1.098,1,"2025-02-10T19:26:22.446890Z"
30410,"1","No,","Not Flooded","2025-02-10T19:26:25.724557Z",622,"/data/local-files/?d=/share/XXXX-19/nexar_data/training_datasets/street_flooding/all_no_letterboxing/nlbx_ec20a7934c20598e8e573b11477954e2.jpg","",1.097,0,"2025-02-10T19:26:25.724578Z"
29779,"1","No,","Not Flooded","2025-02-09T18:34:03.469816Z",624,"/data/local-files/?d=/share/XXXX-19/nexar_data/training_datasets/street_flooding/all_no_letterboxing/nlbx_3f34263d693995ce42d76b6066ec8c97.jpg","",0.825,0,"2025-02-09T18:34:03.469837Z"
30672,"1","Yes,","Not Flooded","2025-02-10T19:34:42.036841Z",625,"/data/local-files/?d=/share/XXXX-19/nexar_data/training_datasets/street_flooding/all_no_letterboxing/nlbx_752f7994c108112895608ee22929d1f4.jpg","",1.162,1,"2025-02-10T19:34:42.036860Z"
29836,"1","Yes,","Not Flooded","2025-02-09T18:35:22.965617Z",626,"/data/local-files/?d=/share/XXXX-19/nexar_data/training_datasets/street_flooding/all_no_letterboxing/nlbx_74989cc508cbf83878ffec23f99b3f70.jpg","",0.798,1,"2025-02-09T18:35:22.965636Z"
29781,"1","Yes,","Not Flooded","2025-02-09T18:34:06.111803Z",627,"/data/local-files/?d=/share/XXXX-19/nexar_data/training_datasets/street_flooding/all_no_letterboxing/nlbx_7ebcf80496e0e8888fec9bab71b31800.jpg","",0.913,1,"2025-02-09T18:34:06.111823Z"
29763,"1","No,","Not Flooded","2025-02-09T18:33:40.803279Z",628,"/data/local-files/?d=/share/XXXX-19/nexar_data/training_datasets/street_flooding/all_no_letterboxing/nlbx_96db0b326e63b8ee0667e605b26be17c.jpg","",0.981,0,"2025-02-09T18:33:40.803299Z"
30631,"1","No,","Not Flooded","2025-02-10T19:33:39.907276Z",630,"/data/local-files/?d=/share/XXXX-19/nexar_data/training_datasets/street_flooding/all_no_letterboxing/nlbx_cbe005eaa7c5c5b34e10118ca63676e1.jpg","",0.956,0,"2025-02-10T19:33:39.907297Z"
29855,"1","Yes,","Flooded","2025-02-09T18:35:51.907168Z",632,"/data/local-files/?d=/share/XXXX-19/nexar_data/training_datasets/street_flooding/all_no_letterboxing/nlbx_0163fd22d83d8a9a6b943e49eacec237.jpg","",1.681,1,"2025-02-09T18:35:51.907188Z"
30504,"1","No,","Not Flooded","2025-02-10T19:29:20.582851Z",634,"/data/local-files/?d=/share/XXXX-19/nexar_data/training_datasets/street_flooding/all_no_letterboxing/nlbx_301e60c864fc3d04b85d8aad50692424.jpg","",5.638,0,"2025-02-10T19:29:34.831141Z"
29788,"1","No,","Not Flooded","2025-02-09T18:34:15.064332Z",637,"/data/local-files/?d=/share/XXXX-19/nexar_data/training_datasets/street_flooding/all_no_letterboxing/nlbx_f3b5c705048ddb6087567c25ea117886.jpg","",0.703,0,"2025-02-09T18:34:15.064353Z"
29822,"1","Yes,","Not Flooded","2025-02-09T18:35:03.805139Z",638,"/data/local-files/?d=/share/XXXX-19/nexar_data/training_datasets/street_flooding/all_no_letterboxing/nlbx_6c7b7d5d937cc58c152ce8c8c25a1eb3.jpg","",0.904,1,"2025-02-09T18:35:03.805160Z"
29877,"1","No,","Not Flooded","2025-02-09T18:36:33.275372Z",640,"/data/local-files/?d=/share/XXXX-19/nexar_data/training_datasets/street_flooding/all_no_letterboxing/nlbx_336f6690b3dd671a9960fb9a4e1698a5.jpg","",1.09,0,"2025-02-09T18:36:33.275392Z"
28607,"1","Yes,","Not Flooded","2025-02-03T22:20:07.341960Z",641,"/data/local-files/?d=/share/XXXX-19/nexar_data/training_datasets/street_flooding/all_no_letterboxing/nlbx_c550186861c5d6462c057704cb4751b4.jpg","",1.09,1,"2025-02-03T22:20:07.341982Z"
30508,"1","No,","Not Flooded","2025-02-10T19:30:06.039933Z",644,"/data/local-files/?d=/share/XXXX-19/nexar_data/training_datasets/street_flooding/all_no_letterboxing/nlbx_add2e296a45a5634f4d1952a51c30457.jpg","",1.524,0,"2025-02-10T19:30:06.039953Z"
30453,"1","No,","Not Flooded","2025-02-10T19:27:51.180412Z",647,"/data/local-files/?d=/share/XXXX-19/nexar_data/training_datasets/street_flooding/all_no_letterboxing/nlbx_068d3a5a78c6f876fbbb4020f55dbe9b.jpg","",0.888,0,"2025-02-10T19:27:51.180433Z"
30594,"1","No,","Not Flooded","2025-02-10T19:32:28.071254Z",648,"/data/local-files/?d=/share/XXXX-19/nexar_data/training_datasets/street_flooding/all_no_letterboxing/nlbx_297a63f73451eee7cdfed2a84f2e1912.jpg","",0.992,0,"2025-02-10T19:32:28.071274Z"
30653,"1","Yes,","Not Flooded","2025-02-10T19:34:12.348945Z",649,"/data/local-files/?d=/share/XXXX-19/nexar_data/training_datasets/street_flooding/all_no_letterboxing/nlbx_73934ebbe3267cb877b03d006d88ecb5.jpg","",0.886,1,"2025-02-10T19:34:12.348965Z"
28631,"1","No,","Not Flooded","2025-02-03T22:21:18.172053Z",655,"/data/local-files/?d=/share/XXXX-19/nexar_data/training_datasets/street_flooding/all_no_letterboxing/nlbx_733bf86b489fabbea57a62f71ed9d8d2.jpg","",1.681,0,"2025-02-03T22:21:18.172075Z"
30450,"1","Yes,","Not Flooded","2025-02-10T19:27:46.693613Z",657,"/data/local-files/?d=/share/XXXX-19/nexar_data/training_datasets/street_flooding/all_no_letterboxing/nlbx_0e08812771246b47af4a826ddc3974e7.jpg","",1.639,1,"2025-02-10T19:27:46.693634Z"
30694,"1","Yes,","Not Flooded","2025-02-10T19:35:15.334873Z",658,"/data/local-files/?d=/share/XXXX-19/nexar_data/training_datasets/street_flooding/all_no_letterboxing/nlbx_709ac98abd3976758ec2baa77f12fe8d.jpg","",0.799,1,"2025-02-10T19:35:15.334895Z"
28670,"1","No,","Not Flooded","2025-02-03T22:22:23.980005Z",659,"/data/local-files/?d=/share/XXXX-19/nexar_data/training_datasets/street_flooding/all_no_letterboxing/nlbx_8c8e6d72e7ee6e1f0db00573fdbdcd03.jpg","",0.817,0,"2025-02-03T22:22:23.980038Z"
30569,"1","Yes,","Flooded","2025-02-10T19:31:48.899152Z",660,"/data/local-files/?d=/share/XXXX-19/nexar_data/training_datasets/street_flooding/all_no_letterboxing/nlbx_b543a64ce9da7210edb78dc197e14bd3.jpg","",1.078,1,"2025-02-10T19:31:48.899173Z"
28654,"1","No,","Not Flooded","2025-02-03T22:21:54.781699Z",663,"/data/local-files/?d=/share/XXXX-19/nexar_data/training_datasets/street_flooding/all_no_letterboxing/nlbx_aecbd559b3d81f737628bb5bc2fca83f.jpg","",1.043,0,"2025-02-03T22:21:54.781723Z"
30398,"1","Yes,","Flooded","2025-02-10T19:24:50.348678Z",665,"/data/local-files/?d=/share/XXXX-19/nexar_data/training_datasets/street_flooding/all_no_letterboxing/nlbx_d4546f21009665e0ea1599b54fafce7c.jpg","",2.336,1,"2025-02-10T19:24:50.348700Z"
30670,"1","Yes,","Not Flooded","2025-02-10T19:34:38.979811Z",670,"/data/local-files/?d=/share/XXXX-19/nexar_data/training_datasets/street_flooding/all_no_letterboxing/nlbx_9718cbdcfcb35f8ff77e9b7149a8b29d.jpg","",0.896,1,"2025-02-10T19:34:38.979831Z"
30484,"1","No,","Not Flooded","2025-02-10T19:28:42.498714Z",672,"/data/local-files/?d=/share/XXXX-19/nexar_data/training_datasets/street_flooding/all_no_letterboxing/nlbx_cd1bf529c35d38b0cd28d30742b5905f.jpg","",1.365,0,"2025-02-10T19:28:42.498735Z"
30598,"1","No,","Not Flooded","2025-02-10T19:32:35.114957Z",673,"/data/local-files/?d=/share/XXXX-19/nexar_data/training_datasets/street_flooding/all_no_letterboxing/nlbx_5362b6c9a362df04609374dc4d062685.jpg","",1.037,0,"2025-02-10T19:32:35.114986Z"
30638,"1","Yes,","Flooded","2025-02-10T19:33:50.728522Z",674,"/data/local-files/?d=/share/XXXX-19/nexar_data/training_datasets/street_flooding/all_no_letterboxing/nlbx_f2e8568203ec155c92491f9492e41c14.jpg","",1.155,1,"2025-02-10T19:33:50.728543Z"
30661,"1","No,","Not Flooded","2025-02-10T19:34:25.866503Z",675,"/data/local-files/?d=/share/XXXX-19/nexar_data/training_datasets/street_flooding/all_no_letterboxing/nlbx_5aa7c9efee4745d312220da5913cc637.jpg","",0.899,0,"2025-02-10T19:34:25.866523Z"
30439,"1","Yes,","Not Flooded","2025-02-10T19:27:27.590654Z",676,"/data/local-files/?d=/share/XXXX-19/nexar_data/training_datasets/street_flooding/all_no_letterboxing/nlbx_a1bb1c2c8f5cec88e6008efcc3b61b72.jpg","",1.097,1,"2025-02-10T19:27:27.590674Z"
30664,"1","Yes,","Not Flooded","2025-02-10T19:34:30.081784Z",677,"/data/local-files/?d=/share/XXXX-19/nexar_data/training_datasets/street_flooding/all_no_letterboxing/nlbx_1563b6efb17ef8a59034e968675000fb.jpg","",0.808,1,"2025-02-10T19:34:30.081804Z"
28596,"1","No,","Not Flooded","2025-02-03T22:19:38.923531Z",679,"/data/local-files/?d=/share/XXXX-19/nexar_data/training_datasets/street_flooding/all_no_letterboxing/nlbx_882f0c7f7f904deb0c829762ecb90851.jpg","",5.652,0,"2025-02-03T22:19:38.923555Z"
30677,"1","Yes,","Not Flooded","2025-02-10T19:34:49.086127Z",680,"/data/local-files/?d=/share/XXXX-19/nexar_data/training_datasets/street_flooding/all_no_letterboxing/nlbx_8818095ecfa961c177ff656a81ae23f0.jpg","",0.852,1,"2025-02-10T19:34:49.086147Z"
30588,"1","No,","Not Flooded","2025-02-10T19:32:17.684137Z",682,"/data/local-files/?d=/share/XXXX-19/nexar_data/training_datasets/street_flooding/all_no_letterboxing/nlbx_45b694b62400a5a41ac632ee8232da70.jpg","",1.012,0,"2025-02-10T19:32:17.684158Z"
29823,"1","No,","Not Flooded","2025-02-09T18:35:05.218768Z",683,"/data/local-files/?d=/share/XXXX-19/nexar_data/training_datasets/street_flooding/all_no_letterboxing/nlbx_8e958dce5b08fb609e88d64bbb167c5b.jpg","",0.962,0,"2025-02-09T18:35:05.218787Z"
30532,"1","Yes,","Not Flooded","2025-02-10T19:30:49.430531Z",685,"/data/local-files/?d=/share/XXXX-19/nexar_data/training_datasets/street_flooding/all_no_letterboxing/nlbx_cf289588ac3c9d2fdb7f36827b54722c.jpg","",2.18,1,"2025-02-10T19:30:49.430551Z"
30423,"1","Yes,","Flooded","2025-02-10T19:26:57.552758Z",686,"/data/local-files/?d=/share/XXXX-19/nexar_data/training_datasets/street_flooding/all_no_letterboxing/nlbx_d83e87c1229a8968cbecaeee4150484b.jpg","",1.253,1,"2025-02-10T19:26:57.552778Z"
30528,"1","Yes,","Flooded","2025-02-10T19:30:42.067729Z",688,"/data/local-files/?d=/share/XXXX-19/nexar_data/training_datasets/street_flooding/all_no_letterboxing/nlbx_d279d4a27fb587253d3774ba6b624a54.jpg","",1.164,1,"2025-02-10T19:30:42.067749Z"
30488,"1","Yes,","Not Flooded","2025-02-10T19:28:54.807316Z",689,"/data/local-files/?d=/share/XXXX-19/nexar_data/training_datasets/street_flooding/all_no_letterboxing/nlbx_dbaab0e2aabd23bd19f88194f6512b4c.jpg","",1.708,1,"2025-02-10T19:28:54.807337Z"
29765,"1","Yes,","Flooded","2025-02-09T18:33:44.124047Z",690,"/data/local-files/?d=/share/XXXX-19/nexar_data/training_datasets/street_flooding/all_no_letterboxing/nlbx_aacf39f97cc042bc827738c2e9f088fe.jpg","",1.492,1,"2025-02-09T18:33:44.124067Z"
30385,"1","Yes,","Not Flooded","2025-02-10T19:24:29.178203Z",692,"/data/local-files/?d=/share/XXXX-19/nexar_data/training_datasets/street_flooding/all_no_letterboxing/nlbx_0ccd1fdbc6014beafd7bafc57198561a.jpg","",1.905,1,"2025-02-10T19:24:29.178225Z"
28634,"1","No,","Not Flooded","2025-02-03T22:21:24.730520Z",693,"/data/local-files/?d=/share/XXXX-19/nexar_data/training_datasets/street_flooding/all_no_letterboxing/nlbx_bec199b48ec7a079fca2437a5acbe11d.jpg","",1.077,0,"2025-02-03T22:21:24.730541Z"
30478,"1","No,","Not Flooded","2025-02-10T19:28:32.023303Z",695,"/data/local-files/?d=/share/XXXX-19/nexar_data/training_datasets/street_flooding/all_no_letterboxing/nlbx_3d12c6b772584e77786a006f36936e8d.jpg","",1.024,0,"2025-02-10T19:28:32.023325Z"
28610,"1","No,","Not Flooded","2025-02-03T22:20:13.958553Z",699,"/data/local-files/?d=/share/XXXX-19/nexar_data/training_datasets/street_flooding/all_no_letterboxing/nlbx_e2722db4c3540fe6b335f7a569e5c26a.jpg","",1.175,0,"2025-02-03T22:20:13.958576Z"
28658,"1","No,","Not Flooded","2025-02-03T22:22:07.331108Z",703,"/data/local-files/?d=/share/XXXX-19/nexar_data/training_datasets/street_flooding/all_no_letterboxing/nlbx_14927675106d2762d3fdcd9176e432fc.jpg","",1.848,0,"2025-02-03T22:22:07.331132Z"
30546,"1","Yes,","Not Flooded","2025-02-10T19:31:12.117806Z",704,"/data/local-files/?d=/share/XXXX-19/nexar_data/training_datasets/street_flooding/all_no_letterboxing/nlbx_5261d090ad1964fbd7ced9f64edfdc54.jpg","",0.982,1,"2025-02-10T19:31:12.117828Z"
29783,"1","Yes,","Not Flooded","2025-02-09T18:34:08.678221Z",705,"/data/local-files/?d=/share/XXXX-19/nexar_data/training_datasets/street_flooding/all_no_letterboxing/nlbx_33499ec32060dc1fcc7fff401119f89b.jpg","",0.761,1,"2025-02-09T18:34:08.678241Z"
30593,"1","Yes,","Flooded","2025-02-10T19:32:26.559145Z",711,"/data/local-files/?d=/share/XXXX-19/nexar_data/training_datasets/street_flooding/all_no_letterboxing/nlbx_949e15b3fcfd4e10b42128f79351e282.jpg","",2.243,1,"2025-02-10T19:32:26.559166Z"
30429,"1","Yes,","Flooded","2025-02-10T19:27:08.815262Z",713,"/data/local-files/?d=/share/XXXX-19/nexar_data/training_datasets/street_flooding/all_no_letterboxing/nlbx_305e424c90b936cb6e678894308d8c0f.jpg","",1.255,1,"2025-02-10T19:27:08.815284Z"
28675,"1","Yes,","Flooded","2025-02-03T22:22:38.107340Z",714,"/data/local-files/?d=/share/XXXX-19/nexar_data/training_datasets/street_flooding/all_no_letterboxing/nlbx_633ec6ce9530e2988cc3bfccc2df1e2c.jpg","",7.299,1,"2025-02-03T22:22:38.107364Z"
28593,"1","No,","Not Flooded","2025-02-03T22:19:25.395580Z",715,"/data/local-files/?d=/share/XXXX-19/nexar_data/training_datasets/street_flooding/all_no_letterboxing/nlbx_bfb3e2ef57470e0be53190f5a67ddf74.jpg","",1.287,0,"2025-02-03T22:19:25.395605Z"
29873,"1","Yes,","Flooded","2025-02-09T18:36:22.757865Z",716,"/data/local-files/?d=/share/XXXX-19/nexar_data/training_datasets/street_flooding/all_no_letterboxing/nlbx_e698011f0829e859e6a575c8e7395c4c.jpg","",1.361,1,"2025-02-09T18:36:22.757885Z"
28609,"1","Yes,","Flooded","2025-02-03T22:20:12.435108Z",717,"/data/local-files/?d=/share/XXXX-19/nexar_data/training_datasets/street_flooding/all_no_letterboxing/nlbx_ef22da18628594e3b07b7d5956251907.jpg","",2.448,1,"2025-02-03T22:20:12.435130Z"
29845,"1","No,","Not Flooded","2025-02-09T18:35:36.597720Z",720,"/data/local-files/?d=/share/XXXX-19/nexar_data/training_datasets/street_flooding/all_no_letterboxing/nlbx_a98355fa9e27fdeff22f3fa77b15d400.jpg","",0.774,0,"2025-02-09T18:35:36.597739Z"
30523,"1","No,","Not Flooded","2025-02-10T19:30:33.802336Z",722,"/data/local-files/?d=/share/XXXX-19/nexar_data/training_datasets/street_flooding/all_no_letterboxing/nlbx_0bbcd6d6ae42255ab3b5956ac6f02a9a.jpg","",1.15,0,"2025-02-10T19:30:33.802359Z"
30627,"1","Yes,","Not Flooded","2025-02-10T19:33:34.127075Z",723,"/data/local-files/?d=/share/XXXX-19/nexar_data/training_datasets/street_flooding/all_no_letterboxing/nlbx_4a6bb9226b723215d002b7241e85506c.jpg","",0.917,1,"2025-02-10T19:33:34.127095Z"
29867,"1","Yes,","Not Flooded","2025-02-09T18:36:13.539327Z",724,"/data/local-files/?d=/share/XXXX-19/nexar_data/training_datasets/street_flooding/all_no_letterboxing/nlbx_979be94fcfa3296bf12ad51d6f15c95a.jpg","",1.384,1,"2025-02-09T18:36:13.539347Z"
30597,"1","No,","Not Flooded","2025-02-10T19:32:33.582700Z",725,"/data/local-files/?d=/share/XXXX-19/nexar_data/training_datasets/street_flooding/all_no_letterboxing/nlbx_ecc2d6bed2f1f333e9549b83b0459abc.jpg","",0.94,0,"2025-02-10T19:32:33.582720Z"
30507,"1","Yes,","Not Flooded","2025-02-10T19:30:04.034753Z",726,"/data/local-files/?d=/share/XXXX-19/nexar_data/training_datasets/street_flooding/all_no_letterboxing/nlbx_9b55ac4dcae2fd0c0a76dd993e0c9f0a.jpg","",1.277,1,"2025-02-10T19:30:04.034772Z"
28629,"1","Yes,","Not Flooded","2025-02-03T22:21:14.677344Z",728,"/data/local-files/?d=/share/XXXX-19/nexar_data/training_datasets/street_flooding/all_no_letterboxing/nlbx_84f1a1300c0d46af9354dbd186b3198f.jpg","",2.607,1,"2025-02-03T22:21:14.677365Z"
28627,"1","No,","Not Flooded","2025-02-03T22:21:10.021334Z",731,"/data/local-files/?d=/share/XXXX-19/nexar_data/training_datasets/street_flooding/all_no_letterboxing/nlbx_4de1f1507df569e662d8231a6e2d719b.jpg","",1.192,0,"2025-02-03T22:21:10.021356Z"
30462,"1","Yes,","Not Flooded","2025-02-10T19:28:04.015236Z",733,"/data/local-files/?d=/share/XXXX-19/nexar_data/training_datasets/street_flooding/all_no_letterboxing/nlbx_e1fe11eec91209f090c6e75e22987c60.jpg","",0.974,1,"2025-02-10T19:28:04.015256Z"
30471,"1","No,","Not Flooded","2025-02-10T19:28:20.900399Z",737,"/data/local-files/?d=/share/XXXX-19/nexar_data/training_datasets/street_flooding/all_no_letterboxing/nlbx_f738101afa3d88fd60817570510a6a27.jpg","",1.291,0,"2025-02-10T19:28:20.900419Z"
29858,"1","No,","Not Flooded","2025-02-09T18:35:59.699942Z",738,"/data/local-files/?d=/share/XXXX-19/nexar_data/training_datasets/street_flooding/all_no_letterboxing/nlbx_da455269aff75d7efaa376d81ac3d2d6.jpg","",0.612,0,"2025-02-09T18:35:59.699962Z"
30682,"1","No,","Not Flooded","2025-02-10T19:34:55.965825Z",739,"/data/local-files/?d=/share/XXXX-19/nexar_data/training_datasets/street_flooding/all_no_letterboxing/nlbx_497ec2eede2d15a67925b98ef1223148.jpg","",0.826,0,"2025-02-10T19:34:55.965846Z"
29852,"1","Yes,","Flooded","2025-02-09T18:35:46.862073Z",744,"/data/local-files/?d=/share/XXXX-19/nexar_data/training_datasets/street_flooding/all_no_letterboxing/nlbx_7f6a44236e3b43d249ab8cc9ca56357f.jpg","",1.053,1,"2025-02-09T18:35:46.862094Z"
30494,"1","No,","Not Flooded","2025-02-10T19:29:04.246764Z",745,"/data/local-files/?d=/share/XXXX-19/nexar_data/training_datasets/street_flooding/all_no_letterboxing/nlbx_98dc8eb674cfb436c6f806fc67b0ef79.jpg","",1.241,0,"2025-02-10T19:29:04.246784Z"
28632,"1","Yes,","Flooded","2025-02-03T22:21:20.191721Z",746,"/data/local-files/?d=/share/XXXX-19/nexar_data/training_datasets/street_flooding/all_no_letterboxing/nlbx_22ca559287d57aec173c403d22de07e8.jpg","",1.678,1,"2025-02-03T22:21:20.191743Z"
30621,"1","No,","Not Flooded","2025-02-10T19:33:25.280912Z",747,"/data/local-files/?d=/share/XXXX-19/nexar_data/training_datasets/street_flooding/all_no_letterboxing/nlbx_79bcdcdf3cd693104a4530ff455a8699.jpg","",0.846,0,"2025-02-10T19:33:25.280932Z"
30402,"1","Yes,","Not Flooded","2025-02-10T19:26:10.480903Z",748,"/data/local-files/?d=/share/XXXX-19/nexar_data/training_datasets/street_flooding/all_no_letterboxing/nlbx_70939f2226b5745fc9594bc71572da16.jpg","",1.014,1,"2025-02-10T19:26:10.480923Z"
30673,"1","No,","Not Flooded","2025-02-10T19:34:43.535274Z",750,"/data/local-files/?d=/share/XXXX-19/nexar_data/training_datasets/street_flooding/all_no_letterboxing/nlbx_bea91f579ba4236ee8fef2d771a083de.jpg","",1.013,0,"2025-02-10T19:34:43.535294Z"
28667,"1","Yes,","Not Flooded","2025-02-03T22:22:20.168505Z",751,"/data/local-files/?d=/share/XXXX-19/nexar_data/training_datasets/street_flooding/all_no_letterboxing/nlbx_888ccf67ddb10d9020ec41e2fb920f45.jpg","",0.938,1,"2025-02-03T22:22:20.168528Z"
30522,"1","No,","Not Flooded","2025-02-10T19:30:32.156136Z",752,"/data/local-files/?d=/share/XXXX-19/nexar_data/training_datasets/street_flooding/all_no_letterboxing/nlbx_d68518843261c8c61ed5fa9820e63e96.jpg","",1.051,0,"2025-02-10T19:30:32.156160Z"
29810,"1","No,","Not Flooded","2025-02-09T18:34:47.016205Z",754,"/data/local-files/?d=/share/XXXX-19/nexar_data/training_datasets/street_flooding/all_no_letterboxing/nlbx_0a47f61253fec5b21cf8388412645fb1.jpg","",0.888,0,"2025-02-09T18:34:47.016225Z"
29761,"1","No,","Not Flooded","2025-02-09T18:33:37.856176Z",756,"/data/local-files/?d=/share/XXXX-19/nexar_data/training_datasets/street_flooding/all_no_letterboxing/nlbx_86af7c4a58cc814512485c11a510adf3.jpg","",0.929,0,"2025-02-09T18:33:37.856197Z"
30622,"1","Yes,","Flooded","2025-02-10T19:33:26.886319Z",758,"/data/local-files/?d=/share/XXXX-19/nexar_data/training_datasets/street_flooding/all_no_letterboxing/nlbx_4a9ad3030b4a1c1acf0302d78681ebd5.jpg","",1.132,1,"2025-02-10T19:33:26.886348Z"
28672,"1","No,","Not Flooded","2025-02-03T22:22:26.927600Z",760,"/data/local-files/?d=/share/XXXX-19/nexar_data/training_datasets/street_flooding/all_no_letterboxing/nlbx_493d9f7a5527d1cbe2ea801d405b42de.jpg","",1.104,0,"2025-02-03T22:22:26.927626Z"
30574,"1","No,","Not Flooded","2025-02-10T19:31:56.382394Z",761,"/data/local-files/?d=/share/XXXX-19/nexar_data/training_datasets/street_flooding/all_no_letterboxing/nlbx_4c52ad33f26cc4907e9ae3aff8dc2790.jpg","",1.021,0,"2025-02-10T19:31:56.382414Z"
30659,"1","No,","Not Flooded","2025-02-10T19:34:23.108118Z",763,"/data/local-files/?d=/share/XXXX-19/nexar_data/training_datasets/street_flooding/all_no_letterboxing/nlbx_ccb36eb1ab3b8da8124121fbc05e61b0.jpg","",1.062,0,"2025-02-10T19:34:23.108139Z"
28664,"1","No,","Not Flooded","2025-02-03T22:22:16.184480Z",764,"/data/local-files/?d=/share/XXXX-19/nexar_data/training_datasets/street_flooding/all_no_letterboxing/nlbx_8d251ad1305574707c3eb8e12226531f.jpg","",0.978,0,"2025-02-03T22:22:16.184503Z"
29787,"1","No,","Not Flooded","2025-02-09T18:34:13.906470Z",765,"/data/local-files/?d=/share/XXXX-19/nexar_data/training_datasets/street_flooding/all_no_letterboxing/nlbx_0d03422d78bac4a5f4b4d407070a9408.jpg","",0.809,0,"2025-02-09T18:34:13.906490Z"
28592,"1","Yes,","Not Flooded","2025-02-03T22:19:23.758186Z",768,"/data/local-files/?d=/share/XXXX-19/nexar_data/training_datasets/street_flooding/all_no_letterboxing/nlbx_43c78c1a2ffdc56dc5655a6cb5248582.jpg","",3.64,1,"2025-02-03T22:19:23.758208Z"
30548,"1","No,","Not Flooded","2025-02-10T19:31:15.259432Z",776,"/data/local-files/?d=/share/XXXX-19/nexar_data/training_datasets/street_flooding/all_no_letterboxing/nlbx_ec5e09e3c5466c9592fa12dddf5b7bcf.jpg","",0.975,0,"2025-02-10T19:31:15.259453Z"
30449,"1","No,","Not Flooded","2025-02-10T19:27:44.573498Z",778,"/data/local-files/?d=/share/XXXX-19/nexar_data/training_datasets/street_flooding/all_no_letterboxing/nlbx_9d9de5668b6defea29c223b0684ab7a0.jpg","",2.414,0,"2025-02-10T19:27:44.573518Z"
29807,"1","Yes,","Flooded","2025-02-09T18:34:41.937815Z",779,"/data/local-files/?d=/share/XXXX-19/nexar_data/training_datasets/street_flooding/all_no_letterboxing/nlbx_38cd44a291a27a4fb286c4aa58531aa5.jpg","",1.419,1,"2025-02-09T18:34:41.937835Z"
29815,"1","No,","Not Flooded","2025-02-09T18:34:53.711707Z",780,"/data/local-files/?d=/share/XXXX-19/nexar_data/training_datasets/street_flooding/all_no_letterboxing/nlbx_42b1b223354e735c693c37f36a232122.jpg","",0.901,0,"2025-02-09T18:34:53.711726Z"
28666,"1","No,","Not Flooded","2025-02-03T22:22:18.886900Z",781,"/data/local-files/?d=/share/XXXX-19/nexar_data/training_datasets/street_flooding/all_no_letterboxing/nlbx_e88921871aaf189a8079fde0e5d37b8d.jpg","",1.186,0,"2025-02-03T22:22:18.886921Z"
30541,"1","Yes,","Flooded","2025-02-10T19:31:04.661369Z",784,"/data/local-files/?d=/share/XXXX-19/nexar_data/training_datasets/street_flooding/all_no_letterboxing/nlbx_ffb266d05a7ae7778428e37a95ac2839.jpg","",1.111,1,"2025-02-10T19:31:04.661391Z"
30477,"1","No,","Not Flooded","2025-02-10T19:28:30.499100Z",785,"/data/local-files/?d=/share/XXXX-19/nexar_data/training_datasets/street_flooding/all_no_letterboxing/nlbx_565cc2a5ea25177e285d462399d34d70.jpg","",1.018,0,"2025-02-10T19:28:30.499121Z"
30658,"1","Yes,","Not Flooded","2025-02-10T19:34:21.571024Z",786,"/data/local-files/?d=/share/XXXX-19/nexar_data/training_datasets/street_flooding/all_no_letterboxing/nlbx_3d390e6be96734cf9d98c64c377a544c.jpg","",0.622,1,"2025-02-10T19:34:21.571045Z"
29859,"1","Yes,","Not Flooded","2025-02-09T18:36:01.188055Z",787,"/data/local-files/?d=/share/XXXX-19/nexar_data/training_datasets/street_flooding/all_no_letterboxing/nlbx_edb49884b98c925a14195bbd11cce6d3.jpg","",1.027,1,"2025-02-09T18:36:01.188075Z"
30550,"1","No,","Not Flooded","2025-02-10T19:31:18.364633Z",788,"/data/local-files/?d=/share/XXXX-19/nexar_data/training_datasets/street_flooding/all_no_letterboxing/nlbx_3117f8e01c8c1507272ab7f88d9f896d.jpg","",0.979,0,"2025-02-10T19:31:18.364653Z"
30469,"1","Yes,","Not Flooded","2025-02-10T19:28:16.241307Z",789,"/data/local-files/?d=/share/XXXX-19/nexar_data/training_datasets/street_flooding/all_no_letterboxing/nlbx_6b8bf8556bc30177abc7f0e6e54d5643.jpg","",1.142,1,"2025-02-10T19:28:16.241328Z"
29880,"1","No,","Not Flooded","2025-02-09T18:36:37.283344Z",792,"/data/local-files/?d=/share/XXXX-19/nexar_data/training_datasets/street_flooding/all_no_letterboxing/nlbx_0343a576dc21666b66fe99016e47b106.jpg","",0.917,0,"2025-02-09T18:36:37.283364Z"
30591,"1","No,","Not Flooded","2025-02-10T19:32:22.226321Z",794,"/data/local-files/?d=/share/XXXX-19/nexar_data/training_datasets/street_flooding/all_no_letterboxing/nlbx_ba2ccc27a28e0b15124c6dbb484c6d3a.jpg","",1.056,0,"2025-02-10T19:32:22.226340Z"
30424,"1","No,","Not Flooded","2025-02-10T19:26:59.050501Z",795,"/data/local-files/?d=/share/XXXX-19/nexar_data/training_datasets/street_flooding/all_no_letterboxing/nlbx_09f9c11abd9c4678d4e290b8cde5e388.jpg","",1.024,0,"2025-02-10T19:26:59.050521Z"
30475,"1","No,","Not Flooded","2025-02-10T19:28:27.535500Z",797,"/data/local-files/?d=/share/XXXX-19/nexar_data/training_datasets/street_flooding/all_no_letterboxing/nlbx_b62abb3405efa5cc8195202be4ebb0d1.jpg","",0.953,0,"2025-02-10T19:28:27.535532Z"
29825,"1","No,","Not Flooded","2025-02-09T18:35:07.867367Z",799,"/data/local-files/?d=/share/XXXX-19/nexar_data/training_datasets/street_flooding/all_no_letterboxing/nlbx_ca80be5873d551dc22d34c84a619993f.jpg","",0.888,0,"2025-02-09T18:35:07.867386Z"
30558,"1","Yes,","Flooded","2025-02-10T19:31:31.512490Z",803,"/data/local-files/?d=/share/XXXX-19/nexar_data/training_datasets/street_flooding/all_no_letterboxing/nlbx_ab43771a681e9486896e934081a6419e.jpg","",1.245,1,"2025-02-10T19:31:31.512512Z"
28637,"1","Yes,","Not Flooded","2025-02-03T22:21:30.427609Z",806,"/data/local-files/?d=/share/XXXX-19/nexar_data/training_datasets/street_flooding/all_no_letterboxing/nlbx_398a24624a8c84fd125d8d59350e436f.jpg","",1.092,1,"2025-02-03T22:21:30.427639Z"
30442,"1","Yes,","Flooded","2025-02-10T19:27:32.566292Z",809,"/data/local-files/?d=/share/XXXX-19/nexar_data/training_datasets/street_flooding/all_no_letterboxing/nlbx_023cbdedb5a00df4c75ada5c4b66577a.jpg","",1.163,1,"2025-02-10T19:27:32.566313Z"
30517,"1","Yes,","Not Flooded","2025-02-10T19:30:23.825578Z",811,"/data/local-files/?d=/share/XXXX-19/nexar_data/training_datasets/street_flooding/all_no_letterboxing/nlbx_ab41cab7240fb343ef7136168f595d15.jpg","",1.188,1,"2025-02-10T19:30:23.825600Z"
30687,"1","No,","Not Flooded","2025-02-10T19:35:05.703550Z",812,"/data/local-files/?d=/share/XXXX-19/nexar_data/training_datasets/street_flooding/all_no_letterboxing/nlbx_a6a0ebd31fd2ce511bee16f3268c6697.jpg","",0.919,0,"2025-02-10T19:35:05.703571Z"
30456,"1","No,","Not Flooded","2025-02-10T19:27:55.497889Z",813,"/data/local-files/?d=/share/XXXX-19/nexar_data/training_datasets/street_flooding/all_no_letterboxing/nlbx_7f31a98f4abcc940e69505bb2b4743fd.jpg","",1.017,0,"2025-02-10T19:27:55.497909Z"
30652,"1","No,","Not Flooded","2025-02-10T19:34:10.976181Z",820,"/data/local-files/?d=/share/XXXX-19/nexar_data/training_datasets/street_flooding/all_no_letterboxing/nlbx_07e981dd00bc0107dce4588678ad7ea1.jpg","",0.962,0,"2025-02-10T19:34:10.976202Z"
30654,"1","No,","Not Flooded","2025-02-10T19:34:13.842035Z",824,"/data/local-files/?d=/share/XXXX-19/nexar_data/training_datasets/street_flooding/all_no_letterboxing/nlbx_43c507f6eaac6893221e07cb6854d5c6.jpg","",1.011,0,"2025-02-10T19:34:13.842056Z"
30391,"1","No,","Not Flooded","2025-02-10T19:24:38.187004Z",825,"/data/local-files/?d=/share/XXXX-19/nexar_data/training_datasets/street_flooding/all_no_letterboxing/nlbx_ec73dfc2cabf3acfc9d7be2fa30486a7.jpg","",0.932,0,"2025-02-10T19:24:38.187025Z"
29844,"1","No,","Not Flooded","2025-02-09T18:35:35.367151Z",826,"/data/local-files/?d=/share/XXXX-19/nexar_data/training_datasets/street_flooding/all_no_letterboxing/nlbx_80c89fd0d1d25748787d235eaede3270.jpg","",1.005,0,"2025-02-09T18:35:35.367171Z"
30669,"1","Yes,","Not Flooded","2025-02-10T19:34:37.601578Z",827,"/data/local-files/?d=/share/XXXX-19/nexar_data/training_datasets/street_flooding/all_no_letterboxing/nlbx_c7c20db6a8f40192d47eb6e56bf56cc1.jpg","",0.88,1,"2025-02-10T19:34:37.601598Z"
30584,"1","Yes,","Not Flooded","2025-02-10T19:32:11.481010Z",828,"/data/local-files/?d=/share/XXXX-19/nexar_data/training_datasets/street_flooding/all_no_letterboxing/nlbx_b6ac056b1392744277643e271a8f0edd.jpg","",1.106,1,"2025-02-10T19:32:11.481031Z"
29793,"1","Yes,","Not Flooded","2025-02-09T18:34:22.265050Z",829,"/data/local-files/?d=/share/XXXX-19/nexar_data/training_datasets/street_flooding/all_no_letterboxing/nlbx_fd5ce52ba87370901ebf50bf39e2285c.jpg","",0.962,1,"2025-02-09T18:34:22.265070Z"
29762,"1","Yes,","Not Flooded","2025-02-09T18:33:39.368997Z",830,"/data/local-files/?d=/share/XXXX-19/nexar_data/training_datasets/street_flooding/all_no_letterboxing/nlbx_56272ef4bad702aa033c49e338ad0fee.jpg","",1.05,1,"2025-02-09T18:33:39.369017Z"
30497,"1","No,","Not Flooded","2025-02-10T19:29:08.901321Z",831,"/data/local-files/?d=/share/XXXX-19/nexar_data/training_datasets/street_flooding/all_no_letterboxing/nlbx_eef863bcb35ef7f8440b8a75c4be5a43.jpg","",0.946,0,"2025-02-10T19:29:08.901341Z"
29813,"1","Yes,","Not Flooded","2025-02-09T18:34:51.237322Z",833,"/data/local-files/?d=/share/XXXX-19/nexar_data/training_datasets/street_flooding/all_no_letterboxing/nlbx_fab0b8e8bf9016b860bc5b01f0d1e117.jpg","",1.209,1,"2025-02-09T18:34:51.237343Z"
30623,"1","Yes,","Not Flooded","2025-02-10T19:33:28.484117Z",834,"/data/local-files/?d=/share/XXXX-19/nexar_data/training_datasets/street_flooding/all_no_letterboxing/nlbx_95bcad8d86e8966a947871e3f0d8c1a7.jpg","",1.125,1,"2025-02-10T19:33:28.484138Z"
30547,"1","No,","Not Flooded","2025-02-10T19:31:13.779339Z",835,"/data/local-files/?d=/share/XXXX-19/nexar_data/training_datasets/street_flooding/all_no_letterboxing/nlbx_64508d40b3d6e142f7e364ce29959dcd.jpg","",1.179,0,"2025-02-10T19:31:13.779361Z"
30636,"1","No,","Not Flooded","2025-02-10T19:33:47.333064Z",836,"/data/local-files/?d=/share/XXXX-19/nexar_data/training_datasets/street_flooding/all_no_letterboxing/nlbx_8c7824e45a647c80a51bf6aa2bd39974.jpg","",0.862,0,"2025-02-10T19:33:47.333087Z"
28644,"1","No,","Not Flooded","2025-02-03T22:21:40.544618Z",837,"/data/local-files/?d=/share/XXXX-19/nexar_data/training_datasets/street_flooding/all_no_letterboxing/nlbx_84d270ce1307dcf55bb585f835e251d5.jpg","",0.993,0,"2025-02-03T22:21:40.544639Z"
30643,"1","No,","Not Flooded","2025-02-10T19:33:57.991581Z",838,"/data/local-files/?d=/share/XXXX-19/nexar_data/training_datasets/street_flooding/all_no_letterboxing/nlbx_59d03f1d9ba0c25f9e4a06b1317e8f45.jpg","",1.105,0,"2025-02-10T19:33:57.991602Z"
30610,"1","No,","Not Flooded","2025-02-10T19:32:53.624128Z",840,"/data/local-files/?d=/share/XXXX-19/nexar_data/training_datasets/street_flooding/all_no_letterboxing/nlbx_85748c3f53bcdea0c8b5a92f061e374c.jpg","",0.957,0,"2025-02-10T19:32:53.624150Z"
30486,"1","Yes,","Flooded","2025-02-10T19:28:50.918619Z",843,"/data/local-files/?d=/share/XXXX-19/nexar_data/training_datasets/street_flooding/all_no_letterboxing/nlbx_5da4497114051f547967d57cdd8139d5.jpg","",1.347,1,"2025-02-10T19:28:50.918640Z"
30505,"1","Yes,","Flooded","2025-02-10T19:29:59.535299Z",845,"/data/local-files/?d=/share/XXXX-19/nexar_data/training_datasets/street_flooding/all_no_letterboxing/nlbx_9c400dfd96f8351ad25973ed8d89d1f5.jpg","",21.561,1,"2025-02-10T19:29:59.535319Z"
30633,"1","Yes,","Flooded","2025-02-10T19:33:43.081656Z",850,"/data/local-files/?d=/share/XXXX-19/nexar_data/training_datasets/street_flooding/all_no_letterboxing/nlbx_44c14b8898d29324e39a76247a4e95c7.jpg","",1.352,1,"2025-02-10T19:33:43.081676Z"
28647,"1","No,","Not Flooded","2025-02-03T22:21:44.440224Z",851,"/data/local-files/?d=/share/XXXX-19/nexar_data/training_datasets/street_flooding/all_no_letterboxing/nlbx_15f869031e2422fb26af4de34b027715.jpg","",0.8,0,"2025-02-03T22:21:44.440250Z"
29863,"1","Yes,","Not Flooded","2025-02-09T18:36:07.241602Z",853,"/data/local-files/?d=/share/XXXX-19/nexar_data/training_datasets/street_flooding/all_no_letterboxing/nlbx_f0466e0b9ae21b58ee6e2b086f73bee6.jpg","",1.121,1,"2025-02-09T18:36:07.241622Z"
28598,"1","Yes,","Not Flooded","2025-02-03T22:19:50.834793Z",855,"/data/local-files/?d=/share/XXXX-19/nexar_data/training_datasets/street_flooding/all_no_letterboxing/nlbx_14a600275e7b526bee5c0aef0fccf529.jpg","",3.982,1,"2025-02-03T22:19:50.834818Z"
28619,"1","Yes,","Flooded","2025-02-03T22:20:54.203633Z",856,"/data/local-files/?d=/share/XXXX-19/nexar_data/training_datasets/street_flooding/all_no_letterboxing/nlbx_65c0c90887667a637a6fef1086e43c31.jpg","",1.216,1,"2025-02-03T22:20:54.203656Z"
30648,"1","No,","Not Flooded","2025-02-10T19:34:05.330969Z",857,"/data/local-files/?d=/share/XXXX-19/nexar_data/training_datasets/street_flooding/all_no_letterboxing/nlbx_22e8a46fde267a13891c81dde842013e.jpg","",0.919,0,"2025-02-10T19:34:05.330997Z"
30422,"1","Yes,","Not Flooded","2025-02-10T19:26:55.811496Z",858,"/data/local-files/?d=/share/XXXX-19/nexar_data/training_datasets/street_flooding/all_no_letterboxing/nlbx_f497ba0fe713bbb4bd588545a9a0107d.jpg","",1.912,1,"2025-02-10T19:26:55.811516Z"
30561,"1","Yes,","Not Flooded","2025-02-10T19:31:37.060328Z",863,"/data/local-files/?d=/share/XXXX-19/nexar_data/training_datasets/street_flooding/all_no_letterboxing/nlbx_957317a1d787daa2356af1fe7afdf4c4.jpg","",1.887,1,"2025-02-10T19:31:37.060349Z"
28661,"1","Yes,","Not Flooded","2025-02-03T22:22:12.241882Z",867,"/data/local-files/?d=/share/XXXX-19/nexar_data/training_datasets/street_flooding/all_no_letterboxing/nlbx_9e2ef2b1a9ac5132a1ac9497e7712dc4.jpg","",1.027,1,"2025-02-03T22:22:12.241904Z"
29816,"1","No,","Not Flooded","2025-02-09T18:34:54.940767Z",868,"/data/local-files/?d=/share/XXXX-19/nexar_data/training_datasets/street_flooding/all_no_letterboxing/nlbx_5b9be68f1eeb81588b4491e4c31a6e40.jpg","",0.772,0,"2025-02-09T18:34:54.940787Z"
30565,"1","Yes,","Not Flooded","2025-02-10T19:31:43.060966Z",869,"/data/local-files/?d=/share/XXXX-19/nexar_data/training_datasets/street_flooding/all_no_letterboxing/nlbx_98d24cf89e5ced310e8fd1deb34219c2.jpg","",0.832,1,"2025-02-10T19:31:43.060988Z"
30626,"1","No,","Not Flooded","2025-02-10T19:33:32.734544Z",870,"/data/local-files/?d=/share/XXXX-19/nexar_data/training_datasets/street_flooding/all_no_letterboxing/nlbx_affd129c20ff300bc32e732bbc3f7260.jpg","",0.949,0,"2025-02-10T19:33:32.734567Z"
30436,"1","Yes,","Not Flooded","2025-02-10T19:27:22.132946Z",872,"/data/local-files/?d=/share/XXXX-19/nexar_data/training_datasets/street_flooding/all_no_letterboxing/nlbx_b9b0a380994b5b1ad33691fa6c0a0a0c.jpg","",1.154,1,"2025-02-10T19:27:22.132966Z"
28613,"1","Yes,","Not Flooded","2025-02-03T22:20:22.796211Z",875,"/data/local-files/?d=/share/XXXX-19/nexar_data/training_datasets/street_flooding/all_no_letterboxing/nlbx_73f60f1f3bb5a87fc6468a0222461b91.jpg","",2.22,1,"2025-02-03T22:20:22.796235Z"
29803,"1","No,","Not Flooded","2025-02-09T18:34:35.517689Z",876,"/data/local-files/?d=/share/XXXX-19/nexar_data/training_datasets/street_flooding/all_no_letterboxing/nlbx_c43d58c8edbccce0861de7e21803e6a8.jpg","",0.802,0,"2025-02-09T18:34:35.517709Z"
29764,"1","Yes,","Not Flooded","2025-02-09T18:33:42.178330Z",880,"/data/local-files/?d=/share/XXXX-19/nexar_data/training_datasets/street_flooding/all_no_letterboxing/nlbx_052147544c02d7fa948c4617c5984e80.jpg","",0.918,1,"2025-02-09T18:33:42.178350Z"
29777,"1","No,","Not Flooded","2025-02-09T18:34:00.791875Z",881,"/data/local-files/?d=/share/XXXX-19/nexar_data/training_datasets/street_flooding/all_no_letterboxing/nlbx_896926b271ae258a89222e9464ce8f71.jpg","",0.878,0,"2025-02-09T18:34:00.791896Z"
30534,"1","Yes,","Not Flooded","2025-02-10T19:30:53.378796Z",883,"/data/local-files/?d=/share/XXXX-19/nexar_data/training_datasets/street_flooding/all_no_letterboxing/nlbx_b050595e80a688c018818ee3fab58a56.jpg","",1.294,1,"2025-02-10T19:30:53.378817Z"
30447,"1","Yes,","Not Flooded","2025-02-10T19:27:40.173584Z",887,"/data/local-files/?d=/share/XXXX-19/nexar_data/training_datasets/street_flooding/all_no_letterboxing/nlbx_7dc7b1f9c6ce5293a9ab07425847d29a.jpg","",1.037,1,"2025-02-10T19:27:40.173605Z"
28641,"1","No,","Not Flooded","2025-02-03T22:21:36.707249Z",888,"/data/local-files/?d=/share/XXXX-19/nexar_data/training_datasets/street_flooding/all_no_letterboxing/nlbx_1093d1f150d45a6013e62c31a0e6ddd1.jpg","",0.93,0,"2025-02-03T22:21:36.707276Z"
30568,"1","No,","Not Flooded","2025-02-10T19:31:47.331216Z",889,"/data/local-files/?d=/share/XXXX-19/nexar_data/training_datasets/street_flooding/all_no_letterboxing/nlbx_762a087fca990ef9f7b78917bc588c85.jpg","",0.859,0,"2025-02-10T19:31:47.331239Z"
29876,"1","No,","Not Flooded","2025-02-09T18:36:31.729150Z",892,"/data/local-files/?d=/share/XXXX-19/nexar_data/training_datasets/street_flooding/all_no_letterboxing/nlbx_2195aaf85c3d4fc12ab27d138c4f2f07.jpg","",0.646,0,"2025-02-09T18:36:31.729170Z"
30602,"1","Yes,","Not Flooded","2025-02-10T19:32:40.820901Z",894,"/data/local-files/?d=/share/XXXX-19/nexar_data/training_datasets/street_flooding/all_no_letterboxing/nlbx_a78f33212def02a6f2f39bb810d9f828.jpg","",0.842,1,"2025-02-10T19:32:40.820922Z"
30660,"1","No,","Not Flooded","2025-02-10T19:34:24.480674Z",895,"/data/local-files/?d=/share/XXXX-19/nexar_data/training_datasets/street_flooding/all_no_letterboxing/nlbx_ad34a54dabde0e88008d29954432968f.jpg","",0.899,0,"2025-02-10T19:34:24.480694Z"
30692,"1","No,","Not Flooded","2025-02-10T19:35:12.735972Z",896,"/data/local-files/?d=/share/XXXX-19/nexar_data/training_datasets/street_flooding/all_no_letterboxing/nlbx_c5b09020cb58ffd6660eb05c7ace79a1.jpg","",0.999,0,"2025-02-10T19:35:12.735994Z"
30605,"1","Yes,","Flooded","2025-02-10T19:32:46.247095Z",897,"/data/local-files/?d=/share/XXXX-19/nexar_data/training_datasets/street_flooding/all_no_letterboxing/nlbx_b548c8cd4fc40e055e084430dab805c3.jpg","",1.619,1,"2025-02-10T19:32:46.247116Z"
29875,"1","No,","Flooded","2025-02-09T18:36:25.726545Z",899,"/data/local-files/?d=/share/XXXX-19/nexar_data/training_datasets/street_flooding/all_no_letterboxing/nlbx_7678417bc6b6d410b2c839516fa6378c.jpg","",2.591,0,"2025-02-09T18:36:29.479988Z"
29878,"1","Yes,","Not Flooded","2025-02-09T18:36:34.548514Z",900,"/data/local-files/?d=/share/XXXX-19/nexar_data/training_datasets/street_flooding/all_no_letterboxing/nlbx_4d7798252dd68cc64ed5d2f82bfa9001.jpg","",0.81,1,"2025-02-09T18:36:34.548534Z"
29849,"1","No,","Not Flooded","2025-02-09T18:35:42.891587Z",902,"/data/local-files/?d=/share/XXXX-19/nexar_data/training_datasets/street_flooding/all_no_letterboxing/nlbx_6d2ff047c4759bc86822fea720276744.jpg","",0.933,0,"2025-02-09T18:35:42.891607Z"
28603,"1","Yes,","Flooded","2025-02-03T22:20:01.196905Z",903,"/data/local-files/?d=/share/XXXX-19/nexar_data/training_datasets/street_flooding/all_no_letterboxing/nlbx_6a8d1fff5c267f39891ccd7fc9acbc8c.jpg","",1.15,1,"2025-02-03T22:20:01.196929Z"
28635,"1","Yes,","Not Flooded","2025-02-03T22:21:27.662719Z",905,"/data/local-files/?d=/share/XXXX-19/nexar_data/training_datasets/street_flooding/all_no_letterboxing/nlbx_7fcd7e38f2260230ee6656e8c14251b7.jpg","",2.58,1,"2025-02-03T22:21:27.662740Z"
30451,"1","Yes,","Not Flooded","2025-02-10T19:27:48.241226Z",906,"/data/local-files/?d=/share/XXXX-19/nexar_data/training_datasets/street_flooding/all_no_letterboxing/nlbx_98badc9046b057f2cca5a1c3d297907a.jpg","",1.062,1,"2025-02-10T19:27:48.241247Z"
28659,"1","No,","Not Flooded","2025-02-03T22:22:09.140509Z",908,"/data/local-files/?d=/share/XXXX-19/nexar_data/training_datasets/street_flooding/all_no_letterboxing/nlbx_819149a39f9b20c6214fa725aa376977.jpg","",1.452,0,"2025-02-03T22:22:09.140535Z"
30536,"1","No,","Not Flooded","2025-02-10T19:30:56.696903Z",911,"/data/local-files/?d=/share/XXXX-19/nexar_data/training_datasets/street_flooding/all_no_letterboxing/nlbx_7f345d352dcb3f73fd7b6381134cfff7.jpg","",1.09,0,"2025-02-10T19:30:56.696924Z"
29854,"1","Yes,","Not Flooded","2025-02-09T18:35:49.761198Z",914,"/data/local-files/?d=/share/XXXX-19/nexar_data/training_datasets/street_flooding/all_no_letterboxing/nlbx_0971312ee33bdc7e6e1cf6ad9d23ea37.jpg","",0.999,1,"2025-02-09T18:35:49.761219Z"
30553,"1","No,","Not Flooded","2025-02-10T19:31:23.788709Z",915,"/data/local-files/?d=/share/XXXX-19/nexar_data/training_datasets/street_flooding/all_no_letterboxing/nlbx_5867c951004326f9d7e0f22c4ef02ffe.jpg","",1.096,0,"2025-02-10T19:31:23.788730Z"
28620,"1","No,","Not Flooded","2025-02-03T22:20:56.975017Z",916,"/data/local-files/?d=/share/XXXX-19/nexar_data/training_datasets/street_flooding/all_no_letterboxing/nlbx_bb8328fa02a510ad058ddab03a8cfef1.jpg","",2.427,0,"2025-02-03T22:20:56.975040Z"
30635,"1","Yes,","Not Flooded","2025-02-10T19:33:45.992592Z",918,"/data/local-files/?d=/share/XXXX-19/nexar_data/training_datasets/street_flooding/all_no_letterboxing/nlbx_4d9e75ddfc65ef64de53a6c549c7d704.jpg","",0.894,1,"2025-02-10T19:33:45.992612Z"
29853,"1","No,","Not Flooded","2025-02-09T18:35:48.292470Z",919,"/data/local-files/?d=/share/XXXX-19/nexar_data/training_datasets/street_flooding/all_no_letterboxing/nlbx_bfc93675c879d0ddd0a23e31dcb748ed.jpg","",0.957,0,"2025-02-09T18:35:48.292490Z"
30573,"1","Yes,","Not Flooded","2025-02-10T19:31:54.884738Z",920,"/data/local-files/?d=/share/XXXX-19/nexar_data/training_datasets/street_flooding/all_no_letterboxing/nlbx_d091beb2a15ff03168e87c718e612dca.jpg","",1.057,1,"2025-02-10T19:31:54.884762Z"
30535,"1","Yes,","Not Flooded","2025-02-10T19:30:55.135167Z",921,"/data/local-files/?d=/share/XXXX-19/nexar_data/training_datasets/street_flooding/all_no_letterboxing/nlbx_67f0ab50ee7d38d13b06d14be0a70648.jpg","",1.28,1,"2025-02-10T19:30:55.135187Z"
29797,"1","Yes,","Not Flooded","2025-02-09T18:34:27.734090Z",922,"/data/local-files/?d=/share/XXXX-19/nexar_data/training_datasets/street_flooding/all_no_letterboxing/nlbx_2e0f560f6e151d6e2d0093ce8fe6b484.jpg","",1.144,1,"2025-02-09T18:34:27.734110Z"
28679,"1","No,","Not Flooded","2025-02-03T22:22:44.204156Z",923,"/data/local-files/?d=/share/XXXX-19/nexar_data/training_datasets/street_flooding/all_no_letterboxing/nlbx_285ad69d6092c8399c97aaa0506d1646.jpg","",0.964,0,"2025-02-03T22:22:44.204178Z"
30555,"1","No,","Not Flooded","2025-02-10T19:31:26.914690Z",926,"/data/local-files/?d=/share/XXXX-19/nexar_data/training_datasets/street_flooding/all_no_letterboxing/nlbx_91958284b1f4d1b4cb752e42dfcdd50e.jpg","",1.094,0,"2025-02-10T19:31:26.914711Z"
29834,"1","No,","Not Flooded","2025-02-09T18:35:20.392785Z",929,"/data/local-files/?d=/share/XXXX-19/nexar_data/training_datasets/street_flooding/all_no_letterboxing/nlbx_8f2bdcfe9471a4c1bbaaa8a1efe9dcae.jpg","",0.764,0,"2025-02-09T18:35:20.392804Z"
29842,"1","No,","Not Flooded","2025-02-09T18:35:31.996049Z",931,"/data/local-files/?d=/share/XXXX-19/nexar_data/training_datasets/street_flooding/all_no_letterboxing/nlbx_f23aa1e1934bedea80733b91dc4b6198.jpg","",0.796,0,"2025-02-09T18:35:31.996069Z"
30444,"1","Yes,","Not Flooded","2025-02-10T19:27:35.543299Z",934,"/data/local-files/?d=/share/XXXX-19/nexar_data/training_datasets/street_flooding/all_no_letterboxing/nlbx_22a7ccb898e49f439d1883b31248f6ff.jpg","",0.989,1,"2025-02-10T19:27:35.543321Z"
30461,"1","No,","Not Flooded","2025-02-10T19:28:02.558942Z",938,"/data/local-files/?d=/share/XXXX-19/nexar_data/training_datasets/street_flooding/all_no_letterboxing/nlbx_dde533d528b138cf6315e5005323867a.jpg","",0.835,0,"2025-02-10T19:28:02.558962Z"
30388,"1","Yes,","Not Flooded","2025-02-10T19:24:33.938663Z",941,"/data/local-files/?d=/share/XXXX-19/nexar_data/training_datasets/street_flooding/all_no_letterboxing/nlbx_099221f1bd0024eb5a3c215bf72dd775.jpg","",1.129,1,"2025-02-10T19:24:33.938684Z"
29840,"1","No,","Not Flooded","2025-02-09T18:35:29.457797Z",942,"/data/local-files/?d=/share/XXXX-19/nexar_data/training_datasets/street_flooding/all_no_letterboxing/nlbx_9eade467b977ee207eae76f68c7cdfe5.jpg","",0.886,0,"2025-02-09T18:35:29.457818Z"
30425,"1","Yes,","Not Flooded","2025-02-10T19:27:00.539377Z",943,"/data/local-files/?d=/share/XXXX-19/nexar_data/training_datasets/street_flooding/all_no_letterboxing/nlbx_b89e1cf9c247e9a45867031d98521aa9.jpg","",1.006,1,"2025-02-10T19:27:00.539404Z"
30458,"1","No,","Not Flooded","2025-02-10T19:27:58.451238Z",944,"/data/local-files/?d=/share/XXXX-19/nexar_data/training_datasets/street_flooding/all_no_letterboxing/nlbx_a1839bd3d2c7de22a53a72f749afa823.jpg","",0.993,0,"2025-02-10T19:27:58.451260Z"
30579,"1","Yes,","Not Flooded","2025-02-10T19:32:03.088556Z",945,"/data/local-files/?d=/share/XXXX-19/nexar_data/training_datasets/street_flooding/all_no_letterboxing/nlbx_7c43b1a76f9fcd285a56180ea4b77d40.jpg","",0.981,1,"2025-02-10T19:32:03.088577Z"
30608,"1","No,","Not Flooded","2025-02-10T19:32:50.649485Z",946,"/data/local-files/?d=/share/XXXX-19/nexar_data/training_datasets/street_flooding/all_no_letterboxing/nlbx_93140befe508a5b2e43e89f645646346.jpg","",0.938,0,"2025-02-10T19:32:50.649507Z"
28614,"1","Yes,","Flooded","2025-02-03T22:20:35.099068Z",948,"/data/local-files/?d=/share/XXXX-19/nexar_data/training_datasets/street_flooding/all_no_letterboxing/nlbx_ffcfa496075277e69e0b886538fbfc8a.jpg","",11.949,1,"2025-02-03T22:20:35.099092Z"
28660,"1","Yes,","Not Flooded","2025-02-03T22:22:10.850775Z",950,"/data/local-files/?d=/share/XXXX-19/nexar_data/training_datasets/street_flooding/all_no_letterboxing/nlbx_2d15e4f25634f378093fa18fc644dff1.jpg","",1.345,1,"2025-02-03T22:22:10.850801Z"
28652,"1","No,","Not Flooded","2025-02-03T22:21:51.855171Z",951,"/data/local-files/?d=/share/XXXX-19/nexar_data/training_datasets/street_flooding/all_no_letterboxing/nlbx_120576ef30d5081c4849b3f57233ddf4.jpg","",1.015,0,"2025-02-03T22:21:51.855198Z"
30465,"1","Yes,","Flooded","2025-02-10T19:28:08.626754Z",952,"/data/local-files/?d=/share/XXXX-19/nexar_data/training_datasets/street_flooding/all_no_letterboxing/nlbx_109d5e9f6d11aaa46446ffa6f6913744.jpg","",1.165,1,"2025-02-10T19:28:08.626775Z"
29829,"1","No,","Not Flooded","2025-02-09T18:35:13.964991Z",955,"/data/local-files/?d=/share/XXXX-19/nexar_data/training_datasets/street_flooding/all_no_letterboxing/nlbx_2ddc2776b8acab0f51038c77d2d83f77.jpg","",0.947,0,"2025-02-09T18:35:13.965011Z"
30649,"1","No,","Not Flooded","2025-02-10T19:34:06.633478Z",956,"/data/local-files/?d=/share/XXXX-19/nexar_data/training_datasets/street_flooding/all_no_letterboxing/nlbx_76b425481336190346b65cd74fa94a8d.jpg","",0.823,0,"2025-02-10T19:34:06.633498Z"
29818,"1","Yes,","Flooded","2025-02-09T18:34:58.115543Z",957,"/data/local-files/?d=/share/XXXX-19/nexar_data/training_datasets/street_flooding/all_no_letterboxing/nlbx_b4737b76fff1191f6a14f447c6199741.jpg","",1.304,1,"2025-02-09T18:34:58.115563Z"
29771,"1","Yes,","Not Flooded","2025-02-09T18:33:52.805735Z",960,"/data/local-files/?d=/share/XXXX-19/nexar_data/training_datasets/street_flooding/all_no_letterboxing/nlbx_5f2adbb31bba2debdb9f92cf0ff1ec70.jpg","",0.927,1,"2025-02-09T18:33:52.805755Z"
30674,"1","No,","Not Flooded","2025-02-10T19:34:45.056479Z",961,"/data/local-files/?d=/share/XXXX-19/nexar_data/training_datasets/street_flooding/all_no_letterboxing/nlbx_e925d018f28fc67754d4cf380840f7fe.jpg","",1.027,0,"2025-02-10T19:34:45.056503Z"
30527,"1","Yes,","Not Flooded","2025-02-10T19:30:40.426202Z",962,"/data/local-files/?d=/share/XXXX-19/nexar_data/training_datasets/street_flooding/all_no_letterboxing/nlbx_0fc70ae8ea641fda193d6eeaa32c6977.jpg","",1.192,1,"2025-02-10T19:30:40.426222Z"
29843,"1","Yes,","Flooded","2025-02-09T18:35:33.903897Z",964,"/data/local-files/?d=/share/XXXX-19/nexar_data/training_datasets/street_flooding/all_no_letterboxing/nlbx_bb75dfb64c73d22ec40792505c938e27.jpg","",1.457,1,"2025-02-09T18:35:33.903916Z"
28643,"1","No,","Not Flooded","2025-02-03T22:21:39.191710Z",966,"/data/local-files/?d=/share/XXXX-19/nexar_data/training_datasets/street_flooding/all_no_letterboxing/nlbx_c2c58bdd400046e500385ccdfafc08fc.jpg","",0.907,0,"2025-02-03T22:21:39.191732Z"
30485,"1","No,","Not Flooded","2025-02-10T19:28:49.093294Z",968,"/data/local-files/?d=/share/XXXX-19/nexar_data/training_datasets/street_flooding/all_no_letterboxing/nlbx_aab915974af49e2f85f32cdfa100ac08.jpg","",0.648,0,"2025-02-10T19:28:49.093315Z"
30446,"1","No,","Not Flooded","2025-02-10T19:27:38.658623Z",970,"/data/local-files/?d=/share/XXXX-19/nexar_data/training_datasets/street_flooding/all_no_letterboxing/nlbx_1775cdd8902a0c0886e961742b320609.jpg","",1.105,0,"2025-02-10T19:27:38.658643Z"
28584,"1","No,","Not Flooded","2025-02-03T22:18:48.124556Z",971,"/data/local-files/?d=/share/XXXX-19/nexar_data/training_datasets/street_flooding/all_no_letterboxing/nlbx_592c34f379312cc4f7ce4390d112dab0.jpg","",6.491,0,"2025-02-03T22:18:48.124582Z"
28601,"1","No,","Not Flooded","2025-02-03T22:19:57.952251Z",975,"/data/local-files/?d=/share/XXXX-19/nexar_data/training_datasets/street_flooding/all_no_letterboxing/nlbx_e1d3aba4144021e28e0b8752daf07dfb.jpg","",1.111,0,"2025-02-03T22:19:57.952274Z"
30509,"1","Yes,","Flooded","2025-02-10T19:30:08.297281Z",976,"/data/local-files/?d=/share/XXXX-19/nexar_data/training_datasets/street_flooding/all_no_letterboxing/nlbx_c8d842df67ded9fb7ec97e73d1d2cd54.jpg","",1.775,1,"2025-02-10T19:30:08.297301Z"
29864,"1","Yes,","Not Flooded","2025-02-09T18:36:08.692072Z",977,"/data/local-files/?d=/share/XXXX-19/nexar_data/training_datasets/street_flooding/all_no_letterboxing/nlbx_508523a288b071a841c1042a4c8d975b.jpg","",0.983,1,"2025-02-09T18:36:08.692093Z"
30596,"1","Yes,","Flooded","2025-02-10T19:32:32.148999Z",978,"/data/local-files/?d=/share/XXXX-19/nexar_data/training_datasets/street_flooding/all_no_letterboxing/nlbx_f4111e3dbc6ed573814feb3d1d7b883f.jpg","",2.159,1,"2025-02-10T19:32:32.149020Z"
28606,"1","Yes,","Not Flooded","2025-02-03T22:20:05.903878Z",980,"/data/local-files/?d=/share/XXXX-19/nexar_data/training_datasets/street_flooding/all_no_letterboxing/nlbx_f5e2bfaafc77b3531e2b0221a6827176.jpg","",1.196,1,"2025-02-03T22:20:05.903901Z"
30426,"1","Yes,","Not Flooded","2025-02-10T19:27:03.839768Z",981,"/data/local-files/?d=/share/XXXX-19/nexar_data/training_datasets/street_flooding/all_no_letterboxing/nlbx_232e68bc09d43c2c1a6be0cf83f43764.jpg","",2.82,1,"2025-02-10T19:27:03.839789Z"
30521,"1","Yes,","Not Flooded","2025-02-10T19:30:30.617037Z",982,"/data/local-files/?d=/share/XXXX-19/nexar_data/training_datasets/street_flooding/all_no_letterboxing/nlbx_d0b3473cdfe1f59e5319fa859dffefc4.jpg","",1.076,1,"2025-02-10T19:30:30.617058Z"
29785,"1","No,","Not Flooded","2025-02-09T18:34:11.316694Z",991,"/data/local-files/?d=/share/XXXX-19/nexar_data/training_datasets/street_flooding/all_no_letterboxing/nlbx_2e844d546dd23caf8fd261d784a4705d.jpg","",0.853,0,"2025-02-09T18:34:11.316715Z"
30628,"1","Yes,","Flooded","2025-02-10T19:33:35.669670Z",992,"/data/local-files/?d=/share/XXXX-19/nexar_data/training_datasets/street_flooding/all_no_letterboxing/nlbx_d8a5117b7125093e866b01a8fb329a62.jpg","",1.068,1,"2025-02-10T19:33:35.669690Z"
28682,"1","Yes,","Not Flooded","2025-02-03T22:22:48.351035Z",993,"/data/local-files/?d=/share/XXXX-19/nexar_data/training_datasets/street_flooding/all_no_letterboxing/nlbx_8418f6540cd20376e9e23e492f8fcefb.jpg","",1.056,1,"2025-02-03T22:22:48.351062Z"
28656,"1","No,","Not Flooded","2025-02-03T22:22:02.135662Z",995,"/data/local-files/?d=/share/XXXX-19/nexar_data/training_datasets/street_flooding/all_no_letterboxing/nlbx_d07322c60477251e78fa2b78aa7f9e41.jpg","",5.76,0,"2025-02-03T22:22:02.135699Z"
28591,"1","No,","Not Flooded","2025-02-03T22:19:19.773242Z",997,"/data/local-files/?d=/share/XXXX-19/nexar_data/training_datasets/street_flooding/all_no_letterboxing/nlbx_33651f68ce3193523d0fde6afd8b7cd4.jpg","",1.106,0,"2025-02-03T22:19:19.773264Z"
29769,"1","Yes,","Not Flooded","2025-02-09T18:33:49.918447Z",998,"/data/local-files/?d=/share/XXXX-19/nexar_data/training_datasets/street_flooding/all_no_letterboxing/nlbx_68799a87148d1380cc850227870ba77f.jpg","",0.901,1,"2025-02-09T18:33:49.918468Z"
28615,"1","Yes,","Not Flooded","2025-02-03T22:20:38.193212Z",999,"/data/local-files/?d=/share/XXXX-19/nexar_data/training_datasets/street_flooding/all_no_letterboxing/nlbx_e3b0a59459b6e59276cd626ed1036538.jpg","",2.741,1,"2025-02-03T22:20:38.193238Z"
