"Unnamed: 0","annotation_id","annotator","choice","created_at","id","image","labels","lead_time","pred_label","pred_score","updated_at"
49,29236,"1","Not Flooded","2025-02-08T04:12:07.096204Z",0,"/data/local-files/?d=/share/XXXX-19/nexar_data/train_test_splits/flooding_train_test_split/test/inference_all/0c878b317669dba7d652e801bdeb3b2d.jpg","",1.351,0,0.0018606738885864,"2025-02-08T04:12:07.096225Z"
61,29290,"1","Not Flooded","2025-02-09T16:37:18.368487Z",1,"/data/local-files/?d=/share/XXXX-19/nexar_data/train_test_splits/flooding_train_test_split/test/inference_all/d5817df8b97838f31344a962dd78d306.jpg","",3.124,0,0.0016907468670979,"2025-02-09T16:37:18.368507Z"
244,29162,"1","Not Flooded","2025-02-08T04:09:25.552850Z",2,"/data/local-files/?d=/share/XXXX-19/nexar_data/train_test_splits/flooding_train_test_split/test/inference_all/91870295d11d791364fd8191f7bdcf4e.jpg","",1.368,1,0.9776843786239624,"2025-02-08T04:09:25.552870Z"
216,29089,"1","Flooded","2025-02-08T04:06:28.412058Z",3,"/data/local-files/?d=/share/XXXX-19/nexar_data/train_test_splits/flooding_train_test_split/test/inference_all/c8d842df67ded9fb7ec97e73d1d2cd54.jpg","",1.077,1,0.9990943670272828,"2025-02-08T04:06:28.412079Z"
223,29359,"1","Flooded","2025-02-09T16:42:33.858891Z",4,"/data/local-files/?d=/share/XXXX-19/nexar_data/train_test_splits/flooding_train_test_split/test/inference_all/d530a6aa120d3f55de47a72f6171958b.jpg","",1.732,1,0.9817849397659302,"2025-02-09T16:42:33.858912Z"
326,29909,"1","Flooded","2025-02-10T18:16:40.390923Z",5,"/data/local-files/?d=/share/XXXX-19/nexar_data/train_test_splits/flooding_train_test_split/test/inference_all/4f17b0450304f77fb7dbd2d184c998a9.jpg","",1.304,1,0.9549528956413268,"2025-02-10T18:16:40.390945Z"
9,29092,"1","Not Flooded","2025-02-08T04:06:33.255292Z",6,"/data/local-files/?d=/share/XXXX-19/nexar_data/train_test_splits/flooding_train_test_split/test/inference_all/b00e9dcb7415674dd0019705f1fbd2bd.jpg","",0.958,0,0.0063120550476014,"2025-02-08T04:06:33.255312Z"
229,29139,"1","Not Flooded","2025-02-08T04:08:40.373901Z",7,"/data/local-files/?d=/share/XXXX-19/nexar_data/train_test_splits/flooding_train_test_split/test/inference_all/038b8662869ca00b125b74e7333c4f85.jpg","",1.078,1,0.910219132900238,"2025-02-08T04:08:40.373921Z"
291,29950,"1","Not Flooded","2025-02-10T18:18:09.118437Z",8,"/data/local-files/?d=/share/XXXX-19/nexar_data/train_test_splits/flooding_train_test_split/test/inference_all/b6eab88726a171d29ae76603fa9294c3.jpg","",0.844,1,0.9570761919021606,"2025-02-10T18:18:09.118457Z"
264,29122,"1","Not Flooded","2025-02-08T04:08:09.270473Z",9,"/data/local-files/?d=/share/XXXX-19/nexar_data/train_test_splits/flooding_train_test_split/test/inference_all/3d01ab6331a74814133b4bfc59279fea.jpg","",1.446,1,0.9984248876571656,"2025-02-08T04:08:09.270500Z"
252,29363,"1","Flooded","2025-02-09T16:42:40.419774Z",10,"/data/local-files/?d=/share/XXXX-19/nexar_data/train_test_splits/flooding_train_test_split/test/inference_all/a96d4a75cde783a45db40778d8605a41.jpg","",1.175,1,0.910841703414917,"2025-02-09T16:42:40.419798Z"
99,29955,"1","Not Flooded","2025-02-10T18:18:16.351631Z",11,"/data/local-files/?d=/share/XXXX-19/nexar_data/train_test_splits/flooding_train_test_split/test/inference_all/4ffc4da9626b6448de9843b95b542bd7.jpg","",0.893,0,0.0023112173657864,"2025-02-10T18:18:16.351653Z"
170,29145,"1","Not Flooded","2025-02-08T04:08:49.500526Z",12,"/data/local-files/?d=/share/XXXX-19/nexar_data/train_test_splits/flooding_train_test_split/test/inference_all/12319cb0b824147010ea3f840d22d913.jpg","",0.757,0,7.016407153059845e-07,"2025-02-08T04:08:49.500553Z"
121,29285,"1","Not Flooded","2025-02-09T16:36:58.554642Z",13,"/data/local-files/?d=/share/XXXX-19/nexar_data/train_test_splits/flooding_train_test_split/test/inference_all/7d9874dbeb329fea3269fb24567107a5.jpg","",2.442,0,0.2450628876686096,"2025-02-09T16:36:58.554663Z"
173,29282,"1","Not Flooded","2025-02-08T04:13:33.736461Z",14,"/data/local-files/?d=/share/XXXX-19/nexar_data/train_test_splits/flooding_train_test_split/test/inference_all/3d74e2bc68303ce82e004f063c9a33fe.jpg","",0.976,0,3.4344127470831154e-06,"2025-02-08T04:13:33.736482Z"
239,29213,"1","Flooded","2025-02-08T04:11:24.518217Z",15,"/data/local-files/?d=/share/XXXX-19/nexar_data/train_test_splits/flooding_train_test_split/test/inference_all/0e71281e310e19243c42b53ed8405229.jpg","",1.738,1,0.9120544195175172,"2025-02-08T04:11:24.518244Z"
176,29234,"1","Not Flooded","2025-02-08T04:12:03.586965Z",16,"/data/local-files/?d=/share/XXXX-19/nexar_data/train_test_splits/flooding_train_test_split/test/inference_all/cab81d1e82efbd7a5d9f3cfff731e6cb.jpg","",0.774,0,1.651947786740493e-05,"2025-02-08T04:12:03.586993Z"
138,29944,"1","Not Flooded","2025-02-10T18:18:00.153275Z",17,"/data/local-files/?d=/share/XXXX-19/nexar_data/train_test_splits/flooding_train_test_split/test/inference_all/8d316084372e6163567c30ab488c7dbb.jpg","",0.702,0,4.297530267649563e-06,"2025-02-10T18:18:00.153298Z"
23,29287,"1","Not Flooded","2025-02-09T16:37:09.353970Z",18,"/data/local-files/?d=/share/XXXX-19/nexar_data/train_test_splits/flooding_train_test_split/test/inference_all/c6e184652ab1c590e923eb0c0709d124.jpg","",2.527,0,3.0384127967408855e-05,"2025-02-09T16:37:09.353990Z"
240,29181,"1","Flooded","2025-02-08T04:10:07.364349Z",19,"/data/local-files/?d=/share/XXXX-19/nexar_data/train_test_splits/flooding_train_test_split/test/inference_all/ddfc70e278f59d76a848393a9c897eb9.jpg","",1.915,1,0.9334035515785216,"2025-02-08T04:10:07.364376Z"
374,29214,"1","Not Flooded","2025-02-08T04:11:26.985565Z",20,"/data/local-files/?d=/share/XXXX-19/nexar_data/train_test_splits/flooding_train_test_split/test/inference_all/9a1c0b50832c8f96fbb612e613c7add9.jpg","",1.917,1,0.9486610889434814,"2025-02-08T04:11:26.985592Z"
388,29146,"1","Not Flooded","2025-02-08T04:08:53.605597Z",21,"/data/local-files/?d=/share/XXXX-19/nexar_data/train_test_splits/flooding_train_test_split/test/inference_all/11a1fa9768ffb376ccff92dcab6f1b7e.jpg","",3.551,1,0.9304470419883728,"2025-02-08T04:08:53.605623Z"
185,29332,"1","Not Flooded","2025-02-09T16:40:23.985037Z",22,"/data/local-files/?d=/share/XXXX-19/nexar_data/train_test_splits/flooding_train_test_split/test/inference_all/fe8f8ed40d47cf076b8f29a451f4f539.jpg","",2.113,0,7.640035619260743e-06,"2025-02-09T16:40:23.985057Z"
361,29215,"1","Not Flooded","2025-02-08T04:11:28.624637Z",23,"/data/local-files/?d=/share/XXXX-19/nexar_data/train_test_splits/flooding_train_test_split/test/inference_all/f900368dcf4cceba933630e3b53a95b8.jpg","",1.152,1,0.8755248188972473,"2025-02-08T04:11:28.624664Z"
299,29160,"1","Flooded","2025-02-08T04:09:22.160661Z",24,"/data/local-files/?d=/share/XXXX-19/nexar_data/train_test_splits/flooding_train_test_split/test/inference_all/c83861451c15abbdce9ddc2150fe243f.jpg","",3.021,1,0.9980120658874512,"2025-02-08T04:09:22.160681Z"
175,29182,"1","Not Flooded","2025-02-08T04:10:09.135614Z",25,"/data/local-files/?d=/share/XXXX-19/nexar_data/train_test_splits/flooding_train_test_split/test/inference_all/cbd443290d68f67ca4fa3513325599d0.jpg","",1.243,0,0.0001448680559406,"2025-02-08T04:10:09.135635Z"
200,29345,"1","Flooded","2025-02-09T16:42:07.815323Z",26,"/data/local-files/?d=/share/XXXX-19/nexar_data/train_test_splits/flooding_train_test_split/test/inference_all/7e8b8c1fafc020f5a7c77c523ec61140.jpg","",1.212,1,0.9999912977218628,"2025-02-09T16:42:07.815343Z"
183,29327,"1","Not Flooded","2025-02-09T16:40:08.667865Z",27,"/data/local-files/?d=/share/XXXX-19/nexar_data/train_test_splits/flooding_train_test_split/test/inference_all/51f14e6c60a4242c99a6ee3d368bce94.jpg","",3.05,0,0.4197413325309753,"2025-02-09T16:40:08.667886Z"
102,29177,"1","Not Flooded","2025-02-08T04:09:58.415530Z",28,"/data/local-files/?d=/share/XXXX-19/nexar_data/train_test_splits/flooding_train_test_split/test/inference_all/71c626adf64d49a33b05a5cfee50cd01.jpg","",1.821,0,9.575992589816452e-05,"2025-02-08T04:09:58.415565Z"
213,29953,"1","Not Flooded","2025-02-10T18:18:13.535482Z",29,"/data/local-files/?d=/share/XXXX-19/nexar_data/train_test_splits/flooding_train_test_split/test/inference_all/c49661ceaee37624dbb39c86d70760d6.jpg","",0.975,1,0.9922717809677124,"2025-02-10T18:18:13.535504Z"
113,29292,"1","Not Flooded","2025-02-09T16:37:27.589605Z",30,"/data/local-files/?d=/share/XXXX-19/nexar_data/train_test_splits/flooding_train_test_split/test/inference_all/8b722a79da02b384c5afce21a9036fbb.jpg","",2.421,0,0.0005694557912647,"2025-02-09T16:37:27.589626Z"
318,29920,"1","Not Flooded","2025-02-10T18:17:00.138780Z",31,"/data/local-files/?d=/share/XXXX-19/nexar_data/train_test_splits/flooding_train_test_split/test/inference_all/8ef763d50fbb7ca33004ba7e359ccaa3.jpg","",0.958,1,0.922350823879242,"2025-02-10T18:17:00.138803Z"
64,29226,"1","Not Flooded","2025-02-08T04:11:47.307922Z",32,"/data/local-files/?d=/share/XXXX-19/nexar_data/train_test_splits/flooding_train_test_split/test/inference_all/e0a1b39d2b733cdce5fb529f0dc33c35.jpg","",1.024,0,0.0031646143179386,"2025-02-08T04:11:47.307949Z"
79,29378,"1","Not Flooded","2025-02-09T16:43:05.956096Z",33,"/data/local-files/?d=/share/XXXX-19/nexar_data/train_test_splits/flooding_train_test_split/test/inference_all/d9e3b325e140d69ef09112ddcc7c97ec.jpg","",1.242,0,5.724013681174256e-05,"2025-02-09T16:43:05.956116Z"
70,29249,"1","Not Flooded","2025-02-08T04:12:31.459129Z",34,"/data/local-files/?d=/share/XXXX-19/nexar_data/train_test_splits/flooding_train_test_split/test/inference_all/4f044d5f12dc2d557a1ca8152ba88ba5.jpg","",1.556,0,0.0069827646948397,"2025-02-08T04:12:31.459149Z"
283,29277,"1","Not Flooded","2025-02-08T04:13:25.025074Z",35,"/data/local-files/?d=/share/XXXX-19/nexar_data/train_test_splits/flooding_train_test_split/test/inference_all/81baad42f987d9c919171634fabd6b4c.jpg","",1.119,1,0.9287863373756408,"2025-02-08T04:13:25.025093Z"
226,29258,"1","Flooded","2025-02-08T04:12:51.270428Z",36,"/data/local-files/?d=/share/XXXX-19/nexar_data/train_test_splits/flooding_train_test_split/test/inference_all/ab43771a681e9486896e934081a6419e.jpg","",1.832,1,0.9556546211242676,"2025-02-08T04:12:51.270449Z"
243,29096,"1","Flooded","2025-02-08T04:06:43.779826Z",37,"/data/local-files/?d=/share/XXXX-19/nexar_data/train_test_splits/flooding_train_test_split/test/inference_all/f2942e6ac58d7ff7a33334b5c5af8de2.jpg","",1.975,1,0.9527474641799928,"2025-02-08T04:06:43.779846Z"
215,29132,"1","Flooded","2025-02-08T04:08:28.170699Z",38,"/data/local-files/?d=/share/XXXX-19/nexar_data/train_test_splits/flooding_train_test_split/test/inference_all/9e319d1a3f123e8cb4d31f9d5bf9654e.jpg","",1.231,1,0.999996781349182,"2025-02-08T04:08:28.170725Z"
303,29894,"1","Not Flooded","2025-02-10T18:16:12.534161Z",39,"/data/local-files/?d=/share/XXXX-19/nexar_data/train_test_splits/flooding_train_test_split/test/inference_all/0d046b14fd806748a93cb6fd216118c2.jpg","",1.182,1,0.9042436480522156,"2025-02-10T18:16:12.534184Z"
316,29168,"1","Flooded","2025-02-08T04:09:36.787554Z",40,"/data/local-files/?d=/share/XXXX-19/nexar_data/train_test_splits/flooding_train_test_split/test/inference_all/b2c5fa4ded55b346ae655d720a4c14eb.jpg","",1.796,1,0.9255192279815674,"2025-02-08T04:09:36.787581Z"
248,29253,"1","Flooded","2025-02-08T04:12:40.661623Z",41,"/data/local-files/?d=/share/XXXX-19/nexar_data/train_test_splits/flooding_train_test_split/test/inference_all/9c400dfd96f8351ad25973ed8d89d1f5.jpg","",2.094,1,0.9995859265327454,"2025-02-08T04:12:40.661643Z"
45,29916,"1","Not Flooded","2025-02-10T18:16:52.095380Z",42,"/data/local-files/?d=/share/XXXX-19/nexar_data/train_test_splits/flooding_train_test_split/test/inference_all/74c9b7229533cb066160ddde5194222c.jpg","",1.021,0,0.000752291525714,"2025-02-10T18:16:52.095399Z"
14,29372,"1","Not Flooded","2025-02-09T16:42:55.509075Z",43,"/data/local-files/?d=/share/XXXX-19/nexar_data/train_test_splits/flooding_train_test_split/test/inference_all/d1f9f785da030d9c24f1e132a02b512b.jpg","",0.979,0,0.0006084292544983,"2025-02-09T16:42:55.509095Z"
77,29353,"1","Not Flooded","2025-02-09T16:42:22.348644Z",44,"/data/local-files/?d=/share/XXXX-19/nexar_data/train_test_splits/flooding_train_test_split/test/inference_all/f369ff014fd004d06d28c6bfac2fe446.jpg","",0.904,0,0.0012652676086872,"2025-02-09T16:42:22.348664Z"
386,29163,"1","Flooded","2025-02-08T04:09:27.272818Z",45,"/data/local-files/?d=/share/XXXX-19/nexar_data/train_test_splits/flooding_train_test_split/test/inference_all/93a66b01ee965e0ba72a54ba2b14aca3.jpg","",1.218,1,0.8727207779884338,"2025-02-08T04:09:27.272837Z"
88,29347,"1","Not Flooded","2025-02-09T16:42:10.739029Z",46,"/data/local-files/?d=/share/XXXX-19/nexar_data/train_test_splits/flooding_train_test_split/test/inference_all/2c806125db2da718600eeed3699958e9.jpg","",1.066,0,0.0234489813446998,"2025-02-09T16:42:10.739049Z"
28,29381,"1","Not Flooded","2025-02-09T16:43:10.930172Z",47,"/data/local-files/?d=/share/XXXX-19/nexar_data/train_test_splits/flooding_train_test_split/test/inference_all/ae99aa10c05064a2b6bbb371188e376c.jpg","",0.884,0,0.0950924158096313,"2025-02-09T16:43:10.930192Z"
71,29349,"1","Not Flooded","2025-02-09T16:42:15.788110Z",48,"/data/local-files/?d=/share/XXXX-19/nexar_data/train_test_splits/flooding_train_test_split/test/inference_all/7499f865b82ca1ffd06273a9156dd321.jpg","",3.095,0,0.0002807618584483,"2025-02-09T16:42:15.788130Z"
179,29279,"1","Not Flooded","2025-02-08T04:13:28.775257Z",49,"/data/local-files/?d=/share/XXXX-19/nexar_data/train_test_splits/flooding_train_test_split/test/inference_all/e9712f341a5ad0d895ff4febe9511d75.jpg","",1.144,0,0.0040549039840698,"2025-02-08T04:13:28.775277Z"
271,29148,"1","Not Flooded","2025-02-08T04:08:57.249782Z",50,"/data/local-files/?d=/share/XXXX-19/nexar_data/train_test_splits/flooding_train_test_split/test/inference_all/a8ab134601d0f3554f20139124d047db.jpg","",1.439,1,0.9614489078521729,"2025-02-08T04:08:57.249808Z"
251,29912,"1","Not Flooded","2025-02-10T18:16:46.183319Z",51,"/data/local-files/?d=/share/XXXX-19/nexar_data/train_test_splits/flooding_train_test_split/test/inference_all/5f7992af171b01c5f4a9d574a73e52aa.jpg","",1.069,1,0.964219093322754,"2025-02-10T18:16:46.183341Z"
310,29086,"1","Flooded","2025-02-08T04:06:23.006702Z",52,"/data/local-files/?d=/share/XXXX-19/nexar_data/train_test_splits/flooding_train_test_split/test/inference_all/9049d32daa529a732b007b2fbafa5631.jpg","",1.312,1,0.9994348883628844,"2025-02-08T04:06:23.006723Z"
73,29085,"1","Not Flooded","2025-02-08T04:06:21.264237Z",53,"/data/local-files/?d=/share/XXXX-19/nexar_data/train_test_splits/flooding_train_test_split/test/inference_all/08e0f2d2aecf4a47c1a95c5cff0fe800.jpg","",2.357,0,0.0864563658833503,"2025-02-08T04:06:21.264257Z"
201,29946,"1","Not Flooded","2025-02-10T18:18:03.529875Z",54,"/data/local-files/?d=/share/XXXX-19/nexar_data/train_test_splits/flooding_train_test_split/test/inference_all/c4b7bd062bd5790c4cf82f877d650a1a.jpg","",1.195,1,0.9963781237602234,"2025-02-10T18:18:03.529897Z"
194,29905,"1","Not Flooded","2025-02-10T18:16:34.397052Z",55,"/data/local-files/?d=/share/XXXX-19/nexar_data/train_test_splits/flooding_train_test_split/test/inference_all/2a3084a76f39b643d2f71c1d43cd0a09.jpg","",1.154,0,0.0002118962729582,"2025-02-10T18:16:34.397073Z"
219,29291,"1","Not Flooded","2025-02-09T16:37:24.709130Z",56,"/data/local-files/?d=/share/XXXX-19/nexar_data/train_test_splits/flooding_train_test_split/test/inference_all/c96c72028276538e978321aba89322d6.jpg","",5.882,1,0.9903477430343628,"2025-02-09T16:37:24.709151Z"
352,29135,"1","Not Flooded","2025-02-08T04:08:33.119355Z",57,"/data/local-files/?d=/share/XXXX-19/nexar_data/train_test_splits/flooding_train_test_split/test/inference_all/26fc6ed80983252b6d5128003d692920.jpg","",1.171,1,0.9897340536117554,"2025-02-08T04:08:33.119375Z"
60,29196,"1","Not Flooded","2025-02-08T04:10:35.892974Z",58,"/data/local-files/?d=/share/XXXX-19/nexar_data/train_test_splits/flooding_train_test_split/test/inference_all/479dd4fcee20acdc480bc741566ca1fe.jpg","",1.954,0,4.302365050534718e-05,"2025-02-08T04:10:35.893001Z"
339,29351,"1","Not Flooded","2025-02-09T16:42:19.470687Z",59,"/data/local-files/?d=/share/XXXX-19/nexar_data/train_test_splits/flooding_train_test_split/test/inference_all/2fb9f43c0438df4cf88c77e190c7dd68.jpg","",1.152,1,0.9660508632659912,"2025-02-09T16:42:19.470707Z"
341,29126,"1","Flooded","2025-02-08T04:08:17.710909Z",60,"/data/local-files/?d=/share/XXXX-19/nexar_data/train_test_splits/flooding_train_test_split/test/inference_all/dbe02f336b66888e0f3a1a6fae56e0a9.jpg","",2.992,1,0.957598865032196,"2025-02-08T04:08:17.710929Z"
301,29934,"1","Flooded","2025-02-10T18:17:40.555216Z",61,"/data/local-files/?d=/share/XXXX-19/nexar_data/train_test_splits/flooding_train_test_split/test/inference_all/9653230dc465b37ed4bee408c0099620.jpg","",1.931,1,0.9739255905151368,"2025-02-10T18:17:42.669552Z"
393,29239,"1","Flooded","2025-02-08T04:12:13.183870Z",62,"/data/local-files/?d=/share/XXXX-19/nexar_data/train_test_splits/flooding_train_test_split/test/inference_all/a14e652ebe600f9961728517d3eb32da.jpg","",1.837,1,0.9525414705276488,"2025-02-08T04:12:13.183891Z"
294,29298,"1","Flooded","2025-02-09T16:37:51.340663Z",63,"/data/local-files/?d=/share/XXXX-19/nexar_data/train_test_splits/flooding_train_test_split/test/inference_all/d8885fa3f52af9ecd84f848cc2ab1015.jpg","",2.302,1,0.9213143587112428,"2025-02-09T16:37:51.340683Z"
8,29218,"1","Not Flooded","2025-02-08T04:11:33.270137Z",64,"/data/local-files/?d=/share/XXXX-19/nexar_data/train_test_splits/flooding_train_test_split/test/inference_all/fa73a0b091fc232c8ea6bbd46d5b84d9.jpg","",0.988,0,9.959653652913404e-06,"2025-02-08T04:11:33.270157Z"
305,29390,"1","Flooded","2025-02-09T16:43:29.201646Z",65,"/data/local-files/?d=/share/XXXX-19/nexar_data/train_test_splits/flooding_train_test_split/test/inference_all/8ecadc00326b0d86ef6dc9f1f7d73eb0.jpg","",1.162,1,0.9957520961761476,"2025-02-09T16:43:29.201666Z"
128,29324,"1","Not Flooded","2025-02-09T16:39:45.685910Z",66,"/data/local-files/?d=/share/XXXX-19/nexar_data/train_test_splits/flooding_train_test_split/test/inference_all/6628fdfd79107ef7ed96ca1c048e2e00.jpg","",1.878,0,0.0194812268018722,"2025-02-09T16:39:45.685931Z"
296,29902,"1","Not Flooded","2025-02-10T18:16:29.393640Z",67,"/data/local-files/?d=/share/XXXX-19/nexar_data/train_test_splits/flooding_train_test_split/test/inference_all/d3a3ff5a88e639841523fab82eb17407.jpg","",0.901,1,0.9923911690711976,"2025-02-10T18:16:29.393660Z"
150,29346,"1","Not Flooded","2025-02-09T16:42:09.207374Z",68,"/data/local-files/?d=/share/XXXX-19/nexar_data/train_test_splits/flooding_train_test_split/test/inference_all/fed7668522e4f7e4eec041194bbecacb.jpg","",0.929,0,3.1209385298325294e-08,"2025-02-09T16:42:09.207395Z"
72,29354,"1","Not Flooded","2025-02-09T16:42:24.853125Z",69,"/data/local-files/?d=/share/XXXX-19/nexar_data/train_test_splits/flooding_train_test_split/test/inference_all/5f25ca8b239b52ff8e92689ce88c9df8.jpg","",2.019,0,0.0030630410183221,"2025-02-09T16:42:24.853146Z"
290,29143,"1","Not Flooded","2025-02-08T04:08:46.812275Z",70,"/data/local-files/?d=/share/XXXX-19/nexar_data/train_test_splits/flooding_train_test_split/test/inference_all/b3eb3c495ce349cf6ee2122e44840b82.jpg","",1.191,1,0.9926162362098694,"2025-02-08T04:08:46.812302Z"
384,29348,"1","Flooded","2025-02-09T16:42:12.215005Z",71,"/data/local-files/?d=/share/XXXX-19/nexar_data/train_test_splits/flooding_train_test_split/test/inference_all/c1809a01f61a780241d3c1aa9eb783c8.jpg","",1.017,1,0.9996994733810424,"2025-02-09T16:42:12.215025Z"
217,29386,"1","Not Flooded","2025-02-09T16:43:22.520765Z",72,"/data/local-files/?d=/share/XXXX-19/nexar_data/train_test_splits/flooding_train_test_split/test/inference_all/a80064a0914ceec38142b637c94c5f23.jpg","",1.137,1,0.9845789670944214,"2025-02-09T16:43:22.520785Z"
206,29197,"1","Not Flooded","2025-02-08T04:10:38.031645Z",73,"/data/local-files/?d=/share/XXXX-19/nexar_data/train_test_splits/flooding_train_test_split/test/inference_all/da35a1185109efe8eea40f0dcf62373b.jpg","",1.537,1,0.9447228312492372,"2025-02-08T04:10:38.031671Z"
7,29111,"1","Not Flooded","2025-02-08T04:07:35.857488Z",74,"/data/local-files/?d=/share/XXXX-19/nexar_data/train_test_splits/flooding_train_test_split/test/inference_all/86f16e5a746f97c9ee42e35732d05539.jpg","",0.979,0,5.215582405071473e-06,"2025-02-08T04:07:35.857508Z"
353,29186,"1","Not Flooded","2025-02-08T04:10:16.648662Z",75,"/data/local-files/?d=/share/XXXX-19/nexar_data/train_test_splits/flooding_train_test_split/test/inference_all/7c0d3f573ed272e4dc2cf3a3eaaa56a0.jpg","",1.28,1,0.9734757542610168,"2025-02-08T04:10:16.648683Z"
300,29945,"1","Flooded","2025-02-10T18:18:01.860378Z",76,"/data/local-files/?d=/share/XXXX-19/nexar_data/train_test_splits/flooding_train_test_split/test/inference_all/318f5499ee176ce65ceee2d5ba3cc668.jpg","",1.243,1,0.9883262515068054,"2025-02-10T18:18:01.860399Z"
148,29937,"1","Not Flooded","2025-02-10T18:17:48.651808Z",77,"/data/local-files/?d=/share/XXXX-19/nexar_data/train_test_splits/flooding_train_test_split/test/inference_all/af4f835e09242aeb02bb6c5215c12626.jpg","",1.187,0,9.52737536863424e-06,"2025-02-10T18:17:48.651828Z"
399,29365,"1","Flooded","2025-02-09T16:42:44.154575Z",78,"/data/local-files/?d=/share/XXXX-19/nexar_data/train_test_splits/flooding_train_test_split/test/inference_all/3fb74e2f81a8b869c5ce7a6650341162.jpg","",1.216,1,0.9999974966049194,"2025-02-09T16:42:44.154595Z"
342,29936,"1","Not Flooded","2025-02-10T18:17:46.992122Z",79,"/data/local-files/?d=/share/XXXX-19/nexar_data/train_test_splits/flooding_train_test_split/test/inference_all/a6ae8bf0d5561d0cf7f1ac57a918e84d.jpg","",1.296,1,0.937468409538269,"2025-02-10T18:17:46.992143Z"
207,29325,"1","Flooded","2025-02-09T16:40:01.301153Z",80,"/data/local-files/?d=/share/XXXX-19/nexar_data/train_test_splits/flooding_train_test_split/test/inference_all/32ee14fe35310b9affa43fc7ee755222.jpg","",15.135,1,0.9975250363349916,"2025-02-09T16:40:01.301172Z"
105,29367,"1","Not Flooded","2025-02-09T16:42:47.154759Z",81,"/data/local-files/?d=/share/XXXX-19/nexar_data/train_test_splits/flooding_train_test_split/test/inference_all/8f2f19f2b8f0c0b3b30e8a29dfeeafb3.jpg","",1.075,0,0.0102710295468568,"2025-02-09T16:42:47.154779Z"
235,29942,"1","Not Flooded","2025-02-10T18:17:57.354073Z",82,"/data/local-files/?d=/share/XXXX-19/nexar_data/train_test_splits/flooding_train_test_split/test/inference_all/f088f38012298695d01cb0004d0c8fa3.jpg","",0.928,1,0.9294430017471312,"2025-02-10T18:17:57.354099Z"
26,29907,"1","Not Flooded","2025-02-10T18:16:37.180431Z",83,"/data/local-files/?d=/share/XXXX-19/nexar_data/train_test_splits/flooding_train_test_split/test/inference_all/c4c5a851e14d3157e9169f9c48365919.jpg","",0.922,0,0.0004769907973241,"2025-02-10T18:16:37.180450Z"
86,29250,"1","Not Flooded","2025-02-08T04:12:33.029802Z",84,"/data/local-files/?d=/share/XXXX-19/nexar_data/train_test_splits/flooding_train_test_split/test/inference_all/d28ab3511bfa059905d89d53cd141489.jpg","",1.123,0,6.44772671876126e-06,"2025-02-08T04:12:33.029822Z"
376,29896,"1","Not Flooded","2025-02-10T18:16:15.452758Z",85,"/data/local-files/?d=/share/XXXX-19/nexar_data/train_test_splits/flooding_train_test_split/test/inference_all/b362fd23e870c611cdb44d59cc0ab26a.jpg","",1.053,1,0.878510594367981,"2025-02-10T18:16:15.452777Z"
308,29131,"1","Not Flooded","2025-02-08T04:08:26.433053Z",86,"/data/local-files/?d=/share/XXXX-19/nexar_data/train_test_splits/flooding_train_test_split/test/inference_all/a6ffc054494c0ccb58f9292d4f20ab77.jpg","",1.245,1,0.928763210773468,"2025-02-08T04:08:26.433080Z"
151,29407,"1","Not Flooded","2025-02-09T16:43:56.251752Z",87,"/data/local-files/?d=/share/XXXX-19/nexar_data/train_test_splits/flooding_train_test_split/test/inference_all/e5fb406c5709e351dc2e2675e1e83908.jpg","",1.041,0,0.0001171034600702,"2025-02-09T16:43:56.251773Z"
124,29380,"1","Not Flooded","2025-02-09T16:43:09.565598Z",88,"/data/local-files/?d=/share/XXXX-19/nexar_data/train_test_splits/flooding_train_test_split/test/inference_all/3445f9a4e9ffea4358819c59f6ec2417.jpg","",1.13,0,0.0006160992779769,"2025-02-09T16:43:09.565617Z"
209,29199,"1","Flooded","2025-02-08T04:10:45.165988Z",89,"/data/local-files/?d=/share/XXXX-19/nexar_data/train_test_splits/flooding_train_test_split/test/inference_all/dd57a1ee6b92a0280b8bc4e6eaf8b327.jpg","",2.647,1,1.0,"2025-02-08T04:10:45.166014Z"
57,29394,"1","Not Flooded","2025-02-09T16:43:35.559420Z",90,"/data/local-files/?d=/share/XXXX-19/nexar_data/train_test_splits/flooding_train_test_split/test/inference_all/ec1255d8d60482e6f1c882d6c8e84ef8.jpg","",1.047,0,3.2392072171205655e-05,"2025-02-09T16:43:35.559440Z"
104,29293,"1","Not Flooded","2025-02-09T16:37:30.426790Z",91,"/data/local-files/?d=/share/XXXX-19/nexar_data/train_test_splits/flooding_train_test_split/test/inference_all/9fc9709724412948e001379670be7d30.jpg","",2.38,0,5.711309495382011e-05,"2025-02-09T16:37:30.426811Z"
97,29387,"1","Not Flooded","2025-02-09T16:43:24.077177Z",92,"/data/local-files/?d=/share/XXXX-19/nexar_data/train_test_splits/flooding_train_test_split/test/inference_all/66124a14b9373331f9e90a1e7e15fab2.jpg","",1.088,0,2.9176839234423824e-05,"2025-02-09T16:43:24.077196Z"
309,29918,"1","Flooded","2025-02-10T18:16:57.124408Z",93,"/data/local-files/?d=/share/XXXX-19/nexar_data/train_test_splits/flooding_train_test_split/test/inference_all/d89c8de95f18a495eb2e7a3f73e409d4.jpg","",1.85,1,0.9365479946136476,"2025-02-10T18:16:57.124431Z"
343,29254,"1","Not Flooded","2025-02-08T04:12:42.638898Z",94,"/data/local-files/?d=/share/XXXX-19/nexar_data/train_test_splits/flooding_train_test_split/test/inference_all/eef32c6a54f54198c3dcd1fba1e8b947.jpg","",1.457,1,0.9971663355827332,"2025-02-08T04:12:42.638919Z"
69,29154,"1","Not Flooded","2025-02-08T04:09:07.436062Z",95,"/data/local-files/?d=/share/XXXX-19/nexar_data/train_test_splits/flooding_train_test_split/test/inference_all/2f876a93ec73c72e1eb8cbc05eb9f17f.jpg","",1.181,0,0.0002343663218198,"2025-02-08T04:09:07.436089Z"
362,29313,"1","Flooded","2025-02-09T16:39:10.862048Z",96,"/data/local-files/?d=/share/XXXX-19/nexar_data/train_test_splits/flooding_train_test_split/test/inference_all/f6c0c6e1ad963cdf8f87e50566a4ce94.jpg","",2.511,1,0.9997856020927428,"2025-02-09T16:39:10.862068Z"
355,29264,"1","Flooded","2025-02-08T04:13:01.346094Z",97,"/data/local-files/?d=/share/XXXX-19/nexar_data/train_test_splits/flooding_train_test_split/test/inference_all/f7ed7c8a22d9aa796ddce34420bfe970.jpg","",1.329,1,0.9731115698814392,"2025-02-08T04:13:01.346114Z"
358,29917,"1","Flooded","2025-02-10T18:16:54.805867Z",98,"/data/local-files/?d=/share/XXXX-19/nexar_data/train_test_splits/flooding_train_test_split/test/inference_all/0925802d0a73eac9a6b166e1961cf16a.jpg","",2.246,1,0.9967003464698792,"2025-02-10T18:16:54.805888Z"
225,29090,"1","Flooded","2025-02-08T04:06:30.161001Z",99,"/data/local-files/?d=/share/XXXX-19/nexar_data/train_test_splits/flooding_train_test_split/test/inference_all/36abf9f3ee49e25db1aab36e5ecd4932.jpg","",1.327,1,0.8961522579193115,"2025-02-08T04:06:30.161022Z"
360,29130,"1","Not Flooded","2025-02-08T04:08:24.675713Z",100,"/data/local-files/?d=/share/XXXX-19/nexar_data/train_test_splits/flooding_train_test_split/test/inference_all/97e8a50ff90765141ae686ae91cfc7af.jpg","",1.173,1,0.9433677196502686,"2025-02-08T04:08:24.675733Z"
297,29929,"1","Not Flooded","2025-02-10T18:17:22.868120Z",101,"/data/local-files/?d=/share/XXXX-19/nexar_data/train_test_splits/flooding_train_test_split/test/inference_all/830ee41be188e836078066742b4cf169.jpg","",1.033,1,0.974023163318634,"2025-02-10T18:17:22.868140Z"
380,29238,"1","Not Flooded","2025-02-08T04:12:10.910488Z",102,"/data/local-files/?d=/share/XXXX-19/nexar_data/train_test_splits/flooding_train_test_split/test/inference_all/6029f2056ca742c73418f78e8a226450.jpg","",1.228,1,0.9926504492759703,"2025-02-08T04:12:10.910508Z"
354,29321,"1","Not Flooded","2025-02-09T16:39:37.445008Z",103,"/data/local-files/?d=/share/XXXX-19/nexar_data/train_test_splits/flooding_train_test_split/test/inference_all/fd3b51afe59d715924198ee00a261009.jpg","",2.079,1,0.980995237827301,"2025-02-09T16:39:37.445029Z"
390,29335,"1","Not Flooded","2025-02-09T16:40:33.087922Z",104,"/data/local-files/?d=/share/XXXX-19/nexar_data/train_test_splits/flooding_train_test_split/test/inference_all/cd3f4207265c2d19b24156407f0cce77.jpg","",2.265,1,0.9239760637283324,"2025-02-09T16:40:33.087943Z"
277,29370,"1","Flooded","2025-02-09T16:42:52.059217Z",105,"/data/local-files/?d=/share/XXXX-19/nexar_data/train_test_splits/flooding_train_test_split/test/inference_all/6237a555d63003d6fabb5ce14feb9202.jpg","",1.538,1,0.9391474723815918,"2025-02-09T16:42:52.059237Z"
34,29233,"1","Not Flooded","2025-02-08T04:12:02.375749Z",106,"/data/local-files/?d=/share/XXXX-19/nexar_data/train_test_splits/flooding_train_test_split/test/inference_all/bd92a1ab780b7a26140936aca52604d1.jpg","",1.45,0,0.0045745675452053,"2025-02-08T04:12:02.375769Z"
317,29388,"1","Flooded","2025-02-09T16:43:26.001579Z",107,"/data/local-files/?d=/share/XXXX-19/nexar_data/train_test_splits/flooding_train_test_split/test/inference_all/fd2307dd2fa4eaecd7d625d1586545dc.jpg","",1.453,1,0.9949508905410768,"2025-02-09T16:43:26.001599Z"
307,29915,"1","Not Flooded","2025-02-10T18:16:50.600495Z",108,"/data/local-files/?d=/share/XXXX-19/nexar_data/train_test_splits/flooding_train_test_split/test/inference_all/b10c00349d80644c63db05f0596e3114.jpg","",1.016,1,0.9137985110282898,"2025-02-10T18:16:50.600519Z"
137,29271,"1","Not Flooded","2025-02-08T04:13:14.935781Z",109,"/data/local-files/?d=/share/XXXX-19/nexar_data/train_test_splits/flooding_train_test_split/test/inference_all/2735416e2a8d3f6626c99f0fe6e486c8.jpg","",1.227,0,1.5771087191751576e-07,"2025-02-08T04:13:14.935800Z"
76,29919,"1","Not Flooded","2025-02-10T18:16:58.713556Z",110,"/data/local-files/?d=/share/XXXX-19/nexar_data/train_test_splits/flooding_train_test_split/test/inference_all/656ce37fbcc4b269591e3b3d282a5779.jpg","",1.125,0,6.139058677945286e-05,"2025-02-10T18:16:58.713575Z"
377,29141,"1","Not Flooded","2025-02-08T04:08:43.633224Z",111,"/data/local-files/?d=/share/XXXX-19/nexar_data/train_test_splits/flooding_train_test_split/test/inference_all/16aabf4777f2afa0bfce5ba5f8694cf7.jpg","",1.089,1,0.9968738555908204,"2025-02-08T04:08:43.633252Z"
211,29404,"1","Not Flooded","2025-02-09T16:43:51.752061Z",112,"/data/local-files/?d=/share/XXXX-19/nexar_data/train_test_splits/flooding_train_test_split/test/inference_all/b77c09f3d829a9f2057896fb2da11fcb.jpg","",1.058,1,0.9700163006782532,"2025-02-09T16:43:51.752081Z"
230,29375,"1","Flooded","2025-02-09T16:43:00.944614Z",113,"/data/local-files/?d=/share/XXXX-19/nexar_data/train_test_splits/flooding_train_test_split/test/inference_all/1b9d726e73c06088e26d96bc650c0a86.jpg","",1.537,1,0.9558839201927184,"2025-02-09T16:43:00.944635Z"
126,29183,"1","Not Flooded","2025-02-08T04:10:11.328458Z",114,"/data/local-files/?d=/share/XXXX-19/nexar_data/train_test_splits/flooding_train_test_split/test/inference_all/ca8887370ec3fe24e516d3c804955882.jpg","",1.757,0,1.018994862533873e-05,"2025-02-08T04:10:11.328478Z"
134,29255,"1","Not Flooded","2025-02-08T04:12:44.280430Z",115,"/data/local-files/?d=/share/XXXX-19/nexar_data/train_test_splits/flooding_train_test_split/test/inference_all/2205613b0c799b4677ba67c8bb0e5e7b.jpg","",1.189,0,2.0630327526305337e-06,"2025-02-08T04:12:44.280451Z"
96,29369,"1","Not Flooded","2025-02-09T16:42:50.058725Z",116,"/data/local-files/?d=/share/XXXX-19/nexar_data/train_test_splits/flooding_train_test_split/test/inference_all/d70ffc9b98b695964a138cccd4abf2ae.jpg","",0.975,0,0.0004504756943788,"2025-02-09T16:42:50.058744Z"
192,29150,"1","Not Flooded","2025-02-08T04:09:00.711440Z",117,"/data/local-files/?d=/share/XXXX-19/nexar_data/train_test_splits/flooding_train_test_split/test/inference_all/b53ecc82f08053e822ce856d5676a586.jpg","",1.276,0,1.910413175210124e-06,"2025-02-08T04:09:00.711468Z"
197,29171,"1","Not Flooded","2025-02-08T04:09:43.117328Z",118,"/data/local-files/?d=/share/XXXX-19/nexar_data/train_test_splits/flooding_train_test_split/test/inference_all/3ef49359afdcdf1e79c8962006f084c3.jpg","",1.34,0,0.0007069716230034,"2025-02-08T04:09:43.117348Z"
178,29281,"1","Not Flooded","2025-02-08T04:13:32.310755Z",119,"/data/local-files/?d=/share/XXXX-19/nexar_data/train_test_splits/flooding_train_test_split/test/inference_all/a8d3a1812505b460b99364355a6024df.jpg","",1.436,0,0.000218757908442,"2025-02-08T04:13:32.310776Z"
368,29309,"1","Not Flooded","2025-02-09T16:38:34.292886Z",120,"/data/local-files/?d=/share/XXXX-19/nexar_data/train_test_splits/flooding_train_test_split/test/inference_all/9500b76e39a1dac34c5bf84587bbef79.jpg","",2.341,1,0.9261775612831116,"2025-02-09T16:38:34.292907Z"
195,29248,"1","Not Flooded","2025-02-08T04:12:29.397224Z",121,"/data/local-files/?d=/share/XXXX-19/nexar_data/train_test_splits/flooding_train_test_split/test/inference_all/ec2300594cb64406c8106efd924f647d.jpg","",1.223,0,0.0009504976333118,"2025-02-08T04:12:29.397244Z"
10,29257,"1","Not Flooded","2025-02-08T04:12:48.993260Z",122,"/data/local-files/?d=/share/XXXX-19/nexar_data/train_test_splits/flooding_train_test_split/test/inference_all/99451f71ff49f38e1c273be63aba8e46.jpg","",1.102,0,5.405637892863525e-08,"2025-02-08T04:12:48.993280Z"
336,29904,"1","Flooded","2025-02-10T18:16:32.778674Z",123,"/data/local-files/?d=/share/XXXX-19/nexar_data/train_test_splits/flooding_train_test_split/test/inference_all/e698011f0829e859e6a575c8e7395c4c.jpg","",1.477,1,0.9988969564437866,"2025-02-10T18:16:32.778698Z"
328,29927,"1","Not Flooded","2025-02-10T18:17:19.828843Z",124,"/data/local-files/?d=/share/XXXX-19/nexar_data/train_test_splits/flooding_train_test_split/test/inference_all/f296a81f0f926bb4e287f33d9458a87d.jpg","",1.417,1,0.9197654724121094,"2025-02-10T18:17:19.828863Z"
80,29210,"1","Not Flooded","2025-02-08T04:11:17.798490Z",125,"/data/local-files/?d=/share/XXXX-19/nexar_data/train_test_splits/flooding_train_test_split/test/inference_all/103feaccaec203f5d6ad8824d494c9e4.jpg","",1.068,0,5.8595946939021815e-06,"2025-02-08T04:11:17.798510Z"
321,29220,"1","Not Flooded","2025-02-08T04:11:36.894186Z",126,"/data/local-files/?d=/share/XXXX-19/nexar_data/train_test_splits/flooding_train_test_split/test/inference_all/b7c4907bdf8b504ddeac9b4ad35b7a2e.jpg","",1.177,1,0.9845911264419556,"2025-02-08T04:11:36.894213Z"
314,29329,"1","Not Flooded","2025-02-09T16:40:15.250761Z",127,"/data/local-files/?d=/share/XXXX-19/nexar_data/train_test_splits/flooding_train_test_split/test/inference_all/3db8ebaa39a019bd72a97062508159f3.jpg","",3.223,1,0.9252973794937134,"2025-02-09T16:40:15.250783Z"
371,29305,"1","Not Flooded","2025-02-09T16:38:13.112436Z",128,"/data/local-files/?d=/share/XXXX-19/nexar_data/train_test_splits/flooding_train_test_split/test/inference_all/61b90965ed93c1944e0600baf9b2639f.jpg","",2.709,1,0.8851078748703003,"2025-02-09T16:38:13.112456Z"
391,29406,"1","Not Flooded","2025-02-09T16:43:54.738452Z",129,"/data/local-files/?d=/share/XXXX-19/nexar_data/train_test_splits/flooding_train_test_split/test/inference_all/3a58ccf6ce3faff4210de028c50b80ea.jpg","",0.968,1,0.9552147388458252,"2025-02-09T16:43:54.738473Z"
320,29198,"1","Flooded","2025-02-08T04:10:42.018061Z",130,"/data/local-files/?d=/share/XXXX-19/nexar_data/train_test_splits/flooding_train_test_split/test/inference_all/b754d16b7ba429e59a79f38cf0005b8c.jpg","",3.413,1,0.99811989068985,"2025-02-08T04:10:42.018088Z"
135,29316,"1","Not Flooded","2025-02-09T16:39:20.065803Z",131,"/data/local-files/?d=/share/XXXX-19/nexar_data/train_test_splits/flooding_train_test_split/test/inference_all/0517f89cfbbddc0b88d288067c21c2f1.jpg","",2.306,0,0.0005620752344839,"2025-02-09T16:39:20.065823Z"
35,29949,"1","Not Flooded","2025-02-10T18:18:07.802168Z",132,"/data/local-files/?d=/share/XXXX-19/nexar_data/train_test_splits/flooding_train_test_split/test/inference_all/7abab4f4aabaa7e2d386e027b037d78a.jpg","",0.891,0,0.0051179178990423,"2025-02-10T18:18:07.802187Z"
166,29344,"1","Not Flooded","2025-02-09T16:42:06.132402Z",133,"/data/local-files/?d=/share/XXXX-19/nexar_data/train_test_splits/flooding_train_test_split/test/inference_all/2de07805c5c340c7f6ed91470bc85f0b.jpg","",1.09,0,0.0014664668124169,"2025-02-09T16:42:06.132422Z"
74,29925,"1","Not Flooded","2025-02-10T18:17:12.744172Z",134,"/data/local-files/?d=/share/XXXX-19/nexar_data/train_test_splits/flooding_train_test_split/test/inference_all/5b4313424ab2b2b2ea510121a3e18ab0.jpg","",1.117,0,1.4306704542832447e-05,"2025-02-10T18:17:12.744194Z"
31,29192,"1","Not Flooded","2025-02-08T04:10:27.793548Z",135,"/data/local-files/?d=/share/XXXX-19/nexar_data/train_test_splits/flooding_train_test_split/test/inference_all/02d9b2f0d08e9e0b89fc478c0aa31131.jpg","",1.361,0,2.015787504205946e-05,"2025-02-08T04:10:27.793575Z"
100,29358,"1","Not Flooded","2025-02-09T16:42:31.658669Z",136,"/data/local-files/?d=/share/XXXX-19/nexar_data/train_test_splits/flooding_train_test_split/test/inference_all/521e40e1f52e237d4b678f49e7269804.jpg","",1.59,0,6.405498425010592e-06,"2025-02-09T16:42:31.658689Z"
122,29288,"1","Not Flooded","2025-02-09T16:37:12.120994Z",137,"/data/local-files/?d=/share/XXXX-19/nexar_data/train_test_splits/flooding_train_test_split/test/inference_all/3917e091e0d736ec7c84dfe8e905f627.jpg","",2.318,0,0.0010638355743139,"2025-02-09T16:37:12.121014Z"
270,29178,"1","Not Flooded","2025-02-08T04:10:01.493719Z",138,"/data/local-files/?d=/share/XXXX-19/nexar_data/train_test_splits/flooding_train_test_split/test/inference_all/286648736dd943e8438643dafa607775.jpg","",2.523,1,0.9752378463745116,"2025-02-08T04:10:01.493739Z"
53,29326,"1","Not Flooded","2025-02-09T16:40:05.149721Z",139,"/data/local-files/?d=/share/XXXX-19/nexar_data/train_test_splits/flooding_train_test_split/test/inference_all/ac900b6561efb526ecde9627ca016235.jpg","",3.393,0,1.2637993904718314e-06,"2025-02-09T16:40:05.149741Z"
82,29230,"1","Not Flooded","2025-02-08T04:11:56.017850Z",140,"/data/local-files/?d=/share/XXXX-19/nexar_data/train_test_splits/flooding_train_test_split/test/inference_all/b153fc115a5b6d2f8913780e8c0d9347.jpg","",1.544,0,0.0001138215593528,"2025-02-08T04:11:56.017870Z"
115,29115,"1","Flooded","2025-02-08T04:07:44.949680Z",141,"/data/local-files/?d=/share/XXXX-19/nexar_data/train_test_splits/flooding_train_test_split/test/inference_all/71aa44011c45b72eae468b6b62c9140b.jpg","",3.865,0,0.0001420271582901,"2025-02-08T04:07:44.949700Z"
231,29161,"1","Not Flooded","2025-02-08T04:09:23.754825Z",142,"/data/local-files/?d=/share/XXXX-19/nexar_data/train_test_splits/flooding_train_test_split/test/inference_all/c27e89d9ac53bfec43cba1df1d45e901.jpg","",1.16,1,0.920498251914978,"2025-02-08T04:09:23.754845Z"
274,29184,"1","Not Flooded","2025-02-08T04:10:13.234047Z",143,"/data/local-files/?d=/share/XXXX-19/nexar_data/train_test_splits/flooding_train_test_split/test/inference_all/0ba563e675f6e6108c8893d667418dca.jpg","",1.454,1,0.8834431171417236,"2025-02-08T04:10:13.234067Z"
329,29201,"1","Flooded","2025-02-08T04:10:48.503272Z",144,"/data/local-files/?d=/share/XXXX-19/nexar_data/train_test_splits/flooding_train_test_split/test/inference_all/4fefd6bafa09c9891b342f23dcba191d.jpg","",1.122,1,0.999942660331726,"2025-02-08T04:10:48.503292Z"
29,29958,"1","Not Flooded","2025-02-10T18:18:23.420011Z",145,"/data/local-files/?d=/share/XXXX-19/nexar_data/train_test_splits/flooding_train_test_split/test/inference_all/d6bbcd8f121452577e9a6fa0b39cf9c5.jpg","",1.138,0,8.5164056145004e-06,"2025-02-10T18:18:23.420032Z"
345,29133,"1","Not Flooded","2025-02-08T04:08:29.741378Z",146,"/data/local-files/?d=/share/XXXX-19/nexar_data/train_test_splits/flooding_train_test_split/test/inference_all/eeb4b1de64a4686c783f0d8b765e1697.jpg","",1.08,1,0.966394543647766,"2025-02-08T04:08:29.741404Z"
143,29151,"1","Not Flooded","2025-02-08T04:09:02.535534Z",147,"/data/local-files/?d=/share/XXXX-19/nexar_data/train_test_splits/flooding_train_test_split/test/inference_all/10c1af953bce50d8bcbaecf327475a43.jpg","",1.266,0,0.0002906420268118,"2025-02-08T04:09:02.535562Z"
98,29252,"1","Not Flooded","2025-02-08T04:12:38.120645Z",148,"/data/local-files/?d=/share/XXXX-19/nexar_data/train_test_splits/flooding_train_test_split/test/inference_all/4fddedd1a34d1b8668a44b531e16e816.jpg","",1.457,0,2.261464715047623e-06,"2025-02-08T04:12:38.120665Z"
344,29366,"1","Not Flooded","2025-02-09T16:42:45.612295Z",149,"/data/local-files/?d=/share/XXXX-19/nexar_data/train_test_splits/flooding_train_test_split/test/inference_all/db043f55dcc24c5849890d9859cf9c17.jpg","",0.995,1,0.9563606977462769,"2025-02-09T16:42:45.612315Z"
108,29405,"1","Not Flooded","2025-02-09T16:43:53.279526Z",150,"/data/local-files/?d=/share/XXXX-19/nexar_data/train_test_splits/flooding_train_test_split/test/inference_all/0873c3a172af5c2c80bbea27cd5eeb83.jpg","",1.05,0,2.332932496074136e-07,"2025-02-09T16:43:53.279546Z"
199,29954,"1","Not Flooded","2025-02-10T18:18:14.983907Z",151,"/data/local-files/?d=/share/XXXX-19/nexar_data/train_test_splits/flooding_train_test_split/test/inference_all/2aa219a411a76cbdc3a6bdd371fa2632.jpg","",0.976,0,0.0024517532438039,"2025-02-10T18:18:14.983927Z"
325,29240,"1","Not Flooded","2025-02-08T04:12:15.371693Z",152,"/data/local-files/?d=/share/XXXX-19/nexar_data/train_test_splits/flooding_train_test_split/test/inference_all/cd02eec5ee5a9740bdf937ff2b5f9814.jpg","",1.74,1,0.939697563648224,"2025-02-08T04:12:15.371713Z"
346,29302,"1","Not Flooded","2025-02-09T16:38:02.164698Z",153,"/data/local-files/?d=/share/XXXX-19/nexar_data/train_test_splits/flooding_train_test_split/test/inference_all/32335a78480dc211563ad53e077d10e9.jpg","",2.077,1,0.8948591351509094,"2025-02-09T16:38:02.164719Z"
233,29121,"1","Flooded","2025-02-08T04:08:07.322863Z",154,"/data/local-files/?d=/share/XXXX-19/nexar_data/train_test_splits/flooding_train_test_split/test/inference_all/030143b8f7194c29061079237b2837ab.jpg","",1.303,1,0.9740846753120422,"2025-02-08T04:08:07.322890Z"
254,29227,"1","Flooded","2025-02-08T04:11:48.989967Z",155,"/data/local-files/?d=/share/XXXX-19/nexar_data/train_test_splits/flooding_train_test_split/test/inference_all/b2075c74edabc0982f5d9532f119c4c8.jpg","",1.153,1,0.9659379720687866,"2025-02-08T04:11:48.989987Z"
272,29401,"1","Not Flooded","2025-02-09T16:43:46.935234Z",156,"/data/local-files/?d=/share/XXXX-19/nexar_data/train_test_splits/flooding_train_test_split/test/inference_all/a77901cc375eaaf9abfda0a68c5a09da.jpg","",1.072,1,0.9457350969314576,"2025-02-09T16:43:46.935254Z"
193,29333,"1","Not Flooded","2025-02-09T16:40:27.314017Z",157,"/data/local-files/?d=/share/XXXX-19/nexar_data/train_test_splits/flooding_train_test_split/test/inference_all/1ac76be3ea9004f3567048ca41e93c92.jpg","",2.85,0,3.404516610316932e-05,"2025-02-09T16:40:27.314038Z"
38,29245,"1","Not Flooded","2025-02-08T04:12:24.244798Z",158,"/data/local-files/?d=/share/XXXX-19/nexar_data/train_test_splits/flooding_train_test_split/test/inference_all/48bcc044c46c7aa49bd08e465049f01c.jpg","",1.197,0,1.2436104043445084e-05,"2025-02-08T04:12:24.244818Z"
27,29231,"1","Not Flooded","2025-02-08T04:11:58.492634Z",159,"/data/local-files/?d=/share/XXXX-19/nexar_data/train_test_splits/flooding_train_test_split/test/inference_all/2ee3dfd0e9f905a895d7e95f62367473.jpg","",2.019,0,1.438427352695726e-05,"2025-02-08T04:11:58.492654Z"
256,29926,"1","Flooded","2025-02-10T18:17:17.936702Z",160,"/data/local-files/?d=/share/XXXX-19/nexar_data/train_test_splits/flooding_train_test_split/test/inference_all/fdf268049779a65ee3e9ce7a6362b919.jpg","",4.723,1,0.9384832382202148,"2025-02-10T18:17:17.936721Z"
365,29246,"1","Flooded","2025-02-08T04:12:26.082357Z",161,"/data/local-files/?d=/share/XXXX-19/nexar_data/train_test_splits/flooding_train_test_split/test/inference_all/ad07e7ec08656cf41b3977bfa1041ea4.jpg","",1.378,1,0.9999908208847046,"2025-02-08T04:12:26.082377Z"
381,29924,"1","Flooded","2025-02-10T18:17:11.163612Z",162,"/data/local-files/?d=/share/XXXX-19/nexar_data/train_test_splits/flooding_train_test_split/test/inference_all/3c8e59a6773453c49137d0f58bffe160.jpg","",1.439,1,0.8845511674880981,"2025-02-10T18:17:11.163636Z"
139,29117,"1","Not Flooded","2025-02-08T04:07:52.387461Z",163,"/data/local-files/?d=/share/XXXX-19/nexar_data/train_test_splits/flooding_train_test_split/test/inference_all/f2d5cf35290c1c624e28c93c733cdbc3.jpg","",5.12,0,0.0008234162814915,"2025-02-08T04:07:52.387481Z"
335,29898,"1","Not Flooded","2025-02-10T18:16:23.629341Z",164,"/data/local-files/?d=/share/XXXX-19/nexar_data/train_test_splits/flooding_train_test_split/test/inference_all/cb19f4e9e5bbbd9fcb553090420d4086.jpg","",2.477,1,0.9138716459274292,"2025-02-10T18:16:23.629362Z"
364,29315,"1","Flooded","2025-02-09T16:39:17.296989Z",165,"/data/local-files/?d=/share/XXXX-19/nexar_data/train_test_splits/flooding_train_test_split/test/inference_all/00f54e9d9df954736a7075acb7d08f0e.jpg","",3.156,1,0.9846563935279846,"2025-02-09T16:39:17.297010Z"
66,29910,"1","Not Flooded","2025-02-10T18:16:41.961956Z",166,"/data/local-files/?d=/share/XXXX-19/nexar_data/train_test_splits/flooding_train_test_split/test/inference_all/0c517dcf3aac952b582938f10c1c9d5a.jpg","",1.086,0,2.3592543584527448e-05,"2025-02-10T18:16:41.961976Z"
279,29247,"1","Not Flooded","2025-02-08T04:12:27.735408Z",167,"/data/local-files/?d=/share/XXXX-19/nexar_data/train_test_splits/flooding_train_test_split/test/inference_all/d22626cadd284817328a411af2c7efd5.jpg","",1.196,1,0.9927085041999816,"2025-02-08T04:12:27.735429Z"
4,29097,"1","Not Flooded","2025-02-08T04:06:45.474396Z",168,"/data/local-files/?d=/share/XXXX-19/nexar_data/train_test_splits/flooding_train_test_split/test/inference_all/67174280e179a0ef19adec4096238219.jpg","",1.274,0,0.0021853663492947,"2025-02-08T04:06:45.474416Z"
382,29270,"1","Flooded","2025-02-08T04:13:13.255613Z",169,"/data/local-files/?d=/share/XXXX-19/nexar_data/train_test_splits/flooding_train_test_split/test/inference_all/2d80fc621c082fa1cf6078be7307137f.jpg","",2.822,1,0.924010157585144,"2025-02-08T04:13:13.255633Z"
83,29328,"1","Not Flooded","2025-02-09T16:40:11.564989Z",170,"/data/local-files/?d=/share/XXXX-19/nexar_data/train_test_splits/flooding_train_test_split/test/inference_all/7ea7fa67a38c5e68c32593b32a4a8bcb.jpg","",2.436,0,5.002379475627095e-05,"2025-02-09T16:40:11.565010Z"
191,29167,"1","Not Flooded","2025-02-08T04:09:34.480871Z",171,"/data/local-files/?d=/share/XXXX-19/nexar_data/train_test_splits/flooding_train_test_split/test/inference_all/5c87ce391e70283f8c46ba65f8c486e4.jpg","",1.361,0,7.612877197971102e-06,"2025-02-08T04:09:34.480890Z"
68,29947,"1","Not Flooded","2025-02-10T18:18:04.978873Z",172,"/data/local-files/?d=/share/XXXX-19/nexar_data/train_test_splits/flooding_train_test_split/test/inference_all/e5ddd05f5c37d062f0236f19fa213214.jpg","",0.967,0,1.2348888276392245e-06,"2025-02-10T18:18:04.978903Z"
81,29939,"1","Not Flooded","2025-02-10T18:17:52.152809Z",173,"/data/local-files/?d=/share/XXXX-19/nexar_data/train_test_splits/flooding_train_test_split/test/inference_all/e6a5639c6fac2470c40448f7d82191bc.jpg","",1.145,0,4.594515849021264e-05,"2025-02-10T18:17:52.152829Z"
140,29207,"1","Not Flooded","2025-02-08T04:11:12.967576Z",174,"/data/local-files/?d=/share/XXXX-19/nexar_data/train_test_splits/flooding_train_test_split/test/inference_all/4ccb801612f54c324d2fdb7591aeff3f.jpg","",1.28,0,0.0022989509161561,"2025-02-08T04:11:12.967596Z"
125,29361,"1","Not Flooded","2025-02-09T16:42:36.780896Z",175,"/data/local-files/?d=/share/XXXX-19/nexar_data/train_test_splits/flooding_train_test_split/test/inference_all/4a1cecc79eac091544bd2bf28f28f415.jpg","",0.938,0,2.0750560736360057e-07,"2025-02-09T16:42:36.780916Z"
15,29200,"1","Not Flooded","2025-02-08T04:10:46.914121Z",176,"/data/local-files/?d=/share/XXXX-19/nexar_data/train_test_splits/flooding_train_test_split/test/inference_all/ceaf932e3cdbc4037d56f255337d3718.jpg","",1.191,0,4.938137863064185e-05,"2025-02-08T04:10:46.914148Z"
157,29217,"1","Not Flooded","2025-02-08T04:11:31.777057Z",177,"/data/local-files/?d=/share/XXXX-19/nexar_data/train_test_splits/flooding_train_test_split/test/inference_all/3b0f09ea7e8a86c5c0dc71c9c6c0c747.jpg","",1.07,0,1.7555081512909965e-06,"2025-02-08T04:11:31.777084Z"
351,29890,"1","Not Flooded","2025-02-10T18:15:58.972944Z",178,"/data/local-files/?d=/share/XXXX-19/nexar_data/train_test_splits/flooding_train_test_split/test/inference_all/b42384eec30e1b64d7aca9e23966bcb6.jpg","",1.294,1,0.9997891783714294,"2025-02-10T18:15:58.972967Z"
43,29384,"1","Not Flooded","2025-02-09T16:43:19.358577Z",179,"/data/local-files/?d=/share/XXXX-19/nexar_data/train_test_splits/flooding_train_test_split/test/inference_all/4b54248fe66a77d696f62f6affa6e6e5.jpg","",0.83,0,0.000115318049211,"2025-02-09T16:43:19.358596Z"
359,29211,"1","Flooded","2025-02-08T04:11:19.528781Z",180,"/data/local-files/?d=/share/XXXX-19/nexar_data/train_test_splits/flooding_train_test_split/test/inference_all/159c8dc9a26bd59be0035cd12341652c.jpg","",1.284,1,0.9814710021018982,"2025-02-08T04:11:19.528802Z"
387,29935,"1","Flooded","2025-02-10T18:17:45.219262Z",181,"/data/local-files/?d=/share/XXXX-19/nexar_data/train_test_splits/flooding_train_test_split/test/inference_all/80c0470dbcdeaf275c9f33ea8174cba6.jpg","",1.419,1,0.9733178615570068,"2025-02-10T18:17:45.219282Z"
306,29300,"1","Not Flooded","2025-02-09T16:37:56.762248Z",182,"/data/local-files/?d=/share/XXXX-19/nexar_data/train_test_splits/flooding_train_test_split/test/inference_all/b24065f1f150adfa6afbdc244570d840.jpg","",2.235,1,0.8932324051856995,"2025-02-09T16:37:56.762268Z"
397,29116,"1","Flooded","2025-02-08T04:07:46.768184Z",183,"/data/local-files/?d=/share/XXXX-19/nexar_data/train_test_splits/flooding_train_test_split/test/inference_all/4fe99ab73397cb1aedba3efaccf91fe6.jpg","",1.328,1,0.9881887435913086,"2025-02-08T04:07:46.768205Z"
375,29402,"1","Flooded","2025-02-09T16:43:48.662337Z",184,"/data/local-files/?d=/share/XXXX-19/nexar_data/train_test_splits/flooding_train_test_split/test/inference_all/a95da84f2bffc51235b5c344d72251ad.jpg","",1.257,1,1.0,"2025-02-09T16:43:48.662357Z"
42,29295,"1","Not Flooded","2025-02-09T16:37:42.360200Z",185,"/data/local-files/?d=/share/XXXX-19/nexar_data/train_test_splits/flooding_train_test_split/test/inference_all/9f357ddcfaeffbb554975b3420376162.jpg","",6.516,0,0.0001007362880045,"2025-02-09T16:37:42.360220Z"
208,29188,"1","Not Flooded","2025-02-08T04:10:19.931253Z",186,"/data/local-files/?d=/share/XXXX-19/nexar_data/train_test_splits/flooding_train_test_split/test/inference_all/72e6a2731cfcd2487ca38ced49876577.jpg","",1.287,1,0.9470502138137816,"2025-02-08T04:10:19.931273Z"
48,29223,"1","Not Flooded","2025-02-08T04:11:41.852966Z",187,"/data/local-files/?d=/share/XXXX-19/nexar_data/train_test_splits/flooding_train_test_split/test/inference_all/0bdd97c580982ca079823a9d2b61b672.jpg","",1.102,0,4.662365881813457e-06,"2025-02-08T04:11:41.852993Z"
287,29109,"1","Not Flooded","2025-02-08T04:07:32.753904Z",188,"/data/local-files/?d=/share/XXXX-19/nexar_data/train_test_splits/flooding_train_test_split/test/inference_all/01086fedf77fc6d302bc2a0fb4c3ab5a.jpg","",2.195,1,0.8958044648170471,"2025-02-08T04:07:32.753925Z"
65,29179,"1","Not Flooded","2025-02-08T04:10:03.276036Z",189,"/data/local-files/?d=/share/XXXX-19/nexar_data/train_test_splits/flooding_train_test_split/test/inference_all/76be94ba3d798ccce1515018155dfdeb.jpg","",1.264,0,0.0005507079185917,"2025-02-08T04:10:03.276058Z"
234,29297,"1","Not Flooded","2025-02-09T16:37:48.579104Z",190,"/data/local-files/?d=/share/XXXX-19/nexar_data/train_test_splits/flooding_train_test_split/test/inference_all/b522fb99e4e56da4a920c71ffefb305e.jpg","",2.344,1,0.970264971256256,"2025-02-09T16:37:48.579125Z"
189,29124,"1","Not Flooded","2025-02-08T04:08:12.739936Z",191,"/data/local-files/?d=/share/XXXX-19/nexar_data/train_test_splits/flooding_train_test_split/test/inference_all/e8c62c6a4e887dbcb5ace63397db4e73.jpg","",1.148,0,1.4773769180465024e-05,"2025-02-08T04:08:12.739956Z"
289,29355,"1","Flooded","2025-02-09T16:42:26.543926Z",192,"/data/local-files/?d=/share/XXXX-19/nexar_data/train_test_splits/flooding_train_test_split/test/inference_all/014cac6aeb65cb87672ceb049169a8f5.jpg","",1.224,1,0.980035960674286,"2025-02-09T16:42:26.543946Z"
347,29299,"1","Not Flooded","2025-02-09T16:37:54.066825Z",193,"/data/local-files/?d=/share/XXXX-19/nexar_data/train_test_splits/flooding_train_test_split/test/inference_all/18ffffd3dff2f76f889ee774f08a09bb.jpg","",2.269,1,0.9173911213874816,"2025-02-09T16:37:54.066846Z"
30,29180,"1","Not Flooded","2025-02-08T04:10:04.938820Z",194,"/data/local-files/?d=/share/XXXX-19/nexar_data/train_test_splits/flooding_train_test_split/test/inference_all/7edb5e1f42292722beedfd0caa607abd.jpg","",1.113,0,0.0009918770520016,"2025-02-08T04:10:04.938840Z"
275,29933,"1","Not Flooded","2025-02-10T18:17:38.932830Z",195,"/data/local-files/?d=/share/XXXX-19/nexar_data/train_test_splits/flooding_train_test_split/test/inference_all/3b171874f49564633551cfaf4afecc84.jpg","",1.431,1,0.9033745527267456,"2025-02-10T18:17:38.932852Z"
196,29398,"1","Not Flooded","2025-02-09T16:43:41.396970Z",196,"/data/local-files/?d=/share/XXXX-19/nexar_data/train_test_splits/flooding_train_test_split/test/inference_all/dcf4f5cac2cc1a7c11050b87d5679b9a.jpg","",0.88,0,1.5325171261793002e-05,"2025-02-09T16:43:41.396990Z"
241,29374,"1","Flooded","2025-02-09T16:42:58.946435Z",197,"/data/local-files/?d=/share/XXXX-19/nexar_data/train_test_splits/flooding_train_test_split/test/inference_all/f2e8568203ec155c92491f9492e41c14.jpg","",1.265,1,0.99930739402771,"2025-02-09T16:42:58.946455Z"
6,29157,"1","Not Flooded","2025-02-08T04:09:13.564203Z",198,"/data/local-files/?d=/share/XXXX-19/nexar_data/train_test_splits/flooding_train_test_split/test/inference_all/d55ce90472d651aeeb20be5a20f55cdc.jpg","",2.337,0,5.658657391904853e-05,"2025-02-08T04:09:13.564223Z"
3,29308,"1","Not Flooded","2025-02-09T16:38:31.484784Z",199,"/data/local-files/?d=/share/XXXX-19/nexar_data/train_test_splits/flooding_train_test_split/test/inference_all/09262ad0162a7e47359ae704bee9c90e.jpg","",2.189,0,0.0002799546346068,"2025-02-09T16:38:31.484805Z"
285,29269,"1","Not Flooded","2025-02-08T04:13:09.923009Z",200,"/data/local-files/?d=/share/XXXX-19/nexar_data/train_test_splits/flooding_train_test_split/test/inference_all/7d51a8e672a0c2adf33bd6df3be0ac98.jpg","",1.365,1,0.8973085880279541,"2025-02-08T04:13:09.923029Z"
357,29376,"1","Not Flooded","2025-02-09T16:43:02.578347Z",201,"/data/local-files/?d=/share/XXXX-19/nexar_data/train_test_splits/flooding_train_test_split/test/inference_all/09f0bcac06d22a4e28c07f5bdb921ba0.jpg","",1.176,1,0.8745077252388,"2025-02-09T16:43:02.578368Z"
389,29400,"1","Not Flooded","2025-02-09T16:43:45.391217Z",202,"/data/local-files/?d=/share/XXXX-19/nexar_data/train_test_splits/flooding_train_test_split/test/inference_all/a562dadcf8d1bcf10eb32a5efc6668eb.jpg","",1.77,1,0.946136474609375,"2025-02-09T16:43:45.391237Z"
20,29147,"1","Not Flooded","2025-02-08T04:08:55.218797Z",203,"/data/local-files/?d=/share/XXXX-19/nexar_data/train_test_splits/flooding_train_test_split/test/inference_all/f830cb9c9043f10478cc0425c608d3df.jpg","",1.113,0,0.0002874838246498,"2025-02-08T04:08:55.218825Z"
164,29319,"1","Not Flooded","2025-02-09T16:39:32.209114Z",204,"/data/local-files/?d=/share/XXXX-19/nexar_data/train_test_splits/flooding_train_test_split/test/inference_all/3b3b62b1919972ef6027e146031c8449.jpg","",5.755,0,0.0695819854736328,"2025-02-09T16:39:32.209135Z"
198,29941,"1","Not Flooded","2025-02-10T18:17:55.947903Z",205,"/data/local-files/?d=/share/XXXX-19/nexar_data/train_test_splits/flooding_train_test_split/test/inference_all/3ba0028787ab4de5c9970994aac496b9.jpg","",1.004,0,3.703089168993756e-05,"2025-02-10T18:17:55.947927Z"
75,29931,"1","Not Flooded","2025-02-10T18:17:25.653560Z",206,"/data/local-files/?d=/share/XXXX-19/nexar_data/train_test_splits/flooding_train_test_split/test/inference_all/5ece3e6175f717efd113a5ed54b1d6d0.jpg","",0.929,0,0.0067270789295434,"2025-02-10T18:17:25.653582Z"
238,29120,"1","Flooded","2025-02-08T04:08:05.475345Z",207,"/data/local-files/?d=/share/XXXX-19/nexar_data/train_test_splits/flooding_train_test_split/test/inference_all/8a1ba5584faf67c6bbf280f4e68a15bb.jpg","",9.137,1,0.9804050326347352,"2025-02-08T04:08:05.475373Z"
93,29087,"1","Not Flooded","2025-02-08T04:06:24.953322Z",208,"/data/local-files/?d=/share/XXXX-19/nexar_data/train_test_splits/flooding_train_test_split/test/inference_all/6942e3668464d659e78739fb01c2b47f.jpg","",1.526,0,3.617586480686441e-05,"2025-02-08T04:06:24.953343Z"
52,29100,"1","Flooded","2025-02-08T04:07:05.004284Z",209,"/data/local-files/?d=/share/XXXX-19/nexar_data/train_test_splits/flooding_train_test_split/test/inference_all/10c9b1cc584f20fb2195ed558e8fe7e8.jpg","",1.52,0,0.0069960956461727,"2025-02-08T04:07:05.004304Z"
129,29108,"1","Not Flooded","2025-02-08T04:07:30.066602Z",210,"/data/local-files/?d=/share/XXXX-19/nexar_data/train_test_splits/flooding_train_test_split/test/inference_all/d6e8c81c5b04f3e7ef508ef80526798e.jpg","",1.29,0,0.0001634420914342,"2025-02-08T04:07:30.066621Z"
295,29251,"1","Not Flooded","2025-02-08T04:12:36.216540Z",211,"/data/local-files/?d=/share/XXXX-19/nexar_data/train_test_splits/flooding_train_test_split/test/inference_all/20fb9e8a53f4ca1d0093a0466120a2a8.jpg","",2.735,1,0.9583310484886168,"2025-02-08T04:12:36.216560Z"
114,29306,"1","Not Flooded","2025-02-09T16:38:16.162881Z",212,"/data/local-files/?d=/share/XXXX-19/nexar_data/train_test_splits/flooding_train_test_split/test/inference_all/0eb6561ed4280c9ea8b833f2f27b8651.jpg","",2.594,0,0.1279453635215759,"2025-02-09T16:38:16.162902Z"
205,29127,"1","Not Flooded","2025-02-08T04:08:19.830356Z",213,"/data/local-files/?d=/share/XXXX-19/nexar_data/train_test_splits/flooding_train_test_split/test/inference_all/bb621d28e86a8eb1b8fdd7b03489eedc.jpg","",1.691,1,0.9511969685554504,"2025-02-08T04:08:19.830376Z"
123,29377,"1","Not Flooded","2025-02-09T16:43:04.245814Z",214,"/data/local-files/?d=/share/XXXX-19/nexar_data/train_test_splits/flooding_train_test_split/test/inference_all/fd23cb046541c0d81fb58189ff780ad5.jpg","",1.212,0,0.0169926043599843,"2025-02-09T16:43:04.245834Z"
90,29202,"1","Not Flooded","2025-02-08T04:11:02.227104Z",215,"/data/local-files/?d=/share/XXXX-19/nexar_data/train_test_splits/flooding_train_test_split/test/inference_all/346d015617e36cf14777cfb19cbd06cb.jpg","",1.389,0,6.902408495079726e-05,"2025-02-08T04:11:02.227134Z"
12,29385,"1","Not Flooded","2025-02-09T16:43:20.907310Z",216,"/data/local-files/?d=/share/XXXX-19/nexar_data/train_test_splits/flooding_train_test_split/test/inference_all/6a518548e3a4d5414d3d9f0b7f3b1435.jpg","",1.08,0,0.0035594024229794,"2025-02-09T16:43:20.907330Z"
348,29256,"1","Not Flooded","2025-02-08T04:12:47.416331Z",217,"/data/local-files/?d=/share/XXXX-19/nexar_data/train_test_splits/flooding_train_test_split/test/inference_all/2a081da83f864d16e942822dfae280df.jpg","",2.599,1,0.9705983400344848,"2025-02-08T04:12:47.416358Z"
40,29158,"1","Not Flooded","2025-02-08T04:09:15.164610Z",218,"/data/local-files/?d=/share/XXXX-19/nexar_data/train_test_splits/flooding_train_test_split/test/inference_all/d9d2282ba9beaa73ae388f530fc8d234.jpg","",1.162,0,0.0001406634837621,"2025-02-08T04:09:15.164630Z"
333,29403,"1","Not Flooded","2025-02-09T16:43:50.222211Z",219,"/data/local-files/?d=/share/XXXX-19/nexar_data/train_test_splits/flooding_train_test_split/test/inference_all/e369e785e9bf4bd6d6d2b5de23754939.jpg","",1.091,1,0.9817376732826232,"2025-02-09T16:43:50.222231Z"
286,29204,"1","Flooded","2025-02-08T04:11:08.179078Z",220,"/data/local-files/?d=/share/XXXX-19/nexar_data/train_test_splits/flooding_train_test_split/test/inference_all/bccedd22b45863db935ceb2e6edaa033.jpg","",3.44,1,0.9617030620574952,"2025-02-08T04:11:08.179098Z"
236,29119,"1","Flooded","2025-02-08T04:07:55.834182Z",221,"/data/local-files/?d=/share/XXXX-19/nexar_data/train_test_splits/flooding_train_test_split/test/inference_all/1c759fb0354c05857e6b8600a3cd75e1.jpg","",1.251,1,0.9857962727546692,"2025-02-08T04:07:55.834202Z"
25,29895,"1","Not Flooded","2025-02-10T18:16:13.932589Z",222,"/data/local-files/?d=/share/XXXX-19/nexar_data/train_test_splits/flooding_train_test_split/test/inference_all/b369a516b38fb5f0bf3b921d9bf243c0.jpg","",0.939,0,6.358291670949257e-07,"2025-02-10T18:16:13.932612Z"
0,29914,"1","Not Flooded","2025-02-10T18:16:49.116162Z",223,"/data/local-files/?d=/share/XXXX-19/nexar_data/train_test_splits/flooding_train_test_split/test/inference_all/214b7a4b2072bc5fb89d0c6133e7d266.jpg","",0.956,0,9.939775509337778e-07,"2025-02-10T18:16:49.116182Z"
22,29268,"1","Not Flooded","2025-02-08T04:13:08.106308Z",224,"/data/local-files/?d=/share/XXXX-19/nexar_data/train_test_splits/flooding_train_test_split/test/inference_all/d505fd2af077eaaeb01726de6a1788e7.jpg","",1.191,0,1.188425267173443e-05,"2025-02-08T04:13:08.106328Z"
266,29170,"1","Flooded","2025-02-08T04:09:41.285437Z",225,"/data/local-files/?d=/share/XXXX-19/nexar_data/train_test_splits/flooding_train_test_split/test/inference_all/159fd95d2f09a582edcaadd75713f92e.jpg","",1.389,1,0.9947407841682434,"2025-02-08T04:09:41.285457Z"
153,29102,"1","Not Flooded","2025-02-08T04:07:09.402044Z",226,"/data/local-files/?d=/share/XXXX-19/nexar_data/train_test_splits/flooding_train_test_split/test/inference_all/8787b486c872fa5a07c9101a2ed3ec62.jpg","",1.643,0,0.0061946543864905,"2025-02-08T04:07:09.402065Z"
202,29209,"1","Not Flooded","2025-02-08T04:11:16.284280Z",227,"/data/local-files/?d=/share/XXXX-19/nexar_data/train_test_splits/flooding_train_test_split/test/inference_all/7ac1377702e70b02fb7def5440dacdf3.jpg","",1.114,1,0.8930959105491638,"2025-02-08T04:11:16.284300Z"
182,29172,"1","Not Flooded","2025-02-08T04:09:45.014384Z",228,"/data/local-files/?d=/share/XXXX-19/nexar_data/train_test_splits/flooding_train_test_split/test/inference_all/e91a67151403975634d7400e0fd39813.jpg","",1.437,0,1.2906320989714004e-06,"2025-02-08T04:09:45.014404Z"
232,29397,"1","Not Flooded","2025-02-09T16:43:40.028349Z",229,"/data/local-files/?d=/share/XXXX-19/nexar_data/train_test_splits/flooding_train_test_split/test/inference_all/fe795ed3e1343b61be6fa10c879059f7.jpg","",0.856,1,0.9681286215782166,"2025-02-09T16:43:40.028369Z"
167,29216,"1","Not Flooded","2025-02-08T04:11:30.136926Z",230,"/data/local-files/?d=/share/XXXX-19/nexar_data/train_test_splits/flooding_train_test_split/test/inference_all/dbe4c1426246eef5ae74c9c63b345fe0.jpg","",1.003,0,4.970720056007849e-06,"2025-02-08T04:11:30.136951Z"
280,29371,"1","Not Flooded","2025-02-09T16:42:54.070919Z",231,"/data/local-files/?d=/share/XXXX-19/nexar_data/train_test_splits/flooding_train_test_split/test/inference_all/0134340c3011398e8e6b53ff22b78186.jpg","",1.541,1,0.9140545129776,"2025-02-09T16:42:54.070939Z"
5,29189,"1","Not Flooded","2025-02-08T04:10:22.417288Z",232,"/data/local-files/?d=/share/XXXX-19/nexar_data/train_test_splits/flooding_train_test_split/test/inference_all/4a4be71cfea0101088f12addc8086497.jpg","",1.981,0,0.0045069549232721,"2025-02-08T04:10:22.417316Z"
87,29266,"1","Not Flooded","2025-02-08T04:13:04.736865Z",233,"/data/local-files/?d=/share/XXXX-19/nexar_data/train_test_splits/flooding_train_test_split/test/inference_all/94a8cedff4366c0361ba37c0c5782c3f.jpg","",1.291,0,2.0169394701952115e-05,"2025-02-08T04:13:04.736886Z"
59,29356,"1","Not Flooded","2025-02-09T16:42:28.029082Z",234,"/data/local-files/?d=/share/XXXX-19/nexar_data/train_test_splits/flooding_train_test_split/test/inference_all/acdddb1616abc755806fd6d85bcfbb81.jpg","",1.014,0,5.329457053449005e-06,"2025-02-09T16:42:28.029102Z"
107,29095,"1","Not Flooded","2025-02-08T04:06:41.385153Z",235,"/data/local-files/?d=/share/XXXX-19/nexar_data/train_test_splits/flooding_train_test_split/test/inference_all/a055765f51340fc564e823a0a3969689.jpg","",1.326,0,0.0004934589378535,"2025-02-08T04:06:41.385173Z"
168,29312,"1","Not Flooded","2025-02-09T16:39:07.885341Z",236,"/data/local-files/?d=/share/XXXX-19/nexar_data/train_test_splits/flooding_train_test_split/test/inference_all/f5e59a780036bc2469b794658cee8853.jpg","",18.349,0,0.0095201572403311,"2025-02-09T16:39:07.885362Z"
292,29393,"1","Flooded","2025-02-09T16:43:34.035994Z",237,"/data/local-files/?d=/share/XXXX-19/nexar_data/train_test_splits/flooding_train_test_split/test/inference_all/577d54ca968326ea193b59588db61fbe.jpg","",1.232,1,0.9999325275421144,"2025-02-09T16:43:34.036013Z"
188,29343,"1","Not Flooded","2025-02-09T16:42:04.565715Z",238,"/data/local-files/?d=/share/XXXX-19/nexar_data/train_test_splits/flooding_train_test_split/test/inference_all/00133f5105b91eacf6e6ac6507f53ea7.jpg","",2.24,0,0.0007630109321326,"2025-02-09T16:42:04.565735Z"
160,29272,"1","Not Flooded","2025-02-08T04:13:16.584133Z",239,"/data/local-files/?d=/share/XXXX-19/nexar_data/train_test_splits/flooding_train_test_split/test/inference_all/9a2586ac7aed14f0677df1823e4e77af.jpg","",1.14,0,0.0038046764675527,"2025-02-08T04:13:16.584155Z"
327,29286,"1","Not Flooded","2025-02-09T16:37:06.274259Z",240,"/data/local-files/?d=/share/XXXX-19/nexar_data/train_test_splits/flooding_train_test_split/test/inference_all/cb2132b86ccc0cb4c0c410e99b3192de.jpg","",7.241,1,0.97251296043396,"2025-02-09T16:37:06.274279Z"
221,29118,"1","Not Flooded","2025-02-08T04:07:54.152251Z",241,"/data/local-files/?d=/share/XXXX-19/nexar_data/train_test_splits/flooding_train_test_split/test/inference_all/1612f56ff750abfb0d086f0175b53d8e.jpg","",1.331,1,0.9075772166252136,"2025-02-08T04:07:54.152271Z"
214,29263,"1","Not Flooded","2025-02-08T04:12:59.569538Z",242,"/data/local-files/?d=/share/XXXX-19/nexar_data/train_test_splits/flooding_train_test_split/test/inference_all/eb4a412d6b0167aa52a993ec696a6927.jpg","",1.206,1,0.9062311053276062,"2025-02-08T04:12:59.569557Z"
36,29320,"1","Not Flooded","2025-02-09T16:39:34.895092Z",243,"/data/local-files/?d=/share/XXXX-19/nexar_data/train_test_splits/flooding_train_test_split/test/inference_all/bd25f2dab92cc1ba05f3b8ce2d87c7fd.jpg","",2.186,0,0.0012980283936485,"2025-02-09T16:39:34.895113Z"
127,29391,"1","Not Flooded","2025-02-09T16:43:30.832417Z",244,"/data/local-files/?d=/share/XXXX-19/nexar_data/train_test_splits/flooding_train_test_split/test/inference_all/72d4861d231089dafa5fa7f97af17d39.jpg","",1.158,0,0.004886801354587,"2025-02-09T16:43:30.832437Z"
89,29283,"1","Not Flooded","2025-02-08T04:13:36.316082Z",245,"/data/local-files/?d=/share/XXXX-19/nexar_data/train_test_splits/flooding_train_test_split/test/inference_all/ace7d6d27f6eee63ba452319e4da802a.jpg","",1.864,0,1.1225833986827638e-06,"2025-02-08T04:13:36.316103Z"
319,29164,"1","Flooded","2025-02-08T04:09:28.858903Z",246,"/data/local-files/?d=/share/XXXX-19/nexar_data/train_test_splits/flooding_train_test_split/test/inference_all/bbd26e2a6dfaf013194b9fe74d73703c.jpg","",1.155,1,0.9820095300674438,"2025-02-08T04:09:28.858923Z"
298,29159,"1","Not Flooded","2025-02-08T04:09:18.634139Z",247,"/data/local-files/?d=/share/XXXX-19/nexar_data/train_test_splits/flooding_train_test_split/test/inference_all/db7a8cf450a218fc4f9f834dba312d87.jpg","",2.975,1,0.9610024690628052,"2025-02-08T04:09:18.634159Z"
304,29368,"1","Not Flooded","2025-02-09T16:42:48.623041Z",248,"/data/local-files/?d=/share/XXXX-19/nexar_data/train_test_splits/flooding_train_test_split/test/inference_all/c9fa0b27ad8bf5050af794703d08bfb3.jpg","",1.003,1,0.9311665892601012,"2025-02-09T16:42:48.623061Z"
253,29219,"1","Flooded","2025-02-08T04:11:35.185365Z",249,"/data/local-files/?d=/share/XXXX-19/nexar_data/train_test_splits/flooding_train_test_split/test/inference_all/b6cc831fb9b753d2e624b4c1fbd45a38.jpg","",1.457,1,0.9020974040031432,"2025-02-08T04:11:35.185385Z"
110,29235,"1","Not Flooded","2025-02-08T04:12:05.232731Z",250,"/data/local-files/?d=/share/XXXX-19/nexar_data/train_test_splits/flooding_train_test_split/test/inference_all/90b74c5c68f32b3db6e95387da069b4d.jpg","",1.201,0,0.0685671865940094,"2025-02-08T04:12:05.232750Z"
111,29110,"1","Not Flooded","2025-02-08T04:07:34.443472Z",251,"/data/local-files/?d=/share/XXXX-19/nexar_data/train_test_splits/flooding_train_test_split/test/inference_all/ff1c413b025057745379b16960d084d9.jpg","",1.246,0,0.0006445284816436,"2025-02-08T04:07:34.443492Z"
260,29144,"1","Not Flooded","2025-02-08T04:08:48.256468Z",252,"/data/local-files/?d=/share/XXXX-19/nexar_data/train_test_splits/flooding_train_test_split/test/inference_all/997dc6f78f942c97ed837cbd3a8a6fb5.jpg","",0.958,1,0.9332380294799804,"2025-02-08T04:08:48.256494Z"
162,29360,"1","Not Flooded","2025-02-09T16:42:35.369868Z",253,"/data/local-files/?d=/share/XXXX-19/nexar_data/train_test_splits/flooding_train_test_split/test/inference_all/00bd1b5f355ba3183e86882563aa651f.jpg","",1.042,0,4.7416117013199255e-05,"2025-02-09T16:42:35.369888Z"
237,29175,"1","Not Flooded","2025-02-08T04:09:54.307678Z",254,"/data/local-files/?d=/share/XXXX-19/nexar_data/train_test_splits/flooding_train_test_split/test/inference_all/c48bd70ed38a05f35285f49c79fc230e.jpg","",1.188,1,0.8824069499969482,"2025-02-08T04:09:54.307705Z"
174,29093,"1","Not Flooded","2025-02-08T04:06:34.995836Z",255,"/data/local-files/?d=/share/XXXX-19/nexar_data/train_test_splits/flooding_train_test_split/test/inference_all/c986b5131a42212e31af4be0351be535.jpg","",1.302,0,0.0001278650888707,"2025-02-08T04:06:34.995856Z"
383,29373,"1","Flooded","2025-02-09T16:42:57.174763Z",256,"/data/local-files/?d=/share/XXXX-19/nexar_data/train_test_splits/flooding_train_test_split/test/inference_all/d3de679f1810131158e041d28ef27e9d.jpg","",1.193,1,0.9989515542984008,"2025-02-09T16:42:57.174783Z"
222,29956,"1","Flooded","2025-02-10T18:18:19.759317Z",257,"/data/local-files/?d=/share/XXXX-19/nexar_data/train_test_splits/flooding_train_test_split/test/inference_all/9f1716c3a42a84bf1035bb291e16b377.jpg","",2.929,1,0.8741001486778259,"2025-02-10T18:18:19.759336Z"
267,29169,"1","Not Flooded","2025-02-08T04:09:39.430511Z",258,"/data/local-files/?d=/share/XXXX-19/nexar_data/train_test_splits/flooding_train_test_split/test/inference_all/1ef0d1e3f334d6fa7c01823092bf3823.jpg","",2.127,1,0.8877196311950684,"2025-02-08T04:09:39.430537Z"
396,29932,"1","Not Flooded","2025-02-10T18:17:37.019749Z",259,"/data/local-files/?d=/share/XXXX-19/nexar_data/train_test_splits/flooding_train_test_split/test/inference_all/47b2a4689ba585560f24d21193b8973d.jpg","",10.888,1,0.9594632387161256,"2025-02-10T18:17:37.019773Z"
184,29107,"1","Not Flooded","2025-02-08T04:07:28.343483Z",260,"/data/local-files/?d=/share/XXXX-19/nexar_data/train_test_splits/flooding_train_test_split/test/inference_all/ad117549dc78a80446f719ca1f602c32.jpg","",2.388,0,0.0019089491106569,"2025-02-08T04:07:28.343503Z"
203,29278,"1","Not Flooded","2025-02-08T04:13:27.175137Z",261,"/data/local-files/?d=/share/XXXX-19/nexar_data/train_test_splits/flooding_train_test_split/test/inference_all/a7ebc8b3ec0bf27c27abb3f4f8a161ee.jpg","",1.65,1,0.9576463103294371,"2025-02-08T04:13:27.175157Z"
58,29205,"1","Not Flooded","2025-02-08T04:11:09.742724Z",262,"/data/local-files/?d=/share/XXXX-19/nexar_data/train_test_splits/flooding_train_test_split/test/inference_all/ff208b6692896d9fcff6e2cb5aba7977.jpg","",1.11,0,0.0085577117279171,"2025-02-08T04:11:09.742744Z"
46,29339,"1","Not Flooded","2025-02-09T16:41:56.780065Z",263,"/data/local-files/?d=/share/XXXX-19/nexar_data/train_test_splits/flooding_train_test_split/test/inference_all/2a8cc308da96015be76c783cb087fa44.jpg","",0.881,0,3.407358599361032e-05,"2025-02-09T16:41:56.780085Z"
379,29173,"1","Not Flooded","2025-02-08T04:09:47.953644Z",264,"/data/local-files/?d=/share/XXXX-19/nexar_data/train_test_splits/flooding_train_test_split/test/inference_all/1fafeb10e36b75ea51be314084b55021.jpg","",2.432,1,0.9313955307006836,"2025-02-08T04:09:47.953672Z"
78,29330,"1","Not Flooded","2025-02-09T16:40:18.406456Z",265,"/data/local-files/?d=/share/XXXX-19/nexar_data/train_test_splits/flooding_train_test_split/test/inference_all/c537410a0ee19b8181c8bfe5eb747cbb.jpg","",2.69,0,0.0005134183447808,"2025-02-09T16:40:18.406476Z"
169,29930,"1","Not Flooded","2025-02-10T18:17:24.257950Z",266,"/data/local-files/?d=/share/XXXX-19/nexar_data/train_test_splits/flooding_train_test_split/test/inference_all/b7898b10a64503c8a9b5593cfc0070e3.jpg","",0.925,0,0.0003196975740138,"2025-02-10T18:17:24.257969Z"
142,29274,"1","Not Flooded","2025-02-08T04:13:20.325802Z",267,"/data/local-files/?d=/share/XXXX-19/nexar_data/train_test_splits/flooding_train_test_split/test/inference_all/52f757cafcc94d0003869f2116b26c86.jpg","",1.141,0,0.0001344529737252,"2025-02-08T04:13:20.325822Z"
284,29921,"1","Flooded","2025-02-10T18:17:05.582078Z",268,"/data/local-files/?d=/share/XXXX-19/nexar_data/train_test_splits/flooding_train_test_split/test/inference_all/c320833a3b89540ffa480c81226fbb05.jpg","",4.976,1,0.9792444109916688,"2025-02-10T18:17:05.582099Z"
337,29913,"1","Not Flooded","2025-02-10T18:16:47.691990Z",269,"/data/local-files/?d=/share/XXXX-19/nexar_data/train_test_splits/flooding_train_test_split/test/inference_all/a5dd7cb282898fd38881f9472548233b.jpg","",1.037,1,0.948353111743927,"2025-02-10T18:16:47.692011Z"
269,29098,"1","Not Flooded","2025-02-08T04:07:00.453977Z",270,"/data/local-files/?d=/share/XXXX-19/nexar_data/train_test_splits/flooding_train_test_split/test/inference_all/7b17a0455129ba0ac081c1c4e5b049ca.jpg","",14.494,1,0.9172658324241638,"2025-02-08T04:07:00.453996Z"
385,29174,"1","Not Flooded","2025-02-08T04:09:52.622585Z",271,"/data/local-files/?d=/share/XXXX-19/nexar_data/train_test_splits/flooding_train_test_split/test/inference_all/2968be98f8122575bcb2ad64657b19e2.jpg","",4.117,1,0.9643464684486388,"2025-02-08T04:09:52.622612Z"
177,29153,"1","Not Flooded","2025-02-08T04:09:05.773870Z",272,"/data/local-files/?d=/share/XXXX-19/nexar_data/train_test_splits/flooding_train_test_split/test/inference_all/20dd8ecdc8f939a3d2d7762b12293e08.jpg","",1.097,0,1.430143925063021e-06,"2025-02-08T04:09:05.773897Z"
282,29106,"1","Not Flooded","2025-02-08T04:07:25.442265Z",273,"/data/local-files/?d=/share/XXXX-19/nexar_data/train_test_splits/flooding_train_test_split/test/inference_all/c142c72a1e45503c0c108aacfe54aa48.jpg","",8.167,1,0.959518551826477,"2025-02-08T04:07:25.442285Z"
312,29103,"1","Flooded","2025-02-08T04:07:11.075392Z",274,"/data/local-files/?d=/share/XXXX-19/nexar_data/train_test_splits/flooding_train_test_split/test/inference_all/a1b5b91246487d4bd8bf0614e6dd3793.jpg","",1.246,1,0.99998676776886,"2025-02-08T04:07:11.075412Z"
228,29897,"1","Flooded","2025-02-10T18:16:20.674355Z",275,"/data/local-files/?d=/share/XXXX-19/nexar_data/train_test_splits/flooding_train_test_split/test/inference_all/25f99bf1d3a8dd095d1dbff485c3c5b9.jpg","",2.08,1,0.9731338024139404,"2025-02-10T18:16:20.674376Z"
322,29187,"1","Flooded","2025-02-08T04:10:18.210436Z",276,"/data/local-files/?d=/share/XXXX-19/nexar_data/train_test_splits/flooding_train_test_split/test/inference_all/37fe22a4d611f6c8603d68339ec50f27.jpg","",1.133,1,0.9974810481071472,"2025-02-08T04:10:18.210456Z"
51,29094,"1","Not Flooded","2025-02-08T04:06:39.576964Z",277,"/data/local-files/?d=/share/XXXX-19/nexar_data/train_test_splits/flooding_train_test_split/test/inference_all/b956a3555991123bb2b1bb121120d953.jpg","",4.082,0,0.0008127898327074,"2025-02-08T04:06:39.576984Z"
39,29273,"1","Not Flooded","2025-02-08T04:13:18.748076Z",278,"/data/local-files/?d=/share/XXXX-19/nexar_data/train_test_splits/flooding_train_test_split/test/inference_all/2b282aa9d9601faaa3037f93376b67c3.jpg","",1.722,0,1.2085420166840777e-05,"2025-02-08T04:13:18.748096Z"
210,29922,"1","Flooded","2025-02-10T18:17:07.433030Z",279,"/data/local-files/?d=/share/XXXX-19/nexar_data/train_test_splits/flooding_train_test_split/test/inference_all/f9b8c273a6a45f7021ad1788b0184b29.jpg","",1.377,1,0.9549528956413268,"2025-02-10T18:17:07.433050Z"
146,29334,"1","Not Flooded","2025-02-09T16:40:30.361063Z",280,"/data/local-files/?d=/share/XXXX-19/nexar_data/train_test_splits/flooding_train_test_split/test/inference_all/53523b3d94ea4efc7e66fd1f08d4bc6c.jpg","",2.58,0,4.674616502597928e-05,"2025-02-09T16:40:30.361084Z"
136,29149,"1","Not Flooded","2025-02-08T04:08:58.941581Z",281,"/data/local-files/?d=/share/XXXX-19/nexar_data/train_test_splits/flooding_train_test_split/test/inference_all/75c4b22df9db18fe0f0205f92ff0282a.jpg","",1.157,0,0.0001988457370316,"2025-02-08T04:08:58.941609Z"
55,29104,"1","Not Flooded","2025-02-08T04:07:14.255251Z",282,"/data/local-files/?d=/share/XXXX-19/nexar_data/train_test_splits/flooding_train_test_split/test/inference_all/058e8fc34b59ec8218ad77487fd420b1.jpg","",2.718,0,2.0848112569638038e-07,"2025-02-08T04:07:14.255271Z"
119,29229,"1","Flooded","2025-02-08T04:11:54.029990Z",283,"/data/local-files/?d=/share/XXXX-19/nexar_data/train_test_splits/flooding_train_test_split/test/inference_all/ee5640dcccbfd6b8e8c1ce5adbaa80e6.jpg","",2.351,0,0.0238376446068286,"2025-02-08T04:11:54.030011Z"
330,29088,"1","Not Flooded","2025-02-08T04:06:26.912997Z",284,"/data/local-files/?d=/share/XXXX-19/nexar_data/train_test_splits/flooding_train_test_split/test/inference_all/fba7e8d25ffdffe786f911cf42833434.jpg","",1.461,1,0.9734143018722534,"2025-02-08T04:06:26.913017Z"
373,29911,"1","Not Flooded","2025-02-10T18:16:44.646629Z",285,"/data/local-files/?d=/share/XXXX-19/nexar_data/train_test_splits/flooding_train_test_split/test/inference_all/e1ab2ac6c94126b68f36bc5d5b1aa31e.jpg","",2.219,1,0.9950809478759766,"2025-02-10T18:16:44.646649Z"
356,29340,"1","Flooded","2025-02-09T16:41:58.889752Z",286,"/data/local-files/?d=/share/XXXX-19/nexar_data/train_test_splits/flooding_train_test_split/test/inference_all/8bccd86ac1fc917d5cf580c24d52be68.jpg","",1.641,1,0.9757896661758424,"2025-02-09T16:41:58.889772Z"
18,29242,"1","Not Flooded","2025-02-08T04:12:19.048466Z",287,"/data/local-files/?d=/share/XXXX-19/nexar_data/train_test_splits/flooding_train_test_split/test/inference_all/230057fcb91ab79539d71d4e1d789abf.jpg","",1.358,0,0.005260782316327,"2025-02-08T04:12:19.048486Z"
255,29395,"1","Not Flooded","2025-02-09T16:43:37.092698Z",288,"/data/local-files/?d=/share/XXXX-19/nexar_data/train_test_splits/flooding_train_test_split/test/inference_all/e294a0f420f5b95be6cb611e8284f506.jpg","",1.063,1,0.9172927141189576,"2025-02-09T16:43:37.092718Z"
259,29232,"1","Flooded","2025-02-08T04:12:00.388075Z",289,"/data/local-files/?d=/share/XXXX-19/nexar_data/train_test_splits/flooding_train_test_split/test/inference_all/d27649722ebcb140871459e1d875d54c.jpg","",1.454,1,0.9841499924659728,"2025-02-08T04:12:00.388096Z"
101,29357,"1","Not Flooded","2025-02-09T16:42:29.598366Z",290,"/data/local-files/?d=/share/XXXX-19/nexar_data/train_test_splits/flooding_train_test_split/test/inference_all/2bf15002ecf2ba78d0928477dcfaba69.jpg","",1.034,0,5.456054350361228e-05,"2025-02-09T16:42:29.598387Z"
273,29208,"1","Flooded","2025-02-08T04:11:14.729542Z",291,"/data/local-files/?d=/share/XXXX-19/nexar_data/train_test_splits/flooding_train_test_split/test/inference_all/17cb18bd8da90ce44ba89c4460a7e246.jpg","",1.311,1,0.999910831451416,"2025-02-08T04:11:14.729563Z"
331,29244,"1","Not Flooded","2025-02-08T04:12:22.605470Z",292,"/data/local-files/?d=/share/XXXX-19/nexar_data/train_test_splits/flooding_train_test_split/test/inference_all/6c3494ca0f123a8ca7cab22dfe5c5db8.jpg","",1.322,1,0.986887753009796,"2025-02-08T04:12:22.605490Z"
41,29237,"1","Not Flooded","2025-02-08T04:12:09.244871Z",293,"/data/local-files/?d=/share/XXXX-19/nexar_data/train_test_splits/flooding_train_test_split/test/inference_all/567085a0bcc11a214cf10791731fc44d.jpg","",1.698,0,0.0032667769119143,"2025-02-08T04:12:09.244892Z"
32,29885,"1","Not Flooded","2025-02-10T18:15:50.070969Z",294,"/data/local-files/?d=/share/XXXX-19/nexar_data/train_test_splits/flooding_train_test_split/test/inference_all/1a8569ca67c42e51c236a4f962c9a553.jpg","",1.856,0,0.1603390127420425,"2025-02-10T18:15:50.070995Z"
311,29938,"1","Flooded","2025-02-10T18:17:50.534211Z",295,"/data/local-files/?d=/share/XXXX-19/nexar_data/train_test_splits/flooding_train_test_split/test/inference_all/0ed7ff764d0a14a271ef26c9b023d478.jpg","",1.417,1,0.9997079968452454,"2025-02-10T18:17:50.534234Z"
190,29392,"1","Not Flooded","2025-02-09T16:43:32.326149Z",296,"/data/local-files/?d=/share/XXXX-19/nexar_data/train_test_splits/flooding_train_test_split/test/inference_all/6b970a18c7246a873c029f958a250b68.jpg","",1.017,0,0.005942350719124,"2025-02-09T16:43:32.326169Z"
220,29892,"1","Not Flooded","2025-02-10T18:16:03.601019Z",297,"/data/local-files/?d=/share/XXXX-19/nexar_data/train_test_splits/flooding_train_test_split/test/inference_all/0de1c2823678705b74ee838ce97c3cc1.jpg","",2.529,1,0.9194352030754088,"2025-02-10T18:16:03.601041Z"
281,29294,"1","Not Flooded","2025-02-09T16:37:35.383554Z",298,"/data/local-files/?d=/share/XXXX-19/nexar_data/train_test_splits/flooding_train_test_split/test/inference_all/4f5fe2b6c80e28b8cf4e727ffb9d6fe1.jpg","",4.5,1,0.9500917196273804,"2025-02-09T16:37:35.383575Z"
372,29887,"1","Flooded","2025-02-10T18:15:53.851757Z",299,"/data/local-files/?d=/share/XXXX-19/nexar_data/train_test_splits/flooding_train_test_split/test/inference_all/02b31804c0eace646f72e6bcfe31f0b3.jpg","",1.345,1,0.9999239444732666,"2025-02-10T18:15:53.851777Z"
187,29134,"1","Not Flooded","2025-02-08T04:08:31.476802Z",300,"/data/local-files/?d=/share/XXXX-19/nexar_data/train_test_splits/flooding_train_test_split/test/inference_all/8084e3e8b832812dc0f7a8f47d8cbf7f.jpg","",1.152,0,0.0030777042265981,"2025-02-08T04:08:31.476829Z"
44,29166,"1","Not Flooded","2025-02-08T04:09:32.673646Z",301,"/data/local-files/?d=/share/XXXX-19/nexar_data/train_test_splits/flooding_train_test_split/test/inference_all/ec680cf1f78e10badff4cfd2f9ae3628.jpg","",1.612,0,0.0003085780481342,"2025-02-08T04:09:32.673668Z"
84,29899,"1","Not Flooded","2025-02-10T18:16:25.152468Z",302,"/data/local-files/?d=/share/XXXX-19/nexar_data/train_test_splits/flooding_train_test_split/test/inference_all/fe8e8d00992a876a09db4fb84cca2cf4.jpg","",1.059,0,2.96602684102254e-05,"2025-02-10T18:16:25.152487Z"
332,29908,"1","Not Flooded","2025-02-10T18:16:38.616558Z",303,"/data/local-files/?d=/share/XXXX-19/nexar_data/train_test_splits/flooding_train_test_split/test/inference_all/692110d4403b0740ce1a8ad4fa3fcda5.jpg","",0.96,1,0.9726718664169312,"2025-02-10T18:16:38.616578Z"
323,29136,"1","Not Flooded","2025-02-08T04:08:34.892526Z",304,"/data/local-files/?d=/share/XXXX-19/nexar_data/train_test_splits/flooding_train_test_split/test/inference_all/fb31525adb6508f218767e79b080f21f.jpg","",1.32,1,0.9153544902801514,"2025-02-08T04:08:34.892546Z"
370,29886,"1","Not Flooded","2025-02-10T18:15:52.039883Z",305,"/data/local-files/?d=/share/XXXX-19/nexar_data/train_test_splits/flooding_train_test_split/test/inference_all/88127f814810a57dbdac5016265574e4.jpg","",1.497,1,0.8955368995666504,"2025-02-10T18:15:52.039905Z"
261,29284,"1","Not Flooded","2025-02-09T16:36:55.639800Z",306,"/data/local-files/?d=/share/XXXX-19/nexar_data/train_test_splits/flooding_train_test_split/test/inference_all/60d98fbfe69ddcc8f0c8378149c43c42.jpg","",3.316,1,0.9277392625808716,"2025-02-09T16:36:55.639823Z"
363,29957,"1","Flooded","2025-02-10T18:18:21.811788Z",307,"/data/local-files/?d=/share/XXXX-19/nexar_data/train_test_splits/flooding_train_test_split/test/inference_all/c98df0d0c749d96ad7ddbeacd0de18b3.jpg","",1.58,1,0.9637448787689208,"2025-02-10T18:18:21.811809Z"
62,29318,"1","Not Flooded","2025-02-09T16:39:25.990307Z",308,"/data/local-files/?d=/share/XXXX-19/nexar_data/train_test_splits/flooding_train_test_split/test/inference_all/625681edffaaf33b1a314c2110328086.jpg","",2.343,0,5.8034089533975937e-08,"2025-02-09T16:39:25.990326Z"
155,29940,"1","Not Flooded","2025-02-10T18:17:54.469649Z",309,"/data/local-files/?d=/share/XXXX-19/nexar_data/train_test_splits/flooding_train_test_split/test/inference_all/5a4ce9f7f5fff9bb5ec3e947969ea3eb.jpg","",1.845,0,0.007349694147706,"2025-02-10T18:17:54.469669Z"
276,29337,"1","Not Flooded","2025-02-09T16:41:53.595306Z",310,"/data/local-files/?d=/share/XXXX-19/nexar_data/train_test_splits/flooding_train_test_split/test/inference_all/16accb000903fb4306d2bfd1b75e8769.jpg","",77.311,1,0.9090330600738524,"2025-02-09T16:41:53.595327Z"
91,29114,"1","Not Flooded","2025-02-08T04:07:40.581027Z",311,"/data/local-files/?d=/share/XXXX-19/nexar_data/train_test_splits/flooding_train_test_split/test/inference_all/42dd6e439582d3f1cb308e0d3bc1a656.jpg","",1.141,0,0.0007616723305545,"2025-02-08T04:07:40.581047Z"
145,29889,"1","Not Flooded","2025-02-10T18:15:57.218648Z",312,"/data/local-files/?d=/share/XXXX-19/nexar_data/train_test_splits/flooding_train_test_split/test/inference_all/eb70b66053f1e1bff478f4fc5adf3a1b.jpg","",1.309,0,0.0025919368490576,"2025-02-10T18:15:57.218670Z"
246,29383,"1","Flooded","2025-02-09T16:43:13.447843Z",313,"/data/local-files/?d=/share/XXXX-19/nexar_data/train_test_splits/flooding_train_test_split/test/inference_all/ad0b3ae9d8ccc4746a6ae8ae0693c2ec.jpg","",1.571,1,0.9710264205932616,"2025-02-09T16:43:16.044199Z"
394,29350,"1","Not Flooded","2025-02-09T16:42:17.854134Z",314,"/data/local-files/?d=/share/XXXX-19/nexar_data/train_test_splits/flooding_train_test_split/test/inference_all/98de007fde81842faa3cea013b2dc681.jpg","",1.587,1,0.96656733751297,"2025-02-09T16:42:17.854153Z"
161,29342,"1","Not Flooded","2025-02-09T16:42:01.857640Z",315,"/data/local-files/?d=/share/XXXX-19/nexar_data/train_test_splits/flooding_train_test_split/test/inference_all/3777b2d0146563e8b21b202105f6798a.jpg","",0.917,0,1.0431573173264042e-05,"2025-02-09T16:42:01.857660Z"
367,29338,"1","Not Flooded","2025-02-09T16:41:55.428052Z",316,"/data/local-files/?d=/share/XXXX-19/nexar_data/train_test_splits/flooding_train_test_split/test/inference_all/ce85f097ab8e021f0a7a8868af8c82dc.jpg","",1.341,1,0.9996485710144044,"2025-02-09T16:41:55.428073Z"
165,29101,"1","Not Flooded","2025-02-08T04:07:07.327405Z",317,"/data/local-files/?d=/share/XXXX-19/nexar_data/train_test_splits/flooding_train_test_split/test/inference_all/f23727420234a97ff3d825b540526cee.jpg","",1.819,0,0.0003118080203421,"2025-02-08T04:07:07.327425Z"
133,29261,"1","Not Flooded","2025-02-08T04:12:56.112157Z",318,"/data/local-files/?d=/share/XXXX-19/nexar_data/train_test_splits/flooding_train_test_split/test/inference_all/0b96504023ca504dbb510fd1cbaded78.jpg","",1.249,0,4.596606231643818e-05,"2025-02-08T04:12:56.112178Z"
212,29241,"1","Not Flooded","2025-02-08T04:12:17.218377Z",319,"/data/local-files/?d=/share/XXXX-19/nexar_data/train_test_splits/flooding_train_test_split/test/inference_all/bc4462f1358b360ab9b925605fa211b0.jpg","",1.331,1,0.8920009732246399,"2025-02-08T04:12:17.218397Z"
112,29193,"1","Not Flooded","2025-02-08T04:10:29.844027Z",320,"/data/local-files/?d=/share/XXXX-19/nexar_data/train_test_splits/flooding_train_test_split/test/inference_all/ba9ab7d6edad5f9c437aa7d2d96314c8.jpg","",1.522,0,0.0012227543629705,"2025-02-08T04:10:29.844053Z"
262,29364,"1","Not Flooded","2025-02-09T16:42:42.475953Z",321,"/data/local-files/?d=/share/XXXX-19/nexar_data/train_test_splits/flooding_train_test_split/test/inference_all/90da77ba3b3ecb8ae51b86e3c855fe9c.jpg","",1.509,1,0.8805715441703796,"2025-02-09T16:42:42.475975Z"
218,29262,"1","Flooded","2025-02-08T04:12:57.927035Z",322,"/data/local-files/?d=/share/XXXX-19/nexar_data/train_test_splits/flooding_train_test_split/test/inference_all/fab206c859e4baa440240b0bbf3c2cdf.jpg","",1.376,1,0.9822689294815063,"2025-02-08T04:12:57.927055Z"
268,29165,"1","Not Flooded","2025-02-08T04:09:30.556034Z",323,"/data/local-files/?d=/share/XXXX-19/nexar_data/train_test_splits/flooding_train_test_split/test/inference_all/709b5c38f6d2fddd6ba2205484e2f202.jpg","",1.265,1,0.9823399186134338,"2025-02-08T04:09:30.556055Z"
258,29125,"1","Not Flooded","2025-02-08T04:08:14.222363Z",324,"/data/local-files/?d=/share/XXXX-19/nexar_data/train_test_splits/flooding_train_test_split/test/inference_all/c0321107adf657b617114f055e314cbe.jpg","",1.052,1,0.8946175575256348,"2025-02-08T04:08:14.222383Z"
154,29105,"1","Not Flooded","2025-02-08T04:07:16.790830Z",325,"/data/local-files/?d=/share/XXXX-19/nexar_data/train_test_splits/flooding_train_test_split/test/inference_all/6ea1b820859f9e2795586173a41c2a7b.jpg","",2.032,0,2.685796243895311e-05,"2025-02-08T04:07:16.790850Z"
186,29323,"1","Not Flooded","2025-02-09T16:39:43.350602Z",326,"/data/local-files/?d=/share/XXXX-19/nexar_data/train_test_splits/flooding_train_test_split/test/inference_all/755f37e72c14e4ed107264fcce2399f3.jpg","",2.17,0,0.0013219607062637,"2025-02-09T16:39:43.350622Z"
265,29396,"1","Not Flooded","2025-02-09T16:43:38.701696Z",327,"/data/local-files/?d=/share/XXXX-19/nexar_data/train_test_splits/flooding_train_test_split/test/inference_all/4865c3074305784905b3981ec8919c7d.jpg","",1.13,1,0.9872466325759888,"2025-02-09T16:43:38.701716Z"
392,29888,"1","Not Flooded","2025-02-10T18:15:55.443699Z",328,"/data/local-files/?d=/share/XXXX-19/nexar_data/train_test_splits/flooding_train_test_split/test/inference_all/87c7b1c996c3ebe27193f1cd02d2e53d.jpg","",1.127,1,0.9018172025680542,"2025-02-10T18:15:55.443719Z"
130,29243,"1","Not Flooded","2025-02-08T04:12:20.771054Z",329,"/data/local-files/?d=/share/XXXX-19/nexar_data/train_test_splits/flooding_train_test_split/test/inference_all/18f39b5f835ee6821974122cff9132db.jpg","",1.263,0,3.739038947969675e-05,"2025-02-08T04:12:20.771074Z"
24,29265,"1","Not Flooded","2025-02-08T04:13:02.998695Z",330,"/data/local-files/?d=/share/XXXX-19/nexar_data/train_test_splits/flooding_train_test_split/test/inference_all/f203ef17932dfb2eab2a62fad552b38c.jpg","",1.194,0,8.707795132067986e-06,"2025-02-08T04:13:02.998715Z"
56,29317,"1","Not Flooded","2025-02-09T16:39:23.182889Z",331,"/data/local-files/?d=/share/XXXX-19/nexar_data/train_test_splits/flooding_train_test_split/test/inference_all/d0039016d46e36621d421330241e0dba.jpg","",2.655,0,0.0001733136305119,"2025-02-09T16:39:23.182909Z"
116,29155,"1","Not Flooded","2025-02-08T04:09:09.100907Z",332,"/data/local-files/?d=/share/XXXX-19/nexar_data/train_test_splits/flooding_train_test_split/test/inference_all/cec8e380d4d9103597dbadeac92758e8.jpg","",1.163,0,7.158436346799135e-06,"2025-02-08T04:09:09.100934Z"
16,29194,"1","Not Flooded","2025-02-08T04:10:31.709033Z",333,"/data/local-files/?d=/share/XXXX-19/nexar_data/train_test_splits/flooding_train_test_split/test/inference_all/eebe7ea33088651448719a443e6cad2b.jpg","",1.314,0,5.316613624017919e-06,"2025-02-08T04:10:31.709060Z"
47,29140,"1","Not Flooded","2025-02-08T04:08:42.045299Z",334,"/data/local-files/?d=/share/XXXX-19/nexar_data/train_test_splits/flooding_train_test_split/test/inference_all/21d6d83b7671e4c93cd315e6b41f062c.jpg","",1.127,0,4.427368185133673e-05,"2025-02-08T04:08:42.045326Z"
141,29951,"1","Not Flooded","2025-02-10T18:18:10.658589Z",335,"/data/local-files/?d=/share/XXXX-19/nexar_data/train_test_splits/flooding_train_test_split/test/inference_all/d02d6827fdd8fb880e5e7510d677d02b.jpg","",1.045,0,0.0004633469507098,"2025-02-10T18:18:10.658609Z"
349,29185,"1","Flooded","2025-02-08T04:10:14.868393Z",336,"/data/local-files/?d=/share/XXXX-19/nexar_data/train_test_splits/flooding_train_test_split/test/inference_all/42ed66114a21cb53ae2d4c254e93fa98.jpg","",1.189,1,0.9964417815208436,"2025-02-08T04:10:14.868412Z"
85,29222,"1","Not Flooded","2025-02-08T04:11:40.187092Z",337,"/data/local-files/?d=/share/XXXX-19/nexar_data/train_test_splits/flooding_train_test_split/test/inference_all/c9abeb2a6bdf777ddfc6362164479505.jpg","",1.079,0,0.0001029145132633,"2025-02-08T04:11:40.187120Z"
278,29212,"1","Flooded","2025-02-08T04:11:22.221374Z",338,"/data/local-files/?d=/share/XXXX-19/nexar_data/train_test_splits/flooding_train_test_split/test/inference_all/2f4a4b72a7f9d9edc71d4f089dec0956.jpg","",2.172,1,0.9472035765647888,"2025-02-08T04:11:22.221403Z"
147,29260,"1","Not Flooded","2025-02-08T04:12:54.405895Z",339,"/data/local-files/?d=/share/XXXX-19/nexar_data/train_test_splits/flooding_train_test_split/test/inference_all/2038a8ba5b880af316bf3412626badc1.jpg","",1.177,0,0.0038555427454411,"2025-02-08T04:12:54.405916Z"
340,29923,"1","Not Flooded","2025-02-10T18:17:09.248817Z",340,"/data/local-files/?d=/share/XXXX-19/nexar_data/train_test_splits/flooding_train_test_split/test/inference_all/b1c5040ad350bc8c990a63a67d9fe36a.jpg","",1.348,1,0.9599767327308656,"2025-02-10T18:17:09.248836Z"
92,29113,"1","Not Flooded","2025-02-08T04:07:39.016037Z",341,"/data/local-files/?d=/share/XXXX-19/nexar_data/train_test_splits/flooding_train_test_split/test/inference_all/5416a6f3e87ff91f863aaf4f848548e9.jpg","",0.978,0,6.235130513232434e-06,"2025-02-08T04:07:39.016057Z"
144,29296,"1","Not Flooded","2025-02-09T16:37:45.777161Z",342,"/data/local-files/?d=/share/XXXX-19/nexar_data/train_test_splits/flooding_train_test_split/test/inference_all/ace22e432317a95d8fdec62e1fba346e.jpg","",2.955,0,0.0001111584642785,"2025-02-09T16:37:45.777182Z"
242,29301,"1","Not Flooded","2025-02-09T16:37:59.628877Z",343,"/data/local-files/?d=/share/XXXX-19/nexar_data/train_test_splits/flooding_train_test_split/test/inference_all/55955e4849acd1b55ae195df08c55719.jpg","",2.41,1,0.9445919990539552,"2025-02-09T16:37:59.628898Z"
171,29900,"1","Not Flooded","2025-02-10T18:16:26.556037Z",344,"/data/local-files/?d=/share/XXXX-19/nexar_data/train_test_splits/flooding_train_test_split/test/inference_all/efc0711e3a2dbd5640f0d28107816d26.jpg","",0.936,0,0.0016137979691848,"2025-02-10T18:16:26.556063Z"
245,29206,"1","Not Flooded","2025-02-08T04:11:11.241064Z",345,"/data/local-files/?d=/share/XXXX-19/nexar_data/train_test_splits/flooding_train_test_split/test/inference_all/d47b34f685bc19e1374ef29a36fb2c70.jpg","",1.064,1,0.9311830401420592,"2025-02-08T04:11:11.241084Z"
395,29303,"1","Not Flooded","2025-02-09T16:38:07.072091Z",346,"/data/local-files/?d=/share/XXXX-19/nexar_data/train_test_splits/flooding_train_test_split/test/inference_all/1014c471d3b9c937c0ceae556ab2d472.jpg","",4.449,1,0.8981903195381165,"2025-02-09T16:38:07.072112Z"
366,29352,"1","Not Flooded","2025-02-09T16:42:20.964355Z",347,"/data/local-files/?d=/share/XXXX-19/nexar_data/train_test_splits/flooding_train_test_split/test/inference_all/6b28046c91e4667d280e282fddbcef24.jpg","",1.029,1,0.9966602325439452,"2025-02-09T16:42:20.964375Z"
163,29275,"1","Not Flooded","2025-02-08T04:13:21.923510Z",348,"/data/local-files/?d=/share/XXXX-19/nexar_data/train_test_splits/flooding_train_test_split/test/inference_all/e97293212588a30e7164c31520960c15.jpg","",1.084,0,0.0002928081084974,"2025-02-08T04:13:21.923530Z"
288,29310,"1","Flooded","2025-02-09T16:38:38.363850Z",349,"/data/local-files/?d=/share/XXXX-19/nexar_data/train_test_splits/flooding_train_test_split/test/inference_all/f7245fe92e868e4382559ea9d81dde58.jpg","",3.615,1,0.9662197828292848,"2025-02-09T16:38:38.363871Z"
172,29379,"1","Not Flooded","2025-02-09T16:43:07.964323Z",350,"/data/local-files/?d=/share/XXXX-19/nexar_data/train_test_splits/flooding_train_test_split/test/inference_all/1ffd2c28fb9942093038b45d60826644.jpg","",1.502,0,5.769157269241987e-06,"2025-02-09T16:43:07.964343Z"
117,29906,"1","Not Flooded","2025-02-10T18:16:35.790890Z",351,"/data/local-files/?d=/share/XXXX-19/nexar_data/train_test_splits/flooding_train_test_split/test/inference_all/47c82d1fdd6927a756c01bffd14bf7b7.jpg","",0.924,0,4.798251393367536e-05,"2025-02-10T18:16:35.790914Z"
315,29156,"1","Not Flooded","2025-02-08T04:09:10.655502Z",352,"/data/local-files/?d=/share/XXXX-19/nexar_data/train_test_splits/flooding_train_test_split/test/inference_all/e74646bc6d3cf346fc3f21ce310f5dc7.jpg","",1.064,1,0.9926881790161132,"2025-02-08T04:09:10.655528Z"
19,29128,"1","Not Flooded","2025-02-08T04:08:21.566887Z",353,"/data/local-files/?d=/share/XXXX-19/nexar_data/train_test_splits/flooding_train_test_split/test/inference_all/09e373dbaafca89828962f09a7fd7b93.jpg","",1.24,0,6.421404918910412e-07,"2025-02-08T04:08:21.566908Z"
54,29138,"1","Not Flooded","2025-02-08T04:08:38.871659Z",354,"/data/local-files/?d=/share/XXXX-19/nexar_data/train_test_splits/flooding_train_test_split/test/inference_all/a6d3887d0ef97e88ea34fa0081dfebb2.jpg","",1.926,0,9.07742742128903e-06,"2025-02-08T04:08:38.871679Z"
293,29225,"1","Flooded","2025-02-08T04:11:45.771353Z",355,"/data/local-files/?d=/share/XXXX-19/nexar_data/train_test_splits/flooding_train_test_split/test/inference_all/5fbeedcddc6a197c8a75fa40e25d8610.jpg","",1.191,1,0.9999969005584716,"2025-02-08T04:11:45.771380Z"
247,29152,"1","Not Flooded","2025-02-08T04:09:04.162263Z",356,"/data/local-files/?d=/share/XXXX-19/nexar_data/train_test_splits/flooding_train_test_split/test/inference_all/c016850abafb6e4489b5f9dd1e177ade.jpg","",1.147,1,0.9321987628936768,"2025-02-08T04:09:04.162289Z"
302,29267,"1","Not Flooded","2025-02-08T04:13:06.467373Z",357,"/data/local-files/?d=/share/XXXX-19/nexar_data/train_test_splits/flooding_train_test_split/test/inference_all/305ab8e69d29eeb0d337ceb568f2e80c.jpg","",1.225,1,0.974049985408783,"2025-02-08T04:13:06.467394Z"
21,29142,"1","Not Flooded","2025-02-08T04:08:45.068679Z",358,"/data/local-files/?d=/share/XXXX-19/nexar_data/train_test_splits/flooding_train_test_split/test/inference_all/470792fdaab32112158ad8c689065e4c.jpg","",0.953,0,0.0047491085715591,"2025-02-08T04:08:45.068706Z"
2,29195,"1","Not Flooded","2025-02-08T04:10:33.433120Z",359,"/data/local-files/?d=/share/XXXX-19/nexar_data/train_test_splits/flooding_train_test_split/test/inference_all/26175a8975215de981a6dbf9979cf09f.jpg","",1.216,0,6.783076969441026e-05,"2025-02-08T04:10:33.433148Z"
338,29084,"1","Not Flooded","2025-02-08T04:06:06.042652Z",360,"/data/local-files/?d=/share/XXXX-19/nexar_data/train_test_splits/flooding_train_test_split/test/inference_all/21017079d5fa8f6f6028f86dd4cd9a21.jpg","",18.508,1,0.9589663743972778,"2025-02-08T04:06:10.646260Z"
313,29901,"1","Not Flooded","2025-02-10T18:16:28.028061Z",361,"/data/local-files/?d=/share/XXXX-19/nexar_data/train_test_splits/flooding_train_test_split/test/inference_all/cfc76462240d2ee9772ca78744eee969.jpg","",1.0,1,0.8813360929489136,"2025-02-10T18:16:28.028081Z"
204,29307,"1","Not Flooded","2025-02-09T16:38:28.840939Z",362,"/data/local-files/?d=/share/XXXX-19/nexar_data/train_test_splits/flooding_train_test_split/test/inference_all/7fdecf0e2e6a2ef88007e2698e8617c3.jpg","",12.215,1,0.9019457697868348,"2025-02-09T16:38:28.840959Z"
227,29304,"1","Not Flooded","2025-02-09T16:38:09.937399Z",363,"/data/local-files/?d=/share/XXXX-19/nexar_data/train_test_splits/flooding_train_test_split/test/inference_all/88dd7349acf6e3c4d04e9b2dc52d2e1a.jpg","",2.404,1,0.98675936460495,"2025-02-09T16:38:09.937420Z"
158,29952,"1","Not Flooded","2025-02-10T18:18:12.083337Z",364,"/data/local-files/?d=/share/XXXX-19/nexar_data/train_test_splits/flooding_train_test_split/test/inference_all/1f5aab99a1bdb63e7d382699e6567dd5.jpg","",0.953,0,9.69996904132131e-07,"2025-02-10T18:18:12.083358Z"
109,29903,"1","Not Flooded","2025-02-10T18:16:30.815987Z",365,"/data/local-files/?d=/share/XXXX-19/nexar_data/train_test_splits/flooding_train_test_split/test/inference_all/15d360edaafa8b952260f1acf362e901.jpg","",0.956,0,2.5925666705006734e-05,"2025-02-10T18:16:30.816008Z"
378,29336,"1","Flooded","2025-02-09T16:40:35.820236Z",366,"/data/local-files/?d=/share/XXXX-19/nexar_data/train_test_splits/flooding_train_test_split/test/inference_all/76d0ac99b002eb9fbc5d9458a6ec3571.jpg","",2.267,1,0.99273419380188,"2025-02-09T16:40:35.820257Z"
131,29123,"1","Not Flooded","2025-02-08T04:08:11.128319Z",367,"/data/local-files/?d=/share/XXXX-19/nexar_data/train_test_splits/flooding_train_test_split/test/inference_all/545a3b3269e40233023adf683d5cca38.jpg","",1.357,0,5.034770219936036e-05,"2025-02-08T04:08:11.128347Z"
95,29331,"1","Not Flooded","2025-02-09T16:40:21.415623Z",368,"/data/local-files/?d=/share/XXXX-19/nexar_data/train_test_splits/flooding_train_test_split/test/inference_all/b01d02159a83a0c8f79507d4b7701c54.jpg","",2.549,0,6.673736152151832e-06,"2025-02-09T16:40:21.415643Z"
50,29137,"1","Not Flooded","2025-02-08T04:08:36.479795Z",369,"/data/local-files/?d=/share/XXXX-19/nexar_data/train_test_splits/flooding_train_test_split/test/inference_all/e488fd7c202550174874875eae44f777.jpg","",1.08,0,1.9202880139346235e-06,"2025-02-08T04:08:36.479822Z"
181,29176,"1","Not Flooded","2025-02-08T04:09:56.070632Z",370,"/data/local-files/?d=/share/XXXX-19/nexar_data/train_test_splits/flooding_train_test_split/test/inference_all/0875cf2277e6a4b2651d56405c280af5.jpg","",1.273,0,3.744645437109284e-05,"2025-02-08T04:09:56.070659Z"
11,29928,"1","Not Flooded","2025-02-10T18:17:21.367700Z",371,"/data/local-files/?d=/share/XXXX-19/nexar_data/train_test_splits/flooding_train_test_split/test/inference_all/c21b5e66602d508ada4a825eccdd576f.jpg","",1.053,0,0.0002201144961873,"2025-02-10T18:17:21.367724Z"
67,29280,"1","Not Flooded","2025-02-08T04:13:30.366730Z",372,"/data/local-files/?d=/share/XXXX-19/nexar_data/train_test_splits/flooding_train_test_split/test/inference_all/d9729a521f9e90d19c97bd0de2f210a2.jpg","",1.149,0,0.0017655174015089,"2025-02-08T04:13:30.366750Z"
132,29190,"1","Not Flooded","2025-02-08T04:10:24.255583Z",373,"/data/local-files/?d=/share/XXXX-19/nexar_data/train_test_splits/flooding_train_test_split/test/inference_all/1c354fa9710075154822db099ca8f1aa.jpg","",1.348,0,1.6042291463236324e-05,"2025-02-08T04:10:24.255610Z"
224,29203,"1","Not Flooded","2025-02-08T04:11:04.184807Z",374,"/data/local-files/?d=/share/XXXX-19/nexar_data/train_test_splits/flooding_train_test_split/test/inference_all/6d801899792466796934ad8f07a04f99.jpg","",1.363,1,0.8876148462295532,"2025-02-08T04:11:04.184835Z"
369,29311,"1","Flooded","2025-02-09T16:38:49.062562Z",375,"/data/local-files/?d=/share/XXXX-19/nexar_data/train_test_splits/flooding_train_test_split/test/inference_all/816cec3ae4220ac422e9944af614f7f3.jpg","",10.234,1,0.978154480457306,"2025-02-09T16:38:49.062583Z"
63,29099,"1","Not Flooded","2025-02-08T04:07:03.052965Z",376,"/data/local-files/?d=/share/XXXX-19/nexar_data/train_test_splits/flooding_train_test_split/test/inference_all/a0ca46b57324ffc84e4ff55ddd49edf1.jpg","",1.869,0,0.000629175803624,"2025-02-08T04:07:03.052986Z"
120,29259,"1","Not Flooded","2025-02-08T04:12:52.780030Z",377,"/data/local-files/?d=/share/XXXX-19/nexar_data/train_test_splits/flooding_train_test_split/test/inference_all/95eb4b87206389851c324424a8621259.jpg","",1.054,0,0.0002377372438786,"2025-02-08T04:12:52.780050Z"
17,29228,"1","Not Flooded","2025-02-08T04:11:51.234078Z",378,"/data/local-files/?d=/share/XXXX-19/nexar_data/train_test_splits/flooding_train_test_split/test/inference_all/59eb1345e4c2d198291a5244c8ebc654.jpg","",1.511,0,5.195038102101535e-05,"2025-02-08T04:11:51.234097Z"
334,29129,"1","Not Flooded","2025-02-08T04:08:23.071664Z",379,"/data/local-files/?d=/share/XXXX-19/nexar_data/train_test_splits/flooding_train_test_split/test/inference_all/e4154c224010d38da79d04b1885c5c07.jpg","",1.076,1,0.8771765828132629,"2025-02-08T04:08:23.071684Z"
159,29314,"1","Not Flooded","2025-02-09T16:39:13.662244Z",380,"/data/local-files/?d=/share/XXXX-19/nexar_data/train_test_splits/flooding_train_test_split/test/inference_all/b4dc81151272a2853c98de36348971e5.jpg","",2.34,0,0.0001352901745121,"2025-02-09T16:39:13.662265Z"
118,29362,"1","Not Flooded","2025-02-09T16:42:38.671502Z",381,"/data/local-files/?d=/share/XXXX-19/nexar_data/train_test_splits/flooding_train_test_split/test/inference_all/12f54a668ca028241dae85fe7f3839c3.jpg","",1.406,0,0.1900724917650222,"2025-02-09T16:42:38.671521Z"
1,29399,"1","Not Flooded","2025-02-09T16:43:43.143019Z",382,"/data/local-files/?d=/share/XXXX-19/nexar_data/train_test_splits/flooding_train_test_split/test/inference_all/58c1659c758f72775a6c3f74085282f7.jpg","",1.274,0,0.0001849708787631,"2025-02-09T16:43:43.143039Z"
156,29893,"1","Not Flooded","2025-02-10T18:16:10.882474Z",383,"/data/local-files/?d=/share/XXXX-19/nexar_data/train_test_splits/flooding_train_test_split/test/inference_all/81a318caab8c86a963361a7cb68408d9.jpg","",6.815,0,0.0001876803435152,"2025-02-10T18:16:10.882493Z"
350,29943,"1","Not Flooded","2025-02-10T18:17:58.976201Z",384,"/data/local-files/?d=/share/XXXX-19/nexar_data/train_test_splits/flooding_train_test_split/test/inference_all/9e8f15510cb3927be4a31e65d4212955.jpg","",1.153,1,0.9792511463165284,"2025-02-10T18:17:58.976223Z"
249,29224,"1","Flooded","2025-02-08T04:11:44.022804Z",385,"/data/local-files/?d=/share/XXXX-19/nexar_data/train_test_splits/flooding_train_test_split/test/inference_all/d782c0821d2441f6ce96889864a7f5c1.jpg","",1.65,1,0.8791758418083191,"2025-02-08T04:11:44.022831Z"
152,29948,"1","Not Flooded","2025-02-10T18:18:06.443158Z",386,"/data/local-files/?d=/share/XXXX-19/nexar_data/train_test_splits/flooding_train_test_split/test/inference_all/46990ec4aee41a9825dd72b36cb387b1.jpg","",0.988,0,0.0022825121413916,"2025-02-10T18:18:06.443177Z"
33,29382,"1","Not Flooded","2025-02-09T16:43:12.229026Z",387,"/data/local-files/?d=/share/XXXX-19/nexar_data/train_test_splits/flooding_train_test_split/test/inference_all/bd8129391e8f76f9e401548433ee2aef.jpg","",0.832,0,1.361739577987464e-06,"2025-02-09T16:43:12.229046Z"
103,29191,"1","Not Flooded","2025-02-08T04:10:25.950342Z",388,"/data/local-files/?d=/share/XXXX-19/nexar_data/train_test_splits/flooding_train_test_split/test/inference_all/12f30f7e6df6d4221e4dce5002e00b19.jpg","",1.202,0,0.002114278730005,"2025-02-08T04:10:25.950370Z"
250,29891,"1","Flooded","2025-02-10T18:16:00.606560Z",389,"/data/local-files/?d=/share/XXXX-19/nexar_data/train_test_splits/flooding_train_test_split/test/inference_all/42a1456fbf65c8261539997b92135511.jpg","",1.173,1,0.9999065399169922,"2025-02-10T18:16:00.606581Z"
263,29221,"1","Flooded","2025-02-08T04:11:38.616615Z",390,"/data/local-files/?d=/share/XXXX-19/nexar_data/train_test_splits/flooding_train_test_split/test/inference_all/e5eddab9862afa082493b4fc8167fe0e.jpg","",1.212,1,0.9276129603385924,"2025-02-08T04:11:38.616643Z"
257,29389,"1","Not Flooded","2025-02-09T16:43:27.565196Z",391,"/data/local-files/?d=/share/XXXX-19/nexar_data/train_test_splits/flooding_train_test_split/test/inference_all/ba933bb3ce874437f60bae411973537f.jpg","",1.051,1,0.9507068991661072,"2025-02-09T16:43:27.565216Z"
94,29408,"1","Not Flooded","2025-02-09T16:43:57.854830Z",392,"/data/local-files/?d=/share/XXXX-19/nexar_data/train_test_splits/flooding_train_test_split/test/inference_all/809cfc14e70a8ef830140af14e97ed7f.jpg","",1.133,0,0.0208491440862417,"2025-02-09T16:43:57.854850Z"
37,29409,"1","Not Flooded","2025-02-09T16:43:59.330835Z",393,"/data/local-files/?d=/share/XXXX-19/nexar_data/train_test_splits/flooding_train_test_split/test/inference_all/d24636d1c04c144657a770cee8fc7de5.jpg","",1.003,0,0.0061059892177581,"2025-02-09T16:43:59.330855Z"
180,29341,"1","Not Flooded","2025-02-09T16:42:00.475263Z",394,"/data/local-files/?d=/share/XXXX-19/nexar_data/train_test_splits/flooding_train_test_split/test/inference_all/0248d1c81fbed17511479f8e233e676e.jpg","",1.123,0,3.596968326746719e-06,"2025-02-09T16:42:00.475284Z"
149,29112,"1","Not Flooded","2025-02-08T04:07:37.619407Z",395,"/data/local-files/?d=/share/XXXX-19/nexar_data/train_test_splits/flooding_train_test_split/test/inference_all/16c0e2ef657a702d30e0b6647862735a.jpg","",1.348,0,1.0256399946229068e-05,"2025-02-08T04:07:37.619426Z"
324,29289,"1","Flooded","2025-02-09T16:37:14.769066Z",396,"/data/local-files/?d=/share/XXXX-19/nexar_data/train_test_splits/flooding_train_test_split/test/inference_all/546a06bcf9747f3f5868098d88b17141.jpg","",2.189,1,0.999416708946228,"2025-02-09T16:37:14.769087Z"
398,29322,"1","Not Flooded","2025-02-09T16:39:40.720597Z",397,"/data/local-files/?d=/share/XXXX-19/nexar_data/train_test_splits/flooding_train_test_split/test/inference_all/531d34e7650c872c7b62d2691898eae9.jpg","",2.81,1,0.915503740310669,"2025-02-09T16:39:40.720618Z"
106,29091,"1","Not Flooded","2025-02-08T04:06:31.885677Z",398,"/data/local-files/?d=/share/XXXX-19/nexar_data/train_test_splits/flooding_train_test_split/test/inference_all/c2755a6122b9c239243609d4b6bb6a6c.jpg","",1.241,0,9.6857562311925e-05,"2025-02-08T04:06:31.885697Z"
13,29276,"1","Not Flooded","2025-02-08T04:13:23.451920Z",399,"/data/local-files/?d=/share/XXXX-19/nexar_data/train_test_splits/flooding_train_test_split/test/inference_all/cd2b93d7f479f03bfb9e4b3af98bf276.jpg","",1.079,0,0.0015086532803252,"2025-02-08T04:13:23.451940Z"
44,29961,"1","Not Flooded","2025-02-10T18:38:59.181866Z",0,"/data/local-files/?d=/scratch/datasets/final_set/val/drivable/12b17ba36e581c666e217248c1b38c28.jpg","",1.062,0,3.608383485698141e-05,"2025-02-10T18:38:59.181886Z"
71,29968,"1","Flooded","2025-02-10T18:39:10.800908Z",1,"/data/local-files/?d=/scratch/datasets/final_set/val/flooded/6a7cca241aa3bb5df41c6ac5938282da.jpg","",1.44,1,0.9442246556282043,"2025-02-10T18:39:10.800929Z"
45,30034,"1","Not Flooded","2025-02-10T18:41:07.594538Z",2,"/data/local-files/?d=/scratch/datasets/final_set/val/drivable/e4841753a7e935254d7d464710f515be.jpg","",0.808,0,9.131433671427658e-07,"2025-02-10T18:41:07.594557Z"
87,30038,"1","Flooded","2025-02-10T18:41:13.644265Z",3,"/data/local-files/?d=/scratch/datasets/final_set/val/drivable/8ac49791d8a358ed4dc33bf44814f235.jpg","",1.055,1,0.9996564388275146,"2025-02-10T18:41:13.644285Z"
23,30033,"1","Not Flooded","2025-02-10T18:41:06.306701Z",4,"/data/local-files/?d=/scratch/datasets/final_set/val/drivable/7a80bcb0132f9085fb6e01d836b605b1.jpg","",0.912,0,2.865164390186692e-07,"2025-02-10T18:41:06.306722Z"
5,30016,"1","Not Flooded","2025-02-10T18:40:38.974594Z",5,"/data/local-files/?d=/scratch/datasets/final_set/val/drivable/f4ca7a227836b05b2e52b5c59ebc9cb6.jpg","",1.051,0,0.000203670351766,"2025-02-10T18:40:38.974617Z"
47,29970,"1","Not Flooded","2025-02-10T18:39:14.076562Z",6,"/data/local-files/?d=/scratch/datasets/final_set/val/drivable/d0157e69e634e496101eae57051fbe13.jpg","",1.164,0,0.0015954716363921,"2025-02-10T18:39:14.076582Z"
39,29987,"1","Not Flooded","2025-02-10T18:39:47.237372Z",7,"/data/local-files/?d=/scratch/datasets/final_set/val/drivable/f6e77965a22a0045b469e933268888c1.jpg","",0.911,0,1.3072810816083802e-06,"2025-02-10T18:39:47.237392Z"
8,29973,"1","Not Flooded","2025-02-10T18:39:18.650239Z",8,"/data/local-files/?d=/scratch/datasets/final_set/val/drivable/d8f426fa28799de96b2dbb8403222449.jpg","",1.067,0,0.0008600503788329,"2025-02-10T18:39:18.650262Z"
38,30050,"1","Not Flooded","2025-02-10T18:41:32.790512Z",9,"/data/local-files/?d=/scratch/datasets/final_set/val/drivable/3e28c1005df3d36535a2df7af1ee9e07.jpg","",0.888,0,0.0036961406003683,"2025-02-10T18:41:32.790532Z"
77,29976,"1","Not Flooded","2025-02-10T18:39:23.467908Z",10,"/data/local-files/?d=/scratch/datasets/final_set/val/drivable/f4c69407fd3df26dcf64e301757ad083.jpg","",1.205,1,0.9629247784614564,"2025-02-10T18:39:23.467930Z"
50,29959,"1","Flooded","2025-02-10T18:38:54.124014Z",11,"/data/local-files/?d=/scratch/datasets/final_set/val/flooded/fd627b7ba493af2f20fad6e15d4aaaa2.jpg","",1.964,1,0.9999991655349731,"2025-02-10T18:38:54.124035Z"
89,29989,"1","Not Flooded","2025-02-10T18:39:50.602247Z",12,"/data/local-files/?d=/scratch/datasets/final_set/val/drivable/aa257ae5551b99572e36c76bdad28887.jpg","",1.279,1,0.9756796956062316,"2025-02-10T18:39:50.602271Z"
61,29969,"1","Flooded","2025-02-10T18:39:12.447072Z",13,"/data/local-files/?d=/scratch/datasets/final_set/val/flooded/52d6afd2c14583b76730d3dde90214d5.jpg","",1.169,1,0.9993675351142884,"2025-02-10T18:39:12.447092Z"
68,29960,"1","Flooded","2025-02-10T18:38:57.658595Z",14,"/data/local-files/?d=/scratch/datasets/final_set/val/drivable/84bbb2c4fc0c9972e2df28dae423e6a5.jpg","",3.067,1,0.9985028505325316,"2025-02-10T18:38:57.658615Z"
53,29972,"1","Flooded","2025-02-10T18:39:17.108597Z",15,"/data/local-files/?d=/scratch/datasets/final_set/val/drivable/42fc611456939ae09dcf4d3cebcd5e48.jpg","",1.065,1,0.9999977350234984,"2025-02-10T18:39:17.108616Z"
95,29988,"1","Not Flooded","2025-02-10T18:39:48.617728Z",16,"/data/local-files/?d=/scratch/datasets/final_set/val/drivable/5416e2f47714f668ddc18e6ae54b1cb0.jpg","",0.908,1,0.9946445226669312,"2025-02-10T18:39:48.617752Z"
37,29986,"1","Not Flooded","2025-02-10T18:39:45.869306Z",17,"/data/local-files/?d=/scratch/datasets/final_set/val/drivable/793def953b9fdd9764c6d9de911997ba.jpg","",0.917,0,7.916061440482736e-05,"2025-02-10T18:39:45.869325Z"
55,29993,"1","Not Flooded","2025-02-10T18:39:57.800827Z",18,"/data/local-files/?d=/scratch/datasets/final_set/val/drivable/99153f79270a2ebeef92e0a652bb08d3.jpg","",1.597,1,0.9122297763824464,"2025-02-10T18:39:57.800851Z"
25,30006,"1","Not Flooded","2025-02-10T18:40:22.277032Z",19,"/data/local-files/?d=/scratch/datasets/final_set/val/drivable/51cc6ca7fb575984f285c5d5ba9e82a9.jpg","",1.051,0,1.1677067050186452e-05,"2025-02-10T18:40:22.277052Z"
22,29974,"1","Not Flooded","2025-02-10T18:39:20.103679Z",20,"/data/local-files/?d=/scratch/datasets/final_set/val/drivable/c498631034eb4468c3c2798c4d99670a.jpg","",0.979,0,8.302892820211127e-05,"2025-02-10T18:39:20.103698Z"
59,29981,"1","Flooded","2025-02-10T18:39:38.088760Z",21,"/data/local-files/?d=/scratch/datasets/final_set/val/flooded/778e09c8083c7e6ab77038528f07732b.jpg","",1.021,1,0.9316062331199646,"2025-02-10T18:39:38.088780Z"
11,30011,"1","Not Flooded","2025-02-10T18:40:30.156239Z",22,"/data/local-files/?d=/scratch/datasets/final_set/val/drivable/80146813a9beb357856f9907a60377aa.jpg","",1.02,0,0.0004397008160594,"2025-02-10T18:40:30.156259Z"
84,30005,"1","Flooded","2025-02-10T18:40:20.753823Z",23,"/data/local-files/?d=/scratch/datasets/final_set/val/flooded/b548c8cd4fc40e055e084430dab805c3.jpg","",1.212,1,0.9880111813545228,"2025-02-10T18:40:20.753842Z"
30,29978,"1","Not Flooded","2025-02-10T18:39:27.499480Z",24,"/data/local-files/?d=/scratch/datasets/final_set/val/drivable/429519a47f668289ffeb0d409d9328c3.jpg","",0.948,0,1.4860933106319862e-07,"2025-02-10T18:39:27.499499Z"
85,30049,"1","Not Flooded","2025-02-10T18:41:31.427509Z",25,"/data/local-files/?d=/scratch/datasets/final_set/val/drivable/a238de1dde063ee6f1e3a9c96eb073b4.jpg","",1.099,1,0.984442174434662,"2025-02-10T18:41:31.427532Z"
18,30031,"1","Not Flooded","2025-02-10T18:41:03.516778Z",26,"/data/local-files/?d=/scratch/datasets/final_set/val/drivable/7ce3f658d23f45dfb796226877676570.jpg","",0.932,0,5.053709173807874e-06,"2025-02-10T18:41:03.516798Z"
86,30036,"1","Not Flooded","2025-02-10T18:41:10.577336Z",27,"/data/local-files/?d=/scratch/datasets/final_set/val/drivable/71cdb23ad76ea84d812a5ba5bcd2178e.jpg","",1.06,1,0.9061112999916076,"2025-02-10T18:41:10.577356Z"
6,30040,"1","Not Flooded","2025-02-10T18:41:16.603277Z",28,"/data/local-files/?d=/scratch/datasets/final_set/val/drivable/af403b61104423282004d7dd5d7b1e0a.jpg","",0.986,0,8.905569848138839e-05,"2025-02-10T18:41:16.603297Z"
74,29995,"1","Flooded","2025-02-10T18:40:01.851906Z",29,"/data/local-files/?d=/scratch/datasets/final_set/val/drivable/3bab5b388f3478202f80ff5f7739c77c.jpg","",1.338,1,0.990409255027771,"2025-02-10T18:40:01.851926Z"
76,29964,"1","Flooded","2025-02-10T18:39:04.156676Z",30,"/data/local-files/?d=/scratch/datasets/final_set/val/flooded/80374b169f9ac4532de5f92a6b1b8358.jpg","",1.121,1,0.9129547476768494,"2025-02-10T18:39:04.156697Z"
98,29999,"1","Not Flooded","2025-02-10T18:40:09.738369Z",31,"/data/local-files/?d=/scratch/datasets/final_set/val/drivable/252a58c5759575dfdc83f64e8e9c2cec.jpg","",2.401,1,0.9792301058769226,"2025-02-10T18:40:09.738389Z"
54,30014,"1","Not Flooded","2025-02-10T18:40:35.524853Z",32,"/data/local-files/?d=/scratch/datasets/final_set/val/drivable/9f0944ce48e1c9b8af0f794105b8286f.jpg","",1.669,1,0.8742704391479492,"2025-02-10T18:40:35.524873Z"
92,29983,"1","Flooded","2025-02-10T18:39:41.059750Z",33,"/data/local-files/?d=/scratch/datasets/final_set/val/drivable/0b042b74064bee127130abcd5ed42e95.jpg","",1.074,1,0.9008319973945618,"2025-02-10T18:39:41.059770Z"
99,30057,"1","Flooded","2025-02-10T18:41:48.980592Z",34,"/data/local-files/?d=/scratch/datasets/final_set/val/flooded/3a8d681773328eae21168023343dd5d7.jpg","",0.919,1,0.9996942281723022,"2025-02-10T18:41:48.980612Z"
67,30015,"1","Flooded","2025-02-10T18:40:37.464701Z",35,"/data/local-files/?d=/scratch/datasets/final_set/val/flooded/923b9fb030d280ba010e90d91557b1c0.jpg","",1.471,1,0.9793478846549988,"2025-02-10T18:40:37.464721Z"
56,30007,"1","Flooded","2025-02-10T18:40:23.951072Z",36,"/data/local-files/?d=/scratch/datasets/final_set/val/flooded/e51732c3dab19ccd859f38a6795b65cb.jpg","",1.198,1,0.9997649788856506,"2025-02-10T18:40:23.951091Z"
32,29984,"1","Not Flooded","2025-02-10T18:39:42.960672Z",37,"/data/local-files/?d=/scratch/datasets/final_set/val/drivable/f11e0d00c2206d3642b70b508cd67fbc.jpg","",1.442,0,2.259040229546372e-05,"2025-02-10T18:39:42.960692Z"
10,30048,"1","Not Flooded","2025-02-10T18:41:29.851501Z",38,"/data/local-files/?d=/scratch/datasets/final_set/val/drivable/231fbb64a9726d6126b7897504374345.jpg","",1.168,0,0.0002885250141844,"2025-02-10T18:41:29.851520Z"
83,30003,"1","Flooded","2025-02-10T18:40:16.673882Z",39,"/data/local-files/?d=/scratch/datasets/final_set/val/flooded/a30344e782fe6af4bab707aafeb96ba4.jpg","",1.254,1,0.983043372631073,"2025-02-10T18:40:16.673901Z"
90,29975,"1","Not Flooded","2025-02-10T18:39:21.786772Z",40,"/data/local-files/?d=/scratch/datasets/final_set/val/drivable/6e3bb9651979be52ec654ebe60bb9f76.jpg","",1.213,1,0.8942022919654846,"2025-02-10T18:39:21.786795Z"
49,30018,"1","Not Flooded","2025-02-10T18:40:41.786615Z",41,"/data/local-files/?d=/scratch/datasets/final_set/val/drivable/b5ac15e3d394dd810b7221d9f75b4ad6.jpg","",0.91,0,0.0006077685975469,"2025-02-10T18:40:41.786638Z"
58,29966,"1","Not Flooded","2025-02-10T18:39:07.434868Z",42,"/data/local-files/?d=/scratch/datasets/final_set/val/drivable/1cb5a8912d96dc90c1e1837c72bce992.jpg","",1.144,1,0.8872307538986206,"2025-02-10T18:39:07.434892Z"
73,30008,"1","Flooded","2025-02-10T18:40:25.718237Z",43,"/data/local-files/?d=/scratch/datasets/final_set/val/drivable/e78771f5a2c142ce168c88c806e52695.jpg","",1.298,1,0.998658299446106,"2025-02-10T18:40:25.718257Z"
7,29990,"1","Not Flooded","2025-02-10T18:39:52.164105Z",44,"/data/local-files/?d=/scratch/datasets/final_set/val/drivable/131154c3077af857e92b3033ae36fc3e.jpg","",1.088,0,6.5824624471133575e-06,"2025-02-10T18:39:52.164125Z"
78,30058,"1","Flooded","2025-02-10T18:41:50.897218Z",45,"/data/local-files/?d=/scratch/datasets/final_set/val/drivable/dc57fe976fd981170a766f16f34d06de.jpg","",1.435,1,0.9993815422058104,"2025-02-10T18:41:50.897238Z"
66,29977,"1","Not Flooded","2025-02-10T18:39:26.089236Z",46,"/data/local-files/?d=/scratch/datasets/final_set/val/drivable/22514a8914374f6d446d555be5f38986.jpg","",2.149,1,0.9513445496559144,"2025-02-10T18:39:26.089255Z"
19,29997,"1","Not Flooded","2025-02-10T18:40:05.359877Z",47,"/data/local-files/?d=/scratch/datasets/final_set/val/drivable/ef8302355314fb011cff3a2fff37cc4d.jpg","",1.127,0,7.172724144766107e-05,"2025-02-10T18:40:05.359899Z"
3,30056,"1","Not Flooded","2025-02-10T18:41:42.025186Z",48,"/data/local-files/?d=/scratch/datasets/final_set/val/drivable/9dfaab40490739cc8b73e879ed06e457.jpg","",0.995,0,1.0812412256200332e-05,"2025-02-10T18:41:42.025209Z"
29,30043,"1","Not Flooded","2025-02-10T18:41:21.199512Z",49,"/data/local-files/?d=/scratch/datasets/final_set/val/drivable/0e9b386e0923be80a37397ad9e814b8e.jpg","",0.908,0,0.0003252171736676,"2025-02-10T18:41:21.199537Z"
13,29967,"1","Not Flooded","2025-02-10T18:39:08.893429Z",50,"/data/local-files/?d=/scratch/datasets/final_set/val/drivable/a7bd28f8d54bccb7cbb08092b04fe774.jpg","",0.994,0,0.0007570191519334,"2025-02-10T18:39:08.893450Z"
14,30037,"1","Not Flooded","2025-02-10T18:41:12.107325Z",51,"/data/local-files/?d=/scratch/datasets/final_set/val/drivable/7f3c191d0e481b4bf6a78f8468aab164.jpg","",1.058,0,1.1507484487083277e-05,"2025-02-10T18:41:12.107345Z"
72,30044,"1","Flooded","2025-02-10T18:41:22.716705Z",52,"/data/local-files/?d=/scratch/datasets/final_set/val/flooded/c50d07615144bc5e10ee4460032ace59.jpg","",1.039,1,0.978804051876068,"2025-02-10T18:41:22.716726Z"
1,30047,"1","Not Flooded","2025-02-10T18:41:28.211069Z",53,"/data/local-files/?d=/scratch/datasets/final_set/val/drivable/791a9b3e7db39bc1209b9d4da0813380.jpg","",2.045,0,0.0059504825621843,"2025-02-10T18:41:28.211091Z"
46,29962,"1","Not Flooded","2025-02-10T18:39:00.990271Z",54,"/data/local-files/?d=/scratch/datasets/final_set/val/drivable/1551af2e9b50132463aa226647aa7471.jpg","",1.339,0,8.595323379267938e-06,"2025-02-10T18:39:00.990291Z"
48,29971,"1","Not Flooded","2025-02-10T18:39:15.569920Z",55,"/data/local-files/?d=/scratch/datasets/final_set/val/drivable/9e5ad3f100557ac3291801919fdee8e9.jpg","",1.027,0,0.2637465298175812,"2025-02-10T18:39:15.569940Z"
27,29998,"1","Not Flooded","2025-02-10T18:40:06.864700Z",56,"/data/local-files/?d=/scratch/datasets/final_set/val/drivable/8b6c6d0bd74eb7bd263be16e5b1bf3be.jpg","",1.009,0,2.2675396849081157e-06,"2025-02-10T18:40:06.864723Z"
60,30001,"1","Flooded","2025-02-10T18:40:13.496376Z",57,"/data/local-files/?d=/scratch/datasets/final_set/val/flooded/5ef461bba5c8d5d5645dd021a56a4e06.jpg","",1.286,1,0.997736930847168,"2025-02-10T18:40:13.496394Z"
63,30054,"1","Not Flooded","2025-02-10T18:41:39.088836Z",58,"/data/local-files/?d=/scratch/datasets/final_set/val/drivable/bee86cf484cf2537e8f7acf680a70c52.jpg","",1.228,1,0.9596319198608398,"2025-02-10T18:41:39.088855Z"
80,30021,"1","Flooded","2025-02-10T18:40:47.348747Z",59,"/data/local-files/?d=/scratch/datasets/final_set/val/flooded/7c6c91ecfd591f00eaf1c7a72dd40c41.jpg","",1.067,1,0.9752384424209596,"2025-02-10T18:40:47.348766Z"
82,30028,"1","Flooded","2025-02-10T18:40:58.165658Z",60,"/data/local-files/?d=/scratch/datasets/final_set/val/flooded/0984f6fad69bd7ce88f052862a357ff0.jpg","",1.058,1,0.999936819076538,"2025-02-10T18:40:58.165678Z"
52,30041,"1","Flooded","2025-02-10T18:41:18.158867Z",61,"/data/local-files/?d=/scratch/datasets/final_set/val/flooded/76b400ecbf764fc963ffc840b0d7090b.jpg","",1.085,1,0.9999998807907104,"2025-02-10T18:41:18.158888Z"
4,30052,"1","Not Flooded","2025-02-10T18:41:35.764454Z",62,"/data/local-files/?d=/scratch/datasets/final_set/val/drivable/1eaca47b24ea4f51684be7174b16f6e5.jpg","",1.15,0,1.398728090862278e-05,"2025-02-10T18:41:35.764473Z"
15,29992,"1","Not Flooded","2025-02-10T18:39:55.724016Z",63,"/data/local-files/?d=/scratch/datasets/final_set/val/drivable/0fb28131ddfc49829063da1eec8e9b9b.jpg","",1.135,0,0.0004049224662594,"2025-02-10T18:39:55.724037Z"
97,30019,"1","Flooded","2025-02-10T18:40:43.565466Z",64,"/data/local-files/?d=/scratch/datasets/final_set/val/flooded/6a8d1fff5c267f39891ccd7fc9acbc8c.jpg","",1.305,1,0.994027614593506,"2025-02-10T18:40:43.565485Z"
21,30026,"1","Not Flooded","2025-02-10T18:40:55.118664Z",65,"/data/local-files/?d=/scratch/datasets/final_set/val/drivable/fe410f12915f4bb29dda7dfab5c65683.jpg","",1.002,0,1.152569348050747e-05,"2025-02-10T18:40:55.118683Z"
2,30039,"1","Not Flooded","2025-02-10T18:41:15.125213Z",66,"/data/local-files/?d=/scratch/datasets/final_set/val/drivable/8ec9d10e74034e73015dc995bc3e0cb9.jpg","",1.0,0,1.0538584319874644e-05,"2025-02-10T18:41:15.125233Z"
9,30032,"1","Not Flooded","2025-02-10T18:41:04.912306Z",67,"/data/local-files/?d=/scratch/datasets/final_set/val/drivable/9f6f5bf9af80bddf1610feb5d02078e2.jpg","",0.916,0,0.00010655427468,"2025-02-10T18:41:04.912325Z"
36,30000,"1","Not Flooded","2025-02-10T18:40:11.739118Z",68,"/data/local-files/?d=/scratch/datasets/final_set/val/drivable/88a3c3532e3866c370b9a312a4bdc8b8.jpg","",1.505,0,1.3022851135247038e-06,"2025-02-10T18:40:11.739137Z"
33,29982,"1","Not Flooded","2025-02-10T18:39:39.517217Z",69,"/data/local-files/?d=/scratch/datasets/final_set/val/drivable/97f928681f4d4a7edbecbd1787bd06ec.jpg","",0.951,0,0.0004340847954154,"2025-02-10T18:39:39.517237Z"
51,30004,"1","Not Flooded","2025-02-10T18:40:18.740744Z",70,"/data/local-files/?d=/scratch/datasets/final_set/val/drivable/b9a04ba95d739443026b6570e99f1c66.jpg","",1.555,1,0.8858692646026611,"2025-02-10T18:40:18.740766Z"
28,30051,"1","Not Flooded","2025-02-10T18:41:34.138430Z",71,"/data/local-files/?d=/scratch/datasets/final_set/val/drivable/63278098a6fcb5463a3231c68f5a968b.jpg","",0.872,0,3.735785503522493e-05,"2025-02-10T18:41:34.138452Z"
65,30035,"1","Flooded","2025-02-10T18:41:09.042183Z",72,"/data/local-files/?d=/scratch/datasets/final_set/val/flooded/c111baf147112d90591aca78fe3f3c84.jpg","",0.973,1,0.9999175071716307,"2025-02-10T18:41:09.042206Z"
69,29963,"1","Not Flooded","2025-02-10T18:39:02.567409Z",73,"/data/local-files/?d=/scratch/datasets/final_set/val/drivable/be848fba21e78bc8b9a2d8942f9794f3.jpg","",1.108,1,0.9432859420776368,"2025-02-10T18:39:02.567431Z"
57,30012,"1","Not Flooded","2025-02-10T18:40:31.879560Z",74,"/data/local-files/?d=/scratch/datasets/final_set/val/drivable/7e87ee560814ade9b7f255b52194ae06.jpg","",1.259,1,0.9700588583946228,"2025-02-10T18:40:31.879583Z"
34,30017,"1","Not Flooded","2025-02-10T18:40:40.407339Z",75,"/data/local-files/?d=/scratch/datasets/final_set/val/drivable/967f86d6bebdb8c799a2e2792621290a.jpg","",0.964,0,5.819752914248966e-06,"2025-02-10T18:40:40.407364Z"
24,30024,"1","Not Flooded","2025-02-10T18:40:52.189960Z",76,"/data/local-files/?d=/scratch/datasets/final_set/val/drivable/b2b061d3a7f8b94d2bb44788594defa5.jpg","",0.981,0,0.0005445168353617,"2025-02-10T18:40:52.189981Z"
42,29996,"1","Not Flooded","2025-02-10T18:40:03.754524Z",77,"/data/local-files/?d=/scratch/datasets/final_set/val/drivable/0ce9079e1a7d00c186f8c2a223e7575a.jpg","",1.403,0,1.716393171591335e-06,"2025-02-10T18:40:03.754543Z"
40,30009,"1","Not Flooded","2025-02-10T18:40:27.278147Z",78,"/data/local-files/?d=/scratch/datasets/final_set/val/drivable/677320864654b6de5d67d6aa6663b233.jpg","",1.079,0,0.0002441464166622,"2025-02-10T18:40:27.278169Z"
26,29979,"1","Not Flooded","2025-02-10T18:39:28.839529Z",79,"/data/local-files/?d=/scratch/datasets/final_set/val/drivable/5b09500e672e46ca6c6f93cf73e70170.jpg","",0.872,0,0.0001365832868032,"2025-02-10T18:39:28.839551Z"
16,30055,"1","Not Flooded","2025-02-10T18:41:40.551625Z",80,"/data/local-files/?d=/scratch/datasets/final_set/val/drivable/f0c1a7da33d70eb15a5d110511fb636b.jpg","",0.988,0,0.0005344311939552,"2025-02-10T18:41:40.551643Z"
96,30053,"1","Flooded","2025-02-10T18:41:37.375854Z",81,"/data/local-files/?d=/scratch/datasets/final_set/val/flooded/744cbb0fae8804c5d475648cd05b348d.jpg","",1.13,1,0.9998955726623536,"2025-02-10T18:41:37.375879Z"
93,30029,"1","Flooded","2025-02-10T18:41:00.525899Z",82,"/data/local-files/?d=/scratch/datasets/final_set/val/flooded/5a68426d1e545dcf46608bf84a6f7463.jpg","",1.878,1,0.9996782541275024,"2025-02-10T18:41:00.525920Z"
64,30020,"1","Flooded","2025-02-10T18:40:45.816701Z",83,"/data/local-files/?d=/scratch/datasets/final_set/val/flooded/3f1f49f5478932cac5475dead3af64ad.jpg","",1.777,1,0.970218062400818,"2025-02-10T18:40:45.816725Z"
94,29965,"1","Flooded","2025-02-10T18:39:05.818556Z",84,"/data/local-files/?d=/scratch/datasets/final_set/val/flooded/cf69bc28eed95c059cf1d22417039c0b.jpg","",1.192,1,0.8998112082481384,"2025-02-10T18:39:05.818575Z"
81,30013,"1","Flooded","2025-02-10T18:40:33.386993Z",85,"/data/local-files/?d=/scratch/datasets/final_set/val/flooded/640a81aeb637be1808017213a147d7a2.jpg","",1.043,1,1.0,"2025-02-10T18:40:33.387013Z"
70,29980,"1","Flooded","2025-02-10T18:39:30.425032Z",86,"/data/local-files/?d=/scratch/datasets/final_set/val/drivable/03d273a8da53c663f37b419f52b598be.jpg","",4.736,1,0.9116571545600892,"2025-02-10T18:39:35.623006Z"
20,30030,"1","Not Flooded","2025-02-10T18:41:02.107813Z",87,"/data/local-files/?d=/scratch/datasets/final_set/val/drivable/763693ed7fdff615cb820fd44b038325.jpg","",1.105,0,4.961531885783188e-05,"2025-02-10T18:41:02.107832Z"
35,30002,"1","Not Flooded","2025-02-10T18:40:14.946635Z",88,"/data/local-files/?d=/scratch/datasets/final_set/val/drivable/bb9120daa23dc938d6575d0c2b74ffc2.jpg","",0.988,0,1.023797040033969e-06,"2025-02-10T18:40:14.946654Z"
62,29994,"1","Flooded","2025-02-10T18:40:00.043369Z",89,"/data/local-files/?d=/scratch/datasets/final_set/val/drivable/46bae497ae2c5b15d811657562894b72.jpg","",1.764,1,0.9829232692718506,"2025-02-10T18:40:00.043392Z"
88,29991,"1","Flooded","2025-02-10T18:39:54.117751Z",90,"/data/local-files/?d=/scratch/datasets/final_set/val/flooded/b030f31b973329578e733aa9154a8e0e.jpg","",1.479,1,0.998965620994568,"2025-02-10T18:39:54.117771Z"
43,30023,"1","Not Flooded","2025-02-10T18:40:50.734883Z",91,"/data/local-files/?d=/scratch/datasets/final_set/val/drivable/3ed6888115840c3c776b0c1494a703b2.jpg","",1.316,0,8.40071606944548e-06,"2025-02-10T18:40:50.734903Z"
12,30010,"1","Not Flooded","2025-02-10T18:40:28.666150Z",92,"/data/local-files/?d=/scratch/datasets/final_set/val/drivable/e903714aeb5488f4230a124a83321c2d.jpg","",0.922,0,0.0038613157812505,"2025-02-10T18:40:28.666170Z"
41,29985,"1","Not Flooded","2025-02-10T18:39:44.491569Z",93,"/data/local-files/?d=/scratch/datasets/final_set/val/drivable/9d3f88ed30e6d2ec851722d480b102dd.jpg","",1.069,0,0.0013327087508514,"2025-02-10T18:39:44.491589Z"
0,30027,"1","Not Flooded","2025-02-10T18:40:56.634114Z",94,"/data/local-files/?d=/scratch/datasets/final_set/val/drivable/ac5c795bab7fccf7190f6e68e2919d3b.jpg","",1.039,0,2.4596062075943337e-08,"2025-02-10T18:40:56.634138Z"
91,30045,"1","Flooded","2025-02-10T18:41:24.170184Z",95,"/data/local-files/?d=/scratch/datasets/final_set/val/drivable/4c4d2e59e719702f1440e9d12877ca7c.jpg","",0.967,1,0.9967113733291626,"2025-02-10T18:41:24.170209Z"
75,30022,"1","Flooded","2025-02-10T18:40:48.948132Z",96,"/data/local-files/?d=/scratch/datasets/final_set/val/flooded/3508aecb70f2d89a9e879a14051e0dce.jpg","",1.118,1,0.9997739195823668,"2025-02-10T18:40:48.948151Z"
79,30042,"1","Flooded","2025-02-10T18:41:19.811959Z",97,"/data/local-files/?d=/scratch/datasets/final_set/val/flooded/a60a78015d49d8a1e3e494dbb95606c7.jpg","",1.178,1,0.9266440868377686,"2025-02-10T18:41:19.811981Z"
17,30025,"1","Not Flooded","2025-02-10T18:40:53.636171Z",98,"/data/local-files/?d=/scratch/datasets/final_set/val/drivable/852936c20f31b4bbb0c23ef075a3f034.jpg","",0.964,0,2.0131642486376222e-06,"2025-02-10T18:40:53.636196Z"
31,30046,"1","Not Flooded","2025-02-10T18:41:25.682793Z",99,"/data/local-files/?d=/scratch/datasets/final_set/val/drivable/84b573beae139811363d96348b2d4aaf.jpg","",1.029,0,0.0003767287416849,"2025-02-10T18:41:25.682812Z"
