                                            mean     sd  hdi_3%  hdi_97%  mcse_mean  mcse_sd  ess_bulk  ess_tail  r_hat
p_y_hat_1_given_y_1                        0.297  0.104   0.137    0.496      0.001    0.001    8247.0   10380.0    1.0
p_y_hat_1_given_y_0                        0.000  0.000   0.000    0.001      0.000    0.000   10291.0    6543.0    1.0
p_y[0]                                     0.060  0.234   0.000    0.464      0.006    0.004    1260.0    1180.0    1.0
p_y[1]                                     0.001  0.003   0.000    0.004      0.000    0.000   10712.0   10740.0    1.0
p_y[2]                                     0.001  0.002   0.000    0.003      0.000    0.000    9408.0    6013.0    1.0
p_y[3]                                     0.000  0.001   0.000    0.001      0.000    0.000   13899.0   15964.0    1.0
p_y[4]                                     0.001  0.001   0.000    0.002      0.000    0.000   14208.0   18902.0    1.0
p_y[5]                                     0.001  0.003   0.000    0.003      0.000    0.000    9052.0    4868.0    1.0
p_y[6]                                     0.000  0.001   0.000    0.001      0.000    0.000    8648.0   13506.0    1.0
p_y[7]                                     0.000  0.001   0.000    0.001      0.000    0.000    7853.0   15452.0    1.0
p_y[8]                                     0.000  0.001   0.000    0.001      0.000    0.000    9335.0   14157.0    1.0
p_y[9]                                     0.001  0.002   0.000    0.003      0.000    0.000   10980.0   18015.0    1.0
p_y[10]                                    0.001  0.001   0.000    0.003      0.000    0.000    9081.0   14882.0    1.0
p_y[11]                                    0.000  0.001   0.000    0.001      0.000    0.000    8487.0   12803.0    1.0
p_y[12]                                    0.001  0.002   0.000    0.003      0.000    0.000   10307.0   10521.0    1.0
p_y[13]                                    0.000  0.001   0.000    0.001      0.000    0.000    8015.0   13920.0    1.0
p_y[14]                                    0.000  0.001   0.000    0.001      0.000    0.000    5363.0    1881.0    1.0
p_y[15]                                    0.000  0.001   0.000    0.001      0.000    0.000    9984.0   12927.0    1.0
p_y[16]                                    0.001  0.001   0.000    0.002      0.000    0.000    9022.0    6110.0    1.0
p_y[17]                                    0.000  0.001   0.000    0.002      0.000    0.000   13795.0    9104.0    1.0
p_y[18]                                    0.000  0.001   0.000    0.001      0.000    0.000   11240.0   16171.0    1.0
p_y[19]                                    0.000  0.001   0.000    0.001      0.000    0.000    9029.0   16501.0    1.0
p_y[20]                                    0.001  0.002   0.000    0.003      0.000    0.000    8652.0   14148.0    1.0
p_y[21]                                    0.001  0.001   0.000    0.002      0.000    0.000    6945.0    3868.0    1.0
p_y[22]                                    0.000  0.001   0.000    0.002      0.000    0.000   10094.0    5333.0    1.0
p_y[23]                                    0.000  0.001   0.000    0.002      0.000    0.000    9929.0   12374.0    1.0
p_y[24]                                    0.002  0.003   0.000    0.006      0.000    0.000   11030.0   12444.0    1.0
p_y[25]                                    0.001  0.002   0.000    0.004      0.000    0.000    5954.0    2106.0    1.0
p_y[26]                                    0.000  0.000   0.000    0.001      0.000    0.000    7570.0    7259.0    1.0
p_y[27]                                    0.001  0.001   0.000    0.003      0.000    0.000    9735.0    5603.0    1.0
p_y[28]                                    0.001  0.001   0.000    0.003      0.000    0.000   10785.0   17429.0    1.0
p_y[29]                                    0.001  0.001   0.000    0.002      0.000    0.000    7257.0    7471.0    1.0
p_y[30]                                    0.001  0.002   0.000    0.003      0.000    0.000   11912.0   15431.0    1.0
p_y[31]                                    0.000  0.001   0.000    0.001      0.000    0.000   10126.0   14252.0    1.0
p_y[32]                                    0.001  0.001   0.000    0.003      0.000    0.000   13091.0   15458.0    1.0
p_y[33]                                    0.004  0.004   0.000    0.011      0.000    0.000    8285.0   12125.0    1.0
p_y[34]                                    0.001  0.002   0.000    0.005      0.000    0.000    8662.0    3573.0    1.0
p_y[35]                                    0.001  0.001   0.000    0.002      0.000    0.000   13906.0   19281.0    1.0
p_y[36]                                    0.010  0.008   0.000    0.025      0.000    0.000    9218.0    8898.0    1.0
p_y[37]                                    0.001  0.002   0.000    0.004      0.000    0.000   11048.0   10910.0    1.0
p_y[38]                                    0.004  0.005   0.000    0.013      0.000    0.000    4245.0    2306.0    1.0
p_y[39]                                    0.001  0.002   0.000    0.004      0.000    0.000   12502.0   12128.0    1.0
p_y[40]                                    0.001  0.001   0.000    0.002      0.000    0.000   13472.0   17982.0    1.0
p_y[41]                                    0.005  0.008   0.000    0.018      0.000    0.000    9301.0   12503.0    1.0
p_y[42]                                    0.001  0.002   0.000    0.003      0.000    0.000   15575.0   17443.0    1.0
p_y[43]                                    0.007  0.009   0.000    0.022      0.000    0.000    9416.0    8222.0    1.0
p_y[44]                                    0.001  0.001   0.000    0.003      0.000    0.000    6886.0    2457.0    1.0
p_y[45]                                    0.001  0.002   0.000    0.004      0.000    0.000    6870.0    5290.0    1.0
p_y[46]                                    0.005  0.007   0.000    0.016      0.000    0.000    9006.0   11854.0    1.0
p_y[47]                                    0.001  0.002   0.000    0.003      0.000    0.000   11562.0   12877.0    1.0
p_y[48]                                    0.001  0.001   0.000    0.003      0.000    0.000    8641.0   10858.0    1.0
p_y[49]                                    0.001  0.001   0.000    0.003      0.000    0.000   11798.0    5896.0    1.0
p_y[50]                                    0.001  0.002   0.000    0.003      0.000    0.000   14771.0   18149.0    1.0
p_y[51]                                    0.001  0.001   0.000    0.002      0.000    0.000   11643.0   13175.0    1.0
p_y[52]                                    0.002  0.003   0.000    0.006      0.000    0.000   12222.0   15309.0    1.0
p_y[53]                                    0.001  0.002   0.000    0.003      0.000    0.000   11929.0   17041.0    1.0
p_y[54]                                    0.001  0.002   0.000    0.004      0.000    0.000   12565.0   14439.0    1.0
p_y[55]                                    0.002  0.002   0.000    0.005      0.000    0.000   11820.0   17578.0    1.0
p_y[56]                                    0.002  0.003   0.000    0.007      0.000    0.000   11103.0   13821.0    1.0
p_y[57]                                    0.007  0.011   0.000    0.026      0.000    0.000   15537.0   18221.0    1.0
p_y[58]                                    0.002  0.003   0.000    0.007      0.000    0.000   13818.0   13604.0    1.0
p_y[59]                                    0.001  0.002   0.000    0.004      0.000    0.000    9682.0    8202.0    1.0
p_y[60]                                    0.001  0.001   0.000    0.003      0.000    0.000    9015.0   15902.0    1.0
p_y[61]                                    0.004  0.005   0.000    0.013      0.000    0.000   10276.0   11317.0    1.0
p_y[62]                                    0.048  0.027   0.008    0.097      0.000    0.000    7391.0    9912.0    1.0
p_y[63]                                    0.072  0.037   0.016    0.142      0.000    0.000    8114.0   10009.0    1.0
p_y[64]                                    0.003  0.003   0.000    0.008      0.000    0.000   12171.0   14886.0    1.0
p_y[65]                                    0.013  0.014   0.000    0.037      0.000    0.000   13239.0   13979.0    1.0
p_y[66]                                    0.005  0.007   0.000    0.017      0.000    0.000   10540.0    4274.0    1.0
p_y[67]                                    0.002  0.004   0.000    0.007      0.000    0.000   12978.0   11659.0    1.0
p_y[68]                                    0.000  0.001   0.000    0.002      0.000    0.000   11239.0   14161.0    1.0
p_y[69]                                    0.002  0.004   0.000    0.009      0.000    0.000   13948.0   14238.0    1.0
p_y[70]                                    0.001  0.002   0.000    0.003      0.000    0.000   10520.0   13820.0    1.0
p_y[71]                                    0.016  0.017   0.000    0.047      0.000    0.000    9617.0    7949.0    1.0
p_y[72]                                    0.002  0.004   0.000    0.009      0.000    0.000    7866.0    2953.0    1.0
p_y[73]                                    0.001  0.002   0.000    0.003      0.000    0.000   12929.0   14777.0    1.0
p_y[74]                                    0.002  0.005   0.000    0.009      0.000    0.000   11831.0   14843.0    1.0
p_y[75]                                    0.001  0.003   0.000    0.003      0.000    0.000    7947.0   16176.0    1.0
p_y[76]                                    0.001  0.004   0.000    0.004      0.000    0.000   10783.0   16828.0    1.0
p_y[77]                                    0.002  0.004   0.000    0.007      0.000    0.000    8908.0    4166.0    1.0
p_y[78]                                    0.001  0.001   0.000    0.002      0.000    0.000    8684.0    4506.0    1.0
p_y[79]                                    0.001  0.002   0.000    0.005      0.000    0.000    6126.0    2626.0    1.0
p_y[80]                                    0.001  0.003   0.000    0.003      0.000    0.000   10186.0   16278.0    1.0
p_y[81]                                    0.001  0.001   0.000    0.002      0.000    0.000    8863.0   12520.0    1.0
p_y[82]                                    0.001  0.002   0.000    0.004      0.000    0.000    8912.0   11094.0    1.0
p_y[83]                                    0.001  0.002   0.000    0.003      0.000    0.000   11747.0   11589.0    1.0
p_y[84]                                    0.001  0.001   0.000    0.002      0.000    0.000   10267.0   12461.0    1.0
p_y[85]                                    0.003  0.006   0.000    0.013      0.000    0.000    4387.0    2163.0    1.0
p_y[86]                                    0.001  0.001   0.000    0.002      0.000    0.000    8129.0    8275.0    1.0
p_y[87]                                    0.001  0.002   0.000    0.004      0.000    0.000    3498.0    1395.0    1.0
p_y[88]                                    0.001  0.003   0.000    0.005      0.000    0.000   11507.0   11704.0    1.0
p_y[89]                                    0.001  0.002   0.000    0.002      0.000    0.000    5648.0    2277.0    1.0
p_y[90]                                    0.001  0.002   0.000    0.003      0.000    0.000   10214.0   14986.0    1.0
p_y[91]                                    0.001  0.002   0.000    0.002      0.000    0.000    7639.0   12928.0    1.0
p_y[92]                                    0.007  0.009   0.000    0.022      0.000    0.000    9042.0   11252.0    1.0
p_y[93]                                    0.005  0.007   0.000    0.016      0.000    0.000   10902.0   11921.0    1.0
p_y[94]                                    0.006  0.006   0.000    0.017      0.000    0.000   10535.0   12071.0    1.0
p_y[95]                                    0.000  0.001   0.000    0.002      0.000    0.000    8409.0   12454.0    1.0
p_y[96]                                    0.001  0.002   0.000    0.005      0.000    0.000    7349.0    2172.0    1.0
p_y[97]                                    0.001  0.003   0.000    0.005      0.000    0.000   13807.0   13552.0    1.0
p_y[98]                                    0.000  0.001   0.000    0.002      0.000    0.000    7442.0    3702.0    1.0
p_y[99]                                    0.001  0.002   0.000    0.003      0.000    0.000   10711.0   11327.0    1.0
p_y[100]                                   0.001  0.001   0.000    0.003      0.000    0.000    8861.0   11585.0    1.0
p_y[101]                                   0.001  0.003   0.000    0.005      0.000    0.000    7642.0    4292.0    1.0
p_y[102]                                   0.001  0.002   0.000    0.002      0.000    0.000   10187.0   13105.0    1.0
p_y[103]                                   0.001  0.002   0.000    0.004      0.000    0.000   10905.0    6402.0    1.0
p_y[104]                                   0.001  0.004   0.000    0.005      0.000    0.000   13194.0   16695.0    1.0
p_y[105]                                   0.001  0.003   0.000    0.003      0.000    0.000   12732.0   17135.0    1.0
p_y[106]                                   0.001  0.003   0.000    0.004      0.000    0.000   11987.0   17021.0    1.0
p_y[107]                                   0.001  0.002   0.000    0.003      0.000    0.000   11303.0   11611.0    1.0
p_y[108]                                   0.001  0.002   0.000    0.003      0.000    0.000   14554.0   16104.0    1.0
p_y[109]                                   0.001  0.002   0.000    0.003      0.000    0.000   10345.0   13586.0    1.0
p_y[110]                                   0.001  0.002   0.000    0.003      0.000    0.000   10482.0   15510.0    1.0
p_y[111]                                   0.001  0.002   0.000    0.002      0.000    0.000    5745.0    2318.0    1.0
p_y[112]                                   0.001  0.002   0.000    0.003      0.000    0.000   13833.0   16673.0    1.0
p_y[113]                                   0.001  0.003   0.000    0.005      0.000    0.000    5398.0    2011.0    1.0
p_y[114]                                   0.001  0.002   0.000    0.003      0.000    0.000    9814.0   11604.0    1.0
p_y[115]                                   0.001  0.003   0.000    0.005      0.000    0.000    7506.0   12726.0    1.0
p_y[116]                                   0.002  0.004   0.000    0.006      0.000    0.000   14967.0   18468.0    1.0
p_y[117]                                   0.004  0.012   0.000    0.017      0.000    0.000    6557.0    5921.0    1.0
p_y[118]                                   0.002  0.004   0.000    0.006      0.000    0.000    5068.0    2200.0    1.0
p_y[119]                                   0.001  0.004   0.000    0.005      0.000    0.000    8185.0    1979.0    1.0
p_y[120]                                   0.053  0.022   0.019    0.095      0.000    0.000    6227.0    3537.0    1.0
p_y[121]                                   0.018  0.011   0.002    0.039      0.000    0.000    8546.0    5190.0    1.0
p_y[122]                                   0.003  0.005   0.000    0.009      0.000    0.000   13450.0   14259.0    1.0
p_y[123]                                   0.002  0.004   0.000    0.007      0.000    0.000   13056.0   16057.0    1.0
p_y[124]                                   0.004  0.008   0.000    0.014      0.000    0.000   13074.0   13268.0    1.0
p_y[125]                                   0.003  0.006   0.000    0.011      0.000    0.000    8573.0   13666.0    1.0
p_y[126]                                   0.004  0.017   0.000    0.015      0.000    0.000   13016.0   11306.0    1.0
p_y[127]                                   0.003  0.007   0.000    0.011      0.000    0.000    7189.0   10021.0    1.0
p_y[128]                                   0.003  0.007   0.000    0.012      0.000    0.000   14323.0   18418.0    1.0
p_y[129]                                   0.002  0.004   0.000    0.008      0.000    0.000   12394.0    6084.0    1.0
p_y[130]                                   0.004  0.009   0.000    0.014      0.000    0.000   13831.0   13335.0    1.0
p_y[131]                                   0.002  0.004   0.000    0.006      0.000    0.000   12398.0   11734.0    1.0
p_y[132]                                   0.003  0.006   0.000    0.011      0.000    0.000   12343.0   15272.0    1.0
p_y[133]                                   0.001  0.002   0.000    0.004      0.000    0.000   12463.0   17107.0    1.0
p_y[134]                                   0.002  0.006   0.000    0.008      0.000    0.000   11627.0    7589.0    1.0
p_y[135]                                   0.001  0.001   0.000    0.003      0.000    0.000    9412.0   11419.0    1.0
p_y[136]                                   0.001  0.003   0.000    0.005      0.000    0.000   11787.0   14984.0    1.0
p_y[137]                                   0.002  0.005   0.000    0.008      0.000    0.000    9665.0   16336.0    1.0
p_y[138]                                   0.002  0.004   0.000    0.008      0.000    0.000   11773.0   14767.0    1.0
p_y[139]                                   0.056  0.039   0.003    0.126      0.000    0.000   16048.0   14915.0    1.0
p_y[140]                                   0.003  0.004   0.000    0.009      0.000    0.000   10492.0   14589.0    1.0
p_y[141]                                   0.002  0.004   0.000    0.008      0.000    0.000    8509.0   13953.0    1.0
p_y[142]                                   0.004  0.008   0.000    0.015      0.000    0.000   12520.0   13635.0    1.0
p_y[143]                                   0.004  0.006   0.000    0.014      0.000    0.000    7914.0    6034.0    1.0
p_y[144]                                   0.003  0.010   0.000    0.013      0.000    0.000   12107.0   17525.0    1.0
p_y[145]                                   0.002  0.006   0.000    0.010      0.000    0.000   11882.0   14563.0    1.0
p_y[146]                                   0.002  0.004   0.000    0.007      0.000    0.000    8203.0    9154.0    1.0
p_y[147]                                   0.003  0.009   0.000    0.013      0.000    0.000   12747.0   19411.0    1.0
p_y[148]                                   0.004  0.009   0.000    0.016      0.000    0.000    9774.0   17870.0    1.0
p_y[149]                                   0.042  0.048   0.000    0.127      0.000    0.000    9697.0    8770.0    1.0
p_y[150]                                   0.004  0.008   0.000    0.013      0.000    0.000    8940.0    4336.0    1.0
p_y[151]                                   0.002  0.007   0.000    0.010      0.000    0.000   10391.0   10878.0    1.0
p_y[152]                                   0.002  0.007   0.000    0.009      0.000    0.000    9592.0   13630.0    1.0
p_y[153]                                   0.003  0.009   0.000    0.009      0.000    0.000    4851.0    2036.0    1.0
p_y[154]                                   0.003  0.007   0.000    0.011      0.000    0.000    7863.0    4467.0    1.0
p_y[155]                                   0.002  0.006   0.000    0.010      0.000    0.000    8571.0   10905.0    1.0
p_y[156]                                   0.002  0.004   0.000    0.006      0.000    0.000   10742.0   14590.0    1.0
p_y[157]                                   0.003  0.006   0.000    0.010      0.000    0.000   12068.0   15889.0    1.0
p_y[158]                                   0.002  0.006   0.000    0.010      0.000    0.000    6814.0    2458.0    1.0
p_y[159]                                   0.002  0.004   0.000    0.007      0.000    0.000   16329.0   16967.0    1.0
p_y[160]                                   0.002  0.004   0.000    0.007      0.000    0.000    6829.0    2711.0    1.0
p_y[161]                                   0.002  0.006   0.000    0.009      0.000    0.000   10371.0    8822.0    1.0
p_y[162]                                   0.002  0.004   0.000    0.007      0.000    0.000    9824.0   13588.0    1.0
p_y[163]                                   0.004  0.010   0.000    0.014      0.000    0.000    6684.0    3992.0    1.0
p_y[164]                                   0.002  0.004   0.000    0.006      0.000    0.000   11679.0   15229.0    1.0
p_y[165]                                   0.001  0.003   0.000    0.004      0.000    0.000    6396.0    3568.0    1.0
p_y[166]                                   0.002  0.006   0.000    0.007      0.000    0.000    4406.0    3387.0    1.0
p_y[167]                                   0.003  0.008   0.000    0.010      0.000    0.000    6685.0   14417.0    1.0
p_y[168]                                   0.001  0.004   0.000    0.005      0.000    0.000    9435.0   16138.0    1.0
p_y[169]                                   0.001  0.003   0.000    0.004      0.000    0.000    6506.0    2887.0    1.0
p_y[170]                                   0.001  0.003   0.000    0.004      0.000    0.000    7197.0    8476.0    1.0
p_y[171]                                   0.009  0.012   0.000    0.029      0.000    0.000   13965.0   15055.0    1.0
p_y[172]                                   0.001  0.004   0.000    0.005      0.000    0.000    9478.0    9168.0    1.0
p_y[173]                                   0.002  0.004   0.000    0.007      0.000    0.000   12148.0   10607.0    1.0
p_y[174]                                   0.001  0.003   0.000    0.004      0.000    0.000   10558.0   12861.0    1.0
p_y[175]                                   0.001  0.005   0.000    0.005      0.000    0.000   10731.0   11478.0    1.0
p_y[176]                                   0.001  0.003   0.000    0.004      0.000    0.000   10171.0   13650.0    1.0
p_y[177]                                   0.006  0.014   0.000    0.022      0.000    0.000    7750.0   10759.0    1.0
p_y[178]                                   0.001  0.004   0.000    0.004      0.000    0.000    8781.0   11373.0    1.0
p_y[179]                                   0.002  0.005   0.000    0.008      0.000    0.000   10838.0   12898.0    1.0
p_y[180]                                   0.022  0.035   0.000    0.082      0.000    0.000    8232.0    6860.0    1.0
p_y[181]                                   0.010  0.016   0.000    0.037      0.000    0.000    7479.0    9964.0    1.0
p_y[182]                                   0.003  0.006   0.000    0.013      0.000    0.000    8583.0   10422.0    1.0
p_y[183]                                   0.004  0.009   0.000    0.017      0.000    0.000    8813.0   11174.0    1.0
p_y[184]                                   0.002  0.004   0.000    0.007      0.000    0.000    9846.0   13953.0    1.0
p_y[185]                                   0.001  0.003   0.000    0.004      0.000    0.000    6294.0   13767.0    1.0
p_y[186]                                   0.001  0.003   0.000    0.004      0.000    0.000    6935.0    9182.0    1.0
p_y[187]                                   0.001  0.005   0.000    0.006      0.000    0.000    8541.0    6636.0    1.0
p_y[188]                                   0.001  0.005   0.000    0.005      0.000    0.000    7477.0    8771.0    1.0
p_y[189]                                   0.001  0.003   0.000    0.004      0.000    0.000    7448.0   10771.0    1.0
p_y[190]                                   0.001  0.003   0.000    0.005      0.000    0.000    7765.0   11041.0    1.0
p_y[191]                                   0.002  0.005   0.000    0.008      0.000    0.000    8904.0    5332.0    1.0
p_y[192]                                   0.001  0.003   0.000    0.005      0.000    0.000    7573.0    7714.0    1.0
p_y[193]                                   0.003  0.007   0.000    0.010      0.000    0.000    9745.0   11019.0    1.0
p_y[194]                                   0.002  0.005   0.000    0.007      0.000    0.000    9253.0   11558.0    1.0
p_y[195]                                   0.002  0.005   0.000    0.006      0.000    0.000    8846.0   14216.0    1.0
p_y[196]                                   0.001  0.003   0.000    0.005      0.000    0.000   10357.0   15480.0    1.0
p_y[197]                                   0.002  0.005   0.000    0.007      0.000    0.000   10634.0   17523.0    1.0
p_y[198]                                   0.001  0.004   0.000    0.005      0.000    0.000    5931.0    5599.0    1.0
p_y[199]                                   0.001  0.003   0.000    0.004      0.000    0.000    7996.0   12970.0    1.0
p_y[200]                                   0.002  0.005   0.000    0.006      0.000    0.000   10159.0   14650.0    1.0
p_y[201]                                   0.001  0.004   0.000    0.005      0.000    0.000    9327.0   11929.0    1.0
p_y[202]                                   0.001  0.004   0.000    0.005      0.000    0.000    5518.0    8177.0    1.0
p_y[203]                                   0.001  0.003   0.000    0.004      0.000    0.000    7681.0   11602.0    1.0
p_y[204]                                   0.009  0.016   0.000    0.034      0.000    0.000    8187.0   12147.0    1.0
p_y[205]                                   0.001  0.003   0.000    0.005      0.000    0.000    4231.0    2132.0    1.0
p_y[206]                                   0.002  0.005   0.000    0.008      0.000    0.000    9943.0    9928.0    1.0
p_y[207]                                   0.002  0.006   0.000    0.009      0.000    0.000    9882.0   13003.0    1.0
p_y[208]                                   0.001  0.003   0.000    0.005      0.000    0.000   10314.0    9790.0    1.0
p_y[209]                                   0.005  0.008   0.000    0.019      0.000    0.000    7788.0    3379.0    1.0
p_y[210]                                   0.002  0.003   0.000    0.007      0.000    0.000   13630.0   15800.0    1.0
p_y[211]                                   0.002  0.005   0.000    0.006      0.000    0.000    7492.0   10116.0    1.0
p_y[212]                                   0.004  0.008   0.000    0.015      0.000    0.000    8158.0    8368.0    1.0
p_y[213]                                   0.004  0.013   0.000    0.014      0.000    0.000   10889.0   17094.0    1.0
p_y[214]                                   0.001  0.003   0.000    0.004      0.000    0.000    8135.0   10270.0    1.0
p_y[215]                                   0.009  0.023   0.000    0.039      0.000    0.000    5580.0    8182.0    1.0
p_y[216]                                   0.004  0.007   0.000    0.013      0.000    0.000   12319.0   14106.0    1.0
p_y[217]                                   0.001  0.004   0.000    0.006      0.000    0.000    8596.0   12339.0    1.0
p_y[218]                                   0.006  0.011   0.000    0.021      0.000    0.000    9244.0    5603.0    1.0
p_y[219]                                   0.006  0.012   0.000    0.022      0.000    0.000    7316.0    4205.0    1.0
p_y[220]                                   0.007  0.018   0.000    0.028      0.000    0.000   12636.0   15305.0    1.0
p_y[221]                                   0.001  0.003   0.000    0.005      0.000    0.000   11685.0   12428.0    1.0
p_y[222]                                   0.003  0.005   0.000    0.009      0.000    0.000    9746.0   12827.0    1.0
p_y[223]                                   0.002  0.005   0.000    0.009      0.000    0.000   11895.0   16828.0    1.0
p_y[224]                                   0.003  0.006   0.000    0.011      0.000    0.000    3875.0    2428.0    1.0
p_y[225]                                   0.004  0.014   0.000    0.015      0.000    0.000    9529.0   10552.0    1.0
p_y[226]                                   0.001  0.003   0.000    0.004      0.000    0.000    9993.0   14055.0    1.0
p_y[227]                                   0.001  0.004   0.000    0.005      0.000    0.000   13072.0   17622.0    1.0
p_y[228]                                   0.003  0.006   0.000    0.010      0.000    0.000    8032.0    4268.0    1.0
p_y[229]                                   0.003  0.006   0.000    0.012      0.000    0.000   13858.0   10902.0    1.0
p_y[230]                                   0.002  0.005   0.000    0.008      0.000    0.000   11905.0   14514.0    1.0
p_y[231]                                   0.001  0.003   0.000    0.004      0.000    0.000   12212.0   15834.0    1.0
p_y[232]                                   0.003  0.006   0.000    0.010      0.000    0.000   12210.0   11446.0    1.0
p_y[233]                                   0.002  0.004   0.000    0.006      0.000    0.000    8698.0    3977.0    1.0
p_y[234]                                   0.003  0.006   0.000    0.010      0.000    0.000   11789.0   12818.0    1.0
p_y[235]                                   0.002  0.006   0.000    0.008      0.000    0.000   10196.0   10031.0    1.0
p_y[236]                                   0.002  0.005   0.000    0.008      0.000    0.000   13400.0   12355.0    1.0
p_y[237]                                   0.001  0.003   0.000    0.005      0.000    0.000   13193.0   13749.0    1.0
p_y[238]                                   0.002  0.005   0.000    0.008      0.000    0.000    9815.0   14317.0    1.0
p_y[239]                                   0.003  0.005   0.000    0.011      0.000    0.000   10332.0    4433.0    1.0
p_y[240]                                   0.001  0.003   0.000    0.003      0.000    0.000    7512.0    5880.0    1.0
p_y[241]                                   0.002  0.004   0.000    0.008      0.000    0.000   13970.0   16161.0    1.0
p_y[242]                                   0.003  0.007   0.000    0.012      0.000    0.000    9614.0    4142.0    1.0
p_y[243]                                   0.001  0.002   0.000    0.003      0.000    0.000   10070.0   14476.0    1.0
p_y[244]                                   0.001  0.002   0.000    0.003      0.000    0.000    8037.0   11139.0    1.0
p_y[245]                                   0.003  0.007   0.000    0.011      0.000    0.000    7143.0    3753.0    1.0
p_y[246]                                   0.001  0.003   0.000    0.003      0.000    0.000   11358.0   15018.0    1.0
p_y[247]                                   0.002  0.004   0.000    0.007      0.000    0.000   12469.0   15996.0    1.0
p_y[248]                                   0.001  0.003   0.000    0.003      0.000    0.000    8677.0    5751.0    1.0
p_y[249]                                   0.002  0.004   0.000    0.007      0.000    0.000    9193.0   10754.0    1.0
p_y[250]                                   0.001  0.004   0.000    0.004      0.000    0.000    9307.0   13802.0    1.0
p_y[251]                                   0.002  0.003   0.000    0.006      0.000    0.000    9807.0    7343.0    1.0
p_y[252]                                   0.001  0.004   0.000    0.005      0.000    0.000    7651.0   12057.0    1.0
p_y[253]                                   0.001  0.003   0.000    0.003      0.000    0.000    7464.0    4358.0    1.0
p_y[254]                                   0.003  0.005   0.000    0.010      0.000    0.000   12896.0    9860.0    1.0
p_y[255]                                   0.001  0.003   0.000    0.006      0.000    0.000    7024.0    2134.0    1.0
p_y[256]                                   0.002  0.005   0.000    0.006      0.000    0.000    5104.0    2120.0    1.0
p_y[257]                                   0.001  0.003   0.000    0.005      0.000    0.000    9759.0   15106.0    1.0
p_y[258]                                   0.002  0.004   0.000    0.006      0.000    0.000    9812.0    9230.0    1.0
p_y[259]                                   0.001  0.003   0.000    0.003      0.000    0.000   11862.0   14145.0    1.0
p_y[260]                                   0.001  0.003   0.000    0.004      0.000    0.000    5567.0    2313.0    1.0
p_y[261]                                   0.001  0.004   0.000    0.003      0.000    0.000    3754.0    1796.0    1.0
p_y[262]                                   0.001  0.002   0.000    0.002      0.000    0.000    7620.0    9144.0    1.0
p_y[263]                                   0.001  0.003   0.000    0.004      0.000    0.000    5223.0    3568.0    1.0
p_y[264]                                   0.001  0.005   0.000    0.004      0.000    0.000    9382.0   16305.0    1.0
p_y[265]                                   0.002  0.008   0.000    0.006      0.000    0.000    7740.0    2274.0    1.0
p_y[266]                                   0.001  0.002   0.000    0.002      0.000    0.000    6961.0   11807.0    1.0
p_y[267]                                   0.001  0.003   0.000    0.003      0.000    0.000    9332.0   13638.0    1.0
p_y[268]                                   0.001  0.005   0.000    0.005      0.000    0.000    9035.0   16082.0    1.0
p_y[269]                                   0.001  0.003   0.000    0.004      0.000    0.000    7226.0    7713.0    1.0
p_y[270]                                   0.001  0.004   0.000    0.003      0.000    0.000    8439.0    5075.0    1.0
p_y[271]                                   0.001  0.004   0.000    0.004      0.000    0.000    8342.0   14058.0    1.0
p_y[272]                                   0.002  0.009   0.000    0.008      0.000    0.000    9981.0   14987.0    1.0
p_y[273]                                   0.001  0.002   0.000    0.004      0.000    0.000    9214.0   16467.0    1.0
p_y[274]                                   0.001  0.003   0.000    0.003      0.000    0.000    4843.0    2060.0    1.0
p_y[275]                                   0.001  0.005   0.000    0.005      0.000    0.000    9079.0   14948.0    1.0
p_y[276]                                   0.002  0.007   0.000    0.008      0.000    0.000    8801.0   13474.0    1.0
p_y[277]                                   0.002  0.004   0.000    0.007      0.000    0.000   11041.0    6221.0    1.0
p_y[278]                                   0.029  0.026   0.000    0.074      0.000    0.000    6497.0    2467.0    1.0
p_y[279]                                   0.002  0.004   0.000    0.008      0.000    0.000    8167.0   11100.0    1.0
p_y[280]                                   0.001  0.002   0.000    0.004      0.000    0.000    8099.0    2632.0    1.0
p_y[281]                                   0.001  0.002   0.000    0.004      0.000    0.000   10250.0    7090.0    1.0
p_y[282]                                   0.003  0.006   0.000    0.012      0.000    0.000    8641.0    4449.0    1.0
p_y[283]                                   0.001  0.003   0.000    0.005      0.000    0.000    5964.0    6388.0    1.0
p_y[284]                                   0.001  0.004   0.000    0.005      0.000    0.000    8452.0   11506.0    1.0
p_y[285]                                   0.001  0.004   0.000    0.005      0.000    0.000   11675.0   12734.0    1.0
p_y[286]                                   0.001  0.004   0.000    0.005      0.000    0.000    6675.0    3772.0    1.0
p_y[287]                                   0.001  0.003   0.000    0.003      0.000    0.000    9347.0   17089.0    1.0
p_y[288]                                   0.004  0.008   0.000    0.015      0.000    0.000    9807.0   15448.0    1.0
p_y[289]                                   0.001  0.003   0.000    0.003      0.000    0.000    6450.0    2966.0    1.0
p_y[290]                                   0.005  0.007   0.000    0.017      0.000    0.000    9665.0   12241.0    1.0
p_y[291]                                   0.001  0.002   0.000    0.003      0.000    0.000   10286.0   15006.0    1.0
p_y[292]                                   0.001  0.001   0.000    0.002      0.000    0.000   10562.0    6541.0    1.0
p_y[293]                                   0.001  0.002   0.000    0.003      0.000    0.000    8018.0    2981.0    1.0
p_y[294]                                   0.001  0.002   0.000    0.003      0.000    0.000    7093.0    5702.0    1.0
p_y[295]                                   0.002  0.005   0.000    0.010      0.000    0.000   11246.0   10401.0    1.0
p_y[296]                                   0.002  0.004   0.000    0.007      0.000    0.000    6936.0    5339.0    1.0
p_y[297]                                   0.002  0.005   0.000    0.006      0.000    0.000   11365.0    7250.0    1.0
p_y[298]                                   0.001  0.002   0.000    0.004      0.000    0.000   10762.0   10130.0    1.0
p_y[299]                                   0.001  0.002   0.000    0.004      0.000    0.000    8765.0   10078.0    1.0
p_y[300]                                   0.001  0.003   0.000    0.005      0.000    0.000    5326.0    3068.0    1.0
p_y[301]                                   0.001  0.002   0.000    0.003      0.000    0.000    5269.0    2301.0    1.0
p_y[302]                                   0.001  0.002   0.000    0.003      0.000    0.000   12008.0   13024.0    1.0
p_y[303]                                   0.002  0.003   0.000    0.006      0.000    0.000   12729.0   13853.0    1.0
p_y[304]                                   0.001  0.002   0.000    0.003      0.000    0.000   11421.0   16169.0    1.0
p_y[305]                                   0.001  0.002   0.000    0.003      0.000    0.000    8275.0   11140.0    1.0
p_y[306]                                   0.001  0.002   0.000    0.003      0.000    0.000   13323.0   16141.0    1.0
p_y[307]                                   0.001  0.003   0.000    0.005      0.000    0.000    4727.0    1690.0    1.0
p_y[308]                                   0.001  0.003   0.000    0.004      0.000    0.000    9397.0   13828.0    1.0
p_y[309]                                   0.001  0.003   0.000    0.005      0.000    0.000   12404.0   13410.0    1.0
p_y[310]                                   0.003  0.006   0.000    0.012      0.000    0.000    9631.0   14336.0    1.0
p_y[311]                                   0.001  0.002   0.000    0.004      0.000    0.000    9784.0   13185.0    1.0
p_y[312]                                   0.001  0.002   0.000    0.003      0.000    0.000    9362.0   12866.0    1.0
p_y[313]                                   0.001  0.004   0.000    0.005      0.000    0.000   13247.0   16284.0    1.0
p_y[314]                                   0.001  0.002   0.000    0.004      0.000    0.000   13647.0   10866.0    1.0
p_y[315]                                   0.001  0.003   0.000    0.006      0.000    0.000   13202.0   14431.0    1.0
p_y[316]                                   0.001  0.004   0.000    0.005      0.000    0.000    8443.0    8466.0    1.0
p_y[317]                                   0.001  0.003   0.000    0.005      0.000    0.000   10787.0   12597.0    1.0
p_y[318]                                   0.002  0.004   0.000    0.006      0.000    0.000   14024.0   16934.0    1.0
p_y[319]                                   0.002  0.004   0.000    0.006      0.000    0.000    6749.0    5235.0    1.0
p_y[320]                                   0.002  0.005   0.000    0.009      0.000    0.000    4368.0    2224.0    1.0
p_y[321]                                   0.002  0.003   0.000    0.006      0.000    0.000   10215.0   16099.0    1.0
p_y[322]                                   0.001  0.004   0.000    0.005      0.000    0.000    9436.0   16350.0    1.0
p_y[323]                                   0.003  0.007   0.000    0.012      0.000    0.000    9014.0   15749.0    1.0
p_y[324]                                   0.003  0.005   0.000    0.010      0.000    0.000   11739.0   15657.0    1.0
p_y[325]                                   0.001  0.004   0.000    0.004      0.000    0.000    9867.0   16401.0    1.0
p_y[326]                                   0.001  0.003   0.000    0.005      0.000    0.000    9083.0   12496.0    1.0
p_y[327]                                   0.002  0.005   0.000    0.009      0.000    0.000   12451.0   11048.0    1.0
p_y[328]                                   0.016  0.023   0.000    0.057      0.000    0.000    4697.0    2663.0    1.0
p_y[329]                                   0.001  0.005   0.000    0.005      0.000    0.000    4998.0    7829.0    1.0
p_y[330]                                   0.001  0.003   0.000    0.005      0.000    0.000   10262.0    3819.0    1.0
p_y[331]                                   0.002  0.005   0.000    0.006      0.000    0.000    8015.0    8776.0    1.0
p_y[332]                                   0.001  0.003   0.000    0.005      0.000    0.000   11263.0   18230.0    1.0
p_y[333]                                   0.001  0.002   0.000    0.003      0.000    0.000    7528.0   11416.0    1.0
p_y[334]                                   0.001  0.005   0.000    0.006      0.000    0.000    7620.0    5277.0    1.0
p_y[335]                                   0.002  0.007   0.000    0.007      0.000    0.000    8609.0    7918.0    1.0
p_y[336]                                   0.001  0.004   0.000    0.004      0.000    0.000    8207.0   12005.0    1.0
p_y[337]                                   0.001  0.003   0.000    0.005      0.000    0.000    4618.0    2143.0    1.0
p_y[338]                                   0.001  0.004   0.000    0.006      0.000    0.000   14140.0   16751.0    1.0
p_y[339]                                   0.001  0.002   0.000    0.003      0.000    0.000    8422.0   17337.0    1.0
p_y[340]                                   0.002  0.005   0.000    0.007      0.000    0.000    6592.0    2225.0    1.0
p_y[341]                                   0.002  0.004   0.000    0.006      0.000    0.000    7697.0   11033.0    1.0
p_y[342]                                   0.001  0.003   0.000    0.005      0.000    0.000    9610.0   13884.0    1.0
p_y[343]                                   0.001  0.004   0.000    0.006      0.000    0.000   10974.0   14877.0    1.0
p_y[344]                                   0.002  0.005   0.000    0.007      0.000    0.000    9422.0   12867.0    1.0
p_y[345]                                   0.002  0.004   0.000    0.007      0.000    0.000   12841.0   14474.0    1.0
p_y[346]                                   0.030  0.016   0.006    0.059      0.000    0.000   11176.0   11580.0    1.0
p_y[347]                                   0.002  0.005   0.000    0.008      0.000    0.000   10365.0   13882.0    1.0
p_y[348]                                   0.002  0.006   0.000    0.008      0.000    0.000   11763.0   16995.0    1.0
p_y[349]                                   0.001  0.002   0.000    0.003      0.000    0.000    5468.0    2256.0    1.0
p_y[350]                                   0.001  0.002   0.000    0.003      0.000    0.000    9649.0   13961.0    1.0
p_y[351]                                   0.001  0.001   0.000    0.002      0.000    0.000    9701.0   15162.0    1.0
p_y[352]                                   0.001  0.003   0.000    0.003      0.000    0.000    5828.0    2068.0    1.0
p_y[353]                                   0.001  0.003   0.000    0.005      0.000    0.000   12088.0   15412.0    1.0
p_y[354]                                   0.001  0.004   0.000    0.005      0.000    0.000    9066.0   12758.0    1.0
p_y[355]                                   0.002  0.004   0.000    0.007      0.000    0.000    9853.0   13349.0    1.0
p_y[356]                                   0.002  0.005   0.000    0.009      0.000    0.000    3802.0    1905.0    1.0
p_y[357]                                   0.002  0.003   0.000    0.006      0.000    0.000   12724.0    6943.0    1.0
p_y[358]                                   0.002  0.004   0.000    0.006      0.000    0.000   14110.0   16515.0    1.0
p_y[359]                                   0.001  0.002   0.000    0.004      0.000    0.000   11255.0   13309.0    1.0
p_y[360]                                   0.001  0.002   0.000    0.004      0.000    0.000   10790.0   15412.0    1.0
p_y[361]                                   0.001  0.003   0.000    0.005      0.000    0.000    9992.0   13924.0    1.0
p_y[362]                                   0.000  0.001   0.000    0.002      0.000    0.000   11332.0   10435.0    1.0
p_y[363]                                   0.002  0.002   0.000    0.005      0.000    0.000   11200.0    8776.0    1.0
p_y[364]                                   0.000  0.001   0.000    0.001      0.000    0.000    5524.0    1990.0    1.0
p_y[365]                                   0.001  0.002   0.000    0.003      0.000    0.000    4761.0    2229.0    1.0
p_y[366]                                   0.001  0.002   0.000    0.004      0.000    0.000   11004.0    5296.0    1.0
p_y[367]                                   0.003  0.004   0.000    0.010      0.000    0.000   12417.0   15798.0    1.0
p_y[368]                                   0.001  0.001   0.000    0.002      0.000    0.000   14576.0   18450.0    1.0
p_y[369]                                   0.001  0.003   0.000    0.002      0.000    0.000    6757.0    2039.0    1.0
p_y[370]                                   0.000  0.001   0.000    0.001      0.000    0.000    3893.0    2105.0    1.0
p_y[371]                                   0.001  0.003   0.000    0.002      0.000    0.000    8085.0    3925.0    1.0
p_y[372]                                   0.002  0.006   0.000    0.008      0.000    0.000    6413.0    4427.0    1.0
p_y[373]                                   0.000  0.001   0.000    0.002      0.000    0.000   10480.0   10644.0    1.0
p_y[374]                                   0.001  0.001   0.000    0.002      0.000    0.000    7832.0   14183.0    1.0
p_y[375]                                   0.000  0.001   0.000    0.001      0.000    0.000    4255.0    2177.0    1.0
p_y[376]                                   0.000  0.001   0.000    0.001      0.000    0.000    7857.0   10979.0    1.0
p_y[377]                                   0.000  0.002   0.000    0.002      0.000    0.000   12226.0   15485.0    1.0
p_y[378]                                   0.000  0.001   0.000    0.001      0.000    0.000    8291.0   11570.0    1.0
p_y[379]                                   0.002  0.003   0.000    0.007      0.000    0.000   13318.0   12528.0    1.0
p_y[380]                                   0.001  0.002   0.000    0.002      0.000    0.000   11158.0   18313.0    1.0
p_y[381]                                   0.000  0.001   0.000    0.002      0.000    0.000    9724.0   14189.0    1.0
p_y[382]                                   0.001  0.001   0.000    0.002      0.000    0.000    5169.0    3615.0    1.0
p_y[383]                                   0.000  0.000   0.000    0.001      0.000    0.000    6614.0    3783.0    1.0
p_y[384]                                   0.000  0.001   0.000    0.001      0.000    0.000   10781.0   13526.0    1.0
p_y[385]                                   0.000  0.001   0.000    0.001      0.000    0.000    4597.0    1994.0    1.0
p_y[386]                                   0.001  0.001   0.000    0.002      0.000    0.000    9823.0   17428.0    1.0
p_y[387]                                   0.000  0.001   0.000    0.001      0.000    0.000    9376.0   11468.0    1.0
p_y[388]                                   0.000  0.001   0.000    0.002      0.000    0.000    5630.0    2024.0    1.0
p_y[389]                                   0.002  0.004   0.000    0.008      0.000    0.000   12899.0   15588.0    1.0
p_y[390]                                   0.000  0.002   0.000    0.002      0.000    0.000    6176.0    9363.0    1.0
p_y[391]                                   0.002  0.004   0.000    0.008      0.000    0.000   10209.0   14002.0    1.0
p_y[392]                                   0.000  0.002   0.000    0.002      0.000    0.000    8223.0   11123.0    1.0
p_y[393]                                   0.001  0.002   0.000    0.003      0.000    0.000   11767.0   12547.0    1.0
p_y[394]                                   0.002  0.003   0.000    0.006      0.000    0.000   14216.0   13387.0    1.0
p_y[395]                                   0.000  0.001   0.000    0.002      0.000    0.000   10170.0   15796.0    1.0
p_y[396]                                   0.030  0.024   0.000    0.073      0.000    0.000   10411.0    8166.0    1.0
p_y[397]                                   0.001  0.003   0.000    0.005      0.000    0.000    5718.0    4396.0    1.0
p_y[398]                                   0.002  0.003   0.000    0.006      0.000    0.000   13301.0   19632.0    1.0
p_y[399]                                   0.001  0.003   0.000    0.004      0.000    0.000    7029.0    5283.0    1.0
p_y[400]                                   0.002  0.004   0.000    0.006      0.000    0.000   12164.0   12543.0    1.0
p_y[401]                                   0.001  0.002   0.000    0.004      0.000    0.000    8034.0    9943.0    1.0
p_y[402]                                   0.001  0.004   0.000    0.005      0.000    0.000    7109.0   15152.0    1.0
p_y[403]                                   0.002  0.003   0.000    0.006      0.000    0.000   10649.0   12310.0    1.0
p_y[404]                                   0.001  0.002   0.000    0.002      0.000    0.000    6405.0   12410.0    1.0
p_y[405]                                   0.001  0.003   0.000    0.005      0.000    0.000    6755.0    4097.0    1.0
p_y[406]                                   0.000  0.001   0.000    0.001      0.000    0.000    8446.0   10840.0    1.0
p_y[407]                                   0.001  0.002   0.000    0.004      0.000    0.000    4988.0    2252.0    1.0
p_y[408]                                   0.001  0.002   0.000    0.002      0.000    0.000    8421.0   12047.0    1.0
p_y[409]                                   0.001  0.003   0.000    0.004      0.000    0.000    6422.0    6337.0    1.0
p_y[410]                                   0.001  0.004   0.000    0.004      0.000    0.000    6895.0   11358.0    1.0
p_y[411]                                   0.002  0.004   0.000    0.006      0.000    0.000   11553.0   16718.0    1.0
p_y[412]                                   0.001  0.004   0.000    0.004      0.000    0.000    9512.0   14983.0    1.0
p_y[413]                                   0.002  0.003   0.000    0.006      0.000    0.000   14943.0   16596.0    1.0
p_y[414]                                   0.002  0.004   0.000    0.006      0.000    0.000    8216.0    9237.0    1.0
p_y[415]                                   0.001  0.003   0.000    0.004      0.000    0.000   10377.0   13413.0    1.0
p_y[416]                                   0.001  0.004   0.000    0.005      0.000    0.000    8414.0    3712.0    1.0
p_y[417]                                   0.002  0.006   0.000    0.006      0.000    0.000    8869.0   14347.0    1.0
p_y[418]                                   0.002  0.005   0.000    0.007      0.000    0.000   12190.0    7217.0    1.0
p_y[419]                                   0.002  0.004   0.000    0.006      0.000    0.000   11943.0   11781.0    1.0
p_y[420]                                   0.001  0.002   0.000    0.003      0.000    0.000    7679.0   13413.0    1.0
p_y[421]                                   0.002  0.004   0.000    0.006      0.000    0.000    8055.0    9596.0    1.0
p_y[422]                                   0.002  0.004   0.000    0.007      0.000    0.000    7852.0    4127.0    1.0
p_y[423]                                   0.001  0.003   0.000    0.003      0.000    0.000   11768.0   18910.0    1.0
p_y[424]                                   0.001  0.003   0.000    0.005      0.000    0.000   12153.0   15497.0    1.0
p_y[425]                                   0.001  0.002   0.000    0.002      0.000    0.000   10073.0   12412.0    1.0
p_y[426]                                   0.001  0.003   0.000    0.005      0.000    0.000   10997.0   15043.0    1.0
p_y[427]                                   0.000  0.001   0.000    0.002      0.000    0.000   11787.0   11053.0    1.0
p_y[428]                                   0.002  0.008   0.000    0.007      0.000    0.000   11884.0   16992.0    1.0
p_y[429]                                   0.001  0.003   0.000    0.004      0.000    0.000    9997.0   10709.0    1.0
p_y[430]                                   0.001  0.002   0.000    0.003      0.000    0.000    9794.0   10251.0    1.0
p_y[431]                                   0.000  0.001   0.000    0.002      0.000    0.000   12075.0   18854.0    1.0
p_y[432]                                   0.001  0.003   0.000    0.005      0.000    0.000   11445.0   14458.0    1.0
p_y[433]                                   0.003  0.007   0.000    0.014      0.000    0.000   10664.0   10225.0    1.0
p_y[434]                                   0.000  0.001   0.000    0.001      0.000    0.000   10764.0   14956.0    1.0
p_y[435]                                   0.001  0.004   0.000    0.004      0.000    0.000   11089.0   16037.0    1.0
p_y[436]                                   0.002  0.007   0.000    0.007      0.000    0.000   10035.0   13333.0    1.0
p_y[437]                                   0.001  0.003   0.000    0.003      0.000    0.000    8828.0    7331.0    1.0
p_y[438]                                   0.001  0.003   0.000    0.005      0.000    0.000   10062.0   17772.0    1.0
p_y[439]                                   0.001  0.002   0.000    0.003      0.000    0.000   11146.0   13345.0    1.0
p_y[440]                                   0.001  0.002   0.000    0.002      0.000    0.000    9837.0    7516.0    1.0
p_y[441]                                   0.001  0.002   0.000    0.003      0.000    0.000    7857.0   12533.0    1.0
p_y[442]                                   0.001  0.003   0.000    0.004      0.000    0.000    9267.0    9792.0    1.0
p_y[443]                                   0.001  0.002   0.000    0.003      0.000    0.000    7658.0    5466.0    1.0
p_y[444]                                   0.001  0.003   0.000    0.003      0.000    0.000    8885.0   13320.0    1.0
p_y[445]                                   0.001  0.002   0.000    0.003      0.000    0.000   10427.0   16115.0    1.0
p_y[446]                                   0.001  0.003   0.000    0.004      0.000    0.000    9195.0   11646.0    1.0
p_y[447]                                   0.003  0.006   0.000    0.012      0.000    0.000    7035.0    7696.0    1.0
p_y[448]                                   0.001  0.003   0.000    0.003      0.000    0.000   10311.0   14671.0    1.0
p_y[449]                                   0.001  0.002   0.000    0.003      0.000    0.000    7882.0   13779.0    1.0
p_y[450]                                   0.001  0.003   0.000    0.004      0.000    0.000    5622.0    5721.0    1.0
p_y[451]                                   0.001  0.002   0.000    0.002      0.000    0.000    9835.0   14817.0    1.0
p_y[452]                                   0.001  0.002   0.000    0.002      0.000    0.000    9577.0   13725.0    1.0
p_y[453]                                   0.001  0.003   0.000    0.003      0.000    0.000    4585.0    2057.0    1.0
p_y[454]                                   0.001  0.003   0.000    0.003      0.000    0.000    7492.0    8819.0    1.0
p_y[455]                                   0.002  0.008   0.000    0.008      0.000    0.000    6846.0    9973.0    1.0
p_y[456]                                   0.001  0.003   0.000    0.003      0.000    0.000    6682.0   14745.0    1.0
p_y[457]                                   0.001  0.002   0.000    0.003      0.000    0.000    3701.0    1826.0    1.0
p_y[458]                                   0.008  0.020   0.000    0.034      0.000    0.000    7201.0   14483.0    1.0
p_y[459]                                   0.001  0.003   0.000    0.003      0.000    0.000    9168.0   11812.0    1.0
p_y[460]                                   0.001  0.003   0.000    0.004      0.000    0.000    5999.0    5838.0    1.0
p_y[461]                                   0.001  0.002   0.000    0.002      0.000    0.000    5305.0    6266.0    1.0
p_y[462]                                   0.001  0.003   0.000    0.003      0.000    0.000    4559.0    1959.0    1.0
p_y[463]                                   0.001  0.003   0.000    0.003      0.000    0.000    7191.0   12588.0    1.0
p_y[464]                                   0.001  0.003   0.000    0.002      0.000    0.000    9567.0    9783.0    1.0
p_y[465]                                   0.001  0.004   0.000    0.004      0.000    0.000    9541.0   16188.0    1.0
p_y[466]                                   0.001  0.004   0.000    0.006      0.000    0.000    7333.0   10159.0    1.0
p_y[467]                                   0.001  0.003   0.000    0.005      0.000    0.000    5060.0    2286.0    1.0
p_y[468]                                   0.001  0.002   0.000    0.003      0.000    0.000    7610.0   12415.0    1.0
p_y[469]                                   0.001  0.004   0.000    0.004      0.000    0.000    6836.0    3578.0    1.0
p_y[470]                                   0.001  0.005   0.000    0.005      0.000    0.000   10912.0   12996.0    1.0
p_y[471]                                   0.001  0.002   0.000    0.003      0.000    0.000   10596.0   11765.0    1.0
p_y[472]                                   0.001  0.002   0.000    0.004      0.000    0.000    9810.0   16934.0    1.0
p_y[473]                                   0.003  0.006   0.000    0.011      0.000    0.000   10765.0    7901.0    1.0
p_y[474]                                   0.003  0.007   0.000    0.011      0.000    0.000    9286.0    8748.0    1.0
p_y[475]                                   0.002  0.004   0.000    0.008      0.000    0.000   10666.0   17324.0    1.0
p_y[476]                                   0.002  0.003   0.000    0.006      0.000    0.000   11087.0    8502.0    1.0
p_y[477]                                   0.002  0.005   0.000    0.008      0.000    0.000   13019.0   18290.0    1.0
p_y[478]                                   0.002  0.004   0.000    0.007      0.000    0.000   11248.0    7989.0    1.0
p_y[479]                                   0.002  0.003   0.000    0.007      0.000    0.000    5519.0    7239.0    1.0
p_y[480]                                   0.001  0.002   0.000    0.003      0.000    0.000    8854.0   13755.0    1.0
p_y[481]                                   0.003  0.006   0.000    0.010      0.000    0.000   11116.0   10871.0    1.0
p_y[482]                                   0.003  0.007   0.000    0.012      0.000    0.000    9011.0   13023.0    1.0
p_y[483]                                   0.010  0.010   0.000    0.028      0.000    0.000   10486.0    9290.0    1.0
p_y[484]                                   0.001  0.003   0.000    0.004      0.000    0.000    6907.0    3672.0    1.0
p_y[485]                                   0.001  0.003   0.000    0.003      0.000    0.000   11742.0   15140.0    1.0
p_y[486]                                   0.001  0.004   0.000    0.004      0.000    0.000    7712.0    6315.0    1.0
p_y[487]                                   0.001  0.002   0.000    0.003      0.000    0.000    8704.0   14228.0    1.0
p_y[488]                                   0.001  0.002   0.000    0.003      0.000    0.000   10615.0   17540.0    1.0
p_y[489]                                   0.001  0.002   0.000    0.003      0.000    0.000   12578.0   15044.0    1.0
p_y[490]                                   0.001  0.002   0.000    0.003      0.000    0.000   10941.0   14618.0    1.0
p_y[491]                                   0.002  0.003   0.000    0.006      0.000    0.000   11176.0   11311.0    1.0
p_y[492]                                   0.001  0.002   0.000    0.003      0.000    0.000    8377.0   13632.0    1.0
p_y[493]                                   0.002  0.004   0.000    0.008      0.000    0.000    7933.0    2807.0    1.0
p_y[494]                                   0.001  0.002   0.000    0.003      0.000    0.000    7595.0    8044.0    1.0
p_y[495]                                   0.001  0.003   0.000    0.003      0.000    0.000    9195.0    9377.0    1.0
p_y[496]                                   0.000  0.001   0.000    0.002      0.000    0.000   11261.0   12963.0    1.0
p_y[497]                                   0.000  0.001   0.000    0.002      0.000    0.000    5929.0    1997.0    1.0
p_y[498]                                   0.001  0.003   0.000    0.005      0.000    0.000    8422.0   15319.0    1.0
p_y[499]                                   0.001  0.003   0.000    0.004      0.000    0.000   10200.0   13027.0    1.0
p_y[500]                                   0.001  0.004   0.000    0.006      0.000    0.000    5603.0    6436.0    1.0
p_y[501]                                   0.001  0.003   0.000    0.003      0.000    0.000    5947.0    7354.0    1.0
p_y[502]                                   0.001  0.004   0.000    0.005      0.000    0.000    6571.0    2187.0    1.0
p_y[503]                                   0.001  0.004   0.000    0.005      0.000    0.000    9135.0   16352.0    1.0
p_y[504]                                   0.001  0.003   0.000    0.003      0.000    0.000    9314.0   14263.0    1.0
p_y[505]                                   0.005  0.008   0.000    0.019      0.000    0.000    8494.0    6250.0    1.0
p_y[506]                                   0.003  0.008   0.000    0.013      0.000    0.000    5809.0    2191.0    1.0
p_y[507]                                   0.001  0.004   0.000    0.003      0.000    0.000    8220.0   13817.0    1.0
p_y[508]                                   0.001  0.003   0.000    0.005      0.000    0.000    8890.0    8427.0    1.0
p_y[509]                                   0.001  0.002   0.000    0.003      0.000    0.000    7019.0    2421.0    1.0
p_y[510]                                   0.002  0.006   0.000    0.006      0.000    0.000    8753.0    5580.0    1.0
p_y[511]                                   0.002  0.007   0.000    0.007      0.000    0.000    9582.0   15039.0    1.0
p_y[512]                                   0.001  0.004   0.000    0.006      0.000    0.000    5584.0    2135.0    1.0
p_y[513]                                   0.001  0.004   0.000    0.004      0.000    0.000    9635.0   13205.0    1.0
p_y[514]                                   0.001  0.003   0.000    0.005      0.000    0.000   10939.0   15643.0    1.0
p_y[515]                                   0.001  0.004   0.000    0.005      0.000    0.000    5106.0    3869.0    1.0
p_y[516]                                   0.011  0.021   0.000    0.045      0.000    0.000    5034.0    3373.0    1.0
p_y[517]                                   0.001  0.004   0.000    0.005      0.000    0.000    7947.0   13888.0    1.0
p_y[518]                                   0.002  0.005   0.000    0.006      0.000    0.000    8213.0    4107.0    1.0
p_y[519]                                   0.001  0.002   0.000    0.004      0.000    0.000   11893.0   11204.0    1.0
p_y[520]                                   0.001  0.003   0.000    0.005      0.000    0.000    6877.0    2388.0    1.0
p_y[521]                                   0.001  0.003   0.000    0.003      0.000    0.000    6853.0    6630.0    1.0
p_y[522]                                   0.001  0.003   0.000    0.004      0.000    0.000    8013.0    5059.0    1.0
p_y[523]                                   0.002  0.004   0.000    0.007      0.000    0.000    6583.0    3221.0    1.0
p_y[524]                                   0.002  0.004   0.000    0.006      0.000    0.000   10552.0   15400.0    1.0
p_y[525]                                   0.001  0.003   0.000    0.004      0.000    0.000    9319.0   16101.0    1.0
p_y[526]                                   0.006  0.016   0.000    0.023      0.000    0.000   11055.0   11864.0    1.0
p_y[527]                                   0.002  0.004   0.000    0.008      0.000    0.000   11009.0   12246.0    1.0
p_y[528]                                   0.002  0.007   0.000    0.008      0.000    0.000    4885.0    1902.0    1.0
p_y[529]                                   0.001  0.004   0.000    0.006      0.000    0.000    6758.0    2983.0    1.0
p_y[530]                                   0.002  0.002   0.000    0.005      0.000    0.000   13190.0   12740.0    1.0
p_y[531]                                   0.004  0.013   0.000    0.017      0.000    0.000    9527.0   11053.0    1.0
p_y[532]                                   0.001  0.002   0.000    0.004      0.000    0.000   11328.0   16336.0    1.0
p_y[533]                                   0.001  0.003   0.000    0.004      0.000    0.000    6991.0    9315.0    1.0
p_y[534]                                   0.001  0.004   0.000    0.005      0.000    0.000    7371.0   10956.0    1.0
p_y[535]                                   0.002  0.005   0.000    0.008      0.000    0.000    9368.0    8477.0    1.0
p_y[536]                                   0.002  0.007   0.000    0.008      0.000    0.000    7241.0    9861.0    1.0
p_y[537]                                   0.002  0.004   0.000    0.009      0.000    0.000   10982.0   16646.0    1.0
p_y[538]                                   0.001  0.003   0.000    0.006      0.000    0.000    8790.0    9069.0    1.0
p_y[539]                                   0.002  0.006   0.000    0.008      0.000    0.000   10526.0   13392.0    1.0
p_y[540]                                   0.001  0.003   0.000    0.005      0.000    0.000   10707.0   11423.0    1.0
p_y[541]                                   0.002  0.006   0.000    0.006      0.000    0.000    8434.0   10130.0    1.0
p_y[542]                                   0.001  0.002   0.000    0.004      0.000    0.000    5717.0    2354.0    1.0
p_y[543]                                   0.003  0.008   0.000    0.013      0.000    0.000    5529.0    4401.0    1.0
p_y[544]                                   0.005  0.011   0.000    0.018      0.000    0.000   11583.0   12343.0    1.0
p_y[545]                                   0.003  0.006   0.000    0.010      0.000    0.000    9776.0    6322.0    1.0
p_y[546]                                   0.002  0.004   0.000    0.007      0.000    0.000   10827.0    9427.0    1.0
p_y[547]                                   0.003  0.006   0.000    0.011      0.000    0.000    7324.0   12285.0    1.0
p_y[548]                                   0.002  0.004   0.000    0.009      0.000    0.000   11539.0   13499.0    1.0
p_y[549]                                   0.001  0.004   0.000    0.005      0.000    0.000    6640.0    9390.0    1.0
p_y[550]                                   0.002  0.004   0.000    0.007      0.000    0.000    9659.0    7090.0    1.0
p_y[551]                                   0.003  0.008   0.000    0.010      0.000    0.000   12929.0   13740.0    1.0
p_y[552]                                   0.001  0.004   0.000    0.005      0.000    0.000    7672.0    4286.0    1.0
p_y[553]                                   0.002  0.005   0.000    0.008      0.000    0.000   10655.0   16935.0    1.0
p_y[554]                                   0.003  0.011   0.000    0.012      0.000    0.000   11305.0   12657.0    1.0
p_y[555]                                   0.001  0.004   0.000    0.005      0.000    0.000    6852.0    3243.0    1.0
p_y[556]                                   0.002  0.005   0.000    0.008      0.000    0.000   12571.0   14771.0    1.0
p_y[557]                                   0.001  0.004   0.000    0.005      0.000    0.000    5304.0    2211.0    1.0
p_y[558]                                   0.003  0.006   0.000    0.012      0.000    0.000    9674.0    4112.0    1.0
p_y[559]                                   0.003  0.005   0.000    0.011      0.000    0.000   14175.0   13637.0    1.0
p_y[560]                                   0.001  0.002   0.000    0.004      0.000    0.000   10327.0    8271.0    1.0
p_y[561]                                   0.006  0.011   0.000    0.020      0.000    0.000   11960.0   13565.0    1.0
p_y[562]                                   0.271  0.103   0.099    0.458      0.001    0.001    6859.0    4399.0    1.0
p_y[563]                                   0.008  0.015   0.000    0.030      0.000    0.000   16142.0   15234.0    1.0
p_y[564]                                   0.005  0.008   0.000    0.018      0.000    0.000   11089.0    8703.0    1.0
p_y[565]                                   0.002  0.004   0.000    0.007      0.000    0.000   12078.0   16231.0    1.0
p_y[566]                                   0.002  0.004   0.000    0.007      0.000    0.000    8457.0    4191.0    1.0
p_y[567]                                   0.001  0.003   0.000    0.004      0.000    0.000    9774.0    7810.0    1.0
p_y[568]                                   0.003  0.007   0.000    0.009      0.000    0.000    8266.0    5256.0    1.0
p_y[569]                                   0.002  0.005   0.000    0.008      0.000    0.000    9018.0    4635.0    1.0
p_y[570]                                   0.001  0.003   0.000    0.005      0.000    0.000   13094.0   13431.0    1.0
p_y[571]                                   0.001  0.004   0.000    0.005      0.000    0.000   14012.0   15841.0    1.0
p_y[572]                                   0.002  0.004   0.000    0.007      0.000    0.000   12650.0   11443.0    1.0
p_y[573]                                   0.001  0.003   0.000    0.005      0.000    0.000   11186.0   13611.0    1.0
p_y[574]                                   0.001  0.002   0.000    0.005      0.000    0.000    9764.0    8019.0    1.0
p_y[575]                                   0.001  0.002   0.000    0.003      0.000    0.000   13581.0   15547.0    1.0
p_y[576]                                   0.001  0.002   0.000    0.003      0.000    0.000   11774.0   14037.0    1.0
p_y[577]                                   0.002  0.004   0.000    0.008      0.000    0.000    8954.0   13783.0    1.0
p_y[578]                                   0.004  0.008   0.000    0.014      0.000    0.000    9618.0    6467.0    1.0
p_y[579]                                   0.008  0.013   0.000    0.029      0.000    0.000    6652.0    2328.0    1.0
p_y[580]                                   0.002  0.004   0.000    0.008      0.000    0.000   11554.0   11853.0    1.0
p_y[581]                                   0.001  0.002   0.000    0.005      0.000    0.000   10159.0   10349.0    1.0
p_y[582]                                   0.002  0.006   0.000    0.008      0.000    0.000   13097.0   10979.0    1.0
p_y[583]                                   0.001  0.003   0.000    0.005      0.000    0.000   12032.0   12970.0    1.0
p_y[584]                                   0.005  0.011   0.000    0.020      0.000    0.000   10638.0   12501.0    1.0
p_y[585]                                   0.001  0.002   0.000    0.004      0.000    0.000   10382.0   15496.0    1.0
p_y[586]                                   0.002  0.003   0.000    0.007      0.000    0.000   14782.0   11850.0    1.0
p_y[587]                                   0.003  0.006   0.000    0.010      0.000    0.000   11126.0   13024.0    1.0
p_y[588]                                   0.002  0.004   0.000    0.006      0.000    0.000   12114.0   17535.0    1.0
p_y[589]                                   0.001  0.002   0.000    0.005      0.000    0.000   16190.0   13516.0    1.0
p_y[590]                                   0.001  0.004   0.000    0.005      0.000    0.000   10783.0   13484.0    1.0
p_y[591]                                   0.001  0.002   0.000    0.003      0.000    0.000    6087.0    4416.0    1.0
p_y[592]                                   0.002  0.003   0.000    0.006      0.000    0.000    9021.0    4406.0    1.0
p_y[593]                                   0.001  0.003   0.000    0.006      0.000    0.000    6011.0    2233.0    1.0
p_y[594]                                   0.005  0.012   0.000    0.022      0.000    0.000   10488.0   15937.0    1.0
p_y[595]                                   0.002  0.006   0.000    0.008      0.000    0.000    9582.0    8304.0    1.0
p_y[596]                                   0.002  0.005   0.000    0.008      0.000    0.000   14032.0    9473.0    1.0
p_y[597]                                   0.002  0.006   0.000    0.007      0.000    0.000   11328.0   14680.0    1.0
p_y[598]                                   0.002  0.007   0.000    0.008      0.000    0.000   10985.0   14310.0    1.0
p_y[599]                                   0.001  0.001   0.000    0.003      0.000    0.000    8299.0   13118.0    1.0
p_y[600]                                   0.001  0.001   0.000    0.003      0.000    0.000    9518.0   14364.0    1.0
p_y[601]                                   0.001  0.005   0.000    0.005      0.000    0.000   10831.0   15984.0    1.0
p_y[602]                                   0.001  0.003   0.000    0.004      0.000    0.000    5285.0    3792.0    1.0
p_y[603]                                   0.001  0.001   0.000    0.002      0.000    0.000    9984.0   12074.0    1.0
p_y[604]                                   0.001  0.002   0.000    0.003      0.000    0.000    8877.0   12670.0    1.0
p_y[605]                                   0.001  0.001   0.000    0.002      0.000    0.000   11323.0   14094.0    1.0
p_y[606]                                   0.001  0.001   0.000    0.003      0.000    0.000    6196.0   12429.0    1.0
p_y[607]                                   0.001  0.002   0.000    0.005      0.000    0.000   10982.0   14138.0    1.0
p_y[608]                                   0.001  0.002   0.000    0.004      0.000    0.000   11158.0   11974.0    1.0
p_y[609]                                   0.002  0.005   0.000    0.008      0.000    0.000   10804.0   11705.0    1.0
p_y[610]                                   0.002  0.004   0.000    0.009      0.000    0.000    8537.0   11649.0    1.0
p_y[611]                                   0.002  0.004   0.000    0.005      0.000    0.000    3751.0    1544.0    1.0
p_y[612]                                   0.001  0.002   0.000    0.004      0.000    0.000    9711.0   11071.0    1.0
p_y[613]                                   0.002  0.005   0.000    0.007      0.000    0.000    9085.0   12921.0    1.0
p_y[614]                                   0.002  0.005   0.000    0.007      0.000    0.000    9253.0   12470.0    1.0
p_y[615]                                   0.004  0.013   0.000    0.018      0.000    0.000    9143.0    6317.0    1.0
p_y[616]                                   0.001  0.006   0.000    0.004      0.000    0.000    8761.0   14458.0    1.0
p_y[617]                                   0.010  0.009   0.000    0.026      0.000    0.000    7415.0    2628.0    1.0
p_y[618]                                   0.002  0.003   0.000    0.006      0.000    0.000   11330.0    9758.0    1.0
p_y[619]                                   0.001  0.002   0.000    0.004      0.000    0.000    8014.0    3300.0    1.0
p_y[620]                                   0.001  0.001   0.000    0.002      0.000    0.000    9216.0   13121.0    1.0
p_y[621]                                   0.002  0.003   0.000    0.006      0.000    0.000   11243.0   12081.0    1.0
p_y[622]                                   0.002  0.008   0.000    0.008      0.000    0.000   11320.0   13380.0    1.0
p_y[623]                                   0.015  0.022   0.000    0.053      0.000    0.000    7080.0    9125.0    1.0
p_y[624]                                   0.004  0.014   0.000    0.013      0.000    0.000    7330.0   11490.0    1.0
p_y[625]                                   0.002  0.004   0.000    0.006      0.000    0.000    9329.0   17789.0    1.0
p_y[626]                                   0.002  0.008   0.000    0.007      0.000    0.000    8750.0    5494.0    1.0
p_y[627]                                   0.002  0.008   0.000    0.007      0.000    0.000    8797.0   11564.0    1.0
p_y[628]                                   0.001  0.002   0.000    0.003      0.000    0.000    8130.0   10749.0    1.0
p_y[629]                                   0.043  0.073   0.000    0.169      0.001    0.001    7708.0    4437.0    1.0
p_y[630]                                   0.004  0.008   0.000    0.014      0.000    0.000    6240.0    3799.0    1.0
p_y[631]                                   0.001  0.004   0.000    0.004      0.000    0.000   11226.0   12252.0    1.0
p_y[632]                                   0.002  0.004   0.000    0.007      0.000    0.000    9217.0   15255.0    1.0
p_y[633]                                   0.001  0.004   0.000    0.005      0.000    0.000    9754.0   13136.0    1.0
p_y[634]                                   0.002  0.005   0.000    0.006      0.000    0.000    9060.0   15169.0    1.0
p_y[635]                                   0.000  0.001   0.000    0.002      0.000    0.000    9169.0   13489.0    1.0
p_y[636]                                   0.001  0.002   0.000    0.003      0.000    0.000    7754.0   11222.0    1.0
p_y[637]                                   0.001  0.003   0.000    0.003      0.000    0.000    7282.0    7839.0    1.0
p_y[638]                                   0.001  0.002   0.000    0.003      0.000    0.000    7254.0   11372.0    1.0
p_y[639]                                   0.001  0.003   0.000    0.003      0.000    0.000    9344.0    8323.0    1.0
p_y[640]                                   0.001  0.002   0.000    0.003      0.000    0.000    4473.0    2038.0    1.0
p_y[641]                                   0.001  0.001   0.000    0.002      0.000    0.000    8424.0   12645.0    1.0
p_y[642]                                   0.001  0.005   0.000    0.004      0.000    0.000    9854.0   16123.0    1.0
p_y[643]                                   0.002  0.008   0.000    0.007      0.000    0.000    5221.0    1911.0    1.0
p_y[644]                                   0.001  0.004   0.000    0.004      0.000    0.000    9131.0   16932.0    1.0
p_y[645]                                   0.001  0.004   0.000    0.005      0.000    0.000    6259.0    3714.0    1.0
p_y[646]                                   0.001  0.003   0.000    0.004      0.000    0.000    6037.0    3404.0    1.0
p_y[647]                                   0.005  0.012   0.000    0.023      0.000    0.000    5165.0    3871.0    1.0
p_y[648]                                   0.001  0.003   0.000    0.004      0.000    0.000    3839.0    2069.0    1.0
p_y[649]                                   0.001  0.003   0.000    0.005      0.000    0.000    6137.0    3931.0    1.0
p_y[650]                                   0.001  0.003   0.000    0.005      0.000    0.000    9759.0   13115.0    1.0
p_y[651]                                   0.001  0.003   0.000    0.004      0.000    0.000    8609.0   13248.0    1.0
p_y[652]                                   0.001  0.004   0.000    0.004      0.000    0.000    8640.0    8681.0    1.0
p_y[653]                                   0.002  0.006   0.000    0.009      0.000    0.000    6683.0    8293.0    1.0
p_y[654]                                   0.001  0.003   0.000    0.004      0.000    0.000    9308.0   11783.0    1.0
p_y[655]                                   0.001  0.004   0.000    0.004      0.000    0.000    7706.0   12791.0    1.0
p_y[656]                                   0.001  0.005   0.000    0.004      0.000    0.000    7521.0   16243.0    1.0
p_y[657]                                   0.002  0.006   0.000    0.006      0.000    0.000    8953.0    5219.0    1.0
p_y[658]                                   0.001  0.005   0.000    0.005      0.000    0.000    9307.0   13946.0    1.0
p_y[659]                                   0.004  0.011   0.000    0.014      0.000    0.000    8971.0    7252.0    1.0
p_y[660]                                   0.003  0.009   0.000    0.011      0.000    0.000    8388.0   11137.0    1.0
p_y[661]                                   0.001  0.002   0.000    0.003      0.000    0.000    8976.0   12224.0    1.0
p_y[662]                                   0.004  0.010   0.000    0.015      0.000    0.000    9780.0   10472.0    1.0
p_y[663]                                   0.003  0.004   0.000    0.009      0.000    0.000    8127.0   12081.0    1.0
p_y[664]                                   0.003  0.004   0.000    0.010      0.000    0.000   14295.0   14799.0    1.0
p_y[665]                                   0.001  0.001   0.000    0.003      0.000    0.000    9833.0   10729.0    1.0
p_y[666]                                   0.001  0.003   0.000    0.004      0.000    0.000    7146.0   11473.0    1.0
p_y[667]                                   0.003  0.005   0.000    0.011      0.000    0.000   13005.0   13919.0    1.0
p_y[668]                                   0.001  0.004   0.000    0.005      0.000    0.000    6493.0    7253.0    1.0
p_y[669]                                   0.001  0.003   0.000    0.004      0.000    0.000    7976.0    9190.0    1.0
p_y[670]                                   0.002  0.002   0.000    0.006      0.000    0.000   14097.0   12762.0    1.0
p_y[671]                                   0.006  0.008   0.000    0.020      0.000    0.000    8790.0   14400.0    1.0
p_y[672]                                   0.003  0.004   0.000    0.009      0.000    0.000    7474.0    9313.0    1.0
p_y[673]                                   0.023  0.013   0.003    0.047      0.000    0.000   12921.0   13972.0    1.0
p_y[674]                                   0.003  0.004   0.000    0.009      0.000    0.000   14292.0   15939.0    1.0
p_y[675]                                   0.003  0.005   0.000    0.011      0.000    0.000   12078.0   14855.0    1.0
p_y[676]                                   0.003  0.004   0.000    0.010      0.000    0.000   10252.0   11046.0    1.0
p_y[677]                                   0.003  0.006   0.000    0.011      0.000    0.000    9598.0   14017.0    1.0
p_y[678]                                   0.001  0.002   0.000    0.002      0.000    0.000    8900.0   12202.0    1.0
p_y[679]                                   0.001  0.003   0.000    0.003      0.000    0.000    6071.0    2157.0    1.0
p_y[680]                                   0.005  0.017   0.000    0.021      0.000    0.000    8088.0    7280.0    1.0
p_y[681]                                   0.001  0.002   0.000    0.003      0.000    0.000    9120.0   12246.0    1.0
p_y[682]                                   0.001  0.003   0.000    0.004      0.000    0.000    9907.0   13340.0    1.0
p_y[683]                                   0.003  0.008   0.000    0.013      0.000    0.000    9831.0   16217.0    1.0
p_y[684]                                   0.003  0.007   0.000    0.011      0.000    0.000    9607.0    9791.0    1.0
p_y[685]                                   0.001  0.003   0.000    0.003      0.000    0.000    7903.0   10474.0    1.0
p_y[686]                                   0.001  0.002   0.000    0.003      0.000    0.000   10872.0   13979.0    1.0
p_y[687]                                   0.001  0.003   0.000    0.004      0.000    0.000    8322.0   11986.0    1.0
p_y[688]                                   0.002  0.003   0.000    0.006      0.000    0.000    9188.0   13776.0    1.0
p_y[689]                                   0.002  0.003   0.000    0.006      0.000    0.000    8387.0    3148.0    1.0
p_y[690]                                   0.008  0.013   0.000    0.030      0.000    0.000   12060.0   15513.0    1.0
p_y[691]                                   0.004  0.007   0.000    0.013      0.000    0.000   10322.0   16986.0    1.0
p_y[692]                                   0.003  0.006   0.000    0.011      0.000    0.000    7459.0    4595.0    1.0
p_y[693]                                   0.002  0.005   0.000    0.008      0.000    0.000    8528.0   10244.0    1.0
p_y[694]                                   0.012  0.019   0.000    0.044      0.000    0.000    8812.0   12133.0    1.0
p_y[695]                                   0.005  0.011   0.000    0.018      0.000    0.000   10870.0   11721.0    1.0
p_y[696]                                   0.015  0.018   0.000    0.046      0.000    0.000   10506.0   12496.0    1.0
p_y[697]                                   0.001  0.002   0.000    0.004      0.000    0.000   12802.0   17438.0    1.0
p_y[698]                                   0.001  0.002   0.000    0.003      0.000    0.000    8064.0    3231.0    1.0
p_y[699]                                   0.001  0.002   0.000    0.004      0.000    0.000    7734.0    3386.0    1.0
p_y[700]                                   0.001  0.002   0.000    0.003      0.000    0.000    6797.0    5172.0    1.0
p_y[701]                                   0.001  0.002   0.000    0.003      0.000    0.000   11917.0   13206.0    1.0
p_y[702]                                   0.010  0.019   0.000    0.039      0.000    0.000    9311.0   10842.0    1.0
p_y[703]                                   0.003  0.007   0.000    0.012      0.000    0.000    8689.0    7056.0    1.0
p_y[704]                                   0.007  0.023   0.000    0.023      0.000    0.000    8317.0    5795.0    1.0
p_y[705]                                   0.009  0.012   0.000    0.029      0.000    0.000    6298.0    3206.0    1.0
p_y[706]                                   0.001  0.003   0.000    0.004      0.000    0.000   10514.0   18820.0    1.0
p_y[707]                                   0.002  0.003   0.000    0.006      0.000    0.000   10064.0   15065.0    1.0
p_y[708]                                   0.002  0.005   0.000    0.009      0.000    0.000   14528.0   15809.0    1.0
p_y[709]                                   0.003  0.006   0.000    0.010      0.000    0.000   10543.0   15482.0    1.0
p_y[710]                                   0.001  0.002   0.000    0.004      0.000    0.000   13188.0   18826.0    1.0
p_y[711]                                   0.011  0.018   0.000    0.041      0.000    0.000   12915.0   15255.0    1.0
p_y[712]                                   0.002  0.005   0.000    0.007      0.000    0.000   11827.0   17382.0    1.0
p_y[713]                                   0.001  0.004   0.000    0.005      0.000    0.000   12696.0   14301.0    1.0
p_y[714]                                   0.002  0.004   0.000    0.007      0.000    0.000   11955.0   15140.0    1.0
p_y[715]                                   0.001  0.002   0.000    0.003      0.000    0.000   12192.0   12199.0    1.0
p_y[716]                                   0.001  0.002   0.000    0.004      0.000    0.000    9256.0    7645.0    1.0
p_y[717]                                   0.001  0.002   0.000    0.003      0.000    0.000   11854.0   16430.0    1.0
p_y[718]                                   0.002  0.005   0.000    0.007      0.000    0.000    7719.0    3616.0    1.0
p_y[719]                                   0.001  0.004   0.000    0.006      0.000    0.000    7232.0    2487.0    1.0
p_y[720]                                   0.000  0.001   0.000    0.002      0.000    0.000   11893.0   13105.0    1.0
p_y[721]                                   0.000  0.001   0.000    0.002      0.000    0.000    8599.0    7851.0    1.0
p_y[722]                                   0.003  0.015   0.000    0.010      0.000    0.000   14314.0   15271.0    1.0
p_y[723]                                   0.001  0.003   0.000    0.004      0.000    0.000    8290.0    2268.0    1.0
p_y[724]                                   0.001  0.002   0.000    0.003      0.000    0.000    9166.0   17091.0    1.0
p_y[725]                                   0.001  0.004   0.000    0.005      0.000    0.000   10387.0    8130.0    1.0
p_y[726]                                   0.000  0.001   0.000    0.002      0.000    0.000   11089.0   10692.0    1.0
p_y[727]                                   0.003  0.006   0.000    0.011      0.000    0.000    9620.0    7742.0    1.0
p_y[728]                                   0.001  0.001   0.000    0.003      0.000    0.000   10861.0    6222.0    1.0
p_y[729]                                   0.000  0.001   0.000    0.002      0.000    0.000    5643.0    2176.0    1.0
p_y[730]                                   0.003  0.007   0.000    0.013      0.000    0.000   12405.0   10624.0    1.0
p_y[731]                                   0.001  0.004   0.000    0.004      0.000    0.000    7047.0    3791.0    1.0
p_y[732]                                   0.000  0.001   0.000    0.002      0.000    0.000   13777.0   14856.0    1.0
p_y[733]                                   0.001  0.001   0.000    0.002      0.000    0.000    7304.0    2998.0    1.0
p_y[734]                                   0.000  0.001   0.000    0.002      0.000    0.000   10596.0    9424.0    1.0
p_y[735]                                   0.079  0.035   0.022    0.142      0.000    0.000   10393.0   12376.0    1.0
p_y[736]                                   0.001  0.003   0.000    0.003      0.000    0.000    8546.0    8314.0    1.0
p_y[737]                                   0.003  0.005   0.000    0.011      0.000    0.000    9447.0   15114.0    1.0
p_y[738]                                   0.001  0.001   0.000    0.002      0.000    0.000   11619.0   15251.0    1.0
p_y[739]                                   0.001  0.005   0.000    0.005      0.000    0.000    9165.0   14405.0    1.0
p_y[740]                                   0.001  0.002   0.000    0.002      0.000    0.000    7208.0    5201.0    1.0
p_y[741]                                   0.004  0.009   0.000    0.016      0.000    0.000   11825.0   14845.0    1.0
p_y[742]                                   0.012  0.012   0.000    0.033      0.000    0.000    4005.0    3951.0    1.0
p_y[743]                                   0.002  0.003   0.000    0.006      0.000    0.000    5899.0    5288.0    1.0
p_y[744]                                   0.003  0.006   0.000    0.011      0.000    0.000    4590.0    5059.0    1.0
p_y[745]                                   0.000  0.001   0.000    0.001      0.000    0.000    6929.0   12643.0    1.0
p_y[746]                                   0.004  0.015   0.000    0.018      0.000    0.000   10445.0   16262.0    1.0
p_y[747]                                   0.001  0.005   0.000    0.004      0.000    0.000    9131.0   12159.0    1.0
p_y[748]                                   0.000  0.002   0.000    0.002      0.000    0.000    6181.0    9454.0    1.0
p_y[749]                                   0.000  0.003   0.000    0.001      0.000    0.000    5106.0   10272.0    1.0
p_y[750]                                   0.000  0.002   0.000    0.002      0.000    0.000    7377.0   13665.0    1.0
p_y[751]                                   0.001  0.002   0.000    0.002      0.000    0.000    8199.0   11744.0    1.0
p_y[752]                                   0.000  0.000   0.000    0.000      0.000    0.000    2737.0    3217.0    1.0
p_y[753]                                   0.000  0.001   0.000    0.000      0.000    0.000    2979.0    3356.0    1.0
p_y[754]                                   0.000  0.000   0.000    0.000      0.000    0.000    2863.0    3276.0    1.0
p_y[755]                                   0.000  0.001   0.000    0.000      0.000    0.000    2903.0    3480.0    1.0
p_y[756]                                   0.000  0.001   0.000    0.002      0.000    0.000    9212.0   14324.0    1.0
p_y[757]                                   0.000  0.002   0.000    0.002      0.000    0.000    8569.0   14991.0    1.0
p_y[758]                                   0.000  0.000   0.000    0.000      0.000    0.000    2764.0    2853.0    1.0
p_y[759]                                   0.001  0.003   0.000    0.003      0.000    0.000    7371.0   15466.0    1.0
p_y[760]                                   0.000  0.000   0.000    0.000      0.000    0.000    3274.0    2762.0    1.0
p_y[761]                                   0.000  0.000   0.000    0.000      0.000    0.000    2563.0    2927.0    1.0
p_y[762]                                   0.000  0.000   0.000    0.000      0.000    0.000    2566.0    2907.0    1.0
p_y[763]                                   0.000  0.001   0.000    0.000      0.000    0.000    3066.0    3463.0    1.0
p_y[764]                                   0.000  0.001   0.000    0.000      0.000    0.000    2579.0    3327.0    1.0
p_y[765]                                   0.000  0.005   0.000    0.000      0.000    0.000    2901.0    3337.0    1.0
p_y[766]                                   0.001  0.002   0.000    0.003      0.000    0.000    7577.0    6967.0    1.0
p_y[767]                                   0.000  0.001   0.000    0.001      0.000    0.000    6633.0   15297.0    1.0
p_y[768]                                   0.001  0.001   0.000    0.002      0.000    0.000    6435.0    5614.0    1.0
p_y[769]                                   0.001  0.003   0.000    0.004      0.000    0.000    9030.0   17389.0    1.0
p_y[770]                                   0.001  0.002   0.000    0.002      0.000    0.000   10213.0   14665.0    1.0
p_y[771]                                   0.001  0.002   0.000    0.002      0.000    0.000    9751.0   15577.0    1.0
p_y[772]                                   0.001  0.002   0.000    0.003      0.000    0.000    7755.0    8513.0    1.0
p_y[773]                                   0.001  0.002   0.000    0.004      0.000    0.000    6056.0    5105.0    1.0
p_y[774]                                   0.001  0.004   0.000    0.005      0.000    0.000   13152.0   14881.0    1.0
p_y[775]                                   0.001  0.004   0.000    0.005      0.000    0.000    8834.0   13338.0    1.0
p_y[776]                                   0.001  0.004   0.000    0.005      0.000    0.000    8764.0    4708.0    1.0
p_y[777]                                   0.004  0.005   0.000    0.013      0.000    0.000   10222.0   11875.0    1.0
p_y[778]                                   0.012  0.018   0.000    0.042      0.000    0.000    8843.0    9381.0    1.0
p_y[779]                                   0.001  0.002   0.000    0.004      0.000    0.000   14381.0   15699.0    1.0
p_y[780]                                   0.001  0.002   0.000    0.003      0.000    0.000    5122.0    5230.0    1.0
p_y[781]                                   0.001  0.005   0.000    0.005      0.000    0.000   11574.0   14017.0    1.0
p_y[782]                                   0.001  0.004   0.000    0.004      0.000    0.000    5521.0    6475.0    1.0
p_y[783]                                   0.001  0.004   0.000    0.004      0.000    0.000    7750.0    7970.0    1.0
p_y[784]                                   0.013  0.009   0.001    0.029      0.000    0.000    5678.0    3423.0    1.0
p_y[785]                                   0.002  0.003   0.000    0.006      0.000    0.000    9305.0   16717.0    1.0
p_y[786]                                   0.001  0.003   0.000    0.005      0.000    0.000    8098.0    4590.0    1.0
p_y[787]                                   0.002  0.003   0.000    0.006      0.000    0.000   11115.0   19245.0    1.0
p_y[788]                                   0.003  0.003   0.000    0.007      0.000    0.000    6327.0    1743.0    1.0
p_y[789]                                   0.001  0.002   0.000    0.004      0.000    0.000   11235.0   14096.0    1.0
p_y[790]                                   0.002  0.005   0.000    0.008      0.000    0.000   11826.0   12227.0    1.0
p_y[791]                                   0.001  0.002   0.000    0.003      0.000    0.000    9071.0   14221.0    1.0
p_y[792]                                   0.000  0.001   0.000    0.001      0.000    0.000   14129.0    9729.0    1.0
p_y[793]                                   0.000  0.001   0.000    0.001      0.000    0.000   10741.0   16079.0    1.0
p_y[794]                                   0.000  0.001   0.000    0.001      0.000    0.000   10343.0   15754.0    1.0
p_y[795]                                   0.001  0.002   0.000    0.003      0.000    0.000   12792.0   19114.0    1.0
p_y[796]                                   0.001  0.003   0.000    0.005      0.000    0.000    9303.0   13506.0    1.0
p_y[797]                                   0.001  0.003   0.000    0.005      0.000    0.000   10064.0    6327.0    1.0
p_y[798]                                   0.002  0.007   0.000    0.009      0.000    0.000    9059.0    7297.0    1.0
p_y[799]                                   0.001  0.004   0.000    0.006      0.000    0.000    9613.0   14249.0    1.0
p_y[800]                                   0.002  0.006   0.000    0.007      0.000    0.000   11715.0   17258.0    1.0
p_y[801]                                   0.002  0.004   0.000    0.008      0.000    0.000    9663.0   14088.0    1.0
p_y[802]                                   0.002  0.003   0.000    0.006      0.000    0.000   11686.0   15042.0    1.0
p_y[803]                                   0.001  0.003   0.000    0.005      0.000    0.000   11623.0   13522.0    1.0
p_y[804]                                   0.001  0.002   0.000    0.003      0.000    0.000    9779.0    4239.0    1.0
p_y[805]                                   0.002  0.004   0.000    0.007      0.000    0.000    9530.0    7287.0    1.0
p_y[806]                                   0.019  0.027   0.000    0.065      0.000    0.000    7807.0    9553.0    1.0
p_y[807]                                   0.002  0.002   0.000    0.006      0.000    0.000    7576.0    3247.0    1.0
p_y[808]                                   0.002  0.005   0.000    0.009      0.000    0.000   10151.0   13032.0    1.0
p_y[809]                                   0.001  0.002   0.000    0.003      0.000    0.000   10044.0   12410.0    1.0
p_y[810]                                   0.001  0.002   0.000    0.004      0.000    0.000   12126.0   12024.0    1.0
p_y[811]                                   0.001  0.003   0.000    0.004      0.000    0.000   13070.0   17142.0    1.0
p_y[812]                                   0.003  0.006   0.000    0.012      0.000    0.000   11146.0   14566.0    1.0
p_y[813]                                   0.016  0.018   0.000    0.048      0.000    0.000   10447.0   10856.0    1.0
p_y[814]                                   0.002  0.003   0.000    0.007      0.000    0.000   10455.0    5658.0    1.0
p_y[815]                                   0.001  0.002   0.000    0.003      0.000    0.000    6717.0    2395.0    1.0
p_y[816]                                   0.004  0.006   0.000    0.014      0.000    0.000    9365.0    7976.0    1.0
p_y[817]                                   0.001  0.002   0.000    0.004      0.000    0.000   11985.0   13936.0    1.0
p_y[818]                                   0.002  0.003   0.000    0.007      0.000    0.000   11167.0    7288.0    1.0
p_y[819]                                   0.002  0.003   0.000    0.005      0.000    0.000   11139.0   17529.0    1.0
p_y[820]                                   0.001  0.001   0.000    0.003      0.000    0.000   13317.0   13243.0    1.0
p_y[821]                                   0.001  0.001   0.000    0.003      0.000    0.000   10158.0   13652.0    1.0
p_y[822]                                   0.001  0.002   0.000    0.004      0.000    0.000   11981.0   14293.0    1.0
p_y[823]                                   0.001  0.002   0.000    0.003      0.000    0.000    8581.0    9089.0    1.0
p_y[824]                                   0.000  0.001   0.000    0.002      0.000    0.000   10449.0   11476.0    1.0
p_y[825]                                   0.000  0.001   0.000    0.002      0.000    0.000    5537.0    3096.0    1.0
p_y[826]                                   0.000  0.001   0.000    0.002      0.000    0.000    6316.0    3604.0    1.0
p_y[827]                                   0.001  0.003   0.000    0.004      0.000    0.000    6452.0    9902.0    1.0
p_y[828]                                   0.002  0.006   0.000    0.008      0.000    0.000    7370.0    8433.0    1.0
p_y[829]                                   0.010  0.012   0.000    0.033      0.000    0.000    4753.0    7836.0    1.0
p_y[830]                                   0.001  0.002   0.000    0.004      0.000    0.000    4728.0    6033.0    1.0
p_y[831]                                   0.001  0.003   0.000    0.003      0.000    0.000    8044.0    9660.0    1.0
p_y[832]                                   0.001  0.002   0.000    0.005      0.000    0.000   12882.0   16392.0    1.0
p_y[833]                                   0.001  0.002   0.000    0.003      0.000    0.000    8785.0   11263.0    1.0
p_y[834]                                   0.001  0.002   0.000    0.003      0.000    0.000    5287.0    2017.0    1.0
p_y[835]                                   0.001  0.002   0.000    0.003      0.000    0.000    7020.0   14281.0    1.0
p_y[836]                                   0.000  0.001   0.000    0.001      0.000    0.000    8363.0   15741.0    1.0
p_y[837]                                   0.001  0.003   0.000    0.004      0.000    0.000   11507.0   10746.0    1.0
p_y[838]                                   0.001  0.001   0.000    0.002      0.000    0.000   11287.0   15268.0    1.0
p_y[839]                                   0.000  0.001   0.000    0.002      0.000    0.000    7886.0    5092.0    1.0
p_y[840]                                   0.001  0.002   0.000    0.002      0.000    0.000   10958.0   14436.0    1.0
p_y[841]                                   0.001  0.004   0.000    0.003      0.000    0.000   12101.0   16988.0    1.0
p_y[842]                                   0.005  0.011   0.000    0.018      0.000    0.000   12883.0   15481.0    1.0
p_y[843]                                   0.001  0.002   0.000    0.004      0.000    0.000   10731.0   13316.0    1.0
p_y[844]                                   0.001  0.004   0.000    0.003      0.000    0.000    4450.0    5965.0    1.0
p_y[845]                                   0.001  0.002   0.000    0.002      0.000    0.000    8566.0    9398.0    1.0
p_y[846]                                   0.001  0.003   0.000    0.003      0.000    0.000    9476.0    8522.0    1.0
p_y[847]                                   0.001  0.002   0.000    0.003      0.000    0.000    6123.0    3711.0    1.0
p_y[848]                                   0.001  0.002   0.000    0.003      0.000    0.000   12411.0   12900.0    1.0
p_y[849]                                   0.001  0.004   0.000    0.005      0.000    0.000   11125.0    6015.0    1.0
p_y[850]                                   0.002  0.004   0.000    0.005      0.000    0.000   10235.0   10455.0    1.0
p_y[851]                                   0.003  0.006   0.000    0.010      0.000    0.000   11548.0   15430.0    1.0
p_y[852]                                   0.042  0.026   0.005    0.088      0.000    0.000    9996.0    7255.0    1.0
p_y[853]                                   0.001  0.004   0.000    0.005      0.000    0.000    9266.0    9115.0    1.0
p_y[854]                                   0.000  0.001   0.000    0.002      0.000    0.000    9628.0   10162.0    1.0
p_y[855]                                   0.001  0.001   0.000    0.003      0.000    0.000    7707.0    6874.0    1.0
p_y[856]                                   0.000  0.001   0.000    0.002      0.000    0.000   14397.0   14446.0    1.0
p_y[857]                                   0.002  0.005   0.000    0.008      0.000    0.000    8975.0   11283.0    1.0
p_y[858]                                   0.005  0.002   0.001    0.010      0.000    0.000    9586.0   12518.0    1.0
p_y[859]                                   0.001  0.003   0.000    0.005      0.000    0.000   10740.0    6709.0    1.0
p_y[860]                                   0.006  0.006   0.000    0.017      0.000    0.000   13434.0   11236.0    1.0
p_y[861]                                   0.000  0.001   0.000    0.001      0.000    0.000    9872.0   14020.0    1.0
p_y[862]                                   0.000  0.001   0.000    0.001      0.000    0.000   12136.0   14583.0    1.0
p_y[863]                                   0.005  0.012   0.000    0.020      0.000    0.000    6386.0    9246.0    1.0
p_y[864]                                   0.001  0.002   0.000    0.003      0.000    0.000    7195.0    3828.0    1.0
p_y[865]                                   0.002  0.003   0.000    0.006      0.000    0.000   11867.0   11000.0    1.0
p_y[866]                                   0.001  0.003   0.000    0.005      0.000    0.000    7937.0   12360.0    1.0
p_y[867]                                   0.016  0.015   0.000    0.043      0.000    0.000    7266.0    6222.0    1.0
p_y[868]                                   0.002  0.003   0.000    0.007      0.000    0.000   14872.0   15511.0    1.0
p_y[869]                                   0.004  0.007   0.000    0.014      0.000    0.000   12041.0   13126.0    1.0
p_y[870]                                   0.003  0.006   0.000    0.012      0.000    0.000   11425.0    9694.0    1.0
p_y[871]                                   0.002  0.003   0.000    0.007      0.000    0.000   11649.0   12222.0    1.0
p_y[872]                                   0.001  0.002   0.000    0.003      0.000    0.000    5031.0    2232.0    1.0
p_y[873]                                   0.002  0.005   0.000    0.006      0.000    0.000    7710.0   11149.0    1.0
p_y[874]                                   0.001  0.001   0.000    0.003      0.000    0.000    9693.0   13398.0    1.0
p_y[875]                                   0.001  0.002   0.000    0.004      0.000    0.000   10513.0   13109.0    1.0
p_y[876]                                   0.001  0.002   0.000    0.003      0.000    0.000   10205.0   12294.0    1.0
p_y[877]                                   0.001  0.001   0.000    0.003      0.000    0.000   13714.0   16025.0    1.0
p_y[878]                                   0.001  0.002   0.000    0.003      0.000    0.000    9459.0    8555.0    1.0
p_y[879]                                   0.001  0.004   0.000    0.005      0.000    0.000    7649.0   14535.0    1.0
p_y[880]                                   0.002  0.002   0.000    0.007      0.000    0.000    8783.0    8908.0    1.0
p_y[881]                                   0.001  0.002   0.000    0.004      0.000    0.000   10261.0    6761.0    1.0
p_y[882]                                   0.001  0.002   0.000    0.004      0.000    0.000   12171.0   11802.0    1.0
p_y[883]                                   0.026  0.012   0.007    0.049      0.000    0.000   10122.0   14663.0    1.0
p_y[884]                                   0.001  0.002   0.000    0.005      0.000    0.000   12210.0   12596.0    1.0
p_y[885]                                   0.003  0.007   0.000    0.013      0.000    0.000   12730.0   17748.0    1.0
p_y[886]                                   0.004  0.010   0.000    0.016      0.000    0.000   10189.0   12210.0    1.0
p_y[887]                                   0.001  0.003   0.000    0.003      0.000    0.000    9653.0   14005.0    1.0
p_y[888]                                   0.001  0.003   0.000    0.004      0.000    0.000   10756.0   15230.0    1.0
p_y[889]                                   0.001  0.002   0.000    0.002      0.000    0.000    7863.0    9166.0    1.0
p_y[890]                                   0.003  0.012   0.000    0.010      0.000    0.000    7603.0    9010.0    1.0
p_y[891]                                   0.002  0.011   0.000    0.007      0.000    0.000    7802.0   14653.0    1.0
p_y[892]                                   0.001  0.003   0.000    0.004      0.000    0.000    7994.0   11766.0    1.0
p_y[893]                                   0.015  0.032   0.000    0.063      0.000    0.000    7813.0   12545.0    1.0
p_y[894]                                   0.003  0.009   0.000    0.012      0.000    0.000   11909.0   15410.0    1.0
p_y[895]                                   0.003  0.006   0.000    0.010      0.000    0.000   13970.0   16074.0    1.0
p_y[896]                                   0.002  0.003   0.000    0.007      0.000    0.000   14167.0   13131.0    1.0
p_y[897]                                   0.003  0.005   0.000    0.009      0.000    0.000    8221.0    8883.0    1.0
p_y[898]                                   0.005  0.009   0.000    0.018      0.000    0.000   10006.0   14564.0    1.0
p_y[899]                                   0.001  0.003   0.000    0.003      0.000    0.000    6866.0   13102.0    1.0
p_y[900]                                   0.001  0.004   0.000    0.004      0.000    0.000    7901.0    9488.0    1.0
p_y[901]                                   0.001  0.004   0.000    0.003      0.000    0.000    8558.0   11071.0    1.0
p_y[902]                                   0.001  0.005   0.000    0.003      0.000    0.000    9103.0   15336.0    1.0
p_y[903]                                   0.001  0.002   0.000    0.003      0.000    0.000    7832.0    5687.0    1.0
p_y[904]                                   0.001  0.002   0.000    0.002      0.000    0.000    8803.0   15328.0    1.0
p_y[905]                                   0.001  0.003   0.000    0.003      0.000    0.000   10430.0   14775.0    1.0
p_y[906]                                   0.001  0.004   0.000    0.004      0.000    0.000    7264.0   12898.0    1.0
p_y[907]                                   0.002  0.004   0.000    0.006      0.000    0.000    9432.0   10159.0    1.0
p_y[908]                                   0.001  0.004   0.000    0.005      0.000    0.000    8148.0    5851.0    1.0
p_y[909]                                   0.005  0.012   0.000    0.019      0.000    0.000    7786.0    8304.0    1.0
p_y[910]                                   0.002  0.004   0.000    0.006      0.000    0.000   10188.0    9773.0    1.0
p_y[911]                                   0.001  0.004   0.000    0.005      0.000    0.000   11856.0   16158.0    1.0
p_y[912]                                   0.001  0.003   0.000    0.005      0.000    0.000   10053.0    7362.0    1.0
p_y[913]                                   0.004  0.011   0.000    0.015      0.000    0.000   11031.0   14667.0    1.0
p_y[914]                                   0.003  0.007   0.000    0.009      0.000    0.000   11481.0   10811.0    1.0
p_y[915]                                   0.001  0.001   0.000    0.002      0.000    0.000   12130.0   14410.0    1.0
p_y[916]                                   0.001  0.004   0.000    0.004      0.000    0.000    9934.0   14283.0    1.0
p_y[917]                                   0.002  0.005   0.000    0.007      0.000    0.000   14322.0   17427.0    1.0
p_y[918]                                   0.005  0.009   0.000    0.017      0.000    0.000   13322.0   14955.0    1.0
p_y[919]                                   0.004  0.009   0.000    0.015      0.000    0.000   11241.0   13862.0    1.0
p_y[920]                                   0.007  0.017   0.000    0.025      0.000    0.000   14078.0   18118.0    1.0
p_y[921]                                   0.001  0.002   0.000    0.002      0.000    0.000    9100.0   11079.0    1.0
p_y[922]                                   0.001  0.005   0.000    0.005      0.000    0.000    7352.0    8329.0    1.0
p_y[923]                                   0.001  0.002   0.000    0.003      0.000    0.000    7411.0   10381.0    1.0
p_y[924]                                   0.003  0.008   0.000    0.014      0.000    0.000    8995.0   10942.0    1.0
p_y[925]                                   0.001  0.001   0.000    0.002      0.000    0.000   10488.0   15801.0    1.0
p_y[926]                                   0.000  0.001   0.000    0.002      0.000    0.000    8384.0    3874.0    1.0
p_y[927]                                   0.001  0.005   0.000    0.003      0.000    0.000    9219.0   15096.0    1.0
p_y[928]                                   0.001  0.003   0.000    0.003      0.000    0.000    9238.0   10817.0    1.0
p_y[929]                                   0.002  0.005   0.000    0.007      0.000    0.000    8511.0    9577.0    1.0
p_y[930]                                   0.001  0.002   0.000    0.004      0.000    0.000    3315.0    1173.0    1.0
p_y[931]                                   0.001  0.003   0.000    0.005      0.000    0.000   10461.0   15834.0    1.0
p_y[932]                                   0.004  0.010   0.000    0.014      0.000    0.000    4142.0    1991.0    1.0
p_y[933]                                   0.001  0.002   0.000    0.003      0.000    0.000    5088.0    2080.0    1.0
p_y[934]                                   0.001  0.002   0.000    0.003      0.000    0.000    4086.0    1731.0    1.0
p_y[935]                                   0.020  0.021   0.000    0.057      0.000    0.000    9855.0   11203.0    1.0
p_y[936]                                   0.001  0.002   0.000    0.002      0.000    0.000   10419.0   11744.0    1.0
p_y[937]                                   0.001  0.004   0.000    0.005      0.000    0.000   11725.0   11574.0    1.0
p_y[938]                                   0.001  0.004   0.000    0.006      0.000    0.000    7427.0   14105.0    1.0
p_y[939]                                   0.001  0.003   0.000    0.005      0.000    0.000    8803.0   13832.0    1.0
p_y[940]                                   0.002  0.003   0.000    0.006      0.000    0.000   10068.0   10610.0    1.0
p_y[941]                                   0.001  0.003   0.000    0.005      0.000    0.000   11138.0   12494.0    1.0
p_y[942]                                   0.008  0.014   0.000    0.030      0.000    0.000    9503.0   18797.0    1.0
p_y[943]                                   0.002  0.006   0.000    0.006      0.000    0.000    9870.0    7831.0    1.0
p_y[944]                                   0.004  0.015   0.000    0.016      0.000    0.000   10243.0    9095.0    1.0
p_y[945]                                   0.001  0.002   0.000    0.002      0.000    0.000    7154.0   12563.0    1.0
p_y[946]                                   0.001  0.003   0.000    0.003      0.000    0.000    8030.0   12488.0    1.0
p_y[947]                                   0.018  0.012   0.001    0.040      0.000    0.000   10220.0   10515.0    1.0
p_y[948]                                   0.004  0.008   0.000    0.015      0.000    0.000    9104.0    5943.0    1.0
p_y[949]                                   0.000  0.001   0.000    0.001      0.000    0.000    9632.0   15401.0    1.0
p_y[950]                                   0.000  0.001   0.000    0.002      0.000    0.000   11159.0   13948.0    1.0
p_y[951]                                   0.002  0.006   0.000    0.009      0.000    0.000   14266.0   12288.0    1.0
p_y[952]                                   0.006  0.008   0.000    0.019      0.000    0.000   10894.0   12794.0    1.0
p_y[953]                                   0.002  0.005   0.000    0.009      0.000    0.000    8523.0    4254.0    1.0
p_y[954]                                   0.002  0.006   0.000    0.008      0.000    0.000   11660.0   11507.0    1.0
p_y[955]                                   0.002  0.005   0.000    0.007      0.000    0.000   10605.0   13321.0    1.0
p_y[956]                                   0.002  0.004   0.000    0.008      0.000    0.000    5914.0    2268.0    1.0
p_y[957]                                   0.002  0.003   0.000    0.006      0.000    0.000   10636.0   12197.0    1.0
p_y[958]                                   0.001  0.003   0.000    0.005      0.000    0.000   12796.0   10866.0    1.0
p_y[959]                                   0.001  0.002   0.000    0.002      0.000    0.000    8984.0    8954.0    1.0
p_y[960]                                   0.002  0.005   0.000    0.008      0.000    0.000    6172.0    4757.0    1.0
p_y[961]                                   0.001  0.002   0.000    0.003      0.000    0.000    6407.0    3874.0    1.0
p_y[962]                                   0.005  0.010   0.000    0.019      0.000    0.000    8410.0    3515.0    1.0
p_y[963]                                   0.051  0.032   0.006    0.110      0.000    0.000   11829.0   12199.0    1.0
p_y[964]                                   0.047  0.038   0.000    0.114      0.000    0.000    8731.0    9068.0    1.0
p_y[965]                                   0.007  0.014   0.000    0.026      0.000    0.000    7297.0    6037.0    1.0
p_y[966]                                   0.003  0.006   0.000    0.011      0.000    0.000    8017.0    5023.0    1.0
p_y[967]                                   0.001  0.003   0.000    0.003      0.000    0.000   11005.0    7995.0    1.0
p_y[968]                                   0.003  0.007   0.000    0.011      0.000    0.000   11770.0   13079.0    1.0
p_y[969]                                   0.000  0.001   0.000    0.001      0.000    0.000    9052.0   12481.0    1.0
p_y[970]                                   0.001  0.003   0.000    0.003      0.000    0.000    4424.0    2249.0    1.0
p_y[971]                                   0.000  0.001   0.000    0.001      0.000    0.000    8785.0   13095.0    1.0
p_y[972]                                   0.001  0.004   0.000    0.005      0.000    0.000    9399.0   13343.0    1.0
p_y[973]                                   0.001  0.002   0.000    0.002      0.000    0.000    8122.0    6222.0    1.0
p_y[974]                                   0.000  0.001   0.000    0.001      0.000    0.000    4632.0    2060.0    1.0
p_y[975]                                   0.005  0.008   0.000    0.016      0.000    0.000    8164.0    7831.0    1.0
p_y[976]                                   0.001  0.003   0.000    0.006      0.000    0.000   10708.0   12334.0    1.0
p_y[977]                                   0.015  0.015   0.000    0.042      0.000    0.000    8147.0    6512.0    1.0
p_y[978]                                   0.003  0.005   0.000    0.010      0.000    0.000    9138.0   10654.0    1.0
p_y[979]                                   0.002  0.004   0.000    0.008      0.000    0.000    9448.0   11878.0    1.0
p_y[980]                                   0.003  0.006   0.000    0.011      0.000    0.000   10985.0   12791.0    1.0
p_y[981]                                   0.002  0.004   0.000    0.007      0.000    0.000    5988.0    1730.0    1.0
p_y[982]                                   0.002  0.004   0.000    0.007      0.000    0.000    9589.0   11544.0    1.0
p_y[983]                                   0.001  0.002   0.000    0.003      0.000    0.000    9096.0   12822.0    1.0
p_y[984]                                   0.002  0.004   0.000    0.006      0.000    0.000    7884.0    2771.0    1.0
p_y[985]                                   0.001  0.003   0.000    0.005      0.000    0.000   12708.0   18239.0    1.0
p_y[986]                                   0.004  0.013   0.000    0.017      0.000    0.000   11964.0   14570.0    1.0
p_y[987]                                   0.002  0.008   0.000    0.009      0.000    0.000    7505.0    5703.0    1.0
p_y[988]                                   0.002  0.007   0.000    0.007      0.000    0.000    8794.0   16812.0    1.0
p_y[989]                                   0.000  0.001   0.000    0.001      0.000    0.000    9520.0   15406.0    1.0
p_y[990]                                   0.001  0.004   0.000    0.003      0.000    0.000   12588.0   17876.0    1.0
p_y[991]                                   0.001  0.002   0.000    0.002      0.000    0.000    8262.0   13390.0    1.0
p_y[992]                                   0.001  0.002   0.000    0.002      0.000    0.000    6483.0    4755.0    1.0
p_y[993]                                   0.003  0.008   0.000    0.010      0.000    0.000   10870.0   18146.0    1.0
p_y[994]                                   0.001  0.003   0.000    0.004      0.000    0.000    9862.0   14299.0    1.0
p_y[995]                                   0.002  0.007   0.000    0.006      0.000    0.000    9011.0   14621.0    1.0
p_y[996]                                   0.001  0.003   0.000    0.003      0.000    0.000    9382.0    9972.0    1.0
p_y[997]                                   0.001  0.005   0.000    0.004      0.000    0.000    8788.0   16670.0    1.0
p_y[998]                                   0.001  0.003   0.000    0.003      0.000    0.000    8709.0   13690.0    1.0
p_y[999]                                   0.001  0.003   0.000    0.005      0.000    0.000   11680.0   19353.0    1.0
p_y[1000]                                  0.001  0.003   0.000    0.005      0.000    0.000   10389.0   11287.0    1.0
p_y[1001]                                  0.001  0.003   0.000    0.005      0.000    0.000   10597.0   14915.0    1.0
p_y[1002]                                  0.001  0.005   0.000    0.005      0.000    0.000    6766.0    6977.0    1.0
p_y[1003]                                  0.001  0.004   0.000    0.006      0.000    0.000    9010.0   13343.0    1.0
p_y[1004]                                  0.003  0.005   0.000    0.011      0.000    0.000   11213.0   11042.0    1.0
p_y[1005]                                  0.002  0.003   0.000    0.007      0.000    0.000    7110.0    2164.0    1.0
p_y[1006]                                  0.000  0.001   0.000    0.001      0.000    0.000    5134.0    2189.0    1.0
p_y[1007]                                  0.000  0.001   0.000    0.001      0.000    0.000    6683.0    9284.0    1.0
p_y[1008]                                  0.001  0.003   0.000    0.005      0.000    0.000   11579.0   17987.0    1.0
p_y[1009]                                  0.002  0.003   0.000    0.007      0.000    0.000   12902.0   11372.0    1.0
p_y[1010]                                  0.001  0.003   0.000    0.004      0.000    0.000    8200.0    4043.0    1.0
p_y[1011]                                  0.004  0.009   0.000    0.015      0.000    0.000   12631.0   14613.0    1.0
p_y[1012]                                  0.001  0.002   0.000    0.004      0.000    0.000   14944.0    7298.0    1.0
p_y[1013]                                  0.002  0.003   0.000    0.005      0.000    0.000   10039.0   12717.0    1.0
p_y[1014]                                  0.003  0.007   0.000    0.011      0.000    0.000   10191.0   10169.0    1.0
p_y[1015]                                  0.001  0.002   0.000    0.004      0.000    0.000    8663.0    4368.0    1.0
p_y[1016]                                  0.003  0.006   0.000    0.010      0.000    0.000    9964.0   16280.0    1.0
p_y[1017]                                  0.002  0.004   0.000    0.006      0.000    0.000    8370.0    9486.0    1.0
p_y[1018]                                  0.001  0.004   0.000    0.005      0.000    0.000    8592.0    6236.0    1.0
p_y[1019]                                  0.001  0.003   0.000    0.004      0.000    0.000   11801.0   12713.0    1.0
p_y[1020]                                  0.001  0.003   0.000    0.004      0.000    0.000    7263.0   13276.0    1.0
p_y[1021]                                  0.001  0.003   0.000    0.005      0.000    0.000   10554.0   13749.0    1.0
p_y[1022]                                  0.002  0.002   0.000    0.005      0.000    0.000    8965.0   15543.0    1.0
p_y[1023]                                  0.006  0.006   0.000    0.017      0.000    0.000    6557.0    5140.0    1.0
p_y[1024]                                  0.001  0.002   0.000    0.003      0.000    0.000    6584.0    3423.0    1.0
p_y[1025]                                  0.002  0.004   0.000    0.006      0.000    0.000   10863.0   17396.0    1.0
p_y[1026]                                  0.002  0.004   0.000    0.008      0.000    0.000   10101.0   11991.0    1.0
p_y[1027]                                  0.002  0.003   0.000    0.006      0.000    0.000   11538.0   15411.0    1.0
p_y[1028]                                  0.001  0.002   0.000    0.005      0.000    0.000    9883.0   15415.0    1.0
p_y[1029]                                  0.001  0.002   0.000    0.005      0.000    0.000   12258.0   13798.0    1.0
p_y[1030]                                  0.001  0.002   0.000    0.003      0.000    0.000    6680.0    7205.0    1.0
p_y[1031]                                  0.001  0.003   0.000    0.004      0.000    0.000    5199.0    2087.0    1.0
p_y[1032]                                  0.001  0.002   0.000    0.003      0.000    0.000    7766.0    4956.0    1.0
p_y[1033]                                  0.001  0.002   0.000    0.003      0.000    0.000    5151.0    2135.0    1.0
p_y[1034]                                  0.001  0.002   0.000    0.002      0.000    0.000    9773.0   12556.0    1.0
p_y[1035]                                  0.001  0.001   0.000    0.002      0.000    0.000   10986.0   16491.0    1.0
p_y[1036]                                  0.001  0.003   0.000    0.003      0.000    0.000   10668.0   10255.0    1.0
p_y[1037]                                  0.001  0.002   0.000    0.002      0.000    0.000   12076.0   10731.0    1.0
p_y[1038]                                  0.001  0.004   0.000    0.003      0.000    0.000   10452.0   12992.0    1.0
p_y[1039]                                  0.005  0.006   0.000    0.016      0.000    0.000    7310.0    5409.0    1.0
p_y[1040]                                  0.001  0.003   0.000    0.005      0.000    0.000   11302.0   10965.0    1.0
p_y[1041]                                  0.002  0.004   0.000    0.008      0.000    0.000    7083.0    2562.0    1.0
p_y[1042]                                  0.002  0.005   0.000    0.008      0.000    0.000   11618.0   11038.0    1.0
p_y[1043]                                  0.001  0.002   0.000    0.003      0.000    0.000   10649.0   12592.0    1.0
p_y[1044]                                  0.001  0.002   0.000    0.003      0.000    0.000    9215.0   13374.0    1.0
p_y[1045]                                  0.002  0.004   0.000    0.009      0.000    0.000   12074.0   12987.0    1.0
p_y[1046]                                  0.001  0.004   0.000    0.004      0.000    0.000    9940.0   10929.0    1.0
p_y[1047]                                  0.001  0.002   0.000    0.005      0.000    0.000    8348.0   13800.0    1.0
p_y[1048]                                  0.004  0.009   0.000    0.014      0.000    0.000   13934.0   17896.0    1.0
p_y[1049]                                  0.000  0.001   0.000    0.002      0.000    0.000   11483.0   11769.0    1.0
p_y[1050]                                  0.001  0.003   0.000    0.003      0.000    0.000   11113.0   13025.0    1.0
p_y[1051]                                  0.003  0.008   0.000    0.011      0.000    0.000   11977.0   15519.0    1.0
p_y[1052]                                  0.001  0.003   0.000    0.005      0.000    0.000   10599.0   15393.0    1.0
p_y[1053]                                  0.003  0.006   0.000    0.010      0.000    0.000   14032.0   13190.0    1.0
p_y[1054]                                  0.001  0.006   0.000    0.005      0.000    0.000    8896.0   14663.0    1.0
p_y[1055]                                  0.001  0.002   0.000    0.003      0.000    0.000    9796.0   10968.0    1.0
p_y[1056]                                  0.001  0.003   0.000    0.003      0.000    0.000    7862.0    9019.0    1.0
p_y[1057]                                  0.001  0.003   0.000    0.003      0.000    0.000   10420.0   10795.0    1.0
p_y[1058]                                  0.001  0.002   0.000    0.003      0.000    0.000    7860.0   14906.0    1.0
p_y[1059]                                  0.002  0.003   0.000    0.006      0.000    0.000   10548.0   11847.0    1.0
p_y[1060]                                  0.002  0.005   0.000    0.009      0.000    0.000   12017.0   11427.0    1.0
p_y[1061]                                  0.001  0.003   0.000    0.004      0.000    0.000    8795.0   10944.0    1.0
p_y[1062]                                  0.009  0.010   0.000    0.026      0.000    0.000    9929.0    3406.0    1.0
p_y[1063]                                  0.001  0.002   0.000    0.005      0.000    0.000   12147.0    7052.0    1.0
p_y[1064]                                  0.022  0.020   0.000    0.057      0.000    0.000    7518.0    7543.0    1.0
p_y[1065]                                  0.001  0.004   0.000    0.005      0.000    0.000    6731.0    2573.0    1.0
p_y[1066]                                  0.001  0.001   0.000    0.002      0.000    0.000    9263.0   13728.0    1.0
p_y[1067]                                  0.001  0.002   0.000    0.003      0.000    0.000    7014.0    8865.0    1.0
p_y[1068]                                  0.003  0.008   0.000    0.015      0.000    0.000    7518.0   13235.0    1.0
p_y[1069]                                  0.001  0.002   0.000    0.003      0.000    0.000    9452.0   13659.0    1.0
p_y[1070]                                  0.001  0.003   0.000    0.004      0.000    0.000   10240.0   14164.0    1.0
p_y[1071]                                  0.001  0.004   0.000    0.005      0.000    0.000   13079.0   15530.0    1.0
p_y[1072]                                  0.001  0.003   0.000    0.004      0.000    0.000    9238.0   12815.0    1.0
p_y[1073]                                  0.002  0.006   0.000    0.009      0.000    0.000    7689.0    3915.0    1.0
p_y[1074]                                  0.003  0.008   0.000    0.011      0.000    0.000    6849.0   15794.0    1.0
p_y[1075]                                  0.008  0.011   0.000    0.026      0.000    0.000   14553.0   13096.0    1.0
p_y[1076]                                  0.001  0.003   0.000    0.004      0.000    0.000    8951.0    8353.0    1.0
p_y[1077]                                  0.002  0.004   0.000    0.008      0.000    0.000    8291.0    9161.0    1.0
p_y[1078]                                  0.001  0.002   0.000    0.003      0.000    0.000    7585.0    3374.0    1.0
p_y[1079]                                  0.001  0.002   0.000    0.002      0.000    0.000   11287.0   14305.0    1.0
p_y[1080]                                  0.027  0.026   0.000    0.074      0.000    0.000    5717.0    1928.0    1.0
p_y[1081]                                  0.003  0.006   0.000    0.012      0.000    0.000    5030.0    2329.0    1.0
p_y[1082]                                  0.002  0.003   0.000    0.006      0.000    0.000   13243.0   14391.0    1.0
p_y[1083]                                  0.001  0.003   0.000    0.002      0.000    0.000    8066.0    2533.0    1.0
p_y[1084]                                  0.001  0.003   0.000    0.003      0.000    0.000   10599.0   15310.0    1.0
p_y[1085]                                  0.001  0.005   0.000    0.005      0.000    0.000    8971.0   12546.0    1.0
p_y[1086]                                  0.003  0.008   0.000    0.013      0.000    0.000   11573.0   14089.0    1.0
p_y[1087]                                  0.002  0.006   0.000    0.007      0.000    0.000   10563.0   12106.0    1.0
p_y[1088]                                  0.009  0.015   0.000    0.032      0.000    0.000   14603.0   14952.0    1.0
p_y[1089]                                  0.001  0.003   0.000    0.004      0.000    0.000    7862.0    3979.0    1.0
p_y[1090]                                  0.001  0.004   0.000    0.004      0.000    0.000    7864.0   10094.0    1.0
p_y[1091]                                  0.001  0.003   0.000    0.004      0.000    0.000   10278.0   12071.0    1.0
p_y[1092]                                  0.002  0.006   0.000    0.009      0.000    0.000   12223.0   14985.0    1.0
p_y[1093]                                  0.001  0.003   0.000    0.004      0.000    0.000    7734.0    4229.0    1.0
p_y[1094]                                  0.001  0.003   0.000    0.004      0.000    0.000   10119.0   12998.0    1.0
p_y[1095]                                  0.002  0.005   0.000    0.007      0.000    0.000   12077.0   14303.0    1.0
p_y[1096]                                  0.002  0.004   0.000    0.007      0.000    0.000   11680.0   17169.0    1.0
p_y[1097]                                  0.002  0.006   0.000    0.008      0.000    0.000    9445.0    4396.0    1.0
p_y[1098]                                  0.001  0.003   0.000    0.006      0.000    0.000    7667.0   10017.0    1.0
p_y[1099]                                  0.002  0.003   0.000    0.006      0.000    0.000   12668.0   16133.0    1.0
p_y[1100]                                  0.002  0.003   0.000    0.007      0.000    0.000    6822.0    4097.0    1.0
p_y[1101]                                  0.014  0.021   0.000    0.050      0.000    0.000    9387.0   10600.0    1.0
p_y[1102]                                  0.003  0.005   0.000    0.010      0.000    0.000   14485.0   15321.0    1.0
p_y[1103]                                  0.005  0.008   0.000    0.017      0.000    0.000    8300.0    9943.0    1.0
p_y[1104]                                  0.001  0.003   0.000    0.005      0.000    0.000    9429.0   11509.0    1.0
p_y[1105]                                  0.002  0.004   0.000    0.009      0.000    0.000   14164.0   13616.0    1.0
p_y[1106]                                  0.003  0.006   0.000    0.011      0.000    0.000    9353.0    4028.0    1.0
p_y[1107]                                  0.007  0.013   0.000    0.027      0.000    0.000   12180.0    9317.0    1.0
p_y[1108]                                  0.002  0.004   0.000    0.007      0.000    0.000   11577.0   13047.0    1.0
p_y[1109]                                  0.005  0.008   0.000    0.019      0.000    0.000    9795.0   12670.0    1.0
p_y[1110]                                  0.003  0.007   0.000    0.012      0.000    0.000   12711.0   17217.0    1.0
p_y[1111]                                  0.017  0.021   0.000    0.052      0.000    0.000    9078.0    7990.0    1.0
p_y[1112]                                  0.003  0.006   0.000    0.011      0.000    0.000   13457.0   14466.0    1.0
p_y[1113]                                  0.005  0.009   0.000    0.018      0.000    0.000   16162.0   18298.0    1.0
p_y[1114]                                  0.003  0.007   0.000    0.013      0.000    0.000    9790.0    5926.0    1.0
p_y[1115]                                  0.066  0.038   0.011    0.137      0.000    0.000    9498.0    3870.0    1.0
p_y[1116]                                  0.033  0.026   0.000    0.078      0.000    0.000    8749.0    4097.0    1.0
p_y[1117]                                  0.001  0.003   0.000    0.005      0.000    0.000   13105.0    8196.0    1.0
p_y[1118]                                  0.069  0.048   0.004    0.157      0.001    0.000    8365.0    2952.0    1.0
p_y[1119]                                  0.045  0.034   0.002    0.106      0.000    0.000   10355.0   12300.0    1.0
p_y[1120]                                  0.002  0.002   0.000    0.005      0.000    0.000   11880.0   13172.0    1.0
p_y[1121]                                  0.004  0.005   0.000    0.012      0.000    0.000   12155.0   15554.0    1.0
p_y[1122]                                  0.048  0.044   0.000    0.126      0.000    0.000   13561.0   10736.0    1.0
p_y[1123]                                  0.003  0.004   0.000    0.010      0.000    0.000   11660.0   10456.0    1.0
p_y[1124]                                  0.003  0.006   0.000    0.010      0.000    0.000   11748.0   18204.0    1.0
p_y[1125]                                  0.001  0.003   0.000    0.006      0.000    0.000   10088.0    6844.0    1.0
p_y[1126]                                  0.001  0.002   0.000    0.003      0.000    0.000    6930.0    2337.0    1.0
p_y[1127]                                  0.002  0.002   0.000    0.006      0.000    0.000   11587.0   14800.0    1.0
p_y[1128]                                  0.006  0.006   0.000    0.016      0.000    0.000    7334.0    9125.0    1.0
p_y[1129]                                  0.024  0.052   0.000    0.101      0.001    0.000    7331.0    8922.0    1.0
p_y[1130]                                  0.001  0.001   0.000    0.002      0.000    0.000    7483.0    4000.0    1.0
p_y[1131]                                  0.002  0.003   0.000    0.006      0.000    0.000   10374.0   15833.0    1.0
p_y[1132]                                  0.002  0.006   0.000    0.009      0.000    0.000   12204.0   12577.0    1.0
p_y[1133]                                  0.002  0.004   0.000    0.007      0.000    0.000    9997.0   11487.0    1.0
p_y[1134]                                  0.002  0.003   0.000    0.006      0.000    0.000   10243.0   13359.0    1.0
p_y[1135]                                  0.014  0.014   0.000    0.039      0.000    0.000   13043.0   10866.0    1.0
p_y[1136]                                  0.006  0.007   0.000    0.017      0.000    0.000    9592.0    8796.0    1.0
p_y[1137]                                  0.002  0.005   0.000    0.009      0.000    0.000    9364.0    9261.0    1.0
p_y[1138]                                  0.003  0.005   0.000    0.010      0.000    0.000    8069.0    3719.0    1.0
p_y[1139]                                  0.008  0.012   0.000    0.026      0.000    0.000    7035.0    6404.0    1.0
p_y[1140]                                  0.003  0.004   0.000    0.008      0.000    0.000   12864.0   16259.0    1.0
p_y[1141]                                  0.007  0.009   0.000    0.023      0.000    0.000    9617.0   15107.0    1.0
p_y[1142]                                  0.353  0.159   0.088    0.650      0.001    0.001   12053.0   14651.0    1.0
p_y[1143]                                  0.006  0.010   0.000    0.021      0.000    0.000    8231.0    4216.0    1.0
p_y[1144]                                  0.339  0.171   0.064    0.668      0.002    0.002    5879.0    2001.0    1.0
p_y[1145]                                  0.006  0.008   0.000    0.019      0.000    0.000    6911.0    3716.0    1.0
p_y[1146]                                  0.007  0.011   0.000    0.025      0.000    0.000    7165.0    2567.0    1.0
p_y[1147]                                  0.011  0.014   0.000    0.035      0.000    0.000    9560.0    3830.0    1.0
p_y[1148]                                  0.004  0.005   0.000    0.012      0.000    0.000   11602.0    9290.0    1.0
p_y[1149]                                  0.001  0.003   0.000    0.004      0.000    0.000   10487.0   13231.0    1.0
p_y[1150]                                  0.002  0.005   0.000    0.007      0.000    0.000    7545.0    9816.0    1.0
p_y[1151]                                  0.004  0.007   0.000    0.014      0.000    0.000   12015.0   14201.0    1.0
p_y[1152]                                  0.001  0.002   0.000    0.003      0.000    0.000   11584.0   11671.0    1.0
p_y[1153]                                  0.002  0.004   0.000    0.006      0.000    0.000    8441.0   12222.0    1.0
p_y[1154]                                  0.032  0.026   0.000    0.078      0.000    0.000    7815.0    6656.0    1.0
p_y[1155]                                  0.003  0.004   0.000    0.009      0.000    0.000   11998.0   11518.0    1.0
p_y[1156]                                  0.001  0.003   0.000    0.003      0.000    0.000    7942.0    6431.0    1.0
p_y[1157]                                  0.001  0.003   0.000    0.003      0.000    0.000   10461.0   13631.0    1.0
p_y[1158]                                  0.009  0.016   0.000    0.033      0.000    0.000    5052.0    1718.0    1.0
p_y[1159]                                  0.003  0.006   0.000    0.010      0.000    0.000   10659.0    7048.0    1.0
p_y[1160]                                  0.003  0.007   0.000    0.012      0.000    0.000    8651.0    3867.0    1.0
p_y[1161]                                  0.002  0.006   0.000    0.010      0.000    0.000   14600.0   15635.0    1.0
p_y[1162]                                  0.001  0.003   0.000    0.006      0.000    0.000    9323.0    6502.0    1.0
p_y[1163]                                  0.011  0.017   0.000    0.036      0.000    0.000    6778.0    5805.0    1.0
p_y[1164]                                  0.003  0.009   0.000    0.011      0.000    0.000    5191.0    2529.0    1.0
p_y[1165]                                  0.001  0.002   0.000    0.005      0.000    0.000    7355.0    4417.0    1.0
p_y[1166]                                  0.003  0.005   0.000    0.010      0.000    0.000   12966.0   15470.0    1.0
p_y[1167]                                  0.001  0.002   0.000    0.003      0.000    0.000   10027.0   13336.0    1.0
p_y[1168]                                  0.002  0.004   0.000    0.007      0.000    0.000    5902.0    7461.0    1.0
p_y[1169]                                  0.001  0.002   0.000    0.003      0.000    0.000   11806.0   14175.0    1.0
p_y[1170]                                  0.001  0.002   0.000    0.003      0.000    0.000    9734.0   16605.0    1.0
p_y[1171]                                  0.001  0.001   0.000    0.002      0.000    0.000    7629.0    6147.0    1.0
p_y[1172]                                  0.002  0.004   0.000    0.007      0.000    0.000    9192.0   10713.0    1.0
p_y[1173]                                  0.001  0.004   0.000    0.006      0.000    0.000    5833.0    2075.0    1.0
p_y[1174]                                  0.002  0.004   0.000    0.007      0.000    0.000    9962.0    8012.0    1.0
p_y[1175]                                  0.002  0.004   0.000    0.006      0.000    0.000    5935.0    4809.0    1.0
p_y[1176]                                  0.002  0.004   0.000    0.007      0.000    0.000    6894.0    5580.0    1.0
p_y[1177]                                  0.010  0.020   0.000    0.041      0.000    0.000    6733.0    3218.0    1.0
p_y[1178]                                  0.001  0.003   0.000    0.005      0.000    0.000   10719.0   13325.0    1.0
p_y[1179]                                  0.002  0.006   0.000    0.010      0.000    0.000    6457.0    3542.0    1.0
p_y[1180]                                  0.001  0.004   0.000    0.005      0.000    0.000    6781.0    3291.0    1.0
p_y[1181]                                  0.002  0.003   0.000    0.006      0.000    0.000    8198.0    5204.0    1.0
p_y[1182]                                  0.001  0.003   0.000    0.004      0.000    0.000    7009.0    2931.0    1.0
p_y[1183]                                  0.016  0.018   0.000    0.047      0.000    0.000   11961.0   10516.0    1.0
p_y[1184]                                  0.001  0.003   0.000    0.005      0.000    0.000    5937.0    2982.0    1.0
p_y[1185]                                  0.002  0.006   0.000    0.009      0.000    0.000    7441.0   10248.0    1.0
p_y[1186]                                  0.002  0.004   0.000    0.007      0.000    0.000    3891.0    1965.0    1.0
p_y[1187]                                  0.027  0.026   0.000    0.074      0.000    0.000   10314.0   11824.0    1.0
p_y[1188]                                  0.001  0.003   0.000    0.005      0.000    0.000   10074.0   13424.0    1.0
p_y[1189]                                  0.001  0.003   0.000    0.005      0.000    0.000   10015.0   15013.0    1.0
p_y[1190]                                  0.002  0.003   0.000    0.006      0.000    0.000    8852.0   13766.0    1.0
p_y[1191]                                  0.002  0.007   0.000    0.008      0.000    0.000   11708.0   12896.0    1.0
p_y[1192]                                  0.002  0.009   0.000    0.009      0.000    0.000   10414.0   12520.0    1.0
p_y[1193]                                  0.002  0.005   0.000    0.007      0.000    0.000    7795.0    3844.0    1.0
p_y[1194]                                  0.001  0.005   0.000    0.006      0.000    0.000   12557.0   14417.0    1.0
p_y[1195]                                  0.001  0.003   0.000    0.005      0.000    0.000   10433.0   12998.0    1.0
p_y[1196]                                  0.002  0.005   0.000    0.007      0.000    0.000    7678.0    6862.0    1.0
p_y[1197]                                  0.003  0.007   0.000    0.011      0.000    0.000    8502.0    7503.0    1.0
p_y[1198]                                  0.041  0.033   0.000    0.100      0.000    0.000    5118.0    2463.0    1.0
p_y[1199]                                  0.001  0.003   0.000    0.005      0.000    0.000    9036.0   13756.0    1.0
p_y[1200]                                  0.002  0.004   0.000    0.006      0.000    0.000    8820.0    4119.0    1.0
p_y[1201]                                  0.001  0.002   0.000    0.005      0.000    0.000   12761.0   15642.0    1.0
p_y[1202]                                  0.003  0.005   0.000    0.009      0.000    0.000   10095.0   15974.0    1.0
p_y[1203]                                  0.001  0.003   0.000    0.005      0.000    0.000    7803.0   11637.0    1.0
p_y[1204]                                  0.002  0.004   0.000    0.009      0.000    0.000   11727.0   11373.0    1.0
p_y[1205]                                  0.011  0.014   0.000    0.034      0.000    0.000   11846.0   10282.0    1.0
p_y[1206]                                  0.002  0.003   0.000    0.006      0.000    0.000    4487.0    2109.0    1.0
p_y[1207]                                  0.010  0.013   0.000    0.033      0.000    0.000   11386.0   11165.0    1.0
p_y[1208]                                  0.002  0.004   0.000    0.009      0.000    0.000   13720.0   11722.0    1.0
p_y[1209]                                  0.001  0.003   0.000    0.005      0.000    0.000    4693.0    2070.0    1.0
p_y[1210]                                  0.004  0.008   0.000    0.016      0.000    0.000    7752.0    8388.0    1.0
p_y[1211]                                  0.002  0.004   0.000    0.006      0.000    0.000    9096.0    4084.0    1.0
p_y[1212]                                  0.001  0.003   0.000    0.005      0.000    0.000   11885.0   15682.0    1.0
p_y[1213]                                  0.001  0.003   0.000    0.005      0.000    0.000   11662.0   11992.0    1.0
p_y[1214]                                  0.002  0.005   0.000    0.008      0.000    0.000    8436.0    5475.0    1.0
p_y[1215]                                  0.011  0.016   0.000    0.038      0.000    0.000   11452.0   15888.0    1.0
p_y[1216]                                  0.019  0.018   0.000    0.050      0.000    0.000    9547.0   10077.0    1.0
p_y[1217]                                  0.003  0.005   0.000    0.009      0.000    0.000   13016.0   12980.0    1.0
p_y[1218]                                  0.001  0.003   0.000    0.005      0.000    0.000    7072.0    3434.0    1.0
p_y[1219]                                  0.003  0.005   0.000    0.011      0.000    0.000   15798.0   14160.0    1.0
p_y[1220]                                  0.003  0.006   0.000    0.011      0.000    0.000   14037.0   15976.0    1.0
p_y[1221]                                  0.002  0.004   0.000    0.009      0.000    0.000   14079.0   17604.0    1.0
p_y[1222]                                  0.003  0.006   0.000    0.012      0.000    0.000   12634.0   12072.0    1.0
p_y[1223]                                  0.009  0.010   0.000    0.027      0.000    0.000   12529.0   13892.0    1.0
p_y[1224]                                  0.003  0.005   0.000    0.011      0.000    0.000   11484.0   15337.0    1.0
p_y[1225]                                  0.020  0.019   0.000    0.055      0.000    0.000    9012.0    5696.0    1.0
p_y[1226]                                  0.004  0.006   0.000    0.014      0.000    0.000   11394.0   10375.0    1.0
p_y[1227]                                  0.012  0.013   0.000    0.034      0.000    0.000   13214.0   14571.0    1.0
p_y[1228]                                  0.002  0.004   0.000    0.008      0.000    0.000    5727.0    3912.0    1.0
p_y[1229]                                  0.001  0.002   0.000    0.004      0.000    0.000    8762.0   14270.0    1.0
p_y[1230]                                  0.002  0.007   0.000    0.007      0.000    0.000    8386.0   12529.0    1.0
p_y[1231]                                  0.002  0.005   0.000    0.008      0.000    0.000    6012.0    4775.0    1.0
p_y[1232]                                  0.002  0.005   0.000    0.008      0.000    0.000   11495.0   16819.0    1.0
p_y[1233]                                  0.002  0.003   0.000    0.006      0.000    0.000   12229.0   14968.0    1.0
p_y[1234]                                  0.001  0.002   0.000    0.005      0.000    0.000   12302.0   17969.0    1.0
p_y[1235]                                  0.002  0.004   0.000    0.009      0.000    0.000   10550.0   15352.0    1.0
p_y[1236]                                  0.004  0.005   0.000    0.012      0.000    0.000   12715.0   11745.0    1.0
p_y[1237]                                  0.002  0.003   0.000    0.006      0.000    0.000   10234.0   10605.0    1.0
p_y[1238]                                  0.027  0.018   0.003    0.060      0.000    0.000   10081.0   10052.0    1.0
p_y[1239]                                  0.002  0.004   0.000    0.008      0.000    0.000   13764.0   15194.0    1.0
p_y[1240]                                  0.002  0.003   0.000    0.006      0.000    0.000   12230.0   15958.0    1.0
p_y[1241]                                  0.002  0.003   0.000    0.006      0.000    0.000    7414.0   13129.0    1.0
p_y[1242]                                  0.001  0.001   0.000    0.003      0.000    0.000   13736.0   17232.0    1.0
p_y[1243]                                  0.002  0.005   0.000    0.007      0.000    0.000    8382.0   13683.0    1.0
p_y[1244]                                  0.002  0.003   0.000    0.007      0.000    0.000    7705.0   15422.0    1.0
p_y[1245]                                  0.002  0.003   0.000    0.006      0.000    0.000   10497.0   16040.0    1.0
p_y[1246]                                  0.001  0.003   0.000    0.005      0.000    0.000    8443.0    4090.0    1.0
p_y[1247]                                  0.003  0.004   0.000    0.009      0.000    0.000    9550.0   12517.0    1.0
p_y[1248]                                  0.003  0.009   0.000    0.011      0.000    0.000    7969.0    6392.0    1.0
p_y[1249]                                  0.002  0.003   0.000    0.006      0.000    0.000   12054.0   12529.0    1.0
p_y[1250]                                  0.005  0.007   0.000    0.017      0.000    0.000   10059.0   12558.0    1.0
p_y[1251]                                  0.001  0.002   0.000    0.004      0.000    0.000   11167.0   12039.0    1.0
p_y[1252]                                  0.008  0.014   0.000    0.031      0.000    0.000   13098.0   15183.0    1.0
p_y[1253]                                  0.001  0.003   0.000    0.004      0.000    0.000   10719.0   11022.0    1.0
p_y[1254]                                  0.016  0.016   0.000    0.043      0.000    0.000   11586.0   15551.0    1.0
p_y[1255]                                  0.001  0.003   0.000    0.004      0.000    0.000   10392.0   10904.0    1.0
p_y[1256]                                  0.002  0.004   0.000    0.009      0.000    0.000   11279.0   14866.0    1.0
p_y[1257]                                  0.001  0.002   0.000    0.004      0.000    0.000    6093.0    2082.0    1.0
p_y[1258]                                  0.006  0.005   0.000    0.014      0.000    0.000    7010.0    4155.0    1.0
p_y[1259]                                  0.002  0.003   0.000    0.006      0.000    0.000   10539.0   10792.0    1.0
p_y[1260]                                  0.002  0.003   0.000    0.007      0.000    0.000   12518.0    6360.0    1.0
p_y[1261]                                  0.040  0.025   0.004    0.086      0.000    0.000   10337.0   12957.0    1.0
p_y[1262]                                  0.002  0.003   0.000    0.006      0.000    0.000    5728.0    2226.0    1.0
p_y[1263]                                  0.015  0.009   0.001    0.031      0.000    0.000    7589.0    4627.0    1.0
p_y[1264]                                  0.008  0.009   0.000    0.023      0.000    0.000   12430.0    5349.0    1.0
p_y[1265]                                  0.001  0.001   0.000    0.002      0.000    0.000   10870.0   14890.0    1.0
p_y[1266]                                  0.003  0.005   0.000    0.010      0.000    0.000    5619.0    2346.0    1.0
p_y[1267]                                  0.006  0.006   0.000    0.017      0.000    0.000   12221.0   17082.0    1.0
p_y[1268]                                  0.001  0.002   0.000    0.002      0.000    0.000    5776.0    1523.0    1.0
p_y[1269]                                  0.002  0.004   0.000    0.008      0.000    0.000   11850.0   10740.0    1.0
p_y[1270]                                  0.002  0.004   0.000    0.006      0.000    0.000   12392.0   12251.0    1.0
p_y[1271]                                  0.002  0.005   0.000    0.009      0.000    0.000   12781.0   12811.0    1.0
p_y[1272]                                  0.001  0.002   0.000    0.003      0.000    0.000   10826.0   14427.0    1.0
p_y[1273]                                  0.002  0.005   0.000    0.006      0.000    0.000    9339.0   15184.0    1.0
p_y[1274]                                  0.001  0.002   0.000    0.003      0.000    0.000   10700.0    9164.0    1.0
p_y[1275]                                  0.001  0.002   0.000    0.003      0.000    0.000   11109.0   12810.0    1.0
p_y[1276]                                  0.001  0.003   0.000    0.005      0.000    0.000    7285.0    3893.0    1.0
p_y[1277]                                  0.001  0.003   0.000    0.004      0.000    0.000    8689.0    6967.0    1.0
p_y[1278]                                  0.001  0.002   0.000    0.003      0.000    0.000   11462.0   12007.0    1.0
p_y[1279]                                  0.001  0.004   0.000    0.005      0.000    0.000    7669.0   14284.0    1.0
p_y[1280]                                  0.001  0.002   0.000    0.003      0.000    0.000   11479.0   15809.0    1.0
p_y[1281]                                  0.002  0.003   0.000    0.006      0.000    0.000    9760.0   15379.0    1.0
p_y[1282]                                  0.001  0.002   0.000    0.003      0.000    0.000    8665.0   10097.0    1.0
p_y[1283]                                  0.003  0.004   0.000    0.010      0.000    0.000    7552.0    2645.0    1.0
p_y[1284]                                  0.000  0.001   0.000    0.002      0.000    0.000    9077.0    9353.0    1.0
p_y[1285]                                  0.001  0.002   0.000    0.002      0.000    0.000    7067.0    5087.0    1.0
p_y[1286]                                  0.001  0.002   0.000    0.002      0.000    0.000    8286.0   10629.0    1.0
p_y[1287]                                  0.002  0.003   0.000    0.006      0.000    0.000   15189.0   20899.0    1.0
p_y[1288]                                  0.001  0.002   0.000    0.002      0.000    0.000    8840.0   11418.0    1.0
p_y[1289]                                  0.000  0.002   0.000    0.002      0.000    0.000    8947.0   13876.0    1.0
p_y[1290]                                  0.001  0.003   0.000    0.004      0.000    0.000    9127.0    3650.0    1.0
p_y[1291]                                  0.001  0.003   0.000    0.002      0.000    0.000    9425.0   11666.0    1.0
p_y[1292]                                  0.001  0.003   0.000    0.005      0.000    0.000    6591.0    3470.0    1.0
p_y[1293]                                  0.001  0.002   0.000    0.002      0.000    0.000    7815.0    8827.0    1.0
p_y[1294]                                  0.002  0.006   0.000    0.009      0.000    0.000    9183.0    8066.0    1.0
p_y[1295]                                  0.001  0.002   0.000    0.002      0.000    0.000    5988.0   11467.0    1.0
p_y[1296]                                  0.002  0.005   0.000    0.009      0.000    0.000    9604.0    7477.0    1.0
p_y[1297]                                  0.001  0.003   0.000    0.004      0.000    0.000   10498.0   16005.0    1.0
p_y[1298]                                  0.006  0.011   0.000    0.023      0.000    0.000   10731.0   11759.0    1.0
p_y[1299]                                  0.001  0.002   0.000    0.002      0.000    0.000    5096.0    3040.0    1.0
p_y[1300]                                  0.001  0.003   0.000    0.004      0.000    0.000    8596.0    4395.0    1.0
p_y[1301]                                  0.001  0.003   0.000    0.005      0.000    0.000   10320.0   14523.0    1.0
p_y[1302]                                  0.016  0.015   0.000    0.041      0.000    0.000    8619.0    7145.0    1.0
p_y[1303]                                  0.002  0.004   0.000    0.006      0.000    0.000    7932.0   10952.0    1.0
p_y[1304]                                  0.002  0.004   0.000    0.007      0.000    0.000   11054.0   10794.0    1.0
p_y[1305]                                  0.001  0.002   0.000    0.005      0.000    0.000    8389.0    8773.0    1.0
p_y[1306]                                  0.001  0.002   0.000    0.003      0.000    0.000    6945.0    3988.0    1.0
p_y[1307]                                  0.001  0.002   0.000    0.004      0.000    0.000    5286.0    2038.0    1.0
p_y[1308]                                  0.001  0.002   0.000    0.002      0.000    0.000    6214.0    3361.0    1.0
p_y[1309]                                  0.001  0.003   0.000    0.004      0.000    0.000    8718.0    6520.0    1.0
p_y[1310]                                  0.001  0.003   0.000    0.004      0.000    0.000    6434.0    5007.0    1.0
p_y[1311]                                  0.002  0.004   0.000    0.006      0.000    0.000    8280.0    4231.0    1.0
p_y[1312]                                  0.001  0.005   0.000    0.005      0.000    0.000   11221.0   17602.0    1.0
p_y[1313]                                  0.001  0.003   0.000    0.004      0.000    0.000   10020.0    3874.0    1.0
p_y[1314]                                  0.001  0.003   0.000    0.005      0.000    0.000   12049.0   10537.0    1.0
p_y[1315]                                  0.002  0.006   0.000    0.007      0.000    0.000   11233.0   11160.0    1.0
p_y[1316]                                  0.004  0.010   0.000    0.016      0.000    0.000   10788.0    8156.0    1.0
p_y[1317]                                  0.002  0.006   0.000    0.007      0.000    0.000    4907.0    6264.0    1.0
p_y[1318]                                  0.003  0.007   0.000    0.010      0.000    0.000   13269.0   17299.0    1.0
p_y[1319]                                  0.004  0.013   0.000    0.014      0.000    0.000   11453.0   15250.0    1.0
p_y[1320]                                  0.003  0.008   0.000    0.011      0.000    0.000    4428.0    2213.0    1.0
p_y[1321]                                  0.003  0.009   0.000    0.012      0.000    0.000    8509.0   11215.0    1.0
p_y[1322]                                  0.007  0.008   0.000    0.021      0.000    0.000   12275.0   10008.0    1.0
p_y[1323]                                  0.002  0.005   0.000    0.009      0.000    0.000    6091.0    4185.0    1.0
p_y[1324]                                  0.002  0.006   0.000    0.009      0.000    0.000   11899.0   16428.0    1.0
p_y[1325]                                  0.004  0.008   0.000    0.013      0.000    0.000    8402.0   14247.0    1.0
p_y[1326]                                  0.005  0.009   0.000    0.019      0.000    0.000   12938.0   15640.0    1.0
p_y[1327]                                  0.002  0.004   0.000    0.008      0.000    0.000    6389.0    2947.0    1.0
p_y[1328]                                  0.003  0.007   0.000    0.012      0.000    0.000    6823.0    3426.0    1.0
p_y[1329]                                  0.004  0.010   0.000    0.017      0.000    0.000   12157.0   12886.0    1.0
p_y[1330]                                  0.004  0.009   0.000    0.014      0.000    0.000   13578.0   12195.0    1.0
p_y[1331]                                  0.007  0.017   0.000    0.026      0.000    0.000    7290.0    2487.0    1.0
p_y[1332]                                  0.003  0.006   0.000    0.011      0.000    0.000    9613.0    6554.0    1.0
p_y[1333]                                  0.002  0.005   0.000    0.007      0.000    0.000    9597.0   12905.0    1.0
p_y[1334]                                  0.002  0.004   0.000    0.007      0.000    0.000   11353.0   15942.0    1.0
p_y[1335]                                  0.002  0.004   0.000    0.007      0.000    0.000    5251.0    3327.0    1.0
p_y[1336]                                  0.002  0.006   0.000    0.009      0.000    0.000    6643.0    4211.0    1.0
p_y[1337]                                  0.002  0.005   0.000    0.007      0.000    0.000   10497.0   12956.0    1.0
p_y[1338]                                  0.002  0.007   0.000    0.008      0.000    0.000    5486.0    3887.0    1.0
p_y[1339]                                  0.004  0.012   0.000    0.015      0.000    0.000    8684.0   12170.0    1.0
p_y[1340]                                  0.003  0.009   0.000    0.011      0.000    0.000    7371.0    4051.0    1.0
p_y[1341]                                  0.017  0.020   0.000    0.052      0.000    0.000   10023.0    9560.0    1.0
p_y[1342]                                  0.012  0.016   0.000    0.041      0.000    0.000    5333.0    5562.0    1.0
p_y[1343]                                  0.005  0.014   0.000    0.018      0.000    0.000   12236.0   16493.0    1.0
p_y[1344]                                  0.006  0.022   0.000    0.021      0.000    0.000   10689.0    5939.0    1.0
p_y[1345]                                  0.003  0.007   0.000    0.013      0.000    0.000   11101.0    9509.0    1.0
p_y[1346]                                  0.002  0.004   0.000    0.007      0.000    0.000   12074.0   12902.0    1.0
p_y[1347]                                  0.003  0.005   0.000    0.011      0.000    0.000    4720.0    2406.0    1.0
p_y[1348]                                  0.001  0.003   0.000    0.005      0.000    0.000    6663.0    6567.0    1.0
p_y[1349]                                  0.005  0.010   0.000    0.017      0.000    0.000    6277.0    3976.0    1.0
p_y[1350]                                  0.002  0.004   0.000    0.007      0.000    0.000   10913.0    9390.0    1.0
p_y[1351]                                  0.004  0.009   0.000    0.014      0.000    0.000   12874.0   13273.0    1.0
p_y[1352]                                  0.014  0.012   0.000    0.036      0.000    0.000   10846.0    8677.0    1.0
p_y[1353]                                  0.002  0.005   0.000    0.009      0.000    0.000   12471.0   16731.0    1.0
p_y[1354]                                  0.002  0.005   0.000    0.007      0.000    0.000    8166.0    6950.0    1.0
p_y[1355]                                  0.003  0.008   0.000    0.012      0.000    0.000    4490.0    3688.0    1.0
p_y[1356]                                  0.001  0.002   0.000    0.004      0.000    0.000    9064.0   12529.0    1.0
p_y[1357]                                  0.004  0.009   0.000    0.016      0.000    0.000   10212.0    9084.0    1.0
p_y[1358]                                  0.001  0.003   0.000    0.005      0.000    0.000    9601.0    6189.0    1.0
p_y[1359]                                  0.003  0.005   0.000    0.009      0.000    0.000   11622.0   14414.0    1.0
p_y[1360]                                  0.002  0.004   0.000    0.006      0.000    0.000   10140.0    4766.0    1.0
p_y[1361]                                  0.009  0.015   0.000    0.033      0.000    0.000   10390.0   11679.0    1.0
p_y[1362]                                  0.002  0.003   0.000    0.006      0.000    0.000   11857.0   17487.0    1.0
p_y[1363]                                  0.003  0.006   0.000    0.011      0.000    0.000    9281.0   14296.0    1.0
p_y[1364]                                  0.001  0.002   0.000    0.005      0.000    0.000    9714.0   12152.0    1.0
p_y[1365]                                  0.003  0.005   0.000    0.011      0.000    0.000    9651.0   16300.0    1.0
p_y[1366]                                  0.051  0.065   0.000    0.164      0.001    0.000    8234.0    8094.0    1.0
p_y[1367]                                  0.002  0.004   0.000    0.010      0.000    0.000    7694.0    5459.0    1.0
p_y[1368]                                  0.002  0.005   0.000    0.009      0.000    0.000    7337.0    6266.0    1.0
p_y[1369]                                  0.003  0.005   0.000    0.011      0.000    0.000    9116.0   13239.0    1.0
p_y[1370]                                  0.001  0.002   0.000    0.004      0.000    0.000   10980.0   12058.0    1.0
p_y[1371]                                  0.002  0.004   0.000    0.006      0.000    0.000   10030.0   12331.0    1.0
p_y[1372]                                  0.002  0.006   0.000    0.008      0.000    0.000    8981.0   16132.0    1.0
p_y[1373]                                  0.001  0.003   0.000    0.004      0.000    0.000   10464.0   14206.0    1.0
p_y[1374]                                  0.001  0.002   0.000    0.003      0.000    0.000    8674.0    8735.0    1.0
p_y[1375]                                  0.002  0.005   0.000    0.008      0.000    0.000    7432.0    5897.0    1.0
p_y[1376]                                  0.001  0.002   0.000    0.002      0.000    0.000    8733.0   11956.0    1.0
p_y[1377]                                  0.001  0.002   0.000    0.004      0.000    0.000    9997.0   15662.0    1.0
p_y[1378]                                  0.000  0.001   0.000    0.001      0.000    0.000    8037.0    9230.0    1.0
p_y[1379]                                  0.001  0.005   0.000    0.006      0.000    0.000    8604.0   13529.0    1.0
p_y[1380]                                  0.001  0.002   0.000    0.002      0.000    0.000    7583.0   12136.0    1.0
p_y[1381]                                  0.001  0.003   0.000    0.004      0.000    0.000    8387.0    6135.0    1.0
p_y[1382]                                  0.000  0.001   0.000    0.002      0.000    0.000    7736.0    8096.0    1.0
p_y[1383]                                  0.001  0.003   0.000    0.004      0.000    0.000    7560.0    4234.0    1.0
p_y[1384]                                  0.000  0.001   0.000    0.002      0.000    0.000    9903.0   13132.0    1.0
p_y[1385]                                  0.002  0.004   0.000    0.006      0.000    0.000    9081.0   14647.0    1.0
p_y[1386]                                  0.000  0.001   0.000    0.002      0.000    0.000    8769.0   13515.0    1.0
p_y[1387]                                  0.003  0.006   0.000    0.012      0.000    0.000    9672.0   12834.0    1.0
p_y[1388]                                  0.001  0.002   0.000    0.002      0.000    0.000    4050.0    2264.0    1.0
p_y[1389]                                  0.001  0.002   0.000    0.005      0.000    0.000    9998.0    8666.0    1.0
p_y[1390]                                  0.000  0.001   0.000    0.001      0.000    0.000    8548.0   12275.0    1.0
p_y[1391]                                  0.001  0.002   0.000    0.005      0.000    0.000    7301.0    8030.0    1.0
p_y[1392]                                  0.001  0.003   0.000    0.004      0.000    0.000   10362.0   11692.0    1.0
p_y[1393]                                  0.001  0.002   0.000    0.002      0.000    0.000   10197.0   13901.0    1.0
p_y[1394]                                  0.001  0.002   0.000    0.004      0.000    0.000   11654.0   12717.0    1.0
p_y[1395]                                  0.000  0.001   0.000    0.002      0.000    0.000    8996.0   12575.0    1.0
p_y[1396]                                  0.001  0.002   0.000    0.002      0.000    0.000    7232.0    6709.0    1.0
p_y[1397]                                  0.001  0.003   0.000    0.005      0.000    0.000    4006.0    2042.0    1.0
p_y[1398]                                  0.001  0.003   0.000    0.003      0.000    0.000    6343.0    2737.0    1.0
p_y[1399]                                  0.001  0.002   0.000    0.003      0.000    0.000   11156.0   16664.0    1.0
p_y[1400]                                  0.007  0.017   0.000    0.034      0.000    0.000    4637.0    3110.0    1.0
p_y[1401]                                  0.001  0.003   0.000    0.003      0.000    0.000   10913.0   15032.0    1.0
p_y[1402]                                  0.001  0.003   0.000    0.003      0.000    0.000    4340.0    3591.0    1.0
p_y[1403]                                  0.001  0.004   0.000    0.004      0.000    0.000    6093.0    5822.0    1.0
p_y[1404]                                  0.001  0.003   0.000    0.003      0.000    0.000    8037.0   11550.0    1.0
p_y[1405]                                  0.001  0.003   0.000    0.004      0.000    0.000    9540.0   13195.0    1.0
p_y[1406]                                  0.001  0.003   0.000    0.003      0.000    0.000    7355.0   15338.0    1.0
p_y[1407]                                  0.001  0.003   0.000    0.004      0.000    0.000   12168.0   16399.0    1.0
p_y[1408]                                  0.005  0.014   0.000    0.023      0.000    0.000    6830.0   13565.0    1.0
p_y[1409]                                  0.001  0.004   0.000    0.005      0.000    0.000   12782.0   14985.0    1.0
p_y[1410]                                  0.001  0.003   0.000    0.005      0.000    0.000    7018.0   12713.0    1.0
p_y[1411]                                  0.002  0.004   0.000    0.007      0.000    0.000   11548.0   13694.0    1.0
p_y[1412]                                  0.001  0.003   0.000    0.003      0.000    0.000    8488.0   15174.0    1.0
p_y[1413]                                  0.001  0.003   0.000    0.004      0.000    0.000   10925.0   15701.0    1.0
p_y[1414]                                  0.000  0.001   0.000    0.002      0.000    0.000    7192.0   11231.0    1.0
p_y[1415]                                  0.001  0.002   0.000    0.003      0.000    0.000    8245.0   15284.0    1.0
p_y[1416]                                  0.001  0.004   0.000    0.005      0.000    0.000    7379.0    4148.0    1.0
p_y[1417]                                  0.002  0.004   0.000    0.006      0.000    0.000   13725.0   19044.0    1.0
p_y[1418]                                  0.001  0.002   0.000    0.002      0.000    0.000    7421.0   14287.0    1.0
p_y[1419]                                  0.001  0.002   0.000    0.002      0.000    0.000    7248.0    5477.0    1.0
p_y[1420]                                  0.003  0.006   0.000    0.010      0.000    0.000   13421.0   12457.0    1.0
p_y[1421]                                  0.002  0.004   0.000    0.008      0.000    0.000   11612.0    4956.0    1.0
p_y[1422]                                  0.006  0.009   0.000    0.020      0.000    0.000    9706.0   11326.0    1.0
p_y[1423]                                  0.001  0.003   0.000    0.005      0.000    0.000    9736.0   11875.0    1.0
p_y[1424]                                  0.002  0.003   0.000    0.006      0.000    0.000    7071.0    2566.0    1.0
p_y[1425]                                  0.005  0.006   0.000    0.014      0.000    0.000   11853.0   15822.0    1.0
p_y[1426]                                  0.004  0.008   0.000    0.014      0.000    0.000    7587.0   10798.0    1.0
p_y[1427]                                  0.000  0.002   0.000    0.002      0.000    0.000    6360.0   10863.0    1.0
p_y[1428]                                  0.001  0.003   0.000    0.002      0.000    0.000    5699.0    4429.0    1.0
p_y[1429]                                  0.003  0.005   0.000    0.012      0.000    0.000    4484.0    2186.0    1.0
p_y[1430]                                  0.000  0.001   0.000    0.002      0.000    0.000    4976.0    6144.0    1.0
p_y[1431]                                  0.003  0.005   0.000    0.010      0.000    0.000   10828.0   15391.0    1.0
p_y[1432]                                  0.002  0.005   0.000    0.008      0.000    0.000   12959.0   12499.0    1.0
p_y[1433]                                  0.002  0.003   0.000    0.006      0.000    0.000   10458.0    9889.0    1.0
p_y[1434]                                  0.001  0.004   0.000    0.002      0.000    0.000    6827.0    9906.0    1.0
p_y[1435]                                  0.001  0.002   0.000    0.004      0.000    0.000   14504.0   14342.0    1.0
p_y[1436]                                  0.002  0.006   0.000    0.008      0.000    0.000    6726.0    7231.0    1.0
p_y[1437]                                  0.001  0.002   0.000    0.004      0.000    0.000    9192.0    4285.0    1.0
p_y[1438]                                  0.001  0.003   0.000    0.002      0.000    0.000    7040.0   10700.0    1.0
p_y[1439]                                  0.001  0.003   0.000    0.005      0.000    0.000    8331.0   13700.0    1.0
p_y[1440]                                  0.001  0.005   0.000    0.003      0.000    0.000    4944.0    4571.0    1.0
p_y[1441]                                  0.001  0.002   0.000    0.003      0.000    0.000   12624.0   13861.0    1.0
p_y[1442]                                  0.001  0.002   0.000    0.004      0.000    0.000    7483.0    4150.0    1.0
p_y[1443]                                  0.001  0.003   0.000    0.004      0.000    0.000    8847.0   15057.0    1.0
p_y[1444]                                  0.000  0.001   0.000    0.001      0.000    0.000    5892.0    5315.0    1.0
p_y[1445]                                  0.001  0.004   0.000    0.005      0.000    0.000   10044.0   16157.0    1.0
p_y[1446]                                  0.002  0.004   0.000    0.006      0.000    0.000    9008.0   14486.0    1.0
p_y[1447]                                  0.001  0.002   0.000    0.002      0.000    0.000    9215.0   10355.0    1.0
p_y[1448]                                  0.001  0.004   0.000    0.005      0.000    0.000   10027.0   15836.0    1.0
p_y[1449]                                  0.002  0.005   0.000    0.007      0.000    0.000   10415.0   14288.0    1.0
p_y[1450]                                  0.000  0.001   0.000    0.001      0.000    0.000    5228.0    7937.0    1.0
p_y[1451]                                  0.001  0.004   0.000    0.005      0.000    0.000    9529.0   16069.0    1.0
p_y[1452]                                  0.001  0.003   0.000    0.005      0.000    0.000   12855.0   18455.0    1.0
p_y[1453]                                  0.003  0.005   0.000    0.009      0.000    0.000   12017.0   13472.0    1.0
p_y[1454]                                  0.001  0.004   0.000    0.004      0.000    0.000    5097.0    2785.0    1.0
p_y[1455]                                  0.001  0.003   0.000    0.002      0.000    0.000    6172.0   12504.0    1.0
p_y[1456]                                  0.003  0.009   0.000    0.010      0.000    0.000   10965.0   15274.0    1.0
p_y[1457]                                  0.002  0.006   0.000    0.007      0.000    0.000   12752.0   17230.0    1.0
p_y[1458]                                  0.002  0.006   0.000    0.006      0.000    0.000   10771.0   12822.0    1.0
p_y[1459]                                  0.001  0.005   0.000    0.003      0.000    0.000    6963.0   11481.0    1.0
p_y[1460]                                  0.001  0.003   0.000    0.002      0.000    0.000    5485.0    7952.0    1.0
p_y[1461]                                  0.003  0.009   0.000    0.013      0.000    0.000   12612.0   10031.0    1.0
p_y[1462]                                  0.000  0.002   0.000    0.002      0.000    0.000    5790.0   10483.0    1.0
p_y[1463]                                  0.002  0.005   0.000    0.007      0.000    0.000    8963.0   12629.0    1.0
p_y[1464]                                  0.001  0.003   0.000    0.002      0.000    0.000    5439.0   11974.0    1.0
p_y[1465]                                  0.002  0.005   0.000    0.006      0.000    0.000    9984.0    9982.0    1.0
p_y[1466]                                  0.001  0.003   0.000    0.003      0.000    0.000    8930.0   16008.0    1.0
p_y[1467]                                  0.001  0.002   0.000    0.003      0.000    0.000    6652.0    6430.0    1.0
p_y[1468]                                  0.001  0.004   0.000    0.004      0.000    0.000    8374.0    4226.0    1.0
p_y[1469]                                  0.001  0.002   0.000    0.003      0.000    0.000    9168.0   15104.0    1.0
p_y[1470]                                  0.001  0.003   0.000    0.003      0.000    0.000    6225.0    7104.0    1.0
p_y[1471]                                  0.001  0.003   0.000    0.002      0.000    0.000    7475.0    6753.0    1.0
p_y[1472]                                  0.001  0.002   0.000    0.003      0.000    0.000    8945.0   15807.0    1.0
p_y[1473]                                  0.000  0.001   0.000    0.002      0.000    0.000    8569.0   12425.0    1.0
p_y[1474]                                  0.001  0.004   0.000    0.004      0.000    0.000   10871.0   11342.0    1.0
p_y[1475]                                  0.001  0.003   0.000    0.003      0.000    0.000    5691.0    6145.0    1.0
p_y[1476]                                  0.001  0.002   0.000    0.002      0.000    0.000    8623.0   13771.0    1.0
p_y[1477]                                  0.001  0.002   0.000    0.003      0.000    0.000    9834.0   15117.0    1.0
p_y[1478]                                  0.001  0.002   0.000    0.003      0.000    0.000   11332.0   16237.0    1.0
p_y[1479]                                  0.000  0.001   0.000    0.002      0.000    0.000    7274.0   13011.0    1.0
p_y[1480]                                  0.001  0.003   0.000    0.003      0.000    0.000    8002.0   15385.0    1.0
p_y[1481]                                  0.001  0.003   0.000    0.005      0.000    0.000    8486.0   10669.0    1.0
p_y[1482]                                  0.001  0.002   0.000    0.003      0.000    0.000    7497.0   13832.0    1.0
p_y[1483]                                  0.001  0.003   0.000    0.004      0.000    0.000   10794.0   12417.0    1.0
p_y[1484]                                  0.002  0.005   0.000    0.006      0.000    0.000   10150.0   17887.0    1.0
p_y[1485]                                  0.001  0.003   0.000    0.004      0.000    0.000   10834.0   12111.0    1.0
p_y[1486]                                  0.001  0.002   0.000    0.003      0.000    0.000    9708.0   14520.0    1.0
p_y[1487]                                  0.000  0.001   0.000    0.002      0.000    0.000   10787.0   15885.0    1.0
p_y[1488]                                  0.001  0.002   0.000    0.002      0.000    0.000    9586.0   14524.0    1.0
p_y[1489]                                  0.000  0.001   0.000    0.002      0.000    0.000   10205.0   14613.0    1.0
p_y[1490]                                  0.001  0.004   0.000    0.003      0.000    0.000    6997.0    8872.0    1.0
p_y[1491]                                  0.001  0.002   0.000    0.002      0.000    0.000    9262.0   15262.0    1.0
p_y[1492]                                  0.000  0.001   0.000    0.002      0.000    0.000    6645.0    6760.0    1.0
p_y[1493]                                  0.001  0.003   0.000    0.003      0.000    0.000    8445.0   17027.0    1.0
p_y[1494]                                  0.001  0.001   0.000    0.002      0.000    0.000    9083.0   15040.0    1.0
p_y[1495]                                  0.001  0.004   0.000    0.005      0.000    0.000   11335.0   11027.0    1.0
p_y[1496]                                  0.001  0.004   0.000    0.003      0.000    0.000    6733.0   16673.0    1.0
p_y[1497]                                  0.001  0.002   0.000    0.004      0.000    0.000   11790.0   16146.0    1.0
p_y[1498]                                  0.000  0.001   0.000    0.002      0.000    0.000   10603.0   15283.0    1.0
p_y[1499]                                  0.001  0.001   0.000    0.002      0.000    0.000    9893.0   12732.0    1.0
p_y[1500]                                  0.001  0.001   0.000    0.002      0.000    0.000   10475.0   12486.0    1.0
p_y[1501]                                  0.001  0.002   0.000    0.003      0.000    0.000    9685.0   12516.0    1.0
p_y[1502]                                  0.002  0.006   0.000    0.007      0.000    0.000    9204.0   13035.0    1.0
p_y[1503]                                  0.000  0.001   0.000    0.002      0.000    0.000    7984.0    4451.0    1.0
p_y[1504]                                  0.001  0.003   0.000    0.005      0.000    0.000    9126.0   10116.0    1.0
p_y[1505]                                  0.008  0.009   0.000    0.025      0.000    0.000    9750.0    8403.0    1.0
p_y[1506]                                  0.000  0.001   0.000    0.001      0.000    0.000   12970.0   18055.0    1.0
p_y[1507]                                  0.001  0.002   0.000    0.005      0.000    0.000    8935.0    5903.0    1.0
p_y[1508]                                  0.000  0.001   0.000    0.002      0.000    0.000   10065.0   15995.0    1.0
p_y[1509]                                  0.006  0.008   0.000    0.019      0.000    0.000   12009.0   13478.0    1.0
p_y[1510]                                  0.001  0.001   0.000    0.002      0.000    0.000   11736.0   14838.0    1.0
p_y[1511]                                  0.001  0.003   0.000    0.006      0.000    0.000   12169.0   13299.0    1.0
p_y[1512]                                  0.001  0.002   0.000    0.004      0.000    0.000    7566.0   14873.0    1.0
p_y[1513]                                  0.001  0.001   0.000    0.002      0.000    0.000    8771.0    7130.0    1.0
p_y[1514]                                  0.001  0.002   0.000    0.005      0.000    0.000   12144.0   17142.0    1.0
p_y[1515]                                  0.000  0.001   0.000    0.002      0.000    0.000   13374.0   15012.0    1.0
p_y[1516]                                  0.001  0.002   0.000    0.002      0.000    0.000    8309.0    7084.0    1.0
p_y[1517]                                  0.001  0.002   0.000    0.004      0.000    0.000   11610.0   11027.0    1.0
p_y[1518]                                  0.000  0.001   0.000    0.002      0.000    0.000    6677.0   10890.0    1.0
p_y[1519]                                  0.002  0.005   0.000    0.007      0.000    0.000   11311.0    3861.0    1.0
p_y[1520]                                  0.001  0.002   0.000    0.003      0.000    0.000    8973.0   15255.0    1.0
p_y[1521]                                  0.002  0.004   0.000    0.007      0.000    0.000   10782.0   14826.0    1.0
p_y[1522]                                  0.001  0.002   0.000    0.004      0.000    0.000   10087.0   11822.0    1.0
p_y[1523]                                  0.001  0.004   0.000    0.005      0.000    0.000   10835.0   12192.0    1.0
p_y[1524]                                  0.001  0.003   0.000    0.005      0.000    0.000   10763.0   14118.0    1.0
p_y[1525]                                  0.000  0.001   0.000    0.002      0.000    0.000   12153.0   13225.0    1.0
p_y[1526]                                  0.002  0.002   0.000    0.005      0.000    0.000   13777.0   11022.0    1.0
p_y[1527]                                  0.000  0.001   0.000    0.001      0.000    0.000    9557.0    8146.0    1.0
p_y[1528]                                  0.002  0.003   0.000    0.006      0.000    0.000   11910.0   11957.0    1.0
p_y[1529]                                  0.001  0.002   0.000    0.004      0.000    0.000    8877.0   13620.0    1.0
p_y[1530]                                  0.002  0.003   0.000    0.006      0.000    0.000   13168.0   14948.0    1.0
p_y[1531]                                  0.015  0.012   0.000    0.036      0.000    0.000    4574.0    2131.0    1.0
p_y[1532]                                  0.003  0.005   0.000    0.009      0.000    0.000   12038.0   16222.0    1.0
p_y[1533]                                  0.002  0.003   0.000    0.007      0.000    0.000    8163.0    3929.0    1.0
p_y[1534]                                  0.001  0.002   0.000    0.005      0.000    0.000   13495.0   14561.0    1.0
p_y[1535]                                  0.007  0.005   0.000    0.016      0.000    0.000   10285.0    9552.0    1.0
p_y[1536]                                  0.003  0.006   0.000    0.010      0.000    0.000   14796.0   11272.0    1.0
p_y[1537]                                  0.003  0.008   0.000    0.010      0.000    0.000    7388.0    4057.0    1.0
p_y[1538]                                  0.002  0.005   0.000    0.009      0.000    0.000   10034.0   10237.0    1.0
p_y[1539]                                  0.003  0.004   0.000    0.010      0.000    0.000   11382.0   12424.0    1.0
p_y[1540]                                  0.003  0.006   0.000    0.011      0.000    0.000   11282.0    6853.0    1.0
p_y[1541]                                  0.002  0.002   0.000    0.006      0.000    0.000   12509.0   14755.0    1.0
p_y[1542]                                  0.001  0.001   0.000    0.003      0.000    0.000    7759.0    9645.0    1.0
p_y[1543]                                  0.059  0.032   0.011    0.118      0.000    0.000   12928.0   15974.0    1.0
p_y[1544]                                  0.001  0.002   0.000    0.005      0.000    0.000   10486.0    7319.0    1.0
p_y[1545]                                  0.006  0.004   0.001    0.013      0.000    0.000   13811.0   15288.0    1.0
p_y[1546]                                  0.003  0.005   0.000    0.009      0.000    0.000    8584.0    9129.0    1.0
p_y[1547]                                  0.014  0.010   0.000    0.033      0.000    0.000   11713.0   12018.0    1.0
p_y[1548]                                  0.003  0.004   0.000    0.010      0.000    0.000   10110.0   12251.0    1.0
p_y[1549]                                  0.002  0.004   0.000    0.008      0.000    0.000   12776.0   15563.0    1.0
p_y[1550]                                  0.006  0.004   0.001    0.013      0.000    0.000   12551.0   14350.0    1.0
p_y[1551]                                  0.017  0.023   0.000    0.056      0.000    0.000    5478.0    1864.0    1.0
p_y[1552]                                  0.004  0.008   0.000    0.014      0.000    0.000   15058.0   12577.0    1.0
p_y[1553]                                  0.001  0.002   0.000    0.004      0.000    0.000    9378.0    5454.0    1.0
p_y[1554]                                  0.002  0.003   0.000    0.006      0.000    0.000   11398.0   11036.0    1.0
p_y[1555]                                  0.002  0.004   0.000    0.007      0.000    0.000    7632.0    5208.0    1.0
p_y[1556]                                  0.002  0.005   0.000    0.007      0.000    0.000   10058.0    6344.0    1.0
p_y[1557]                                  0.002  0.003   0.000    0.007      0.000    0.000   11029.0   15505.0    1.0
p_y[1558]                                  0.002  0.005   0.000    0.008      0.000    0.000   12653.0   14028.0    1.0
p_y[1559]                                  0.003  0.011   0.000    0.009      0.000    0.000   13781.0   15612.0    1.0
p_y[1560]                                  0.001  0.003   0.000    0.004      0.000    0.000   12380.0   15741.0    1.0
p_y[1561]                                  0.001  0.002   0.000    0.004      0.000    0.000    7852.0    4420.0    1.0
p_y[1562]                                  0.001  0.002   0.000    0.004      0.000    0.000   12467.0    8369.0    1.0
p_y[1563]                                  0.001  0.003   0.000    0.005      0.000    0.000   12865.0   15708.0    1.0
p_y[1564]                                  0.001  0.002   0.000    0.004      0.000    0.000   10320.0   12263.0    1.0
p_y[1565]                                  0.010  0.007   0.001    0.021      0.000    0.000   10742.0    9171.0    1.0
p_y[1566]                                  0.002  0.003   0.000    0.007      0.000    0.000   10435.0   12046.0    1.0
p_y[1567]                                  0.002  0.003   0.000    0.006      0.000    0.000    6016.0    2361.0    1.0
p_y[1568]                                  0.002  0.003   0.000    0.008      0.000    0.000   11525.0   12975.0    1.0
p_y[1569]                                  0.002  0.003   0.000    0.006      0.000    0.000   11645.0   15849.0    1.0
p_y[1570]                                  0.001  0.002   0.000    0.005      0.000    0.000   10562.0   10644.0    1.0
p_y[1571]                                  0.000  0.001   0.000    0.002      0.000    0.000   10791.0    8450.0    1.0
p_y[1572]                                  0.001  0.003   0.000    0.005      0.000    0.000   11765.0   11826.0    1.0
p_y[1573]                                  0.001  0.003   0.000    0.005      0.000    0.000   14000.0   15968.0    1.0
p_y[1574]                                  0.001  0.002   0.000    0.004      0.000    0.000    9551.0   17377.0    1.0
p_y[1575]                                  0.001  0.003   0.000    0.006      0.000    0.000    8182.0    2777.0    1.0
p_y[1576]                                  0.001  0.002   0.000    0.004      0.000    0.000    8144.0    3430.0    1.0
p_y[1577]                                  0.002  0.005   0.000    0.008      0.000    0.000   12588.0   17379.0    1.0
p_y[1578]                                  0.002  0.004   0.000    0.008      0.000    0.000    6949.0    3526.0    1.0
p_y[1579]                                  0.002  0.002   0.000    0.006      0.000    0.000   11406.0   12339.0    1.0
p_y[1580]                                  0.004  0.009   0.000    0.015      0.000    0.000   11865.0    8492.0    1.0
p_y[1581]                                  0.002  0.003   0.000    0.006      0.000    0.000   11125.0   13962.0    1.0
p_y[1582]                                  0.027  0.012   0.008    0.050      0.000    0.000    8825.0   10334.0    1.0
p_y[1583]                                  0.004  0.009   0.000    0.016      0.000    0.000   14177.0   16137.0    1.0
p_y[1584]                                  0.002  0.005   0.000    0.009      0.000    0.000    7933.0    3330.0    1.0
p_y[1585]                                  0.002  0.003   0.000    0.007      0.000    0.000   16478.0   14642.0    1.0
p_y[1586]                                  0.005  0.009   0.000    0.017      0.000    0.000   10436.0   16747.0    1.0
p_y[1587]                                  0.032  0.022   0.002    0.072      0.000    0.000   13687.0    6471.0    1.0
p_y[1588]                                  0.010  0.007   0.000    0.023      0.000    0.000    7121.0    4135.0    1.0
p_y[1589]                                  0.017  0.012   0.000    0.039      0.000    0.000    4164.0    1339.0    1.0
p_y[1590]                                  0.006  0.012   0.000    0.021      0.000    0.000   10827.0    9103.0    1.0
p_y[1591]                                  0.009  0.013   0.000    0.031      0.000    0.000    8601.0    3943.0    1.0
p_y[1592]                                  0.001  0.002   0.000    0.004      0.000    0.000   10328.0   14028.0    1.0
p_y[1593]                                  0.014  0.008   0.002    0.027      0.000    0.000    9897.0   10616.0    1.0
p_y[1594]                                  0.001  0.002   0.000    0.004      0.000    0.000    5845.0    3761.0    1.0
p_y[1595]                                  0.001  0.002   0.000    0.004      0.000    0.000    6224.0    3291.0    1.0
p_y[1596]                                  0.002  0.004   0.000    0.008      0.000    0.000   11588.0   14228.0    1.0
p_y[1597]                                  0.002  0.004   0.000    0.007      0.000    0.000    9458.0    8094.0    1.0
p_y[1598]                                  0.002  0.003   0.000    0.006      0.000    0.000   11456.0    6475.0    1.0
p_y[1599]                                  0.003  0.004   0.000    0.010      0.000    0.000   12538.0   14759.0    1.0
p_y[1600]                                  0.001  0.002   0.000    0.004      0.000    0.000    9187.0    7327.0    1.0
p_y[1601]                                  0.004  0.004   0.000    0.011      0.000    0.000    9866.0    7413.0    1.0
p_y[1602]                                  0.013  0.020   0.000    0.045      0.000    0.000   10936.0   12703.0    1.0
p_y[1603]                                  0.002  0.003   0.000    0.005      0.000    0.000    9416.0   14245.0    1.0
p_y[1604]                                  0.018  0.046   0.000    0.071      0.000    0.000   14137.0   12358.0    1.0
p_y[1605]                                  0.002  0.004   0.000    0.006      0.000    0.000    6420.0    2260.0    1.0
p_y[1606]                                  0.001  0.003   0.000    0.005      0.000    0.000   10699.0   10135.0    1.0
p_y[1607]                                  0.004  0.011   0.000    0.015      0.000    0.000   12871.0   14361.0    1.0
p_y[1608]                                  0.001  0.003   0.000    0.005      0.000    0.000   10686.0   12055.0    1.0
p_y[1609]                                  0.002  0.003   0.000    0.006      0.000    0.000   10487.0   11744.0    1.0
p_y[1610]                                  0.001  0.003   0.000    0.005      0.000    0.000   10375.0   15933.0    1.0
p_y[1611]                                  0.002  0.003   0.000    0.007      0.000    0.000   10731.0    7730.0    1.0
p_y[1612]                                  0.001  0.002   0.000    0.004      0.000    0.000   11343.0   11031.0    1.0
p_y[1613]                                  0.003  0.008   0.000    0.014      0.000    0.000   14429.0   16786.0    1.0
p_y[1614]                                  0.001  0.002   0.000    0.003      0.000    0.000    5801.0    1908.0    1.0
p_y[1615]                                  0.002  0.006   0.000    0.006      0.000    0.000    7731.0    5711.0    1.0
p_y[1616]                                  0.014  0.046   0.000    0.053      0.000    0.000   13134.0   15025.0    1.0
p_y[1617]                                  0.001  0.001   0.000    0.002      0.000    0.000    7042.0    2667.0    1.0
p_y[1618]                                  0.002  0.002   0.000    0.006      0.000    0.000   11797.0   13010.0    1.0
p_y[1619]                                  0.001  0.002   0.000    0.004      0.000    0.000    9807.0   12771.0    1.0
p_y[1620]                                  0.002  0.004   0.000    0.007      0.000    0.000    8652.0    5044.0    1.0
p_y[1621]                                  0.002  0.003   0.000    0.006      0.000    0.000   11494.0   12292.0    1.0
p_y[1622]                                  0.001  0.001   0.000    0.003      0.000    0.000   12877.0   17756.0    1.0
p_y[1623]                                  0.005  0.005   0.000    0.014      0.000    0.000   12705.0   14049.0    1.0
p_y[1624]                                  0.004  0.006   0.000    0.014      0.000    0.000    7285.0    6774.0    1.0
p_y[1625]                                  0.002  0.003   0.000    0.007      0.000    0.000    5669.0    2494.0    1.0
p_y[1626]                                  0.003  0.008   0.000    0.013      0.000    0.000   13984.0   17713.0    1.0
p_y[1627]                                  0.027  0.016   0.004    0.055      0.000    0.000   12209.0   15305.0    1.0
p_y[1628]                                  0.001  0.002   0.000    0.004      0.000    0.000   12910.0   15675.0    1.0
p_y[1629]                                  0.007  0.015   0.000    0.025      0.000    0.000   11515.0   15281.0    1.0
p_y[1630]                                  0.002  0.004   0.000    0.006      0.000    0.000   12065.0   15681.0    1.0
p_y[1631]                                  0.006  0.009   0.000    0.020      0.000    0.000   14138.0   14333.0    1.0
p_y[1632]                                  0.001  0.003   0.000    0.004      0.000    0.000   13882.0   18590.0    1.0
p_y[1633]                                  0.078  0.053   0.004    0.173      0.000    0.000   11523.0   10926.0    1.0
p_y[1634]                                  0.001  0.002   0.000    0.004      0.000    0.000   11631.0   12496.0    1.0
p_y[1635]                                  0.001  0.002   0.000    0.003      0.000    0.000   12199.0   12473.0    1.0
p_y[1636]                                  0.001  0.002   0.000    0.004      0.000    0.000    9945.0   14810.0    1.0
p_y[1637]                                  0.001  0.002   0.000    0.003      0.000    0.000    7920.0    4198.0    1.0
p_y[1638]                                  0.001  0.003   0.000    0.004      0.000    0.000    9179.0   18386.0    1.0
p_y[1639]                                  0.003  0.004   0.000    0.010      0.000    0.000   11442.0   13123.0    1.0
p_y[1640]                                  0.008  0.005   0.001    0.017      0.000    0.000   10795.0    9969.0    1.0
p_y[1641]                                  0.002  0.003   0.000    0.007      0.000    0.000   12780.0   16216.0    1.0
p_y[1642]                                  0.001  0.001   0.000    0.002      0.000    0.000   10526.0   15935.0    1.0
p_y[1643]                                  0.002  0.005   0.000    0.008      0.000    0.000   14051.0   13782.0    1.0
p_y[1644]                                  0.001  0.003   0.000    0.004      0.000    0.000   12084.0   11156.0    1.0
p_y[1645]                                  0.001  0.002   0.000    0.004      0.000    0.000   13755.0   13218.0    1.0
p_y[1646]                                  0.016  0.022   0.000    0.053      0.001    0.000    5590.0    2304.0    1.0
p_y[1647]                                  0.006  0.014   0.000    0.025      0.000    0.000   12950.0   13483.0    1.0
p_y[1648]                                  0.003  0.008   0.000    0.012      0.000    0.000   11752.0   11068.0    1.0
p_y[1649]                                  0.001  0.002   0.000    0.004      0.000    0.000   10802.0   15572.0    1.0
p_y[1650]                                  0.002  0.004   0.000    0.006      0.000    0.000   13214.0   16558.0    1.0
p_y[1651]                                  0.001  0.002   0.000    0.005      0.000    0.000    9685.0   10332.0    1.0
p_y[1652]                                  0.002  0.003   0.000    0.007      0.000    0.000    7318.0    6752.0    1.0
p_y[1653]                                  0.001  0.002   0.000    0.002      0.000    0.000    7319.0    8491.0    1.0
p_y[1654]                                  0.000  0.002   0.000    0.001      0.000    0.000    6176.0    8634.0    1.0
p_y[1655]                                  0.001  0.003   0.000    0.002      0.000    0.000    5423.0    7057.0    1.0
p_y[1656]                                  0.000  0.001   0.000    0.001      0.000    0.000    5270.0    7087.0    1.0
p_y[1657]                                  0.002  0.010   0.000    0.006      0.000    0.000    5819.0    2903.0    1.0
p_y[1658]                                  0.000  0.001   0.000    0.002      0.000    0.000    9059.0   10305.0    1.0
p_y[1659]                                  0.001  0.002   0.000    0.002      0.000    0.000    5363.0    4236.0    1.0
p_y[1660]                                  0.001  0.003   0.000    0.005      0.000    0.000    9193.0   10215.0    1.0
p_y[1661]                                  0.003  0.006   0.000    0.012      0.000    0.000    9721.0    4101.0    1.0
p_y[1662]                                  0.004  0.012   0.000    0.015      0.000    0.000   10799.0    7802.0    1.0
p_y[1663]                                  0.003  0.005   0.000    0.010      0.000    0.000   10861.0    7396.0    1.0
p_y[1664]                                  0.003  0.007   0.000    0.012      0.000    0.000   13390.0   16971.0    1.0
p_y[1665]                                  0.012  0.014   0.000    0.037      0.000    0.000    7646.0    7729.0    1.0
p_y[1666]                                  0.002  0.004   0.000    0.008      0.000    0.000   10998.0   13522.0    1.0
p_y[1667]                                  0.003  0.006   0.000    0.012      0.000    0.000    9065.0    3910.0    1.0
p_y[1668]                                  0.006  0.011   0.000    0.022      0.000    0.000   11791.0    6007.0    1.0
p_y[1669]                                  0.005  0.009   0.000    0.019      0.000    0.000   15297.0   15601.0    1.0
p_y[1670]                                  0.009  0.007   0.000    0.022      0.000    0.000   13353.0   12075.0    1.0
p_y[1671]                                  0.004  0.007   0.000    0.015      0.000    0.000   11308.0   18061.0    1.0
p_y[1672]                                  0.002  0.004   0.000    0.007      0.000    0.000   10922.0   10775.0    1.0
p_y[1673]                                  0.002  0.004   0.000    0.008      0.000    0.000    8462.0    2337.0    1.0
p_y[1674]                                  0.003  0.006   0.000    0.011      0.000    0.000   10486.0   15938.0    1.0
p_y[1675]                                  0.008  0.006   0.000    0.019      0.000    0.000   12026.0   14149.0    1.0
p_y[1676]                                  0.002  0.004   0.000    0.008      0.000    0.000   13689.0    8232.0    1.0
p_y[1677]                                  0.004  0.007   0.000    0.014      0.000    0.000   16502.0   16292.0    1.0
p_y[1678]                                  0.002  0.003   0.000    0.007      0.000    0.000   10970.0   13037.0    1.0
p_y[1679]                                  0.002  0.003   0.000    0.006      0.000    0.000   15612.0   19174.0    1.0
p_y[1680]                                  0.002  0.005   0.000    0.009      0.000    0.000   12304.0   11310.0    1.0
p_y[1681]                                  0.022  0.025   0.000    0.066      0.000    0.000   10050.0    9501.0    1.0
p_y[1682]                                  0.002  0.003   0.000    0.006      0.000    0.000   11342.0   10832.0    1.0
p_y[1683]                                  0.002  0.005   0.000    0.008      0.000    0.000   13372.0   14604.0    1.0
p_y[1684]                                  0.001  0.002   0.000    0.005      0.000    0.000   11044.0   10129.0    1.0
p_y[1685]                                  0.001  0.002   0.000    0.004      0.000    0.000   10129.0    8830.0    1.0
p_y[1686]                                  0.002  0.003   0.000    0.006      0.000    0.000   10012.0    3612.0    1.0
p_y[1687]                                  0.002  0.003   0.000    0.006      0.000    0.000    6761.0   13129.0    1.0
p_y[1688]                                  0.001  0.004   0.000    0.006      0.000    0.000   11847.0   14169.0    1.0
p_y[1689]                                  0.002  0.004   0.000    0.006      0.000    0.000   10443.0   11587.0    1.0
p_y[1690]                                  0.000  0.001   0.000    0.001      0.000    0.000    7524.0    9019.0    1.0
p_y[1691]                                  0.002  0.005   0.000    0.008      0.000    0.000    7670.0   10220.0    1.0
p_y[1692]                                  0.003  0.007   0.000    0.011      0.000    0.000   14268.0   14811.0    1.0
p_y[1693]                                  0.005  0.008   0.000    0.019      0.000    0.000    8709.0    9115.0    1.0
p_y[1694]                                  0.002  0.002   0.000    0.005      0.000    0.000   10335.0    6727.0    1.0
p_y[1695]                                  0.008  0.006   0.000    0.019      0.000    0.000   10157.0   10629.0    1.0
p_y[1696]                                  0.005  0.013   0.000    0.018      0.000    0.000   10613.0    7791.0    1.0
p_y[1697]                                  0.005  0.011   0.000    0.019      0.000    0.000   14606.0   16059.0    1.0
p_y[1698]                                  0.002  0.003   0.000    0.007      0.000    0.000    7159.0    5708.0    1.0
p_y[1699]                                  0.004  0.004   0.000    0.011      0.000    0.000    7190.0    3625.0    1.0
p_y[1700]                                  0.010  0.010   0.000    0.029      0.000    0.000    7220.0    5684.0    1.0
p_y[1701]                                  0.072  0.066   0.000    0.191      0.001    0.001    7226.0    2313.0    1.0
p_y[1702]                                  0.024  0.023   0.000    0.065      0.000    0.000    8864.0    4160.0    1.0
p_y[1703]                                  0.007  0.011   0.000    0.024      0.000    0.000   12201.0   16488.0    1.0
p_y[1704]                                  0.035  0.035   0.000    0.098      0.000    0.000   10652.0    4268.0    1.0
p_y[1705]                                  0.002  0.003   0.000    0.006      0.000    0.000   13667.0   14269.0    1.0
p_y[1706]                                  0.004  0.007   0.000    0.014      0.000    0.000   11896.0   14053.0    1.0
p_y[1707]                                  0.002  0.003   0.000    0.007      0.000    0.000   11766.0   12644.0    1.0
p_y[1708]                                  0.001  0.002   0.000    0.005      0.000    0.000   10224.0   10330.0    1.0
p_y[1709]                                  0.002  0.003   0.000    0.007      0.000    0.000   10353.0    9084.0    1.0
p_y[1710]                                  0.002  0.004   0.000    0.007      0.000    0.000    8324.0    5754.0    1.0
p_y[1711]                                  0.001  0.002   0.000    0.005      0.000    0.000   12008.0   12993.0    1.0
p_y[1712]                                  0.003  0.007   0.000    0.012      0.000    0.000   11311.0    7002.0    1.0
p_y[1713]                                  0.005  0.010   0.000    0.018      0.000    0.000   12237.0   14553.0    1.0
p_y[1714]                                  0.011  0.028   0.000    0.042      0.000    0.000   14086.0    9464.0    1.0
p_y[1715]                                  0.023  0.025   0.000    0.066      0.000    0.000   10139.0    8038.0    1.0
p_y[1716]                                  0.003  0.003   0.000    0.008      0.000    0.000   13049.0   12371.0    1.0
p_y[1717]                                  0.001  0.001   0.000    0.004      0.000    0.000   12044.0   12655.0    1.0
p_y[1718]                                  0.006  0.002   0.002    0.011      0.000    0.000    7216.0    2654.0    1.0
p_y[1719]                                  0.007  0.003   0.002    0.013      0.000    0.000    8097.0    9165.0    1.0
p_y[1720]                                  0.003  0.006   0.000    0.011      0.000    0.000   11639.0   10075.0    1.0
p_y[1721]                                  0.002  0.004   0.000    0.008      0.000    0.000    9109.0    9174.0    1.0
p_y[1722]                                  0.003  0.005   0.000    0.011      0.000    0.000   14750.0   16324.0    1.0
p_y[1723]                                  0.021  0.032   0.000    0.075      0.000    0.000    8981.0    5564.0    1.0
p_y[1724]                                  0.008  0.020   0.000    0.028      0.000    0.000    8674.0    6085.0    1.0
p_y[1725]                                  0.006  0.010   0.000    0.021      0.000    0.000   12485.0    5945.0    1.0
p_y[1726]                                  0.003  0.004   0.000    0.009      0.000    0.000    9883.0    9324.0    1.0
p_y[1727]                                  0.003  0.004   0.000    0.011      0.000    0.000   11200.0   17793.0    1.0
p_y[1728]                                  0.012  0.015   0.000    0.038      0.000    0.000   11778.0   11481.0    1.0
p_y[1729]                                  0.009  0.005   0.002    0.018      0.000    0.000   12571.0   12903.0    1.0
p_y[1730]                                  0.003  0.005   0.000    0.011      0.000    0.000    9815.0    8331.0    1.0
p_y[1731]                                  0.002  0.003   0.000    0.007      0.000    0.000   11478.0   13204.0    1.0
p_y[1732]                                  0.006  0.011   0.000    0.021      0.000    0.000   11521.0   12890.0    1.0
p_y[1733]                                  0.005  0.008   0.000    0.017      0.000    0.000   14905.0   17436.0    1.0
p_y[1734]                                  0.004  0.007   0.000    0.015      0.000    0.000   10013.0   16008.0    1.0
p_y[1735]                                  0.005  0.010   0.000    0.019      0.000    0.000   13487.0   12747.0    1.0
p_y[1736]                                  0.077  0.037   0.019    0.145      0.000    0.000    7534.0    3285.0    1.0
p_y[1737]                                  0.003  0.003   0.000    0.009      0.000    0.000    7627.0    3471.0    1.0
p_y[1738]                                  0.005  0.008   0.000    0.017      0.000    0.000    8160.0    6938.0    1.0
p_y[1739]                                  0.004  0.007   0.000    0.015      0.000    0.000    8273.0    2460.0    1.0
p_y[1740]                                  0.011  0.022   0.000    0.043      0.000    0.000   10644.0   12265.0    1.0
p_y[1741]                                  0.017  0.037   0.000    0.067      0.000    0.000   10326.0    8044.0    1.0
p_y[1742]                                  0.004  0.005   0.000    0.013      0.000    0.000   10702.0    8334.0    1.0
p_y[1743]                                  0.008  0.014   0.000    0.030      0.000    0.000   12981.0   14242.0    1.0
p_y[1744]                                  0.003  0.004   0.000    0.011      0.000    0.000   11740.0   12989.0    1.0
p_y[1745]                                  0.008  0.019   0.000    0.032      0.000    0.000   11202.0    5882.0    1.0
p_y[1746]                                  0.003  0.005   0.000    0.012      0.000    0.000    8067.0   14392.0    1.0
p_y[1747]                                  0.003  0.004   0.000    0.009      0.000    0.000   11564.0   11519.0    1.0
p_y[1748]                                  0.003  0.002   0.000    0.007      0.000    0.000   10685.0   11773.0    1.0
p_y[1749]                                  0.012  0.015   0.000    0.037      0.000    0.000    6646.0    4226.0    1.0
p_y[1750]                                  0.003  0.006   0.000    0.011      0.000    0.000   10064.0   13336.0    1.0
p_y[1751]                                  0.006  0.020   0.000    0.020      0.000    0.000   11252.0   17733.0    1.0
p_y[1752]                                  0.007  0.021   0.000    0.024      0.000    0.000   13229.0   11534.0    1.0
p_y[1753]                                  0.003  0.006   0.000    0.012      0.000    0.000   11599.0   13831.0    1.0
p_y[1754]                                  0.002  0.004   0.000    0.008      0.000    0.000    9740.0   11311.0    1.0
p_y[1755]                                  0.004  0.002   0.000    0.008      0.000    0.000   16530.0   18727.0    1.0
p_y[1756]                                  0.008  0.013   0.000    0.029      0.000    0.000   13760.0   16241.0    1.0
p_y[1757]                                  0.003  0.005   0.000    0.009      0.000    0.000   12695.0   13795.0    1.0
p_y[1758]                                  0.001  0.002   0.000    0.004      0.000    0.000    8967.0    5343.0    1.0
p_y[1759]                                  0.003  0.006   0.000    0.012      0.000    0.000   12754.0   14044.0    1.0
p_y[1760]                                  0.142  0.075   0.027    0.279      0.001    0.000   13366.0   11353.0    1.0
p_y[1761]                                  0.032  0.030   0.000    0.084      0.000    0.000    8806.0   10358.0    1.0
p_y[1762]                                  0.001  0.002   0.000    0.004      0.000    0.000    7233.0    3140.0    1.0
p_y[1763]                                  0.001  0.002   0.000    0.004      0.000    0.000    9342.0    5971.0    1.0
p_y[1764]                                  0.011  0.007   0.001    0.023      0.000    0.000    6291.0    5514.0    1.0
p_y[1765]                                  0.003  0.007   0.000    0.011      0.000    0.000   13117.0   11134.0    1.0
p_y[1766]                                  0.001  0.001   0.000    0.002      0.000    0.000   10128.0   16360.0    1.0
p_y[1767]                                  0.002  0.003   0.000    0.007      0.000    0.000   15005.0   16344.0    1.0
p_y[1768]                                  0.197  0.079   0.067    0.343      0.001    0.001    5806.0    2131.0    1.0
p_y[1769]                                  0.007  0.015   0.000    0.028      0.000    0.000   11554.0   13747.0    1.0
p_y[1770]                                  0.004  0.009   0.000    0.015      0.000    0.000    9022.0    4072.0    1.0
p_y[1771]                                  0.005  0.014   0.000    0.022      0.000    0.000    7596.0    3637.0    1.0
p_y[1772]                                  0.003  0.003   0.000    0.008      0.000    0.000    8383.0    3931.0    1.0
p_y[1773]                                  0.004  0.006   0.000    0.014      0.000    0.000   11979.0   13599.0    1.0
p_y[1774]                                  0.002  0.004   0.000    0.007      0.000    0.000   10949.0   15634.0    1.0
p_y[1775]                                  0.006  0.013   0.000    0.022      0.000    0.000   10323.0   10962.0    1.0
p_y[1776]                                  0.008  0.012   0.000    0.028      0.000    0.000    8118.0    6663.0    1.0
p_y[1777]                                  0.002  0.003   0.000    0.006      0.000    0.000   10005.0   11986.0    1.0
p_y[1778]                                  0.020  0.027   0.000    0.066      0.000    0.000   11742.0   13448.0    1.0
p_y[1779]                                  0.003  0.007   0.000    0.012      0.000    0.000    7193.0    3946.0    1.0
p_y[1780]                                  0.007  0.011   0.000    0.026      0.000    0.000   12012.0   13095.0    1.0
p_y[1781]                                  0.002  0.003   0.000    0.006      0.000    0.000   11664.0   14001.0    1.0
p_y[1782]                                  0.004  0.004   0.000    0.011      0.000    0.000   11941.0   12157.0    1.0
p_y[1783]                                  0.001  0.002   0.000    0.004      0.000    0.000    7693.0    5178.0    1.0
p_y[1784]                                  0.002  0.004   0.000    0.006      0.000    0.000   13868.0   16690.0    1.0
p_y[1785]                                  0.002  0.004   0.000    0.006      0.000    0.000   13926.0   18826.0    1.0
p_y[1786]                                  0.002  0.003   0.000    0.006      0.000    0.000   12409.0   14912.0    1.0
p_y[1787]                                  0.001  0.001   0.000    0.002      0.000    0.000   13490.0   16929.0    1.0
p_y[1788]                                  0.001  0.001   0.000    0.003      0.000    0.000    9342.0   11137.0    1.0
p_y[1789]                                  0.004  0.007   0.000    0.014      0.000    0.000   11286.0   16120.0    1.0
p_y[1790]                                  0.008  0.004   0.001    0.016      0.000    0.000   11910.0   10902.0    1.0
p_y[1791]                                  0.029  0.023   0.000    0.069      0.000    0.000    9958.0    6094.0    1.0
p_y[1792]                                  0.002  0.004   0.000    0.008      0.000    0.000    6924.0    9824.0    1.0
p_y[1793]                                  0.001  0.002   0.000    0.004      0.000    0.000   11218.0   11622.0    1.0
p_y[1794]                                  0.001  0.003   0.000    0.006      0.000    0.000    5507.0    2416.0    1.0
p_y[1795]                                  0.003  0.005   0.000    0.011      0.000    0.000   11480.0   11539.0    1.0
p_y[1796]                                  0.002  0.003   0.000    0.005      0.000    0.000   14207.0   15209.0    1.0
p_y[1797]                                  0.004  0.007   0.000    0.013      0.000    0.000   11967.0   15398.0    1.0
p_y[1798]                                  0.003  0.006   0.000    0.012      0.000    0.000   14973.0   18010.0    1.0
p_y[1799]                                  0.006  0.012   0.000    0.023      0.000    0.000   13377.0   11572.0    1.0
p_y[1800]                                  0.004  0.006   0.000    0.013      0.000    0.000    9598.0   13213.0    1.0
p_y[1801]                                  0.027  0.011   0.009    0.048      0.000    0.000   11357.0   11897.0    1.0
p_y[1802]                                  0.071  0.032   0.021    0.130      0.000    0.000   11146.0   12291.0    1.0
p_y[1803]                                  0.008  0.017   0.000    0.030      0.000    0.000   10631.0   14570.0    1.0
p_y[1804]                                  0.005  0.007   0.000    0.016      0.000    0.000   13525.0   15397.0    1.0
p_y[1805]                                  0.006  0.005   0.000    0.016      0.000    0.000   13792.0   15020.0    1.0
p_y[1806]                                  0.005  0.005   0.000    0.013      0.000    0.000   13635.0   12595.0    1.0
p_y[1807]                                  0.005  0.009   0.000    0.019      0.000    0.000   13688.0   18608.0    1.0
p_y[1808]                                  0.231  0.102   0.065    0.420      0.001    0.001   11034.0   16147.0    1.0
p_y[1809]                                  0.512  0.173   0.207    0.833      0.002    0.001    8098.0    8902.0    1.0
p_y[1810]                                  0.004  0.006   0.000    0.013      0.000    0.000   13569.0   13463.0    1.0
p_y[1811]                                  0.018  0.014   0.000    0.043      0.000    0.000   11247.0   13792.0    1.0
p_y[1812]                                  0.002  0.004   0.000    0.008      0.000    0.000   11523.0   14123.0    1.0
p_y[1813]                                  0.004  0.007   0.000    0.014      0.000    0.000   10053.0    4988.0    1.0
p_y[1814]                                  0.003  0.003   0.000    0.008      0.000    0.000   11697.0   13960.0    1.0
p_y[1815]                                  0.004  0.007   0.000    0.015      0.000    0.000    7628.0    3947.0    1.0
p_y[1816]                                  0.008  0.014   0.000    0.029      0.000    0.000   12828.0    9017.0    1.0
p_y[1817]                                  0.003  0.005   0.000    0.011      0.000    0.000    9867.0   15153.0    1.0
p_y[1818]                                  0.002  0.002   0.000    0.005      0.000    0.000   13328.0   12798.0    1.0
p_y[1819]                                  0.008  0.009   0.000    0.023      0.000    0.000   14631.0   15395.0    1.0
p_y[1820]                                  0.002  0.004   0.000    0.009      0.000    0.000    8878.0   16448.0    1.0
p_y[1821]                                  0.002  0.003   0.000    0.005      0.000    0.000   11552.0    9158.0    1.0
p_y[1822]                                  0.007  0.005   0.000    0.016      0.000    0.000    8786.0    6800.0    1.0
p_y[1823]                                  0.003  0.006   0.000    0.010      0.000    0.000   11636.0   13026.0    1.0
p_y[1824]                                  0.002  0.004   0.000    0.007      0.000    0.000    8508.0    5412.0    1.0
p_y[1825]                                  0.001  0.002   0.000    0.004      0.000    0.000   13061.0   11347.0    1.0
p_y[1826]                                  0.002  0.003   0.000    0.006      0.000    0.000   13530.0   16105.0    1.0
p_y[1827]                                  0.003  0.008   0.000    0.013      0.000    0.000    7749.0   15918.0    1.0
p_y[1828]                                  0.001  0.002   0.000    0.005      0.000    0.000   12551.0   17892.0    1.0
p_y[1829]                                  0.004  0.005   0.000    0.013      0.000    0.000    7012.0    9220.0    1.0
p_y[1830]                                  0.001  0.003   0.000    0.006      0.000    0.000   15147.0   17915.0    1.0
p_y[1831]                                  0.003  0.006   0.000    0.011      0.000    0.000   14020.0   15016.0    1.0
p_y[1832]                                  0.003  0.006   0.000    0.012      0.000    0.000   12648.0   15913.0    1.0
p_y[1833]                                  0.001  0.002   0.000    0.004      0.000    0.000   14174.0   15095.0    1.0
p_y[1834]                                  0.001  0.003   0.000    0.005      0.000    0.000    4517.0    2499.0    1.0
p_y[1835]                                  0.003  0.007   0.000    0.012      0.000    0.000    3846.0    1331.0    1.0
p_y[1836]                                  0.016  0.010   0.002    0.035      0.000    0.000   12058.0   15205.0    1.0
p_y[1837]                                  0.001  0.002   0.000    0.004      0.000    0.000   11751.0   11217.0    1.0
p_y[1838]                                  0.001  0.003   0.000    0.004      0.000    0.000    8449.0    4192.0    1.0
p_y[1839]                                  0.001  0.001   0.000    0.002      0.000    0.000   12478.0    6695.0    1.0
p_y[1840]                                  0.001  0.002   0.000    0.004      0.000    0.000   14518.0   12906.0    1.0
p_y[1841]                                  0.002  0.004   0.000    0.006      0.000    0.000   14400.0   13357.0    1.0
p_y[1842]                                  0.002  0.005   0.000    0.007      0.000    0.000   10417.0   13774.0    1.0
p_y[1843]                                  0.003  0.007   0.000    0.010      0.000    0.000   12239.0    9782.0    1.0
p_y[1844]                                  0.001  0.005   0.000    0.005      0.000    0.000   11811.0   10475.0    1.0
p_y[1845]                                  0.005  0.006   0.000    0.016      0.000    0.000    8607.0    9780.0    1.0
p_y[1846]                                  0.008  0.006   0.000    0.019      0.000    0.000    8660.0    8299.0    1.0
p_y[1847]                                  0.004  0.004   0.000    0.011      0.000    0.000   11083.0   13840.0    1.0
p_y[1848]                                  0.001  0.002   0.000    0.003      0.000    0.000   10586.0    8443.0    1.0
p_y[1849]                                  0.002  0.005   0.000    0.008      0.000    0.000    6890.0    6797.0    1.0
p_y[1850]                                  0.002  0.003   0.000    0.006      0.000    0.000   11084.0   12216.0    1.0
p_y[1851]                                  0.001  0.001   0.000    0.003      0.000    0.000   10461.0   12222.0    1.0
p_y[1852]                                  0.002  0.003   0.000    0.006      0.000    0.000   11426.0    4378.0    1.0
p_y[1853]                                  0.001  0.003   0.000    0.004      0.000    0.000   13776.0   16070.0    1.0
p_y[1854]                                  0.002  0.004   0.000    0.006      0.000    0.000   11087.0   14336.0    1.0
p_y[1855]                                  0.001  0.002   0.000    0.004      0.000    0.000    9713.0   12648.0    1.0
p_y[1856]                                  0.001  0.001   0.000    0.003      0.000    0.000    9596.0    8899.0    1.0
p_y[1857]                                  0.001  0.001   0.000    0.002      0.000    0.000   10251.0   13947.0    1.0
p_y[1858]                                  0.001  0.002   0.000    0.004      0.000    0.000    9614.0   13281.0    1.0
p_y[1859]                                  0.000  0.001   0.000    0.001      0.000    0.000   10844.0   11807.0    1.0
p_y[1860]                                  0.000  0.001   0.000    0.002      0.000    0.000    8882.0   12824.0    1.0
p_y[1861]                                  0.001  0.001   0.000    0.002      0.000    0.000   10141.0   16609.0    1.0
p_y[1862]                                  0.001  0.004   0.000    0.005      0.000    0.000   12865.0   16865.0    1.0
p_y[1863]                                  0.001  0.003   0.000    0.003      0.000    0.000    9768.0   14666.0    1.0
p_y[1864]                                  0.000  0.001   0.000    0.002      0.000    0.000    8842.0   13792.0    1.0
p_y[1865]                                  0.001  0.003   0.000    0.004      0.000    0.000    9020.0   14123.0    1.0
p_y[1866]                                  0.001  0.002   0.000    0.003      0.000    0.000    8838.0   14800.0    1.0
p_y[1867]                                  0.001  0.001   0.000    0.002      0.000    0.000   10704.0    6340.0    1.0
p_y[1868]                                  0.001  0.003   0.000    0.004      0.000    0.000   14588.0   18251.0    1.0
p_y[1869]                                  0.001  0.001   0.000    0.003      0.000    0.000   12797.0   13737.0    1.0
p_y[1870]                                  0.002  0.005   0.000    0.007      0.000    0.000    5462.0    2425.0    1.0
p_y[1871]                                  0.001  0.001   0.000    0.003      0.000    0.000   11669.0   11722.0    1.0
p_y[1872]                                  0.003  0.006   0.000    0.011      0.000    0.000   12531.0   14041.0    1.0
p_y[1873]                                  0.004  0.011   0.000    0.015      0.000    0.000   13368.0   15569.0    1.0
p_y[1874]                                  0.004  0.010   0.000    0.017      0.000    0.000    8108.0    9682.0    1.0
p_y[1875]                                  0.003  0.005   0.000    0.009      0.000    0.000    9914.0    6255.0    1.0
p_y[1876]                                  0.004  0.008   0.000    0.013      0.000    0.000    8304.0    6225.0    1.0
p_y[1877]                                  0.003  0.007   0.000    0.014      0.000    0.000   10069.0   16312.0    1.0
p_y[1878]                                  0.038  0.020   0.008    0.074      0.000    0.000    4649.0    2483.0    1.0
p_y[1879]                                  0.001  0.002   0.000    0.003      0.000    0.000    7990.0    9749.0    1.0
p_y[1880]                                  0.001  0.001   0.000    0.002      0.000    0.000    5508.0    2087.0    1.0
p_y[1881]                                  0.066  0.054   0.001    0.162      0.000    0.000   12445.0   11053.0    1.0
p_y[1882]                                  0.004  0.007   0.000    0.014      0.000    0.000   10367.0   13673.0    1.0
p_y[1883]                                  0.001  0.002   0.000    0.004      0.000    0.000   11310.0   13118.0    1.0
p_y[1884]                                  0.001  0.002   0.000    0.004      0.000    0.000   12475.0   13885.0    1.0
p_y[1885]                                  0.001  0.003   0.000    0.005      0.000    0.000   12419.0   15522.0    1.0
p_y[1886]                                  0.001  0.001   0.000    0.002      0.000    0.000    7292.0    7203.0    1.0
p_y[1887]                                  0.001  0.001   0.000    0.003      0.000    0.000   12377.0   15776.0    1.0
p_y[1888]                                  0.002  0.005   0.000    0.008      0.000    0.000   11920.0   18806.0    1.0
p_y[1889]                                  0.003  0.006   0.000    0.010      0.000    0.000   13985.0   11149.0    1.0
p_y[1890]                                  0.002  0.004   0.000    0.007      0.000    0.000   10492.0   13032.0    1.0
p_y[1891]                                  0.002  0.004   0.000    0.006      0.000    0.000   10257.0    9384.0    1.0
p_y[1892]                                  0.001  0.003   0.000    0.003      0.000    0.000    7472.0    9088.0    1.0
p_y[1893]                                  0.001  0.003   0.000    0.005      0.000    0.000    9378.0    9203.0    1.0
p_y[1894]                                  0.001  0.001   0.000    0.002      0.000    0.000    6827.0   10490.0    1.0
p_y[1895]                                  0.001  0.002   0.000    0.003      0.000    0.000    8125.0   12146.0    1.0
p_y[1896]                                  0.006  0.004   0.000    0.013      0.000    0.000    8904.0   13095.0    1.0
p_y[1897]                                  0.004  0.006   0.000    0.015      0.000    0.000    6432.0    6594.0    1.0
p_y[1898]                                  0.001  0.003   0.000    0.005      0.000    0.000    4443.0    1456.0    1.0
p_y[1899]                                  0.001  0.002   0.000    0.004      0.000    0.000    9044.0    9960.0    1.0
p_y[1900]                                  0.001  0.002   0.000    0.002      0.000    0.000    8720.0    6654.0    1.0
p_y[1901]                                  0.000  0.001   0.000    0.002      0.000    0.000    8810.0   12435.0    1.0
p_y[1902]                                  0.000  0.001   0.000    0.002      0.000    0.000    6064.0    3629.0    1.0
p_y[1903]                                  0.002  0.003   0.000    0.006      0.000    0.000   12966.0   14814.0    1.0
p_y[1904]                                  0.002  0.005   0.000    0.007      0.000    0.000    9475.0    8798.0    1.0
p_y[1905]                                  0.002  0.006   0.000    0.007      0.000    0.000    6867.0    2175.0    1.0
p_y[1906]                                  0.006  0.006   0.000    0.017      0.000    0.000    9468.0    9225.0    1.0
p_y[1907]                                  0.001  0.003   0.000    0.005      0.000    0.000   12870.0   14616.0    1.0
p_y[1908]                                  0.003  0.002   0.000    0.007      0.000    0.000    7059.0    2304.0    1.0
p_y[1909]                                  0.002  0.003   0.000    0.006      0.000    0.000   10421.0    8732.0    1.0
p_y[1910]                                  0.013  0.007   0.002    0.027      0.000    0.000   12403.0   13177.0    1.0
p_y[1911]                                  0.002  0.004   0.000    0.008      0.000    0.000    6665.0    3976.0    1.0
p_y[1912]                                  0.016  0.013   0.000    0.039      0.000    0.000    7750.0    4669.0    1.0
p_y[1913]                                  0.001  0.003   0.000    0.005      0.000    0.000    9839.0   12745.0    1.0
p_y[1914]                                  0.001  0.003   0.000    0.005      0.000    0.000   12602.0   15493.0    1.0
p_y[1915]                                  0.003  0.003   0.000    0.008      0.000    0.000   12601.0   14615.0    1.0
p_y[1916]                                  0.001  0.002   0.000    0.003      0.000    0.000    7565.0    9148.0    1.0
p_y[1917]                                  0.001  0.002   0.000    0.002      0.000    0.000    6540.0   11340.0    1.0
p_y[1918]                                  0.003  0.007   0.000    0.011      0.000    0.000   14863.0   17552.0    1.0
p_y[1919]                                  0.002  0.005   0.000    0.008      0.000    0.000   10256.0    4600.0    1.0
p_y[1920]                                  0.002  0.004   0.000    0.007      0.000    0.000   12865.0   15215.0    1.0
p_y[1921]                                  0.006  0.017   0.000    0.023      0.000    0.000    9620.0   15880.0    1.0
p_y[1922]                                  0.011  0.013   0.000    0.033      0.000    0.000    9435.0   11138.0    1.0
p_y[1923]                                  0.003  0.005   0.000    0.011      0.000    0.000    9787.0    8810.0    1.0
p_y[1924]                                  0.001  0.001   0.000    0.003      0.000    0.000   12425.0   16102.0    1.0
p_y[1925]                                  0.002  0.004   0.000    0.008      0.000    0.000    6037.0    3652.0    1.0
p_y[1926]                                  0.002  0.003   0.000    0.006      0.000    0.000    7532.0    7512.0    1.0
p_y[1927]                                  0.003  0.006   0.000    0.012      0.000    0.000   10856.0   12367.0    1.0
p_y[1928]                                  0.001  0.003   0.000    0.004      0.000    0.000   10232.0   13815.0    1.0
p_y[1929]                                  0.002  0.007   0.000    0.008      0.000    0.000    6183.0    9819.0    1.0
p_y[1930]                                  0.001  0.003   0.000    0.005      0.000    0.000    8319.0   14544.0    1.0
p_y[1931]                                  0.002  0.005   0.000    0.006      0.000    0.000   11452.0   12483.0    1.0
p_y[1932]                                  0.000  0.001   0.000    0.002      0.000    0.000   13910.0   16111.0    1.0
p_y[1933]                                  0.004  0.005   0.000    0.012      0.000    0.000   11069.0   14317.0    1.0
p_y[1934]                                  0.001  0.003   0.000    0.006      0.000    0.000   11595.0   12833.0    1.0
p_y[1935]                                  0.001  0.002   0.000    0.005      0.000    0.000    7903.0    4541.0    1.0
p_y[1936]                                  0.001  0.005   0.000    0.005      0.000    0.000    9730.0   13494.0    1.0
p_y[1937]                                  0.004  0.007   0.000    0.015      0.000    0.000    8899.0    4557.0    1.0
p_y[1938]                                  0.004  0.004   0.000    0.010      0.000    0.000    8487.0    3540.0    1.0
p_y[1939]                                  0.006  0.011   0.000    0.023      0.000    0.000   11956.0   14607.0    1.0
p_y[1940]                                  0.000  0.001   0.000    0.001      0.000    0.000    5976.0   12283.0    1.0
p_y[1941]                                  0.001  0.004   0.000    0.002      0.000    0.000    6057.0   10009.0    1.0
p_y[1942]                                  0.000  0.001   0.000    0.001      0.000    0.000    4243.0    1938.0    1.0
p_y[1943]                                  0.001  0.004   0.000    0.004      0.000    0.000    9356.0   12752.0    1.0
p_y[1944]                                  0.001  0.005   0.000    0.004      0.000    0.000    5410.0    4181.0    1.0
p_y[1945]                                  0.001  0.004   0.000    0.005      0.000    0.000   11809.0   15039.0    1.0
p_y[1946]                                  0.001  0.003   0.000    0.005      0.000    0.000    9224.0    7027.0    1.0
p_y[1947]                                  0.001  0.002   0.000    0.003      0.000    0.000   11594.0   14184.0    1.0
p_y[1948]                                  0.001  0.003   0.000    0.005      0.000    0.000    8486.0    9416.0    1.0
p_y[1949]                                  0.003  0.005   0.000    0.009      0.000    0.000   10401.0   10666.0    1.0
p_y[1950]                                  0.002  0.004   0.000    0.009      0.000    0.000    6371.0    4954.0    1.0
p_y[1951]                                  0.004  0.010   0.000    0.015      0.000    0.000   14573.0   18529.0    1.0
p_y[1952]                                  0.003  0.004   0.000    0.009      0.000    0.000   11945.0   15466.0    1.0
p_y[1953]                                  0.004  0.006   0.000    0.015      0.000    0.000    9222.0   17310.0    1.0
p_y[1954]                                  0.003  0.005   0.000    0.010      0.000    0.000    4824.0    2134.0    1.0
p_y[1955]                                  0.001  0.002   0.000    0.004      0.000    0.000    8650.0    7275.0    1.0
p_y[1956]                                  0.002  0.003   0.000    0.006      0.000    0.000    9848.0    4133.0    1.0
p_y[1957]                                  0.076  0.039   0.017    0.148      0.000    0.000   12405.0    9836.0    1.0
p_y[1958]                                  0.001  0.006   0.000    0.004      0.000    0.000    8599.0   10608.0    1.0
p_y[1959]                                  0.003  0.006   0.000    0.010      0.000    0.000   13926.0   17219.0    1.0
p_y[1960]                                  0.001  0.003   0.000    0.004      0.000    0.000   11418.0   16484.0    1.0
p_y[1961]                                  0.003  0.011   0.000    0.011      0.000    0.000   10057.0    5993.0    1.0
p_y[1962]                                  0.001  0.003   0.000    0.004      0.000    0.000   10482.0    9573.0    1.0
p_y[1963]                                  0.002  0.004   0.000    0.007      0.000    0.000   12736.0   11742.0    1.0
p_y[1964]                                  0.001  0.001   0.000    0.002      0.000    0.000    8299.0    6582.0    1.0
p_y[1965]                                  0.003  0.006   0.000    0.011      0.000    0.000    8050.0    5409.0    1.0
p_y[1966]                                  0.002  0.004   0.000    0.008      0.000    0.000   10061.0   15307.0    1.0
p_y[1967]                                  0.002  0.006   0.000    0.007      0.000    0.000    9695.0    6250.0    1.0
p_y[1968]                                  0.001  0.002   0.000    0.003      0.000    0.000   10263.0   18239.0    1.0
p_y[1969]                                  0.002  0.003   0.000    0.006      0.000    0.000    9226.0    8689.0    1.0
p_y[1970]                                  0.001  0.003   0.000    0.003      0.000    0.000    9240.0   11564.0    1.0
p_y[1971]                                  0.001  0.002   0.000    0.003      0.000    0.000    8808.0   13781.0    1.0
p_y[1972]                                  0.000  0.001   0.000    0.001      0.000    0.000    7124.0    7825.0    1.0
p_y[1973]                                  0.001  0.002   0.000    0.003      0.000    0.000    8243.0   10212.0    1.0
p_y[1974]                                  0.001  0.002   0.000    0.003      0.000    0.000   14947.0   15491.0    1.0
p_y[1975]                                  0.001  0.002   0.000    0.003      0.000    0.000    9787.0   15431.0    1.0
p_y[1976]                                  0.001  0.003   0.000    0.005      0.000    0.000    3929.0    1992.0    1.0
p_y[1977]                                  0.003  0.007   0.000    0.013      0.000    0.000    5767.0    2012.0    1.0
p_y[1978]                                  0.002  0.004   0.000    0.008      0.000    0.000    9041.0    4636.0    1.0
p_y[1979]                                  0.001  0.002   0.000    0.003      0.000    0.000    7172.0    5256.0    1.0
p_y[1980]                                  0.001  0.002   0.000    0.002      0.000    0.000    9359.0   11272.0    1.0
p_y[1981]                                  0.001  0.002   0.000    0.003      0.000    0.000   11041.0   19264.0    1.0
p_y[1982]                                  0.003  0.003   0.000    0.007      0.000    0.000    7385.0    5284.0    1.0
p_y[1983]                                  0.001  0.003   0.000    0.005      0.000    0.000   13408.0   14173.0    1.0
p_y[1984]                                  0.001  0.002   0.000    0.004      0.000    0.000    9641.0    5107.0    1.0
p_y[1985]                                  0.000  0.001   0.000    0.002      0.000    0.000    6982.0    8304.0    1.0
p_y[1986]                                  0.005  0.005   0.000    0.013      0.000    0.000    6820.0    2037.0    1.0
p_y[1987]                                  0.001  0.001   0.000    0.003      0.000    0.000   11947.0   14637.0    1.0
p_y[1988]                                  0.001  0.001   0.000    0.002      0.000    0.000   11931.0    7603.0    1.0
p_y[1989]                                  0.002  0.002   0.000    0.005      0.000    0.000   12863.0   14006.0    1.0
p_y[1990]                                  0.002  0.004   0.000    0.008      0.000    0.000    9550.0   15180.0    1.0
p_y[1991]                                  0.010  0.011   0.000    0.029      0.000    0.000   10738.0   11178.0    1.0
p_y[1992]                                  0.003  0.013   0.000    0.010      0.000    0.000    9301.0   13171.0    1.0
p_y[1993]                                  0.001  0.003   0.000    0.005      0.000    0.000   11921.0   13979.0    1.0
p_y[1994]                                  0.001  0.003   0.000    0.003      0.000    0.000   11326.0   14285.0    1.0
p_y[1995]                                  0.006  0.008   0.000    0.019      0.000    0.000    7847.0    3150.0    1.0
p_y[1996]                                  0.004  0.006   0.000    0.013      0.000    0.000   15574.0   13361.0    1.0
p_y[1997]                                  0.005  0.006   0.000    0.015      0.000    0.000   11736.0   11960.0    1.0
p_y[1998]                                  0.002  0.002   0.000    0.005      0.000    0.000   12524.0   15902.0    1.0
p_y[1999]                                  0.034  0.056   0.000    0.126      0.001    0.001   10022.0   12232.0    1.0
p_y[2000]                                  0.001  0.001   0.000    0.003      0.000    0.000    8504.0   11855.0    1.0
p_y[2001]                                  0.001  0.001   0.000    0.002      0.000    0.000    9263.0    8993.0    1.0
p_y[2002]                                  0.001  0.001   0.000    0.003      0.000    0.000   10596.0   16177.0    1.0
p_y[2003]                                  0.000  0.000   0.000    0.000      0.000    0.000    2952.0    3392.0    1.0
p_y[2004]                                  0.000  0.000   0.000    0.000      0.000    0.000    2952.0    3485.0    1.0
p_y[2005]                                  0.003  0.003   0.000    0.008      0.000    0.000    9013.0    4698.0    1.0
p_y[2006]                                  0.002  0.002   0.000    0.006      0.000    0.000   14078.0   14911.0    1.0
p_y[2007]                                  0.002  0.003   0.000    0.006      0.000    0.000   13821.0   14136.0    1.0
p_y[2008]                                  0.002  0.003   0.000    0.007      0.000    0.000    6660.0    2771.0    1.0
p_y[2009]                                  0.000  0.001   0.000    0.001      0.000    0.000    8797.0    4500.0    1.0
p_y[2010]                                  0.002  0.008   0.000    0.009      0.000    0.000   13919.0   16975.0    1.0
p_y[2011]                                  0.008  0.012   0.000    0.029      0.000    0.000    8248.0   12842.0    1.0
p_y[2012]                                  0.002  0.003   0.000    0.005      0.000    0.000    9972.0   13641.0    1.0
p_y[2013]                                  0.000  0.001   0.000    0.001      0.000    0.000    8691.0   13287.0    1.0
p_y[2014]                                  0.000  0.001   0.000    0.001      0.000    0.000    7923.0   16390.0    1.0
p_y[2015]                                  0.001  0.003   0.000    0.004      0.000    0.000   10359.0   12147.0    1.0
p_y[2016]                                  0.001  0.002   0.000    0.003      0.000    0.000   11602.0   12060.0    1.0
p_y[2017]                                  0.002  0.003   0.000    0.007      0.000    0.000   12291.0   16004.0    1.0
p_y[2018]                                  0.001  0.002   0.000    0.003      0.000    0.000    6593.0    2056.0    1.0
p_y[2019]                                  0.001  0.002   0.000    0.003      0.000    0.000    7710.0    2030.0    1.0
p_y[2020]                                  0.003  0.005   0.000    0.011      0.000    0.000    7180.0    2575.0    1.0
p_y[2021]                                  0.002  0.005   0.000    0.007      0.000    0.000    8728.0   13406.0    1.0
p_y[2022]                                  0.000  0.001   0.000    0.001      0.000    0.000    6317.0    4301.0    1.0
p_y[2023]                                  0.001  0.002   0.000    0.002      0.000    0.000    7896.0    8402.0    1.0
p_y[2024]                                  0.002  0.012   0.000    0.005      0.000    0.000    7081.0    2312.0    1.0
p_y[2025]                                  0.000  0.001   0.000    0.002      0.000    0.000   10787.0    9992.0    1.0
p_y[2026]                                  0.001  0.004   0.000    0.005      0.000    0.000   13022.0   12776.0    1.0
p_y[2027]                                  0.030  0.018   0.004    0.064      0.000    0.000   13657.0   16481.0    1.0
p_y[2028]                                  0.008  0.009   0.000    0.024      0.000    0.000   14167.0   15375.0    1.0
p_y[2029]                                  0.001  0.003   0.000    0.004      0.000    0.000    8359.0   10499.0    1.0
p_y[2030]                                  0.002  0.002   0.000    0.006      0.000    0.000    9538.0   11221.0    1.0
p_y[2031]                                  0.007  0.010   0.000    0.024      0.000    0.000    7091.0    2338.0    1.0
p_y[2032]                                  0.002  0.005   0.000    0.009      0.000    0.000   12209.0   11888.0    1.0
p_y[2033]                                  0.094  0.054   0.017    0.193      0.001    0.000    7200.0    3802.0    1.0
p_y[2034]                                  0.002  0.003   0.000    0.007      0.000    0.000    9804.0   10569.0    1.0
p_y[2035]                                  0.001  0.001   0.000    0.003      0.000    0.000   15629.0   15383.0    1.0
p_y[2036]                                  0.004  0.004   0.000    0.012      0.000    0.000   12014.0   14285.0    1.0
p_y[2037]                                  0.001  0.002   0.000    0.004      0.000    0.000   15788.0   18005.0    1.0
p_y[2038]                                  0.001  0.002   0.000    0.005      0.000    0.000   11542.0   10043.0    1.0
p_y[2039]                                  0.004  0.009   0.000    0.016      0.000    0.000   11606.0   13234.0    1.0
p_y[2040]                                  0.001  0.002   0.000    0.005      0.000    0.000    7108.0    6972.0    1.0
p_y[2041]                                  0.001  0.003   0.000    0.005      0.000    0.000    8872.0    5066.0    1.0
p_y[2042]                                  0.001  0.003   0.000    0.005      0.000    0.000    8209.0   16646.0    1.0
p_y[2043]                                  0.001  0.002   0.000    0.002      0.000    0.000    7864.0   10479.0    1.0
p_y[2044]                                  0.000  0.001   0.000    0.002      0.000    0.000    8076.0   13600.0    1.0
p_y[2045]                                  0.129  0.053   0.042    0.226      0.001    0.000    9798.0   12048.0    1.0
p_y[2046]                                  0.002  0.004   0.000    0.007      0.000    0.000   10015.0   10813.0    1.0
p_y[2047]                                  0.001  0.002   0.000    0.004      0.000    0.000    5568.0    2011.0    1.0
p_y[2048]                                  0.001  0.002   0.000    0.004      0.000    0.000    7552.0    5380.0    1.0
p_y[2049]                                  0.002  0.005   0.000    0.007      0.000    0.000   13331.0   17216.0    1.0
p_y[2050]                                  0.006  0.010   0.000    0.022      0.000    0.000   12069.0   15125.0    1.0
p_y[2051]                                  0.018  0.018   0.000    0.050      0.000    0.000    9802.0    4881.0    1.0
p_y[2052]                                  0.003  0.005   0.000    0.011      0.000    0.000   10208.0   10121.0    1.0
p_y[2053]                                  0.001  0.003   0.000    0.004      0.000    0.000    7722.0   11455.0    1.0
p_y[2054]                                  0.001  0.003   0.000    0.005      0.000    0.000    8405.0   13102.0    1.0
p_y[2055]                                  0.001  0.004   0.000    0.006      0.000    0.000    7514.0    1760.0    1.0
p_y[2056]                                  0.002  0.007   0.000    0.009      0.000    0.000    5134.0    2039.0    1.0
p_y[2057]                                  0.002  0.005   0.000    0.006      0.000    0.000    6056.0    1986.0    1.0
p_y[2058]                                  0.003  0.006   0.000    0.009      0.000    0.000   10937.0   16366.0    1.0
p_y[2059]                                  0.002  0.004   0.000    0.009      0.000    0.000    8624.0    7483.0    1.0
p_y[2060]                                  0.002  0.004   0.000    0.008      0.000    0.000   13952.0   13556.0    1.0
p_y[2061]                                  0.036  0.017   0.010    0.067      0.000    0.000   11576.0   13446.0    1.0
p_y[2062]                                  0.000  0.001   0.000    0.002      0.000    0.000    4679.0    1788.0    1.0
p_y[2063]                                  0.002  0.005   0.000    0.008      0.000    0.000   13090.0   14370.0    1.0
p_y[2064]                                  0.006  0.014   0.000    0.022      0.000    0.000   12545.0    9535.0    1.0
p_y[2065]                                  0.002  0.005   0.000    0.008      0.000    0.000   11689.0   14837.0    1.0
p_y[2066]                                  0.002  0.004   0.000    0.008      0.000    0.000    5372.0    3623.0    1.0
p_y[2067]                                  0.017  0.009   0.003    0.034      0.000    0.000    9183.0   12918.0    1.0
p_y[2068]                                  0.005  0.010   0.000    0.018      0.000    0.000   10212.0   16787.0    1.0
p_y[2069]                                  0.004  0.009   0.000    0.014      0.000    0.000    6773.0    4236.0    1.0
p_y[2070]                                  0.003  0.009   0.000    0.011      0.000    0.000   14065.0   16523.0    1.0
p_y[2071]                                  0.003  0.006   0.000    0.011      0.000    0.000   11000.0    8021.0    1.0
p_y[2072]                                  0.005  0.004   0.000    0.012      0.000    0.000    8804.0    6737.0    1.0
p_y[2073]                                  0.018  0.021   0.000    0.054      0.000    0.000   13749.0   11887.0    1.0
p_y[2074]                                  0.001  0.003   0.000    0.005      0.000    0.000   13972.0   14817.0    1.0
p_y[2075]                                  0.001  0.002   0.000    0.005      0.000    0.000   13560.0   13279.0    1.0
p_y[2076]                                  0.003  0.003   0.000    0.009      0.000    0.000   10618.0    8147.0    1.0
p_y[2077]                                  0.001  0.002   0.000    0.003      0.000    0.000    4327.0    2139.0    1.0
p_y[2078]                                  0.002  0.004   0.000    0.008      0.000    0.000   12011.0   13007.0    1.0
p_y[2079]                                  0.001  0.003   0.000    0.004      0.000    0.000   11439.0   12995.0    1.0
p_y[2080]                                  0.004  0.007   0.000    0.014      0.000    0.000   14179.0   14610.0    1.0
p_y[2081]                                  0.002  0.003   0.000    0.007      0.000    0.000   14968.0   13975.0    1.0
p_y[2082]                                  0.003  0.007   0.000    0.012      0.000    0.000   10135.0   13761.0    1.0
p_y[2083]                                  0.014  0.007   0.003    0.026      0.000    0.000   13419.0   12409.0    1.0
p_y[2084]                                  0.001  0.001   0.000    0.003      0.000    0.000   12066.0   11111.0    1.0
p_y[2085]                                  0.001  0.002   0.000    0.004      0.000    0.000    8109.0    3596.0    1.0
p_y[2086]                                  0.001  0.002   0.000    0.005      0.000    0.000    9634.0    7257.0    1.0
p_y[2087]                                  0.001  0.002   0.000    0.005      0.000    0.000   12728.0   13090.0    1.0
p_y[2088]                                  0.009  0.005   0.001    0.019      0.000    0.000    7632.0    9386.0    1.0
p_y[2089]                                  0.002  0.005   0.000    0.009      0.000    0.000   13310.0   17600.0    1.0
p_y[2090]                                  0.043  0.021   0.010    0.082      0.000    0.000   11969.0   14563.0    1.0
p_y[2091]                                  0.002  0.003   0.000    0.006      0.000    0.000    9854.0   12653.0    1.0
p_y[2092]                                  0.001  0.002   0.000    0.005      0.000    0.000    9020.0   11153.0    1.0
p_y[2093]                                  0.001  0.003   0.000    0.004      0.000    0.000   13269.0   14825.0    1.0
p_y[2094]                                  0.001  0.004   0.000    0.005      0.000    0.000    4981.0    1617.0    1.0
p_y[2095]                                  0.003  0.005   0.000    0.011      0.000    0.000   13294.0   13029.0    1.0
p_y[2096]                                  0.022  0.021   0.000    0.059      0.000    0.000    9942.0   12778.0    1.0
p_y[2097]                                  0.002  0.004   0.000    0.008      0.000    0.000   11418.0    5978.0    1.0
p_y[2098]                                  0.007  0.010   0.000    0.023      0.000    0.000    8826.0    9985.0    1.0
p_y[2099]                                  0.002  0.004   0.000    0.008      0.000    0.000    9031.0    9720.0    1.0
p_y[2100]                                  0.001  0.002   0.000    0.004      0.000    0.000    7516.0    7324.0    1.0
p_y[2101]                                  0.001  0.002   0.000    0.004      0.000    0.000    8316.0    9944.0    1.0
p_y[2102]                                  0.001  0.003   0.000    0.005      0.000    0.000    7869.0   12135.0    1.0
p_y[2103]                                  0.001  0.003   0.000    0.005      0.000    0.000   13477.0   14551.0    1.0
p_y[2104]                                  0.010  0.007   0.000    0.023      0.000    0.000   10809.0   12122.0    1.0
p_y[2105]                                  0.002  0.003   0.000    0.006      0.000    0.000   10974.0   10038.0    1.0
p_y[2106]                                  0.001  0.002   0.000    0.005      0.000    0.000   15677.0   14924.0    1.0
p_y[2107]                                  0.001  0.001   0.000    0.002      0.000    0.000    7428.0    2944.0    1.0
p_y[2108]                                  0.001  0.001   0.000    0.002      0.000    0.000   13629.0   14901.0    1.0
p_y[2109]                                  0.001  0.001   0.000    0.002      0.000    0.000   10165.0   12529.0    1.0
p_y[2110]                                  0.001  0.001   0.000    0.002      0.000    0.000   11966.0   11221.0    1.0
p_y[2111]                                  0.001  0.001   0.000    0.002      0.000    0.000    6998.0   13752.0    1.0
p_y[2112]                                  0.001  0.001   0.000    0.002      0.000    0.000    6710.0   11036.0    1.0
p_y[2113]                                  0.001  0.002   0.000    0.005      0.000    0.000   12179.0   16803.0    1.0
p_y[2114]                                  0.001  0.003   0.000    0.005      0.000    0.000   13541.0   13911.0    1.0
p_y[2115]                                  0.001  0.001   0.000    0.004      0.000    0.000   13076.0   12769.0    1.0
p_y[2116]                                  0.001  0.002   0.000    0.004      0.000    0.000   14530.0   12415.0    1.0
p_y[2117]                                  0.001  0.002   0.000    0.003      0.000    0.000    8828.0   10126.0    1.0
p_y[2118]                                  0.005  0.007   0.000    0.017      0.000    0.000    4390.0    2337.0    1.0
p_y[2119]                                  0.002  0.003   0.000    0.008      0.000    0.000    9500.0    4093.0    1.0
p_y[2120]                                  0.001  0.002   0.000    0.003      0.000    0.000    5518.0    2082.0    1.0
p_y[2121]                                  0.001  0.003   0.000    0.004      0.000    0.000    5849.0    8424.0    1.0
p_y[2122]                                  0.001  0.001   0.000    0.002      0.000    0.000   11142.0   15857.0    1.0
p_y[2123]                                  0.001  0.001   0.000    0.002      0.000    0.000    8107.0    3459.0    1.0
p_y[2124]                                  0.000  0.001   0.000    0.002      0.000    0.000    4572.0    2027.0    1.0
p_y[2125]                                  0.001  0.002   0.000    0.003      0.000    0.000    7007.0    6662.0    1.0
p_y[2126]                                  0.002  0.003   0.000    0.006      0.000    0.000   10840.0   12436.0    1.0
p_y[2127]                                  0.001  0.002   0.000    0.003      0.000    0.000    6648.0    3410.0    1.0
p_y[2128]                                  0.002  0.005   0.000    0.008      0.000    0.000    5554.0    2064.0    1.0
p_y[2129]                                  0.002  0.004   0.000    0.006      0.000    0.000    9025.0    8009.0    1.0
p_y[2130]                                  0.002  0.003   0.000    0.007      0.000    0.000   12299.0   15115.0    1.0
p_y[2131]                                  0.001  0.002   0.000    0.003      0.000    0.000    8199.0   13379.0    1.0
p_y[2132]                                  0.001  0.001   0.000    0.002      0.000    0.000    8688.0   10883.0    1.0
p_y[2133]                                  0.001  0.002   0.000    0.005      0.000    0.000    8607.0    5700.0    1.0
p_y[2134]                                  0.003  0.005   0.000    0.011      0.000    0.000   11404.0   16233.0    1.0
p_y[2135]                                  0.002  0.005   0.000    0.008      0.000    0.000    9083.0    6725.0    1.0
p_y[2136]                                  0.001  0.001   0.000    0.003      0.000    0.000    8906.0    9048.0    1.0
p_y[2137]                                  0.001  0.001   0.000    0.003      0.000    0.000    7812.0    9572.0    1.0
p_y[2138]                                  0.000  0.001   0.000    0.002      0.000    0.000    8089.0   11297.0    1.0
p_y[2139]                                  0.001  0.003   0.000    0.005      0.000    0.000   12485.0   15218.0    1.0
p_y[2140]                                  0.000  0.002   0.000    0.002      0.000    0.000    7081.0   11886.0    1.0
p_y[2141]                                  0.000  0.001   0.000    0.002      0.000    0.000    7327.0   13529.0    1.0
p_y[2142]                                  0.001  0.001   0.000    0.002      0.000    0.000    6086.0    4252.0    1.0
p_y[2143]                                  0.001  0.002   0.000    0.003      0.000    0.000   12555.0   15964.0    1.0
p_y[2144]                                  0.001  0.002   0.000    0.003      0.000    0.000   10275.0   13543.0    1.0
p_y[2145]                                  0.001  0.003   0.000    0.005      0.000    0.000    9733.0   12890.0    1.0
p_y[2146]                                  0.001  0.002   0.000    0.003      0.000    0.000    9539.0   12159.0    1.0
p_y[2147]                                  0.003  0.008   0.000    0.012      0.000    0.000    3915.0    2298.0    1.0
p_y[2148]                                  0.067  0.026   0.024    0.115      0.000    0.000    5669.0    3567.0    1.0
p_y[2149]                                  0.001  0.002   0.000    0.004      0.000    0.000   10116.0   16011.0    1.0
p_y[2150]                                  0.132  0.055   0.045    0.233      0.001    0.000    8818.0   10261.0    1.0
p_y[2151]                                  0.002  0.003   0.000    0.006      0.000    0.000   11301.0   10649.0    1.0
p_y[2152]                                  0.001  0.001   0.000    0.002      0.000    0.000    9868.0   12474.0    1.0
p_y[2153]                                  0.001  0.001   0.000    0.002      0.000    0.000    5850.0   11018.0    1.0
p_y[2154]                                  0.002  0.003   0.000    0.007      0.000    0.000    9213.0   14138.0    1.0
p_y[2155]                                  0.002  0.005   0.000    0.009      0.000    0.000   11332.0   10414.0    1.0
p_y[2156]                                  0.001  0.002   0.000    0.004      0.000    0.000   11382.0   10229.0    1.0
p_y[2157]                                  0.001  0.001   0.000    0.003      0.000    0.000    7929.0    7509.0    1.0
p_y[2158]                                  0.001  0.003   0.000    0.005      0.000    0.000   12392.0   16297.0    1.0
p_y[2159]                                  0.001  0.004   0.000    0.006      0.000    0.000    7246.0    8328.0    1.0
p_y[2160]                                  0.001  0.002   0.000    0.005      0.000    0.000   10090.0   13523.0    1.0
p_y[2161]                                  0.002  0.005   0.000    0.008      0.000    0.000   11322.0   14515.0    1.0
p_y[2162]                                  0.001  0.002   0.000    0.004      0.000    0.000    5940.0    4920.0    1.0
p_y[2163]                                  0.001  0.001   0.000    0.002      0.000    0.000    8349.0    6389.0    1.0
p_y[2164]                                  0.001  0.002   0.000    0.003      0.000    0.000    8824.0    9605.0    1.0
p_y[2165]                                  0.001  0.003   0.000    0.004      0.000    0.000   11430.0    8985.0    1.0
p_y[2166]                                  0.001  0.001   0.000    0.002      0.000    0.000    8457.0   11506.0    1.0
p_y[2167]                                  0.001  0.002   0.000    0.003      0.000    0.000    6495.0    5185.0    1.0
p_y[2168]                                  0.005  0.009   0.000    0.020      0.000    0.000    9986.0   13456.0    1.0
p_y[2169]                                  0.011  0.008   0.000    0.026      0.000    0.000   10160.0   13058.0    1.0
p_y[2170]                                  0.000  0.001   0.000    0.001      0.000    0.000    8737.0    9539.0    1.0
p_y[2171]                                  0.000  0.000   0.000    0.001      0.000    0.000   12335.0   13402.0    1.0
p_y[2172]                                  0.002  0.002   0.000    0.007      0.000    0.000   11434.0   10805.0    1.0
p_y[2173]                                  0.002  0.004   0.000    0.007      0.000    0.000   10744.0   16180.0    1.0
p_y[2174]                                  0.001  0.001   0.000    0.002      0.000    0.000   11306.0   15012.0    1.0
p_y[2175]                                  0.002  0.005   0.000    0.008      0.000    0.000    9862.0   14533.0    1.0
p_y[2176]                                  0.000  0.001   0.000    0.001      0.000    0.000    8095.0    3807.0    1.0
p_y[2177]                                  0.002  0.004   0.000    0.009      0.000    0.000   11054.0   16277.0    1.0
p_y[2178]                                  0.001  0.004   0.000    0.005      0.000    0.000   12570.0   14859.0    1.0
p_y[2179]                                  0.001  0.002   0.000    0.005      0.000    0.000   10678.0   14411.0    1.0
p_y[2180]                                  0.002  0.004   0.000    0.007      0.000    0.000    8193.0    6934.0    1.0
p_y[2181]                                  0.007  0.008   0.000    0.022      0.000    0.000   12467.0   10929.0    1.0
p_y[2182]                                  0.006  0.009   0.000    0.021      0.000    0.000   10472.0   11838.0    1.0
p_y[2183]                                  0.003  0.006   0.000    0.012      0.000    0.000    7199.0    4412.0    1.0
p_y[2184]                                  0.002  0.005   0.000    0.008      0.000    0.000    5408.0    2228.0    1.0
p_y[2185]                                  0.003  0.010   0.000    0.013      0.000    0.000   11722.0   16550.0    1.0
p_y[2186]                                  0.001  0.002   0.000    0.003      0.000    0.000    9307.0    6997.0    1.0
p_y[2187]                                  0.002  0.007   0.000    0.006      0.000    0.000    6520.0    6705.0    1.0
p_y[2188]                                  0.005  0.003   0.000    0.011      0.000    0.000   11871.0   11315.0    1.0
p_y[2189]                                  0.001  0.001   0.000    0.003      0.000    0.000    8165.0   14037.0    1.0
p_y[2190]                                  0.001  0.003   0.000    0.005      0.000    0.000   11327.0   11699.0    1.0
p_y[2191]                                  0.002  0.005   0.000    0.006      0.000    0.000    4844.0    2055.0    1.0
p_y[2192]                                  0.001  0.002   0.000    0.004      0.000    0.000    7988.0    2825.0    1.0
p_y[2193]                                  0.003  0.003   0.000    0.008      0.000    0.000    8912.0   10372.0    1.0
p_y[2194]                                  0.001  0.002   0.000    0.003      0.000    0.000    5115.0    2084.0    1.0
p_y[2195]                                  0.001  0.002   0.000    0.004      0.000    0.000    6783.0    8113.0    1.0
p_y[2196]                                  0.001  0.002   0.000    0.003      0.000    0.000    6636.0   12494.0    1.0
p_y[2197]                                  0.104  0.037   0.042    0.172      0.000    0.000   10081.0   13742.0    1.0
p_y[2198]                                  0.003  0.005   0.000    0.010      0.000    0.000   14350.0   17436.0    1.0
p_y[2199]                                  0.004  0.004   0.000    0.011      0.000    0.000   12340.0   13402.0    1.0
p_y[2200]                                  0.011  0.006   0.002    0.022      0.000    0.000    9173.0    3914.0    1.0
p_y[2201]                                  0.001  0.002   0.000    0.004      0.000    0.000    8297.0    7665.0    1.0
p_y[2202]                                  0.001  0.004   0.000    0.006      0.000    0.000   14408.0   17549.0    1.0
p_y[2203]                                  0.003  0.005   0.000    0.010      0.000    0.000    7560.0   10644.0    1.0
p_y[2204]                                  0.003  0.007   0.000    0.012      0.000    0.000    5631.0    2428.0    1.0
p_y[2205]                                  0.003  0.005   0.000    0.010      0.000    0.000   10234.0   13538.0    1.0
p_y[2206]                                  0.004  0.004   0.000    0.011      0.000    0.000   10172.0    5777.0    1.0
p_y[2207]                                  0.002  0.004   0.000    0.006      0.000    0.000    5006.0    2185.0    1.0
p_y[2208]                                  0.004  0.006   0.000    0.014      0.000    0.000   11193.0   15067.0    1.0
p_y[2209]                                  0.004  0.008   0.000    0.016      0.000    0.000    8877.0    8263.0    1.0
p_y[2210]                                  0.040  0.020   0.010    0.077      0.000    0.000   10316.0   12195.0    1.0
p_y[2211]                                  0.001  0.003   0.000    0.005      0.000    0.000    6476.0    4730.0    1.0
p_y[2212]                                  0.002  0.004   0.000    0.007      0.000    0.000    8115.0    5589.0    1.0
p_y[2213]                                  0.005  0.010   0.000    0.019      0.000    0.000   15434.0   15635.0    1.0
p_y[2214]                                  0.007  0.007   0.000    0.019      0.000    0.000    6465.0    2212.0    1.0
p_y[2215]                                  0.001  0.003   0.000    0.002      0.000    0.000    3575.0    2107.0    1.0
p_y[2216]                                  0.002  0.003   0.000    0.006      0.000    0.000   11059.0   15045.0    1.0
p_y[2217]                                  0.002  0.002   0.000    0.006      0.000    0.000    9462.0   12695.0    1.0
p_y[2218]                                  0.000  0.001   0.000    0.001      0.000    0.000    5565.0    2084.0    1.0
p_y[2219]                                  0.001  0.002   0.000    0.003      0.000    0.000    7809.0   15402.0    1.0
p_y[2220]                                  0.001  0.002   0.000    0.003      0.000    0.000   10499.0   13057.0    1.0
p_y[2221]                                  0.003  0.003   0.000    0.009      0.000    0.000   14037.0   13016.0    1.0
p_y[2222]                                  0.003  0.007   0.000    0.012      0.000    0.000    7689.0   10720.0    1.0
p_y[2223]                                  0.002  0.005   0.000    0.008      0.000    0.000    9058.0   14124.0    1.0
p_y[2224]                                  0.003  0.006   0.000    0.011      0.000    0.000   12531.0   16192.0    1.0
p_y[2225]                                  0.003  0.006   0.000    0.009      0.000    0.000    9087.0   11103.0    1.0
p_y[2226]                                  0.001  0.004   0.000    0.005      0.000    0.000    7253.0    8003.0    1.0
p_y[2227]                                  0.001  0.003   0.000    0.004      0.000    0.000    8046.0    8523.0    1.0
p_y[2228]                                  0.001  0.003   0.000    0.003      0.000    0.000    6950.0    3575.0    1.0
p_y[2229]                                  0.001  0.003   0.000    0.004      0.000    0.000    9062.0   11738.0    1.0
p_y[2230]                                  0.002  0.005   0.000    0.010      0.000    0.000   10578.0   13593.0    1.0
p_y[2231]                                  0.001  0.002   0.000    0.004      0.000    0.000   10277.0   15072.0    1.0
p_y[2232]                                  0.001  0.001   0.000    0.003      0.000    0.000    9188.0    7746.0    1.0
p_y[2233]                                  0.003  0.006   0.000    0.011      0.000    0.000   10157.0   14963.0    1.0
p_y[2234]                                  0.001  0.002   0.000    0.005      0.000    0.000    8139.0    3937.0    1.0
p_y[2235]                                  0.001  0.001   0.000    0.002      0.000    0.000    8795.0    9200.0    1.0
p_y[2236]                                  0.004  0.008   0.000    0.015      0.000    0.000   14380.0   15154.0    1.0
p_y[2237]                                  0.003  0.008   0.000    0.014      0.000    0.000    9992.0    8480.0    1.0
p_y[2238]                                  0.001  0.002   0.000    0.004      0.000    0.000    6869.0    3380.0    1.0
p_y[2239]                                  0.001  0.001   0.000    0.002      0.000    0.000    6134.0    2057.0    1.0
p_y[2240]                                  0.001  0.003   0.000    0.004      0.000    0.000   10735.0    9846.0    1.0
p_y[2241]                                  0.001  0.003   0.000    0.005      0.000    0.000    8232.0   15928.0    1.0
p_y[2242]                                  0.003  0.006   0.000    0.012      0.000    0.000    7699.0    3682.0    1.0
p_y[2243]                                  0.004  0.006   0.000    0.015      0.000    0.000   12755.0    9422.0    1.0
p_y[2244]                                  0.002  0.004   0.000    0.006      0.000    0.000   13355.0   13885.0    1.0
p_y[2245]                                  0.002  0.006   0.000    0.008      0.000    0.000    8528.0    3787.0    1.0
p_y[2246]                                  0.005  0.011   0.000    0.016      0.000    0.000    6990.0    3618.0    1.0
p_y[2247]                                  0.003  0.004   0.000    0.008      0.000    0.000    7787.0   10931.0    1.0
p_y[2248]                                  0.004  0.003   0.000    0.008      0.000    0.000   10752.0   10359.0    1.0
p_y[2249]                                  0.004  0.004   0.000    0.010      0.000    0.000   11870.0   10021.0    1.0
p_y[2250]                                  0.002  0.003   0.000    0.007      0.000    0.000   13831.0    7851.0    1.0
p_y[2251]                                  0.001  0.002   0.000    0.003      0.000    0.000   10141.0   16664.0    1.0
p_y[2252]                                  0.002  0.004   0.000    0.006      0.000    0.000   10105.0   13805.0    1.0
p_y[2253]                                  0.002  0.004   0.000    0.007      0.000    0.000   11841.0   13483.0    1.0
p_y[2254]                                  0.002  0.005   0.000    0.009      0.000    0.000   10039.0   18678.0    1.0
p_y[2255]                                  0.001  0.003   0.000    0.005      0.000    0.000    7032.0    6724.0    1.0
p_y[2256]                                  0.000  0.001   0.000    0.002      0.000    0.000    8778.0   11114.0    1.0
p_y[2257]                                  0.000  0.001   0.000    0.002      0.000    0.000   11583.0   10342.0    1.0
p_y[2258]                                  0.114  0.095   0.001    0.288      0.001    0.001   11581.0   12666.0    1.0
p_y[2259]                                  0.001  0.002   0.000    0.004      0.000    0.000   12353.0   17291.0    1.0
p_y[2260]                                  0.001  0.002   0.000    0.005      0.000    0.000    7776.0    8319.0    1.0
p_y[2261]                                  0.007  0.003   0.003    0.012      0.000    0.000   10657.0   13100.0    1.0
p_y[2262]                                  0.002  0.003   0.000    0.007      0.000    0.000   14841.0   13010.0    1.0
p_y[2263]                                  0.002  0.005   0.000    0.008      0.000    0.000    5611.0    4096.0    1.0
p_y[2264]                                  0.003  0.008   0.000    0.011      0.000    0.000    8071.0    5079.0    1.0
p_y[2265]                                  0.001  0.002   0.000    0.005      0.000    0.000   11778.0   14663.0    1.0
p_y[2266]                                  0.001  0.002   0.000    0.004      0.000    0.000   11705.0   16319.0    1.0
p_y[2267]                                  0.013  0.006   0.004    0.024      0.000    0.000   10177.0   10385.0    1.0
p_y[2268]                                  0.005  0.006   0.000    0.015      0.000    0.000   11520.0   11033.0    1.0
p_y[2269]                                  0.002  0.004   0.000    0.006      0.000    0.000   10552.0   14239.0    1.0
p_y[2270]                                  0.001  0.002   0.000    0.004      0.000    0.000   10064.0   14496.0    1.0
p_y[2271]                                  0.004  0.008   0.000    0.013      0.000    0.000    9284.0    5919.0    1.0
p_y[2272]                                  0.001  0.002   0.000    0.004      0.000    0.000    8910.0    5351.0    1.0
p_y[2273]                                  0.001  0.001   0.000    0.002      0.000    0.000   10091.0   14199.0    1.0
p_y[2274]                                  0.001  0.001   0.000    0.002      0.000    0.000    9448.0   12577.0    1.0
p_y[2275]                                  0.001  0.001   0.000    0.002      0.000    0.000   10017.0   12833.0    1.0
p_y[2276]                                  0.003  0.007   0.000    0.013      0.000    0.000   10707.0   18384.0    1.0
p_y[2277]                                  0.011  0.008   0.000    0.025      0.000    0.000   13708.0   12551.0    1.0
p_y[2278]                                  0.025  0.012   0.006    0.047      0.000    0.000    8609.0   12555.0    1.0
p_y[2279]                                  0.002  0.004   0.000    0.008      0.000    0.000    7966.0   14284.0    1.0
p_y[2280]                                  0.000  0.001   0.000    0.001      0.000    0.000    8843.0   14501.0    1.0
p_y[2281]                                  0.004  0.012   0.000    0.018      0.000    0.000   11298.0   10140.0    1.0
p_y[2282]                                  0.003  0.007   0.000    0.011      0.000    0.000   10402.0   11085.0    1.0
p_y[2283]                                  0.001  0.002   0.000    0.003      0.000    0.000    8334.0    8054.0    1.0
p_y[2284]                                  0.038  0.016   0.012    0.067      0.000    0.000   10225.0    4090.0    1.0
p_y[2285]                                  0.007  0.005   0.000    0.015      0.000    0.000   12054.0    9397.0    1.0
p_y[2286]                                  0.002  0.004   0.000    0.006      0.000    0.000    8542.0   13596.0    1.0
p_y[2287]                                  0.001  0.002   0.000    0.003      0.000    0.000    5678.0    4026.0    1.0
p_y[2288]                                  0.004  0.010   0.000    0.014      0.000    0.000   13058.0   12170.0    1.0
p_y[2289]                                  0.002  0.008   0.000    0.009      0.000    0.000    9062.0    6494.0    1.0
p_y[2290]                                  0.001  0.001   0.000    0.002      0.000    0.000    9838.0   10889.0    1.0
p_y[2291]                                  0.006  0.004   0.000    0.013      0.000    0.000   11795.0   14978.0    1.0
p_y[2292]                                  0.000  0.002   0.000    0.001      0.000    0.000    3494.0    5547.0    1.0
p_y[2293]                                  0.000  0.000   0.000    0.000      0.000    0.000    2530.0    3598.0    1.0
p_y[2294]                                  0.001  0.002   0.000    0.002      0.000    0.000    8780.0   15141.0    1.0
p_y[2295]                                  0.001  0.002   0.000    0.002      0.000    0.000    7516.0    4442.0    1.0
p_y[2296]                                  0.001  0.002   0.000    0.003      0.000    0.000    4892.0    2038.0    1.0
p_y[2297]                                  0.000  0.001   0.000    0.002      0.000    0.000    6421.0    3972.0    1.0
p_y[2298]                                  0.001  0.002   0.000    0.002      0.000    0.000    8091.0   15033.0    1.0
p_y[2299]                                  0.001  0.003   0.000    0.003      0.000    0.000    6413.0    3325.0    1.0
p_y[2300]                                  0.000  0.003   0.000    0.001      0.000    0.000    4291.0    7333.0    1.0
p_y[2301]                                  0.000  0.001   0.000    0.001      0.000    0.000    4370.0    7611.0    1.0
p_y[2302]                                  0.001  0.002   0.000    0.003      0.000    0.000    5906.0    3788.0    1.0
p_y[2303]                                  0.001  0.002   0.000    0.004      0.000    0.000   11824.0   10395.0    1.0
p_y[2304]                                  0.004  0.003   0.000    0.010      0.000    0.000   12582.0   14451.0    1.0
p_y[2305]                                  0.041  0.028   0.004    0.091      0.000    0.000   13316.0   13281.0    1.0
p_y[2306]                                  0.001  0.002   0.000    0.005      0.000    0.000   10806.0    5439.0    1.0
p_y[2307]                                  0.001  0.004   0.000    0.005      0.000    0.000   10011.0   12570.0    1.0
p_y[2308]                                  0.001  0.001   0.000    0.003      0.000    0.000    4016.0    2189.0    1.0
p_y[2309]                                  0.008  0.008   0.000    0.021      0.000    0.000    8410.0    6346.0    1.0
p_y[2310]                                  0.002  0.005   0.000    0.009      0.000    0.000   11931.0   18359.0    1.0
p_y[2311]                                  0.002  0.003   0.000    0.006      0.000    0.000    6668.0    2482.0    1.0
p_y[2312]                                  0.001  0.001   0.000    0.002      0.000    0.000   10771.0    9650.0    1.0
p_y[2313]                                  0.004  0.006   0.000    0.015      0.000    0.000    9205.0   12986.0    1.0
p_y[2314]                                  0.000  0.004   0.000    0.000      0.000    0.000    3088.0    3456.0    1.0
p_y[2315]                                  0.000  0.003   0.000    0.000      0.000    0.000    3111.0    3116.0    1.0
p_y[2316]                                  0.000  0.001   0.000    0.000      0.000    0.000    2507.0    2889.0    1.0
p_y[2317]                                  0.001  0.001   0.000    0.003      0.000    0.000    8052.0   11317.0    1.0
p_y[2318]                                  0.004  0.004   0.000    0.011      0.000    0.000   10597.0   11088.0    1.0
p_y[2319]                                  0.002  0.004   0.000    0.006      0.000    0.000    5747.0    2311.0    1.0
p_y[2320]                                  0.001  0.001   0.000    0.002      0.000    0.000    9033.0    3315.0    1.0
p_y[2321]                                  0.002  0.005   0.000    0.007      0.000    0.000   11378.0   18413.0    1.0
p_y[2322]                                  0.002  0.006   0.000    0.008      0.000    0.000    7831.0    7688.0    1.0
p_y[2323]                                  0.001  0.002   0.000    0.003      0.000    0.000    9682.0   13368.0    1.0
p_y[2324]                                  0.001  0.001   0.000    0.002      0.000    0.000    6185.0    4077.0    1.0
at_least_one_positive_image_by_area[0]     0.000  0.000   0.000    0.000      0.000    0.000   40000.0   40000.0    NaN
at_least_one_positive_image_by_area[1]     0.153  0.223   0.000    0.650      0.002    0.001   10712.0   10740.0    1.0
at_least_one_positive_image_by_area[2]     0.286  0.301   0.000    0.914      0.002    0.002    9408.0    6013.0    1.0
at_least_one_positive_image_by_area[3]     0.343  0.297   0.000    0.923      0.003    0.002   13899.0   15964.0    1.0
at_least_one_positive_image_by_area[4]     0.158  0.210   0.000    0.607      0.002    0.001   14208.0   18902.0    1.0
at_least_one_positive_image_by_area[5]     0.058  0.119   0.000    0.242      0.001    0.001    9052.0    4868.0    1.0
at_least_one_positive_image_by_area[6]     0.069  0.124   0.000    0.274      0.001    0.001    8648.0   13506.0    1.0
at_least_one_positive_image_by_area[7]     0.123  0.183   0.000    0.488      0.002    0.001    7853.0   15452.0    1.0
at_least_one_positive_image_by_area[8]     0.134  0.206   0.000    0.575      0.002    0.001    9335.0   14157.0    1.0
at_least_one_positive_image_by_area[9]     0.214  0.292   0.000    0.899      0.003    0.002   10980.0   18015.0    1.0
at_least_one_positive_image_by_area[10]    0.290  0.270   0.000    0.842      0.003    0.002    9081.0   14882.0    1.0
at_least_one_positive_image_by_area[11]    0.080  0.135   0.000    0.320      0.001    0.001    8487.0   12803.0    1.0
at_least_one_positive_image_by_area[12]    0.312  0.321   0.000    0.958      0.003    0.002   10307.0   10521.0    1.0
at_least_one_positive_image_by_area[13]    0.157  0.219   0.000    0.633      0.002    0.002    8015.0   13920.0    1.0
at_least_one_positive_image_by_area[14]    0.210  0.249   0.000    0.755      0.002    0.002    5363.0    1881.0    1.0
at_least_one_positive_image_by_area[15]    0.130  0.190   0.000    0.527      0.002    0.001    9984.0   12927.0    1.0
at_least_one_positive_image_by_area[16]    0.338  0.302   0.000    0.932      0.003    0.002    9022.0    6110.0    1.0
at_least_one_positive_image_by_area[17]    0.267  0.296   0.000    0.900      0.002    0.002   13795.0    9104.0    1.0
at_least_one_positive_image_by_area[18]    0.173  0.233   0.000    0.694      0.002    0.002   11240.0   16171.0    1.0
at_least_one_positive_image_by_area[19]    0.194  0.241   0.000    0.723      0.003    0.002    9029.0   16501.0    1.0
at_least_one_positive_image_by_area[20]    0.136  0.191   0.000    0.535      0.002    0.002    8652.0   14148.0    1.0
at_least_one_positive_image_by_area[21]    0.249  0.284   0.000    0.874      0.003    0.002    6945.0    3868.0    1.0
at_least_one_positive_image_by_area[22]    0.324  0.291   0.000    0.905      0.003    0.002   10094.0    5333.0    1.0
at_least_one_positive_image_by_area[23]    0.244  0.261   0.000    0.806      0.002    0.002    9929.0   12374.0    1.0
at_least_one_positive_image_by_area[24]    0.484  0.356   0.023    1.000      0.004    0.003   11030.0   12444.0    1.0
at_least_one_positive_image_by_area[25]    0.505  0.382   0.013    1.000      0.004    0.003    5954.0    2106.0    1.0
at_least_one_positive_image_by_area[26]    0.281  0.276   0.000    0.858      0.003    0.002    7570.0    7259.0    1.0
at_least_one_positive_image_by_area[27]    0.365  0.323   0.000    0.970      0.003    0.002    9735.0    5603.0    1.0
at_least_one_positive_image_by_area[28]    0.505  0.329   0.048    1.000      0.003    0.002   10785.0   17429.0    1.0
at_least_one_positive_image_by_area[29]    0.305  0.281   0.000    0.881      0.003    0.002    7257.0    7471.0    1.0
at_least_one_positive_image_by_area[30]    0.399  0.303   0.002    0.952      0.003    0.002   11912.0   15431.0    1.0
at_least_one_positive_image_by_area[31]    0.307  0.284   0.000    0.883      0.003    0.002   10126.0   14252.0    1.0
at_least_one_positive_image_by_area[32]    0.345  0.311   0.000    0.944      0.003    0.002   13091.0   15458.0    1.0
at_least_one_positive_image_by_area[33]    0.746  0.353   0.035    1.000      0.004    0.003    8263.0   12125.0    1.0
at_least_one_positive_image_by_area[34]    0.534  0.338   0.042    1.000      0.004    0.003    8661.0    3573.0    1.0
at_least_one_positive_image_by_area[35]    0.287  0.278   0.000    0.867      0.002    0.002   13906.0   19281.0    1.0
at_least_one_positive_image_by_area[36]    0.936  0.168   0.634    1.000      0.002    0.001    9192.0    8898.0    1.0
at_least_one_positive_image_by_area[37]    0.501  0.335   0.039    1.000      0.003    0.002   11048.0   10910.0    1.0
at_least_one_positive_image_by_area[38]    0.741  0.316   0.098    1.000      0.004    0.003    4238.0    2306.0    1.0
at_least_one_positive_image_by_area[39]    0.447  0.338   0.023    1.000      0.003    0.002   12502.0   12128.0    1.0
at_least_one_positive_image_by_area[40]    0.322  0.289   0.000    0.899      0.002    0.002   13472.0   17982.0    1.0
at_least_one_positive_image_by_area[41]    0.435  0.348   0.012    1.000      0.004    0.003    9301.0   12503.0    1.0
at_least_one_positive_image_by_area[42]    0.141  0.193   0.000    0.546      0.002    0.001   15575.0   17443.0    1.0
at_least_one_positive_image_by_area[43]    0.699  0.342   0.044    1.000      0.004    0.003    9405.0    8222.0    1.0
at_least_one_positive_image_by_area[44]    0.523  0.309   0.073    1.000      0.003    0.003    6886.0    2457.0    1.0
at_least_one_positive_image_by_area[45]    0.330  0.301   0.000    0.925      0.004    0.003    6870.0    5290.0    1.0
at_least_one_positive_image_by_area[46]    0.626  0.369   0.024    1.000      0.004    0.003    9004.0   11854.0    1.0
at_least_one_positive_image_by_area[47]    0.266  0.275   0.000    0.851      0.002    0.002   11562.0   12877.0    1.0
at_least_one_positive_image_by_area[48]    0.338  0.293   0.000    0.913      0.003    0.002    8641.0   10858.0    1.0
at_least_one_positive_image_by_area[49]    0.278  0.280   0.000    0.867      0.002    0.002   11798.0    5896.0    1.0
at_least_one_positive_image_by_area[50]    0.316  0.283   0.000    0.888      0.002    0.002   14771.0   18149.0    1.0
at_least_one_positive_image_by_area[51]    0.309  0.290   0.000    0.900      0.003    0.002   11643.0   13175.0    1.0
at_least_one_positive_image_by_area[52]    0.491  0.330   0.041    1.000      0.003    0.002   12222.0   15309.0    1.0
at_least_one_positive_image_by_area[53]    0.259  0.267   0.000    0.830      0.002    0.002   11929.0   17041.0    1.0
at_least_one_positive_image_by_area[54]    0.252  0.282   0.000    0.868      0.002    0.002   12565.0   14439.0    1.0
at_least_one_positive_image_by_area[55]    0.573  0.323   0.071    1.000      0.003    0.002   11820.0   17578.0    1.0
at_least_one_positive_image_by_area[56]    0.602  0.331   0.068    1.000      0.003    0.002   11103.0   13821.0    1.0
at_least_one_positive_image_by_area[57]    0.498  0.337   0.033    1.000      0.003    0.002   15537.0   18221.0    1.0
at_least_one_positive_image_by_area[58]    0.371  0.300   0.002    0.941      0.003    0.002   13818.0   13604.0    1.0
at_least_one_positive_image_by_area[59]    0.468  0.317   0.043    1.000      0.003    0.002    9682.0    8202.0    1.0
at_least_one_positive_image_by_area[60]    0.331  0.311   0.000    0.940      0.003    0.002    9015.0   15902.0    1.0
at_least_one_positive_image_by_area[61]    0.794  0.302   0.115    1.000      0.003    0.002   10272.0   11317.0    1.0
at_least_one_positive_image_by_area[62]    1.000  0.000   1.000    1.000      0.000    0.000   40000.0   40000.0    NaN
at_least_one_positive_image_by_area[63]    1.000  0.000   1.000    1.000      0.000    0.000   40000.0   40000.0    NaN
at_least_one_positive_image_by_area[64]    0.646  0.314   0.103    1.000      0.003    0.002   12170.0   14886.0    1.0
at_least_one_positive_image_by_area[65]    1.000  0.000   1.000    1.000      0.000    0.000   40000.0   40000.0    NaN
at_least_one_positive_image_by_area[66]    0.439  0.314   0.037    1.000      0.003    0.002   10540.0    4274.0    1.0
at_least_one_positive_image_by_area[67]    0.168  0.214   0.000    0.630      0.002    0.001   12978.0   11659.0    1.0
at_least_one_positive_image_by_area[68]    0.262  0.266   0.000    0.828      0.002    0.002   11239.0   14161.0    1.0
at_least_one_positive_image_by_area[69]    0.360  0.300   0.000    0.933      0.003    0.002   13948.0   14238.0    1.0
at_least_one_positive_image_by_area[70]    0.188  0.231   0.000    0.687      0.002    0.001   10520.0   13820.0    1.0
at_least_one_positive_image_by_area[71]    0.788  0.289   0.146    1.000      0.004    0.003    9616.0    7949.0    1.0
at_least_one_positive_image_by_area[72]    0.374  0.313   0.000    0.956      0.003    0.002    7866.0    2953.0    1.0
at_least_one_positive_image_by_area[73]    0.211  0.254   0.000    0.776      0.002    0.002   12929.0   14777.0    1.0
at_least_one_positive_image_by_area[74]    0.195  0.234   0.000    0.699      0.002    0.001   11831.0   14843.0    1.0
at_least_one_positive_image_by_area[75]    0.089  0.166   0.000    0.397      0.002    0.001    7947.0   16176.0    1.0
at_least_one_positive_image_by_area[76]    0.072  0.149   0.000    0.329      0.001    0.001   10783.0   16828.0    1.0
at_least_one_positive_image_by_area[77]    0.249  0.257   0.000    0.795      0.002    0.002    8908.0    4166.0    1.0
at_least_one_positive_image_by_area[78]    0.269  0.283   0.000    0.873      0.003    0.002    8684.0    4506.0    1.0
at_least_one_positive_image_by_area[79]    0.285  0.282   0.000    0.880      0.004    0.003    6126.0    2626.0    1.0
at_least_one_positive_image_by_area[80]    0.095  0.177   0.000    0.441      0.002    0.001   10186.0   16278.0    1.0
at_least_one_positive_image_by_area[81]    0.177  0.246   0.000    0.730      0.003    0.002    8863.0   12520.0    1.0
at_least_one_positive_image_by_area[82]    0.339  0.295   0.000    0.915      0.003    0.002    8912.0   11094.0    1.0
at_least_one_positive_image_by_area[83]    0.197  0.253   0.000    0.763      0.002    0.002   11747.0   11589.0    1.0
at_least_one_positive_image_by_area[84]    0.214  0.269   0.000    0.822      0.002    0.002   10267.0   12461.0    1.0
at_least_one_positive_image_by_area[85]    0.400  0.339   0.000    0.985      0.004    0.003    4387.0    2163.0    1.0
at_least_one_positive_image_by_area[86]    0.204  0.251   0.000    0.758      0.003    0.002    8129.0    8275.0    1.0
at_least_one_positive_image_by_area[87]    0.277  0.289   0.000    0.887      0.003    0.002    3498.0    1395.0    1.0
at_least_one_positive_image_by_area[88]    0.193  0.243   0.000    0.730      0.002    0.002   11507.0   11704.0    1.0
at_least_one_positive_image_by_area[89]    0.169  0.231   0.000    0.680      0.002    0.002    5648.0    2277.0    1.0
at_least_one_positive_image_by_area[90]    0.132  0.214   0.000    0.610      0.002    0.001   10214.0   14986.0    1.0
at_least_one_positive_image_by_area[91]    0.070  0.143   0.000    0.310      0.001    0.001    7639.0   12928.0    1.0
at_least_one_positive_image_by_area[92]    0.731  0.316   0.096    1.000      0.004    0.003    9043.0   11252.0    1.0
at_least_one_positive_image_by_area[93]    0.567  0.359   0.024    1.000      0.004    0.003   10898.0   11921.0    1.0
at_least_one_positive_image_by_area[94]    1.000  0.000   1.000    1.000      0.000    0.000   40000.0   40000.0    NaN
at_least_one_positive_image_by_area[95]    0.146  0.213   0.000    0.609      0.002    0.001    8409.0   12454.0    1.0
at_least_one_positive_image_by_area[96]    0.320  0.295   0.000    0.917      0.004    0.003    7349.0    2172.0    1.0
at_least_one_positive_image_by_area[97]    0.128  0.192   0.000    0.535      0.002    0.001   13807.0   13552.0    1.0
at_least_one_positive_image_by_area[98]    0.150  0.215   0.000    0.613      0.002    0.001    7442.0    3702.0    1.0
at_least_one_positive_image_by_area[99]    0.303  0.278   0.000    0.873      0.003    0.002   10711.0   11327.0    1.0
at_least_one_positive_image_by_area[100]   0.216  0.251   0.000    0.769      0.003    0.002    8861.0   11585.0    1.0
at_least_one_positive_image_by_area[101]   0.153  0.217   0.000    0.627      0.002    0.001    7642.0    4292.0    1.0
at_least_one_positive_image_by_area[102]   0.119  0.195   0.000    0.529      0.002    0.001   10187.0   13105.0    1.0
at_least_one_positive_image_by_area[103]   0.234  0.261   0.000    0.802      0.002    0.002   10905.0    6402.0    1.0
at_least_one_positive_image_by_area[104]   0.076  0.149   0.000    0.341      0.001    0.001   13194.0   16695.0    1.0
at_least_one_positive_image_by_area[105]   0.080  0.155   0.000    0.367      0.001    0.001   12732.0   17135.0    1.0
at_least_one_positive_image_by_area[106]   0.074  0.137   0.000    0.311      0.001    0.001   11987.0   17021.0    1.0
at_least_one_positive_image_by_area[107]   0.068  0.139   0.000    0.312      0.001    0.001   11303.0   11611.0    1.0
at_least_one_positive_image_by_area[108]   0.195  0.253   0.000    0.772      0.002    0.001   14554.0   16104.0    1.0
at_least_one_positive_image_by_area[109]   0.116  0.201   0.000    0.543      0.002    0.001   10345.0   13586.0    1.0
at_least_one_positive_image_by_area[110]   0.102  0.161   0.000    0.409      0.001    0.001   10482.0   15510.0    1.0
at_least_one_positive_image_by_area[111]   0.154  0.221   0.000    0.638      0.002    0.001    5745.0    2318.0    1.0
at_least_one_positive_image_by_area[112]   0.175  0.233   0.000    0.692      0.002    0.001   13833.0   16673.0    1.0
at_least_one_positive_image_by_area[113]   0.147  0.212   0.000    0.602      0.002    0.001    5398.0    2011.0    1.0
at_least_one_positive_image_by_area[114]   0.127  0.208   0.000    0.583      0.002    0.001    9814.0   11604.0    1.0
at_least_one_positive_image_by_area[115]   0.142  0.214   0.000    0.605      0.002    0.001    7506.0   12726.0    1.0
at_least_one_positive_image_by_area[116]   0.124  0.192   0.000    0.526      0.002    0.001   14967.0   18468.0    1.0
at_least_one_positive_image_by_area[117]   0.111  0.184   0.000    0.478      0.002    0.001    6557.0    5921.0    1.0
at_least_one_positive_image_by_area[118]   0.073  0.131   0.000    0.298      0.001    0.001    5068.0    2200.0    1.0
at_least_one_positive_image_by_area[119]   0.100  0.166   0.000    0.420      0.001    0.001    8185.0    1979.0    1.0
at_least_one_positive_image_by_area[120]   1.000  0.000   1.000    1.000      0.000    0.000   40000.0   40000.0    NaN
at_least_one_positive_image_by_area[121]   0.993  0.050   0.987    1.000      0.001    0.001    8448.0    5190.0    1.0
at_least_one_positive_image_by_area[122]   0.260  0.268   0.000    0.833      0.002    0.002   13450.0   14259.0    1.0
at_least_one_positive_image_by_area[123]   0.260  0.276   0.000    0.853      0.002    0.002   13056.0   16057.0    1.0
at_least_one_positive_image_by_area[124]   0.179  0.232   0.000    0.693      0.002    0.001   13074.0   13268.0    1.0
at_least_one_positive_image_by_area[125]   0.257  0.300   0.000    0.909      0.003    0.002    8573.0   13666.0    1.0
at_least_one_positive_image_by_area[126]   0.000  0.000   0.000    0.000      0.000    0.000   40000.0   40000.0    NaN
at_least_one_positive_image_by_area[127]   0.154  0.214   0.000    0.615      0.002    0.002    7189.0   10021.0    1.0
at_least_one_positive_image_by_area[128]   0.190  0.229   0.000    0.686      0.002    0.001   14323.0   18418.0    1.0
at_least_one_positive_image_by_area[129]   0.285  0.273   0.000    0.853      0.002    0.002   12394.0    6084.0    1.0
at_least_one_positive_image_by_area[130]   0.091  0.144   0.000    0.354      0.001    0.001   13831.0   13335.0    1.0
at_least_one_positive_image_by_area[131]   0.188  0.226   0.000    0.681      0.002    0.001   12398.0   11734.0    1.0
at_least_one_positive_image_by_area[132]   0.124  0.157   0.000    0.426      0.001    0.001   12343.0   15272.0    1.0
at_least_one_positive_image_by_area[133]   0.197  0.236   0.000    0.711      0.002    0.001   12463.0   17107.0    1.0
at_least_one_positive_image_by_area[134]   0.099  0.171   0.000    0.429      0.002    0.001   11627.0    7589.0    1.0
at_least_one_positive_image_by_area[135]   0.604  0.305   0.102    1.000      0.003    0.002    9412.0   11419.0    1.0
at_least_one_positive_image_by_area[136]   0.273  0.272   0.000    0.844      0.002    0.002   11787.0   14984.0    1.0
at_least_one_positive_image_by_area[137]   0.287  0.297   0.000    0.908      0.003    0.002    9671.0   16336.0    1.0
at_least_one_positive_image_by_area[138]   0.298  0.274   0.000    0.862      0.003    0.002   11773.0   14767.0    1.0
at_least_one_positive_image_by_area[139]   1.000  0.000   1.000    1.000      0.000    0.000   40000.0   40000.0    NaN
at_least_one_positive_image_by_area[140]   0.407  0.308   0.002    0.958      0.003    0.002   10492.0   14589.0    1.0
at_least_one_positive_image_by_area[141]   0.230  0.245   0.000    0.754      0.003    0.002    8509.0   13953.0    1.0
at_least_one_positive_image_by_area[142]   0.195  0.233   0.000    0.704      0.002    0.002   12520.0   13635.0    1.0
at_least_one_positive_image_by_area[143]   0.504  0.348   0.029    1.000      0.004    0.003    7914.0    6034.0    1.0
at_least_one_positive_image_by_area[144]   0.112  0.174   0.000    0.458      0.001    0.001   12107.0   17525.0    1.0
at_least_one_positive_image_by_area[145]   0.189  0.249   0.000    0.748      0.003    0.002   11882.0   14563.0    1.0
at_least_one_positive_image_by_area[146]   0.194  0.242   0.000    0.732      0.003    0.002    8203.0    9154.0    1.0
at_least_one_positive_image_by_area[147]   0.114  0.190   0.000    0.514      0.001    0.001   12747.0   19411.0    1.0
at_least_one_positive_image_by_area[148]   0.261  0.292   0.000    0.886      0.003    0.002    9774.0   17870.0    1.0
at_least_one_positive_image_by_area[149]   0.682  0.326   0.050    1.000      0.004    0.003    9700.0    8770.0    1.0
at_least_one_positive_image_by_area[150]   0.153  0.208   0.000    0.600      0.002    0.001    8940.0    4336.0    1.0
at_least_one_positive_image_by_area[151]   0.138  0.219   0.000    0.629      0.002    0.001   10391.0   10878.0    1.0
at_least_one_positive_image_by_area[152]   0.127  0.203   0.000    0.559      0.002    0.001    9592.0   13630.0    1.0
at_least_one_positive_image_by_area[153]   0.086  0.167   0.000    0.393      0.001    0.001    4851.0    2036.0    1.0
at_least_one_positive_image_by_area[154]   0.140  0.206   0.000    0.584      0.003    0.002    7863.0    4467.0    1.0
at_least_one_positive_image_by_area[155]   0.176  0.255   0.000    0.763      0.002    0.001    8571.0   10905.0    1.0
at_least_one_positive_image_by_area[156]   0.100  0.167   0.000    0.428      0.001    0.001   10742.0   14590.0    1.0
at_least_one_positive_image_by_area[157]   0.222  0.266   0.000    0.814      0.003    0.002   12068.0   15889.0    1.0
at_least_one_positive_image_by_area[158]   0.161  0.226   0.000    0.667      0.004    0.003    6814.0    2458.0    1.0
at_least_one_positive_image_by_area[159]   0.236  0.281   0.000    0.859      0.002    0.002   16329.0   16967.0    1.0
at_least_one_positive_image_by_area[160]   0.208  0.244   0.000    0.745      0.004    0.003    6829.0    2711.0    1.0
at_least_one_positive_image_by_area[161]   0.156  0.237   0.000    0.700      0.003    0.002   10371.0    8822.0    1.0
at_least_one_positive_image_by_area[162]   0.222  0.254   0.000    0.772      0.003    0.002    9824.0   13588.0    1.0
at_least_one_positive_image_by_area[163]   0.148  0.219   0.000    0.629      0.002    0.002    6684.0    3992.0    1.0
at_least_one_positive_image_by_area[164]   0.118  0.167   0.000    0.445      0.001    0.001   11679.0   15229.0    1.0
at_least_one_positive_image_by_area[165]   0.102  0.163   0.000    0.411      0.002    0.001    6396.0    3568.0    1.0
at_least_one_positive_image_by_area[166]   0.065  0.136   0.000    0.287      0.002    0.002    4406.0    3387.0    1.0
at_least_one_positive_image_by_area[167]   0.089  0.173   0.000    0.428      0.002    0.001    6685.0   14417.0    1.0
at_least_one_positive_image_by_area[168]   0.105  0.189   0.000    0.499      0.002    0.001    9435.0   16138.0    1.0
at_least_one_positive_image_by_area[169]   0.138  0.219   0.000    0.626      0.004    0.003    6506.0    2887.0    1.0
at_least_one_positive_image_by_area[170]   0.061  0.128   0.000    0.260      0.002    0.001    7197.0    8476.0    1.0
at_least_one_positive_image_by_area[171]   0.596  0.332   0.057    1.000      0.003    0.002   13965.0   15055.0    1.0
at_least_one_positive_image_by_area[172]   0.114  0.191   0.000    0.503      0.002    0.001    9478.0    9168.0    1.0
at_least_one_positive_image_by_area[173]   0.250  0.252   0.000    0.783      0.002    0.001   12148.0   10607.0    1.0
at_least_one_positive_image_by_area[174]   0.145  0.216   0.000    0.620      0.002    0.001   10558.0   12861.0    1.0
at_least_one_positive_image_by_area[175]   0.070  0.142   0.000    0.308      0.001    0.001   10731.0   11478.0    1.0
at_least_one_positive_image_by_area[176]   0.091  0.146   0.000    0.357      0.001    0.001   10171.0   13650.0    1.0
at_least_one_positive_image_by_area[177]   0.161  0.226   0.000    0.659      0.002    0.002    7750.0   10759.0    1.0
at_least_one_positive_image_by_area[178]   0.070  0.136   0.000    0.300      0.001    0.001    8781.0   11373.0    1.0
at_least_one_positive_image_by_area[179]   0.142  0.190   0.000    0.532      0.002    0.001   10838.0   12898.0    1.0
at_least_one_positive_image_by_area[180]   0.476  0.370   0.003    1.000      0.004    0.003    8232.0    6860.0    1.0
at_least_one_positive_image_by_area[181]   0.472  0.375   0.006    1.000      0.004    0.003    7481.0    9964.0    1.0
at_least_one_positive_image_by_area[182]   0.337  0.314   0.000    0.946      0.003    0.002    8583.0   10422.0    1.0
at_least_one_positive_image_by_area[183]   0.245  0.291   0.000    0.883      0.003    0.002    8813.0   11174.0    1.0
at_least_one_positive_image_by_area[184]   0.179  0.227   0.000    0.675      0.002    0.001    9846.0   13953.0    1.0
at_least_one_positive_image_by_area[185]   0.117  0.189   0.000    0.511      0.002    0.001    6294.0   13767.0    1.0
at_least_one_positive_image_by_area[186]   0.096  0.155   0.000    0.393      0.002    0.001    6935.0    9182.0    1.0
at_least_one_positive_image_by_area[187]   0.092  0.179   0.000    0.443      0.001    0.001    8541.0    6636.0    1.0
at_least_one_positive_image_by_area[188]   0.058  0.128   0.000    0.263      0.001    0.001    7477.0    8771.0    1.0
at_least_one_positive_image_by_area[189]   0.080  0.144   0.000    0.338      0.001    0.001    7448.0   10771.0    1.0
at_least_one_positive_image_by_area[190]   0.139  0.193   0.000    0.539      0.002    0.001    7765.0   11041.0    1.0
at_least_one_positive_image_by_area[191]   0.134  0.207   0.000    0.587      0.002    0.001    8904.0    5332.0    1.0
at_least_one_positive_image_by_area[192]   0.108  0.173   0.000    0.451      0.002    0.001    7573.0    7714.0    1.0
at_least_one_positive_image_by_area[193]   0.145  0.220   0.000    0.634      0.002    0.001    9745.0   11019.0    1.0
at_least_one_positive_image_by_area[194]   0.087  0.145   0.000    0.352      0.001    0.001    9253.0   11558.0    1.0
at_least_one_positive_image_by_area[195]   0.083  0.151   0.000    0.349      0.001    0.001    8846.0   14216.0    1.0
at_least_one_positive_image_by_area[196]   0.186  0.246   0.000    0.739      0.002    0.002   10357.0   15480.0    1.0
at_least_one_positive_image_by_area[197]   0.081  0.136   0.000    0.320      0.001    0.001   10634.0   17523.0    1.0
at_least_one_positive_image_by_area[198]   0.108  0.177   0.000    0.455      0.002    0.002    5931.0    5599.0    1.0
at_least_one_positive_image_by_area[199]   0.105  0.170   0.000    0.435      0.002    0.001    7996.0   12970.0    1.0
at_least_one_positive_image_by_area[200]   0.102  0.180   0.000    0.458      0.002    0.001   10159.0   14650.0    1.0
at_least_one_positive_image_by_area[201]   0.082  0.158   0.000    0.369      0.001    0.001    9327.0   11929.0    1.0
at_least_one_positive_image_by_area[202]   0.093  0.169   0.000    0.423      0.002    0.001    5518.0    8177.0    1.0
at_least_one_positive_image_by_area[203]   0.135  0.206   0.000    0.571      0.002    0.001    7681.0   11602.0    1.0
at_least_one_positive_image_by_area[204]   0.326  0.313   0.000    0.939      0.004    0.003    8187.0   12147.0    1.0
at_least_one_positive_image_by_area[205]   0.153  0.210   0.000    0.603      0.004    0.003    4231.0    2132.0    1.0
at_least_one_positive_image_by_area[206]   0.128  0.185   0.000    0.506      0.002    0.001    9943.0    9928.0    1.0
at_least_one_positive_image_by_area[207]   0.148  0.207   0.000    0.591      0.002    0.001    9882.0   13003.0    1.0
at_least_one_positive_image_by_area[208]   0.264  0.275   0.000    0.853      0.003    0.002   10314.0    9790.0    1.0
at_least_one_positive_image_by_area[209]   0.509  0.355   0.021    1.000      0.004    0.003    7787.0    3379.0    1.0
at_least_one_positive_image_by_area[210]   0.343  0.287   0.001    0.906      0.002    0.002   13630.0   15800.0    1.0
at_least_one_positive_image_by_area[211]   0.091  0.171   0.000    0.431      0.002    0.001    7492.0   10116.0    1.0
at_least_one_positive_image_by_area[212]   0.199  0.221   0.000    0.664      0.003    0.002    8158.0    8368.0    1.0
at_least_one_positive_image_by_area[213]   0.078  0.164   0.000    0.383      0.001    0.001   10889.0   17094.0    1.0
at_least_one_positive_image_by_area[214]   0.041  0.087   0.000    0.160      0.001    0.001    8135.0   10270.0    1.0
at_least_one_positive_image_by_area[215]   0.165  0.256   0.000    0.771      0.003    0.002    5580.0    8182.0    1.0
at_least_one_positive_image_by_area[216]   0.237  0.242   0.000    0.746      0.002    0.002   12319.0   14106.0    1.0
at_least_one_positive_image_by_area[217]   0.128  0.203   0.000    0.563      0.002    0.001    8596.0   12339.0    1.0
at_least_one_positive_image_by_area[218]   0.253  0.253   0.000    0.789      0.002    0.002    9244.0    5603.0    1.0
at_least_one_positive_image_by_area[219]   0.224  0.239   0.000    0.737      0.002    0.002    7316.0    4205.0    1.0
at_least_one_positive_image_by_area[220]   0.165  0.225   0.000    0.656      0.002    0.001   12636.0   15305.0    1.0
at_least_one_positive_image_by_area[221]   0.115  0.183   0.000    0.489      0.002    0.001   11685.0   12428.0    1.0
at_least_one_positive_image_by_area[222]   0.331  0.292   0.001    0.908      0.003    0.002    9746.0   12827.0    1.0
at_least_one_positive_image_by_area[223]   0.226  0.276   0.000    0.840      0.003    0.002   11895.0   16828.0    1.0
at_least_one_positive_image_by_area[224]   0.168  0.232   0.000    0.684      0.004    0.003    3875.0    2428.0    1.0
at_least_one_positive_image_by_area[225]   0.066  0.136   0.000    0.290      0.001    0.001    9529.0   10552.0    1.0
at_least_one_positive_image_by_area[226]   0.100  0.154   0.000    0.381      0.001    0.001    9993.0   14055.0    1.0
at_least_one_positive_image_by_area[227]   0.152  0.224   0.000    0.648      0.002    0.001   13072.0   17622.0    1.0
at_least_one_positive_image_by_area[228]   0.152  0.201   0.000    0.583      0.002    0.002    8032.0    4268.0    1.0
at_least_one_positive_image_by_area[229]   0.266  0.253   0.000    0.795      0.002    0.002   13858.0   10902.0    1.0
at_least_one_positive_image_by_area[230]   0.269  0.273   0.000    0.846      0.002    0.002   11905.0   14514.0    1.0
at_least_one_positive_image_by_area[231]   0.130  0.191   0.000    0.519      0.002    0.001   12212.0   15834.0    1.0
at_least_one_positive_image_by_area[232]   0.115  0.166   0.000    0.441      0.002    0.001   12210.0   11446.0    1.0
at_least_one_positive_image_by_area[233]   0.115  0.185   0.000    0.495      0.002    0.001    8698.0    3977.0    1.0
at_least_one_positive_image_by_area[234]   0.158  0.203   0.000    0.585      0.002    0.001   11789.0   12818.0    1.0
at_least_one_positive_image_by_area[235]   0.085  0.156   0.000    0.375      0.001    0.001   10196.0   10031.0    1.0
at_least_one_positive_image_by_area[236]   0.175  0.224   0.000    0.664      0.002    0.001   13400.0   12355.0    1.0
at_least_one_positive_image_by_area[237]   0.166  0.212   0.000    0.616      0.002    0.001   13193.0   13749.0    1.0
at_least_one_positive_image_by_area[238]   0.198  0.221   0.000    0.657      0.002    0.002    9815.0   14317.0    1.0
at_least_one_positive_image_by_area[239]   0.283  0.269   0.000    0.850      0.003    0.002   10332.0    4433.0    1.0
at_least_one_positive_image_by_area[240]   0.075  0.134   0.000    0.302      0.002    0.001    7512.0    5880.0    1.0
at_least_one_positive_image_by_area[241]   0.319  0.279   0.001    0.880      0.002    0.002   13970.0   16161.0    1.0
at_least_one_positive_image_by_area[242]   0.160  0.225   0.000    0.666      0.003    0.002    9614.0    4142.0    1.0
at_least_one_positive_image_by_area[243]   0.077  0.131   0.000    0.302      0.001    0.001   10070.0   14476.0    1.0
at_least_one_positive_image_by_area[244]   0.103  0.163   0.000    0.413      0.002    0.001    8037.0   11139.0    1.0
at_least_one_positive_image_by_area[245]   0.119  0.184   0.000    0.489      0.003    0.002    7143.0    3753.0    1.0
at_least_one_positive_image_by_area[246]   0.089  0.158   0.000    0.386      0.001    0.001   11358.0   15018.0    1.0
at_least_one_positive_image_by_area[247]   0.175  0.220   0.000    0.650      0.002    0.001   12469.0   15996.0    1.0
at_least_one_positive_image_by_area[248]   0.088  0.155   0.000    0.374      0.002    0.001    8677.0    5751.0    1.0
at_least_one_positive_image_by_area[249]   0.175  0.225   0.000    0.665      0.003    0.002    9193.0   10754.0    1.0
at_least_one_positive_image_by_area[250]   0.080  0.158   0.000    0.363      0.001    0.001    9307.0   13802.0    1.0
at_least_one_positive_image_by_area[251]   0.089  0.130   0.000    0.326      0.002    0.001    9807.0    7343.0    1.0
at_least_one_positive_image_by_area[252]   0.081  0.169   0.000    0.408      0.002    0.001    7651.0   12057.0    1.0
at_least_one_positive_image_by_area[253]   0.072  0.147   0.000    0.327      0.001    0.001    7464.0    4358.0    1.0
at_least_one_positive_image_by_area[254]   0.192  0.236   0.000    0.712      0.002    0.001   12896.0    9860.0    1.0
at_least_one_positive_image_by_area[255]   0.251  0.269   0.000    0.835      0.002    0.002    7024.0    2134.0    1.0
at_least_one_positive_image_by_area[256]   0.078  0.131   0.000    0.302      0.002    0.002    5104.0    2120.0    1.0
at_least_one_positive_image_by_area[257]   0.151  0.210   0.000    0.598      0.002    0.002    9759.0   15106.0    1.0
at_least_one_positive_image_by_area[258]   0.125  0.195   0.000    0.527      0.002    0.002    9812.0    9230.0    1.0
at_least_one_positive_image_by_area[259]   0.055  0.117   0.000    0.236      0.001    0.001   11862.0   14145.0    1.0
at_least_one_positive_image_by_area[260]   0.111  0.184   0.000    0.485      0.002    0.001    5567.0    2313.0    1.0
at_least_one_positive_image_by_area[261]   0.075  0.146   0.000    0.307      0.005    0.005    3754.0    1796.0    1.0
at_least_one_positive_image_by_area[262]   0.019  0.046   0.000    0.070      0.000    0.000    7620.0    9144.0    1.0
at_least_one_positive_image_by_area[263]   0.096  0.184   0.000    0.474      0.002    0.001    5223.0    3568.0    1.0
at_least_one_positive_image_by_area[264]   0.066  0.145   0.000    0.310      0.001    0.001    9382.0   16305.0    1.0
at_least_one_positive_image_by_area[265]   0.027  0.081   0.000    0.113      0.001    0.001    7740.0    2274.0    1.0
at_least_one_positive_image_by_area[266]   0.070  0.136   0.000    0.297      0.001    0.001    6961.0   11807.0    1.0
at_least_one_positive_image_by_area[267]   0.051  0.119   0.000    0.227      0.001    0.001    9332.0   13638.0    1.0
at_least_one_positive_image_by_area[268]   0.076  0.164   0.000    0.377      0.002    0.001    9035.0   16082.0    1.0
at_least_one_positive_image_by_area[269]   0.095  0.179   0.000    0.449      0.002    0.001    7226.0    7713.0    1.0
at_least_one_positive_image_by_area[270]   0.037  0.094   0.000    0.146      0.001    0.001    8439.0    5075.0    1.0
at_least_one_positive_image_by_area[271]   0.056  0.126   0.000    0.245      0.001    0.001    8342.0   14058.0    1.0
at_least_one_positive_image_by_area[272]   0.065  0.157   0.000    0.334      0.001    0.001    9981.0   14987.0    1.0
at_least_one_positive_image_by_area[273]   0.414  0.345   0.017    1.000      0.004    0.003    9214.0   16467.0    1.0
at_least_one_positive_image_by_area[274]   0.081  0.151   0.000    0.337      0.004    0.004    4843.0    2060.0    1.0
at_least_one_positive_image_by_area[275]   0.027  0.066   0.000    0.104      0.001    0.000    9079.0   14948.0    1.0
at_least_one_positive_image_by_area[276]   0.012  0.033   0.000    0.045      0.000    0.000    8801.0   13474.0    1.0
at_least_one_positive_image_by_area[277]   0.255  0.283   0.000    0.870      0.002    0.002   11041.0    6221.0    1.0
at_least_one_positive_image_by_area[278]   0.898  0.214   0.421    1.000      0.004    0.003    6494.0    2467.0    1.0
at_least_one_positive_image_by_area[279]   0.244  0.271   0.000    0.828      0.003    0.002    8167.0   11100.0    1.0
at_least_one_positive_image_by_area[280]   0.241  0.270   0.000    0.831      0.002    0.002    8099.0    2632.0    1.0
at_least_one_positive_image_by_area[281]   0.353  0.305   0.000    0.939      0.003    0.002   10250.0    7090.0    1.0
at_least_one_positive_image_by_area[282]   0.312  0.321   0.000    0.953      0.003    0.002    8641.0    4449.0    1.0
at_least_one_positive_image_by_area[283]   0.097  0.155   0.000    0.397      0.002    0.001    5964.0    6388.0    1.0
at_least_one_positive_image_by_area[284]   0.111  0.182   0.000    0.476      0.002    0.001    8452.0   11506.0    1.0
at_least_one_positive_image_by_area[285]   0.100  0.196   0.000    0.512      0.002    0.001   11675.0   12734.0    1.0
at_least_one_positive_image_by_area[286]   0.123  0.204   0.000    0.562      0.003    0.002    6675.0    3772.0    1.0
at_least_one_positive_image_by_area[287]   0.067  0.130   0.000    0.289      0.001    0.001    9347.0   17089.0    1.0
at_least_one_positive_image_by_area[288]   0.242  0.290   0.000    0.875      0.003    0.002    9807.0   15448.0    1.0
at_least_one_positive_image_by_area[289]   0.040  0.094   0.000    0.164      0.001    0.001    6450.0    2966.0    1.0
at_least_one_positive_image_by_area[290]   0.550  0.380   0.014    1.000      0.004    0.003    9664.0   12241.0    1.0
at_least_one_positive_image_by_area[291]   0.133  0.201   0.000    0.564      0.002    0.001   10286.0   15006.0    1.0
at_least_one_positive_image_by_area[292]   0.365  0.308   0.000    0.946      0.003    0.002   10562.0    6541.0    1.0
at_least_one_positive_image_by_area[293]   0.143  0.205   0.000    0.580      0.002    0.001    8018.0    2981.0    1.0
at_least_one_positive_image_by_area[294]   0.145  0.190   0.000    0.536      0.002    0.001    7093.0    5702.0    1.0
at_least_one_positive_image_by_area[295]   0.342  0.337   0.000    0.975      0.003    0.002   11246.0   10401.0    1.0
at_least_one_positive_image_by_area[296]   0.276  0.313   0.000    0.940      0.003    0.002    6936.0    5339.0    1.0
at_least_one_positive_image_by_area[297]   0.053  0.109   0.000    0.215      0.001    0.001   11365.0    7250.0    1.0
at_least_one_positive_image_by_area[298]   0.216  0.247   0.000    0.755      0.002    0.002   10762.0   10130.0    1.0
at_least_one_positive_image_by_area[299]   0.185  0.240   0.000    0.714      0.002    0.002    8765.0   10078.0    1.0
at_least_one_positive_image_by_area[300]   0.198  0.231   0.000    0.700      0.002    0.002    5326.0    3020.0    1.0
at_least_one_positive_image_by_area[301]   0.207  0.255   0.000    0.774      0.004    0.004    5269.0    2301.0    1.0
at_least_one_positive_image_by_area[302]   0.151  0.210   0.000    0.600      0.002    0.001   12008.0   13024.0    1.0
at_least_one_positive_image_by_area[303]   0.189  0.222   0.000    0.660      0.002    0.001   12729.0   13853.0    1.0
at_least_one_positive_image_by_area[304]   0.084  0.137   0.000    0.328      0.001    0.001   11421.0   16169.0    1.0
at_least_one_positive_image_by_area[305]   0.212  0.245   0.000    0.741      0.002    0.002    8275.0   11140.0    1.0
at_least_one_positive_image_by_area[306]   0.201  0.248   0.000    0.753      0.002    0.001   13323.0   16141.0    1.0
at_least_one_positive_image_by_area[307]   0.161  0.220   0.000    0.646      0.005    0.004    4727.0    1690.0    1.0
at_least_one_positive_image_by_area[308]   0.140  0.203   0.000    0.568      0.002    0.001    9397.0   13828.0    1.0
at_least_one_positive_image_by_area[309]   0.206  0.249   0.000    0.754      0.002    0.002   12404.0   13410.0    1.0
at_least_one_positive_image_by_area[310]   0.300  0.328   0.000    0.962      0.003    0.002    9631.0   14336.0    1.0
at_least_one_positive_image_by_area[311]   0.173  0.226   0.000    0.673      0.002    0.002    9784.0   13185.0    1.0
at_least_one_positive_image_by_area[312]   0.178  0.227   0.000    0.668      0.002    0.002    9362.0   12866.0    1.0
at_least_one_positive_image_by_area[313]   0.126  0.184   0.000    0.499      0.001    0.001   13247.0   16284.0    1.0
at_least_one_positive_image_by_area[314]   0.317  0.295   0.000    0.918      0.002    0.002   13647.0   10866.0    1.0
at_least_one_positive_image_by_area[315]   0.195  0.236   0.000    0.708      0.002    0.001   13202.0   14431.0    1.0
at_least_one_positive_image_by_area[316]   0.122  0.185   0.000    0.498      0.002    0.001    8443.0    8466.0    1.0
at_least_one_positive_image_by_area[317]   0.152  0.206   0.000    0.590      0.002    0.001   10787.0   12597.0    1.0
at_least_one_positive_image_by_area[318]   0.169  0.234   0.000    0.693      0.002    0.001   14024.0   16934.0    1.0
at_least_one_positive_image_by_area[319]   0.108  0.174   0.000    0.458      0.003    0.002    6749.0    5235.0    1.0
at_least_one_positive_image_by_area[320]   0.244  0.264   0.000    0.819      0.004    0.004    4368.0    2224.0    1.0
at_least_one_positive_image_by_area[321]   0.193  0.210   0.000    0.629      0.002    0.001   10215.0   16099.0    1.0
at_least_one_positive_image_by_area[322]   0.133  0.206   0.000    0.573      0.002    0.001    9436.0   16350.0    1.0
at_least_one_positive_image_by_area[323]   0.203  0.247   0.000    0.746      0.003    0.002    9014.0   15749.0    1.0
at_least_one_positive_image_by_area[324]   0.290  0.269   0.000    0.851      0.002    0.002   11739.0   15657.0    1.0
at_least_one_positive_image_by_area[325]   0.078  0.146   0.000    0.332      0.001    0.001    9867.0   16401.0    1.0
at_least_one_positive_image_by_area[326]   0.105  0.168   0.000    0.427      0.002    0.001    9083.0   12496.0    1.0
at_least_one_positive_image_by_area[327]   0.181  0.226   0.000    0.673      0.002    0.001   12451.0   11048.0    1.0
at_least_one_positive_image_by_area[328]   0.565  0.393   0.003    1.000      0.005    0.004    4697.0    2663.0    1.0
at_least_one_positive_image_by_area[329]   0.074  0.154   0.000    0.354      0.001    0.001    4998.0    7829.0    1.0
at_least_one_positive_image_by_area[330]   0.185  0.235   0.000    0.705      0.002    0.001   10262.0    3819.0    1.0
at_least_one_positive_image_by_area[331]   0.115  0.195   0.000    0.526      0.002    0.001    8015.0    8776.0    1.0
at_least_one_positive_image_by_area[332]   0.275  0.295   0.000    0.897      0.003    0.002   11263.0   18230.0    1.0
at_least_one_positive_image_by_area[333]   0.095  0.167   0.000    0.414      0.002    0.001    7528.0   11416.0    1.0
at_least_one_positive_image_by_area[334]   0.098  0.191   0.000    0.503      0.002    0.001    7620.0    5277.0    1.0
at_least_one_positive_image_by_area[335]   0.081  0.179   0.000    0.432      0.002    0.001    8609.0    7918.0    1.0
at_least_one_positive_image_by_area[336]   0.086  0.172   0.000    0.418      0.001    0.001    8207.0   12005.0    1.0
at_least_one_positive_image_by_area[337]   0.136  0.222   0.000    0.637      0.002    0.001    4618.0    2143.0    1.0
at_least_one_positive_image_by_area[338]   0.134  0.224   0.000    0.647      0.002    0.001   14140.0   16751.0    1.0
at_least_one_positive_image_by_area[339]   0.126  0.203   0.000    0.558      0.002    0.001    8422.0   17337.0    1.0
at_least_one_positive_image_by_area[340]   0.149  0.212   0.000    0.606      0.002    0.001    6592.0    2225.0    1.0
at_least_one_positive_image_by_area[341]   0.164  0.223   0.000    0.648      0.003    0.002    7697.0   11033.0    1.0
at_least_one_positive_image_by_area[342]   0.159  0.212   0.000    0.610      0.002    0.001    9610.0   13884.0    1.0
at_least_one_positive_image_by_area[343]   0.130  0.215   0.000    0.609      0.002    0.001   10974.0   14877.0    1.0
at_least_one_positive_image_by_area[344]   0.118  0.203   0.000    0.554      0.002    0.001    9422.0   12867.0    1.0
at_least_one_positive_image_by_area[345]   0.204  0.256   0.000    0.774      0.002    0.002   12841.0   14474.0    1.0
at_least_one_positive_image_by_area[346]   1.000  0.000   1.000    1.000      0.000    0.000   40000.0   40000.0    NaN
at_least_one_positive_image_by_area[347]   0.224  0.260   0.000    0.794      0.003    0.002   10365.0   13882.0    1.0
at_least_one_positive_image_by_area[348]   0.138  0.213   0.000    0.600      0.002    0.001   11763.0   16995.0    1.0
at_least_one_positive_image_by_area[349]   0.128  0.187   0.000    0.514      0.002    0.001    5468.0    2256.0    1.0
at_least_one_positive_image_by_area[350]   0.170  0.222   0.000    0.661      0.002    0.001    9649.0   13961.0    1.0
at_least_one_positive_image_by_area[351]   0.229  0.255   0.000    0.788      0.002    0.002    9701.0   15162.0    1.0
at_least_one_positive_image_by_area[352]   0.097  0.162   0.000    0.395      0.002    0.001    5828.0    2068.0    1.0
at_least_one_positive_image_by_area[353]   0.217  0.256   0.000    0.787      0.002    0.002   12088.0   15412.0    1.0
at_least_one_positive_image_by_area[354]   0.105  0.176   0.000    0.453      0.002    0.001    9066.0   12758.0    1.0
at_least_one_positive_image_by_area[355]   0.223  0.255   0.000    0.776      0.003    0.002    9853.0   13349.0    1.0
at_least_one_positive_image_by_area[356]   0.231  0.263   0.000    0.810      0.002    0.002    3802.0    1905.0    1.0
at_least_one_positive_image_by_area[357]   0.269  0.274   0.000    0.852      0.003    0.002   12724.0    6943.0    1.0
at_least_one_positive_image_by_area[358]   0.174  0.229   0.000    0.674      0.002    0.001   14110.0   16515.0    1.0
at_least_one_positive_image_by_area[359]   0.164  0.222   0.000    0.656      0.002    0.001   11255.0   13309.0    1.0
at_least_one_positive_image_by_area[360]   0.189  0.232   0.000    0.700      0.002    0.001   10790.0   15412.0    1.0
at_least_one_positive_image_by_area[361]   0.177  0.233   0.000    0.693      0.002    0.001    9992.0   13924.0    1.0
at_least_one_positive_image_by_area[362]   0.108  0.184   0.000    0.489      0.002    0.001   11332.0   10435.0    1.0
at_least_one_positive_image_by_area[363]   0.630  0.355   0.047    1.000      0.004    0.003   11194.0    8776.0    1.0
at_least_one_positive_image_by_area[364]   0.056  0.117   0.000    0.235      0.001    0.001    5524.0    1990.0    1.0
at_least_one_positive_image_by_area[365]   0.164  0.212   0.000    0.611      0.004    0.004    4761.0    2229.0    1.0
at_least_one_positive_image_by_area[366]   0.211  0.250   0.000    0.759      0.002    0.001   11004.0    5296.0    1.0
at_least_one_positive_image_by_area[367]   0.719  0.321   0.094    1.000      0.003    0.002   12421.0   15798.0    1.0
at_least_one_positive_image_by_area[368]   0.198  0.230   0.000    0.691      0.002    0.001   14576.0   18450.0    1.0
at_least_one_positive_image_by_area[369]   0.049  0.123   0.000    0.227      0.001    0.001    6757.0    2039.0    1.0
at_least_one_positive_image_by_area[370]   0.039  0.089   0.000    0.157      0.001    0.001    3893.0    2105.0    1.0
at_least_one_positive_image_by_area[371]   0.046  0.117   0.000    0.201      0.001    0.001    8085.0    3925.0    1.0
at_least_one_positive_image_by_area[372]   0.120  0.204   0.000    0.568      0.003    0.002    6413.0    4427.0    1.0
at_least_one_positive_image_by_area[373]   0.087  0.165   0.000    0.408      0.001    0.001   10480.0   10644.0    1.0
at_least_one_positive_image_by_area[374]   0.421  0.339   0.018    1.000      0.004    0.003    7832.0   14183.0    1.0
at_least_one_positive_image_by_area[375]   0.084  0.142   0.000    0.337      0.001    0.001    4255.0    2177.0    1.0
at_least_one_positive_image_by_area[376]   0.097  0.166   0.000    0.415      0.002    0.001    7857.0   10979.0    1.0
at_least_one_positive_image_by_area[377]   0.056  0.123   0.000    0.246      0.001    0.001   12226.0   15485.0    1.0
at_least_one_positive_image_by_area[378]   0.156  0.200   0.000    0.575      0.002    0.001    8291.0   11570.0    1.0
at_least_one_positive_image_by_area[379]   1.000  0.000   1.000    1.000      0.000    0.000   40000.0   40000.0    NaN
at_least_one_positive_image_by_area[380]   0.084  0.137   0.000    0.329      0.001    0.001   11158.0   18313.0    1.0
at_least_one_positive_image_by_area[381]   0.065  0.122   0.000    0.261      0.001    0.001    9724.0   14189.0    1.0
at_least_one_positive_image_by_area[382]   0.121  0.187   0.000    0.503      0.002    0.002    5169.0    3615.0    1.0
at_least_one_positive_image_by_area[383]   0.230  0.258   0.000    0.789      0.002    0.002    6614.0    3783.0    1.0
at_least_one_positive_image_by_area[384]   0.093  0.157   0.000    0.387      0.001    0.001   10781.0   13526.0    1.0
at_least_one_positive_image_by_area[385]   0.117  0.185   0.000    0.492      0.002    0.001    4597.0    1994.0    1.0
at_least_one_positive_image_by_area[386]   0.173  0.257   0.000    0.780      0.002    0.002    9823.0   17428.0    1.0
at_least_one_positive_image_by_area[387]   0.045  0.098   0.000    0.176      0.001    0.001    9376.0   11468.0    1.0
at_least_one_positive_image_by_area[388]   0.088  0.165   0.000    0.406      0.001    0.001    5630.0    2024.0    1.0
at_least_one_positive_image_by_area[389]   0.315  0.290   0.000    0.904      0.003    0.002   12899.0   15588.0    1.0
at_least_one_positive_image_by_area[390]   0.050  0.113   0.000    0.215      0.001    0.001    6176.0    9363.0    1.0
at_least_one_positive_image_by_area[391]   0.350  0.320   0.000    0.960      0.003    0.002   10209.0   14002.0    1.0
at_least_one_positive_image_by_area[392]   0.106  0.189   0.000    0.503      0.002    0.001    8223.0   11123.0    1.0
at_least_one_positive_image_by_area[393]   0.301  0.278   0.000    0.872      0.002    0.002   11767.0   12547.0    1.0
at_least_one_positive_image_by_area[394]   0.405  0.306   0.003    0.957      0.003    0.002   14216.0   13387.0    1.0
at_least_one_positive_image_by_area[395]   0.122  0.206   0.000    0.564      0.002    0.001   10170.0   15796.0    1.0
at_least_one_positive_image_by_area[396]   0.930  0.164   0.639    1.000      0.002    0.001   10396.0    8166.0    1.0
at_least_one_positive_image_by_area[397]   0.154  0.252   0.000    0.769      0.004    0.003    5718.0    4396.0    1.0
at_least_one_positive_image_by_area[398]   0.261  0.273   0.000    0.839      0.002    0.002   13301.0   19632.0    1.0
at_least_one_positive_image_by_area[399]   0.115  0.209   0.000    0.577      0.002    0.001    7029.0    5283.0    1.0
at_least_one_positive_image_by_area[400]   0.124  0.187   0.000    0.503      0.002    0.001   12164.0   12543.0    1.0
at_least_one_positive_image_by_area[401]   0.180  0.221   0.000    0.655      0.002    0.001    8034.0    9943.0    1.0
at_least_one_positive_image_by_area[402]   0.080  0.168   0.000    0.395      0.002    0.001    7109.0   15152.0    1.0
at_least_one_positive_image_by_area[403]   0.199  0.223   0.000    0.670      0.002    0.001   10649.0   12310.0    1.0
at_least_one_positive_image_by_area[404]   0.056  0.117   0.000    0.231      0.001    0.001    6405.0   12410.0    1.0
at_least_one_positive_image_by_area[405]   0.100  0.162   0.000    0.407      0.002    0.001    6755.0    4097.0    1.0
at_least_one_positive_image_by_area[406]   0.143  0.212   0.000    0.604      0.002    0.001    8446.0   10840.0    1.0
at_least_one_positive_image_by_area[407]   0.147  0.207   0.000    0.594      0.002    0.001    4988.0    2252.0    1.0
at_least_one_positive_image_by_area[408]   0.056  0.114   0.000    0.230      0.001    0.001    8421.0   12047.0    1.0
at_least_one_positive_image_by_area[409]   0.113  0.174   0.000    0.454      0.002    0.001    6422.0    6337.0    1.0
at_least_one_positive_image_by_area[410]   0.063  0.137   0.000    0.280      0.002    0.001    6895.0   11358.0    1.0
at_least_one_positive_image_by_area[411]   0.089  0.141   0.000    0.343      0.001    0.001   11553.0   16718.0    1.0
at_least_one_positive_image_by_area[412]   0.061  0.133   0.000    0.282      0.001    0.001    9512.0   14983.0    1.0
at_least_one_positive_image_by_area[413]   0.174  0.225   0.000    0.664      0.002    0.001   14943.0   16596.0    1.0
at_least_one_positive_image_by_area[414]   0.096  0.162   0.000    0.400      0.002    0.001    8216.0    9237.0    1.0
at_least_one_positive_image_by_area[415]   0.123  0.187   0.000    0.507      0.002    0.001   10377.0   13413.0    1.0
at_least_one_positive_image_by_area[416]   0.092  0.162   0.000    0.394      0.001    0.001    8414.0    3712.0    1.0
at_least_one_positive_image_by_area[417]   0.081  0.154   0.000    0.364      0.002    0.001    8869.0   14347.0    1.0
at_least_one_positive_image_by_area[418]   0.136  0.196   0.000    0.546      0.001    0.001   12190.0    7217.0    1.0
at_least_one_positive_image_by_area[419]   0.101  0.167   0.000    0.420      0.001    0.001   11943.0   11781.0    1.0
at_least_one_positive_image_by_area[420]   0.132  0.207   0.000    0.577      0.003    0.002    7679.0   13413.0    1.0
at_least_one_positive_image_by_area[421]   0.138  0.189   0.000    0.529      0.003    0.002    8055.0    9596.0    1.0
at_least_one_positive_image_by_area[422]   0.191  0.241   0.000    0.721      0.002    0.001    7852.0    4127.0    1.0
at_least_one_positive_image_by_area[423]   0.046  0.105   0.000    0.191      0.001    0.001   11768.0   18910.0    1.0
at_least_one_positive_image_by_area[424]   0.164  0.230   0.000    0.677      0.002    0.001   12153.0   15497.0    1.0
at_least_one_positive_image_by_area[425]   0.084  0.138   0.000    0.328      0.001    0.001   10073.0   12412.0    1.0
at_least_one_positive_image_by_area[426]   0.175  0.224   0.000    0.660      0.002    0.002   10997.0   15043.0    1.0
at_least_one_positive_image_by_area[427]   0.127  0.193   0.000    0.528      0.002    0.001   11787.0   11053.0    1.0
at_least_one_positive_image_by_area[428]   0.054  0.114   0.000    0.224      0.001    0.001   11884.0   16992.0    1.0
at_least_one_positive_image_by_area[429]   0.072  0.136   0.000    0.300      0.001    0.001    9997.0   10709.0    1.0
at_least_one_positive_image_by_area[430]   0.167  0.209   0.000    0.606      0.002    0.002    9794.0   10251.0    1.0
at_least_one_positive_image_by_area[431]   0.137  0.208   0.000    0.583      0.002    0.001   12075.0   18854.0    1.0
at_least_one_positive_image_by_area[432]   0.176  0.235   0.000    0.692      0.002    0.001   11445.0   14458.0    1.0
at_least_one_positive_image_by_area[433]   0.278  0.315   0.000    0.940      0.003    0.002   10664.0   10225.0    1.0
at_least_one_positive_image_by_area[434]   0.058  0.115   0.000    0.239      0.001    0.001   10764.0   14956.0    1.0
at_least_one_positive_image_by_area[435]   0.047  0.103   0.000    0.188      0.001    0.001   11089.0   16037.0    1.0
at_least_one_positive_image_by_area[436]   0.042  0.096   0.000    0.164      0.001    0.001   10035.0   13333.0    1.0
at_least_one_positive_image_by_area[437]   0.100  0.189   0.000    0.489      0.002    0.001    8828.0    7331.0    1.0
at_least_one_positive_image_by_area[438]   0.121  0.199   0.000    0.538      0.002    0.001   10062.0   17772.0    1.0
at_least_one_positive_image_by_area[439]   0.111  0.176   0.000    0.463      0.002    0.001   11146.0   13345.0    1.0
at_least_one_positive_image_by_area[440]   0.123  0.190   0.000    0.511      0.002    0.001    9837.0    7516.0    1.0
at_least_one_positive_image_by_area[441]   0.116  0.191   0.000    0.517      0.002    0.001    7857.0   12533.0    1.0
at_least_one_positive_image_by_area[442]   0.089  0.170   0.000    0.428      0.001    0.001    9267.0    9792.0    1.0
at_least_one_positive_image_by_area[443]   0.097  0.176   0.000    0.446      0.002    0.001    7658.0    5466.0    1.0
at_least_one_positive_image_by_area[444]   0.073  0.139   0.000    0.312      0.001    0.001    8885.0   13320.0    1.0
at_least_one_positive_image_by_area[445]   0.094  0.160   0.000    0.398      0.001    0.001   10427.0   16115.0    1.0
at_least_one_positive_image_by_area[446]   0.125  0.204   0.000    0.569      0.002    0.001    9195.0   11646.0    1.0
at_least_one_positive_image_by_area[447]   0.229  0.303   0.000    0.915      0.004    0.003    7035.0    7696.0    1.0
at_least_one_positive_image_by_area[448]   0.073  0.138   0.000    0.308      0.001    0.001   10311.0   14671.0    1.0
at_least_one_positive_image_by_area[449]   0.149  0.223   0.000    0.641      0.002    0.002    7882.0   13779.0    1.0
at_least_one_positive_image_by_area[450]   0.091  0.175   0.000    0.425      0.003    0.002    5622.0    5721.0    1.0
at_least_one_positive_image_by_area[451]   0.103  0.174   0.000    0.442      0.002    0.001    9835.0   14817.0    1.0
at_least_one_positive_image_by_area[452]   0.074  0.141   0.000    0.318      0.001    0.001    9577.0   13725.0    1.0
at_least_one_positive_image_by_area[453]   0.091  0.167   0.000    0.398      0.004    0.004    4585.0    2057.0    1.0
at_least_one_positive_image_by_area[454]   0.055  0.120   0.000    0.231      0.001    0.001    7492.0    8819.0    1.0
at_least_one_positive_image_by_area[455]   0.078  0.163   0.000    0.379      0.002    0.002    6846.0    9973.0    1.0
at_least_one_positive_image_by_area[456]   0.043  0.098   0.000    0.174      0.001    0.001    6682.0   14745.0    1.0
at_least_one_positive_image_by_area[457]   0.056  0.117   0.000    0.235      0.003    0.003    3701.0    1826.0    1.0
at_least_one_positive_image_by_area[458]   0.200  0.290   0.000    0.872      0.004    0.003    7201.0   14483.0    1.0
at_least_one_positive_image_by_area[459]   0.053  0.114   0.000    0.222      0.001    0.001    9168.0   11812.0    1.0
at_least_one_positive_image_by_area[460]   0.069  0.132   0.000    0.302      0.002    0.001    5999.0    5838.0    1.0
at_least_one_positive_image_by_area[461]   0.055  0.110   0.000    0.227      0.001    0.001    5305.0    6266.0    1.0
at_least_one_positive_image_by_area[462]   0.042  0.104   0.000    0.178      0.003    0.002    4559.0    1959.0    1.0
at_least_one_positive_image_by_area[463]   0.019  0.053   0.000    0.071      0.000    0.000    7191.0   12588.0    1.0
at_least_one_positive_image_by_area[464]   0.033  0.078   0.000    0.124      0.001    0.000    9567.0    9783.0    1.0
at_least_one_positive_image_by_area[465]   0.052  0.118   0.000    0.233      0.001    0.001    9541.0   16188.0    1.0
at_least_one_positive_image_by_area[466]   0.166  0.242   0.000    0.722      0.003    0.002    7333.0   10159.0    1.0
at_least_one_positive_image_by_area[467]   0.079  0.138   0.000    0.326      0.003    0.002    5060.0    2286.0    1.0
at_least_one_positive_image_by_area[468]   0.092  0.156   0.000    0.380      0.002    0.001    7610.0   12415.0    1.0
at_least_one_positive_image_by_area[469]   0.050  0.108   0.000    0.214      0.001    0.001    6836.0    3578.0    1.0
at_least_one_positive_image_by_area[470]   0.084  0.163   0.000    0.387      0.001    0.001   10912.0   12996.0    1.0
at_least_one_positive_image_by_area[471]   0.263  0.274   0.000    0.848      0.003    0.002   10596.0   11765.0    1.0
at_least_one_positive_image_by_area[472]   0.287  0.275   0.000    0.856      0.003    0.002    9810.0   16934.0    1.0
at_least_one_positive_image_by_area[473]   0.194  0.226   0.000    0.672      0.003    0.002   10765.0    7901.0    1.0
at_least_one_positive_image_by_area[474]   0.171  0.219   0.000    0.639      0.002    0.002    9286.0    8748.0    1.0
at_least_one_positive_image_by_area[475]   0.293  0.277   0.000    0.863      0.003    0.002   10666.0   17324.0    1.0
at_least_one_positive_image_by_area[476]   0.365  0.294   0.001    0.931      0.003    0.002   11087.0    8502.0    1.0
at_least_one_positive_image_by_area[477]   0.181  0.229   0.000    0.681      0.002    0.001   13019.0   18290.0    1.0
at_least_one_positive_image_by_area[478]   0.241  0.276   0.000    0.843      0.003    0.002   11248.0    7989.0    1.0
at_least_one_positive_image_by_area[479]   0.310  0.337   0.000    0.973      0.005    0.004    5519.0    7239.0    1.0
at_least_one_positive_image_by_area[480]   0.095  0.166   0.000    0.418      0.001    0.001    8854.0   13755.0    1.0
at_least_one_positive_image_by_area[481]   0.226  0.256   0.000    0.793      0.002    0.002   11116.0   10871.0    1.0
at_least_one_positive_image_by_area[482]   0.190  0.247   0.000    0.743      0.003    0.002    9011.0   13023.0    1.0
at_least_one_positive_image_by_area[483]   1.000  0.000   1.000    1.000      0.000    0.000   40000.0   40000.0    NaN
at_least_one_positive_image_by_area[484]   0.124  0.179   0.000    0.485      0.002    0.001    6907.0    3672.0    1.0
at_least_one_positive_image_by_area[485]   0.065  0.117   0.000    0.252      0.001    0.001   11742.0   15140.0    1.0
at_least_one_positive_image_by_area[486]   0.058  0.132   0.000    0.266      0.001    0.001    7712.0    6315.0    1.0
at_least_one_positive_image_by_area[487]   0.109  0.188   0.000    0.491      0.002    0.001    8704.0   14228.0    1.0
at_least_one_positive_image_by_area[488]   0.307  0.324   0.000    0.961      0.003    0.002   10615.0   17540.0    1.0
at_least_one_positive_image_by_area[489]   0.095  0.159   0.000    0.394      0.001    0.001   12578.0   15044.0    1.0
at_least_one_positive_image_by_area[490]   0.157  0.203   0.000    0.584      0.002    0.001   10941.0   14618.0    1.0
at_least_one_positive_image_by_area[491]   0.196  0.236   0.000    0.717      0.002    0.002   11176.0   11311.0    1.0
at_least_one_positive_image_by_area[492]   0.126  0.199   0.000    0.550      0.002    0.001    8377.0   13632.0    1.0
at_least_one_positive_image_by_area[493]   0.436  0.351   0.016    1.000      0.004    0.003    7933.0    2807.0    1.0
at_least_one_positive_image_by_area[494]   0.078  0.148   0.000    0.353      0.002    0.001    7595.0    8044.0    1.0
at_least_one_positive_image_by_area[495]   0.069  0.139   0.000    0.309      0.001    0.001    9195.0    9377.0    1.0
at_least_one_positive_image_by_area[496]   0.159  0.209   0.000    0.606      0.002    0.001   11261.0   12963.0    1.0
at_least_one_positive_image_by_area[497]   0.349  0.315   0.000    0.954      0.004    0.003    5929.0    1997.0    1.0
at_least_one_positive_image_by_area[498]   0.178  0.202   0.000    0.593      0.002    0.002    8422.0   15319.0    1.0
at_least_one_positive_image_by_area[499]   0.075  0.134   0.000    0.305      0.001    0.001   10200.0   13027.0    1.0
at_least_one_positive_image_by_area[500]   0.090  0.158   0.000    0.386      0.002    0.001    5603.0    6436.0    1.0
at_least_one_positive_image_by_area[501]   0.042  0.098   0.000    0.174      0.001    0.001    5947.0    7354.0    1.0
at_least_one_positive_image_by_area[502]   0.071  0.132   0.000    0.287      0.001    0.001    6571.0    2187.0    1.0
at_least_one_positive_image_by_area[503]   0.091  0.160   0.000    0.388      0.001    0.001    9135.0   16352.0    1.0
at_least_one_positive_image_by_area[504]   0.043  0.103   0.000    0.178      0.001    0.001    9314.0   14263.0    1.0
at_least_one_positive_image_by_area[505]   0.478  0.337   0.030    1.000      0.004    0.003    8494.0    6250.0    1.0
at_least_one_positive_image_by_area[506]   0.165  0.215   0.000    0.632      0.002    0.002    5809.0    2191.0    1.0
at_least_one_positive_image_by_area[507]   0.041  0.099   0.000    0.169      0.001    0.001    8220.0   13817.0    1.0
at_least_one_positive_image_by_area[508]   0.098  0.143   0.000    0.364      0.001    0.001    8890.0    8427.0    1.0
at_least_one_positive_image_by_area[509]   0.095  0.166   0.000    0.410      0.003    0.002    7019.0    2421.0    1.0
at_least_one_positive_image_by_area[510]   0.069  0.139   0.000    0.305      0.001    0.001    8753.0    5580.0    1.0
at_least_one_positive_image_by_area[511]   0.065  0.136   0.000    0.286      0.001    0.001    9582.0   15039.0    1.0
at_least_one_positive_image_by_area[512]   0.080  0.159   0.000    0.375      0.003    0.002    5584.0    2135.0    1.0
at_least_one_positive_image_by_area[513]   0.067  0.129   0.000    0.276      0.001    0.001    9635.0   13205.0    1.0
at_least_one_positive_image_by_area[514]   0.137  0.196   0.000    0.541      0.002    0.001   10939.0   15643.0    1.0
at_least_one_positive_image_by_area[515]   0.082  0.150   0.000    0.353      0.001    0.001    5106.0    3869.0    1.0
at_least_one_positive_image_by_area[516]   0.343  0.340   0.000    0.972      0.004    0.003    5034.0    3373.0    1.0
at_least_one_positive_image_by_area[517]   0.053  0.108   0.000    0.212      0.001    0.001    7947.0   13888.0    1.0
at_least_one_positive_image_by_area[518]   0.114  0.181   0.000    0.477      0.002    0.001    8213.0    4107.0    1.0
at_least_one_positive_image_by_area[519]   0.195  0.247   0.000    0.745      0.002    0.001   11893.0   11204.0    1.0
at_least_one_positive_image_by_area[520]   0.245  0.276   0.000    0.849      0.003    0.002    6877.0    2388.0    1.0
at_least_one_positive_image_by_area[521]   0.092  0.168   0.000    0.414      0.002    0.002    6853.0    6630.0    1.0
at_least_one_positive_image_by_area[522]   0.125  0.202   0.000    0.562      0.003    0.002    8013.0    5059.0    1.0
at_least_one_positive_image_by_area[523]   0.310  0.294   0.000    0.913      0.003    0.002    6583.0    3221.0    1.0
at_least_one_positive_image_by_area[524]   0.106  0.155   0.000    0.399      0.001    0.001   10552.0   15400.0    1.0
at_least_one_positive_image_by_area[525]   0.127  0.192   0.000    0.526      0.002    0.001    9319.0   16101.0    1.0
at_least_one_positive_image_by_area[526]   0.098  0.163   0.000    0.410      0.002    0.001   11055.0   11864.0    1.0
at_least_one_positive_image_by_area[527]   0.312  0.280   0.000    0.879      0.003    0.002   11009.0   12246.0    1.0
at_least_one_positive_image_by_area[528]   0.039  0.081   0.000    0.147      0.001    0.001    4885.0    1902.0    1.0
at_least_one_positive_image_by_area[529]   0.191  0.252   0.000    0.773      0.004    0.003    6758.0    2983.0    1.0
at_least_one_positive_image_by_area[530]   1.000  0.000   1.000    1.000      0.000    0.000   40000.0   40000.0    NaN
at_least_one_positive_image_by_area[531]   0.122  0.204   0.000    0.562      0.002    0.001    9527.0   11053.0    1.0
at_least_one_positive_image_by_area[532]   0.149  0.214   0.000    0.616      0.002    0.001   11328.0   16336.0    1.0
at_least_one_positive_image_by_area[533]   0.091  0.153   0.000    0.373      0.001    0.001    6991.0    9315.0    1.0
at_least_one_positive_image_by_area[534]   0.141  0.198   0.000    0.554      0.002    0.001    7371.0   10956.0    1.0
at_least_one_positive_image_by_area[535]   0.181  0.228   0.000    0.679      0.002    0.002    9368.0    8477.0    1.0
at_least_one_positive_image_by_area[536]   0.047  0.099   0.000    0.184      0.001    0.001    7241.0    9861.0    1.0
at_least_one_positive_image_by_area[537]   0.295  0.280   0.000    0.870      0.003    0.002   10982.0   16646.0    1.0
at_least_one_positive_image_by_area[538]   0.177  0.227   0.000    0.670      0.002    0.002    8790.0    9069.0    1.0
at_least_one_positive_image_by_area[539]   0.135  0.203   0.000    0.567      0.002    0.001   10526.0   13392.0    1.0
at_least_one_positive_image_by_area[540]   0.194  0.241   0.000    0.722      0.003    0.002   10707.0   11423.0    1.0
at_least_one_positive_image_by_area[541]   0.026  0.063   0.000    0.097      0.001    0.000    8434.0   10130.0    1.0
at_least_one_positive_image_by_area[542]   0.202  0.251   0.000    0.761      0.002    0.001    5717.0    2354.0    1.0
at_least_one_positive_image_by_area[543]   0.173  0.248   0.000    0.739      0.003    0.002    5529.0    4401.0    1.0
at_least_one_positive_image_by_area[544]   0.144  0.192   0.000    0.535      0.002    0.001   11583.0   12343.0    1.0
at_least_one_positive_image_by_area[545]   0.126  0.165   0.000    0.445      0.001    0.001    9776.0    6322.0    1.0
at_least_one_positive_image_by_area[546]   0.139  0.191   0.000    0.529      0.002    0.001   10827.0    9427.0    1.0
at_least_one_positive_image_by_area[547]   0.177  0.216   0.000    0.641      0.002    0.002    7324.0   12285.0    1.0
at_least_one_positive_image_by_area[548]   0.287  0.269   0.000    0.840      0.002    0.002   11539.0   13499.0    1.0
at_least_one_positive_image_by_area[549]   0.153  0.233   0.000    0.684      0.003    0.002    6640.0    9390.0    1.0
at_least_one_positive_image_by_area[550]   0.155  0.210   0.000    0.607      0.002    0.002    9659.0    7090.0    1.0
at_least_one_positive_image_by_area[551]   0.071  0.146   0.000    0.324      0.001    0.001   12929.0   13740.0    1.0
at_least_one_positive_image_by_area[552]   0.072  0.132   0.000    0.292      0.001    0.001    7672.0    4286.0    1.0
at_least_one_positive_image_by_area[553]   0.180  0.243   0.000    0.722      0.002    0.002   10655.0   16935.0    1.0
at_least_one_positive_image_by_area[554]   0.085  0.163   0.000    0.384      0.001    0.001   11305.0   12657.0    1.0
at_least_one_positive_image_by_area[555]   0.096  0.163   0.000    0.403      0.002    0.001    6852.0    3243.0    1.0
at_least_one_positive_image_by_area[556]   0.168  0.221   0.000    0.651      0.002    0.001   12571.0   14771.0    1.0
at_least_one_positive_image_by_area[557]   0.114  0.180   0.000    0.477      0.002    0.001    5304.0    2211.0    1.0
at_least_one_positive_image_by_area[558]   0.345  0.293   0.000    0.920      0.003    0.002    9674.0    4112.0    1.0
at_least_one_positive_image_by_area[559]   0.347  0.293   0.000    0.920      0.002    0.002   14175.0   13637.0    1.0
at_least_one_positive_image_by_area[560]   0.210  0.247   0.000    0.748      0.002    0.002   10327.0    8271.0    1.0
at_least_one_positive_image_by_area[561]   0.211  0.234   0.000    0.703      0.002    0.002   11960.0   13565.0    1.0
at_least_one_positive_image_by_area[562]   1.000  0.000   1.000    1.000      0.000    0.000   40000.0   40000.0    NaN
at_least_one_positive_image_by_area[563]   0.285  0.272   0.000    0.858      0.002    0.002   16142.0   15234.0    1.0
at_least_one_positive_image_by_area[564]   0.404  0.297   0.003    0.948      0.003    0.002   11089.0    8703.0    1.0
at_least_one_positive_image_by_area[565]   0.177  0.207   0.000    0.610      0.002    0.001   12078.0   16231.0    1.0
at_least_one_positive_image_by_area[566]   0.209  0.226   0.000    0.686      0.003    0.002    8457.0    4191.0    1.0
at_least_one_positive_image_by_area[567]   0.068  0.130   0.000    0.290      0.001    0.001    9774.0    7810.0    1.0
at_least_one_positive_image_by_area[568]   0.119  0.179   0.000    0.477      0.002    0.001    8266.0    5256.0    1.0
at_least_one_positive_image_by_area[569]   0.143  0.209   0.000    0.597      0.003    0.002    9018.0    4635.0    1.0
at_least_one_positive_image_by_area[570]   0.197  0.239   0.000    0.725      0.002    0.001   13094.0   13431.0    1.0
at_least_one_positive_image_by_area[571]   0.103  0.164   0.000    0.420      0.001    0.001   14012.0   15841.0    1.0
at_least_one_positive_image_by_area[572]   0.144  0.203   0.000    0.574      0.002    0.001   12650.0   11443.0    1.0
at_least_one_positive_image_by_area[573]   0.147  0.227   0.000    0.661      0.002    0.001   11186.0   13611.0    1.0
at_least_one_positive_image_by_area[574]   0.427  0.339   0.020    1.000      0.004    0.003    9763.0    8019.0    1.0
at_least_one_positive_image_by_area[575]   0.254  0.258   0.000    0.793      0.002    0.002   13581.0   15547.0    1.0
at_least_one_positive_image_by_area[576]   0.175  0.187   0.001    0.552      0.002    0.001   11774.0   14037.0    1.0
at_least_one_positive_image_by_area[577]   0.248  0.271   0.000    0.837      0.002    0.002    8954.0   13783.0    1.0
at_least_one_positive_image_by_area[578]   0.224  0.256   0.000    0.791      0.003    0.002    9618.0    6467.0    1.0
at_least_one_positive_image_by_area[579]   0.415  0.352   0.000    0.990      0.003    0.002    6652.0    2328.0    1.0
at_least_one_positive_image_by_area[580]   0.224  0.261   0.000    0.796      0.002    0.002   11554.0   11853.0    1.0
at_least_one_positive_image_by_area[581]   0.365  0.311   0.000    0.948      0.003    0.002   10159.0   10349.0    1.0
at_least_one_positive_image_by_area[582]   0.109  0.188   0.000    0.495      0.002    0.001   13097.0   10979.0    1.0
at_least_one_positive_image_by_area[583]   0.152  0.213   0.000    0.614      0.002    0.001   12032.0   12970.0    1.0
at_least_one_positive_image_by_area[584]   0.218  0.256   0.000    0.781      0.002    0.001   10638.0   12501.0    1.0
at_least_one_positive_image_by_area[585]   0.212  0.247   0.000    0.753      0.002    0.001   10382.0   15496.0    1.0
at_least_one_positive_image_by_area[586]   0.452  0.314   0.041    1.000      0.003    0.002   14782.0   11850.0    1.0
at_least_one_positive_image_by_area[587]   0.191  0.218   0.000    0.651      0.002    0.001   11126.0   13024.0    1.0
at_least_one_positive_image_by_area[588]   0.133  0.190   0.000    0.530      0.002    0.001   12114.0   17535.0    1.0
at_least_one_positive_image_by_area[589]   0.514  0.325   0.047    1.000      0.003    0.002   16190.0   13516.0    1.0
at_least_one_positive_image_by_area[590]   0.091  0.157   0.000    0.381      0.001    0.001   10783.0   13484.0    1.0
at_least_one_positive_image_by_area[591]   0.284  0.274   0.000    0.852      0.003    0.002    6087.0    4416.0    1.0
at_least_one_positive_image_by_area[592]   0.311  0.295   0.000    0.913      0.003    0.002    9021.0    4406.0    1.0
at_least_one_positive_image_by_area[593]   0.138  0.195   0.000    0.549      0.004    0.003    6011.0    2233.0    1.0
at_least_one_positive_image_by_area[594]   0.277  0.314   0.000    0.934      0.003    0.002   10488.0   15937.0    1.0
at_least_one_positive_image_by_area[595]   0.120  0.200   0.000    0.542      0.002    0.001    9582.0    8304.0    1.0
at_least_one_positive_image_by_area[596]   0.140  0.206   0.000    0.590      0.002    0.001   14032.0    9473.0    1.0
at_least_one_positive_image_by_area[597]   0.064  0.127   0.000    0.269      0.001    0.001   11328.0   14680.0    1.0
at_least_one_positive_image_by_area[598]   0.110  0.191   0.000    0.502      0.001    0.001   10985.0   14310.0    1.0
at_least_one_positive_image_by_area[599]   0.402  0.330   0.001    0.980      0.004    0.003    8299.0   13118.0    1.0
at_least_one_positive_image_by_area[600]   0.516  0.334   0.046    1.000      0.004    0.003    9519.0   14364.0    1.0
at_least_one_positive_image_by_area[601]   0.020  0.055   0.000    0.075      0.000    0.000   10831.0   15984.0    1.0
at_least_one_positive_image_by_area[602]   0.069  0.138   0.000    0.302      0.002    0.001    5285.0    3792.0    1.0
at_least_one_positive_image_by_area[603]   0.061  0.111   0.000    0.245      0.001    0.001    9984.0   12074.0    1.0
at_least_one_positive_image_by_area[604]   0.084  0.145   0.000    0.353      0.002    0.001    8877.0   12670.0    1.0
at_least_one_positive_image_by_area[605]   0.259  0.270   0.000    0.838      0.002    0.002   11323.0   14094.0    1.0
at_least_one_positive_image_by_area[606]   0.237  0.278   0.000    0.850      0.003    0.002    6196.0   12429.0    1.0
at_least_one_positive_image_by_area[607]   0.229  0.258   0.000    0.794      0.002    0.002   10982.0   14138.0    1.0
at_least_one_positive_image_by_area[608]   0.340  0.295   0.000    0.917      0.003    0.002   11158.0   11974.0    1.0
at_least_one_positive_image_by_area[609]   0.210  0.248   0.000    0.752      0.002    0.001   10804.0   11705.0    1.0
at_least_one_positive_image_by_area[610]   0.406  0.335   0.019    1.000      0.004    0.003    8537.0   11649.0    1.0
at_least_one_positive_image_by_area[611]   0.099  0.167   0.000    0.415      0.005    0.004    3751.0    1544.0    1.0
at_least_one_positive_image_by_area[612]   0.158  0.199   0.000    0.570      0.002    0.001    9711.0   11071.0    1.0
at_least_one_positive_image_by_area[613]   0.144  0.204   0.000    0.569      0.002    0.001    9085.0   12921.0    1.0
at_least_one_positive_image_by_area[614]   0.099  0.163   0.000    0.408      0.001    0.001    9253.0   12470.0    1.0
at_least_one_positive_image_by_area[615]   0.120  0.197   0.000    0.538      0.003    0.002    9143.0    6317.0    1.0
at_least_one_positive_image_by_area[616]   0.040  0.103   0.000    0.166      0.001    0.001    8761.0   14458.0    1.0
at_least_one_positive_image_by_area[617]   1.000  0.000   1.000    1.000      0.000    0.000   40000.0   40000.0    NaN
at_least_one_positive_image_by_area[618]   0.191  0.237   0.000    0.713      0.002    0.001   11330.0    9758.0    1.0
at_least_one_positive_image_by_area[619]   0.288  0.289   0.000    0.890      0.003    0.002    8014.0    3300.0    1.0
at_least_one_positive_image_by_area[620]   0.462  0.318   0.042    1.000      0.003    0.002    9216.0   13121.0    1.0
at_least_one_positive_image_by_area[621]   0.164  0.208   0.000    0.604      0.002    0.001   11243.0   12081.0    1.0
at_least_one_positive_image_by_area[622]   0.023  0.061   0.000    0.090      0.000    0.000   11320.0   13380.0    1.0
at_least_one_positive_image_by_area[623]   0.572  0.388   0.004    1.000      0.005    0.004    7080.0    9125.0    1.0
at_least_one_positive_image_by_area[624]   0.040  0.101   0.000    0.165      0.001    0.001    7330.0   11490.0    1.0
at_least_one_positive_image_by_area[625]   0.096  0.145   0.000    0.363      0.001    0.001    9329.0   17789.0    1.0
at_least_one_positive_image_by_area[626]   0.028  0.078   0.000    0.112      0.001    0.000    8750.0    5494.0    1.0
at_least_one_positive_image_by_area[627]   0.008  0.027   0.000    0.028      0.000    0.000    8797.0   11564.0    1.0
at_least_one_positive_image_by_area[628]   0.089  0.151   0.000    0.368      0.001    0.001    8130.0   10749.0    1.0
at_least_one_positive_image_by_area[629]   0.333  0.322   0.000    0.957      0.003    0.003    7708.0    4437.0    1.0
at_least_one_positive_image_by_area[630]   0.180  0.238   0.000    0.718      0.004    0.003    6240.0    3799.0    1.0
at_least_one_positive_image_by_area[631]   0.079  0.153   0.000    0.353      0.001    0.001   11226.0   12252.0    1.0
at_least_one_positive_image_by_area[632]   0.138  0.202   0.000    0.563      0.002    0.001    9217.0   15255.0    1.0
at_least_one_positive_image_by_area[633]   0.066  0.131   0.000    0.283      0.001    0.001    9754.0   13136.0    1.0
at_least_one_positive_image_by_area[634]   0.093  0.172   0.000    0.424      0.001    0.001    9060.0   15169.0    1.0
at_least_one_positive_image_by_area[635]   0.201  0.255   0.000    0.776      0.002    0.002    9169.0   13489.0    1.0
at_least_one_positive_image_by_area[636]   0.101  0.171   0.000    0.431      0.002    0.001    7754.0   11222.0    1.0
at_least_one_positive_image_by_area[637]   0.060  0.131   0.000    0.265      0.001    0.001    7282.0    7839.0    1.0
at_least_one_positive_image_by_area[638]   0.091  0.149   0.000    0.367      0.001    0.001    7254.0   11372.0    1.0
at_least_one_positive_image_by_area[639]   0.074  0.149   0.000    0.338      0.001    0.001    9344.0    8323.0    1.0
at_least_one_positive_image_by_area[640]   0.080  0.143   0.000    0.333      0.001    0.001    4473.0    2038.0    1.0
at_least_one_positive_image_by_area[641]   0.036  0.060   0.000    0.125      0.001    0.000    8424.0   12645.0    1.0
at_least_one_positive_image_by_area[642]   0.061  0.138   0.000    0.281      0.001    0.001    9854.0   16123.0    1.0
at_least_one_positive_image_by_area[643]   0.067  0.150   0.000    0.313      0.001    0.001    5221.0    1911.0    1.0
at_least_one_positive_image_by_area[644]   0.051  0.122   0.000    0.229      0.001    0.001    9131.0   16932.0    1.0
at_least_one_positive_image_by_area[645]   0.051  0.108   0.000    0.216      0.001    0.001    6259.0    3714.0    1.0
at_least_one_positive_image_by_area[646]   0.113  0.177   0.000    0.464      0.002    0.001    6037.0    3404.0    1.0
at_least_one_positive_image_by_area[647]   0.249  0.319   0.000    0.938      0.004    0.003    5165.0    3871.0    1.0
at_least_one_positive_image_by_area[648]   0.103  0.165   0.000    0.425      0.002    0.001    3839.0    2069.0    1.0
at_least_one_positive_image_by_area[649]   0.117  0.190   0.000    0.511      0.002    0.001    6137.0    3931.0    1.0
at_least_one_positive_image_by_area[650]   0.148  0.225   0.000    0.655      0.002    0.002    9759.0   13115.0    1.0
at_least_one_positive_image_by_area[651]   0.130  0.190   0.000    0.518      0.002    0.002    8609.0   13248.0    1.0
at_least_one_positive_image_by_area[652]   0.037  0.087   0.000    0.152      0.001    0.000    8640.0    8681.0    1.0
at_least_one_positive_image_by_area[653]   0.115  0.184   0.000    0.497      0.002    0.002    6683.0    8293.0    1.0
at_least_one_positive_image_by_area[654]   0.053  0.108   0.000    0.217      0.001    0.001    9308.0   11783.0    1.0
at_least_one_positive_image_by_area[655]   0.036  0.083   0.000    0.142      0.001    0.001    7706.0   12791.0    1.0
at_least_one_positive_image_by_area[656]   0.048  0.115   0.000    0.203      0.001    0.001    7521.0   16243.0    1.0
at_least_one_positive_image_by_area[657]   0.070  0.138   0.000    0.310      0.002    0.001    8953.0    5219.0    1.0
at_least_one_positive_image_by_area[658]   0.048  0.102   0.000    0.193      0.001    0.001    9307.0   13946.0    1.0
at_least_one_positive_image_by_area[659]   0.091  0.162   0.000    0.401      0.002    0.001    8971.0    7252.0    1.0
at_least_one_positive_image_by_area[660]   0.108  0.177   0.000    0.450      0.002    0.002    8388.0   11137.0    1.0
at_least_one_positive_image_by_area[661]   0.072  0.132   0.000    0.299      0.001    0.001    8976.0   12224.0    1.0
at_least_one_positive_image_by_area[662]   0.115  0.186   0.000    0.498      0.002    0.001    9780.0   10472.0    1.0
at_least_one_positive_image_by_area[663]   0.544  0.350   0.034    1.000      0.004    0.003    8127.0   12081.0    1.0
at_least_one_positive_image_by_area[664]   0.600  0.342   0.049    1.000      0.003    0.002   14296.0   14799.0    1.0
at_least_one_positive_image_by_area[665]   0.197  0.245   0.000    0.740      0.002    0.001    9833.0   10729.0    1.0
at_least_one_positive_image_by_area[666]   0.071  0.139   0.000    0.308      0.001    0.001    7146.0   11473.0    1.0
at_least_one_positive_image_by_area[667]   0.262  0.283   0.000    0.871      0.003    0.002   13005.0   13919.0    1.0
at_least_one_positive_image_by_area[668]   0.082  0.154   0.000    0.361      0.002    0.001    6493.0    7253.0    1.0
at_least_one_positive_image_by_area[669]   0.092  0.163   0.000    0.408      0.002    0.001    7976.0    9190.0    1.0
at_least_one_positive_image_by_area[670]   0.515  0.316   0.061    1.000      0.003    0.002   14097.0   12762.0    1.0
at_least_one_positive_image_by_area[671]   0.571  0.360   0.026    1.000      0.004    0.003    8790.0   14400.0    1.0
at_least_one_positive_image_by_area[672]   0.428  0.344   0.016    1.000      0.004    0.003    7474.0    9313.0    1.0
at_least_one_positive_image_by_area[673]   1.000  0.000   1.000    1.000      0.000    0.000   40000.0   40000.0    NaN
at_least_one_positive_image_by_area[674]   0.447  0.315   0.041    1.000      0.003    0.002   14292.0   15939.0    1.0
at_least_one_positive_image_by_area[675]   0.337  0.305   0.000    0.934      0.003    0.002   12078.0   14855.0    1.0
at_least_one_positive_image_by_area[676]   0.433  0.309   0.040    1.000      0.003    0.002   10252.0   11046.0    1.0
at_least_one_positive_image_by_area[677]   0.301  0.302   0.000    0.921      0.003    0.002    9598.0   14017.0    1.0
at_least_one_positive_image_by_area[678]   0.150  0.211   0.000    0.600      0.002    0.001    8900.0   12202.0    1.0
at_least_one_positive_image_by_area[679]   0.044  0.094   0.000    0.184      0.001    0.001    6071.0    2157.0    1.0
at_least_one_positive_image_by_area[680]   0.143  0.233   0.000    0.680      0.003    0.002    8088.0    7280.0    1.0
at_least_one_positive_image_by_area[681]   0.126  0.191   0.000    0.518      0.002    0.001    9120.0   12246.0    1.0
at_least_one_positive_image_by_area[682]   0.054  0.118   0.000    0.233      0.001    0.001    9907.0   13340.0    1.0
at_least_one_positive_image_by_area[683]   0.185  0.234   0.000    0.695      0.002    0.002    9831.0   16217.0    1.0
at_least_one_positive_image_by_area[684]   0.213  0.281   0.000    0.855      0.003    0.002    9607.0    9791.0    1.0
at_least_one_positive_image_by_area[685]   0.083  0.155   0.000    0.375      0.001    0.001    7903.0   10474.0    1.0
at_least_one_positive_image_by_area[686]   0.146  0.210   0.000    0.598      0.002    0.001   10872.0   13979.0    1.0
at_least_one_positive_image_by_area[687]   0.117  0.188   0.000    0.507      0.002    0.001    8322.0   11986.0    1.0
at_least_one_positive_image_by_area[688]   0.327  0.316   0.000    0.944      0.004    0.003    9188.0   13776.0    1.0
at_least_one_positive_image_by_area[689]   0.331  0.295   0.000    0.915      0.004    0.003    8387.0    3148.0    1.0
at_least_one_positive_image_by_area[690]   0.465  0.344   0.020    1.000      0.003    0.002   12060.0   15513.0    1.0
at_least_one_positive_image_by_area[691]   0.292  0.295   0.000    0.898      0.003    0.002   10322.0   16986.0    1.0
at_least_one_positive_image_by_area[692]   0.204  0.245   0.000    0.753      0.003    0.002    7459.0    4595.0    1.0
at_least_one_positive_image_by_area[693]   0.208  0.253   0.000    0.770      0.003    0.002    8528.0   10244.0    1.0
at_least_one_positive_image_by_area[694]   0.485  0.354   0.016    1.000      0.004    0.003    8812.0   12133.0    1.0
at_least_one_positive_image_by_area[695]   0.126  0.182   0.000    0.490      0.001    0.001   10870.0   11721.0    1.0
at_least_one_positive_image_by_area[696]   1.000  0.000   1.000    1.000      0.000    0.000   40000.0   40000.0    NaN
at_least_one_positive_image_by_area[697]   0.508  0.313   0.063    1.000      0.003    0.002   12802.0   17438.0    1.0
at_least_one_positive_image_by_area[698]   0.324  0.287   0.000    0.899      0.003    0.002    8064.0    3231.0    1.0
at_least_one_positive_image_by_area[699]   0.426  0.312   0.035    1.000      0.003    0.002    7734.0    3386.0    1.0
at_least_one_positive_image_by_area[700]   0.452  0.322   0.032    1.000      0.003    0.002    6797.0    5172.0    1.0
at_least_one_positive_image_by_area[701]   0.387  0.318   0.000    0.965      0.003    0.002   11917.0   13206.0    1.0
at_least_one_positive_image_by_area[702]   0.304  0.321   0.000    0.945      0.003    0.002    9312.0   10842.0    1.0
at_least_one_positive_image_by_area[703]   0.209  0.239   0.000    0.723      0.003    0.002    8689.0    7056.0    1.0
at_least_one_positive_image_by_area[704]   0.038  0.092   0.000    0.152      0.001    0.001    8317.0    5795.0    1.0
at_least_one_positive_image_by_area[705]   1.000  0.000   1.000    1.000      0.000    0.000   40000.0   40000.0    NaN
at_least_one_positive_image_by_area[706]   0.283  0.278   0.000    0.862      0.003    0.002   10514.0   18820.0    1.0
at_least_one_positive_image_by_area[707]   0.290  0.285   0.000    0.886      0.003    0.002   10064.0   15065.0    1.0
at_least_one_positive_image_by_area[708]   0.170  0.218   0.000    0.639      0.002    0.001   14528.0   15809.0    1.0
at_least_one_positive_image_by_area[709]   0.189  0.233   0.000    0.696      0.002    0.001   10543.0   15482.0    1.0
at_least_one_positive_image_by_area[710]   0.259  0.278   0.000    0.851      0.002    0.002   13188.0   18826.0    1.0
at_least_one_positive_image_by_area[711]   0.455  0.355   0.011    1.000      0.003    0.002   12915.0   15255.0    1.0
at_least_one_positive_image_by_area[712]   0.111  0.176   0.000    0.460      0.001    0.001   11827.0   17382.0    1.0
at_least_one_positive_image_by_area[713]   0.107  0.187   0.000    0.495      0.002    0.001   12696.0   14301.0    1.0
at_least_one_positive_image_by_area[714]   0.170  0.237   0.000    0.708      0.002    0.001   11955.0   15140.0    1.0
at_least_one_positive_image_by_area[715]   0.183  0.240   0.000    0.712      0.002    0.001   12192.0   12199.0    1.0
at_least_one_positive_image_by_area[716]   0.154  0.222   0.000    0.649      0.003    0.002    9256.0    7645.0    1.0
at_least_one_positive_image_by_area[717]   0.159  0.224   0.000    0.655      0.002    0.001   11854.0   16430.0    1.0
at_least_one_positive_image_by_area[718]   0.105  0.180   0.000    0.469      0.002    0.002    7719.0    3616.0    1.0
at_least_one_positive_image_by_area[719]   0.138  0.219   0.000    0.625      0.002    0.001    7232.0    2487.0    1.0
at_least_one_positive_image_by_area[720]   0.096  0.159   0.000    0.398      0.001    0.001   11893.0   13105.0    1.0
at_least_one_positive_image_by_area[721]   0.210  0.247   0.000    0.751      0.003    0.002    8599.0    7851.0    1.0
at_least_one_positive_image_by_area[722]   0.046  0.130   0.000    0.214      0.001    0.001   14314.0   15271.0    1.0
at_least_one_positive_image_by_area[723]   0.115  0.188   0.000    0.497      0.002    0.001    8290.0    2268.0    1.0
at_least_one_positive_image_by_area[724]   0.161  0.218   0.000    0.642      0.002    0.002    9166.0   17091.0    1.0
at_least_one_positive_image_by_area[725]   0.129  0.194   0.000    0.539      0.002    0.001   10387.0    8130.0    1.0
at_least_one_positive_image_by_area[726]   0.163  0.197   0.000    0.575      0.002    0.001   11089.0   10692.0    1.0
at_least_one_positive_image_by_area[727]   0.274  0.289   0.000    0.887      0.003    0.002    9620.0    7742.0    1.0
at_least_one_positive_image_by_area[728]   0.429  0.300   0.047    1.000      0.003    0.002   10861.0    6222.0    1.0
at_least_one_positive_image_by_area[729]   0.172  0.237   0.000    0.705      0.002    0.001    5643.0    2176.0    1.0
at_least_one_positive_image_by_area[730]   0.281  0.298   0.000    0.907      0.002    0.002   12405.0   10624.0    1.0
at_least_one_positive_image_by_area[731]   0.103  0.187   0.000    0.480      0.003    0.003    7047.0    3791.0    1.0
at_least_one_positive_image_by_area[732]   0.197  0.256   0.000    0.771      0.002    0.001   13777.0   14856.0    1.0
at_least_one_positive_image_by_area[733]   0.152  0.218   0.000    0.629      0.002    0.001    7304.0    2998.0    1.0
at_least_one_positive_image_by_area[734]   0.188  0.222   0.000    0.660      0.002    0.002   10596.0    9424.0    1.0
at_least_one_positive_image_by_area[735]   1.000  0.000   1.000    1.000      0.000    0.000   40000.0   40000.0    NaN
at_least_one_positive_image_by_area[736]   0.046  0.099   0.000    0.187      0.001    0.001    8546.0    8314.0    1.0
at_least_one_positive_image_by_area[737]   0.411  0.386   0.003    1.000      0.004    0.003    9447.0   15114.0    1.0
at_least_one_positive_image_by_area[738]   0.367  0.323   0.000    0.968      0.003    0.002   11619.0   15251.0    1.0
at_least_one_positive_image_by_area[739]   0.046  0.113   0.000    0.199      0.001    0.001    9165.0   14405.0    1.0
at_least_one_positive_image_by_area[740]   0.102  0.178   0.000    0.452      0.001    0.001    7208.0    5201.0    1.0
at_least_one_positive_image_by_area[741]   0.236  0.264   0.000    0.810      0.003    0.002   11825.0   14845.0    1.0
at_least_one_positive_image_by_area[742]   0.802  0.342   0.004    1.000      0.006    0.004    3992.0    3951.0    1.0
at_least_one_positive_image_by_area[743]   0.244  0.299   0.000    0.902      0.003    0.002    5899.0    5288.0    1.0
at_least_one_positive_image_by_area[744]   0.216  0.292   0.000    0.880      0.004    0.003    4590.0    5059.0    1.0
at_least_one_positive_image_by_area[745]   0.211  0.279   0.000    0.847      0.003    0.002    6929.0   12643.0    1.0
at_least_one_positive_image_by_area[746]   0.112  0.220   0.000    0.614      0.002    0.001   10445.0   16262.0    1.0
at_least_one_positive_image_by_area[747]   0.078  0.189   0.000    0.463      0.001    0.001    9131.0   12159.0    1.0
at_least_one_positive_image_by_area[748]   0.062  0.169   0.000    0.361      0.001    0.001    6181.0    9454.0    1.0
at_least_one_positive_image_by_area[749]   0.045  0.145   0.000    0.235      0.001    0.001    5106.0   10272.0    1.0
at_least_one_positive_image_by_area[750]   0.048  0.109   0.000    0.206      0.001    0.001    7377.0   13665.0    1.0
at_least_one_positive_image_by_area[751]   0.104  0.189   0.000    0.493      0.002    0.001    8199.0   11744.0    1.0
at_least_one_positive_image_by_area[752]   0.026  0.097   0.000    0.102      0.001    0.001    2737.0    3217.0    1.0
at_least_one_positive_image_by_area[753]   0.015  0.073   0.000    0.048      0.001    0.000    2979.0    3356.0    1.0
at_least_one_positive_image_by_area[754]   0.022  0.090   0.000    0.082      0.001    0.001    2863.0    3276.0    1.0
at_least_one_positive_image_by_area[755]   0.012  0.065   0.000    0.032      0.001    0.000    2903.0    3480.0    1.0
at_least_one_positive_image_by_area[756]   0.132  0.224   0.000    0.636      0.002    0.001    9212.0   14324.0    1.0
at_least_one_positive_image_by_area[757]   0.069  0.144   0.000    0.312      0.001    0.001    8569.0   14991.0    1.0
at_least_one_positive_image_by_area[758]   0.012  0.059   0.000    0.035      0.000    0.000    2764.0    2853.0    1.0
at_least_one_positive_image_by_area[759]   0.070  0.165   0.000    0.365      0.002    0.001    7371.0   15466.0    1.0
at_least_one_positive_image_by_area[760]   0.031  0.107   0.000    0.135      0.001    0.001    3274.0    2762.0    1.0
at_least_one_positive_image_by_area[761]   0.013  0.058   0.000    0.041      0.000    0.000    2563.0    2927.0    1.0
at_least_one_positive_image_by_area[762]   0.018  0.075   0.000    0.068      0.001    0.000    2566.0    2907.0    1.0
at_least_one_positive_image_by_area[763]   0.023  0.094   0.000    0.085      0.001    0.001    3066.0    3463.0    1.0
at_least_one_positive_image_by_area[764]   0.016  0.073   0.000    0.053      0.001    0.000    2579.0    3327.0    1.0
at_least_one_positive_image_by_area[765]   0.002  0.021   0.000    0.002      0.000    0.000    2901.0    3337.0    1.0
at_least_one_positive_image_by_area[766]   0.129  0.208   0.000    0.583      0.003    0.002    7577.0    6967.0    1.0
at_least_one_positive_image_by_area[767]   0.038  0.087   0.000    0.154      0.001    0.001    6633.0   15297.0    1.0
at_least_one_positive_image_by_area[768]   0.155  0.207   0.000    0.597      0.002    0.002    6435.0    5614.0    1.0
at_least_one_positive_image_by_area[769]   0.157  0.209   0.000    0.599      0.002    0.001    9030.0   17389.0    1.0
at_least_one_positive_image_by_area[770]   0.096  0.162   0.000    0.407      0.001    0.001   10213.0   14665.0    1.0
at_least_one_positive_image_by_area[771]   0.045  0.102   0.000    0.182      0.001    0.001    9751.0   15577.0    1.0
at_least_one_positive_image_by_area[772]   0.151  0.214   0.000    0.620      0.002    0.001    7755.0    8513.0    1.0
at_least_one_positive_image_by_area[773]   0.142  0.209   0.000    0.594      0.002    0.001    6056.0    5105.0    1.0
at_least_one_positive_image_by_area[774]   0.103  0.169   0.000    0.437      0.001    0.001   13152.0   14881.0    1.0
at_least_one_positive_image_by_area[775]   0.066  0.131   0.000    0.280      0.001    0.001    8834.0   13338.0    1.0
at_least_one_positive_image_by_area[776]   0.083  0.151   0.000    0.362      0.001    0.001    8764.0    4708.0    1.0
at_least_one_positive_image_by_area[777]   1.000  0.000   1.000    1.000      0.000    0.000   40000.0   40000.0    NaN
at_least_one_positive_image_by_area[778]   0.513  0.367   0.011    1.000      0.004    0.003    8843.0    9381.0    1.0
at_least_one_positive_image_by_area[779]   0.367  0.311   0.000    0.952      0.003    0.002   14382.0   15699.0    1.0
at_least_one_positive_image_by_area[780]   0.272  0.272   0.000    0.843      0.003    0.002    5122.0    5230.0    1.0
at_least_one_positive_image_by_area[781]   0.050  0.116   0.000    0.220      0.001    0.001   11574.0   14017.0    1.0
at_least_one_positive_image_by_area[782]   0.059  0.127   0.000    0.261      0.001    0.001    5521.0    6475.0    1.0
at_least_one_positive_image_by_area[783]   0.059  0.125   0.000    0.251      0.002    0.001    7750.0    7970.0    1.0
at_least_one_positive_image_by_area[784]   1.000  0.000   1.000    1.000      0.000    0.000   40000.0   40000.0    NaN
at_least_one_positive_image_by_area[785]   0.166  0.209   0.000    0.609      0.002    0.001    9305.0   16717.0    1.0
at_least_one_positive_image_by_area[786]   0.127  0.191   0.000    0.527      0.002    0.002    8098.0    4590.0    1.0
at_least_one_positive_image_by_area[787]   0.205  0.233   0.000    0.706      0.002    0.001   11115.0   19245.0    1.0
at_least_one_positive_image_by_area[788]   1.000  0.000   1.000    1.000      0.000    0.000   40000.0   40000.0    NaN
at_least_one_positive_image_by_area[789]   0.160  0.210   0.000    0.605      0.002    0.001   11235.0   14096.0    1.0
at_least_one_positive_image_by_area[790]   0.149  0.213   0.000    0.616      0.002    0.001   11826.0   12227.0    1.0
at_least_one_positive_image_by_area[791]   0.229  0.273   0.000    0.839      0.003    0.002    9071.0   14221.0    1.0
at_least_one_positive_image_by_area[792]   0.294  0.285   0.000    0.882      0.002    0.002   14129.0    9729.0    1.0
at_least_one_positive_image_by_area[793]   0.222  0.253   0.000    0.778      0.002    0.002   10741.0   16079.0    1.0
at_least_one_positive_image_by_area[794]   0.195  0.236   0.000    0.710      0.002    0.002   10343.0   15754.0    1.0
at_least_one_positive_image_by_area[795]   0.129  0.189   0.000    0.515      0.001    0.001   12792.0   19114.0    1.0
at_least_one_positive_image_by_area[796]   0.115  0.185   0.000    0.496      0.002    0.001    9303.0   13506.0    1.0
at_least_one_positive_image_by_area[797]   0.098  0.155   0.000    0.396      0.002    0.001   10064.0    6327.0    1.0
at_least_one_positive_image_by_area[798]   0.106  0.173   0.000    0.448      0.002    0.001    9059.0    7297.0    1.0
at_least_one_positive_image_by_area[799]   0.166  0.235   0.000    0.692      0.002    0.002    9613.0   14249.0    1.0
at_least_one_positive_image_by_area[800]   0.070  0.143   0.000    0.311      0.001    0.001   11715.0   17258.0    1.0
at_least_one_positive_image_by_area[801]   0.352  0.336   0.000    0.974      0.004    0.003    9663.0   14088.0    1.0
at_least_one_positive_image_by_area[802]   0.260  0.274   0.000    0.846      0.002    0.002   11686.0   15042.0    1.0
at_least_one_positive_image_by_area[803]   0.222  0.261   0.000    0.796      0.002    0.002   11623.0   13522.0    1.0
at_least_one_positive_image_by_area[804]   0.188  0.237   0.000    0.704      0.002    0.001    9779.0    4239.0    1.0
at_least_one_positive_image_by_area[805]   0.274  0.287   0.000    0.883      0.002    0.002    9530.0    7287.0    1.0
at_least_one_positive_image_by_area[806]   0.545  0.369   0.009    1.000      0.004    0.003    7807.0    9553.0    1.0
at_least_one_positive_image_by_area[807]   0.735  0.330   0.074    1.000      0.004    0.003    7569.0    3247.0    1.0
at_least_one_positive_image_by_area[808]   0.248  0.277   0.000    0.849      0.003    0.002   10151.0   13032.0    1.0
at_least_one_positive_image_by_area[809]   0.202  0.240   0.000    0.724      0.002    0.002   10044.0   12410.0    1.0
at_least_one_positive_image_by_area[810]   0.165  0.232   0.000    0.688      0.002    0.001   12126.0   12024.0    1.0
at_least_one_positive_image_by_area[811]   0.180  0.237   0.000    0.717      0.002    0.001   13070.0   17142.0    1.0
at_least_one_positive_image_by_area[812]   0.275  0.283   0.000    0.873      0.003    0.002   11146.0   14566.0    1.0
at_least_one_positive_image_by_area[813]   0.728  0.316   0.084    1.000      0.003    0.002   10445.0   10856.0    1.0
at_least_one_positive_image_by_area[814]   0.283  0.274   0.000    0.854      0.002    0.002   10455.0    5658.0    1.0
at_least_one_positive_image_by_area[815]   0.323  0.289   0.000    0.901      0.003    0.002    6717.0    2395.0    1.0
at_least_one_positive_image_by_area[816]   0.682  0.350   0.044    1.000      0.004    0.003    9360.0    7976.0    1.0
at_least_one_positive_image_by_area[817]   0.403  0.318   0.001    0.967      0.003    0.002   11985.0   13936.0    1.0
at_least_one_positive_image_by_area[818]   0.382  0.355   0.000    0.992      0.003    0.002   11167.0    7288.0    1.0
at_least_one_positive_image_by_area[819]   0.342  0.289   0.001    0.904      0.003    0.002   11139.0   17529.0    1.0
at_least_one_positive_image_by_area[820]   0.255  0.265   0.000    0.824      0.002    0.002   13317.0   13243.0    1.0
at_least_one_positive_image_by_area[821]   0.295  0.280   0.000    0.870      0.003    0.002   10158.0   13652.0    1.0
at_least_one_positive_image_by_area[822]   0.397  0.326   0.001    0.978      0.003    0.002   11981.0   14293.0    1.0
at_least_one_positive_image_by_area[823]   0.193  0.238   0.000    0.717      0.002    0.002    8581.0    9089.0    1.0
at_least_one_positive_image_by_area[824]   0.135  0.217   0.000    0.616      0.002    0.001   10449.0   11476.0    1.0
at_least_one_positive_image_by_area[825]   0.171  0.241   0.000    0.710      0.003    0.002    5537.0    3096.0    1.0
at_least_one_positive_image_by_area[826]   0.183  0.258   0.000    0.778      0.002    0.002    6316.0    3604.0    1.0
at_least_one_positive_image_by_area[827]   0.139  0.220   0.000    0.626      0.002    0.002    6452.0    9902.0    1.0
at_least_one_positive_image_by_area[828]   0.171  0.258   0.000    0.776      0.002    0.002    7370.0    8433.0    1.0
at_least_one_positive_image_by_area[829]   0.676  0.398   0.003    1.000      0.007    0.005    4752.0    7836.0    1.0
at_least_one_positive_image_by_area[830]   0.345  0.344   0.000    0.984      0.005    0.003    4728.0    6033.0    1.0
at_least_one_positive_image_by_area[831]   0.114  0.207   0.000    0.570      0.002    0.001    8044.0    9660.0    1.0
at_least_one_positive_image_by_area[832]   0.307  0.301   0.000    0.915      0.003    0.002   12882.0   16392.0    1.0
at_least_one_positive_image_by_area[833]   0.151  0.213   0.000    0.613      0.002    0.001    8785.0   11263.0    1.0
at_least_one_positive_image_by_area[834]   0.194  0.235   0.000    0.706      0.002    0.001    5287.0    2017.0    1.0
at_least_one_positive_image_by_area[835]   0.236  0.253   0.000    0.776      0.003    0.002    7020.0   14281.0    1.0
at_least_one_positive_image_by_area[836]   0.218  0.255   0.000    0.788      0.002    0.002    8363.0   15741.0    1.0
at_least_one_positive_image_by_area[837]   0.149  0.227   0.000    0.663      0.002    0.001   11507.0   10746.0    1.0
at_least_one_positive_image_by_area[838]   0.415  0.314   0.001    0.964      0.003    0.002   11287.0   15268.0    1.0
at_least_one_positive_image_by_area[839]   0.039  0.086   0.000    0.154      0.001    0.000    7886.0    5092.0    1.0
at_least_one_positive_image_by_area[840]   0.064  0.124   0.000    0.260      0.001    0.001   10958.0   14436.0    1.0
at_least_one_positive_image_by_area[841]   0.008  0.031   0.000    0.028      0.000    0.000   12101.0   16988.0    1.0
at_least_one_positive_image_by_area[842]   0.217  0.262   0.000    0.797      0.002    0.002   12884.0   15481.0    1.0
at_least_one_positive_image_by_area[843]   0.171  0.232   0.000    0.685      0.002    0.001   10731.0   13316.0    1.0
at_least_one_positive_image_by_area[844]   0.079  0.218   0.000    0.600      0.002    0.002    4449.0    5965.0    1.0
at_least_one_positive_image_by_area[845]   0.074  0.136   0.000    0.309      0.001    0.001    8566.0    9398.0    1.0
at_least_one_positive_image_by_area[846]   0.120  0.215   0.000    0.597      0.002    0.002    9476.0    8522.0    1.0
at_least_one_positive_image_by_area[847]   0.159  0.214   0.000    0.628      0.004    0.003    6123.0    3711.0    1.0
at_least_one_positive_image_by_area[848]   0.138  0.192   0.000    0.544      0.002    0.001   12411.0   12900.0    1.0
at_least_one_positive_image_by_area[849]   0.109  0.175   0.000    0.452      0.001    0.001   11125.0    6015.0    1.0
at_least_one_positive_image_by_area[850]   0.090  0.127   0.000    0.309      0.001    0.001   10235.0   10455.0    1.0
at_least_one_positive_image_by_area[851]   0.209  0.251   0.000    0.757      0.002    0.002   11548.0   15430.0    1.0
at_least_one_positive_image_by_area[852]   1.000  0.000   1.000    1.000      0.000    0.000   40000.0   40000.0    NaN
at_least_one_positive_image_by_area[853]   0.090  0.189   0.000    0.485      0.001    0.001    9266.0    9115.0    1.0
at_least_one_positive_image_by_area[854]   0.149  0.234   0.000    0.684      0.002    0.001    9628.0   10162.0    1.0
at_least_one_positive_image_by_area[855]   0.455  0.322   0.040    1.000      0.004    0.003    7707.0    6874.0    1.0
at_least_one_positive_image_by_area[856]   0.374  0.305   0.000    0.944      0.002    0.002   14397.0   14446.0    1.0
at_least_one_positive_image_by_area[857]   0.162  0.214   0.000    0.624      0.002    0.002    8975.0   11283.0    1.0
at_least_one_positive_image_by_area[858]   1.000  0.000   1.000    1.000      0.000    0.000   40000.0   40000.0    NaN
at_least_one_positive_image_by_area[859]   0.340  0.304   0.000    0.933      0.003    0.002   10740.0    6709.0    1.0
at_least_one_positive_image_by_area[860]   1.000  0.000   1.000    1.000      0.000    0.000   40000.0   40000.0    NaN
at_least_one_positive_image_by_area[861]   0.124  0.196   0.000    0.542      0.002    0.001    9872.0   14020.0    1.0
at_least_one_positive_image_by_area[862]   0.099  0.162   0.000    0.407      0.001    0.001   12136.0   14583.0    1.0
at_least_one_positive_image_by_area[863]   0.167  0.259   0.000    0.779      0.003    0.002    6386.0    9246.0    1.0
at_least_one_positive_image_by_area[864]   0.187  0.245   0.000    0.736      0.003    0.002    7195.0    3828.0    1.0
at_least_one_positive_image_by_area[865]   0.314  0.272   0.001    0.863      0.002    0.002   11867.0   11000.0    1.0
at_least_one_positive_image_by_area[866]   0.196  0.245   0.000    0.732      0.003    0.002    7937.0   12360.0    1.0
at_least_one_positive_image_by_area[867]   1.000  0.000   1.000    1.000      0.000    0.000   40000.0   40000.0    NaN
at_least_one_positive_image_by_area[868]   0.368  0.314   0.000    0.953      0.003    0.002   14872.0   15511.0    1.0
at_least_one_positive_image_by_area[869]   0.294  0.288   0.000    0.892      0.003    0.002   12041.0   13126.0    1.0
at_least_one_positive_image_by_area[870]   0.265  0.312   0.000    0.930      0.003    0.002   11425.0    9694.0    1.0
at_least_one_positive_image_by_area[871]   0.505  0.349   0.026    1.000      0.003    0.002   11649.0   12222.0    1.0
at_least_one_positive_image_by_area[872]   0.145  0.228   0.000    0.662      0.005    0.004    5031.0    2232.0    1.0
at_least_one_positive_image_by_area[873]   0.104  0.181   0.000    0.471      0.002    0.001    7710.0   11149.0    1.0
at_least_one_positive_image_by_area[874]   0.268  0.279   0.000    0.867      0.003    0.002    9693.0   13398.0    1.0
at_least_one_positive_image_by_area[875]   0.422  0.338   0.020    1.000      0.003    0.002   10513.0   13109.0    1.0
at_least_one_positive_image_by_area[876]   0.370  0.313   0.000    0.955      0.003    0.002   10205.0   12294.0    1.0
at_least_one_positive_image_by_area[877]   0.441  0.311   0.040    1.000      0.003    0.002   13714.0   16025.0    1.0
at_least_one_positive_image_by_area[878]   0.125  0.193   0.000    0.524      0.002    0.001    9459.0    8555.0    1.0
at_least_one_positive_image_by_area[879]   0.092  0.163   0.000    0.394      0.001    0.001    7649.0   14535.0    1.0
at_least_one_positive_image_by_area[880]   1.000  0.000   1.000    1.000      0.000    0.000   40000.0   40000.0    NaN
at_least_one_positive_image_by_area[881]   0.536  0.328   0.055    1.000      0.003    0.002   10261.0    6761.0    1.0
at_least_one_positive_image_by_area[882]   0.372  0.288   0.003    0.920      0.003    0.002   12171.0   11802.0    1.0
at_least_one_positive_image_by_area[883]   1.000  0.000   1.000    1.000      0.000    0.000   40000.0   40000.0    NaN
at_least_one_positive_image_by_area[884]   0.387  0.328   0.000    0.978      0.003    0.002   12210.0   12596.0    1.0
at_least_one_positive_image_by_area[885]   0.217  0.249   0.000    0.764      0.002    0.002   12730.0   17748.0    1.0
at_least_one_positive_image_by_area[886]   0.169  0.228   0.000    0.672      0.002    0.002   10189.0   12210.0    1.0
at_least_one_positive_image_by_area[887]   0.047  0.106   0.000    0.194      0.001    0.001    9653.0   14005.0    1.0
at_least_one_positive_image_by_area[888]   0.039  0.075   0.000    0.135      0.001    0.000   10756.0   15230.0    1.0
at_least_one_positive_image_by_area[889]   0.011  0.030   0.000    0.038      0.000    0.000    7863.0    9166.0    1.0
at_least_one_positive_image_by_area[890]   0.032  0.088   0.000    0.136      0.001    0.001    7603.0    9010.0    1.0
at_least_one_positive_image_by_area[891]   0.033  0.101   0.000    0.137      0.001    0.001    7802.0   14653.0    1.0
at_least_one_positive_image_by_area[892]   0.135  0.193   0.000    0.531      0.002    0.002    7994.0   11766.0    1.0
at_least_one_positive_image_by_area[893]   0.258  0.307   0.000    0.911      0.004    0.003    7813.0   12545.0    1.0
at_least_one_positive_image_by_area[894]   0.106  0.174   0.000    0.449      0.002    0.001   11909.0   15410.0    1.0
at_least_one_positive_image_by_area[895]   0.148  0.197   0.000    0.557      0.002    0.001   13970.0   16074.0    1.0
at_least_one_positive_image_by_area[896]   0.415  0.311   0.002    0.965      0.003    0.002   14167.0   13131.0    1.0
at_least_one_positive_image_by_area[897]   0.319  0.283   0.001    0.885      0.003    0.002    8221.0    8883.0    1.0
at_least_one_positive_image_by_area[898]   0.318  0.324   0.000    0.958      0.003    0.002   10006.0   14564.0    1.0
at_least_one_positive_image_by_area[899]   0.079  0.144   0.000    0.330      0.002    0.001    6866.0   13102.0    1.0
at_least_one_positive_image_by_area[900]   0.026  0.069   0.000    0.101      0.001    0.000    7901.0    9488.0    1.0
at_least_one_positive_image_by_area[901]   0.030  0.075   0.000    0.120      0.001    0.000    8558.0   11071.0    1.0
at_least_one_positive_image_by_area[902]   0.010  0.034   0.000    0.037      0.000    0.000    9103.0   15336.0    1.0
at_least_one_positive_image_by_area[903]   0.080  0.136   0.000    0.322      0.001    0.001    7832.0    5687.0    1.0
at_least_one_positive_image_by_area[904]   0.066  0.142   0.000    0.302      0.001    0.001    8803.0   15328.0    1.0
at_least_one_positive_image_by_area[905]   0.090  0.187   0.000    0.471      0.002    0.001   10430.0   14775.0    1.0
at_least_one_positive_image_by_area[906]   0.046  0.106   0.000    0.194      0.001    0.001    7264.0   12898.0    1.0
at_least_one_positive_image_by_area[907]   0.126  0.192   0.000    0.526      0.002    0.001    9432.0   10159.0    1.0
at_least_one_positive_image_by_area[908]   0.125  0.195   0.000    0.542      0.002    0.002    8148.0    5851.0    1.0
at_least_one_positive_image_by_area[909]   0.170  0.239   0.000    0.708      0.003    0.002    7786.0    8304.0    1.0
at_least_one_positive_image_by_area[910]   0.126  0.186   0.000    0.507      0.002    0.001   10188.0    9773.0    1.0
at_least_one_positive_image_by_area[911]   0.020  0.045   0.000    0.071      0.000    0.000   11856.0   16158.0    1.0
at_least_one_positive_image_by_area[912]   0.104  0.165   0.000    0.419      0.001    0.001   10053.0    7362.0    1.0
at_least_one_positive_image_by_area[913]   0.115  0.201   0.000    0.544      0.002    0.001   11031.0   14667.0    1.0
at_least_one_positive_image_by_area[914]   0.070  0.130   0.000    0.286      0.001    0.001   11481.0   10811.0    1.0
at_least_one_positive_image_by_area[915]   0.321  0.285   0.000    0.894      0.003    0.002   12130.0   14410.0    1.0
at_least_one_positive_image_by_area[916]   0.035  0.090   0.000    0.146      0.001    0.001    9934.0   14283.0    1.0
at_least_one_positive_image_by_area[917]   0.124  0.180   0.000    0.489      0.001    0.001   14322.0   17427.0    1.0
at_least_one_positive_image_by_area[918]   0.263  0.274   0.000    0.846      0.002    0.001   13322.0   14955.0    1.0
at_least_one_positive_image_by_area[919]   0.138  0.192   0.000    0.541      0.002    0.001   11241.0   13862.0    1.0
at_least_one_positive_image_by_area[920]   0.132  0.192   0.000    0.532      0.002    0.001   14078.0   18118.0    1.0
at_least_one_positive_image_by_area[921]   0.015  0.039   0.000    0.057      0.000    0.000    9100.0   11079.0    1.0
at_least_one_positive_image_by_area[922]   0.070  0.156   0.000    0.347      0.001    0.001    7352.0    8329.0    1.0
at_least_one_positive_image_by_area[923]   0.146  0.228   0.000    0.663      0.002    0.002    7411.0   10381.0    1.0
at_least_one_positive_image_by_area[924]   0.177  0.278   0.000    0.852      0.003    0.002    8995.0   10942.0    1.0
at_least_one_positive_image_by_area[925]   0.067  0.122   0.000    0.270      0.001    0.001   10488.0   15801.0    1.0
at_least_one_positive_image_by_area[926]   0.221  0.282   0.000    0.856      0.003    0.002    8384.0    3874.0    1.0
at_least_one_positive_image_by_area[927]   0.021  0.070   0.000    0.080      0.001    0.001    9219.0   15096.0    1.0
at_least_one_positive_image_by_area[928]   0.055  0.119   0.000    0.236      0.001    0.001    9238.0   10817.0    1.0
at_least_one_positive_image_by_area[929]   0.101  0.173   0.000    0.434      0.002    0.001    8511.0    9577.0    1.0
at_least_one_positive_image_by_area[930]   0.087  0.133   0.000    0.320      0.001    0.001    3315.0    1173.0    1.0
at_least_one_positive_image_by_area[931]   0.095  0.142   0.000    0.350      0.001    0.001   10461.0   15834.0    1.0
at_least_one_positive_image_by_area[932]   0.158  0.220   0.000    0.635      0.004    0.004    4142.0    1991.0    1.0
at_least_one_positive_image_by_area[933]   0.094  0.162   0.000    0.401      0.001    0.001    5088.0    2080.0    1.0
at_least_one_positive_image_by_area[934]   0.130  0.191   0.000    0.527      0.002    0.001    4086.0    1731.0    1.0
at_least_one_positive_image_by_area[935]   1.000  0.000   1.000    1.000      0.000    0.000   40000.0   40000.0    NaN
at_least_one_positive_image_by_area[936]   0.081  0.143   0.000    0.330      0.001    0.001   10419.0   11744.0    1.0
at_least_one_positive_image_by_area[937]   0.058  0.112   0.000    0.228      0.001    0.001   11725.0   11574.0    1.0
at_least_one_positive_image_by_area[938]   0.108  0.181   0.000    0.475      0.002    0.001    7427.0   14105.0    1.0
at_least_one_positive_image_by_area[939]   0.070  0.123   0.000    0.280      0.001    0.001    8803.0   13832.0    1.0
at_least_one_positive_image_by_area[940]   0.172  0.217   0.000    0.644      0.002    0.001   10068.0   10610.0    1.0
at_least_one_positive_image_by_area[941]   0.304  0.296   0.000    0.912      0.003    0.002   11138.0   12494.0    1.0
at_least_one_positive_image_by_area[942]   0.367  0.340   0.000    0.979      0.003    0.002    9504.0   18797.0    1.0
at_least_one_positive_image_by_area[943]   0.062  0.125   0.000    0.260      0.001    0.001    9870.0    7831.0    1.0
at_least_one_positive_image_by_area[944]   0.079  0.150   0.000    0.335      0.002    0.002   10243.0    9095.0    1.0
at_least_one_positive_image_by_area[945]   0.055  0.113   0.000    0.227      0.001    0.001    7154.0   12563.0    1.0
at_least_one_positive_image_by_area[946]   0.070  0.152   0.000    0.328      0.001    0.001    8030.0   12488.0    1.0
at_least_one_positive_image_by_area[947]   1.000  0.000   1.000    1.000      0.000    0.000   40000.0   40000.0    NaN
at_least_one_positive_image_by_area[948]   0.279  0.293   0.000    0.895      0.003    0.002    9104.0    5943.0    1.0
at_least_one_positive_image_by_area[949]   0.195  0.211   0.000    0.633      0.002    0.001    9632.0   15401.0    1.0
at_least_one_positive_image_by_area[950]   0.207  0.259   0.000    0.795      0.002    0.002   11159.0   13948.0    1.0
at_least_one_positive_image_by_area[951]   0.158  0.228   0.000    0.671      0.002    0.001   14266.0   12288.0    1.0
at_least_one_positive_image_by_area[952]   0.599  0.337   0.053    1.000      0.003    0.002   10894.0   12794.0    1.0
at_least_one_positive_image_by_area[953]   0.219  0.249   0.000    0.761      0.002    0.002    8523.0    4254.0    1.0
at_least_one_positive_image_by_area[954]   0.081  0.140   0.000    0.332      0.001    0.001   11660.0   11507.0    1.0
at_least_one_positive_image_by_area[955]   0.099  0.166   0.000    0.417      0.002    0.001   10605.0   13321.0    1.0
at_least_one_positive_image_by_area[956]   0.406  0.319   0.000    0.972      0.003    0.002    5914.0    2268.0    1.0
at_least_one_positive_image_by_area[957]   0.175  0.212   0.000    0.620      0.002    0.001   10636.0   12197.0    1.0
at_least_one_positive_image_by_area[958]   0.246  0.264   0.000    0.817      0.002    0.002   12796.0   10866.0    1.0
at_least_one_positive_image_by_area[959]   0.086  0.161   0.000    0.394      0.002    0.001    8984.0    8954.0    1.0
at_least_one_positive_image_by_area[960]   0.129  0.181   0.000    0.493      0.002    0.001    6172.0    4757.0    1.0
at_least_one_positive_image_by_area[961]   0.050  0.109   0.000    0.213      0.001    0.001    6407.0    3874.0    1.0
at_least_one_positive_image_by_area[962]   0.243  0.256   0.000    0.795      0.002    0.001    8410.0    3515.0    1.0
at_least_one_positive_image_by_area[963]   1.000  0.000   1.000    1.000      0.000    0.000   40000.0   40000.0    NaN
at_least_one_positive_image_by_area[964]   0.943  0.133   0.716    1.000      0.002    0.001    8730.0    9068.0    1.0
at_least_one_positive_image_by_area[965]   0.257  0.282   0.000    0.865      0.003    0.002    7297.0    6037.0    1.0
at_least_one_positive_image_by_area[966]   0.164  0.204   0.000    0.599      0.003    0.002    8017.0    5023.0    1.0
at_least_one_positive_image_by_area[967]   0.099  0.181   0.000    0.463      0.001    0.001   11005.0    7995.0    1.0
at_least_one_positive_image_by_area[968]   0.167  0.226   0.000    0.669      0.003    0.002   11770.0   13079.0    1.0
at_least_one_positive_image_by_area[969]   0.028  0.062   0.000    0.102      0.000    0.000    9052.0   12481.0    1.0
at_least_one_positive_image_by_area[970]   0.065  0.140   0.000    0.295      0.001    0.001    4424.0    2249.0    1.0
at_least_one_positive_image_by_area[971]   0.142  0.214   0.000    0.615      0.002    0.002    8785.0   13095.0    1.0
at_least_one_positive_image_by_area[972]   0.106  0.172   0.000    0.441      0.002    0.001    9399.0   13343.0    1.0
at_least_one_positive_image_by_area[973]   0.076  0.192   0.000    0.468      0.001    0.001    8122.0    6222.0    1.0
at_least_one_positive_image_by_area[974]   0.035  0.109   0.000    0.153      0.001    0.001    4632.0    2060.0    1.0
at_least_one_positive_image_by_area[975]   0.368  0.304   0.000    0.944      0.003    0.003    8164.0    7831.0    1.0
at_least_one_positive_image_by_area[976]   0.237  0.267   0.000    0.821      0.002    0.002   10708.0   12334.0    1.0
at_least_one_positive_image_by_area[977]   0.821  0.288   0.109    1.000      0.004    0.003    8143.0    6512.0    1.0
at_least_one_positive_image_by_area[978]   0.297  0.285   0.000    0.879      0.003    0.002    9138.0   10654.0    1.0
at_least_one_positive_image_by_area[979]   0.241  0.251   0.000    0.778      0.003    0.002    9448.0   11878.0    1.0
at_least_one_positive_image_by_area[980]   0.273  0.286   0.000    0.885      0.003    0.002   10985.0   12791.0    1.0
at_least_one_positive_image_by_area[981]   0.230  0.266   0.000    0.816      0.002    0.002    5988.0    1730.0    1.0
at_least_one_positive_image_by_area[982]   0.278  0.280   0.000    0.864      0.002    0.002    9589.0   11544.0    1.0
at_least_one_positive_image_by_area[983]   0.343  0.298   0.000    0.920      0.004    0.003    9096.0   12822.0    1.0
at_least_one_positive_image_by_area[984]   0.101  0.167   0.000    0.427      0.001    0.001    7884.0    2771.0    1.0
at_least_one_positive_image_by_area[985]   0.159  0.206   0.000    0.595      0.002    0.001   12708.0   18239.0    1.0
at_least_one_positive_image_by_area[986]   0.100  0.178   0.000    0.454      0.002    0.001   11964.0   14570.0    1.0
at_least_one_positive_image_by_area[987]   0.074  0.150   0.000    0.342      0.002    0.001    7505.0    5703.0    1.0
at_least_one_positive_image_by_area[988]   0.046  0.110   0.000    0.193      0.001    0.001    8794.0   16812.0    1.0
at_least_one_positive_image_by_area[989]   0.022  0.055   0.000    0.083      0.000    0.000    9520.0   15406.0    1.0
at_least_one_positive_image_by_area[990]   0.038  0.092   0.000    0.149      0.001    0.001   12588.0   17876.0    1.0
at_least_one_positive_image_by_area[991]   0.071  0.128   0.000    0.287      0.001    0.001    8262.0   13390.0    1.0
at_least_one_positive_image_by_area[992]   0.052  0.106   0.000    0.217      0.001    0.001    6483.0    4755.0    1.0
at_least_one_positive_image_by_area[993]   0.096  0.165   0.000    0.410      0.002    0.001   10870.0   18146.0    1.0
at_least_one_positive_image_by_area[994]   0.035  0.081   0.000    0.138      0.001    0.000    9862.0   14299.0    1.0
at_least_one_positive_image_by_area[995]   0.055  0.127   0.000    0.245      0.001    0.001    9011.0   14621.0    1.0
at_least_one_positive_image_by_area[996]   0.024  0.061   0.000    0.093      0.000    0.000    9382.0    9972.0    1.0
at_least_one_positive_image_by_area[997]   0.049  0.118   0.000    0.215      0.001    0.001    8788.0   16670.0    1.0
at_least_one_positive_image_by_area[998]   0.029  0.071   0.000    0.112      0.001    0.000    8709.0   13690.0    1.0
at_least_one_positive_image_by_area[999]   0.151  0.198   0.000    0.558      0.002    0.001   11680.0   19353.0    1.0
at_least_one_positive_image_by_area[1000]  0.155  0.209   0.000    0.607      0.002    0.001   10389.0   11287.0    1.0
at_least_one_positive_image_by_area[1001]  0.159  0.211   0.000    0.613      0.002    0.001   10597.0   14915.0    1.0
at_least_one_positive_image_by_area[1002]  0.057  0.127   0.000    0.266      0.002    0.001    6766.0    6977.0    1.0
at_least_one_positive_image_by_area[1003]  0.151  0.211   0.000    0.605      0.002    0.001    9010.0   13343.0    1.0
at_least_one_positive_image_by_area[1004]  0.512  0.345   0.029    1.000      0.003    0.002   11215.0   11042.0    1.0
at_least_one_positive_image_by_area[1005]  0.356  0.340   0.000    0.978      0.003    0.002    7110.0    2164.0    1.0
at_least_one_positive_image_by_area[1006]  0.079  0.151   0.000    0.348      0.003    0.002    5134.0    2189.0    1.0
at_least_one_positive_image_by_area[1007]  0.136  0.197   0.000    0.545      0.002    0.002    6683.0    9284.0    1.0
at_least_one_positive_image_by_area[1008]  0.292  0.277   0.000    0.863      0.002    0.002   11579.0   17987.0    1.0
at_least_one_positive_image_by_area[1009]  0.402  0.316   0.000    0.964      0.003    0.002   12902.0   11372.0    1.0
at_least_one_positive_image_by_area[1010]  0.176  0.243   0.000    0.731      0.002    0.002    8200.0    4043.0    1.0
at_least_one_positive_image_by_area[1011]  0.187  0.248   0.000    0.743      0.002    0.001   12631.0   14613.0    1.0
at_least_one_positive_image_by_area[1012]  0.203  0.244   0.000    0.744      0.002    0.002   14944.0    7298.0    1.0
at_least_one_positive_image_by_area[1013]  0.381  0.296   0.002    0.934      0.003    0.002   10039.0   12717.0    1.0
at_least_one_positive_image_by_area[1014]  0.199  0.253   0.000    0.767      0.002    0.002   10191.0   10169.0    1.0
at_least_one_positive_image_by_area[1015]  0.334  0.302   0.000    0.926      0.003    0.002    8663.0    4368.0    1.0
at_least_one_positive_image_by_area[1016]  0.275  0.295   0.000    0.900      0.004    0.003    9964.0   16280.0    1.0
at_least_one_positive_image_by_area[1017]  0.068  0.124   0.000    0.276      0.001    0.001    8370.0    9486.0    1.0
at_least_one_positive_image_by_area[1018]  0.128  0.195   0.000    0.541      0.002    0.002    8592.0    6236.0    1.0
at_least_one_positive_image_by_area[1019]  0.201  0.259   0.000    0.782      0.002    0.001   11801.0   12713.0    1.0
at_least_one_positive_image_by_area[1020]  0.057  0.106   0.000    0.225      0.001    0.001    7263.0   13276.0    1.0
at_least_one_positive_image_by_area[1021]  0.266  0.278   0.000    0.854      0.002    0.002   10554.0   13749.0    1.0
at_least_one_positive_image_by_area[1022]  0.451  0.318   0.040    1.000      0.003    0.002    8965.0   15543.0    1.0
at_least_one_positive_image_by_area[1023]  1.000  0.000   1.000    1.000      0.000    0.000   40000.0   40000.0    NaN
at_least_one_positive_image_by_area[1024]  0.230  0.244   0.000    0.750      0.003    0.002    6584.0    3423.0    1.0
at_least_one_positive_image_by_area[1025]  0.127  0.195   0.000    0.538      0.002    0.001   10863.0   17396.0    1.0
at_least_one_positive_image_by_area[1026]  0.280  0.260   0.000    0.822      0.003    0.002   10101.0   11991.0    1.0
at_least_one_positive_image_by_area[1027]  0.139  0.177   0.000    0.493      0.002    0.001   11538.0   15411.0    1.0
at_least_one_positive_image_by_area[1028]  0.365  0.280   0.003    0.901      0.003    0.002    9883.0   15415.0    1.0
at_least_one_positive_image_by_area[1029]  0.441  0.336   0.023    1.000      0.003    0.002   12258.0   13798.0    1.0
at_least_one_positive_image_by_area[1030]  0.159  0.221   0.000    0.647      0.003    0.002    6680.0    7205.0    1.0
at_least_one_positive_image_by_area[1031]  0.134  0.186   0.000    0.506      0.004    0.003    5199.0    2087.0    1.0
at_least_one_positive_image_by_area[1032]  0.305  0.267   0.001    0.853      0.003    0.003    7766.0    4956.0    1.0
at_least_one_positive_image_by_area[1033]  0.101  0.159   0.000    0.406      0.001    0.001    5151.0    2135.0    1.0
at_least_one_positive_image_by_area[1034]  0.057  0.116   0.000    0.234      0.001    0.001    9773.0   12556.0    1.0
at_least_one_positive_image_by_area[1035]  0.176  0.229   0.000    0.671      0.002    0.001   10986.0   16491.0    1.0
at_least_one_positive_image_by_area[1036]  0.041  0.089   0.000    0.166      0.001    0.001   10668.0   10255.0    1.0
at_least_one_positive_image_by_area[1037]  0.165  0.213   0.000    0.617      0.002    0.002   12076.0   10731.0    1.0
at_least_one_positive_image_by_area[1038]  0.023  0.073   0.000    0.091      0.001    0.000   10452.0   12992.0    1.0
at_least_one_positive_image_by_area[1039]  1.000  0.000   1.000    1.000      0.000    0.000   40000.0   40000.0    NaN
at_least_one_positive_image_by_area[1040]  0.104  0.153   0.000    0.392      0.001    0.001   11302.0   10965.0    1.0
at_least_one_positive_image_by_area[1041]  0.234  0.265   0.000    0.819      0.004    0.003    7083.0    2562.0    1.0
at_least_one_positive_image_by_area[1042]  0.185  0.237   0.000    0.718      0.002    0.002   11618.0   11038.0    1.0
at_least_one_positive_image_by_area[1043]  0.164  0.215   0.000    0.625      0.002    0.001   10649.0   12592.0    1.0
at_least_one_positive_image_by_area[1044]  0.064  0.116   0.000    0.249      0.001    0.001    9215.0   13374.0    1.0
at_least_one_positive_image_by_area[1045]  0.493  0.334   0.034    1.000      0.003    0.002   12074.0   12987.0    1.0
at_least_one_positive_image_by_area[1046]  0.040  0.098   0.000    0.162      0.001    0.001    9940.0   10929.0    1.0
at_least_one_positive_image_by_area[1047]  0.311  0.349   0.000    0.983      0.004    0.003    8346.0   13800.0    1.0
at_least_one_positive_image_by_area[1048]  0.137  0.190   0.000    0.525      0.002    0.001   13934.0   17896.0    1.0
at_least_one_positive_image_by_area[1049]  0.131  0.212   0.000    0.593      0.002    0.001   11483.0   11769.0    1.0
at_least_one_positive_image_by_area[1050]  0.029  0.066   0.000    0.110      0.001    0.000   11113.0   13025.0    1.0
at_least_one_positive_image_by_area[1051]  0.109  0.190   0.000    0.507      0.002    0.001   11977.0   15519.0    1.0
at_least_one_positive_image_by_area[1052]  0.280  0.294   0.000    0.901      0.003    0.002   10599.0   15393.0    1.0
at_least_one_positive_image_by_area[1053]  0.183  0.244   0.000    0.736      0.002    0.001   14032.0   13190.0    1.0
at_least_one_positive_image_by_area[1054]  0.074  0.163   0.000    0.362      0.002    0.001    8896.0   14663.0    1.0
at_least_one_positive_image_by_area[1055]  0.135  0.196   0.000    0.548      0.002    0.001    9796.0   10968.0    1.0
at_least_one_positive_image_by_area[1056]  0.075  0.139   0.000    0.314      0.001    0.001    7862.0    9019.0    1.0
at_least_one_positive_image_by_area[1057]  0.061  0.127   0.000    0.268      0.001    0.001   10420.0   10795.0    1.0
at_least_one_positive_image_by_area[1058]  0.078  0.140   0.000    0.319      0.001    0.001    7860.0   14906.0    1.0
at_least_one_positive_image_by_area[1059]  0.209  0.234   0.000    0.713      0.002    0.002   10548.0   11847.0    1.0
at_least_one_positive_image_by_area[1060]  0.270  0.275   0.000    0.849      0.002    0.002   12017.0   11427.0    1.0
at_least_one_positive_image_by_area[1061]  0.141  0.209   0.000    0.590      0.002    0.001    8795.0   10944.0    1.0
at_least_one_positive_image_by_area[1062]  1.000  0.000   1.000    1.000      0.000    0.000   40000.0   40000.0    NaN
at_least_one_positive_image_by_area[1063]  0.510  0.321   0.053    1.000      0.003    0.002   12147.0    7052.0    1.0
at_least_one_positive_image_by_area[1064]  0.903  0.195   0.487    1.000      0.003    0.002    7511.0    7543.0    1.0
at_least_one_positive_image_by_area[1065]  0.103  0.187   0.000    0.487      0.004    0.003    6731.0    2573.0    1.0
at_least_one_positive_image_by_area[1066]  0.123  0.168   0.000    0.452      0.002    0.001    9263.0   13728.0    1.0
at_least_one_positive_image_by_area[1067]  0.126  0.194   0.000    0.532      0.002    0.001    7014.0    8865.0    1.0
at_least_one_positive_image_by_area[1068]  0.244  0.327   0.000    0.956      0.004    0.003    7518.0   13235.0    1.0
at_least_one_positive_image_by_area[1069]  0.148  0.175   0.000    0.501      0.002    0.001    9452.0   13659.0    1.0
at_least_one_positive_image_by_area[1070]  0.095  0.169   0.000    0.424      0.001    0.001   10240.0   14164.0    1.0
at_least_one_positive_image_by_area[1071]  0.133  0.209   0.000    0.589      0.002    0.001   13079.0   15530.0    1.0
at_least_one_positive_image_by_area[1072]  0.106  0.181   0.000    0.471      0.002    0.001    9238.0   12815.0    1.0
at_least_one_positive_image_by_area[1073]  0.185  0.245   0.000    0.737      0.002    0.001    7689.0    3915.0    1.0
at_least_one_positive_image_by_area[1074]  0.160  0.229   0.000    0.671      0.002    0.002    6849.0   15794.0    1.0
at_least_one_positive_image_by_area[1075]  1.000  0.000   1.000    1.000      0.000    0.000   40000.0   40000.0    NaN
at_least_one_positive_image_by_area[1076]  0.184  0.226   0.000    0.673      0.002    0.001    8951.0    8353.0    1.0
at_least_one_positive_image_by_area[1077]  0.241  0.259   0.000    0.800      0.003    0.002    8291.0    9161.0    1.0
at_least_one_positive_image_by_area[1078]  0.194  0.240   0.000    0.722      0.002    0.002    7585.0    3374.0    1.0
at_least_one_positive_image_by_area[1079]  0.083  0.150   0.000    0.360      0.001    0.001   11287.0   14305.0    1.0
at_least_one_positive_image_by_area[1080]  1.000  0.000   1.000    1.000      0.000    0.000   40000.0   40000.0    NaN
at_least_one_positive_image_by_area[1081]  0.261  0.271   0.000    0.844      0.004    0.004    5030.0    2329.0    1.0
at_least_one_positive_image_by_area[1082]  0.282  0.252   0.001    0.796      0.002    0.002   13243.0   14391.0    1.0
at_least_one_positive_image_by_area[1083]  0.061  0.134   0.000    0.270      0.001    0.001    8066.0    2533.0    1.0
at_least_one_positive_image_by_area[1084]  0.054  0.128   0.000    0.243      0.001    0.001   10599.0   15310.0    1.0
at_least_one_positive_image_by_area[1085]  0.068  0.149   0.000    0.319      0.002    0.001    8971.0   12546.0    1.0
at_least_one_positive_image_by_area[1086]  0.202  0.257   0.000    0.780      0.002    0.002   11573.0   14089.0    1.0
at_least_one_positive_image_by_area[1087]  0.105  0.204   0.000    0.542      0.002    0.001   10563.0   12106.0    1.0
at_least_one_positive_image_by_area[1088]  0.442  0.352   0.010    1.000      0.003    0.002   14603.0   14952.0    1.0
at_least_one_positive_image_by_area[1089]  0.141  0.222   0.000    0.637      0.002    0.001    7862.0    3979.0    1.0
at_least_one_positive_image_by_area[1090]  0.067  0.138   0.000    0.295      0.001    0.001    7864.0   10094.0    1.0
at_least_one_positive_image_by_area[1091]  0.145  0.223   0.000    0.644      0.002    0.001   10278.0   12071.0    1.0
at_least_one_positive_image_by_area[1092]  0.114  0.200   0.000    0.547      0.002    0.001   12223.0   14985.0    1.0
at_least_one_positive_image_by_area[1093]  0.155  0.210   0.000    0.605      0.002    0.001    7734.0    4229.0    1.0
at_least_one_positive_image_by_area[1094]  0.115  0.184   0.000    0.487      0.002    0.001   10119.0   12998.0    1.0
at_least_one_positive_image_by_area[1095]  0.146  0.212   0.000    0.607      0.002    0.001   12077.0   14303.0    1.0
at_least_one_positive_image_by_area[1096]  0.173  0.226   0.000    0.665      0.002    0.001   11680.0   17169.0    1.0
at_least_one_positive_image_by_area[1097]  0.125  0.204   0.000    0.568      0.002    0.001    9445.0    4396.0    1.0
at_least_one_positive_image_by_area[1098]  0.228  0.257   0.000    0.786      0.002    0.002    7667.0   10017.0    1.0
at_least_one_positive_image_by_area[1099]  0.109  0.159   0.000    0.422      0.001    0.001   12668.0   16133.0    1.0
at_least_one_positive_image_by_area[1100]  0.299  0.270   0.001    0.846      0.003    0.002    6822.0    4097.0    1.0
at_least_one_positive_image_by_area[1101]  0.539  0.370   0.010    1.000      0.004    0.003    9388.0   10600.0    1.0
at_least_one_positive_image_by_area[1102]  0.356  0.307   0.000    0.946      0.002    0.002   14485.0   15321.0    1.0
at_least_one_positive_image_by_area[1103]  0.419  0.332   0.000    0.980      0.004    0.003    8300.0    9943.0    1.0
at_least_one_positive_image_by_area[1104]  0.185  0.248   0.000    0.746      0.002    0.002    9429.0   11509.0    1.0
at_least_one_positive_image_by_area[1105]  0.363  0.315   0.000    0.953      0.003    0.002   14164.0   13616.0    1.0
at_least_one_positive_image_by_area[1106]  0.211  0.249   0.000    0.764      0.003    0.002    9353.0    4028.0    1.0
at_least_one_positive_image_by_area[1107]  0.364  0.309   0.000    0.950      0.003    0.002   12180.0    9317.0    1.0
at_least_one_positive_image_by_area[1108]  0.292  0.313   0.000    0.934      0.003    0.002   11577.0   13047.0    1.0
at_least_one_positive_image_by_area[1109]  0.428  0.321   0.029    1.000      0.003    0.002    9795.0   12670.0    1.0
at_least_one_positive_image_by_area[1110]  0.204  0.242   0.000    0.725      0.003    0.002   12711.0   17217.0    1.0
at_least_one_positive_image_by_area[1111]  1.000  0.000   1.000    1.000      0.000    0.000   40000.0   40000.0    NaN
at_least_one_positive_image_by_area[1112]  0.248  0.269   0.000    0.834      0.002    0.002   13457.0   14466.0    1.0
at_least_one_positive_image_by_area[1113]  0.340  0.306   0.000    0.938      0.003    0.002   16162.0   18298.0    1.0
at_least_one_positive_image_by_area[1114]  0.253  0.283   0.000    0.871      0.003    0.002    9790.0    5926.0    1.0
at_least_one_positive_image_by_area[1115]  1.000  0.000   1.000    1.000      0.000    0.000   40000.0   40000.0    NaN
at_least_one_positive_image_by_area[1116]  1.000  0.000   1.000    1.000      0.000    0.000   40000.0   40000.0    NaN
at_least_one_positive_image_by_area[1117]  0.382  0.318   0.000    0.963      0.003    0.002   13105.0    8196.0    1.0
at_least_one_positive_image_by_area[1118]  1.000  0.000   1.000    1.000      0.000    0.000   40000.0   40000.0    NaN
at_least_one_positive_image_by_area[1119]  1.000  0.000   1.000    1.000      0.000    0.000   40000.0   40000.0    NaN
at_least_one_positive_image_by_area[1120]  0.474  0.312   0.050    1.000      0.003    0.002   11880.0   13172.0    1.0
at_least_one_positive_image_by_area[1121]  0.575  0.348   0.038    1.000      0.003    0.002   12156.0   15554.0    1.0
at_least_one_positive_image_by_area[1122]  1.000  0.000   1.000    1.000      0.000    0.000   40000.0   40000.0    NaN
at_least_one_positive_image_by_area[1123]  0.623  0.304   0.112    1.000      0.003    0.002   11660.0   10456.0    1.0
at_least_one_positive_image_by_area[1124]  0.243  0.285   0.000    0.870      0.003    0.002   11748.0   18204.0    1.0
at_least_one_positive_image_by_area[1125]  0.338  0.335   0.000    0.974      0.003    0.002   10087.0    6844.0    1.0
at_least_one_positive_image_by_area[1126]  0.227  0.265   0.000    0.809      0.002    0.002    6930.0    2337.0    1.0
at_least_one_positive_image_by_area[1127]  0.465  0.310   0.050    1.000      0.003    0.002   11587.0   14800.0    1.0
at_least_one_positive_image_by_area[1128]  0.786  0.321   0.065    1.000      0.004    0.003    7314.0    9125.0    1.0
at_least_one_positive_image_by_area[1129]  0.202  0.265   0.000    0.798      0.002    0.002    7331.0    8922.0    1.0
at_least_one_positive_image_by_area[1130]  0.265  0.280   0.000    0.853      0.003    0.002    7483.0    4000.0    1.0
at_least_one_positive_image_by_area[1131]  0.245  0.254   0.000    0.779      0.003    0.002   10374.0   15833.0    1.0
at_least_one_positive_image_by_area[1132]  0.201  0.264   0.000    0.798      0.002    0.002   12204.0   12577.0    1.0
at_least_one_positive_image_by_area[1133]  0.321  0.305   0.000    0.930      0.003    0.002    9997.0   11487.0    1.0
at_least_one_positive_image_by_area[1134]  0.307  0.298   0.000    0.913      0.003    0.002   10243.0   13359.0    1.0
at_least_one_positive_image_by_area[1135]  0.818  0.272   0.179    1.000      0.003    0.002   13040.0   10866.0    1.0
at_least_one_positive_image_by_area[1136]  1.000  0.000   1.000    1.000      0.000    0.000   40000.0   40000.0    NaN
at_least_one_positive_image_by_area[1137]  0.265  0.293   0.000    0.893      0.002    0.002    9364.0    9261.0    1.0
at_least_one_positive_image_by_area[1138]  0.374  0.278   0.005    0.900      0.003    0.002    8069.0    3719.0    1.0
at_least_one_positive_image_by_area[1139]  0.408  0.295   0.007    0.942      0.003    0.002    7035.0    6404.0    1.0
at_least_one_positive_image_by_area[1140]  0.543  0.320   0.066    1.000      0.003    0.002   12864.0   16259.0    1.0
at_least_one_positive_image_by_area[1141]  0.583  0.342   0.048    1.000      0.004    0.003    9615.0   15107.0    1.0
at_least_one_positive_image_by_area[1142]  1.000  0.000   1.000    1.000      0.000    0.000   40000.0   40000.0    NaN
at_least_one_positive_image_by_area[1143]  0.338  0.302   0.000    0.932      0.003    0.002    8231.0    4216.0    1.0
at_least_one_positive_image_by_area[1144]  1.000  0.000   1.000    1.000      0.000    0.000   40000.0   40000.0    NaN
at_least_one_positive_image_by_area[1145]  0.474  0.310   0.053    1.000      0.003    0.002    6911.0    3716.0    1.0
at_least_one_positive_image_by_area[1146]  0.542  0.366   0.014    1.000      0.004    0.003    7165.0    2567.0    1.0
at_least_one_positive_image_by_area[1147]  0.625  0.332   0.055    1.000      0.003    0.002    9561.0    3830.0    1.0
at_least_one_positive_image_by_area[1148]  1.000  0.000   1.000    1.000      0.000    0.000   40000.0   40000.0    NaN
at_least_one_positive_image_by_area[1149]  0.157  0.222   0.000    0.644      0.002    0.001   10487.0   13231.0    1.0
at_least_one_positive_image_by_area[1150]  0.123  0.184   0.000    0.496      0.002    0.001    7545.0    9816.0    1.0
at_least_one_positive_image_by_area[1151]  0.262  0.278   0.000    0.857      0.003    0.002   12015.0   14201.0    1.0
at_least_one_positive_image_by_area[1152]  0.139  0.221   0.000    0.637      0.002    0.001   11584.0   11671.0    1.0
at_least_one_positive_image_by_area[1153]  0.122  0.182   0.000    0.492      0.002    0.001    8441.0   12222.0    1.0
at_least_one_positive_image_by_area[1154]  1.000  0.000   1.000    1.000      0.000    0.000   40000.0   40000.0    NaN
at_least_one_positive_image_by_area[1155]  0.370  0.298   0.001    0.934      0.003    0.002   11998.0   11518.0    1.0
at_least_one_positive_image_by_area[1156]  0.083  0.172   0.000    0.411      0.001    0.001    7942.0    6431.0    1.0
at_least_one_positive_image_by_area[1157]  0.133  0.237   0.000    0.690      0.002    0.002   10461.0   13631.0    1.0
at_least_one_positive_image_by_area[1158]  0.309  0.281   0.000    0.884      0.003    0.002    5052.0    1718.0    1.0
at_least_one_positive_image_by_area[1159]  0.236  0.241   0.000    0.739      0.002    0.001   10659.0    7048.0    1.0
at_least_one_positive_image_by_area[1160]  0.268  0.282   0.000    0.875      0.003    0.002    8651.0    3867.0    1.0
at_least_one_positive_image_by_area[1161]  0.217  0.266   0.000    0.816      0.002    0.002   14600.0   15635.0    1.0
at_least_one_positive_image_by_area[1162]  0.219  0.273   0.000    0.830      0.003    0.002    9323.0    6502.0    1.0
at_least_one_positive_image_by_area[1163]  1.000  0.000   1.000    1.000      0.000    0.000   40000.0   40000.0    NaN
at_least_one_positive_image_by_area[1164]  0.111  0.188   0.000    0.495      0.002    0.001    5191.0    2529.0    1.0
at_least_one_positive_image_by_area[1165]  0.351  0.302   0.000    0.932      0.003    0.002    7355.0    4417.0    1.0
at_least_one_positive_image_by_area[1166]  0.270  0.294   0.000    0.894      0.002    0.002   12966.0   15470.0    1.0
at_least_one_positive_image_by_area[1167]  0.256  0.268   0.000    0.827      0.003    0.002   10027.0   13336.0    1.0
at_least_one_positive_image_by_area[1168]  0.243  0.294   0.000    0.899      0.004    0.003    5902.0    7461.0    1.0
at_least_one_positive_image_by_area[1169]  0.176  0.240   0.000    0.720      0.002    0.001   11806.0   14175.0    1.0
at_least_one_positive_image_by_area[1170]  0.211  0.250   0.000    0.757      0.003    0.002    9734.0   16605.0    1.0
at_least_one_positive_image_by_area[1171]  0.236  0.253   0.000    0.778      0.003    0.002    7629.0    6147.0    1.0
at_least_one_positive_image_by_area[1172]  0.139  0.208   0.000    0.587      0.002    0.001    9192.0   10713.0    1.0
at_least_one_positive_image_by_area[1173]  0.177  0.246   0.000    0.746      0.002    0.002    5833.0    2075.0    1.0
at_least_one_positive_image_by_area[1174]  0.192  0.245   0.000    0.737      0.002    0.001    9962.0    8012.0    1.0
at_least_one_positive_image_by_area[1175]  0.154  0.220   0.000    0.639      0.003    0.002    5935.0    4809.0    1.0
at_least_one_positive_image_by_area[1176]  0.221  0.263   0.000    0.802      0.002    0.002    6894.0    5580.0    1.0
at_least_one_positive_image_by_area[1177]  0.277  0.315   0.000    0.938      0.004    0.003    6733.0    3218.0    1.0
at_least_one_positive_image_by_area[1178]  0.175  0.224   0.000    0.657      0.002    0.001   10719.0   13325.0    1.0
at_least_one_positive_image_by_area[1179]  0.219  0.275   0.000    0.840      0.003    0.002    6457.0    3542.0    1.0
at_least_one_positive_image_by_area[1180]  0.095  0.159   0.000    0.397      0.001    0.001    6781.0    3291.0    1.0
at_least_one_positive_image_by_area[1181]  0.345  0.293   0.000    0.920      0.002    0.002    8198.0    5204.0    1.0
at_least_one_positive_image_by_area[1182]  0.164  0.213   0.000    0.617      0.002    0.001    7009.0    2931.0    1.0
at_least_one_positive_image_by_area[1183]  1.000  0.000   1.000    1.000      0.000    0.000   40000.0   40000.0    NaN
at_least_one_positive_image_by_area[1184]  0.205  0.242   0.000    0.735      0.002    0.001    5937.0    2982.0    1.0
at_least_one_positive_image_by_area[1185]  0.151  0.212   0.000    0.605      0.002    0.002    7441.0   10248.0    1.0
at_least_one_positive_image_by_area[1186]  0.213  0.255   0.000    0.775      0.002    0.002    3891.0    1965.0    1.0
at_least_one_positive_image_by_area[1187]  1.000  0.000   1.000    1.000      0.000    0.000   40000.0   40000.0    NaN
at_least_one_positive_image_by_area[1188]  0.246  0.253   0.000    0.782      0.002    0.002   10074.0   13424.0    1.0
at_least_one_positive_image_by_area[1189]  0.142  0.199   0.000    0.557      0.002    0.001   10015.0   15013.0    1.0
at_least_one_positive_image_by_area[1190]  0.220  0.260   0.000    0.787      0.003    0.002    8852.0   13766.0    1.0
at_least_one_positive_image_by_area[1191]  0.113  0.192   0.000    0.511      0.001    0.001   11708.0   12896.0    1.0
at_least_one_positive_image_by_area[1192]  0.087  0.173   0.000    0.421      0.001    0.001   10414.0   12520.0    1.0
at_least_one_positive_image_by_area[1193]  0.148  0.232   0.000    0.679      0.002    0.001    7795.0    3844.0    1.0
at_least_one_positive_image_by_area[1194]  0.109  0.198   0.000    0.534      0.002    0.001   12557.0   14417.0    1.0
at_least_one_positive_image_by_area[1195]  0.135  0.212   0.000    0.601      0.002    0.001   10433.0   12998.0    1.0
at_least_one_positive_image_by_area[1196]  0.154  0.231   0.000    0.679      0.003    0.002    7678.0    6862.0    1.0
at_least_one_positive_image_by_area[1197]  0.172  0.238   0.000    0.705      0.003    0.002    8502.0    7503.0    1.0
at_least_one_positive_image_by_area[1198]  0.943  0.155   0.707    1.000      0.003    0.002    5109.0    2463.0    1.0
at_least_one_positive_image_by_area[1199]  0.147  0.206   0.000    0.586      0.002    0.001    9036.0   13756.0    1.0
at_least_one_positive_image_by_area[1200]  0.145  0.212   0.000    0.610      0.002    0.001    8820.0    4119.0    1.0
at_least_one_positive_image_by_area[1201]  0.343  0.299   0.000    0.932      0.003    0.002   12761.0   15642.0    1.0
at_least_one_positive_image_by_area[1202]  0.296  0.280   0.000    0.871      0.003    0.002   10095.0   15974.0    1.0
at_least_one_positive_image_by_area[1203]  0.205  0.243   0.000    0.737      0.002    0.002    7803.0   11637.0    1.0
at_least_one_positive_image_by_area[1204]  0.347  0.299   0.000    0.931      0.003    0.002   11727.0   11373.0    1.0
at_least_one_positive_image_by_area[1205]  1.000  0.000   1.000    1.000      0.000    0.000   40000.0   40000.0    NaN
at_least_one_positive_image_by_area[1206]  0.231  0.256   0.000    0.784      0.004    0.004    4487.0    2109.0    1.0
at_least_one_positive_image_by_area[1207]  1.000  0.000   1.000    1.000      0.000    0.000   40000.0   40000.0    NaN
at_least_one_positive_image_by_area[1208]  0.330  0.306   0.000    0.936      0.002    0.002   13720.0   11722.0    1.0
at_least_one_positive_image_by_area[1209]  0.158  0.204   0.000    0.588      0.004    0.004    4693.0    2070.0    1.0
at_least_one_positive_image_by_area[1210]  0.373  0.334   0.000    0.975      0.004    0.003    7752.0    8388.0    1.0
at_least_one_positive_image_by_area[1211]  0.165  0.233   0.000    0.686      0.002    0.001    9096.0    4084.0    1.0
at_least_one_positive_image_by_area[1212]  0.158  0.216   0.000    0.630      0.002    0.001   11885.0   15682.0    1.0
at_least_one_positive_image_by_area[1213]  0.158  0.214   0.000    0.623      0.002    0.001   11662.0   11992.0    1.0
at_least_one_positive_image_by_area[1214]  0.257  0.272   0.000    0.840      0.002    0.002    8436.0    5475.0    1.0
at_least_one_positive_image_by_area[1215]  0.495  0.348   0.022    1.000      0.003    0.002   11452.0   15888.0    1.0
at_least_one_positive_image_by_area[1216]  1.000  0.000   1.000    1.000      0.000    0.000   40000.0   40000.0    NaN
at_least_one_positive_image_by_area[1217]  0.221  0.250   0.000    0.764      0.002    0.001   13016.0   12980.0    1.0
at_least_one_positive_image_by_area[1218]  0.166  0.246   0.000    0.739      0.002    0.002    7072.0    3434.0    1.0
at_least_one_positive_image_by_area[1219]  0.448  0.309   0.045    1.000      0.002    0.002   15798.0   14160.0    1.0
at_least_one_positive_image_by_area[1220]  0.323  0.298   0.000    0.925      0.003    0.002   14037.0   15976.0    1.0
at_least_one_positive_image_by_area[1221]  0.313  0.292   0.000    0.900      0.003    0.002   14079.0   17604.0    1.0
at_least_one_positive_image_by_area[1222]  0.310  0.291   0.000    0.899      0.002    0.002   12634.0   12072.0    1.0
at_least_one_positive_image_by_area[1223]  1.000  0.000   1.000    1.000      0.000    0.000   40000.0   40000.0    NaN
at_least_one_positive_image_by_area[1224]  0.416  0.312   0.003    0.964      0.003    0.002   11484.0   15337.0    1.0
at_least_one_positive_image_by_area[1225]  1.000  0.000   1.000    1.000      0.000    0.000   40000.0   40000.0    NaN
at_least_one_positive_image_by_area[1226]  0.393  0.306   0.001    0.954      0.003    0.002   11394.0   10375.0    1.0
at_least_one_positive_image_by_area[1227]  1.000  0.000   1.000    1.000      0.000    0.000   40000.0   40000.0    NaN
at_least_one_positive_image_by_area[1228]  0.328  0.293   0.000    0.913      0.004    0.003    5727.0    3912.0    1.0
at_least_one_positive_image_by_area[1229]  0.229  0.253   0.000    0.774      0.002    0.002    8762.0   14270.0    1.0
at_least_one_positive_image_by_area[1230]  0.059  0.123   0.000    0.245      0.001    0.001    8386.0   12529.0    1.0
at_least_one_positive_image_by_area[1231]  0.109  0.182   0.000    0.493      0.002    0.002    6012.0    4775.0    1.0
at_least_one_positive_image_by_area[1232]  0.135  0.208   0.000    0.584      0.002    0.001   11495.0   16819.0    1.0
at_least_one_positive_image_by_area[1233]  0.198  0.236   0.000    0.713      0.002    0.002   12229.0   14968.0    1.0
at_least_one_positive_image_by_area[1234]  0.282  0.279   0.000    0.862      0.002    0.002   12302.0   17969.0    1.0
at_least_one_positive_image_by_area[1235]  0.314  0.284   0.000    0.889      0.003    0.002   10550.0   15352.0    1.0
at_least_one_positive_image_by_area[1236]  1.000  0.000   1.000    1.000      0.000    0.000   40000.0   40000.0    NaN
at_least_one_positive_image_by_area[1237]  0.370  0.304   0.001    0.941      0.003    0.002   10234.0   10605.0    1.0
at_least_one_positive_image_by_area[1238]  1.000  0.000   1.000    1.000      0.000    0.000   40000.0   40000.0    NaN
at_least_one_positive_image_by_area[1239]  0.335  0.289   0.000    0.904      0.003    0.002   13764.0   15194.0    1.0
at_least_one_positive_image_by_area[1240]  0.221  0.240   0.000    0.732      0.002    0.002   12230.0   15958.0    1.0
at_least_one_positive_image_by_area[1241]  0.439  0.334   0.026    1.000      0.004    0.003    7414.0   13129.0    1.0
at_least_one_positive_image_by_area[1242]  0.303  0.271   0.001    0.851      0.002    0.002   13736.0   17232.0    1.0
at_least_one_positive_image_by_area[1243]  0.107  0.177   0.000    0.462      0.001    0.001    8382.0   13683.0    1.0
at_least_one_positive_image_by_area[1244]  0.467  0.347   0.023    1.000      0.004    0.003    7705.0   15422.0    1.0
at_least_one_positive_image_by_area[1245]  0.337  0.309   0.000    0.934      0.003    0.002   10497.0   16040.0    1.0
at_least_one_positive_image_by_area[1246]  0.205  0.246   0.000    0.745      0.003    0.002    8443.0    4090.0    1.0
at_least_one_positive_image_by_area[1247]  0.434  0.328   0.027    1.000      0.003    0.002    9550.0   12517.0    1.0
at_least_one_positive_image_by_area[1248]  0.063  0.126   0.000    0.269      0.002    0.001    7969.0    6392.0    1.0
at_least_one_positive_image_by_area[1249]  0.349  0.300   0.000    0.931      0.003    0.002   12054.0   12529.0    1.0
at_least_one_positive_image_by_area[1250]  0.554  0.383   0.011    1.000      0.004    0.003   10058.0   12558.0    1.0
at_least_one_positive_image_by_area[1251]  0.194  0.240   0.000    0.719      0.002    0.001   11167.0   12039.0    1.0
at_least_one_positive_image_by_area[1252]  0.404  0.356   0.000    0.990      0.003    0.002   13097.0   15183.0    1.0
at_least_one_positive_image_by_area[1253]  0.129  0.188   0.000    0.514      0.002    0.001   10719.0   11022.0    1.0
at_least_one_positive_image_by_area[1254]  1.000  0.000   1.000    1.000      0.000    0.000   40000.0   40000.0    NaN
at_least_one_positive_image_by_area[1255]  0.126  0.197   0.000    0.545      0.002    0.001   10392.0   10904.0    1.0
at_least_one_positive_image_by_area[1256]  0.317  0.281   0.000    0.883      0.003    0.002   11279.0   14866.0    1.0
at_least_one_positive_image_by_area[1257]  0.198  0.248   0.000    0.745      0.002    0.001    6093.0    2082.0    1.0
at_least_one_positive_image_by_area[1258]  1.000  0.000   1.000    1.000      0.000    0.000   40000.0   40000.0    NaN
at_least_one_positive_image_by_area[1259]  0.258  0.270   0.000    0.830      0.002    0.002   10539.0   10792.0    1.0
at_least_one_positive_image_by_area[1260]  0.326  0.294   0.000    0.915      0.003    0.002   12518.0    6360.0    1.0
at_least_one_positive_image_by_area[1261]  0.993  0.037   0.975    1.000      0.000    0.000   10212.0   12957.0    1.0
at_least_one_positive_image_by_area[1262]  0.363  0.294   0.001    0.923      0.003    0.002    5728.0    2226.0    1.0
at_least_one_positive_image_by_area[1263]  1.000  0.000   1.000    1.000      0.000    0.000   40000.0   40000.0    NaN
at_least_one_positive_image_by_area[1264]  1.000  0.000   1.000    1.000      0.000    0.000   40000.0   40000.0    NaN
at_least_one_positive_image_by_area[1265]  0.196  0.247   0.000    0.744      0.002    0.002   10870.0   14890.0    1.0
at_least_one_positive_image_by_area[1266]  0.355  0.301   0.001    0.938      0.004    0.003    5619.0    2346.0    1.0
at_least_one_positive_image_by_area[1267]  1.000  0.000   1.000    1.000      0.000    0.000   40000.0   40000.0    NaN
at_least_one_positive_image_by_area[1268]  0.080  0.149   0.000    0.348      0.001    0.001    5776.0    1523.0    1.0
at_least_one_positive_image_by_area[1269]  0.338  0.302   0.000    0.930      0.003    0.002   11850.0   10740.0    1.0
at_least_one_positive_image_by_area[1270]  0.221  0.250   0.000    0.766      0.002    0.001   12392.0   12251.0    1.0
at_least_one_positive_image_by_area[1271]  0.172  0.224   0.000    0.657      0.002    0.001   12781.0   12811.0    1.0
at_least_one_positive_image_by_area[1272]  0.068  0.124   0.000    0.269      0.001    0.001   10826.0   14427.0    1.0
at_least_one_positive_image_by_area[1273]  0.092  0.162   0.000    0.392      0.001    0.001    9339.0   15184.0    1.0
at_least_one_positive_image_by_area[1274]  0.198  0.249   0.000    0.755      0.002    0.002   10700.0    9164.0    1.0
at_least_one_positive_image_by_area[1275]  0.147  0.188   0.000    0.527      0.002    0.001   11109.0   12810.0    1.0
at_least_one_positive_image_by_area[1276]  0.224  0.240   0.000    0.740      0.003    0.002    7285.0    3893.0    1.0
at_least_one_positive_image_by_area[1277]  0.114  0.184   0.000    0.490      0.002    0.001    8689.0    6967.0    1.0
at_least_one_positive_image_by_area[1278]  0.210  0.252   0.000    0.775      0.002    0.002   11462.0   12007.0    1.0
at_least_one_positive_image_by_area[1279]  0.140  0.204   0.000    0.574      0.002    0.002    7669.0   14284.0    1.0
at_least_one_positive_image_by_area[1280]  0.179  0.225   0.000    0.662      0.002    0.001   11479.0   15809.0    1.0
at_least_one_positive_image_by_area[1281]  0.247  0.260   0.000    0.805      0.003    0.002    9760.0   15379.0    1.0
at_least_one_positive_image_by_area[1282]  0.152  0.227   0.000    0.661      0.002    0.001    8665.0   10097.0    1.0
at_least_one_positive_image_by_area[1283]  0.368  0.310   0.001    0.953      0.004    0.003    7552.0    2645.0    1.0
at_least_one_positive_image_by_area[1284]  0.165  0.235   0.000    0.695      0.002    0.001    9077.0    9353.0    1.0
at_least_one_positive_image_by_area[1285]  0.062  0.130   0.000    0.268      0.001    0.001    7067.0    5087.0    1.0
at_least_one_positive_image_by_area[1286]  0.104  0.188   0.000    0.492      0.002    0.001    8286.0   10629.0    1.0
at_least_one_positive_image_by_area[1287]  0.218  0.222   0.000    0.675      0.002    0.001   15189.0   20899.0    1.0
at_least_one_positive_image_by_area[1288]  0.101  0.195   0.000    0.513      0.002    0.001    8840.0   11418.0    1.0
at_least_one_positive_image_by_area[1289]  0.048  0.113   0.000    0.209      0.001    0.001    8947.0   13876.0    1.0
at_least_one_positive_image_by_area[1290]  0.074  0.135   0.000    0.302      0.001    0.001    9127.0    3650.0    1.0
at_least_one_positive_image_by_area[1291]  0.031  0.085   0.000    0.124      0.001    0.000    9425.0   11666.0    1.0
at_least_one_positive_image_by_area[1292]  0.141  0.199   0.000    0.563      0.002    0.001    6591.0    3470.0    1.0
at_least_one_positive_image_by_area[1293]  0.047  0.103   0.000    0.194      0.001    0.001    7815.0    8827.0    1.0
at_least_one_positive_image_by_area[1294]  0.099  0.169   0.000    0.422      0.002    0.001    9183.0    8066.0    1.0
at_least_one_positive_image_by_area[1295]  0.062  0.131   0.000    0.273      0.001    0.001    5988.0   11467.0    1.0
at_least_one_positive_image_by_area[1296]  0.276  0.296   0.000    0.904      0.003    0.003    9604.0    7477.0    1.0
at_least_one_positive_image_by_area[1297]  0.068  0.146   0.000    0.318      0.001    0.001   10498.0   16005.0    1.0
at_least_one_positive_image_by_area[1298]  0.352  0.351   0.000    0.984      0.003    0.002   10731.0   11759.0    1.0
at_least_one_positive_image_by_area[1299]  0.141  0.200   0.000    0.562      0.002    0.002    5096.0    3040.0    1.0
at_least_one_positive_image_by_area[1300]  0.135  0.198   0.000    0.553      0.002    0.001    8596.0    4395.0    1.0
at_least_one_positive_image_by_area[1301]  0.229  0.251   0.000    0.775      0.002    0.002   10320.0   14523.0    1.0
at_least_one_positive_image_by_area[1302]  0.877  0.235   0.310    1.000      0.003    0.002    8589.0    7145.0    1.0
at_least_one_positive_image_by_area[1303]  0.187  0.237   0.000    0.704      0.002    0.002    7932.0   10952.0    1.0
at_least_one_positive_image_by_area[1304]  0.243  0.262   0.000    0.807      0.002    0.002   11054.0   10794.0    1.0
at_least_one_positive_image_by_area[1305]  0.239  0.276   0.000    0.850      0.004    0.003    8389.0    8773.0    1.0
at_least_one_positive_image_by_area[1306]  0.207  0.238   0.000    0.719      0.002    0.002    6945.0    3988.0    1.0
at_least_one_positive_image_by_area[1307]  0.147  0.206   0.000    0.587      0.002    0.001    5286.0    2038.0    1.0
at_least_one_positive_image_by_area[1308]  0.101  0.168   0.000    0.418      0.002    0.002    6214.0    3361.0    1.0
at_least_one_positive_image_by_area[1309]  0.124  0.196   0.000    0.535      0.002    0.001    8718.0    6520.0    1.0
at_least_one_positive_image_by_area[1310]  0.068  0.132   0.000    0.294      0.001    0.001    6434.0    5007.0    1.0
at_least_one_positive_image_by_area[1311]  0.116  0.190   0.000    0.516      0.002    0.001    8280.0    4231.0    1.0
at_least_one_positive_image_by_area[1312]  0.092  0.166   0.000    0.409      0.002    0.001   11221.0   17602.0    1.0
at_least_one_positive_image_by_area[1313]  0.154  0.215   0.000    0.629      0.002    0.001   10020.0    3874.0    1.0
at_least_one_positive_image_by_area[1314]  0.235  0.274   0.000    0.836      0.003    0.002   12049.0   10537.0    1.0
at_least_one_positive_image_by_area[1315]  0.078  0.151   0.000    0.345      0.002    0.001   11233.0   11160.0    1.0
at_least_one_positive_image_by_area[1316]  0.134  0.187   0.000    0.521      0.002    0.001   10788.0    8156.0    1.0
at_least_one_positive_image_by_area[1317]  0.066  0.129   0.000    0.277      0.002    0.001    4907.0    6264.0    1.0
at_least_one_positive_image_by_area[1318]  0.061  0.118   0.000    0.250      0.001    0.001   13269.0   17299.0    1.0
at_least_one_positive_image_by_area[1319]  0.048  0.104   0.000    0.194      0.001    0.001   11453.0   15250.0    1.0
at_least_one_positive_image_by_area[1320]  0.046  0.097   0.000    0.193      0.001    0.001    4428.0    2213.0    1.0
at_least_one_positive_image_by_area[1321]  0.062  0.117   0.000    0.251      0.001    0.001    8509.0   11215.0    1.0
at_least_one_positive_image_by_area[1322]  1.000  0.000   1.000    1.000      0.000    0.000   40000.0   40000.0    NaN
at_least_one_positive_image_by_area[1323]  0.238  0.264   0.000    0.822      0.004    0.003    6091.0    4185.0    1.0
at_least_one_positive_image_by_area[1324]  0.142  0.202   0.000    0.568      0.002    0.001   11899.0   16428.0    1.0
at_least_one_positive_image_by_area[1325]  0.166  0.217   0.000    0.633      0.002    0.002    8402.0   14247.0    1.0
at_least_one_positive_image_by_area[1326]  0.459  0.347   0.019    1.000      0.003    0.002   12938.0   15640.0    1.0
at_least_one_positive_image_by_area[1327]  0.263  0.275   0.000    0.850      0.004    0.003    6389.0    2947.0    1.0
at_least_one_positive_image_by_area[1328]  0.163  0.206   0.000    0.596      0.002    0.001    6823.0    3426.0    1.0
at_least_one_positive_image_by_area[1329]  0.155  0.213   0.000    0.621      0.002    0.001   12157.0   12886.0    1.0
at_least_one_positive_image_by_area[1330]  0.146  0.200   0.000    0.569      0.002    0.001   13578.0   12195.0    1.0
at_least_one_positive_image_by_area[1331]  0.149  0.209   0.000    0.600      0.002    0.001    7290.0    2487.0    1.0
at_least_one_positive_image_by_area[1332]  0.235  0.266   0.000    0.819      0.002    0.002    9613.0    6554.0    1.0
at_least_one_positive_image_by_area[1333]  0.087  0.154   0.000    0.367      0.001    0.001    9597.0   12905.0    1.0
at_least_one_positive_image_by_area[1334]  0.150  0.206   0.000    0.588      0.002    0.001   11353.0   15942.0    1.0
at_least_one_positive_image_by_area[1335]  0.139  0.214   0.000    0.615      0.004    0.003    5251.0    3327.0    1.0
at_least_one_positive_image_by_area[1336]  0.128  0.207   0.000    0.586      0.003    0.002    6643.0    4211.0    1.0
at_least_one_positive_image_by_area[1337]  0.112  0.181   0.000    0.478      0.002    0.001   10497.0   12956.0    1.0
at_least_one_positive_image_by_area[1338]  0.065  0.134   0.000    0.285      0.001    0.001    5486.0    3887.0    1.0
at_least_one_positive_image_by_area[1339]  0.061  0.122   0.000    0.256      0.001    0.001    8684.0   12170.0    1.0
at_least_one_positive_image_by_area[1340]  0.093  0.167   0.000    0.421      0.002    0.001    7371.0    4051.0    1.0
at_least_one_positive_image_by_area[1341]  0.730  0.326   0.056    1.000      0.004    0.003   10014.0    9560.0    1.0
at_least_one_positive_image_by_area[1342]  0.648  0.373   0.011    1.000      0.005    0.003    5334.0    5562.0    1.0
at_least_one_positive_image_by_area[1343]  0.069  0.128   0.000    0.276      0.001    0.001   12236.0   16493.0    1.0
at_least_one_positive_image_by_area[1344]  0.000  0.000   0.000    0.000      0.000    0.000   40000.0   40000.0    NaN
at_least_one_positive_image_by_area[1345]  0.291  0.282   0.000    0.876      0.002    0.002   11101.0    9509.0    1.0
at_least_one_positive_image_by_area[1346]  0.169  0.222   0.000    0.656      0.002    0.001   12074.0   12902.0    1.0
at_least_one_positive_image_by_area[1347]  0.335  0.299   0.000    0.927      0.004    0.003    4720.0    2406.0    1.0
at_least_one_positive_image_by_area[1348]  0.166  0.224   0.000    0.659      0.002    0.001    6663.0    6567.0    1.0
at_least_one_positive_image_by_area[1349]  0.213  0.254   0.000    0.772      0.003    0.002    6277.0    3976.0    1.0
at_least_one_positive_image_by_area[1350]  0.201  0.251   0.000    0.766      0.003    0.002   10913.0    9390.0    1.0
at_least_one_positive_image_by_area[1351]  0.154  0.210   0.000    0.602      0.002    0.001   12874.0   13273.0    1.0
at_least_one_positive_image_by_area[1352]  1.000  0.000   1.000    1.000      0.000    0.000   40000.0   40000.0    NaN
at_least_one_positive_image_by_area[1353]  0.269  0.277   0.000    0.861      0.002    0.002   12471.0   16731.0    1.0
at_least_one_positive_image_by_area[1354]  0.135  0.200   0.000    0.555      0.002    0.001    8166.0    6950.0    1.0
at_least_one_positive_image_by_area[1355]  0.147  0.208   0.000    0.597      0.003    0.002    4490.0    3688.0    1.0
at_least_one_positive_image_by_area[1356]  0.193  0.232   0.000    0.695      0.002    0.002    9064.0   12529.0    1.0
at_least_one_positive_image_by_area[1357]  0.227  0.266   0.000    0.818      0.002    0.002   10212.0    9084.0    1.0
at_least_one_positive_image_by_area[1358]  0.165  0.210   0.000    0.614      0.002    0.002    9601.0    6189.0    1.0
at_least_one_positive_image_by_area[1359]  0.268  0.263   0.000    0.818      0.002    0.002   11622.0   14414.0    1.0
at_least_one_positive_image_by_area[1360]  0.106  0.159   0.000    0.405      0.001    0.001   10140.0    4766.0    1.0
at_least_one_positive_image_by_area[1361]  0.364  0.329   0.000    0.968      0.003    0.002   10390.0   11679.0    1.0
at_least_one_positive_image_by_area[1362]  0.177  0.222   0.000    0.650      0.002    0.001   11857.0   17487.0    1.0
at_least_one_positive_image_by_area[1363]  0.229  0.272   0.000    0.824      0.003    0.002    9281.0   14296.0    1.0
at_least_one_positive_image_by_area[1364]  0.215  0.247   0.000    0.754      0.002    0.002    9714.0   12152.0    1.0
at_least_one_positive_image_by_area[1365]  0.365  0.352   0.000    0.986      0.004    0.003    9651.0   16300.0    1.0
at_least_one_positive_image_by_area[1366]  0.606  0.353   0.012    1.000      0.004    0.003    8225.0    8094.0    1.0
at_least_one_positive_image_by_area[1367]  0.370  0.341   0.000    0.984      0.004    0.003    7694.0    5459.0    1.0
at_least_one_positive_image_by_area[1368]  0.203  0.252   0.000    0.766      0.003    0.002    7337.0    6266.0    1.0
at_least_one_positive_image_by_area[1369]  0.344  0.336   0.000    0.973      0.004    0.003    9116.0   13239.0    1.0
at_least_one_positive_image_by_area[1370]  0.200  0.241   0.000    0.731      0.002    0.001   10980.0   12058.0    1.0
at_least_one_positive_image_by_area[1371]  0.094  0.163   0.000    0.407      0.001    0.001   10030.0   12331.0    1.0
at_least_one_positive_image_by_area[1372]  0.122  0.195   0.000    0.525      0.002    0.001    8981.0   16132.0    1.0
at_least_one_positive_image_by_area[1373]  0.128  0.193   0.000    0.534      0.002    0.001   10464.0   14206.0    1.0
at_least_one_positive_image_by_area[1374]  0.078  0.147   0.000    0.340      0.001    0.001    8674.0    8735.0    1.0
at_least_one_positive_image_by_area[1375]  0.159  0.225   0.000    0.657      0.003    0.002    7432.0    5897.0    1.0
at_least_one_positive_image_by_area[1376]  0.046  0.098   0.000    0.185      0.001    0.001    8733.0   11956.0    1.0
at_least_one_positive_image_by_area[1377]  0.135  0.187   0.000    0.515      0.002    0.001    9997.0   15662.0    1.0
at_least_one_positive_image_by_area[1378]  0.021  0.051   0.000    0.075      0.000    0.000    8037.0    9230.0    1.0
at_least_one_positive_image_by_area[1379]  0.088  0.164   0.000    0.404      0.002    0.001    8604.0   13529.0    1.0
at_least_one_positive_image_by_area[1380]  0.078  0.142   0.000    0.329      0.001    0.001    7583.0   12136.0    1.0
at_least_one_positive_image_by_area[1381]  0.126  0.193   0.000    0.521      0.002    0.001    8387.0    6135.0    1.0
at_least_one_positive_image_by_area[1382]  0.089  0.152   0.000    0.364      0.001    0.001    7736.0    8096.0    1.0
at_least_one_positive_image_by_area[1383]  0.110  0.173   0.000    0.449      0.002    0.001    7560.0    4234.0    1.0
at_least_one_positive_image_by_area[1384]  0.084  0.156   0.000    0.372      0.001    0.001    9903.0   13132.0    1.0
at_least_one_positive_image_by_area[1385]  0.169  0.221   0.000    0.645      0.002    0.002    9081.0   14647.0    1.0
at_least_one_positive_image_by_area[1386]  0.096  0.180   0.000    0.457      0.001    0.001    8769.0   13515.0    1.0
at_least_one_positive_image_by_area[1387]  0.357  0.331   0.000    0.972      0.003    0.002    9672.0   12834.0    1.0
at_least_one_positive_image_by_area[1388]  0.086  0.176   0.000    0.418      0.004    0.004    4050.0    2264.0    1.0
at_least_one_positive_image_by_area[1389]  0.277  0.284   0.000    0.878      0.003    0.002    9998.0    8666.0    1.0
at_least_one_positive_image_by_area[1390]  0.066  0.131   0.000    0.281      0.001    0.001    8548.0   12275.0    1.0
at_least_one_positive_image_by_area[1391]  0.276  0.274   0.000    0.849      0.003    0.003    7301.0    8030.0    1.0
at_least_one_positive_image_by_area[1392]  0.220  0.256   0.000    0.784      0.002    0.002   10362.0   11692.0    1.0
at_least_one_positive_image_by_area[1393]  0.101  0.186   0.000    0.482      0.002    0.001   10197.0   13901.0    1.0
at_least_one_positive_image_by_area[1394]  0.245  0.262   0.000    0.811      0.002    0.002   11654.0   12717.0    1.0
at_least_one_positive_image_by_area[1395]  0.097  0.167   0.000    0.429      0.001    0.001    8996.0   12575.0    1.0
at_least_one_positive_image_by_area[1396]  0.099  0.180   0.000    0.459      0.002    0.001    7232.0    6709.0    1.0
at_least_one_positive_image_by_area[1397]  0.167  0.221   0.000    0.646      0.002    0.001    4006.0    2042.0    1.0
at_least_one_positive_image_by_area[1398]  0.112  0.201   0.000    0.550      0.003    0.002    6343.0    2737.0    1.0
at_least_one_positive_image_by_area[1399]  0.107  0.171   0.000    0.440      0.001    0.001   11156.0   16664.0    1.0
at_least_one_positive_image_by_area[1400]  0.266  0.346   0.000    0.978      0.005    0.004    4637.0    3110.0    1.0
at_least_one_positive_image_by_area[1401]  0.055  0.114   0.000    0.225      0.001    0.001   10913.0   15032.0    1.0
at_least_one_positive_image_by_area[1402]  0.090  0.164   0.000    0.401      0.002    0.001    4340.0    3591.0    1.0
at_least_one_positive_image_by_area[1403]  0.052  0.114   0.000    0.223      0.001    0.001    6093.0    5822.0    1.0
at_least_one_positive_image_by_area[1404]  0.063  0.137   0.000    0.283      0.001    0.001    8037.0   11550.0    1.0
at_least_one_positive_image_by_area[1405]  0.065  0.128   0.000    0.277      0.001    0.001    9540.0   13195.0    1.0
at_least_one_positive_image_by_area[1406]  0.050  0.114   0.000    0.213      0.001    0.001    7355.0   15338.0    1.0
at_least_one_positive_image_by_area[1407]  0.065  0.127   0.000    0.266      0.001    0.001   12168.0   16399.0    1.0
at_least_one_positive_image_by_area[1408]  0.177  0.280   0.000    0.852      0.003    0.002    6830.0   13565.0    1.0
at_least_one_positive_image_by_area[1409]  0.134  0.203   0.000    0.564      0.002    0.001   12782.0   14985.0    1.0
at_least_one_positive_image_by_area[1410]  0.142  0.229   0.000    0.664      0.002    0.002    7018.0   12713.0    1.0
at_least_one_positive_image_by_area[1411]  0.181  0.217   0.000    0.640      0.002    0.001   11548.0   13694.0    1.0
at_least_one_positive_image_by_area[1412]  0.066  0.139   0.000    0.298      0.001    0.001    8488.0   15174.0    1.0
at_least_one_positive_image_by_area[1413]  0.085  0.141   0.000    0.344      0.001    0.001   10925.0   15701.0    1.0
at_least_one_positive_image_by_area[1414]  0.051  0.111   0.000    0.218      0.001    0.001    7192.0   11231.0    1.0
at_least_one_positive_image_by_area[1415]  0.144  0.205   0.000    0.576      0.002    0.001    8245.0   15284.0    1.0
at_least_one_positive_image_by_area[1416]  0.102  0.174   0.000    0.447      0.001    0.001    7379.0    4148.0    1.0
at_least_one_positive_image_by_area[1417]  0.180  0.228   0.000    0.680      0.002    0.001   13725.0   19044.0    1.0
at_least_one_positive_image_by_area[1418]  0.062  0.135   0.000    0.277      0.001    0.001    7421.0   14287.0    1.0
at_least_one_positive_image_by_area[1419]  0.065  0.151   0.000    0.316      0.001    0.001    7248.0    5477.0    1.0
at_least_one_positive_image_by_area[1420]  0.223  0.265   0.000    0.805      0.002    0.001   13421.0   12457.0    1.0
at_least_one_positive_image_by_area[1421]  0.191  0.236   0.000    0.713      0.002    0.001   11612.0    4956.0    1.0
at_least_one_positive_image_by_area[1422]  1.000  0.000   1.000    1.000      0.000    0.000   40000.0   40000.0    NaN
at_least_one_positive_image_by_area[1423]  0.251  0.257   0.000    0.794      0.002    0.002    9736.0   11875.0    1.0
at_least_one_positive_image_by_area[1424]  0.377  0.310   0.000    0.957      0.004    0.003    7071.0    2566.0    1.0
at_least_one_positive_image_by_area[1425]  1.000  0.000   1.000    1.000      0.000    0.000   40000.0   40000.0    NaN
at_least_one_positive_image_by_area[1426]  0.231  0.265   0.000    0.808      0.003    0.002    7587.0   10798.0    1.0
at_least_one_positive_image_by_area[1427]  0.054  0.132   0.000    0.250      0.001    0.001    6360.0   10863.0    1.0
at_least_one_positive_image_by_area[1428]  0.045  0.126   0.000    0.206      0.002    0.001    5699.0    4429.0    1.0
at_least_one_positive_image_by_area[1429]  0.502  0.335   0.039    1.000      0.004    0.003    4484.0    2186.0    1.0
at_least_one_positive_image_by_area[1430]  0.077  0.164   0.000    0.378      0.002    0.001    4976.0    6144.0    1.0
at_least_one_positive_image_by_area[1431]  0.342  0.293   0.001    0.916      0.003    0.002   10828.0   15391.0    1.0
at_least_one_positive_image_by_area[1432]  0.209  0.251   0.000    0.765      0.002    0.001   12959.0   12499.0    1.0
at_least_one_positive_image_by_area[1433]  0.196  0.235   0.000    0.708      0.002    0.001   10458.0    9889.0    1.0
at_least_one_positive_image_by_area[1434]  0.029  0.096   0.000    0.115      0.001    0.000    6827.0    9906.0    1.0
at_least_one_positive_image_by_area[1435]  0.280  0.281   0.000    0.873      0.002    0.002   14504.0   14342.0    1.0
at_least_one_positive_image_by_area[1436]  0.126  0.192   0.000    0.528      0.003    0.002    6726.0    7231.0    1.0
at_least_one_positive_image_by_area[1437]  0.180  0.216   0.000    0.639      0.002    0.001    9192.0    4285.0    1.0
at_least_one_positive_image_by_area[1438]  0.056  0.139   0.000    0.267      0.001    0.001    7040.0   10700.0    1.0
at_least_one_positive_image_by_area[1439]  0.223  0.256   0.000    0.782      0.002    0.002    8331.0   13700.0    1.0
at_least_one_positive_image_by_area[1440]  0.023  0.081   0.000    0.089      0.001    0.001    4944.0    4571.0    1.0
at_least_one_positive_image_by_area[1441]  0.175  0.228   0.000    0.674      0.002    0.001   12624.0   13861.0    1.0
at_least_one_positive_image_by_area[1442]  0.099  0.156   0.000    0.393      0.001    0.001    7483.0    4150.0    1.0
at_least_one_positive_image_by_area[1443]  0.138  0.203   0.000    0.566      0.002    0.002    8847.0   15057.0    1.0
at_least_one_positive_image_by_area[1444]  0.025  0.068   0.000    0.097      0.001    0.000    5892.0    5315.0    1.0
at_least_one_positive_image_by_area[1445]  0.107  0.175   0.000    0.452      0.001    0.001   10044.0   16157.0    1.0
at_least_one_positive_image_by_area[1446]  0.167  0.216   0.000    0.628      0.003    0.002    9008.0   14486.0    1.0
at_least_one_positive_image_by_area[1447]  0.087  0.184   0.000    0.449      0.002    0.001    9215.0   10355.0    1.0
at_least_one_positive_image_by_area[1448]  0.124  0.190   0.000    0.521      0.002    0.001   10027.0   15836.0    1.0
at_least_one_positive_image_by_area[1449]  0.131  0.203   0.000    0.573      0.002    0.001   10415.0   14288.0    1.0
at_least_one_positive_image_by_area[1450]  0.017  0.049   0.000    0.065      0.000    0.000    5228.0    7937.0    1.0
at_least_one_positive_image_by_area[1451]  0.067  0.123   0.000    0.267      0.001    0.001    9529.0   16069.0    1.0
at_least_one_positive_image_by_area[1452]  0.116  0.166   0.000    0.440      0.001    0.001   12855.0   18455.0    1.0
at_least_one_positive_image_by_area[1453]  0.198  0.213   0.000    0.639      0.002    0.001   12017.0   13472.0    1.0
at_least_one_positive_image_by_area[1454]  0.055  0.138   0.000    0.268      0.002    0.002    5097.0    2785.0    1.0
at_least_one_positive_image_by_area[1455]  0.026  0.076   0.000    0.104      0.001    0.000    6172.0   12504.0    1.0
at_least_one_positive_image_by_area[1456]  0.083  0.162   0.000    0.383      0.001    0.001   10965.0   15274.0    1.0
at_least_one_positive_image_by_area[1457]  0.046  0.090   0.000    0.177      0.001    0.001   12752.0   17230.0    1.0
at_least_one_positive_image_by_area[1458]  0.036  0.080   0.000    0.138      0.001    0.000   10771.0   12822.0    1.0
at_least_one_positive_image_by_area[1459]  0.040  0.118   0.000    0.183      0.001    0.001    6963.0   11481.0    1.0
at_least_one_positive_image_by_area[1460]  0.037  0.103   0.000    0.159      0.001    0.001    5485.0    7952.0    1.0
at_least_one_positive_image_by_area[1461]  0.117  0.187   0.000    0.500      0.002    0.001   12612.0   10031.0    1.0
at_least_one_positive_image_by_area[1462]  0.028  0.079   0.000    0.110      0.001    0.001    5790.0   10483.0    1.0
at_least_one_positive_image_by_area[1463]  0.033  0.068   0.000    0.119      0.001    0.000    8963.0   12629.0    1.0
at_least_one_positive_image_by_area[1464]  0.008  0.030   0.000    0.027      0.000    0.000    5439.0   11974.0    1.0
at_least_one_positive_image_by_area[1465]  0.037  0.077   0.000    0.141      0.001    0.000    9984.0    9982.0    1.0
at_least_one_positive_image_by_area[1466]  0.023  0.058   0.000    0.083      0.001    0.001    8930.0   16008.0    1.0
at_least_one_positive_image_by_area[1467]  0.056  0.110   0.000    0.227      0.001    0.001    6652.0    6430.0    1.0
at_least_one_positive_image_by_area[1468]  0.044  0.104   0.000    0.189      0.001    0.001    8374.0    4226.0    1.0
at_least_one_positive_image_by_area[1469]  0.060  0.120   0.000    0.249      0.001    0.001    9168.0   15104.0    1.0
at_least_one_positive_image_by_area[1470]  0.038  0.093   0.000    0.162      0.001    0.001    6225.0    7104.0    1.0
at_least_one_positive_image_by_area[1471]  0.047  0.113   0.000    0.209      0.001    0.001    7475.0    6753.0    1.0
at_least_one_positive_image_by_area[1472]  0.095  0.163   0.000    0.411      0.001    0.001    8945.0   15807.0    1.0
at_least_one_positive_image_by_area[1473]  0.180  0.226   0.000    0.667      0.002    0.002    8569.0   12425.0    1.0
at_least_one_positive_image_by_area[1474]  0.056  0.125   0.000    0.245      0.001    0.001   10871.0   11342.0    1.0
at_least_one_positive_image_by_area[1475]  0.065  0.127   0.000    0.274      0.002    0.001    5691.0    6145.0    1.0
at_least_one_positive_image_by_area[1476]  0.065  0.132   0.000    0.280      0.001    0.001    8623.0   13771.0    1.0
at_least_one_positive_image_by_area[1477]  0.110  0.180   0.000    0.478      0.002    0.001    9834.0   15117.0    1.0
at_least_one_positive_image_by_area[1478]  0.073  0.129   0.000    0.297      0.001    0.001   11332.0   16237.0    1.0
at_least_one_positive_image_by_area[1479]  0.078  0.144   0.000    0.334      0.001    0.001    7274.0   13011.0    1.0
at_least_one_positive_image_by_area[1480]  0.018  0.052   0.000    0.066      0.000    0.000    8002.0   15385.0    1.0
at_least_one_positive_image_by_area[1481]  0.208  0.236   0.000    0.712      0.002    0.002    8486.0   10669.0    1.0
at_least_one_positive_image_by_area[1482]  0.124  0.186   0.000    0.499      0.002    0.002    7497.0   13832.0    1.0
at_least_one_positive_image_by_area[1483]  0.113  0.175   0.000    0.461      0.001    0.001   10794.0   12417.0    1.0
at_least_one_positive_image_by_area[1484]  0.109  0.194   0.000    0.510      0.002    0.001   10150.0   17887.0    1.0
at_least_one_positive_image_by_area[1485]  0.083  0.136   0.000    0.328      0.001    0.001   10834.0   12111.0    1.0
at_least_one_positive_image_by_area[1486]  0.109  0.166   0.000    0.428      0.002    0.001    9708.0   14520.0    1.0
at_least_one_positive_image_by_area[1487]  0.105  0.159   0.000    0.408      0.001    0.001   10787.0   15885.0    1.0
at_least_one_positive_image_by_area[1488]  0.128  0.204   0.000    0.572      0.002    0.001    9586.0   14524.0    1.0
at_least_one_positive_image_by_area[1489]  0.132  0.197   0.000    0.542      0.002    0.001   10205.0   14613.0    1.0
at_least_one_positive_image_by_area[1490]  0.033  0.087   0.000    0.131      0.001    0.001    6997.0    8872.0    1.0
at_least_one_positive_image_by_area[1491]  0.041  0.086   0.000    0.161      0.001    0.001    9262.0   15262.0    1.0
at_least_one_positive_image_by_area[1492]  0.119  0.176   0.000    0.470      0.002    0.001    6645.0    6760.0    1.0
at_least_one_positive_image_by_area[1493]  0.055  0.113   0.000    0.226      0.001    0.001    8445.0   17027.0    1.0
at_least_one_positive_image_by_area[1494]  0.101  0.165   0.000    0.418      0.002    0.001    9083.0   15040.0    1.0
at_least_one_positive_image_by_area[1495]  0.102  0.181   0.000    0.461      0.001    0.001   11335.0   11027.0    1.0
at_least_one_positive_image_by_area[1496]  0.040  0.099   0.000    0.162      0.001    0.001    6733.0   16673.0    1.0
at_least_one_positive_image_by_area[1497]  0.262  0.298   0.000    0.915      0.003    0.002   11790.0   16146.0    1.0
at_least_one_positive_image_by_area[1498]  0.166  0.224   0.000    0.656      0.002    0.001   10603.0   15283.0    1.0
at_least_one_positive_image_by_area[1499]  0.128  0.190   0.000    0.527      0.002    0.001    9893.0   12732.0    1.0
at_least_one_positive_image_by_area[1500]  0.208  0.250   0.000    0.759      0.002    0.002   10475.0   12486.0    1.0
at_least_one_positive_image_by_area[1501]  0.108  0.182   0.000    0.475      0.002    0.001    9685.0   12516.0    1.0
at_least_one_positive_image_by_area[1502]  0.104  0.188   0.000    0.490      0.002    0.001    9204.0   13035.0    1.0
at_least_one_positive_image_by_area[1503]  0.080  0.140   0.000    0.330      0.001    0.001    7984.0    4451.0    1.0
at_least_one_positive_image_by_area[1504]  0.143  0.210   0.000    0.594      0.002    0.002    9126.0   10116.0    1.0
at_least_one_positive_image_by_area[1505]  0.799  0.311   0.071    1.000      0.004    0.003    9733.0    8403.0    1.0
at_least_one_positive_image_by_area[1506]  0.194  0.242   0.000    0.732      0.002    0.001   12970.0   18055.0    1.0
at_least_one_positive_image_by_area[1507]  0.486  0.348   0.025    1.000      0.004    0.003    8934.0    5903.0    1.0
at_least_one_positive_image_by_area[1508]  0.168  0.221   0.000    0.645      0.002    0.001   10065.0   15995.0    1.0
at_least_one_positive_image_by_area[1509]  1.000  0.000   1.000    1.000      0.000    0.000   40000.0   40000.0    NaN
at_least_one_positive_image_by_area[1510]  0.236  0.263   0.000    0.809      0.002    0.002   11736.0   14838.0    1.0
at_least_one_positive_image_by_area[1511]  0.322  0.328   0.000    0.967      0.003    0.002   12169.0   13299.0    1.0
at_least_one_positive_image_by_area[1512]  0.307  0.281   0.000    0.874      0.003    0.002    7566.0   14873.0    1.0
at_least_one_positive_image_by_area[1513]  0.254  0.267   0.000    0.830      0.003    0.002    8771.0    7130.0    1.0
at_least_one_positive_image_by_area[1514]  0.303  0.310   0.000    0.939      0.003    0.002   12144.0   17142.0    1.0
at_least_one_positive_image_by_area[1515]  0.332  0.298   0.000    0.924      0.003    0.002   13374.0   15012.0    1.0
at_least_one_positive_image_by_area[1516]  0.136  0.196   0.000    0.544      0.002    0.001    8309.0    7084.0    1.0
at_least_one_positive_image_by_area[1517]  0.256  0.272   0.000    0.846      0.003    0.002   11610.0   11027.0    1.0
at_least_one_positive_image_by_area[1518]  0.157  0.204   0.000    0.585      0.003    0.002    6677.0   10890.0    1.0
at_least_one_positive_image_by_area[1519]  0.089  0.151   0.000    0.360      0.001    0.001   11311.0    3861.0    1.0
at_least_one_positive_image_by_area[1520]  0.124  0.179   0.000    0.482      0.002    0.001    8973.0   15255.0    1.0
at_least_one_positive_image_by_area[1521]  0.183  0.224   0.000    0.666      0.002    0.001   10782.0   14826.0    1.0
at_least_one_positive_image_by_area[1522]  0.239  0.253   0.000    0.777      0.002    0.002   10087.0   11822.0    1.0
at_least_one_positive_image_by_area[1523]  0.072  0.130   0.000    0.290      0.001    0.001   10835.0   12192.0    1.0
at_least_one_positive_image_by_area[1524]  0.171  0.222   0.000    0.655      0.002    0.002   10763.0   14118.0    1.0
at_least_one_positive_image_by_area[1525]  0.201  0.250   0.000    0.758      0.002    0.002   12153.0   13225.0    1.0
at_least_one_positive_image_by_area[1526]  1.000  0.000   1.000    1.000      0.000    0.000   40000.0   40000.0    NaN
at_least_one_positive_image_by_area[1527]  0.232  0.259   0.000    0.794      0.003    0.002    9557.0    8146.0    1.0
at_least_one_positive_image_by_area[1528]  0.441  0.340   0.020    1.000      0.003    0.002   11910.0   11957.0    1.0
at_least_one_positive_image_by_area[1529]  0.121  0.173   0.000    0.466      0.002    0.001    8877.0   13620.0    1.0
at_least_one_positive_image_by_area[1530]  0.234  0.258   0.000    0.797      0.002    0.002   13168.0   14948.0    1.0
at_least_one_positive_image_by_area[1531]  0.943  0.166   0.683    1.000      0.003    0.002    4461.0    2131.0    1.0
at_least_one_positive_image_by_area[1532]  0.295  0.278   0.000    0.866      0.002    0.002   12038.0   16222.0    1.0
at_least_one_positive_image_by_area[1533]  0.382  0.310   0.001    0.952      0.003    0.002    8163.0    3929.0    1.0
at_least_one_positive_image_by_area[1534]  0.425  0.316   0.031    1.000      0.003    0.002   13495.0   14561.0    1.0
at_least_one_positive_image_by_area[1535]  1.000  0.000   1.000    1.000      0.000    0.000   40000.0   40000.0    NaN
at_least_one_positive_image_by_area[1536]  0.181  0.226   0.000    0.670      0.002    0.001   14796.0   11272.0    1.0
at_least_one_positive_image_by_area[1537]  0.072  0.137   0.000    0.307      0.001    0.001    7388.0    4057.0    1.0
at_least_one_positive_image_by_area[1538]  0.216  0.242   0.000    0.737      0.002    0.001   10034.0   10237.0    1.0
at_least_one_positive_image_by_area[1539]  0.575  0.376   0.017    1.000      0.004    0.003   11382.0   12424.0    1.0
at_least_one_positive_image_by_area[1540]  0.287  0.282   0.000    0.870      0.002    0.002   11282.0    6853.0    1.0
at_least_one_positive_image_by_area[1541]  0.480  0.316   0.050    1.000      0.003    0.002   12509.0   14755.0    1.0
at_least_one_positive_image_by_area[1542]  0.436  0.335   0.025    1.000      0.004    0.003    7759.0    9645.0    1.0
at_least_one_positive_image_by_area[1543]  1.000  0.000   1.000    1.000      0.000    0.000   40000.0   40000.0    NaN
at_least_one_positive_image_by_area[1544]  0.545  0.316   0.068    1.000      0.003    0.002   10486.0    7319.0    1.0
at_least_one_positive_image_by_area[1545]  1.000  0.000   1.000    1.000      0.000    0.000   40000.0   40000.0    NaN
at_least_one_positive_image_by_area[1546]  0.216  0.227   0.000    0.697      0.003    0.002    8584.0    9129.0    1.0
at_least_one_positive_image_by_area[1547]  1.000  0.000   1.000    1.000      0.000    0.000   40000.0   40000.0    NaN
at_least_one_positive_image_by_area[1548]  0.638  0.323   0.087    1.000      0.003    0.002   10111.0   12251.0    1.0
at_least_one_positive_image_by_area[1549]  0.400  0.298   0.005    0.944      0.003    0.002   12776.0   15563.0    1.0
at_least_one_positive_image_by_area[1550]  1.000  0.000   1.000    1.000      0.000    0.000   40000.0   40000.0    NaN
at_least_one_positive_image_by_area[1551]  1.000  0.000   1.000    1.000      0.000    0.000   40000.0   40000.0    NaN
at_least_one_positive_image_by_area[1552]  0.241  0.259   0.000    0.802      0.002    0.001   15058.0   12577.0    1.0
at_least_one_positive_image_by_area[1553]  0.543  0.310   0.075    1.000      0.003    0.002    9378.0    5454.0    1.0
at_least_one_positive_image_by_area[1554]  0.372  0.292   0.001    0.924      0.003    0.002   11398.0   11036.0    1.0
at_least_one_positive_image_by_area[1555]  0.132  0.186   0.000    0.519      0.003    0.002    7632.0    5208.0    1.0
at_least_one_positive_image_by_area[1556]  0.104  0.171   0.000    0.438      0.002    0.001   10058.0    6344.0    1.0
at_least_one_positive_image_by_area[1557]  0.321  0.282   0.000    0.886      0.003    0.002   11029.0   15505.0    1.0
at_least_one_positive_image_by_area[1558]  0.202  0.227   0.000    0.684      0.002    0.001   12653.0   14028.0    1.0
at_least_one_positive_image_by_area[1559]  0.015  0.046   0.000    0.055      0.000    0.000   13781.0   15612.0    1.0
at_least_one_positive_image_by_area[1560]  0.070  0.109   0.000    0.251      0.001    0.001   12380.0   15741.0    1.0
at_least_one_positive_image_by_area[1561]  0.180  0.233   0.000    0.699      0.002    0.002    7852.0    4420.0    1.0
at_least_one_positive_image_by_area[1562]  0.199  0.264   0.000    0.810      0.003    0.002   12467.0    8369.0    1.0
at_least_one_positive_image_by_area[1563]  0.289  0.280   0.000    0.871      0.002    0.002   12865.0   15708.0    1.0
at_least_one_positive_image_by_area[1564]  0.212  0.252   0.000    0.770      0.002    0.002   10320.0   12263.0    1.0
at_least_one_positive_image_by_area[1565]  1.000  0.000   1.000    1.000      0.000    0.000   40000.0   40000.0    NaN
at_least_one_positive_image_by_area[1566]  0.371  0.328   0.000    0.974      0.003    0.002   10435.0   12046.0    1.0
at_least_one_positive_image_by_area[1567]  0.426  0.350   0.014    1.000      0.004    0.003    6017.0    2361.0    1.0
at_least_one_positive_image_by_area[1568]  0.650  0.350   0.046    1.000      0.004    0.003   11523.0   12975.0    1.0
at_least_one_positive_image_by_area[1569]  0.309  0.312   0.000    0.943      0.003    0.002   11645.0   15849.0    1.0
at_least_one_positive_image_by_area[1570]  0.417  0.336   0.019    1.000      0.004    0.003   10562.0   10644.0    1.0
at_least_one_positive_image_by_area[1571]  0.341  0.297   0.000    0.923      0.003    0.002   10791.0    8450.0    1.0
at_least_one_positive_image_by_area[1572]  0.245  0.267   0.000    0.819      0.002    0.002   11765.0   11826.0    1.0
at_least_one_positive_image_by_area[1573]  0.176  0.230   0.000    0.679      0.002    0.001   14000.0   15968.0    1.0
at_least_one_positive_image_by_area[1574]  0.206  0.251   0.000    0.761      0.002    0.002    9551.0   17377.0    1.0
at_least_one_positive_image_by_area[1575]  0.211  0.251   0.000    0.773      0.004    0.003    8182.0    2777.0    1.0
at_least_one_positive_image_by_area[1576]  0.181  0.219   0.000    0.650      0.002    0.002    8144.0    3430.0    1.0
at_least_one_positive_image_by_area[1577]  0.204  0.244   0.000    0.735      0.002    0.002   12588.0   17379.0    1.0
at_least_one_positive_image_by_area[1578]  0.181  0.219   0.000    0.652      0.002    0.002    6949.0    3526.0    1.0
at_least_one_positive_image_by_area[1579]  0.616  0.326   0.077    1.000      0.003    0.002   11405.0   12339.0    1.0
at_least_one_positive_image_by_area[1580]  0.190  0.244   0.000    0.733      0.003    0.002   11865.0    8492.0    1.0
at_least_one_positive_image_by_area[1581]  0.255  0.254   0.000    0.786      0.002    0.002   11125.0   13962.0    1.0
at_least_one_positive_image_by_area[1582]  1.000  0.000   1.000    1.000      0.000    0.000   40000.0   40000.0    NaN
at_least_one_positive_image_by_area[1583]  0.255  0.266   0.000    0.824      0.002    0.002   14177.0   16137.0    1.0
at_least_one_positive_image_by_area[1584]  0.207  0.242   0.000    0.741      0.003    0.003    7933.0    3330.0    1.0
at_least_one_positive_image_by_area[1585]  0.294  0.275   0.000    0.862      0.002    0.001   16478.0   14642.0    1.0
at_least_one_positive_image_by_area[1586]  0.227  0.244   0.000    0.743      0.003    0.002   10436.0   16747.0    1.0
at_least_one_positive_image_by_area[1587]  1.000  0.000   1.000    1.000      0.000    0.000   40000.0   40000.0    NaN
at_least_one_positive_image_by_area[1588]  0.977  0.087   0.906    1.000      0.002    0.001    7078.0    4135.0    1.0
at_least_one_positive_image_by_area[1589]  1.000  0.000   1.000    1.000      0.000    0.000   40000.0   40000.0    NaN
at_least_one_positive_image_by_area[1590]  0.185  0.223   0.000    0.662      0.002    0.001   10827.0    9103.0    1.0
at_least_one_positive_image_by_area[1591]  0.543  0.341   0.036    1.000      0.004    0.003    8600.0    3943.0    1.0
at_least_one_positive_image_by_area[1592]  0.374  0.313   0.000    0.954      0.003    0.002   10328.0   14028.0    1.0
at_least_one_positive_image_by_area[1593]  1.000  0.000   1.000    1.000      0.000    0.000   40000.0   40000.0    NaN
at_least_one_positive_image_by_area[1594]  0.369  0.295   0.002    0.930      0.003    0.002    5845.0    3761.0    1.0
at_least_one_positive_image_by_area[1595]  0.300  0.293   0.000    0.906      0.004    0.003    6224.0    3291.0    1.0
at_least_one_positive_image_by_area[1596]  0.271  0.263   0.000    0.828      0.002    0.002   11588.0   14228.0    1.0
at_least_one_positive_image_by_area[1597]  0.254  0.257   0.000    0.797      0.002    0.002    9458.0    8094.0    1.0
at_least_one_positive_image_by_area[1598]  0.248  0.256   0.000    0.791      0.002    0.001   11456.0    6475.0    1.0
at_least_one_positive_image_by_area[1599]  0.555  0.353   0.030    1.000      0.003    0.002   12539.0   14759.0    1.0
at_least_one_positive_image_by_area[1600]  0.320  0.293   0.000    0.910      0.003    0.002    9187.0    7327.0    1.0
at_least_one_positive_image_by_area[1601]  1.000  0.000   1.000    1.000      0.000    0.000   40000.0   40000.0    NaN
at_least_one_positive_image_by_area[1602]  0.469  0.346   0.017    1.000      0.003    0.002   10936.0   12703.0    1.0
at_least_one_positive_image_by_area[1603]  0.158  0.201   0.000    0.574      0.002    0.001    9416.0   14245.0    1.0
at_least_one_positive_image_by_area[1604]  0.145  0.216   0.000    0.617      0.002    0.001   14137.0   12358.0    1.0
at_least_one_positive_image_by_area[1605]  0.129  0.192   0.000    0.530      0.004    0.003    6420.0    2260.0    1.0
at_least_one_positive_image_by_area[1606]  0.185  0.222   0.000    0.664      0.002    0.001   10699.0   10135.0    1.0
at_least_one_positive_image_by_area[1607]  0.115  0.185   0.000    0.494      0.002    0.001   12871.0   14361.0    1.0
at_least_one_positive_image_by_area[1608]  0.176  0.240   0.000    0.712      0.002    0.001   10686.0   12055.0    1.0
at_least_one_positive_image_by_area[1609]  0.227  0.249   0.000    0.762      0.002    0.002   10487.0   11744.0    1.0
at_least_one_positive_image_by_area[1610]  0.266  0.267   0.000    0.822      0.003    0.002   10375.0   15933.0    1.0
at_least_one_positive_image_by_area[1611]  0.251  0.275   0.000    0.850      0.003    0.002   10731.0    7730.0    1.0
at_least_one_positive_image_by_area[1612]  0.373  0.300   0.001    0.937      0.003    0.002   11343.0   11031.0    1.0
at_least_one_positive_image_by_area[1613]  0.202  0.259   0.000    0.785      0.002    0.001   14429.0   16786.0    1.0
at_least_one_positive_image_by_area[1614]  0.285  0.282   0.000    0.877      0.003    0.002    5801.0    1908.0    1.0
at_least_one_positive_image_by_area[1615]  0.033  0.076   0.000    0.127      0.001    0.000    7731.0    5711.0    1.0
at_least_one_positive_image_by_area[1616]  0.000  0.000   0.000    0.000      0.000    0.000   40000.0   40000.0    NaN
at_least_one_positive_image_by_area[1617]  0.399  0.309   0.001    0.959      0.004    0.003    7042.0    2667.0    1.0
at_least_one_positive_image_by_area[1618]  0.670  0.330   0.081    1.000      0.003    0.002   11794.0   13010.0    1.0
at_least_one_positive_image_by_area[1619]  0.162  0.212   0.000    0.612      0.002    0.001    9807.0   12771.0    1.0
at_least_one_positive_image_by_area[1620]  0.222  0.248   0.000    0.762      0.002    0.002    8652.0    5044.0    1.0
at_least_one_positive_image_by_area[1621]  0.405  0.309   0.002    0.962      0.003    0.002   11494.0   12292.0    1.0
at_least_one_positive_image_by_area[1622]  0.337  0.339   0.000    0.981      0.003    0.002   12877.0   17756.0    1.0
at_least_one_positive_image_by_area[1623]  1.000  0.000   1.000    1.000      0.000    0.000   40000.0   40000.0    NaN
at_least_one_positive_image_by_area[1624]  0.610  0.339   0.057    1.000      0.004    0.003    7283.0    6774.0    1.0
at_least_one_positive_image_by_area[1625]  0.430  0.319   0.030    1.000      0.004    0.003    5669.0    2494.0    1.0
at_least_one_positive_image_by_area[1626]  0.163  0.214   0.000    0.621      0.002    0.001   13984.0   17713.0    1.0
at_least_one_positive_image_by_area[1627]  1.000  0.000   1.000    1.000      0.000    0.000   40000.0   40000.0    NaN
at_least_one_positive_image_by_area[1628]  0.412  0.312   0.002    0.961      0.003    0.002   12910.0   15675.0    1.0
at_least_one_positive_image_by_area[1629]  0.206  0.255   0.000    0.765      0.003    0.002   11515.0   15281.0    1.0
at_least_one_positive_image_by_area[1630]  0.159  0.207   0.000    0.594      0.002    0.001   12065.0   15681.0    1.0
at_least_one_positive_image_by_area[1631]  0.382  0.300   0.002    0.943      0.003    0.002   14138.0   14333.0    1.0
at_least_one_positive_image_by_area[1632]  0.123  0.188   0.000    0.514      0.002    0.001   13882.0   18590.0    1.0
at_least_one_positive_image_by_area[1633]  1.000  0.000   1.000    1.000      0.000    0.000   40000.0   40000.0    NaN
at_least_one_positive_image_by_area[1634]  0.368  0.298   0.000    0.930      0.003    0.002   11631.0   12496.0    1.0
at_least_one_positive_image_by_area[1635]  0.159  0.208   0.000    0.599      0.002    0.001   12199.0   12473.0    1.0
at_least_one_positive_image_by_area[1636]  0.109  0.170   0.000    0.441      0.002    0.001    9945.0   14810.0    1.0
at_least_one_positive_image_by_area[1637]  0.188  0.229   0.000    0.684      0.002    0.001    7920.0    4198.0    1.0
at_least_one_positive_image_by_area[1638]  0.156  0.213   0.000    0.610      0.002    0.001    9179.0   18386.0    1.0
at_least_one_positive_image_by_area[1639]  1.000  0.000   1.000    1.000      0.000    0.000   40000.0   40000.0    NaN
at_least_one_positive_image_by_area[1640]  1.000  0.000   1.000    1.000      0.000    0.000   40000.0   40000.0    NaN
at_least_one_positive_image_by_area[1641]  0.603  0.357   0.038    1.000      0.004    0.003   12777.0   16216.0    1.0
at_least_one_positive_image_by_area[1642]  0.341  0.306   0.000    0.933      0.003    0.002   10526.0   15935.0    1.0
at_least_one_positive_image_by_area[1643]  0.225  0.257   0.000    0.791      0.002    0.001   14051.0   13782.0    1.0
at_least_one_positive_image_by_area[1644]  0.169  0.215   0.000    0.634      0.002    0.001   12084.0   11156.0    1.0
at_least_one_positive_image_by_area[1645]  0.373  0.312   0.000    0.953      0.003    0.002   13755.0   13218.0    1.0
at_least_one_positive_image_by_area[1646]  0.574  0.339   0.042    1.000      0.003    0.002    5589.0    2304.0    1.0
at_least_one_positive_image_by_area[1647]  0.182  0.234   0.000    0.703      0.002    0.001   12950.0   13483.0    1.0
at_least_one_positive_image_by_area[1648]  0.163  0.229   0.000    0.659      0.002    0.001   11752.0   11068.0    1.0
at_least_one_positive_image_by_area[1649]  0.360  0.311   0.000    0.947      0.003    0.002   10802.0   15572.0    1.0
at_least_one_positive_image_by_area[1650]  0.116  0.179   0.000    0.478      0.001    0.001   13214.0   16558.0    1.0
at_least_one_positive_image_by_area[1651]  0.345  0.323   0.000    0.965      0.003    0.002    9685.0   10332.0    1.0
at_least_one_positive_image_by_area[1652]  0.294  0.316   0.000    0.945      0.004    0.003    7318.0    6752.0    1.0
at_least_one_positive_image_by_area[1653]  0.063  0.120   0.000    0.262      0.001    0.001    7319.0    8491.0    1.0
at_least_one_positive_image_by_area[1654]  0.041  0.107   0.000    0.179      0.001    0.001    6176.0    8634.0    1.0
at_least_one_positive_image_by_area[1655]  0.017  0.057   0.000    0.062      0.001    0.000    5423.0    7057.0    1.0
at_least_one_positive_image_by_area[1656]  0.043  0.102   0.000    0.189      0.001    0.001    5270.0    7087.0    1.0
at_least_one_positive_image_by_area[1657]  0.040  0.121   0.000    0.179      0.001    0.001    5819.0    2903.0    1.0
at_least_one_positive_image_by_area[1658]  0.121  0.221   0.000    0.629      0.002    0.001    9059.0   10305.0    1.0
at_least_one_positive_image_by_area[1659]  0.073  0.163   0.000    0.375      0.002    0.001    5363.0    4236.0    1.0
at_least_one_positive_image_by_area[1660]  0.187  0.241   0.000    0.720      0.002    0.002    9193.0   10215.0    1.0
at_least_one_positive_image_by_area[1661]  0.261  0.276   0.000    0.855      0.003    0.002    9721.0    4101.0    1.0
at_least_one_positive_image_by_area[1662]  0.094  0.169   0.000    0.415      0.001    0.001   10799.0    7802.0    1.0
at_least_one_positive_image_by_area[1663]  0.334  0.292   0.000    0.909      0.003    0.002   10861.0    7396.0    1.0
at_least_one_positive_image_by_area[1664]  0.216  0.249   0.000    0.757      0.002    0.001   13390.0   16971.0    1.0
at_least_one_positive_image_by_area[1665]  0.731  0.312   0.098    1.000      0.004    0.003    7644.0    7729.0    1.0
at_least_one_positive_image_by_area[1666]  0.416  0.312   0.002    0.967      0.003    0.002   10998.0   13522.0    1.0
at_least_one_positive_image_by_area[1667]  0.295  0.289   0.000    0.897      0.002    0.002    9065.0    3910.0    1.0
at_least_one_positive_image_by_area[1668]  0.271  0.272   0.000    0.853      0.003    0.002   11791.0    6007.0    1.0
at_least_one_positive_image_by_area[1669]  0.301  0.271   0.001    0.859      0.002    0.002   15297.0   15601.0    1.0
at_least_one_positive_image_by_area[1670]  1.000  0.000   1.000    1.000      0.000    0.000   40000.0   40000.0    NaN
at_least_one_positive_image_by_area[1671]  0.514  0.341   0.037    1.000      0.004    0.003   11308.0   18061.0    1.0
at_least_one_positive_image_by_area[1672]  0.301  0.288   0.000    0.895      0.003    0.002   10922.0   10775.0    1.0
at_least_one_positive_image_by_area[1673]  0.251  0.280   0.000    0.861      0.002    0.002    8462.0    2337.0    1.0
at_least_one_positive_image_by_area[1674]  0.266  0.287   0.000    0.874      0.003    0.002   10486.0   15938.0    1.0
at_least_one_positive_image_by_area[1675]  1.000  0.000   1.000    1.000      0.000    0.000   40000.0   40000.0    NaN
at_least_one_positive_image_by_area[1676]  0.443  0.309   0.041    1.000      0.003    0.002   13689.0    8232.0    1.0
at_least_one_positive_image_by_area[1677]  0.273  0.276   0.000    0.857      0.002    0.002   16502.0   16292.0    1.0
at_least_one_positive_image_by_area[1678]  0.317  0.276   0.001    0.872      0.003    0.002   10970.0   13037.0    1.0
at_least_one_positive_image_by_area[1679]  0.318  0.296   0.000    0.914      0.002    0.002   15612.0   19174.0    1.0
at_least_one_positive_image_by_area[1680]  0.227  0.261   0.000    0.801      0.002    0.002   12304.0   11310.0    1.0
at_least_one_positive_image_by_area[1681]  0.745  0.303   0.106    1.000      0.004    0.003   10047.0    9501.0    1.0
at_least_one_positive_image_by_area[1682]  0.355  0.307   0.000    0.943      0.003    0.002   11342.0   10832.0    1.0
at_least_one_positive_image_by_area[1683]  0.273  0.281   0.000    0.867      0.002    0.002   13372.0   14604.0    1.0
at_least_one_positive_image_by_area[1684]  0.309  0.284   0.000    0.889      0.003    0.002   11044.0   10129.0    1.0
at_least_one_positive_image_by_area[1685]  0.481  0.339   0.031    1.000      0.003    0.002   10129.0    8830.0    1.0
at_least_one_positive_image_by_area[1686]  0.181  0.230   0.000    0.691      0.003    0.002   10012.0    3612.0    1.0
at_least_one_positive_image_by_area[1687]  0.151  0.194   0.000    0.545      0.002    0.002    6761.0   13129.0    1.0
at_least_one_positive_image_by_area[1688]  0.161  0.247   0.000    0.737      0.002    0.002   11847.0   14169.0    1.0
at_least_one_positive_image_by_area[1689]  0.130  0.209   0.000    0.585      0.002    0.001   10443.0   11587.0    1.0
at_least_one_positive_image_by_area[1690]  0.109  0.228   0.000    0.651      0.002    0.002    7524.0    9019.0    1.0
at_least_one_positive_image_by_area[1691]  0.140  0.187   0.000    0.521      0.002    0.001    7670.0   10220.0    1.0
at_least_one_positive_image_by_area[1692]  0.139  0.194   0.000    0.547      0.002    0.001   14268.0   14811.0    1.0
at_least_one_positive_image_by_area[1693]  0.520  0.351   0.024    1.000      0.004    0.003    8709.0    9115.0    1.0
at_least_one_positive_image_by_area[1694]  0.721  0.284   0.184    1.000      0.003    0.002   10333.0    6727.0    1.0
at_least_one_positive_image_by_area[1695]  1.000  0.000   1.000    1.000      0.000    0.000   40000.0   40000.0    NaN
at_least_one_positive_image_by_area[1696]  0.051  0.097   0.000    0.198      0.001    0.001   10613.0    7791.0    1.0
at_least_one_positive_image_by_area[1697]  0.242  0.264   0.000    0.814      0.002    0.001   14606.0   16059.0    1.0
at_least_one_positive_image_by_area[1698]  0.553  0.318   0.070    1.000      0.004    0.003    7159.0    5708.0    1.0
at_least_one_positive_image_by_area[1699]  1.000  0.000   1.000    1.000      0.000    0.000   40000.0   40000.0    NaN
at_least_one_positive_image_by_area[1700]  1.000  0.000   1.000    1.000      0.000    0.000   40000.0   40000.0    NaN
at_least_one_positive_image_by_area[1701]  1.000  0.000   1.000    1.000      0.000    0.000   40000.0   40000.0    NaN
at_least_one_positive_image_by_area[1702]  0.866  0.214   0.386    1.000      0.003    0.002    8857.0    4160.0    1.0
at_least_one_positive_image_by_area[1703]  0.428  0.318   0.031    1.000      0.003    0.002   12201.0   16488.0    1.0
at_least_one_positive_image_by_area[1704]  1.000  0.000   1.000    1.000      0.000    0.000   40000.0   40000.0    NaN
at_least_one_positive_image_by_area[1705]  0.492  0.316   0.053    1.000      0.003    0.002   13667.0   14269.0    1.0
at_least_one_positive_image_by_area[1706]  0.258  0.268   0.000    0.833      0.002    0.002   11896.0   14053.0    1.0
at_least_one_positive_image_by_area[1707]  0.297  0.283   0.000    0.878      0.003    0.002   11766.0   12644.0    1.0
at_least_one_positive_image_by_area[1708]  0.324  0.294   0.000    0.910      0.003    0.002   10224.0   10330.0    1.0
at_least_one_positive_image_by_area[1709]  0.347  0.295   0.001    0.925      0.003    0.002   10353.0    9084.0    1.0
at_least_one_positive_image_by_area[1710]  0.211  0.242   0.000    0.740      0.002    0.002    8324.0    5754.0    1.0
at_least_one_positive_image_by_area[1711]  0.437  0.315   0.037    1.000      0.003    0.002   12008.0   12993.0    1.0
at_least_one_positive_image_by_area[1712]  0.198  0.232   0.000    0.700      0.002    0.001   11311.0    7002.0    1.0
at_least_one_positive_image_by_area[1713]  0.172  0.209   0.000    0.611      0.002    0.001   12237.0   14553.0    1.0
at_least_one_positive_image_by_area[1714]  0.132  0.205   0.000    0.575      0.002    0.001   14086.0    9464.0    1.0
at_least_one_positive_image_by_area[1715]  0.732  0.298   0.126    1.000      0.003    0.002   10136.0    8038.0    1.0
at_least_one_positive_image_by_area[1716]  0.579  0.295   0.115    1.000      0.003    0.002   13049.0   12371.0    1.0
at_least_one_positive_image_by_area[1717]  0.915  0.170   0.546    1.000      0.002    0.001   12001.0   12655.0    1.0
at_least_one_positive_image_by_area[1718]  1.000  0.000   1.000    1.000      0.000    0.000   40000.0   40000.0    NaN
at_least_one_positive_image_by_area[1719]  1.000  0.000   1.000    1.000      0.000    0.000   40000.0   40000.0    NaN
at_least_one_positive_image_by_area[1720]  0.291  0.294   0.000    0.896      0.003    0.002   11639.0   10075.0    1.0
at_least_one_positive_image_by_area[1721]  0.343  0.289   0.001    0.911      0.003    0.002    9109.0    9174.0    1.0
at_least_one_positive_image_by_area[1722]  0.370  0.303   0.000    0.938      0.003    0.002   14750.0   16324.0    1.0
at_least_one_positive_image_by_area[1723]  0.425  0.328   0.000    0.980      0.003    0.003    8980.0    5564.0    1.0
at_least_one_positive_image_by_area[1724]  0.098  0.156   0.000    0.388      0.001    0.001    8674.0    6085.0    1.0
at_least_one_positive_image_by_area[1725]  0.252  0.248   0.001    0.780      0.003    0.002   12485.0    5945.0    1.0
at_least_one_positive_image_by_area[1726]  0.439  0.315   0.038    1.000      0.003    0.002    9883.0    9324.0    1.0
at_least_one_positive_image_by_area[1727]  0.515  0.310   0.065    1.000      0.003    0.002   11200.0   17793.0    1.0
at_least_one_positive_image_by_area[1728]  0.592  0.322   0.072    1.000      0.003    0.002   11778.0   11481.0    1.0
at_least_one_positive_image_by_area[1729]  1.000  0.000   1.000    1.000      0.000    0.000   40000.0   40000.0    NaN
at_least_one_positive_image_by_area[1730]  0.378  0.304   0.001    0.947      0.003    0.003    9815.0    8331.0    1.0
at_least_one_positive_image_by_area[1731]  0.527  0.302   0.083    1.000      0.003    0.002   11478.0   13204.0    1.0
at_least_one_positive_image_by_area[1732]  0.308  0.286   0.001    0.890      0.003    0.002   11521.0   12890.0    1.0
at_least_one_positive_image_by_area[1733]  0.320  0.282   0.001    0.888      0.002    0.002   14905.0   17436.0    1.0
at_least_one_positive_image_by_area[1734]  0.322  0.302   0.000    0.924      0.003    0.002   10013.0   16008.0    1.0
at_least_one_positive_image_by_area[1735]  0.278  0.282   0.000    0.873      0.002    0.002   13487.0   12747.0    1.0
at_least_one_positive_image_by_area[1736]  1.000  0.000   1.000    1.000      0.000    0.000   40000.0   40000.0    NaN
at_least_one_positive_image_by_area[1737]  0.703  0.295   0.157    1.000      0.004    0.003    7627.0    3471.0    1.0
at_least_one_positive_image_by_area[1738]  0.364  0.310   0.000    0.948      0.003    0.002    8160.0    6938.0    1.0
at_least_one_positive_image_by_area[1739]  0.248  0.241   0.001    0.757      0.003    0.003    8273.0    2460.0    1.0
at_least_one_positive_image_by_area[1740]  0.283  0.300   0.000    0.913      0.003    0.002   10644.0   12265.0    1.0
at_least_one_positive_image_by_area[1741]  0.211  0.260   0.000    0.795      0.003    0.002   10326.0    8044.0    1.0
at_least_one_positive_image_by_area[1742]  0.525  0.318   0.062    1.000      0.003    0.002   10702.0    8334.0    1.0
at_least_one_positive_image_by_area[1743]  0.338  0.295   0.001    0.917      0.002    0.002   12981.0   14242.0    1.0
at_least_one_positive_image_by_area[1744]  0.677  0.316   0.100    1.000      0.003    0.002   11739.0   12989.0    1.0
at_least_one_positive_image_by_area[1745]  0.199  0.243   0.000    0.734      0.002    0.001   11202.0    5882.0    1.0
at_least_one_positive_image_by_area[1746]  0.422  0.308   0.009    0.967      0.003    0.002    8067.0   14392.0    1.0
at_least_one_positive_image_by_area[1747]  0.521  0.313   0.066    1.000      0.003    0.002   11564.0   11519.0    1.0
at_least_one_positive_image_by_area[1748]  1.000  0.000   1.000    1.000      0.000    0.000   40000.0   40000.0    NaN
at_least_one_positive_image_by_area[1749]  1.000  0.000   1.000    1.000      0.000    0.000   40000.0   40000.0    NaN
at_least_one_positive_image_by_area[1750]  0.265  0.284   0.000    0.873      0.002    0.002   10064.0   13336.0    1.0
at_least_one_positive_image_by_area[1751]  0.000  0.000   0.000    0.000      0.000    0.000   40000.0   40000.0    NaN
at_least_one_positive_image_by_area[1752]  0.007  0.021   0.000    0.024      0.000    0.000   13229.0   11534.0    1.0
at_least_one_positive_image_by_area[1753]  0.237  0.253   0.000    0.778      0.002    0.002   11599.0   13831.0    1.0
at_least_one_positive_image_by_area[1754]  0.431  0.315   0.034    1.000      0.003    0.003    9740.0   11311.0    1.0
at_least_one_positive_image_by_area[1755]  1.000  0.000   1.000    1.000      0.000    0.000   40000.0   40000.0    NaN
at_least_one_positive_image_by_area[1756]  0.408  0.339   0.000    0.983      0.003    0.002   13760.0   16241.0    1.0
at_least_one_positive_image_by_area[1757]  0.205  0.232   0.000    0.705      0.002    0.001   12695.0   13795.0    1.0
at_least_one_positive_image_by_area[1758]  0.605  0.303   0.111    1.000      0.003    0.002    8967.0    5343.0    1.0
at_least_one_positive_image_by_area[1759]  0.340  0.290   0.001    0.912      0.002    0.002   12754.0   14044.0    1.0
at_least_one_positive_image_by_area[1760]  1.000  0.000   1.000    1.000      0.000    0.000   40000.0   40000.0    NaN
at_least_one_positive_image_by_area[1761]  1.000  0.000   1.000    1.000      0.000    0.000   40000.0   40000.0    NaN
at_least_one_positive_image_by_area[1762]  0.421  0.309   0.003    0.964      0.003    0.002    7233.0    3140.0    1.0
at_least_one_positive_image_by_area[1763]  0.448  0.305   0.046    1.000      0.003    0.002    9342.0    5971.0    1.0
at_least_one_positive_image_by_area[1764]  1.000  0.000   1.000    1.000      0.000    0.000   40000.0   40000.0    NaN
at_least_one_positive_image_by_area[1765]  0.181  0.227   0.000    0.674      0.002    0.002   13117.0   11134.0    1.0
at_least_one_positive_image_by_area[1766]  0.481  0.324   0.041    1.000      0.003    0.002   10128.0   16360.0    1.0
at_least_one_positive_image_by_area[1767]  0.400  0.322   0.001    0.970      0.003    0.002   15005.0   16344.0    1.0
at_least_one_positive_image_by_area[1768]  1.000  0.000   1.000    1.000      0.000    0.000   40000.0   40000.0    NaN
at_least_one_positive_image_by_area[1769]  0.223  0.259   0.000    0.792      0.002    0.002   11554.0   13747.0    1.0
at_least_one_positive_image_by_area[1770]  0.177  0.219   0.000    0.650      0.002    0.001    9022.0    4072.0    1.0
at_least_one_positive_image_by_area[1771]  0.165  0.233   0.000    0.687      0.002    0.001    7596.0    3637.0    1.0
at_least_one_positive_image_by_area[1772]  1.000  0.000   1.000    1.000      0.000    0.000   40000.0   40000.0    NaN
at_least_one_positive_image_by_area[1773]  0.480  0.328   0.037    1.000      0.003    0.002   11979.0   13599.0    1.0
at_least_one_positive_image_by_area[1774]  0.266  0.271   0.000    0.834      0.003    0.002   10949.0   15634.0    1.0
at_least_one_positive_image_by_area[1775]  0.182  0.226   0.000    0.671      0.002    0.001   10323.0   10962.0    1.0
at_least_one_positive_image_by_area[1776]  0.478  0.327   0.036    1.000      0.004    0.003    8118.0    6663.0    1.0
at_least_one_positive_image_by_area[1777]  0.365  0.305   0.001    0.939      0.003    0.002   10005.0   11986.0    1.0
at_least_one_positive_image_by_area[1778]  1.000  0.000   1.000    1.000      0.000    0.000   40000.0   40000.0    NaN
at_least_one_positive_image_by_area[1779]  0.325  0.309   0.000    0.937      0.004    0.003    7193.0    3946.0    1.0
at_least_one_positive_image_by_area[1780]  0.525  0.352   0.026    1.000      0.004    0.003   12012.0   13095.0    1.0
at_least_one_positive_image_by_area[1781]  0.348  0.295   0.001    0.922      0.003    0.002   11664.0   14001.0    1.0
at_least_one_positive_image_by_area[1782]  1.000  0.000   1.000    1.000      0.000    0.000   40000.0   40000.0    NaN
at_least_one_positive_image_by_area[1783]  0.305  0.291   0.000    0.900      0.003    0.002    7693.0    5178.0    1.0
at_least_one_positive_image_by_area[1784]  0.156  0.205   0.000    0.589      0.002    0.001   13868.0   16690.0    1.0
at_least_one_positive_image_by_area[1785]  0.203  0.247   0.000    0.751      0.002    0.001   13926.0   18826.0    1.0
at_least_one_positive_image_by_area[1786]  0.274  0.270   0.000    0.844      0.002    0.002   12409.0   14912.0    1.0
at_least_one_positive_image_by_area[1787]  0.375  0.312   0.000    0.956      0.003    0.002   13490.0   16929.0    1.0
at_least_one_positive_image_by_area[1788]  0.374  0.314   0.000    0.955      0.003    0.002    9342.0   11137.0    1.0
at_least_one_positive_image_by_area[1789]  0.316  0.306   0.000    0.933      0.003    0.002   11286.0   16120.0    1.0
at_least_one_positive_image_by_area[1790]  1.000  0.000   1.000    1.000      0.000    0.000   40000.0   40000.0    NaN
at_least_one_positive_image_by_area[1791]  1.000  0.000   1.000    1.000      0.000    0.000   40000.0   40000.0    NaN
at_least_one_positive_image_by_area[1792]  0.335  0.295   0.000    0.919      0.003    0.002    6924.0    9824.0    1.0
at_least_one_positive_image_by_area[1793]  0.475  0.313   0.050    1.000      0.003    0.002   11218.0   11622.0    1.0
at_least_one_positive_image_by_area[1794]  0.294  0.304   0.000    0.927      0.004    0.003    5507.0    2416.0    1.0
at_least_one_positive_image_by_area[1795]  0.485  0.333   0.036    1.000      0.003    0.002   11480.0   11539.0    1.0
at_least_one_positive_image_by_area[1796]  0.185  0.213   0.000    0.634      0.002    0.001   14207.0   15209.0    1.0
at_least_one_positive_image_by_area[1797]  0.282  0.271   0.000    0.849      0.002    0.002   11967.0   15398.0    1.0
at_least_one_positive_image_by_area[1798]  0.305  0.292   0.000    0.908      0.002    0.002   14973.0   18010.0    1.0
at_least_one_positive_image_by_area[1799]  0.267  0.283   0.000    0.871      0.002    0.002   13377.0   11572.0    1.0
at_least_one_positive_image_by_area[1800]  0.453  0.322   0.035    1.000      0.003    0.002    9598.0   13213.0    1.0
at_least_one_positive_image_by_area[1801]  1.000  0.000   1.000    1.000      0.000    0.000   40000.0   40000.0    NaN
at_least_one_positive_image_by_area[1802]  1.000  0.000   1.000    1.000      0.000    0.000   40000.0   40000.0    NaN
at_least_one_positive_image_by_area[1803]  0.200  0.244   0.000    0.735      0.002    0.002   10631.0   14570.0    1.0
at_least_one_positive_image_by_area[1804]  0.588  0.310   0.093    1.000      0.003    0.002   13526.0   15397.0    1.0
at_least_one_positive_image_by_area[1805]  1.000  0.000   1.000    1.000      0.000    0.000   40000.0   40000.0    NaN
at_least_one_positive_image_by_area[1806]  0.798  0.277   0.188    1.000      0.003    0.002   13633.0   12595.0    1.0
at_least_one_positive_image_by_area[1807]  0.392  0.309   0.001    0.956      0.003    0.002   13688.0   18608.0    1.0
at_least_one_positive_image_by_area[1808]  1.000  0.000   1.000    1.000      0.000    0.000   40000.0   40000.0    NaN
at_least_one_positive_image_by_area[1809]  1.000  0.000   1.000    1.000      0.000    0.000   40000.0   40000.0    NaN
at_least_one_positive_image_by_area[1810]  0.588  0.314   0.085    1.000      0.003    0.002   13568.0   13463.0    1.0
at_least_one_positive_image_by_area[1811]  1.000  0.000   1.000    1.000      0.000    0.000   40000.0   40000.0    NaN
at_least_one_positive_image_by_area[1812]  0.363  0.317   0.000    0.957      0.003    0.002   11523.0   14123.0    1.0
at_least_one_positive_image_by_area[1813]  0.319  0.291   0.000    0.904      0.003    0.002   10053.0    4988.0    1.0
at_least_one_positive_image_by_area[1814]  0.604  0.307   0.103    1.000      0.003    0.002   11697.0   13960.0    1.0
at_least_one_positive_image_by_area[1815]  0.477  0.321   0.041    1.000      0.003    0.002    7628.0    3947.0    1.0
at_least_one_positive_image_by_area[1816]  0.406  0.310   0.001    0.962      0.003    0.002   12828.0    9017.0    1.0
at_least_one_positive_image_by_area[1817]  0.445  0.310   0.043    1.000      0.003    0.003    9867.0   15153.0    1.0
at_least_one_positive_image_by_area[1818]  0.482  0.321   0.044    1.000      0.003    0.002   13328.0   12798.0    1.0
at_least_one_positive_image_by_area[1819]  1.000  0.000   1.000    1.000      0.000    0.000   40000.0   40000.0    NaN
at_least_one_positive_image_by_area[1820]  0.286  0.283   0.000    0.875      0.003    0.002    8878.0   16448.0    1.0
at_least_one_positive_image_by_area[1821]  0.409  0.307   0.003    0.959      0.003    0.002   11552.0    9158.0    1.0
at_least_one_positive_image_by_area[1822]  1.000  0.000   1.000    1.000      0.000    0.000   40000.0   40000.0    NaN
at_least_one_positive_image_by_area[1823]  0.222  0.257   0.000    0.787      0.002    0.002   11636.0   13026.0    1.0
at_least_one_positive_image_by_area[1824]  0.272  0.288   0.000    0.893      0.003    0.003    8508.0    5412.0    1.0
at_least_one_positive_image_by_area[1825]  0.351  0.296   0.001    0.925      0.003    0.002   13061.0   11347.0    1.0
at_least_one_positive_image_by_area[1826]  0.279  0.284   0.000    0.880      0.002    0.002   13530.0   16105.0    1.0
at_least_one_positive_image_by_area[1827]  0.124  0.179   0.000    0.484      0.002    0.001    7749.0   15918.0    1.0
at_least_one_positive_image_by_area[1828]  0.361  0.314   0.000    0.951      0.003    0.002   12551.0   17892.0    1.0
at_least_one_positive_image_by_area[1829]  0.578  0.345   0.043    1.000      0.004    0.003    7011.0    9220.0    1.0
at_least_one_positive_image_by_area[1830]  0.310  0.309   0.000    0.932      0.002    0.002   15147.0   17915.0    1.0
at_least_one_positive_image_by_area[1831]  0.249  0.259   0.000    0.804      0.002    0.002   14020.0   15016.0    1.0
at_least_one_positive_image_by_area[1832]  0.260  0.246   0.001    0.772      0.002    0.002   12648.0   15913.0    1.0
at_least_one_positive_image_by_area[1833]  0.349  0.268   0.005    0.875      0.002    0.002   14174.0   15095.0    1.0
at_least_one_positive_image_by_area[1834]  0.277  0.308   0.000    0.928      0.004    0.003    4517.0    2499.0    1.0
at_least_one_positive_image_by_area[1835]  0.226  0.276   0.000    0.842      0.003    0.002    3846.0    1331.0    1.0
at_least_one_positive_image_by_area[1836]  1.000  0.000   1.000    1.000      0.000    0.000   40000.0   40000.0    NaN
at_least_one_positive_image_by_area[1837]  0.293  0.286   0.000    0.884      0.003    0.002   11751.0   11217.0    1.0
at_least_one_positive_image_by_area[1838]  0.142  0.195   0.000    0.544      0.002    0.001    8449.0    4192.0    1.0
at_least_one_positive_image_by_area[1839]  0.400  0.305   0.001    0.956      0.003    0.002   12478.0    6695.0    1.0
at_least_one_positive_image_by_area[1840]  0.221  0.263   0.000    0.806      0.002    0.001   14518.0   12906.0    1.0
at_least_one_positive_image_by_area[1841]  0.103  0.157   0.000    0.397      0.001    0.001   14400.0   13357.0    1.0
at_least_one_positive_image_by_area[1842]  0.117  0.174   0.000    0.465      0.002    0.001   10417.0   13774.0    1.0
at_least_one_positive_image_by_area[1843]  0.124  0.185   0.000    0.505      0.002    0.001   12239.0    9782.0    1.0
at_least_one_positive_image_by_area[1844]  0.073  0.149   0.000    0.331      0.001    0.001   11811.0   10475.0    1.0
at_least_one_positive_image_by_area[1845]  0.785  0.305   0.112    1.000      0.004    0.003    8600.0    9780.0    1.0
at_least_one_positive_image_by_area[1846]  1.000  0.000   1.000    1.000      0.000    0.000   40000.0   40000.0    NaN
at_least_one_positive_image_by_area[1847]  1.000  0.000   1.000    1.000      0.000    0.000   40000.0   40000.0    NaN
at_least_one_positive_image_by_area[1848]  0.401  0.315   0.001    0.960      0.003    0.002   10585.0    8443.0    1.0
at_least_one_positive_image_by_area[1849]  0.219  0.257   0.000    0.783      0.003    0.002    6890.0    6797.0    1.0
at_least_one_positive_image_by_area[1850]  0.282  0.277   0.000    0.864      0.003    0.002   11084.0   12216.0    1.0
at_least_one_positive_image_by_area[1851]  0.333  0.293   0.000    0.915      0.003    0.002   10461.0   12222.0    1.0
at_least_one_positive_image_by_area[1852]  0.392  0.336   0.000    0.983      0.003    0.002   11426.0    4378.0    1.0
at_least_one_positive_image_by_area[1853]  0.162  0.218   0.000    0.635      0.002    0.001   13776.0   16070.0    1.0
at_least_one_positive_image_by_area[1854]  0.157  0.208   0.000    0.604      0.002    0.001   11087.0   14336.0    1.0
at_least_one_positive_image_by_area[1855]  0.143  0.205   0.000    0.584      0.002    0.001    9713.0   12648.0    1.0
at_least_one_positive_image_by_area[1856]  0.366  0.341   0.000    0.983      0.004    0.002    9596.0    8899.0    1.0
at_least_one_positive_image_by_area[1857]  0.174  0.220   0.000    0.650      0.002    0.001   10251.0   13947.0    1.0
at_least_one_positive_image_by_area[1858]  0.275  0.325   0.000    0.961      0.003    0.002    9614.0   13281.0    1.0
at_least_one_positive_image_by_area[1859]  0.236  0.277   0.000    0.851      0.003    0.002   10844.0   11807.0    1.0
at_least_one_positive_image_by_area[1860]  0.145  0.200   0.000    0.560      0.002    0.001    8882.0   12824.0    1.0
at_least_one_positive_image_by_area[1861]  0.081  0.127   0.000    0.303      0.001    0.001   10141.0   16609.0    1.0
at_least_one_positive_image_by_area[1862]  0.071  0.154   0.000    0.341      0.001    0.001   12865.0   16865.0    1.0
at_least_one_positive_image_by_area[1863]  0.071  0.142   0.000    0.306      0.001    0.001    9768.0   14666.0    1.0
at_least_one_positive_image_by_area[1864]  0.144  0.202   0.000    0.565      0.002    0.001    8842.0   13792.0    1.0
at_least_one_positive_image_by_area[1865]  0.107  0.167   0.000    0.424      0.001    0.001    9020.0   14123.0    1.0
at_least_one_positive_image_by_area[1866]  0.102  0.164   0.000    0.414      0.001    0.001    8838.0   14800.0    1.0
at_least_one_positive_image_by_area[1867]  0.227  0.251   0.000    0.771      0.002    0.002   10704.0    6340.0    1.0
at_least_one_positive_image_by_area[1868]  0.172  0.228   0.000    0.676      0.002    0.001   14588.0   18251.0    1.0
at_least_one_positive_image_by_area[1869]  0.222  0.243   0.000    0.745      0.002    0.001   12797.0   13737.0    1.0
at_least_one_positive_image_by_area[1870]  0.154  0.209   0.000    0.593      0.004    0.003    5462.0    2425.0    1.0
at_least_one_positive_image_by_area[1871]  0.334  0.292   0.000    0.909      0.003    0.002   11669.0   11722.0    1.0
at_least_one_positive_image_by_area[1872]  0.305  0.312   0.000    0.943      0.003    0.002   12531.0   14041.0    1.0
at_least_one_positive_image_by_area[1873]  0.151  0.215   0.000    0.614      0.002    0.001   13368.0   15569.0    1.0
at_least_one_positive_image_by_area[1874]  0.173  0.233   0.000    0.683      0.002    0.002    8108.0    9682.0    1.0
at_least_one_positive_image_by_area[1875]  0.234  0.260   0.000    0.798      0.002    0.002    9914.0    6255.0    1.0
at_least_one_positive_image_by_area[1876]  0.234  0.262   0.000    0.803      0.002    0.002    8304.0    6225.0    1.0
at_least_one_positive_image_by_area[1877]  0.291  0.302   0.000    0.919      0.003    0.002   10069.0   16312.0    1.0
at_least_one_positive_image_by_area[1878]  1.000  0.000   1.000    1.000      0.000    0.000   40000.0   40000.0    NaN
at_least_one_positive_image_by_area[1879]  0.351  0.288   0.001    0.902      0.003    0.002    7990.0    9749.0    1.0
at_least_one_positive_image_by_area[1880]  0.115  0.112   0.002    0.317      0.001    0.001    5508.0    2087.0    1.0
at_least_one_positive_image_by_area[1881]  1.000  0.000   1.000    1.000      0.000    0.000   40000.0   40000.0    NaN
at_least_one_positive_image_by_area[1882]  0.373  0.289   0.002    0.917      0.003    0.002   10367.0   13673.0    1.0
at_least_one_positive_image_by_area[1883]  0.309  0.275   0.000    0.868      0.003    0.002   11310.0   13118.0    1.0
at_least_one_positive_image_by_area[1884]  0.235  0.246   0.000    0.759      0.002    0.002   12475.0   13885.0    1.0
at_least_one_positive_image_by_area[1885]  0.254  0.269   0.000    0.831      0.002    0.002   12419.0   15522.0    1.0
at_least_one_positive_image_by_area[1886]  0.344  0.303   0.000    0.932      0.003    0.002    7292.0    7203.0    1.0
at_least_one_positive_image_by_area[1887]  0.263  0.278   0.000    0.853      0.003    0.002   12377.0   15776.0    1.0
at_least_one_positive_image_by_area[1888]  0.204  0.241   0.000    0.731      0.002    0.002   11920.0   18806.0    1.0
at_least_one_positive_image_by_area[1889]  0.208  0.257   0.000    0.781      0.002    0.001   13985.0   11149.0    1.0
at_least_one_positive_image_by_area[1890]  0.213  0.243   0.000    0.743      0.002    0.001   10492.0   13032.0    1.0
at_least_one_positive_image_by_area[1891]  0.144  0.202   0.000    0.575      0.002    0.001   10257.0    9384.0    1.0
at_least_one_positive_image_by_area[1892]  0.057  0.118   0.000    0.242      0.001    0.001    7472.0    9088.0    1.0
at_least_one_positive_image_by_area[1893]  0.309  0.335   0.000    0.973      0.003    0.002    9378.0    9203.0    1.0
at_least_one_positive_image_by_area[1894]  0.152  0.204   0.000    0.584      0.002    0.002    6827.0   10490.0    1.0
at_least_one_positive_image_by_area[1895]  0.113  0.166   0.000    0.435      0.002    0.001    8125.0   12146.0    1.0
at_least_one_positive_image_by_area[1896]  1.000  0.000   1.000    1.000      0.000    0.000   40000.0   40000.0    NaN
at_least_one_positive_image_by_area[1897]  0.559  0.334   0.052    1.000      0.004    0.003    6432.0    6594.0    1.0
at_least_one_positive_image_by_area[1898]  0.213  0.242   0.000    0.737      0.002    0.002    4443.0    1456.0    1.0
at_least_one_positive_image_by_area[1899]  0.305  0.275   0.001    0.865      0.003    0.002    9044.0    9960.0    1.0
at_least_one_positive_image_by_area[1900]  0.142  0.222   0.000    0.641      0.002    0.001    8720.0    6654.0    1.0
at_least_one_positive_image_by_area[1901]  0.111  0.168   0.000    0.445      0.002    0.001    8810.0   12435.0    1.0
at_least_one_positive_image_by_area[1902]  0.037  0.071   0.000    0.136      0.001    0.000    6064.0    3629.0    1.0
at_least_one_positive_image_by_area[1903]  0.336  0.302   0.000    0.930      0.003    0.002   12966.0   14814.0    1.0
at_least_one_positive_image_by_area[1904]  0.112  0.186   0.000    0.497      0.002    0.001    9475.0    8798.0    1.0
at_least_one_positive_image_by_area[1905]  0.095  0.176   0.000    0.441      0.001    0.001    6867.0    2175.0    1.0
at_least_one_positive_image_by_area[1906]  1.000  0.000   1.000    1.000      0.000    0.000   40000.0   40000.0    NaN
at_least_one_positive_image_by_area[1907]  0.221  0.257   0.000    0.788      0.002    0.002   12870.0   14616.0    1.0
at_least_one_positive_image_by_area[1908]  1.000  0.000   1.000    1.000      0.000    0.000   40000.0   40000.0    NaN
at_least_one_positive_image_by_area[1909]  0.348  0.312   0.000    0.946      0.003    0.002   10421.0    8732.0    1.0
at_least_one_positive_image_by_area[1910]  1.000  0.000   1.000    1.000      0.000    0.000   40000.0   40000.0    NaN
at_least_one_positive_image_by_area[1911]  0.352  0.300   0.000    0.935      0.003    0.002    6665.0    3976.0    1.0
at_least_one_positive_image_by_area[1912]  0.941  0.159   0.681    1.000      0.003    0.002    7710.0    4669.0    1.0
at_least_one_positive_image_by_area[1913]  0.174  0.200   0.000    0.588      0.002    0.001    9839.0   12745.0    1.0
at_least_one_positive_image_by_area[1914]  0.199  0.234   0.000    0.706      0.002    0.001   12602.0   15493.0    1.0
at_least_one_positive_image_by_area[1915]  1.000  0.000   1.000    1.000      0.000    0.000   40000.0   40000.0    NaN
at_least_one_positive_image_by_area[1916]  0.143  0.209   0.000    0.593      0.002    0.002    7565.0    9148.0    1.0
at_least_one_positive_image_by_area[1917]  0.057  0.098   0.000    0.214      0.001    0.001    6540.0   11340.0    1.0
at_least_one_positive_image_by_area[1918]  0.180  0.250   0.000    0.756      0.002    0.001   14863.0   17552.0    1.0
at_least_one_positive_image_by_area[1919]  0.199  0.253   0.000    0.766      0.002    0.001   10256.0    4600.0    1.0
at_least_one_positive_image_by_area[1920]  0.306  0.277   0.000    0.870      0.003    0.002   12865.0   15215.0    1.0
at_least_one_positive_image_by_area[1921]  0.081  0.142   0.000    0.329      0.001    0.001    9620.0   15880.0    1.0
at_least_one_positive_image_by_area[1922]  1.000  0.000   1.000    1.000      0.000    0.000   40000.0   40000.0    NaN
at_least_one_positive_image_by_area[1923]  0.354  0.313   0.000    0.949      0.003    0.002    9787.0    8810.0    1.0
at_least_one_positive_image_by_area[1924]  0.438  0.312   0.037    1.000      0.003    0.002   12425.0   16102.0    1.0
at_least_one_positive_image_by_area[1925]  0.302  0.295   0.000    0.912      0.003    0.003    6037.0    3652.0    1.0
at_least_one_positive_image_by_area[1926]  0.263  0.274   0.000    0.850      0.004    0.003    7532.0    7512.0    1.0
at_least_one_positive_image_by_area[1927]  0.260  0.275   0.000    0.848      0.003    0.002   10856.0   12367.0    1.0
at_least_one_positive_image_by_area[1928]  0.104  0.161   0.000    0.407      0.002    0.001   10232.0   13815.0    1.0
at_least_one_positive_image_by_area[1929]  0.063  0.131   0.000    0.274      0.001    0.001    6183.0    9819.0    1.0
at_least_one_positive_image_by_area[1930]  0.227  0.240   0.000    0.737      0.003    0.002    8319.0   14544.0    1.0
at_least_one_positive_image_by_area[1931]  0.082  0.136   0.000    0.321      0.001    0.001   11452.0   12483.0    1.0
at_least_one_positive_image_by_area[1932]  0.314  0.295   0.000    0.909      0.002    0.002   13910.0   16111.0    1.0
at_least_one_positive_image_by_area[1933]  1.000  0.000   1.000    1.000      0.000    0.000   40000.0   40000.0    NaN
at_least_one_positive_image_by_area[1934]  0.241  0.272   0.000    0.836      0.003    0.002   11595.0   12833.0    1.0
at_least_one_positive_image_by_area[1935]  0.420  0.337   0.018    1.000      0.003    0.002    7903.0    4541.0    1.0
at_least_one_positive_image_by_area[1936]  0.027  0.068   0.000    0.105      0.001    0.000    9730.0   13494.0    1.0
at_least_one_positive_image_by_area[1937]  0.355  0.296   0.000    0.924      0.003    0.002    8899.0    4557.0    1.0
at_least_one_positive_image_by_area[1938]  1.000  0.000   1.000    1.000      0.000    0.000   40000.0   40000.0    NaN
at_least_one_positive_image_by_area[1939]  0.359  0.313   0.000    0.948      0.003    0.002   11956.0   14607.0    1.0
at_least_one_positive_image_by_area[1940]  0.103  0.163   0.000    0.413      0.002    0.001    5976.0   12283.0    1.0
at_least_one_positive_image_by_area[1941]  0.000  0.000   0.000    0.000      0.000    0.000   40000.0   40000.0    NaN
at_least_one_positive_image_by_area[1942]  0.183  0.257   0.000    0.771      0.002    0.002    4243.0    1938.0    1.0
at_least_one_positive_image_by_area[1943]  0.058  0.111   0.000    0.231      0.001    0.001    9356.0   12752.0    1.0
at_least_one_positive_image_by_area[1944]  0.019  0.056   0.000    0.067      0.002    0.001    5410.0    4181.0    1.0
at_least_one_positive_image_by_area[1945]  0.123  0.210   0.000    0.584      0.002    0.001   11809.0   15039.0    1.0
at_least_one_positive_image_by_area[1946]  0.256  0.292   0.000    0.894      0.004    0.003    9224.0    7027.0    1.0
at_least_one_positive_image_by_area[1947]  0.138  0.190   0.000    0.527      0.002    0.001   11594.0   14184.0    1.0
at_least_one_positive_image_by_area[1948]  0.192  0.240   0.000    0.723      0.002    0.002    8486.0    9416.0    1.0
at_least_one_positive_image_by_area[1949]  0.213  0.249   0.000    0.759      0.002    0.001   10401.0   10666.0    1.0
at_least_one_positive_image_by_area[1950]  0.316  0.307   0.000    0.933      0.004    0.003    6371.0    4954.0    1.0
at_least_one_positive_image_by_area[1951]  0.141  0.207   0.000    0.587      0.002    0.001   14573.0   18529.0    1.0
at_least_one_positive_image_by_area[1952]  0.450  0.327   0.030    1.000      0.003    0.002   11945.0   15466.0    1.0
at_least_one_positive_image_by_area[1953]  0.537  0.358   0.026    1.000      0.004    0.003    9217.0   17310.0    1.0
at_least_one_positive_image_by_area[1954]  0.329  0.315   0.000    0.951      0.004    0.003    4824.0    2134.0    1.0
at_least_one_positive_image_by_area[1955]  0.458  0.326   0.032    1.000      0.003    0.003    8650.0    7275.0    1.0
at_least_one_positive_image_by_area[1956]  0.294  0.281   0.000    0.875      0.002    0.002    9848.0    4133.0    1.0
at_least_one_positive_image_by_area[1957]  1.000  0.000   1.000    1.000      0.000    0.000   40000.0   40000.0    NaN
at_least_one_positive_image_by_area[1958]  0.027  0.081   0.000    0.108      0.001    0.000    8599.0   10608.0    1.0
at_least_one_positive_image_by_area[1959]  0.175  0.222   0.000    0.651      0.002    0.001   13926.0   17219.0    1.0
at_least_one_positive_image_by_area[1960]  0.116  0.164   0.000    0.433      0.001    0.001   11418.0   16484.0    1.0
at_least_one_positive_image_by_area[1961]  0.053  0.123   0.000    0.236      0.001    0.001   10057.0    5993.0    1.0
at_least_one_positive_image_by_area[1962]  0.133  0.191   0.000    0.526      0.002    0.001   10482.0    9573.0    1.0
at_least_one_positive_image_by_area[1963]  0.241  0.275   0.000    0.850      0.002    0.002   12736.0   11742.0    1.0
at_least_one_positive_image_by_area[1964]  0.516  0.317   0.063    1.000      0.003    0.003    8299.0    6582.0    1.0
at_least_one_positive_image_by_area[1965]  0.317  0.343   0.000    0.975      0.004    0.003    8050.0    5409.0    1.0
at_least_one_positive_image_by_area[1966]  0.218  0.265   0.000    0.802      0.003    0.002   10061.0   15307.0    1.0
at_least_one_positive_image_by_area[1967]  0.095  0.183   0.000    0.462      0.002    0.001    9695.0    6250.0    1.0
at_least_one_positive_image_by_area[1968]  0.100  0.161   0.000    0.411      0.001    0.001   10263.0   18239.0    1.0
at_least_one_positive_image_by_area[1969]  0.221  0.235   0.000    0.713      0.002    0.001    9226.0    8689.0    1.0
at_least_one_positive_image_by_area[1970]  0.114  0.178   0.000    0.470      0.002    0.001    9240.0   11564.0    1.0
at_least_one_positive_image_by_area[1971]  0.068  0.118   0.000    0.261      0.001    0.001    8808.0   13781.0    1.0
at_least_one_positive_image_by_area[1972]  0.184  0.214   0.000    0.637      0.002    0.002    7124.0    7825.0    1.0
at_least_one_positive_image_by_area[1973]  0.165  0.231   0.000    0.682      0.002    0.001    8243.0   10212.0    1.0
at_least_one_positive_image_by_area[1974]  0.299  0.299   0.000    0.913      0.002    0.002   14947.0   15491.0    1.0
at_least_one_positive_image_by_area[1975]  0.135  0.186   0.000    0.514      0.002    0.001    9787.0   15431.0    1.0
at_least_one_positive_image_by_area[1976]  0.288  0.294   0.000    0.898      0.003    0.002    3929.0    1992.0    1.0
at_least_one_positive_image_by_area[1977]  0.200  0.243   0.000    0.743      0.004    0.003    5767.0    2012.0    1.0
at_least_one_positive_image_by_area[1978]  0.262  0.276   0.000    0.854      0.002    0.002    9041.0    4636.0    1.0
at_least_one_positive_image_by_area[1979]  0.043  0.084   0.000    0.160      0.001    0.000    7172.0    5256.0    1.0
at_least_one_positive_image_by_area[1980]  0.041  0.083   0.000    0.154      0.001    0.000    9359.0   11272.0    1.0
at_least_one_positive_image_by_area[1981]  0.213  0.258   0.000    0.778      0.002    0.002   11041.0   19264.0    1.0
at_least_one_positive_image_by_area[1982]  1.000  0.000   1.000    1.000      0.000    0.000   40000.0   40000.0    NaN
at_least_one_positive_image_by_area[1983]  0.189  0.232   0.000    0.694      0.002    0.001   13408.0   14173.0    1.0
at_least_one_positive_image_by_area[1984]  0.331  0.318   0.000    0.960      0.003    0.003    9641.0    5107.0    1.0
at_least_one_positive_image_by_area[1985]  0.275  0.264   0.000    0.822      0.003    0.002    6982.0    8304.0    1.0
at_least_one_positive_image_by_area[1986]  1.000  0.000   1.000    1.000      0.000    0.000   40000.0   40000.0    NaN
at_least_one_positive_image_by_area[1987]  0.229  0.246   0.000    0.760      0.002    0.002   11947.0   14637.0    1.0
at_least_one_positive_image_by_area[1988]  0.243  0.250   0.000    0.776      0.003    0.002   11931.0    7603.0    1.0
at_least_one_positive_image_by_area[1989]  0.434  0.304   0.044    1.000      0.003    0.002   12863.0   14006.0    1.0
at_least_one_positive_image_by_area[1990]  0.240  0.270   0.000    0.831      0.003    0.002    9550.0   15180.0    1.0
at_least_one_positive_image_by_area[1991]  1.000  0.000   1.000    1.000      0.000    0.000   40000.0   40000.0    NaN
at_least_one_positive_image_by_area[1992]  0.009  0.031   0.000    0.030      0.000    0.000    9301.0   13171.0    1.0
at_least_one_positive_image_by_area[1993]  0.206  0.264   0.000    0.801      0.002    0.002   11921.0   13979.0    1.0
at_least_one_positive_image_by_area[1994]  0.086  0.153   0.000    0.358      0.001    0.001   11326.0   14285.0    1.0
at_least_one_positive_image_by_area[1995]  1.000  0.000   1.000    1.000      0.000    0.000   40000.0   40000.0    NaN
at_least_one_positive_image_by_area[1996]  0.385  0.303   0.001    0.947      0.002    0.002   15574.0   13361.0    1.0
at_least_one_positive_image_by_area[1997]  0.603  0.343   0.045    1.000      0.003    0.002   11734.0   11960.0    1.0
at_least_one_positive_image_by_area[1998]  0.720  0.302   0.137    1.000      0.003    0.002   12523.0   15902.0    1.0
at_least_one_positive_image_by_area[1999]  0.428  0.352   0.000    0.991      0.004    0.003   10022.0   12232.0    1.0
at_least_one_positive_image_by_area[2000]  0.414  0.309   0.005    0.967      0.004    0.003    8504.0   11855.0    1.0
at_least_one_positive_image_by_area[2001]  0.247  0.263   0.000    0.812      0.003    0.002    9263.0    8993.0    1.0
at_least_one_positive_image_by_area[2002]  0.458  0.356   0.019    1.000      0.004    0.003   10597.0   16177.0    1.0
at_least_one_positive_image_by_area[2003]  0.031  0.109   0.000    0.130      0.001    0.001    2952.0    3392.0    1.0
at_least_one_positive_image_by_area[2004]  0.058  0.165   0.000    0.317      0.001    0.001    2952.0    3485.0    1.0
at_least_one_positive_image_by_area[2005]  0.844  0.268   0.196    1.000      0.004    0.003    8980.0    4698.0    1.0
at_least_one_positive_image_by_area[2006]  0.581  0.332   0.061    1.000      0.003    0.002   14080.0   14911.0    1.0
at_least_one_positive_image_by_area[2007]  0.280  0.288   0.000    0.886      0.003    0.002   13821.0   14136.0    1.0
at_least_one_positive_image_by_area[2008]  0.348  0.271   0.003    0.882      0.003    0.003    6660.0    2771.0    1.0
at_least_one_positive_image_by_area[2009]  0.390  0.314   0.001    0.961      0.003    0.003    8797.0    4500.0    1.0
at_least_one_positive_image_by_area[2010]  0.024  0.062   0.000    0.092      0.000    0.000   13919.0   16975.0    1.0
at_least_one_positive_image_by_area[2011]  0.536  0.357   0.022    1.000      0.004    0.003    8249.0   12842.0    1.0
at_least_one_positive_image_by_area[2012]  0.221  0.233   0.000    0.707      0.002    0.001    9972.0   13641.0    1.0
at_least_one_positive_image_by_area[2013]  0.158  0.179   0.000    0.513      0.002    0.001    8691.0   13287.0    1.0
at_least_one_positive_image_by_area[2014]  0.037  0.071   0.000    0.130      0.001    0.000    7923.0   16390.0    1.0
at_least_one_positive_image_by_area[2015]  0.151  0.224   0.000    0.654      0.002    0.002   10359.0   12147.0    1.0
at_least_one_positive_image_by_area[2016]  0.132  0.209   0.000    0.588      0.002    0.001   11602.0   12060.0    1.0
at_least_one_positive_image_by_area[2017]  0.365  0.303   0.001    0.939      0.003    0.002   12291.0   16004.0    1.0
at_least_one_positive_image_by_area[2018]  0.129  0.183   0.000    0.501      0.002    0.001    6593.0    2056.0    1.0
at_least_one_positive_image_by_area[2019]  0.204  0.233   0.000    0.711      0.002    0.002    7710.0    2030.0    1.0
at_least_one_positive_image_by_area[2020]  0.257  0.273   0.000    0.848      0.004    0.003    7180.0    2575.0    1.0
at_least_one_positive_image_by_area[2021]  0.160  0.267   0.000    0.819      0.002    0.002    8728.0   13406.0    1.0
at_least_one_positive_image_by_area[2022]  0.176  0.254   0.000    0.762      0.003    0.002    6317.0    4301.0    1.0
at_least_one_positive_image_by_area[2023]  0.057  0.119   0.000    0.246      0.001    0.001    7896.0    8402.0    1.0
at_least_one_positive_image_by_area[2024]  0.005  0.029   0.000    0.016      0.000    0.000    7081.0    2312.0    1.0
at_least_one_positive_image_by_area[2025]  0.109  0.198   0.000    0.538      0.002    0.001   10787.0    9992.0    1.0
at_least_one_positive_image_by_area[2026]  0.123  0.228   0.000    0.655      0.002    0.001   13022.0   12776.0    1.0
at_least_one_positive_image_by_area[2027]  1.000  0.000   1.000    1.000      0.000    0.000   40000.0   40000.0    NaN
at_least_one_positive_image_by_area[2028]  1.000  0.000   1.000    1.000      0.000    0.000   40000.0   40000.0    NaN
at_least_one_positive_image_by_area[2029]  0.166  0.222   0.000    0.652      0.002    0.001    8359.0   10499.0    1.0
at_least_one_positive_image_by_area[2030]  0.527  0.315   0.066    1.000      0.003    0.002    9538.0   11221.0    1.0
at_least_one_positive_image_by_area[2031]  1.000  0.000   1.000    1.000      0.000    0.000   40000.0   40000.0    NaN
at_least_one_positive_image_by_area[2032]  0.251  0.265   0.000    0.821      0.002    0.002   12209.0   11888.0    1.0
at_least_one_positive_image_by_area[2033]  1.000  0.000   1.000    1.000      0.000    0.000   40000.0   40000.0    NaN
at_least_one_positive_image_by_area[2034]  0.328  0.297   0.000    0.922      0.003    0.002    9804.0   10569.0    1.0
at_least_one_positive_image_by_area[2035]  0.496  0.319   0.050    1.000      0.003    0.002   15629.0   15383.0    1.0
at_least_one_positive_image_by_area[2036]  0.691  0.336   0.067    1.000      0.003    0.002   12013.0   14285.0    1.0
at_least_one_positive_image_by_area[2037]  0.519  0.326   0.049    1.000      0.003    0.002   15788.0   18005.0    1.0
at_least_one_positive_image_by_area[2038]  0.485  0.326   0.038    1.000      0.003    0.002   11542.0   10043.0    1.0
at_least_one_positive_image_by_area[2039]  0.178  0.226   0.000    0.672      0.002    0.002   11606.0   13234.0    1.0
at_least_one_positive_image_by_area[2040]  0.172  0.178   0.001    0.526      0.002    0.001    7108.0    6972.0    1.0
at_least_one_positive_image_by_area[2041]  0.327  0.295   0.000    0.915      0.003    0.002    8872.0    5066.0    1.0
at_least_one_positive_image_by_area[2042]  0.239  0.314   0.000    0.940      0.004    0.003    8209.0   16646.0    1.0
at_least_one_positive_image_by_area[2043]  0.108  0.180   0.000    0.475      0.002    0.002    7864.0   10479.0    1.0
at_least_one_positive_image_by_area[2044]  0.162  0.220   0.000    0.643      0.003    0.002    8076.0   13600.0    1.0
at_least_one_positive_image_by_area[2045]  1.000  0.000   1.000    1.000      0.000    0.000   40000.0   40000.0    NaN
at_least_one_positive_image_by_area[2046]  0.284  0.276   0.000    0.858      0.003    0.002   10015.0   10813.0    1.0
at_least_one_positive_image_by_area[2047]  0.386  0.309   0.002    0.954      0.003    0.002    5568.0    2011.0    1.0
at_least_one_positive_image_by_area[2048]  0.570  0.340   0.053    1.000      0.004    0.003    7550.0    5380.0    1.0
at_least_one_positive_image_by_area[2049]  0.145  0.237   0.000    0.697      0.002    0.001   13331.0   17216.0    1.0
at_least_one_positive_image_by_area[2050]  0.484  0.350   0.020    1.000      0.004    0.003   12069.0   15125.0    1.0
at_least_one_positive_image_by_area[2051]  1.000  0.000   1.000    1.000      0.000    0.000   40000.0   40000.0    NaN
at_least_one_positive_image_by_area[2052]  0.431  0.327   0.025    1.000      0.003    0.002   10208.0   10121.0    1.0
at_least_one_positive_image_by_area[2053]  0.153  0.205   0.000    0.578      0.002    0.002    7722.0   11455.0    1.0
at_least_one_positive_image_by_area[2054]  0.116  0.186   0.000    0.495      0.002    0.001    8405.0   13102.0    1.0
at_least_one_positive_image_by_area[2055]  0.143  0.256   0.000    0.771      0.002    0.002    7514.0    1760.0    1.0
at_least_one_positive_image_by_area[2056]  0.128  0.241   0.000    0.711      0.002    0.001    5134.0    2039.0    1.0
at_least_one_positive_image_by_area[2057]  0.084  0.144   0.000    0.345      0.003    0.002    6056.0    1986.0    1.0
at_least_one_positive_image_by_area[2058]  0.180  0.216   0.000    0.633      0.002    0.001   10937.0   16366.0    1.0
at_least_one_positive_image_by_area[2059]  0.378  0.314   0.000    0.960      0.004    0.003    8624.0    7483.0    1.0
at_least_one_positive_image_by_area[2060]  0.342  0.297   0.001    0.921      0.002    0.002   13952.0   13556.0    1.0
at_least_one_positive_image_by_area[2061]  1.000  0.000   1.000    1.000      0.000    0.000   40000.0   40000.0    NaN
at_least_one_positive_image_by_area[2062]  0.056  0.108   0.000    0.223      0.001    0.001    4679.0    1788.0    1.0
at_least_one_positive_image_by_area[2063]  0.216  0.281   0.000    0.857      0.002    0.002   13090.0   14370.0    1.0
at_least_one_positive_image_by_area[2064]  0.198  0.251   0.000    0.763      0.002    0.002   12545.0    9535.0    1.0
at_least_one_positive_image_by_area[2065]  0.199  0.235   0.000    0.708      0.002    0.002   11689.0   14837.0    1.0
at_least_one_positive_image_by_area[2066]  0.444  0.347   0.017    1.000      0.004    0.003    5372.0    3623.0    1.0
at_least_one_positive_image_by_area[2067]  1.000  0.000   1.000    1.000      0.000    0.000   40000.0   40000.0    NaN
at_least_one_positive_image_by_area[2068]  0.222  0.242   0.000    0.733      0.003    0.002   10212.0   16787.0    1.0
at_least_one_positive_image_by_area[2069]  0.070  0.127   0.000    0.297      0.002    0.001    6773.0    4236.0    1.0
at_least_one_positive_image_by_area[2070]  0.057  0.112   0.000    0.230      0.001    0.001   14065.0   16523.0    1.0
at_least_one_positive_image_by_area[2071]  0.188  0.228   0.000    0.681      0.002    0.001   11000.0    8021.0    1.0
at_least_one_positive_image_by_area[2072]  1.000  0.000   1.000    1.000      0.000    0.000   40000.0   40000.0    NaN
at_least_one_positive_image_by_area[2073]  1.000  0.000   1.000    1.000      0.000    0.000   40000.0   40000.0    NaN
at_least_one_positive_image_by_area[2074]  0.155  0.229   0.000    0.671      0.002    0.001   13972.0   14817.0    1.0
at_least_one_positive_image_by_area[2075]  0.387  0.297   0.002    0.936      0.002    0.002   13560.0   13279.0    1.0
at_least_one_positive_image_by_area[2076]  1.000  0.000   1.000    1.000      0.000    0.000   40000.0   40000.0    NaN
at_least_one_positive_image_by_area[2077]  0.078  0.133   0.000    0.315      0.001    0.001    4327.0    2139.0    1.0
at_least_one_positive_image_by_area[2078]  0.227  0.240   0.000    0.739      0.002    0.001   12011.0   13007.0    1.0
at_least_one_positive_image_by_area[2079]  0.107  0.174   0.000    0.447      0.002    0.001   11439.0   12995.0    1.0
at_least_one_positive_image_by_area[2080]  0.237  0.265   0.000    0.821      0.002    0.002   14179.0   14610.0    1.0
at_least_one_positive_image_by_area[2081]  0.356  0.301   0.000    0.934      0.002    0.002   14968.0   13975.0    1.0
at_least_one_positive_image_by_area[2082]  0.175  0.217   0.000    0.638      0.002    0.001   10135.0   13761.0    1.0
at_least_one_positive_image_by_area[2083]  1.000  0.000   1.000    1.000      0.000    0.000   40000.0   40000.0    NaN
at_least_one_positive_image_by_area[2084]  1.000  0.000   1.000    1.000      0.000    0.000   40000.0   40000.0    NaN
at_least_one_positive_image_by_area[2085]  0.246  0.251   0.000    0.781      0.002    0.002    8109.0    3596.0    1.0
at_least_one_positive_image_by_area[2086]  0.355  0.294   0.001    0.924      0.003    0.002    9634.0    7257.0    1.0
at_least_one_positive_image_by_area[2087]  0.277  0.267   0.000    0.836      0.002    0.002   12728.0   13090.0    1.0
at_least_one_positive_image_by_area[2088]  1.000  0.000   1.000    1.000      0.000    0.000   40000.0   40000.0    NaN
at_least_one_positive_image_by_area[2089]  0.237  0.265   0.000    0.812      0.002    0.002   13310.0   17600.0    1.0
at_least_one_positive_image_by_area[2090]  1.000  0.000   1.000    1.000      0.000    0.000   40000.0   40000.0    NaN
at_least_one_positive_image_by_area[2091]  0.212  0.211   0.000    0.644      0.002    0.001    9854.0   12653.0    1.0
at_least_one_positive_image_by_area[2092]  0.293  0.299   0.000    0.912      0.003    0.002    9020.0   11153.0    1.0
at_least_one_positive_image_by_area[2093]  0.154  0.218   0.000    0.627      0.002    0.002   13269.0   14825.0    1.0
at_least_one_positive_image_by_area[2094]  0.083  0.156   0.000    0.364      0.001    0.001    4981.0    1617.0    1.0
at_least_one_positive_image_by_area[2095]  0.299  0.299   0.000    0.917      0.002    0.002   13294.0   13029.0    1.0
at_least_one_positive_image_by_area[2096]  1.000  0.000   1.000    1.000      0.000    0.000   40000.0   40000.0    NaN
at_least_one_positive_image_by_area[2097]  0.383  0.318   0.000    0.962      0.003    0.002   11418.0    5978.0    1.0
at_least_one_positive_image_by_area[2098]  0.569  0.346   0.038    1.000      0.004    0.003    8829.0    9985.0    1.0
at_least_one_positive_image_by_area[2099]  0.375  0.312   0.000    0.955      0.003    0.002    9031.0    9720.0    1.0
at_least_one_positive_image_by_area[2100]  0.133  0.144   0.001    0.405      0.002    0.001    7516.0    7324.0    1.0
at_least_one_positive_image_by_area[2101]  0.331  0.281   0.002    0.888      0.003    0.002    8316.0    9944.0    1.0
at_least_one_positive_image_by_area[2102]  0.118  0.184   0.000    0.512      0.003    0.002    7869.0   12135.0    1.0
at_least_one_positive_image_by_area[2103]  0.267  0.272   0.000    0.843      0.002    0.002   13477.0   14551.0    1.0
at_least_one_positive_image_by_area[2104]  1.000  0.000   1.000    1.000      0.000    0.000   40000.0   40000.0    NaN
at_least_one_positive_image_by_area[2105]  0.260  0.277   0.000    0.853      0.003    0.002   10974.0   10038.0    1.0
at_least_one_positive_image_by_area[2106]  0.375  0.318   0.000    0.960      0.003    0.002   15677.0   14924.0    1.0
at_least_one_positive_image_by_area[2107]  0.146  0.197   0.000    0.561      0.002    0.001    7428.0    2944.0    1.0
at_least_one_positive_image_by_area[2108]  0.146  0.213   0.000    0.607      0.002    0.001   13629.0   14901.0    1.0
at_least_one_positive_image_by_area[2109]  0.300  0.291   0.000    0.896      0.003    0.002   10165.0   12529.0    1.0
at_least_one_positive_image_by_area[2110]  0.372  0.298   0.002    0.939      0.003    0.002   11966.0   11221.0    1.0
at_least_one_positive_image_by_area[2111]  0.269  0.274   0.000    0.847      0.004    0.003    6998.0   13752.0    1.0
at_least_one_positive_image_by_area[2112]  0.183  0.229   0.000    0.685      0.002    0.002    6710.0   11036.0    1.0
at_least_one_positive_image_by_area[2113]  0.551  0.337   0.051    1.000      0.003    0.002   12181.0   16803.0    1.0
at_least_one_positive_image_by_area[2114]  0.304  0.274   0.000    0.859      0.002    0.002   13541.0   13911.0    1.0
at_least_one_positive_image_by_area[2115]  0.640  0.343   0.058    1.000      0.004    0.002   13076.0   12769.0    1.0
at_least_one_positive_image_by_area[2116]  0.524  0.334   0.044    1.000      0.003    0.002   14528.0   12415.0    1.0
at_least_one_positive_image_by_area[2117]  0.142  0.214   0.000    0.615      0.002    0.002    8828.0   10126.0    1.0
at_least_one_positive_image_by_area[2118]  1.000  0.000   1.000    1.000      0.000    0.000   40000.0   40000.0    NaN
at_least_one_positive_image_by_area[2119]  0.364  0.287   0.003    0.918      0.003    0.002    9500.0    4093.0    1.0
at_least_one_positive_image_by_area[2120]  0.188  0.254   0.000    0.773      0.003    0.003    5518.0    2082.0    1.0
at_least_one_positive_image_by_area[2121]  0.147  0.216   0.000    0.613      0.002    0.001    5849.0    8424.0    1.0
at_least_one_positive_image_by_area[2122]  0.198  0.230   0.000    0.688      0.002    0.002   11142.0   15857.0    1.0
at_least_one_positive_image_by_area[2123]  0.232  0.251   0.000    0.778      0.002    0.001    8107.0    3459.0    1.0
at_least_one_positive_image_by_area[2124]  0.231  0.276   0.000    0.845      0.002    0.002    4572.0    2027.0    1.0
at_least_one_positive_image_by_area[2125]  0.127  0.208   0.000    0.574      0.002    0.001    7007.0    6662.0    1.0
at_least_one_positive_image_by_area[2126]  0.253  0.264   0.000    0.816      0.003    0.002   10840.0   12436.0    1.0
at_least_one_positive_image_by_area[2127]  0.296  0.293   0.000    0.897      0.003    0.002    6648.0    3410.0    1.0
at_least_one_positive_image_by_area[2128]  0.110  0.175   0.000    0.461      0.004    0.003    5554.0    2064.0    1.0
at_least_one_positive_image_by_area[2129]  0.116  0.170   0.000    0.448      0.002    0.001    9025.0    8009.0    1.0
at_least_one_positive_image_by_area[2130]  0.270  0.264   0.000    0.829      0.002    0.002   12299.0   15115.0    1.0
at_least_one_positive_image_by_area[2131]  0.279  0.273   0.000    0.845      0.003    0.002    8199.0   13379.0    1.0
at_least_one_positive_image_by_area[2132]  0.251  0.279   0.000    0.863      0.003    0.002    8688.0   10883.0    1.0
at_least_one_positive_image_by_area[2133]  0.351  0.303   0.000    0.932      0.003    0.002    8607.0    5700.0    1.0
at_least_one_positive_image_by_area[2134]  0.438  0.352   0.014    1.000      0.003    0.002   11404.0   16233.0    1.0
at_least_one_positive_image_by_area[2135]  0.132  0.194   0.000    0.534      0.002    0.001    9083.0    6725.0    1.0
at_least_one_positive_image_by_area[2136]  0.253  0.266   0.000    0.824      0.003    0.002    8906.0    9048.0    1.0
at_least_one_positive_image_by_area[2137]  0.218  0.243   0.000    0.748      0.003    0.002    7812.0    9572.0    1.0
at_least_one_positive_image_by_area[2138]  0.120  0.180   0.000    0.481      0.002    0.001    8089.0   11297.0    1.0
at_least_one_positive_image_by_area[2139]  0.170  0.255   0.000    0.771      0.002    0.002   12485.0   15218.0    1.0
at_least_one_positive_image_by_area[2140]  0.108  0.200   0.000    0.535      0.002    0.002    7081.0   11886.0    1.0
at_least_one_positive_image_by_area[2141]  0.133  0.223   0.000    0.638      0.002    0.001    7327.0   13529.0    1.0
at_least_one_positive_image_by_area[2142]  0.136  0.197   0.000    0.553      0.002    0.002    6086.0    4252.0    1.0
at_least_one_positive_image_by_area[2143]  0.137  0.213   0.000    0.605      0.002    0.001   12555.0   15964.0    1.0
at_least_one_positive_image_by_area[2144]  0.099  0.165   0.000    0.416      0.002    0.001   10275.0   13543.0    1.0
at_least_one_positive_image_by_area[2145]  0.208  0.238   0.000    0.722      0.002    0.002    9733.0   12890.0    1.0
at_least_one_positive_image_by_area[2146]  0.122  0.202   0.000    0.560      0.002    0.001    9539.0   12159.0    1.0
at_least_one_positive_image_by_area[2147]  0.334  0.310   0.000    0.945      0.004    0.003    3915.0    2298.0    1.0
at_least_one_positive_image_by_area[2148]  1.000  0.000   1.000    1.000      0.000    0.000   40000.0   40000.0    NaN
at_least_one_positive_image_by_area[2149]  0.269  0.283   0.000    0.866      0.003    0.002   10116.0   16011.0    1.0
at_least_one_positive_image_by_area[2150]  1.000  0.000   1.000    1.000      0.000    0.000   40000.0   40000.0    NaN
at_least_one_positive_image_by_area[2151]  0.449  0.312   0.041    1.000      0.003    0.002   11301.0   10649.0    1.0
at_least_one_positive_image_by_area[2152]  0.181  0.241   0.000    0.717      0.002    0.002    9868.0   12474.0    1.0
at_least_one_positive_image_by_area[2153]  0.089  0.141   0.000    0.337      0.002    0.001    5850.0   11018.0    1.0
at_least_one_positive_image_by_area[2154]  0.372  0.310   0.000    0.951      0.003    0.002    9213.0   14138.0    1.0
at_least_one_positive_image_by_area[2155]  0.265  0.286   0.000    0.878      0.003    0.002   11332.0   10414.0    1.0
at_least_one_positive_image_by_area[2156]  0.497  0.313   0.056    1.000      0.003    0.002   11382.0   10229.0    1.0
at_least_one_positive_image_by_area[2157]  0.608  0.325   0.075    1.000      0.004    0.003    7929.0    7509.0    1.0
at_least_one_positive_image_by_area[2158]  0.235  0.265   0.000    0.816      0.002    0.002   12392.0   16297.0    1.0
at_least_one_positive_image_by_area[2159]  0.150  0.212   0.000    0.609      0.002    0.002    7246.0    8328.0    1.0
at_least_one_positive_image_by_area[2160]  0.189  0.220   0.000    0.659      0.002    0.002   10090.0   13523.0    1.0
at_least_one_positive_image_by_area[2161]  0.128  0.178   0.000    0.480      0.001    0.001   11322.0   14515.0    1.0
at_least_one_positive_image_by_area[2162]  0.149  0.198   0.000    0.564      0.002    0.001    5940.0    4920.0    1.0
at_least_one_positive_image_by_area[2163]  0.233  0.190   0.007    0.607      0.002    0.001    8349.0    6389.0    1.0
at_least_one_positive_image_by_area[2164]  0.103  0.176   0.000    0.450      0.002    0.001    8824.0    9605.0    1.0
at_least_one_positive_image_by_area[2165]  0.119  0.225   0.000    0.642      0.002    0.002   11430.0    8985.0    1.0
at_least_one_positive_image_by_area[2166]  0.138  0.178   0.000    0.494      0.002    0.001    8457.0   11506.0    1.0
at_least_one_positive_image_by_area[2167]  0.089  0.151   0.000    0.373      0.002    0.001    6495.0    5185.0    1.0
at_least_one_positive_image_by_area[2168]  0.440  0.347   0.016    1.000      0.004    0.002    9986.0   13456.0    1.0
at_least_one_positive_image_by_area[2169]  1.000  0.000   1.000    1.000      0.000    0.000   40000.0   40000.0    NaN
at_least_one_positive_image_by_area[2170]  0.114  0.184   0.000    0.497      0.002    0.001    8737.0    9539.0    1.0
at_least_one_positive_image_by_area[2171]  0.223  0.271   0.000    0.829      0.002    0.002   12335.0   13402.0    1.0
at_least_one_positive_image_by_area[2172]  1.000  0.000   1.000    1.000      0.000    0.000   40000.0   40000.0    NaN
at_least_one_positive_image_by_area[2173]  0.207  0.231   0.000    0.704      0.002    0.001   10744.0   16180.0    1.0
at_least_one_positive_image_by_area[2174]  0.211  0.249   0.000    0.760      0.002    0.002   11306.0   15012.0    1.0
at_least_one_positive_image_by_area[2175]  0.071  0.121   0.000    0.277      0.001    0.001    9862.0   14533.0    1.0
at_least_one_positive_image_by_area[2176]  0.307  0.268   0.001    0.848      0.003    0.002    8095.0    3807.0    1.0
at_least_one_positive_image_by_area[2177]  0.454  0.366   0.014    1.000      0.003    0.002   11054.0   16277.0    1.0
at_least_one_positive_image_by_area[2178]  0.076  0.142   0.000    0.318      0.001    0.001   12570.0   14859.0    1.0
at_least_one_positive_image_by_area[2179]  0.306  0.283   0.000    0.881      0.003    0.002   10678.0   14411.0    1.0
at_least_one_positive_image_by_area[2180]  0.173  0.217   0.000    0.643      0.002    0.002    8193.0    6934.0    1.0
at_least_one_positive_image_by_area[2181]  1.000  0.000   1.000    1.000      0.000    0.000   40000.0   40000.0    NaN
at_least_one_positive_image_by_area[2182]  0.439  0.337   0.020    1.000      0.003    0.002   10472.0   11838.0    1.0
at_least_one_positive_image_by_area[2183]  0.368  0.348   0.000    0.985      0.003    0.002    7199.0    4412.0    1.0
at_least_one_positive_image_by_area[2184]  0.165  0.244   0.000    0.725      0.004    0.003    5408.0    2228.0    1.0
at_least_one_positive_image_by_area[2185]  0.100  0.181   0.000    0.464      0.002    0.001   11722.0   16550.0    1.0
at_least_one_positive_image_by_area[2186]  0.184  0.233   0.000    0.696      0.002    0.001    9307.0    6997.0    1.0
at_least_one_positive_image_by_area[2187]  0.035  0.087   0.000    0.143      0.001    0.001    6520.0    6705.0    1.0
at_least_one_positive_image_by_area[2188]  1.000  0.000   1.000    1.000      0.000    0.000   40000.0   40000.0    NaN
at_least_one_positive_image_by_area[2189]  0.261  0.265   0.000    0.822      0.003    0.002    8165.0   14037.0    1.0
at_least_one_positive_image_by_area[2190]  0.317  0.282   0.000    0.886      0.003    0.002   11327.0   11699.0    1.0
at_least_one_positive_image_by_area[2191]  0.077  0.128   0.000    0.294      0.001    0.001    4844.0    2055.0    1.0
at_least_one_positive_image_by_area[2192]  0.316  0.261   0.002    0.838      0.002    0.002    7988.0    2825.0    1.0
at_least_one_positive_image_by_area[2193]  1.000  0.000   1.000    1.000      0.000    0.000   40000.0   40000.0    NaN
at_least_one_positive_image_by_area[2194]  0.185  0.234   0.000    0.697      0.002    0.002    5115.0    2084.0    1.0
at_least_one_positive_image_by_area[2195]  0.417  0.332   0.021    1.000      0.004    0.003    6783.0    8113.0    1.0
at_least_one_positive_image_by_area[2196]  0.196  0.264   0.000    0.799      0.003    0.002    6636.0   12494.0    1.0
at_least_one_positive_image_by_area[2197]  1.000  0.000   1.000    1.000      0.000    0.000   40000.0   40000.0    NaN
at_least_one_positive_image_by_area[2198]  0.381  0.317   0.000    0.959      0.003    0.002   14350.0   17436.0    1.0
at_least_one_positive_image_by_area[2199]  0.677  0.319   0.095    1.000      0.003    0.002   12338.0   13402.0    1.0
at_least_one_positive_image_by_area[2200]  0.999  0.019   1.000    1.000      0.000    0.000    7723.0    3914.0    1.0
at_least_one_positive_image_by_area[2201]  0.118  0.174   0.000    0.471      0.002    0.002    8297.0    7665.0    1.0
at_least_one_positive_image_by_area[2202]  0.140  0.218   0.000    0.626      0.002    0.001   14408.0   17549.0    1.0
at_least_one_positive_image_by_area[2203]  0.303  0.284   0.000    0.884      0.003    0.002    7560.0   10644.0    1.0
at_least_one_positive_image_by_area[2204]  0.224  0.251   0.000    0.770      0.004    0.003    5631.0    2428.0    1.0
at_least_one_positive_image_by_area[2205]  0.329  0.294   0.000    0.910      0.003    0.002   10234.0   13538.0    1.0
at_least_one_positive_image_by_area[2206]  1.000  0.000   1.000    1.000      0.000    0.000   40000.0   40000.0    NaN
at_least_one_positive_image_by_area[2207]  0.231  0.241   0.000    0.738      0.004    0.004    5006.0    2185.0    1.0
at_least_one_positive_image_by_area[2208]  0.439  0.339   0.021    1.000      0.003    0.002   11193.0   15067.0    1.0
at_least_one_positive_image_by_area[2209]  0.304  0.291   0.000    0.897      0.003    0.002    8877.0    8263.0    1.0
at_least_one_positive_image_by_area[2210]  1.000  0.000   1.000    1.000      0.000    0.000   40000.0   40000.0    NaN
at_least_one_positive_image_by_area[2211]  0.168  0.216   0.000    0.637      0.003    0.002    6476.0    4730.0    1.0
at_least_one_positive_image_by_area[2212]  0.247  0.251   0.000    0.778      0.002    0.002    8115.0    5589.0    1.0
at_least_one_positive_image_by_area[2213]  0.303  0.284   0.000    0.889      0.002    0.002   15434.0   15635.0    1.0
at_least_one_positive_image_by_area[2214]  1.000  0.000   1.000    1.000      0.000    0.000   40000.0   40000.0    NaN
at_least_one_positive_image_by_area[2215]  0.089  0.155   0.000    0.349      0.004    0.004    3575.0    2107.0    1.0
at_least_one_positive_image_by_area[2216]  0.339  0.301   0.000    0.927      0.003    0.002   11059.0   15045.0    1.0
at_least_one_positive_image_by_area[2217]  0.826  0.261   0.238    1.000      0.003    0.002    9448.0   12695.0    1.0
at_least_one_positive_image_by_area[2218]  0.316  0.298   0.000    0.919      0.004    0.003    5565.0    2084.0    1.0
at_least_one_positive_image_by_area[2219]  0.362  0.357   0.000    0.993      0.005    0.003    7809.0   15402.0    1.0
at_least_one_positive_image_by_area[2220]  0.124  0.175   0.000    0.470      0.002    0.001   10499.0   13057.0    1.0
at_least_one_positive_image_by_area[2221]  1.000  0.000   1.000    1.000      0.000    0.000   40000.0   40000.0    NaN
at_least_one_positive_image_by_area[2222]  0.185  0.253   0.000    0.773      0.003    0.003    7689.0   10720.0    1.0
at_least_one_positive_image_by_area[2223]  0.163  0.211   0.000    0.612      0.002    0.001    9058.0   14124.0    1.0
at_least_one_positive_image_by_area[2224]  0.179  0.216   0.000    0.633      0.002    0.001   12531.0   16192.0    1.0
at_least_one_positive_image_by_area[2225]  0.113  0.162   0.000    0.423      0.002    0.001    9087.0   11103.0    1.0
at_least_one_positive_image_by_area[2226]  0.073  0.136   0.000    0.309      0.001    0.001    7253.0    8003.0    1.0
at_least_one_positive_image_by_area[2227]  0.054  0.100   0.000    0.203      0.001    0.001    8046.0    8523.0    1.0
at_least_one_positive_image_by_area[2228]  0.081  0.144   0.000    0.338      0.001    0.001    6950.0    3575.0    1.0
at_least_one_positive_image_by_area[2229]  0.066  0.127   0.000    0.275      0.001    0.001    9062.0   11738.0    1.0
at_least_one_positive_image_by_area[2230]  0.259  0.301   0.000    0.911      0.003    0.002   10578.0   13593.0    1.0
at_least_one_positive_image_by_area[2231]  0.521  0.343   0.037    1.000      0.004    0.003   10278.0   15072.0    1.0
at_least_one_positive_image_by_area[2232]  0.585  0.327   0.064    1.000      0.003    0.002    9188.0    7746.0    1.0
at_least_one_positive_image_by_area[2233]  0.282  0.289   0.000    0.890      0.003    0.002   10157.0   14963.0    1.0
at_least_one_positive_image_by_area[2234]  0.355  0.322   0.000    0.958      0.004    0.003    8139.0    3937.0    1.0
at_least_one_positive_image_by_area[2235]  0.063  0.104   0.000    0.232      0.001    0.001    8795.0    9200.0    1.0
at_least_one_positive_image_by_area[2236]  0.313  0.278   0.001    0.876      0.002    0.002   14380.0   15154.0    1.0
at_least_one_positive_image_by_area[2237]  0.247  0.280   0.000    0.864      0.003    0.002    9992.0    8480.0    1.0
at_least_one_positive_image_by_area[2238]  0.383  0.342   0.000    0.984      0.004    0.002    6869.0    3380.0    1.0
at_least_one_positive_image_by_area[2239]  0.321  0.302   0.000    0.922      0.003    0.002    6134.0    2057.0    1.0
at_least_one_positive_image_by_area[2240]  0.069  0.134   0.000    0.299      0.001    0.001   10735.0    9846.0    1.0
at_least_one_positive_image_by_area[2241]  0.166  0.214   0.000    0.613      0.002    0.002    8232.0   15928.0    1.0
at_least_one_positive_image_by_area[2242]  0.304  0.275   0.001    0.865      0.002    0.002    7699.0    3682.0    1.0
at_least_one_positive_image_by_area[2243]  0.546  0.334   0.046    1.000      0.003    0.002   12755.0    9422.0    1.0
at_least_one_positive_image_by_area[2244]  0.137  0.214   0.000    0.609      0.002    0.001   13355.0   13885.0    1.0
at_least_one_positive_image_by_area[2245]  0.138  0.231   0.000    0.677      0.002    0.001    8528.0    3787.0    1.0
at_least_one_positive_image_by_area[2246]  0.104  0.156   0.000    0.399      0.001    0.001    6990.0    3618.0    1.0
at_least_one_positive_image_by_area[2247]  0.040  0.052   0.000    0.123      0.000    0.000    7787.0   10931.0    1.0
at_least_one_positive_image_by_area[2248]  1.000  0.000   1.000    1.000      0.000    0.000   40000.0   40000.0    NaN
at_least_one_positive_image_by_area[2249]  1.000  0.000   1.000    1.000      0.000    0.000   40000.0   40000.0    NaN
at_least_one_positive_image_by_area[2250]  1.000  0.000   1.000    1.000      0.000    0.000   40000.0   40000.0    NaN
at_least_one_positive_image_by_area[2251]  0.215  0.258   0.000    0.773      0.003    0.002   10141.0   16664.0    1.0
at_least_one_positive_image_by_area[2252]  0.113  0.178   0.000    0.471      0.002    0.001   10105.0   13805.0    1.0
at_least_one_positive_image_by_area[2253]  0.170  0.219   0.000    0.639      0.002    0.001   11841.0   13483.0    1.0
at_least_one_positive_image_by_area[2254]  0.186  0.248   0.000    0.749      0.002    0.002   10039.0   18678.0    1.0
at_least_one_positive_image_by_area[2255]  0.236  0.276   0.000    0.842      0.003    0.002    7032.0    6724.0    1.0
at_least_one_positive_image_by_area[2256]  0.240  0.264   0.000    0.810      0.003    0.002    8778.0   11114.0    1.0
at_least_one_positive_image_by_area[2257]  0.315  0.305   0.000    0.930      0.003    0.002   11583.0   10342.0    1.0
at_least_one_positive_image_by_area[2258]  1.000  0.000   1.000    1.000      0.000    0.000   40000.0   40000.0    NaN
at_least_one_positive_image_by_area[2259]  1.000  0.000   1.000    1.000      0.000    0.000   40000.0   40000.0    NaN
at_least_one_positive_image_by_area[2260]  0.359  0.334   0.000    0.973      0.003    0.002    7776.0    8319.0    1.0
at_least_one_positive_image_by_area[2261]  1.000  0.000   1.000    1.000      0.000    0.000   40000.0   40000.0    NaN
at_least_one_positive_image_by_area[2262]  0.393  0.320   0.000    0.965      0.003    0.002   14841.0   13010.0    1.0
at_least_one_positive_image_by_area[2263]  0.191  0.237   0.000    0.707      0.003    0.002    5611.0    4096.0    1.0
at_least_one_positive_image_by_area[2264]  0.122  0.188   0.000    0.515      0.002    0.001    8071.0    5079.0    1.0
at_least_one_positive_image_by_area[2265]  0.488  0.314   0.056    1.000      0.003    0.002   11778.0   14663.0    1.0
at_least_one_positive_image_by_area[2266]  0.274  0.268   0.000    0.838      0.002    0.002   11705.0   16319.0    1.0
at_least_one_positive_image_by_area[2267]  1.000  0.000   1.000    1.000      0.000    0.000   40000.0   40000.0    NaN
at_least_one_positive_image_by_area[2268]  0.691  0.325   0.086    1.000      0.003    0.002   11521.0   11033.0    1.0
at_least_one_positive_image_by_area[2269]  0.165  0.212   0.000    0.619      0.002    0.001   10552.0   14239.0    1.0
at_least_one_positive_image_by_area[2270]  0.165  0.207   0.000    0.603      0.002    0.001   10064.0   14496.0    1.0
at_least_one_positive_image_by_area[2271]  0.121  0.164   0.000    0.444      0.002    0.001    9284.0    5919.0    1.0
at_least_one_positive_image_by_area[2272]  0.661  0.278   0.178    1.000      0.003    0.002    8910.0    5351.0    1.0
at_least_one_positive_image_by_area[2273]  0.188  0.229   0.000    0.683      0.002    0.002   10091.0   14199.0    1.0
at_least_one_positive_image_by_area[2274]  0.204  0.240   0.000    0.727      0.003    0.002    9448.0   12577.0    1.0
at_least_one_positive_image_by_area[2275]  0.409  0.337   0.016    1.000      0.004    0.003   10017.0   12833.0    1.0
at_least_one_positive_image_by_area[2276]  0.225  0.260   0.000    0.793      0.002    0.002   10707.0   18384.0    1.0
at_least_one_positive_image_by_area[2277]  1.000  0.000   1.000    1.000      0.000    0.000   40000.0   40000.0    NaN
at_least_one_positive_image_by_area[2278]  1.000  0.000   1.000    1.000      0.000    0.000   40000.0   40000.0    NaN
at_least_one_positive_image_by_area[2279]  0.359  0.383   0.000    0.998      0.005    0.003    7965.0   14284.0    1.0
at_least_one_positive_image_by_area[2280]  0.181  0.238   0.000    0.708      0.002    0.002    8843.0   14501.0    1.0
at_least_one_positive_image_by_area[2281]  0.154  0.250   0.000    0.753      0.002    0.002   11298.0   10140.0    1.0
at_least_one_positive_image_by_area[2282]  0.194  0.243   0.000    0.733      0.002    0.001   10402.0   11085.0    1.0
at_least_one_positive_image_by_area[2283]  0.157  0.252   0.000    0.753      0.003    0.002    8334.0    8054.0    1.0
at_least_one_positive_image_by_area[2284]  1.000  0.000   1.000    1.000      0.000    0.000   40000.0   40000.0    NaN
at_least_one_positive_image_by_area[2285]  1.000  0.000   1.000    1.000      0.000    0.000   40000.0   40000.0    NaN
at_least_one_positive_image_by_area[2286]  0.129  0.206   0.000    0.574      0.002    0.001    8542.0   13596.0    1.0
at_least_one_positive_image_by_area[2287]  0.179  0.221   0.000    0.656      0.002    0.002    5678.0    4026.0    1.0
at_least_one_positive_image_by_area[2288]  0.110  0.175   0.000    0.451      0.001    0.001   13058.0   12170.0    1.0
at_least_one_positive_image_by_area[2289]  0.095  0.173   0.000    0.432      0.001    0.001    9062.0    6494.0    1.0
at_least_one_positive_image_by_area[2290]  0.479  0.302   0.063    1.000      0.003    0.002    9838.0   10889.0    1.0
at_least_one_positive_image_by_area[2291]  1.000  0.000   1.000    1.000      0.000    0.000   40000.0   40000.0    NaN
at_least_one_positive_image_by_area[2292]  0.017  0.081   0.000    0.051      0.001    0.000    3494.0    5547.0    1.0
at_least_one_positive_image_by_area[2293]  0.018  0.080   0.000    0.065      0.001    0.000    2530.0    3598.0    1.0
at_least_one_positive_image_by_area[2294]  0.016  0.043   0.000    0.057      0.000    0.000    8780.0   15141.0    1.0
at_least_one_positive_image_by_area[2295]  0.057  0.113   0.000    0.232      0.002    0.001    7516.0    4442.0    1.0
at_least_one_positive_image_by_area[2296]  0.135  0.190   0.000    0.529      0.004    0.003    4892.0    2038.0    1.0
at_least_one_positive_image_by_area[2297]  0.339  0.326   0.000    0.966      0.004    0.003    6421.0    3972.0    1.0
at_least_one_positive_image_by_area[2298]  0.038  0.080   0.000    0.146      0.001    0.001    8091.0   15033.0    1.0
at_least_one_positive_image_by_area[2299]  0.057  0.119   0.000    0.249      0.002    0.001    6413.0    3325.0    1.0
at_least_one_positive_image_by_area[2300]  0.025  0.104   0.000    0.099      0.001    0.001    4290.0    7333.0    1.0
at_least_one_positive_image_by_area[2301]  0.048  0.149   0.000    0.254      0.001    0.001    4370.0    7611.0    1.0
at_least_one_positive_image_by_area[2302]  0.128  0.164   0.000    0.452      0.002    0.001    5906.0    3788.0    1.0
at_least_one_positive_image_by_area[2303]  0.258  0.271   0.000    0.839      0.002    0.002   11824.0   10395.0    1.0
at_least_one_positive_image_by_area[2304]  1.000  0.000   1.000    1.000      0.000    0.000   40000.0   40000.0    NaN
at_least_one_positive_image_by_area[2305]  1.000  0.000   1.000    1.000      0.000    0.000   40000.0   40000.0    NaN
at_least_one_positive_image_by_area[2306]  0.228  0.285   0.000    0.865      0.002    0.002   10806.0    5439.0    1.0
at_least_one_positive_image_by_area[2307]  0.140  0.217   0.000    0.613      0.002    0.002   10011.0   12570.0    1.0
at_least_one_positive_image_by_area[2308]  0.557  0.330   0.057    1.000      0.004    0.003    4016.0    2189.0    1.0
at_least_one_positive_image_by_area[2309]  0.803  0.313   0.066    1.000      0.004    0.003    8407.0    6346.0    1.0
at_least_one_positive_image_by_area[2310]  0.213  0.269   0.000    0.818      0.002    0.002   11931.0   18359.0    1.0
at_least_one_positive_image_by_area[2311]  0.261  0.295   0.000    0.897      0.004    0.003    6668.0    2482.0    1.0
at_least_one_positive_image_by_area[2312]  0.353  0.305   0.000    0.936      0.003    0.002   10771.0    9650.0    1.0
at_least_one_positive_image_by_area[2313]  0.526  0.384   0.010    1.000      0.004    0.003    9205.0   12986.0    1.0
at_least_one_positive_image_by_area[2314]  0.005  0.038   0.000    0.007      0.000    0.000    3088.0    3456.0    1.0
at_least_one_positive_image_by_area[2315]  0.007  0.047   0.000    0.012      0.000    0.000    3110.0    3116.0    1.0
at_least_one_positive_image_by_area[2316]  0.003  0.020   0.000    0.006      0.000    0.000    2507.0    2889.0    1.0
at_least_one_positive_image_by_area[2317]  0.277  0.261   0.001    0.818      0.003    0.002    8052.0   11317.0    1.0
at_least_one_positive_image_by_area[2318]  0.716  0.347   0.045    1.000      0.004    0.003   10596.0   11088.0    1.0
at_least_one_positive_image_by_area[2319]  0.096  0.157   0.000    0.391      0.001    0.001    5747.0    2311.0    1.0
at_least_one_positive_image_by_area[2320]  0.418  0.337   0.016    1.000      0.003    0.002    9033.0    3315.0    1.0
at_least_one_positive_image_by_area[2321]  0.071  0.122   0.000    0.273      0.001    0.001   11378.0   18413.0    1.0
at_least_one_positive_image_by_area[2322]  0.089  0.156   0.000    0.379      0.002    0.001    7831.0    7688.0    1.0
at_least_one_positive_image_by_area[2323]  0.199  0.241   0.000    0.725      0.002    0.002    9682.0   13368.0    1.0
at_least_one_positive_image_by_area[2324]  0.453  0.288   0.069    1.000      0.003    0.002    6185.0    4077.0    1.0
spatial_sigma                              4.661  0.247   4.197    5.123      0.004    0.003    4014.0    4910.0    1.0
external_covariate_beta[0]                -2.893  0.364  -3.579   -2.227      0.005    0.004    5089.0    7719.0    1.0