"unique_key","created_date","closed_date","descriptor","incident_address","street_name","cross_street_1","cross_street_2","borough","latitude","longitude"
"58963531","2023-09-29T23:14:00.000","2023-10-03T15:30:00.000","Catch Basin Clogged/Flooding (Use Comments) (SC)","239 BEACH BREEZE PLACE","BEACH BREEZE PLACE","AQUATIC DR","BEACH BREEZE DR","QUEENS","40.58972589939895","-73.8029590612194"
"58963532","2023-09-29T21:56:00.000","2023-09-30T12:40:00.000","Catch Basin Clogged/Flooding (Use Comments) (SC)","629 WEST   46 STREET","WEST   46 STREET","11 AVE","PEDESTRIAN OVPS","MANHATTAN","40.76366914470393","-73.99712291005008"
"58955852","2023-09-29T21:11:00.000","2023-10-01T17:10:00.000","Catch Basin Clogged/Flooding (Use Comments) (SC)",,,,,"BROOKLYN","40.66035731370145","-73.93520173078407"
"58960455","2023-09-29T21:05:00.000","2023-10-02T10:25:00.000","Catch Basin Clogged/Flooding (Use Comments) (SC)","1402 AVENUE J","AVENUE J","E 14 ST","E 15 ST","BROOKLYN","40.62508787147075","-73.96216394817056"
"58966677","2023-09-29T20:47:00.000","2023-09-30T18:45:00.000","Catch Basin Clogged/Flooding (Use Comments) (SC)","1522 STADIUM AVENUE","STADIUM AVENUE","GRISWOLD AVE","AMPERE AVE","BRONX","40.84477307951467","-73.82031129687098"
"58960456","2023-09-29T20:41:00.000","2023-10-01T14:00:00.000","Catch Basin Clogged/Flooding (Use Comments) (SC)","219 MOSEL AVENUE","MOSEL AVENUE","LEEWOOD LOOP","LEEWOOD LOOP","STATEN ISLAND","40.6101348868364","-74.07956649727524"
"58958958","2023-09-29T19:50:00.000","2023-10-06T08:45:00.000","Catch Basin Clogged/Flooding (Use Comments) (SC)","60-01 170 STREET","170 STREET","ST MARYS CEMETERY BNDY","HORACE HARDING EXPY SR N","QUEENS","40.73885427486378","-73.79905382443026"
"58958959","2023-09-29T19:44:00.000","2023-10-02T11:00:00.000","Catch Basin Clogged/Flooding (Use Comments) (SC)",,,,,"QUEENS","40.759761930274834","-73.94081194460627"
"58963483","2023-09-29T19:32:00.000","2023-10-02T12:10:00.000","Catch Basin Clogged/Flooding (Use Comments) (SC)",,,,,"QUEENS","40.68210698128421","-73.84583301582548"
"58961996","2023-09-29T19:23:00.000","2023-09-30T08:45:00.000","Catch Basin Clogged/Flooding (Use Comments) (SC)","700 MACON STREET","MACON STREET","RALPH AVE","HOWARD AVE","BROOKLYN","40.68420423813459","-73.92238949874377"
"58963484","2023-09-29T19:08:00.000","2023-10-01T10:25:00.000","Catch Basin Clogged/Flooding (Use Comments) (SC)","1368 EAST GUN HILL ROAD","EAST GUN HILL ROAD","SEYMOUR AVE","DYRE AVENUE LINE","BRONX","40.8702671993816","-73.84587043753002"
"58963485","2023-09-29T19:02:00.000","2023-10-01T13:20:00.000","Catch Basin Clogged/Flooding (Use Comments) (SC)","723 4 AVENUE","4 AVENUE","23 ST","24 ST","BROOKLYN","40.6612813070868","-73.99715976533709"
"58965122","2023-09-29T18:56:00.000","2023-10-01T10:50:00.000","Catch Basin Clogged/Flooding (Use Comments) (SC)","1806 EAST GUN HILL ROAD","EAST GUN HILL ROAD","ALLERTON AVE","NEW ENGLAND THRWY EXIT 10  NB","BRONX","40.863902008993634","-73.83383885556813"
"58963486","2023-09-29T18:50:00.000","2023-10-02T11:10:00.000","Catch Basin Clogged/Flooding (Use Comments) (SC)","53-05 ROOSEVELT AVENUE","ROOSEVELT AVENUE","53 ST","54 ST","QUEENS","40.744528876896325","-73.91133745195823"
"58955856","2023-09-29T18:41:00.000","2023-10-04T18:55:00.000","Catch Basin Clogged/Flooding (Use Comments) (SC)","416 BEACH  137 STREET","BEACH  137 STREET","NEWPORT AVE","CRONSTON AVE","QUEENS","40.57610522298087","-73.85594824756292"
"58965123","2023-09-29T18:41:00.000","2023-10-01T17:50:00.000","Catch Basin Clogged/Flooding (Use Comments) (SC)","6801 OWLS HEAD COURT","OWLS HEAD COURT","68 ST","BAY RIDGE AVE","BROOKLYN","40.639221854180924","-74.03444267584811"
"58958963","2023-09-29T18:29:00.000","2023-09-30T21:50:00.000","Catch Basin Clogged/Flooding (Use Comments) (SC)",,,,,"BRONX","40.86831999695185","-73.83315893248766"
"58960459","2023-09-29T18:17:00.000","2023-09-30T09:30:00.000","Catch Basin Clogged/Flooding (Use Comments) (SC)",,,,,"BROOKLYN","40.62296532328402","-73.91093697712262"
"58966682","2023-09-29T18:08:00.000","2023-09-30T08:55:00.000","Catch Basin Clogged/Flooding (Use Comments) (SC)","1152 EAST   72 STREET","EAST   72 STREET","AVENUE K","AVENUE L","BROOKLYN","40.62671249921753","-73.91527658400013"
"58966683","2023-09-29T18:05:00.000","2023-10-01T12:10:00.000","Catch Basin Clogged/Flooding (Use Comments) (SC)","2935 WEST    3 STREET","WEST    3 STREET","W 2 PL","W BRIGHTON AVE","BROOKLYN","40.5774737693206","-73.97127690766081"
"58961998","2023-09-29T17:59:00.000","2023-10-02T12:10:00.000","Catch Basin Clogged/Flooding (Use Comments) (SC)","80-19 155 AVENUE","155 AVENUE","80 ST","81 ST","QUEENS","40.66416061269918","-73.85346921664065"
"58966685","2023-09-29T17:47:00.000","2023-10-01T11:30:00.000","Catch Basin Clogged/Flooding (Use Comments) (SC)",,,,,"BROOKLYN","40.64508338357479","-73.98482933354167"
"58963493","2023-09-29T17:44:00.000","2023-09-30T17:50:00.000","Catch Basin Clogged/Flooding (Use Comments) (SC)","269 4 AVENUE","4 AVENUE","GARFIELD PL","1 ST","BROOKLYN","40.675536654096085","-73.98438258051942"
"58955847","2023-09-29T17:20:00.000","2023-09-29T17:53:00.000","Catch Basin Clogged/Flooding (Use Comments) (SC)","141 HAVEN AVENUE","HAVEN AVENUE","ADAMS AVE","HUNTER AVE","STATEN ISLAND","40.57890373939722","-74.09834244727871"
"58962000","2023-09-29T17:14:00.000","2023-09-30T13:10:00.000","Catch Basin Clogged/Flooding (Use Comments) (SC)","1199 SHEEPSHEAD BAY ROAD","SHEEPSHEAD BAY ROAD","AVENUE X","E 13 ST","BROOKLYN","40.59097379639326","-73.95715688957668"
"58958965","2023-09-29T17:11:00.000","2023-10-02T13:15:00.000","Catch Basin Clogged/Flooding (Use Comments) (SC)","49-17 39 AVENUE","39 AVENUE","49 ST","50 ST","QUEENS","40.74901613386482","-73.91442448482849"
"58965124","2023-09-29T17:08:00.000","2023-10-02T14:25:00.000","Catch Basin Clogged/Flooding (Use Comments) (SC)","180-00 64 AVENUE","64 AVENUE","UTOPIA PKWY","181 ST","QUEENS","40.737948452149325","-73.79282825795549"
"58966686","2023-09-29T17:05:00.000","2023-10-03T11:00:00.000","Catch Basin Clogged/Flooding (Use Comments) (SC)","45-29 43 STREET","43 STREET","QUEENS BLVD","47 AVE","QUEENS","40.74254641431839","-73.92165752562363"
"58963494","2023-09-29T17:05:00.000","2023-10-02T11:50:00.000","Catch Basin Clogged/Flooding (Use Comments) (SC)","45-20 30 AVENUE","30 AVENUE","45 ST","46 ST","QUEENS","40.76189719952214","-73.91076564146674"
"58957450","2023-09-29T17:05:00.000","2023-09-29T17:58:00.000","Catch Basin Clogged/Flooding (Use Comments) (SC)","28 TREADWELL AVENUE","TREADWELL AVENUE","RICHMOND TER","STATEN ISLAND RAILWAY LINE","STATEN ISLAND","40.63927904476239","-74.13771322392358"
"58955861","2023-09-29T17:02:00.000","2023-10-01T12:45:00.000","Catch Basin Clogged/Flooding (Use Comments) (SC)","481 HICKS STREET","HICKS STREET","KANE ST","DE GRAW ST","BROOKLYN","40.68639329074028","-74.00007932575409"
"58965127","2023-09-29T16:59:00.000","2023-10-02T12:30:00.000","Catch Basin Clogged/Flooding (Use Comments) (SC)","39-18 47 AVENUE","47 AVENUE","39 ST","39 PL","QUEENS","40.741942658773304","-73.92594179063686"
"58960463","2023-09-29T16:59:00.000","2023-10-02T12:10:00.000","Catch Basin Clogged/Flooding (Use Comments) (SC)","45-06 SKILLMAN AVENUE","SKILLMAN AVENUE","45 ST","46 ST","QUEENS","40.74664506875462","-73.91876552294285"
"58965128","2023-09-29T16:56:00.000","2023-09-30T16:45:00.000","Catch Basin Clogged/Flooding (Use Comments) (SC)","1309 RANDALL AVENUE","RANDALL AVENUE","FAILE ST","BRYANT AVE","BRONX","40.812287363504595","-73.88546088203935"
"58965129","2023-09-29T16:50:00.000","2023-10-02T11:20:00.000","Catch Basin Clogged/Flooding (Use Comments) (SC)","50-19 BROADWAY","BROADWAY","49 ST","51 ST","QUEENS","40.75497197513116","-73.91046811700716"
"58958966","2023-09-29T16:47:00.000","2023-10-03T12:00:00.000","Catch Basin Clogged/Flooding (Use Comments) (SC)","45-18 48 AVENUE","48 AVENUE","45 ST","46 ST","QUEENS","40.73937792676548","-73.92013842835267"
"58965130","2023-09-29T16:47:00.000","2023-10-03T11:30:00.000","Catch Basin Clogged/Flooding (Use Comments) (SC)","48-32 38 STREET","38 STREET","48 AVE","GREENPOINT AVE","QUEENS","40.739495629976055","-73.92797614734349"
"58955862","2023-09-29T16:47:00.000","2023-10-01T07:40:00.000","Catch Basin Clogged/Flooding (Use Comments) (SC)","772 EDGEWATER ROAD","EDGEWATER ROAD","AVENUE A","DRAKE ST","BRONX","40.817107454371914","-73.8830825884011"
"58965131","2023-09-29T16:44:00.000","2023-10-02T11:30:00.000","Catch Basin Clogged/Flooding (Use Comments) (SC)","48-04 SKILLMAN AVENUE","SKILLMAN AVENUE","48 ST","49 ST","QUEENS","40.74632743718906","-73.91599783678292"
"58962002","2023-09-29T16:44:00.000","2023-09-29T16:44:00.000","Catch Basin Clogged/Flooding (Use Comments) (SC)","50 BAYARD STREET","BAYARD STREET","ROEBLING ST","LORIMER ST","BROOKLYN","40.718971247692856","-73.9504981763995"
"58955863","2023-09-29T16:44:00.000","2023-10-02T10:25:00.000","Catch Basin Clogged/Flooding (Use Comments) (SC)","42-11 66 STREET","66 STREET","WOODSIDE AVE","43 AVE","QUEENS","40.74299465137698","-73.89817105001961"
"58962003","2023-09-29T16:41:00.000","2023-10-02T11:00:00.000","Catch Basin Clogged/Flooding (Use Comments) (SC)","31-67 45 STREET","45 STREET","NEWTOWN RD","BROADWAY","QUEENS","40.757900819772466","-73.91434087856113"
"58965132","2023-09-29T16:32:00.000","2023-09-30T12:40:00.000","Catch Basin Clogged/Flooding (Use Comments) (SC)","185 7 AVENUE","7 AVENUE","W 20 ST","W 21 ST","MANHATTAN","40.74266633301621","-73.99667272183085"
"58965133","2023-09-29T16:32:00.000","2023-10-03T09:30:00.000","Catch Basin Clogged/Flooding (Use Comments) (SC)","39-70 47 STREET","47 STREET","39 AVE","SKILLMAN AVE","QUEENS","40.74730798743465","-73.91692772617075"
"58963498","2023-09-29T16:32:00.000","2023-10-02T11:00:00.000","Catch Basin Clogged/Flooding (Use Comments) (SC)","31-65 45 STREET","45 STREET","NEWTOWN RD","BROADWAY","QUEENS","40.75793647995861","-73.9143119559775"
"58960464","2023-09-29T16:29:00.000","2023-10-03T09:20:00.000","Catch Basin Clogged/Flooding (Use Comments) (SC)","47-01 BARNETT AVENUE","BARNETT AVENUE","39 AVE","48 ST","QUEENS","40.750030016781785","-73.91587767476219"
"58965134","2023-09-29T16:29:00.000","2023-10-03T13:00:00.000","Catch Basin Clogged/Flooding (Use Comments) (SC)","50-64 47 STREET","47 STREET","50 AVE","LAUREL HILL BLVD","QUEENS","40.736143924945736","-73.91916081702591"
"58957462","2023-09-29T16:23:00.000","2023-10-02T09:10:00.000","Catch Basin Clogged/Flooding (Use Comments) (SC)","49-65 VAN DAM STREET","VAN DAM STREET","LIE WB ENTRANCE VAN DAM ST","BORDEN AVE","QUEENS","40.73839631764586","-73.93482271974253"
"58966689","2023-09-29T16:20:00.000","2023-10-02T09:50:00.000","Catch Basin Clogged/Flooding (Use Comments) (SC)",,,,,"QUEENS","40.76170558558476","-73.9315799738943"
"58957466","2023-09-29T16:20:00.000","2023-09-30T11:20:00.000","Catch Basin Clogged/Flooding (Use Comments) (SC)","77 SULLIVAN STREET","SULLIVAN STREET","BROOME ST","SPRING ST","MANHATTAN","40.7247595442026","-74.00377735812228"
"58958969","2023-09-29T16:17:00.000","2023-10-02T12:30:00.000","Catch Basin Clogged/Flooding (Use Comments) (SC)",,,,,"QUEENS","40.75117133098466","-73.91519409018495"
"58962007","2023-09-29T16:17:00.000","2023-09-30T13:20:00.000","Catch Basin Clogged/Flooding (Use Comments) (SC)","626 BEACH   67 STREET","BEACH   67 STREET","ALMEDA AVE","DE COSTA AVE","QUEENS","40.59771325751674","-73.79664105321731"
"58963499","2023-09-29T16:14:00.000","2023-09-30T11:05:00.000","Catch Basin Clogged/Flooding (Use Comments) (SC)","4602 AVENUE I","AVENUE I","E 46 ST","SCHENECTADY AVE","BROOKLYN","40.63027251765241","-73.93182640387"
"58955865","2023-09-29T16:11:00.000","2023-10-01T15:10:00.000","Catch Basin Clogged/Flooding (Use Comments) (SC)",,,,,"BROOKLYN","40.62770164762666","-73.99972980910859"
"58955866","2023-09-29T16:08:00.000","2023-10-04T10:30:00.000","Catch Basin Clogged/Flooding (Use Comments) (SC)","50-03 WEEKS LANE","WEEKS LANE","50 AVE","51 AVE","QUEENS","40.749529335603135","-73.78135486563443"
"58960452","2023-09-29T16:05:00.000","2023-09-29T17:57:00.000","Catch Basin Clogged/Flooding (Use Comments) (SC)","28 TREADWELL AVENUE","TREADWELL AVENUE","RICHMOND TER","STATEN ISLAND RAILWAY LINE","STATEN ISLAND","40.63927904476239","-74.13771322392358"
"58958970","2023-09-29T15:56:00.000","2023-09-30T11:55:00.000","Catch Basin Clogged/Flooding (Use Comments) (SC)","25 EAST   51 STREET","EAST   51 STREET","REMSEN AVE","RUTLAND RD","BROOKLYN","40.66152926771643","-73.93038875417611"
"58958952","2023-09-29T15:53:00.000","2023-09-29T16:23:00.000","Catch Basin Clogged/Flooding (Use Comments) (SC)","3300 AMPERE AVENUE","AMPERE AVENUE","BAY VIEW AVE","OUTLOOK AVE","BRONX","40.8461050021273","-73.81728607657797"
"58966690","2023-09-29T15:53:00.000","2023-10-01T11:15:00.000","Catch Basin Clogged/Flooding (Use Comments) (SC)","105 BRIGHTON   11 STREET","BRIGHTON   11 STREET","OCEAN VIEW AVE","BRIGHTON BEACH AVE","BROOKLYN","40.57990422647543","-73.95773638523328"
"58963500","2023-09-29T15:50:00.000","2023-10-03T13:45:00.000","Catch Basin Clogged/Flooding (Use Comments) (SC)","826 EAST  178 STREET","EAST  178 STREET","MAPES AVE","MARMION AVE","BRONX","40.84435783768599","-73.88668150369175"
"58966691","2023-09-29T15:47:00.000","2023-09-30T16:50:00.000","Catch Basin Clogged/Flooding (Use Comments) (SC)","466 FANNING STREET","FANNING STREET","PORTAGE AVE","MANOR RD","STATEN ISLAND","40.60042461073612","-74.12237531898012"
"58965141","2023-09-29T15:35:00.000","2023-10-01T12:30:00.000","Catch Basin Clogged/Flooding (Use Comments) (SC)","162 LAMOKA AVENUE","LAMOKA AVENUE","ABINGDON AVE","NOTRE DAME AVE","STATEN ISLAND","40.55045540781721","-74.15631013054224"
"58960469","2023-09-29T15:32:00.000","2023-10-01T10:50:00.000","Catch Basin Clogged/Flooding (Use Comments) (SC)",,,,,"BROOKLYN","40.64948118580735","-73.97335408483526"
"58960470","2023-09-29T15:29:00.000","2023-10-02T11:35:00.000","Catch Basin Clogged/Flooding (Use Comments) (SC)","201 ONDERDONK AVENUE","ONDERDONK AVENUE","STARR ST","WILLOUGHBY AVE","QUEENS","40.710262640724345","-73.9178179344332"
"58965142","2023-09-29T15:26:00.000","2023-10-02T13:50:00.000","Catch Basin Clogged/Flooding (Use Comments) (SC)","240-25 BRADDOCK AVENUE","BRADDOCK AVENUE","241 ST","241 ST","QUEENS","40.72638861733689","-73.72747472944613"
"58958971","2023-09-29T15:23:00.000","2023-10-01T11:50:00.000","Catch Basin Clogged/Flooding (Use Comments) (SC)","5102 11 AVENUE","11 AVENUE","51 ST","52 ST","BROOKLYN","40.636479459771714","-73.99779134929567"
"58955867","2023-09-29T15:20:00.000","2023-09-30T10:00:00.000","Catch Basin Clogged/Flooding (Use Comments) (SC)","305 TROY AVENUE","TROY AVENUE","EASTERN PKWY","UNION ST","BROOKLYN","40.66824116783167","-73.9367260843877"
"58963504","2023-09-29T15:11:00.000","2023-09-29T15:20:00.000","Catch Basin Clogged/Flooding (Use Comments) (SC)","10583 FLATLANDS    3 STREET","FLATLANDS    3 STREET","E 105 ST","E 108 ST","BROOKLYN","40.64492328629099","-73.88850124473977"
"58966693","2023-09-29T15:11:00.000","2023-09-30T09:00:00.000","Catch Basin Clogged/Flooding (Use Comments) (SC)",,,,,"MANHATTAN","40.81275135243847","-73.9455695281346"
"58965144","2023-09-29T14:59:00.000","2023-09-29T17:20:00.000","Catch Basin Clogged/Flooding (Use Comments) (SC)","15 WHEELER AVENUE","WHEELER AVENUE","VICTORY BLVD","PURDY AVE","STATEN ISLAND","40.611910044273735","-74.1312421409431"
"58957468","2023-09-29T14:59:00.000","2023-09-30T09:20:00.000","Catch Basin Clogged/Flooding (Use Comments) (SC)","1334 DEAN STREET","DEAN STREET","NEW YORK AVE","BROOKLYN AVE","BROOKLYN","40.67660051097955","-73.94498124306344"
"58958976","2023-09-29T14:56:00.000","2023-10-03T08:30:00.000","Catch Basin Clogged/Flooding (Use Comments) (SC)","117-43 196 STREET","196 STREET","LINDEN BLVD","118 AVE","QUEENS","40.692358711307314","-73.75550304684532"
"58957469","2023-09-29T14:56:00.000","2023-09-29T22:30:00.000","Catch Basin Clogged/Flooding (Use Comments) (SC)","101 CROMWELL AVENUE","CROMWELL AVENUE","PLATTSBURG ST","JEFFERSON ST","STATEN ISLAND","40.59122812641793","-74.09808335266789"
"58963506","2023-09-29T14:53:00.000","2023-10-02T12:35:00.000","Catch Basin Clogged/Flooding (Use Comments) (SC)","97-16 99 AVENUE","99 AVENUE","97 ST","98 ST","QUEENS","40.68575552229663","-73.84433903735491"
"58957470","2023-09-29T14:53:00.000","2023-10-04T10:10:00.000","Catch Basin Clogged/Flooding (Use Comments) (SC)","43-34 192 STREET","192 STREET","43 RD","44 AVE","QUEENS","40.75694960343016","-73.7893617492808"
"58962013","2023-09-29T14:53:00.000","2023-09-30T07:00:00.000","Catch Basin Clogged/Flooding (Use Comments) (SC)","87 GRAHAM AVENUE","GRAHAM AVENUE","SEIGEL ST","MC KIBBIN ST","BROOKLYN","40.70464000543895","-73.94277243888257"
"58963507","2023-09-29T14:47:00.000","2023-09-30T09:45:00.000","Catch Basin Clogged/Flooding (Use Comments) (SC)","253-46 148 AVENUE","148 AVENUE","253 ST","WELLER LN","QUEENS","40.65514908448996","-73.73627489678458"
"58955870","2023-09-29T14:47:00.000","2023-09-30T10:30:00.000","Catch Basin Clogged/Flooding (Use Comments) (SC)","512 BEACH   32 STREET","BEACH   32 STREET","ROCKAWAY FRWY","FAR ROCKAWAY BLVD","QUEENS","40.597746718427686","-73.76523715087332"
"58955871","2023-09-29T14:47:00.000","2023-09-30T17:30:00.000","Catch Basin Clogged/Flooding (Use Comments) (SC)","820 ST ANNS AVENUE","ST ANNS AVENUE","E 158 ST","E 159 ST","BRONX","40.821166285763645","-73.90992381729878"
"58960473","2023-09-29T14:47:00.000","2023-10-03T13:40:00.000","Catch Basin Clogged/Flooding (Use Comments) (SC)","120-01 97 AVENUE","97 AVENUE","120 ST","121 ST","QUEENS","40.691522584437166","-73.82541210426163"
"58960474","2023-09-29T14:44:00.000","2023-10-01T10:00:00.000","Catch Basin Clogged/Flooding (Use Comments) (SC)","1989 WEST    9 STREET","WEST    9 STREET","AVENUE S","AVENUE T","BROOKLYN","40.5989757906608","-73.98087511373262"
"58957471","2023-09-29T14:44:00.000","2023-10-07T11:15:00.000","Catch Basin Clogged/Flooding (Use Comments) (SC)",,,,,"QUEENS","40.653646050303536","-73.7320065384819"
"58965145","2023-09-29T14:41:00.000","2023-10-02T09:15:00.000","Catch Basin Clogged/Flooding (Use Comments) (SC)","84-28 63 AVENUE","63 AVENUE","84 PL","WOODHAVEN BLVD","QUEENS","40.72392361556807","-73.87039165437368"
"58955872","2023-09-29T14:38:00.000","2023-09-30T09:30:00.000","Catch Basin Clogged/Flooding (Use Comments) (SC)","260 ROGERS AVENUE","ROGERS AVENUE","CARROLL ST","CROWN ST","BROOKLYN","40.667156769475135","-73.95355014024635"
"58960479","2023-09-29T14:38:00.000",,"Catch Basin Clogged/Flooding (Use Comments) (SC)","1652 66 STREET","66 STREET","CAMERON CT","WALLASTON CT","BROOKLYN","40.62054857559387","-73.99416810433256"
"58965148","2023-09-29T14:32:00.000","2023-09-30T20:10:00.000","Catch Basin Clogged/Flooding (Use Comments) (SC)",,,,,"BROOKLYN","40.681496249864225","-74.00920111176733"
"58962014","2023-09-29T14:32:00.000","2023-10-02T11:30:00.000","Catch Basin Clogged/Flooding (Use Comments) (SC)","259-24 148 AVENUE","148 AVENUE","259 ST","FRANCIS LEWIS BLVD","QUEENS","40.65497201333468","-73.72859179490622"
"58966695","2023-09-29T14:32:00.000","2023-09-30T09:15:00.000","Catch Basin Clogged/Flooding (Use Comments) (SC)","2228 RALPH AVENUE","RALPH AVENUE","E 66 ST","AVENUE M","BROOKLYN","40.6233216802379","-73.91767642462015"
"58957472","2023-09-29T14:26:00.000","2023-10-02T11:05:00.000","Catch Basin Clogged/Flooding (Use Comments) (SC)","125-15 172 STREET","172 STREET","125 AVE","126 AVE","QUEENS","40.681342632057415","-73.77227275225118"
"58966696","2023-09-29T14:26:00.000","2023-09-30T14:05:00.000","Catch Basin Clogged/Flooding (Use Comments) (SC)","357 BEACH   89 STREET","BEACH   89 STREET","GULL CT","BEACH CHANNEL DR","QUEENS","40.58950658987549","-73.81467211294711"
"58963508","2023-09-29T14:20:00.000","2023-10-04T19:15:00.000","Catch Basin Clogged/Flooding (Use Comments) (SC)","193 BEACH   97 STREET","BEACH   97 STREET","SHORE FRONT PKWY","ROCKAWAY BEACH BLVD","QUEENS","40.584618877630625","-73.818606326012"
"58963509","2023-09-29T14:20:00.000","2023-09-30T11:00:00.000","Catch Basin Clogged/Flooding (Use Comments) (SC)","428 BEACH   64 STREET","BEACH   64 STREET","BEACH CHANNEL DR","THURSBY AVE","QUEENS","40.59375482266478","-73.79332603981541"
"58963510","2023-09-29T14:20:00.000","2023-09-30T13:00:00.000","Catch Basin Clogged/Flooding (Use Comments) (SC)","1168 HANCOCK STREET","HANCOCK STREET","CENTRAL AVE","WILSON AVE","BROOKLYN","40.691100072473866","-73.91227393194279"
"58958978","2023-09-29T14:17:00.000","2023-10-02T10:20:00.000","Catch Basin Clogged/Flooding (Use Comments) (SC)","33-04 93 STREET","93 STREET","NORTHERN BLVD","34 AVE","QUEENS","40.756314167728156","-73.87509317676164"
"58958979","2023-09-29T14:14:00.000","2023-09-30T11:50:00.000","Catch Basin Clogged/Flooding (Use Comments) (SC)","106 CENTRAL PARK SOUTH","CENTRAL PARK SOUTH","AVENUE OF THE AMERICAS","7 AVE","MANHATTAN","40.765868110594646","-73.97671537880294"
"58962015","2023-09-29T14:11:00.000","2023-09-29T17:15:00.000","Catch Basin Clogged/Flooding (Use Comments) (SC)","2987 8 AVENUE","8 AVENUE","HARLEM RIVER DRIVE SERVICE RD W","HARLEM RIVER DRIVE SERVICE RD W","MANHATTAN","40.830729904331186","-73.93613432501654"
"58966697","2023-09-29T14:11:00.000","2023-09-30T11:50:00.000","Catch Basin Clogged/Flooding (Use Comments) (SC)","555 BEACH   66 STREET","BEACH   66 STREET","THURSBY AVE","ALMEDA AVE","QUEENS","40.59610000128693","-73.7954828919409"
"58965152","2023-09-29T14:05:00.000","2023-10-03T10:30:00.000","Catch Basin Clogged/Flooding (Use Comments) (SC)","65 EAST  193 STREET","EAST  193 STREET","MORRIS AVE","CRESTON AVE","BRONX","40.86607493877005","-73.89651470631901"
"58963512","2023-09-29T14:05:00.000","2023-10-01T12:05:00.000","Catch Basin Clogged/Flooding (Use Comments) (SC)","1751 46 STREET","46 STREET","17 AVE","18 AVE","BROOKLYN","40.63054353590783","-73.9801491304016"
"58957474","2023-09-29T14:05:00.000","2023-09-29T19:00:00.000","Catch Basin Clogged/Flooding (Use Comments) (SC)","125 ALEX CIRCLE","ALEX CIRCLE","BEND","BEND","STATEN ISLAND","40.59212133108528","-74.06565741541688"
"58960480","2023-09-29T13:53:00.000","2023-09-30T08:00:00.000","Catch Basin Clogged/Flooding (Use Comments) (SC)",,,,,"BROOKLYN","40.57732350999485","-74.00569132799167"
"58966698","2023-09-29T13:53:00.000","2023-09-29T18:30:00.000","Catch Basin Clogged/Flooding (Use Comments) (SC)","563 ELTINGVILLE BOULEVARD","ELTINGVILLE BOULEVARD","BARLOW AVE","GURLEY AVE","STATEN ISLAND","40.5588771933918","-74.16749703547168"
"58962017","2023-09-29T13:53:00.000","2023-10-01T11:50:00.000","Catch Basin Clogged/Flooding (Use Comments) (SC)","71-33 166 STREET","166 STREET","71 AVE","72 AVE","QUEENS","40.729584289034406","-73.80328517079926"
"58958982","2023-09-29T13:50:00.000","2023-10-02T10:05:00.000","Catch Basin Clogged/Flooding (Use Comments) (SC)","196-03 89 AVENUE","89 AVENUE","196 ST","197 ST","QUEENS","40.71649509920158","-73.7654970726791"
"58960481","2023-09-29T13:44:00.000","2023-10-07T09:00:00.000","Catch Basin Clogged/Flooding (Use Comments) (SC)","92-29 195 PLACE","195 PLACE","BEND","SAGAMORE AVE","QUEENS","40.71283990638524","-73.76456485646578"
"58960482","2023-09-29T13:41:00.000","2023-09-29T16:15:00.000","Catch Basin Clogged/Flooding (Use Comments) (SC)","228 MILTON AVENUE","MILTON AVENUE","EBBITTS ST","FINLEY RD","STATEN ISLAND","40.561529724328","-74.10687524509181"
"58965154","2023-09-29T13:41:00.000","2023-10-03T12:50:00.000","Catch Basin Clogged/Flooding (Use Comments) (SC)","19 WEST  170 STREET","WEST  170 STREET","E 170 ST","JEROME AVE","BRONX","40.84030013147602","-73.9178669113313"
"58965153","2023-09-29T13:41:00.000","2023-10-01T13:40:00.000","Catch Basin Clogged/Flooding (Use Comments) (SC)","453 WEST   40 STREET","WEST   40 STREET","LINCOLN TUNNEL BUS APPR","LINCOLN TUNNEL BUS EXIT","MANHATTAN","40.75798747602805","-73.99555298309669"
"58965155","2023-09-29T13:38:00.000","2023-10-01T12:30:00.000","Catch Basin Clogged/Flooding (Use Comments) (SC)",,,,,"BROOKLYN","40.59064830580026","-73.9692981414551"
"58957478","2023-09-29T13:29:00.000","2023-09-30T12:05:00.000","Catch Basin Clogged/Flooding (Use Comments) (SC)","287 EAST   55 STREET","EAST   55 STREET","CHURCH AVE","SNYDER AVE","BROOKLYN","40.65104110480821","-73.92544806690753"
"58962020","2023-09-29T13:26:00.000","2023-09-30T08:35:00.000","Catch Basin Clogged/Flooding (Use Comments) (SC)",,,,,"BROOKLYN","40.63109318936509","-73.89834899825729"
"58955877","2023-09-29T13:23:00.000","2023-09-29T19:00:00.000","Catch Basin Clogged/Flooding (Use Comments) (SC)","39 ETON PLACE","ETON PLACE","RICHMOND AVE","WILLOWBROOK PARK BNDY","STATEN ISLAND","40.604411557381525","-74.16120816935823"
"58960486","2023-09-29T13:17:00.000","2023-09-29T14:00:00.000","Catch Basin Clogged/Flooding (Use Comments) (SC)","1247 VIRGINIA AVENUE","VIRGINIA AVENUE","ELLIS AVE","NEWBOLD AVE","BRONX","40.83182222988048","-73.8611149450238"
"58957479","2023-09-29T13:14:00.000","2023-10-05T10:35:00.000","Catch Basin Clogged/Flooding (Use Comments) (SC)","61-06 BROADWAY","BROADWAY","61 ST","62 ST","QUEENS","40.7506960438945","-73.90088422299608"
"58963516","2023-09-29T13:08:00.000","2023-10-05T09:30:00.000","Catch Basin Clogged/Flooding (Use Comments) (SC)","114-83 145 STREET","145 STREET","LINDEN BLVD","115 AVE","QUEENS","40.683411290481324","-73.79826181647503"
"58955850","2023-09-29T13:08:00.000","2023-09-29T13:16:00.000","Catch Basin Clogged/Flooding (Use Comments) (SC)","115 MOWBRAY DRIVE","MOWBRAY DRIVE","AUSTIN ST","KEW GARDENS RD","QUEENS","40.71071938664593","-73.82898329111374"
"58955878","2023-09-29T13:08:00.000","2023-10-03T13:15:00.000","Catch Basin Clogged/Flooding (Use Comments) (SC)","123-02 LIBERTY AVENUE","LIBERTY AVENUE","123 ST","124 ST","QUEENS","40.68757930673857","-73.82068442401649"
"58958983","2023-09-29T13:05:00.000","2023-10-02T09:30:00.000","Catch Basin Clogged/Flooding (Use Comments) (SC)","31-48 71 STREET","71 STREET","31 AVE","32 AVE","QUEENS","40.7573917891453","-73.89613490506643"
"58957483","2023-09-29T12:59:00.000","2023-10-05T12:10:00.000","Catch Basin Clogged/Flooding (Use Comments) (SC)","144-17 JAMAICA AVENUE","JAMAICA AVENUE","144 PL","145 ST","QUEENS","40.702129831176855","-73.81069835187068"
"58957484","2023-09-29T12:59:00.000","2023-10-01T11:40:00.000","Catch Basin Clogged/Flooding (Use Comments) (SC)",,,,,"BROOKLYN","40.63614700611716","-73.99095646711457"
"58955851","2023-09-29T12:59:00.000","2023-09-29T13:18:00.000","Catch Basin Clogged/Flooding (Use Comments) (SC)","145-48 224 STREET","224 STREET","145 RD","146 AVE","QUEENS","40.661787834409395","-73.75575566972064"
"58960488","2023-09-29T12:59:00.000","2023-10-01T10:30:00.000","Catch Basin Clogged/Flooding (Use Comments) (SC)","75 BAY   37 STREET","BAY   37 STREET","86 ST","BENSON AVE","BROOKLYN","40.59747005542556","-73.9900290688094"
"58965156","2023-09-29T12:56:00.000","2023-10-02T13:00:00.000","Catch Basin Clogged/Flooding (Use Comments) (SC)","145-48 224 STREET","224 STREET","145 RD","146 AVE","QUEENS","40.661787834409395","-73.75575566972064"
"58957485","2023-09-29T12:56:00.000","2023-10-01T12:55:00.000","Catch Basin Clogged/Flooding (Use Comments) (SC)","56-21 OCEANIA STREET","OCEANIA STREET","56 AVE","58 AVE","QUEENS","40.74910511972213","-73.76931622615481"
"58966701","2023-09-29T12:53:00.000","2023-09-30T20:50:00.000","Catch Basin Clogged/Flooding (Use Comments) (SC)","766 PUGSLEY AVENUE","PUGSLEY AVENUE","VIRGIL PL","LAFAYETTE AVE","BRONX","40.82179371408222","-73.85498283872815"
"58957486","2023-09-29T12:53:00.000","2023-09-29T19:15:00.000","Catch Basin Clogged/Flooding (Use Comments) (SC)","44 THAYER PLACE","THAYER PLACE","THOLLEN ST","BEND","STATEN ISLAND","40.55475265891214","-74.13086716786397"
"58963519","2023-09-29T12:50:00.000","2023-10-05T11:30:00.000","Catch Basin Clogged/Flooding (Use Comments) (SC)","239-01 147 ROAD","147 ROAD","BROOKVILLE BLVD","240 ST","QUEENS","40.65615349232816","-73.74470811834769"
"58960453","2023-09-29T12:44:00.000","2023-09-29T13:15:00.000","Catch Basin Clogged/Flooding (Use Comments) (SC)","115 MOWBRAY DRIVE","MOWBRAY DRIVE","AUSTIN ST","KEW GARDENS RD","QUEENS","40.71071938664593","-73.82898329111374"
"58955881","2023-09-29T12:44:00.000","2023-10-01T16:20:00.000","Catch Basin Clogged/Flooding (Use Comments) (SC)",,,,,"BROOKLYN","40.66143214257817","-73.91643274170418"
"58957487","2023-09-29T12:41:00.000","2023-10-02T14:00:00.000","Catch Basin Clogged/Flooding (Use Comments) (SC)","115 MOWBRAY DRIVE","MOWBRAY DRIVE","AUSTIN ST","KEW GARDENS RD","QUEENS","40.71071938664593","-73.82898329111374"
"58957488","2023-09-29T12:38:00.000","2023-10-02T13:30:00.000","Catch Basin Clogged/Flooding (Use Comments) (SC)","87-86 115 STREET","115 STREET","JAMAICA AVE","89 AVE","QUEENS","40.69821859009959","-73.83384427663972"
"58960491","2023-09-29T12:32:00.000","2023-10-01T17:20:00.000","Catch Basin Clogged/Flooding (Use Comments) (SC)","555 73 STREET","73 STREET","5 AVE","6 AVE","BROOKLYN","40.63040339720147","-74.02072628186606"
"58965159","2023-09-29T12:26:00.000","2023-09-30T11:30:00.000","Catch Basin Clogged/Flooding (Use Comments) (SC)","5122 SNYDER AVENUE","SNYDER AVENUE","E 51 ST","E 52 ST","BROOKLYN","40.65017869131296","-73.92891224408764"
"58960492","2023-09-29T12:23:00.000","2023-10-02T09:05:00.000","Catch Basin Clogged/Flooding (Use Comments) (SC)",,,,,"QUEENS","40.755658188626136","-73.94567754195117"
"58966702","2023-09-29T12:20:00.000","2023-10-07T11:35:00.000","Catch Basin Clogged/Flooding (Use Comments) (SC)",,,,,"BROOKLYN","40.63913740574683","-74.02019572659799"
"58963520","2023-09-29T12:20:00.000","2023-09-30T12:25:00.000","Catch Basin Clogged/Flooding (Use Comments) (SC)","1 BROOKDALE PLAZA","BROOKDALE PLAZA","ROCKAWAY PKWY","E 98 ST","BROOKLYN","40.65416308008536","-73.9115836876199"
"58960495","2023-09-29T12:11:00.000","2023-09-30T09:20:00.000","Catch Basin Clogged/Flooding (Use Comments) (SC)","101 WEST  130 STREET","WEST  130 STREET","LENOX AVE","ADAM CLAYTON POWELL JR BLVD","MANHATTAN","40.81114475841606","-73.94363094280494"
"58958953","2023-09-29T12:11:00.000","2023-09-29T12:23:00.000","Catch Basin Clogged/Flooding (Use Comments) (SC)","95-02 WALTHAM STREET","WALTHAM STREET","95 AVE","97 AVE","QUEENS","40.69791631990191","-73.8072193709554"
"58960454","2023-09-29T12:11:00.000","2023-09-29T13:05:00.000","Catch Basin Clogged/Flooding (Use Comments) (SC)","16 TONE LANE","TONE LANE","DONLEY AVE","BEND","STATEN ISLAND","40.608735634693716","-74.07870406554633"
"58962026","2023-09-29T12:08:00.000","2023-10-05T09:00:00.000","Catch Basin Clogged/Flooding (Use Comments) (SC)","57-47 COOPER AVENUE","COOPER AVENUE","KNOLLWOOD PARK CEMETERY BDY","CYPRESS AVE","QUEENS","40.69383104627329","-73.89880869111484"
"58962025","2023-09-29T12:08:00.000","2023-09-30T10:25:00.000","Catch Basin Clogged/Flooding (Use Comments) (SC)","281 ARKANSAS DRIVE","ARKANSAS DRIVE","MONTANA PL","KANSAS PL","BROOKLYN","40.606836525678844","-73.90365481125562"
"58958990","2023-09-29T12:05:00.000","2023-10-01T10:20:00.000","Catch Basin Clogged/Flooding (Use Comments) (SC)","2707 WEST   36 STREET","WEST   36 STREET","BAY VIEW AVE","CANAL AVE","BROOKLYN","40.5796018069661","-74.00264596379873"
"58957497","2023-09-29T12:05:00.000","2023-10-01T16:15:00.000","Catch Basin Clogged/Flooding (Use Comments) (SC)","8825 RIDGE BOULEVARD","RIDGE BOULEVARD","88 ST","89 ST","BROOKLYN","40.62245944071876","-74.03440160561676"
"58966709","2023-09-29T12:05:00.000","2023-09-30T09:50:00.000","Catch Basin Clogged/Flooding (Use Comments) (SC)","1107 NOSTRAND AVENUE","NOSTRAND AVENUE","MAPLE ST","MIDWOOD ST","BROOKLYN","40.66067512477372","-73.95061712747254"
"58963526","2023-09-29T12:02:00.000","2023-10-01T16:00:00.000","Catch Basin Clogged/Flooding (Use Comments) (SC)","8901 RIDGE BOULEVARD","RIDGE BOULEVARD","89 ST","90 ST","BROOKLYN","40.621896689345114","-74.03463185843027"
"58963527","2023-09-29T12:02:00.000","2023-10-01T12:35:00.000","Catch Basin Clogged/Flooding (Use Comments) (SC)","1460 WEST    5 STREET","WEST    5 STREET","65 ST","AVENUE O","BROOKLYN","40.61156865050691","-73.97934799766453"
"58963528","2023-09-29T11:59:00.000","2023-10-02T12:10:00.000","Catch Basin Clogged/Flooding (Use Comments) (SC)",,,,,"QUEENS","40.743785032050745","-73.86590694237593"
"58960496","2023-09-29T11:59:00.000","2023-09-30T19:30:00.000","Catch Basin Clogged/Flooding (Use Comments) (SC)","1253 VIRGINIA AVENUE","VIRGINIA AVENUE","ELLIS AVE","NEWBOLD AVE","BRONX","40.83193482387037","-73.86116530050396"
"58963529","2023-09-29T11:59:00.000","2023-09-30T10:45:00.000","Catch Basin Clogged/Flooding (Use Comments) (SC)",,,,,"BROOKLYN","40.61472012530515","-73.92252791365115"
"58955888","2023-09-29T11:59:00.000","2023-09-29T20:40:00.000","Catch Basin Clogged/Flooding (Use Comments) (SC)","172 BEMENT COURT","BEMENT COURT","OAKLAND AVE","BEMENT AVE","STATEN ISLAND","40.6395015684565","-74.11228239670659"
"58961994","2023-09-29T11:56:00.000","2023-09-29T12:07:00.000","Catch Basin Clogged/Flooding (Use Comments) (SC)","558 MORRIS PARK AVENUE","MORRIS PARK AVENUE","MELVILLE ST","TAYLOR AVE","BRONX","40.84329254044027","-73.87069037805034"
"58957498","2023-09-29T11:56:00.000","2023-10-02T12:50:00.000","Catch Basin Clogged/Flooding (Use Comments) (SC)","45-35 39 STREET","39 STREET","QUEENS BLVD","47 AVE","QUEENS","40.743139612640434","-73.92631938291645"
"58965162","2023-09-29T11:56:00.000","2023-10-05T09:20:00.000","Catch Basin Clogged/Flooding (Use Comments) (SC)","114-79 145 STREET","145 STREET","LINDEN BLVD","115 AVE","QUEENS","40.683452499878406","-73.7982833252052"
"58957499","2023-09-29T11:53:00.000","2023-10-03T09:49:00.000","Catch Basin Clogged/Flooding (Use Comments) (SC)","64 SUNKEN GARDEN LOOP","SUNKEN GARDEN LOOP","CHARLES GAY LOOP","CHARLES GAY LOOP","MANHATTAN","40.78549412925795","-73.93139664078882"
"58963530","2023-09-29T11:53:00.000","2023-10-01T13:35:00.000","Catch Basin Clogged/Flooding (Use Comments) (SC)","855 4 AVENUE","4 AVENUE","31 ST","32 ST","BROOKLYN","40.65687321223389","-74.00174079022206"
"58965163","2023-09-29T11:50:00.000","2023-10-06T11:40:00.000","Catch Basin Clogged/Flooding (Use Comments) (SC)","59-21 BORDEN AVENUE","BORDEN AVENUE","LIE WB ENTRANCE MAURICE AVE","MAURICE AVE","QUEENS","40.72779055438561","-73.90683534268373"
"58965164","2023-09-29T11:47:00.000","2023-10-05T08:25:00.000","Catch Basin Clogged/Flooding (Use Comments) (SC)",,,,,"QUEENS","40.756609394093246","-73.89597730618803"
"58958991","2023-09-29T11:44:00.000","2023-10-02T08:05:00.000","Catch Basin Clogged/Flooding (Use Comments) (SC)","184 OLD MILL ROAD","OLD MILL ROAD","FOUNTAIN AVE","CRESCENT ST","BROOKLYN","40.661767726457946","-73.86751357035743"
"58955889","2023-09-29T11:41:00.000","2023-10-01T14:00:00.000","Catch Basin Clogged/Flooding (Use Comments) (SC)","8840 16 AVENUE","16 AVENUE","BATH AVE","CROPSEY AVE","BROOKLYN","40.605405049952886","-74.01218694166899"
"58962027","2023-09-29T11:35:00.000","2023-09-30T10:45:00.000","Catch Basin Clogged/Flooding (Use Comments) (SC)","72 EAST   39 STREET","EAST   39 STREET","CLARKSON AVE","LENOX RD","BROOKLYN","40.65571649360002","-73.94144846854563"
"58957500","2023-09-29T11:32:00.000","2023-10-01T09:05:00.000","Catch Basin Clogged/Flooding (Use Comments) (SC)","2721 AVENUE N","AVENUE N","E 27 ST","E 28 ST","BROOKLYN","40.61693837869797","-73.94764544535161"
"58958954","2023-09-29T11:32:00.000","2023-09-29T11:56:00.000","Catch Basin Clogged/Flooding (Use Comments) (SC)","3163 BAISLEY AVENUE","BAISLEY AVENUE","ELLSWORTH AVE","THROGMORTON AVE","BRONX","40.83719054007309","-73.82280006779945"
"58963533","2023-09-29T11:29:00.000","2023-09-30T12:45:00.000","Catch Basin Clogged/Flooding (Use Comments) (SC)","2806 EAST   23 STREET","EAST   23 STREET","SHORE PKWY","EMMONS AVE","BROOKLYN","40.584443949160274","-73.94441992714825"
"58958955","2023-09-29T11:29:00.000","2023-09-30T19:05:00.000","Catch Basin Clogged/Flooding (Use Comments) (SC)",,,,,"BRONX","40.84609026352542","-73.81664637176075"
"58963482","2023-09-29T11:29:00.000","2023-09-29T17:00:00.000","Catch Basin Clogged/Flooding (Use Comments) (SC)",,,,,"STATEN ISLAND","40.55900624540367","-74.1340028961997"
"58965165","2023-09-29T11:29:00.000","2023-09-30T19:30:00.000","Catch Basin Clogged/Flooding (Use Comments) (SC)",,,,,"BRONX","40.84607078048273","-73.81647654964051"
"58955853","2023-09-29T11:26:00.000","2023-10-02T14:10:00.000","Catch Basin Clogged/Flooding (Use Comments) (SC)","88-31 COMMONWEALTH BOULEVARD","COMMONWEALTH BOULEVARD","88 RD","88 DR","QUEENS","40.728240636301614","-73.71918679923289"
"58966678","2023-09-29T11:26:00.000","2023-10-02T08:50:00.000","Catch Basin Clogged/Flooding (Use Comments) (SC)","10-44 46 ROAD","46 ROAD","VERNON BLVD","11 ST","QUEENS","40.745966484689106","-73.95184951563508"
"58960449","2023-09-29T11:23:00.000","2023-09-29T11:53:00.000","Catch Basin Clogged/Flooding (Use Comments) (SC)","65-20 ALMEDA AVENUE","ALMEDA AVENUE","BEACH 65 ST","BEACH 66 ST","QUEENS","40.59710080384731","-73.7948928791738"
"58955854","2023-09-29T11:20:00.000","2023-09-29T11:20:00.000","Catch Basin Clogged/Flooding (Use Comments) (SC)","744A WILLOUGHBY AVENUE","WILLOUGHBY AVENUE","MARCUS GARVEY BLVD","LEWIS AVE","BROOKLYN","40.69502320902452","-73.93911320457529"
"58957454","2023-09-29T11:20:00.000","2023-10-01T12:25:00.000","Catch Basin Clogged/Flooding (Use Comments) (SC)","245-09 63 AVENUE","63 AVENUE","DEAD END","62 AVE","QUEENS","40.75500279674092","-73.73098154733084"
"58958956","2023-09-29T11:20:00.000","2023-10-05T14:10:00.000","Catch Basin Clogged/Flooding (Use Comments) (SC)","177-10 110 AVENUE","110 AVENUE","177 ST","178 ST","QUEENS","40.698331595637754","-73.77726003859911"
"58961995","2023-09-29T11:17:00.000","2023-09-30T21:35:00.000","Catch Basin Clogged/Flooding (Use Comments) (SC)","1501 CROSBY AVENUE","CROSBY AVENUE","DUDLEY AVE","MERRY AVE","BRONX","40.842279200041226","-73.83006907046104"
"58966679","2023-09-29T11:17:00.000","2023-10-05T13:30:00.000","Catch Basin Clogged/Flooding (Use Comments) (SC)","109-01 169 PLACE","169 PLACE","109 AVE","109 RD","QUEENS","40.69655087000081","-73.78480671237976"
"58955855","2023-09-29T11:17:00.000","2023-10-07T12:00:00.000","Catch Basin Clogged/Flooding (Use Comments) (SC)","243-31 144 AVENUE","144 AVENUE","243 ST","249 ST","QUEENS","40.660192014743636","-73.73900865727573"
"58958957","2023-09-29T11:14:00.000","2023-09-30T07:50:00.000","Catch Basin Clogged/Flooding (Use Comments) (SC)","637 DRIGGS AVENUE","DRIGGS AVENUE","N 4 ST","METROPOLITAN AVE","BROOKLYN","40.715076859989054","-73.95852724062941"
"58957455","2023-09-29T11:14:00.000","2023-09-30T08:10:00.000","Catch Basin Clogged/Flooding (Use Comments) (SC)","744 WILLOUGHBY AVENUE","WILLOUGHBY AVENUE","MARCUS GARVEY BLVD","LEWIS AVE","BROOKLYN","40.69502320902452","-73.93911320457529"
"58965121","2023-09-29T11:14:00.000","2023-10-02T11:50:00.000","Catch Basin Clogged/Flooding (Use Comments) (SC)","97-53 CORONA AVENUE","CORONA AVENUE","46 AVE","97 PL","QUEENS","40.74404294999453","-73.86583063761486"
"58955857","2023-09-29T11:11:00.000","2023-10-03T09:05:00.000","Catch Basin Clogged/Flooding (Use Comments) (SC)","141-58 CENTER DRIVE","CENTER DRIVE","SOUTH DR","MALBA DR","QUEENS","40.79049279999279","-73.82709548150588"
"58958960","2023-09-29T11:05:00.000","2023-09-29T20:00:00.000","Catch Basin Clogged/Flooding (Use Comments) (SC)","116 BAYVIEW AVENUE","BAYVIEW AVENUE","FLORENCE PL","EXCELSIOR AVE","STATEN ISLAND","40.52250795108008","-74.20497535983642"
"58966680","2023-09-29T10:59:00.000","2023-10-02T01:10:00.000","Catch Basin Clogged/Flooding (Use Comments) (SC)","157-05 91 STREET","91 STREET","157 AVE","158 AVE","QUEENS","40.66195307798176","-73.84253110613462"
"58960458","2023-09-29T10:59:00.000","2023-10-01T13:40:00.000","Catch Basin Clogged/Flooding (Use Comments) (SC)","61-21 97 PLACE","97 PLACE","HORACE HARDING EXPY SR S","62 DR","QUEENS","40.73425008106287","-73.8615456421171"
"58958961","2023-09-29T10:59:00.000","2023-10-05T11:30:00.000","Catch Basin Clogged/Flooding (Use Comments) (SC)","239-01 147 ROAD","147 ROAD","BROOKVILLE BLVD","240 ST","QUEENS","40.65615349232816","-73.74470811834769"
"58961997","2023-09-29T10:59:00.000","2023-10-02T08:35:00.000","Catch Basin Clogged/Flooding (Use Comments) (SC)","61-80 WOODHAVEN BOULEVARD","WOODHAVEN BOULEVARD","DRY HARBOR RD","62 AVE","QUEENS","40.727374245770534","-73.87080707191431"
"58963487","2023-09-29T10:59:00.000","2023-10-01T11:25:00.000","Catch Basin Clogged/Flooding (Use Comments) (SC)","167-18 JEWEL AVENUE","JEWEL AVENUE","167 ST","168 ST","QUEENS","40.73154735825557","-73.80201290847678"
"58958962","2023-09-29T10:56:00.000","2023-10-05T11:30:00.000","Catch Basin Clogged/Flooding (Use Comments) (SC)","147-01 BROOKVILLE BOULEVARD","BROOKVILLE BOULEVARD","147 AVE","147 RD","QUEENS","40.657268588091135","-73.74502822518433"
"58963488","2023-09-29T10:56:00.000","2023-09-30T07:30:00.000","Catch Basin Clogged/Flooding (Use Comments) (SC)",,,,,"BROOKLYN","40.71657324705766","-73.95268601109437"
"58966681","2023-09-29T10:56:00.000","2023-09-30T07:35:00.000","Catch Basin Clogged/Flooding (Use Comments) (SC)",,,,,"BROOKLYN","40.71544205586086","-73.95184270867304"
"58957456","2023-09-29T10:53:00.000","2023-10-03T11:00:00.000","Catch Basin Clogged/Flooding (Use Comments) (SC)","123-08 LIBERTY AVENUE","LIBERTY AVENUE","123 ST","124 ST","QUEENS","40.687590246464644","-73.82065915407887"
"58958964","2023-09-29T10:53:00.000","2023-09-29T10:53:00.000","Catch Basin Clogged/Flooding (Use Comments) (SC)",,,,,"BROOKLYN","40.71791023637868","-73.95339933146677"
"58963490","2023-09-29T10:50:00.000","2023-10-02T08:35:00.000","Catch Basin Clogged/Flooding (Use Comments) (SC)","46-20 11 STREET","11 STREET","46 AVE","46 RD","QUEENS","40.7459631538009","-73.95046729374867"
"58963489","2023-09-29T10:50:00.000","2023-09-30T07:15:00.000","Catch Basin Clogged/Flooding (Use Comments) (SC)",,,,,"BROOKLYN","40.71879913406617","-73.95241026323234"
"58955858","2023-09-29T10:50:00.000","2023-09-30T07:25:00.000","Catch Basin Clogged/Flooding (Use Comments) (SC)",,,,,"BROOKLYN","40.71979865985743","-73.95347016154248"
"58960461","2023-09-29T10:47:00.000","2023-10-07T10:00:00.000","Catch Basin Clogged/Flooding (Use Comments) (SC)","120-26 171 STREET","171 STREET","120 AVE","BAISLEY BLVD","QUEENS","40.68255333620419","-73.77379375294427"
"58960460","2023-09-29T10:47:00.000","2023-09-29T10:47:00.000","Catch Basin Clogged/Flooding (Use Comments) (SC)","435 GRAHAM AVENUE","GRAHAM AVENUE","FROST ST","RICHARDSON ST","BROOKLYN","40.718126104632574","-73.94498664576122"
"58966684","2023-09-29T10:47:00.000","2023-10-02T09:55:00.000","Catch Basin Clogged/Flooding (Use Comments) (SC)",,,,,"QUEENS","40.76052043222291","-73.87377856558241"
"58955859","2023-09-29T10:47:00.000","2023-09-30T10:05:00.000","Catch Basin Clogged/Flooding (Use Comments) (SC)","1565 EAST   57 STREET","EAST   57 STREET","AVENUE O","FILLMORE AVE","BROOKLYN","40.61652159618632","-73.91981716150596"
"58963491","2023-09-29T10:44:00.000","2023-10-01T10:00:00.000","Catch Basin Clogged/Flooding (Use Comments) (SC)","67-16 43 AVENUE","43 AVENUE","DEAD END","68 ST","QUEENS","40.741895670202894","-73.89695659026694"
"58957457","2023-09-29T10:44:00.000","2023-10-02T10:20:00.000","Catch Basin Clogged/Flooding (Use Comments) (SC)","140-35 169 STREET","169 STREET","140 AVE","144 AVE","QUEENS","40.67061066125496","-73.77095756675428"
"58957458","2023-09-29T10:44:00.000","2023-09-30T14:15:00.000","Catch Basin Clogged/Flooding (Use Comments) (SC)","62 GRAND STREET","GRAND STREET","W BROADWAY","WOOSTER ST","MANHATTAN","40.72219595325386","-74.00336233271216"
"58961999","2023-09-29T10:41:00.000","2023-10-03T13:30:00.000","Catch Basin Clogged/Flooding (Use Comments) (SC)","48-04 69 STREET","69 STREET","48 AVE","49 AVE","QUEENS","40.738227743629324","-73.89591579092807"
"58963492","2023-09-29T10:38:00.000","2023-10-01T09:20:00.000","Catch Basin Clogged/Flooding (Use Comments) (SC)",,,,,"QUEENS","40.753283878026764","-73.9069079685542"
"58957459","2023-09-29T10:35:00.000","2023-09-30T06:50:00.000","Catch Basin Clogged/Flooding (Use Comments) (SC)","285 MANHATTAN AVENUE","MANHATTAN AVENUE","AINSLIE ST","DEVOE ST","BROOKLYN","40.71347692871225","-73.94593556464548"
"58965125","2023-09-29T10:32:00.000","2023-09-30T12:15:00.000","Catch Basin Clogged/Flooding (Use Comments) (SC)","510 5 AVENUE","5 AVENUE","E 42 ST","E 43 ST","MANHATTAN","40.753973100176744","-73.98053825462506"
"58966687","2023-09-29T10:32:00.000","2023-09-30T10:05:00.000","Catch Basin Clogged/Flooding (Use Comments) (SC)","17 BATTERY PLACE","BATTERY PLACE","WASHINGTON ST","BEND","MANHATTAN","40.70488368980268","-74.01592725890914"
"58957460","2023-09-29T10:32:00.000","2023-09-29T17:45:00.000","Catch Basin Clogged/Flooding (Use Comments) (SC)","191 SPRATT AVENUE","SPRATT AVENUE","THOLLEN ST","BLOCK ST","STATEN ISLAND","40.555557190075696","-74.13060244292102"
"58965423","2023-09-29T10:32:00.000","2023-10-04T08:50:00.000","Catch Basin Clogged/Flooding (Use Comments) (SC)",,,,,"QUEENS","40.78264454046156","-73.80413586292885"
"58960462","2023-09-29T10:32:00.000","2023-10-03T12:30:00.000","Catch Basin Clogged/Flooding (Use Comments) (SC)","50-58 45 STREET","45 STREET","50 AVE","LAUREL HILL BLVD","QUEENS","40.73633734955357","-73.92102252722697"
"58957461","2023-09-29T10:29:00.000","2023-09-29T15:30:00.000","Catch Basin Clogged/Flooding (Use Comments) (SC)",,,,,"BROOKLYN","40.681496249864225","-74.00920111176733"
"58963495","2023-09-29T10:29:00.000","2023-10-03T10:30:00.000","Catch Basin Clogged/Flooding (Use Comments) (SC)","39-58 47 STREET","47 STREET","39 AVE","SKILLMAN AVE","QUEENS","40.74759614425442","-73.91686962236598"
"58963496","2023-09-29T10:29:00.000","2023-09-29T10:35:00.000","Catch Basin Clogged/Flooding (Use Comments) (SC)","41-08 47 STREET","47 STREET","SKILLMAN AVE","43 AVE","QUEENS","40.74620201267168","-73.91714925148885"
"58955860","2023-09-29T10:26:00.000","2023-09-30T10:26:00.000","Catch Basin Clogged/Flooding (Use Comments) (SC)","1047 EAST   46 STREET","EAST   46 STREET","FARRAGUT RD","GLENWOOD RD","BROOKLYN","40.635647246626554","-73.93255952300439"
"58962001","2023-09-29T10:26:00.000","2023-09-29T10:30:00.000","Catch Basin Clogged/Flooding (Use Comments) (SC)","41-10 47 STREET","47 STREET","SKILLMAN AVE","43 AVE","QUEENS","40.74619926792375","-73.91714925490226"
"58963497","2023-09-29T10:23:00.000","2023-09-30T19:55:00.000","Catch Basin Clogged/Flooding (Use Comments) (SC)",,,,,"BRONX","40.84284172459171","-73.81740346565257"
"58965126","2023-09-29T10:23:00.000","2023-10-02T11:45:00.000","Catch Basin Clogged/Flooding (Use Comments) (SC)","41-16 47 STREET","47 STREET","SKILLMAN AVE","43 AVE","QUEENS","40.746193781023806","-73.9171528706801"
"58962004","2023-09-29T10:23:00.000","2023-09-29T19:00:00.000","Catch Basin Clogged/Flooding (Use Comments) (SC)","54 DELMONICO PLACE","DELMONICO PLACE","ELLERY ST","PARK AVE","BROOKLYN","40.698512201314045","-73.945363467787"
"58958967","2023-09-29T10:23:00.000","2023-09-30T09:45:00.000","Catch Basin Clogged/Flooding (Use Comments) (SC)","7502 AVENUE T","AVENUE T","ROYCE ST","BERGEN AVE","BROOKLYN","40.62322257788099","-73.90652741201642"
"58965135","2023-09-29T10:20:00.000","2023-10-02T13:20:00.000","Catch Basin Clogged/Flooding (Use Comments) (SC)","144-69 BROADWAY","BROADWAY","MEADOW RD","MEADOW DR","QUEENS","40.66619851345631","-73.76894691143588"
"58966688","2023-09-29T10:20:00.000","2023-09-30T13:40:00.000","Catch Basin Clogged/Flooding (Use Comments) (SC)","2088 OCEAN PARKWAY","OCEAN PARKWAY","AVENUE T","AVENUE U","BROOKLYN","40.59832994751876","-73.96558922073541"
"58955864","2023-09-29T10:17:00.000","2023-09-30T12:55:00.000","Catch Basin Clogged/Flooding (Use Comments) (SC)",,,,,"BROOKLYN","40.583647706674135","-73.94390576555314"
"58958968","2023-09-29T10:17:00.000","2023-09-29T15:50:00.000","Catch Basin Clogged/Flooding (Use Comments) (SC)","171 DEVOE STREET","DEVOE STREET","GRAHAM AVE","HUMBOLDT ST","BROOKLYN","40.713873763964955","-73.9435292380947"
"58960450","2023-09-29T10:14:00.000","2023-09-29T10:30:00.000","Catch Basin Clogged/Flooding (Use Comments) (SC)","1639 WEBSTER AVENUE","WEBSTER AVENUE","E MT EDEN AVE","E 173 ST","BRONX","40.84221349278388","-73.90403314501256"
"58960465","2023-09-29T10:14:00.000","2023-09-29T10:25:00.000","Catch Basin Clogged/Flooding (Use Comments) (SC)",,,,,"BROOKLYN","40.59768254573046","-73.9668498784211"
"58957463","2023-09-29T10:14:00.000","2023-09-30T08:20:00.000","Catch Basin Clogged/Flooding (Use Comments) (SC)",,,,,"BROOKLYN","40.64506304635427","-73.88827038811743"
"58962005","2023-09-29T10:14:00.000","2023-10-01T12:50:00.000","Catch Basin Clogged/Flooding (Use Comments) (SC)","6224 24 AVENUE","24 AVENUE","62 ST","63 ST","BROOKLYN","40.61271245333144","-73.97540374241889"
"58965136","2023-09-29T10:14:00.000","2023-10-01T08:25:00.000","Catch Basin Clogged/Flooding (Use Comments) (SC)",,,,,"BROOKLYN","40.62147413119333","-73.95071097029123"
"58957464","2023-09-29T10:14:00.000","2023-10-01T10:10:00.000","Catch Basin Clogged/Flooding (Use Comments) (SC)","21 LEONARD STREET","LEONARD STREET","HUDSON ST","W BROADWAY","MANHATTAN","40.71860559465791","-74.00778128859983"
"58962006","2023-09-29T10:11:00.000","2023-09-29T14:10:00.000","Catch Basin Clogged/Flooding (Use Comments) (SC)","339 KEAP STREET","KEAP STREET","S 5 ST","S 4 ST","BROOKLYN","40.70880641449746","-73.95478714967362"
"58960451","2023-09-29T10:11:00.000","2023-09-29T10:26:00.000","Catch Basin Clogged/Flooding (Use Comments) (SC)","2580 HOLLERS AVENUE","HOLLERS AVENUE","ROPES AVE","PELHAM BAY PARK W","BRONX","40.88854067813755","-73.81718752500252"
"58965137","2023-09-29T10:11:00.000","2023-10-01T09:30:00.000","Catch Basin Clogged/Flooding (Use Comments) (SC)","56 BAY   47 STREET","BAY   47 STREET","BATH AVE","HARWAY AVE","BROOKLYN","40.59024253684089","-73.98565551081882"
"58960466","2023-09-29T10:11:00.000","2023-09-29T20:10:00.000","Catch Basin Clogged/Flooding (Use Comments) (SC)","243 WEIRFIELD STREET","WEIRFIELD STREET","WILSON AVE","KNICKERBOCKER AVE","BROOKLYN","40.692297745150746","-73.90995367418867"
"58957465","2023-09-29T10:11:00.000","2023-09-29T10:11:00.000","Catch Basin Clogged/Flooding (Use Comments) (SC)",,,,,"BROOKLYN","40.65922703633562","-73.9533862621163"
"58962009","2023-09-29T10:08:00.000","2023-09-29T19:45:00.000","Catch Basin Clogged/Flooding (Use Comments) (SC)","75 DARCEY AVENUE","DARCEY AVENUE","HAWTHORNE AVE","BEND","STATEN ISLAND","40.6083365488662","-74.15116224257189"
"58966692","2023-09-29T10:08:00.000","2023-10-03T14:30:00.000","Catch Basin Clogged/Flooding (Use Comments) (SC)","155-28 78 STREET","78 STREET","155 AVE","156 AVE","QUEENS","40.6631668400766","-73.85551152717655"
"58962008","2023-09-29T10:08:00.000","2023-10-02T10:00:00.000","Catch Basin Clogged/Flooding (Use Comments) (SC)","44-36 VERNON BOULEVARD","VERNON BOULEVARD","9 ST","44 DR","QUEENS","40.74938385696626","-73.95223322208895"
"58965138","2023-09-29T10:05:00.000","2023-09-30T10:35:00.000","Catch Basin Clogged/Flooding (Use Comments) (SC)",,,,,"BROOKLYN","40.636330046951755","-73.94704294071481"
"58963502","2023-09-29T10:05:00.000","2023-10-01T16:15:00.000","Catch Basin Clogged/Flooding (Use Comments) (SC)","226 MOTHER GASTON BOULEVARD","MOTHER GASTON BOULEVARD","BERGEN ST","EAST NEW YORK AVE","BROOKLYN","40.67370616667112","-73.90839977132812"
"58960467","2023-09-29T10:05:00.000","2023-10-04T09:25:00.000","Catch Basin Clogged/Flooding (Use Comments) (SC)","259-58 147 DRIVE","147 DRIVE","259 ST","FRANCIS LEWIS BLVD","QUEENS","40.655631935715064","-73.72792596108438"
"58965140","2023-09-29T10:02:00.000","2023-10-03T11:55:00.000","Catch Basin Clogged/Flooding (Use Comments) (SC)","1541 MORRIS AVENUE","MORRIS AVENUE","TELLER AVE","MT EDEN PKWY","BRONX","40.84243483516975","-73.90961672728072"
"58965139","2023-09-29T10:02:00.000","2023-10-01T10:05:00.000","Catch Basin Clogged/Flooding (Use Comments) (SC)",,,,,"BRONX","40.843111729894126","-73.87099432352781"
"58963503","2023-09-29T09:59:00.000","2023-09-29T13:20:00.000","Catch Basin Clogged/Flooding (Use Comments) (SC)","152-32 12 AVENUE","12 AVENUE","152 ST","154 ST","QUEENS","40.79169500869938","-73.80968528121731"
"58957451","2023-09-29T09:59:00.000","2023-09-29T13:20:00.000","Catch Basin Clogged/Flooding (Use Comments) (SC)","72-19 48 AVENUE","48 AVENUE","72 ST","73 ST","QUEENS","40.738273422114666","-73.89187056160074"
"58960468","2023-09-29T09:59:00.000","2023-09-30T13:25:00.000","Catch Basin Clogged/Flooding (Use Comments) (SC)","1002 QUENTIN ROAD","QUENTIN ROAD","E 10 ST","CONEY ISLAND AVE","BROOKLYN","40.607773830791835","-73.96251229897008"
"58958973","2023-09-29T09:56:00.000","2023-10-01T10:45:00.000","Catch Basin Clogged/Flooding (Use Comments) (SC)","BAY PARKWAY","BAY PARKWAY","86 STREET","BENSON AVENUE","BROOKLYN",,
"58958972","2023-09-29T09:56:00.000","2023-10-05T12:35:00.000","Catch Basin Clogged/Flooding (Use Comments) (SC)",,,,,"QUEENS",,
"58960471","2023-09-29T09:56:00.000","2023-09-30T22:15:00.000","Catch Basin Clogged/Flooding (Use Comments) (SC)","414 HUNTER AVENUE","HUNTER AVENUE","DITMARS ST","BOWNE ST","BRONX","40.85002759206086","-73.78859710127773"
"58963505","2023-09-29T09:56:00.000","2023-09-30T11:20:00.000","Catch Basin Clogged/Flooding (Use Comments) (SC)",,,,,"BROOKLYN","40.63062671048982","-73.93202058808312"
"58955868","2023-09-29T09:56:00.000","2023-09-29T15:10:00.000","Catch Basin Clogged/Flooding (Use Comments) (SC)","211 NORTH   11 STREET","NORTH   11 STREET","DRIGGS AVE","ROEBLING ST","BROOKLYN","40.71881324174568","-73.95334819549974"
"58962010","2023-09-29T09:53:00.000",,"Catch Basin Clogged/Flooding (Use Comments) (SC)","46-38 158 STREET","158 STREET","46 AVE","LABURNUM AVE","QUEENS","40.75299259429588","-73.80877441298131"
"58955869","2023-09-29T09:53:00.000","2023-10-02T11:00:00.000","Catch Basin Clogged/Flooding (Use Comments) (SC)","67-21 FRESH POND ROAD","FRESH POND ROAD","67 AVE","68 AVE","QUEENS","40.705647969263076","-73.89650406746209"
"58966694","2023-09-29T09:53:00.000","2023-09-30T22:40:00.000","Catch Basin Clogged/Flooding (Use Comments) (SC)","328 STEPHENS AVENUE","STEPHENS AVENUE","O'BRIEN AVE","COMPTON AVE","BRONX","40.81220768906229","-73.85383326392957"
"58958974","2023-09-29T09:53:00.000","2023-10-04T10:10:00.000","Catch Basin Clogged/Flooding (Use Comments) (SC)","80-35 237 STREET","237 STREET","UNION TPKE","BEND","QUEENS","40.7377168508278","-73.73477532255039"
"58958975","2023-09-29T09:50:00.000","2023-09-30T16:15:00.000","Catch Basin Clogged/Flooding (Use Comments) (SC)","580 11 STREET","11 STREET","8 AVE","PROSPECT PARK W","BROOKLYN","40.66426586200679","-73.9796524845298"
"58962011","2023-09-29T09:50:00.000","2023-09-29T19:10:00.000","Catch Basin Clogged/Flooding (Use Comments) (SC)","60 JEFFERSON STREET","JEFFERSON STREET","STANWIX ST","EVERGREEN AVE","BROOKLYN","40.69878557180155","-73.93289235684848"
"58960472","2023-09-29T09:50:00.000","2023-10-05T09:50:00.000","Catch Basin Clogged/Flooding (Use Comments) (SC)","88-52 UNION TURNPIKE","UNION TURNPIKE","88 ST","WOODHAVEN BLVD","QUEENS","40.70514455335204","-73.85922925453598"
"58957467","2023-09-29T09:50:00.000","2023-10-02T11:40:00.000","Catch Basin Clogged/Flooding (Use Comments) (SC)",,,,,"MANHATTAN","40.7723324195835","-73.95871542701366"
"58965143","2023-09-29T09:47:00.000","2023-10-02T10:15:00.000","Catch Basin Clogged/Flooding (Use Comments) (SC)","25-14 24 AVENUE","24 AVENUE","CRESCENT ST","26 ST","QUEENS","40.77480629661867","-73.91897668403045"
"58962012","2023-09-29T09:44:00.000","2023-09-29T22:30:00.000","Catch Basin Clogged/Flooding (Use Comments) (SC)","51-60 MARATHON PARKWAY","MARATHON PARKWAY","51 AVE","52 AVE","QUEENS","40.76270814215484","-73.73369392188694"
"58955848","2023-09-29T09:44:00.000","2023-09-29T14:36:00.000","Catch Basin Clogged/Flooding (Use Comments) (SC)","80-03 153 AVENUE","153 AVENUE","80 ST","81 ST","QUEENS","40.66580539709218","-73.85398827157903"
"58965146","2023-09-29T09:44:00.000","2023-10-02T10:40:00.000","Catch Basin Clogged/Flooding (Use Comments) (SC)","25-54 47 STREET","47 STREET","AMTRAK-CONNECTING RAIL LINE","28 AVE","QUEENS","40.76412029400477","-73.90710580797496"
"58960476","2023-09-29T09:44:00.000","2023-09-29T09:50:00.000","Catch Basin Clogged/Flooding (Use Comments) (SC)","46-38 158 STREET","158 STREET","46 AVE","LABURNUM AVE","QUEENS","40.75299259429588","-73.80877441298131"
"58960475","2023-09-29T09:44:00.000","2023-09-30T14:35:00.000","Catch Basin Clogged/Flooding (Use Comments) (SC)",,,,,"BROOKLYN","40.59768254573046","-73.9668498784211"
"58965147","2023-09-29T09:41:00.000","2023-10-07T10:50:00.000","Catch Basin Clogged/Flooding (Use Comments) (SC)","60-35 FRESH PD ROAD","FRESH PD ROAD","60 RD","60 DR","QUEENS","40.716068777877716","-73.90155256883735"
"58960477","2023-09-29T09:41:00.000","2023-09-30T12:00:00.000","Catch Basin Clogged/Flooding (Use Comments) (SC)","14 HARDEN STREET","HARDEN STREET","BEND","FLATLANDS AVE","BROOKLYN","40.62218254349774","-73.93470205657239"
"58958977","2023-09-29T09:41:00.000","2023-09-29T21:30:00.000","Catch Basin Clogged/Flooding (Use Comments) (SC)","719 RAMONA AVENUE","RAMONA AVENUE","MINTURN AVE","MAGUIRE AVE","STATEN ISLAND","40.53543756356401","-74.21021711799789"
"58955874","2023-09-29T09:38:00.000","2023-10-01T15:10:00.000","Catch Basin Clogged/Flooding (Use Comments) (SC)",,,,,"BROOKLYN","40.616420460017785","-73.97444426100346"
"58955873","2023-09-29T09:38:00.000","2023-09-30T14:00:00.000","Catch Basin Clogged/Flooding (Use Comments) (SC)",,,,,"BROOKLYN","40.606906054797825","-73.97048633747791"
"58955875","2023-09-29T09:35:00.000","2023-10-02T09:30:00.000","Catch Basin Clogged/Flooding (Use Comments) (SC)","51-02 27 STREET","27 STREET","51 AVE","BORDEN AVE","QUEENS","40.73970157241886","-73.94280727884316"
"58960478","2023-09-29T09:35:00.000","2023-10-01T12:30:00.000","Catch Basin Clogged/Flooding (Use Comments) (SC)",,,,,"BROOKLYN","40.636495214873584","-73.98700030399515"
"58955849","2023-09-29T09:35:00.000","2023-09-29T10:30:00.000","Catch Basin Clogged/Flooding (Use Comments) (SC)","243 4 AVENUE","4 AVENUE","PRESIDENT ST","CARROLL ST","BROOKLYN","40.67643684460325","-73.9836937807482"
"58958980","2023-09-29T09:32:00.000","2023-09-30T11:35:00.000","Catch Basin Clogged/Flooding (Use Comments) (SC)","847 EAST   57 STREET","EAST   57 STREET","AVENUE H","AVENUE I","BROOKLYN","40.63201159694704","-73.92147024007718"
"58957473","2023-09-29T09:29:00.000","2023-09-30T10:00:00.000","Catch Basin Clogged/Flooding (Use Comments) (SC)","17-25 WILLOW COURT","WILLOW COURT","GATEWAY BLVD","DEAD END","QUEENS","40.59966990630879","-73.75173726780959"
"58958981","2023-09-29T09:26:00.000","2023-09-29T15:55:00.000","Catch Basin Clogged/Flooding (Use Comments) (SC)","435 GRAHAM AVENUE","GRAHAM AVENUE","FROST ST","RICHARDSON ST","BROOKLYN","40.718126104632574","-73.94498664576122"
"58965149","2023-09-29T09:26:00.000","2023-10-05T10:30:00.000","Catch Basin Clogged/Flooding (Use Comments) (SC)","160-20 GOETHALS AVENUE","GOETHALS AVENUE","160 ST","161 ST","QUEENS","40.718830258190536","-73.80649870883967"
"58965150","2023-09-29T09:26:00.000","2023-09-29T15:00:00.000","Catch Basin Clogged/Flooding (Use Comments) (SC)",,,,,"BROOKLYN","40.71657324705766","-73.95268601109437"
"58963511","2023-09-29T09:26:00.000","2023-10-02T09:50:00.000","Catch Basin Clogged/Flooding (Use Comments) (SC)","936 JEROME STREET","JEROME STREET","COZINE AVE","FLATLANDS AVE","BROOKLYN","40.65741343122509","-73.87899784269074"
"58962016","2023-09-29T09:26:00.000","2023-09-29T20:00:00.000","Catch Basin Clogged/Flooding (Use Comments) (SC)",,,,,"BROOKLYN","40.6881242938133","-73.91169009970257"
"58955876","2023-09-29T09:23:00.000","2023-10-01T16:50:00.000","Catch Basin Clogged/Flooding (Use Comments) (SC)","238 79 STREET","79 STREET","RIDGE BLVD","3 AVE","BROOKLYN","40.62892451575999","-74.03052852816845"
"58965151","2023-09-29T09:23:00.000","2023-10-01T13:10:00.000","Catch Basin Clogged/Flooding (Use Comments) (SC)","99 LAWRENCE AVENUE","LAWRENCE AVENUE","MC DONALD AVE","SETON PL","BROOKLYN","40.629768598390754","-73.97545149629157"
"58965118","2023-09-29T09:23:00.000","2023-09-29T10:30:00.000","Catch Basin Clogged/Flooding (Use Comments) (SC)","6207 10 AVENUE","10 AVENUE","62 ST","63 ST","BROOKLYN","40.631579854408734","-74.00644172517745"
"58957475","2023-09-29T09:20:00.000","2023-09-29T19:45:00.000","Catch Basin Clogged/Flooding (Use Comments) (SC)","22-02 81 STREET","81 STREET","DITMARS BLVD","GRAND CENTRAL PARKWAY SR N","QUEENS","40.76854771414181","-73.88869139367746"
"58960483","2023-09-29T09:20:00.000","2023-09-30T18:10:00.000","Catch Basin Clogged/Flooding (Use Comments) (SC)","287 1 STREET","1 STREET","4 AVE","5 AVE","BROOKLYN","40.67449897523158","-73.98328688128719"
"58963513","2023-09-29T09:20:00.000","2023-10-01T13:35:00.000","Catch Basin Clogged/Flooding (Use Comments) (SC)","496 VAN SICKLEN STREET","VAN SICKLEN STREET","WOLF PL","AVENUE W","BROOKLYN","40.592340628359295","-73.97567049207018"
"58963478","2023-09-29T09:20:00.000","2023-09-29T10:40:00.000","Catch Basin Clogged/Flooding (Use Comments) (SC)","218 GRAND AVENUE","GRAND AVENUE","WILLOUGHBY AVE","DE KALB AVE","BROOKLYN","40.69071325377651","-73.9634789403138"
"58957476","2023-09-29T09:17:00.000","2023-09-29T20:40:00.000","Catch Basin Clogged/Flooding (Use Comments) (SC)","188-06 UNION TURNPIKE","UNION TURNPIKE","188 ST","189 ST","QUEENS","40.72925308081711","-73.78098121216865"
"58962019","2023-09-29T09:17:00.000","2023-09-29T19:20:00.000","Catch Basin Clogged/Flooding (Use Comments) (SC)","318 KNICKERBOCKER AVENUE","KNICKERBOCKER AVENUE","HART ST","DE KALB AVE","BROOKLYN","40.70140607573066","-73.92293209160103"
"58963514","2023-09-29T09:17:00.000","2023-09-30T11:50:00.000","Catch Basin Clogged/Flooding (Use Comments) (SC)","4007 AVENUE K","AVENUE K","E 40 ST","ALBANY AVE","BROOKLYN","40.62573289656643","-73.9371014104901"
"58957477","2023-09-29T09:17:00.000","2023-10-01T11:00:00.000","Catch Basin Clogged/Flooding (Use Comments) (SC)","8301 21 AVENUE","21 AVENUE","83 ST","84 ST","BROOKLYN","40.604908748927826","-73.99434593494713"
"58962018","2023-09-29T09:17:00.000","2023-09-29T10:30:00.000","Catch Basin Clogged/Flooding (Use Comments) (SC)","2996 HOLLAND AVENUE","HOLLAND AVENUE","WILLIAMSBRIDGE RD","ADEE AVE","BRONX","40.86955314385188","-73.86525922168619"
"58960484","2023-09-29T09:17:00.000","2023-10-02T13:05:00.000","Catch Basin Clogged/Flooding (Use Comments) (SC)","94-39 97 STREET","97 STREET","ATLANTIC AVE","95 AVE","QUEENS","40.68814784160747","-73.8455414011467"
"58966699","2023-09-29T09:17:00.000","2023-09-29T21:40:00.000","Catch Basin Clogged/Flooding (Use Comments) (SC)","42-02 217 STREET","217 STREET","DEAD END","43 AVE","QUEENS","40.763295998624784","-73.76548390880687"
"58966676","2023-09-29T09:14:00.000","2023-09-29T09:34:00.000","Catch Basin Clogged/Flooding (Use Comments) (SC)",,,,,"STATEN ISLAND","40.63299183188691","-74.11415212327942"
"58962021","2023-09-29T09:14:00.000","2023-10-01T12:40:00.000","Catch Basin Clogged/Flooding (Use Comments) (SC)","178 OCEAN PARKWAY","OCEAN PARKWAY","CATON AVE","ALBEMARLE RD","BROOKLYN","40.645732148289255","-73.97485104237367"
"58963515","2023-09-29T09:14:00.000","2023-10-01T09:50:00.000","Catch Basin Clogged/Flooding (Use Comments) (SC)","876 EAST   21 STREET","EAST   21 STREET","GLENWOOD RD","CAMPUS RD","BROOKLYN","40.63216470772415","-73.95657201404576"
"58960485","2023-09-29T09:14:00.000","2023-09-29T11:45:00.000","Catch Basin Clogged/Flooding (Use Comments) (SC)","164-20 CRYDERS LANE","CRYDERS LANE","164 ST","165 ST","QUEENS","40.78850525410544","-73.7981744949928"
"58955879","2023-09-29T09:11:00.000","2023-09-29T17:35:00.000","Catch Basin Clogged/Flooding (Use Comments) (SC)","39-90 46 STREET","46 STREET","39 AVE","SKILLMAN AVE","QUEENS","40.74685310686364","-73.91797129148404"
"58966700","2023-09-29T09:11:00.000","2023-10-01T09:10:00.000","Catch Basin Clogged/Flooding (Use Comments) (SC)","2802 AVENUE N","AVENUE N","E 28 ST","E 29 ST","BROOKLYN","40.61700937299349","-73.94683854865491"
"58963517","2023-09-29T09:11:00.000","2023-10-02T01:25:00.000","Catch Basin Clogged/Flooding (Use Comments) (SC)","162-38 97 STREET","97 STREET","162 AVE","163 AVE","QUEENS","40.65398498525415","-73.83471848550961"
"58957481","2023-09-29T09:11:00.000","2023-10-06T12:30:00.000","Catch Basin Clogged/Flooding (Use Comments) (SC)","10 MURRAY STREET","MURRAY STREET","BROADWAY","CHURCH ST","MANHATTAN","40.71329722815719","-74.00777345455272"
"58957482","2023-09-29T09:08:00.000","2023-10-01T12:20:00.000","Catch Basin Clogged/Flooding (Use Comments) (SC)","4324 17 AVENUE","17 AVENUE","43 ST","44 ST","BROOKLYN","40.63273929750711","-73.9797521673611"
"58961992","2023-09-29T09:08:00.000","2023-09-29T13:00:00.000","Catch Basin Clogged/Flooding (Use Comments) (SC)","31-48 71 STREET","71 STREET","31 AVE","32 AVE","QUEENS","40.7573917891453","-73.89613490506643"
"58955880","2023-09-29T09:08:00.000","2023-09-30T17:15:00.000","Catch Basin Clogged/Flooding (Use Comments) (SC)",,,,,"BROOKLYN","40.6770772681263","-73.9736855542015"
"58957452","2023-09-29T09:08:00.000","2023-09-29T12:30:00.000","Catch Basin Clogged/Flooding (Use Comments) (SC)","38-23 104 STREET","104 STREET","39 AVE","39 AVE","QUEENS","40.75087035611794","-73.86220406724807"
"58963479","2023-09-29T09:06:00.000","2023-09-29T10:30:00.000","Catch Basin Clogged/Flooding (Use Comments) (SC)","22 2 AVENUE","2 AVENUE","5 ST","6 ST","BROOKLYN","40.67491707849294","-73.99146673860658"
"58963518","2023-09-29T09:06:00.000","2023-10-05T12:30:00.000","Catch Basin Clogged/Flooding (Use Comments) (SC)","90 WEST    3 STREET","WEST    3 STREET","THOMPSON ST","SULLIVAN ST","MANHATTAN","40.72990876547729","-73.99907994197576"
"58960487","2023-09-29T09:06:00.000","2023-10-01T09:50:00.000","Catch Basin Clogged/Flooding (Use Comments) (SC)","8 BAY   50 STREET","BAY   50 STREET","STILLWELL AVE","HARWAY AVE","BROOKLYN","40.58841427522069","-73.98395650252755"
"58955882","2023-09-29T09:05:00.000","2023-09-30T08:50:00.000","Catch Basin Clogged/Flooding (Use Comments) (SC)","1617 CHURCH AVENUE","CHURCH AVENUE","BUCKINGHAM RD","E 17 ST","BROOKLYN","40.648825586265396","-73.96466585961421"
"58957489","2023-09-29T09:05:00.000","2023-09-29T16:50:00.000","Catch Basin Clogged/Flooding (Use Comments) (SC)","320 MASPETH AVENUE","MASPETH AVENUE","VANDERVOORT AVE","NEWTOWN CREEK SHORELINE","BROOKLYN","40.71828299511759","-73.93056396221091"
"58958984","2023-09-29T09:05:00.000","2023-10-01T15:20:00.000","Catch Basin Clogged/Flooding (Use Comments) (SC)","1664 EAST    4 STREET","EAST    4 STREET","AVENUE O","AVENUE P","BROOKLYN","40.61006797296986","-73.97015359297004"
"58960489","2023-09-29T09:05:00.000","2023-10-01T09:40:00.000","Catch Basin Clogged/Flooding (Use Comments) (SC)","2827 CROPSEY AVENUE","CROPSEY AVENUE","BAY 49 ST","SHORE PKWY","BROOKLYN","40.58574679991505","-73.98778784343726"
"58957453","2023-09-29T09:02:00.000","2023-09-29T10:30:00.000","Catch Basin Clogged/Flooding (Use Comments) (SC)","202 GRAND AVENUE","GRAND AVENUE","WILLOUGHBY AVE","DE KALB AVE","BROOKLYN","40.69111676114725","-73.96356165665158"
"58961993","2023-09-29T09:02:00.000","2023-09-29T10:30:00.000","Catch Basin Clogged/Flooding (Use Comments) (SC)",,,,,"BROOKLYN","40.687820014242725","-73.96269446196268"
"58955883","2023-09-29T09:02:00.000","2023-09-29T21:10:00.000","Catch Basin Clogged/Flooding (Use Comments) (SC)","38-02 CLEARVIEW EXPRESSWAY SR WEST","CLEARVIEW EXPRESSWAY SR WEST","38 AVE","39 AVE","QUEENS","40.76396189194824","-73.78024977780292"
"58963480","2023-09-29T08:59:00.000","2023-09-29T10:30:00.000","Catch Basin Clogged/Flooding (Use Comments) (SC)","127 3 PLACE","3 PLACE","COURT ST","DEAD END","BROOKLYN","40.67842516994581","-73.99672640096483"
"58965157","2023-09-29T08:59:00.000","2023-10-01T12:00:00.000","Catch Basin Clogged/Flooding (Use Comments) (SC)","1702 47 STREET","47 STREET","17 AVE","18 AVE","BROOKLYN","40.63042305530308","-73.9819072800348"
"58960490","2023-09-29T08:56:00.000","2023-10-01T12:20:00.000","Catch Basin Clogged/Flooding (Use Comments) (SC)",,,,,"BROOKLYN","40.615184238523625","-73.98366552091913"
"58965158","2023-09-29T08:56:00.000","2023-10-05T10:30:00.000","Catch Basin Clogged/Flooding (Use Comments) (SC)",,,,,"QUEENS","40.73652171957164","-73.87009290804018"
"58958985","2023-09-29T08:56:00.000","2023-10-01T12:50:00.000","Catch Basin Clogged/Flooding (Use Comments) (SC)","383 AVENUE T","AVENUE T","WEST ST","E 1 ST","BROOKLYN","40.599522714518905","-73.97112698254001"
"58957490","2023-09-29T08:56:00.000","2023-09-30T08:45:00.000","Catch Basin Clogged/Flooding (Use Comments) (SC)",,,,,"BROOKLYN","40.6499461596878","-73.96702932393558"
"58955884","2023-09-29T08:56:00.000","2023-10-01T11:30:00.000","Catch Basin Clogged/Flooding (Use Comments) (SC)","7801 20 AVENUE","20 AVENUE","78 ST","79 ST","BROOKLYN","40.609034139433405","-73.99363608259446"
"58963522","2023-09-29T08:53:00.000","2023-10-01T11:30:00.000","Catch Basin Clogged/Flooding (Use Comments) (SC)","212 BRIGHTON SECOND LANE","BRIGHTON SECOND LANE","BRIGHTON 1 ST","BRIGHTON 2 PL","BROOKLYN","40.57910280738851","-73.96622191367884"
"58958986","2023-09-29T08:53:00.000","2023-10-01T11:15:00.000","Catch Basin Clogged/Flooding (Use Comments) (SC)",,,,,"BROOKLYN","40.654882431881674","-73.9618803533782"
"58957492","2023-09-29T08:53:00.000","2023-10-01T10:35:00.000","Catch Basin Clogged/Flooding (Use Comments) (SC)","1408 DITMAS AVENUE","DITMAS AVENUE","RUGBY RD","MARLBOROUGH RD","BROOKLYN","40.63676489583014","-73.96432995741858"
"58955885","2023-09-29T08:53:00.000","2023-09-29T15:10:00.000","Catch Basin Clogged/Flooding (Use Comments) (SC)","8902 COLONIAL ROAD","COLONIAL ROAD","89 ST","91 ST","BROOKLYN","40.62241459283172","-74.03738425391231"
"58957491","2023-09-29T08:53:00.000","2023-10-01T11:15:00.000","Catch Basin Clogged/Flooding (Use Comments) (SC)","2055 80 STREET","80 STREET","20 AVE","21 AVE","BROOKLYN","40.60729942327403","-73.99353540751397"
"58963521","2023-09-29T08:53:00.000","2023-09-30T08:25:00.000","Catch Basin Clogged/Flooding (Use Comments) (SC)","210 PATCHEN AVENUE","PATCHEN AVENUE","MACON ST","MAC DONOUGH ST","BROOKLYN","40.68366055457077","-73.92623006321772"
"58966703","2023-09-29T08:53:00.000","2023-10-04T11:10:00.000","Catch Basin Clogged/Flooding (Use Comments) (SC)","89-53 241 STREET","241 STREET","89 AVE","BRADDOCK AVE","QUEENS","40.727164225853855","-73.72698448574525"
"58962022","2023-09-29T08:50:00.000","2023-09-29T20:15:00.000","Catch Basin Clogged/Flooding (Use Comments) (SC)","164-06 METCALF AVENUE","METCALF AVENUE","164 ST","166 ST","QUEENS","40.74720204348073","-73.80278563129585"
"58966705","2023-09-29T08:50:00.000","2023-09-29T10:30:00.000","Catch Basin Clogged/Flooding (Use Comments) (SC)","479-01 WILLOW ROAD EAST","WILLOW ROAD EAST","BEND","NINA AVE","STATEN ISLAND","40.61220338467496","-74.1516068060355"
"58966704","2023-09-29T08:50:00.000","2023-10-01T10:05:00.000","Catch Basin Clogged/Flooding (Use Comments) (SC)","860 EAST   18 STREET","EAST   18 STREET","AVENUE H","DEAD END","BROOKLYN","40.62984364003316","-73.9593727922077"
"58965119","2023-09-29T08:47:00.000","2023-09-29T15:20:00.000","Catch Basin Clogged/Flooding (Use Comments) (SC)",,,,,"QUEENS","40.75629911855345","-73.89892675437245"
"58963481","2023-09-29T08:47:00.000","2023-09-29T13:40:00.000","Catch Basin Clogged/Flooding (Use Comments) (SC)","48-05 66 STREET","66 STREET","48 AVE","49 AVE","QUEENS","40.73829077710623","-73.89888911875597"
"58960493","2023-09-29T08:47:00.000","2023-10-02T12:25:00.000","Catch Basin Clogged/Flooding (Use Comments) (SC)","79-20 153 AVENUE","153 AVENUE","79 ST","80 ST","QUEENS","40.66567468358054","-73.85480680215942"
"58957493","2023-09-29T08:47:00.000","2023-10-04T11:40:00.000","Catch Basin Clogged/Flooding (Use Comments) (SC)","270-03 HILLSIDE AVENUE","HILLSIDE AVENUE","LANGDALE ST","NASSAU CNTY BNDY","QUEENS","40.73911192095033","-73.70037631858673"
"58963524","2023-09-29T08:47:00.000","2023-09-29T09:00:00.000","Catch Basin Clogged/Flooding (Use Comments) (SC)","233 OCEAN PARKWAY","OCEAN PARKWAY","CHURCH AVE","BEVERLEY RD","BROOKLYN","40.64406867337979","-73.97423908641447"
"58963523","2023-09-29T08:47:00.000","2023-09-30T09:30:00.000","Catch Basin Clogged/Flooding (Use Comments) (SC)",,,,,"BROOKLYN","40.65922703633562","-73.9533862621163"
"58958987","2023-09-29T08:44:00.000","2023-09-29T14:35:00.000","Catch Basin Clogged/Flooding (Use Comments) (SC)",,,,,"QUEENS","40.72390353619076","-73.8206480196056"
"58965120","2023-09-29T08:44:00.000","2023-09-29T10:30:00.000","Catch Basin Clogged/Flooding (Use Comments) (SC)","117 ADAMS STREET","ADAMS STREET","PROSPECT ST","BEND","BROOKLYN","40.700632591688354","-73.98866120725366"
"58958988","2023-09-29T08:41:00.000","2023-10-05T13:10:00.000","Catch Basin Clogged/Flooding (Use Comments) (SC)","160-02 111 AVENUE","111 AVENUE","160 ST","UNION HALL ST","QUEENS","40.69104544153138","-73.78958076609702"
"58957494","2023-09-29T08:41:00.000","2023-09-30T13:05:00.000","Catch Basin Clogged/Flooding (Use Comments) (SC)",,,,,"BROOKLYN","40.691807396013836","-73.918619579898"
"58966706","2023-09-29T08:41:00.000","2023-10-01T14:45:00.000","Catch Basin Clogged/Flooding (Use Comments) (SC)","1501 85 STREET","85 STREET","15 AVE","16 AVE","BROOKLYN","40.6118144747138","-74.0085468053069"
"58962023","2023-09-29T08:38:00.000","2023-10-01T16:00:00.000","Catch Basin Clogged/Flooding (Use Comments) (SC)","1583 ST MARKS AVENUE","ST MARKS AVENUE","SARATOGA AVE","THOMAS S BOYLAND ST","BROOKLYN","40.6732911542588","-73.91482807341411"
"58965160","2023-09-29T08:35:00.000","2023-09-29T20:00:00.000","Catch Basin Clogged/Flooding (Use Comments) (SC)","64-18 32 AVENUE","32 AVENUE","BROOKLYN QUEENS EXPWY W SR  N","68 ST","QUEENS","40.75625280560152","-73.89932386964992"
"58965161","2023-09-29T08:35:00.000","2023-10-01T11:00:00.000","Catch Basin Clogged/Flooding (Use Comments) (SC)","265 STRATFORD ROAD","STRATFORD ROAD","MATTHEWS CT","SLOCUM PL","BROOKLYN","40.64219801513222","-73.96838800382923"
"58963525","2023-09-29T08:32:00.000","2023-09-30T12:30:00.000","Catch Basin Clogged/Flooding (Use Comments) (SC)",,,,,"BROOKLYN","40.595750831310575","-73.95291205634598"
"58957495","2023-09-29T08:32:00.000","2023-10-02T12:40:00.000","Catch Basin Clogged/Flooding (Use Comments) (SC)","79-19 151 AVENUE","151 AVENUE","79 ST","80 ST","QUEENS","40.66722598968209","-73.85520715000426"
"58960494","2023-09-29T08:32:00.000","2023-09-30T12:20:00.000","Catch Basin Clogged/Flooding (Use Comments) (SC)","1958 EAST   24 STREET","EAST   24 STREET","AVENUE S","AVENUE T","BROOKLYN","40.60309664118587","-73.94822889315789"
"58966707","2023-09-29T08:29:00.000","2023-09-30T14:15:00.000","Catch Basin Clogged/Flooding (Use Comments) (SC)","2039 EAST    4 STREET","EAST    4 STREET","AVENUE S","AVENUE T","BROOKLYN","40.60069401282837","-73.96835363811151"
"58958989","2023-09-29T08:29:00.000","2023-09-29T20:45:00.000","Catch Basin Clogged/Flooding (Use Comments) (SC)","1073 EDGEGROVE AVENUE","EDGEGROVE AVENUE","FOSTER RD","LENEVAR AVE","STATEN ISLAND","40.53369778884007","-74.20695232136507"
"58962024","2023-09-29T08:29:00.000","2023-10-03T12:30:00.000","Catch Basin Clogged/Flooding (Use Comments) (SC)","90-12 BEACH CHANNEL DRIVE","BEACH CHANNEL DRIVE","BEACH 90 ST","BEACH 91 ST","QUEENS","40.58929694314691","-73.81573123629947"
"58955886","2023-09-29T08:29:00.000","2023-10-04T12:10:00.000","Catch Basin Clogged/Flooding (Use Comments) (SC)","267-04 78 AVENUE","78 AVENUE","267 ST","268 ST","QUEENS","40.74980045236181","-73.70586110062247"
"58966708","2023-09-29T08:29:00.000","2023-10-01T09:30:00.000","Catch Basin Clogged/Flooding (Use Comments) (SC)","110-15 164 PLACE","164 PLACE","110 AVE","110 RD","QUEENS","40.693626249874285","-73.78698703476981"
"58957496","2023-09-29T08:26:00.000","2023-10-01T11:40:00.000","Catch Basin Clogged/Flooding (Use Comments) (SC)","226 19 STREET","19 STREET","4 AVE","5 AVE","BROOKLYN","40.66282368594026","-73.99285239140738"
"58955887","2023-09-29T08:23:00.000","2023-10-01T15:30:00.000","Catch Basin Clogged/Flooding (Use Comments) (SC)","1001 AVENUE P","AVENUE P","E 10 ST","CONEY ISLAND AVE","BROOKLYN","40.60990402186709","-73.96322421663092"
"58962028","2023-09-29T08:23:00.000","2023-10-01T15:45:00.000","Catch Basin Clogged/Flooding (Use Comments) (SC)","1179 EAST   83 STREET","EAST   83 STREET","AVENUE K","AVENUE L","BROOKLYN","40.63249689950144","-73.90612531899389"
"58965166","2023-09-29T08:20:00.000","2023-10-01T11:50:00.000","Catch Basin Clogged/Flooding (Use Comments) (SC)","63 AVENUE X","AVENUE X","W 12 ST","W 11 ST","BROOKLYN","40.58933338333874","-73.98130993227439"
"58963534","2023-09-29T08:20:00.000","2023-10-01T13:00:00.000","Catch Basin Clogged/Flooding (Use Comments) (SC)","824 EAST    8 STREET","EAST    8 STREET","FOSTER AVE","AVENUE H","BROOKLYN","40.629506282802325","-73.96899205421226"
"58958992","2023-09-29T08:20:00.000","2023-10-02T07:20:00.000","Catch Basin Clogged/Flooding (Use Comments) (SC)","321 WYONA STREET","WYONA STREET","BELMONT AVE","SUTTER AVE","BROOKLYN","40.670821505248604","-73.89264321257438"
"58960497","2023-09-29T08:17:00.000","2023-10-01T10:30:00.000","Catch Basin Clogged/Flooding (Use Comments) (SC)",,,,,"BROOKLYN","40.57533635806607","-73.99643987607686"
"58958993","2023-09-29T08:14:00.000","2023-09-29T12:55:00.000","Catch Basin Clogged/Flooding (Use Comments) (SC)","256 4 AVENUE","4 AVENUE","PRESIDENT ST","CARROLL ST","BROOKLYN","40.676395680130035","-73.98374426327182"
"58955890","2023-09-29T08:11:00.000","2023-10-01T10:40:00.000","Catch Basin Clogged/Flooding (Use Comments) (SC)",,,,,"BROOKLYN","40.57545160215122","-73.99538155017676"
"58958994","2023-09-29T08:11:00.000","2023-10-01T08:45:00.000","Catch Basin Clogged/Flooding (Use Comments) (SC)","56 AVENUE T","AVENUE T","W 12 ST","W 11 ST","BROOKLYN","40.598169187923126","-73.98323036730179"
"58965168","2023-09-29T08:08:00.000","2023-09-29T09:30:00.000","Catch Basin Clogged/Flooding (Use Comments) (SC)","230 PARK AVENUE","PARK AVENUE","E 45 ST","E 46 ST","MANHATTAN","40.75450745921105","-73.97595054706579"
"58965167","2023-09-29T08:08:00.000","2023-09-30T09:35:00.000","Catch Basin Clogged/Flooding (Use Comments) (SC)","14-30 PINSON STREET","PINSON STREET","NAMEOKE AVE","BATTERY RD","QUEENS","40.60901181573513","-73.7549151107753"
"58957501","2023-09-29T08:08:00.000","2023-09-29T13:25:00.000","Catch Basin Clogged/Flooding (Use Comments) (SC)","2621 AVENUE N","AVENUE N","E 26 ST","E 27 ST","BROOKLYN","40.61683724087503","-73.94857483022811"
"58962029","2023-09-29T08:08:00.000","2023-10-02T11:45:00.000","Catch Basin Clogged/Flooding (Use Comments) (SC)",,,,,"BRONX","40.87139092570544","-73.86426478169162"
"58960498","2023-09-29T08:08:00.000","2023-09-29T09:20:00.000","Catch Basin Clogged/Flooding (Use Comments) (SC)","6211 10 AVENUE","10 AVENUE","62 ST","63 ST","BROOKLYN","40.6315633846673","-74.00645973735615"
"58962030","2023-09-29T08:08:00.000","2023-10-02T08:20:00.000","Catch Basin Clogged/Flooding (Use Comments) (SC)","810 PINE STREET","PINE STREET","STANLEY AVE","WORTMAN AVE","BROOKLYN","40.665084445507446","-73.86840452014142"
"58966711","2023-09-29T08:05:00.000","2023-10-07T09:30:00.000","Catch Basin Clogged/Flooding (Use Comments) (SC)","91-53 195 STREET","195 STREET","BEND","WOODHULL AVE","QUEENS","40.71229325947404","-73.76569581902382"
"58958995","2023-09-29T08:05:00.000","2023-09-29T10:20:00.000","Catch Basin Clogged/Flooding (Use Comments) (SC)","611 20 STREET","20 STREET","BEND","TERRACE PL","BROOKLYN","40.65412945104767","-73.98000516142397"
"58965169","2023-09-29T08:05:00.000","2023-10-04T19:55:00.000","Catch Basin Clogged/Flooding (Use Comments) (SC)","320 BEACH  104 STREET","BEACH  104 STREET","ROCKAWAY FRWY","BEACH CHANNEL DR","QUEENS","40.58415780559874","-73.82573598176462"
"58957502","2023-09-29T08:05:00.000","2023-10-02T10:35:00.000","Catch Basin Clogged/Flooding (Use Comments) (SC)","172-19 143 ROAD","143 ROAD","172 ST","173 ST","QUEENS","40.66939400522573","-73.76786160849234"
"58955891","2023-09-29T07:56:00.000","2023-10-02T01:40:00.000","Catch Basin Clogged/Flooding (Use Comments) (SC)","162-31 99 STREET","99 STREET","162 AVE","163 AVE","QUEENS","40.65437484283095","-73.83288669168088"
"58960499","2023-09-29T07:53:00.000","2023-10-05T14:00:00.000","Catch Basin Clogged/Flooding (Use Comments) (SC)","175-20 109 AVENUE","109 AVENUE","175 ST","176 ST","QUEENS","40.69924263745431","-73.77999787593853"
"58965170","2023-09-29T07:50:00.000","2023-10-03T09:35:00.000","Catch Basin Clogged/Flooding (Use Comments) (SC)","2280 WEBSTER AVENUE","WEBSTER AVENUE","FORD ST","E 183 ST","BRONX","40.85611913210435","-73.8956517714004"
"58966712","2023-09-29T07:44:00.000","2023-09-29T09:45:00.000","Catch Basin Clogged/Flooding (Use Comments) (SC)","129 SENECA STREET","SENECA STREET","BROADWAY","DEAD END","STATEN ISLAND","40.63161838063056","-74.11791826077044"
"58960500","2023-09-29T07:41:00.000","2023-09-29T11:10:00.000","Catch Basin Clogged/Flooding (Use Comments) (SC)","1168 HANCOCK STREET","HANCOCK STREET","CENTRAL AVE","WILSON AVE","BROOKLYN","40.691100072473866","-73.91227393194279"
"58955892","2023-09-29T07:32:00.000","2023-09-29T10:00:00.000","Catch Basin Clogged/Flooding (Use Comments) (SC)","457 BELMONT AVENUE","BELMONT AVENUE","WYONA ST","BRADFORD ST","BROOKLYN","40.671073963900874","-73.89257791817995"
"58963535","2023-09-29T07:26:00.000","2023-09-29T10:30:00.000","Catch Basin Clogged/Flooding (Use Comments) (SC)","321 WYONA STREET","WYONA STREET","BELMONT AVE","SUTTER AVE","BROOKLYN","40.670821505248604","-73.89264321257438"
"58962031","2023-09-29T07:26:00.000","2023-10-03T11:50:00.000","Catch Basin Clogged/Flooding (Use Comments) (SC)","1600 CASTLE HILL AVENUE","CASTLE HILL AVENUE","ST RAYMOND AVE","GLOVER ST","BRONX","40.837934989580425","-73.85249740688315"
"58965171","2023-09-29T07:26:00.000","2023-09-29T15:30:00.000","Catch Basin Clogged/Flooding (Use Comments) (SC)","672 CLAWSON STREET","CLAWSON STREET","PETER AVE","OAK AVE","STATEN ISLAND","40.56356242365444","-74.11925216646677"
"58960648","2023-09-29T07:26:00.000","2023-09-29T08:30:00.000","Catch Basin Clogged/Flooding (Use Comments) (SC)","1958 EAST   24 STREET","EAST   24 STREET","AVENUE S","AVENUE T","BROOKLYN","40.60309664118587","-73.94822889315789"
"58962032","2023-09-29T07:17:00.000","2023-09-30T21:20:00.000","Catch Basin Clogged/Flooding (Use Comments) (SC)","2970 RANDALL AVENUE","RANDALL AVENUE","EDISON AVE","LOGAN AVE","BRONX","40.82680903006488","-73.82038871514123"
"58963536","2023-09-29T07:05:00.000","2023-09-29T10:50:00.000","Catch Basin Clogged/Flooding (Use Comments) (SC)",,,,,"QUEENS","40.67070108569826","-73.77365370642347"
"58955893","2023-09-29T06:53:00.000","2023-09-29T08:45:00.000","Catch Basin Clogged/Flooding (Use Comments) (SC)",,,,,"QUEENS","40.77702364474151","-73.81259044331667"
"58966713","2023-09-29T06:47:00.000","2023-10-01T08:15:00.000","Catch Basin Clogged/Flooding (Use Comments) (SC)","1236 EAST   28 STREET","EAST   28 STREET","AVENUE L","AVENUE M","BROOKLYN","40.62080857100832","-73.9477216575249"
"58966714","2023-09-29T06:11:00.000","2023-09-29T06:55:00.000","Catch Basin Clogged/Flooding (Use Comments) (SC)","229 AMBER STREET","AMBER STREET","DUMONT AVE","LINDEN BLVD","BROOKLYN","40.6710864202402","-73.85843235873553"
"58962033","2023-09-29T06:02:00.000","2023-09-29T09:20:00.000","Catch Basin Clogged/Flooding (Use Comments) (SC)",,,,,"QUEENS","40.76693899588118","-73.86527549099698"
"58960501","2023-09-29T04:20:00.000","2023-09-29T09:40:00.000","Catch Basin Clogged/Flooding (Use Comments) (SC)","134-30 175 STREET","175 STREET","134 RD","137 AVE","QUEENS","40.67431546787682","-73.76653583594113"
"58965172","2023-09-29T00:23:00.000","2023-09-29T08:25:00.000","Catch Basin Clogged/Flooding (Use Comments) (SC)","8208 15 AVENUE","15 AVENUE","82 ST","83 ST","BROOKLYN","40.61351633077115","-74.0073332234421"
"58962034","2023-09-29T00:17:00.000","2023-09-29T08:20:00.000","Catch Basin Clogged/Flooding (Use Comments) (SC)",,,,,"BROOKLYN","40.63327782826653","-73.98317831081567"
"58965173","2023-09-29T00:17:00.000","2023-09-29T09:35:00.000","Catch Basin Clogged/Flooding (Use Comments) (SC)",,,,,"BROOKLYN","40.63978419408893","-74.00150613656893"
"58958996","2023-09-29T00:17:00.000","2023-09-29T07:50:00.000","Catch Basin Clogged/Flooding (Use Comments) (SC)","1637 45 STREET","45 STREET","16 AVE","17 AVE","BROOKLYN","40.63267931302937","-73.98217327657555"
"58966715","2023-09-29T00:05:00.000","2023-09-29T09:10:00.000","Catch Basin Clogged/Flooding (Use Comments) (SC)","5602 12 AVENUE","12 AVENUE","56 ST","57 ST","BROOKLYN","40.63234856583116","-73.99850123683508"
"58949644","2023-09-28T23:14:00.000","2023-09-29T13:30:00.000","Catch Basin Clogged/Flooding (Use Comments) (SC)","64 CANTERBURY AVENUE","CANTERBURY AVENUE","WATCHOGUE RD","CASWELL AVE","STATEN ISLAND","40.61588749922905","-74.15115412846022"
"58945923","2023-09-28T21:35:00.000","2023-09-29T06:40:00.000","Catch Basin Clogged/Flooding (Use Comments) (SC)",,,,,"BROOKLYN","40.63468457839895","-73.96508408017624"
"58954614","2023-09-28T21:17:00.000","2023-09-29T21:10:00.000","Catch Basin Clogged/Flooding (Use Comments) (SC)","1359 NOSTRAND AVENUE","NOSTRAND AVENUE","LENOX RD","LINDEN BLVD","BROOKLYN","40.65350268033624","-73.94985119364325"
"58945924","2023-09-28T21:14:00.000","2023-09-29T10:45:00.000","Catch Basin Clogged/Flooding (Use Comments) (SC)","42 TARGEE STREET","TARGEE STREET","VAN DUZER ST","FREAN ST","STATEN ISLAND","40.626373208721205","-74.08326758532965"
"58954615","2023-09-28T21:11:00.000","2023-09-29T10:15:00.000","Catch Basin Clogged/Flooding (Use Comments) (SC)","45 TARGEE STREET","TARGEE STREET","FREAN ST","PURROY PL","STATEN ISLAND","40.62594223511647","-74.08332468687802"
"58952106","2023-09-28T20:20:00.000","2023-09-29T08:45:00.000","Catch Basin Clogged/Flooding (Use Comments) (SC)","1693 49 STREET","49 STREET","16 AVE","17 AVE","BROOKLYN","40.62984689229707","-73.98352142840015"
"58954616","2023-09-28T20:11:00.000","2023-09-29T10:20:00.000","Catch Basin Clogged/Flooding (Use Comments) (SC)",,,,,"QUEENS","40.6814383850863","-73.83864889161418"
"58949649","2023-09-28T20:05:00.000","2023-09-29T11:40:00.000","Catch Basin Clogged/Flooding (Use Comments) (SC)","11 ROBINSON AVENUE","ROBINSON AVENUE","TENNYSON DR","HYLAN BLVD","STATEN ISLAND","40.53590767971788","-74.14818509775279"
"58953309","2023-09-28T19:38:00.000","2023-09-29T17:40:00.000","Catch Basin Clogged/Flooding (Use Comments) (SC)","111-31 66 AVENUE","66 AVENUE","111 ST","GRAND CENTRAL PARKWAY SR W","QUEENS","40.73158753459028","-73.84425362325685"
"58948446","2023-09-28T19:38:00.000","2023-09-29T11:20:00.000","Catch Basin Clogged/Flooding (Use Comments) (SC)","17 ROBINSON AVENUE","ROBINSON AVENUE","TENNYSON DR","HYLAN BLVD","STATEN ISLAND","40.53597340648954","-74.14830036687275"
"58948445","2023-09-28T19:29:00.000","2023-09-29T08:00:00.000","Catch Basin Clogged/Flooding (Use Comments) (SC)","1540 CROPSEY AVENUE","CROPSEY AVENUE","BAY 10 ST","BAY 11 ST","BROOKLYN","40.605775454293465","-74.01346909419364"
"58950881","2023-09-28T19:14:00.000","2023-10-01T09:45:00.000","Catch Basin Clogged/Flooding (Use Comments) (SC)","869 MORRIS PARK AVENUE","MORRIS PARK AVENUE","DELANCEY PL","BRONXDALE AVE","BRONX","40.84657619381181","-73.85978295534096"
"58952107","2023-09-28T18:56:00.000","2023-09-29T19:15:00.000","Catch Basin Clogged/Flooding (Use Comments) (SC)","198 BOND STREET","BOND STREET","WARREN ST","BALTIC ST","BROOKLYN","40.68317024049635","-73.98741305346044"
"58953310","2023-09-28T18:53:00.000","2023-10-01T14:05:00.000","Catch Basin Clogged/Flooding (Use Comments) (SC)","28-35 LITTLE NECK BOULEVARD","LITTLE NECK BOULEVARD","DEAD END","28 RD","QUEENS","40.778006388046514","-73.76883337059544"
"58947184","2023-09-28T18:47:00.000","2023-10-02T11:20:00.000","Catch Basin Clogged/Flooding (Use Comments) (SC)","147-18 JAMAICA AVENUE","JAMAICA AVENUE","SUTPHIN BLVD","147 PL","QUEENS","40.70175918886076","-73.80733088126024"
"58953311","2023-09-28T18:38:00.000","2023-10-03T09:50:00.000","Catch Basin Clogged/Flooding (Use Comments) (SC)",,,,,"QUEENS","40.77560917969173","-73.80379188981568"
"58952108","2023-09-28T18:32:00.000","2023-09-29T11:20:00.000","Catch Basin Clogged/Flooding (Use Comments) (SC)",,,,,"QUEENS","40.749002926608235","-73.77736130162407"
"58949645","2023-09-28T18:17:00.000","2023-09-29T07:30:00.000","Catch Basin Clogged/Flooding (Use Comments) (SC)","2819 AVENUE J","AVENUE J","E 28 ST","E 29 ST","BROOKLYN","40.62660045069572","-73.94854209017129"
"58953312","2023-09-28T17:56:00.000","2023-10-04T09:20:00.000","Catch Basin Clogged/Flooding (Use Comments) (SC)",,,,,"MANHATTAN","40.70952343044316","-74.00166641887616"
"58949646","2023-09-28T17:38:00.000","2023-09-29T18:40:00.000","Catch Basin Clogged/Flooding (Use Comments) (SC)","451 PACIFIC STREET","PACIFIC STREET","BOND ST","NEVINS ST","BROOKLYN","40.68558513271091","-73.98341390688334"
"58954617","2023-09-28T17:35:00.000","2023-10-02T11:25:00.000","Catch Basin Clogged/Flooding (Use Comments) (SC)","149-26 HURON STREET","HURON STREET","ECKFORD AVE","HAWTREE ST","QUEENS","40.66976349147764","-73.83575722778052"
"58950882","2023-09-28T17:32:00.000","2023-09-28T17:32:00.000","Catch Basin Clogged/Flooding (Use Comments) (SC)","549 2 STREET","2 STREET","7 AVE","8 AVE","BROOKLYN","40.67031747195863","-73.97638464685211"
"58952109","2023-09-28T17:29:00.000","2023-09-29T20:20:00.000","Catch Basin Clogged/Flooding (Use Comments) (SC)","549 2 STREET","2 STREET","7 AVE","8 AVE","BROOKLYN","40.67031747195863","-73.97638464685211"
"58949647","2023-09-28T15:56:00.000","2023-09-29T07:00:00.000","Catch Basin Clogged/Flooding (Use Comments) (SC)","531 EAST    7 STREET","EAST    7 STREET","AVENUE C","CORTELYOU RD","BROOKLYN","40.63906986546194","-73.97187734382429"
"58952110","2023-09-28T15:50:00.000","2023-09-29T18:05:00.000","Catch Basin Clogged/Flooding (Use Comments) (SC)",,,,,"QUEENS","40.72488246372458","-73.88413551558493"
"58949648","2023-09-28T14:56:00.000","2023-09-29T06:15:00.000","Catch Basin Clogged/Flooding (Use Comments) (SC)","942 EAST   79 STREET","EAST   79 STREET","FLATLANDS AVE","PAERDEGAT 1 ST","BROOKLYN","40.634132775007565","-73.91308380962514"
"58945921","2023-09-28T14:05:00.000","2023-10-01T14:00:00.000","Catch Basin Clogged/Flooding (Use Comments) (SC)","113 WEST   60 STREET","WEST   60 STREET","COLUMBUS AVE","AMSTERDAM AVE","MANHATTAN","40.77014029990866","-73.98497413805218"
"58952105","2023-09-28T13:35:00.000","2023-10-02T10:45:00.000","Catch Basin Clogged/Flooding (Use Comments) (SC)","116-38 121 STREET","121 STREET","ROCKAWAY BLVD","SUTTER AVE","QUEENS","40.67552726858913","-73.81737486698712"
"58950880","2023-09-28T12:32:00.000","2023-09-28T13:15:00.000","Catch Basin Clogged/Flooding (Use Comments) (SC)","21-02 28 AVENUE","28 AVENUE","21 ST","23 ST","QUEENS","40.771023663843785","-73.92659901833278"
"58954613","2023-09-28T11:20:00.000","2023-10-01T13:20:00.000","Catch Basin Clogged/Flooding (Use Comments) (SC)","498 10 AVENUE","10 AVENUE","W 37 ST","W 38 ST","MANHATTAN","40.757010402447186","-73.99735781767608"
"58945922","2023-09-28T11:11:00.000","2023-09-29T08:45:00.000","Catch Basin Clogged/Flooding (Use Comments) (SC)",,,,,"STATEN ISLAND","40.621746297560215","-74.1196695136799"
"58953313","2023-09-28T09:14:00.000","2023-10-02T10:15:00.000","Catch Basin Clogged/Flooding (Use Comments) (SC)","93-03 74 PLACE","74 PLACE","93 AVE","ATLANTIC AVE","QUEENS","40.68428100789704","-73.86566964373593"
"58954618","2023-09-28T08:50:00.000","2023-10-03T11:50:00.000","Catch Basin Clogged/Flooding (Use Comments) (SC)",,,,,"QUEENS","40.58402528127454","-73.81471612524548"
"58950883","2023-09-28T08:44:00.000","2023-10-02T13:05:00.000","Catch Basin Clogged/Flooding (Use Comments) (SC)","212-12 26 AVENUE","26 AVENUE","212 ST","213 ST","QUEENS","40.778212790434665","-73.777476670109"
"58945925","2023-09-28T08:23:00.000","2023-09-29T06:40:00.000","Catch Basin Clogged/Flooding (Use Comments) (SC)",,,,,"BROOKLYN","40.683770352343984","-73.92624075847945"
"58945926","2023-09-28T08:02:00.000","2023-09-29T22:55:00.000","Catch Basin Clogged/Flooding (Use Comments) (SC)","127 3 PLACE","3 PLACE","COURT ST","DEAD END","BROOKLYN","40.67842516994581","-73.99672640096483"
"58945920","2023-09-28T07:23:00.000","2023-09-28T09:54:00.000","Catch Basin Clogged/Flooding (Use Comments) (SC)","2996 HOLLAND AVENUE","HOLLAND AVENUE","WILLIAMSBRIDGE RD","ADEE AVE","BRONX","40.86955314385188","-73.86525922168619"
"58942137","2023-09-27T23:29:00.000","2023-09-28T10:45:00.000","Catch Basin Clogged/Flooding (Use Comments) (SC)","5101 17 AVENUE","17 AVENUE","51 ST","52 ST","BROOKLYN","40.62835657871352","-73.98428554346346"
"58944625","2023-09-27T19:41:00.000","2023-09-29T09:30:00.000","Catch Basin Clogged/Flooding (Use Comments) (SC)",,,,,"STATEN ISLAND","40.603078301718114","-74.08304046564145"
"58939548","2023-09-27T17:02:00.000","2023-09-28T11:10:00.000","Catch Basin Clogged/Flooding (Use Comments) (SC)","135-19 135 AVENUE","135 AVENUE","135 ST","135 PL","QUEENS","40.66765380608645","-73.80319386112306"
"58939549","2023-09-27T16:17:00.000","2023-10-01T14:50:00.000","Catch Basin Clogged/Flooding (Use Comments) (SC)","3360 BARKER AVENUE","BARKER AVENUE","ROSEWOOD ST","MAGENTA ST","BRONX","40.87445700392845","-73.86923764237854"
"58936974","2023-09-27T15:50:00.000","2023-09-28T12:00:00.000","Catch Basin Clogged/Flooding (Use Comments) (SC)","80-03 HOLLIS HILLS TERRACE","HOLLIS HILLS TERRACE","UNION TPKE","RAMP","QUEENS","40.73272369918414","-73.7635636776169"
"58944626","2023-09-27T15:26:00.000","2023-09-28T11:40:00.000","Catch Basin Clogged/Flooding (Use Comments) (SC)",,,,,"MANHATTAN","40.78452187103925","-73.97947129351718"
"58940821","2023-09-27T15:02:00.000","2023-10-04T08:40:00.000","Catch Basin Clogged/Flooding (Use Comments) (SC)","17-28 149 STREET","149 STREET","17 RD","18 AVE","QUEENS","40.783532523661606","-73.81668503443981"
"58942136","2023-09-27T14:26:00.000","2023-09-28T10:30:00.000","Catch Basin Clogged/Flooding (Use Comments) (SC)","87-51 88 STREET","88 STREET","JAMAICA AVE","88 AVE","QUEENS","40.69193001539413","-73.85602976589821"
"58943375","2023-09-27T14:23:00.000","2023-09-30T21:50:00.000","Catch Basin Clogged/Flooding (Use Comments) (SC)","1624 CROSBY AVENUE","CROSBY AVENUE","DANIEL ST","ROBERTS AVE","BRONX","40.84467902094055","-73.83070990019313"
"58935748","2023-09-27T13:53:00.000","2023-09-28T14:10:00.000","Catch Basin Clogged/Flooding (Use Comments) (SC)","299 HOWE AVENUE","HOWE AVENUE","HART ST","BARRETT AVE","BRONX","40.81270196088124","-73.84764385567698"
"58939550","2023-09-27T13:05:00.000","2023-09-27T13:15:00.000","Catch Basin Clogged/Flooding (Use Comments) (SC)",,,,,"BROOKLYN","40.61897658771476","-73.95122070708446"
"58939551","2023-09-27T11:47:00.000","2023-10-01T12:40:00.000","Catch Basin Clogged/Flooding (Use Comments) (SC)","737 EAST  217 STREET","EAST  217 STREET","WHITE PLAINS RD","BARNES AVE","BRONX","40.881799355498174","-73.86241005837549"
"58943377","2023-09-27T11:32:00.000","2023-09-28T11:15:00.000","Catch Basin Clogged/Flooding (Use Comments) (SC)","137-22 97 AVENUE","97 AVENUE","VAN WYCK EXPRESSWAY SR E","REMINGTON ST","QUEENS","40.69533852391481","-73.81192210787799"
"58938226","2023-09-27T11:32:00.000","2023-10-01T09:05:00.000","Catch Basin Clogged/Flooding (Use Comments) (SC)","1705 PELHAM PARKWAY NORTH","PELHAM PARKWAY NORTH","LODOVICK AVE","STILLWELL AVE","BRONX","40.8573496354864","-73.83715209703816"
"58938227","2023-09-27T10:26:00.000","2023-10-02T01:55:00.000","Catch Basin Clogged/Flooding (Use Comments) (SC)","98-08 164 AVENUE","164 AVENUE","98 ST","99 ST","QUEENS","40.651501129390034","-73.83294073971443"
"58939552","2023-09-27T10:14:00.000","2023-09-28T08:30:00.000","Catch Basin Clogged/Flooding (Use Comments) (SC)","1150 BEDFORD AVENUE","BEDFORD AVENUE","MONROE ST","MADISON ST","BROOKLYN","40.68493769657824","-73.9542372482024"
"58940822","2023-09-27T09:56:00.000","2023-09-27T14:00:00.000","Catch Basin Clogged/Flooding (Use Comments) (SC)","187-05 HILLSIDE AVENUE","HILLSIDE AVENUE","CHELSEA ST","187 ST","QUEENS","40.71466773795424","-73.77546314128072"
"58936975","2023-09-27T09:26:00.000","2023-09-29T08:15:00.000","Catch Basin Clogged/Flooding (Use Comments) (SC)","302 BEMENT AVENUE","BEMENT AVENUE","CASTLETON AVE","OLIVIA CT","STATEN ISLAND","40.63458295667767","-74.11223088587653"
"58940823","2023-09-27T08:47:00.000","2023-09-27T10:20:00.000","Catch Basin Clogged/Flooding (Use Comments) (SC)",,,,,"QUEENS","40.74162587291158","-73.87917690239692"
"58939547","2023-09-27T08:41:00.000","2023-09-27T08:51:00.000","Catch Basin Clogged/Flooding (Use Comments) (SC)","2996 HOLLAND AVENUE","HOLLAND AVENUE","WILLIAMSBRIDGE RD","ADEE AVE","BRONX","40.86955314385188","-73.86525922168619"
"58926822","2023-09-26T19:32:00.000","2023-09-27T06:55:00.000","Catch Basin Clogged/Flooding (Use Comments) (SC)",,,,,"BROOKLYN","40.66618076951064","-73.90596977435693"
"58925608","2023-09-26T19:11:00.000","2023-09-27T08:30:00.000","Catch Basin Clogged/Flooding (Use Comments) (SC)","11 WEST    9 STREET","WEST    9 STREET","5 AVE","BEND","MANHATTAN","40.733128315210365","-73.99656134250151"
"58925609","2023-09-26T18:53:00.000","2023-09-27T12:35:00.000","Catch Basin Clogged/Flooding (Use Comments) (SC)","204-01 33 AVENUE","33 AVENUE","204 ST","205 ST","QUEENS","40.76911411392952","-73.78478524677593"
"58931942","2023-09-26T16:41:00.000","2023-09-27T09:25:00.000","Catch Basin Clogged/Flooding (Use Comments) (SC)",,,,,"QUEENS","40.78164953207379","-73.8366945016287"
"58930664","2023-09-26T16:38:00.000","2023-10-02T09:20:00.000","Catch Basin Clogged/Flooding (Use Comments) (SC)",,,,,"QUEENS","40.781693293707335","-73.84050387571934"
"58934506","2023-09-26T16:32:00.000","2023-09-27T10:00:00.000","Catch Basin Clogged/Flooding (Use Comments) (SC)",,,,,"QUEENS","40.78169179980607","-73.84141021083116"
"58926823","2023-09-26T16:14:00.000","2023-09-26T16:25:00.000","Catch Basin Clogged/Flooding (Use Comments) (SC)","3003 OCEAN PARKWAY","OCEAN PARKWAY","OCEAN VIEW AVE","BRIGHTON BEACH AVE","BROOKLYN","40.5769816845369","-73.96836487319754"
"58925607","2023-09-26T13:44:00.000","2023-09-28T13:35:00.000","Catch Basin Clogged/Flooding (Use Comments) (SC)","497 10 AVENUE","10 AVENUE","W 37 ST","W 38 ST","MANHATTAN","40.75695825376582","-73.99742279139028"
"58931938","2023-09-26T13:35:00.000","2023-10-01T11:30:00.000","Catch Basin Clogged/Flooding (Use Comments) (SC)",,,,,"MANHATTAN","40.76296633054511","-73.9739692885707"
"58929330","2023-09-26T13:20:00.000","2023-09-27T11:00:00.000","Catch Basin Clogged/Flooding (Use Comments) (SC)","3003 OCEAN PARKWAY","OCEAN PARKWAY","OCEAN VIEW AVE","BRIGHTON BEACH AVE","BROOKLYN","40.5769816845369","-73.96836487319754"
"58926819","2023-09-26T13:14:00.000","2023-09-27T14:00:00.000","Catch Basin Clogged/Flooding (Use Comments) (SC)","54-20 39 AVENUE","39 AVENUE","54 ST","55 ST","QUEENS","40.74875094508232","-73.90864666755687"
"58926820","2023-09-26T12:23:00.000","2023-09-28T11:30:00.000","Catch Basin Clogged/Flooding (Use Comments) (SC)","108-56 67 DRIVE","67 DRIVE","108 ST","110 ST","QUEENS","40.72773684517456","-73.84645265380573"
"58933212","2023-09-26T12:08:00.000","2023-10-05T09:20:00.000","Catch Basin Clogged/Flooding (Use Comments) (SC)",,,,,"BROOKLYN","40.671554389042974","-73.98771445346078"
"58933213","2023-09-26T11:59:00.000","2023-09-27T07:15:00.000","Catch Basin Clogged/Flooding (Use Comments) (SC)",,,,,"BROOKLYN","40.677700264292625","-73.87403626339255"
"58931939","2023-09-26T11:47:00.000","2023-09-27T11:40:00.000","Catch Basin Clogged/Flooding (Use Comments) (SC)",,,,,"BROOKLYN","40.6432680389921","-73.97832563501309"
"58928046","2023-09-26T11:26:00.000","2023-10-01T08:30:00.000","Catch Basin Clogged/Flooding (Use Comments) (SC)","118-02 230 STREET","230 STREET","118 AVE","119 AVE","QUEENS","40.6906521106712","-73.7323590298918"
"58928047","2023-09-26T11:08:00.000","2023-09-27T09:00:00.000","Catch Basin Clogged/Flooding (Use Comments) (SC)","69-67 GRAND AVENUE","GRAND AVENUE","69 LN","69 LN","QUEENS","40.72710919266935","-73.8934148274256"
"58929329","2023-09-26T09:44:00.000","2023-09-26T15:35:00.000","Catch Basin Clogged/Flooding (Use Comments) (SC)",,,,,"QUEENS","40.698896018574146","-73.78540141203314"
"58926821","2023-09-26T08:56:00.000","2023-09-27T10:00:00.000","Catch Basin Clogged/Flooding (Use Comments) (SC)","119-45 UNION TURNPIKE","UNION TURNPIKE","KEW FOREST LN","KEW GARDENS RD","QUEENS","40.71390827080742","-73.83235145899292"
"58933214","2023-09-26T08:14:00.000","2023-09-26T10:45:00.000","Catch Basin Clogged/Flooding (Use Comments) (SC)",,,,,"QUEENS","40.755675421222385","-73.72870846571635"
"58933215","2023-09-26T07:44:00.000","2023-10-03T10:50:00.000","Catch Basin Clogged/Flooding (Use Comments) (SC)","2273 WESTCHESTER AVENUE","WESTCHESTER AVENUE",,"DORIS ST","BRONX","40.835056452039105","-73.84877436965179"
"58929331","2023-09-26T06:59:00.000","2023-09-26T10:25:00.000","Catch Basin Clogged/Flooding (Use Comments) (SC)","3602 MERMAID AVENUE","MERMAID AVENUE","W 36 ST","W 37 ST","BROOKLYN","40.574724306133795","-74.00190783456927"
"58931941","2023-09-26T06:02:00.000","2023-09-27T07:30:00.000","Catch Basin Clogged/Flooding (Use Comments) (SC)","328 ETNA STREET","ETNA STREET","HEMLOCK ST","AUTUMN AVE","BROOKLYN","40.687290756566235","-73.8717753583883"
"58922249","2023-09-25T23:14:00.000","2023-10-01T13:05:00.000","Catch Basin Clogged/Flooding (Use Comments) (SC)",,,,,"BRONX","40.903481086856935","-73.85034060870207"
"58919900","2023-09-25T22:47:00.000","2023-09-27T11:15:00.000","Catch Basin Clogged/Flooding (Use Comments) (SC)","205 BOND STREET","BOND STREET","WARREN ST","BALTIC ST","BROOKLYN","40.68316200420661","-73.98739502730803"
"58916602","2023-09-25T19:26:00.000","2023-09-26T17:20:00.000","Catch Basin Clogged/Flooding (Use Comments) (SC)","89-02 102 ROAD","102 ROAD","89 ST","90 ST","QUEENS","40.681514562426116","-73.85033399663497"
"58916603","2023-09-25T18:59:00.000","2023-09-26T12:45:00.000","Catch Basin Clogged/Flooding (Use Comments) (SC)","82-01 164 PLACE","164 PLACE","GOETHALS AVE","82 RD","QUEENS","40.71929029529797","-73.80262652053008"
"58917740","2023-09-25T18:50:00.000","2023-09-28T09:25:00.000","Catch Basin Clogged/Flooding (Use Comments) (SC)","2060 WHITE PLAINS ROAD","WHITE PLAINS ROAD","BRONXDALE AVE","BRADY AVE","BRONX","40.85212444644305","-73.8677706004667"
"58918837","2023-09-25T17:41:00.000","2023-09-26T15:40:00.000","Catch Basin Clogged/Flooding (Use Comments) (SC)",,,,,"BROOKLYN","40.66878470987126","-73.94781743057193"
"58919901","2023-09-25T17:35:00.000","2023-09-26T10:05:00.000","Catch Basin Clogged/Flooding (Use Comments) (SC)","104-71 107 STREET","107 STREET","LIBERTY AVE","107 AVE","QUEENS","40.682958467705745","-73.8344159191219"
"58923356","2023-09-25T17:35:00.000","2023-10-10T12:00:00.000","Catch Basin Clogged/Flooding (Use Comments) (SC)","1605 BROADWAY","BROADWAY","W 48 ST","W 49 ST","MANHATTAN","40.7605364056214","-73.98464420946254"
"58917741","2023-09-25T16:20:00.000","2023-09-28T16:55:00.000","Catch Basin Clogged/Flooding (Use Comments) (SC)","103 SEELEY STREET","SEELEY STREET","19 ST","PROSPECT EXPY","BROOKLYN","40.65379703300866","-73.97835104595576"
"58918838","2023-09-25T16:02:00.000","2023-09-26T06:55:00.000","Catch Basin Clogged/Flooding (Use Comments) (SC)","4301 AVENUE K","AVENUE K","E 43 ST","TROY AVE","BROOKLYN","40.62590426931663","-73.9343309655735"
"58923357","2023-09-25T15:56:00.000","2023-09-26T11:55:00.000","Catch Basin Clogged/Flooding (Use Comments) (SC)","438 GREENE AVENUE","GREENE AVENUE","BEDFORD AVE","NOSTRAND AVE","BROOKLYN","40.68816510566364","-73.95313886623468"
"58922246","2023-09-25T15:20:00.000","2023-09-27T13:05:00.000","Catch Basin Clogged/Flooding (Use Comments) (SC)","130-49 220 STREET","220 STREET","130 RD","130 DR","QUEENS","40.68316942596382","-73.74673197057135"
"58921069","2023-09-25T13:44:00.000","2023-09-26T13:00:00.000","Catch Basin Clogged/Flooding (Use Comments) (SC)","302 EAST   19 STREET","EAST   19 STREET","2 AVE","1 AVE","MANHATTAN","40.73535852817624","-73.98254272622502"
"58924465","2023-09-25T13:32:00.000","2023-09-28T16:20:00.000","Catch Basin Clogged/Flooding (Use Comments) (SC)",,,,,"BROOKLYN","40.62770164762666","-73.99972980910859"
"58921070","2023-09-25T13:08:00.000","2023-09-26T14:25:00.000","Catch Basin Clogged/Flooding (Use Comments) (SC)","37-03 112 STREET","112 STREET","37 AVE","38 AVE","QUEENS","40.75427139446839","-73.85571816789276"
"58924466","2023-09-25T11:59:00.000","2023-09-26T12:40:00.000","Catch Basin Clogged/Flooding (Use Comments) (SC)","454 STATE STREET","STATE STREET","NEVINS ST","3 AVE","BROOKLYN","40.68658125523947","-73.98189204259978"
"58924467","2023-09-25T11:29:00.000","2023-09-26T13:50:00.000","Catch Basin Clogged/Flooding (Use Comments) (SC)","147-74 231 STREET","231 STREET","147 AVE","148 AVE","QUEENS","40.656378392383154","-73.75088830420204"
"58916604","2023-09-25T11:14:00.000","2023-10-01T10:15:00.000","Catch Basin Clogged/Flooding (Use Comments) (SC)","609 MADISON AVENUE","MADISON AVENUE","E 57 ST","E 58 ST","MANHATTAN","40.76279843379435","-73.97197671558695"
"58921071","2023-09-25T11:08:00.000","2023-09-25T11:30:00.000","Catch Basin Clogged/Flooding (Use Comments) (SC)","129-02 NORTHERN BOULEVARD","NORTHERN BOULEVARD","WILLETS POINT BLVD","VAN WYCK EP SB EN NORTHERN BLVD","QUEENS","40.76176557594917","-73.83986934296057"
"58919902","2023-09-25T10:59:00.000","2023-09-25T14:05:00.000","Catch Basin Clogged/Flooding (Use Comments) (SC)","1679 EAST   35 STREET","EAST   35 STREET","AVENUE P","QUENTIN RD","BROOKLYN","40.61464720174061","-73.9380627421616"
"58923358","2023-09-25T10:50:00.000","2023-09-28T08:35:00.000","Catch Basin Clogged/Flooding (Use Comments) (SC)","2280 WEBSTER AVENUE","WEBSTER AVENUE","FORD ST","E 183 ST","BRONX","40.85611913210435","-73.8956517714004"
"58918839","2023-09-25T10:17:00.000","2023-09-27T10:00:00.000","Catch Basin Clogged/Flooding (Use Comments) (SC)","73 BARB STREET","BARB STREET","ANNADALE RD","POSEN ST","STATEN ISLAND","40.54132212393183","-74.1761563445759"
"58917742","2023-09-25T10:14:00.000","2023-09-25T12:00:00.000","Catch Basin Clogged/Flooding (Use Comments) (SC)","85-01 24 AVENUE","24 AVENUE","85 ST","86 ST","QUEENS","40.765183720704144","-73.88419897484427"
"58922247","2023-09-25T09:41:00.000","2023-09-26T14:05:00.000","Catch Basin Clogged/Flooding (Use Comments) (SC)","236-01 148 DRIVE","148 DRIVE","236 ST","BROOKVILLE BLVD","QUEENS","40.65336465862854","-73.7471370380578"
"58918840","2023-09-25T09:23:00.000","2023-09-27T10:20:00.000","Catch Basin Clogged/Flooding (Use Comments) (SC)","32 NARROWS ROAD SOUTH","NARROWS ROAD SOUTH","FINGERBOARD RD","GRASMERE DR","STATEN ISLAND","40.60412417078579","-74.07056695201055"
"58922248","2023-09-25T09:23:00.000","2023-09-26T11:00:00.000","Catch Basin Clogged/Flooding (Use Comments) (SC)","191 MOFFAT STREET","MOFFAT STREET","CENTRAL AVE","WILSON AVE","BROOKLYN","40.68800722167402","-73.90596423590031"
"58923359","2023-09-25T09:20:00.000","2023-09-27T08:20:00.000","Catch Basin Clogged/Flooding (Use Comments) (SC)",,,,,"STATEN ISLAND","40.628941225959345","-74.11618787789031"
"58924468","2023-09-25T09:17:00.000","2023-10-01T12:00:00.000","Catch Basin Clogged/Flooding (Use Comments) (SC)","230 PARK AVENUE","PARK AVENUE","E 45 ST","E 46 ST","MANHATTAN","40.75450745921105","-73.97595054706579"
"58917743","2023-09-25T09:11:00.000","2023-09-29T10:25:00.000","Catch Basin Clogged/Flooding (Use Comments) (SC)",,,,,"QUEENS","40.741372350966614","-73.79196234913009"
"58921072","2023-09-25T08:53:00.000","2023-10-01T13:10:00.000","Catch Basin Clogged/Flooding (Use Comments) (SC)",,,,,"BRONX","40.884300108955635","-73.90331058198618"
"58923360","2023-09-25T08:05:00.000","2023-09-25T10:05:00.000","Catch Basin Clogged/Flooding (Use Comments) (SC)","31-32 97 STREET","97 STREET","JACKSON MILL RD","32 AVE","QUEENS","40.75977175072569","-73.87186684750607"
"58917744","2023-09-25T07:47:00.000","2023-09-30T17:55:00.000","Catch Basin Clogged/Flooding (Use Comments) (SC)","765 GARDEN STREET","GARDEN STREET","PROSPECT AVE","CROTONA PKWY","BRONX","40.84999318032301","-73.88437664013274"
"58914095","2023-09-24T21:38:00.000","2023-09-25T09:30:00.000","Catch Basin Clogged/Flooding (Use Comments) (SC)","318 WEST  142 STREET","WEST  142 STREET","FREDERICK DOUGLASS BLVD","BRADHURST AVE","MANHATTAN","40.82106420380565","-73.94368396152345"
"58914870","2023-09-24T20:50:00.000","2023-09-25T10:40:00.000","Catch Basin Clogged/Flooding (Use Comments) (SC)","21-02 28 AVENUE","28 AVENUE","21 ST","23 ST","QUEENS","40.771023663843785","-73.92659901833278"
"58909964","2023-09-24T20:23:00.000","2023-09-25T11:30:00.000","Catch Basin Clogged/Flooding (Use Comments) (SC)",,,,,"MANHATTAN","40.810941423799704","-73.94317233205285"
"58911568","2023-09-24T20:11:00.000","2023-09-25T07:25:00.000","Catch Basin Clogged/Flooding (Use Comments) (SC)","8202 15 AVENUE","15 AVENUE","82 ST","83 ST","BROOKLYN","40.61361514995847","-74.00722878253194"
"58912396","2023-09-24T20:02:00.000","2023-09-25T15:45:00.000","Catch Basin Clogged/Flooding (Use Comments) (SC)","116-50 146 STREET","146 STREET","116 AVE","FOCH BLVD","QUEENS","40.6809271098971","-73.79506770944732"
"58909965","2023-09-24T19:53:00.000","2023-09-25T09:00:00.000","Catch Basin Clogged/Flooding (Use Comments) (SC)","73 ELLWOOD STREET","ELLWOOD STREET","W 196 ST","BROADWAY","MANHATTAN","40.861068433280565","-73.92894350427429"
"58914871","2023-09-24T19:02:00.000","2023-09-26T13:50:00.000","Catch Basin Clogged/Flooding (Use Comments) (SC)","1 SEAFOAM STREET","SEAFOAM STREET","DUSTAN ST","CEDAR GROVE AVE","STATEN ISLAND","40.56434908273866","-74.10030054351164"
"58915716","2023-09-24T17:50:00.000","2023-09-25T07:05:00.000","Catch Basin Clogged/Flooding (Use Comments) (SC)",,,,,"BROOKLYN","40.60789836630235","-73.93422982835123"
"58911569","2023-09-24T16:35:00.000","2023-09-25T11:05:00.000","Catch Basin Clogged/Flooding (Use Comments) (SC)","1297 CONEY ISLAND AVENUE","CONEY ISLAND AVENUE","AVENUE I","AVENUE J","BROOKLYN","40.62597820039318","-73.965391240886"
"58915717","2023-09-24T15:23:00.000","2023-09-25T10:10:00.000","Catch Basin Clogged/Flooding (Use Comments) (SC)","855 KNICKERBOCKER AVENUE","KNICKERBOCKER AVENUE","SCHAEFER ST","DECATUR ST","BROOKLYN","40.691564152074115","-73.90560583165338"
"58912397","2023-09-24T14:14:00.000","2023-09-26T16:30:00.000","Catch Basin Clogged/Flooding (Use Comments) (SC)",,,,,"BROOKLYN","40.64951245053694","-73.93983223746486"
"58914872","2023-09-24T14:14:00.000","2023-09-25T06:40:00.000","Catch Basin Clogged/Flooding (Use Comments) (SC)",,,,,"BROOKLYN","40.617561103574744","-73.91492799945173"
"58912398","2023-09-24T13:53:00.000","2023-09-26T16:45:00.000","Catch Basin Clogged/Flooding (Use Comments) (SC)","848 UTICA AVENUE","UTICA AVENUE","LINDEN BLVD","CHURCH AVE","BROOKLYN","40.65255114306411","-73.93048101141889"
"58912399","2023-09-24T13:32:00.000","2023-09-29T10:10:00.000","Catch Basin Clogged/Flooding (Use Comments) (SC)","25-04 MURRAY STREET","MURRAY STREET","25 AVE","25 DR","QUEENS","40.775429320007746","-73.8128187840628"
"58914096","2023-09-24T13:20:00.000","2023-09-28T09:45:00.000","Catch Basin Clogged/Flooding (Use Comments) (SC)","333 BEACH   30 STREET","BEACH   30 STREET","SEAGIRT BLVD","DEERFIELD RD","QUEENS","40.59683666767937","-73.76315903438085"
"58914097","2023-09-24T13:11:00.000","2023-10-04T14:10:00.000","Catch Basin Clogged/Flooding (Use Comments) (SC)","17-55 FRANCIS LEWIS BOULEVARD","FRANCIS LEWIS BOULEVARD","17 RD","18 AVE","QUEENS","40.78236974842216","-73.80394890328664"
"58911565","2023-09-24T10:44:00.000","2023-10-10T12:30:00.000","Catch Basin Clogged/Flooding (Use Comments) (SC)","64-02 FLUSHING AVENUE","FLUSHING AVENUE","64 ST","65 ST","QUEENS","40.72270544738495","-73.90136238102869"
"58911566","2023-09-24T09:23:00.000","2023-09-27T11:50:00.000","Catch Basin Clogged/Flooding (Use Comments) (SC)","60-11 60 STREET","60 STREET","60 AVE","60 RD","QUEENS","40.71612198058589","-73.90609772168389"
"58911567","2023-09-24T09:11:00.000","2023-09-24T12:10:00.000","Catch Basin Clogged/Flooding (Use Comments) (SC)","252-60 LEITH ROAD","LEITH ROAD","BEND","BRATTLE AVE","QUEENS","40.76754705037021","-73.73011498800358"
"58913242","2023-09-24T09:08:00.000","2023-09-26T07:05:00.000","Catch Basin Clogged/Flooding (Use Comments) (SC)",,,,,"QUEENS","40.69383993378695","-73.78092084179708"
"58913243","2023-09-24T08:53:00.000","2023-09-24T10:20:00.000","Catch Basin Clogged/Flooding (Use Comments) (SC)","35-27 208 STREET","208 STREET","35 AVE","36 AVE","QUEENS","40.76701879379458","-73.77985702158203"
"58914094","2023-09-24T08:44:00.000","2023-09-24T09:45:00.000","Catch Basin Clogged/Flooding (Use Comments) (SC)",,,,,"QUEENS","40.723052073936515","-73.80347401431737"
"58908337","2023-09-23T21:47:00.000","2023-09-24T09:10:00.000","Catch Basin Clogged/Flooding (Use Comments) (SC)","618 EAST   89 STREET","EAST   89 STREET","FARRAGUT RD","BAY VIEW PL","BROOKLYN","40.64233154878914","-73.90964275325148"
"58906180","2023-09-23T18:17:00.000","2023-09-24T08:55:00.000","Catch Basin Clogged/Flooding (Use Comments) (SC)","2702 FORD STREET","FORD STREET","VOORHIES AVE","SHORE PKWY","BROOKLYN","40.58751626693339","-73.93560004384337"
"58909407","2023-09-23T18:14:00.000","2023-09-24T09:25:00.000","Catch Basin Clogged/Flooding (Use Comments) (SC)","8202 15 AVENUE","15 AVENUE","82 ST","83 ST","BROOKLYN","40.61361514995847","-74.00722878253194"
"58908338","2023-09-23T17:44:00.000","2023-09-23T20:30:00.000","Catch Basin Clogged/Flooding (Use Comments) (SC)","721 ALABAMA AVENUE","ALABAMA AVENUE","HEGEMAN AVE","LINDEN BLVD","BROOKLYN","40.65851225453882","-73.89381636984908"
"58906747","2023-09-23T16:53:00.000","2023-09-29T07:55:00.000","Catch Basin Clogged/Flooding (Use Comments) (SC)","89-10 ROCKAWAY BOULEVARD","ROCKAWAY BOULEVARD","102 AVE","90 ST","QUEENS","40.68214048686984","-73.85042272912627"
"58908339","2023-09-23T16:41:00.000","2023-09-26T14:40:00.000","Catch Basin Clogged/Flooding (Use Comments) (SC)","80-63 256 STREET","256 STREET","80 AVE","81 AVE","QUEENS","40.74296801769624","-73.71429976374951"
"58905605","2023-09-23T16:35:00.000","2023-09-25T09:55:00.000","Catch Basin Clogged/Flooding (Use Comments) (SC)","117-33 MYRTLE AVENUE","MYRTLE AVENUE","117 ST","JAMAICA AVE","QUEENS","40.699999224337766","-73.83145957612273"
"58908860","2023-09-23T15:32:00.000","2023-09-23T15:32:00.000","Catch Basin Clogged/Flooding (Use Comments) (SC)","513 6 AVENUE","6 AVENUE","12 ST","13 ST","BROOKLYN","40.665823071404766","-73.98577623204021"
"58905606","2023-09-23T13:26:00.000","2023-09-25T08:21:00.000","Catch Basin Clogged/Flooding (Use Comments) (SC)","1478 WESTCHESTER AVENUE","WESTCHESTER AVENUE","COLGATE AVE","EVERGREEN AVE","BRONX","40.828413760678465","-73.88118735891612"
"58909404","2023-09-23T12:53:00.000","2023-09-23T16:00:00.000","Catch Basin Clogged/Flooding (Use Comments) (SC)","33-19 146 STREET","146 STREET","33 AVE","34 AVE","QUEENS","40.76818844952793","-73.82131577293987"
"58906746","2023-09-23T12:20:00.000","2023-09-23T18:30:00.000","Catch Basin Clogged/Flooding (Use Comments) (SC)","51-27 QUEENS BOULEVARD","QUEENS BOULEVARD","51 ST","52 ST","QUEENS","40.74257078357085","-73.91351974769246"
"58907774","2023-09-23T11:47:00.000","2023-09-23T11:53:00.000","Catch Basin Clogged/Flooding (Use Comments) (SC)","147-18 JAMAICA AVENUE","JAMAICA AVENUE","SUTPHIN BLVD","147 PL","QUEENS","40.70175918886076","-73.80733088126024"
"58909405","2023-09-23T11:44:00.000","2023-09-26T08:55:00.000","Catch Basin Clogged/Flooding (Use Comments) (SC)","147-18 JAMAICA AVENUE","JAMAICA AVENUE","SUTPHIN BLVD","147 PL","QUEENS","40.70175918886076","-73.80733088126024"
"58905604","2023-09-23T11:35:00.000","2023-09-26T13:10:00.000","Catch Basin Clogged/Flooding (Use Comments) (SC)","3501 CHURCH AVENUE","CHURCH AVENUE","E 35 ST","BROOKLYN AVE","BROOKLYN","40.65107938573921","-73.94462749324566"
"58907274","2023-09-23T11:26:00.000","2023-09-25T10:55:00.000","Catch Basin Clogged/Flooding (Use Comments) (SC)","95-02 WALTHAM STREET","WALTHAM STREET","95 AVE","97 AVE","QUEENS","40.69791631990191","-73.8072193709554"
"58907776","2023-09-23T10:53:00.000","2023-09-25T11:20:00.000","Catch Basin Clogged/Flooding (Use Comments) (SC)",,,,,"BROOKLYN","40.65601682859571","-73.97475706342017"
"58909406","2023-09-23T10:38:00.000","2023-09-23T16:30:00.000","Catch Basin Clogged/Flooding (Use Comments) (SC)","56-06 218 STREET","218 STREET","LUKE PL","58 AVE","QUEENS","40.75155908804945","-73.76130961638107"
"58907775","2023-09-23T10:14:00.000","2023-09-23T10:15:00.000","Catch Basin Clogged/Flooding (Use Comments) (SC)",,,,,"BROOKLYN","40.65601682859571","-73.97475706342017"
"58909403","2023-09-23T09:02:00.000","2023-09-23T18:50:00.000","Catch Basin Clogged/Flooding (Use Comments) (SC)",,,,,"MANHATTAN","40.767915812897506","-73.96615142268037"
"58891776","2023-09-22T18:41:00.000","2023-09-23T09:40:00.000","Catch Basin Clogged/Flooding (Use Comments) (SC)","158 BEACH  128 STREET","BEACH  128 STREET","OCEAN PROM","ROCKAWAY BEACH BLVD","QUEENS","40.57536576292009","-73.84661214888231"
"58893161","2023-09-22T18:05:00.000","2023-09-23T08:55:00.000","Catch Basin Clogged/Flooding (Use Comments) (SC)","125 ENGERT AVENUE","ENGERT AVENUE","MC GUINNESS BLVD S","HUMBOLDT ST","BROOKLYN","40.72161224632944","-73.94561149436868"
"58894538","2023-09-22T17:29:00.000","2023-09-26T09:50:00.000","Catch Basin Clogged/Flooding (Use Comments) (SC)","419 WILCOX STREET","WILCOX STREET","FRANCESCA LN","AMITY PL","STATEN ISLAND","40.62495661367167","-74.16103444375287"
"58895886","2023-09-22T17:26:00.000","2023-09-23T12:05:00.000","Catch Basin Clogged/Flooding (Use Comments) (SC)","61-83 79 STREET","79 STREET","ELIOT AVE","62 AVE","QUEENS","40.72322472680149","-73.87889639194377"
"58894539","2023-09-22T16:47:00.000","2023-09-25T14:45:00.000","Catch Basin Clogged/Flooding (Use Comments) (SC)",,,,,"STATEN ISLAND","40.5301396555663","-74.18322073694381"
"58901486","2023-09-22T15:56:00.000","2023-09-23T20:06:00.000","Catch Basin Clogged/Flooding (Use Comments) (SC)","33 RIVERSIDE DRIVE","RIVERSIDE DRIVE","WEST END AVE","RIVERSIDE DR","MANHATTAN","40.78243939348743","-73.98442250314518"
"58891775","2023-09-22T15:35:00.000","2023-09-22T17:37:00.000","Catch Basin Clogged/Flooding (Use Comments) (SC)","89-68 209 STREET","209 STREET","89 AVE","90 AVE","QUEENS","40.7198772949322","-73.75525418563852"
"58898684","2023-09-22T15:17:00.000","2023-09-23T09:20:00.000","Catch Basin Clogged/Flooding (Use Comments) (SC)",,,,,"BROOKLYN","40.66615243845605","-73.89540826524888"
"58893165","2023-09-22T15:08:00.000","2023-09-26T13:10:00.000","Catch Basin Clogged/Flooding (Use Comments) (SC)",,,,,"STATEN ISLAND","40.586609448791435","-74.08682553632623"
"58898685","2023-09-22T15:02:00.000","2023-09-23T08:45:00.000","Catch Basin Clogged/Flooding (Use Comments) (SC)","320 BEACH   59 STREET","BEACH   59 STREET","ARVERNE BLVD","BEACH CHANNEL DR","QUEENS","40.59329691705482","-73.78905702769883"
"58891781","2023-09-22T14:47:00.000","2023-09-24T09:05:00.000","Catch Basin Clogged/Flooding (Use Comments) (SC)","68-51 65 PLACE","65 PLACE","68 AVE","CATALPA AVE","QUEENS","40.70526717707707","-73.89133980753247"
"58893166","2023-09-22T14:41:00.000","2023-09-27T07:40:00.000","Catch Basin Clogged/Flooding (Use Comments) (SC)",,,,,"BRONX","40.81289297726823","-73.92011885282989"
"58900107","2023-09-22T13:26:00.000","2023-09-23T18:50:00.000","Catch Basin Clogged/Flooding (Use Comments) (SC)","52 BACHE STREET","BACHE STREET","DERBY CT","DEAD END","STATEN ISLAND","40.62891027039933","-74.13214380177591"
"58891777","2023-09-22T12:32:00.000","2023-09-23T11:15:00.000","Catch Basin Clogged/Flooding (Use Comments) (SC)","1872 80 STREET","80 STREET","18 AVE","19 AVE","BROOKLYN","40.60972323378047","-73.9975869447253"
"58891778","2023-09-22T11:41:00.000","2023-09-23T08:25:00.000","Catch Basin Clogged/Flooding (Use Comments) (SC)","24-20 90 PLACE","90 PLACE","24 AVE","24 RD","QUEENS","40.76509052782671","-73.87898271592462"
"58900108","2023-09-22T11:29:00.000","2023-09-23T13:00:00.000","Catch Basin Clogged/Flooding (Use Comments) (SC)","135-19 135 AVENUE","135 AVENUE","135 ST","135 PL","QUEENS","40.66765380608645","-73.80319386112306"
"58895887","2023-09-22T11:14:00.000","2023-09-27T12:20:00.000","Catch Basin Clogged/Flooding (Use Comments) (SC)",,,,,"BRONX","40.84209807956513","-73.92623146467268"
"58901483","2023-09-22T11:08:00.000","2023-09-22T12:45:00.000","Catch Basin Clogged/Flooding (Use Comments) (SC)",,,,,"QUEENS","40.75307125129423","-73.79237698006892"
"58894540","2023-09-22T11:08:00.000","2023-09-22T11:20:00.000","Catch Basin Clogged/Flooding (Use Comments) (SC)","209-27 33 ROAD","33 ROAD","CORPORAL KENNEDY ST","210 ST","QUEENS","40.77003109255641","-73.77910696166803"
"58893162","2023-09-22T11:05:00.000","2023-09-28T14:20:00.000","Catch Basin Clogged/Flooding (Use Comments) (SC)","3308 COUNTRY CLUB ROAD","COUNTRY CLUB ROAD","REED PL","CAMPBELL DR","BRONX","40.84108395105378","-73.81840939830404"
"58895888","2023-09-22T10:59:00.000","2023-09-23T14:10:00.000","Catch Basin Clogged/Flooding (Use Comments) (SC)","2987 8 AVENUE","8 AVENUE","HARLEM RIVER DRIVE SERVICE RD W","HARLEM RIVER DRIVE SERVICE RD W","MANHATTAN","40.830729904331186","-73.93613432501654"
"58901484","2023-09-22T10:47:00.000","2023-09-23T13:00:00.000","Catch Basin Clogged/Flooding (Use Comments) (SC)","822 OCEAN AVENUE","OCEAN AVENUE","CORTELYOU RD","DORCHESTER RD","BROOKLYN","40.64253012335551","-73.95958847526477"
"58893163","2023-09-22T10:38:00.000","2023-09-25T13:45:00.000","Catch Basin Clogged/Flooding (Use Comments) (SC)","103-15 121 STREET","121 STREET","103 AVE","LIBERTY AVE","QUEENS","40.688161630868734","-73.82273456914011"
"58901485","2023-09-22T10:17:00.000","2023-09-25T09:50:00.000","Catch Basin Clogged/Flooding (Use Comments) (SC)","34 BEMENT AVENUE","BEMENT AVENUE","RICHMOND TER","HOWARD CT","STATEN ISLAND","40.64196776228897","-74.11367742757264"
"58891779","2023-09-22T10:02:00.000","2023-09-26T11:10:00.000","Catch Basin Clogged/Flooding (Use Comments) (SC)",,,,,"QUEENS","40.696282454011325","-73.81344128644734"
"58891780","2023-09-22T09:50:00.000","2023-09-28T14:35:00.000","Catch Basin Clogged/Flooding (Use Comments) (SC)","35 SUTTON PLACE","SUTTON PLACE","E 58 ST","E 59 ST","MANHATTAN","40.75834290421832","-73.95994414642774"
"58895889","2023-09-22T09:20:00.000","2023-09-24T09:40:00.000","Catch Basin Clogged/Flooding (Use Comments) (SC)","1500 MCDONALD AVENUE","MCDONALD AVENUE","AVENUE M","24 AVE","BROOKLYN","40.61606087933646","-73.97438676799274"
"58897280","2023-09-22T09:05:00.000","2023-09-22T15:14:00.000","Catch Basin Clogged/Flooding (Use Comments) (SC)","HAWTREE CREEK ROAD","HAWTREE CREEK ROAD","115 AVENUE","121 STREET","QUEENS",,
"58893164","2023-09-22T09:05:00.000","2023-09-22T10:20:00.000","Catch Basin Clogged/Flooding (Use Comments) (SC)","555 WEST   22 STREET","WEST   22 STREET","HIGH LINE","11 AVE","MANHATTAN","40.74756011752775","-74.00591880373503"
"58894541","2023-09-22T08:50:00.000","2023-09-23T12:25:00.000","Catch Basin Clogged/Flooding (Use Comments) (SC)",,,,,"BROOKLYN","40.62040194766659","-73.96048439959483"
"58889237","2023-09-21T23:29:00.000","2023-09-23T02:00:00.000","Catch Basin Clogged/Flooding (Use Comments) (SC)","139-02 SOUTHGATE PLAZA","SOUTHGATE PLAZA","BEND","BEND","QUEENS","40.67343967153766","-73.75845642658422"
"58881297","2023-09-21T18:05:00.000","2023-09-22T12:30:00.000","Catch Basin Clogged/Flooding (Use Comments) (SC)","89-68 209 STREET","209 STREET","89 AVE","90 AVE","QUEENS","40.7198772949322","-73.75525418563852"
"58881298","2023-09-21T18:02:00.000","2023-09-22T10:00:00.000","Catch Basin Clogged/Flooding (Use Comments) (SC)","147-03 70 ROAD","70 ROAD","147 ST",,"QUEENS","40.72948102729681","-73.82073403366138"
"58889238","2023-09-21T15:26:00.000","2023-09-23T08:15:00.000","Catch Basin Clogged/Flooding (Use Comments) (SC)","731 VANDALIA AVENUE","VANDALIA AVENUE","ERSKINE ST","FOUNTAIN AVE","BROOKLYN","40.65810373581764","-73.86776953626357"
"58889239","2023-09-21T14:47:00.000","2023-09-22T11:15:00.000","Catch Basin Clogged/Flooding (Use Comments) (SC)","82-01 164 PLACE","164 PLACE","GOETHALS AVE","82 RD","QUEENS","40.71929029529797","-73.80262652053008"
"58881294","2023-09-21T13:50:00.000","2023-09-23T09:12:00.000","Catch Basin Clogged/Flooding (Use Comments) (SC)","564 CASTLETON AVENUE","CASTLETON AVENUE","HART BLVD","HUNTER PL","STATEN ISLAND","40.63441752599689","-74.10120209879267"
"58883933","2023-09-21T13:47:00.000","2023-09-25T10:20:00.000","Catch Basin Clogged/Flooding (Use Comments) (SC)","355 BARD AVENUE","BARD AVENUE","ST AUSTINS PL S","CASTLETON AVE","STATEN ISLAND","40.63547754894049","-74.10668381996923"
"58886562","2023-09-21T13:44:00.000","2023-09-29T09:30:00.000","Catch Basin Clogged/Flooding (Use Comments) (SC)",,,,,"BRONX","40.87573079672607","-73.87955878101806"
"58890480","2023-09-21T12:41:00.000","2023-09-23T08:20:00.000","Catch Basin Clogged/Flooding (Use Comments) (SC)","88-21 JUSTICE AVENUE","JUSTICE AVENUE","54 AVE","55 AVE","QUEENS","40.73685647385833","-73.87495644695976"
"58890481","2023-09-21T12:23:00.000","2023-09-26T10:30:00.000","Catch Basin Clogged/Flooding (Use Comments) (SC)",,,,,"STATEN ISLAND","40.5951044383297","-74.07540047941484"
"58889236","2023-09-21T12:11:00.000","2023-10-01T13:35:00.000","Catch Basin Clogged/Flooding (Use Comments) (SC)",,,,,"BRONX","40.90631295039103","-73.89750478707354"
"58883934","2023-09-21T11:56:00.000","2023-09-22T08:20:00.000","Catch Basin Clogged/Flooding (Use Comments) (SC)","728 FRANKLIN AVENUE","FRANKLIN AVENUE","PARK PL","STERLING PL","BROOKLYN","40.67365221569818","-73.95690189725946"
"58881295","2023-09-21T11:50:00.000","2023-09-24T15:05:00.000","Catch Basin Clogged/Flooding (Use Comments) (SC)","1454 EDWARDS AVENUE","EDWARDS AVENUE","ELLISON AVE","BALCOM AVE","BRONX","40.839023623720045","-73.83744632185002"
"58890482","2023-09-21T10:32:00.000","2023-09-21T13:45:00.000","Catch Basin Clogged/Flooding (Use Comments) (SC)",,,,,"QUEENS","40.79714341431061","-73.82000284392701"
"58890483","2023-09-21T10:20:00.000","2023-09-28T13:40:00.000","Catch Basin Clogged/Flooding (Use Comments) (SC)","2714 MICKLE AVENUE","MICKLE AVENUE","ALLERTON AVE","E GUN HILL RD","BRONX","40.86568752756436","-73.8407145835561"
"58887903","2023-09-21T10:20:00.000","2023-09-21T11:00:00.000","Catch Basin Clogged/Flooding (Use Comments) (SC)","33-78 11 STREET","11 STREET","33 RD","34 AVE","QUEENS","40.76516730619392","-73.9374642979462"
"58881296","2023-09-21T09:08:00.000","2023-09-26T10:00:00.000","Catch Basin Clogged/Flooding (Use Comments) (SC)",,,,,"QUEENS","40.652932477531984","-73.73203823629436"
"58887904","2023-09-21T05:59:00.000","2023-09-23T13:45:00.000","Catch Basin Clogged/Flooding (Use Comments) (SC)","2040 STORY AVENUE","STORY AVENUE","PUGSLEY AVE","OLMSTEAD AVE","BRONX","40.82480383057247","-73.85431505918893"
"58874691","2023-09-20T18:23:00.000","2023-09-21T11:05:00.000","Catch Basin Clogged/Flooding (Use Comments) (SC)","2302 AVENUE X","AVENUE X","E 23 ST","E 24 ST","BROOKLYN","40.59308036225047","-73.94710964657534"
"58878608","2023-09-20T17:59:00.000","2023-09-22T11:30:00.000","Catch Basin Clogged/Flooding (Use Comments) (SC)","109-14 164 PLACE","164 PLACE","109 AVE","110 AVE","QUEENS","40.695258880363916","-73.78819711011934"
"58872053","2023-09-20T16:14:00.000","2023-09-23T10:00:00.000","Catch Basin Clogged/Flooding (Use Comments) (SC)","502 MORRIS AVENUE","MORRIS AVENUE","E 144 ST","E 148 ST","BRONX","40.8164056297733","-73.92329025398072"
"58872054","2023-09-20T13:56:00.000","2023-09-21T13:30:00.000","Catch Basin Clogged/Flooding (Use Comments) (SC)","59-04 FRESH POND ROAD","FRESH POND ROAD","59 AVE","59 RD","QUEENS","40.71923700575479","-73.90246058527876"
"58874692","2023-09-20T13:50:00.000","2023-09-21T10:00:00.000","Catch Basin Clogged/Flooding (Use Comments) (SC)",,,,,"BROOKLYN","40.700791057622475","-73.96049806106254"
"58873366","2023-09-20T12:47:00.000","2023-09-22T09:20:00.000","Catch Basin Clogged/Flooding (Use Comments) (SC)","420 BEACH   69 STREET","BEACH   69 STREET","BEACH CHANNEL DR","GOUVERNEUR AVE","QUEENS","40.59326387869615","-73.79817049689096"
"58870753","2023-09-20T12:41:00.000","2023-09-21T09:00:00.000","Catch Basin Clogged/Flooding (Use Comments) (SC)","122-20 LIBERTY AVENUE","LIBERTY AVENUE","123 ST","123 ST","QUEENS","40.68741801661239","-73.82110312812424"
"58879955","2023-09-20T12:29:00.000",,"Catch Basin Clogged/Flooding (Use Comments) (SC)","699 MANHATTAN AVENUE","MANHATTAN AVENUE","NORMAN AVE","MESEROLE AVE","BROOKLYN","40.72568277242371","-73.95188942607703"
"58873367","2023-09-20T11:56:00.000","2023-09-22T10:50:00.000","Catch Basin Clogged/Flooding (Use Comments) (SC)","1401 CROPSEY AVENUE","CROPSEY AVENUE","14 AVE","BAY 7 ST","BROOKLYN","40.607597545588604","-74.01689805211856"
"58873368","2023-09-20T11:50:00.000","2023-09-21T10:15:00.000","Catch Basin Clogged/Flooding (Use Comments) (SC)","150-55 129 STREET","129 STREET","OLD SOUTH RD","152 AVE","QUEENS","40.66380714690015","-73.81232100074236"
"58879956","2023-09-20T11:47:00.000","2023-09-25T14:15:00.000","Catch Basin Clogged/Flooding (Use Comments) (SC)","152 BARCLAY AVENUE","BARCLAY AVENUE","MOSELY AVE","SUMMIT PL","STATEN ISLAND","40.53905963837945","-74.17485518222908"
"58874693","2023-09-20T10:56:00.000","2023-09-21T17:55:00.000","Catch Basin Clogged/Flooding (Use Comments) (SC)",,,,,"QUEENS","40.72829431585703","-73.84461851095112"
"58873369","2023-09-20T10:32:00.000",,"Catch Basin Clogged/Flooding (Use Comments) (SC)","44 AUTUMN AVENUE","AUTUMN AVENUE","JAMAICA AVE","ETNA ST","BROOKLYN","40.68914588550686","-73.87147250381778"
"58877308","2023-09-20T10:29:00.000","2023-09-27T08:15:00.000","Catch Basin Clogged/Flooding (Use Comments) (SC)","1639 WEBSTER AVENUE","WEBSTER AVENUE","E MT EDEN AVE","E 173 ST","BRONX","40.84221349278388","-73.90403314501256"
"58876030","2023-09-20T10:11:00.000","2023-09-24T12:00:00.000","Catch Basin Clogged/Flooding (Use Comments) (SC)","3617 EAST TREMONT AVENUE","EAST TREMONT AVENUE","SULLIVAN PL","SCOTT PL","BRONX","40.82867053694386","-73.82433317304022"
"58879957","2023-09-20T10:08:00.000","2023-09-24T11:35:00.000","Catch Basin Clogged/Flooding (Use Comments) (SC)","3587 EAST TREMONT AVENUE","EAST TREMONT AVENUE","LAFAYETTE AVE","SULLIVAN PL","BRONX","40.82927248538536","-73.82489528451474"
"58873370","2023-09-20T09:53:00.000","2023-09-25T13:45:00.000","Catch Basin Clogged/Flooding (Use Comments) (SC)","149 GREAVES AVENUE","GREAVES AVENUE","GREAVES CT","GIBSON AVE","STATEN ISLAND","40.55712958257699","-74.1468286564211"
"58870754","2023-09-20T09:23:00.000","2023-09-26T07:45:00.000","Catch Basin Clogged/Flooding (Use Comments) (SC)",,,,,"QUEENS","40.698896018574146","-73.78540141203314"
"58873371","2023-09-20T08:53:00.000","2023-09-25T09:00:00.000","Catch Basin Clogged/Flooding (Use Comments) (SC)","323 DIXON AVENUE","DIXON AVENUE","LAKE AVE","SIMONSON AVE","STATEN ISLAND","40.62877526360329","-74.15251267972972"
"58872055","2023-09-20T08:50:00.000","2023-09-25T08:30:00.000","Catch Basin Clogged/Flooding (Use Comments) (SC)","300 LAKE AVENUE","LAKE AVENUE","WALKER ST","DIXON AVE","STATEN ISLAND","40.6288010913374","-74.15166252279211"
"58876031","2023-09-20T06:47:00.000","2023-09-21T12:15:00.000","Catch Basin Clogged/Flooding (Use Comments) (SC)","98-03 162 AVENUE","162 AVENUE","98 ST","99 ST","QUEENS","40.654856520731535","-73.8338117177558"
"58861026","2023-09-19T21:41:00.000","2023-09-21T12:25:00.000","Catch Basin Clogged/Flooding (Use Comments) (SC)","67 DIKEMAN STREET","DIKEMAN STREET","RICHARDS ST","VAN BRUNT ST","BROOKLYN","40.67599542418369","-74.01239091410228"
"58863008","2023-09-19T20:41:00.000","2023-09-19T23:07:00.000","Catch Basin Clogged/Flooding (Use Comments) (SC)","128-14 LIBERTY AVENUE","LIBERTY AVENUE","128 ST","129 ST","QUEENS","40.689047289070444","-73.81689792141918"
"58864938","2023-09-19T20:11:00.000","2023-10-01T10:55:00.000","Catch Basin Clogged/Flooding (Use Comments) (SC)","2996 HOLLAND AVENUE","HOLLAND AVENUE","WILLIAMSBRIDGE RD","ADEE AVE","BRONX","40.86955314385188","-73.86525922168619"
"58863011","2023-09-19T19:14:00.000","2023-09-22T09:30:00.000","Catch Basin Clogged/Flooding (Use Comments) (SC)","120 LAWRENCE STREET","LAWRENCE STREET","METROTECH ROADWAY","WILLOUGHBY ST","BROOKLYN","40.692848168263126","-73.98625007345736"
"58855324","2023-09-19T17:11:00.000","2023-09-21T08:30:00.000","Catch Basin Clogged/Flooding (Use Comments) (SC)","128-14 LIBERTY AVENUE","LIBERTY AVENUE","128 ST","129 ST","QUEENS","40.689047289070444","-73.81689792141918"
"58857211","2023-09-19T17:05:00.000","2023-09-22T10:20:00.000","Catch Basin Clogged/Flooding (Use Comments) (SC)",,,,,"BROOKLYN","40.66563095821665","-73.98594929350905"
"58864935","2023-09-19T16:50:00.000","2023-09-19T16:50:00.000","Catch Basin Clogged/Flooding (Use Comments) (SC)","1305 COLLEGE AVENUE","COLLEGE AVENUE","E 169 ST","E 170 ST","BRONX","40.83589568974381","-73.91155177714217"
"58864939","2023-09-19T16:50:00.000","2023-09-20T13:20:00.000","Catch Basin Clogged/Flooding (Use Comments) (SC)","147-01 12 AVENUE","12 AVENUE","147 ST","148 ST","QUEENS","40.78965192670804","-73.81929722331735"
"58863012","2023-09-19T16:20:00.000","2023-09-23T11:10:00.000","Catch Basin Clogged/Flooding (Use Comments) (SC)","521 EAST NEW YORK AVENUE","EAST NEW YORK AVENUE","BROOKLYN AVE","KINGSTON AVE","BROOKLYN","40.66192147537053","-73.94505102055118"
"58864940","2023-09-19T15:59:00.000","2023-10-01T10:30:00.000","Catch Basin Clogged/Flooding (Use Comments) (SC)","2549 TENBROECK AVENUE","TENBROECK AVENUE","MACE AVE","ALLERTON AVE","BRONX","40.863727584506975","-73.8529499611907"
"58868797","2023-09-19T15:35:00.000","2023-09-30T20:35:00.000","Catch Basin Clogged/Flooding (Use Comments) (SC)","1948 BLACKROCK AVENUE","BLACKROCK AVENUE","VIRGINIA AVE","PUGSLEY AVE","BRONX","40.82798976634953","-73.85817080179608"
"58857212","2023-09-19T15:23:00.000","2023-09-20T14:00:00.000","Catch Basin Clogged/Flooding (Use Comments) (SC)","40 10 STREET","10 STREET","DEAD END","2 AVE","BROOKLYN","40.67264462304927","-73.99525225081155"
"58857213","2023-09-19T15:20:00.000","2023-09-22T14:30:00.000","Catch Basin Clogged/Flooding (Use Comments) (SC)",,,,,"BROOKLYN","40.62973818205422","-73.96414997759145"
"58866884","2023-09-19T14:38:00.000","2023-09-20T09:35:00.000","Catch Basin Clogged/Flooding (Use Comments) (SC)","31-51 14 STREET","14 STREET","31 DR","BROADWAY","QUEENS","40.7669489211385","-73.93307276982371"
"58861027","2023-09-19T14:08:00.000","2023-09-23T10:40:00.000","Catch Basin Clogged/Flooding (Use Comments) (SC)","3620 WEBSTER AVENUE","WEBSTER AVENUE","WOODLAWN CEMETERY BNDY","E 233 ST","BRONX","40.882614847783074","-73.86978213325199"
"58859126","2023-09-19T13:59:00.000","2023-09-20T11:45:00.000","Catch Basin Clogged/Flooding (Use Comments) (SC)","150-12 22 AVENUE","22 AVENUE","150 ST","MURRAY ST","QUEENS","40.77883748317763","-73.81401518744521"
"58855325","2023-09-19T13:38:00.000","2023-09-24T01:45:00.000","Catch Basin Clogged/Flooding (Use Comments) (SC)","115 BOYLAN STREET","BOYLAN STREET","BEND","END PL","STATEN ISLAND","40.56369358464466","-74.17891826007742"
"58855326","2023-09-19T13:35:00.000","2023-09-21T09:25:00.000","Catch Basin Clogged/Flooding (Use Comments) (SC)","104-41 120 STREET","120 STREET","LIBERTY AVE","107 AVE","QUEENS","40.68626011336853","-73.82313264718933"
"58863013","2023-09-19T13:29:00.000","2023-09-20T13:15:00.000","Catch Basin Clogged/Flooding (Use Comments) (SC)",,,,,"MANHATTAN","40.72528723831797","-73.97797786362307"
"58855327","2023-09-19T13:26:00.000","2023-09-24T12:15:00.000","Catch Basin Clogged/Flooding (Use Comments) (SC)",,,,,"BROOKLYN","40.66464295503937","-73.93707553356936"
"58864941","2023-09-19T13:17:00.000","2023-09-20T10:25:00.000","Catch Basin Clogged/Flooding (Use Comments) (SC)","89-77 210 PLACE","210 PLACE","89 AVE","90 AVE","QUEENS","40.72056820748725","-73.75360659230302"
"58859125","2023-09-19T12:11:00.000","2023-09-20T09:30:00.000","Catch Basin Clogged/Flooding (Use Comments) (SC)",,,,,"BROOKLYN","40.69854031707234","-73.94115120013878"
"58855322","2023-09-19T11:59:00.000","2023-09-22T09:30:00.000","Catch Basin Clogged/Flooding (Use Comments) (SC)","653 COLLEGE AVENUE","COLLEGE AVENUE","COLLFIELD AVE","BRYSON AVE","STATEN ISLAND","40.622315615382384","-74.1427177847076"
"58857210","2023-09-19T11:56:00.000","2023-09-20T13:00:00.000","Catch Basin Clogged/Flooding (Use Comments) (SC)",,,,,"QUEENS","40.59494327247086","-73.7963722285833"
"58855323","2023-09-19T11:17:00.000","2023-09-20T13:50:00.000","Catch Basin Clogged/Flooding (Use Comments) (SC)",,,,,"QUEENS","40.72880720507908","-73.8403273829808"
"58864937","2023-09-19T11:05:00.000","2023-09-19T12:15:00.000","Catch Basin Clogged/Flooding (Use Comments) (SC)","18-43 COLLEGE POINT BOULEVARD","COLLEGE POINT BOULEVARD","18 AVE","20 AVE","QUEENS","40.78294943780583","-73.84585951748385"
"58868796","2023-09-19T11:02:00.000","2023-09-24T08:50:00.000","Catch Basin Clogged/Flooding (Use Comments) (SC)",,,,,"BROOKLYN","40.71398914494912","-73.9245443943396"
"58866882","2023-09-19T10:56:00.000","2023-09-20T11:15:00.000","Catch Basin Clogged/Flooding (Use Comments) (SC)","237 AVENUE X","AVENUE X","86 ST","STRYKER ST","BROOKLYN","40.59016085484718","-73.97383862148955"
"58861025","2023-09-19T10:44:00.000","2023-09-21T09:40:00.000","Catch Basin Clogged/Flooding (Use Comments) (SC)","112-01 203 STREET","203 STREET","112 AVE","113 AVE","QUEENS","40.70320370582681","-73.7531081363435"
"58855321","2023-09-19T10:35:00.000","2023-09-20T09:00:00.000","Catch Basin Clogged/Flooding (Use Comments) (SC)","480 HERKIMER STREET","HERKIMER STREET","ALBANY AVE","TROY AVE","BROOKLYN","40.67896259097678","-73.93732521027339"
"58863009","2023-09-19T10:17:00.000","2023-09-22T11:15:00.000","Catch Basin Clogged/Flooding (Use Comments) (SC)","4700 WHITE PLAINS ROAD","WHITE PLAINS ROAD","CRANFORD AVE","ST OUEN ST","BRONX","40.90356606854022","-73.85026083226752"
"58868792","2023-09-19T10:14:00.000","2023-09-22T11:50:00.000","Catch Basin Clogged/Flooding (Use Comments) (SC)",,,,,"BROOKLYN","40.662946373335245","-73.9537837568906"
"58864934","2023-09-19T09:35:00.000","2023-09-19T10:30:00.000","Catch Basin Clogged/Flooding (Use Comments) (SC)","865 HANCOCK STREET","HANCOCK STREET","RALPH AVE","HOWARD AVE","BROOKLYN","40.68589125793104","-73.92089838510533"
"58868794","2023-09-19T09:32:00.000","2023-09-25T12:55:00.000","Catch Basin Clogged/Flooding (Use Comments) (SC)","600 WEST  115 STREET","WEST  115 STREET","BROADWAY","RIVERSIDE DR","MANHATTAN","40.80746148553895","-73.96471168780268"
"58868793","2023-09-19T09:32:00.000","2023-09-20T08:30:00.000","Catch Basin Clogged/Flooding (Use Comments) (SC)","801 HALSEY STREET","HALSEY STREET","RALPH AVE","HOWARD AVE","BROOKLYN","40.68514738801029","-73.92084518276017"
"58864936","2023-09-19T09:29:00.000","2023-09-26T11:50:00.000","Catch Basin Clogged/Flooding (Use Comments) (SC)","315 WEST   22 STREET","WEST   22 STREET","8 AVE","9 AVE","MANHATTAN","40.744936288956964","-73.99967520039246"
"58863010","2023-09-19T09:11:00.000","2023-09-19T12:25:00.000","Catch Basin Clogged/Flooding (Use Comments) (SC)","8120 15 AVENUE","15 AVENUE","81 ST","82 ST","BROOKLYN","40.61408728421297","-74.00673898743104"
"58859124","2023-09-19T09:05:00.000","2023-09-19T10:45:00.000","Catch Basin Clogged/Flooding (Use Comments) (SC)","104-38 47 AVENUE","47 AVENUE","104 ST","108 ST","QUEENS","40.74585467508189","-73.85909270930323"
"58868795","2023-09-19T08:44:00.000","2023-09-19T13:40:00.000","Catch Basin Clogged/Flooding (Use Comments) (SC)","1236 EAST   28 STREET","EAST   28 STREET","AVENUE L","AVENUE M","BROOKLYN","40.62080857100832","-73.9477216575249"
"58859123","2023-09-19T07:59:00.000","2023-09-19T09:52:00.000","Catch Basin Clogged/Flooding (Use Comments) (SC)","2996 HOLLAND AVENUE","HOLLAND AVENUE","WILLIAMSBRIDGE RD","ADEE AVE","BRONX","40.86955314385188","-73.86525922168619"
"58868799","2023-09-19T07:08:00.000","2023-09-19T11:00:00.000","Catch Basin Clogged/Flooding (Use Comments) (SC)",,,,,"QUEENS","40.71779364576859","-73.90965949431525"
"58857214","2023-09-19T00:35:00.000","2023-09-19T09:50:00.000","Catch Basin Clogged/Flooding (Use Comments) (SC)","5102 18 AVENUE","18 AVENUE","51 ST","52 ST","BROOKLYN","40.62708269735745","-73.98223241163454"
"58846521","2023-09-18T19:59:00.000","2023-09-19T10:20:00.000","Catch Basin Clogged/Flooding (Use Comments) (SC)",,,,,"QUEENS","40.75629911855345","-73.89892675437245"
"58852857","2023-09-18T18:53:00.000","2023-09-19T09:40:00.000","Catch Basin Clogged/Flooding (Use Comments) (SC)","105-08 DITMARS BOULEVARD","DITMARS BOULEVARD","23 RD","27 AVE","QUEENS","40.76668620115499","-73.8650377379239"
"58847763","2023-09-18T18:41:00.000","2023-09-24T03:15:00.000","Catch Basin Clogged/Flooding (Use Comments) (SC)","719 RAMONA AVENUE","RAMONA AVENUE","MINTURN AVE","MAGUIRE AVE","STATEN ISLAND","40.53543756356401","-74.21021711799789"
"58846522","2023-09-18T18:26:00.000","2023-09-19T08:40:00.000","Catch Basin Clogged/Flooding (Use Comments) (SC)","30 BRIGHTON    7 COURT","BRIGHTON    7 COURT","BRIGHTON 6 CT","BRIGHTON 8 ST","BROOKLYN","40.58101987558776","-73.96131050661681"
"58847764","2023-09-18T18:17:00.000","2023-09-19T08:00:00.000","Catch Basin Clogged/Flooding (Use Comments) (SC)","131 NASSAU AVENUE","NASSAU AVENUE","ECKFORD ST","MC GUINNESS BLVD","BROOKLYN","40.72451207292604","-73.94857472224169"
"58854107","2023-09-18T18:17:00.000","2023-09-19T14:00:00.000","Catch Basin Clogged/Flooding (Use Comments) (SC)","3201 AVENUE K","AVENUE K","E 32 ST","NEW YORK AVE","BROOKLYN","40.62462225407217","-73.94436125250974"
"58847765","2023-09-18T18:05:00.000","2023-09-19T09:30:00.000","Catch Basin Clogged/Flooding (Use Comments) (SC)","102 WASHINGTON AVENUE","WASHINGTON AVENUE","PARK AVE","MYRTLE AVE","BROOKLYN","40.69525698917028","-73.96727738170559"
"58854108","2023-09-18T17:50:00.000","2023-09-19T10:15:00.000","Catch Basin Clogged/Flooding (Use Comments) (SC)","1693 49 STREET","49 STREET","16 AVE","17 AVE","BROOKLYN","40.62984689229707","-73.98352142840015"
"58854109","2023-09-18T17:20:00.000","2023-09-19T10:01:00.000","Catch Basin Clogged/Flooding (Use Comments) (SC)","256 WEST    4 STREET","WEST    4 STREET","CHARLES ST","PERRY ST","MANHATTAN","40.73518414136784","-74.0032475207064"
"58851587","2023-09-18T16:32:00.000","2023-09-24T04:15:00.000","Catch Basin Clogged/Flooding (Use Comments) (SC)","438 FLAGG PLACE","FLAGG PLACE","BEND","TODT HILL RD","STATEN ISLAND","40.58289296874589","-74.11219802445862"
"58847766","2023-09-18T16:17:00.000","2023-09-26T11:15:00.000","Catch Basin Clogged/Flooding (Use Comments) (SC)","880 LENOX ROAD","LENOX ROAD","E 54 ST","E 55 ST","BROOKLYN","40.6555763210969","-73.92674766549251"
"58846523","2023-09-18T15:56:00.000","2023-09-19T11:35:00.000","Catch Basin Clogged/Flooding (Use Comments) (SC)","88-02 103 AVENUE","103 AVENUE","88 ST","89 ST","QUEENS","40.680601223854936","-73.85085161980726"
"58849074","2023-09-18T15:38:00.000","2023-09-24T02:30:00.000","Catch Basin Clogged/Flooding (Use Comments) (SC)","564 ELTINGVILLE BOULEVARD","ELTINGVILLE BOULEVARD","BARLOW AVE","GURLEY AVE","STATEN ISLAND","40.55891282858661","-74.16752951439454"
"58851588","2023-09-18T15:35:00.000","2023-09-19T09:15:00.000","Catch Basin Clogged/Flooding (Use Comments) (SC)","118-02 228 STREET","228 STREET","118 AVE","119 AVE","QUEENS","40.691172187329286","-73.73410945403623"
"58849075","2023-09-18T15:20:00.000","2023-09-19T11:55:00.000","Catch Basin Clogged/Flooding (Use Comments) (SC)","62-25 69 STREET","69 STREET","62 RD","62 DR","QUEENS","40.71688063636006","-73.88884261219641"
"58854110","2023-09-18T15:02:00.000","2023-09-19T10:35:00.000","Catch Basin Clogged/Flooding (Use Comments) (SC)",,,,,"BROOKLYN","40.68504749172531","-73.95424798978414"
"58850349","2023-09-18T15:02:00.000","2023-09-19T11:30:00.000","Catch Basin Clogged/Flooding (Use Comments) (SC)","61-55 69 STREET","69 STREET","61 DR","62 AVE","QUEENS","40.71808940757011","-73.88996250810366"
"58851589","2023-09-18T14:53:00.000","2023-09-26T12:05:00.000","Catch Basin Clogged/Flooding (Use Comments) (SC)",,,,,"MANHATTAN","40.74214140625986","-73.98705547418629"
"58850350","2023-09-18T14:35:00.000","2023-09-19T13:20:00.000","Catch Basin Clogged/Flooding (Use Comments) (SC)",,,,,"QUEENS","40.7134965426944","-73.758249944708"
"58849076","2023-09-18T14:23:00.000","2023-09-19T13:10:00.000","Catch Basin Clogged/Flooding (Use Comments) (SC)","152-32 12 AVENUE","12 AVENUE","152 ST","154 ST","QUEENS","40.79169500869938","-73.80968528121731"
"58845251","2023-09-18T14:11:00.000","2023-09-19T09:25:00.000","Catch Basin Clogged/Flooding (Use Comments) (SC)",,,,,"BROOKLYN","40.59148256338065","-73.98132013251951"
"58846524","2023-09-18T14:11:00.000","2023-09-25T11:15:00.000","Catch Basin Clogged/Flooding (Use Comments) (SC)","133-17 LIBERTY AVENUE","LIBERTY AVENUE","133 ST","134 ST","QUEENS","40.69134120313","-73.81303681688864"
"58850351","2023-09-18T13:59:00.000","2023-09-19T12:50:00.000","Catch Basin Clogged/Flooding (Use Comments) (SC)",,,,,"QUEENS","40.71098108377019","-73.75765668878427"
"58846519","2023-09-18T13:26:00.000","2023-09-18T13:30:00.000","Catch Basin Clogged/Flooding (Use Comments) (SC)","2996 HOLLAND AVENUE","HOLLAND AVENUE","WILLIAMSBRIDGE RD","ADEE AVE","BRONX","40.86955314385188","-73.86525922168619"
"58849077","2023-09-18T13:26:00.000","2023-09-19T09:00:00.000","Catch Basin Clogged/Flooding (Use Comments) (SC)","1071 BRIGHTON BEACH AVENUE","BRIGHTON BEACH AVENUE","BRIGHTON 12 ST","BRIGHTON 13 ST","BROOKLYN","40.57818864125591","-73.9575106786958"
"58852858","2023-09-18T13:14:00.000","2023-09-21T13:30:00.000","Catch Basin Clogged/Flooding (Use Comments) (SC)","218-04 STEWART ROAD","STEWART ROAD","UNION TPKE","219 ST","QUEENS","40.734497678258364","-73.7522236091217"
"58854111","2023-09-18T13:11:00.000","2023-09-19T13:20:00.000","Catch Basin Clogged/Flooding (Use Comments) (SC)","2320 AVENUE M","AVENUE M","E 23 ST","E 24 ST","BROOKLYN","40.618897265065556","-73.95187634189885"
"58846525","2023-09-18T13:05:00.000","2023-09-26T10:00:00.000","Catch Basin Clogged/Flooding (Use Comments) (SC)","141-18 56 AVENUE","56 AVENUE","141 ST","DISTRICT BNDY","QUEENS","40.74782366644772","-73.82391838288213"
"58845247","2023-09-18T12:47:00.000","2023-09-18T12:55:00.000","Catch Basin Clogged/Flooding (Use Comments) (SC)",,,,,"BROOKLYN","40.62717051499572","-73.98213151779058"
"58854112","2023-09-18T12:38:00.000","2023-09-22T13:50:00.000","Catch Basin Clogged/Flooding (Use Comments) (SC)","8902 AVENUE B","AVENUE B","E 89 ST","REMSEN AVE","BROOKLYN","40.649102956268926","-73.91695270267574"
"58852859","2023-09-18T12:26:00.000","2023-09-22T10:00:00.000","Catch Basin Clogged/Flooding (Use Comments) (SC)",,,,,"STATEN ISLAND","40.64552202452313","-74.07767000848172"
"58852860","2023-09-18T12:14:00.000","2023-09-18T13:30:00.000","Catch Basin Clogged/Flooding (Use Comments) (SC)","7-02 160 STREET","160 STREET","POWELLS COVE BLVD","9 AVE","QUEENS","40.794140371529224","-73.80143309731965"
"58845252","2023-09-18T12:11:00.000","2023-09-19T12:05:00.000","Catch Basin Clogged/Flooding (Use Comments) (SC)","1930 82 STREET","82 STREET","19 AVE","20 AVE","BROOKLYN","40.607725016357875","-73.99728809516974"
"58847767","2023-09-18T12:05:00.000","2023-09-19T14:30:00.000","Catch Basin Clogged/Flooding (Use Comments) (SC)","2055 EAST   57 STREET","EAST   57 STREET","AVENUE T","AVENUE U","BROOKLYN","40.6138197170612","-73.91839409504888"
"58849078","2023-09-18T12:02:00.000","2023-09-19T11:10:00.000","Catch Basin Clogged/Flooding (Use Comments) (SC)","433 LAFAYETTE AVENUE","LAFAYETTE AVENUE","CLASSON AVE","FRANKLIN AVE","BROOKLYN","40.689146775461836","-73.95775368411394"
"58846520","2023-09-18T11:59:00.000","2023-09-18T12:10:00.000","Catch Basin Clogged/Flooding (Use Comments) (SC)","1958 EAST   24 STREET","EAST   24 STREET","AVENUE S","AVENUE T","BROOKLYN","40.60309664118587","-73.94822889315789"
"58846526","2023-09-18T11:59:00.000","2023-09-19T11:15:00.000","Catch Basin Clogged/Flooding (Use Comments) (SC)",,,,,"BROOKLYN","40.63179251215992","-73.98072159870792"
"58846527","2023-09-18T11:53:00.000","2023-09-18T13:15:00.000","Catch Basin Clogged/Flooding (Use Comments) (SC)","109 LAWRENCE AVENUE","LAWRENCE AVENUE","SETON PL","NEWKIRK AVE","BROOKLYN","40.630193848814905","-73.9745686832958"
"58849079","2023-09-18T11:41:00.000","2023-09-19T10:35:00.000","Catch Basin Clogged/Flooding (Use Comments) (SC)","5000 14 AVENUE","14 AVENUE","50 ST","51 ST","BROOKLYN","40.63305634612914","-73.99059299967716"
"58854113","2023-09-18T11:38:00.000","2023-09-18T13:20:00.000","Catch Basin Clogged/Flooding (Use Comments) (SC)","41-50 78 STREET","78 STREET","BROADWAY","WOODSIDE AVE","QUEENS","40.74429919170938","-73.88722701464378"
"58849080","2023-09-18T11:32:00.000","2023-09-18T12:05:00.000","Catch Basin Clogged/Flooding (Use Comments) (SC)",,,,,"QUEENS","40.75508491087392","-73.92655522112054"
"58851590","2023-09-18T11:29:00.000",,"Catch Basin Clogged/Flooding (Use Comments) (SC)",,,,,"BROOKLYN","40.63913740574683","-74.02019572659799"
"58846528","2023-09-18T11:29:00.000","2023-09-18T12:00:00.000","Catch Basin Clogged/Flooding (Use Comments) (SC)",,,,,"BROOKLYN","40.589448676003094","-73.94083328179187"
"58854114","2023-09-18T11:26:00.000","2023-09-19T12:30:00.000","Catch Basin Clogged/Flooding (Use Comments) (SC)","245 HENRY STREET","HENRY STREET","HUNTS LN","JORALEMON ST","BROOKLYN","40.69322217108598","-73.99503442040711"
"58845253","2023-09-18T11:26:00.000","2023-09-19T12:00:00.000","Catch Basin Clogged/Flooding (Use Comments) (SC)","446 FRANKLIN AVENUE","FRANKLIN AVENUE","MADISON ST","PUTNAM AVE","BROOKLYN","40.683442538880335","-73.95614561392851"
"58847761","2023-09-18T11:23:00.000","2023-09-18T11:32:00.000","Catch Basin Clogged/Flooding (Use Comments) (SC)",,,,,"BRONX","40.86967391871505","-73.86526620827811"
"58845248","2023-09-18T11:20:00.000","2023-09-18T11:28:00.000","Catch Basin Clogged/Flooding (Use Comments) (SC)","155 WEST   82 STREET","WEST   82 STREET","COLUMBUS AVE","AMSTERDAM AVE","MANHATTAN","40.784548558455796","-73.97557498208724"
"58847768","2023-09-18T11:20:00.000","2023-09-18T11:40:00.000","Catch Basin Clogged/Flooding (Use Comments) (SC)","2323 AVENUE S","AVENUE S","E 23 ST","E 24 ST","BROOKLYN","40.60463392393694","-73.94866705982868"
"58854115","2023-09-18T10:47:00.000","2023-09-19T14:30:00.000","Catch Basin Clogged/Flooding (Use Comments) (SC)",,,,,"QUEENS","40.713072635637104","-73.77526290590234"
"58854116","2023-09-18T10:20:00.000","2023-09-19T09:30:00.000","Catch Basin Clogged/Flooding (Use Comments) (SC)","466 FANNING STREET","FANNING STREET","PORTAGE AVE","MANOR RD","STATEN ISLAND","40.60042461073612","-74.12237531898012"
"58851591","2023-09-18T10:11:00.000","2023-09-25T14:05:00.000","Catch Basin Clogged/Flooding (Use Comments) (SC)",,,,,"MANHATTAN","40.79997877461986","-73.94273381900739"
"58852861","2023-09-18T10:11:00.000","2023-09-22T10:30:00.000","Catch Basin Clogged/Flooding (Use Comments) (SC)","85 ORCHARD STREET","ORCHARD STREET","GRAND ST","BROOME ST","MANHATTAN","40.717872604455565","-73.99037540580335"
"58854117","2023-09-18T09:53:00.000","2023-09-24T08:55:00.000","Catch Basin Clogged/Flooding (Use Comments) (SC)","17 BATTERY PLACE","BATTERY PLACE","WASHINGTON ST","BEND","MANHATTAN","40.70488368980268","-74.01592725890914"
"58849081","2023-09-18T09:20:00.000","2023-09-18T11:15:00.000","Catch Basin Clogged/Flooding (Use Comments) (SC)","3829 AVENUE K","AVENUE K","E 39 ST","E 39 ST","BROOKLYN","40.6256621627443","-73.93826506399286"
"58854118","2023-09-18T09:14:00.000","2023-09-19T08:40:00.000","Catch Basin Clogged/Flooding (Use Comments) (SC)",,,,,"BROOKLYN","40.71625311038038","-73.9551861193941"
"58846529","2023-09-18T09:11:00.000","2023-09-19T12:40:00.000","Catch Basin Clogged/Flooding (Use Comments) (SC)","1952 EAST   24 STREET","EAST   24 STREET","AVENUE S","AVENUE T","BROOKLYN","40.60319820674925","-73.94824682052031"
"58854119","2023-09-18T09:05:00.000","2023-09-21T11:40:00.000","Catch Basin Clogged/Flooding (Use Comments) (SC)",,,,,"QUEENS","40.747471308731626","-73.74677984700138"
"58850352","2023-09-18T08:47:00.000","2023-09-29T18:15:00.000","Catch Basin Clogged/Flooding (Use Comments) (SC)",,,,,"BRONX","40.880039594453564","-73.87406878369636"
"58854120","2023-09-18T08:35:00.000","2023-09-19T13:25:00.000","Catch Basin Clogged/Flooding (Use Comments) (SC)","119 EAST   87 STREET","EAST   87 STREET","BEND","AVENUE B","BROOKLYN","40.64922571199698","-73.91974902805661"
"58847762","2023-09-18T08:32:00.000","2023-09-18T09:22:00.000","Catch Basin Clogged/Flooding (Use Comments) (SC)","110-23 166 STREET","166 STREET","DEAD END","110 RD","QUEENS","40.693731328331204","-73.78592649870733"
"58845249","2023-09-18T08:32:00.000","2023-09-18T10:17:00.000","Catch Basin Clogged/Flooding (Use Comments) (SC)","108-19 101 AVENUE","101 AVENUE","108 ST","109 ST","QUEENS","40.6873757912508","-73.83509725872541"
"58846530","2023-09-18T08:29:00.000","2023-09-19T14:25:00.000","Catch Basin Clogged/Flooding (Use Comments) (SC)","1641 MADISON AVENUE","MADISON AVENUE","E 109 ST","E 110 ST","MANHATTAN","40.79583941489781","-73.94786591532588"
"58854121","2023-09-18T08:29:00.000","2023-09-22T13:20:00.000","Catch Basin Clogged/Flooding (Use Comments) (SC)","110-23 166 STREET","166 STREET","DEAD END","110 RD","QUEENS","40.693731328331204","-73.78592649870733"
"58852862","2023-09-18T08:29:00.000","2023-09-19T10:55:00.000","Catch Basin Clogged/Flooding (Use Comments) (SC)",,,,,"BROOKLYN","40.637264036658976","-73.98978892381356"
"58849082","2023-09-18T08:14:00.000","2023-09-19T12:55:00.000","Catch Basin Clogged/Flooding (Use Comments) (SC)",,,,,"BROOKLYN","40.6499461596878","-73.96702932393558"
"58854106","2023-09-18T07:41:00.000","2023-09-18T08:14:00.000","Catch Basin Clogged/Flooding (Use Comments) (SC)","2996 HOLLAND AVENUE","HOLLAND AVENUE","WILLIAMSBRIDGE RD","ADEE AVE","BRONX","40.86955314385188","-73.86525922168619"
"58850381","2023-09-18T07:41:00.000","2023-09-26T13:20:00.000","Catch Basin Clogged/Flooding (Use Comments) (SC)",,,,,"BROOKLYN","40.67019628853056","-73.99539301387018"
"58854122","2023-09-18T06:41:00.000","2023-09-18T10:45:00.000","Catch Basin Clogged/Flooding (Use Comments) (SC)","77-04 83 STREET","83 STREET","77 AVE","78 AVE","QUEENS","40.70646476361785","-73.86611185962914"
"58836918","2023-09-17T15:41:00.000","2023-09-19T10:25:00.000","Catch Basin Clogged/Flooding (Use Comments) (SC)","107-26 123 STREET","123 STREET","107 AVE","109 AVE","QUEENS","40.685024910877914","-73.81956272464986"
"58842158","2023-09-17T13:05:00.000","2023-09-19T09:00:00.000","Catch Basin Clogged/Flooding (Use Comments) (SC)","131-47 232 STREET","232 STREET","131 AVE","133 AVE","QUEENS","40.67836404321982","-73.73606772306775"
"58838971","2023-09-17T11:11:00.000","2023-09-17T13:35:00.000","Catch Basin Clogged/Flooding (Use Comments) (SC)","2202 GLENWOOD ROAD","GLENWOOD ROAD","E 22 ST","E 23 ST","BROOKLYN","40.63312503139664","-73.95564906247287"
"58836919","2023-09-17T10:59:00.000",,"Catch Basin Clogged/Flooding (Use Comments) (SC)",,,,,"MANHATTAN","40.71123050257566","-74.00647827911699"
"58836920","2023-09-17T10:50:00.000","2023-09-18T09:15:00.000","Catch Basin Clogged/Flooding (Use Comments) (SC)",,,,,"QUEENS","40.785569689304225","-73.81361721704995"
"58843187","2023-09-17T08:56:00.000","2023-09-17T09:14:00.000","Catch Basin Clogged/Flooding (Use Comments) (SC)","2996 HOLLAND AVENUE","HOLLAND AVENUE","WILLIAMSBRIDGE RD","ADEE AVE","BRONX","40.86955314385188","-73.86525922168619"
"58837921","2023-09-17T07:53:00.000","2023-09-17T13:00:00.000","Catch Basin Clogged/Flooding (Use Comments) (SC)","241 WOODBINE STREET","WOODBINE STREET","WILSON AVE","KNICKERBOCKER AVE","BROOKLYN","40.69507873522814","-73.91425210009648"
"58826375","2023-09-16T14:41:00.000","2023-09-18T09:35:00.000","Catch Basin Clogged/Flooding (Use Comments) (SC)","63-22 77 PLACE","77 PLACE","JUNIPER BLVD S","PENELOPE AVE","QUEENS","40.71919435805517","-73.87789361698997"
"58828979","2023-09-16T12:56:00.000","2023-09-17T09:20:00.000","Catch Basin Clogged/Flooding (Use Comments) (SC)","69-27 60 ROAD","60 ROAD","69 ST","69 PL","QUEENS","40.72106368602399","-73.89175778710415"
"58834350","2023-09-16T12:26:00.000","2023-09-22T13:00:00.000","Catch Basin Clogged/Flooding (Use Comments) (SC)","402 NETHERLAND AVENUE","NETHERLAND AVENUE","LOCKMAN AVE","ANDROS AVE","STATEN ISLAND","40.62892352009755","-74.16250307546828"
"58835640","2023-09-16T10:02:00.000","2023-09-22T11:30:00.000","Catch Basin Clogged/Flooding (Use Comments) (SC)","946 DRUMGOOLE ROAD WEST","DRUMGOOLE ROAD WEST","KOREAN VETS PARKWAY EXIT WB","ARDEN AVE","STATEN ISLAND","40.54728724861497","-74.18104045800192"
"58826376","2023-09-16T08:50:00.000","2023-09-21T10:10:00.000","Catch Basin Clogged/Flooding (Use Comments) (SC)","1953 UNIVERSITY AVENUE","UNIVERSITY AVENUE","W BURNSIDE AVE","W 179 ST","BRONX","40.85410993143191","-73.912022784704"
"58821312","2023-09-15T17:59:00.000","2023-09-16T11:30:00.000","Catch Basin Clogged/Flooding (Use Comments) (SC)","2313 STRAUSS STREET","STRAUSS STREET","NEWPORT ST","LOTT AVE","BROOKLYN","40.657340169506945","-73.91339236303126"
"58824718","2023-09-15T17:02:00.000","2023-09-15T17:20:00.000","Catch Basin Clogged/Flooding (Use Comments) (SC)","2234 LIGHT STREET","LIGHT STREET","DYRE AVE","ROMBOUTS AVE","BRONX","40.88782828791567","-73.83058555165303"
"58824719","2023-09-15T15:20:00.000","2023-09-16T12:20:00.000","Catch Basin Clogged/Flooding (Use Comments) (SC)","198 DELANCEY STREET","DELANCEY STREET","RIDGE ST","PITT ST","MANHATTAN","40.71716099725299","-73.98396519318098"
"58820465","2023-09-15T14:56:00.000","2023-09-16T08:40:00.000","Catch Basin Clogged/Flooding (Use Comments) (SC)",,,,,"MANHATTAN","40.76593323141842","-73.99087747368824"
"58822172","2023-09-15T13:38:00.000","2023-09-19T10:05:00.000","Catch Basin Clogged/Flooding (Use Comments) (SC)",,,,,"STATEN ISLAND","40.51749873711705","-74.2124733331752"
"58825575","2023-09-15T13:35:00.000","2023-09-19T10:15:00.000","Catch Basin Clogged/Flooding (Use Comments) (SC)",,,,,"STATEN ISLAND","40.516450812256394","-74.21214990871114"
"58822173","2023-09-15T13:32:00.000","2023-09-19T10:25:00.000","Catch Basin Clogged/Flooding (Use Comments) (SC)","307 SHARROTT AVENUE","SHARROTT AVENUE","VAIL AVE","SHERWOOD AVE","STATEN ISLAND","40.51583634713878","-74.21194655323488"
"58823021","2023-09-15T13:32:00.000","2023-09-16T10:55:00.000","Catch Basin Clogged/Flooding (Use Comments) (SC)","56-54 59 STREET","59 STREET","56 DR","MASPETH AVE","QUEENS","40.72382031005994","-73.90860868699527"
"58824720","2023-09-15T13:29:00.000","2023-09-19T10:45:00.000","Catch Basin Clogged/Flooding (Use Comments) (SC)","341 SHARROTT AVENUE","SHARROTT AVENUE","SHERWOOD AVE","CEMETERY RESURRECTION BDY","STATEN ISLAND","40.5150435751802","-74.21168509299564"
"58825576","2023-09-15T13:23:00.000","2023-09-19T10:35:00.000","Catch Basin Clogged/Flooding (Use Comments) (SC)",,,,,"STATEN ISLAND","40.51541386564111","-74.21182652917435"
"58820466","2023-09-15T13:02:00.000","2023-09-18T09:40:00.000","Catch Basin Clogged/Flooding (Use Comments) (SC)","191-53 115 AVENUE","115 AVENUE","DORMANS RD","194 ST","QUEENS","40.696032339228886","-73.76126318299873"
"58822174","2023-09-15T11:53:00.000","2023-09-16T09:15:00.000","Catch Basin Clogged/Flooding (Use Comments) (SC)","25-79 FRANCIS LEWIS BOULEVARD","FRANCIS LEWIS BOULEVARD","168 ST","26 AVE","QUEENS","40.77314154678893","-73.79583095792754"
"58821313","2023-09-15T10:26:00.000","2023-09-24T08:55:00.000","Catch Basin Clogged/Flooding (Use Comments) (SC)","1017 RHINELANDER AVENUE","RHINELANDER AVENUE","COLDEN AVE","PAULDING AVE","BRONX","40.85031685864081","-73.85724123061705"
"58824721","2023-09-15T09:44:00.000","2023-09-17T11:05:00.000","Catch Basin Clogged/Flooding (Use Comments) (SC)","4201 FOSTER AVENUE","FOSTER AVENUE","E 42 ST","E 43 ST","BROOKLYN","40.63933582394014","-73.93665260430062"
"58825577","2023-09-15T09:44:00.000","2023-09-21T15:00:00.000","Catch Basin Clogged/Flooding (Use Comments) (SC)","3466 BARKER AVENUE","BARKER AVENUE","MAGENTA ST","DUNCOMB AVE","BRONX","40.87591712508549","-73.86918776286265"
"58819619","2023-09-15T09:17:00.000","2023-09-17T10:25:00.000","Catch Basin Clogged/Flooding (Use Comments) (SC)","224-04 133 AVENUE","133 AVENUE","224 ST","225 ST","QUEENS","40.679001369360336","-73.74482255279337"
"58819620","2023-09-15T09:11:00.000","2023-09-17T14:00:00.000","Catch Basin Clogged/Flooding (Use Comments) (SC)","257-36 149 AVENUE","149 AVENUE","257 ST","259 ST","QUEENS","40.65291233145969","-73.73163828170811"
"58822175","2023-09-15T08:56:00.000","2023-09-18T09:55:00.000","Catch Basin Clogged/Flooding (Use Comments) (SC)",,,,,"BROOKLYN","40.69230196298103","-73.9618986263607"
"58824722","2023-09-15T08:53:00.000","2023-09-18T10:10:00.000","Catch Basin Clogged/Flooding (Use Comments) (SC)",,,,,"BROOKLYN","40.68956154666117","-73.9671143059351"
"58821314","2023-09-15T08:41:00.000","2023-09-17T14:40:00.000","Catch Basin Clogged/Flooding (Use Comments) (SC)","187-03 TIOGA DRIVE","TIOGA DRIVE","DUNKIRK ST","NEWBURG ST","QUEENS","40.69403869810717","-73.76615664492263"
"58822176","2023-09-15T01:20:00.000","2023-09-16T10:05:00.000","Catch Basin Clogged/Flooding (Use Comments) (SC)","641 CROWN STREET","CROWN STREET","TROY AVE","SCHENECTADY AVE","BROOKLYN","40.66551826188698","-73.93657006543626"
"58812744","2023-09-14T18:08:00.000","2023-09-20T11:45:00.000","Catch Basin Clogged/Flooding (Use Comments) (SC)","24-20 90 PLACE","90 PLACE","24 AVE","24 RD","QUEENS","40.76509052782671","-73.87898271592462"
"58818443","2023-09-14T18:05:00.000","2023-09-15T10:15:00.000","Catch Basin Clogged/Flooding (Use Comments) (SC)",,,,,"QUEENS","40.73987541299102","-73.90314487698045"
"58813864","2023-09-14T18:02:00.000","2023-09-15T10:40:00.000","Catch Basin Clogged/Flooding (Use Comments) (SC)",,,,,"QUEENS","40.75163936495351","-73.90984458663883"
"58811624","2023-09-14T17:59:00.000","2023-09-15T11:25:00.000","Catch Basin Clogged/Flooding (Use Comments) (SC)",,,,,"QUEENS","40.735379554678154","-73.92120408089981"
"58817307","2023-09-14T17:56:00.000","2023-09-15T11:05:00.000","Catch Basin Clogged/Flooding (Use Comments) (SC)",,,,,"QUEENS","40.739416530657806","-73.9203945917616"
"58818444","2023-09-14T17:53:00.000","2023-09-15T12:00:00.000","Catch Basin Clogged/Flooding (Use Comments) (SC)",,,,,"QUEENS","40.74645997482455","-73.91708757821527"
"58817308","2023-09-14T17:50:00.000","2023-09-21T11:50:00.000","Catch Basin Clogged/Flooding (Use Comments) (SC)",,,,,"QUEENS","40.75367674714912","-73.91446541921991"
"58810500","2023-09-14T17:41:00.000","2023-09-18T11:20:00.000","Catch Basin Clogged/Flooding (Use Comments) (SC)","187-05 HILLSIDE AVENUE","HILLSIDE AVENUE","CHELSEA ST","187 ST","QUEENS","40.71466773795424","-73.77546314128072"
"58818445","2023-09-14T17:38:00.000","2023-09-20T12:30:00.000","Catch Basin Clogged/Flooding (Use Comments) (SC)","24-20 90 PLACE","90 PLACE","24 AVE","24 RD","QUEENS","40.76509052782671","-73.87898271592462"
"58817309","2023-09-14T16:32:00.000","2023-09-19T12:15:00.000","Catch Basin Clogged/Flooding (Use Comments) (SC)","86-24 234 STREET","234 STREET","HILLSIDE AVE","WINCHESTER BLVD","QUEENS","40.73290242618883","-73.73592386743243"
"58811623","2023-09-14T15:35:00.000","2023-09-14T16:13:00.000","Catch Basin Clogged/Flooding (Use Comments) (SC)","2509 POPLAR STREET","POPLAR STREET","LURTING AVE","ROSELLE ST","BRONX","40.84396700689029","-73.84970466421375"
"58818446","2023-09-14T15:32:00.000","2023-09-28T08:35:00.000","Catch Basin Clogged/Flooding (Use Comments) (SC)","2500 POPLAR STREET","POPLAR STREET","LURTING AVE","ROSELLE ST","BRONX","40.84391237166778","-73.8499035719149"
"58815028","2023-09-14T14:56:00.000","2023-09-19T12:55:00.000","Catch Basin Clogged/Flooding (Use Comments) (SC)","2022 HARRISON AVENUE","HARRISON AVENUE","KINGSLAND PL","W BURNSIDE AVE","BRONX","40.854328047472485","-73.9101283295423"
"58817310","2023-09-14T14:47:00.000","2023-09-15T08:45:00.000","Catch Basin Clogged/Flooding (Use Comments) (SC)","1164 EAST    5 STREET","EAST    5 STREET","AVENUE J","WASHINGTON CEMETERY BNDY","BROOKLYN","40.623388852977605","-73.9717362561323"
"58818447","2023-09-14T14:08:00.000","2023-09-16T10:50:00.000","Catch Basin Clogged/Flooding (Use Comments) (SC)","1743 NOSTRAND AVENUE","NOSTRAND AVENUE","CORTELYOU RD","CLARENDON RD","BROOKLYN","40.64349747022676","-73.94877769374867"
"58810501","2023-09-14T14:05:00.000","2023-09-21T10:10:00.000","Catch Basin Clogged/Flooding (Use Comments) (SC)","2711 HENRY HUDSON PARKWAY","HENRY HUDSON PARKWAY","W 227 ST","HENRY HUDSON PY SB EN W 232 ST","BRONX","40.881689710520504","-73.91717207665349"
"58818448","2023-09-14T14:02:00.000","2023-09-18T10:35:00.000","Catch Basin Clogged/Flooding (Use Comments) (SC)","278 SCHAEFER STREET","SCHAEFER STREET","KNICKERBOCKER AVE","IRVING AVE","BROOKLYN","40.69228299076802","-73.90525142237831"
"58816171","2023-09-14T10:11:00.000","2023-09-23T10:10:00.000","Catch Basin Clogged/Flooding (Use Comments) (SC)","609 EAST  241 STREET","EAST  241 STREET","BRONX BLVD","CARPENTER AVE","BRONX","40.90479963377737","-73.85333660533038"
"58813865","2023-09-14T10:08:00.000","2023-09-14T11:30:00.000","Catch Basin Clogged/Flooding (Use Comments) (SC)","63-61 DRY HARBOR ROAD","DRY HARBOR ROAD","63 AVE","JUNIPER BLVD S","QUEENS","40.72081471969241","-73.87368781524214"
"58812746","2023-09-14T09:26:00.000","2023-09-14T10:25:00.000","Catch Basin Clogged/Flooding (Use Comments) (SC)","45-12 111 STREET","111 STREET","45 AVE","46 AVE","QUEENS","40.74859896020568","-73.85430486347455"
"58817311","2023-09-14T09:26:00.000","2023-09-15T09:00:00.000","Catch Basin Clogged/Flooding (Use Comments) (SC)","40 BEDFORD STREET","BEDFORD STREET","CARMINE ST","LEROY ST","MANHATTAN","40.730221596116294","-74.00416012502903"
"58810502","2023-09-14T09:26:00.000","2023-09-19T14:45:00.000","Catch Basin Clogged/Flooding (Use Comments) (SC)",,,,,"QUEENS","40.70096442347445","-73.73243303855085"
"58815029","2023-09-14T09:23:00.000","2023-09-14T12:30:00.000","Catch Basin Clogged/Flooding (Use Comments) (SC)","43-03 223 STREET","223 STREET","43 AVE","NORTHERN BLVD","QUEENS","40.76265611707739","-73.75866714014386"
"58811625","2023-09-14T09:23:00.000","2023-09-14T10:40:00.000","Catch Basin Clogged/Flooding (Use Comments) (SC)","45-10 111 STREET","111 STREET","45 AVE","46 AVE","QUEENS","40.748607199004084","-73.85430845454465"
"58816172","2023-09-14T09:14:00.000","2023-09-17T10:30:00.000","Catch Basin Clogged/Flooding (Use Comments) (SC)","245 EAST   40 STREET","EAST   40 STREET","CHURCH AVE","SNYDER AVE","BROOKLYN","40.65036612115394","-73.9399143543101"
"58810503","2023-09-14T08:47:00.000","2023-09-21T13:30:00.000","Catch Basin Clogged/Flooding (Use Comments) (SC)","33 LORING AVENUE","LORING AVENUE","FORRESTAL CT","MC ARTHUR AVE","STATEN ISLAND","40.55476360375735","-74.17962486668667"
"58815030","2023-09-14T08:14:00.000","2023-09-21T14:55:00.000","Catch Basin Clogged/Flooding (Use Comments) (SC)","136-43 72 AVENUE","72 AVENUE","136 ST","141 ST","QUEENS","40.7252822916504","-73.8266008322303"
"58816173","2023-09-14T07:56:00.000","2023-09-17T13:50:00.000","Catch Basin Clogged/Flooding (Use Comments) (SC)","201-05 JAMAICA AVENUE","JAMAICA AVENUE","201 ST","202 ST","QUEENS","40.71350436015381","-73.75805152055035"
"58818449","2023-09-14T07:11:00.000","2023-09-14T10:55:00.000","Catch Basin Clogged/Flooding (Use Comments) (SC)","60 BROAD STREET","BROAD STREET","EXCHANGE PL","BEAVER ST","MANHATTAN","40.70535082704531","-74.01150189865335"
"58806558","2023-09-13T22:20:00.000","2023-09-14T10:15:00.000","Catch Basin Clogged/Flooding (Use Comments) (SC)","46 BEDFORD STREET","BEDFORD STREET","LEROY ST","7 AVE S","MANHATTAN","40.73049057628604","-74.00431889831772"
"58802680","2023-09-13T19:35:00.000","2023-09-14T11:45:00.000","Catch Basin Clogged/Flooding (Use Comments) (SC)","216 EAST   62 STREET","EAST   62 STREET","3 AVE","2 AVE","MANHATTAN","40.76317518492723","-73.96462324571853"
"58801356","2023-09-13T19:29:00.000","2023-09-14T10:25:00.000","Catch Basin Clogged/Flooding (Use Comments) (SC)",,,,,"BROOKLYN","40.63347750578832","-73.97897372624583"
"58805281","2023-09-13T18:53:00.000","2023-09-22T09:20:00.000","Catch Basin Clogged/Flooding (Use Comments) (SC)","3848 WHITE PLAINS ROAD","WHITE PLAINS ROAD","E 221 ST","E 222 ST","BRONX","40.88508970083467","-73.86195841945676"
"58809177","2023-09-13T18:38:00.000","2023-09-15T08:55:00.000","Catch Basin Clogged/Flooding (Use Comments) (SC)",,,,,"QUEENS","40.74891563083155","-73.93739654434637"
"58800079","2023-09-13T17:59:00.000","2023-09-14T09:15:00.000","Catch Basin Clogged/Flooding (Use Comments) (SC)","164-20 CRYDERS LANE","CRYDERS LANE","164 ST","165 ST","QUEENS","40.78850525410544","-73.7981744949928"
"58800080","2023-09-13T17:11:00.000","2023-09-20T11:10:00.000","Catch Basin Clogged/Flooding (Use Comments) (SC)","102 SHADYSIDE AVENUE","SHADYSIDE AVENUE","DEAD END","WOODVALE AVE","STATEN ISLAND","40.521341715861986","-74.20936350505409"
"58809178","2023-09-13T17:08:00.000","2023-09-24T12:45:00.000","Catch Basin Clogged/Flooding (Use Comments) (SC)","3122 WATERBURY AVENUE","WATERBURY AVENUE","KEARNEY AVE","FAIRFAX AVE","BRONX","40.83874638117286","-73.82432463755461"
"58806559","2023-09-13T16:29:00.000","2023-09-20T11:30:00.000","Catch Basin Clogged/Flooding (Use Comments) (SC)","243 EAST  138 STREET","EAST  138 STREET","RIDER AVE","3 AVE","BRONX","40.81152571633228","-73.92785484910729"
"58803994","2023-09-13T14:38:00.000","2023-09-14T10:45:00.000","Catch Basin Clogged/Flooding (Use Comments) (SC)",,,,,"BROOKLYN","40.63446732018406","-73.99270050340812"
"58806560","2023-09-13T14:26:00.000","2023-09-18T11:45:00.000","Catch Basin Clogged/Flooding (Use Comments) (SC)",,,,,"QUEENS","40.577486874471106","-73.85675883188418"
"58809179","2023-09-13T14:20:00.000","2023-09-16T09:40:00.000","Catch Basin Clogged/Flooding (Use Comments) (SC)",,,,,"BROOKLYN","40.675793256227486","-73.94437624487631"
"58800081","2023-09-13T14:17:00.000","2023-09-15T13:25:00.000","Catch Basin Clogged/Flooding (Use Comments) (SC)","143 SHERMAN AVENUE","SHERMAN AVENUE","ACADEMY ST","W 204 ST","MANHATTAN","40.86453965413356","-73.92336850033719"
"58806561","2023-09-13T13:29:00.000","2023-09-21T12:30:00.000","Catch Basin Clogged/Flooding (Use Comments) (SC)",,,,,"STATEN ISLAND","40.55179426618455","-74.16267893572919"
"58801357","2023-09-13T12:17:00.000","2023-09-14T10:20:00.000","Catch Basin Clogged/Flooding (Use Comments) (SC)","4523 5 AVENUE","5 AVENUE","45 ST","46 ST","BROOKLYN","40.64773010653096","-74.00757482322227"
"58805280","2023-09-13T10:56:00.000","2023-09-13T11:12:00.000","Catch Basin Clogged/Flooding (Use Comments) (SC)",,,,,"BRONX","40.8753297904217","-73.86921423013466"
"58806562","2023-09-13T09:53:00.000","2023-09-28T13:50:00.000","Catch Basin Clogged/Flooding (Use Comments) (SC)","3268 PHILIP AVENUE","PHILIP AVENUE","CLARENCE AVE","DEAN AVE","BRONX","40.83149318893173","-73.81622044499481"
"58802681","2023-09-13T09:17:00.000","2023-09-21T12:30:00.000","Catch Basin Clogged/Flooding (Use Comments) (SC)","4000 SETON AVENUE","SETON AVENUE","STRANG AVE","EDENWALD AVE","BRONX","40.89173568051684","-73.83749464782392"
"58802682","2023-09-13T09:08:00.000","2023-09-14T09:30:00.000","Catch Basin Clogged/Flooding (Use Comments) (SC)",,,,,"BROOKLYN","40.70261632732567","-73.95317920030872"
"58805282","2023-09-13T08:38:00.000","2023-09-13T09:40:00.000","Catch Basin Clogged/Flooding (Use Comments) (SC)",,,,,"MANHATTAN","40.7585739669566","-73.98504893970802"
"58802683","2023-09-13T08:23:00.000","2023-09-14T10:30:00.000","Catch Basin Clogged/Flooding (Use Comments) (SC)","260 ST NICHOLAS AVENUE","ST NICHOLAS AVENUE","BLEECKER ST","MENAHAN ST","BROOKLYN","40.70242006538429","-73.91302002513832"
"58802684","2023-09-13T08:08:00.000","2023-09-13T12:00:00.000","Catch Basin Clogged/Flooding (Use Comments) (SC)",,,,,"MANHATTAN","40.766852031168725","-73.9537477543563"
"58802685","2023-09-13T06:59:00.000","2023-09-13T10:40:00.000","Catch Basin Clogged/Flooding (Use Comments) (SC)",,,,,"BROOKLYN","40.579868145752705","-73.95666721830213"
"58791519","2023-09-12T22:59:00.000","2023-09-13T09:15:00.000","Catch Basin Clogged/Flooding (Use Comments) (SC)","718 BUSHWICK AVENUE","BUSHWICK AVENUE","HART ST","HART ST","BROOKLYN","40.69628637190972","-73.93043180212784"
"58790049","2023-09-12T20:17:00.000","2023-09-19T16:00:00.000","Catch Basin Clogged/Flooding (Use Comments) (SC)",,,,,"QUEENS","40.7199166820969","-73.75313280515687"
"58790050","2023-09-12T19:56:00.000","2023-09-23T11:45:00.000","Catch Basin Clogged/Flooding (Use Comments) (SC)",,,,,"BRONX","40.901048748457775","-73.84575203027741"
"58795797","2023-09-12T19:32:00.000","2023-09-13T12:10:00.000","Catch Basin Clogged/Flooding (Use Comments) (SC)","188 ELLERY STREET","ELLERY STREET","DELMONICO PL","THROOP AVE","BROOKLYN","40.69882780145427","-73.94526223024567"
"58798679","2023-09-12T18:56:00.000","2023-09-15T10:30:00.000","Catch Basin Clogged/Flooding (Use Comments) (SC)",,,,,"QUEENS","40.748995908961646","-73.76418083048922"
"58792945","2023-09-12T18:53:00.000","2023-09-18T10:45:00.000","Catch Basin Clogged/Flooding (Use Comments) (SC)","78 JOSEPH AVENUE","JOSEPH AVENUE","BEND","HAROLD ST","STATEN ISLAND","40.60120160242368","-74.13679202367835"
"58790051","2023-09-12T18:32:00.000","2023-09-13T08:20:00.000","Catch Basin Clogged/Flooding (Use Comments) (SC)",,,,,"STATEN ISLAND","40.55968273457773","-74.10658797891037"
"58797221","2023-09-12T17:47:00.000","2023-09-19T09:05:00.000","Catch Basin Clogged/Flooding (Use Comments) (SC)",,,,,"MANHATTAN","40.80060708632093","-73.9422709548309"
"58788671","2023-09-12T17:47:00.000","2023-09-18T10:20:00.000","Catch Basin Clogged/Flooding (Use Comments) (SC)","104-01 103 AVENUE","103 AVENUE","104 ST","105 ST","QUEENS","40.68428647592829","-73.83794611780961"
"58795794","2023-09-12T17:08:00.000","2023-09-12T23:33:00.000","Catch Basin Clogged/Flooding (Use Comments) (SC)",,,,,"BRONX","40.88431935104054","-73.91373678710868"
"58797222","2023-09-12T17:05:00.000","2023-09-13T09:10:00.000","Catch Basin Clogged/Flooding (Use Comments) (SC)","4603 FORT HAMILTON PARKWA","FORT HAMILTON PARKWA","46 ST","47 ST","BROOKLYN","40.639723735324495","-73.99562211896198"
"58790052","2023-09-12T16:53:00.000","2023-09-15T09:35:00.000","Catch Basin Clogged/Flooding (Use Comments) (SC)","45-08 40 STREET","40 STREET","QUEENS BLVD","47 AVE","QUEENS","40.743261867919564","-73.92437771592748"
"58798680","2023-09-12T16:41:00.000","2023-09-14T13:55:00.000","Catch Basin Clogged/Flooding (Use Comments) (SC)","45-09 39 PLACE","39 PLACE","QUEENS BLVD","47 AVE","QUEENS","40.743366759582834","-73.92528340587957"
"58791520","2023-09-12T16:23:00.000","2023-09-28T12:00:00.000","Catch Basin Clogged/Flooding (Use Comments) (SC)","837 WILCOX AVENUE","WILCOX AVENUE","PHILIP AVE","LAFAYETTE AVE","BRONX","40.831611120632644","-73.81789321311642"
"58795798","2023-09-12T16:17:00.000","2023-09-16T08:30:00.000","Catch Basin Clogged/Flooding (Use Comments) (SC)","68-66 147 STREET","147 STREET","68 DR","69 AVE","QUEENS","40.73215686268224","-73.82230722652598"
"58792946","2023-09-12T16:17:00.000","2023-09-18T08:25:00.000","Catch Basin Clogged/Flooding (Use Comments) (SC)","3-15 126 STREET","126 STREET","LAX AVE","5 AVE","QUEENS","40.79347526877845","-73.8416385585091"
"58790053","2023-09-12T16:05:00.000","2023-09-16T09:45:00.000","Catch Basin Clogged/Flooding (Use Comments) (SC)","128-18 POWELLS COVE BOULEVARD","POWELLS COVE BOULEVARD","128 ST","129 ST","QUEENS","40.79322540180107","-73.83958420471366"
"58790054","2023-09-12T15:59:00.000","2023-09-15T12:35:00.000","Catch Basin Clogged/Flooding (Use Comments) (SC)","63-25 252 STREET","252 STREET","63 AVE","CULLMAN AVE","QUEENS","40.755897195818875","-73.72615564891773"
"58792947","2023-09-12T15:47:00.000","2023-09-19T12:50:00.000","Catch Basin Clogged/Flooding (Use Comments) (SC)",,,,,"MANHATTAN","40.77623737171041","-73.94381935756766"
"58797223","2023-09-12T15:23:00.000","2023-09-21T09:05:00.000","Catch Basin Clogged/Flooding (Use Comments) (SC)",,,,,"BRONX","40.90631295039103","-73.89750478707354"
"58795799","2023-09-12T15:14:00.000","2023-09-13T12:40:00.000","Catch Basin Clogged/Flooding (Use Comments) (SC)","50 CHURCHILL AVENUE","CHURCHILL AVENUE","AMBASSADOR LN","AMBASSADOR LN","STATEN ISLAND","40.52930660041303","-74.21851828081111"
"58794372","2023-09-12T15:08:00.000","2023-09-19T09:20:00.000","Catch Basin Clogged/Flooding (Use Comments) (SC)","488 EAST  163 STREET","EAST  163 STREET","BROOK AVE","E 163 ST","BRONX","40.824405131686454","-73.91002421565749"
"58792948","2023-09-12T15:02:00.000","2023-09-21T09:50:00.000","Catch Basin Clogged/Flooding (Use Comments) (SC)",,,,,"BRONX","40.88319444190455","-73.91429155457689"
"58794373","2023-09-12T14:59:00.000","2023-09-13T17:10:00.000","Catch Basin Clogged/Flooding (Use Comments) (SC)","196 WATCHOGUE ROAD","WATCHOGUE ROAD","ST JOHN AVE","NEAL DOW AVE","STATEN ISLAND","40.615719925188785","-74.1358780765991"
"58788672","2023-09-12T14:59:00.000","2023-09-13T06:50:00.000","Catch Basin Clogged/Flooding (Use Comments) (SC)","4121 AVENUE T","AVENUE T","COLEMAN ST","HENDRICKSON ST","BROOKLYN","40.61058308407436","-73.92572375244711"
"58795800","2023-09-12T14:53:00.000","2023-09-15T20:50:00.000","Catch Basin Clogged/Flooding (Use Comments) (SC)",,,,,"QUEENS","40.69941923780756","-73.73485915943374"
"58798717","2023-09-12T14:35:00.000","2023-09-29T08:45:00.000","Catch Basin Clogged/Flooding (Use Comments) (SC)","1121 VINCENT AVENUE","VINCENT AVENUE","LAYTON AVE","FAIRMOUNT AVE","BRONX","40.83552702383303","-73.82088195369134"
"58791521","2023-09-12T14:14:00.000","2023-09-12T14:14:00.000","Catch Basin Clogged/Flooding (Use Comments) (SC)","433 CARROLL STREET","CARROLL STREET","NEVINS ST","3 AVE","BROOKLYN","40.67764779333199","-73.9877493833793"
"58792949","2023-09-12T14:05:00.000","2023-09-13T11:15:00.000","Catch Basin Clogged/Flooding (Use Comments) (SC)","72 HENRY STREET","HENRY STREET","ORANGE ST","PINEAPPLE ST","BROOKLYN","40.698653925841725","-73.99244824195466"
"58791522","2023-09-12T14:05:00.000","2023-09-13T10:10:00.000","Catch Basin Clogged/Flooding (Use Comments) (SC)","133-17 LIBERTY AVENUE","LIBERTY AVENUE","133 ST","134 ST","QUEENS","40.69134120313","-73.81303681688864"
"58798681","2023-09-12T13:44:00.000","2023-09-14T14:20:00.000","Catch Basin Clogged/Flooding (Use Comments) (SC)","51-31 SIMONSON STREET","SIMONSON STREET","BEND","GRAND AVE","QUEENS","40.73672056050047","-73.88139777283983"
"58791523","2023-09-12T13:20:00.000","2023-09-13T13:40:00.000","Catch Basin Clogged/Flooding (Use Comments) (SC)",,,,,"BROOKLYN","40.6067007301529","-74.01082224303433"
"58791524","2023-09-12T13:08:00.000","2023-09-14T14:00:00.000","Catch Basin Clogged/Flooding (Use Comments) (SC)","95-02 ROCKAWAY BEACH BOULEVARD","ROCKAWAY BEACH BOULEVARD","BEACH 95 ST","BEACH 96 ST","QUEENS","40.585512130735104","-73.81762462441513"
"58795801","2023-09-12T12:56:00.000","2023-09-14T13:40:00.000","Catch Basin Clogged/Flooding (Use Comments) (SC)",,,,,"BROOKLYN","40.66464295503937","-73.93707553356936"
"58791525","2023-09-12T12:41:00.000","2023-09-23T11:05:00.000","Catch Basin Clogged/Flooding (Use Comments) (SC)","664 EAST  236 STREET","EAST  236 STREET","MATILDA AVE","RICHARDSON AVE","BRONX","40.895997153459774","-73.85749397989275"
"58795802","2023-09-12T12:14:00.000","2023-09-20T10:10:00.000","Catch Basin Clogged/Flooding (Use Comments) (SC)","93 BEACH AVENUE","BEACH AVENUE","3 ST","BEHAN CT","STATEN ISLAND","40.57174586205551","-74.12076418110688"
"58794374","2023-09-12T12:14:00.000","2023-09-13T08:45:00.000","Catch Basin Clogged/Flooding (Use Comments) (SC)","69 HAWTHORNE STREET","HAWTHORNE STREET","FLATBUSH AVE","BEDFORD AVE","BROOKLYN","40.657367886742115","-73.95809457812022"
"58798683","2023-09-12T12:14:00.000","2023-09-14T15:15:00.000","Catch Basin Clogged/Flooding (Use Comments) (SC)","418 BEACH   67 STREET","BEACH   67 STREET","BEACH CHANNEL DR","THURSBY AVE","QUEENS","40.59347451539951","-73.79621107492106"
"58798682","2023-09-12T12:14:00.000","2023-09-21T12:45:00.000","Catch Basin Clogged/Flooding (Use Comments) (SC)","4100 MONTICELLO AVENUE","MONTICELLO AVENUE","EDENWALD AVE","BUSSING AVE","BRONX","40.89418110171197","-73.83938759094468"
"58790055","2023-09-12T12:11:00.000","2023-09-13T07:40:00.000","Catch Basin Clogged/Flooding (Use Comments) (SC)","1 AVENUE M","AVENUE M","DAHILL RD","MC DONALD AVE","BROOKLYN","40.61633556424372","-73.97532676683313"
"58794375","2023-09-12T12:08:00.000","2023-09-15T09:25:00.000","Catch Basin Clogged/Flooding (Use Comments) (SC)","259 BEACH  134 STREET","BEACH  134 STREET","ROCKAWAY BEACH BLVD","NEWPORT AVE","QUEENS","40.57509617634274","-73.85244430338898"
"58792950","2023-09-12T12:02:00.000","2023-09-15T14:05:00.000","Catch Basin Clogged/Flooding (Use Comments) (SC)",,,,,"QUEENS","40.664114277236145","-73.85372523912191"
"58795803","2023-09-12T11:44:00.000","2023-09-24T10:45:00.000","Catch Basin Clogged/Flooding (Use Comments) (SC)","140 REVILLE STREET","REVILLE STREET","CITY ISLAND AVE","KING AVE","BRONX","40.84907739250753","-73.78681815036498"
"58794376","2023-09-12T11:35:00.000","2023-09-28T10:15:00.000","Catch Basin Clogged/Flooding (Use Comments) (SC)","2823 MILES AVENUE","MILES AVENUE","SWINTON AVE","QUINCY AVE","BRONX","40.81790434150611","-73.81987082110128"
"58788673","2023-09-12T11:29:00.000","2023-09-15T13:05:00.000","Catch Basin Clogged/Flooding (Use Comments) (SC)","252-03 63 AVENUE","63 AVENUE","252 ST","255 ST","QUEENS","40.756283593503106","-73.72589778468758"
"58797224","2023-09-12T11:23:00.000","2023-09-16T10:15:00.000","Catch Basin Clogged/Flooding (Use Comments) (SC)","82-01 164 PLACE","164 PLACE","GOETHALS AVE","82 RD","QUEENS","40.71929029529797","-73.80262652053008"
"58795804","2023-09-12T11:14:00.000","2023-09-13T09:00:00.000","Catch Basin Clogged/Flooding (Use Comments) (SC)","102 WASHINGTON AVENUE","WASHINGTON AVENUE","PARK AVE","MYRTLE AVE","BROOKLYN","40.69525698917028","-73.96727738170559"
"58791526","2023-09-12T11:05:00.000","2023-09-13T09:25:00.000","Catch Basin Clogged/Flooding (Use Comments) (SC)",,,,,"BROOKLYN","40.72579381360185","-73.94263521438333"
"58788674","2023-09-12T10:29:00.000","2023-09-23T11:00:00.000","Catch Basin Clogged/Flooding (Use Comments) (SC)","957 FTELEY AVENUE","FTELEY AVENUE","BANYER PL","BRUCKNER BLVD","BRONX","40.82416700811842","-73.87036983881889"
"58797225","2023-09-12T10:29:00.000","2023-09-14T15:00:00.000","Catch Basin Clogged/Flooding (Use Comments) (SC)","420 BEACH   69 STREET","BEACH   69 STREET","BEACH CHANNEL DR","GOUVERNEUR AVE","QUEENS","40.59326387869615","-73.79817049689096"
"58790056","2023-09-12T10:23:00.000","2023-09-12T12:35:00.000","Catch Basin Clogged/Flooding (Use Comments) (SC)","22-02 150 STREET","150 STREET","22 AVE","23 AVE","QUEENS","40.77872583373722","-73.81456432932642"
"58790057","2023-09-12T10:17:00.000","2023-09-13T10:15:00.000","Catch Basin Clogged/Flooding (Use Comments) (SC)","96 LUQUER STREET","LUQUER STREET","HAMILTON AVE","CLINTON ST","BROOKLYN","40.67794487315476","-74.00135197224324"
"58798684","2023-09-12T10:11:00.000","2023-09-13T13:40:00.000","Catch Basin Clogged/Flooding (Use Comments) (SC)",,,,,"STATEN ISLAND","40.50775362976215","-74.23006322424963"
"58795805","2023-09-12T09:53:00.000","2023-09-13T10:50:00.000","Catch Basin Clogged/Flooding (Use Comments) (SC)","180 PROSPECT PARK WEST","PROSPECT PARK WEST","13 ST","14 ST","BROOKLYN","40.6621138270951","-73.97893946902082"
"58797226","2023-09-12T09:50:00.000","2023-09-12T12:00:00.000","Catch Basin Clogged/Flooding (Use Comments) (SC)","716 AVENUE M","AVENUE M","E 7 ST","E 8 ST","BROOKLYN","40.61718174646679","-73.96745613288194"
"58798676","2023-09-12T09:44:00.000","2023-09-19T15:00:00.000","Catch Basin Clogged/Flooding (Use Comments) (SC)",,,,,"BRONX","40.86409625312072","-73.90311580522042"
"58798677","2023-09-12T09:29:00.000","2023-09-12T10:10:00.000","Catch Basin Clogged/Flooding (Use Comments) (SC)",,,,,"BROOKLYN","40.61973853663378","-73.98956827367573"
"58797218","2023-09-12T09:20:00.000","2023-09-22T11:35:00.000","Catch Basin Clogged/Flooding (Use Comments) (SC)","4576 CARPENTER AVENUE","CARPENTER AVENUE","E 239 ST","E 240 ST","BRONX","40.90257521386629","-73.8545352721496"
"58788668","2023-09-12T09:20:00.000","2023-09-13T14:40:00.000","Catch Basin Clogged/Flooding (Use Comments) (SC)",,,,,"MANHATTAN","40.85416834340433","-73.93370435416593"
"58788669","2023-09-12T09:05:00.000","2023-09-14T12:25:00.000","Catch Basin Clogged/Flooding (Use Comments) (SC)","2033 5 AVENUE","5 AVENUE","E 125 ST","E 126 ST","MANHATTAN","40.80684842342306","-73.94193321528108"
"58797219","2023-09-12T08:50:00.000","2023-09-21T09:50:00.000","Catch Basin Clogged/Flooding (Use Comments) (SC)","2996 HOLLAND AVENUE","HOLLAND AVENUE","WILLIAMSBRIDGE RD","ADEE AVE","BRONX","40.86955314385188","-73.86525922168619"
"58797220","2023-09-12T08:47:00.000","2023-09-13T10:15:00.000","Catch Basin Clogged/Flooding (Use Comments) (SC)","97 READE STREET","READE STREET","CHURCH ST","W BROADWAY","MANHATTAN","40.71564123734176","-74.0080190242168"
"58788670","2023-09-12T08:26:00.000","2023-09-13T14:00:00.000","Catch Basin Clogged/Flooding (Use Comments) (SC)",,,,,"MANHATTAN","40.80641492221885","-73.94226230536307"
"58791517","2023-09-12T08:08:00.000","2023-09-13T12:40:00.000","Catch Basin Clogged/Flooding (Use Comments) (SC)","408 PARK AVENUE","PARK AVENUE","TAAFFE PL","KENT AVE","BROOKLYN","40.69634995336768","-73.96029152957367"
"58795795","2023-09-12T08:02:00.000","2023-09-13T14:45:00.000","Catch Basin Clogged/Flooding (Use Comments) (SC)","65-04 110 STREET","110 STREET","65 AVE","65 RD","QUEENS","40.73210668145798","-73.84658691222266"
"58791518","2023-09-12T07:59:00.000","2023-09-18T12:30:00.000","Catch Basin Clogged/Flooding (Use Comments) (SC)",,,,,"QUEENS","40.68750718953244","-73.8066581162885"
"58792943","2023-09-12T07:02:00.000","2023-09-12T10:00:00.000","Catch Basin Clogged/Flooding (Use Comments) (SC)",,,,,"BROOKLYN","40.58956382320933","-73.95951251344368"
"58795796","2023-09-12T00:23:00.000","2023-09-12T08:50:00.000","Catch Basin Clogged/Flooding (Use Comments) (SC)","371 WADSWORTH AVENUE","WADSWORTH AVENUE","W 191 ST","W 192 ST","MANHATTAN","40.85640861904781","-73.93006911226374"
"58785838","2023-09-11T21:02:00.000","2023-09-12T11:20:00.000","Catch Basin Clogged/Flooding (Use Comments) (SC)","3819 AVENUE P","AVENUE P","E 38 ST","RYDER ST","BROOKLYN","40.617350230859095","-73.9369724338454"
"58787247","2023-09-11T20:59:00.000","2023-09-12T06:30:00.000","Catch Basin Clogged/Flooding (Use Comments) (SC)",,,,,"BROOKLYN","40.613052412037106","-73.94911800917303"
"58784404","2023-09-11T20:56:00.000","2023-09-13T14:35:00.000","Catch Basin Clogged/Flooding (Use Comments) (SC)","29 NORTH BURGHER AVENUE","NORTH BURGHER AVENUE","RICHMOND TER","SKINNER LN","STATEN ISLAND","40.640793785458555","-74.11563559836752"
"58781563","2023-09-11T20:17:00.000","2023-09-22T09:30:00.000","Catch Basin Clogged/Flooding (Use Comments) (SC)","1 SEAFOAM STREET","SEAFOAM STREET","DUSTAN ST","CEDAR GROVE AVE","STATEN ISLAND","40.56434908273866","-74.10030054351164"
"58781551","2023-09-11T20:14:00.000","2023-09-13T10:00:00.000","Catch Basin Clogged/Flooding (Use Comments) (SC)","15 WOODVALE LOOP","WOODVALE LOOP","WOODVALE AVE","BEND","STATEN ISLAND","40.515042547986184","-74.20621843317913"
"58778801","2023-09-11T20:06:00.000","2023-09-21T11:35:00.000","Catch Basin Clogged/Flooding (Use Comments) (SC)",,,,,"BRONX","40.889175837266485","-73.84415567193834"
"58782946","2023-09-11T20:06:00.000","2023-09-13T13:00:00.000","Catch Basin Clogged/Flooding (Use Comments) (SC)","59-04 FRESH POND ROAD","FRESH POND ROAD","59 AVE","59 RD","QUEENS","40.71923700575479","-73.90246058527876"
"58785839","2023-09-11T20:02:00.000","2023-09-13T10:15:00.000","Catch Basin Clogged/Flooding (Use Comments) (SC)",,,,,"BROOKLYN","40.67783449059309","-73.98825408455741"
"58780144","2023-09-11T19:56:00.000","2023-09-12T09:10:00.000","Catch Basin Clogged/Flooding (Use Comments) (SC)","1694 42 STREET","42 STREET","16 AVE","17 AVE","BROOKLYN","40.633735596024565","-73.97941679806789"
"58784405","2023-09-11T19:50:00.000","2023-09-12T10:25:00.000","Catch Basin Clogged/Flooding (Use Comments) (SC)",,,,,"BROOKLYN","40.57571473035563","-73.96300905788313"
"58777383","2023-09-11T19:50:00.000","2023-09-12T09:55:00.000","Catch Basin Clogged/Flooding (Use Comments) (SC)","456 AVENUE W","AVENUE W","E 4 ST","E 5 ST","BROOKLYN","40.59310413748345","-73.96656049634231"
"58785840","2023-09-11T19:42:00.000","2023-09-12T06:50:00.000","Catch Basin Clogged/Flooding (Use Comments) (SC)","685 EAST   22 STREET","EAST   22 STREET","FOSTER AVE","FARRAGUT RD","BROOKLYN","40.63580144456758","-73.95628861466949"
"58782947","2023-09-11T19:41:00.000","2023-09-12T10:25:00.000","Catch Basin Clogged/Flooding (Use Comments) (SC)",,,,,"BROOKLYN","40.57571473035563","-73.96300905788313"
"58784406","2023-09-11T19:41:00.000","2023-09-12T08:05:00.000","Catch Basin Clogged/Flooding (Use Comments) (SC)",,,,,"BROOKLYN","40.6358679312773","-73.966254431583"
"58782948","2023-09-11T19:35:00.000","2023-09-12T12:50:00.000","Catch Basin Clogged/Flooding (Use Comments) (SC)","2795 STRICKLAND AVENUE","STRICKLAND AVENUE","NATIONAL DR","BEND","BROOKLYN","40.60833841918082","-73.91469484973855"
"58777384","2023-09-11T19:35:00.000","2023-09-12T12:00:00.000","Catch Basin Clogged/Flooding (Use Comments) (SC)","105-08 DITMARS BOULEVARD","DITMARS BOULEVARD","23 RD","27 AVE","QUEENS","40.76668620115499","-73.8650377379239"
"58780145","2023-09-11T19:32:00.000","2023-09-12T08:55:00.000","Catch Basin Clogged/Flooding (Use Comments) (SC)","6224 24 AVENUE","24 AVENUE","62 ST","63 ST","BROOKLYN","40.61271245333144","-73.97540374241889"
"58777385","2023-09-11T19:29:00.000","2023-09-11T19:40:00.000","Catch Basin Clogged/Flooding (Use Comments) (SC)","2795 STRICKLAND AVENUE","STRICKLAND AVENUE","NATIONAL DR","BEND","BROOKLYN","40.60833841918082","-73.91469484973855"
"58785841","2023-09-11T19:05:00.000","2023-09-12T09:25:00.000","Catch Basin Clogged/Flooding (Use Comments) (SC)","5000 14 AVENUE","14 AVENUE","50 ST","51 ST","BROOKLYN","40.63305634612914","-73.99059299967716"
"58781552","2023-09-11T19:02:00.000","2023-09-12T08:20:00.000","Catch Basin Clogged/Flooding (Use Comments) (SC)","490 14 STREET","14 STREET","8 AVE","PROSPECT PARK W","BROOKLYN","40.66187246563116","-73.97994156585224"
"58784407","2023-09-11T19:00:00.000","2023-09-12T08:20:00.000","Catch Basin Clogged/Flooding (Use Comments) (SC)","189 SIMONSON AVENUE","SIMONSON AVENUE","HEUSDEN ST","WALKER ST","STATEN ISLAND","40.63215457560707","-74.1521565206165"
"58780146","2023-09-11T18:56:00.000","2023-09-14T13:10:00.000","Catch Basin Clogged/Flooding (Use Comments) (SC)","94-15 156 AVENUE","156 AVENUE","CROSS BAY BLVD","KILLARNEY ST","QUEENS","40.664323680629465","-73.83989780813398"
"58780147","2023-09-11T18:56:00.000","2023-09-15T17:30:00.000","Catch Basin Clogged/Flooding (Use Comments) (SC)","220 WARWICK AVENUE","WARWICK AVENUE","WESTWOOD AVE","BEND","STATEN ISLAND","40.60567544362209","-74.13694524470073"
"58785842","2023-09-11T18:53:00.000","2023-09-13T09:05:00.000","Catch Basin Clogged/Flooding (Use Comments) (SC)","10 HALLETTS POINT","HALLETTS POINT","26 AVE","27 AVE","QUEENS","40.77632648387125","-73.93576406374527"
"58777386","2023-09-11T18:51:00.000","2023-09-16T15:25:00.000","Catch Basin Clogged/Flooding (Use Comments) (SC)","78 RIDGE STREET","RIDGE STREET","DELANCEY ST","RIVINGTON ST","MANHATTAN","40.71770718532209","-73.98382798018937"
"58782949","2023-09-11T18:50:00.000","2023-09-13T10:45:00.000","Catch Basin Clogged/Flooding (Use Comments) (SC)","56 MORRIS STREET","MORRIS STREET","SAMANTHA LN","ALVERSON AVE","STATEN ISLAND","40.55373390661085","-74.21055537128882"
"58781553","2023-09-11T18:50:00.000","2023-09-12T14:10:00.000","Catch Basin Clogged/Flooding (Use Comments) (SC)","503 GLENMORE AVENUE","GLENMORE AVENUE","BRADFORD ST","MILLER AVE","BROOKLYN","40.67382075261047","-73.89179480556588"
"58778802","2023-09-11T18:38:00.000","2023-09-13T11:30:00.000","Catch Basin Clogged/Flooding (Use Comments) (SC)",,,,,"STATEN ISLAND","40.54505215562192","-74.21929658628301"
"58785843","2023-09-11T18:32:00.000","2023-09-12T09:55:00.000","Catch Basin Clogged/Flooding (Use Comments) (SC)",,,,,"BROOKLYN","40.61805208444055","-73.9806823428405"
"58785844","2023-09-11T18:26:00.000","2023-09-12T11:15:00.000","Catch Basin Clogged/Flooding (Use Comments) (SC)",,,,,"MANHATTAN","40.7407905784571","-73.98381155127129"
"58784408","2023-09-11T18:26:00.000","2023-09-12T10:35:00.000","Catch Basin Clogged/Flooding (Use Comments) (SC)","51 ARDEN AVENUE","ARDEN AVENUE","ARTHUR KILL RD","KYLE CT","STATEN ISLAND","40.557999072982554","-74.1967818238309"
"58785845","2023-09-11T18:20:00.000","2023-09-14T07:44:00.000","Catch Basin Clogged/Flooding (Use Comments) (SC)","162 LAMOKA AVENUE","LAMOKA AVENUE","ABINGDON AVE","NOTRE DAME AVE","STATEN ISLAND","40.55045540781721","-74.15631013054224"
"58784409","2023-09-11T17:50:00.000","2023-09-12T11:05:00.000","Catch Basin Clogged/Flooding (Use Comments) (SC)","23-81 23 STREET","23 STREET","23 TER","24 AVE","QUEENS","40.77629467762673","-73.92002555344898"
"58787248","2023-09-11T17:29:00.000","2023-09-12T10:00:00.000","Catch Basin Clogged/Flooding (Use Comments) (SC)","671 EVERGREEN AVENUE","EVERGREEN AVENUE","SCHAEFER ST","DECATUR ST","BROOKLYN","40.687027620202024","-73.90974444587725"
"58780148","2023-09-11T17:08:00.000","2023-09-23T12:40:00.000","Catch Basin Clogged/Flooding (Use Comments) (SC)","2804 GUNTHER AVENUE","GUNTHER AVENUE","BARTOW AVE","ARNOW AVE","BRONX","40.867305122862604","-73.83747119266053"
"58787249","2023-09-11T16:53:00.000","2023-09-12T10:45:00.000","Catch Basin Clogged/Flooding (Use Comments) (SC)","25-19 24 AVENUE","24 AVENUE","CRESCENT ST","26 ST","QUEENS","40.77480352902884","-73.91894419285559"
"58781554","2023-09-11T16:53:00.000","2023-09-24T08:30:00.000","Catch Basin Clogged/Flooding (Use Comments) (SC)",,,,,"BRONX","40.82966512339516","-73.85682301424129"
"58784410","2023-09-11T16:50:00.000","2023-09-12T11:00:00.000","Catch Basin Clogged/Flooding (Use Comments) (SC)","196-05 42 AVENUE","42 AVENUE","196 ST","FRANCIS LEWIS BLVD","QUEENS","40.759775360077846","-73.78566009090288"
"58782950","2023-09-11T16:47:00.000","2023-09-12T14:20:00.000","Catch Basin Clogged/Flooding (Use Comments) (SC)",,,,,"STATEN ISLAND","40.63088568057195","-74.13047605059225"
"58777387","2023-09-11T16:41:00.000","2023-09-23T11:20:00.000","Catch Basin Clogged/Flooding (Use Comments) (SC)",,,,,"BRONX","40.83625615137052","-73.85322389764211"
"58780149","2023-09-11T16:14:00.000","2023-09-11T16:14:00.000","Catch Basin Clogged/Flooding (Use Comments) (SC)","FARRAGUT ROAD","FARRAGUT ROAD","TROY AVENUE","MARIE ANDREE BICHOTTE WAY","BROOKLYN",,
"58781562","2023-09-11T15:50:00.000","2023-09-12T13:15:00.000","Catch Basin Clogged/Flooding (Use Comments) (SC)","1354 EAST   64 STREET","EAST   64 STREET","BEND","AVENUE N","BROOKLYN","40.6202768585038","-73.91650227817166"
"58781555","2023-09-11T15:47:00.000","2023-09-13T11:55:00.000","Catch Basin Clogged/Flooding (Use Comments) (SC)",,,,,"QUEENS","40.704592958269146","-73.90824552278218"
"58777388","2023-09-11T15:41:00.000","2023-09-13T09:00:00.000","Catch Basin Clogged/Flooding (Use Comments) (SC)","93-18 220 STREET","220 STREET","93 AVE","93 RD","QUEENS","40.72226312034505","-73.73567019572874"
"58782951","2023-09-11T15:38:00.000","2023-09-12T10:50:00.000","Catch Basin Clogged/Flooding (Use Comments) (SC)","3025 OCEAN AVENUE","OCEAN AVENUE","JEROME AVE","VOORHIES AVE","BROOKLYN","40.587339144104575","-73.94911239809177"
"58777389","2023-09-11T15:35:00.000","2023-09-19T12:10:00.000","Catch Basin Clogged/Flooding (Use Comments) (SC)",,,,,"BRONX","40.81814652583584","-73.89928442854077"
"58787250","2023-09-11T15:23:00.000","2023-09-12T10:05:00.000","Catch Basin Clogged/Flooding (Use Comments) (SC)",,,,,"QUEENS","40.699921468410686","-73.7651586596888"
"58785846","2023-09-11T15:17:00.000","2023-09-12T09:45:00.000","Catch Basin Clogged/Flooding (Use Comments) (SC)","204-19 115 AVENUE","115 AVENUE","204 ST","205 ST","QUEENS","40.69898364792647","-73.74994651580529"
"58777394","2023-09-11T14:59:00.000","2023-09-13T08:50:00.000","Catch Basin Clogged/Flooding (Use Comments) (SC)","111 GOODALL STREET","GOODALL STREET","BEND","TENNYSON DR","STATEN ISLAND","40.53809370886964","-74.14513188298248"
"58782952","2023-09-11T14:56:00.000","2023-09-12T12:00:00.000","Catch Basin Clogged/Flooding (Use Comments) (SC)",,,,,"BROOKLYN","40.62209352504325","-73.93750829133472"
"58778803","2023-09-11T14:53:00.000","2024-12-05T12:40:00.000","Catch Basin Clogged/Flooding (Use Comments) (SC)","92-14 63 DRIVE","63 DRIVE","AUSTIN ST","WETHEROLE ST","QUEENS","40.72753930811426","-73.86398412502602"
"58782953","2023-09-11T14:44:00.000","2023-09-15T11:30:00.000","Catch Basin Clogged/Flooding (Use Comments) (SC)","249-01 64 AVENUE","64 AVENUE","MARATHON PKWY","251 ST","QUEENS","40.75473169581197","-73.72774498128945"
"58784411","2023-09-11T14:14:00.000","2023-09-12T12:20:00.000","Catch Basin Clogged/Flooding (Use Comments) (SC)","3901 AVENUE S","AVENUE S","RYDER ST","KIMBALL ST","BROOKLYN","40.61122748142202","-73.9290725768775"
"58777390","2023-09-11T14:11:00.000","2023-09-12T08:40:00.000","Catch Basin Clogged/Flooding (Use Comments) (SC)","271-03 77 ROAD","77 ROAD","271 ST","NASSAU CNTY BNDY","QUEENS","40.75239966165541","-73.70368764742567"
"58784412","2023-09-11T13:59:00.000","2023-09-13T15:25:00.000","Catch Basin Clogged/Flooding (Use Comments) (SC)","133-04 107 AVENUE","107 AVENUE","133 ST","134 ST","QUEENS","40.687707404507854","-73.81152896577167"
"58781549","2023-09-11T13:53:00.000","2023-09-11T14:25:00.000","Catch Basin Clogged/Flooding (Use Comments) (SC)",,,,,"BRONX","40.85161961551013","-73.82649197743508"
"58785847","2023-09-11T13:38:00.000","2023-09-12T08:15:00.000","Catch Basin Clogged/Flooding (Use Comments) (SC)",,,,,"BROOKLYN","40.661880548750595","-73.94556648229035"
"58785848","2023-09-11T13:20:00.000","2023-09-12T08:05:00.000","Catch Basin Clogged/Flooding (Use Comments) (SC)",,,,,"BROOKLYN","40.66563095821665","-73.98594929350905"
"58781556","2023-09-11T13:11:00.000","2023-09-14T13:00:00.000","Catch Basin Clogged/Flooding (Use Comments) (SC)",,,,,"QUEENS","40.73273679249736","-73.8607766255834"
"58782954","2023-09-11T12:50:00.000","2023-09-13T07:05:00.000","Catch Basin Clogged/Flooding (Use Comments) (SC)","2003 COYLE STREET","COYLE STREET","AVENUE T","AVENUE U","BROOKLYN","40.60309133141031","-73.93754408330838"
"58785849","2023-09-11T12:14:00.000","2023-09-12T12:10:00.000","Catch Basin Clogged/Flooding (Use Comments) (SC)","112 ATLANTIC AVENUE","ATLANTIC AVENUE","HENRY ST","CLINTON ST","BROOKLYN","40.69067231656264","-73.9959541269118"
"58784402","2023-09-11T12:11:00.000","2023-09-11T12:18:00.000","Catch Basin Clogged/Flooding (Use Comments) (SC)","192-40 NORTHERN BOULEVARD","NORTHERN BOULEVARD","192 ST","193 ST","QUEENS","40.75784926279926","-73.78902321199088"
"58781557","2023-09-11T11:59:00.000","2023-09-11T14:05:00.000","Catch Basin Clogged/Flooding (Use Comments) (SC)","68-01 32 AVENUE","32 AVENUE","68 ST","69 ST","QUEENS","40.75632368812989","-73.89877511792804"
"58778804","2023-09-11T11:59:00.000","2023-09-19T08:40:00.000","Catch Basin Clogged/Flooding (Use Comments) (SC)","192-40 NORTHERN BOULEVARD","NORTHERN BOULEVARD","192 ST","193 ST","QUEENS","40.75784926279926","-73.78902321199088"
"58784413","2023-09-11T11:53:00.000","2023-09-23T13:10:00.000","Catch Basin Clogged/Flooding (Use Comments) (SC)","1071 STRATFORD AVENUE","STRATFORD AVENUE","BRUCKNER BLVD","WATSON AVE","BRONX","40.82575825267107","-73.87470989152163"
"58784414","2023-09-11T11:35:00.000","2023-09-17T08:45:00.000","Catch Basin Clogged/Flooding (Use Comments) (SC)","46-38 158 STREET","158 STREET","46 AVE","LABURNUM AVE","QUEENS","40.75299259429588","-73.80877441298131"
"58778805","2023-09-11T11:32:00.000","2023-09-12T14:40:00.000","Catch Basin Clogged/Flooding (Use Comments) (SC)",,,,,"BROOKLYN","40.675276957054116","-73.8623458337343"
"58781558","2023-09-11T11:26:00.000","2023-09-21T10:15:00.000","Catch Basin Clogged/Flooding (Use Comments) (SC)","1985 WEBSTER AVENUE","WEBSTER AVENUE","ALDEN PL","E 179 ST","BRONX","40.850161053487895","-73.89950343380902"
"58785850","2023-09-11T10:56:00.000","2023-09-11T11:40:00.000","Catch Basin Clogged/Flooding (Use Comments) (SC)","1749 EAST   33 STREET","EAST   33 STREET","QUENTIN RD","AVENUE R","BROOKLYN","40.61239095278868","-73.9380108097472"
"58781559","2023-09-11T10:53:00.000","2023-09-18T14:40:00.000","Catch Basin Clogged/Flooding (Use Comments) (SC)","10-06 BAY   31 STREET","BAY   31 STREET","DWIGHT AVE","BESSEMUND AVE","QUEENS","40.60127436860533","-73.76686686338145"
"58782955","2023-09-11T10:38:00.000","2023-09-12T09:00:00.000","Catch Basin Clogged/Flooding (Use Comments) (SC)","110 NORTH    5 STREET","NORTH    5 STREET","BERRY ST","BEDFORD AVE","BROOKLYN","40.7174131829947","-73.960030070424"
"58785851","2023-09-11T10:35:00.000","2023-09-11T12:00:00.000","Catch Basin Clogged/Flooding (Use Comments) (SC)","100-01 75 AVENUE","75 AVENUE","METROPOLITAN AVE","KESSEL ST","QUEENS","40.70948100792523","-73.84410328479532"
"58785852","2023-09-11T10:32:00.000","2023-09-13T12:00:00.000","Catch Basin Clogged/Flooding (Use Comments) (SC)",,,,,"STATEN ISLAND","40.53703260127617","-74.20854921952487"
"58778806","2023-09-11T10:11:00.000","2023-09-12T11:45:00.000","Catch Basin Clogged/Flooding (Use Comments) (SC)","1605 BROADWAY","BROADWAY","W 48 ST","W 49 ST","MANHATTAN","40.7605364056214","-73.98464420946254"
"58785853","2023-09-11T10:08:00.000","2023-09-12T08:55:00.000","Catch Basin Clogged/Flooding (Use Comments) (SC)","797 3 AVENUE","3 AVENUE","27 ST","28 ST","BROOKLYN","40.660282233106095","-74.00146334771907"
"58778807","2023-09-11T09:35:00.000","2023-09-11T13:05:00.000","Catch Basin Clogged/Flooding (Use Comments) (SC)",,,,,"QUEENS","40.75796108290694","-73.78566231942435"
"58784415","2023-09-11T09:29:00.000","2023-09-11T13:25:00.000","Catch Basin Clogged/Flooding (Use Comments) (SC)",,,,,"QUEENS","40.76209263643869","-73.738187012026"
"58781560","2023-09-11T09:08:00.000","2023-09-12T09:40:00.000","Catch Basin Clogged/Flooding (Use Comments) (SC)","162 LAMOKA AVENUE","LAMOKA AVENUE","ABINGDON AVE","NOTRE DAME AVE","STATEN ISLAND","40.55045540781721","-74.15631013054224"
"58778800","2023-09-11T09:02:00.000","2023-09-11T09:02:00.000","Catch Basin Clogged/Flooding (Use Comments) (SC)","8102 5 AVENUE","5 AVENUE","81 ST","82 ST","BROOKLYN","40.62492954200551","-74.02451069992459"
"58782945","2023-09-11T09:02:00.000","2023-09-11T09:02:00.000","Catch Basin Clogged/Flooding (Use Comments) (SC)","8025 5 AVENUE","5 AVENUE","80 ST","81 ST","BROOKLYN","40.625541688268726","-74.0242371401434"
"58784403","2023-09-11T08:59:00.000","2023-09-11T09:59:00.000","Catch Basin Clogged/Flooding (Use Comments) (SC)","8101 5 AVENUE","5 AVENUE","81 ST","82 ST","BROOKLYN","40.624935036959535","-74.02448548517035"
"58787251","2023-09-11T08:59:00.000","2023-09-13T09:20:00.000","Catch Basin Clogged/Flooding (Use Comments) (SC)","216 TENNYSON DRIVE","TENNYSON DRIVE","GOODALL ST","GLOVER ST","STATEN ISLAND","40.537523006810495","-74.14495795456197"
"58784416","2023-09-11T08:47:00.000","2023-09-12T11:00:00.000","Catch Basin Clogged/Flooding (Use Comments) (SC)","122 JEFFERSON STREET","JEFFERSON STREET","EVERGREEN AVE","CENTRAL AVE","BROOKLYN","40.69984920026177","-73.93063004522115"
"58780150","2023-09-11T08:44:00.000","2023-09-12T10:55:00.000","Catch Basin Clogged/Flooding (Use Comments) (SC)","8101 5 AVENUE","5 AVENUE","81 ST","82 ST","BROOKLYN","40.624935036959535","-74.02448548517035"
"58778808","2023-09-11T08:44:00.000","2023-09-12T11:05:00.000","Catch Basin Clogged/Flooding (Use Comments) (SC)","8102 5 AVENUE","5 AVENUE","81 ST","82 ST","BROOKLYN","40.62492954200551","-74.02451069992459"
"58782956","2023-09-11T08:44:00.000","2023-09-12T11:30:00.000","Catch Basin Clogged/Flooding (Use Comments) (SC)","8025 5 AVENUE","5 AVENUE","80 ST","81 ST","BROOKLYN","40.625541688268726","-74.0242371401434"
"58782957","2023-09-11T08:39:00.000","2023-09-12T08:30:00.000","Catch Basin Clogged/Flooding (Use Comments) (SC)",,,,,"MANHATTAN","40.7928731578887","-73.94372225479658"
"58787252","2023-09-11T08:30:00.000","2023-09-12T12:00:00.000","Catch Basin Clogged/Flooding (Use Comments) (SC)","75 82 STREET","82 STREET","NARROWS AVE","COLONIAL RD","BROOKLYN","40.628036096213634","-74.03685062079612"
"58785854","2023-09-11T08:08:00.000","2023-09-12T11:15:00.000","Catch Basin Clogged/Flooding (Use Comments) (SC)","84 AMBASSADOR LANE","AMBASSADOR LANE","BEND","BEND","STATEN ISLAND","40.52895053694165","-74.21955671734872"
"58787253","2023-09-11T07:59:00.000","2023-09-21T10:10:00.000","Catch Basin Clogged/Flooding (Use Comments) (SC)","1358 MORRIS AVENUE","MORRIS AVENUE","E 169 ST","E 170 ST","BRONX","40.83686489003738","-73.91196608402282"
"58780151","2023-09-11T07:29:00.000","2023-09-13T10:40:00.000","Catch Basin Clogged/Flooding (Use Comments) (SC)","78 JOSEPH AVENUE","JOSEPH AVENUE","BEND","HAROLD ST","STATEN ISLAND","40.60120160242368","-74.13679202367835"
"58777391","2023-09-11T07:20:00.000","2023-09-14T10:30:00.000","Catch Basin Clogged/Flooding (Use Comments) (SC)","89-27 75 AVENUE","75 AVENUE","88 ST","BEND","QUEENS","40.70893909967834","-73.86027807465572"
"58785855","2023-09-11T01:44:00.000","2023-09-11T09:50:00.000","Catch Basin Clogged/Flooding (Use Comments) (SC)",,,,,"BROOKLYN","40.63670415049348","-73.990372700548"
"58785856","2023-09-11T00:47:00.000","2023-09-11T12:25:00.000","Catch Basin Clogged/Flooding (Use Comments) (SC)","37-38 58 STREET","58 STREET","37 AVE","38 AVE","QUEENS","40.749414707333436","-73.90468293348998"
"58769576","2023-09-10T23:32:00.000","2023-09-13T13:40:00.000","Catch Basin Clogged/Flooding (Use Comments) (SC)","26-04 169 STREET","169 STREET","26 AVE","29 AVE","QUEENS","40.772540271528854","-73.79573171042624"
"58774535","2023-09-10T19:23:00.000","2023-09-12T11:55:00.000","Catch Basin Clogged/Flooding (Use Comments) (SC)",,,,,"BRONX","40.900731405929164","-73.901969964742"
"58772510","2023-09-10T16:41:00.000","2023-09-11T11:30:00.000","Catch Basin Clogged/Flooding (Use Comments) (SC)","194 7 AVENUE","7 AVENUE","2 ST","3 ST","BROOKLYN","40.6710287166505","-73.97814357918901"
"58772511","2023-09-10T16:35:00.000","2023-09-11T12:00:00.000","Catch Basin Clogged/Flooding (Use Comments) (SC)","127-14 SIDWAY PLACE","SIDWAY PLACE","ANDERSON RD","ZOLLER RD","QUEENS","40.68217032365733","-73.76349774321814"
"58775482","2023-09-10T15:56:00.000","2023-09-11T11:01:00.000","Catch Basin Clogged/Flooding (Use Comments) (SC)",,,,,"QUEENS","40.695326727299225","-73.7892715450792"
"58769577","2023-09-10T15:53:00.000","2023-09-11T11:26:00.000","Catch Basin Clogged/Flooding (Use Comments) (SC)",,,,,"QUEENS","40.695326727299225","-73.7892715450792"
"58775498","2023-09-10T15:53:00.000","2023-09-10T18:00:00.000","Catch Basin Clogged/Flooding (Use Comments) (SC)","5623 7 AVENUE","7 AVENUE","56 ST","57 ST","BROOKLYN","40.63890821834607","-74.009577173338"
"58774536","2023-09-10T15:35:00.000","2023-09-10T21:50:00.000","Catch Basin Clogged/Flooding (Use Comments) (SC)","1118 EAST  232 STREET","EAST  232 STREET","LACONIA AVE","BEND","BRONX","40.88895024850641","-73.84580903649315"
"58772520","2023-09-10T14:47:00.000","2023-09-11T12:45:00.000","Catch Basin Clogged/Flooding (Use Comments) (SC)","605 EAST NEW YORK AVENUE","EAST NEW YORK AVENUE","KINGSTON AVE","ALBANY AVE","BROOKLYN","40.662098515870476","-73.94225385751183"
"58769579","2023-09-10T14:05:00.000","2023-09-11T11:30:00.000","Catch Basin Clogged/Flooding (Use Comments) (SC)",,,,,"QUEENS","40.73072188089099","-73.88005901334525"
"58769578","2023-09-10T14:05:00.000","2023-09-11T11:15:00.000","Catch Basin Clogged/Flooding (Use Comments) (SC)",,,,,"QUEENS","40.730995968443594","-73.8796868823132"
"58774537","2023-09-10T13:59:00.000","2023-09-14T11:30:00.000","Catch Basin Clogged/Flooding (Use Comments) (SC)","56-23 220 STREET","220 STREET","56 AVE","58 AVE","QUEENS","40.75198075349635","-73.75949624710896"
"58773551","2023-09-10T13:59:00.000","2023-09-10T17:05:00.000","Catch Basin Clogged/Flooding (Use Comments) (SC)","3623 AVENUE T","AVENUE T","E 36 ST","E 37 ST","BROOKLYN","40.60827147826762","-73.9293026117676"
"58769580","2023-09-10T13:53:00.000","2023-09-10T18:00:00.000","Catch Basin Clogged/Flooding (Use Comments) (SC)","156 WEST  174 STREET","WEST  174 STREET","POPHAM AVE","UNDERCLIFF AVE","BRONX","40.84739560441251","-73.92241235071911"
"58776467","2023-09-10T13:17:00.000","2023-09-13T11:20:00.000","Catch Basin Clogged/Flooding (Use Comments) (SC)",,,,,"QUEENS","40.78169204580207","-73.83960476892017"
"58776466","2023-09-10T13:17:00.000","2023-09-11T12:30:00.000","Catch Basin Clogged/Flooding (Use Comments) (SC)",,,,,"QUEENS","40.68128976328933","-73.84844524772599"
"58769581","2023-09-10T13:14:00.000","2023-09-13T11:50:00.000","Catch Basin Clogged/Flooding (Use Comments) (SC)",,,,,"QUEENS","40.781693293707335","-73.84050387571934"
"58770553","2023-09-10T13:11:00.000","2023-09-13T12:15:00.000","Catch Basin Clogged/Flooding (Use Comments) (SC)",,,,,"QUEENS","40.78169179980607","-73.84141021083116"
"58770554","2023-09-10T13:08:00.000","2023-09-12T10:10:00.000","Catch Basin Clogged/Flooding (Use Comments) (SC)",,,,,"BRONX","40.83553003552484","-73.86315623123548"
"58773552","2023-09-10T12:56:00.000","2023-09-10T18:10:00.000","Catch Basin Clogged/Flooding (Use Comments) (SC)","1693 49 STREET","49 STREET","16 AVE","17 AVE","BROOKLYN","40.62984689229707","-73.98352142840015"
"58769582","2023-09-10T12:53:00.000","2023-09-10T12:53:00.000","Catch Basin Clogged/Flooding (Use Comments) (SC)","605 EAST NEW YORK AVENUE","EAST NEW YORK AVENUE","KINGSTON AVE","ALBANY AVE","BROOKLYN","40.662098515870476","-73.94225385751183"
"58770555","2023-09-10T12:47:00.000","2023-09-12T07:55:00.000","Catch Basin Clogged/Flooding (Use Comments) (SC)","614 TROY AVENUE","TROY AVENUE","HAWTHORNE ST","WINTHROP ST","BROOKLYN","40.658502806505915","-73.9369371569495"
"58771535","2023-09-10T12:47:00.000","2023-09-14T11:05:00.000","Catch Basin Clogged/Flooding (Use Comments) (SC)","57-15 SPRINGFIELD BOULEVARD","SPRINGFIELD BOULEVARD","56 AVE","58 AVE","QUEENS","40.75185292570994","-73.75874597985138"
"58772512","2023-09-10T12:41:00.000","2023-09-10T17:40:00.000","Catch Basin Clogged/Flooding (Use Comments) (SC)","1601 AVENUE R","AVENUE R","E 16 ST","E 17 ST","BROOKLYN","40.60592726655482","-73.95665030442473"
"58770556","2023-09-10T12:32:00.000","2023-09-12T09:10:00.000","Catch Basin Clogged/Flooding (Use Comments) (SC)","640 COMMONWEALTH AVENUE","COMMONWEALTH AVENUE","RANDALL AVE","SEWARD AVE","BRONX","40.81768598996739","-73.86494876116717"
"58776468","2023-09-10T12:26:00.000","2023-09-11T09:15:00.000","Catch Basin Clogged/Flooding (Use Comments) (SC)","7501 10 AVENUE","10 AVENUE","BAY RIDGE PKWY","76 ST","BROOKLYN","40.624198428495994","-74.01412123609454"
"58771536","2023-09-10T12:23:00.000","2023-09-10T12:23:00.000","Catch Basin Clogged/Flooding (Use Comments) (SC)","613 EAST NEW YORK AVENUE","EAST NEW YORK AVENUE","KINGSTON AVE","ALBANY AVE","BROOKLYN","40.66211214915054","-73.94207362549035"
"58774538","2023-09-10T12:20:00.000","2023-09-13T13:00:00.000","Catch Basin Clogged/Flooding (Use Comments) (SC)","151-81 18 AVENUE","18 AVENUE","MURRAY ST","154 ST","QUEENS","40.78249995562487","-73.81124620779535"
"58775483","2023-09-10T12:17:00.000","2023-09-11T12:00:00.000","Catch Basin Clogged/Flooding (Use Comments) (SC)","52-52 68 STREET","68 STREET","52 DR","53 AVE","QUEENS","40.73176775867413","-73.89721760760575"
"58774539","2023-09-10T12:08:00.000","2023-09-10T12:08:00.000","Catch Basin Clogged/Flooding (Use Comments) (SC)","605 EAST NY AVENUE","EAST NY AVENUE","KINGSTON AVE","ALBANY AVE","BROOKLYN","40.662098515870476","-73.94225385751183"
"58773553","2023-09-10T12:08:00.000","2023-09-14T13:45:00.000","Catch Basin Clogged/Flooding (Use Comments) (SC)","80-10 162 STREET","162 STREET","UNION TPKE","GOETHALS AVE","QUEENS","40.72063169383668","-73.805385952348"
"58774540","2023-09-10T12:02:00.000","2023-09-10T12:02:00.000","Catch Basin Clogged/Flooding (Use Comments) (SC)","605 EAST NEW YORK AVENUE","EAST NEW YORK AVENUE","KINGSTON AVE","ALBANY AVE","BROOKLYN","40.662098515870476","-73.94225385751183"
"58776469","2023-09-10T11:53:00.000","2023-09-10T17:20:00.000","Catch Basin Clogged/Flooding (Use Comments) (SC)","4008 BEDFORD AVENUE","BEDFORD AVENUE","AVENUE S","AVENUE T","BROOKLYN","40.60401303681723","-73.94742149860605"
"58769583","2023-09-10T11:44:00.000","2023-09-14T10:20:00.000","Catch Basin Clogged/Flooding (Use Comments) (SC)",,,,,"QUEENS","40.749360654989324","-73.7694524884833"
"58772513","2023-09-10T11:41:00.000","2023-09-12T11:35:00.000","Catch Basin Clogged/Flooding (Use Comments) (SC)","1447 TROY AVENUE","TROY AVENUE","FOSTER AVE","FARRAGUT RD","BROOKLYN","40.637394143479106","-73.93465834705697"
"58774541","2023-09-10T11:38:00.000","2023-09-10T12:35:00.000","Catch Basin Clogged/Flooding (Use Comments) (SC)","22-27 150 STREET","150 STREET","22 AVE","23 AVE","QUEENS","40.778555660482894","-73.81456480322616"
"58769584","2023-09-10T11:35:00.000","2023-09-11T09:10:00.000","Catch Basin Clogged/Flooding (Use Comments) (SC)","28-01 56 PLACE","56 PLACE","28 AVE","30 AVE","QUEENS","40.761025105706224","-73.90482514774372"
"58772514","2023-09-10T11:32:00.000","2023-09-11T15:00:00.000","Catch Basin Clogged/Flooding (Use Comments) (SC)",,,,,"BROOKLYN","40.5919940178207","-73.93737443161778"
"58776470","2023-09-10T11:26:00.000","2023-09-10T16:45:00.000","Catch Basin Clogged/Flooding (Use Comments) (SC)",,,,,"BROOKLYN","40.62565225545695","-73.93052343902858"
"58770557","2023-09-10T11:26:00.000","2023-09-11T10:30:00.000","Catch Basin Clogged/Flooding (Use Comments) (SC)","571 WEST  139 STREET","WEST  139 STREET","HAMILTON PL","BROADWAY","MANHATTAN","40.822388418357896","-73.9525890968376"
"58774542","2023-09-10T11:23:00.000","2023-09-12T07:40:00.000","Catch Basin Clogged/Flooding (Use Comments) (SC)","574 TROY AVENUE","TROY AVENUE","FENIMORE ST","HAWTHORNE ST","BROOKLYN","40.65937020615396","-73.93702644336537"
"58776471","2023-09-10T11:23:00.000","2023-09-12T09:35:00.000","Catch Basin Clogged/Flooding (Use Comments) (SC)",,,,,"BROOKLYN","40.63943913961133","-73.93488694808413"
"58770552","2023-09-10T11:11:00.000","2023-09-10T13:50:00.000","Catch Basin Clogged/Flooding (Use Comments) (SC)",,,,,"BRONX","40.81289297726823","-73.92011885282989"
"58776472","2023-09-10T11:11:00.000","2023-09-10T18:30:00.000","Catch Basin Clogged/Flooding (Use Comments) (SC)","8120 15 AVENUE","15 AVENUE","81 ST","82 ST","BROOKLYN","40.61408728421297","-74.00673898743104"
"58775484","2023-09-10T01:23:00.000","2023-09-10T10:45:00.000","Catch Basin Clogged/Flooding (Use Comments) (SC)",,,,,"STATEN ISLAND","40.5540412992713","-74.1405423504566"
"58762552","2023-09-09T17:02:00.000","2023-09-11T09:40:00.000","Catch Basin Clogged/Flooding (Use Comments) (SC)","2987 8 AVENUE","8 AVENUE","HARLEM RIVER DRIVE SERVICE RD W","HARLEM RIVER DRIVE SERVICE RD W","MANHATTAN","40.830729904331186","-73.93613432501654"
"58760245","2023-09-09T16:53:00.000","2023-09-09T22:05:00.000","Catch Basin Clogged/Flooding (Use Comments) (SC)","1870 WEBSTER AVENUE","WEBSTER AVENUE","E 176 ST","E TREMONT AVE","BRONX","40.84714064006353","-73.90125015313338"
"58764947","2023-09-09T16:26:00.000","2023-09-10T18:55:00.000","Catch Basin Clogged/Flooding (Use Comments) (SC)","2890 WEST   21 STREET","WEST   21 STREET","NEPTUNE AVE","MERMAID AVE","BROOKLYN","40.576752110975434","-73.98805587300949"
"58766071","2023-09-09T15:41:00.000","2023-09-11T09:30:00.000","Catch Basin Clogged/Flooding (Use Comments) (SC)","80-19 160 AVENUE","160 AVENUE","80 ST","81 ST","QUEENS","40.6557644528274","-73.85143334099831"
"58760246","2023-09-09T15:29:00.000","2023-09-09T22:25:00.000","Catch Basin Clogged/Flooding (Use Comments) (SC)","55 RICHMOND PLAZA","RICHMOND PLAZA","MAC CRACKEN AVE","HARLEM RIVER PARK BRDG","BRONX","40.852253621870446","-73.92224763672294"
"58766072","2023-09-09T15:05:00.000","2023-09-11T12:00:00.000","Catch Basin Clogged/Flooding (Use Comments) (SC)","1870 LEXINGTON AVENUE","LEXINGTON AVENUE","E 115 ST","E 116 ST","MANHATTAN","40.79852629640253","-73.94170209641075"
"58768388","2023-09-09T13:14:00.000","2023-09-20T15:50:00.000","Catch Basin Clogged/Flooding (Use Comments) (SC)","765 GARDEN STREET","GARDEN STREET","PROSPECT AVE","CROTONA PKWY","BRONX","40.84999318032301","-73.88437664013274"
"58767267","2023-09-09T10:11:00.000","2023-09-11T08:30:00.000","Catch Basin Clogged/Flooding (Use Comments) (SC)","23 BACHE STREET","BACHE STREET","JEWETT AVE","DERBY CT","STATEN ISLAND","40.62859557345542","-74.13131097864607"
"58763759","2023-09-09T10:05:00.000","2023-09-12T11:10:00.000","Catch Basin Clogged/Flooding (Use Comments) (SC)","213 ORIENTAL BOULEVARD","ORIENTAL BOULEVARD","AMHERST ST","BEAUMONT ST","BROOKLYN","40.57701980280311","-73.9516977257656"
"58764948","2023-09-09T09:17:00.000","2023-09-11T12:45:00.000","Catch Basin Clogged/Flooding (Use Comments) (SC)","30-46 30 AVENUE","30 AVENUE","30 ST","31 ST","QUEENS","40.7669526275128","-73.92154578455822"
"58750932","2023-09-08T21:02:00.000","2023-09-09T09:25:00.000","Catch Basin Clogged/Flooding (Use Comments) (SC)","56-44 HAMILTON PLACE","HAMILTON PLACE","55 DR","PERRY AVE","QUEENS","40.72508051855932","-73.89917974746227"
"58753530","2023-09-08T20:17:00.000","2023-09-11T13:45:00.000","Catch Basin Clogged/Flooding (Use Comments) (SC)","181 CABRINI BOULEVARD","CABRINI BOULEVARD","BEND","W 186 ST","MANHATTAN","40.85385850067424","-73.93924975918304"
"58749640","2023-09-08T17:02:00.000","2023-09-11T11:15:00.000","Catch Basin Clogged/Flooding (Use Comments) (SC)","1615 PARK PLACE","PARK PLACE","BUFFALO AVE","RALPH AVE","BROOKLYN","40.67199927350861","-73.92396103480311"
"58750933","2023-09-08T17:02:00.000","2023-09-10T12:50:00.000","Catch Basin Clogged/Flooding (Use Comments) (SC)","149-26 123 STREET","123 STREET","149 AVE","150 AVE","QUEENS","40.667295141828106","-73.81704414665575"
"58754905","2023-09-08T16:59:00.000","2023-09-10T13:00:00.000","Catch Basin Clogged/Flooding (Use Comments) (SC)","135-30 123 STREET","123 STREET","135 AVE","149 AVE","QUEENS","40.66944049602824","-73.81637497730047"
"58756237","2023-09-08T15:53:00.000","2023-09-17T10:30:00.000","Catch Basin Clogged/Flooding (Use Comments) (SC)","35 VEDDER AVENUE","VEDDER AVENUE","HOLIDAY DR","WILLOW RD W","STATEN ISLAND","40.621967216315085","-74.14905698340067"
"58756238","2023-09-08T15:08:00.000","2023-09-11T10:20:00.000","Catch Basin Clogged/Flooding (Use Comments) (SC)","1 BUTTERWORTH AVENUE","BUTTERWORTH AVENUE","OCEAN TER","PORTSMOUTH AVE","STATEN ISLAND","40.60380345265634","-74.10579051308927"
"58756239","2023-09-08T12:38:00.000","2023-09-11T09:00:00.000","Catch Basin Clogged/Flooding (Use Comments) (SC)","178 HATFIELD PLACE","HATFIELD PLACE","CRITTENDEN PL","NICHOLAS AVE","STATEN ISLAND","40.63411592664249","-74.14012371536992"
"58756240","2023-09-08T10:59:00.000","2023-09-10T12:25:00.000","Catch Basin Clogged/Flooding (Use Comments) (SC)","119-43 INWOOD STREET","INWOOD STREET","119 AVE","120 AVE","QUEENS","40.67774212686464","-73.79448623425311"
"58754906","2023-09-08T10:14:00.000","2023-09-09T13:45:00.000","Catch Basin Clogged/Flooding (Use Comments) (SC)",,,,,"BROOKLYN","40.61273370169838","-74.01171285024176"
"58758952","2023-09-08T09:53:00.000","2023-09-08T12:35:00.000","Catch Basin Clogged/Flooding (Use Comments) (SC)","66-42 74 STREET","74 STREET","JUNIPER VALLEY RD","66 DR","QUEENS","40.71425814722768","-73.87942851694758"
"58752196","2023-09-08T09:41:00.000","2023-09-09T07:38:00.000","Catch Basin Clogged/Flooding (Use Comments) (SC)","497 SOUNDVIEW AVENUE","SOUNDVIEW AVENUE","LELAND AVE","LACOMBE AVE","BRONX","40.81508584641804","-73.85960725198207"
"58749641","2023-09-08T08:26:00.000","2023-09-09T09:50:00.000","Catch Basin Clogged/Flooding (Use Comments) (SC)","62-22 59 DRIVE","59 DRIVE","FRESH POND RD","63 ST","QUEENS","40.71800908115835","-73.90126832338792"
"58749642","2023-09-08T07:23:00.000","2023-09-09T11:40:00.000","Catch Basin Clogged/Flooding (Use Comments) (SC)",,,,,"QUEENS","40.73501922757096","-73.89602905334505"
"58749643","2023-09-08T07:11:00.000","2023-09-10T09:50:00.000","Catch Basin Clogged/Flooding (Use Comments) (SC)","43-01 46 STREET","46 STREET","43 AVE","QUEENS BLVD","QUEENS","40.744665834863014","-73.91838539589537"
"58741436","2023-09-07T21:53:00.000","2023-09-14T10:30:00.000","Catch Basin Clogged/Flooding (Use Comments) (SC)",,,,,"QUEENS","40.68186112546283","-73.79551191875565"
"58745574","2023-09-07T21:32:00.000","2023-09-09T09:25:00.000","Catch Basin Clogged/Flooding (Use Comments) (SC)","497 SOUNDVIEW AVENUE","SOUNDVIEW AVENUE","LELAND AVE","LACOMBE AVE","BRONX","40.81508584641804","-73.85960725198207"
"58748265","2023-09-07T19:29:00.000","2023-09-08T10:30:00.000","Catch Basin Clogged/Flooding (Use Comments) (SC)","626 HUDSON STREET","HUDSON STREET","JANE ST","HORATIO ST","MANHATTAN","40.73830209229311","-74.00555712880397"
"58742877","2023-09-07T19:20:00.000","2023-09-08T09:45:00.000","Catch Basin Clogged/Flooding (Use Comments) (SC)","40 8 AVENUE","8 AVENUE","W 12 ST","JANE ST","MANHATTAN","40.73804139591824","-74.00426526009365"
"58738685","2023-09-07T18:26:00.000","2023-09-07T18:26:00.000","Catch Basin Clogged/Flooding (Use Comments) (SC)","857 KNICKERBOCKER AVENUE","KNICKERBOCKER AVENUE","SCHAEFER ST","DECATUR ST","BROOKLYN","40.69154216139062","-73.90556619682287"
"58748266","2023-09-07T17:56:00.000","2023-09-08T08:45:00.000","Catch Basin Clogged/Flooding (Use Comments) (SC)",,,,,"QUEENS","40.78009020850959","-73.91939271712177"
"58748267","2023-09-07T16:56:00.000","2023-09-07T16:56:00.000","Catch Basin Clogged/Flooding (Use Comments) (SC)",,,,,"BROOKLYN","40.6431097610319","-74.0160710620271"
"58742878","2023-09-07T16:53:00.000","2023-09-13T14:35:00.000","Catch Basin Clogged/Flooding (Use Comments) (SC)","967 EAST  223 STREET","EAST  223 STREET","BRONXWOOD AVE","PAULDING AVE","BRONX","40.884039442616526","-73.85381999319212"
"58738686","2023-09-07T15:53:00.000","2023-09-08T10:00:00.000","Catch Basin Clogged/Flooding (Use Comments) (SC)","316 EAST   57 STREET","EAST   57 STREET","TILDEN AVE","BEVERLEY RD","BROOKLYN","40.64798467798027","-73.92319560237648"
"58746947","2023-09-07T15:05:00.000","2023-09-08T11:30:00.000","Catch Basin Clogged/Flooding (Use Comments) (SC)","108-17 34 AVENUE","34 AVENUE","108 ST","109 ST","QUEENS","40.756322070136534","-73.8604566171002"
"58745575","2023-09-07T14:26:00.000","2023-09-08T09:00:00.000","Catch Basin Clogged/Flooding (Use Comments) (SC)","110 EAST   14 STREET","EAST   14 STREET","4 AVE","IRVING PL","MANHATTAN","40.73409400540723","-73.98911376699951"
"58738687","2023-09-07T14:02:00.000","2023-09-07T14:10:00.000","Catch Basin Clogged/Flooding (Use Comments) (SC)","74-13 64 STREET","64 STREET","DEAD END","75 AVE","QUEENS","40.699718126701804","-73.8922648874089"
"58746948","2023-09-07T13:38:00.000","2023-09-08T17:15:00.000","Catch Basin Clogged/Flooding (Use Comments) (SC)","258-05 83 AVENUE","83 AVENUE","258 ST","259 ST","QUEENS","40.73879780761637","-73.7106369025747"
"58740042","2023-09-07T12:59:00.000","2023-09-10T13:25:00.000","Catch Basin Clogged/Flooding (Use Comments) (SC)",,,,,"QUEENS","40.702473911305376","-73.79992086969553"
"58748268","2023-09-07T12:26:00.000","2023-09-09T08:45:00.000","Catch Basin Clogged/Flooding (Use Comments) (SC)","2014 CICERO AVENUE","CICERO AVENUE","PUGSLEY AVE","OLMSTEAD AVE","BRONX","40.81693015180044","-73.85288356535573"
"58744278","2023-09-07T12:17:00.000","2023-09-09T11:30:00.000","Catch Basin Clogged/Flooding (Use Comments) (SC)",,,,,"BROOKLYN","40.6431097610319","-74.0160710620271"
"58742879","2023-09-07T12:02:00.000","2023-09-12T14:35:00.000","Catch Basin Clogged/Flooding (Use Comments) (SC)","88-02 103 AVENUE","103 AVENUE","88 ST","89 ST","QUEENS","40.680601223854936","-73.85085161980726"
"58740043","2023-09-07T11:56:00.000","2023-09-07T11:56:00.000","Catch Basin Clogged/Flooding (Use Comments) (SC)","847 KNICKERBOCKER AVENUE","KNICKERBOCKER AVENUE","COVERT ST","SCHAEFER ST","BROOKLYN","40.69176205876786","-73.90595172829137"
"58740044","2023-09-07T11:23:00.000","2023-09-08T09:05:00.000","Catch Basin Clogged/Flooding (Use Comments) (SC)","132 WEST   58 STREET","WEST   58 STREET","AVENUE OF THE AMERICAS","7 AVE","MANHATTAN","40.76544288738948","-73.97778769622414"
"58738688","2023-09-07T11:05:00.000","2023-09-21T12:10:00.000","Catch Basin Clogged/Flooding (Use Comments) (SC)","300 MORRIS AVENUE","MORRIS AVENUE","E 139 ST","E 140 ST","BRONX","40.812109423967506","-73.92640198003615"
"58741437","2023-09-07T10:56:00.000","2023-09-07T13:05:00.000","Catch Basin Clogged/Flooding (Use Comments) (SC)","23-10 163 STREET","163 STREET","23 AVE","24 AVE","QUEENS","40.77664984251082","-73.8008281212985"
"58741438","2023-09-07T10:05:00.000","2023-09-08T07:40:00.000","Catch Basin Clogged/Flooding (Use Comments) (SC)","441 GLENMORE AVENUE","GLENMORE AVENUE","VERMONT ST","WYONA ST","BROOKLYN","40.673485235856724","-73.89404127795287"
"58745573","2023-09-07T09:50:00.000","2023-09-07T09:50:00.000","Catch Basin Clogged/Flooding (Use Comments) (SC)","566 EAST   94 STREET","EAST   94 STREET","LINDEN BLVD","AVENUE A","BROOKLYN","40.65367228655004","-73.915941512849"
"58742880","2023-09-07T09:47:00.000","2023-09-11T10:00:00.000","Catch Basin Clogged/Flooding (Use Comments) (SC)","566 EAST   94 STREET","EAST   94 STREET","LINDEN BLVD","AVENUE A","BROOKLYN","40.65367228655004","-73.915941512849"
"58744279","2023-09-07T09:32:00.000","2023-09-14T11:30:00.000","Catch Basin Clogged/Flooding (Use Comments) (SC)","139-26 254 STREET","254 STREET","139 AVE","FRANCIS LEWIS BLVD","QUEENS","40.66112544750252","-73.72959039893784"
"58729578","2023-09-06T20:35:00.000","2023-09-08T08:45:00.000","Catch Basin Clogged/Flooding (Use Comments) (SC)","855 KNICKERBOCKER AVENUE","KNICKERBOCKER AVENUE","SCHAEFER ST","DECATUR ST","BROOKLYN","40.691564152074115","-73.90560583165338"
"58732162","2023-09-06T17:38:00.000","2023-09-06T18:40:00.000","Catch Basin Clogged/Flooding (Use Comments) (SC)","1615 PARK PLACE","PARK PLACE","BUFFALO AVE","RALPH AVE","BROOKLYN","40.67199927350861","-73.92396103480311"
"58730837","2023-09-06T16:32:00.000","2023-09-14T09:50:00.000","Catch Basin Clogged/Flooding (Use Comments) (SC)","115-59 122 STREET","122 STREET","115 AVE","116 AVE","QUEENS","40.676420370107756","-73.81630889184167"
"58730838","2023-09-06T16:26:00.000","2023-09-07T10:20:00.000","Catch Basin Clogged/Flooding (Use Comments) (SC)","74-24 64 STREET","64 STREET","DEAD END","75 AVE","QUEENS","40.699622066700194","-73.89227225550972"
"58730839","2023-09-06T16:20:00.000","2023-09-07T09:20:00.000","Catch Basin Clogged/Flooding (Use Comments) (SC)","74-13 64 STREET","64 STREET","DEAD END","75 AVE","QUEENS","40.699718126701804","-73.8922648874089"
"58734749","2023-09-06T16:20:00.000","2023-09-07T11:25:00.000","Catch Basin Clogged/Flooding (Use Comments) (SC)","66-30 60 PLACE","60 PLACE","PALMETTO ST","WOODBINE ST","QUEENS","40.70736455455459","-73.90088012168513"
"58733471","2023-09-06T16:14:00.000","2023-09-07T09:00:00.000","Catch Basin Clogged/Flooding (Use Comments) (SC)",,,,,"STATEN ISLAND","40.62097070652953","-74.12373499046825"
"58734750","2023-09-06T15:11:00.000","2023-09-09T09:45:00.000","Catch Basin Clogged/Flooding (Use Comments) (SC)",,,,,"BRONX","40.82904612668444","-73.87443630512944"
"58730840","2023-09-06T14:50:00.000","2023-09-07T07:30:00.000","Catch Basin Clogged/Flooding (Use Comments) (SC)","91-10 34 AVENUE","34 AVENUE","91 ST","92 ST","QUEENS","40.75462487750684","-73.8764607025274"
"58741439","2023-09-06T14:23:00.000",,"Catch Basin Clogged/Flooding (Use Comments) (SC)","75 GREENWICH AVENUE","GREENWICH AVENUE","7 AVE","BANK ST","MANHATTAN","40.73671849788938","-74.0012016103309"
"58730841","2023-09-06T14:17:00.000","2023-09-09T10:00:00.000","Catch Basin Clogged/Flooding (Use Comments) (SC)",,,,,"BROOKLYN","40.66975396650748","-73.98921799361396"
"58732163","2023-09-06T13:29:00.000","2023-09-19T09:25:00.000","Catch Basin Clogged/Flooding (Use Comments) (SC)","2238 MORRIS AVENUE","MORRIS AVENUE","E 182 ST","E 183 ST","BRONX","40.85705837422052","-73.90256212193948"
"58730842","2023-09-06T13:23:00.000","2023-09-12T08:50:00.000","Catch Basin Clogged/Flooding (Use Comments) (SC)","2823 MIDDLETOWN ROAD","MIDDLETOWN ROAD","MULFORD AVE","MAYFLOWER AVE","BRONX","40.84347895518481","-73.83597528324847"
"58728208","2023-09-06T13:20:00.000","2023-09-12T07:55:00.000","Catch Basin Clogged/Flooding (Use Comments) (SC)","916 VINCENT AVENUE","VINCENT AVENUE","LAFAYETTE AVE","BARKLEY AVE","BRONX","40.83262947271745","-73.81967918199408"
"58736070","2023-09-06T12:53:00.000","2023-09-09T12:30:00.000","Catch Basin Clogged/Flooding (Use Comments) (SC)",,,,,"BROOKLYN","40.61788774674455","-74.01710957401451"
"58733472","2023-09-06T12:32:00.000","2023-09-07T07:50:00.000","Catch Basin Clogged/Flooding (Use Comments) (SC)","116-33 QUEENS BOULEVARD","QUEENS BOULEVARD","77 AVE","78 AVE","QUEENS","40.71597376242406","-73.83333467013915"
"58728209","2023-09-06T12:29:00.000","2023-09-07T11:10:00.000","Catch Basin Clogged/Flooding (Use Comments) (SC)","94-10 60 AVENUE","60 AVENUE","94 ST","JUNCTION BLVD","QUEENS","40.73426099321965","-73.8661317823534"
"58737355","2023-09-06T12:23:00.000","2023-09-06T12:23:00.000","Catch Basin Clogged/Flooding (Use Comments) (SC)","349 QUINCY STREET","QUINCY STREET","MARCY AVE","TOMPKINS AVE","BROOKLYN","40.68743215572159","-73.94661653822423"
"58733473","2023-09-06T12:20:00.000","2023-09-07T12:30:00.000","Catch Basin Clogged/Flooding (Use Comments) (SC)","29 AVENUE A","AVENUE A","E 2 ST","E 3 ST","MANHATTAN","40.723174986124334","-73.98564493727771"
"58730843","2023-09-06T12:02:00.000","2023-09-08T09:00:00.000","Catch Basin Clogged/Flooding (Use Comments) (SC)",,,,,"BROOKLYN","40.687309093503195","-73.94760101093878"
"58732161","2023-09-06T11:17:00.000","2023-09-08T08:30:00.000","Catch Basin Clogged/Flooding (Use Comments) (SC)","58 COLUMBUS AVENUE","COLUMBUS AVENUE","TARGEE ST","W FINGERBOARD RD","STATEN ISLAND","40.60095893139928","-74.09080901225647"
"58737356","2023-09-06T09:17:00.000","2023-09-11T10:00:00.000","Catch Basin Clogged/Flooding (Use Comments) (SC)","130-01 228 STREET","228 STREET","130 AVE","131 AVE","QUEENS","40.68192039197723","-73.73928777247102"
"58737357","2023-09-06T08:41:00.000","2023-09-22T08:55:00.000","Catch Basin Clogged/Flooding (Use Comments) (SC)",,,,,"BRONX","40.85706014684002","-73.90468410712803"
"58725483","2023-09-05T19:38:00.000","2023-09-06T11:55:00.000","Catch Basin Clogged/Flooding (Use Comments) (SC)",,,,,"BROOKLYN","40.616132061915025","-74.00817636027469"
"58721489","2023-09-05T17:35:00.000","2023-09-19T09:45:00.000","Catch Basin Clogged/Flooding (Use Comments) (SC)",,,,,"BRONX","40.84093036295469","-73.91269797926567"
"58721490","2023-09-05T16:50:00.000","2023-09-06T08:00:00.000","Catch Basin Clogged/Flooding (Use Comments) (SC)","70-18 GROTON STREET","GROTON STREET","70 AVE","CONTINENTAL AVE","QUEENS","40.716440126633486","-73.84907596848869"
"58725482","2023-09-05T15:17:00.000","2023-09-06T08:20:00.000","Catch Basin Clogged/Flooding (Use Comments) (SC)","110 SARATOGA AVENUE","SARATOGA AVENUE","DECATUR ST","BAINBRIDGE ST","BROOKLYN","40.68296273530434","-73.91720979400766"
"58726875","2023-09-05T14:38:00.000","2023-09-06T10:05:00.000","Catch Basin Clogged/Flooding (Use Comments) (SC)","186 PROSPECT PARK WEST","PROSPECT PARK WEST","13 ST","14 ST","BROOKLYN","40.66169119395068","-73.97928562302661"
"58718708","2023-09-05T12:23:00.000","2023-09-08T12:05:00.000","Catch Basin Clogged/Flooding (Use Comments) (SC)","98-02 31 AVENUE","31 AVENUE","98 ST","99 ST","QUEENS","40.76081370041805","-73.870922698658"
"58741440","2023-09-05T11:44:00.000","2023-09-08T08:20:00.000","Catch Basin Clogged/Flooding (Use Comments) (SC)","30 EAST  111 STREET","EAST  111 STREET","5 AVE","MADISON AVE","MANHATTAN","40.7970690383345","-73.9478324469437"
"58720113","2023-09-05T10:20:00.000","2023-09-05T11:20:00.000","Catch Basin Clogged/Flooding (Use Comments) (SC)","35 PIERREPONT STREET","PIERREPONT STREET","WILLOW ST","HICKS ST","BROOKLYN","40.69603010685138","-73.99600789534158"
"58726876","2023-09-05T10:11:00.000","2023-09-12T09:45:00.000","Catch Basin Clogged/Flooding (Use Comments) (SC)","1030 RHINELANDER AVENUE","RHINELANDER AVENUE","PAULDING AVE","HONE AVE","BRONX","40.85057136268529","-73.85663342811861"
"58726877","2023-09-05T10:02:00.000","2023-09-07T11:45:00.000","Catch Basin Clogged/Flooding (Use Comments) (SC)",,,,,"STATEN ISLAND","40.52840612069437","-74.20827769411032"
"58720114","2023-09-05T07:41:00.000","2023-09-06T13:00:00.000","Catch Basin Clogged/Flooding (Use Comments) (SC)",,,,,"QUEENS","40.69585905809142","-73.82888797798554"
"58709294","2023-09-04T15:56:00.000","2023-09-05T10:10:00.000","Catch Basin Clogged/Flooding (Use Comments) (SC)","45-59 165 STREET","165 STREET","45 AVE","46 AVE","QUEENS","40.754386293589945","-73.80190171357658"
"58711311","2023-09-04T11:38:00.000","2023-09-05T07:57:00.000","Catch Basin Clogged/Flooding (Use Comments) (SC)","2201 JEROME AVENUE","JEROME AVENUE","W 182 ST","E 182 ST","BRONX","40.8571040500785","-73.90466958431703"
"58709295","2023-09-04T10:59:00.000","2023-09-07T09:15:00.000","Catch Basin Clogged/Flooding (Use Comments) (SC)","4459 PARK AVENUE","PARK AVENUE","E 181 ST","E 182 ST","BRONX","40.85368483150755","-73.8959303143171"
"58708213","2023-09-03T15:50:00.000","2023-09-04T08:00:00.000","Catch Basin Clogged/Flooding (Use Comments) (SC)","2003 COYLE STREET","COYLE STREET","AVENUE T","AVENUE U","BROOKLYN","40.60309133141031","-73.93754408330838"
"58707127","2023-09-03T14:02:00.000","2023-09-05T15:45:00.000","Catch Basin Clogged/Flooding (Use Comments) (SC)",,,,,"QUEENS","40.7289473456928","-73.73123466268683"
"58696811","2023-09-02T18:26:00.000","2023-09-03T08:15:00.000","Catch Basin Clogged/Flooding (Use Comments) (SC)","171 NORFOLK STREET","NORFOLK STREET","SHORE BLVD","ORIENTAL BLVD","BROOKLYN","40.57926993894141","-73.9389019345752"
"58691646","2023-09-02T16:11:00.000","2023-09-07T11:45:00.000","Catch Basin Clogged/Flooding (Use Comments) (SC)",,,,,"STATEN ISLAND","40.63715020043573","-74.12967400791457"
"58695558","2023-09-02T08:02:00.000","2023-09-02T11:50:00.000","Catch Basin Clogged/Flooding (Use Comments) (SC)","388 MEEKER AVENUE","MEEKER AVENUE","FROST ST","MANHATTAN AVE","BROOKLYN","40.71813533461037","-73.94711141677547"
"58683908","2023-09-01T21:14:00.000","2023-09-02T11:50:00.000","Catch Basin Clogged/Flooding (Use Comments) (SC)",,,,,"QUEENS","40.761957124422196","-73.89705189699337"
"58684980","2023-09-01T17:59:00.000","2023-09-02T11:20:00.000","Catch Basin Clogged/Flooding (Use Comments) (SC)","88-03 30 AVENUE","30 AVENUE","88 ST","89 ST","QUEENS","40.761831528008","-73.88066719587121"
"58683909","2023-09-01T15:29:00.000","2023-09-05T13:35:00.000","Catch Basin Clogged/Flooding (Use Comments) (SC)","110-14 ROCKAWAY BEACH BOULEVARD","ROCKAWAY BEACH BOULEVARD","BEACH 110 ST","BEACH 111 ST","QUEENS","40.581189373325486","-73.83224180505137"
"58686044","2023-09-01T15:11:00.000","2023-09-02T12:25:00.000","Catch Basin Clogged/Flooding (Use Comments) (SC)","92-16 WHITNEY AVENUE","WHITNEY AVENUE","CASE ST","BENHAM ST","QUEENS","40.747417584341","-73.87431226314887"
"58686045","2023-09-01T15:11:00.000","2023-09-02T12:55:00.000","Catch Basin Clogged/Flooding (Use Comments) (SC)","3025 OCEAN AVENUE","OCEAN AVENUE","JEROME AVE","VOORHIES AVE","BROOKLYN","40.587339144104575","-73.94911239809177"
"58689258","2023-09-01T13:20:00.000","2023-09-05T10:50:00.000","Catch Basin Clogged/Flooding (Use Comments) (SC)","4242 BYRON AVENUE","BYRON AVENUE","E 234 ST","E 235 ST","BRONX","40.894174224047255","-73.854922589885"
"58686047","2023-09-01T12:44:00.000","2023-09-02T09:30:00.000","Catch Basin Clogged/Flooding (Use Comments) (SC)","9422 RIDGE BOULEVARD","RIDGE BOULEVARD","94 ST","95 ST","BROOKLYN","40.61811660474948","-74.03627242207887"
"58683911","2023-09-01T12:08:00.000","2023-09-02T10:50:00.000","Catch Basin Clogged/Flooding (Use Comments) (SC)","1621 BROADWAY","BROADWAY","ELDERT ST","COVERT ST","BROOKLYN","40.68514550142772","-73.91437664850676"
"58686046","2023-09-01T10:44:00.000","2023-09-01T13:25:00.000","Catch Basin Clogged/Flooding (Use Comments) (SC)",,,,,"BROOKLYN","40.577610874462295","-73.96144207569856"
"58687145","2023-09-01T10:02:00.000","2023-09-02T10:05:00.000","Catch Basin Clogged/Flooding (Use Comments) (SC)","609 CLINTON STREET","CLINTON STREET","MILL ST","CENTRE MALL","BROOKLYN","40.67453859988847","-74.00192511014706"
"58681670","2023-09-01T08:38:00.000","2023-09-01T14:25:00.000","Catch Basin Clogged/Flooding (Use Comments) (SC)","1634 SAINT MARKS AVENUE","SAINT MARKS AVENUE","THOMAS S BOYLAND ST","BEND","BROOKLYN","40.673155019568576","-73.91264001096313"
"58683910","2023-09-01T07:50:00.000","2023-09-05T13:55:00.000","Catch Basin Clogged/Flooding (Use Comments) (SC)","139-26 254 STREET","254 STREET","139 AVE","FRANCIS LEWIS BLVD","QUEENS","40.66112544750252","-73.72959039893784"
"58679252","2023-08-31T20:44:00.000","2023-09-01T11:45:00.000","Catch Basin Clogged/Flooding (Use Comments) (SC)","2481 BROWN STREET","BROWN STREET","AVENUE X","AVENUE Y","BROOKLYN","40.59202197993217","-73.93832496939828"
"58679253","2023-08-31T19:29:00.000","2023-09-05T10:00:00.000","Catch Basin Clogged/Flooding (Use Comments) (SC)","3701 CHURCH AVENUE","CHURCH AVENUE","E 37 ST","E 38 ST","BROOKLYN","40.651125095438076","-73.94268500130413"
"58678044","2023-08-31T19:29:00.000","2023-08-31T19:29:00.000","Catch Basin Clogged/Flooding (Use Comments) (SC)","3701 CHURCH AVENUE","CHURCH AVENUE","E 37 ST","E 38 ST","BROOKLYN","40.651125095438076","-73.94268500130413"
"58680396","2023-08-31T18:35:00.000","2023-09-05T09:10:00.000","Catch Basin Clogged/Flooding (Use Comments) (SC)","79 JOSEPH AVENUE","JOSEPH AVENUE","BEND","HAROLD ST","STATEN ISLAND","40.60116045194796","-74.13677393378204"
"58675596","2023-08-31T17:35:00.000","2023-09-01T10:00:00.000","Catch Basin Clogged/Flooding (Use Comments) (SC)","5219 FILLMORE AVENUE","FILLMORE AVENUE","E 52 ST","E 53 ST","BROOKLYN","40.614625169423256","-73.92419567618563"
"58679254","2023-08-31T17:32:00.000","2023-09-01T09:30:00.000","Catch Basin Clogged/Flooding (Use Comments) (SC)","5301 FILLMORE AVENUE","FILLMORE AVENUE","E 53 ST","E 54 ST","BROOKLYN","40.61467401678124","-73.92335278933395"
"58680397","2023-08-31T17:02:00.000","2023-09-02T10:35:00.000","Catch Basin Clogged/Flooding (Use Comments) (SC)","147-05 70 ROAD","70 ROAD","147 ST","150 ST","QUEENS","40.72949465553923","-73.8206726600504"
"58678045","2023-08-31T16:53:00.000","2023-09-01T10:20:00.000","Catch Basin Clogged/Flooding (Use Comments) (SC)","147-03 71 AVENUE","71 AVENUE","147 ST","150 ST","QUEENS","40.72862408614533","-73.8203647140369"
"58673099","2023-08-31T16:29:00.000","2023-09-07T10:50:00.000","Catch Basin Clogged/Flooding (Use Comments) (SC)","96 LIBERTY AVENUE","LIBERTY AVENUE","JEFFERSON ST","N RAILROAD AVE","STATEN ISLAND","40.58860979140685","-74.0978418780263"
"58673100","2023-08-31T16:08:00.000","2023-09-06T09:30:00.000","Catch Basin Clogged/Flooding (Use Comments) (SC)","287 VAIL AVENUE","VAIL AVENUE","EVERETT AVE","BAYVIEW AVE","STATEN ISLAND","40.518202109799184","-74.20453415554836"
"58680398","2023-08-31T16:08:00.000","2023-09-01T10:40:00.000","Catch Basin Clogged/Flooding (Use Comments) (SC)","6002 20 AVENUE","20 AVENUE","60 ST","61 ST","BROOKLYN","40.61929035051698","-73.98299092501739"
"58676846","2023-08-31T15:44:00.000","2023-09-01T10:05:00.000","Catch Basin Clogged/Flooding (Use Comments) (SC)","161-31 97 STREET","97 STREET","161 AVE","162 AVE","QUEENS","40.655758716043216","-73.83513576684801"
"58678046","2023-08-31T15:08:00.000","2023-09-01T10:30:00.000","Catch Basin Clogged/Flooding (Use Comments) (SC)",,,,,"BROOKLYN","40.68752889748776","-73.97172709811349"
"58676847","2023-08-31T13:53:00.000","2023-09-01T09:00:00.000","Catch Basin Clogged/Flooding (Use Comments) (SC)","160 NORTH   12 STREET","NORTH   12 STREET","BERRY ST","BEDFORD AVE","BROOKLYN","40.72100987341383","-73.9554282369718"
"58675597","2023-08-31T12:50:00.000","2023-09-01T12:30:00.000","Catch Basin Clogged/Flooding (Use Comments) (SC)","9724 DITMAS AVENUE","DITMAS AVENUE","ROCKAWAY PKWY","E 98 ST","BROOKLYN","40.65169911904249","-73.90915796287454"
"58678047","2023-08-31T11:23:00.000","2023-08-31T12:35:00.000","Catch Basin Clogged/Flooding (Use Comments) (SC)","187-05 HILLSIDE AVENUE","HILLSIDE AVENUE","CHELSEA ST","187 ST","QUEENS","40.71466773795424","-73.77546314128072"
"58673098","2023-08-31T11:23:00.000","2023-08-31T11:30:00.000","Catch Basin Clogged/Flooding (Use Comments) (SC)",,,,,"QUEENS","40.72636173198319","-73.84853396344424"
"58671837","2023-08-31T11:08:00.000","2023-09-05T11:30:00.000","Catch Basin Clogged/Flooding (Use Comments) (SC)","100 LUTEN AVENUE","LUTEN AVENUE","DEISIUS ST","EYLANDT ST","STATEN ISLAND","40.52809134295913","-74.19203182193105"
"58676848","2023-08-31T09:53:00.000","2023-09-05T08:30:00.000","Catch Basin Clogged/Flooding (Use Comments) (SC)","163-37 15 DRIVE","15 DRIVE","163 ST","166 ST","QUEENS","40.78514498962216","-73.79934383536914"
"58675598","2023-08-31T08:20:00.000","2023-09-01T07:25:00.000","Catch Basin Clogged/Flooding (Use Comments) (SC)","119-17 109 AVENUE","109 AVENUE","LEFFERTS BLVD","120 ST","QUEENS","40.68231957808521","-73.82197852098538"
"58670598","2023-08-30T21:11:00.000","2023-09-05T12:30:00.000","Catch Basin Clogged/Flooding (Use Comments) (SC)",,,,,"QUEENS","40.69268154931825","-73.76963044293633"
"58669293","2023-08-30T20:50:00.000","2023-09-06T11:00:00.000","Catch Basin Clogged/Flooding (Use Comments) (SC)","88 WALBROOKE AVENUE","WALBROOKE AVENUE","DELAFIELD AVE","GREGG PL","STATEN ISLAND","40.63213501234478","-74.10299642817589"
"58669294","2023-08-30T20:26:00.000","2023-08-31T11:15:00.000","Catch Basin Clogged/Flooding (Use Comments) (SC)","138-06 CRONSTON AVENUE","CRONSTON AVENUE","BEACH 138 ST","BEACH 139 ST","QUEENS","40.57716421369254","-73.85774587567946"
"58669295","2023-08-30T20:23:00.000","2023-08-31T09:55:00.000","Catch Basin Clogged/Flooding (Use Comments) (SC)",,,,,"QUEENS","40.59580493040685","-73.76464623893978"
"58669296","2023-08-30T18:35:00.000","2023-09-05T16:00:00.000","Catch Basin Clogged/Flooding (Use Comments) (SC)",,,,,"BRONX","40.816402013025844","-73.81407639503057"
"58661584","2023-08-30T17:47:00.000","2023-08-31T10:10:00.000","Catch Basin Clogged/Flooding (Use Comments) (SC)",,,,,"BROOKLYN","40.691690609301766","-73.90584725493792"
"58662912","2023-08-30T16:41:00.000","2023-09-04T09:45:00.000","Catch Basin Clogged/Flooding (Use Comments) (SC)",,,,,"QUEENS","40.73845368025064","-73.72248527428634"
"58661585","2023-08-30T16:14:00.000","2023-08-31T10:00:00.000","Catch Basin Clogged/Flooding (Use Comments) (SC)","42-18 JUNCTION BOULEVARD","JUNCTION BOULEVARD","42 AVE","43 AVE","QUEENS","40.74611251478622","-73.86822642303434"
"58662913","2023-08-30T15:23:00.000","2023-09-01T11:10:00.000","Catch Basin Clogged/Flooding (Use Comments) (SC)",,,,,"BROOKLYN","40.66975396650748","-73.98921799361396"
"58668063","2023-08-30T14:35:00.000","2023-08-30T14:35:00.000","Catch Basin Clogged/Flooding (Use Comments) (SC)","1066 2 AVENUE","2 AVENUE","E 56 ST","E 57 ST","MANHATTAN","40.758729026402136","-73.96570127751059"
"58669297","2023-08-30T14:20:00.000","2023-08-31T10:30:00.000","Catch Basin Clogged/Flooding (Use Comments) (SC)","1066 2 AVENUE","2 AVENUE","E 56 ST","E 57 ST","MANHATTAN","40.758729026402136","-73.96570127751059"
"58665452","2023-08-30T13:53:00.000","2023-09-01T07:10:00.000","Catch Basin Clogged/Flooding (Use Comments) (SC)","115-59 122 STREET","122 STREET","115 AVE","116 AVE","QUEENS","40.676420370107756","-73.81630889184167"
"58668101","2023-08-30T13:11:00.000",,"Catch Basin Clogged/Flooding (Use Comments) (SC)",,,,,"BROOKLYN","40.72192614149832","-73.93680499059303"
"58670599","2023-08-30T12:26:00.000","2023-09-01T12:15:00.000","Catch Basin Clogged/Flooding (Use Comments) (SC)","2295 EAST   26 STREET","EAST   26 STREET","AVENUE V","AVENUE W","BROOKLYN","40.59593116366198","-73.94488567524073"
"58664139","2023-08-30T11:41:00.000","2023-08-31T09:30:00.000","Catch Basin Clogged/Flooding (Use Comments) (SC)","38-23 104 STREET","104 STREET","39 AVE","39 AVE","QUEENS","40.75087035611794","-73.86220406724807"
"58670600","2023-08-30T11:26:00.000","2023-09-05T10:05:00.000","Catch Basin Clogged/Flooding (Use Comments) (SC)","352 CROMWELL AVENUE","CROMWELL AVENUE","HYLAN BLVD","LACONIA AVE","STATEN ISLAND","40.587194174905434","-74.09027904358341"
"58666766","2023-08-30T10:35:00.000","2023-09-03T12:15:00.000","Catch Basin Clogged/Flooding (Use Comments) (SC)","85 ORCHARD STREET","ORCHARD STREET","GRAND ST","BROOME ST","MANHATTAN","40.717872604455565","-73.99037540580335"
"58661586","2023-08-30T10:32:00.000","2023-09-06T12:45:00.000","Catch Basin Clogged/Flooding (Use Comments) (SC)","70 MARBLE HILL AVENUE","MARBLE HILL AVENUE","MARBLE HILL LN","FT CHARLES PL","BRONX","40.87618078543546","-73.90942621420571"
"58668064","2023-08-30T10:29:00.000","2023-09-05T09:30:00.000","Catch Basin Clogged/Flooding (Use Comments) (SC)","114-02 ATLANTIC AVENUE","ATLANTIC AVENUE","114 ST","115 ST","QUEENS","40.6929103252051","-73.83204004316754"
"58666767","2023-08-30T10:29:00.000","2023-08-31T08:55:00.000","Catch Basin Clogged/Flooding (Use Comments) (SC)",,,,,"MANHATTAN","40.77286358573826","-73.98953706666732"
"58668065","2023-08-30T10:23:00.000","2023-09-04T10:00:00.000","Catch Basin Clogged/Flooding (Use Comments) (SC)","WEST   57 STREET","WEST   57 STREET","5 AVENUE","6 AVENUE","MANHATTAN",,
"58670601","2023-08-30T10:17:00.000","2023-09-04T08:20:00.000","Catch Basin Clogged/Flooding (Use Comments) (SC)","659 LENOX AVENUE","LENOX AVENUE","W 142 ST","W 143 ST","MANHATTAN","40.81905723986768","-73.93725468914033"
"58668066","2023-08-30T10:17:00.000","2023-08-31T12:00:00.000","Catch Basin Clogged/Flooding (Use Comments) (SC)","730 5 AVENUE","5 AVENUE","E 56 ST","E 57 ST","MANHATTAN","40.762634273525975","-73.97422210740095"
"58666768","2023-08-30T10:08:00.000","2023-09-02T09:00:00.000","Catch Basin Clogged/Flooding (Use Comments) (SC)",,,,,"STATEN ISLAND","40.63088568057195","-74.13047605059225"
"58662914","2023-08-30T09:32:00.000","2023-08-31T10:30:00.000","Catch Basin Clogged/Flooding (Use Comments) (SC)","20-10 SEAGIRT BOULEVARD","SEAGIRT BOULEVARD","BEACH 20 ST","CREST RD","QUEENS","40.59518089250683","-73.75499108161293"
"58668067","2023-08-30T06:26:00.000","2023-09-01T10:45:00.000","Catch Basin Clogged/Flooding (Use Comments) (SC)",,,,,"QUEENS","40.76095878501601","-73.80767944301135"
"58668068","2023-08-30T06:11:00.000","2023-09-01T08:35:00.000","Catch Basin Clogged/Flooding (Use Comments) (SC)","106-28 98 STREET","98 STREET","ROCKAWAY BLVD","109 AVE","QUEENS","40.67988512448077","-73.84082308260675"
"58653815","2023-08-29T21:23:00.000","2023-08-30T09:50:00.000","Catch Basin Clogged/Flooding (Use Comments) (SC)","1496 EASTERN PARKWAY","EASTERN PARKWAY","HOWARD AVE","ST JOHNS PL","BROOKLYN","40.66983579834554","-73.91907175721592"
"58653816","2023-08-29T19:32:00.000","2023-08-31T09:30:00.000","Catch Basin Clogged/Flooding (Use Comments) (SC)","212 BEACH   32 STREET","BEACH   32 STREET","SEAGIRT AVE","EDGEMERE AVE","QUEENS","40.59484108903547","-73.7644443913864"
"58659049","2023-08-29T19:32:00.000","2023-08-30T08:40:00.000","Catch Basin Clogged/Flooding (Use Comments) (SC)","221 SHERADEN AVENUE","SHERADEN AVENUE","WESTWOOD AVE","WARWICK AVE","STATEN ISLAND","40.60552614421394","-74.1378488780708"
"58652552","2023-08-29T19:05:00.000","2023-09-01T11:20:00.000","Catch Basin Clogged/Flooding (Use Comments) (SC)","89-20 163 AVENUE","163 AVENUE","89 ST","90 ST","QUEENS","40.65230413122342","-73.84178265029567"
"58656417","2023-08-29T17:26:00.000","2023-08-31T10:30:00.000","Catch Basin Clogged/Flooding (Use Comments) (SC)","189-03 JAMAICA AVENUE","JAMAICA AVENUE","189 ST","190 ST","QUEENS","40.71146746076434","-73.76996590352016"
"58652553","2023-08-29T17:11:00.000","2023-09-01T08:55:00.000","Catch Basin Clogged/Flooding (Use Comments) (SC)","137-28 LAFAYETTE STREET","LAFAYETTE STREET","SPRITZ RD","ALBERT RD","QUEENS","40.671854010744866","-73.84492303710208"
"58653817","2023-08-29T15:44:00.000","2023-08-30T08:10:00.000","Catch Basin Clogged/Flooding (Use Comments) (SC)","103-02 NORTHERN BOULEVARD","NORTHERN BOULEVARD","103 ST","104 ST","QUEENS","40.757631824538855","-73.86550006157898"
"58653810","2023-08-29T15:29:00.000","2023-08-31T12:15:00.000","Catch Basin Clogged/Flooding (Use Comments) (SC)","25 WATER STREET","WATER STREET","BROAD ST","COENTIES SLIP","MANHATTAN","40.70302604076353","-74.01120214844252"
"58659047","2023-08-29T14:50:00.000","2023-08-30T12:00:00.000","Catch Basin Clogged/Flooding (Use Comments) (SC)","268 KNICKERBOCKER AVENUE","KNICKERBOCKER AVENUE","WILLOUGHBY AVE","SUYDAM ST","BROOKLYN","40.70229091788382","-73.9244818969321"
"58652550","2023-08-29T12:50:00.000","2023-08-29T15:29:00.000","Catch Basin Clogged/Flooding (Use Comments) (SC)",,,,,"QUEENS","40.68250243236867","-73.82130380187569"
"58652551","2023-08-29T12:47:00.000","2023-09-03T10:00:00.000","Catch Basin Clogged/Flooding (Use Comments) (SC)",,,,,"QUEENS","40.577259614278226","-73.85072960481601"
"58651294","2023-08-29T11:56:00.000","2023-08-30T07:05:00.000","Catch Basin Clogged/Flooding (Use Comments) (SC)","55 EAST   40 STREET","EAST   40 STREET","LENOX RD","LINDEN BLVD","BROOKLYN","40.65452195479709","-73.94036111064923"
"58659048","2023-08-29T11:44:00.000","2023-08-30T09:45:00.000","Catch Basin Clogged/Flooding (Use Comments) (SC)","29 AVENUE A","AVENUE A","E 2 ST","E 3 ST","MANHATTAN","40.723174986124334","-73.98564493727771"
"58653811","2023-08-29T11:29:00.000","2023-09-06T10:20:00.000","Catch Basin Clogged/Flooding (Use Comments) (SC)","209 CENTRE STREET","CENTRE STREET","HOWARD ST","GRAND ST","MANHATTAN","40.71921518989239","-73.99900072477806"
"58657721","2023-08-29T11:29:00.000","2023-09-01T10:10:00.000","Catch Basin Clogged/Flooding (Use Comments) (SC)","646 BAKER AVENUE","BAKER AVENUE","GARFIELD ST","UNIONPORT RD","BRONX","40.84191762042094","-73.86603802578156"
"58657722","2023-08-29T11:23:00.000","2023-08-30T07:30:00.000","Catch Basin Clogged/Flooding (Use Comments) (SC)","149 EAST   32 STREET","EAST   32 STREET","SNYDER AVE","TILDEN AVE","BROOKLYN","40.64738340663853","-73.94727560931068"
"58653812","2023-08-29T10:56:00.000","2023-09-01T08:10:00.000","Catch Basin Clogged/Flooding (Use Comments) (SC)","149-03 123 STREET","123 STREET","149 AVE","150 AVE","QUEENS","40.66759962794284","-73.81692796080803"
"58651295","2023-08-29T10:44:00.000","2023-08-31T10:25:00.000","Catch Basin Clogged/Flooding (Use Comments) (SC)",,,,,"BRONX","40.87137150231615","-73.83657539400996"
"58651296","2023-08-29T10:11:00.000","2023-08-30T11:25:00.000","Catch Basin Clogged/Flooding (Use Comments) (SC)","60-67 FRESH POND ROAD","FRESH POND ROAD","60 DR","ELIOT AVE","QUEENS","40.71517925975866","-73.90130137338726"
"58653813","2023-08-29T09:20:00.000","2023-08-31T08:50:00.000","Catch Basin Clogged/Flooding (Use Comments) (SC)",,,,,"BRONX","40.8521184247867","-73.84942237176385"
"58651297","2023-08-29T09:17:00.000","2023-08-30T08:25:00.000","Catch Basin Clogged/Flooding (Use Comments) (SC)","388 BUCHANAN AVENUE","BUCHANAN AVENUE","WESTWOOD AVE","BEND","STATEN ISLAND","40.60541830755497","-74.13387276817669"
"58653814","2023-08-29T09:08:00.000","2023-09-03T10:20:00.000","Catch Basin Clogged/Flooding (Use Comments) (SC)","117-01 PARK LANE SOUTH","PARK LANE SOUTH","METROPOLITAN AVE","ABINGDON RD","QUEENS","40.70811260705003","-73.83706942923195"
"58645934","2023-08-28T18:41:00.000","2023-09-01T07:10:00.000","Catch Basin Clogged/Flooding (Use Comments) (SC)","107-54 166 STREET","166 STREET","HENDRICKSON PL","108 AVE","QUEENS","40.69825444027939","-73.78874658053608"
"58642084","2023-08-28T17:59:00.000","2023-08-29T10:40:00.000","Catch Basin Clogged/Flooding (Use Comments) (SC)",,,,,"QUEENS","40.705063996543075","-73.89126800414233"
"58640826","2023-08-28T17:56:00.000","2023-08-29T10:35:00.000","Catch Basin Clogged/Flooding (Use Comments) (SC)",,,,,"QUEENS","40.705063996543075","-73.89126800414233"
"58643359","2023-08-28T17:38:00.000","2023-08-29T09:15:00.000","Catch Basin Clogged/Flooding (Use Comments) (SC)","189-62 43 ROAD","43 ROAD","189 ST","192 ST","QUEENS","40.75702835219676","-73.7904010506712"
"58649938","2023-08-28T17:23:00.000","2023-08-29T10:00:00.000","Catch Basin Clogged/Flooding (Use Comments) (SC)","79 JOSEPH AVENUE","JOSEPH AVENUE","BEND","HAROLD ST","STATEN ISLAND","40.60116045194796","-74.13677393378204"
"58644656","2023-08-28T16:59:00.000","2023-08-30T10:40:00.000","Catch Basin Clogged/Flooding (Use Comments) (SC)","527 EAST   26 STREET","EAST   26 STREET","FOSTER AVE","FLATBUSH AVE","BROOKLYN","40.63768542262063","-73.95204654988933"
"58647262","2023-08-28T16:44:00.000","2023-09-05T07:45:00.000","Catch Basin Clogged/Flooding (Use Comments) (SC)","12-79 REDFERN AVENUE","REDFERN AVENUE","BEACH 12 ST","HASSOCK ST","QUEENS","40.60960684014446","-73.75080712159205"
"58640827","2023-08-28T16:20:00.000","2023-08-31T11:30:00.000","Catch Basin Clogged/Flooding (Use Comments) (SC)","1911 WHITEPLAINS ROAD","WHITEPLAINS ROAD","RHINELANDER AVE",,"BRONX","40.84769932405392","-73.86720108276661"
"58642085","2023-08-28T16:14:00.000","2023-08-31T09:45:00.000","Catch Basin Clogged/Flooding (Use Comments) (SC)","2561 TIEMANN AVENUE","TIEMANN AVENUE","MACE AVE","ALLERTON AVE","BRONX","40.863542862018036","-73.83798653324266"
"58649939","2023-08-28T14:53:00.000","2023-09-06T09:15:00.000","Catch Basin Clogged/Flooding (Use Comments) (SC)","3868 BARNES AVENUE","BARNES AVENUE","E 221 ST","E 222 ST","BRONX","40.8843587660631","-73.85898720914294"
"58647263","2023-08-28T14:44:00.000","2023-09-02T12:40:00.000","Catch Basin Clogged/Flooding (Use Comments) (SC)","303 FAIRBANK AVENUE","FAIRBANK AVENUE","HYLAN BLVD","PENDALE ST","STATEN ISLAND","40.55756463882489","-74.1247727655303"
"58649940","2023-08-28T14:02:00.000","2023-08-30T10:15:00.000","Catch Basin Clogged/Flooding (Use Comments) (SC)","5701 AVENUE O","AVENUE O","E 57 ST","E 58 ST","BROOKLYN","40.617048543385685","-73.91974088712016"
"58643360","2023-08-28T13:59:00.000","2023-09-01T09:20:00.000","Catch Basin Clogged/Flooding (Use Comments) (SC)","90-33 SHORE PARKWAY","SHORE PARKWAY","BELT PKWY WB EN CROSS BAY BLVD","BEND","QUEENS","40.66644937765102","-73.84278363026614"
"58649941","2023-08-28T13:53:00.000","2023-09-01T09:35:00.000","Catch Basin Clogged/Flooding (Use Comments) (SC)","90-01 SHORE PARKWAY","SHORE PARKWAY","BELT PKWY WB EN CROSS BAY BLVD","BEND","QUEENS","40.66587089448039","-73.84327161643552"
"58644657","2023-08-28T12:53:00.000","2023-08-29T11:25:00.000","Catch Basin Clogged/Flooding (Use Comments) (SC)","6423 11 AVENUE","11 AVENUE","64 ST","65 ST","BROOKLYN","40.62905744316492","-74.00548318521446"
"58649942","2023-08-28T12:53:00.000","2023-08-29T08:50:00.000","Catch Basin Clogged/Flooding (Use Comments) (SC)","144 GRYMES HILL ROAD","GRYMES HILL ROAD","BERTHA PL","DEAD END","STATEN ISLAND","40.62330518762296","-74.09314489346708"
"58643361","2023-08-28T12:41:00.000","2023-08-29T09:55:00.000","Catch Basin Clogged/Flooding (Use Comments) (SC)","161-08 BAISLEY BOULEVARD","BAISLEY BOULEVARD","161 ST","LONG ST","QUEENS","40.67721518711997","-73.78112326879362"
"58644658","2023-08-28T12:29:00.000","2023-08-29T10:20:00.000","Catch Basin Clogged/Flooding (Use Comments) (SC)","20 KEPPEL AVENUE","KEPPEL AVENUE","SPRAGUE AVE","JOYCE LN","STATEN ISLAND","40.509624905258185","-74.23979018073811"
"58644659","2023-08-28T11:44:00.000","2023-09-05T10:00:00.000","Catch Basin Clogged/Flooding (Use Comments) (SC)","125-02 LINDEN BOULEVARD","LINDEN BOULEVARD","125 ST","126 ST","QUEENS","40.68029123898247","-73.81505076313775"
"58644660","2023-08-28T11:38:00.000","2023-08-28T13:45:00.000","Catch Basin Clogged/Flooding (Use Comments) (SC)","24 STRYKER COURT","STRYKER COURT","STRYKER ST","W 1 ST","BROOKLYN","40.591766134272234","-73.97201968620014"
"58644661","2023-08-28T11:35:00.000","2023-08-29T10:10:00.000","Catch Basin Clogged/Flooding (Use Comments) (SC)",,,,,"QUEENS","40.74667013746058","-73.94783582236839"
"58644662","2023-08-28T11:17:00.000","2023-08-31T11:00:00.000","Catch Basin Clogged/Flooding (Use Comments) (SC)",,,,,"BRONX","40.879979201569355","-73.83487992565439"
"58647264","2023-08-28T11:17:00.000","2023-08-28T12:55:00.000","Catch Basin Clogged/Flooding (Use Comments) (SC)","79-00 QUEENS BOULEVARD","QUEENS BOULEVARD","BARNWELL AVE","CORNISH AVE","QUEENS","40.73814568330009","-73.88468620625906"
"58645935","2023-08-28T11:11:00.000","2023-08-29T08:45:00.000","Catch Basin Clogged/Flooding (Use Comments) (SC)","493 CENTRAL AVENUE","CENTRAL AVENUE","JEFFERSON AVE","HANCOCK ST","BROOKLYN","40.69103731013362","-73.91275721436878"
"58647265","2023-08-28T11:02:00.000","2023-09-03T10:40:00.000","Catch Basin Clogged/Flooding (Use Comments) (SC)",,,,,"QUEENS",,
"58645936","2023-08-28T10:41:00.000","2023-08-28T13:20:00.000","Catch Basin Clogged/Flooding (Use Comments) (SC)","1510 EAST   17 STREET","EAST   17 STREET","AVENUE N","AVENUE O","BROOKLYN","40.61356351918344","-73.95727205572834"
"58643362","2023-08-28T10:02:00.000","2023-09-02T13:30:00.000","Catch Basin Clogged/Flooding (Use Comments) (SC)","118 POUCH TERRACE","POUCH TERRACE","WINDERMERE RD","OLGA PL","STATEN ISLAND","40.60274825553668","-74.07607893502544"
"58640828","2023-08-28T10:02:00.000","2023-08-29T08:30:00.000","Catch Basin Clogged/Flooding (Use Comments) (SC)","54-18 111 STREET","111 STREET","54 AVE","55 AVE","QUEENS","40.74237509579493","-73.85098037922458"
"58643363","2023-08-28T09:41:00.000","2023-08-29T13:45:00.000","Catch Basin Clogged/Flooding (Use Comments) (SC)","86-27 188 STREET","188 STREET","WICKLOW PL","CAMBRIDGE RD","QUEENS","40.719727010311686","-73.7758032421336"
"58644663","2023-08-28T09:38:00.000","2023-08-29T10:00:00.000","Catch Basin Clogged/Flooding (Use Comments) (SC)",,,,,"QUEENS","40.71719996328777","-73.83861642883063"
"58648633","2023-08-28T09:35:00.000","2023-08-30T12:30:00.000","Catch Basin Clogged/Flooding (Use Comments) (SC)","85-01 24 AVENUE","24 AVENUE","85 ST","86 ST","QUEENS","40.765183720704144","-73.88419897484427"
"58645937","2023-08-28T09:32:00.000","2023-08-29T09:55:00.000","Catch Basin Clogged/Flooding (Use Comments) (SC)",,,,,"QUEENS","40.716732427564935","-73.83795741336112"
"58642086","2023-08-28T09:23:00.000","2023-08-30T09:00:00.000","Catch Basin Clogged/Flooding (Use Comments) (SC)","159 SHERADEN AVENUE","SHERADEN AVENUE","S GANNON AVE","WESTWOOD AVE","STATEN ISLAND","40.60719205591575","-74.13799997701587"
"58645938","2023-08-28T08:32:00.000","2023-09-03T09:20:00.000","Catch Basin Clogged/Flooding (Use Comments) (SC)","207-02 JAMAICA AVENUE","JAMAICA AVENUE","207 ST","208 ST","QUEENS","40.71412487417168","-73.75297389504831"
"58644664","2023-08-28T08:20:00.000",,"Catch Basin Clogged/Flooding (Use Comments) (SC)","35 LANSING STREET","LANSING STREET","BEND","BALFOUR ST","STATEN ISLAND","40.59208902455884","-74.06925800865733"
"58643364","2023-08-28T00:26:00.000","2023-08-28T10:05:00.000","Catch Basin Clogged/Flooding (Use Comments) (SC)",,,,,"BROOKLYN","40.61090115082939","-73.92521556733281"
"58638739","2023-08-27T20:02:00.000","2023-08-31T16:45:00.000","Catch Basin Clogged/Flooding (Use Comments) (SC)","175-05 111 AVENUE","111 AVENUE","175 ST","176 ST","QUEENS","40.69604619478225","-73.77777615500864"
"58636665","2023-08-27T19:05:00.000","2023-09-05T11:35:00.000","Catch Basin Clogged/Flooding (Use Comments) (SC)","501 EAST TREMONT AVENUE","EAST TREMONT AVENUE","BATHGATE AVE","3 AVE","BRONX","40.84681022257309","-73.89690973260497"
"58635688","2023-08-27T16:29:00.000","2023-08-29T10:10:00.000","Catch Basin Clogged/Flooding (Use Comments) (SC)","86-48 79 STREET","79 STREET","86 AVE","JAMAICA AVE","QUEENS","40.6923782482643","-73.8634716736336"
"58634684","2023-08-27T15:59:00.000","2023-08-28T08:25:00.000","Catch Basin Clogged/Flooding (Use Comments) (SC)","79-00 QUEENS BOULEVARD","QUEENS BOULEVARD","BARNWELL AVE","CORNISH AVE","QUEENS","40.73814568330009","-73.88468620625906"
"58635689","2023-08-27T15:41:00.000","2023-08-29T10:00:00.000","Catch Basin Clogged/Flooding (Use Comments) (SC)","220 WARWICK AVENUE","WARWICK AVENUE","WESTWOOD AVE","BEND","STATEN ISLAND","40.60567544362209","-74.13694524470073"
"58637731","2023-08-27T15:05:00.000","2023-09-05T10:35:00.000","Catch Basin Clogged/Flooding (Use Comments) (SC)","1071 STRATFORD AVENUE","STRATFORD AVENUE","BRUCKNER BLVD","WATSON AVE","BRONX","40.82575825267107","-73.87470989152163"
"58632666","2023-08-27T11:38:00.000","2023-08-28T11:05:00.000","Catch Basin Clogged/Flooding (Use Comments) (SC)","2219 VOORHIES AVENUE","VOORHIES AVENUE","DOOLEY ST","E 23 ST","BROOKLYN","40.5865528716689","-73.946344346464"
"58638740","2023-08-27T11:26:00.000","2023-08-28T12:50:00.000","Catch Basin Clogged/Flooding (Use Comments) (SC)",,,,,"BROOKLYN","40.61117295640112","-73.9770106470449"
"58626549","2023-08-26T20:20:00.000","2023-08-29T11:20:00.000","Catch Basin Clogged/Flooding (Use Comments) (SC)",,,,,"QUEENS","40.69139491646322","-73.82092297612253"
"58630219","2023-08-26T17:41:00.000","2023-08-28T10:10:00.000","Catch Basin Clogged/Flooding (Use Comments) (SC)","147 PROSPECT PLACE","PROSPECT PLACE","CARLTON AVE","VANDERBILT AVE","BROOKLYN","40.678237798649015","-73.97154716800978"
"58629025","2023-08-26T17:38:00.000","2023-08-28T10:40:00.000","Catch Basin Clogged/Flooding (Use Comments) (SC)","69-29 EXETER STREET","EXETER STREET","69 AVE","70 AVE","QUEENS","40.718467301636785","-73.85025462380058"
"58625308","2023-08-26T13:23:00.000","2023-08-29T07:35:00.000","Catch Basin Clogged/Flooding (Use Comments) (SC)","559 DRIGGS AVENUE","DRIGGS AVENUE","N 7 ST","N 6 ST","BROOKLYN","40.71684104302468","-73.95663227694274"
"58622826","2023-08-26T13:20:00.000","2023-09-01T11:15:00.000","Catch Basin Clogged/Flooding (Use Comments) (SC)","33-46 MOTT AVENUE","MOTT AVENUE","BEACON PL","DEAD END","QUEENS","40.61242950086039","-73.77108515510845"
"58626550","2023-08-26T12:08:00.000","2023-09-02T08:30:00.000","Catch Basin Clogged/Flooding (Use Comments) (SC)","54-18 111 STREET","111 STREET","54 AVE","55 AVE","QUEENS","40.74237509579493","-73.85098037922458"
"58630220","2023-08-26T11:32:00.000","2023-08-27T07:19:00.000","Catch Basin Clogged/Flooding (Use Comments) (SC)","80-17 237 STREET","237 STREET","UNION TPKE","BEND","QUEENS","40.73790090627609","-73.73484315177883"
"58622827","2023-08-26T10:44:00.000","2023-08-27T11:30:00.000","Catch Basin Clogged/Flooding (Use Comments) (SC)","79-14 153 STREET","153 STREET","79 AVE","UNION TPKE","QUEENS","40.720352899765814","-73.81103260098455"
"58629026","2023-08-26T10:23:00.000","2023-08-28T10:00:00.000","Catch Basin Clogged/Flooding (Use Comments) (SC)","563 ELTINGVILLE BOULEVARD","ELTINGVILLE BOULEVARD","BARLOW AVE","GURLEY AVE","STATEN ISLAND","40.5588771933918","-74.16749703547168"
"58626551","2023-08-26T10:11:00.000","2023-08-28T10:40:00.000","Catch Basin Clogged/Flooding (Use Comments) (SC)","82-02 215 STREET","215 STREET","82 AVE","85 AVE","QUEENS","40.73205849383213","-73.75521666150037"
"58624059","2023-08-26T10:02:00.000","2023-09-01T12:00:00.000","Catch Basin Clogged/Flooding (Use Comments) (SC)",,,,,"QUEENS","40.67679280229251","-73.7379342313789"
"58622829","2023-08-26T09:50:00.000","2023-08-28T11:35:00.000","Catch Basin Clogged/Flooding (Use Comments) (SC)","270-01 HILLSIDE AVENUE","HILLSIDE AVENUE","LANGDALE ST","NASSAU CNTY BNDY","QUEENS","40.73910919499091","-73.70038354802529"
"58627790","2023-08-26T09:02:00.000","2023-08-27T13:15:00.000","Catch Basin Clogged/Flooding (Use Comments) (SC)","36-06 218 STREET","218 STREET","36 AVE","38 AVE","QUEENS","40.76898168025455","-73.76612455409567"
"58627791","2023-08-26T08:59:00.000","2023-08-27T11:10:00.000","Catch Basin Clogged/Flooding (Use Comments) (SC)",,,,,"QUEENS","40.78169204580207","-73.83960476892017"
"58626552","2023-08-26T08:56:00.000","2023-09-06T10:45:00.000","Catch Basin Clogged/Flooding (Use Comments) (SC)","97-02 VAN WYCK EXPRESSWAY","VAN WYCK EXPRESSWAY","97 AVE","101 AVE","QUEENS","40.69491436787893","-73.81270945275767"
"58627792","2023-08-26T08:56:00.000","2023-08-27T10:30:00.000","Catch Basin Clogged/Flooding (Use Comments) (SC)",,,,,"QUEENS","40.781693293707335","-73.84050387571934"
"58624060","2023-08-26T08:53:00.000","2023-08-27T08:30:00.000","Catch Basin Clogged/Flooding (Use Comments) (SC)",,,,,"QUEENS","40.78169179980607","-73.84141021083116"
"58626553","2023-08-26T08:41:00.000","2023-09-06T11:30:00.000","Catch Basin Clogged/Flooding (Use Comments) (SC)","258-05 83 AVENUE","83 AVENUE","258 ST","259 ST","QUEENS","40.73879780761637","-73.7106369025747"
"58626554","2023-08-26T08:08:00.000","2023-08-27T12:00:00.000","Catch Basin Clogged/Flooding (Use Comments) (SC)","141-65 SOUTH DRIVE","SOUTH DRIVE","9 AVE","MALBA DR","QUEENS","40.789608694690884","-73.82689554404307"
"58615622","2023-08-25T20:50:00.000","2023-08-28T13:45:00.000","Catch Basin Clogged/Flooding (Use Comments) (SC)","3304 GLENWOOD ROAD","GLENWOOD ROAD","NEW YORK AVE","E 34 ST","BROOKLYN","40.63417977815623","-73.94470636781192"
"58619277","2023-08-25T19:41:00.000","2023-08-26T10:55:00.000","Catch Basin Clogged/Flooding (Use Comments) (SC)",,,,,"BROOKLYN","40.648898379549294","-73.96967134647544"
"58618070","2023-08-25T17:29:00.000","2023-08-25T17:37:00.000","Catch Basin Clogged/Flooding (Use Comments) (SC)","192-20 NORTHERN BOULEVARD","NORTHERN BOULEVARD","192 ST","193 ST","QUEENS","40.75784675597365","-73.78915316533215"
"58618072","2023-08-25T17:26:00.000","2023-08-30T11:15:00.000","Catch Basin Clogged/Flooding (Use Comments) (SC)","192-20 NORTHERN BOULEVARD","NORTHERN BOULEVARD","192 ST","193 ST","QUEENS","40.75784675597365","-73.78915316533215"
"58616844","2023-08-25T17:05:00.000","2023-09-01T11:20:00.000","Catch Basin Clogged/Flooding (Use Comments) (SC)","685 EAST  243 STREET","EAST  243 STREET","OSGOOD ST","WHITE PLAINS RD","BRONX","40.90675973800575","-73.84938539404338"
"58613173","2023-08-25T17:02:00.000","2023-09-01T10:50:00.000","Catch Basin Clogged/Flooding (Use Comments) (SC)","118-02 230 STREET","230 STREET","118 AVE","119 AVE","QUEENS","40.6906521106712","-73.7323590298918"
"58619278","2023-08-25T17:02:00.000","2023-08-28T11:00:00.000","Catch Basin Clogged/Flooding (Use Comments) (SC)","192-02 NORTHERN BOULEVARD","NORTHERN BOULEVARD","192 ST","193 ST","QUEENS","40.75784423579617","-73.78927589951678"
"58619279","2023-08-25T16:17:00.000","2023-09-02T10:30:00.000","Catch Basin Clogged/Flooding (Use Comments) (SC)","110-27 107 STREET","107 STREET","MURIEL CT","SUTTER AVE","QUEENS","40.67744127383316","-73.83238905259134"
"58615623","2023-08-25T15:26:00.000","2023-08-29T10:10:00.000","Catch Basin Clogged/Flooding (Use Comments) (SC)","91-69 85 STREET","85 STREET","91 AVE","ATLANTIC AVE","QUEENS","40.68666657907781","-73.85686323785603"
"58615624","2023-08-25T13:47:00.000","2023-08-29T09:40:00.000","Catch Basin Clogged/Flooding (Use Comments) (SC)",,,,,"QUEENS","40.68526990656641","-73.84247604416225"
"58614475","2023-08-25T13:35:00.000","2023-08-28T13:00:00.000","Catch Basin Clogged/Flooding (Use Comments) (SC)","797 4 AVENUE","4 AVENUE","27 ST","28 ST","BROOKLYN","40.65892632055782","-73.99962876415896"
"58614476","2023-08-25T13:29:00.000","2023-08-26T09:05:00.000","Catch Basin Clogged/Flooding (Use Comments) (SC)","20-02 35 STREET","35 STREET","20 AVE","20 RD","QUEENS","40.77829493544893","-73.90472463950698"
"58616845","2023-08-25T13:26:00.000","2023-08-26T09:35:00.000","Catch Basin Clogged/Flooding (Use Comments) (SC)","1 CENTRAL PARK WEST","CENTRAL PARK WEST","COLUMBUS CIR","W 61 ST","MANHATTAN","40.76852864622802","-73.98158816874908"
"58613174","2023-08-25T13:08:00.000","2023-08-28T11:00:00.000","Catch Basin Clogged/Flooding (Use Comments) (SC)","80-04 166 STREET","166 STREET","UNION TPKE","81 AVE","QUEENS","40.72208584031542","-73.80182816464223"
"58613175","2023-08-25T12:59:00.000","2023-08-27T09:10:00.000","Catch Basin Clogged/Flooding (Use Comments) (SC)","131 SEARCH LANE","SEARCH LANE","BAY ST","ANCHOR PL","STATEN ISLAND","40.61106778511143","-74.06231571160393"
"58620430","2023-08-25T12:38:00.000","2023-08-31T08:05:00.000","Catch Basin Clogged/Flooding (Use Comments) (SC)","196-16 58 AVENUE","58 AVENUE","196 ST","196 PL","QUEENS","40.74443946893853","-73.78078332413678"
"58620431","2023-08-25T12:23:00.000","2023-08-27T09:20:00.000","Catch Basin Clogged/Flooding (Use Comments) (SC)",,,,,"STATEN ISLAND","40.594456572092966","-74.1609140788318"
"58615625","2023-08-25T12:23:00.000","2023-08-29T09:30:00.000","Catch Basin Clogged/Flooding (Use Comments) (SC)","133-01 131 AVENUE","131 AVENUE","133 ST","134 ST","QUEENS","40.67060270940918","-73.80539855074512"
"58620432","2023-08-25T12:05:00.000","2023-08-29T12:35:00.000","Catch Basin Clogged/Flooding (Use Comments) (SC)",,,,,"BROOKLYN","40.63715752457274","-73.93366773815083"
"58615626","2023-08-25T12:05:00.000","2023-08-26T11:30:00.000","Catch Basin Clogged/Flooding (Use Comments) (SC)",,,,,"BROOKLYN","40.63347750578832","-73.97897372624583"
"58613176","2023-08-25T11:56:00.000","2023-09-01T11:20:00.000","Catch Basin Clogged/Flooding (Use Comments) (SC)","91-17 31 AVENUE","31 AVENUE","91 ST","92 ST","QUEENS","40.76014833572262","-73.87742147050662"
"58620433","2023-08-25T11:53:00.000","2023-08-26T12:50:00.000","Catch Basin Clogged/Flooding (Use Comments) (SC)",,,,,"BROOKLYN","40.573197983508415","-73.99277199192521"
"58618071","2023-08-25T11:35:00.000","2023-08-25T11:45:00.000","Catch Basin Clogged/Flooding (Use Comments) (SC)","2560 BATCHELDER STREET","BATCHELDER STREET","AVENUE Y","AVENUE Z","BROOKLYN","40.59076422994545","-73.93715955173276"
"58614474","2023-08-25T11:23:00.000","2023-08-25T11:30:00.000","Catch Basin Clogged/Flooding (Use Comments) (SC)","2171 BRAGG STREET","BRAGG STREET","AVENUE U","AVENUE V","BROOKLYN","40.59956336807376","-73.93591251669476"
"58620453","2023-08-25T11:08:00.000","2023-08-26T09:15:00.000","Catch Basin Clogged/Flooding (Use Comments) (SC)","72 HENRY STREET","HENRY STREET","ORANGE ST","PINEAPPLE ST","BROOKLYN","40.698653925841725","-73.99244824195466"
"58616846","2023-08-25T10:50:00.000","2023-08-26T13:15:00.000","Catch Basin Clogged/Flooding (Use Comments) (SC)","463 QUENTIN ROAD","QUENTIN ROAD","E 4 ST","E 5 ST","BROOKLYN","40.60705392964533","-73.96917535113117"
"58614477","2023-08-25T10:44:00.000","2023-08-29T08:10:00.000","Catch Basin Clogged/Flooding (Use Comments) (SC)","451 CLASSON AVENUE","CLASSON AVENUE","QUINCY ST","GATES AVE","BROOKLYN","40.68532660737213","-73.9592885093584"
"58618073","2023-08-25T10:38:00.000","2023-08-26T10:15:00.000","Catch Basin Clogged/Flooding (Use Comments) (SC)","3-15 147 PLACE","147 PLACE","3 AVE","5 AVE","QUEENS","40.796341865598144","-73.82171333529814"
"58615627","2023-08-25T10:38:00.000","2023-08-28T13:15:00.000","Catch Basin Clogged/Flooding (Use Comments) (SC)",,,,,"QUEENS","40.69693575905945","-73.80357263558362"
"58618074","2023-08-25T09:59:00.000","2023-08-29T13:05:00.000","Catch Basin Clogged/Flooding (Use Comments) (SC)","911 LINDEN BOULEVARD","LINDEN BOULEVARD","E 56 ST","E 57 ST","BROOKLYN","40.654215908738315","-73.9240569874516"
"58619280","2023-08-25T09:47:00.000","2023-08-31T12:35:00.000","Catch Basin Clogged/Flooding (Use Comments) (SC)","90-12 BEACH CHANNEL DRIVE","BEACH CHANNEL DRIVE","BEACH 90 ST","BEACH 91 ST","QUEENS","40.58929694314691","-73.81573123629947"
"58615628","2023-08-25T09:44:00.000","2023-08-27T09:15:00.000","Catch Basin Clogged/Flooding (Use Comments) (SC)","24 SPRATT AVENUE","SPRATT AVENUE","SHERIDAN CT","N RAILROAD AVE","STATEN ISLAND","40.55839563829146","-74.13507771637919"
"58616847","2023-08-25T09:20:00.000","2023-09-06T11:10:00.000","Catch Basin Clogged/Flooding (Use Comments) (SC)",,,,,"BRONX","40.831388367968","-73.87792260056325"
"58618075","2023-08-25T09:11:00.000","2023-08-26T13:40:00.000","Catch Basin Clogged/Flooding (Use Comments) (SC)",,,,,"BROOKLYN","40.598923770114716","-73.93580510079654"
"58620434","2023-08-25T09:11:00.000","2023-08-27T11:45:00.000","Catch Basin Clogged/Flooding (Use Comments) (SC)","118 POUCH TERRACE","POUCH TERRACE","WINDERMERE RD","OLGA PL","STATEN ISLAND","40.60274825553668","-74.07607893502544"
"58618076","2023-08-25T09:08:00.000","2023-08-28T11:10:00.000","Catch Basin Clogged/Flooding (Use Comments) (SC)",,,,,"BROOKLYN","40.685025557355495","-73.98611827771147"
"58614478","2023-08-25T09:08:00.000","2023-08-28T12:20:00.000","Catch Basin Clogged/Flooding (Use Comments) (SC)","298 10 STREET","10 STREET","4 AVE","5 AVE","BROOKLYN","40.669479436898136","-73.98867731772839"
"58619281","2023-08-25T09:08:00.000","2023-08-25T14:35:00.000","Catch Basin Clogged/Flooding (Use Comments) (SC)","4966 BROADWAY","BROADWAY","W 207 ST","ISHAM ST","MANHATTAN","40.86799030123644","-73.92015028735669"
"58615629","2023-08-25T09:02:00.000","2023-08-26T08:45:00.000","Catch Basin Clogged/Flooding (Use Comments) (SC)",,,,,"QUEENS","40.78009020850959","-73.91939271712177"
"58620435","2023-08-25T09:02:00.000","2023-08-25T09:02:00.000","Catch Basin Clogged/Flooding (Use Comments) (SC)","165 2 AVENUE","2 AVENUE","13 ST","14 ST","BROOKLYN","40.670100223934384","-73.9954579075408"
"58613177","2023-08-25T08:44:00.000","2023-08-28T13:55:00.000","Catch Basin Clogged/Flooding (Use Comments) (SC)","13-48 212 STREET","212 STREET","BELL BLVD","15 AVE","QUEENS","40.787153697276864","-73.78245911145812"
"58619276","2023-08-25T08:32:00.000","2023-08-25T08:39:00.000","Catch Basin Clogged/Flooding (Use Comments) (SC)","3600 BAYCHESTER AVENUE","BAYCHESTER AVENUE","NEEDHAM AVE","CRAWFORD AVE","BRONX","40.88295018093145","-73.83963893888809"
"58621638","2023-08-25T08:29:00.000","2023-08-27T12:30:00.000","Catch Basin Clogged/Flooding (Use Comments) (SC)",,,,,"STATEN ISLAND","40.5984455873621","-74.06523872009663"
"58614479","2023-08-25T07:29:00.000","2023-08-25T09:40:00.000","Catch Basin Clogged/Flooding (Use Comments) (SC)",,,,,"BROOKLYN","40.62772283781313","-73.94227279290514"
"58620454","2023-08-25T03:56:00.000","2023-08-26T10:30:00.000","Catch Basin Clogged/Flooding (Use Comments) (SC)","542 FLATBUSH AVENUE","FLATBUSH AVENUE","LINCOLN RD","BEND","BROOKLYN","40.66084374936661","-73.96084971120652"
"58612075","2023-08-24T23:05:00.000","2023-08-26T08:35:00.000","Catch Basin Clogged/Flooding (Use Comments) (SC)","35 MARCONI PLACE","MARCONI PLACE","HERKIMER ST","ATLANTIC AVE","BROOKLYN","40.67668487220214","-73.91273272735853"
"58606453","2023-08-24T22:08:00.000","2023-08-24T22:14:00.000","Catch Basin Clogged/Flooding (Use Comments) (SC)","44-53 64 STREET","64 STREET","BEND","LAUREL HILL BLVD","QUEENS","40.74003887808294","-73.90170479937602"
"58607597","2023-08-24T20:50:00.000","2023-08-25T13:20:00.000","Catch Basin Clogged/Flooding (Use Comments) (SC)","82-01 164 PLACE","164 PLACE","GOETHALS AVE","82 RD","QUEENS","40.71929029529797","-73.80262652053008"
"58604291","2023-08-24T20:41:00.000","2023-08-25T13:45:00.000","Catch Basin Clogged/Flooding (Use Comments) (SC)",,,,,"BROOKLYN","40.69406851306072","-73.9140550620167"
"58610954","2023-08-24T20:29:00.000","2023-08-25T09:25:00.000","Catch Basin Clogged/Flooding (Use Comments) (SC)","29-12 150 STREET","150 STREET","29 AVE","BAYSIDE AVE","QUEENS","40.772074429640696","-73.81572011480883"
"58610955","2023-08-24T20:26:00.000","2023-08-25T12:50:00.000","Catch Basin Clogged/Flooding (Use Comments) (SC)",,,,,"QUEENS","40.729663359417366","-73.79511266590698"
"58609808","2023-08-24T16:32:00.000","2023-08-29T12:25:00.000","Catch Basin Clogged/Flooding (Use Comments) (SC)","305 AVENUE C","AVENUE C","E 3 ST","E 4 ST","BROOKLYN","40.64058332194378","-73.97670504869748"
"58609809","2023-08-24T14:35:00.000","2023-08-25T11:55:00.000","Catch Basin Clogged/Flooding (Use Comments) (SC)","114-15 111 AVENUE","111 AVENUE","114 ST","115 ST","QUEENS","40.679382282379336","-73.82531048942653"
"58604288","2023-08-24T13:53:00.000","2023-08-28T11:00:00.000","Catch Basin Clogged/Flooding (Use Comments) (SC)",,,,,"QUEENS","40.76072441242055","-73.87207798972129"
"58609805","2023-08-24T13:50:00.000","2023-08-24T13:50:00.000","Catch Basin Clogged/Flooding (Use Comments) (SC)","2234 LIGHT STREET","LIGHT STREET","DYRE AVE","ROMBOUTS AVE","BRONX","40.88782828791567","-73.83058555165303"
"58607595","2023-08-24T13:35:00.000","2023-08-25T13:55:00.000","Catch Basin Clogged/Flooding (Use Comments) (SC)","20-01 STEINWAY STREET","STEINWAY STREET","20 AVE","20 RD","QUEENS","40.776277897100826","-73.90186433127693"
"58610950","2023-08-24T13:05:00.000","2023-08-25T10:50:00.000","Catch Basin Clogged/Flooding (Use Comments) (SC)","47-39 COLDEN STREET","COLDEN STREET","BEND","KALMIA AVE","QUEENS","40.7483921995214","-73.82060013642071"
"58608728","2023-08-24T13:02:00.000","2023-08-25T10:20:00.000","Catch Basin Clogged/Flooding (Use Comments) (SC)","82-09 ST JAMES AVENUE","ST JAMES AVENUE","BEND","POYER ST","QUEENS","40.73817220579733","-73.88107763897104"
"58607596","2023-08-24T12:47:00.000","2023-08-28T11:04:00.000","Catch Basin Clogged/Flooding (Use Comments) (SC)","114-19 SUTTER AVENUE","SUTTER AVENUE","114 ST","114 PL","QUEENS","40.67503602420008","-73.8244746729734"
"58610951","2023-08-24T11:53:00.000","2023-08-25T07:05:00.000","Catch Basin Clogged/Flooding (Use Comments) (SC)","1240 EAST   73 STREET","EAST   73 STREET","AVENUE L","AVENUE M","BROOKLYN","40.62645267961782","-73.9128560475718"
"58610952","2023-08-24T11:50:00.000",,"Catch Basin Clogged/Flooding (Use Comments) (SC)","30 WOODLAND AVENUE","WOODLAND AVENUE","GIFFORDS LN","BLAISE CT","STATEN ISLAND","40.55496685988826","-74.15299195320812"
"58612074","2023-08-24T11:11:00.000","2023-08-27T11:05:00.000","Catch Basin Clogged/Flooding (Use Comments) (SC)","145 CENTRAL PARK WEST","CENTRAL PARK WEST","W 74 ST","W 75 ST","MANHATTAN","40.77781830137448","-73.97480115740636"
"58610953","2023-08-24T10:29:00.000","2023-08-24T14:40:00.000","Catch Basin Clogged/Flooding (Use Comments) (SC)","101-20 NICOLLS AVENUE","NICOLLS AVENUE","45 AVE","46 AVE","QUEENS","40.745596357707676","-73.8633914851057"
"58604290","2023-08-24T10:14:00.000","2023-08-26T13:50:00.000","Catch Basin Clogged/Flooding (Use Comments) (SC)","2560 BATCHELDER STREET","BATCHELDER STREET","AVENUE Y","AVENUE Z","BROOKLYN","40.59076422994545","-73.93715955173276"
"58608729","2023-08-24T10:11:00.000","2023-08-24T11:25:00.000","Catch Basin Clogged/Flooding (Use Comments) (SC)",,,,,"BROOKLYN","40.616420460017785","-73.97444426100346"
"58608727","2023-08-24T09:56:00.000","2023-08-24T10:45:00.000","Catch Basin Clogged/Flooding (Use Comments) (SC)",,,,,"BRONX","40.80885650391168","-73.93013352388127"
"58606454","2023-08-24T09:56:00.000","2023-08-25T11:10:00.000","Catch Basin Clogged/Flooding (Use Comments) (SC)",,,,,"BROOKLYN","40.63852528050529","-73.92606377273901"
"58608730","2023-08-24T09:50:00.000","2023-08-28T09:50:00.000","Catch Basin Clogged/Flooding (Use Comments) (SC)","149-39 257 STREET","257 STREET","149 RD","CRAFT AVE","QUEENS","40.65177702200038","-73.73208251960352"
"58607594","2023-08-24T09:47:00.000","2023-08-24T10:35:00.000","Catch Basin Clogged/Flooding (Use Comments) (SC)",,,,,"BRONX","40.862815371964345","-73.90755000874817"
"58609806","2023-08-24T09:41:00.000","2023-08-24T11:00:00.000","Catch Basin Clogged/Flooding (Use Comments) (SC)",,,,,"BROOKLYN","40.58904114274164","-73.96426543746222"
"58608731","2023-08-24T09:26:00.000","2023-08-25T08:45:00.000","Catch Basin Clogged/Flooding (Use Comments) (SC)","125 CASSIDY PLACE","CASSIDY PLACE","LAFAYETTE AVE","CLINTON AVE","STATEN ISLAND","40.64188740105213","-74.09648948429756"
"58606455","2023-08-24T09:08:00.000","2023-08-25T09:00:00.000","Catch Basin Clogged/Flooding (Use Comments) (SC)","220 FRANKLIN AVENUE","FRANKLIN AVENUE","WILLOUGHBY AVE","DE KALB AVE","BROOKLYN","40.69175970026038","-73.95749239606589"
"58608732","2023-08-24T09:02:00.000","2023-08-25T10:00:00.000","Catch Basin Clogged/Flooding (Use Comments) (SC)",,,,,"QUEENS","40.716343952068115","-73.76139965541107"
"58609807","2023-08-24T08:47:00.000","2023-08-25T12:00:00.000","Catch Basin Clogged/Flooding (Use Comments) (SC)",,,,,"BROOKLYN","40.694923251391614","-73.91556134307842"
"58594382","2023-08-23T22:56:00.000","2023-08-29T09:40:00.000","Catch Basin Clogged/Flooding (Use Comments) (SC)","93-38 43 AVENUE","43 AVENUE","94 ST","94 ST","QUEENS","40.744307171346414","-73.87127586697102"
"58596842","2023-08-23T22:23:00.000","2023-08-25T09:20:00.000","Catch Basin Clogged/Flooding (Use Comments) (SC)","32-36 MOTT AVENUE","MOTT AVENUE","DUNBAR ST","POINT BREEZE PL","QUEENS","40.61141053239306","-73.76938865700642"
"58599415","2023-08-23T21:32:00.000","2023-08-24T11:50:00.000","Catch Basin Clogged/Flooding (Use Comments) (SC)","1315 CASTLEHILL AVENUE","CASTLEHILL AVENUE","WESTCHESTER AVE",,"BRONX","40.83463504626829","-73.85187592955106"
"58595583","2023-08-23T20:59:00.000","2023-08-29T10:00:00.000","Catch Basin Clogged/Flooding (Use Comments) (SC)","1000 PELHAM PARKWAY SOUTH","PELHAM PARKWAY SOUTH","HONE AVE","LURTING AVE","BRONX","40.85681144279128","-73.85997827464257"
"58594383","2023-08-23T20:38:00.000","2023-08-24T11:30:00.000","Catch Basin Clogged/Flooding (Use Comments) (SC)","24-20 90 PLACE","90 PLACE","24 AVE","24 RD","QUEENS","40.76509052782671","-73.87898271592462"
"58599416","2023-08-23T19:38:00.000","2023-08-24T08:40:00.000","Catch Basin Clogged/Flooding (Use Comments) (SC)","130 VANDERBILT AVENUE","VANDERBILT AVENUE","PARK AVE","MYRTLE AVE","BROOKLYN","40.69394573289746","-73.97000425557223"
"58603058","2023-08-23T18:29:00.000","2023-08-29T09:10:00.000","Catch Basin Clogged/Flooding (Use Comments) (SC)","1122 PELHAM PARKWAY SOUTH","PELHAM PARKWAY SOUTH","TOMLINSON AVE","WILLIAMSBRIDGE RD","BRONX","40.856900871251526","-73.8568077624565"
"58599417","2023-08-23T16:53:00.000","2023-08-24T09:10:00.000","Catch Basin Clogged/Flooding (Use Comments) (SC)",,,,,"QUEENS","40.774901199007","-73.80388784927992"
"58594384","2023-08-23T14:50:00.000","2023-08-28T13:45:00.000","Catch Basin Clogged/Flooding (Use Comments) (SC)","122-20 LIBERTY AVENUE","LIBERTY AVENUE","123 ST","123 ST","QUEENS","40.68741801661239","-73.82110312812424"
"58600640","2023-08-23T14:02:00.000","2023-08-24T08:10:00.000","Catch Basin Clogged/Flooding (Use Comments) (SC)",,,,,"BROOKLYN","40.60559672299342","-73.98403520459637"
"58603059","2023-08-23T13:44:00.000","2023-08-25T09:00:00.000","Catch Basin Clogged/Flooding (Use Comments) (SC)","38-02 100 STREET","100 STREET","38 AVE","DEAD END","QUEENS","40.75066100996269","-73.86622875715936"
"58598123","2023-08-23T12:59:00.000","2023-08-24T10:00:00.000","Catch Basin Clogged/Flooding (Use Comments) (SC)",,,,,"MANHATTAN","40.73521408143234","-73.99171521010928"
"58596843","2023-08-23T10:47:00.000","2023-08-28T02:30:00.000","Catch Basin Clogged/Flooding (Use Comments) (SC)",,,,,"QUEENS","40.68250243236867","-73.82130380187569"
"58596844","2023-08-23T10:11:00.000","2023-08-24T10:00:00.000","Catch Basin Clogged/Flooding (Use Comments) (SC)","144 SAINT MARKS AVENUE","SAINT MARKS AVENUE","FLATBUSH AVE","CARLTON AVE","BROOKLYN","40.67927545898293","-73.97210194633084"
"58596845","2023-08-23T09:56:00.000","2023-08-24T10:15:00.000","Catch Basin Clogged/Flooding (Use Comments) (SC)","605 CARLTON AVENUE","CARLTON AVENUE","ST MARKS AVE","PROSPECT PL","BROOKLYN","40.67902285716502","-73.97176315213112"
"58595585","2023-08-23T09:47:00.000","2023-08-23T11:40:00.000","Catch Basin Clogged/Flooding (Use Comments) (SC)","1237 EAST   99 STREET","EAST   99 STREET","AVENUE L","AVENUE M","BROOKLYN","40.63912765693796","-73.89282031397165"
"58594381","2023-08-23T09:44:00.000","2023-08-23T09:48:00.000","Catch Basin Clogged/Flooding (Use Comments) (SC)",,,,,"BRONX","40.862815371964345","-73.90755000874817"
"58601859","2023-08-23T08:08:00.000","2023-08-24T08:20:00.000","Catch Basin Clogged/Flooding (Use Comments) (SC)","653 COLLEGE AVENUE","COLLEGE AVENUE","COLLFIELD AVE","BRYSON AVE","STATEN ISLAND","40.622315615382384","-74.1427177847076"
"58601858","2023-08-23T07:32:00.000","2023-08-23T07:32:00.000","Catch Basin Clogged/Flooding (Use Comments) (SC)","165 2 AVENUE","2 AVENUE","13 ST","14 ST","BROOKLYN","40.670100223934384","-73.9954579075408"
"58599418","2023-08-23T00:26:00.000","2023-08-23T10:40:00.000","Catch Basin Clogged/Flooding (Use Comments) (SC)","31-27 137 STREET","137 STREET","31 RD","32 AVE","QUEENS","40.76907354189036","-73.8312703287126"
"58589290","2023-08-22T17:29:00.000","2023-08-23T11:45:00.000","Catch Basin Clogged/Flooding (Use Comments) (SC)","249 19 STREET","19 STREET","5 AVE","6 AVE","BROOKLYN","40.662148393390076","-73.99170626279304"
"58584270","2023-08-22T17:20:00.000","2023-08-24T09:45:00.000","Catch Basin Clogged/Flooding (Use Comments) (SC)","28-33 UTOPIA PARKWAY","UTOPIA PARKWAY","28 AVE","29 AVE","QUEENS","40.771167055618925","-73.79219059218158"
"58585507","2023-08-22T17:02:00.000","2023-08-24T15:30:00.000","Catch Basin Clogged/Flooding (Use Comments) (SC)","111-56 143 STREET","143 STREET","111 AVE","LINDEN BLVD","QUEENS","40.68581585190012","-73.8014960609194"
"58589291","2023-08-22T16:59:00.000","2023-08-24T12:20:00.000","Catch Basin Clogged/Flooding (Use Comments) (SC)",,,,,"QUEENS","40.74264436114921","-73.87676079234186"
"58589292","2023-08-22T16:14:00.000","2023-08-23T12:45:00.000","Catch Basin Clogged/Flooding (Use Comments) (SC)","190-22 CROCHERON AVENUE","CROCHERON AVENUE","191 ST","191 ST","QUEENS","40.763447091297714","-73.79123278703089"
"58585508","2023-08-22T16:05:00.000","2023-08-23T08:20:00.000","Catch Basin Clogged/Flooding (Use Comments) (SC)","100 WASHINGTON AVENUE","WASHINGTON AVENUE","PARK AVE","MYRTLE AVE","BROOKLYN","40.695300907505356","-73.96728457254677"
"58593101","2023-08-22T15:29:00.000","2023-08-28T10:20:00.000","Catch Basin Clogged/Flooding (Use Comments) (SC)","118-35 236 STREET","236 STREET","CROSS ISLAND PKWY SR S","119 AVE","QUEENS","40.68853243132954","-73.7273806489554"
"58586733","2023-08-22T15:23:00.000","2023-08-23T09:55:00.000","Catch Basin Clogged/Flooding (Use Comments) (SC)","29-59 166 STREET","166 STREET","29 AVE","32 AVE","QUEENS","40.76939225125374","-73.79896890222632"
"58590566","2023-08-22T15:20:00.000","2023-08-23T10:25:00.000","Catch Basin Clogged/Flooding (Use Comments) (SC)","31-32 UNION STREET","UNION STREET","31 DR","32 AVE","QUEENS","40.76958265404417","-73.8266226767096"
"58586734","2023-08-22T15:05:00.000","2023-08-24T14:00:00.000","Catch Basin Clogged/Flooding (Use Comments) (SC)","46-32 65 PLACE","65 PLACE","LAUREL HILL BLVD","48 AVE","QUEENS","40.73898330233458","-73.89985877166689"
"58590567","2023-08-22T13:59:00.000","2023-08-23T10:30:00.000","Catch Basin Clogged/Flooding (Use Comments) (SC)",,,,,"QUEENS","40.7336546588479","-73.77336047939535"
"58588029","2023-08-22T13:23:00.000","2023-08-25T10:15:00.000","Catch Basin Clogged/Flooding (Use Comments) (SC)","1353 86 STREET","86 STREET","13 AVE","14 AVE","BROOKLYN","40.61337312746647","-74.01275747631298"
"58593102","2023-08-22T13:20:00.000","2023-08-23T08:45:00.000","Catch Basin Clogged/Flooding (Use Comments) (SC)","162-01 71 AVENUE","71 AVENUE","162 ST","163 ST","QUEENS","40.730433185420246","-73.80698097552933"
"58588030","2023-08-22T13:20:00.000","2023-08-23T09:30:00.000","Catch Basin Clogged/Flooding (Use Comments) (SC)","5824 FORT HAMILTON PARKWAY","FORT HAMILTON PARKWAY","58 ST","59 ST","BROOKLYN","40.63391302266825","-74.00434507392085"
"58589293","2023-08-22T13:14:00.000","2023-08-23T08:45:00.000","Catch Basin Clogged/Flooding (Use Comments) (SC)","159 ENGERT AVENUE","ENGERT AVENUE","HUMBOLDT ST","RUSSELL ST","BROOKLYN","40.72175152251129","-73.94413586012753"
"58588031","2023-08-22T13:11:00.000","2023-08-23T14:00:00.000","Catch Basin Clogged/Flooding (Use Comments) (SC)","160-04 87 STREET","87 STREET","160 AVE","161 AVE","QUEENS","40.656400976192145","-73.84499139597317"
"58591800","2023-08-22T13:05:00.000","2023-08-23T13:00:00.000","Catch Basin Clogged/Flooding (Use Comments) (SC)","122-01 ROCKAWAY BOULEVARD","ROCKAWAY BOULEVARD","122 ST","122 PL","QUEENS","40.67568137626746","-73.81590354588938"
"58591801","2023-08-22T12:29:00.000","2023-08-23T09:15:00.000","Catch Basin Clogged/Flooding (Use Comments) (SC)","163-16 71 AVENUE","71 AVENUE","163 ST","164 ST","QUEENS","40.73043417757057","-73.80593822946129"
"58584271","2023-08-22T11:20:00.000","2023-09-06T08:40:00.000","Catch Basin Clogged/Flooding (Use Comments) (SC)",,,,,"BRONX","40.850067813583955","-73.90280008146654"
"58585509","2023-08-22T11:05:00.000","2023-08-23T10:35:00.000","Catch Basin Clogged/Flooding (Use Comments) (SC)","8503 14 AVENUE","14 AVENUE","85 ST","86 ST","BROOKLYN","40.6132360520444","-74.01117987722466"
"58590568","2023-08-22T10:29:00.000","2023-08-23T11:40:00.000","Catch Basin Clogged/Flooding (Use Comments) (SC)","18-01 149 STREET","149 STREET","18 AVE","19 AVE","QUEENS","40.7828244929131","-73.81675559171961"
"58585510","2023-08-22T10:26:00.000","2023-08-24T08:20:00.000","Catch Basin Clogged/Flooding (Use Comments) (SC)","259-58 147 DRIVE","147 DRIVE","259 ST","FRANCIS LEWIS BLVD","QUEENS","40.655631935715064","-73.72792596108438"
"58591802","2023-08-22T09:56:00.000","2023-08-25T08:55:00.000","Catch Basin Clogged/Flooding (Use Comments) (SC)",,,,,"QUEENS","40.78785189992459","-73.8400810547182"
"58590569","2023-08-22T09:02:00.000","2023-08-25T10:10:00.000","Catch Basin Clogged/Flooding (Use Comments) (SC)","2081 MATTHEWS AVENUE","MATTHEWS AVENUE","BRADY AVE","LYDIG AVE","BRONX","40.85328260989797","-73.86297873113881"
"58588032","2023-08-22T08:53:00.000","2023-08-25T08:10:00.000","Catch Basin Clogged/Flooding (Use Comments) (SC)","20-10 SEAGIRT BOULEVARD","SEAGIRT BOULEVARD","BEACH 20 ST","CREST RD","QUEENS","40.59518089250683","-73.75499108161293"
"58588033","2023-08-22T08:44:00.000","2023-08-28T11:55:00.000","Catch Basin Clogged/Flooding (Use Comments) (SC)","47-25 34 STREET","34 STREET","47 AVE","48 AVE","QUEENS","40.74195419278915","-73.93126464600672"
"58585511","2023-08-22T08:38:00.000","2023-08-23T12:10:00.000","Catch Basin Clogged/Flooding (Use Comments) (SC)","150-16 WILLETS POINT BOULEVARD","WILLETS POINT BOULEVARD","150 ST","24 AVE","QUEENS","40.77711128091948","-73.81416443417275"
"58591799","2023-08-22T08:38:00.000","2023-08-22T15:43:00.000","Catch Basin Clogged/Flooding (Use Comments) (SC)","133 PITT STREET","PITT STREET","STANTON ST","AVENUE C","MANHATTAN","40.720226533969814","-73.98156182961009"
"58575317","2023-08-21T23:02:00.000","2023-08-22T11:00:00.000","Catch Basin Clogged/Flooding (Use Comments) (SC)","137-27 HOLLY AVENUE","HOLLY AVENUE","137 PL","KISSENA BLVD","QUEENS","40.74992695979092","-73.82088473631629"
"58575318","2023-08-21T21:50:00.000","2023-08-23T08:45:00.000","Catch Basin Clogged/Flooding (Use Comments) (SC)","45-59 165 STREET","165 STREET","45 AVE","46 AVE","QUEENS","40.754386293589945","-73.80190171357658"
"58579099","2023-08-21T18:50:00.000","2023-08-22T09:15:00.000","Catch Basin Clogged/Flooding (Use Comments) (SC)","38 EAST   14 STREET","EAST   14 STREET","UNION SQUARE W","BROADWAY","MANHATTAN","40.735175649670175","-73.9916430477698"
"58581706","2023-08-21T18:17:00.000","2023-08-25T09:20:00.000","Catch Basin Clogged/Flooding (Use Comments) (SC)","194 IRVING AVENUE","IRVING AVENUE","STANHOPE ST","HIMROD ST","BROOKLYN","40.70146079779305","-73.91869074610861"
"58575319","2023-08-21T17:35:00.000","2023-08-22T11:35:00.000","Catch Basin Clogged/Flooding (Use Comments) (SC)",,,,,"BROOKLYN","40.64306884737812","-73.98589639055531"
"58575320","2023-08-21T17:29:00.000","2023-08-23T07:35:00.000","Catch Basin Clogged/Flooding (Use Comments) (SC)","1694 42 STREET","42 STREET","16 AVE","17 AVE","BROOKLYN","40.633735596024565","-73.97941679806789"
"58574049","2023-08-21T17:26:00.000","2023-08-22T06:55:00.000","Catch Basin Clogged/Flooding (Use Comments) (SC)","5302 AVENUE H","AVENUE H","E 53 ST","E 54 ST","BROOKLYN","40.63302972011603","-73.925298854791"
"58577840","2023-08-21T16:08:00.000","2023-08-22T11:35:00.000","Catch Basin Clogged/Flooding (Use Comments) (SC)","66-61 FOREST AVENUE","FOREST AVENUE","MADISON ST","MADISON ST","QUEENS","40.705817833676036","-73.9024333321985"
"58577841","2023-08-21T14:29:00.000","2023-08-24T09:35:00.000","Catch Basin Clogged/Flooding (Use Comments) (SC)","245 GORDON STREET","GORDON STREET","WARREN ST","LAUREL AVE","STATEN ISLAND","40.62130636123012","-74.08321443576091"
"58579100","2023-08-21T14:08:00.000","2023-08-22T10:00:00.000","Catch Basin Clogged/Flooding (Use Comments) (SC)",,,,,"QUEENS","40.74560183087915","-73.868086685074"
"58576570","2023-08-21T13:47:00.000","2023-08-23T08:25:00.000","Catch Basin Clogged/Flooding (Use Comments) (SC)","88-03 80 STREET","80 STREET","88 AVE","88 RD","QUEENS","40.689911225929905","-73.86161607510587"
"58580404","2023-08-21T13:35:00.000","2023-08-23T10:10:00.000","Catch Basin Clogged/Flooding (Use Comments) (SC)",,,,,"QUEENS","40.77090701579928","-73.79877659398743"
"58575321","2023-08-21T13:26:00.000","2023-08-22T10:30:00.000","Catch Basin Clogged/Flooding (Use Comments) (SC)","114-19 SUTTER AVENUE","SUTTER AVENUE","114 ST","114 PL","QUEENS","40.67503602420008","-73.8244746729734"
"58576571","2023-08-21T13:14:00.000","2023-08-24T10:05:00.000","Catch Basin Clogged/Flooding (Use Comments) (SC)","310 BADEN PLACE","BADEN PLACE","LINCOLN AVE","GREELEY AVE","STATEN ISLAND","40.57061897822621","-74.09287345548161"
"58581707","2023-08-21T13:02:00.000","2023-08-23T12:40:00.000","Catch Basin Clogged/Flooding (Use Comments) (SC)","25-12 MURRAY STREET","MURRAY STREET","25 AVE","25 DR","QUEENS","40.7752866233113","-73.81283723785427"
"58580406","2023-08-21T12:59:00.000","2023-08-27T11:00:00.000","Catch Basin Clogged/Flooding (Use Comments) (SC)","277 ADELAIDE AVENUE","ADELAIDE AVENUE","CLAWSON ST","PENDALE ST","STATEN ISLAND","40.560106606411445","-74.12196317015882"
"58577842","2023-08-21T12:56:00.000","2023-08-26T10:30:00.000","Catch Basin Clogged/Flooding (Use Comments) (SC)","250 WILLOW ROAD WEST","WILLOW ROAD WEST","VEDDER AVE","LEONARD ST","STATEN ISLAND","40.62155590412289","-74.1487426718408"
"58582962","2023-08-21T12:47:00.000","2023-08-13T11:00:00.000","Catch Basin Clogged/Flooding (Use Comments) (SC)","110 EAST   14 STREET","EAST   14 STREET","4 AVE","IRVING PL","MANHATTAN","40.73409400540723","-73.98911376699951"
"58575322","2023-08-21T12:26:00.000","2023-08-25T15:35:00.000","Catch Basin Clogged/Flooding (Use Comments) (SC)","139-04 222 STREET","222 STREET","139 AVE","CARSON ST","QUEENS","40.67183855122845","-73.75158399325802"
"58576572","2023-08-21T12:23:00.000","2023-08-22T12:30:00.000","Catch Basin Clogged/Flooding (Use Comments) (SC)","91-04 79 STREET","79 STREET","91 AVE","ROCKAWAY BLVD","QUEENS","40.686260763795204","-73.86168855374076"
"58576573","2023-08-21T11:26:00.000","2023-08-22T13:45:00.000","Catch Basin Clogged/Flooding (Use Comments) (SC)","6102 8 AVENUE","8 AVENUE","61 ST","LIRR BAY RIDGE LINE","BROOKLYN","40.63489528697644","-74.0101926990687"
"58579101","2023-08-21T11:17:00.000","2023-08-22T09:25:00.000","Catch Basin Clogged/Flooding (Use Comments) (SC)","24-20 90 PLACE","90 PLACE","24 AVE","24 RD","QUEENS","40.76509052782671","-73.87898271592462"
"58580407","2023-08-21T10:35:00.000","2023-08-22T08:05:00.000","Catch Basin Clogged/Flooding (Use Comments) (SC)",,,,,"BRONX","40.862815371964345","-73.90755000874817"
"58574051","2023-08-21T10:05:00.000","2023-08-22T08:03:00.000","Catch Basin Clogged/Flooding (Use Comments) (SC)","2880 HARRINGTON AVENUE","HARRINGTON AVENUE","MAYFLOWER AVE","EDISON AVE","BRONX","40.839923036078766","-73.83300607855817"
"58580403","2023-08-21T09:56:00.000","2023-08-21T10:15:00.000","Catch Basin Clogged/Flooding (Use Comments) (SC)","175-05 111 AVENUE","111 AVENUE","175 ST","176 ST","QUEENS","40.69604619478225","-73.77777615500864"
"58575323","2023-08-21T09:56:00.000","2023-08-24T12:50:00.000","Catch Basin Clogged/Flooding (Use Comments) (SC)","48-01 28 AVENUE","28 AVENUE","48 ST","49 ST","QUEENS","40.7624350842313","-73.90718396488224"
"58581708","2023-08-21T09:20:00.000","2023-08-22T10:30:00.000","Catch Basin Clogged/Flooding (Use Comments) (SC)","129-02 NORTHERN BOULEVARD","NORTHERN BOULEVARD","WILLETS POINT BLVD","VAN WYCK EP SB EN NORTHERN BLVD","QUEENS","40.76176557594917","-73.83986934296057"
"58576574","2023-08-21T08:59:00.000","2023-08-24T07:30:00.000","Catch Basin Clogged/Flooding (Use Comments) (SC)","175-05 111 AVENUE","111 AVENUE","175 ST","176 ST","QUEENS","40.69604619478225","-73.77777615500864"
"58580408","2023-08-21T08:59:00.000","2023-08-22T11:50:00.000","Catch Basin Clogged/Flooding (Use Comments) (SC)","738 CHAUNCEY STREET","CHAUNCEY STREET","BUSHWICK AVE","EVERGREEN AVE","BROOKLYN","40.685334971324394","-73.90739224037475"
"58579102","2023-08-21T08:50:00.000","2023-08-22T10:00:00.000","Catch Basin Clogged/Flooding (Use Comments) (SC)","3-15 147 PLACE","147 PLACE","3 AVE","5 AVE","QUEENS","40.796341865598144","-73.82171333529814"
"58576575","2023-08-21T08:29:00.000","2023-09-04T12:10:00.000","Catch Basin Clogged/Flooding (Use Comments) (SC)",,,,,"MANHATTAN","40.71993510515809","-73.97875164371303"
"58576569","2023-08-21T00:26:00.000","2023-08-21T10:20:00.000","Catch Basin Clogged/Flooding (Use Comments) (SC)","305 HALSEY STREET","HALSEY STREET","THROOP AVE","MARCUS GARVEY BLVD","BROOKLYN","40.68290569745191","-73.94035735919954"
"58567386","2023-08-20T21:32:00.000","2023-08-21T12:20:00.000","Catch Basin Clogged/Flooding (Use Comments) (SC)","45-20 83 STREET","83 STREET","45 AVE","WHITNEY AVE","QUEENS","40.74115350173226","-73.88155588111144"
"58569648","2023-08-20T18:50:00.000","2023-08-21T09:25:00.000","Catch Basin Clogged/Flooding (Use Comments) (SC)","211 FRANKLIN STREET","FRANKLIN STREET","FREEMAN ST","EAGLE ST","BROOKLYN","40.73424068350389","-73.95832046449665"
"58567387","2023-08-20T17:38:00.000","2023-08-23T07:40:00.000","Catch Basin Clogged/Flooding (Use Comments) (SC)",,,,,"BRONX","40.81828808607556","-73.81097489556502"
"58567388","2023-08-20T16:59:00.000","2023-08-21T10:05:00.000","Catch Basin Clogged/Flooding (Use Comments) (SC)",,,,,"STATEN ISLAND","40.615449370189204","-74.15244621465916"
"58572911","2023-08-20T16:14:00.000","2023-08-24T08:35:00.000","Catch Basin Clogged/Flooding (Use Comments) (SC)",,,,,"QUEENS","40.69793377955999","-73.8920009014475"
"58568540","2023-08-20T15:29:00.000","2023-08-21T13:15:00.000","Catch Basin Clogged/Flooding (Use Comments) (SC)","1245 EAST   72 STREET","EAST   72 STREET","AVENUE L","AVENUE M","BROOKLYN","40.62573101010273","-73.91313437776469"
"58565254","2023-08-20T14:20:00.000","2023-08-28T10:30:00.000","Catch Basin Clogged/Flooding (Use Comments) (SC)","25-45 89 STREET","89 STREET","25 AVE","30 AVE","QUEENS","40.76258015217697","-73.88000164331096"
"58567389","2023-08-20T13:44:00.000","2023-08-21T10:30:00.000","Catch Basin Clogged/Flooding (Use Comments) (SC)","52-63 83 STREET","83 STREET","GRAND AVE","54 AVE","QUEENS","40.732825431026946","-73.88377531407359"
"58572912","2023-08-20T11:35:00.000","2023-08-21T13:25:00.000","Catch Basin Clogged/Flooding (Use Comments) (SC)","60-59 69 STREET","69 STREET","60 DR","ELIOT AVE","QUEENS","40.72011392213239","-73.89167635612525"
"58566334","2023-08-20T11:11:00.000","2023-09-05T13:00:00.000","Catch Basin Clogged/Flooding (Use Comments) (SC)","521 HOLLYWOOD AVENUE","HOLLYWOOD AVENUE","DEWEY AVE","THROGS NECK EXPRESSWAY SR","BRONX","40.823479461968205","-73.8167592582298"
"58568541","2023-08-20T10:20:00.000","2023-08-25T14:15:00.000","Catch Basin Clogged/Flooding (Use Comments) (SC)","88-55 199 STREET","199 STREET","HILLSIDE AVE","89 AVE","QUEENS","40.71848542065575","-73.7629937037556"
"58565255","2023-08-20T10:08:00.000","2023-08-21T08:45:00.000","Catch Basin Clogged/Flooding (Use Comments) (SC)",,,,,"QUEENS","40.742488055585525","-73.95666971399662"
"58572913","2023-08-20T09:56:00.000","2023-08-21T13:10:00.000","Catch Basin Clogged/Flooding (Use Comments) (SC)",,,,,"QUEENS","40.73190962918987","-73.8221743829102"
"58566335","2023-08-20T09:38:00.000","2023-08-21T09:30:00.000","Catch Basin Clogged/Flooding (Use Comments) (SC)","1299 1 AVENUE","1 AVENUE","E 69 ST","E 70 ST","MANHATTAN","40.7664031670255","-73.95703682000615"
"58570728","2023-08-20T08:56:00.000","2023-08-21T09:10:00.000","Catch Basin Clogged/Flooding (Use Comments) (SC)","48-02 69 STREET","69 STREET","48 AVE","49 AVE","QUEENS","40.73823597788029","-73.89591577806499"
"58570729","2023-08-20T08:53:00.000","2023-08-22T08:45:00.000","Catch Basin Clogged/Flooding (Use Comments) (SC)",,,,,"QUEENS","40.77433219565583","-73.84271668027256"
"58567390","2023-08-20T08:02:00.000","2023-08-21T10:25:00.000","Catch Basin Clogged/Flooding (Use Comments) (SC)","36-05 200 STREET","200 STREET","36 AVE","BEND","QUEENS","40.76386617510841","-73.78627144232235"
"58559111","2023-08-19T20:59:00.000","2023-08-24T09:30:00.000","Catch Basin Clogged/Flooding (Use Comments) (SC)","3 WOLCOTT AVENUE","WOLCOTT AVENUE","ANNADALE RD","DRUMGOOLE RD E","STATEN ISLAND","40.549338946344136","-74.17487488481046"
"58564040","2023-08-19T19:17:00.000","2023-08-21T09:05:00.000","Catch Basin Clogged/Flooding (Use Comments) (SC)","25-12 MURRAY STREET","MURRAY STREET","25 AVE","25 DR","QUEENS","40.7752866233113","-73.81283723785427"
"58559112","2023-08-19T18:47:00.000","2023-08-20T11:10:00.000","Catch Basin Clogged/Flooding (Use Comments) (SC)","134-50 GUY R BREWER BOULEVARD","GUY R BREWER BOULEVARD","134 AVE","137 AVE","QUEENS","40.67264727904548","-73.77512514535329"
"58555403","2023-08-19T17:59:00.000","2023-08-26T13:30:00.000","Catch Basin Clogged/Flooding (Use Comments) (SC)","368 FILLMORE STREET","FILLMORE STREET","TYSEN ST","CHAPEL RD","STATEN ISLAND","40.64311938899205","-74.10019193701048"
"58560337","2023-08-19T17:02:00.000","2023-08-19T17:02:00.000","Catch Basin Clogged/Flooding (Use Comments) (SC)","4224 WICKHAM AVENUE","WICKHAM AVENUE","BUSSING AVE","PITMAN AVE","BRONX","40.89501229897557","-73.84923477754563"
"58561593","2023-08-19T16:56:00.000","2023-08-23T13:50:00.000","Catch Basin Clogged/Flooding (Use Comments) (SC)","4224 WICKHAM AVENUE","WICKHAM AVENUE","BUSSING AVE","PITMAN AVE","BRONX","40.89501229897557","-73.84923477754563"
"58559113","2023-08-19T15:56:00.000","2023-08-20T10:45:00.000","Catch Basin Clogged/Flooding (Use Comments) (SC)","2226 SURF AVENUE","SURF AVENUE","W 22 ST","W 23 ST","BROOKLYN","40.57419130503255","-73.98901743992982"
"58556630","2023-08-19T15:38:00.000","2023-08-21T11:15:00.000","Catch Basin Clogged/Flooding (Use Comments) (SC)","501 WOOLLEY AVENUE","WOOLLEY AVENUE","VICTORY BLVD","PURDY AVE","STATEN ISLAND","40.610995245837636","-74.14116648442392"
"58560338","2023-08-19T15:11:00.000","2023-08-20T12:20:00.000","Catch Basin Clogged/Flooding (Use Comments) (SC)",,,,,"QUEENS","40.75887232439888","-73.75277184649781"
"58564041","2023-08-19T14:44:00.000","2023-08-20T10:10:00.000","Catch Basin Clogged/Flooding (Use Comments) (SC)","98-02 62 DRIVE","62 DRIVE","98 ST","99 ST","QUEENS","40.73307572664068","-73.85961045372234"
"58560339","2023-08-19T14:41:00.000","2023-08-20T09:50:00.000","Catch Basin Clogged/Flooding (Use Comments) (SC)",,,,,"QUEENS","40.73247159537116","-73.86164315102748"
"58560340","2023-08-19T13:17:00.000","2023-08-21T10:35:00.000","Catch Basin Clogged/Flooding (Use Comments) (SC)","589 JEFFERSON AVENUE","JEFFERSON AVENUE","LEWIS AVE","STUYVESANT AVE","BROOKLYN","40.68509278328994","-73.93439887467792"
"58562793","2023-08-19T13:11:00.000","2023-08-20T09:45:00.000","Catch Basin Clogged/Flooding (Use Comments) (SC)","146-01 116 AVENUE","116 AVENUE","146 ST","147 ST","QUEENS","40.681904817375035","-73.79538559286392"
"58562792","2023-08-19T12:59:00.000","2023-08-19T13:56:00.000","Catch Basin Clogged/Flooding (Use Comments) (SC)","72-26 62 STREET","62 STREET","MYRTLE AVE","74 AVE","QUEENS","40.700773120459715","-73.89334152498104"
"58564042","2023-08-19T12:56:00.000","2023-08-20T10:35:00.000","Catch Basin Clogged/Flooding (Use Comments) (SC)","72-26 62 STREET","62 STREET","MYRTLE AVE","74 AVE","QUEENS","40.700773120459715","-73.89334152498104"
"58560341","2023-08-19T12:50:00.000","2023-08-21T09:20:00.000","Catch Basin Clogged/Flooding (Use Comments) (SC)","27-42 167 STREET","167 STREET","27 AVE","29 AVE","QUEENS","40.77148163329735","-73.79776035426941"
"58556631","2023-08-19T12:23:00.000","2023-08-21T08:50:00.000","Catch Basin Clogged/Flooding (Use Comments) (SC)","150-02 15 DRIVE","15 DRIVE","150 ST","MURRAY ST","QUEENS","40.78565439014948","-73.81337864736145"
"58555404","2023-08-19T11:02:00.000","2023-08-20T08:50:00.000","Catch Basin Clogged/Flooding (Use Comments) (SC)","107-07 ASTORIA BOULEVARD","ASTORIA BOULEVARD","107 ST","31 DR","QUEENS","40.76070755889076","-73.86222342314575"
"58555405","2023-08-19T09:50:00.000","2023-08-21T10:40:00.000","Catch Basin Clogged/Flooding (Use Comments) (SC)","53-45 207 STREET","207 STREET","53 AVE","56 AVE","QUEENS","40.750216324247525","-73.77186046138833"
"58560342","2023-08-19T09:26:00.000","2023-08-20T09:20:00.000","Catch Basin Clogged/Flooding (Use Comments) (SC)","20-01 STEINWAY STREET","STEINWAY STREET","20 AVE","20 RD","QUEENS","40.776277897100826","-73.90186433127693"
"58559114","2023-08-19T09:23:00.000","2023-08-20T09:05:00.000","Catch Basin Clogged/Flooding (Use Comments) (SC)","30-10 91 STREET","91 STREET","30 AVE","31 AVE","QUEENS","40.761422424374054","-73.87791727554456"
"58559115","2023-08-19T07:02:00.000","2023-08-20T11:40:00.000","Catch Basin Clogged/Flooding (Use Comments) (SC)","82-01 164 PLACE","164 PLACE","GOETHALS AVE","82 RD","QUEENS","40.71929029529797","-73.80262652053008"
"58561594","2023-08-19T06:56:00.000","2023-08-19T11:25:00.000","Catch Basin Clogged/Flooding (Use Comments) (SC)","48-04 66 STREET","66 STREET","48 AVE","49 AVE","QUEENS","40.73829354086371","-73.89891076572474"
"58545593","2023-08-18T23:29:00.000","2023-08-20T11:55:00.000","Catch Basin Clogged/Flooding (Use Comments) (SC)","57-10 XENIA STREET","XENIA STREET","57 AVE","OTIS AVE","QUEENS","40.73870324368942","-73.85799639937566"
"58544222","2023-08-18T21:59:00.000","2023-08-20T11:10:00.000","Catch Basin Clogged/Flooding (Use Comments) (SC)","25-65 MCINTOSH STREET","MCINTOSH STREET","100 ST","27 AVE","QUEENS","40.76430345598176","-73.86953693917624"
"58545594","2023-08-18T18:23:00.000","2023-08-22T11:30:00.000","Catch Basin Clogged/Flooding (Use Comments) (SC)",,,,,"STATEN ISLAND","40.61993168764973","-74.14819873276548"
"58552590","2023-08-18T17:08:00.000","2023-08-19T09:40:00.000","Catch Basin Clogged/Flooding (Use Comments) (SC)","152-60 12 AVENUE","12 AVENUE","152 ST","154 ST","QUEENS","40.79169218047905","-73.80963472931617"
"58552591","2023-08-18T17:05:00.000","2023-08-19T09:40:00.000","Catch Basin Clogged/Flooding (Use Comments) (SC)","605 EAST NEW YORK AVENUE","EAST NEW YORK AVENUE","KINGSTON AVE","ALBANY AVE","BROOKLYN","40.662098515870476","-73.94225385751183"
"58548447","2023-08-18T17:05:00.000","2023-08-19T15:50:00.000","Catch Basin Clogged/Flooding (Use Comments) (SC)","50-58 45 STREET","45 STREET","50 AVE","LAUREL HILL BLVD","QUEENS","40.73633734955357","-73.92102252722697"
"58545595","2023-08-18T17:05:00.000","2023-08-29T09:55:00.000","Catch Basin Clogged/Flooding (Use Comments) (SC)","510 ROSEDALE AVENUE","ROSEDALE AVENUE","LACOMBE AVE","RANDALL AVE","BRONX","40.814711059634774","-73.86524742455468"
"58548448","2023-08-18T16:41:00.000","2023-08-23T08:45:00.000","Catch Basin Clogged/Flooding (Use Comments) (SC)","11 KRAMER PLACE","KRAMER PLACE","JEWETT AVE","DERBY CT","STATEN ISLAND","40.62949370575129","-74.13079756737937"
"58545596","2023-08-18T16:26:00.000","2023-08-26T11:30:00.000","Catch Basin Clogged/Flooding (Use Comments) (SC)","159 SHERADEN AVENUE","SHERADEN AVENUE","S GANNON AVE","WESTWOOD AVE","STATEN ISLAND","40.60719205591575","-74.13799997701587"
"58552592","2023-08-18T16:26:00.000","2023-08-20T12:30:00.000","Catch Basin Clogged/Flooding (Use Comments) (SC)","240-01 NEWHALL AVENUE","NEWHALL AVENUE","BROOKVILLE BLVD","HUXLEY ST","QUEENS","40.65968052242244","-73.74346195406434"
"58551202","2023-08-18T16:14:00.000","2023-08-19T10:00:00.000","Catch Basin Clogged/Flooding (Use Comments) (SC)","619 WEST  113 STREET","WEST  113 STREET","BROADWAY","RIVERSIDE DR","MANHATTAN","40.80661941085117","-73.96657604453885"
"58548449","2023-08-18T15:44:00.000","2023-08-19T09:15:00.000","Catch Basin Clogged/Flooding (Use Comments) (SC)","151-09 26 AVENUE","26 AVENUE","MURRAY ST","154 ST","QUEENS","40.77415521283637","-73.81248298059903"
"58553993","2023-08-18T15:35:00.000","2023-08-20T10:15:00.000","Catch Basin Clogged/Flooding (Use Comments) (SC)","25-06 84 STREET","84 STREET","25 AVE","30 AVE","QUEENS","40.762972090163","-73.88483093658382"
"58552593","2023-08-18T15:26:00.000","2023-08-19T11:20:00.000","Catch Basin Clogged/Flooding (Use Comments) (SC)",,,,,"MANHATTAN","40.73868641781212","-73.99587543190957"
"58545597","2023-08-18T15:23:00.000","2023-08-18T16:40:00.000","Catch Basin Clogged/Flooding (Use Comments) (SC)",,,,,"QUEENS","40.77560917969173","-73.80379188981568"
"58548450","2023-08-18T15:23:00.000","2023-08-18T16:10:00.000","Catch Basin Clogged/Flooding (Use Comments) (SC)","159 ENGERT AVENUE","ENGERT AVENUE","HUMBOLDT ST","RUSSELL ST","BROOKLYN","40.72175152251129","-73.94413586012753"
"58551203","2023-08-18T15:05:00.000","2023-08-19T08:50:00.000","Catch Basin Clogged/Flooding (Use Comments) (SC)",,,,,"BROOKLYN","40.61848503370778","-73.91350041030312"
"58549804","2023-08-18T15:05:00.000","2023-08-18T17:40:00.000","Catch Basin Clogged/Flooding (Use Comments) (SC)","1948 BLACKROCK AVENUE","BLACKROCK AVENUE","VIRGINIA AVE","PUGSLEY AVE","BRONX","40.82798976634953","-73.85817080179608"
"58552594","2023-08-18T14:59:00.000","2023-08-19T08:39:00.000","Catch Basin Clogged/Flooding (Use Comments) (SC)","72-36 BURCHELL AVENUE","BURCHELL AVENUE","BEACH 72 ST","BARBADOES DR","QUEENS","40.59598276392069","-73.80220602565062"
"58553994","2023-08-18T14:56:00.000","2023-08-20T11:30:00.000","Catch Basin Clogged/Flooding (Use Comments) (SC)","37-71 101 STREET","101 STREET","37 AVE","DEAD END","QUEENS","40.752348792542264","-73.86602324761566"
"58553995","2023-08-18T14:47:00.000","2023-08-22T11:50:00.000","Catch Basin Clogged/Flooding (Use Comments) (SC)","157-23 26 AVENUE","26 AVENUE","157 ST","160 ST","QUEENS","40.773675875612426","-73.80644404657822"
"58544223","2023-08-18T14:41:00.000","2023-08-21T09:15:00.000","Catch Basin Clogged/Flooding (Use Comments) (SC)","46-55 193 STREET","193 STREET","46 AVE","47 AVE","QUEENS","40.75214357010232","-73.787882701893"
"58553996","2023-08-18T14:29:00.000","2023-08-22T09:00:00.000","Catch Basin Clogged/Flooding (Use Comments) (SC)",,,,,"STATEN ISLAND","40.61401097406131","-74.07048735829346"
"58544224","2023-08-18T14:23:00.000","2023-08-19T07:40:00.000","Catch Basin Clogged/Flooding (Use Comments) (SC)","290 10 STREET","10 STREET","3 AVE","4 AVE","BROOKLYN","40.66993515823916","-73.98961449522632"
"58551204","2023-08-18T14:23:00.000","2023-08-20T11:25:00.000","Catch Basin Clogged/Flooding (Use Comments) (SC)",,,,,"QUEENS","40.76277581482081","-73.78737955893673"
"58545598","2023-08-18T14:08:00.000","2023-08-18T18:30:00.000","Catch Basin Clogged/Flooding (Use Comments) (SC)","51 KENT AVENUE","KENT AVENUE","N 11 ST","N 10 ST","BROOKLYN","40.72244685999596","-73.95942457110776"
"58553997","2023-08-18T13:50:00.000","2023-08-21T09:35:00.000","Catch Basin Clogged/Flooding (Use Comments) (SC)",,,,,"BRONX","40.823579384286035","-73.91416600374616"
"58551205","2023-08-18T13:47:00.000","2023-08-18T17:00:00.000","Catch Basin Clogged/Flooding (Use Comments) (SC)","61 HARRISON AVENUE","HARRISON AVENUE","RUTLEDGE ST","HEYWARD ST","BROOKLYN","40.70490240863527","-73.95242739737971"
"58551206","2023-08-18T13:47:00.000","2023-08-18T17:20:00.000","Catch Basin Clogged/Flooding (Use Comments) (SC)","152-12 BAYSIDE AVENUE","BAYSIDE AVENUE","152 ST","153 ST","QUEENS","40.77157946493371","-73.811760945301"
"58553998","2023-08-18T13:41:00.000","2023-08-22T10:55:00.000","Catch Basin Clogged/Flooding (Use Comments) (SC)","58-50 57 ROAD","57 ROAD","58 PL","59 ST","QUEENS","40.72238593035523","-73.91004289711925"
"58549805","2023-08-18T13:32:00.000","2023-08-19T08:25:00.000","Catch Basin Clogged/Flooding (Use Comments) (SC)","5302 AVENUE H","AVENUE H","E 53 ST","E 54 ST","BROOKLYN","40.63302972011603","-73.925298854791"
"58544225","2023-08-18T13:17:00.000","2023-08-23T20:15:00.000","Catch Basin Clogged/Flooding (Use Comments) (SC)","196 WATCHOGUE ROAD","WATCHOGUE ROAD","ST JOHN AVE","NEAL DOW AVE","STATEN ISLAND","40.615719925188785","-74.1358780765991"
"58548451","2023-08-18T13:17:00.000","2023-08-22T11:50:00.000","Catch Basin Clogged/Flooding (Use Comments) (SC)","33-01 PRINCE STREET","PRINCE STREET","33 AVE","LINNEAUS PL","QUEENS","40.766397769094596","-73.83339981945632"
"58549806","2023-08-18T13:17:00.000",,"Catch Basin Clogged/Flooding (Use Comments) (SC)","33-01 PRINCE STREET","PRINCE STREET","33 AVE","LINNEAUS PL","QUEENS","40.766397769094596","-73.83339981945632"
"58545599","2023-08-18T12:56:00.000","2023-08-19T10:10:00.000","Catch Basin Clogged/Flooding (Use Comments) (SC)","128-15 11 AVENUE","11 AVENUE","128 ST","129 ST","QUEENS","40.78785157900003","-73.83984993761705"
"58552595","2023-08-18T12:50:00.000","2023-08-18T18:30:00.000","Catch Basin Clogged/Flooding (Use Comments) (SC)",,,,,"BROOKLYN","40.69919938345269","-73.92308250532217"
"58553999","2023-08-18T12:44:00.000","2023-08-20T12:25:00.000","Catch Basin Clogged/Flooding (Use Comments) (SC)","51-20 111 STREET","111 STREET","51 AVE","52 AVE","QUEENS","40.744643772442934","-73.85215179759165"
"58545600","2023-08-18T12:41:00.000","2023-08-19T09:35:00.000","Catch Basin Clogged/Flooding (Use Comments) (SC)",,,,,"QUEENS","40.67642566695934","-73.73108580592933"
"58546984","2023-08-18T12:32:00.000","2023-08-18T17:50:00.000","Catch Basin Clogged/Flooding (Use Comments) (SC)","284 HUMBOLT STREET","HUMBOLT STREET","MAUJER ST","GRAND ST","BROOKLYN","40.71143024412639","-73.94215701409897"
"58545601","2023-08-18T12:23:00.000","2023-08-19T15:00:00.000","Catch Basin Clogged/Flooding (Use Comments) (SC)","178-19 90 AVENUE","90 AVENUE","178 ST","179 ST","QUEENS","40.710438299465","-73.78420639646913"
"58546985","2023-08-18T12:23:00.000","2023-08-19T09:20:00.000","Catch Basin Clogged/Flooding (Use Comments) (SC)",,,,,"QUEENS","40.74776383676665","-73.90991840310123"
"58551207","2023-08-18T12:20:00.000","2023-08-19T13:30:00.000","Catch Basin Clogged/Flooding (Use Comments) (SC)","88-02 80 STREET","80 STREET","88 AVE","88 RD","QUEENS","40.689908507178174","-73.8616377162125"
"58552596","2023-08-18T12:20:00.000","2023-08-19T09:10:00.000","Catch Basin Clogged/Flooding (Use Comments) (SC)",,,,,"QUEENS","40.74975361705983","-73.90970999107567"
"58551208","2023-08-18T12:17:00.000","2023-08-21T10:55:00.000","Catch Basin Clogged/Flooding (Use Comments) (SC)",,,,,"STATEN ISLAND","40.61149043685695","-74.14024550276673"
"58548452","2023-08-18T12:17:00.000","2023-08-18T12:25:00.000","Catch Basin Clogged/Flooding (Use Comments) (SC)","53-10 37 ROAD","37 ROAD","WOODSIDE AVE","54 ST","QUEENS","40.75094720717019","-73.90923195731813"
"58554001","2023-08-18T12:17:00.000","2023-08-21T10:25:00.000","Catch Basin Clogged/Flooding (Use Comments) (SC)","456 LIVERMORE AVENUE","LIVERMORE AVENUE","CASWELL AVE","WILBUR PL","STATEN ISLAND","40.61245147791889","-74.13994857846268"
"58551209","2023-08-18T12:14:00.000","2023-08-21T10:25:00.000","Catch Basin Clogged/Flooding (Use Comments) (SC)","464 LIVERMORE AVENUE","LIVERMORE AVENUE","WILBUR PL","MARTIN AVE","STATEN ISLAND","40.61206980726575","-74.14006663462989"
"58554002","2023-08-18T12:14:00.000","2023-08-19T08:55:00.000","Catch Basin Clogged/Flooding (Use Comments) (SC)","53-09 37 ROAD","37 ROAD","WOODSIDE AVE","54 ST","QUEENS","40.75096917651234","-73.90924636423695"
"58553992","2023-08-18T12:02:00.000","2023-08-18T12:06:00.000","Catch Basin Clogged/Flooding (Use Comments) (SC)","145-03 97 AVENUE","97 AVENUE","WALTHAM ST","SUTPHIN BLVD","QUEENS","40.69699555411478","-73.80646471074978"
"58548453","2023-08-18T12:02:00.000","2023-08-19T10:35:00.000","Catch Basin Clogged/Flooding (Use Comments) (SC)","51-20 MANILLA STREET","MANILLA STREET","51 AVE","KNEELAND AVE","QUEENS","40.73655285776676","-73.8838229387969"
"58549808","2023-08-18T11:53:00.000","2023-08-19T14:00:00.000","Catch Basin Clogged/Flooding (Use Comments) (SC)","145-03 97 AVENUE","97 AVENUE","WALTHAM ST","SUTPHIN BLVD","QUEENS","40.69699555411478","-73.80646471074978"
"58545602","2023-08-18T11:38:00.000","2023-08-26T08:45:00.000","Catch Basin Clogged/Flooding (Use Comments) (SC)","151-30 20 ROAD","20 ROAD","MURRAY ST","154 ST","QUEENS","40.7803596228099","-73.81159169143191"
"58544226","2023-08-18T11:32:00.000","2023-08-26T12:10:00.000","Catch Basin Clogged/Flooding (Use Comments) (SC)","23 KELLY BOULEVARD","KELLY BOULEVARD","ROCKLAND AVE","MONAHAN AVE","STATEN ISLAND","40.58969625776286","-74.1514224898922"
"58545603","2023-08-18T11:26:00.000","2023-08-20T10:35:00.000","Catch Basin Clogged/Flooding (Use Comments) (SC)","24-23 98 STREET","98 STREET","24 AVE","25 AVE","QUEENS","40.76567304937363","-73.87195296443981"
"58546986","2023-08-18T11:23:00.000","2023-08-18T19:40:00.000","Catch Basin Clogged/Flooding (Use Comments) (SC)","22 ROCHESTER AVENUE","ROCHESTER AVENUE","HERKIMER ST","ATLANTIC AVE","BROOKLYN","40.67826236300274","-73.92745461840214"
"58552597","2023-08-18T11:14:00.000","2023-08-19T08:35:00.000","Catch Basin Clogged/Flooding (Use Comments) (SC)",,,,,"QUEENS","40.7572538445227","-73.90484858404072"
"58548454","2023-08-18T11:08:00.000","2023-08-20T12:40:00.000","Catch Basin Clogged/Flooding (Use Comments) (SC)","36-06 218 STREET","218 STREET","36 AVE","38 AVE","QUEENS","40.76898168025455","-73.76612455409567"
"58548455","2023-08-18T11:02:00.000","2023-08-19T09:20:00.000","Catch Basin Clogged/Flooding (Use Comments) (SC)","2481 BROWN STREET","BROWN STREET","AVENUE X","AVENUE Y","BROOKLYN","40.59202197993217","-73.93832496939828"
"58552598","2023-08-18T11:02:00.000","2023-08-19T12:40:00.000","Catch Basin Clogged/Flooding (Use Comments) (SC)","167-15 29 AVENUE","29 AVENUE","167 ST","168 ST","QUEENS","40.770802980444685","-73.79736167236302"
"58549809","2023-08-18T10:56:00.000","2023-08-24T14:35:00.000","Catch Basin Clogged/Flooding (Use Comments) (SC)","3080 ARTHUR KILL ROAD","ARTHUR KILL ROAD","JOHNSON ST","CLAY PIT RD","STATEN ISLAND","40.5442592842231","-74.23303856886267"
"58552599","2023-08-18T10:47:00.000","2023-08-23T14:30:00.000","Catch Basin Clogged/Flooding (Use Comments) (SC)","81 HAUGHWOUT AVENUE","HAUGHWOUT AVENUE","DRYDEN CT","CORTLANDT ST","STATEN ISLAND","40.62831536672602","-74.1338970815553"
"58554003","2023-08-18T10:35:00.000","2023-08-18T10:45:00.000","Catch Basin Clogged/Flooding (Use Comments) (SC)","1300 EAST   54 STREET","EAST   54 STREET","AVENUE J","AVENUE K","BROOKLYN","40.62642201762966","-73.92378600499822"
"58546987","2023-08-18T10:32:00.000","2023-08-19T08:05:00.000","Catch Basin Clogged/Flooding (Use Comments) (SC)",,,,,"BROOKLYN","40.66563095821665","-73.98594929350905"
"58548456","2023-08-18T10:26:00.000","2023-08-20T08:40:00.000","Catch Basin Clogged/Flooding (Use Comments) (SC)","160-04 25 DRIVE","25 DRIVE","160 ST","163 ST","QUEENS","40.774148583094856","-73.80356151231427"
"58549810","2023-08-18T10:23:00.000","2023-08-19T09:40:00.000","Catch Basin Clogged/Flooding (Use Comments) (SC)","41-50 56 STREET","56 STREET","ROOSEVELT AVE","43 AVE","QUEENS","40.74480953066483","-73.90870620525483"
"58552600","2023-08-18T10:23:00.000","2023-08-23T15:45:00.000","Catch Basin Clogged/Flooding (Use Comments) (SC)",,,,,"STATEN ISLAND","40.594456572092966","-74.1609140788318"
"58546988","2023-08-18T10:20:00.000","2023-08-19T14:20:00.000","Catch Basin Clogged/Flooding (Use Comments) (SC)","85-10 GRAND AVENUE","GRAND AVENUE","VAN KLEECK ST","SIMONSON ST","QUEENS","40.73510153979428","-73.881772315201"
"58549811","2023-08-18T10:17:00.000","2023-08-20T09:00:00.000","Catch Basin Clogged/Flooding (Use Comments) (SC)","173-01 111 AVENUE","111 AVENUE","173 ST","174 ST","QUEENS","40.695346748267994","-73.7794481623929"
"58546983","2023-08-18T10:05:00.000","2023-08-18T10:30:00.000","Catch Basin Clogged/Flooding (Use Comments) (SC)","318 KNICKERBOCKER AVENUE","KNICKERBOCKER AVENUE","HART ST","DE KALB AVE","BROOKLYN","40.70140607573066","-73.92293209160103"
"58551210","2023-08-18T09:59:00.000","2023-08-22T12:25:00.000","Catch Basin Clogged/Flooding (Use Comments) (SC)","3145 SPENCER DRIVE","SPENCER DRIVE","ROBERTSON PL","KENNELLWORTH PL","BRONX","40.84350634051382","-73.82293865637482"
"58554004","2023-08-18T09:56:00.000","2023-08-19T09:00:00.000","Catch Basin Clogged/Flooding (Use Comments) (SC)","274 GARFIELD PLACE","GARFIELD PLACE","8 AVE","PROSPECT PARK W","BROOKLYN","40.67090437519678","-73.97415662389398"
"58548457","2023-08-18T09:53:00.000","2023-08-19T10:05:00.000","Catch Basin Clogged/Flooding (Use Comments) (SC)","94-29 97 STREET","97 STREET","ATLANTIC AVE","95 AVE","QUEENS","40.68820002604053","-73.84556652100079"
"58546989","2023-08-18T09:53:00.000","2023-08-19T11:50:00.000","Catch Basin Clogged/Flooding (Use Comments) (SC)","160-06 25 AVENUE","25 AVENUE","160 ST","163 ST","QUEENS","40.77485372031302","-73.80340779061721"
"58551211","2023-08-18T09:53:00.000","2023-08-23T09:30:00.000","Catch Basin Clogged/Flooding (Use Comments) (SC)","875 POST AVENUE","POST AVENUE","DUBOIS AVE","JEWETT AVE","STATEN ISLAND","40.630916118312385","-74.13025994673642"
"58544227","2023-08-18T09:53:00.000","2023-08-23T16:15:00.000","Catch Basin Clogged/Flooding (Use Comments) (SC)",,,,,"STATEN ISLAND","40.609806220157125","-74.16040003484768"
"58554005","2023-08-18T09:47:00.000","2023-08-23T16:45:00.000","Catch Basin Clogged/Flooding (Use Comments) (SC)","625 TRAVIS AVENUE","TRAVIS AVENUE","FERNDALE AVE","GADSEN PL","STATEN ISLAND","40.59193489609114","-74.16034270464225"
"58552601","2023-08-18T09:44:00.000","2023-08-21T13:55:00.000","Catch Basin Clogged/Flooding (Use Comments) (SC)","2964 LAFAYETTE AVENUE","LAFAYETTE AVENUE","EDISON AVE","LOGAN AVE","BRONX","40.830475600976065","-73.82370326640891"
"58554006","2023-08-18T09:41:00.000","2023-08-19T12:30:00.000","Catch Basin Clogged/Flooding (Use Comments) (SC)",,,,,"QUEENS","40.698014637725116","-73.90264310073974"
"58549812","2023-08-18T09:32:00.000","2023-08-23T10:10:00.000","Catch Basin Clogged/Flooding (Use Comments) (SC)","562 BARD AVENUE","BARD AVENUE","BAKER PL","MORRISON AVE","STATEN ISLAND","40.629634790987474","-74.10570896933415"
"58554007","2023-08-18T09:20:00.000","2023-08-22T15:30:00.000","Catch Basin Clogged/Flooding (Use Comments) (SC)",,,,,"BRONX","40.849009382476645","-73.78714729162115"
"58548458","2023-08-18T09:20:00.000","2023-08-19T11:00:00.000","Catch Basin Clogged/Flooding (Use Comments) (SC)",,,,,"QUEENS","40.738316672260204","-73.89410777919184"
"58549813","2023-08-18T09:17:00.000","2023-08-26T09:40:00.000","Catch Basin Clogged/Flooding (Use Comments) (SC)",,,,,"QUEENS","40.66429549925704","-73.83937161474216"
"58551213","2023-08-18T09:17:00.000","2023-08-19T11:05:00.000","Catch Basin Clogged/Flooding (Use Comments) (SC)","87-51 88 STREET","88 STREET","JAMAICA AVE","88 AVE","QUEENS","40.69193001539413","-73.85602976589821"
"58544228","2023-08-18T08:59:00.000","2023-08-20T14:05:00.000","Catch Basin Clogged/Flooding (Use Comments) (SC)","79-50 CALAMUS AVENUE","CALAMUS AVENUE","ELKS RD","ANKENER AVE","QUEENS","40.73396025236556","-73.8850073709491"
"58548459","2023-08-18T08:53:00.000","2023-08-24T10:10:00.000","Catch Basin Clogged/Flooding (Use Comments) (SC)","1558 EAST  172 STREET","EAST  172 STREET","BOYNTON AVE","WARD AVE","BRONX","40.831361062316724","-73.87805635296453"
"58551214","2023-08-18T08:53:00.000","2023-08-18T13:55:00.000","Catch Basin Clogged/Flooding (Use Comments) (SC)",,,,,"BROOKLYN","40.605571623862765","-73.91464076332274"
"58552602","2023-08-18T08:50:00.000","2023-09-01T09:35:00.000","Catch Basin Clogged/Flooding (Use Comments) (SC)","300 EAST  159 STREET","EAST  159 STREET","PARK AVE","COURTLANDT AVE","BRONX","40.82381502350848","-73.91736696317817"
"58554008","2023-08-18T08:44:00.000","2023-08-19T11:00:00.000","Catch Basin Clogged/Flooding (Use Comments) (SC)","473 WEST   21 STREET","WEST   21 STREET","9 AVE","10 AVE","MANHATTAN","40.74600941167621","-74.0041502840602"
"58551215","2023-08-18T08:35:00.000","2023-08-18T09:55:00.000","Catch Basin Clogged/Flooding (Use Comments) (SC)",,,,,"BROOKLYN","40.67173047649466","-73.87925305260362"
"58552603","2023-08-18T08:23:00.000","2023-08-19T14:50:00.000","Catch Basin Clogged/Flooding (Use Comments) (SC)","81-04 155 AVENUE","155 AVENUE","81 ST","82 ST","QUEENS","40.664266567570216","-73.85261471143863"
"58548446","2023-08-18T08:17:00.000","2023-08-18T12:00:00.000","Catch Basin Clogged/Flooding (Use Comments) (SC)","563 66 STREET","66 STREET","5 AVE","6 AVE","BROOKLYN","40.635297751402966","-74.01839308689449"
"58549814","2023-08-18T07:56:00.000","2023-08-18T11:15:00.000","Catch Basin Clogged/Flooding (Use Comments) (SC)",,,,,"BROOKLYN","40.6355080597778","-73.91327657867619"
"58554009","2023-08-18T07:47:00.000","2023-08-19T14:40:00.000","Catch Basin Clogged/Flooding (Use Comments) (SC)","152-32 12 AVENUE","12 AVENUE","152 ST","154 ST","QUEENS","40.79169500869938","-73.80968528121731"
"58552604","2023-08-18T07:32:00.000","2023-08-22T09:15:00.000","Catch Basin Clogged/Flooding (Use Comments) (SC)","15-71 150 PLACE","150 PLACE","15 DR","17 AVE","QUEENS","40.78525773767969","-73.81083033782456"
"58552605","2023-08-18T07:29:00.000","2023-08-19T09:35:00.000","Catch Basin Clogged/Flooding (Use Comments) (SC)",,,,,"BROOKLYN","40.6026308628207","-73.96498560487875"
"58551216","2023-08-18T07:23:00.000","2023-08-23T09:05:00.000","Catch Basin Clogged/Flooding (Use Comments) (SC)","270 JEWETT AVENUE","JEWETT AVENUE","POST AVE","BEND","STATEN ISLAND","40.630504298384096","-74.13034921045069"
"58544229","2023-08-18T07:20:00.000","2023-08-23T12:00:00.000","Catch Basin Clogged/Flooding (Use Comments) (SC)","21 BRIGHTON AVENUE","BRIGHTON AVENUE","ELY ST","PINE ST","STATEN ISLAND","40.637617706672216","-74.08816379288845"
"58552606","2023-08-18T07:20:00.000","2023-08-23T13:00:00.000","Catch Basin Clogged/Flooding (Use Comments) (SC)","209-20 18 AVENUE","18 AVENUE","CORPORAL KENNEDY ST","BEND","QUEENS","40.78191853682074","-73.78341866027448"
"58545604","2023-08-18T07:02:00.000","2023-08-18T09:10:00.000","Catch Basin Clogged/Flooding (Use Comments) (SC)","48-05 66 STREET","66 STREET","48 AVE","49 AVE","QUEENS","40.73829077710623","-73.89888911875597"
"58548460","2023-08-18T06:59:00.000","2023-08-20T14:40:00.000","Catch Basin Clogged/Flooding (Use Comments) (SC)",,,,,"QUEENS","40.72492634783032","-73.78482692823482"
"58546990","2023-08-18T06:47:00.000","2023-08-19T08:35:00.000","Catch Basin Clogged/Flooding (Use Comments) (SC)","165 2 AVENUE","2 AVENUE","13 ST","14 ST","BROOKLYN","40.670100223934384","-73.9954579075408"
"58544230","2023-08-18T06:41:00.000","2023-08-23T09:35:00.000","Catch Basin Clogged/Flooding (Use Comments) (SC)","1896 SEWARD AVENUE","SEWARD AVENUE","UNDERHILL AVE","BOLTON AVE","BRONX","40.81970173083213","-73.85900137820636"
"58548461","2023-08-18T06:35:00.000","2023-08-21T07:55:00.000","Catch Basin Clogged/Flooding (Use Comments) (SC)",,,,,"BRONX","40.889175837266485","-73.84415567193834"
"58554010","2023-08-18T06:26:00.000","2023-08-21T10:00:00.000","Catch Basin Clogged/Flooding (Use Comments) (SC)","189-62 43 ROAD","43 ROAD","189 ST","192 ST","QUEENS","40.75702835219676","-73.7904010506712"
"58548462","2023-08-18T06:23:00.000","2023-08-22T11:15:00.000","Catch Basin Clogged/Flooding (Use Comments) (SC)","163-45 15 DRIVE","15 DRIVE","163 ST","166 ST","QUEENS","40.78514497075986","-73.79933300220578"
"58545656","2023-08-18T06:05:00.000","2023-08-18T10:10:00.000","Catch Basin Clogged/Flooding (Use Comments) (SC)","1927 EAST   37 STREET","EAST   37 STREET","FILLMORE AVE","AVENUE S","BROOKLYN","40.61131696701469","-73.93180254171504"
"58546991","2023-08-18T06:05:00.000","2023-08-18T14:35:00.000","Catch Basin Clogged/Flooding (Use Comments) (SC)","2401 EAST   63 STREET","EAST   63 STREET","MAYFAIR DR N","BASSETT WALK","BROOKLYN","40.61155956524784","-73.90947910854061"
"58554011","2023-08-18T06:02:00.000","2023-08-18T07:00:00.000","Catch Basin Clogged/Flooding (Use Comments) (SC)","63-38 61 STREET","61 STREET","DEAD END","GROVE ST","QUEENS","40.71043558775224","-73.90046435486921"
"58554012","2023-08-18T05:59:00.000","2023-08-18T11:15:00.000","Catch Basin Clogged/Flooding (Use Comments) (SC)","130 EAST   59 STREET","EAST   59 STREET","CHURCH AVE","SNYDER AVE","BROOKLYN","40.65117857359368","-73.92166390829638"
"58545605","2023-08-18T05:59:00.000","2023-08-21T12:15:00.000","Catch Basin Clogged/Flooding (Use Comments) (SC)","63-37 61 STREET","61 STREET","DEAD END","GROVE ST","QUEENS","40.7104492959608","-73.90044629930098"
"58549815","2023-08-18T05:47:00.000","2023-08-19T12:10:00.000","Catch Basin Clogged/Flooding (Use Comments) (SC)","285 DELANCY STREET","DELANCY STREET","CANNON ST","LEWIS ST","MANHATTAN","40.71591423678351","-73.97989283653004"
"58554013","2023-08-18T05:47:00.000","2023-08-18T09:35:00.000","Catch Basin Clogged/Flooding (Use Comments) (SC)","30-03 79 STREET","79 STREET","30 AVE","31 AVE","QUEENS","40.76078602211913","-73.8891519730984"
"58549816","2023-08-18T05:20:00.000","2023-08-18T09:00:00.000","Catch Basin Clogged/Flooding (Use Comments) (SC)","20 KRAMER PLACE","KRAMER PLACE","JEWETT AVE","DERBY CT","STATEN ISLAND","40.62952090750206","-74.13101377953731"
"58541623","2023-08-17T21:59:00.000","2023-08-22T14:30:00.000","Catch Basin Clogged/Flooding (Use Comments) (SC)","831 WEST  181 STREET","WEST  181 STREET","PINEHURST AVE","CABRINI BLVD","MANHATTAN","40.85129517260516","-73.93967862976741"
"58540405","2023-08-17T19:59:00.000","2023-08-19T12:30:00.000","Catch Basin Clogged/Flooding (Use Comments) (SC)","137-32 132 AVENUE","132 AVENUE","VAN WYCK EXPRESSWAY SR E","DEAD END","QUEENS","40.6698558316466","-73.80041885315545"
"58542932","2023-08-17T17:56:00.000","2023-08-22T15:48:00.000","Catch Basin Clogged/Flooding (Use Comments) (SC)","1150 VINCENT AVENUE","VINCENT AVENUE","FAIRMOUNT AVE","BAISLEY AVE","BRONX","40.83641132910596","-73.82120843359912"
"58535263","2023-08-17T16:02:00.000","2023-08-17T16:09:00.000","Catch Basin Clogged/Flooding (Use Comments) (SC)","101-26 78 STREET","78 STREET","101 AVE","LIBERTY AVE","QUEENS","40.68019245965238","-73.85974702064901"
"58539111","2023-08-17T15:56:00.000","2023-08-19T12:30:00.000","Catch Basin Clogged/Flooding (Use Comments) (SC)","101-26 78 STREET","78 STREET","101 AVE","LIBERTY AVE","QUEENS","40.68019245965238","-73.85974702064901"
"58541624","2023-08-17T14:59:00.000","2023-08-18T09:35:00.000","Catch Basin Clogged/Flooding (Use Comments) (SC)","125-02 LINDEN BOULEVARD","LINDEN BOULEVARD","125 ST","126 ST","QUEENS","40.68029123898247","-73.81505076313775"
"58536573","2023-08-17T14:38:00.000","2023-08-18T10:10:00.000","Catch Basin Clogged/Flooding (Use Comments) (SC)","110-26 LIBERTY AVENUE","LIBERTY AVENUE","110 ST","111 ST","QUEENS","40.6845272327581","-73.83166453988532"
"58534052","2023-08-17T14:14:00.000","2023-08-18T08:35:00.000","Catch Basin Clogged/Flooding (Use Comments) (SC)","24-20 90 PLACE","90 PLACE","24 AVE","24 RD","QUEENS","40.76509052782671","-73.87898271592462"
"58541625","2023-08-17T14:08:00.000","2023-08-20T08:30:00.000","Catch Basin Clogged/Flooding (Use Comments) (SC)",,,,,"QUEENS","40.75066357956493","-73.90807379161315"
"58541626","2023-08-17T14:05:00.000","2023-08-23T08:15:00.000","Catch Basin Clogged/Flooding (Use Comments) (SC)",,,,,"STATEN ISLAND","40.632092050569106","-74.12168400865598"
"58540407","2023-08-17T12:29:00.000","2023-08-19T11:40:00.000","Catch Basin Clogged/Flooding (Use Comments) (SC)","89-02 102 ROAD","102 ROAD","89 ST","90 ST","QUEENS","40.681514562426116","-73.85033399663497"
"58539112","2023-08-17T12:20:00.000","2023-08-19T10:35:00.000","Catch Basin Clogged/Flooding (Use Comments) (SC)",,,,,"QUEENS","40.68759986997609","-73.84834436685207"
"58539113","2023-08-17T12:02:00.000","2023-08-21T10:35:00.000","Catch Basin Clogged/Flooding (Use Comments) (SC)",,,,,"QUEENS","40.697406484337726","-73.78735362067721"
"58541627","2023-08-17T11:53:00.000","2023-08-22T12:45:00.000","Catch Basin Clogged/Flooding (Use Comments) (SC)","353 WEST  125 STREET","WEST  125 STREET","ST NICHOLAS AVE","MORNINGSIDE AVE","MANHATTAN","40.81087991010078","-73.95283932978393"
"58539114","2023-08-17T11:47:00.000","2023-08-18T09:20:00.000","Catch Basin Clogged/Flooding (Use Comments) (SC)","133-59 117 STREET","117 STREET","133 AVE","135 AVE","QUEENS","40.67235372520934","-73.82226467897902"
"58540408","2023-08-17T11:35:00.000","2023-08-18T12:10:00.000","Catch Basin Clogged/Flooding (Use Comments) (SC)",,,,,"BROOKLYN","40.63852528050529","-73.92606377273901"
"58534053","2023-08-17T11:11:00.000","2023-08-18T12:40:00.000","Catch Basin Clogged/Flooding (Use Comments) (SC)","90-02 199 STREET","199 STREET","90 AVE","93 AVE","QUEENS","40.71605258220399","-73.76119508042714"
"58542933","2023-08-17T10:59:00.000","2023-08-17T11:45:00.000","Catch Basin Clogged/Flooding (Use Comments) (SC)",,,,,"BROOKLYN","40.588321094846954","-73.97075378145865"
"58535265","2023-08-17T10:56:00.000","2023-08-17T11:55:00.000","Catch Basin Clogged/Flooding (Use Comments) (SC)",,,,,"BROOKLYN","40.58822251293949","-73.97167553104114"
"58536568","2023-08-17T10:02:00.000","2023-08-19T08:20:00.000","Catch Basin Clogged/Flooding (Use Comments) (SC)",,,,,"MANHATTAN","40.81338790667726","-73.94510298251167"
"58539109","2023-08-17T09:59:00.000","2023-08-20T13:15:00.000","Catch Basin Clogged/Flooding (Use Comments) (SC)","20-10 SEAGIRT BOULEVARD","SEAGIRT BOULEVARD","BEACH 20 ST","CREST RD","QUEENS","40.59518089250683","-73.75499108161293"
"58536569","2023-08-17T09:56:00.000","2023-08-20T13:15:00.000","Catch Basin Clogged/Flooding (Use Comments) (SC)","1431 CROMWELL AVENUE","CROMWELL AVENUE","W 170 ST","MACOMBS RD","BRONX","40.841692624755915","-73.91917712311593"
"58540403","2023-08-17T09:41:00.000","2023-08-18T14:15:00.000","Catch Basin Clogged/Flooding (Use Comments) (SC)","2269 NATIONAL DRIVE","NATIONAL DRIVE","E 63 ST","E 64 ST","BROOKLYN","40.605695233161775","-73.91476665286325"
"58536570","2023-08-17T09:35:00.000","2023-08-18T13:15:00.000","Catch Basin Clogged/Flooding (Use Comments) (SC)",,,,,"BROOKLYN","40.63715752457274","-73.93366773815083"
"58536571","2023-08-17T08:56:00.000","2023-08-17T14:35:00.000","Catch Basin Clogged/Flooding (Use Comments) (SC)",,,,,"MANHATTAN","40.84215388602991","-73.94227827092928"
"58537845","2023-08-17T08:53:00.000","2023-08-17T10:35:00.000","Catch Basin Clogged/Flooding (Use Comments) (SC)","3020 AVENUE Y","AVENUE Y","BATCHELDER ST","COYLE ST","BROOKLYN","40.5920895856974","-73.93646338389036"
"58535264","2023-08-17T08:50:00.000","2023-08-17T14:15:00.000","Catch Basin Clogged/Flooding (Use Comments) (SC)",,,,,"MANHATTAN","40.81147715676119","-73.9502162365346"
"58541622","2023-08-17T08:41:00.000","2023-08-22T08:20:00.000","Catch Basin Clogged/Flooding (Use Comments) (SC)","564 TOMPKINS AVENUE","TOMPKINS AVENUE","CLIFTON AVE","HYLAN BLVD","STATEN ISLAND","40.61237192219393","-74.07115194566201"
"58536572","2023-08-17T08:38:00.000","2023-08-17T13:45:00.000","Catch Basin Clogged/Flooding (Use Comments) (SC)","297 WEST  137 STREET","WEST  137 STREET","NEW YORK RENS CT","8 AVE","MANHATTAN","40.81761479370668","-73.94513923679516"
"58526490","2023-08-16T21:05:00.000","2023-08-17T12:15:00.000","Catch Basin Clogged/Flooding (Use Comments) (SC)","2226 SURF AVENUE","SURF AVENUE","W 22 ST","W 23 ST","BROOKLYN","40.57419130503255","-73.98901743992982"
"58530339","2023-08-16T20:47:00.000","2023-08-17T12:45:00.000","Catch Basin Clogged/Flooding (Use Comments) (SC)","169-02 115 AVENUE","115 AVENUE","169 ST","170 ST","QUEENS","40.68932231024483","-73.77963035428834"
"58530340","2023-08-16T20:38:00.000","2023-08-17T14:00:00.000","Catch Basin Clogged/Flooding (Use Comments) (SC)",,,,,"MANHATTAN","40.73868641781212","-73.99587543190957"
"58529008","2023-08-16T19:44:00.000","2023-08-17T14:15:00.000","Catch Basin Clogged/Flooding (Use Comments) (SC)",,,,,"BROOKLYN","40.687820014242725","-73.96269446196268"
"58527728","2023-08-16T19:08:00.000","2023-08-24T12:10:00.000","Catch Basin Clogged/Flooding (Use Comments) (SC)","30-01 79 STREET","79 STREET","30 AVE","31 AVE","QUEENS","40.76085190632662","-73.88916269270135"
"58532862","2023-08-16T18:17:00.000","2023-08-17T08:15:00.000","Catch Basin Clogged/Flooding (Use Comments) (SC)","83-02 97 AVENUE","97 AVENUE","83 ST","DIGBY PL","QUEENS","40.683040866209765","-73.85697197544735"
"58532863","2023-08-16T16:32:00.000","2023-08-23T11:45:00.000","Catch Basin Clogged/Flooding (Use Comments) (SC)",,,,,"QUEENS","40.70952622867766","-73.76825928716603"
"58523854","2023-08-16T16:26:00.000","2023-08-17T10:40:00.000","Catch Basin Clogged/Flooding (Use Comments) (SC)",,,,,"QUEENS","40.7337407885752","-73.82243650921485"
"58530341","2023-08-16T15:50:00.000","2023-08-17T13:40:00.000","Catch Basin Clogged/Flooding (Use Comments) (SC)","61-64 LINDEN STREET","LINDEN STREET","FRESH POND RD","64 ST","QUEENS","40.7100486454716","-73.8974170192845"
"58531615","2023-08-16T15:02:00.000","2023-08-17T13:30:00.000","Catch Basin Clogged/Flooding (Use Comments) (SC)","111-40 148 STREET","148 STREET","111 AVE","112 AVE","QUEENS","40.687720050533386","-73.79639540055096"
"58527729","2023-08-16T14:47:00.000","2023-08-17T13:15:00.000","Catch Basin Clogged/Flooding (Use Comments) (SC)","172-70 HIGHLAND AVENUE","HIGHLAND AVENUE","AVA PL","DALNY RD","QUEENS","40.713476527294596","-73.7885179760611"
"58530342","2023-08-16T14:44:00.000","2023-08-18T10:15:00.000","Catch Basin Clogged/Flooding (Use Comments) (SC)","171 AINSLIE STREET","AINSLIE STREET","LEONARD ST","MANHATTAN AVE","BROOKLYN","40.71280232000724","-73.94723468416088"
"58525175","2023-08-16T13:50:00.000","2023-08-17T12:00:00.000","Catch Basin Clogged/Flooding (Use Comments) (SC)","175-05 111 AVENUE","111 AVENUE","175 ST","176 ST","QUEENS","40.69604619478225","-73.77777615500864"
"58531616","2023-08-16T13:26:00.000","2023-08-17T11:10:00.000","Catch Basin Clogged/Flooding (Use Comments) (SC)","58-41 150 STREET","150 STREET","58 RD","59 AVE","QUEENS","40.74243576460052","-73.81864579407612"
"58532864","2023-08-16T12:23:00.000","2023-08-17T10:15:00.000","Catch Basin Clogged/Flooding (Use Comments) (SC)",,,,,"BROOKLYN","40.64810222855155","-73.9147304972265"
"58529009","2023-08-16T12:23:00.000","2023-08-16T13:50:00.000","Catch Basin Clogged/Flooding (Use Comments) (SC)","57-01 134 STREET","134 STREET","57 AVE","57 RD","QUEENS","40.74713995418855","-73.83106964058067"
"58526489","2023-08-16T12:17:00.000","2023-08-16T13:00:00.000","Catch Basin Clogged/Flooding (Use Comments) (SC)","2225 ESPLANADE","ESPLANADE","ASTOR AVE","LACONIA AVE","BRONX","40.85876018924221","-73.85553125613946"
"58530343","2023-08-16T12:14:00.000","2023-08-17T12:25:00.000","Catch Basin Clogged/Flooding (Use Comments) (SC)","70-20 ROCKAWAY BEACH BOULEVARD","ROCKAWAY BEACH BOULEVARD","CORAL REEF WAY","SCHOONER ST","QUEENS","40.58956376846801","-73.79967588630932"
"58530344","2023-08-16T12:05:00.000","2023-08-16T13:30:00.000","Catch Basin Clogged/Flooding (Use Comments) (SC)","1772 WEST   11 STREET","WEST   11 STREET","QUENTIN RD","HIGHLAWN AVE","BROOKLYN","40.603779620480886","-73.98369712118226"
"58525176","2023-08-16T11:59:00.000","2023-08-22T13:00:00.000","Catch Basin Clogged/Flooding (Use Comments) (SC)","5002 3 AVENUE","3 AVENUE","50 ST","51 ST","BROOKLYN","40.64759217882248","-74.01468835191913"
"58531617","2023-08-16T11:53:00.000","2023-08-17T07:30:00.000","Catch Basin Clogged/Flooding (Use Comments) (SC)",,,,,"QUEENS","40.70795626298777","-73.83714555603349"
"58530345","2023-08-16T11:53:00.000","2023-08-17T09:50:00.000","Catch Basin Clogged/Flooding (Use Comments) (SC)","65-25 FOREST AVENUE","FOREST AVENUE","LINDEN ST","GATES AVE","QUEENS","40.70798453526686","-73.90371781927098"
"58529010","2023-08-16T11:50:00.000","2023-08-16T12:45:00.000","Catch Basin Clogged/Flooding (Use Comments) (SC)","3623 AVENUE T","AVENUE T","E 36 ST","E 37 ST","BROOKLYN","40.60827147826762","-73.9293026117676"
"58529011","2023-08-16T11:26:00.000","2023-08-16T12:25:00.000","Catch Basin Clogged/Flooding (Use Comments) (SC)","2481 BROWN STREET","BROWN STREET","AVENUE X","AVENUE Y","BROOKLYN","40.59202197993217","-73.93832496939828"
"58526491","2023-08-16T11:14:00.000","2023-08-16T11:50:00.000","Catch Basin Clogged/Flooding (Use Comments) (SC)",,,,,"BROOKLYN","40.6648951968379","-73.87594202391813"
"58529012","2023-08-16T10:59:00.000","2023-08-17T08:10:00.000","Catch Basin Clogged/Flooding (Use Comments) (SC)",,,,,"STATEN ISLAND","40.61015081224076","-74.1469668811833"
"58529013","2023-08-16T10:32:00.000","2023-08-16T14:00:00.000","Catch Basin Clogged/Flooding (Use Comments) (SC)","853 EAST   18 STREET","EAST   18 STREET","AVENUE H","DEAD END","BROOKLYN","40.62996166594594","-73.95937272035897"
"58532865","2023-08-16T10:32:00.000","2023-08-17T10:15:00.000","Catch Basin Clogged/Flooding (Use Comments) (SC)","1638 GLOVER STREET","GLOVER STREET","STEARNS ST","CASTLE HILL AVE","BRONX","40.838698054750566","-73.85252462684895"
"58530346","2023-08-16T10:26:00.000","2023-08-17T10:55:00.000","Catch Basin Clogged/Flooding (Use Comments) (SC)","69 AVENUE W","AVENUE W","W 12 ST","W 11 ST","BROOKLYN","40.591468871983864","-73.98152176942196"
"58525177","2023-08-16T10:14:00.000","2023-08-20T14:20:00.000","Catch Basin Clogged/Flooding (Use Comments) (SC)","90-12 BEACH CHANNEL DRIVE","BEACH CHANNEL DRIVE","BEACH 90 ST","BEACH 91 ST","QUEENS","40.58929694314691","-73.81573123629947"
"58529014","2023-08-16T10:08:00.000","2023-08-17T10:25:00.000","Catch Basin Clogged/Flooding (Use Comments) (SC)","158-24 102 STREET","102 STREET","158 AVE","159 AVE","QUEENS","40.66150696957731","-73.8318091372637"
"58530347","2023-08-16T09:56:00.000","2023-08-17T11:15:00.000","Catch Basin Clogged/Flooding (Use Comments) (SC)",,,,,"QUEENS","40.663975495251336","-73.85467352939733"
"58523855","2023-08-16T09:47:00.000","2023-08-16T10:30:00.000","Catch Basin Clogged/Flooding (Use Comments) (SC)","1293 EAST   91 STREET","EAST   91 STREET","CHURCH LN","AVENUE K","BROOKLYN","40.63811776860718","-73.90228009981884"
"58532866","2023-08-16T09:38:00.000","2023-08-17T10:45:00.000","Catch Basin Clogged/Flooding (Use Comments) (SC)","315 GREAT KILLS ROAD","GREAT KILLS ROAD","GREENCROFT AVE","HYLAN BLVD","STATEN ISLAND","40.546557653752295","-74.14158807231571"
"58529015","2023-08-16T09:23:00.000","2023-08-16T10:10:00.000","Catch Basin Clogged/Flooding (Use Comments) (SC)","4323 AVENUE I","AVENUE I","E 43 ST","TROY AVE","BROOKLYN","40.63011765766364","-73.93456819901708"
"58525178","2023-08-16T09:14:00.000","2023-08-16T11:10:00.000","Catch Basin Clogged/Flooding (Use Comments) (SC)","OSBORN STREET","OSBORN STREET","RIVERDALE AVENUE","NEWPORT STREET","BROOKLYN",,
"58526492","2023-08-16T09:14:00.000","2023-08-20T14:00:00.000","Catch Basin Clogged/Flooding (Use Comments) (SC)","601 BEACH   25 STREET","BEACH   25 STREET","FAR ROCKAWAY BLVD","BEACH CHANNEL DR","QUEENS","40.600058867895434","-73.76173238524463"
"58526493","2023-08-16T08:14:00.000","2023-08-16T09:00:00.000","Catch Basin Clogged/Flooding (Use Comments) (SC)",,,,,"BROOKLYN","40.607105934605855","-73.96863511200958"
"58531618","2023-08-16T07:56:00.000","2023-08-16T09:10:00.000","Catch Basin Clogged/Flooding (Use Comments) (SC)","1293 EAST    9 STREET","EAST    9 STREET","AVENUE L","AVENUE M","BROOKLYN","40.61784276468404","-73.96581329249864"
"58530348","2023-08-16T07:44:00.000","2023-08-18T09:30:00.000","Catch Basin Clogged/Flooding (Use Comments) (SC)","75-05 DOUGLASTON PARKWAY","DOUGLASTON PARKWAY","GRAND CENTRAL PKWY","CROSS ISLAND PKWY ET 29 W  NB","QUEENS","40.74350984632029","-73.734254243297"
"58529016","2023-08-16T07:38:00.000","2023-08-16T08:40:00.000","Catch Basin Clogged/Flooding (Use Comments) (SC)",,,,,"BROOKLYN","40.59412420250234","-73.93777931679442"
"58532867","2023-08-16T07:14:00.000","2023-08-19T08:50:00.000","Catch Basin Clogged/Flooding (Use Comments) (SC)",,,,,"BRONX","40.85816242392339","-73.85599527887037"
"58527730","2023-08-16T06:23:00.000","2023-08-16T08:20:00.000","Catch Basin Clogged/Flooding (Use Comments) (SC)","2260 7 AVENUE","7 AVENUE","W 133 ST","W 134 ST","MANHATTAN","40.81410952272696","-73.94458939293038"
"58526494","2023-08-16T05:56:00.000","2023-08-17T03:15:00.000","Catch Basin Clogged/Flooding (Use Comments) (SC)","134-30 175 STREET","175 STREET","134 RD","137 AVE","QUEENS","40.67431546787682","-73.76653583594113"
"58523856","2023-08-16T00:14:00.000","2023-08-22T09:15:00.000","Catch Basin Clogged/Flooding (Use Comments) (SC)","31-01 92 STREET","92 STREET","31 AVE","32 AVE","QUEENS","40.759980120640506","-73.87668540062724"
"58514733","2023-08-15T20:44:00.000","2023-08-23T11:00:00.000","Catch Basin Clogged/Flooding (Use Comments) (SC)",,,,,"STATEN ISLAND","40.63679526759788","-74.15477570419166"
"58516055","2023-08-15T20:38:00.000","2023-08-22T08:30:00.000","Catch Basin Clogged/Flooding (Use Comments) (SC)","17-31 FRANCIS LEWIS BOULEVARD","FRANCIS LEWIS BOULEVARD","17 AVE","17 RD","QUEENS","40.78279288460065","-73.80421125641166"
"58522601","2023-08-15T20:29:00.000","2023-08-16T11:30:00.000","Catch Basin Clogged/Flooding (Use Comments) (SC)","162-03 87 STREET","87 STREET","162 AVE","163 AVE","QUEENS","40.65313355673213","-73.84415927331864"
"58514734","2023-08-15T19:53:00.000","2023-08-16T13:00:00.000","Catch Basin Clogged/Flooding (Use Comments) (SC)",,,,,"MANHATTAN","40.71090378636007","-73.99208975697366"
"58521267","2023-08-15T19:08:00.000","2023-08-21T10:40:00.000","Catch Basin Clogged/Flooding (Use Comments) (SC)","77-04 64 STREET","64 STREET","COOPER AVE","78 AVE","QUEENS","40.69779101116385","-73.89195785669598"
"58517355","2023-08-15T18:59:00.000","2023-08-16T07:10:00.000","Catch Basin Clogged/Flooding (Use Comments) (SC)","2302 EAST   22 STREET","EAST   22 STREET","AVENUE W","AVENUE X","BROOKLYN","40.59473886960918","-73.9485378375831"
"58518692","2023-08-15T18:53:00.000","2023-08-16T07:20:00.000","Catch Basin Clogged/Flooding (Use Comments) (SC)",,,,,"BROOKLYN","40.72394411704242","-73.95567881690134"
"58514735","2023-08-15T18:44:00.000","2023-08-16T11:25:00.000","Catch Basin Clogged/Flooding (Use Comments) (SC)","79 STREET","79 STREET","24 AVENUE","25 AVENUE","QUEENS",,
"58516056","2023-08-15T18:17:00.000","2023-08-16T12:30:00.000","Catch Basin Clogged/Flooding (Use Comments) (SC)","246 CORNELIA STREET","CORNELIA STREET","WILSON AVE","KNICKERBOCKER AVE","BROOKLYN","40.69357578686562","-73.9121841279879"
"58514736","2023-08-15T18:14:00.000","2023-08-16T12:05:00.000","Catch Basin Clogged/Flooding (Use Comments) (SC)","LABURNUM AVENUE","LABURNUM AVENUE","156 STREET","157 STREET","QUEENS",,
"58519960","2023-08-15T18:05:00.000","2023-08-16T09:00:00.000","Catch Basin Clogged/Flooding (Use Comments) (SC)","87-51 88 STREET","88 STREET","JAMAICA AVE","88 AVE","QUEENS","40.69193001539413","-73.85602976589821"
"58519961","2023-08-15T17:11:00.000","2023-08-16T13:20:00.000","Catch Basin Clogged/Flooding (Use Comments) (SC)","420 EAST   11 STREET","EAST   11 STREET","1 AVE","AVENUE A","MANHATTAN","40.72909237387298","-73.9833561737456"
"58516057","2023-08-15T16:56:00.000","2023-08-19T10:20:00.000","Catch Basin Clogged/Flooding (Use Comments) (SC)","82-09 ST JAMES AVENUE","ST JAMES AVENUE","BEND","POYER ST","QUEENS","40.73817220579733","-73.88107763897104"
"58516058","2023-08-15T16:38:00.000","2023-08-16T10:10:00.000","Catch Basin Clogged/Flooding (Use Comments) (SC)","112-01 111 AVENUE","111 AVENUE","112 ST","113 ST","QUEENS","40.678882636695654","-73.82706398234734"
"58519962","2023-08-15T16:38:00.000","2023-08-16T10:45:00.000","Catch Basin Clogged/Flooding (Use Comments) (SC)",,,,,"STATEN ISLAND","40.52840612069437","-74.20827769411032"
"58519963","2023-08-15T16:32:00.000","2023-08-20T11:45:00.000","Catch Basin Clogged/Flooding (Use Comments) (SC)","470 MIDLAND AVENUE","MIDLAND AVENUE","MORELAND ST","KISWICK ST","STATEN ISLAND","40.57438973373061","-74.0969319291096"
"58518693","2023-08-15T16:26:00.000","2023-08-21T08:40:00.000","Catch Basin Clogged/Flooding (Use Comments) (SC)","80-02 NORTHERN BOULEVARD","NORTHERN BOULEVARD","80 ST","81 ST","QUEENS","40.75537136053632","-73.88707111040107"
"58516059","2023-08-15T16:08:00.000","2023-08-22T10:20:00.000","Catch Basin Clogged/Flooding (Use Comments) (SC)","122 BEACH   93 STREET","BEACH   93 STREET","SHORE FRONT PKWY","HOLLAND AVE","QUEENS","40.58452532711451","-73.81502075698542"
"58514737","2023-08-15T15:56:00.000","2023-08-17T09:05:00.000","Catch Basin Clogged/Flooding (Use Comments) (SC)","60-67 FRESH POND ROAD","FRESH POND ROAD","60 DR","ELIOT AVE","QUEENS","40.71517925975866","-73.90130137338726"
"58514738","2023-08-15T15:50:00.000","2023-08-23T11:23:00.000","Catch Basin Clogged/Flooding (Use Comments) (SC)",,,,,"QUEENS","40.6524268476701","-73.83922720387437"
"58518694","2023-08-15T15:41:00.000","2023-08-16T07:41:00.000","Catch Basin Clogged/Flooding (Use Comments) (SC)","1967 TURNBULL AVENUE","TURNBULL AVENUE","WHITE PLAINS RD","PUGSLEY AVE","BRONX","40.82301724360124","-73.85668556683441"
"58522602","2023-08-15T15:17:00.000","2023-08-16T09:50:00.000","Catch Basin Clogged/Flooding (Use Comments) (SC)","1694 42 STREET","42 STREET","16 AVE","17 AVE","BROOKLYN","40.633735596024565","-73.97941679806789"
"58516060","2023-08-15T14:59:00.000","2023-08-24T13:25:00.000","Catch Basin Clogged/Flooding (Use Comments) (SC)","35-57 CRESCENT STREET","CRESCENT STREET","35 AVE","36 AVE","QUEENS","40.758928569285764","-73.9327090352894"
"58514739","2023-08-15T14:32:00.000","2023-08-23T09:25:00.000","Catch Basin Clogged/Flooding (Use Comments) (SC)","3733 BARNES AVENUE","BARNES AVENUE","E 217 ST","E 218 ST","BRONX","40.88155010732844","-73.86055540993607"
"58522603","2023-08-15T14:23:00.000","2023-08-16T11:25:00.000","Catch Basin Clogged/Flooding (Use Comments) (SC)","918 DUMONT AVENUE","DUMONT AVENUE","JEROME ST","WARWICK ST","BROOKLYN","40.66773144602936","-73.88471421906151"
"58516061","2023-08-15T14:14:00.000","2023-08-19T13:40:00.000","Catch Basin Clogged/Flooding (Use Comments) (SC)","154-34 17 ROAD","17 ROAD","CLINTONVILLE ST","157 ST","QUEENS","40.78292248155249","-73.80782543853243"
"58516062","2023-08-15T14:02:00.000","2023-08-15T14:45:00.000","Catch Basin Clogged/Flooding (Use Comments) (SC)","162-03 LABURNUM AVENUE","LABURNUM AVENUE","162 ST","163 ST","QUEENS","40.75163587737702","-73.80501746254598"
"58517356","2023-08-15T13:56:00.000","2023-08-16T02:00:00.000","Catch Basin Clogged/Flooding (Use Comments) (SC)",,,,,"QUEENS","40.68361106883134","-73.79636828505296"
"58513490","2023-08-15T13:38:00.000","2023-08-16T11:15:00.000","Catch Basin Clogged/Flooding (Use Comments) (SC)","24 SPRATT AVENUE","SPRATT AVENUE","SHERIDAN CT","N RAILROAD AVE","STATEN ISLAND","40.55839563829146","-74.13507771637919"
"58518688","2023-08-15T13:23:00.000","2023-08-15T13:23:00.000","Catch Basin Clogged/Flooding (Use Comments) (SC)","737 RUTLAND ROAD","RUTLAND ROAD","E 45 ST","E 46 ST","BROOKLYN","40.660316553868384","-73.93593704911862"
"58521262","2023-08-15T12:59:00.000","2023-08-17T14:30:00.000","Catch Basin Clogged/Flooding (Use Comments) (SC)","4300 MURDOCK AVENUE","MURDOCK AVENUE","PITMAN AVE","NEREID AVE","BRONX","40.89765483197332","-73.84261657516748"
"58514730","2023-08-15T12:56:00.000","2023-08-16T14:10:00.000","Catch Basin Clogged/Flooding (Use Comments) (SC)","194 CLARKSON AVENUE","CLARKSON AVENUE","BEDFORD AVE","ROGERS AVE","BROOKLYN","40.65519509674539","-73.95374227429886"
"58519958","2023-08-15T12:29:00.000","2023-08-26T09:05:00.000","Catch Basin Clogged/Flooding (Use Comments) (SC)","305 WEST   45 STREET","WEST   45 STREET","8 AVE","9 AVE","MANHATTAN","40.75938410124301","-73.98889305360727"
"58522595","2023-08-15T12:05:00.000","2023-08-17T09:05:00.000","Catch Basin Clogged/Flooding (Use Comments) (SC)","45-28 170 STREET","170 STREET","45 AVE","46 AVE","QUEENS","40.75513011080595","-73.79716390803833"
"58522596","2023-08-15T11:26:00.000","2023-08-16T09:45:00.000","Catch Basin Clogged/Flooding (Use Comments) (SC)","85-01 97 AVENUE","97 AVENUE","85 ST","86 ST","QUEENS","40.68357115077599","-73.85521132070241"
"58514731","2023-08-15T10:41:00.000","2023-08-19T13:45:00.000","Catch Basin Clogged/Flooding (Use Comments) (SC)",,,,,"BRONX","40.841521022215225","-73.87459346550746"
"58521263","2023-08-15T10:02:00.000","2023-08-29T11:10:00.000","Catch Basin Clogged/Flooding (Use Comments) (SC)","2302 MORRIS AVENUE","MORRIS AVENUE","E 183 ST","FIELD PL","BRONX","40.858419021093695","-73.90170697798102"
"58521264","2023-08-15T09:26:00.000","2023-08-16T09:20:00.000","Catch Basin Clogged/Flooding (Use Comments) (SC)","28 CEDAR STREET","CEDAR STREET","TAPPEN CT","ADELE CT","STATEN ISLAND","40.62517276709295","-74.08077682216229"
"58518689","2023-08-15T09:23:00.000","2023-08-16T10:00:00.000","Catch Basin Clogged/Flooding (Use Comments) (SC)","889 LEXINGTON AVENUE","LEXINGTON AVENUE","E 66 ST","E 67 ST","MANHATTAN","40.76669952130866","-73.96491017879292"
"58522597","2023-08-15T09:08:00.000","2023-08-16T11:50:00.000","Catch Basin Clogged/Flooding (Use Comments) (SC)","1865 FULTON STREET","FULTON STREET","BUFFALO AVE","MAC DOUGAL ST","BROOKLYN","40.678965027861096","-73.92322842394215"
"58517354","2023-08-15T09:08:00.000","2023-08-17T13:40:00.000","Catch Basin Clogged/Flooding (Use Comments) (SC)","4224 WICKHAM AVENUE","WICKHAM AVENUE","BUSSING AVE","PITMAN AVE","BRONX","40.89501229897557","-73.84923477754563"
"58519959","2023-08-15T09:05:00.000","2023-08-16T10:30:00.000","Catch Basin Clogged/Flooding (Use Comments) (SC)",,,,,"BROOKLYN","40.67678520314937","-73.9691791734214"
"58522598","2023-08-15T09:05:00.000","2023-08-16T11:10:00.000","Catch Basin Clogged/Flooding (Use Comments) (SC)","280 RALPH AVENUE","RALPH AVENUE","MARION ST","SUMPTER ST","BROOKLYN","40.679793227230874","-73.92215307304389"
"58521265","2023-08-15T08:47:00.000","2023-08-15T11:00:00.000","Catch Basin Clogged/Flooding (Use Comments) (SC)","142-03 HOLLY AVENUE","HOLLY AVENUE","ROBINSON ST","BOWNE ST","QUEENS","40.75188093314889","-73.81720524718226"
"58518690","2023-08-15T08:17:00.000","2023-08-25T10:55:00.000","Catch Basin Clogged/Flooding (Use Comments) (SC)",,,,,"BRONX","40.862815371964345","-73.90755000874817"
"58513489","2023-08-15T08:11:00.000","2023-08-15T10:20:00.000","Catch Basin Clogged/Flooding (Use Comments) (SC)","30-03 79 STREET","79 STREET","30 AVE","31 AVE","QUEENS","40.76078602211913","-73.8891519730984"
"58518691","2023-08-15T08:11:00.000","2023-08-17T11:45:00.000","Catch Basin Clogged/Flooding (Use Comments) (SC)",,,,,"BROOKLYN","40.66206034477082","-73.94276571558008"
"58521266","2023-08-15T07:50:00.000",,"Catch Basin Clogged/Flooding (Use Comments) (SC)","165 2 AVENUE","2 AVENUE","13 ST","14 ST","BROOKLYN","40.670100223934384","-73.9954579075408"
"58522599","2023-08-15T07:14:00.000","2023-08-16T12:00:00.000","Catch Basin Clogged/Flooding (Use Comments) (SC)",,,,,"QUEENS","40.66429549925704","-73.83937161474216"
"58522594","2023-08-15T04:38:00.000","2023-08-15T12:10:00.000","Catch Basin Clogged/Flooding (Use Comments) (SC)","857 KNICKERBOCKER AVENUE","KNICKERBOCKER AVENUE","SCHAEFER ST","DECATUR ST","BROOKLYN","40.69154216139062","-73.90556619682287"
"58514732","2023-08-15T02:41:00.000","2023-08-17T13:20:00.000","Catch Basin Clogged/Flooding (Use Comments) (SC)","4229 BRUNER AVENUE","BRUNER AVENUE","BUSSING AVE","PITMAN AVE","BRONX","40.894950650739894","-73.84826916915566"
"58522600","2023-08-15T02:17:00.000","2023-08-15T09:15:00.000","Catch Basin Clogged/Flooding (Use Comments) (SC)","1693 49 STREET","49 STREET","16 AVE","17 AVE","BROOKLYN","40.62984689229707","-73.98352142840015"
"58508178","2023-08-14T20:38:00.000","2023-08-15T09:00:00.000","Catch Basin Clogged/Flooding (Use Comments) (SC)","117 REGAN AVENUE","REGAN AVENUE","DE KAY ST","FOREST AVE","STATEN ISLAND","40.63158861254305","-74.10914909502878"
"58503047","2023-08-14T20:29:00.000","2023-08-15T09:15:00.000","Catch Basin Clogged/Flooding (Use Comments) (SC)","240 RODNEY STREET","RODNEY STREET","WILLIAMSBURG ST E","MARCY AVE","BROOKLYN","40.70643607196345","-73.95777158150005"
"58504301","2023-08-14T18:14:00.000","2023-08-23T12:30:00.000","Catch Basin Clogged/Flooding (Use Comments) (SC)","160 EAST    5 STREET","EAST    5 STREET","FT HAMILTON PKWY","CATON AVE","BROOKLYN","40.648943908897316","-73.97657239668233"
"58509566","2023-08-14T17:56:00.000","2023-08-15T10:35:00.000","Catch Basin Clogged/Flooding (Use Comments) (SC)","101-50 106 STREET","106 STREET","101 AVE","103 AVE","QUEENS","40.68647788820943","-73.83676893083711"
"58508179","2023-08-14T17:35:00.000","2023-08-15T07:15:00.000","Catch Basin Clogged/Flooding (Use Comments) (SC)",,,,,"QUEENS","40.75949642369344","-73.76239656588106"
"58504302","2023-08-14T16:35:00.000","2023-08-15T13:40:00.000","Catch Basin Clogged/Flooding (Use Comments) (SC)","104-07 201 STREET","201 STREET","104 AVE","109 AVE","QUEENS","40.70880187192176","-73.7577223225692"
"58503048","2023-08-14T15:20:00.000","2023-08-16T11:40:00.000","Catch Basin Clogged/Flooding (Use Comments) (SC)","262 BERRIMAN STREET","BERRIMAN STREET","BELMONT AVE","SUTTER AVE","BROOKLYN","40.672221934600586","-73.87938915108836"
"58512189","2023-08-14T15:05:00.000","2023-08-15T06:00:00.000","Catch Basin Clogged/Flooding (Use Comments) (SC)","17-47 154 STREET","154 STREET","17 RD","18 AVE","QUEENS","40.78274253156071","-73.80854814636088"
"58503049","2023-08-14T14:56:00.000","2023-08-16T13:20:00.000","Catch Basin Clogged/Flooding (Use Comments) (SC)",,,,,"QUEENS","40.734300926235","-73.75519759871486"
"58503050","2023-08-14T14:11:00.000","2023-08-17T10:10:00.000","Catch Basin Clogged/Flooding (Use Comments) (SC)","107-03 126 STREET","126 STREET","107 AVE","109 AVE","QUEENS","40.685690917609996","-73.81720640960943"
"58509567","2023-08-14T13:47:00.000","2023-08-15T09:40:00.000","Catch Basin Clogged/Flooding (Use Comments) (SC)","2 AMADOR STREET","AMADOR STREET","AMITY PL","KNOLLWOOD CT","STATEN ISLAND","40.62326139928849","-74.16222632121944"
"58505569","2023-08-14T13:44:00.000","2023-08-15T02:10:00.000","Catch Basin Clogged/Flooding (Use Comments) (SC)","131-25 228 STREET","228 STREET","131 AVE","133 AVE","QUEENS","40.67981780126847","-73.74046413439854"
"58503051","2023-08-14T13:17:00.000","2023-08-18T13:45:00.000","Catch Basin Clogged/Flooding (Use Comments) (SC)","70 EAST   39 STREET","EAST   39 STREET","CLARKSON AVE","LENOX RD","BROOKLYN","40.65575492236143","-73.94145203887872"
"58508180","2023-08-14T13:11:00.000","2023-08-15T08:16:00.000","Catch Basin Clogged/Flooding (Use Comments) (SC)",,,,,"BRONX","40.850067813583955","-73.90280008146654"
"58504303","2023-08-14T12:59:00.000","2023-08-20T09:35:00.000","Catch Basin Clogged/Flooding (Use Comments) (SC)",,,,,"BRONX","40.850067813583955","-73.90280008146654"
"58504305","2023-08-14T12:38:00.000","2023-08-15T14:45:00.000","Catch Basin Clogged/Flooding (Use Comments) (SC)","1 DALEMERE ROAD","DALEMERE ROAD","CONCORD LN","CHAPIN AVE","STATEN ISLAND","40.59806521208667","-74.10148909057837"
"58510860","2023-08-14T12:17:00.000","2023-08-15T10:55:00.000","Catch Basin Clogged/Flooding (Use Comments) (SC)","79-04 91 AVENUE","91 AVENUE","79 ST","80 ST","QUEENS","40.6865653116078","-73.86158696160479"
"58508181","2023-08-14T11:56:00.000","2023-08-15T08:20:00.000","Catch Basin Clogged/Flooding (Use Comments) (SC)","1027 HYLAN BOULEVARD","HYLAN BOULEVARD","BRIARCLIFF RD","KENSINGTON AVE","STATEN ISLAND","40.598369677205966","-74.07701739856925"
"58510861","2023-08-14T11:41:00.000","2023-08-21T14:00:00.000","Catch Basin Clogged/Flooding (Use Comments) (SC)","1346 86 STREET","86 STREET","13 AVE","14 AVE","BROOKLYN","40.61341428773143","-74.01286193563132"
"58508182","2023-08-14T11:26:00.000","2023-08-15T06:40:00.000","Catch Basin Clogged/Flooding (Use Comments) (SC)",,,,,"BROOKLYN","40.60309735683924","-73.93853801398129"
"58506907","2023-08-14T11:26:00.000","2023-08-15T01:10:00.000","Catch Basin Clogged/Flooding (Use Comments) (SC)","114-09 SPRINGFIELD BOULEVARD","SPRINGFIELD BOULEVARD","COLFAX ST","114 RD","QUEENS","40.70173646853302","-73.74116864018917"
"58508183","2023-08-14T10:59:00.000","2023-08-19T09:20:00.000","Catch Basin Clogged/Flooding (Use Comments) (SC)","353 LENOX AVENUE","LENOX AVENUE","W 127 ST","W 128 ST","MANHATTAN","40.80947352667103","-73.94425730075336"
"58503052","2023-08-14T10:23:00.000","2023-08-15T13:55:00.000","Catch Basin Clogged/Flooding (Use Comments) (SC)","74-13 97 AVENUE","97 AVENUE","DREW ST","75 ST","QUEENS","40.68116329040147","-73.86363164078747"
"58512190","2023-08-14T09:53:00.000","2023-08-16T11:20:00.000","Catch Basin Clogged/Flooding (Use Comments) (SC)",,,,,"BROOKLYN","40.65925633836895","-73.97801407905706"
"58509568","2023-08-14T09:44:00.000","2023-08-15T03:10:00.000","Catch Basin Clogged/Flooding (Use Comments) (SC)","115-59 222 STREET","222 STREET","115 RD","116 AVE","QUEENS","40.69769442157404","-73.73677377471041"
"58509569","2023-08-14T09:26:00.000","2023-08-16T11:10:00.000","Catch Basin Clogged/Flooding (Use Comments) (SC)","75-01 37 AVENUE","37 AVENUE","75 ST","76 ST","QUEENS","40.74908662217373","-73.89068004901706"
"58508184","2023-08-14T08:56:00.000","2023-08-14T10:45:00.000","Catch Basin Clogged/Flooding (Use Comments) (SC)","128-15 11 AVENUE","11 AVENUE","128 ST","129 ST","QUEENS","40.78785157900003","-73.83984993761705"
"58506908","2023-08-14T08:38:00.000","2023-08-15T11:15:00.000","Catch Basin Clogged/Flooding (Use Comments) (SC)","830 MARCY AVENUE","MARCY AVENUE","MONROE ST","MADISON ST","BROOKLYN","40.68522288160434","-73.94719521143712"
"58503053","2023-08-14T08:35:00.000","2023-08-14T09:25:00.000","Catch Basin Clogged/Flooding (Use Comments) (SC)","629 AVENUE O","AVENUE O","OCEAN PKWY","E 7 ST","BROOKLYN","40.6120352715018","-73.96750186220049"
"58506909","2023-08-14T07:56:00.000","2023-08-23T13:15:00.000","Catch Basin Clogged/Flooding (Use Comments) (SC)","500 EAST FORDHAM ROAD","EAST FORDHAM ROAD","WASHINGTON AVE","BATHGATE AVE","BRONX","40.860042630559846","-73.88826712824729"
"58506910","2023-08-14T07:50:00.000","2023-08-16T13:15:00.000","Catch Basin Clogged/Flooding (Use Comments) (SC)","1900 HONE AVENUE","HONE AVENUE","RHINELANDER AVE","NEILL AVE","BRONX","40.85107336406343","-73.85640823793109"
"58512191","2023-08-14T07:50:00.000","2023-08-14T10:10:00.000","Catch Basin Clogged/Flooding (Use Comments) (SC)","61-20 LAUREL HILL BOULEVARD","LAUREL HILL BOULEVARD","61 ST","63 ST","QUEENS","40.738088789680894","-73.90339646168539"
"58510862","2023-08-14T07:26:00.000","2023-08-19T10:40:00.000","Catch Basin Clogged/Flooding (Use Comments) (SC)",,,,,"QUEENS","40.66776424358689","-73.73993427994054"
"58508185","2023-08-14T06:50:00.000","2023-08-15T07:20:00.000","Catch Basin Clogged/Flooding (Use Comments) (SC)","10578 AVENUE K","AVENUE K","E 105 ST","E 108 ST","BROOKLYN","40.64521795526641","-73.88951333410196"
"58494212","2023-08-13T19:14:00.000","2023-08-14T09:50:00.000","Catch Basin Clogged/Flooding (Use Comments) (SC)",,,,,"QUEENS","40.75587903345326","-73.92370285735407"
"58495351","2023-08-13T19:11:00.000","2023-08-21T07:05:00.000","Catch Basin Clogged/Flooding (Use Comments) (SC)","159-24 95 STREET","95 STREET","159 AVE","160 AVE","QUEENS","40.65891083187363","-73.83784196712874"
"58497530","2023-08-13T19:08:00.000","2023-08-18T09:10:00.000","Catch Basin Clogged/Flooding (Use Comments) (SC)",,,,,"QUEENS","40.734541219703964","-73.86170741183986"
"58494213","2023-08-13T19:08:00.000","2023-08-14T09:05:00.000","Catch Basin Clogged/Flooding (Use Comments) (SC)",,,,,"BRONX","40.84716240947193","-73.82301205666661"
"58501903","2023-08-13T19:08:00.000","2023-08-14T08:55:00.000","Catch Basin Clogged/Flooding (Use Comments) (SC)","160-11 24 AVENUE","24 AVENUE","160 ST","163 ST","QUEENS","40.7762944634562","-73.80326272405127"
"58494214","2023-08-13T18:53:00.000","2023-08-17T13:32:00.000","Catch Basin Clogged/Flooding (Use Comments) (SC)","91-15 163 AVENUE","163 AVENUE","91 ST","92 ST","QUEENS","40.65243333247057","-73.83994075782043"
"58500850","2023-08-13T18:35:00.000","2023-08-16T12:10:00.000","Catch Basin Clogged/Flooding (Use Comments) (SC)","1638 CORNELIA STREET","CORNELIA STREET","CORNELIA ST","CYPRESS AVE","QUEENS","40.698704524903796","-73.90711400952975"
"58499690","2023-08-13T10:17:00.000","2023-08-23T17:30:00.000","Catch Basin Clogged/Flooding (Use Comments) (SC)","1255 EAST  233 STREET","EAST  233 STREET","DE REIMER AVE","WILDER AVE","BRONX","40.88859219924121","-73.8408513864228"
"58496451","2023-08-13T09:35:00.000","2023-08-23T11:45:00.000","Catch Basin Clogged/Flooding (Use Comments) (SC)","3677 WHITE PLAINS ROAD","WHITE PLAINS ROAD","E 215 ST","E 216 ST","BRONX","40.880950733720574","-73.86429589224272"
"58495352","2023-08-13T07:41:00.000","2023-08-17T08:25:00.000","Catch Basin Clogged/Flooding (Use Comments) (SC)","46-38 158 STREET","158 STREET","46 AVE","LABURNUM AVE","QUEENS","40.75299259429588","-73.80877441298131"
"58496452","2023-08-13T03:11:00.000","2023-08-15T09:50:00.000","Catch Basin Clogged/Flooding (Use Comments) (SC)","89-52 207 STREET","207 STREET","89 AVE","90 AVE","QUEENS","40.7192413222627","-73.75693401189874"
"58494215","2023-08-13T02:59:00.000","2023-08-13T13:05:00.000","Catch Basin Clogged/Flooding (Use Comments) (SC)","574 TROY AVENUE","TROY AVENUE","FENIMORE ST","HAWTHORNE ST","BROOKLYN","40.65937020615396","-73.93702644336537"
"58491951","2023-08-12T23:44:00.000","2023-08-23T08:27:00.000","Catch Basin Clogged/Flooding (Use Comments) (SC)","2880 HARRINGTON AVENUE","HARRINGTON AVENUE","MAYFLOWER AVE","EDISON AVE","BRONX","40.839923036078766","-73.83300607855817"
"58493078","2023-08-12T16:05:00.000","2023-08-13T10:55:00.000","Catch Basin Clogged/Flooding (Use Comments) (SC)","48-01 39 AVENUE","39 AVENUE","48 ST","49 ST","QUEENS","40.74913492288003","-73.9154601478624"
"58489596","2023-08-12T15:29:00.000","2023-08-13T07:37:00.000","Catch Basin Clogged/Flooding (Use Comments) (SC)","3733 BARNES AVENUE","BARNES AVENUE","E 217 ST","E 218 ST","BRONX","40.88155010732844","-73.86055540993607"
"58488441","2023-08-12T15:26:00.000","2023-08-13T12:00:00.000","Catch Basin Clogged/Flooding (Use Comments) (SC)","3737 BARNES AVENUE","BARNES AVENUE","E 217 ST","E 218 ST","BRONX","40.88162690607384","-73.86051185315142"
"58487296","2023-08-12T15:23:00.000","2023-08-13T09:35:00.000","Catch Basin Clogged/Flooding (Use Comments) (SC)","221-02 HORACE HARDING EXPRESSWAY","HORACE HARDING EXPRESSWAY","SPRINGFIELD BLVD","LIE EB ENTRANCE SPRINGFIELD BLVD","QUEENS","40.74915255738608","-73.75636290807904"
"58485005","2023-08-12T13:59:00.000","2023-08-17T11:30:00.000","Catch Basin Clogged/Flooding (Use Comments) (SC)","120-85 132 STREET","132 STREET","BEND","SUTTER AVE","QUEENS","40.672835836920086","-73.8063581728217"
"58487295","2023-08-12T11:35:00.000","2023-08-12T12:55:00.000","Catch Basin Clogged/Flooding (Use Comments) (SC)","4323 AVENUE I","AVENUE I","E 43 ST","TROY AVE","BROOKLYN","40.63011765766364","-73.93456819901708"
"58488440","2023-08-12T11:32:00.000","2023-08-13T01:10:00.000","Catch Basin Clogged/Flooding (Use Comments) (SC)","217-22 134 ROAD","134 ROAD","217 ST","218 ST","QUEENS","40.679020966298786","-73.75253788899235"
"58493077","2023-08-12T09:59:00.000","2023-08-12T12:00:00.000","Catch Basin Clogged/Flooding (Use Comments) (SC)",,,,,"BROOKLYN","40.636526464844486","-73.92101815212433"
"58485006","2023-08-12T09:14:00.000","2023-08-13T12:35:00.000","Catch Basin Clogged/Flooding (Use Comments) (SC)","444 THROOP AVENUE","THROOP AVENUE","LEXINGTON AVE","QUINCY ST","BROOKLYN","40.68858824767593","-73.94206504823383"
"58479687","2023-08-11T17:02:00.000","2023-08-19T09:50:00.000","Catch Basin Clogged/Flooding (Use Comments) (SC)","1700 PAULDING AVENUE","PAULDING AVENUE","VAN NEST AVE","MORRIS PARK AVE","BRONX","40.84734651865276","-73.85459098795239"
"58480993","2023-08-11T15:17:00.000","2023-08-12T09:15:00.000","Catch Basin Clogged/Flooding (Use Comments) (SC)","327 AVENUE X","AVENUE X","W 1 ST","WEST ST","BROOKLYN","40.59048401922878","-73.97083924708333"
"58483697","2023-08-11T13:35:00.000","2023-08-13T09:05:00.000","Catch Basin Clogged/Flooding (Use Comments) (SC)","104-20 95 AVENUE","95 AVENUE","104 ST","105 ST","QUEENS","40.689164342554626","-73.84019514453298"
"58482355","2023-08-11T12:53:00.000","2023-08-12T05:10:00.000","Catch Basin Clogged/Flooding (Use Comments) (SC)",,,,,"QUEENS","40.71255964260608","-73.7329852794955"
"58483696","2023-08-11T11:56:00.000","2023-08-11T12:13:00.000","Catch Basin Clogged/Flooding (Use Comments) (SC)","3133 BARNES AVENUE","BARNES AVENUE","ADEE AVE","BURKE AVE","BRONX","40.870711920347105","-73.86336223897476"
"58477087","2023-08-11T11:53:00.000","2023-08-23T11:00:00.000","Catch Basin Clogged/Flooding (Use Comments) (SC)","3131 BARNES AVENUE","BARNES AVENUE","ADEE AVE","BURKE AVE","BRONX","40.87069819689345","-73.86336226717441"
"58480994","2023-08-11T11:17:00.000","2023-08-13T01:40:00.000","Catch Basin Clogged/Flooding (Use Comments) (SC)","80-01 264 STREET","264 STREET","80 AVE","81 AVE","QUEENS","40.745371385606894","-73.70732422657034"
"58475740","2023-08-11T11:14:00.000","2023-08-13T00:30:00.000","Catch Basin Clogged/Flooding (Use Comments) (SC)","80-01 268 STREET","268 STREET","80 AVE","81 AVE","QUEENS","40.74615529363441","-73.70367572207472"
"58483699","2023-08-11T10:50:00.000","2023-11-22T13:30:00.000","Catch Basin Clogged/Flooding (Use Comments) (SC)","550 MADISON AVENUE","MADISON AVENUE","E 55 ST","E 56 ST","MANHATTAN","40.76108876194936","-73.9732516801398"
"58475741","2023-08-11T09:35:00.000","2023-08-16T10:10:00.000","Catch Basin Clogged/Flooding (Use Comments) (SC)","2826 BARKLEY AVENUE","BARKLEY AVENUE","QUINCY AVE","CALHOUN AVE","BRONX","40.82988763261899","-73.82877095031544"
"58475742","2023-08-11T09:08:00.000","2023-08-15T13:45:00.000","Catch Basin Clogged/Flooding (Use Comments) (SC)","110-39 164 PLACE","164 PLACE","110 AVE","110 RD","QUEENS","40.69353834411307","-73.78694764836972"
"58480995","2023-08-11T08:50:00.000","2023-08-14T09:20:00.000","Catch Basin Clogged/Flooding (Use Comments) (SC)","966 GRAND STREET","GRAND STREET","CATHERINE ST","MORGAN AVE","BROOKLYN","40.713038244582506","-73.93614970004154"
"58474449","2023-08-11T00:32:00.000","2023-08-11T08:25:00.000","Catch Basin Clogged/Flooding (Use Comments) (SC)",,,,,"BROOKLYN","40.61368377520268","-74.00714234703378"
"58473285","2023-08-10T22:29:00.000","2023-08-11T07:15:00.000","Catch Basin Clogged/Flooding (Use Comments) (SC)","2481 BROWN STREET","BROWN STREET","AVENUE X","AVENUE Y","BROOKLYN","40.59202197993217","-73.93832496939828"
"58467426","2023-08-10T21:35:00.000","2023-08-11T07:55:00.000","Catch Basin Clogged/Flooding (Use Comments) (SC)","49 BAY   37 STREET","BAY   37 STREET","86 ST","BENSON AVE","BROOKLYN","40.59784605802401","-73.9896365108097"
"58467427","2023-08-10T19:50:00.000","2023-08-11T12:00:00.000","Catch Basin Clogged/Flooding (Use Comments) (SC)","4401 AVENUE M","AVENUE M","TROY AVE","E 45 ST","BROOKLYN","40.621014896710925","-73.9327760297046"
"58466267","2023-08-10T19:38:00.000","2023-08-11T10:00:00.000","Catch Basin Clogged/Flooding (Use Comments) (SC)","3600 BAYCHESTER AVENUE","BAYCHESTER AVENUE","NEEDHAM AVE","CRAWFORD AVE","BRONX","40.88295018093145","-73.83963893888809"
"58465210","2023-08-10T18:50:00.000","2023-08-11T09:10:00.000","Catch Basin Clogged/Flooding (Use Comments) (SC)","6722 BAY PARKWAY","BAY PARKWAY","67 ST","68 ST","BROOKLYN","40.61224722925552","-73.98311157603628"
"58469789","2023-08-10T18:29:00.000","2023-08-11T14:05:00.000","Catch Basin Clogged/Flooding (Use Comments) (SC)",,,,,"QUEENS","40.66429549925704","-73.83937161474216"
"58470996","2023-08-10T18:14:00.000","2023-08-11T06:30:00.000","Catch Basin Clogged/Flooding (Use Comments) (SC)","8813 AVENUE N","AVENUE N","E 88 ST","E 89 ST","BROOKLYN","40.63120832696221","-73.89818669972213"
"58465211","2023-08-10T18:05:00.000","2023-08-11T06:55:00.000","Catch Basin Clogged/Flooding (Use Comments) (SC)",,,,,"BROOKLYN","40.60830443876392","-73.91330111256885"
"58468623","2023-08-10T17:56:00.000","2023-08-11T09:25:00.000","Catch Basin Clogged/Flooding (Use Comments) (SC)","243 WEIRFIELD STREET","WEIRFIELD STREET","WILSON AVE","KNICKERBOCKER AVE","BROOKLYN","40.692297745150746","-73.90995367418867"
"58467422","2023-08-10T17:56:00.000","2023-08-10T17:56:00.000","Catch Basin Clogged/Flooding (Use Comments) (SC)","415 WITHERS STREET","WITHERS STREET","MORGAN AVE","VANDERVOORT AVE","BROOKLYN","40.7191041337838","-73.9360897765212"
"58467428","2023-08-10T17:56:00.000","2023-11-17T13:45:00.000","Catch Basin Clogged/Flooding (Use Comments) (SC)","2240 7 AVENUE","7 AVENUE","W 131 ST","W 132 ST","MANHATTAN","40.813256211644095","-73.94521146883807"
"58470997","2023-08-10T17:56:00.000","2023-08-11T09:40:00.000","Catch Basin Clogged/Flooding (Use Comments) (SC)",,,,,"MANHATTAN","40.7407905784571","-73.98381155127129"
"58468624","2023-08-10T17:50:00.000","2023-08-29T15:24:00.000","Catch Basin Clogged/Flooding (Use Comments) (SC)",,,,,"STATEN ISLAND","40.54609048712818","-74.15064722513513"
"58466268","2023-08-10T17:47:00.000","2023-08-13T09:50:00.000","Catch Basin Clogged/Flooding (Use Comments) (SC)","716 BEACH    9 STREET","BEACH    9 STREET","CAFFREY AVE","GARDEN CT","QUEENS","40.602379178567396","-73.7455295392738"
"58472121","2023-08-10T17:32:00.000","2023-08-17T13:00:00.000","Catch Basin Clogged/Flooding (Use Comments) (SC)",,,,,"MANHATTAN","40.74286393470359","-74.00396964950289"
"58469790","2023-08-10T17:29:00.000","2023-08-11T11:40:00.000","Catch Basin Clogged/Flooding (Use Comments) (SC)",,,,,"MANHATTAN","40.744033224511604","-74.00311803396842"
"58470998","2023-08-10T17:26:00.000","2023-08-16T10:30:00.000","Catch Basin Clogged/Flooding (Use Comments) (SC)",,,,,"STATEN ISLAND","40.54609048712818","-74.15064722513513"
"58468625","2023-08-10T17:26:00.000","2023-08-11T07:30:00.000","Catch Basin Clogged/Flooding (Use Comments) (SC)","1958 EAST   24 STREET","EAST   24 STREET","AVENUE S","AVENUE T","BROOKLYN","40.60309664118587","-73.94822889315789"
"58472122","2023-08-10T17:14:00.000","2023-08-14T12:10:00.000","Catch Basin Clogged/Flooding (Use Comments) (SC)",,,,,"MANHATTAN","40.80641492221885","-73.94226230536307"
"58470999","2023-08-10T17:11:00.000","2023-08-14T08:30:00.000","Catch Basin Clogged/Flooding (Use Comments) (SC)","466 FANNING STREET","FANNING STREET","PORTAGE AVE","MANOR RD","STATEN ISLAND","40.60042461073612","-74.12237531898012"
"58471000","2023-08-10T17:08:00.000","2023-08-14T10:00:00.000","Catch Basin Clogged/Flooding (Use Comments) (SC)","564 TOMPKINS AVENUE","TOMPKINS AVENUE","CLIFTON AVE","HYLAN BLVD","STATEN ISLAND","40.61237192219393","-74.07115194566201"
"58467429","2023-08-10T16:47:00.000","2023-08-16T09:30:00.000","Catch Basin Clogged/Flooding (Use Comments) (SC)","2425 RICHMOND ROAD","RICHMOND ROAD","CLOISTER PL","NEW DORP LN","STATEN ISLAND","40.57605120803058","-74.11933925980476"
"58471001","2023-08-10T16:41:00.000","2023-08-11T14:25:00.000","Catch Basin Clogged/Flooding (Use Comments) (SC)",,,,,"QUEENS","40.6524268476701","-73.83922720387437"
"58467430","2023-08-10T16:14:00.000","2023-08-11T09:25:00.000","Catch Basin Clogged/Flooding (Use Comments) (SC)","17-28 149 STREET","149 STREET","17 RD","18 AVE","QUEENS","40.783532523661606","-73.81668503443981"
"58473286","2023-08-10T16:08:00.000","2023-08-15T08:15:00.000","Catch Basin Clogged/Flooding (Use Comments) (SC)","4690 AMBOY ROAD","AMBOY ROAD","SEIDMAN AVE","ARDEN AVE","STATEN ISLAND","40.540180901453226","-74.16842518859605"
"58467423","2023-08-10T14:14:00.000","2023-08-11T13:20:00.000","Catch Basin Clogged/Flooding (Use Comments) (SC)",,,,,"MANHATTAN","40.764995280638246","-73.97670485403641"
"58472119","2023-08-10T13:23:00.000","2023-08-15T10:50:00.000","Catch Basin Clogged/Flooding (Use Comments) (SC)","260 MEREDITH AVENUE","MEREDITH AVENUE","STATEN ISLAND RAILWAY LINE","SOUTH AVE","STATEN ISLAND","40.59931920606547","-74.19368788900083"
"58467421","2023-08-10T12:14:00.000","2023-08-10T13:00:00.000","Catch Basin Clogged/Flooding (Use Comments) (SC)","695 KNICKERBOCKER AVENUE","KNICKERBOCKER AVENUE","CORNELIA ST","JEFFERSON AVE","BROOKLYN","40.69452166652344","-73.91079811767358"
"58473284","2023-08-10T11:59:00.000","2023-08-13T11:00:00.000","Catch Basin Clogged/Flooding (Use Comments) (SC)",,,,,"BRONX","40.900731405929164","-73.901969964742"
"58467424","2023-08-10T10:56:00.000","2023-08-11T10:35:00.000","Catch Basin Clogged/Flooding (Use Comments) (SC)","271 MCDONALD AVENUE","MCDONALD AVENUE","GREENWOOD AVE","FT HAMILTON PKWY","BROOKLYN","40.64800865616844","-73.9804142072399"
"58472120","2023-08-10T10:23:00.000","2023-08-10T11:25:00.000","Catch Basin Clogged/Flooding (Use Comments) (SC)","625 AVENUE K","AVENUE K","OCEAN PKWY","E 7 ST","BROOKLYN","40.621867640271795","-73.96939905266845"
"58468620","2023-08-10T10:08:00.000","2023-08-11T11:30:00.000","Catch Basin Clogged/Flooding (Use Comments) (SC)",,,,,"BROOKLYN","40.61405370301212","-74.01390658335957"
"58470994","2023-08-10T10:05:00.000","2023-08-11T11:50:00.000","Catch Basin Clogged/Flooding (Use Comments) (SC)",,,,,"BROOKLYN","40.61273370169838","-74.01171285024176"
"58465209","2023-08-10T09:59:00.000","2023-08-13T11:55:00.000","Catch Basin Clogged/Flooding (Use Comments) (SC)","195 BEACH  122 STREET","BEACH  122 STREET","OCEAN PROM","ROCKAWAY BEACH BLVD","QUEENS","40.57773652921818","-73.8420096883409"
"58466266","2023-08-10T09:02:00.000","2023-08-11T12:35:00.000","Catch Basin Clogged/Flooding (Use Comments) (SC)","168-18 144 AVENUE","144 AVENUE","168 PL","169 ST","QUEENS","40.66907732570097","-73.77146029354147"
"58467425","2023-08-10T08:32:00.000","2023-08-12T05:30:00.000","Catch Basin Clogged/Flooding (Use Comments) (SC)","114-09 SPRINGFIELD BOULEVARD","SPRINGFIELD BOULEVARD","COLFAX ST","114 RD","QUEENS","40.70173646853302","-73.74116864018917"
"58468621","2023-08-10T08:23:00.000","2023-08-11T10:00:00.000","Catch Basin Clogged/Flooding (Use Comments) (SC)","81 PROSPECT PLACE","PROSPECT PLACE","6 AVE","FLATBUSH AVE","BROOKLYN","40.67910863109049","-73.97471226953448"
"58470995","2023-08-10T08:20:00.000","2023-08-11T09:00:00.000","Catch Basin Clogged/Flooding (Use Comments) (SC)",,,,,"QUEENS","40.69323071365494","-73.77111065187519"
"58468622","2023-08-10T07:32:00.000","2023-08-10T08:30:00.000","Catch Basin Clogged/Flooding (Use Comments) (SC)",,,,,"BROOKLYN","40.616420460017785","-73.97444426100346"
"58462678","2023-08-09T22:29:00.000","2023-08-10T07:05:00.000","Catch Basin Clogged/Flooding (Use Comments) (SC)",,,,,"BROOKLYN","40.60552933753896","-73.92915786016086"
"58455140","2023-08-09T21:56:00.000","2023-08-10T11:10:00.000","Catch Basin Clogged/Flooding (Use Comments) (SC)","3721 FOSTER AVENUE","FOSTER AVENUE","E 37 ST","E 38 ST","BROOKLYN","40.63905006600347","-73.94125771248156"
"58463964","2023-08-09T21:50:00.000","2023-08-10T11:25:00.000","Catch Basin Clogged/Flooding (Use Comments) (SC)","667 EAST   38 STREET","EAST   38 STREET","AVENUE D","FOSTER AVE","BROOKLYN","40.63943401214022","-73.94062681808572"
"58461390","2023-08-09T20:35:00.000","2023-08-11T01:20:00.000","Catch Basin Clogged/Flooding (Use Comments) (SC)",,,,,"QUEENS","40.70153245020962","-73.82340229184067"
"58456383","2023-08-09T19:53:00.000","2023-08-16T11:10:00.000","Catch Basin Clogged/Flooding (Use Comments) (SC)","2850 DEWEY AVENUE","DEWEY AVENUE","CALHOUN AVE","REVERE AVE","BRONX","40.82178133903649","-73.8207997219872"
"58458930","2023-08-09T19:41:00.000","2023-08-16T08:10:00.000","Catch Basin Clogged/Flooding (Use Comments) (SC)","1795 PATTERSON AVENUE","PATTERSON AVENUE","ST LAWRENCE AVE","BEACH AVE","BRONX","40.812769680869245","-73.86219873605644"
"58456384","2023-08-09T17:14:00.000","2023-08-11T13:30:00.000","Catch Basin Clogged/Flooding (Use Comments) (SC)","144 GRYMES HILL ROAD","GRYMES HILL ROAD","BERTHA PL","DEAD END","STATEN ISLAND","40.62330518762296","-74.09314489346708"
"58463965","2023-08-09T16:32:00.000","2023-08-14T11:20:00.000","Catch Basin Clogged/Flooding (Use Comments) (SC)","60-05 60 AVENUE","60 AVENUE","60 ST","60 PL","QUEENS","40.71648129054283","-73.90578698371915"
"58463966","2023-08-09T15:08:00.000","2023-08-13T08:20:00.000","Catch Basin Clogged/Flooding (Use Comments) (SC)","840 WEST  181 STREET","WEST  181 STREET","PINEHURST AVE","CABRINI BLVD","MANHATTAN","40.851286963057845","-73.93972562773507"
"58457639","2023-08-09T14:47:00.000","2023-08-10T12:05:00.000","Catch Basin Clogged/Flooding (Use Comments) (SC)","725 EAST   92 STREET","EAST   92 STREET","AVENUE B","DITMAS AVE","BROOKLYN","40.64990788491748","-73.91417681636206"
"58456385","2023-08-09T13:41:00.000","2023-10-31T11:30:00.000","Catch Basin Clogged/Flooding (Use Comments) (SC)","4 AMSTERDAM AVENUE","AMSTERDAM AVENUE","10 AVE","W 60 ST","MANHATTAN","40.7705715274253","-73.98751567347769"
"58462679","2023-08-09T13:38:00.000","2023-08-11T09:35:00.000","Catch Basin Clogged/Flooding (Use Comments) (SC)","246 EAST  169 STREET","EAST  169 STREET","SHERIDAN AVE","GRANT AVE","BRONX","40.83567247922553","-73.91400584963273"
"58462680","2023-08-09T13:23:00.000","2023-08-11T12:15:00.000","Catch Basin Clogged/Flooding (Use Comments) (SC)","796 RENSSELAER AVENUE","RENSSELAER AVENUE","MARCY AVE","VERNON AVE","STATEN ISLAND","40.539065823820955","-74.20124488152366"
"58458931","2023-08-09T09:23:00.000","2023-08-11T10:50:00.000","Catch Basin Clogged/Flooding (Use Comments) (SC)","79 5 AVENUE","5 AVENUE","E 15 ST","E 16 ST","MANHATTAN","40.73705039693849","-73.99284442895517"
"58460116","2023-08-09T09:17:00.000","2023-08-10T11:20:00.000","Catch Basin Clogged/Flooding (Use Comments) (SC)","19-02 CLINTONVILLE STREET","CLINTONVILLE STREET","19 AVE","20 AVE","QUEENS","40.781326708909575","-73.80718008833949"
"58460117","2023-08-09T08:29:00.000","2023-08-09T13:20:00.000","Catch Basin Clogged/Flooding (Use Comments) (SC)","114 VAN SICLEN AVENUE","VAN SICLEN AVENUE","FULTON ST","ATLANTIC AVE","BROOKLYN","40.677501268578375","-73.89155088821231"
"58446144","2023-08-08T23:38:00.000","2023-08-13T10:05:00.000","Catch Basin Clogged/Flooding (Use Comments) (SC)","1701 EAST GUN HILL ROAD","EAST GUN HILL ROAD","GUNTHER AVE","ALLERTON AVE","BRONX","40.865503497548325","-73.8366910467629"
"58446145","2023-08-08T22:56:00.000","2023-08-09T10:00:00.000","Catch Basin Clogged/Flooding (Use Comments) (SC)",,,,,"QUEENS","40.6524268476701","-73.83922720387437"
"58448833","2023-08-08T17:44:00.000","2023-08-11T10:35:00.000","Catch Basin Clogged/Flooding (Use Comments) (SC)","670 GRAND CONCOURSE","GRAND CONCOURSE","E 153 ST","E 156 ST","BRONX","40.821446378668","-73.92549200774754"
"58450095","2023-08-08T17:35:00.000","2023-08-09T12:15:00.000","Catch Basin Clogged/Flooding (Use Comments) (SC)",,,,,"QUEENS","40.6750028833938","-73.82434137121663"
"58452671","2023-08-08T16:38:00.000","2023-08-09T09:45:00.000","Catch Basin Clogged/Flooding (Use Comments) (SC)","1625 EMMONS AVENUE","EMMONS AVENUE","E 16 ST","SHEEPSHEAD BAY RD","BROOKLYN","40.58330827723969","-73.95200999093876"
"58448834","2023-08-08T15:38:00.000","2023-08-11T10:20:00.000","Catch Basin Clogged/Flooding (Use Comments) (SC)","155 STREET","155 STREET","109 AVENUE","109 ROAD","QUEENS",,
"58450096","2023-08-08T15:11:00.000","2023-08-17T09:15:00.000","Catch Basin Clogged/Flooding (Use Comments) (SC)","214 EAST   30 STREET","EAST   30 STREET","3 AVE","2 AVE","MANHATTAN","40.74294174844826","-73.97934336318568"
"58452672","2023-08-08T14:23:00.000","2023-08-10T10:35:00.000","Catch Basin Clogged/Flooding (Use Comments) (SC)","102 COMMERCE STREET","COMMERCE STREET","VAN BRUNT ST","IMLAY ST","BROOKLYN","40.68132335048843","-74.00893067976263"
"58450094","2023-08-08T14:20:00.000","2023-08-08T14:30:00.000","Catch Basin Clogged/Flooding (Use Comments) (SC)","7821 16 AVENUE","16 AVENUE","78 ST","79 ST","BROOKLYN","40.61442505780515","-74.00277700993882"
"58444896","2023-08-08T14:17:00.000","2023-08-09T10:50:00.000","Catch Basin Clogged/Flooding (Use Comments) (SC)","7817 16 AVENUE","16 AVENUE","78 ST","79 ST","BROOKLYN","40.61444152699924","-74.00275900147594"
"58447478","2023-08-08T14:14:00.000","2023-08-09T13:15:00.000","Catch Basin Clogged/Flooding (Use Comments) (SC)","109-01 LIBERTY AVENUE","LIBERTY AVENUE","109 ST","110 ST","QUEENS","40.68416085404578","-73.83263897730868"
"58446146","2023-08-08T13:53:00.000","2023-08-16T08:50:00.000","Catch Basin Clogged/Flooding (Use Comments) (SC)","1141 WHITEPLAINS ROAD","WHITEPLAINS ROAD","WATSON AVE","GLEASON AVE","BRONX","40.82932451350799","-73.86109486432937"
"58447479","2023-08-08T13:44:00.000","2023-08-09T13:55:00.000","Catch Basin Clogged/Flooding (Use Comments) (SC)","772 SUTTER AVENUE","SUTTER AVENUE","MILLER AVE","VAN SICLEN AVE","BROOKLYN","40.6701219157459","-73.89008490278164"
"58447480","2023-08-08T13:17:00.000","2023-08-09T12:35:00.000","Catch Basin Clogged/Flooding (Use Comments) (SC)","1600 AVENUE L","AVENUE L","BRIGHTON LINE","E 17 ST","BROOKLYN","40.62052504470415","-73.95928480802"
"58446147","2023-08-08T13:11:00.000","2023-08-13T10:30:00.000","Catch Basin Clogged/Flooding (Use Comments) (SC)","826 EAST  178 STREET","EAST  178 STREET","MAPES AVE","MARMION AVE","BRONX","40.84435783768599","-73.88668150369175"
"58451389","2023-08-08T12:38:00.000","2023-08-09T14:00:00.000","Catch Basin Clogged/Flooding (Use Comments) (SC)","231-10 147 AVENUE","147 AVENUE","231 ST","232 ST","QUEENS","40.657709964369054","-73.7497840567766"
"58453953","2023-08-08T12:05:00.000","2023-08-13T12:45:00.000","Catch Basin Clogged/Flooding (Use Comments) (SC)","152 MADISON AVENUE","MADISON AVENUE","E 32 ST","E 33 ST","MANHATTAN","40.74657377097925","-73.98383901777603"
"58444897","2023-08-08T11:14:00.000","2023-08-10T07:45:00.000","Catch Basin Clogged/Flooding (Use Comments) (SC)","1511 SHEEPSHEAD BAY ROAD","SHEEPSHEAD BAY ROAD","NYCTA SUBWAY","E 16 ST","BROOKLYN","40.5873247092425","-73.95393330132532"
"58453954","2023-08-08T10:02:00.000","2023-08-09T14:35:00.000","Catch Basin Clogged/Flooding (Use Comments) (SC)","1809 LEXINGTON AVENUE","LEXINGTON AVENUE","E 112 ST","E 115 ST","MANHATTAN","40.79624624549259","-73.94334378988671"
"58451390","2023-08-08T09:20:00.000","2023-08-10T09:00:00.000","Catch Basin Clogged/Flooding (Use Comments) (SC)",,,,,"STATEN ISLAND","40.539473747816494","-74.17509012248419"
"58446148","2023-08-08T09:14:00.000","2023-08-11T08:00:00.000","Catch Basin Clogged/Flooding (Use Comments) (SC)",,,,,"BRONX","40.862815371964345","-73.90755000874817"
"58450097","2023-08-08T09:02:00.000","2023-08-10T09:00:00.000","Catch Basin Clogged/Flooding (Use Comments) (SC)","1051 MORRIS AVENUE","MORRIS AVENUE","E 165 ST","E 166 ST","BRONX","40.829761947042996","-73.916152672939"
"58451391","2023-08-08T08:41:00.000","2023-08-12T16:50:00.000","Catch Basin Clogged/Flooding (Use Comments) (SC)","1119 PARK PLACE","PARK PLACE","HAMPTON PL","VIRGINIA PL","BROOKLYN","40.67290105676738","-73.94047806055873"
"58446149","2023-08-08T08:14:00.000","2023-08-11T07:25:00.000","Catch Basin Clogged/Flooding (Use Comments) (SC)","440 SAINT LAWRENCE AVENUE","SAINT LAWRENCE AVENUE","PATTERSON AVE","LACOMBE AVE","BRONX","40.81404711054137","-73.86314982710711"
"58438737","2023-08-07T23:26:00.000","2023-08-09T11:35:00.000","Catch Basin Clogged/Flooding (Use Comments) (SC)","1600 NORMAN STREET","NORMAN STREET","WYCKOFF AVE","CYPRESS AVE","QUEENS","40.69534700553372","-73.90297876672606"
"58441245","2023-08-07T21:17:00.000","2023-08-09T11:40:00.000","Catch Basin Clogged/Flooding (Use Comments) (SC)","148 JEWETT AVENUE","JEWETT AVENUE","CASTLETON AVE","HURST ST","STATEN ISLAND","40.63334316419069","-74.12968462464296"
"58437546","2023-08-07T19:17:00.000","2023-08-13T15:30:00.000","Catch Basin Clogged/Flooding (Use Comments) (SC)",,,,,"MANHATTAN","40.83638014293215","-73.94457445835076"
"58437547","2023-08-07T18:38:00.000","2023-08-12T09:30:00.000","Catch Basin Clogged/Flooding (Use Comments) (SC)","11 AMADOR STREET","AMADOR STREET","AMITY PL","KNOLLWOOD CT","STATEN ISLAND","40.62329953636728","-74.16243174579985"
"58441246","2023-08-07T18:08:00.000","2023-08-08T12:30:00.000","Catch Basin Clogged/Flooding (Use Comments) (SC)",,,,,"QUEENS","40.69638242958428","-73.8042269998379"
"58439976","2023-08-07T17:38:00.000","2023-08-08T06:45:00.000","Catch Basin Clogged/Flooding (Use Comments) (SC)",,,,,"BROOKLYN","40.64023707971034","-73.90597390416264"
"58443670","2023-08-07T17:29:00.000","2023-08-08T06:30:00.000","Catch Basin Clogged/Flooding (Use Comments) (SC)",,,,,"BROOKLYN","40.641728846602795","-73.90763652878918"
"58438738","2023-08-07T15:26:00.000","2023-08-08T11:40:00.000","Catch Basin Clogged/Flooding (Use Comments) (SC)","853 LENOX ROAD","LENOX ROAD","E 52 ST","E 53 ST","BROOKLYN","40.65551673011277","-73.9280055438508"
"58439977","2023-08-07T14:35:00.000","2023-08-08T13:20:00.000","Catch Basin Clogged/Flooding (Use Comments) (SC)","192-03 JAMAICA AVENUE","JAMAICA AVENUE","192 ST","193 ST","QUEENS","40.71292624328568","-73.76788314261965"
"58441247","2023-08-07T13:53:00.000","2023-08-16T10:30:00.000","Catch Basin Clogged/Flooding (Use Comments) (SC)","69-09 67 PLACE","67 PLACE","OTTO RD","70 AVE","QUEENS","40.705768314977156","-73.88728498460378"
"58442490","2023-08-07T13:05:00.000","2023-08-08T07:05:00.000","Catch Basin Clogged/Flooding (Use Comments) (SC)","1846 EAST   28 STREET","EAST   28 STREET","AVENUE R","AVENUE S","BROOKLYN","40.606070469774146","-73.94493492700286"
"58442491","2023-08-07T12:41:00.000","2023-08-10T11:30:00.000","Catch Basin Clogged/Flooding (Use Comments) (SC)","249-03 64 AVENUE","64 AVENUE","MARATHON PKWY","251 ST","QUEENS","40.75473714262192","-73.72772691186275"
"58442492","2023-08-07T12:20:00.000","2023-08-11T01:40:00.000","Catch Basin Clogged/Flooding (Use Comments) (SC)","134-02 LIBERTY AVENUE","LIBERTY AVENUE","134 ST","135 ST","QUEENS","40.69143651904929","-73.81257498199545"
"58443672","2023-08-07T11:35:00.000","2023-08-09T13:50:00.000","Catch Basin Clogged/Flooding (Use Comments) (SC)","86-02 163 AVENUE","163 AVENUE","86 ST","87 ST","QUEENS","40.65189084518767","-73.84465950841631"
"58438739","2023-08-07T11:23:00.000","2023-08-08T08:55:00.000","Catch Basin Clogged/Flooding (Use Comments) (SC)","198 DELANCEY STREET","DELANCEY STREET","RIDGE ST","PITT ST","MANHATTAN","40.71716099725299","-73.98396519318098"
"58436312","2023-08-07T11:20:00.000","2023-08-08T12:50:00.000","Catch Basin Clogged/Flooding (Use Comments) (SC)",,,,,"BRONX","40.81291709102045","-73.88120779869882"
"58441249","2023-08-07T11:05:00.000","2023-08-09T14:38:00.000","Catch Basin Clogged/Flooding (Use Comments) (SC)",,,,,"QUEENS","40.665644512348585","-73.77895161346315"
"58437548","2023-08-07T10:26:00.000","2023-08-08T09:55:00.000","Catch Basin Clogged/Flooding (Use Comments) (SC)","61-37 69 LANE","69 LANE","ELIOT AVE","62 AVE","QUEENS","40.7197647687426","-73.88821009268939"
"58442493","2023-08-07T10:17:00.000","2023-08-10T10:00:00.000","Catch Basin Clogged/Flooding (Use Comments) (SC)","222-20 134 ROAD","134 ROAD","222 ST","223 ST","QUEENS","40.67729690421045","-73.74733111075267"
"58442494","2023-08-07T09:11:00.000","2023-08-09T12:00:00.000","Catch Basin Clogged/Flooding (Use Comments) (SC)",,,,,"MANHATTAN","40.74661865465041","-73.99381421570796"
"58441250","2023-08-07T09:08:00.000","2023-08-09T10:30:00.000","Catch Basin Clogged/Flooding (Use Comments) (SC)",,,,,"MANHATTAN","40.74723619782853","-73.99335942321805"
"58436313","2023-08-07T08:53:00.000","2023-08-13T09:40:00.000","Catch Basin Clogged/Flooding (Use Comments) (SC)","2069 BRUCKNER BOULEVARD","BRUCKNER BOULEVARD","PUGSLEY AVE","OLMSTEAD AVE","BRONX","40.82704338278926","-73.85420536885215"
"58435079","2023-08-07T08:14:00.000","2023-08-10T08:45:00.000","Catch Basin Clogged/Flooding (Use Comments) (SC)","555 WEST   22 STREET","WEST   22 STREET","HIGH LINE","11 AVE","MANHATTAN","40.74756011752775","-74.00591880373503"
"58438741","2023-08-07T07:59:00.000","2023-08-09T10:20:00.000","Catch Basin Clogged/Flooding (Use Comments) (SC)",,,,,"QUEENS","40.65823911725149","-73.8463927627914"
"58438742","2023-08-07T07:56:00.000","2023-08-17T12:20:00.000","Catch Basin Clogged/Flooding (Use Comments) (SC)","50-20 25 STREET","25 STREET","LONG ISLAND EXPY","51 AVE","QUEENS","40.74054801578026","-73.94498256674044"
"58437550","2023-08-07T07:47:00.000","2023-08-11T09:45:00.000","Catch Basin Clogged/Flooding (Use Comments) (SC)",,,,,"QUEENS","40.758983672337905","-73.94329607290071"
"58438743","2023-08-07T07:47:00.000","2023-08-16T11:35:00.000","Catch Basin Clogged/Flooding (Use Comments) (SC)","54-36 69 PLACE","69 PLACE","54 AVE","HULL AVE","QUEENS","40.72857598076674","-73.89459590576068"
"58439979","2023-08-07T07:17:00.000","2023-08-09T11:15:00.000","Catch Basin Clogged/Flooding (Use Comments) (SC)","79 JOSEPH AVENUE","JOSEPH AVENUE","BEND","HAROLD ST","STATEN ISLAND","40.60116045194796","-74.13677393378204"
"58438736","2023-08-07T06:44:00.000","2023-08-07T07:09:00.000","Catch Basin Clogged/Flooding (Use Comments) (SC)",,,,,"BROOKLYN","40.66802358412706","-73.8728217213818"
"58438740","2023-08-07T06:41:00.000","2023-08-07T10:10:00.000","Catch Basin Clogged/Flooding (Use Comments) (SC)",,,,,"BROOKLYN","40.66802358412706","-73.8728217213818"
"58437549","2023-08-07T06:41:00.000","2023-08-07T11:20:00.000","Catch Basin Clogged/Flooding (Use Comments) (SC)","3106 EMMONS AVENUE","EMMONS AVENUE","SHALE ST","BOGARDUS ST","BROOKLYN","40.58400286792752","-73.935506226692"
"58429747","2023-08-06T21:29:00.000","2023-08-08T10:00:00.000","Catch Basin Clogged/Flooding (Use Comments) (SC)","216-11 117 ROAD","117 ROAD","SPRINGFIELD BLVD","219 ST","QUEENS","40.69522780943097","-73.74326747818202"
"58431899","2023-08-06T17:14:00.000","2023-08-09T09:15:00.000","Catch Basin Clogged/Flooding (Use Comments) (SC)",,,,,"BRONX","40.838382390699245","-73.91901490268937"
"58432890","2023-08-06T13:56:00.000","2023-08-09T10:55:00.000","Catch Basin Clogged/Flooding (Use Comments) (SC)","62-35 FRESH POND ROAD","FRESH POND ROAD","62 RD","LIRR MONTAUK LINE","QUEENS","40.71290056017996","-73.90066628160181"
"58433961","2023-08-06T11:14:00.000","2023-08-10T08:55:00.000","Catch Basin Clogged/Flooding (Use Comments) (SC)","20-03 28 STREET","28 STREET","20 AVE","21 AVE","QUEENS","40.78069119770334","-73.90823815381296"
"58426571","2023-08-06T09:11:00.000","2023-08-07T07:40:00.000","Catch Basin Clogged/Flooding (Use Comments) (SC)","1245 BELMONT AVENUE","BELMONT AVENUE","DREW ST","RUBY ST","BROOKLYN","40.67532826447654","-73.86164272897872"
"58420428","2023-08-05T17:17:00.000","2023-08-07T09:10:00.000","Catch Basin Clogged/Flooding (Use Comments) (SC)","170-05 CEDAR CROFT ROAD","CEDAR CROFT ROAD","HOMELAWN ST","KINGSTON PL","QUEENS","40.71172175248644","-73.79256709873714"
"58425334","2023-08-05T17:11:00.000","2023-08-06T13:55:00.000","Catch Basin Clogged/Flooding (Use Comments) (SC)","170-10 CEDAR CROFT ROAD","CEDAR CROFT ROAD","HOMELAWN ST","KINGSTON PL","QUEENS","40.71174624072556","-73.79244798830663"
"58420429","2023-08-05T16:44:00.000","2023-08-10T12:00:00.000","Catch Basin Clogged/Flooding (Use Comments) (SC)",,,,,"STATEN ISLAND","40.63715020043573","-74.12967400791457"
"58418130","2023-08-05T15:11:00.000","2023-08-12T10:15:00.000","Catch Basin Clogged/Flooding (Use Comments) (SC)","130-73 227 STREET","227 STREET","130 AVE","131 AVE","QUEENS","40.68115512573623","-73.74073654924267"
"58424086","2023-08-05T12:35:00.000","2023-08-15T11:45:00.000","Catch Basin Clogged/Flooding (Use Comments) (SC)","320 BEACH   30 STREET","BEACH   30 STREET","SEAGIRT BLVD","DEERFIELD RD","QUEENS","40.596394548933866","-73.76305977824228"
"58424087","2023-08-05T11:41:00.000","2023-08-07T06:50:00.000","Catch Basin Clogged/Flooding (Use Comments) (SC)","114 VAN SICLEN AVENUE","VAN SICLEN AVENUE","FULTON ST","ATLANTIC AVE","BROOKLYN","40.677501268578375","-73.89155088821231"
"58422871","2023-08-05T09:41:00.000","2023-08-06T08:05:00.000","Catch Basin Clogged/Flooding (Use Comments) (SC)","2912 GLENWOOD ROAD","GLENWOOD ROAD","E 29 ST","NOSTRAND AVE","BROOKLYN","40.6339400148272","-73.9485364307349"
"58422872","2023-08-05T08:53:00.000","2023-08-05T10:40:00.000","Catch Basin Clogged/Flooding (Use Comments) (SC)","119-20 97 AVENUE","97 AVENUE","LEFFERTS BLVD","120 ST","QUEENS","40.6912576628952","-73.82628544661989"
"58425335","2023-08-05T04:56:00.000","2023-08-05T11:15:00.000","Catch Basin Clogged/Flooding (Use Comments) (SC)","37-65 74 STREET","74 STREET","37 RD","ROOSEVELT AVE","QUEENS","40.74717978114262","-73.8914843780055"
"58411817","2023-08-04T21:11:00.000","2023-08-05T13:40:00.000","Catch Basin Clogged/Flooding (Use Comments) (SC)","439 DOANE AVENUE","DOANE AVENUE","BARLOW AVE","GURLEY AVE","STATEN ISLAND","40.56023919950787","-74.15738390409557"
"58414393","2023-08-04T14:17:00.000","2023-08-05T08:55:00.000","Catch Basin Clogged/Flooding (Use Comments) (SC)","974 RHINELANDER AVENUE","RHINELANDER AVENUE","RADCLIFF AVE","COLDEN AVE","BRONX","40.849755678293285","-73.85844608893083"
"58415656","2023-08-04T13:47:00.000","2023-08-05T09:45:00.000","Catch Basin Clogged/Flooding (Use Comments) (SC)","63-01 138 STREET","138 STREET","63 AVE","64 AVE","QUEENS","40.73981276310702","-73.82824102197351"
"58409292","2023-08-04T12:50:00.000","2023-08-06T10:20:00.000","Catch Basin Clogged/Flooding (Use Comments) (SC)","217-19 136 AVENUE","136 AVENUE","217 ST","218 ST","QUEENS","40.67746931136807","-73.75341972184205"
"58411811","2023-08-04T12:17:00.000","2023-08-05T14:10:00.000","Catch Basin Clogged/Flooding (Use Comments) (SC)",,,,,"QUEENS","40.57367032191216","-73.8535741393341"
"58415657","2023-08-04T10:56:00.000","2023-08-06T08:45:00.000","Catch Basin Clogged/Flooding (Use Comments) (SC)",,,,,"BRONX","40.897071234291964","-73.84336670712374"
"58413101","2023-08-04T10:47:00.000","2023-08-10T11:00:00.000","Catch Basin Clogged/Flooding (Use Comments) (SC)","207 NICHOLAS AVENUE","NICHOLAS AVENUE","CHARLES AVE","HATFIELD PL","STATEN ISLAND","40.63481779039471","-74.14078092310153"
"58410570","2023-08-04T08:44:00.000","2023-08-04T13:40:00.000","Catch Basin Clogged/Flooding (Use Comments) (SC)","4902 AVENUE L","AVENUE L","E 49 ST","UTICA AVE","BROOKLYN","40.623501662062175","-73.92820938607808"
"58411812","2023-08-04T08:41:00.000","2023-08-06T12:00:00.000","Catch Basin Clogged/Flooding (Use Comments) (SC)","228-05 141 AVENUE","141 AVENUE","228 ST","229 ST","QUEENS","40.668307231278504","-73.74710562292186"
"58414394","2023-08-04T08:32:00.000","2023-08-04T14:00:00.000","Catch Basin Clogged/Flooding (Use Comments) (SC)","33 VESEY STREET","VESEY STREET","CHURCH ST","GREENWICH ST","MANHATTAN","40.712182651190034","-74.0103596232878"
"58414395","2023-08-04T08:23:00.000","2023-08-06T09:00:00.000","Catch Basin Clogged/Flooding (Use Comments) (SC)","100-02 32 AVENUE","32 AVENUE","100 ST","101 ST","QUEENS","40.75919447362238","-73.86864814038915"
"58408056","2023-08-04T07:44:00.000","2023-08-13T10:00:00.000","Catch Basin Clogged/Flooding (Use Comments) (SC)","1626 BROADWAY","BROADWAY","W 49 ST","W 50 ST","MANHATTAN","40.76122801792308","-73.98417839003005"
"58404326","2023-08-03T20:38:00.000","2023-08-04T10:00:00.000","Catch Basin Clogged/Flooding (Use Comments) (SC)","201 ONDERDONK AVENUE","ONDERDONK AVENUE","STARR ST","WILLOUGHBY AVE","QUEENS","40.710262640724345","-73.9178179344332"
"58400547","2023-08-03T19:50:00.000","2023-08-04T12:25:00.000","Catch Basin Clogged/Flooding (Use Comments) (SC)",,,,,"BROOKLYN","40.60042839409523","-73.9849475120369"
"58403032","2023-08-03T14:56:00.000","2023-08-09T12:20:00.000","Catch Basin Clogged/Flooding (Use Comments) (SC)","1775 BUSSING AVENUE","BUSSING AVENUE","GUNTHER AVE","WICKHAM AVE","BRONX","40.89400545040798","-73.84958067458268"
"58400548","2023-08-03T14:50:00.000","2023-08-04T11:50:00.000","Catch Basin Clogged/Flooding (Use Comments) (SC)",,,,,"BROOKLYN","40.63680095262616","-74.03444142632658"
"58396688","2023-08-03T13:29:00.000","2023-08-06T12:30:00.000","Catch Basin Clogged/Flooding (Use Comments) (SC)","125 DIXON AVENUE","DIXON AVENUE","WILLOW RD W","MORNINGSTAR RD","STATEN ISLAND","40.62789952739374","-74.14628905543753"
"58405572","2023-08-03T13:02:00.000","2023-08-04T03:50:00.000","Catch Basin Clogged/Flooding (Use Comments) (SC)",,,,,"QUEENS","40.69093553838525","-73.82745461974018"
"58404328","2023-08-03T12:29:00.000","2023-08-04T02:50:00.000","Catch Basin Clogged/Flooding (Use Comments) (SC)",,,,,"QUEENS","40.690697984408395","-73.82828460432123"
"58405573","2023-08-03T11:32:00.000","2023-08-05T11:40:00.000","Catch Basin Clogged/Flooding (Use Comments) (SC)","1230 AVENUE V","AVENUE V","HOMECREST AVE","E 13 ST","BROOKLYN","40.59641453232501","-73.95864055281649"
"58405574","2023-08-03T11:23:00.000","2023-08-08T09:30:00.000","Catch Basin Clogged/Flooding (Use Comments) (SC)","235 WOODS OF ARDEN ROAD","WOODS OF ARDEN ROAD","LISS ST","OBAN ST","STATEN ISLAND","40.534970540413966","-74.16320639874661"
"58401772","2023-08-03T10:53:00.000","2023-08-05T11:10:00.000","Catch Basin Clogged/Flooding (Use Comments) (SC)","126 DOVER STREET","DOVER STREET","HAMPTON AVE","ORIENTAL BLVD","BROOKLYN","40.578893546112404","-73.94947162435284"
"58403033","2023-08-03T09:59:00.000","2023-08-04T09:50:00.000","Catch Basin Clogged/Flooding (Use Comments) (SC)","104-25 95 AVENUE","95 AVENUE","104 ST","105 ST","QUEENS","40.68918627564081","-73.84017706260151"
"58396689","2023-08-03T08:41:00.000","2023-08-04T08:30:00.000","Catch Basin Clogged/Flooding (Use Comments) (SC)","135-25 SUTTER AVENUE","SUTTER AVENUE","135 PL","VAN WYCK EXPRESSWAY SR W","QUEENS","40.67237092214379","-73.80251302285716"
"58405575","2023-08-03T07:56:00.000","2023-08-04T08:04:00.000","Catch Basin Clogged/Flooding (Use Comments) (SC)","196 WATCHOGUE ROAD","WATCHOGUE ROAD","ST JOHN AVE","NEAL DOW AVE","STATEN ISLAND","40.615719925188785","-74.1358780765991"
"58404329","2023-08-03T06:50:00.000","2023-08-03T13:15:00.000","Catch Basin Clogged/Flooding (Use Comments) (SC)","825 COLUMBUS AVENUE","COLUMBUS AVENUE","W 100 ST","W 103 ST","MANHATTAN","40.79570055226163","-73.96543663781749"
"58386273","2023-08-02T21:41:00.000","2023-08-08T12:00:00.000","Catch Basin Clogged/Flooding (Use Comments) (SC)",,,,,"QUEENS","40.57637928578411","-73.86005140772743"
"58394090","2023-08-02T21:38:00.000","2023-08-03T12:45:00.000","Catch Basin Clogged/Flooding (Use Comments) (SC)",,,,,"QUEENS","40.726346236732724","-73.73281458724445"
"58391466","2023-08-02T17:38:00.000","2023-08-03T09:35:00.000","Catch Basin Clogged/Flooding (Use Comments) (SC)","1834 EAST   51 STREET","EAST   51 STREET","AVENUE O","FILLMORE AVE","BROOKLYN","40.615551026195654","-73.92551291681548"
"58395400","2023-08-02T17:14:00.000","2023-08-04T08:11:00.000","Catch Basin Clogged/Flooding (Use Comments) (SC)",,,,,"STATEN ISLAND","40.61993168764973","-74.14819873276548"
"58392771","2023-08-02T17:11:00.000","2023-08-04T08:11:00.000","Catch Basin Clogged/Flooding (Use Comments) (SC)",,,,,"STATEN ISLAND","40.61993168764973","-74.14819873276548"
"58388925","2023-08-02T17:08:00.000","2023-08-04T08:10:00.000","Catch Basin Clogged/Flooding (Use Comments) (SC)","104 LEVIT AVENUE","LEVIT AVENUE","DEVENS ST","JAFFE ST","STATEN ISLAND","40.62007457908111","-74.1480729751672"
"58392772","2023-08-02T17:05:00.000","2023-08-03T11:30:00.000","Catch Basin Clogged/Flooding (Use Comments) (SC)",,,,,"STATEN ISLAND","40.61993168764973","-74.14819873276548"
"58394091","2023-08-02T15:50:00.000","2023-08-05T12:35:00.000","Catch Basin Clogged/Flooding (Use Comments) (SC)",,,,,"QUEENS","40.733401485185915","-73.8730505508265"
"58392773","2023-08-02T14:50:00.000","2023-08-05T13:10:00.000","Catch Basin Clogged/Flooding (Use Comments) (SC)","5626 PALISADE AVENUE","PALISADE AVENUE","LADD RD","SIGMA PL","BRONX","40.90656270947429","-73.91071610820892"
"58391467","2023-08-02T14:29:00.000","2023-08-03T11:20:00.000","Catch Basin Clogged/Flooding (Use Comments) (SC)",,,,,"QUEENS","40.69786774936694","-73.74302650572731"
"58391468","2023-08-02T14:11:00.000","2023-08-07T09:10:00.000","Catch Basin Clogged/Flooding (Use Comments) (SC)","6120 3 AVENUE","3 AVENUE","61 ST","62 ST","BROOKLYN","40.641091506997626","-74.02123045601054"
"58391469","2023-08-02T13:29:00.000","2023-08-03T09:40:00.000","Catch Basin Clogged/Flooding (Use Comments) (SC)",,,,,"QUEENS","40.660577491343204","-73.84220275529344"
"58386274","2023-08-02T13:29:00.000","2023-08-03T09:40:00.000","Catch Basin Clogged/Flooding (Use Comments) (SC)",,,,,"QUEENS","40.66044150974196","-73.84312217834149"
"58390185","2023-08-02T13:26:00.000","2023-08-03T07:15:00.000","Catch Basin Clogged/Flooding (Use Comments) (SC)","6224 24 AVENUE","24 AVENUE","62 ST","63 ST","BROOKLYN","40.61271245333144","-73.97540374241889"
"58390186","2023-08-02T13:26:00.000","2023-08-03T09:20:00.000","Catch Basin Clogged/Flooding (Use Comments) (SC)",,,,,"QUEENS","40.65876937052241","-73.84270802011696"
"58394092","2023-08-02T13:23:00.000","2023-08-03T09:20:00.000","Catch Basin Clogged/Flooding (Use Comments) (SC)",,,,,"QUEENS","40.65889985928851","-73.84178863229043"
"58391470","2023-08-02T12:35:00.000","2023-08-07T11:10:00.000","Catch Basin Clogged/Flooding (Use Comments) (SC)","2072 CRESTON AVENUE","CRESTON AVENUE","E BURNSIDE AVE","E 180 ST","BRONX","40.85357934295106","-73.90405650854395"
"58388926","2023-08-02T12:35:00.000","2023-08-03T03:15:00.000","Catch Basin Clogged/Flooding (Use Comments) (SC)","97-20 103 AVENUE","103 AVENUE","97 ST","98 ST","QUEENS","40.682838717777535","-73.84297574471495"
"58392774","2023-08-02T10:38:00.000","2023-08-05T10:30:00.000","Catch Basin Clogged/Flooding (Use Comments) (SC)","26 NEW STREET","NEW STREET","WALL ST","EXCHANGE PL","MANHATTAN","40.70674514357329","-74.01173658233613"
"58392775","2023-08-02T10:32:00.000","2023-08-02T11:25:00.000","Catch Basin Clogged/Flooding (Use Comments) (SC)","1237 EAST   27 STREET","EAST   27 STREET","AVENUE L","AVENUE M","BROOKLYN","40.62071016613514","-73.94862587889159"
"58392776","2023-08-02T09:47:00.000","2023-08-09T10:45:00.000","Catch Basin Clogged/Flooding (Use Comments) (SC)","1169 MASON AVENUE","MASON AVENUE","BEDFORD AVE","MIDLAND AVE","STATEN ISLAND","40.57558923353274","-74.09690847170118"
"58388927","2023-08-02T09:29:00.000","2023-08-09T10:05:00.000","Catch Basin Clogged/Flooding (Use Comments) (SC)",,,,,"QUEENS","40.7143626572556","-73.90961364337886"
"58388928","2023-08-02T09:17:00.000","2023-08-07T11:40:00.000","Catch Basin Clogged/Flooding (Use Comments) (SC)",,,,,"BRONX","40.862815371964345","-73.90755000874817"
"58395401","2023-08-02T08:59:00.000","2023-08-05T08:50:00.000","Catch Basin Clogged/Flooding (Use Comments) (SC)","133-23 41 ROAD","41 ROAD","FRAME PL","MAIN ST","QUEENS","40.75680913364391","-73.83067333654309"
"58383596","2023-08-01T20:53:00.000","2023-08-01T20:57:00.000","Catch Basin Clogged/Flooding (Use Comments) (SC)","253 BEACH  136 STREET","BEACH  136 STREET","ROCKAWAY BEACH BLVD","NEWPORT AVE","QUEENS","40.5751288996035","-73.8544276739039"
"58379479","2023-08-01T20:47:00.000","2023-08-02T13:00:00.000","Catch Basin Clogged/Flooding (Use Comments) (SC)","136-05 NEWPORT AVENUE","NEWPORT AVENUE","BEACH 136 ST","BEACH 137 ST","QUEENS","40.57582130394488","-73.85499132588852"
"58383597","2023-08-01T20:47:00.000","2023-08-02T12:15:00.000","Catch Basin Clogged/Flooding (Use Comments) (SC)","253 BEACH  136 STREET","BEACH  136 STREET","ROCKAWAY BEACH BLVD","NEWPORT AVE","QUEENS","40.5751288996035","-73.8544276739039"
"58376721","2023-08-01T20:32:00.000","2023-08-01T23:16:00.000","Catch Basin Clogged/Flooding (Use Comments) (SC)","204-18 115 AVENUE","115 AVENUE","204 ST","205 ST","QUEENS","40.69896990847844","-73.74993935451582"
"58380845","2023-08-01T19:26:00.000","2023-08-02T02:00:00.000","Catch Basin Clogged/Flooding (Use Comments) (SC)","228-05 141 AVENUE","141 AVENUE","228 ST","229 ST","QUEENS","40.668307231278504","-73.74710562292186"
"58375395","2023-08-01T19:17:00.000","2023-08-02T10:40:00.000","Catch Basin Clogged/Flooding (Use Comments) (SC)","85 ORCHARD STREET","ORCHARD STREET","GRAND ST","BROOME ST","MANHATTAN","40.717872604455565","-73.99037540580335"
"58375396","2023-08-01T17:08:00.000","2023-08-06T13:50:00.000","Catch Basin Clogged/Flooding (Use Comments) (SC)","135 SEIDMAN AVENUE","SEIDMAN AVENUE","SYCAMORE ST","KOCH BLVD","STATEN ISLAND","40.536682671581076","-74.16556703744877"
"58384926","2023-08-01T16:56:00.000","2023-08-03T10:15:00.000","Catch Basin Clogged/Flooding (Use Comments) (SC)","466 FANNING STREET","FANNING STREET","PORTAGE AVE","MANOR RD","STATEN ISLAND","40.60042461073612","-74.12237531898012"
"58379480","2023-08-01T16:41:00.000","2023-08-04T13:25:00.000","Catch Basin Clogged/Flooding (Use Comments) (SC)","160 HUNTINGTON STREET","HUNTINGTON STREET","CLINTON ST","COURT ST","BROOKLYN","40.67606745545129","-73.99985579368702"
"58376722","2023-08-01T15:56:00.000","2023-08-03T12:00:00.000","Catch Basin Clogged/Flooding (Use Comments) (SC)","260 MEREDITH AVENUE","MEREDITH AVENUE","STATEN ISLAND RAILWAY LINE","SOUTH AVE","STATEN ISLAND","40.59931920606547","-74.19368788900083"
"58383599","2023-08-01T15:53:00.000","2023-08-06T11:00:00.000","Catch Basin Clogged/Flooding (Use Comments) (SC)","296 GARRISON AVENUE","GARRISON AVENUE","MULLER AVE","CRYSTAL AVE","STATEN ISLAND","40.62067939747871","-74.1407511030393"
"58379481","2023-08-01T15:44:00.000","2023-08-02T08:20:00.000","Catch Basin Clogged/Flooding (Use Comments) (SC)","112-45 178 PLACE","178 PLACE","112 AVE","MURDOCK AVE","QUEENS","40.69643213597795","-73.77300737852498"
"58378070","2023-08-01T14:50:00.000","2023-08-02T09:10:00.000","Catch Basin Clogged/Flooding (Use Comments) (SC)","115-10 QUEENS BOULEVARD","QUEENS BOULEVARD","76 DR","77 AVE","QUEENS","40.71639179418499","-73.83390719275334"
"58379482","2023-08-01T14:38:00.000","2023-08-01T14:45:00.000","Catch Basin Clogged/Flooding (Use Comments) (SC)","986 EAST   83 STREET","EAST   83 STREET","FLATLANDS AVE","AVENUE J","BROOKLYN","40.63549966320247","-73.9095042820546"
"58384927","2023-08-01T14:32:00.000","2023-08-02T09:30:00.000","Catch Basin Clogged/Flooding (Use Comments) (SC)","6311 15 AVENUE","15 AVENUE","SEA BEACH LINE","64 ST","BROOKLYN","40.62419374335389","-73.99619951454743"
"58380844","2023-08-01T14:08:00.000","2023-08-01T14:36:00.000","Catch Basin Clogged/Flooding (Use Comments) (SC)","247 EAST  198 STREET","EAST  198 STREET","VALENTINE AVE","BRIGGS AVE","BRONX","40.86925221362284","-73.88942673472208"
"58378071","2023-08-01T13:35:00.000","2023-08-02T12:35:00.000","Catch Basin Clogged/Flooding (Use Comments) (SC)",,,,,"BROOKLYN","40.661880548750595","-73.94556648229035"
"58383605","2023-08-01T13:11:00.000","2023-08-01T14:00:00.000","Catch Basin Clogged/Flooding (Use Comments) (SC)","47 BENT STREET","BENT STREET","VAN BRUNT ST","ADLAI CIR","STATEN ISLAND","40.5441380631929","-74.17270244608734"
"58376723","2023-08-01T13:05:00.000","2023-08-02T07:30:00.000","Catch Basin Clogged/Flooding (Use Comments) (SC)",,,,,"BROOKLYN","40.616757845994584","-73.93787348205831"
"58383600","2023-08-01T12:08:00.000","2023-08-02T13:05:00.000","Catch Basin Clogged/Flooding (Use Comments) (SC)","3415 TILDEN AVENUE","TILDEN AVENUE","E 34 ST","E 35 ST","BROOKLYN","40.64705299010897","-73.94504885132501"
"58383601","2023-08-01T11:53:00.000","2023-08-02T09:00:00.000","Catch Basin Clogged/Flooding (Use Comments) (SC)","256-04 EAST WILLISTON AVENUE","EAST WILLISTON AVENUE","256 ST","257 ST","QUEENS","40.73405806206195","-73.71082346804363"
"58384925","2023-08-01T11:44:00.000","2023-08-01T11:51:00.000","Catch Basin Clogged/Flooding (Use Comments) (SC)","99-01 160 AVENUE","160 AVENUE","99 ST","100 ST","QUEENS","40.658331302830256","-73.83373097720109"
"58383602","2023-08-01T11:41:00.000","2023-08-03T09:10:00.000","Catch Basin Clogged/Flooding (Use Comments) (SC)","653 COLLEGE AVENUE","COLLEGE AVENUE","COLLFIELD AVE","BRYSON AVE","STATEN ISLAND","40.622315615382384","-74.1427177847076"
"58375397","2023-08-01T11:14:00.000","2023-08-06T11:10:00.000","Catch Basin Clogged/Flooding (Use Comments) (SC)","3099 FAIRFIELD AVENUE","FAIRFIELD AVENUE","W 230 ST","W 231 ST","BRONX","40.8830545219444","-73.91437129539953"
"58383603","2023-08-01T10:50:00.000","2023-08-02T10:50:00.000","Catch Basin Clogged/Flooding (Use Comments) (SC)",,,,,"BROOKLYN","40.63542564575539","-74.03499917570193"
"58384928","2023-08-01T10:02:00.000","2023-08-01T11:55:00.000","Catch Basin Clogged/Flooding (Use Comments) (SC)",,,,,"QUEENS","40.76282684097441","-73.93397937562771"
"58379483","2023-08-01T10:02:00.000","2023-08-03T10:30:00.000","Catch Basin Clogged/Flooding (Use Comments) (SC)","1834 EAST   51 STREET","EAST   51 STREET","AVENUE O","FILLMORE AVE","BROOKLYN","40.615551026195654","-73.92551291681548"
"58384929","2023-08-01T09:59:00.000","2023-08-01T14:00:00.000","Catch Basin Clogged/Flooding (Use Comments) (SC)",,,,,"MANHATTAN","40.771785031556","-73.96332617034822"
"58375398","2023-08-01T08:38:00.000","2023-08-05T11:05:00.000","Catch Basin Clogged/Flooding (Use Comments) (SC)","1029 EAST  229 STREET","EAST  229 STREET","PAULDING AVE","LACONIA AVE","BRONX","40.88757150553779","-73.84927696890614"
"58379484","2023-08-01T07:14:00.000","2023-08-03T09:35:00.000","Catch Basin Clogged/Flooding (Use Comments) (SC)","196 WATCHOGUE ROAD","WATCHOGUE ROAD","ST JOHN AVE","NEAL DOW AVE","STATEN ISLAND","40.615719925188785","-74.1358780765991"
"58371317","2023-07-31T22:41:00.000","2023-08-01T12:50:00.000","Catch Basin Clogged/Flooding (Use Comments) (SC)","3303 GLENWOOD ROAD","GLENWOOD ROAD","NEW YORK AVE","E 34 ST","BROOKLYN","40.63419625380854","-73.9447207657469"
"58365857","2023-07-31T20:20:00.000","2023-08-01T03:00:00.000","Catch Basin Clogged/Flooding (Use Comments) (SC)",,,,,"QUEENS","40.57366635379166","-73.86143935185213"
"58371322","2023-07-31T17:05:00.000","2023-08-01T04:40:00.000","Catch Basin Clogged/Flooding (Use Comments) (SC)","172-17 BROCHER ROAD","BROCHER ROAD","172 ST","MERRILL ST","QUEENS","40.68260233565905","-73.77219633994314"
"58372644","2023-07-31T16:32:00.000","2023-08-01T03:30:00.000","Catch Basin Clogged/Flooding (Use Comments) (SC)","160-03 86 STREET","86 STREET","160 AVE","161 AVE","QUEENS","40.65629514546551","-73.84589626970256"
"58374054","2023-07-31T15:56:00.000","2023-08-01T13:35:00.000","Catch Basin Clogged/Flooding (Use Comments) (SC)",,,,,"BROOKLYN","40.63913740574683","-74.02019572659799"
"58367242","2023-07-31T15:41:00.000","2023-08-01T09:50:00.000","Catch Basin Clogged/Flooding (Use Comments) (SC)","97 MARGARET STREET","MARGARET STREET","HARDY PL","COLON AVE","STATEN ISLAND","40.551792262969414","-74.15418297077163"
"58371323","2023-07-31T15:41:00.000","2023-08-01T09:35:00.000","Catch Basin Clogged/Flooding (Use Comments) (SC)","1712 EAST   38 STREET","EAST   38 STREET","QUENTIN RD","AVENUE R","BROOKLYN","40.615213654851374","-73.93495019898495"
"58367243","2023-07-31T15:29:00.000","2023-08-01T07:20:00.000","Catch Basin Clogged/Flooding (Use Comments) (SC)","215 RIDGEWOOD AVENUE","RIDGEWOOD AVENUE","HIGHLAND PL","HALE AVE","BROOKLYN","40.683394712829525","-73.88086524940356"
"58372641","2023-07-31T14:53:00.000","2023-08-08T12:45:00.000","Catch Basin Clogged/Flooding (Use Comments) (SC)","697 ARDEN AVENUE","ARDEN AVENUE","DRUMGOOLE RD E","EDGEGROVE AVE","STATEN ISLAND","40.546136651322996","-74.17962326561288"
"58372642","2023-07-31T14:32:00.000","2023-08-01T09:15:00.000","Catch Basin Clogged/Flooding (Use Comments) (SC)","17-47 154 STREET","154 STREET","17 RD","18 AVE","QUEENS","40.78274253156071","-73.80854814636088"
"58371318","2023-07-31T13:44:00.000","2023-08-03T10:45:00.000","Catch Basin Clogged/Flooding (Use Comments) (SC)","87 ROSS STREET","ROSS STREET","WYTHE AVE","BEDFORD AVE","BROOKLYN","40.70407736642222","-73.96297750472131"
"58364455","2023-07-31T13:38:00.000","2023-08-09T12:00:00.000","Catch Basin Clogged/Flooding (Use Comments) (SC)","7 EAST MACON AVENUE","EAST MACON AVENUE","ABINGDON AVE","ARMSTRONG AVE","STATEN ISLAND","40.558860011639574","-74.16030291242598"
"58372643","2023-07-31T13:29:00.000","2023-08-02T09:25:00.000","Catch Basin Clogged/Flooding (Use Comments) (SC)","80-93 SURREY PLACE","SURREY PLACE","KILDARE RD","TUDOR RD","QUEENS","40.72430640595701","-73.78650293893656"
"58368631","2023-07-31T13:14:00.000","2023-08-02T13:45:00.000","Catch Basin Clogged/Flooding (Use Comments) (SC)","1840 SEDGWICK AVENUE","SEDGWICK AVENUE","PHELAN PL","SEDGWICK AVE","BRONX","40.852895747642584","-73.91808631614823"
"58367240","2023-07-31T13:02:00.000","2023-08-01T04:15:00.000","Catch Basin Clogged/Flooding (Use Comments) (SC)","82-03 155 AVENUE","155 AVENUE","82 ST","83 ST","QUEENS","40.664410803534636","-73.85165198244393"
"58371319","2023-07-31T11:50:00.000","2023-08-02T13:00:00.000","Catch Basin Clogged/Flooding (Use Comments) (SC)",,,,,"BRONX","40.89251508439505","-73.84542460967576"
"58369983","2023-07-31T11:50:00.000","2023-08-01T10:30:00.000","Catch Basin Clogged/Flooding (Use Comments) (SC)","476 MARCUS GARVEY BOULEVARD","MARCUS GARVEY BOULEVARD","DECATUR ST","FULTON ST","BROOKLYN","40.680491558682455","-73.93756172956628"
"58371320","2023-07-31T10:35:00.000","2023-08-07T10:30:00.000","Catch Basin Clogged/Flooding (Use Comments) (SC)","2 HERRICK AVENUE","HERRICK AVENUE","BLOOMINGDALE RD","GAYNOR ST","STATEN ISLAND","40.53068026121493","-74.21786086365567"
"58371321","2023-07-31T09:26:00.000","2023-08-01T05:00:00.000","Catch Basin Clogged/Flooding (Use Comments) (SC)","81-58 262 STREET","262 STREET","81 AVE","82 AVE","QUEENS","40.74235173993381","-73.70824690025432"
"58367241","2023-07-31T09:23:00.000","2023-08-03T13:50:00.000","Catch Basin Clogged/Flooding (Use Comments) (SC)",,,,,"QUEENS","40.78009020850959","-73.91939271712177"
"58368632","2023-07-31T08:26:00.000","2023-08-01T11:25:00.000","Catch Basin Clogged/Flooding (Use Comments) (SC)","22 ROCHESTER AVENUE","ROCHESTER AVENUE","HERKIMER ST","ATLANTIC AVE","BROOKLYN","40.67826236300274","-73.92745461840214"
"58369984","2023-07-31T08:11:00.000","2023-07-31T11:10:00.000","Catch Basin Clogged/Flooding (Use Comments) (SC)","932 EAST    7 STREET","EAST    7 STREET","AVENUE H","DEAD END","BROOKLYN","40.62847173669733","-73.9698931816239"
"58356631","2023-07-30T22:26:00.000","2023-07-31T12:15:00.000","Catch Basin Clogged/Flooding (Use Comments) (SC)","170 EAST   94 STREET","EAST   94 STREET","RUTLAND RD","WINTHROP ST","BROOKLYN","40.66161082987984","-73.924787466045"
"58361134","2023-07-30T19:59:00.000","2023-07-31T10:15:00.000","Catch Basin Clogged/Flooding (Use Comments) (SC)","160 VAN BRUNT STREET","VAN BRUNT STREET","HUGH L CAREY TUNNEL","HAMILTON AVE","BROOKLYN","40.682824904196806","-74.00649715272053"
"58363409","2023-07-30T18:32:00.000","2023-07-31T09:15:00.000","Catch Basin Clogged/Flooding (Use Comments) (SC)","1100 FLUSHING AVENUE","FLUSHING AVENUE","PORTER AVE","VARICK AVE","BROOKLYN","40.705196812437464","-73.92748662153964"
"58362249","2023-07-30T18:02:00.000","2023-08-02T12:30:00.000","Catch Basin Clogged/Flooding (Use Comments) (SC)",,,,,"QUEENS","40.6524268476701","-73.83922720387437"
"58358917","2023-07-30T17:35:00.000","2023-08-05T11:40:00.000","Catch Basin Clogged/Flooding (Use Comments) (SC)","408 WOODSTOCK AVENUE","WOODSTOCK AVENUE","OXFORD PL","VICTORY BLVD","STATEN ISLAND","40.63186741836552","-74.08810575751282"
"58355501","2023-07-30T16:11:00.000","2023-07-30T17:30:00.000","Catch Basin Clogged/Flooding (Use Comments) (SC)",,,,,"BROOKLYN","40.72463815056504","-73.94817055292614"
"58358918","2023-07-30T13:53:00.000","2023-07-31T10:30:00.000","Catch Basin Clogged/Flooding (Use Comments) (SC)","201 ONDERDONK AVENUE","ONDERDONK AVENUE","STARR ST","WILLOUGHBY AVE","QUEENS","40.710262640724345","-73.9178179344332"
"58362250","2023-07-30T13:50:00.000","2023-07-31T10:30:00.000","Catch Basin Clogged/Flooding (Use Comments) (SC)","1468 EAST   85 STREET","EAST   85 STREET","AVENUE N","SEAVIEW AVE","BROOKLYN","40.62865671839605","-73.89937584740957"
"58359991","2023-07-30T13:17:00.000","2023-07-30T13:22:00.000","Catch Basin Clogged/Flooding (Use Comments) (SC)","178-02 119 ROAD","119 ROAD","178 ST","178 PL","QUEENS","40.68684283801112","-73.76662538778108"
"58359992","2023-07-30T12:53:00.000","2023-07-30T14:45:00.000","Catch Basin Clogged/Flooding (Use Comments) (SC)",,,,,"QUEENS","40.733401485185915","-73.8730505508265"
"58363410","2023-07-30T10:56:00.000","2023-08-02T14:40:00.000","Catch Basin Clogged/Flooding (Use Comments) (SC)","177-59 119 ROAD","119 ROAD","178 ST","178 PL","QUEENS","40.686848422587","-73.76667224303124"
"58359993","2023-07-30T09:02:00.000","2023-07-30T13:00:00.000","Catch Basin Clogged/Flooding (Use Comments) (SC)",,,,,"QUEENS","40.76282684097441","-73.93397937562771"
"58359994","2023-07-30T08:44:00.000","2023-08-05T09:30:00.000","Catch Basin Clogged/Flooding (Use Comments) (SC)","749 WILLOW ROAD WEST","WILLOW ROAD WEST","BEND","FARRADAY ST","STATEN ISLAND","40.614538137818826","-74.15447196978188"
"58362251","2023-07-30T08:44:00.000","2023-07-30T12:25:00.000","Catch Basin Clogged/Flooding (Use Comments) (SC)","1501 EAST   15 STREET","EAST   15 STREET","AVENUE O","AVENUE P","BROOKLYN","40.61257602060308","-73.95899431442403"
"58359995","2023-07-30T07:56:00.000","2023-07-30T12:30:00.000","Catch Basin Clogged/Flooding (Use Comments) (SC)","574 TROY AVENUE","TROY AVENUE","FENIMORE ST","HAWTHORNE ST","BROOKLYN","40.65937020615396","-73.93702644336537"
"58359996","2023-07-30T07:47:00.000","2023-08-01T09:00:00.000","Catch Basin Clogged/Flooding (Use Comments) (SC)",,,,,"MANHATTAN","40.7928731578887","-73.94372225479658"
"58359997","2023-07-30T06:32:00.000","2023-08-03T12:00:00.000","Catch Basin Clogged/Flooding (Use Comments) (SC)","134-25 219 STREET","219 STREET","MERRICK BLVD","134 RD","QUEENS","40.67868226883925","-73.75076172615368"
"58350866","2023-07-29T22:44:00.000","2023-07-30T10:05:00.000","Catch Basin Clogged/Flooding (Use Comments) (SC)","1271 MYRTLE AVENUE","MYRTLE AVENUE","EVERGREEN AVE","HART ST","BROOKLYN","40.69780001742058","-73.92804643578695"
"58354363","2023-07-29T20:26:00.000","2023-07-30T11:10:00.000","Catch Basin Clogged/Flooding (Use Comments) (SC)","1306 EAST  103 STREET","EAST  103 STREET","AVENUE M","AVENUE N","BROOKLYN","40.63970272643171","-73.88852798392604"
"58353247","2023-07-29T20:17:00.000","2023-07-30T14:05:00.000","Catch Basin Clogged/Flooding (Use Comments) (SC)","204-19 115 AVENUE","115 AVENUE","204 ST","205 ST","QUEENS","40.69898364792647","-73.74994651580529"
"58353248","2023-07-29T20:05:00.000","2023-07-31T11:05:00.000","Catch Basin Clogged/Flooding (Use Comments) (SC)","828 EAST   52 STREET","EAST   52 STREET","AVENUE D","FOSTER AVE","BROOKLYN","40.64033757885848","-73.92722200429876"
"58349696","2023-07-29T20:05:00.000","2023-07-31T15:20:00.000","Catch Basin Clogged/Flooding (Use Comments) (SC)","170-01 90 AVENUE","90 AVENUE","170 ST","171 ST","QUEENS","40.70878660490177","-73.79050585033212"
"58347407","2023-07-29T19:59:00.000","2023-07-30T08:40:00.000","Catch Basin Clogged/Flooding (Use Comments) (SC)","56-03 202 STREET","202 STREET","56 AVE","58 AVE","QUEENS","40.747410276583096","-73.77559098124824"
"58353249","2023-07-29T16:47:00.000","2023-07-30T12:50:00.000","Catch Basin Clogged/Flooding (Use Comments) (SC)","7400 20 AVENUE","20 AVENUE","74 ST","BAY RIDGE PKWY","BROOKLYN","40.61136156767522","-73.991240754535"
"58352027","2023-07-29T16:38:00.000","2023-07-30T09:30:00.000","Catch Basin Clogged/Flooding (Use Comments) (SC)","384 GREENE AVENUE","GREENE AVENUE","FRANKLIN AVE","BEDFORD AVE","BROOKLYN","40.687905243956976","-73.95538185543036"
"58350867","2023-07-29T16:14:00.000","2023-07-30T11:55:00.000","Catch Basin Clogged/Flooding (Use Comments) (SC)","2683 EAST   63 STREET","EAST   63 STREET","MAYFAIR DR S","56 DR","BROOKLYN","40.608108669537145","-73.91213088264676"
"58354364","2023-07-29T15:26:00.000","2023-08-05T10:20:00.000","Catch Basin Clogged/Flooding (Use Comments) (SC)","300 LAKE AVENUE","LAKE AVENUE","WALKER ST","DIXON AVE","STATEN ISLAND","40.6288010913374","-74.15166252279211"
"58347408","2023-07-29T14:59:00.000","2023-07-30T13:40:00.000","Catch Basin Clogged/Flooding (Use Comments) (SC)",,,,,"BRONX","40.8441075464051","-73.88615063271116"
"58354365","2023-07-29T14:14:00.000","2023-07-31T10:20:00.000","Catch Basin Clogged/Flooding (Use Comments) (SC)",,,,,"QUEENS","40.69242106739628","-73.85150311647946"
"58353250","2023-07-29T12:23:00.000","2023-07-31T09:30:00.000","Catch Basin Clogged/Flooding (Use Comments) (SC)","83-02 97 AVENUE","97 AVENUE","83 ST","DIGBY PL","QUEENS","40.683040866209765","-73.85697197544735"
"58349697","2023-07-29T11:53:00.000","2023-07-31T07:35:00.000","Catch Basin Clogged/Flooding (Use Comments) (SC)","220-02 DAVENPORT AVENUE","DAVENPORT AVENUE","220 ST","221 ST","QUEENS","40.72416882943874","-73.7372356274718"
"58349698","2023-07-29T11:14:00.000","2023-07-29T14:20:00.000","Catch Basin Clogged/Flooding (Use Comments) (SC)","936 JEROME STREET","JEROME STREET","COZINE AVE","FLATLANDS AVE","BROOKLYN","40.65741343122509","-73.87899784269074"
"58339541","2023-07-28T20:17:00.000","2023-07-30T12:50:00.000","Catch Basin Clogged/Flooding (Use Comments) (SC)","81-59 248 STREET","248 STREET","81 AVE","82 AVE","QUEENS","40.73961925904959","-73.72095758403599"
"58338155","2023-07-28T17:56:00.000","2023-07-29T11:25:00.000","Catch Basin Clogged/Flooding (Use Comments) (SC)","157-53 26 AVENUE","26 AVENUE","157 ST","160 ST","QUEENS","40.773673082358975","-73.80641517109156"
"58335622","2023-07-28T17:23:00.000","2023-07-29T12:15:00.000","Catch Basin Clogged/Flooding (Use Comments) (SC)","64-07 228 STREET","228 STREET","64 AVE","67 AVE","QUEENS","40.748745045007524","-73.74936634341023"
"58338156","2023-07-28T16:59:00.000","2023-07-29T08:40:00.000","Catch Basin Clogged/Flooding (Use Comments) (SC)","3018 AVENUE R","AVENUE R","BURNETT ST","MADISON PL","BROOKLYN","40.6092935056553","-73.94071485042025"
"58335623","2023-07-28T16:53:00.000","2023-07-31T08:15:00.000","Catch Basin Clogged/Flooding (Use Comments) (SC)","35 FT WASHINGTON AVENUE","FT WASHINGTON AVENUE","W 160 ST","W 161 ST","MANHATTAN","40.83648717098654","-73.9445418445243"
"58335624","2023-07-28T16:26:00.000","2023-07-29T11:20:00.000","Catch Basin Clogged/Flooding (Use Comments) (SC)","8202 15 AVENUE","15 AVENUE","82 ST","83 ST","BROOKLYN","40.61361514995847","-74.00722878253194"
"58338157","2023-07-28T14:32:00.000","2023-08-01T08:20:00.000","Catch Basin Clogged/Flooding (Use Comments) (SC)","260 MEREDITH AVENUE","MEREDITH AVENUE","STATEN ISLAND RAILWAY LINE","SOUTH AVE","STATEN ISLAND","40.59931920606547","-74.19368788900083"
"58339542","2023-07-28T14:14:00.000","2023-07-29T10:20:00.000","Catch Basin Clogged/Flooding (Use Comments) (SC)","128-15 11 AVENUE","11 AVENUE","128 ST","129 ST","QUEENS","40.78785157900003","-73.83984993761705"
"58342211","2023-07-28T14:05:00.000","2023-07-29T10:00:00.000","Catch Basin Clogged/Flooding (Use Comments) (SC)",,,,,"BROOKLYN","40.63913740574683","-74.02019572659799"
"58344907","2023-07-28T12:26:00.000","2023-07-29T08:20:00.000","Catch Basin Clogged/Flooding (Use Comments) (SC)","4802 AVENUE N","AVENUE N","E 48 ST","E 49 ST","BROOKLYN","40.618830308786926","-73.92866466867959"
"58336903","2023-07-28T12:02:00.000","2023-07-28T14:40:00.000","Catch Basin Clogged/Flooding (Use Comments) (SC)","24-28 HUMPHREYS STREET","HUMPHREYS STREET","100 ST","25 AVE","QUEENS","40.76562111846031","-73.86970041848757"
"58339539","2023-07-28T11:08:00.000","2023-07-30T10:05:00.000","Catch Basin Clogged/Flooding (Use Comments) (SC)","122 BEACH   93 STREET","BEACH   93 STREET","SHORE FRONT PKWY","HOLLAND AVE","QUEENS","40.58452532711451","-73.81502075698542"
"58339540","2023-07-28T11:05:00.000","2023-07-30T13:35:00.000","Catch Basin Clogged/Flooding (Use Comments) (SC)","88-49 186 STREET","186 STREET","HILLSIDE AVE","89 AVE","QUEENS","40.713633261748875","-73.77561812858639"
"58342212","2023-07-28T10:23:00.000","2023-07-28T11:45:00.000","Catch Basin Clogged/Flooding (Use Comments) (SC)",,,,,"QUEENS","40.79252755920281","-73.81022823361987"
"58344908","2023-07-28T09:38:00.000","2023-07-29T09:15:00.000","Catch Basin Clogged/Flooding (Use Comments) (SC)",,,,,"BROOKLYN","40.579443574288604","-73.97960992709751"
"58336904","2023-07-28T09:17:00.000","2023-07-28T10:30:00.000","Catch Basin Clogged/Flooding (Use Comments) (SC)","6902 AVENUE W","AVENUE W","E 69 ST","E 70 ST","BROOKLYN","40.6156924848622","-73.90515482699432"
"58343575","2023-07-28T09:14:00.000","2023-08-01T10:50:00.000","Catch Basin Clogged/Flooding (Use Comments) (SC)","4050 EDSON AVENUE","EDSON AVENUE","STRANG AVE","EDENWALD AVE","BRONX","40.8913604216973","-73.8440167272716"
"58340908","2023-07-28T08:59:00.000","2023-07-29T09:00:00.000","Catch Basin Clogged/Flooding (Use Comments) (SC)",,,,,"MANHATTAN","40.83530941258234","-73.94396823407129"
"58342213","2023-07-28T08:56:00.000","2023-07-30T09:30:00.000","Catch Basin Clogged/Flooding (Use Comments) (SC)","304 WEST   89 STREET","WEST   89 STREET","WEST END AVE","RIVERSIDE DR","MANHATTAN","40.790974240175146","-73.97685105327083"
"58336905","2023-07-28T08:56:00.000","2023-08-03T09:50:00.000","Catch Basin Clogged/Flooding (Use Comments) (SC)","30-02 91 STREET","91 STREET","30 AVE","31 AVE","QUEENS","40.76156517765094","-73.87794228241228"
"58344909","2023-07-28T08:53:00.000","2023-07-30T13:00:00.000","Catch Basin Clogged/Flooding (Use Comments) (SC)",,,,,"BRONX","40.8285966159559","-73.92172604064784"
"58343576","2023-07-28T08:17:00.000","2023-07-28T11:05:00.000","Catch Basin Clogged/Flooding (Use Comments) (SC)","50 VILLAGE ROAD EAST","VILLAGE ROAD EAST","GRAVESEND NECK RD","W 1 ST","BROOKLYN","40.59499945291222","-73.97179508290674"
"58342214","2023-07-28T07:20:00.000","2023-07-29T09:10:00.000","Catch Basin Clogged/Flooding (Use Comments) (SC)",,,,,"BROOKLYN","40.6138976111742","-74.01050284956789"
"58336906","2023-07-28T01:29:00.000","2023-07-30T10:35:00.000","Catch Basin Clogged/Flooding (Use Comments) (SC)",,,,,"BROOKLYN","40.62717051499572","-73.98213151779058"
"58338158","2023-07-28T00:05:00.000","2023-07-28T09:15:00.000","Catch Basin Clogged/Flooding (Use Comments) (SC)","82-01 164 PLACE","164 PLACE","GOETHALS AVE","82 RD","QUEENS","40.71929029529797","-73.80262652053008"
"58329083","2023-07-27T23:17:00.000","2023-07-28T02:20:00.000","Catch Basin Clogged/Flooding (Use Comments) (SC)","265-20 82 AVENUE","82 AVENUE","265 ST","266 ST","QUEENS","40.74222519337919","-73.7049021358126"
"58334331","2023-07-27T22:20:00.000","2023-07-29T08:45:00.000","Catch Basin Clogged/Flooding (Use Comments) (SC)",,,,,"QUEENS","40.766816049499326","-73.83037713886586"
"58334332","2023-07-27T22:20:00.000","2023-07-29T10:45:00.000","Catch Basin Clogged/Flooding (Use Comments) (SC)","141-03 11 AVENUE","11 AVENUE","141 ST","143 PL","QUEENS","40.78862870533249","-73.82865316432296"
"58325328","2023-07-27T20:20:00.000","2023-07-31T08:30:00.000","Catch Basin Clogged/Flooding (Use Comments) (SC)",,,,,"BRONX","40.87918072424597","-73.88206938893245"
"58334333","2023-07-27T20:20:00.000","2023-07-31T10:10:00.000","Catch Basin Clogged/Flooding (Use Comments) (SC)",,,,,"BRONX","40.823208798727286","-73.91049192721707"
"58329084","2023-07-27T17:59:00.000","2023-08-02T09:00:00.000","Catch Basin Clogged/Flooding (Use Comments) (SC)","90-21 SILVER ROAD","SILVER ROAD","90 ST","RICO PL","QUEENS","40.67558035887424","-73.84617617035504"
"58333033","2023-07-27T17:32:00.000","2023-08-02T12:15:00.000","Catch Basin Clogged/Flooding (Use Comments) (SC)","161-01 89 AVENUE","89 AVENUE","161 ST","162 ST","QUEENS","40.70643449618068","-73.79985127329999"
"58331758","2023-07-27T17:20:00.000","2023-07-28T02:40:00.000","Catch Basin Clogged/Flooding (Use Comments) (SC)","65-25 FOREST AVENUE","FOREST AVENUE","LINDEN ST","GATES AVE","QUEENS","40.70798453526686","-73.90371781927098"
"58330475","2023-07-27T17:02:00.000","2023-07-28T09:45:00.000","Catch Basin Clogged/Flooding (Use Comments) (SC)","82 LEVIT AVENUE","LEVIT AVENUE","EAGLE RD","BEND","STATEN ISLAND","40.61962128498589","-74.14838535353582"
"58333035","2023-07-27T16:20:00.000","2023-08-04T12:00:00.000","Catch Basin Clogged/Flooding (Use Comments) (SC)","111 GOODALL STREET","GOODALL STREET","BEND","TENNYSON DR","STATEN ISLAND","40.53809370886964","-74.14513188298248"
"58330476","2023-07-27T16:11:00.000","2023-07-29T09:35:00.000","Catch Basin Clogged/Flooding (Use Comments) (SC)",,,,,"QUEENS","40.71381648205454","-73.92083999438904"
"58330477","2023-07-27T15:38:00.000","2023-07-28T02:05:00.000","Catch Basin Clogged/Flooding (Use Comments) (SC)","60-07 68 AVENUE","68 AVENUE","60 ST","60 LN","QUEENS","40.704204276723225","-73.89966576216064"
"58329085","2023-07-27T15:11:00.000","2023-07-29T09:00:00.000","Catch Basin Clogged/Flooding (Use Comments) (SC)","118 AMHERST STREET","AMHERST STREET","HAMPTON AVE","ORIENTAL BLVD","BROOKLYN","40.57872181372621","-73.95225447997326"
"58325329","2023-07-27T13:50:00.000","2023-07-28T10:30:00.000","Catch Basin Clogged/Flooding (Use Comments) (SC)","471-01 WILLOW ROAD EAST","WILLOW ROAD EAST","BEND","NINA AVE","STATEN ISLAND","40.61382441199101","-74.15247491998231"
"58326537","2023-07-27T13:38:00.000","2023-07-27T15:14:00.000","Catch Basin Clogged/Flooding (Use Comments) (SC)","144-02 158 STREET","158 STREET","BEND","145 RD","QUEENS","40.665362472437465","-73.77930219342551"
"58334334","2023-07-27T13:08:00.000","2023-07-29T11:00:00.000","Catch Basin Clogged/Flooding (Use Comments) (SC)",,,,,"QUEENS","40.76645169056159","-73.90849242632267"
"58334335","2023-07-27T12:08:00.000","2023-07-28T11:00:00.000","Catch Basin Clogged/Flooding (Use Comments) (SC)","400 CASWELL AVENUE","CASWELL AVENUE","CAMBRIDGE AVE","TREMONT AVE","STATEN ISLAND","40.61512012942073","-74.1502591267044"
"58327735","2023-07-27T12:02:00.000","2023-07-28T10:15:00.000","Catch Basin Clogged/Flooding (Use Comments) (SC)","479-02 WILLOW ROAD EAST","WILLOW ROAD EAST","BEND","NINA AVE","STATEN ISLAND","40.61220338467496","-74.1516068060355"
"58325330","2023-07-27T11:50:00.000","2023-07-28T09:05:00.000","Catch Basin Clogged/Flooding (Use Comments) (SC)","260 MEREDITH AVENUE","MEREDITH AVENUE","STATEN ISLAND RAILWAY LINE","SOUTH AVE","STATEN ISLAND","40.59931920606547","-74.19368788900083"
"58326539","2023-07-27T11:47:00.000","2023-07-31T11:00:00.000","Catch Basin Clogged/Flooding (Use Comments) (SC)","6975 AMBOY ROAD","AMBOY ROAD","PAGE AVE","BETHEL CEMETERY BNDY","STATEN ISLAND","40.5161879654868","-74.2330414195415"
"58327736","2023-07-27T11:32:00.000","2023-07-31T09:00:00.000","Catch Basin Clogged/Flooding (Use Comments) (SC)","649 KATAN AVENUE","KATAN AVENUE","RICHMOND AVE","WAINWRIGHT AVE","STATEN ISLAND","40.55044064204045","-74.1686849448741"
"58330478","2023-07-27T10:56:00.000","2023-07-28T12:00:00.000","Catch Basin Clogged/Flooding (Use Comments) (SC)","104 AVENUE O","AVENUE O","SEA BEACH LINE","W 7 ST","BROOKLYN","40.61050947997402","-73.98121396321467"
"58331759","2023-07-27T10:35:00.000","2023-07-31T10:15:00.000","Catch Basin Clogged/Flooding (Use Comments) (SC)","258 BROOKFIELD AVENUE","BROOKFIELD AVENUE","LEVERETT AVE","BARLOW AVE","STATEN ISLAND","40.557649608695215","-74.15828109611438"
"58325331","2023-07-27T10:26:00.000","2023-07-28T09:30:00.000","Catch Basin Clogged/Flooding (Use Comments) (SC)",,,,,"STATEN ISLAND","40.61993168764973","-74.14819873276548"
"58333036","2023-07-27T10:23:00.000","2023-07-29T10:10:00.000","Catch Basin Clogged/Flooding (Use Comments) (SC)",,,,,"QUEENS","40.72090010045437","-73.87147259513206"
"58326540","2023-07-27T09:53:00.000","2023-08-02T09:45:00.000","Catch Basin Clogged/Flooding (Use Comments) (SC)","54 GETZ AVENUE","GETZ AVENUE","GURLEY AVE","OPP CT","STATEN ISLAND","40.559109075842436","-74.16659070584805"
"58327737","2023-07-27T09:47:00.000","2023-07-27T10:15:00.000","Catch Basin Clogged/Flooding (Use Comments) (SC)","4525 CHURCH AVENUE","CHURCH AVENUE","E 45 ST","E 46 ST","BROOKLYN","40.65153816169791","-73.93490397053212"
"58330479","2023-07-27T09:35:00.000","2023-07-31T09:45:00.000","Catch Basin Clogged/Flooding (Use Comments) (SC)","33 BARB STREET","BARB STREET","ANNADALE RD","POSEN ST","STATEN ISLAND","40.54230389649684","-74.17672381051761"
"58326541","2023-07-27T09:35:00.000","2023-07-30T09:40:00.000","Catch Basin Clogged/Flooding (Use Comments) (SC)","1275 CROES AVENUE","CROES AVENUE","WESTCHESTER AVE","E 172 ST","BRONX","40.831570385912855","-73.87115040403295"
"58327738","2023-07-27T09:08:00.000","2023-07-27T10:10:00.000","Catch Basin Clogged/Flooding (Use Comments) (SC)",,,,,"BROOKLYN","40.616420460017785","-73.97444426100346"
"58327739","2023-07-27T08:56:00.000","2023-08-14T09:30:00.000","Catch Basin Clogged/Flooding (Use Comments) (SC)",,,,,"QUEENS","40.749294544422526","-73.9429470170874"
"58330480","2023-07-27T08:50:00.000","2023-08-01T09:20:00.000","Catch Basin Clogged/Flooding (Use Comments) (SC)","114-37 198 STREET","198 STREET","MURDOCK AVE","115 AVE","QUEENS","40.698719599316775","-73.75608559400443"
"58334336","2023-07-27T08:44:00.000","2023-07-28T12:25:00.000","Catch Basin Clogged/Flooding (Use Comments) (SC)","797 3 AVENUE","3 AVENUE","27 ST","28 ST","BROOKLYN","40.660282233106095","-74.00146334771907"
"58325332","2023-07-27T08:38:00.000","2023-07-28T11:35:00.000","Catch Basin Clogged/Flooding (Use Comments) (SC)","61 KERMIT PLACE","KERMIT PLACE","E 7 ST","E 8 ST","BROOKLYN","40.64868236310996","-73.97296520661216"
"58326542","2023-07-27T08:29:00.000","2023-07-27T11:05:00.000","Catch Basin Clogged/Flooding (Use Comments) (SC)","1755 CONEY ISLAND AVENUE","CONEY ISLAND AVENUE","AVENUE N","AVENUE O","BROOKLYN","40.61438626208401","-73.96319653450882"
"58331760","2023-07-27T07:59:00.000","2023-08-04T10:40:00.000","Catch Basin Clogged/Flooding (Use Comments) (SC)","751 4 AVENUE","4 AVENUE","25 ST","26 ST","BROOKLYN","40.66033437825057","-73.99814378161466"
"58329087","2023-07-27T07:11:00.000","2023-07-27T10:20:00.000","Catch Basin Clogged/Flooding (Use Comments) (SC)","68 HAUGHWOUT AVENUE","HAUGHWOUT AVENUE","DRYDEN CT","CORTLANDT ST","STATEN ISLAND","40.62817015715054","-74.13366982802222"
"58326543","2023-07-27T06:08:00.000","2023-07-31T11:05:00.000","Catch Basin Clogged/Flooding (Use Comments) (SC)","901 EAST  179 STREET","EAST  179 STREET","HONEYWELL AVE","DALY AVE","BRONX","40.843805472578545","-73.88324890587567"
"58334337","2023-07-27T02:11:00.000","2023-07-27T08:20:00.000","Catch Basin Clogged/Flooding (Use Comments) (SC)","142 5 AVENUE","5 AVENUE","STERLING PL","ST JOHNS PL","BROOKLYN","40.67856603083583","-73.97901358985597"
"58317394","2023-07-26T20:56:00.000","2023-07-27T12:10:00.000","Catch Basin Clogged/Flooding (Use Comments) (SC)","85-47 68 AVENUE","68 AVENUE","WOODHAVEN BLVD","ALDERTON ST","QUEENS","40.71594776596229","-73.85907657423724"
"58314703","2023-07-26T20:08:00.000","2023-07-27T09:00:00.000","Catch Basin Clogged/Flooding (Use Comments) (SC)","85 AMADOR STREET","AMADOR STREET","KNOLLWOOD CT","BRIARWOOD RD","STATEN ISLAND","40.623562587840205","-74.16467663637106"
"58316019","2023-07-26T18:23:00.000","2023-07-27T13:20:00.000","Catch Basin Clogged/Flooding (Use Comments) (SC)","134-23 96 STREET","96 STREET","134 AVE","134 RD","QUEENS","40.67489167934516","-73.84032307629393"
"58321331","2023-07-26T17:08:00.000","2023-07-30T11:50:00.000","Catch Basin Clogged/Flooding (Use Comments) (SC)","1986 MARMION AVENUE","MARMION AVENUE","E TREMONT AVE","E 178 ST","BRONX","40.84380312649744","-73.88639692278448"
"58317390","2023-07-26T16:59:00.000","2023-07-30T08:50:00.000","Catch Basin Clogged/Flooding (Use Comments) (SC)","1916 BELMONT AVENUE","BELMONT AVENUE","E 176 ST","E TREMONT AVE","BRONX","40.84507989651653","-73.89262944489668"
"58316015","2023-07-26T16:59:00.000","2023-07-27T12:00:00.000","Catch Basin Clogged/Flooding (Use Comments) (SC)","3114 SNYDER AVENUE","SNYDER AVENUE","E 31 ST","E 32 ST","BROOKLYN","40.64898951092036","-73.94816805653394"
"58317391","2023-07-26T16:35:00.000","2023-07-27T08:30:00.000","Catch Basin Clogged/Flooding (Use Comments) (SC)","1961 CROPSEY AVENUE","CROPSEY AVENUE","BAY 23 ST","20 AVE","BROOKLYN","40.600508929871125","-74.00335980577603"
"58322670","2023-07-26T15:56:00.000","2023-07-28T08:40:00.000","Catch Basin Clogged/Flooding (Use Comments) (SC)","49-11 167 STREET","167 STREET","LITHONIA AVE","METCALF AVE","QUEENS","40.74858757916234","-73.80086149291273"
"58317392","2023-07-26T15:35:00.000","2023-07-27T10:00:00.000","Catch Basin Clogged/Flooding (Use Comments) (SC)",,,,,"STATEN ISLAND","40.61515838689878","-74.15038888026982"
"58319975","2023-07-26T15:14:00.000","2023-07-27T11:35:00.000","Catch Basin Clogged/Flooding (Use Comments) (SC)","2165 EAST   36 STREET","EAST   36 STREET","AVENUE T","AVENUE U","BROOKLYN","40.60712908647281","-73.92840346244307"
"58314697","2023-07-26T14:50:00.000","2023-07-26T15:12:00.000","Catch Basin Clogged/Flooding (Use Comments) (SC)",,,,,"QUEENS","40.665644512348585","-73.77895161346315"
"58317393","2023-07-26T14:29:00.000","2023-07-27T08:45:00.000","Catch Basin Clogged/Flooding (Use Comments) (SC)","11 AMADOR STREET","AMADOR STREET","AMITY PL","KNOLLWOOD CT","STATEN ISLAND","40.62329953636728","-74.16243174579985"
"58316016","2023-07-26T14:17:00.000","2023-07-26T14:17:00.000","Catch Basin Clogged/Flooding (Use Comments) (SC)","670 4 AVENUE","4 AVENUE","19 ST","20 ST","BROOKLYN","40.66335628753524","-73.99502583025283"
"58316017","2023-07-26T14:14:00.000","2023-07-27T10:45:00.000","Catch Basin Clogged/Flooding (Use Comments) (SC)","647 4 AVENUE","4 AVENUE","19 ST","20 ST","BROOKLYN","40.663526454905615","-73.9948239666817"
"58316018","2023-07-26T14:05:00.000","2023-08-02T13:00:00.000","Catch Basin Clogged/Flooding (Use Comments) (SC)","115-46 165 STREET","165 STREET","115 AVE","116 AVE","QUEENS","40.68781365611634","-73.78303200772099"
"58318693","2023-07-26T13:59:00.000","2023-07-27T09:35:00.000","Catch Basin Clogged/Flooding (Use Comments) (SC)","749 WILLOW ROAD WEST","WILLOW ROAD WEST","BEND","FARRADAY ST","STATEN ISLAND","40.614538137818826","-74.15447196978188"
"58318694","2023-07-26T13:50:00.000","2023-07-27T14:00:00.000","Catch Basin Clogged/Flooding (Use Comments) (SC)","17 BRIARCLIFF ROAD","BRIARCLIFF ROAD","W FINGERBOARD RD","BEVERLY RD","STATEN ISLAND","40.599811805402545","-74.07534457763836"
"58319976","2023-07-26T13:23:00.000","2023-07-27T08:45:00.000","Catch Basin Clogged/Flooding (Use Comments) (SC)","302 MCGUINNESS BOULEVARD","MCGUINNESS BOULEVARD","INDIA ST","HURON ST","BROOKLYN","40.73267920934384","-73.95201787880735"
"58314699","2023-07-26T12:11:00.000","2023-07-27T09:30:00.000","Catch Basin Clogged/Flooding (Use Comments) (SC)","2144 82 STREET","82 STREET","21 AVE","BAY PKWY","BROOKLYN","40.604925122202424","-73.99265691625757"
"58318696","2023-07-26T11:35:00.000","2023-07-29T10:45:00.000","Catch Basin Clogged/Flooding (Use Comments) (SC)","SOMMER AVENUE","SOMMER AVENUE","ARLENE STREET","SPEEDWELL AVENUE","STATEN ISLAND",,
"58318695","2023-07-26T11:35:00.000","2023-07-27T10:30:00.000","Catch Basin Clogged/Flooding (Use Comments) (SC)",,,,,"QUEENS","40.724257008352126","-73.91250447603196"
"58314700","2023-07-26T11:11:00.000","2023-07-27T07:25:00.000","Catch Basin Clogged/Flooding (Use Comments) (SC)","96 PARKVILLE AVENUE","PARKVILLE AVENUE","MC DONALD AVE","SETON PL","BROOKLYN","40.62923597614577","-73.97483564278522"
"58318697","2023-07-26T11:11:00.000","2023-07-31T12:20:00.000","Catch Basin Clogged/Flooding (Use Comments) (SC)","1744 HUTCHINSON RIVER PARKWAY","HUTCHINSON RIVER PARKWAY","LIBBY PL","BUHRE AVE","BRONX","40.84661085501319","-73.83610490803932"
"58322671","2023-07-26T11:08:00.000","2023-07-26T14:00:00.000","Catch Basin Clogged/Flooding (Use Comments) (SC)","203 CORBIN PLACE","CORBIN PLACE","ORIENTAL BLVD","ESPLANADE","BROOKLYN","40.57659796490586","-73.95379310824073"
"58319977","2023-07-26T11:05:00.000","2023-07-28T12:55:00.000","Catch Basin Clogged/Flooding (Use Comments) (SC)","518 BEACH  128 STREET","BEACH  128 STREET","CRONSTON AVE","BEACH CHANNEL DR","QUEENS","40.58048597633022","-73.84955599275109"
"58322669","2023-07-26T10:47:00.000","2023-07-26T10:55:00.000","Catch Basin Clogged/Flooding (Use Comments) (SC)","4301 18 AVENUE","18 AVENUE","E 2 ST","MC DONALD AVE","BROOKLYN","40.63119055872407","-73.97621115004787"
"58323972","2023-07-26T10:29:00.000","2023-07-27T11:45:00.000","Catch Basin Clogged/Flooding (Use Comments) (SC)",,,,,"BROOKLYN","40.638582856234","-74.02077206000561"
"58314701","2023-07-26T10:26:00.000","2023-07-27T08:45:00.000","Catch Basin Clogged/Flooding (Use Comments) (SC)","81 PROSPECT PLACE","PROSPECT PLACE","6 AVE","FLATBUSH AVE","BROOKLYN","40.67910863109049","-73.97471226953448"
"58322672","2023-07-26T10:11:00.000","2023-07-26T11:15:00.000","Catch Basin Clogged/Flooding (Use Comments) (SC)","71 EAST BROADWAY","EAST BROADWAY","CATHERINE ST","MARKET ST","MANHATTAN","40.713643224641096","-73.99506175660531"
"58314698","2023-07-26T10:02:00.000","2023-07-26T10:02:00.000","Catch Basin Clogged/Flooding (Use Comments) (SC)","221 GREENWOOD AVENUE","GREENWOOD AVENUE","E 2 ST","E 3 ST","BROOKLYN","40.65005607777071","-73.97934689549483"
"58322673","2023-07-26T09:44:00.000","2023-07-26T12:00:00.000","Catch Basin Clogged/Flooding (Use Comments) (SC)",,,,,"QUEENS","40.73190962918987","-73.8221743829102"
"58321332","2023-07-26T09:41:00.000","2023-07-26T13:15:00.000","Catch Basin Clogged/Flooding (Use Comments) (SC)","2301 EAST   23 STREET","EAST   23 STREET","AVENUE W","AVENUE X","BROOKLYN","40.59487293672661","-73.94759073051542"
"58321333","2023-07-26T09:32:00.000","2023-07-28T11:00:00.000","Catch Basin Clogged/Flooding (Use Comments) (SC)","209 BENNETT AVENUE","BENNETT AVENUE","ALVINE AVE","ARCHWOOD AVE","STATEN ISLAND","40.53633512513951","-74.18467677303029"
"58318698","2023-07-26T09:26:00.000","2023-07-27T09:40:00.000","Catch Basin Clogged/Flooding (Use Comments) (SC)","16 SAINT ANDREWS PLACE","SAINT ANDREWS PLACE","HERKIMER ST","ATLANTIC AVE","BROOKLYN","40.67877896892956","-73.94314434551059"
"58314702","2023-07-26T09:08:00.000","2023-07-27T08:15:00.000","Catch Basin Clogged/Flooding (Use Comments) (SC)","643 COLLEGE AVENUE","COLLEGE AVENUE","CRYSTAL AVE","COLLFIELD AVE","STATEN ISLAND","40.622258510664864","-74.14228539186126"
"58321334","2023-07-26T09:05:00.000","2023-07-27T09:50:00.000","Catch Basin Clogged/Flooding (Use Comments) (SC)","60 UTAH STREET","UTAH STREET","TYRRELL ST","MAIN ST","STATEN ISLAND","40.513274086386986","-74.25073990129805"
"58321335","2023-07-26T08:59:00.000","2023-07-27T11:00:00.000","Catch Basin Clogged/Flooding (Use Comments) (SC)","50-64 41 STREET","41 STREET","50 AVE","51 AVE","QUEENS","40.736743319367164","-73.92474234991212"
"58319978","2023-07-26T08:35:00.000","2023-07-28T12:50:00.000","Catch Basin Clogged/Flooding (Use Comments) (SC)","44 VANALLEN AVENUE","VANALLEN AVENUE","MC ARTHUR AVE","FORRESTAL AVE","STATEN ISLAND","40.55534561302164","-74.17779111923521"
"58322674","2023-07-26T08:08:00.000","2023-07-27T09:20:00.000","Catch Basin Clogged/Flooding (Use Comments) (SC)",,,,,"BROOKLYN","40.679049054753314","-73.95856767241285"
"58304802","2023-07-25T22:26:00.000","2023-07-26T10:05:00.000","Catch Basin Clogged/Flooding (Use Comments) (SC)",,,,,"QUEENS","40.72829431585703","-73.84461851095112"
"58304804","2023-07-25T20:47:00.000","2023-07-29T12:55:00.000","Catch Basin Clogged/Flooding (Use Comments) (SC)","3373 3 AVENUE","3 AVENUE","E 165 ST","FRANKLIN AVE","BRONX","40.82748807859804","-73.90735338430254"
"58307599","2023-07-25T20:17:00.000","2023-07-26T12:05:00.000","Catch Basin Clogged/Flooding (Use Comments) (SC)","4229 18 AVENUE","18 AVENUE","E 3 ST","E 2 ST","BROOKLYN","40.63145394075769","-73.97564902748955"
"58309040","2023-07-25T20:14:00.000","2023-07-26T11:25:00.000","Catch Basin Clogged/Flooding (Use Comments) (SC)","4301 18 AVENUE","18 AVENUE","E 2 ST","MC DONALD AVE","BROOKLYN","40.63119055872407","-73.97621115004787"
"58304805","2023-07-25T19:32:00.000","2023-07-26T12:45:00.000","Catch Basin Clogged/Flooding (Use Comments) (SC)",,,,,"QUEENS","40.69098005862971","-73.74877213426291"
"58310481","2023-07-25T19:29:00.000","2023-07-27T09:00:00.000","Catch Basin Clogged/Flooding (Use Comments) (SC)",,,,,"BROOKLYN","40.609385649351594","-74.00002160934095"
"58304806","2023-07-25T19:26:00.000","2023-07-26T10:45:00.000","Catch Basin Clogged/Flooding (Use Comments) (SC)",,,,,"BROOKLYN","40.63059204654893","-73.97550523391867"
"58311897","2023-07-25T18:53:00.000","2023-07-26T11:05:00.000","Catch Basin Clogged/Flooding (Use Comments) (SC)",,,,,"BROOKLYN","40.62997984853332","-73.97499387970765"
"58307602","2023-07-25T18:38:00.000","2023-07-26T12:10:00.000","Catch Basin Clogged/Flooding (Use Comments) (SC)",,,,,"BROOKLYN","40.620335941581736","-74.0181512222614"
"58309041","2023-07-25T18:35:00.000","2023-07-26T10:20:00.000","Catch Basin Clogged/Flooding (Use Comments) (SC)","90 PARKVILLE AVENUE","PARKVILLE AVENUE","MC DONALD AVE","SETON PL","BROOKLYN","40.62917561753042","-73.97495815479145"
"58303419","2023-07-25T18:35:00.000","2023-07-27T08:45:00.000","Catch Basin Clogged/Flooding (Use Comments) (SC)","2109 83 STREET","83 STREET","21 AVE","BAY PKWY","BROOKLYN","40.60472481935868","-73.9937985521022"
"58304808","2023-07-25T18:23:00.000","2023-07-26T10:00:00.000","Catch Basin Clogged/Flooding (Use Comments) (SC)","917 SETON PLACE","SETON PLACE","PARKVILLE AVE","FOSTER AVE","BROOKLYN","40.62907664593283","-73.9742376680091"
"58306185","2023-07-25T18:20:00.000","2023-07-26T12:32:00.000","Catch Basin Clogged/Flooding (Use Comments) (SC)",,,,,"BRONX","40.85469709612439","-73.89534312593419"
"58306186","2023-07-25T18:20:00.000","2023-07-26T10:00:00.000","Catch Basin Clogged/Flooding (Use Comments) (SC)","326 FOSTER AVENUE","FOSTER AVENUE","E 3 ST","SETON PL","BROOKLYN","40.62871981041428","-73.97418016414687"
"58304809","2023-07-25T18:05:00.000","2023-07-26T08:35:00.000","Catch Basin Clogged/Flooding (Use Comments) (SC)","218 FOSTER AVENUE","FOSTER AVENUE","47 ST","E 3 ST","BROOKLYN","40.62804215363335","-73.97558182361"
"58310483","2023-07-25T17:41:00.000","2023-07-26T09:40:00.000","Catch Basin Clogged/Flooding (Use Comments) (SC)","2171 BRAGG STREET","BRAGG STREET","AVENUE U","AVENUE V","BROOKLYN","40.59956336807376","-73.93591251669476"
"58306187","2023-07-25T17:38:00.000","2023-07-26T10:20:00.000","Catch Basin Clogged/Flooding (Use Comments) (SC)",,,,,"QUEENS","40.66125433558458","-73.83745781212015"
"58307604","2023-07-25T17:38:00.000","2023-07-26T11:00:00.000","Catch Basin Clogged/Flooding (Use Comments) (SC)","202 SOUTH AVENUE","SOUTH AVENUE","ARLINGTON PL","STATEN ISLAND RAILWAY LINE","STATEN ISLAND","40.63498143692319","-74.16623246303637"
"58307603","2023-07-25T17:38:00.000","2023-07-26T07:10:00.000","Catch Basin Clogged/Flooding (Use Comments) (SC)","936 JEROME STREET","JEROME STREET","COZINE AVE","FLATLANDS AVE","BROOKLYN","40.65741343122509","-73.87899784269074"
"58311899","2023-07-25T17:32:00.000","2023-07-26T07:05:00.000","Catch Basin Clogged/Flooding (Use Comments) (SC)","359 COZINE AVENUE","COZINE AVENUE","BARBEY ST","JEROME ST","BROOKLYN","40.65763326345168","-73.87923531884208"
"58311900","2023-07-25T17:17:00.000","2023-07-26T07:15:00.000","Catch Basin Clogged/Flooding (Use Comments) (SC)","203 JAVA STREET","JAVA STREET","MANHATTAN AVE","MC GUINNESS BLVD","BROOKLYN","40.731801137520414","-73.95262107608296"
"58310484","2023-07-25T17:14:00.000","2023-07-27T11:25:00.000","Catch Basin Clogged/Flooding (Use Comments) (SC)","219 RUTLAND ROAD","RUTLAND ROAD","BEDFORD AVE","ROGERS AVE","BROOKLYN","40.65920253380641","-73.95388366530928"
"58313339","2023-07-25T17:02:00.000","2023-07-27T09:10:00.000","Catch Basin Clogged/Flooding (Use Comments) (SC)","6722 BAY PARKWAY","BAY PARKWAY","67 ST","68 ST","BROOKLYN","40.61224722925552","-73.98311157603628"
"58306189","2023-07-25T16:53:00.000","2023-07-26T12:20:00.000","Catch Basin Clogged/Flooding (Use Comments) (SC)",,,,,"QUEENS","40.74462009362249","-73.81488300890435"
"58306190","2023-07-25T16:53:00.000","2023-07-26T13:25:00.000","Catch Basin Clogged/Flooding (Use Comments) (SC)","5323 13 AVENUE","13 AVENUE","53 ST","54 ST","BROOKLYN","40.632609204658934","-73.9946210044573"
"58303420","2023-07-25T16:50:00.000","2023-07-26T08:47:00.000","Catch Basin Clogged/Flooding (Use Comments) (SC)","MAY AVENUE","MAY AVENUE","LAMBERTS LANE","ROMAN AVENUE","STATEN ISLAND",,
"58304810","2023-07-25T16:50:00.000","2023-07-26T09:30:00.000","Catch Basin Clogged/Flooding (Use Comments) (SC)","MAY AVENUE","MAY AVENUE","ROMAN AVENUE","KIRSHON AVENUE","STATEN ISLAND",,
"58309042","2023-07-25T16:44:00.000","2023-07-26T10:15:00.000","Catch Basin Clogged/Flooding (Use Comments) (SC)","4823 AVENUE O","AVENUE O","E 48 ST","E 49 ST","BROOKLYN","40.616513509803255","-73.92835377555478"
"58303421","2023-07-25T16:41:00.000","2023-07-27T08:15:00.000","Catch Basin Clogged/Flooding (Use Comments) (SC)","8784 24 AVENUE","24 AVENUE","BATH AVE","CROPSEY AVE","BROOKLYN","40.59540346633342","-73.99341773272545"
"58304811","2023-07-25T16:38:00.000","2023-07-26T12:55:00.000","Catch Basin Clogged/Flooding (Use Comments) (SC)","14 AVENUE J","AVENUE J","DAHILL RD","MC DONALD AVE","BROOKLYN","40.623499734405826","-73.97658492998471"
"58310485","2023-07-25T16:38:00.000","2023-07-26T12:05:00.000","Catch Basin Clogged/Flooding (Use Comments) (SC)","2603 EAST   11 STREET","EAST   11 STREET","AVENUE Z","WILLIAMS CT","BROOKLYN","40.58726086977033","-73.9593266907269"
"58306191","2023-07-25T16:38:00.000","2023-07-26T10:30:00.000","Catch Basin Clogged/Flooding (Use Comments) (SC)",,,,,"QUEENS","40.76688664794818","-73.92139062903881"
"58310486","2023-07-25T16:32:00.000","2023-07-26T01:30:00.000","Catch Basin Clogged/Flooding (Use Comments) (SC)","161-01 89 AVENUE","89 AVENUE","161 ST","162 ST","QUEENS","40.70643449618068","-73.79985127329999"
"58307605","2023-07-25T16:26:00.000","2023-07-26T11:30:00.000","Catch Basin Clogged/Flooding (Use Comments) (SC)","2584 EAST   23 STREET","EAST   23 STREET","AVENUE Y","AVENUE Z","BROOKLYN","40.589358163008306","-73.9465689225462"
"58307606","2023-07-25T16:23:00.000","2023-07-26T01:10:00.000","Catch Basin Clogged/Flooding (Use Comments) (SC)","103-01 97 AVENUE","97 AVENUE","103 ST","104 ST","QUEENS","40.68771568630128","-73.84061688842792"
"58306192","2023-07-25T16:23:00.000","2023-07-28T10:15:00.000","Catch Basin Clogged/Flooding (Use Comments) (SC)",,,,,"STATEN ISLAND","40.57657045983503","-74.10171921436951"
"58306193","2023-07-25T16:20:00.000","2023-07-26T09:45:00.000","Catch Basin Clogged/Flooding (Use Comments) (SC)",,,,,"BROOKLYN","40.61478008892131","-73.910602120342"
"58304812","2023-07-25T16:17:00.000","2023-07-26T12:30:00.000","Catch Basin Clogged/Flooding (Use Comments) (SC)","1301 DAHILL ROAD","DAHILL ROAD","AVENUE M","23 AVE","BROOKLYN","40.61628344247798","-73.9754636594056"
"58303422","2023-07-25T16:14:00.000","2023-07-26T08:45:00.000","Catch Basin Clogged/Flooding (Use Comments) (SC)","564 TOMPKINS AVENUE","TOMPKINS AVENUE","CLIFTON AVE","HYLAN BLVD","STATEN ISLAND","40.61237192219393","-74.07115194566201"
"58313340","2023-07-25T16:14:00.000","2023-07-29T11:00:00.000","Catch Basin Clogged/Flooding (Use Comments) (SC)",,,,,"STATEN ISLAND","40.60719033221935","-74.16242136318522"
"58304813","2023-07-25T16:11:00.000","2023-07-26T11:45:00.000","Catch Basin Clogged/Flooding (Use Comments) (SC)","109 LAWRENCE AVENUE","LAWRENCE AVENUE","SETON PL","NEWKIRK AVE","BROOKLYN","40.630193848814905","-73.9745686832958"
"58311901","2023-07-25T16:11:00.000","2023-07-25T20:00:00.000","Catch Basin Clogged/Flooding (Use Comments) (SC)","436-01 CASWELL AVENUE","CASWELL AVENUE","CANTERBURY AVE","WILLOW RD E","STATEN ISLAND","40.61536776080549","-74.15189133799251"
"58310487","2023-07-25T16:08:00.000","2023-07-27T09:25:00.000","Catch Basin Clogged/Flooding (Use Comments) (SC)","2083 67 STREET","67 STREET","20 AVE","21 AVE","BROOKLYN","40.61438848754692","-73.9854450180743"
"58311902","2023-07-25T16:05:00.000","2023-07-26T11:00:00.000","Catch Basin Clogged/Flooding (Use Comments) (SC)",,,,,"BROOKLYN","40.589883897445574","-73.95658870895684"
"58303423","2023-07-25T16:05:00.000","2023-07-26T10:20:00.000","Catch Basin Clogged/Flooding (Use Comments) (SC)",,,,,"BROOKLYN","40.595750831310575","-73.95291205634598"
"58303425","2023-07-25T16:02:00.000","2023-07-27T12:30:00.000","Catch Basin Clogged/Flooding (Use Comments) (SC)","1193 NORTH RAILROAD AVENUE","NORTH RAILROAD AVENUE","GREELEY AVE","PRESCOTT AVE","STATEN ISLAND","40.57830762069692","-74.11094116201615"
"58303424","2023-07-25T16:02:00.000","2023-07-26T09:15:00.000","Catch Basin Clogged/Flooding (Use Comments) (SC)","93 SIGNAL HILL ROAD","SIGNAL HILL ROAD","BEND","BEND","STATEN ISLAND","40.61874125287476","-74.08884846707736"
"58306194","2023-07-25T15:59:00.000","2023-07-26T11:15:00.000","Catch Basin Clogged/Flooding (Use Comments) (SC)","61 ANDREWS AVENUE","ANDREWS AVENUE","ARDSLEY ST","NATICK ST","STATEN ISLAND","40.57122842947994","-74.13671624455424"
"58306195","2023-07-25T15:50:00.000","2023-08-01T09:18:00.000","Catch Basin Clogged/Flooding (Use Comments) (SC)","121 HELLS GATE CIRCLE","HELLS GATE CIRCLE","ROBERT F KENNEDY BRDG","ROBERT F KENNEDY BRDG","MANHATTAN","40.786760620642674","-73.92879891701917"
"58307607","2023-07-25T15:44:00.000","2023-07-26T10:55:00.000","Catch Basin Clogged/Flooding (Use Comments) (SC)","30-73 CRESCENT STREET","CRESCENT STREET","30 DR","31 AVE","QUEENS","40.76662072355568","-73.92601182088045"
"58307608","2023-07-25T15:08:00.000","2023-07-26T14:35:00.000","Catch Basin Clogged/Flooding (Use Comments) (SC)","3236 TIERNEY PLACE","TIERNEY PLACE","LONGSTREET AVE","LOCUST POINT DR","BRONX","40.81462027241159","-73.80068558496129"
"58307609","2023-07-25T15:05:00.000","2023-07-26T13:45:00.000","Catch Basin Clogged/Flooding (Use Comments) (SC)",,,,,"QUEENS","40.68997629522617","-73.79954369047827"
"58310488","2023-07-25T13:08:00.000","2023-07-26T09:20:00.000","Catch Basin Clogged/Flooding (Use Comments) (SC)","23-33 100 STREET","100 STREET","23 AVE","24 AVE","QUEENS","40.767916505255975","-73.87039268343405"
"58310489","2023-07-25T12:53:00.000","2023-07-27T09:10:00.000","Catch Basin Clogged/Flooding (Use Comments) (SC)",,,,,"STATEN ISLAND","40.57001460875889","-74.12007715808114"
"58311903","2023-07-25T12:50:00.000","2023-07-26T09:45:00.000","Catch Basin Clogged/Flooding (Use Comments) (SC)","32-08 76 STREET","76 STREET","32 AVE","NORTHERN BLVD","QUEENS","40.75678896246642","-73.89128824713099"
"58304814","2023-07-25T12:44:00.000","2023-07-26T10:45:00.000","Catch Basin Clogged/Flooding (Use Comments) (SC)","2016 VOORHIES AVENUE","VOORHIES AVENUE","OCEAN AVE","E 21 ST","BROOKLYN","40.58628218932624","-73.94864876330396"
"58313341","2023-07-25T12:05:00.000","2023-07-25T12:05:00.000","Catch Basin Clogged/Flooding (Use Comments) (SC)","35 FT WASHINGTON AVENUE","FT WASHINGTON AVENUE","W 160 ST","W 161 ST","MANHATTAN","40.83648717098654","-73.9445418445243"
"58307610","2023-07-25T12:05:00.000","2023-07-28T08:50:00.000","Catch Basin Clogged/Flooding (Use Comments) (SC)","2897 3 AVENUE","3 AVENUE","E 150 ST","E 151 ST","BRONX","40.816957949990325","-73.91630609108499"
"58306180","2023-07-25T11:41:00.000","2023-07-25T15:04:00.000","Catch Basin Clogged/Flooding (Use Comments) (SC)","1700 PAULDING AVENUE","PAULDING AVENUE","VAN NEST AVE","MORRIS PARK AVE","BRONX","40.84734651865276","-73.85459098795239"
"58310490","2023-07-25T11:29:00.000","2023-07-26T11:05:00.000","Catch Basin Clogged/Flooding (Use Comments) (SC)","797 3 AVENUE","3 AVENUE","27 ST","28 ST","BROOKLYN","40.660282233106095","-74.00146334771907"
"58313342","2023-07-25T11:08:00.000","2023-07-26T08:45:00.000","Catch Basin Clogged/Flooding (Use Comments) (SC)","374 ADELPHI STREET","ADELPHI STREET","LAFAYETTE AVE","GREENE AVE","BROOKLYN","40.686581659569065","-73.97056285009133"
"58306181","2023-07-25T10:11:00.000","2023-07-25T10:38:00.000","Catch Basin Clogged/Flooding (Use Comments) (SC)",,,,,"QUEENS","40.57999156345725","-73.84929070813355"
"58303427","2023-07-25T10:08:00.000","2023-07-26T11:45:00.000","Catch Basin Clogged/Flooding (Use Comments) (SC)","1045 EAST   52 STREET","EAST   52 STREET","GLENWOOD RD","AVENUE H","BROOKLYN","40.63436999304521","-73.9265655775884"
"58303428","2023-07-25T08:47:00.000","2023-07-27T11:25:00.000","Catch Basin Clogged/Flooding (Use Comments) (SC)","3319 BOUCK AVENUE","BOUCK AVENUE","GIVAN AVE","BOSTON RD","BRONX","40.87358638580927","-73.85068993326966"
"58313343","2023-07-24T22:32:00.000","2023-07-26T09:45:00.000","Catch Basin Clogged/Flooding (Use Comments) (SC)",,,,,"QUEENS","40.66789867604251","-73.81684423135208"
"58313344","2023-07-24T20:26:00.000","2023-07-25T08:20:00.000","Catch Basin Clogged/Flooding (Use Comments) (SC)","196 WATCHOGUE ROAD","WATCHOGUE ROAD","ST JOHN AVE","NEAL DOW AVE","STATEN ISLAND","40.615719925188785","-74.1358780765991"
"58309039","2023-07-24T18:32:00.000","2023-07-25T09:05:00.000","Catch Basin Clogged/Flooding (Use Comments) (SC)",,,,,"QUEENS","40.7235211722436","-73.76255729743532"
"58303417","2023-07-24T18:05:00.000","2023-07-29T11:35:00.000","Catch Basin Clogged/Flooding (Use Comments) (SC)",,,,,"BROOKLYN","40.63068749565019","-73.98946208376263"
"58307597","2023-07-24T17:38:00.000","2023-07-26T09:10:00.000","Catch Basin Clogged/Flooding (Use Comments) (SC)",,,,,"MANHATTAN","40.83638014293215","-73.94457445835076"
"58306182","2023-07-24T17:11:00.000","2023-07-26T09:45:00.000","Catch Basin Clogged/Flooding (Use Comments) (SC)","118 CONSTANT AVENUE","CONSTANT AVENUE","MILLER ST","WESTCOTT BLVD","STATEN ISLAND","40.61925096033751","-74.12762206277262"
"58310480","2023-07-24T16:11:00.000","2023-07-25T11:40:00.000","Catch Basin Clogged/Flooding (Use Comments) (SC)","27 OCEAN COURT","OCEAN COURT","E 3 ST","OCEAN PKWY","BROOKLYN","40.59022210022131","-73.96656914058116"
"58307598","2023-07-24T15:35:00.000","2023-07-28T14:30:00.000","Catch Basin Clogged/Flooding (Use Comments) (SC)","2191 CEDAR AVENUE","CEDAR AVENUE","W 179 ST","W 182 ST","BRONX","40.86075842839682","-73.91311661692721"
"58303418","2023-07-24T15:26:00.000","2023-07-27T17:10:00.000","Catch Basin Clogged/Flooding (Use Comments) (SC)","122 BEACH   93 STREET","BEACH   93 STREET","SHORE FRONT PKWY","HOLLAND AVE","QUEENS","40.58452532711451","-73.81502075698542"
"58311895","2023-07-24T14:50:00.000","2023-07-25T08:15:00.000","Catch Basin Clogged/Flooding (Use Comments) (SC)","140 76 STREET","76 STREET","COLONIAL RD","RIDGE BLVD","BROOKLYN","40.63168536042762","-74.03204655328064"
"58307596","2023-07-24T14:17:00.000","2023-07-24T14:54:00.000","Catch Basin Clogged/Flooding (Use Comments) (SC)","88-19 COMMONWELATH BOULEVARD","COMMONWELATH BOULEVARD","87 DR","88 RD","QUEENS","40.72868848662032","-73.719372529206"
"58310479","2023-07-24T14:11:00.000","2023-07-24T14:56:00.000","Catch Basin Clogged/Flooding (Use Comments) (SC)","88-31 COMMONWEALTH BOULEVARD","COMMONWEALTH BOULEVARD","88 RD","88 DR","QUEENS","40.728240636301614","-73.71918679923289"
"58313337","2023-07-24T13:53:00.000","2023-07-25T13:40:00.000","Catch Basin Clogged/Flooding (Use Comments) (SC)","635 BAY STREET","BAY STREET","CANAL ST","THOMPSON ST","STATEN ISLAND","40.626502063478135","-74.07553681982586"
"58304800","2023-07-24T13:11:00.000","2023-07-25T08:45:00.000","Catch Basin Clogged/Flooding (Use Comments) (SC)",,,,,"BROOKLYN","40.647905783709504","-74.00740547226809"
"58306183","2023-07-24T13:05:00.000","2023-07-25T13:00:00.000","Catch Basin Clogged/Flooding (Use Comments) (SC)","166 ELIZABETH STREET","ELIZABETH STREET","KENMARE ST","SPRING ST","MANHATTAN","40.72085644588668","-73.9948700203628"
"58313338","2023-07-24T13:02:00.000","2023-07-26T13:15:00.000","Catch Basin Clogged/Flooding (Use Comments) (SC)","133-17 LIBERTY AVENUE","LIBERTY AVENUE","133 ST","134 ST","QUEENS","40.69134120313","-73.81303681688864"
"58304803","2023-07-24T12:11:00.000","2023-07-25T10:15:00.000","Catch Basin Clogged/Flooding (Use Comments) (SC)","1802 AVENUE W","AVENUE W","E 18 ST","E 19 ST","BROOKLYN","40.594647269840664","-73.95254195603322"
"58309038","2023-07-24T11:41:00.000","2023-07-24T12:33:00.000","Catch Basin Clogged/Flooding (Use Comments) (SC)","4155 MURDOCK AVENUE","MURDOCK AVENUE","EDENWALD AVE","BUSSING AVE","BRONX","40.89483185462402","-73.84156346979482"
"58307600","2023-07-24T11:14:00.000","2023-07-24T13:00:00.000","Catch Basin Clogged/Flooding (Use Comments) (SC)",,,,,"QUEENS","40.77210263888032","-73.77447520844564"
"58307601","2023-07-24T10:56:00.000","2023-07-25T11:10:00.000","Catch Basin Clogged/Flooding (Use Comments) (SC)","118 AMHERST STREET","AMHERST STREET","HAMPTON AVE","ORIENTAL BLVD","BROOKLYN","40.57872181372621","-73.95225447997326"
"58304807","2023-07-24T10:41:00.000","2023-07-24T12:35:00.000","Catch Basin Clogged/Flooding (Use Comments) (SC)",,,,,"QUEENS","40.74861464350142","-73.8746312134739"
"58306184","2023-07-24T10:11:00.000","2023-07-25T08:45:00.000","Catch Basin Clogged/Flooding (Use Comments) (SC)","800 11 AVENUE","11 AVENUE","W 55 ST","W 56 ST","MANHATTAN","40.76931758771788","-73.99211170046686"
"58311898","2023-07-24T10:05:00.000","2023-07-25T11:00:00.000","Catch Basin Clogged/Flooding (Use Comments) (SC)","114-37 198 STREET","198 STREET","MURDOCK AVE","115 AVE","QUEENS","40.698719599316775","-73.75608559400443"
"58310482","2023-07-24T09:44:00.000","2023-07-25T09:25:00.000","Catch Basin Clogged/Flooding (Use Comments) (SC)","1651 EAST   96 STREET","EAST   96 STREET","AVENUE N","SEAVIEW AVE","BROOKLYN","40.633578544795455","-73.89080801878197"
"58306188","2023-07-24T09:11:00.000","2023-07-26T09:15:00.000","Catch Basin Clogged/Flooding (Use Comments) (SC)",,,,,"BRONX","40.88996816415352","-73.84349918017945"
"58313336","2023-07-24T00:17:00.000","2023-07-24T08:30:00.000","Catch Basin Clogged/Flooding (Use Comments) (SC)","142 5 AVENUE","5 AVENUE","STERLING PL","ST JOHNS PL","BROOKLYN","40.67856603083583","-73.97901358985597"
"58289694","2023-07-23T12:08:00.000","2023-07-26T20:32:00.000","Catch Basin Clogged/Flooding (Use Comments) (SC)","122-44 149 AVENUE","149 AVENUE","122 PL","123 ST","QUEENS","40.66799847896526","-73.81746757550793"
"58288547","2023-07-23T09:17:00.000","2023-07-26T13:25:00.000","Catch Basin Clogged/Flooding (Use Comments) (SC)","1700 PAULDING AVENUE","PAULDING AVENUE","VAN NEST AVE","MORRIS PARK AVE","BRONX","40.84734651865276","-73.85459098795239"
"58289695","2023-07-23T09:05:00.000","2023-07-26T07:55:00.000","Catch Basin Clogged/Flooding (Use Comments) (SC)",,,,,"BRONX","40.815794630841786","-73.81189238707901"
"58286297","2023-07-23T01:20:00.000","2023-07-26T11:50:00.000","Catch Basin Clogged/Flooding (Use Comments) (SC)",,,,,"BRONX","40.85977494330302","-73.84642256132214"
"58274040","2023-07-22T21:53:00.000","2023-07-23T08:40:00.000","Catch Basin Clogged/Flooding (Use Comments) (SC)",,,,,"BROOKLYN","40.72394411704242","-73.95567881690134"
"58275326","2023-07-22T21:32:00.000","2023-07-24T10:45:00.000","Catch Basin Clogged/Flooding (Use Comments) (SC)","206 DOVER STREET","DOVER STREET","ORIENTAL BLVD","DEAD END","BROOKLYN","40.576799085241866","-73.94907363099222"
"58275327","2023-07-22T18:32:00.000","2023-07-23T11:30:00.000","Catch Basin Clogged/Flooding (Use Comments) (SC)","63-48 71 STREET","71 STREET","PENELOPE AVE","JUNIPER VALLEY RD","QUEENS","40.715961979492135","-73.88412577138136"
"58276553","2023-07-22T13:53:00.000","2023-07-29T12:15:00.000","Catch Basin Clogged/Flooding (Use Comments) (SC)","753 WOOLLEY AVENUE","WOOLLEY AVENUE","DAWSON ST","FOREST HILL RD","STATEN ISLAND","40.604219070056985","-74.1405687490308"
"58282706","2023-07-22T09:29:00.000","2023-07-25T10:20:00.000","Catch Basin Clogged/Flooding (Use Comments) (SC)","971 RAMONA AVENUE","RAMONA AVENUE","HELENE CT","BLOOMINGDALE RD","STATEN ISLAND","40.534605830584056","-74.21761103964364"
"58280274","2023-07-22T09:26:00.000","2023-07-24T11:10:00.000","Catch Basin Clogged/Flooding (Use Comments) (SC)","84 BAY    8 STREET","BAY    8 STREET","86 ST","BENSON AVE","BROOKLYN","40.610417089889765","-74.01176646797411"
"58281476","2023-07-22T07:59:00.000","2023-07-26T08:40:00.000","Catch Basin Clogged/Flooding (Use Comments) (SC)","185 THROGGS NECK BOULEVARD","THROGGS NECK BOULEVARD","HARDING AVE","MILTON PL","BRONX","40.816723132776744","-73.81237387588543"
"58275328","2023-07-22T07:35:00.000","2023-07-24T13:40:00.000","Catch Basin Clogged/Flooding (Use Comments) (SC)","120-04 229 STREET","229 STREET","120 AVE","FRANCIS LEWIS BLVD","QUEENS","40.68754287778567","-73.73499292266504"
"58279069","2023-07-22T07:11:00.000","2023-07-23T09:05:00.000","Catch Basin Clogged/Flooding (Use Comments) (SC)","1395 EAST   56 STREET","EAST   56 STREET","AVENUE M","AVENUE N","BROOKLYN","40.62128758391505","-73.92130274716457"
"58271512","2023-07-21T17:59:00.000","2023-07-23T13:45:00.000","Catch Basin Clogged/Flooding (Use Comments) (SC)","198-03 FOOTHILL AVENUE","FOOTHILL AVENUE","198 ST","BEND","QUEENS","40.71955660612362","-73.76468543049624"
"58264040","2023-07-21T16:53:00.000","2023-07-24T11:30:00.000","Catch Basin Clogged/Flooding (Use Comments) (SC)","90-43 202 STREET","202 STREET","90 AVE","93 AVE","QUEENS","40.716751784240785","-73.75953318413893"
"58267834","2023-07-21T14:56:00.000","2023-07-24T09:35:00.000","Catch Basin Clogged/Flooding (Use Comments) (SC)",,,,,"MANHATTAN","40.8251381273337","-73.95139477017592"
"58272780","2023-07-21T13:38:00.000","2023-07-23T08:40:00.000","Catch Basin Clogged/Flooding (Use Comments) (SC)",,,,,"QUEENS","40.7572538445227","-73.90484858404072"
"58269085","2023-07-21T13:35:00.000","2023-07-25T10:15:00.000","Catch Basin Clogged/Flooding (Use Comments) (SC)","159-02 109 AVENUE","109 AVENUE","159 ST","160 ST","QUEENS","40.69382076139127","-73.7927994919037"
"58267835","2023-07-21T13:26:00.000","2023-07-23T10:00:00.000","Catch Basin Clogged/Flooding (Use Comments) (SC)",,,,,"BROOKLYN","40.69724846906093","-73.93283620316257"
"58266581","2023-07-21T13:23:00.000","2023-07-23T09:40:00.000","Catch Basin Clogged/Flooding (Use Comments) (SC)",,,,,"BROOKLYN","40.702499367860334","-73.91632355713314"
"58271514","2023-07-21T13:20:00.000","2023-07-23T11:10:00.000","Catch Basin Clogged/Flooding (Use Comments) (SC)","50-64 41 STREET","41 STREET","50 AVE","51 AVE","QUEENS","40.736743319367164","-73.92474234991212"
"58267836","2023-07-21T12:17:00.000","2023-07-22T13:00:00.000","Catch Basin Clogged/Flooding (Use Comments) (SC)","2317 CONEY ISLAND AVENUE","CONEY ISLAND AVENUE","AVENUE T","AVENUE U","BROOKLYN","40.60021426754503","-73.96132459169306"
"58270260","2023-07-21T12:17:00.000","2023-07-23T09:55:00.000","Catch Basin Clogged/Flooding (Use Comments) (SC)",,,,,"BROOKLYN","40.596816679317","-73.95507543320264"
"58267837","2023-07-21T12:08:00.000","2023-07-23T08:20:00.000","Catch Basin Clogged/Flooding (Use Comments) (SC)","85 NORTH    6 STREET","NORTH    6 STREET","WYTHE AVE","BERRY ST","BROOKLYN","40.718750099568666","-73.96066418284931"
"58269086","2023-07-21T12:02:00.000","2023-07-22T14:15:00.000","Catch Basin Clogged/Flooding (Use Comments) (SC)","3007 OCEAN PARKWAY","OCEAN PARKWAY","OCEAN VIEW AVE","BRIGHTON BEACH AVE","BROOKLYN","40.576948748881186","-73.96837208841315"
"58271515","2023-07-21T11:59:00.000","2023-07-24T13:15:00.000","Catch Basin Clogged/Flooding (Use Comments) (SC)","62 MERLE PLACE","MERLE PLACE","FINGERBOARD RD","DEAD END","STATEN ISLAND","40.60735020196335","-74.06909376820312"
"58265348","2023-07-21T11:59:00.000","2023-07-24T13:30:00.000","Catch Basin Clogged/Flooding (Use Comments) (SC)","65 MERLE PLACE","MERLE PLACE","FINGERBOARD RD","DEAD END","STATEN ISLAND","40.60734470154786","-74.06911176974971"
"58267838","2023-07-21T11:32:00.000","2023-07-23T09:30:00.000","Catch Basin Clogged/Flooding (Use Comments) (SC)","1720 EAST   28 STREET","EAST   28 STREET","QUENTIN RD","AVENUE R","BROOKLYN","40.60891982432635","-73.94547280663639"
"58272781","2023-07-21T11:23:00.000","2023-07-23T08:40:00.000","Catch Basin Clogged/Flooding (Use Comments) (SC)","49-10 HORATIO PARKWAY","HORATIO PARKWAY","CLOVERDALE BLVD","BEND","QUEENS","40.758055088329534","-73.75567339621894"
"58264041","2023-07-21T10:56:00.000","2023-07-22T08:45:00.000","Catch Basin Clogged/Flooding (Use Comments) (SC)","460 WEST  126 STREET","WEST  126 STREET","BEND","W 127 ST","MANHATTAN","40.81335927513418","-73.95504486858349"
"58265349","2023-07-21T09:14:00.000","2023-07-21T09:50:00.000","Catch Basin Clogged/Flooding (Use Comments) (SC)","1668 62 STREET","62 STREET","16 AVE","17 AVE","BROOKLYN","40.62276620617363","-73.99157426979944"
"58270262","2023-07-21T08:32:00.000","2023-07-24T09:40:00.000","Catch Basin Clogged/Flooding (Use Comments) (SC)","64-07 228 STREET","228 STREET","64 AVE","67 AVE","QUEENS","40.748745045007524","-73.74936634341023"
"58264042","2023-07-21T07:11:00.000","2023-07-21T07:11:00.000","Catch Basin Clogged/Flooding (Use Comments) (SC)","165 2 AVENUE","2 AVENUE","13 ST","14 ST","BROOKLYN","40.670100223934384","-73.9954579075408"
"58269087","2023-07-21T07:11:00.000","2023-07-21T10:05:00.000","Catch Basin Clogged/Flooding (Use Comments) (SC)",,,,,"BROOKLYN","40.6374058823365","-73.9824674655754"
"58272782","2023-07-21T07:02:00.000","2023-07-24T12:30:00.000","Catch Basin Clogged/Flooding (Use Comments) (SC)","187-18 LUDLUM AVENUE","LUDLUM AVENUE","187 ST","188 ST","QUEENS","40.70485977730802","-73.76945851586052"
"58267839","2023-07-21T06:23:00.000","2023-07-24T13:15:00.000","Catch Basin Clogged/Flooding (Use Comments) (SC)","134-25 219 STREET","219 STREET","MERRICK BLVD","134 RD","QUEENS","40.67868226883925","-73.75076172615368"
"58272783","2023-07-21T06:05:00.000","2023-07-23T12:30:00.000","Catch Basin Clogged/Flooding (Use Comments) (SC)","55 WASHINGTON AVENUE","WASHINGTON AVENUE","HAROLD ST","MC DONALD ST","STATEN ISLAND","40.60071681215306","-74.13591596471291"
"58254680","2023-07-20T23:32:00.000","2023-07-24T13:30:00.000","Catch Basin Clogged/Flooding (Use Comments) (SC)",,,,,"QUEENS","40.691893153283665","-73.7720636283295"
"58260088","2023-07-20T20:17:00.000","2023-07-21T09:10:00.000","Catch Basin Clogged/Flooding (Use Comments) (SC)","492 FLUSHING AVENUE","FLUSHING AVENUE","WALWORTH ST","SANDFORD ST","BROOKLYN","40.69922992535716","-73.9547792185623"
"58258774","2023-07-20T19:50:00.000","2023-07-21T10:15:00.000","Catch Basin Clogged/Flooding (Use Comments) (SC)","855 KNICKERBOCKER AVENUE","KNICKERBOCKER AVENUE","SCHAEFER ST","DECATUR ST","BROOKLYN","40.691564152074115","-73.90560583165338"
"58254681","2023-07-20T18:29:00.000","2023-07-21T09:10:00.000","Catch Basin Clogged/Flooding (Use Comments) (SC)","2729 OCEAN AVENUE","OCEAN AVENUE","AVENUE W","AVENUE X","BROOKLYN","40.5945558224354","-73.9504823877342"
"58256063","2023-07-20T18:05:00.000","2023-07-21T09:00:00.000","Catch Basin Clogged/Flooding (Use Comments) (SC)",,,,,"BROOKLYN","40.59498359267363","-73.94952066208792"
"58253273","2023-07-20T17:59:00.000","2023-07-21T10:20:00.000","Catch Basin Clogged/Flooding (Use Comments) (SC)","4603 FORT HAMILTON PARKWA","FORT HAMILTON PARKWA","46 ST","47 ST","BROOKLYN","40.639723735324495","-73.99562211896198"
"58258773","2023-07-20T17:41:00.000","2023-07-20T23:21:00.000","Catch Basin Clogged/Flooding (Use Comments) (SC)","1481 WESTCHESTER AVENUE","WESTCHESTER AVENUE","EVERGREEN AVE","WHEELER AVE","BRONX","40.82845189965116","-73.8809090576628"
"58253269","2023-07-20T17:02:00.000","2023-07-21T10:30:00.000","Catch Basin Clogged/Flooding (Use Comments) (SC)",,,,,"QUEENS","40.717020758249056","-73.8889866735421"
"58256061","2023-07-20T16:11:00.000","2023-07-21T13:50:00.000","Catch Basin Clogged/Flooding (Use Comments) (SC)",,,,,"QUEENS","40.770527312531755","-73.92730356854881"
"58253270","2023-07-20T16:02:00.000","2023-07-23T13:45:00.000","Catch Basin Clogged/Flooding (Use Comments) (SC)","105-18 76 STREET","76 STREET","FULTON STREET LINE","GLENMORE AVE","QUEENS","40.67879726841129","-73.8613146593856"
"58254676","2023-07-20T16:02:00.000","2023-07-21T08:20:00.000","Catch Basin Clogged/Flooding (Use Comments) (SC)","125 MAJOR AVENUE","MAJOR AVENUE","BEND","HASTINGS ST","STATEN ISLAND","40.59951227922701","-74.06703667395388"
"58260084","2023-07-20T15:23:00.000","2023-07-21T09:05:00.000","Catch Basin Clogged/Flooding (Use Comments) (SC)",,,,,"QUEENS","40.75307125129423","-73.79237698006892"
"58260085","2023-07-20T14:47:00.000","2023-07-25T09:45:00.000","Catch Basin Clogged/Flooding (Use Comments) (SC)","998 ARDEN AVENUE","ARDEN AVENUE","ANNADALE RD","MOFFETT ST","STATEN ISLAND","40.54418523780845","-74.1759803914847"
"58261387","2023-07-20T13:29:00.000","2023-07-21T08:35:00.000","Catch Basin Clogged/Flooding (Use Comments) (SC)","1954 UNION PORT ROAD","UNION PORT ROAD","SAGAMORE ST","BRONX PARK E","BRONX","40.84988870401794","-73.86881604481049"
"58262731","2023-07-20T13:14:00.000","2023-07-25T09:20:00.000","Catch Basin Clogged/Flooding (Use Comments) (SC)","53 MARGARET STREET","MARGARET STREET","RHETT AVE","HARDY PL","STATEN ISLAND","40.552081993345396","-74.15304292322041"
"58260086","2023-07-20T12:44:00.000","2023-07-21T11:20:00.000","Catch Basin Clogged/Flooding (Use Comments) (SC)",,,,,"BROOKLYN","40.68333273563982","-73.95611323617995"
"58254677","2023-07-20T12:14:00.000","2023-07-25T13:20:00.000","Catch Basin Clogged/Flooding (Use Comments) (SC)","4210 FARRAGUT ROAD","FARRAGUT ROAD","E 42 ST","E 43 ST","BROOKLYN","40.637005139693954","-73.93600266503536"
"58261388","2023-07-20T12:08:00.000","2023-07-28T12:15:00.000","Catch Basin Clogged/Flooding (Use Comments) (SC)",,,,,"QUEENS","40.68494335321917","-73.8550641155299"
"58256062","2023-07-20T10:47:00.000","2023-07-26T13:10:00.000","Catch Basin Clogged/Flooding (Use Comments) (SC)","1029 BEACH   19 STREET","BEACH   19 STREET","CORNAGA AVE","MOTT AVE","QUEENS","40.602755706649376","-73.75203189664579"
"58254678","2023-07-20T09:59:00.000","2023-07-20T10:50:00.000","Catch Basin Clogged/Flooding (Use Comments) (SC)",,,,,"BROOKLYN","40.59105415265477","-73.94593386541189"
"58253271","2023-07-20T09:38:00.000","2023-07-21T09:50:00.000","Catch Basin Clogged/Flooding (Use Comments) (SC)","97 ST MARYS AVENUE","ST MARYS AVENUE","VERMONT AVE","TOMPKINS AVE","STATEN ISLAND","40.614743492191515","-74.07104281623253"
"58257440","2023-07-20T09:26:00.000","2023-07-20T09:40:00.000","Catch Basin Clogged/Flooding (Use Comments) (SC)","110-65 63 AVENUE","63 AVENUE","110 ST","GRAND CENTRAL PARKWAY SR W","QUEENS","40.73630845032105","-73.84624526306231"
"58253272","2023-07-20T09:14:00.000","2023-07-21T10:00:00.000","Catch Basin Clogged/Flooding (Use Comments) (SC)","110-65 63 AVENUE","63 AVENUE","110 ST","GRAND CENTRAL PARKWAY SR W","QUEENS","40.73630845032105","-73.84624526306231"
"58254679","2023-07-20T08:23:00.000","2023-07-21T14:10:00.000","Catch Basin Clogged/Flooding (Use Comments) (SC)","609 MADISON AVENUE","MADISON AVENUE","E 57 ST","E 58 ST","MANHATTAN","40.76279843379435","-73.97197671558695"
"58260087","2023-07-20T06:50:00.000","2023-07-20T08:35:00.000","Catch Basin Clogged/Flooding (Use Comments) (SC)","160-40 25 AVENUE","25 AVENUE","160 ST","163 ST","QUEENS","40.774791972128924","-73.8026100498353"
"58256060","2023-07-20T06:44:00.000","2023-07-20T07:13:00.000","Catch Basin Clogged/Flooding (Use Comments) (SC)","160-40 25 AVENUE","25 AVENUE","160 ST","163 ST","QUEENS","40.774791972128924","-73.8026100498353"
"58248034","2023-07-19T22:35:00.000","2023-07-25T10:45:00.000","Catch Basin Clogged/Flooding (Use Comments) (SC)","160-02 BAISLEY BOULEVARD","BAISLEY BOULEVARD","160 ST","LAKEVIEW LN","QUEENS","40.676528057565285","-73.78207729510953"
"58250688","2023-07-19T21:59:00.000","2023-07-20T10:30:00.000","Catch Basin Clogged/Flooding (Use Comments) (SC)","56-04 201 STREET","201 STREET","56 AVE","58 AVE","QUEENS","40.74715677013823","-73.77649408933551"
"58246761","2023-07-19T21:50:00.000","2023-07-26T14:15:00.000","Catch Basin Clogged/Flooding (Use Comments) (SC)",,,,,"STATEN ISLAND","40.513221667870546","-74.25086198200249"
"58246762","2023-07-19T21:44:00.000","2023-07-20T09:30:00.000","Catch Basin Clogged/Flooding (Use Comments) (SC)","90 WOEHRLE AVENUE","WOEHRLE AVENUE","ALEXANDER AVE","WARING AVE","STATEN ISLAND","40.5550639007394","-74.18066567989322"
"58248035","2023-07-19T20:50:00.000","2023-07-24T13:25:00.000","Catch Basin Clogged/Flooding (Use Comments) (SC)","3062 GRACE AVENUE","GRACE AVENUE","ADEE AVE","HAMMERSLEY AVE","BRONX","40.87274065600665","-73.83625745197659"
"58242617","2023-07-19T20:23:00.000","2023-07-20T09:00:00.000","Catch Basin Clogged/Flooding (Use Comments) (SC)",,,,,"BROOKLYN","40.59063318594477","-73.94975078508689"
"58251978","2023-07-19T20:23:00.000","2023-07-20T09:10:00.000","Catch Basin Clogged/Flooding (Use Comments) (SC)",,,,,"BROOKLYN","40.58851402195431","-73.94934553087954"
"58248036","2023-07-19T20:20:00.000","2023-07-20T09:25:00.000","Catch Basin Clogged/Flooding (Use Comments) (SC)",,,,,"BROOKLYN","40.59726241863315","-73.95100611242795"
"58249333","2023-07-19T19:59:00.000","2023-07-26T14:35:00.000","Catch Basin Clogged/Flooding (Use Comments) (SC)","162 BEACH  124 STREET","BEACH  124 STREET","OCEAN PROM","ROCKAWAY BEACH BLVD","QUEENS","40.57668710012175","-73.84334769627152"
"58244028","2023-07-19T19:56:00.000","2023-07-25T12:40:00.000","Catch Basin Clogged/Flooding (Use Comments) (SC)","163 BEACH  124 STREET","BEACH  124 STREET","OCEAN PROM","ROCKAWAY BEACH BLVD","QUEENS","40.576698118583046","-73.84337646882902"
"58246759","2023-07-19T18:14:00.000","2023-07-20T09:00:00.000","Catch Basin Clogged/Flooding (Use Comments) (SC)",,,,,"MANHATTAN","40.73637716939731","-73.98493484247116"
"58251977","2023-07-19T17:47:00.000","2023-07-22T10:00:00.000","Catch Basin Clogged/Flooding (Use Comments) (SC)",,,,,"BRONX","40.872270408144196","-73.88561428002787"
"58244026","2023-07-19T17:26:00.000","2023-07-20T08:35:00.000","Catch Basin Clogged/Flooding (Use Comments) (SC)","2990 GERRITSEN AVENUE","GERRITSEN AVENUE","SEBA AVE","LOIS AVE","BROOKLYN","40.58835470990041","-73.9201462162589"
"58250686","2023-07-19T17:05:00.000","2023-07-25T11:30:00.000","Catch Basin Clogged/Flooding (Use Comments) (SC)",,,,,"QUEENS","40.76282684097441","-73.93397937562771"
"58244027","2023-07-19T16:50:00.000","2023-07-20T09:35:00.000","Catch Basin Clogged/Flooding (Use Comments) (SC)","2077 EAST   28 STREET","EAST   28 STREET","AVENUE T","AVENUE U","BROOKLYN","40.60089329897471","-73.94393449001272"
"58250687","2023-07-19T15:32:00.000","2023-07-26T10:30:00.000","Catch Basin Clogged/Flooding (Use Comments) (SC)","620 ELVIRA AVENUE","ELVIRA AVENUE","VIRGINIA ST","ANNAPOLIS ST","QUEENS","40.603612530755655","-73.73981683981937"
"58249332","2023-07-19T15:20:00.000","2023-07-20T16:20:00.000","Catch Basin Clogged/Flooding (Use Comments) (SC)",,,,,"STATEN ISLAND","40.60792099431477","-74.0892050192879"
"58246760","2023-07-19T15:20:00.000","2023-07-20T10:15:00.000","Catch Basin Clogged/Flooding (Use Comments) (SC)","14 BRIGHTON   10 TERRACE","BRIGHTON   10 TERRACE","CONEY ISLAND AVE","BRIGHTON 10 ST","BROOKLYN","40.580835335821234","-73.95946020447091"
"58248033","2023-07-19T15:11:00.000","2023-07-24T13:00:00.000","Catch Basin Clogged/Flooding (Use Comments) (SC)",,,,,"QUEENS","40.686206730288205","-73.85568515750315"
"58245437","2023-07-19T14:35:00.000","2023-07-19T14:52:00.000","Catch Basin Clogged/Flooding (Use Comments) (SC)","3600 BAYCHESTER AVENUE","BAYCHESTER AVENUE","NEEDHAM AVE","CRAWFORD AVE","BRONX","40.88295018093145","-73.83963893888809"
"58250689","2023-07-19T14:08:00.000","2023-07-19T14:08:00.000","Catch Basin Clogged/Flooding (Use Comments) (SC)",,,,,"BROOKLYN","40.71791023637868","-73.95339933146677"
"58251979","2023-07-19T14:05:00.000","2023-07-20T10:05:00.000","Catch Basin Clogged/Flooding (Use Comments) (SC)","144 EXETER STREET","EXETER STREET","HAMPTON AVE","ORIENTAL BLVD","BROOKLYN","40.5786982303177","-73.94849259859262"
"58249334","2023-07-19T13:47:00.000","2023-07-20T19:00:00.000","Catch Basin Clogged/Flooding (Use Comments) (SC)","310 BADEN PLACE","BADEN PLACE","LINCOLN AVE","GREELEY AVE","STATEN ISLAND","40.57061897822621","-74.09287345548161"
"58245444","2023-07-19T13:32:00.000","2023-07-19T15:10:00.000","Catch Basin Clogged/Flooding (Use Comments) (SC)","5422 GLENWOOD ROAD","GLENWOOD ROAD","E 54 ST","E 55 ST","BROOKLYN","40.635436344838844","-73.92444946423532"
"58244029","2023-07-19T13:17:00.000","2023-07-20T08:50:00.000","Catch Basin Clogged/Flooding (Use Comments) (SC)",,,,,"BROOKLYN","40.591789159255654","-73.93923973902824"
"58244030","2023-07-19T13:08:00.000","2023-07-20T09:50:00.000","Catch Basin Clogged/Flooding (Use Comments) (SC)",,,,,"BROOKLYN","40.61562921760703","-74.02869988941606"
"58244031","2023-07-19T12:29:00.000","2023-07-26T13:31:00.000","Catch Basin Clogged/Flooding (Use Comments) (SC)",,,,,"BRONX","40.82843282838519","-73.88104640162443"
"58248031","2023-07-19T12:23:00.000","2023-07-24T20:53:00.000","Catch Basin Clogged/Flooding (Use Comments) (SC)","132-15 107 AVENUE","107 AVENUE","132 ST","133 ST","QUEENS","40.68750828614852","-73.81229395493435"
"58250682","2023-07-19T12:17:00.000","2023-07-19T14:00:00.000","Catch Basin Clogged/Flooding (Use Comments) (SC)","8202 15 AVENUE","15 AVENUE","82 ST","83 ST","BROOKLYN","40.61361514995847","-74.00722878253194"
"58251973","2023-07-19T12:11:00.000","2023-07-21T09:30:00.000","Catch Basin Clogged/Flooding (Use Comments) (SC)","58-04 HOFFMAN DRIVE","HOFFMAN DRIVE","58 AVE","WOODHAVEN BLVD","QUEENS","40.73337948341344","-73.87301090185727"
"58250683","2023-07-19T11:59:00.000","2023-07-23T12:00:00.000","Catch Basin Clogged/Flooding (Use Comments) (SC)",,,,,"QUEENS","40.68766924344334","-73.81169133433824"
"58249328","2023-07-19T11:53:00.000","2023-07-25T10:00:00.000","Catch Basin Clogged/Flooding (Use Comments) (SC)","149-25 ROCKAWAY BEACH BOULEVARD","ROCKAWAY BEACH BOULEVARD","BEACH 149 ST","JACOB RIIS PARK BNDY","QUEENS","40.568957641483216","-73.86490092586693"
"58245438","2023-07-19T11:26:00.000","2023-07-23T12:30:00.000","Catch Basin Clogged/Flooding (Use Comments) (SC)","112-19 109 AVENUE","109 AVENUE","112 ST","113 ST","QUEENS","40.68066237640252","-73.82781289841223"
"58249329","2023-07-19T11:23:00.000","2023-07-24T08:20:00.000","Catch Basin Clogged/Flooding (Use Comments) (SC)","90-01 207 STREET","207 STREET","90 AVE","93 AVE","QUEENS","40.71824334594219","-73.75616565650256"
"58245439","2023-07-19T11:11:00.000","2023-07-21T11:10:00.000","Catch Basin Clogged/Flooding (Use Comments) (SC)","25-41 44 STREET","44 STREET","25 AVE","28 AVE","QUEENS","40.7660429762301","-73.90881067053894"
"58249330","2023-07-19T11:08:00.000","2023-07-21T11:10:00.000","Catch Basin Clogged/Flooding (Use Comments) (SC)","25-39 44 STREET","44 STREET","25 AVE","28 AVE","QUEENS","40.76604572096986","-73.90881066678088"
"58249331","2023-07-19T10:59:00.000","2023-07-25T13:40:00.000","Catch Basin Clogged/Flooding (Use Comments) (SC)","720 BEACH   20 STREET","BEACH   20 STREET","NEW HAVEN AVE","CORNAGA AVE","QUEENS","40.60203951716838","-73.75340300301833"
"58250684","2023-07-19T10:59:00.000","2023-07-19T14:15:00.000","Catch Basin Clogged/Flooding (Use Comments) (SC)","1672 62 STREET","62 STREET","16 AVE","17 AVE","BROOKLYN","40.6227250292715","-73.99150583174155"
"58246756","2023-07-19T10:32:00.000","2023-07-24T11:40:00.000","Catch Basin Clogged/Flooding (Use Comments) (SC)",,,,,"BROOKLYN","40.698972714172385","-73.94409724498387"
"58246757","2023-07-19T10:23:00.000","2023-07-19T12:15:00.000","Catch Basin Clogged/Flooding (Use Comments) (SC)","3161 BRIGHTON    6 STREET","BRIGHTON    6 STREET","BRIGHTWATER CT","BOARDWALK E","BROOKLYN","40.57565646054453","-73.96110482851864"
"58245440","2023-07-19T10:11:00.000","2023-07-19T10:20:00.000","Catch Basin Clogged/Flooding (Use Comments) (SC)","75-04 197 STREET","197 STREET","75 AVE","UNION TPKE","QUEENS","40.733060205224945","-73.77395064657925"
"58248032","2023-07-19T10:08:00.000","2023-07-19T11:15:00.000","Catch Basin Clogged/Flooding (Use Comments) (SC)","75-03 197 STREET","197 STREET","75 AVE","UNION TPKE","QUEENS","40.73309587274489","-73.77394330907045"
"58245441","2023-07-19T09:56:00.000","2023-07-22T11:50:00.000","Catch Basin Clogged/Flooding (Use Comments) (SC)","4100 BARNES AVENUE","BARNES AVENUE","E 229 ST","E 230 ST","BRONX","40.889816959200765","-73.85595925755841"
"58245442","2023-07-19T09:44:00.000","2023-07-20T13:35:00.000","Catch Basin Clogged/Flooding (Use Comments) (SC)","201 ONDERDONK AVENUE","ONDERDONK AVENUE","STARR ST","WILLOUGHBY AVE","QUEENS","40.710262640724345","-73.9178179344332"
"58251974","2023-07-19T09:26:00.000","2023-07-21T08:35:00.000","Catch Basin Clogged/Flooding (Use Comments) (SC)","130-51 SPRINGFIELD BOULEVARD","SPRINGFIELD BOULEVARD","130 AVE","193 ST","QUEENS","40.68443015091369","-73.75090249572266"
"58251975","2023-07-19T09:23:00.000","2023-07-20T11:25:00.000","Catch Basin Clogged/Flooding (Use Comments) (SC)","310 22 STREET","22 STREET","6 AVE","7 AVE","BROOKLYN","40.65906047532468","-73.9911551981791"
"58251976","2023-07-19T09:14:00.000","2023-07-25T09:40:00.000","Catch Basin Clogged/Flooding (Use Comments) (SC)","116-25 GUY R BREWER BOULEVARD","GUY R BREWER BOULEVARD","BEDELL ST","FOCH BLVD","QUEENS","40.686207307097064","-73.7841441895858"
"58245443","2023-07-19T09:08:00.000","2023-07-19T10:45:00.000","Catch Basin Clogged/Flooding (Use Comments) (SC)","49-04 HANFORD STREET","HANFORD STREET","MARYLAND RD","51 AVE","QUEENS","40.76052187520571","-73.74395433892127"
"58244025","2023-07-19T08:26:00.000","2023-07-25T09:40:00.000","Catch Basin Clogged/Flooding (Use Comments) (SC)",,,,,"QUEENS","40.69968751098795","-73.73574167313504"
"58246758","2023-07-19T08:17:00.000","2023-07-24T11:50:00.000","Catch Basin Clogged/Flooding (Use Comments) (SC)","90-02 199 STREET","199 STREET","90 AVE","93 AVE","QUEENS","40.71605258220399","-73.76119508042714"
"58242614","2023-07-19T07:59:00.000","2023-07-21T14:00:00.000","Catch Basin Clogged/Flooding (Use Comments) (SC)",,,,,"BRONX","40.861164337464984","-73.85756861957913"
"58250685","2023-07-19T07:29:00.000","2023-07-24T10:15:00.000","Catch Basin Clogged/Flooding (Use Comments) (SC)",,,,,"STATEN ISLAND","40.556534396904766","-74.12811764331059"
"58242615","2023-07-19T06:56:00.000","2023-07-24T14:15:00.000","Catch Basin Clogged/Flooding (Use Comments) (SC)","109-23 SPRINGFIELD BOULEVARD","SPRINGFIELD BOULEVARD","109 AVE","110 AVE","QUEENS","40.70865503611537","-73.73829229629919"
"58238404","2023-07-18T23:50:00.000","2023-07-19T12:45:00.000","Catch Basin Clogged/Flooding (Use Comments) (SC)","59-83 60 PLACE","60 PLACE","59 DR","60 AVE","QUEENS","40.71688110474581","-73.90466813462622"
"58233001","2023-07-18T21:41:00.000","2023-07-19T10:05:00.000","Catch Basin Clogged/Flooding (Use Comments) (SC)","2009 EAST   55 STREET","EAST   55 STREET","AVENUE T","AVENUE U","BROOKLYN","40.61309438615447","-73.92131960958004"
"58235726","2023-07-18T20:53:00.000","2023-07-18T22:55:00.000","Catch Basin Clogged/Flooding (Use Comments) (SC)","70-20 ROCKAWAY BEACH BOULEVARD","ROCKAWAY BEACH BOULEVARD","CORAL REEF WAY","SCHOONER ST","QUEENS","40.58956376846801","-73.79967588630932"
"58239730","2023-07-18T19:32:00.000","2023-07-19T11:20:00.000","Catch Basin Clogged/Flooding (Use Comments) (SC)",,,,,"BROOKLYN","40.60495309336484","-73.96542374777039"
"58233002","2023-07-18T19:02:00.000","2023-07-19T11:05:00.000","Catch Basin Clogged/Flooding (Use Comments) (SC)",,,,,"BROOKLYN","40.606876099399805","-73.94794865282867"
"58235727","2023-07-18T18:14:00.000","2023-07-18T18:14:00.000","Catch Basin Clogged/Flooding (Use Comments) (SC)","333 PEARL STREET","PEARL STREET","PECK SLIP","FDR DRIVE EXIT 2 NB","MANHATTAN","40.70925169331099","-74.0020162864813"
"58233003","2023-07-18T18:11:00.000","2023-07-20T11:15:00.000","Catch Basin Clogged/Flooding (Use Comments) (SC)",,,,,"QUEENS","40.68334215870611","-73.80432297263866"
"58234388","2023-07-18T18:08:00.000","2023-07-21T07:45:00.000","Catch Basin Clogged/Flooding (Use Comments) (SC)",,,,,"QUEENS","40.68484101002019","-73.80606370462864"
"58237076","2023-07-18T17:59:00.000","2023-07-18T22:59:00.000","Catch Basin Clogged/Flooding (Use Comments) (SC)",,,,,"QUEENS","40.702042628316065","-73.85026266467501"
"58235728","2023-07-18T17:56:00.000","2023-07-20T11:45:00.000","Catch Basin Clogged/Flooding (Use Comments) (SC)","466 FANNING STREET","FANNING STREET","PORTAGE AVE","MANOR RD","STATEN ISLAND","40.60042461073612","-74.12237531898012"
"58234389","2023-07-18T17:05:00.000","2023-07-19T10:40:00.000","Catch Basin Clogged/Flooding (Use Comments) (SC)","3000 AVENUE Y","AVENUE Y","BATCHELDER ST","COYLE ST","BROOKLYN","40.59202402564998","-73.93703594506762"
"58235729","2023-07-18T16:56:00.000","2023-07-19T13:40:00.000","Catch Basin Clogged/Flooding (Use Comments) (SC)","102 COMMERCE STREET","COMMERCE STREET","VAN BRUNT ST","IMLAY ST","BROOKLYN","40.68132335048843","-74.00893067976263"
"58237079","2023-07-18T16:50:00.000","2023-07-23T09:15:00.000","Catch Basin Clogged/Flooding (Use Comments) (SC)","4-21 27 AVENUE","27 AVENUE","4 ST","8 ST","QUEENS","40.77458197598908","-73.93295678363167"
"58231608","2023-07-18T16:44:00.000","2023-07-26T11:25:00.000","Catch Basin Clogged/Flooding (Use Comments) (SC)","3611 WALDO AVENUE","WALDO AVENUE","W 236 ST","W 238 ST","BRONX","40.88597887936154","-73.90544190080955"
"58237080","2023-07-18T16:35:00.000","2023-07-19T11:10:00.000","Catch Basin Clogged/Flooding (Use Comments) (SC)","199 BEACH   96 STREET","BEACH   96 STREET","WOODROW COTTAGES","ROCKAWAY BEACH BLVD","QUEENS","40.58509265097679","-73.81792459107642"
"58231609","2023-07-18T16:14:00.000","2023-07-19T13:20:00.000","Catch Basin Clogged/Flooding (Use Comments) (SC)","911 LINDEN BOULEVARD","LINDEN BOULEVARD","E 56 ST","E 57 ST","BROOKLYN","40.654215908738315","-73.9240569874516"
"58235730","2023-07-18T16:11:00.000","2023-07-21T10:40:00.000","Catch Basin Clogged/Flooding (Use Comments) (SC)",,,,,"BROOKLYN","40.573197983508415","-73.99277199192521"
"58231610","2023-07-18T15:53:00.000","2023-07-18T15:53:00.000","Catch Basin Clogged/Flooding (Use Comments) (SC)",,,,,"BROOKLYN","40.72078923636976","-73.94650323768592"
"58241153","2023-07-18T15:32:00.000","2023-07-19T12:50:00.000","Catch Basin Clogged/Flooding (Use Comments) (SC)","2727 MERMAID AVENUE","MERMAID AVENUE","W 27 ST","W 28 ST","BROOKLYN","40.57566286758343","-73.99361766372546"
"58234390","2023-07-18T15:26:00.000","2023-07-19T06:36:00.000","Catch Basin Clogged/Flooding (Use Comments) (SC)","1 WEST   93 STREET","WEST   93 STREET","CENTRAL PARK W","COLUMBUS AVE","MANHATTAN","40.78992046784691","-73.96651220153939"
"58237082","2023-07-18T15:20:00.000","2023-07-21T12:15:00.000","Catch Basin Clogged/Flooding (Use Comments) (SC)","144-50 158 STREET","158 STREET","BEND","145 RD","QUEENS","40.66493763438767","-73.77961719646378"
"58237081","2023-07-18T15:20:00.000","2023-07-19T10:15:00.000","Catch Basin Clogged/Flooding (Use Comments) (SC)","1 CENTRAL PARK WEST","CENTRAL PARK WEST","COLUMBUS CIR","W 61 ST","MANHATTAN","40.76852864622802","-73.98158816874908"
"58238405","2023-07-18T15:08:00.000","2023-07-19T08:50:00.000","Catch Basin Clogged/Flooding (Use Comments) (SC)","520 BEACH   19 STREET","BEACH   19 STREET","MUHLEBACH CT","NEW HAVEN AVE","QUEENS","40.59995922791028","-73.75225474507485"
"58241154","2023-07-18T14:53:00.000","2023-07-19T10:15:00.000","Catch Basin Clogged/Flooding (Use Comments) (SC)","2969 AVENUE R","AVENUE R","GERRITSEN AVE","STUART ST","BROOKLYN","40.60831714178724","-73.94225355795665"
"58238406","2023-07-18T14:50:00.000","2023-07-26T12:20:00.000","Catch Basin Clogged/Flooding (Use Comments) (SC)","324 BEACH   87 STREET","BEACH   87 STREET","ROCKAWAY FRWY","DORMANS CT","QUEENS","40.58932986940044","-73.81233228922463"
"58231611","2023-07-18T14:38:00.000","2023-07-19T11:45:00.000","Catch Basin Clogged/Flooding (Use Comments) (SC)","2820 AVENUE Z","AVENUE Z","E 28 ST","E 29 ST","BROOKLYN","40.5893694105325","-73.94148503855995"
"58234391","2023-07-18T14:35:00.000","2023-07-19T13:25:00.000","Catch Basin Clogged/Flooding (Use Comments) (SC)","3594 CANAL AVENUE","CANAL AVENUE","DEAD END","W 36 ST","BROOKLYN","40.57901716798291","-74.00246594467565"
"58239731","2023-07-18T14:35:00.000","2023-07-24T13:00:00.000","Catch Basin Clogged/Flooding (Use Comments) (SC)","220-45 138 AVENUE","138 AVENUE","220 PL","222 ST","QUEENS","40.673510822147605","-73.7506368506321"
"58239732","2023-07-18T14:32:00.000","2023-07-19T09:25:00.000","Catch Basin Clogged/Flooding (Use Comments) (SC)","843 EAST   57 STREET","EAST   57 STREET","AVENUE H","AVENUE I","BROOKLYN","40.63208296879653","-73.92148096444203"
"58238407","2023-07-18T14:26:00.000","2023-07-24T13:35:00.000","Catch Basin Clogged/Flooding (Use Comments) (SC)","77-04 JAMAICA AVENUE","JAMAICA AVENUE","77 ST","78 ST","QUEENS","40.69174269845606","-73.8645187178307"
"58234392","2023-07-18T14:23:00.000","2023-07-21T10:50:00.000","Catch Basin Clogged/Flooding (Use Comments) (SC)",,,,,"QUEENS","40.669666651128296","-73.76560403934718"
"58239733","2023-07-18T14:23:00.000","2023-07-19T11:55:00.000","Catch Basin Clogged/Flooding (Use Comments) (SC)","218-16 HORACE HARDING EXPRESSWAY","HORACE HARDING EXPRESSWAY","218 ST","219 ST","QUEENS","40.74800604216391","-73.7593517975086"
"58231612","2023-07-18T14:23:00.000","2023-07-24T12:10:00.000","Catch Basin Clogged/Flooding (Use Comments) (SC)","253-26 CRAFT AVENUE","CRAFT AVENUE","HUXLEY ST","254 ST","QUEENS","40.64972072275114","-73.73664231417872"
"58237077","2023-07-18T14:23:00.000","2023-07-18T14:31:00.000","Catch Basin Clogged/Flooding (Use Comments) (SC)","88-31 COMMONWEALTH BOULEVARD","COMMONWEALTH BOULEVARD","88 RD","88 DR","QUEENS","40.728240636301614","-73.71918679923289"
"58239734","2023-07-18T14:20:00.000","2023-07-19T12:15:00.000","Catch Basin Clogged/Flooding (Use Comments) (SC)","2724 NEWKIRK AVENUE","NEWKIRK AVENUE","ROGERS AVE","E 28 ST","BROOKLYN","40.63981767616491","-73.95098928000546"
"58231613","2023-07-18T14:17:00.000","2023-07-26T11:25:00.000","Catch Basin Clogged/Flooding (Use Comments) (SC)","88-19 COMMONWEALTH BOULEVARD","COMMONWEALTH BOULEVARD","87 DR","88 RD","QUEENS","40.72868848662032","-73.719372529206"
"58239735","2023-07-18T14:14:00.000","2023-07-27T09:50:00.000","Catch Basin Clogged/Flooding (Use Comments) (SC)","240-23 BRADDOCK AVENUE","BRADDOCK AVENUE","241 ST","241 ST","QUEENS","40.72638862587608","-73.72747833730877"
"58241150","2023-07-18T14:14:00.000","2023-07-18T14:20:00.000","Catch Basin Clogged/Flooding (Use Comments) (SC)",,,,,"BROOKLYN","40.657655149757396","-73.87916680006359"
"58233004","2023-07-18T14:11:00.000","2023-07-24T13:20:00.000","Catch Basin Clogged/Flooding (Use Comments) (SC)","75-04 JAMAICA AVENUE","JAMAICA AVENUE","75 ST","76 ST","QUEENS","40.69144016719959","-73.86634757114167"
"58241155","2023-07-18T14:05:00.000","2023-07-19T10:30:00.000","Catch Basin Clogged/Flooding (Use Comments) (SC)","3071 AVENUE U","AVENUE U","COYLE ST","BRAGG ST","BROOKLYN","40.601026680423104","-73.93651609807364"
"58232997","2023-07-18T14:05:00.000","2023-07-18T14:28:00.000","Catch Basin Clogged/Flooding (Use Comments) (SC)",,,,,"QUEENS","40.69914144729361","-73.74930398113321"
"58239727","2023-07-18T14:02:00.000","2023-07-18T14:24:00.000","Catch Basin Clogged/Flooding (Use Comments) (SC)","145-01 89 AVENUE","89 AVENUE","145 ST","146 ST","QUEENS","40.70336468191623","-73.8105181198723"
"58231614","2023-07-18T14:02:00.000","2023-07-26T09:40:00.000","Catch Basin Clogged/Flooding (Use Comments) (SC)","204-19 115 AVENUE","115 AVENUE","204 ST","205 ST","QUEENS","40.69898364792647","-73.74994651580529"
"58241156","2023-07-18T13:59:00.000","2023-07-19T09:40:00.000","Catch Basin Clogged/Flooding (Use Comments) (SC)","56-03 202 STREET","202 STREET","56 AVE","58 AVE","QUEENS","40.747410276583096","-73.77559098124824"
"58237083","2023-07-18T13:56:00.000","2023-07-26T10:05:00.000","Catch Basin Clogged/Flooding (Use Comments) (SC)","141-20 183 STREET","183 STREET","141 AVE","BEND","QUEENS","40.670257676871415","-73.7607065665326"
"58233005","2023-07-18T13:50:00.000","2023-07-20T17:40:00.000","Catch Basin Clogged/Flooding (Use Comments) (SC)","144 HAVEN AVENUE","HAVEN AVENUE","ADAMS AVE","HUNTER AVE","STATEN ISLAND","40.578881784069594","-74.09833881503705"
"58231615","2023-07-18T13:50:00.000","2023-07-19T08:50:00.000","Catch Basin Clogged/Flooding (Use Comments) (SC)",,,,,"BROOKLYN","40.657655149757396","-73.87916680006359"
"58238408","2023-07-18T13:47:00.000","2023-07-24T12:00:00.000","Catch Basin Clogged/Flooding (Use Comments) (SC)","196-03 89 AVENUE","89 AVENUE","196 ST","197 ST","QUEENS","40.71649509920158","-73.7654970726791"
"58239736","2023-07-18T13:47:00.000","2023-07-26T08:55:00.000","Catch Basin Clogged/Flooding (Use Comments) (SC)","145-01 89 AVENUE","89 AVENUE","145 ST","146 ST","QUEENS","40.70336468191623","-73.8105181198723"
"58241157","2023-07-18T13:47:00.000","2023-07-26T09:20:00.000","Catch Basin Clogged/Flooding (Use Comments) (SC)","192-14 109 AVENUE","109 AVENUE","192 ST","193 ST","QUEENS","40.70495994104933","-73.76470088850871"
"58237085","2023-07-18T13:44:00.000","2023-07-19T11:15:00.000","Catch Basin Clogged/Flooding (Use Comments) (SC)","143 PERRY STREET","PERRY STREET","GREENWICH ST","WASHINGTON ST","MANHATTAN","40.73487924266658","-74.00798525605133"
"58233006","2023-07-18T13:44:00.000","2023-07-19T10:55:00.000","Catch Basin Clogged/Flooding (Use Comments) (SC)","1952 EAST   24 STREET","EAST   24 STREET","AVENUE S","AVENUE T","BROOKLYN","40.60319820674925","-73.94824682052031"
"58237084","2023-07-18T13:44:00.000","2023-07-25T17:00:00.000","Catch Basin Clogged/Flooding (Use Comments) (SC)",,,,,"QUEENS","40.70601189481991","-73.76911549315048"
"58233007","2023-07-18T13:41:00.000","2023-07-24T09:45:00.000","Catch Basin Clogged/Flooding (Use Comments) (SC)","61 ANDREWS AVENUE","ANDREWS AVENUE","ARDSLEY ST","NATICK ST","STATEN ISLAND","40.57122842947994","-74.13671624455424"
"58231616","2023-07-18T13:41:00.000","2023-07-24T09:15:00.000","Catch Basin Clogged/Flooding (Use Comments) (SC)","111 GOODALL STREET","GOODALL STREET","BEND","TENNYSON DR","STATEN ISLAND","40.53809370886964","-74.14513188298248"
"58237086","2023-07-18T13:38:00.000","2023-07-19T10:25:00.000","Catch Basin Clogged/Flooding (Use Comments) (SC)","178-15 80 DRIVE","80 DRIVE","TRYON PL","DUMFRIES PL","QUEENS","40.724742350114035","-73.78922543251167"
"58235731","2023-07-18T13:38:00.000","2023-07-18T17:50:00.000","Catch Basin Clogged/Flooding (Use Comments) (SC)","1002 QUENTIN ROAD","QUENTIN ROAD","E 10 ST","CONEY ISLAND AVE","BROOKLYN","40.607773830791835","-73.96251229897008"
"58241158","2023-07-18T13:38:00.000","2023-07-19T08:20:00.000","Catch Basin Clogged/Flooding (Use Comments) (SC)",,,,,"QUEENS","40.691968251517565","-73.78250282623983"
"58231617","2023-07-18T13:38:00.000","2023-07-22T10:50:00.000","Catch Basin Clogged/Flooding (Use Comments) (SC)",,,,,"BRONX","40.869062541878975","-73.88912695333434"
"58235734","2023-07-18T13:35:00.000","2023-07-27T11:00:00.000","Catch Basin Clogged/Flooding (Use Comments) (SC)",,,,,"BROOKLYN","40.65524967517434","-73.95296016121958"
"58231618","2023-07-18T13:35:00.000","2023-07-25T14:20:00.000","Catch Basin Clogged/Flooding (Use Comments) (SC)","155-45 LINDEN BOULEVARD","LINDEN BOULEVARD","155 ST","157 ST","QUEENS","40.68718209181099","-73.79180329383608"
"58235732","2023-07-18T13:35:00.000","2023-07-18T18:45:00.000","Catch Basin Clogged/Flooding (Use Comments) (SC)",,,,,"BROOKLYN","40.60776051159725","-73.91269677182537"
"58235733","2023-07-18T13:35:00.000","2023-07-19T09:20:00.000","Catch Basin Clogged/Flooding (Use Comments) (SC)","196 WATCHOGUE ROAD","WATCHOGUE ROAD","ST JOHN AVE","NEAL DOW AVE","STATEN ISLAND","40.615719925188785","-74.1358780765991"
"58231619","2023-07-18T13:35:00.000","2023-07-25T15:40:00.000","Catch Basin Clogged/Flooding (Use Comments) (SC)","138-03 115 AVENUE","115 AVENUE","VAN WYCK EXPRESSWAY SR E","139 ST","QUEENS","40.68139863776017","-73.80419527365399"
"58241161","2023-07-18T13:26:00.000","2023-07-19T07:45:00.000","Catch Basin Clogged/Flooding (Use Comments) (SC)","12-79 REDFERN AVENUE","REDFERN AVENUE","BEACH 12 ST","HASSOCK ST","QUEENS","40.60960684014446","-73.75080712159205"
"58234393","2023-07-18T13:26:00.000","2023-07-24T08:45:00.000","Catch Basin Clogged/Flooding (Use Comments) (SC)","592 ARMSTRONG AVENUE","ARMSTRONG AVENUE","WILSON AVE","LAMOKA AVE","STATEN ISLAND","40.548882954182304","-74.16005948072552"
"58241160","2023-07-18T13:26:00.000","2023-07-19T11:35:00.000","Catch Basin Clogged/Flooding (Use Comments) (SC)","90-12 BEACH CHANNEL DRIVE","BEACH CHANNEL DRIVE","BEACH 90 ST","BEACH 91 ST","QUEENS","40.58929694314691","-73.81573123629947"
"58237087","2023-07-18T13:26:00.000","2023-07-18T18:55:00.000","Catch Basin Clogged/Flooding (Use Comments) (SC)","2791 STRICKLAND AVENUE","STRICKLAND AVENUE","NATIONAL DR","BEND","BROOKLYN","40.60829181379357","-73.9147705407802"
"58234394","2023-07-18T13:23:00.000","2023-07-21T11:55:00.000","Catch Basin Clogged/Flooding (Use Comments) (SC)",,,,,"QUEENS","40.65482654159741","-73.83395955711099"
"58239737","2023-07-18T13:23:00.000","2023-07-19T10:45:00.000","Catch Basin Clogged/Flooding (Use Comments) (SC)","109-05 124 STREET","124 STREET","109 AVE","111 AVE","QUEENS","40.683237783533485","-73.81764580046342"
"58239728","2023-07-18T13:17:00.000","2023-07-18T13:25:00.000","Catch Basin Clogged/Flooding (Use Comments) (SC)","3001 WEST   37 STREET","WEST   37 STREET","ATLANTIC AVE","BOARDWALK W","BROOKLYN","40.57317622506765","-74.00250892429382"
"58238410","2023-07-18T13:08:00.000","2023-07-18T20:00:00.000","Catch Basin Clogged/Flooding (Use Comments) (SC)","2795 STRICKLAND AVENUE","STRICKLAND AVENUE","NATIONAL DR","BEND","BROOKLYN","40.60833841918082","-73.91469484973855"
"58239738","2023-07-18T13:08:00.000","2023-07-24T09:30:00.000","Catch Basin Clogged/Flooding (Use Comments) (SC)","1169 MASON AVENUE","MASON AVENUE","BEDFORD AVE","MIDLAND AVE","STATEN ISLAND","40.57558923353274","-74.09690847170118"
"58238409","2023-07-18T13:08:00.000","2023-07-28T08:00:00.000","Catch Basin Clogged/Flooding (Use Comments) (SC)",,,,,"BRONX","40.810472098174266","-73.88445613491243"
"58233009","2023-07-18T12:53:00.000","2023-07-22T10:10:00.000","Catch Basin Clogged/Flooding (Use Comments) (SC)","11-01 43 AVENUE","43 AVENUE","11 ST","12 ST","QUEENS","40.75178638925487","-73.94792565667927"
"58239739","2023-07-18T12:50:00.000","2023-07-24T08:15:00.000","Catch Basin Clogged/Flooding (Use Comments) (SC)","84 ALMOND STREET","ALMOND STREET","WOODROW RD","VESPA AVE","STATEN ISLAND","40.55059633774067","-74.19024692426589"
"58231620","2023-07-18T12:47:00.000","2023-07-22T10:30:00.000","Catch Basin Clogged/Flooding (Use Comments) (SC)","11-01 43 AVENUE","43 AVENUE","11 ST","12 ST","QUEENS","40.75178638925487","-73.94792565667927"
"58233010","2023-07-18T12:47:00.000","2023-07-20T18:20:00.000","Catch Basin Clogged/Flooding (Use Comments) (SC)","150 LAMOKA AVENUE","LAMOKA AVENUE","BROOKFIELD AVE","ABINGDON AVE","STATEN ISLAND","40.550607129927734","-74.15575273435333"
"58235735","2023-07-18T12:41:00.000","2023-07-19T11:20:00.000","Catch Basin Clogged/Flooding (Use Comments) (SC)","5524 7 AVENUE","7 AVENUE","55 ST","56 ST","BROOKLYN","40.63946819988633","-74.00901876073277"
"58241163","2023-07-18T12:26:00.000","2023-07-19T09:00:00.000","Catch Basin Clogged/Flooding (Use Comments) (SC)","2 SIMONSON PLACE","SIMONSON PLACE","BOND ST","CASTLETON AVE","STATEN ISLAND","40.63442124971512","-74.13023075940288"
"58241162","2023-07-18T12:26:00.000","2023-07-20T11:20:00.000","Catch Basin Clogged/Flooding (Use Comments) (SC)",,,,,"STATEN ISLAND","40.5504345086733","-74.13607276820393"
"58234395","2023-07-18T11:53:00.000","2023-07-29T13:50:00.000","Catch Basin Clogged/Flooding (Use Comments) (SC)","246 EAST  169 STREET","EAST  169 STREET","SHERIDAN AVE","GRANT AVE","BRONX","40.83567247922553","-73.91400584963273"
"58241151","2023-07-18T11:29:00.000","2023-07-19T14:20:00.000","Catch Basin Clogged/Flooding (Use Comments) (SC)","6975 AMBOY ROAD","AMBOY ROAD","PAGE AVE","BETHEL CEMETERY BNDY","STATEN ISLAND","40.5161879654868","-74.2330414195415"
"58241149","2023-07-18T11:02:00.000","2023-07-18T13:11:00.000","Catch Basin Clogged/Flooding (Use Comments) (SC)","1340 EDWARD L G HIGHWAY","EDWARD L G HIGHWAY","JESUP AVE","SHAKESPEARE AVE","BRONX","40.8403410767214","-73.9214845363449"
"58241152","2023-07-18T10:59:00.000","2023-07-18T12:30:00.000","Catch Basin Clogged/Flooding (Use Comments) (SC)",,,,,"QUEENS","40.711139151546355","-73.8734356208157"
"58232999","2023-07-18T10:35:00.000","2023-07-20T12:40:00.000","Catch Basin Clogged/Flooding (Use Comments) (SC)","33-46 59 STREET","59 STREET","60 ST","34 AVE","QUEENS","40.75227010492807","-73.90243026385022"
"58238403","2023-07-18T10:20:00.000","2023-07-23T08:00:00.000","Catch Basin Clogged/Flooding (Use Comments) (SC)","3231 STEUBEN AVENUE","STEUBEN AVENUE","E MOSHOLU PKWY N","E 208 ST","BRONX","40.8774429668053","-73.88171086319859"
"58239729","2023-07-18T10:05:00.000","2023-07-18T13:40:00.000","Catch Basin Clogged/Flooding (Use Comments) (SC)","64-07 228 STREET","228 STREET","64 AVE","67 AVE","QUEENS","40.748745045007524","-73.74936634341023"
"58233000","2023-07-18T09:59:00.000","2023-07-21T13:00:00.000","Catch Basin Clogged/Flooding (Use Comments) (SC)",,,,,"BRONX","40.87115871559904","-73.85176564355154"
"58234387","2023-07-18T09:47:00.000","2023-07-22T12:00:00.000","Catch Basin Clogged/Flooding (Use Comments) (SC)","333 PEARL STREET","PEARL STREET","PECK SLIP","FDR DRIVE EXIT 2 NB","MANHATTAN","40.70925169331099","-74.0020162864813"
"58231607","2023-07-18T07:14:00.000","2023-07-18T12:30:00.000","Catch Basin Clogged/Flooding (Use Comments) (SC)","2230 5 AVENUE","5 AVENUE","E 135 ST","W 136 ST","MANHATTAN","40.813183574373184","-73.93732164068847"
"58234385","2023-07-18T04:35:00.000","2023-07-18T07:31:00.000","Catch Basin Clogged/Flooding (Use Comments) (SC)",,,,,"BRONX","40.843863246651146","-73.88338253189656"
"58224531","2023-07-17T22:14:00.000","2023-07-18T09:05:00.000","Catch Basin Clogged/Flooding (Use Comments) (SC)","5601 11 AVENUE","11 AVENUE","56 ST","57 ST","BROOKLYN","40.63367705101916","-74.00067733914456"
"58221546","2023-07-17T19:23:00.000","2023-07-19T13:40:00.000","Catch Basin Clogged/Flooding (Use Comments) (SC)","9517 AVENUE A","AVENUE A","E 95 ST","E 96 ST","BROOKLYN","40.65364089459252","-73.9143161720281"
"58222665","2023-07-17T16:59:00.000","2023-07-18T08:05:00.000","Catch Basin Clogged/Flooding (Use Comments) (SC)","1238 EAST   27 STREET","EAST   27 STREET","AVENUE L","AVENUE M","BROOKLYN","40.620674490288174","-73.94864031501673"
"58222614","2023-07-17T16:41:00.000","2023-07-18T10:00:00.000","Catch Basin Clogged/Flooding (Use Comments) (SC)","420 CARLTON BOULEVARD","CARLTON BOULEVARD","HALPIN AVE","WOODROW RD","STATEN ISLAND","40.55203287526886","-74.18628909497694"
"58229776","2023-07-17T15:59:00.000","2023-07-18T10:00:00.000","Catch Basin Clogged/Flooding (Use Comments) (SC)","87 GRAHAM AVENUE","GRAHAM AVENUE","SEIGEL ST","MC KIBBIN ST","BROOKLYN","40.70464000543895","-73.94277243888257"
"58222666","2023-07-17T15:35:00.000","2023-07-19T11:25:00.000","Catch Basin Clogged/Flooding (Use Comments) (SC)","154-02 58 ROAD","58 ROAD","KISSENA BLVD","155 ST","QUEENS","40.741473960553414","-73.81448396663659"
"58224468","2023-07-17T14:29:00.000","2023-07-18T11:20:00.000","Catch Basin Clogged/Flooding (Use Comments) (SC)","177A 31 STREET","31 STREET","4 AVE","5 AVE","BROOKLYN","40.65672500402015","-74.00086138289596"
"58229870","2023-07-17T13:59:00.000","2023-07-26T10:30:00.000","Catch Basin Clogged/Flooding (Use Comments) (SC)","266 EAST  236 STREET","EAST  236 STREET","KEPLER AVE","KATONAH AVE","BRONX","40.89812649027726","-73.86860870700076"
"58221579","2023-07-17T13:17:00.000","2023-07-18T12:00:00.000","Catch Basin Clogged/Flooding (Use Comments) (SC)","1266 SUTTER AVENUE","SUTTER AVENUE","DOSCHER ST","EUCLID AVE","BROOKLYN","40.67284180320558","-73.87137053878159"
"58225364","2023-07-17T13:11:00.000","2023-07-18T07:50:00.000","Catch Basin Clogged/Flooding (Use Comments) (SC)","4713 AVENUE H","AVENUE H","SCHENECTADY AVE","E 48 ST","BROOKLYN","40.63268746673939","-73.93104572874151"
"58228466","2023-07-17T13:02:00.000","2023-07-18T11:40:00.000","Catch Basin Clogged/Flooding (Use Comments) (SC)","1119 PARK PLACE","PARK PLACE","HAMPTON PL","VIRGINIA PL","BROOKLYN","40.67290105676738","-73.94047806055873"
"58229871","2023-07-17T12:59:00.000","2023-07-20T10:30:00.000","Catch Basin Clogged/Flooding (Use Comments) (SC)","311 EAST    3 STREET","EAST    3 STREET","AVENUE C","AVENUE D","MANHATTAN","40.72129941957588","-73.97968918595875"
"58227190","2023-07-17T12:53:00.000","2023-07-20T10:45:00.000","Catch Basin Clogged/Flooding (Use Comments) (SC)","5624 8 AVENUE","8 AVENUE","56 ST","57 ST","BROOKLYN","40.6375799023536","-74.007400723268"
"58225530","2023-07-17T12:50:00.000","2023-07-20T08:40:00.000","Catch Basin Clogged/Flooding (Use Comments) (SC)","476 MARCUS GARVEY BOULEVARD","MARCUS GARVEY BOULEVARD","DECATUR ST","FULTON ST","BROOKLYN","40.680491558682455","-73.93756172956628"
"58227193","2023-07-17T12:23:00.000","2023-07-26T19:55:00.000","Catch Basin Clogged/Flooding (Use Comments) (SC)",,,,,"QUEENS","40.66151521661018","-73.83561533947135"
"58231440","2023-07-17T12:05:00.000","2023-07-18T09:00:00.000","Catch Basin Clogged/Flooding (Use Comments) (SC)","85 NORTH    6 STREET","NORTH    6 STREET","WYTHE AVE","BERRY ST","BROOKLYN","40.718750099568666","-73.96066418284931"
"58227194","2023-07-17T11:29:00.000","2023-07-18T11:00:00.000","Catch Basin Clogged/Flooding (Use Comments) (SC)","70-01 65 PLACE","65 PLACE","70 AVE","CENTRAL AVE","QUEENS","40.70375932404111","-73.89031076104717"
"58224469","2023-07-17T11:23:00.000","2023-07-17T12:05:00.000","Catch Basin Clogged/Flooding (Use Comments) (SC)","1724 AVENUE X","AVENUE X","E 17 ST","E 18 ST","BROOKLYN","40.59243787420642","-73.95295039895004"
"58225365","2023-07-17T11:05:00.000","2023-07-23T12:45:00.000","Catch Basin Clogged/Flooding (Use Comments) (SC)","2311 WHITE PLAINS ROAD","WHITE PLAINS ROAD","BOSTON RD","WARING AVE","BRONX","40.860468058703795","-73.86751902606873"
"58228537","2023-07-17T10:53:00.000","2023-07-18T10:45:00.000","Catch Basin Clogged/Flooding (Use Comments) (SC)",,,,,"STATEN ISLAND","40.630805917164594","-74.10368249559374"
"58221544","2023-07-17T10:50:00.000","2023-07-18T09:30:00.000","Catch Basin Clogged/Flooding (Use Comments) (SC)","129 JEANNETTE AVENUE","JEANNETTE AVENUE","LUCY LOOP","ARDEN AVE","STATEN ISLAND","40.5420242701985","-74.17289127174857"
"58228651","2023-07-17T10:41:00.000","2023-07-18T09:30:00.000","Catch Basin Clogged/Flooding (Use Comments) (SC)","178 HEWES STREET","HEWES STREET","LEE AVE","MARCY AVE","BROOKLYN","40.70387775066435","-73.95722859608287"
"58221587","2023-07-17T10:26:00.000","2023-07-18T11:45:00.000","Catch Basin Clogged/Flooding (Use Comments) (SC)","585 4 STREET","4 STREET","8 AVE","PROSPECT PARK W","BROOKLYN","40.66803081409171","-73.97515624571109"
"58225377","2023-07-17T10:23:00.000","2023-07-19T11:45:00.000","Catch Basin Clogged/Flooding (Use Comments) (SC)",,,,,"QUEENS","40.744791406467726","-73.91742167156947"
"58230005","2023-07-17T10:20:00.000","2023-07-19T11:20:00.000","Catch Basin Clogged/Flooding (Use Comments) (SC)",,,,,"QUEENS","40.74586539005836","-73.92669530661024"
"58228652","2023-07-17T10:17:00.000","2023-07-19T11:00:00.000","Catch Basin Clogged/Flooding (Use Comments) (SC)",,,,,"QUEENS","40.744901857658064","-73.91834901791745"
"58225269","2023-07-17T10:11:00.000","2023-07-31T12:50:00.000","Catch Basin Clogged/Flooding (Use Comments) (SC)","78-21 QUEENS BOULEVARD","QUEENS BOULEVARD","ALBION AVE","BARNWELL AVE","QUEENS","40.738291832331825","-73.88536435653789"
"58224470","2023-07-17T10:02:00.000","2023-07-18T08:35:00.000","Catch Basin Clogged/Flooding (Use Comments) (SC)","2 BAYARD STREET","BAYARD STREET","ROEBLING ST","LORIMER ST","BROOKLYN","40.71882914967173","-73.95198456017273"
"58222726","2023-07-17T09:50:00.000","2023-07-18T12:55:00.000","Catch Basin Clogged/Flooding (Use Comments) (SC)",,,,,"BRONX","40.8310849850313","-73.8690807734826"
"58222531","2023-07-17T09:47:00.000","2023-07-17T13:55:00.000","Catch Basin Clogged/Flooding (Use Comments) (SC)","89-88 COOPER AVENUE","COOPER AVENUE","METROPOLITAN AVE","TROTTING COURSE LN","QUEENS","40.712982343977785","-73.86044634996371"
"58229886","2023-07-17T09:44:00.000","2023-07-17T13:10:00.000","Catch Basin Clogged/Flooding (Use Comments) (SC)","6300 AVENUE T","AVENUE T","E 63 ST","E 64 ST","BROOKLYN","40.617624148413675","-73.91481265500559"
"58229764","2023-07-17T09:44:00.000","2023-07-17T09:50:00.000","Catch Basin Clogged/Flooding (Use Comments) (SC)","6300 AVENUE T","AVENUE T","E 63 ST","E 64 ST","BROOKLYN","40.617624148413675","-73.91481265500559"
"58228662","2023-07-17T09:35:00.000","2023-07-26T10:40:00.000","Catch Basin Clogged/Flooding (Use Comments) (SC)","2305 VANCE STREET","VANCE STREET","STILLWELL AVE","WARING AVE","BRONX","40.859591711971454","-73.83118167134431"
"58224530","2023-07-17T01:53:00.000","2023-07-17T08:30:00.000","Catch Basin Clogged/Flooding (Use Comments) (SC)",,,,,"QUEENS","40.76842612880037","-73.83339474539855"
"58214690","2023-07-16T23:23:00.000","2023-07-18T12:15:00.000","Catch Basin Clogged/Flooding (Use Comments) (SC)","2805 FT HAMILTON PARKWAY","FT HAMILTON PARKWAY","E 5 ST","E 4 ST","BROOKLYN","40.64912510478548","-73.9767705366742"
"58219731","2023-07-16T23:17:00.000","2023-07-21T08:15:00.000","Catch Basin Clogged/Flooding (Use Comments) (SC)","1911 COLDEN AVENUE","COLDEN AVENUE","RHINELANDER AVE","NEILL AVE","BRONX","40.85047717488314","-73.85815176964209"
"58217787","2023-07-16T19:05:00.000","2023-07-17T16:15:00.000","Catch Basin Clogged/Flooding (Use Comments) (SC)","271 MCDONALD AVENUE","MCDONALD AVENUE","GREENWOOD AVE","FT HAMILTON PKWY","BROOKLYN","40.64800865616844","-73.9804142072399"
"58214928","2023-07-16T18:17:00.000","2023-07-17T12:30:00.000","Catch Basin Clogged/Flooding (Use Comments) (SC)","35 78 STREET","78 STREET","NARROWS AVE","COLONIAL RD","BROOKLYN","40.631099467259205","-74.03626506749522"
"58218771","2023-07-16T17:56:00.000","2023-07-17T12:40:00.000","Catch Basin Clogged/Flooding (Use Comments) (SC)",,,,,"BROOKLYN","40.61368377520268","-74.00714234703378"
"58217788","2023-07-16T17:53:00.000","2023-07-17T09:45:00.000","Catch Basin Clogged/Flooding (Use Comments) (SC)","2748 BROWN STREET","BROWN STREET","VOORHIES AVE","SHORE PKWY","BROOKLYN","40.586487902863574","-73.93729318728657"
"58219580","2023-07-16T17:26:00.000","2023-07-17T09:15:00.000","Catch Basin Clogged/Flooding (Use Comments) (SC)","71-00 YELLOWSTONE BOULEVARD","YELLOWSTONE BOULEVARD","LIRR MAIN LINE","BURNS ST","QUEENS","40.72219282425963","-73.85306744157452"
"58214692","2023-07-16T17:05:00.000","2023-07-17T13:40:00.000","Catch Basin Clogged/Flooding (Use Comments) (SC)",,,,,"BROOKLYN","40.672767468137316","-73.98670844073"
"58216822","2023-07-16T16:41:00.000","2023-07-17T12:30:00.000","Catch Basin Clogged/Flooding (Use Comments) (SC)","262 4 AVENUE","4 AVENUE","PRESIDENT ST","CARROLL ST","BROOKLYN","40.676247476530925","-73.98384524408897"
"58218710","2023-07-16T16:05:00.000","2023-07-17T09:20:00.000","Catch Basin Clogged/Flooding (Use Comments) (SC)","29-61 167 STREET","167 STREET","29 AVE","32 AVE","QUEENS","40.770515677717896","-73.79787159608665"
"58218772","2023-07-16T16:02:00.000","2023-07-20T09:30:00.000","Catch Basin Clogged/Flooding (Use Comments) (SC)","82-77 BROADWAY","BROADWAY","45 AVE","WHITNEY AVE","QUEENS","40.74163295744106","-73.88070698216025"
"58214693","2023-07-16T15:53:00.000","2023-07-17T11:30:00.000","Catch Basin Clogged/Flooding (Use Comments) (SC)","85-30 152 STREET","152 STREET","85 AVE","85 DR","QUEENS","40.71114056428807","-73.80718112441113"
"58215898","2023-07-16T15:17:00.000","2023-07-21T11:35:00.000","Catch Basin Clogged/Flooding (Use Comments) (SC)","728 5 AVENUE","5 AVENUE","E 56 ST","E 57 ST","MANHATTAN","40.7625876209745","-73.97425822386784"
"58213822","2023-07-16T14:56:00.000","2023-07-17T12:00:00.000","Catch Basin Clogged/Flooding (Use Comments) (SC)","39-02 222 STREET","222 STREET","39 AVE","41 AVE","QUEENS","40.76671914248724","-73.76168488321268"
"58219732","2023-07-16T14:44:00.000","2023-07-20T11:35:00.000","Catch Basin Clogged/Flooding (Use Comments) (SC)","1946 MULFORD AVENUE","MULFORD AVENUE","ST THERESA AVE","WILKINSON AVE","BRONX","40.85071229420702","-73.83477184749438"
"58218711","2023-07-16T14:23:00.000","2023-07-26T09:45:00.000","Catch Basin Clogged/Flooding (Use Comments) (SC)","1806 EAST GUN HILL ROAD","EAST GUN HILL ROAD","ALLERTON AVE","NEW ENGLAND THRWY EXIT 10  NB","BRONX","40.863902008993634","-73.83383885556813"
"58215827","2023-07-16T14:05:00.000","2023-07-19T09:35:00.000","Catch Basin Clogged/Flooding (Use Comments) (SC)",,,,,"BRONX","40.846281313695094","-73.88892276050899"
"58217789","2023-07-16T13:59:00.000","2023-07-18T09:50:00.000","Catch Basin Clogged/Flooding (Use Comments) (SC)","77-15 37 AVENUE","37 AVENUE","77 ST","78 ST","QUEENS","40.74929062236193","-73.88874161505406"
"58214694","2023-07-16T13:50:00.000","2023-07-17T17:00:00.000","Catch Basin Clogged/Flooding (Use Comments) (SC)","1139 PROSPECT AVENUE","PROSPECT AVENUE","11 AVE","TERRACE PL","BROOKLYN","40.655701582866364","-73.97667093717519"
"58216823","2023-07-16T13:50:00.000","2023-07-25T14:30:00.000","Catch Basin Clogged/Flooding (Use Comments) (SC)","62-71 82 STREET","82 STREET","62 AVE","JUNIPER BLVD N","QUEENS","40.72252884124699","-73.87496168336673"
"58215899","2023-07-16T13:41:00.000","2023-07-16T17:00:00.000","Catch Basin Clogged/Flooding (Use Comments) (SC)","1342 50 STREET","50 STREET","13 AVE","14 AVE","BROOKLYN","40.63386340024312","-73.99171698380853"
"58215880","2023-07-16T13:38:00.000","2023-07-17T17:45:00.000","Catch Basin Clogged/Flooding (Use Comments) (SC)","729 4 AVENUE","4 AVENUE","23 ST","24 ST","BROOKLYN","40.661113879687335","-73.99733278124964"
"58213861","2023-07-16T13:26:00.000","2023-07-16T16:30:00.000","Catch Basin Clogged/Flooding (Use Comments) (SC)","34-49 9 STREET","9 STREET","34 AVE","35 AVE","QUEENS","40.76414490486974","-73.9400752345754"
"58214929","2023-07-16T13:23:00.000","2023-07-17T13:25:00.000","Catch Basin Clogged/Flooding (Use Comments) (SC)","58 GRAHAM AVENUE","GRAHAM AVENUE","COOK ST","VARET ST","BROOKLYN","40.70280633916114","-73.9424458119498"
"58217720","2023-07-16T13:11:00.000","2023-07-18T11:35:00.000","Catch Basin Clogged/Flooding (Use Comments) (SC)","41-01 20 AVENUE","20 AVENUE","41 ST","42 ST","QUEENS","40.77586803503995","-73.90081787197921"
"58214730","2023-07-16T13:05:00.000","2023-07-17T11:45:00.000","Catch Basin Clogged/Flooding (Use Comments) (SC)",,,,,"BROOKLYN","40.65922703633562","-73.9533862621163"
"58217790","2023-07-16T12:53:00.000","2023-07-17T12:50:00.000","Catch Basin Clogged/Flooding (Use Comments) (SC)","31 WALTON STREET","WALTON STREET","WALLABOUT ST","MARCY AVE","BROOKLYN","40.70083424830065","-73.95142769400992"
"58214695","2023-07-16T12:53:00.000","2023-07-16T15:25:00.000","Catch Basin Clogged/Flooding (Use Comments) (SC)","2623 AVENUE P","AVENUE P","E 26 ST","E 27 ST","BROOKLYN","40.611621681902975","-73.9475775814548"
"58219737","2023-07-16T12:44:00.000","2023-07-18T08:50:00.000","Catch Basin Clogged/Flooding (Use Comments) (SC)","81 SHARROTTS ROAD","SHARROTTS ROAD","SHARROTTS LN","WHITE OAK LN","STATEN ISLAND","40.5375232587746","-74.22065339638054"
"58214963","2023-07-16T12:41:00.000","2023-07-17T10:55:00.000","Catch Basin Clogged/Flooding (Use Comments) (SC)","615 5 AVENUE","5 AVENUE","PROSPECT EXPY","17 ST","BROOKLYN","40.663712861371955","-73.99096354330989"
"58214731","2023-07-16T12:35:00.000","2023-07-17T10:05:00.000","Catch Basin Clogged/Flooding (Use Comments) (SC)","236 HOWARD AVENUE","HOWARD AVENUE","SUMPTER ST","MAC DOUGAL ST","BROOKLYN","40.67994505305679","-73.9194200261696"
"58218769","2023-07-16T12:35:00.000","2023-07-17T14:30:00.000","Catch Basin Clogged/Flooding (Use Comments) (SC)",,,,,"BROOKLYN","40.680463580225336","-73.96134655378708"
"58213865","2023-07-16T12:23:00.000","2023-07-16T14:00:00.000","Catch Basin Clogged/Flooding (Use Comments) (SC)","680 9 AVENUE","9 AVENUE","W 47 ST","W 48 ST","MANHATTAN","40.76169804192794","-73.99023912043856"
"58218773","2023-07-16T12:20:00.000","2023-07-19T09:40:00.000","Catch Basin Clogged/Flooding (Use Comments) (SC)",,,,,"QUEENS","40.695882284687485","-73.84943624746036"
"58217827","2023-07-16T12:17:00.000","2023-07-18T10:10:00.000","Catch Basin Clogged/Flooding (Use Comments) (SC)","664 83 STREET","83 STREET","DYKER PL","7 AVE","BROOKLYN","40.62092839078061","-74.02067290918637"
"58219734","2023-07-16T12:14:00.000","2023-07-20T10:00:00.000","Catch Basin Clogged/Flooding (Use Comments) (SC)","59-04 175 STREET","175 STREET","59 AVE","HORACE HARDING EXPY SR N","QUEENS","40.73999480819481","-73.79520719733368"
"58217716","2023-07-16T12:14:00.000","2023-07-16T12:23:00.000","Catch Basin Clogged/Flooding (Use Comments) (SC)","25-54 47 STREET","47 STREET","AMTRAK-CONNECTING RAIL LINE","28 AVE","QUEENS","40.76412029400477","-73.90710580797496"
"58218639","2023-07-16T12:11:00.000","2023-07-20T17:20:00.000","Catch Basin Clogged/Flooding (Use Comments) (SC)","142 HAVEN AVENUE","HAVEN AVENUE","ADAMS AVE","HUNTER AVE","STATEN ISLAND","40.578914749411084","-74.09830646433026"
"58216731","2023-07-16T12:05:00.000","2023-07-16T18:30:00.000","Catch Basin Clogged/Flooding (Use Comments) (SC)","118 DE KALB AVENUE","DE KALB AVENUE","ST FELIX ST","FT GREENE PL","BROOKLYN","40.6897919267245","-73.97783453319394"
"58214964","2023-07-16T12:05:00.000","2023-07-16T19:00:00.000","Catch Basin Clogged/Flooding (Use Comments) (SC)",,,,,"BROOKLYN","40.66464295503937","-73.93707553356936"
"58214696","2023-07-16T12:05:00.000","2023-07-20T12:15:00.000","Catch Basin Clogged/Flooding (Use Comments) (SC)","25-50 47 STREET","47 STREET","AMTRAK-CONNECTING RAIL LINE","28 AVE","QUEENS","40.76418886593075","-73.90704795345833"
"58214938","2023-07-16T12:02:00.000","2023-07-16T12:08:00.000","Catch Basin Clogged/Flooding (Use Comments) (SC)","2795 STRICKLAND AVENUE","STRICKLAND AVENUE","NATIONAL DR","BEND","BROOKLYN","40.60833841918082","-73.91469484973855"
"58218640","2023-07-16T11:59:00.000","2023-07-16T17:50:00.000","Catch Basin Clogged/Flooding (Use Comments) (SC)",,,,,"BROOKLYN","40.6824268238742","-73.93793128431851"
"58218770","2023-07-16T11:56:00.000","2023-07-16T15:50:00.000","Catch Basin Clogged/Flooding (Use Comments) (SC)","2795 STRICKLAND AVENUE","STRICKLAND AVENUE","NATIONAL DR","BEND","BROOKLYN","40.60833841918082","-73.91469484973855"
"58219735","2023-07-16T11:56:00.000","2023-07-17T14:45:00.000","Catch Basin Clogged/Flooding (Use Comments) (SC)","553 66 STREET","66 STREET","5 AVE","6 AVE","BROOKLYN","40.635391048703006","-74.01855164286731"
"58219581","2023-07-16T11:50:00.000","2023-07-18T13:20:00.000","Catch Basin Clogged/Flooding (Use Comments) (SC)",,,,,"MANHATTAN","40.71016563845293","-74.00425265537771"
"58214913","2023-07-16T11:47:00.000","2023-07-16T16:10:00.000","Catch Basin Clogged/Flooding (Use Comments) (SC)",,,,,"BROOKLYN","40.70152972519845","-73.92313391468367"
"58219736","2023-07-16T11:29:00.000","2023-07-17T09:07:00.000","Catch Basin Clogged/Flooding (Use Comments) (SC)","1166 MASON AVENUE","MASON AVENUE","BEDFORD AVE","MIDLAND AVE","STATEN ISLAND","40.575649685954005","-74.09682936513167"
"58213863","2023-07-16T11:17:00.000","2023-07-17T11:10:00.000","Catch Basin Clogged/Flooding (Use Comments) (SC)","227 ALBANY AVENUE","ALBANY AVENUE","PARK PL","STERLING PL","BROOKLYN","40.67269172172519","-73.93907951661186"
"58213864","2023-07-16T11:11:00.000","2023-07-18T10:15:00.000","Catch Basin Clogged/Flooding (Use Comments) (SC)","611 MADISON AVENUE","MADISON AVENUE","E 57 ST","E 58 ST","MANHATTAN","40.762856062840136","-73.97193337307182"
"58213821","2023-07-16T11:08:00.000","2023-07-17T09:06:00.000","Catch Basin Clogged/Flooding (Use Comments) (SC)","1169 MASON AVENUE","MASON AVENUE","BEDFORD AVE","MIDLAND AVE","STATEN ISLAND","40.57558923353274","-74.09690847170118"
"58214601","2023-07-16T11:08:00.000","2023-07-16T13:21:00.000","Catch Basin Clogged/Flooding (Use Comments) (SC)","1284 PELHAM PARKWAY SOUTH","PELHAM PARKWAY SOUTH","VAN HOESEN AVE","WILSON AVE","BRONX","40.85745740853582","-73.84982962360405"
"58214689","2023-07-16T11:05:00.000","2023-07-18T00:00:00.000","Catch Basin Clogged/Flooding (Use Comments) (SC)","1968 RICHMOND ROAD","RICHMOND ROAD","HUNTER AVE","BEDFORD AVE","STATEN ISLAND","40.58327810816495","-74.10843651289021"
"58215897","2023-07-16T10:59:00.000","2023-07-20T10:45:00.000","Catch Basin Clogged/Flooding (Use Comments) (SC)","459 TYSENS LANE","TYSENS LANE","ELLA PL","ISORA PL","STATEN ISLAND","40.56545943387498","-74.11891722882673"
"58218768","2023-07-16T10:47:00.000","2023-07-16T15:55:00.000","Catch Basin Clogged/Flooding (Use Comments) (SC)",,,,,"BROOKLYN","40.63816785146843","-73.97641764308925"
"58217826","2023-07-16T10:47:00.000","2023-07-20T09:40:00.000","Catch Basin Clogged/Flooding (Use Comments) (SC)",,,,,"STATEN ISLAND","40.57001460875889","-74.12007715808114"
"58218709","2023-07-16T10:44:00.000","2023-07-16T12:00:00.000","Catch Basin Clogged/Flooding (Use Comments) (SC)",,,,,"BROOKLYN","40.63915532682533","-73.9914064548577"
"58219579","2023-07-16T10:35:00.000","2023-07-17T12:25:00.000","Catch Basin Clogged/Flooding (Use Comments) (SC)","777 RUTLAND ROAD","RUTLAND ROAD","E 46 ST","SCHENECTADY AVE","BROOKLYN","40.66039002293527","-73.93479801611828"
"58219663","2023-07-16T10:32:00.000","2023-07-17T09:45:00.000","Catch Basin Clogged/Flooding (Use Comments) (SC)",,,,,"QUEENS","40.7807693565709","-73.79132652093715"
"58214682","2023-07-16T10:20:00.000","2023-07-16T12:40:00.000","Catch Basin Clogged/Flooding (Use Comments) (SC)","78 RIDGE STREET","RIDGE STREET","DELANCEY ST","RIVINGTON ST","MANHATTAN","40.71770718532209","-73.98382798018937"
"58219733","2023-07-16T10:17:00.000","2023-07-17T14:00:00.000","Catch Basin Clogged/Flooding (Use Comments) (SC)","476 JEFFERSON STREET","JEFFERSON STREET","SCOTT AVE","CYPRESS AVE","BROOKLYN","40.70869545749204","-73.92187044219384"
"58214912","2023-07-16T10:17:00.000","2023-07-17T11:45:00.000","Catch Basin Clogged/Flooding (Use Comments) (SC)","5623 7 AVENUE","7 AVENUE","56 ST","57 ST","BROOKLYN","40.63890821834607","-74.009577173338"
"58216821","2023-07-16T09:59:00.000","2023-07-17T08:45:00.000","Catch Basin Clogged/Flooding (Use Comments) (SC)","68-19 INGRAM STREET","INGRAM STREET","68 AVE","69 AVE","QUEENS","40.71666053087146","-73.85397065514411"
"58214626","2023-07-16T09:56:00.000","2023-07-20T10:15:00.000","Catch Basin Clogged/Flooding (Use Comments) (SC)","1055 HYLAN BOULEVARD","HYLAN BOULEVARD","BRIARCLIFF RD","KENSINGTON AVE","STATEN ISLAND","40.59844606608355","-74.07770887256657"
"58215869","2023-07-16T09:17:00.000","2023-07-16T11:15:00.000","Catch Basin Clogged/Flooding (Use Comments) (SC)","103 SCHLEY AVENUE","SCHLEY AVENUE","KATAN AVE","DEWEY AVE","STATEN ISLAND","40.554400092020146","-74.14984188194487"
"58214962","2023-07-16T08:47:00.000","2023-07-20T10:25:00.000","Catch Basin Clogged/Flooding (Use Comments) (SC)","2882 CODDINGTON AVENUE","CODDINGTON AVENUE","MAYFLOWER AVE","EDISON AVE","BRONX","40.839332038813566","-73.832396794075"
"58216846","2023-07-16T08:26:00.000","2023-07-17T13:10:00.000","Catch Basin Clogged/Flooding (Use Comments) (SC)","114-32 173 STREET","173 STREET","LINDEN BLVD","115 AVE","QUEENS","40.69142784867775","-73.7769333194068"
"58214939","2023-07-16T00:17:00.000","2023-07-16T09:30:00.000","Catch Basin Clogged/Flooding (Use Comments) (SC)","8202 15 AVENUE","15 AVENUE","82 ST","83 ST","BROOKLYN","40.61361514995847","-74.00722878253194"
"58212384","2023-07-15T22:47:00.000","2023-07-31T09:25:00.000","Catch Basin Clogged/Flooding (Use Comments) (SC)",,,,,"BRONX","40.862815371964345","-73.90755000874817"
"58205924","2023-07-15T20:53:00.000","2023-07-17T14:30:00.000","Catch Basin Clogged/Flooding (Use Comments) (SC)",,,,,"QUEENS","40.665644512348585","-73.77895161346315"
"58210217","2023-07-15T19:05:00.000","2023-07-20T09:20:00.000","Catch Basin Clogged/Flooding (Use Comments) (SC)",,,,,"STATEN ISLAND","40.57001460875889","-74.12007715808114"
"58208041","2023-07-15T18:56:00.000","2023-07-17T11:40:00.000","Catch Basin Clogged/Flooding (Use Comments) (SC)","84 AMBASSADOR LANE","AMBASSADOR LANE","BEND","BEND","STATEN ISLAND","40.52895053694165","-74.21955671734872"
"58206888","2023-07-15T17:26:00.000","2023-07-15T22:40:00.000","Catch Basin Clogged/Flooding (Use Comments) (SC)","1836 HUTCHINSON RIVER PARKWAY","HUTCHINSON RIVER PARKWAY","BUHRE AVE","LAURIE AVE","BRONX","40.848095532517995","-73.83595667040983"
"58206966","2023-07-15T14:44:00.000","2023-07-16T10:25:00.000","Catch Basin Clogged/Flooding (Use Comments) (SC)","1 PROSPECT PARK WEST","PROSPECT PARK WEST","PLAZA ST","PRESIDENT ST","BROOKLYN","40.67236098859566","-73.97056552165694"
"58212222","2023-07-15T14:20:00.000","2023-07-19T08:30:00.000","Catch Basin Clogged/Flooding (Use Comments) (SC)",,,,,"BRONX","40.82002003868361","-73.85671008642075"
"58212223","2023-07-15T13:44:00.000","2023-07-17T13:00:00.000","Catch Basin Clogged/Flooding (Use Comments) (SC)","5804 SNYDER AVENUE","SNYDER AVENUE","E 58 ST","E 59 ST","BROOKLYN","40.65058891232992","-73.92235292310015"
"58208026","2023-07-15T13:08:00.000","2023-07-24T11:55:00.000","Catch Basin Clogged/Flooding (Use Comments) (SC)",,,,,"BRONX","40.89726764517343","-73.84248003982698"
"58205874","2023-07-15T12:32:00.000","2023-07-24T12:45:00.000","Catch Basin Clogged/Flooding (Use Comments) (SC)",,,,,"QUEENS","40.66801343440818","-73.73606181904873"
"58209156","2023-07-15T11:50:00.000","2023-07-16T09:25:00.000","Catch Basin Clogged/Flooding (Use Comments) (SC)",,,,,"QUEENS","40.67169436643357","-73.81662832695501"
"58210218","2023-07-15T11:47:00.000","2023-07-15T13:30:00.000","Catch Basin Clogged/Flooding (Use Comments) (SC)","5524 AVENUE H","AVENUE H","E 55 ST","E 56 ST","BROOKLYN","40.63315737016057","-73.92324148964667"
"58211304","2023-07-15T11:38:00.000","2023-07-16T09:00:00.000","Catch Basin Clogged/Flooding (Use Comments) (SC)","213 89 STREET","89 STREET","RIDGE BLVD","3 AVE","BROOKLYN","40.62185023842033","-74.03392579731295"
"58211305","2023-07-15T11:20:00.000","2023-07-15T12:50:00.000","Catch Basin Clogged/Flooding (Use Comments) (SC)","1712 EAST   38 STREET","EAST   38 STREET","QUENTIN RD","AVENUE R","BROOKLYN","40.615213654851374","-73.93495019898495"
"58204817","2023-07-15T09:41:00.000","2023-07-17T12:10:00.000","Catch Basin Clogged/Flooding (Use Comments) (SC)","45 SCHOOL ROAD","SCHOOL ROAD","BAY ST","DENNIS TORRICELLI ST","STATEN ISLAND","40.60648393762113","-74.06238706245657"
"58210086","2023-07-15T08:11:00.000","2023-07-16T09:40:00.000","Catch Basin Clogged/Flooding (Use Comments) (SC)","35 78 STREET","78 STREET","NARROWS AVE","COLONIAL RD","BROOKLYN","40.631099467259205","-74.03626506749522"
"58206965","2023-07-15T07:32:00.000","2023-07-17T08:45:00.000","Catch Basin Clogged/Flooding (Use Comments) (SC)","140-19 169 STREET","169 STREET","140 AVE","144 AVE","QUEENS","40.67061889555577","-73.77095753847716"
"58210163","2023-07-15T00:14:00.000","2023-07-22T09:10:00.000","Catch Basin Clogged/Flooding (Use Comments) (SC)","3102 SEYMOUR AVENUE","SEYMOUR AVENUE","BEND","BURKE AVE","BRONX","40.870852185034686","-73.84614387659965"
"58197374","2023-07-14T17:14:00.000","2023-07-15T10:40:00.000","Catch Basin Clogged/Flooding (Use Comments) (SC)","90-42 198 STREET","198 STREET","90 AVE","BEND","QUEENS","40.715068083973904","-73.76161705229107"
"58203599","2023-07-14T16:53:00.000","2023-07-15T09:20:00.000","Catch Basin Clogged/Flooding (Use Comments) (SC)",,,,,"QUEENS","40.66151521661018","-73.83561533947135"
"58198353","2023-07-14T14:53:00.000","2023-07-17T10:40:00.000","Catch Basin Clogged/Flooding (Use Comments) (SC)",,,,,"BROOKLYN","40.6782806178454","-73.95884575621619"
"58201002","2023-07-14T14:47:00.000","2023-07-16T11:15:00.000","Catch Basin Clogged/Flooding (Use Comments) (SC)",,,,,"BROOKLYN","40.689452026969406","-73.9680771303764"
"58198354","2023-07-14T14:32:00.000","2023-07-17T10:20:00.000","Catch Basin Clogged/Flooding (Use Comments) (SC)","1 WINANT STREET","WINANT STREET","RICHMOND TER","LA SALLE ST","STATEN ISLAND","40.637413188093596","-74.14612255167332"
"58194848","2023-07-14T14:02:00.000","2023-07-14T16:35:00.000","Catch Basin Clogged/Flooding (Use Comments) (SC)","132-18 33 AVENUE","33 AVENUE","COLLEGE POINT BLVD","DOWNING ST","QUEENS","40.765743899570346","-73.83680209242587"
"58194827","2023-07-14T13:56:00.000","2023-07-14T14:00:00.000","Catch Basin Clogged/Flooding (Use Comments) (SC)","3600 BAYCHESTER AVENUE","BAYCHESTER AVENUE","NEEDHAM AVE","CRAWFORD AVE","BRONX","40.88295018093145","-73.83963893888809"
"58195727","2023-07-14T12:53:00.000","2023-07-15T09:50:00.000","Catch Basin Clogged/Flooding (Use Comments) (SC)","260 BAY   22 STREET","BAY   22 STREET","CROPSEY AVE","20 DR","BROOKLYN","40.600577497154156","-74.00483625272479"
"58194849","2023-07-14T12:44:00.000","2023-07-17T13:00:00.000","Catch Basin Clogged/Flooding (Use Comments) (SC)",,,,,"STATEN ISLAND","40.62485313279033","-74.16044700328256"
"58201028","2023-07-14T12:44:00.000","2023-07-15T12:30:00.000","Catch Basin Clogged/Flooding (Use Comments) (SC)","179 PROSPECT PARK WEST","PROSPECT PARK WEST","13 ST","14 ST","BROOKLYN","40.6621138270951","-73.97893946902082"
"58202288","2023-07-14T11:53:00.000","2023-07-15T10:30:00.000","Catch Basin Clogged/Flooding (Use Comments) (SC)","4601 5 AVENUE","5 AVENUE","46 ST","47 ST","BROOKLYN","40.647257970165235","-74.00806846297974"
"58201003","2023-07-14T11:20:00.000","2023-07-15T10:00:00.000","Catch Basin Clogged/Flooding (Use Comments) (SC)","92-43 217 STREET","217 STREET","92 AVE","92 RD","QUEENS","40.72196827293233","-73.741201903158"
"58202320","2023-07-14T11:05:00.000","2023-07-17T10:30:00.000","Catch Basin Clogged/Flooding (Use Comments) (SC)",,,,,"MANHATTAN","40.70488372691457","-74.01565675519706"
"58195728","2023-07-14T10:56:00.000","2023-07-16T09:50:00.000","Catch Basin Clogged/Flooding (Use Comments) (SC)","1342 50 STREET","50 STREET","13 AVE","14 AVE","BROOKLYN","40.63386340024312","-73.99171698380853"
"58201029","2023-07-14T10:29:00.000","2023-07-14T12:15:00.000","Catch Basin Clogged/Flooding (Use Comments) (SC)","1594 FLATBUSH AVENUE","FLATBUSH AVENUE","HILLEL PL","E 31 ST","BROOKLYN","40.63213321751988","-73.94693818746956"
"58201004","2023-07-14T10:23:00.000","2023-07-24T12:50:00.000","Catch Basin Clogged/Flooding (Use Comments) (SC)","4150 MURDOCK AVENUE","MURDOCK AVENUE","EDENWALD AVE","BUSSING AVE","BRONX","40.89476591285502","-73.84151298862037"
"58197373","2023-07-14T10:11:00.000","2023-07-14T17:55:00.000","Catch Basin Clogged/Flooding (Use Comments) (SC)","56-16 175 PLACE","175 PLACE","56 AVE","BOOTH MEMORIAL AVE","QUEENS","40.742451464386406","-73.79372366322067"
"58203598","2023-07-14T09:32:00.000","2023-07-19T10:30:00.000","Catch Basin Clogged/Flooding (Use Comments) (SC)",,,,,"BRONX","40.84678128275266","-73.88378945928034"
"58198355","2023-07-14T09:29:00.000","2023-07-14T10:15:00.000","Catch Basin Clogged/Flooding (Use Comments) (SC)",,,,,"BROOKLYN","40.61627516312267","-73.9386195306874"
"58194843","2023-07-14T09:17:00.000","2023-07-21T09:00:00.000","Catch Basin Clogged/Flooding (Use Comments) (SC)","2260 7 AVENUE","7 AVENUE","W 133 ST","W 134 ST","MANHATTAN","40.81410952272696","-73.94458939293038"
"58199874","2023-07-14T09:11:00.000","2023-07-14T11:40:00.000","Catch Basin Clogged/Flooding (Use Comments) (SC)",,,,,"QUEENS","40.739188045613226","-73.9017529660733"
"58195653","2023-07-14T08:56:00.000","2023-07-24T11:05:00.000","Catch Basin Clogged/Flooding (Use Comments) (SC)",,,,,"BRONX","40.889175837266485","-73.84415567193834"
"58202434","2023-07-14T08:44:00.000","2023-07-21T14:30:00.000","Catch Basin Clogged/Flooding (Use Comments) (SC)",,,,,"BRONX","40.87139092570544","-73.86426478169162"
"58194865","2023-07-14T08:35:00.000","2023-07-24T14:00:00.000","Catch Basin Clogged/Flooding (Use Comments) (SC)","675 WEST  252 STREET","WEST  252 STREET","INDEPENDENCE AVE","SYCAMORE AVE","BRONX","40.90012681239064","-73.9112022389109"
"58201005","2023-07-14T08:26:00.000","2023-07-14T09:20:00.000","Catch Basin Clogged/Flooding (Use Comments) (SC)","370 LATHROP AVENUE","LATHROP AVENUE","BRYSON AVE","WILLOWBROOK RD","STATEN ISLAND","40.62033511897886","-74.14392027115996"
"58194867","2023-07-14T08:23:00.000","2023-07-15T11:10:00.000","Catch Basin Clogged/Flooding (Use Comments) (SC)","4601 2 AVENUE","2 AVENUE","46 ST","47 ST","BROOKLYN","40.65124548688174","-74.01467474096316"
"58194866","2023-07-14T08:23:00.000","2023-07-14T08:40:00.000","Catch Basin Clogged/Flooding (Use Comments) (SC)","360 LATHROP AVENUE","LATHROP AVENUE","COLLFIELD AVE","BRYSON AVE","STATEN ISLAND","40.62027805473736","-74.14345907299678"
"58197295","2023-07-14T08:20:00.000","2023-07-14T08:40:00.000","Catch Basin Clogged/Flooding (Use Comments) (SC)","65 BRYSON AVENUE","BRYSON AVENUE","COLLEGE AVE","LATHROP AVE","STATEN ISLAND","40.62088995355926","-74.14361167980216"
"58194869","2023-07-14T08:17:00.000","2023-07-22T14:15:00.000","Catch Basin Clogged/Flooding (Use Comments) (SC)","165 2 AVENUE","2 AVENUE","13 ST","14 ST","BROOKLYN","40.670100223934384","-73.9954579075408"
"58202435","2023-07-14T05:53:00.000","2023-07-14T12:15:00.000","Catch Basin Clogged/Flooding (Use Comments) (SC)",,,,,"QUEENS","40.752965657510316","-73.93048088931063"
"58188814","2023-07-13T18:47:00.000","2023-07-14T11:00:00.000","Catch Basin Clogged/Flooding (Use Comments) (SC)","2015 66 STREET","66 STREET","20 AVE","21 AVE","BROOKLYN","40.61559076707607","-73.98592740940813"
"58185978","2023-07-13T17:02:00.000","2023-07-14T10:50:00.000","Catch Basin Clogged/Flooding (Use Comments) (SC)","2163 58 STREET","58 STREET","21 AVE","WASHINGTON CEMETERY BNDY","BROOKLYN","40.61834806036206","-73.97810679822757"
"58184541","2023-07-13T16:38:00.000","2023-07-14T10:15:00.000","Catch Basin Clogged/Flooding (Use Comments) (SC)",,,,,"STATEN ISLAND","40.62949524223407","-74.15798674688926"
"58188815","2023-07-13T14:11:00.000","2023-07-13T14:11:00.000","Catch Basin Clogged/Flooding (Use Comments) (SC)","221 GREENWOOD AVENUE","GREENWOOD AVENUE","E 2 ST","E 3 ST","BROOKLYN","40.65005607777071","-73.97934689549483"
"58191490","2023-07-13T13:17:00.000","2023-07-14T01:30:00.000","Catch Basin Clogged/Flooding (Use Comments) (SC)",,,,,"QUEENS","40.70023962240273","-73.74197148382459"
"58184543","2023-07-13T13:14:00.000","2023-07-21T15:30:00.000","Catch Basin Clogged/Flooding (Use Comments) (SC)","4231 ELY AVENUE","ELY AVENUE","BUSSING AVE","PITMAN AVE","BRONX","40.89521300986645","-73.84741132969232"
"58190200","2023-07-13T12:38:00.000","2023-07-14T11:10:00.000","Catch Basin Clogged/Flooding (Use Comments) (SC)","564 TROY AVENUE","TROY AVENUE","RUTLAND RD","FENIMORE ST","BROOKLYN","40.65974626457205","-73.93706933968137"
"58184534","2023-07-13T12:23:00.000","2023-07-13T14:22:00.000","Catch Basin Clogged/Flooding (Use Comments) (SC)","128-01 233 STREET","233 STREET","128 AVE","128 RD","QUEENS","40.68291345054212","-73.73306072054153"
"58187419","2023-07-13T12:20:00.000","2023-07-14T11:15:00.000","Catch Basin Clogged/Flooding (Use Comments) (SC)","128-01 233 STREET","233 STREET","128 AVE","128 RD","QUEENS","40.68291345054212","-73.73306072054153"
"58190063","2023-07-13T11:47:00.000","2023-07-14T07:15:00.000","Catch Basin Clogged/Flooding (Use Comments) (SC)","40-09 PRINCE STREET","PRINCE STREET","ROOSEVELT AVE","40 RD","QUEENS","40.75883095393741","-73.83182328291562"
"58187450","2023-07-13T10:56:00.000","2023-07-13T11:45:00.000","Catch Basin Clogged/Flooding (Use Comments) (SC)","54 PARKWAY COURT","PARKWAY COURT","OCEAN PKWY","HUBBARD ST","BROOKLYN","40.589724710447705","-73.96462872184478"
"58190123","2023-07-13T10:44:00.000","2023-07-13T12:35:00.000","Catch Basin Clogged/Flooding (Use Comments) (SC)","4045 KINGS HIGHWAY","KINGS HIGHWAY","E 41 ST","HUBBARD PL","BROOKLYN","40.62456777632526","-73.93471773489338"
"58185954","2023-07-13T10:41:00.000","2023-07-13T12:05:00.000","Catch Basin Clogged/Flooding (Use Comments) (SC)","1724 AVENUE X","AVENUE X","E 17 ST","E 18 ST","BROOKLYN","40.59243787420642","-73.95295039895004"
"58187355","2023-07-13T10:32:00.000","2023-07-19T11:20:00.000","Catch Basin Clogged/Flooding (Use Comments) (SC)","1857 STILLWELL AVENUE","STILLWELL AVENUE","DEMEYER ST","VANCE ST","BRONX","40.85912049575077","-73.8317793568421"
"58192938","2023-07-13T09:53:00.000","2023-07-14T09:05:00.000","Catch Basin Clogged/Flooding (Use Comments) (SC)",,,,,"BROOKLYN","40.71545132250095","-73.94216073904863"
"58184542","2023-07-13T09:20:00.000","2023-07-13T12:10:00.000","Catch Basin Clogged/Flooding (Use Comments) (SC)","20-52 45 STREET","45 STREET","20 RD","21 AVE","QUEENS","40.773262766285505","-73.90022603254609"
"58185979","2023-07-13T08:29:00.000","2023-07-13T10:35:00.000","Catch Basin Clogged/Flooding (Use Comments) (SC)","115-59 220 STREET","220 STREET","115 RD","116 AVE","QUEENS","40.69822264849443","-73.73851717321357"
"58192844","2023-07-13T08:29:00.000","2023-07-14T10:00:00.000","Catch Basin Clogged/Flooding (Use Comments) (SC)","RIDGE BOULEVARD","RIDGE BOULEVARD","71 STREET","72 STREET","BROOKLYN",,
"58188727","2023-07-13T08:23:00.000","2023-07-14T13:30:00.000","Catch Basin Clogged/Flooding (Use Comments) (SC)","87 PROSPECT PLACE","PROSPECT PLACE","6 AVE","FLATBUSH AVE","BROOKLYN","40.67903173288565","-73.974510400873"
"58192847","2023-07-13T08:08:00.000","2023-07-14T14:15:00.000","Catch Basin Clogged/Flooding (Use Comments) (SC)","12 WINTHROP STREET","WINTHROP STREET","FLATBUSH AVE","BEDFORD AVE","BROOKLYN","40.65650110420804","-73.95968453106555"
"58192786","2023-07-13T07:53:00.000","2023-07-13T09:00:00.000","Catch Basin Clogged/Flooding (Use Comments) (SC)","574 TROY AVENUE","TROY AVENUE","FENIMORE ST","HAWTHORNE ST","BROOKLYN","40.65937020615396","-73.93702644336537"
"58177964","2023-07-12T20:56:00.000","2023-07-15T08:45:00.000","Catch Basin Clogged/Flooding (Use Comments) (SC)",,,,,"QUEENS","40.7841579536966","-73.7937316736298"
"58179266","2023-07-12T19:32:00.000","2023-07-13T10:05:00.000","Catch Basin Clogged/Flooding (Use Comments) (SC)","58-01 189 STREET","189 STREET","58 AVE","HORACE HARDING EXPY SR N","QUEENS","40.74262764513004","-73.78647670791553"
"58176587","2023-07-12T18:05:00.000","2023-07-14T16:00:00.000","Catch Basin Clogged/Flooding (Use Comments) (SC)",,,,,"BRONX","40.84964248115697","-73.89659810477792"
"58179297","2023-07-12T17:35:00.000","2023-07-14T14:15:00.000","Catch Basin Clogged/Flooding (Use Comments) (SC)",,,,,"BRONX","40.82843282838519","-73.88104640162443"
"58177970","2023-07-12T16:29:00.000","2023-07-13T07:30:00.000","Catch Basin Clogged/Flooding (Use Comments) (SC)","85-38 53 AVENUE","53 AVENUE","HASPEL ST","VAN HORN ST","QUEENS","40.734287576379906","-73.88030517679964"
"58183280","2023-07-12T16:17:00.000","2023-07-13T11:30:00.000","Catch Basin Clogged/Flooding (Use Comments) (SC)","85-39 53 AVENUE","53 AVENUE","HASPEL ST","VAN HORN ST","QUEENS","40.734298570385775","-73.8803195902978"
"58176585","2023-07-12T15:59:00.000","2023-07-13T09:35:00.000","Catch Basin Clogged/Flooding (Use Comments) (SC)","1444 PARK PLACE","PARK PLACE","UTICA AVE","ROCHESTER AVE","BROOKLYN","40.67227717348469","-73.92932849479119"
"58180655","2023-07-12T15:59:00.000","2023-07-14T10:45:00.000","Catch Basin Clogged/Flooding (Use Comments) (SC)","310 BADEN PLACE","BADEN PLACE","LINCOLN AVE","GREELEY AVE","STATEN ISLAND","40.57061897822621","-74.09287345548161"
"58176520","2023-07-12T15:53:00.000","2023-07-13T10:15:00.000","Catch Basin Clogged/Flooding (Use Comments) (SC)","271 FLATBUSH AVENUE","FLATBUSH AVENUE","ST MARKS AVE","PROSPECT PL","BROOKLYN","40.67957512485407","-73.97418210654587"
"58174821","2023-07-12T15:50:00.000","2023-07-13T13:50:00.000","Catch Basin Clogged/Flooding (Use Comments) (SC)",,,,,"BROOKLYN","40.643664442622175","-73.94202838281294"
"58180638","2023-07-12T14:53:00.000","2023-07-15T08:10:00.000","Catch Basin Clogged/Flooding (Use Comments) (SC)","322 EAST   16 STREET","EAST   16 STREET","BEVERLEY RD","CORTELYOU RD","BROOKLYN","40.64278404327581","-73.96378983909058"
"58180656","2023-07-12T14:38:00.000","2023-07-13T08:15:00.000","Catch Basin Clogged/Flooding (Use Comments) (SC)","2650 OCEAN PARKWAY","OCEAN PARKWAY","MURDOCK CT","NIXON CT","BROOKLYN","40.585465322326364","-73.96643831188857"
"58181996","2023-07-12T14:32:00.000","2023-07-13T07:50:00.000","Catch Basin Clogged/Flooding (Use Comments) (SC)","509 AVENUE P","AVENUE P","E 5 ST","OCEAN PKWY","BROOKLYN","40.60928809462867","-73.96881056282118"
"58173760","2023-07-12T14:23:00.000","2023-07-13T07:25:00.000","Catch Basin Clogged/Flooding (Use Comments) (SC)","1712 EAST   38 STREET","EAST   38 STREET","QUENTIN RD","AVENUE R","BROOKLYN","40.615213654851374","-73.93495019898495"
"58177931","2023-07-12T13:53:00.000","2023-07-13T14:10:00.000","Catch Basin Clogged/Flooding (Use Comments) (SC)","1247 TROY AVENUE","TROY AVENUE","CLARENDON RD","AVENUE D","BROOKLYN","40.64217585307648","-73.93517254373839"
"58179310","2023-07-12T12:08:00.000","2023-07-13T08:40:00.000","Catch Basin Clogged/Flooding (Use Comments) (SC)","961 EAST    9 STREET","EAST    9 STREET","AVENUE I","AVENUE J","BROOKLYN","40.6255615440394","-73.96727552781294"
"58177966","2023-07-12T11:59:00.000","2023-07-12T11:59:00.000","Catch Basin Clogged/Flooding (Use Comments) (SC)","221 GREENWOOD AVENUE","GREENWOOD AVENUE","E 2 ST","E 3 ST","BROOKLYN","40.65005607777071","-73.97934689549483"
"58180677","2023-07-12T11:08:00.000","2023-07-12T12:15:00.000","Catch Basin Clogged/Flooding (Use Comments) (SC)","396 WYONA STREET","WYONA STREET","SUTTER AVE","BLAKE AVE","BROOKLYN","40.669004053311895","-73.89220635488729"
"58180657","2023-07-12T11:02:00.000","2023-07-14T12:40:00.000","Catch Basin Clogged/Flooding (Use Comments) (SC)","114-09 SPRINGFIELD BOULEVARD","SPRINGFIELD BOULEVARD","COLFAX ST","114 RD","QUEENS","40.70173646853302","-73.74116864018917"
"58174819","2023-07-12T10:53:00.000","2023-07-14T09:20:00.000","Catch Basin Clogged/Flooding (Use Comments) (SC)","1137 FTELEY AVENUE","FTELEY AVENUE","WATSON AVE","GLEASON AVE","BRONX","40.827917280959994","-73.87125142626837"
"58183300","2023-07-12T10:50:00.000","2023-07-14T12:00:00.000","Catch Basin Clogged/Flooding (Use Comments) (SC)","2230 5 AVENUE","5 AVENUE","E 135 ST","W 136 ST","MANHATTAN","40.813183574373184","-73.93732164068847"
"58180658","2023-07-12T10:32:00.000","2023-07-13T14:01:00.000","Catch Basin Clogged/Flooding (Use Comments) (SC)","119 REDGRAVE AVENUE","REDGRAVE AVENUE","DURANT AVE","MAYBURY CT","STATEN ISLAND","40.55252878722105","-74.13608423024547"
"58183281","2023-07-12T10:29:00.000","2023-07-13T10:30:00.000","Catch Basin Clogged/Flooding (Use Comments) (SC)","119 REDGRAVE AVENUE","REDGRAVE AVENUE","DURANT AVE","MAYBURY CT","STATEN ISLAND","40.55252878722105","-74.13608423024547"
"58180639","2023-07-12T09:44:00.000","2023-07-12T09:44:00.000","Catch Basin Clogged/Flooding (Use Comments) (SC)",,,,,"BROOKLYN","40.69867701283631","-73.9588584103748"
"58177971","2023-07-12T09:26:00.000","2023-07-13T08:50:00.000","Catch Basin Clogged/Flooding (Use Comments) (SC)","221 GREENWOOD AVENUE","GREENWOOD AVENUE","E 2 ST","E 3 ST","BROOKLYN","40.65005607777071","-73.97934689549483"
"58177967","2023-07-12T09:02:00.000","2023-07-12T10:25:00.000","Catch Basin Clogged/Flooding (Use Comments) (SC)",,,,,"MANHATTAN","40.81914228480707","-73.93717873785177"
"58173759","2023-07-12T08:59:00.000","2023-07-12T14:23:00.000","Catch Basin Clogged/Flooding (Use Comments) (SC)",,,,,"QUEENS","40.69888817735319","-73.73310134411196"
"58180640","2023-07-12T08:53:00.000","2023-07-12T11:00:00.000","Catch Basin Clogged/Flooding (Use Comments) (SC)","38-05 65 STREET","65 STREET","38 AVE","39 AVE","QUEENS","40.746807545364106","-73.89866326242537"
"58180659","2023-07-12T07:02:00.000","2023-07-12T14:00:00.000","Catch Basin Clogged/Flooding (Use Comments) (SC)","574 TROY AVENUE","TROY AVENUE","FENIMORE ST","HAWTHORNE ST","BROOKLYN","40.65937020615396","-73.93702644336537"
"58169542","2023-07-11T20:23:00.000","2023-07-12T12:05:00.000","Catch Basin Clogged/Flooding (Use Comments) (SC)",,,,,"QUEENS","40.74017566205611","-73.9269180842538"
"58168174","2023-07-11T20:11:00.000","2023-07-12T12:50:00.000","Catch Basin Clogged/Flooding (Use Comments) (SC)",,,,,"BROOKLYN","40.64741318979359","-74.01867390472866"
"58162177","2023-07-11T20:08:00.000","2023-07-12T13:20:00.000","Catch Basin Clogged/Flooding (Use Comments) (SC)",,,,,"BROOKLYN","40.646554511850645","-74.0157367603766"
"58165353","2023-07-11T18:17:00.000","2023-07-12T11:15:00.000","Catch Basin Clogged/Flooding (Use Comments) (SC)","14 WILSON AVENUE","WILSON AVENUE","NOLL ST","GEORGE ST","BROOKLYN","40.70340084335057","-73.93048929721881"
"58163919","2023-07-11T17:38:00.000","2023-07-13T08:20:00.000","Catch Basin Clogged/Flooding (Use Comments) (SC)",,,,,"STATEN ISLAND","40.58657244482012","-74.09204956469884"
"58162154","2023-07-11T16:02:00.000","2023-07-12T08:30:00.000","Catch Basin Clogged/Flooding (Use Comments) (SC)","860 RIVERSIDE DRIVE","RIVERSIDE DRIVE","BEND","W 160 ST","MANHATTAN","40.836139402067694","-73.946251477162"
"58169512","2023-07-11T15:44:00.000","2023-07-14T08:00:00.000","Catch Basin Clogged/Flooding (Use Comments) (SC)","119 MOBILE AVENUE","MOBILE AVENUE","DALTON AVE","COVERLY ST","STATEN ISLAND","40.570461170977936","-74.12598827690712"
"58172150","2023-07-11T14:44:00.000","2023-07-12T09:25:00.000","Catch Basin Clogged/Flooding (Use Comments) (SC)","1983 EAST   27 STREET","EAST   27 STREET","AVENUE S","AVENUE T","BROOKLYN","40.60293058012962","-73.94526522668575"
"58162141","2023-07-11T13:23:00.000","2023-07-12T10:35:00.000","Catch Basin Clogged/Flooding (Use Comments) (SC)","1305 CORTELYOU ROAD","CORTELYOU ROAD","ARGYLE RD","RUGBY RD","BROOKLYN","40.64050929699826","-73.96602147718365"
"58165190","2023-07-11T13:08:00.000","2023-07-12T08:35:00.000","Catch Basin Clogged/Flooding (Use Comments) (SC)","219 MULBERRY STREET","MULBERRY STREET","SPRING ST","PRINCE ST","MANHATTAN","40.72230847272815","-73.99613980463909"
"58166688","2023-07-11T12:53:00.000","2023-07-14T09:05:00.000","Catch Basin Clogged/Flooding (Use Comments) (SC)","86-55 BROADWAY","BROADWAY","JUSTICE AVE","GRAND AVE","QUEENS","40.73741067609686","-73.87728648531544"
"58163920","2023-07-11T12:50:00.000","2023-07-12T10:00:00.000","Catch Basin Clogged/Flooding (Use Comments) (SC)","1902 86 STREET","86 STREET","19 AVE","BAY 22 ST","BROOKLYN","40.605839373372845","-74.00032052153107"
"58170800","2023-07-11T12:05:00.000","2023-07-12T10:10:00.000","Catch Basin Clogged/Flooding (Use Comments) (SC)","138 NEWTON STREET","NEWTON STREET","GRAHAM AVE","MC GUINNESS BLVD S","BROOKLYN","40.72090990327236","-73.94628307819224"
"58172253","2023-07-11T10:29:00.000","2023-07-11T12:00:00.000","Catch Basin Clogged/Flooding (Use Comments) (SC)","79-19 ANKENER AVENUE","ANKENER AVENUE","BEND","82 ST","QUEENS","40.73253072924051","-73.88550416345336"
"58172151","2023-07-11T09:32:00.000","2023-07-12T12:00:00.000","Catch Basin Clogged/Flooding (Use Comments) (SC)","772 EAST   34 STREET","EAST   34 STREET","BROOKLYN RD","FARRAGUT RD","BROOKLYN","40.637418408963086","-73.9442533004443"
"58162176","2023-07-11T04:17:00.000","2023-07-12T19:30:00.000","Catch Basin Clogged/Flooding (Use Comments) (SC)",,,,,"QUEENS","40.67169436643357","-73.81662832695501"
"58166747","2023-07-11T01:41:00.000","2023-07-11T11:10:00.000","Catch Basin Clogged/Flooding (Use Comments) (SC)","85-09 66 ROAD","66 ROAD","WOODHAVEN BLVD","FITCHETT ST","QUEENS","40.717936429365565","-73.86254992916002"
"58151969","2023-07-10T19:35:00.000","2023-07-10T19:35:00.000","Catch Basin Clogged/Flooding (Use Comments) (SC)","838 RIVERSIDE DRIVE","RIVERSIDE DRIVE","BEND","W 160 ST","MANHATTAN","40.83588396825875","-73.9458758463922"
"58155177","2023-07-10T19:32:00.000","2023-07-10T19:32:00.000","Catch Basin Clogged/Flooding (Use Comments) (SC)","870 RIVERSIDE DRIVE","RIVERSIDE DRIVE","BEND","W 160 ST","MANHATTAN","40.83668585237408","-73.94679672886782"
"58156239","2023-07-10T19:02:00.000","2023-07-10T19:02:00.000","Catch Basin Clogged/Flooding (Use Comments) (SC)","325 RIVERSIDE DRIVE","RIVERSIDE DRIVE","WEST END AVE","RIVERSIDE DR","MANHATTAN","40.80142469476329","-73.97041454096428"
"58157684","2023-07-10T18:53:00.000","2023-07-12T11:20:00.000","Catch Basin Clogged/Flooding (Use Comments) (SC)","79 JOSEPH AVENUE","JOSEPH AVENUE","BEND","HAROLD ST","STATEN ISLAND","40.60116045194796","-74.13677393378204"
"58151970","2023-07-10T18:53:00.000","2023-07-12T12:00:00.000","Catch Basin Clogged/Flooding (Use Comments) (SC)","345 RIVERSIDE DRIVE","RIVERSIDE DRIVE","BROADWAY","RIVERSIDE DR","MANHATTAN","40.80279406524753","-73.96946397064613"
"58151971","2023-07-10T18:50:00.000","2023-07-11T14:40:00.000","Catch Basin Clogged/Flooding (Use Comments) (SC)",,,,,"QUEENS","40.70093495682103","-73.75110770840243"
"58156240","2023-07-10T18:44:00.000","2023-07-12T09:00:00.000","Catch Basin Clogged/Flooding (Use Comments) (SC)","71-00 YELLOWSTONE BOULEVARD","YELLOWSTONE BOULEVARD","LIRR MAIN LINE","BURNS ST","QUEENS","40.72219282425963","-73.85306744157452"
"58157719","2023-07-10T18:08:00.000","2023-07-11T14:35:00.000","Catch Basin Clogged/Flooding (Use Comments) (SC)","110-26 217 STREET","217 STREET","110 AVE","110 RD","QUEENS","40.70833053327753","-73.740443293851"
"58152899","2023-07-10T18:05:00.000","2023-07-11T14:25:00.000","Catch Basin Clogged/Flooding (Use Comments) (SC)","968 BEDFORD AVENUE","BEDFORD AVENUE","WILLOUGHBY AVE","DE KALB AVE","BROOKLYN","40.69179466741955","-73.95559921924009"
"58156361","2023-07-10T17:23:00.000","2023-07-12T09:10:00.000","Catch Basin Clogged/Flooding (Use Comments) (SC)","699 WEST  138 STREET","WEST  138 STREET","BROADWAY","RIVERSIDE DR","MANHATTAN","40.8227600779797","-73.95540344133092"
"58156362","2023-07-10T17:14:00.000","2023-07-14T09:35:00.000","Catch Basin Clogged/Flooding (Use Comments) (SC)","114-32 173 STREET","173 STREET","LINDEN BLVD","115 AVE","QUEENS","40.69142784867775","-73.7769333194068"
"58155032","2023-07-10T16:11:00.000","2023-07-11T10:05:00.000","Catch Basin Clogged/Flooding (Use Comments) (SC)","10-44 117 STREET","117 STREET","10 AVE","12 AVE","QUEENS","40.78764911262046","-73.85054681497563"
"58153476","2023-07-10T15:41:00.000","2023-07-11T08:15:00.000","Catch Basin Clogged/Flooding (Use Comments) (SC)",,,,,"QUEENS","40.664545689030554","-73.78572459267744"
"58159091","2023-07-10T15:26:00.000","2023-07-11T11:00:00.000","Catch Basin Clogged/Flooding (Use Comments) (SC)","333 PEARL STREET","PEARL STREET","PECK SLIP","FDR DRIVE EXIT 2 NB","MANHATTAN","40.70925169331099","-74.0020162864813"
"58161457","2023-07-10T15:14:00.000","2023-07-11T11:00:00.000","Catch Basin Clogged/Flooding (Use Comments) (SC)","2161 EAST   71 STREET","EAST   71 STREET","AVENUE U","AVENUE V","BROOKLYN","40.61889666872217","-73.90638578485239"
"58153526","2023-07-10T15:11:00.000","2023-07-11T10:35:00.000","Catch Basin Clogged/Flooding (Use Comments) (SC)",,,,,"BROOKLYN","40.61710508165878","-73.94606764999585"
"58152900","2023-07-10T14:56:00.000","2023-07-11T10:45:00.000","Catch Basin Clogged/Flooding (Use Comments) (SC)","4150 KINGS HIGHWAY","KINGS HIGHWAY","HUBBARD PL","AVENUE K","BROOKLYN","40.62508070055086","-73.93410122198263"
"58161418","2023-07-10T14:29:00.000","2023-07-12T10:25:00.000","Catch Basin Clogged/Flooding (Use Comments) (SC)",,,,,"BRONX","40.83114053916582","-73.87976958631721"
"58159115","2023-07-10T14:26:00.000","2023-07-17T09:55:00.000","Catch Basin Clogged/Flooding (Use Comments) (SC)","153 OCEAN AVENUE","OCEAN AVENUE","E LAKE DR","EAST DR","BROOKLYN","40.65927706431391","-73.9626059007891"
"58151914","2023-07-10T14:17:00.000","2023-07-10T14:59:00.000","Catch Basin Clogged/Flooding (Use Comments) (SC)","3206 FAIRFIELD AVENUE","FAIRFIELD AVENUE","W 232 ST","HENRY HUDSON PKWY E","BRONX","40.884599198083286","-73.91358814881522"
"58151937","2023-07-10T13:23:00.000","2023-07-11T10:00:00.000","Catch Basin Clogged/Flooding (Use Comments) (SC)",,,,,"BROOKLYN","40.60717457838964","-73.93097844232975"
"58153527","2023-07-10T13:17:00.000","2023-07-18T11:20:00.000","Catch Basin Clogged/Flooding (Use Comments) (SC)","521 FRANKLIN D ROOSEVELT DRIVE","FRANKLIN D ROOSEVELT DRIVE","WILLIAMSBURG BRDG","FDR DRIVE SB EN E HOUSTON ST","MANHATTAN","40.71536188445696","-73.97643722572816"
"58152244","2023-07-10T13:08:00.000","2023-07-11T07:50:00.000","Catch Basin Clogged/Flooding (Use Comments) (SC)","158-02 ROCKAWAY BOULEVARD","ROCKAWAY BOULEVARD","144 AVE","159 ST","QUEENS","40.66554281040998","-73.7788762538889"
"58159080","2023-07-10T13:05:00.000","2023-07-11T08:55:00.000","Catch Basin Clogged/Flooding (Use Comments) (SC)","153-01 77 ROAD","77 ROAD","153 ST","PARSONS BLVD","QUEENS","40.722668391153995","-73.8120434032887"
"58157640","2023-07-10T13:05:00.000","2023-07-11T10:15:00.000","Catch Basin Clogged/Flooding (Use Comments) (SC)","2145 EAST   18 STREET","EAST   18 STREET","AVENUE U","AVENUE V","BROOKLYN","40.598163689206444","-73.95335327184394"
"58159092","2023-07-10T12:20:00.000","2023-07-12T12:05:00.000","Catch Basin Clogged/Flooding (Use Comments) (SC)","94 DOSCHER STREET","DOSCHER STREET","PITKIN AVE","BELMONT AVE","BROOKLYN","40.67482486073798","-73.87256360547765"
"58153815","2023-07-10T12:08:00.000","2023-07-14T08:15:00.000","Catch Basin Clogged/Flooding (Use Comments) (SC)","158 EAST  184 STREET","EAST  184 STREET","CRESTON AVE","GRAND CONCOURSE","BRONX","40.85951497532864","-73.89947122379715"
"58151933","2023-07-10T11:44:00.000","2023-07-10T11:50:00.000","Catch Basin Clogged/Flooding (Use Comments) (SC)",,,,,"BROOKLYN","40.614899308483466","-73.9196534247963"
"58153816","2023-07-10T11:41:00.000","2023-07-11T09:25:00.000","Catch Basin Clogged/Flooding (Use Comments) (SC)","5701 FILLMORE AVENUE","FILLMORE AVENUE","E 57 ST","AVENUE T","BROOKLYN","40.61491844644953","-73.91954534605564"
"58152230","2023-07-10T11:26:00.000","2023-07-13T11:00:00.000","Catch Basin Clogged/Flooding (Use Comments) (SC)",,,,,"QUEENS","40.68301769284894","-73.73303506440631"
"58152901","2023-07-10T11:17:00.000","2023-07-11T07:30:00.000","Catch Basin Clogged/Flooding (Use Comments) (SC)","155-42 115 DRIVE","115 DRIVE","155 ST","157 ST","QUEENS","40.68458986527718","-73.78965882679947"
"58160489","2023-07-10T11:14:00.000","2023-07-12T10:45:00.000","Catch Basin Clogged/Flooding (Use Comments) (SC)",,,,,"STATEN ISLAND","40.5587077592231","-74.17437397817363"
"58153817","2023-07-10T10:53:00.000","2023-07-11T16:10:00.000","Catch Basin Clogged/Flooding (Use Comments) (SC)",,,,,"QUEENS","40.70309778856956","-73.73036869315393"
"58159093","2023-07-10T10:50:00.000","2023-07-11T12:20:00.000","Catch Basin Clogged/Flooding (Use Comments) (SC)","EAST   34 STREET","EAST   34 STREET","AVENUE D","NEWKIRK AVENUE","BROOKLYN",,
"58157730","2023-07-10T10:32:00.000","2023-07-10T11:20:00.000","Catch Basin Clogged/Flooding (Use Comments) (SC)",,,,,"QUEENS","40.76688664794818","-73.92139062903881"
"58159116","2023-07-10T10:32:00.000","2023-07-30T13:35:00.000","Catch Basin Clogged/Flooding (Use Comments) (SC)","1284 PELHAM PARKWAY SOUTH","PELHAM PARKWAY SOUTH","VAN HOESEN AVE","WILSON AVE","BRONX","40.85745740853582","-73.84982962360405"
"58155022","2023-07-10T10:20:00.000","2023-07-11T10:50:00.000","Catch Basin Clogged/Flooding (Use Comments) (SC)",,,,,"BROOKLYN","40.69088340874472","-73.9125013925298"
"58157731","2023-07-10T10:14:00.000","2023-07-10T14:00:00.000","Catch Basin Clogged/Flooding (Use Comments) (SC)","8202 15 AVENUE","15 AVENUE","82 ST","83 ST","BROOKLYN","40.61361514995847","-74.00722878253194"
"58155023","2023-07-10T09:59:00.000","2023-07-11T08:35:00.000","Catch Basin Clogged/Flooding (Use Comments) (SC)","128-05 150 AVENUE","150 AVENUE","128 ST","129 ST","QUEENS","40.66523228869732","-73.81268826265793"
"58156364","2023-07-10T09:56:00.000","2023-07-11T09:10:00.000","Catch Basin Clogged/Flooding (Use Comments) (SC)","100 JEWEL STREET","JEWEL STREET","NORMAN AVE","MESEROLE AVE","BROOKLYN","40.72837617651468","-73.94743522399288"
"58151915","2023-07-10T09:47:00.000","2023-07-11T13:25:00.000","Catch Basin Clogged/Flooding (Use Comments) (SC)","481 HUDSON STREET","HUDSON STREET","BARROW ST","GROVE ST","MANHATTAN","40.732197708595905","-74.00654887324436"
"58157732","2023-07-10T09:11:00.000","2023-07-12T12:35:00.000","Catch Basin Clogged/Flooding (Use Comments) (SC)",,,,,"QUEENS","40.69869375649048","-73.83406668845161"
"58152231","2023-07-10T08:50:00.000","2023-07-13T12:50:00.000","Catch Basin Clogged/Flooding (Use Comments) (SC)","1764 DR MARTIN LUTHER KING JR BLVD","DR MARTIN LUTHER KING JR BLVD","W 176 ST","MACOMBS RD","BRONX","40.84948045094283","-73.91685072855444"
"58152914","2023-07-10T08:17:00.000","2023-07-19T14:00:00.000","Catch Basin Clogged/Flooding (Use Comments) (SC)","1923 NARRAGANSETT AVENUE","NARRAGANSETT AVENUE","PAWNEE PL","CHOCTAW PL","BRONX","40.85455955800585","-73.85025910243162"
"58155176","2023-07-10T08:17:00.000","2023-07-10T11:50:00.000","Catch Basin Clogged/Flooding (Use Comments) (SC)","3524 FLATLANDS AVENUE","FLATLANDS AVENUE","AVENUE N","E 36 ST","BROOKLYN","40.6177502092754","-73.940700135507"
"58157639","2023-07-10T08:02:00.000","2023-07-11T14:50:00.000","Catch Basin Clogged/Flooding (Use Comments) (SC)","194-06 111 AVENUE","111 AVENUE","194 ST","195 ST","QUEENS","40.702615945435106","-73.76205109269958"
"58152929","2023-07-10T07:14:00.000","2023-07-10T10:30:00.000","Catch Basin Clogged/Flooding (Use Comments) (SC)","52 WEST  125 STREET","WEST  125 STREET","5 AVE","LENOX AVE","MANHATTAN","40.80722557254881","-73.9442049994479"
"58156360","2023-07-10T05:47:00.000","2023-07-10T12:10:00.000","Catch Basin Clogged/Flooding (Use Comments) (SC)","2301 GERRITSEN AVENUE","GERRITSEN AVENUE","AVENUE V","PLUMB 1 ST","BROOKLYN","40.600069592491415","-73.9331680266489"
"58160519","2023-07-10T05:05:00.000","2023-07-10T11:30:00.000","Catch Basin Clogged/Flooding (Use Comments) (SC)","7801 10 AVENUE","10 AVENUE","78 ST","79 ST","BROOKLYN","40.62248544616349","-74.01590399423087"
"58144361","2023-07-09T23:32:00.000","2023-07-10T12:50:00.000","Catch Basin Clogged/Flooding (Use Comments) (SC)","84-53 DANA COURT","DANA COURT","84 PL","WOODHAVEN BLVD","QUEENS","40.723054310706374","-73.86866164725193"
"58148195","2023-07-09T22:38:00.000","2023-07-10T13:45:00.000","Catch Basin Clogged/Flooding (Use Comments) (SC)","62-54 97 STREET","97 STREET","62 DR","63 RD","QUEENS","40.73138128628585","-73.86111140791488"
"58145310","2023-07-09T22:14:00.000","2023-07-10T14:00:00.000","Catch Basin Clogged/Flooding (Use Comments) (SC)","610 EAST NEW YORK AVENUE","EAST NEW YORK AVENUE","KINGSTON AVE","ALBANY AVE","BROOKLYN","40.66208479016858","-73.94225026499102"
"58143424","2023-07-09T21:11:00.000","2023-07-09T22:04:00.000","Catch Basin Clogged/Flooding (Use Comments) (SC)",,,,,"QUEENS","40.6750435377802","-73.79422416652704"
"58145311","2023-07-09T21:02:00.000","2023-07-10T22:10:00.000","Catch Basin Clogged/Flooding (Use Comments) (SC)",,,,,"BROOKLYN","40.6525771164346","-73.91593928882328"
"58148230","2023-07-09T20:53:00.000","2023-07-11T09:05:00.000","Catch Basin Clogged/Flooding (Use Comments) (SC)","23-25 24 STREET","24 STREET","23 AVE","24 AVE","QUEENS","40.77693548105066","-73.91794145594321"
"58145317","2023-07-09T20:47:00.000","2023-07-10T09:30:00.000","Catch Basin Clogged/Flooding (Use Comments) (SC)","40-54 192 STREET","192 STREET","STATION RD","42 AVE","QUEENS","40.76076017416714","-73.78982979564597"
"58148185","2023-07-09T20:38:00.000","2023-07-12T09:30:00.000","Catch Basin Clogged/Flooding (Use Comments) (SC)","25-50 47 STREET","47 STREET","AMTRAK-CONNECTING RAIL LINE","28 AVE","QUEENS","40.76418886593075","-73.90704795345833"
"58150146","2023-07-09T20:32:00.000","2023-07-15T13:40:00.000","Catch Basin Clogged/Flooding (Use Comments) (SC)","69-30 ALMEDA AVENUE","ALMEDA AVENUE","BEACH 69 ST","BEACH 72 ST","QUEENS","40.596858205612165","-73.79895542919218"
"58146245","2023-07-09T20:14:00.000","2023-07-12T10:05:00.000","Catch Basin Clogged/Flooding (Use Comments) (SC)","917 WESTCHESTER AVENUE","WESTCHESTER AVENUE","E 162 ST","ROGERS PL","BRONX","40.82145019968505","-73.89818106537399"
"58144350","2023-07-09T20:02:00.000","2023-07-12T15:45:00.000","Catch Basin Clogged/Flooding (Use Comments) (SC)",,,,,"QUEENS","40.68766924344334","-73.81169133433824"
"58149159","2023-07-09T19:35:00.000","2023-07-10T10:05:00.000","Catch Basin Clogged/Flooding (Use Comments) (SC)",,,,,"QUEENS","40.7235211722436","-73.76255729743532"
"58143405","2023-07-09T19:32:00.000","2023-07-14T12:50:00.000","Catch Basin Clogged/Flooding (Use Comments) (SC)",,,,,"QUEENS","40.77593675281557","-73.90093330777023"
"58146248","2023-07-09T19:29:00.000","2023-07-12T09:55:00.000","Catch Basin Clogged/Flooding (Use Comments) (SC)","1124 COLLEGE AVENUE","COLLEGE AVENUE","E 166 ST","E 167 ST","BRONX","40.83091622619485","-73.91445646350272"
"58149164","2023-07-09T19:20:00.000","2023-07-10T11:15:00.000","Catch Basin Clogged/Flooding (Use Comments) (SC)","196 ROCKAWAY AVENUE","ROCKAWAY AVENUE","HERKIMER ST","ATLANTIC AVE","BROOKLYN","40.6765846678747","-73.91091584392275"
"58144351","2023-07-09T19:14:00.000","2023-07-10T11:30:00.000","Catch Basin Clogged/Flooding (Use Comments) (SC)","1754 KIMBALL STREET","KIMBALL STREET","QUENTIN RD","AVENUE R","BROOKLYN","40.615629714654084","-73.93295074195943"
"58144362","2023-07-09T19:11:00.000","2023-07-10T20:30:00.000","Catch Basin Clogged/Flooding (Use Comments) (SC)","213 MIDDLETON STREET","MIDDLETON STREET","UNION AVE","THROOP AVE","BROOKLYN","40.70402558750109","-73.94951383344903"
"58143407","2023-07-09T19:08:00.000","2023-07-13T08:10:00.000","Catch Basin Clogged/Flooding (Use Comments) (SC)","1101 SACKET AVENUE","SACKET AVENUE","HAIGHT AVE","TOMLINSON AVE","BRONX","40.84497655294325","-73.8493156513508"
"58150157","2023-07-09T19:05:00.000","2023-07-10T09:20:00.000","Catch Basin Clogged/Flooding (Use Comments) (SC)",,,,,"QUEENS","40.6750435377802","-73.79422416652704"
"58150158","2023-07-09T19:02:00.000","2023-07-11T12:20:00.000","Catch Basin Clogged/Flooding (Use Comments) (SC)","48-20 66 STREET","66 STREET","48 AVE","49 AVE","QUEENS","40.73821120151854","-73.89891449917205"
"58144347","2023-07-09T18:56:00.000","2023-07-15T13:55:00.000","Catch Basin Clogged/Flooding (Use Comments) (SC)",,,,,"QUEENS","40.59672463823907","-73.80106594896444"
"58150179","2023-07-09T18:56:00.000","2023-07-10T18:55:00.000","Catch Basin Clogged/Flooding (Use Comments) (SC)","2 BAYARD STREET","BAYARD STREET","ROEBLING ST","LORIMER ST","BROOKLYN","40.71882914967173","-73.95198456017273"
"58150156","2023-07-09T18:53:00.000","2023-07-10T09:25:00.000","Catch Basin Clogged/Flooding (Use Comments) (SC)","222-04 39 AVENUE","39 AVENUE","222 ST","223 ST","QUEENS","40.767031862545586","-73.76159712191868"
"58144359","2023-07-09T18:47:00.000","2023-07-10T09:00:00.000","Catch Basin Clogged/Flooding (Use Comments) (SC)",,,,,"QUEENS","40.772890417098594","-73.7966151866544"
"58144348","2023-07-09T17:11:00.000","2023-07-10T14:53:00.000","Catch Basin Clogged/Flooding (Use Comments) (SC)","3236 TIERNEY PLACE","TIERNEY PLACE","LONGSTREET AVE","LOCUST POINT DR","BRONX","40.81462027241159","-73.80068558496129"
"58146249","2023-07-09T17:08:00.000","2023-07-10T12:35:00.000","Catch Basin Clogged/Flooding (Use Comments) (SC)","1601 AVENUE R","AVENUE R","E 16 ST","E 17 ST","BROOKLYN","40.60592726655482","-73.95665030442473"
"58150159","2023-07-09T16:59:00.000","2023-07-10T08:35:00.000","Catch Basin Clogged/Flooding (Use Comments) (SC)",,,,,"QUEENS","40.78351881571457","-73.79704131640929"
"58149138","2023-07-09T16:53:00.000","2023-07-17T10:05:00.000","Catch Basin Clogged/Flooding (Use Comments) (SC)","226-01 59 AVENUE","59 AVENUE","226 ST","CLOVERDALE BLVD","QUEENS","40.7514438237639","-73.75221832614729"
"58144360","2023-07-09T16:32:00.000","2023-07-11T13:20:00.000","Catch Basin Clogged/Flooding (Use Comments) (SC)",,,,,"QUEENS","40.75206837822307","-73.92646831511476"
"58148196","2023-07-09T16:32:00.000","2023-07-10T09:50:00.000","Catch Basin Clogged/Flooding (Use Comments) (SC)","119-13 223 STREET","223 STREET","119 AVE","120 AVE","QUEENS","40.69066007191352","-73.73941586796045"
"58144363","2023-07-09T14:08:00.000","2023-07-10T10:10:00.000","Catch Basin Clogged/Flooding (Use Comments) (SC)","1834 EAST   51 STREET","EAST   51 STREET","AVENUE O","FILLMORE AVE","BROOKLYN","40.615551026195654","-73.92551291681548"
"58145318","2023-07-09T12:38:00.000","2023-07-10T09:20:00.000","Catch Basin Clogged/Flooding (Use Comments) (SC)","323 DIXON AVENUE","DIXON AVENUE","LAKE AVE","SIMONSON AVE","STATEN ISLAND","40.62877526360329","-74.15251267972972"
"58149139","2023-07-09T12:17:00.000","2023-07-10T08:30:00.000","Catch Basin Clogged/Flooding (Use Comments) (SC)","3560 BROADWAY","BROADWAY","W 146 ST","W 147 ST","MANHATTAN","40.82719327066936","-73.94987927678933"
"58145283","2023-07-09T09:47:00.000","2023-07-11T10:00:00.000","Catch Basin Clogged/Flooding (Use Comments) (SC)","753 WOOLEY AVENUE","WOOLEY AVENUE","DAWSON ST","FOREST HILL RD","STATEN ISLAND","40.604219070056985","-74.1405687490308"
"58144349","2023-07-09T07:56:00.000","2023-07-09T08:40:00.000","Catch Basin Clogged/Flooding (Use Comments) (SC)","519 METROPOLITAN AVENUE","METROPOLITAN AVENUE","UNION AVE","LORIMER ST","BROOKLYN","40.71407487633347","-73.95115832578028"
"58148190","2023-07-09T07:44:00.000","2023-07-14T11:45:00.000","Catch Basin Clogged/Flooding (Use Comments) (SC)","78-29 82 STREET","82 STREET","78 RD","MYRTLE AVE","QUEENS","40.70447002124455","-73.86671818449695"
"58141214","2023-07-08T18:17:00.000","2023-07-09T08:20:00.000","Catch Basin Clogged/Flooding (Use Comments) (SC)","184 KENT AVENUE","KENT AVENUE","N 4 PL","N 3 ST","BROOKLYN","40.71849034402113","-73.96369820402633"
"58141169","2023-07-08T17:44:00.000","2023-07-09T14:15:00.000","Catch Basin Clogged/Flooding (Use Comments) (SC)",,,,,"BROOKLYN","40.64028365608836","-73.94361673907983"
"58140099","2023-07-08T16:05:00.000","2023-07-14T13:00:00.000","Catch Basin Clogged/Flooding (Use Comments) (SC)","221-01 137 AVENUE","137 AVENUE","221 ST","222 ST","QUEENS","40.67482662632342","-73.74985683321202"
"58138856","2023-07-08T12:38:00.000","2023-07-09T13:35:00.000","Catch Basin Clogged/Flooding (Use Comments) (SC)",,,,,"BROOKLYN","40.68389268899571","-73.93822197203136"
"58134357","2023-07-08T11:02:00.000","2023-07-08T11:02:00.000","Catch Basin Clogged/Flooding (Use Comments) (SC)","179 AVENUE A","AVENUE A","E 11 ST","E 12 ST","MANHATTAN","40.72864746526736","-73.98165691570632"
"58141171","2023-07-08T10:53:00.000","2023-07-10T10:15:00.000","Catch Basin Clogged/Flooding (Use Comments) (SC)","74 AVENUE A","AVENUE A","E 5 ST","E 6 ST","MANHATTAN","40.72495067256517","-73.9843277069479"
"58134339","2023-07-08T06:50:00.000","2023-07-08T11:10:00.000","Catch Basin Clogged/Flooding (Use Comments) (SC)","6302 24 AVENUE","24 AVENUE","63 ST","64 ST","BROOKLYN","40.61224045256095","-73.97589374902088"
"58128221","2023-07-07T22:11:00.000","2023-07-08T13:55:00.000","Catch Basin Clogged/Flooding (Use Comments) (SC)","1479 1 AVENUE","1 AVENUE","E 77 ST","E 78 ST","MANHATTAN","40.771122783666556","-73.9535895451555"
"58133554","2023-07-07T21:41:00.000","2023-07-09T11:10:00.000","Catch Basin Clogged/Flooding (Use Comments) (SC)","170-03 90 AVENUE","90 AVENUE","170 ST","171 ST","QUEENS","40.70879206815452","-73.79049140541026"
"58123913","2023-07-07T21:14:00.000","2023-07-09T11:00:00.000","Catch Basin Clogged/Flooding (Use Comments) (SC)","325 RIVERSIDE DRIVE","RIVERSIDE DRIVE","WEST END AVE","RIVERSIDE DR","MANHATTAN","40.80142469476329","-73.97041454096428"
"58132318","2023-07-07T21:14:00.000","2023-07-11T09:50:00.000","Catch Basin Clogged/Flooding (Use Comments) (SC)","320 RIVERSIDE DRIVE","RIVERSIDE DRIVE","W 104 ST","W 105 ST","MANHATTAN","40.80105703285138","-73.97093120998102"
"58130793","2023-07-07T21:11:00.000","2023-07-11T09:20:00.000","Catch Basin Clogged/Flooding (Use Comments) (SC)",,,,,"STATEN ISLAND","40.60256992004735","-74.07596349371762"
"58126895","2023-07-07T21:06:00.000","2023-07-08T11:20:00.000","Catch Basin Clogged/Flooding (Use Comments) (SC)","5301 21 AVENUE","21 AVENUE","53 ST","57 ST","BROOKLYN","40.62193521015961","-73.97661789893712"
"58129519","2023-07-07T16:09:00.000","2023-07-08T09:45:00.000","Catch Basin Clogged/Flooding (Use Comments) (SC)","54 PARKWAY COURT","PARKWAY COURT","OCEAN PKWY","HUBBARD ST","BROOKLYN","40.589724710447705","-73.96462872184478"
"58125293","2023-07-07T15:20:00.000","2023-07-08T09:50:00.000","Catch Basin Clogged/Flooding (Use Comments) (SC)","1057 STERLING PLACE","STERLING PLACE","BROOKLYN AVE","KINGSTON AVE","BROOKLYN","40.67217248931501","-73.94353931167882"
"58133439","2023-07-07T14:59:00.000","2023-07-13T09:15:00.000","Catch Basin Clogged/Flooding (Use Comments) (SC)","3700 WHITEPLAINS ROAD","WHITEPLAINS ROAD","E 216 ST","E 217 ST","BRONX","40.88153492169866","-73.863929453165"
"58128194","2023-07-07T14:47:00.000","2023-07-08T13:15:00.000","Catch Basin Clogged/Flooding (Use Comments) (SC)","411 64 STREET","64 STREET","4 AVE","5 AVE","BROOKLYN","40.63826181449248","-74.02022068340945"
"58123896","2023-07-07T13:59:00.000","2023-07-13T08:50:00.000","Catch Basin Clogged/Flooding (Use Comments) (SC)","226-05 88 AVENUE","88 AVENUE","HILLSIDE AVE","BEND","QUEENS","40.73098113806409","-73.74077721992555"
"58130786","2023-07-07T13:53:00.000","2023-07-08T12:00:00.000","Catch Basin Clogged/Flooding (Use Comments) (SC)","8901 AVENUE B","AVENUE B","E 89 ST","REMSEN AVE","BROOKLYN","40.649108464045554","-73.91697792173905"
"58125264","2023-07-07T11:41:00.000","2023-07-08T12:15:00.000","Catch Basin Clogged/Flooding (Use Comments) (SC)","196 EAST   59 STREET","EAST   59 STREET","SNYDER AVE","TILDEN AVE","BROOKLYN","40.649465702027356","-73.92147852588816"
"58123888","2023-07-07T11:11:00.000","2023-07-07T11:28:00.000","Catch Basin Clogged/Flooding (Use Comments) (SC)","2605 JEROME AVENUE","JEROME AVENUE","W 192 ST","E 193 ST","BRONX","40.86603556004148","-73.89853219364673"
"58132313","2023-07-07T10:53:00.000","2023-07-08T11:50:00.000","Catch Basin Clogged/Flooding (Use Comments) (SC)",,,,,"BROOKLYN","40.63614700611716","-73.99095646711457"
"58126884","2023-07-07T10:50:00.000","2023-07-08T13:45:00.000","Catch Basin Clogged/Flooding (Use Comments) (SC)",,,,,"QUEENS","40.72784191702913","-73.7957207968052"
"58123897","2023-07-07T10:29:00.000","2023-07-08T08:15:00.000","Catch Basin Clogged/Flooding (Use Comments) (SC)","61 WYTHE AVENUE","WYTHE AVENUE","N 12 ST","N 11 ST","BROOKLYN","40.7221991527179","-73.95754152668594"
"58132314","2023-07-07T10:26:00.000","2023-07-07T12:30:00.000","Catch Basin Clogged/Flooding (Use Comments) (SC)","2702 EAST   23 STREET","EAST   23 STREET","VOORHIES AVE","SHORE PKWY","BROOKLYN","40.5864950062546","-73.94586554999506"
"58125265","2023-07-07T09:56:00.000","2023-07-07T12:00:00.000","Catch Basin Clogged/Flooding (Use Comments) (SC)","1469 EAST    8 STREET","EAST    8 STREET","AVENUE N","AVENUE O","BROOKLYN","40.6131985943707","-73.96588050260532"
"58128216","2023-07-07T09:50:00.000","2023-07-08T09:45:00.000","Catch Basin Clogged/Flooding (Use Comments) (SC)",,,,,"QUEENS","40.763627088043926","-73.88114770546625"
"58125266","2023-07-07T09:47:00.000","2023-07-08T09:30:00.000","Catch Basin Clogged/Flooding (Use Comments) (SC)",,,,,"QUEENS","40.76180698228804","-73.88081885153149"
"58128220","2023-07-07T09:38:00.000","2023-07-10T10:10:00.000","Catch Basin Clogged/Flooding (Use Comments) (SC)","15 CARDINAL LANE","CARDINAL LANE","WILLOW LN","TIMBER RIDGE DR","STATEN ISLAND","40.55535202983303","-74.14159231439366"
"58133440","2023-07-07T09:29:00.000","2023-07-08T10:25:00.000","Catch Basin Clogged/Flooding (Use Comments) (SC)","574 TROY AVENUE","TROY AVENUE","FENIMORE ST","HAWTHORNE ST","BROOKLYN","40.65937020615396","-73.93702644336537"
"58125256","2023-07-07T08:35:00.000","2023-07-08T09:50:00.000","Catch Basin Clogged/Flooding (Use Comments) (SC)","477 HUDSON STREET","HUDSON STREET","BARROW ST","GROVE ST","MANHATTAN","40.732079682916","-74.00657051077432"
"58123901","2023-07-07T08:26:00.000","2023-07-07T11:10:00.000","Catch Basin Clogged/Flooding (Use Comments) (SC)","1223 CHURCH AVENUE","CHURCH AVENUE","WESTMINSTER RD","ARGYLE RD","BROOKLYN","40.647448725881695","-73.96816209213961"
"58132112","2023-07-07T07:53:00.000","2023-07-10T11:45:00.000","Catch Basin Clogged/Flooding (Use Comments) (SC)","2230 5 AVENUE","5 AVENUE","E 135 ST","W 136 ST","MANHATTAN","40.813183574373184","-73.93732164068847"
"58111898","2023-07-06T20:47:00.000","2023-07-07T10:15:00.000","Catch Basin Clogged/Flooding (Use Comments) (SC)","6701 11 AVENUE","11 AVENUE","67 ST","OVINGTON AVE","BROOKLYN","40.627374790400545","-74.00723387538044"
"58121333","2023-07-06T19:08:00.000",,"Catch Basin Clogged/Flooding (Use Comments) (SC)","1428 VYSE AVENUE","VYSE AVENUE","FREEMAN ST","JENNINGS ST","BRONX","40.83092788633529","-73.88943260814236"
"58119881","2023-07-06T17:44:00.000","2023-07-07T11:10:00.000","Catch Basin Clogged/Flooding (Use Comments) (SC)",,,,,"BROOKLYN","40.64815254350577","-74.0108217593671"
"58113936","2023-07-06T15:41:00.000","2023-07-07T08:45:00.000","Catch Basin Clogged/Flooding (Use Comments) (SC)","1886 BROADWAY","BROADWAY","W 62 ST","W 63 ST","MANHATTAN","40.77083980344637","-73.98213629361037"
"58113970","2023-07-06T15:29:00.000","2023-07-07T10:45:00.000","Catch Basin Clogged/Flooding (Use Comments) (SC)","57-19 155 STREET","155 STREET","BOOTH MEMORIAL AVE","58 AVE","QUEENS","40.742572139996355","-73.81295801008851"
"58122891","2023-07-06T14:56:00.000","2023-07-07T09:30:00.000","Catch Basin Clogged/Flooding (Use Comments) (SC)",,,,,"QUEENS","40.725561300061095","-73.87964257631107"
"58121447","2023-07-06T14:44:00.000","2023-07-07T09:45:00.000","Catch Basin Clogged/Flooding (Use Comments) (SC)","526 AVENUE Z","AVENUE Z","SHELL RD","W 3 ST","BROOKLYN","40.585799404559836","-73.97400594314735"
"58113978","2023-07-06T14:29:00.000","2023-07-09T11:00:00.000","Catch Basin Clogged/Flooding (Use Comments) (SC)","67-40 YELLOWSTON BOULEVARD","YELLOWSTON BOULEVARD","67 RD","67 DR","QUEENS","40.72732300665195","-73.84899720231816"
"58111928","2023-07-06T14:17:00.000","2023-07-08T10:10:00.000","Catch Basin Clogged/Flooding (Use Comments) (SC)","207 BRIGHTON    1 WALK","BRIGHTON    1 WALK","BRIGHTON 1 PL","BEND","BROOKLYN","40.57799397037937","-73.96643846631319"
"58123094","2023-07-06T14:05:00.000","2023-07-07T12:10:00.000","Catch Basin Clogged/Flooding (Use Comments) (SC)","142 5 AVENUE","5 AVENUE","STERLING PL","ST JOHNS PL","BROOKLYN","40.67856603083583","-73.97901358985597"
"58121334","2023-07-06T13:44:00.000","2023-07-12T16:55:00.000","Catch Basin Clogged/Flooding (Use Comments) (SC)","86-16 260 STREET","260 STREET","86 AVE","87 AVE","QUEENS","40.7330184280224","-73.70673260584128"
"58115481","2023-07-06T13:11:00.000","2023-07-11T10:20:00.000","Catch Basin Clogged/Flooding (Use Comments) (SC)","45-16 83 STREET","83 STREET","45 AVE","WHITNEY AVE","QUEENS","40.741277082204356","-73.88162061782997"
"58117042","2023-07-06T13:08:00.000","2023-07-07T11:35:00.000","Catch Basin Clogged/Flooding (Use Comments) (SC)","45-11 82 STREET","82 STREET","45 AVE","47 AVE","QUEENS","40.741514454924385","-73.88291572024654"
"58121335","2023-07-06T12:59:00.000","2023-07-09T10:30:00.000","Catch Basin Clogged/Flooding (Use Comments) (SC)","544 EGAN STREET","EGAN STREET","LINWOOD ST","ESSEX ST","BROOKLYN","40.65668232857404","-73.8729875068888"
"58122971","2023-07-06T12:38:00.000","2023-07-10T10:20:00.000","Catch Basin Clogged/Flooding (Use Comments) (SC)","505 BEACH AVENUE","BEACH AVENUE","LACOMBE AVE","RANDALL AVE","BRONX","40.81528146817701","-73.86250422765052"
"58115411","2023-07-06T12:05:00.000","2023-07-08T12:45:00.000","Catch Basin Clogged/Flooding (Use Comments) (SC)","4150 WHITE PLAINS ROAD","WHITE PLAINS ROAD","E 231 ST","E 232 ST","BRONX","40.8921470555663","-73.85805923347041"
"58121451","2023-07-06T12:02:00.000","2023-07-07T09:05:00.000","Catch Basin Clogged/Flooding (Use Comments) (SC)","2406 AVENUE V","AVENUE V","E 24 ST","BEDFORD AVE","BROOKLYN","40.5976970662129","-73.94700516364459"
"58123095","2023-07-06T11:17:00.000","2023-07-07T13:45:00.000","Catch Basin Clogged/Flooding (Use Comments) (SC)",,,,,"MANHATTAN","40.71904771006535","-73.99647909687339"
"58113937","2023-07-06T10:38:00.000","2023-07-08T12:00:00.000","Catch Basin Clogged/Flooding (Use Comments) (SC)",,,,,"MANHATTAN","40.75540567457186","-73.9794838761401"
"58111881","2023-07-06T10:02:00.000","2023-07-07T14:20:00.000","Catch Basin Clogged/Flooding (Use Comments) (SC)","112-04 GUY BREWER BOULEVARD","GUY BREWER BOULEVARD","MATHIAS AVE","PHROANE AVE","QUEENS","40.69063707836004","-73.78692807110279"
"58119919","2023-07-06T09:53:00.000","2023-07-07T14:45:00.000","Catch Basin Clogged/Flooding (Use Comments) (SC)","302 STERLING STREET","STERLING STREET","ROGERS AVE","NOSTRAND AVE","BROOKLYN","40.663085384270126","-73.95142274142678"
"58117163","2023-07-06T09:26:00.000","2023-07-10T11:00:00.000","Catch Basin Clogged/Flooding (Use Comments) (SC)","260 MEREDITH AVENUE","MEREDITH AVENUE","STATEN ISLAND RAILWAY LINE","SOUTH AVE","STATEN ISLAND","40.59931920606547","-74.19368788900083"
"58113938","2023-07-06T09:17:00.000","2023-07-10T08:50:00.000","Catch Basin Clogged/Flooding (Use Comments) (SC)","425 JEWETT AVENUE","JEWETT AVENUE","HAUGHWOUT AVE","FOREST AVE","STATEN ISLAND","40.62656452188987","-74.13122772791783"
"58115412","2023-07-06T08:47:00.000","2023-07-13T11:31:00.000","Catch Basin Clogged/Flooding (Use Comments) (SC)","46 BEDFORD STREET","BEDFORD STREET","LEROY ST","7 AVE S","MANHATTAN","40.73049057628604","-74.00431889831772"
"58111901","2023-07-06T08:17:00.000","2023-07-07T11:35:00.000","Catch Basin Clogged/Flooding (Use Comments) (SC)",,,,,"BROOKLYN","40.65542942447386","-74.00325805445905"
"58121448","2023-07-06T07:44:00.000","2023-07-07T13:20:00.000","Catch Basin Clogged/Flooding (Use Comments) (SC)",,,,,"BROOKLYN","40.66447760611747","-73.86348552618668"
"58123096","2023-07-06T07:11:00.000","2023-07-10T09:50:00.000","Catch Basin Clogged/Flooding (Use Comments) (SC)",,,,,"STATEN ISLAND","40.64342250533328","-74.09556923476592"
"58111892","2023-07-06T06:14:00.000","2023-07-12T10:40:00.000","Catch Basin Clogged/Flooding (Use Comments) (SC)","233 STREET","233 STREET","135 AVENUE","137 AVENUE","QUEENS",,
"58119882","2023-07-05T21:53:00.000","2023-07-05T21:53:00.000","Catch Basin Clogged/Flooding (Use Comments) (SC)","476 81 STREET","81 STREET","4 AVE","5 AVE","BROOKLYN","40.62546463681475","-74.02515573043985"
"58111919","2023-07-05T20:47:00.000","2023-07-06T09:15:00.000","Catch Basin Clogged/Flooding (Use Comments) (SC)",,,,,"BROOKLYN","40.59159812606125","-73.9606814743252"
"58121317","2023-07-05T20:32:00.000","2023-07-10T10:30:00.000","Catch Basin Clogged/Flooding (Use Comments) (SC)","100 GOLD STREET","GOLD STREET","SPRUCE ST","ROSE ST","MANHATTAN","40.71035229111428","-74.00400739046181"
"58111883","2023-07-05T18:50:00.000","2023-07-16T19:50:00.000","Catch Basin Clogged/Flooding (Use Comments) (SC)","91-42 CHICOT ROAD","CHICOT ROAD","BEND","CROSS BAY BLVD","QUEENS","40.67588587992674","-73.84476585061111"
"58111920","2023-07-05T17:50:00.000","2023-07-07T08:50:00.000","Catch Basin Clogged/Flooding (Use Comments) (SC)","2999 AVENUE U","AVENUE U","BROWN ST","BATCHELDER ST","BROOKLYN","40.6007426283983","-73.93911635622774"
"58115480","2023-07-05T17:35:00.000","2023-07-08T11:30:00.000","Catch Basin Clogged/Flooding (Use Comments) (SC)","1242 50 STREET","50 STREET","NEW UTRECHT AVE","13 AVE","BROOKLYN","40.635172799904254","-73.99388939926348"
"58118571","2023-07-05T17:29:00.000","2023-07-06T10:40:00.000","Catch Basin Clogged/Flooding (Use Comments) (SC)","196 WATCHOGUE ROAD","WATCHOGUE ROAD","ST JOHN AVE","NEAL DOW AVE","STATEN ISLAND","40.615719925188785","-74.1358780765991"
"58111839","2023-07-05T17:02:00.000","2023-07-05T17:17:00.000","Catch Basin Clogged/Flooding (Use Comments) (SC)","249-03 64 AVENUE","64 AVENUE","MARATHON PKWY","251 ST","QUEENS","40.75473714262192","-73.72772691186275"
"58118572","2023-07-05T16:35:00.000","2023-07-06T11:10:00.000","Catch Basin Clogged/Flooding (Use Comments) (SC)","8305 21 AVENUE","21 AVENUE","83 ST","84 ST","BROOKLYN","40.60489228085933","-73.99436034159953"
"58121332","2023-07-05T16:05:00.000","2023-07-12T08:50:00.000","Catch Basin Clogged/Flooding (Use Comments) (SC)",,,,,"QUEENS","40.74694562339164","-73.71894194063006"
"58123079","2023-07-05T15:41:00.000","2023-07-05T16:08:00.000","Catch Basin Clogged/Flooding (Use Comments) (SC)","88-03 80 STREET","80 STREET","88 AVE","88 RD","QUEENS","40.689911225929905","-73.86161607510587"
"58113864","2023-07-05T15:41:00.000","2023-07-12T12:35:00.000","Catch Basin Clogged/Flooding (Use Comments) (SC)","88-03 80 STREET","80 STREET","88 AVE","88 RD","QUEENS","40.689911225929905","-73.86161607510587"
"58123093","2023-07-05T15:17:00.000","2023-07-06T11:50:00.000","Catch Basin Clogged/Flooding (Use Comments) (SC)","251 ST MARKS AVENUE","ST MARKS AVENUE","VANDERBILT AVE","UNDERHILL AVE","BROOKLYN","40.67827782317361","-73.96723523900164"
"58121446","2023-07-05T15:08:00.000","2023-07-07T08:55:00.000","Catch Basin Clogged/Flooding (Use Comments) (SC)","88-10 178 STREET","178 STREET","88 AVE","89 AVE","QUEENS","40.7114251038754","-73.78497151003901"
"58111890","2023-07-05T14:59:00.000","2023-07-05T14:59:00.000","Catch Basin Clogged/Flooding (Use Comments) (SC)","186 RUSSELL STREET","RUSSELL STREET","NASSAU AVE","NORMAN AVE","BROOKLYN","40.726903704764744","-73.94469798277207"
"58111879","2023-07-05T14:56:00.000","2023-07-12T16:30:00.000","Catch Basin Clogged/Flooding (Use Comments) (SC)",,,,,"STATEN ISLAND","40.57657045983503","-74.10171921436951"
"58119918","2023-07-05T14:47:00.000","2023-07-06T10:40:00.000","Catch Basin Clogged/Flooding (Use Comments) (SC)",,,,,"MANHATTAN","40.81837868739609","-73.94698116971144"
"58119909","2023-07-05T14:32:00.000","2023-07-06T10:20:00.000","Catch Basin Clogged/Flooding (Use Comments) (SC)","2886 86 STREET","86 STREET","W 6 ST","VAN SICKLEN ST","BROOKLYN","40.591300474364516","-73.97626856757628"
"58113969","2023-07-05T14:20:00.000","2023-07-06T14:35:00.000","Catch Basin Clogged/Flooding (Use Comments) (SC)",,,,,"MANHATTAN","40.762582261975396","-74.00038625294978"
"58118478","2023-07-05T14:11:00.000","2023-07-06T11:20:00.000","Catch Basin Clogged/Flooding (Use Comments) (SC)","122 29 STREET","29 STREET","3 AVE","4 AVE","BROOKLYN","40.65914863353852","-74.00184537266078"
"58115478","2023-07-05T13:44:00.000","2023-07-06T10:40:00.000","Catch Basin Clogged/Flooding (Use Comments) (SC)","476 81 STREET","81 STREET","4 AVE","5 AVE","BROOKLYN","40.62546463681475","-74.02515573043985"
"58111858","2023-07-05T13:41:00.000","2023-07-05T14:30:00.000","Catch Basin Clogged/Flooding (Use Comments) (SC)","1657 EAST   36 STREET","EAST   36 STREET","AVENUE P","QUENTIN RD","BROOKLYN","40.61538256266747","-73.93761182469072"
"58111859","2023-07-05T13:29:00.000","2023-07-05T13:50:00.000","Catch Basin Clogged/Flooding (Use Comments) (SC)","2882 86 STREET","86 STREET","W 6 ST","VAN SICKLEN ST","BROOKLYN","40.591330677559334","-73.97631896500711"
"58119907","2023-07-05T13:26:00.000","2023-07-06T10:00:00.000","Catch Basin Clogged/Flooding (Use Comments) (SC)","1150 BAY RIDGE AVENUE","BAY RIDGE AVENUE","11 AVE","12 AVE","BROOKLYN","40.62563734578169","-74.00711480675258"
"58121330","2023-07-05T13:11:00.000","2023-07-05T17:53:00.000","Catch Basin Clogged/Flooding (Use Comments) (SC)",,,,,"QUEENS","40.70320220203781","-73.75113531000454"
"58118568","2023-07-05T13:08:00.000","2023-07-05T18:10:00.000","Catch Basin Clogged/Flooding (Use Comments) (SC)","COZINE AVENUE","COZINE AVENUE","NEW JERSEY AVENUE","VERMONT STREET","BROOKLYN",,
"58119987","2023-07-05T13:05:00.000","2023-07-06T08:30:00.000","Catch Basin Clogged/Flooding (Use Comments) (SC)","190 NASSAU AVENUE","NASSAU AVENUE","JEWEL ST","HUMBOLDT ST","BROOKLYN","40.72549876119992","-73.945478440495"
"58118569","2023-07-05T12:38:00.000","2023-07-10T01:15:00.000","Catch Basin Clogged/Flooding (Use Comments) (SC)","86-03 252 STREET","252 STREET","86 AVE","87 AVE","QUEENS","40.731843335077784","-73.7142428234102"
"58116987","2023-07-05T12:14:00.000","2023-07-10T11:45:00.000","Catch Basin Clogged/Flooding (Use Comments) (SC)","128 WINFIELD STREET","WINFIELD STREET","OLYMPIA BLVD","PATTERSON AVE","STATEN ISLAND","40.58885663261974","-74.07636914727948"
"58117160","2023-07-05T11:53:00.000","2023-07-06T09:50:00.000","Catch Basin Clogged/Flooding (Use Comments) (SC)","193 RUSSELL STREET","RUSSELL STREET","NASSAU AVE","NORMAN AVE","BROOKLYN","40.72705194410479","-73.94474476267209"
"58117161","2023-07-05T11:20:00.000","2023-07-07T12:10:00.000","Catch Basin Clogged/Flooding (Use Comments) (SC)","1272 BOSTON ROAD","BOSTON ROAD","E 169 ST","E 169 ST","BRONX","40.83088323764248","-73.90069250055556"
"58123080","2023-07-05T11:11:00.000","2023-07-07T09:20:00.000","Catch Basin Clogged/Flooding (Use Comments) (SC)","129-42 133 STREET","133 STREET","SUTTER AVE","131 AVE","QUEENS","40.67194762198708","-73.80538020686059"
"58113977","2023-07-05T10:59:00.000","2023-07-06T09:20:00.000","Catch Basin Clogged/Flooding (Use Comments) (SC)",,,,,"BROOKLYN","40.72078923636976","-73.94650323768592"
"58118464","2023-07-05T10:38:00.000","2023-07-05T14:10:00.000","Catch Basin Clogged/Flooding (Use Comments) (SC)","2484 EAST   18 STREET","EAST   18 STREET","AVENUE X","AVENUE Y","BROOKLYN","40.59087019772902","-73.95199375486229"
"58111861","2023-07-05T10:08:00.000","2023-07-07T11:30:00.000","Catch Basin Clogged/Flooding (Use Comments) (SC)","2001 CLINTON AVENUE","CLINTON AVENUE","E 179 ST","OAKLAND PL","BRONX","40.84637457095392","-73.88885754575216"
"58116988","2023-07-05T10:02:00.000","2023-07-11T13:10:00.000","Catch Basin Clogged/Flooding (Use Comments) (SC)","99-59 MCKEE COURT","MCKEE COURT","DEAD END","104 ST","QUEENS","40.65186792925003","-73.83038108290611"
"58111887","2023-07-05T09:47:00.000",,"Catch Basin Clogged/Flooding (Use Comments) (SC)","620 WEST END AVENUE","WEST END AVENUE","W 90 ST","W 91 ST","MANHATTAN","40.79161081317161","-73.9758540814521"
"58113976","2023-07-05T09:29:00.000","2023-07-05T09:37:00.000","Catch Basin Clogged/Flooding (Use Comments) (SC)",,,,,"BROOKLYN","40.57724405166864","-74.000032398413"
"58117041","2023-07-05T09:26:00.000","2023-07-06T12:30:00.000","Catch Basin Clogged/Flooding (Use Comments) (SC)","20 93 STREET","93 STREET","SHORE RD","MARINE AVE","BROOKLYN","40.61871959068824","-74.03892746854234"
"58119908","2023-07-05T09:23:00.000","2023-07-05T11:50:00.000","Catch Basin Clogged/Flooding (Use Comments) (SC)","3610 CANAL AVENUE","CANAL AVENUE","W 36 ST","W 37 ST","BROOKLYN","40.578984223199605","-74.00277913627829"
"58119988","2023-07-05T09:17:00.000","2023-07-05T14:10:00.000","Catch Basin Clogged/Flooding (Use Comments) (SC)","124-19 25 ROAD","25 ROAD","124 ST","125 ST","QUEENS","40.77564619898126","-73.8442011251963"
"58111888","2023-07-05T09:14:00.000","2023-07-05T15:10:00.000","Catch Basin Clogged/Flooding (Use Comments) (SC)","2423 AVENUE J","AVENUE J","E 24 ST","BEDFORD AVE","BROOKLYN","40.62619034660575","-73.95228536668536"
"58118570","2023-07-05T09:08:00.000","2023-07-13T09:55:00.000","Catch Basin Clogged/Flooding (Use Comments) (SC)","115-59 220 STREET","220 STREET","115 RD","116 AVE","QUEENS","40.69822264849443","-73.73851717321357"
"58117162","2023-07-05T08:05:00.000","2023-07-05T15:40:00.000","Catch Basin Clogged/Flooding (Use Comments) (SC)","69 STRATFORD ROAD","STRATFORD ROAD","CATON AVE","CHURCH AVE","BROOKLYN","40.64738592468482","-73.96937293449162"
"58121450","2023-07-05T08:02:00.000","2023-07-12T08:45:00.000","Catch Basin Clogged/Flooding (Use Comments) (SC)",,,,,"QUEENS","40.57637928578411","-73.86005140772743"
"58121331","2023-07-05T07:47:00.000","2023-07-05T07:47:00.000","Catch Basin Clogged/Flooding (Use Comments) (SC)","10 QUINCY STREET","QUINCY STREET","DOWNING ST","CLASSON AVE","BROOKLYN","40.68578550011842","-73.96077377083515"
"58115458","2023-07-05T07:32:00.000","2023-07-05T15:20:00.000","Catch Basin Clogged/Flooding (Use Comments) (SC)","688 EAST   22 STREET","EAST   22 STREET","FOSTER AVE","FARRAGUT RD","BROOKLYN","40.63576302302897","-73.95630305175997"
"58122970","2023-07-05T07:05:00.000","2023-07-06T13:30:00.000","Catch Basin Clogged/Flooding (Use Comments) (SC)","10104 4 AVENUE","4 AVENUE","101 ST","101 ST","BROOKLYN","40.61217475312821","-74.03423062703807"
"58122969","2023-07-05T06:53:00.000","2023-07-05T07:05:00.000","Catch Basin Clogged/Flooding (Use Comments) (SC)","12 POST COURT","POST COURT","MADOC AVE","JUST CT","BROOKLYN","40.58613415855308","-73.92418841286326"
"58095657","2023-07-04T23:05:00.000","2023-07-05T08:35:00.000","Catch Basin Clogged/Flooding (Use Comments) (SC)","2003 COYLE STREET","COYLE STREET","AVENUE T","AVENUE U","BROOKLYN","40.60309133141031","-73.93754408330838"
"58092806","2023-07-04T22:02:00.000","2023-07-05T17:05:00.000","Catch Basin Clogged/Flooding (Use Comments) (SC)","1301 DAHILL ROAD","DAHILL ROAD","AVENUE M","23 AVE","BROOKLYN","40.61628344247798","-73.9754636594056"
"58090115","2023-07-04T20:56:00.000","2023-07-05T12:05:00.000","Catch Basin Clogged/Flooding (Use Comments) (SC)","80 BAY   50 STREET","BAY   50 STREET","W 16 ST","PRIVATE CATANZARO SQ","BROOKLYN","40.586935033893944","-73.98550860707033"
"58097715","2023-07-04T19:32:00.000","2023-07-09T12:45:00.000","Catch Basin Clogged/Flooding (Use Comments) (SC)","1540 TOMLINSON AVENUE","TOMLINSON AVENUE","SACKETT AVE","PIERCE AVE","BRONX","40.84551108883122","-73.84879397464866"
"58091164","2023-07-04T18:44:00.000","2023-07-05T16:25:00.000","Catch Basin Clogged/Flooding (Use Comments) (SC)","5209 FORT HAMILTON PARKWAY","FORT HAMILTON PARKWAY","52 ST","53 ST","BROOKLYN","40.636828068916635","-73.99994955746917"
"58091219","2023-07-04T16:38:00.000","2023-07-06T11:10:00.000","Catch Basin Clogged/Flooding (Use Comments) (SC)","2 BAYARD STREET","BAYARD STREET","ROEBLING ST","LORIMER ST","BROOKLYN","40.71882914967173","-73.95198456017273"
"58091218","2023-07-04T16:17:00.000","2023-07-06T09:30:00.000","Catch Basin Clogged/Flooding (Use Comments) (SC)","823 HYLAN BOULEVARD","HYLAN BOULEVARD","FINGERBOARD RD","BEND","STATEN ISLAND","40.60024205239186","-74.07213651433914"
"58092788","2023-07-04T15:38:00.000","2023-07-05T05:45:00.000","Catch Basin Clogged/Flooding (Use Comments) (SC)",,,,,"BROOKLYN","40.57453206859375","-74.00518713528935"
"58099094","2023-07-04T15:17:00.000","2023-07-06T10:00:00.000","Catch Basin Clogged/Flooding (Use Comments) (SC)","1336 BAY STREET","BAY STREET","ANCHOR PL","HOPE AVE","STATEN ISLAND","40.610929723375804","-74.06381386540922"
"58092444","2023-07-04T15:17:00.000","2023-07-05T11:00:00.000","Catch Basin Clogged/Flooding (Use Comments) (SC)","84-53 DANA COURT","DANA COURT","84 PL","WOODHAVEN BLVD","QUEENS","40.723054310706374","-73.86866164725193"
"58099546","2023-07-04T14:59:00.000","2023-07-05T08:55:00.000","Catch Basin Clogged/Flooding (Use Comments) (SC)","2615 AVENUE W","AVENUE W","E 26 ST","E 27 ST","BROOKLYN","40.59553576729139","-73.94458353351725"
"58097613","2023-07-04T14:59:00.000","2023-07-05T10:10:00.000","Catch Basin Clogged/Flooding (Use Comments) (SC)","2689 CONEY ISLAND AVENUE","CONEY ISLAND AVENUE","AVENUE X","DESMOND CT","BROOKLYN","40.59106012688618","-73.96062778256642"
"58101071","2023-07-04T14:53:00.000","2023-07-05T10:25:00.000","Catch Basin Clogged/Flooding (Use Comments) (SC)",,,,,"BROOKLYN","40.590749612422236","-73.9683727530283"
"58101070","2023-07-04T14:44:00.000","2023-07-04T14:44:00.000","Catch Basin Clogged/Flooding (Use Comments) (SC)",,,,,"BROOKLYN","40.665534958368255","-73.93698457735134"
"58100867","2023-07-04T14:41:00.000","2023-07-04T22:15:00.000","Catch Basin Clogged/Flooding (Use Comments) (SC)",,,,,"BROOKLYN","40.636935115458016","-73.99980903868415"
"58092443","2023-07-04T14:20:00.000","2023-07-05T09:45:00.000","Catch Basin Clogged/Flooding (Use Comments) (SC)","339 HARBOR ROAD","HARBOR ROAD","BREEZY CT","FOREST AVE","STATEN ISLAND","40.62769950040764","-74.16043583331368"
"58097438","2023-07-04T14:11:00.000","2023-07-05T08:20:00.000","Catch Basin Clogged/Flooding (Use Comments) (SC)","2432 BRAGG STREET","BRAGG STREET","AVENUE X","AVENUE Y","BROOKLYN","40.59362299828464","-73.93480199862617"
"58101069","2023-07-04T14:11:00.000","2023-07-05T10:00:00.000","Catch Basin Clogged/Flooding (Use Comments) (SC)",,,,,"BROOKLYN","40.67839443105709","-74.0116811189583"
"58092442","2023-07-04T13:53:00.000","2023-07-05T08:10:00.000","Catch Basin Clogged/Flooding (Use Comments) (SC)","12 POST COURT","POST COURT","MADOC AVE","JUST CT","BROOKLYN","40.58613415855308","-73.92418841286326"
"58092828","2023-07-04T13:47:00.000","2023-07-04T14:05:00.000","Catch Basin Clogged/Flooding (Use Comments) (SC)","2795 STRICKLAND AVENUE","STRICKLAND AVENUE","NATIONAL DR","BEND","BROOKLYN","40.60833841918082","-73.91469484973855"
"58094388","2023-07-04T13:38:00.000","2023-07-05T13:05:00.000","Catch Basin Clogged/Flooding (Use Comments) (SC)","7314 21 AVENUE","21 AVENUE","73 ST","74 ST","BROOKLYN","40.610540633696665","-73.9885108349264"
"58095160","2023-07-04T13:32:00.000","2023-07-07T08:35:00.000","Catch Basin Clogged/Flooding (Use Comments) (SC)","2068 BATCHELDER STREET","BATCHELDER STREET","AVENUE T","AVENUE U","BROOKLYN","40.601497489355","-73.93919489279112"
"58095163","2023-07-04T13:20:00.000","2023-07-04T13:20:00.000","Catch Basin Clogged/Flooding (Use Comments) (SC)","122 29 STREET","29 STREET","3 AVE","4 AVE","BROOKLYN","40.65914863353852","-74.00184537266078"
"58092338","2023-07-04T13:20:00.000","2023-07-05T09:40:00.000","Catch Basin Clogged/Flooding (Use Comments) (SC)",,,,,"BROOKLYN","40.68280562652516","-73.96366354716633"
"58093583","2023-07-04T13:17:00.000","2023-07-05T13:00:00.000","Catch Basin Clogged/Flooding (Use Comments) (SC)","815 3 AVENUE","3 AVENUE","28 ST","29 ST","BROOKLYN","40.659711309880024","-74.00205443611132"
"58093959","2023-07-04T13:14:00.000","2023-07-05T11:45:00.000","Catch Basin Clogged/Flooding (Use Comments) (SC)","122 29 STREET","29 STREET","3 AVE","4 AVE","BROOKLYN","40.65914863353852","-74.00184537266078"
"58095128","2023-07-04T13:08:00.000","2023-07-05T12:20:00.000","Catch Basin Clogged/Flooding (Use Comments) (SC)","2573 WEST   15 STREET","WEST   15 STREET","W 15 PL","AVENUE Z","BROOKLYN","40.58518640550157","-73.98407248602386"
"58095125","2023-07-04T13:05:00.000","2023-07-05T13:40:00.000","Catch Basin Clogged/Flooding (Use Comments) (SC)","21S T AVENUE","T AVENUE","STILLWELL AVE","LAURA GILLY WAY","BROOKLYN","40.598023919594276","-73.98470679084264"
"58092014","2023-07-04T13:02:00.000","2023-07-05T09:45:00.000","Catch Basin Clogged/Flooding (Use Comments) (SC)",,,,,"BROOKLYN","40.592003039649214","-73.95700500319627"
"58095319","2023-07-04T12:59:00.000","2023-07-05T09:30:00.000","Catch Basin Clogged/Flooding (Use Comments) (SC)","2280 EAST   18 STREET","EAST   18 STREET","GRAVESEND NECK RD","AVENUE W","BROOKLYN","40.595190852601704","-73.9528152298616"
"58088740","2023-07-04T12:56:00.000","2023-07-05T14:40:00.000","Catch Basin Clogged/Flooding (Use Comments) (SC)","3602 AVENUE P","AVENUE P","E 36 ST","E 37 ST","BROOKLYN","40.61634920319986","-73.93848979300208"
"58094764","2023-07-04T12:53:00.000","2023-07-05T07:35:00.000","Catch Basin Clogged/Flooding (Use Comments) (SC)","2795 STRICKLAND AVENUE","STRICKLAND AVENUE","NATIONAL DR","BEND","BROOKLYN","40.60833841918082","-73.91469484973855"
"58096544","2023-07-04T12:50:00.000","2023-07-05T10:45:00.000","Catch Basin Clogged/Flooding (Use Comments) (SC)","2671 HARWAY AVENUE","HARWAY AVENUE","BAY 44 ST","27 AVE","BROOKLYN","40.59034990966863","-73.9885575150997"
"58092345","2023-07-04T12:47:00.000","2023-07-05T15:50:00.000","Catch Basin Clogged/Flooding (Use Comments) (SC)","70 EAST   10 STREET","EAST   10 STREET","CATON AVE","CHURCH AVE","BROOKLYN","40.64699094754839","-73.97041094883647"
"58096451","2023-07-04T12:47:00.000","2023-07-05T12:45:00.000","Catch Basin Clogged/Flooding (Use Comments) (SC)","7824 15 AVENUE","15 AVENUE","78 ST","79 ST","BROOKLYN","40.6157479726531","-74.00500664113541"
"58093971","2023-07-04T12:41:00.000","2023-07-05T10:35:00.000","Catch Basin Clogged/Flooding (Use Comments) (SC)","380 HAWTHORNE STREET","HAWTHORNE STREET","NOSTRAND AVE","NEW YORK AVE","BROOKLYN","40.65798136900852","-73.94806015303472"
"58088773","2023-07-04T12:41:00.000","2023-07-05T15:55:00.000","Catch Basin Clogged/Flooding (Use Comments) (SC)","907 CHURCH AVENUE","CHURCH AVENUE","CONEY ISLAND AVE","E 10 ST","BROOKLYN","40.646428352614514","-73.97074632908873"
"58096505","2023-07-04T12:35:00.000","2023-07-12T09:15:00.000","Catch Basin Clogged/Flooding (Use Comments) (SC)",,,,,"STATEN ISLAND","40.62949524223407","-74.15798674688926"
"58092358","2023-07-04T12:35:00.000","2023-07-07T08:20:00.000","Catch Basin Clogged/Flooding (Use Comments) (SC)","2383 STUART STREET","STUART STREET","AVENUE V","WHITNEY AVE","BROOKLYN","40.59922285127222","-73.93089663705045"
"58097097","2023-07-04T12:32:00.000","2023-07-04T16:05:00.000","Catch Basin Clogged/Flooding (Use Comments) (SC)","1877 WEST   11 STREET","WEST   11 STREET","HIGHLAWN AVE","AVENUE S","BROOKLYN","40.60134766119815","-73.98321516448412"
"58088880","2023-07-04T12:32:00.000","2023-07-04T14:25:00.000","Catch Basin Clogged/Flooding (Use Comments) (SC)",,,,,"BROOKLYN","40.59768254573046","-73.9668498784211"
"58090801","2023-07-04T12:26:00.000","2023-07-05T09:55:00.000","Catch Basin Clogged/Flooding (Use Comments) (SC)","574 TROY AVENUE","TROY AVENUE","FENIMORE ST","HAWTHORNE ST","BROOKLYN","40.65937020615396","-73.93702644336537"
"58095344","2023-07-04T12:26:00.000","2023-07-04T15:40:00.000","Catch Basin Clogged/Flooding (Use Comments) (SC)","2501 WEST    2 STREET","WEST    2 STREET","AVENUE Y","AVENUE Z","BROOKLYN","40.587904098322106","-73.9716036581244"
"58092397","2023-07-04T12:23:00.000",,"Catch Basin Clogged/Flooding (Use Comments) (SC)","184 32 STREET","32 STREET","4 AVE","5 AVE","BROOKLYN","40.65605252873038","-74.00128665520519"
"58100571","2023-07-04T12:23:00.000","2023-07-05T10:35:00.000","Catch Basin Clogged/Flooding (Use Comments) (SC)","222 BROOKLYN AVENUE","BROOKLYN AVENUE","PARK PL","STERLING PL","BROOKLYN","40.67236244781116","-73.94471076231434"
"58098413","2023-07-04T12:23:00.000","2023-07-10T08:50:00.000","Catch Basin Clogged/Flooding (Use Comments) (SC)","24 TREADWELL AVENUE","TREADWELL AVENUE","RICHMOND TER","STATEN ISLAND RAILWAY LINE","STATEN ISLAND","40.639355907310005","-74.13770617619288"
"58088749","2023-07-04T12:14:00.000","2023-07-04T18:15:00.000","Catch Basin Clogged/Flooding (Use Comments) (SC)","5000 14 AVENUE","14 AVENUE","50 ST","51 ST","BROOKLYN","40.63305634612914","-73.99059299967716"
"58099911","2023-07-04T12:11:00.000","2023-07-05T11:10:00.000","Catch Basin Clogged/Flooding (Use Comments) (SC)","321 VANDERBILT STREET","VANDERBILT STREET","20 ST","E 4 ST","BROOKLYN","40.65264698635559","-73.97844151645083"
"58099271","2023-07-04T11:44:00.000","2023-07-04T13:10:00.000","Catch Basin Clogged/Flooding (Use Comments) (SC)","7 WINANT STREET","WINANT STREET","RICHMOND TER","LA SALLE ST","STATEN ISLAND","40.63729236727284","-74.14616192085636"
"58096478","2023-07-04T11:26:00.000","2023-07-04T11:55:00.000","Catch Basin Clogged/Flooding (Use Comments) (SC)","203 JAVA STREET","JAVA STREET","MANHATTAN AVE","MC GUINNESS BLVD","BROOKLYN","40.731801137520414","-73.95262107608296"
"58100218","2023-07-04T11:14:00.000","2023-07-08T10:15:00.000","Catch Basin Clogged/Flooding (Use Comments) (SC)","72-54 CALAMUS AVENUE","CALAMUS AVENUE","72 PL","74 ST","QUEENS","40.73453365228027","-73.89037556762669"
"58093973","2023-07-04T11:05:00.000","2023-07-04T12:10:00.000","Catch Basin Clogged/Flooding (Use Comments) (SC)","2380 EAST   12 STREET","EAST   12 STREET","CRAWFORD AVE","AVENUE X","BROOKLYN","40.5920422164246","-73.9590573324132"
"58098867","2023-07-04T10:50:00.000","2023-07-07T10:15:00.000","Catch Basin Clogged/Flooding (Use Comments) (SC)",,,,,"QUEENS","40.79355971792293","-73.81031196806673"
"58098780","2023-07-04T09:50:00.000","2023-07-05T12:00:00.000","Catch Basin Clogged/Flooding (Use Comments) (SC)","45 SIGNAL HILL ROAD","SIGNAL HILL ROAD","NESMYTHE TER","BEND","STATEN ISLAND","40.61863969004717","-74.08885553600618"
"58096993","2023-07-04T09:29:00.000","2023-07-07T07:30:00.000","Catch Basin Clogged/Flooding (Use Comments) (SC)","1689 EAST   52 STREET","EAST   52 STREET","AVENUE N","AVENUE O","BROOKLYN","40.618116963314286","-73.92482926994002"
"58094754","2023-07-04T07:56:00.000","2023-07-05T14:45:00.000","Catch Basin Clogged/Flooding (Use Comments) (SC)",,,,,"BROOKLYN","40.63120087805252","-74.03672627260838"
"58100857","2023-07-04T07:11:00.000","2023-07-04T10:00:00.000","Catch Basin Clogged/Flooding (Use Comments) (SC)","1185 EAST   59 STREET","EAST   59 STREET","AVENUE K","AVENUE L","BROOKLYN","40.624661944474","-73.9188095220544"
"58080927","2023-07-03T17:59:00.000","2023-07-04T08:45:00.000","Catch Basin Clogged/Flooding (Use Comments) (SC)","240 NORTH HENRY STREET","NORTH HENRY STREET","NASSAU AVE","NORMAN AVE","BROOKLYN","40.72729303393052","-73.94381732481432"
"58078419","2023-07-03T16:50:00.000","2023-07-04T10:25:00.000","Catch Basin Clogged/Flooding (Use Comments) (SC)",,,,,"BROOKLYN","40.631581792884546","-73.94754388879824"
"58082282","2023-07-03T16:35:00.000","2023-07-04T09:05:00.000","Catch Basin Clogged/Flooding (Use Comments) (SC)",,,,,"BROOKLYN","40.72551795227735","-73.9454315229567"
"58084899","2023-07-03T13:59:00.000","2023-07-04T10:50:00.000","Catch Basin Clogged/Flooding (Use Comments) (SC)","114-43 116 STREET","116 STREET","LINDEN BLVD","ROCKAWAY BLVD","QUEENS","40.677410291055494","-73.82270546279157"
"58078414","2023-07-03T13:38:00.000","2023-07-04T08:25:00.000","Catch Basin Clogged/Flooding (Use Comments) (SC)","100 JEWEL STREET","JEWEL STREET","NORMAN AVE","MESEROLE AVE","BROOKLYN","40.72837617651468","-73.94743522399288"
"58082114","2023-07-03T13:14:00.000","2023-07-06T10:30:00.000","Catch Basin Clogged/Flooding (Use Comments) (SC)","56-16A 175 PLACE","175 PLACE","56 AVE","BOOTH MEMORIAL AVE","QUEENS","40.742451464386406","-73.79372366322067"
"58078415","2023-07-03T13:11:00.000","2023-07-11T13:30:00.000","Catch Basin Clogged/Flooding (Use Comments) (SC)",,,,,"QUEENS","40.75629911855345","-73.89892675437245"
"58085935","2023-07-03T12:50:00.000","2023-07-05T08:35:00.000","Catch Basin Clogged/Flooding (Use Comments) (SC)","23-20 23 AVENUE","23 AVENUE","23 ST","24 ST","QUEENS","40.77781918290391","-73.91779594021816"
"58082117","2023-07-03T12:32:00.000","2023-07-04T14:00:00.000","Catch Basin Clogged/Flooding (Use Comments) (SC)","5802 SNYDER AVENUE","SNYDER AVENUE","E 58 ST","E 59 ST","BROOKLYN","40.65058617727942","-73.92236734141257"
"58085860","2023-07-03T12:20:00.000","2023-07-09T08:55:00.000","Catch Basin Clogged/Flooding (Use Comments) (SC)","6 BANES COURT","BANES COURT","WHITE PLAINS RD","BOLTON AVE","BRONX","40.8083091896128","-73.85522534603902"
"58082281","2023-07-03T11:38:00.000","2023-07-05T11:00:00.000","Catch Basin Clogged/Flooding (Use Comments) (SC)","158-52 89 STREET","89 STREET","158 AVE","159 AVE","QUEENS","40.65943514824761","-73.84383818940493"
"58080856","2023-07-03T11:32:00.000","2023-07-04T10:50:00.000","Catch Basin Clogged/Flooding (Use Comments) (SC)","82-01 ROOSEVELT AVENUE","ROOSEVELT AVENUE","82 ST","83 ST","QUEENS","40.7476553611802","-73.8837999682628"
"58078420","2023-07-03T10:56:00.000","2023-07-03T12:00:00.000","Catch Basin Clogged/Flooding (Use Comments) (SC)","66-02 BOOTH STREET","BOOTH STREET","66 AVE","67 AVE","QUEENS","40.7262348822024","-73.85664836686482"
"58087118","2023-07-03T10:47:00.000","2023-07-03T12:10:00.000","Catch Basin Clogged/Flooding (Use Comments) (SC)","78-10 74 STREET","74 STREET","78 AVE","MYRTLE AVE","QUEENS","40.70396064987286","-73.87509028441974"
"58078418","2023-07-03T10:47:00.000","2023-07-04T09:55:00.000","Catch Basin Clogged/Flooding (Use Comments) (SC)","87-16 LIBERTY AVENUE","LIBERTY AVENUE","87 ST","88 ST","QUEENS","40.67984156199042","-73.85134725408668"
"58084900","2023-07-03T10:08:00.000","2023-07-03T10:55:00.000","Catch Basin Clogged/Flooding (Use Comments) (SC)","1662 62 STREET","62 STREET","16 AVE","17 AVE","BROOKLYN","40.622829343975994","-73.99167872801452"
"58084761","2023-07-03T10:08:00.000","2023-07-05T09:45:00.000","Catch Basin Clogged/Flooding (Use Comments) (SC)","43 PIERCE STREET","PIERCE STREET","RHINE AVE","TARGEE ST","STATEN ISLAND","40.61020579356826","-74.087738618344"
"58087119","2023-07-03T09:56:00.000","2023-07-06T11:20:00.000","Catch Basin Clogged/Flooding (Use Comments) (SC)","72-54 CALAMUS AVENUE","CALAMUS AVENUE","72 PL","74 ST","QUEENS","40.73453365228027","-73.89037556762669"
"58083632","2023-07-03T09:23:00.000","2023-07-03T10:50:00.000","Catch Basin Clogged/Flooding (Use Comments) (SC)",,,,,"MANHATTAN","40.72195165842647","-73.99626970034271"
"58083642","2023-07-03T02:29:00.000","2023-07-03T09:00:00.000","Catch Basin Clogged/Flooding (Use Comments) (SC)","77 4 AVENUE","4 AVENUE","BERGEN ST","ST MARKS PL","BROOKLYN","40.6819450161227","-73.97996437204992"
"58087120","2023-07-03T00:41:00.000","2023-07-03T11:05:00.000","Catch Basin Clogged/Flooding (Use Comments) (SC)","114-01 103 AVENUE","103 AVENUE","114 ST","115 ST","QUEENS","40.686815285410425","-73.82906262683001"
"58072117","2023-07-02T20:14:00.000","2023-07-03T08:30:00.000","Catch Basin Clogged/Flooding (Use Comments) (SC)",,,,,"BROOKLYN","40.61445708180884","-73.91538938793704"
"58072078","2023-07-02T20:05:00.000","2023-07-06T10:35:00.000","Catch Basin Clogged/Flooding (Use Comments) (SC)","41-50 78 STREET","78 STREET","BROADWAY","WOODSIDE AVE","QUEENS","40.74429919170938","-73.88722701464378"
"58074114","2023-07-02T19:59:00.000","2023-07-10T12:00:00.000","Catch Basin Clogged/Flooding (Use Comments) (SC)","37-06 77 STREET","77 STREET","BEND","37 RD","QUEENS","40.748906626043","-73.88902015725485"
"58071111","2023-07-02T19:59:00.000","2023-07-11T12:15:00.000","Catch Basin Clogged/Flooding (Use Comments) (SC)","50-06 88 STREET","88 STREET","50 AVE","DEAD END","QUEENS","40.73973407171849","-73.87596867342297"
"58076128","2023-07-02T19:32:00.000","2023-07-03T10:30:00.000","Catch Basin Clogged/Flooding (Use Comments) (SC)",,,,,"BROOKLYN","40.67839443105709","-74.0116811189583"
"58073071","2023-07-02T18:20:00.000","2023-07-03T08:20:00.000","Catch Basin Clogged/Flooding (Use Comments) (SC)","13-12 138 STREET","138 STREET","13 AVE","14 AVE","QUEENS","40.78725996121519","-73.83110868179293"
"58076129","2023-07-02T18:11:00.000","2023-07-02T19:10:00.000","Catch Basin Clogged/Flooding (Use Comments) (SC)","63-51 SAUNDERS STREET","SAUNDERS STREET","63 AVE","63 DR","QUEENS","40.72947354690314","-73.8632946472339"
"58072079","2023-07-02T18:11:00.000","2023-07-08T12:50:00.000","Catch Basin Clogged/Flooding (Use Comments) (SC)","167-24 NORTHERN BOULEVARD","NORTHERN BOULEVARD","167 ST","168 ST","QUEENS","40.75928359477148","-73.79911492099855"
"58075196","2023-07-02T11:38:00.000","2023-07-05T12:50:00.000","Catch Basin Clogged/Flooding (Use Comments) (SC)","1000 VANNEST AVENUE","VANNEST AVENUE","COLDEN AVE","PAULDING AVE","BRONX","40.84682844762728","-73.85513066863177"
"58076130","2023-07-02T09:23:00.000","2023-07-06T13:45:00.000","Catch Basin Clogged/Flooding (Use Comments) (SC)","158-10 95 STREET","95 STREET","158 AVE","159 AVE","QUEENS","40.66075322036711","-73.8382952391958"
"58070384","2023-07-01T23:11:00.000","2023-07-02T08:55:00.000","Catch Basin Clogged/Flooding (Use Comments) (SC)",,,,,"QUEENS","40.77795655911321","-73.90379356917987"
"58061939","2023-07-01T22:44:00.000","2023-07-02T09:20:00.000","Catch Basin Clogged/Flooding (Use Comments) (SC)","249-03 64 AVENUE","64 AVENUE","MARATHON PKWY","251 ST","QUEENS","40.75473714262192","-73.72772691186275"
"58068175","2023-07-01T18:47:00.000","2023-07-02T10:10:00.000","Catch Basin Clogged/Flooding (Use Comments) (SC)",,,,,"BROOKLYN","40.61403528628009","-74.00319480341562"
"58068129","2023-07-01T17:53:00.000","2023-07-02T11:35:00.000","Catch Basin Clogged/Flooding (Use Comments) (SC)","1503 60 STREET","60 STREET","15 AVE","LONG ISLAND RAILROAD","BROOKLYN","40.62604637808412","-73.99390464465887"
"58061940","2023-07-01T15:32:00.000","2023-07-02T14:10:00.000","Catch Basin Clogged/Flooding (Use Comments) (SC)","2292 RALPH AVENUE","RALPH AVENUE","E 66 ST","AVENUE M","BROOKLYN","40.62230053840791","-73.91756601416805"
"58061938","2023-07-01T12:50:00.000","2023-07-02T13:10:00.000","Catch Basin Clogged/Flooding (Use Comments) (SC)","81 FLEET PLACE","FLEET PLACE","MYRTLE AVE","FAIR ST","BROOKLYN","40.69308908222985","-73.9817496381086"
"58070353","2023-07-01T09:41:00.000","2023-07-02T13:40:00.000","Catch Basin Clogged/Flooding (Use Comments) (SC)","1741 PACIFIC STREET","PACIFIC STREET","SCHENECTADY AVE","UTICA AVE","BROOKLYN","40.676709050860474","-73.93233774028458"
"58069220","2023-07-01T08:26:00.000","2023-07-02T13:55:00.000","Catch Basin Clogged/Flooding (Use Comments) (SC)","255 SCHENECTADY AVENUE","SCHENECTADY AVENUE","LINCOLN PL","EASTERN PKWY","BROOKLYN","40.66978208484425","-73.9337975094931"
"58065942","2023-07-01T07:35:00.000","2023-07-01T13:30:00.000","Catch Basin Clogged/Flooding (Use Comments) (SC)","658 AVENUE Z","AVENUE Z","W 1 ST","WEST ST","BROOKLYN","40.58627866801345","-73.96961697766976"
"58053673","2023-06-30T18:26:00.000","2023-07-01T08:35:00.000","Catch Basin Clogged/Flooding (Use Comments) (SC)","84-42 64 ROAD","64 ROAD","84 PL","WOODHAVEN BLVD","QUEENS","40.72098085962789","-73.86765200014966"
"58051999","2023-06-30T16:59:00.000","2023-07-01T09:15:00.000","Catch Basin Clogged/Flooding (Use Comments) (SC)","16 WEST   22 STREET","WEST   22 STREET","5 AVE","AVENUE OF THE AMERICAS","MANHATTAN","40.741214047147906","-73.99088446695605"
"58053605","2023-06-30T15:26:00.000","2023-07-01T10:45:00.000","Catch Basin Clogged/Flooding (Use Comments) (SC)","405 ORIENTAL BOULEVARD","ORIENTAL BOULEVARD","COLERIDGE ST","DOVER ST","BROOKLYN","40.577216664027716","-73.94991207131115"
"58053694","2023-06-30T15:23:00.000","2023-07-01T10:10:00.000","Catch Basin Clogged/Flooding (Use Comments) (SC)","194 DOVER STREET","DOVER STREET","HAMPTON AVE","ORIENTAL BLVD","BROOKLYN","40.57775984746123","-73.94925649089052"
"58056122","2023-06-30T15:05:00.000","2023-07-03T08:08:00.000","Catch Basin Clogged/Flooding (Use Comments) (SC)","196 WATCHOGUE ROAD","WATCHOGUE ROAD","ST JOHN AVE","NEAL DOW AVE","STATEN ISLAND","40.615719925188785","-74.1358780765991"
"58051940","2023-06-30T14:53:00.000","2023-07-01T09:00:00.000","Catch Basin Clogged/Flooding (Use Comments) (SC)","277 BERRIMAN STREET","BERRIMAN STREET","BELMONT AVE","SUTTER AVE","BROOKLYN","40.671919903682486","-73.8792887590337"
"58056123","2023-06-30T13:11:00.000","2023-07-09T09:00:00.000","Catch Basin Clogged/Flooding (Use Comments) (SC)","200-33 LINDEN BOULEVARD","LINDEN BOULEVARD","201 ST","201 ST","QUEENS","40.69462856695629","-73.7516216903025"
"58054918","2023-06-30T13:02:00.000","2023-07-06T09:00:00.000","Catch Basin Clogged/Flooding (Use Comments) (SC)","41 HARBOR VIEW PLACE","HARBOR VIEW PLACE","BAY ST","WADSWORTH RD","STATEN ISLAND","40.60983325076995","-74.06115484986813"
"58061216","2023-06-30T09:56:00.000","2023-07-09T10:30:00.000","Catch Basin Clogged/Flooding (Use Comments) (SC)",,,,,"QUEENS",,
"58052001","2023-06-30T09:41:00.000","2023-07-07T10:50:00.000","Catch Basin Clogged/Flooding (Use Comments) (SC)",,,,,"QUEENS","40.707105534949974","-73.75899809917469"
"58056181","2023-06-30T09:02:00.000","2023-07-03T08:35:00.000","Catch Basin Clogged/Flooding (Use Comments) (SC)","2246 1 AVENUE","1 AVENUE","E 115 ST","E 116 ST","MANHATTAN","40.79559447590918","-73.93569490884335"
"58054815","2023-06-30T08:38:00.000","2023-07-05T12:10:00.000","Catch Basin Clogged/Flooding (Use Comments) (SC)","109 EAST   42 STREET","EAST   42 STREET","DE PEW PL","LEXINGTON AVE","MANHATTAN","40.751861744730235","-73.97703428017383"
"58043673","2023-06-29T21:23:00.000","2023-06-30T08:30:00.000","Catch Basin Clogged/Flooding (Use Comments) (SC)","79 JOSEPH AVENUE","JOSEPH AVENUE","BEND","HAROLD ST","STATEN ISLAND","40.60116045194796","-74.13677393378204"
"58043674","2023-06-29T19:29:00.000","2023-07-05T13:00:00.000","Catch Basin Clogged/Flooding (Use Comments) (SC)",,,,,"QUEENS","40.68221055489076","-73.77256183401397"
"58049993","2023-06-29T16:41:00.000","2023-06-30T10:00:00.000","Catch Basin Clogged/Flooding (Use Comments) (SC)",,,,,"BROOKLYN","40.60997405807772","-73.93533347138379"
"58041922","2023-06-29T16:20:00.000","2023-06-29T16:20:00.000","Catch Basin Clogged/Flooding (Use Comments) (SC)","1 CENTRAL PARK WEST","CENTRAL PARK WEST","COLUMBUS CIR","W 61 ST","MANHATTAN","40.76852864622802","-73.98158816874908"
"58041932","2023-06-29T14:23:00.000","2023-06-30T09:00:00.000","Catch Basin Clogged/Flooding (Use Comments) (SC)","58-27 263 STREET","263 STREET","58 AVE","59 AVE","QUEENS","40.761965004239954","-73.72009146370003"
"58041933","2023-06-29T14:08:00.000","2023-06-30T09:05:00.000","Catch Basin Clogged/Flooding (Use Comments) (SC)","115 WILLOW STREET","WILLOW STREET","CLARK ST","PIERREPONT ST","BROOKLYN","40.6975342293155","-73.99572651242381"
"58048603","2023-06-29T13:50:00.000","2023-06-30T12:10:00.000","Catch Basin Clogged/Flooding (Use Comments) (SC)","9110 DITMAS AVENUE","DITMAS AVENUE","E 91 ST","E 92 ST","BROOKLYN","40.648697153164306","-73.91379998729806"
"58044812","2023-06-29T11:35:00.000","2023-06-30T09:30:00.000","Catch Basin Clogged/Flooding (Use Comments) (SC)","260 MEREDITH AVENUE","MEREDITH AVENUE","STATEN ISLAND RAILWAY LINE","SOUTH AVE","STATEN ISLAND","40.59931920606547","-74.19368788900083"
"58043756","2023-06-29T11:23:00.000","2023-06-30T10:20:00.000","Catch Basin Clogged/Flooding (Use Comments) (SC)","297 SANILAC STREET","SANILAC STREET","GREELEY AVE","DEAD END","STATEN ISLAND","40.5741732446655","-74.1028422574976"
"58047316","2023-06-29T07:32:00.000","2023-06-29T13:40:00.000","Catch Basin Clogged/Flooding (Use Comments) (SC)",,,,,"QUEENS","40.66429549925704","-73.83937161474216"
"58046199","2023-06-29T07:26:00.000","2023-06-30T09:20:00.000","Catch Basin Clogged/Flooding (Use Comments) (SC)","3007 OCEAN AVENUE","OCEAN AVENUE","JEROME AVE","VOORHIES AVE","BROOKLYN","40.587657568019594","-73.94917336200548"
"58047332","2023-06-29T06:23:00.000","2023-06-29T08:30:00.000","Catch Basin Clogged/Flooding (Use Comments) (SC)","259-62 147 DRIVE","147 DRIVE","259 ST","FRANCIS LEWIS BLVD","QUEENS","40.65562897778231","-73.72783587137997"
"58038453","2023-06-28T19:29:00.000","2023-06-29T06:49:00.000","Catch Basin Clogged/Flooding (Use Comments) (SC)","4150 MURDOCK AVENUE","MURDOCK AVENUE","EDENWALD AVE","BUSSING AVE","BRONX","40.89476591285502","-73.84151298862037"
"58031341","2023-06-28T16:11:00.000","2023-06-29T11:15:00.000","Catch Basin Clogged/Flooding (Use Comments) (SC)","14 BEDFORD AVENUE","BEDFORD AVENUE","MANHATTAN AVE","LORIMER ST","BROOKLYN","40.72368988803002","-73.95143629019995"
"58037285","2023-06-28T15:59:00.000","2023-06-29T11:55:00.000","Catch Basin Clogged/Flooding (Use Comments) (SC)","85 NORTH    6 STREET","NORTH    6 STREET","WYTHE AVE","BERRY ST","BROOKLYN","40.718750099568666","-73.96066418284931"
"58034692","2023-06-28T12:38:00.000","2023-07-06T08:55:00.000","Catch Basin Clogged/Flooding (Use Comments) (SC)","585 FOX STREET","FOX STREET","BEND","AVENUE ST JOHN","BRONX","40.81355449678071","-73.90234764382869"
"58038533","2023-06-28T11:53:00.000","2023-06-29T13:25:00.000","Catch Basin Clogged/Flooding (Use Comments) (SC)","109-01 37 AVENUE","37 AVENUE","109 ST","110 ST","QUEENS","40.75395627445273","-73.85835369637729"
"58034693","2023-06-28T11:17:00.000","2023-06-29T09:00:00.000","Catch Basin Clogged/Flooding (Use Comments) (SC)","11 WEST    9 STREET","WEST    9 STREET","5 AVE","BEND","MANHATTAN","40.733128315210365","-73.99656134250151"
"58031340","2023-06-28T10:44:00.000","2023-06-28T11:01:00.000","Catch Basin Clogged/Flooding (Use Comments) (SC)",,,,,"QUEENS","40.68425758275403","-73.81513711376681"
"58031360","2023-06-28T10:26:00.000","2023-06-29T10:30:00.000","Catch Basin Clogged/Flooding (Use Comments) (SC)",,,,,"QUEENS","40.58204936776925","-73.8218785867284"
"58038454","2023-06-28T10:23:00.000","2023-06-28T11:25:00.000","Catch Basin Clogged/Flooding (Use Comments) (SC)",,,,,"BROOKLYN","40.6609999757865","-73.89789613399724"
"58032961","2023-06-28T08:38:00.000","2023-07-05T10:05:00.000","Catch Basin Clogged/Flooding (Use Comments) (SC)","1306 EAST GUN HILL ROAD","EAST GUN HILL ROAD","BURKE AVE","YOUNG AVE","BRONX","40.871546785449844","-73.84836234700795"
"58023062","2023-06-27T20:26:00.000","2023-07-09T11:45:00.000","Catch Basin Clogged/Flooding (Use Comments) (SC)","1901 WHITE PLAINS ROAD","WHITE PLAINS ROAD","RHINELANDER AVE","CRUGER AVE","BRONX","40.84750724482997","-73.86724483967836"
"58024869","2023-06-27T16:17:00.000","2023-07-05T08:30:00.000","Catch Basin Clogged/Flooding (Use Comments) (SC)","27 FORT PLACE","FORT PLACE","BELMONT PL","MONROE AVE","STATEN ISLAND","40.64192249902925","-74.079298120042"
"58023138","2023-06-27T12:50:00.000","2023-06-28T10:00:00.000","Catch Basin Clogged/Flooding (Use Comments) (SC)","27 LAWRENCE AVENUE","LAWRENCE AVENUE","FOREST AVE","MORRISON AVE","STATEN ISLAND","40.62962231996133","-74.10731933482829"
"58024742","2023-06-27T10:44:00.000","2023-06-27T11:45:00.000","Catch Basin Clogged/Flooding (Use Comments) (SC)",,,,,"QUEENS","40.75465799737773","-73.7279185350814"
"58029924","2023-06-27T10:35:00.000","2023-06-28T10:25:00.000","Catch Basin Clogged/Flooding (Use Comments) (SC)","119 REDGRAVE AVENUE","REDGRAVE AVENUE","DURANT AVE","MAYBURY CT","STATEN ISLAND","40.55252878722105","-74.13608423024547"
"58024870","2023-06-27T10:26:00.000","2023-06-28T10:50:00.000","Catch Basin Clogged/Flooding (Use Comments) (SC)","119 REDGRAVE AVENUE","REDGRAVE AVENUE","DURANT AVE","MAYBURY CT","STATEN ISLAND","40.55252878722105","-74.13608423024547"
"58025779","2023-06-27T10:08:00.000","2023-06-28T08:45:00.000","Catch Basin Clogged/Flooding (Use Comments) (SC)","52-20 FLUSHING AVENUE","FLUSHING AVENUE","METROPOLITAN AVE","53 ST","QUEENS","40.714081112598585","-73.9147398787056"
"58021740","2023-06-27T09:32:00.000","2023-06-27T14:36:00.000","Catch Basin Clogged/Flooding (Use Comments) (SC)","84-16 SUTTER AVENUE","SUTTER AVENUE","84 ST","85 ST","QUEENS","40.675610255090604","-73.8522327340007"
"58025778","2023-06-27T09:20:00.000","2023-06-27T09:21:00.000","Catch Basin Clogged/Flooding (Use Comments) (SC)",,,,,"BROOKLYN","40.69867701283631","-73.9588584103748"
"58023232","2023-06-27T09:17:00.000","2023-06-28T11:45:00.000","Catch Basin Clogged/Flooding (Use Comments) (SC)","86 AMBASSADOR LANE","AMBASSADOR LANE","BEND","BEND","STATEN ISLAND","40.52896689568667","-74.21961432684236"
"58025773","2023-06-27T08:56:00.000","2023-06-28T13:15:00.000","Catch Basin Clogged/Flooding (Use Comments) (SC)","43-02 20 ROAD","20 ROAD","43 ST","45 ST","QUEENS","40.77385870794916","-73.90061145827434"
"58023122","2023-06-27T07:35:00.000","2023-06-28T11:00:00.000","Catch Basin Clogged/Flooding (Use Comments) (SC)","166 BEACH  131 STREET","BEACH  131 STREET","OCEAN PROM","ROCKAWAY BEACH BLVD","QUEENS","40.57449898871572","-73.84912671681217"
"58021743","2023-06-27T06:50:00.000","2023-06-28T08:00:00.000","Catch Basin Clogged/Flooding (Use Comments) (SC)","82-04 159 AVENUE","159 AVENUE","82 ST","83 ST","QUEENS","40.6577168533622","-73.84998011603396"
"58023245","2023-06-27T00:35:00.000","2023-06-28T11:50:00.000","Catch Basin Clogged/Flooding (Use Comments) (SC)",,,,,"STATEN ISLAND","40.513221667870546","-74.25086198200249"
"58014584","2023-06-26T20:53:00.000","2023-06-27T11:35:00.000","Catch Basin Clogged/Flooding (Use Comments) (SC)","170-03 90 AVENUE","90 AVENUE","170 ST","171 ST","QUEENS","40.70879206815452","-73.79049140541026"
"58011669","2023-06-26T19:59:00.000","2023-06-27T10:45:00.000","Catch Basin Clogged/Flooding (Use Comments) (SC)",,,,,"BROOKLYN","40.63289800370129","-73.95774605818278"
"58015912","2023-06-26T19:08:00.000","2023-06-30T11:15:00.000","Catch Basin Clogged/Flooding (Use Comments) (SC)","114 WILSON AVENUE","WILSON AVENUE","NOTRE DAME AVE","FERN AVE","STATEN ISLAND","40.54865859870551","-74.15755453375813"
"58013269","2023-06-26T17:38:00.000","2023-06-28T09:20:00.000","Catch Basin Clogged/Flooding (Use Comments) (SC)","101-20 SHOREFRONT PARKWAY","SHOREFRONT PARKWAY","BEACH 101 ST","BEACH 102 ST","QUEENS","40.582226711441784","-73.82119049470242"
"58010130","2023-06-26T17:26:00.000","2023-06-28T11:25:00.000","Catch Basin Clogged/Flooding (Use Comments) (SC)","196 WATCHOGUE ROAD","WATCHOGUE ROAD","ST JOHN AVE","NEAL DOW AVE","STATEN ISLAND","40.615719925188785","-74.1358780765991"
"58017209","2023-06-26T16:20:00.000","2023-06-27T09:05:00.000","Catch Basin Clogged/Flooding (Use Comments) (SC)","999A LAFAYETTE AVENUE","LAFAYETTE AVENUE","STUYVESANT AVE","MALCOLM X BLVD","BROOKLYN","40.69209886019166","-73.93211657930414"
"58015887","2023-06-26T15:17:00.000","2023-06-27T10:00:00.000","Catch Basin Clogged/Flooding (Use Comments) (SC)","61 ANDREWS AVENUE","ANDREWS AVENUE","ARDSLEY ST","NATICK ST","STATEN ISLAND","40.57122842947994","-74.13671624455424"
"58019488","2023-06-26T15:05:00.000","2023-06-26T15:05:00.000","Catch Basin Clogged/Flooding (Use Comments) (SC)","46 BEDFORD STREET","BEDFORD STREET","LEROY ST","7 AVE S","MANHATTAN","40.73049057628604","-74.00431889831772"
"58018048","2023-06-26T14:50:00.000","2023-06-27T11:45:00.000","Catch Basin Clogged/Flooding (Use Comments) (SC)","10578 AVENUE K","AVENUE K","E 105 ST","E 108 ST","BROOKLYN","40.64521795526641","-73.88951333410196"
"58010131","2023-06-26T14:20:00.000","2023-06-27T09:00:00.000","Catch Basin Clogged/Flooding (Use Comments) (SC)",,,,,"MANHATTAN","40.767915812897506","-73.96615142268037"
"58010109","2023-06-26T13:32:00.000","2023-06-26T14:40:00.000","Catch Basin Clogged/Flooding (Use Comments) (SC)","4505 PARK AVENUE","PARK AVENUE","E 182 ST","E 183 ST","BRONX","40.85487540975291","-73.89524162948877"
"58011670","2023-06-26T13:20:00.000","2023-07-06T09:15:00.000","Catch Basin Clogged/Flooding (Use Comments) (SC)","3150 RAWLINS AVENUE","RAWLINS AVENUE","KEARNEY AVE","ELLIS PL","BRONX","40.83958545564192","-73.82379477400193"
"58012054","2023-06-26T11:47:00.000","2023-06-27T09:40:00.000","Catch Basin Clogged/Flooding (Use Comments) (SC)","113 JANE STREET","JANE STREET","WASHINGTON ST","WEST ST","MANHATTAN","40.73815365612636","-74.00902490142289"
"58019489","2023-06-26T11:26:00.000","2023-06-27T08:40:00.000","Catch Basin Clogged/Flooding (Use Comments) (SC)",,,,,"MANHATTAN","40.77286358573826","-73.98953706666732"
"58012055","2023-06-26T11:17:00.000","2023-06-27T07:30:00.000","Catch Basin Clogged/Flooding (Use Comments) (SC)","88 GREEN STREET","GREEN STREET","WEST ST","FRANKLIN ST","BROOKLYN","40.73339533590763","-73.95842202453767"
"58017952","2023-06-26T11:11:00.000","2023-06-27T09:45:00.000","Catch Basin Clogged/Flooding (Use Comments) (SC)","784 HERKIMER STREET","HERKIMER STREET","HUNTERFLY PL","ROCHESTER AVE","BROOKLYN","40.67842438635898","-73.9275842324647"
"58017237","2023-06-26T08:02:00.000","2023-06-27T10:10:00.000","Catch Basin Clogged/Flooding (Use Comments) (SC)","46 BEDFORD STREET","BEDFORD STREET","LEROY ST","7 AVE S","MANHATTAN","40.73049057628604","-74.00431889831772"
"58017210","2023-06-26T07:56:00.000","2023-06-26T09:30:00.000","Catch Basin Clogged/Flooding (Use Comments) (SC)","200 BRADHURST AVENUE","BRADHURST AVENUE","W 151 ST","W 152 ST","MANHATTAN","40.82734220899194","-73.93990630571572"
"58010111","2023-06-26T07:41:00.000","2023-06-26T12:10:00.000","Catch Basin Clogged/Flooding (Use Comments) (SC)","100-54 197 STREET","197 STREET","100 AVE","104 AVE","QUEENS","40.70962055026078","-73.76202248134771"
"58014535","2023-06-26T07:23:00.000","2023-07-05T16:35:00.000","Catch Basin Clogged/Flooding (Use Comments) (SC)","2931 SCOTT PLACE","SCOTT PLACE","E TREMONT AVE","EDISON AVE","BRONX","40.82869703562787","-73.82371159229214"
"58017212","2023-06-26T06:59:00.000","2023-06-28T08:30:00.000","Catch Basin Clogged/Flooding (Use Comments) (SC)",,,,,"QUEENS","40.69323071365494","-73.77111065187519"
"58002022","2023-06-25T19:11:00.000","2023-06-26T06:44:00.000","Catch Basin Clogged/Flooding (Use Comments) (SC)","54 FEATHERBED LANE","FEATHERBED LANE","BEND","BEND","BRONX","40.84566751269749","-73.91610370963573"
"58004289","2023-06-25T14:08:00.000","2023-06-27T11:15:00.000","Catch Basin Clogged/Flooding (Use Comments) (SC)","111-34 131 STREET","131 STREET","111 AVE","LINDEN BLVD","QUEENS","40.683005385695","-73.81139803343517"
"58004241","2023-06-25T11:59:00.000","2023-06-25T12:35:00.000","Catch Basin Clogged/Flooding (Use Comments) (SC)","339 TOMPKINS AVENUE","TOMPKINS AVENUE","GATES AVE","MONROE ST","BROOKLYN","40.68633873404358","-73.94449725385063"
"58006535","2023-06-25T11:17:00.000","2023-06-25T12:20:00.000","Catch Basin Clogged/Flooding (Use Comments) (SC)",,,,,"QUEENS","40.75465799737773","-73.7279185350814"
"58003048","2023-06-25T10:14:00.000","2023-06-29T09:50:00.000","Catch Basin Clogged/Flooding (Use Comments) (SC)",,,,,"MANHATTAN","40.73637716939731","-73.98493484247116"
"58000915","2023-06-25T07:08:00.000","2023-06-25T13:00:00.000","Catch Basin Clogged/Flooding (Use Comments) (SC)","251 ST MARKS AVENUE","ST MARKS AVENUE","VANDERBILT AVE","UNDERHILL AVE","BROOKLYN","40.67827782317361","-73.96723523900164"
"58008916","2023-06-25T03:17:00.000","2023-06-25T09:05:00.000","Catch Basin Clogged/Flooding (Use Comments) (SC)","82-01 164 PLACE","164 PLACE","GOETHALS AVE","82 RD","QUEENS","40.71929029529797","-73.80262652053008"
"57992755","2023-06-24T19:05:00.000","2023-06-25T10:50:00.000","Catch Basin Clogged/Flooding (Use Comments) (SC)","257 MYRTLE AVENUE","MYRTLE AVENUE","ASHLAND PL","MONUMENT WALK","BROOKLYN","40.69348381933806","-73.97877810395705"
"57999538","2023-06-24T12:02:00.000","2023-07-05T11:05:00.000","Catch Basin Clogged/Flooding (Use Comments) (SC)","2112 TOMLINSON AVENUE","TOMLINSON AVENUE","LYDIG AVE","PELHAM PKWY S","BRONX","40.855475919533475","-73.85644572665909"
"57993353","2023-06-24T10:41:00.000","2023-06-24T14:37:00.000","Catch Basin Clogged/Flooding (Use Comments) (SC)",,,,,"QUEENS","40.69847763204181","-73.73839355602718"
"57992144","2023-06-24T10:38:00.000","2023-06-24T14:37:00.000","Catch Basin Clogged/Flooding (Use Comments) (SC)","115-59 220 STREET","220 STREET","115 RD","116 AVE","QUEENS","40.69822264849443","-73.73851717321357"
"57993422","2023-06-24T09:53:00.000","2023-06-25T11:00:00.000","Catch Basin Clogged/Flooding (Use Comments) (SC)","246-39 87 AVENUE","87 AVENUE","246 ST","COMMONWEALTH BLVD","QUEENS","40.73000856918479","-73.72043857405531"
"57995848","2023-06-24T08:08:00.000","2023-06-24T09:10:00.000","Catch Basin Clogged/Flooding (Use Comments) (SC)","3025 OCEAN AVENUE","OCEAN AVENUE","JEROME AVE","VOORHIES AVE","BROOKLYN","40.587339144104575","-73.94911239809177"
"57990237","2023-06-23T19:23:00.000","2023-06-25T09:50:00.000","Catch Basin Clogged/Flooding (Use Comments) (SC)","87-14 ASTORIA BOULEVARD","ASTORIA BOULEVARD","87 ST","88 ST","QUEENS","40.76414400810067","-73.8820312155336"
"57986569","2023-06-23T16:26:00.000","2023-06-27T10:20:00.000","Catch Basin Clogged/Flooding (Use Comments) (SC)","772 EAST   34 STREET","EAST   34 STREET","BROOKLYN RD","FARRAGUT RD","BROOKLYN","40.637418408963086","-73.9442533004443"
"57982790","2023-06-23T15:44:00.000","2023-06-27T09:10:00.000","Catch Basin Clogged/Flooding (Use Comments) (SC)","2 AMADOR STREET","AMADOR STREET","AMITY PL","KNOLLWOOD CT","STATEN ISLAND","40.62326139928849","-74.16222632121944"
"57982836","2023-06-23T15:44:00.000","2023-06-24T10:55:00.000","Catch Basin Clogged/Flooding (Use Comments) (SC)","575 EAST NEW YORK AVENUE","EAST NEW YORK AVENUE","BROOKLYN AVE","KINGSTON AVE","BROOKLYN","40.662005941634625","-73.94376418067591"
"57986570","2023-06-23T15:08:00.000","2023-06-24T13:20:00.000","Catch Basin Clogged/Flooding (Use Comments) (SC)","770 ELVIRA AVENUE","ELVIRA AVENUE","READS LN","BEND","QUEENS","40.60174341699037","-73.74229812072701"
"57989077","2023-06-23T14:23:00.000","2023-06-24T08:40:00.000","Catch Basin Clogged/Flooding (Use Comments) (SC)","23 HEYWARD STREET","HEYWARD STREET","WYTHE AVE","BEDFORD AVE","BROOKLYN","40.69990393495919","-73.95889011124986"
"57982792","2023-06-23T14:05:00.000","2023-06-24T09:35:00.000","Catch Basin Clogged/Flooding (Use Comments) (SC)","433 FRANKLIN AVENUE","FRANKLIN AVENUE","MONROE ST","MADISON ST","BROOKLYN","40.68417818431848","-73.9562677204229"
"57981126","2023-06-23T13:26:00.000","2023-06-23T13:30:00.000","Catch Basin Clogged/Flooding (Use Comments) (SC)",,,,,"QUEENS","40.66789867604251","-73.81684423135208"
"57988693","2023-06-23T13:14:00.000","2023-06-26T07:45:00.000","Catch Basin Clogged/Flooding (Use Comments) (SC)",,,,,"BROOKLYN","40.60997405807772","-73.93533347138379"
"57987927","2023-06-23T13:08:00.000","2023-06-25T13:50:00.000","Catch Basin Clogged/Flooding (Use Comments) (SC)","82-20 133 AVENUE","133 AVENUE","82 ST","83 ST","QUEENS","40.67379524291879","-73.8538229729712"
"57990238","2023-06-23T12:14:00.000","2023-06-24T11:30:00.000","Catch Basin Clogged/Flooding (Use Comments) (SC)",,,,,"MANHATTAN","40.71592521771531","-73.97990365515878"
"57986571","2023-06-23T11:23:00.000","2023-06-26T11:27:00.000","Catch Basin Clogged/Flooding (Use Comments) (SC)","45-12 111 STREET","111 STREET","45 AVE","46 AVE","QUEENS","40.74859896020568","-73.85430486347455"
"57987928","2023-06-23T11:20:00.000","2023-06-27T09:30:00.000","Catch Basin Clogged/Flooding (Use Comments) (SC)","45-10 111 STREET","111 STREET","45 AVE","46 AVE","QUEENS","40.748607199004084","-73.85430845454465"
"57984178","2023-06-23T11:20:00.000","2023-06-24T13:55:00.000","Catch Basin Clogged/Flooding (Use Comments) (SC)","43-03 223 STREET","223 STREET","43 AVE","NORTHERN BLVD","QUEENS","40.76265611707739","-73.75866714014386"
"57987929","2023-06-23T10:35:00.000","2024-06-03T15:45:00.000","Catch Basin Clogged/Flooding (Use Comments) (SC)","1228 MADISON AVENUE","MADISON AVENUE","E 88 ST","E 89 ST","MANHATTAN","40.78255341086453","-73.95758970328347"
"57986623","2023-06-23T10:26:00.000","2023-06-23T11:15:00.000","Catch Basin Clogged/Flooding (Use Comments) (SC)","1202 EAST   57 STREET","EAST   57 STREET","AVENUE L","AVENUE M","BROOKLYN","40.6236174276272","-73.92059754647815"
"57989078","2023-06-23T10:11:00.000","2023-06-24T10:00:00.000","Catch Basin Clogged/Flooding (Use Comments) (SC)",,,,,"QUEENS","40.69441740090564","-73.83598138184642"
"57989076","2023-06-23T10:11:00.000","2023-07-06T09:50:00.000","Catch Basin Clogged/Flooding (Use Comments) (SC)","1131 FOREST AVENUE","FOREST AVENUE","E 166 ST","HOME ST","BRONX","40.8276321241645","-73.90230168992154"
"57988694","2023-06-23T09:20:00.000","2023-06-27T10:30:00.000","Catch Basin Clogged/Flooding (Use Comments) (SC)","134-17 HAWTREE STREET","HAWTREE STREET","134 AVE","134 RD","QUEENS","40.67550902070309","-73.83819096421435"
"57990573","2023-06-23T08:44:00.000","2023-06-23T14:52:00.000","Catch Basin Clogged/Flooding (Use Comments) (SC)",,,,,"QUEENS","40.69869375649048","-73.83406668845161"
"57985389","2023-06-23T05:32:00.000","2023-06-23T10:15:00.000","Catch Basin Clogged/Flooding (Use Comments) (SC)",,,,,"QUEENS","40.58356152712794","-73.82173054679785"
"57981506","2023-06-23T00:59:00.000","2023-06-23T12:35:00.000","Catch Basin Clogged/Flooding (Use Comments) (SC)","170-03 90 AVENUE","90 AVENUE","170 ST","171 ST","QUEENS","40.70879206815452","-73.79049140541026"
"57971711","2023-06-22T18:05:00.000","2023-07-05T20:20:00.000","Catch Basin Clogged/Flooding (Use Comments) (SC)","1274 HAVEMEYER AVENUE","HAVEMEYER AVENUE","NEWBOLD AVE","WATERBURY AVE","BRONX","40.834084299002896","-73.84837545579254"
"57971746","2023-06-22T17:26:00.000","2023-06-23T13:30:00.000","Catch Basin Clogged/Flooding (Use Comments) (SC)","61 COLUMBUS AVENUE","COLUMBUS AVENUE","W 62 ST","W 63 ST","MANHATTAN","40.77120228756935","-73.98332759800826"
"57980300","2023-06-22T13:05:00.000","2023-06-29T12:35:00.000","Catch Basin Clogged/Flooding (Use Comments) (SC)","24-20 90 PLACE","90 PLACE","24 AVE","24 RD","QUEENS","40.76509052782671","-73.87898271592462"
"57977162","2023-06-22T12:44:00.000","2023-06-23T08:50:00.000","Catch Basin Clogged/Flooding (Use Comments) (SC)","1801 AVENUE S","AVENUE S","E 18 ST","E 19 ST","BROOKLYN","40.60381285996489","-73.95429285417163"
"57978351","2023-06-22T11:35:00.000","2023-07-02T10:30:00.000","Catch Basin Clogged/Flooding (Use Comments) (SC)",,,,,"MANHATTAN","40.814042326382285","-73.93668862118824"
"57979340","2023-06-22T10:53:00.000","2023-06-22T11:35:00.000","Catch Basin Clogged/Flooding (Use Comments) (SC)","8686 15 AVENUE","15 AVENUE","BENSON AVE","BATH AVE","BROOKLYN","40.60945917847918","-74.01155020548994"
"57974531","2023-06-22T10:23:00.000","2023-06-22T11:05:00.000","Catch Basin Clogged/Flooding (Use Comments) (SC)","159 AVENUE U","AVENUE U","W 7 ST","W 6 ST","BROOKLYN","40.59642815884637","-73.97829042736858"
"57980301","2023-06-22T09:59:00.000","2023-06-23T12:10:00.000","Catch Basin Clogged/Flooding (Use Comments) (SC)",,,,,"MANHATTAN","40.76079439361986","-73.98451058946357"
"57978352","2023-06-22T09:53:00.000","2023-06-23T10:00:00.000","Catch Basin Clogged/Flooding (Use Comments) (SC)","150-62 78 ROAD","78 ROAD","150 ST","153 ST","QUEENS","40.72072724865351","-73.81336564506809"
"57973008","2023-06-22T09:08:00.000","2023-06-22T14:40:00.000","Catch Basin Clogged/Flooding (Use Comments) (SC)","249-03 64 AVENUE","64 AVENUE","MARATHON PKWY","251 ST","QUEENS","40.75473714262192","-73.72772691186275"
"57978913","2023-06-22T09:05:00.000","2023-06-23T13:15:00.000","Catch Basin Clogged/Flooding (Use Comments) (SC)","161-01 89 AVENUE","89 AVENUE","161 ST","162 ST","QUEENS","40.70643449618068","-73.79985127329999"
"57962448","2023-06-21T20:44:00.000","2023-06-23T10:10:00.000","Catch Basin Clogged/Flooding (Use Comments) (SC)","198 DELANCEY STREET","DELANCEY STREET","RIDGE ST","PITT ST","MANHATTAN","40.71716099725299","-73.98396519318098"
"57962486","2023-06-21T16:11:00.000","2023-07-09T11:15:00.000","Catch Basin Clogged/Flooding (Use Comments) (SC)","4150 MURDOCK AVENUE","MURDOCK AVENUE","EDENWALD AVE","BUSSING AVE","BRONX","40.89476591285502","-73.84151298862037"
"57962406","2023-06-21T16:08:00.000","2023-06-22T10:00:00.000","Catch Basin Clogged/Flooding (Use Comments) (SC)","560 MIDWOOD STREET","MIDWOOD STREET","KINGSTON AVE","ALBANY AVE","BROOKLYN","40.66063545639052","-73.94207130347434"
"57970444","2023-06-21T15:59:00.000","2023-06-22T07:00:00.000","Catch Basin Clogged/Flooding (Use Comments) (SC)","57-02 90 STREET","90 STREET","57 AVE","QUEENS BLVD","QUEENS","40.7346521977515","-73.87223990173226"
"57970572","2023-06-21T15:47:00.000","2023-06-27T10:15:00.000","Catch Basin Clogged/Flooding (Use Comments) (SC)","57-02 90 STREET","90 STREET","57 AVE","QUEENS BLVD","QUEENS","40.7346521977515","-73.87223990173226"
"57969359","2023-06-21T15:23:00.000","2023-07-06T15:55:00.000","Catch Basin Clogged/Flooding (Use Comments) (SC)","1758 EASTBURN AVENUE","EASTBURN AVENUE","CROSS BRONX EXPRESSWAY SR N","E 175 ST","BRONX","40.84637796128595","-73.9083246467816"
"57970604","2023-06-21T15:17:00.000","2023-06-23T11:30:00.000","Catch Basin Clogged/Flooding (Use Comments) (SC)","18-36 MOTT AVENUE","MOTT AVENUE","SCOTT A GADELL PL","BEACH 18 ST","QUEENS","40.603222705508074","-73.75093898681696"
"57966469","2023-06-21T14:50:00.000","2023-06-22T07:30:00.000","Catch Basin Clogged/Flooding (Use Comments) (SC)","1598 FLATBUSH AVENUE","FLATBUSH AVENUE","AVENUE H","E 32 ST","BROOKLYN","40.631589485413315","-73.94636938437705"
"57970445","2023-06-21T14:47:00.000","2023-06-22T09:55:00.000","Catch Basin Clogged/Flooding (Use Comments) (SC)","11 WEST    9 STREET","WEST    9 STREET","5 AVE","BEND","MANHATTAN","40.733128315210365","-73.99656134250151"
"57961062","2023-06-21T14:38:00.000","2023-06-27T14:20:00.000","Catch Basin Clogged/Flooding (Use Comments) (SC)","327 PETER AVENUE","PETER AVENUE","FALCON AVE","MILL RD","STATEN ISLAND","40.561132202862225","-74.11491108324017"
"57965218","2023-06-21T13:53:00.000","2023-06-23T11:00:00.000","Catch Basin Clogged/Flooding (Use Comments) (SC)","72-36 BURCHELL AVENUE","BURCHELL AVENUE","BEACH 72 ST","BARBADOES DR","QUEENS","40.59598276392069","-73.80220602565062"
"57963721","2023-06-21T13:02:00.000","2023-06-29T12:05:00.000","Catch Basin Clogged/Flooding (Use Comments) (SC)","22-62 78 STREET","78 STREET","DITMARS BLVD","ASTORIA BLVD N","QUEENS","40.76747155126206","-73.89133218159932"
"57961095","2023-06-21T11:32:00.000","2023-06-29T08:43:00.000","Catch Basin Clogged/Flooding (Use Comments) (SC)","2987 8 AVENUE","8 AVENUE","HARLEM RIVER DRIVE SERVICE RD W","HARLEM RIVER DRIVE SERVICE RD W","MANHATTAN","40.830729904331186","-73.93613432501654"
"57969197","2023-06-21T11:29:00.000","2023-06-25T10:05:00.000","Catch Basin Clogged/Flooding (Use Comments) (SC)","95-18 ALBERT ROAD","ALBERT ROAD","96 ST","CENTREVILLE ST","QUEENS","40.66987578850925","-73.83947713513744"
"57961115","2023-06-21T10:56:00.000","2023-06-29T16:00:00.000","Catch Basin Clogged/Flooding (Use Comments) (SC)","107-02 LIBERTY AVENUE","LIBERTY AVENUE","107 ST","107 ST","QUEENS","40.68332087554178","-73.83448352479923"
"57970605","2023-06-21T10:56:00.000","2023-06-21T11:30:00.000","Catch Basin Clogged/Flooding (Use Comments) (SC)","3623 AVENUE P","AVENUE P","E 36 ST","E 37 ST","BROOKLYN","40.61642875395342","-73.93839967125508"
"57963854","2023-06-21T10:56:00.000","2023-06-23T16:10:00.000","Catch Basin Clogged/Flooding (Use Comments) (SC)","109-02 LIBERTY AVENUE","LIBERTY AVENUE","109 ST","109 ST","QUEENS","40.68405687258566","-73.83285917965487"
"57962487","2023-06-21T10:56:00.000","2023-06-24T12:00:00.000","Catch Basin Clogged/Flooding (Use Comments) (SC)","104-84 112 STREET","112 STREET","LIBERTY AVE","107 AVE","QUEENS","40.68465116557191","-73.83008135606646"
"57969360","2023-06-21T09:17:00.000","2023-06-23T13:10:00.000","Catch Basin Clogged/Flooding (Use Comments) (SC)",,,,,"QUEENS","40.67220300650358","-73.80872486237016"
"57970615","2023-06-21T09:08:00.000","2023-06-28T10:00:00.000","Catch Basin Clogged/Flooding (Use Comments) (SC)","62 TANGLEWOOD DRIVE","TANGLEWOOD DRIVE","ARTHUR KILL RD","TEAKWOOD CT","STATEN ISLAND","40.56660456766357","-74.15113979471838"
"57966470","2023-06-21T08:32:00.000","2023-06-22T10:20:00.000","Catch Basin Clogged/Flooding (Use Comments) (SC)","7909 NEW UTRECHT AVENUE","NEW UTRECHT AVENUE","17 AVE","80 ST","BROOKLYN","40.61227042449942","-74.00093284352728"
"57970611","2023-06-21T05:53:00.000",,"Catch Basin Clogged/Flooding (Use Comments) (SC)","448 5 AVENUE","5 AVENUE","9 ST","10 ST","BROOKLYN","40.66902905141322","-73.98643882740281"
"57951449","2023-06-20T22:29:00.000","2023-06-21T08:30:00.000","Catch Basin Clogged/Flooding (Use Comments) (SC)",,,,,"BROOKLYN","40.61101046658153","-73.99517739803497"
"57958808","2023-06-20T18:32:00.000","2023-06-28T09:38:00.000","Catch Basin Clogged/Flooding (Use Comments) (SC)","1318 JEROME AVENUE","JEROME AVENUE","CLARKE PL E","MARCY PL","BRONX","40.838470170595386","-73.91894251663602"
"57957301","2023-06-20T17:56:00.000","2023-06-22T11:40:00.000","Catch Basin Clogged/Flooding (Use Comments) (SC)",,,,,"BROOKLYN","40.63120087805252","-74.03672627260838"
"57950004","2023-06-20T17:47:00.000","2023-06-29T13:45:00.000","Catch Basin Clogged/Flooding (Use Comments) (SC)","41-02 GREENPOINT AVENUE","GREENPOINT AVENUE","41 ST","42 ST","QUEENS","40.7400474424837","-73.92389059184944"
"57954357","2023-06-20T14:05:00.000","2023-06-22T09:45:00.000","Catch Basin Clogged/Flooding (Use Comments) (SC)","2890 WEST   21 STREET","WEST   21 STREET","NEPTUNE AVE","MERMAID AVE","BROOKLYN","40.576752110975434","-73.98805587300949"
"57958806","2023-06-20T13:47:00.000","2023-06-21T08:50:00.000","Catch Basin Clogged/Flooding (Use Comments) (SC)","303 HALSEY STREET","HALSEY STREET","THROOP AVE","MARCUS GARVEY BLVD","BROOKLYN","40.68290024152957","-73.94042226358432"
"57949996","2023-06-20T13:17:00.000","2023-06-27T08:55:00.000","Catch Basin Clogged/Flooding (Use Comments) (SC)",,,,,"QUEENS","40.71172158726426","-73.80830485726322"
"57954381","2023-06-20T12:35:00.000","2023-06-20T12:38:00.000","Catch Basin Clogged/Flooding (Use Comments) (SC)","94-47 134 AVENUE","134 AVENUE","95 PL","96 ST","QUEENS","40.67512083709144","-73.84129230293179"
"57954347","2023-06-20T12:32:00.000","2023-06-22T12:15:00.000","Catch Basin Clogged/Flooding (Use Comments) (SC)","1660 EAST   36 STREET","EAST   36 STREET","AVENUE P","QUENTIN RD","BROOKLYN","40.61532490247147","-73.93757585979881"
"57957299","2023-06-20T12:11:00.000","2023-06-21T09:00:00.000","Catch Basin Clogged/Flooding (Use Comments) (SC)","6924 18 AVENUE","18 AVENUE","BAY RIDGE AVE","70 ST","BROOKLYN","40.616648142123616","-73.9927024519896"
"57960216","2023-06-20T12:05:00.000","2023-07-08T14:25:00.000","Catch Basin Clogged/Flooding (Use Comments) (SC)","1036 EAST  230 STREET","EAST  230 STREET","PAULDING AVE","GRENADA PL","BRONX","40.888251652133484","-73.84886674311198"
"57958702","2023-06-20T11:53:00.000","2023-06-21T10:45:00.000","Catch Basin Clogged/Flooding (Use Comments) (SC)","3006 QUENTIN ROAD","QUENTIN ROAD","MADISON PL","MARINE PKWY","BROOKLYN","40.61170648997931","-73.94131779022078"
"57952990","2023-06-20T11:41:00.000","2023-06-21T08:45:00.000","Catch Basin Clogged/Flooding (Use Comments) (SC)",,,,,"BRONX","40.86611698835387","-73.84164996077062"
"57951483","2023-06-20T11:35:00.000","2023-06-21T10:00:00.000","Catch Basin Clogged/Flooding (Use Comments) (SC)","26 BAKER PLACE","BAKER PLACE","BARD AVE","DEAD END","STATEN ISLAND","40.62984290667051","-74.10623889050068"
"57952876","2023-06-20T10:56:00.000","2023-06-21T10:15:00.000","Catch Basin Clogged/Flooding (Use Comments) (SC)","219 MULBERRY STREET","MULBERRY STREET","SPRING ST","PRINCE ST","MANHATTAN","40.72230847272815","-73.99613980463909"
"57954393","2023-06-20T10:23:00.000","2023-07-06T11:15:00.000","Catch Basin Clogged/Flooding (Use Comments) (SC)","1479 LONGFELLOW AVENUE","LONGFELLOW AVENUE","JENNINGS ST","E 172 ST","BRONX","40.83212740740983","-73.88668787963029"
"57949997","2023-06-20T10:08:00.000","2023-06-21T09:15:00.000","Catch Basin Clogged/Flooding (Use Comments) (SC)","129-06 SUTTER AVENUE","SUTTER AVENUE","129 ST","130 ST","QUEENS","40.67231956681882","-73.80949599034093"
"57960078","2023-06-20T10:08:00.000","2023-06-20T11:30:00.000","Catch Basin Clogged/Flooding (Use Comments) (SC)",,,,,"QUEENS","40.75465799737773","-73.7279185350814"
"57950003","2023-06-20T09:26:00.000","2023-06-21T12:30:00.000","Catch Basin Clogged/Flooding (Use Comments) (SC)","556 7 AVENUE","7 AVENUE","W 39 ST","W 40 ST","MANHATTAN","40.75461364486008","-73.9879987156354"
"57954340","2023-06-20T08:32:00.000","2023-06-20T08:32:00.000","Catch Basin Clogged/Flooding (Use Comments) (SC)",,,,,"MANHATTAN","40.76079439361986","-73.98451058946357"
"57958706","2023-06-20T08:08:00.000","2023-06-26T12:20:00.000","Catch Basin Clogged/Flooding (Use Comments) (SC)","104-01 WESTSIDE AVENUE","WESTSIDE AVENUE","XENIA ST","GRANGER ST","QUEENS","40.73753725221368","-73.85402954686256"
"57952982","2023-06-20T00:26:00.000","2023-06-20T07:50:00.000","Catch Basin Clogged/Flooding (Use Comments) (SC)","809 DRIGGS AVENUE","DRIGGS AVENUE","S 4 ST","S 5 ST","BROOKLYN","40.71093335924454","-73.96167155391824"
"57947241","2023-06-19T20:20:00.000","2023-06-20T08:00:00.000","Catch Basin Clogged/Flooding (Use Comments) (SC)","465 58 STREET","58 STREET","4 AVE","5 AVE","BROOKLYN","40.641152761631275","-74.01583637804085"
"57943013","2023-06-19T19:11:00.000","2023-06-27T05:59:00.000","Catch Basin Clogged/Flooding (Use Comments) (SC)","4578 BRONX BOULEVARD","BRONX BOULEVARD","E 239 ST","E 240 ST","BRONX","40.90296315394779","-73.85528323939664"
"57947249","2023-06-19T17:59:00.000","2023-06-23T09:30:00.000","Catch Basin Clogged/Flooding (Use Comments) (SC)","640 RIVERSIDE DRIVE","RIVERSIDE DRIVE","W 141 ST","W 142 ST","MANHATTAN","40.82491966767226","-73.95412291306019"
"57946186","2023-06-19T17:20:00.000","2023-06-21T12:00:00.000","Catch Basin Clogged/Flooding (Use Comments) (SC)","149-05 CENTERVILLE STREET","CENTERVILLE STREET","149 AVE","ECKFORD AVE","QUEENS","40.67109532284737","-73.83812596922279"
"57941904","2023-06-19T16:41:00.000","2023-06-19T18:25:00.000","Catch Basin Clogged/Flooding (Use Comments) (SC)","3829 BAILEY AVENUE","BAILEY AVENUE","W 238 ST","BEND","BRONX","40.884621409270736","-73.89715850008058"
"57948363","2023-06-19T15:32:00.000","2023-06-21T08:30:00.000","Catch Basin Clogged/Flooding (Use Comments) (SC)","255-33 87 ROAD","87 ROAD","LITTLE NECK PKWY","256 ST","QUEENS","40.72896173801833","-73.71001573453708"
"57946187","2023-06-19T13:44:00.000","2023-06-20T12:05:00.000","Catch Basin Clogged/Flooding (Use Comments) (SC)","71-01 MANSE STREET","MANSE STREET","71 AVE","72 AVE","QUEENS","40.71189822383629","-73.84959846078245"
"57946209","2023-06-19T11:44:00.000","2023-06-26T16:10:00.000","Catch Basin Clogged/Flooding (Use Comments) (SC)","649 KATAN AVENUE","KATAN AVENUE","RICHMOND AVE","WAINWRIGHT AVE","STATEN ISLAND","40.55044064204045","-74.1686849448741"
"57942970","2023-06-19T11:32:00.000","2023-06-20T12:05:00.000","Catch Basin Clogged/Flooding (Use Comments) (SC)",,,,,"MANHATTAN","40.76079439361986","-73.98451058946357"
"57942973","2023-06-19T11:32:00.000","2023-06-20T12:05:00.000","Catch Basin Clogged/Flooding (Use Comments) (SC)","53-17 NORTHERN BOULEVARD","NORTHERN BOULEVARD","51 ST","53 PL","QUEENS","40.753202322012356","-73.90788621214064"
"57945106","2023-06-19T10:26:00.000","2023-06-30T11:45:00.000","Catch Basin Clogged/Flooding (Use Comments) (SC)","1700 EAST  172 STREET","EAST  172 STREET","CROES AVE","NOBLE AVE","BRONX","40.832292260697486","-73.87116346056018"
"57941891","2023-06-19T10:17:00.000","2023-06-19T12:15:00.000","Catch Basin Clogged/Flooding (Use Comments) (SC)","1161 FLATBUSH AVENUE","FLATBUSH AVENUE","VANDERVEER PL","DITMAS AVE","BROOKLYN","40.64176059130077","-73.95685763637847"
"57948364","2023-06-19T09:56:00.000","2023-06-20T09:25:00.000","Catch Basin Clogged/Flooding (Use Comments) (SC)","111-00 44 AVENUE","44 AVENUE","111 ST","114 ST","QUEENS","40.749081637608754","-73.85398981492348"
"57944030","2023-06-19T09:44:00.000","2023-06-20T13:30:00.000","Catch Basin Clogged/Flooding (Use Comments) (SC)","89-04 159 AVENUE","159 AVENUE","89 ST","90 ST","QUEENS","40.6586523776798","-73.84346518268508"
"57948332","2023-06-19T06:35:00.000","2023-06-19T10:35:00.000","Catch Basin Clogged/Flooding (Use Comments) (SC)","5902 AVENUE L","AVENUE L","E 59 ST","RALPH AVE","BROOKLYN","40.62409092897698","-73.91866972493862"
"57932904","2023-06-18T17:53:00.000","2023-06-20T12:00:00.000","Catch Basin Clogged/Flooding (Use Comments) (SC)",,,,,"QUEENS","40.67220300650358","-73.80872486237016"
"57932842","2023-06-18T17:44:00.000","2023-06-21T11:20:00.000","Catch Basin Clogged/Flooding (Use Comments) (SC)","466 FANNING STREET","FANNING STREET","PORTAGE AVE","MANOR RD","STATEN ISLAND","40.60042461073612","-74.12237531898012"
"57932906","2023-06-18T15:44:00.000",,"Catch Basin Clogged/Flooding (Use Comments) (SC)","68-66 147 STREET","147 STREET","68 DR","69 AVE","QUEENS","40.73215686268224","-73.82230722652598"
"57931883","2023-06-18T09:53:00.000","2023-06-18T12:40:00.000","Catch Basin Clogged/Flooding (Use Comments) (SC)",,,,,"BROOKLYN","40.57957471770063","-73.9505294942837"
"57931872","2023-06-18T09:50:00.000","2023-06-18T12:10:00.000","Catch Basin Clogged/Flooding (Use Comments) (SC)",,,,,"BROOKLYN","40.57967862123553","-73.94961142867729"
"57935293","2023-06-18T09:47:00.000","2023-06-18T10:07:00.000","Catch Basin Clogged/Flooding (Use Comments) (SC)",,,,,"BROOKLYN","40.57977977102335","-73.9486897623633"
"57926813","2023-06-17T18:56:00.000","2023-06-19T09:15:00.000","Catch Basin Clogged/Flooding (Use Comments) (SC)","4525 AVENUE H","AVENUE H","E 45 ST","E 46 ST","BROOKLYN","40.632605916942225","-73.93238245590476"
"57926789","2023-06-17T15:59:00.000","2023-06-18T11:40:00.000","Catch Basin Clogged/Flooding (Use Comments) (SC)","33 EXETER STREET","EXETER STREET","OCEAN AVENUE PEDESTRIAN BRDG","HAMPTON AVE","BROOKLYN","40.58114953949039","-73.94894071245757"
"57930326","2023-06-17T11:56:00.000","2023-06-22T09:00:00.000","Catch Basin Clogged/Flooding (Use Comments) (SC)","36A ROCHESTER AVENUE","ROCHESTER AVENUE","HERKIMER ST","ATLANTIC AVE","BROOKLYN","40.67792477638947","-73.92748743296426"
"57929112","2023-06-17T11:32:00.000","2023-06-18T14:10:00.000","Catch Basin Clogged/Flooding (Use Comments) (SC)",,,,,"MANHATTAN","40.795252485299606","-73.97320906036077"
"57927908","2023-06-17T10:26:00.000","2023-06-18T08:35:00.000","Catch Basin Clogged/Flooding (Use Comments) (SC)","164-67 UNDERHILL AVENUE","UNDERHILL AVENUE","164 ST","168 ST","QUEENS","40.746645137250205","-73.80135090333346"
"57931467","2023-06-17T09:26:00.000","2023-06-17T11:45:00.000","Catch Basin Clogged/Flooding (Use Comments) (SC)","2081 EAST   55 STREET","EAST   55 STREET","AVENUE T","AVENUE U","BROOKLYN","40.61200662598067","-73.9201287290344"
"57925631","2023-06-17T08:23:00.000","2023-06-21T09:20:00.000","Catch Basin Clogged/Flooding (Use Comments) (SC)","55 SHORE ACRE ROAD","SHORE ACRE ROAD","BAY ST","WADSWORTH RD","STATEN ISLAND","40.60924898303826","-74.06044841078607"
"57917270","2023-06-16T17:37:00.000","2023-06-17T10:25:00.000","Catch Basin Clogged/Flooding (Use Comments) (SC)","7915 NEW UTRECHT AVENUE","NEW UTRECHT AVENUE","17 AVE","80 ST","BROOKLYN","40.612248466088616","-74.000940046643"
"57919701","2023-06-16T17:14:00.000","2023-06-18T07:30:00.000","Catch Basin Clogged/Flooding (Use Comments) (SC)","118 AINSLIE STREET","AINSLIE STREET","UNION AVE","LORIMER ST","BROOKLYN","40.71250172180067","-73.95021080358518"
"57916088","2023-06-16T17:14:00.000","2023-06-17T14:00:00.000","Catch Basin Clogged/Flooding (Use Comments) (SC)",,,,,"QUEENS","40.65740589843868","-73.7450601378565"
"57922026","2023-06-16T15:17:00.000","2023-06-18T08:10:00.000","Catch Basin Clogged/Flooding (Use Comments) (SC)","179 RUTLEDGE STREET","RUTLEDGE STREET","LEE AVE","MARCY AVE","BROOKLYN","40.702760162294055","-73.95598503550204"
"57917280","2023-06-16T15:02:00.000","2023-06-27T13:40:00.000","Catch Basin Clogged/Flooding (Use Comments) (SC)","78-28 79 LANE","79 LANE","78 RD","MYRTLE AVE","QUEENS","40.70422052580192","-73.86935516963918"
"57920876","2023-06-16T14:35:00.000","2023-06-27T11:15:00.000","Catch Basin Clogged/Flooding (Use Comments) (SC)","47 ORCHARD LANE","ORCHARD LANE","DEAD END","KING ST","STATEN ISLAND","40.532255426865895","-74.15766336001367"
"57917283","2023-06-16T14:32:00.000","2023-06-21T12:00:00.000","Catch Basin Clogged/Flooding (Use Comments) (SC)","81 SHARROTTS ROAD","SHARROTTS ROAD","SHARROTTS LN","WHITE OAK LN","STATEN ISLAND","40.5375232587746","-74.22065339638054"
"57912986","2023-06-16T14:26:00.000","2023-07-05T13:45:00.000","Catch Basin Clogged/Flooding (Use Comments) (SC)","2823 MILES AVENUE","MILES AVENUE","SWINTON AVE","QUINCY AVE","BRONX","40.81790434150611","-73.81987082110128"
"57912945","2023-06-16T13:44:00.000","2023-06-16T14:20:00.000","Catch Basin Clogged/Flooding (Use Comments) (SC)",,,,,"BROOKLYN","40.63189835080635","-73.94365985126629"
"57920838","2023-06-16T13:38:00.000","2023-06-18T09:35:00.000","Catch Basin Clogged/Flooding (Use Comments) (SC)","60-50 FLUSHING AVENUE","FLUSHING AVENUE","58 DR","60 PL","QUEENS","40.71987395914944","-73.90596256432454"
"57916094","2023-06-16T13:35:00.000","2023-06-17T09:10:00.000","Catch Basin Clogged/Flooding (Use Comments) (SC)","46 BEDFORD STREET","BEDFORD STREET","LEROY ST","7 AVE S","MANHATTAN","40.73049057628604","-74.00431889831772"
"57912993","2023-06-16T13:35:00.000","2023-06-23T10:05:00.000","Catch Basin Clogged/Flooding (Use Comments) (SC)","78-24 79 LANE","79 LANE","78 RD","MYRTLE AVE","QUEENS","40.70428091874788","-73.86936226465812"
"57917284","2023-06-16T12:47:00.000","2023-06-19T13:40:00.000","Catch Basin Clogged/Flooding (Use Comments) (SC)",,,,,"MANHATTAN","40.77364206279381","-73.9598555143181"
"57918437","2023-06-16T12:29:00.000","2023-06-16T13:45:00.000","Catch Basin Clogged/Flooding (Use Comments) (SC)",,,,,"QUEENS","40.75465799737773","-73.7279185350814"
"57918484","2023-06-16T12:11:00.000","2023-07-05T11:50:00.000","Catch Basin Clogged/Flooding (Use Comments) (SC)","1554 STILLWELL AVENUE","STILLWELL AVENUE","BEND","SEMINOLE ST","BRONX","40.85420859460891","-73.8422892165215"
"57916114","2023-06-16T08:08:00.000","2023-06-21T12:00:00.000","Catch Basin Clogged/Flooding (Use Comments) (SC)","1613 BROADWAY","BROADWAY","W 49 ST","W 50 ST","MANHATTAN","40.76089319611215","-73.98444920075104"
"57906243","2023-06-15T20:17:00.000","2023-06-18T11:05:00.000","Catch Basin Clogged/Flooding (Use Comments) (SC)",,,,,"BRONX","40.827655681877786","-73.88609567466665"
"57911263","2023-06-15T16:44:00.000","2023-06-19T14:05:00.000","Catch Basin Clogged/Flooding (Use Comments) (SC)",,,,,"BRONX","40.88996816415352","-73.84349918017945"
"57902978","2023-06-15T16:08:00.000","2023-06-16T09:20:00.000","Catch Basin Clogged/Flooding (Use Comments) (SC)",,,,,"STATEN ISLAND","40.54448637119103","-74.17649930605997"
"57906240","2023-06-15T14:50:00.000","2023-06-22T10:15:00.000","Catch Basin Clogged/Flooding (Use Comments) (SC)",,,,,"STATEN ISLAND","40.61230537097055","-74.07223599110965"
"57904980","2023-06-15T14:38:00.000","2023-06-18T12:05:00.000","Catch Basin Clogged/Flooding (Use Comments) (SC)",,,,,"BRONX","40.82830201346359","-73.92446535007122"
"57908694","2023-06-15T14:35:00.000","2023-06-25T08:55:00.000","Catch Basin Clogged/Flooding (Use Comments) (SC)","165 PULASKI AVENUE","PULASKI AVENUE","DEAD END","KALVER PL","STATEN ISLAND","40.63387418447514","-74.1468822167896"
"57904926","2023-06-15T14:35:00.000","2023-06-16T10:50:00.000","Catch Basin Clogged/Flooding (Use Comments) (SC)","134 WEST   58 STREET","WEST   58 STREET","AVENUE OF THE AMERICAS","7 AVE","MANHATTAN","40.76546210822841","-73.97782739977923"
"57912464","2023-06-15T14:23:00.000","2023-06-18T13:55:00.000","Catch Basin Clogged/Flooding (Use Comments) (SC)","2135 WESTCHESTER AVENUE","WESTCHESTER AVENUE","UNIONPORT RD","PURDY ST","BRONX","40.83404122778263","-73.85327214863418"
"57903014","2023-06-15T13:44:00.000","2023-07-05T20:00:00.000","Catch Basin Clogged/Flooding (Use Comments) (SC)","3159 BRUCKNER BOULEVARD","BRUCKNER BOULEVARD","BAISLEY AVE","WATERBURY AVE","BRONX","40.838284920821714","-73.82590515464611"
"57908807","2023-06-15T13:35:00.000","2023-06-15T14:21:00.000","Catch Basin Clogged/Flooding (Use Comments) (SC)","94-47 134 AVENUE","134 AVENUE","95 PL","96 ST","QUEENS","40.67512083709144","-73.84129230293179"
"57908799","2023-06-15T13:17:00.000","2023-06-17T10:15:00.000","Catch Basin Clogged/Flooding (Use Comments) (SC)","536 BARRETTO STREET","BARRETTO STREET","OAK POINT AVE","RANDALL AVE","BRONX","40.81068452341071","-73.88833915271621"
"57906144","2023-06-15T13:14:00.000","2023-06-15T14:21:00.000","Catch Basin Clogged/Flooding (Use Comments) (SC)","94-52 134 AVENUE","134 AVENUE","95 PL","96 ST","QUEENS","40.675104353550104","-73.84128152682239"
"57912488","2023-06-15T11:47:00.000","2023-06-26T09:05:00.000","Catch Basin Clogged/Flooding (Use Comments) (SC)","41-50 78 STREET","78 STREET","BROADWAY","WOODSIDE AVE","QUEENS","40.74429919170938","-73.88722701464378"
"57907509","2023-06-15T11:23:00.000","2023-06-17T09:40:00.000","Catch Basin Clogged/Flooding (Use Comments) (SC)","4000 EDSON AVENUE","EDSON AVENUE","STRANG AVE","EDENWALD AVE","BRONX","40.890380067093076","-73.84364649868266"
"57904939","2023-06-15T11:11:00.000","2023-06-18T12:50:00.000","Catch Basin Clogged/Flooding (Use Comments) (SC)","3031 ARLINGTON AVENUE","ARLINGTON AVENUE","W 230 ST","W 231 ST","BRONX","40.88199993669782","-73.91353366596637"
"57906242","2023-06-15T11:11:00.000","2023-06-15T11:20:00.000","Catch Basin Clogged/Flooding (Use Comments) (SC)","85-65 67 DRIVE","67 DRIVE","WOODHAVEN BLVD","ALDERTON ST","QUEENS","40.71654968270616","-73.85974266172303"
"57911179","2023-06-15T11:08:00.000","2023-06-15T11:15:00.000","Catch Basin Clogged/Flooding (Use Comments) (SC)","85-65 67 DRIVE","67 DRIVE","WOODHAVEN BLVD","ALDERTON ST","QUEENS","40.71654968270616","-73.85974266172303"
"57911300","2023-06-15T11:05:00.000","2023-06-16T19:30:00.000","Catch Basin Clogged/Flooding (Use Comments) (SC)","85-62 67 DRIVE","67 DRIVE","WOODHAVEN BLVD","ALDERTON ST","QUEENS","40.716527759805984","-73.85977156666414"
"57911301","2023-06-15T09:44:00.000","2023-06-27T15:00:00.000","Catch Basin Clogged/Flooding (Use Comments) (SC)","23-10 42 ROAD","42 ROAD","23 ST","24 ST","QUEENS","40.750554243568075","-73.94266442144271"
"57906233","2023-06-15T09:17:00.000","2023-06-17T09:10:00.000","Catch Basin Clogged/Flooding (Use Comments) (SC)","758 LENOX ROAD","LENOX ROAD","E 48 ST","E 49 ST","BROOKLYN","40.65525835500345","-73.93191259602851"
"57902997","2023-06-15T06:26:00.000","2023-06-17T09:25:00.000","Catch Basin Clogged/Flooding (Use Comments) (SC)","1571 EAST   54 STREET","EAST   54 STREET","AVENUE M","AVENUE N","BROOKLYN","40.61959247875564","-73.92304096223218"
"57897960","2023-06-14T23:17:00.000","2023-06-17T12:05:00.000","Catch Basin Clogged/Flooding (Use Comments) (SC)","3954 WHITE PLAINS ROAD","WHITE PLAINS ROAD","E 224 ST","E 225 ST","BRONX","40.88728947678631","-73.86073866839872"
"57896587","2023-06-14T22:32:00.000","2023-06-16T12:10:00.000","Catch Basin Clogged/Flooding (Use Comments) (SC)","222-04 39 AVENUE","39 AVENUE","222 ST","223 ST","QUEENS","40.767031862545586","-73.76159712191868"
"57895216","2023-06-14T20:56:00.000","2023-06-17T13:25:00.000","Catch Basin Clogged/Flooding (Use Comments) (SC)","765 EAST  232 STREET","EAST  232 STREET","WHITE PLAINS RD","BARNES AVE","BRONX","40.89209465064532","-73.8556396536165"
"57892514","2023-06-14T20:08:00.000","2023-06-15T10:21:00.000","Catch Basin Clogged/Flooding (Use Comments) (SC)","15 COOPER AVENUE","COOPER AVENUE","S RAILROAD AVE","BENTON AVE","STATEN ISLAND","40.59325584044788","-74.08881095647341"
"57897901","2023-06-14T19:53:00.000","2023-06-15T10:15:00.000","Catch Basin Clogged/Flooding (Use Comments) (SC)","256-01 83 AVENUE","83 AVENUE","256 ST","257 ST","QUEENS","40.73840440305069","-73.71246814610048"
"57896664","2023-06-14T19:47:00.000","2023-06-15T10:50:00.000","Catch Basin Clogged/Flooding (Use Comments) (SC)","255-13 83 AVENUE","83 AVENUE","255 ST","256 ST","QUEENS","40.738225310571984","-73.71329527471633"
"57892513","2023-06-14T19:35:00.000","2023-06-22T09:10:00.000","Catch Basin Clogged/Flooding (Use Comments) (SC)",,,,,"QUEENS","40.74554342979409","-73.77679182512097"
"57899385","2023-06-14T19:23:00.000","2023-06-15T08:50:00.000","Catch Basin Clogged/Flooding (Use Comments) (SC)","476 JEFFERSON STREET","JEFFERSON STREET","SCOTT AVE","CYPRESS AVE","BROOKLYN","40.70869545749204","-73.92187044219384"
"57901938","2023-06-14T19:20:00.000","2023-06-14T19:20:00.000","Catch Basin Clogged/Flooding (Use Comments) (SC)","476 JEFFERSON STREET","JEFFERSON STREET","SCOTT AVE","CYPRESS AVE","BROOKLYN","40.70869545749204","-73.92187044219384"
"57893899","2023-06-14T19:14:00.000","2023-06-17T09:30:00.000","Catch Basin Clogged/Flooding (Use Comments) (SC)",,,,,"BRONX","40.814270163450345","-73.9153412820544"
"57899384","2023-06-14T18:05:00.000","2023-06-14T20:13:00.000","Catch Basin Clogged/Flooding (Use Comments) (SC)","165-01 ARCHER AVENUE","ARCHER AVENUE","165 ST","MERRICK BLVD","QUEENS","40.7040987330863","-73.79365479058869"
"57896618","2023-06-14T17:53:00.000","2023-06-15T08:13:00.000","Catch Basin Clogged/Flooding (Use Comments) (SC)",,,,,"MANHATTAN","40.76079439361986","-73.98451058946357"
"57893900","2023-06-14T16:53:00.000","2023-06-15T09:00:00.000","Catch Basin Clogged/Flooding (Use Comments) (SC)","1626 BROADWAY","BROADWAY","W 49 ST","W 50 ST","MANHATTAN","40.76122801792308","-73.98417839003005"
"57899328","2023-06-14T16:41:00.000","2023-06-15T11:20:00.000","Catch Basin Clogged/Flooding (Use Comments) (SC)","239-66 148 ROAD","148 ROAD","BROOKVILLE BLVD","241 ST","QUEENS","40.65400056534388","-73.74549121271446"
"57901975","2023-06-14T16:08:00.000","2023-06-21T12:50:00.000","Catch Basin Clogged/Flooding (Use Comments) (SC)","550 WEST   34 STREET","WEST   34 STREET","HUDSON BLVD E","11 AVE","MANHATTAN","40.75540475143053","-74.00111171111958"
"57901939","2023-06-14T15:44:00.000","2023-06-17T11:05:00.000","Catch Basin Clogged/Flooding (Use Comments) (SC)","3310 WILSON AVENUE","WILSON AVENUE","GIVAN AVE","BOSTON RD","BRONX","40.87382399117204","-73.84977819665686"
"57896588","2023-06-14T15:44:00.000","2023-06-17T11:30:00.000","Catch Basin Clogged/Flooding (Use Comments) (SC)","4226 EAST TREMONT AVENUE","EAST TREMONT AVENUE","MILTON PL","HARDING AVE","BRONX","40.816742632575355","-73.81595770518881"
"57892515","2023-06-14T14:47:00.000","2023-06-16T13:45:00.000","Catch Basin Clogged/Flooding (Use Comments) (SC)","115-01 LEFFERTS BOULEVARD","LEFFERTS BOULEVARD","115 AVE","ROCKAWAY BLVD","QUEENS","40.676872930093","-73.81957035961103"
"57893902","2023-06-14T14:41:00.000","2023-06-16T11:20:00.000","Catch Basin Clogged/Flooding (Use Comments) (SC)","123-36 ROCKAWAY BOULEVARD","ROCKAWAY BOULEVARD","124 ST","124 ST","QUEENS","40.67546389627003","-73.8137987483986"
"57893901","2023-06-14T14:41:00.000","2023-06-14T15:17:00.000","Catch Basin Clogged/Flooding (Use Comments) (SC)","124-02 ROCKAWAY BOULEVARD","ROCKAWAY BOULEVARD","124 ST","125 ST","QUEENS","40.67542755426754","-73.81339147001552"
"57899387","2023-06-14T14:02:00.000","2023-06-22T09:00:00.000","Catch Basin Clogged/Flooding (Use Comments) (SC)","37-06 77 STREET","77 STREET","BEND","37 RD","QUEENS","40.748906626043","-73.88902015725485"
"57901945","2023-06-14T13:47:00.000","2023-06-14T15:14:00.000","Catch Basin Clogged/Flooding (Use Comments) (SC)","134-30 175 STREET","175 STREET","134 RD","137 AVE","QUEENS","40.67431546787682","-73.76653583594113"
"57895228","2023-06-14T12:59:00.000","2023-06-15T11:00:00.000","Catch Basin Clogged/Flooding (Use Comments) (SC)","75 CLASSON AVENUE","CLASSON AVENUE","FLUSHING AVE","BROOKLYN QUEENS EXPWY ET 30  EB","BROOKLYN","40.69814831826617","-73.96189528519555"
"57901940","2023-06-14T11:20:00.000","2023-06-15T13:00:00.000","Catch Basin Clogged/Flooding (Use Comments) (SC)","1067 WINTHROP STREET","WINTHROP STREET","E 94 ST","E 95 ST","BROOKLYN","40.66127833793974","-73.92421835207097"
"57901941","2023-06-14T11:08:00.000","2023-06-24T08:45:00.000","Catch Basin Clogged/Flooding (Use Comments) (SC)","1165 PARK AVENUE","PARK AVENUE","E 92 ST","E 93 ST","MANHATTAN","40.78424013300532","-73.95421955163098"
"57893924","2023-06-14T11:05:00.000","2023-06-17T12:30:00.000","Catch Basin Clogged/Flooding (Use Comments) (SC)","65 BRYSON AVENUE","BRYSON AVENUE","COLLEGE AVE","LATHROP AVE","STATEN ISLAND","40.62088995355926","-74.14361167980216"
"57895218","2023-06-14T07:44:00.000","2023-06-15T11:20:00.000","Catch Basin Clogged/Flooding (Use Comments) (SC)","1116 EAST    5 STREET","EAST    5 STREET","AVENUE J","WASHINGTON CEMETERY BNDY","BROOKLYN","40.62371275331611","-73.9717973585849"
"57891263","2023-06-13T14:26:00.000","2023-06-14T10:55:00.000","Catch Basin Clogged/Flooding (Use Comments) (SC)","549 2 AVENUE","2 AVENUE","E 30 ST","E 31 ST","MANHATTAN","40.74248852123277","-73.97751025766512"
"57883376","2023-06-13T14:23:00.000","2023-06-14T09:30:00.000","Catch Basin Clogged/Flooding (Use Comments) (SC)",,,,,"BROOKLYN","40.67285819524179","-73.87130201239101"
"57888666","2023-06-13T14:17:00.000","2023-06-14T09:40:00.000","Catch Basin Clogged/Flooding (Use Comments) (SC)","9110 DITMAS AVENUE","DITMAS AVENUE","E 91 ST","E 92 ST","BROOKLYN","40.648697153164306","-73.91379998729806"
"57884706","2023-06-13T12:59:00.000","2023-06-16T09:00:00.000","Catch Basin Clogged/Flooding (Use Comments) (SC)",,,,,"QUEENS","40.77090701579928","-73.79877659398743"
"57885995","2023-06-13T12:59:00.000","2023-06-15T07:40:00.000","Catch Basin Clogged/Flooding (Use Comments) (SC)","111-35 133 STREET","133 STREET","111 AVE","LINDEN BLVD","QUEENS","40.68351024014858","-73.80961906022384"
"57886020","2023-06-13T12:56:00.000","2023-06-16T09:30:00.000","Catch Basin Clogged/Flooding (Use Comments) (SC)",,,,,"QUEENS","40.77075826381266","-73.79690691144387"
"57884707","2023-06-13T11:32:00.000","2023-06-14T09:20:00.000","Catch Basin Clogged/Flooding (Use Comments) (SC)","1827 GATES AVENUE","GATES AVENUE","SENECA AVE","ONDERDONK AVE","QUEENS","40.70373361121164","-73.9079509597745"
"57883357","2023-06-13T10:41:00.000","2023-06-16T14:20:00.000","Catch Basin Clogged/Flooding (Use Comments) (SC)","544 EGAN STREET","EGAN STREET","LINWOOD ST","ESSEX ST","BROOKLYN","40.65668232857404","-73.8729875068888"
"57883358","2023-06-13T09:50:00.000","2023-06-14T10:15:00.000","Catch Basin Clogged/Flooding (Use Comments) (SC)","51 MIMOSA LANE","MIMOSA LANE","YUCCA DR","ASHTON DR","STATEN ISLAND","40.55188209980602","-74.1992575460074"
"57888667","2023-06-13T09:35:00.000","2023-06-14T10:45:00.000","Catch Basin Clogged/Flooding (Use Comments) (SC)","19 ELY AVENUE","ELY AVENUE","DOWNES AVE","BENNETT AVE","STATEN ISLAND","40.5387546279616","-74.18039493123004"
"57882283","2023-06-13T08:29:00.000","2023-06-14T09:35:00.000","Catch Basin Clogged/Flooding (Use Comments) (SC)","443 KEAP STREET","KEAP STREET","HOPE ST","AINSLIE ST","BROOKLYN","40.71220905814648","-73.95264221645617"
"57888677","2023-06-13T08:20:00.000","2023-06-18T10:00:00.000","Catch Basin Clogged/Flooding (Use Comments) (SC)","1638 HONE AVENUE","HONE AVENUE","PIERCE AVE","VAN NEST AVE","BRONX","40.846441224173354","-73.85278938305498"
"57885975","2023-06-13T08:20:00.000","2023-06-20T10:25:00.000","Catch Basin Clogged/Flooding (Use Comments) (SC)",,,,,"STATEN ISLAND","40.568763404060604","-74.11148321326283"
"57881996","2023-06-13T07:11:00.000","2023-06-14T11:00:00.000","Catch Basin Clogged/Flooding (Use Comments) (SC)",,,,,"QUEENS","40.72052361336441","-73.90492266904302"
"57886021","2023-06-13T06:17:00.000","2023-06-13T19:55:00.000","Catch Basin Clogged/Flooding (Use Comments) (SC)",,,,,"BROOKLYN","40.682067421178004","-73.89325246226335"
"57881997","2023-06-13T05:38:00.000","2023-06-14T08:20:00.000","Catch Basin Clogged/Flooding (Use Comments) (SC)",,,,,"BROOKLYN","40.64590981130711","-74.01316008552666"
"57872320","2023-06-12T21:08:00.000","2023-06-14T11:20:00.000","Catch Basin Clogged/Flooding (Use Comments) (SC)","447 JACKSON AVENUE","JACKSON AVENUE","E 145 ST","E 147 ST","BRONX","40.810818705789","-73.90994865903265"
"57873727","2023-06-12T21:08:00.000","2023-06-13T14:15:00.000","Catch Basin Clogged/Flooding (Use Comments) (SC)",,,,,"QUEENS","40.58458746495682","-73.81957487244233"
"57876168","2023-06-12T20:23:00.000","2023-06-14T08:05:00.000","Catch Basin Clogged/Flooding (Use Comments) (SC)","242-19 83 AVENUE","83 AVENUE","242 ST","243 ST","QUEENS","40.73571489687591","-73.72497926238553"
"57879973","2023-06-12T20:17:00.000","2023-06-13T11:00:00.000","Catch Basin Clogged/Flooding (Use Comments) (SC)",,,,,"BROOKLYN","40.6525771164346","-73.91593928882328"
"57874991","2023-06-12T18:29:00.000","2023-06-13T09:05:00.000","Catch Basin Clogged/Flooding (Use Comments) (SC)",,,,,"QUEENS","40.76485351801266","-73.8861164413672"
"57873598","2023-06-12T17:32:00.000","2023-06-17T10:40:00.000","Catch Basin Clogged/Flooding (Use Comments) (SC)","241 WEST   57 STREET","WEST   57 STREET","BROADWAY","8 AVE","MANHATTAN","40.766346637381204","-73.98196782666741"
"57881450","2023-06-12T16:53:00.000","2023-06-14T13:30:00.000","Catch Basin Clogged/Flooding (Use Comments) (SC)",,,,,"STATEN ISLAND","40.550375394802245","-74.21142639277083"
"57874889","2023-06-12T15:11:00.000","2023-06-13T11:25:00.000","Catch Basin Clogged/Flooding (Use Comments) (SC)","1308 DITMAS AVENUE","DITMAS AVENUE","ARGYLE RD","RUGBY RD","BROOKLYN","40.636356188685795","-73.96519850195163"
"57873588","2023-06-12T14:41:00.000","2023-06-21T11:10:00.000","Catch Basin Clogged/Flooding (Use Comments) (SC)",,,,,"MANHATTAN","40.79166282641287","-73.96468394774719"
"57881456","2023-06-12T14:35:00.000","2023-06-12T14:40:00.000","Catch Basin Clogged/Flooding (Use Comments) (SC)","4725 WHITE PLAINS ROAD","WHITE PLAINS ROAD","CRANFORD AVE","ST OUEN ST","BRONX","40.90399931359489","-73.84994151379168"
"57880122","2023-06-12T14:05:00.000","2023-06-14T09:25:00.000","Catch Basin Clogged/Flooding (Use Comments) (SC)","30-30 NORTHERN BOULEVARD","NORTHERN BOULEVARD","40 RD","31 ST","QUEENS","40.75120033996382","-73.93440234985863"
"57881157","2023-06-12T13:20:00.000","2023-06-13T10:50:00.000","Catch Basin Clogged/Flooding (Use Comments) (SC)","44 BEDFORD STREET","BEDFORD STREET","CARMINE ST","LEROY ST","MANHATTAN","40.730358830985026","-74.00423951168777"
"57881454","2023-06-12T11:59:00.000","2023-06-13T13:45:00.000","Catch Basin Clogged/Flooding (Use Comments) (SC)","46 6 AVENUE","6 AVENUE","DEAN ST","BERGEN ST","BROOKLYN","40.68143884424042","-73.97426431031266"
"57874864","2023-06-12T10:59:00.000","2023-06-30T11:10:00.000","Catch Basin Clogged/Flooding (Use Comments) (SC)","2860 WEBB AVENUE","WEBB AVENUE","W 197 ST","RESERVOIR AVE","BRONX","40.87343706113122","-73.90060001913018"
"57872375","2023-06-12T10:56:00.000","2023-06-12T11:50:00.000","Catch Basin Clogged/Flooding (Use Comments) (SC)","1303 DITMAS AVENUE","DITMAS AVENUE","ARGYLE RD","RUGBY RD","BROOKLYN","40.63635345806559","-73.96524534253915"
"57881455","2023-06-12T10:53:00.000","2023-06-13T09:30:00.000","Catch Basin Clogged/Flooding (Use Comments) (SC)","21-57 45 ROAD","45 ROAD","21 ST","23 ST","QUEENS","40.746595832296876","-73.94740280354085"
"57874888","2023-06-12T10:44:00.000","2023-06-20T11:00:00.000","Catch Basin Clogged/Flooding (Use Comments) (SC)","2987 8 AVENUE","8 AVENUE","HARLEM RIVER DRIVE SERVICE RD W","HARLEM RIVER DRIVE SERVICE RD W","MANHATTAN","40.830729904331186","-73.93613432501654"
"57880113","2023-06-12T09:17:00.000","2023-06-12T09:17:00.000","Catch Basin Clogged/Flooding (Use Comments) (SC)",,,,,"BROOKLYN","40.65527474039521","-73.93177202192969"
"57873583","2023-06-12T01:17:00.000","2023-06-13T13:25:00.000","Catch Basin Clogged/Flooding (Use Comments) (SC)","97-01 94 STREET","94 STREET","97 AVE","101 AVE","QUEENS","40.68547426716147","-73.84747662852966"
"57862468","2023-06-11T20:29:00.000","2023-06-13T13:25:00.000","Catch Basin Clogged/Flooding (Use Comments) (SC)","200-27 39 AVENUE","39 AVENUE","FRANCIS LEWIS BLVD","203 ST","QUEENS","40.76232071740539","-73.78470973217134"
"57863678","2023-06-11T16:29:00.000","2023-06-12T10:00:00.000","Catch Basin Clogged/Flooding (Use Comments) (SC)","7902 23 AVENUE","23 AVENUE","79 ST","80 ST","BROOKLYN","40.60445258106561","-73.98758274958463"
"57863598","2023-06-11T14:38:00.000","2023-06-12T12:30:00.000","Catch Basin Clogged/Flooding (Use Comments) (SC)","4755 WHITE PLAINS ROAD","WHITE PLAINS ROAD","ST OUEN ST","PENFIELD ST","BRONX","40.90480587562835","-73.84965390459917"
"57863659","2023-06-11T10:41:00.000","2023-06-12T11:45:00.000","Catch Basin Clogged/Flooding (Use Comments) (SC)","201 97 STREET","97 STREET","MARINE AVE","3 AVE","BROOKLYN","40.61617087840148","-74.03520519552039"
"57859033","2023-06-10T18:29:00.000","2023-06-16T16:00:00.000","Catch Basin Clogged/Flooding (Use Comments) (SC)",,,,,"QUEENS","40.68483223712755","-73.78127133781963"
"57859034","2023-06-10T18:05:00.000","2023-06-11T09:30:00.000","Catch Basin Clogged/Flooding (Use Comments) (SC)","22-62 78 STREET","78 STREET","DITMARS BLVD","ASTORIA BLVD N","QUEENS","40.76747155126206","-73.89133218159932"
"57854492","2023-06-10T14:14:00.000","2023-06-12T09:25:00.000","Catch Basin Clogged/Flooding (Use Comments) (SC)","55 SHORE ACRES ROAD","SHORE ACRES ROAD","BAY ST","WADSWORTH RD","STATEN ISLAND","40.60924898303826","-74.06044841078607"
"57860082","2023-06-10T10:47:00.000","2023-06-14T14:05:00.000","Catch Basin Clogged/Flooding (Use Comments) (SC)","253-02 148 AVENUE","148 AVENUE","253 ST","WELLER LN","QUEENS","40.65514924147757","-73.73634337299495"
"57846597","2023-06-09T19:11:00.000","2023-06-12T10:20:00.000","Catch Basin Clogged/Flooding (Use Comments) (SC)",,,,,"STATEN ISLAND","40.62325336816888","-74.16208220924763"
"57846064","2023-06-09T18:38:00.000","2023-06-12T11:05:00.000","Catch Basin Clogged/Flooding (Use Comments) (SC)",,,,,"BROOKLYN","40.63579042607502","-73.99489457465786"
"57848248","2023-06-09T16:56:00.000","2023-06-10T10:50:00.000","Catch Basin Clogged/Flooding (Use Comments) (SC)","240-59 RICHMOND ROAD","RICHMOND ROAD","EAST DR","MARINETTE ST","QUEENS","40.77936148235192","-73.7500382508433"
"57847159","2023-06-09T16:44:00.000","2023-06-10T10:25:00.000","Catch Basin Clogged/Flooding (Use Comments) (SC)","1711 LINDEN STREET","LINDEN STREET","CYPRESS AVE","SENECA AVE","QUEENS","40.702813052642306","-73.91008012847855"
"57845562","2023-06-09T16:26:00.000","2023-06-10T08:50:00.000","Catch Basin Clogged/Flooding (Use Comments) (SC)","97-37 CORONA AVENUE","CORONA AVENUE","ALSTYNE AVE","46 AVE","QUEENS","40.74363412138128","-73.86595055193169"
"57851590","2023-06-09T16:17:00.000","2023-06-12T11:20:00.000","Catch Basin Clogged/Flooding (Use Comments) (SC)","220 WARWICK AVENUE","WARWICK AVENUE","WESTWOOD AVE","BEND","STATEN ISLAND","40.60567544362209","-74.13694524470073"
"57846065","2023-06-09T14:38:00.000","2023-06-09T16:00:00.000","Catch Basin Clogged/Flooding (Use Comments) (SC)","440 CENTRAL AVENUE","CENTRAL AVENUE","WOODBINE ST","MADISON ST","BROOKLYN","40.69277979686515","-73.91584893658471"
"57852137","2023-06-09T14:26:00.000","2023-06-10T09:15:00.000","Catch Basin Clogged/Flooding (Use Comments) (SC)","500 WEST  129 STREET","WEST  129 STREET","AMSTERDAM AVE","OLD BROADWAY","MANHATTAN","40.81520380586783","-73.95524593355366"
"57846066","2023-06-09T13:26:00.000","2023-06-14T10:00:00.000","Catch Basin Clogged/Flooding (Use Comments) (SC)","87 CHARLTON STREET","CHARLTON STREET","VARICK ST","HUDSON ST","MANHATTAN","40.72730378458513","-74.00697412800685"
"57846070","2023-06-09T13:05:00.000","2023-06-11T08:45:00.000","Catch Basin Clogged/Flooding (Use Comments) (SC)",,,,,"QUEENS","40.723862488923636","-73.86496932882677"
"57846067","2023-06-09T11:53:00.000","2023-06-12T09:20:00.000","Catch Basin Clogged/Flooding (Use Comments) (SC)","71 NASSAU STREET","NASSAU STREET","JOHN ST","FULTON ST","MANHATTAN","40.70963842152487","-74.0083248948194"
"57850001","2023-06-09T11:53:00.000","2023-06-13T16:30:00.000","Catch Basin Clogged/Flooding (Use Comments) (SC)",,,,,"QUEENS","40.65489759963845","-73.84556072013523"
"57847141","2023-06-09T11:44:00.000","2023-06-09T12:11:00.000","Catch Basin Clogged/Flooding (Use Comments) (SC)","140-03 157 STREET","157 STREET","140 AVE","N CONDUIT AVE","QUEENS","40.66879099205783","-73.77802196777243"
"57847698","2023-06-09T11:44:00.000","2023-06-16T10:55:00.000","Catch Basin Clogged/Flooding (Use Comments) (SC)","29 JOHN STREET","JOHN STREET","BROADWAY","NASSAU ST","MANHATTAN","40.70969329420165","-74.00863149467261"
"57851592","2023-06-09T11:41:00.000","2023-06-14T11:50:00.000","Catch Basin Clogged/Flooding (Use Comments) (SC)","140-03 157 STREET","157 STREET","140 AVE","N CONDUIT AVE","QUEENS","40.66879099205783","-73.77802196777243"
"57843788","2023-06-09T11:26:00.000","2023-06-12T09:20:00.000","Catch Basin Clogged/Flooding (Use Comments) (SC)","107 BAY   50 STREET","BAY   50 STREET","PRIVATE CATANZARO SQ","W 17 ST","BROOKLYN","40.58650415295827","-73.98593353866829"
"57850473","2023-06-09T10:53:00.000","2023-06-10T10:00:00.000","Catch Basin Clogged/Flooding (Use Comments) (SC)",,,,,"BROOKLYN","40.65495440941251","-74.00701702087409"
"57845570","2023-06-09T10:08:00.000","2023-06-13T10:55:00.000","Catch Basin Clogged/Flooding (Use Comments) (SC)","3111 EMMONS AVENUE","EMMONS AVENUE","BOGARDUS ST","FORD ST","BROOKLYN","40.584032872307766","-73.93517137999297"
"57851591","2023-06-09T09:56:00.000","2023-06-10T13:15:00.000","Catch Basin Clogged/Flooding (Use Comments) (SC)","330 WILSON AVENUE","WILSON AVENUE","GROVE ST","LINDEN ST","BROOKLYN","40.695962110455326","-73.91740281358409"
"57849332","2023-06-09T09:41:00.000","2023-06-12T11:00:00.000","Catch Basin Clogged/Flooding (Use Comments) (SC)","1550 BROADWAY","BROADWAY","W 45 ST","W 46 ST","MANHATTAN","40.75847790932192","-73.98511393439809"
"57850002","2023-06-09T09:32:00.000","2023-06-15T12:00:00.000","Catch Basin Clogged/Flooding (Use Comments) (SC)","82 SOUTH RAILROAD AVENUE","SOUTH RAILROAD AVENUE","COOPER AVE","EVERGREEN AVE","STATEN ISLAND","40.5932526153345","-74.08943027061355"
"57848955","2023-06-09T08:38:00.000","2023-06-09T11:35:00.000","Catch Basin Clogged/Flooding (Use Comments) (SC)","1368 EAST   36 STREET","EAST   36 STREET","AVENUE M","FLATLANDS AVE","BROOKLYN","40.619399292982486","-73.93966847043968"
"57837811","2023-06-08T17:08:00.000","2023-06-08T17:11:00.000","Catch Basin Clogged/Flooding (Use Comments) (SC)","91-15 163 AVENUE","163 AVENUE","91 ST","92 ST","QUEENS","40.65243333247057","-73.83994075782043"
"57841736","2023-06-08T15:35:00.000","2023-06-09T11:45:00.000","Catch Basin Clogged/Flooding (Use Comments) (SC)","1551 BROADWAY","BROADWAY","W 46 ST","W 47 ST","MANHATTAN","40.75880455936544","-73.98531239137466"
"57836707","2023-06-08T13:23:00.000","2023-06-09T12:00:00.000","Catch Basin Clogged/Flooding (Use Comments) (SC)",,,,,"QUEENS","40.75274851972776","-73.75522364771048"
"57835972","2023-06-08T13:05:00.000","2023-06-10T13:05:00.000","Catch Basin Clogged/Flooding (Use Comments) (SC)","160-04 25 DRIVE","25 DRIVE","160 ST","163 ST","QUEENS","40.774148583094856","-73.80356151231427"
"57840776","2023-06-08T12:50:00.000","2023-06-09T02:30:00.000","Catch Basin Clogged/Flooding (Use Comments) (SC)","148-15 105 AVENUE","105 AVENUE","148 ST","150 ST","QUEENS","40.69650333269584","-73.8026975855144"
"57837814","2023-06-08T09:59:00.000","2023-06-09T11:45:00.000","Catch Basin Clogged/Flooding (Use Comments) (SC)","150-37 120 AVENUE","120 AVENUE","SUTPHIN BLVD","153 ST","QUEENS","40.678051193720705","-73.79083313808053"
"57839692","2023-06-08T08:05:00.000","2023-06-15T12:10:00.000","Catch Basin Clogged/Flooding (Use Comments) (SC)","218-01 136 AVENUE","136 AVENUE","218 ST","219 ST","QUEENS","40.67722616268777","-73.75267073201948"
"57835998","2023-06-08T07:44:00.000","2023-06-10T10:05:00.000","Catch Basin Clogged/Flooding (Use Comments) (SC)","149-19 CENTERVILLE STREET","CENTERVILLE STREET","149 AVE","ECKFORD AVE","QUEENS","40.670785336052845","-73.83824928742926"
"57842901","2023-06-08T07:35:00.000","2023-06-15T13:30:00.000","Catch Basin Clogged/Flooding (Use Comments) (SC)","5714 AMBOY ROAD","AMBOY ROAD","WRENN ST","QUEENSDALE ST","STATEN ISLAND","40.52827689646479","-74.19911882998572"
"57835992","2023-06-08T00:20:00.000","2023-06-14T09:40:00.000","Catch Basin Clogged/Flooding (Use Comments) (SC)","1774 BUSSING AVENUE","BUSSING AVENUE","GUNTHER AVE","WICKHAM AVE","BRONX","40.8939780460384","-73.84961328943014"
"57832362","2023-06-07T17:50:00.000","2023-06-08T13:00:00.000","Catch Basin Clogged/Flooding (Use Comments) (SC)","1519 AVENUE T","AVENUE T","NYCTA SUBWAY","E 16 ST","BROOKLYN","40.601164880182665","-73.95621766170538"
"57829966","2023-06-07T16:41:00.000","2023-06-15T10:45:00.000","Catch Basin Clogged/Flooding (Use Comments) (SC)","1840 WEST    6 STREET","WEST    6 STREET","HIGHLAWN AVE","AVENUE S","BROOKLYN","40.6025299130079","-73.97865936559873"
"57831239","2023-06-07T15:47:00.000","2023-06-12T09:45:00.000","Catch Basin Clogged/Flooding (Use Comments) (SC)","1626 BROADWAY","BROADWAY","W 49 ST","W 50 ST","MANHATTAN","40.76122801792308","-73.98417839003005"
"57832363","2023-06-07T14:14:00.000","2023-06-14T12:45:00.000","Catch Basin Clogged/Flooding (Use Comments) (SC)",,,,,"MANHATTAN","40.76079439361986","-73.98451058946357"
"57827787","2023-06-07T12:53:00.000","2023-06-07T16:06:00.000","Catch Basin Clogged/Flooding (Use Comments) (SC)","91-15 163 AVENUE","163 AVENUE","91 ST","92 ST","QUEENS","40.65243333247057","-73.83994075782043"
"57831118","2023-06-07T12:26:00.000","2023-06-10T11:55:00.000","Catch Basin Clogged/Flooding (Use Comments) (SC)","900 LENOX ROAD","LENOX ROAD","E 54 ST","E 55 ST","BROOKLYN","40.65561162297795","-73.92615295787674"
"57834513","2023-06-07T11:59:00.000","2023-06-09T10:20:00.000","Catch Basin Clogged/Flooding (Use Comments) (SC)","104-01 WESTSIDE AVENUE","WESTSIDE AVENUE","XENIA ST","GRANGER ST","QUEENS","40.73753725221368","-73.85402954686256"
"57828872","2023-06-07T11:56:00.000","2023-06-08T08:15:00.000","Catch Basin Clogged/Flooding (Use Comments) (SC)","1223 EAST NEW YORK AVENUE","EAST NEW YORK AVENUE","UNION ST","TAPSCOTT ST","BROOKLYN","40.66759234612014","-73.92163742179766"
"57833497","2023-06-07T11:41:00.000","2023-06-09T11:40:00.000","Catch Basin Clogged/Flooding (Use Comments) (SC)","49-81 175 PLACE","175 PLACE","PECK AVE","50 AVE","QUEENS","40.74485281020375","-73.79354661033496"
"57826634","2023-06-07T11:17:00.000","2023-06-09T13:30:00.000","Catch Basin Clogged/Flooding (Use Comments) (SC)","86-08 95 AVENUE","95 AVENUE","86 ST","87 ST","QUEENS","40.68498430207046","-73.8548873499295"
"57827743","2023-06-07T10:23:00.000","2023-06-13T13:40:00.000","Catch Basin Clogged/Flooding (Use Comments) (SC)","650 PARK AVENUE","PARK AVENUE","E 66 ST","E 67 ST","MANHATTAN","40.76767981917207","-73.96633565860034"
"57832318","2023-06-07T09:41:00.000","2023-06-09T11:20:00.000","Catch Basin Clogged/Flooding (Use Comments) (SC)","94-18 149 AVENUE","149 AVENUE","94 ST","95 ST","QUEENS","40.67078980210632","-73.84145761853307"
"57831175","2023-06-07T07:35:00.000","2023-06-10T08:30:00.000","Catch Basin Clogged/Flooding (Use Comments) (SC)","18 BEDFORD AVENUE","BEDFORD AVENUE","LORIMER ST","N 12 ST","BROOKLYN","40.72358289264739","-73.95155542321689"
"57817632","2023-06-06T20:23:00.000","2023-06-09T10:10:00.000","Catch Basin Clogged/Flooding (Use Comments) (SC)","165-01 ARCHER AVENUE","ARCHER AVENUE","165 ST","MERRICK BLVD","QUEENS","40.7040987330863","-73.79365479058869"
"57825207","2023-06-06T15:41:00.000","2023-06-08T13:20:00.000","Catch Basin Clogged/Flooding (Use Comments) (SC)",,,,,"STATEN ISLAND","40.61660966039173","-74.14233458415445"
"57822355","2023-06-06T15:38:00.000","2023-06-08T14:00:00.000","Catch Basin Clogged/Flooding (Use Comments) (SC)",,,,,"STATEN ISLAND","40.61530262696087","-74.15132929627765"
"57819722","2023-06-06T15:14:00.000","2023-06-08T11:30:00.000","Catch Basin Clogged/Flooding (Use Comments) (SC)","3700 PAULDING AVENUE","PAULDING AVENUE","E 216 ST","E 217 ST","BRONX","40.87895308625692","-73.85565010660558"
"57823689","2023-06-06T14:41:00.000","2023-06-10T09:20:00.000","Catch Basin Clogged/Flooding (Use Comments) (SC)",,,,,"QUEENS","40.73283234357654","-73.79289828792601"
"57825187","2023-06-06T14:11:00.000","2023-06-07T11:45:00.000","Catch Basin Clogged/Flooding (Use Comments) (SC)","69-02 213 STREET","213 STREET","69 AVE","73 AVE","QUEENS","40.74118986808761","-73.76154163409716"
"57825208","2023-06-06T13:32:00.000","2023-06-12T12:15:00.000","Catch Basin Clogged/Flooding (Use Comments) (SC)",,,,,"QUEENS","40.73845368025064","-73.72248527428634"
"57823701","2023-06-06T11:17:00.000","2023-06-09T09:45:00.000","Catch Basin Clogged/Flooding (Use Comments) (SC)",,,,,"MANHATTAN","40.76045668270954","-73.98373096728758"
"57823702","2023-06-06T10:38:00.000","2023-06-09T11:00:00.000","Catch Basin Clogged/Flooding (Use Comments) (SC)","1746 ANTHONY AVENUE","ANTHONY AVENUE","ITTNER PL","PROSPECT PL","BRONX","40.84519962098992","-73.90389510699694"
"57819844","2023-06-06T10:17:00.000","2023-06-07T09:55:00.000","Catch Basin Clogged/Flooding (Use Comments) (SC)","4801 FOSTER AVENUE","FOSTER AVENUE","E 48 ST","E 49 ST","BROOKLYN","40.63969208121911","-73.9309051723195"
"57815693","2023-06-06T09:44:00.000","2023-06-09T10:10:00.000","Catch Basin Clogged/Flooding (Use Comments) (SC)","3257 COUNTRY CLUB ROAD","COUNTRY CLUB ROAD","LOHENGRIN PL","STADIUM AVE","BRONX","40.84083192976245","-73.82047734818744"
"57815692","2023-06-06T08:47:00.000","2023-06-07T08:00:00.000","Catch Basin Clogged/Flooding (Use Comments) (SC)","463 AVENUE U","AVENUE U","E 4 ST","E 5 ST","BROOKLYN","40.597630549113035","-73.96739004268893"
"57810582","2023-06-05T16:59:00.000","2023-06-09T08:45:00.000","Catch Basin Clogged/Flooding (Use Comments) (SC)","53-17 NORTHERN BOULEVARD","NORTHERN BOULEVARD","51 ST","53 PL","QUEENS","40.753202322012356","-73.90788621214064"
"57809547","2023-06-05T16:53:00.000","2023-06-06T10:35:00.000","Catch Basin Clogged/Flooding (Use Comments) (SC)","1886 54 STREET","54 STREET","18 AVE","19 AVE","BROOKLYN","40.624307668499654","-73.9819377566689"
"57813718","2023-06-05T16:26:00.000","2023-06-06T11:30:00.000","Catch Basin Clogged/Flooding (Use Comments) (SC)","303 HALSEY STREET","HALSEY STREET","THROOP AVE","MARCUS GARVEY BLVD","BROOKLYN","40.68290024152957","-73.94042226358432"
"57811627","2023-06-05T15:53:00.000","2023-06-07T13:15:00.000","Catch Basin Clogged/Flooding (Use Comments) (SC)","245-18 148 ROAD","148 ROAD","HUXLEY ST","249 ST","QUEENS","40.654514485567525","-73.73964715406186"
"57811638","2023-06-05T15:50:00.000","2023-06-09T17:47:00.000","Catch Basin Clogged/Flooding (Use Comments) (SC)","4443 MATILDA AVENUE","MATILDA AVENUE","NEREID AVE","E 239 ST","BRONX","40.899941670179906","-73.85561175833372"
"57810583","2023-06-05T15:26:00.000","2023-06-07T09:20:00.000","Catch Basin Clogged/Flooding (Use Comments) (SC)","2-10 50 AVENUE","50 AVENUE","2 ST","5 ST","QUEENS","40.743484928657914","-73.95809815296816"
"57814827","2023-06-05T15:23:00.000","2023-06-09T09:15:00.000","Catch Basin Clogged/Flooding (Use Comments) (SC)","2883 HARRINGTON AVENUE","HARRINGTON AVENUE","MAYFLOWER AVE","EDISON AVE","BRONX","40.83998329395249","-73.83291919016831"
"57809494","2023-06-05T15:11:00.000","2023-06-07T11:45:00.000","Catch Basin Clogged/Flooding (Use Comments) (SC)","123-27 LAX AVENUE","LAX AVENUE","WEATHERLY PL","POWELLS COVE BLVD","QUEENS","40.79361465281743","-73.84320924214144"
"57812695","2023-06-05T15:02:00.000","2023-06-13T13:00:00.000","Catch Basin Clogged/Flooding (Use Comments) (SC)","20-73 SHORE BOULEVARD","SHORE BOULEVARD","20 RD","21 AVE","QUEENS","40.784312458309266","-73.91672267249484"
"57812705","2023-06-05T13:17:00.000","2023-06-06T13:20:00.000","Catch Basin Clogged/Flooding (Use Comments) (SC)","220 WARWICK AVENUE","WARWICK AVENUE","WESTWOOD AVE","BEND","STATEN ISLAND","40.60567544362209","-74.13694524470073"
"57809464","2023-06-05T12:11:00.000","2023-06-06T07:35:00.000","Catch Basin Clogged/Flooding (Use Comments) (SC)","1 HOLMES LANE","HOLMES LANE","E 95 ST","E 96 ST","BROOKLYN","40.63881665861296","-73.897933680305"
"57810554","2023-06-05T11:47:00.000","2023-06-08T09:15:00.000","Catch Basin Clogged/Flooding (Use Comments) (SC)","106-02 79 STREET","79 STREET","GLENMORE AVE","PITKIN AVE","QUEENS","40.67798656700322","-73.85824826375907"
"57809505","2023-06-05T11:32:00.000","2023-06-06T09:20:00.000","Catch Basin Clogged/Flooding (Use Comments) (SC)",,,,,"QUEENS","40.68410750163515","-73.79461444636712"
"57807473","2023-06-05T11:05:00.000","2023-06-07T09:20:00.000","Catch Basin Clogged/Flooding (Use Comments) (SC)","29 NORWALK AVENUE","NORWALK AVENUE","AREA PL","AREA PL","STATEN ISLAND","40.6052500917953","-74.1196507490645"
"57814783","2023-06-05T11:02:00.000","2023-06-09T11:00:00.000","Catch Basin Clogged/Flooding (Use Comments) (SC)","115-48 MARSDEN STREET","MARSDEN STREET","BEND","116 AVE","QUEENS","40.686839639237384","-73.78323349332449"
"57809513","2023-06-05T10:56:00.000","2023-06-06T11:05:00.000","Catch Basin Clogged/Flooding (Use Comments) (SC)","550 EAST  240 STREET","EAST  240 STREET","BULLARD AVE","BULLARD AVE","BRONX","40.90376467574328","-73.85534299186097"
"57811645","2023-06-05T10:14:00.000","2023-06-06T09:50:00.000","Catch Basin Clogged/Flooding (Use Comments) (SC)","417 BEACH   69 STREET","BEACH   69 STREET","BEACH CHANNEL DR","GOUVERNEUR AVE","QUEENS","40.59317606432756","-73.79818156438806"
"57813719","2023-06-05T10:11:00.000","2023-06-07T12:40:00.000","Catch Basin Clogged/Flooding (Use Comments) (SC)","427 BEACH   69 STREET","BEACH   69 STREET","GOUVERNEUR AVE","HESSLER AVE","QUEENS","40.59356041106571","-73.79822361130302"
"57809465","2023-06-05T08:56:00.000","2023-06-11T10:45:00.000","Catch Basin Clogged/Flooding (Use Comments) (SC)","130-49 220 STREET","220 STREET","130 RD","130 DR","QUEENS","40.68316942596382","-73.74673197057135"
"57809548","2023-06-05T08:23:00.000","2023-06-06T08:45:00.000","Catch Basin Clogged/Flooding (Use Comments) (SC)",,,,,"QUEENS","40.71076337576752","-73.75854842118798"
"57808464","2023-06-05T08:20:00.000","2023-06-07T10:45:00.000","Catch Basin Clogged/Flooding (Use Comments) (SC)","832 OCEAN AVENUE","OCEAN AVENUE","CORTELYOU RD","DORCHESTER RD","BROOKLYN","40.64234346531235","-73.95955255495032"
"57805038","2023-06-04T21:05:00.000","2023-06-05T09:35:00.000","Catch Basin Clogged/Flooding (Use Comments) (SC)","2680 EAST   19 STREET","EAST   19 STREET","JEROME AVE","VOORHIES AVE","BROOKLYN","40.58666715066135","-73.95021461180369"
"57806062","2023-06-04T15:20:00.000","2023-06-07T10:30:00.000","Catch Basin Clogged/Flooding (Use Comments) (SC)",,,,,"BRONX","40.872270408144196","-73.88561428002787"
"57802297","2023-06-04T14:32:00.000","2023-06-05T09:10:00.000","Catch Basin Clogged/Flooding (Use Comments) (SC)","118 SANDALWOOD DRIVE","SANDALWOOD DRIVE","IRONWOOD ST","COTTONWOOD CT","STATEN ISLAND","40.561187485312","-74.14598821944244"
"57799840","2023-06-04T12:17:00.000","2023-06-09T13:10:00.000","Catch Basin Clogged/Flooding (Use Comments) (SC)","255-33 87 ROAD","87 ROAD","LITTLE NECK PKWY","256 ST","QUEENS","40.72896173801833","-73.71001573453708"
"57806967","2023-06-04T11:59:00.000","2023-06-09T14:00:00.000","Catch Basin Clogged/Flooding (Use Comments) (SC)","66-02 BOOTH STREET","BOOTH STREET","66 AVE","67 AVE","QUEENS","40.7262348822024","-73.85664836686482"
"57806968","2023-06-04T11:44:00.000","2023-06-05T12:45:00.000","Catch Basin Clogged/Flooding (Use Comments) (SC)",,,,,"QUEENS","40.6524268476701","-73.83922720387437"
"57802298","2023-06-04T10:38:00.000","2023-06-05T10:25:00.000","Catch Basin Clogged/Flooding (Use Comments) (SC)","1766 EAST    3 STREET","EAST    3 STREET","AVENUE P","QUENTIN RD","BROOKLYN","40.607444064206426","-73.97060134610808"
"57803246","2023-06-04T10:17:00.000","2023-06-06T08:15:00.000","Catch Basin Clogged/Flooding (Use Comments) (SC)","844 EAST   55 STREET","EAST   55 STREET","FOSTER AVE","GLENWOOD RD","BROOKLYN","40.636841352314406","-73.92395786010555"
"57792246","2023-06-03T22:53:00.000","2023-06-04T13:15:00.000","Catch Basin Clogged/Flooding (Use Comments) (SC)","149-91 253 STREET","253 STREET","BEND","HUXLEY ST","QUEENS","40.65042419215968","-73.73699270860077"
"57793155","2023-06-03T22:02:00.000","2023-06-07T09:35:00.000","Catch Basin Clogged/Flooding (Use Comments) (SC)","8687 BAY PARKWAY","BAY PARKWAY","BENSON AVE","BATH AVE","BROOKLYN","40.5999462215678","-73.99587680043658"
"57796059","2023-06-03T17:47:00.000","2023-06-07T09:55:00.000","Catch Basin Clogged/Flooding (Use Comments) (SC)","1620 66 STREET","66 STREET","16 AVE","OVINGTON CT","BROOKLYN","40.62108110701139","-73.9950614004019"
"57798831","2023-06-03T16:17:00.000","2023-06-04T10:35:00.000","Catch Basin Clogged/Flooding (Use Comments) (SC)",,,,,"BROOKLYN","40.600461700095835","-73.9625344098344"
"57796131","2023-06-03T14:02:00.000","2023-06-05T09:00:00.000","Catch Basin Clogged/Flooding (Use Comments) (SC)","385 CHESTNUT STREET","CHESTNUT STREET","LIBERTY AVE","GLENMORE AVE","BROOKLYN","40.677516305407686","-73.87398253225324"
"57798879","2023-06-03T13:35:00.000","2023-06-12T09:20:00.000","Catch Basin Clogged/Flooding (Use Comments) (SC)","130 8 AVENUE","8 AVENUE","CARROLL ST","MONTGOMERY PL","BROOKLYN","40.672007743449115","-73.97401560375724"
"57793129","2023-06-03T13:29:00.000","2023-06-04T11:00:00.000","Catch Basin Clogged/Flooding (Use Comments) (SC)",,,,,"QUEENS","40.70903443567343","-73.75094400886378"
"57792250","2023-06-03T11:53:00.000","2023-06-04T08:30:00.000","Catch Basin Clogged/Flooding (Use Comments) (SC)","36-15 30 STREET","30 STREET","36 AVE","37 AVE","QUEENS","40.756564248388095","-73.93085974225048"
"57796958","2023-06-03T11:26:00.000","2023-06-04T13:30:00.000","Catch Basin Clogged/Flooding (Use Comments) (SC)",,,,,"QUEENS","40.744027466141794","-73.7176261930003"
"57797976","2023-06-03T11:02:00.000","2023-06-03T12:30:00.000","Catch Basin Clogged/Flooding (Use Comments) (SC)","505 ORIENTAL BOULEVARD","ORIENTAL BOULEVARD","DOVER ST","EXETER ST","BROOKLYN","40.577317817848574","-73.94899403925253"
"57797940","2023-06-03T10:11:00.000","2023-06-09T08:05:00.000","Catch Basin Clogged/Flooding (Use Comments) (SC)","446 EAST  146 STREET","EAST  146 STREET","WILLIS AVE","BROOK AVE","BRONX","40.8135170993853","-73.9177373970944"
"57781789","2023-06-02T20:05:00.000","2023-06-03T10:00:00.000","Catch Basin Clogged/Flooding (Use Comments) (SC)",,,,,"BROOKLYN","40.69597011726648","-73.91336021343682"
"57781787","2023-06-02T19:35:00.000","2023-06-03T11:30:00.000","Catch Basin Clogged/Flooding (Use Comments) (SC)","202 WEST END AVENUE","WEST END AVENUE","ORIENTAL BLVD","ESPLANADE","BROOKLYN","40.576501497328934","-73.95281043390214"
"57784497","2023-06-02T19:35:00.000","2023-06-04T12:20:00.000","Catch Basin Clogged/Flooding (Use Comments) (SC)",,,,,"BROOKLYN","40.62147413119333","-73.95071097029123"
"57784498","2023-06-02T16:20:00.000","2023-06-05T09:40:00.000","Catch Basin Clogged/Flooding (Use Comments) (SC)","260 MEREDITH AVENUE","MEREDITH AVENUE","STATEN ISLAND RAILWAY LINE","SOUTH AVE","STATEN ISLAND","40.59931920606547","-74.19368788900083"
"57784384","2023-06-02T14:38:00.000","2023-06-09T13:15:00.000","Catch Basin Clogged/Flooding (Use Comments) (SC)",,,,,"QUEENS","40.58988999422617","-73.80746642089795"
"57781785","2023-06-02T13:50:00.000","2023-06-03T09:15:00.000","Catch Basin Clogged/Flooding (Use Comments) (SC)","249-33 64 AVENUE","64 AVENUE","MARATHON PKWY","251 ST","QUEENS","40.754829857518885","-73.72747026279929"
"57784382","2023-06-02T13:14:00.000","2023-06-03T12:30:00.000","Catch Basin Clogged/Flooding (Use Comments) (SC)",,,,,"BROOKLYN","40.648104971744026","-73.91851432467399"
"57791011","2023-06-02T13:11:00.000","2023-06-03T11:20:00.000","Catch Basin Clogged/Flooding (Use Comments) (SC)","8613 DITMAS AVENUE","DITMAS AVENUE","E 86 ST","E 87 ST","BROOKLYN","40.64648465468579","-73.91726226431632"
"57785782","2023-06-02T12:26:00.000","2023-06-04T09:40:00.000","Catch Basin Clogged/Flooding (Use Comments) (SC)","41-50 78 STREET","78 STREET","BROADWAY","WOODSIDE AVE","QUEENS","40.74429919170938","-73.88722701464378"
"57791174","2023-06-02T12:17:00.000","2023-06-03T08:20:00.000","Catch Basin Clogged/Flooding (Use Comments) (SC)","25-44 FRANCIS LEWIS BOULEVARD","FRANCIS LEWIS BOULEVARD","25 DR","168 ST","QUEENS","40.773587738033996","-73.79670331811819"
"57787037","2023-06-02T12:05:00.000","2023-06-05T08:55:00.000","Catch Basin Clogged/Flooding (Use Comments) (SC)","29 JOHN STREET","JOHN STREET","BROADWAY","NASSAU ST","MANHATTAN","40.70969329420165","-74.00863149467261"
"57783188","2023-06-02T12:05:00.000","2024-01-31T06:15:00.000","Catch Basin Clogged/Flooding (Use Comments) (SC)","99-01 35 AVENUE","35 AVENUE","99 ST","100 ST","QUEENS","40.75397957904555","-73.86875948603033"
"57784386","2023-06-02T10:44:00.000","2023-06-04T11:45:00.000","Catch Basin Clogged/Flooding (Use Comments) (SC)","6002 20 AVENUE","20 AVENUE","60 ST","61 ST","BROOKLYN","40.61929035051698","-73.98299092501739"
"57791038","2023-06-02T09:02:00.000","2023-06-05T07:45:00.000","Catch Basin Clogged/Flooding (Use Comments) (SC)",,,,,"BROOKLYN","40.6367076145148","-73.88518216512226"
"57780145","2023-06-01T21:14:00.000","2023-06-04T10:05:00.000","Catch Basin Clogged/Flooding (Use Comments) (SC)","91-15 163 AVENUE","163 AVENUE","91 ST","92 ST","QUEENS","40.65243333247057","-73.83994075782043"
"57773578","2023-06-01T18:41:00.000","2023-06-02T10:45:00.000","Catch Basin Clogged/Flooding (Use Comments) (SC)","67-67 78 STREET","78 STREET","67 DR","68 AVE","QUEENS","40.711445925356266","-73.87536482345128"
"57773571","2023-06-01T15:59:00.000","2023-06-06T09:05:00.000","Catch Basin Clogged/Flooding (Use Comments) (SC)","801 AVENUE I","AVENUE I","E 8 ST","E 9 ST","BROOKLYN","40.62710716027672","-73.96834471643969"
"57780370","2023-06-01T15:32:00.000","2023-06-02T10:15:00.000","Catch Basin Clogged/Flooding (Use Comments) (SC)","43-25 DOUGLASTON PARKWAY","DOUGLASTON PARKWAY","PINE ST","CHURCH ST","QUEENS","40.76687814237857","-73.74617176722504"
"57776278","2023-06-01T15:29:00.000","2023-06-02T07:00:00.000","Catch Basin Clogged/Flooding (Use Comments) (SC)",,,,,"QUEENS","40.76649811964839","-73.7456064348822"
"57777702","2023-06-01T15:26:00.000","2023-06-06T13:20:00.000","Catch Basin Clogged/Flooding (Use Comments) (SC)",,,,,"QUEENS","40.76649811964839","-73.7456064348822"
"57777610","2023-06-01T13:35:00.000","2023-06-03T09:40:00.000","Catch Basin Clogged/Flooding (Use Comments) (SC)",,,,,"BRONX","40.88337136772432","-73.85955346246462"
"57774932","2023-06-01T13:32:00.000","2023-06-07T09:40:00.000","Catch Basin Clogged/Flooding (Use Comments) (SC)",,,,,"BRONX","40.87754691578263","-73.86164863182397"
"57777553","2023-06-01T13:29:00.000","2023-06-04T08:40:00.000","Catch Basin Clogged/Flooding (Use Comments) (SC)",,,,,"BRONX","40.876855232879244","-73.86163199084305"
"57777554","2023-06-01T11:47:00.000","2023-06-04T10:40:00.000","Catch Basin Clogged/Flooding (Use Comments) (SC)","200-17 100 AVENUE","100 AVENUE","200 ST","201 ST","QUEENS","40.710613797013394","-73.75920905131568"
"57780289","2023-06-01T11:02:00.000","2023-06-02T09:30:00.000","Catch Basin Clogged/Flooding (Use Comments) (SC)","40-09 PRINCE STREET","PRINCE STREET","ROOSEVELT AVE","40 RD","QUEENS","40.75883095393741","-73.83182328291562"
"57770984","2023-06-01T08:56:00.000","2023-06-02T09:15:00.000","Catch Basin Clogged/Flooding (Use Comments) (SC)","164-10 FOCH BOULEVARD","FOCH BOULEVARD","164 ST","165 ST","QUEENS","40.684619295422344","-73.78187778236621"
"57777703","2023-06-01T08:23:00.000","2023-06-02T12:00:00.000","Catch Basin Clogged/Flooding (Use Comments) (SC)","2601 CLARENDON ROAD","CLARENDON ROAD","E 26 ST","ROGERS AVE","BROOKLYN","40.64302146651101","-73.95247872314744"
