geoid,tract_id,empirical_estimate,p_y,p_y_CI_lower,p_y_CI_upper,n_images_by_area
36061000100.0,36061000100.0,,0.05968737389158669,1.6528645589e-312,0.9999999993821943,0
36061000201.0,36061000201.0,0.0,0.002002057822665878,2.3263439784980064e-05,0.012153130237243997,345
36061000600.0,36061000600.0,0.0022172949002217295,0.008113421459257199,0.0005828994188917475,0.026917631002395224,902
36061001401.0,36061001401.0,0.0,0.0009828675022664367,1.465488645982188e-05,0.005963786659657922,259
36061001402.0,36061001402.0,0.0,0.00012194697267315442,1.9640801909878584e-06,0.0007858278142550529,705
36061001800.0,36061001800.0,0.0,0.00015626664784258165,2.333006065330067e-06,0.0009463551941438419,1783
36061002201.0,36061002201.0,0.0,0.00041750075383333127,1.0789053259180318e-05,0.0023830678902911984,422
36061002601.0,36061002601.0,0.0,0.0006177370720169116,1.1916385138644252e-05,0.00374879129461122,164
36061002602.0,36061002602.0,0.0,0.001107330398017051,8.917183632878246e-06,0.00759204963445423,107
36061002800.0,36061002800.0,0.0,0.0009106168324617721,5.82305901551181e-06,0.006000859689257961,261
36061003100.0,36061003100.0,0.0,0.0006056949374742807,2.455492387839526e-05,0.0029896673237592747,1285
36061003200.0,36061003200.0,0.0,0.00033588014305993997,8.690726196084747e-06,0.0019537524540407906,628
36061003300.0,36061003300.0,0.000877963125548727,0.0008959091747196392,9.281866711385937e-06,0.0050263392680098065,2278
36061003400.0,36061003400.0,0.0,0.0002281021673175578,2.47516135891515e-06,0.0014431005662858846,674
36061003601.0,36061003601.0,0.0,6.806243535492331e-05,6.256007864437285e-07,0.000459845244306205,669
36061003602.0,36061003602.0,0.001451378809869376,0.0002520637925730529,2.578270149313975e-06,0.0017515671612164214,689
36061003700.0,36061003700.0,0.0003429355281207133,0.0004499982875579633,8.360083896076722e-06,0.0023880049403388957,2916
36061003900.0,36061003900.0,0.002234137622877569,0.0017644240015170151,3.1100067412367864e-06,0.009629774058931099,2238
36061004001.0,36061004001.0,0.0,0.00014330398391222807,1.0655769732628407e-06,0.0010056843295783954,728
36061004002.0,36061004002.0,0.0,8.403682869843985e-05,7.535006021710002e-07,0.0005680315066080691,428
36061004100.0,36061004100.0,0.001059322033898305,0.00020866643010863272,3.049150709704269e-06,0.0013574172373039064,944
36061004300.0,36061004300.0,0.0,0.000151019305735728,2.0093391274444455e-06,0.0009054870426593122,891
36061004500.0,36061004500.0,0.0,0.000544327377491344,1.1213969236305548e-05,0.0031533291294947047,737
36061005200.0,36061005200.0,0.0,0.00014183110588237479,2.330669910176387e-06,0.0008894932816973204,861
36061005400.0,36061005400.0,0.0,0.0004610098005016267,1.2905776370642058e-05,0.002479376788448731,1336
36061005501.0,36061005501.0,0.0,0.00014457913137318304,9.364648093073172e-07,0.0010016790482440614,649
36061005502.0,36061005502.0,0.0,6.846703254635707e-05,9.428960367592868e-07,0.00042093127159697173,1265
36061005800.0,36061005800.0,0.0,0.00010421474890104072,1.6527095850143528e-06,0.000646851948511354,1450
36061006300.0,36061006300.0,0.0,0.00040157230485832554,9.740875407438428e-06,0.0022185589801294496,1162
36061006500.0,36061006500.0,0.0,0.00035576132815783225,7.779167864670922e-06,0.0019976659871172526,1134
36061006700.0,36061006700.0,0.0,0.0001345154682622789,2.08729806087405e-06,0.0007931678064185377,1113
36061006800.0,36061006800.0,0.0,0.0001607411584229802,3.2650780512373026e-06,0.0009604161773762055,1122
36061007001.0,36061007001.0,0.0,0.0010545720496531142,7.575321568265469e-06,0.007064605333432487,252
36061007002.0,36061007002.0,0.0011614401858304297,0.0007656371099943059,5.8831859704426505e-06,0.005080067858239961,861
36061007100.0,36061007100.0,0.0,0.00010843318483701613,1.1989821756510434e-06,0.0007216428699862357,882
36061007200.0,36061007200.0,0.0,0.00020099344270863958,3.202081773557155e-06,0.00118757074634284,1404
36061007300.0,36061007300.0,0.0009699321047526673,3.5573555454218475e-05,5.054321194911972e-07,0.00022026634878302644,1031
36061007600.0,36061007600.0,0.0,0.00012238192621092696,1.7827132417721497e-06,0.0007750929392533352,1028
36061007700.0,36061007700.0,0.003092783505154639,0.0007584950794656653,4.192592473842486e-06,0.0056544808423429046,970
36061007800.0,36061007800.0,0.0013169446883230904,0.0011057879266918407,1.2970539561213628e-05,0.006078037114930461,2278
36061008000.0,36061008000.0,0.0,0.0001637219065817941,2.5154009113943575e-06,0.0009863376296093305,2116
36061008100.0,36061008100.0,0.0008771929824561404,0.0012471857035766514,2.1208513710743717e-05,0.0067918613947065,1140
36061008200.0,36061008200.0,0.0021586616297895305,4.5959551219063305e-05,4.828400205690045e-07,0.0002929138618493985,1853
36061008300.0,36061008300.0,0.0,0.0015179293945511657,3.923181707643983e-05,0.0073708336920826215,885
36061008400.0,36061008400.0,0.0,0.00031010813920699193,6.384790743051472e-06,0.0017433686173990454,1401
36061008700.0,36061008700.0,0.002224694104560623,0.0016593464527074368,3.0154304380966666e-05,0.009043526629116517,899
36061008900.0,36061008900.0,0.0,0.000517502142872153,8.021278837415907e-06,0.003044402018551931,888
36061009100.0,36061009100.0,0.0,0.0001807107207268491,2.602333516240239e-06,0.0010947323803062155,1458
36061009200.0,36061009200.0,0.0,0.0005628423623941256,1.121555127381436e-05,0.003010712371586767,1650
36061009300.0,36061009300.0,0.0,0.0004956124169645798,9.35347506717186e-06,0.002847953401119186,1039
36061009400.0,36061009400.0,0.0032658393207054214,0.0004429963356840196,2.1278753440743703e-06,0.003850684256806574,1531
36061009500.0,36061009500.0,0.000881057268722467,0.0004506399599103501,5.110663565046347e-06,0.002848789980572649,1135
36061009600.0,36061009600.0,0.0,0.0003391787270002661,6.178334331523989e-06,0.0019810797766197305,1098
36061009700.0,36061009700.0,0.0010162601626016261,0.0003569086506199135,5.76651954580811e-06,0.0022240344398610215,984
36061009902.0,36061009902.0,0.005780346820809248,0.015588743830122495,0.0015186017957175735,0.04421552466329042,865
36061010000.0,36061010000.0,0.0007072135785007072,0.00034093675578182755,4.345337076529937e-06,0.0021796052401962473,1414
36061010100.0,36061010100.0,0.0021231422505307855,0.0022761354239008015,2.2119752174331357e-05,0.012211243411206404,942
36061010200.0,36061010200.0,0.0007936507936507937,0.0006456614404192643,8.146385672725611e-06,0.0038616904777686624,1260
36061010400.0,36061010400.0,0.0,0.00020729279999492673,2.7854751537097973e-06,0.0012701870485355082,1130
36061010801.0,36061010801.0,0.00390625,0.001630562612718443,8.108830442659311e-06,0.012024068755066288,256
36061010802.0,36061010802.0,0.0,0.0004238316827719828,1.6077614223267306e-06,0.0031072010368082587,230
36061010803.0,36061010803.0,0.004048582995951417,0.002101786154996351,4.800317737186198e-06,0.015381413286441365,494
36061010900.0,36061010900.0,0.0,0.00013891422133178893,1.801879158423497e-06,0.0008513790638936404,1669
36061011201.0,36061011201.0,0.0,0.0008175113389731251,1.1005011578400104e-05,0.0050822352988684405,639
36061011202.0,36061011202.0,0.0033222591362126247,0.0015977444278511997,1.3447720936780931e-05,0.01044651123459714,602
36061011203.0,36061011203.0,0.0,0.00022573824111024945,2.2202701329200224e-06,0.001453563691937764,648
36061011300.0,36061011300.0,0.0,0.0002288486230438271,2.6464007071492323e-06,0.001460344681612792,914
36061011402.0,36061011402.0,0.0,0.000454692623783707,7.612265722101289e-06,0.002686309088635293,754
36061011800.0,36061011800.0,0.0,0.0011864841927733175,4.434651199643574e-05,0.00581261213085062,686
36061011900.0,36061011900.0,0.0,0.0001847711890249544,1.9304149482252157e-06,0.001190562105064067,952
36061012000.0,36061012000.0,0.0013175230566534915,0.0008432455950593813,1.2596619583751466e-05,0.005134741831659819,759
36061012101.0,36061012101.0,0.0,0.00027946421149027006,1.9613943329193418e-06,0.001944402653192682,563
36061012102.0,36061012102.0,0.0,0.0001352943405986091,1.095001357672683e-06,0.0008966756514758273,511
36061012200.0,36061012200.0,0.0008665511265164644,0.0007664443821547538,8.590345063377652e-06,0.004699309473489881,1154
36061012500.0,36061012500.0,0.0029791459781529296,0.0002087385628210348,1.4791948727722073e-06,0.0014740333962224563,1007
36061012601.0,36061012601.0,0.0051813471502590676,0.0036398971738842148,3.2920906766121434e-05,0.0229741891691987,193
36061012602.0,36061012602.0,0.0,0.0016762129693639728,2.1273420935591428e-05,0.00969667354321617,412
36061012700.0,36061012700.0,0.0018814675446848542,9.265072011367674e-05,1.4073687159781394e-06,0.0005848784250462852,1063
36061013000.0,36061013000.0,0.0,0.0004370245991912574,6.291816182458432e-06,0.0026341460644738663,947
36061013100.0,36061013100.0,0.0025167785234899327,0.0003497604397971607,1.5220347216414708e-06,0.0030512210072069015,1192
36061013201.0,36061013201.0,0.015463917525773196,0.0719701665635454,0.02104976887398041,0.16408357653626895,388
36061013202.0,36061013202.0,0.023255813953488372,0.09582488416564362,0.028952058731131713,0.21120847816541974,344
36061013300.0,36061013300.0,0.002244668911335578,0.0003182874466350711,3.432284073200834e-06,0.002079634043677914,891
36061013601.0,36061013601.0,0.007220216606498195,0.02944517087055475,0.002953793296115339,0.09134879942108065,277
36061013602.0,36061013602.0,0.0,0.00836610499453589,0.00022413520679743663,0.03849752797116984,209
36061014801.0,36061014801.0,0.0,0.00019334721815159446,3.1928852684955095e-06,0.0011410849594138122,139
36061014900.0,36061014900.0,0.0,0.0006698330548428412,1.0820633356728339e-05,0.003701213268693853,1147
36061015001.0,36061015001.0,0.0,0.0002517640291716355,2.6525607648355825e-06,0.001669860313305852,310
36061015002.0,36061015002.0,0.0,0.0012818382158973404,1.548502470325227e-05,0.007935173509726431,424
36061015101.0,36061015101.0,0.00784313725490196,0.011067900009234681,5.567429292993717e-05,0.05207772736716463,255
36061015301.0,36061015301.0,0.0,0.0008178620696009295,3.647294481061361e-06,0.005928785987933445,347
36061015302.0,36061015302.0,0.002288329519450801,0.0004910706427800414,3.5769515948240963e-06,0.003433632685591926,437
36061015401.0,36061015401.0,0.0,0.0016424635425804296,2.7866502422401375e-05,0.009789612885295465,131
36061015402.0,36061015402.0,0.0,0.001784639908233238,8.96095103788334e-06,0.012113023295050204,173
36061015403.0,36061015403.0,0.0,0.002194983641857679,1.2628430152231197e-05,0.015327759503415467,91
36061015501.0,36061015501.0,0.0,0.0018979217869071364,2.1894939830102344e-05,0.011221467584616285,233
36061015601.0,36061015601.0,0.0,0.0020716742846469786,4.5444704710264685e-05,0.011356166757301592,346
36061015602.0,36061015602.0,0.0,0.0022640459633892695,5.3862949106983686e-05,0.012091032942750253,294
36061015700.0,36061015700.0,0.0,0.0003726624687147076,5.810475767776052e-06,0.0022230822950825135,861
36061015801.0,36061015801.0,0.0,0.00041451550307335214,9.03659970552389e-06,0.002348513637029933,431
36061015802.0,36061015802.0,0.0,0.00047863355547733254,9.130923221297936e-06,0.0028332463521836965,194
36061016001.0,36061016001.0,0.0,0.00044867566188362044,5.349222556121765e-06,0.002781262631846016,585
36061016100.0,36061016100.0,0.0,0.00027121581533057643,2.9164190311417487e-06,0.0017527019639106052,591
36061016200.0,36061016200.0,0.0004923682914820286,0.0017419919731447408,0.00011565709418632289,0.00656720734455309,2031
36061016400.0,36061016400.0,0.0,0.00276115106167839,6.83098810611078e-05,0.013961371862655824,447
36061016500.0,36061016500.0,0.0,0.0005753834008535513,8.810144165333338e-06,0.0035357579248421174,815
36061016600.0,36061016600.0,0.0030864197530864196,0.0023305180269668105,3.733714058989234e-05,0.014084084555876555,324
36061016900.0,36061016900.0,0.0,0.0005952426064747406,7.0218341991207085e-06,0.003563672992061409,664
36061017000.0,36061017000.0,0.0,0.0020181585461995187,2.9284861596264525e-05,0.011867890359983143,394
36061017100.0,36061017100.0,0.0,0.0019424404501883611,2.4224060510420233e-05,0.010809698230351402,535
36061017200.0,36061017200.0,0.0,0.005755460381902358,0.000249391339168919,0.025844851968503814,264
36061017300.0,36061017300.0,0.0,0.000647449321414502,6.067678447577263e-06,0.004213879810469537,478
36061017401.0,36061017401.0,0.0,0.004110128445527607,8.984813922116816e-05,0.021282495792544116,299
36061017402.0,36061017402.0,0.0,0.0008051538041653611,8.81140553439703e-06,0.005274643992060639,149
36061017500.0,36061017500.0,0.004081632653061225,0.00782429221967459,3.7305599089999387e-05,0.03531991447097608,490
36061017700.0,36061017700.0,0.002150537634408602,0.00044537992914875683,2.24454318519714e-06,0.0033991673145517386,465
36061018000.0,36061018000.0,0.002053388090349076,0.0037757726000459627,0.0001232434177064778,0.017900405212318036,487
36061018100.0,36061018100.0,0.0,0.00044387813815067594,4.253000750139923e-06,0.0028698648527097333,517
36061018400.0,36061018400.0,0.0,0.0007038385915369448,1.554338902617994e-05,0.003994486805270617,520
36061018600.0,36061018600.0,0.006993006993006993,0.0010943314574793836,1.7885508313558917e-05,0.0068767254891290526,143
36061018700.0,36061018700.0,0.0,0.0010717343240042672,9.12067058718381e-06,0.006487542977896479,577
36061019300.0,36061019300.0,0.0,0.0002831064827141323,4.768803216416569e-06,0.00168509324370268,606
36061019600.0,36061019600.0,0.0,0.001136768468547731,2.7460496828489314e-05,0.0060883866539084095,552
36061019702.0,36061019702.0,0.0,0.00021018250006727017,1.6670076192744032e-06,0.0014010060979590608,214
36061019900.0,36061019900.0,0.0,0.0016827479706143166,2.352504978399987e-05,0.009991753767115516,363
36061020500.0,36061020500.0,0.004210526315789474,0.013989475649620322,0.0007104989574423565,0.04865249307625537,475
36061020600.0,36061020600.0,0.0,0.0011198186402754313,2.265305007657077e-05,0.0064649459998361025,373
36061020701.0,36061020701.0,0.0,0.00012400443634617522,1.0694085916366147e-06,0.0008558918359244286,84
36061020800.0,36061020800.0,0.004975124378109453,0.0008388597178094461,8.420384266111241e-06,0.005824069001254101,201
36061021303.0,36061021303.0,0.0,0.0002638646494573204,4.47618331342524e-06,0.0016020327874535403,178
36061021500.0,36061021500.0,0.0,0.0007201397471688892,1.0975643702979578e-05,0.004513215833640906,104
36061021600.0,36061021600.0,0.0,0.0006588513452984409,1.226260283008011e-05,0.004111870309293858,324
36061021703.0,36061021703.0,0.0,0.00044760982002676786,1.2659824006631105e-05,0.0023996056631298167,128
36061021800.0,36061021800.0,0.0,0.0006602392569447967,1.0830415938431473e-05,0.0038671791995773808,431
36061022000.0,36061022000.0,0.0,0.0006929284413463737,6.211609072111504e-06,0.00482402674546961,311
36061022102.0,36061022102.0,0.0,0.00018669382731695633,2.423173612001106e-06,0.001172079194952657,157
36061022200.0,36061022200.0,0.0,0.0006466967503466916,1.0331110285474981e-05,0.003980383737542796,423
36061022301.0,36061022301.0,0.0,0.00173690402788523,1.0904517753649191e-05,0.011363438591474595,358
36061022400.0,36061022400.0,0.002890173410404624,0.0014675185809655442,1.9865126579593304e-05,0.009561817696965106,346
36061022600.0,36061022600.0,0.0,0.0009784851273212482,1.204874519283766e-05,0.0060051662331406285,204
36061022800.0,36061022800.0,0.0,0.0006828246298335683,7.985367490653982e-06,0.004368145215140234,292
36061023100.0,36061023100.0,0.0,0.0003424982336843014,7.139610630549586e-06,0.0020080303316426084,198
36061023400.0,36061023400.0,0.0,0.0008897613018445459,1.4040620027963899e-05,0.0053875996319345315,117
36061023502.0,36061023502.0,0.0,0.00028438546283156345,3.7194809314465203e-06,0.0017730595903062514,39
36061024301.0,36061024301.0,0.0,0.0006343938904856437,7.911310925870955e-06,0.00411224519258696,62
36061024900.0,36061024900.0,0.0,0.0006732890927050713,4.130192247694889e-06,0.004783733075832274,109
36061025500.0,36061025500.0,0.015360983102918587,0.06899984707079557,0.028118099352114616,0.1311135463894525,1302
36061026500.0,36061026500.0,0.008036739380022962,0.02483166747234713,0.0052314574591018955,0.06190603483879437,871
36061026700.0,36061026700.0,0.0,0.002095769130768235,5.306401172297037e-06,0.015228242962232443,46
36061026900.0,36061026900.0,0.0,0.0011804795615399347,1.1194221620431415e-05,0.007659575621898992,171
36061027100.0,36061027100.0,0.0,0.0014529906093928594,2.2201756046062066e-05,0.008925330484276543,192
36061029300.0,36061029300.0,0.0,0.0011629288398362406,4.460979146704703e-06,0.008194466718932505,280
36061029500.0,36061029500.0,0.0,0.0005002600083708518,2.468874675918526e-06,0.003533015479012578,86
36005000200.0,36005000200.0,0.0,0.0022581331720493663,1.2677660213701428e-05,0.01581924207341971,106
36005001600.0,36005001600.0,0.0,0.0008106315747860339,7.989956957759704e-06,0.00504537414730618,220
36005001904.0,36005001904.0,,0.09497290513388588,0.0004161872833961715,0.6248561319528465,0
36005002002.0,36005002002.0,0.0,0.00036408260437216066,3.7137629616907724e-06,0.002338202094191275,86
36005002300.0,36005002300.0,0.0,0.006408929050469609,0.00010649850856293445,0.036230264824687344,99
36005002500.0,36005002500.0,0.0,0.0022747800253925645,3.85206367878901e-05,0.013723233008588336,225
36005002701.0,36005002701.0,0.0,0.007020675857899535,3.7830406154209286e-05,0.04938415806966326,31
36005002702.0,36005002702.0,0.0,0.002821863967604662,8.526249692665848e-05,0.015176412773732897,176
36005003800.0,36005003800.0,0.0,0.0002629881862152919,4.612070464037487e-07,0.001888542160423794,52
36005003900.0,36005003900.0,0.0,0.002417170036490538,5.419288846183628e-05,0.012854242596131066,285
36005004001.0,36005004001.0,0.0,0.0021165421782364576,1.3500490848520144e-05,0.014005159719279467,70
36005004200.0,36005004200.0,0.0,0.0003697351141589274,1.0246013627007805e-05,0.001995835155790603,1573
36005004400.0,36005004400.0,0.0,0.001030809509828346,2.8522795094774747e-05,0.005744942021343372,344
36005004600.0,36005004600.0,0.0,0.00024007971262560873,2.4457307756590366e-06,0.0015068508504284205,281
36005004800.0,36005004800.0,0.0,0.001844044151186753,7.205806681379178e-05,0.009385541040116909,245
36005005001.0,36005005001.0,0.0,0.0012618912287337952,7.385975872612165e-06,0.00916842260046531,22
36005005002.0,36005005002.0,0.0,0.0015659466845701453,1.0044197092425426e-05,0.011099087855406541,47
36005005400.0,36005005400.0,0.0,0.006454996822628734,0.00015592030284965595,0.03496102032189004,121
36005006302.0,36005006302.0,0.0,0.001876701979501676,3.6062269611508223e-05,0.010638192843308795,289
36005006400.0,36005006400.0,0.029585798816568046,0.046711791239764974,0.003912214312796625,0.1427405857334911,169
36005006500.0,36005006500.0,0.0,0.002253471793894058,8.33187289675499e-05,0.010753239420969816,360
36005006800.0,36005006800.0,0.0,0.0012823704676698637,1.7259499809583575e-05,0.007761227406694811,175
36005007000.0,36005007000.0,0.0,0.0008833273229653788,8.759289959961515e-06,0.005825109022778387,81
36005007200.0,36005007200.0,0.0023923444976076554,0.005648877225800875,0.0002250770140708744,0.024487750201354616,418
36005007400.0,36005007400.0,0.0,0.0006470727559120459,3.281713278192981e-06,0.0044904464413444275,47
36005007600.0,36005007600.0,0.0,0.001032799793774947,1.558015450781779e-05,0.006385057529780176,139
36005007900.0,36005007900.0,0.0,0.0005036276771901677,1.3851399462237843e-05,0.002812430517573255,202
36005008400.0,36005008400.0,0.0,0.0004361969167922954,7.385878586761514e-07,0.0032337384764929145,89
36005008500.0,36005008500.0,0.0,0.0004965653841334438,1.1592645707455617e-05,0.0028621581329928564,215
36005008600.0,36005008600.0,0.0,0.0005701423749027869,1.8871254853184972e-06,0.004157090710206511,56
36005008700.0,36005008700.0,0.0,0.0009543392092127587,1.8122145778462984e-05,0.0057327501904547475,135
36005009200.0,36005009200.0,0.0,0.002115786803548217,5.8641528587279046e-05,0.011054615610180627,400
36005011702.0,36005011702.0,0.03278688524590164,0.06456020955141921,0.0027699041837601977,0.23397728656047148,61
36005011900.0,36005011900.0,0.0,0.0007615407686231831,1.542011773349458e-05,0.004522899586772217,238
36005012101.0,36005012101.0,0.0,0.0003650104460895174,7.632492211517033e-07,0.002780661934641019,118
36005012102.0,36005012102.0,0.0,0.0002618920120191074,1.6997876078811087e-06,0.001796737767484418,68
36005012500.0,36005012500.0,0.0,0.0008495006868991509,1.1371924537613336e-05,0.005286678036468404,103
36005012901.0,36005012901.0,0.0,0.0013464478105496185,2.8907816634034778e-05,0.007924994611341838,88
36005013000.0,36005013000.0,0.0,0.0004260646713418756,1.5814040954885783e-06,0.0029780470460144554,54
36005013100.0,36005013100.0,0.0,0.0007457019511515442,1.1042948744977527e-05,0.004742490228185688,137
36005013200.0,36005013200.0,0.0,0.0008769939309061095,2.8289564320419792e-06,0.006489236165048889,79
36005013300.0,36005013300.0,0.0,0.0013512847687058714,2.453383217662914e-05,0.00777916622376483,139
36005013500.0,36005013500.0,0.0,0.0007460204146908385,8.162939164089407e-06,0.004747995965828439,94
36005014400.0,36005014400.0,0.0,0.0016090510053418242,1.1861728069706924e-05,0.010917944328895117,165
36005014900.0,36005014900.0,0.0,0.0004879749299009073,8.537556174469747e-06,0.002811337640362552,112
36005015200.0,36005015200.0,0.0,0.00018704356582212775,1.867365181728649e-06,0.0012188352681906276,275
36005015300.0,36005015300.0,0.0,0.0006806092272874882,9.747201561483519e-06,0.004161771603513128,189
36005015800.0,36005015800.0,0.0,0.001035858527911152,5.664255675859801e-06,0.007345001347980102,140
36005016000.0,36005016000.0,0.0,0.0020919148475596473,1.9627362922226502e-05,0.013534451344930832,206
36005016200.0,36005016200.0,0.0,0.0011653776333366622,7.2102180340603935e-06,0.008313799482842586,68
36005016400.0,36005016400.0,0.0,0.0004339432314371166,4.291695481685216e-06,0.0028488067342859187,96
36005017100.0,36005017100.0,0.0,0.003925432871166911,5.196072122287953e-05,0.02439161512341265,19
36005017500.0,36005017500.0,0.0,0.004209869024856787,7.727135159060814e-05,0.024121412797181843,127
36005017901.0,36005017901.0,0.0,0.0006681953449581811,7.4285232537179405e-06,0.004545761735069238,49
36005017902.0,36005017902.0,0.018518518518518517,0.0033050791363944585,9.500317588826964e-06,0.026430987187273096,54
36005018101.0,36005018101.0,0.0,0.0013831882887265414,1.4240529495991768e-05,0.009409924986310839,67
36005018102.0,36005018102.0,0.0,0.0003906230088855492,2.769951799703047e-06,0.0026800365231971083,137
36005018302.0,36005018302.0,0.0,0.0007305307388792892,1.4133925495872614e-05,0.004353483266112607,107
36005018400.0,36005018400.0,0.0,0.0005295542117818131,3.100828495991202e-06,0.003785723730228191,238
36005019700.0,36005019700.0,0.0,0.0006745781924215611,1.5164862710163613e-05,0.003919515689526399,151
36005020200.0,36005020200.0,0.0,0.0013811070597760206,4.407696241559712e-06,0.010673750198261134,76
36005020400.0,36005020400.0,0.0045662100456621,0.0005199780118344408,8.709488285404947e-06,0.0033053433960180695,219
36005020601.0,36005020601.0,0.0,0.002053254224072011,2.9066721546766623e-05,0.013275175188544607,107
36005020900.0,36005020900.0,0.0,0.0009821509050352267,1.5858130470934183e-05,0.006023891303194553,153
36005021002.0,36005021002.0,0.0,0.0015700545384489603,1.7122093378820562e-05,0.009953112238169259,221
36005021301.0,36005021301.0,0.0,0.000253927547644863,4.054054143980621e-06,0.0015501798900350561,183
36005021302.0,36005021302.0,0.0,0.0008676006723952657,1.6434273635697836e-05,0.0050788019014233006,248
36005021501.0,36005021501.0,0.014285714285714285,0.0006322608293076773,3.897540449817299e-06,0.004345534079218184,70
36005021800.0,36005021800.0,0.0010976948408342481,0.004408125797180099,0.00032948008066486584,0.01563099335035495,911
36005021900.0,36005021900.0,0.0,0.0010812434943992244,1.2781294750501816e-05,0.006778324546358626,105
36005022101.0,36005022101.0,0.0,0.001189568264801835,1.8788449184693581e-06,0.008784197799993608,49
36005022102.0,36005022102.0,0.0,0.0012285111350599936,5.237466709582503e-06,0.009052586607384821,80
36005022300.0,36005022300.0,0.0,0.0008648457757235878,3.1127506589967477e-06,0.006235063190169401,100
36005022403.0,36005022403.0,0.0,0.0008134670727366928,1.928857795997312e-05,0.0046114699402084,243
36005022404.0,36005022404.0,0.014285714285714285,0.005693141635068122,1.1149915040102857e-05,0.04322650370655478,70
36005022500.0,36005022500.0,0.012658227848101266,0.007792646259301176,3.052533162306299e-05,0.047354618096893446,158
36005022702.0,36005022702.0,0.0,0.0009271683699756976,1.4622956608346125e-05,0.005574054419941196,219
36005022703.0,36005022703.0,0.0078125,0.0003225868306794824,1.3077780367046918e-06,0.0023517340873438794,128
36005022800.0,36005022800.0,0.0,0.0014161838003252387,2.0117868232511417e-05,0.008727790816261679,152
36005022902.0,36005022902.0,0.0,0.000177229170145647,2.0488273860706013e-06,0.0011294433118951516,194
36005023200.0,36005023200.0,0.0,0.001607648250384726,1.596017250838639e-05,0.010251155530195875,137
36005023301.0,36005023301.0,0.0,0.0003000057965865669,3.281146256353059e-06,0.001887611285560156,105
36005023600.0,36005023600.0,0.0,0.0015755556580392782,1.9177266216000768e-05,0.009777027963872599,63
36005023704.0,36005023704.0,0.0,0.0004158416635803187,3.0747228335747297e-06,0.0028299420539080033,64
36005023900.0,36005023900.0,0.0,0.00029957269397481594,3.7350186237450287e-06,0.0019079243786236317,117
36005024100.0,36005024100.0,0.0,0.0007491548396839639,1.3066183427035054e-05,0.004384473083147859,153
36005024300.0,36005024300.0,0.0,0.0012433545577834723,1.9898290448956446e-05,0.007523433668452564,113
36005024400.0,36005024400.0,0.0,0.000981006369686983,1.9507305811846676e-05,0.005789439287038258,127
36005024501.0,36005024501.0,0.0,0.0003293993495106041,6.518677287611839e-06,0.0019225441291414926,98
36005024502.0,36005024502.0,0.0,0.0008673193159286739,5.781583216140084e-06,0.006170444477166571,62
36005024600.0,36005024600.0,0.0,0.0011315830423620898,2.496378351488314e-05,0.006583476747115579,75
36005024800.0,36005024800.0,0.0,0.0010462408125792,2.5318514465664802e-05,0.005905586184399234,275
36005024900.0,36005024900.0,0.0,0.001449569507769555,1.513727456921477e-05,0.009510360152989401,57
36005025000.0,36005025000.0,0.0,0.0014515691472672054,2.0578478578443278e-05,0.009180948545903775,123
36005025100.0,36005025100.0,0.0,0.0003302756081506758,4.3988805309270986e-06,0.0020940580257813746,155
36005025200.0,36005025200.0,0.0,0.003659596437068859,7.164396037227645e-05,0.02163942504084652,109
36005025300.0,36005025300.0,0.0,0.0007149447832456633,8.040136212650948e-06,0.004588668916909658,101
36005025400.0,36005025400.0,0.0,0.0014129426269083286,8.117857120481812e-06,0.009622340532799417,106
36005026500.0,36005026500.0,0.0,0.0005005493365001128,1.5116148032383715e-05,0.0027112438511886837,216
36005026601.0,36005026601.0,0.012195121951219513,0.010632924894552292,1.7516658393928847e-05,0.07275222458302094,82
36005026602.0,36005026602.0,0.00558659217877095,0.0007008273701417624,7.023798534354384e-06,0.004778943920826031,179
36005026701.0,36005026701.0,0.0,0.0006806260576427887,7.492506847098563e-06,0.004393772785460647,85
36005026702.0,36005026702.0,0.0,0.0032188437353381986,4.7742145702983436e-05,0.018923680232908354,99
36005027300.0,36005027300.0,0.0,0.0025154495857234744,0.00010773038904847005,0.012141122095055494,350
36005027700.0,36005027700.0,0.003236245954692557,0.0071321545577521985,0.0001818897151924802,0.03213054729495563,309
36005027900.0,36005027900.0,0.0,0.004195488881650352,0.0001340641914179192,0.01983978137946978,342
36005028600.0,36005028600.0,0.0,0.0014416587565473623,2.202181778554954e-05,0.009095039847951646,92
36005028700.0,36005028700.0,0.0,0.01039797176629417,0.00020575631452805844,0.05639605310911543,73
36005028800.0,36005028800.0,0.0,0.0007268982929847358,1.4370952450377495e-05,0.004510576770730394,35
36005029600.0,36005029600.0,0.002176278563656148,0.0046863768040122196,0.00046930447515667066,0.016206341130739425,919
36005030000.0,36005030000.0,0.0,0.002903173413462265,1.9022555429468147e-05,0.018856030482314552,178
36005030100.0,36005030100.0,0.0,0.0032605298491565336,1.8638262176642433e-05,0.022699469740721418,45
36005030201.0,36005030201.0,0.0,0.0013785782989829145,1.8033910659364156e-05,0.008343356674733368,327
36005030701.0,36005030701.0,0.0,0.0021871912628100435,3.2971259724827135e-05,0.013446154548253625,65
36005030900.0,36005030900.0,0.02702702702702703,0.04483806322345053,0.0006139517235188926,0.21168925249845486,37
36005031200.0,36005031200.0,0.0,0.0019831376372527296,9.742819842358284e-06,0.014242328477878197,108
36005031400.0,36005031400.0,0.0,0.0013316276045767363,7.671792615449755e-06,0.009149641210030814,142
36005031600.0,36005031600.0,0.0,0.0007448533028492436,8.49795870323011e-06,0.004772233255954313,73
36005031800.0,36005031800.0,0.0,0.0009515353578666352,8.16395266786493e-06,0.006466983748027768,59
36005031900.0,36005031900.0,0.0,0.021287432779879423,8.031101146125811e-05,0.13842934212483804,37
36005032400.0,36005032400.0,0.0,0.001213432711432555,3.430349022742956e-05,0.006654323159831408,138
36005032600.0,36005032600.0,0.0,0.001038546528209635,1.9589704916406867e-05,0.006200229952071505,253
36005032800.0,36005032800.0,0.0,0.0010762764028489963,2.191727369186399e-05,0.006523166361921559,196
36005033000.0,36005033000.0,0.0,0.0009118762844805712,2.370562824538536e-05,0.005045119187696267,262
36005033201.0,36005033201.0,0.0,0.002136661060629717,1.5821769662590273e-05,0.014372498566946995,143
36005033202.0,36005033202.0,0.0,0.0018667055035253852,1.2407204945771288e-05,0.013621280723325399,40
36005033601.0,36005033601.0,0.0,0.0016154330747274908,1.5567770541026017e-05,0.010808252830955654,109
36005033602.0,36005033602.0,0.0,0.0014622581428731434,1.2295913908099897e-05,0.00963312675610759,22
36005033801.0,36005033801.0,0.0,0.002360041084412289,2.9571123175835656e-05,0.01502752582827946,60
36005033802.0,36005033802.0,0.0,0.000994929261289915,1.0688924299558754e-05,0.006611069388736498,21
36005034000.0,36005034000.0,0.0,0.001901661504604791,4.152735650050392e-05,0.011032325474200593,129
36005034200.0,36005034200.0,0.0,0.0005791473389922993,7.145918439291654e-06,0.0038134092753345774,203
36005034300.0,36005034300.0,0.0,0.002960755709042296,7.205983528870467e-06,0.02216183039929904,85
36005034400.0,36005034400.0,0.0,0.0009373615367745497,5.024875611021164e-06,0.006730136358734192,129
36005034800.0,36005034800.0,0.004201680672268907,0.0013783573227192925,2.354146509836972e-05,0.00815357609865328,238
36005035900.0,36005035900.0,0.0,0.0006937733656774525,1.2469943221780739e-05,0.0043096678431187455,221
36005036000.0,36005036000.0,0.0,0.0014808292344732732,3.0093796436280324e-05,0.00855586521424946,175
36005036300.0,36005036300.0,0.0,0.0003505139540673049,4.265656419083669e-06,0.0022237156812121303,188
36005036400.0,36005036400.0,0.0,0.002984817573820856,4.6115829508165744e-05,0.018122252096827687,96
36005036501.0,36005036501.0,0.0,0.000944904544506677,1.196660779256907e-05,0.0061369702673350155,60
36005036800.0,36005036800.0,0.0,0.0006938218248325553,8.471913206915817e-06,0.004417809187356262,85
36005036901.0,36005036901.0,0.0,0.0004249561830753767,7.986371344899295e-06,0.002437603617299839,117
36005036902.0,36005036902.0,0.0,0.0006379092690037468,4.413366958315808e-06,0.004439408965781771,91
36005037000.0,36005037000.0,0.0,0.0004599117704478724,4.67725687325768e-06,0.0029210949573157145,61
36005037100.0,36005037100.0,0.0,0.0011802266137113165,1.9163378215715426e-05,0.00734406106458786,129
36005037200.0,36005037200.0,0.0,0.0013144125300417488,2.396980911369271e-05,0.008137399810565884,174
36005037300.0,36005037300.0,0.0,0.0006751791194728361,5.041426468592287e-06,0.004683096464512071,175
36005037400.0,36005037400.0,0.0,0.0005056495687189988,1.2297475515536023e-05,0.002862547586726124,130
36005037504.0,36005037504.0,0.0,0.000571992817080136,4.160951160460085e-06,0.0039536457983358865,178
36005038200.0,36005038200.0,0.0,0.0002584171349462827,2.4782915136896467e-06,0.0016919323160189985,109
36005038301.0,36005038301.0,0.0,0.0003591269268701205,5.216020392476378e-06,0.002243591254692764,162
36005038600.0,36005038600.0,0.0,0.00047898813084816733,1.17753083936195e-05,0.002734895067732256,267
36005038700.0,36005038700.0,0.0,0.0006209325854343709,8.15379887063273e-06,0.003907012119839802,239
36005038800.0,36005038800.0,0.0,0.0008383857859169368,6.3660943513971215e-06,0.005756870248556351,94
36005039000.0,36005039000.0,0.0,0.0008427573376869155,1.0784266864279514e-05,0.005505980982832374,113
36005039100.0,36005039100.0,0.0,0.0005182572739130736,4.902752769387997e-06,0.0033932491020266654,179
36005039200.0,36005039200.0,0.0,0.0005691629935425168,4.679774947931458e-06,0.003774360913983335,63
36005039400.0,36005039400.0,0.0,0.0010004973016739217,8.02416301756392e-06,0.006762473574027076,69
36005039600.0,36005039600.0,0.0,0.002383908831786537,3.8077031314680634e-05,0.014263585689671532,164
36005039800.0,36005039800.0,0.0,0.0011419221239327526,1.672418254501987e-05,0.00691053926704258,143
36005040302.0,36005040302.0,0.0,0.000601920603239202,8.04715890338113e-06,0.0037178049952190585,149
36005040303.0,36005040303.0,0.0,0.0007809998953182288,7.848708825148698e-06,0.004989444704262736,140
36005040304.0,36005040304.0,0.0,0.0008953407526900409,1.045926488917668e-05,0.005673919158099493,150
36005040400.0,36005040400.0,0.0,0.0014236940191559302,2.255118868519694e-05,0.008492023463690579,104
36005040501.0,36005040501.0,0.0,0.00046022248079643634,5.370855876805673e-06,0.0029595752229056764,66
36005040502.0,36005040502.0,0.0,0.0006626538882914139,3.5445411414938462e-06,0.004965719979077949,108
36005040600.0,36005040600.0,0.0,0.0018710479071420995,2.751565209717029e-05,0.011297316076790236,122
36005040701.0,36005040701.0,0.0,0.0008374364556641229,8.929615680858972e-06,0.005459941210148668,128
36005040702.0,36005040702.0,0.0,0.0005456914098368605,1.8240058684277718e-05,0.00291091179080271,324
36005040800.0,36005040800.0,0.0,0.0006615029666545588,5.434872052406044e-06,0.00454837468443774,56
36005041500.0,36005041500.0,0.0,0.001606306186987014,2.3725023031177718e-05,0.009972735332220655,180
36005041900.0,36005041900.0,0.0,0.000976671475523597,2.9416539520814066e-05,0.0053093424827535965,476
36005042000.0,36005042000.0,0.0,0.000673324643409872,9.249230451955972e-06,0.004119787141390103,126
36005042200.0,36005042200.0,0.0,0.001484915762045846,2.70523467998824e-05,0.008837189604292741,88
36005042300.0,36005042300.0,0.0,0.0035838437232910436,8.154971530884269e-05,0.01928573219869541,189
36005042400.0,36005042400.0,0.0,0.0019088950647791836,1.8399195520375916e-05,0.012454476978982953,127
36005042800.0,36005042800.0,0.0,0.0030869154323872215,9.53682847560831e-06,0.02261055310436938,37
36005042902.0,36005042902.0,0.0,0.0015570987381152389,2.45000592549347e-05,0.009349143076741541,165
36005043000.0,36005043000.0,0.0,0.0022887816555005242,1.562623472067258e-05,0.015757531657347373,84
36005043101.0,36005043101.0,0.0,0.00219629562989767,7.675385526511082e-06,0.0154110447348572,21
36005043400.0,36005043400.0,0.006666666666666667,0.0011940734381272983,1.598294101031248e-05,0.007258077600226993,150
36005043600.0,36005043600.0,0.0,0.0010232945832863525,1.4836924143755116e-06,0.007661458245581777,77
36005044200.0,36005044200.0,0.0,0.0065299680933412745,1.516710328299274e-05,0.04614054060845985,96
36005044400.0,36005044400.0,0.0,0.0033845525259823773,1.644761031031163e-05,0.022436330347124313,162
36005044800.0,36005044800.0,0.0,0.001402939414638939,3.14582827508711e-06,0.010588587825175957,49
36005044901.0,36005044901.0,0.0,0.0030201240971491463,6.134710842650679e-06,0.022808102626084462,69
36005044902.0,36005044902.0,0.0,0.0011443743854455412,7.424002778662932e-06,0.007877084719986435,52
36005045600.0,36005045600.0,0.0019138755980861245,0.008917989181485888,0.0008670448445366807,0.027823425607312744,1045
36005045800.0,36005045800.0,0.0,0.0032878726501127326,5.364682817133406e-05,0.019319365900029212,126
36005046203.0,36005046203.0,0.0,0.00318304777951697,0.00014963390110603883,0.013887560129944972,575
36005046204.0,36005046204.0,0.0,0.004342409105502204,1.654260257284279e-05,0.031907250197540066,22
36005046206.0,36005046206.0,0.0,0.006831404874752926,2.132227058524039e-05,0.05121827382383716,6
36005046207.0,36005046207.0,0.0,0.0027681162107625118,4.247093918634991e-05,0.015506072876283502,273
36005046209.0,36005046209.0,0.013100436681222707,0.033090095199751535,0.002478349519001687,0.1059380863919018,229
36005048401.0,36005048401.0,0.0,0.0017708036040600306,2.9351639350991634e-05,0.010165399342227868,343
36005048402.0,36005048402.0,0.0,0.008377331569866036,6.350040247455424e-05,0.05668574382770131,24
36005050400.0,36005050400.0,0.002586206896551724,0.011192173640933029,0.001937600505230473,0.030662966672145093,1160
36081000200.0,36081000200.0,0.0,0.0014075282874041768,2.4724099449729087e-05,0.008514576253637907,223
36081000400.0,36081000400.0,0.0,0.0002270174990134379,2.5578824114310707e-06,0.0015163790505219544,230
36081000600.0,36081000600.0,0.0,0.00045392064848649716,5.017226601761957e-06,0.002934682196826111,398
36081000702.0,36081000702.0,0.0,0.0006748643464667416,1.3868906462909094e-05,0.003731587959397653,695
36081000800.0,36081000800.0,0.003968253968253968,0.004633128829072061,2.607714215349044e-05,0.028329061280476842,252
36081001000.0,36081001000.0,0.0,0.001957036737608286,1.8718452192040386e-05,0.01304039484804983,98
36081001200.0,36081001200.0,0.0,0.00045208361036317514,3.42575397181894e-06,0.00309730456185299,136
36081001600.0,36081001600.0,0.0,0.0001768012386373328,1.4665374478773119e-06,0.0011863080693830905,152
36081002400.0,36081002400.0,0.0,0.0014824989408572247,1.2477465600387456e-05,0.009569103749668007,156
36081002600.0,36081002600.0,0.0,0.0012418462670531762,1.546486855928679e-05,0.00771753873881844,113
36081002800.0,36081002800.0,0.007142857142857143,0.00235519986482818,1.4802614871721394e-05,0.016421454984090533,140
36081003000.0,36081003000.0,0.0,0.0007201623296107066,3.9265018668950345e-06,0.0050902822156919745,66
36081003100.0,36081003100.0,0.004246284501061571,0.0010972456326589887,4.4356096496728805e-06,0.009032994794650341,471
36081003200.0,36081003200.0,0.003067484662576687,0.0003187427785211053,3.6393528405997263e-06,0.0020067394679845023,326
36081003302.0,36081003302.0,0.0,0.0007462457288430737,1.762946589830108e-05,0.0039604481383290115,1182
36081003800.0,36081003800.0,0.0,0.0001588919395647784,2.4021484136303543e-06,0.000971932088733291,209
36081004001.0,36081004001.0,0.0,0.00028240547509267733,2.7126169472413415e-06,0.0018590072111888977,401
36081004002.0,36081004002.0,0.0,0.00028441909183151174,2.2949847307085557e-06,0.0020102733917733645,299
36081004200.0,36081004200.0,0.0,0.00015288440805614808,2.429881857950786e-06,0.0009666325048474939,387
36081004300.0,36081004300.0,0.0,0.0009166424539478696,4.281661353814231e-06,0.006424415814811415,234
36081004500.0,36081004500.0,0.002717391304347826,0.002716001986758035,4.1187687796094435e-05,0.014923780723497853,368
36081004700.0,36081004700.0,0.0024691358024691358,0.002419699662268019,9.372294977546835e-06,0.015877381302550488,405
36081005000.0,36081005000.0,0.0,0.0050869575019272025,1.6156636211687827e-05,0.03646807968357533,41
36081005100.0,36081005100.0,0.0,0.0005293345986515336,3.6861960882722e-06,0.003530149504473295,344
36081005200.0,36081005200.0,0.0,0.00041597536025776157,2.776955575061511e-06,0.0028588732965454835,216
36081005300.0,36081005300.0,0.0,0.00028188993219431595,5.996418229039559e-06,0.0016197223050913386,350
36081005500.0,36081005500.0,0.0,0.0004931269704367902,6.14650414135266e-06,0.0032810565689103555,266
36081005700.0,36081005700.0,0.0,0.0005710037115701418,5.4417631277091494e-06,0.0038526556388010303,457
36081006300.0,36081006300.0,0.0,0.0025609988975835753,8.407830228072395e-05,0.012983485169575917,356
36081006501.0,36081006501.0,0.0,0.0006958190295626684,3.993120953277631e-06,0.00508403225336502,189
36081006502.0,36081006502.0,0.0,0.0006628805781389504,1.488653782340583e-05,0.0038414539941701493,138
36081006900.0,36081006900.0,0.0,0.00016251601412535635,2.8075970207289445e-06,0.0009738137461547467,426
36081007100.0,36081007100.0,0.0,0.001007361460686239,1.5993961920949226e-05,0.005817686702985131,535
36081007300.0,36081007300.0,0.0,0.000991626252547087,1.75384728233993e-05,0.005985624182582428,223
36081007500.0,36081007500.0,0.0,0.0006216856788006849,1.0923388009902122e-05,0.0038260664684034444,213
36081007700.0,36081007700.0,0.0,0.004084530550109123,2.767362122346893e-05,0.02372465928641573,282
36081007900.0,36081007900.0,0.0038314176245210726,0.00900806291208764,0.00013113919750198474,0.04264822497141101,261
36081008300.0,36081008300.0,0.0,0.0006154241541568668,1.1146073529090055e-05,0.0034931120310189284,315
36081008500.0,36081008500.0,0.0,0.0016388886726532,2.207718920785753e-05,0.009531635534514329,394
36081009400.0,36081009400.0,0.0,0.0006276416818802306,8.24845094035151e-06,0.003928332959738475,127
36081009500.0,36081009500.0,0.0,0.00032636222830506806,3.2864426776664046e-06,0.0021428121965938345,592
36081009600.0,36081009600.0,0.0,0.0018975049058914636,1.39676538057074e-05,0.012766551397678424,221
36081009700.0,36081009700.0,0.0,0.0005241904100669951,1.9518417024457388e-06,0.0037969404491568267,132
36081009800.0,36081009800.0,0.0,0.00038252359040926587,6.64851514355928e-06,0.0024208478139410034,177
36081010000.0,36081010000.0,0.0,0.0022474518764554656,4.685089853711639e-05,0.012736064536577411,194
36081010100.0,36081010100.0,0.0,0.00022090971768779467,6.775248864809296e-07,0.0015520320501899892,99
36081010200.0,36081010200.0,0.0,0.0003688623705600194,3.2996825072746573e-06,0.0024404170014682494,194
36081010300.0,36081010300.0,0.0,0.0020175123020158923,1.4484763898703739e-05,0.013296247660529687,145
36081010400.0,36081010400.0,0.0,0.0007633982274912868,9.250815987336009e-06,0.004879723324558028,173
36081010500.0,36081010500.0,0.0,0.0021179695506699852,4.464822639944906e-06,0.016465631817037234,86
36081010800.0,36081010800.0,0.0,0.001220274375410538,1.6952636130954674e-05,0.00778996429425077,160
36081011000.0,36081011000.0,0.0,0.002137745423999752,4.0489025194455156e-05,0.01255687045145862,168
36081011100.0,36081011100.0,0.0,0.0015150101609891632,4.480762151188961e-06,0.011636525778496372,112
36081011200.0,36081011200.0,0.0,0.00047077155065471354,1.2503566245728455e-05,0.0025520099285939956,199
36081011300.0,36081011300.0,0.0,0.00035316980283182513,3.366978560835707e-06,0.0023448193265917577,95
36081011400.0,36081011400.0,0.0,0.00015967275329633086,1.840694191274462e-06,0.0010833154982071611,120
36081011500.0,36081011500.0,0.0,0.000584618182997498,4.238586871042318e-06,0.003911917299033011,128
36081011600.0,36081011600.0,0.0,0.0001597190530891073,1.314604864342759e-06,0.0010681806486535945,120
36081011700.0,36081011700.0,0.013333333333333334,0.001620256247383324,6.950567347964554e-06,0.01367303082702259,150
36081011800.0,36081011800.0,0.0,0.0006437359636464547,9.857626398901738e-06,0.004072858626117537,184
36081011900.0,36081011900.0,0.0,0.0012072272958630799,7.050825286676589e-06,0.008465067212913412,84
36081012000.0,36081012000.0,0.0,0.0006547732066759989,1.7473150335299622e-05,0.003627858015739239,248
36081012100.0,36081012100.0,0.0,0.0010873805812755314,7.3403412905580375e-06,0.007601728120476155,117
36081012200.0,36081012200.0,0.0,0.0013571861712658748,2.5018121343773808e-05,0.007911471559164086,432
36081012400.0,36081012400.0,0.0,0.001312945005928616,1.822559997273254e-05,0.008349295670028824,183
36081012601.0,36081012601.0,0.0,0.0013023842751805116,1.8745341658613782e-05,0.008354407698939826,125
36081012602.0,36081012602.0,0.0,0.00047611689367115596,4.157741772864465e-06,0.0032048786068553724,83
36081012800.0,36081012800.0,0.0,0.0013288239363872221,1.2896233680882799e-05,0.00893263919353513,132
36081013200.0,36081013200.0,0.0,0.0006193390343376435,8.924871260296349e-06,0.0037920467335851365,261
36081013400.0,36081013400.0,0.0,0.0010586942180365554,1.9219053514420654e-05,0.006466083412495094,282
36081013500.0,36081013500.0,0.0,0.001817739944439968,1.8491026351604627e-05,0.011812621624139942,87
36081014000.0,36081014000.0,0.0,0.0011265636280472792,2.3663647344224303e-05,0.006453920854376894,205
36081014201.0,36081014201.0,0.0,0.0017671599214066067,1.9988670082986212e-05,0.011112260057478639,187
36081014300.0,36081014300.0,0.0,0.0011098952934297962,1.440918822414354e-05,0.007291521496297359,236
36081014500.0,36081014500.0,0.0,0.002367951293831247,2.364132313885159e-05,0.015443232230911373,125
36081014700.0,36081014700.0,0.0,0.00031957302139208583,9.439408087566627e-06,0.0018389030953745666,182
36081014800.0,36081014800.0,0.0,0.001087982936407966,1.957694141768913e-05,0.006682726940376387,182
36081014900.0,36081014900.0,0.0,0.00028624225433133114,3.596783663907305e-06,0.001801802361063893,169
36081015000.0,36081015000.0,0.0,0.004149062469658707,9.064583812196411e-05,0.02356690121220788,118
36081015100.0,36081015100.0,0.0,0.0018824870970463987,2.8689194773569905e-05,0.01120490500391236,198
36081015200.0,36081015200.0,0.010113780025284451,0.0315943745919011,0.008007942424456793,0.0744727270204773,791
36081015300.0,36081015300.0,0.0,0.000586664702579328,5.374442681036734e-06,0.0038926017151286706,200
36081015400.0,36081015400.0,0.0,0.0012481893367099867,1.433737407328122e-05,0.008106326408780073,120
36081015600.0,36081015600.0,0.0,0.0027699334637639713,6.305314515574399e-05,0.01519025979183411,209
36081015700.0,36081015700.0,0.0,0.0002187633705759482,4.070054694275852e-06,0.0013747534373146448,322
36081015801.0,36081015801.0,0.0,0.0017357652339945132,6.975013258789525e-05,0.008276810793273194,695
36081015802.0,36081015802.0,0.0,0.001261753556620818,2.0486116804190875e-05,0.007882496474237341,164
36081016100.0,36081016100.0,0.0,0.000508144114529746,1.825404795740332e-06,0.0036424180053857007,333
36081016400.0,36081016400.0,0.0,0.001205552452634965,8.011026246523059e-06,0.008483769245041281,116
36081016800.0,36081016800.0,0.0,0.000819189490429998,1.5890186078313645e-05,0.00490471088069686,217
36081016900.0,36081016900.0,0.0,0.0013365753320535847,2.710187277263289e-05,0.007818762649651827,186
36081017000.0,36081017000.0,0.0,0.0029095989643570116,5.6414992991791135e-05,0.01561273538336125,295
36081017200.0,36081017200.0,0.005376344086021506,0.0016063091624104494,1.2925773286682328e-05,0.010937225319777887,186
36081017400.0,36081017400.0,0.0,0.0011900457643902636,1.4542911599352529e-05,0.007632000623195298,265
36081017600.0,36081017600.0,0.003003003003003003,0.0005870993389511151,8.30913855140764e-06,0.0036392393568826383,333
36081017800.0,36081017800.0,0.004310344827586207,0.000552893788487695,8.667870644632905e-06,0.0034405903064006742,232
36081017901.0,36081017901.0,0.0,0.0004284341656889994,2.4018033863775084e-06,0.0029525953911590684,390
36081017902.0,36081017902.0,0.0015544041450777201,0.0021680687985651927,3.696421268089905e-05,0.009879985070732119,1930
36081018000.0,36081018000.0,0.0,0.0003662923589559321,4.2155656085912905e-06,0.0023603832830363506,185
36081018101.0,36081018101.0,0.0,0.0004280590031285361,2.16473848679817e-06,0.003028736387678665,289
36081018102.0,36081018102.0,0.0,0.00048611871643209703,3.161251121566268e-06,0.0033866211781862243,370
36081018200.0,36081018200.0,0.0028089887640449437,0.0010187825939965204,7.774656557756005e-06,0.00675770785418467,1068
36081018300.0,36081018300.0,0.0,0.0004925759831684474,9.17421333039858e-06,0.0029326664546269693,501
36081018401.0,36081018401.0,0.0,0.0018869593954383942,2.3241343407047444e-05,0.011683991368640623,115
36081018402.0,36081018402.0,0.0,0.0021558182116943317,2.725398497496061e-05,0.013406038343768434,166
36081018501.0,36081018501.0,0.0,0.0010924648134198137,6.550785665765014e-06,0.007693526386193424,111
36081018502.0,36081018502.0,0.0,0.0004286170709420805,5.348718040807311e-06,0.0029259326624826226,105
36081018600.0,36081018600.0,0.0,0.0016877409696695492,4.111604908320372e-05,0.009278859215179437,348
36081018700.0,36081018700.0,0.00048449612403100775,0.0016788683303148443,6.35336556461778e-05,0.007046293924050109,2064
36081018800.0,36081018800.0,0.0,0.0008853167484508181,1.4881244791553668e-05,0.005211626543611458,507
36081018900.0,36081018900.0,0.0,0.0005609863641147264,1.2914039041911282e-05,0.0031718944098191077,404
36081019000.0,36081019000.0,0.0,0.0009425678649440119,2.3250088539889128e-05,0.0054385686852618225,169
36081019200.0,36081019200.0,0.0,0.0018593624146717473,5.1685054194227215e-05,0.00940760930593785,697
36081019400.0,36081019400.0,0.0013736263736263737,0.002048774244941345,9.580528015694056e-05,0.008905603288761896,1456
36081019600.0,36081019600.0,0.0,0.0013132811102425364,3.430420958491329e-05,0.007585285943759952,194
36081019800.0,36081019800.0,0.0,0.0008156289538371082,8.614495400536194e-06,0.005272613894949735,191
36081019901.0,36081019901.0,0.0,0.0008836000127051106,2.3598258457886176e-05,0.0043318574194161664,1755
36081019902.0,36081019902.0,0.003230272265805261,0.01026535745975042,0.002586159069444131,0.02440625420525461,2167
36081020200.0,36081020200.0,0.0,0.0009748412705631715,3.7210424380191915e-05,0.0044934222019609275,1453
36081020400.0,36081020400.0,0.0,0.002936707146245972,9.054472882774314e-05,0.014851853072025144,357
36081020600.0,36081020600.0,0.0,0.0012858560717819028,2.137940598729686e-05,0.007193669661822441,614
36081020800.0,36081020800.0,0.0008012820512820513,0.0014748673462777475,5.865938092927229e-05,0.0062289424512768,2496
36081021200.0,36081021200.0,0.0006747638326585695,0.0036876212807129263,0.0002774123071200742,0.013134225460038073,1482
36081021400.0,36081021400.0,0.0,0.0006291620582857406,2.9168233314277e-05,0.002969860559590698,2205
36081021602.0,36081021602.0,0.0,0.00019141603635157735,3.6588893727304997e-06,0.0011829122215848997,506
36081021603.0,36081021603.0,0.0,0.001967717735570563,7.406415372365398e-05,0.009315785509360465,667
36081022002.0,36081022002.0,0.001430615164520744,0.0005261003557700448,1.1507384743211735e-05,0.003221048939368278,699
36081023000.0,36081023000.0,0.0,0.0007351986456392411,1.0250304380148619e-05,0.004545579523470627,175
36081023200.0,36081023200.0,0.0,0.0008204981561638409,5.509266861229859e-06,0.00564960825833184,288
36081023501.0,36081023501.0,0.0,0.000628964660183206,7.578660320848133e-06,0.004096685219670032,307
36081023502.0,36081023502.0,0.0,0.00023749840955654183,2.5160050815013514e-06,0.001600237757261288,148
36081023600.0,36081023600.0,0.0,0.0016705551080203587,3.477797968189487e-05,0.009285762781631771,398
36081023800.0,36081023800.0,0.0,0.0007380008936321189,5.923245242940325e-06,0.004865568223202316,371
36081024000.0,36081024000.0,0.0,0.0011765900985578504,3.39315329868381e-05,0.006272407767336654,331
36081024600.0,36081024600.0,0.0,0.003964087741159749,0.00023531920468924624,0.01662549297937802,495
36081025100.0,36081025100.0,0.0,0.00035834696157905813,9.64750060430511e-06,0.0019891088997420637,625
36081025301.0,36081025301.0,0.0,0.0007812705429476553,7.359265842289659e-06,0.005041573099528031,539
36081025302.0,36081025302.0,0.0,0.00021741323451421378,1.3276034007115956e-06,0.0014720554323695233,446
36081025401.0,36081025401.0,0.012552301255230125,0.0243435107843301,0.0002315052718181971,0.0932741446666604,239
36081025402.0,36081025402.0,0.0035087719298245615,0.011380494268744185,0.00044688595683139737,0.04590354301289658,285
36081025500.0,36081025500.0,0.0,0.0007709761508345197,2.3542514816000664e-05,0.004332030836465363,299
36081025700.0,36081025700.0,0.0,0.0012442766338983037,2.3566545781914733e-05,0.007612050576320392,236
36081025800.0,36081025800.0,0.0,0.00506040022582088,7.759277755267539e-05,0.028940129486748293,119
36081025900.0,36081025900.0,0.0,0.0012672490319216485,1.520074064207801e-05,0.007761265598503593,274
36081026000.0,36081026000.0,0.0,0.003933156120761224,6.272451164520314e-05,0.022541826155602976,107
36081026200.0,36081026200.0,0.0,0.0010240881254441698,1.0582166549908831e-05,0.006496011438337977,188
36081026400.0,36081026400.0,0.0,0.0014758930493400054,3.181981892100365e-05,0.008534038015132384,114
36081026600.0,36081026600.0,0.0,0.003585467296003227,2.734162172758921e-05,0.023703895209765232,115
36081026700.0,36081026700.0,0.0,0.0007549152899888306,2.1752692274980912e-05,0.0039295533312792424,625
36081026901.0,36081026901.0,0.0,0.00023259045798476415,3.6059921395835013e-06,0.0013916583327426041,226
36081026902.0,36081026902.0,0.0,0.0001398196557688286,1.171179027698406e-06,0.0009400908566356215,115
36081027000.0,36081027000.0,0.0,0.0015559390261721297,2.022976634083774e-05,0.00945445967487952,141
36081027101.0,36081027101.0,0.0,0.00033675394383136925,3.955837221407959e-06,0.0021565261196594544,85
36081027102.0,36081027102.0,0.0,0.000780988943124922,6.11683940701596e-06,0.005375272642813467,75
36081027200.0,36081027200.0,0.0,0.0003044518974479548,2.8042412334070863e-06,0.002037269935879781,79
36081027301.0,36081027301.0,0.0,0.00040069119005873476,5.506205107663314e-06,0.002565341995036637,69
36081027302.0,36081027302.0,0.0,0.00047422194302041613,7.249704506823972e-06,0.0029519174536932857,191
36081027400.0,36081027400.0,0.011111111111111112,0.0020511553688882813,2.0869162381575928e-05,0.013855801375211628,90
36081027500.0,36081027500.0,0.0,0.0005405533900797476,1.5277393747400393e-05,0.003029013591978914,182
36081027600.0,36081027600.0,0.0,0.0026416021723295767,3.364824410388726e-05,0.017159874898582155,110
36081027701.0,36081027701.0,0.0,0.001007956269236847,6.707011943559163e-06,0.006783325715814011,70
36081027702.0,36081027702.0,0.0,0.0010129672138699246,7.954742759058494e-06,0.0068403771852492395,110
36081027800.0,36081027800.0,0.0,0.0021521796878747755,1.8578160084666406e-05,0.013735773499813515,86
36081027900.0,36081027900.0,0.0,0.0006439336549549064,8.811785849969968e-06,0.003996248771706397,248
36081028000.0,36081028000.0,0.0,0.0013134532324873551,2.2860224899963827e-05,0.008074286949309116,119
36081028100.0,36081028100.0,0.0,0.0006070677254135836,6.3205845853260064e-06,0.003981628968823915,180
36081028200.0,36081028200.0,0.0,0.0006863562403641456,4.784094496667108e-06,0.004764918507386114,64
36081028300.0,36081028300.0,0.0,0.0005150267104064051,7.915772604179072e-06,0.003107447898090339,229
36081028400.0,36081028400.0,0.0,0.003583985818897074,7.115602965405148e-05,0.020741211462070166,167
36081028500.0,36081028500.0,0.0,0.0012138742137838563,1.187542892097324e-05,0.007843966695216885,198
36081028700.0,36081028700.0,0.0,0.00106637952510488,8.678117210957712e-06,0.006773481618071717,425
36081028801.0,36081028801.0,0.0,0.0004240805583530387,2.762047611693993e-06,0.003017161601146991,35
36081028802.0,36081028802.0,0.0,0.000804300999214103,5.839728248586869e-06,0.005490658110456016,95
36081028900.0,36081028900.0,0.0,0.0006498347127446646,6.219830721655048e-06,0.004156228649840862,320
36081030903.0,36081030903.0,0.0,0.0015977929667463009,6.626783856821027e-05,0.007635491274399502,460
36081032700.0,36081032700.0,0.0,0.0008381612403677828,1.3123888345530066e-05,0.005215809389932571,219
36081032800.0,36081032800.0,0.0048543689320388345,0.0022138283435438554,1.7609673105446787e-05,0.015043092979524402,206
36081033000.0,36081033000.0,0.0,0.0008162360694823097,2.48628746851279e-05,0.004333111896596286,502
36081033401.0,36081033401.0,0.0,0.0022966908022127907,6.960734166563766e-05,0.01190183114916016,201
36081033403.0,36081033403.0,0.0,0.006360508389389832,5.0502001171731676e-05,0.042690013224871114,53
36081033404.0,36081033404.0,0.0,0.00633580523188841,3.813409099168219e-05,0.0464189958466958,26
36081033405.0,36081033405.0,0.0,0.0031264586171301763,1.6409160180715102e-05,0.021186834043295626,124
36081033700.0,36081033700.0,0.0,0.0010722823595290748,1.329970532080095e-05,0.006707768357854526,208
36081033900.0,36081033900.0,0.0,0.00180740878796736,3.912091773169073e-05,0.010543845966087567,170
36081035100.0,36081035100.0,0.0,0.0016441251983704461,3.920738635771075e-05,0.009189129654405128,235
36081035200.0,36081035200.0,0.0,0.0010696918378188915,2.3533671349499342e-05,0.00596320232387646,337
36081035300.0,36081035300.0,0.0,0.00038280934939000354,7.5233651997407594e-06,0.0022478260083267734,248
36081035800.0,36081035800.0,0.0,0.0008066509288403397,1.2525951547497912e-05,0.004861253836122773,155
36081036100.0,36081036100.0,0.0,0.0005724370668652817,1.0469502783249419e-05,0.0035822404483319983,200
36081036300.0,36081036300.0,0.0,0.0013897257792968173,1.061048873195307e-05,0.009523653300250326,126
36081036500.0,36081036500.0,0.0,0.00023478672664189575,2.1754455056991107e-06,0.0015975860779503157,186
36081036600.0,36081036600.0,0.0,0.0013222092078509237,3.2924740757635324e-05,0.007422915917192511,226
36081036700.0,36081036700.0,0.0048543689320388345,0.0007099040971971868,3.4696326813920984e-06,0.0055208089256261975,206
36081036800.0,36081036800.0,0.0,0.0030687723441135076,1.3658752392446945e-05,0.021135757689505333,111
36081037501.0,36081037501.0,0.0,0.0006529810836796454,9.167397555195641e-06,0.00429237771840337,79
36081037502.0,36081037502.0,0.0,0.00010008562657524491,2.4602194452430314e-06,0.0005610535291504835,92
36081037600.0,36081037600.0,0.0,0.002810753585718434,9.434896589120106e-05,0.013280392099960014,387
36081037700.0,36081037700.0,0.0,0.00014837908021460107,2.2026430543050072e-06,0.0009809261990843966,154
36081037900.0,36081037900.0,0.0,0.00015363945715409757,2.203204831069299e-06,0.0009684972755377905,236
36081038301.0,36081038301.0,0.005695687550854353,0.024403660435030408,0.006869267197999839,0.055391222949937466,1229
36081038400.0,36081038400.0,0.0,0.0012137114717739,2.077427791496814e-05,0.007450934697540228,164
36081039400.0,36081039400.0,0.0,0.0020129560165092204,1.6189516920439023e-05,0.013307714613994838,165
36081039800.0,36081039800.0,0.0,0.002454994357715789,4.21737246101014e-05,0.014571641655672858,94
36081039901.0,36081039901.0,0.0,0.0013653640068379779,9.617843752519551e-06,0.009199914231763105,153
36081039902.0,36081039902.0,0.0,0.002230213548981061,1.3351661924261144e-05,0.015027297401767793,59
36081040000.0,36081040000.0,0.0,0.002071943253663436,2.2688246245918682e-05,0.013137856196326143,57
36081040101.0,36081040101.0,0.0,0.0004292007282379062,4.398704352195816e-06,0.002882061132538499,106
36081040200.0,36081040200.0,0.01694915254237288,0.011584959552520181,8.120896440101787e-05,0.06943467699370673,59
36081040301.0,36081040301.0,0.0,0.0004949651868996194,5.729614651809753e-06,0.003326521182277655,92
36081040302.0,36081040302.0,0.0,0.00027397440907300243,2.5371511628387974e-06,0.0018824424504621168,89
36081040400.0,36081040400.0,0.0,0.005291210455384335,0.00010557029243147615,0.03041679997799522,120
36081040501.0,36081040501.0,0.0,0.0001400269812394744,1.7100067507062671e-06,0.0009281567197792006,60
36081040502.0,36081040502.0,0.0,0.0004986350171716463,2.3782631493325195e-06,0.0035865548905975124,29
36081040701.0,36081040701.0,0.0,5.505701349843539e-05,4.7352489676007405e-07,0.0003850400834598232,59
36081040702.0,36081040702.0,0.0,0.0005868223552764766,6.379958388908084e-06,0.0038975682285613033,67
36081041100.0,36081041100.0,0.0,0.0011405634147165884,2.726459138849041e-05,0.006324075220899469,209
36081041300.0,36081041300.0,0.0,7.468329590214787e-05,1.4078027186226666e-06,0.00043539014203729335,86
36081041400.0,36081041400.0,0.0,0.005140553342290299,0.0001401100169346581,0.027067956721160944,186
36081041500.0,36081041500.0,0.0,0.0012821434510031718,2.1268703865259304e-05,0.00815162265237738,58
36081042700.0,36081042700.0,0.0,0.00016749494239895967,1.3279309934058744e-06,0.0010664726398052769,90
36081043701.0,36081043701.0,0.0017391304347826088,0.0005294008008387995,7.911955922717908e-06,0.0032479332574034563,575
36081043702.0,36081043702.0,0.0,0.00029357962454161816,4.537585832737231e-06,0.0017936793965849444,470
36081043900.0,36081043900.0,0.0,5.414412242419948e-05,5.689948712671355e-07,0.00036372159835379756,98
36081044000.0,36081044000.0,0.0,0.0018953226816725646,1.620480272161264e-05,0.011913829831365196,288
36081044301.0,36081044301.0,0.0,0.0003346243158902015,3.243497576587312e-06,0.0022792694467438463,94
36081044302.0,36081044302.0,0.0,0.000654702083322431,1.1337964423021707e-05,0.004015183724563735,259
36081044400.0,36081044400.0,0.0031120331950207467,0.008392401863737254,0.0012146691803294344,0.02492410132309849,964
36081044601.0,36081044601.0,0.0,0.001281207306414425,2.292426247835173e-05,0.007700120336094428,251
36081044602.0,36081044602.0,0.0,0.0030042811042246004,8.620440733328784e-05,0.014593384715890926,432
36081044800.0,36081044800.0,0.0,0.0013553802938043266,1.6521006271861055e-05,0.008481164210106567,136
36081045000.0,36081045000.0,0.0,0.0008926723312032734,1.101870362817905e-05,0.005668887113563379,262
36081045600.0,36081045600.0,0.0019455252918287938,0.004157665408827933,9.163902349218031e-05,0.01958520005249767,514
36081045700.0,36081045700.0,0.0,0.00044191386600336065,2.166917341881615e-06,0.003204491708878495,180
36081045900.0,36081045900.0,0.0,7.398813542164612e-05,6.226592133881005e-07,0.0004981416481820251,161
36081046000.0,36081046000.0,0.0022935779816513763,0.0038791343403287003,0.0001436859563973713,0.01762939960996863,436
36081046100.0,36081046100.0,0.0,7.429115096822499e-05,5.31154978386239e-07,0.00048677626122465396,114
36081046400.0,36081046400.0,0.005780346820809248,0.013075588572301473,0.0007695588329094708,0.04824669500350004,346
36081046500.0,36081046500.0,0.0,0.0003665425136231173,5.699717859587936e-06,0.002303000795048847,75
36081046700.0,36081046700.0,0.0,0.00026294739252122427,2.9903267441928508e-06,0.0016541918600407812,151
36081046800.0,36081046800.0,0.0,0.0043249031837830475,0.00011095622186023484,0.02168897398514658,312
36081046901.0,36081046901.0,0.0,0.000774428973624264,7.0324371940509785e-06,0.005061844639247596,94
36081046902.0,36081046902.0,0.0,0.0003639476075780982,4.549184970183463e-06,0.0022696630611610275,78
36081047000.0,36081047000.0,0.0,0.006759408392307883,0.00019254536854376467,0.03384881629054107,222
36081047300.0,36081047300.0,0.001049317943336831,0.003381727011263728,0.00010887341210720315,0.014237147396150408,953
36081047801.0,36081047801.0,0.0,0.0034558621860616796,8.249320569775893e-05,0.018931231852978944,155
36081047802.0,36081047802.0,0.0,0.005484789531938728,9.36023509291416e-05,0.03034952165913714,171
36081048000.0,36081048000.0,0.0,0.004569850412196664,0.00015257506222807958,0.021767060055866733,305
36081048100.0,36081048100.0,0.0,0.0008524478899157147,1.0602604069841827e-05,0.0054745279027184944,218
36081048200.0,36081048200.0,0.003246753246753247,0.008184738709726514,0.00030350940731639457,0.036450716503850414,308
36081048400.0,36081048400.0,0.0,0.003707269010174953,0.00011707838164934256,0.018171377685380182,305
36081049201.0,36081049201.0,0.0016286644951140066,0.0034904330776878096,0.00010894422103322387,0.015904711009254266,614
36081049202.0,36081049202.0,0.0,0.0017921401873603625,3.82051288404014e-05,0.010667175772191138,153
36081049301.0,36081049301.0,0.0,0.0008955214335241091,9.05632315474618e-06,0.005923906584094597,131
36081049302.0,36081049302.0,0.0,0.00015817317319708672,3.4366308378713485e-06,0.0009317502807647849,547
36081049500.0,36081049500.0,0.0,0.00015696329452822555,2.9558056837508453e-06,0.0009252127026439747,1718
36081049600.0,36081049600.0,0.0,0.0012622670361337352,2.4164880088362015e-05,0.007662595124141793,188
36081049700.0,36081049700.0,0.0,0.0010276905840909379,6.6621399454904216e-06,0.007173430165557366,90
36081050202.0,36081050202.0,0.0,0.00308657694651188,4.925761187696909e-05,0.019124048326797444,87
36081050400.0,36081050400.0,0.0,0.003885503531362421,6.889486611524163e-05,0.02366147041772281,68
36081050600.0,36081050600.0,0.0,0.00563730930303721,8.057556798257267e-05,0.033754714627943896,74
36081050800.0,36081050800.0,0.0,0.0006451662846810003,1.1767036130723924e-05,0.0038593510100439006,97
36081051000.0,36081051000.0,0.0,0.000508865186062481,1.0092841321506649e-05,0.003089612187432334,68
36081051200.0,36081051200.0,0.004016064257028112,0.0008039888646172114,1.7174799726123403e-05,0.005017127782253685,249
36081051600.0,36081051600.0,0.0,0.0027207030604698367,4.264249313281251e-05,0.016625078065620504,79
36081051800.0,36081051800.0,0.0,0.004418737801229179,7.082432190004477e-05,0.02747726510816861,55
36081052000.0,36081052000.0,0.0,0.0030595252331634642,2.064658601517e-05,0.020761220699099605,94
36081052100.0,36081052100.0,0.0,0.0011879682151153717,1.3106458957095388e-05,0.007962753743519464,171
36081052200.0,36081052200.0,0.0,0.002134948176560984,3.441840442917175e-05,0.013354226073569639,56
36081052400.0,36081052400.0,0.0,0.00592858897836713,8.065096115868398e-05,0.0370320063795969,49
36081052600.0,36081052600.0,0.0,0.0016250015002735984,1.3028727229276779e-05,0.011292427709436057,85
36081052800.0,36081052800.0,0.0,0.0015598703948436381,2.4409873947500766e-05,0.009825292783835905,75
36081053000.0,36081053000.0,0.0,0.0010805988265865374,2.135321705528674e-05,0.006487350787546827,145
36081053200.0,36081053200.0,0.0,0.001370466974149814,2.0980671719219953e-05,0.008485244481953902,93
36081053601.0,36081053601.0,0.01282051282051282,0.031491627879571715,0.0006258829918944557,0.14077672666210497,78
36081053800.0,36081053800.0,0.0,0.0012655152600154005,9.815738767615149e-06,0.009041000086946643,51
36081053901.0,36081053901.0,0.0,0.0016322390734757474,7.708884199351392e-05,0.007667553269361136,553
36081053902.0,36081053902.0,0.0,0.005263237415595629,8.272192714536326e-05,0.030719426151370344,101
36081054000.0,36081054000.0,0.0,0.0013293516796783567,2.671370835857401e-05,0.0076120515360524835,349
36081054200.0,36081054200.0,0.0,0.0006900397536346444,1.3767169815765622e-05,0.00391633196301411,398
36081054500.0,36081054500.0,0.0,0.0004109605230345757,3.1648702561142623e-06,0.002858522663402167,174
36081054700.0,36081054700.0,0.0,0.0006088858343630599,4.683886710483631e-06,0.0041982600491049776,225
36081054800.0,36081054800.0,0.0,0.0017548536532189338,1.9439646007871523e-05,0.011338683259568936,190
36081054900.0,36081054900.0,0.0,0.0003196696047270946,2.903562237947031e-06,0.0021325871819048593,284
36081055100.0,36081055100.0,0.0,0.000389135049284251,3.7595123769603373e-06,0.0025887009304639817,325
36081055300.0,36081055300.0,0.0,0.0004893910907958866,1.886463839100482e-06,0.0034052298935295247,151
36081055400.0,36081055400.0,0.0,0.0014839065824335449,1.07996344779888e-05,0.009855731237155746,91
36081055500.0,36081055500.0,0.0,0.00045802016931141977,4.63834436774638e-06,0.003055740283036765,185
36081055600.0,36081055600.0,0.0,0.0013929008833562318,7.511010575283682e-06,0.009589849616883596,23
36081055700.0,36081055700.0,0.0,0.00029644884738592043,6.096766326360474e-06,0.0017283437529325165,273
36081055800.0,36081055800.0,0.0,0.0005961635164964337,2.1875386912828316e-06,0.0040760861367243675,19
36081055900.0,36081055900.0,0.0,0.0003752988011452178,6.0462886551469975e-06,0.002255919321497499,246
36081056100.0,36081056100.0,0.0012531328320802004,0.0025390297632599864,0.00032483875215229643,0.007954902427389847,3192
36081056200.0,36081056200.0,0.0,0.0008932087387789032,2.4741592764260394e-06,0.006803534175716574,47
36081056500.0,36081056500.0,0.0,0.0004458939716071194,1.4811034685505868e-06,0.0032130943112860036,256
36081056600.0,36081056600.0,0.0,0.0006048546805525999,2.613963090199023e-06,0.004308738625583821,107
36081056700.0,36081056700.0,0.0,0.00029277456748614145,4.393028809119549e-06,0.0017626335373930506,151
36081057700.0,36081057700.0,0.0,0.0003649368577709365,4.80287254742253e-06,0.002204369818415522,144
36081057900.0,36081057900.0,0.0,0.0017758269942329398,9.328856139817436e-06,0.01247597186435819,26
36081058200.0,36081058200.0,0.0,0.0014977998083126024,2.5278940965136342e-05,0.008817942797748335,239
36081058500.0,36081058500.0,0.0,0.0002474692208088002,1.873484510491403e-06,0.0015550911154282867,199
36081058700.0,36081058700.0,0.0,0.000565716098360932,2.0643662218009123e-06,0.004218167182778728,99
36081058900.0,36081058900.0,0.0,0.00021853976325459908,2.5069488894404003e-06,0.0014120942425990535,260
36081059000.0,36081059000.0,0.0,0.00047455224225314554,3.773084562673389e-06,0.0031314441597659237,16
36081059100.0,36081059100.0,0.0,0.0003153185320753511,3.543106628957684e-06,0.0020884854465314778,370
36081059300.0,36081059300.0,0.0020833333333333333,0.000524796478851534,9.120175916545339e-06,0.003104866988762095,480
36081059501.0,36081059501.0,0.0,0.0006105811710404436,1.2635537124289502e-05,0.003491049732626502,330
36081059900.0,36081059900.0,0.0,0.0008561515201601571,6.775048750627586e-06,0.0059073045211715455,104
36081060600.0,36081060600.0,0.0,0.0024385079756547847,2.208518475810151e-05,0.01603506476974609,42
36081060800.0,36081060800.0,0.0,0.0020758486706102916,2.2952292154645687e-05,0.012937506531572074,61
36081061000.0,36081061000.0,0.0,0.0021793034877632634,2.0818997559835446e-05,0.014252089677129473,104
36081061200.0,36081061200.0,0.0,0.001179881233599484,1.2312448127728119e-05,0.00759420135639121,97
36081061302.0,36081061302.0,0.0,0.002416443612714934,5.2031342596575767e-05,0.013831859516221462,210
36081061400.0,36081061400.0,0.0,0.002074957600867182,2.77122226642627e-05,0.012943514341334336,212
36081061601.0,36081061601.0,0.0,0.0032269872626255348,4.362662119294351e-05,0.019684460731512272,148
36081061800.0,36081061800.0,0.0,0.0064478029278886165,0.00010207696572002928,0.03616005127644174,137
36081062300.0,36081062300.0,0.0,0.000727199652496726,7.443482430098009e-06,0.004709139071187382,41
36081062500.0,36081062500.0,0.0,0.0003847670693067846,3.754518272638578e-06,0.0025667701527918043,66
36081062600.0,36081062600.0,0.0,0.0011595212890854142,8.298687401775742e-06,0.007723611350246056,161
36081062700.0,36081062700.0,0.0,0.0010497777291403844,9.799174766540658e-06,0.006956152962279378,40
36081062900.0,36081062900.0,0.0,0.0005068135607994508,5.772980576646907e-06,0.003395611312106701,100
36081063200.0,36081063200.0,0.0,0.0032406801528883974,6.243653055055181e-05,0.01887647678862477,128
36081064101.0,36081064101.0,0.0,0.002850101168541661,1.647039510727707e-05,0.019345425551918795,127
36081064500.0,36081064500.0,0.0,0.0005351304145963405,9.858663039430298e-06,0.003246069943772891,395
36081064600.0,36081064600.0,0.0,0.0031710711592223546,4.103192969395999e-05,0.01885127271711181,217
36081065000.0,36081065000.0,0.0,0.002457075924204264,5.376703367787472e-05,0.01383573515453301,235
36081065401.0,36081065401.0,0.0,0.0025980551666718297,5.61603721920368e-05,0.01428310265970986,325
36081065402.0,36081065402.0,0.0,0.02592969176975588,0.0011909753567504876,0.11520189674017463,60
36081065600.0,36081065600.0,0.08363636363636363,0.3588768342277647,0.1543330780138229,0.6428416548666711,275
36081065702.0,36081065702.0,0.0,0.00034718340984355855,3.513041848540514e-06,0.0022461704832237445,64
36081065703.0,36081065703.0,0.0,0.0002273279358089133,3.4685974257905752e-06,0.0014037980758475927,166
36081066000.0,36081066000.0,0.0,0.007509683652521716,4.7890122846950024e-05,0.04593293662716474,135
36081066301.0,36081066301.0,0.0,0.0003749706442402235,3.728522658256382e-06,0.002493576309071929,161
36081066302.0,36081066302.0,0.0,0.0013156982005762458,1.072503610058761e-05,0.00907628467138438,92
36081066402.0,36081066402.0,0.0,0.008342621820874724,0.00022610727447910342,0.04557370868236354,71
36081066403.0,36081066403.0,0.0,0.01493560603811926,0.00019284629854803082,0.07673353982599596,114
36081066701.0,36081066701.0,0.0,0.0005428568146004693,5.3238983569272905e-06,0.0036172003623406875,260
36081067100.0,36081067100.0,0.0,0.0003488987183852982,3.117772253836341e-06,0.0024298478016870446,105
36081067700.0,36081067700.0,0.0,0.000159101709940566,1.2442313353905918e-06,0.0010444458922552824,129
36081068200.0,36081068200.0,0.0,0.002043590542663776,1.0242057043236357e-05,0.013243729322413344,212
36081068300.0,36081068300.0,0.001059322033898305,0.0016377938142380644,3.298723284418035e-05,0.008734639424259354,944
36081069300.0,36081069300.0,0.0,0.002513560218373814,5.050935115529071e-05,0.012962877563522188,498
36081069500.0,36081069500.0,0.0,0.00029397512481131913,1.5807363305609533e-06,0.002017080004608106,239
36081069701.0,36081069701.0,0.0,0.00044617175117719833,4.164779558322495e-06,0.0029886285248350297,217
36081070700.0,36081070700.0,0.0,0.000519570428854895,3.201464201367701e-06,0.003438168882042322,114
36081071303.0,36081071303.0,0.0,0.00029547539171833004,1.7010696542502844e-06,0.002099245154580035,284
36081071304.0,36081071304.0,0.006369426751592357,0.0005329311157495154,3.2303707931902883e-06,0.003987855502813569,157
36081071305.0,36081071305.0,0.0,0.0005161220678694417,2.2451682369154017e-06,0.003908279103784307,293
36081071701.0,36081071701.0,0.0,0.0004834565621439858,6.882869450794292e-06,0.0029889642088628573,210
36081071900.0,36081071900.0,0.0,0.00025139480918410313,4.025077405941309e-06,0.001525732206049925,609
36081072100.0,36081072100.0,0.0,0.00041282274569008946,4.919026354394218e-06,0.0026502279319491062,88
36081072300.0,36081072300.0,0.0,0.0009144548117339001,1.0318220390263905e-05,0.005933852709904891,183
36081072900.0,36081072900.0,0.0,0.0005719803072271382,3.918939973694572e-06,0.004020231549499201,75
36081073700.0,36081073700.0,0.0,0.0012695231980819348,2.4357481814101726e-05,0.007419602260501811,363
36081073900.0,36081073900.0,0.0,0.00013399517920779935,2.3015110971223736e-06,0.0008270357562998252,509
36081074100.0,36081074100.0,0.0,0.00025956837918422596,2.1104414732714687e-06,0.0017058084634562652,103
36081074300.0,36081074300.0,0.0,0.0004971371319414384,3.365900828430207e-06,0.0034991941282158834,124
36081074500.0,36081074500.0,0.0,0.00040483859197225813,6.640730058017927e-06,0.002415410148113643,1000
36081074700.0,36081074700.0,0.0,0.001300538876610807,1.9315989841324805e-05,0.008304817758966165,98
36081075701.0,36081075701.0,0.0,0.0004451507267455872,1.0703118026583846e-05,0.002457492243790837,619
36081075702.0,36081075702.0,0.0,0.0005332223081105534,8.536423983488918e-06,0.003213061102711798,404
36081077902.0,36081077902.0,0.0,0.0028517595842025103,3.720503304700771e-05,0.01705566452856337,144
36081077903.0,36081077903.0,0.008333333333333333,0.005385092988000561,3.6215659673901094e-05,0.035416109484814995,120
36081077904.0,36081077904.0,0.0,0.0026944509567618335,5.0554045416404284e-05,0.015604266483131509,235
36081077906.0,36081077906.0,0.0,0.0024612391424158097,1.7639523859687276e-05,0.016602588414790242,98
36081077907.0,36081077907.0,0.0,0.0025602530269283603,1.7892708740358916e-05,0.017127480520286342,117
36081077908.0,36081077908.0,0.0,0.0035830472657568196,3.391942544960954e-05,0.023350791354226488,45
36081078800.0,36081078800.0,0.0,0.0006225511296908199,6.469743344437885e-06,0.004091641303021986,82
36081079000.0,36081079000.0,0.0007739938080495357,0.0007149778738559795,7.415414538165471e-06,0.0044090949682923505,1292
36081079200.0,36081079200.0,0.0009523809523809524,0.0006780894163198477,1.4290578169987112e-05,0.003534646623585695,2100
36081079300.0,36081079300.0,0.0,0.013411070697564116,8.219550369927104e-05,0.09409175414328236,16
36081079701.0,36081079701.0,0.0,0.0019237324116431061,3.144020742034605e-05,0.011604941598908347,102
36081079702.0,36081079702.0,0.0,0.0016073022561466572,3.152207157785194e-05,0.009484546753161389,135
36081079900.0,36081079900.0,0.0,0.001203794719494243,2.080574811042918e-06,0.00887868393497326,163
36081080301.0,36081080301.0,0.0,0.0005782787441134967,8.54995513279321e-06,0.003456825310372698,861
36081080302.0,36081080302.0,0.0,0.0019010786502431955,6.706028413953667e-05,0.009269830966951166,736
36081081800.0,36081081800.0,0.0,0.00154808409195004,2.975729571392959e-05,0.00864317270794545,348
36081083700.0,36081083700.0,0.0,0.0022097538125980193,0.00012734989217877196,0.009640306673676022,694
36081083800.0,36081083800.0,0.0,0.002139104052771907,2.481710550165424e-05,0.013514677090401354,171
36081084000.0,36081084000.0,0.0022371364653243847,0.002015635473757123,5.171480969272162e-05,0.010892387068507488,447
36081084500.0,36081084500.0,0.0,0.0010125578445973151,5.459943962943344e-06,0.006947362060365557,98
36081084601.0,36081084601.0,0.0,0.0018749252729844308,1.3947211108282523e-05,0.01232276611085429,210
36081084901.0,36081084901.0,0.0,0.0012570372475624403,8.888534883589183e-06,0.008520557937387452,119
36081084902.0,36081084902.0,0.0,0.002536837979155626,1.46203176152966e-05,0.017155457831691978,80
36081085700.0,36081085700.0,0.0,0.0017117975466614975,1.0807670086366e-05,0.01153467800565408,43
36081085900.0,36081085900.0,0.0,0.0008646364536265552,1.3755250518900286e-05,0.005292504030638546,44
36081086400.0,36081086400.0,0.00528169014084507,0.014169179205678293,0.001781639922279625,0.04322639687075547,568
36081086500.0,36081086500.0,0.0,0.0009375984629149525,1.69328288163958e-05,0.0057238871816173344,212
36081086900.0,36081086900.0,0.001388888888888889,0.00340596120475521,0.00010500317606859282,0.013564517911576078,1440
36081087100.0,36081087100.0,0.0,0.003044155759725685,0.00012775050518446735,0.013620226988952454,567
36081088902.0,36081088902.0,0.005208333333333333,0.0015435086247124112,1.8529759826108297e-05,0.009655173658259256,192
36081088903.0,36081088903.0,0.0,0.0002769525798665935,4.3858752903675e-06,0.0016028309181501266,1977
36081089202.0,36081089202.0,0.0,0.00554444393655498,0.00012995315504155187,0.029559336553904244,163
36081091602.0,36081091602.0,0.0,0.03215404518568687,6.392187350748249e-10,0.2924335427069231,12
36081091603.0,36081091603.0,0.02857142857142857,0.054858681281984185,6.224890093286772e-10,0.34471050320181446,35
36081091604.0,36081091604.0,0.0,0.0689128478555568,4.49992707159409e-10,0.6837983332993679,3
36081092500.0,36081092500.0,0.012422360248447204,0.026844843140110753,0.00011572170689350472,0.11247642990459167,161
36081092800.0,36081092800.0,0.0,0.006357135129515904,1.1269783016649457e-09,0.05819454979071308,14
36081093401.0,36081093401.0,0.0,0.004829023534295969,4.722469277063194e-09,0.0459741161678753,25
36081093402.0,36081093402.0,0.0,0.003609773131063024,2.3295865093993925e-08,0.03273992122490529,24
36081093800.0,36081093800.0,0.0,0.009719365773947686,6.298406823975333e-06,0.06584031525090145,101
36081094500.0,36081094500.0,0.0005282620179609086,0.0017294389253803082,6.544062935714737e-05,0.00736321322591895,1893
36081094700.0,36081094700.0,0.0,0.002915958625921683,2.8354679621928464e-05,0.019072733663762064,77
36081097204.0,36081097204.0,0.006944444444444444,0.024840090946211292,0.0014390085821191709,0.09838588585452118,144
36081097205.0,36081097205.0,0.0,0.024343622029065724,0.0002553214784126213,0.1443948676652219,43
36081097206.0,36081097206.0,0.0,0.011376785897742688,8.102489857332594e-05,0.07672777805535569,17
36081097207.0,36081097207.0,0.0,0.09079417913372179,0.0006053605507628729,0.5647185100559113,4
36081099703.0,36081099703.0,0.0,0.009269764148936755,0.0001477944246218507,0.04699259099278682,158
36081099704.0,36081099704.0,0.0,0.004506829230156365,8.094690901474968e-05,0.024716312164967513,173
36081099801.0,36081099801.0,0.0,0.0033450632473435386,3.491994681416553e-05,0.021158935067319737,102
36081099900.0,36081099900.0,0.0,0.03523562992653631,0.00021474178116950211,0.21182233477871484,28
36081100801.0,36081100801.0,0.058823529411764705,0.18751386012349816,0.007164892238890253,0.6830654898208274,17
36081100803.0,36081100803.0,0.0,0.007111954089911319,0.00020394426700587963,0.03613887974631359,152
36081100804.0,36081100804.0,0.0,0.026229884294160684,0.0010655118761966186,0.11546324360506152,88
36081101002.0,36081101002.0,0.0,0.004612139187482211,8.249865245085085e-06,0.033622385379329364,106
36081101003.0,36081101003.0,0.0,0.002112066038192262,1.0142986949863138e-05,0.014624226327987879,124
36081101004.0,36081101004.0,0.0,0.01021603131244864,5.3232499405593866e-05,0.065596786876338,71
36081103300.0,36081103300.0,0.0,0.003718930461075449,2.739974459048357e-05,0.024862528628465465,95
36081103900.0,36081103900.0,0.0,0.000567850758762278,1.4677751086840687e-05,0.0031394051075111264,850
36081104700.0,36081104700.0,0.0,0.0005800738690860394,9.513758663183894e-06,0.003574536747892582,180
36081105900.0,36081105900.0,0.0,0.00046680503120030925,4.4957992537581385e-06,0.0030966701498010042,91
36081108500.0,36081108500.0,0.0,0.000505734499528494,6.703014106333935e-06,0.003098828757363806,147
36081109300.0,36081109300.0,0.0,0.006657275397257106,0.00016515869844550488,0.03484500164647181,140
36081109700.0,36081109700.0,0.0,0.0003173182244103425,2.630286435835505e-06,0.002186077198031463,128
36081109900.0,36081109900.0,0.0,0.0005546103263452632,4.163528745402529e-06,0.0037664937305703352,143
36081113300.0,36081113300.0,0.0,0.0008550995883230806,6.091482884046646e-06,0.005793030738277077,72
36081113900.0,36081113900.0,0.0,0.0005129033915260289,4.289392739435864e-06,0.0033677948987722254,205
36081114100.0,36081114100.0,0.0,0.0004431065188591834,3.594386273764995e-06,0.0029387202295321113,75
36081114700.0,36081114700.0,0.0,0.0005969505615647411,1.7804886275835528e-06,0.004388834595785621,50
36081115100.0,36081115100.0,0.0,0.0008717552983364195,1.2799815136998167e-06,0.0068713608585945695,66
36081115500.0,36081115500.0,0.0,0.0006978288151138001,3.1359724227759786e-06,0.005067978765299399,49
36081115700.0,36081115700.0,0.0,0.00027642673151259434,2.4603109691938967e-06,0.0017987558002068103,160
36081115900.0,36081115900.0,0.008333333333333333,0.0027783785966670046,7.93300644966491e-06,0.021925542344490435,120
36081116100.0,36081116100.0,0.0,0.0012734546722145005,1.4569129767989249e-05,0.008101956795007755,132
36081116301.0,36081116301.0,0.0,0.0010648481007357975,9.012447973624105e-06,0.007099009379608686,158
36081117100.0,36081117100.0,0.0,0.00024800322863696673,2.964915718564962e-06,0.0016300135766325508,214
36081117500.0,36081117500.0,0.0,0.0003741932800050847,5.153113506674451e-06,0.0023094772667983468,185
36081118100.0,36081118100.0,0.0,0.0011779950302495481,1.015147070120303e-05,0.007697177092020598,45
36081118500.0,36081118500.0,0.0,0.001454547308290967,1.706534072068769e-05,0.009371748391804463,75
36081118700.0,36081118700.0,0.0,0.006624080067024201,0.00012923569650290763,0.038128890250235345,66
36081119100.0,36081119100.0,0.0,0.0010837954109732201,1.3795953264346858e-05,0.006873143968451684,38
36081119300.0,36081119300.0,0.0,0.0007170205446129218,4.29301774382634e-06,0.004976608282715605,55
36081119500.0,36081119500.0,0.0,0.0019207374864706217,9.373180551838772e-06,0.013386545669426124,57
36081119900.0,36081119900.0,0.0,0.00968086847360282,0.00014878376753569807,0.057555825547520936,41
36081120300.0,36081120300.0,0.0,0.003427701871870543,4.603571701931331e-05,0.021435981611118985,37
36081120500.0,36081120500.0,0.0,0.0006762790342059437,8.35065347243516e-06,0.004268849975933357,54
36081120701.0,36081120701.0,0.0,0.003115286009297924,5.52038676458609e-05,0.018127678465118566,126
36081120702.0,36081120702.0,0.0,0.007817685216532741,0.00010444082833439825,0.04978427676753879,46
36081121500.0,36081121500.0,0.0014705882352941176,0.0043319505892776495,0.0002038617826224126,0.01758729932530976,680
36081122300.0,36081122300.0,0.0013054830287206266,0.0007176607250877608,9.430405831305704e-06,0.00455808568627919,766
36081122703.0,36081122703.0,0.0,0.0011219432578857627,1.1651176357053312e-05,0.006833671776262859,529
36081122704.0,36081122704.0,0.0,0.009070207646712911,0.000152976349909127,0.05101033956900032,97
36081124100.0,36081124100.0,0.0,0.0016061979063641213,2.4604618031208943e-05,0.009398771789318354,192
36081124700.0,36081124700.0,0.0,0.0016573827022588546,3.197950084815136e-05,0.009429174722089895,226
36081126500.0,36081126500.0,0.0,0.0020773135005189088,2.916636528287696e-05,0.01233563843362479,196
36081129104.0,36081129104.0,0.0,0.006573321285174023,0.00019867512346719135,0.03433053352446282,95
36081133900.0,36081133900.0,0.0,0.0012988168469469457,1.1158609195110887e-05,0.008649359521277444,131
36081134100.0,36081134100.0,0.0,0.001139388249917332,3.660706423985934e-05,0.005599383546792379,764
36081134701.0,36081134701.0,0.002688172043010753,0.004985371750544191,5.3297737749566436e-05,0.026507858220433837,372
36081134702.0,36081134702.0,0.0021598272138228943,0.004321185831353245,4.936885813076314e-05,0.022143065518566873,463
36081136700.0,36081136700.0,0.007082152974504249,0.02005618408088611,0.0035080513956498196,0.05358960269665088,706
36081137700.0,36081137700.0,0.0,0.004462838438218031,0.0001347792168974684,0.020689732638866518,392
36081138501.0,36081138501.0,0.0,0.009543969394665652,0.00039360343724778916,0.04086794720433586,246
36081140300.0,36081140300.0,0.0,0.0026172100680386633,5.7354876191425905e-05,0.014050218077309497,346
36081140901.0,36081140901.0,0.0,0.0018939105960687833,3.894316156664579e-05,0.010948012820090388,234
36081140902.0,36081140902.0,0.0,0.0009769358769034233,2.3931810257799384e-05,0.0053921621187574395,384
36081142900.0,36081142900.0,0.0,0.004163601724153086,7.973561611358648e-05,0.023978880573683452,59
36081144100.0,36081144100.0,0.0,0.0014321624496403758,7.244371735219198e-06,0.010267542956646603,53
36081144700.0,36081144700.0,0.0,0.0003500257003284922,2.288624489835172e-06,0.0023807670534587047,257
36081145101.0,36081145101.0,0.0,0.001159218369408902,2.810568027148196e-06,0.009122032043450279,71
36081145102.0,36081145102.0,0.0,0.00326616437118666,6.638972876815339e-05,0.019003824919780973,94
36081145900.0,36081145900.0,0.0,0.000572209672299223,8.139461074140029e-06,0.003615367593670392,169
36081146300.0,36081146300.0,0.0,0.0004327783191371923,4.474458258086918e-06,0.0028102998032729,152
36081146700.0,36081146700.0,0.0,0.0006427449535762874,9.351501420055742e-06,0.00399675648766376,290
36081147100.0,36081147100.0,0.0,0.002002660281737373,3.368398108296223e-05,0.011960765827970173,193
36081147900.0,36081147900.0,0.0,0.005088029446623799,5.597457791120566e-05,0.03159212112862546,110
36081150701.0,36081150701.0,0.0,0.0025619479940775236,3.297725517313463e-05,0.014590989112364486,316
36081150702.0,36081150702.0,0.0,0.0009234323381873499,4.696858989698121e-06,0.0065045262111513335,468
36081152902.0,36081152902.0,0.0,0.003037888623082116,3.780497402956214e-05,0.016708217647471758,405
36081155101.0,36081155101.0,0.006329113924050633,0.011744138910976289,1.6776704631905307e-05,0.06670476366797491,158
36081155103.0,36081155103.0,0.0058823529411764705,0.0014404028193819706,1.5570304255468467e-05,0.009032317735156413,170
36081155104.0,36081155104.0,0.0,0.0020151057065767937,1.3488356328123338e-05,0.013496790055482485,126
36081157902.0,36081157902.0,0.0,0.0029954806224623248,9.477747808045538e-06,0.020769472725059104,192
36005036100.0,36005036100.0,0.008547008547008548,0.012890661741968614,0.0001243187810048432,0.06734347917044806,117
36005012701.0,36005012701.0,0.0,0.0009339588755483663,1.0632721602041686e-05,0.006008649629008705,38
36005015900.0,36005015900.0,0.0,0.0014571369284520049,2.616136621739686e-05,0.00894492601721556,49
36005042600.0,36005042600.0,0.006493506493506494,0.005319624098241839,0.0001746355063298835,0.026392275922088246,154
36061003800.0,36061003800.0,0.0,7.98881682935999e-05,1.3349334047414553e-06,0.00048087187822713615,1176
36061001001.0,36061001001.0,0.0013192612137203166,0.0037039608647845357,5.0315635743740714e-05,0.017876803913839175,758
36061001502.0,36061001502.0,0.002849002849002849,0.0012006683758882055,4.700341667367617e-05,0.005796913476284868,702
36061004800.0,36061004800.0,0.0,0.000281851532636067,5.648890191791202e-06,0.0016539757026684545,958
36061004400.0,36061004400.0,0.000731528895391368,0.0011151955457232908,3.941516009725866e-05,0.005139987997165673,1367
36061006400.0,36061006400.0,0.0,0.00024345240232350674,4.154422725427814e-06,0.001451952960914997,1122
36061017800.0,36061017800.0,0.0,0.002845056661346188,0.0001251065787520981,0.01163878576355248,1044
36061000500.0,36061000500.0,,0.04702902138453167,0.000766948845752276,0.28909042290030984,0
36081094201.0,36081094201.0,0.0136986301369863,0.04607852239459103,0.00035520143507323024,0.20169669962441578,73
36081111300.0,36081111300.0,0.0,0.008105241609963952,0.00022848143315321888,0.042400155389281956,107
36081148300.0,36081148300.0,0.0,0.01827719765675239,3.7954588278578834e-05,0.14071032026441443,7
36081080900.0,36081080900.0,0.005235602094240838,0.01223745103496787,0.0006321442211225021,0.05039441587683712,191
36081122702.0,36081122702.0,0.0,0.001776178539636286,6.296791001065558e-05,0.008817976150438509,446
36081125700.0,36081125700.0,0.005494505494505495,0.0021681795424372875,3.4615406753186376e-05,0.012718057897825354,182
36081126700.0,36081126700.0,0.0,0.0040290360321646075,0.0003271751732257404,0.01570011667181637,454
36081139900.0,36081139900.0,0.0,0.0008043099563094355,9.926584797311572e-06,0.0049351208377612175,341
36081143500.0,36081143500.0,0.0,0.0012093969817685024,9.824033023177188e-06,0.008144761055321949,115
36081157901.0,36081157901.0,0.0,0.0010498183022014267,5.845683543117987e-07,0.008506362046665694,122
36081157903.0,36081157903.0,0.0,0.00033411336994954905,6.554865489751474e-07,0.002522495186245703,434
36081042400.0,36081042400.0,0.008403361344537815,0.011947882468687197,0.0003355394785158711,0.05628765917641101,119
36081043400.0,36081043400.0,0.0,0.004931022428317287,8.904738746492262e-05,0.028876099356749584,84
36081042600.0,36081042600.0,0.0,0.0067345241055650614,0.00015212832910314246,0.03617349253188954,124
36081043200.0,36081043200.0,0.0,0.0017585169655921235,1.9219680865077077e-05,0.011501540925999473,181
36081045200.0,36081045200.0,0.0,0.0019512947762598096,3.510730534079881e-05,0.011253054599118914,357
36081045400.0,36081045400.0,0.0,0.0029129294417824846,0.00010319588780930707,0.014568365591993556,327
36081005900.0,36081005900.0,0.0,0.0005185817721876507,4.428028486284714e-06,0.0036150064026662762,284
36081006100.0,36081006100.0,0.0,0.00041902470355769257,7.073253825771618e-06,0.002442909466600687,410
36081058100.0,36081058100.0,0.0,0.0003358857695749269,3.008301752909532e-06,0.002159835258200653,93
36081058300.0,36081058300.0,0.0,0.00040947632768117704,3.273598951269409e-06,0.0028683526453223028,167
36061023501.0,36061023501.0,0.0,0.0005641561158197021,1.914663015632408e-05,0.00301000106279961,315
36081047900.0,36081047900.0,0.0,0.0011092647714203918,2.2039946971627307e-05,0.005905344278265731,775
36081062400.0,36081062400.0,0.0,0.009358340217579579,0.0001973861662865788,0.05412614786706713,23
36081062000.0,36081062000.0,0.0,0.0036341249917938748,2.2469008491971555e-05,0.02517857904489305,61
36081063000.0,36081063000.0,0.0,0.002019318344011889,1.7201987103819433e-05,0.013112043875186464,68
36061022302.0,36061022302.0,0.0,0.0018543429056170724,7.516806029278177e-07,0.015870506835096113,178
36081133300.0,36081133300.0,0.003278688524590164,0.0013380090013663595,1.9739278336718465e-05,0.008023417595342633,305
36061012400.0,36061012400.0,0.004078303425774877,0.014267566182140519,0.00286644969647733,0.036781314058482825,1226
36005021200.0,36005021200.0,0.0,0.0005604160784316707,5.730834368757602e-06,0.0037406310955638874,143
36005022200.0,36005022200.0,0.0,0.0008711591727262526,1.661206011038914e-05,0.00494390464586891,472
36081065501.0,36081065501.0,0.0,0.0014534942220736675,3.2397635968712854e-05,0.007821193197468513,561
36061014401.0,36061014401.0,0.0,0.0030394353240091724,5.920114833347083e-05,0.01730754652815063,190
36061001600.0,36061001600.0,0.0,0.0002112938246522483,4.869447250360212e-06,0.0011703287612344643,1006
36061001200.0,36061001200.0,0.001288659793814433,0.00040335169683271895,6.44801588862414e-06,0.002385323339613755,776
36081112300.0,36081112300.0,0.0,0.0005102825393632684,3.4385950669615544e-06,0.0035977159236340837,105
36081112900.0,36081112900.0,0.0,0.0005491487927401685,3.2308267027104562e-06,0.003940898507148926,242
36005042901.0,36005042901.0,0.0,0.001552170757987431,5.008902057392956e-05,0.00833231386657589,183
36005043102.0,36005043102.0,0.0,0.0019376357136235277,7.701366425072965e-05,0.009946046328796547,151
36081026300.0,36081026300.0,0.0,0.00031212995677632664,4.794692603030188e-06,0.0018798486219220724,868
36081005400.0,36081005400.0,0.0,0.0004679021404555629,6.686853672288666e-06,0.00285241028252388,479
36081008600.0,36081008600.0,0.0014577259475218659,0.0005774715632588115,1.04955347659758e-05,0.003382762862298163,686
36081066401.0,36081066401.0,0.0275049115913556,0.12797324244330266,0.04869872899919582,0.2492766358261102,509
36081066900.0,36081066900.0,0.0,0.000784974802838936,7.612382811009775e-06,0.0052086420921625964,63
36081048500.0,36081048500.0,0.00333889816360601,0.001996740763783199,4.6206446941942357e-05,0.010894571716813874,599
36081012500.0,36081012500.0,0.0011904761904761906,0.00032060421845438647,6.459628230213365e-06,0.0019000625811880563,1680
36005038900.0,36005038900.0,0.0,0.0007586334331313899,4.78738825574649e-06,0.005238698238863893,146
36005029301.0,36005029301.0,0.0,0.013629480836365426,9.676485093953231e-05,0.08603489755537523,48
36081013000.0,36081013000.0,0.0,0.0010733949865665633,2.1489280262936936e-05,0.006357731679042602,271
36081073100.0,36081073100.0,0.0,0.0005410444545906144,5.174770985048792e-06,0.0035011057346662562,102
36081074900.0,36081074900.0,0.0,0.0020895548703905656,4.2350069553213916e-05,0.01197288801453086,218
36005042500.0,36005042500.0,0.003189792663476874,0.005728077129385496,0.0001301426988218674,0.024090103831794708,627
36081026502.0,36081026502.0,0.00718132854578097,0.0023830604805216995,5.096523586861592e-06,0.018104325921834707,557
36081026501.0,36081026501.0,0.0,0.0003884115858748437,5.976822054368595e-06,0.002427142874363456,359
36081048301.0,36081048301.0,0.0,0.0005285421860506477,5.469850958225645e-06,0.003452561267144932,194
36005002800.0,36005002800.0,0.0,0.0016991354274259714,9.395015372866754e-05,0.0071208156372179554,1349
36081066100.0,36081066100.0,0.0,0.0002625348700810467,2.578765123551454e-06,0.0018438236637959547,53
36081065900.0,36081065900.0,0.0,0.0001687832632815241,1.4712143196885058e-06,0.0011277314294353864,148
36081066501.0,36081066501.0,0.0,0.00030360026992684596,3.5319686369977853e-06,0.001992497029245777,268
36005025600.0,36005025600.0,0.0,0.0008900809158622187,2.1033658757285375e-05,0.005351335540349336,173
36081102900.0,36081102900.0,0.0,0.0004013746689637742,2.833938327167931e-06,0.0028299747320863085,182
36081097300.0,36081097300.0,0.0,0.0013486194875734498,4.869617809718592e-06,0.009019566502079746,467
36081060100.0,36081060100.0,0.0,0.0014266037470519874,1.892650891960677e-05,0.008952404035972488,90
36081063500.0,36081063500.0,0.0,0.0014336215655893444,2.235721280331549e-05,0.008776762899577248,134
36081062100.0,36081062100.0,0.0,0.00030965753024046505,3.6499737537770695e-06,0.00200232785800719,331
36081063700.0,36081063700.0,0.001076426264800861,0.000722021209919912,2.447923879844934e-05,0.0036886232281152943,929
36081077500.0,36081077500.0,0.0,0.000988306330332883,2.0449236921752172e-05,0.005951342393461648,249
36005039700.0,36005039700.0,0.0,0.0010701071034588468,4.7526858090895166e-05,0.005142740760351521,706
36005039300.0,36005039300.0,0.0,0.0012024064311960529,2.159428987572505e-05,0.0073878916763543,181
36081063900.0,36081063900.0,0.0,0.0010079969821955783,8.885954798664308e-06,0.006324573385506684,660
36081046300.0,36081046300.0,0.0,0.0003168334921707475,3.455487719528072e-06,0.0020173036735505728,213
36081047100.0,36081047100.0,0.0,0.0005746218007256498,9.233579816283554e-06,0.0035756745379315093,289
36005035000.0,36005035000.0,0.0,0.0015368132456622437,2.1434728989799442e-05,0.009610894744608746,151
36081024900.0,36081024900.0,0.0,0.0005782151846410458,1.3168249597904843e-05,0.0032666057247326126,747
36081026100.0,36081026100.0,0.0,0.0027396264239993237,5.841490562656425e-05,0.014014368923749902,455
36061021000.0,36061021000.0,0.0,0.00444784320385051,0.00030800444691544737,0.01733720188796585,700
36061021200.0,36061021200.0,0.0,0.0012087403197444263,1.9789815234148017e-05,0.007298916405290973,313
36005027600.0,36005027600.0,0.00487987987987988,0.014390343745246286,0.004404502274166651,0.031488443943582294,2664
36061015502.0,36061015502.0,0.0,0.002927146095541277,2.108580974816814e-05,0.017071019846707825,357
36081010701.0,36081010701.0,0.0,0.020981011672630064,9.46605726728126e-05,0.14919929931085485,7
36081012301.0,36081012301.0,0.0,0.0019347501729940128,2.3533881863029733e-05,0.01188803724030359,346
36081085300.0,36081085300.0,0.0,0.0009947200960004879,1.8059992281747947e-05,0.0060976173629703825,121
36081161700.0,36081161700.0,0.0,0.002247983161745578,1.8385794217684977e-05,0.013012502499040282,456
36081099701.0,36081099701.0,0.0,0.004264369075617387,8.612761356697431e-05,0.0233303710016464,207
36081101700.0,36081101700.0,0.0,0.0023954221039122455,4.0221714826765075e-05,0.013616365656706245,231
36005023702.0,36005023702.0,0.0,0.0007413190037823418,4.9206963209501655e-06,0.005034458369850508,92
36005039901.0,36005039901.0,0.0,0.00017705659536861672,4.318995082588662e-06,0.0009787955405051358,311
36005040100.0,36005040100.0,0.0,0.0007070766182909025,1.8072461764882776e-05,0.0039070319203816945,239
36005016900.0,36005016900.0,0.0,0.0007596531420567738,7.152277005762277e-06,0.004892376662135901,184
36081085500.0,36081085500.0,0.0,0.0013454257594846283,1.4681840737515744e-05,0.008988014440625759,117
36081086300.0,36081086300.0,0.0,0.001076592644274183,1.290773112355787e-05,0.007088074542560066,70
36005014702.0,36005014702.0,0.0,0.0013310289977404818,1.1003310760964606e-05,0.008943298763722768,89
36081028803.0,36081028803.0,0.0,0.00452529089229058,9.764238934457779e-05,0.02553151569437784,84
36081029400.0,36081029400.0,0.0029455081001472753,0.002991738230533245,0.0001534426802273744,0.012798883215052972,679
36005014300.0,36005014300.0,0.006666666666666667,0.006380507922452557,4.17622859104075e-05,0.03835802143702906,150
36081004401.0,36081004401.0,0.0,0.00019412369876479558,3.9646116660299865e-06,0.0011225569555116813,764
36081005800.0,36081005800.0,0.0,0.00042466813291114586,9.2764544774031e-06,0.002513600143620749,558
36061020101.0,36061020101.0,0.0,0.00032084469271207204,1.970616029745352e-06,0.0023420985905508594,50
36061020300.0,36061020300.0,0.0,0.0008747633355132004,1.0573669178789277e-05,0.005649186262926859,143
36081116302.0,36081116302.0,0.0,0.0006613979948124246,4.694430266511729e-06,0.004479376493247432,74
36081116700.0,36081116700.0,0.0,0.0002944325009567932,1.3793450862181482e-06,0.00208235613035953,69
36081090700.0,36081090700.0,0.006418485237483954,0.020505999711685142,0.0042547904478717246,0.052635836716011866,779
36081091900.0,36081091900.0,0.006097560975609756,0.003347356253583563,3.6716411988165045e-05,0.02087486597509254,164
36081000103.0,36081000103.0,0.0,0.0051892537886644025,0.00011020671126134813,0.02811759584117197,161
36061018500.0,36061018500.0,0.0,0.0010964384533111546,6.995967903671394e-06,0.007511629565589019,207
36081022900.0,36081022900.0,0.0011580775911986102,0.00561504128654297,0.0009980213170858094,0.015742651966626827,1727
36081051500.0,36081051500.0,0.0,0.0020393938233515567,2.590046125953735e-05,0.012421599652378051,262
36081000102.0,36081000102.0,0.0,0.0025687848495717196,2.4456742696000465e-05,0.016598254231354772,123
36061018900.0,36061018900.0,0.0,0.0004030479484282381,3.7270274786556865e-06,0.0027137431115281316,623
36061013700.0,36061013700.0,0.0,0.00025966981702298266,4.115021707194478e-06,0.001528954676548392,1711
36061013900.0,36061013900.0,0.0,0.0003682774392566366,7.588071009512488e-06,0.002128140238898724,1085
36061014500.0,36061014500.0,0.0,0.0003508103900994385,5.290493273871078e-06,0.0020335166829118794,1035
36061027700.0,36061027700.0,0.0,0.0016968623093549311,1.112918168028264e-05,0.011778385377116108,59
36081010600.0,36081010600.0,0.0,0.00064095594655879,1.6131122877032468e-05,0.003588582821015645,248
36081016600.0,36081016600.0,0.0,0.0014949948341772322,2.1123479693718474e-05,0.00941242608030935,141
36061001002.0,36061001002.0,0.002793296089385475,0.010227789953706996,0.000784331453353991,0.033839145507714725,716
36005003300.0,36005003300.0,0.0,0.002102980375504305,5.999646212089848e-05,0.011700645309320783,98
36081056000.0,36081056000.0,0.0,0.0007285985353464374,6.431529525074185e-06,0.004736292995898487,67
36081045800.0,36081045800.0,0.008695652173913044,0.022027335332604116,0.0017083605814302353,0.07548572815298754,230
36081046200.0,36081046200.0,0.0,0.0039825903248290875,0.00015635151961660503,0.017719833207409927,385
36081046600.0,36081046600.0,0.0034129692832764505,0.012759837035182311,0.0005008586335965516,0.051277984666467706,293
36061022700.0,36061022700.0,0.0,0.00036569570248656553,7.276660028260538e-06,0.002120259530334624,206
36061025900.0,36061025900.0,0.0,0.0017266731509823722,3.122553588390717e-05,0.010089546612351698,54
36061006000.0,36061006000.0,0.002232142857142857,0.0029259254397758956,2.0182671951806474e-05,0.017506581852164627,448
36005001901.0,36005001901.0,0.003257328990228013,0.016045614731178937,0.003016422781357461,0.04320231649234853,921
36081015500.0,36081015500.0,0.0,0.00037515927689793385,1.0878832351401822e-05,0.0021365416913828096,329
36081015900.0,36081015900.0,0.0,0.00026066709585534495,1.4953870430109964e-06,0.0018921241992435897,307
36061002000.0,36061002000.0,0.0,0.0017894042429485487,3.865760546738235e-05,0.009204817376282062,659
36081000101.0,36081000101.0,0.0,0.0018346147918202951,5.1042291433715156e-05,0.00980324207656575,404
36081107201.0,36081107201.0,0.0,0.005316210858494216,1.143422537253011e-05,0.030107581972400755,310
36081107202.0,36081107202.0,0.02,0.07297448345208986,0.004498468501027595,0.23776924913153194,100
36005020100.0,36005020100.0,0.0010964912280701754,0.0015089378897527555,4.539301214271571e-05,0.007296961704716438,912
36061009901.0,36061009901.0,0.0011947431302270011,0.002966012746911185,0.00013390127343488196,0.01051195228983314,2511
36061014601.0,36061014601.0,0.0,0.0007386859558364364,1.5852216649929835e-05,0.004460501380668341,199
36061014602.0,36061014602.0,0.0,0.0011009316644702424,2.2640812753701664e-05,0.006278646524898879,391
36061014802.0,36061014802.0,0.0,0.00014576337111869207,2.8778259113511145e-06,0.0008708023596519992,317
36061026100.0,36061026100.0,0.0,0.0010778569882699224,9.57549014947314e-06,0.006940137791592413,291
36061025300.0,36061025300.0,0.0,0.0015886268863182281,1.946938071136663e-05,0.01007092881260979,176
36061026300.0,36061026300.0,0.009302325581395349,0.007922570360856085,3.660791616546161e-05,0.04424484698234694,215
36061019800.0,36061019800.0,0.0,0.00093403182046047,2.424121561722439e-05,0.004950591240252956,471
36061019000.0,36061019000.0,0.0,0.0011265757485668174,1.5533379292214714e-05,0.006730831071681864,277
36061020000.0,36061020000.0,0.0,0.0005897807244619965,1.0570404050234697e-05,0.0036277322553275267,212
36061027500.0,36061027500.0,0.0014684287812041115,0.005498827071455317,0.00031198802096779566,0.02141269548867753,681
36061000700.0,36061000700.0,0.002583979328165375,0.002421801875745669,1.288294632731013e-05,0.014097239122524552,774
36061000900.0,36061000900.0,0.0,0.001890298169262352,6.055432725622823e-05,0.008793199205235533,926
36061003001.0,36061003001.0,0.0015128593040847202,8.22129284853822e-05,1.0800805308371633e-06,0.0005233156458040517,661
36061005900.0,36061005900.0,0.0,8.120381953222324e-05,7.766147051208624e-07,0.0005368227152037771,427
36061006100.0,36061006100.0,0.0,8.294497472193427e-05,1.2966946704767889e-06,0.0004977290745305423,646
36061005000.0,36061005000.0,0.0,0.00013790000394527243,2.0177199131620792e-06,0.0008285453526250214,748
36061010601.0,36061010601.0,0.0,0.001804968862891931,3.124307686853044e-05,0.009446240634347593,722
36061012800.0,36061012800.0,0.0,0.0003724361307783259,8.0313070619102e-06,0.0021730185545790156,733
36061004700.0,36061004700.0,0.0,0.0004806010707402045,3.600774318841587e-06,0.003222907398088763,924
36061004900.0,36061004900.0,0.001885014137606032,0.00021522175112057197,2.6631066313542224e-06,0.0013984456106046466,1061
36061013203.0,36061013203.0,0.0,0.0026442124117117484,7.105327349227737e-05,0.013347982669800284,402
36061013400.0,36061013400.0,0.0,0.0034337355370475443,0.00018997516479092678,0.014789540970320814,543
36061011000.0,36061011000.0,0.0005299417064122947,0.00042579598546840634,8.011885730695463e-06,0.002441234939820251,1887
36061013800.0,36061013800.0,0.0,0.0015018636781999382,5.484872588523923e-05,0.007269426670308542,744
36061014000.0,36061014000.0,0.0,0.0004947793229710066,1.1572996093059627e-05,0.002688872458146913,866
36061013603.0,36061013603.0,0.0,0.0029653802643981302,6.244597672588067e-05,0.016093603512211604,220
36061013604.0,36061013604.0,0.0,0.0021275566366088564,4.41967453465313e-05,0.011976270648474377,176
36061014402.0,36061014402.0,0.007194244604316547,0.0246498565917388,0.0026107845563041934,0.07284270548334064,417
36061014200.0,36061014200.0,0.0009132420091324201,0.0021015953543852377,4.120182796020431e-05,0.010071545150681507,1095
36061002202.0,36061002202.0,0.0,0.0001651741699874318,1.8825053575438593e-06,0.001088162584649451,259
36061003002.0,36061003002.0,0.0,0.00021330650749900516,3.0965268559808794e-06,0.001382423053183501,533
36061018200.0,36061018200.0,0.0,0.0018995714023694796,5.3393368553110104e-05,0.010096853928926655,317
36061018800.0,36061018800.0,0.0,0.002959821558573065,7.367057027267383e-05,0.01490593872258702,428
36061017900.0,36061017900.0,0.0,0.00254919962795129,2.7798638359648854e-05,0.014046122893845043,466
36061018300.0,36061018300.0,0.0007204610951008645,0.0016161545425313055,1.9098222914538176e-05,0.008491470750295963,1388
36081045500.0,36081045500.0,0.0,0.0007272297261277165,5.206792697653156e-06,0.005006807210674818,286
36081071702.0,36081071702.0,0.0,0.000790828005998117,3.3295583712246736e-05,0.0037313740415808494,1770
36005006700.0,36005006700.0,0.0,0.0015774318669017475,1.4455295868993235e-05,0.010652809875423906,156
36005006900.0,36005006900.0,0.0,0.0015892704524180657,1.9667627194274672e-05,0.00990747985248159,171
36005038304.0,36005038304.0,0.0,0.0004903180632099559,7.380753163927362e-06,0.002924420240739129,111
36005036502.0,36005036502.0,0.0,0.0007651914687191533,1.358263629029961e-05,0.0044624988262853965,156
36005036700.0,36005036700.0,0.0,0.00038628760863211776,3.6479021116903767e-06,0.002439025309122312,10
36005002001.0,36005002001.0,0.0,0.0013434342360632444,6.674879120886994e-06,0.009473047285083233,92
36005002400.0,36005002400.0,0.0,0.002705427205765574,0.00013052652613161715,0.012192310274354466,470
36005007700.0,36005007700.0,0.0,0.0025427898500020294,3.1123809473892396e-05,0.015911725011552975,90
36061023000.0,36061023000.0,0.0,0.0008257626727477873,1.0633193196079834e-05,0.005127406989531532,240
36061023200.0,36061023200.0,0.0,0.0016699068465501888,3.601255173790399e-05,0.009300186822511882,309
36005043502.0,36005043502.0,0.003484320557491289,0.00587261355587641,0.0002295537648591116,0.02592648602596118,287
36005022401.0,36005022401.0,0.0,0.0012687703229560423,1.2035368775651225e-05,0.008102381098979056,162
36061020901.0,36061020901.0,0.0,0.0020727784423053485,5.574863119502066e-05,0.010613906895562273,270
36061025700.0,36061025700.0,0.0,0.00010564491829067886,2.4234601556927257e-06,0.0005900785477979736,290
36061019701.0,36061019701.0,0.0,0.0007574859455884665,2.706065454257242e-05,0.003991423766933344,276
36061020102.0,36061020102.0,0.0,0.00022102541847566264,2.6493265474089886e-06,0.001398452765060745,113
36005015500.0,36005015500.0,0.0,0.0004533395857978066,4.0144594580133395e-06,0.0029940075297689196,69
36005038500.0,36005038500.0,0.0,0.00048525861882344135,8.735145062169786e-06,0.0028242978222134717,144
36005039500.0,36005039500.0,0.004021447721179625,0.0007574590915533502,1.8289970727480668e-05,0.004258689010247286,746
36005028300.0,36005028300.0,0.01729106628242075,0.040771903872902214,0.007831311926230385,0.10761504203616903,347
36005028500.0,36005028500.0,0.0,0.00645239440232529,0.00021064702095777954,0.03321727089155508,137
36061006600.0,36061006600.0,0.0,0.0003735300967784393,5.221732971718223e-06,0.002378443704828223,604
36061005600.0,36061005600.0,0.0007396449704142012,0.0002741801480069072,3.6511176021693682e-06,0.0018008650036434551,1352
36061007400.0,36061007400.0,0.0,0.00014898919851678852,2.426095440213289e-06,0.0008777621178485967,1884
36081009100.0,36081009100.0,0.0,0.007490361683059475,8.718074411794196e-05,0.043613452933075135,121
36061015200.0,36061015200.0,0.0008576329331046312,0.004068767945308642,0.0003373083040865768,0.01440737110557756,1166
36081033100.0,36081033100.0,0.0018260075648884831,0.007570823281090557,0.0026857654248437883,0.015402099173079718,7667
36081076901.0,36081076901.0,0.0,0.0020450133827029063,4.933773260513152e-05,0.010746200009213483,473
36081076902.0,36081076902.0,0.0,0.0009351546727231835,1.6616703426537936e-05,0.005367873852736985,505
36081029900.0,36081029900.0,0.002136752136752137,0.007438787007058109,0.00053194946965194,0.028945151903101304,468
36081031700.0,36081031700.0,0.004166666666666667,0.017015387319657804,0.005154083736006761,0.038072092995534296,1920
36061002500.0,36061002500.0,0.004672897196261682,0.023283170254109125,0.0053335296814555596,0.05794592481423718,856
36005027401.0,36005027401.0,0.0,0.0005224081172237686,7.984076779534724e-06,0.0030650757411841553,667
36005027402.0,36005027402.0,0.0,0.013272942008118505,2.4621474007620505e-05,0.10581927753418842,11
36081071306.0,36081071306.0,0.0,0.00028191987201891394,3.528694532937493e-06,0.0018352022172285543,516
36061016700.0,36061016700.0,0.0,0.0024681783364437593,7.117752759810019e-05,0.011305427421440273,926
36081000104.0,36081000104.0,0.0011655011655011655,0.003176613464700147,0.0002808622268282166,0.010338358396823866,2574
36081129103.0,36081129103.0,0.013333333333333334,0.03542132701708426,0.0004320912204211672,0.15624908376065527,75
36061023300.0,36061023300.0,0.0,0.0020320204172377602,2.397733791784346e-05,0.011510032036761882,382
36061023700.0,36061023700.0,0.0,0.0022292312270389184,3.3220910489982376e-05,0.012444343753743337,458
36005041400.0,36005041400.0,0.0025380710659898475,0.006076266369733992,4.311473657433151e-05,0.03093118468361257,394
36005041800.0,36005041800.0,0.00390625,0.0042019360364723216,0.00014517897688035017,0.020587012706604034,256
36081053501.0,36081053501.0,0.0,0.0026488727733863906,9.0338109394119e-05,0.013180275990097811,345
36081052500.0,36081052500.0,0.0,0.0016291915400521433,3.377423358958176e-05,0.009818326247741689,254
36081059502.0,36081059502.0,0.008522727272727272,0.011811925750302472,0.0003863913628476023,0.04624075179407672,352
36005016500.0,36005016500.0,0.0,0.00042167793359371587,7.21432261546485e-06,0.002519317405161226,434
36005016700.0,36005016700.0,0.0,0.0015957195697856492,2.1676356137038534e-05,0.009590572426673057,272
36081002500.0,36081002500.0,0.0,0.0010234740871767802,2.3847383621177732e-05,0.0053078118991953145,1015
36061021400.0,36061021400.0,0.0,0.0011669936649410463,2.434655869347421e-05,0.006646384036976199,238
36005041100.0,36005041100.0,0.0,0.0007493013649516616,7.642373176393342e-06,0.004912372616805023,160
36005041300.0,36005041300.0,0.0,0.0009553761357895944,1.7754460728088676e-05,0.005565394371989077,222
36005030202.0,36005030202.0,0.0,0.00536251009238444,0.00012551189055951266,0.027041344557302057,244
36005046205.0,36005046205.0,0.0007022471910112359,0.002250779509736179,0.0001670537161289391,0.008748203535135285,1424
36081157101.0,36081157101.0,0.002369668246445498,0.0026271838679794196,5.42878827395846e-05,0.01276076721449007,844
36081157102.0,36081157102.0,0.0,0.0004880712856351554,1.916577453560884e-06,0.0035508710562925944,376
36005043501.0,36005043501.0,0.014446227929373997,0.05934404899561607,0.01982577848238972,0.1264481476712081,623
36005045101.0,36005045101.0,0.0,0.005847036352628545,0.00010633870365143945,0.03337103943333687,104
36081000701.0,36081000701.0,0.0,0.00048128880331729036,9.68367594427078e-06,0.00261769529045189,2419
36081001901.0,36081001901.0,0.0,0.0031790482308998794,0.00012956098418924754,0.013876510649038082,690
36061012902.0,36061012902.0,0.0017513134851138354,0.0011632731303190423,9.595972187094246e-06,0.006738467313610459,1142
36061013501.0,36061013501.0,0.0,0.0012803051925731135,1.867147217748441e-05,0.0071069738321740935,889
36061013502.0,36061013502.0,0.0,0.0008219565190555535,1.3885421349716365e-05,0.00431059013803257,1288
36005014500.0,36005014500.0,0.0,0.0009514860149504217,1.687106828597693e-05,0.005714251986754988,264
36005014701.0,36005014701.0,0.0,0.001505233307644318,2.127289789792606e-05,0.009117252271292568,107
36081001903.0,36081001903.0,0.0013686131386861315,0.0024723165005495714,0.00012642742583804758,0.009346642778709778,2192
36081003301.0,36081003301.0,0.0016750418760469012,0.0008762812305862767,1.7310250527718778e-05,0.004819291866275047,1194
36061011500.0,36061011500.0,0.0007680491551459293,0.00038199528897897876,6.021639865922749e-06,0.002351718618038071,1302
36081008800.0,36081008800.0,0.001483679525222552,0.0011738201310252678,3.490148353171974e-05,0.006065728518017476,674
36081006202.0,36081006202.0,0.008094186902133923,0.033338889465131784,0.011166534048356656,0.0693969674369375,1359
36061015900.0,36061015900.0,0.005031446540880503,0.0018088406716201223,2.0298685454085088e-05,0.010315651065889176,795
36061016300.0,36061016300.0,0.0018115942028985507,0.004763300637460447,0.0002001967442391845,0.018247365718514836,1104
36085000300.0,36085000300.0,0.0,0.002901808291569442,7.526925045524322e-06,0.020153660336397747,114
36085000600.0,36085000600.0,0.0,0.005764266026588776,2.192229888164204e-05,0.039469096472382,68
36085000700.0,36085000700.0,0.0,0.003842716466243645,2.044526462415115e-06,0.031985589721230265,67
36085000800.0,36085000800.0,0.0,0.00189457679995623,8.144665134625539e-06,0.013119042303248691,160
36085000900.0,36085000900.0,0.0,0.00040890524944935905,3.298335423646188e-07,0.003056483864177553,35
36085001100.0,36085001100.0,0.0,0.00041352376988768773,9.97560894574117e-07,0.0030096208211236337,21
36085001700.0,36085001700.0,0.0,0.0013480783594367494,2.084921060321496e-06,0.009285714979378341,14
36085002700.0,36085002700.0,0.0,0.005751149866756757,7.023076203607126e-06,0.04531288781945921,20
36085002900.0,36085002900.0,0.0,0.0011510027003887476,6.8145489869441344e-06,0.007521970734292871,170
36085003300.0,36085003300.0,0.0,0.0006686576509467338,2.4825834470832607e-06,0.004513234276963847,95
36085004001.0,36085004001.0,0.02702702702702703,0.0025083574716386475,3.5358297841322097e-06,0.020994299688780048,37
36085004002.0,36085004002.0,0.0,0.0010180916350057056,3.578895409516155e-06,0.007595060360784509,50
36085004003.0,36085004003.0,0.0,0.0003575026463031179,5.828413888586965e-07,0.0026495807347717186,81
36085004004.0,36085004004.0,0.0,0.0001631295139870526,8.111927727347484e-07,0.001100202674520062,481
36085004700.0,36085004700.0,0.0,0.0001742736542772317,1.4829098547963715e-06,0.0011493662296692614,459
36085005000.0,36085005000.0,0.0,0.00017325066817955315,1.8034149914101721e-06,0.001070141154473277,243
36085006700.0,36085006700.0,0.0,0.0006820587381705792,3.5549336503394242e-06,0.004746442057234296,94
36085007001.0,36085007001.0,0.005847953216374269,0.004754924024067165,1.518955213384668e-05,0.031241917818345802,171
36085007400.0,36085007400.0,0.0,0.0059158277938013044,3.075490179598077e-05,0.03755413834394983,119
36085008100.0,36085008100.0,0.0,0.004970808599158838,1.0413442297172354e-05,0.036855017009611135,30
36085009601.0,36085009601.0,0.0,0.0007714708932540175,1.9657599624912166e-06,0.005767472278381487,118
36085009602.0,36085009602.0,0.0,0.0046344882625502706,4.89737997770727e-05,0.027722321717668575,141
36085009701.0,36085009701.0,0.0,0.002770382788288797,7.5595867931620716e-06,0.020158394831349985,38
36085009702.0,36085009702.0,0.0,0.005838530805487722,2.055942000012866e-06,0.04811607920504516,11
36085010500.0,36085010500.0,0.0,0.0006327050825428316,1.4642600288466676e-06,0.004692591092744457,153
36085011201.0,36085011201.0,0.0,0.006706068097438923,9.941802075102247e-05,0.036464473611556296,167
36085011203.0,36085011203.0,0.0,0.002831079925728279,2.3049991763058494e-05,0.017424850815871556,239
36085011401.0,36085011401.0,0.0,0.0010345066685938187,5.503430264820448e-06,0.0070856829424586045,57
36085011402.0,36085011402.0,0.0,0.0013568430970844903,5.47185970933071e-06,0.009677791178416533,71
36085012100.0,36085012100.0,0.007936507936507936,0.0003986512230412368,6.855508520646762e-07,0.003138597446881944,126
36085012200.0,36085012200.0,0.0,0.0012088087641011608,5.092991170041225e-06,0.00859185133897503,143
36085012805.0,36085012805.0,0.015625,0.019750203382307378,1.1062159332881375e-05,0.12704689312372114,64
36085012806.0,36085012806.0,0.0,0.003181508233636477,8.523568364018152e-06,0.02252558926450649,109
36085013301.0,36085013301.0,0.0,0.0009184097329381753,2.55080137284129e-07,0.006883498345224072,16
36085013302.0,36085013302.0,0.0,0.0022095141020522227,1.4992149735017715e-05,0.013985432979991767,180
36085013400.0,36085013400.0,0.0,0.0005806669988160974,4.155816678029934e-06,0.0038150279966857573,110
36085014607.0,36085014607.0,0.0,0.002876949400824075,1.5912541872678018e-05,0.019582801067600995,141
36085014608.0,36085014608.0,0.0,0.0007246865731866229,1.031130001666923e-06,0.005833996487987194,53
36085015100.0,36085015100.0,0.0,0.0002393348039409128,1.2954654948369803e-06,0.0016159984969713755,122
36085015400.0,36085015400.0,0.0,0.007253286326786252,1.0827914540707763e-05,0.05479879578754747,36
36085015601.0,36085015601.0,0.0,0.0007123348159569386,2.1943299303711197e-06,0.0050858676259230955,143
36085015602.0,36085015602.0,0.0,0.0006274973911399653,1.8737358875833895e-06,0.004549462815803104,30
36085016901.0,36085016901.0,0.0,7.963349731044868e-05,5.222990103923569e-07,0.0005381701858825044,974
36085017007.0,36085017007.0,0.0,0.002556199356287322,9.367677705312565e-06,0.018713335611379736,44
36085017009.0,36085017009.0,0.0,0.00020114918831134871,7.926161612743835e-07,0.001416127471803893,90
36085017011.0,36085017011.0,0.0,0.0002822776523824479,7.419076726957041e-07,0.001916027138189569,18
36085017012.0,36085017012.0,0.0,0.0005270129745898493,5.852620595855642e-06,0.0033689108563578333,109
36085017013.0,36085017013.0,0.0,0.003771866127054073,7.728307501160314e-06,0.02917011576825403,51
36085017014.0,36085017014.0,0.0,0.00020689752250202293,5.510897045950473e-07,0.0014719300149246158,30
36085017015.0,36085017015.0,0.0,0.0005300215736645283,1.620530443131452e-06,0.0037381366395120787,28
36085017300.0,36085017300.0,0.0,0.00012439755733861395,1.7776411943658083e-07,0.0008496860770332698,83
36085017701.0,36085017701.0,0.0,0.001966228615027687,2.2085410194140115e-05,0.011710762418943532,341
36085017702.0,36085017702.0,0.0,0.000636784709086316,8.988094396796662e-07,0.004687539544800311,26
36085018100.0,36085018100.0,0.0,0.0025554479339470666,3.8917051329885756e-05,0.014809114093646098,174
36085018701.0,36085018701.0,0.0,0.00022021433459909527,1.981179927119392e-06,0.0014989717900284068,379
36085018703.0,36085018703.0,0.007246376811594203,0.00036207338803737955,5.266438124415328e-07,0.0027197002342197094,138
36085018704.0,36085018704.0,0.0043859649122807015,0.00034798827142438826,5.377042232816809e-07,0.002786873780845926,228
36085018901.0,36085018901.0,0.0,0.00019074049533043228,1.620547729492088e-06,0.0012429500586485006,163
36085018902.0,36085018902.0,0.0,0.00012063456137935762,5.629752921023651e-07,0.0008544893332296634,1224
36085019700.0,36085019700.0,0.0,0.00031992847011901336,7.690439818881951e-07,0.002378800761159941,29
36085020100.0,36085020100.0,0.0,0.00034201170272415076,2.0015990542884158e-06,0.0022103290661031126,92
36085020701.0,36085020701.0,0.0,0.0016611263324065619,3.1329250856788774e-06,0.012511350413169087,153
36085020702.0,36085020702.0,0.0,0.0008601731049955901,2.8864326411421518e-06,0.006342030347317729,81
36085020804.0,36085020804.0,0.0,0.00015517634679749047,8.915687400861595e-07,0.0010650176428108032,106
36085020805.0,36085020805.0,0.0,0.0006280213634645296,3.0427028881784868e-06,0.0045438537636569645,90
36085020806.0,36085020806.0,0.0,0.0027789564398336937,2.1249367251735475e-05,0.018495575048984355,71
36085022300.0,36085022300.0,0.0,0.001013822708961322,2.7083970580048466e-06,0.007476886220961119,185
36085022601.0,36085022601.0,0.0,0.000849629747194183,1.4785289037876884e-06,0.006393676242740768,245
36085022801.0,36085022801.0,0.011049723756906077,0.015375613923156936,0.00028586799306326593,0.0665698903629288,181
36085023100.0,36085023100.0,0.0,0.0007187451612324905,1.0572896683550957e-06,0.005552304303622748,162
36085023900.0,36085023900.0,0.0,0.0003496580595955275,1.8950186550081341e-06,0.002348442536445007,55
36085024401.0,36085024401.0,0.0,0.0014550236230188411,1.5197197107879174e-06,0.011740180427510181,115
36085024402.0,36085024402.0,0.0,0.003338285756552458,6.29385795147851e-07,0.029167743752267602,68
36085025100.0,36085025100.0,0.0,0.0007095860295527713,6.935885674127245e-06,0.004625622406291041,176
36085027301.0,36085027301.0,0.0,0.000978237238328727,2.3682451469086692e-05,0.005359289647481732,469
36085027302.0,36085027302.0,0.007874015748031496,0.0006463851570957169,1.1084550872353603e-06,0.004969654588477789,127
36085027704.0,36085027704.0,0.0,0.0007768409398900308,1.8377222941403025e-06,0.005745840358215853,47
36085027705.0,36085027705.0,0.0,0.002158714818235456,3.4929157030724577e-06,0.01708592078819647,26
36085027900.0,36085027900.0,0.0,0.001667778940758151,3.9395873584228466e-05,0.009388336953286064,211
36085029105.0,36085029105.0,0.0,0.003086462811128801,2.501794675215915e-05,0.01967837543018009,112
36085030302.0,36085030302.0,0.0,0.0003781891626638724,1.909438142007113e-06,0.002612058752305491,141
36085031902.0,36085031902.0,0.0,0.001613030594908323,1.5776785683910238e-06,0.013192180674709987,139
36047000100.0,36047000100.0,0.0,0.001926523996157318,8.688986258797817e-05,0.008783418598248566,703
36047000301.0,36047000301.0,0.006830601092896175,0.021775461310706918,0.0040213550193240535,0.057342246655771895,732
36047000501.0,36047000501.0,0.0,0.0015763055237190064,1.434935809508799e-05,0.01023945188088943,148
36047000502.0,36047000502.0,0.0,0.0011902210710087154,2.1136680661057955e-05,0.007140133587305215,211
36047000700.0,36047000700.0,0.0,0.0029332998274025344,0.000150948158517876,0.013005610238614247,480
36047001502.0,36047001502.0,0.0,0.0005353839033741779,8.302820825892905e-06,0.003189173469681208,756
36047001803.0,36047001803.0,0.024793388429752067,0.05863466989948098,0.0060465370802730515,0.1843337362633466,121
36047002000.0,36047002000.0,0.0,0.0019540545118044567,6.348904811664129e-05,0.009121550085595143,935
36047003000.0,36047003000.0,0.0,0.0012112942641750281,1.1754691276283972e-05,0.008168381241747697,117
36047003101.0,36047003101.0,0.0055248618784530384,0.005153467470924394,8.104970550242046e-05,0.025587277851955213,362
36047003102.0,36047003102.0,0.0,0.0049963209114006904,0.00014038298539137588,0.02613937225227618,156
36047003300.0,36047003300.0,0.0,0.0009414833468213956,2.5228012232819754e-05,0.005034148392795723,614
36047003400.0,36047003400.0,0.0,0.002698507173821013,3.366772426843749e-05,0.014381343290661815,552
36047003500.0,36047003500.0,0.0,0.000455511077012953,9.918253099271878e-06,0.0026440307941152093,559
36047003600.0,36047003600.0,0.0,0.0005162302778957802,6.84965505185412e-06,0.0032907329410875063,49
36047003700.0,36047003700.0,0.0,0.000174022581959775,4.034967589429241e-06,0.0009903207869969986,637
36047003800.0,36047003800.0,0.0,0.003969505591610243,7.311105980143314e-06,0.029338200716590993,76
36047003900.0,36047003900.0,0.0,0.000554720318018067,1.2549123654222247e-05,0.003128254106842144,688
36047004100.0,36047004100.0,0.0,0.0007887863132508466,1.2966394361159016e-05,0.004657137260824801,440
36047004300.0,36047004300.0,0.0,0.00042892261144189254,4.9065609541116756e-06,0.0028706592686889676,532
36047004400.0,36047004400.0,0.0,0.0031224559497674293,3.150610500109747e-05,0.0196574463168647,175
36047004500.0,36047004500.0,0.0,0.0009528953681417146,2.7746916537163895e-05,0.0052612862374773585,339
36047004700.0,36047004700.0,0.0,0.0029862220182504595,0.0002267831864867183,0.010809190693222377,1298
36047004900.0,36047004900.0,0.0,0.005232471530855617,0.00015041505945892668,0.025744842532452225,240
36047005000.0,36047005000.0,0.0,0.0026738004597959076,8.838411678293298e-06,0.018742266435680235,87
36047005201.0,36047005201.0,0.0,0.003498620821897075,4.933630358272178e-06,0.02612768846111759,92
36047005202.0,36047005202.0,0.0,0.001604623217993435,1.1534837847651307e-06,0.013350665224486843,81
36047005301.0,36047005301.0,0.017985611510791366,0.07510138289734701,0.018078235184873663,0.1830036657330944,278
36047005303.0,36047005303.0,0.01948051948051948,0.08236395807514964,0.013625663620746083,0.2301709151297273,154
36047005400.0,36047005400.0,0.013333333333333334,0.00724171646174551,5.559648942944829e-06,0.057716916433521635,75
36047005601.0,36047005601.0,0.0,0.0030152991333254903,5.766632091291072e-06,0.022393610630287573,80
36047005602.0,36047005602.0,0.0,0.0019767254221099515,3.8641845131279945e-06,0.014869210085421107,228
36047005800.0,36047005800.0,0.0,0.000366714379594696,1.3865750224330397e-06,0.0025459809632473475,204
36047006000.0,36047006000.0,0.0,0.000935680977578605,3.1171295121248155e-06,0.006670008144616169,96
36047006200.0,36047006200.0,0.0,0.0004625731179348283,3.0321183943454024e-06,0.0030216221098851963,83
36047006400.0,36047006400.0,0.0,0.0010210751739806489,1.1784773139679037e-05,0.006482020000474262,132
36047006500.0,36047006500.0,0.0,0.0017729984721438243,8.338303507520791e-05,0.008087083855792392,703
36047006600.0,36047006600.0,0.0,0.0009292094205780811,9.822750848247715e-06,0.005904749227223451,106
36047006700.0,36047006700.0,0.0,0.0015828759755883298,6.37776276285832e-05,0.008072704036011185,272
36047006800.0,36047006800.0,0.0,0.0012420640217915386,2.1599094290153337e-05,0.0073099258193053945,196
36047006901.0,36047006901.0,0.0,0.0017900032756725936,2.0855849239758634e-05,0.011067706717568807,145
36047006902.0,36047006902.0,0.0,0.0014633073273813426,1.3235465655623249e-05,0.00963121594288268,179
36047007000.0,36047007000.0,0.0021691973969631237,0.0027126204090619156,9.070438929454635e-05,0.012622853011141924,461
36047007100.0,36047007100.0,0.0,0.003528531674772513,0.0001136722236990778,0.017512068876942927,300
36047007200.0,36047007200.0,0.008797653958944282,0.012526665146211024,1.2673442912631396e-05,0.05819453336525639,341
36047007400.0,36047007400.0,0.0,0.0013473155487682554,1.6755840608608828e-05,0.00832017123480494,203
36047007600.0,36047007600.0,0.0,0.0016118053617656745,2.2655853436421538e-05,0.009993805261028521,194
36047007800.0,36047007800.0,0.0,0.001137887819612332,1.572218949165705e-05,0.0069988113137664214,190
36047008000.0,36047008000.0,0.0,0.0011531145186211486,1.860957116684738e-05,0.007031501186025936,256
36047008200.0,36047008200.0,0.0,0.001241560200505005,1.6520629719613644e-05,0.007718786080866076,272
36047008400.0,36047008400.0,0.0,0.0024994570169858256,0.00010417526648501389,0.011474734766754185,761
36047008500.0,36047008500.0,0.0,0.010509132376892057,0.00014342142895696272,0.05903347253143969,95
36047008600.0,36047008600.0,0.0,0.002288550616757772,3.486678310134983e-05,0.014273446175396175,59
36047008800.0,36047008800.0,0.0,0.003875841316001351,5.6876416765210995e-05,0.02226835500657771,171
36047009001.0,36047009001.0,0.0,0.0023405834844040362,1.7352599110376966e-05,0.016484317912050503,36
36047009002.0,36047009002.0,0.0,0.0019331005741413307,1.5661408274349073e-05,0.012931892662848709,48
36047009201.0,36047009201.0,0.0,0.0004250049040167884,4.427282300665213e-06,0.002773894356924768,18
36047009202.0,36047009202.0,0.0,0.001373781388202431,1.245699850328927e-05,0.00925212391066962,32
36047009401.0,36047009401.0,0.0,0.0007978120095096113,8.615075061447417e-06,0.0051792861229418155,64
36047009402.0,36047009402.0,0.0,0.001142116365629749,9.74419439278462e-06,0.0074612022457707415,54
36047009600.0,36047009600.0,0.0,0.001435195758829055,2.0674632993570804e-05,0.008630863385706884,162
36047009800.0,36047009800.0,0.0,0.001035298560285219,1.3345266016113341e-05,0.006387990865243337,115
36047010000.0,36047010000.0,0.0,0.0007208233031769653,8.697261133651029e-06,0.00438130256959055,102
36047010200.0,36047010200.0,0.0,0.001033977647999028,9.89740911657671e-06,0.006883669562267296,126
36047010401.0,36047010401.0,0.0,0.0018381602236054776,1.242044147451341e-05,0.013159083772826612,54
36047010402.0,36047010402.0,0.0,0.006455944466066549,3.883392139185199e-05,0.04510334722911632,40
36047010601.0,36047010601.0,0.0,0.0012060857938774657,1.292506379534946e-05,0.007677652234986368,50
36047010602.0,36047010602.0,0.0,0.002603567172359024,2.3727863726915563e-05,0.016981732265998844,30
36047010801.0,36047010801.0,0.0,0.0007628212405523569,8.94934821217001e-06,0.00479403302562492,58
36047010802.0,36047010802.0,0.0,0.0012365878763211347,1.1239694003847792e-05,0.008272526734365604,41
36047011000.0,36047011000.0,0.0,0.0021299207986797504,3.774265103173915e-05,0.012296794035769188,178
36047011200.0,36047011200.0,0.0,0.0011017713992366772,1.3641885601617426e-05,0.006788613645029574,177
36047011400.0,36047011400.0,0.0,0.000986682433316078,1.4364360722558218e-05,0.0061611391564802805,179
36047011600.0,36047011600.0,0.0,0.0011802897667955168,2.097200569154396e-05,0.0075287396550315034,62
36047011800.0,36047011800.0,0.0,0.0014480654879667904,3.1213152502462306e-05,0.00858433182434553,163
36047011901.0,36047011901.0,0.0036596523330283625,0.015808846303128034,0.0034454591168305965,0.04078333591348857,1093
36047011902.0,36047011902.0,0.013119533527696793,0.06040334065389807,0.019666754275639322,0.1283259663394721,686
36047012000.0,36047012000.0,0.0038910505836575876,0.0015802777706453838,1.5518910999927584e-05,0.009999834269567012,514
36047012100.0,36047012100.0,0.0018050541516245488,0.0038263901094280663,6.0680783055643644e-05,0.019584136288104483,554
36047012200.0,36047012200.0,0.0,0.0024905937545968947,4.237636886979534e-05,0.0138424397890957,285
36047012600.0,36047012600.0,0.0,0.0008701236460883926,2.150806233413688e-05,0.004531498156510735,798
36047012700.0,36047012700.0,0.0,0.0018635394895189998,4.491247167679387e-05,0.010278424132755867,372
36047012801.0,36047012801.0,0.0,0.0005440784565285411,5.497602092753969e-06,0.0035694989994709066,58
36047012901.0,36047012901.0,0.0,0.0012437477482496724,2.177280623647417e-05,0.00700435446792942,538
36047012902.0,36047012902.0,0.0,0.0014882414351797418,3.684971233559384e-05,0.007671663993325089,488
36047013000.0,36047013000.0,0.0,0.001539224179700767,1.3983578437295188e-05,0.009765856852010937,299
36047013100.0,36047013100.0,0.0,0.0009941684959715567,2.7592159595823017e-05,0.005440608541805448,358
36047013200.0,36047013200.0,0.0,0.00032491295593881303,4.752442402294062e-06,0.0020393268023695802,91
36047013300.0,36047013300.0,0.0,0.004164929563614089,0.00010594122180222143,0.020834874139656148,332
36047013400.0,36047013400.0,0.0,0.0004610227167114161,9.279344402827265e-06,0.002565898223391047,669
36047013500.0,36047013500.0,0.0,0.006384169144807164,0.0001676835598059397,0.03170063926067794,199
36047013600.0,36047013600.0,0.0,0.0004423409644431625,7.007736115551764e-06,0.0027588460622468033,283
36047013700.0,36047013700.0,0.0,0.0029611645769870966,8.418954374067906e-05,0.01496019675687444,319
36047013800.0,36047013800.0,0.0,0.00038246147857197074,2.861632578498677e-06,0.0026048177723957807,169
36047013900.0,36047013900.0,0.0,0.0018030002859749815,3.906790817475664e-05,0.009175036224993601,516
36047014000.0,36047014000.0,0.0,0.00037398811412792777,5.862481401468758e-06,0.0022978700336291342,135
36047014200.0,36047014200.0,0.0,0.00023198020613862615,2.3020443352197764e-06,0.0015392458849307431,634
36047014700.0,36047014700.0,0.004545454545454545,0.004571963277366305,4.203147466139703e-05,0.027679285938802745,220
36047014800.0,36047014800.0,0.0,0.001634414819289693,1.060340347597788e-05,0.011617612575370787,56
36047014901.0,36047014901.0,0.0,0.002868690043889149,4.9827356623966776e-05,0.017273610514038515,144
36047014902.0,36047014902.0,0.0,0.0018700868942818736,4.931493281554919e-05,0.009927360524764811,359
36047015000.0,36047015000.0,0.0,0.001553610535989342,1.4828375455210465e-05,0.01018421483389982,72
36047015100.0,36047015100.0,0.0,0.0011853845869674816,1.6388998703283307e-05,0.007258942279598861,363
36047015200.0,36047015200.0,0.0,0.0010512620163520554,1.1666021638626907e-05,0.006716893968856166,114
36047015300.0,36047015300.0,0.0,0.0017003777592516527,3.740092590274148e-05,0.009142188542884167,481
36047015400.0,36047015400.0,0.002079002079002079,0.004820448404288251,0.00023474081486525228,0.020534426498164,481
36047015500.0,36047015500.0,0.0,0.0015492846677090614,3.082613560117632e-05,0.00891319695341031,277
36047015700.0,36047015700.0,0.0,0.003167605165948836,7.488115497015913e-05,0.01649928055137732,387
36047015900.0,36047015900.0,0.0010845986984815619,0.0024219617704901485,0.00014003287216237564,0.010037276532720015,922
36047016000.0,36047016000.0,0.0,0.00024760107651522104,3.5799082677049998e-06,0.001527579882581793,689
36047016100.0,36047016100.0,0.002642007926023778,0.005290046971357995,0.00020274471081868636,0.021099753808944622,757
36047016300.0,36047016300.0,0.002127659574468085,0.0017561045491113806,4.4371888215863035e-05,0.009394383472115717,470
36047016500.0,36047016500.0,0.0,0.0016724089836507737,5.631802560330658e-05,0.0077982067269673164,717
36047016600.0,36047016600.0,0.0,0.0011770896531379056,1.4263804528711965e-05,0.007525009225892021,130
36047016700.0,36047016700.0,0.0,0.0011855632106628881,3.8010841064196184e-05,0.006153051774440943,670
36047016800.0,36047016800.0,0.0023752969121140144,0.0049845472707894444,4.9287806520347636e-05,0.025373452059058423,421
36047016900.0,36047016900.0,0.0,0.0022340324180355926,4.777028172368606e-05,0.011734111383645905,402
36047017000.0,36047017000.0,0.0,0.001125930192800757,6.2972540603236916e-06,0.00791154752311815,212
36047017200.0,36047017200.0,0.0,0.0015294791019767918,1.734371144256472e-05,0.01003568166175019,117
36047017400.0,36047017400.0,0.0,0.0020779680942591937,2.5049111542790287e-05,0.01175702120053737,480
36047017500.0,36047017500.0,0.0011918951132300357,0.005864524590412396,0.0004969788027029832,0.020537302470087015,839
36047017600.0,36047017600.0,0.0,0.0022541306637847676,1.586198612897266e-05,0.014230762431091093,331
36047017800.0,36047017800.0,0.0,0.0007310021944657788,6.388673695859451e-06,0.004858464441475176,175
36047017900.0,36047017900.0,0.0,0.0006253505808687688,1.4790836140923193e-05,0.0035606371182790495,601
36047018000.0,36047018000.0,0.0,0.0010118352143719833,1.1276301387288634e-05,0.006706745282313498,164
36047018100.0,36047018100.0,0.0,0.0005733114980736363,1.1157781660673185e-05,0.003352762947386525,523
36047018200.0,36047018200.0,0.0,0.0021510595335213697,2.7727707107473032e-05,0.013294203909326079,107
36047018300.0,36047018300.0,0.0,0.0007479205054718477,1.4234347919002142e-05,0.004237447340078997,452
36047018400.0,36047018400.0,0.0,0.0009050740158093407,7.476828752154e-06,0.006174840559145295,53
36047018501.0,36047018501.0,0.0,0.003190606152460267,6.325091891000163e-05,0.016482255309919418,393
36047018600.0,36047018600.0,0.0,0.003696842421174593,1.5780844544357782e-05,0.026947413911949387,38
36047018700.0,36047018700.0,0.0023584905660377358,0.005496782470183803,0.00018519951410335967,0.025115075196162365,424
36047018800.0,36047018800.0,0.0,0.0010290338196886242,1.2594513201383103e-05,0.006601968727192134,106
36047019000.0,36047019000.0,0.0,0.0006009561014045236,7.07731620837109e-06,0.0038508526675699816,221
36047019100.0,36047019100.0,0.0,0.0011878463198934572,5.5217176643111505e-05,0.005410760239915888,1171
36047019200.0,36047019200.0,0.0,0.0023078771836409365,3.8574796664773254e-05,0.01366069054623297,155
36047019300.0,36047019300.0,0.0,0.0020505965396548555,4.0004649529523115e-05,0.011579078377701632,294
36047019400.0,36047019400.0,0.0,0.0008571107544955861,1.2365475210913407e-05,0.005194386941263448,288
36047019500.0,36047019500.0,0.0,0.0011239280840865747,1.4998799134924671e-05,0.0070315343774144164,291
36047019600.0,36047019600.0,0.0,0.00047122315269914673,6.317448952063542e-06,0.002981264361902465,97
36047019700.0,36047019700.0,0.0,0.00037420737490078505,7.102871959619358e-06,0.0022499590532199733,560
36047019800.0,36047019800.0,0.0,0.0011847359133271222,1.2997473778536842e-05,0.00753059472545365,49
36047019900.0,36047019900.0,0.00228310502283105,0.0005903957645882639,5.33136888909133e-06,0.0040727131999308995,876
36047020000.0,36047020000.0,0.0,0.0009781910211565748,7.425982336171256e-06,0.006503984940415669,54
36047020100.0,36047020100.0,0.0,0.00035583543911423774,3.4758076520009542e-06,0.0024158767658492195,459
36047020200.0,36047020200.0,0.0,0.0009450620442712401,4.332344146365038e-06,0.00662706355143457,38
36047020300.0,36047020300.0,0.0,0.0009326410707869005,1.5454587731429315e-05,0.005579718197667849,538
36047020400.0,36047020400.0,0.0,0.0007275455702349349,2.589823648972173e-06,0.005410365930988802,67
36047020500.0,36047020500.0,0.0,0.0010817994124268598,1.7032172931472096e-05,0.006346702148159807,424
36047020600.0,36047020600.0,0.0,0.00023061086237941578,2.366148698655679e-06,0.0014961694840464638,130
36047020700.0,36047020700.0,0.0,0.0024034196674453568,6.930180555123737e-05,0.012053054741576835,374
36047020800.0,36047020800.0,0.0,0.0005480274461403832,5.484701548607557e-06,0.0036524694520298777,87
36047021000.0,36047021000.0,0.0,0.000574309116715634,5.5285938116814215e-06,0.003729326517167908,75
36047021100.0,36047021100.0,0.0,0.00485265069114816,0.00024051224708846093,0.02107798512103095,374
36047021200.0,36047021200.0,0.0,0.0008576336760488388,1.310894435742009e-05,0.005405321321344427,292
36047021300.0,36047021300.0,0.0,0.0021284708887623544,4.486329661602834e-05,0.011387419630126999,376
36047021400.0,36047021400.0,0.0,0.0006303265521045719,7.426820100604364e-06,0.003974416086052688,112
36047021500.0,36047021500.0,0.0,0.0008081467826952611,1.849023840695807e-05,0.004436665930300466,566
36047021600.0,36047021600.0,0.0,0.003393946261816384,4.773455662346098e-05,0.02080687570880999,96
36047021700.0,36047021700.0,0.0,0.0016016534831387226,3.3102446843076134e-05,0.009338013533082171,323
36047021800.0,36047021800.0,0.0,0.0016586082221974263,2.2376413200492272e-05,0.010269015001938843,143
36047021900.0,36047021900.0,0.0,0.0006952925156706077,1.9334838614567832e-05,0.0036646544005998283,470
36047022000.0,36047022000.0,0.0,0.0011554409344579947,1.5337652926465192e-05,0.00714562688434902,224
36047022100.0,36047022100.0,0.0,0.0007321239585103233,1.4577263910483114e-05,0.004269651669604815,393
36047022200.0,36047022200.0,0.0,0.0011379992662827597,1.6695310860189002e-05,0.007029896423758278,215
36047022400.0,36047022400.0,0.0,0.0037195295345187965,7.694525907082026e-05,0.019677178403817115,244
36047022600.0,36047022600.0,0.004405286343612335,0.012009309101510717,0.0006912068390853207,0.048355196447771434,227
36047022700.0,36047022700.0,0.0,0.0008059157486519194,1.8806217649317994e-05,0.004273573309181859,955
36047022800.0,36047022800.0,0.010676156583629894,0.03223776921921218,0.003068504046379303,0.09828755729557163,281
36047022900.0,36047022900.0,0.0,0.000497685822676681,2.4314739410646665e-06,0.003572188971213793,341
36047023000.0,36047023000.0,0.0,0.004604234721737731,0.0001268704410469669,0.024689846795180943,127
36047023100.0,36047023100.0,0.0,0.0009762286223335313,9.526512628967472e-06,0.006072793883131041,298
36047023200.0,36047023200.0,0.0,0.0036450454887221283,0.00010175600338652783,0.0186358152290296,264
36047023300.0,36047023300.0,0.0,0.0004550644279041745,4.1043601242605785e-06,0.0029886459872323205,451
36047023400.0,36047023400.0,0.004975124378109453,0.007724129340973877,8.348767186476197e-05,0.04021559996647512,201
36047023500.0,36047023500.0,0.0,0.0012371891061770696,1.0354312436642289e-05,0.008299243459165459,224
36047023600.0,36047023600.0,0.0,0.0020217603144326583,4.058616170355989e-05,0.011736893143217129,229
36047023800.0,36047023800.0,0.0,0.0013367234237802279,2.2838450581718282e-05,0.008155808654415947,136
36047024000.0,36047024000.0,0.0,0.0013449393271122616,1.8645317640681948e-05,0.008276721810993402,164
36047024100.0,36047024100.0,0.0,0.0007870198428669337,1.337307194201574e-05,0.0046601609373509555,418
36047024200.0,36047024200.0,0.0,0.0014620257220624006,2.2327650406083898e-05,0.009116161436759496,161
36047024300.0,36047024300.0,0.0,0.0006827682217881842,7.630772415616968e-06,0.004146872434950047,273
36047024400.0,36047024400.0,0.0,0.00406657215829178,6.814615537370008e-05,0.022981977010196598,144
36047024500.0,36047024500.0,0.0,0.0005657796076094014,5.445757113968596e-06,0.0036932252466015704,315
36047024600.0,36047024600.0,0.0,0.00493834250633932,0.00011267129366641805,0.027183691815290036,96
36047024700.0,36047024700.0,0.0,0.00045703699853662396,1.0291430217274247e-05,0.002523849717764913,400
36047024800.0,36047024800.0,0.005291005291005291,0.0077437610500325745,0.00025740231878332504,0.03788618789138311,189
36047024900.0,36047024900.0,0.0,0.000673568015159348,7.280884975285315e-06,0.004505771053096152,263
36047025000.0,36047025000.0,0.0,0.0009871697052890422,1.3784442781064623e-05,0.006124333127078132,209
36047025100.0,36047025100.0,0.0,0.0005814708528192086,9.727975972188907e-06,0.00361113261725099,189
36047025200.0,36047025200.0,0.0,0.0014923180497522805,2.197852758380705e-05,0.008918396659084636,374
36047025300.0,36047025300.0,0.0,0.0011176488936022655,2.9559612682094538e-05,0.006087378782482982,272
36047025400.0,36047025400.0,0.0,0.002719990310448537,8.869560949311932e-05,0.013770248420642657,192
36047025500.0,36047025500.0,0.012903225806451613,0.06167281427328607,0.009095339550027793,0.17891044468563094,155
36047025600.0,36047025600.0,0.0,0.004441603480708986,0.00012259807678268654,0.022667086236246893,160
36047025700.0,36047025700.0,0.0,0.0024728383817438577,7.460146969043803e-05,0.012941821178891916,279
36047025800.0,36047025800.0,0.0,0.004170613870591707,4.722532639996088e-05,0.025834017580494834,130
36047025901.0,36047025901.0,0.0,0.00037260207685800833,5.20788634617417e-06,0.002236798008791668,95
36047025902.0,36047025902.0,0.0,0.0015365327369563937,8.249323590069154e-06,0.010878545225688856,77
36047026000.0,36047026000.0,0.0,0.002201982288639799,2.7572772976945092e-05,0.013580975721740302,116
36047026100.0,36047026100.0,0.0,0.0005243732077592657,6.255100022865522e-06,0.0035486819693644847,265
36047026200.0,36047026200.0,0.0,0.0005316505703927911,3.0989825764612783e-06,0.003758135807066128,115
36047026300.0,36047026300.0,0.0,0.0006008880607113489,5.635324337416411e-06,0.0037940977386205707,99
36047026400.0,36047026400.0,0.00684931506849315,0.0015947189025705068,1.414929329631177e-05,0.011354727138708132,146
36047026500.0,36047026500.0,0.0,0.00033167584197432893,3.0202206105193887e-06,0.0022355367483520173,282
36047026600.0,36047026600.0,0.0,0.004335435706548627,5.717335692648383e-05,0.02726760462692346,81
36047026700.0,36047026700.0,0.0,0.0004894378039595592,3.946718436980434e-06,0.0033319646007401384,260
36047026800.0,36047026800.0,0.0,0.0054050971755104866,0.00013790472006728764,0.029844383800634547,92
36047026900.0,36047026900.0,0.0,0.00032254613476124735,2.2976764735613407e-06,0.002254944658243704,230
36047027000.0,36047027000.0,0.0,0.0018274097477098835,6.524950683015408e-05,0.009625757375434632,149
36047027100.0,36047027100.0,0.002364066193853428,0.0004955237649626708,7.792014204252342e-06,0.0032475533824833816,423
36047027200.0,36047027200.0,0.0,0.005652839994777189,0.00026413431225632807,0.02673445407527997,125
36047027300.0,36047027300.0,0.0,0.000395003264493087,2.2662466761025485e-06,0.002753128672439683,164
36047027400.0,36047027400.0,0.0,0.004140128280856449,8.787534694556247e-05,0.024245972973115225,105
36047027500.0,36047027500.0,0.0,0.001109048244701953,1.5501815455403133e-05,0.0065588807689337635,277
36047027600.0,36047027600.0,0.0,0.002083191689871051,4.12784175495058e-05,0.012299740457753266,95
36047027700.0,36047027700.0,0.0,0.0004338591497853396,4.954990725459447e-06,0.002795858165505772,266
36047027800.0,36047027800.0,0.015384615384615385,0.013751308860687268,5.6534532769510716e-05,0.07369148834065341,130
36047027900.0,36047027900.0,0.0,0.0008434525250353722,1.3263814065219992e-05,0.005177173848818403,293
36047028000.0,36047028000.0,0.0,0.0042163465536154505,4.502213843990059e-05,0.02338096259297408,227
36047028100.0,36047028100.0,0.0,0.0004645321897198374,6.256337050029442e-06,0.002802367511391665,292
36047028200.0,36047028200.0,0.0,0.004593059416244984,8.455998544886426e-05,0.022792071208890922,348
36047028300.0,36047028300.0,0.0,0.0007617361084103941,8.057747343838333e-06,0.004975675620914016,192
36047028400.0,36047028400.0,0.0,0.0024605696959212444,4.615649936649489e-05,0.014298036138336127,129
36047028501.0,36047028501.0,0.0,0.002046076780825428,4.0824078591011555e-05,0.011806470400880635,109
36047028502.0,36047028502.0,0.0,0.0007891306144332464,8.217461179073216e-06,0.005254411374218504,149
36047028600.0,36047028600.0,0.0,0.004530119371339803,0.00012243600528173923,0.02149659415478765,365
36047028700.0,36047028700.0,0.0,0.0003589059451623832,4.115240147633902e-06,0.002379133872022689,199
36047028800.0,36047028800.0,0.0,0.0037430333053501273,0.00010938015296283271,0.01977977177219253,107
36047029000.0,36047029000.0,0.008130081300813009,0.041484514052796566,0.0035283378822541797,0.1447952560366873,123
36047029100.0,36047029100.0,0.0,0.0005325951630149617,5.9983575605602295e-06,0.0035313929067172993,160
36047029200.0,36047029200.0,0.00998003992015968,0.0419283549223452,0.009601176513493764,0.10420503627142844,501
36047029300.0,36047029300.0,0.0,0.00020592961920590466,2.5083140498521323e-06,0.0012712618304069727,150
36047029400.0,36047029400.0,0.0030120481927710845,0.02066279267962137,0.0019657331847008053,0.06815710128628935,332
36047029500.0,36047029500.0,0.0,0.0003738300451139619,4.337308172731323e-06,0.002358763964579271,160
36047029600.0,36047029600.0,0.022304832713754646,0.10002674861139287,0.028900775204123267,0.2287221826632046,269
36047029700.0,36047029700.0,0.0,0.00034888935451399814,3.1648456564524255e-06,0.0023315363744828865,123
36047029800.0,36047029800.0,0.016736401673640166,0.05167859857121234,0.008665264694117287,0.14221508930677348,239
36047029900.0,36047029900.0,0.0,0.0007380327193665105,1.3376590583043306e-05,0.004300824521454177,614
36047030000.0,36047030000.0,0.020689655172413793,0.0879704683280095,0.01759243100650291,0.22926585364565294,145
36047030100.0,36047030100.0,0.0,0.00022693183651601107,3.2937912608099195e-06,0.0013909000357617664,657
36047030200.0,36047030200.0,0.017543859649122806,0.06482355662651583,0.010837637746729804,0.18026398220673118,171
36047030300.0,36047030300.0,0.0,0.0004258667294588285,5.129754873303162e-06,0.0026986994338070386,698
36047030400.0,36047030400.0,0.0017211703958691911,0.01068726864646048,0.0007157553095549944,0.03680399570804949,581
36047030500.0,36047030500.0,0.0,0.0010968276701300188,4.6567175781786916e-05,0.005277153449779317,751
36047030600.0,36047030600.0,0.0196078431372549,0.07246127384780142,0.009099827405100385,0.2174553998222639,102
36047030700.0,36047030700.0,0.0,0.0009344074784172072,2.272342874864346e-05,0.005189766646910455,590
36047030800.0,36047030800.0,0.0,0.020204126697699838,0.0018350621103255921,0.07248642338077554,194
36047030900.0,36047030900.0,0.0016,0.001152203607803945,1.032502375159939e-05,0.007380323826416091,625
36047031100.0,36047031100.0,0.0,0.00033713541289910316,2.535603307641697e-06,0.0021576314200140775,606
36047031300.0,36047031300.0,0.0,0.00045649899639856615,5.35650524177397e-06,0.0028851811766807565,654
36047031401.0,36047031401.0,0.0030581039755351682,0.013338194844635004,0.001816435768747066,0.03779101373200461,981
36047031402.0,36047031402.0,0.06666666666666667,0.21038999433369332,0.009618856351798771,0.7384210219036127,15
36047031500.0,36047031500.0,0.0,0.0005004139444644439,3.990172639078051e-06,0.0031842852910894228,816
36047031701.0,36047031701.0,0.0,0.0007723399268126193,1.0153036806223048e-05,0.004904294915764764,256
36047031702.0,36047031702.0,0.0,0.00047906081257335096,1.2419032503436638e-05,0.0026476191946419453,499
36047031900.0,36047031900.0,0.0,0.0008647249444077568,1.554532348491393e-05,0.005269972488494021,174
36047032100.0,36047032100.0,0.0,0.001353759001798388,2.1221391528956384e-05,0.007981903096518597,367
36047032300.0,36047032300.0,0.0,0.001588959919967805,2.5849320218957103e-05,0.009443322594693007,392
36047032500.0,36047032500.0,0.0,0.00197181775667832,3.267828837250497e-05,0.011473577439775137,254
36047032600.0,36047032600.0,0.009009009009009009,0.03737590031123534,0.0061929585752834825,0.10365511709324411,333
36047032800.0,36047032800.0,0.07142857142857142,0.34250871174200587,0.12139505316566719,0.6783229189078429,140
36047032900.0,36047032900.0,0.003246753246753247,0.0033260519967354867,0.00013101533054598864,0.016298643294047323,308
36047033000.0,36047033000.0,0.1565217391304348,0.6340795344574932,0.2919172742470417,0.9362057670670894,115
36047033100.0,36047033100.0,0.0,0.0007891526807280477,1.4006477245230696e-05,0.004755770628215129,254
36047033300.0,36047033300.0,0.0,0.0011105451149063673,1.1083011356614915e-05,0.007221995518452634,221
36047033500.0,36047033500.0,0.0,0.0007115384386957958,1.0181323595515971e-05,0.004418216164834436,252
36047033600.0,36047033600.0,0.0,0.07453003330836419,0.00784601770574261,0.24685958903320115,105
36047033701.0,36047033701.0,0.0,0.00026760014396862077,2.5419509890670036e-06,0.0017657105115798319,596
36047033702.0,36047033702.0,0.0,0.0003852418321628872,3.0779663340946704e-06,0.0025978443462560327,138
36047033900.0,36047033900.0,0.006711409395973154,0.001505864148879888,2.010220082065749e-05,0.009536040012127897,298
36047034000.0,36047034000.0,0.14583333333333334,0.5118559588520454,0.17939001056900378,0.8901867480346505,48
36047034100.0,36047034100.0,0.0,0.0010474371898147416,1.0300074686862253e-05,0.006841372006369501,126
36047034200.0,36047034200.0,0.10909090909090909,0.4703601834333616,0.14703881120235876,0.8934977079950717,55
36047034300.0,36047034300.0,0.0,0.0013715602724084376,1.3471807855754269e-05,0.008843721963255956,194
36047034500.0,36047034500.0,0.0035842293906810036,0.001358334232338434,1.375046969274769e-05,0.009048417858371415,279
36047034700.0,36047034700.0,0.004901960784313725,0.0018584303464662607,1.0516312925872156e-05,0.013838694040072074,204
36047034800.0,36047034800.0,0.0025906735751295338,0.01865648122983587,0.003803346060173155,0.04904143981173279,772
36047034901.0,36047034901.0,0.0,0.0007189746053794052,7.121843944775118e-06,0.004804743529019164,236
36047034902.0,36047034902.0,0.0,0.0009524256502976469,1.3846167990501778e-05,0.00603777872538089,102
36047035000.0,36047035000.0,0.0,0.008192871583067595,8.74444629877366e-05,0.046297369087586554,139
36047035101.0,36047035101.0,0.0,0.0007593905740580806,7.43869123354652e-06,0.004930296113863549,319
36047035102.0,36047035102.0,0.0,0.0008909987336736574,6.584908625656703e-06,0.006306146259000552,119
36047035200.0,36047035200.0,0.008403361344537815,0.060050505411154496,0.012802971672339876,0.1570629418446088,238
36047035301.0,36047035301.0,0.0,0.0005199743362275704,7.54680400327118e-06,0.003130791171250448,297
36047035302.0,36047035302.0,0.0,0.0010429218036649658,2.005872893216673e-05,0.005930981144268106,174
36047035500.0,36047035500.0,0.0,0.0007428865310117557,2.8670084474034638e-05,0.004017087771302369,370
36047035601.0,36047035601.0,0.0,0.011483869141874839,0.00011597670897204003,0.06767250952005159,65
36047035602.0,36047035602.0,0.0,0.012060429119115017,0.0004932306746615969,0.05450379006483362,129
36047035701.0,36047035701.0,0.0,0.0009010546032466608,4.6509848878441115e-06,0.006291151815584868,167
36047035702.0,36047035702.0,0.0,0.0009680607546701665,2.5146890312455933e-05,0.005472333430758757,173
36047035900.0,36047035900.0,0.0,0.0007051917989431572,1.593413746706396e-05,0.004146693240398217,298
36047036001.0,36047036001.0,0.01818181818181818,0.044655668578168106,0.001245922547296429,0.196673594508512,55
36047036002.0,36047036002.0,0.0,0.007055918120117211,0.0001105306260065127,0.04181280279816791,60
36047036100.0,36047036100.0,0.0,0.0004896513877155124,5.644026167548427e-06,0.003210763238250906,550
36047036200.0,36047036200.0,0.0,0.0035818775742524098,0.00010030958201617005,0.018582522496215385,225
36047036300.0,36047036300.0,0.0,0.0005897426569007512,1.8747126334523624e-05,0.003136796784020025,592
36047036400.0,36047036400.0,0.0029850746268656717,0.009339306976005254,0.0004013535898934153,0.0376656802190126,335
36047036501.0,36047036501.0,0.0,0.00032514290451642156,6.491825852722286e-06,0.0019309072793722462,373
36047036900.0,36047036900.0,0.0,0.00018375528299527963,4.0934303399698905e-06,0.001114113357507193,460
36047037000.0,36047037000.0,0.0,0.0016642760072871098,7.78024164321598e-05,0.007869332689472094,643
36047037100.0,36047037100.0,0.0,0.0005431174643794048,3.511469510913517e-06,0.003823754956713343,80
36047037300.0,36047037300.0,0.0,0.0006423884656168049,8.270420456728028e-06,0.003994413816553071,158
36047037401.0,36047037401.0,0.0,0.002970768456767147,7.461264310135893e-05,0.01658055869623489,133
36047037402.0,36047037402.0,0.0397196261682243,0.17481233141750507,0.06884053205983316,0.3360645563578992,428
36047037500.0,36047037500.0,0.0,0.0002106358252349427,1.919530044904475e-06,0.0014203485884225207,225
36047037700.0,36047037700.0,0.0,0.0012162845054522718,1.2305235110132899e-05,0.00788505170996851,180
36047037900.0,36047037900.0,0.0,0.0009587530323696381,7.734727857158306e-06,0.006516963840606985,168
36047038100.0,36047038100.0,0.0,0.000873028419234452,1.3583882108686595e-05,0.005432309059755153,226
36047038200.0,36047038200.0,0.014925373134328358,0.05841036791139195,0.003752922530855281,0.21765512411990623,67
36047038300.0,36047038300.0,0.0,0.00116408512459695,1.3309184340218163e-05,0.007542977839523885,213
36047038500.0,36047038500.0,0.0,0.00043419200347886777,7.351282520641133e-06,0.0027307877459664034,188
36047038600.0,36047038600.0,0.0,0.006919495080746646,0.0003674804401552765,0.029615781486669237,272
36047038800.0,36047038800.0,0.0,0.004281856147752817,0.00011906091770037197,0.023651807844781245,98
36047038900.0,36047038900.0,0.0,0.0006114222541245461,1.572871129938753e-05,0.0034554245120167392,392
36047039000.0,36047039000.0,0.0,0.006971106933596997,0.00030852091686960303,0.03213215624028966,215
36047039100.0,36047039100.0,0.0,0.000947400333701822,1.52611635431788e-05,0.005755497933637191,235
36047039200.0,36047039200.0,0.0106951871657754,0.010222851043796872,0.00022850117956201303,0.04851496452849856,187
36047039400.0,36047039400.0,0.0,0.0030929939718105696,0.00011790455321229841,0.014891777281914367,265
36047039600.0,36047039600.0,0.0,0.0030265936560276395,8.994028832167006e-05,0.016116461350463938,102
36047039700.0,36047039700.0,0.0,0.00026521186768780605,5.523584061924015e-06,0.0015772746240889956,316
36047039800.0,36047039800.0,0.0045662100456621,0.007176077436855481,0.00010645352643654711,0.036168503317457974,219
36047039900.0,36047039900.0,0.0,0.0024093799279260772,3.9932154518146586e-05,0.01426967202005366,208
36047040000.0,36047040000.0,0.0,0.0021885432071447847,4.778178558715639e-05,0.012346919768343628,237
36047040100.0,36047040100.0,0.0,0.0013755403319642631,3.0321318985770574e-05,0.007833452744155471,236
36047040200.0,36047040200.0,0.01948051948051948,0.04195551879957823,0.005448401368664043,0.12952558510922654,154
36047040300.0,36047040300.0,0.0,0.0007017421359261887,1.1222454772025754e-05,0.004162716221262866,298
36047040400.0,36047040400.0,0.0,0.010287009719958154,0.0005766351372221404,0.044232971026626884,148
36047040500.0,36047040500.0,0.0,0.000520222070050079,2.8312982402308676e-06,0.0036602002611326708,266
36047040600.0,36047040600.0,0.0,0.014126546752119305,0.00042244632142085525,0.06926278616275328,85
36047040700.0,36047040700.0,0.0,0.0025253265814828315,3.2901636491899804e-05,0.01572733995580441,58
36047040800.0,36047040800.0,0.0,0.004391258824804265,0.00010278731963218256,0.023400214361105436,167
36047040900.0,36047040900.0,0.0,0.001598041291842401,3.112783763676403e-05,0.009047406002687896,168
36047041000.0,36047041000.0,0.0,0.00314701460252645,6.376989881906325e-05,0.01779715470092155,155
36047041100.0,36047041100.0,0.0,0.0022723336069853475,2.3514982544811726e-05,0.014155790474128774,128
36047041200.0,36047041200.0,0.0,0.0034768482414491387,2.692839329604564e-05,0.021772789693342683,180
36047041300.0,36047041300.0,0.0,0.0029082592500644963,5.182795016196497e-05,0.016022293020183445,187
36047041401.0,36047041401.0,0.0,0.0026976653623166976,4.996421106675397e-05,0.01649147859303819,159
36047041402.0,36047041402.0,0.0,0.006042727997252521,0.00010049483480110569,0.032772601392160164,113
36047041500.0,36047041500.0,0.014634146341463415,0.027431570506647553,0.00018842830250158574,0.10177796517860269,205
36047041600.0,36047041600.0,0.0,0.0033343167785744583,5.288008829970944e-05,0.019700418723506433,191
36047041700.0,36047041700.0,0.0,0.0024131549668395744,1.5452469954913798e-05,0.016097309936029244,151
36047041800.0,36047041800.0,0.0,0.0026605786746888003,6.851757330815268e-05,0.012909692919093886,530
36047041900.0,36047041900.0,0.0,0.0013364079577386871,1.8619498517737947e-05,0.0085561763603047,222
36047042100.0,36047042100.0,0.0,0.0011677421799539814,1.4067402484227605e-05,0.007418122220304638,292
36047042200.0,36047042200.0,0.004347826086956522,0.00654147164085969,0.00017467686533116487,0.031664154409167374,230
36047042300.0,36047042300.0,0.0,0.0006235916169237799,8.929023458047249e-06,0.003953886863956246,171
36047042400.0,36047042400.0,0.0,0.0032438460984222247,8.908450427111894e-05,0.01736508142146701,193
36047042500.0,36047042500.0,0.0,0.0009056528766339351,1.3143465734000586e-05,0.00553263096191547,297
36047042600.0,36047042600.0,0.0,0.0030180985235013255,0.00010216039283957487,0.015569417440341717,283
36047042700.0,36047042700.0,0.0,0.00044376449425327424,5.749634061579781e-06,0.0027730367753473584,324
36047042800.0,36047042800.0,0.009478672985781991,0.04832966475702241,0.0075210374678584754,0.13792431710324365,211
36047042900.0,36047042900.0,0.0,0.0014153484869460714,2.0182687297552554e-05,0.008591869214739352,258
36047043000.0,36047043000.0,0.0053475935828877,0.014999217825799632,0.0011471582895688102,0.05758238035341011,187
36047043100.0,36047043100.0,0.0,0.0009524679036941132,1.4594688819669556e-05,0.005900600101667523,318
36047043200.0,36047043200.0,0.0,0.0038781648482465085,0.00015127233696231857,0.019392347052794332,181
36047043300.0,36047043300.0,0.004484304932735426,0.0017318808773815252,1.3410862306664726e-05,0.012044614308123307,223
36047043400.0,36047043400.0,0.0,0.003931901656198732,8.755843361651753e-05,0.02127687446527797,189
36047043500.0,36047043500.0,0.004545454545454545,0.0041223254159609085,5.751935843054004e-05,0.023492503209269332,220
36047043600.0,36047043600.0,0.0,0.004988627939664989,0.00017765188690215333,0.024794276330847007,180
36047043700.0,36047043700.0,0.0,0.0014896578646238353,2.5649911757387832e-05,0.008873973334341477,217
36047043800.0,36047043800.0,0.007352941176470588,0.011329910036063377,0.00017179054305875945,0.05689663358473717,136
36047043900.0,36047043900.0,0.0,0.0004067979745509936,7.684265562102898e-06,0.002416703430722199,239
36047044000.0,36047044000.0,0.007575757575757576,0.01574906539113638,0.0007989529907277659,0.059191961263246176,264
36047044100.0,36047044100.0,0.0,0.0011894327752831092,1.45557134961911e-05,0.007408083186512202,156
36047044200.0,36047044200.0,0.0,0.001839823410428646,5.058809678946537e-05,0.009603438166054166,291
36047044300.0,36047044300.0,0.0,0.0009647435170525517,1.2992747033493994e-05,0.00602068787094934,306
36047044400.0,36047044400.0,0.0,0.008760960443278393,0.00034953130155692834,0.039510981312827965,226
36047044500.0,36047044500.0,0.0,0.0011158020366027308,1.458609609766795e-05,0.006956432821559534,269
36047044600.0,36047044600.0,0.0,0.00967921000627562,0.00037789508160197583,0.04389873386320358,189
36047044700.0,36047044700.0,0.0,0.0007416919509697178,7.792716774690399e-06,0.004957906105302205,292
36047044800.0,36047044800.0,0.0037174721189591076,0.01157637381474345,0.0008175625961252739,0.04571427689739203,269
36047044901.0,36047044901.0,0.0,0.0010703586569722054,1.869857778031694e-05,0.005683038809093386,1150
36047045000.0,36047045000.0,0.008403361344537815,0.025536269420020522,0.0020522383519963475,0.08723670119386338,238
36047045200.0,36047045200.0,0.0,0.006391492479740471,0.00031141495936045846,0.027535078426972108,307
36047045300.0,36047045300.0,0.0,0.000143480455758733,1.990362790680352e-06,0.0008896589526214729,698
36047045400.0,36047045400.0,0.009174311926605505,0.03125766085804736,0.0034098294135328274,0.10041388225629552,218
36047045600.0,36047045600.0,0.004651162790697674,0.002915693408539465,7.267122161073978e-05,0.01542995075083523,215
36047045800.0,36047045800.0,0.009433962264150943,0.005968147670751821,0.00031843757059904384,0.02664262396389327,212
36047046000.0,36047046000.0,0.0,0.0035868320720219243,0.00022084961282376286,0.015857024862460888,289
36047046201.0,36047046201.0,0.0,0.0015134279614402893,4.8161883283766206e-05,0.007955463253404864,343
36047046202.0,36047046202.0,0.0,0.0024449268173627144,7.795510456746319e-05,0.012483113098521164,355
36047046400.0,36047046400.0,0.008,0.009667816535751198,0.00023318034440484705,0.04724434982439612,125
36047046800.0,36047046800.0,0.0,0.007008067895137202,0.0002015994687720359,0.03873188030789033,40
36047047000.0,36047047000.0,0.0,0.0025044756546020036,3.636850970556229e-05,0.01532831688871741,86
36047047200.0,36047047200.0,0.0,0.0024521279828947917,3.890713543641118e-05,0.014776314458164226,109
36047047400.0,36047047400.0,0.0,0.002643635200123517,7.129582622837708e-05,0.014325430291681094,219
36047047600.0,36047047600.0,0.0,0.0037726976943911646,0.0001913283254634938,0.016662156280779244,326
36047047700.0,36047047700.0,0.0008090614886731392,0.000494695781113012,1.2068262902289449e-05,0.0028072294903754135,1236
36047047800.0,36047047800.0,0.0,0.003992809808658111,0.00019646091228196387,0.017544941718270743,410
36047048000.0,36047048000.0,0.0,0.0022698253404018743,8.733754357992587e-05,0.011294507166058369,251
36047048200.0,36047048200.0,0.0014005602240896359,0.004941861934050648,0.0004410411458206397,0.017816398022973117,714
36047048400.0,36047048400.0,0.0,0.001775144083185428,5.659555922553352e-05,0.008893053327683335,504
36047048500.0,36047048500.0,0.0,0.0016237804670874538,0.00010098334888906376,0.007042195011556979,877
36047048600.0,36047048600.0,0.0099601593625498,0.033998275814826694,0.006560435000091915,0.08673287403907949,502
36047048800.0,36047048800.0,0.0,0.004857035052325186,8.926634886445459e-05,0.025221779124927728,281
36047048900.0,36047048900.0,0.0,0.0014249058450156763,2.739183390379513e-05,0.008229700572175914,211
36047049000.0,36047049000.0,0.001272264631043257,0.005884980994430473,0.00036160840156083105,0.021782330902946775,786
36047049100.0,36047049100.0,0.011811023622047244,0.024302982537025043,0.002730253857594552,0.07877111607213154,254
36047049200.0,36047049200.0,0.0,0.004134499687642001,0.0002755339034229477,0.016291721258740316,663
36047049301.0,36047049301.0,0.0,0.002006996193913966,2.1406282516123774e-05,0.01303262438346837,91
36047049302.0,36047049302.0,0.0,0.0011839535530929173,1.6324363109748498e-05,0.006938754935254049,557
36047049400.0,36047049400.0,0.0014245014245014246,0.0053485656476964525,0.00029975105543365957,0.020821269366913593,702
36047049500.0,36047049500.0,0.0,0.00035285981185331685,6.6520904654452935e-06,0.0020903312434003563,469
36047049600.0,36047049600.0,0.0,0.0053617924658778595,0.0002374550206375926,0.024018098403510504,286
36047049700.0,36047049700.0,0.0,0.0012278278704371582,2.678906456077084e-05,0.006580265599493295,537
36047049800.0,36047049800.0,0.004672897196261682,0.005655568803289943,0.00013254173142849464,0.025964933189212808,428
36047050002.0,36047050002.0,0.0,0.02073612610669627,0.00045285977130896424,0.11645300234486158,29
36047050300.0,36047050300.0,0.0,0.0005333278553688801,9.570357240554555e-06,0.003167576409721601,451
36047050402.0,36047050402.0,0.003976143141153081,0.015799978862854933,0.001804794051902886,0.047486037271358465,503
36047050500.0,36047050500.0,0.0,0.0017767305915557603,4.133249488017027e-05,0.009766905754211542,343
36047050700.0,36047050700.0,0.0,0.0061455198784777405,0.00024007479141286946,0.027588985476554962,322
36047050801.0,36047050801.0,0.006756756756756757,0.005637923308248978,6.4364417717393e-05,0.03263228811174257,148
36047050804.0,36047050804.0,0.0,0.006739941614312292,0.00013154265915127722,0.036010808282366503,173
36047050900.0,36047050900.0,0.008620689655172414,0.02749420801935652,0.0030924778721754275,0.0871473021562507,232
36047051001.0,36047051001.0,0.0,0.0020964975707887215,2.7766523296596063e-05,0.012723798782342014,176
36047051002.0,36047051002.0,0.0,0.002517435136977132,6.138180820637601e-05,0.01417748707676637,251
36047051100.0,36047051100.0,0.0,0.003948643417577986,0.00014770808192293854,0.018251477831703906,369
36047051300.0,36047051300.0,0.002274450341167551,0.007574864076026684,0.0009023484622071792,0.022840793894073837,1319
36047051400.0,36047051400.0,0.0,0.0030326272237554464,0.00010706108809254976,0.0151370856276246,293
36047051601.0,36047051601.0,0.0,0.001869558939473006,4.7271485056046614e-05,0.009922045239022003,342
36047051602.0,36047051602.0,0.003205128205128205,0.004766488108296697,7.065717055820754e-05,0.02494448769287182,312
36047051700.0,36047051700.0,0.014925373134328358,0.04568759538522934,0.00821681530842232,0.11982388168877899,335
36047051800.0,36047051800.0,0.0,0.005163302243218466,0.0002474555341917855,0.021760849770949248,448
36047051900.0,36047051900.0,0.005060728744939271,0.021891551953214572,0.005339242730548885,0.05264770971741804,988
36047052000.0,36047052000.0,0.0027624309392265192,0.009270138156390986,0.0005955881509306949,0.0363667691102851,362
36047052300.0,36047052300.0,0.001594896331738437,0.0005872762864312311,1.5440986129623927e-05,0.0032232981355065516,627
36047052500.0,36047052500.0,0.0,0.00033013591675912766,1.0084389133482937e-05,0.0017888104194492837,341
36047052600.0,36047052600.0,0.0,0.009389261882699068,0.00047589862108186654,0.039568600749753956,278
36047052700.0,36047052700.0,0.0019880715705765406,0.004766490648646401,0.00032407183393246664,0.01934493473388938,503
36047052800.0,36047052800.0,0.0,0.005588203941694239,0.0002383957066213566,0.026935819566270214,178
36047052900.0,36047052900.0,0.0,0.0018596708035530894,5.660573275046141e-05,0.009686574408276891,318
36047053000.0,36047053000.0,0.0,0.002200780741485782,2.402501912783102e-05,0.013965584955455525,229
36047053101.0,36047053101.0,0.0,0.004196562720786866,0.00011025667845026221,0.022357775237474595,121
36047053102.0,36047053102.0,0.0,0.020458916799604272,0.0009662044414915008,0.08632159636149281,106
36047053200.0,36047053200.0,0.0,0.00230412708379509,3.552049927823734e-05,0.014274443572252564,86
36047053300.0,36047053300.0,0.0,0.0013250247356054185,4.571469858024928e-05,0.0070492819579239755,443
36047053400.0,36047053400.0,0.0,0.0024960138733018614,3.2698889972258586e-05,0.014685031208134691,270
36047053500.0,36047053500.0,0.0,0.00048586889063537397,8.98491969046195e-06,0.0030580352278471445,164
36047053700.0,36047053700.0,0.002079002079002079,0.004051839679870126,0.00014697529559324358,0.017129244277499584,962
36047053800.0,36047053800.0,0.0,0.0014168985306049378,1.626222731249421e-05,0.008918183558087248,249
36047053900.0,36047053900.0,0.0,0.0026767841435354238,2.8162770131359003e-05,0.016502492691005566,165
36047054400.0,36047054400.0,0.0,0.0017771460176125686,3.3952697021196636e-05,0.010650744077722794,156
36047054600.0,36047054600.0,0.0,0.001908653628020192,5.322478440899779e-05,0.00963308793576143,522
36047054700.0,36047054700.0,0.0,0.00234233531480574,3.933571034899297e-05,0.013302655535141913,227
36047054800.0,36047054800.0,0.0,0.0017656915931170102,3.5041306741738115e-05,0.010340847774021982,159
36047054900.0,36047054900.0,0.0,0.0012587943491468652,1.8527640708979745e-05,0.006607064613619299,1099
36047055000.0,36047055000.0,0.0,0.000754827970424997,1.0377417006495103e-05,0.004774082751032028,310
36047055200.0,36047055200.0,0.0,0.0005538162835003801,9.512097565665031e-06,0.0034642588306022792,269
36047055300.0,36047055300.0,0.0,0.0007733639312729263,1.312413108582798e-05,0.00456591689148828,409
36047055600.0,36047055600.0,0.0,0.0010937268745024506,2.4021087719451683e-05,0.0063045383646922306,314
36047055700.0,36047055700.0,0.0,0.0022591660630510726,9.09549997754178e-05,0.010441071588611104,622
36047055800.0,36047055800.0,0.0,0.0020679008834971983,4.0558020937844944e-05,0.012137101020956248,148
36047056000.0,36047056000.0,0.0,0.00136041290027675,2.776858487294437e-05,0.007868666697955835,327
36047056200.0,36047056200.0,0.0,0.0012388134056750472,1.7774639378858597e-05,0.007732906355693335,175
36047056301.0,36047056301.0,0.0,0.0010834531297766751,5.7689504023221635e-06,0.007553173313027224,318
36047056400.0,36047056400.0,0.0,0.0005425784672146188,1.3768182297990703e-05,0.003056959308221028,131
36047056600.0,36047056600.0,0.0,0.0014374744455344377,1.2786779221808286e-05,0.009588488221692941,96
36047056800.0,36047056800.0,0.0,0.0006056041936649353,4.797261857141739e-06,0.004168503553261766,64
36047056900.0,36047056900.0,0.0029498525073746312,0.007115216816844297,0.0004190926006229666,0.029156237604835555,339
36047057000.0,36047057000.0,0.0,0.0007357887888670818,1.6621163428955446e-05,0.004210060956447419,180
36047057100.0,36047057100.0,0.0,0.002393954967903889,7.334861524571438e-05,0.0117624894422245,467
36047057200.0,36047057200.0,0.0,0.005280294391695746,4.5757030290168644e-05,0.03350197408750424,99
36047057300.0,36047057300.0,0.0,0.0036788644753991888,0.0001641602641801097,0.0169508630094852,318
36047057400.0,36047057400.0,0.0,0.000815648546459106,1.0383393058076672e-05,0.005183777737126912,63
36047057500.0,36047057500.0,0.0,0.001457736699025942,3.55222535468029e-05,0.007911275615744721,372
36047057600.0,36047057600.0,0.0,0.0012169149562139025,1.0035090000308846e-05,0.008340219235338953,142
36047057800.0,36047057800.0,0.0,0.0009035837722856595,1.571839300717965e-05,0.005339342361178982,252
36047058000.0,36047058000.0,0.0,0.0015941545231160819,2.9306426124851595e-05,0.009370134785570538,107
36047058200.0,36047058200.0,0.0056179775280898875,0.0026011052543315886,3.1765841898373375e-05,0.016431687771123454,178
36047058400.0,36047058400.0,0.0,0.0030191012500517976,9.33123980128835e-05,0.014874651401261887,340
36047058600.0,36047058600.0,0.0,0.001160974330894727,1.6366606519794897e-05,0.00678442217614011,181
36047058800.0,36047058800.0,0.0,0.002266738827838086,4.3765177162817625e-05,0.012674575611188345,299
36047058901.0,36047058901.0,0.0076726342710997444,0.019310769837292525,0.0007566154043104962,0.06422567219945037,391
36047058902.0,36047058902.0,0.0,0.007080755108418419,0.0002483839516392141,0.03292126431916173,216
36047059000.0,36047059000.0,0.0,0.002281824308546442,3.4358232142340316e-05,0.013784592706161156,232
36047059100.0,36047059100.0,0.0,0.0018819109815380415,3.365515896196954e-05,0.010491119891931853,413
36047059200.0,36047059200.0,0.0,0.001026696389530107,2.2392657524084837e-05,0.005810926374937883,409
36047059300.0,36047059300.0,0.0,0.0008424635138328209,1.2986714927891528e-05,0.0051241047078654355,239
36047059402.0,36047059402.0,0.0,0.0016768259574636382,2.3174013429875734e-05,0.01037088971955959,230
36047059403.0,36047059403.0,0.0,0.0013883238403704621,1.2190950035561612e-05,0.009113821415481551,187
36047059404.0,36047059404.0,0.0,0.001974493310385261,1.230807915695645e-05,0.014407105803600353,89
36047059600.0,36047059600.0,0.0,0.0016077468810693808,1.4741397059467987e-05,0.01066333147133319,122
36047059800.0,36047059800.0,0.0,0.0008754522015626594,1.314735787386513e-05,0.005305684536254767,119
36047060000.0,36047060000.0,0.0,0.0016575079649189118,4.0587317555747136e-05,0.009096490513881415,320
36047060600.0,36047060600.0,0.0,0.0009342552550479643,1.838318488952768e-05,0.005483215145672615,245
36047060800.0,36047060800.0,0.0021945866861741038,0.004127346342792567,0.0002749493271559615,0.014839657994671018,1367
36047061002.0,36047061002.0,0.0,0.014585179378086474,0.0004585113757636099,0.07067298846219236,101
36047061003.0,36047061003.0,0.0,0.0011165978123703884,1.9377351581702785e-05,0.00657463516525601,227
36047061004.0,36047061004.0,0.0,0.0018259756903770438,5.24110312478885e-05,0.009786759035330148,362
36047061200.0,36047061200.0,0.0,0.002711754863207687,4.1347639107639944e-06,0.021466645834737466,58
36047061600.0,36047061600.0,0.0,0.018164937145958217,7.392149089198856e-05,0.11848738443960079,46
36047062000.0,36047062000.0,0.0,0.0025818404980267715,6.55445831700728e-06,0.018933586995687396,44
36047062200.0,36047062200.0,0.0,0.002329835567203197,4.7477916797497544e-05,0.012628944946734144,418
36047063200.0,36047063200.0,0.0,0.0022912131933898027,1.6230255331509894e-05,0.015795818397760317,30
36047063600.0,36047063600.0,0.0,0.0012606834719305097,5.732590243991306e-06,0.008717894048734756,15
36047063800.0,36047063800.0,0.0,0.0007383112276987528,1.0415599650864282e-05,0.004609437914963847,20
36047064000.0,36047064000.0,0.0,0.0011504321018924752,1.1211733644750006e-05,0.007546153264974365,24
36047064200.0,36047064200.0,0.0030120481927710845,0.004620615143410078,0.0001748810685504159,0.021823486972502963,332
36047064400.0,36047064400.0,0.0,0.0015679784211941924,2.2764091748934866e-05,0.009412057204449042,181
36047064600.0,36047064600.0,0.0,0.001666213287691098,1.466599087698733e-05,0.011320637349932937,97
36047064800.0,36047064800.0,0.0,0.0016217835380825485,1.9478698924622146e-05,0.010511712040607907,74
36047065000.0,36047065000.0,0.004098360655737705,0.003733510193209298,7.31841277070938e-05,0.02050186930496185,244
36047065200.0,36047065200.0,0.0,0.0010792772981897017,1.9659104061021338e-05,0.006277706373793465,224
36047065400.0,36047065400.0,0.0,0.0005551044138247584,7.282186699829168e-06,0.0035370632149411036,74
36047065600.0,36047065600.0,0.0,0.0009964301091991996,8.660490478976405e-06,0.006404318675479814,57
36047065800.0,36047065800.0,0.0,0.0018921384587941297,1.0667462583800139e-05,0.012871088314192014,60
36047066000.0,36047066000.0,0.0,0.0022200753113250683,1.2246659616455802e-05,0.015865766270027164,35
36047067000.0,36047067000.0,0.006329113924050633,0.0010517033821596507,1.1559584392431382e-05,0.006880489778532116,158
36047067200.0,36047067200.0,0.0,0.0009748603917085088,1.3983687794679244e-05,0.00596434882152062,65
36047067400.0,36047067400.0,0.0,0.0014502563878896649,1.3502390723829785e-05,0.00911408068649987,122
36047067600.0,36047067600.0,0.0,0.000669971196333788,1.459755140533024e-05,0.004008019821110337,146
36047067800.0,36047067800.0,0.0,0.0013928361099229964,1.0402498241481294e-05,0.009050010741953055,42
36047068000.0,36047068000.0,0.0,0.002815375911434319,2.5005712145403837e-05,0.018060230789110805,103
36047068200.0,36047068200.0,0.0,0.002465103796619507,2.7078584485427184e-05,0.015518348370900987,87
36047068600.0,36047068600.0,0.0,0.0037553374756523583,2.822802002902487e-05,0.02569622250539535,44
36047068800.0,36047068800.0,0.0,0.0021684631583501614,1.4327996179257532e-05,0.015169063738998591,19
36047069000.0,36047069000.0,0.0,0.002861612173003086,3.915346261735223e-05,0.01750156040322472,48
36047069200.0,36047069200.0,0.0,0.0037918918886761326,5.598509927879205e-05,0.02437790701560353,60
36047069601.0,36047069601.0,0.009708737864077669,0.021273399157466694,0.0005045946558378085,0.08156235403664011,206
36047069800.0,36047069800.0,0.00784313725490196,0.014513527795535946,0.0003868020962334306,0.057503867448815894,255
36047070000.0,36047070000.0,0.0,0.002162396692313477,1.8670542440950883e-06,0.016863316065938046,18
36047070201.0,36047070201.0,0.0,0.005985593372064188,4.766996562934802e-05,0.039129518104616345,51
36047070203.0,36047070203.0,,0.2390739530015754,3.0218313632011313e-05,0.9895311755697832,0
36047072000.0,36047072000.0,0.0,0.0010564056836082554,2.3635063799639555e-05,0.006211190554597654,163
36047072200.0,36047072200.0,0.0,0.002915640747911322,6.703083555344952e-05,0.015479779267922083,163
36047072400.0,36047072400.0,0.0,0.0014684584260840862,1.7403749677005155e-05,0.009399057103377573,242
36047072600.0,36047072600.0,0.0,0.002610672119225527,7.552850619025775e-05,0.014075590055533972,208
36047072800.0,36047072800.0,0.0,0.002829642799632803,4.183575439572788e-05,0.01718963330387111,84
36047073000.0,36047073000.0,0.0,0.0012901382926352352,2.7520207581430304e-05,0.007321960093954394,172
36047073200.0,36047073200.0,0.0,0.0011343838655134943,1.3615491205960492e-05,0.007647643753860626,197
36047073400.0,36047073400.0,0.0,0.003238322820833104,4.614195010195432e-05,0.02080683120670154,67
36047073600.0,36047073600.0,0.0,0.005022351120415865,0.00018261335029059932,0.024251571556668086,225
36047073800.0,36047073800.0,0.007614213197969543,0.01805913459302779,0.001325497851423669,0.059902817276053705,394
36047074000.0,36047074000.0,0.0,0.0030684152529193522,7.040696488826086e-05,0.017009657212650114,227
36047074200.0,36047074200.0,0.0,0.0024409264009352923,3.9592640524968626e-05,0.014782002037599518,111
36047074400.0,36047074400.0,0.0,0.0025351218914718247,3.084322501971607e-05,0.015996677533199524,73
36047074600.0,36047074600.0,0.0,0.002027454641296046,6.983876275247673e-05,0.010523055042702713,289
36047074800.0,36047074800.0,0.0,0.0013935069027441582,1.896100088410046e-05,0.009068749809041857,108
36047075000.0,36047075000.0,0.0,0.0019838780942092525,3.477956049450093e-05,0.011294467421114585,211
36047075200.0,36047075200.0,0.0,0.0019400599431295851,3.0285936797045534e-05,0.011521917817694658,187
36047075400.0,36047075400.0,0.0,0.0013017399003450506,1.7415343243689878e-05,0.008332582193791628,85
36047075600.0,36047075600.0,0.00980392156862745,0.0082101529224164,0.00010319774451990617,0.04641278693512698,102
36047075800.0,36047075800.0,0.0,0.001604733191110519,3.41524615391859e-05,0.00950785330488896,184
36047076000.0,36047076000.0,0.0,0.0015728014822820886,2.4654164958205893e-05,0.009482228412111698,156
36047076200.0,36047076200.0,0.0,0.0014411524947149368,3.604839293808926e-05,0.007850450726376853,301
36047076400.0,36047076400.0,0.002551020408163265,0.00592467591595453,0.00022403214277121001,0.025370015227081096,392
36047076600.0,36047076600.0,0.047619047619047616,0.06321318575786943,0.0003715996554037237,0.27269576997645667,42
36047076800.0,36047076800.0,0.00234192037470726,0.0023030452604396014,4.918791890070231e-05,0.01269760247364922,427
36047077000.0,36047077000.0,0.0,0.002356086242710708,8.906902458539456e-05,0.011681671198280851,166
36047077200.0,36047077200.0,0.0029850746268656717,0.005636512151008185,0.000198267524849016,0.025513463873100977,335
36047077400.0,36047077400.0,0.0,0.0019416774044889301,6.891050511601587e-05,0.009527109618017565,365
36047077600.0,36047077600.0,0.0,0.0026821072905187514,9.625638161426392e-05,0.014107845802697219,86
36047078000.0,36047078000.0,0.0,0.0016578948182674224,1.1263612728911734e-05,0.01106825603725087,91
36047078200.0,36047078200.0,0.0,0.00253602346608207,5.6007780134109976e-05,0.014066259024513769,172
36047078400.0,36047078400.0,0.0,0.001758920663395571,2.576654037832248e-05,0.011066650510419069,147
36047078601.0,36047078601.0,0.0,0.0008827755817904697,1.7217692520213187e-05,0.005175899501368953,141
36047078602.0,36047078602.0,0.0,0.0017971442699888228,3.4252182027223044e-05,0.010905018339941525,99
36047078801.0,36047078801.0,0.0,0.003090719219161407,0.00010485186808734748,0.015016062104616083,195
36047078802.0,36047078802.0,0.0,0.001777802536816148,2.4357787612105686e-05,0.011569311312254119,55
36047079001.0,36047079001.0,0.0,0.0008375291571683348,1.499114093403789e-05,0.005035735568732257,93
36047079002.0,36047079002.0,0.0,0.0019021695364561484,5.1077037236305536e-05,0.010210116392348409,192
36047079201.0,36047079201.0,0.0,0.0013243155007812981,2.4177869355809525e-05,0.007784885045514675,139
36047079202.0,36047079202.0,0.0,0.0010570282507534748,1.5617403030371205e-05,0.0066819627249100205,202
36047079400.0,36047079400.0,0.0,0.0008901477493403842,2.552581928804276e-05,0.00475198061646477,295
36047079601.0,36047079601.0,0.0,0.0016444982107570653,2.2728956504731607e-05,0.010257173822816278,139
36047079602.0,36047079602.0,0.0,0.0013654216004966911,2.8962591510624652e-05,0.007714432045282489,305
36047079801.0,36047079801.0,0.0,0.001475392556151719,1.1333622912698002e-05,0.010072564441766975,176
36047080000.0,36047080000.0,0.0,0.0022269708098334247,4.0563793076897914e-05,0.01250617716053024,344
36047080200.0,36047080200.0,0.0033333333333333335,0.0024582361851826578,3.265057980191252e-05,0.014747079670388016,300
36047080400.0,36047080400.0,0.0,0.002825875344792883,8.5657635898415e-05,0.01477867618396092,248
36047080600.0,36047080600.0,0.0,0.0013111489001625095,1.7355390811523967e-05,0.008094904473708945,435
36047080800.0,36047080800.0,0.005277044854881266,0.0017714561264774264,4.800106601622788e-05,0.00967207195696328,379
36047081000.0,36047081000.0,0.0,0.002879246655555991,1.8894417118648726e-05,0.01813763884146693,221
36047081400.0,36047081400.0,0.0,0.000966263321762715,6.690428144711367e-06,0.006683747510763059,393
36047081600.0,36047081600.0,0.0,0.0005960754940541769,8.567549534452692e-06,0.0036485467332544935,357
36047081800.0,36047081800.0,0.0,0.0014490266294651072,2.464564184241593e-05,0.008512079021203468,321
36047082000.0,36047082000.0,0.0,0.0009408760697441401,1.0985417763101806e-05,0.00563673218200029,384
36047082200.0,36047082200.0,0.0027624309392265192,0.0017048145213615449,2.47008254773688e-05,0.010159246628581904,362
36047082400.0,36047082400.0,0.0,0.0011037738728240385,2.5095085574813233e-05,0.00624816956211237,287
36047082600.0,36047082600.0,0.0,0.001172514678307238,2.3762726050715525e-05,0.006890589451548721,212
36047082800.0,36047082800.0,0.0,0.002989042204995166,4.8470857812266764e-05,0.016778272375642108,234
36047083000.0,36047083000.0,0.0,0.0052156835971616505,0.00010430985072163774,0.028102900460458692,169
36047083200.0,36047083200.0,0.009009009009009009,0.01065032994090977,3.454362173549891e-05,0.06483925413240038,111
36047083400.0,36047083400.0,0.0,0.0020223341352401817,1.813185845469668e-05,0.013248801180345895,74
36047083600.0,36047083600.0,0.0,0.0031491121070357005,6.235718126630813e-05,0.017475864849965297,153
36047083800.0,36047083800.0,0.0,0.001031370689865948,1.2266033099553615e-05,0.0066290419914621845,57
36047084000.0,36047084000.0,0.0,0.0013163169355568602,1.4025877074920452e-05,0.008400813536410439,102
36047084600.0,36047084600.0,0.0,0.0023050005914956847,2.2397502560501406e-05,0.01502521197184396,84
36047084800.0,36047084800.0,0.0,0.0013688842362380303,1.4671983125383344e-05,0.008889517242146906,74
36047085000.0,36047085000.0,0.0,0.0005847463990183558,8.710364555599426e-06,0.0036110627474393053,86
36047085200.0,36047085200.0,0.012345679012345678,0.007251956351275376,6.75537037991211e-05,0.04461128273377549,81
36047085400.0,36047085400.0,0.0,0.000540552781265154,6.752806665335472e-06,0.0035786808318578746,162
36047085600.0,36047085600.0,0.0,0.0008927662291349423,1.4814781921738204e-05,0.005335043566378875,234
36047085800.0,36047085800.0,0.0,0.005822556508644808,7.704449813307506e-05,0.03390190646269419,152
36047086000.0,36047086000.0,0.0,0.0023364528935434278,3.572736385053772e-05,0.014147612484377388,123
36047086200.0,36047086200.0,0.0,0.0033369961165699933,6.686257463272626e-05,0.01936935564746487,108
36047086600.0,36047086600.0,0.0,0.0008929808607810397,1.3063800597633419e-05,0.005450795338540462,163
36047086800.0,36047086800.0,0.0,0.0014081142259403138,2.1456628788374842e-05,0.008662042810793755,259
36047087000.0,36047087000.0,0.0,0.0017153962741094007,1.5406178892479353e-05,0.011270447288025507,111
36047087200.0,36047087200.0,0.0,0.0011375536825204622,5.813229481139078e-06,0.008067773334436958,147
36047087401.0,36047087401.0,0.0,0.001573989436470196,1.3803331870331946e-05,0.010457648891790485,163
36047087600.0,36047087600.0,0.0,0.0017058290195166486,1.1366911820897134e-05,0.01166472607072984,176
36047087800.0,36047087800.0,0.0,0.0011107626637966701,1.6524658404841914e-05,0.006857132092595216,160
36047088001.0,36047088001.0,0.0,0.0009292228754021771,5.298346207101661e-06,0.0065545822214917475,166
36047088002.0,36047088002.0,0.0,0.001374744633072787,8.82934114326577e-06,0.009610135509273676,167
36047088200.0,36047088200.0,0.0,0.0019172455045963475,5.0865304280818324e-05,0.010287853921915493,165
36047088400.0,36047088400.0,0.005988023952095809,0.010461607471486396,0.00041723035894559584,0.04924201104463032,167
36047088800.0,36047088800.0,0.0,0.0005223061457095611,7.444870292870158e-06,0.0033133027035080324,303
36047089000.0,36047089000.0,0.0,0.001998782379803847,9.170090437264746e-05,0.009298144625732222,562
36047089200.0,36047089200.0,0.0018552875695732839,0.005324765240633585,0.0002832919828780714,0.021921519191327718,539
36047089400.0,36047089400.0,0.0,0.003069473318667306,3.8991128774108496e-05,0.019255291658326956,119
36047089600.0,36047089600.0,0.0,0.0022164978970953767,2.0237720328216288e-05,0.014059434851042957,189
36047089800.0,36047089800.0,0.0,0.0007551392557283142,5.698137671445404e-06,0.005202933676582762,102
36047090000.0,36047090000.0,0.002257336343115124,0.002587672459310034,4.2628232902370335e-05,0.014745645234445296,443
36047090200.0,36047090200.0,0.0,0.0034236151001437115,6.163427161443788e-05,0.018091423598568843,311
36047090600.0,36047090600.0,0.0,0.00024134137005276296,2.5192845969876453e-06,0.0015959069559906454,243
36047091000.0,36047091000.0,0.0,0.0012133709775139481,2.2978862626330663e-05,0.007147918301423003,230
36047091200.0,36047091200.0,0.0,0.0009957255733656545,8.625842680214306e-06,0.006736876212583714,187
36047091600.0,36047091600.0,0.0,0.001629950678184681,3.144464611869166e-05,0.009826889613596415,218
36047091800.0,36047091800.0,0.0,0.0013478181227371063,1.1892807199652128e-05,0.00926000732334334,56
36047092000.0,36047092000.0,0.0,0.0010513750554525469,1.3635023651595899e-05,0.006774146765820468,201
36047092400.0,36047092400.0,0.0,0.00031112805704578897,7.541313834306282e-06,0.0018340180918279118,504
36047093000.0,36047093000.0,0.0,0.0026747096688329018,3.181050981087181e-05,0.017153620875045565,93
36047093200.0,36047093200.0,0.0,0.0025196466070490403,4.8918647244330216e-05,0.014414922640539587,246
36047093800.0,36047093800.0,0.0,0.0015943775591757484,2.4091043921055043e-05,0.009771465069685552,163
36047094401.0,36047094401.0,0.0,0.0031250606646827305,9.889292560223075e-05,0.015237010955408154,315
36047094402.0,36047094402.0,0.0,0.006038557771911132,2.6043937733674983e-05,0.0431501911328651,37
36047094600.0,36047094600.0,0.0,0.0022249715910227993,7.283277386045933e-05,0.011340365097164958,321
36047095000.0,36047095000.0,0.0,0.0015534989098675816,4.355473452174558e-05,0.008576729703096392,140
36047095600.0,36047095600.0,0.005076142131979695,0.0011903005590587381,1.9972879142141435e-05,0.007473677813268585,197
36047095800.0,36047095800.0,0.0,0.002052814694919606,2.0834590373573457e-05,0.013234857523302699,94
36047096200.0,36047096200.0,0.0,0.002811006643677247,2.1143267738349754e-05,0.018813363101107674,110
36047096400.0,36047096400.0,0.0,0.0009831162649792703,8.702021924405494e-06,0.006692272713587504,170
36047096600.0,36047096600.0,0.0,0.002482297848194688,5.058100045404871e-05,0.013366419492064277,248
36047096800.0,36047096800.0,0.0,0.0005738879519514383,6.7836887518954344e-06,0.003700109120732157,149
36047097000.0,36047097000.0,0.0,0.004183087202055303,6.31435965510433e-05,0.02488298853089365,121
36047097400.0,36047097400.0,0.0,0.001249866879862719,1.5786872017246824e-05,0.0076323237177735,78
36047098200.0,36047098200.0,0.0,0.0016249443607712962,2.7018050708458446e-05,0.009604701955921563,184
36047098400.0,36047098400.0,0.0,0.0008202548838824056,4.58085054360067e-06,0.005933497928457319,65
36047098600.0,36047098600.0,0.0,0.0012032906425126647,1.0819202515477187e-05,0.007790200421217198,116
36047098800.0,36047098800.0,0.0,0.0014256944889049653,1.4591158997960851e-05,0.009125145422453426,118
36047099000.0,36047099000.0,0.0,0.0011523089016736345,6.5276856702748386e-06,0.007908050751455446,80
36047099200.0,36047099200.0,0.0,0.001491132187036078,7.204211295207095e-06,0.010216736188021274,59
36047099400.0,36047099400.0,0.0,0.0021859600776508465,1.5250703058766054e-05,0.014769707070500982,50
36047100400.0,36047100400.0,0.0,0.002487043647159982,8.200920086220147e-06,0.017612223843177524,26
36047100600.0,36047100600.0,0.0,0.0025009291327025753,1.5091151254059358e-05,0.017496632396438252,23
36047100800.0,36047100800.0,0.0,0.0016012903111793945,1.0560354241851273e-05,0.011066146790978249,63
36047101000.0,36047101000.0,0.0,0.0010631815070149362,5.851104858401916e-06,0.007424190410963623,86
36047101200.0,36047101200.0,0.0,0.000904349622570288,7.315205076995753e-06,0.006039325131603471,54
36047101400.0,36047101400.0,0.0,0.0007847110878494748,7.226329111180764e-06,0.005271775263025912,73
36047101600.0,36047101600.0,0.0,0.0011995951419546856,6.2470044551179725e-06,0.008686929524947996,19
36047101800.0,36047101800.0,0.0,0.0036761717046153095,3.219407053505104e-05,0.02493755100085198,14
36047102000.0,36047102000.0,0.0,0.0011960861487417562,9.079327210044063e-06,0.008140753635092406,24
36047102200.0,36047102200.0,0.0,0.0016662532473890209,1.6895274313199976e-05,0.010561111993569197,29
36047102400.0,36047102400.0,0.0,0.001418875058301738,1.5409460468120906e-05,0.008925099625642788,86
36047102600.0,36047102600.0,0.0,0.0021082679931321005,1.36064926241149e-05,0.014051288222968566,48
36047102801.0,36047102801.0,0.0,0.0008465596074075126,3.553827972374951e-06,0.006207878082345522,110
36047102802.0,36047102802.0,0.0018214936247723133,0.004849270283692964,0.00014024763491386736,0.02173792867936576,549
36047103401.0,36047103401.0,0.0,0.0019336547200837079,1.3848091669082351e-05,0.012846727381030359,64
36047103402.0,36047103402.0,0.0,0.002845212057196242,8.534404933162745e-05,0.01329602659593056,482
36047105801.0,36047105801.0,0.0,0.0006842863093423624,5.101790514211952e-06,0.004639484877206964,429
36047107001.0,36047107001.0,0.0025,0.0042944873777445635,6.272554730016257e-05,0.019478975408882507,800
36047107003.0,36047107003.0,0.0,0.0054099041584822274,2.4558194659580597e-05,0.038313141703859174,57
36047107800.0,36047107800.0,0.0,0.0007204765437415894,1.1508566035831415e-05,0.004495878396777367,207
36047109800.0,36047109800.0,0.01278409090909091,0.04713413780543107,0.014561382622482041,0.10378952384335956,704
36047110400.0,36047110400.0,0.0,0.0005148175092370039,2.1802257226547495e-05,0.002433580208972203,1306
36047110600.0,36047110600.0,0.0,0.001991920249731877,2.2069761079997043e-06,0.015804813118909543,104
36047111000.0,36047111000.0,0.0,0.001206951564511347,3.870387983332822e-06,0.008930961696924178,194
36047111600.0,36047111600.0,0.0014641288433382138,0.00031906676921671036,5.022199349322774e-06,0.0019670051040550163,683
36047112200.0,36047112200.0,0.0,0.0005359977029441093,3.397036290591857e-06,0.003625771707816897,71
36047112400.0,36047112400.0,0.0,0.0005289437952445469,5.354825676825005e-06,0.0033388237188079614,97
36047112600.0,36047112600.0,0.0,0.0013633119683863575,1.9972790227635848e-05,0.008476788149741002,165
36047112800.0,36047112800.0,0.0,0.0011962898647353655,7.515135047637267e-06,0.008150782644193654,214
36047113000.0,36047113000.0,0.0,0.0012579073694732263,2.934355425404488e-05,0.007111861996453996,135
36047113200.0,36047113200.0,0.0,0.0025668490277875704,6.416580655912468e-05,0.01383718963833271,210
36047113400.0,36047113400.0,0.0,0.0005735002266774885,6.8717556053295905e-06,0.003743551618355045,219
36047114202.0,36047114202.0,0.0,0.000701007220544426,3.5274448000624837e-06,0.00493010994820307,24
36047115000.0,36047115000.0,0.0,0.00017809375177765352,1.8531264204779428e-06,0.0011326762082327743,267
36047115200.0,36047115200.0,0.0,0.0002917075903655793,2.7707405661933645e-06,0.0019875357006124417,367
36047115600.0,36047115600.0,0.0,0.00047358945257018094,2.472470617350737e-06,0.003391060688974708,213
36047115800.0,36047115800.0,0.0,0.0012269088722532476,8.884426583000098e-06,0.008454443038496242,156
36047116000.0,36047116000.0,0.0,0.004453950368125135,4.076077827605439e-05,0.027798690127889287,121
36047116200.0,36047116200.0,0.0,0.00022600809350094116,1.6934862939800617e-06,0.0015155087581196246,101
36047116400.0,36047116400.0,0.0,0.00013854008177253507,1.380702629836792e-06,0.0008913160846827354,195
36047116600.0,36047116600.0,0.0,0.00036567393767173177,3.151293161337345e-06,0.002523286218027422,306
36047116800.0,36047116800.0,0.0,0.0003620905259090737,3.473737197100253e-06,0.002390579559927402,372
36047117000.0,36047117000.0,0.0,0.000268415271469865,2.886594464852303e-06,0.001771941014553002,419
36047117201.0,36047117201.0,0.0,0.00029083972362132593,2.0959039121740097e-06,0.0019538548344508336,42
36047117202.0,36047117202.0,0.0,0.00029762731553944,1.3221003452948635e-06,0.002152416255808464,88
36047117400.0,36047117400.0,0.0,0.00016870102245951702,2.3365262574045487e-06,0.0011024683179858019,414
36047117601.0,36047117601.0,0.0,0.0013532157519840961,3.525399233642794e-06,0.010492156134652146,94
36047117602.0,36047117602.0,0.0,0.001406596965573333,6.932052657407361e-06,0.009901029130262506,183
36047117800.0,36047117800.0,0.0,0.0012413878624975777,1.8751264235361528e-05,0.007411887531388686,286
36047118000.0,36047118000.0,0.0,0.0013244482693702715,3.989237601151671e-05,0.007197572618541484,128
36047118201.0,36047118201.0,0.0,0.0037250170299284,1.0083405680297955e-05,0.028205991019036,52
36047118202.0,36047118202.0,0.0,0.0012197747605741235,8.831882112030888e-06,0.00841525127710846,83
36047118400.0,36047118400.0,0.0,0.0017214803057122024,3.315859256780812e-05,0.009852700522841226,356
36047118800.0,36047118800.0,0.0,0.00031949590675531346,4.158243490565108e-06,0.002017686629525642,218
36047119000.0,36047119000.0,0.0015772870662460567,0.00017176655598599125,2.0585645970265683e-06,0.0011304105658387913,634
36047119200.0,36047119200.0,0.0,0.0006369266464387641,9.896046816929846e-06,0.00384449876711062,555
36047119400.0,36047119400.0,0.0,0.0002956671844653327,1.956266844520585e-06,0.0020301926975409045,342
36047119600.0,36047119600.0,0.0,0.00035950638322414995,6.860007949579966e-06,0.002058814998574698,693
36047119800.0,36047119800.0,0.0,0.00011528054791500735,1.5822516712070983e-06,0.000718349717488272,1479
36047120000.0,36047120000.0,0.0,0.00023534524457136436,4.158094939972931e-06,0.0013924690183022032,438
36047120200.0,36047120200.0,0.0,0.00014814751411046837,2.2541864530283987e-06,0.0009165439770938876,570
36047120801.0,36047120801.0,0.0,0.0003304551283756624,2.6243291244539125e-06,0.0021985473863227636,250
36047120802.0,36047120802.0,0.0,0.002071200297440677,1.7256752112522e-05,0.01432179863832261,95
36047120803.0,36047120803.0,0.0,0.0015239487752466286,2.3606323066959002e-05,0.00965563578175759,183
36047121000.0,36047121000.0,0.0,0.001411362164152472,1.4331120635863504e-05,0.008957395036481356,225
36047121400.0,36047121400.0,0.0,0.0010318635364784028,3.728869971708637e-06,0.007561297127200217,187
36047122000.0,36047122000.0,0.0,0.0038148564187108483,0.00022032994829018497,0.015804732308252873,496
36047123700.0,36047123700.0,0.004702194357366771,0.008543336910461425,0.0002908769098338793,0.03206039223246256,638
36061014300.0,36061014300.0,0.004297114794352364,0.008072100163192075,0.001581059288105627,0.021703591521608126,1629
36081032000.0,36081032000.0,0.0,0.0014726120050115097,5.487362287772615e-05,0.007031147740481506,898
36081068000.0,36081068000.0,0.0009174311926605505,0.002962427274595672,0.0001643453500713771,0.011595521834259244,1090
36081048302.0,36081048302.0,0.0,0.0010584735180367282,3.370080482403565e-05,0.0053980243141791544,565
36005007100.0,36005007100.0,0.0,0.0011159547567448,3.0765487785162706e-05,0.005770890971603642,452
36005007500.0,36005007500.0,0.0,0.0025221390681654915,4.445952986806619e-05,0.014443098792379731,211
36005014100.0,36005014100.0,0.0030120481927710845,0.004597062959325975,0.00015902363267084591,0.022165970977764148,332
36081024500.0,36081024500.0,0.0,0.000745685849794436,1.5039287414790948e-05,0.004234643090204996,876
36081024700.0,36081024700.0,0.0017667844522968198,0.0025903206061893436,4.2270545445913323e-05,0.014032632209727896,566
36085014606.0,36085014606.0,0.0,0.0014060798780643317,4.596422370815679e-06,0.009887470510769861,94
36047007500.0,36047007500.0,0.0,0.001253891979172399,3.879616860063528e-05,0.006569125478241839,474
36047007700.0,36047007700.0,0.0010298661174047373,0.006306388244233416,0.0007693677607538417,0.019991570003945625,971
36081056800.0,36081056800.0,0.0,0.001102365679488267,2.1042834558751387e-05,0.0060976984426585204,715
36081058000.0,36081058000.0,0.004934210526315789,0.0015158271294040124,7.921549276293165e-06,0.010175400964485883,608
36081013700.0,36081013700.0,0.0,0.00046076186811139984,1.3362226219841833e-05,0.0023836442094787138,1449
36081014100.0,36081014100.0,0.0,0.00063411903683335,1.6892260506915898e-05,0.0035020440020764633,328
36047105804.0,36047105804.0,0.0,0.0016460762917059099,4.391890520440246e-05,0.008511454953296268,480
36047107002.0,36047107002.0,0.0,0.0028765744199966852,0.00012102460209399682,0.013073814635288375,566
36005037600.0,36005037600.0,0.0,0.005821874355075491,0.00015599741266981204,0.03282829538175653,67
36005017300.0,36005017300.0,0.0,0.002650799434286312,8.518732817218272e-05,0.013631565464795202,229
36005034500.0,36005034500.0,0.0,0.0026755733187197785,2.5658477392306205e-05,0.01672764925459107,163
36081051100.0,36081051100.0,0.0,0.0013939258196996782,4.215585229912547e-05,0.0070979566955743575,424
36081060701.0,36081060701.0,0.0,0.002229385299730023,9.681625631035395e-05,0.010928228677154076,137
36005003700.0,36005003700.0,0.0,0.005889328908839137,6.927747952848554e-05,0.03595673273431427,70
36061014700.0,36061014700.0,0.0,0.0009446227260714146,7.52223953565622e-06,0.0062676609441552735,216
36061015102.0,36061015102.0,0.0,0.001312156727207658,1.5560154602232072e-05,0.007089567493380778,828
36061008601.0,36061008601.0,0.0006285355122564425,0.002086284505696232,0.00011687142945568094,0.008404000892889138,1591
36061008800.0,36061008800.0,0.0,0.0002490130568262987,2.6136670022486237e-06,0.0016012256142433022,1184
36005022000.0,36005022000.0,0.004310344827586207,0.008439243590210546,0.0004351115532424983,0.03630053868470759,232
36061008602.0,36061008602.0,0.0028368794326241137,0.0032722160749598336,3.876141255875648e-05,0.0164664596203098,705
36047050803.0,36047050803.0,0.0,0.003967564464489666,7.496983986695693e-05,0.022267631683041047,178
36047079802.0,36047079802.0,0.0,0.0038115187956355803,0.00010347932351878022,0.019379504299375034,260
36005006100.0,36005006100.0,0.004424778761061947,0.0025149702221431455,8.790910944958676e-05,0.012844766292119461,226
36061029900.0,36061029900.0,0.0,0.002513147512985924,0.0001617835656464946,0.010684289406905724,637
36047152200.0,36047152200.0,0.006144393241167435,0.02508515347181759,0.005027127838268212,0.06450014053951092,651
36005005300.0,36005005300.0,0.0,0.009686294027306658,0.0002481938794230112,0.04509375536515366,212
36081060300.0,36081060300.0,0.0,0.0005620361154282365,7.859680270738646e-06,0.003538275016750611,429
36081061301.0,36081061301.0,0.0,0.001043111966511093,3.892495062056001e-05,0.005351075137792437,252
36081089201.0,36081089201.0,0.0,0.0011779340943552806,9.974420280550513e-06,0.007598753654947928,412
36081006201.0,36081006201.0,0.0014124293785310734,0.0018926557800505485,4.407539909161013e-05,0.00952382942893631,708
36081088400.0,36081088400.0,0.0034752389226759338,0.01256741285593126,0.0025371872011833974,0.032920950531674,1151
36005018301.0,36005018301.0,0.0,0.0004924224043903912,5.359283896355934e-06,0.0032339198208728467,94
36005019500.0,36005019500.0,0.0,0.0008609483372339052,1.6675827678736646e-05,0.005077583594643629,268
36005005902.0,36005005902.0,0.0,0.0018299343598175753,1.2572704334914237e-05,0.012269779757267065,107
36085014604.0,36085014604.0,0.0,0.0010892089673539345,7.419252956176968e-06,0.007378182882157646,124
36085014605.0,36085014605.0,0.0,0.0002568867219409369,7.883080132870091e-07,0.0016599662058917489,82
36085005901.0,36085005901.0,0.0,0.000308195628791083,1.3994654115692346e-06,0.002150846617833443,36
36047051200.0,36047051200.0,0.0,0.009922383026283316,0.0002993186954000902,0.04717680984645294,155
36081032900.0,36081032900.0,0.00228310502283105,0.00875548294689582,0.0007918071734146547,0.028027121503123212,876
36005016600.0,36005016600.0,0.0,0.00040499825066217233,5.6640039616575896e-06,0.002585902773423653,183
36047050600.0,36047050600.0,0.031914893617021274,0.12167023838445229,0.03268821231824744,0.2803642415073383,188
36081049900.0,36081049900.0,0.0,0.0007532833975451512,2.2640471554028816e-05,0.003972146252214313,741
36081050700.0,36081050700.0,0.0006127450980392157,0.00028804649059242126,3.4640702321488987e-06,0.001835682454845697,1632
36005001902.0,36005001902.0,0.0025426807119505995,0.008284828420878684,0.0018530436231663867,0.020258580629024,2753
36047006300.0,36047006300.0,0.02023121387283237,0.06762423126034978,0.017397871228637955,0.1571469558182741,346
36047005100.0,36047005100.0,0.0,0.0007281658750899077,2.6913738252923022e-05,0.003717406015166878,1041
36047005900.0,36047005900.0,0.0021380574221136223,0.009316420468953356,0.002644210945325693,0.02132964192739593,3274
36085021300.0,36085021300.0,0.0,0.0002772144207498805,1.5189667574927557e-06,0.0019038004924906645,125
36085024700.0,36085024700.0,0.0,0.00017363841298671565,3.636351949588084e-07,0.0012384594227691996,134
36005005100.0,36005005100.0,0.007072135785007072,0.03056241144359899,0.010271687272092336,0.06450865939910382,1414
36047035400.0,36047035400.0,0.0056657223796034,0.020170743940161513,0.003789205222364802,0.05322969819324134,706
36047036600.0,36047036600.0,0.0012690355329949238,0.0033002413320494446,0.00015581334573292531,0.013858370545020576,788
36081003900.0,36081003900.0,0.002881844380403458,0.0009555220609902985,3.937081579375159e-06,0.0068471588775541135,347
36081034700.0,36081034700.0,0.002373685995252628,0.007332551272278305,0.0013845501555765653,0.01848435792130007,2949
36005015700.0,36005015700.0,0.0,0.003445130735544099,0.00014189595456155554,0.01574819726579824,448
36061031703.0,36061031703.0,0.0,0.0010755911564495012,1.617499759481983e-05,0.005319882356060577,1761
36085029106.0,36085029106.0,0.010526315789473684,0.013594765424166003,0.00016125680196202815,0.0727482102673588,95
36047001300.0,36047001300.0,0.00047961630695443646,0.0008294702355603697,3.347996063280261e-05,0.0037675305793882143,2085
36085013203.0,36085013203.0,0.0,0.0006731393067058015,3.1024207931368183e-06,0.004588854781527183,115
36085013204.0,36085013204.0,0.0,0.0029162768042723768,1.1293047758097529e-05,0.02038624131490956,60
36085013201.0,36085013201.0,0.0,0.003257360175423385,5.677393153510845e-06,0.024841235194474273,48
36085013800.0,36085013800.0,0.0,0.0010170691898059997,5.430611893611274e-06,0.0074169968246180955,108
36061011700.0,36061011700.0,0.0007968127490039841,0.0036496810332018953,0.0002251591478807483,0.013610297533927066,1255
36061012901.0,36061012901.0,0.0,0.0014077825891287594,2.91524933557937e-05,0.006952089804138984,1203
36047017100.0,36047017100.0,0.0,0.009830385074322517,0.00017298241673031873,0.052153291855099204,147
36047050202.0,36047050202.0,0.0041841004184100415,0.016836618380184524,0.0006542257161502184,0.06648273696744082,239
36047050001.0,36047050001.0,0.002178649237472767,0.0036946173762437665,0.00015440144713237445,0.016870762510328367,459
36047150200.0,36047150200.0,0.0006222775357809583,0.0022035688978121835,0.00012336961552138786,0.008878060783201478,1607
36081056400.0,36081056400.0,0.0,0.0009223864025660429,4.2897788311052286e-06,0.006162858586484303,110
36061023900.0,36061023900.0,0.0,0.0008520118963818279,1.1948822003248808e-05,0.0054548604213952405,87
36047054300.0,36047054300.0,0.0038095238095238095,0.016312923839631174,0.0019320183801259808,0.04984629808751753,525
36047054500.0,36047054500.0,0.0,0.0010437363275798684,9.573054343074821e-06,0.006623296673320216,314
36081030904.0,36081030904.0,0.0022234574763757642,0.0059076161477012515,0.0006790393110305685,0.017576372046576662,1799
36081030905.0,36081030905.0,0.0,0.0025356314910665355,4.266913754337354e-05,0.014102043538777751,335
36047069602.0,36047069602.0,0.0,0.005087667513167764,0.0001898930503493667,0.024878957547141856,143
36047070601.0,36047070601.0,0.0,0.005939812235667408,2.631835906815307e-05,0.043185963469150206,6
36085017016.0,36085017016.0,0.0,0.002426912439835508,1.0996592133570725e-05,0.017503516979702472,70
36005005600.0,36005005600.0,0.0,0.0009564283855004403,3.989406491067589e-06,0.007015511569428757,79
36005006200.0,36005006200.0,0.0,0.0022611238796752166,8.756705652170521e-05,0.010823728815171385,329
36081127700.0,36081127700.0,0.0,0.008584565321354036,0.0007613721388002993,0.0306398659925076,452
36005021601.0,36005021601.0,0.0,0.002931139823354532,0.00011084468677293983,0.014041792834178784,420
36005021602.0,36005021602.0,0.0,0.0016710094641112722,6.75241208543128e-05,0.00812800152734689,380
36081138502.0,36081138502.0,0.004088307440719542,0.01794158244545608,0.0044646247074720275,0.04317806989216622,1223
36081152901.0,36081152901.0,0.0037313432835820895,0.004820973921859971,9.206590351758729e-05,0.021891546046643888,536
36047010100.0,36047010100.0,0.001310615989515072,0.004881076931857787,0.00017598650900667675,0.020046544641279467,763
36081048900.0,36081048900.0,0.0014936519790888724,0.004162822264845923,0.0002226164469690501,0.01505024587319238,1339
36047014500.0,36047014500.0,0.0022271714922048997,0.004301535789957316,5.9710772232387556e-05,0.02229768180068028,449
36047011700.0,36047011700.0,0.0013280212483399733,0.0030919753429804724,8.335527148825271e-05,0.014303806049843363,753
36047014300.0,36047014300.0,0.0,0.001400882091208894,4.4869121962406185e-05,0.006238104610622144,1426
36005021001.0,36005021001.0,0.0,0.002219609804122657,0.00010185594970724424,0.010584706237044932,349
36081021900.0,36081021900.0,0.0021691973969631237,0.007247727707905966,0.0011871150476801195,0.020751175372579894,1383
36081053502.0,36081053502.0,0.016666666666666666,0.0719828669253332,0.016039158075725948,0.18374822005383684,240
36061000202.0,36061000202.0,0.0,0.0012777293087067863,3.5245218504064836e-05,0.006004166485147393,1384
36047002100.0,36047002100.0,0.002386634844868735,0.00377560132038914,0.00033937705464744393,0.012310547332427436,2095
36047038700.0,36047038700.0,0.0,0.00020843507632678163,2.8030824003206625e-06,0.0013434553164546066,235
36047039500.0,36047039500.0,0.0,0.0002662746358246602,7.68242166213674e-06,0.0014398979659862128,368
36047028900.0,36047028900.0,0.0,0.00040146947796575373,5.521448778037347e-06,0.0025077411226188304,248
36047039300.0,36047039300.0,0.0,0.0003500723864777562,7.708816536702436e-06,0.002051953671569738,450
36081003600.0,36081003600.0,0.0,0.00020504902493016975,3.1290717991475414e-06,0.0012762741978779345,261
36047032700.0,36047032700.0,0.0,0.0011998785650140893,3.894376416064346e-05,0.006213184568745423,549
36005003500.0,36005003500.0,0.0,0.0017094635986715599,2.3352975892824324e-05,0.01016898669728599,162
36005007300.0,36005007300.0,0.0,0.0008030297853200322,1.0724068935679711e-05,0.004958695906600843,131
36085007500.0,36085007500.0,0.0,0.002997850791953045,8.780226145291879e-06,0.022176038473819944,59
36085007700.0,36085007700.0,0.0,0.0007691970431564357,8.130425566853517e-07,0.00560545902089434,3
36081001902.0,36081001902.0,0.0008680555555555555,0.0011747845630191137,2.9236197139356417e-05,0.006100654862150331,1152
36081047500.0,36081047500.0,0.0,0.0004173600125060591,8.919095540583109e-06,0.0024618705786528844,539
36085014100.0,36085014100.0,0.0,0.00033878316454826504,1.5319877626825199e-06,0.002335572320246131,97
36085012500.0,36085012500.0,0.0,0.00045779456593299743,9.680737507637624e-07,0.003520233493689039,89
36085014700.0,36085014700.0,0.0,0.00035224342157915605,2.5659673945369373e-06,0.0024620291208310033,243
36061000800.0,36061000800.0,0.008610086100861008,0.033594268758309204,0.01192218973121903,0.0687580750696259,1626
36047036502.0,36047036502.0,0.0,0.00031559057297996754,5.607086350728092e-06,0.001890412236888385,824
36061006200.0,36061006200.0,0.002180232558139535,0.003946044659947295,0.0004009432791675472,0.012073061259934502,2752
36047056302.0,36047056302.0,0.0,0.004558542502708195,0.00011417987967217376,0.024751328336207246,107
36081103201.0,36081103201.0,0.033707865168539325,0.13479268114934098,0.020653663543510337,0.3779074917336448,89
36081103202.0,36081103202.0,0.0,0.0038454505281530957,2.5229211049635703e-05,0.024321491113053453,179
36005004100.0,36005004100.0,0.0,0.002828931073855235,5.88474553241666e-05,0.01572261521084679,152
36005004300.0,36005004300.0,0.0,0.0012809578997677415,2.4350039339312195e-05,0.007643807950564087,292
36047095400.0,36047095400.0,0.0,0.0016127467401028219,1.1449142195441147e-05,0.011462481192585403,78
36047096000.0,36047096000.0,0.011527377521613832,0.028141329086163114,0.004382084945676241,0.08048056605842993,347
36047057901.0,36047057901.0,0.0034602076124567475,0.011127447422118391,0.0011534221008399086,0.03210677917410708,1156
36047057902.0,36047057902.0,0.00644122383252818,0.022950928660099616,0.004076473334461889,0.061386256119263787,621
36047099600.0,36047099600.0,0.0,0.0038574688547299276,1.7236630342238633e-05,0.026805140300318716,51
36047099800.0,36047099800.0,0.00558659217877095,0.006327357040478994,0.00013539095119711306,0.03289697089365744,179
36081017101.0,36081017101.0,0.0,0.0039557662285212075,0.00047073208316905337,0.013273797287881644,844
36081017102.0,36081017102.0,0.0045992115637319315,0.01920445060406959,0.005473147838061025,0.04253872648804188,1522
36061010602.0,36061010602.0,0.0005042864346949068,0.0010201000084376838,1.5192652137877587e-05,0.005126662417070306,1983
36061011600.0,36061011600.0,0.003416856492027335,0.011573444979070882,0.0007100729368694359,0.03509890415543453,878
36061011401.0,36061011401.0,0.0,0.000386319529340818,5.420226069909925e-06,0.0024045017687827565,658
36005023800.0,36005023800.0,0.0016891891891891893,0.0011929193243550035,4.6140272631982794e-05,0.005964280929316903,592
36005024000.0,36005024000.0,0.0058309037900874635,0.018343763775468407,0.0019246703145769442,0.060151111105137114,343
36061029100.0,36061029100.0,0.0,0.003163645137212885,6.105081162576984e-05,0.017437283951030343,232
36081099100.0,36081099100.0,0.00411522633744856,0.0034582859470762613,4.693531994236651e-05,0.01995304262467557,243
36081099705.0,36081099705.0,0.02572347266881029,0.10294357690663998,0.031011700646501293,0.2278743175066879,311
36005033500.0,36005033500.0,0.0,0.0013413806991402428,3.6806440728756556e-05,0.00676831746718487,864
36005035100.0,36005035100.0,0.0035587188612099642,0.0029439656226659546,4.78836011311779e-05,0.016482525034022522,281
36061023802.0,36061023802.0,0.0,0.004269987097637276,2.497151464786234e-05,0.02693441158688685,134
36061023803.0,36061023803.0,0.0,0.005659184646549279,1.073737478458633e-05,0.038397460847138964,146
36085001800.0,36085001800.0,0.0015015015015015015,0.0028325946442481044,1.4268231299125269e-05,0.015800434915320898,666
36005011800.0,36005011800.0,0.0,0.0036549419120489326,8.032025210635254e-06,0.024398934433363943,181
36005013800.0,36005013800.0,0.0,0.0022376648639398852,3.125630903822542e-05,0.012490182386209733,367
36085002002.0,36085002002.0,0.0,0.0005580678082896762,4.784750279903015e-06,0.0035079205249488356,595
36061001501.0,36061001501.0,0.004322766570605188,0.005891865797347201,0.0005993128705428749,0.01847430845729201,1388
36061002901.0,36061002901.0,0.0,0.001828013755601063,6.031364611496051e-05,0.00875957565437201,677
36061002700.0,36061002700.0,0.0,0.000631081788100019,8.436288220330808e-06,0.00409558907970917,154
36061002902.0,36061002902.0,0.0,0.00040152507747216834,6.583506721148607e-06,0.0024374794549772687,406
36047062600.0,36047062600.0,0.009523809523809525,0.009868225522783708,7.397430507808735e-05,0.05665942450213119,105
36047062800.0,36047062800.0,0.0,0.0008165500097719585,6.1301001325897094e-06,0.005455412344932905,156
36085011204.0,36085011204.0,0.0,0.002579365965976715,6.437271254651863e-06,0.019533686848128964,13
36085012804.0,36085012804.0,0.0,0.003797920638570791,1.678509165334556e-05,0.024761498547222156,118
36047066200.0,36047066200.0,0.0,0.0011101188619797372,1.5631534598689434e-05,0.006667701220741324,231
36047017700.0,36047017700.0,0.021018593371059015,0.08478892779329714,0.03514604289903259,0.1571084623032642,1237
36047050401.0,36047050401.0,0.041666666666666664,0.16290398099984033,0.06425027020307171,0.31560048231311627,432
36005032300.0,36005032300.0,0.0,0.005577336460695476,3.1717183057896425e-05,0.038436471605081776,45
36005033700.0,36005033700.0,0.0,0.0011317882382231653,2.2327072955175726e-05,0.00670785622403794,231
36061002400.0,36061002400.0,0.0,0.0009971666081790291,2.25321764349068e-05,0.005414014341174212,744
36081001400.0,36081001400.0,0.0,0.0005168205726721773,8.106431127260565e-06,0.0032161120291286055,378
36081002200.0,36081002200.0,0.0,0.00018771977252631626,1.930256599246998e-06,0.0011709184081909103,237
36081001800.0,36081001800.0,0.0,0.0002325336867024194,1.9465555468422447e-06,0.0015257798032343847,329
36081002000.0,36081002000.0,0.0,0.0007012257435199411,4.83025932974395e-06,0.0047456997635295746,283
36061031900.0,36061031900.0,0.0,0.004757763925952186,2.264307370992591e-05,0.0294097850187619,184
36061021100.0,36061021100.0,0.001430615164520744,0.002639158523104019,4.633261828811276e-05,0.013451332679179336,699
36061021900.0,36061021900.0,0.0,0.001161808024501962,1.107330208068033e-05,0.0070026652916029405,618
36081066404.0,36081066404.0,0.0,0.021974853837610244,0.0008185390455709343,0.09626294418325679,115
36047001801.0,36047001801.0,0.00854335753951303,0.034826812645499874,0.01379584551296815,0.06755596004011931,2341
36047005302.0,36047005302.0,0.0,0.004439678387737255,0.0002735343850827774,0.01776018461262706,610
36005051601.0,36005051601.0,0.0,0.03586904135299446,9.927234249556669e-06,0.2798015682824214,22
36005051602.0,36005051602.0,,0.12620682360856858,6.65009677818241e-06,0.9297046744124347,0
36047036700.0,36047036700.0,0.0038314176245210726,0.0002637986715999479,2.912070857922217e-06,0.001763864084581189,261
36081021601.0,36081021601.0,0.0,0.0011052755194345234,6.224461582669356e-05,0.004700836934205853,1586
36061009903.0,36061009903.0,0.0,0.0006767823121519253,1.8312328271907406e-05,0.0032364595050728864,2376
36061010300.0,36061010300.0,0.0,0.0007685461025386974,1.5874214871316683e-05,0.004206688876532393,1096
36061011100.0,36061011100.0,0.0011883541295306002,0.0002393427683352212,2.3456963128162243e-06,0.0017354407311089158,1683
36081003700.0,36081003700.0,0.005928853754940711,0.005232322390359147,0.000328479533281765,0.02052575995955986,506
36061023804.0,36061023804.0,0.0040595399188092015,0.01271525085087272,0.00017122953162647536,0.04175498789130941,739
36061019200.0,36061019200.0,0.011235955056179775,0.05013682204251331,0.019683145917974057,0.09719097678703092,1602
36061024500.0,36061024500.0,0.0,0.0015702174266084953,3.65769793111819e-05,0.009186265838111286,249
36061025100.0,36061025100.0,0.0,0.0010747700944851325,1.7009515452176224e-05,0.006431415932801012,219
36081029100.0,36081029100.0,0.0025575447570332483,0.0013138420399512994,3.9944298572403904e-05,0.006420128921606285,1173
36081029300.0,36081029300.0,0.0,0.00034395959927646473,6.399822854721778e-06,0.0020393611658923723,483
36047049900.0,36047049900.0,0.0,0.0008474181649209651,2.3591230341268572e-05,0.004717889484019625,525
36047050100.0,36047050100.0,0.000646830530401035,0.0003351334180777662,7.17089393082206e-06,0.0020063235182675274,1546
36047051500.0,36047051500.0,0.002079002079002079,0.010865763651010241,0.0011356291024984854,0.03577399418325832,481
36005040900.0,36005040900.0,0.003913894324853229,0.003146881876811028,0.00016941645937812132,0.013431486703570293,511
36005042100.0,36005042100.0,0.0,0.00140068486307658,5.739016360511463e-05,0.006846433396203256,512
36085015603.0,36085015603.0,0.0,0.0069960816534715125,2.6623280789582824e-05,0.04806539350505909,74
36081047200.0,36081047200.0,0.009900990099009901,0.03098949043017131,0.007067156279934306,0.07700669626906062,606
36081047600.0,36081047600.0,0.0,0.0027057404441930112,8.829047489379966e-05,0.01248256868468787,739
36005011502.0,36005011502.0,0.0,0.0014045152571370088,7.303496399454384e-05,0.006054117427115004,1241
36081077905.0,36081077905.0,0.0,0.0013941649049317609,6.425897734133623e-05,0.006423447984850887,767
36081118900.0,36081118900.0,0.0,0.0013012215761607124,1.3471692154673834e-05,0.00888337635112766,57
36047093400.0,36047093400.0,0.0,0.002091287360975657,2.6429364086516277e-05,0.012948526977834688,148
36047093600.0,36047093600.0,0.0,0.0030471587243606807,5.811948884119379e-05,0.017639828546614056,145
36047092200.0,36047092200.0,0.0,0.002881002647495808,9.263993815743393e-05,0.014707043539639007,325
36047092800.0,36047092800.0,0.0,0.0024368730286118798,4.204322506371888e-05,0.01407655312497453,168
36081121100.0,36081121100.0,0.02962962962962963,0.08255331386467778,0.013041655212890382,0.2277618325136829,135
36081141700.0,36081141700.0,0.0,0.0016470568363486358,8.028280336137372e-05,0.007437390485745058,608
36005023100.0,36005023100.0,0.0,0.0005977978063405896,5.134431217371297e-06,0.003965821573264003,276
36005037900.0,36005037900.0,0.0,0.0009934411207899367,1.6606892824213175e-05,0.005887288818166634,324
36005038100.0,36005038100.0,0.0,0.0006844107943072619,1.1378407702011605e-05,0.004160314488074808,160
36081050500.0,36081050500.0,0.0,0.0005140103981388145,5.559967572531315e-06,0.0033631567445315614,416
36081068700.0,36081068700.0,0.0,0.00042804208591475703,1.2337036260147495e-05,0.0022776161560975464,1420
36047066600.0,36047066600.0,0.0015906680805938495,0.00430780754273812,0.00046460917463527396,0.013340925006078155,1886
36005008300.0,36005008300.0,0.0,0.0014536268225181703,1.7311244644884917e-05,0.009271651596829845,282
36061016002.0,36061016002.0,0.0,0.0009159705680926182,1.0604979381317709e-05,0.0058060395871524706,220
36061016800.0,36061016800.0,0.0032520325203252032,0.0062238213224545934,0.0003900251802065966,0.023972969876864904,615
36061007900.0,36061007900.0,0.0037328909166321027,0.00981630221318351,0.002043954242589471,0.02392004502796939,2411
36061006900.0,36061006900.0,0.0014936519790888724,0.0031587265510324885,3.020221295742046e-05,0.014220587116816853,1339
36061007500.0,36061007500.0,0.0,0.0013100350498052788,2.6288795226236054e-05,0.006421029060774807,1201
36047014101.0,36047014101.0,0.0,0.0016402480614363792,2.0671686722677715e-05,0.010043751000617846,193
36047014102.0,36047014102.0,0.0,0.0010355315183507045,1.0933393687516438e-05,0.006539387387877077,225
36081064102.0,36081064102.0,0.003532008830022075,0.007526454901774541,0.0011213331698364667,0.02001090626316607,2265
36081077300.0,36081077300.0,0.0,0.0008475066159642133,4.114569257201645e-05,0.004053526656071471,816
36005015100.0,36005015100.0,0.0,0.0005421546560678191,6.304520598320341e-06,0.0034250968355782592,273
36061009800.0,36061009800.0,0.0,0.0004482745605336282,5.405311223012451e-06,0.0028019821029594753,937
36061008603.0,36061008603.0,0.0,0.0008633698669572947,9.561655554361563e-06,0.004802664759865561,1149
36061009000.0,36061009000.0,0.002157497303128371,0.0014075702417304444,6.559110053275543e-06,0.009427400655327907,927
36085031901.0,36085031901.0,0.00847457627118644,0.001316026283107414,7.30573151278912e-07,0.012331543991143452,118
36081086100.0,36081086100.0,0.0,0.0017595768861405916,2.4858017529634236e-05,0.011330531893265909,48
36081120100.0,36081120100.0,0.0,0.0019487963972196262,1.5584188669669987e-05,0.013098676798510662,87
36081081400.0,36081081400.0,0.0,0.000759183921954738,1.695875942282578e-05,0.004085658827377378,712
36005023703.0,36005023703.0,0.0,0.0002535419294729194,3.705702663080005e-06,0.0015753848375939794,108
36081055200.0,36081055200.0,0.0015360983102918587,0.00029244531425020237,3.6368446475565264e-06,0.001972831183904348,651
36081130100.0,36081130100.0,0.0047169811320754715,0.0030919326609181496,6.321918207206228e-05,0.01600251221137668,424
36005023501.0,36005023501.0,0.0,0.0002034508787836019,1.4933756891936743e-06,0.0013612539201067026,214
36005023502.0,36005023502.0,0.0,0.00020450627734267313,2.5185007257592885e-06,0.001264027957575802,251
36047111800.0,36047111800.0,0.0,0.00040340924565150475,1.4499881925087335e-06,0.002802335865430186,139
36047112000.0,36047112000.0,0.0,0.00022040092152435839,1.8387984064661902e-06,0.0015418279170752273,134
36081059600.0,36081059600.0,0.0,0.002567276644102498,1.1063553320417427e-05,0.01777934313659925,29
36081070900.0,36081070900.0,0.0,0.0005472167227737823,2.5566303239702765e-06,0.003934423246185392,144
36081071100.0,36081071100.0,0.0,0.0007170005614294208,1.8294636056178397e-05,0.004022971414185866,381
36081060000.0,36081060000.0,0.0,0.001438729585784221,3.831363700540046e-06,0.010271620574417611,33
36081062200.0,36081062200.0,0.0,0.0010375088760615785,1.0209436440893677e-05,0.006322790666492001,578
36081016300.0,36081016300.0,0.0,0.00218177643980145,6.743041110261726e-05,0.011827924476858901,200
36081029500.0,36081029500.0,0.0,0.0008067055323781522,1.78386301962266e-05,0.0045539591551322,239
36081059200.0,36081059200.0,0.0,0.002509673726702589,1.2886884514263877e-05,0.016499191722751893,160
36081059400.0,36081059400.0,0.0,0.0026143186671217064,8.168538623638577e-06,0.019798001671443164,36
36081070300.0,36081070300.0,0.0,0.00044238419235815624,6.588344278489316e-06,0.0027335782678726385,238
36081013600.0,36081013600.0,0.0,0.0007646769077995783,6.537461136247018e-06,0.005157574793126711,119
36081013800.0,36081013800.0,0.007220216606498195,0.0007984642004014976,5.766984313428411e-06,0.006428628738427344,277
36081067900.0,36081067900.0,0.0,0.0003841239883909463,7.432616107260133e-06,0.0022603483073615448,404
36081069702.0,36081069702.0,0.0,0.00017520266733534687,2.8900911301573418e-06,0.0010186660911500043,418
36081053401.0,36081053401.0,0.0,0.001772511025920806,3.640229680347242e-05,0.010278738836320998,181
36081059800.0,36081059800.0,0.0,0.0016524517547176164,1.0178165135152666e-05,0.011546242732054072,85
36047016200.0,36047016200.0,0.0,0.00033307515695951803,2.0794269494425283e-06,0.0022017655109687023,550
36047016400.0,36047016400.0,0.0017543859649122807,0.0015133567223960184,4.436483592718978e-05,0.006336902166751722,2280
36005046000.0,36005046000.0,0.0,0.0023773383062621585,3.9066727967155654e-05,0.014799132457767235,102
36061029700.0,36061029700.0,0.0017035775127768314,0.006860171394318158,0.00032019800867687806,0.02723890529534937,587
36081156700.0,36081156700.0,0.004796163069544364,0.010236173710253442,0.0010164898002682815,0.03133062270819014,834
36081162100.0,36081162100.0,0.0029069767441860465,0.005168028118955069,0.00011775609264306103,0.025036509368069435,344
36061031704.0,36061031704.0,0.0027359781121751026,0.004489335152651039,7.373699047475055e-06,0.023324578339804204,731
36081098100.0,36081098100.0,0.0,0.007311508414662982,2.0052587297478252e-05,0.05540121841512636,34
36081098700.0,36081098700.0,0.0,0.004941918502844166,2.2981776543374104e-05,0.034067219435801335,97
36005031000.0,36005031000.0,0.0,0.002889282731508157,0.00010948638827308311,0.01358949983135849,335
36005035600.0,36005035600.0,0.007575757575757576,0.023395810503566077,0.002099541502589184,0.06746872570818753,528
36005026400.0,36005026400.0,0.0,0.0005426771965886042,1.1399775288776385e-05,0.0031047965191328486,261
36005019400.0,36005019400.0,0.0,0.0016940728890723882,0.00015072467138954414,0.00613068375379406,2511
36005045102.0,36005045102.0,0.0,0.00623425497929994,0.000104596423456824,0.03277472361708104,189
36081061602.0,36081061602.0,0.005905511811023622,0.021126861862705112,0.004459057687290121,0.05230446142865065,1016
36081063800.0,36081063800.0,0.0012345679012345679,0.008531574824415454,0.0010999203302789068,0.027687633955302517,810
36047002300.0,36047002300.0,0.0016,0.0051467320457959775,0.0004295043627442597,0.01744767182937773,1250
36061019400.0,36061019400.0,0.0,0.0013122623743312416,2.7357044001217386e-05,0.007442750221804505,417
36061024200.0,36061024200.0,0.0024405125076266015,0.008438404953308137,0.001428521912140696,0.022968649464492907,1639
36005005200.0,36005005200.0,0.0,0.006605316118182829,0.00013383976816538876,0.0358298248011174,138
36005012300.0,36005012300.0,0.0,0.003349553576610363,0.00018201798224877359,0.014123731182126514,550
36047055100.0,36047055100.0,0.0,0.0021777718411613227,5.457278342811651e-05,0.011550637495512769,511
36047055500.0,36047055500.0,0.0,0.003104869207171237,9.316326332906942e-05,0.014682917437902327,651
36005022701.0,36005022701.0,0.0036231884057971015,0.0016739182740628986,2.410945658235838e-05,0.009878298624280071,276
36085030301.0,36085030301.0,0.0,0.0002636468356288609,1.734431521718977e-06,0.0018476219483972243,396
36085032300.0,36085032300.0,0.0,0.0013463024436495231,7.673803709918944e-06,0.009070478865544252,291
36005008900.0,36005008900.0,0.0,0.003456158680820367,6.413992557585219e-05,0.01891101396044082,143
36005001903.0,36005001903.0,0.01073345259391771,0.0445158545747203,0.015630004229485905,0.09059458702425832,1118
36005003100.0,36005003100.0,0.0,0.0023541636056350177,8.449382926107286e-05,0.011994747261207242,174
36005023000.0,36005023000.0,0.012987012987012988,0.009675828962513611,7.817254141615642e-05,0.052385480261762415,154
36005033400.0,36005033400.0,0.003950167122455181,0.017160941203234113,0.006366929488943682,0.034295788516332956,3291
36085022602.0,36085022602.0,0.0,0.0019708633985507248,2.9226999654141536e-05,0.01028037068958034,670
36085024800.0,36085024800.0,0.0,0.0029845528403450675,9.847345269863802e-07,0.024640480396645695,119
36081003400.0,36081003400.0,0.0020408163265306124,0.0005992464031881074,1.3919503333513962e-05,0.0032857313850143616,490
36047118600.0,36047118600.0,0.0,0.0006521718085472634,1.0081532345300038e-05,0.00419830550097141,238
36005007800.0,36005007800.0,0.0,0.0006596154460686151,1.0910991897098916e-05,0.0039174978356395366,471
36005009800.0,36005009800.0,0.0007524454477050414,0.0004133503794074757,1.0410075323367107e-05,0.0023900659607660113,1329
36081008100.0,36081008100.0,0.0,0.00030819463475098644,3.7489328679975703e-06,0.001981886520073275,200
36081008700.0,36081008700.0,0.0,0.0037149244476809623,3.839181800657734e-05,0.02285197797123443,142
36005022901.0,36005022901.0,0.0,0.0012503918342897666,1.533139535007731e-05,0.007939680927133685,230
36005023302.0,36005023302.0,0.0,0.0005495711478334235,7.1631545662127315e-06,0.0033702276543133,146
36005020000.0,36005020000.0,0.0,0.0006342117450117003,1.204952220004374e-05,0.00373845674460047,472
36005009600.0,36005009600.0,0.0016806722689075631,0.0014565412569067175,3.935522594685107e-05,0.007790426775633645,595
36005028400.0,36005028400.0,0.0020442930153321977,0.005395689684905608,0.0010662145267548227,0.014092462224965163,2935
36061001300.0,36061001300.0,0.0,0.0007735893886223883,3.2576357904860176e-05,0.003560414625349858,1835
36061002100.0,36061002100.0,0.0,0.0007772152520512496,2.0666117611680477e-05,0.003987825464387233,1435
36005025500.0,36005025500.0,0.0,0.0009467990849582868,1.4304729827366873e-05,0.005891173223849935,87
36005026100.0,36005026100.0,0.0,0.0015954914779271834,2.715322018766409e-05,0.009625268596012211,74
36005026300.0,36005026300.0,0.006688963210702341,0.0011030523171629072,1.2230749868104147e-05,0.007522122941923537,299
36005009000.0,36005009000.0,0.0019096117122851686,0.001490905406495702,5.404697991428746e-05,0.006487032166577381,1571
36005011000.0,36005011000.0,0.003205128205128205,0.009738589892672872,0.0010157235241259612,0.028885689568169854,1248
36085003900.0,36085003900.0,0.0,0.0009956283175523335,5.812863270067952e-07,0.007987966994392767,76
36085005902.0,36085005902.0,0.0,0.0007403066082390724,8.672150069481111e-07,0.005290766830604485,12
36081019903.0,36081019903.0,0.0007518796992481203,0.002781861268868837,0.00017035608305047308,0.010788199343609138,1330
36081020500.0,36081020500.0,0.02888283378746594,0.13120358553713024,0.05813515148887389,0.2286831594454645,1835
36005037800.0,36005037800.0,0.0,0.0022637880033015063,7.701305685160814e-05,0.01200863917306461,186
36005038000.0,36005038000.0,0.0,0.0007572092857490453,1.3132937319056229e-05,0.004461418549977685,86
36005025700.0,36005025700.0,0.0020491803278688526,0.005132707248228529,0.00017861675994354772,0.022527203081443313,488
36005026900.0,36005026900.0,0.0,0.0035366884707152516,0.00022918538301400094,0.014075645646760187,726
36081128300.0,36081128300.0,0.0014609203798392988,0.006584365782100738,0.001077790948724325,0.019116828740785585,1369
36081129102.0,36081129102.0,0.002932551319648094,0.011497648046746769,0.0007933584222539262,0.04289668830421555,341
36005009301.0,36005009301.0,0.0,0.0009379890349429363,3.673424865558662e-05,0.004383157167141986,1365
36005009302.0,36005009302.0,0.0,0.004701294240950587,0.0004965329432428009,0.015788960737880456,1174
36005011701.0,36005011701.0,0.03225806451612903,0.05226977321002112,0.0012340963420464676,0.21059084889089277,62
36085006400.0,36085006400.0,0.0,0.0021652065766024804,1.4693750596996363e-05,0.014635435687335215,122
36085007002.0,36085007002.0,0.009852216748768473,0.027428306011596147,0.0003142810714196332,0.10162971795400076,203
36081069000.0,36081069000.0,0.0,0.0034181974450443633,2.9657831420271688e-05,0.021863231880848835,147
36081069400.0,36081069400.0,0.02247191011235955,0.08130669101268549,0.00982687464573621,0.25412496358017517,89
36047114201.0,36047114201.0,0.0,0.00034276123947232155,7.658672021497515e-06,0.0019931312064964003,703
36047114600.0,36047114600.0,0.0,0.000270130946369806,9.384141673654651e-07,0.0019361991304224083,130
36085029104.0,36085029104.0,0.0,0.0004010666130992726,6.5265208027166695e-06,0.00231538867022792,1268
36047086400.0,36047086400.0,0.0,0.0004352712860153127,7.363882710322372e-06,0.002654133673201599,312
36047088600.0,36047088600.0,0.0,0.0002273443867041217,3.3086446671937633e-06,0.0014378768578236416,533
36047090800.0,36047090800.0,0.0,0.0006075867433200093,1.1899701903910466e-05,0.0034882414380555185,363
36047114400.0,36047114400.0,0.0,0.000252340579700418,6.080149762944692e-06,0.0014116234074151416,793
36005024700.0,36005024700.0,0.0,0.004058772798039433,0.00011009123515854399,0.021062347637041207,189
36005018900.0,36005018900.0,0.0,0.0020218705462033766,6.708409458765432e-05,0.009313664296153995,789
36005019300.0,36005019300.0,0.0,0.0025910801684734574,9.259510911884656e-05,0.01233371266408288,414
36005017701.0,36005017701.0,0.0,0.001067341866324176,1.8639327652486163e-05,0.006594068833442873,101
36005017702.0,36005017702.0,0.0,0.0039044549802143974,8.521473353306014e-05,0.020887552321478098,180
36005019900.0,36005019900.0,0.0,0.0005088662802061329,5.340879622122094e-06,0.0032865881911306057,57
36005021100.0,36005021100.0,0.0,0.00037258463317103136,5.6262354439450765e-06,0.0022754518292421627,141
36005029302.0,36005029302.0,0.0,0.0057914800661425705,0.0003723592701282664,0.023459592982255466,469
36061027300.0,36061027300.0,0.0,0.001799470343645031,1.771694160151378e-05,0.012671722146007133,53
36061028100.0,36061028100.0,0.0,0.0024586546035461295,2.658716989745044e-05,0.015917371376192747,20
36005029500.0,36005029500.0,0.015037593984962405,0.018063395813387416,0.00023133607176508702,0.08301052169769332,133
36005029700.0,36005029700.0,0.0,0.0019172095896460046,4.3757465003958056e-05,0.00984507239980571,563
36005006000.0,36005006000.0,0.0,0.004611403447472354,0.00042801914331179003,0.016495402303618904,870
36061024100.0,36061024100.0,0.0022222222222222222,0.004846657036111541,8.022580506053554e-05,0.02424053874294818,450
36061024700.0,36061024700.0,0.0,0.003627718730226267,9.262529728774724e-05,0.01694459355916003,600
36081030600.0,36081030600.0,0.0013260087137715476,0.0019159638888315896,0.00017275013135892254,0.006081729470782106,5279
36081071600.0,36081071600.0,0.0028979907264296756,0.008422086707880737,0.0036207854761195293,0.015225831398948873,20704
36081084602.0,36081084602.0,0.0027037466203167246,0.007952876897069661,0.002340164897175578,0.017301634290304402,5178
36005018501.0,36005018501.0,0.0,0.004303445614692293,9.894648218243978e-05,0.023154329320654376,212
36005018502.0,36005018502.0,0.0,0.0005579784255090912,1.56054341455387e-05,0.003156172961384855,315
36081061900.0,36081061900.0,0.0,0.00025756609210584333,2.7086995086729413e-06,0.0015988348171039012,245
36081063301.0,36081063301.0,0.02,0.001465654174974361,9.731640987471279e-06,0.011118045029829805,50
36081063302.0,36081063302.0,0.0,0.0046136831354140545,6.575362505148455e-05,0.029867510895306825,17
36081040102.0,36081040102.0,0.0,0.00033959321869000015,2.659315037099633e-06,0.0023119994406352877,72
36061019100.0,36061019100.0,0.0,0.001336039600179154,6.860164287822551e-06,0.008550159161862228,419
36061019500.0,36061019500.0,0.0,0.0014014085087911262,1.3096804938547153e-05,0.008743230702615644,390
36005028100.0,36005028100.0,0.006369426751592357,0.0061709345959793695,2.026474023854649e-05,0.03919444615745685,157
36005043503.0,36005043503.0,0.0026943802925327174,0.011336779646304763,0.0033418744015476787,0.02556332709000308,2598
36005020501.0,36005020501.0,0.0030303030303030303,0.002764138562412731,6.640051652884139e-05,0.013756545512417156,660
36005020502.0,36005020502.0,0.0,0.0013887854504159695,6.962986517068786e-06,0.010210622748796996,43
36081035700.0,36081035700.0,0.0030546009927453228,0.008185380593364284,0.0016256906418128754,0.020523411819329606,2619
36081037100.0,36081037100.0,0.0,0.0012770963897915954,2.744105126577246e-05,0.006973063000013409,635
36005035800.0,36005035800.0,0.0,0.0020615042859263317,4.656953915266585e-05,0.011603909555113093,268
36005046208.0,36005046208.0,0.0,0.002702920302700231,0.00012495632602554308,0.01191298276622796,619
36061027900.0,36061027900.0,0.0,0.0011171909270997606,1.8903204441532986e-05,0.006860330912672997,103
36061028300.0,36061028300.0,0.0,0.0014018235686648855,2.7370913916225393e-05,0.008206019622749678,130
36061030300.0,36061030300.0,0.0,0.0008670460097858009,4.264608109478362e-06,0.006250651559497579,170
36061030700.0,36061030700.0,0.0,0.0007460160007148268,8.435337653010481e-07,0.006058495659305774,109
36061024302.0,36061024302.0,0.02444987775061125,0.09834266440158228,0.03333103700313716,0.20662530342225488,409
36061031100.0,36061031100.0,0.0024896265560165973,0.008168895100365418,0.0013238700821174747,0.022873029968485996,1205
36081029700.0,36081029700.0,0.0015360983102918587,0.002071432845498491,0.00013820366774377967,0.008446382234437952,1302
36081030906.0,36081030906.0,0.0,0.001800595008694028,3.659455958979758e-05,0.009567291369790945,496
36047056100.0,36047056100.0,0.0,0.00289013286685717,0.00011272822014209143,0.012594025204690822,817
36047056500.0,36047056500.0,0.0,0.0013658089473341,2.6955173653008557e-05,0.007632229564353048,514
36081037300.0,36081037300.0,0.001088139281828074,0.0007094381078102888,9.564632490075717e-06,0.004521004807062541,919
36081038100.0,36081038100.0,0.0,0.0006194686438375731,1.0231495161131603e-05,0.0035957754158285355,740
36085027702.0,36085027702.0,0.005952380952380952,0.001891309571209678,9.093036258316964e-06,0.013242891460599067,168
36085027706.0,36085027706.0,0.0,0.0038907013508931634,2.347323792382706e-05,0.025455301536630778,95
36085019800.0,36085019800.0,0.0,0.0021502525100942902,1.7360172277317198e-05,0.013973938887184888,120
36085020803.0,36085020803.0,0.0,0.0028318359913434114,9.735272008857456e-06,0.020644046682954463,75
36081022001.0,36081022001.0,0.0020325203252032522,0.002080314210936376,9.233812954099727e-05,0.008944402422338125,1476
36081038302.0,36081038302.0,0.002247443532981234,0.008804525858194998,0.003747146550159122,0.015987101930473605,17798
36081091800.0,36081091800.0,0.0,0.014320137482888793,2.4022511417650485e-09,0.10642500717527592,56
36081092200.0,36081092200.0,0.0,0.0024875938329459047,1.5014844657391573e-10,0.022118161849121118,23
36085002001.0,36085002001.0,0.0,0.00036995553620918376,1.048889080464404e-06,0.002725096431122056,514
36085003600.0,36085003600.0,0.0,0.0007498020517517127,3.7972408988240595e-06,0.0053209737896642096,162
36047042000.0,36047042000.0,0.00303951367781155,0.007127989292078206,0.00012130341083587143,0.034682214597737876,329
36047054200.0,36047054200.0,0.0,0.0014322701359490754,3.0418552310294117e-05,0.008093554298117877,215
36047055400.0,36047055400.0,0.0,0.0009973634597925701,1.9732174337497902e-05,0.005701223334892736,357
36061028500.0,36061028500.0,0.0,0.002351649374548407,3.797509808391253e-05,0.01411868863252418,83
36061028700.0,36061028700.0,0.0012300123001230013,0.0029961522384424483,0.00010090408331605509,0.013401567097179351,813
36005038303.0,36005038303.0,0.0,0.0005669991860016482,6.448805353839039e-06,0.003582123711726355,41
36005039902.0,36005039902.0,0.0,0.00040737731837919426,7.931325347267874e-06,0.002413199499353643,275
36061023600.0,36061023600.0,0.0,0.001636281175017892,7.755944665121663e-05,0.007686001176019093,486
36005006301.0,36005006301.0,0.0013519603424966202,0.0024257798608328792,0.0002656439662026839,0.0081379545554987,2219
36005028900.0,36005028900.0,0.0,0.0032889415862615997,0.0001214293992387988,0.01670148994204602,177
36061030900.0,36061030900.0,0.004032258064516129,0.011726487980814998,0.0005231691503404742,0.04796285885523686,248
36085002100.0,36085002100.0,0.006535947712418301,0.009768339940150896,0.00014009348034144825,0.05011966157136792,153
36047004600.0,36047004600.0,0.0,0.002592928915226246,2.4087901159129664e-05,0.01652745438802985,193
36085990100.0,36085990100.0,,0.05506279641847331,7.937547649e-314,0.9999999984147252,0
36005000100.0,36005000100.0,0.0,0.0988472126715279,6.141775112781924e-06,0.8764765278668952,1
36081092900.0,36081092900.0,0.0,0.005395118545909095,5.460569828115427e-05,0.03207422372851639,123
36081009900.0,36081009900.0,0.0,0.002055529246038942,3.683311574883253e-05,0.01132415154945962,455
36061024000.0,36061024000.0,0.001333777925975325,0.005676972061042099,0.0011807561670768845,0.01465878195799545,2999
36005000400.0,36005000400.0,0.0,0.00336445091759401,4.3496958103303764e-05,0.020350389625098053,200
36081093900.0,36081093900.0,0.0,0.007900433230650969,2.6754984491163286e-05,0.053378182612895446,79
36005021502.0,36005021502.0,0.007352941176470588,0.0013449165328595057,1.2023610451150153e-05,0.009365342421701511,136
36005021700.0,36005021700.0,0.0,0.0018036574479287936,3.2413844640622366e-05,0.010749868592803545,129
36047001804.0,36047001804.0,0.0,0.010782201883197149,0.00020852265045591953,0.057823828982638686,116
36047002200.0,36047002200.0,0.0,0.0008864098963559698,3.191661767461879e-05,0.0042088450619616,1338
36047000200.0,36047000200.0,0.00392156862745098,0.009171052115893568,0.0010077971699662845,0.028032006336929576,1020
36047001802.0,36047001802.0,0.020618556701030927,0.09372432170841988,0.03340046219483928,0.1922967730955073,582
36081014202.0,36081014202.0,0.0007880220646178094,0.0022419191534300328,0.00017857376361131688,0.008596884330677046,1269
36081014400.0,36081014400.0,0.0,0.0006527573761538671,9.878392671909046e-06,0.004015095323717598,200
36081095400.0,36081095400.0,0.04964539007092199,0.24022321195710084,0.07300365524316696,0.5332681805069746,141
36081096400.0,36081096400.0,0.012903225806451613,0.07681128698588598,0.011492475328772664,0.21790696690834543,155
36061004200.0,36061004200.0,0.0,3.637937703692696e-05,4.834511076213001e-07,0.00022000025612519056,735
36061005700.0,36061005700.0,0.0,4.11520574923164e-05,5.514947558075321e-07,0.0002563985078726913,838
36081024300.0,36081024300.0,0.0039164490861618795,0.01135703240054688,0.002174411759135658,0.029059801337722315,1532
36081051300.0,36081051300.0,0.0,0.0009319309016613376,9.858512137498672e-06,0.00594677807286902,104
36081051700.0,36081051700.0,0.0,0.00042446118342771746,1.701533075248217e-05,0.002036875234877371,1980
36081053100.0,36081053100.0,0.0,0.00042714868498360036,7.809375039487963e-06,0.002656133842215763,535
36081094202.0,36081094202.0,0.06741573033707865,0.2725645979956554,0.11109142080988772,0.5121637411371305,267
36081094203.0,36081094203.0,0.0,0.03887858906233917,0.0006445538791060984,0.19114132276420642,55
36047044902.0,36047044902.0,0.0003714710252600297,0.0031525037203107716,0.00048596184685804,0.0094553228485966,2692
36047048100.0,36047048100.0,0.0,0.0006791169987743615,1.1205512503786453e-05,0.004005588794692442,392
36081040901.0,36081040901.0,0.0,0.0004114591546912478,8.242487666060657e-06,0.0024765101885977033,71
36081040902.0,36081040902.0,0.0,0.00016703460639733278,2.1936741909496184e-06,0.001080128190373433,53
36047070202.0,36047070202.0,0.0,0.002564443030963094,3.108599953901615e-05,0.012834080051234152,709
36047070602.0,36047070602.0,0.0,0.002857469301763947,5.3976406451637246e-05,0.014374904954500584,612
36047001501.0,36047001501.0,0.0008244023083264633,0.0023157633436544423,0.00017618230428278632,0.009042846204768402,1213
36047002901.0,36047002901.0,0.006772009029345372,0.0221528066033142,0.0025858983024654183,0.0673302280951026,443
36061022500.0,36061022500.0,0.003278688524590164,0.004674716745511045,1.487925901418364e-05,0.028519149697531113,305
36061022900.0,36061022900.0,0.0,0.0026102412260458714,1.4304130982615801e-05,0.01669133925359299,243
36047000900.0,36047000900.0,0.0,0.0006482300722358431,1.3325663462210074e-05,0.003743865991219044,633
36047001100.0,36047001100.0,0.003656307129798903,0.0010339608875361843,1.874586124097693e-05,0.005972199480806645,547
36081099802.0,36081099802.0,0.0,0.015212257975978137,5.607064972630763e-05,0.09791950633137013,51
36081097202.0,36081097202.0,0.07692307692307693,0.31117934330248415,0.054090704219973335,0.7951920354647545,39
36081099200.0,36081099200.0,0.012987012987012988,0.019334529226643353,0.0006679499473047885,0.08152829968546672,154
36081050000.0,36081050000.0,0.0,0.0028981189877903967,0.00016687476838775616,0.012740534453089617,462
36081050201.0,36081050201.0,0.011235955056179775,0.008556934872107208,0.00015849817832683876,0.047236152656063665,89
36085017005.0,36085017005.0,0.0,0.00021883491348988554,1.2153267644827539e-06,0.0015517779267576197,68
36085017600.0,36085017600.0,0.0,0.0017650403577463933,6.856000585380508e-06,0.012637574980089888,55
36085022802.0,36085022802.0,0.005076142131979695,0.007344629742139313,0.00015024654151417525,0.0370121447226049,197
36085029102.0,36085029102.0,0.0,0.0011396257917351562,3.08414728332533e-05,0.005502277846350959,1306
36005016100.0,36005016100.0,0.0,0.0013104005893710474,2.2444509563082122e-05,0.007700448478201699,222
36005016300.0,36005016300.0,0.004366812227074236,0.0029145660108884867,9.704694070790706e-05,0.015378780484141222,229
