geoid,tract_id,empirical_estimate,at_least_one_positive_image_by_area,at_least_one_positive_image_by_area_CI_lower,at_least_one_positive_image_by_area_CI_upper,n_images_by_area
36061000100.0,36061000100.0,,0.0,0.0,0.0,0
36061000201.0,36061000201.0,0.0,0.3237653315711104,0.007993857898785959,0.9852795302453822,345
36061000600.0,36061000600.0,0.0022172949002217295,1.0,1.0,1.0,902
36061001401.0,36061001401.0,0.0,0.16795478759014246,0.0037884490562471174,0.7875917236383465,259
36061001402.0,36061001402.0,0.0,0.07052645831896852,0.0013837196703377797,0.425483461078309,705
36061001800.0,36061001800.0,0.0,0.17915024218200198,0.004151114869307588,0.8151388413050761,1783
36061002201.0,36061002201.0,0.0,0.13233488219347855,0.004542655821721734,0.6346336859063068,422
36061002601.0,36061002601.0,0.0,0.08234685116001535,0.0019523904083135148,0.4598762733375671,164
36061002602.0,36061002602.0,0.0,0.08611507615770403,0.0009536878532159232,0.5575592381183999,107
36061002800.0,36061002800.0,0.0,0.15108351575077691,0.001518668482213495,0.7921508307881181,261
36061003100.0,36061003100.0,0.0,0.39560682951246556,0.03106084885642945,0.9786665010021202,1285
36061003200.0,36061003200.0,0.0,0.1539856203633874,0.005442933036577352,0.7071681393843192,628
36061003300.0,36061003300.0,0.000877963125548727,0.5544152753365882,0.020922219318121122,0.9999896535957855,2278
36061003400.0,36061003400.0,0.0,0.11219331711244113,0.0016668700463906589,0.6221856241535453,674
36061003601.0,36061003601.0,0.0,0.03876957277080939,0.0004184394867914498,0.2648694839674964,669
36061003602.0,36061003602.0,0.001451378809869376,0.11726551018441214,0.001774853504281415,0.7011722419255819,689
36061003700.0,36061003700.0,0.0003429355281207133,0.48306636143615217,0.024083360459569214,0.9990619860131186,2916
36061003900.0,36061003900.0,0.002234137622877569,0.5902253959517396,0.0069360397756380865,0.9999999996064737,2238
36061004001.0,36061004001.0,0.0,0.07826315008851106,0.0007754396410141279,0.5192974449856734,728
36061004002.0,36061004002.0,0.0,0.031791377439368475,0.0003224463822013274,0.21587478637834082,428
36061004100.0,36061004100.0,0.001059322033898305,0.13501476752850722,0.0028742640291312405,0.7225937741386788,944
36061004300.0,36061004300.0,0.0,0.10100430383101064,0.0017887212890726756,0.5538742613501716,891
36061004500.0,36061004500.0,0.0,0.24175169617497091,0.008230682583819579,0.9024778223129196,737
36061005200.0,36061005200.0,0.0,0.09424824011142172,0.002004697036519404,0.5352215850291561,861
36061005400.0,36061005400.0,0.0,0.3316141867420005,0.017094431937603193,0.9637226097976198,1336
36061005501.0,36061005501.0,0.0,0.07128068793918778,0.0006075812935110114,0.47817109354451803,649
36061005502.0,36061005502.0,0.0,0.07009562228232565,0.0011920529885618674,0.4129176365754213,1265
36061005800.0,36061005800.0,0.0,0.11365290826680219,0.0023935617305098134,0.6086835837034473,1450
36061006300.0,36061006300.0,0.0,0.2720508512390578,0.011255134016324395,0.9242888200807974,1162
36061006500.0,36061006500.0,0.0,0.24491459309072297,0.008782814429178729,0.8964415357127211,1134
36061006700.0,36061006700.0,0.0,0.11269568334156481,0.0023204687066315038,0.5865199627095976,1113
36061006800.0,36061006800.0,0.0,0.1318888982453327,0.0036567214047297987,0.659760244502304,1122
36061007001.0,36061007001.0,0.0,0.16656012611007864,0.00190716730662025,0.8324709992864497,252
36061007002.0,36061007002.0,0.0011614401858304297,0.29344291984066834,0.0050526303244843,0.9875381854371371,861
36061007100.0,36061007100.0,0.0,0.07538497912087615,0.0010569439537558346,0.47097455977451114,882
36061007200.0,36061007200.0,0.0,0.18324411860481274,0.004485639341059422,0.8114402148976937,1404
36061007300.0,36061007300.0,0.0009699321047526673,0.03303219542716302,0.0005209648975452591,0.2031745396073065,1031
36061007600.0,36061007600.0,0.0,0.0976513882767389,0.0018309526035615643,0.5493681167283399,1028
36061007700.0,36061007700.0,0.003092783505154639,0.2794213756683592,0.004058564896998101,0.9959149123777712,970
36061007800.0,36061007800.0,0.0013169446883230904,0.5884725352382346,0.029114833419351307,0.9999990699403354,2278
36061008000.0,36061008000.0,0.0,0.21181186217849662,0.005308455111864088,0.8760801614747448,2116
36061008100.0,36061008100.0,0.0008771929824561404,0.49450327594208177,0.023888016558706822,0.9995774214141492,1140
36061008200.0,36061008200.0,0.0021586616297895305,0.06747687444976598,0.0008943026468841847,0.4189095720251932,1853
36061008300.0,36061008300.0,0.0,0.5149054896209768,0.03412498692759144,0.9985660853656491,885
36061008400.0,36061008400.0,0.0,0.25743208632030556,0.008905231822570053,0.9132383832602969,1401
36061008700.0,36061008700.0,0.002224694104560623,0.5047991012392644,0.026744974004526176,0.9997161645669895,899
36061008900.0,36061008900.0,0.0,0.2565283101782811,0.0070976162750965854,0.9333001449473047,888
36061009100.0,36061009100.0,0.0,0.17290122168376626,0.0037870182943463616,0.7974956712704233,1458
36061009200.0,36061009200.0,0.0,0.40920505529417084,0.01833558312700905,0.9930926455628054,1650
36061009300.0,36061009300.0,0.0,0.2830861829342839,0.009671235912643327,0.948348968961973,1039
36061009400.0,36061009400.0,0.0032658393207054214,0.23496600787424687,0.0032524798084028112,0.9972790589018462,1531
36061009500.0,36061009500.0,0.000881057268722467,0.2564212986831199,0.005783826865760575,0.960757341056299,1135
36061009600.0,36061009600.0,0.0,0.2260435139515957,0.006760873808003926,0.8866622619037693,1098
36061009700.0,36061009700.0,0.0010162601626016261,0.20935972870863265,0.005658203320591404,0.8881824874949055,984
36061009902.0,36061009902.0,0.005780346820809248,0.9774381028854299,0.7314152806258348,1.0,865
36061010000.0,36061010000.0,0.0007072135785007072,0.25501987637546536,0.006125482243271632,0.9542848415178635,1414
36061010100.0,36061010100.0,0.0021231422505307855,0.5589825116846365,0.020621445967468448,0.9999905905963414,942
36061010200.0,36061010200.0,0.0007936507936507937,0.35465771904585364,0.010211987684684651,0.9923660430468185,1260
36061010400.0,36061010400.0,0.0,0.15689088020060468,0.0031426428351880756,0.7621758376014024,1130
36061010801.0,36061010801.0,0.00390625,0.2096361094542821,0.002073715883813179,0.9548071893384112,256
36061010802.0,36061010802.0,0.0,0.07095513904320781,0.0003697170622069673,0.5111838501279206,230
36061010803.0,36061010803.0,0.004048582995951417,0.3210225440418315,0.0023685531946103567,0.9995274946068958,494
36061010900.0,36061010900.0,0.0,0.15748848830288723,0.0030028215104073498,0.7586619975134019,1669
36061011201.0,36061011201.0,0.0,0.2743289322335344,0.007007572744392304,0.9614511395597997,639
36061011202.0,36061011202.0,0.0033222591362126247,0.36028825499879347,0.008062901459781072,0.9982034341542267,602
36061011203.0,36061011203.0,0.0,0.10375138751326081,0.0014377021579464245,0.6103843345504603,648
36061011300.0,36061011300.0,0.0,0.14211703729927322,0.0024158904747299315,0.737034014415152,914
36061011402.0,36061011402.0,0.0,0.21242030758817723,0.005723229762701379,0.8684281852328263,754
36061011800.0,36061011800.0,0.0,0.4061584198199816,0.029964278416607884,0.9816676074423701,686
36061011900.0,36061011900.0,0.0,0.12244509694506046,0.001836069163412779,0.6782853663215147,952
36061012000.0,36061012000.0,0.0013175230566534915,0.3108751258118333,0.009515334439032958,0.9799055006738291,759
36061012101.0,36061012101.0,0.0,0.107697440579578,0.0011036566149752792,0.6657159979956102,563
36061012102.0,36061012102.0,0.0,0.05629675820587818,0.0005593894834635099,0.36770979781302465,511
36061012200.0,36061012200.0,0.0008665511265164644,0.36904689463719903,0.009864325983908486,0.995642188842661,1154
36061012500.0,36061012500.0,0.0029791459781529296,0.13137965064789028,0.0014884415090605952,0.7735987948606252,1007
36061012601.0,36061012601.0,0.0051813471502590676,0.3152487172216275,0.006333696638881064,0.9887315234793925,193
36061012602.0,36061012602.0,0.0,0.33112429972398294,0.008726444270239614,0.9819484701262899,412
36061012700.0,36061012700.0,0.0018814675446848542,0.07935421147000932,0.0014949154968503825,0.463080795864501,1063
36061013000.0,36061013000.0,0.0,0.23794766093008485,0.005940652793999132,0.9177364848116238,947
36061013100.0,36061013100.0,0.0025167785234899327,0.1720215465768287,0.001812621981788254,0.973816228366097,1192
36061013201.0,36061013201.0,0.015463917525773196,1.0,1.0,1.0,388
36061013202.0,36061013202.0,0.023255813953488372,1.0,1.0,1.0,344
36061013300.0,36061013300.0,0.002244668911335578,0.17252486148531437,0.003053498917578723,0.8435288034907923,891
36061013601.0,36061013601.0,0.007220216606498195,1.0,1.0,1.0,277
36061013602.0,36061013602.0,0.0,0.5862685401135438,0.045769009771561606,0.9997267031109698,209
36061014801.0,36061014801.0,0.0,0.024520793053748727,0.0004437132909662661,0.14674887425181532,139
36061014900.0,36061014900.0,0.0,0.36545632009741286,0.012334630665029775,0.9857808754417411,1147
36061015001.0,36061015001.0,0.0,0.06283652904888488,0.0008219569358416918,0.40434246550197495,310
36061015002.0,36061015002.0,0.0,0.2792998323339524,0.006544194187743596,0.965882115288377,424
36061015101.0,36061015101.0,0.00784313725490196,0.6422015527999434,0.01409703294239229,0.9999988058863492,255
36061015301.0,36061015301.0,0.0,0.1626744303245125,0.0012648129419477988,0.8729801062953968,347
36061015302.0,36061015302.0,0.002288329519450801,0.14122641598021488,0.0015619095901420216,0.7775559065149417,437
36061015401.0,36061015401.0,0.0,0.1497849463301277,0.0036439074786310424,0.7243870772440671,131
36061015402.0,36061015402.0,0.0,0.17988317978856203,0.0015490504563033332,0.8785615601535925,173
36061015403.0,36061015403.0,0.0,0.12980880320674787,0.0011485343291119888,0.7547865792937156,91
36061015501.0,36061015501.0,0.0,0.24904018693378813,0.005088585887142819,0.9278770122175968,233
36061015601.0,36061015601.0,0.0,0.3530475257152592,0.015601244928283062,0.9807782829576226,346
36061015602.0,36061015602.0,0.0,0.3400327819947687,0.01571140126016351,0.9720245763433107,294
36061015700.0,36061015700.0,0.0,0.20214519092168776,0.0049903408380716835,0.8528355463767742,861
36061015801.0,36061015801.0,0.0,0.13323221547317604,0.003887217205666088,0.6370172024214844,431
36061015802.0,36061015802.0,0.0,0.07615659797727974,0.001769839176466151,0.4232981736362754,194
36061016001.0,36061016001.0,0.0,0.17019177144985906,0.0031244123979486727,0.8039342963900723,585
36061016100.0,36061016100.0,0.0,0.11383855552963577,0.0017221216047584253,0.6453967384667086,591
36061016200.0,36061016200.0,0.0004923682914820286,1.0,1.0,1.0,2031
36061016400.0,36061016400.0,0.0,0.4864417870309808,0.030074058905037844,0.9981353976813163,447
36061016500.0,36061016500.0,0.0,0.25766543065852865,0.007154582362836954,0.9442428228761706,815
36061016600.0,36061016600.0,0.0030864197530864196,0.34523580256584646,0.012024579316618753,0.9899046756334723,324
36061016900.0,36061016900.0,0.0,0.2284117901739528,0.004651661631673418,0.9065664873490547,664
36061017000.0,36061017000.0,0.0,0.36155548799209664,0.011472092322069808,0.9909402804621403,394
36061017100.0,36061017100.0,0.0,0.422550773116811,0.012876409788886309,0.9970165438730262,535
36061017200.0,36061017200.0,0.0,0.569879993507307,0.0637263880623178,0.9990049925771992,264
36061017300.0,36061017300.0,0.0,0.18520091175532344,0.0028961571190263937,0.8671441204669142,478
36061017401.0,36061017401.0,0.0,0.4798015536538016,0.026508125144571074,0.9983910247918415,299
36061017402.0,36061017402.0,0.0,0.09052337170007702,0.0013120437259114075,0.5452475147253336,149
36061017500.0,36061017500.0,0.004081632653061225,0.6977773262973779,0.018114017226693084,0.9999999777247043,490
36061017700.0,36061017700.0,0.002150537634408602,0.1233317286073235,0.0010431692726718179,0.7947045842438194,465
36061018000.0,36061018000.0,0.002053388090349076,1.0,1.0,1.0,487
36061018100.0,36061018100.0,0.0,0.15094975323827783,0.0021963904603129803,0.7736908397561268,517
36061018400.0,36061018400.0,0.0,0.22725868646120062,0.008050048522116937,0.8752311881829463,520
36061018600.0,36061018600.0,0.006993006993006993,0.11474131285339559,0.002554382559823837,0.627220622125688,143
36061018700.0,36061018700.0,0.0,0.3008868348650224,0.005248827440827506,0.9766114225706067,577
36061019300.0,36061019300.0,0.0,0.12502094133089645,0.0028857298934682474,0.6401355513357011,606
36061019600.0,36061019600.0,0.0,0.3315862674183757,0.015044092113149143,0.9656468651464155,552
36061019702.0,36061019702.0,0.0,0.038064663439996545,0.000356676303738232,0.2592006867157474,214
36061019900.0,36061019900.0,0.0,0.31064712534412275,0.008503333911004687,0.9738850755099545,363
36061020500.0,36061020500.0,0.004210526315789474,1.0,1.0,1.0,475
36061020600.0,36061020600.0,0.0,0.2471788689549905,0.008414085142998509,0.9110119632600749,373
36061020701.0,36061020701.0,0.0,0.009982323130011206,8.982633510357385e-05,0.06939996212139095,84
36061020800.0,36061020800.0,0.004975124378109453,0.11292088028545845,0.0016910728854564766,0.690890624154376,201
36061021303.0,36061021303.0,0.0,0.04155716835023528,0.0007964450821361712,0.24827934969012555,178
36061021500.0,36061021500.0,0.0,0.0626541717574432,0.0011408219765921379,0.37527069702927796,104
36061021600.0,36061021600.0,0.0,0.1490181118679247,0.0039652253276080685,0.736839856503342,324
36061021703.0,36061021703.0,0.0,0.05138792868902684,0.0016191554813590665,0.26473083378534645,128
36061021800.0,36061021800.0,0.0,0.18596642042193354,0.0046570566732031665,0.8117501834202252,431
36061022000.0,36061022000.0,0.0,0.14164754179680203,0.0019299516649246174,0.7777389445802199,311
36061022102.0,36061022102.0,0.0,0.026636169349029376,0.0003803663603879098,0.16816764825854522,157
36061022200.0,36061022200.0,0.0,0.17712092997149861,0.004360547309851051,0.8149375837387713,423
36061022301.0,36061022301.0,0.0,0.2924976879148363,0.003896228568463109,0.983284209786408,358
36061022400.0,36061022400.0,0.002890173410404624,0.2617385923111091,0.006849834264570743,0.9640025646850067,346
36061022600.0,36061022600.0,0.0,0.13545309907071906,0.0024549405196958086,0.7073409575009048,204
36061022800.0,36061022800.0,0.0,0.13623309193215066,0.002329020231053927,0.721487495985996,292
36061023100.0,36061023100.0,0.0,0.05867423994359475,0.0014126492217203246,0.3283310724189326,198
36061023400.0,36061023400.0,0.0,0.08256243590450467,0.0016414154776539403,0.4685006555203356,117
36061023502.0,36061023502.0,0.0,0.010589800760490094,0.00014504950540470684,0.06686995064965412,39
36061024301.0,36061024301.0,0.0,0.03460016557429834,0.0004903829406200932,0.22545914509027684,62
36061024900.0,36061024900.0,0.0,0.05704170585757525,0.0004500905635207969,0.4070694956499764,109
36061025500.0,36061025500.0,0.015360983102918587,1.0,1.0,1.0,1302
36061026500.0,36061026500.0,0.008036739380022962,0.9980240091377933,0.9896271139645925,1.0,871
36061026700.0,36061026700.0,0.0,0.068100178634176,0.00024406531277566535,0.5063298192800697,46
36061026900.0,36061026900.0,0.0,0.14000369426515696,0.0019123916555806308,0.7314798588175194,171
36061027100.0,36061027100.0,0.0,0.182364452391636,0.00425371171220931,0.8211766136488089,192
36061029300.0,36061029300.0,0.0,0.17893603650931728,0.0012482971752261097,0.9001316785187318,280
36061029500.0,36061029500.0,0.0,0.035834264017415435,0.00021230094518864264,0.2624174994455462,86
36005000200.0,36005000200.0,0.0,0.1490459985253689,0.0013429379515435408,0.8155255626217176,106
36005001600.0,36005001600.0,0.0,0.12383888050489632,0.0017562535317845573,0.6713598509583951,220
36005001904.0,36005001904.0,,0.0,0.0,0.0,0
36005002002.0,36005002002.0,0.0,0.027964540343155448,0.00031933321005894467,0.182349941278859,86
36005002300.0,36005002300.0,0.0,0.3226025150032247,0.010488521607921616,0.9740966934336948,99
36005002500.0,36005002500.0,0.0,0.2781271330069279,0.008629857363465313,0.9553593356527269,225
36005002701.0,36005002701.0,0.0,0.1345549747029372,0.0011720773541507024,0.7919553877897227,31
36005002702.0,36005002702.0,0.0,0.29091536564098797,0.014894797779494585,0.9322224681799612,176
36005003800.0,36005003800.0,0.0,0.011925680175858612,2.398248435685757e-05,0.09362036780138858,52
36005003900.0,36005003900.0,0.0,0.3511181017495554,0.015326723408851411,0.9749581767274832,285
36005004001.0,36005004001.0,0.0,0.10176298836335346,0.0009445943283028807,0.6274153460996599,70
36005004200.0,36005004200.0,0.0,0.32180803623953363,0.015987877117317868,0.9568289770468235,1573
36005004400.0,36005004400.0,0.0,0.22777441889228872,0.009764001008586076,0.8622009231820182,344
36005004600.0,36005004600.0,0.0,0.054555028621264344,0.0006870150853599017,0.34540884475641004,281
36005004800.0,36005004800.0,0.0,0.27894330236142734,0.017499928492659907,0.900770147626796,245
36005005001.0,36005005001.0,0.0,0.024545072511627148,0.000162478868157076,0.18342428872383829,22
36005005002.0,36005005002.0,0.0,0.05689335001861689,0.00047196822211305057,0.4081923936091274,47
36005005400.0,36005005400.0,0.0,0.37806053991370775,0.01869094436484901,0.9865126208921031,121
36005006302.0,36005006302.0,0.0,0.292701028687735,0.010368061071567928,0.954539336912665,289
36005006400.0,36005006400.0,0.029585798816568046,1.0,1.0,1.0,169
36005006500.0,36005006500.0,0.0,0.4076259458858694,0.029550576955802738,0.9795981643945528,360
36005006800.0,36005006800.0,0.0,0.15105098937652756,0.003015881597031947,0.744239271602496,175
36005007000.0,36005007000.0,0.0,0.05847499101667272,0.000709253954568001,0.37700290775351736,81
36005007200.0,36005007200.0,0.0023923444976076554,0.6757679599164438,0.08980169096572926,0.9999684295970681,418
36005007400.0,36005007400.0,0.0,0.026535791227556137,0.00015422888266444223,0.1906519743246794,47
36005007600.0,36005007600.0,0.0,0.10761251537892981,0.0021633150011676843,0.5894955640236327,139
36005007900.0,36005007900.0,0.0,0.0845380347439551,0.002794091309640459,0.43385856775974363,202
36005008400.0,36005008400.0,0.0,0.030699129853945597,6.573218324348041e-05,0.25044011818520384,89
36005008500.0,36005008500.0,0.0,0.08729136416431786,0.0024893297412515057,0.46003249348082914,215
36005008600.0,36005008600.0,0.0,0.027045132863906564,0.00010567354304842624,0.20807002310819625,56
36005008700.0,36005008700.0,0.0,0.09963255058232096,0.0024435215771115874,0.539824867265302,135
36005009200.0,36005009200.0,0.0,0.4036440140516339,0.0231843154370937,0.9882801194262186,400
36005011702.0,36005011702.0,0.03278688524590164,0.8212651109756367,0.15565879561828935,0.9999999131558615,61
36005011900.0,36005011900.0,0.0,0.1345166197661428,0.003663290037765829,0.6600279189756068,238
36005012101.0,36005012101.0,0.0,0.033206871990928324,9.005938687142445e-05,0.28005117308468297,118
36005012102.0,36005012102.0,0.0,0.016259808116017443,0.00011557897580886933,0.11510657141582921,68
36005012500.0,36005012500.0,0.0,0.06963944325005095,0.0011706291659089902,0.4207217242592867,103
36005012901.0,36005012901.0,0.0,0.0948412321374898,0.002540691599461928,0.503502909136739,88
36005013000.0,36005013000.0,0.0,0.020189472570068347,8.539224255533772e-05,0.14875430055988,54
36005013100.0,36005013100.0,0.0,0.08092043064805121,0.0015117484867819332,0.47861506824853367,137
36005013200.0,36005013200.0,0.0,0.052212604828778555,0.0002234629026963364,0.40209311060197295,79
36005013300.0,36005013300.0,0.0,0.13711975670939888,0.0034044362265272716,0.6622778851969464,139
36005013500.0,36005013500.0,0.0,0.057095642795089635,0.0007670250989631672,0.3606955730376618,94
36005014400.0,36005014400.0,0.0,0.16446232416499584,0.001955282678524911,0.8365694398622151,165
36005014900.0,36005014900.0,0.0,0.046919864608147774,0.0009557533499319232,0.2704396960276941,112
36005015200.0,36005015200.0,0.0,0.04398304424887393,0.0005133940725656483,0.28493664317597744,275
36005015300.0,36005015300.0,0.0,0.09911532194061427,0.0018405342090855204,0.5453448961273712,189
36005015800.0,36005015800.0,0.0,0.10120256515264084,0.0007926837005822335,0.6437402628654362,140
36005016000.0,36005016000.0,0.0,0.23473031339634035,0.00403511340472554,0.9396223706011864,206
36005016200.0,36005016200.0,0.0,0.06256502726745915,0.0004901764181562074,0.4331732212124808,68
36005016400.0,36005016400.0,0.0,0.03583965507919637,0.0004119187884884412,0.2395734410907113,96
36005017100.0,36005017100.0,0.0,0.061922626644387836,0.0009867921533783742,0.3744889873507331,19
36005017500.0,36005017500.0,0.0,0.29049689737211015,0.009765842229861932,0.9549945430077431,127
36005017901.0,36005017901.0,0.0,0.02936889398578428,0.0003639327518208418,0.20008525938840827,49
36005017902.0,36005017902.0,0.018518518518518517,0.1101364052949819,0.0005128880146661297,0.7646012803727966,54
36005018101.0,36005018101.0,0.0,0.07298515304618383,0.0009536672399158675,0.4692424901360257,67
36005018102.0,36005018102.0,0.0,0.04354875104224616,0.00037941192721182573,0.307645999197101,137
36005018302.0,36005018302.0,0.0,0.06577561608189245,0.0015111977046527948,0.3730193723457324,107
36005018400.0,36005018400.0,0.0,0.08888026786439097,0.0007377260724522605,0.5945314747834302,238
36005019700.0,36005019700.0,0.0,0.08332112458382189,0.0022872917848502676,0.44733861304224876,151
36005020200.0,36005020200.0,0.0,0.07287451353136036,0.0003349295511871159,0.5576108542170767,76
36005020400.0,36005020400.0,0.0045662100456621,0.08677406064003888,0.0019055683355441362,0.5157089287537726,219
36005020601.0,36005020601.0,0.0,0.14704059652778417,0.0031053527939997605,0.760680630810162,107
36005020900.0,36005020900.0,0.0,0.11423278115893709,0.002423372081794134,0.603247469931222,153
36005021002.0,36005021002.0,0.0,0.2055060945598575,0.003776864668920277,0.8903714674851045,221
36005021301.0,36005021301.0,0.0,0.0409128812787498,0.0007416182773081037,0.24716035229971303,183
36005021302.0,36005021302.0,0.0,0.15227941560913688,0.004067438823048284,0.7171255786820183,248
36005021501.0,36005021501.0,0.014285714285714285,0.03672749162875728,0.0002727911488793172,0.2627662205737421,70
36005021800.0,36005021800.0,0.0010976948408342481,1.0,1.0,1.0,911
36005021900.0,36005021900.0,0.0,0.08771627708800964,0.0013411443863044022,0.5103905181872892,105
36005022101.0,36005022101.0,0.0,0.0411513229326163,9.205924977780667e-05,0.3510030803968057,49
36005022102.0,36005022102.0,0.0,0.07257019363926352,0.0004189106664196946,0.5168870549231052,80
36005022300.0,36005022300.0,0.0,0.06507179626949748,0.00031122710914888163,0.4649837920214807,100
36005022403.0,36005022403.0,0.0,0.1458261390094398,0.004676202011560132,0.674755783405738,243
36005022404.0,36005022404.0,0.014285714285714285,0.19447864593015557,0.0007801938944124176,0.9546434986803444,70
36005022500.0,36005022500.0,0.012658227848101266,0.4099259761563759,0.004811463655278384,0.9995310353459615,158
36005022702.0,36005022702.0,0.0,0.14143168348784957,0.0031973285354205904,0.7059874382257235,219
36005022703.0,36005022703.0,0.0078125,0.03218837150449548,0.00016738168827550303,0.26020079995384177,128
36005022800.0,36005022800.0,0.0,0.1483696142805515,0.003053275974205588,0.736169217978675,152
36005022902.0,36005022902.0,0.0,0.030743664763671758,0.00039739393816733414,0.19686770923304084,194
36005023200.0,36005023200.0,0.0,0.14592995318813,0.0021841722991187587,0.7562607535850348,137
36005023301.0,36005023301.0,0.0,0.028315128271898995,0.000344461581611874,0.17994714396800462,105
36005023600.0,36005023600.0,0.0,0.07830310556623311,0.0012074498015843926,0.4615085285947339,63
36005023704.0,36005023704.0,0.0,0.023920924252478843,0.0001967632034583,0.16587586953800343,64
36005023900.0,36005023900.0,0.0,0.031137394236480417,0.000436902525359803,0.20023742190302254,117
36005024100.0,36005024100.0,0.0,0.09128148906178137,0.00199714217725126,0.48946662667374985,153
36005024300.0,36005024300.0,0.0,0.10678334110152946,0.0022460031436441234,0.5740196887091642,113
36005024400.0,36005024400.0,0.0,0.09781444556897947,0.0024743856509490264,0.5216417767041418,127
36005024501.0,36005024501.0,0.0,0.02963723398313888,0.0006386284463463981,0.17187458547483153,98
36005024502.0,36005024502.0,0.0,0.043962344696300774,0.0003583949568090078,0.31870013587210894,62
36005024600.0,36005024600.0,0.0,0.0712072383164927,0.0018705554600304153,0.39066874396853657,75
36005024800.0,36005024800.0,0.0,0.19286300209807333,0.006938496322629998,0.8038450962880835,275
36005024900.0,36005024900.0,0.0,0.06571799089195872,0.000862459049129033,0.4199753795545973,57
36005025000.0,36005025000.0,0.0,0.12592393946878788,0.002527978176897985,0.6784082654576783,123
36005025100.0,36005025100.0,0.0,0.04324650207404822,0.0006815955900621673,0.27741434503650814,155
36005025200.0,36005025200.0,0.0,0.2385199642572311,0.007779056737745732,0.9078734395583841,109
36005025300.0,36005025300.0,0.0,0.058784738267984755,0.0008117273929278718,0.3715646664274377,101
36005025400.0,36005025400.0,0.0,0.10205103804134368,0.0008601262266605042,0.6411701801765104,106
36005026500.0,36005026500.0,0.0,0.0895494073040193,0.003259787969510339,0.44368689161273417,216
36005026601.0,36005026601.0,0.012195121951219513,0.3208406188726413,0.0014353474705700948,0.9979579990470366,82
36005026602.0,36005026602.0,0.00558659217877095,0.09389101225085586,0.0012564743273469515,0.5757708510062891,179
36005026701.0,36005026701.0,0.0,0.048924268332428154,0.00063666271209184,0.31222502829775506,85
36005026702.0,36005026702.0,0.0,0.20131109926571178,0.004715432525655608,0.8491391507868813,99
36005027300.0,36005027300.0,0.0,0.43313071792779945,0.037005585512139394,0.9860935086372842,350
36005027700.0,36005027700.0,0.003236245954692557,0.6404124278841519,0.05465849333876975,0.9999585632180257,309
36005027900.0,36005027900.0,0.0,0.5390233560102176,0.044817662256666016,0.9989441587401465,342
36005028600.0,36005028600.0,0.0,0.09986805058809846,0.0020239785322439226,0.5685363432588617,92
36005028700.0,36005028700.0,0.0,0.3662373851830791,0.014909492659332705,0.9855571910871352,73
36005028800.0,36005028800.0,0.0,0.023777020276801817,0.0005028604732419506,0.1463442793828317,35
36005029600.0,36005029600.0,0.002176278563656148,1.0,1.0,1.0,919
36005030000.0,36005030000.0,0.0,0.2609125011947028,0.0033803208795564143,0.9662380494133416,178
36005030100.0,36005030100.0,0.0,0.10226390185516401,0.0008383779788359802,0.6441507552411624,45
36005030201.0,36005030201.0,0.0,0.2527314584605765,0.005879787947977342,0.9354117513064298,327
36005030701.0,36005030701.0,0.0,0.10857946756620147,0.002140872270683744,0.5851877310085193,65
36005030900.0,36005030900.0,0.02702702702702703,0.5628214788036017,0.02246696269595395,0.9998494065690713,37
36005031200.0,36005031200.0,0.0,0.13193456524006464,0.0010516762692896892,0.7875885688244728,108
36005031400.0,36005031400.0,0.0,0.12657836398525496,0.0010888055508300465,0.728889655567082,142
36005031600.0,36005031600.0,0.0,0.04598862000268814,0.0006201612416752184,0.29475282889979904,73
36005031800.0,36005031800.0,0.0,0.04608271755177976,0.00048155918671848876,0.3180446751188828,59
36005031900.0,36005031900.0,0.0,0.3257560285023389,0.0029672158403323185,0.9959657452124088,37
36005032400.0,36005032400.0,0.0,0.12909614171593567,0.004722775306065732,0.6020247809302106,138
36005032600.0,36005032600.0,0.0,0.1757401258400269,0.004943981978894266,0.7926902844772286,253
36005032800.0,36005032800.0,0.0,0.14727476073961582,0.0042866188290734885,0.7227203965511908,196
36005033000.0,36005033000.0,0.0,0.17032286665726357,0.0061917001488418525,0.7342413668956872,262
36005033201.0,36005033201.0,0.0,0.17978999547563768,0.002259973366149973,0.8738369317489366,143
36005033202.0,36005033202.0,0.0,0.05878905025210706,0.0004961681444876325,0.42223961668061094,40
36005033601.0,36005033601.0,0.0,0.11926361410016098,0.0016954612763587368,0.6941047026054805,109
36005033602.0,36005033602.0,0.0,0.028463680118785546,0.00027047518406699835,0.1918084326428608,22
36005033801.0,36005033801.0,0.0,0.10485416399984901,0.0017727204961951765,0.5968695173298195,60
36005033802.0,36005033802.0,0.0,0.019119604433082162,0.00022444341876372566,0.13002726360469902,21
36005034000.0,36005034000.0,0.0,0.16989486798029574,0.005342816337333261,0.7609490647964384,129
36005034200.0,36005034200.0,0.0,0.0895492141337983,0.0014495749759865979,0.5395734167153485,203
36005034300.0,36005034300.0,0.0,0.14502590746533825,0.0006123232603714752,0.8511688651039367,85
36005034400.0,36005034400.0,0.0,0.08782222761183375,0.0006480005393153382,0.5815183659860856,129
36005034800.0,36005034800.0,0.004201680672268907,0.2079165887540405,0.0055872674801510985,0.8575131514738223,238
36005035900.0,36005035900.0,0.0,0.11338082307558223,0.002752080698289586,0.61499341908081,221
36005036000.0,36005036000.0,0.0,0.17540564338080147,0.005252649956782454,0.7776979754864478,175
36005036300.0,36005036300.0,0.0,0.05524350981293805,0.0008016236451516667,0.34198270222409377,188
36005036400.0,36005036400.0,0.0,0.185576376148708,0.004417436016475396,0.8272125829752344,96
36005036501.0,36005036501.0,0.0,0.048324206791616225,0.0007177430627122394,0.30881843447579826,60
36005036800.0,36005036800.0,0.0,0.049478980211926746,0.0007198564519084016,0.3136349884405853,85
36005036901.0,36005036901.0,0.0,0.044080982320309825,0.0009339727542896304,0.24839757830981835,117
36005036902.0,36005036902.0,0.0,0.047821911676457975,0.0004015366420297234,0.3329468882867413,91
36005037000.0,36005037000.0,0.0,0.02515507641302648,0.0002852726385291632,0.1634320667509553,61
36005037100.0,36005037100.0,0.0,0.113472181614275,0.0024690463552643595,0.6135990895647927,129
36005037200.0,36005037200.0,0.0,0.15571500843091332,0.004162111079339373,0.7586965271397187,174
36005037300.0,36005037300.0,0.0,0.08751154937580784,0.0008818627861660655,0.5602139362937207,175
36005037400.0,36005037400.0,0.0,0.0569746086219056,0.0015974044361201061,0.3111039061406785,130
36005037504.0,36005037504.0,0.0,0.07797657910652434,0.0007403766333311523,0.5059624794336858,178
36005038200.0,36005038200.0,0.0,0.02519658954054123,0.00027009762679030825,0.16854392853586503,109
36005038301.0,36005038301.0,0.0,0.04969159838341194,0.0008446405974826043,0.30501854967224723,162
36005038600.0,36005038600.0,0.0,0.10262440930910259,0.0031390885784437607,0.5186772899018677,267
36005038700.0,36005038700.0,0.0,0.10981000750897865,0.001946868263658305,0.6076514981015865,239
36005038800.0,36005038800.0,0.0,0.0614012256768521,0.0005982357594057324,0.4188285436271829,94
36005039000.0,36005039000.0,0.0,0.07616670241067271,0.0012178865002240163,0.4641467853058131,113
36005039100.0,36005039100.0,0.0,0.07303946866076871,0.0008772099232527725,0.45579237396836164,179
36005039200.0,36005039200.0,0.0,0.031002216531610633,0.00029478305451243473,0.21198220923425734,63
36005039400.0,36005039400.0,0.0,0.055013671264297466,0.0005535162229255263,0.37386892628107415,69
36005039600.0,36005039600.0,0.0,0.23081635250430013,0.006225294087558436,0.9052080956422528,164
36005039800.0,36005039800.0,0.0,0.12053289484473441,0.0023887205581368336,0.6290312491922632,143
36005040302.0,36005040302.0,0.0,0.07153366530511014,0.0011983129499510887,0.42591926809824776,149
36005040303.0,36005040303.0,0.0,0.08352280313570443,0.001098220062171304,0.5035491004752037,140
36005040304.0,36005040304.0,0.0,0.09983861929859236,0.0015676678611448557,0.5740833237098099,150
36005040400.0,36005040400.0,0.0,0.11021104982566712,0.0023426018840004004,0.5880864402892083,104
36005040501.0,36005040501.0,0.0,0.02779243968883915,0.00035441462008664604,0.17767664560804727,66
36005040502.0,36005040502.0,0.0,0.056627048040054764,0.00038273785889238464,0.41587117527591316,108
36005040600.0,36005040600.0,0.0,0.15479556534108316,0.0033513274641074815,0.7499556762971598,122
36005040701.0,36005040701.0,0.0,0.08173162217450626,0.0011423429393978752,0.5038055283393795,128
36005040702.0,36005040702.0,0.0,0.13607816423923158,0.005892404199628174,0.6111302334986153,324
36005040800.0,36005040800.0,0.0,0.0319157305818841,0.0003043073511174721,0.22530819573145044,56
36005041500.0,36005041500.0,0.0,0.18613422971983945,0.0042614489530445636,0.8353779946064324,180
36005041900.0,36005041900.0,0.0,0.2783242555492264,0.013904900037887306,0.9206573823040497,476
36005042000.0,36005042000.0,0.0,0.06844628072066652,0.0011647296018532567,0.40557777883841295,126
36005042200.0,36005042200.0,0.0,0.10238212212908614,0.0023778072464549936,0.5421113674336239,88
36005042300.0,36005042300.0,0.0,0.34511633237112094,0.015295344285837693,0.9747924115905062,189
36005042400.0,36005042400.0,0.0,0.15678352726466513,0.002333991324640847,0.7964107644578877,127
36005042800.0,36005042800.0,0.0,0.07939296975883317,0.0003528020869063425,0.5709549515366678,37
36005042902.0,36005042902.0,0.0,0.17159849836616878,0.004034399155550372,0.7877233488464238,165
36005043000.0,36005043000.0,0.0,0.12948700520542494,0.0013117528712530274,0.7366238695784231,84
36005043101.0,36005043101.0,0.0,0.037364752841134836,0.00016117072523438026,0.2783042365193108,21
36005043400.0,36005043400.0,0.006666666666666667,0.1285213952965968,0.002394588698181671,0.6646839768115318,150
36005043600.0,36005043600.0,0.0,0.056367306745580346,0.00011423787501494698,0.446892977263527,77
36005044200.0,36005044200.0,0.0,0.2746982312532475,0.0014549934264436182,0.9892724256622589,96
36005044400.0,36005044400.0,0.0,0.26516505041471283,0.0026609880609552855,0.9746779660537552,162
36005044800.0,36005044800.0,0.0,0.05021203182867913,0.0001541339480784165,0.4064342236055165,49
36005044901.0,36005044901.0,0.0,0.12435333788809189,0.0004232067692816838,0.796478567405576,69
36005044902.0,36005044902.0,0.0,0.04767332708395069,0.0003859750699557935,0.33716566183314883,52
36005045600.0,36005045600.0,0.0019138755980861245,0.9586145514611463,0.5960462483289184,0.9999999999998438,1045
36005045800.0,36005045800.0,0.0,0.241553863908114,0.006736886411996781,0.9143992640337478,126
36005046203.0,36005046203.0,0.0,0.6234900639698976,0.08244791379059808,0.9996781143926153,575
36005046204.0,36005046204.0,0.0,0.0681815861716218,0.0003638740486444192,0.5100257130598334,22
36005046206.0,36005046206.0,0.0,0.033380263919211214,0.00012792680411678192,0.27054606184112157,6
36005046207.0,36005046207.0,0.0,0.3581547108467917,0.011527851828226266,0.9859666828370589,273
36005046209.0,36005046209.0,0.013100436681222707,0.9349271633540694,0.4334820324799925,0.9999999999927024,229
36005048401.0,36005048401.0,0.0,0.3079279599420819,0.010017249804987268,0.9699404470128814,343
36005048402.0,36005048402.0,0.0,0.1321766328234243,0.0015228972623603121,0.7535359671247521,24
36005050400.0,36005050400.0,0.002586206896551724,1.0,1.0,1.0,1160
36081000200.0,36081000200.0,0.0,0.19779398030318074,0.005498370657180426,0.8514569126889,223
36081000400.0,36081000400.0,0.0,0.044982042255230816,0.0005881406844719994,0.2946293579059945,230
36081000600.0,36081000600.0,0.0,0.12640531552890408,0.0019948687959362834,0.6895463476180028,398
36081000702.0,36081000702.0,0.0,0.271103962171571,0.00959265098711721,0.9256003878758734,695
36081000800.0,36081000800.0,0.003968253968253968,0.4046919515701747,0.006549980252728876,0.9992841171895042,252
36081001000.0,36081001000.0,0.0,0.1295092590982453,0.0018327439535950286,0.7237266082137207,98
36081001200.0,36081001200.0,0.0,0.05033735924732689,0.00046579482209456734,0.34419193347865706,136
36081001600.0,36081001600.0,0.0,0.024177341465834865,0.00022288901208724067,0.16508542749796143,152
36081002400.0,36081002400.0,0.0,0.14848705062570608,0.001944603581067686,0.7768627803791713,156
36081002600.0,36081002600.0,0.0,0.10440420944741573,0.0017460175944362805,0.5833315476494089,113
36081002800.0,36081002800.0,0.007142857142857143,0.18413363086494816,0.002070235520662245,0.9015384750341798,140
36081003000.0,36081003000.0,0.0,0.039791915356544916,0.00025911605562913833,0.28596021800400717,66
36081003100.0,36081003100.0,0.004246284501061571,0.21640844393306266,0.002086995967461955,0.9860722580596295,471
36081003200.0,36081003200.0,0.003067484662576687,0.08031697210437914,0.0011857276537301426,0.4804822721770775,326
36081003302.0,36081003302.0,0.0,0.4064705603397566,0.020622597104178252,0.9908183106244357,1182
36081003800.0,36081003800.0,0.0,0.030090225281758178,0.0005019236156306589,0.18391159158439666,209
36081004001.0,36081004001.0,0.0,0.08620006065181321,0.0010871694737772137,0.5258140138989368,401
36081004002.0,36081004002.0,0.0,0.0650329746939665,0.0006859658396812934,0.4521077931658202,299
36081004200.0,36081004200.0,0.0,0.05134371030191351,0.0009399234164852833,0.3122072336988001,387
36081004300.0,36081004300.0,0.0,0.13515913820760456,0.001001409156570629,0.7786838449234523,234
36081004500.0,36081004500.0,0.002717391304347826,0.4130397313679943,0.015043086337475715,0.9960472507601722,368
36081004700.0,36081004700.0,0.0024691358024691358,0.3552324182284886,0.003788602321103224,0.9984691539053697,405
36081005000.0,36081005000.0,0.0,0.12785000570725177,0.0006622080793781987,0.7819729513086539,41
36081005100.0,36081005100.0,0.0,0.12490914250160015,0.001267250150890892,0.7037406256307986,344
36081005200.0,36081005200.0,0.0,0.06840561322770057,0.0005996433790456918,0.461194711192148,216
36081005300.0,36081005300.0,0.0,0.08146007980030316,0.002096551831202417,0.43298096808946707,350
36081005500.0,36081005500.0,0.0,0.09840091213260142,0.0016336392825749974,0.5828026785104199,266
36081005700.0,36081005700.0,0.0,0.16368549726380188,0.0024838027603127258,0.8286529031230603,457
36081006300.0,36081006300.0,0.0,0.42440370483841544,0.0294895744549259,0.9904612097056985,356
36081006501.0,36081006501.0,0.0,0.09318097038461151,0.0007544166515246281,0.6183811643691487,189
36081006502.0,36081006502.0,0.0,0.07586807767072769,0.002052248762637063,0.412066529684362,138
36081006900.0,36081006900.0,0.0,0.058419320173008056,0.0011953230414452453,0.3396906073614805,426
36081007100.0,36081007100.0,0.0,0.29121532162993047,0.008520332516086335,0.9559112803446544,535
36081007300.0,36081007300.0,0.0,0.15137157508083016,0.0039034752933416487,0.7378412274167594,223
36081007500.0,36081007500.0,0.0,0.1021088044772473,0.0023239896985485036,0.5580308350081118,213
36081007700.0,36081007700.0,0.0,0.426518583078606,0.007773696482668896,0.9988534465699603,282
36081007900.0,36081007900.0,0.0038314176245210726,0.6285071847295302,0.0336503705381275,0.999988527068213,261
36081008300.0,36081008300.0,0.0,0.1406197569095561,0.0035048762606863155,0.6678791544953728,315
36081008500.0,36081008500.0,0.0,0.3198950649817304,0.008660785997517106,0.9770279424638645,394
36081009400.0,36081009400.0,0.0,0.0645796067415129,0.0010470090928242665,0.39339702404807353,127
36081009500.0,36081009500.0,0.0,0.1325545942533193,0.0019436858533139756,0.7191419344530658,592
36081009600.0,36081009600.0,0.0,0.2239041858808272,0.0030821135552524526,0.9415493478985495,221
36081009700.0,36081009700.0,0.0,0.053109213907575614,0.0002576101689591354,0.39477201170702547,132
36081009800.0,36081009800.0,0.0,0.057872135929011755,0.001176098945257248,0.3488462823870172,177
36081010000.0,36081010000.0,0.0,0.2554515101239169,0.009048104528819535,0.9168131096990063,194
36081010100.0,36081010100.0,0.0,0.018836752467780913,6.707273700544692e-05,0.1425312397928633,99
36081010200.0,36081010200.0,0.0,0.05550425663403546,0.0006399346169780884,0.3775049087859131,194
36081010300.0,36081010300.0,0.0,0.1774903767082707,0.002098101877317457,0.856423596935393,145
36081010400.0,36081010400.0,0.0,0.09574732659521601,0.001599118613439951,0.5709829278670651,173
36081010500.0,36081010500.0,0.0,0.11317080127999925,0.0003839018950258594,0.7601716742423006,86
36081010800.0,36081010800.0,0.0,0.13513816405796797,0.0027087694180605026,0.7138600722722098,160
36081011000.0,36081011000.0,0.0,0.22118442964697294,0.006779210710408134,0.8803172578906465,168
36081011100.0,36081011100.0,0.0,0.10888473294828986,0.0005017205813805242,0.7304315941183714,112
36081011200.0,36081011200.0,0.0,0.07834519751698239,0.00248513217230015,0.39860246030175855,199
36081011300.0,36081011300.0,0.0,0.029975759810705074,0.00031981235088585633,0.19990067953302879,95
36081011400.0,36081011400.0,0.0,0.017935042126593703,0.00022085911327335007,0.12196456281849824,120
36081011500.0,36081011500.0,0.0,0.05966354409152584,0.000542393120937526,0.39450403030538683,128
36081011600.0,36081011600.0,0.0,0.017699189991974812,0.00015774024511458484,0.12036672117588029,120
36081011700.0,36081011700.0,0.013333333333333334,0.1262572918537374,0.0010420454186956085,0.8731950363638118,150
36081011800.0,36081011800.0,0.0,0.0907257872846725,0.0018121682341020657,0.5280754675246955,184
36081011900.0,36081011900.0,0.0,0.07469222932958214,0.0005920960539972681,0.5103636694293905,84
36081012000.0,36081012000.0,0.0,0.12469638476009763,0.0043240036022268585,0.5939767068958081,248
36081012100.0,36081012100.0,0.0,0.09146184876448729,0.0008584544000347194,0.5904924395666689,117
36081012200.0,36081012200.0,0.0,0.3059549773434952,0.01074976742902069,0.9676566606738397,432
36081012400.0,36081012400.0,0.0,0.1607890423227545,0.0033297592037224294,0.7844010623348812,183
36081012601.0,36081012601.0,0.0,0.11893819480760265,0.0023404465433864985,0.6496027155026007,125
36081012602.0,36081012602.0,0.0,0.03389494862266334,0.0003450337467018172,0.23389197335753598,83
36081012800.0,36081012800.0,0.0,0.1216690242738761,0.0017008657082803664,0.6940722185928202,132
36081013200.0,36081013200.0,0.0,0.11890624510901272,0.0023266908427053506,0.6290193760776818,261
36081013400.0,36081013400.0,0.0,0.1930734678721571,0.005405164418600636,0.8394831307098042,282
36081013500.0,36081013500.0,0.0,0.11253038816932827,0.0016074408469861357,0.6443528574300901,87
36081014000.0,36081014000.0,0.0,0.16232221130324984,0.004839357496794938,0.7348187353508912,205
36081014201.0,36081014201.0,0.0,0.19594050339441352,0.003730941341941088,0.8762664083286623,187
36081014300.0,36081014300.0,0.0,0.16611708008122317,0.003394817453273502,0.8222013119184658,236
36081014500.0,36081014500.0,0.0,0.1801259622877055,0.002950838018633201,0.8570792672715566,125
36081014700.0,36081014700.0,0.0,0.05173607905799981,0.001716505496720705,0.2846536605774323,182
36081014800.0,36081014800.0,0.0,0.14003479737950725,0.0035566981260098996,0.7048697361903381,182
36081014900.0,36081014900.0,0.0,0.042449071891061646,0.0006076728243976426,0.26271389322278454,169
36081015000.0,36081015000.0,0.0,0.2739606563363593,0.010639687523096802,0.9400465543167431,118
36081015100.0,36081015100.0,0.0,0.2223827563838978,0.005664438278522174,0.8925891692609935,198
36081015200.0,36081015200.0,0.010113780025284451,1.0,1.0,1.0,791
36081015300.0,36081015300.0,0.0,0.08808235258462924,0.001074313935819904,0.5416121051746852,200
36081015400.0,36081015400.0,0.0,0.10888131083670737,0.0017190180156295253,0.6234571237391539,120
36081015600.0,36081015600.0,0.0,0.31184979510397837,0.01309206629013741,0.9592020720961343,209
36081015700.0,36081015700.0,0.0,0.05960937249829531,0.0013097018694873286,0.3578768474064188,322
36081015801.0,36081015801.0,0.0,0.5049290660564153,0.04732173327905861,0.99689990141054,695
36081015802.0,36081015802.0,0.0,0.14310511034434614,0.0033541199002396884,0.7268819939228414,164
36081016100.0,36081016100.0,0.0,0.10803349082311542,0.00060767564208489,0.7033313897726584,333
36081016400.0,36081016400.0,0.0,0.09678004545068204,0.0009288511173481728,0.6277968512821803,116
36081016800.0,36081016800.0,0.0,0.130449003240932,0.0034422595684289875,0.6559405866245986,217
36081016900.0,36081016900.0,0.0,0.16824793614222214,0.005028332045237435,0.7677648930184898,186
36081017000.0,36081017000.0,0.0,0.3899805280751976,0.01650516457813935,0.9903624631791355,295
36081017200.0,36081017200.0,0.005376344086021506,0.17637062550075333,0.0024013215728955093,0.8706884421194264,186
36081017400.0,36081017400.0,0.0,0.1917099079093276,0.0038464828569172798,0.8686956600245315,265
36081017600.0,36081017600.0,0.003003003003003003,0.1373244728165043,0.002763130142386222,0.703016054172231,333
36081017800.0,36081017800.0,0.004310344827586207,0.09896967944411572,0.0020089340901180337,0.5504882464565927,232
36081017901.0,36081017901.0,0.0,0.11146404396417052,0.0009362658749132946,0.684379750670947,390
36081017902.0,36081017902.0,0.0015544041450777201,0.736633603439563,0.06885684526010998,0.999999995240817,1930
36081018000.0,36081018000.0,0.0,0.05613819821497657,0.000779577253037167,0.35414939885175284,185
36081018101.0,36081018101.0,0.0,0.08741349549829584,0.0006254144466169259,0.5838181641592184,289
36081018102.0,36081018102.0,0.0,0.12028559289805675,0.0011689809725741185,0.7149744119478517,370
36081018200.0,36081018200.0,0.0028089887640449437,0.38128231062966117,0.008268987758234553,0.9992839269561666,1068
36081018300.0,36081018300.0,0.0,0.16838953958041,0.004585755131346703,0.7704018213322684,501
36081018401.0,36081018401.0,0.0,0.1462665317698166,0.002669216840321548,0.7411665137380019,115
36081018402.0,36081018402.0,0.0,0.21086292920269406,0.004514004276729616,0.8935898116413553,166
36081018501.0,36081018501.0,0.0,0.08703336335989384,0.000726875288627446,0.5756868091285751,111
36081018502.0,36081018502.0,0.0,0.03923162531564339,0.0005614592189970458,0.26484452020967375,105
36081018600.0,36081018600.0,0.0,0.3146083170330943,0.014206796603287586,0.9609970184026618,348
36081018700.0,36081018700.0,0.00048449612403100775,0.7570281475107958,0.12290294962327425,0.9999995413743944,2064
36081018800.0,36081018800.0,0.0,0.2582595722409972,0.007516456334406877,0.929292525267391,507
36081018900.0,36081018900.0,0.0,0.161118040165475,0.005203718961644163,0.7229291290917715,404
36081019000.0,36081019000.0,0.0,0.12096324429270573,0.00392160100192328,0.6021286432116558,169
36081019200.0,36081019200.0,0.0,0.5003821784795799,0.03538422134874508,0.9986234040344342,697
36081019400.0,36081019400.0,0.0013736263736263737,1.0,1.0,1.0,1456
36081019600.0,36081019600.0,0.0,0.17487913391348506,0.006633034471745835,0.7717137150929484,194
36081019800.0,36081019800.0,0.0,0.11149120799369236,0.0016440228200471168,0.6356839670042583,191
36081019901.0,36081019901.0,0.0,0.5481369502093428,0.04056953116264239,0.9995089298972679,1755
36081019902.0,36081019902.0,0.003230272265805261,1.0,1.0,1.0,2167
36081020200.0,36081020200.0,0.0,0.549580396037018,0.052632082284389085,0.9985607816467091,1453
36081020400.0,36081020400.0,0.0,0.45513281783914517,0.03180903344743096,0.99521313166129,357
36081020600.0,36081020600.0,0.0,0.36945703826421045,0.013041311058673866,0.9881197352566771,614
36081020800.0,36081020800.0,0.0008012820512820513,0.7704786266723717,0.1362035335987951,0.9999998314549449,2496
36081021200.0,36081021200.0,0.0006747638326585695,0.8902744540079529,0.33713377044590853,0.999999996906247,1482
36081021400.0,36081021400.0,0.0,0.5480270095752132,0.06229220003037744,0.9985816852912037,2205
36081021602.0,36081021602.0,0.0,0.07948436213466639,0.0018496886232422488,0.45058866928030605,506
36081021603.0,36081021603.0,0.0,0.5232376837669719,0.04820216027677474,0.9980555036409773,667
36081022002.0,36081022002.0,0.001430615164520744,0.21957550979414556,0.008011444160905462,0.895141876650872,699
36081023000.0,36081023000.0,0.0,0.09864702841586763,0.001792204540079803,0.5494516418142417,175
36081023200.0,36081023200.0,0.0,0.14952620151529894,0.001585415126257969,0.8044033729843519,288
36081023501.0,36081023501.0,0.0,0.1327978377216407,0.0023239529652949896,0.716421235943536,307
36081023502.0,36081023502.0,0.0,0.03150577090511151,0.000372299899691067,0.21102834719072378,148
36081023600.0,36081023600.0,0.0,0.338333904007164,0.013746518311713208,0.9755957847240654,398
36081023800.0,36081023800.0,0.0,0.16798408211148239,0.002195117690978507,0.8362691865755933,371
36081024000.0,36081024000.0,0.0,0.24703258827491376,0.011168689836347603,0.8754073421578784,331
36081024600.0,36081024600.0,0.0,0.6561026870453585,0.10996697821537678,0.9997511841527046,495
36081025100.0,36081025100.0,0.0,0.15971216411735736,0.00601157470276086,0.7118952427330413,625
36081025301.0,36081025301.0,0.0,0.23027214478479327,0.003958802085347046,0.9344066536968404,539
36081025302.0,36081025302.0,0.0,0.07104229003118914,0.0005919362463205014,0.4816063723707875,446
36081025401.0,36081025401.0,0.012552301255230125,0.8381131242215699,0.05383297424178679,0.9999999999313305,239
36081025402.0,36081025402.0,0.0035087719298245615,0.7613190527206524,0.1196105956346507,0.999998473134717,285
36081025500.0,36081025500.0,0.0,0.16500582123884908,0.007014576988614629,0.7269474303040302,299
36081025700.0,36081025700.0,0.0,0.19081520565322024,0.005546332330148002,0.8352483585021099,236
36081025800.0,36081025800.0,0.0,0.3100082733629175,0.009191397250567845,0.969641881565239,119
36081025900.0,36081025900.0,0.0,0.20595540433797369,0.004156372864851302,0.8817414825589005,274
36081026000.0,36081026000.0,0.0,0.24538386324364037,0.006689259864908104,0.9128021821734001,107
36081026200.0,36081026200.0,0.0,0.13076074429832182,0.001987480178249601,0.7063110403389149,188
36081026400.0,36081026400.0,0.0,0.12614841509028002,0.003620945579061491,0.6235821325214006,114
36081026600.0,36081026600.0,0.0,0.22442979928288495,0.003139391257596813,0.9366306698316391,115
36081026700.0,36081026700.0,0.0,0.2824472725575188,0.013503578050798866,0.9146341326980447,625
36081026901.0,36081026901.0,0.0,0.04610325164571338,0.0008146237066877033,0.27001685555421284,226
36081026902.0,36081026902.0,0.0,0.014981841516510417,0.000134676597349509,0.10251717668052077,115
36081027000.0,36081027000.0,0.0,0.14657059949146864,0.002848361604296529,0.7380025708701913,141
36081027101.0,36081027101.0,0.0,0.025582678407530462,0.0003361903042634701,0.16765033452346306,85
36081027102.0,36081027102.0,0.0,0.04805703063404845,0.0004586591423416275,0.3325113216482952,75
36081027200.0,36081027200.0,0.0,0.021788147426469954,0.0002215108309090885,0.14880028179088364,79
36081027301.0,36081027301.0,0.0,0.024897314028580225,0.00037985703445395644,0.16241793297431997,69
36081027302.0,36081027302.0,0.0,0.07283063763740401,0.0013837403273991356,0.43144091359775827,191
36081027400.0,36081027400.0,0.011111111111111112,0.12517296817907292,0.0018764814162678862,0.7151356002119539,90
36081027500.0,36081027500.0,0.0,0.08193135080401621,0.002776644872501832,0.42427034688970683,182
36081027600.0,36081027600.0,0.0,0.18306101692385665,0.0036945275010812546,0.8510238867027701,110
36081027701.0,36081027701.0,0.0,0.056526029348745566,0.0004693822161816158,0.37901639168034745,70
36081027702.0,36081027702.0,0.0,0.08363185026727905,0.0008746424608944537,0.5300019703796697,110
36081027800.0,36081027800.0,0.0,0.12512551372507175,0.0015964609071585285,0.6956157616410138,86
36081027900.0,36081027900.0,0.0,0.11729276041622652,0.0021829464184316776,0.6295568423199449,248
36081028000.0,36081028000.0,0.0,0.1148635415299683,0.002716700928542279,0.6189178064114542,119
36081028100.0,36081028100.0,0.0,0.08214377397527638,0.0011370618755343399,0.512333646320291,180
36081028200.0,36081028200.0,0.0,0.03699854919753848,0.0003061359110250655,0.263380382658934,64
36081028300.0,36081028300.0,0.0,0.09186108101388256,0.001811077117938789,0.5096880722169074,229
36081028400.0,36081028400.0,0.0,0.31312699397453636,0.0118131500651565,0.9698089089271318,167
36081028500.0,36081028500.0,0.0,0.15572478856633287,0.0023485866326286796,0.7897017884975878,198
36081028700.0,36081028700.0,0.0,0.2406919866747341,0.0036814227038948766,0.9443416578051692,425
36081028801.0,36081028801.0,0.0,0.0138829565753309,9.666712734644478e-05,0.10035971988742139,35
36081028802.0,36081028802.0,0.0,0.0599478117867655,0.0005546219438382572,0.40728983749786163,95
36081028900.0,36081028900.0,0.0,0.1398858497762113,0.001988372583643175,0.73625293649763,320
36081030903.0,36081030903.0,0.0,0.3877362241052195,0.030024257756232173,0.9705718563564201,460
36081032700.0,36081032700.0,0.0,0.13165094878036943,0.002870023991576523,0.6818561263633126,219
36081032800.0,36081032800.0,0.0048543689320388345,0.23628761206586368,0.003621052719441889,0.9559496398982978,206
36081033000.0,36081033000.0,0.0,0.2548352957384985,0.012403749655442603,0.8869526555740616,502
36081033401.0,36081033401.0,0.0,0.27817219820059796,0.01389413563998874,0.9098804547561404,201
36081033403.0,36081033403.0,0.0,0.19607897813971487,0.0026730945544163223,0.9009653288606628,53
36081033404.0,36081033404.0,0.0,0.11213340120011243,0.000991013891961709,0.7093988229435678,26
36081033405.0,36081033405.0,0.0,0.20929676379816428,0.002032683851035741,0.9297291030045907,124
36081033700.0,36081033700.0,0.0,0.15125927558044042,0.0027625342627561195,0.7533823806975735,208
36081033900.0,36081033900.0,0.0,0.20060091713916056,0.00662861923989976,0.8350265024982797,170
36081035100.0,36081035100.0,0.0,0.23676645883309608,0.009171598360560593,0.885757098645128,235
36081035200.0,36081035200.0,0.0,0.22591151058366168,0.007899573635896145,0.8667615539596382,337
36081035300.0,36081035300.0,0.0,0.07852712316614299,0.0018640620623549293,0.4276979240082394,248
36081035800.0,36081035800.0,0.0,0.09686514093171883,0.001939651090447661,0.5301452926804894,155
36081036100.0,36081036100.0,0.0,0.08965506605988101,0.002091720814369857,0.5121437113799936,200
36081036300.0,36081036300.0,0.0,0.1181447771947704,0.0013360353819707959,0.7005269804600663,126
36081036500.0,36081036500.0,0.0,0.03755036950316961,0.00040455145118066527,0.2572446971934756,186
36081036600.0,36081036600.0,0.0,0.19903449781090113,0.007413497362591301,0.8143396304636528,226
36081036700.0,36081036700.0,0.0048543689320388345,0.09465248959348284,0.000714490202550383,0.6803209041959979,206
36081036800.0,36081036800.0,0.0,0.1896136329904089,0.0015149831225216293,0.9066329391218435,111
36081037501.0,36081037501.0,0.0,0.0441044514727369,0.0007239655369022102,0.28810702652282977,79
36081037502.0,36081037502.0,0.0,0.008984973116467471,0.00022631485431373334,0.05032115547381524,92
36081037600.0,36081037600.0,0.0,0.47609738788231787,0.03585614891317197,0.994337808604323,387
36081037700.0,36081037700.0,0.0,0.021194486491650517,0.0003391498796130321,0.1402698979286444,154
36081037900.0,36081037900.0,0.0,0.032593430950426376,0.0005198217587372822,0.20441382651554768,236
36081038301.0,36081038301.0,0.005695687550854353,1.0,1.0,1.0,1229
36081038400.0,36081038400.0,0.0,0.14152243516905655,0.0034012196706311284,0.7066909293648556,164
36081039400.0,36081039400.0,0.0,0.1954677020805718,0.00266772718994531,0.8903557447928835,165
36081039800.0,36081039800.0,0.0,0.15947495339191356,0.003956565797162928,0.7483741388172935,94
36081039901.0,36081039901.0,0.0,0.1356536795962474,0.0014704549905256799,0.7568560666619953,153
36081039902.0,36081039902.0,0.0,0.09194316902354414,0.0007874431162551626,0.5907134297397462,59
36081040000.0,36081040000.0,0.0,0.09009201737700366,0.0012924088262381561,0.5294346855347714,57
36081040101.0,36081040101.0,0.0,0.03934601544053281,0.0004661550027676792,0.26356887205832596,106
36081040200.0,36081040200.0,0.01694915254237288,0.31926617751105607,0.004780062422954814,0.9856759765397213,59
36081040301.0,36081040301.0,0.0,0.03941007407218906,0.0005269871515528268,0.26401835881998426,92
36081040302.0,36081040302.0,0.0,0.02215838732250466,0.00022578124752032359,0.15438851800607345,89
36081040400.0,36081040400.0,0.0,0.32446724089990775,0.012589188588655926,0.9754410482783707,120
36081040501.0,36081040501.0,0.0,0.00814190708605847,0.00010259522951304723,0.05419159616350048,60
36081040502.0,36081040502.0,0.0,0.013326835271310762,6.896733498777674e-05,0.09895227869223229,29
36081040701.0,36081040701.0,0.0,0.0031881407799178134,2.7937585259818487e-05,0.022465544934597712,59
36081040702.0,36081040702.0,0.0,0.03461732166698257,0.00042736722823792374,0.23021751971084423,67
36081041100.0,36081041100.0,0.0,0.16575032652244162,0.005682172325945778,0.7344438005016412,209
36081041300.0,36081041300.0,0.0,0.006289990763879431,0.00012106379021366576,0.03675906445503232,86
36081041400.0,36081041400.0,0.0,0.42789608950401337,0.02572559884306595,0.9939277966926598,186
36081041500.0,36081041500.0,0.0,0.06237996083854903,0.0012328373735776194,0.37794805047530716,58
36081042700.0,36081042700.0,0.0,0.013878244696959809,0.00011950672726442902,0.09156664885249227,90
36081043701.0,36081043701.0,0.0017391304347826088,0.1905023876154426,0.004539059841375037,0.8459689483597852,575
36081043702.0,36081043702.0,0.0,0.10338442436299743,0.0021303976547503546,0.5699209631954266,470
36081043900.0,36081043900.0,0.0,0.005162988892481388,5.575995859938843e-05,0.03502318186294222,98
36081044000.0,36081044000.0,0.0,0.27198351713184976,0.004656147377530612,0.9683110126027735,288
36081044301.0,36081044301.0,0.0,0.02800284148592008,0.0003048427926446079,0.19305185377825546,94
36081044302.0,36081044302.0,0.0,0.12462699756441561,0.002932241988884696,0.6472606605164785,259
36081044400.0,36081044400.0,0.0031120331950207467,1.0,1.0,1.0,964
36081044601.0,36081044601.0,0.0,0.20364726135127598,0.0057375329631471185,0.8563261885761234,251
36081044602.0,36081044602.0,0.0,0.5105959191133956,0.036556958574273296,0.9982546418889819,432
36081044800.0,36081044800.0,0.0,0.13029868003499118,0.0022443530782599807,0.6859984683629957,136
36081045000.0,36081045000.0,0.0,0.15351831977365663,0.0028827531200804613,0.7745087993285796,262
36081045600.0,36081045600.0,0.0019455252918287938,0.6208523347267504,0.04601241039518859,0.999961570266155,514
36081045700.0,36081045700.0,0.0,0.060473385675777765,0.0003899694862576908,0.4388318443973108,180
36081045900.0,36081045900.0,0.0,0.01129053840724678,0.0001002431398937631,0.07708744382508192,161
36081046000.0,36081046000.0,0.0022935779816513763,1.0,1.0,1.0,436
36081046100.0,36081046100.0,0.0,0.00797366163579087,6.054985040030159e-05,0.05399365652565215,114
36081046400.0,36081046400.0,0.005780346820809248,1.0,1.0,1.0,346
36081046500.0,36081046500.0,0.0,0.025229565896547648,0.00042738870114626405,0.15879867367128278,75
36081046700.0,36081046700.0,0.0,0.03458889491290326,0.0004514380846540211,0.22119126802178485,151
36081046800.0,36081046800.0,0.0,0.5089960956984193,0.03402783696721223,0.9989314177093811,312
36081046901.0,36081046901.0,0.0,0.05899228489471216,0.000660832974292394,0.3793709503129773,94
36081046902.0,36081046902.0,0.0,0.025636496267534722,0.00035477428749320364,0.16241700899461717,78
36081047000.0,36081047000.0,0.0,0.54642740941083,0.04184832359540406,0.9995213588291045,222
36081047300.0,36081047300.0,0.001049317943336831,0.7432578774197975,0.09856019469552023,0.9999988381683015,953
36081047801.0,36081047801.0,0.0,0.29954717749088733,0.012705568301358322,0.9483090147795248,155
36081047802.0,36081047802.0,0.0,0.40360721596069643,0.01587932391869356,0.9948571719225144,171
36081048000.0,36081048000.0,0.0,0.5308702405442316,0.04547261359029924,0.9987841045425895,305
36081048100.0,36081048100.0,0.0,0.12984061728805374,0.0023087107588342258,0.6978180121485715,218
36081048200.0,36081048200.0,0.003246753246753247,1.0,1.0,1.0,308
36081048400.0,36081048400.0,0.0,0.479919606139497,0.03508088222638972,0.9962770688783106,305
36081049201.0,36081049201.0,0.0016286644951140066,0.6372873462845322,0.06470696812003705,0.9999469345548055,614
36081049202.0,36081049202.0,0.0,0.18188041860468548,0.005828444704659199,0.8061838260685477,153
36081049301.0,36081049301.0,0.0,0.08918987473848405,0.0011856802304864827,0.5408321503249962,131
36081049302.0,36081049302.0,0.0,0.07249359632177911,0.0018780745053130266,0.39944736692097704,547
36081049500.0,36081049500.0,0.0,0.18113226575794403,0.005065210009771124,0.7961256065754956,1718
36081049600.0,36081049600.0,0.0,0.16255581737966962,0.0045327482953033075,0.7645167476785187,188
36081049700.0,36081049700.0,0.0,0.07045843464457244,0.0005994148714632081,0.4768753228695596,90
36081050202.0,36081050202.0,0.0,0.17497731951625892,0.004276348053709816,0.8136087285792276,87
36081050400.0,36081050400.0,0.0,0.17571813584707383,0.0046740547330521715,0.8037412008077207,68
36081050600.0,36081050600.0,0.0,0.23966355384978055,0.005945089861386571,0.9212107970837626,74
36081050800.0,36081050800.0,0.0,0.054196971225147925,0.0011407580604566342,0.31276659519259437,97
36081051000.0,36081051000.0,0.0,0.03165780612719417,0.0006860812118884313,0.1897551979123691,68
36081051200.0,36081051200.0,0.004016064257028112,0.14153622845806027,0.004267430387502913,0.7141846196697308,249
36081051600.0,36081051600.0,0.0,0.14991332805503702,0.003363160648697411,0.7340431570104353,79
36081051800.0,36081051800.0,0.0,0.16297064439287343,0.0038878981306057743,0.7839834872555261,55
36081052000.0,36081052000.0,0.0,0.17135226131154968,0.0019389169880252495,0.8608353946424074,94
36081052100.0,36081052100.0,0.0,0.13779453687298532,0.0022387095124745404,0.7451502132415382,171
36081052200.0,36081052200.0,0.0,0.09264851312720757,0.0019256074528252426,0.5289895286612629,56
36081052400.0,36081052400.0,0.0,0.18497068726045668,0.003944257369647936,0.8426086751304639,49
36081052600.0,36081052600.0,0.0,0.09814765851953632,0.0011068360333354205,0.6191375700633783,85
36081052800.0,36081052800.0,0.0,0.0920268918698417,0.0018290880662709343,0.5231441137006797,75
36081053000.0,36081053000.0,0.0,0.11780934234585072,0.003091461093323236,0.6108266244999128,145
36081053200.0,36081053200.0,0.0,0.09725887755691451,0.0019493205409224002,0.5472860306606269,93
36081053601.0,36081053601.0,0.01282051282051282,0.6651285651677172,0.047660944532858254,0.9999927511225983,78
36081053800.0,36081053800.0,0.0,0.0533277339605223,0.0005004798522098841,0.37072569169371644,51
36081053901.0,36081053901.0,0.0,0.44176023496846184,0.04173581600479852,0.9858281293941004,553
36081053902.0,36081053902.0,0.0,0.28772275303354145,0.008320452049157599,0.9572042724022087,101
36081054000.0,36081054000.0,0.0,0.2658984417968923,0.00927988238710577,0.9305236382041421,349
36081054200.0,36081054200.0,0.0,0.184648557730415,0.005464386930220786,0.7902334871474032,398
36081054500.0,36081054500.0,0.0,0.05742731853499987,0.0005505366950275814,0.3923129142079543,174
36081054700.0,36081054700.0,0.0,0.09918116254269456,0.0010533218446732106,0.6119406272777671,225
36081054800.0,36081054800.0,0.0,0.19863460718049183,0.0036867558082240596,0.8854400115168242,190
36081054900.0,36081054900.0,0.0,0.07065148518424992,0.0008242729729684289,0.45463581874485065,284
36081055100.0,36081055100.0,0.0,0.09458619698547441,0.0012210976720454265,0.5693323746468196,325
36081055300.0,36081055300.0,0.0,0.052894664088942486,0.0002848157406879992,0.40253954022472155,151
36081055400.0,36081055400.0,0.0,0.09635332066638164,0.0009822892820122414,0.5939668432656895,91
36081055500.0,36081055500.0,0.0,0.0668576887859241,0.0008577276392564393,0.43230866707961896,185
36081055600.0,36081055600.0,0.0,0.027268583961985473,0.0001727389709129723,0.19878900421352863,23
36081055700.0,36081055700.0,0.0,0.0681518348925881,0.001663037898300432,0.3763999512210511,273
36081055800.0,36081055800.0,0.0,0.010391273563038463,4.156241685470685e-05,0.07466912632470833,19
36081055900.0,36081055900.0,0.0,0.07456265654891912,0.001486285887259009,0.426262362177891,246
36081056100.0,36081056100.0,0.0012531328320802004,1.0,1.0,1.0,3192
36081056200.0,36081056200.0,0.0,0.034399865718719606,0.00011627886893682827,0.27447433749874073,47
36081056500.0,36081056500.0,0.0,0.07922310638938168,0.0003790908955969064,0.5612723472986018,256
36081056600.0,36081056600.0,0.0,0.05125139287091655,0.0002796553053638157,0.36999727510112435,107
36081056700.0,36081056700.0,0.0,0.0389457396206543,0.0006631288400552771,0.23386164798450396,151
36081057700.0,36081057700.0,0.0,0.04398308405120712,0.000691376196956614,0.27223685517759955,144
36081057900.0,36081057900.0,0.0,0.038457451433484356,0.00024252197778861228,0.2784948084854544,26
36081058200.0,36081058200.0,0.0,0.2207619415469929,0.00602352862566424,0.8795878895827924,239
36081058500.0,36081058500.0,0.0,0.04039024170142644,0.0003727542766711861,0.2663359132861208,199
36081058700.0,36081058700.0,0.0,0.04368784553140174,0.00020435158427738466,0.3419548681886149,99
36081058900.0,36081058900.0,0.0,0.04763478754786147,0.0006515951479056259,0.30747017179523733,260
36081059000.0,36081059000.0,0.0,0.007349680154727703,6.036764469300737e-05,0.04894341549147718,16
36081059100.0,36081059100.0,0.0,0.08984003277435162,0.001310092853106429,0.5386266225344012,370
36081059300.0,36081059300.0,0.0020833333333333333,0.16970244197684917,0.004368136221991026,0.7752248242413163,480
36081059501.0,36081059501.0,0.0,0.14528863317820045,0.004161072242654504,0.684646807719333,330
36081059900.0,36081059900.0,0.0,0.06980945846500504,0.0007043592794034076,0.4599974692504841,104
36081060600.0,36081060600.0,0.0,0.07877434405263427,0.0009271579260800078,0.49284100966649086,42
36081060800.0,36081060800.0,0.0,0.09559982879270533,0.0013991261983300946,0.5481194547692446,61
36081061000.0,36081061000.0,0.0,0.14788832653618755,0.0021628559339721713,0.7752757324575706,104
36081061200.0,36081061200.0,0.0,0.0875483441364923,0.0011936019105836472,0.5226230540636261,97
36081061302.0,36081061302.0,0.0,0.2813343959058579,0.010867384859866842,0.9463334999966638,210
36081061400.0,36081061400.0,0.0,0.24693352266591295,0.005857848119966985,0.9368308002618423,212
36081061601.0,36081061601.0,0.0,0.2589930791113441,0.00643607992198069,0.9472586467767258,148
36081061800.0,36081061800.0,0.0,0.3911312085172602,0.013887918672102081,0.9935631346240916,137
36081062300.0,36081062300.0,0.0,0.026238154618425123,0.0003051373515748968,0.17595549309528302,41
36081062500.0,36081062500.0,0.0,0.022917010061594537,0.00024776797162271433,0.15601842641670563,66
36081062600.0,36081062600.0,0.0,0.12539461181093253,0.0013352020390468484,0.7130158981155307,161
36081062700.0,36081062700.0,0.0,0.03648927817935322,0.00039189210137180187,0.2436253003657034,40
36081062900.0,36081062900.0,0.0,0.04316348835000471,0.0005771331186133488,0.2883285696298536,100
36081063200.0,36081063200.0,0.0,0.24375523837159707,0.007960273290821834,0.9127767799755861,128
36081064101.0,36081064101.0,0.0,0.19911275671067957,0.0020895712047412835,0.9163358434023942,127
36081064500.0,36081064500.0,0.0,0.14813369044522876,0.0038866185669909985,0.7231510044291692,395
36081064600.0,36081064600.0,0.0,0.32830582668220515,0.00886458721747152,0.9839135057519631,217
36081065000.0,36081065000.0,0.0,0.30656743064787395,0.012556098675965346,0.9621490857340312,235
36081065401.0,36081065401.0,0.0,0.3909726235589007,0.01808706308540383,0.9906789364662629,325
36081065402.0,36081065402.0,0.0,0.5835728104819218,0.06900475375486663,0.9993533771009592,60
36081065600.0,36081065600.0,0.08363636363636363,1.0,1.0,1.0,275
36081065702.0,36081065702.0,0.0,0.020337401012202935,0.00022480979972013814,0.1340400356911962,64
36081065703.0,36081065703.0,0.0,0.034175293211031695,0.0005756224370710411,0.20800024582799495,166
36081066000.0,36081066000.0,0.0,0.3907490843744766,0.006444466177110098,0.9982495409910482,135
36081066301.0,36081066301.0,0.0,0.05003475113640407,0.0006001131271329313,0.330997286053511,161
36081066302.0,36081066302.0,0.0,0.08906567258100084,0.0009862219756323009,0.5677843830998537,92
36081066402.0,36081066402.0,0.0,0.3207870300843925,0.015927230264829784,0.9635489543546489,71
36081066403.0,36081066403.0,0.0,0.541491978755664,0.021746654600518354,0.999888497466578,114
36081066701.0,36081066701.0,0.0,0.10192335975757454,0.0013832596706256862,0.6102216906733828,260
36081067100.0,36081067100.0,0.0,0.03201156307684813,0.0003273130183782086,0.22542786839257656,105
36081067700.0,36081067700.0,0.0,0.018193508297075126,0.00016049306172560287,0.12611276205283964,129
36081068200.0,36081068200.0,0.0,0.2270100068923718,0.002168971586934634,0.9407759925304643,212
36081068300.0,36081068300.0,0.001059322033898305,0.5163340791518174,0.03066059128205389,0.9997468988568997,944
36081069300.0,36081069300.0,0.0,0.4813687801638921,0.024840559020412732,0.9984931242506296,498
36081069500.0,36081069500.0,0.0,0.055213158675275806,0.00037772492557617556,0.38280420300459844,239
36081069701.0,36081069701.0,0.0,0.07335164725460408,0.0009033507789361406,0.4776949298686211,217
36081070700.0,36081070700.0,0.0,0.04657204811703412,0.00036490091063836884,0.3247191482986363,114
36081071303.0,36081071303.0,0.0,0.0632531967357042,0.00048298751665989406,0.4494361097287691,284
36081071304.0,36081071304.0,0.006369426751592357,0.06022051755108241,0.000507040445220569,0.46599230373717104,157
36081071305.0,36081071305.0,0.0,0.10057410050862148,0.0006576187058758287,0.6825291757571645,293
36081071701.0,36081071701.0,0.0,0.08071170956383018,0.0014443634605499577,0.46667399875774024,210
36081071900.0,36081071900.0,0.0,0.11429571676873157,0.002448275146620174,0.6053991240156191,609
36081072100.0,36081072100.0,0.0,0.032181437373073746,0.0004327817068173007,0.20826587798680515,88
36081072300.0,36081072300.0,0.0,0.11879931714314007,0.0018864624617453503,0.6634907422124143,183
36081072900.0,36081072900.0,0.0,0.036111036231550625,0.00029387788338569587,0.2607544054521957,75
36081073700.0,36081073700.0,0.0,0.26353769977731367,0.008802899170002793,0.9330197168346622,363
36081073900.0,36081073900.0,0.0,0.05766276327077805,0.0011707845927969528,0.3436987487436194,509
36081074100.0,36081074100.0,0.0,0.023926933447995388,0.00021735207673935497,0.16125478536019222,103
36081074300.0,36081074300.0,0.0,0.050434145014940035,0.0004172853173511543,0.35251586957510567,124
36081074500.0,36081074500.0,0.0,0.23656982292404163,0.006618751041153762,0.9109299335664164,1000
36081074700.0,36081074700.0,0.0,0.09812877798532309,0.0018911947203224255,0.558364543306621,98
36081075701.0,36081075701.0,0.0,0.18742293366639332,0.006603366826866694,0.7819563303288545,619
36081075702.0,36081075702.0,0.0,0.1469130562046978,0.003442789970431992,0.727513587462451,404
36081077902.0,36081077902.0,0.0,0.23720725889036598,0.005343297951522932,0.9160220838318672,144
36081077903.0,36081077903.0,0.008333333333333333,0.2940698562408677,0.004336527847986585,0.98679310983978,120
36081077904.0,36081077904.0,0.0,0.32209168019846385,0.011810206479500512,0.9751752517232137,235
36081077906.0,36081077906.0,0.0,0.15166953522277926,0.0017271952634112964,0.8061579626485202,98
36081077907.0,36081077907.0,0.0,0.17834032713745035,0.0020912758803847717,0.8675135272887946,117
36081077908.0,36081077908.0,0.0,0.11250331102899212,0.0015252356765575266,0.6546677701693306,45
36081078800.0,36081078800.0,0.0,0.043627733456985195,0.0005303799692022243,0.2855218533434542,82
36081079000.0,36081079000.0,0.0007739938080495357,0.37086418447488545,0.009535001926453368,0.9966844972383773,1292
36081079200.0,36081079200.0,0.0009523809523809524,0.5083879169959266,0.029564586777858528,0.9994103061285086,2100
36081079300.0,36081079300.0,0.0,0.14046420082407732,0.0013143176379863176,0.7942464171188274,16
36081079701.0,36081079701.0,0.0,0.13604522785827752,0.003201814794121227,0.6959691357154995,102
36081079702.0,36081079702.0,0.0,0.15263462467490926,0.0042465047269338915,0.7237708587216888,135
36081079900.0,36081079900.0,0.0,0.11390500761685499,0.0003390765475460245,0.766293327835,163
36081080301.0,36081080301.0,0.0,0.2701419568714186,0.007334513050614547,0.9492824258838456,861
36081080302.0,36081080302.0,0.0,0.5323498526831254,0.04815971310037762,0.9989452109739506,736
36081081800.0,36081081800.0,0.0,0.29432843920557855,0.010302257412512783,0.9512425884094614,348
36081083700.0,36081083700.0,0.0,0.5907481023824839,0.08459295368086679,0.9987968717081721,694
36081083800.0,36081083800.0,0.0,0.21353900939074924,0.004234785600201735,0.902389303736967,171
36081084000.0,36081084000.0,0.0022371364653243847,0.40253712187290874,0.022851964239788147,0.9925206404312307,447
36081084500.0,36081084500.0,0.0,0.07209777869978075,0.0005349328414898047,0.4950104376119691,98
36081084601.0,36081084601.0,0.0,0.21621400637493343,0.0029246496129650664,0.9260123726970145,210
36081084901.0,36081084901.0,0.0,0.10607945670214836,0.0010571811418901788,0.6387881982069179,119
36081084902.0,36081084902.0,0.0,0.12863705824476088,0.0011689502042324135,0.7495122854420744,80
36081085700.0,36081085700.0,0.0,0.05607600720933654,0.0004646243537154926,0.39278591666509194,43
36081085900.0,36081085900.0,0.0,0.033632467072063035,0.0006050520675525972,0.20823337243477796,44
36081086400.0,36081086400.0,0.00528169014084507,1.0,1.0,1.0,568
36081086500.0,36081086500.0,0.0,0.14162492139953647,0.0035833545084264923,0.7038680703101665,212
36081086900.0,36081086900.0,0.001388888888888889,0.8176491516935074,0.14033501037436508,0.9999999971232173,1440
36081087100.0,36081087100.0,0.0,0.6035580729001576,0.06987766977408265,0.9995802046181119,567
36081088902.0,36081088902.0,0.005208333333333333,0.18637827933159357,0.0035514255662131484,0.8447627538575966,192
36081088903.0,36081088903.0,0.0,0.2905444398546257,0.008633410674383469,0.9580526001213915,1977
36081089202.0,36081089202.0,0.0,0.40971832755044524,0.020960941327470527,0.9924847275454557,163
36081091602.0,36081091602.0,0.0,0.17200746776119058,7.67062523499007e-09,0.9842526731371909,12
36081091603.0,36081091603.0,0.02857142857142857,0.43788623220335776,2.1787116596949658e-08,0.9999996240217536,35
36081091604.0,36081091604.0,0.0,0.129884151640219,1.3499779710768324e-09,0.9683850523850699,3
36081092500.0,36081092500.0,0.012422360248447204,0.7591303476741191,0.01845976510155085,0.9999999954609525,161
36081092800.0,36081092800.0,0.0,0.047337256580918606,1.5777695772101196e-08,0.5680268016933033,14
36081093401.0,36081093401.0,0.0,0.061353580739857284,1.180617251184124e-07,0.6916783991454668,25
36081093402.0,36081093402.0,0.0,0.04963026202202413,5.591006126737242e-07,0.5501804449995027,24
36081093800.0,36081093800.0,0.0,0.3441026048744274,0.0006359387977004138,0.99897072080298,101
36081094500.0,36081094500.0,0.0005282620179609086,0.7521864767983006,0.1165169430288366,0.9999991602251552,1893
36081094700.0,36081094700.0,0.0,0.14875640088316536,0.002180959529131557,0.7729956886346272,77
36081097204.0,36081097204.0,0.006944444444444444,1.0,1.0,1.0,144
36081097205.0,36081097205.0,0.0,0.41381888681939855,0.010920162734992096,0.998776073296613,43
36081097206.0,36081097206.0,0.0,0.13059488719143691,0.0013765307927048858,0.7426014495051572,17
36081097207.0,36081097207.0,0.0,0.23682762499361798,0.0024192443218726627,0.96410112828702,4
36081099703.0,36081099703.0,0.0,0.5130477647107339,0.023082668210399445,0.9995020201432874,158
36081099704.0,36081099704.0,0.0,0.37061982989114794,0.013906776879003732,0.9868278653768646,173
36081099801.0,36081099801.0,0.0,0.20356772199742953,0.003555560736729732,0.8871133860677782,102
36081099900.0,36081099900.0,0.0,0.3873587820046487,0.005995371158208263,0.9987251010801438,28
36081100801.0,36081100801.0,0.058823529411764705,0.7746522525242499,0.1150654710095996,0.9999999967153982,17
36081100803.0,36081100803.0,0.0,0.46087739416015294,0.030527034909178602,0.9962829510958869,152
36081100804.0,36081100804.0,0.0,0.6753345696133545,0.08954885128146688,0.9999795356557359,88
36081101002.0,36081101002.0,0.0,0.23011182714432352,0.000874107068788349,0.9733579706698172,106
36081101003.0,36081101003.0,0.0,0.15810378080194232,0.0012569461409589007,0.839071413156659,124
36081101004.0,36081101004.0,0.0,0.3173203775251938,0.0037724743295416393,0.9919102156133743,71
36081103300.0,36081103300.0,0.0,0.20002646159440843,0.00259962650061141,0.9085349234000778,95
36081103900.0,36081103900.0,0.0,0.28001561258010227,0.012398675107728175,0.9309339383635159,850
36081104700.0,36081104700.0,0.0,0.08339314632866003,0.0017110192401730451,0.4751114475351185,180
36081105900.0,36081105900.0,0.0,0.03680115721226195,0.0004090349741268401,0.2459029476137766,91
36081108500.0,36081108500.0,0.0,0.060701462245874145,0.0009848610816914876,0.36633514309114307,147
36081109300.0,36081109300.0,0.0,0.4222438776672321,0.022858813757955173,0.9930242776923909,140
36081109700.0,36081109700.0,0.0,0.0354151533232055,0.0003366204371869963,0.24431010559475366,128
36081109900.0,36081109900.0,0.0,0.06155048981171476,0.0005952086430662639,0.41703346068773406,143
36081113300.0,36081113300.0,0.0,0.04937766198940133,0.00043849193777768526,0.34184251058703385,72
36081113900.0,36081113900.0,0.0,0.07970179267576784,0.0008789409022722545,0.49920734726619975,205
36081114100.0,36081114100.0,0.0,0.02904275297479521,0.00026954312174265195,0.19806562873883327,75
36081114700.0,36081114700.0,0.0,0.02543932258907754,8.902054806738391e-05,0.19742076198082478,50
36081115100.0,36081115100.0,0.0,0.04187308954275294,8.447526573469589e-05,0.36559968102175117,66
36081115500.0,36081115500.0,0.0,0.02907252746281955,0.00015365108411980743,0.2203906833102839,49
36081115700.0,36081115700.0,0.0,0.03784874277953062,0.0003935727692389285,0.2502834523189627,160
36081115900.0,36081115900.0,0.008333333333333333,0.1705121576435838,0.0009515115753104404,0.9300753826210832,120
36081116100.0,36081116100.0,0.0,0.11869641662048776,0.0019212910914382236,0.6582972892359127,132
36081116301.0,36081116301.0,0.0,0.11771919382273102,0.0014229598277940099,0.6755564453758592,158
36081117100.0,36081117100.0,0.0,0.04505656700521148,0.0006342916563157053,0.2946827006199607,214
36081117500.0,36081117500.0,0.0,0.05776302568059166,0.0009528741818439213,0.3480239283953039,185
36081118100.0,36081118100.0,0.0,0.04452198587654852,0.0004567141745527553,0.29369837021404493,45
36081118500.0,36081118500.0,0.0,0.08408856116779294,0.0012790927377946126,0.5064817620110001,75
36081118700.0,36081118700.0,0.0,0.2558798752512584,0.008493829039373676,0.9231375590942724,66
36081119100.0,36081119100.0,0.0,0.03591345343623616,0.0005241124453784441,0.2305514325666653,38
36081119300.0,36081119300.0,0.0,0.033208652397890566,0.0002360886094347564,0.23996956809795594,55
36081119500.0,36081119500.0,0.0,0.07727056445224452,0.0005341310965481905,0.5361463902434278,57
36081119900.0,36081119900.0,0.0,0.2334531146256646,0.006082017508976087,0.9120003375544347,41
36081120300.0,36081120300.0,0.0,0.09577383467426921,0.0017019108421760993,0.5514591581217676,37
36081120500.0,36081120500.0,0.0,0.03188870259540026,0.0004508355134396347,0.20626952426648015,54
36081120701.0,36081120701.0,0.0,0.23535021902879436,0.006931743187080494,0.9002455620260329,126
36081120702.0,36081120702.0,0.0,0.2139774022442726,0.004793005707787676,0.9045399215705426,46
36081121500.0,36081121500.0,0.0014705882352941176,0.7421989877464797,0.12945875868358017,0.9999942469450797,680
36081122300.0,36081122300.0,0.0013054830287206266,0.27676015084769334,0.007197696538319385,0.9697867635637385,766
36081122703.0,36081122703.0,0.0,0.2946777487710054,0.0061445527462544725,0.9734153373238862,529
36081122704.0,36081122704.0,0.0,0.39078303584975466,0.014730273258146784,0.9937717840022545,97
36081124100.0,36081124100.0,0.0,0.19776497401685048,0.004713003559318562,0.8368520858627997,192
36081124700.0,36081124700.0,0.0,0.2271696637662205,0.007201427313943717,0.8824749582976609,226
36081126500.0,36081126500.0,0.0,0.23383697857237912,0.005700381776635699,0.9122112022258131,196
36081129104.0,36081129104.0,0.0,0.3354098642499285,0.018698975494385116,0.9638000919590413,95
36081133900.0,36081133900.0,0.0,0.11592436399682665,0.0014607180716082746,0.679538993958146,131
36081134100.0,36081134100.0,0.0,0.4144164191363288,0.02758081675191406,0.9862943988265086,764
36081134701.0,36081134701.0,0.002688172043010753,0.5453611485835832,0.01963201884404834,0.9999543257234178,372
36081134702.0,36081134702.0,0.0021598272138228943,0.565878803852283,0.022599072855367917,0.999968560681771,463
36081136700.0,36081136700.0,0.007082152974504249,1.0,1.0,1.0,706
36081137700.0,36081137700.0,0.0,0.5905947464754775,0.05146540203410127,0.9997240942712194,392
36081138501.0,36081138501.0,0.0,0.6794101194260739,0.09230377090752316,0.9999651592405132,246
36081140300.0,36081140300.0,0.0,0.40496404264224567,0.01964973336360638,0.992522452577473,346
36081140901.0,36081140901.0,0.0,0.25511362130050214,0.009071480826205822,0.9239193705278155,234
36081140902.0,36081140902.0,0.0,0.23391482334504213,0.009147826801777847,0.8745932569050119,384
36081142900.0,36081142900.0,0.0,0.16892719561494016,0.0046935396705767626,0.7611673456749205,59
36081144100.0,36081144100.0,0.0,0.05808550044072529,0.00038387939215982214,0.42131254157171605,53
36081144700.0,36081144700.0,0.0,0.0687292914160292,0.0005880042246765415,0.45805276532506695,257
36081145101.0,36081145101.0,0.0,0.06048902602874823,0.0001995307014551029,0.47828633190194025,71
36081145102.0,36081145102.0,0.0,0.20145231861677107,0.00622140806631769,0.8352871347553217,94
36081145900.0,36081145900.0,0.0,0.07709483887874642,0.0013746288507952564,0.4577912908872509,169
36081146300.0,36081146300.0,0.0,0.05416998058546583,0.000679887948192201,0.3480366480110571,152
36081146700.0,36081146700.0,0.0,0.1324834193954395,0.002708274082984291,0.6869466962113653,290
36081147100.0,36081147100.0,0.0,0.23032481275971894,0.006480031294777816,0.9019565131347091,193
36081147900.0,36081147900.0,0.0,0.2836723601253696,0.006138458109013698,0.9707305502676317,110
36081150701.0,36081150701.0,0.0,0.36435689246001696,0.010366874128898362,0.9903877893696328,316
36081150702.0,36081150702.0,0.0,0.2260208466495369,0.0021957210393941163,0.9528330349859886,468
36081152902.0,36081152902.0,0.0,0.4588778668332722,0.015194681857436573,0.9989126335942883,405
36081155101.0,36081155101.0,0.006329113924050633,0.4954653706911163,0.0026472314534605693,0.9999816764425205,158
36081155103.0,36081155103.0,0.0058823529411764705,0.16102074554586238,0.002643472187483867,0.7861478929306807,170
36081155104.0,36081155104.0,0.0,0.1583531397083318,0.0016981009517023499,0.8195273610692009,126
36081157902.0,36081157902.0,0.0,0.264458998301156,0.0018180814866067929,0.9822209210113082,192
36005036100.0,36005036100.0,0.008547008547008548,0.5060596899191674,0.014440916705375534,0.9997132901867196,117
36005012701.0,36005012701.0,0.0,0.03144278663687063,0.00040396395350845163,0.20468531964873596,38
36005015900.0,36005015900.0,0.0,0.060982110913487965,0.0012811023999163896,0.3561396483647823,49
36005042600.0,36005042600.0,0.006493506493506494,1.0,1.0,1.0,154
36061003800.0,36061003800.0,0.0,0.07639663531707871,0.0015686511105230088,0.43200424748119237,1176
36061001001.0,36061001001.0,0.0013192612137203166,0.6568605319314961,0.03742203299694016,0.9999988470668969,758
36061001502.0,36061001502.0,0.002849002849002849,0.41671641772787155,0.0324587061431752,0.9831140624547203,702
36061004800.0,36061004800.0,0.0,0.17942670806894048,0.005397035477723122,0.7952203028610905,958
36061004400.0,36061004400.0,0.000731528895391368,0.5590197422656294,0.052455697379360317,0.999127792659358,1367
36061006400.0,36061006400.0,0.0,0.1787016838343137,0.004650425112096232,0.804124272225569,1122
36061017800.0,36061017800.0,0.0,0.7455688530558082,0.12244832724521998,0.9999950797752778,1044
36061000500.0,36061000500.0,,0.0,0.0,0.0,0
36081094201.0,36081094201.0,0.0136986301369863,0.7150005925082021,0.025600904903172426,0.9999999278462338,73
36081111300.0,36081111300.0,0.0,0.4053659003579831,0.0241538192443776,0.9903017101017556,107
36081148300.0,36081148300.0,0.0,0.09061060291413015,0.00026565186829644873,0.6540788055842789,7
36081080900.0,36081080900.0,0.005235602094240838,1.0,1.0,1.0,191
36081122702.0,36081122702.0,0.0,0.39837088504614776,0.02769386662018936,0.9807502936976951,446
36081125700.0,36081125700.0,0.005494505494505495,1.0,1.0,1.0,182
36081126700.0,36081126700.0,0.0,0.6614639899929158,0.13805329105576908,0.9992416756350522,454
36081139900.0,36081139900.0,0.0,0.1737831256743421,0.0033792596230372424,0.8149339112807007,341
36081143500.0,36081143500.0,0.0,0.09866874573767305,0.0011291313980006795,0.6095606928996791,115
36081157901.0,36081157901.0,0.0,0.07589370501404857,7.131481704741039e-05,0.6473274255525665,122
36081157903.0,36081157903.0,0.0,0.09428909811433107,0.0002844407945549715,0.6658435486739317,434
36081042400.0,36081042400.0,0.008403361344537815,0.5355177627611607,0.03914897068539821,0.9989862821027429,119
36081043400.0,36081043400.0,0.0,0.24330110916725897,0.007452405687394764,0.9146762360166008,84
36081042600.0,36081042600.0,0.0,0.3929646405531581,0.01868851092377312,0.9896280738975888,124
36081043200.0,36081043200.0,0.0,0.19198960165700832,0.003472751667968846,0.8767873229646911,181
36081045200.0,36081045200.0,0.0,0.33818791647123647,0.012455310464749045,0.9824045534791167,357
36081045400.0,36081045400.0,0.0,0.4410906757221729,0.033183725192506106,0.9917611653554109,327
36081005900.0,36081005900.0,0.0,0.1035807335402245,0.0012567724735169372,0.6424649919986776,284
36081006100.0,36081006100.0,0.0,0.12642894113288886,0.0028958432581262933,0.6331558853955418,410
36081058100.0,36081058100.0,0.0,0.027605471875022967,0.00027973335116822373,0.18215456021520743,93
36081058300.0,36081058300.0,0.0,0.05536281007923019,0.0005465425108832717,0.38103292609204514,167
36061023501.0,36061023501.0,0.0,0.13606102850114263,0.0060130947831518984,0.6130965375820568,315
36081047900.0,36081047900.0,0.0,0.3919692612233655,0.016936091423223543,0.9898492566177647,775
36081062400.0,36081062400.0,0.0,0.1550315851280047,0.004530038222195817,0.721923647196007,23
36081062000.0,36081062000.0,0.0,0.14065509917893781,0.0013696860390188914,0.7889288380084346,61
36081063000.0,36081063000.0,0.0,0.10007688005836367,0.001169061298836402,0.5924191859459143,68
36061022302.0,36061022302.0,0.0,0.1569320898499263,0.00013379024689718356,0.9420170884250024,178
36081133300.0,36081133300.0,0.003278688524590164,0.23880935560382877,0.006002452182930884,0.9143094153644628,305
36061012400.0,36061012400.0,0.004078303425774877,1.0,1.0,1.0,1226
36005021200.0,36005021200.0,0.0,0.06400460088532671,0.0008191759550036787,0.4148652962276293,143
36005022200.0,36005022200.0,0.0,0.24459519551953435,0.0078102973793838515,0.9036059145100643,472
36081065501.0,36081065501.0,0.0,0.3823314390005633,0.018011192351675996,0.9877831341272795,561
36061014401.0,36061014401.0,0.0,0.30585160679369794,0.011185522742618945,0.9637466613269782,190
36061001600.0,36061001600.0,0.0,0.15197638228658733,0.0048866969164539364,0.6921184706735719,1006
36061001200.0,36061001200.0,0.001288659793814433,0.1968207452460166,0.004991178925595724,0.8432686456657932,776
36081112300.0,36081112300.0,0.0,0.04401790867228942,0.0003609879309312725,0.31507185421091344,105
36081112900.0,36081112900.0,0.0,0.09497782258207545,0.0007815557511598375,0.6154115963438064,242
36005042901.0,36005042901.0,0.0,0.1973193950317665,0.009124635865719988,0.7837243529456176,183
36005043102.0,36005043102.0,0.0,0.20468764403413867,0.011562149737799291,0.7789511606110803,151
36081026300.0,36081026300.0,0.0,0.17866627650270717,0.004153154855471694,0.8047050327992997,868
36081005400.0,36081005400.0,0.0,0.15274338826458328,0.0031978894423407176,0.7454497124834283,479
36081008600.0,36081008600.0,0.0014577259475218659,0.2377405198911345,0.007174116904100703,0.9021685475594032,686
36081066401.0,36081066401.0,0.0275049115913556,1.0,1.0,1.0,509
36081066900.0,36081066900.0,0.0,0.04208141105229437,0.0004794669614414382,0.2803584391559714,63
36081048500.0,36081048500.0,0.00333889816360601,0.45921932583868164,0.027298766685273004,0.9985864583751184,599
36081012500.0,36081012500.0,0.0011904761904761906,0.2844881438789974,0.010793537676252357,0.9590392584893628,1680
36005038900.0,36005038900.0,0.0,0.08165800003177529,0.0006987161425497851,0.5355309604982585,146
36005029301.0,36005029301.0,0.0,0.3022483335954631,0.0046341665426656966,0.9866763991718135,48
36081013000.0,36081013000.0,0.0,0.19385795494257396,0.005806732901431863,0.8224398088415174,271
36081073100.0,36081073100.0,0.0,0.04596946582770016,0.0005276887294528382,0.3007447176152469,102
36081074900.0,36081074900.0,0.0,0.26453841073815054,0.009190021895969633,0.9276211041111251,218
36005042500.0,36005042500.0,0.003189792663476874,0.7464166150826157,0.0783638659673641,0.999999770968235,627
36081026502.0,36081026502.0,0.00718132854578097,0.34426561895299373,0.002834745371848482,0.9999619461919945,557
36081026501.0,36081026501.0,0.0,0.10666744741768412,0.0021433851920583365,0.5820541669400847,359
36081048301.0,36081048301.0,0.0,0.07857743577640462,0.0010605911632679877,0.48878028180877725,194
36005002800.0,36005002800.0,0.0,0.6909238387358774,0.11904145734940103,0.9999349493689154,1349
36081066100.0,36081066100.0,0.0,0.013182732110200204,0.00013666538820658326,0.0931814071206364,53
36081065900.0,36081065900.0,0.0,0.021999591996981344,0.0002177161758840973,0.15379906344858865,148
36081066501.0,36081066501.0,0.0,0.06528479507248323,0.0009461214109697053,0.4140506329547193,268
36005025600.0,36005025600.0,0.0,0.11835124283777841,0.003632248601937804,0.6047619260867099,173
36081102900.0,36081102900.0,0.0,0.05833906747360363,0.0005156445160401313,0.40296860319831,182
36081097300.0,36081097300.0,0.0,0.28552331398252434,0.0022715332090351564,0.9854657649245127,467
36081060100.0,36081060100.0,0.0,0.0972037849585478,0.001701951956862871,0.5548502679653894,90
36081063500.0,36081063500.0,0.0,0.13458801508953147,0.002991416775458036,0.6931136271295304,134
36081062100.0,36081062100.0,0.0,0.0797515168286702,0.0012074140057993315,0.48492097789515326,331
36081063700.0,36081063700.0,0.001076426264800861,0.35804143073407296,0.02248485261028035,0.9677122203152124,929
36081077500.0,36081077500.0,0.0,0.16904319550141828,0.005078970247863324,0.7737945055660753,249
36005039700.0,36005039700.0,0.0,0.3960003481953769,0.032998042462917085,0.9737514133855416,706
36005039300.0,36005039300.0,0.0,0.15142924763248133,0.0039009800008236203,0.7387225561124916,181
36081063900.0,36081063900.0,0.0,0.3100984724991253,0.0058475921041872695,0.984815413725,660
36081046300.0,36081046300.0,0.0,0.055593791597151304,0.0007357493595283815,0.3495687466690041,213
36081047100.0,36081047100.0,0.0,0.12092377609696503,0.0026649595606642595,0.6448524120514411,289
36005035000.0,36005035000.0,0.0,0.15631078337993157,0.003231446368255794,0.7673602121279653,151
36081024900.0,36081024900.0,0.0,0.25663208220707406,0.00978852466517427,0.9131999999972615,747
36081026100.0,36081026100.0,0.0,0.4823288234571568,0.02622943083271695,0.9983740146148758,455
36061021000.0,36061021000.0,0.0,0.7799969151665876,0.1939716174078847,0.9999951787419203,700
36061021200.0,36061021200.0,0.0,0.22726596676035152,0.006175128494327506,0.8990307235845494,313
36005027600.0,36005027600.0,0.00487987987987988,0.9999720105986857,0.9999921853433233,1.0,2664
36061015502.0,36061015502.0,0.0,0.40603705415234925,0.007499451170563984,0.9978600486706312,357
36081010701.0,36081010701.0,0.0,0.10664284228555303,0.0006624358652875334,0.6773030412207092,7
36081012301.0,36081012301.0,0.0,0.3193650930607095,0.008109755992065263,0.984043757425386,346
36081085300.0,36081085300.0,0.0,0.0943178593102532,0.0021828928157637097,0.5229196405520603,121
36081161700.0,36081161700.0,0.0,0.402976287866567,0.008348951530079671,0.9974525068662325,456
36081099701.0,36081099701.0,0.0,0.3973017194032107,0.017671184307957388,0.9924530673207259,207
36081101700.0,36081101700.0,0.0,0.2964544013567578,0.009248371277223277,0.9578698308884132,231
36005023702.0,36005023702.0,0.0,0.05390382539906473,0.00045260271981061305,0.3714501898497443,92
36005039901.0,36005039901.0,0.0,0.04896742749907495,0.0013423086680368957,0.26254815342358984,311
36005040100.0,36005040100.0,0.0,0.12802521628187064,0.004310042384930568,0.607653361910829,239
36005016900.0,36005016900.0,0.0,0.09932772832908847,0.0013151580959406078,0.5944075955031741,184
36081085500.0,36081085500.0,0.0,0.11293383344087038,0.0017163134231260562,0.6522780372698644,117
36081086300.0,36081086300.0,0.0,0.06161005289289269,0.0009031389343446522,0.39221373673322846,70
36005014702.0,36005014702.0,0.0,0.08785247140597849,0.0009788206876766403,0.550461680326508,89
36081028803.0,36081028803.0,0.0,0.23406238458775225,0.008168813581769362,0.8861075250854566,84
36081029400.0,36081029400.0,0.0029455081001472753,1.0,1.0,1.0,679
36005014300.0,36005014300.0,0.006666666666666667,0.3765167389573725,0.006244892790790801,0.997168529691545,150
36081004401.0,36081004401.0,0.0,0.11437520032029433,0.003024386617768596,0.5760396085386463,764
36081005800.0,36081005800.0,0.0,0.16677709146247988,0.005162911725941128,0.7544745355775384,558
36061020101.0,36061020101.0,0.0,0.0146805900433088,9.852604455996283e-05,0.1106303087538481,50
36061020300.0,36061020300.0,0.0,0.09341678980453023,0.0015109001257810368,0.5551971225784778,143
36081116302.0,36081116302.0,0.0,0.04110478853844401,0.0003473283226598456,0.28266941806870977,74
36081116700.0,36081116700.0,0.0,0.017981429265875478,9.517034760218868e-05,0.13396709961444567,69
36081090700.0,36081090700.0,0.006418485237483954,1.0,1.0,1.0,779
36081091900.0,36081091900.0,0.006097560975609756,0.2815178118791318,0.006003508602069915,0.9685612958957579,164
36081000103.0,36081000103.0,0.0,0.3867473556310236,0.01758775598756048,0.9898653484683146,161
36061018500.0,36061018500.0,0.0,0.14430428741322376,0.0014471223289555884,0.7900270705129164,207
36081022900.0,36081022900.0,0.0011580775911986102,1.0,1.0,1.0,1727
36081051500.0,36081051500.0,0.0,0.2764961433738272,0.006763035767141251,0.962177111589294,262
36081000102.0,36081000102.0,0.0,0.1886268408703235,0.0030036959887957877,0.8723825929451484,123
36061018900.0,36061018900.0,0.0,0.15975988547942455,0.002319248822906181,0.8160258657408846,623
36061013700.0,36061013700.0,0.0,0.25377376909319294,0.00701608814764419,0.927054528455955,1711
36061013900.0,36061013900.0,0.0,0.24030832559125428,0.008199289231167084,0.9008867945381648,1085
36061014500.0,36061014500.0,0.0,0.22174824285724368,0.0054607108398946665,0.8783774192707634,1035
36061027700.0,36061027700.0,0.0,0.07590132962215679,0.0006564098417222719,0.5029425686381533,59
36081010600.0,36081010600.0,0.0,0.12219836480988756,0.003992559197566139,0.5899881559274007,248
36081016600.0,36081016600.0,0.0,0.14343804588287057,0.002974010935913923,0.7364302833517392,141
36061001002.0,36061001002.0,0.002793296089385475,1.0,1.0,1.0,716
36005003300.0,36005003300.0,0.0,0.15171347739063645,0.005862577305824587,0.6844456529680977,98
36081056000.0,36081056000.0,0.0,0.04176498134812349,0.0004308210338506563,0.272459418807211,67
36081045800.0,36081045800.0,0.008695652173913044,1.0,1.0,1.0,230
36081046200.0,36081046200.0,0.0,0.572798449580419,0.058423839426580526,0.9989752463080643,385
36081046600.0,36081046600.0,0.0034129692832764505,0.7866034008651007,0.13652328087409418,0.9999997996816237,293
36061022700.0,36061022700.0,0.0,0.06365014061250705,0.0014978744841582237,0.3541817459723334,206
36061025900.0,36061025900.0,0.0,0.07651417781632668,0.0016847844188173783,0.42166541464886453,54
36061006000.0,36061006000.0,0.002232142857142857,0.4381149931299655,0.009001172974322066,0.9996338297568165,448
36005001901.0,36005001901.0,0.003257328990228013,1.0,1.0,1.0,921
36081015500.0,36081015500.0,0.0,0.09955265109015865,0.003572757770668028,0.5052359005673764,329
36081015900.0,36081015900.0,0.0,0.061719993269603354,0.0004589788024457753,0.4409030430127463,307
36061002000.0,36061002000.0,0.0,0.47175998882465175,0.025154083102036647,0.9977437816945658,659
36081000101.0,36081000101.0,0.0,0.3672997444459579,0.020410440643137066,0.9813153045377049,404
36081107201.0,36081107201.0,0.0,0.4879450678959027,0.0035383553452884575,0.9999233865632273,310
36081107202.0,36081107202.0,0.02,0.9236847408458354,0.362921059538754,0.9999999999983833,100
36005020100.0,36005020100.0,0.0010964912280701754,0.5241757932998304,0.0405541173131998,0.9987432517709626,912
36061009901.0,36061009901.0,0.0011947431302270011,0.9043269915298188,0.2855545342080535,0.9999999999970085,2511
36061014601.0,36061014601.0,0.0,0.11229954108719062,0.003149645543902635,0.5891903604386142,199
36061014602.0,36061014602.0,0.0,0.2531508332174726,0.00881358859776248,0.914794566833676,391
36061014802.0,36061014802.0,0.0,0.04128192353281102,0.0009118561328552738,0.24131196550730383,317
36061026100.0,36061026100.0,0.0,0.18987709827016402,0.0027826023396802153,0.8682199156711541,291
36061025300.0,36061025300.0,0.0,0.17731319403694507,0.0034207801168317452,0.8316093521890354,176
36061026300.0,36061026300.0,0.009302325581395349,0.4944317100967652,0.007839952040498864,0.9999404982997435,215
36061019800.0,36061019800.0,0.0,0.26067018631697697,0.011352815800453542,0.9034331049957716,471
36061019000.0,36061019000.0,0.0,0.19822522910402254,0.004293535788886658,0.8459908280500029,277
36061020000.0,36061020000.0,0.0,0.0974792592087419,0.002238428476508253,0.5372080266955126,212
36061027500.0,36061027500.0,0.0014684287812041115,0.8043082915202118,0.19143725172868037,0.9999996034370598,681
36061000700.0,36061000700.0,0.002583979328165375,0.4964498898092628,0.00992191446524392,0.9999831118859378,774
36061000900.0,36061000900.0,0.0,0.5929196178743161,0.05453178137792746,0.9997193808452948,926
36061003001.0,36061003001.0,0.0015128593040847202,0.04521350464562341,0.0007136788265035915,0.2924890580648998,661
36061005900.0,36061005900.0,0.0,0.030722304749835082,0.00033155962982596155,0.20489798151595975,427
36061006100.0,36061006100.0,0.0,0.04681887863503339,0.0008373145566010626,0.2750213166671539,646
36061005000.0,36061005000.0,0.0,0.08228964937658359,0.0015081176635345418,0.46206030128121234,748
36061010601.0,36061010601.0,0.0,0.48482289400884604,0.022305327880350247,0.9989432980493128,722
36061012800.0,36061012800.0,0.0,0.1834030144362271,0.005869677451208202,0.7970013045069492,733
36061004700.0,36061004700.0,0.0,0.2364778466493688,0.0033215927253668954,0.94934795228105,924
36061004900.0,36061004900.0,0.001885014137606032,0.14766633757644276,0.0028215717610423074,0.7734499119340802,1061
36061013203.0,36061013203.0,0.0,0.456890161792624,0.028160324233202427,0.9954925457617863,402
36061013400.0,36061013400.0,0.0,0.6393779421964942,0.09802305060310472,0.9996936242221506,543
36061011000.0,36061011000.0,0.0005299417064122947,0.3668239018291171,0.015004778349194767,0.9900704725852115,1887
36061013800.0,36061013800.0,0.0,0.4800708272694276,0.039987113535534295,0.995609040048561,744
36061014000.0,36061014000.0,0.0,0.2585382622380793,0.009972216999344728,0.9028694901207347,866
36061013603.0,36061013603.0,0.0,0.33251327561515875,0.013644600720454465,0.971827040081525,220
36061013604.0,36061013604.0,0.0,0.2306214933115486,0.007748622519973475,0.8800340416248399,176
36061014402.0,36061014402.0,0.007194244604316547,0.9691627394009457,0.6638241221723055,0.9999999999999799,417
36061014200.0,36061014200.0,0.0009132420091324201,0.6329102620449611,0.04411429744259203,0.9999846478325087,1095
36061002202.0,36061002202.0,0.0,0.03735612979293195,0.00048745050390951725,0.24571692063070702,259
36061003002.0,36061003002.0,0.0,0.0889878386554372,0.0016490901236598076,0.5216158741106922,533
36061018200.0,36061018200.0,0.0,0.32691966386393145,0.01678370723528324,0.9599237235362026,317
36061018800.0,36061018800.0,0.0,0.4978539882943558,0.031040211206969336,0.998383945301839,428
36061017900.0,36061017900.0,0.0,0.4464323375472105,0.012870799150910741,0.9986285651013143,466
36061018300.0,36061018300.0,0.0007204610951008645,0.5906381447175654,0.026160318109277585,0.9999927643287017,1388
36081045500.0,36081045500.0,0.0,0.13344663378970284,0.0014880383597531215,0.7620140435818464,286
36081071702.0,36081071702.0,0.0,0.5435121992699732,0.05723116503769293,0.9986624085391952,1770
36005006700.0,36005006700.0,0.0,0.15658524466124676,0.002252501756164227,0.8118946928455316,156
36005006900.0,36005006900.0,0.0,0.17179322475443837,0.003357548110137451,0.8177958316724787,171
36005038304.0,36005038304.0,0.0,0.047705014467390956,0.0008189311173185777,0.27753494071348245,111
36005036502.0,36005036502.0,0.0,0.09344776127720884,0.0021166623556189645,0.5022750797365658,156
36005036700.0,36005036700.0,0.0,0.0037847243467866746,3.647842229891896e-05,0.02412428880648227,10
36005002001.0,36005002001.0,0.0,0.08662565220367498,0.0006139024133715338,0.583419069671614,92
36005002400.0,36005002400.0,0.0,0.5295669316453379,0.059507374540794813,0.9968665008992853,470
36005007700.0,36005007700.0,0.0,0.15145046511144414,0.0027972667824515047,0.7639167550838202,90
36061023000.0,36061023000.0,0.0,0.1359707075901962,0.002548726402349094,0.7087995209994887,240
36061023200.0,36061023200.0,0.0,0.29047505840989896,0.011066390826513511,0.9442681995675963,309
36005043502.0,36005043502.0,0.003484320557491289,0.5972450366564739,0.06376568133685202,0.9994681023532638,287
36005022401.0,36005022401.0,0.0,0.13913748203224346,0.0019478419634187088,0.7323117362801981,162
36061020901.0,36061020901.0,0.0,0.3134869906682546,0.014939826675175677,0.9439253657856115,270
36061025700.0,36061025700.0,0.0,0.028451163573452003,0.0007025573876558693,0.15732446360405605,290
36061019701.0,36061019701.0,0.0,0.15723729684920598,0.007441019221857634,0.6684038178964833,276
36061020102.0,36061020102.0,0.0,0.022612666693230386,0.00029932948841706334,0.14626612959430335,113
36005015500.0,36005015500.0,0.0,0.027863185065616438,0.00027695989812517033,0.1868961153721487,69
36005038500.0,36005038500.0,0.0,0.059698272255183656,0.001257075600473051,0.33453836051330194,144
36005039500.0,36005039500.0,0.004021447721179625,0.3052312242056642,0.013551779454101135,0.9585706685026991,746
36005028300.0,36005028300.0,0.01729106628242075,1.0,1.0,1.0,347
36005028500.0,36005028500.0,0.0,0.41571114583083424,0.02844916162602817,0.990226344182315,137
36061006600.0,36061006600.0,0.0,0.15185566353715269,0.003148966521141211,0.7626670132058379,604
36061005600.0,36061005600.0,0.0007396449704142012,0.20856871472521216,0.004924156404807331,0.9125741587518303,1352
36061007400.0,36061007400.0,0.0,0.18568551518316534,0.004560339284839912,0.8087989955521774,1884
36081009100.0,36081009100.0,0.0,0.3862609651975806,0.010493880868157505,0.9954642565631133,121
36061015200.0,36061015200.0,0.0008576329331046312,1.0,1.0,1.0,1166
36081033100.0,36081033100.0,0.0018260075648884831,1.0,1.0,1.0,7667
36081076901.0,36081076901.0,0.0,0.4279152164847255,0.023067113972641277,0.9939666994691073,473
36081076902.0,36081076902.0,0.0,0.2646643921109932,0.008356394550149308,0.9339985034246048,505
36081029900.0,36081029900.0,0.002136752136752137,1.0,1.0,1.0,468
36081031700.0,36081031700.0,0.004166666666666667,1.0,1.0,1.0,1920
36061002500.0,36061002500.0,0.004672897196261682,1.0,1.0,1.0,856
36005027401.0,36005027401.0,0.0,0.21286885076749246,0.0053112456639035745,0.8709486677207109,667
36005027402.0,36005027402.0,0.0,0.0942527639373013,0.0002708028746117752,0.707801265859664,11
36081071306.0,36081071306.0,0.0,0.10618686800926161,0.0018191529233913372,0.6124205062734938,516
36061016700.0,36061016700.0,0.0,0.6554760846208683,0.06378744182342765,0.9999732359999717,926
36081000104.0,36081000104.0,0.0011655011655011655,0.9422249298905899,0.5147256674956258,0.9999999999975853,2574
36081129103.0,36081129103.0,0.013333333333333334,0.6740621628285725,0.03189414649875478,0.9999970753809132,75
36061023300.0,36061023300.0,0.0,0.3558366449094159,0.009117632885267613,0.9879937963071259,382
36061023700.0,36061023700.0,0.0,0.41908911310023494,0.015100259936718633,0.9967699884722782,458
36005041400.0,36005041400.0,0.0025380710659898475,0.599000962522822,0.01684409719260412,0.9999957954487482,394
36005041800.0,36005041800.0,0.00390625,0.4704091651946296,0.03648624591072954,0.9951330171694548,256
36081053501.0,36081053501.0,0.0,0.4291579285243068,0.03068733902738711,0.9897186918791643,345
36081052500.0,36081052500.0,0.0,0.2452285505214391,0.008542107298594065,0.9184205867453256,254
36081059502.0,36081059502.0,0.008522727272727272,1.0,1.0,1.0,352
36005016500.0,36005016500.0,0.0,0.1344948621454786,0.0031261307549461325,0.6653812188201531,434
36005016700.0,36005016700.0,0.0,0.24462705283713496,0.005878685280381166,0.9272862952842794,272
36081002500.0,36081002500.0,0.0,0.4435524691366023,0.023914782129005496,0.9954914405968607,1015
36061021400.0,36061021400.0,0.0,0.18683847260175918,0.005777795474581793,0.7954861455781138,238
36005041100.0,36005041100.0,0.0,0.08989928687837612,0.001222037084510233,0.5452086179160684,160
36005041300.0,36005041300.0,0.0,0.15028198748494925,0.003933767656444012,0.7103171083552932,222
36005030202.0,36005030202.0,0.0,0.49844250479144064,0.030162573763063284,0.9987553988537913,244
36005046205.0,36005046205.0,0.0007022471910112359,0.786087340214596,0.21172192444257243,0.9999963187217076,1424
36081157101.0,36081157101.0,0.002369668246445498,0.6205883516388225,0.044786321852204145,0.9999803883574828,844
36081157102.0,36081157102.0,0.0,0.11758862525766499,0.0007203742189281742,0.7374998370783117,376
36005043501.0,36005043501.0,0.014446227929373997,1.0,1.0,1.0,623
36005045101.0,36005045101.0,0.0,0.31675561924079754,0.010998878348587626,0.9706897477183375,104
36081000701.0,36081000701.0,0.0,0.45970968691213676,0.023152691788883878,0.9982365923778834,2419
36081001901.0,36081001901.0,0.0,0.6607090608014111,0.08552291673568953,0.999935046942148,690
36061012902.0,36061012902.0,0.0017513134851138354,0.4444265676825815,0.010898825522803492,0.9995567488606281,1142
36061013501.0,36061013501.0,0.0,0.4431142783281258,0.016462087879721386,0.9982368581910713,889
36061013502.0,36061013502.0,0.0,0.4401752272632768,0.017725567524851278,0.99616674461305,1288
36005014500.0,36005014500.0,0.0,0.1701451581311579,0.00444409525324857,0.7797273466499711,264
36005014701.0,36005014701.0,0.0,0.11869037865545319,0.0022736356520843964,0.6246965415899629,107
36081001903.0,36081001903.0,0.0013686131386861315,1.0,1.0,1.0,2192
36081003301.0,36081003301.0,0.0016750418760469012,0.4268202505220388,0.020456486137191983,0.9968744495062177,1194
36061011500.0,36061011500.0,0.0007680491551459293,0.2653918161655607,0.007809544516292124,0.9533715170706869,1302
36081008800.0,36081008800.0,0.001483679525222552,0.38879444717612144,0.023249477790879495,0.9834397602370789,674
36081006202.0,36081006202.0,0.008094186902133923,1.0,1.0,1.0,1359
36061015900.0,36061015900.0,0.005031446540880503,0.478292037887562,0.016008104942350134,0.9997370468780242,795
36061016300.0,36061016300.0,0.0018115942028985507,1.0,1.0,1.0,1104
36085000300.0,36085000300.0,0.0,0.1821755573835102,0.0008577046454111726,0.901823141056822,114
36085000600.0,36085000600.0,0.0,0.20882038217967697,0.0014896220740980488,0.935319813024149,68
36085000700.0,36085000700.0,0.0,0.1337878039281453,0.0001369740312123502,0.8867385532032425,67
36085000800.0,36085000800.0,0.0,0.1768053985180407,0.0013023029949088382,0.879117602613885,160
36085000900.0,36085000900.0,0.0,0.012439388369512175,1.154410925425231e-05,0.10160079078542195,35
36085001100.0,36085001100.0,0.0,0.008277711758515717,2.0948569809473016e-05,0.06133566609203833,21
36085001700.0,36085001700.0,0.0,0.016210008007944844,2.9188499280954907e-05,0.12243771301310469,14
36085002700.0,36085002700.0,0.0,0.07804621049143427,0.00014045215298374436,0.6044319583910617,20
36085002900.0,36085002900.0,0.0,0.13097521261502745,0.0011578064992447152,0.72295313000147,170
36085003300.0,36085003300.0,0.0,0.050458271253728475,0.00023581791081090652,0.3493137592866809,95
36085004001.0,36085004001.0,0.02702702702702703,0.062288104483015604,0.00013081737596217226,0.5439072588451,37
36085004002.0,36085004002.0,0.0,0.041306455989205286,0.00017892908096935333,0.31696042994915674,50
36085004003.0,36085004003.0,0.0,0.024452296014200785,4.720905186904045e-05,0.19337859845318447,81
36085004004.0,36085004004.0,0.0,0.059447620138919306,0.0003901077701257166,0.4110940653036173,481
36085004700.0,36085004700.0,0.0,0.06534106528537693,0.00068042453416991,0.41013554791339407,459
36085005000.0,36085005000.0,0.0,0.03685793681977892,0.00043813422921455404,0.22908992129979452,243
36085006700.0,36085006700.0,0.0,0.05144185502098744,0.00033410853040532205,0.3606017407850017,94
36085007001.0,36085007001.0,0.005847953216374269,0.32301869404706596,0.002594062730878041,0.9956063738519426,171
36085007400.0,36085007400.0,0.0,0.31470293783303915,0.003653200360896419,0.9894856868940368,119
36085008100.0,36085008100.0,0.0,0.09890227166282801,0.00031235610219358667,0.6758470318834718,30
36085009601.0,36085009601.0,0.0,0.06688597986022146,0.00023193300294694353,0.4946640726085271,118
36085009602.0,36085009602.0,0.0,0.3169262736927404,0.0068816868591810776,0.9810139565621034,141
36085009701.0,36085009701.0,0.0,0.07477280253586366,0.0002872241271956816,0.5387638613357728,38
36085009702.0,36085009702.0,0.0,0.044562245022741725,2.261512952271283e-05,0.4186684412253781,11
36085010500.0,36085010500.0,0.0,0.06903483467929408,0.0002240068551449259,0.5130804018047386,153
36085011201.0,36085011201.0,0.0,0.44539924237006906,0.016466554211959816,0.9979773940707909,167
36085011203.0,36085011203.0,0.0,0.3159382890662461,0.005493864746321947,0.9850231507719779,239
36085011401.0,36085011401.0,0.0,0.04781925289378103,0.0003136471907126848,0.33323766761521006,57
36085011402.0,36085011402.0,0.0,0.07167185136322446,0.0003884276447208235,0.49865945047479454,71
36085012100.0,36085012100.0,0.007936507936507936,0.03898675847280319,8.637570636706449e-05,0.3270506276726819,126
36085012200.0,36085012200.0,0.0,0.111470955880458,0.0007280344460317474,0.7088577478962916,143
36085012805.0,36085012805.0,0.015625,0.3941720963269264,0.0007077315530113593,0.9998327296798437,64
36085012806.0,36085012806.0,0.0,0.19075731811459765,0.0009286414565800843,0.9165381021342435,109
36085013301.0,36085013301.0,0.0,0.011953220487320889,4.081274388406664e-06,0.10462869646633464,16
36085013302.0,36085013302.0,0.0,0.2209756174602205,0.0026949692141529065,0.9207499398420138,180
36085013400.0,36085013400.0,0.0,0.0527644121857134,0.0004570363115537435,0.3432524726847871,110
36085014607.0,36085014607.0,0.0,0.2158946461850932,0.0022411710728439393,0.9384908215183483,141
36085014608.0,36085014608.0,0.0,0.030972736361623298,5.464842498554834e-05,0.2666317220099666,53
36085015100.0,36085015100.0,0.0,0.025114711666653262,0.00015803440399609904,0.17906495247693033,122
36085015400.0,36085015400.0,0.0,0.14877891167585364,0.0003897310689750688,0.8685157947598385,36
36085015601.0,36085015601.0,0.0,0.07321713362397259,0.0003137402975400494,0.5176738747975517,143
36085015602.0,36085015602.0,0.0,0.01687688566728848,5.621054941918891e-05,0.12785125732738656,30
36085016901.0,36085016901.0,0.0,0.06138193978799475,0.0005085899932277121,0.4080415661525983,974
36085017007.0,36085017007.0,0.0,0.07876989933705286,0.0004120948152164045,0.5644686096699536,44
36085017009.0,36085017009.0,0.0,0.01643280385828366,7.133293846913192e-05,0.11974338066770385,90
36085017011.0,36085017011.0,0.0,0.004810117345369532,1.3354253893491097e-05,0.033932499766081675,18
36085017012.0,36085017012.0,0.0,0.04913964662626422,0.0006377340728752484,0.3077659956842313,109
36085017013.0,36085017013.0,0.0,0.11895584178619702,0.0003940675405449068,0.7790469447022782,51
36085017014.0,36085017014.0,0.0,0.0059091957065222816,1.6532559029783233e-05,0.043228258900868344,30
36085017015.0,36085017015.0,0.0,0.013385774303559847,4.5373859750103e-05,0.09955297644104352,28
36085017300.0,36085017300.0,0.0,0.009143296654079253,1.4754314378362388e-05,0.0681225114413409,83
36085017701.0,36085017701.0,0.0,0.32291175493902896,0.007502919554044129,0.9819919582444118,341
36085017702.0,36085017702.0,0.0,0.01420527043094351,2.3368782880334173e-05,0.11499551975110575,26
36085018100.0,36085018100.0,0.0,0.25490900859515897,0.006748822414080982,0.9254329008273416,174
36085018701.0,36085018701.0,0.0,0.06572402850421606,0.0007505861053688695,0.43364632290386057,379
36085018703.0,36085018703.0,0.007246376811594203,0.03403404373724845,7.267422435705273e-05,0.3132808911222644,138
36085018704.0,36085018704.0,0.0043859649122807015,0.05183816008258832,0.00012258908120290902,0.4707499446214262,228
36085018901.0,36085018901.0,0.0,0.02732917376097011,0.0002641146095264474,0.18349878242993942,163
36085018902.0,36085018902.0,0.0,0.10041243915690579,0.0006888445890132933,0.6487798526065608,1224
36085019700.0,36085019700.0,0.0,0.00866407744825398,2.2302035357493755e-05,0.06673622711461444,29
36085020100.0,36085020100.0,0.0,0.027073584794773443,0.00018413034321551613,0.18419126172160957,92
36085020701.0,36085020701.0,0.0,0.14406852811170087,0.00047922342472090653,0.8543155475677704,153
36085020702.0,36085020702.0,0.0,0.05364638654063021,0.00023377405194133783,0.40270272589508893,81
36085020804.0,36085020804.0,0.0,0.01518160246268584,9.45018629996991e-05,0.10680649332193591,106
36085020805.0,36085020805.0,0.0,0.04608500661375812,0.00027380618478924925,0.33626928406718504,90
36085020806.0,36085020806.0,0.0,0.13573199737727445,0.0015075835570152018,0.7343250570203458,71
36085022300.0,36085022300.0,0.0,0.1183913836111662,0.00050092862759058,0.7505310873882669,185
36085022601.0,36085022601.0,0.0,0.12355603015880315,0.0003621742482819074,0.7922624584220296,245
36085022801.0,36085022801.0,0.011049723756906077,1.0,1.0,1.0,181
36085023100.0,36085023100.0,0.0,0.07926413445429473,0.00017126634906475813,0.5942344111719944,162
36085023900.0,36085023900.0,0.0,0.017613038734883985,0.00010422069342479746,0.12130396143339321,55
36085024401.0,36085024401.0,0.0,0.10168067186023896,0.00017475262851648633,0.742853330915083,115
36085024402.0,36085024402.0,0.0,0.1141891818869568,4.279733170717004e-05,0.8664003141932475,68
36085025100.0,36085025100.0,0.0,0.09367114200483291,0.0012199753363137723,0.5578023173680984,176
36085027301.0,36085027301.0,0.0,0.2683665995371339,0.011045744049462814,0.9195618156070561,469
36085027302.0,36085027302.0,0.007874015748031496,0.05146131390721394,0.00014076396592302697,0.4688546876177541,127
36085027704.0,36085027704.0,0.0,0.02931754490657889,8.636929714857522e-05,0.23725638509204972,47
36085027705.0,36085027705.0,0.0,0.04295896762593969,9.081184323990188e-05,0.3611418275928793,26
36085027900.0,36085027900.0,0.0,0.2253469302535252,0.008278238174303227,0.8633451047412243,211
36085029105.0,36085029105.0,0.0,0.20214402336600545,0.0027981230226808845,0.8920353496402709,112
36085030302.0,36085030302.0,0.0,0.04397400707218417,0.00026919479564039005,0.3084239352708324,141
36085031902.0,36085031902.0,0.0,0.12473237395116653,0.00021927345006365618,0.8421193456532414,139
36047000100.0,36047000100.0,0.0,0.5405502644128994,0.05925788139212149,0.9979746658302974,703
36047000301.0,36047000301.0,0.006830601092896175,1.0,1.0,1.0,732
36047000501.0,36047000501.0,0.0,0.15067173705908166,0.0021214667368424146,0.7819979652375934,148
36047000502.0,36047000502.0,0.0,0.16941127290964975,0.004449956226320953,0.779525332166578,211
36047000700.0,36047000700.0,0.0,0.559312568407091,0.06989759418829586,0.9981334124653042,480
36047001502.0,36047001502.0,0.0,0.23453081449008858,0.006257299652260467,0.9106208556070513,756
36047001803.0,36047001803.0,0.024793388429752067,1.0,1.0,1.0,121
36047002000.0,36047002000.0,0.0,0.6029129352286525,0.05763644981863701,0.9998098665089068,935
36047003000.0,36047003000.0,0.0,0.10287237401150888,0.0013743616612734572,0.6169635956591544,117
36047003101.0,36047003101.0,0.0055248618784530384,0.570758309504892,0.028914909202180924,0.9999158706481018,362
36047003102.0,36047003102.0,0.0,0.38306207905105305,0.0216631912782483,0.9839490008548323,156
36047003300.0,36047003300.0,0.0,0.31625104118742686,0.01537083891322771,0.9548955068539111,614
36047003400.0,36047003400.0,0.0,0.5043741614018405,0.018413262368752913,0.9996632392814989,552
36047003500.0,36047003500.0,0.0,0.17237763655997806,0.005528989539361637,0.7723556216578624,559
36047003600.0,36047003600.0,0.0,0.023274352968513257,0.00033557792815819,0.1491435139877303,49
36047003700.0,36047003700.0,0.0,0.08912319857621642,0.0025669791997200626,0.46801868430686644,637
36047003800.0,36047003800.0,0.0,0.16543023943255433,0.000555491742991085,0.8959688715190985,76
36047003900.0,36047003900.0,0.0,0.2342410702885837,0.008596686585800218,0.8841677479568514,688
36047004100.0,36047004100.0,0.0,0.2140322034142438,0.0056890064722742465,0.8717696238874315,440
36047004300.0,36047004300.0,0.0,0.1506955578854978,0.002606892968887545,0.7833315388870015,532
36047004400.0,36047004400.0,0.0,0.2760898113594842,0.005498482933194363,0.9690169242888247,175
36047004500.0,36047004500.0,0.0,0.21191837031734653,0.009362234019254834,0.8327531646306913,339
36047004700.0,36047004700.0,0.0,0.83579670640773,0.2550200394451006,0.999999252632371,1298
36047004900.0,36047004900.0,0.0,0.4980805389819264,0.03545841261739587,0.9980881610424204,240
36047005000.0,36047005000.0,0.0,0.14140522504401756,0.0007686496515326297,0.8071902225660761,87
36047005201.0,36047005201.0,0.0,0.16898600356468424,0.00045379211782287934,0.9124641983799359,92
36047005202.0,36047005202.0,0.0,0.08220731851922436,9.342787579419976e-05,0.6633419369247359,81
36047005301.0,36047005301.0,0.017985611510791366,1.0,1.0,1.0,278
36047005303.0,36047005303.0,0.01948051948051948,0.9892008019896813,0.8790984979018702,1.0,154
36047005400.0,36047005400.0,0.013333333333333334,0.22578326363146875,0.00041688790791501174,0.9884227680961122,75
36047005601.0,36047005601.0,0.0,0.14055489389572381,0.00046122550026057033,0.8366487307207631,80
36047005602.0,36047005602.0,0.0,0.21431923159048438,0.0008806477731809759,0.967144535835831,228
36047005800.0,36047005800.0,0.0,0.05854737034197012,0.00028282149914614086,0.40550466224004733,204
36047006000.0,36047006000.0,0.0,0.0646086334530915,0.00029920013026515924,0.4740061705772746,96
36047006200.0,36047006200.0,0.0,0.03312049960408414,0.00025163454298949563,0.2221132270041783,83
36047006400.0,36047006400.0,0.0,0.10083015584176908,0.0015543899033355624,0.5761653037156141,132
36047006500.0,36047006500.0,0.0,0.5211222208243519,0.056935610998903055,0.9966818008513436,703
36047006600.0,36047006600.0,0.0,0.07716314639612191,0.0010406748256891975,0.4662131228053923,106
36047006700.0,36047006700.0,0.0,0.2700086402417208,0.017198456588202553,0.8897148766100752,272
36047006800.0,36047006800.0,0.0,0.16550607926160896,0.004224519706242463,0.7625997519909791,196
36047006901.0,36047006901.0,0.0,0.16837324195884132,0.003019561600982351,0.8008634218646682,145
36047006902.0,36047006902.0,0.0,0.1623763526749652,0.0023663597767475094,0.8231305507267086,179
36047007000.0,36047007000.0,0.0021691973969631237,1.0,1.0,1.0,461
36047007100.0,36047007100.0,0.0,0.4624941536212851,0.033528632263055344,0.9950092332994598,300
36047007200.0,36047007200.0,0.008797653958944282,0.6667995469058026,0.0043123464345899976,0.999999998679393,341
36047007400.0,36047007400.0,0.0,0.17833751652060484,0.0033956857151611953,0.8165953456828865,203
36047007600.0,36047007600.0,0.0,0.19627831457836328,0.004385640225825921,0.8575196343701489,194
36047007800.0,36047007800.0,0.0,0.14904631058522774,0.002982782126007877,0.7366968852994825,190
36047008000.0,36047008000.0,0.0,0.19049006885560815,0.004752764249029504,0.8357593754802258,256
36047008200.0,36047008200.0,0.0,0.20368561550708142,0.0044835670710403255,0.8784773459050453,272
36047008400.0,36047008400.0,0.0,0.6231253162331525,0.07622016306356558,0.9998466457277501,761
36047008500.0,36047008500.0,0.0,0.41525131976796975,0.013533599010782394,0.9969129290306138,95
36047008600.0,36047008600.0,0.0,0.10274484097047412,0.0020550615302860147,0.5718155445246571,59
36047008800.0,36047008800.0,0.0,0.32929318042610384,0.009678997899340763,0.9787399708529646,171
36047009001.0,36047009001.0,0.0,0.06632594743570898,0.0006245039042775014,0.45029914961008466,36
36047009002.0,36047009002.0,0.0,0.07091136785041872,0.0007514709880767052,0.46462047956713687,48
36047009201.0,36047009201.0,0.0,0.007398470662447126,7.96880825564561e-05,0.04877007816039969,18
36047009202.0,36047009202.0,0.0,0.03756845444438353,0.00039854699399154424,0.25728738612257374,32
36047009401.0,36047009401.0,0.0,0.04342112627811357,0.0005512152040189456,0.28275348825043084,64
36047009402.0,36047009402.0,0.0,0.05086453770593385,0.0005260506476742199,0.33263323884684837,54
36047009600.0,36047009600.0,0.0,0.15805081445499322,0.0033437224352429683,0.7544534022923236,162
36047009800.0,36047009800.0,0.0,0.09191567235545972,0.0015335387583652466,0.5214408017578431,115
36047010000.0,36047010000.0,0.0,0.05975937896916621,0.0008867311148193418,0.3610152664393204,102
36047010200.0,36047010200.0,0.0,0.09693268096103635,0.0012463024393529142,0.5811914497288994,126
36047010401.0,36047010401.0,0.0,0.07498767558615298,0.0006704831305261644,0.51095819658917,54
36047010402.0,36047010402.0,0.0,0.15831195220669603,0.0015521811366896038,0.8421462729018959,40
36047010601.0,36047010601.0,0.0,0.05101177424258324,0.000646048586897563,0.3197969046775623,50
36047010602.0,36047010602.0,0.0,0.06286581723315028,0.000711591056025429,0.4017982817440612,30
36047010801.0,36047010801.0,0.0,0.03856299468360966,0.0005189298282687743,0.24325016796943247,58
36047010802.0,36047010802.0,0.0,0.04301934464232559,0.0004607238780955758,0.2886454380589017,41
36047011000.0,36047011000.0,0.0,0.22917224832612337,0.006695801219843744,0.8894622777832948,178
36047011200.0,36047011200.0,0.0,0.13507074561513185,0.0024117173469998367,0.7005122353642228,177
36047011400.0,36047011400.0,0.0,0.12698733072313884,0.002567936232774043,0.6692046311249318,179
36047011600.0,36047011600.0,0.0,0.06170292209966112,0.001299432992499508,0.3740894863884416,62
36047011800.0,36047011800.0,0.0,0.1636723051876209,0.005074902210697766,0.7547032250247944,163
36047011901.0,36047011901.0,0.0036596523330283625,1.0,1.0,1.0,1093
36047011902.0,36047011902.0,0.013119533527696793,1.0,1.0,1.0,686
36047012000.0,36047012000.0,0.0038910505836575876,0.34322181308865524,0.007945052046522386,0.9942914217019506,514
36047012100.0,36047012100.0,0.0018050541516245488,0.5887239597005484,0.03305936258115947,0.9999825689806255,554
36047012200.0,36047012200.0,0.0,0.349727947296606,0.012004880505147099,0.9811766055908475,285
36047012600.0,36047012600.0,0.0,0.35666866191304014,0.017017162517061306,0.9733336709158358,798
36047012700.0,36047012700.0,0.0,0.3510344902228351,0.016569013223645918,0.978578487962846,372
36047012801.0,36047012801.0,0.0,0.02819049207029164,0.00031881096684833744,0.1873065671987343,58
36047012901.0,36047012901.0,0.0,0.33495773787103145,0.011645556688065514,0.9772138412204033,538
36047012902.0,36047012902.0,0.0,0.3671592247863221,0.01782226187752708,0.9766744583461798,488
36047013000.0,36047013000.0,0.0,0.24252913721738473,0.00417239047690233,0.9468343521760799,299
36047013100.0,36047013100.0,0.0,0.22799344842903674,0.009829500945935921,0.8581599949712548,358
36047013200.0,36047013200.0,0.0,0.027184779133712096,0.00043237978316802705,0.1695339456251527,91
36047013300.0,36047013300.0,0.0,0.5189840910268656,0.034562921283545565,0.9990791867376865,332
36047013400.0,36047013400.0,0.0,0.2023455949063833,0.006188680945406272,0.8207174053384554,669
36047013500.0,36047013500.0,0.0,1.0,1.0,1.0,199
36047013600.0,36047013600.0,0.0,0.0972249183373339,0.0019812310351382508,0.5424332070388703,283
36047013700.0,36047013700.0,0.0,0.42882180745055737,0.026500137113022168,0.9918387676015727,319
36047013800.0,36047013800.0,0.0,0.05230574170543275,0.00048349967404800467,0.35647122706792184,169
36047013900.0,36047013900.0,0.0,0.41955773230167276,0.019957591602851876,0.9914015317364073,516
36047014000.0,36047014000.0,0.0,0.04383304685450693,0.0007911242051877376,0.2669705586430039,135
36047014200.0,36047014200.0,0.0,0.10631029110473714,0.001458433239542306,0.6234233703528042,634
36047014700.0,36047014700.0,0.004545454545454545,0.3915135380107413,0.00920449563941019,0.9979198322887676,220
36047014800.0,36047014800.0,0.0,0.06980796673766543,0.0005936174821615875,0.4802435550409136,56
36047014901.0,36047014901.0,0.0,0.23997741156490424,0.007149636983992902,0.9186613313934405,144
36047014902.0,36047014902.0,0.0,0.34963366055580647,0.017548693648462656,0.9721725004925563,359
36047015000.0,36047015000.0,0.0,0.08499738667020129,0.0010670812120573525,0.52146353486905,72
36047015100.0,36047015100.0,0.0,0.24317720986353566,0.00593159350356052,0.928966665730904,363
36047015200.0,36047015200.0,0.0,0.09043266254107099,0.0013290502537343873,0.5362033689449105,114
36047015300.0,36047015300.0,0.0,0.3863951212823894,0.017829324525683185,0.9879370532218168,481
36047015400.0,36047015400.0,0.002079002079002079,1.0,1.0,1.0,481
36047015500.0,36047015500.0,0.0,0.25292306887563537,0.00850261770690654,0.9162588238466497,277
36047015700.0,36047015700.0,0.0,0.48444464870900567,0.028564196399732924,0.9984011713677011,387
36047015900.0,36047015900.0,0.0010845986984815619,0.6851682182944009,0.12113093269661566,0.9999086786897632,922
36047016000.0,36047016000.0,0.0,0.12473477010918009,0.002463521748884584,0.651217670664644,689
36047016100.0,36047016100.0,0.002642007926023778,1.0,1.0,1.0,757
36047016300.0,36047016300.0,0.002127659574468085,0.3911008087284441,0.0206392833813388,0.9881595167496512,470
36047016500.0,36047016500.0,0.0,0.49822762440332446,0.039576706967993425,0.996350734410513,717
36047016600.0,36047016600.0,0.0,0.11299499646517056,0.00185258964689744,0.625420206513728,130
36047016700.0,36047016700.0,0.0,0.39233985137057803,0.025146180107774356,0.9840018159871438,670
36047016800.0,36047016800.0,0.0023752969121140144,0.5758449075406589,0.020536864090108457,0.9999800060819295,421
36047016900.0,36047016900.0,0.0,0.4092799096759423,0.019020887698305858,0.9913049965195232,402
36047017000.0,36047017000.0,0.0,0.14826222983743595,0.0013341313187251347,0.8143548228502644,212
36047017200.0,36047017200.0,0.0,0.1261171360959705,0.002027174336525989,0.692753919830275,117
36047017400.0,36047017400.0,0.0,0.40806962216331966,0.01195172800388318,0.9965755250559037,480
36047017500.0,36047017500.0,0.0011918951132300357,0.8803862356918333,0.3410244590355637,0.9999999725305344,839
36047017600.0,36047017600.0,0.0,0.32748748890479734,0.005236600004795469,0.9912981514522969,331
36047017800.0,36047017800.0,0.0,0.09542758274360144,0.0011173967149714415,0.573568442555392,175
36047017900.0,36047017900.0,0.0,0.23191174865891734,0.00884996473000077,0.8827869101802625,601
36047018000.0,36047018000.0,0.0,0.11860041622563756,0.0018476149085608462,0.6683288113821994,164
36047018100.0,36047018100.0,0.0,0.19619011600155842,0.00581855860038763,0.8273417577201208,523
36047018200.0,36047018200.0,0.0,0.15476168760407655,0.0029625088779293624,0.761173953454339,107
36047018300.0,36047018300.0,0.0,0.21261925564042808,0.006413317378210501,0.8533044223977932,452
36047018400.0,36047018400.0,0.0,0.0406482213502474,0.0003961948993662423,0.2798394727943451,53
36047018501.0,36047018501.0,0.0,0.4824074522497553,0.024551971659257762,0.998543183623477,393
36047018600.0,36047018600.0,0.0,0.09622487193388146,0.0005994970541889022,0.6458559758941359,38
36047018700.0,36047018700.0,0.0023584905660377358,1.0,1.0,1.0,424
36047018800.0,36047018800.0,0.0,0.08392583138209452,0.0013341360545165992,0.5044707807811377,106
36047019000.0,36047019000.0,0.0,0.0967148919087103,0.001562869861732999,0.5737295470601584,221
36047019100.0,36047019100.0,0.0,0.5531710356933675,0.06261490976521474,0.9982588392625765,1171
36047019200.0,36047019200.0,0.0,0.21496118487560492,0.005961368912048859,0.8814004668901989,155
36047019300.0,36047019300.0,0.0,0.31595952149433615,0.011692704957508512,0.967421785814823,294
36047019400.0,36047019400.0,0.0,0.1630749191059326,0.0035549450466825783,0.7768435667970899,288
36047019500.0,36047019500.0,0.0,0.198376012693277,0.004355171893852597,0.8717026016276975,291
36047019600.0,36047019600.0,0.0,0.04001239211461163,0.0006126067638050098,0.2514479705364541,97
36047019700.0,36047019700.0,0.0,0.1483462863491368,0.003969722161653091,0.716741861634564,560
36047019800.0,36047019800.0,0.0,0.048243795063699725,0.0006366775888286575,0.3095388335986154,49
36047019900.0,36047019900.0,0.00228310502283105,0.2502096449920855,0.004659402742582644,0.9719840589610946,876
36047020000.0,36047020000.0,0.0,0.04391484633812932,0.00040092414349773565,0.2969746390881495,54
36047020100.0,36047020100.0,0.0,0.11544625763603313,0.0015941265131419247,0.6705165201152443,459
36047020200.0,36047020200.0,0.0,0.03045868285021264,0.0001646158834971545,0.22327317063040938,38
36047020300.0,36047020300.0,0.0,0.2759158545521702,0.008280161496834415,0.9507228202421231,538
36047020400.0,36047020400.0,0.0,0.03984909594781434,0.0001735033557197341,0.30474645147740526,67
36047020500.0,36047020500.0,0.0,0.2600851558145025,0.00719568898687489,0.9327660874172211,424
36047020600.0,36047020600.0,0.0,0.02693428784105072,0.00030755239079608424,0.17687539158934845,130
36047020700.0,36047020700.0,0.0,0.4221295507302577,0.02558673969343359,0.9892755486352292,374
36047020800.0,36047020800.0,0.0,0.04088236385106962,0.000477056515633123,0.27264933439791295,87
36047021000.0,36047021000.0,0.0,0.036964023157852514,0.0004145597284363284,0.2443842766282207,75
36047021100.0,36047021100.0,0.0,0.6242366421411006,0.08603444965670369,0.9996534325237365,374
36047021200.0,36047021200.0,0.0,0.16688261190907772,0.0038205200132785666,0.7945669299627766,292
36047021300.0,36047021300.0,0.0,0.3788878737907917,0.01672749340475368,0.9865157781376309,376
36047021400.0,36047021400.0,0.0,0.05816510316935113,0.0008314610846173575,0.3598300088092303,112
36047021500.0,36047021500.0,0.0,0.26779432575672946,0.010410998145612393,0.9192776685797086,566
36047021600.0,36047021600.0,0.0,0.20232916890909633,0.004572142598484788,0.8671498318081451,96
36047021700.0,36047021700.0,0.0,0.2876626467525573,0.01063530819244751,0.9517012300714294,323
36047021800.0,36047021800.0,0.0,0.1568949086420911,0.003194748783540524,0.7714638782966359,143
36047021900.0,36047021900.0,0.0,0.21355188676041179,0.009046295811540168,0.8219251411470232,470
36047022000.0,36047022000.0,0.0,0.16925797549018534,0.003429765474250421,0.7993847757860378,224
36047022100.0,36047022100.0,0.0,0.18736228067770952,0.005712527580777648,0.8139175456139774,393
36047022200.0,36047022200.0,0.0,0.1619203314210199,0.003583087167100432,0.7805795112264025,215
36047022400.0,36047022400.0,0.0,0.40600851708898245,0.018600206318228073,0.9921645567412449,244
36047022600.0,36047022600.0,0.004405286343612335,1.0,1.0,1.0,227
36047022700.0,36047022700.0,0.0,0.3752631977859412,0.017799785237792656,0.9832609040478537,955
36047022800.0,36047022800.0,0.010676156583629894,0.9580508011010676,0.5783481285222534,0.9999999999997633,281
36047022900.0,36047022900.0,0.0,0.11216297354286542,0.000828789985564829,0.70485758651961,341
36047023000.0,36047023000.0,0.0,0.3213084433901121,0.01598443916858387,0.9582045830175503,127
36047023100.0,36047023100.0,0.0,0.18215714289872748,0.0028348883792883943,0.8371962570303513,298
36047023200.0,36047023200.0,0.0,0.43216066015621507,0.026507298855716836,0.9930309447083255,264
36047023300.0,36047023300.0,0.0,0.13554400583049692,0.0018493580408941751,0.7407331714896327,451
36047023400.0,36047023400.0,0.004975124378109453,0.5095026851633027,0.016641693883247252,0.9997388372937585,201
36047023500.0,36047023500.0,0.0,0.17183258391045989,0.002316690314742173,0.8453804595630444,224
36047023600.0,36047023600.0,0.0,0.265197416046922,0.009251360033094472,0.9330390676699388,229
36047023800.0,36047023800.0,0.0,0.13128101815434912,0.0031012459187743646,0.6716705954115145,136
36047024000.0,36047024000.0,0.0,0.1468802489869225,0.0030531901066070677,0.7441159587763787,164
36047024100.0,36047024100.0,0.0,0.20476961119329706,0.005574386573892767,0.8580812113863836,418
36047024200.0,36047024200.0,0.0,0.15900959540720672,0.0035883383182091777,0.7710914752701606,161
36047024300.0,36047024300.0,0.0,0.12757190154611617,0.0020810404442186264,0.6784010521380732,273
36047024400.0,36047024400.0,0.0,0.3033175473777197,0.009765386649783414,0.9648462775991197,144
36047024500.0,36047024500.0,0.0,0.12400841702563457,0.001713947672964744,0.688239352276733,315
36047024600.0,36047024600.0,0.0,0.2714850105519642,0.010758759643866652,0.9290486042424417,96
36047024700.0,36047024700.0,0.0,0.13300569858100256,0.004108131714565563,0.6360780946511713,400
36047024800.0,36047024800.0,0.005291005291005291,1.0,1.0,1.0,189
36047024900.0,36047024900.0,0.0,0.12319901266451468,0.0019130475069895959,0.6950768611721889,263
36047025000.0,36047025000.0,0.0,0.14182100879532833,0.0028768223904805518,0.7230508116939321,209
36047025100.0,36047025100.0,0.0,0.0875189013740898,0.0018369072187095548,0.4952738857289555,189
36047025200.0,36047025200.0,0.0,0.28842115856253087,0.008186367338431744,0.9649311829642875,374
36047025300.0,36047025300.0,0.0,0.2027375298241745,0.008008096460094705,0.8100182404114377,272
36047025400.0,36047025400.0,0.0,0.30372199606078004,0.016886116228114312,0.9302096855757065,192
36047025500.0,36047025500.0,0.012903225806451613,1.0,1.0,1.0,155
36047025600.0,36047025600.0,0.0,0.36338777886166546,0.019425735540814282,0.9744845066908078,160
36047025700.0,36047025700.0,0.0,0.3576928964779436,0.020599458135410958,0.9735985566480415,279
36047025800.0,36047025800.0,0.0,0.28017555798748145,0.006120629565182875,0.9667122217956036,130
36047025901.0,36047025901.0,0.0,0.031519043459078494,0.000494628122343313,0.19162871956502955,95
36047025902.0,36047025902.0,0.0,0.08332543111201464,0.000634998839270462,0.5692543447202674,77
36047026000.0,36047026000.0,0.0,0.16650271523881954,0.0031933760547257746,0.7952956883497547,116
36047026100.0,36047026100.0,0.0,0.10124767848749265,0.001656233619103903,0.6101811978066444,265
36047026200.0,36047026200.0,0.0,0.04920201917153961,0.0003563200514323683,0.3514393553648851,115
36047026300.0,36047026300.0,0.0,0.04838626531313213,0.0005577430848365622,0.3136242390614331,99
36047026400.0,36047026400.0,0.00684931506849315,0.1420240893443774,0.0020636791163087392,0.8112390535737335,146
36047026500.0,36047026500.0,0.0,0.07300209864380341,0.0008513409018615803,0.4680081343713972,282
36047026600.0,36047026600.0,0.0,0.21129799456601728,0.004620466947708507,0.8934720013796495,81
36047026700.0,36047026700.0,0.0,0.09152974393696942,0.0010256225079102205,0.58010779837706,260
36047026800.0,36047026800.0,0.0,0.28219169968868074,0.012607954446338204,0.9384243505958447,92
36047026900.0,36047026900.0,0.0,0.05942371334064748,0.0005283265823818967,0.4050172673069744,230
36047027000.0,36047027000.0,0.0,0.18955125987489863,0.009675383065544144,0.7633529001991204,149
36047027100.0,36047027100.0,0.002364066193853428,0.14188335116674405,0.0032906088899383847,0.7474006205960461,423
36047027200.0,36047027200.0,0.0,0.3822018301597086,0.0324819038523113,0.9661998461897187,125
36047027300.0,36047027300.0,0.0,0.05212950240514103,0.0003715958171863487,0.36373223001027644,164
36047027400.0,36047027400.0,0.0,0.25549076684672856,0.009184875812600685,0.9240134031092383,105
36047027500.0,36047027500.0,0.0,0.19549941596299328,0.004284829972449017,0.8384263447842243,277
36047027600.0,36047027600.0,0.0,0.14232030255464603,0.003913851445200095,0.69140353309414,95
36047027700.0,36047027700.0,0.0,0.08867257776963246,0.0013171625772494422,0.5251421774038207,266
36047027800.0,36047027800.0,0.015384615384615385,0.5193892693912511,0.007322754042670859,0.9999523311016136,130
36047027900.0,36047027900.0,0.0,0.16498621324765914,0.003878781313759663,0.7814744201636321,293
36047028000.0,36047028000.0,0.0,0.4010729051174427,0.010168206155309643,0.9953482407519063,227
36047028100.0,36047028100.0,0.0,0.10061641809635968,0.0018251884473448137,0.5593216504506007,292
36047028200.0,36047028200.0,0.0,0.5442849812691529,0.028999328537259617,0.9996723050281232,348
36047028300.0,36047028300.0,0.0,0.1069387820686431,0.0015458975904945633,0.6162309355101839,192
36047028400.0,36047028400.0,0.0,0.20364885458874554,0.00593663396640573,0.8439782247731666,129
36047028501.0,36047028501.0,0.0,0.15635820697681801,0.004440029194874023,0.7259822749799874,109
36047028502.0,36047028502.0,0.0,0.08924527859307547,0.0012236574663378047,0.5438672467604699,149
36047028600.0,36047028600.0,0.0,0.5687225817735845,0.04370790885950011,0.999640867468161,365
36047028700.0,36047028700.0,0.0,0.0589129220710214,0.0008185992391074482,0.37750005117593444,199
36047028800.0,36047028800.0,0.0,0.2500433887093704,0.011636087426711,0.8820679951671362,107
36047029000.0,36047029000.0,0.008130081300813009,1.0,1.0,1.0,123
36047029100.0,36047029100.0,0.0,0.06803739942494907,0.0009592796849111545,0.43222090888088527,160
36047029200.0,36047029200.0,0.00998003992015968,1.0,1.0,1.0,501
36047029300.0,36047029300.0,0.0,0.027802655212044135,0.0003761768071037841,0.1737109148386123,150
36047029400.0,36047029400.0,0.0030120481927710845,1.0,1.0,1.0,332
36047029500.0,36047029500.0,0.0,0.0505873858323812,0.0006937300705762317,0.31466536159852265,160
36047029600.0,36047029600.0,0.022304832713754646,1.0,1.0,1.0,269
36047029700.0,36047029700.0,0.0,0.03711191796068711,0.00038920087342514674,0.24957368349000617,123
36047029800.0,36047029800.0,0.016736401673640166,1.0,1.0,1.0,239
36047029900.0,36047029900.0,0.0,0.2569800315572935,0.008179644706632147,0.9290940689125124,614
36047030000.0,36047030000.0,0.020689655172413793,1.0,1.0,1.0,145
36047030100.0,36047030100.0,0.0,0.10981230218080441,0.0021616846095250607,0.5992659950763597,657
36047030200.0,36047030200.0,0.017543859649122806,1.0,1.0,1.0,171
36047030300.0,36047030300.0,0.0,0.18499444574801135,0.0035741754576971182,0.8483588701290575,698
36047030400.0,36047030400.0,0.0017211703958691911,0.9052282659500818,0.34032151636787944,0.9999999996546771,581
36047030500.0,36047030500.0,0.0,0.41218905989058896,0.034368283465482055,0.9811950696792141,751
36047030600.0,36047030600.0,0.0196078431372549,1.0,1.0,1.0,102
36047030700.0,36047030700.0,0.0,0.30285665399479517,0.013317502096315662,0.9535758354005792,590
36047030800.0,36047030800.0,0.0,0.847761419595346,0.2997578599895282,0.9999995427713384,194
36047030900.0,36047030900.0,0.0016,0.31233780547609974,0.00643239615405857,0.9902433665062645,625
36047031100.0,36047031100.0,0.0,0.13673082507055775,0.0015353976216104515,0.729893040177922,606
36047031300.0,36047031300.0,0.0,0.18716471052303232,0.0034970348909318743,0.8488731564976346,654
36047031401.0,36047031401.0,0.0030581039755351682,0.984882517520291,0.8319584191570273,1.0,981
36047031402.0,36047031402.0,0.06666666666666667,0.7872705473447597,0.13496148351361087,0.9999999981632816,15
36047031500.0,36047031500.0,0.0,0.22408713262094423,0.003250692390914206,0.9259135464920359,816
36047031701.0,36047031701.0,0.0,0.13682863236702117,0.0025958156460187953,0.7159452481139579,256
36047031702.0,36047031702.0,0.0,0.16848083252479767,0.006177973059967479,0.7336419993136138,499
36047031900.0,36047031900.0,0.0,0.11356619105031895,0.002701252345156796,0.6012417565876018,174
36047032100.0,36047032100.0,0.0,0.2720893148000878,0.007758082847185249,0.9471930225969173,367
36047032300.0,36047032300.0,0.0,0.3083553344099369,0.010081897965219352,0.9757508045775679,392
36047032500.0,36047032500.0,0.0,0.2724621780372119,0.0082660674893731,0.9466636011548079,254
36047032600.0,36047032600.0,0.009009009009009009,0.988330320286299,0.8736459524708413,0.9999999999999999,333
36047032800.0,36047032800.0,0.07142857142857142,1.0,1.0,1.0,140
36047032900.0,36047032900.0,0.003246753246753247,1.0,1.0,1.0,308
36047033000.0,36047033000.0,0.1565217391304348,1.0,1.0,1.0,115
36047033100.0,36047033100.0,0.0,0.14185818287707283,0.003551349125221176,0.702055271097979,254
36047033300.0,36047033300.0,0.0,0.15732775871815743,0.0024463618505728645,0.7984771051116557,221
36047033500.0,36047033500.0,0.0,0.12970948964027923,0.0025624179951570154,0.6723657353526123,252
36047033600.0,36047033600.0,0.0,0.9459517149436236,0.5626759227521304,0.999999999999882,105
36047033701.0,36047033701.0,0.0,0.11369478683408686,0.0015138576747029675,0.6512129250502656,596
36047033702.0,36047033702.0,0.0,0.044318395264520125,0.0004246698100402624,0.3016039949158413,138
36047033900.0,36047033900.0,0.006711409395973154,0.24251965349261637,0.005972608690584802,0.9424658247726035,298
36047034000.0,36047034000.0,0.14583333333333334,1.0,1.0,1.0,48
36047034100.0,36047034100.0,0.0,0.09748398845008562,0.0012969742952503639,0.5789379467711238,126
36047034200.0,36047034200.0,0.10909090909090909,1.0,1.0,1.0,55
36047034300.0,36047034300.0,0.0,0.16643739950427175,0.0026101359846452594,0.8215262111808297,194
36047034500.0,36047034500.0,0.0035842293906810036,0.2091670744873576,0.003829057811207534,0.9208174517480013,279
36047034700.0,36047034700.0,0.004901960784313725,0.1972369257284276,0.0021430395221273438,0.9417382577250546,204
36047034800.0,36047034800.0,0.0025906735751295338,1.0,1.0,1.0,772
36047034901.0,36047034901.0,0.0,0.11848405009233252,0.0016793494678959992,0.67910853177782,236
36047034902.0,36047034902.0,0.0,0.07648829893883223,0.0014113220595959874,0.4608277237580969,102
36047035000.0,36047035000.0,0.0,0.43444042048635056,0.012081734437997663,0.998624678030456,139
36047035101.0,36047035101.0,0.0,0.1562139038710006,0.002370138105976488,0.7933346250183,319
36047035102.0,36047035102.0,0.0,0.07972256794314489,0.0007832997668829417,0.5289577869928939,119
36047035200.0,36047035200.0,0.008403361344537815,1.0,1.0,1.0,238
36047035301.0,36047035301.0,0.0,0.11477806126977953,0.0022388991643009534,0.6059602928147196,297
36047035302.0,36047035302.0,0.0,0.1340599666688761,0.0034841699835399475,0.6447960799932294,174
36047035500.0,36047035500.0,0.0,0.1908882804663858,0.010552016038066988,0.7744730977231532,370
36047035601.0,36047035601.0,0.0,0.34059456824076506,0.007510576855756468,0.9894815475222651,65
36047035602.0,36047035602.0,0.0,0.5729983023584909,0.061659560125723316,0.999275375177527,129
36047035701.0,36047035701.0,0.0,0.10381736878315447,0.0007764147165044727,0.651438671106151,167
36047035702.0,36047035702.0,0.0,0.12825660357750163,0.00434101715258906,0.6129934028430319,173
36047035900.0,36047035900.0,0.0,0.15032465558738572,0.004737154916550301,0.7101187004587652,298
36047036001.0,36047036001.0,0.01818181818181818,1.0,1.0,1.0,55
36047036002.0,36047036002.0,0.0,0.24494583603273817,0.006610259572703195,0.9229057719198142,60
36047036100.0,36047036100.0,0.0,0.16926627572815117,0.003099410033230876,0.8294558099592789,550
36047036200.0,36047036200.0,0.0,0.3911808309889353,0.02231797341658808,0.9853072777317736,225
36047036300.0,36047036300.0,0.0,0.22722811338411747,0.011037042757920742,0.8443121582728721,592
36047036400.0,36047036400.0,0.0029850746268656717,0.7584631505765147,0.12583002384765085,0.9999974046170358,335
36047036501.0,36047036501.0,0.0,0.09557917349591356,0.002418529536180919,0.5136976078382512,373
36047036900.0,36047036900.0,0.0,0.07049820153263726,0.0018812101122518633,0.40117018825677386,460
36047037000.0,36047037000.0,0.0,0.4778461159835557,0.048798065601475496,0.9937800446064478,643
36047037100.0,36047037100.0,0.0,0.03641326491383993,0.00028087860031100477,0.2639717189081866,80
36047037300.0,36047037300.0,0.0,0.08092323159579097,0.0013058784334942313,0.4686749093394382,158
36047037401.0,36047037401.0,0.0,0.24339858702202938,0.009874772826486555,0.891792086407636,133
36047037402.0,36047037402.0,0.0397196261682243,1.0,1.0,1.0,428
36047037500.0,36047037500.0,0.0,0.04058872613727241,0.0004318014215399985,0.2737097886362631,225
36047037700.0,36047037700.0,0.0,0.1461176198603972,0.002212504742809146,0.7594757976194985,180
36047037900.0,36047037900.0,0.0,0.11259625992783397,0.0012985953997167621,0.6666069149731995,168
36047038100.0,36047038100.0,0.0,0.13938257759685108,0.003065270643183804,0.7080137567673472,226
36047038200.0,36047038200.0,0.014925373134328358,0.830191277766343,0.22269215916242993,0.9999999279419896,67
36047038300.0,36047038300.0,0.0,0.15943951277194038,0.0028308606653308895,0.8006601948298779,213
36047038500.0,36047038500.0,0.0,0.06712322421655796,0.0013810916077372614,0.4019556428246384,188
36047038600.0,36047038600.0,0.0,0.6387103642076358,0.09513819617697884,0.9997190083730445,272
36047038800.0,36047038800.0,0.0,0.25564842933760706,0.011600849746926609,0.9042225671891613,98
36047038900.0,36047038900.0,0.0,0.16784385445029804,0.006146734374852153,0.7425351429269822,392
36047039000.0,36047039000.0,0.0,0.5650600280974151,0.06418945442521512,0.9991078180116011,215
36047039100.0,36047039100.0,0.0,0.15241800692718915,0.0035799773450104514,0.742426263337581,235
36047039200.0,36047039200.0,0.0106951871657754,1.0,1.0,1.0,187
36047039400.0,36047039400.0,0.0,0.4088566165404832,0.03076342039402024,0.9812394657001409,265
36047039600.0,36047039600.0,0.0,0.20870989803458045,0.00913236629652151,0.8093412090988091,102
36047039700.0,36047039700.0,0.0,0.07086959848170295,0.001743934959336621,0.3927485126349602,316
36047039800.0,36047039800.0,0.0045662100456621,0.5266191317622577,0.023044878762565568,0.9996864952259704,219
36047039900.0,36047039900.0,0.0,0.27621339124214517,0.008271654022085928,0.949686016581717,208
36047040000.0,36047040000.0,0.0,0.28978169822492944,0.011260672350974532,0.9473682101335918,237
36047040100.0,36047040100.0,0.0,0.21175150743116464,0.007130396996560068,0.8436993232286615,236
36047040200.0,36047040200.0,0.01948051948051948,1.0,1.0,1.0,154
36047040300.0,36047040300.0,0.0,0.14412617216969825,0.003338724310883698,0.7115052880275864,298
36047040400.0,36047040400.0,0.0,0.5876704765622952,0.08182439459882862,0.9987637605320426,148
36047040500.0,36047040500.0,0.0,0.09437512296887826,0.0007528428695471629,0.6229582512815839,266
36047040600.0,36047040600.0,0.0,0.48935829723248514,0.03527821415665807,0.9977597199328022,85
36047040700.0,36047040700.0,0.0,0.10845050070083523,0.0019065066132846864,0.6012557118054631,58
36047040800.0,36047040800.0,0.0,0.36401461818198594,0.017019862100489485,0.9808275955572985,167
36047040900.0,36047040900.0,0.0,0.18074033387148952,0.005215907782206514,0.7827880839830172,168
36047041000.0,36047041000.0,0.0,0.2772384207200674,0.009835956912446228,0.9381721510499913,155
36047041100.0,36047041100.0,0.0,0.18298715448115546,0.0030054277878846817,0.8387643117659439,128
36047041200.0,36047041200.0,0.0,0.29625837099457414,0.004835447456405126,0.9809825109233604,180
36047041300.0,36047041300.0,0.0,0.2999897407759861,0.009645261027348893,0.9512198127218561,187
36047041401.0,36047041401.0,0.0,0.24711280384999437,0.007913033831725114,0.9289241232517016,159
36047041402.0,36047041402.0,0.0,0.3405131417654857,0.011292245493559394,0.9768404185847854,113
36047041500.0,36047041500.0,0.014634146341463415,0.8359794952985281,0.0378947643644755,0.9999999997222464,205
36047041600.0,36047041600.0,0.0,0.3187966975295611,0.010049526546915908,0.977636793566958,191
36047041700.0,36047041700.0,0.0,0.2052890993980918,0.0023306208667133762,0.9137469733719407,151
36047041800.0,36047041800.0,0.0,0.5239959583549135,0.03566405845027027,0.9989787071996664,530
36047041900.0,36047041900.0,0.0,0.18682602417757765,0.004125035723865636,0.8515703111806413,222
36047042100.0,36047042100.0,0.0,0.20383285778599974,0.004099285315190252,0.8862970356908647,292
36047042200.0,36047042200.0,0.004347826086956522,0.5424426106074779,0.03938270766333065,0.9993890832000706,230
36047042300.0,36047042300.0,0.0,0.08205939075003375,0.0015257047553703495,0.4920919378716253,171
36047042400.0,36047042400.0,0.0,0.3336571376395226,0.017047100656928493,0.9659832125578217,193
36047042500.0,36047042500.0,0.0,0.17656133446473518,0.0038960256981752928,0.8075182270155242,297
36047042600.0,36047042600.0,0.0,0.4112603773390165,0.02849889042831384,0.9882135643262921,283
36047042700.0,36047042700.0,0.0,0.10471891916622665,0.0018611526947937469,0.5933132113169662,324
36047042800.0,36047042800.0,0.009478672985781991,1.0,1.0,1.0,211
36047042900.0,36047042900.0,0.0,0.219315518968924,0.005193651979311903,0.8920708104763514,258
36047043000.0,36047043000.0,0.0053475935828877,1.0,1.0,1.0,187
36047043100.0,36047043100.0,0.0,0.19054817993598314,0.0046303914414631,0.8477069250138207,318
36047043200.0,36047043200.0,0.0,0.3695618664884644,0.027010865745965645,0.9711167844073819,181
36047043300.0,36047043300.0,0.004484304932735426,0.20934806106867254,0.002986174831840513,0.9329459099597621,223
36047043400.0,36047043400.0,0.0,0.36581305993498936,0.01641308163354096,0.9828323176471983,189
36047043500.0,36047043500.0,0.004545454545454545,0.3903805874525773,0.012574889745664458,0.9946466198147497,220
36047043600.0,36047043600.0,0.0,0.42585445214851636,0.03147422231201479,0.9891025842119859,180
36047043700.0,36047043700.0,0.0,0.20386905418030177,0.005550640190683634,0.8554669646932737,217
36047043800.0,36047043800.0,0.007352941176470588,0.5271616221942103,0.023094660811879573,0.9996532119425751,136
36047043900.0,36047043900.0,0.0,0.07879677486358871,0.0018348611059775838,0.43914405044165605,239
36047044000.0,36047044000.0,0.007575757575757576,1.0,1.0,1.0,264
36047044100.0,36047044100.0,0.0,0.12837791723954547,0.002268131724520589,0.6865021695456981,156
36047044200.0,36047044200.0,0.0,0.3029620039763747,0.014613676924927682,0.9396808668705002,291
36047044300.0,36047044300.0,0.0,0.1850216886338467,0.003967913365895706,0.8424321142850298,306
36047044400.0,36047044400.0,0.0,0.6343242758274966,0.07596735937812729,0.9998895200747406,226
36047044500.0,36047044500.0,0.0,0.18821793961533664,0.003916000858279034,0.8470767907168696,269
36047044600.0,36047044600.0,0.0,0.6175171951409378,0.06894382843204956,0.9997933497848556,189
36047044700.0,36047044700.0,0.0,0.14381391813502895,0.0022728952170586736,0.7657366295643028,292
36047044800.0,36047044800.0,0.0037174721189591076,1.0,1.0,1.0,269
36047044901.0,36047044901.0,0.0,0.47233414320543626,0.021274012175766757,0.998575786819414,1150
36047045000.0,36047045000.0,0.008403361344537815,1.0,1.0,1.0,238
36047045200.0,36047045200.0,0.0,0.6460619959509406,0.09119004940697335,0.9998106344316036,307
36047045300.0,36047045300.0,0.0,0.07857187890343453,0.0013883100152198707,0.4627320548429113,698
36047045400.0,36047045400.0,0.009174311926605505,1.0,1.0,1.0,218
36047045600.0,36047045600.0,0.004651162790697674,0.3329895985024161,0.015503445232452607,0.9646797820126856,215
36047045800.0,36047045800.0,0.009433962264150943,1.0,1.0,1.0,212
36047046000.0,36047046000.0,0.0,0.49117855700697893,0.06183795315327407,0.9901413175112969,289
36047046201.0,36047046201.0,0.0,0.3004944156207042,0.016384218147780235,0.9354061397123963,343
36047046202.0,36047046202.0,0.0,0.41067156700452095,0.027295692589125054,0.9884306597413519,355
36047046400.0,36047046400.0,0.008,0.4875488041774576,0.02873015189419686,0.9976411971024902,125
36047046800.0,36047046800.0,0.0,0.19260058670758057,0.00803235852193116,0.7940406229040011,40
36047047000.0,36047047000.0,0.0,0.14697380713133998,0.0031228624005082695,0.7351105889153646,86
36047047200.0,36047047200.0,0.0,0.17501117352132722,0.004231980092240154,0.802622336498042,109
36047047400.0,36047047400.0,0.0,0.3174781981011495,0.01549307073517765,0.957572457475899,219
36047047600.0,36047047600.0,0.0,0.5267223177122341,0.06047326294998296,0.9958207574323039,326
36047047700.0,36047047700.0,0.0008090614886731392,0.3179505060994526,0.014805763607702128,0.9690262417109307,1236
36047047800.0,36047047800.0,0.0,0.5996392512813467,0.07739758239376059,0.9992949756017036,410
36047048000.0,36047048000.0,0.0,0.32557553416608415,0.02168412525914242,0.9422165210578074,251
36047048200.0,36047048200.0,0.0014005602240896359,1.0,1.0,1.0,714
36047048400.0,36047048400.0,0.0,0.4232393068376241,0.028121973028001297,0.9889148352371248,504
36047048500.0,36047048500.0,0.0,0.5742974783901688,0.08475809256641192,0.9979662094353757,877
36047048600.0,36047048600.0,0.0099601593625498,1.0,1.0,1.0,502
36047048800.0,36047048800.0,0.0,0.4964937457531508,0.02477295035994215,0.999236982189193,281
36047048900.0,36047048900.0,0.0,0.1942084663218287,0.00576308545559602,0.8251193551880843,211
36047049000.0,36047049000.0,0.001272264631043257,0.850763359998666,0.24744079291758003,0.9999999696397373,786
36047049100.0,36047049100.0,0.011811023622047244,1.0,1.0,1.0,254
36047049200.0,36047049200.0,0.0,0.7501858888725208,0.1669854330519741,0.9999813630679787,663
36047049301.0,36047049301.0,0.0,0.12760084883894574,0.0019460964525294057,0.6969218542333869,91
36047049302.0,36047049302.0,0.0,0.3190983093692311,0.0090515304782253,0.9793152299706267,557
36047049400.0,36047049400.0,0.0014245014245014246,0.8086080891005492,0.18978593197715354,0.9999996153162268,702
36047049500.0,36047049500.0,0.0,0.12453711645730273,0.0031149791588026138,0.6252107555113973,469
36047049600.0,36047049600.0,0.0,0.5772288612556957,0.06566496966487494,0.9990442493082194,286
36047049700.0,36047049700.0,0.0,0.34028714602143345,0.014282937435884555,0.9711394567853866,537
36047049800.0,36047049800.0,0.004672897196261682,0.6531136408174844,0.05515238719628945,0.9999871197116228,428
36047050002.0,36047050002.0,0.0,0.3210141253200698,0.013050008448947359,0.972415824430766,29
36047050300.0,36047050300.0,0.0,0.1635779849741194,0.004306950142401264,0.760893041989005,451
36047050402.0,36047050402.0,0.003976143141153081,0.9537000014965266,0.596924585125801,0.9999999999764337,503
36047050500.0,36047050500.0,0.0,0.32289263744905045,0.01407731352649039,0.9654903301230376,343
36047050700.0,36047050700.0,0.0,0.6310454105500825,0.07440024120185147,0.9998776347790894,322
36047050801.0,36047050801.0,0.006756756756756757,0.36596631068530644,0.009481009511812901,0.9926285150527516,148
36047050804.0,36047050804.0,0.0,0.46575240696388853,0.02250135850222351,0.9982441612024516,173
36047050900.0,36047050900.0,0.008620689655172414,1.0,1.0,1.0,232
36047051001.0,36047051001.0,0.0,0.21900717845774115,0.004875054109180951,0.8949960553121399,176
36047051002.0,36047051002.0,0.0,0.330342451267394,0.015289221413248764,0.9722360229072561,251
36047051100.0,36047051100.0,0.0,0.5537303289853968,0.05304935842317298,0.998882893605113,369
36047051300.0,36047051300.0,0.002274450341167551,1.0,1.0,1.0,1319
36047051400.0,36047051400.0,0.0,0.42077225197128926,0.030883626803782215,0.9885421062565407,293
36047051601.0,36047051601.0,0.0,0.33707848799494433,0.0160372418124888,0.9669682429011143,342
36047051602.0,36047051602.0,0.003205128205128205,0.5046807949287009,0.02180458304274657,0.9996222932743266,312
36047051700.0,36047051700.0,0.014925373134328358,0.9932448570933655,0.9369611704005187,1.0,335
36047051800.0,36047051800.0,0.0,0.6894198325851576,0.10494830082585316,0.9999475943735536,448
36047051900.0,36047051900.0,0.005060728744939271,1.0,1.0,1.0,988
36047052000.0,36047052000.0,0.0027624309392265192,1.0,1.0,1.0,362
36047052300.0,36047052300.0,0.001594896331738437,0.23362111740017,0.009634857502620785,0.867910042634926,627
36047052500.0,36047052500.0,0.0,0.09268667792011008,0.0034328881530520604,0.4569373442999059,341
36047052600.0,36047052600.0,0.0,0.7165480152335213,0.12394929500096394,0.9999866449547633,278
36047052700.0,36047052700.0,0.0019880715705765406,1.0,1.0,1.0,503
36047052800.0,36047052800.0,0.0,0.45989675205891856,0.041551544979001494,0.9922520910719065,178
36047052900.0,36047052900.0,0.0,0.32896462353875794,0.017840079937989726,0.9547406783284305,318
36047053000.0,36047053000.0,0.0,0.2635328398336265,0.0054866883118858045,0.9600713223335464,229
36047053101.0,36047053101.0,0.0,0.2902849220196398,0.013253186382989902,0.9351702883130764,121
36047053102.0,36047053102.0,0.0,0.6711641621752588,0.09739222792048421,0.9999301612930431,106
36047053200.0,36047053200.0,0.0,0.13887526534181996,0.0030501559858377714,0.7095860827340016,86
36047053300.0,36047053300.0,0.0,0.32377984810676963,0.02004837853025209,0.9564519444439286,443
36047053400.0,36047053400.0,0.0,0.32421440640703403,0.008789984837065699,0.9815807577248568,270
36047053500.0,36047053500.0,0.0,0.0668400611574335,0.0014724483316651688,0.3948543903407596,164
36047053700.0,36047053700.0,0.002079002079002079,0.7765838030447704,0.13185855783531028,0.9999999395286548,962
36047053800.0,36047053800.0,0.0,0.20871757582411665,0.0040411400544206975,0.8925348794846476,249
36047053900.0,36047053900.0,0.0,0.24296587060737942,0.0046361422669141256,0.9357920974304687,165
36047054400.0,36047054400.0,0.0,0.18459353858511887,0.005282707816620757,0.811833411538344,156
36047054600.0,36047054600.0,0.0,0.44276523217027464,0.02740164938545533,0.9936088971231752,522
36047054700.0,36047054700.0,0.0,0.28432963654730126,0.008889633339774217,0.9521635682029113,227
36047054800.0,36047054800.0,0.0,0.1884713170025344,0.005556172451113286,0.8084784492648551,159
36047054900.0,36047054900.0,0.0,0.4946152714114445,0.020156158840695416,0.9993144283074333,1099
36047055000.0,36047055000.0,0.0,0.15667057916452945,0.0032118469127946025,0.7731598458283551,310
36047055200.0,36047055200.0,0.0,0.1133320707786017,0.0025554955623812796,0.6068261865520153,269
36047055300.0,36047055300.0,0.0,0.20216628858134167,0.005353423916477845,0.8461437178629968,409
36047055600.0,36047055600.0,0.0,0.21523177852280267,0.007514337268818561,0.8627418088251003,314
36047055700.0,36047055700.0,0.0,0.546506780617744,0.05500588862595291,0.9985387868207952,622
36047055800.0,36047055800.0,0.0,0.19985813160821286,0.005984728565634348,0.8359002570840098,148
36047056000.0,36047056000.0,0.0,0.25874585048671517,0.0090393505164471,0.924470402070369,327
36047056200.0,36047056200.0,0.0,0.14775675141196143,0.0031057566641065045,0.7429585835019498,175
36047056301.0,36047056301.0,0.0,0.19200769855179728,0.0018328497951916184,0.9102768047979249,318
36047056400.0,36047056400.0,0.0,0.061630150696284386,0.0018020187085626166,0.3304001720544497,131
36047056600.0,36047056600.0,0.0,0.0996161264667512,0.0012267855360157786,0.603443299034961,96
36047056800.0,36047056800.0,0.0,0.03365154905805452,0.0003069783677941335,0.23458860837408527,64
36047056900.0,36047056900.0,0.0029498525073746312,1.0,1.0,1.0,339
36047057000.0,36047057000.0,0.0,0.10376793313777039,0.002987363205005952,0.5320578860092698,180
36047057100.0,36047057100.0,0.0,0.473966690961834,0.033674997281079866,0.9960166986389959,467
36047057200.0,36047057200.0,0.0,0.26764861305061566,0.00451980444165713,0.9657314158428741,99
36047057300.0,36047057300.0,0.0,0.5043163336168389,0.050867860498012354,0.9956456626776565,318
36047057400.0,36047057400.0,0.0,0.04390786554079802,0.0006539432447001837,0.2792243736315003,63
36047057500.0,36047057500.0,0.0,0.3026433835661255,0.01312758467396136,0.9479055938806813,372
36047057600.0,36047057600.0,0.0,0.11804071701716061,0.0014239751139375283,0.6955588478827397,142
36047057800.0,36047057800.0,0.0,0.1567612206292863,0.00395323149405587,0.7405312859791985,252
36047058000.0,36047058000.0,0.0,0.12628057022485145,0.0031309219549186308,0.6348077096726805,107
36047058200.0,36047058200.0,0.0056179775280898875,0.24804022761995026,0.005638453580193054,0.9476150451008489,178
36047058400.0,36047058400.0,0.0,0.45706862569735524,0.031229653382617174,0.9938749717128466,340
36047058600.0,36047058600.0,0.0,0.1453696010010891,0.0029579965040811757,0.7083395273404026,181
36047058800.0,36047058800.0,0.0,0.33893013344111833,0.013000823927312185,0.9779384585828073,299
36047058901.0,36047058901.0,0.0076726342710997444,0.9142230347663463,0.25617433789308736,0.9999999999946555,391
36047058902.0,36047058902.0,0.0,0.561173007355164,0.052243434993682156,0.999275970680824,216
36047059000.0,36047059000.0,0.0,0.2818006550556579,0.007939560657541408,0.9600558049395801,232
36047059100.0,36047059100.0,0.0,0.3662803919087572,0.013803658161687826,0.9871668145724455,413
36047059200.0,36047059200.0,0.0,0.24877828552166148,0.009116886332020919,0.907782103936379,409
36047059300.0,36047059300.0,0.0,0.141859117993842,0.0030990330750096827,0.7070664320742236,239
36047059402.0,36047059402.0,0.0,0.22278754705672227,0.005315905150504988,0.9090785805294256,230
36047059403.0,36047059403.0,0.0,0.16329620036691087,0.002277124960936108,0.8195133328290147,187
36047059404.0,36047059404.0,0.0,0.11839321924627966,0.0010948260264638133,0.7251579543013776,89
36047059600.0,36047059600.0,0.0,0.13345195582423652,0.0017968474304619342,0.7296160381551908,122
36047059800.0,36047059800.0,0.0,0.08200941918905508,0.0015633226079726336,0.46903402076751066,119
36047060000.0,36047060000.0,0.0,0.29692330005115947,0.012904222441255025,0.9462922062522057,320
36047060600.0,36047060600.0,0.0,0.15807703326546907,0.00449379425103095,0.740002761922375,245
36047060800.0,36047060800.0,0.0021945866861741038,1.0,1.0,1.0,1367
36047061002.0,36047061002.0,0.0,0.5473292876497604,0.04526385911840121,0.9993904269470029,101
36047061003.0,36047061003.0,0.0,0.16941411550680158,0.004389041308722608,0.7762822182828356,227
36047061004.0,36047061004.0,0.0,0.3451825115190416,0.01879443061619258,0.971568482767828,362
36047061200.0,36047061200.0,0.0,0.09741757681942209,0.00023978804886884696,0.7159552633589839,58
36047061600.0,36047061600.0,0.0,0.3387871486743459,0.003394739067478858,0.996976482559431,46
36047062000.0,36047062000.0,0.0,0.07733286935600119,0.0002883555286413847,0.5687491054048177,44
36047062200.0,36047062200.0,0.0,0.4199469173504124,0.019650600104215068,0.9950704902977643,418
36047063200.0,36047063200.0,0.0,0.05559761758314578,0.000486793089083698,0.3797651329135767,30
36047063600.0,36047063600.0,0.0,0.01702587931422366,8.598540317365788e-05,0.12308197056169985,15
36047063800.0,36047063800.0,0.0,0.013894337821347568,0.0002082913822095106,0.08826133604363656,20
36047064000.0,36047064000.0,0.0,0.024900166722789014,0.0002690469163056791,0.1662273107525992,24
36047064200.0,36047064200.0,0.0030120481927710845,1.0,1.0,1.0,332
36047064400.0,36047064400.0,0.0,0.18126989249152123,0.004111870519599351,0.8194323956054297,181
36047064600.0,36047064600.0,0.0,0.11308543298673929,0.0014216001149369994,0.6685786418951312,97
36047064800.0,36047064800.0,0.0,0.09215869386612233,0.0014403993867039694,0.5425025300219378,74
36047065000.0,36047065000.0,0.004098360655737705,0.39925457039278217,0.017699078909396416,0.9936191102253753,244
36047065200.0,36047065200.0,0.0,0.16563777594712556,0.004394000603101833,0.7560125921169549,224
36047065400.0,36047065400.0,0.0,0.036017038920473705,0.0005387386061326465,0.23064799666208563,74
36047065600.0,36047065600.0,0.0,0.0470885623126201,0.0004935282697659332,0.30664982541546004,57
36047065800.0,36047065800.0,0.0,0.08131766635591378,0.0006398463798373943,0.5403446290471956,60
36047066000.0,36047066000.0,0.0,0.059573973218658594,0.0004285438600974134,0.42865046931500134,35
36047067000.0,36047067000.0,0.006329113924050633,0.11811115615993774,0.001824757991258122,0.6640774193799838,158
36047067200.0,36047067200.0,0.0,0.054376597262413034,0.0009085330955351051,0.3221596060763162,65
36047067400.0,36047067400.0,0.0,0.1224684436100662,0.001645946731075404,0.6727450984692355,122
36047067600.0,36047067600.0,0.0,0.07952828836202114,0.0021289885428430106,0.44364390150313765,146
36047067800.0,36047067800.0,0.0,0.04788307319489975,0.0004368117685329437,0.3173894969285955,42
36047068000.0,36047068000.0,0.0,0.17633806846696193,0.002572306488970591,0.8469830576505757,103
36047068200.0,36047068200.0,0.0,0.14290448744919423,0.002353095866335289,0.7435140910206801,87
36047068600.0,36047068600.0,0.0,0.1131487899699041,0.0012412793863094435,0.6819078078482971,44
36047068800.0,36047068800.0,0.0,0.035351293595593816,0.00027219682541300416,0.25205103069737145,19
36047069000.0,36047069000.0,0.0,0.10405442664543989,0.0018776380264936027,0.5715208111569815,48
36047069200.0,36047069200.0,0.0,0.1553776090583145,0.0033535641902420117,0.772543900642909,60
36047069601.0,36047069601.0,0.009708737864077669,0.8109629858691234,0.09875012875344921,0.9999999755525554,206
36047069800.0,36047069800.0,0.00784313725490196,0.7756436124188975,0.09394350151015805,0.9999997237564259,255
36047070000.0,36047070000.0,0.0,0.029870751980895706,3.360644305671068e-05,0.2637077445117961,18
36047070201.0,36047070201.0,0.0,0.18196482720071927,0.002428273159031424,0.8694107262086974,51
36047070203.0,36047070203.0,,0.0,0.0,0.0,0
36047072000.0,36047072000.0,0.0,0.1291025157664386,0.0038451493353231364,0.6378081807215854,163
36047072200.0,36047072200.0,0.0,0.27719312551134156,0.010866916193581155,0.9213649044848562,163
36047072400.0,36047072400.0,0.0,0.21064169731631613,0.00420288711645207,0.8982593845376342,242
36047072600.0,36047072600.0,0.0,0.30188707279465377,0.015587756079030615,0.9475829233673755,208
36047072800.0,36047072800.0,0.0,0.16187001717847646,0.0035081090372481804,0.7669456465812746,84
36047073000.0,36047073000.0,0.0,0.15771958562482197,0.004722355289875457,0.7174812158463834,172
36047073200.0,36047073200.0,0.0,0.14892660117648515,0.0026786759556421016,0.7796143411748448,197
36047073400.0,36047073400.0,0.0,0.14675518647774577,0.003086807964518143,0.7555550181830785,67
36047073600.0,36047073600.0,0.0,0.4813180665216885,0.04025893597867864,0.9960095794873293,225
36047073800.0,36047073800.0,0.007614213197969543,1.0,1.0,1.0,394
36047074000.0,36047074000.0,0.0,0.3483361623902297,0.015855894221925362,0.9796445775947522,227
36047074200.0,36047074200.0,0.0,0.1790139352349435,0.0043852267904587044,0.8085349984033057,111
36047074400.0,36047074400.0,0.0,0.1296754483826705,0.0022490572220656034,0.6918591762772729,73
36047074600.0,36047074600.0,0.0,0.32721240487670905,0.019981771774308932,0.9529844650276714,289
36047074800.0,36047074800.0,0.0,0.10969150934445131,0.002045712182485579,0.6261471698646779,108
36047075000.0,36047075000.0,0.0,0.24626141990622946,0.00731175299753343,0.9089815397948133,211
36047075200.0,36047075200.0,0.0,0.21669693197687748,0.005647548245848094,0.8854916278195522,187
36047075400.0,36047075400.0,0.0,0.0853224763644918,0.0014792219369593963,0.5089635111684854,85
36047075600.0,36047075600.0,0.00980392156862745,0.3734144837343506,0.010471501169694048,0.9921519323547866,102
36047075800.0,36047075800.0,0.0,0.1930872718454312,0.006264456194710169,0.8275787775614311,184
36047076000.0,36047076000.0,0.0,0.16322064427491348,0.0038387103861398405,0.7737886321652587,156
36047076200.0,36047076200.0,0.0,0.2616934612875659,0.01079210468035735,0.9067349404062265,301
36047076400.0,36047076400.0,0.002551020408163265,0.6737913333995149,0.08408383248285546,0.9999578119682522,392
36047076600.0,36047076600.0,0.047619047619047616,0.6804110127298313,0.015488880162259022,0.999998443758775,42
36047076800.0,36047076800.0,0.00234192037470726,0.4187089430868669,0.020784715270122982,0.9957319268973244,427
36047077000.0,36047077000.0,0.0,0.2538219708374842,0.014677338755452709,0.857807385927038,166
36047077200.0,36047077200.0,0.0029850746268656717,0.617148012248817,0.06426803540043005,0.9998262569040408,335
36047077400.0,36047077400.0,0.0,0.3695076824230786,0.024839495016206244,0.9696228834377818,365
36047077600.0,36047077600.0,0.0,0.16881173623868573,0.008244275266902577,0.7053344917836116,86
36047078000.0,36047078000.0,0.0,0.10352858440319387,0.0010244694034393016,0.6368091076663196,91
36047078200.0,36047078200.0,0.0,0.2597634312824487,0.009587353414611508,0.9125399960285256,172
36047078400.0,36047078400.0,0.0,0.16970682961891195,0.0037805658324663537,0.805216421862022,147
36047078601.0,36047078601.0,0.0,0.097866270656902,0.002424771027137443,0.518908145918176,141
36047078602.0,36047078602.0,0.0,0.1285823680858868,0.0033852810672245492,0.6622760595835526,99
36047078801.0,36047078801.0,0.0,0.33781411435887787,0.020239560076835646,0.9476780438241088,195
36047078802.0,36047078802.0,0.0,0.07778551097320918,0.0013387976444736217,0.47271896872730435,55
36047079001.0,36047079001.0,0.0,0.06393831792591213,0.0013932151305335815,0.37468925237515927,93
36047079002.0,36047079002.0,0.0,0.23580027042839846,0.009759109392843463,0.8606015157816372,192
36047079201.0,36047079201.0,0.0,0.1346120263936724,0.003355123420814954,0.6625483413511805,139
36047079202.0,36047079202.0,0.0,0.14512905476854246,0.0031497690829665305,0.7418685091518283,202
36047079400.0,36047079400.0,0.0,0.18588533224269893,0.00750193177715206,0.7546760301289367,295
36047079601.0,36047079601.0,0.0,0.1522890210330555,0.0031543753300017933,0.761434080148924,139
36047079602.0,36047079602.0,0.0,0.24964904350712222,0.008794815681186502,0.905770708962567,305
36047079801.0,36047079801.0,0.0,0.16068881996200993,0.0019927407867994184,0.8316583820321083,176
36047080000.0,36047080000.0,0.0,0.36480750670003925,0.013857318887533707,0.9868226114382331,344
36047080200.0,36047080200.0,0.0033333333333333335,0.337660751119521,0.009747515828230217,0.988403703849625,300
36047080400.0,36047080400.0,0.0,0.36202240662147395,0.02101993920626607,0.9750894596377302,248
36047080600.0,36047080600.0,0.0,0.29369784599311727,0.0075212334131886105,0.9708591134843457,435
36047080800.0,36047080800.0,0.005277044854881266,0.34337586212050036,0.01802834996213401,0.9748666076785293,379
36047081000.0,36047081000.0,0.0,0.2951264745942917,0.00416699949561383,0.9824940487947139,221
36047081400.0,36047081400.0,0.0,0.207744082441948,0.00262589335118896,0.9283190350477923,393
36047081600.0,36047081600.0,0.0,0.14544830392367103,0.003053955448068069,0.728803913190962,357
36047081800.0,36047081800.0,0.0,0.262291481143884,0.007880136168704316,0.9356921057289979,321
36047082000.0,36047082000.0,0.0,0.2154063671863951,0.004209538538272226,0.8858941144594025,384
36047082200.0,36047082200.0,0.0027624309392265192,0.30967971256629095,0.008901950174242524,0.9751886938826104,362
36047082400.0,36047082400.0,0.0,0.2084981311440296,0.007176504951519655,0.8345109431167412,287
36047082600.0,36047082600.0,0.0,0.1695493705325139,0.005025089558727183,0.7691208991417162,212
36047082800.0,36047082800.0,0.0,0.34647040701500786,0.011278372485356505,0.9809259290393613,234
36047083000.0,36047083000.0,0.0,0.4018124676370765,0.01747479757208445,0.991912237819687,169
36047083200.0,36047083200.0,0.009009009009009009,0.4066956331127519,0.003827066283927158,0.9994133543255467,111
36047083400.0,36047083400.0,0.0,0.10869591473356213,0.0013408699195917612,0.6272934352869188,74
36047083600.0,36047083600.0,0.0,0.2760168505299102,0.009495575789486599,0.9326226712759047,153
36047083800.0,36047083800.0,0.0,0.049884568161917546,0.0006989238135664656,0.31553198652355907,57
36047084000.0,36047084000.0,0.0,0.0999922933387062,0.0014296266035868394,0.5770505127625115,102
36047084600.0,36047084600.0,0.0,0.13121197370222046,0.0018796425398049433,0.7196441682191204,84
36047084800.0,36047084800.0,0.0,0.0803698126500818,0.001085145519440875,0.4835442101533696,74
36047085000.0,36047085000.0,0.0,0.044016228205058475,0.0007488141129080306,0.2673692522966456,86
36047085200.0,36047085200.0,0.012345679012345678,0.291248109358223,0.005457090526192423,0.9751921704332398,81
36047085400.0,36047085400.0,0.0,0.07010050343989957,0.0010933602191081776,0.4405416177859149,162
36047085600.0,36047085600.0,0.0,0.1447523500816554,0.003460682634964282,0.7139939230084827,234
36047085800.0,36047085800.0,0.0,0.3834349876918137,0.0116429055081891,0.9947127941489409,152
36047086000.0,36047086000.0,0.0,0.1855904147310002,0.004384902376207545,0.8266743706044001,123
36047086200.0,36047086200.0,0.0,0.22427753630424113,0.007195387829597602,0.8790544848577921,108
36047086600.0,36047086600.0,0.0,0.10854688483341149,0.002127147814218258,0.5897177476672342,163
36047086800.0,36047086800.0,0.0,0.21970486675093606,0.005541913103693855,0.8949419288837988,259
36047087000.0,36047087000.0,0.0,0.13058744690065624,0.0017086376438640667,0.7158129964547622,111
36047087200.0,36047087200.0,0.0,0.1122511263300144,0.0008541821960734525,0.6960136876110556,147
36047087401.0,36047087401.0,0.0,0.16062020818724637,0.0022474293637219115,0.8197791821207145,163
36047087600.0,36047087600.0,0.0,0.1761757594791674,0.0019985880087150633,0.8731892569574611,176
36047087800.0,36047087800.0,0.0,0.12817310426144077,0.0026404749873250727,0.6674350163046318,160
36047088001.0,36047088001.0,0.0,0.10481469001045435,0.0008791411291805412,0.6643351870140277,166
36047088002.0,36047088002.0,0.0,0.14635428940014863,0.001473419929806022,0.800642186727163,167
36047088200.0,36047088200.0,0.0,0.21140234524358112,0.008357865865100775,0.8184615941641449,165
36047088400.0,36047088400.0,0.005988023952095809,1.0,1.0,1.0,167
36047088800.0,36047088800.0,0.0,0.11652383614177306,0.0022532616818042835,0.6341740342621032,303
36047089000.0,36047089000.0,0.0,0.4966872868437478,0.05023269957164529,0.994752496936005,562
36047089200.0,36047089200.0,0.0018552875695732839,1.0,1.0,1.0,539
36047089400.0,36047089400.0,0.0,0.2122036796976145,0.0046292864540313,0.9011080659481875,119
36047089600.0,36047089600.0,0.0,0.2313213872381558,0.003817661974844025,0.9311682205580445,189
36047089800.0,36047089800.0,0.0,0.06133278385855691,0.0005810428275963342,0.41262073870621535,102
36047090000.0,36047090000.0,0.002257336343115124,0.44305343416161247,0.018707510756578408,0.9986134838530235,443
36047090200.0,36047090200.0,0.0,0.4375131894088161,0.018986295125955607,0.9965794363802324,311
36047090600.0,36047090600.0,0.0,0.04883476444972067,0.0006119995800090289,0.3216657846352706,243
36047091000.0,36047091000.0,0.0,0.18545720118172834,0.005271257036369997,0.8079356911212616,230
36047091200.0,36047091200.0,0.0,0.12629823608008253,0.0016117392890563215,0.7174948650444947,187
36047091600.0,36047091600.0,0.0,0.2202662816115726,0.006831598436836048,0.883848194023667,218
36047091800.0,36047091800.0,0.0,0.06097552401140497,0.0006657794339517742,0.4060595825751163,56
36047092000.0,36047092000.0,0.0,0.14320922986835943,0.0027369062625072714,0.7449348497799099,201
36047092400.0,36047092400.0,0.0,0.11990916606916364,0.003793622467775218,0.6035454166537638,504
36047093000.0,36047093000.0,0.0,0.1614443259054746,0.0029540526417896505,0.799937952230221,93
36047093200.0,36047093200.0,0.0,0.3214270032985301,0.011962159206441609,0.9718969546218313,246
36047093800.0,36047093800.0,0.0,0.17092387585502095,0.00391918732065637,0.7982208725110811,163
36047094401.0,36047094401.0,0.0,0.44463432227611766,0.030672563093268865,0.9920660194668707,315
36047094402.0,36047094402.0,0.0,0.13624296845890685,0.0009631740944158557,0.8044671659460749,37
36047094600.0,36047094600.0,0.0,0.3678916141387753,0.023108973286493494,0.9742946313175243,321
36047095000.0,36047095000.0,0.0,0.15840122335631499,0.006079241803630756,0.7005838930308049,140
36047095600.0,36047095600.0,0.005076142131979695,0.15963061648312313,0.003926965709115682,0.7718709626951176,197
36047095800.0,36047095800.0,0.0,0.13247586660870678,0.0019565553424265,0.7141769932847518,94
36047096200.0,36047096200.0,0.0,0.1816850972260114,0.0023230814984273765,0.876211942409617,110
36047096400.0,36047096400.0,0.0,0.11624525394906397,0.001478256464751157,0.6806636310793196,170
36047096600.0,36047096600.0,0.0,0.3254612784848,0.0124660522858703,0.9644645679427444,248
36047096800.0,36047096800.0,0.0,0.06786764464854911,0.001010262393407621,0.4243979496609902,149
36047097000.0,36047097000.0,0.0,0.27395586190606774,0.007611501103634172,0.9525905647371491,121
36047097400.0,36047097400.0,0.0,0.07704567121137611,0.001230627892569375,0.4498722282185124,78
36047098200.0,36047098200.0,0.0,0.192233171166436,0.004959051589759905,0.8306532557166972,184
36047098400.0,36047098400.0,0.0,0.04387515895016637,0.0002977116424121962,0.32079081383466945,65
36047098600.0,36047098600.0,0.0,0.10248364451398649,0.001254247054884472,0.596347731929831,116
36047098800.0,36047098800.0,0.0,0.11902568448205667,0.0017202879286242257,0.6609847112301906,118
36047099000.0,36047099000.0,0.0,0.07016298378390072,0.0005220802267162484,0.4701486679639473,80
36047099200.0,36047099200.0,0.0,0.06548817146663508,0.00042495967654134214,0.45441013352928017,59
36047099400.0,36047099400.0,0.0,0.08165158980810056,0.0007622503071148424,0.5247875212654615,50
36047100400.0,36047100400.0,0.0,0.05004242928649123,0.00021320206576563863,0.3699765710444999,26
36047100600.0,36047100600.0,0.0,0.04805456471519946,0.0003470388659838203,0.33367961361083903,23
36047100800.0,36047100800.0,0.0,0.07632784989259594,0.0006650845633241698,0.503937534050779,63
36047101000.0,36047101000.0,0.0,0.06909302749164153,0.0005030699078329703,0.47316199804237774,86
36047101200.0,36047101200.0,0.0,0.0415973465207995,0.00039494450786991544,0.2789972423628492,54
36047101400.0,36047101400.0,0.0,0.04824927408899979,0.0005273848148605237,0.32013264456250445,73
36047101600.0,36047101600.0,0.0,0.02044951719182268,0.00011868641159827053,0.15276124042600545,19
36047101800.0,36047101800.0,0.0,0.04373646861814304,0.0004506226819397719,0.2978109693631678,14
36047102000.0,36047102000.0,0.0,0.025690023885306452,0.00021788110272056018,0.17813381752885135,24
36047102200.0,36047102200.0,0.0,0.04144457672957015,0.0004898470798823162,0.26501193164288644,29
36047102400.0,36047102400.0,0.0,0.0904577142650307,0.0013243460894714842,0.537451726927471,86
36047102600.0,36047102600.0,0.0,0.07533645883115318,0.0006529028553855315,0.4930004773332253,48
36047102801.0,36047102801.0,0.0,0.0686017070995243,0.0003908453716329391,0.49590723747395604,110
36047102802.0,36047102802.0,0.0018214936247723133,0.6877492760132218,0.07411139749560941,0.9999942467456713,549
36047103401.0,36047103401.0,0.0,0.09147306556320009,0.0008858913698093885,0.5628668557994857,64
36047103402.0,36047103402.0,0.0,0.530283494660289,0.04030292113969055,0.9984221169131812,482
36047105801.0,36047105801.0,0.0,0.17564719703873005,0.002186280313709335,0.8639823195430322,429
36047107001.0,36047107001.0,0.0025,0.7042568300776691,0.0489436946320565,0.9999998536043104,800
36047107003.0,36047107003.0,0.0,0.1748156321087316,0.0013988549733501526,0.892125228446147,57
36047107800.0,36047107800.0,0.0,0.11037867657340548,0.002379451483914413,0.6065279162907594,207
36047109800.0,36047109800.0,0.01278409090909091,1.0,1.0,1.0,704
36047110400.0,36047110400.0,0.0,0.3719421990571589,0.028072492748047347,0.9585027989309906,1306
36047110600.0,36047110600.0,0.0,0.11852609865585502,0.00022949942948182478,0.8092569908396842,104
36047111000.0,36047111000.0,0.0,0.13952841271083144,0.0007505748994571099,0.824548015634085,194
36047111600.0,36047111600.0,0.0014641288433382138,0.14970637224014818,0.003424294454044374,0.7394049272309782,683
36047112200.0,36047112200.0,0.0,0.032321621458571474,0.00024116090232866318,0.22732566024265943,71
36047112400.0,36047112400.0,0.0,0.042644371972425765,0.0005192846064018625,0.27704461918154744,97
36047112600.0,36047112600.0,0.0,0.15108307683163608,0.00329011895560902,0.7545425993973487,165
36047112800.0,36047112800.0,0.0,0.15661300074517634,0.0016069524103790173,0.8264717593758156,214
36047113000.0,36047113000.0,0.0,0.12776513417650484,0.003953601801487588,0.6184569905328305,135
36047113200.0,36047113200.0,0.0,0.2989132994875278,0.013384866943836426,0.9463943789197086,210
36047113400.0,36047113400.0,0.0,0.09413310491842308,0.001503787824450248,0.5601740492885385,219
36047114202.0,36047114202.0,0.0,0.015295266312500718,8.465524105964739e-05,0.11185056968328386,24
36047115000.0,36047115000.0,0.0,0.04034728006367886,0.0004946628267097908,0.26110241245426524,267
36047115200.0,36047115200.0,0.0,0.08159565217324548,0.001016346366343854,0.518163985239172,367
36047115600.0,36047115600.0,0.0,0.07516370092742443,0.0005264982436585186,0.5149597378244534,213
36047115800.0,36047115800.0,0.0,0.12674026837096436,0.0013850166815184807,0.7340641019813802,156
36047116000.0,36047116000.0,0.0,0.2730933201093173,0.004920011588177844,0.9670010261941796,121
36047116200.0,36047116200.0,0.0,0.02036440731518059,0.0001710276336265859,0.142026862521078,101
36047116400.0,36047116400.0,0.0,0.024299103617454673,0.00026920095759890293,0.15960574065570007,195
36047116600.0,36047116600.0,0.0,0.08434464087259584,0.0009638324415617294,0.538420682303153,306
36047116800.0,36047116800.0,0.0,0.09783418799230154,0.001291397908890754,0.58949216304132,372
36047117000.0,36047117000.0,0.0,0.08526346560004235,0.001208753694394174,0.524363722940872,419
36047117201.0,36047117201.0,0.0,0.011417300382885076,8.80241822060035e-05,0.07885901484712982,42
36047117202.0,36047117202.0,0.0,0.022954975163220592,0.00011633813948998817,0.17272389042219954,88
36047117400.0,36047117400.0,0.0,0.05830806708048772,0.0009668552945951619,0.3666129967091721,414
36047117601.0,36047117601.0,0.0,0.08466991745483933,0.0003313332091252175,0.6289702483409382,94
36047117602.0,36047117602.0,0.0,0.15559678087024484,0.0012677657383712766,0.8381228689286538,183
36047117800.0,36047117800.0,0.0,0.21570214929686812,0.005348557112888605,0.8808884378321818,286
36047118000.0,36047118000.0,0.0,0.1300154667675409,0.005093310861908076,0.6033181932103359,128
36047118201.0,36047118201.0,0.0,0.118515226694705,0.0005242022968716481,0.7741296062584597,52
36047118202.0,36047118202.0,0.0,0.07630597620947664,0.0007327808372996014,0.5041200026939656,83
36047118400.0,36047118400.0,0.0,0.3178301175008739,0.011735253086423128,0.9705468715005584,356
36047118800.0,36047118800.0,0.0,0.057468645343481964,0.0009060882195893877,0.3561567790671863,218
36047119000.0,36047119000.0,0.0015772870662460567,0.0815158889843693,0.001304279984428869,0.5118271191051242,634
36047119200.0,36047119200.0,0.0,0.2148383552488045,0.00547727787334581,0.8820870752083272,555
36047119400.0,36047119400.0,0.0,0.07632549834790228,0.0006688201552533691,0.5009413548858301,342
36047119600.0,36047119600.0,0.0,0.17092848573304087,0.004742719433736456,0.7602670123778045,693
36047119800.0,36047119800.0,0.0,0.12438348802002938,0.002337416051593294,0.6545201686003534,1479
36047120000.0,36047120000.0,0.0,0.08260764480347554,0.0018195919018630102,0.4568264833328017,438
36047120200.0,36047120200.0,0.0,0.06862959541056421,0.0012840626115759868,0.4070644840310155,570
36047120801.0,36047120801.0,0.0,0.06397923275464408,0.0006558679665102041,0.4231897570536494,250
36047120802.0,36047120802.0,0.0,0.13212016770450782,0.0016380625047379444,0.745996639670363,95
36047120803.0,36047120803.0,0.0,0.17717455766497692,0.004310690298665748,0.8306126708949113,183
36047121000.0,36047121000.0,0.0,0.18816719352897648,0.0032193320504830063,0.8679394266224859,225
36047121400.0,36047121400.0,0.0,0.12052744358849304,0.000697056927630757,0.7581252695531058,187
36047122000.0,36047122000.0,0.0,0.6479501860706512,0.10353470230906392,0.9996299067017694,496
36047123700.0,36047123700.0,0.004702194357366771,0.8502214897052023,0.16939959704588178,0.9999999990641827,638
36061014300.0,36061014300.0,0.004297114794352364,1.0,1.0,1.0,1629
36081032000.0,36081032000.0,0.0,0.5237614611076364,0.048083411713840535,0.9982291079834642,898
36081068000.0,36081068000.0,0.0009174311926605505,0.7720681299602696,0.1640204712267583,0.9999969881874763,1090
36081048302.0,36081048302.0,0.0,0.32950662964666394,0.018861135668527963,0.9530252483683068,565
36005007100.0,36005007100.0,0.0,0.29222075152842314,0.013809969646198591,0.9269052197062024,452
36005007500.0,36005007500.0,0.0,0.28631578300139193,0.009337303453982999,0.9535656457196221,211
36005014100.0,36005014100.0,0.0030120481927710845,1.0,1.0,1.0,332
36081024500.0,36081024500.0,0.0,0.3319641999697541,0.013088110764642958,0.9757035210605848,876
36081024700.0,36081024700.0,0.0017667844522968198,0.4950024634975738,0.023641685468313335,0.9996641087562301,566
36085014606.0,36085014606.0,0.0,0.08881562997034685,0.0004319713693193533,0.6070400328053741,94
36047007500.0,36047007500.0,0.0,0.3263041459752921,0.01822168113114211,0.9560207715499743,474
36047007700.0,36047007700.0,0.0010298661174047373,1.0,1.0,1.0,971
36081056800.0,36081056800.0,0.0,0.37163849351971234,0.0149331627273832,0.9873891925061438,715
36081058000.0,36081058000.0,0.004934210526315789,0.3465482905605214,0.004804741159809645,0.9980074394099796,608
36081013700.0,36081013700.0,0.0,0.34968733748706005,0.019175755649614996,0.9685080535681996,1449
36081014100.0,36081014100.0,0.0,0.1519667025597022,0.005525386830169501,0.6835805233633023,328
36047105804.0,36047105804.0,0.0,0.3837843925487243,0.020860875179542535,0.98347671016636,480
36047107002.0,36047107002.0,0.0,0.5873423128169657,0.06621034044777964,0.9994177301353715,566
36005037600.0,36005037600.0,0.0,0.2421541787465655,0.010398202942855397,0.8931584848776883,67
36005017300.0,36005017300.0,0.0,0.3342736989510981,0.01931966529558236,0.9568511662320129,229
36005034500.0,36005034500.0,0.0,0.23618221823478835,0.004173651478433635,0.9360509889869876,163
36081051100.0,36081051100.0,0.0,0.32704028771573074,0.017715657572794672,0.9512117206989839,424
36081060701.0,36081060701.0,0.0,0.21408444818176992,0.013176883846519442,0.7780732910265322,137
36005003700.0,36005003700.0,0.0,0.23862290376034154,0.004837851269741095,0.9229528074792936,70
36061014700.0,36061014700.0,0.0,0.13495518784719712,0.0016234905618378232,0.7428447254268387,216
36061015102.0,36061015102.0,0.0,0.4353658869965122,0.012801266001881991,0.9972359785081105,828
36061008601.0,36061008601.0,0.0006285355122564425,1.0,1.0,1.0,1591
36061008800.0,36061008800.0,0.0,0.1818267379139461,0.003089802479555681,0.8500375775563812,1184
36005022000.0,36005022000.0,0.004310344827586207,0.646568225782641,0.09603790345813236,0.9998118713326648,232
36061008602.0,36061008602.0,0.0028368794326241137,0.6039623226969729,0.026957312273029947,0.9999917516280447,705
36047050803.0,36047050803.0,0.0,0.3464283856987856,0.013256480265874357,0.9818382059357291,178
36047079802.0,36047079802.0,0.0,0.4396163034011446,0.026547274016900713,0.9938304802046549,260
36005006100.0,36005006100.0,0.004424778761061947,0.321404270361004,0.019672257441509727,0.9461591078745807,226
36061029900.0,36061029900.0,0.0,0.606379141890845,0.09793118343571355,0.9989325807265413,637
36047152200.0,36047152200.0,0.006144393241167435,0.9957821074260254,0.9624061172300413,1.0,651
36005005300.0,36005005300.0,0.0,0.6215126190225104,0.051262981527049285,0.999943548493442,212
36081060300.0,36081060300.0,0.0,0.15948260154979108,0.0033661378986586223,0.7814218670065329,429
36081061301.0,36081061301.0,0.0,0.1891857391333735,0.009761324424641055,0.7413014192488186,252
36081089201.0,36081089201.0,0.0,0.2511778077378989,0.004101049285598296,0.956831394162031,412
36081006201.0,36081006201.0,0.0014124293785310734,0.5042844734476768,0.030724186434940345,0.9988582412204887,708
36081088400.0,36081088400.0,0.0034752389226759338,1.0,1.0,1.0,1151
36005018301.0,36005018301.0,0.0,0.03960761731568312,0.0005036471633549228,0.26249400545928875,94
36005019500.0,36005019500.0,0.0,0.15915047411314653,0.004459187250780872,0.744429992335084,268
36005005902.0,36005005902.0,0.0,0.1300732044592573,0.0013443833267916538,0.7331282888531292,107
36085014604.0,36085014604.0,0.0,0.09798968077512087,0.0009195677176116246,0.6007975116039217,124
36085014605.0,36085014605.0,0.0,0.017907324455149455,6.46391933667667e-05,0.12735838538515754,82
36085005901.0,36085005901.0,0.0,0.010449145131847524,5.0379520978061086e-05,0.07458580840881875,36
36047051200.0,36047051200.0,0.0,0.551492628446675,0.045341259857683794,0.9994416461714054,155
36081032900.0,36081032900.0,0.00228310502283105,0.9408674626875152,0.5003751870308936,0.9999999999846879,876
36005016600.0,36005016600.0,0.0,0.060624255557545095,0.0010359786634333236,0.37738885153608887,183
36047050600.0,36047050600.0,0.031914893617021274,1.0,1.0,1.0,188
36081049900.0,36081049900.0,0.0,0.3120880216891525,0.01663683285997111,0.9476195382212597,741
36081050700.0,36081050700.0,0.0006127450980392157,0.24775291763181373,0.005637422172676062,0.9501425239890807,1632
36005001902.0,36005001902.0,0.0025426807119505995,1.0,1.0,1.0,2753
36047006300.0,36047006300.0,0.02023121387283237,1.0,1.0,1.0,346
36047005100.0,36047005100.0,0.0,0.3854467915037536,0.02762872619725687,0.9792877580696333,1041
36047005900.0,36047005900.0,0.0021380574221136223,1.0,1.0,1.0,3274
36085021300.0,36085021300.0,0.0,0.03007770884667075,0.0001898529645410707,0.21195641362812645,125
36085024700.0,36085024700.0,0.0,0.019323306717084363,4.872593783346591e-05,0.15300154700775906,134
36005005100.0,36005005100.0,0.007072135785007072,1.0,1.0,1.0,1414
36047035400.0,36047035400.0,0.0056657223796034,1.0,1.0,1.0,706
36047036600.0,36047036600.0,0.0012690355329949238,0.7105407037478628,0.11555104965696184,0.9999832442899782,788
36081003900.0,36081003900.0,0.002881844380403458,0.18316791786560016,0.0013652372120093264,0.9078313986128026,347
36081034700.0,36081034700.0,0.002373685995252628,1.0,1.0,1.0,2949
36005015700.0,36005015700.0,0.0,0.5726655793615613,0.061595229674058546,0.9991841937167557,448
36061031703.0,36061031703.0,0.0,0.5778642127512996,0.028082545157657398,0.9999167215428023,1761
36085029106.0,36085029106.0,0.010526315789473684,1.0,1.0,1.0,95
36047001300.0,36047001300.0,0.00047961630695443646,0.5960145944219758,0.06742610485108591,0.9996180174752471,2085
36085013203.0,36085013203.0,0.0,0.06027277558201517,0.00035671530660562334,0.4107665507484323,115
36085013204.0,36085013204.0,0.0,0.11814428677518299,0.0006773571814807728,0.7094019283723665,60
36085013201.0,36085013201.0,0.0,0.10389039653468463,0.0002724785159410853,0.7010381465439,48
36085013800.0,36085013800.0,0.0,0.0813174078588437,0.0005863357149065247,0.5524741902493223,108
36061011700.0,36061011700.0,0.0007968127490039841,1.0,1.0,1.0,1255
36061012901.0,36061012901.0,0.0,0.5617973397686304,0.03446310135671898,0.999773455887041,1203
36047017100.0,36047017100.0,0.0,0.5105258499183496,0.02510998039718298,0.9996193712392395,147
36047050202.0,36047050202.0,0.0041841004184100415,0.8055757417064264,0.14479247117946148,0.9999999276825999,239
36047050001.0,36047050001.0,0.002178649237472767,0.5992529171333617,0.06842235348560255,0.9995942381534294,459
36047150200.0,36047150200.0,0.0006222775357809583,0.7891780541993608,0.17984932238685386,0.9999994026441082,1607
36081056400.0,36081056400.0,0.0,0.07406539754079287,0.00047176536725153373,0.4933890927090222,110
36061023900.0,36061023900.0,0.0,0.06129045754878548,0.0010390135762270102,0.3786569580614155,87
36047054300.0,36047054300.0,0.0038095238095238095,0.9623823359478793,0.6377029218244603,0.9999999999978033,525
36047054500.0,36047054500.0,0.0,0.19479891612101008,0.0030014400971537904,0.8758956942116756,314
36081030904.0,36081030904.0,0.0022234574763757642,1.0,1.0,1.0,1799
36081030905.0,36081030905.0,0.0,0.3844267810823061,0.014192785233247523,0.9914156235484705,335
36047069602.0,36047069602.0,0.0,0.3827554513966627,0.02679184133646289,0.9727498089558638,143
36047070601.0,36047070601.0,0.0,0.031239270093709446,0.00015789976493310874,0.23269994923361592,6
36085017016.0,36085017016.0,0.0,0.11291457565466999,0.0007694694881563268,0.7094838292757664,70
36005005600.0,36005005600.0,0.0,0.05741986067514521,0.00031511408258180497,0.4266039649577406,79
36005006200.0,36005006200.0,0.0,0.3889808968195106,0.028399748549335545,0.9721359699028387,329
36081127700.0,36081127700.0,0.0,0.8418444082723976,0.29126336336658365,0.9999992214432589,452
36005021601.0,36005021601.0,0.0,0.5091024494793585,0.04549018098117643,0.9973662610590112,420
36005021602.0,36005021602.0,0.0,0.3535811240903815,0.025333611580239727,0.9550075799278196,380
36081138502.0,36081138502.0,0.004088307440719542,1.0,1.0,1.0,1223
36081152901.0,36081152901.0,0.0037313432835820895,0.6619615959724069,0.048151690862298945,0.9999929621688591,536
36047010100.0,36047010100.0,0.001310615989515072,0.7753169449205749,0.12566311291132448,0.9999998051244673,763
36081048900.0,36081048900.0,0.0014936519790888724,0.8756521946598674,0.25778521194638643,0.9999999984813838,1339
36047014500.0,36047014500.0,0.0022271714922048997,0.5688678424898835,0.026454714667967644,0.9999599333001299,449
36047011700.0,36047011700.0,0.0013280212483399733,0.6445789894197528,0.06083973260524689,0.9999805670398927,753
36047014300.0,36047014300.0,0.0,0.6293587564939372,0.06198074586545152,0.9998667653566838,1426
36005021001.0,36005021001.0,0.0,0.40288240524509783,0.0349250738075974,0.9756141350267536,349
36081021900.0,36081021900.0,0.0021691973969631237,1.0,1.0,1.0,1383
36081053502.0,36081053502.0,0.016666666666666666,1.0,1.0,1.0,240
36061000202.0,36061000202.0,0.0,0.5865223775997923,0.047609597934060895,0.9997599860050906,1384
36047002100.0,36047002100.0,0.002386634844868735,1.0,1.0,1.0,2095
36047038700.0,36047038700.0,0.0,0.0423441270721764,0.0006585083754431315,0.27088533011314925,235
36047039500.0,36047039500.0,0.0,0.08184166896854114,0.00282314942854065,0.4115505815768621,368
36047028900.0,36047028900.0,0.0,0.07831509154007535,0.001368385982203188,0.4635065419538719,248
36047039300.0,36047039300.0,0.0,0.11899525234556059,0.0034629708498645803,0.6032019287052967,450
36081003600.0,36081003600.0,0.0,0.04667049140615568,0.0008163556175936004,0.2834593609258321,261
36047032700.0,36047032700.0,0.0,0.3507687366397532,0.021153599309646356,0.9673424443037041,549
36005003500.0,36005003500.0,0.0,0.17839190660756013,0.003776078885041495,0.8090624961206722,162
36005007300.0,36005007300.0,0.0,0.08228717138550366,0.001403874208848982,0.4785829347958501,131
36085007500.0,36085007500.0,0.0,0.1152308863065914,0.0005179014595235593,0.7336946730731796,59
36085007700.0,36085007700.0,0.0,0.0022405249480455997,2.439125686876098e-06,0.016722289677219004,3
36081001902.0,36081001902.0,0.0008680555555555555,0.5023667243830316,0.03311971485034541,0.9991321394387551,1152
36081047500.0,36081047500.0,0.0,0.1582090920781673,0.004795876816211011,0.7351480570432148,539
36085014100.0,36085014100.0,0.0,0.0281864865470636,0.00014859188594618377,0.2029321645130174,97
36085012500.0,36085012500.0,0.0,0.03269181038118571,8.615489397873489e-05,0.2693739608147952,89
36085014700.0,36085014700.0,0.0,0.06717868314435545,0.0006233365218706683,0.45064519370893374,243
36061000800.0,36061000800.0,0.008610086100861008,1.0,1.0,1.0,1626
36047036502.0,36047036502.0,0.0,0.17452846594317303,0.0046095951584151085,0.7896902612184297,824
36061006200.0,36061006200.0,0.002180232558139535,1.0,1.0,1.0,2752
36047056302.0,36047056302.0,0.0,0.2830789069824261,0.01214360862499436,0.9315545915026298,107
36081103201.0,36081103201.0,0.033707865168539325,1.0,1.0,1.0,89
36081103202.0,36081103202.0,0.0,0.3105239552732499,0.004505903565155256,0.9878127344138388,179
36005004100.0,36005004100.0,0.0,0.25618698217366637,0.008905188236223627,0.9100790232707384,152
36005004300.0,36005004300.0,0.0,0.22710524005799765,0.0070850796914959545,0.89360174228281,292
36047095400.0,36047095400.0,0.0,0.09139182569231694,0.0008926395635643292,0.5931200809638877,78
36047096000.0,36047096000.0,0.011527377521613832,1.0,1.0,1.0,347
36047057901.0,36047057901.0,0.0034602076124567475,0.9780867217705563,0.7366115669211262,1.0,1156
36047057902.0,36047057902.0,0.00644122383252818,1.0,1.0,1.0,621
36047099600.0,36047099600.0,0.0,0.12544624719129052,0.0008786894497591652,0.7498559663213924,51
36047099800.0,36047099800.0,0.00558659217877095,0.46552666448031343,0.023945272599620298,0.9974903041041165,179
36081017101.0,36081017101.0,0.0,0.8373808529848953,0.32792908624230616,0.9999873531582034,844
36081017102.0,36081017102.0,0.0045992115637319315,1.0,1.0,1.0,1522
36061010602.0,36061010602.0,0.0005042864346949068,0.5791626553431645,0.029677955596585318,0.9999625431148155,1983
36061011600.0,36061011600.0,0.003416856492027335,0.952591804648161,0.4640237821289806,0.9999999999999762,878
36061011401.0,36061011401.0,0.0,0.16689464141611862,0.0035601659471475367,0.7948609781573065,658
36005023800.0,36005023800.0,0.0016891891891891893,0.3729380954777464,0.026945972463154545,0.9710280125968789,592
36005024000.0,36005024000.0,0.0058309037900874635,1.0,1.0,1.0,343
36061029100.0,36061029100.0,0.0,0.35788449711047005,0.014064380039901408,0.9831117330268748,232
36081099100.0,36081099100.0,0.00411522633744856,0.3763705786763918,0.011340753700262421,0.9925356325228396,243
36081099705.0,36081099705.0,0.02572347266881029,1.0,1.0,1.0,311
36005033500.0,36005033500.0,0.0,0.4769624746413924,0.03130100501038238,0.9971706435555151,864
36005035100.0,36005035100.0,0.0035587188612099642,0.37507843179122186,0.013365491956049575,0.990629455176335,281
36061023802.0,36061023802.0,0.0,0.2783688045440753,0.0033406323726208943,0.9742342177374084,134
36061023803.0,36061023803.0,0.0,0.31961221961943986,0.0015664369897369745,0.9967087726964009,146
36085001800.0,36085001800.0,0.0015015015015015015,0.5230575140316512,0.009457701770474582,0.9999752605236599,666
36005011800.0,36005011800.0,0.0,0.2850504597998769,0.0014527461428199774,0.9885638417808441,181
36005013800.0,36005013800.0,0.0,0.37636133053095955,0.011405700825356416,0.9900756545153111,367
36085002002.0,36085002002.0,0.0,0.20109505710340259,0.002842884555929598,0.8764219307330783,595
36061001501.0,36061001501.0,0.004322766570605188,1.0,1.0,1.0,1388
36061002901.0,36061002901.0,0.0,0.5015367211829905,0.04001111224427538,0.9974106760082949,677
36061002700.0,36061002700.0,0.0,0.07586358709584784,0.00129835027913979,0.4684807356267248,154
36061002902.0,36061002902.0,0.0,0.11977778960333758,0.002669343477285993,0.62872962453178,406
36047062600.0,36047062600.0,0.009523809523809525,0.40911908120343915,0.007737499573858164,0.997811260464247,105
36047062800.0,36047062800.0,0.0,0.0930154042880751,0.0009558414439544195,0.5740247790802951,156
36085011204.0,36085011204.0,0.0,0.027988600133071032,8.368129418655779e-05,0.22620699737270483,13
36085012804.0,36085012804.0,0.0,0.23354513437989158,0.0019786972303344834,0.9481105647038947,118
36047066200.0,36047066200.0,0.0,0.1708942223816498,0.0036044012088498555,0.7867727626330147,231
36047017700.0,36047017700.0,0.021018593371059015,1.0,1.0,1.0,1237
36047050401.0,36047050401.0,0.041666666666666664,1.0,1.0,1.0,432
36005032300.0,36005032300.0,0.0,0.15304122733919104,0.0014262777702093695,0.8286006351195045,45
36005033700.0,36005033700.0,0.0,0.17761167813707326,0.005144333788761688,0.788754666441505,231
36061002400.0,36061002400.0,0.0,0.3647492039585227,0.01662439207774481,0.9823843942456096,744
36081001400.0,36081001400.0,0.0,0.13791033247013432,0.0030595533839945176,0.7040750623168343,378
36081002200.0,36081002200.0,0.0,0.03823091129887915,0.0004573666315277003,0.2424534252373769,237
36081001800.0,36081001800.0,0.0,0.06024116073456962,0.0006402123747456967,0.3949020309842259,329
36081002000.0,36081002000.0,0.0,0.13281046419665077,0.0013660328183153574,0.7397805440574474,283
36061031900.0,36061031900.0,0.0,0.3536842535289089,0.004157705442895679,0.9958827504153626,184
36061021100.0,36061021100.0,0.001430615164520744,0.5669253644294175,0.031868399951018804,0.9999225820447287,699
36061021900.0,36061021900.0,0.0,0.3372845965472289,0.006819976255965543,0.9870008432002411,618
36081066404.0,36081066404.0,0.0,0.6906683348829119,0.0898724610523893,0.9999911927492345,115
36047001801.0,36047001801.0,0.00854335753951303,1.0,1.0,1.0,2341
36047005302.0,36047005302.0,0.0,0.7388753378536903,0.1536978225952424,0.9999821064657277,610
36005051601.0,36005051601.0,0.0,0.2730621581687259,0.00021837638994955946,0.9992689487529606,22
36005051602.0,36005051602.0,,0.0,0.0,0.0,0
36047036700.0,36047036700.0,0.0038314176245210726,0.0541598825952595,0.0007597628345042739,0.3692054189584864,261
36081021601.0,36081021601.0,0.0,0.6239914634934669,0.09400639658597562,0.9994318390895159,1586
36061009903.0,36061009903.0,0.0,0.5617374864810839,0.042577489661936294,0.9995482124729193,2376
36061010300.0,36061010300.0,0.0,0.389316489156706,0.01724780149834991,0.9901497186296708,1096
36061011100.0,36061011100.0,0.0011883541295306002,0.20609901090466912,0.003940029161108141,0.9462431435960968,1683
36081003700.0,36081003700.0,0.005928853754940711,1.0,1.0,1.0,506
36061023804.0,36061023804.0,0.0040595399188092015,0.9130373584911202,0.11886943100074816,0.9999999999999796,739
36061019200.0,36061019200.0,0.011235955056179775,1.0,1.0,1.0,1602
36061024500.0,36061024500.0,0.0,0.23618664385445254,0.009066483727636793,0.8995355337703832,249
36061025100.0,36061025100.0,0.0,0.15899315847728607,0.0037181859295043087,0.7565950748390449,219
36081029100.0,36081029100.0,0.0025575447570332483,0.5481986596285217,0.04577482017464873,0.9994765607509769,1173
36081029300.0,36081029300.0,0.0,0.12272280725062729,0.0030863517240120987,0.6269404451813895,483
36047049900.0,36047049900.0,0.0,0.26442696496061524,0.012309156869807472,0.9164869825415188,525
36047050100.0,36047050100.0,0.000646830530401035,0.27826540177094383,0.011025015851906758,0.9551706360510226,1546
36047051500.0,36047051500.0,0.002079002079002079,1.0,1.0,1.0,481
36005040900.0,36005040900.0,0.003913894324853229,0.599988187235901,0.08293703481534491,0.9990022421767248,511
36005042100.0,36005042100.0,0.0,0.3788489676201659,0.0289570771298867,0.9703243541345129,512
36085015603.0,36085015603.0,0.0,0.2514664959553285,0.001968209534766077,0.9738827997411438,74
36081047200.0,36081047200.0,0.009900990099009901,1.0,1.0,1.0,606
36081047600.0,36081047600.0,0.0,0.6257928434665037,0.06316634461813345,0.9999069780769605,739
36005011502.0,36005011502.0,0.0,0.6209073580559812,0.08665326976769369,0.9994664696883709,1241
36081077905.0,36081077905.0,0.0,0.48343404787030503,0.04809326767151388,0.9928645123532255,767
36081118900.0,36081118900.0,0.0,0.058969358729597215,0.0007675968719048521,0.39867211084820003,57
36047093400.0,36047093400.0,0.0,0.19251606429055665,0.0039039572428095554,0.8546916556641728,148
36047093600.0,36047093600.0,0.0,0.2554590148373917,0.008392158362762433,0.9242717002295382,145
36047092200.0,36047092200.0,0.0,0.42715695219565597,0.029660602722540376,0.9918950950753689,325
36047092800.0,36047092800.0,0.0,0.2406588066244063,0.007038523041999301,0.9076032260320372,168
36081121100.0,36081121100.0,0.02962962962962963,1.0,1.0,1.0,135
36081141700.0,36081141700.0,0.0,0.467640016701513,0.04764165662852775,0.989314129797026,608
36005023100.0,36005023100.0,0.0,0.11636981013474355,0.0014161030324945979,0.66604296330181,276
36005037900.0,36005037900.0,0.0,0.2048666410895177,0.005366228032044987,0.8523807003105806,324
36005038100.0,36005038100.0,0.0,0.0876700371493864,0.001818899383678646,0.4867739188459138,160
36081050500.0,36081050500.0,0.0,0.14254382228304552,0.0023102801255079964,0.7537556963423679,416
36081068700.0,36081068700.0,0.0,0.3305961881006215,0.017366139308737084,0.9607539190004103,1420
36047066600.0,36047066600.0,0.0015906680805938495,0.9537649964337319,0.5837447042084666,0.999999999990019,1886
36005008300.0,36005008300.0,0.0,0.23246000567375577,0.004869916561725618,0.9276906650307841,282
36061016002.0,36061016002.0,0.0,0.13765457767209888,0.0023303882545294584,0.7222548272247974,220
36061016800.0,36061016800.0,0.0032520325203252032,1.0,1.0,1.0,615
36061007900.0,36061007900.0,0.0037328909166321027,1.0,1.0,1.0,2411
36061006900.0,36061006900.0,0.0014936519790888724,0.7280606738875456,0.039634534619944914,0.9999999953110313,1339
36061007500.0,36061007500.0,0.0,0.5423985601510749,0.03108002736247913,0.9995634120784292,1201
36047014101.0,36047014101.0,0.0,0.19635589289814073,0.003981728587618499,0.8574759018450596,193
36047014102.0,36047014102.0,0.0,0.15531522761299793,0.002457003641140376,0.7714943032636662,225
36081064102.0,36081064102.0,0.003532008830022075,1.0,1.0,1.0,2265
36081077300.0,36081077300.0,0.0,0.37633223541465866,0.033018172003738834,0.963644137283224,816
36005015100.0,36005015100.0,0.0,0.10727816346798866,0.0017196592375443521,0.6080638843774383,273
36061009800.0,36061009800.0,0.0,0.24122630674089907,0.0050519858802799385,0.9278596924530031,937
36061008603.0,36061008603.0,0.0,0.4048304682215663,0.010926264726238168,0.9960401753307203,1149
36061009000.0,36061009000.0,0.002157497303128371,0.40330812555920886,0.006061867252824271,0.9998463226257056,927
36085031901.0,36085031901.0,0.00847457627118644,0.08096526697695311,8.620394756130857e-05,0.7687297884931432,118
36081086100.0,36081086100.0,0.0,0.06833771456842466,0.0011924880920912457,0.4212994658035968,48
36081120100.0,36081120100.0,0.0,0.11572818018762669,0.0013549162500893607,0.6824481671263852,87
36081081400.0,36081081400.0,0.0,0.30045352187190166,0.012002131962375614,0.945793143868202,712
36005023703.0,36005023703.0,0.0,0.02490814078569865,0.0004001365531606238,0.15656776877037334,108
36081055200.0,36081055200.0,0.0015360983102918587,0.12766992667599392,0.002364789639814105,0.7235102789061426,651
36081130100.0,36081130100.0,0.0047169811320754715,0.48896078053320435,0.026449694408469275,0.9989298328525619,424
36005023501.0,36005023501.0,0.0,0.03718641331577943,0.0003195315750253447,0.2528630604172955,214
36005023502.0,36005023502.0,0.0,0.04448720446504175,0.0006319447169767012,0.2720127218816803,251
36047111800.0,36047111800.0,0.0,0.04266534149853669,0.00020152819533629797,0.3229915308638356,139
36047112000.0,36047112000.0,0.0,0.026438618264784185,0.0002463688592090313,0.186788763209785,134
36081059600.0,36081059600.0,0.0,0.057160515129802636,0.00032079335593687973,0.4056218426208332,29
36081070900.0,36081070900.0,0.0,0.05950996307535238,0.00036808747643714,0.4331578540152287,144
36081071100.0,36081071100.0,0.0,0.18686084348708706,0.006946083760571703,0.7847259620896165,381
36081060000.0,36081060000.0,0.0,0.037327034827681814,0.00012642725173062918,0.2887393674275558,33
36081062200.0,36081062200.0,0.0,0.29748473487096755,0.005883707185995438,0.9744259084253303,578
36081016300.0,36081016300.0,0.0,0.26741657149836384,0.013396001047465234,0.9074203734534384,200
36081029500.0,36081029500.0,0.0,0.1388551376461332,0.004254394955756325,0.6640799294859469,239
36081059200.0,36081059200.0,0.0,0.21687653519328265,0.00205979052191784,0.9301839312540847,160
36081059400.0,36081059400.0,0.0,0.06898108037730569,0.0002940253575777485,0.5131882890198689,36
36081070300.0,36081070300.0,0.0,0.08379565655065539,0.0015668023851747649,0.4787275680439083,238
36081013600.0,36081013600.0,0.0,0.071028886642329,0.0007776578854083838,0.4595426740112648,119
36081013800.0,36081013800.0,0.007220216606498195,0.1258710815162504,0.001596184002029344,0.832450865242665,277
36081067900.0,36081067900.0,0.0,0.11505391130434536,0.002998284207709062,0.599168570813029,404
36081069702.0,36081069702.0,0.0,0.06072989614709669,0.0012073304275536378,0.3468963599886779,418
36081053401.0,36081053401.0,0.0,0.20763236900889023,0.006567276208469458,0.8458885600435024,181
36081059800.0,36081059800.0,0.0,0.09740164450294798,0.0008647743062930007,0.6273592789878734,85
36047016200.0,36047016200.0,0.0,0.12359211862488372,0.0011430322516992858,0.7024896033811086,550
36047016400.0,36047016400.0,0.0017543859649122807,0.7465690709374733,0.09620622514251442,0.9999994926726132,2280
36005046000.0,36005046000.0,0.0,0.162848782327717,0.0039769549760410115,0.7814614105961312,102
36061029700.0,36061029700.0,0.0017035775127768314,0.8099968751236406,0.17137396479657727,0.9999999088754924,587
36081156700.0,36081156700.0,0.004796163069544364,1.0,1.0,1.0,834
36081162100.0,36081162100.0,0.0029069767441860465,0.5770620131360967,0.039700900514061,0.9998370724904743,344
36061031704.0,36061031704.0,0.0027359781121751026,0.6056434947334315,0.00537569284747996,0.9999999678308852,731
36081098100.0,36081098100.0,0.0,0.1446915865733085,0.0006815624347205119,0.8559839276595699,34
36081098700.0,36081098700.0,0.0,0.2377225763521487,0.0022267749907623285,0.9653383071425974,97
36005031000.0,36005031000.0,0.0,0.44996653069069614,0.036015388895721784,0.9897829618047872,335
36005035600.0,36005035600.0,0.007575757575757576,0.9734332068056163,0.6703498283660243,0.9999999999999999,528
36005026400.0,36005026400.0,0.0,0.10859198188743417,0.00297093631780955,0.5558586847351611,261
36005019400.0,36005019400.0,0.0,0.8593593326068809,0.3151107788048585,0.9999998032887599,2511
36005045102.0,36005045102.0,0.0,0.4599155419749195,0.019575617782332994,0.9981603997020096,189
36081061602.0,36081061602.0,0.005905511811023622,1.0,1.0,1.0,1016
36081063800.0,36081063800.0,0.0012345679012345679,1.0,1.0,1.0,810
36047002300.0,36047002300.0,0.0016,1.0,1.0,1.0,1250
36061019400.0,36061019400.0,0.0,0.2956363697637319,0.011343218410068526,0.9556318834026626,417
36061024200.0,36061024200.0,0.0024405125076266015,1.0,1.0,1.0,1639
36005005200.0,36005005200.0,0.0,0.406259300847815,0.018301578411019214,0.993495563087455,138
36005012300.0,36005012300.0,0.0,0.6368768231184994,0.09527025323638497,0.9995997534274093,550
36047055100.0,36047055100.0,0.0,0.46095893995838405,0.027502187925205333,0.9973593401748361,511
36047055500.0,36047055500.0,0.0,0.6218804628484225,0.058849399880709086,0.9999342366362931,651
36005022701.0,36005022701.0,0.0036231884057971015,0.2586222670472451,0.006632199470037345,0.9354274505318813,276
36085030301.0,36085030301.0,0.0,0.07829776348796606,0.000686599660742343,0.5192149713784476,396
36085032300.0,36085032300.0,0.0,0.2142117279766684,0.002230593967325023,0.9294584254606454,291
36005008900.0,36005008900.0,0.0,0.2804433414767896,0.009130366257651219,0.9347919462791191,143
36005001903.0,36005001903.0,0.01073345259391771,1.0,1.0,1.0,1118
36005003100.0,36005003100.0,0.0,0.26151210817911563,0.014594992740641797,0.8775073242502595,174
36005023000.0,36005023000.0,0.012987012987012988,0.4896359511531278,0.011966862626942746,0.9997480683056289,154
36005033400.0,36005033400.0,0.003950167122455181,1.0,1.0,1.0,3291
36085022602.0,36085022602.0,0.0,0.48983550500775763,0.01939188665032284,0.9990156190888624,670
36085024800.0,36085024800.0,0.0,0.1658256898356105,0.00011717660069628378,0.948642659850616,119
36081003400.0,36081003400.0,0.0020408163265306124,0.19842967080019366,0.006797396574559609,0.8006432218537337,490
36047118600.0,36047118600.0,0.0,0.1133349934466792,0.002396540493553978,0.6325985120366153,238
36005007800.0,36005007800.0,0.0,0.19834985151774395,0.005125922610562911,0.8425685441323074,471
36005009800.0,36005009800.0,0.0007524454477050414,0.29879772425144707,0.013739797471330348,0.9584226435600087,1329
36081008100.0,36081008100.0,0.0,0.05152691914272925,0.0007495069581980236,0.32751172890236474,200
36081008700.0,36081008700.0,0.0,0.2747385592697366,0.005436909027835254,0.9624706760114362,142
36005022901.0,36005022901.0,0.0,0.1811999777101486,0.003520038050769328,0.8401332536403083,230
36005023302.0,36005023302.0,0.0,0.06603133694193788,0.0010452776287206366,0.3891380396085568,146
36005020000.0,36005020000.0,0.0,0.1943594317203402,0.005671266050440108,0.829301788216667,472
36005009600.0,36005009600.0,0.0016806722689075631,0.39986524001660817,0.02314477411459126,0.9904713558305668,595
36005028400.0,36005028400.0,0.0020442930153321977,1.0,1.0,1.0,2935
36061001300.0,36061001300.0,0.0,0.5521110114421189,0.05802692764396093,0.9985627433015654,1835
36061002100.0,36061002100.0,0.0,0.4679902707112505,0.029220755560736077,0.9967657880678894,1435
36005025500.0,36005025500.0,0.0,0.06792060379589358,0.0012437463019164346,0.40193015291737805,87
36005026100.0,36005026100.0,0.0,0.09217049222165914,0.0020073481508504102,0.5111599348471718,74
36005026300.0,36005026300.0,0.006688963210702341,0.18995514016092294,0.00365033783342473,0.8954004967469358,299
36005009000.0,36005009000.0,0.0019096117122851686,0.6685056728301977,0.08140513761442492,0.9999637229796039,1571
36005011000.0,36005011000.0,0.003205128205128205,1.0,1.0,1.0,1248
36085003900.0,36085003900.0,0.0,0.05209689293318006,4.4176797868922256e-05,0.456389979409531,76
36085005902.0,36085005902.0,0.0,0.008013418518451694,1.0406530446877005e-05,0.06167391319145036,12
36081019903.0,36081019903.0,0.0007518796992481203,0.8053109055622945,0.20275471862887712,0.9999994570575091,1330
36081020500.0,36081020500.0,0.02888283378746594,1.0,1.0,1.0,1835
36005037800.0,36005037800.0,0.0,0.2607022553994588,0.01422286583465226,0.8942974687015643,186
36005038000.0,36005038000.0,0.0,0.055293635328637944,0.0011288024485588022,0.319236577346867,86
36005025700.0,36005025700.0,0.0020491803278688526,0.6817021650510977,0.08348125978519998,0.9999851719583223,488
36005026900.0,36005026900.0,0.0,0.7324345598980745,0.1532990004562526,0.999966080472493,726
36081128300.0,36081128300.0,0.0014609203798392988,1.0,1.0,1.0,1369
36081129102.0,36081129102.0,0.002932551319648094,1.0,1.0,1.0,341
36005009301.0,36005009301.0,0.0,0.5212660648667127,0.04890675363210708,0.9975117114132904,1365
36005009302.0,36005009302.0,0.0,0.9099963130430871,0.4418203666326684,0.9999999923160449,1174
36005011701.0,36005011701.0,0.03225806451612903,1.0,1.0,1.0,62
36085006400.0,36085006400.0,0.0,0.16377804314076888,0.001791044904611852,0.834489058810938,122
36085007002.0,36085007002.0,0.009852216748768473,0.8399863098657079,0.06181590405940814,0.9999999996440069,203
36081069000.0,36081069000.0,0.0,0.25890400066979746,0.004350275886187785,0.9612082922899139,147
36081069400.0,36081069400.0,0.02247191011235955,1.0,1.0,1.0,89
36047114201.0,36047114201.0,0.0,0.1666422557224174,0.005369598936926676,0.7540358174998377,703
36047114600.0,36047114600.0,0.0,0.02897278325861754,0.00012198645805001074,0.2227163039651261,130
36085029104.0,36085029104.0,0.0,0.2812300016935681,0.00824150641216842,0.9470981500768314,1268
36047086400.0,36047086400.0,0.0,0.1038030770976558,0.002294902540497279,0.5635976258684292,312
36047088600.0,36047088600.0,0.0,0.092177041912243,0.001761956453876673,0.5355678856017128,533
36047090800.0,36047090800.0,0.0,0.15641838048421272,0.004310301363460794,0.7187314150484343,363
36047114400.0,36047114400.0,0.0,0.14691887590158306,0.004809968293956588,0.6737881303890201,793
36005024700.0,36005024700.0,0.0,0.3766996600101516,0.020593388205427894,0.9821062560752967,189
36005018900.0,36005018900.0,0.0,0.5715412955498738,0.05155466660437213,0.9993782144538116,789
36005019300.0,36005019300.0,0.0,0.47296605442638545,0.03761062074776565,0.9941300391414497,414
36005017701.0,36005017701.0,0.0,0.08564339318692274,0.001880818677569518,0.48737283969475187,101
36005017702.0,36005017702.0,0.0,0.3538167896003335,0.015222257706027378,0.9776198527329644,180
36005019900.0,36005019900.0,0.0,0.026158841195696284,0.0003043846170279113,0.17109029512915877,57
36005021100.0,36005021100.0,0.0,0.04561276006819223,0.0007929868488604331,0.27472492973195367,141
36005029302.0,36005029302.0,0.0,0.7425308015706309,0.16026508927399483,0.9999853878938678,469
36061027300.0,36061027300.0,0.0,0.0742136546306534,0.0009385654946799965,0.4912979177796485,53
36061028100.0,36061028100.0,0.0,0.04233086705184396,0.0005316091126231687,0.2745101955833359,20
36005029500.0,36005029500.0,0.015037593984962405,0.6455799440053586,0.03030264074267383,0.9999901267740023,133
36005029700.0,36005029700.0,0.0,0.45379952677294644,0.02433500254830319,0.9961904364793266,563
36005006000.0,36005006000.0,0.0,0.8543332605852964,0.3109602858427928,0.999999480646257,870
36061024100.0,36061024100.0,0.0022222222222222222,0.6088052273450975,0.03545911769201336,0.9999839953183831,450
36061024700.0,36061024700.0,0.0,0.6302070323989798,0.054061528142268216,0.9999647793299022,600
36081030600.0,36081030600.0,0.0013260087137715476,0.9591450514855656,0.5982907538115527,0.9999999999999897,5279
36081071600.0,36081071600.0,0.0028979907264296756,1.0,1.0,1.0,20704
36081084602.0,36081084602.0,0.0027037466203167246,1.0,1.0,1.0,5178
36005018501.0,36005018501.0,0.0,0.40747545438889365,0.020759190842896347,0.9930320855268733,212
36005018502.0,36005018502.0,0.0,0.1329459107128332,0.004903687586109642,0.630559919950407,315
36081061900.0,36081061900.0,0.0,0.05177819989149641,0.0006634121232228507,0.3243148085233336,245
36081063301.0,36081063301.0,0.02,0.05570137615580375,0.00048646605401236886,0.42822837395004576,50
36081063302.0,36081063302.0,0.0,0.06536222279613493,0.0011172238178117438,0.40278895021337885,17
36081040102.0,36081040102.0,0.0,0.021944127716249345,0.00019145260786626594,0.15350982911156977,72
36061019100.0,36061019100.0,0.0,0.2727556280849967,0.0028702915100394686,0.972619386213815,419
36061019500.0,36061019500.0,0.0,0.276821414688628,0.005094764809552929,0.9674459671608463,390
36005028100.0,36005028100.0,0.006369426751592357,0.358221992217714,0.0031765405399730995,0.9981216597403912,157
36005043503.0,36005043503.0,0.0026943802925327174,1.0,1.0,1.0,2598
36005020501.0,36005020501.0,0.0030303030303030303,0.5793833332369208,0.04287932273616336,0.999892964353091,660
36005020502.0,36005020502.0,0.0,0.04729081664654884,0.0002993646440840936,0.35680907831051584,43
36081035700.0,36081035700.0,0.0030546009927453228,1.0,1.0,1.0,2619
36081037100.0,36081037100.0,0.0,0.37648237861590106,0.01727436399515187,0.9882441595122484,635
36005035800.0,36005035800.0,0.0,0.30176348115557794,0.012403363364187603,0.9561960710649504,268
36005046208.0,36005046208.0,0.0,0.6005730503588749,0.07443674137951332,0.999399898808009,619
36061027900.0,36061027900.0,0.0,0.09090214070800753,0.0019451541901891274,0.5078880362231577,103
36061028300.0,36061028300.0,0.0,0.13224215144389476,0.0035519443738197517,0.6573972480612561,130
36061030300.0,36061030300.0,0.0,0.10066229051290891,0.0007247221864281617,0.6555979911488647,170
36061030700.0,36061030700.0,0.0,0.05594299224179278,9.194099236247422e-05,0.4843796729481567,109
36061024302.0,36061024302.0,0.02444987775061125,1.0,1.0,1.0,409
36061031100.0,36061031100.0,0.0024896265560165973,0.9801222230170824,0.7973591974124028,0.9999999999992221,1205
36081029700.0,36081029700.0,0.0015360983102918587,1.0,1.0,1.0,1302
36081030906.0,36081030906.0,0.0,0.4011994226205539,0.01798749223452071,0.991504529916648,496
36047056100.0,36047056100.0,0.0,0.6755879395444601,0.08798983877054854,0.9999681559223291,817
36047056500.0,36047056500.0,0.0,0.3431526323888576,0.013759605208754725,0.9805131049921176,514
36081037300.0,36081037300.0,0.001088139281828074,0.30701197924405965,0.008751420719517514,0.9844582251237347,919
36081038100.0,36081038100.0,0.0,0.2596742463277227,0.007542754720197395,0.9304472089402845,740
36085027702.0,36085027702.0,0.005952380952380952,0.18068057353289127,0.0015264707933263983,0.8935061994325516,168
36085027706.0,36085027706.0,0.0,0.20356448312810582,0.0022274992086605857,0.9136688483686226,95
36085019800.0,36085019800.0,0.0,0.16506783301370634,0.0020810703202149674,0.8152403022169065,120
36085020803.0,36085020803.0,0.0,0.13185528738556435,0.0007298824608787752,0.7908091922710643,75
36081022001.0,36081022001.0,0.0020325203252032522,1.0,1.0,1.0,1476
36081038302.0,36081038302.0,0.002247443532981234,1.0,1.0,1.0,17798
36081091800.0,36081091800.0,0.0,0.28283224415224467,1.3452605323038825e-07,0.9981662659071951,56
36081092200.0,36081092200.0,0.0,0.03344517536885359,3.4534139492503614e-09,0.4021575558486069,23
36085002001.0,36085002001.0,0.0,0.12157463288640549,0.0005389839660323636,0.7540461987557115,514
36085003600.0,36085003600.0,0.0,0.08729091206719039,0.0006149650250091676,0.5786532943848833,162
36047042000.0,36047042000.0,0.00303951367781155,0.6313395489837598,0.03912528017412341,0.9999909524432178,329
36047054200.0,36047054200.0,0.0,0.20262332593741694,0.00651874838708062,0.8257378063341699,215
36047055400.0,36047055400.0,0.0,0.2203389337914081,0.007019701721857996,0.870122142968421,357
36061028500.0,36061028500.0,0.0,0.13795085752622832,0.0031470306751408494,0.6927834332099588,83
36061028700.0,36061028700.0,0.0012300123001230013,0.6738419083323526,0.07876411652273738,0.9999827748668286,813
36005038303.0,36005038303.0,0.0,0.02153391454387813,0.0002643669209538846,0.13681889080263412,41
36005039902.0,36005039902.0,0.0,0.09025250837183896,0.002178746199473189,0.48543422385961543,275
36061023600.0,36061023600.0,0.0,0.40804708918085514,0.0369937267206795,0.9764781541883949,486
36005006301.0,36005006301.0,0.0013519603424966202,1.0,1.0,1.0,2219
36005028900.0,36005028900.0,0.0,0.32920423470412186,0.021264952282765544,0.9492644404526462,177
36061030900.0,36061030900.0,0.004032258064516129,0.7404562617840045,0.12171127728258901,0.9999949164719875,248
36085002100.0,36085002100.0,0.006535947712418301,1.0,1.0,1.0,153
36047004600.0,36047004600.0,0.0,0.2587536059938905,0.004638230946131155,0.9599029458376035,193
36085990100.0,36085990100.0,,0.0,0.0,0.0,0
36005000100.0,36005000100.0,0.0,0.0988472126715279,6.141775112825099e-06,0.8764765278668952,1
36081092900.0,36081092900.0,0.0,0.32075796878758,0.0066941777689393245,0.9818626917294693,123
36081009900.0,36081009900.0,0.0,0.4049685644204428,0.01661971924415263,0.9943825916003657,455
36061024000.0,36061024000.0,0.001333777925975325,1.0,1.0,1.0,2999
36005000400.0,36005000400.0,0.0,0.3188634753045324,0.008661848967400224,0.9836260145087798,200
36081093900.0,36081093900.0,0.0,0.2765338121385029,0.002111439818791236,0.9868796848085982,79
36005021502.0,36005021502.0,0.007352941176470588,0.11987371727794063,0.0016338846067774498,0.7218760195767139,136
36005021700.0,36005021700.0,0.0,0.16067020604260032,0.004172723622282248,0.7519786626224386,129
36047001804.0,36047001804.0,0.0,0.47910312264849964,0.023900889164403884,0.999001551941774,116
36047002200.0,36047002200.0,0.0,0.49931609711802605,0.04180609549374449,0.9964589032482847,1338
36047000200.0,36047000200.0,0.00392156862745098,1.0,1.0,1.0,1020
36047001802.0,36047001802.0,0.020618556701030927,1.0,1.0,1.0,582
36081014202.0,36081014202.0,0.0007880220646178094,0.7693788466777083,0.2027845736899216,0.9999825576660386,1269
36081014400.0,36081014400.0,0.0,0.09885963028517061,0.0019737379052631064,0.5527490751524516,200
36081095400.0,36081095400.0,0.04964539007092199,1.0,1.0,1.0,141
36081096400.0,36081096400.0,0.012903225806451613,1.0,1.0,1.0,155
36061004200.0,36061004200.0,0.0,0.024219704363203625,0.0003552735254312156,0.14931891817830475,735
36061005700.0,36061005700.0,0.0,0.0306967819232054,0.00046204595666983207,0.19336943162354614,838
36081024300.0,36081024300.0,0.0039164490861618795,1.0,1.0,1.0,1532
36081051300.0,36081051300.0,0.0,0.07604880366523145,0.001024764885683191,0.46222292760777334,104
36081051700.0,36081051700.0,0.0,0.41637310690217566,0.03312943200770957,0.9823518783467196,1980
36081053100.0,36081053100.0,0.0,0.15601848503379642,0.004169316127068484,0.7589912836716304,535
36081094202.0,36081094202.0,0.06741573033707865,1.0,1.0,1.0,267
36081094203.0,36081094203.0,0.0,0.6073933526626264,0.03484048726024952,0.9999914297066246,55
36047044902.0,36047044902.0,0.0003714710252600297,0.9698111758511381,0.7297822752391165,0.9999999999921838,2692
36047048100.0,36047048100.0,0.0,0.17430509641872477,0.0043829522184861604,0.7926493587672252,392
36081040901.0,36081040901.0,0.0,0.02683909735377373,0.0005850478288651429,0.16142420499051527,71
36081040902.0,36081040902.0,0.0,0.008609798921929332,0.00011625810114689328,0.05566823944190046,53
36047070202.0,36047070202.0,0.0,0.5621490837753294,0.021799203104788077,0.999894653688335,709
36047070602.0,36047070602.0,0.0,0.563108254867368,0.03249477375858106,0.9998582273115441,612
36047001501.0,36047001501.0,0.0008244023083264633,1.0,1.0,1.0,1213
36047002901.0,36047002901.0,0.006772009029345372,1.0,1.0,1.0,443
36061022500.0,36061022500.0,0.003278688524590164,0.4389852182918118,0.0045279256569965955,0.9998529569436914,305
36061022900.0,36061022900.0,0.0,0.2944837602854128,0.0034698946420783083,0.9832645633259481,243
36047000900.0,36047000900.0,0.0,0.24163449432744455,0.008399724684788588,0.9069217277938132,633
36047001100.0,36047001100.0,0.003656307129798903,0.299393762592535,0.01020168834290256,0.9622431018348433,547
36081099802.0,36081099802.0,0.0,0.3241587608987933,0.0028555983094897402,0.9947819300735021,51
36081097202.0,36081097202.0,0.07692307692307693,1.0,1.0,1.0,39
36081099200.0,36081099200.0,0.012987012987012988,0.7328317805308269,0.09778160149916845,0.9999979482232142,154
36081050000.0,36081050000.0,0.0,0.552750921726251,0.0742051159811166,0.9973253708350337,462
36081050201.0,36081050201.0,0.011235955056179775,1.0,1.0,1.0,89
36085017005.0,36085017005.0,0.0,0.013903188051404686,8.263885542642013e-05,0.1002180801680621,68
36085017600.0,36085017600.0,0.0,0.0708617735215967,0.00037701023860031436,0.5031643292084281,55
36085022802.0,36085022802.0,0.005076142131979695,0.5174989319912671,0.02916697992138631,0.999406665085854,197
36085029102.0,36085029102.0,0.0,0.5401833751242171,0.03947914529242673,0.9992577446440456,1306
36005016100.0,36005016100.0,0.0,0.1897237431683952,0.00497034379912924,0.8202369172616104,222
36005016300.0,36005016300.0,0.004366812227074236,0.35286324697142046,0.021979675888995003,0.9712495436473674,229
