                                            mean     sd  hdi_3%  hdi_97%  mcse_mean  mcse_sd  ess_bulk  ess_tail  r_hat
p_y_hat_1_given_y_1                        0.227  0.080   0.111    0.380      0.001    0.001    3353.0    5349.0   1.00
p_y_hat_1_given_y_0                        0.000  0.000   0.000    0.001      0.000    0.000    5520.0    8266.0   1.00
p_y[0]                                     0.060  0.234   0.000    0.456      0.004    0.008     462.0    2108.0   1.01
p_y[1]                                     0.002  0.004   0.000    0.007      0.000    0.000    5716.0    6903.0   1.00
p_y[2]                                     0.008  0.007   0.000    0.021      0.000    0.000    6117.0    5342.0   1.00
p_y[3]                                     0.001  0.002   0.000    0.003      0.000    0.000    4875.0    5484.0   1.00
p_y[4]                                     0.000  0.000   0.000    0.000      0.000    0.000    4573.0    7835.0   1.00
p_y[5]                                     0.000  0.000   0.000    0.001      0.000    0.000    4402.0    6756.0   1.00
p_y[6]                                     0.000  0.001   0.000    0.001      0.000    0.000    3315.0    5891.0   1.00
p_y[7]                                     0.001  0.001   0.000    0.002      0.000    0.000    4341.0    7138.0   1.00
p_y[8]                                     0.001  0.003   0.000    0.004      0.000    0.000    4924.0    8439.0   1.00
p_y[9]                                     0.001  0.002   0.000    0.003      0.000    0.000    4970.0    7107.0   1.00
p_y[10]                                    0.001  0.001   0.000    0.002      0.000    0.000    5276.0    8771.0   1.00
p_y[11]                                    0.000  0.001   0.000    0.001      0.000    0.000    3142.0    6051.0   1.00
p_y[12]                                    0.001  0.001   0.000    0.003      0.000    0.000    4977.0    6774.0   1.00
p_y[13]                                    0.000  0.001   0.000    0.001      0.000    0.000    4042.0    7172.0   1.00
p_y[14]                                    0.000  0.000   0.000    0.000      0.000    0.000    3192.0    5359.0   1.00
p_y[15]                                    0.000  0.001   0.000    0.001      0.000    0.000    2851.0    4644.0   1.00
p_y[16]                                    0.000  0.001   0.000    0.002      0.000    0.000    4374.0    7600.0   1.00
p_y[17]                                    0.002  0.003   0.000    0.007      0.000    0.000    4664.0    6950.0   1.00
p_y[18]                                    0.000  0.000   0.000    0.001      0.000    0.000    3820.0    7280.0   1.00
p_y[19]                                    0.000  0.000   0.000    0.000      0.000    0.000    3517.0    6737.0   1.00
p_y[20]                                    0.000  0.000   0.000    0.001      0.000    0.000    4597.0    7129.0   1.00
p_y[21]                                    0.000  0.000   0.000    0.001      0.000    0.000    3106.0    4371.0   1.00
p_y[22]                                    0.001  0.001   0.000    0.002      0.000    0.000    4369.0    7083.0   1.00
p_y[23]                                    0.000  0.000   0.000    0.001      0.000    0.000    3506.0    6805.0   1.00
p_y[24]                                    0.000  0.001   0.000    0.002      0.000    0.000    3804.0    6799.0   1.00
p_y[25]                                    0.000  0.000   0.000    0.001      0.000    0.000    3302.0    5964.0   1.00
p_y[26]                                    0.000  0.000   0.000    0.000      0.000    0.000    2788.0    5710.0   1.00
p_y[27]                                    0.000  0.000   0.000    0.000      0.000    0.000    3456.0    6694.0   1.00
p_y[28]                                    0.000  0.001   0.000    0.001      0.000    0.000    3565.0    7147.0   1.00
p_y[29]                                    0.000  0.001   0.000    0.001      0.000    0.000    4005.0    6691.0   1.00
p_y[30]                                    0.000  0.000   0.000    0.000      0.000    0.000    4492.0    7239.0   1.00
p_y[31]                                    0.000  0.000   0.000    0.001      0.000    0.000    3174.0    5926.0   1.00
p_y[32]                                    0.001  0.002   0.000    0.004      0.000    0.000    4762.0    6435.0   1.00
p_y[33]                                    0.001  0.002   0.000    0.003      0.000    0.000    4448.0    5738.0   1.00
p_y[34]                                    0.000  0.000   0.000    0.000      0.000    0.000    4437.0    8219.0   1.00
p_y[35]                                    0.000  0.000   0.000    0.001      0.000    0.000    3637.0    6551.0   1.00
p_y[36]                                    0.000  0.000   0.000    0.000      0.000    0.000    4278.0    8103.0   1.00
p_y[37]                                    0.000  0.000   0.000    0.000      0.000    0.000    3604.0    7398.0   1.00
p_y[38]                                    0.001  0.002   0.000    0.003      0.000    0.000    4852.0    8262.0   1.00
p_y[39]                                    0.001  0.002   0.000    0.004      0.000    0.000    4456.0    6841.0   1.00
p_y[40]                                    0.000  0.000   0.000    0.001      0.000    0.000    3173.0    5028.0   1.00
p_y[41]                                    0.001  0.002   0.000    0.004      0.000    0.000    4555.0    5883.0   1.00
p_y[42]                                    0.000  0.000   0.000    0.000      0.000    0.000    2829.0    6085.0   1.00
p_y[43]                                    0.002  0.002   0.000    0.005      0.000    0.000    4936.0    4755.0   1.00
p_y[44]                                    0.000  0.001   0.000    0.001      0.000    0.000    2944.0    5038.0   1.00
p_y[45]                                    0.002  0.003   0.000    0.006      0.000    0.000    4324.0    7539.0   1.00
p_y[46]                                    0.001  0.001   0.000    0.002      0.000    0.000    5073.0    8017.0   1.00
p_y[47]                                    0.000  0.000   0.000    0.001      0.000    0.000    4190.0    7625.0   1.00
p_y[48]                                    0.001  0.001   0.000    0.002      0.000    0.000    2887.0    5583.0   1.00
p_y[49]                                    0.000  0.001   0.000    0.002      0.000    0.000    5155.0    6918.0   1.00
p_y[50]                                    0.000  0.001   0.000    0.002      0.000    0.000    2484.0    6800.0   1.00
p_y[51]                                    0.000  0.001   0.000    0.002      0.000    0.000    4547.0    7655.0   1.00
p_y[52]                                    0.000  0.001   0.000    0.001      0.000    0.000    3030.0    5530.0   1.00
p_y[53]                                    0.000  0.001   0.000    0.001      0.000    0.000    4322.0    7303.0   1.00
p_y[54]                                    0.016  0.011   0.000    0.035      0.000    0.000    6008.0    5253.0   1.00
p_y[55]                                    0.000  0.001   0.000    0.001      0.000    0.000    2434.0    5420.0   1.00
p_y[56]                                    0.002  0.004   0.000    0.008      0.000    0.000    3706.0    5655.0   1.00
p_y[57]                                    0.001  0.001   0.000    0.002      0.000    0.000    2779.0    5123.0   1.00
p_y[58]                                    0.000  0.000   0.000    0.001      0.000    0.000    2986.0    6183.0   1.00
p_y[59]                                    0.002  0.004   0.000    0.007      0.000    0.000    2842.0    6138.0   1.00
p_y[60]                                    0.000  0.001   0.000    0.002      0.000    0.000    3333.0    6957.0   1.00
p_y[61]                                    0.002  0.005   0.000    0.009      0.000    0.000    2919.0    6738.0   1.00
p_y[62]                                    0.000  0.000   0.000    0.001      0.000    0.000    4028.0    7604.0   1.00
p_y[63]                                    0.001  0.002   0.000    0.003      0.000    0.000    4550.0    5704.0   1.00
p_y[64]                                    0.002  0.003   0.000    0.006      0.000    0.000    3142.0    7142.0   1.00
p_y[65]                                    0.000  0.001   0.000    0.001      0.000    0.000    2723.0    5663.0   1.00
p_y[66]                                    0.000  0.001   0.000    0.001      0.000    0.000    3619.0    6275.0   1.00
p_y[67]                                    0.000  0.001   0.000    0.002      0.000    0.000    3767.0    7389.0   1.00
p_y[68]                                    0.001  0.002   0.000    0.004      0.000    0.000    5052.0    8328.0   1.00
p_y[69]                                    0.000  0.000   0.000    0.001      0.000    0.000    3677.0    6942.0   1.00
p_y[70]                                    0.001  0.002   0.000    0.003      0.000    0.000    4421.0    8338.0   1.00
p_y[71]                                    0.000  0.001   0.000    0.001      0.000    0.000    4468.0    6920.0   1.00
p_y[72]                                    0.000  0.000   0.000    0.000      0.000    0.000    4404.0    7531.0   1.00
p_y[73]                                    0.001  0.001   0.000    0.003      0.000    0.000    4840.0    8559.0   1.00
p_y[74]                                    0.000  0.001   0.000    0.001      0.000    0.000    4097.0    7817.0   1.00
p_y[75]                                    0.004  0.007   0.000    0.014      0.000    0.000    5392.0    9442.0   1.00
p_y[76]                                    0.002  0.003   0.000    0.006      0.000    0.000    5298.0    8212.0   1.00
p_y[77]                                    0.000  0.000   0.000    0.000      0.000    0.000    3316.0    7190.0   1.00
p_y[78]                                    0.000  0.001   0.000    0.002      0.000    0.000    5500.0    8620.0   1.00
p_y[79]                                    0.000  0.001   0.000    0.001      0.000    0.000    3234.0    4775.0   1.00
p_y[80]                                    0.072  0.037   0.014    0.141      0.000    0.000    5899.0    8660.0   1.00
p_y[81]                                    0.096  0.048   0.020    0.181      0.001    0.001    5159.0    7576.0   1.00
p_y[82]                                    0.000  0.001   0.000    0.001      0.000    0.000    3543.0    7142.0   1.00
p_y[83]                                    0.029  0.024   0.001    0.071      0.000    0.000    6326.0    6816.0   1.00
p_y[84]                                    0.008  0.011   0.000    0.027      0.000    0.000    6483.0    6026.0   1.00
p_y[85]                                    0.000  0.001   0.000    0.001      0.000    0.000    5172.0    8961.0   1.00
p_y[86]                                    0.001  0.001   0.000    0.002      0.000    0.000    3219.0    5180.0   1.00
p_y[87]                                    0.000  0.001   0.000    0.001      0.000    0.000    5266.0    8798.0   1.00
p_y[88]                                    0.001  0.003   0.000    0.005      0.000    0.000    4445.0    6697.0   1.00
p_y[89]                                    0.011  0.015   0.000    0.037      0.000    0.000    3270.0    4494.0   1.00
p_y[90]                                    0.001  0.002   0.000    0.003      0.000    0.000    6127.0    8432.0   1.00
p_y[91]                                    0.000  0.001   0.000    0.002      0.000    0.000    4303.0    6726.0   1.00
p_y[92]                                    0.002  0.004   0.000    0.006      0.000    0.000    5259.0    7073.0   1.00
p_y[93]                                    0.002  0.004   0.000    0.007      0.000    0.000    5515.0    6682.0   1.00
p_y[94]                                    0.002  0.006   0.000    0.008      0.000    0.000    5525.0    6454.0   1.00
p_y[95]                                    0.002  0.004   0.000    0.007      0.000    0.000    3827.0    5275.0   1.00
p_y[96]                                    0.002  0.003   0.000    0.007      0.000    0.000    5040.0    6603.0   1.00
p_y[97]                                    0.002  0.004   0.000    0.008      0.000    0.000    5318.0    6198.0   1.00
p_y[98]                                    0.000  0.001   0.000    0.001      0.000    0.000    4754.0    7731.0   1.00
p_y[99]                                    0.000  0.001   0.000    0.001      0.000    0.000    4808.0    6990.0   1.00
p_y[100]                                   0.000  0.001   0.000    0.002      0.000    0.000    4035.0    5546.0   1.00
p_y[101]                                   0.000  0.001   0.000    0.002      0.000    0.000    4852.0    7074.0   1.00
p_y[102]                                   0.000  0.001   0.000    0.001      0.000    0.000    5520.0    7891.0   1.00
p_y[103]                                   0.002  0.002   0.000    0.005      0.000    0.000    6486.0    8116.0   1.00
p_y[104]                                   0.003  0.004   0.000    0.009      0.000    0.000    5753.0    9099.0   1.00
p_y[105]                                   0.001  0.001   0.000    0.002      0.000    0.000    5433.0    8040.0   1.00
p_y[106]                                   0.002  0.004   0.000    0.009      0.000    0.000    5257.0    9059.0   1.00
p_y[107]                                   0.001  0.001   0.000    0.002      0.000    0.000    4043.0    4383.0   1.00
p_y[108]                                   0.002  0.004   0.000    0.007      0.000    0.000    6104.0    7238.0   1.00
p_y[109]                                   0.002  0.003   0.000    0.007      0.000    0.000    4503.0    4653.0   1.00
p_y[110]                                   0.006  0.008   0.000    0.018      0.000    0.000    4675.0    7016.0   1.00
p_y[111]                                   0.001  0.002   0.000    0.002      0.000    0.000    4496.0    7044.0   1.00
p_y[112]                                   0.004  0.006   0.000    0.014      0.000    0.000    5605.0    6643.0   1.00
p_y[113]                                   0.001  0.002   0.000    0.003      0.000    0.000    4751.0    7863.0   1.00
p_y[114]                                   0.008  0.010   0.000    0.026      0.000    0.000    3709.0    3722.0   1.00
p_y[115]                                   0.000  0.001   0.000    0.002      0.000    0.000    3776.0    8042.0   1.00
p_y[116]                                   0.004  0.005   0.000    0.012      0.000    0.000    5615.0    7814.0   1.00
p_y[117]                                   0.000  0.001   0.000    0.002      0.000    0.000    4973.0    7477.0   1.00
p_y[118]                                   0.001  0.001   0.000    0.002      0.000    0.000    4895.0    7243.0   1.00
p_y[119]                                   0.001  0.003   0.000    0.004      0.000    0.000    4835.0    7993.0   1.00
p_y[120]                                   0.001  0.002   0.000    0.004      0.000    0.000    5188.0    7615.0   1.00
p_y[121]                                   0.000  0.001   0.000    0.001      0.000    0.000    4814.0    7657.0   1.00
p_y[122]                                   0.001  0.002   0.000    0.004      0.000    0.000    6041.0    8581.0   1.00
p_y[123]                                   0.000  0.001   0.000    0.001      0.000    0.000    4473.0    6771.0   1.00
p_y[124]                                   0.002  0.003   0.000    0.006      0.000    0.000    4853.0    5874.0   1.00
p_y[125]                                   0.014  0.013   0.000    0.037      0.000    0.000    6352.0    5627.0   1.00
p_y[126]                                   0.001  0.002   0.000    0.004      0.000    0.000    5399.0    8550.0   1.00
p_y[127]                                   0.000  0.000   0.000    0.000      0.000    0.000    3636.0    4116.0   1.00
p_y[128]                                   0.001  0.002   0.000    0.003      0.000    0.000    4006.0    7429.0   1.00
p_y[129]                                   0.000  0.001   0.000    0.001      0.000    0.000    3412.0    7246.0   1.00
p_y[130]                                   0.001  0.002   0.000    0.002      0.000    0.000    3407.0    5823.0   1.00
p_y[131]                                   0.001  0.001   0.000    0.002      0.000    0.000    4300.0    6517.0   1.00
p_y[132]                                   0.000  0.001   0.000    0.001      0.000    0.000    2920.0    5572.0   1.00
p_y[133]                                   0.001  0.001   0.000    0.002      0.000    0.000    3778.0    4944.0   1.00
p_y[134]                                   0.001  0.002   0.000    0.003      0.000    0.000    4216.0    7086.0   1.00
p_y[135]                                   0.000  0.000   0.000    0.001      0.000    0.000    3805.0    6362.0   1.00
p_y[136]                                   0.001  0.001   0.000    0.002      0.000    0.000    3516.0    6496.0   1.00
p_y[137]                                   0.002  0.003   0.000    0.007      0.000    0.000    4262.0    5347.0   1.00
p_y[138]                                   0.001  0.003   0.000    0.005      0.000    0.000    3404.0    8238.0   1.00
p_y[139]                                   0.001  0.002   0.000    0.003      0.000    0.000    4076.0    6732.0   1.00
p_y[140]                                   0.001  0.002   0.000    0.002      0.000    0.000    3563.0    5295.0   1.00
p_y[141]                                   0.000  0.001   0.000    0.001      0.000    0.000    4238.0    7489.0   1.00
p_y[142]                                   0.001  0.002   0.000    0.003      0.000    0.000    4381.0    7546.0   1.00
p_y[143]                                   0.000  0.001   0.000    0.001      0.000    0.000    4632.0    6776.0   1.00
p_y[144]                                   0.001  0.002   0.000    0.002      0.000    0.000    4196.0    9243.0   1.00
p_y[145]                                   0.001  0.002   0.000    0.002      0.000    0.000    5164.0    9132.0   1.00
p_y[146]                                   0.069  0.027   0.025    0.120      0.000    0.000    4501.0    7247.0   1.00
p_y[147]                                   0.025  0.015   0.003    0.052      0.000    0.000    5751.0    7323.0   1.00
p_y[148]                                   0.002  0.008   0.000    0.007      0.000    0.001    4893.0    6957.0   1.00
p_y[149]                                   0.001  0.002   0.000    0.004      0.000    0.000    3422.0    4251.0   1.00
p_y[150]                                   0.001  0.003   0.000    0.005      0.000    0.000    3674.0    5940.0   1.00
p_y[151]                                   0.001  0.003   0.000    0.005      0.000    0.000    5111.0    7038.0   1.00
p_y[152]                                   0.001  0.002   0.000    0.002      0.000    0.000    4969.0    7966.0   1.00
p_y[153]                                   0.002  0.005   0.000    0.008      0.000    0.000    4426.0    7050.0   1.00
p_y[154]                                   0.001  0.002   0.000    0.003      0.000    0.000    3621.0    7171.0   1.00
p_y[155]                                   0.095  0.162   0.000    0.423      0.002    0.003    8074.0    8828.0   1.00
p_y[156]                                   0.000  0.001   0.000    0.001      0.000    0.000    3662.0    6114.0   1.00
p_y[157]                                   0.006  0.011   0.000    0.023      0.000    0.000    6480.0    9619.0   1.00
p_y[158]                                   0.002  0.004   0.000    0.008      0.000    0.000    6118.0    9346.0   1.00
p_y[159]                                   0.007  0.020   0.000    0.025      0.000    0.001    6165.0    8204.0   1.00
p_y[160]                                   0.003  0.004   0.000    0.010      0.000    0.000    5917.0    9421.0   1.00
p_y[161]                                   0.000  0.002   0.000    0.001      0.000    0.000    4085.0    8097.0   1.00
p_y[162]                                   0.002  0.004   0.000    0.008      0.000    0.000    5463.0    8176.0   1.00
p_y[163]                                   0.002  0.006   0.000    0.008      0.000    0.001    4435.0    7503.0   1.00
p_y[164]                                   0.000  0.001   0.000    0.001      0.000    0.000    3151.0    5138.0   1.00
p_y[165]                                   0.001  0.002   0.000    0.003      0.000    0.000    4372.0    6786.0   1.00
p_y[166]                                   0.000  0.001   0.000    0.001      0.000    0.000    4358.0    6563.0   1.00
p_y[167]                                   0.002  0.003   0.000    0.006      0.000    0.000    4878.0    8189.0   1.00
p_y[168]                                   0.001  0.004   0.000    0.004      0.000    0.000    5556.0    8237.0   1.00
p_y[169]                                   0.002  0.005   0.000    0.005      0.000    0.000    5439.0    8442.0   1.00
p_y[170]                                   0.006  0.010   0.000    0.022      0.000    0.000    4924.0    8197.0   1.00
p_y[171]                                   0.002  0.003   0.000    0.007      0.000    0.000    4908.0    8880.0   1.00
p_y[172]                                   0.047  0.038   0.000    0.114      0.000    0.001    5567.0    5152.0   1.00
p_y[173]                                   0.002  0.003   0.000    0.007      0.000    0.000    5358.0    7373.0   1.00
p_y[174]                                   0.001  0.003   0.000    0.004      0.000    0.000    5453.0    8540.0   1.00
p_y[175]                                   0.001  0.002   0.000    0.003      0.000    0.000    5054.0    6164.0   1.00
p_y[176]                                   0.006  0.007   0.000    0.018      0.000    0.000    4197.0    6386.0   1.00
p_y[177]                                   0.001  0.002   0.000    0.002      0.000    0.000    3885.0    6505.0   1.00
p_y[178]                                   0.001  0.002   0.000    0.004      0.000    0.000    5044.0    4299.0   1.00
p_y[179]                                   0.001  0.001   0.000    0.002      0.000    0.000    4220.0    6683.0   1.00
p_y[180]                                   0.000  0.002   0.000    0.001      0.000    0.000    4592.0    8052.0   1.00
p_y[181]                                   0.000  0.001   0.000    0.002      0.000    0.000    4644.0    6550.0   1.00
p_y[182]                                   0.001  0.002   0.000    0.002      0.000    0.000    4166.0    6495.0   1.00
p_y[183]                                   0.001  0.002   0.000    0.003      0.000    0.000    4069.0    7394.0   1.00
p_y[184]                                   0.002  0.003   0.000    0.007      0.000    0.000    4280.0    5816.0   1.00
p_y[185]                                   0.065  0.062   0.000    0.178      0.001    0.001    6401.0    6291.0   1.00
p_y[186]                                   0.001  0.001   0.000    0.003      0.000    0.000    3535.0    7946.0   1.00
p_y[187]                                   0.000  0.002   0.000    0.001      0.000    0.000    4951.0    7970.0   1.00
p_y[188]                                   0.000  0.001   0.000    0.001      0.000    0.000    4193.0    6806.0   1.00
p_y[189]                                   0.001  0.002   0.000    0.003      0.000    0.000    4257.0    9557.0   1.00
p_y[190]                                   0.001  0.003   0.000    0.005      0.000    0.000    3908.0    6427.0   1.00
p_y[191]                                   0.000  0.002   0.000    0.001      0.000    0.000    3262.0    5501.0   1.00
p_y[192]                                   0.001  0.002   0.000    0.003      0.000    0.000    4038.0    6973.0   1.00
p_y[193]                                   0.001  0.003   0.000    0.003      0.000    0.000    4412.0    6697.0   1.00
p_y[194]                                   0.001  0.003   0.000    0.005      0.000    0.000    4265.0    6496.0   1.00
p_y[195]                                   0.001  0.002   0.000    0.003      0.000    0.000    4000.0    6749.0   1.00
p_y[196]                                   0.002  0.004   0.000    0.006      0.000    0.000    4128.0    7108.0   1.00
p_y[197]                                   0.000  0.001   0.000    0.002      0.000    0.000    3433.0    6391.0   1.00
p_y[198]                                   0.000  0.000   0.000    0.001      0.000    0.000    3688.0    6304.0   1.00
p_y[199]                                   0.001  0.002   0.000    0.002      0.000    0.000    4187.0    7876.0   1.00
p_y[200]                                   0.001  0.003   0.000    0.004      0.000    0.000    3611.0    6749.0   1.00
p_y[201]                                   0.002  0.004   0.000    0.008      0.000    0.000    4633.0    8150.0   1.00
p_y[202]                                   0.001  0.003   0.000    0.004      0.000    0.000    4272.0    7114.0   1.00
p_y[203]                                   0.000  0.001   0.000    0.001      0.000    0.000    4419.0    6504.0   1.00
p_y[204]                                   0.004  0.010   0.000    0.014      0.000    0.001    2493.0    4777.0   1.00
p_y[205]                                   0.004  0.008   0.000    0.015      0.000    0.000    3668.0    6650.0   1.00
p_y[206]                                   0.001  0.002   0.000    0.002      0.000    0.000    3011.0    5752.0   1.00
p_y[207]                                   0.003  0.010   0.000    0.013      0.000    0.000    2328.0    5556.0   1.00
p_y[208]                                   0.001  0.004   0.000    0.005      0.000    0.000    3634.0    5039.0   1.00
p_y[209]                                   0.000  0.001   0.000    0.001      0.000    0.000    3896.0    7302.0   1.00
p_y[210]                                   0.001  0.002   0.000    0.002      0.000    0.000    4141.0    8209.0   1.00
p_y[211]                                   0.001  0.002   0.000    0.002      0.000    0.000    4729.0    7677.0   1.00
p_y[212]                                   0.001  0.001   0.000    0.002      0.000    0.000    2768.0    5566.0   1.00
p_y[213]                                   0.001  0.005   0.000    0.005      0.000    0.000    5450.0    9458.0   1.00
p_y[214]                                   0.001  0.001   0.000    0.002      0.000    0.000    3865.0    7047.0   1.00
p_y[215]                                   0.002  0.005   0.000    0.007      0.000    0.000    4105.0    7085.0   1.00
p_y[216]                                   0.001  0.002   0.000    0.003      0.000    0.000    2359.0    4902.0   1.00
p_y[217]                                   0.002  0.003   0.000    0.006      0.000    0.000    4510.0    6762.0   1.00
p_y[218]                                   0.000  0.001   0.000    0.001      0.000    0.000    2957.0    6655.0   1.00
p_y[219]                                   0.001  0.002   0.000    0.003      0.000    0.000    3021.0    6325.0   1.00
p_y[220]                                   0.001  0.002   0.000    0.002      0.000    0.000    3304.0    7056.0   1.00
p_y[221]                                   0.004  0.004   0.000    0.012      0.000    0.000    5908.0    5434.0   1.00
p_y[222]                                   0.001  0.003   0.000    0.004      0.000    0.000    2880.0    5425.0   1.00
p_y[223]                                   0.001  0.006   0.000    0.004      0.000    0.001    3690.0    8400.0   1.00
p_y[224]                                   0.001  0.004   0.000    0.005      0.000    0.000    2731.0    6105.0   1.00
p_y[225]                                   0.001  0.003   0.000    0.003      0.000    0.000    2581.0    5566.0   1.00
p_y[226]                                   0.001  0.001   0.000    0.003      0.000    0.000    3149.0    6819.0   1.00
p_y[227]                                   0.006  0.015   0.000    0.023      0.000    0.001    4440.0    6581.0   1.00
p_y[228]                                   0.008  0.014   0.000    0.031      0.000    0.000    1961.0    5420.0   1.00
p_y[229]                                   0.001  0.002   0.000    0.003      0.000    0.000    2291.0    4486.0   1.00
p_y[230]                                   0.000  0.001   0.000    0.001      0.000    0.000    2262.0    5706.0   1.00
p_y[231]                                   0.001  0.003   0.000    0.005      0.000    0.000    3191.0    5830.0   1.00
p_y[232]                                   0.000  0.000   0.000    0.001      0.000    0.000    2362.0    4771.0   1.00
p_y[233]                                   0.002  0.004   0.000    0.006      0.000    0.000    4277.0    6857.0   1.00
p_y[234]                                   0.000  0.001   0.000    0.001      0.000    0.000    3049.0    5987.0   1.00
p_y[235]                                   0.002  0.004   0.000    0.005      0.000    0.000    4964.0    7927.0   1.00
p_y[236]                                   0.000  0.001   0.000    0.001      0.000    0.000    3356.0    6082.0   1.00
p_y[237]                                   0.000  0.001   0.000    0.001      0.000    0.000    3279.0    5839.0   1.00
p_y[238]                                   0.001  0.002   0.000    0.003      0.000    0.000    2639.0    4530.0   1.00
p_y[239]                                   0.001  0.003   0.000    0.004      0.000    0.000    2999.0    5751.0   1.00
p_y[240]                                   0.001  0.002   0.000    0.003      0.000    0.000    3974.0    7194.0   1.00
p_y[241]                                   0.000  0.001   0.000    0.001      0.000    0.000    3325.0    7778.0   1.00
p_y[242]                                   0.001  0.003   0.000    0.003      0.000    0.000    3823.0    7015.0   1.00
p_y[243]                                   0.001  0.002   0.000    0.004      0.000    0.000    3093.0    5174.0   1.00
p_y[244]                                   0.001  0.002   0.000    0.004      0.000    0.000    4013.0    6902.0   1.00
p_y[245]                                   0.001  0.004   0.000    0.005      0.000    0.000    3476.0    7681.0   1.00
p_y[246]                                   0.001  0.003   0.000    0.005      0.000    0.000    4754.0    7539.0   1.00
p_y[247]                                   0.000  0.001   0.000    0.001      0.000    0.000    3571.0    5612.0   1.00
p_y[248]                                   0.004  0.007   0.000    0.013      0.000    0.000    4651.0    6787.0   1.00
p_y[249]                                   0.001  0.002   0.000    0.002      0.000    0.000    3478.0    7296.0   1.00
p_y[250]                                   0.001  0.004   0.000    0.005      0.000    0.000    5149.0    6868.0   1.00
p_y[251]                                   0.001  0.001   0.000    0.002      0.000    0.000    2972.0    5010.0   1.00
p_y[252]                                   0.011  0.023   0.000    0.044      0.000    0.001    5747.0    7677.0   1.00
p_y[253]                                   0.001  0.002   0.000    0.003      0.000    0.000    5509.0    7429.0   1.00
p_y[254]                                   0.001  0.002   0.000    0.002      0.000    0.000    4367.0    6673.0   1.00
p_y[255]                                   0.003  0.006   0.000    0.012      0.000    0.000    4820.0    7227.0   1.00
p_y[256]                                   0.003  0.003   0.000    0.008      0.000    0.000    5641.0    7237.0   1.00
p_y[257]                                   0.007  0.009   0.000    0.023      0.000    0.000    6317.0    7317.0   1.00
p_y[258]                                   0.004  0.006   0.000    0.014      0.000    0.000    7256.0   10094.0   1.00
p_y[259]                                   0.001  0.004   0.000    0.005      0.000    0.000    5770.0    8702.0   1.00
p_y[260]                                   0.010  0.017   0.000    0.035      0.000    0.000    5744.0    8255.0   1.00
p_y[261]                                   0.001  0.002   0.000    0.002      0.000    0.000    4472.0    7072.0   1.00
p_y[262]                                   0.005  0.004   0.000    0.012      0.000    0.000    4748.0    6538.0   1.00
p_y[263]                                   0.003  0.006   0.000    0.011      0.000    0.000    5958.0    7793.0   1.00
p_y[264]                                   0.003  0.009   0.000    0.012      0.000    0.000    5104.0    8068.0   1.00
p_y[265]                                   0.001  0.003   0.000    0.005      0.000    0.000    6631.0    9492.0   1.00
p_y[266]                                   0.002  0.005   0.000    0.008      0.000    0.000    4099.0    6196.0   1.00
p_y[267]                                   0.045  0.059   0.000    0.150      0.001    0.001    3874.0    4502.0   1.00
p_y[268]                                   0.002  0.006   0.000    0.007      0.000    0.000    5978.0    7943.0   1.00
p_y[269]                                   0.001  0.003   0.000    0.005      0.000    0.000    5019.0    5648.0   1.00
p_y[270]                                   0.001  0.002   0.000    0.003      0.000    0.000    3984.0    6253.0   1.00
p_y[271]                                   0.001  0.003   0.000    0.003      0.000    0.000    4035.0    9000.0   1.00
p_y[272]                                   0.021  0.043   0.000    0.084      0.000    0.001    5847.0    7033.0   1.00
p_y[273]                                   0.001  0.002   0.000    0.004      0.000    0.000    3289.0    7086.0   1.00
p_y[274]                                   0.001  0.002   0.000    0.004      0.000    0.000    4126.0    8524.0   1.00
p_y[275]                                   0.001  0.002   0.000    0.004      0.000    0.000    2920.0    5138.0   1.00
p_y[276]                                   0.001  0.002   0.000    0.003      0.000    0.000    3374.0    4278.0   1.00
p_y[277]                                   0.002  0.005   0.000    0.008      0.000    0.000    4629.0    7669.0   1.00
p_y[278]                                   0.002  0.005   0.000    0.007      0.000    0.000    4808.0    9101.0   1.00
p_y[279]                                   0.002  0.004   0.000    0.006      0.000    0.000    5118.0    8597.0   1.00
p_y[280]                                   0.001  0.004   0.000    0.005      0.000    0.001    5136.0    7894.0   1.00
p_y[281]                                   0.002  0.006   0.000    0.009      0.000    0.000    4294.0    7186.0   1.00
p_y[282]                                   0.001  0.003   0.000    0.003      0.000    0.000    4575.0    7825.0   1.00
p_y[283]                                   0.002  0.004   0.000    0.007      0.000    0.000    3337.0    6455.0   1.00
p_y[284]                                   0.001  0.001   0.000    0.002      0.000    0.000    3463.0    7369.0   1.00
p_y[285]                                   0.003  0.008   0.000    0.012      0.000    0.000    6711.0    9873.0   1.00
p_y[286]                                   0.001  0.003   0.000    0.004      0.000    0.000    3803.0    7352.0   1.00
p_y[287]                                   0.001  0.003   0.000    0.005      0.000    0.000    3402.0    6071.0   1.00
p_y[288]                                   0.001  0.002   0.000    0.002      0.000    0.000    4227.0    7375.0   1.00
p_y[289]                                   0.001  0.003   0.000    0.005      0.000    0.000    4750.0    5356.0   1.00
p_y[290]                                   0.000  0.001   0.000    0.001      0.000    0.000    4958.0    8548.0   1.00
p_y[291]                                   0.003  0.006   0.000    0.010      0.000    0.000    4943.0    7409.0   1.00
p_y[292]                                   0.001  0.002   0.000    0.003      0.000    0.000    4599.0    7823.0   1.00
p_y[293]                                   0.001  0.002   0.000    0.002      0.000    0.000    4328.0    8324.0   1.00
p_y[294]                                   0.000  0.001   0.000    0.001      0.000    0.000    3094.0    6781.0   1.00
p_y[295]                                   0.001  0.002   0.000    0.002      0.000    0.000    3810.0    7023.0   1.00
p_y[296]                                   0.000  0.001   0.000    0.002      0.000    0.000    3932.0    8060.0   1.00
p_y[297]                                   0.001  0.003   0.000    0.004      0.000    0.000    3948.0    5731.0   1.00
p_y[298]                                   0.001  0.003   0.000    0.005      0.000    0.000    4328.0    6983.0   1.00
p_y[299]                                   0.001  0.002   0.000    0.002      0.000    0.000    4051.0    7000.0   1.00
p_y[300]                                   0.001  0.001   0.000    0.002      0.000    0.000    4469.0    7731.0   1.00
p_y[301]                                   0.001  0.002   0.000    0.002      0.000    0.000    3649.0    6276.0   1.00
p_y[302]                                   0.000  0.001   0.000    0.001      0.000    0.000    4330.0    6965.0   1.00
p_y[303]                                   0.000  0.001   0.000    0.001      0.000    0.000    2793.0    5949.0   1.00
p_y[304]                                   0.000  0.001   0.000    0.002      0.000    0.000    4169.0    7560.0   1.00
p_y[305]                                   0.001  0.001   0.000    0.002      0.000    0.000    3614.0    5878.0   1.00
p_y[306]                                   0.001  0.003   0.000    0.003      0.000    0.000    4730.0    6797.0   1.00
p_y[307]                                   0.001  0.002   0.000    0.003      0.000    0.000    4080.0    6221.0   1.00
p_y[308]                                   0.001  0.001   0.000    0.002      0.000    0.000    3387.0    4868.0   1.00
p_y[309]                                   0.001  0.002   0.000    0.002      0.000    0.000    4944.0    8086.0   1.00
p_y[310]                                   0.001  0.003   0.000    0.003      0.000    0.001    4970.0    8238.0   1.00
p_y[311]                                   0.002  0.005   0.000    0.008      0.000    0.000    4425.0    6843.0   1.00
p_y[312]                                   0.001  0.002   0.000    0.004      0.000    0.000    3925.0    6409.0   1.00
p_y[313]                                   0.001  0.002   0.000    0.002      0.000    0.000    3470.0    6363.0   1.00
p_y[314]                                   0.001  0.002   0.000    0.003      0.000    0.000    3657.0    6492.0   1.00
p_y[315]                                   0.001  0.002   0.000    0.003      0.000    0.000    3666.0    7231.0   1.00
p_y[316]                                   0.001  0.003   0.000    0.005      0.000    0.000    3948.0    7721.0   1.00
p_y[317]                                   0.000  0.001   0.000    0.002      0.000    0.000    3517.0    6904.0   1.00
p_y[318]                                   0.001  0.002   0.000    0.002      0.000    0.000    4231.0    6960.0   1.00
p_y[319]                                   0.002  0.004   0.000    0.007      0.000    0.000    4380.0    7016.0   1.00
p_y[320]                                   0.001  0.002   0.000    0.003      0.000    0.000    3463.0    5947.0   1.00
p_y[321]                                   0.001  0.001   0.000    0.002      0.000    0.000    3399.0    7262.0   1.00
p_y[322]                                   0.001  0.002   0.000    0.002      0.000    0.000    5042.0    8945.0   1.00
p_y[323]                                   0.002  0.003   0.000    0.006      0.000    0.000    5430.0    7431.0   1.00
p_y[324]                                   0.001  0.002   0.000    0.003      0.000    0.000    5013.0    7234.0   1.00
p_y[325]                                   0.001  0.002   0.000    0.002      0.000    0.000    5177.0    8040.0   1.00
p_y[326]                                   0.001  0.003   0.000    0.005      0.000    0.000    4213.0    7483.0   1.00
p_y[327]                                   0.004  0.006   0.000    0.012      0.000    0.000    5676.0    6943.0   1.00
p_y[328]                                   0.002  0.004   0.000    0.007      0.000    0.000    4343.0    6728.0   1.00
p_y[329]                                   0.003  0.010   0.000    0.011      0.000    0.001    4301.0    7215.0   1.00
p_y[330]                                   0.002  0.003   0.000    0.006      0.000    0.000    5751.0    8604.0   1.00
p_y[331]                                   0.002  0.006   0.000    0.009      0.000    0.000    3750.0    6654.0   1.00
p_y[332]                                   0.002  0.008   0.000    0.008      0.000    0.000    5532.0    8951.0   1.00
p_y[333]                                   0.001  0.003   0.000    0.004      0.000    0.000    4339.0    6688.0   1.00
p_y[334]                                   0.001  0.004   0.000    0.004      0.000    0.000    4755.0    7563.0   1.00
p_y[335]                                   0.007  0.014   0.000    0.026      0.000    0.000    6224.0    7425.0   1.00
p_y[336]                                   0.003  0.007   0.000    0.013      0.000    0.000    4567.0    5805.0   1.00
p_y[337]                                   0.001  0.006   0.000    0.005      0.000    0.001    5164.0    6654.0   1.00
p_y[338]                                   0.003  0.009   0.000    0.012      0.000    0.000    6476.0    6801.0   1.00
p_y[339]                                   0.001  0.004   0.000    0.004      0.000    0.001    6017.0    9320.0   1.00
p_y[340]                                   0.009  0.007   0.000    0.022      0.000    0.000    6160.0    6657.0   1.00
p_y[341]                                   0.003  0.006   0.000    0.012      0.000    0.000    4735.0    7695.0   1.00
p_y[342]                                   0.003  0.004   0.000    0.010      0.000    0.000    6114.0    7228.0   1.00
p_y[343]                                   0.004  0.016   0.000    0.015      0.000    0.003    6024.0    7530.0   1.00
p_y[344]                                   0.007  0.027   0.000    0.023      0.000    0.003    5923.0    8581.0   1.00
p_y[345]                                   0.003  0.005   0.000    0.010      0.000    0.000    6402.0    7938.0   1.00
p_y[346]                                   0.033  0.028   0.000    0.082      0.000    0.000    5839.0    5675.0   1.00
p_y[347]                                   0.002  0.004   0.000    0.006      0.000    0.000    5679.0    6552.0   1.00
p_y[348]                                   0.008  0.021   0.000    0.030      0.000    0.001    5650.0    9684.0   1.00
p_y[349]                                   0.011  0.008   0.001    0.025      0.000    0.000    5933.0    6803.0   1.00
p_y[350]                                   0.001  0.003   0.000    0.005      0.000    0.000    4391.0    7549.0   1.00
p_y[351]                                   0.000  0.001   0.000    0.001      0.000    0.000    3013.0    4813.0   1.00
p_y[352]                                   0.000  0.001   0.000    0.002      0.000    0.000    2987.0    4047.0   1.00
p_y[353]                                   0.001  0.001   0.000    0.002      0.000    0.000    5464.0    7766.0   1.00
p_y[354]                                   0.005  0.008   0.000    0.018      0.000    0.000    3582.0    6078.0   1.00
p_y[355]                                   0.002  0.005   0.000    0.007      0.000    0.000    3430.0    6095.0   1.00
p_y[356]                                   0.000  0.001   0.000    0.002      0.000    0.000    3901.0    6978.0   1.00
p_y[357]                                   0.000  0.001   0.000    0.001      0.000    0.000    3637.0    6067.0   1.00
p_y[358]                                   0.001  0.004   0.000    0.005      0.000    0.000    4582.0    6199.0   1.00
p_y[359]                                   0.001  0.003   0.000    0.004      0.000    0.000    3969.0    7155.0   1.00
p_y[360]                                   0.002  0.006   0.000    0.009      0.000    0.000    3247.0    5580.0   1.00
p_y[361]                                   0.001  0.002   0.000    0.003      0.000    0.000    3348.0    7481.0   1.00
p_y[362]                                   0.001  0.003   0.000    0.005      0.000    0.000    4397.0    6998.0   1.00
p_y[363]                                   0.000  0.001   0.000    0.001      0.000    0.000    3297.0    6066.0   1.00
p_y[364]                                   0.001  0.001   0.000    0.003      0.000    0.000    4561.0    6451.0   1.00
p_y[365]                                   0.000  0.000   0.000    0.001      0.000    0.000    3275.0    6204.0   1.00
p_y[366]                                   0.000  0.001   0.000    0.001      0.000    0.000    3751.0    7059.0   1.00
p_y[367]                                   0.000  0.001   0.000    0.001      0.000    0.000    5275.0    7950.0   1.00
p_y[368]                                   0.000  0.000   0.000    0.001      0.000    0.000    3633.0    6144.0   1.00
p_y[369]                                   0.001  0.002   0.000    0.003      0.000    0.000    4596.0    7590.0   1.00
p_y[370]                                   0.003  0.005   0.000    0.010      0.000    0.000    3953.0    5886.0   1.00
p_y[371]                                   0.002  0.005   0.000    0.010      0.000    0.000    4255.0    6385.0   1.00
p_y[372]                                   0.005  0.015   0.000    0.019      0.000    0.001    4752.0    7319.0   1.00
p_y[373]                                   0.001  0.001   0.000    0.002      0.000    0.000    4180.0    6492.0   1.00
p_y[374]                                   0.000  0.001   0.000    0.001      0.000    0.000    3861.0    6252.0   1.00
p_y[375]                                   0.000  0.001   0.000    0.001      0.000    0.000    3624.0    6737.0   1.00
p_y[376]                                   0.000  0.001   0.000    0.002      0.000    0.000    4409.0    7097.0   1.00
p_y[377]                                   0.001  0.001   0.000    0.002      0.000    0.000    4565.0    8078.0   1.00
p_y[378]                                   0.003  0.004   0.000    0.008      0.000    0.000    3737.0    7678.0   1.00
p_y[379]                                   0.001  0.002   0.000    0.003      0.000    0.000    4399.0    6434.0   1.00
p_y[380]                                   0.001  0.001   0.000    0.002      0.000    0.000    3623.0    6379.0   1.00
p_y[381]                                   0.000  0.000   0.000    0.001      0.000    0.000    3328.0    6341.0   1.00
p_y[382]                                   0.001  0.002   0.000    0.004      0.000    0.000    3292.0    5736.0   1.00
p_y[383]                                   0.001  0.002   0.000    0.003      0.000    0.000    3881.0    6949.0   1.00
p_y[384]                                   0.001  0.001   0.000    0.002      0.000    0.000    4194.0    8656.0   1.00
p_y[385]                                   0.004  0.007   0.000    0.015      0.000    0.000    4462.0    5704.0   1.00
p_y[386]                                   0.009  0.012   0.000    0.030      0.000    0.000    4757.0    6628.0   1.00
p_y[387]                                   0.001  0.001   0.000    0.002      0.000    0.000    3509.0    5952.0   1.00
p_y[388]                                   0.002  0.003   0.000    0.006      0.000    0.000    5151.0    7330.0   1.00
p_y[389]                                   0.001  0.002   0.000    0.002      0.000    0.000    4983.0    7780.0   1.00
p_y[390]                                   0.000  0.001   0.000    0.001      0.000    0.000    4030.0    6427.0   1.00
p_y[391]                                   0.002  0.004   0.000    0.007      0.000    0.000    6437.0    9875.0   1.00
p_y[392]                                   0.001  0.002   0.000    0.002      0.000    0.000    3530.0    5595.0   1.00
p_y[393]                                   0.000  0.001   0.000    0.001      0.000    0.000    4200.0    5944.0   1.00
p_y[394]                                   0.002  0.004   0.000    0.008      0.000    0.000    3909.0    4974.0   1.00
p_y[395]                                   0.000  0.001   0.000    0.001      0.000    0.000    3611.0    6712.0   1.00
p_y[396]                                   0.000  0.001   0.000    0.001      0.000    0.000    5146.0    8354.0   1.00
p_y[397]                                   0.002  0.005   0.000    0.008      0.000    0.000    3231.0    4058.0   1.00
p_y[398]                                   0.001  0.002   0.000    0.003      0.000    0.000    4830.0    8444.0   1.00
p_y[399]                                   0.002  0.006   0.000    0.008      0.000    0.000    4243.0    8134.0   1.00
p_y[400]                                   0.001  0.003   0.000    0.004      0.000    0.000    4301.0    5978.0   1.00
p_y[401]                                   0.002  0.004   0.000    0.008      0.000    0.000    4704.0    7024.0   1.00
p_y[402]                                   0.002  0.004   0.000    0.006      0.000    0.000    3809.0    6327.0   1.00
p_y[403]                                   0.000  0.001   0.000    0.002      0.000    0.000    4320.0    8273.0   1.00
p_y[404]                                   0.000  0.001   0.000    0.001      0.000    0.000    2689.0    4936.0   1.00
p_y[405]                                   0.000  0.000   0.000    0.001      0.000    0.000    3185.0    6160.0   1.00
p_y[406]                                   0.001  0.002   0.000    0.002      0.000    0.000    2961.0    5468.0   1.00
p_y[407]                                   0.000  0.000   0.000    0.001      0.000    0.000    3658.0    7680.0   1.00
p_y[408]                                   0.002  0.005   0.000    0.006      0.000    0.000    2705.0    6953.0   1.00
p_y[409]                                   0.001  0.002   0.000    0.002      0.000    0.000    3979.0    7596.0   1.00
p_y[410]                                   0.001  0.004   0.000    0.004      0.000    0.000    3632.0    7436.0   1.00
p_y[411]                                   0.001  0.001   0.000    0.002      0.000    0.000    4413.0    8927.0   1.00
p_y[412]                                   0.001  0.003   0.000    0.004      0.000    0.000    3756.0    6624.0   1.00
p_y[413]                                   0.001  0.002   0.000    0.005      0.000    0.000    4770.0    7588.0   1.00
p_y[414]                                   0.001  0.003   0.000    0.005      0.000    0.000    4336.0    8511.0   1.00
p_y[415]                                   0.001  0.003   0.000    0.005      0.000    0.000    3744.0    5989.0   1.00
p_y[416]                                   0.000  0.002   0.000    0.002      0.000    0.000    3431.0    7577.0   1.00
p_y[417]                                   0.001  0.003   0.000    0.005      0.000    0.000    4262.0    7011.0   1.00
p_y[418]                                   0.001  0.001   0.000    0.002      0.000    0.000    5174.0    7555.0   1.00
p_y[419]                                   0.001  0.002   0.000    0.004      0.000    0.000    5644.0    8509.0   1.00
p_y[420]                                   0.002  0.004   0.000    0.007      0.000    0.000    5184.0    8744.0   1.00
p_y[421]                                   0.001  0.002   0.000    0.004      0.000    0.000    5013.0    8233.0   1.00
p_y[422]                                   0.002  0.004   0.000    0.006      0.000    0.000    5604.0    9690.0   1.00
p_y[423]                                   0.001  0.003   0.000    0.004      0.000    0.000    4054.0    8256.0   1.00
p_y[424]                                   0.002  0.005   0.000    0.009      0.000    0.000    6043.0    9703.0   1.00
p_y[425]                                   0.000  0.001   0.000    0.001      0.000    0.000    4333.0    7458.0   1.00
p_y[426]                                   0.001  0.002   0.000    0.004      0.000    0.000    5637.0    9074.0   1.00
p_y[427]                                   0.000  0.001   0.000    0.001      0.000    0.000    4252.0    7674.0   1.00
p_y[428]                                   0.004  0.008   0.000    0.014      0.000    0.000    5295.0    7176.0   1.00
p_y[429]                                   0.002  0.004   0.000    0.007      0.000    0.000    5447.0    8067.0   1.00
p_y[430]                                   0.032  0.017   0.005    0.063      0.000    0.000    6391.0    8326.0   1.00
p_y[431]                                   0.001  0.001   0.000    0.002      0.000    0.000    5112.0    8315.0   1.00
p_y[432]                                   0.001  0.003   0.000    0.004      0.000    0.000    5224.0    8784.0   1.00
p_y[433]                                   0.003  0.005   0.000    0.009      0.000    0.000    5932.0    7876.0   1.00
p_y[434]                                   0.000  0.000   0.000    0.001      0.000    0.000    4706.0    9145.0   1.00
p_y[435]                                   0.002  0.002   0.000    0.006      0.000    0.000    5663.0    7926.0   1.00
p_y[436]                                   0.001  0.003   0.000    0.004      0.000    0.000    5002.0    8664.0   1.00
p_y[437]                                   0.001  0.002   0.000    0.002      0.000    0.000    6449.0    8899.0   1.00
p_y[438]                                   0.001  0.003   0.000    0.004      0.000    0.000    5489.0    8691.0   1.00
p_y[439]                                   0.001  0.002   0.000    0.003      0.000    0.000    4998.0    7419.0   1.00
p_y[440]                                   0.001  0.003   0.000    0.005      0.000    0.000    5626.0    7850.0   1.00
p_y[441]                                   0.003  0.005   0.000    0.010      0.000    0.000    5850.0    7765.0   1.00
p_y[442]                                   0.002  0.004   0.000    0.006      0.000    0.000    5726.0    7718.0   1.00
p_y[443]                                   0.001  0.003   0.000    0.004      0.000    0.000    5486.0    7022.0   1.00
p_y[444]                                   0.001  0.001   0.000    0.002      0.000    0.000    5178.0    7827.0   1.00
p_y[445]                                   0.001  0.001   0.000    0.002      0.000    0.000    4374.0    7899.0   1.00
p_y[446]                                   0.000  0.001   0.000    0.002      0.000    0.000    4677.0    5741.0   1.00
p_y[447]                                   0.002  0.003   0.000    0.007      0.000    0.000    5596.0    7701.0   1.00
p_y[448]                                   0.000  0.001   0.000    0.001      0.000    0.000    4983.0    7854.0   1.00
p_y[449]                                   0.000  0.001   0.000    0.002      0.000    0.000    4891.0    6840.0   1.00
p_y[450]                                   0.000  0.001   0.000    0.002      0.000    0.000    5042.0    6852.0   1.00
p_y[451]                                   0.001  0.002   0.000    0.004      0.000    0.000    4298.0    6367.0   1.00
p_y[452]                                   0.000  0.001   0.000    0.002      0.000    0.000    5826.0    9454.0   1.00
p_y[453]                                   0.002  0.004   0.000    0.007      0.000    0.000    4359.0    7560.0   1.00
p_y[454]                                   0.002  0.005   0.000    0.008      0.000    0.000    4343.0    5221.0   1.00
p_y[455]                                   0.001  0.003   0.000    0.004      0.000    0.000    5140.0    7549.0   1.00
p_y[456]                                   0.000  0.001   0.000    0.001      0.000    0.000    4569.0    8685.0   1.00
p_y[457]                                   0.002  0.003   0.000    0.006      0.000    0.000    4257.0    6251.0   1.00
p_y[458]                                   0.002  0.002   0.000    0.005      0.000    0.000    6212.0    7846.0   1.00
p_y[459]                                   0.001  0.002   0.000    0.003      0.000    0.000    5399.0    7660.0   1.00
p_y[460]                                   0.001  0.001   0.000    0.002      0.000    0.000    4561.0    5900.0   1.00
p_y[461]                                   0.001  0.002   0.000    0.003      0.000    0.000    4838.0    8039.0   1.00
p_y[462]                                   0.002  0.003   0.000    0.006      0.000    0.000    5805.0    8032.0   1.00
p_y[463]                                   0.002  0.002   0.000    0.006      0.000    0.000    5032.0    6739.0   1.00
p_y[464]                                   0.001  0.003   0.000    0.004      0.000    0.000    4929.0    7983.0   1.00
p_y[465]                                   0.001  0.002   0.000    0.003      0.000    0.000    5482.0    7705.0   1.00
p_y[466]                                   0.001  0.001   0.000    0.003      0.000    0.000    7134.0    8484.0   1.00
p_y[467]                                   0.010  0.006   0.002    0.021      0.000    0.000    5962.0    7798.0   1.00
p_y[468]                                   0.001  0.001   0.000    0.003      0.000    0.000    6350.0    7751.0   1.00
p_y[469]                                   0.003  0.004   0.000    0.010      0.000    0.000    6754.0    9561.0   1.00
p_y[470]                                   0.001  0.002   0.000    0.005      0.000    0.000    5872.0    6868.0   1.00
p_y[471]                                   0.001  0.002   0.000    0.004      0.000    0.000    7081.0    9008.0   1.00
p_y[472]                                   0.004  0.003   0.000    0.010      0.000    0.000    6737.0    8380.0   1.00
p_y[473]                                   0.001  0.001   0.000    0.002      0.000    0.000    5788.0    8015.0   1.00
p_y[474]                                   0.000  0.000   0.000    0.001      0.000    0.000    4888.0    7891.0   1.00
p_y[475]                                   0.002  0.003   0.000    0.006      0.000    0.000    5033.0    8061.0   1.00
p_y[476]                                   0.001  0.001   0.000    0.002      0.000    0.000    4770.0    7471.0   1.00
p_y[477]                                   0.001  0.002   0.000    0.003      0.000    0.000    5854.0    8698.0   1.00
p_y[478]                                   0.001  0.002   0.000    0.003      0.000    0.000    5749.0    6006.0   1.00
p_y[479]                                   0.001  0.001   0.000    0.002      0.000    0.000    5487.0    8699.0   1.00
p_y[480]                                   0.000  0.001   0.000    0.001      0.000    0.000    5053.0    7186.0   1.00
p_y[481]                                   0.002  0.003   0.000    0.006      0.000    0.000    5626.0    9063.0   1.00
p_y[482]                                   0.001  0.002   0.000    0.003      0.000    0.000    5597.0    8773.0   1.00
p_y[483]                                   0.001  0.002   0.000    0.004      0.000    0.000    5785.0    8678.0   1.00
p_y[484]                                   0.004  0.005   0.000    0.012      0.000    0.000    5706.0    7953.0   1.00
p_y[485]                                   0.000  0.001   0.000    0.001      0.000    0.000    5826.0    9008.0   1.00
p_y[486]                                   0.001  0.002   0.000    0.003      0.000    0.000    5886.0    8346.0   1.00
p_y[487]                                   0.000  0.001   0.000    0.001      0.000    0.000    5026.0    7265.0   1.00
p_y[488]                                   0.024  0.025   0.000    0.069      0.000    0.000    4745.0    3881.0   1.00
p_y[489]                                   0.011  0.012   0.000    0.033      0.000    0.000    5523.0    7400.0   1.00
p_y[490]                                   0.001  0.001   0.000    0.003      0.000    0.000    5567.0    7234.0   1.00
p_y[491]                                   0.001  0.002   0.000    0.004      0.000    0.000    6121.0    8085.0   1.00
p_y[492]                                   0.005  0.009   0.000    0.018      0.000    0.000    5263.0    7099.0   1.00
p_y[493]                                   0.001  0.003   0.000    0.005      0.000    0.000    6096.0    9730.0   1.00
p_y[494]                                   0.004  0.008   0.000    0.014      0.000    0.000    5316.0    7593.0   1.00
p_y[495]                                   0.001  0.002   0.000    0.004      0.000    0.000    5226.0    7448.0   1.00
p_y[496]                                   0.001  0.003   0.000    0.005      0.000    0.000    4587.0    7426.0   1.00
p_y[497]                                   0.004  0.008   0.000    0.014      0.000    0.000    5358.0    7865.0   1.00
p_y[498]                                   0.001  0.001   0.000    0.003      0.000    0.000    2899.0    4604.0   1.00
p_y[499]                                   0.000  0.001   0.000    0.001      0.000    0.000    3104.0    6040.0   1.00
p_y[500]                                   0.000  0.000   0.000    0.000      0.000    0.000    3224.0    5990.0   1.00
p_y[501]                                   0.002  0.004   0.000    0.005      0.000    0.000    4919.0    8306.0   1.00
p_y[502]                                   0.000  0.001   0.000    0.001      0.000    0.000    3156.0    6087.0   1.00
p_y[503]                                   0.001  0.003   0.000    0.003      0.000    0.000    3633.0    5694.0   1.00
p_y[504]                                   0.000  0.001   0.000    0.001      0.000    0.000    3931.0    5842.0   1.00
p_y[505]                                   0.000  0.001   0.000    0.001      0.000    0.000    3068.0    6996.0   1.00
p_y[506]                                   0.000  0.001   0.000    0.002      0.000    0.000    3931.0    7223.0   1.00
p_y[507]                                   0.002  0.005   0.000    0.007      0.000    0.000    3972.0    6648.0   1.00
p_y[508]                                   0.001  0.001   0.000    0.002      0.000    0.000    3082.0    6897.0   1.00
p_y[509]                                   0.003  0.006   0.000    0.009      0.000    0.000    4531.0    7083.0   1.00
p_y[510]                                   0.001  0.003   0.000    0.004      0.000    0.000    3661.0    6642.0   1.00
p_y[511]                                   0.001  0.003   0.000    0.004      0.000    0.000    4221.0    6540.0   1.00
p_y[512]                                   0.002  0.006   0.000    0.008      0.000    0.000    4540.0    7960.0   1.00
p_y[513]                                   0.001  0.001   0.000    0.002      0.000    0.000    3511.0    6512.0   1.00
p_y[514]                                   0.001  0.003   0.000    0.005      0.000    0.000    5061.0    9387.0   1.00
p_y[515]                                   0.001  0.002   0.000    0.002      0.000    0.000    3532.0    6291.0   1.00
p_y[516]                                   0.001  0.002   0.000    0.002      0.000    0.000    5051.0    7247.0   1.00
p_y[517]                                   0.001  0.001   0.000    0.002      0.000    0.000    3594.0    5561.0   1.00
p_y[518]                                   0.004  0.006   0.000    0.012      0.000    0.000    4758.0    7144.0   1.00
p_y[519]                                   0.001  0.003   0.000    0.005      0.000    0.000    3714.0    6619.0   1.00
p_y[520]                                   0.001  0.002   0.000    0.004      0.000    0.000    3608.0    5652.0   1.00
p_y[521]                                   0.000  0.001   0.000    0.001      0.000    0.000    4187.0    5776.0   1.00
p_y[522]                                   0.001  0.003   0.000    0.003      0.000    0.000    4390.0    6481.0   1.00
p_y[523]                                   0.001  0.002   0.000    0.002      0.000    0.000    3882.0    5636.0   1.00
p_y[524]                                   0.002  0.002   0.000    0.005      0.000    0.000    4406.0    7016.0   1.00
p_y[525]                                   0.001  0.002   0.000    0.003      0.000    0.000    4310.0    7531.0   1.00
p_y[526]                                   0.002  0.005   0.000    0.009      0.000    0.000    4403.0    6711.0   1.00
p_y[527]                                   0.001  0.001   0.000    0.003      0.000    0.000    5781.0    8303.0   1.00
p_y[528]                                   0.002  0.004   0.000    0.008      0.000    0.000    4917.0    8137.0   1.00
p_y[529]                                   0.006  0.014   0.000    0.024      0.000    0.000    5163.0    8197.0   1.00
p_y[530]                                   0.006  0.016   0.000    0.023      0.000    0.001    5515.0    6924.0   1.00
p_y[531]                                   0.003  0.007   0.000    0.012      0.000    0.000    5430.0    8727.0   1.00
p_y[532]                                   0.001  0.002   0.000    0.004      0.000    0.000    4045.0    5584.0   1.00
p_y[533]                                   0.002  0.003   0.000    0.006      0.000    0.000    4594.0    7294.0   1.00
p_y[534]                                   0.002  0.003   0.000    0.006      0.000    0.000    4549.0    7137.0   1.00
p_y[535]                                   0.001  0.002   0.000    0.004      0.000    0.000    5023.0    8122.0   1.00
p_y[536]                                   0.000  0.001   0.000    0.001      0.000    0.000    4553.0    8080.0   1.00
p_y[537]                                   0.001  0.002   0.000    0.003      0.000    0.000    4903.0    7461.0   1.00
p_y[538]                                   0.001  0.001   0.000    0.002      0.000    0.000    4172.0    7788.0   1.00
p_y[539]                                   0.001  0.004   0.000    0.005      0.000    0.000    3835.0    6904.0   1.00
p_y[540]                                   0.000  0.001   0.000    0.001      0.000    0.000    3965.0    7174.0   1.00
p_y[541]                                   0.001  0.002   0.000    0.004      0.000    0.000    4750.0    7380.0   1.00
p_y[542]                                   0.001  0.002   0.000    0.003      0.000    0.000    4277.0    8341.0   1.00
p_y[543]                                   0.003  0.007   0.000    0.012      0.000    0.000    5868.0    8357.0   1.00
p_y[544]                                   0.001  0.002   0.000    0.002      0.000    0.000    2802.0    6305.0   1.00
p_y[545]                                   0.000  0.000   0.000    0.000      0.000    0.000    2867.0    5146.0   1.00
p_y[546]                                   0.003  0.004   0.000    0.009      0.000    0.000    4172.0    7252.0   1.00
p_y[547]                                   0.000  0.000   0.000    0.001      0.000    0.000    3309.0    6743.0   1.00
p_y[548]                                   0.000  0.000   0.000    0.001      0.000    0.000    3163.0    6996.0   1.00
p_y[549]                                   0.024  0.013   0.005    0.048      0.000    0.000    6234.0    8237.0   1.00
p_y[550]                                   0.001  0.002   0.000    0.004      0.000    0.000    3841.0    6506.0   1.00
p_y[551]                                   0.002  0.004   0.000    0.008      0.000    0.000    4727.0    8318.0   1.00
p_y[552]                                   0.002  0.005   0.000    0.008      0.000    0.000    4904.0    7613.0   1.00
p_y[553]                                   0.001  0.003   0.000    0.005      0.000    0.000    5362.0    8564.0   1.00
p_y[554]                                   0.002  0.007   0.000    0.008      0.000    0.000    5491.0    8170.0   1.00
p_y[555]                                   0.002  0.005   0.000    0.007      0.000    0.000    4550.0    6560.0   1.00
p_y[556]                                   0.000  0.001   0.000    0.002      0.000    0.000    4108.0    7502.0   1.00
p_y[557]                                   0.012  0.022   0.000    0.045      0.000    0.001    4828.0    5668.0   1.00
p_y[558]                                   0.000  0.001   0.000    0.002      0.000    0.000    3121.0    7266.0   1.00
p_y[559]                                   0.000  0.001   0.000    0.001      0.000    0.000    2935.0    6303.0   1.00
p_y[560]                                   0.005  0.009   0.000    0.019      0.000    0.000    4888.0    7543.0   1.00
p_y[561]                                   0.000  0.000   0.000    0.000      0.000    0.000    2787.0    6282.0   1.00
p_y[562]                                   0.000  0.002   0.000    0.002      0.000    0.000    3127.0    6854.0   1.00
p_y[563]                                   0.000  0.000   0.000    0.000      0.000    0.000    2796.0    5853.0   1.00
p_y[564]                                   0.001  0.002   0.000    0.002      0.000    0.000    2789.0    5200.0   1.00
p_y[565]                                   0.001  0.002   0.000    0.004      0.000    0.000    2722.0    5900.0   1.00
p_y[566]                                   0.000  0.000   0.000    0.000      0.000    0.000    2672.0    4996.0   1.00
p_y[567]                                   0.005  0.008   0.000    0.017      0.000    0.000    5410.0    8155.0   1.00
p_y[568]                                   0.001  0.003   0.000    0.004      0.000    0.000    3627.0    7316.0   1.00
p_y[569]                                   0.000  0.001   0.000    0.001      0.000    0.000    4417.0    7887.0   1.00
p_y[570]                                   0.001  0.001   0.000    0.002      0.000    0.000    4926.0    8331.0   1.00
p_y[571]                                   0.000  0.001   0.000    0.001      0.000    0.000    3876.0    7266.0   1.00
p_y[572]                                   0.000  0.000   0.000    0.000      0.000    0.000    3996.0    7430.0   1.00
p_y[573]                                   0.002  0.004   0.000    0.007      0.000    0.000    5657.0    7904.0   1.00
p_y[574]                                   0.000  0.001   0.000    0.001      0.000    0.000    3787.0    7170.0   1.00
p_y[575]                                   0.001  0.001   0.000    0.002      0.000    0.000    3679.0    6105.0   1.00
p_y[576]                                   0.008  0.006   0.000    0.020      0.000    0.000    5215.0    8056.0   1.00
p_y[577]                                   0.001  0.002   0.000    0.005      0.000    0.000    6719.0    9113.0   1.00
p_y[578]                                   0.003  0.004   0.000    0.010      0.000    0.000    5806.0    6857.0   1.00
p_y[579]                                   0.001  0.003   0.000    0.005      0.000    0.000    5991.0    9767.0   1.00
p_y[580]                                   0.001  0.002   0.000    0.003      0.000    0.000    6191.0    8595.0   1.00
p_y[581]                                   0.004  0.006   0.000    0.014      0.000    0.000    6027.0    5305.0   1.00
p_y[582]                                   0.000  0.001   0.000    0.002      0.000    0.000    4601.0    7549.0   1.00
p_y[583]                                   0.000  0.000   0.000    0.000      0.000    0.000    3541.0    5887.0   1.00
p_y[584]                                   0.004  0.005   0.000    0.012      0.000    0.000    6664.0    8783.0   1.00
p_y[585]                                   0.000  0.000   0.000    0.000      0.000    0.000    3120.0    6042.0   1.00
p_y[586]                                   0.013  0.013   0.000    0.036      0.000    0.000    6300.0    6709.0   1.00
p_y[587]                                   0.000  0.001   0.000    0.001      0.000    0.000    2366.0    5246.0   1.00
p_y[588]                                   0.000  0.001   0.000    0.001      0.000    0.000    2960.0    6325.0   1.00
p_y[589]                                   0.004  0.006   0.000    0.014      0.000    0.000    6934.0    8972.0   1.00
p_y[590]                                   0.001  0.002   0.000    0.003      0.000    0.000    3663.0    6668.0   1.00
p_y[591]                                   0.000  0.001   0.000    0.001      0.000    0.000    2926.0    5624.0   1.00
p_y[592]                                   0.007  0.009   0.000    0.022      0.000    0.000    6364.0    6080.0   1.00
p_y[593]                                   0.003  0.004   0.000    0.010      0.000    0.000    4036.0    5080.0   1.00
p_y[594]                                   0.003  0.006   0.000    0.012      0.000    0.000    6645.0    9975.0   1.00
p_y[595]                                   0.005  0.009   0.000    0.019      0.000    0.000    5953.0    8756.0   1.00
p_y[596]                                   0.005  0.006   0.000    0.015      0.000    0.000    7037.0    8718.0   1.00
p_y[597]                                   0.001  0.002   0.000    0.003      0.000    0.000    3727.0    7129.0   1.00
p_y[598]                                   0.008  0.010   0.000    0.025      0.000    0.000    6130.0    7717.0   1.00
p_y[599]                                   0.004  0.005   0.000    0.012      0.000    0.000    4700.0    6128.0   1.00
p_y[600]                                   0.003  0.005   0.000    0.011      0.000    0.000    6712.0    8515.0   1.00
p_y[601]                                   0.002  0.004   0.000    0.006      0.000    0.000    4999.0    7898.0   1.00
p_y[602]                                   0.001  0.002   0.000    0.003      0.000    0.000    4675.0    6165.0   1.00
p_y[603]                                   0.000  0.000   0.000    0.001      0.000    0.000    4272.0    8509.0   1.00
p_y[604]                                   0.000  0.000   0.000    0.001      0.000    0.000    4641.0    7496.0   1.00
p_y[605]                                   0.001  0.003   0.000    0.004      0.000    0.000    4076.0    7854.0   1.00
p_y[606]                                   0.001  0.003   0.000    0.004      0.000    0.000    4961.0    7477.0   1.00
p_y[607]                                   0.003  0.006   0.000    0.011      0.000    0.000    5103.0    7952.0   1.00
p_y[608]                                   0.004  0.008   0.000    0.014      0.000    0.000    4058.0    5618.0   1.00
p_y[609]                                   0.006  0.011   0.000    0.020      0.000    0.000    4022.0    6501.0   1.00
p_y[610]                                   0.001  0.001   0.000    0.002      0.000    0.000    3606.0    7364.0   1.00
p_y[611]                                   0.001  0.001   0.000    0.002      0.000    0.000    3740.0    7170.0   1.00
p_y[612]                                   0.001  0.002   0.000    0.003      0.000    0.000    3281.0    6223.0   1.00
p_y[613]                                   0.003  0.006   0.000    0.010      0.000    0.000    3751.0    6692.0   1.00
p_y[614]                                   0.004  0.009   0.000    0.016      0.000    0.000    3983.0    6635.0   1.00
p_y[615]                                   0.003  0.007   0.000    0.012      0.000    0.000    3787.0    7132.0   1.00
p_y[616]                                   0.001  0.003   0.000    0.004      0.000    0.000    4136.0    5860.0   1.00
p_y[617]                                   0.002  0.005   0.000    0.008      0.000    0.000    3965.0    7330.0   1.00
p_y[618]                                   0.006  0.012   0.000    0.022      0.000    0.000    4223.0    7113.0   1.00
p_y[619]                                   0.002  0.005   0.000    0.006      0.000    0.001    4975.0    7203.0   1.00
p_y[620]                                   0.002  0.003   0.000    0.005      0.000    0.000    4783.0    8149.0   1.00
p_y[621]                                   0.001  0.002   0.000    0.004      0.000    0.000    3824.0    6638.0   1.00
p_y[622]                                   0.001  0.003   0.000    0.005      0.000    0.000    3575.0    7422.0   1.00
p_y[623]                                   0.031  0.039   0.000    0.099      0.000    0.001    4130.0    6051.0   1.00
p_y[624]                                   0.001  0.003   0.000    0.005      0.000    0.000    4257.0    7559.0   1.00
p_y[625]                                   0.002  0.002   0.000    0.005      0.000    0.000    3661.0    5639.0   1.00
p_y[626]                                   0.005  0.009   0.000    0.019      0.000    0.000    4624.0    5825.0   1.00
p_y[627]                                   0.001  0.002   0.000    0.005      0.000    0.000    3948.0    6216.0   1.00
p_y[628]                                   0.001  0.001   0.000    0.002      0.000    0.000    3860.0    5611.0   1.00
p_y[629]                                   0.000  0.001   0.000    0.001      0.000    0.000    3883.0    6369.0   1.00
p_y[630]                                   0.001  0.002   0.000    0.002      0.000    0.000    3508.0    4944.0   1.00
p_y[631]                                   0.002  0.004   0.000    0.006      0.000    0.000    4831.0    6084.0   1.00
p_y[632]                                   0.000  0.001   0.000    0.001      0.000    0.000    2959.0    6467.0   1.00
p_y[633]                                   0.000  0.001   0.000    0.001      0.000    0.000    3108.0    6288.0   1.00
p_y[634]                                   0.000  0.002   0.000    0.002      0.000    0.000    3902.0    7206.0   1.00
p_y[635]                                   0.001  0.004   0.000    0.005      0.000    0.000    4226.0    6545.0   1.00
p_y[636]                                   0.000  0.001   0.000    0.002      0.000    0.000    3874.0    8338.0   1.00
p_y[637]                                   0.001  0.005   0.000    0.005      0.000    0.000    3971.0    6982.0   1.00
p_y[638]                                   0.000  0.001   0.000    0.001      0.000    0.000    2900.0    5948.0   1.00
p_y[639]                                   0.001  0.003   0.000    0.002      0.000    0.001    3458.0    4982.0   1.00
p_y[640]                                   0.000  0.001   0.000    0.001      0.000    0.000    3265.0    6611.0   1.00
p_y[641]                                   0.003  0.002   0.000    0.006      0.000    0.000    3846.0    5422.0   1.00
p_y[642]                                   0.001  0.003   0.000    0.003      0.000    0.000    4032.0    5577.0   1.00
p_y[643]                                   0.000  0.001   0.000    0.002      0.000    0.000    4433.0    7005.0   1.00
p_y[644]                                   0.001  0.002   0.000    0.002      0.000    0.000    3410.0    4459.0   1.00
p_y[645]                                   0.000  0.001   0.000    0.001      0.000    0.000    3346.0    5680.0   1.00
p_y[646]                                   0.000  0.001   0.000    0.001      0.000    0.000    3239.0    6199.0   1.00
p_y[647]                                   0.002  0.006   0.000    0.006      0.000    0.000    3736.0    7223.0   1.00
p_y[648]                                   0.001  0.003   0.000    0.005      0.000    0.000    3310.0    4763.0   1.00
p_y[649]                                   0.000  0.001   0.000    0.001      0.000    0.000    2863.0    6847.0   1.00
p_y[650]                                   0.001  0.002   0.000    0.002      0.000    0.000    3590.0    6367.0   1.00
p_y[651]                                   0.000  0.001   0.000    0.001      0.000    0.000    2797.0    5918.0   1.00
p_y[652]                                   0.000  0.001   0.000    0.002      0.000    0.000    2986.0    3467.0   1.00
p_y[653]                                   0.000  0.001   0.000    0.001      0.000    0.000    3142.0    6226.0   1.00
p_y[654]                                   0.001  0.001   0.000    0.002      0.000    0.000    3723.0    7463.0   1.00
p_y[655]                                   0.001  0.001   0.000    0.002      0.000    0.000    3699.0    4882.0   1.00
p_y[656]                                   0.001  0.002   0.000    0.003      0.000    0.000    4732.0    6904.0   1.00
p_y[657]                                   0.002  0.006   0.000    0.009      0.000    0.001    3384.0    5646.0   1.00
p_y[658]                                   0.002  0.005   0.000    0.007      0.000    0.000    3114.0    3831.0   1.00
p_y[659]                                   0.002  0.005   0.000    0.008      0.000    0.000    4076.0    7157.0   1.00
p_y[660]                                   0.001  0.003   0.000    0.004      0.000    0.000    3794.0    5834.0   1.00
p_y[661]                                   0.002  0.004   0.000    0.009      0.000    0.000    3586.0    7629.0   1.00
p_y[662]                                   0.002  0.004   0.000    0.007      0.000    0.000    4146.0    8028.0   1.00
p_y[663]                                   0.003  0.006   0.000    0.011      0.000    0.000    4865.0    9115.0   1.00
p_y[664]                                   0.006  0.011   0.000    0.023      0.000    0.000    5881.0    8301.0   1.00
p_y[665]                                   0.001  0.002   0.000    0.002      0.000    0.000    3976.0    7904.0   1.00
p_y[666]                                   0.000  0.001   0.000    0.001      0.000    0.000    3616.0    7518.0   1.00
p_y[667]                                   0.001  0.003   0.000    0.004      0.000    0.000    5595.0    8819.0   1.00
p_y[668]                                   0.001  0.003   0.000    0.004      0.000    0.000    3701.0    7427.0   1.00
p_y[669]                                   0.001  0.001   0.000    0.002      0.000    0.000    3619.0    7129.0   1.00
p_y[670]                                   0.003  0.006   0.000    0.011      0.000    0.000    5674.0    9620.0   1.00
p_y[671]                                   0.003  0.007   0.000    0.011      0.000    0.000    5665.0    9600.0   1.00
p_y[672]                                   0.001  0.001   0.000    0.002      0.000    0.000    5519.0    9594.0   1.00
p_y[673]                                   0.003  0.006   0.000    0.011      0.000    0.000    5663.0    9457.0   1.00
p_y[674]                                   0.002  0.004   0.000    0.009      0.000    0.000    4671.0    7837.0   1.00
p_y[675]                                   0.003  0.004   0.000    0.009      0.000    0.000    6150.0    8773.0   1.00
p_y[676]                                   0.026  0.032   0.000    0.081      0.000    0.001    5670.0    7641.0   1.00
p_y[677]                                   0.359  0.126   0.141    0.597      0.002    0.001    4308.0    6863.0   1.00
p_y[678]                                   0.000  0.001   0.000    0.001      0.000    0.000    3680.0    7753.0   1.00
p_y[679]                                   0.000  0.001   0.000    0.001      0.000    0.000    3422.0    7174.0   1.00
p_y[680]                                   0.008  0.014   0.000    0.028      0.000    0.000    6413.0    7125.0   1.00
p_y[681]                                   0.000  0.001   0.000    0.001      0.000    0.000    3118.0    6079.0   1.00
p_y[682]                                   0.001  0.004   0.000    0.005      0.000    0.000    3270.0    7011.0   1.00
p_y[683]                                   0.008  0.014   0.000    0.028      0.000    0.000    6387.0    8803.0   1.00
p_y[684]                                   0.015  0.023   0.000    0.051      0.000    0.001    7583.0    8071.0   1.00
p_y[685]                                   0.001  0.001   0.000    0.002      0.000    0.000    4338.0    8367.0   1.00
p_y[686]                                   0.000  0.001   0.000    0.001      0.000    0.000    3959.0    7838.0   1.00
p_y[687]                                   0.000  0.001   0.000    0.001      0.000    0.000    3743.0    6899.0   1.00
p_y[688]                                   0.002  0.005   0.000    0.008      0.000    0.000    4919.0    8212.0   1.00
p_y[689]                                   0.002  0.003   0.000    0.006      0.000    0.000    3951.0    7187.0   1.00
p_y[690]                                   0.003  0.004   0.000    0.009      0.000    0.000    4510.0    6584.0   1.00
p_y[691]                                   0.000  0.001   0.000    0.001      0.000    0.000    5126.0    9239.0   1.00
p_y[692]                                   0.000  0.001   0.000    0.002      0.000    0.000    4012.0    6426.0   1.00
p_y[693]                                   0.001  0.002   0.000    0.002      0.000    0.000    4439.0    7434.0   1.00
p_y[694]                                   0.000  0.001   0.000    0.001      0.000    0.000    3807.0    6546.0   1.00
p_y[695]                                   0.001  0.002   0.000    0.002      0.000    0.000    3424.0    6601.0   1.00
p_y[696]                                   0.001  0.001   0.000    0.002      0.000    0.000    4186.0    6704.0   1.00
p_y[697]                                   0.000  0.001   0.000    0.002      0.000    0.000    3684.0    7066.0   1.00
p_y[698]                                   0.000  0.001   0.000    0.001      0.000    0.000    3935.0    6395.0   1.00
p_y[699]                                   0.000  0.001   0.000    0.001      0.000    0.000    3598.0    6421.0   1.00
p_y[700]                                   0.001  0.002   0.000    0.003      0.000    0.000    4268.0    5894.0   1.00
p_y[701]                                   0.001  0.002   0.000    0.002      0.000    0.000    4483.0    8679.0   1.00
p_y[702]                                   0.001  0.002   0.000    0.004      0.000    0.000    5739.0    7574.0   1.00
p_y[703]                                   0.000  0.000   0.000    0.000      0.000    0.000    4121.0    7414.0   1.00
p_y[704]                                   0.000  0.001   0.000    0.001      0.000    0.000    4305.0    7364.0   1.00
p_y[705]                                   0.000  0.001   0.000    0.002      0.000    0.000    4222.0    7843.0   1.00
p_y[706]                                   0.000  0.001   0.000    0.001      0.000    0.000    4716.0    7300.0   1.00
p_y[707]                                   0.001  0.003   0.000    0.005      0.000    0.000    4653.0    7511.0   1.00
p_y[708]                                   0.000  0.001   0.000    0.002      0.000    0.000    5142.0    8482.0   1.00
p_y[709]                                   0.001  0.001   0.000    0.002      0.000    0.000    4865.0    8379.0   1.00
p_y[710]                                   0.003  0.006   0.000    0.010      0.000    0.000    5320.0    7911.0   1.00
p_y[711]                                   0.005  0.011   0.000    0.021      0.000    0.000    5386.0    8388.0   1.00
p_y[712]                                   0.003  0.005   0.000    0.010      0.000    0.000    4744.0    7789.0   1.00
p_y[713]                                   0.002  0.006   0.000    0.009      0.000    0.000    5510.0    7596.0   1.00
p_y[714]                                   0.003  0.006   0.000    0.009      0.000    0.000    5521.0    8062.0   1.00
p_y[715]                                   0.004  0.010   0.000    0.013      0.000    0.001    5410.0    8670.0   1.00
p_y[716]                                   0.001  0.002   0.000    0.002      0.000    0.000    5465.0    7625.0   1.00
p_y[717]                                   0.001  0.001   0.000    0.003      0.000    0.000    5243.0    7876.0   1.00
p_y[718]                                   0.001  0.001   0.000    0.002      0.000    0.000    6177.0    8019.0   1.00
p_y[719]                                   0.013  0.032   0.000    0.051      0.000    0.001    6655.0    8727.0   1.00
p_y[720]                                   0.002  0.005   0.000    0.007      0.000    0.000    3585.0    6831.0   1.00
p_y[721]                                   0.002  0.003   0.000    0.006      0.000    0.000    4733.0    6995.0   1.00
p_y[722]                                   0.001  0.004   0.000    0.004      0.000    0.000    5826.0    8811.0   1.00
p_y[723]                                   0.001  0.001   0.000    0.002      0.000    0.000    5595.0    8086.0   1.00
p_y[724]                                   0.002  0.003   0.000    0.006      0.000    0.000    6012.0    8055.0   1.00
p_y[725]                                   0.002  0.003   0.000    0.005      0.000    0.000    5283.0    7328.0   1.00
p_y[726]                                   0.002  0.003   0.000    0.007      0.000    0.000    5145.0    7231.0   1.00
p_y[727]                                   0.002  0.004   0.000    0.008      0.000    0.000    6158.0    9396.0   1.00
p_y[728]                                   0.002  0.003   0.000    0.007      0.000    0.000    4488.0    7787.0   1.00
p_y[729]                                   0.001  0.003   0.000    0.004      0.000    0.000    4248.0    7532.0   1.00
p_y[730]                                   0.002  0.004   0.000    0.007      0.000    0.000    6870.0    9161.0   1.00
p_y[731]                                   0.001  0.003   0.000    0.005      0.000    0.000    4898.0    7474.0   1.00
p_y[732]                                   0.003  0.008   0.000    0.009      0.000    0.001    4760.0    7837.0   1.00
p_y[733]                                   0.002  0.006   0.000    0.006      0.000    0.001    3396.0    7033.0   1.00
p_y[734]                                   0.001  0.003   0.000    0.003      0.000    0.000    2898.0    5843.0   1.00
p_y[735]                                   0.014  0.011   0.000    0.034      0.000    0.000    5195.0    5545.0   1.00
p_y[736]                                   0.001  0.002   0.000    0.003      0.000    0.000    3371.0    6413.0   1.00
p_y[737]                                   0.003  0.004   0.000    0.010      0.000    0.000    5259.0    5854.0   1.00
p_y[738]                                   0.003  0.004   0.000    0.009      0.000    0.000    5223.0    6653.0   1.00
p_y[739]                                   0.002  0.003   0.000    0.006      0.000    0.000    5080.0    8169.0   1.00
p_y[740]                                   0.000  0.001   0.000    0.001      0.000    0.000    4608.0    7908.0   1.00
p_y[741]                                   0.006  0.009   0.000    0.019      0.000    0.000    5749.0    6669.0   1.00
p_y[742]                                   0.032  0.088   0.000    0.147      0.001    0.002    1640.0    1786.0   1.00
p_y[743]                                   0.055  0.098   0.000    0.224      0.001    0.001    1675.0    1863.0   1.00
p_y[744]                                   0.069  0.168   0.000    0.383      0.002    0.003    1740.0    1880.0   1.00
p_y[745]                                   0.027  0.031   0.000    0.081      0.000    0.000    5271.0    4557.0   1.00
p_y[746]                                   0.006  0.035   0.000    0.019      0.000    0.002    1953.0    2206.0   1.00
p_y[747]                                   0.005  0.024   0.000    0.016      0.000    0.001    2332.0    2990.0   1.00
p_y[748]                                   0.004  0.019   0.000    0.012      0.000    0.001    2919.0    4220.0   1.00
p_y[749]                                   0.010  0.020   0.000    0.040      0.000    0.000    3992.0    4025.0   1.00
p_y[750]                                   0.002  0.002   0.000    0.005      0.000    0.000    5627.0    7210.0   1.00
p_y[751]                                   0.003  0.007   0.000    0.010      0.000    0.000    5367.0    7160.0   1.00
p_y[752]                                   0.025  0.026   0.000    0.071      0.000    0.000    6354.0    7374.0   1.00
p_y[753]                                   0.024  0.042   0.000    0.088      0.001    0.001    6125.0    7535.0   1.00
p_y[754]                                   0.011  0.028   0.000    0.043      0.000    0.001    5993.0    8084.0   1.00
p_y[755]                                   0.091  0.146   0.000    0.372      0.002    0.003    5893.0    7742.0   1.00
p_y[756]                                   0.009  0.014   0.000    0.032      0.000    0.000    6433.0    8366.0   1.00
p_y[757]                                   0.005  0.007   0.000    0.016      0.000    0.000    5476.0    7190.0   1.00
p_y[758]                                   0.003  0.007   0.000    0.012      0.000    0.000    5153.0    7091.0   1.00
p_y[759]                                   0.035  0.065   0.000    0.132      0.001    0.002    7543.0    8272.0   1.00
p_y[760]                                   0.188  0.180   0.000    0.545      0.002    0.002    5180.0    8005.0   1.00
p_y[761]                                   0.007  0.011   0.000    0.023      0.000    0.000    5311.0    8135.0   1.00
p_y[762]                                   0.026  0.032   0.000    0.081      0.000    0.001    7179.0    9407.0   1.00
p_y[763]                                   0.005  0.011   0.000    0.018      0.000    0.000    5902.0    6674.0   1.00
p_y[764]                                   0.002  0.005   0.000    0.008      0.000    0.000    4816.0    4995.0   1.00
p_y[765]                                   0.010  0.021   0.000    0.039      0.000    0.001    5586.0    7545.0   1.00
p_y[766]                                   0.004  0.009   0.000    0.014      0.000    0.000    4442.0    8329.0   1.00
p_y[767]                                   0.001  0.001   0.000    0.002      0.000    0.000    4445.0    6800.0   1.00
p_y[768]                                   0.001  0.001   0.000    0.002      0.000    0.000    3363.0    7520.0   1.00
p_y[769]                                   0.000  0.001   0.000    0.002      0.000    0.000    3013.0    6697.0   1.00
p_y[770]                                   0.001  0.001   0.000    0.002      0.000    0.000    3537.0    6105.0   1.00
p_y[771]                                   0.007  0.010   0.000    0.022      0.000    0.000    4468.0    5678.0   1.00
p_y[772]                                   0.000  0.001   0.000    0.001      0.000    0.000    4060.0    6466.0   1.00
p_y[773]                                   0.001  0.002   0.000    0.002      0.000    0.000    3125.0    5492.0   1.00
p_y[774]                                   0.001  0.003   0.000    0.003      0.000    0.000    2899.0    5433.0   1.00
p_y[775]                                   0.001  0.001   0.000    0.002      0.000    0.000    3159.0    5462.0   1.00
p_y[776]                                   0.000  0.001   0.000    0.001      0.000    0.000    3149.0    6312.0   1.00
p_y[777]                                   0.001  0.002   0.000    0.002      0.000    0.000    3568.0    6907.0   1.00
p_y[778]                                   0.001  0.004   0.000    0.003      0.000    0.000    3804.0    7462.0   1.00
p_y[779]                                   0.001  0.002   0.000    0.002      0.000    0.000    2976.0    5666.0   1.00
p_y[780]                                   0.000  0.001   0.000    0.001      0.000    0.000    3064.0    6311.0   1.00
p_y[781]                                   0.003  0.008   0.000    0.011      0.000    0.000    2903.0    6638.0   1.00
p_y[782]                                   0.001  0.003   0.000    0.004      0.000    0.000    4014.0    6779.0   1.00
p_y[783]                                   0.001  0.003   0.000    0.004      0.000    0.000    2944.0    5972.0   1.00
p_y[784]                                   0.000  0.001   0.000    0.001      0.000    0.000    2847.0    6915.0   1.00
p_y[785]                                   0.000  0.001   0.000    0.001      0.000    0.000    2979.0    4635.0   1.00
p_y[786]                                   0.001  0.003   0.000    0.004      0.000    0.000    3398.0    5568.0   1.00
p_y[787]                                   0.001  0.004   0.000    0.005      0.000    0.000    2842.0    4484.0   1.00
p_y[788]                                   0.007  0.012   0.000    0.023      0.000    0.000    3404.0    7518.0   1.00
p_y[789]                                   0.001  0.003   0.000    0.004      0.000    0.000    3306.0    6751.0   1.00
p_y[790]                                   0.001  0.002   0.000    0.002      0.000    0.000    3566.0    5011.0   1.00
p_y[791]                                   0.002  0.006   0.000    0.007      0.000    0.001    4416.0    6231.0   1.00
p_y[792]                                   0.010  0.019   0.000    0.036      0.000    0.001    4368.0    6948.0   1.00
p_y[793]                                   0.003  0.008   0.000    0.012      0.000    0.001    4113.0    7389.0   1.00
p_y[794]                                   0.001  0.002   0.000    0.002      0.000    0.000    3699.0    7311.0   1.00
p_y[795]                                   0.003  0.006   0.000    0.011      0.000    0.000    4487.0    6980.0   1.00
p_y[796]                                   0.008  0.016   0.000    0.028      0.000    0.001    4641.0    6691.0   1.00
p_y[797]                                   0.004  0.005   0.000    0.013      0.000    0.000    5693.0    6960.0   1.00
p_y[798]                                   0.001  0.001   0.000    0.003      0.000    0.000    5043.0    6778.0   1.00
p_y[799]                                   0.001  0.002   0.000    0.004      0.000    0.000    5902.0    5900.0   1.00
p_y[800]                                   0.009  0.015   0.000    0.032      0.000    0.001    5038.0    7241.0   1.00
p_y[801]                                   0.002  0.003   0.000    0.006      0.000    0.000    5292.0    6683.0   1.00
p_y[802]                                   0.002  0.003   0.000    0.006      0.000    0.000    5567.0    8663.0   1.00
p_y[803]                                   0.002  0.004   0.000    0.007      0.000    0.000    6160.0    8610.0   1.00
p_y[804]                                   0.007  0.011   0.000    0.022      0.000    0.000    5461.0    8395.0   1.00
p_y[805]                                   0.001  0.004   0.000    0.005      0.000    0.000    6243.0    9152.0   1.00
p_y[806]                                   0.001  0.002   0.000    0.004      0.000    0.000    5721.0    9031.0   1.00
p_y[807]                                   0.005  0.007   0.000    0.018      0.000    0.000    5686.0    8118.0   1.00
p_y[808]                                   0.004  0.006   0.000    0.015      0.000    0.000    6213.0    7942.0   1.00
p_y[809]                                   0.020  0.013   0.002    0.044      0.000    0.000    6571.0    8714.0   1.00
p_y[810]                                   0.004  0.006   0.000    0.014      0.000    0.000    5470.0    6809.0   1.00
p_y[811]                                   0.010  0.011   0.000    0.029      0.000    0.000    5389.0    6051.0   1.00
p_y[812]                                   0.003  0.004   0.000    0.009      0.000    0.000    5672.0    8407.0   1.00
p_y[813]                                   0.002  0.004   0.000    0.007      0.000    0.000    5267.0    8276.0   1.00
p_y[814]                                   0.001  0.002   0.000    0.003      0.000    0.000    5524.0    8032.0   1.00
p_y[815]                                   0.004  0.008   0.000    0.014      0.000    0.000    3997.0    5898.0   1.00
p_y[816]                                   0.001  0.005   0.000    0.005      0.000    0.001    4868.0    6895.0   1.00
p_y[817]                                   0.000  0.001   0.000    0.001      0.000    0.000    4191.0    7725.0   1.00
p_y[818]                                   0.001  0.004   0.000    0.004      0.000    0.000    4156.0    6923.0   1.00
p_y[819]                                   0.003  0.006   0.000    0.011      0.000    0.000    3747.0    6908.0   1.00
p_y[820]                                   0.001  0.001   0.000    0.002      0.000    0.000    3033.0    4462.0   1.00
p_y[821]                                   0.000  0.001   0.000    0.002      0.000    0.000    3156.0    6641.0   1.00
p_y[822]                                   0.001  0.001   0.000    0.002      0.000    0.000    3770.0    7592.0   1.00
p_y[823]                                   0.002  0.004   0.000    0.007      0.000    0.000    4878.0    6544.0   1.00
p_y[824]                                   0.005  0.010   0.000    0.019      0.000    0.000    5096.0    7900.0   1.00
p_y[825]                                   0.003  0.005   0.000    0.009      0.000    0.000    6831.0    7822.0   1.00
p_y[826]                                   0.001  0.002   0.000    0.004      0.000    0.000    6362.0    9315.0   1.00
p_y[827]                                   0.003  0.005   0.000    0.011      0.000    0.000    5566.0    7361.0   1.00
p_y[828]                                   0.012  0.019   0.000    0.044      0.000    0.000    5227.0    6923.0   1.00
p_y[829]                                   0.001  0.003   0.000    0.005      0.000    0.000    5237.0    6913.0   1.00
p_y[830]                                   0.002  0.005   0.000    0.008      0.000    0.000    4385.0    5342.0   1.00
p_y[831]                                   0.003  0.007   0.000    0.012      0.000    0.000    4630.0    5580.0   1.00
p_y[832]                                   0.013  0.019   0.000    0.045      0.000    0.000    5935.0    7771.0   1.00
p_y[833]                                   0.001  0.003   0.000    0.003      0.000    0.000    3950.0    7321.0   1.00
p_y[834]                                   0.001  0.003   0.000    0.005      0.000    0.000    4176.0    6929.0   1.00
p_y[835]                                   0.005  0.008   0.000    0.017      0.000    0.000    4162.0    7912.0   1.00
p_y[836]                                   0.000  0.000   0.000    0.000      0.000    0.000    2901.0    6487.0   1.00
p_y[837]                                   0.004  0.005   0.000    0.012      0.000    0.000    5235.0    5223.0   1.00
p_y[838]                                   0.001  0.002   0.000    0.004      0.000    0.000    7449.0   11138.0   1.00
p_y[839]                                   0.000  0.001   0.000    0.001      0.000    0.000    3437.0    5657.0   1.00
p_y[840]                                   0.001  0.001   0.000    0.004      0.000    0.000    5022.0    7896.0   1.00
p_y[841]                                   0.000  0.000   0.000    0.001      0.000    0.000    4917.0    7733.0   1.00
p_y[842]                                   0.003  0.003   0.000    0.008      0.000    0.000    6516.0    6757.0   1.00
p_y[843]                                   0.047  0.081   0.000    0.177      0.001    0.002    5536.0    7975.0   1.00
p_y[844]                                   0.046  0.057   0.000    0.145      0.001    0.001    4729.0    3435.0   1.00
p_y[845]                                   0.008  0.012   0.000    0.027      0.000    0.000    5224.0    9025.0   1.00
p_y[846]                                   0.018  0.051   0.000    0.071      0.000    0.002    6909.0   10459.0   1.00
p_y[847]                                   0.012  0.014   0.000    0.036      0.000    0.000    6149.0    7497.0   1.00
p_y[848]                                   0.002  0.003   0.000    0.006      0.000    0.000    5592.0    7859.0   1.00
p_y[849]                                   0.002  0.004   0.000    0.008      0.000    0.000    4724.0    6906.0   1.00
p_y[850]                                   0.004  0.004   0.000    0.011      0.000    0.000    5726.0    7238.0   1.00
p_y[851]                                   0.001  0.002   0.000    0.003      0.000    0.000    5421.0    8339.0   1.00
p_y[852]                                   0.001  0.003   0.000    0.004      0.000    0.000    5285.0    7145.0   1.00
p_y[853]                                   0.001  0.004   0.000    0.004      0.000    0.000    4617.0    6722.0   1.00
p_y[854]                                   0.000  0.001   0.000    0.001      0.000    0.000    4574.0    7279.0   1.00
p_y[855]                                   0.012  0.016   0.000    0.038      0.000    0.000    4839.0    6894.0   1.00
p_y[856]                                   0.005  0.009   0.000    0.017      0.000    0.000    4776.0    6470.0   1.00
p_y[857]                                   0.007  0.011   0.000    0.023      0.000    0.000    3901.0    6312.0   1.00
p_y[858]                                   0.002  0.004   0.000    0.006      0.000    0.000    4925.0    8496.0   1.00
p_y[859]                                   0.002  0.003   0.000    0.007      0.000    0.000    5473.0    8767.0   1.00
p_y[860]                                   0.003  0.004   0.000    0.010      0.000    0.000    5844.0    8691.0   1.00
p_y[861]                                   0.001  0.001   0.000    0.002      0.000    0.000    4639.0    7542.0   1.00
p_y[862]                                   0.000  0.001   0.000    0.001      0.000    0.000    3692.0    7648.0   1.00
p_y[863]                                   0.000  0.001   0.000    0.001      0.000    0.000    3031.0    5814.0   1.00
p_y[864]                                   0.000  0.001   0.000    0.001      0.000    0.000    3194.0    5735.0   1.00
p_y[865]                                   0.001  0.001   0.000    0.002      0.000    0.000    4102.0    7336.0   1.00
p_y[866]                                   0.001  0.002   0.000    0.004      0.000    0.000    5341.0    7803.0   1.00
p_y[867]                                   0.009  0.018   0.000    0.032      0.000    0.001    4011.0    6730.0   1.00
p_y[868]                                   0.004  0.009   0.000    0.013      0.000    0.000    5319.0    9050.0   1.00
p_y[869]                                   0.002  0.005   0.000    0.007      0.000    0.000    5076.0    8559.0   1.00
p_y[870]                                   0.002  0.005   0.000    0.008      0.000    0.000    5085.0    5432.0   1.00
p_y[871]                                   0.001  0.003   0.000    0.005      0.000    0.000    5639.0    6863.0   1.00
p_y[872]                                   0.014  0.009   0.002    0.030      0.000    0.000    6362.0    7541.0   1.00
p_y[873]                                   0.001  0.002   0.000    0.002      0.000    0.000    4955.0    8156.0   1.00
p_y[874]                                   0.001  0.002   0.000    0.003      0.000    0.000    4038.0    5034.0   1.00
p_y[875]                                   0.001  0.002   0.000    0.005      0.000    0.000    4591.0    8290.0   1.00
p_y[876]                                   0.003  0.005   0.000    0.011      0.000    0.000    6195.0    7655.0   1.00
p_y[877]                                   0.000  0.000   0.000    0.001      0.000    0.000    5578.0    9078.0   1.00
p_y[878]                                   0.000  0.001   0.000    0.001      0.000    0.000    4781.0    8521.0   1.00
p_y[879]                                   0.001  0.002   0.000    0.002      0.000    0.000    4285.0    6024.0   1.00
p_y[880]                                   0.001  0.001   0.000    0.002      0.000    0.000    3188.0    5908.0   1.00
p_y[881]                                   0.002  0.003   0.000    0.005      0.000    0.000    5672.0    7028.0   1.00
p_y[882]                                   0.002  0.003   0.000    0.006      0.000    0.000    5117.0    9065.0   1.00
p_y[883]                                   0.000  0.001   0.000    0.001      0.000    0.000    3658.0    5860.0   1.00
p_y[884]                                   0.000  0.001   0.000    0.002      0.000    0.000    4386.0    5909.0   1.00
p_y[885]                                   0.001  0.001   0.000    0.002      0.000    0.000    5775.0    7674.0   1.00
p_y[886]                                   0.128  0.052   0.040    0.223      0.001    0.001    4797.0    9174.0   1.00
p_y[887]                                   0.001  0.002   0.000    0.003      0.000    0.000    3555.0    6098.0   1.00
p_y[888]                                   0.002  0.003   0.000    0.007      0.000    0.000    3376.0    5820.0   1.00
p_y[889]                                   0.000  0.001   0.000    0.001      0.000    0.000    3158.0    6057.0   1.00
p_y[890]                                   0.001  0.002   0.000    0.003      0.000    0.000    4688.0    7356.0   1.00
p_y[891]                                   0.014  0.028   0.000    0.051      0.000    0.001    5312.0    7127.0   1.00
p_y[892]                                   0.001  0.002   0.000    0.004      0.000    0.000    4923.0    8683.0   1.00
p_y[893]                                   0.001  0.002   0.000    0.002      0.000    0.000    5813.0    8269.0   1.00
p_y[894]                                   0.002  0.004   0.000    0.007      0.000    0.000    5267.0    8004.0   1.00
p_y[895]                                   0.006  0.007   0.000    0.018      0.000    0.000    4245.0    5964.0   1.00
p_y[896]                                   0.002  0.005   0.000    0.011      0.000    0.000    3025.0    6330.0   1.00
p_y[897]                                   0.000  0.001   0.000    0.001      0.000    0.000    2875.0    4012.0   1.00
p_y[898]                                   0.001  0.001   0.000    0.002      0.000    0.000    3491.0    6667.0   1.00
p_y[899]                                   0.002  0.002   0.000    0.005      0.000    0.000    5611.0    7926.0   1.00
p_y[900]                                   0.000  0.001   0.000    0.001      0.000    0.000    3238.0    6622.0   1.00
p_y[901]                                   0.000  0.001   0.000    0.001      0.000    0.000    2948.0    4781.0   1.00
p_y[902]                                   0.000  0.001   0.000    0.001      0.000    0.000    3154.0    4372.0   1.00
p_y[903]                                   0.001  0.002   0.000    0.003      0.000    0.000    4661.0    7574.0   1.00
p_y[904]                                   0.000  0.001   0.000    0.001      0.000    0.000    4862.0    7922.0   1.00
p_y[905]                                   0.001  0.003   0.000    0.005      0.000    0.000    5877.0    8241.0   1.00
p_y[906]                                   0.001  0.003   0.000    0.005      0.000    0.000    3839.0    6163.0   1.00
p_y[907]                                   0.001  0.003   0.000    0.005      0.000    0.000    4691.0    7516.0   1.00
p_y[908]                                   0.000  0.001   0.000    0.001      0.000    0.000    4498.0    7955.0   1.00
p_y[909]                                   0.001  0.001   0.000    0.002      0.000    0.000    4360.0    7546.0   1.00
p_y[910]                                   0.001  0.002   0.000    0.003      0.000    0.000    4945.0    6610.0   1.00
p_y[911]                                   0.001  0.001   0.000    0.003      0.000    0.000    3869.0    7754.0   1.00
p_y[912]                                   0.001  0.002   0.000    0.004      0.000    0.000    4029.0    7213.0   1.00
p_y[913]                                   0.001  0.002   0.000    0.004      0.000    0.000    6054.0    7908.0   1.00
p_y[914]                                   0.000  0.001   0.000    0.001      0.000    0.000    2662.0    5781.0   1.00
p_y[915]                                   0.001  0.001   0.000    0.002      0.000    0.000    3219.0    6719.0   1.00
p_y[916]                                   0.002  0.003   0.000    0.006      0.000    0.000    4400.0    5768.0   1.00
p_y[917]                                   0.001  0.001   0.000    0.002      0.000    0.000    5411.0    8776.0   1.00
p_y[918]                                   0.003  0.004   0.000    0.009      0.000    0.000    4692.0    7757.0   1.00
p_y[919]                                   0.004  0.005   0.000    0.012      0.000    0.000    5885.0    8715.0   1.00
p_y[920]                                   0.001  0.002   0.000    0.004      0.000    0.000    4757.0    7215.0   1.00
p_y[921]                                   0.014  0.007   0.003    0.027      0.000    0.000    5237.0    7567.0   1.00
p_y[922]                                   0.003  0.005   0.000    0.011      0.000    0.000    4999.0    7388.0   1.00
p_y[923]                                   0.021  0.050   0.000    0.083      0.001    0.002    4301.0    5819.0   1.00
p_y[924]                                   0.002  0.004   0.000    0.007      0.000    0.000    4189.0    7373.0   1.00
p_y[925]                                   0.001  0.002   0.000    0.003      0.000    0.000    3657.0    6007.0   1.00
p_y[926]                                   0.002  0.004   0.000    0.008      0.000    0.000    5066.0    6838.0   1.00
p_y[927]                                   0.004  0.007   0.000    0.015      0.000    0.000    5627.0    8320.0   1.00
p_y[928]                                   0.002  0.004   0.000    0.008      0.000    0.000    4317.0    8668.0   1.00
p_y[929]                                   0.001  0.002   0.000    0.003      0.000    0.000    3371.0    6943.0   1.00
p_y[930]                                   0.000  0.000   0.000    0.001      0.000    0.000    2882.0    6254.0   1.00
p_y[931]                                   0.001  0.001   0.000    0.002      0.000    0.000    3061.0    6210.0   1.00
p_y[932]                                   0.001  0.002   0.000    0.003      0.000    0.000    3196.0    5489.0   1.00
p_y[933]                                   0.001  0.003   0.000    0.005      0.000    0.000    3389.0    6105.0   1.00
p_y[934]                                   0.001  0.003   0.000    0.004      0.000    0.000    3034.0    6978.0   1.00
p_y[935]                                   0.001  0.003   0.000    0.005      0.000    0.000    3252.0    5071.0   1.00
p_y[936]                                   0.005  0.008   0.000    0.016      0.000    0.000    3905.0    5954.0   1.00
p_y[937]                                   0.003  0.004   0.000    0.009      0.000    0.000    5288.0    7255.0   1.00
p_y[938]                                   0.006  0.012   0.000    0.024      0.000    0.000    3720.0    6859.0   1.00
p_y[939]                                   0.000  0.000   0.000    0.001      0.000    0.000    4353.0    7510.0   1.00
p_y[940]                                   0.000  0.001   0.000    0.001      0.000    0.000    5169.0    8710.0   1.00
p_y[941]                                   0.000  0.001   0.000    0.001      0.000    0.000    3990.0    7667.0   1.00
p_y[942]                                   0.001  0.002   0.000    0.003      0.000    0.000    3956.0    7156.0   1.00
p_y[943]                                   0.001  0.002   0.000    0.002      0.000    0.000    3347.0    6738.0   1.00
p_y[944]                                   0.000  0.001   0.000    0.001      0.000    0.000    3168.0    6593.0   1.00
p_y[945]                                   0.021  0.013   0.003    0.044      0.000    0.000    6131.0    7775.0   1.00
p_y[946]                                   0.003  0.007   0.000    0.012      0.000    0.000    5717.0    7251.0   1.00
p_y[947]                                   0.005  0.009   0.000    0.018      0.000    0.000    6188.0    7315.0   1.00
p_y[948]                                   0.001  0.003   0.000    0.004      0.000    0.000    4517.0    6970.0   1.00
p_y[949]                                   0.006  0.004   0.000    0.013      0.000    0.000    6184.0    9212.0   1.00
p_y[950]                                   0.002  0.004   0.000    0.007      0.000    0.000    6087.0    7792.0   1.00
p_y[951]                                   0.003  0.006   0.000    0.010      0.000    0.000    6274.0    9045.0   1.00
p_y[952]                                   0.000  0.001   0.000    0.001      0.000    0.000    4869.0    7202.0   1.00
p_y[953]                                   0.000  0.000   0.000    0.001      0.000    0.000    4528.0    8434.0   1.00
p_y[954]                                   0.000  0.001   0.000    0.001      0.000    0.000    4430.0    8439.0   1.00
p_y[955]                                   0.000  0.001   0.000    0.001      0.000    0.000    4571.0    7321.0   1.00
p_y[956]                                   0.002  0.005   0.000    0.006      0.000    0.000    3497.0    5178.0   1.00
p_y[957]                                   0.001  0.001   0.000    0.002      0.000    0.000    4296.0    8210.0   1.00
p_y[958]                                   0.001  0.003   0.000    0.005      0.000    0.000    4451.0    8586.0   1.00
p_y[959]                                   0.010  0.009   0.000    0.026      0.000    0.000    5621.0    4903.0   1.00
p_y[960]                                   0.002  0.004   0.000    0.007      0.000    0.000    6105.0    8688.0   1.00
p_y[961]                                   0.001  0.002   0.000    0.003      0.000    0.000    3108.0    5498.0   1.00
p_y[962]                                   0.022  0.020   0.000    0.058      0.000    0.000    6041.0    6853.0   1.00
p_y[963]                                   0.004  0.005   0.000    0.012      0.000    0.000    6854.0    7110.0   1.00
p_y[964]                                   0.013  0.014   0.000    0.037      0.000    0.000    6679.0    7634.0   1.00
p_y[965]                                   0.000  0.001   0.000    0.001      0.000    0.000    3703.0    8059.0   1.00
p_y[966]                                   0.002  0.004   0.000    0.006      0.000    0.000    3629.0    7365.0   1.00
p_y[967]                                   0.003  0.005   0.000    0.011      0.000    0.000    5795.0    8661.0   1.00
p_y[968]                                   0.016  0.011   0.002    0.035      0.000    0.000    6169.0    8356.0   1.00
p_y[969]                                   0.000  0.001   0.000    0.001      0.000    0.000    4144.0    7736.0   1.00
p_y[970]                                   0.000  0.001   0.000    0.001      0.000    0.000    5777.0    9479.0   1.00
p_y[971]                                   0.002  0.003   0.000    0.006      0.000    0.000    5580.0    7250.0   1.00
p_y[972]                                   0.002  0.003   0.000    0.006      0.000    0.000    6875.0   10402.0   1.00
p_y[973]                                   0.005  0.009   0.000    0.020      0.000    0.000    6666.0    6670.0   1.00
p_y[974]                                   0.073  0.064   0.000    0.184      0.001    0.001    5958.0    5573.0   1.00
p_y[975]                                   0.002  0.002   0.000    0.005      0.000    0.000    4520.0    6205.0   1.00
p_y[976]                                   0.003  0.003   0.000    0.008      0.000    0.000    6038.0    6906.0   1.00
p_y[977]                                   0.001  0.002   0.000    0.003      0.000    0.000    5208.0    7268.0   1.00
p_y[978]                                   0.001  0.002   0.000    0.004      0.000    0.000    5098.0    6691.0   1.00
p_y[979]                                   0.000  0.000   0.000    0.000      0.000    0.000    4237.0    7906.0   1.00
p_y[980]                                   0.001  0.002   0.000    0.004      0.000    0.000    4017.0    5941.0   1.00
p_y[981]                                   0.002  0.003   0.000    0.006      0.000    0.000    4059.0    6106.0   1.00
p_y[982]                                   0.008  0.013   0.000    0.029      0.000    0.000    3527.0    4563.0   1.00
p_y[983]                                   0.001  0.002   0.000    0.003      0.000    0.000    5136.0    9326.0   1.00
p_y[984]                                   0.001  0.002   0.000    0.004      0.000    0.000    4016.0    5353.0   1.00
p_y[985]                                   0.001  0.001   0.000    0.002      0.000    0.000    3625.0    7821.0   1.00
p_y[986]                                   0.005  0.006   0.000    0.016      0.000    0.000    5662.0    7979.0   1.00
p_y[987]                                   0.002  0.004   0.000    0.009      0.000    0.000    6100.0    8776.0   1.00
p_y[988]                                   0.002  0.002   0.000    0.006      0.000    0.000    6801.0    8984.0   1.00
p_y[989]                                   0.000  0.000   0.000    0.000      0.000    0.000    3606.0    5123.0   1.00
p_y[990]                                   0.000  0.000   0.000    0.000      0.000    0.000    3392.0    6163.0   1.00
p_y[991]                                   0.000  0.000   0.000    0.000      0.000    0.000    3256.0    6985.0   1.00
p_y[992]                                   0.000  0.000   0.000    0.000      0.000    0.000    3563.0    5914.0   1.00
p_y[993]                                   0.002  0.003   0.000    0.006      0.000    0.000    4549.0    7452.0   1.00
p_y[994]                                   0.000  0.001   0.000    0.001      0.000    0.000    4957.0    8570.0   1.00
p_y[995]                                   0.000  0.001   0.000    0.002      0.000    0.000    4584.0    8131.0   1.00
p_y[996]                                   0.000  0.001   0.000    0.001      0.000    0.000    3473.0    6336.0   1.00
p_y[997]                                   0.003  0.004   0.000    0.009      0.000    0.000    6655.0    8238.0   1.00
p_y[998]                                   0.003  0.004   0.000    0.010      0.000    0.000    5488.0    8976.0   1.00
p_y[999]                                   0.000  0.001   0.000    0.002      0.000    0.000    3168.0    7646.0   1.00
p_y[1000]                                  0.002  0.002   0.000    0.005      0.000    0.000    6354.0    8729.0   1.00
p_y[1001]                                  0.000  0.001   0.000    0.002      0.000    0.000    5396.0    8520.0   1.00
p_y[1002]                                  0.003  0.005   0.000    0.010      0.000    0.000    7077.0    9504.0   1.00
p_y[1003]                                  0.002  0.004   0.000    0.007      0.000    0.000    6018.0    9062.0   1.00
p_y[1004]                                  0.025  0.019   0.000    0.058      0.000    0.000    6111.0    6171.0   1.00
p_y[1005]                                  0.002  0.003   0.000    0.007      0.000    0.000    5730.0    7901.0   1.00
p_y[1006]                                  0.000  0.000   0.000    0.001      0.000    0.000    3881.0    6694.0   1.00
p_y[1007]                                  0.000  0.000   0.000    0.001      0.000    0.000    3476.0    6814.0   1.00
p_y[1008]                                  0.002  0.003   0.000    0.006      0.000    0.000    5225.0    7086.0   1.00
p_y[1009]                                  0.003  0.004   0.000    0.010      0.000    0.000    5614.0    6208.0   1.00
p_y[1010]                                  0.003  0.004   0.000    0.009      0.000    0.000    4715.0    5900.0   1.00
p_y[1011]                                  0.002  0.002   0.000    0.006      0.000    0.000    4592.0    5460.0   1.00
p_y[1012]                                  0.001  0.002   0.000    0.003      0.000    0.000    3740.0    6983.0   1.00
p_y[1013]                                  0.001  0.001   0.000    0.003      0.000    0.000    4212.0    7020.0   1.00
p_y[1014]                                  0.002  0.004   0.000    0.006      0.000    0.000    6519.0    9343.0   1.00
p_y[1015]                                  0.002  0.004   0.000    0.006      0.000    0.000    5368.0    9222.0   1.00
p_y[1016]                                  0.000  0.001   0.000    0.002      0.000    0.000    2743.0    4878.0   1.00
p_y[1017]                                  0.001  0.002   0.000    0.003      0.000    0.000    3099.0    6885.0   1.00
p_y[1018]                                  0.000  0.001   0.000    0.001      0.000    0.000    3645.0    7222.0   1.00
p_y[1019]                                  0.001  0.004   0.000    0.005      0.000    0.001    4675.0    6605.0   1.00
p_y[1020]                                  0.003  0.003   0.000    0.008      0.000    0.000    4227.0    7130.0   1.00
p_y[1021]                                  0.003  0.006   0.000    0.009      0.000    0.000    4068.0    5825.0   1.00
p_y[1022]                                  0.001  0.002   0.000    0.003      0.000    0.000    3824.0    7930.0   1.00
p_y[1023]                                  0.002  0.003   0.000    0.006      0.000    0.000    4143.0    5553.0   1.00
p_y[1024]                                  0.006  0.007   0.000    0.018      0.000    0.000    5345.0    7458.0   1.00
p_y[1025]                                  0.001  0.003   0.000    0.005      0.000    0.000    4422.0    7835.0   1.00
p_y[1026]                                  0.002  0.003   0.000    0.007      0.000    0.000    2930.0    4004.0   1.00
p_y[1027]                                  0.000  0.000   0.000    0.000      0.000    0.000    2961.0    4907.0   1.00
p_y[1028]                                  0.001  0.001   0.000    0.002      0.000    0.000    3317.0    6416.0   1.00
p_y[1029]                                  0.000  0.001   0.000    0.001      0.000    0.000    3559.0    7143.0   1.00
p_y[1030]                                  0.000  0.001   0.000    0.002      0.000    0.000    4224.0    8383.0   1.00
p_y[1031]                                  0.000  0.001   0.000    0.002      0.000    0.000    2800.0    6016.0   1.00
p_y[1032]                                  0.001  0.001   0.000    0.003      0.000    0.000    2913.0    5567.0   1.00
p_y[1033]                                  0.041  0.026   0.004    0.088      0.000    0.000    6268.0    8281.0   1.00
p_y[1034]                                  0.006  0.010   0.000    0.021      0.000    0.000    5534.0    7984.0   1.00
p_y[1035]                                  0.000  0.001   0.000    0.001      0.000    0.000    4943.0    7660.0   1.00
p_y[1036]                                  0.000  0.001   0.000    0.001      0.000    0.000    3944.0    5820.0   1.00
p_y[1037]                                  0.000  0.000   0.000    0.001      0.000    0.000    3741.0    5620.0   1.00
p_y[1038]                                  0.007  0.013   0.000    0.028      0.000    0.000    5107.0    7860.0   1.00
p_y[1039]                                  0.004  0.004   0.000    0.011      0.000    0.000    5597.0    6740.0   1.00
p_y[1040]                                  0.008  0.003   0.002    0.014      0.000    0.000    4603.0    6991.0   1.00
p_y[1041]                                  0.002  0.003   0.000    0.007      0.000    0.000    5565.0    7060.0   1.00
p_y[1042]                                  0.001  0.002   0.000    0.003      0.000    0.000    5236.0    7421.0   1.00
p_y[1043]                                  0.007  0.008   0.000    0.021      0.000    0.000    6048.0    7562.0   1.00
p_y[1044]                                  0.017  0.009   0.004    0.032      0.000    0.000    5362.0    8029.0   1.00
p_y[1045]                                  0.023  0.014   0.003    0.049      0.000    0.000    5622.0    7512.0   1.00
p_y[1046]                                  0.001  0.001   0.000    0.002      0.000    0.000    5289.0    6625.0   1.00
p_y[1047]                                  0.013  0.041   0.000    0.049      0.000    0.002    6197.0    8995.0   1.00
p_y[1048]                                  0.000  0.001   0.000    0.001      0.000    0.000    3477.0    7769.0   1.00
p_y[1049]                                  0.002  0.003   0.000    0.008      0.000    0.000    6009.0    6764.0   1.00
p_y[1050]                                  0.003  0.003   0.000    0.008      0.000    0.000    6769.0    7767.0   1.00
p_y[1051]                                  0.035  0.045   0.000    0.112      0.000    0.001    5781.0    6331.0   1.00
p_y[1052]                                  0.002  0.004   0.000    0.007      0.000    0.000    5400.0    6687.0   1.00
p_y[1053]                                  0.002  0.004   0.000    0.008      0.000    0.000    5539.0    6405.0   1.00
p_y[1054]                                  0.006  0.009   0.000    0.021      0.000    0.000    5923.0    7896.0   1.00
p_y[1055]                                  0.004  0.006   0.000    0.014      0.000    0.000    5958.0    8110.0   1.00
p_y[1056]                                  0.003  0.004   0.000    0.008      0.000    0.000    4763.0    5946.0   1.00
p_y[1057]                                  0.002  0.003   0.000    0.006      0.000    0.000    4956.0    8565.0   1.00
p_y[1058]                                  0.012  0.013   0.000    0.034      0.000    0.000    4950.0    5513.0   1.00
p_y[1059]                                  0.000  0.001   0.000    0.001      0.000    0.000    3010.0    5396.0   1.00
p_y[1060]                                  0.002  0.003   0.000    0.006      0.000    0.000    3037.0    5297.0   1.00
p_y[1061]                                  0.001  0.002   0.000    0.003      0.000    0.000    6356.0    7627.0   1.00
p_y[1062]                                  0.001  0.002   0.000    0.004      0.000    0.000    4427.0    7602.0   1.00
p_y[1063]                                  0.001  0.002   0.000    0.003      0.000    0.000    4655.0    6146.0   1.00
p_y[1064]                                  0.001  0.002   0.000    0.003      0.000    0.000    3852.0    6591.0   1.00
p_y[1065]                                  0.005  0.008   0.000    0.018      0.000    0.000    7136.0    8155.0   1.00
p_y[1066]                                  0.002  0.002   0.000    0.006      0.000    0.000    5836.0    7605.0   1.00
p_y[1067]                                  0.003  0.004   0.000    0.009      0.000    0.000    4265.0    6462.0   1.00
p_y[1068]                                  0.000  0.001   0.000    0.002      0.000    0.000    5053.0    8331.0   1.00
p_y[1069]                                  0.059  0.028   0.015    0.111      0.000    0.000    4920.0    7297.0   1.00
p_y[1070]                                  0.006  0.010   0.000    0.020      0.000    0.000    6516.0    9075.0   1.00
p_y[1071]                                  0.000  0.001   0.000    0.002      0.000    0.000    5906.0    8271.0   1.00
p_y[1072]                                  0.003  0.004   0.000    0.010      0.000    0.000    6939.0    8619.0   1.00
p_y[1073]                                  0.001  0.002   0.000    0.004      0.000    0.000    4870.0    7759.0   1.00
p_y[1074]                                  0.001  0.002   0.000    0.005      0.000    0.000    5024.0    6540.0   1.00
p_y[1075]                                  0.001  0.001   0.000    0.003      0.000    0.000    4718.0    6785.0   1.00
p_y[1076]                                  0.001  0.002   0.000    0.003      0.000    0.000    3580.0    6154.0   1.00
p_y[1077]                                  0.002  0.003   0.000    0.005      0.000    0.000    3141.0    4945.0   1.00
p_y[1078]                                  0.002  0.003   0.000    0.007      0.000    0.000    5460.0    7344.0   1.00
p_y[1079]                                  0.001  0.001   0.000    0.003      0.000    0.000    5754.0    5944.0   1.00
p_y[1080]                                  0.000  0.001   0.000    0.001      0.000    0.000    3544.0    5843.0   1.00
p_y[1081]                                  0.001  0.002   0.000    0.004      0.000    0.000    6490.0    8056.0   1.00
p_y[1082]                                  0.033  0.015   0.008    0.061      0.000    0.000    5321.0    8706.0   1.00
p_y[1083]                                  0.002  0.003   0.000    0.007      0.000    0.000    5215.0    7557.0   1.00
p_y[1084]                                  0.005  0.005   0.000    0.014      0.000    0.000    5468.0    6149.0   1.00
p_y[1085]                                  0.003  0.007   0.000    0.011      0.000    0.000    2560.0    3937.0   1.00
p_y[1086]                                  0.006  0.014   0.000    0.022      0.000    0.001    2228.0    3361.0   1.00
p_y[1087]                                  0.004  0.012   0.000    0.016      0.000    0.001    2999.0    5161.0   1.00
p_y[1088]                                  0.002  0.004   0.000    0.007      0.000    0.000    2102.0    3061.0   1.00
p_y[1089]                                  0.000  0.002   0.000    0.001      0.000    0.000    1901.0    4620.0   1.00
p_y[1090]                                  0.000  0.001   0.000    0.001      0.000    0.000    1858.0    3540.0   1.00
p_y[1091]                                  0.001  0.006   0.000    0.004      0.000    0.001    2007.0    3340.0   1.00
p_y[1092]                                  0.006  0.019   0.000    0.022      0.000    0.001    2388.0    3549.0   1.00
p_y[1093]                                  0.001  0.003   0.000    0.004      0.000    0.000    1696.0    2534.0   1.00
p_y[1094]                                  0.001  0.002   0.000    0.002      0.000    0.000    1674.0    2583.0   1.00
p_y[1095]                                  0.003  0.009   0.000    0.009      0.000    0.001    1776.0    2984.0   1.00
p_y[1096]                                  0.001  0.003   0.000    0.004      0.000    0.000    1859.0    2956.0   1.00
p_y[1097]                                  0.000  0.001   0.000    0.001      0.000    0.000    2073.0    3727.0   1.00
p_y[1098]                                  0.000  0.001   0.000    0.001      0.000    0.000    1886.0    3102.0   1.00
p_y[1099]                                  0.000  0.000   0.000    0.001      0.000    0.000    1511.0    2579.0   1.00
p_y[1100]                                  0.000  0.000   0.000    0.001      0.000    0.000    1936.0    3173.0   1.00
p_y[1101]                                  0.001  0.002   0.000    0.002      0.000    0.000    1426.0    2351.0   1.00
p_y[1102]                                  0.005  0.010   0.000    0.019      0.000    0.001    2557.0    4026.0   1.00
p_y[1103]                                  0.006  0.012   0.000    0.022      0.000    0.000    3990.0    5466.0   1.00
p_y[1104]                                  0.005  0.015   0.000    0.019      0.000    0.001    1811.0    3400.0   1.00
p_y[1105]                                  0.001  0.002   0.000    0.003      0.000    0.000    2811.0    4836.0   1.00
p_y[1106]                                  0.005  0.008   0.000    0.017      0.000    0.000    2629.0    4868.0   1.00
p_y[1107]                                  0.003  0.009   0.000    0.010      0.000    0.001    2007.0    3472.0   1.00
p_y[1108]                                  0.006  0.026   0.000    0.020      0.000    0.003    2339.0    3954.0   1.00
p_y[1109]                                  0.001  0.002   0.000    0.002      0.000    0.000    2170.0    3522.0   1.00
p_y[1110]                                  0.007  0.011   0.000    0.024      0.000    0.000    3551.0    4347.0   1.00
p_y[1111]                                  0.003  0.005   0.000    0.011      0.000    0.000    3393.0    5977.0   1.00
p_y[1112]                                  0.001  0.003   0.000    0.004      0.000    0.000    2600.0    4460.0   1.00
p_y[1113]                                  0.001  0.004   0.000    0.005      0.000    0.000    2732.0    4068.0   1.00
p_y[1114]                                  0.000  0.002   0.000    0.001      0.000    0.000    2041.0    3956.0   1.00
p_y[1115]                                  0.001  0.004   0.000    0.004      0.000    0.000    2643.0    5173.0   1.00
p_y[1116]                                  0.020  0.037   0.000    0.080      0.000    0.001    2545.0    3983.0   1.00
p_y[1117]                                  0.003  0.008   0.000    0.012      0.000    0.000    2779.0    3650.0   1.00
p_y[1118]                                  0.001  0.006   0.000    0.003      0.000    0.001    2921.0    5721.0   1.00
p_y[1119]                                  0.002  0.005   0.000    0.008      0.000    0.000    2309.0    4061.0   1.00
p_y[1120]                                  0.001  0.002   0.000    0.002      0.000    0.000    2377.0    4490.0   1.00
p_y[1121]                                  0.003  0.007   0.000    0.011      0.000    0.000    3317.0    6686.0   1.00
p_y[1122]                                  0.001  0.003   0.000    0.003      0.000    0.000    3033.0    5932.0   1.00
p_y[1123]                                  0.000  0.001   0.000    0.001      0.000    0.000    1943.0    4238.0   1.00
p_y[1124]                                  0.007  0.019   0.000    0.029      0.000    0.001    3048.0    5114.0   1.00
p_y[1125]                                  0.001  0.002   0.000    0.003      0.000    0.000    2571.0    5582.0   1.00
p_y[1126]                                  0.001  0.002   0.000    0.002      0.000    0.000    2507.0    4979.0   1.00
p_y[1127]                                  0.000  0.000   0.000    0.000      0.000    0.000    1752.0    3379.0   1.00
p_y[1128]                                  0.003  0.008   0.000    0.009      0.000    0.001    2597.0    5608.0   1.00
p_y[1129]                                  0.000  0.001   0.000    0.001      0.000    0.000    2479.0    5136.0   1.00
p_y[1130]                                  0.000  0.002   0.000    0.001      0.000    0.000    2497.0    4925.0   1.00
p_y[1131]                                  0.001  0.001   0.000    0.002      0.000    0.000    2311.0    4864.0   1.00
p_y[1132]                                  0.004  0.011   0.000    0.015      0.000    0.000    3106.0    5205.0   1.00
p_y[1133]                                  0.000  0.001   0.000    0.001      0.000    0.000    2548.0    4329.0   1.00
p_y[1134]                                  0.001  0.002   0.000    0.002      0.000    0.000    2567.0    5563.0   1.00
p_y[1135]                                  0.000  0.001   0.000    0.000      0.000    0.000    2027.0    4459.0   1.00
p_y[1136]                                  0.002  0.004   0.000    0.007      0.000    0.000    1542.0    2944.0   1.00
p_y[1137]                                  0.001  0.003   0.000    0.002      0.000    0.000    2919.0    5374.0   1.00
p_y[1138]                                  0.003  0.005   0.000    0.009      0.000    0.000    1408.0    3049.0   1.00
p_y[1139]                                  0.000  0.001   0.000    0.001      0.000    0.000    1569.0    3360.0   1.00
p_y[1140]                                  0.000  0.002   0.000    0.001      0.000    0.001    1900.0    4616.0   1.00
p_y[1141]                                  0.000  0.002   0.000    0.001      0.000    0.000    1638.0    3889.0   1.00
p_y[1142]                                  0.000  0.001   0.000    0.001      0.000    0.000    2304.0    5387.0   1.00
p_y[1143]                                  0.000  0.000   0.000    0.000      0.000    0.000    2201.0    4718.0   1.00
p_y[1144]                                  0.000  0.001   0.000    0.001      0.000    0.000    2379.0    5274.0   1.00
p_y[1145]                                  0.000  0.001   0.000    0.001      0.000    0.000    1949.0    3367.0   1.00
p_y[1146]                                  0.002  0.005   0.000    0.006      0.000    0.000    3051.0    5700.0   1.00
p_y[1147]                                  0.001  0.003   0.000    0.003      0.000    0.000    2188.0    4670.0   1.00
p_y[1148]                                  0.000  0.001   0.000    0.001      0.000    0.000    2406.0    3773.0   1.00
p_y[1149]                                  0.001  0.002   0.000    0.002      0.000    0.000    3095.0    5217.0   1.00
p_y[1150]                                  0.003  0.006   0.000    0.010      0.000    0.000    2481.0    4061.0   1.00
p_y[1151]                                  0.001  0.003   0.000    0.004      0.000    0.000    2659.0    5438.0   1.00
p_y[1152]                                  0.001  0.003   0.000    0.003      0.000    0.000    3903.0    6746.0   1.00
p_y[1153]                                  0.015  0.019   0.000    0.048      0.000    0.000    3141.0    3857.0   1.00
p_y[1154]                                  0.001  0.002   0.000    0.003      0.000    0.000    2782.0    5678.0   1.00
p_y[1155]                                  0.000  0.001   0.000    0.001      0.000    0.000    2229.0    4105.0   1.00
p_y[1156]                                  0.001  0.005   0.000    0.006      0.000    0.000    4104.0    5961.0   1.00
p_y[1157]                                  0.003  0.012   0.000    0.013      0.000    0.001    4529.0    7686.0   1.00
p_y[1158]                                  0.001  0.002   0.000    0.003      0.000    0.000    2225.0    5447.0   1.00
p_y[1159]                                  0.001  0.002   0.000    0.003      0.000    0.000    2536.0    4673.0   1.00
p_y[1160]                                  0.001  0.003   0.000    0.002      0.000    0.001    2121.0    4370.0   1.00
p_y[1161]                                  0.001  0.003   0.000    0.003      0.000    0.000    2911.0    6413.0   1.00
p_y[1162]                                  0.002  0.008   0.000    0.007      0.000    0.000    3718.0    7141.0   1.00
p_y[1163]                                  0.002  0.003   0.000    0.006      0.000    0.000    2305.0    4722.0   1.00
p_y[1164]                                  0.003  0.007   0.000    0.011      0.000    0.000    4546.0    7138.0   1.00
p_y[1165]                                  0.000  0.001   0.000    0.001      0.000    0.000    2742.0    4785.0   1.00
p_y[1166]                                  0.002  0.005   0.000    0.006      0.000    0.000    3060.0    4981.0   1.00
p_y[1167]                                  0.002  0.002   0.000    0.006      0.000    0.000    6798.0    8082.0   1.00
p_y[1168]                                  0.022  0.014   0.002    0.047      0.000    0.000    6346.0    7462.0   1.00
p_y[1169]                                  0.002  0.004   0.000    0.006      0.000    0.000    6378.0    8235.0   1.00
p_y[1170]                                  0.001  0.003   0.000    0.004      0.000    0.000    6341.0    9283.0   1.00
p_y[1171]                                  0.003  0.004   0.000    0.009      0.000    0.000    6019.0    8430.0   1.00
p_y[1172]                                  0.001  0.001   0.000    0.002      0.000    0.000    6474.0    9905.0   1.00
p_y[1173]                                  0.059  0.048   0.001    0.143      0.001    0.001    7255.0    9239.0   1.00
p_y[1174]                                  0.002  0.003   0.000    0.006      0.000    0.000    5462.0    6107.0   1.00
p_y[1175]                                  0.001  0.003   0.000    0.004      0.000    0.000    4496.0    5190.0   1.00
p_y[1176]                                  0.005  0.007   0.000    0.018      0.000    0.000    6209.0    7405.0   1.00
p_y[1177]                                  0.005  0.008   0.000    0.017      0.000    0.000    5960.0    8980.0   1.00
p_y[1178]                                  0.001  0.002   0.000    0.003      0.000    0.000    5847.0    8209.0   1.00
p_y[1179]                                  0.003  0.004   0.000    0.010      0.000    0.000    5516.0    7499.0   1.00
p_y[1180]                                  0.000  0.001   0.000    0.002      0.000    0.000    5544.0    8776.0   1.00
p_y[1181]                                  0.001  0.001   0.000    0.002      0.000    0.000    3547.0    7022.0   1.00
p_y[1182]                                  0.000  0.000   0.000    0.001      0.000    0.000    5500.0    7762.0   1.00
p_y[1183]                                  0.004  0.011   0.000    0.016      0.000    0.001    4599.0    6321.0   1.00
p_y[1184]                                  0.001  0.001   0.000    0.002      0.000    0.000    5373.0    8414.0   1.00
p_y[1185]                                  0.001  0.002   0.000    0.003      0.000    0.000    5723.0    7467.0   1.00
p_y[1186]                                  0.000  0.001   0.000    0.002      0.000    0.000    5319.0    8247.0   1.00
p_y[1187]                                  0.003  0.006   0.000    0.012      0.000    0.000    3706.0    6729.0   1.00
p_y[1188]                                  0.001  0.002   0.000    0.003      0.000    0.000    4702.0    7264.0   1.00
p_y[1189]                                  0.003  0.003   0.000    0.008      0.000    0.000    5780.0    7719.0   1.00
p_y[1190]                                  0.005  0.007   0.000    0.018      0.000    0.000    5599.0    5959.0   1.00
p_y[1191]                                  0.003  0.007   0.000    0.010      0.000    0.000    3001.0    4353.0   1.00
p_y[1192]                                  0.003  0.009   0.000    0.014      0.000    0.000    3138.0    4375.0   1.00
p_y[1193]                                  0.002  0.006   0.000    0.006      0.000    0.000    3000.0    4207.0   1.00
p_y[1194]                                  0.075  0.043   0.010    0.153      0.001    0.000    5865.0    6596.0   1.00
p_y[1195]                                  0.082  0.057   0.005    0.185      0.001    0.001    6146.0    7688.0   1.00
p_y[1196]                                  0.007  0.018   0.000    0.032      0.000    0.000    2500.0    5082.0   1.00
p_y[1197]                                  0.003  0.008   0.000    0.012      0.000    0.000    3031.0    5063.0   1.00
p_y[1198]                                  0.002  0.005   0.000    0.008      0.000    0.000    4961.0    7042.0   1.00
p_y[1199]                                  0.000  0.001   0.000    0.001      0.000    0.000    2260.0    3581.0   1.00
p_y[1200]                                  0.001  0.003   0.000    0.003      0.000    0.000    2610.0    4041.0   1.00
p_y[1201]                                  0.000  0.001   0.000    0.002      0.000    0.000    2854.0    4945.0   1.00
p_y[1202]                                  0.001  0.002   0.000    0.004      0.000    0.000    3022.0    5947.0   1.00
p_y[1203]                                  0.002  0.002   0.000    0.005      0.000    0.000    6216.0    8499.0   1.00
p_y[1204]                                  0.001  0.002   0.000    0.003      0.000    0.000    3482.0    5463.0   1.00
p_y[1205]                                  0.002  0.002   0.000    0.005      0.000    0.000    4766.0    7598.0   1.00
p_y[1206]                                  0.001  0.003   0.000    0.004      0.000    0.000    3571.0    6180.0   1.00
p_y[1207]                                  0.002  0.004   0.000    0.006      0.000    0.000    5280.0    7866.0   1.00
p_y[1208]                                  0.001  0.004   0.000    0.005      0.000    0.000    6385.0    8899.0   1.00
p_y[1209]                                  0.003  0.004   0.000    0.009      0.000    0.000    3084.0    3311.0   1.00
p_y[1210]                                  0.004  0.005   0.000    0.011      0.000    0.000    5834.0    7237.0   1.00
p_y[1211]                                  0.013  0.017   0.000    0.042      0.000    0.000    3296.0    5074.0   1.00
p_y[1212]                                  0.001  0.003   0.000    0.005      0.000    0.000    3894.0    6220.0   1.00
p_y[1213]                                  0.002  0.003   0.000    0.006      0.000    0.000    4450.0    7716.0   1.00
p_y[1214]                                  0.001  0.002   0.000    0.004      0.000    0.000    4070.0    6122.0   1.00
p_y[1215]                                  0.001  0.002   0.000    0.004      0.000    0.000    4915.0    7906.0   1.00
p_y[1216]                                  0.001  0.003   0.000    0.004      0.000    0.000    5413.0    7717.0   1.00
p_y[1217]                                  0.002  0.003   0.000    0.008      0.000    0.000    5904.0    8172.0   1.00
p_y[1218]                                  0.011  0.017   0.000    0.037      0.000    0.001    6979.0    8202.0   1.00
p_y[1219]                                  0.002  0.005   0.000    0.008      0.000    0.000    3963.0    7184.0   1.00
p_y[1220]                                  0.004  0.007   0.000    0.014      0.000    0.000    5523.0    8694.0   1.00
p_y[1221]                                  0.002  0.006   0.000    0.008      0.000    0.000    4842.0    7854.0   1.00
p_y[1222]                                  0.002  0.006   0.000    0.007      0.000    0.000    4337.0    7593.0   1.00
p_y[1223]                                  0.000  0.001   0.000    0.001      0.000    0.000    3672.0    6879.0   1.00
p_y[1224]                                  0.001  0.004   0.000    0.005      0.000    0.000    4155.0    8138.0   1.00
p_y[1225]                                  0.001  0.002   0.000    0.003      0.000    0.000    3484.0    7032.0   1.00
p_y[1226]                                  0.001  0.003   0.000    0.004      0.000    0.000    3860.0    5811.0   1.00
p_y[1227]                                  0.001  0.003   0.000    0.005      0.000    0.000    3814.0    5686.0   1.00
p_y[1228]                                  0.001  0.002   0.000    0.004      0.000    0.000    3614.0    6576.0   1.00
p_y[1229]                                  0.001  0.002   0.000    0.002      0.000    0.000    3710.0    6930.0   1.00
p_y[1230]                                  0.001  0.002   0.000    0.004      0.000    0.000    3877.0    6882.0   1.00
p_y[1231]                                  0.002  0.005   0.000    0.007      0.000    0.000    4295.0    7845.0   1.00
p_y[1232]                                  0.006  0.016   0.000    0.024      0.000    0.001    4524.0    7103.0   1.00
p_y[1233]                                  0.001  0.003   0.000    0.004      0.000    0.000    3761.0    6706.0   1.00
p_y[1234]                                  0.003  0.007   0.000    0.009      0.000    0.000    3741.0    7005.0   1.00
p_y[1235]                                  0.001  0.002   0.000    0.003      0.000    0.000    3747.0    7279.0   1.00
p_y[1236]                                  0.001  0.004   0.000    0.004      0.000    0.000    3322.0    6736.0   1.00
p_y[1237]                                  0.002  0.004   0.000    0.007      0.000    0.000    5153.0    7507.0   1.00
p_y[1238]                                  0.001  0.003   0.000    0.004      0.000    0.000    4164.0    6188.0   1.00
p_y[1239]                                  0.001  0.002   0.000    0.003      0.000    0.000    3669.0    6821.0   1.00
p_y[1240]                                  0.001  0.003   0.000    0.004      0.000    0.000    4159.0    7197.0   1.00
p_y[1241]                                  0.001  0.003   0.000    0.005      0.000    0.000    3920.0    6910.0   1.00
p_y[1242]                                  0.016  0.010   0.002    0.033      0.000    0.000    5807.0    8889.0   1.00
p_y[1243]                                  0.060  0.028   0.015    0.111      0.000    0.000    5700.0    7564.0   1.00
p_y[1244]                                  0.002  0.003   0.000    0.006      0.000    0.000    3745.0    6975.0   1.00
p_y[1245]                                  0.004  0.006   0.000    0.013      0.000    0.000    6452.0    8090.0   1.00
p_y[1246]                                  0.002  0.004   0.000    0.009      0.000    0.000    3518.0    5186.0   1.00
p_y[1247]                                  0.001  0.001   0.000    0.003      0.000    0.000    3037.0    4329.0   1.00
p_y[1248]                                  0.002  0.003   0.000    0.006      0.000    0.000    5591.0    6682.0   1.00
p_y[1249]                                  0.001  0.002   0.000    0.002      0.000    0.000    3215.0    6221.0   1.00
p_y[1250]                                  0.001  0.002   0.000    0.004      0.000    0.000    5875.0    8541.0   1.00
p_y[1251]                                  0.001  0.002   0.000    0.005      0.000    0.000    5380.0    6566.0   1.00
p_y[1252]                                  0.002  0.003   0.000    0.006      0.000    0.000    4371.0    6367.0   1.00
p_y[1253]                                  0.001  0.002   0.000    0.003      0.000    0.000    5775.0    7966.0   1.00
p_y[1254]                                  0.000  0.001   0.000    0.001      0.000    0.000    3235.0    4889.0   1.00
p_y[1255]                                  0.004  0.006   0.000    0.014      0.000    0.000    5515.0    6124.0   1.00
p_y[1256]                                  0.000  0.001   0.000    0.002      0.000    0.000    3061.0    5655.0   1.00
p_y[1257]                                  0.006  0.009   0.000    0.021      0.000    0.000    6188.0    7640.0   1.00
p_y[1258]                                  0.000  0.001   0.000    0.002      0.000    0.000    2887.0    4692.0   1.00
p_y[1259]                                  0.003  0.005   0.000    0.010      0.000    0.000    6073.0    7353.0   1.00
p_y[1260]                                  0.000  0.001   0.000    0.001      0.000    0.000    2727.0    4961.0   1.00
p_y[1261]                                  0.002  0.003   0.000    0.006      0.000    0.000    5530.0    5372.0   1.00
p_y[1262]                                  0.000  0.001   0.000    0.001      0.000    0.000    2971.0    5562.0   1.00
p_y[1263]                                  0.000  0.001   0.000    0.001      0.000    0.000    3092.0    5290.0   1.00
p_y[1264]                                  0.005  0.008   0.000    0.017      0.000    0.000    5531.0    7474.0   1.00
p_y[1265]                                  0.002  0.005   0.000    0.006      0.000    0.000    3834.0    6413.0   1.00
p_y[1266]                                  0.003  0.006   0.000    0.010      0.000    0.000    4575.0    6941.0   1.00
p_y[1267]                                  0.002  0.003   0.000    0.006      0.000    0.000    5469.0    8560.0   1.00
p_y[1268]                                  0.002  0.004   0.000    0.006      0.000    0.000    3741.0    6127.0   1.00
p_y[1269]                                  0.001  0.002   0.000    0.004      0.000    0.000    4904.0    6783.0   1.00
p_y[1270]                                  0.001  0.003   0.000    0.004      0.000    0.000    2930.0    4916.0   1.00
p_y[1271]                                  0.002  0.003   0.000    0.006      0.000    0.000    5687.0    8458.0   1.00
p_y[1272]                                  0.005  0.006   0.000    0.014      0.000    0.000    4392.0    6372.0   1.00
p_y[1273]                                  0.002  0.003   0.000    0.006      0.000    0.000    6003.0    8287.0   1.00
p_y[1274]                                  0.003  0.005   0.000    0.011      0.000    0.000    5493.0    7114.0   1.00
p_y[1275]                                  0.002  0.003   0.000    0.007      0.000    0.000    5632.0    8271.0   1.00
p_y[1276]                                  0.000  0.001   0.000    0.001      0.000    0.000    2215.0    3819.0   1.00
p_y[1277]                                  0.005  0.006   0.000    0.015      0.000    0.000    5922.0    6776.0   1.00
p_y[1278]                                  0.002  0.003   0.000    0.006      0.000    0.000    5295.0    6311.0   1.00
p_y[1279]                                  0.002  0.002   0.000    0.005      0.000    0.000    6188.0    9608.0   1.00
p_y[1280]                                  0.001  0.003   0.000    0.004      0.000    0.000    3174.0    4496.0   1.00
p_y[1281]                                  0.001  0.002   0.000    0.004      0.000    0.000    5534.0    8487.0   1.00
p_y[1282]                                  0.005  0.007   0.000    0.017      0.000    0.000    4747.0    5481.0   1.00
p_y[1283]                                  0.002  0.004   0.000    0.007      0.000    0.000    6288.0    8209.0   1.00
p_y[1284]                                  0.001  0.003   0.000    0.004      0.000    0.000    4838.0    7714.0   1.00
p_y[1285]                                  0.002  0.004   0.000    0.006      0.000    0.000    4012.0    5353.0   1.00
p_y[1286]                                  0.002  0.004   0.000    0.007      0.000    0.000    4304.0    5891.0   1.00
p_y[1287]                                  0.006  0.006   0.000    0.016      0.000    0.000    4956.0    6111.0   1.00
p_y[1288]                                  0.002  0.004   0.000    0.009      0.000    0.000    4431.0    6554.0   1.00
p_y[1289]                                  0.001  0.002   0.000    0.003      0.000    0.000    3697.0    5943.0   1.00
p_y[1290]                                  0.001  0.001   0.000    0.002      0.000    0.000    5147.0    8048.0   1.00
p_y[1291]                                  0.001  0.002   0.000    0.004      0.000    0.000    3210.0    5670.0   1.00
p_y[1292]                                  0.001  0.001   0.000    0.002      0.000    0.000    5799.0    8287.0   1.00
p_y[1293]                                  0.002  0.005   0.000    0.008      0.000    0.000    3348.0    4954.0   1.00
p_y[1294]                                  0.001  0.001   0.000    0.003      0.000    0.000    5578.0    8624.0   1.00
p_y[1295]                                  0.001  0.003   0.000    0.003      0.000    0.000    3639.0    5575.0   1.00
p_y[1296]                                  0.003  0.005   0.000    0.011      0.000    0.000    6074.0    7038.0   1.00
p_y[1297]                                  0.004  0.011   0.000    0.014      0.000    0.001    4341.0    6774.0   1.00
p_y[1298]                                  0.005  0.007   0.000    0.017      0.000    0.000    5521.0    6558.0   1.00
p_y[1299]                                  0.001  0.003   0.000    0.004      0.000    0.000    3886.0    6413.0   1.00
p_y[1300]                                  0.001  0.002   0.000    0.002      0.000    0.000    4372.0    7405.0   1.00
p_y[1301]                                  0.001  0.002   0.000    0.004      0.000    0.000    5706.0    6556.0   1.00
p_y[1302]                                  0.002  0.005   0.000    0.008      0.000    0.000    4731.0    8494.0   1.00
p_y[1303]                                  0.002  0.004   0.000    0.007      0.000    0.000    5252.0    7334.0   1.00
p_y[1304]                                  0.001  0.002   0.000    0.003      0.000    0.000    4369.0    7609.0   1.00
p_y[1305]                                  0.001  0.002   0.000    0.004      0.000    0.000    5385.0    8988.0   1.00
p_y[1306]                                  0.000  0.001   0.000    0.002      0.000    0.000    3179.0    5349.0   1.00
p_y[1307]                                  0.000  0.001   0.000    0.001      0.000    0.000    4706.0    7351.0   1.00
p_y[1308]                                  0.001  0.003   0.000    0.004      0.000    0.000    3282.0    7186.0   1.00
p_y[1309]                                  0.001  0.001   0.000    0.002      0.000    0.000    5520.0    7779.0   1.00
p_y[1310]                                  0.001  0.003   0.000    0.003      0.000    0.000    3209.0    4455.0   1.00
p_y[1311]                                  0.000  0.001   0.000    0.001      0.000    0.000    4973.0    6803.0   1.00
p_y[1312]                                  0.001  0.003   0.000    0.003      0.000    0.000    3703.0    4416.0   1.00
p_y[1313]                                  0.001  0.002   0.000    0.003      0.000    0.000    4936.0    6626.0   1.00
p_y[1314]                                  0.001  0.002   0.000    0.003      0.000    0.000    3555.0    4945.0   1.00
p_y[1315]                                  0.001  0.002   0.000    0.004      0.000    0.000    6173.0    8951.0   1.00
p_y[1316]                                  0.000  0.001   0.000    0.001      0.000    0.000    2801.0    4763.0   1.00
p_y[1317]                                  0.002  0.004   0.000    0.008      0.000    0.000    6903.0    9196.0   1.00
p_y[1318]                                  0.001  0.002   0.000    0.002      0.000    0.000    3312.0    5928.0   1.00
p_y[1319]                                  0.001  0.002   0.000    0.002      0.000    0.000    3598.0    6738.0   1.00
p_y[1320]                                  0.005  0.006   0.000    0.015      0.000    0.000    6520.0    8595.0   1.00
p_y[1321]                                  0.001  0.002   0.000    0.003      0.000    0.000    3688.0    7012.0   1.00
p_y[1322]                                  0.002  0.003   0.000    0.007      0.000    0.000    6547.0    7216.0   1.00
p_y[1323]                                  0.001  0.002   0.000    0.002      0.000    0.000    4370.0    7738.0   1.00
p_y[1324]                                  0.001  0.001   0.000    0.003      0.000    0.000    5946.0    9351.0   1.00
p_y[1325]                                  0.003  0.007   0.000    0.012      0.000    0.000    4991.0    7238.0   1.00
p_y[1326]                                  0.002  0.003   0.000    0.006      0.000    0.000    5787.0    7473.0   1.00
p_y[1327]                                  0.002  0.004   0.000    0.006      0.000    0.000    4493.0    7584.0   1.00
p_y[1328]                                  0.001  0.001   0.000    0.002      0.000    0.000    5131.0    8793.0   1.00
p_y[1329]                                  0.001  0.002   0.000    0.004      0.000    0.000    4192.0    6294.0   1.00
p_y[1330]                                  0.001  0.002   0.000    0.003      0.000    0.000    4494.0    8698.0   1.00
p_y[1331]                                  0.001  0.002   0.000    0.004      0.000    0.000    4445.0    7508.0   1.00
p_y[1332]                                  0.004  0.006   0.000    0.013      0.000    0.000    5738.0    7941.0   1.00
p_y[1333]                                  0.012  0.013   0.000    0.035      0.000    0.000    6483.0    8326.0   1.00
p_y[1334]                                  0.001  0.001   0.000    0.003      0.000    0.000    4502.0    4901.0   1.00
p_y[1335]                                  0.032  0.026   0.000    0.077      0.000    0.000    7086.0    6820.0   1.00
p_y[1336]                                  0.000  0.001   0.000    0.002      0.000    0.000    4411.0    6366.0   1.00
p_y[1337]                                  0.005  0.007   0.000    0.015      0.000    0.000    7134.0    9590.0   1.00
p_y[1338]                                  0.001  0.002   0.000    0.004      0.000    0.000    4788.0    6574.0   1.00
p_y[1339]                                  0.004  0.006   0.000    0.012      0.000    0.000    5868.0    7971.0   1.00
p_y[1340]                                  0.000  0.001   0.000    0.002      0.000    0.000    4479.0    8259.0   1.00
p_y[1341]                                  0.008  0.012   0.000    0.027      0.000    0.000    5322.0    6316.0   1.00
p_y[1342]                                  0.001  0.003   0.000    0.005      0.000    0.000    5573.0    7317.0   1.00
p_y[1343]                                  0.002  0.004   0.000    0.007      0.000    0.000    4683.0    7450.0   1.00
p_y[1344]                                  0.001  0.003   0.000    0.005      0.000    0.000    4177.0    7037.0   1.00
p_y[1345]                                  0.001  0.003   0.000    0.005      0.000    0.000    4427.0    7832.0   1.00
p_y[1346]                                  0.001  0.002   0.000    0.003      0.000    0.000    4750.0    7644.0   1.00
p_y[1347]                                  0.001  0.003   0.000    0.005      0.000    0.000    5311.0    8830.0   1.00
p_y[1348]                                  0.001  0.002   0.000    0.002      0.000    0.000    4373.0    8048.0   1.00
p_y[1349]                                  0.004  0.008   0.000    0.014      0.000    0.000    5392.0    8328.0   1.00
p_y[1350]                                  0.001  0.001   0.000    0.002      0.000    0.000    4085.0    7182.0   1.00
p_y[1351]                                  0.005  0.009   0.000    0.017      0.000    0.000    5652.0    8882.0   1.00
p_y[1352]                                  0.000  0.001   0.000    0.002      0.000    0.000    3653.0    5916.0   1.00
p_y[1353]                                  0.008  0.011   0.000    0.025      0.000    0.000    5082.0    7554.0   1.00
p_y[1354]                                  0.001  0.002   0.000    0.002      0.000    0.000    3343.0    6641.0   1.00
p_y[1355]                                  0.001  0.002   0.000    0.004      0.000    0.000    4808.0    7121.0   1.00
p_y[1356]                                  0.001  0.001   0.000    0.002      0.000    0.000    3466.0    5877.0   1.00
p_y[1357]                                  0.001  0.003   0.000    0.005      0.000    0.000    5018.0    8578.0   1.00
p_y[1358]                                  0.001  0.002   0.000    0.004      0.000    0.000    3609.0    7558.0   1.00
p_y[1359]                                  0.003  0.004   0.000    0.009      0.000    0.000    5061.0    8590.0   1.00
p_y[1360]                                  0.062  0.045   0.003    0.143      0.000    0.001    6939.0    9969.0   1.00
p_y[1361]                                  0.004  0.007   0.000    0.015      0.000    0.000    4342.0    4992.0   1.00
p_y[1362]                                  0.002  0.004   0.000    0.008      0.000    0.000    4741.0    7869.0   1.00
p_y[1363]                                  0.004  0.008   0.000    0.015      0.000    0.000    5412.0    6559.0   1.00
p_y[1364]                                  0.000  0.001   0.000    0.001      0.000    0.000    3534.0    8294.0   1.00
p_y[1365]                                  0.002  0.005   0.000    0.006      0.000    0.000    4742.0    8780.0   1.00
p_y[1366]                                  0.002  0.005   0.000    0.008      0.000    0.000    4402.0    7322.0   1.00
p_y[1367]                                  0.001  0.001   0.000    0.002      0.000    0.000    3729.0    5421.0   1.00
p_y[1368]                                  0.001  0.002   0.000    0.002      0.000    0.000    4251.0    7577.0   1.00
p_y[1369]                                  0.001  0.002   0.000    0.002      0.000    0.000    3785.0    7260.0   1.00
p_y[1370]                                  0.002  0.004   0.000    0.006      0.000    0.000    3906.0    7757.0   1.00
p_y[1371]                                  0.000  0.001   0.000    0.001      0.000    0.000    3151.0    4850.0   1.00
p_y[1372]                                  0.004  0.009   0.000    0.016      0.000    0.000    5623.0    8689.0   1.00
p_y[1373]                                  0.000  0.001   0.000    0.002      0.000    0.000    3310.0    5377.0   1.00
p_y[1374]                                  0.005  0.010   0.000    0.018      0.000    0.000    5876.0    9318.0   1.00
p_y[1375]                                  0.000  0.001   0.000    0.001      0.000    0.000    3663.0    7211.0   1.00
p_y[1376]                                  0.002  0.003   0.000    0.006      0.000    0.000    5548.0    9616.0   1.00
p_y[1377]                                  0.000  0.001   0.000    0.002      0.000    0.000    3087.0    5917.0   1.00
p_y[1378]                                  0.006  0.008   0.000    0.018      0.000    0.000    5335.0    7907.0   1.00
p_y[1379]                                  0.000  0.001   0.000    0.001      0.000    0.000    3455.0    5483.0   1.00
p_y[1380]                                  0.004  0.007   0.000    0.015      0.000    0.000    4836.0    7610.0   1.00
p_y[1381]                                  0.001  0.002   0.000    0.004      0.000    0.000    3349.0    6197.0   1.00
p_y[1382]                                  0.002  0.004   0.000    0.007      0.000    0.000    3365.0    6083.0   1.00
p_y[1383]                                  0.000  0.001   0.000    0.002      0.000    0.000    3007.0    4733.0   1.00
p_y[1384]                                  0.014  0.021   0.000    0.049      0.000    0.000    3516.0    5581.0   1.00
p_y[1385]                                  0.001  0.002   0.000    0.003      0.000    0.000    3506.0    6658.0   1.00
p_y[1386]                                  0.004  0.007   0.000    0.015      0.000    0.000    5058.0    5973.0   1.00
p_y[1387]                                  0.000  0.001   0.000    0.002      0.000    0.000    3258.0    6561.0   1.00
p_y[1388]                                  0.005  0.007   0.000    0.015      0.000    0.000    5013.0    4250.0   1.00
p_y[1389]                                  0.001  0.002   0.000    0.003      0.000    0.000    3643.0    8315.0   1.00
p_y[1390]                                  0.002  0.005   0.000    0.009      0.000    0.000    4560.0    5615.0   1.00
p_y[1391]                                  0.002  0.004   0.000    0.007      0.000    0.000    4987.0    8376.0   1.00
p_y[1392]                                  0.001  0.002   0.000    0.003      0.000    0.000    4009.0    7770.0   1.00
p_y[1393]                                  0.005  0.006   0.000    0.015      0.000    0.000    6135.0    6412.0   1.00
p_y[1394]                                  0.000  0.001   0.000    0.001      0.000    0.000    4152.0    7523.0   1.00
p_y[1395]                                  0.004  0.006   0.000    0.013      0.000    0.000    5748.0    6750.0   1.00
p_y[1396]                                  0.041  0.038   0.001    0.110      0.000    0.001    6887.0    8641.0   1.00
p_y[1397]                                  0.001  0.001   0.000    0.002      0.000    0.000    3524.0    7824.0   1.00
p_y[1398]                                  0.042  0.025   0.006    0.088      0.000    0.000    5673.0    7583.0   1.00
p_y[1399]                                  0.000  0.001   0.000    0.001      0.000    0.000    3431.0    6664.0   1.00
p_y[1400]                                  0.021  0.018   0.000    0.052      0.000    0.000    5990.0    5938.0   1.00
p_y[1401]                                  0.000  0.001   0.000    0.001      0.000    0.000    2712.0    4491.0   1.00
p_y[1402]                                  0.100  0.052   0.019    0.197      0.001    0.001    5596.0    9408.0   1.00
p_y[1403]                                  0.000  0.001   0.000    0.001      0.000    0.000    3418.0    7036.0   1.00
p_y[1404]                                  0.052  0.036   0.003    0.114      0.000    0.000    6651.0    8124.0   1.00
p_y[1405]                                  0.001  0.001   0.000    0.003      0.000    0.000    3601.0    6489.0   1.00
p_y[1406]                                  0.088  0.056   0.009    0.191      0.001    0.001    8314.0   10569.0   1.00
p_y[1407]                                  0.000  0.001   0.000    0.001      0.000    0.000    3596.0    6278.0   1.00
p_y[1408]                                  0.065  0.045   0.005    0.146      0.001    0.001    6820.0    9113.0   1.00
p_y[1409]                                  0.000  0.001   0.000    0.002      0.000    0.000    4427.0    8185.0   1.00
p_y[1410]                                  0.011  0.010   0.000    0.028      0.000    0.000    7058.0    7246.0   1.00
p_y[1411]                                  0.001  0.002   0.000    0.003      0.000    0.000    5496.0    8334.0   1.00
p_y[1412]                                  0.072  0.056   0.002    0.172      0.001    0.001    6539.0    7023.0   1.00
p_y[1413]                                  0.001  0.002   0.000    0.003      0.000    0.000    3549.0    6344.0   1.00
p_y[1414]                                  0.020  0.019   0.000    0.053      0.000    0.000    7267.0   10090.0   1.00
p_y[1415]                                  0.001  0.002   0.000    0.004      0.000    0.000    3545.0    6376.0   1.00
p_y[1416]                                  0.000  0.001   0.000    0.001      0.000    0.000    3814.0    7158.0   1.00
p_y[1417]                                  0.000  0.001   0.000    0.002      0.000    0.000    4146.0    6158.0   1.00
p_y[1418]                                  0.013  0.010   0.000    0.030      0.000    0.000    5805.0    6901.0   1.00
p_y[1419]                                  0.210  0.192   0.000    0.587      0.002    0.002    7161.0    7937.0   1.00
p_y[1420]                                  0.001  0.001   0.000    0.002      0.000    0.000    4467.0    7733.0   1.00
p_y[1421]                                  0.001  0.002   0.000    0.003      0.000    0.000    4449.0    6566.0   1.00
p_y[1422]                                  0.000  0.001   0.000    0.002      0.000    0.000    3725.0    7182.0   1.00
p_y[1423]                                  0.001  0.002   0.000    0.003      0.000    0.000    3890.0    7941.0   1.00
p_y[1424]                                  0.001  0.003   0.000    0.005      0.000    0.000    5636.0    7757.0   1.00
p_y[1425]                                  0.002  0.003   0.000    0.006      0.000    0.000    5414.0    7711.0   1.00
p_y[1426]                                  0.002  0.004   0.000    0.007      0.000    0.000    5725.0    6949.0   1.00
p_y[1427]                                  0.037  0.026   0.002    0.084      0.000    0.000    5288.0    5775.0   1.00
p_y[1428]                                  0.343  0.145   0.106    0.621      0.002    0.001    4275.0    7059.0   1.00
p_y[1429]                                  0.003  0.005   0.000    0.011      0.000    0.000    4926.0    9029.0   1.00
p_y[1430]                                  0.634  0.175   0.317    0.941      0.003    0.001    4023.0    5877.0   1.00
p_y[1431]                                  0.001  0.002   0.000    0.003      0.000    0.000    3969.0    7042.0   1.00
p_y[1432]                                  0.001  0.003   0.000    0.004      0.000    0.000    4566.0    8128.0   1.00
p_y[1433]                                  0.001  0.002   0.000    0.003      0.000    0.000    3679.0    7689.0   1.00
p_y[1434]                                  0.075  0.065   0.001    0.189      0.001    0.001    5118.0    6328.0   1.00
p_y[1435]                                  0.000  0.001   0.000    0.001      0.000    0.000    3652.0    7046.0   1.00
p_y[1436]                                  0.000  0.001   0.000    0.001      0.000    0.000    3762.0    6368.0   1.00
p_y[1437]                                  0.002  0.003   0.000    0.006      0.000    0.000    3184.0    5751.0   1.00
p_y[1438]                                  0.512  0.192   0.177    0.867      0.003    0.001    4708.0    5467.0   1.00
p_y[1439]                                  0.001  0.003   0.000    0.004      0.000    0.000    3760.0    6559.0   1.00
p_y[1440]                                  0.470  0.201   0.128    0.847      0.003    0.001    4830.0    7329.0   1.00
p_y[1441]                                  0.001  0.003   0.000    0.005      0.000    0.000    3427.0    6101.0   1.00
p_y[1442]                                  0.001  0.003   0.000    0.005      0.000    0.000    3157.0    6262.0   1.00
p_y[1443]                                  0.002  0.004   0.000    0.007      0.000    0.000    3459.0    8238.0   1.00
p_y[1444]                                  0.019  0.012   0.002    0.040      0.000    0.000    6900.0    9631.0   1.00
p_y[1445]                                  0.001  0.002   0.000    0.003      0.000    0.000    3895.0    7396.0   1.00
p_y[1446]                                  0.001  0.002   0.000    0.003      0.000    0.000    3939.0    5437.0   1.00
p_y[1447]                                  0.008  0.014   0.000    0.030      0.000    0.000    6703.0    8078.0   1.00
p_y[1448]                                  0.001  0.002   0.000    0.003      0.000    0.000    3968.0    7533.0   1.00
p_y[1449]                                  0.001  0.002   0.000    0.003      0.000    0.000    4046.0    5918.0   1.00
p_y[1450]                                  0.060  0.038   0.007    0.129      0.000    0.001    6305.0    8462.0   1.00
p_y[1451]                                  0.001  0.001   0.000    0.002      0.000    0.000    3054.0    6447.0   1.00
p_y[1452]                                  0.001  0.002   0.000    0.004      0.000    0.000    3344.0    6726.0   1.00
p_y[1453]                                  0.001  0.001   0.000    0.002      0.000    0.000    3569.0    5364.0   1.00
p_y[1454]                                  0.011  0.021   0.000    0.043      0.000    0.001    6791.0    9428.0   1.00
p_y[1455]                                  0.012  0.016   0.000    0.038      0.000    0.000    6026.0    7711.0   1.00
p_y[1456]                                  0.001  0.002   0.000    0.003      0.000    0.000    3905.0    7284.0   1.00
p_y[1457]                                  0.001  0.002   0.000    0.003      0.000    0.000    4083.0    6678.0   1.00
p_y[1458]                                  0.001  0.001   0.000    0.002      0.000    0.000    3752.0    7017.0   1.00
p_y[1459]                                  0.045  0.055   0.000    0.140      0.001    0.001    7269.0    8221.0   1.00
p_y[1460]                                  0.007  0.014   0.000    0.025      0.000    0.001    6298.0    7144.0   1.00
p_y[1461]                                  0.000  0.001   0.000    0.002      0.000    0.000    4894.0    8046.0   1.00
p_y[1462]                                  0.004  0.006   0.000    0.012      0.000    0.000    5205.0    7365.0   1.00
p_y[1463]                                  0.001  0.001   0.000    0.002      0.000    0.000    3996.0    7139.0   1.00
p_y[1464]                                  0.009  0.010   0.000    0.027      0.000    0.000    5851.0    6461.0   1.00
p_y[1465]                                  0.000  0.001   0.000    0.001      0.000    0.000    3444.0    6288.0   1.00
p_y[1466]                                  0.000  0.000   0.000    0.001      0.000    0.000    3312.0    5880.0   1.00
p_y[1467]                                  0.002  0.002   0.000    0.005      0.000    0.000    6703.0    8852.0   1.00
p_y[1468]                                  0.001  0.002   0.000    0.002      0.000    0.000    3701.0    7177.0   1.00
p_y[1469]                                  0.001  0.002   0.000    0.002      0.000    0.000    3053.0    5270.0   1.00
p_y[1470]                                  0.003  0.005   0.000    0.010      0.000    0.000    6531.0    9066.0   1.00
p_y[1471]                                  0.175  0.069   0.056    0.302      0.001    0.001    4403.0    7877.0   1.00
p_y[1472]                                  0.000  0.001   0.000    0.001      0.000    0.000    3738.0    7141.0   1.00
p_y[1473]                                  0.001  0.003   0.000    0.004      0.000    0.000    3526.0    5393.0   1.00
p_y[1474]                                  0.001  0.002   0.000    0.004      0.000    0.000    3662.0    6269.0   1.00
p_y[1475]                                  0.001  0.002   0.000    0.003      0.000    0.000    3338.0    6968.0   1.00
p_y[1476]                                  0.058  0.058   0.000    0.162      0.001    0.001    6978.0    7699.0   1.00
p_y[1477]                                  0.001  0.003   0.000    0.004      0.000    0.000    3598.0    7457.0   1.00
p_y[1478]                                  0.000  0.001   0.000    0.001      0.000    0.000    3217.0    6209.0   1.00
p_y[1479]                                  0.007  0.008   0.000    0.021      0.000    0.000    5522.0    7443.0   1.00
p_y[1480]                                  0.004  0.007   0.000    0.014      0.000    0.000    5966.0    8459.0   1.00
p_y[1481]                                  0.001  0.001   0.000    0.002      0.000    0.000    4053.0    6689.0   1.00
p_y[1482]                                  0.007  0.009   0.000    0.022      0.000    0.000    6297.0    9936.0   1.00
p_y[1483]                                  0.001  0.002   0.000    0.003      0.000    0.000    4710.0    6970.0   1.00
p_y[1484]                                  0.010  0.014   0.000    0.034      0.000    0.000    6473.0    6876.0   1.00
p_y[1485]                                  0.003  0.004   0.000    0.010      0.000    0.000    5494.0    9752.0   1.00
p_y[1486]                                  0.003  0.005   0.000    0.010      0.000    0.000    5693.0    8741.0   1.00
p_y[1487]                                  0.000  0.001   0.000    0.001      0.000    0.000    2805.0    4702.0   1.00
p_y[1488]                                  0.007  0.010   0.000    0.025      0.000    0.000    5954.0    8162.0   1.00
p_y[1489]                                  0.002  0.004   0.000    0.009      0.000    0.000    3009.0    3969.0   1.00
p_y[1490]                                  0.002  0.004   0.000    0.008      0.000    0.000    6114.0    8901.0   1.00
p_y[1491]                                  0.001  0.002   0.000    0.005      0.000    0.000    3206.0    3849.0   1.00
p_y[1492]                                  0.042  0.033   0.002    0.101      0.000    0.000    6504.0    7226.0   1.00
p_y[1493]                                  0.001  0.002   0.000    0.002      0.000    0.000    4005.0    6843.0   1.00
p_y[1494]                                  0.010  0.013   0.000    0.031      0.000    0.000    5632.0    7656.0   1.00
p_y[1495]                                  0.001  0.002   0.000    0.002      0.000    0.000    4089.0    7457.0   1.00
p_y[1496]                                  0.014  0.020   0.000    0.047      0.000    0.000    6920.0    8814.0   1.00
p_y[1497]                                  0.003  0.006   0.000    0.009      0.000    0.001    4274.0    7763.0   1.00
p_y[1498]                                  0.004  0.007   0.000    0.015      0.000    0.000    5232.0    7637.0   1.00
p_y[1499]                                  0.002  0.003   0.000    0.006      0.000    0.000    4064.0    4060.0   1.00
p_y[1500]                                  0.003  0.006   0.000    0.011      0.000    0.000    5487.0    7221.0   1.00
p_y[1501]                                  0.002  0.005   0.000    0.008      0.000    0.000    4749.0    5820.0   1.00
p_y[1502]                                  0.003  0.007   0.000    0.013      0.000    0.000    5963.0    6789.0   1.00
p_y[1503]                                  0.003  0.005   0.000    0.010      0.000    0.000    3550.0    3872.0   1.00
p_y[1504]                                  0.003  0.005   0.000    0.009      0.000    0.000    5853.0    7725.0   1.00
p_y[1505]                                  0.006  0.010   0.000    0.021      0.000    0.000    5281.0    6882.0   1.00
p_y[1506]                                  0.027  0.028   0.000    0.077      0.000    0.000    2564.0    1575.0   1.00
p_y[1507]                                  0.003  0.006   0.000    0.012      0.000    0.000    5631.0    8645.0   1.00
p_y[1508]                                  0.002  0.005   0.000    0.009      0.000    0.000    3242.0    5185.0   1.00
p_y[1509]                                  0.003  0.004   0.000    0.009      0.000    0.000    5465.0    7950.0   1.00
p_y[1510]                                  0.001  0.003   0.000    0.005      0.000    0.000    3980.0    6935.0   1.00
p_y[1511]                                  0.001  0.002   0.000    0.004      0.000    0.000    5025.0    7114.0   1.00
p_y[1512]                                  0.007  0.009   0.000    0.021      0.000    0.000    4843.0    7426.0   1.00
p_y[1513]                                  0.001  0.002   0.000    0.002      0.000    0.000    4234.0    6672.0   1.00
p_y[1514]                                  0.003  0.005   0.000    0.011      0.000    0.000    5054.0    7775.0   1.00
p_y[1515]                                  0.001  0.002   0.000    0.003      0.000    0.000    4376.0    7020.0   1.00
p_y[1516]                                  0.003  0.004   0.000    0.010      0.000    0.000    5856.0    7875.0   1.00
p_y[1517]                                  0.000  0.001   0.000    0.001      0.000    0.000    3942.0    5875.0   1.00
p_y[1518]                                  0.048  0.035   0.003    0.111      0.000    0.000    7329.0    9199.0   1.00
p_y[1519]                                  0.001  0.003   0.000    0.005      0.000    0.000    4496.0    6925.0   1.00
p_y[1520]                                  0.015  0.016   0.000    0.042      0.000    0.000    6208.0    8678.0   1.00
p_y[1521]                                  0.001  0.002   0.000    0.003      0.000    0.000    3648.0    6493.0   1.00
p_y[1522]                                  0.004  0.006   0.000    0.013      0.000    0.000    4765.0    8686.0   1.00
p_y[1523]                                  0.002  0.004   0.000    0.007      0.000    0.000    2911.0    5038.0   1.00
p_y[1524]                                  0.004  0.006   0.000    0.013      0.000    0.000    4654.0    7225.0   1.00
p_y[1525]                                  0.004  0.007   0.000    0.015      0.000    0.000    3458.0    4946.0   1.00
p_y[1526]                                  0.005  0.007   0.000    0.016      0.000    0.000    5472.0    8077.0   1.00
p_y[1527]                                  0.001  0.003   0.000    0.005      0.000    0.000    3070.0    4549.0   1.00
p_y[1528]                                  0.011  0.017   0.000    0.039      0.000    0.000    4586.0    5003.0   1.00
p_y[1529]                                  0.000  0.001   0.000    0.001      0.000    0.000    2668.0    3721.0   1.00
p_y[1530]                                  0.016  0.016   0.000    0.044      0.000    0.000    5760.0    5603.0   1.00
p_y[1531]                                  0.001  0.003   0.000    0.004      0.000    0.000    3389.0    5811.0   1.00
p_y[1532]                                  0.002  0.003   0.000    0.006      0.000    0.000    5182.0    7531.0   1.00
p_y[1533]                                  0.001  0.002   0.000    0.003      0.000    0.000    3943.0    6658.0   1.00
p_y[1534]                                  0.009  0.011   0.000    0.027      0.000    0.000    5791.0    7529.0   1.00
p_y[1535]                                  0.001  0.002   0.000    0.004      0.000    0.000    3814.0    5904.0   1.00
p_y[1536]                                  0.010  0.012   0.000    0.030      0.000    0.000    6507.0    6813.0   1.00
p_y[1537]                                  0.001  0.002   0.000    0.003      0.000    0.000    4072.0    7698.0   1.00
p_y[1538]                                  0.012  0.012   0.000    0.032      0.000    0.000    5631.0    7396.0   1.00
p_y[1539]                                  0.001  0.002   0.000    0.004      0.000    0.000    6313.0    6766.0   1.00
p_y[1540]                                  0.026  0.023   0.000    0.066      0.000    0.000    4609.0    4145.0   1.00
p_y[1541]                                  0.006  0.008   0.000    0.019      0.000    0.000    7641.0    9835.0   1.00
p_y[1542]                                  0.000  0.000   0.000    0.001      0.000    0.000    4675.0    7689.0   1.00
p_y[1543]                                  0.031  0.026   0.001    0.078      0.000    0.000    5718.0    5813.0   1.00
p_y[1544]                                  0.003  0.005   0.000    0.010      0.000    0.000    5841.0    8522.0   1.00
p_y[1545]                                  0.006  0.008   0.000    0.019      0.000    0.000    6866.0    9855.0   1.00
p_y[1546]                                  0.004  0.004   0.000    0.011      0.000    0.000    5230.0    7846.0   1.00
p_y[1547]                                  0.002  0.002   0.000    0.005      0.000    0.000    5661.0    7362.0   1.00
p_y[1548]                                  0.002  0.004   0.000    0.008      0.000    0.000    6705.0    8969.0   1.00
p_y[1549]                                  0.010  0.014   0.000    0.032      0.000    0.000    4826.0    7235.0   1.00
p_y[1550]                                  0.007  0.012   0.000    0.024      0.000    0.001    5801.0    8505.0   1.00
p_y[1551]                                  0.003  0.006   0.000    0.009      0.000    0.000    4730.0    8081.0   1.00
p_y[1552]                                  0.002  0.005   0.000    0.009      0.000    0.000    5406.0    8177.0   1.00
p_y[1553]                                  0.003  0.004   0.000    0.009      0.000    0.000    5228.0    8516.0   1.00
p_y[1554]                                  0.004  0.005   0.000    0.011      0.000    0.000    4806.0    7240.0   1.00
p_y[1555]                                  0.000  0.001   0.000    0.002      0.000    0.000    5184.0    9406.0   1.00
p_y[1556]                                  0.004  0.005   0.000    0.012      0.000    0.000    5867.0    7978.0   1.00
p_y[1557]                                  0.002  0.003   0.000    0.007      0.000    0.000    5977.0    8588.0   1.00
p_y[1558]                                  0.005  0.005   0.000    0.013      0.000    0.000    5395.0    7106.0   1.00
p_y[1559]                                  0.002  0.003   0.000    0.006      0.000    0.000    5499.0    8758.0   1.00
p_y[1560]                                  0.002  0.002   0.000    0.005      0.000    0.000    4370.0    6382.0   1.00
p_y[1561]                                  0.034  0.021   0.003    0.072      0.000    0.000    6506.0    7142.0   1.00
p_y[1562]                                  0.005  0.007   0.000    0.017      0.000    0.000    6603.0    8401.0   1.00
p_y[1563]                                  0.001  0.003   0.000    0.005      0.000    0.000    5133.0    8243.0   1.00
p_y[1564]                                  0.006  0.006   0.000    0.016      0.000    0.000    6022.0    7192.0   1.00
p_y[1565]                                  0.024  0.020   0.000    0.060      0.000    0.000    5494.0    6596.0   1.00
p_y[1566]                                  0.004  0.004   0.000    0.012      0.000    0.000    6134.0    7291.0   1.00
p_y[1567]                                  0.002  0.005   0.000    0.007      0.000    0.000    5181.0    6830.0   1.00
p_y[1568]                                  0.001  0.002   0.000    0.004      0.000    0.000    5855.0    9485.0   1.00
p_y[1569]                                  0.005  0.006   0.000    0.015      0.000    0.000    7097.0    7555.0   1.00
p_y[1570]                                  0.000  0.001   0.000    0.001      0.000    0.000    4939.0    7856.0   1.00
p_y[1571]                                  0.005  0.007   0.000    0.017      0.000    0.000    6158.0    5927.0   1.00
p_y[1572]                                  0.001  0.002   0.000    0.004      0.000    0.000    5101.0    8422.0   1.00
p_y[1573]                                  0.006  0.007   0.000    0.018      0.000    0.000    6427.0    7389.0   1.00
p_y[1574]                                  0.021  0.035   0.000    0.072      0.000    0.001    6800.0    7888.0   1.00
p_y[1575]                                  0.001  0.001   0.000    0.002      0.000    0.000    5503.0    8092.0   1.00
p_y[1576]                                  0.016  0.012   0.001    0.038      0.000    0.000    5970.0    6796.0   1.00
p_y[1577]                                  0.002  0.003   0.000    0.006      0.000    0.000    5459.0    7557.0   1.00
p_y[1578]                                  0.006  0.008   0.000    0.019      0.000    0.000    6261.0    8000.0   1.00
p_y[1579]                                  0.006  0.010   0.000    0.020      0.000    0.000    5066.0    8584.0   1.00
p_y[1580]                                  0.007  0.010   0.000    0.024      0.000    0.000    6461.0    8500.0   1.00
p_y[1581]                                  0.027  0.023   0.001    0.067      0.000    0.000    6999.0    9120.0   1.00
p_y[1582]                                  0.002  0.004   0.000    0.007      0.000    0.000    5542.0    7586.0   1.00
p_y[1583]                                  0.003  0.004   0.000    0.009      0.000    0.000    5243.0    8739.0   1.00
p_y[1584]                                  0.004  0.005   0.000    0.013      0.000    0.000    5681.0    6300.0   1.00
p_y[1585]                                  0.008  0.006   0.000    0.018      0.000    0.000    6010.0    7048.0   1.00
p_y[1586]                                  0.003  0.005   0.000    0.010      0.000    0.000    6058.0    9428.0   1.00
p_y[1587]                                  0.002  0.003   0.000    0.006      0.000    0.000    4971.0    7091.0   1.00
p_y[1588]                                  0.005  0.007   0.000    0.017      0.000    0.000    4892.0    7298.0   1.00
p_y[1589]                                  0.046  0.029   0.003    0.099      0.000    0.000    5701.0    6703.0   1.00
p_y[1590]                                  0.005  0.006   0.000    0.015      0.000    0.000    5057.0    6483.0   1.00
p_y[1591]                                  0.022  0.012   0.003    0.045      0.000    0.000    7026.0    9065.0   1.00
p_y[1592]                                  0.009  0.010   0.000    0.026      0.000    0.000    6624.0    7925.0   1.00
p_y[1593]                                  0.001  0.001   0.000    0.002      0.000    0.000    6119.0    8194.0   1.00
p_y[1594]                                  0.000  0.001   0.000    0.001      0.000    0.000    5067.0    8429.0   1.00
p_y[1595]                                  0.009  0.011   0.000    0.028      0.000    0.000    7179.0    8198.0   1.00
p_y[1596]                                  0.005  0.005   0.000    0.014      0.000    0.000    6366.0    8841.0   1.00
p_y[1597]                                  0.006  0.008   0.000    0.018      0.000    0.000    6114.0    9706.0   1.00
p_y[1598]                                  0.002  0.003   0.000    0.006      0.000    0.000    5659.0    7711.0   1.00
p_y[1599]                                  0.002  0.004   0.000    0.008      0.000    0.000    5323.0    7347.0   1.00
p_y[1600]                                  0.004  0.007   0.000    0.014      0.000    0.000    6267.0    7870.0   1.00
p_y[1601]                                  0.020  0.024   0.000    0.062      0.000    0.001    6596.0    9151.0   1.00
p_y[1602]                                  0.002  0.005   0.000    0.008      0.000    0.000    4561.0    7223.0   1.00
p_y[1603]                                  0.001  0.002   0.000    0.004      0.000    0.000    5016.0    6896.0   1.00
p_y[1604]                                  0.002  0.005   0.000    0.009      0.000    0.000    5457.0    7974.0   1.00
p_y[1605]                                  0.000  0.001   0.000    0.002      0.000    0.000    5047.0    7421.0   1.00
p_y[1606]                                  0.004  0.005   0.000    0.012      0.000    0.000    5518.0    8201.0   1.00
p_y[1607]                                  0.001  0.003   0.000    0.005      0.000    0.000    5223.0    7677.0   1.00
p_y[1608]                                  0.003  0.005   0.000    0.010      0.000    0.000    6098.0    8128.0   1.00
p_y[1609]                                  0.002  0.003   0.000    0.006      0.000    0.000    4779.0    6884.0   1.00
p_y[1610]                                  0.002  0.003   0.000    0.006      0.000    0.000    5189.0    7485.0   1.00
p_y[1611]                                  0.002  0.004   0.000    0.008      0.000    0.000    6020.0    8961.0   1.00
p_y[1612]                                  0.002  0.003   0.000    0.006      0.000    0.000    4989.0    7068.0   1.00
p_y[1613]                                  0.001  0.002   0.000    0.004      0.000    0.000    6508.0    7727.0   1.00
p_y[1614]                                  0.001  0.002   0.000    0.003      0.000    0.000    4202.0    6286.0   1.00
p_y[1615]                                  0.001  0.001   0.000    0.002      0.000    0.000    4810.0    7023.0   1.00
p_y[1616]                                  0.001  0.001   0.000    0.003      0.000    0.000    6919.0    9233.0   1.00
p_y[1617]                                  0.001  0.002   0.000    0.004      0.000    0.000    4250.0    6798.0   1.00
p_y[1618]                                  0.002  0.003   0.000    0.007      0.000    0.000    6185.0    8209.0   1.00
p_y[1619]                                  0.002  0.004   0.000    0.007      0.000    0.000    4622.0    8046.0   1.00
p_y[1620]                                  0.001  0.002   0.000    0.005      0.000    0.000    4646.0    8169.0   1.00
p_y[1621]                                  0.001  0.003   0.000    0.004      0.000    0.000    4463.0    6469.0   1.00
p_y[1622]                                  0.001  0.003   0.000    0.004      0.000    0.000    5653.0    7166.0   1.00
p_y[1623]                                  0.001  0.001   0.000    0.002      0.000    0.000    4300.0    8084.0   1.00
p_y[1624]                                  0.001  0.004   0.000    0.005      0.000    0.000    4914.0    8524.0   1.00
p_y[1625]                                  0.001  0.002   0.000    0.002      0.000    0.000    4711.0    9889.0   1.00
p_y[1626]                                  0.007  0.008   0.000    0.021      0.000    0.000    6378.0    8225.0   1.00
p_y[1627]                                  0.001  0.001   0.000    0.003      0.000    0.000    4025.0    6849.0   1.00
p_y[1628]                                  0.002  0.003   0.000    0.008      0.000    0.000    6000.0    7838.0   1.00
p_y[1629]                                  0.005  0.011   0.000    0.020      0.000    0.000    4910.0    8471.0   1.00
p_y[1630]                                  0.004  0.005   0.000    0.012      0.000    0.000    6359.0    8925.0   1.00
p_y[1631]                                  0.001  0.002   0.000    0.003      0.000    0.000    4668.0    7540.0   1.00
p_y[1632]                                  0.001  0.002   0.000    0.005      0.000    0.000    5714.0    8102.0   1.00
p_y[1633]                                  0.001  0.003   0.000    0.004      0.000    0.000    4609.0    8051.0   1.00
p_y[1634]                                  0.001  0.002   0.000    0.003      0.000    0.000    4745.0    7150.0   1.00
p_y[1635]                                  0.002  0.003   0.000    0.006      0.000    0.000    4499.0    6929.0   1.00
p_y[1636]                                  0.003  0.005   0.000    0.010      0.000    0.000    4613.0    6659.0   1.00
p_y[1637]                                  0.003  0.004   0.000    0.010      0.000    0.000    5670.0    7861.0   1.00
p_y[1638]                                  0.001  0.003   0.000    0.004      0.000    0.000    5347.0    8062.0   1.00
p_y[1639]                                  0.002  0.004   0.000    0.008      0.000    0.000    6592.0    9890.0   1.00
p_y[1640]                                  0.019  0.017   0.000    0.050      0.000    0.000    5068.0    3960.0   1.00
p_y[1641]                                  0.007  0.009   0.000    0.023      0.000    0.000    6232.0    6372.0   1.00
p_y[1642]                                  0.002  0.004   0.000    0.008      0.000    0.000    5481.0    7279.0   1.00
p_y[1643]                                  0.002  0.003   0.000    0.007      0.000    0.000    5136.0    5562.0   1.00
p_y[1644]                                  0.001  0.002   0.000    0.004      0.000    0.000    4892.0    8466.0   1.00
p_y[1645]                                  0.001  0.002   0.000    0.003      0.000    0.000    6132.0    8634.0   1.00
p_y[1646]                                  0.002  0.004   0.000    0.006      0.000    0.000    4919.0    7973.0   1.00
p_y[1647]                                  0.001  0.003   0.000    0.005      0.000    0.000    4625.0    8049.0   1.00
p_y[1648]                                  0.002  0.006   0.000    0.008      0.000    0.001    4512.0    7416.0   1.00
p_y[1649]                                  0.002  0.004   0.000    0.006      0.000    0.000    5177.0    8400.0   1.00
p_y[1650]                                  0.001  0.002   0.000    0.003      0.000    0.000    5160.0    7219.0   1.00
p_y[1651]                                  0.002  0.003   0.000    0.006      0.000    0.000    5239.0    7757.0   1.00
p_y[1652]                                  0.001  0.002   0.000    0.003      0.000    0.000    5822.0    9984.0   1.00
p_y[1653]                                  0.004  0.004   0.000    0.011      0.000    0.000    4717.0    6824.0   1.00
p_y[1654]                                  0.015  0.020   0.000    0.047      0.000    0.000    6260.0    9750.0   1.00
p_y[1655]                                  0.001  0.002   0.000    0.004      0.000    0.000    6049.0    8220.0   1.00
p_y[1656]                                  0.002  0.003   0.000    0.006      0.000    0.000    4772.0    7039.0   1.00
p_y[1657]                                  0.003  0.009   0.000    0.010      0.000    0.000    6095.0    9194.0   1.00
p_y[1658]                                  0.018  0.036   0.000    0.070      0.000    0.001    5986.0    8272.0   1.00
p_y[1659]                                  0.003  0.009   0.000    0.009      0.000    0.001    5999.0    8134.0   1.00
p_y[1660]                                  0.002  0.004   0.000    0.008      0.000    0.000    5361.0    7708.0   1.00
p_y[1661]                                  0.002  0.007   0.000    0.008      0.000    0.001    4213.0    6403.0   1.00
p_y[1662]                                  0.001  0.005   0.000    0.004      0.000    0.000    4854.0    8913.0   1.00
p_y[1663]                                  0.001  0.002   0.000    0.003      0.000    0.000    4106.0    7715.0   1.00
p_y[1664]                                  0.001  0.003   0.000    0.004      0.000    0.000    4577.0    5687.0   1.00
p_y[1665]                                  0.005  0.006   0.000    0.015      0.000    0.000    5092.0    7832.0   1.00
p_y[1666]                                  0.002  0.003   0.000    0.006      0.000    0.000    4465.0    5800.0   1.00
p_y[1667]                                  0.002  0.004   0.000    0.006      0.000    0.000    3994.0    7550.0   1.00
p_y[1668]                                  0.002  0.004   0.000    0.006      0.000    0.000    4219.0    5988.0   1.00
p_y[1669]                                  0.004  0.006   0.000    0.013      0.000    0.000    4416.0    7834.0   1.00
p_y[1670]                                  0.001  0.002   0.000    0.004      0.000    0.000    4029.0    6733.0   1.00
p_y[1671]                                  0.001  0.002   0.000    0.002      0.000    0.000    4211.0    7522.0   1.00
p_y[1672]                                  0.001  0.003   0.000    0.003      0.000    0.000    4042.0    6284.0   1.00
p_y[1673]                                  0.002  0.006   0.000    0.007      0.000    0.000    5149.0    9020.0   1.00
p_y[1674]                                  0.002  0.007   0.000    0.008      0.000    0.001    5124.0    9455.0   1.00
p_y[1675]                                  0.001  0.002   0.000    0.004      0.000    0.000    4072.0    7188.0   1.00
p_y[1676]                                  0.001  0.002   0.000    0.003      0.000    0.000    4401.0    7245.0   1.00
p_y[1677]                                  0.001  0.004   0.000    0.005      0.000    0.000    4523.0    7823.0   1.00
p_y[1678]                                  0.001  0.002   0.000    0.002      0.000    0.000    3803.0    6940.0   1.00
p_y[1679]                                  0.001  0.004   0.000    0.005      0.000    0.000    4302.0    7907.0   1.00
p_y[1680]                                  0.003  0.007   0.000    0.010      0.000    0.000    4499.0    7108.0   1.00
p_y[1681]                                  0.002  0.006   0.000    0.009      0.000    0.000    3550.0    7142.0   1.00
p_y[1682]                                  0.004  0.010   0.000    0.014      0.000    0.001    4240.0    6849.0   1.00
p_y[1683]                                  0.002  0.007   0.000    0.008      0.000    0.001    3839.0    6110.0   1.00
p_y[1684]                                  0.003  0.007   0.000    0.010      0.000    0.001    3816.0    5729.0   1.00
p_y[1685]                                  0.004  0.008   0.000    0.014      0.000    0.000    4240.0    6422.0   1.00
p_y[1686]                                  0.021  0.022   0.000    0.061      0.000    0.000    4667.0    5303.0   1.00
p_y[1687]                                  0.015  0.016   0.000    0.042      0.000    0.000    4508.0    5609.0   1.00
p_y[1688]                                  0.002  0.010   0.000    0.007      0.000    0.001    5024.0    9155.0   1.00
p_y[1689]                                  0.006  0.014   0.000    0.022      0.000    0.001    5383.0    8929.0   1.00
p_y[1690]                                  0.239  0.329   0.000    0.954      0.004    0.003    6963.0    9389.0   1.00
p_y[1691]                                  0.001  0.002   0.000    0.004      0.000    0.000    3921.0    6886.0   1.00
p_y[1692]                                  0.003  0.005   0.000    0.010      0.000    0.000    4770.0    5592.0   1.00
p_y[1693]                                  0.001  0.003   0.000    0.005      0.000    0.000    4908.0    7180.0   1.00
p_y[1694]                                  0.003  0.005   0.000    0.009      0.000    0.000    4469.0    7635.0   1.00
p_y[1695]                                  0.003  0.006   0.000    0.010      0.000    0.000    4265.0    6491.0   1.00
p_y[1696]                                  0.001  0.002   0.000    0.004      0.000    0.000    4254.0    7425.0   1.00
p_y[1697]                                  0.001  0.003   0.000    0.004      0.000    0.000    5140.0    6959.0   1.00
p_y[1698]                                  0.003  0.007   0.000    0.012      0.000    0.000    5146.0    9555.0   1.00
p_y[1699]                                  0.005  0.007   0.000    0.016      0.000    0.000    4741.0    7932.0   1.00
p_y[1700]                                  0.018  0.016   0.000    0.046      0.000    0.000    5503.0    5985.0   1.00
p_y[1701]                                  0.003  0.005   0.000    0.011      0.000    0.000    5438.0    8400.0   1.00
p_y[1702]                                  0.002  0.005   0.000    0.009      0.000    0.000    5246.0    8636.0   1.00
p_y[1703]                                  0.003  0.006   0.000    0.009      0.000    0.000    4715.0    8657.0   1.00
p_y[1704]                                  0.002  0.003   0.000    0.007      0.000    0.000    4649.0    7415.0   1.00
p_y[1705]                                  0.001  0.003   0.000    0.005      0.000    0.000    5445.0    9164.0   1.00
p_y[1706]                                  0.002  0.004   0.000    0.007      0.000    0.000    5133.0    7600.0   1.00
p_y[1707]                                  0.002  0.004   0.000    0.007      0.000    0.000    5313.0    8267.0   1.00
p_y[1708]                                  0.001  0.003   0.000    0.005      0.000    0.000    5555.0    9460.0   1.00
p_y[1709]                                  0.008  0.014   0.000    0.029      0.000    0.000    4987.0    6862.0   1.00
p_y[1710]                                  0.002  0.003   0.000    0.006      0.000    0.000    4791.0    6878.0   1.00
p_y[1711]                                  0.002  0.003   0.000    0.006      0.000    0.000    5100.0    8829.0   1.00
p_y[1712]                                  0.001  0.002   0.000    0.005      0.000    0.000    4563.0    7862.0   1.00
p_y[1713]                                  0.006  0.007   0.000    0.018      0.000    0.000    5505.0    7116.0   1.00
p_y[1714]                                  0.063  0.075   0.000    0.196      0.001    0.001    4465.0    3061.0   1.00
p_y[1715]                                  0.002  0.004   0.000    0.008      0.000    0.000    4264.0    5114.0   1.00
p_y[1716]                                  0.002  0.004   0.000    0.008      0.000    0.000    4566.0    6381.0   1.00
p_y[1717]                                  0.006  0.007   0.000    0.018      0.000    0.000    5396.0    7427.0   1.00
p_y[1718]                                  0.002  0.003   0.000    0.006      0.000    0.000    4778.0    6957.0   1.00
p_y[1719]                                  0.003  0.005   0.000    0.009      0.000    0.000    4522.0    8589.0   1.00
p_y[1720]                                  0.002  0.005   0.000    0.006      0.000    0.001    4370.0    8208.0   1.00
p_y[1721]                                  0.003  0.004   0.000    0.009      0.000    0.000    3607.0    6179.0   1.00
p_y[1722]                                  0.002  0.004   0.000    0.006      0.000    0.000    4222.0    8066.0   1.00
p_y[1723]                                  0.001  0.002   0.000    0.003      0.000    0.000    4802.0    8665.0   1.00
p_y[1724]                                  0.002  0.004   0.000    0.006      0.000    0.000    4476.0    7368.0   1.00
p_y[1725]                                  0.003  0.005   0.000    0.010      0.000    0.000    5103.0    6588.0   1.00
p_y[1726]                                  0.002  0.004   0.000    0.006      0.000    0.000    4242.0    7624.0   1.00
p_y[1727]                                  0.001  0.002   0.000    0.003      0.000    0.000    5347.0    8875.0   1.00
p_y[1728]                                  0.002  0.003   0.000    0.006      0.000    0.000    4737.0    7509.0   1.00
p_y[1729]                                  0.001  0.003   0.000    0.005      0.000    0.000    4866.0    7402.0   1.00
p_y[1730]                                  0.001  0.002   0.000    0.004      0.000    0.000    5252.0    8272.0   1.00
p_y[1731]                                  0.001  0.001   0.000    0.003      0.000    0.000    4521.0    6118.0   1.00
p_y[1732]                                  0.002  0.004   0.000    0.006      0.000    0.000    5436.0    7956.0   1.00
p_y[1733]                                  0.001  0.002   0.000    0.005      0.000    0.000    4951.0    9007.0   1.00
p_y[1734]                                  0.001  0.003   0.000    0.005      0.000    0.000    6128.0    7723.0   1.00
p_y[1735]                                  0.002  0.004   0.000    0.008      0.000    0.000    5542.0    7525.0   1.00
p_y[1736]                                  0.002  0.005   0.000    0.009      0.000    0.000    4771.0    7677.0   1.00
p_y[1737]                                  0.003  0.004   0.000    0.009      0.000    0.000    4900.0    8420.0   1.00
p_y[1738]                                  0.001  0.002   0.000    0.005      0.000    0.000    4619.0    7408.0   1.00
p_y[1739]                                  0.002  0.003   0.000    0.006      0.000    0.000    3275.0    5764.0   1.00
p_y[1740]                                  0.003  0.006   0.000    0.011      0.000    0.000    5304.0    7253.0   1.00
p_y[1741]                                  0.001  0.002   0.000    0.004      0.000    0.000    4362.0    7876.0   1.00
p_y[1742]                                  0.001  0.001   0.000    0.002      0.000    0.000    4327.0    7791.0   1.00
p_y[1743]                                  0.001  0.003   0.000    0.005      0.000    0.000    5034.0    8358.0   1.00
p_y[1744]                                  0.001  0.002   0.000    0.003      0.000    0.000    4848.0    8292.0   1.00
p_y[1745]                                  0.002  0.003   0.000    0.006      0.000    0.000    5327.0    7287.0   1.00
p_y[1746]                                  0.001  0.002   0.000    0.004      0.000    0.000    4433.0    8221.0   1.00
p_y[1747]                                  0.001  0.002   0.000    0.004      0.000    0.000    4603.0    6219.0   1.00
p_y[1748]                                  0.003  0.005   0.000    0.010      0.000    0.000    5106.0    7268.0   1.00
p_y[1749]                                  0.005  0.008   0.000    0.018      0.000    0.000    3790.0    6382.0   1.00
p_y[1750]                                  0.011  0.019   0.000    0.041      0.000    0.000    3740.0    5921.0   1.00
p_y[1751]                                  0.002  0.005   0.000    0.007      0.000    0.000    3042.0    4732.0   1.00
p_y[1752]                                  0.003  0.006   0.000    0.011      0.000    0.000    4146.0    7310.0   1.00
p_y[1753]                                  0.001  0.003   0.000    0.004      0.000    0.000    3151.0    4931.0   1.00
p_y[1754]                                  0.001  0.003   0.000    0.005      0.000    0.000    3685.0    6484.0   1.00
p_y[1755]                                  0.002  0.006   0.000    0.008      0.000    0.001    4229.0    6836.0   1.00
p_y[1756]                                  0.001  0.003   0.000    0.005      0.000    0.000    3111.0    4668.0   1.00
p_y[1757]                                  0.001  0.001   0.000    0.002      0.000    0.000    2862.0    5418.0   1.00
p_y[1758]                                  0.007  0.014   0.000    0.027      0.000    0.000    2552.0    5207.0   1.00
p_y[1759]                                  0.001  0.001   0.000    0.002      0.000    0.000    2969.0    6078.0   1.00
p_y[1760]                                  0.001  0.002   0.000    0.003      0.000    0.000    4019.0    7250.0   1.00
p_y[1761]                                  0.006  0.010   0.000    0.021      0.000    0.000    3717.0    5847.0   1.00
p_y[1762]                                  0.002  0.005   0.000    0.008      0.000    0.000    3399.0    6005.0   1.00
p_y[1763]                                  0.003  0.006   0.000    0.012      0.000    0.000    3611.0    5526.0   1.00
p_y[1764]                                  0.001  0.002   0.000    0.003      0.000    0.000    3294.0    6810.0   1.00
p_y[1765]                                  0.001  0.003   0.000    0.005      0.000    0.000    3724.0    7026.0   1.00
p_y[1766]                                  0.002  0.004   0.000    0.006      0.000    0.000    3917.0    6687.0   1.00
p_y[1767]                                  0.001  0.003   0.000    0.004      0.000    0.000    4538.0    7485.0   1.00
p_y[1768]                                  0.002  0.004   0.000    0.006      0.000    0.000    4652.0    6976.0   1.00
p_y[1769]                                  0.002  0.004   0.000    0.006      0.000    0.000    4724.0    7108.0   1.00
p_y[1770]                                  0.001  0.002   0.000    0.004      0.000    0.000    4053.0    7015.0   1.00
p_y[1771]                                  0.001  0.003   0.000    0.003      0.000    0.000    4661.0    8401.0   1.00
p_y[1772]                                  0.001  0.003   0.000    0.005      0.000    0.000    4280.0    7190.0   1.00
p_y[1773]                                  0.002  0.003   0.000    0.007      0.000    0.000    3556.0    5704.0   1.00
p_y[1774]                                  0.010  0.014   0.000    0.034      0.000    0.000    5793.0    7991.0   1.00
p_y[1775]                                  0.001  0.001   0.000    0.002      0.000    0.000    4747.0    7819.0   1.00
p_y[1776]                                  0.002  0.003   0.000    0.006      0.000    0.000    5287.0    7503.0   1.00
p_y[1777]                                  0.005  0.006   0.000    0.016      0.000    0.000    6045.0    8012.0   1.00
p_y[1778]                                  0.003  0.007   0.000    0.011      0.000    0.000    5042.0    8552.0   1.00
p_y[1779]                                  0.002  0.005   0.000    0.008      0.000    0.000    5186.0    8236.0   1.00
p_y[1780]                                  0.001  0.002   0.000    0.003      0.000    0.000    5068.0    7938.0   1.00
p_y[1781]                                  0.003  0.004   0.000    0.009      0.000    0.000    4379.0    7994.0   1.00
p_y[1782]                                  0.003  0.005   0.000    0.012      0.000    0.000    4927.0    8249.0   1.00
p_y[1783]                                  0.000  0.001   0.000    0.001      0.000    0.000    4347.0    7593.0   1.00
p_y[1784]                                  0.001  0.002   0.000    0.004      0.000    0.000    4231.0    8118.0   1.00
p_y[1785]                                  0.001  0.002   0.000    0.004      0.000    0.000    4475.0    7643.0   1.00
p_y[1786]                                  0.002  0.003   0.000    0.006      0.000    0.000    4126.0    7978.0   1.00
p_y[1787]                                  0.001  0.004   0.000    0.005      0.000    0.000    4630.0    8698.0   1.00
p_y[1788]                                  0.001  0.002   0.000    0.004      0.000    0.000    4982.0    8814.0   1.00
p_y[1789]                                  0.000  0.001   0.000    0.001      0.000    0.000    3529.0    6101.0   1.00
p_y[1790]                                  0.003  0.006   0.000    0.010      0.000    0.000    6052.0    8339.0   1.00
p_y[1791]                                  0.003  0.004   0.000    0.009      0.000    0.000    4509.0    7913.0   1.00
p_y[1792]                                  0.002  0.003   0.000    0.006      0.000    0.000    3988.0    6395.0   1.00
p_y[1793]                                  0.003  0.005   0.000    0.010      0.000    0.000    4980.0    6844.0   1.00
p_y[1794]                                  0.006  0.017   0.000    0.022      0.000    0.001    5477.0    8312.0   1.00
p_y[1795]                                  0.002  0.003   0.000    0.007      0.000    0.000    4650.0    7200.0   1.00
p_y[1796]                                  0.002  0.003   0.000    0.005      0.000    0.000    4411.0    5663.0   1.00
p_y[1797]                                  0.001  0.002   0.000    0.004      0.000    0.000    3563.0    6981.0   1.00
p_y[1798]                                  0.002  0.005   0.000    0.007      0.000    0.000    4705.0    6857.0   1.00
p_y[1799]                                  0.003  0.007   0.000    0.010      0.000    0.000    4639.0    6460.0   1.00
p_y[1800]                                  0.001  0.002   0.000    0.004      0.000    0.000    4402.0    7096.0   1.00
p_y[1801]                                  0.002  0.004   0.000    0.009      0.000    0.000    3085.0    5022.0   1.00
p_y[1802]                                  0.001  0.002   0.000    0.002      0.000    0.000    4043.0    6762.0   1.00
p_y[1803]                                  0.004  0.008   0.000    0.015      0.000    0.000    5826.0    8742.0   1.00
p_y[1804]                                  0.001  0.003   0.000    0.004      0.000    0.000    4324.0    6586.0   1.00
p_y[1805]                                  0.002  0.003   0.000    0.006      0.000    0.000    4342.0    8025.0   1.00
p_y[1806]                                  0.001  0.003   0.000    0.003      0.000    0.000    3565.0    7295.0   1.00
p_y[1807]                                  0.001  0.003   0.000    0.004      0.000    0.000    3267.0    5837.0   1.00
p_y[1808]                                  0.001  0.003   0.000    0.005      0.000    0.000    2900.0    4665.0   1.00
p_y[1809]                                  0.001  0.003   0.000    0.004      0.000    0.000    3373.0    5786.0   1.00
p_y[1810]                                  0.001  0.005   0.000    0.005      0.000    0.000    3121.0    5390.0   1.00
p_y[1811]                                  0.002  0.006   0.000    0.008      0.000    0.000    2983.0    4865.0   1.00
p_y[1812]                                  0.002  0.008   0.000    0.009      0.000    0.001    3276.0    4389.0   1.00
p_y[1813]                                  0.003  0.007   0.000    0.009      0.000    0.000    2984.0    4253.0   1.00
p_y[1814]                                  0.002  0.004   0.000    0.006      0.000    0.000    2873.0    4666.0   1.00
p_y[1815]                                  0.001  0.003   0.000    0.004      0.000    0.000    3238.0    6168.0   1.00
p_y[1816]                                  0.001  0.002   0.000    0.003      0.000    0.000    2666.0    4491.0   1.00
p_y[1817]                                  0.001  0.002   0.000    0.003      0.000    0.000    2851.0    4562.0   1.00
p_y[1818]                                  0.001  0.004   0.000    0.004      0.000    0.000    3441.0    6320.0   1.00
p_y[1819]                                  0.004  0.010   0.000    0.013      0.000    0.001    3747.0    5905.0   1.00
p_y[1820]                                  0.001  0.004   0.000    0.004      0.000    0.000    2941.0    4715.0   1.00
p_y[1821]                                  0.002  0.005   0.000    0.006      0.000    0.000    2820.0    5496.0   1.00
p_y[1822]                                  0.001  0.004   0.000    0.005      0.000    0.000    2798.0    5862.0   1.00
p_y[1823]                                  0.002  0.006   0.000    0.008      0.000    0.001    3178.0    5381.0   1.00
p_y[1824]                                  0.001  0.003   0.000    0.003      0.000    0.000    3616.0    6267.0   1.00
p_y[1825]                                  0.005  0.006   0.000    0.015      0.000    0.000    4172.0    5495.0   1.00
p_y[1826]                                  0.002  0.005   0.000    0.007      0.000    0.000    3759.0    4982.0   1.00
p_y[1827]                                  0.003  0.004   0.000    0.009      0.000    0.000    4146.0    5113.0   1.00
p_y[1828]                                  0.001  0.002   0.000    0.003      0.000    0.000    5560.0    7850.0   1.00
p_y[1829]                                  0.004  0.005   0.000    0.014      0.000    0.000    5809.0    7023.0   1.00
p_y[1830]                                  0.005  0.014   0.000    0.021      0.000    0.001    5774.0    9012.0   1.00
p_y[1831]                                  0.001  0.002   0.000    0.003      0.000    0.000    4596.0    7451.0   1.00
p_y[1832]                                  0.047  0.023   0.011    0.090      0.000    0.000    5326.0    9281.0   1.00
p_y[1833]                                  0.001  0.001   0.000    0.002      0.000    0.000    3669.0    7094.0   1.00
p_y[1834]                                  0.002  0.006   0.000    0.008      0.000    0.000    4906.0    5529.0   1.00
p_y[1835]                                  0.001  0.003   0.000    0.005      0.000    0.000    4558.0    5566.0   1.00
p_y[1836]                                  0.000  0.001   0.000    0.001      0.000    0.000    3733.0    6896.0   1.00
p_y[1837]                                  0.001  0.002   0.000    0.002      0.000    0.000    3771.0    7525.0   1.00
p_y[1838]                                  0.001  0.002   0.000    0.002      0.000    0.000    3245.0    5980.0   1.00
p_y[1839]                                  0.001  0.003   0.000    0.005      0.000    0.000    3858.0    8099.0   1.00
p_y[1840]                                  0.001  0.003   0.000    0.004      0.000    0.000    4852.0    8246.0   1.00
p_y[1841]                                  0.001  0.003   0.000    0.004      0.000    0.000    4562.0    8033.0   1.00
p_y[1842]                                  0.003  0.005   0.000    0.009      0.000    0.000    4130.0    7076.0   1.00
p_y[1843]                                  0.001  0.001   0.000    0.002      0.000    0.000    5048.0    7797.0   1.00
p_y[1844]                                  0.001  0.003   0.000    0.002      0.000    0.000    5158.0    8523.0   1.00
p_y[1845]                                  0.000  0.001   0.000    0.001      0.000    0.000    2970.0    6580.0   1.00
p_y[1846]                                  0.000  0.001   0.000    0.001      0.000    0.000    3143.0    5960.0   1.00
p_y[1847]                                  0.000  0.001   0.000    0.002      0.000    0.000    4514.0    8082.0   1.00
p_y[1848]                                  0.001  0.003   0.000    0.005      0.000    0.000    3468.0    6363.0   1.00
p_y[1849]                                  0.004  0.009   0.000    0.017      0.000    0.000    3341.0    5993.0   1.00
p_y[1850]                                  0.000  0.001   0.000    0.001      0.000    0.000    3343.0    5441.0   1.00
p_y[1851]                                  0.000  0.000   0.000    0.000      0.000    0.000    3286.0    6611.0   1.00
p_y[1852]                                  0.000  0.001   0.000    0.001      0.000    0.000    3376.0    6189.0   1.00
p_y[1853]                                  0.000  0.001   0.000    0.001      0.000    0.000    3834.0    8218.0   1.00
p_y[1854]                                  0.000  0.001   0.000    0.001      0.000    0.000    3151.0    7283.0   1.00
p_y[1855]                                  0.000  0.001   0.000    0.001      0.000    0.000    3975.0    8387.0   1.00
p_y[1856]                                  0.000  0.001   0.000    0.001      0.000    0.000    4184.0    6645.0   1.00
p_y[1857]                                  0.000  0.000   0.000    0.001      0.000    0.000    3844.0    8423.0   1.00
p_y[1858]                                  0.001  0.004   0.000    0.005      0.000    0.000    4785.0    7786.0   1.00
p_y[1859]                                  0.001  0.004   0.000    0.005      0.000    0.000    4485.0    6754.0   1.00
p_y[1860]                                  0.001  0.003   0.000    0.004      0.000    0.000    3469.0    6049.0   1.00
p_y[1861]                                  0.001  0.002   0.000    0.004      0.000    0.000    3397.0    6192.0   1.00
p_y[1862]                                  0.004  0.011   0.000    0.014      0.000    0.000    4307.0    7335.0   1.00
p_y[1863]                                  0.001  0.003   0.000    0.004      0.000    0.000    3856.0    6547.0   1.00
p_y[1864]                                  0.002  0.003   0.000    0.006      0.000    0.000    3627.0    5276.0   1.00
p_y[1865]                                  0.000  0.001   0.000    0.001      0.000    0.000    3905.0    6065.0   1.00
p_y[1866]                                  0.000  0.000   0.000    0.001      0.000    0.000    3644.0    8379.0   1.00
p_y[1867]                                  0.001  0.001   0.000    0.002      0.000    0.000    3376.0    6487.0   1.00
p_y[1868]                                  0.000  0.001   0.000    0.001      0.000    0.000    3560.0    6447.0   1.00
p_y[1869]                                  0.000  0.001   0.000    0.001      0.000    0.000    3420.0    6016.0   1.00
p_y[1870]                                  0.000  0.000   0.000    0.000      0.000    0.000    3361.0    6409.0   1.00
p_y[1871]                                  0.000  0.001   0.000    0.001      0.000    0.000    3883.0    6926.0   1.00
p_y[1872]                                  0.000  0.000   0.000    0.001      0.000    0.000    3856.0    7713.0   1.00
p_y[1873]                                  0.000  0.001   0.000    0.001      0.000    0.000    4875.0    6809.0   1.00
p_y[1874]                                  0.002  0.005   0.000    0.008      0.000    0.000    4716.0    6307.0   1.00
p_y[1875]                                  0.002  0.003   0.000    0.005      0.000    0.000    5121.0    8465.0   1.00
p_y[1876]                                  0.001  0.003   0.000    0.005      0.000    0.000    3796.0    6497.0   1.00
p_y[1877]                                  0.001  0.003   0.000    0.004      0.000    0.000    5593.0    8716.0   1.00
p_y[1878]                                  0.004  0.004   0.000    0.011      0.000    0.000    5169.0    7843.0   1.00
p_y[1879]                                  0.009  0.009   0.000    0.024      0.000    0.000    4824.0    6845.0   1.00
p_y[1880]                                  0.008  0.005   0.001    0.018      0.000    0.000    3581.0    5540.0   1.00
p_y[1881]                                  0.001  0.002   0.000    0.005      0.000    0.000    5651.0    8045.0   1.00
p_y[1882]                                  0.003  0.003   0.000    0.009      0.000    0.000    5401.0    7947.0   1.00
p_y[1883]                                  0.001  0.002   0.000    0.003      0.000    0.000    3343.0    5855.0   1.00
p_y[1884]                                  0.001  0.002   0.000    0.004      0.000    0.000    4341.0    6048.0   1.00
p_y[1885]                                  0.003  0.005   0.000    0.009      0.000    0.000    4580.0    7189.0   1.00
p_y[1886]                                  0.005  0.006   0.000    0.015      0.000    0.000    4816.0    5869.0   1.00
p_y[1887]                                  0.001  0.001   0.000    0.003      0.000    0.000    5609.0    8109.0   1.00
p_y[1888]                                  0.003  0.004   0.000    0.009      0.000    0.000    4478.0    7838.0   1.00
p_y[1889]                                  0.001  0.005   0.000    0.005      0.000    0.000    3005.0    6517.0   1.00
p_y[1890]                                  0.001  0.002   0.000    0.004      0.000    0.000    6015.0    8548.0   1.00
p_y[1891]                                  0.006  0.005   0.000    0.016      0.000    0.000    6863.0    9154.0   1.00
p_y[1892]                                  0.001  0.002   0.000    0.004      0.000    0.000    3478.0    5103.0   1.00
p_y[1893]                                  0.002  0.003   0.000    0.006      0.000    0.000    4256.0    7614.0   1.00
p_y[1894]                                  0.000  0.001   0.000    0.002      0.000    0.000    3761.0    7913.0   1.00
p_y[1895]                                  0.001  0.001   0.000    0.002      0.000    0.000    3686.0    6906.0   1.00
p_y[1896]                                  0.002  0.003   0.000    0.006      0.000    0.000    4764.0    6904.0   1.00
p_y[1897]                                  0.003  0.004   0.000    0.009      0.000    0.000    5047.0    7086.0   1.00
p_y[1898]                                  0.006  0.010   0.000    0.020      0.000    0.000    5662.0    8509.0   1.00
p_y[1899]                                  0.003  0.004   0.000    0.009      0.000    0.000    3681.0    7541.0   1.00
p_y[1900]                                  0.003  0.006   0.000    0.010      0.000    0.000    5890.0    7733.0   1.00
p_y[1901]                                  0.001  0.002   0.000    0.005      0.000    0.000    5450.0    8348.0   1.00
p_y[1902]                                  0.002  0.003   0.000    0.007      0.000    0.000    3158.0    5836.0   1.00
p_y[1903]                                  0.006  0.011   0.000    0.021      0.000    0.000    5195.0    7501.0   1.00
p_y[1904]                                  0.001  0.002   0.000    0.004      0.000    0.000    4497.0    7201.0   1.00
p_y[1905]                                  0.001  0.002   0.000    0.005      0.000    0.000    4116.0    5135.0   1.00
p_y[1906]                                  0.002  0.002   0.000    0.006      0.000    0.000    6528.0    8533.0   1.00
p_y[1907]                                  0.000  0.001   0.000    0.001      0.000    0.000    3734.0    6813.0   1.00
p_y[1908]                                  0.008  0.010   0.000    0.025      0.000    0.000    5703.0    7245.0   1.00
p_y[1909]                                  0.003  0.005   0.000    0.011      0.000    0.000    4196.0    5275.0   1.00
p_y[1910]                                  0.004  0.007   0.000    0.014      0.000    0.000    6494.0    8523.0   1.00
p_y[1911]                                  0.004  0.006   0.000    0.013      0.000    0.000    6291.0    8263.0   1.00
p_y[1912]                                  0.003  0.004   0.000    0.008      0.000    0.000    3748.0    8227.0   1.00
p_y[1913]                                  0.003  0.003   0.000    0.007      0.000    0.000    3999.0    6210.0   1.00
p_y[1914]                                  0.025  0.016   0.003    0.053      0.000    0.000    6592.0    8455.0   1.00
p_y[1915]                                  0.010  0.013   0.000    0.031      0.000    0.000    5360.0    5992.0   1.00
p_y[1916]                                  0.001  0.001   0.000    0.002      0.000    0.000    4557.0    7242.0   1.00
p_y[1917]                                  0.001  0.002   0.000    0.003      0.000    0.000    2923.0    6077.0   1.00
p_y[1918]                                  0.001  0.002   0.000    0.004      0.000    0.000    6058.0    9724.0   1.00
p_y[1919]                                  0.002  0.003   0.000    0.006      0.000    0.000    6690.0    8514.0   1.00
p_y[1920]                                  0.013  0.008   0.001    0.027      0.000    0.000    8175.0    8473.0   1.00
p_y[1921]                                  0.000  0.001   0.000    0.002      0.000    0.000    3809.0    6374.0   1.00
p_y[1922]                                  0.001  0.002   0.000    0.003      0.000    0.000    4802.0    8346.0   1.00
p_y[1923]                                  0.002  0.005   0.000    0.007      0.000    0.000    4419.0    7306.0   1.00
p_y[1924]                                  0.001  0.003   0.000    0.004      0.000    0.000    2415.0    5028.0   1.00
p_y[1925]                                  0.000  0.001   0.000    0.001      0.000    0.000    2949.0    5376.0   1.00
p_y[1926]                                  0.000  0.001   0.000    0.001      0.000    0.000    1490.0    2441.0   1.00
p_y[1927]                                  0.010  0.014   0.000    0.032      0.000    0.000    6101.0    8592.0   1.00
p_y[1928]                                  0.009  0.007   0.000    0.022      0.000    0.000    5600.0    7029.0   1.00
p_y[1929]                                  0.000  0.001   0.000    0.001      0.000    0.000    5284.0    8476.0   1.00
p_y[1930]                                  0.122  0.065   0.022    0.241      0.001    0.001    6006.0    9964.0   1.00
p_y[1931]                                  0.001  0.001   0.000    0.002      0.000    0.000    4706.0    8169.0   1.00
p_y[1932]                                  0.000  0.001   0.000    0.001      0.000    0.000    4526.0    8194.0   1.00
p_y[1933]                                  0.008  0.005   0.001    0.017      0.000    0.000    5813.0    7258.0   1.00
p_y[1934]                                  0.068  0.037   0.013    0.136      0.000    0.000    5674.0    6467.0   1.00
p_y[1935]                                  0.001  0.001   0.000    0.002      0.000    0.000    7207.0    9308.0   1.00
p_y[1936]                                  0.009  0.005   0.002    0.018      0.000    0.000    6393.0   10081.0   1.00
p_y[1937]                                  0.000  0.001   0.000    0.001      0.000    0.000    1986.0    4017.0   1.00
p_y[1938]                                  0.000  0.001   0.000    0.001      0.000    0.000    2560.0    5445.0   1.00
p_y[1939]                                  0.031  0.014   0.008    0.056      0.000    0.000    4803.0    8058.0   1.00
p_y[1940]                                  0.020  0.013   0.002    0.044      0.000    0.000    5738.0    7893.0   1.00
p_y[1941]                                  0.003  0.004   0.000    0.010      0.000    0.000    7013.0    8774.0   1.00
p_y[1942]                                  0.001  0.002   0.000    0.004      0.000    0.000    5344.0    6879.0   1.00
p_y[1943]                                  0.007  0.004   0.001    0.016      0.000    0.000    4762.0    4863.0   1.00
p_y[1944]                                  0.003  0.004   0.000    0.011      0.000    0.000    5680.0    8669.0   1.00
p_y[1945]                                  0.001  0.002   0.000    0.004      0.000    0.000    5884.0    6731.0   1.00
p_y[1946]                                  0.014  0.022   0.000    0.047      0.000    0.001    4847.0    7529.0   1.00
p_y[1947]                                  0.001  0.001   0.000    0.003      0.000    0.000    6321.0    7124.0   1.00
p_y[1948]                                  0.001  0.002   0.000    0.002      0.000    0.000    2519.0    4545.0   1.00
p_y[1949]                                  0.003  0.007   0.000    0.011      0.000    0.000    2287.0    3497.0   1.00
p_y[1950]                                  0.003  0.009   0.000    0.013      0.000    0.000    2822.0    4323.0   1.00
p_y[1951]                                  0.001  0.003   0.000    0.004      0.000    0.000    2856.0    5050.0   1.00
p_y[1952]                                  0.004  0.004   0.000    0.010      0.000    0.000    5533.0    8233.0   1.00
p_y[1953]                                  0.001  0.002   0.000    0.005      0.000    0.000    4803.0    5767.0   1.00
p_y[1954]                                  0.010  0.015   0.000    0.034      0.000    0.000    6440.0    6426.0   1.00
p_y[1955]                                  0.017  0.018   0.000    0.048      0.000    0.000    6888.0    5795.0   1.00
p_y[1956]                                  0.004  0.005   0.000    0.011      0.000    0.000    7107.0    8053.0   1.00
p_y[1957]                                  0.002  0.002   0.000    0.006      0.000    0.000    6101.0    7976.0   1.00
p_y[1958]                                  0.001  0.003   0.000    0.003      0.000    0.000    3716.0    5505.0   1.00
p_y[1959]                                  0.001  0.002   0.000    0.003      0.000    0.000    4655.0    8485.0   1.00
p_y[1960]                                  0.016  0.013   0.000    0.039      0.000    0.000    5530.0    7145.0   1.00
p_y[1961]                                  0.001  0.002   0.000    0.004      0.000    0.000    5951.0    8353.0   1.00
p_y[1962]                                  0.006  0.005   0.000    0.014      0.000    0.000    5840.0    7004.0   1.00
p_y[1963]                                  0.003  0.004   0.000    0.009      0.000    0.000    6121.0    7697.0   1.00
p_y[1964]                                  0.005  0.007   0.000    0.016      0.000    0.000    3837.0    5976.0   1.00
p_y[1965]                                  0.006  0.018   0.000    0.021      0.000    0.001    5211.0    8603.0   1.00
p_y[1966]                                  0.002  0.007   0.000    0.009      0.000    0.000    3265.0    6459.0   1.00
p_y[1967]                                  0.001  0.003   0.000    0.003      0.000    0.000    7075.0   10579.0   1.00
p_y[1968]                                  0.002  0.003   0.000    0.007      0.000    0.000    6063.0    8732.0   1.00
p_y[1969]                                  0.009  0.008   0.000    0.023      0.000    0.000    5552.0    7363.0   1.00
p_y[1970]                                  0.003  0.004   0.000    0.009      0.000    0.000    4116.0    6337.0   1.00
p_y[1971]                                  0.002  0.002   0.000    0.005      0.000    0.000    4255.0    6007.0   1.00
p_y[1972]                                  0.018  0.010   0.003    0.037      0.000    0.000    5134.0    7540.0   1.00
p_y[1973]                                  0.005  0.006   0.000    0.016      0.000    0.000    5528.0    8034.0   1.00
p_y[1974]                                  0.005  0.005   0.000    0.015      0.000    0.000    7360.0    8704.0   1.00
p_y[1975]                                  0.004  0.004   0.000    0.011      0.000    0.000    4803.0    5742.0   1.00
p_y[1976]                                  0.004  0.006   0.000    0.015      0.000    0.000    6610.0    8804.0   1.00
p_y[1977]                                  0.003  0.004   0.000    0.010      0.000    0.000    5909.0    6846.0   1.00
p_y[1978]                                  0.001  0.002   0.000    0.004      0.000    0.000    5640.0    7319.0   1.00
p_y[1979]                                  0.002  0.003   0.000    0.007      0.000    0.000    4108.0    6153.0   1.00
p_y[1980]                                  0.007  0.005   0.001    0.017      0.000    0.000    7061.0    8100.0   1.00
p_y[1981]                                  0.072  0.044   0.009    0.150      0.001    0.000    6089.0    8342.0   1.00
p_y[1982]                                  0.001  0.002   0.000    0.004      0.000    0.000    5009.0    6142.0   1.00
p_y[1983]                                  0.004  0.003   0.000    0.010      0.000    0.000    6730.0    7123.0   1.00
p_y[1984]                                  0.000  0.001   0.000    0.001      0.000    0.000    3481.0    7640.0   1.00
p_y[1985]                                  0.000  0.001   0.000    0.001      0.000    0.000    2981.0    5125.0   1.00
p_y[1986]                                  0.000  0.001   0.000    0.001      0.000    0.000    3645.0    6803.0   1.00
p_y[1987]                                  0.000  0.001   0.000    0.001      0.000    0.000    4040.0    6479.0   1.00
p_y[1988]                                  0.000  0.000   0.000    0.001      0.000    0.000    3151.0    5613.0   1.00
p_y[1989]                                  0.001  0.002   0.000    0.004      0.000    0.000    5302.0    6741.0   1.00
p_y[1990]                                  0.002  0.004   0.000    0.006      0.000    0.000    5803.0    8636.0   1.00
p_y[1991]                                  0.001  0.002   0.000    0.003      0.000    0.000    5173.0    7960.0   1.00
p_y[1992]                                  0.003  0.008   0.000    0.012      0.000    0.000    1529.0    3289.0   1.00
p_y[1993]                                  0.001  0.005   0.000    0.002      0.000    0.001    1795.0    3370.0   1.00
p_y[1994]                                  0.001  0.002   0.000    0.004      0.000    0.000    6276.0    8867.0   1.00
p_y[1995]                                  0.000  0.001   0.000    0.001      0.000    0.000    4979.0    9211.0   1.00
p_y[1996]                                  0.000  0.001   0.000    0.001      0.000    0.000    2141.0    3951.0   1.00
p_y[1997]                                  0.000  0.002   0.000    0.002      0.000    0.000    2233.0    3968.0   1.00
p_y[1998]                                  0.000  0.001   0.000    0.001      0.000    0.000    1713.0    3496.0   1.00
p_y[1999]                                  0.034  0.015   0.009    0.060      0.000    0.000    5038.0    8478.0   1.00
p_y[2000]                                  0.000  0.001   0.000    0.001      0.000    0.000    4204.0    7375.0   1.00
p_y[2001]                                  0.004  0.003   0.000    0.009      0.000    0.000    5101.0    4745.0   1.00
p_y[2002]                                  0.005  0.008   0.000    0.015      0.000    0.000    6479.0    9339.0   1.00
p_y[2003]                                  0.135  0.094   0.009    0.308      0.001    0.001    6184.0    8402.0   1.00
p_y[2004]                                  0.004  0.008   0.000    0.014      0.000    0.000    5771.0    7960.0   1.00
p_y[2005]                                  0.003  0.005   0.000    0.010      0.000    0.000    5795.0    8155.0   1.00
p_y[2006]                                  0.001  0.002   0.000    0.005      0.000    0.000    5620.0    8099.0   1.00
p_y[2007]                                  0.002  0.004   0.000    0.006      0.000    0.000    5605.0    8254.0   1.00
p_y[2008]                                  0.028  0.020   0.002    0.064      0.000    0.000    5659.0    7626.0   1.00
p_y[2009]                                  0.011  0.008   0.000    0.026      0.000    0.000    5935.0    5556.0   1.00
p_y[2010]                                  0.023  0.015   0.002    0.051      0.000    0.000    5295.0    6859.0   1.00
p_y[2011]                                  0.004  0.011   0.000    0.014      0.000    0.001    3860.0    7096.0   1.00
p_y[2012]                                  0.006  0.009   0.000    0.021      0.000    0.000    3379.0    4886.0   1.00
p_y[2013]                                  0.004  0.004   0.000    0.010      0.000    0.000    4930.0    7143.0   1.00
p_y[2014]                                  0.019  0.010   0.004    0.037      0.000    0.000    5511.0    8778.0   1.00
p_y[2015]                                  0.001  0.001   0.000    0.004      0.000    0.000    5446.0    6648.0   1.00
p_y[2016]                                  0.012  0.009   0.000    0.028      0.000    0.000    5321.0    4737.0   1.00
p_y[2017]                                  0.000  0.001   0.000    0.001      0.000    0.000    4154.0    7822.0   1.00
p_y[2018]                                  0.001  0.002   0.000    0.004      0.000    0.000    4899.0    8038.0   1.00
p_y[2019]                                  0.018  0.016   0.000    0.046      0.000    0.000    6711.0    8127.0   1.00
p_y[2020]                                  0.003  0.005   0.000    0.011      0.000    0.000    3857.0    7725.0   1.00
p_y[2021]                                  0.003  0.006   0.000    0.012      0.000    0.000    5365.0    8480.0   1.00
p_y[2022]                                  0.103  0.051   0.021    0.195      0.001    0.001    5873.0    8710.0   1.00
p_y[2023]                                  0.001  0.002   0.000    0.004      0.000    0.000    5013.0    6105.0   1.00
p_y[2024]                                  0.003  0.005   0.000    0.010      0.000    0.000    6730.0    9447.0   1.00
p_y[2025]                                  0.004  0.009   0.000    0.016      0.000    0.000    5679.0    8331.0   1.00
p_y[2026]                                  0.006  0.012   0.000    0.023      0.000    0.000    6534.0    9254.0   1.00
p_y[2027]                                  0.003  0.005   0.000    0.010      0.000    0.000    2557.0    3023.0   1.00
p_y[2028]                                  0.004  0.008   0.000    0.015      0.000    0.000    4766.0    6777.0   1.00
p_y[2029]                                  0.002  0.004   0.000    0.008      0.000    0.000    3609.0    6576.0   1.00
p_y[2030]                                  0.001  0.001   0.000    0.002      0.000    0.000    2364.0    3497.0   1.00
p_y[2031]                                  0.006  0.005   0.000    0.014      0.000    0.000    6195.0    7072.0   1.00
p_y[2032]                                  0.002  0.003   0.000    0.006      0.000    0.000    5944.0    8629.0   1.00
p_y[2033]                                  0.001  0.002   0.000    0.002      0.000    0.000    6752.0    8546.0   1.00
p_y[2034]                                  0.000  0.001   0.000    0.001      0.000    0.000    5264.0    7703.0   1.00
p_y[2035]                                  0.010  0.017   0.000    0.036      0.000    0.000    4179.0    7026.0   1.00
p_y[2036]                                  0.001  0.002   0.000    0.003      0.000    0.000    4174.0    7652.0   1.00
p_y[2037]                                  0.003  0.010   0.000    0.009      0.000    0.001    3323.0    6427.0   1.00
p_y[2038]                                  0.004  0.008   0.000    0.015      0.000    0.000    3153.0    5261.0   1.00
p_y[2039]                                  0.001  0.002   0.000    0.004      0.000    0.000    5016.0    8101.0   1.00
p_y[2040]                                  0.085  0.032   0.030    0.142      0.000    0.000    4639.0    7160.0   1.00
p_y[2041]                                  0.163  0.064   0.055    0.282      0.001    0.001    4948.0    8252.0   1.00
p_y[2042]                                  0.006  0.014   0.000    0.021      0.000    0.001    4999.0    6348.0   1.00
p_y[2043]                                  0.001  0.002   0.000    0.004      0.000    0.000    5231.0    7592.0   1.00
p_y[2044]                                  0.001  0.002   0.000    0.003      0.000    0.000    5408.0    8167.0   1.00
p_y[2045]                                  0.001  0.001   0.000    0.002      0.000    0.000    3822.0    6413.0   1.00
p_y[2046]                                  0.000  0.001   0.000    0.001      0.000    0.000    3554.0    5067.0   1.00
p_y[2047]                                  0.000  0.001   0.000    0.001      0.000    0.000    3552.0    6404.0   1.00
p_y[2048]                                  0.001  0.002   0.000    0.003      0.000    0.000    3586.0    6457.0   1.00
p_y[2049]                                  0.005  0.009   0.000    0.018      0.000    0.000    5465.0    6818.0   1.00
p_y[2050]                                  0.003  0.004   0.000    0.009      0.000    0.000    4382.0    5871.0   1.00
p_y[2051]                                  0.001  0.002   0.000    0.004      0.000    0.000    3705.0    4021.0   1.00
p_y[2052]                                  0.022  0.027   0.000    0.066      0.000    0.001    6801.0    8032.0   1.00
p_y[2053]                                  0.035  0.014   0.012    0.061      0.000    0.000    4960.0    7488.0   1.00
p_y[2054]                                  0.004  0.005   0.000    0.013      0.000    0.000    6784.0    9457.0   1.00
p_y[2055]                                  0.036  0.089   0.000    0.154      0.001    0.003    7647.0    7910.0   1.00
p_y[2056]                                  0.126  0.246   0.000    0.748      0.003    0.003    6797.0    7513.0   1.00
p_y[2057]                                  0.000  0.001   0.000    0.001      0.000    0.000    3623.0    6647.0   1.00
p_y[2058]                                  0.001  0.001   0.000    0.003      0.000    0.000    5507.0    6511.0   1.00
p_y[2059]                                  0.001  0.001   0.000    0.002      0.000    0.000    4960.0    7699.0   1.00
p_y[2060]                                  0.001  0.001   0.000    0.003      0.000    0.000    4638.0    7610.0   1.00
p_y[2061]                                  0.000  0.001   0.000    0.001      0.000    0.000    4245.0    7915.0   1.00
p_y[2062]                                  0.005  0.006   0.000    0.015      0.000    0.000    5196.0    5625.0   1.00
p_y[2063]                                  0.013  0.011   0.000    0.032      0.000    0.000    5060.0    2977.0   1.00
p_y[2064]                                  0.050  0.020   0.017    0.088      0.000    0.000    4922.0    7199.0   1.00
p_y[2065]                                  0.002  0.003   0.000    0.005      0.000    0.000    4550.0    8002.0   1.00
p_y[2066]                                  0.001  0.002   0.000    0.004      0.000    0.000    4334.0    7133.0   1.00
p_y[2067]                                  0.001  0.002   0.000    0.004      0.000    0.000    3544.0    5884.0   1.00
p_y[2068]                                  0.000  0.001   0.000    0.001      0.000    0.000    4498.0    5945.0   1.00
p_y[2069]                                  0.001  0.001   0.000    0.003      0.000    0.000    5106.0    7527.0   1.00
p_y[2070]                                  0.000  0.001   0.000    0.001      0.000    0.000    4881.0    8290.0   1.00
p_y[2071]                                  0.011  0.009   0.000    0.028      0.000    0.000    5158.0    5989.0   1.00
p_y[2072]                                  0.003  0.004   0.000    0.009      0.000    0.000    3681.0    5844.0   1.00
p_y[2073]                                  0.001  0.002   0.000    0.005      0.000    0.000    4641.0    7481.0   1.00
p_y[2074]                                  0.007  0.015   0.000    0.027      0.000    0.001    3215.0    4860.0   1.00
p_y[2075]                                  0.031  0.018   0.004    0.065      0.000    0.000    5784.0    7666.0   1.00
p_y[2076]                                  0.003  0.003   0.000    0.009      0.000    0.000    6604.0    7117.0   1.00
p_y[2077]                                  0.001  0.002   0.000    0.004      0.000    0.000    5030.0    7178.0   1.00
p_y[2078]                                  0.001  0.002   0.000    0.004      0.000    0.000    4999.0    9098.0   1.00
p_y[2079]                                  0.001  0.004   0.000    0.004      0.000    0.001    3369.0    5945.0   1.00
p_y[2080]                                  0.002  0.004   0.000    0.008      0.000    0.000    5790.0    8220.0   1.00
p_y[2081]                                  0.003  0.006   0.000    0.011      0.000    0.000    5213.0    8691.0   1.00
p_y[2082]                                  0.003  0.004   0.000    0.009      0.000    0.000    4809.0    7383.0   1.00
p_y[2083]                                  0.002  0.005   0.000    0.009      0.000    0.000    6372.0    8012.0   1.00
p_y[2084]                                  0.083  0.057   0.004    0.185      0.001    0.001    6091.0    6777.0   1.00
p_y[2085]                                  0.002  0.002   0.000    0.005      0.000    0.000    4428.0    9081.0   1.00
p_y[2086]                                  0.001  0.001   0.000    0.002      0.000    0.000    2482.0    5706.0   1.00
p_y[2087]                                  0.001  0.002   0.000    0.004      0.000    0.000    2727.0    5476.0   1.00
p_y[2088]                                  0.001  0.001   0.000    0.002      0.000    0.000    2799.0    5316.0   1.00
p_y[2089]                                  0.001  0.001   0.000    0.002      0.000    0.000    4950.0    8214.0   1.00
p_y[2090]                                  0.000  0.001   0.000    0.001      0.000    0.000    4325.0    7476.0   1.00
p_y[2091]                                  0.004  0.003   0.000    0.010      0.000    0.000    4687.0    6975.0   1.00
p_y[2092]                                  0.001  0.003   0.000    0.005      0.000    0.000    6115.0    8238.0   1.00
p_y[2093]                                  0.001  0.002   0.000    0.003      0.000    0.000    4942.0    8702.0   1.00
p_y[2094]                                  0.006  0.006   0.000    0.017      0.000    0.000    6423.0    7984.0   1.00
p_y[2095]                                  0.010  0.006   0.001    0.020      0.000    0.000    5610.0    5671.0   1.00
p_y[2096]                                  0.003  0.004   0.000    0.010      0.000    0.000    5455.0    7881.0   1.00
p_y[2097]                                  0.001  0.002   0.000    0.004      0.000    0.000    5217.0    5594.0   1.00
p_y[2098]                                  0.002  0.003   0.000    0.006      0.000    0.000    6047.0    8064.0   1.00
p_y[2099]                                  0.001  0.002   0.000    0.004      0.000    0.000    4553.0    5935.0   1.00
p_y[2100]                                  0.008  0.005   0.000    0.017      0.000    0.000    3891.0    3734.0   1.00
p_y[2101]                                  0.001  0.001   0.000    0.003      0.000    0.000    4692.0    8146.0   1.00
p_y[2102]                                  0.001  0.001   0.000    0.002      0.000    0.000    4310.0    8114.0   1.00
p_y[2103]                                  0.000  0.001   0.000    0.002      0.000    0.000    3510.0    6400.0   1.00
p_y[2104]                                  0.001  0.001   0.000    0.003      0.000    0.000    4228.0    7148.0   1.00
p_y[2105]                                  0.001  0.003   0.000    0.006      0.000    0.000    3182.0    5531.0   1.00
p_y[2106]                                  0.001  0.006   0.000    0.005      0.000    0.000    2794.0    5865.0   1.00
p_y[2107]                                  0.002  0.004   0.000    0.006      0.000    0.000    3017.0    4764.0   1.00
p_y[2108]                                  0.002  0.005   0.000    0.007      0.000    0.001    3843.0    7821.0   1.00
p_y[2109]                                  0.001  0.001   0.000    0.003      0.000    0.000    5625.0    8217.0   1.00
p_y[2110]                                  0.000  0.001   0.000    0.001      0.000    0.000    3334.0    5738.0   1.00
p_y[2111]                                  0.000  0.001   0.000    0.001      0.000    0.000    4693.0    6833.0   1.00
p_y[2112]                                  0.003  0.005   0.000    0.011      0.000    0.000    4728.0    7202.0   1.00
p_y[2113]                                  0.000  0.001   0.000    0.001      0.000    0.000    3109.0    6005.0   1.00
p_y[2114]                                  0.000  0.001   0.000    0.001      0.000    0.000    2687.0    5407.0   1.00
p_y[2115]                                  0.000  0.002   0.000    0.001      0.000    0.000    3769.0    6863.0   1.00
p_y[2116]                                  0.000  0.001   0.000    0.001      0.000    0.000    3203.0    5769.0   1.00
p_y[2117]                                  0.003  0.009   0.000    0.009      0.000    0.001    3056.0    5049.0   1.00
p_y[2118]                                  0.001  0.002   0.000    0.002      0.000    0.000    4524.0    7782.0   1.00
p_y[2119]                                  0.001  0.001   0.000    0.002      0.000    0.000    3856.0    6388.0   1.00
p_y[2120]                                  0.001  0.006   0.000    0.005      0.000    0.001    3550.0    6968.0   1.00
p_y[2121]                                  0.001  0.002   0.000    0.004      0.000    0.000    3590.0    5656.0   1.00
p_y[2122]                                  0.002  0.003   0.000    0.007      0.000    0.000    5803.0    9006.0   1.00
p_y[2123]                                  0.001  0.002   0.000    0.003      0.000    0.000    5327.0    7014.0   1.00
p_y[2124]                                  0.003  0.006   0.000    0.010      0.000    0.000    3532.0    4113.0   1.00
p_y[2125]                                  0.003  0.008   0.000    0.010      0.000    0.000    3748.0    7750.0   1.00
p_y[2126]                                  0.000  0.001   0.000    0.002      0.000    0.000    4021.0    6872.0   1.00
p_y[2127]                                  0.001  0.002   0.000    0.003      0.000    0.000    5523.0    8490.0   1.00
p_y[2128]                                  0.001  0.003   0.000    0.003      0.000    0.000    4578.0    6962.0   1.00
p_y[2129]                                  0.000  0.001   0.000    0.001      0.000    0.000    4190.0    7930.0   1.00
p_y[2130]                                  0.000  0.000   0.000    0.001      0.000    0.000    3794.0    7255.0   1.00
p_y[2131]                                  0.002  0.003   0.000    0.006      0.000    0.000    3111.0    4747.0   1.00
p_y[2132]                                  0.002  0.005   0.000    0.006      0.000    0.000    3232.0    5480.0   1.00
p_y[2133]                                  0.000  0.001   0.000    0.001      0.000    0.000    2681.0    3926.0   1.00
p_y[2134]                                  0.002  0.002   0.000    0.005      0.000    0.000    4122.0    5046.0   1.00
p_y[2135]                                  0.002  0.005   0.000    0.008      0.000    0.000    5096.0    6781.0   1.00
p_y[2136]                                  0.007  0.007   0.000    0.020      0.000    0.000    4223.0    2609.0   1.00
p_y[2137]                                  0.010  0.008   0.000    0.025      0.000    0.000    5210.0    6415.0   1.00
p_y[2138]                                  0.005  0.007   0.000    0.017      0.000    0.000    3563.0    5493.0   1.00
p_y[2139]                                  0.004  0.007   0.000    0.017      0.000    0.000    5233.0    7440.0   1.00
p_y[2140]                                  0.007  0.020   0.000    0.028      0.000    0.001    5060.0    7440.0   1.00
p_y[2141]                                  0.005  0.011   0.000    0.019      0.000    0.001    5149.0    7373.0   1.00
p_y[2142]                                  0.003  0.004   0.000    0.009      0.000    0.000    5387.0    6036.0   1.00
p_y[2143]                                  0.023  0.017   0.000    0.054      0.000    0.000    4986.0    3271.0   1.00
p_y[2144]                                  0.001  0.001   0.000    0.002      0.000    0.000    5609.0    8768.0   1.00
p_y[2145]                                  0.002  0.002   0.000    0.005      0.000    0.000    5929.0    7024.0   1.00
p_y[2146]                                  0.006  0.010   0.000    0.022      0.000    0.000    6431.0    7760.0   1.00
p_y[2147]                                  0.021  0.013   0.002    0.044      0.000    0.000    5696.0    7021.0   1.00
p_y[2148]                                  0.009  0.007   0.000    0.021      0.000    0.000    6424.0    9776.0   1.00
p_y[2149]                                  0.005  0.005   0.000    0.013      0.000    0.000    5953.0    7112.0   1.00
p_y[2150]                                  0.001  0.002   0.000    0.005      0.000    0.000    5990.0    7859.0   1.00
p_y[2151]                                  0.008  0.006   0.000    0.019      0.000    0.000    6560.0    7875.0   1.00
p_y[2152]                                  0.007  0.011   0.000    0.023      0.000    0.000    5418.0    7581.0   1.00
p_y[2153]                                  0.003  0.004   0.000    0.010      0.000    0.000    4423.0    6867.0   1.00
p_y[2154]                                  0.002  0.003   0.000    0.007      0.000    0.000    6527.0    8348.0   1.00
p_y[2155]                                  0.003  0.004   0.000    0.010      0.000    0.000    6180.0    8451.0   1.00
p_y[2156]                                  0.002  0.003   0.000    0.006      0.000    0.000    2579.0    5091.0   1.00
p_y[2157]                                  0.000  0.001   0.000    0.001      0.000    0.000    2666.0    4643.0   1.00
p_y[2158]                                  0.001  0.003   0.000    0.005      0.000    0.000    3133.0    5261.0   1.00
p_y[2159]                                  0.003  0.006   0.000    0.012      0.000    0.000    4595.0    7329.0   1.00
p_y[2160]                                  0.045  0.020   0.012    0.080      0.000    0.000    5564.0    8220.0   1.00
p_y[2161]                                  0.002  0.004   0.000    0.007      0.000    0.000    6338.0    8366.0   1.00
p_y[2162]                                  0.010  0.015   0.000    0.035      0.000    0.001    3400.0    5640.0   1.00
p_y[2163]                                  0.017  0.007   0.005    0.031      0.000    0.000    4650.0    7909.0   1.00
p_y[2164]                                  0.002  0.003   0.000    0.007      0.000    0.000    3223.0    3695.0   1.00
p_y[2165]                                  0.003  0.009   0.000    0.013      0.000    0.000    5369.0    5611.0   1.00
p_y[2166]                                  0.001  0.001   0.000    0.002      0.000    0.000    2732.0    4267.0   1.00
p_y[2167]                                  0.001  0.002   0.000    0.002      0.000    0.000    3412.0    6945.0   1.00
p_y[2168]                                  0.001  0.001   0.000    0.002      0.000    0.000    4400.0    5687.0   1.00
p_y[2169]                                  0.000  0.001   0.000    0.001      0.000    0.000    3814.0    6551.0   1.00
p_y[2170]                                  0.000  0.001   0.000    0.001      0.000    0.000    3841.0    6665.0   1.00
p_y[2171]                                  0.004  0.007   0.000    0.014      0.000    0.000    4957.0    8124.0   1.00
p_y[2172]                                  0.001  0.003   0.000    0.005      0.000    0.000    3021.0    5945.0   1.00
p_y[2173]                                  0.001  0.001   0.000    0.002      0.000    0.000    2684.0    4865.0   1.00
p_y[2174]                                  0.001  0.001   0.000    0.002      0.000    0.000    4876.0    7485.0   1.00
p_y[2175]                                  0.001  0.002   0.000    0.005      0.000    0.000    4426.0    7784.0   1.00
p_y[2176]                                  0.005  0.003   0.001    0.012      0.000    0.000    6165.0    8145.0   1.00
p_y[2177]                                  0.001  0.001   0.000    0.002      0.000    0.000    5941.0    7375.0   1.00
p_y[2178]                                  0.001  0.001   0.000    0.003      0.000    0.000    5785.0    8784.0   1.00
p_y[2179]                                  0.001  0.002   0.000    0.003      0.000    0.000    3653.0    6933.0   1.00
p_y[2180]                                  0.002  0.004   0.000    0.006      0.000    0.000    4325.0    8169.0   1.00
p_y[2181]                                  0.001  0.003   0.000    0.004      0.000    0.000    3743.0    5609.0   1.00
p_y[2182]                                  0.001  0.002   0.000    0.005      0.000    0.000    4901.0    6506.0   1.00
p_y[2183]                                  0.010  0.007   0.000    0.023      0.000    0.000    5880.0    7411.0   1.00
p_y[2184]                                  0.001  0.004   0.000    0.004      0.000    0.000    2053.0    3903.0   1.00
p_y[2185]                                  0.001  0.004   0.000    0.002      0.000    0.001    1681.0    3612.0   1.00
p_y[2186]                                  0.003  0.003   0.000    0.008      0.000    0.000    6338.0    7670.0   1.00
p_y[2187]                                  0.131  0.044   0.054    0.213      0.001    0.000    3863.0    5973.0   1.00
p_y[2188]                                  0.002  0.004   0.000    0.007      0.000    0.000    5103.0    7713.0   1.00
p_y[2189]                                  0.001  0.002   0.000    0.003      0.000    0.000    4465.0    7673.0   1.00
p_y[2190]                                  0.005  0.006   0.000    0.016      0.000    0.000    4340.0    6451.0   1.00
p_y[2191]                                  0.004  0.004   0.000    0.010      0.000    0.000    5203.0    7202.0   1.00
p_y[2192]                                  0.007  0.005   0.000    0.015      0.000    0.000    6199.0    7555.0   1.00
p_y[2193]                                  0.011  0.012   0.000    0.031      0.000    0.000    5340.0    6586.0   1.00
p_y[2194]                                  0.001  0.001   0.000    0.003      0.000    0.000    5219.0    8358.0   1.00
p_y[2195]                                  0.005  0.004   0.000    0.012      0.000    0.000    6060.0    6858.0   1.00
p_y[2196]                                  0.052  0.058   0.000    0.157      0.001    0.001    5420.0    5476.0   1.00
p_y[2197]                                  0.002  0.005   0.000    0.008      0.000    0.000    2996.0    4971.0   1.00
p_y[2198]                                  0.027  0.028   0.000    0.076      0.000    0.000    3305.0    2717.0   1.00
p_y[2199]                                  0.003  0.007   0.000    0.013      0.000    0.000    6124.0    9224.0   1.00
p_y[2200]                                  0.081  0.065   0.002    0.198      0.001    0.001    6556.0    7337.0   1.00
p_y[2201]                                  0.000  0.001   0.000    0.001      0.000    0.000    3760.0    7424.0   1.00
p_y[2202]                                  0.000  0.001   0.000    0.001      0.000    0.000    4188.0    7544.0   1.00
p_y[2203]                                  0.000  0.001   0.000    0.001      0.000    0.000    3099.0    4726.0   1.00
p_y[2204]                                  0.000  0.001   0.000    0.001      0.000    0.000    3867.0    6324.0   1.00
p_y[2205]                                  0.000  0.001   0.000    0.001      0.000    0.000    4341.0    5982.0   1.00
p_y[2206]                                  0.001  0.001   0.000    0.002      0.000    0.000    4205.0    6361.0   1.00
p_y[2207]                                  0.000  0.000   0.000    0.001      0.000    0.000    3319.0    7057.0   1.00
p_y[2208]                                  0.004  0.006   0.000    0.014      0.000    0.000    4212.0    6302.0   1.00
p_y[2209]                                  0.002  0.003   0.000    0.006      0.000    0.000    6395.0    7351.0   1.00
p_y[2210]                                  0.003  0.004   0.000    0.008      0.000    0.000    5948.0    8250.0   1.00
p_y[2211]                                  0.001  0.002   0.000    0.004      0.000    0.000    2790.0    5861.0   1.00
p_y[2212]                                  0.004  0.006   0.000    0.013      0.000    0.000    2477.0    5815.0   1.00
p_y[2213]                                  0.001  0.001   0.000    0.002      0.000    0.000    4081.0    7518.0   1.00
p_y[2214]                                  0.000  0.001   0.000    0.001      0.000    0.000    3701.0    6006.0   1.00
p_y[2215]                                  0.006  0.006   0.000    0.016      0.000    0.000    4941.0    6582.0   1.00
p_y[2216]                                  0.002  0.005   0.000    0.006      0.000    0.000    3264.0    6247.0   1.00
p_y[2217]                                  0.002  0.007   0.000    0.009      0.000    0.000    3682.0    5018.0   1.00
p_y[2218]                                  0.018  0.023   0.000    0.058      0.000    0.000    4294.0    4567.0   1.00
p_y[2219]                                  0.002  0.003   0.000    0.006      0.000    0.000    4342.0    6048.0   1.00
p_y[2220]                                  0.005  0.004   0.000    0.012      0.000    0.000    5730.0    7858.0   1.00
p_y[2221]                                  0.005  0.007   0.000    0.016      0.000    0.000    5747.0    7524.0   1.00
p_y[2222]                                  0.004  0.005   0.000    0.012      0.000    0.000    6863.0    9117.0   1.00
p_y[2223]                                  0.002  0.002   0.000    0.005      0.000    0.000    6684.0    8063.0   1.00
p_y[2224]                                  0.008  0.003   0.003    0.014      0.000    0.000    4308.0    6961.0   1.00
p_y[2225]                                  0.008  0.004   0.002    0.015      0.000    0.000    5597.0    7346.0   1.00
p_y[2226]                                  0.004  0.007   0.000    0.015      0.000    0.000    4139.0    7791.0   1.00
p_y[2227]                                  0.001  0.001   0.000    0.002      0.000    0.000    3912.0    7737.0   1.00
p_y[2228]                                  0.000  0.001   0.000    0.001      0.000    0.000    3656.0    7055.0   1.00
p_y[2229]                                  0.001  0.005   0.000    0.005      0.000    0.000    3796.0    7004.0   1.00
p_y[2230]                                  0.005  0.011   0.000    0.017      0.000    0.000    4580.0    8235.0   1.00
p_y[2231]                                  0.000  0.001   0.000    0.001      0.000    0.000    3451.0    6236.0   1.00
p_y[2232]                                  0.001  0.003   0.000    0.005      0.000    0.000    5916.0    8428.0   1.00
p_y[2233]                                  0.001  0.003   0.000    0.005      0.000    0.000    5742.0    8609.0   1.00
p_y[2234]                                  0.006  0.012   0.000    0.025      0.000    0.000    5990.0    8594.0   1.00
p_y[2235]                                  0.011  0.006   0.002    0.022      0.000    0.000    5718.0    9033.0   1.00
p_y[2236]                                  0.003  0.004   0.000    0.009      0.000    0.000    3551.0    5896.0   1.00
p_y[2237]                                  0.001  0.005   0.000    0.005      0.000    0.000    4151.0    6782.0   1.00
p_y[2238]                                  0.008  0.005   0.001    0.017      0.000    0.000    5994.0    6220.0   1.00
p_y[2239]                                  0.001  0.002   0.000    0.004      0.000    0.000    5632.0    9027.0   1.00
p_y[2240]                                  0.002  0.004   0.000    0.007      0.000    0.000    5522.0    7890.0   1.00
p_y[2241]                                  0.003  0.003   0.000    0.008      0.000    0.000    5856.0    7709.0   1.00
p_y[2242]                                  0.001  0.002   0.000    0.004      0.000    0.000    3546.0    5363.0   1.00
p_y[2243]                                  0.001  0.003   0.000    0.005      0.000    0.000    3692.0    5025.0   1.00
p_y[2244]                                  0.001  0.002   0.000    0.003      0.000    0.000    4412.0    4545.0   1.00
p_y[2245]                                  0.001  0.003   0.000    0.003      0.000    0.000    5919.0    8301.0   1.00
p_y[2246]                                  0.098  0.045   0.026    0.179      0.001    0.000    5208.0    9612.0   1.00
p_y[2247]                                  0.008  0.006   0.000    0.018      0.000    0.000    4637.0    8020.0   1.00
p_y[2248]                                  0.002  0.002   0.000    0.006      0.000    0.000    4711.0    7911.0   1.00
p_y[2249]                                  0.002  0.003   0.000    0.006      0.000    0.000    4700.0    7734.0   1.00
p_y[2250]                                  0.003  0.004   0.000    0.009      0.000    0.000    6503.0    7381.0   1.00
p_y[2251]                                  0.001  0.002   0.000    0.005      0.000    0.000    6170.0    9840.0   1.00
p_y[2252]                                  0.001  0.001   0.000    0.003      0.000    0.000    4564.0    8640.0   1.00
p_y[2253]                                  0.001  0.001   0.000    0.002      0.000    0.000    4186.0    7651.0   1.00
p_y[2254]                                  0.002  0.005   0.000    0.007      0.000    0.000    3730.0    6482.0   1.00
p_y[2255]                                  0.004  0.010   0.000    0.014      0.000    0.001    4280.0    6813.0   1.00
p_y[2256]                                  0.002  0.005   0.000    0.008      0.000    0.000    2607.0    4286.0   1.00
p_y[2257]                                  0.003  0.008   0.000    0.011      0.000    0.000    3164.0    5465.0   1.00
p_y[2258]                                  0.002  0.002   0.000    0.006      0.000    0.000    5003.0    7847.0   1.00
p_y[2259]                                  0.009  0.003   0.003    0.015      0.000    0.000    4221.0    6835.0   1.00
p_y[2260]                                  0.014  0.033   0.000    0.061      0.000    0.001    1638.0    1814.0   1.00
p_y[2261]                                  0.002  0.015   0.000    0.007      0.000    0.001    1741.0    1826.0   1.00
p_y[2262]                                  0.000  0.001   0.000    0.001      0.000    0.000    2482.0    3585.0   1.00
p_y[2263]                                  0.001  0.002   0.000    0.003      0.000    0.000    1933.0    3485.0   1.00
p_y[2264]                                  0.007  0.010   0.000    0.024      0.000    0.000    5719.0    6203.0   1.00
p_y[2265]                                  0.001  0.003   0.000    0.005      0.000    0.000    4952.0    6866.0   1.00
p_y[2266]                                  0.001  0.002   0.000    0.003      0.000    0.000    4233.0    6522.0   1.00
p_y[2267]                                  0.002  0.005   0.000    0.008      0.000    0.000    3609.0    6645.0   1.00
p_y[2268]                                  0.003  0.004   0.000    0.009      0.000    0.000    4057.0    4645.0   1.00
p_y[2269]                                  0.001  0.001   0.000    0.002      0.000    0.000    2854.0    5258.0   1.00
p_y[2270]                                  0.000  0.001   0.000    0.001      0.000    0.000    2944.0    5895.0   1.00
p_y[2271]                                  0.002  0.002   0.000    0.005      0.000    0.000    5527.0    7735.0   1.00
p_y[2272]                                  0.002  0.002   0.000    0.006      0.000    0.000    5235.0    8509.0   1.00
p_y[2273]                                  0.003  0.005   0.000    0.011      0.000    0.000    4519.0    7962.0   1.00
p_y[2274]                                  0.012  0.013   0.000    0.034      0.000    0.000    5192.0    6996.0   1.00
p_y[2275]                                  0.010  0.015   0.000    0.033      0.000    0.000    1951.0    2538.0   1.00
p_y[2276]                                  0.003  0.005   0.000    0.010      0.000    0.000    3519.0    6332.0   1.00
p_y[2277]                                  0.055  0.225   0.000    0.038      0.005    0.009     542.0    2318.0   1.01
p_y[2278]                                  0.099  0.214   0.000    0.598      0.002    0.003    7526.0   10915.0   1.00
p_y[2279]                                  0.005  0.010   0.000    0.020      0.000    0.000    5551.0    6180.0   1.00
p_y[2280]                                  0.002  0.003   0.000    0.007      0.000    0.000    3986.0    6224.0   1.00
p_y[2281]                                  0.006  0.004   0.001    0.012      0.000    0.000    5241.0    4247.0   1.00
p_y[2282]                                  0.003  0.006   0.000    0.012      0.000    0.000    3849.0    5844.0   1.00
p_y[2283]                                  0.008  0.018   0.000    0.031      0.000    0.001    6199.0    6971.0   1.00
p_y[2284]                                  0.001  0.004   0.000    0.005      0.000    0.000    2675.0    5986.0   1.00
p_y[2285]                                  0.002  0.004   0.000    0.006      0.000    0.000    2528.0    5629.0   1.00
p_y[2286]                                  0.011  0.017   0.000    0.037      0.000    0.000    5222.0    7224.0   1.00
p_y[2287]                                  0.001  0.001   0.000    0.003      0.000    0.000    4207.0    5997.0   1.00
p_y[2288]                                  0.009  0.007   0.000    0.022      0.000    0.000    5659.0    7077.0   1.00
p_y[2289]                                  0.094  0.041   0.025    0.167      0.001    0.000    4481.0    5430.0   1.00
p_y[2290]                                  0.002  0.002   0.000    0.006      0.000    0.000    5704.0    8738.0   1.00
p_y[2291]                                  0.001  0.002   0.000    0.002      0.000    0.000    5379.0    8880.0   1.00
p_y[2292]                                  0.240  0.120   0.050    0.458      0.002    0.002    5188.0    6605.0   1.00
p_y[2293]                                  0.077  0.055   0.004    0.176      0.001    0.001    5834.0    6267.0   1.00
p_y[2294]                                  0.000  0.000   0.000    0.000      0.000    0.000    3177.0    5976.0   1.00
p_y[2295]                                  0.000  0.000   0.000    0.000      0.000    0.000    2984.0    6830.0   1.00
p_y[2296]                                  0.011  0.007   0.001    0.024      0.000    0.000    5490.0    7924.0   1.00
p_y[2297]                                  0.001  0.002   0.000    0.003      0.000    0.000    5258.0    7676.0   1.00
p_y[2298]                                  0.000  0.001   0.000    0.001      0.000    0.000    4618.0    5782.0   1.00
p_y[2299]                                  0.000  0.001   0.000    0.001      0.000    0.000    4625.0    8264.0   1.00
p_y[2300]                                  0.273  0.104   0.097    0.467      0.001    0.001    4837.0    8269.0   1.00
p_y[2301]                                  0.039  0.054   0.000    0.131      0.001    0.001    5638.0    6993.0   1.00
p_y[2302]                                  0.003  0.002   0.000    0.007      0.000    0.000    5630.0    7818.0   1.00
p_y[2303]                                  0.001  0.001   0.000    0.002      0.000    0.000    5282.0    6346.0   1.00
p_y[2304]                                  0.000  0.001   0.000    0.001      0.000    0.000    2535.0    5490.0   1.00
p_y[2305]                                  0.000  0.000   0.000    0.001      0.000    0.000    2713.0    5689.0   1.00
p_y[2306]                                  0.003  0.004   0.000    0.009      0.000    0.000    6497.0    7196.0   1.00
p_y[2307]                                  0.003  0.004   0.000    0.010      0.000    0.000    5578.0    6568.0   1.00
p_y[2308]                                  0.002  0.002   0.000    0.007      0.000    0.000    5596.0    7074.0   1.00
p_y[2309]                                  0.022  0.017   0.001    0.053      0.000    0.000    6636.0    8056.0   1.00
p_y[2310]                                  0.005  0.008   0.000    0.018      0.000    0.000    4489.0    7137.0   1.00
p_y[2311]                                  0.003  0.005   0.000    0.010      0.000    0.000    5495.0    7819.0   1.00
p_y[2312]                                  0.001  0.001   0.000    0.002      0.000    0.000    5890.0    8451.0   1.00
p_y[2313]                                  0.001  0.002   0.000    0.004      0.000    0.000    6415.0    8115.0   1.00
p_y[2314]                                  0.015  0.030   0.000    0.060      0.000    0.001    5662.0    7375.0   1.00
p_y[2315]                                  0.311  0.193   0.023    0.680      0.003    0.002    5709.0    5863.0   1.00
p_y[2316]                                  0.019  0.022   0.000    0.058      0.000    0.000    5856.0    7416.0   1.00
p_y[2317]                                  0.003  0.004   0.000    0.009      0.000    0.000    5150.0    6791.0   1.00
p_y[2318]                                  0.009  0.014   0.000    0.030      0.000    0.000    5217.0    6798.0   1.00
p_y[2319]                                  0.000  0.001   0.000    0.001      0.000    0.000    2256.0    4334.0   1.00
p_y[2320]                                  0.002  0.006   0.000    0.006      0.000    0.001    2778.0    4966.0   1.00
p_y[2321]                                  0.007  0.011   0.000    0.025      0.000    0.000    2757.0    5878.0   1.00
p_y[2322]                                  0.001  0.002   0.000    0.004      0.000    0.000    4213.0    5555.0   1.00
p_y[2323]                                  0.001  0.003   0.000    0.005      0.000    0.000    4578.0    7795.0   1.00
p_y[2324]                                  0.003  0.004   0.000    0.010      0.000    0.000    2678.0    5148.0   1.00
at_least_one_positive_image_by_area[0]     0.000  0.000   0.000    0.000      0.000      NaN   40000.0   40000.0    NaN
at_least_one_positive_image_by_area[1]     0.324  0.295   0.000    0.917      0.004    0.002    5716.0    6903.0   1.00
at_least_one_positive_image_by_area[2]     1.000  0.000   1.000    1.000      0.000      NaN   40000.0   40000.0    NaN
at_least_one_positive_image_by_area[3]     0.168  0.204   0.000    0.588      0.003    0.003    4875.0    5484.0   1.00
at_least_one_positive_image_by_area[4]     0.071  0.113   0.000    0.260      0.001    0.002    4573.0    7835.0   1.00
at_least_one_positive_image_by_area[5]     0.179  0.212   0.000    0.624      0.003    0.003    4402.0    6756.0   1.00
at_least_one_positive_image_by_area[6]     0.132  0.164   0.000    0.454      0.003    0.003    3315.0    5891.0   1.00
at_least_one_positive_image_by_area[7]     0.082  0.122   0.000    0.293      0.002    0.003    4341.0    7138.0   1.00
at_least_one_positive_image_by_area[8]     0.086  0.145   0.000    0.341      0.002    0.003    4924.0    8439.0   1.00
at_least_one_positive_image_by_area[9]     0.151  0.206   0.000    0.590      0.003    0.003    4970.0    7107.0   1.00
at_least_one_positive_image_by_area[10]    0.396  0.281   0.010    0.920      0.004    0.002    5276.0    8771.0   1.00
at_least_one_positive_image_by_area[11]    0.154  0.179   0.000    0.507      0.003    0.003    3142.0    6051.0   1.00
at_least_one_positive_image_by_area[12]    0.554  0.343   0.047    1.000      0.005    0.001    4977.0    6774.0   1.00
at_least_one_positive_image_by_area[13]    0.112  0.162   0.000    0.423      0.002    0.003    4042.0    7172.0   1.00
at_least_one_positive_image_by_area[14]    0.039  0.079   0.000    0.144      0.001    0.002    3192.0    5359.0   1.00
at_least_one_positive_image_by_area[15]    0.117  0.177   0.000    0.471      0.003    0.004    2851.0    4644.0   1.00
at_least_one_positive_image_by_area[16]    0.483  0.325   0.047    1.000      0.005    0.001    4374.0    7600.0   1.00
at_least_one_positive_image_by_area[17]    0.590  0.391   0.018    1.000      0.006    0.001    4655.0    6950.0   1.00
at_least_one_positive_image_by_area[18]    0.078  0.135   0.000    0.313      0.002    0.003    3820.0    7280.0   1.00
at_least_one_positive_image_by_area[19]    0.032  0.067   0.000    0.119      0.001    0.002    3517.0    6737.0   1.00
at_least_one_positive_image_by_area[20]    0.135  0.182   0.000    0.506      0.002    0.003    4597.0    7129.0   1.00
at_least_one_positive_image_by_area[21]    0.101  0.147   0.000    0.368      0.002    0.003    3106.0    4371.0   1.00
at_least_one_positive_image_by_area[22]    0.242  0.242   0.001    0.751      0.003    0.002    4369.0    7083.0   1.00
at_least_one_positive_image_by_area[23]    0.094  0.140   0.000    0.352      0.002    0.003    3506.0    6805.0   1.00
at_least_one_positive_image_by_area[24]    0.332  0.271   0.000    0.869      0.004    0.002    3804.0    6799.0   1.00
at_least_one_positive_image_by_area[25]    0.071  0.128   0.000    0.287      0.002    0.003    3302.0    5964.0   1.00
at_least_one_positive_image_by_area[26]    0.070  0.113   0.000    0.265      0.002    0.003    2788.0    5710.0   1.00
at_least_one_positive_image_by_area[27]    0.114  0.157   0.000    0.415      0.002    0.003    3456.0    6694.0   1.00
at_least_one_positive_image_by_area[28]    0.272  0.252   0.002    0.794      0.004    0.002    3565.0    7147.0   1.00
at_least_one_positive_image_by_area[29]    0.245  0.241   0.000    0.752      0.004    0.002    4005.0    6691.0   1.00
at_least_one_positive_image_by_area[30]    0.113  0.154   0.000    0.406      0.002    0.003    4492.0    7239.0   1.00
at_least_one_positive_image_by_area[31]    0.132  0.170   0.000    0.460      0.003    0.003    3174.0    5926.0   1.00
at_least_one_positive_image_by_area[32]    0.167  0.216   0.000    0.632      0.003    0.003    4762.0    6435.0   1.00
at_least_one_positive_image_by_area[33]    0.293  0.297   0.000    0.918      0.004    0.002    4448.0    5738.0   1.00
at_least_one_positive_image_by_area[34]    0.075  0.126   0.000    0.287      0.002    0.003    4437.0    8219.0   1.00
at_least_one_positive_image_by_area[35]    0.183  0.211   0.000    0.629      0.003    0.003    3637.0    6551.0   1.00
at_least_one_positive_image_by_area[36]    0.033  0.063   0.000    0.118      0.001    0.002    4278.0    8103.0   1.00
at_least_one_positive_image_by_area[37]    0.098  0.142   0.000    0.361      0.002    0.003    3604.0    7398.0   1.00
at_least_one_positive_image_by_area[38]    0.279  0.307   0.000    0.950      0.004    0.003    4853.0    8262.0   1.00
at_least_one_positive_image_by_area[39]    0.588  0.346   0.058    1.000      0.005    0.002    4455.0    6841.0   1.00
at_least_one_positive_image_by_area[40]    0.212  0.233   0.000    0.716      0.004    0.003    3173.0    5028.0   1.00
at_least_one_positive_image_by_area[41]    0.495  0.327   0.048    1.000      0.005    0.001    4555.0    5883.0   1.00
at_least_one_positive_image_by_area[42]    0.067  0.115   0.000    0.256      0.002    0.003    2829.0    6085.0   1.00
at_least_one_positive_image_by_area[43]    0.515  0.312   0.065    1.000      0.004    0.001    4936.0    4755.0   1.00
at_least_one_positive_image_by_area[44]    0.257  0.248   0.000    0.775      0.004    0.002    2944.0    5038.0   1.00
at_least_one_positive_image_by_area[45]    0.505  0.328   0.052    1.000      0.005    0.001    4324.0    7539.0   1.00
at_least_one_positive_image_by_area[46]    0.257  0.259   0.000    0.806      0.003    0.002    5073.0    8017.0   1.00
at_least_one_positive_image_by_area[47]    0.173  0.207   0.000    0.606      0.003    0.003    4190.0    7625.0   1.00
at_least_one_positive_image_by_area[48]    0.409  0.306   0.002    0.959      0.005    0.002    2887.0    5583.0   1.00
at_least_one_positive_image_by_area[49]    0.283  0.265   0.000    0.834      0.004    0.002    5155.0    6918.0   1.00
at_least_one_positive_image_by_area[50]    0.235  0.293   0.000    0.940      0.005    0.004    2484.0    6800.0   1.00
at_least_one_positive_image_by_area[51]    0.256  0.269   0.000    0.838      0.004    0.003    4547.0    7655.0   1.00
at_least_one_positive_image_by_area[52]    0.226  0.237   0.000    0.734      0.004    0.003    3030.0    5530.0   1.00
at_least_one_positive_image_by_area[53]    0.209  0.236   0.000    0.722      0.003    0.003    4322.0    7303.0   1.00
at_least_one_positive_image_by_area[54]    0.977  0.096   0.917    1.000      0.002    0.006    5982.0    5253.0   1.00
at_least_one_positive_image_by_area[55]    0.255  0.267   0.000    0.838      0.005    0.003    2434.0    5420.0   1.00
at_least_one_positive_image_by_area[56]    0.559  0.351   0.041    1.000      0.006    0.002    3705.0    5655.0   1.00
at_least_one_positive_image_by_area[57]    0.355  0.308   0.001    0.952      0.005    0.002    2779.0    5123.0   1.00
at_least_one_positive_image_by_area[58]    0.157  0.198   0.000    0.567      0.003    0.003    2986.0    6183.0   1.00
at_least_one_positive_image_by_area[59]    0.210  0.264   0.000    0.812      0.004    0.003    2842.0    6138.0   1.00
at_least_one_positive_image_by_area[60]    0.071  0.135   0.000    0.299      0.002    0.003    3333.0    6957.0   1.00
at_least_one_positive_image_by_area[61]    0.321  0.348   0.000    0.989      0.006    0.002    2919.0    6738.0   1.00
at_least_one_positive_image_by_area[62]    0.157  0.197   0.000    0.571      0.003    0.003    4028.0    7604.0   1.00
at_least_one_positive_image_by_area[63]    0.274  0.271   0.000    0.851      0.004    0.002    4550.0    5704.0   1.00
at_least_one_positive_image_by_area[64]    0.360  0.328   0.001    0.980      0.005    0.002    3142.0    7142.0   1.00
at_least_one_positive_image_by_area[65]    0.104  0.158   0.000    0.402      0.002    0.003    2723.0    5663.0   1.00
at_least_one_positive_image_by_area[66]    0.142  0.190   0.000    0.533      0.003    0.003    3619.0    6275.0   1.00
at_least_one_positive_image_by_area[67]    0.212  0.230   0.000    0.701      0.003    0.002    3767.0    7389.0   1.00
at_least_one_positive_image_by_area[68]    0.406  0.284   0.010    0.931      0.004    0.002    5052.0    8328.0   1.00
at_least_one_positive_image_by_area[69]    0.122  0.175   0.000    0.472      0.003    0.003    3677.0    6942.0   1.00
at_least_one_positive_image_by_area[70]    0.311  0.289   0.001    0.907      0.004    0.002    4421.0    8338.0   1.00
at_least_one_positive_image_by_area[71]    0.108  0.169   0.000    0.434      0.002    0.003    4468.0    6920.0   1.00
at_least_one_positive_image_by_area[72]    0.056  0.104   0.000    0.220      0.001    0.003    4404.0    7531.0   1.00
at_least_one_positive_image_by_area[73]    0.369  0.314   0.001    0.962      0.004    0.002    4840.0    8559.0   1.00
at_least_one_positive_image_by_area[74]    0.131  0.193   0.000    0.524      0.003    0.003    4097.0    7817.0   1.00
at_least_one_positive_image_by_area[75]    0.315  0.306   0.000    0.936      0.004    0.002    5392.0    9442.0   1.00
at_least_one_positive_image_by_area[76]    0.331  0.297   0.000    0.922      0.004    0.002    5298.0    8212.0   1.00
at_least_one_positive_image_by_area[77]    0.079  0.123   0.000    0.291      0.002    0.003    3316.0    7190.0   1.00
at_least_one_positive_image_by_area[78]    0.238  0.250   0.000    0.778      0.003    0.002    5500.0    8620.0   1.00
at_least_one_positive_image_by_area[79]    0.172  0.252   0.000    0.781      0.004    0.004    3234.0    4775.0   1.00
at_least_one_positive_image_by_area[80]    1.000  0.000   1.000    1.000      0.000      NaN   40000.0   40000.0    NaN
at_least_one_positive_image_by_area[81]    1.000  0.000   1.000    1.000      0.000      NaN   40000.0   40000.0    NaN
at_least_one_positive_image_by_area[82]    0.173  0.218   0.000    0.641      0.003    0.003    3543.0    7142.0   1.00
at_least_one_positive_image_by_area[83]    1.000  0.000   1.000    1.000      0.000      NaN   40000.0   40000.0    NaN
at_least_one_positive_image_by_area[84]    0.586  0.313   0.089    1.000      0.004    0.002    6483.0    6026.0   1.00
at_least_one_positive_image_by_area[85]    0.025  0.050   0.000    0.084      0.001    0.002    5172.0    8961.0   1.00
at_least_one_positive_image_by_area[86]    0.365  0.298   0.001    0.932      0.005    0.002    3219.0    5180.0   1.00
at_least_one_positive_image_by_area[87]    0.063  0.112   0.000    0.240      0.001    0.003    5266.0    8798.0   1.00
at_least_one_positive_image_by_area[88]    0.279  0.276   0.000    0.864      0.004    0.002    4445.0    6697.0   1.00
at_least_one_positive_image_by_area[89]    0.642  0.353   0.036    1.000      0.006    0.003    3269.0    4494.0   1.00
at_least_one_positive_image_by_area[90]    0.163  0.225   0.000    0.663      0.003    0.003    6127.0    8432.0   1.00
at_least_one_positive_image_by_area[91]    0.141  0.196   0.000    0.542      0.002    0.003    4303.0    6726.0   1.00
at_least_one_positive_image_by_area[92]    0.150  0.187   0.000    0.530      0.002    0.002    5259.0    7073.0   1.00
at_least_one_positive_image_by_area[93]    0.180  0.233   0.000    0.695      0.003    0.003    5515.0    6682.0   1.00
at_least_one_positive_image_by_area[94]    0.130  0.190   0.000    0.510      0.002    0.003    5525.0    6454.0   1.00
at_least_one_positive_image_by_area[95]    0.249  0.255   0.000    0.792      0.004    0.002    3826.0    5275.0   1.00
at_least_one_positive_image_by_area[96]    0.353  0.288   0.001    0.918      0.004    0.002    5040.0    6603.0   1.00
at_least_one_positive_image_by_area[97]    0.340  0.283   0.001    0.901      0.004    0.002    5318.0    6198.0   1.00
at_least_one_positive_image_by_area[98]    0.202  0.226   0.000    0.680      0.003    0.002    4754.0    7731.0   1.00
at_least_one_positive_image_by_area[99]    0.133  0.167   0.000    0.464      0.002    0.003    4808.0    6990.0   1.00
at_least_one_positive_image_by_area[100]   0.076  0.115   0.000    0.269      0.002    0.002    4035.0    5546.0   1.00
at_least_one_positive_image_by_area[101]   0.170  0.210   0.000    0.620      0.003    0.003    4852.0    7074.0   1.00
at_least_one_positive_image_by_area[102]   0.114  0.166   0.000    0.435      0.002    0.003    5520.0    7891.0   1.00
at_least_one_positive_image_by_area[103]   1.000  0.000   1.000    1.000      0.000      NaN   40000.0   40000.0    NaN
at_least_one_positive_image_by_area[104]   0.486  0.313   0.059    1.000      0.004    0.001    5753.0    9099.0   1.00
at_least_one_positive_image_by_area[105]   0.258  0.260   0.000    0.814      0.003    0.002    5433.0    8040.0   1.00
at_least_one_positive_image_by_area[106]   0.345  0.300   0.001    0.939      0.004    0.002    5257.0    9059.0   1.00
at_least_one_positive_image_by_area[107]   0.228  0.247   0.000    0.760      0.003    0.002    4043.0    4383.0   1.00
at_least_one_positive_image_by_area[108]   0.362  0.302   0.001    0.943      0.004    0.002    6104.0    7238.0   1.00
at_least_one_positive_image_by_area[109]   0.423  0.319   0.028    1.000      0.004    0.001    4503.0    4653.0   1.00
at_least_one_positive_image_by_area[110]   0.570  0.298   0.110    1.000      0.004    0.001    4675.0    7016.0   1.00
at_least_one_positive_image_by_area[111]   0.185  0.227   0.000    0.678      0.003    0.003    4496.0    7044.0   1.00
at_least_one_positive_image_by_area[112]   0.480  0.315   0.050    1.000      0.004    0.001    5605.0    6643.0   1.00
at_least_one_positive_image_by_area[113]   0.091  0.142   0.000    0.349      0.002    0.003    4751.0    7863.0   1.00
at_least_one_positive_image_by_area[114]   0.698  0.346   0.050    1.000      0.006    0.003    3707.0    3722.0   1.00
at_least_one_positive_image_by_area[115]   0.123  0.199   0.000    0.544      0.003    0.003    3776.0    8042.0   1.00
at_least_one_positive_image_by_area[116]   1.000  0.000   1.000    1.000      0.000      NaN   40000.0   40000.0    NaN
at_least_one_positive_image_by_area[117]   0.151  0.200   0.000    0.565      0.003    0.003    4973.0    7477.0   1.00
at_least_one_positive_image_by_area[118]   0.227  0.233   0.001    0.716      0.003    0.002    4895.0    7243.0   1.00
at_least_one_positive_image_by_area[119]   0.115  0.161   0.000    0.424      0.002    0.003    4835.0    7993.0   1.00
at_least_one_positive_image_by_area[120]   0.301  0.291   0.000    0.898      0.004    0.002    5188.0    7615.0   1.00
at_least_one_positive_image_by_area[121]   0.125  0.165   0.000    0.444      0.002    0.003    4814.0    7657.0   1.00
at_least_one_positive_image_by_area[122]   0.332  0.275   0.002    0.876      0.003    0.002    6041.0    8581.0   1.00
at_least_one_positive_image_by_area[123]   0.038  0.081   0.000    0.143      0.001    0.002    4473.0    6771.0   1.00
at_least_one_positive_image_by_area[124]   0.311  0.281   0.000    0.887      0.004    0.002    4853.0    5874.0   1.00
at_least_one_positive_image_by_area[125]   1.000  0.000   1.000    1.000      0.000      NaN   40000.0   40000.0    NaN
at_least_one_positive_image_by_area[126]   0.247  0.245   0.000    0.766      0.003    0.002    5399.0    8550.0   1.00
at_least_one_positive_image_by_area[127]   0.010  0.025   0.000    0.037      0.000    0.001    3636.0    4116.0   1.00
at_least_one_positive_image_by_area[128]   0.113  0.175   0.000    0.453      0.002    0.003    4006.0    7429.0   1.00
at_least_one_positive_image_by_area[129]   0.042  0.074   0.000    0.149      0.001    0.003    3412.0    7246.0   1.00
at_least_one_positive_image_by_area[130]   0.063  0.104   0.000    0.227      0.001    0.003    3407.0    5823.0   1.00
at_least_one_positive_image_by_area[131]   0.149  0.187   0.000    0.525      0.003    0.003    4300.0    6517.0   1.00
at_least_one_positive_image_by_area[132]   0.051  0.077   0.000    0.172      0.001    0.002    2920.0    5572.0   1.00
at_least_one_positive_image_by_area[133]   0.186  0.212   0.000    0.630      0.003    0.003    3778.0    4944.0   1.00
at_least_one_positive_image_by_area[134]   0.142  0.196   0.000    0.549      0.003    0.003    4216.0    7086.0   1.00
at_least_one_positive_image_by_area[135]   0.027  0.055   0.000    0.094      0.001    0.002    3805.0    6362.0   1.00
at_least_one_positive_image_by_area[136]   0.177  0.211   0.000    0.623      0.003    0.003    3516.0    6496.0   1.00
at_least_one_positive_image_by_area[137]   0.292  0.293   0.000    0.910      0.004    0.002    4262.0    5347.0   1.00
at_least_one_positive_image_by_area[138]   0.262  0.270   0.000    0.843      0.004    0.003    3404.0    8238.0   1.00
at_least_one_positive_image_by_area[139]   0.135  0.182   0.000    0.500      0.002    0.003    4076.0    6732.0   1.00
at_least_one_positive_image_by_area[140]   0.136  0.184   0.000    0.506      0.003    0.003    3563.0    5295.0   1.00
at_least_one_positive_image_by_area[141]   0.059  0.092   0.000    0.204      0.001    0.002    4238.0    7489.0   1.00
at_least_one_positive_image_by_area[142]   0.083  0.126   0.000    0.302      0.002    0.002    4381.0    7546.0   1.00
at_least_one_positive_image_by_area[143]   0.011  0.026   0.000    0.037      0.000    0.001    4632.0    6776.0   1.00
at_least_one_positive_image_by_area[144]   0.035  0.070   0.000    0.126      0.001    0.002    4196.0    9243.0   1.00
at_least_one_positive_image_by_area[145]   0.057  0.114   0.000    0.229      0.001    0.003    5164.0    9132.0   1.00
at_least_one_positive_image_by_area[146]   1.000  0.000   1.000    1.000      0.000      NaN   40000.0   40000.0    NaN
at_least_one_positive_image_by_area[147]   0.998  0.022   0.998    1.000      0.000    0.004    5671.0    7323.0   1.00
at_least_one_positive_image_by_area[148]   0.068  0.135   0.000    0.291      0.002    0.003    4893.0    6957.0   1.00
at_least_one_positive_image_by_area[149]   0.140  0.188   0.000    0.532      0.003    0.003    3422.0    4251.0   1.00
at_least_one_positive_image_by_area[150]   0.182  0.212   0.000    0.627      0.003    0.003    3674.0    5940.0   1.00
at_least_one_positive_image_by_area[151]   0.179  0.240   0.000    0.718      0.003    0.003    5111.0    7038.0   1.00
at_least_one_positive_image_by_area[152]   0.036  0.082   0.000    0.140      0.001    0.002    4969.0    7966.0   1.00
at_least_one_positive_image_by_area[153]   0.149  0.209   0.000    0.591      0.003    0.003    4426.0    7050.0   1.00
at_least_one_positive_image_by_area[154]   0.124  0.175   0.000    0.472      0.002    0.003    3621.0    7171.0   1.00
at_least_one_positive_image_by_area[155]   0.000  0.000   0.000    0.000      0.000      NaN   40000.0   40000.0    NaN
at_least_one_positive_image_by_area[156]   0.028  0.060   0.000    0.100      0.001    0.002    3662.0    6114.0   1.00
at_least_one_positive_image_by_area[157]   0.323  0.284   0.001    0.897      0.003    0.002    6480.0    9619.0   1.00
at_least_one_positive_image_by_area[158]   0.278  0.268   0.000    0.837      0.003    0.002    6118.0    9346.0   1.00
at_least_one_positive_image_by_area[159]   0.135  0.200   0.000    0.548      0.002    0.003    6165.0    8204.0   1.00
at_least_one_positive_image_by_area[160]   0.291  0.255   0.002    0.817      0.003    0.002    5917.0    9421.0   1.00
at_least_one_positive_image_by_area[161]   0.012  0.042   0.000    0.043      0.000    0.002    4085.0    8097.0   1.00
at_least_one_positive_image_by_area[162]   0.351  0.283   0.003    0.905      0.004    0.002    5463.0    8176.0   1.00
at_least_one_positive_image_by_area[163]   0.102  0.163   0.000    0.414      0.002    0.003    4435.0    7503.0   1.00
at_least_one_positive_image_by_area[164]   0.322  0.267   0.003    0.855      0.004    0.002    3151.0    5138.0   1.00
at_least_one_positive_image_by_area[165]   0.228  0.226   0.001    0.699      0.003    0.002    4372.0    6786.0   1.00
at_least_one_positive_image_by_area[166]   0.055  0.101   0.000    0.203      0.001    0.003    4358.0    6563.0   1.00
at_least_one_positive_image_by_area[167]   0.279  0.243   0.002    0.777      0.003    0.002    4878.0    8189.0   1.00
at_least_one_positive_image_by_area[168]   0.025  0.061   0.000    0.091      0.001    0.002    5556.0    8237.0   1.00
at_least_one_positive_image_by_area[169]   0.057  0.114   0.000    0.226      0.001    0.003    5439.0    8442.0   1.00
at_least_one_positive_image_by_area[170]   0.378  0.293   0.003    0.933      0.004    0.002    4924.0    8197.0   1.00
at_least_one_positive_image_by_area[171]   0.293  0.271   0.001    0.851      0.004    0.002    4908.0    8880.0   1.00
at_least_one_positive_image_by_area[172]   1.000  0.000   1.000    1.000      0.000      NaN   40000.0   40000.0    NaN
at_least_one_positive_image_by_area[173]   0.408  0.283   0.008    0.926      0.004    0.002    5358.0    7373.0   1.00
at_least_one_positive_image_by_area[174]   0.151  0.192   0.000    0.545      0.002    0.002    5453.0    8540.0   1.00
at_least_one_positive_image_by_area[175]   0.058  0.107   0.000    0.229      0.001    0.003    5054.0    6164.0   1.00
at_least_one_positive_image_by_area[176]   0.676  0.292   0.160    1.000      0.004    0.002    4197.0    6386.0   1.00
at_least_one_positive_image_by_area[177]   0.027  0.064   0.000    0.100      0.001    0.002    3885.0    6505.0   1.00
at_least_one_positive_image_by_area[178]   0.108  0.153   0.000    0.393      0.002    0.002    5044.0    4299.0   1.00
at_least_one_positive_image_by_area[179]   0.085  0.117   0.000    0.290      0.002    0.002    4220.0    6683.0   1.00
at_least_one_positive_image_by_area[180]   0.031  0.084   0.000    0.121      0.001    0.003    4592.0    8052.0   1.00
at_least_one_positive_image_by_area[181]   0.087  0.124   0.000    0.309      0.002    0.002    4644.0    6550.0   1.00
at_least_one_positive_image_by_area[182]   0.027  0.070   0.000    0.102      0.001    0.002    4166.0    6495.0   1.00
at_least_one_positive_image_by_area[183]   0.100  0.140   0.000    0.347      0.002    0.003    4069.0    7394.0   1.00
at_least_one_positive_image_by_area[184]   0.404  0.294   0.005    0.943      0.004    0.002    4280.0    5816.0   1.00
at_least_one_positive_image_by_area[185]   0.821  0.241   0.306    1.000      0.003    0.003    6400.0    6291.0   1.00
at_least_one_positive_image_by_area[186]   0.135  0.170   0.000    0.469      0.003    0.003    3535.0    7946.0   1.00
at_least_one_positive_image_by_area[187]   0.033  0.089   0.000    0.134      0.001    0.003    4951.0    7970.0   1.00
at_least_one_positive_image_by_area[188]   0.016  0.044   0.000    0.059      0.001    0.002    4193.0    6806.0   1.00
at_least_one_positive_image_by_area[189]   0.070  0.115   0.000    0.259      0.002    0.002    4257.0    9557.0   1.00
at_least_one_positive_image_by_area[190]   0.095  0.132   0.000    0.335      0.002    0.002    3908.0    6427.0   1.00
at_least_one_positive_image_by_area[191]   0.020  0.055   0.000    0.074      0.001    0.003    3262.0    5496.0   1.00
at_least_one_positive_image_by_area[192]   0.081  0.128   0.000    0.305      0.002    0.003    4038.0    6973.0   1.00
at_least_one_positive_image_by_area[193]   0.052  0.113   0.000    0.218      0.001    0.003    4412.0    6697.0   1.00
at_least_one_positive_image_by_area[194]   0.137  0.172   0.000    0.476      0.002    0.002    4265.0    6496.0   1.00
at_least_one_positive_image_by_area[195]   0.057  0.103   0.000    0.222      0.001    0.003    4000.0    6749.0   1.00
at_least_one_positive_image_by_area[196]   0.164  0.217   0.000    0.635      0.003    0.003    4128.0    7108.0   1.00
at_least_one_positive_image_by_area[197]   0.047  0.081   0.000    0.167      0.001    0.003    3433.0    6391.0   1.00
at_least_one_positive_image_by_area[198]   0.044  0.085   0.000    0.164      0.001    0.002    3688.0    6304.0   1.00
at_least_one_positive_image_by_area[199]   0.099  0.144   0.000    0.369      0.002    0.003    4187.0    7876.0   1.00
at_least_one_positive_image_by_area[200]   0.101  0.164   0.000    0.413      0.002    0.003    3611.0    6749.0   1.00
at_least_one_positive_image_by_area[201]   0.235  0.260   0.000    0.797      0.004    0.002    4633.0    8150.0   1.00
at_least_one_positive_image_by_area[202]   0.063  0.117   0.000    0.252      0.001    0.003    4272.0    7114.0   1.00
at_least_one_positive_image_by_area[203]   0.036  0.075   0.000    0.134      0.001    0.003    4419.0    6504.0   1.00
at_least_one_positive_image_by_area[204]   0.062  0.106   0.000    0.231      0.002    0.003    2493.0    4777.0   1.00
at_least_one_positive_image_by_area[205]   0.290  0.269   0.000    0.845      0.004    0.002    3668.0    6650.0   1.00
at_least_one_positive_image_by_area[206]   0.029  0.062   0.000    0.111      0.001    0.002    3011.0    5752.0   1.00
at_least_one_positive_image_by_area[207]   0.110  0.191   0.000    0.509      0.003    0.003    2328.0    5556.0   1.00
at_least_one_positive_image_by_area[208]   0.073  0.124   0.000    0.282      0.002    0.003    3634.0    5039.0   1.00
at_least_one_positive_image_by_area[209]   0.044  0.092   0.000    0.168      0.001    0.003    3896.0    7302.0   1.00
at_least_one_positive_image_by_area[210]   0.066  0.104   0.000    0.233      0.001    0.002    4141.0    8209.0   1.00
at_least_one_positive_image_by_area[211]   0.089  0.153   0.000    0.376      0.002    0.003    4729.0    7677.0   1.00
at_least_one_positive_image_by_area[212]   0.083  0.120   0.000    0.297      0.002    0.002    2768.0    5566.0   1.00
at_least_one_positive_image_by_area[213]   0.073  0.143   0.000    0.312      0.002    0.003    5450.0    9458.0   1.00
at_least_one_positive_image_by_area[214]   0.087  0.136   0.000    0.321      0.002    0.003    3865.0    7047.0   1.00
at_least_one_positive_image_by_area[215]   0.147  0.193   0.000    0.547      0.003    0.003    4105.0    7085.0   1.00
at_least_one_positive_image_by_area[216]   0.114  0.155   0.000    0.408      0.003    0.003    2359.0    4902.0   1.00
at_least_one_positive_image_by_area[217]   0.206  0.236   0.000    0.720      0.003    0.003    4510.0    6762.0   1.00
at_least_one_positive_image_by_area[218]   0.041  0.075   0.000    0.146      0.001    0.002    2957.0    6655.0   1.00
at_least_one_positive_image_by_area[219]   0.152  0.186   0.000    0.531      0.003    0.003    3021.0    6325.0   1.00
at_least_one_positive_image_by_area[220]   0.037  0.083   0.000    0.140      0.001    0.004    3304.0    7056.0   1.00
at_least_one_positive_image_by_area[221]   1.000  0.000   1.000    1.000      0.000      NaN   40000.0   40000.0    NaN
at_least_one_positive_image_by_area[222]   0.088  0.135   0.000    0.336      0.002    0.003    2880.0    5425.0   1.00
at_least_one_positive_image_by_area[223]   0.041  0.106   0.000    0.168      0.001    0.003    3690.0    8400.0   1.00
at_least_one_positive_image_by_area[224]   0.073  0.135   0.000    0.306      0.002    0.003    2731.0    6105.0   1.00
at_least_one_positive_image_by_area[225]   0.065  0.126   0.000    0.273      0.002    0.003    2581.0    5566.0   1.00
at_least_one_positive_image_by_area[226]   0.146  0.174   0.000    0.487      0.003    0.003    3149.0    6819.0   1.00
at_least_one_positive_image_by_area[227]   0.194  0.267   0.000    0.809      0.004    0.003    4440.0    6581.0   1.00
at_least_one_positive_image_by_area[228]   0.410  0.356   0.011    1.000      0.008    0.002    1961.0    5420.0   1.00
at_least_one_positive_image_by_area[229]   0.141  0.181   0.000    0.506      0.003    0.003    2291.0    4486.0   1.00
at_least_one_positive_image_by_area[230]   0.032  0.084   0.000    0.125      0.001    0.004    2262.0    5706.0   1.00
at_least_one_positive_image_by_area[231]   0.148  0.189   0.000    0.534      0.003    0.003    3191.0    5830.0   1.00
at_least_one_positive_image_by_area[232]   0.031  0.063   0.000    0.114      0.001    0.003    2362.0    4771.0   1.00
at_least_one_positive_image_by_area[233]   0.146  0.195   0.000    0.555      0.003    0.003    4277.0    6857.0   1.00
at_least_one_positive_image_by_area[234]   0.028  0.059   0.000    0.104      0.001    0.002    3049.0    5987.0   1.00
at_least_one_positive_image_by_area[235]   0.078  0.126   0.000    0.292      0.002    0.003    4964.0    7927.0   1.00
at_least_one_positive_image_by_area[236]   0.024  0.055   0.000    0.090      0.001    0.002    3356.0    6082.0   1.00
at_least_one_positive_image_by_area[237]   0.031  0.064   0.000    0.114      0.001    0.002    3279.0    5839.0   1.00
at_least_one_positive_image_by_area[238]   0.091  0.131   0.000    0.328      0.002    0.002    2639.0    4530.0   1.00
at_least_one_positive_image_by_area[239]   0.107  0.150   0.000    0.383      0.002    0.003    2999.0    5751.0   1.00
at_least_one_positive_image_by_area[240]   0.098  0.137   0.000    0.347      0.002    0.002    3974.0    7194.0   1.00
at_least_one_positive_image_by_area[241]   0.030  0.054   0.000    0.106      0.001    0.002    3325.0    7778.0   1.00
at_least_one_positive_image_by_area[242]   0.044  0.092   0.000    0.175      0.001    0.003    3823.0    7015.0   1.00
at_least_one_positive_image_by_area[243]   0.071  0.107   0.000    0.251      0.002    0.003    3093.0    5174.0   1.00
at_least_one_positive_image_by_area[244]   0.193  0.208   0.000    0.619      0.003    0.002    4013.0    6902.0   1.00
at_least_one_positive_image_by_area[245]   0.066  0.115   0.000    0.253      0.002    0.003    3476.0    7681.0   1.00
at_least_one_positive_image_by_area[246]   0.126  0.174   0.000    0.465      0.002    0.003    4754.0    7539.0   1.00
at_least_one_positive_image_by_area[247]   0.043  0.081   0.000    0.162      0.001    0.002    3571.0    5612.0   1.00
at_least_one_positive_image_by_area[248]   0.239  0.244   0.001    0.758      0.003    0.002    4651.0    6787.0   1.00
at_least_one_positive_image_by_area[249]   0.059  0.105   0.000    0.223      0.001    0.002    3478.0    7296.0   1.00
at_least_one_positive_image_by_area[250]   0.102  0.165   0.000    0.415      0.002    0.003    5149.0    6868.0   1.00
at_least_one_positive_image_by_area[251]   0.090  0.120   0.000    0.299      0.002    0.003    2972.0    5010.0   1.00
at_least_one_positive_image_by_area[252]   0.321  0.336   0.000    0.975      0.004    0.002    5747.0    7677.0   1.00
at_least_one_positive_image_by_area[253]   0.094  0.148   0.000    0.372      0.002    0.003    5509.0    7429.0   1.00
at_least_one_positive_image_by_area[254]   0.049  0.090   0.000    0.183      0.001    0.002    4367.0    6673.0   1.00
at_least_one_positive_image_by_area[255]   0.201  0.225   0.000    0.682      0.003    0.002    4820.0    7227.0   1.00
at_least_one_positive_image_by_area[256]   0.433  0.282   0.011    0.940      0.004    0.001    5641.0    7237.0   1.00
at_least_one_positive_image_by_area[257]   0.640  0.310   0.108    1.000      0.004    0.002    6316.0    7317.0   1.00
at_least_one_positive_image_by_area[258]   0.539  0.309   0.080    1.000      0.004    0.001    7256.0   10094.0   1.00
at_least_one_positive_image_by_area[259]   0.100  0.147   0.000    0.372      0.002    0.003    5770.0    8702.0   1.00
at_least_one_positive_image_by_area[260]   0.366  0.296   0.002    0.928      0.004    0.002    5744.0    8255.0   1.00
at_least_one_positive_image_by_area[261]   0.024  0.046   0.000    0.082      0.001    0.002    4472.0    7072.0   1.00
at_least_one_positive_image_by_area[262]   1.000  0.000   1.000    1.000      0.000      NaN   40000.0   40000.0    NaN
at_least_one_positive_image_by_area[263]   0.261  0.279   0.000    0.863      0.003    0.002    5958.0    7793.0   1.00
at_least_one_positive_image_by_area[264]   0.102  0.165   0.000    0.419      0.002    0.003    5104.0    8068.0   1.00
at_least_one_positive_image_by_area[265]   0.253  0.259   0.000    0.808      0.003    0.002    6631.0    9492.0   1.00
at_least_one_positive_image_by_area[266]   0.109  0.152   0.000    0.404      0.002    0.003    4099.0    6196.0   1.00
at_least_one_positive_image_by_area[267]   0.563  0.330   0.054    1.000      0.005    0.002    3874.0    4502.0   1.00
at_least_one_positive_image_by_area[268]   0.132  0.199   0.000    0.551      0.002    0.003    5978.0    7943.0   1.00
at_least_one_positive_image_by_area[269]   0.127  0.186   0.000    0.503      0.002    0.003    5019.0    5648.0   1.00
at_least_one_positive_image_by_area[270]   0.046  0.087   0.000    0.173      0.001    0.002    3984.0    6253.0   1.00
at_least_one_positive_image_by_area[271]   0.046  0.094   0.000    0.181      0.001    0.003    4035.0    9000.0   1.00
at_least_one_positive_image_by_area[272]   0.326  0.320   0.000    0.961      0.004    0.002    5847.0    7033.0   1.00
at_least_one_positive_image_by_area[273]   0.129  0.157   0.000    0.433      0.002    0.003    3289.0    7086.0   1.00
at_least_one_positive_image_by_area[274]   0.176  0.205   0.000    0.601      0.003    0.003    4126.0    8524.0   1.00
at_least_one_positive_image_by_area[275]   0.147  0.182   0.000    0.504      0.003    0.003    2920.0    5138.0   1.00
at_least_one_positive_image_by_area[276]   0.170  0.190   0.000    0.553      0.003    0.003    3374.0    4278.0   1.00
at_least_one_positive_image_by_area[277]   0.180  0.229   0.000    0.680      0.003    0.003    4629.0    7669.0   1.00
at_least_one_positive_image_by_area[278]   0.059  0.115   0.000    0.243      0.001    0.003    4808.0    9101.0   1.00
at_least_one_positive_image_by_area[279]   0.119  0.177   0.000    0.472      0.002    0.003    5118.0    8597.0   1.00
at_least_one_positive_image_by_area[280]   0.028  0.064   0.000    0.108      0.001    0.003    5136.0    7894.0   1.00
at_least_one_positive_image_by_area[281]   0.105  0.156   0.000    0.402      0.002    0.003    4294.0    7186.0   1.00
at_least_one_positive_image_by_area[282]   0.019  0.047   0.000    0.067      0.001    0.002    4575.0    7825.0   1.00
at_least_one_positive_image_by_area[283]   0.170  0.197   0.000    0.580      0.003    0.003    3337.0    6455.0   1.00
at_least_one_positive_image_by_area[284]   0.090  0.140   0.000    0.343      0.002    0.003    3463.0    7369.0   1.00
at_least_one_positive_image_by_area[285]   0.145  0.218   0.000    0.627      0.002    0.003    6711.0    9873.0   1.00
at_least_one_positive_image_by_area[286]   0.088  0.150   0.000    0.368      0.002    0.003    3803.0    7352.0   1.00
at_least_one_positive_image_by_area[287]   0.208  0.226   0.000    0.682      0.003    0.003    3402.0    6071.0   1.00
at_least_one_positive_image_by_area[288]   0.113  0.157   0.000    0.413      0.002    0.003    4227.0    7375.0   1.00
at_least_one_positive_image_by_area[289]   0.175  0.202   0.000    0.595      0.003    0.002    4750.0    5356.0   1.00
at_least_one_positive_image_by_area[290]   0.055  0.097   0.000    0.205      0.001    0.002    4958.0    8548.0   1.00
at_least_one_positive_image_by_area[291]   0.186  0.215   0.000    0.636      0.003    0.003    4943.0    7409.0   1.00
at_least_one_positive_image_by_area[292]   0.048  0.089   0.000    0.177      0.001    0.002    4599.0    7823.0   1.00
at_least_one_positive_image_by_area[293]   0.049  0.092   0.000    0.182      0.001    0.003    4328.0    8324.0   1.00
at_least_one_positive_image_by_area[294]   0.044  0.076   0.000    0.154      0.001    0.002    3094.0    6781.0   1.00
at_least_one_positive_image_by_area[295]   0.048  0.096   0.000    0.189      0.001    0.002    3810.0    7023.0   1.00
at_least_one_positive_image_by_area[296]   0.025  0.057   0.000    0.088      0.001    0.002    3932.0    8060.0   1.00
at_least_one_positive_image_by_area[297]   0.113  0.158   0.000    0.415      0.002    0.003    3948.0    5731.0   1.00
at_least_one_positive_image_by_area[298]   0.156  0.193   0.000    0.548      0.003    0.003    4328.0    6983.0   1.00
at_least_one_positive_image_by_area[299]   0.088  0.145   0.000    0.349      0.002    0.003    4051.0    7000.0   1.00
at_least_one_positive_image_by_area[300]   0.057  0.089   0.000    0.196      0.001    0.002    4469.0    7731.0   1.00
at_least_one_positive_image_by_area[301]   0.078  0.133   0.000    0.306      0.002    0.003    3649.0    6276.0   1.00
at_least_one_positive_image_by_area[302]   0.025  0.058   0.000    0.093      0.001    0.002    4330.0    6965.0   1.00
at_least_one_positive_image_by_area[303]   0.050  0.089   0.000    0.183      0.001    0.002    2793.0    5949.0   1.00
at_least_one_positive_image_by_area[304]   0.103  0.136   0.000    0.353      0.002    0.003    4169.0    7560.0   1.00
at_least_one_positive_image_by_area[305]   0.110  0.157   0.000    0.413      0.002    0.003    3614.0    5878.0   1.00
at_least_one_positive_image_by_area[306]   0.061  0.115   0.000    0.248      0.001    0.003    4730.0    6797.0   1.00
at_least_one_positive_image_by_area[307]   0.076  0.123   0.000    0.288      0.002    0.003    4080.0    6221.0   1.00
at_least_one_positive_image_by_area[308]   0.073  0.123   0.000    0.283      0.002    0.003    3387.0    4868.0   1.00
at_least_one_positive_image_by_area[309]   0.031  0.070   0.000    0.116      0.001    0.003    4944.0    8086.0   1.00
at_least_one_positive_image_by_area[310]   0.055  0.104   0.000    0.213      0.001    0.003    4970.0    8238.0   1.00
at_least_one_positive_image_by_area[311]   0.231  0.242   0.000    0.752      0.003    0.003    4425.0    6843.0   1.00
at_least_one_positive_image_by_area[312]   0.121  0.163   0.000    0.431      0.002    0.003    3925.0    6409.0   1.00
at_least_one_positive_image_by_area[313]   0.072  0.118   0.000    0.271      0.002    0.003    3470.0    6363.0   1.00
at_least_one_positive_image_by_area[314]   0.084  0.135   0.000    0.321      0.002    0.003    3657.0    6492.0   1.00
at_least_one_positive_image_by_area[315]   0.100  0.150   0.000    0.381      0.002    0.003    3666.0    7231.0   1.00
at_least_one_positive_image_by_area[316]   0.110  0.155   0.000    0.398      0.002    0.003    3948.0    7721.0   1.00
at_least_one_positive_image_by_area[317]   0.028  0.056   0.000    0.104      0.001    0.002    3517.0    6904.0   1.00
at_least_one_positive_image_by_area[318]   0.057  0.113   0.000    0.231      0.001    0.003    4231.0    6960.0   1.00
at_least_one_positive_image_by_area[319]   0.155  0.194   0.000    0.554      0.003    0.003    4380.0    7016.0   1.00
at_least_one_positive_image_by_area[320]   0.082  0.133   0.000    0.317      0.002    0.003    3463.0    5947.0   1.00
at_least_one_positive_image_by_area[321]   0.136  0.158   0.001    0.441      0.002    0.002    3399.0    7262.0   1.00
at_least_one_positive_image_by_area[322]   0.032  0.071   0.000    0.121      0.001    0.002    5042.0    8945.0   1.00
at_least_one_positive_image_by_area[323]   0.186  0.216   0.000    0.639      0.003    0.003    5430.0    7431.0   1.00
at_least_one_positive_image_by_area[324]   0.278  0.248   0.002    0.787      0.003    0.002    5013.0    7234.0   1.00
at_least_one_positive_image_by_area[325]   0.068  0.114   0.000    0.258      0.001    0.003    5177.0    8040.0   1.00
at_least_one_positive_image_by_area[326]   0.102  0.142   0.000    0.359      0.002    0.002    4213.0    7483.0   1.00
at_least_one_positive_image_by_area[327]   0.345  0.283   0.001    0.901      0.003    0.002    5676.0    6943.0   1.00
at_least_one_positive_image_by_area[328]   0.157  0.206   0.000    0.594      0.003    0.003    4343.0    6728.0   1.00
at_least_one_positive_image_by_area[329]   0.079  0.149   0.000    0.344      0.002    0.003    4301.0    7215.0   1.00
at_least_one_positive_image_by_area[330]   0.172  0.205   0.000    0.604      0.002    0.002    5751.0    8604.0   1.00
at_least_one_positive_image_by_area[331]   0.129  0.189   0.000    0.517      0.003    0.003    3750.0    6654.0   1.00
at_least_one_positive_image_by_area[332]   0.037  0.088   0.000    0.151      0.001    0.002    5532.0    8951.0   1.00
at_least_one_positive_image_by_area[333]   0.129  0.173   0.000    0.469      0.002    0.003    4339.0    6688.0   1.00
at_least_one_positive_image_by_area[334]   0.056  0.124   0.000    0.245      0.001    0.003    4755.0    7563.0   1.00
at_least_one_positive_image_by_area[335]   0.275  0.302   0.000    0.919      0.004    0.002    6224.0    7425.0   1.00
at_least_one_positive_image_by_area[336]   0.265  0.287   0.000    0.879      0.004    0.002    4567.0    5805.0   1.00
at_least_one_positive_image_by_area[337]   0.050  0.115   0.000    0.213      0.001    0.003    5164.0    6654.0   1.00
at_least_one_positive_image_by_area[338]   0.124  0.202   0.000    0.560      0.002    0.003    6476.0    6801.0   1.00
at_least_one_positive_image_by_area[339]   0.048  0.098   0.000    0.187      0.001    0.002    6017.0    9320.0   1.00
at_least_one_positive_image_by_area[340]   0.959  0.111   0.782    1.000      0.002    0.004    6114.0    6657.0   1.00
at_least_one_positive_image_by_area[341]   0.242  0.249   0.000    0.775      0.003    0.002    4735.0    7695.0   1.00
at_least_one_positive_image_by_area[342]   0.623  0.292   0.137    1.000      0.004    0.002    6114.0    7228.0   1.00
at_least_one_positive_image_by_area[343]   0.068  0.135   0.000    0.286      0.002    0.003    6024.0    7530.0   1.00
at_least_one_positive_image_by_area[344]   0.033  0.086   0.000    0.132      0.001    0.003    5923.0    8581.0   1.00
at_least_one_positive_image_by_area[345]   0.358  0.299   0.001    0.933      0.004    0.002    6402.0    7938.0   1.00
at_least_one_positive_image_by_area[346]   0.935  0.148   0.659    1.000      0.002    0.004    5840.0    5675.0   1.00
at_least_one_positive_image_by_area[347]   0.308  0.279   0.001    0.884      0.003    0.002    5678.0    6552.0   1.00
at_least_one_positive_image_by_area[348]   0.132  0.191   0.000    0.523      0.002    0.003    5650.0    9684.0   1.00
at_least_one_positive_image_by_area[349]   1.000  0.000   1.000    1.000      0.000      NaN   40000.0   40000.0    NaN
at_least_one_positive_image_by_area[350]   0.198  0.222   0.000    0.671      0.003    0.003    4391.0    7549.0   1.00
at_least_one_positive_image_by_area[351]   0.045  0.085   0.000    0.169      0.001    0.003    3013.0    4813.0   1.00
at_least_one_positive_image_by_area[352]   0.126  0.177   0.000    0.478      0.003    0.003    2987.0    4047.0   1.00
at_least_one_positive_image_by_area[353]   0.271  0.257   0.000    0.802      0.003    0.002    5464.0    7766.0   1.00
at_least_one_positive_image_by_area[354]   0.405  0.344   0.015    1.000      0.005    0.002    3582.0    6078.0   1.00
at_least_one_positive_image_by_area[355]   0.130  0.184   0.000    0.496      0.003    0.003    3430.0    6095.0   1.00
at_least_one_positive_image_by_area[356]   0.050  0.099   0.000    0.191      0.001    0.003    3901.0    6978.0   1.00
at_least_one_positive_image_by_area[357]   0.024  0.055   0.000    0.089      0.001    0.002    3637.0    6067.0   1.00
at_least_one_positive_image_by_area[358]   0.148  0.200   0.000    0.568      0.003    0.003    4582.0    6199.0   1.00
at_least_one_positive_image_by_area[359]   0.104  0.153   0.000    0.391      0.002    0.003    3969.0    7155.0   1.00
at_least_one_positive_image_by_area[360]   0.184  0.241   0.000    0.729      0.003    0.003    3247.0    5580.0   1.00
at_least_one_positive_image_by_area[361]   0.040  0.085   0.000    0.154      0.001    0.002    3348.0    7481.0   1.00
at_least_one_positive_image_by_area[362]   0.216  0.284   0.000    0.892      0.004    0.003    4397.0    6998.0   1.00
at_least_one_positive_image_by_area[363]   0.080  0.129   0.000    0.307      0.002    0.003    3297.0    6066.0   1.00
at_least_one_positive_image_by_area[364]   0.406  0.300   0.002    0.951      0.004    0.002    4561.0    6451.0   1.00
at_least_one_positive_image_by_area[365]   0.030  0.059   0.000    0.107      0.001    0.002    3275.0    6204.0   1.00
at_least_one_positive_image_by_area[366]   0.086  0.139   0.000    0.333      0.002    0.003    3751.0    7059.0   1.00
at_least_one_positive_image_by_area[367]   0.065  0.121   0.000    0.254      0.002    0.003    5275.0    7950.0   1.00
at_least_one_positive_image_by_area[368]   0.051  0.087   0.000    0.190      0.001    0.002    3633.0    6144.0   1.00
at_least_one_positive_image_by_area[369]   0.135  0.199   0.000    0.555      0.003    0.003    4596.0    7590.0   1.00
at_least_one_positive_image_by_area[370]   0.413  0.317   0.031    1.000      0.005    0.002    3953.0    5886.0   1.00
at_least_one_positive_image_by_area[371]   0.355  0.336   0.000    0.980      0.005    0.002    4255.0    6385.0   1.00
at_least_one_positive_image_by_area[372]   0.128  0.198   0.000    0.541      0.002    0.003    4752.0    7319.0   1.00
at_least_one_positive_image_by_area[373]   0.125  0.180   0.000    0.490      0.002    0.003    4180.0    6492.0   1.00
at_least_one_positive_image_by_area[374]   0.068  0.126   0.000    0.273      0.002    0.003    3861.0    6252.0   1.00
at_least_one_positive_image_by_area[375]   0.081  0.119   0.000    0.288      0.002    0.003    3624.0    6737.0   1.00
at_least_one_positive_image_by_area[376]   0.098  0.149   0.000    0.375      0.002    0.003    4409.0    7097.0   1.00
at_least_one_positive_image_by_area[377]   0.164  0.214   0.000    0.625      0.003    0.003    4565.0    8078.0   1.00
at_least_one_positive_image_by_area[378]   0.424  0.294   0.010    0.954      0.005    0.002    3737.0    7678.0   1.00
at_least_one_positive_image_by_area[379]   0.093  0.157   0.000    0.380      0.002    0.003    4399.0    6434.0   1.00
at_least_one_positive_image_by_area[380]   0.076  0.112   0.000    0.265      0.002    0.002    3623.0    6379.0   1.00
at_least_one_positive_image_by_area[381]   0.058  0.097   0.000    0.214      0.001    0.003    3328.0    6341.0   1.00
at_least_one_positive_image_by_area[382]   0.291  0.274   0.001    0.856      0.004    0.002    3292.0    5736.0   1.00
at_least_one_positive_image_by_area[383]   0.151  0.188   0.000    0.532      0.003    0.003    3881.0    6949.0   1.00
at_least_one_positive_image_by_area[384]   0.102  0.145   0.000    0.367      0.002    0.003    4194.0    8656.0   1.00
at_least_one_positive_image_by_area[385]   0.427  0.335   0.019    1.000      0.005    0.001    4462.0    5704.0   1.00
at_least_one_positive_image_by_area[386]   0.629  0.331   0.070    1.000      0.005    0.002    4756.0    6628.0   1.00
at_least_one_positive_image_by_area[387]   0.141  0.174   0.000    0.481      0.003    0.003    3509.0    5952.0   1.00
at_least_one_positive_image_by_area[388]   0.320  0.289   0.000    0.902      0.004    0.002    5151.0    7330.0   1.00
at_least_one_positive_image_by_area[389]   0.065  0.110   0.000    0.239      0.001    0.003    4983.0    7780.0   1.00
at_least_one_positive_image_by_area[390]   0.133  0.185   0.000    0.511      0.003    0.003    4030.0    6427.0   1.00
at_least_one_positive_image_by_area[391]   0.224  0.259   0.000    0.796      0.003    0.002    6437.0    9875.0   1.00
at_least_one_positive_image_by_area[392]   0.053  0.112   0.000    0.214      0.002    0.003    3530.0    5595.0   1.00
at_least_one_positive_image_by_area[393]   0.058  0.096   0.000    0.208      0.001    0.002    4200.0    5944.0   1.00
at_least_one_positive_image_by_area[394]   0.255  0.248   0.001    0.779      0.004    0.002    3909.0    4974.0   1.00
at_least_one_positive_image_by_area[395]   0.019  0.055   0.000    0.070      0.001    0.002    3611.0    6712.0   1.00
at_least_one_positive_image_by_area[396]   0.056  0.107   0.000    0.218      0.001    0.003    5146.0    8354.0   1.00
at_least_one_positive_image_by_area[397]   0.177  0.225   0.000    0.669      0.003    0.003    3231.0    4058.0   1.00
at_least_one_positive_image_by_area[398]   0.096  0.150   0.000    0.361      0.002    0.003    4830.0    8444.0   1.00
at_least_one_positive_image_by_area[399]   0.113  0.191   0.000    0.511      0.002    0.003    4243.0    8134.0   1.00
at_least_one_positive_image_by_area[400]   0.135  0.182   0.000    0.504      0.003    0.003    4301.0    5978.0   1.00
at_least_one_positive_image_by_area[401]   0.221  0.233   0.000    0.720      0.003    0.002    4704.0    7024.0   1.00
at_least_one_positive_image_by_area[402]   0.109  0.183   0.000    0.473      0.003    0.003    3809.0    6327.0   1.00
at_least_one_positive_image_by_area[403]   0.078  0.111   0.000    0.264      0.001    0.002    4320.0    8273.0   1.00
at_least_one_positive_image_by_area[404]   0.030  0.063   0.000    0.110      0.001    0.002    2689.0    4936.0   1.00
at_least_one_positive_image_by_area[405]   0.018  0.040   0.000    0.066      0.000    0.002    3185.0    6160.0   1.00
at_least_one_positive_image_by_area[406]   0.060  0.111   0.000    0.235      0.001    0.003    2961.0    5468.0   1.00
at_least_one_positive_image_by_area[407]   0.018  0.043   0.000    0.062      0.001    0.002    3658.0    7680.0   1.00
at_least_one_positive_image_by_area[408]   0.126  0.215   0.000    0.612      0.004    0.004    2705.0    6953.0   1.00
at_least_one_positive_image_by_area[409]   0.091  0.139   0.000    0.337      0.002    0.003    3979.0    7596.0   1.00
at_least_one_positive_image_by_area[410]   0.075  0.135   0.000    0.305      0.002    0.003    3632.0    7436.0   1.00
at_least_one_positive_image_by_area[411]   0.125  0.155   0.000    0.419      0.002    0.002    4413.0    8927.0   1.00
at_least_one_positive_image_by_area[412]   0.091  0.151   0.000    0.366      0.002    0.003    3756.0    6624.0   1.00
at_least_one_positive_image_by_area[413]   0.306  0.275   0.000    0.874      0.004    0.002    4770.0    7588.0   1.00
at_least_one_positive_image_by_area[414]   0.161  0.200   0.000    0.577      0.003    0.003    4336.0    8511.0   1.00
at_least_one_positive_image_by_area[415]   0.119  0.165   0.000    0.436      0.002    0.003    3744.0    5989.0   1.00
at_least_one_positive_image_by_area[416]   0.034  0.074   0.000    0.127      0.001    0.002    3431.0    7577.0   1.00
at_least_one_positive_image_by_area[417]   0.122  0.176   0.000    0.470      0.002    0.003    4262.0    7011.0   1.00
at_least_one_positive_image_by_area[418]   0.119  0.163   0.000    0.435      0.002    0.003    5174.0    7555.0   1.00
at_least_one_positive_image_by_area[419]   0.193  0.217   0.000    0.645      0.003    0.002    5644.0    8509.0   1.00
at_least_one_positive_image_by_area[420]   0.113  0.166   0.000    0.436      0.002    0.003    5184.0    8744.0   1.00
at_least_one_positive_image_by_area[421]   0.162  0.191   0.000    0.554      0.003    0.003    5013.0    8233.0   1.00
at_least_one_positive_image_by_area[422]   0.196  0.232   0.000    0.697      0.003    0.003    5604.0    9690.0   1.00
at_least_one_positive_image_by_area[423]   0.166  0.209   0.000    0.609      0.003    0.003    4054.0    8256.0   1.00
at_least_one_positive_image_by_area[424]   0.180  0.224   0.000    0.667      0.003    0.003    6043.0    9703.0   1.00
at_least_one_positive_image_by_area[425]   0.052  0.080   0.000    0.182      0.001    0.002    4333.0    7458.0   1.00
at_least_one_positive_image_by_area[426]   0.140  0.180   0.000    0.503      0.002    0.003    5637.0    9074.0   1.00
at_least_one_positive_image_by_area[427]   0.042  0.077   0.000    0.157      0.001    0.002    4252.0    7674.0   1.00
at_least_one_positive_image_by_area[428]   0.274  0.258   0.001    0.812      0.003    0.002    5295.0    7176.0   1.00
at_least_one_positive_image_by_area[429]   0.222  0.238   0.000    0.726      0.003    0.002    5447.0    8067.0   1.00
at_least_one_positive_image_by_area[430]   1.000  0.000   1.000    1.000      0.000      NaN   40000.0   40000.0    NaN
at_least_one_positive_image_by_area[431]   0.088  0.142   0.000    0.346      0.002    0.003    5112.0    8315.0   1.00
at_least_one_positive_image_by_area[432]   0.109  0.160   0.000    0.417      0.002    0.002    5224.0    8784.0   1.00
at_least_one_positive_image_by_area[433]   0.312  0.272   0.001    0.863      0.003    0.002    5932.0    7876.0   1.00
at_least_one_positive_image_by_area[434]   0.060  0.099   0.000    0.216      0.001    0.003    4706.0    9145.0   1.00
at_least_one_positive_image_by_area[435]   0.505  0.299   0.081    1.000      0.004    0.001    5663.0    7926.0   1.00
at_least_one_positive_image_by_area[436]   0.143  0.185   0.000    0.519      0.002    0.003    5002.0    8664.0   1.00
at_least_one_positive_image_by_area[437]   0.108  0.178   0.000    0.459      0.002    0.003    6449.0    8899.0   1.00
at_least_one_positive_image_by_area[438]   0.097  0.160   0.000    0.396      0.002    0.003    5489.0    8691.0   1.00
at_least_one_positive_image_by_area[439]   0.130  0.168   0.000    0.458      0.002    0.003    4998.0    7419.0   1.00
at_least_one_positive_image_by_area[440]   0.168  0.199   0.000    0.579      0.002    0.002    5626.0    7850.0   1.00
at_least_one_positive_image_by_area[441]   0.390  0.302   0.003    0.953      0.004    0.002    5850.0    7765.0   1.00
at_least_one_positive_image_by_area[442]   0.176  0.225   0.000    0.662      0.003    0.003    5726.0    7718.0   1.00
at_least_one_positive_image_by_area[443]   0.192  0.227   0.000    0.681      0.003    0.003    5486.0    7022.0   1.00
at_least_one_positive_image_by_area[444]   0.137  0.181   0.000    0.504      0.002    0.003    5178.0    7827.0   1.00
at_least_one_positive_image_by_area[445]   0.099  0.144   0.000    0.363      0.002    0.002    4374.0    7899.0   1.00
at_least_one_positive_image_by_area[446]   0.111  0.174   0.000    0.453      0.002    0.003    4677.0    5741.0   1.00
at_least_one_positive_image_by_area[447]   0.737  0.308   0.138    1.000      0.004    0.002    5595.0    7701.0   1.00
at_least_one_positive_image_by_area[448]   0.056  0.101   0.000    0.211      0.001    0.002    4983.0    7854.0   1.00
at_least_one_positive_image_by_area[449]   0.087  0.151   0.000    0.362      0.002    0.003    4891.0    6840.0   1.00
at_least_one_positive_image_by_area[450]   0.120  0.182   0.000    0.487      0.002    0.003    5042.0    6852.0   1.00
at_least_one_positive_image_by_area[451]   0.381  0.333   0.018    1.000      0.005    0.002    4297.0    6367.0   1.00
at_least_one_positive_image_by_area[452]   0.168  0.200   0.000    0.583      0.002    0.002    5826.0    9454.0   1.00
at_least_one_positive_image_by_area[453]   0.146  0.191   0.000    0.536      0.002    0.003    4359.0    7560.0   1.00
at_least_one_positive_image_by_area[454]   0.211  0.239   0.000    0.730      0.003    0.003    4343.0    5221.0   1.00
at_least_one_positive_image_by_area[455]   0.087  0.150   0.000    0.358      0.002    0.003    5140.0    7549.0   1.00
at_least_one_positive_image_by_area[456]   0.039  0.078   0.000    0.145      0.001    0.002    4569.0    8685.0   1.00
at_least_one_positive_image_by_area[457]   0.315  0.270   0.001    0.860      0.004    0.002    4257.0    6251.0   1.00
at_least_one_positive_image_by_area[458]   0.757  0.274   0.214    1.000      0.004    0.002    6212.0    7846.0   1.00
at_least_one_positive_image_by_area[459]   0.258  0.254   0.000    0.789      0.003    0.002    5399.0    7660.0   1.00
at_least_one_positive_image_by_area[460]   0.161  0.188   0.000    0.545      0.003    0.003    4561.0    5900.0   1.00
at_least_one_positive_image_by_area[461]   0.121  0.157   0.000    0.425      0.002    0.002    4838.0    8039.0   1.00
at_least_one_positive_image_by_area[462]   0.500  0.312   0.064    1.000      0.004    0.001    5805.0    8032.0   1.00
at_least_one_positive_image_by_area[463]   1.000  0.000   1.000    1.000      0.000      NaN   40000.0   40000.0    NaN
at_least_one_positive_image_by_area[464]   0.175  0.197   0.000    0.578      0.002    0.003    4929.0    7983.0   1.00
at_least_one_positive_image_by_area[465]   0.111  0.164   0.000    0.429      0.002    0.003    5482.0    7705.0   1.00
at_least_one_positive_image_by_area[466]   0.548  0.315   0.075    1.000      0.004    0.001    7134.0    8484.0   1.00
at_least_one_positive_image_by_area[467]   1.000  0.000   1.000    1.000      0.000      NaN   40000.0   40000.0    NaN
at_least_one_positive_image_by_area[468]   0.550  0.301   0.094    1.000      0.004    0.001    6350.0    7751.0   1.00
at_least_one_positive_image_by_area[469]   0.455  0.301   0.057    1.000      0.004    0.002    6754.0    9561.0   1.00
at_least_one_positive_image_by_area[470]   0.369  0.300   0.001    0.940      0.004    0.002    5872.0    6868.0   1.00
at_least_one_positive_image_by_area[471]   0.770  0.267   0.231    1.000      0.003    0.002    7081.0    9008.0   1.00
at_least_one_positive_image_by_area[472]   0.890  0.179   0.504    1.000      0.002    0.003    6738.0    8380.0   1.00
at_least_one_positive_image_by_area[473]   0.548  0.294   0.107    1.000      0.004    0.001    5788.0    8015.0   1.00
at_least_one_positive_image_by_area[474]   0.079  0.119   0.000    0.288      0.001    0.002    4888.0    7891.0   1.00
at_least_one_positive_image_by_area[475]   0.523  0.302   0.085    1.000      0.004    0.001    5033.0    8061.0   1.00
at_least_one_positive_image_by_area[476]   0.220  0.235   0.001    0.720      0.003    0.003    4770.0    7471.0   1.00
at_least_one_positive_image_by_area[477]   0.099  0.144   0.000    0.366      0.002    0.002    5854.0    8698.0   1.00
at_least_one_positive_image_by_area[478]   0.150  0.206   0.000    0.592      0.002    0.003    5749.0    6006.0   1.00
at_least_one_positive_image_by_area[479]   0.133  0.182   0.000    0.497      0.002    0.003    5487.0    8699.0   1.00
at_least_one_positive_image_by_area[480]   0.032  0.065   0.000    0.114      0.001    0.002    5053.0    7186.0   1.00
at_least_one_positive_image_by_area[481]   0.338  0.284   0.001    0.901      0.004    0.002    5626.0    9063.0   1.00
at_least_one_positive_image_by_area[482]   0.168  0.217   0.000    0.640      0.003    0.003    5597.0    8773.0   1.00
at_least_one_positive_image_by_area[483]   0.247  0.236   0.001    0.740      0.003    0.002    5785.0    8678.0   1.00
at_least_one_positive_image_by_area[484]   0.656  0.279   0.176    1.000      0.004    0.002    5705.0    7953.0   1.00
at_least_one_positive_image_by_area[485]   0.160  0.183   0.000    0.529      0.002    0.002    5826.0    9008.0   1.00
at_least_one_positive_image_by_area[486]   0.230  0.257   0.000    0.792      0.003    0.002    5886.0    8346.0   1.00
at_least_one_positive_image_by_area[487]   0.071  0.129   0.000    0.288      0.002    0.004    5026.0    7265.0   1.00
at_least_one_positive_image_by_area[488]   0.838  0.269   0.188    1.000      0.005    0.005    4743.0    3881.0   1.00
at_least_one_positive_image_by_area[489]   0.761  0.270   0.216    1.000      0.004    0.003    5524.0    7400.0   1.00
at_least_one_positive_image_by_area[490]   0.165  0.186   0.000    0.540      0.002    0.003    5567.0    7234.0   1.00
at_least_one_positive_image_by_area[491]   0.191  0.216   0.000    0.646      0.003    0.002    6121.0    8085.0   1.00
at_least_one_positive_image_by_area[492]   0.310  0.281   0.001    0.886      0.004    0.002    5263.0    7099.0   1.00
at_least_one_positive_image_by_area[493]   0.206  0.234   0.000    0.713      0.003    0.003    6096.0    9730.0   1.00
at_least_one_positive_image_by_area[494]   0.245  0.250   0.000    0.771      0.003    0.002    5316.0    7593.0   1.00
at_least_one_positive_image_by_area[495]   0.131  0.182   0.000    0.495      0.002    0.003    5226.0    7448.0   1.00
at_least_one_positive_image_by_area[496]   0.126  0.161   0.000    0.434      0.002    0.003    4587.0    7426.0   1.00
at_least_one_positive_image_by_area[497]   0.224  0.258   0.000    0.797      0.003    0.003    5358.0    7865.0   1.00
at_least_one_positive_image_by_area[498]   0.282  0.249   0.001    0.793      0.004    0.002    2899.0    4604.0   1.00
at_least_one_positive_image_by_area[499]   0.046  0.080   0.000    0.164      0.001    0.002    3104.0    6040.0   1.00
at_least_one_positive_image_by_area[500]   0.015  0.038   0.000    0.053      0.001    0.002    3224.0    5990.0   1.00
at_least_one_positive_image_by_area[501]   0.147  0.190   0.000    0.536      0.002    0.003    4919.0    8306.0   1.00
at_least_one_positive_image_by_area[502]   0.026  0.057   0.000    0.094      0.001    0.002    3156.0    6087.0   1.00
at_least_one_positive_image_by_area[503]   0.048  0.095   0.000    0.184      0.001    0.003    3633.0    5694.0   1.00
at_least_one_positive_image_by_area[504]   0.022  0.051   0.000    0.079      0.001    0.002    3931.0    5842.0   1.00
at_least_one_positive_image_by_area[505]   0.025  0.054   0.000    0.087      0.001    0.003    3068.0    6996.0   1.00
at_least_one_positive_image_by_area[506]   0.073  0.117   0.000    0.265      0.002    0.003    3931.0    7223.0   1.00
at_least_one_positive_image_by_area[507]   0.125  0.180   0.000    0.486      0.003    0.003    3972.0    6648.0   1.00
at_least_one_positive_image_by_area[508]   0.082  0.114   0.000    0.276      0.002    0.002    3082.0    6897.0   1.00
at_least_one_positive_image_by_area[509]   0.183  0.219   0.000    0.649      0.003    0.003    4531.0    7083.0   1.00
at_least_one_positive_image_by_area[510]   0.057  0.108   0.000    0.222      0.002    0.003    3661.0    6642.0   1.00
at_least_one_positive_image_by_area[511]   0.084  0.139   0.000    0.328      0.002    0.003    4221.0    6540.0   1.00
at_least_one_positive_image_by_area[512]   0.125  0.179   0.000    0.487      0.002    0.003    4540.0    7960.0   1.00
at_least_one_positive_image_by_area[513]   0.117  0.163   0.000    0.437      0.002    0.003    3511.0    6512.0   1.00
at_least_one_positive_image_by_area[514]   0.115  0.161   0.000    0.422      0.002    0.003    5061.0    9387.0   1.00
at_least_one_positive_image_by_area[515]   0.082  0.136   0.000    0.315      0.002    0.004    3532.0    6291.0   1.00
at_least_one_positive_image_by_area[516]   0.037  0.080   0.000    0.145      0.001    0.002    5051.0    7247.0   1.00
at_least_one_positive_image_by_area[517]   0.092  0.136   0.000    0.333      0.002    0.003    3594.0    5561.0   1.00
at_least_one_positive_image_by_area[518]   0.313  0.278   0.001    0.877      0.004    0.002    4758.0    7144.0   1.00
at_least_one_positive_image_by_area[519]   0.156  0.204   0.000    0.592      0.003    0.003    3714.0    6619.0   1.00
at_least_one_positive_image_by_area[520]   0.241  0.264   0.000    0.816      0.004    0.002    3608.0    5652.0   1.00
at_least_one_positive_image_by_area[521]   0.014  0.037   0.000    0.051      0.000    0.001    4187.0    5776.0   1.00
at_least_one_positive_image_by_area[522]   0.060  0.112   0.000    0.233      0.001    0.003    4390.0    6481.0   1.00
at_least_one_positive_image_by_area[523]   0.140  0.190   0.000    0.523      0.003    0.003    3882.0    5636.0   1.00
at_least_one_positive_image_by_area[524]   0.388  0.276   0.007    0.907      0.004    0.002    4406.0    7016.0   1.00
at_least_one_positive_image_by_area[525]   0.132  0.175   0.000    0.480      0.002    0.003    4310.0    7531.0   1.00
at_least_one_positive_image_by_area[526]   0.236  0.269   0.000    0.833      0.004    0.003    4403.0    6711.0   1.00
at_least_one_positive_image_by_area[527]   0.255  0.236   0.000    0.744      0.003    0.002    5781.0    8303.0   1.00
at_least_one_positive_image_by_area[528]   0.278  0.245   0.001    0.786      0.003    0.002    4917.0    8137.0   1.00
at_least_one_positive_image_by_area[529]   0.196  0.239   0.000    0.723      0.003    0.003    5163.0    8197.0   1.00
at_least_one_positive_image_by_area[530]   0.112  0.178   0.000    0.460      0.002    0.003    5515.0    6924.0   1.00
at_least_one_positive_image_by_area[531]   0.209  0.255   0.000    0.776      0.003    0.003    5430.0    8727.0   1.00
at_least_one_positive_image_by_area[532]   0.151  0.193   0.000    0.551      0.003    0.003    4045.0    5584.0   1.00
at_least_one_positive_image_by_area[533]   0.201  0.218   0.000    0.659      0.003    0.002    4594.0    7294.0   1.00
at_least_one_positive_image_by_area[534]   0.237  0.236   0.001    0.733      0.003    0.002    4549.0    7137.0   1.00
at_least_one_positive_image_by_area[535]   0.226  0.230   0.000    0.708      0.003    0.002    5023.0    8122.0   1.00
at_least_one_positive_image_by_area[536]   0.079  0.116   0.000    0.274      0.002    0.002    4553.0    8080.0   1.00
at_least_one_positive_image_by_area[537]   0.097  0.140   0.000    0.354      0.002    0.003    4903.0    7461.0   1.00
at_least_one_positive_image_by_area[538]   0.090  0.134   0.000    0.328      0.002    0.003    4172.0    7788.0   1.00
at_least_one_positive_image_by_area[539]   0.118  0.177   0.000    0.472      0.002    0.003    3835.0    6904.0   1.00
at_least_one_positive_image_by_area[540]   0.038  0.077   0.000    0.142      0.001    0.002    3965.0    7174.0   1.00
at_least_one_positive_image_by_area[541]   0.199  0.211   0.000    0.636      0.003    0.002    4750.0    7380.0   1.00
at_least_one_positive_image_by_area[542]   0.095  0.169   0.000    0.417      0.002    0.003    4277.0    8341.0   1.00
at_least_one_positive_image_by_area[543]   0.190  0.243   0.000    0.731      0.003    0.002    5868.0    8357.0   1.00
at_least_one_positive_image_by_area[544]   0.044  0.084   0.000    0.162      0.001    0.002    2802.0    6305.0   1.00
at_least_one_positive_image_by_area[545]   0.009  0.018   0.000    0.030      0.000    0.001    2867.0    5146.0   1.00
at_least_one_positive_image_by_area[546]   0.476  0.301   0.064    1.000      0.005    0.001    4172.0    7252.0   1.00
at_least_one_positive_image_by_area[547]   0.021  0.045   0.000    0.077      0.001    0.002    3309.0    6743.0   1.00
at_least_one_positive_image_by_area[548]   0.033  0.063   0.000    0.119      0.001    0.002    3163.0    6996.0   1.00
at_least_one_positive_image_by_area[549]   1.000  0.000   1.000    1.000      0.000      NaN   40000.0   40000.0    NaN
at_least_one_positive_image_by_area[550]   0.142  0.180   0.000    0.501      0.003    0.003    3841.0    6506.0   1.00
at_least_one_positive_image_by_area[551]   0.195  0.236   0.000    0.716      0.003    0.002    4727.0    8318.0   1.00
at_least_one_positive_image_by_area[552]   0.159  0.193   0.000    0.548      0.002    0.002    4904.0    7613.0   1.00
at_least_one_positive_image_by_area[553]   0.136  0.195   0.000    0.540      0.002    0.003    5362.0    8564.0   1.00
at_least_one_positive_image_by_area[554]   0.092  0.154   0.000    0.375      0.002    0.003    5491.0    8170.0   1.00
at_least_one_positive_image_by_area[555]   0.090  0.140   0.000    0.345      0.002    0.002    4550.0    6560.0   1.00
at_least_one_positive_image_by_area[556]   0.039  0.078   0.000    0.149      0.001    0.002    4108.0    7502.0   1.00
at_least_one_positive_image_by_area[557]   0.319  0.305   0.000    0.932      0.004    0.002    4828.0    5668.0   1.00
at_least_one_positive_image_by_area[558]   0.039  0.078   0.000    0.148      0.001    0.002    3121.0    7266.0   1.00
at_least_one_positive_image_by_area[559]   0.022  0.051   0.000    0.082      0.001    0.002    2935.0    6303.0   1.00
at_least_one_positive_image_by_area[560]   0.324  0.282   0.001    0.902      0.004    0.002    4888.0    7543.0   1.00
at_least_one_positive_image_by_area[561]   0.008  0.020   0.000    0.028      0.000    0.001    2787.0    6282.0   1.00
at_least_one_positive_image_by_area[562]   0.013  0.039   0.000    0.049      0.001    0.002    3127.0    6854.0   1.00
at_least_one_positive_image_by_area[563]   0.003  0.010   0.000    0.011      0.000    0.001    2796.0    5853.0   1.00
at_least_one_positive_image_by_area[564]   0.035  0.070   0.000    0.129      0.001    0.002    2789.0    5200.0   1.00
at_least_one_positive_image_by_area[565]   0.166  0.191   0.000    0.555      0.003    0.003    2722.0    5900.0   1.00
at_least_one_positive_image_by_area[566]   0.006  0.014   0.000    0.021      0.000    0.001    2672.0    4996.0   1.00
at_least_one_positive_image_by_area[567]   0.428  0.301   0.048    1.000      0.004    0.002    5410.0    8155.0   1.00
at_least_one_positive_image_by_area[568]   0.062  0.104   0.000    0.229      0.001    0.003    3627.0    7316.0   1.00
at_least_one_positive_image_by_area[569]   0.014  0.038   0.000    0.049      0.000    0.002    4417.0    7887.0   1.00
at_least_one_positive_image_by_area[570]   0.191  0.220   0.000    0.655      0.003    0.003    4926.0    8331.0   1.00
at_least_one_positive_image_by_area[571]   0.103  0.149   0.000    0.378      0.002    0.003    3876.0    7266.0   1.00
at_least_one_positive_image_by_area[572]   0.005  0.015   0.000    0.018      0.000    0.001    3996.0    7430.0   1.00
at_least_one_positive_image_by_area[573]   0.272  0.282   0.000    0.870      0.003    0.002    5657.0    7904.0   1.00
at_least_one_positive_image_by_area[574]   0.028  0.061   0.000    0.103      0.001    0.002    3787.0    7170.0   1.00
at_least_one_positive_image_by_area[575]   0.125  0.165   0.000    0.449      0.002    0.003    3679.0    6105.0   1.00
at_least_one_positive_image_by_area[576]   1.000  0.000   1.000    1.000      0.000      NaN   40000.0   40000.0    NaN
at_least_one_positive_image_by_area[577]   0.204  0.225   0.000    0.678      0.003    0.002    6719.0    9113.0   1.00
at_least_one_positive_image_by_area[578]   0.511  0.309   0.069    1.000      0.004    0.001    5806.0    6857.0   1.00
at_least_one_positive_image_by_area[579]   0.130  0.178   0.000    0.489      0.002    0.003    5991.0    9767.0   1.00
at_least_one_positive_image_by_area[580]   0.154  0.199   0.000    0.573      0.002    0.003    6191.0    8595.0   1.00
at_least_one_positive_image_by_area[581]   0.621  0.320   0.092    1.000      0.004    0.002    6027.0    5305.0   1.00
at_least_one_positive_image_by_area[582]   0.060  0.120   0.000    0.248      0.001    0.003    4601.0    7549.0   1.00
at_least_one_positive_image_by_area[583]   0.011  0.029   0.000    0.040      0.000    0.001    3541.0    5887.0   1.00
at_least_one_positive_image_by_area[584]   1.000  0.000   1.000    1.000      0.000      NaN   40000.0   40000.0    NaN
at_least_one_positive_image_by_area[585]   0.008  0.025   0.000    0.027      0.000    0.003    3120.0    6042.0   1.00
at_least_one_positive_image_by_area[586]   1.000  0.000   1.000    1.000      0.000      NaN   40000.0   40000.0    NaN
at_least_one_positive_image_by_area[587]   0.025  0.051   0.000    0.091      0.001    0.002    2366.0    5246.0   1.00
at_least_one_positive_image_by_area[588]   0.035  0.070   0.000    0.125      0.001    0.002    2960.0    6325.0   1.00
at_least_one_positive_image_by_area[589]   0.509  0.315   0.062    1.000      0.004    0.001    6934.0    8972.0   1.00
at_least_one_positive_image_by_area[590]   0.059  0.107   0.000    0.219      0.002    0.003    3663.0    6668.0   1.00
at_least_one_positive_image_by_area[591]   0.026  0.055   0.000    0.090      0.001    0.003    2926.0    5624.0   1.00
at_least_one_positive_image_by_area[592]   0.546  0.311   0.081    1.000      0.004    0.001    6364.0    6080.0   1.00
at_least_one_positive_image_by_area[593]   0.743  0.282   0.187    1.000      0.005    0.003    4036.0    5080.0   1.00
at_least_one_positive_image_by_area[594]   0.300  0.265   0.001    0.841      0.003    0.002    6645.0    9975.0   1.00
at_least_one_positive_image_by_area[595]   0.404  0.309   0.002    0.963      0.004    0.002    5953.0    8756.0   1.00
at_least_one_positive_image_by_area[596]   0.531  0.310   0.079    1.000      0.004    0.001    7037.0    8718.0   1.00
at_least_one_positive_image_by_area[597]   0.130  0.179   0.000    0.486      0.003    0.003    3727.0    7129.0   1.00
at_least_one_positive_image_by_area[598]   1.000  0.000   1.000    1.000      0.000      NaN   40000.0   40000.0    NaN
at_least_one_positive_image_by_area[599]   0.480  0.302   0.065    1.000      0.004    0.001    4700.0    6128.0   1.00
at_least_one_positive_image_by_area[600]   0.637  0.307   0.121    1.000      0.004    0.002    6712.0    8515.0   1.00
at_least_one_positive_image_by_area[601]   0.182  0.208   0.000    0.613      0.003    0.003    4999.0    7898.0   1.00
at_least_one_positive_image_by_area[602]   0.089  0.141   0.000    0.347      0.002    0.003    4675.0    6165.0   1.00
at_least_one_positive_image_by_area[603]   0.072  0.109   0.000    0.256      0.001    0.002    4272.0    8509.0   1.00
at_least_one_positive_image_by_area[604]   0.181  0.207   0.000    0.617      0.003    0.002    4641.0    7496.0   1.00
at_least_one_positive_image_by_area[605]   0.163  0.196   0.000    0.569      0.003    0.003    4076.0    7854.0   1.00
at_least_one_positive_image_by_area[606]   0.070  0.128   0.000    0.290      0.002    0.003    4961.0    7477.0   1.00
at_least_one_positive_image_by_area[607]   0.175  0.209   0.000    0.615      0.003    0.003    5103.0    7952.0   1.00
at_least_one_positive_image_by_area[608]   0.176  0.208   0.000    0.613      0.003    0.003    4058.0    5618.0   1.00
at_least_one_positive_image_by_area[609]   0.240  0.252   0.000    0.777      0.004    0.002    4022.0    6501.0   1.00
at_least_one_positive_image_by_area[610]   0.054  0.090   0.000    0.197      0.001    0.002    3606.0    7364.0   1.00
at_least_one_positive_image_by_area[611]   0.032  0.058   0.000    0.112      0.001    0.002    3740.0    7170.0   1.00
at_least_one_positive_image_by_area[612]   0.142  0.181   0.000    0.502      0.003    0.003    3281.0    6223.0   1.00
at_least_one_positive_image_by_area[613]   0.150  0.189   0.000    0.536      0.003    0.003    3751.0    6692.0   1.00
at_least_one_positive_image_by_area[614]   0.163  0.202   0.000    0.586      0.003    0.003    3983.0    6635.0   1.00
at_least_one_positive_image_by_area[615]   0.171  0.225   0.000    0.670      0.003    0.003    3787.0    7132.0   1.00
at_least_one_positive_image_by_area[616]   0.138  0.188   0.000    0.516      0.003    0.003    4136.0    5860.0   1.00
at_least_one_positive_image_by_area[617]   0.093  0.139   0.000    0.345      0.002    0.003    3965.0    7330.0   1.00
at_least_one_positive_image_by_area[618]   0.185  0.221   0.000    0.658      0.003    0.003    4223.0    7113.0   1.00
at_least_one_positive_image_by_area[619]   0.098  0.157   0.000    0.392      0.002    0.003    4975.0    7203.0   1.00
at_least_one_positive_image_by_area[620]   0.092  0.136   0.000    0.335      0.002    0.002    4783.0    8149.0   1.00
at_least_one_positive_image_by_area[621]   0.118  0.157   0.000    0.418      0.002    0.003    3824.0    6638.0   1.00
at_least_one_positive_image_by_area[622]   0.097  0.144   0.000    0.362      0.002    0.003    3575.0    7422.0   1.00
at_least_one_positive_image_by_area[623]   0.665  0.316   0.098    1.000      0.005    0.002    4131.0    6051.0   1.00
at_least_one_positive_image_by_area[624]   0.053  0.103   0.000    0.214      0.001    0.002    4257.0    7559.0   1.00
at_least_one_positive_image_by_area[625]   0.442  0.283   0.030    0.958      0.005    0.002    3661.0    5639.0   1.00
at_least_one_positive_image_by_area[626]   0.288  0.271   0.000    0.857      0.003    0.002    4624.0    5825.0   1.00
at_least_one_positive_image_by_area[627]   0.266  0.254   0.001    0.804      0.004    0.002    3948.0    6216.0   1.00
at_least_one_positive_image_by_area[628]   0.185  0.207   0.000    0.610      0.003    0.002    3860.0    5611.0   1.00
at_least_one_positive_image_by_area[629]   0.057  0.108   0.000    0.224      0.001    0.003    3883.0    6369.0   1.00
at_least_one_positive_image_by_area[630]   0.099  0.158   0.000    0.398      0.002    0.003    3508.0    4944.0   1.00
at_least_one_positive_image_by_area[631]   0.199  0.234   0.000    0.707      0.003    0.003    4831.0    6084.0   1.00
at_least_one_positive_image_by_area[632]   0.071  0.123   0.000    0.274      0.002    0.003    2959.0    6467.0   1.00
at_least_one_positive_image_by_area[633]   0.095  0.149   0.000    0.372      0.002    0.003    3108.0    6288.0   1.00
at_least_one_positive_image_by_area[634]   0.053  0.116   0.000    0.210      0.002    0.004    3902.0    7206.0   1.00
at_least_one_positive_image_by_area[635]   0.096  0.155   0.000    0.382      0.002    0.003    4226.0    6545.0   1.00
at_least_one_positive_image_by_area[636]   0.067  0.118   0.000    0.263      0.002    0.003    3874.0    8338.0   1.00
at_least_one_positive_image_by_area[637]   0.027  0.068   0.000    0.102      0.001    0.003    3971.0    6982.0   1.00
at_least_one_positive_image_by_area[638]   0.068  0.104   0.000    0.241      0.002    0.002    2900.0    5948.0   1.00
at_least_one_positive_image_by_area[639]   0.010  0.034   0.000    0.036      0.000    0.002    3458.0    4982.0   1.00
at_least_one_positive_image_by_area[640]   0.075  0.116   0.000    0.270      0.002    0.002    3265.0    6611.0   1.00
at_least_one_positive_image_by_area[641]   1.000  0.000   1.000    1.000      0.000      NaN   40000.0   40000.0    NaN
at_least_one_positive_image_by_area[642]   0.034  0.085   0.000    0.139      0.001    0.003    4032.0    5577.0   1.00
at_least_one_positive_image_by_area[643]   0.079  0.148   0.000    0.341      0.002    0.003    4433.0    7005.0   1.00
at_least_one_positive_image_by_area[644]   0.051  0.106   0.000    0.210      0.001    0.003    3410.0    4459.0   1.00
at_least_one_positive_image_by_area[645]   0.039  0.072   0.000    0.142      0.001    0.002    3346.0    5680.0   1.00
at_least_one_positive_image_by_area[646]   0.044  0.084   0.000    0.160      0.001    0.004    3239.0    6199.0   1.00
at_least_one_positive_image_by_area[647]   0.038  0.086   0.000    0.153      0.001    0.003    3736.0    7223.0   1.00
at_least_one_positive_image_by_area[648]   0.221  0.234   0.000    0.718      0.004    0.003    3310.0    4763.0   1.00
at_least_one_positive_image_by_area[649]   0.040  0.085   0.000    0.152      0.001    0.003    2863.0    6847.0   1.00
at_least_one_positive_image_by_area[650]   0.044  0.099   0.000    0.174      0.001    0.003    3590.0    6367.0   1.00
at_least_one_positive_image_by_area[651]   0.048  0.091   0.000    0.178      0.001    0.003    2797.0    5918.0   1.00
at_least_one_positive_image_by_area[652]   0.007  0.020   0.000    0.026      0.000    0.001    2986.0    3467.0   1.00
at_least_one_positive_image_by_area[653]   0.090  0.140   0.000    0.347      0.002    0.003    3142.0    6226.0   1.00
at_least_one_positive_image_by_area[654]   0.170  0.200   0.000    0.590      0.003    0.003    3723.0    7463.0   1.00
at_least_one_positive_image_by_area[655]   0.145  0.177   0.000    0.497      0.003    0.003    3699.0    4882.0   1.00
at_least_one_positive_image_by_area[656]   0.070  0.123   0.000    0.280      0.002    0.003    4732.0    6904.0   1.00
at_least_one_positive_image_by_area[657]   0.079  0.132   0.000    0.314      0.002    0.003    3384.0    5646.0   1.00
at_least_one_positive_image_by_area[658]   0.096  0.145   0.000    0.364      0.002    0.003    3114.0    3831.0   1.00
at_least_one_positive_image_by_area[659]   0.148  0.198   0.000    0.552      0.003    0.003    4076.0    7157.0   1.00
at_least_one_positive_image_by_area[660]   0.088  0.138   0.000    0.342      0.002    0.003    3794.0    5834.0   1.00
at_least_one_positive_image_by_area[661]   0.281  0.262   0.001    0.834      0.004    0.002    3586.0    7629.0   1.00
at_least_one_positive_image_by_area[662]   0.247  0.256   0.000    0.792      0.004    0.002    4146.0    8028.0   1.00
at_least_one_positive_image_by_area[663]   0.259  0.263   0.000    0.817      0.004    0.002    4865.0    9115.0   1.00
at_least_one_positive_image_by_area[664]   0.391  0.308   0.001    0.957      0.004    0.002    5881.0    8301.0   1.00
at_least_one_positive_image_by_area[665]   0.026  0.061   0.000    0.096      0.001    0.003    3976.0    7904.0   1.00
at_least_one_positive_image_by_area[666]   0.023  0.053   0.000    0.082      0.001    0.002    3616.0    7518.0   1.00
at_least_one_positive_image_by_area[667]   0.125  0.184   0.000    0.497      0.002    0.002    5595.0    8819.0   1.00
at_least_one_positive_image_by_area[668]   0.036  0.076   0.000    0.138      0.001    0.002    3701.0    7427.0   1.00
at_least_one_positive_image_by_area[669]   0.043  0.084   0.000    0.164      0.001    0.002    3619.0    7129.0   1.00
at_least_one_positive_image_by_area[670]   0.244  0.245   0.000    0.757      0.003    0.002    5674.0    9620.0   1.00
at_least_one_positive_image_by_area[671]   0.199  0.247   0.000    0.745      0.003    0.002    5665.0    9600.0   1.00
at_least_one_positive_image_by_area[672]   0.148  0.182   0.000    0.509      0.002    0.003    5519.0    9594.0   1.00
at_least_one_positive_image_by_area[673]   0.328  0.295   0.000    0.919      0.004    0.002    5663.0    9457.0   1.00
at_least_one_positive_image_by_area[674]   0.307  0.275   0.001    0.866      0.004    0.002    4671.0    7837.0   1.00
at_least_one_positive_image_by_area[675]   0.391  0.298   0.002    0.945      0.004    0.002    6150.0    8773.0   1.00
at_least_one_positive_image_by_area[676]   0.584  0.296   0.116    1.000      0.004    0.001    5670.0    7641.0   1.00
at_least_one_positive_image_by_area[677]   1.000  0.000   1.000    1.000      0.000      NaN   40000.0   40000.0    NaN
at_least_one_positive_image_by_area[678]   0.020  0.048   0.000    0.072      0.001    0.002    3680.0    7753.0   1.00
at_least_one_positive_image_by_area[679]   0.034  0.063   0.000    0.124      0.001    0.002    3422.0    7174.0   1.00
at_least_one_positive_image_by_area[680]   0.391  0.326   0.001    0.980      0.004    0.002    6414.0    7125.0   1.00
at_least_one_positive_image_by_area[681]   0.050  0.096   0.000    0.192      0.001    0.003    3118.0    6079.0   1.00
at_least_one_positive_image_by_area[682]   0.089  0.147   0.000    0.352      0.002    0.003    3270.0    7011.0   1.00
at_least_one_positive_image_by_area[683]   0.321  0.271   0.002    0.870      0.003    0.002    6387.0    8803.0   1.00
at_least_one_positive_image_by_area[684]   0.541  0.333   0.048    1.000      0.004    0.001    7587.0    8071.0   1.00
at_least_one_positive_image_by_area[685]   0.102  0.157   0.000    0.398      0.002    0.003    4338.0    8367.0   1.00
at_least_one_positive_image_by_area[686]   0.032  0.070   0.000    0.119      0.001    0.003    3959.0    7838.0   1.00
at_least_one_positive_image_by_area[687]   0.018  0.047   0.000    0.066      0.001    0.003    3743.0    6899.0   1.00
at_least_one_positive_image_by_area[688]   0.227  0.264   0.000    0.806      0.003    0.002    4919.0    8212.0   1.00
at_least_one_positive_image_by_area[689]   0.516  0.328   0.057    1.000      0.005    0.001    3951.0    7187.0   1.00
at_least_one_positive_image_by_area[690]   0.481  0.320   0.050    1.000      0.005    0.001    4510.0    6584.0   1.00
at_least_one_positive_image_by_area[691]   0.055  0.109   0.000    0.226      0.001    0.003    5126.0    9239.0   1.00
at_least_one_positive_image_by_area[692]   0.073  0.128   0.000    0.284      0.002    0.004    4012.0    6426.0   1.00
at_least_one_positive_image_by_area[693]   0.047  0.098   0.000    0.181      0.001    0.003    4439.0    7434.0   1.00
at_least_one_positive_image_by_area[694]   0.063  0.123   0.000    0.259      0.002    0.003    3807.0    6546.0   1.00
at_least_one_positive_image_by_area[695]   0.060  0.127   0.000    0.258      0.002    0.003    3424.0    6601.0   1.00
at_least_one_positive_image_by_area[696]   0.101  0.171   0.000    0.433      0.002    0.003    4186.0    6704.0   1.00
at_least_one_positive_image_by_area[697]   0.081  0.125   0.000    0.296      0.002    0.002    3684.0    7066.0   1.00
at_least_one_positive_image_by_area[698]   0.114  0.157   0.000    0.415      0.002    0.003    3935.0    6395.0   1.00
at_least_one_positive_image_by_area[699]   0.032  0.067   0.000    0.119      0.001    0.002    3598.0    6421.0   1.00
at_least_one_positive_image_by_area[700]   0.119  0.169   0.000    0.449      0.002    0.003    4268.0    5894.0   1.00
at_least_one_positive_image_by_area[701]   0.036  0.081   0.000    0.143      0.001    0.003    4483.0    8679.0   1.00
at_least_one_positive_image_by_area[702]   0.264  0.255   0.001    0.802      0.003    0.002    5739.0    7574.0   1.00
at_least_one_positive_image_by_area[703]   0.058  0.096   0.000    0.207      0.001    0.002    4121.0    7414.0   1.00
at_least_one_positive_image_by_area[704]   0.024  0.056   0.000    0.089      0.001    0.002    4305.0    7364.0   1.00
at_least_one_positive_image_by_area[705]   0.050  0.100   0.000    0.201      0.001    0.003    4222.0    7843.0   1.00
at_least_one_positive_image_by_area[706]   0.237  0.247   0.000    0.767      0.003    0.002    4716.0    7300.0   1.00
at_least_one_positive_image_by_area[707]   0.098  0.145   0.000    0.361      0.002    0.003    4653.0    7511.0   1.00
at_least_one_positive_image_by_area[708]   0.187  0.204   0.000    0.610      0.003    0.003    5142.0    8482.0   1.00
at_least_one_positive_image_by_area[709]   0.147  0.186   0.000    0.519      0.002    0.003    4865.0    8379.0   1.00
at_least_one_positive_image_by_area[710]   0.237  0.252   0.000    0.774      0.003    0.002    5320.0    7911.0   1.00
at_least_one_positive_image_by_area[711]   0.294  0.302   0.000    0.923      0.004    0.002    5386.0    8388.0   1.00
at_least_one_positive_image_by_area[712]   0.322  0.283   0.001    0.896      0.004    0.002    4744.0    7789.0   1.00
at_least_one_positive_image_by_area[713]   0.152  0.206   0.000    0.585      0.003    0.003    5510.0    7596.0   1.00
at_least_one_positive_image_by_area[714]   0.178  0.228   0.000    0.672      0.003    0.003    5521.0    8062.0   1.00
at_least_one_positive_image_by_area[715]   0.113  0.168   0.000    0.436      0.002    0.003    5410.0    8670.0   1.00
at_least_one_positive_image_by_area[716]   0.044  0.085   0.000    0.167      0.001    0.002    5465.0    7625.0   1.00
at_least_one_positive_image_by_area[717]   0.371  0.319   0.001    0.970      0.004    0.002    5243.0    7876.0   1.00
at_least_one_positive_image_by_area[718]   0.508  0.324   0.056    1.000      0.004    0.001    6177.0    8019.0   1.00
at_least_one_positive_image_by_area[719]   0.140  0.203   0.000    0.570      0.002    0.003    6655.0    8727.0   1.00
at_least_one_positive_image_by_area[720]   0.136  0.179   0.000    0.494      0.003    0.003    3585.0    6831.0   1.00
at_least_one_positive_image_by_area[721]   0.153  0.186   0.000    0.526      0.002    0.003    4733.0    6995.0   1.00
at_least_one_positive_image_by_area[722]   0.114  0.193   0.000    0.499      0.002    0.003    5826.0    8811.0   1.00
at_least_one_positive_image_by_area[723]   0.270  0.267   0.000    0.832      0.003    0.002    5595.0    8086.0   1.00
at_least_one_positive_image_by_area[724]   0.532  0.304   0.086    1.000      0.004    0.001    6012.0    8055.0   1.00
at_least_one_positive_image_by_area[725]   0.294  0.268   0.000    0.846      0.003    0.002    5283.0    7328.0   1.00
at_least_one_positive_image_by_area[726]   0.591  0.284   0.139    1.000      0.004    0.001    5145.0    7231.0   1.00
at_least_one_positive_image_by_area[727]   0.214  0.241   0.000    0.731      0.003    0.002    6158.0    9396.0   1.00
at_least_one_positive_image_by_area[728]   0.403  0.302   0.007    0.961      0.004    0.002    4488.0    7787.0   1.00
at_least_one_positive_image_by_area[729]   0.072  0.134   0.000    0.296      0.002    0.004    4248.0    7532.0   1.00
at_least_one_positive_image_by_area[730]   0.216  0.251   0.000    0.774      0.003    0.003    6870.0    9161.0   1.00
at_least_one_positive_image_by_area[731]   0.106  0.165   0.000    0.431      0.002    0.003    4898.0    7474.0   1.00
at_least_one_positive_image_by_area[732]   0.129  0.191   0.000    0.521      0.003    0.003    4760.0    7837.0   1.00
at_least_one_positive_image_by_area[733]   0.056  0.113   0.000    0.221      0.002    0.004    3396.0    7033.0   1.00
at_least_one_positive_image_by_area[734]   0.034  0.066   0.000    0.123      0.001    0.003    2898.0    5843.0   1.00
at_least_one_positive_image_by_area[735]   1.000  0.000   1.000    1.000      0.000      NaN   40000.0   40000.0    NaN
at_least_one_positive_image_by_area[736]   0.142  0.179   0.000    0.499      0.003    0.003    3371.0    6413.0   1.00
at_least_one_positive_image_by_area[737]   0.818  0.255   0.260    1.000      0.004    0.003    5258.0    5854.0   1.00
at_least_one_positive_image_by_area[738]   0.604  0.296   0.122    1.000      0.004    0.002    5223.0    6653.0   1.00
at_least_one_positive_image_by_area[739]   0.186  0.221   0.000    0.657      0.003    0.003    5080.0    8169.0   1.00
at_least_one_positive_image_by_area[740]   0.291  0.272   0.000    0.855      0.004    0.002    4608.0    7908.0   1.00
at_least_one_positive_image_by_area[741]   0.410  0.302   0.003    0.954      0.004    0.002    5749.0    6669.0   1.00
at_least_one_positive_image_by_area[742]   0.172  0.276   0.000    0.851      0.004    0.003    1640.0    1786.0   1.00
at_least_one_positive_image_by_area[743]   0.438  0.414   0.000    1.000      0.009    0.001    1673.0    1863.0   1.00
at_least_one_positive_image_by_area[744]   0.130  0.252   0.000    0.765      0.003    0.003    1739.0    1880.0   1.00
at_least_one_positive_image_by_area[745]   0.759  0.319   0.072    1.000      0.005    0.004    5264.0    4557.0   1.00
at_least_one_positive_image_by_area[746]   0.047  0.146   0.000    0.236      0.002    0.003    1953.0    2206.0   1.00
at_least_one_positive_image_by_area[747]   0.061  0.167   0.000    0.339      0.002    0.003    2332.0    2990.0   1.00
at_least_one_positive_image_by_area[748]   0.050  0.142   0.000    0.251      0.002    0.003    2919.0    4220.0   1.00
at_least_one_positive_image_by_area[749]   0.344  0.344   0.000    0.984      0.005    0.002    3992.0    4025.0   1.00
at_least_one_positive_image_by_area[750]   0.752  0.274   0.208    1.000      0.004    0.002    5626.0    7210.0   1.00
at_least_one_positive_image_by_area[751]   0.149  0.197   0.000    0.556      0.002    0.003    5367.0    7160.0   1.00
at_least_one_positive_image_by_area[752]   1.000  0.000   1.000    1.000      0.000      NaN   40000.0   40000.0    NaN
at_least_one_positive_image_by_area[753]   0.414  0.325   0.024    1.000      0.004    0.002    6125.0    7535.0   1.00
at_least_one_positive_image_by_area[754]   0.131  0.189   0.000    0.522      0.002    0.003    5993.0    8084.0   1.00
at_least_one_positive_image_by_area[755]   0.237  0.273   0.000    0.844      0.003    0.003    5893.0    7742.0   1.00
at_least_one_positive_image_by_area[756]   0.513  0.329   0.047    1.000      0.004    0.001    6433.0    8366.0   1.00
at_least_one_positive_image_by_area[757]   0.371  0.299   0.001    0.935      0.004    0.002    5476.0    7190.0   1.00
at_least_one_positive_image_by_area[758]   0.204  0.236   0.000    0.715      0.003    0.003    5153.0    7091.0   1.00
at_least_one_positive_image_by_area[759]   0.387  0.331   0.000    0.981      0.004    0.002    7542.0    8272.0   1.00
at_least_one_positive_image_by_area[760]   0.775  0.270   0.221    1.000      0.004    0.003    5184.0    8005.0   1.00
at_least_one_positive_image_by_area[761]   0.461  0.307   0.054    1.000      0.004    0.001    5311.0    8135.0   1.00
at_least_one_positive_image_by_area[762]   0.675  0.291   0.156    1.000      0.004    0.002    7179.0    9407.0   1.00
at_least_one_positive_image_by_area[763]   0.230  0.280   0.000    0.857      0.003    0.002    5902.0    6674.0   1.00
at_least_one_positive_image_by_area[764]   0.158  0.217   0.000    0.632      0.003    0.003    4816.0    4995.0   1.00
at_least_one_positive_image_by_area[765]   0.317  0.308   0.000    0.941      0.004    0.002    5586.0    7545.0   1.00
at_least_one_positive_image_by_area[766]   0.200  0.243   0.000    0.731      0.003    0.003    4442.0    8329.0   1.00
at_least_one_positive_image_by_area[767]   0.280  0.255   0.001    0.811      0.004    0.002    4445.0    6800.0   1.00
at_least_one_positive_image_by_area[768]   0.083  0.126   0.000    0.303      0.002    0.003    3363.0    7520.0   1.00
at_least_one_positive_image_by_area[769]   0.037  0.075   0.000    0.138      0.001    0.002    3013.0    6697.0   1.00
at_least_one_positive_image_by_area[770]   0.061  0.103   0.000    0.222      0.001    0.002    3537.0    6105.0   1.00
at_least_one_positive_image_by_area[771]   0.422  0.301   0.005    0.959      0.004    0.002    4468.0    5678.0   1.00
at_least_one_positive_image_by_area[772]   0.035  0.074   0.000    0.140      0.001    0.002    4060.0    6466.0   1.00
at_least_one_positive_image_by_area[773]   0.062  0.115   0.000    0.245      0.002    0.003    3125.0    5492.0   1.00
at_least_one_positive_image_by_area[774]   0.049  0.100   0.000    0.197      0.001    0.003    2899.0    5433.0   1.00
at_least_one_positive_image_by_area[775]   0.080  0.134   0.000    0.307      0.002    0.003    3159.0    5462.0   1.00
at_least_one_positive_image_by_area[776]   0.029  0.065   0.000    0.105      0.001    0.003    3149.0    6312.0   1.00
at_least_one_positive_image_by_area[777]   0.025  0.067   0.000    0.097      0.001    0.003    3568.0    6907.0   1.00
at_least_one_positive_image_by_area[778]   0.042  0.107   0.000    0.174      0.001    0.003    3804.0    7462.0   1.00
at_least_one_positive_image_by_area[779]   0.029  0.072   0.000    0.110      0.001    0.004    2976.0    5666.0   1.00
at_least_one_positive_image_by_area[780]   0.038  0.078   0.000    0.143      0.001    0.002    3064.0    6311.0   1.00
at_least_one_positive_image_by_area[781]   0.171  0.248   0.000    0.744      0.004    0.003    2903.0    6638.0   1.00
at_least_one_positive_image_by_area[782]   0.119  0.169   0.000    0.448      0.002    0.003    4014.0    6779.0   1.00
at_least_one_positive_image_by_area[783]   0.118  0.174   0.000    0.468      0.003    0.003    2944.0    5972.0   1.00
at_least_one_positive_image_by_area[784]   0.045  0.086   0.000    0.168      0.001    0.003    2847.0    6915.0   1.00
at_least_one_positive_image_by_area[785]   0.058  0.099   0.000    0.213      0.001    0.002    2979.0    4635.0   1.00
at_least_one_positive_image_by_area[786]   0.045  0.089   0.000    0.173      0.001    0.003    3398.0    5568.0   1.00
at_least_one_positive_image_by_area[787]   0.084  0.134   0.000    0.324      0.002    0.003    2842.0    4484.0   1.00
at_least_one_positive_image_by_area[788]   0.256  0.252   0.000    0.788      0.004    0.002    3404.0    7518.0   1.00
at_least_one_positive_image_by_area[789]   0.036  0.073   0.000    0.130      0.001    0.003    3306.0    6751.0   1.00
at_least_one_positive_image_by_area[790]   0.033  0.077   0.000    0.127      0.001    0.002    3566.0    5011.0   1.00
at_least_one_positive_image_by_area[791]   0.077  0.141   0.000    0.321      0.002    0.003    4416.0    6231.0   1.00
at_least_one_positive_image_by_area[792]   0.233  0.248   0.000    0.773      0.004    0.003    4368.0    6948.0   1.00
at_least_one_positive_image_by_area[793]   0.096  0.145   0.000    0.361      0.002    0.003    4113.0    7389.0   1.00
at_least_one_positive_image_by_area[794]   0.032  0.068   0.000    0.112      0.001    0.003    3699.0    7311.0   1.00
at_least_one_positive_image_by_area[795]   0.235  0.244   0.000    0.755      0.003    0.002    4487.0    6980.0   1.00
at_least_one_positive_image_by_area[796]   0.214  0.238   0.000    0.726      0.003    0.003    4641.0    6691.0   1.00
at_least_one_positive_image_by_area[797]   0.742  0.269   0.220    1.000      0.004    0.002    5693.0    6960.0   1.00
at_least_one_positive_image_by_area[798]   0.277  0.278   0.000    0.876      0.004    0.002    5043.0    6778.0   1.00
at_least_one_positive_image_by_area[799]   0.295  0.285   0.000    0.886      0.003    0.002    5902.0    5900.0   1.00
at_least_one_positive_image_by_area[800]   0.391  0.308   0.002    0.956      0.004    0.002    5038.0    7241.0   1.00
at_least_one_positive_image_by_area[801]   0.198  0.221   0.000    0.669      0.003    0.002    5292.0    6683.0   1.00
at_least_one_positive_image_by_area[802]   0.227  0.235   0.000    0.718      0.003    0.002    5567.0    8663.0   1.00
at_least_one_positive_image_by_area[803]   0.234  0.249   0.000    0.763      0.003    0.002    6160.0    8610.0   1.00
at_least_one_positive_image_by_area[804]   0.335  0.274   0.003    0.879      0.004    0.002    5461.0    8395.0   1.00
at_least_one_positive_image_by_area[805]   0.116  0.172   0.000    0.447      0.002    0.003    6243.0    9152.0   1.00
at_least_one_positive_image_by_area[806]   0.414  0.293   0.010    0.948      0.004    0.002    5721.0    9031.0   1.00
at_least_one_positive_image_by_area[807]   0.545  0.346   0.041    1.000      0.005    0.001    5686.0    8118.0   1.00
at_least_one_positive_image_by_area[808]   0.566  0.343   0.051    1.000      0.004    0.001    6213.0    7942.0   1.00
at_least_one_positive_image_by_area[809]   1.000  0.000   1.000    1.000      0.000      NaN   40000.0   40000.0    NaN
at_least_one_positive_image_by_area[810]   0.591  0.309   0.096    1.000      0.004    0.001    5469.0    6809.0   1.00
at_least_one_positive_image_by_area[811]   0.679  0.290   0.159    1.000      0.004    0.002    5388.0    6051.0   1.00
at_least_one_positive_image_by_area[812]   0.405  0.304   0.005    0.958      0.004    0.002    5672.0    8407.0   1.00
at_least_one_positive_image_by_area[813]   0.255  0.253   0.001    0.790      0.003    0.002    5267.0    8276.0   1.00
at_least_one_positive_image_by_area[814]   0.234  0.233   0.000    0.722      0.003    0.002    5524.0    8032.0   1.00
at_least_one_positive_image_by_area[815]   0.169  0.198   0.000    0.574      0.003    0.003    3997.0    5898.0   1.00
at_least_one_positive_image_by_area[816]   0.058  0.117   0.000    0.241      0.001    0.003    4868.0    6895.0   1.00
at_least_one_positive_image_by_area[817]   0.069  0.124   0.000    0.272      0.002    0.003    4191.0    7725.0   1.00
at_least_one_positive_image_by_area[818]   0.060  0.127   0.000    0.271      0.002    0.003    4156.0    6923.0   1.00
at_least_one_positive_image_by_area[819]   0.201  0.218   0.000    0.658      0.003    0.003    3747.0    6908.0   1.00
at_least_one_positive_image_by_area[820]   0.077  0.123   0.000    0.288      0.002    0.003    3033.0    4462.0   1.00
at_least_one_positive_image_by_area[821]   0.054  0.100   0.000    0.207      0.001    0.003    3156.0    6641.0   1.00
at_least_one_positive_image_by_area[822]   0.132  0.176   0.000    0.484      0.003    0.003    3770.0    7592.0   1.00
at_least_one_positive_image_by_area[823]   0.230  0.245   0.000    0.757      0.003    0.002    4878.0    6544.0   1.00
at_least_one_positive_image_by_area[824]   0.284  0.283   0.000    0.875      0.003    0.002    5096.0    7900.0   1.00
at_least_one_positive_image_by_area[825]   0.364  0.305   0.000    0.942      0.004    0.002    6830.0    7822.0   1.00
at_least_one_positive_image_by_area[826]   0.226  0.264   0.000    0.809      0.003    0.002    6362.0    9315.0   1.00
at_least_one_positive_image_by_area[827]   0.459  0.327   0.033    1.000      0.004    0.001    5566.0    7361.0   1.00
at_least_one_positive_image_by_area[828]   0.495  0.378   0.008    1.000      0.005    0.001    5227.0    6923.0   1.00
at_least_one_positive_image_by_area[829]   0.161  0.204   0.000    0.588      0.003    0.003    5237.0    6913.0   1.00
at_least_one_positive_image_by_area[830]   0.158  0.212   0.000    0.613      0.003    0.003    4385.0    5342.0   1.00
at_least_one_positive_image_by_area[831]   0.264  0.293   0.000    0.899      0.004    0.002    4630.0    5580.0   1.00
at_least_one_positive_image_by_area[832]   0.506  0.344   0.032    1.000      0.004    0.001    5935.0    7771.0   1.00
at_least_one_positive_image_by_area[833]   0.031  0.065   0.000    0.116      0.001    0.002    3950.0    7321.0   1.00
at_least_one_positive_image_by_area[834]   0.061  0.098   0.000    0.223      0.001    0.002    4176.0    6929.0   1.00
at_least_one_positive_image_by_area[835]   1.000  0.000   1.000    1.000      0.000      NaN   40000.0   40000.0    NaN
at_least_one_positive_image_by_area[836]   0.076  0.118   0.000    0.274      0.002    0.003    2901.0    6487.0   1.00
at_least_one_positive_image_by_area[837]   0.657  0.330   0.078    1.000      0.005    0.002    5235.0    5223.0   1.00
at_least_one_positive_image_by_area[838]   0.417  0.285   0.013    0.939      0.003    0.002    7449.0   11138.0   1.00
at_least_one_positive_image_by_area[839]   0.179  0.204   0.000    0.598      0.003    0.003    3437.0    5657.0   1.00
at_least_one_positive_image_by_area[840]   0.559  0.306   0.093    1.000      0.004    0.001    5022.0    7896.0   1.00
at_least_one_positive_image_by_area[841]   0.179  0.209   0.000    0.619      0.003    0.003    4917.0    7733.0   1.00
at_least_one_positive_image_by_area[842]   0.746  0.270   0.209    1.000      0.003    0.002    6515.0    6757.0   1.00
at_least_one_positive_image_by_area[843]   0.000  0.000   0.000    0.000      0.000      NaN   40000.0   40000.0    NaN
at_least_one_positive_image_by_area[844]   0.715  0.319   0.084    1.000      0.005    0.003    4737.0    3435.0   1.00
at_least_one_positive_image_by_area[845]   0.405  0.297   0.007    0.953      0.004    0.002    5224.0    9025.0   1.00
at_least_one_positive_image_by_area[846]   0.091  0.167   0.000    0.404      0.002    0.003    6909.0   10459.0   1.00
at_least_one_positive_image_by_area[847]   1.000  0.000   1.000    1.000      0.000      NaN   40000.0   40000.0    NaN
at_least_one_positive_image_by_area[848]   0.398  0.284   0.008    0.925      0.004    0.002    5592.0    7859.0   1.00
at_least_one_positive_image_by_area[849]   1.000  0.000   1.000    1.000      0.000      NaN   40000.0   40000.0    NaN
at_least_one_positive_image_by_area[850]   0.661  0.263   0.211    1.000      0.004    0.002    5726.0    7238.0   1.00
at_least_one_positive_image_by_area[851]   0.174  0.212   0.000    0.616      0.003    0.003    5421.0    8339.0   1.00
at_least_one_positive_image_by_area[852]   0.099  0.157   0.000    0.388      0.002    0.003    5285.0    7145.0   1.00
at_least_one_positive_image_by_area[853]   0.076  0.162   0.000    0.365      0.002    0.003    4617.0    6722.0   1.00
at_least_one_positive_image_by_area[854]   0.094  0.170   0.000    0.427      0.002    0.003    4574.0    7279.0   1.00
at_least_one_positive_image_by_area[855]   0.536  0.314   0.070    1.000      0.004    0.001    4839.0    6894.0   1.00
at_least_one_positive_image_by_area[856]   0.243  0.247   0.000    0.771      0.003    0.002    4776.0    6470.0   1.00
at_least_one_positive_image_by_area[857]   0.393  0.296   0.003    0.946      0.004    0.002    3901.0    6312.0   1.00
at_least_one_positive_image_by_area[858]   0.192  0.229   0.000    0.690      0.003    0.003    4925.0    8496.0   1.00
at_least_one_positive_image_by_area[859]   0.338  0.290   0.000    0.915      0.004    0.002    5473.0    8767.0   1.00
at_least_one_positive_image_by_area[860]   0.441  0.294   0.059    1.000      0.004    0.002    5844.0    8691.0   1.00
at_least_one_positive_image_by_area[861]   0.104  0.163   0.000    0.412      0.002    0.003    4639.0    7542.0   1.00
at_least_one_positive_image_by_area[862]   0.126  0.165   0.000    0.442      0.002    0.003    3692.0    7648.0   1.00
at_least_one_positive_image_by_area[863]   0.028  0.062   0.000    0.101      0.001    0.003    3031.0    5814.0   1.00
at_least_one_positive_image_by_area[864]   0.055  0.107   0.000    0.219      0.002    0.003    3194.0    5735.0   1.00
at_least_one_positive_image_by_area[865]   0.136  0.158   0.001    0.444      0.002    0.003    4102.0    7336.0   1.00
at_least_one_positive_image_by_area[866]   0.392  0.302   0.003    0.950      0.004    0.002    5341.0    7803.0   1.00
at_least_one_positive_image_by_area[867]   0.155  0.186   0.000    0.529      0.003    0.003    4011.0    6730.0   1.00
at_least_one_positive_image_by_area[868]   0.141  0.201   0.000    0.562      0.003    0.003    5319.0    9050.0   1.00
at_least_one_positive_image_by_area[869]   0.100  0.155   0.000    0.393      0.002    0.003    5076.0    8559.0   1.00
at_least_one_positive_image_by_area[870]   0.157  0.250   0.000    0.753      0.003    0.003    5085.0    5432.0   1.00
at_least_one_positive_image_by_area[871]   0.239  0.247   0.000    0.764      0.003    0.002    5639.0    6863.0   1.00
at_least_one_positive_image_by_area[872]   1.000  0.000   1.000    1.000      0.000      NaN   40000.0   40000.0    NaN
at_least_one_positive_image_by_area[873]   0.064  0.114   0.000    0.251      0.001    0.002    4955.0    8156.0   1.00
at_least_one_positive_image_by_area[874]   0.245  0.243   0.000    0.752      0.003    0.002    4038.0    5034.0   1.00
at_least_one_positive_image_by_area[875]   0.382  0.297   0.003    0.941      0.004    0.002    4591.0    8290.0   1.00
at_least_one_positive_image_by_area[876]   0.306  0.274   0.000    0.866      0.003    0.002    6195.0    7655.0   1.00
at_least_one_positive_image_by_area[877]   0.152  0.181   0.000    0.520      0.002    0.002    5578.0    9078.0   1.00
at_least_one_positive_image_by_area[878]   0.197  0.221   0.000    0.656      0.003    0.003    4781.0    8521.0   1.00
at_least_one_positive_image_by_area[879]   0.044  0.093   0.000    0.173      0.001    0.003    4285.0    6024.0   1.00
at_least_one_positive_image_by_area[880]   0.095  0.158   0.000    0.395      0.002    0.003    3188.0    5908.0   1.00
at_least_one_positive_image_by_area[881]   0.197  0.203   0.001    0.613      0.003    0.002    5672.0    7028.0   1.00
at_least_one_positive_image_by_area[882]   0.205  0.200   0.001    0.611      0.003    0.002    5117.0    9065.0   1.00
at_least_one_positive_image_by_area[883]   0.179  0.209   0.000    0.614      0.003    0.003    3658.0    5860.0   1.00
at_least_one_positive_image_by_area[884]   0.153  0.193   0.000    0.551      0.003    0.003    4386.0    5909.0   1.00
at_least_one_positive_image_by_area[885]   0.238  0.242   0.000    0.747      0.003    0.002    5775.0    7674.0   1.00
at_least_one_positive_image_by_area[886]   1.000  0.000   1.000    1.000      0.000      NaN   40000.0   40000.0    NaN
at_least_one_positive_image_by_area[887]   0.042  0.085   0.000    0.161      0.001    0.003    3555.0    6098.0   1.00
at_least_one_positive_image_by_area[888]   0.459  0.318   0.048    1.000      0.005    0.002    3376.0    5820.0   1.00
at_least_one_positive_image_by_area[889]   0.284  0.267   0.001    0.846      0.005    0.003    3158.0    6057.0   1.00
at_least_one_positive_image_by_area[890]   0.082  0.141   0.000    0.334      0.002    0.003    4688.0    7356.0   1.00
at_least_one_positive_image_by_area[891]   0.302  0.296   0.000    0.920      0.003    0.002    5311.0    7127.0   1.00
at_least_one_positive_image_by_area[892]   0.194  0.213   0.000    0.639      0.003    0.002    4923.0    8683.0   1.00
at_least_one_positive_image_by_area[893]   0.046  0.089   0.000    0.176      0.001    0.002    5813.0    8269.0   1.00
at_least_one_positive_image_by_area[894]   0.265  0.254   0.000    0.796      0.003    0.002    5267.0    8004.0   1.00
at_least_one_positive_image_by_area[895]   0.746  0.295   0.156    1.000      0.005    0.003    4242.0    5964.0   1.00
at_least_one_positive_image_by_area[896]   0.344  0.365   0.006    1.000      0.006    0.002    3025.0    6330.0   1.00
at_least_one_positive_image_by_area[897]   0.107  0.150   0.000    0.390      0.002    0.003    2875.0    4012.0   1.00
at_least_one_positive_image_by_area[898]   0.079  0.131   0.000    0.298      0.002    0.003    3491.0    6667.0   1.00
at_least_one_positive_image_by_area[899]   0.691  0.275   0.194    1.000      0.004    0.002    5611.0    7926.0   1.00
at_least_one_positive_image_by_area[900]   0.013  0.032   0.000    0.049      0.000    0.001    3238.0    6622.0   1.00
at_least_one_positive_image_by_area[901]   0.022  0.055   0.000    0.078      0.001    0.003    2948.0    4781.0   1.00
at_least_one_positive_image_by_area[902]   0.065  0.114   0.000    0.248      0.002    0.004    3154.0    4372.0   1.00
at_least_one_positive_image_by_area[903]   0.118  0.154   0.000    0.415      0.002    0.003    4661.0    7574.0   1.00
at_least_one_positive_image_by_area[904]   0.058  0.110   0.000    0.231      0.001    0.003    4862.0    7922.0   1.00
at_least_one_positive_image_by_area[905]   0.286  0.300   0.000    0.913      0.004    0.002    5877.0    8241.0   1.00
at_least_one_positive_image_by_area[906]   0.097  0.146   0.000    0.370      0.002    0.003    3839.0    6163.0   1.00
at_least_one_positive_image_by_area[907]   0.135  0.178   0.000    0.492      0.002    0.003    4691.0    7516.0   1.00
at_least_one_positive_image_by_area[908]   0.080  0.129   0.000    0.304      0.002    0.003    4498.0    7955.0   1.00
at_least_one_positive_image_by_area[909]   0.358  0.275   0.004    0.890      0.004    0.002    4360.0    7546.0   1.00
at_least_one_positive_image_by_area[910]   0.169  0.198   0.000    0.582      0.003    0.002    4945.0    6610.0   1.00
at_least_one_positive_image_by_area[911]   0.396  0.276   0.011    0.912      0.004    0.002    3869.0    7754.0   1.00
at_least_one_positive_image_by_area[912]   0.151  0.189   0.000    0.538      0.003    0.003    4029.0    7213.0   1.00
at_least_one_positive_image_by_area[913]   0.310  0.295   0.000    0.918      0.004    0.002    6054.0    7908.0   1.00
at_least_one_positive_image_by_area[914]   0.056  0.101   0.000    0.214      0.001    0.003    2662.0    5781.0   1.00
at_least_one_positive_image_by_area[915]   0.121  0.166   0.000    0.447      0.003    0.003    3219.0    6719.0   1.00
at_least_one_positive_image_by_area[916]   0.156  0.198   0.000    0.571      0.003    0.003    4400.0    5768.0   1.00
at_least_one_positive_image_by_area[917]   0.257  0.246   0.001    0.778      0.003    0.002    5411.0    8776.0   1.00
at_least_one_positive_image_by_area[918]   0.482  0.317   0.052    1.000      0.004    0.001    4692.0    7757.0   1.00
at_least_one_positive_image_by_area[919]   0.780  0.241   0.300    1.000      0.003    0.002    5883.0    8715.0   1.00
at_least_one_positive_image_by_area[920]   0.227  0.242   0.000    0.744      0.003    0.002    4757.0    7215.0   1.00
at_least_one_positive_image_by_area[921]   1.000  0.001   1.000    1.000      0.000    0.000    5120.0    7567.0   1.00
at_least_one_positive_image_by_area[922]   0.406  0.329   0.000    0.979      0.004    0.002    4999.0    7388.0   1.00
at_least_one_positive_image_by_area[923]   0.107  0.174   0.000    0.454      0.002    0.003    4301.0    5819.0   1.00
at_least_one_positive_image_by_area[924]   0.319  0.292   0.000    0.909      0.004    0.002    4189.0    7373.0   1.00
at_least_one_positive_image_by_area[925]   0.094  0.137   0.000    0.343      0.002    0.003    3657.0    6007.0   1.00
at_least_one_positive_image_by_area[926]   0.403  0.326   0.000    0.976      0.004    0.002    5066.0    6838.0   1.00
at_least_one_positive_image_by_area[927]   0.397  0.304   0.003    0.954      0.004    0.002    5627.0    8320.0   1.00
at_least_one_positive_image_by_area[928]   0.296  0.273   0.001    0.858      0.004    0.002    4317.0    8668.0   1.00
at_least_one_positive_image_by_area[929]   0.054  0.106   0.000    0.214      0.001    0.003    3371.0    6943.0   1.00
at_least_one_positive_image_by_area[930]   0.049  0.077   0.000    0.168      0.001    0.002    2882.0    6254.0   1.00
at_least_one_positive_image_by_area[931]   0.128  0.159   0.000    0.431      0.003    0.003    3061.0    6210.0   1.00
at_least_one_positive_image_by_area[932]   0.099  0.153   0.000    0.379      0.002    0.003    3196.0    5489.0   1.00
at_least_one_positive_image_by_area[933]   0.113  0.166   0.000    0.433      0.003    0.003    3389.0    6105.0   1.00
at_least_one_positive_image_by_area[934]   0.062  0.109   0.000    0.232      0.002    0.003    3034.0    6978.0   1.00
at_least_one_positive_image_by_area[935]   0.088  0.144   0.000    0.344      0.002    0.003    3252.0    5071.0   1.00
at_least_one_positive_image_by_area[936]   0.234  0.236   0.000    0.734      0.003    0.002    3905.0    5954.0   1.00
at_least_one_positive_image_by_area[937]   1.000  0.000   1.000    1.000      0.000      NaN   40000.0   40000.0    NaN
at_least_one_positive_image_by_area[938]   0.377  0.329   0.000    0.974      0.005    0.002    3720.0    6859.0   1.00
at_least_one_positive_image_by_area[939]   0.114  0.150   0.000    0.397      0.002    0.002    4353.0    7510.0   1.00
at_least_one_positive_image_by_area[940]   0.167  0.192   0.000    0.558      0.003    0.003    5169.0    8710.0   1.00
at_least_one_positive_image_by_area[941]   0.015  0.039   0.000    0.053      0.000    0.002    3990.0    7667.0   1.00
at_least_one_positive_image_by_area[942]   0.093  0.145   0.000    0.354      0.002    0.003    3956.0    7156.0   1.00
at_least_one_positive_image_by_area[943]   0.041  0.085   0.000    0.159      0.001    0.003    3347.0    6738.0   1.00
at_least_one_positive_image_by_area[944]   0.018  0.050   0.000    0.066      0.001    0.002    3168.0    6593.0   1.00
at_least_one_positive_image_by_area[945]   1.000  0.000   1.000    1.000      0.000      NaN   40000.0   40000.0    NaN
at_least_one_positive_image_by_area[946]   0.282  0.278   0.000    0.869      0.003    0.002    5717.0    7251.0   1.00
at_least_one_positive_image_by_area[947]   0.387  0.299   0.002    0.945      0.004    0.002    6188.0    7315.0   1.00
at_least_one_positive_image_by_area[948]   0.144  0.201   0.000    0.568      0.003    0.003    4517.0    6970.0   1.00
at_least_one_positive_image_by_area[949]   1.000  0.000   1.000    1.000      0.000      NaN   40000.0   40000.0    NaN
at_least_one_positive_image_by_area[950]   0.276  0.274   0.000    0.855      0.003    0.002    6087.0    7792.0   1.00
at_least_one_positive_image_by_area[951]   0.189  0.230   0.000    0.691      0.003    0.002    6274.0    9045.0   1.00
at_least_one_positive_image_by_area[952]   0.160  0.209   0.000    0.600      0.003    0.003    4869.0    7202.0   1.00
at_least_one_positive_image_by_area[953]   0.254  0.254   0.000    0.793      0.004    0.002    4528.0    8434.0   1.00
at_least_one_positive_image_by_area[954]   0.240  0.243   0.000    0.754      0.003    0.002    4430.0    8439.0   1.00
at_least_one_positive_image_by_area[955]   0.222  0.235   0.000    0.720      0.003    0.002    4571.0    7321.0   1.00
at_least_one_positive_image_by_area[956]   0.076  0.133   0.000    0.304      0.002    0.003    3497.0    5178.0   1.00
at_least_one_positive_image_by_area[957]   0.122  0.153   0.000    0.413      0.002    0.003    4296.0    8210.0   1.00
at_least_one_positive_image_by_area[958]   0.143  0.188   0.000    0.525      0.003    0.003    4451.0    8586.0   1.00
at_least_one_positive_image_by_area[959]   1.000  0.000   1.000    1.000      0.000      NaN   40000.0   40000.0    NaN
at_least_one_positive_image_by_area[960]   0.152  0.174   0.001    0.486      0.002    0.002    6105.0    8688.0   1.00
at_least_one_positive_image_by_area[961]   0.042  0.084   0.000    0.157      0.001    0.003    3108.0    5498.0   1.00
at_least_one_positive_image_by_area[962]   1.000  0.000   1.000    1.000      0.000      NaN   40000.0   40000.0    NaN
at_least_one_positive_image_by_area[963]   0.573  0.300   0.104    1.000      0.004    0.001    6854.0    7110.0   1.00
at_least_one_positive_image_by_area[964]   0.787  0.260   0.244    1.000      0.003    0.003    6677.0    7634.0   1.00
at_least_one_positive_image_by_area[965]   0.064  0.100   0.000    0.224      0.001    0.003    3703.0    8059.0   1.00
at_least_one_positive_image_by_area[966]   0.077  0.116   0.000    0.272      0.002    0.002    3629.0    7365.0   1.00
at_least_one_positive_image_by_area[967]   0.438  0.345   0.021    1.000      0.004    0.001    5795.0    8661.0   1.00
at_least_one_positive_image_by_area[968]   1.000  0.000   1.000    1.000      0.000      NaN   40000.0   40000.0    NaN
at_least_one_positive_image_by_area[969]   0.100  0.131   0.000    0.339      0.002    0.002    4144.0    7736.0   1.00
at_least_one_positive_image_by_area[970]   0.062  0.119   0.000    0.251      0.001    0.003    5777.0    9479.0   1.00
at_least_one_positive_image_by_area[971]   0.472  0.315   0.050    1.000      0.004    0.001    5580.0    7250.0   1.00
at_least_one_positive_image_by_area[972]   0.367  0.285   0.002    0.919      0.003    0.002    6875.0   10402.0   1.00
at_least_one_positive_image_by_area[973]   0.488  0.361   0.012    1.000      0.004    0.001    6667.0    6670.0   1.00
at_least_one_positive_image_by_area[974]   0.924  0.164   0.596    1.000      0.002    0.004    5968.0    5573.0   1.00
at_least_one_positive_image_by_area[975]   0.524  0.310   0.073    1.000      0.005    0.001    4520.0    6205.0   1.00
at_least_one_positive_image_by_area[976]   0.904  0.186   0.492    1.000      0.003    0.004    6041.0    6906.0   1.00
at_least_one_positive_image_by_area[977]   0.112  0.151   0.000    0.401      0.002    0.003    5208.0    7268.0   1.00
at_least_one_positive_image_by_area[978]   0.253  0.248   0.000    0.778      0.003    0.003    5098.0    6691.0   1.00
at_least_one_positive_image_by_area[979]   0.041  0.072   0.000    0.144      0.001    0.002    4237.0    7906.0   1.00
at_least_one_positive_image_by_area[980]   0.190  0.229   0.000    0.687      0.003    0.003    4017.0    5941.0   1.00
at_least_one_positive_image_by_area[981]   0.177  0.216   0.000    0.633      0.003    0.003    4059.0    6106.0   1.00
at_least_one_positive_image_by_area[982]   0.494  0.364   0.018    1.000      0.006    0.001    3527.0    4563.0   1.00
at_least_one_positive_image_by_area[983]   0.261  0.245   0.001    0.770      0.003    0.002    5136.0    9326.0   1.00
at_least_one_positive_image_by_area[984]   0.198  0.224   0.000    0.675      0.003    0.003    4016.0    5353.0   1.00
at_least_one_positive_image_by_area[985]   0.097  0.139   0.000    0.353      0.002    0.003    3625.0    7821.0   1.00
at_least_one_positive_image_by_area[986]   0.804  0.241   0.304    1.000      0.003    0.002    5663.0    7979.0   1.00
at_least_one_positive_image_by_area[987]   0.496  0.364   0.023    1.000      0.005    0.001    6098.0    8776.0   1.00
at_least_one_positive_image_by_area[988]   0.593  0.307   0.101    1.000      0.004    0.001    6801.0    8984.0   1.00
at_least_one_positive_image_by_area[989]   0.045  0.087   0.000    0.166      0.001    0.003    3606.0    5123.0   1.00
at_least_one_positive_image_by_area[990]   0.031  0.065   0.000    0.116      0.001    0.002    3392.0    6163.0   1.00
at_least_one_positive_image_by_area[991]   0.047  0.082   0.000    0.169      0.001    0.002    3256.0    6985.0   1.00
at_least_one_positive_image_by_area[992]   0.082  0.125   0.000    0.299      0.002    0.003    3563.0    5914.0   1.00
at_least_one_positive_image_by_area[993]   0.485  0.323   0.046    1.000      0.005    0.001    4549.0    7452.0   1.00
at_least_one_positive_image_by_area[994]   0.183  0.207   0.000    0.616      0.003    0.003    4957.0    8570.0   1.00
at_least_one_positive_image_by_area[995]   0.236  0.264   0.000    0.818      0.004    0.003    4584.0    8131.0   1.00
at_least_one_positive_image_by_area[996]   0.148  0.196   0.000    0.547      0.003    0.003    3473.0    6336.0   1.00
at_least_one_positive_image_by_area[997]   0.457  0.306   0.053    1.000      0.004    0.001    6655.0    8238.0   1.00
at_least_one_positive_image_by_area[998]   0.639  0.284   0.161    1.000      0.004    0.002    5488.0    8976.0   1.00
at_least_one_positive_image_by_area[999]   0.367  0.299   0.002    0.944      0.005    0.002    3168.0    7646.0   1.00
at_least_one_positive_image_by_area[1000]  0.480  0.300   0.069    1.000      0.004    0.001    6354.0    8729.0   1.00
at_least_one_positive_image_by_area[1001]  0.259  0.245   0.001    0.765      0.003    0.002    5396.0    8520.0   1.00
at_least_one_positive_image_by_area[1002]  0.333  0.284   0.000    0.898      0.003    0.002    7077.0    9504.0   1.00
at_least_one_positive_image_by_area[1003]  0.231  0.234   0.001    0.721      0.003    0.002    6018.0    9062.0   1.00
at_least_one_positive_image_by_area[1004]  0.969  0.098   0.852    1.000      0.002    0.005    6112.0    6171.0   1.00
at_least_one_positive_image_by_area[1005]  0.633  0.320   0.092    1.000      0.004    0.002    5730.0    7901.0   1.00
at_least_one_positive_image_by_area[1006]  0.037  0.074   0.000    0.141      0.001    0.003    3881.0    6694.0   1.00
at_least_one_positive_image_by_area[1007]  0.089  0.135   0.000    0.334      0.002    0.003    3476.0    6814.0   1.00
at_least_one_positive_image_by_area[1008]  0.327  0.272   0.002    0.868      0.004    0.002    5225.0    7086.0   1.00
at_least_one_positive_image_by_area[1009]  0.498  0.312   0.060    1.000      0.004    0.001    5614.0    6208.0   1.00
at_least_one_positive_image_by_area[1010]  0.446  0.330   0.029    1.000      0.005    0.001    4715.0    5900.0   1.00
at_least_one_positive_image_by_area[1011]  0.591  0.339   0.060    1.000      0.005    0.002    4591.0    5460.0   1.00
at_least_one_positive_image_by_area[1012]  0.133  0.195   0.000    0.542      0.003    0.003    3740.0    6983.0   1.00
at_least_one_positive_image_by_area[1013]  0.544  0.299   0.098    1.000      0.005    0.001    4212.0    7020.0   1.00
at_least_one_positive_image_by_area[1014]  0.157  0.207   0.000    0.596      0.002    0.003    6519.0    9343.0   1.00
at_least_one_positive_image_by_area[1015]  0.172  0.212   0.000    0.622      0.003    0.003    5368.0    9222.0   1.00
at_least_one_positive_image_by_area[1016]  0.048  0.081   0.000    0.171      0.001    0.002    2743.0    4878.0   1.00
at_least_one_positive_image_by_area[1017]  0.093  0.135   0.000    0.345      0.002    0.002    3099.0    6885.0   1.00
at_least_one_positive_image_by_area[1018]  0.004  0.012   0.000    0.013      0.000    0.001    3645.0    7222.0   1.00
at_least_one_positive_image_by_area[1019]  0.087  0.151   0.000    0.361      0.002    0.003    4675.0    6605.0   1.00
at_least_one_positive_image_by_area[1020]  0.530  0.294   0.099    1.000      0.004    0.001    4227.0    7130.0   1.00
at_least_one_positive_image_by_area[1021]  0.151  0.196   0.000    0.555      0.003    0.004    4068.0    5825.0   1.00
at_least_one_positive_image_by_area[1022]  0.136  0.182   0.000    0.497      0.003    0.003    3824.0    7930.0   1.00
at_least_one_positive_image_by_area[1023]  0.290  0.265   0.000    0.838      0.004    0.002    4143.0    5553.0   1.00
at_least_one_positive_image_by_area[1024]  0.597  0.301   0.111    1.000      0.004    0.002    5345.0    7458.0   1.00
at_least_one_positive_image_by_area[1025]  0.139  0.189   0.000    0.522      0.003    0.003    4422.0    7835.0   1.00
at_least_one_positive_image_by_area[1026]  0.313  0.266   0.002    0.851      0.004    0.002    2930.0    4004.0   1.00
at_least_one_positive_image_by_area[1027]  0.028  0.050   0.000    0.096      0.001    0.002    2961.0    4907.0   1.00
at_least_one_positive_image_by_area[1028]  0.157  0.171   0.001    0.495      0.003    0.003    3317.0    6416.0   1.00
at_least_one_positive_image_by_area[1029]  0.023  0.051   0.000    0.080      0.001    0.002    3559.0    7143.0   1.00
at_least_one_positive_image_by_area[1030]  0.028  0.061   0.000    0.104      0.001    0.002    4224.0    8383.0   1.00
at_least_one_positive_image_by_area[1031]  0.060  0.096   0.000    0.211      0.001    0.002    2800.0    6016.0   1.00
at_least_one_positive_image_by_area[1032]  0.305  0.268   0.002    0.861      0.005    0.002    2913.0    5567.0   1.00
at_least_one_positive_image_by_area[1033]  1.000  0.000   1.000    1.000      0.000      NaN   40000.0   40000.0    NaN
at_least_one_positive_image_by_area[1034]  0.416  0.294   0.008    0.950      0.004    0.002    5534.0    7984.0   1.00
at_least_one_positive_image_by_area[1035]  0.152  0.194   0.000    0.547      0.003    0.003    4943.0    7660.0   1.00
at_least_one_positive_image_by_area[1036]  0.209  0.239   0.000    0.740      0.003    0.003    3944.0    5820.0   1.00
at_least_one_positive_image_by_area[1037]  0.186  0.212   0.000    0.628      0.003    0.002    3741.0    5620.0   1.00
at_least_one_positive_image_by_area[1038]  0.386  0.314   0.000    0.966      0.004    0.002    5107.0    7860.0   1.00
at_least_one_positive_image_by_area[1039]  1.000  0.000   1.000    1.000      0.000      NaN   40000.0   40000.0    NaN
at_least_one_positive_image_by_area[1040]  1.000  0.000   1.000    1.000      0.000      NaN   40000.0   40000.0    NaN
at_least_one_positive_image_by_area[1041]  0.428  0.305   0.043    1.000      0.004    0.001    5565.0    7060.0   1.00
at_least_one_positive_image_by_area[1042]  0.265  0.260   0.000    0.810      0.003    0.002    5236.0    7421.0   1.00
at_least_one_positive_image_by_area[1043]  1.000  0.000   1.000    1.000      0.000      NaN   40000.0   40000.0    NaN
at_least_one_positive_image_by_area[1044]  1.000  0.000   1.000    1.000      0.000      NaN   40000.0   40000.0    NaN
at_least_one_positive_image_by_area[1045]  1.000  0.000   1.000    1.000      0.000      NaN   40000.0   40000.0    NaN
at_least_one_positive_image_by_area[1046]  0.213  0.231   0.000    0.702      0.003    0.002    5289.0    6625.0   1.00
at_least_one_positive_image_by_area[1047]  0.094  0.176   0.000    0.427      0.002    0.003    6197.0    8995.0   1.00
at_least_one_positive_image_by_area[1048]  0.106  0.157   0.000    0.403      0.002    0.003    3477.0    7769.0   1.00
at_least_one_positive_image_by_area[1049]  0.655  0.303   0.123    1.000      0.004    0.002    6009.0    6764.0   1.00
at_least_one_positive_image_by_area[1050]  0.942  0.128   0.690    1.000      0.002    0.003    6739.0    7767.0   1.00
at_least_one_positive_image_by_area[1051]  0.674  0.321   0.083    1.000      0.004    0.002    5780.0    6331.0   1.00
at_least_one_positive_image_by_area[1052]  0.356  0.304   0.000    0.938      0.004    0.002    5400.0    6687.0   1.00
at_least_one_positive_image_by_area[1053]  0.419  0.319   0.030    1.000      0.004    0.002    5539.0    6405.0   1.00
at_least_one_positive_image_by_area[1054]  0.599  0.350   0.042    1.000      0.005    0.002    5922.0    7896.0   1.00
at_least_one_positive_image_by_area[1055]  0.470  0.300   0.063    1.000      0.004    0.001    5958.0    8110.0   1.00
at_least_one_positive_image_by_area[1056]  0.429  0.293   0.016    0.957      0.004    0.002    4763.0    5946.0   1.00
at_least_one_positive_image_by_area[1057]  0.245  0.245   0.001    0.767      0.003    0.003    4956.0    8565.0   1.00
at_least_one_positive_image_by_area[1058]  1.000  0.000   1.000    1.000      0.000      NaN   40000.0   40000.0    NaN
at_least_one_positive_image_by_area[1059]  0.134  0.171   0.000    0.475      0.003    0.003    3010.0    5396.0   1.00
at_least_one_positive_image_by_area[1060]  0.245  0.256   0.000    0.794      0.004    0.003    3037.0    5297.0   1.00
at_least_one_positive_image_by_area[1061]  0.444  0.309   0.047    1.000      0.004    0.001    6356.0    7627.0   1.00
at_least_one_positive_image_by_area[1062]  0.187  0.207   0.000    0.614      0.003    0.002    4427.0    7602.0   1.00
at_least_one_positive_image_by_area[1063]  0.090  0.143   0.000    0.344      0.002    0.003    4655.0    6146.0   1.00
at_least_one_positive_image_by_area[1064]  0.150  0.183   0.000    0.521      0.003    0.002    3852.0    6591.0   1.00
at_least_one_positive_image_by_area[1065]  0.498  0.317   0.057    1.000      0.004    0.001    7136.0    8155.0   1.00
at_least_one_positive_image_by_area[1066]  0.786  0.236   0.316    1.000      0.003    0.002    5836.0    7605.0   1.00
at_least_one_positive_image_by_area[1067]  0.621  0.322   0.089    1.000      0.005    0.002    4265.0    6462.0   1.00
at_least_one_positive_image_by_area[1068]  0.118  0.187   0.000    0.503      0.002    0.003    5053.0    8331.0   1.00
at_least_one_positive_image_by_area[1069]  1.000  0.000   1.000    1.000      0.000      NaN   40000.0   40000.0    NaN
at_least_one_positive_image_by_area[1070]  0.317  0.280   0.000    0.883      0.003    0.002    6516.0    9075.0   1.00
at_least_one_positive_image_by_area[1071]  0.460  0.317   0.044    1.000      0.004    0.001    5906.0    8271.0   1.00
at_least_one_positive_image_by_area[1072]  0.661  0.293   0.151    1.000      0.004    0.002    6939.0    8619.0   1.00
at_least_one_positive_image_by_area[1073]  0.444  0.343   0.024    1.000      0.005    0.001    4870.0    7759.0   1.00
at_least_one_positive_image_by_area[1074]  0.443  0.323   0.034    1.000      0.004    0.001    5024.0    6540.0   1.00
at_least_one_positive_image_by_area[1075]  0.440  0.314   0.038    1.000      0.004    0.001    4718.0    6785.0   1.00
at_least_one_positive_image_by_area[1076]  0.170  0.202   0.000    0.589      0.003    0.003    3580.0    6154.0   1.00
at_least_one_positive_image_by_area[1077]  0.119  0.162   0.000    0.431      0.002    0.003    3141.0    4945.0   1.00
at_least_one_positive_image_by_area[1078]  1.000  0.000   1.000    1.000      0.000      NaN   40000.0   40000.0    NaN
at_least_one_positive_image_by_area[1079]  0.427  0.316   0.038    1.000      0.004    0.002    5754.0    5944.0   1.00
at_least_one_positive_image_by_area[1080]  0.265  0.265   0.001    0.830      0.004    0.003    3544.0    5843.0   1.00
at_least_one_positive_image_by_area[1081]  0.389  0.289   0.005    0.934      0.003    0.002    6490.0    8056.0   1.00
at_least_one_positive_image_by_area[1082]  1.000  0.000   1.000    1.000      0.000      NaN   40000.0   40000.0    NaN
at_least_one_positive_image_by_area[1083]  0.478  0.339   0.034    1.000      0.005    0.001    5215.0    7557.0   1.00
at_least_one_positive_image_by_area[1084]  1.000  0.000   1.000    1.000      0.000      NaN   40000.0   40000.0    NaN
at_least_one_positive_image_by_area[1085]  0.182  0.243   0.000    0.721      0.004    0.003    2560.0    3937.0   1.00
at_least_one_positive_image_by_area[1086]  0.209  0.257   0.000    0.784      0.004    0.003    2228.0    3361.0   1.00
at_least_one_positive_image_by_area[1087]  0.134  0.226   0.000    0.652      0.003    0.003    2999.0    5161.0   1.00
at_least_one_positive_image_by_area[1088]  0.177  0.232   0.000    0.688      0.004    0.003    2102.0    3061.0   1.00
at_least_one_positive_image_by_area[1089]  0.012  0.045   0.000    0.044      0.001    0.002    1901.0    4620.0   1.00
at_least_one_positive_image_by_area[1090]  0.008  0.025   0.000    0.030      0.000    0.001    1858.0    3540.0   1.00
at_least_one_positive_image_by_area[1091]  0.016  0.054   0.000    0.057      0.001    0.003    2007.0    3340.0   1.00
at_least_one_positive_image_by_area[1092]  0.078  0.155   0.000    0.355      0.002    0.003    2388.0    3549.0   1.00
at_least_one_positive_image_by_area[1093]  0.131  0.186   0.000    0.512      0.003    0.003    1696.0    2534.0   1.00
at_least_one_positive_image_by_area[1094]  0.050  0.104   0.000    0.203      0.002    0.003    1674.0    2583.0   1.00
at_least_one_positive_image_by_area[1095]  0.062  0.142   0.000    0.291      0.002    0.004    1776.0    2984.0   1.00
at_least_one_positive_image_by_area[1096]  0.041  0.092   0.000    0.166      0.001    0.003    1859.0    2956.0   1.00
at_least_one_positive_image_by_area[1097]  0.024  0.068   0.000    0.096      0.001    0.002    2073.0    3727.0   1.00
at_least_one_positive_image_by_area[1098]  0.059  0.116   0.000    0.236      0.002    0.003    1886.0    3102.0   1.00
at_least_one_positive_image_by_area[1099]  0.065  0.111   0.000    0.251      0.002    0.003    1511.0    2579.0   1.00
at_least_one_positive_image_by_area[1100]  0.037  0.072   0.000    0.132      0.001    0.003    1936.0    3173.0   1.00
at_least_one_positive_image_by_area[1101]  0.051  0.102   0.000    0.204      0.002    0.003    1426.0    2351.0   1.00
at_least_one_positive_image_by_area[1102]  0.323  0.325   0.000    0.961      0.005    0.002    2558.0    4026.0   1.00
at_least_one_positive_image_by_area[1103]  0.315  0.306   0.000    0.933      0.004    0.002    3990.0    5466.0   1.00
at_least_one_positive_image_by_area[1104]  0.099  0.172   0.000    0.440      0.003    0.003    1811.0    3400.0   1.00
at_least_one_positive_image_by_area[1105]  0.067  0.132   0.000    0.288      0.002    0.003    2811.0    4836.0   1.00
at_least_one_positive_image_by_area[1106]  0.317  0.293   0.000    0.911      0.005    0.002    2629.0    4868.0   1.00
at_least_one_positive_image_by_area[1107]  0.075  0.143   0.000    0.318      0.002    0.003    2007.0    3472.0   1.00
at_least_one_positive_image_by_area[1108]  0.045  0.119   0.000    0.202      0.002    0.004    2339.0    3954.0   1.00
at_least_one_positive_image_by_area[1109]  0.069  0.137   0.000    0.308      0.002    0.003    2170.0    3522.0   1.00
at_least_one_positive_image_by_area[1110]  0.445  0.322   0.034    1.000      0.005    0.001    3551.0    4347.0   1.00
at_least_one_positive_image_by_area[1111]  0.316  0.298   0.000    0.922      0.005    0.002    3393.0    5977.0   1.00
at_least_one_positive_image_by_area[1112]  0.048  0.097   0.000    0.184      0.001    0.003    2600.0    4460.0   1.00
at_least_one_positive_image_by_area[1113]  0.072  0.133   0.000    0.299      0.002    0.003    2732.0    4068.0   1.00
at_least_one_positive_image_by_area[1114]  0.039  0.096   0.000    0.162      0.001    0.003    2041.0    3956.0   1.00
at_least_one_positive_image_by_area[1115]  0.111  0.179   0.000    0.468      0.003    0.003    2643.0    5173.0   1.00
at_least_one_positive_image_by_area[1116]  0.394  0.369   0.000    0.995      0.006    0.001    2545.0    3983.0   1.00
at_least_one_positive_image_by_area[1117]  0.191  0.247   0.000    0.743      0.004    0.003    2779.0    3650.0   1.00
at_least_one_positive_image_by_area[1118]  0.012  0.052   0.000    0.040      0.001    0.004    2921.0    5721.0   1.00
at_least_one_positive_image_by_area[1119]  0.221  0.254   0.000    0.776      0.005    0.003    2309.0    4061.0   1.00
at_least_one_positive_image_by_area[1120]  0.053  0.099   0.000    0.202      0.001    0.003    2377.0    4490.0   1.00
at_least_one_positive_image_by_area[1121]  0.216  0.258   0.000    0.785      0.004    0.003    3317.0    6686.0   1.00
at_least_one_positive_image_by_area[1122]  0.031  0.083   0.000    0.125      0.001    0.003    3033.0    5932.0   1.00
at_least_one_positive_image_by_area[1123]  0.025  0.064   0.000    0.094      0.001    0.003    1943.0    4238.0   1.00
at_least_one_positive_image_by_area[1124]  0.149  0.225   0.000    0.654      0.003    0.003    3048.0    5114.0   1.00
at_least_one_positive_image_by_area[1125]  0.073  0.139   0.000    0.316      0.002    0.003    2571.0    5582.0   1.00
at_least_one_positive_image_by_area[1126]  0.017  0.048   0.000    0.063      0.001    0.002    2507.0    4979.0   1.00
at_least_one_positive_image_by_area[1127]  0.061  0.113   0.000    0.242      0.002    0.003    1752.0    3379.0   1.00
at_least_one_positive_image_by_area[1128]  0.079  0.146   0.000    0.338      0.002    0.004    2597.0    5608.0   1.00
at_least_one_positive_image_by_area[1129]  0.016  0.045   0.000    0.061      0.001    0.002    2479.0    5136.0   1.00
at_least_one_positive_image_by_area[1130]  0.005  0.019   0.000    0.016      0.000    0.002    2497.0    4925.0   1.00
at_least_one_positive_image_by_area[1131]  0.049  0.089   0.000    0.182      0.001    0.002    2311.0    4864.0   1.00
at_least_one_positive_image_by_area[1132]  0.119  0.197   0.000    0.535      0.003    0.003    3106.0    5205.0   1.00
at_least_one_positive_image_by_area[1133]  0.006  0.021   0.000    0.020      0.000    0.001    2548.0    4329.0   1.00
at_least_one_positive_image_by_area[1134]  0.013  0.042   0.000    0.048      0.001    0.002    2567.0    5563.0   1.00
at_least_one_positive_image_by_area[1135]  0.009  0.037   0.000    0.031      0.001    0.003    2027.0    4459.0   1.00
at_least_one_positive_image_by_area[1136]  0.323  0.292   0.000    0.911      0.006    0.002    1542.0    2944.0   1.00
at_least_one_positive_image_by_area[1137]  0.014  0.050   0.000    0.051      0.001    0.002    2919.0    5374.0   1.00
at_least_one_positive_image_by_area[1138]  0.255  0.255   0.000    0.798      0.006    0.003    1408.0    3049.0   1.00
at_least_one_positive_image_by_area[1139]  0.066  0.117   0.000    0.254      0.002    0.003    1569.0    3360.0   1.00
at_least_one_positive_image_by_area[1140]  0.034  0.099   0.000    0.134      0.001    0.004    1900.0    4616.0   1.00
at_least_one_positive_image_by_area[1141]  0.052  0.129   0.000    0.228      0.002    0.004    1638.0    3889.0   1.00
at_least_one_positive_image_by_area[1142]  0.027  0.061   0.000    0.101      0.001    0.002    2304.0    5387.0   1.00
at_least_one_positive_image_by_area[1143]  0.100  0.166   0.000    0.413      0.003    0.003    2201.0    4718.0   1.00
at_least_one_positive_image_by_area[1144]  0.009  0.029   0.000    0.030      0.000    0.001    2379.0    5274.0   1.00
at_least_one_positive_image_by_area[1145]  0.027  0.064   0.000    0.098      0.001    0.003    1949.0    3367.0   1.00
at_least_one_positive_image_by_area[1146]  0.144  0.219   0.000    0.630      0.003    0.003    3051.0    5700.0   1.00
at_least_one_positive_image_by_area[1147]  0.054  0.112   0.000    0.221      0.002    0.003    2188.0    4670.0   1.00
at_least_one_positive_image_by_area[1148]  0.015  0.040   0.000    0.055      0.001    0.002    2406.0    3773.0   1.00
at_least_one_positive_image_by_area[1149]  0.046  0.097   0.000    0.181      0.001    0.002    3095.0    5217.0   1.00
at_least_one_positive_image_by_area[1150]  0.136  0.188   0.000    0.517      0.003    0.003    2481.0    4061.0   1.00
at_least_one_positive_image_by_area[1151]  0.118  0.189   0.000    0.503      0.003    0.003    2659.0    5438.0   1.00
at_least_one_positive_image_by_area[1152]  0.124  0.201   0.000    0.553      0.003    0.003    3903.0    6746.0   1.00
at_least_one_positive_image_by_area[1153]  1.000  0.000   1.000    1.000      0.000      NaN   40000.0   40000.0    NaN
at_least_one_positive_image_by_area[1154]  0.079  0.153   0.000    0.356      0.002    0.003    2782.0    5678.0   1.00
at_least_one_positive_image_by_area[1155]  0.018  0.043   0.000    0.067      0.001    0.002    2229.0    4105.0   1.00
at_least_one_positive_image_by_area[1156]  0.102  0.185   0.000    0.476      0.002    0.003    4104.0    5961.0   1.00
at_least_one_positive_image_by_area[1157]  0.114  0.215   0.000    0.592      0.003    0.003    4529.0    7686.0   1.00
at_least_one_positive_image_by_area[1158]  0.094  0.147   0.000    0.361      0.002    0.003    2225.0    5447.0   1.00
at_least_one_positive_image_by_area[1159]  0.268  0.250   0.001    0.788      0.004    0.002    2536.0    4673.0   1.00
at_least_one_positive_image_by_area[1160]  0.051  0.128   0.000    0.226      0.002    0.004    2121.0    4370.0   1.00
at_least_one_positive_image_by_area[1161]  0.029  0.080   0.000    0.116      0.001    0.003    2911.0    6413.0   1.00
at_least_one_positive_image_by_area[1162]  0.043  0.105   0.000    0.178      0.001    0.003    3718.0    7141.0   1.00
at_least_one_positive_image_by_area[1163]  0.225  0.226   0.001    0.693      0.004    0.003    2305.0    4722.0   1.00
at_least_one_positive_image_by_area[1164]  0.202  0.239   0.000    0.722      0.003    0.002    4546.0    7138.0   1.00
at_least_one_positive_image_by_area[1165]  0.044  0.092   0.000    0.176      0.001    0.003    2742.0    4785.0   1.00
at_least_one_positive_image_by_area[1166]  0.125  0.212   0.000    0.591      0.003    0.003    3060.0    4981.0   1.00
at_least_one_positive_image_by_area[1167]  0.541  0.296   0.099    1.000      0.004    0.001    6798.0    8082.0   1.00
at_least_one_positive_image_by_area[1168]  1.000  0.000   1.000    1.000      0.000      NaN   40000.0   40000.0    NaN
at_least_one_positive_image_by_area[1169]  0.151  0.201   0.000    0.575      0.002    0.003    6378.0    8235.0   1.00
at_least_one_positive_image_by_area[1170]  0.169  0.199   0.000    0.578      0.002    0.002    6341.0    9283.0   1.00
at_least_one_positive_image_by_area[1171]  0.559  0.291   0.115    1.000      0.004    0.001    6019.0    8430.0   1.00
at_least_one_positive_image_by_area[1172]  0.235  0.246   0.000    0.759      0.003    0.002    6474.0    9905.0   1.00
at_least_one_positive_image_by_area[1173]  1.000  0.000   1.000    1.000      0.000      NaN   40000.0   40000.0    NaN
at_least_one_positive_image_by_area[1174]  0.603  0.305   0.106    1.000      0.004    0.002    5462.0    6107.0   1.00
at_least_one_positive_image_by_area[1175]  0.103  0.156   0.000    0.395      0.002    0.003    4496.0    5190.0   1.00
at_least_one_positive_image_by_area[1176]  0.571  0.331   0.062    1.000      0.004    0.001    6209.0    7405.0   1.00
at_least_one_positive_image_by_area[1177]  0.383  0.290   0.003    0.930      0.004    0.002    5960.0    8980.0   1.00
at_least_one_positive_image_by_area[1178]  0.316  0.268   0.002    0.861      0.003    0.002    5847.0    8209.0   1.00
at_least_one_positive_image_by_area[1179]  0.504  0.333   0.040    1.000      0.004    0.001    5516.0    7499.0   1.00
at_least_one_positive_image_by_area[1180]  0.172  0.199   0.000    0.580      0.003    0.003    5544.0    8776.0   1.00
at_least_one_positive_image_by_area[1181]  0.023  0.049   0.000    0.083      0.001    0.002    3547.0    7022.0   1.00
at_least_one_positive_image_by_area[1182]  0.089  0.126   0.000    0.311      0.002    0.003    5500.0    7762.0   1.00
at_least_one_positive_image_by_area[1183]  0.165  0.237   0.000    0.699      0.003    0.003    4599.0    6321.0   1.00
at_least_one_positive_image_by_area[1184]  0.234  0.236   0.000    0.726      0.003    0.002    5373.0    8414.0   1.00
at_least_one_positive_image_by_area[1185]  0.214  0.232   0.001    0.704      0.003    0.002    5723.0    7467.0   1.00
at_least_one_positive_image_by_area[1186]  0.151  0.198   0.000    0.564      0.003    0.003    5319.0    8247.0   1.00
at_least_one_positive_image_by_area[1187]  0.276  0.277   0.000    0.869      0.004    0.002    3706.0    6729.0   1.00
at_least_one_positive_image_by_area[1188]  0.212  0.216   0.001    0.662      0.003    0.003    4702.0    7264.0   1.00
at_least_one_positive_image_by_area[1189]  0.836  0.211   0.400    1.000      0.003    0.002    5780.0    7719.0   1.00
at_least_one_positive_image_by_area[1190]  0.498  0.310   0.065    1.000      0.004    0.001    5599.0    5959.0   1.00
at_least_one_positive_image_by_area[1191]  0.141  0.209   0.000    0.589      0.003    0.003    3001.0    4353.0   1.00
at_least_one_positive_image_by_area[1192]  0.169  0.243   0.000    0.720      0.003    0.003    3138.0    4375.0   1.00
at_least_one_positive_image_by_area[1193]  0.082  0.166   0.000    0.397      0.002    0.003    3000.0    4207.0   1.00
at_least_one_positive_image_by_area[1194]  1.000  0.000   1.000    1.000      0.000      NaN   40000.0   40000.0    NaN
at_least_one_positive_image_by_area[1195]  0.989  0.043   0.953    1.000      0.000    0.002    6123.0    7688.0   1.00
at_least_one_positive_image_by_area[1196]  0.226  0.302   0.000    0.916      0.005    0.003    2500.0    5082.0   1.00
at_least_one_positive_image_by_area[1197]  0.141  0.215   0.000    0.617      0.003    0.003    3031.0    5063.0   1.00
at_least_one_positive_image_by_area[1198]  0.214  0.273   0.000    0.838      0.003    0.003    4961.0    7042.0   1.00
at_least_one_positive_image_by_area[1199]  0.059  0.114   0.000    0.240      0.002    0.003    2260.0    3581.0   1.00
at_least_one_positive_image_by_area[1200]  0.065  0.129   0.000    0.267      0.002    0.003    2610.0    4041.0   1.00
at_least_one_positive_image_by_area[1201]  0.033  0.072   0.000    0.130      0.001    0.002    2854.0    4945.0   1.00
at_least_one_positive_image_by_area[1202]  0.101  0.151   0.000    0.382      0.002    0.003    3022.0    5947.0   1.00
at_least_one_positive_image_by_area[1203]  0.521  0.293   0.095    1.000      0.004    0.001    6216.0    8499.0   1.00
at_least_one_positive_image_by_area[1204]  0.077  0.127   0.000    0.292      0.002    0.003    3482.0    5463.0   1.00
at_least_one_positive_image_by_area[1205]  0.270  0.237   0.001    0.754      0.003    0.002    4766.0    7598.0   1.00
at_least_one_positive_image_by_area[1206]  0.166  0.197   0.000    0.567      0.003    0.003    3571.0    6180.0   1.00
at_least_one_positive_image_by_area[1207]  0.168  0.208   0.000    0.608      0.003    0.002    5280.0    7866.0   1.00
at_least_one_positive_image_by_area[1208]  0.162  0.212   0.000    0.620      0.002    0.003    6385.0    8899.0   1.00
at_least_one_positive_image_by_area[1209]  1.000  0.000   1.000    1.000      0.000      NaN   40000.0   40000.0    NaN
at_least_one_positive_image_by_area[1210]  0.462  0.299   0.061    1.000      0.004    0.001    5834.0    7237.0   1.00
at_least_one_positive_image_by_area[1211]  0.667  0.387   0.013    1.000      0.007    0.003    3292.0    5074.0   1.00
at_least_one_positive_image_by_area[1212]  0.178  0.212   0.000    0.622      0.003    0.003    3894.0    6220.0   1.00
at_least_one_positive_image_by_area[1213]  0.196  0.225   0.000    0.675      0.003    0.003    4450.0    7716.0   1.00
at_least_one_positive_image_by_area[1214]  0.149  0.188   0.000    0.530      0.002    0.003    4070.0    6122.0   1.00
at_least_one_positive_image_by_area[1215]  0.190  0.218   0.000    0.652      0.003    0.003    4915.0    7906.0   1.00
at_least_one_positive_image_by_area[1216]  0.204  0.232   0.000    0.705      0.003    0.002    5413.0    7717.0   1.00
at_least_one_positive_image_by_area[1217]  0.623  0.296   0.129    1.000      0.004    0.002    5904.0    8172.0   1.00
at_least_one_positive_image_by_area[1218]  0.415  0.318   0.028    1.000      0.004    0.002    6979.0    8202.0   1.00
at_least_one_positive_image_by_area[1219]  0.103  0.149   0.000    0.374      0.002    0.003    3963.0    7184.0   1.00
at_least_one_positive_image_by_area[1220]  0.329  0.289   0.001    0.908      0.004    0.002    5523.0    8694.0   1.00
at_least_one_positive_image_by_area[1221]  0.066  0.121   0.000    0.260      0.002    0.003    4842.0    7854.0   1.00
at_least_one_positive_image_by_area[1222]  0.071  0.126   0.000    0.284      0.002    0.003    4337.0    7593.0   1.00
at_least_one_positive_image_by_area[1223]  0.007  0.020   0.000    0.026      0.000    0.001    3672.0    6879.0   1.00
at_least_one_positive_image_by_area[1224]  0.038  0.080   0.000    0.143      0.001    0.002    4155.0    8138.0   1.00
at_least_one_positive_image_by_area[1225]  0.043  0.084   0.000    0.161      0.001    0.003    3484.0    7032.0   1.00
at_least_one_positive_image_by_area[1226]  0.051  0.098   0.000    0.194      0.001    0.003    3860.0    5811.0   1.00
at_least_one_positive_image_by_area[1227]  0.158  0.195   0.000    0.558      0.003    0.003    3814.0    5686.0   1.00
at_least_one_positive_image_by_area[1228]  0.092  0.139   0.000    0.345      0.002    0.003    3614.0    6576.0   1.00
at_least_one_positive_image_by_area[1229]  0.060  0.104   0.000    0.221      0.002    0.003    3710.0    6930.0   1.00
at_least_one_positive_image_by_area[1230]  0.097  0.151   0.000    0.382      0.002    0.003    3877.0    6882.0   1.00
at_least_one_positive_image_by_area[1231]  0.075  0.134   0.000    0.305      0.002    0.003    4295.0    7845.0   1.00
at_least_one_positive_image_by_area[1232]  0.158  0.217   0.000    0.625      0.003    0.003    4524.0    7103.0   1.00
at_least_one_positive_image_by_area[1233]  0.051  0.094   0.000    0.192      0.001    0.002    3761.0    6706.0   1.00
at_least_one_positive_image_by_area[1234]  0.063  0.112   0.000    0.246      0.001    0.002    3741.0    7005.0   1.00
at_least_one_positive_image_by_area[1235]  0.039  0.076   0.000    0.145      0.001    0.003    3747.0    7279.0   1.00
at_least_one_positive_image_by_area[1236]  0.043  0.085   0.000    0.162      0.001    0.003    3322.0    6736.0   1.00
at_least_one_positive_image_by_area[1237]  0.229  0.237   0.000    0.730      0.003    0.002    5153.0    7507.0   1.00
at_least_one_positive_image_by_area[1238]  0.135  0.181   0.000    0.495      0.002    0.003    4164.0    6188.0   1.00
at_least_one_positive_image_by_area[1239]  0.127  0.172   0.000    0.465      0.002    0.003    3669.0    6821.0   1.00
at_least_one_positive_image_by_area[1240]  0.062  0.102   0.000    0.229      0.001    0.002    4159.0    7197.0   1.00
at_least_one_positive_image_by_area[1241]  0.164  0.192   0.000    0.554      0.003    0.003    3920.0    6910.0   1.00
at_least_one_positive_image_by_area[1242]  1.000  0.000   1.000    1.000      0.000      NaN   40000.0   40000.0    NaN
at_least_one_positive_image_by_area[1243]  1.000  0.000   1.000    1.000      0.000      NaN   40000.0   40000.0    NaN
at_least_one_positive_image_by_area[1244]  0.343  0.311   0.000    0.957      0.005    0.002    3745.0    6975.0   1.00
at_least_one_positive_image_by_area[1245]  0.589  0.334   0.065    1.000      0.004    0.002    6452.0    8090.0   1.00
at_least_one_positive_image_by_area[1246]  0.350  0.293   0.001    0.918      0.004    0.002    3518.0    5186.0   1.00
at_least_one_positive_image_by_area[1247]  0.357  0.280   0.003    0.900      0.005    0.002    3037.0    4329.0   1.00
at_least_one_positive_image_by_area[1248]  0.351  0.285   0.003    0.913      0.004    0.002    5591.0    6682.0   1.00
at_least_one_positive_image_by_area[1249]  0.028  0.060   0.000    0.105      0.001    0.002    3215.0    6221.0   1.00
at_least_one_positive_image_by_area[1250]  0.335  0.288   0.001    0.907      0.004    0.002    5875.0    8541.0   1.00
at_least_one_positive_image_by_area[1251]  0.367  0.289   0.002    0.916      0.004    0.002    5380.0    6566.0   1.00
at_least_one_positive_image_by_area[1252]  0.243  0.263   0.000    0.808      0.004    0.002    4371.0    6367.0   1.00
at_least_one_positive_image_by_area[1253]  0.228  0.225   0.001    0.696      0.003    0.002    5775.0    7966.0   1.00
at_least_one_positive_image_by_area[1254]  0.027  0.053   0.000    0.098      0.001    0.002    3235.0    4889.0   1.00
at_least_one_positive_image_by_area[1255]  0.519  0.314   0.066    1.000      0.004    0.001    5515.0    6124.0   1.00
at_least_one_positive_image_by_area[1256]  0.202  0.217   0.000    0.658      0.003    0.002    3061.0    5655.0   1.00
at_least_one_positive_image_by_area[1257]  1.000  0.000   1.000    1.000      0.000      NaN   40000.0   40000.0    NaN
at_least_one_positive_image_by_area[1258]  0.097  0.142   0.000    0.359      0.002    0.003    2887.0    4692.0   1.00
at_least_one_positive_image_by_area[1259]  0.429  0.297   0.010    0.962      0.004    0.001    6073.0    7353.0   1.00
at_least_one_positive_image_by_area[1260]  0.052  0.101   0.000    0.199      0.001    0.003    2727.0    4961.0   1.00
at_least_one_positive_image_by_area[1261]  0.420  0.305   0.005    0.958      0.004    0.001    5530.0    5372.0   1.00
at_least_one_positive_image_by_area[1262]  0.044  0.080   0.000    0.156      0.001    0.003    2971.0    5562.0   1.00
at_least_one_positive_image_by_area[1263]  0.106  0.160   0.000    0.403      0.002    0.003    3092.0    5290.0   1.00
at_least_one_positive_image_by_area[1264]  0.392  0.329   0.001    0.978      0.004    0.002    5531.0    7474.0   1.00
at_least_one_positive_image_by_area[1265]  0.070  0.127   0.000    0.281      0.002    0.003    3834.0    6413.0   1.00
at_least_one_positive_image_by_area[1266]  0.240  0.248   0.000    0.768      0.003    0.003    4575.0    6941.0   1.00
at_least_one_positive_image_by_area[1267]  0.350  0.281   0.003    0.901      0.004    0.002    5469.0    8560.0   1.00
at_least_one_positive_image_by_area[1268]  0.085  0.137   0.000    0.332      0.002    0.003    3741.0    6127.0   1.00
at_least_one_positive_image_by_area[1269]  0.243  0.255   0.000    0.799      0.003    0.002    4904.0    6783.0   1.00
at_least_one_positive_image_by_area[1270]  0.090  0.142   0.000    0.346      0.002    0.003    2930.0    4916.0   1.00
at_least_one_positive_image_by_area[1271]  0.386  0.294   0.002    0.938      0.004    0.002    5687.0    8458.0   1.00
at_least_one_positive_image_by_area[1272]  1.000  0.000   1.000    1.000      0.000      NaN   40000.0   40000.0    NaN
at_least_one_positive_image_by_area[1273]  0.253  0.248   0.001    0.784      0.003    0.002    6003.0    8287.0   1.00
at_least_one_positive_image_by_area[1274]  0.484  0.314   0.056    1.000      0.004    0.001    5493.0    7114.0   1.00
at_least_one_positive_image_by_area[1275]  0.685  0.277   0.188    1.000      0.004    0.002    5631.0    8271.0   1.00
at_least_one_positive_image_by_area[1276]  0.125  0.168   0.000    0.455      0.003    0.003    2215.0    3819.0   1.00
at_least_one_positive_image_by_area[1277]  1.000  0.000   1.000    1.000      0.000      NaN   40000.0   40000.0    NaN
at_least_one_positive_image_by_area[1278]  0.391  0.295   0.002    0.939      0.004    0.002    5295.0    6311.0   1.00
at_least_one_positive_image_by_area[1279]  0.498  0.303   0.073    1.000      0.004    0.001    6188.0    9608.0   1.00
at_least_one_positive_image_by_area[1280]  0.113  0.161   0.000    0.423      0.002    0.003    3174.0    4496.0   1.00
at_least_one_positive_image_by_area[1281]  0.392  0.285   0.008    0.933      0.004    0.002    5534.0    8487.0   1.00
at_least_one_positive_image_by_area[1282]  0.576  0.346   0.045    1.000      0.005    0.002    4746.0    5481.0   1.00
at_least_one_positive_image_by_area[1283]  0.409  0.301   0.004    0.953      0.004    0.001    6288.0    8209.0   1.00
at_least_one_positive_image_by_area[1284]  0.148  0.209   0.000    0.594      0.003    0.003    4838.0    7714.0   1.00
at_least_one_positive_image_by_area[1285]  0.126  0.176   0.000    0.477      0.002    0.003    4012.0    5353.0   1.00
at_least_one_positive_image_by_area[1286]  0.408  0.319   0.001    0.972      0.004    0.002    4304.0    5891.0   1.00
at_least_one_positive_image_by_area[1287]  0.880  0.182   0.495    1.000      0.003    0.003    4974.0    6111.0   1.00
at_least_one_positive_image_by_area[1288]  0.327  0.308   0.000    0.943      0.004    0.002    4431.0    6554.0   1.00
at_least_one_positive_image_by_area[1289]  0.095  0.149   0.000    0.371      0.002    0.003    3697.0    5943.0   1.00
at_least_one_positive_image_by_area[1290]  0.232  0.234   0.001    0.729      0.003    0.002    5147.0    8048.0   1.00
at_least_one_positive_image_by_area[1291]  0.119  0.171   0.000    0.455      0.002    0.003    3210.0    5670.0   1.00
at_least_one_positive_image_by_area[1292]  0.196  0.214   0.000    0.636      0.003    0.002    5799.0    8287.0   1.00
at_least_one_positive_image_by_area[1293]  0.155  0.196   0.000    0.560      0.003    0.003    3348.0    4954.0   1.00
at_least_one_positive_image_by_area[1294]  0.213  0.227   0.000    0.688      0.003    0.002    5578.0    8624.0   1.00
at_least_one_positive_image_by_area[1295]  0.041  0.083   0.000    0.152      0.001    0.002    3639.0    5575.0   1.00
at_least_one_positive_image_by_area[1296]  0.482  0.319   0.050    1.000      0.004    0.001    6074.0    7038.0   1.00
at_least_one_positive_image_by_area[1297]  0.096  0.164   0.000    0.405      0.002    0.003    4341.0    6774.0   1.00
at_least_one_positive_image_by_area[1298]  1.000  0.000   1.000    1.000      0.000      NaN   40000.0   40000.0    NaN
at_least_one_positive_image_by_area[1299]  0.084  0.133   0.000    0.318      0.002    0.003    3886.0    6413.0   1.00
at_least_one_positive_image_by_area[1300]  0.097  0.150   0.000    0.375      0.002    0.003    4372.0    7405.0   1.00
at_least_one_positive_image_by_area[1301]  0.553  0.295   0.103    1.000      0.004    0.001    5706.0    6556.0   1.00
at_least_one_positive_image_by_area[1302]  0.215  0.235   0.000    0.719      0.003    0.003    4731.0    8494.0   1.00
at_least_one_positive_image_by_area[1303]  0.316  0.278   0.001    0.879      0.004    0.002    5252.0    7334.0   1.00
at_least_one_positive_image_by_area[1304]  0.163  0.201   0.000    0.576      0.003    0.003    4369.0    7609.0   1.00
at_least_one_positive_image_by_area[1305]  0.198  0.229   0.000    0.695      0.003    0.003    5385.0    8988.0   1.00
at_least_one_positive_image_by_area[1306]  0.040  0.076   0.000    0.145      0.001    0.003    3179.0    5349.0   1.00
at_least_one_positive_image_by_area[1307]  0.148  0.184   0.000    0.518      0.002    0.003    4706.0    7351.0   1.00
at_least_one_positive_image_by_area[1308]  0.048  0.092   0.000    0.180      0.001    0.003    3282.0    7186.0   1.00
at_least_one_positive_image_by_area[1309]  0.250  0.275   0.000    0.866      0.003    0.002    5520.0    7779.0   1.00
at_least_one_positive_image_by_area[1310]  0.044  0.090   0.000    0.168      0.001    0.002    3209.0    4455.0   1.00
at_least_one_positive_image_by_area[1311]  0.115  0.170   0.000    0.448      0.002    0.003    4973.0    6803.0   1.00
at_least_one_positive_image_by_area[1312]  0.030  0.073   0.000    0.114      0.001    0.003    3703.0    4416.0   1.00
at_least_one_positive_image_by_area[1313]  0.276  0.265   0.000    0.834      0.003    0.002    4936.0    6626.0   1.00
at_least_one_positive_image_by_area[1314]  0.040  0.091   0.000    0.162      0.001    0.003    3555.0    4945.0   1.00
at_least_one_positive_image_by_area[1315]  0.260  0.258   0.000    0.805      0.003    0.002    6173.0    8951.0   1.00
at_least_one_positive_image_by_area[1316]  0.027  0.057   0.000    0.099      0.001    0.002    2801.0    4763.0   1.00
at_least_one_positive_image_by_area[1317]  0.422  0.295   0.008    0.951      0.003    0.001    6903.0    9196.0   1.00
at_least_one_positive_image_by_area[1318]  0.041  0.081   0.000    0.152      0.001    0.002    3312.0    5928.0   1.00
at_least_one_positive_image_by_area[1319]  0.037  0.077   0.000    0.137      0.001    0.002    3598.0    6738.0   1.00
at_least_one_positive_image_by_area[1320]  0.624  0.289   0.145    1.000      0.004    0.002    6520.0    8595.0   1.00
at_least_one_positive_image_by_area[1321]  0.167  0.203   0.000    0.583      0.003    0.003    3688.0    7012.0   1.00
at_least_one_positive_image_by_area[1322]  0.379  0.297   0.003    0.938      0.004    0.002    6547.0    7216.0   1.00
at_least_one_positive_image_by_area[1323]  0.058  0.101   0.000    0.216      0.001    0.002    4370.0    7738.0   1.00
at_least_one_positive_image_by_area[1324]  0.268  0.251   0.000    0.796      0.003    0.002    5946.0    9351.0   1.00
at_least_one_positive_image_by_area[1325]  0.202  0.228   0.000    0.685      0.003    0.003    4991.0    7238.0   1.00
at_least_one_positive_image_by_area[1326]  0.288  0.264   0.001    0.840      0.003    0.002    5787.0    7473.0   1.00
at_least_one_positive_image_by_area[1327]  0.157  0.198   0.000    0.570      0.003    0.003    4493.0    7584.0   1.00
at_least_one_positive_image_by_area[1328]  0.214  0.216   0.001    0.661      0.003    0.002    5131.0    8793.0   1.00
at_least_one_positive_image_by_area[1329]  0.169  0.206   0.000    0.592      0.003    0.003    4192.0    6294.0   1.00
at_least_one_positive_image_by_area[1330]  0.187  0.211   0.000    0.629      0.003    0.003    4494.0    8698.0   1.00
at_least_one_positive_image_by_area[1331]  0.162  0.201   0.000    0.586      0.003    0.003    4445.0    7508.0   1.00
at_least_one_positive_image_by_area[1332]  0.406  0.305   0.005    0.960      0.004    0.002    5738.0    7941.0   1.00
at_least_one_positive_image_by_area[1333]  1.000  0.000   1.000    1.000      0.000      NaN   40000.0   40000.0    NaN
at_least_one_positive_image_by_area[1334]  0.375  0.290   0.002    0.928      0.004    0.002    4502.0    4901.0   1.00
at_least_one_positive_image_by_area[1335]  0.958  0.114   0.776    1.000      0.002    0.004    7071.0    6820.0   1.00
at_least_one_positive_image_by_area[1336]  0.112  0.178   0.000    0.463      0.002    0.003    4411.0    6366.0   1.00
at_least_one_positive_image_by_area[1337]  0.321  0.268   0.001    0.857      0.003    0.002    7134.0    9590.0   1.00
at_least_one_positive_image_by_area[1338]  0.182  0.221   0.000    0.661      0.003    0.002    4788.0    6574.0   1.00
at_least_one_positive_image_by_area[1339]  0.432  0.301   0.050    1.000      0.004    0.002    5868.0    7971.0   1.00
at_least_one_positive_image_by_area[1340]  0.136  0.189   0.000    0.513      0.002    0.003    4479.0    8259.0   1.00
at_least_one_positive_image_by_area[1341]  0.510  0.339   0.037    1.000      0.005    0.001    5322.0    6316.0   1.00
at_least_one_positive_image_by_area[1342]  0.172  0.219   0.000    0.639      0.003    0.003    5573.0    7317.0   1.00
at_least_one_positive_image_by_area[1343]  0.265  0.255   0.000    0.798      0.003    0.002    4683.0    7450.0   1.00
at_least_one_positive_image_by_area[1344]  0.131  0.172   0.000    0.466      0.002    0.003    4177.0    7037.0   1.00
at_least_one_positive_image_by_area[1345]  0.147  0.191   0.000    0.537      0.003    0.003    4427.0    7832.0   1.00
at_least_one_positive_image_by_area[1346]  0.205  0.228   0.000    0.695      0.003    0.002    4750.0    7644.0   1.00
at_least_one_positive_image_by_area[1347]  0.159  0.197   0.000    0.562      0.002    0.003    5311.0    8830.0   1.00
at_least_one_positive_image_by_area[1348]  0.128  0.177   0.000    0.482      0.002    0.003    4373.0    8048.0   1.00
at_least_one_positive_image_by_area[1349]  0.303  0.278   0.001    0.873      0.004    0.002    5392.0    8328.0   1.00
at_least_one_positive_image_by_area[1350]  0.124  0.176   0.000    0.473      0.002    0.003    4085.0    7182.0   1.00
at_least_one_positive_image_by_area[1351]  0.271  0.255   0.001    0.806      0.003    0.002    5652.0    8882.0   1.00
at_least_one_positive_image_by_area[1352]  0.133  0.167   0.000    0.456      0.003    0.004    3653.0    5916.0   1.00
at_least_one_positive_image_by_area[1353]  1.000  0.000   1.000    1.000      0.000      NaN   40000.0   40000.0    NaN
at_least_one_positive_image_by_area[1354]  0.123  0.176   0.000    0.473      0.003    0.004    3343.0    6641.0   1.00
at_least_one_positive_image_by_area[1355]  0.142  0.186   0.000    0.524      0.002    0.003    4808.0    7121.0   1.00
at_least_one_positive_image_by_area[1356]  0.088  0.129   0.000    0.317      0.002    0.003    3466.0    5877.0   1.00
at_least_one_positive_image_by_area[1357]  0.288  0.275   0.000    0.866      0.004    0.002    5018.0    8578.0   1.00
at_least_one_positive_image_by_area[1358]  0.203  0.213   0.000    0.646      0.003    0.003    3609.0    7558.0   1.00
at_least_one_positive_image_by_area[1359]  0.304  0.256   0.002    0.818      0.003    0.002    5061.0    8590.0   1.00
at_least_one_positive_image_by_area[1360]  1.000  0.000   1.000    1.000      0.000      NaN   40000.0   40000.0    NaN
at_least_one_positive_image_by_area[1361]  0.363  0.284   0.001    0.912      0.004    0.002    4342.0    4992.0   1.00
at_least_one_positive_image_by_area[1362]  0.358  0.281   0.003    0.904      0.004    0.002    4741.0    7869.0   1.00
at_least_one_positive_image_by_area[1363]  0.280  0.278   0.000    0.866      0.003    0.002    5412.0    6559.0   1.00
at_least_one_positive_image_by_area[1364]  0.032  0.063   0.000    0.112      0.001    0.002    3534.0    8294.0   1.00
at_least_one_positive_image_by_area[1365]  0.083  0.148   0.000    0.349      0.002    0.003    4742.0    8780.0   1.00
at_least_one_positive_image_by_area[1366]  0.167  0.205   0.000    0.597      0.003    0.003    4402.0    7322.0   1.00
at_least_one_positive_image_by_area[1367]  0.101  0.155   0.000    0.394      0.002    0.003    3729.0    5421.0   1.00
at_least_one_positive_image_by_area[1368]  0.049  0.099   0.000    0.192      0.001    0.003    4251.0    7577.0   1.00
at_least_one_positive_image_by_area[1369]  0.048  0.093   0.000    0.183      0.001    0.003    3785.0    7260.0   1.00
at_least_one_positive_image_by_area[1370]  0.142  0.204   0.000    0.573      0.003    0.003    3906.0    7757.0   1.00
at_least_one_positive_image_by_area[1371]  0.073  0.125   0.000    0.287      0.002    0.003    3151.0    4850.0   1.00
at_least_one_positive_image_by_area[1372]  0.211  0.238   0.000    0.730      0.003    0.003    5623.0    8689.0   1.00
at_least_one_positive_image_by_area[1373]  0.092  0.150   0.000    0.371      0.002    0.003    3310.0    5377.0   1.00
at_least_one_positive_image_by_area[1374]  0.282  0.259   0.001    0.816      0.003    0.002    5876.0    9318.0   1.00
at_least_one_positive_image_by_area[1375]  0.059  0.111   0.000    0.239      0.001    0.002    3663.0    7211.0   1.00
at_least_one_positive_image_by_area[1376]  0.190  0.197   0.001    0.589      0.003    0.002    5548.0    9616.0   1.00
at_least_one_positive_image_by_area[1377]  0.142  0.188   0.000    0.527      0.003    0.003    3087.0    5917.0   1.00
at_least_one_positive_image_by_area[1378]  0.382  0.270   0.009    0.898      0.004    0.002    5335.0    7907.0   1.00
at_least_one_positive_image_by_area[1379]  0.052  0.104   0.000    0.204      0.001    0.003    3455.0    5483.0   1.00
at_least_one_positive_image_by_area[1380]  0.255  0.250   0.000    0.785      0.003    0.002    4836.0    7610.0   1.00
at_least_one_positive_image_by_area[1381]  0.195  0.225   0.000    0.681      0.003    0.003    3349.0    6197.0   1.00
at_least_one_positive_image_by_area[1382]  0.142  0.179   0.000    0.502      0.003    0.003    3365.0    6083.0   1.00
at_least_one_positive_image_by_area[1383]  0.089  0.136   0.000    0.334      0.002    0.003    3007.0    4733.0   1.00
at_least_one_positive_image_by_area[1384]  0.519  0.364   0.017    1.000      0.006    0.001    3515.0    5581.0   1.00
at_least_one_positive_image_by_area[1385]  0.165  0.202   0.000    0.583      0.003    0.003    3506.0    6658.0   1.00
at_least_one_positive_image_by_area[1386]  0.401  0.318   0.000    0.970      0.004    0.002    5058.0    5973.0   1.00
at_least_one_positive_image_by_area[1387]  0.101  0.148   0.000    0.369      0.002    0.003    3258.0    6561.0   1.00
at_least_one_positive_image_by_area[1388]  0.544  0.323   0.061    1.000      0.004    0.002    5013.0    4250.0   1.00
at_least_one_positive_image_by_area[1389]  0.107  0.158   0.000    0.405      0.002    0.003    3643.0    8315.0   1.00
at_least_one_positive_image_by_area[1390]  0.204  0.221   0.000    0.670      0.003    0.003    4560.0    5615.0   1.00
at_least_one_positive_image_by_area[1391]  0.156  0.189   0.000    0.541      0.002    0.002    4987.0    8376.0   1.00
at_least_one_positive_image_by_area[1392]  0.089  0.141   0.000    0.344      0.002    0.002    4009.0    7770.0   1.00
at_least_one_positive_image_by_area[1393]  0.569  0.314   0.081    1.000      0.004    0.001    6135.0    6412.0   1.00
at_least_one_positive_image_by_area[1394]  0.059  0.105   0.000    0.225      0.001    0.003    4152.0    7523.0   1.00
at_least_one_positive_image_by_area[1395]  0.250  0.236   0.001    0.741      0.003    0.002    5748.0    6750.0   1.00
at_least_one_positive_image_by_area[1396]  1.000  0.000   1.000    1.000      0.000      NaN   40000.0   40000.0    NaN
at_least_one_positive_image_by_area[1397]  0.068  0.117   0.000    0.260      0.002    0.003    3524.0    7824.0   1.00
at_least_one_positive_image_by_area[1398]  1.000  0.000   1.000    1.000      0.000      NaN   40000.0   40000.0    NaN
at_least_one_positive_image_by_area[1399]  0.028  0.057   0.000    0.099      0.001    0.002    3431.0    6664.0   1.00
at_least_one_positive_image_by_area[1400]  1.000  0.000   1.000    1.000      0.000      NaN   40000.0   40000.0    NaN
at_least_one_positive_image_by_area[1401]  0.051  0.092   0.000    0.188      0.001    0.002    2712.0    4491.0   1.00
at_least_one_positive_image_by_area[1402]  1.000  0.000   1.000    1.000      0.000      NaN   40000.0   40000.0    NaN
at_least_one_positive_image_by_area[1403]  0.037  0.076   0.000    0.141      0.001    0.002    3418.0    7036.0   1.00
at_least_one_positive_image_by_area[1404]  1.000  0.000   1.000    1.000      0.000      NaN   40000.0   40000.0    NaN
at_least_one_positive_image_by_area[1405]  0.257  0.253   0.001    0.800      0.004    0.003    3601.0    6489.0   1.00
at_least_one_positive_image_by_area[1406]  1.000  0.000   1.000    1.000      0.000      NaN   40000.0   40000.0    NaN
at_least_one_positive_image_by_area[1407]  0.110  0.155   0.000    0.397      0.002    0.004    3596.0    6278.0   1.00
at_least_one_positive_image_by_area[1408]  1.000  0.000   1.000    1.000      0.000      NaN   40000.0   40000.0    NaN
at_least_one_positive_image_by_area[1409]  0.185  0.222   0.000    0.659      0.003    0.003    4427.0    8185.0   1.00
at_least_one_positive_image_by_area[1410]  0.905  0.174   0.530    1.000      0.002    0.003    7040.0    7246.0   1.00
at_least_one_positive_image_by_area[1411]  0.412  0.281   0.009    0.930      0.004    0.002    5496.0    8334.0   1.00
at_least_one_positive_image_by_area[1412]  1.000  0.000   1.000    1.000      0.000      NaN   40000.0   40000.0    NaN
at_least_one_positive_image_by_area[1413]  0.303  0.268   0.001    0.854      0.004    0.002    3549.0    6344.0   1.00
at_least_one_positive_image_by_area[1414]  0.848  0.198   0.433    1.000      0.002    0.002    7268.0   10090.0   1.00
at_least_one_positive_image_by_area[1415]  0.312  0.303   0.000    0.933      0.005    0.002    3545.0    6376.0   1.00
at_least_one_positive_image_by_area[1416]  0.137  0.190   0.000    0.532      0.003    0.003    3814.0    7158.0   1.00
at_least_one_positive_image_by_area[1417]  0.187  0.222   0.000    0.662      0.003    0.003    4146.0    6158.0   1.00
at_least_one_positive_image_by_area[1418]  0.985  0.062   0.938    1.000      0.001    0.004    5841.0    6901.0   1.00
at_least_one_positive_image_by_area[1419]  0.787  0.262   0.241    1.000      0.003    0.002    7181.0    7937.0   1.00
at_least_one_positive_image_by_area[1420]  0.224  0.254   0.000    0.779      0.004    0.003    4467.0    7733.0   1.00
at_least_one_positive_image_by_area[1421]  0.137  0.184   0.000    0.512      0.002    0.003    4449.0    6566.0   1.00
at_least_one_positive_image_by_area[1422]  0.168  0.189   0.001    0.549      0.003    0.003    3725.0    7182.0   1.00
at_least_one_positive_image_by_area[1423]  0.114  0.155   0.000    0.409      0.002    0.003    3890.0    7941.0   1.00
at_least_one_positive_image_by_area[1424]  0.272  0.265   0.000    0.831      0.003    0.002    5636.0    7757.0   1.00
at_least_one_positive_image_by_area[1425]  0.308  0.281   0.000    0.891      0.004    0.002    5414.0    7711.0   1.00
at_least_one_positive_image_by_area[1426]  0.272  0.265   0.000    0.831      0.003    0.002    5725.0    6949.0   1.00
at_least_one_positive_image_by_area[1427]  0.988  0.046   0.950    1.000      0.001    0.002    5256.0    5775.0   1.00
at_least_one_positive_image_by_area[1428]  1.000  0.000   1.000    1.000      0.000      NaN   40000.0   40000.0    NaN
at_least_one_positive_image_by_area[1429]  1.000  0.000   1.000    1.000      0.000      NaN   40000.0   40000.0    NaN
at_least_one_positive_image_by_area[1430]  1.000  0.000   1.000    1.000      0.000      NaN   40000.0   40000.0    NaN
at_least_one_positive_image_by_area[1431]  0.142  0.181   0.000    0.505      0.003    0.003    3969.0    7042.0   1.00
at_least_one_positive_image_by_area[1432]  0.157  0.204   0.000    0.584      0.003    0.003    4566.0    8128.0   1.00
at_least_one_positive_image_by_area[1433]  0.130  0.173   0.000    0.478      0.002    0.003    3679.0    7689.0   1.00
at_least_one_positive_image_by_area[1434]  0.946  0.120   0.719    1.000      0.002    0.003    5112.0    6328.0   1.00
at_least_one_positive_image_by_area[1435]  0.114  0.168   0.000    0.439      0.002    0.003    3652.0    7046.0   1.00
at_least_one_positive_image_by_area[1436]  0.044  0.089   0.000    0.168      0.001    0.002    3762.0    6368.0   1.00
at_least_one_positive_image_by_area[1437]  0.243  0.262   0.000    0.820      0.004    0.003    3184.0    5751.0   1.00
at_least_one_positive_image_by_area[1438]  1.000  0.000   1.000    1.000      0.000      NaN   40000.0   40000.0    NaN
at_least_one_positive_image_by_area[1439]  0.097  0.150   0.000    0.368      0.002    0.003    3760.0    6559.0   1.00
at_least_one_positive_image_by_area[1440]  1.000  0.000   1.000    1.000      0.000      NaN   40000.0   40000.0    NaN
at_least_one_positive_image_by_area[1441]  0.166  0.212   0.000    0.613      0.003    0.003    3427.0    6101.0   1.00
at_least_one_positive_image_by_area[1442]  0.209  0.249   0.000    0.758      0.004    0.003    3157.0    6262.0   1.00
at_least_one_positive_image_by_area[1443]  0.197  0.255   0.000    0.783      0.004    0.003    3459.0    8238.0   1.00
at_least_one_positive_image_by_area[1444]  1.000  0.000   1.000    1.000      0.000      NaN   40000.0   40000.0    NaN
at_least_one_positive_image_by_area[1445]  0.118  0.172   0.000    0.450      0.002    0.003    3895.0    7396.0   1.00
at_least_one_positive_image_by_area[1446]  0.076  0.124   0.000    0.286      0.002    0.004    3939.0    5437.0   1.00
at_least_one_positive_image_by_area[1447]  0.434  0.328   0.026    1.000      0.004    0.001    6702.0    8078.0   1.00
at_least_one_positive_image_by_area[1448]  0.156  0.205   0.000    0.590      0.003    0.003    3968.0    7533.0   1.00
at_least_one_positive_image_by_area[1449]  0.080  0.138   0.000    0.321      0.002    0.003    4046.0    5918.0   1.00
at_least_one_positive_image_by_area[1450]  1.000  0.000   1.000    1.000      0.000      NaN   40000.0   40000.0    NaN
at_least_one_positive_image_by_area[1451]  0.115  0.159   0.000    0.423      0.003    0.003    3054.0    6447.0   1.00
at_least_one_positive_image_by_area[1452]  0.134  0.169   0.000    0.471      0.003    0.003    3344.0    6726.0   1.00
at_least_one_positive_image_by_area[1453]  0.191  0.197   0.001    0.587      0.003    0.004    3569.0    5364.0   1.00
at_least_one_positive_image_by_area[1454]  0.341  0.305   0.000    0.942      0.004    0.002    6791.0    9428.0   1.00
at_least_one_positive_image_by_area[1455]  0.573  0.302   0.105    1.000      0.004    0.001    6026.0    7711.0   1.00
at_least_one_positive_image_by_area[1456]  0.104  0.168   0.000    0.429      0.002    0.003    3905.0    7284.0   1.00
at_least_one_positive_image_by_area[1457]  0.128  0.159   0.000    0.436      0.002    0.003    4083.0    6678.0   1.00
at_least_one_positive_image_by_area[1458]  0.150  0.183   0.000    0.523      0.003    0.003    3752.0    7017.0   1.00
at_least_one_positive_image_by_area[1459]  1.000  0.000   1.000    1.000      0.000      NaN   40000.0   40000.0    NaN
at_least_one_positive_image_by_area[1460]  0.245  0.252   0.001    0.787      0.003    0.003    6298.0    7144.0   1.00
at_least_one_positive_image_by_area[1461]  0.169  0.214   0.000    0.634      0.003    0.003    4894.0    8046.0   1.00
at_least_one_positive_image_by_area[1462]  0.391  0.288   0.003    0.928      0.004    0.002    5205.0    7365.0   1.00
at_least_one_positive_image_by_area[1463]  0.227  0.221   0.001    0.685      0.003    0.002    3996.0    7139.0   1.00
at_least_one_positive_image_by_area[1464]  0.758  0.265   0.226    1.000      0.004    0.003    5850.0    6461.0   1.00
at_least_one_positive_image_by_area[1465]  0.096  0.136   0.000    0.340      0.002    0.003    3444.0    6288.0   1.00
at_least_one_positive_image_by_area[1466]  0.070  0.109   0.000    0.249      0.002    0.004    3312.0    5880.0   1.00
at_least_one_positive_image_by_area[1467]  0.478  0.291   0.077    1.000      0.004    0.001    6703.0    8852.0   1.00
at_least_one_positive_image_by_area[1468]  0.036  0.080   0.000    0.137      0.001    0.003    3701.0    7177.0   1.00
at_least_one_positive_image_by_area[1469]  0.081  0.125   0.000    0.298      0.002    0.003    3053.0    5270.0   1.00
at_least_one_positive_image_by_area[1470]  0.243  0.238   0.001    0.748      0.003    0.002    6531.0    9066.0   1.00
at_least_one_positive_image_by_area[1471]  1.000  0.000   1.000    1.000      0.000      NaN   40000.0   40000.0    NaN
at_least_one_positive_image_by_area[1472]  0.041  0.082   0.000    0.157      0.001    0.002    3738.0    7141.0   1.00
at_least_one_positive_image_by_area[1473]  0.146  0.195   0.000    0.549      0.003    0.003    3526.0    5393.0   1.00
at_least_one_positive_image_by_area[1474]  0.113  0.170   0.000    0.446      0.002    0.003    3662.0    6269.0   1.00
at_least_one_positive_image_by_area[1475]  0.139  0.181   0.000    0.508      0.003    0.003    3338.0    6968.0   1.00
at_least_one_positive_image_by_area[1476]  0.830  0.223   0.360    1.000      0.003    0.003    6982.0    7699.0   1.00
at_least_one_positive_image_by_area[1477]  0.159  0.205   0.000    0.597      0.003    0.003    3598.0    7457.0   1.00
at_least_one_positive_image_by_area[1478]  0.067  0.109   0.000    0.244      0.002    0.003    3217.0    6209.0   1.00
at_least_one_positive_image_by_area[1479]  0.639  0.286   0.159    1.000      0.004    0.002    5522.0    7443.0   1.00
at_least_one_positive_image_by_area[1480]  0.256  0.241   0.002    0.756      0.003    0.002    5966.0    8459.0   1.00
at_least_one_positive_image_by_area[1481]  0.168  0.191   0.000    0.558      0.003    0.003    4053.0    6689.0   1.00
at_least_one_positive_image_by_area[1482]  0.565  0.299   0.105    1.000      0.004    0.001    6297.0    9936.0   1.00
at_least_one_positive_image_by_area[1483]  0.152  0.191   0.000    0.540      0.002    0.003    4710.0    6970.0   1.00
at_least_one_positive_image_by_area[1484]  1.000  0.000   1.000    1.000      0.000      NaN   40000.0   40000.0    NaN
at_least_one_positive_image_by_area[1485]  0.409  0.284   0.007    0.930      0.004    0.002    5494.0    9752.0   1.00
at_least_one_positive_image_by_area[1486]  0.209  0.211   0.000    0.643      0.003    0.002    5693.0    8741.0   1.00
at_least_one_positive_image_by_area[1487]  0.071  0.107   0.000    0.251      0.002    0.002    2805.0    4702.0   1.00
at_least_one_positive_image_by_area[1488]  0.527  0.335   0.046    1.000      0.004    0.001    5954.0    8162.0   1.00
at_least_one_positive_image_by_area[1489]  0.276  0.265   0.000    0.834      0.004    0.002    3009.0    3969.0   1.00
at_least_one_positive_image_by_area[1490]  0.290  0.264   0.000    0.839      0.003    0.002    6114.0    8901.0   1.00
at_least_one_positive_image_by_area[1491]  0.212  0.221   0.001    0.673      0.003    0.003    3206.0    3849.0   1.00
at_least_one_positive_image_by_area[1492]  1.000  0.000   1.000    1.000      0.000      NaN   40000.0   40000.0    NaN
at_least_one_positive_image_by_area[1493]  0.144  0.184   0.000    0.513      0.003    0.003    4005.0    6843.0   1.00
at_least_one_positive_image_by_area[1494]  0.588  0.285   0.132    1.000      0.004    0.001    5632.0    7656.0   1.00
at_least_one_positive_image_by_area[1495]  0.094  0.160   0.000    0.393      0.002    0.004    4089.0    7457.0   1.00
at_least_one_positive_image_by_area[1496]  0.489  0.310   0.063    1.000      0.004    0.001    6920.0    8814.0   1.00
at_least_one_positive_image_by_area[1497]  0.108  0.156   0.000    0.401      0.002    0.003    4274.0    7763.0   1.00
at_least_one_positive_image_by_area[1498]  0.364  0.289   0.003    0.923      0.004    0.002    5232.0    7637.0   1.00
at_least_one_positive_image_by_area[1499]  0.181  0.205   0.000    0.610      0.003    0.002    4064.0    4060.0   1.00
at_least_one_positive_image_by_area[1500]  0.277  0.260   0.000    0.813      0.003    0.002    5487.0    7221.0   1.00
at_least_one_positive_image_by_area[1501]  0.183  0.220   0.000    0.655      0.003    0.002    4749.0    5820.0   1.00
at_least_one_positive_image_by_area[1502]  0.296  0.293   0.000    0.909      0.004    0.002    5963.0    6789.0   1.00
at_least_one_positive_image_by_area[1503]  0.300  0.272   0.000    0.850      0.004    0.002    3550.0    3872.0   1.00
at_least_one_positive_image_by_area[1504]  0.247  0.249   0.000    0.779      0.003    0.002    5853.0    7725.0   1.00
at_least_one_positive_image_by_area[1505]  0.341  0.291   0.001    0.907      0.004    0.002    5281.0    6882.0   1.00
at_least_one_positive_image_by_area[1506]  0.836  0.273   0.166    1.000      0.007    0.007    2562.0    1575.0   1.00
at_least_one_positive_image_by_area[1507]  0.319  0.283   0.000    0.894      0.004    0.002    5631.0    8645.0   1.00
at_least_one_positive_image_by_area[1508]  0.205  0.246   0.000    0.746      0.004    0.003    3242.0    5185.0   1.00
at_least_one_positive_image_by_area[1509]  0.524  0.317   0.070    1.000      0.004    0.001    5465.0    7950.0   1.00
at_least_one_positive_image_by_area[1510]  0.187  0.219   0.000    0.658      0.003    0.003    3980.0    6935.0   1.00
at_least_one_positive_image_by_area[1511]  0.204  0.234   0.000    0.710      0.003    0.003    5025.0    7114.0   1.00
at_least_one_positive_image_by_area[1512]  0.542  0.317   0.072    1.000      0.005    0.001    4843.0    7426.0   1.00
at_least_one_positive_image_by_area[1513]  0.082  0.129   0.000    0.297      0.002    0.003    4234.0    6672.0   1.00
at_least_one_positive_image_by_area[1514]  0.334  0.274   0.002    0.878      0.004    0.002    5054.0    7775.0   1.00
at_least_one_positive_image_by_area[1515]  0.177  0.210   0.000    0.615      0.003    0.003    4376.0    7020.0   1.00
at_least_one_positive_image_by_area[1516]  0.411  0.289   0.005    0.943      0.004    0.002    5856.0    7875.0   1.00
at_least_one_positive_image_by_area[1517]  0.105  0.155   0.000    0.385      0.002    0.003    3942.0    5875.0   1.00
at_least_one_positive_image_by_area[1518]  1.000  0.000   1.000    1.000      0.000      NaN   40000.0   40000.0    NaN
at_least_one_positive_image_by_area[1519]  0.219  0.238   0.000    0.727      0.003    0.002    4496.0    6925.0   1.00
at_least_one_positive_image_by_area[1520]  1.000  0.000   1.000    1.000      0.000      NaN   40000.0   40000.0    NaN
at_least_one_positive_image_by_area[1521]  0.191  0.220   0.000    0.659      0.003    0.003    3648.0    6493.0   1.00
at_least_one_positive_image_by_area[1522]  0.370  0.275   0.007    0.900      0.004    0.002    4765.0    8686.0   1.00
at_least_one_positive_image_by_area[1523]  0.209  0.253   0.000    0.776      0.004    0.003    2911.0    5038.0   1.00
at_least_one_positive_image_by_area[1524]  0.366  0.290   0.002    0.921      0.004    0.002    4654.0    7225.0   1.00
at_least_one_positive_image_by_area[1525]  0.390  0.311   0.001    0.961      0.005    0.002    3457.0    4946.0   1.00
at_least_one_positive_image_by_area[1526]  0.426  0.292   0.012    0.949      0.004    0.001    5472.0    8077.0   1.00
at_least_one_positive_image_by_area[1527]  0.204  0.225   0.000    0.687      0.003    0.003    3070.0    4549.0   1.00
at_least_one_positive_image_by_area[1528]  0.527  0.331   0.050    1.000      0.005    0.001    4586.0    5003.0   1.00
at_least_one_positive_image_by_area[1529]  0.079  0.119   0.000    0.279      0.002    0.003    2668.0    3721.0   1.00
at_least_one_positive_image_by_area[1530]  1.000  0.000   1.000    1.000      0.000      NaN   40000.0   40000.0    NaN
at_least_one_positive_image_by_area[1531]  0.128  0.176   0.000    0.477      0.002    0.003    3389.0    5811.0   1.00
at_least_one_positive_image_by_area[1532]  0.303  0.262   0.001    0.836      0.003    0.002    5182.0    7531.0   1.00
at_least_one_positive_image_by_area[1533]  0.185  0.220   0.000    0.653      0.003    0.003    3943.0    6658.0   1.00
at_least_one_positive_image_by_area[1534]  0.634  0.296   0.133    1.000      0.004    0.002    5791.0    7529.0   1.00
at_least_one_positive_image_by_area[1535]  0.188  0.221   0.000    0.653      0.003    0.003    3814.0    5904.0   1.00
at_least_one_positive_image_by_area[1536]  0.618  0.297   0.122    1.000      0.004    0.002    6507.0    6813.0   1.00
at_least_one_positive_image_by_area[1537]  0.144  0.195   0.000    0.546      0.003    0.003    4072.0    7698.0   1.00
at_least_one_positive_image_by_area[1538]  1.000  0.000   1.000    1.000      0.000      NaN   40000.0   40000.0    NaN
at_least_one_positive_image_by_area[1539]  0.472  0.321   0.043    1.000      0.004    0.001    6313.0    6766.0   1.00
at_least_one_positive_image_by_area[1540]  1.000  0.000   1.000    1.000      0.000      NaN   40000.0   40000.0    NaN
at_least_one_positive_image_by_area[1541]  0.646  0.287   0.157    1.000      0.003    0.002    7641.0    9835.0   1.00
at_least_one_positive_image_by_area[1542]  0.079  0.125   0.000    0.297      0.001    0.002    4675.0    7689.0   1.00
at_least_one_positive_image_by_area[1543]  1.000  0.000   1.000    1.000      0.000      NaN   40000.0   40000.0    NaN
at_least_one_positive_image_by_area[1544]  0.333  0.278   0.001    0.884      0.003    0.002    5841.0    8522.0   1.00
at_least_one_positive_image_by_area[1545]  1.000  0.000   1.000    1.000      0.000      NaN   40000.0   40000.0    NaN
at_least_one_positive_image_by_area[1546]  0.491  0.278   0.099    1.000      0.004    0.001    5230.0    7846.0   1.00
at_least_one_positive_image_by_area[1547]  0.300  0.257   0.003    0.825      0.003    0.002    5661.0    7362.0   1.00
at_least_one_positive_image_by_area[1548]  0.411  0.293   0.009    0.948      0.004    0.002    6705.0    8969.0   1.00
at_least_one_positive_image_by_area[1549]  0.488  0.316   0.055    1.000      0.004    0.001    4826.0    7235.0   1.00
at_least_one_positive_image_by_area[1550]  0.193  0.205   0.000    0.617      0.003    0.003    5801.0    8505.0   1.00
at_least_one_positive_image_by_area[1551]  0.147  0.189   0.000    0.528      0.003    0.003    4730.0    8081.0   1.00
at_least_one_positive_image_by_area[1552]  0.175  0.209   0.000    0.618      0.003    0.003    5406.0    8177.0   1.00
at_least_one_positive_image_by_area[1553]  0.317  0.269   0.001    0.862      0.003    0.002    5228.0    8516.0   1.00
at_least_one_positive_image_by_area[1554]  0.527  0.290   0.099    1.000      0.004    0.001    4806.0    7240.0   1.00
at_least_one_positive_image_by_area[1555]  0.318  0.277   0.001    0.880      0.004    0.002    5184.0    9406.0   1.00
at_least_one_positive_image_by_area[1556]  0.600  0.292   0.130    1.000      0.004    0.002    5867.0    7978.0   1.00
at_least_one_positive_image_by_area[1557]  0.326  0.260   0.004    0.847      0.003    0.002    5977.0    8588.0   1.00
at_least_one_positive_image_by_area[1558]  1.000  0.000   1.000    1.000      0.000      NaN   40000.0   40000.0    NaN
at_least_one_positive_image_by_area[1559]  0.423  0.293   0.010    0.954      0.004    0.002    5499.0    8758.0   1.00
at_least_one_positive_image_by_area[1560]  0.574  0.284   0.134    1.000      0.004    0.001    4370.0    6382.0   1.00
at_least_one_positive_image_by_area[1561]  1.000  0.000   1.000    1.000      0.000      NaN   40000.0   40000.0    NaN
at_least_one_positive_image_by_area[1562]  0.496  0.325   0.050    1.000      0.004    0.001    6603.0    8401.0   1.00
at_least_one_positive_image_by_area[1563]  0.194  0.217   0.000    0.655      0.003    0.002    5133.0    8243.0   1.00
at_least_one_positive_image_by_area[1564]  0.851  0.213   0.393    1.000      0.003    0.003    6018.0    7192.0   1.00
at_least_one_positive_image_by_area[1565]  1.000  0.000   1.000    1.000      0.000      NaN   40000.0   40000.0    NaN
at_least_one_positive_image_by_area[1566]  0.750  0.252   0.265    1.000      0.003    0.002    6134.0    7291.0   1.00
at_least_one_positive_image_by_area[1567]  0.128  0.179   0.000    0.487      0.002    0.003    5181.0    6830.0   1.00
at_least_one_positive_image_by_area[1568]  0.319  0.290   0.000    0.908      0.004    0.002    5855.0    9485.0   1.00
at_least_one_positive_image_by_area[1569]  0.809  0.236   0.315    1.000      0.003    0.002    7096.0    7555.0   1.00
at_least_one_positive_image_by_area[1570]  0.125  0.162   0.000    0.445      0.002    0.002    4939.0    7856.0   1.00
at_least_one_positive_image_by_area[1571]  0.577  0.295   0.114    1.000      0.004    0.002    6158.0    5927.0   1.00
at_least_one_positive_image_by_area[1572]  0.340  0.283   0.002    0.897      0.004    0.002    5101.0    8422.0   1.00
at_least_one_positive_image_by_area[1573]  0.653  0.313   0.108    1.000      0.004    0.002    6426.0    7389.0   1.00
at_least_one_positive_image_by_area[1574]  0.321  0.278   0.001    0.886      0.003    0.002    6800.0    7888.0   1.00
at_least_one_positive_image_by_area[1575]  0.164  0.196   0.000    0.563      0.002    0.002    5503.0    8092.0   1.00
at_least_one_positive_image_by_area[1576]  0.954  0.109   0.756    1.000      0.002    0.003    5956.0    6796.0   1.00
at_least_one_positive_image_by_area[1577]  0.323  0.278   0.001    0.882      0.004    0.002    5459.0    7557.0   1.00
at_least_one_positive_image_by_area[1578]  0.631  0.298   0.131    1.000      0.004    0.002    6261.0    8000.0   1.00
at_least_one_positive_image_by_area[1579]  0.366  0.312   0.001    0.953      0.004    0.002    5066.0    8584.0   1.00
at_least_one_positive_image_by_area[1580]  0.466  0.316   0.045    1.000      0.004    0.001    6461.0    8500.0   1.00
at_least_one_positive_image_by_area[1581]  1.000  0.000   1.000    1.000      0.000      NaN   40000.0   40000.0    NaN
at_least_one_positive_image_by_area[1582]  0.219  0.240   0.000    0.733      0.003    0.002    5542.0    7586.0   1.00
at_least_one_positive_image_by_area[1583]  0.330  0.278   0.002    0.890      0.004    0.002    5243.0    8739.0   1.00
at_least_one_positive_image_by_area[1584]  0.554  0.302   0.094    1.000      0.004    0.001    5681.0    6300.0   1.00
at_least_one_positive_image_by_area[1585]  1.000  0.000   1.000    1.000      0.000      NaN   40000.0   40000.0    NaN
at_least_one_positive_image_by_area[1586]  0.421  0.292   0.012    0.952      0.004    0.002    6058.0    9428.0   1.00
at_least_one_positive_image_by_area[1587]  0.337  0.277   0.001    0.891      0.004    0.002    4971.0    7091.0   1.00
at_least_one_positive_image_by_area[1588]  0.505  0.334   0.044    1.000      0.005    0.001    4892.0    7298.0   1.00
at_least_one_positive_image_by_area[1589]  0.993  0.042   0.984    1.000      0.001    0.005    5648.0    6703.0   1.00
at_least_one_positive_image_by_area[1590]  0.689  0.279   0.183    1.000      0.004    0.002    5057.0    6483.0   1.00
at_least_one_positive_image_by_area[1591]  1.000  0.000   1.000    1.000      0.000      NaN   40000.0   40000.0    NaN
at_least_one_positive_image_by_area[1592]  1.000  0.000   1.000    1.000      0.000      NaN   40000.0   40000.0    NaN
at_least_one_positive_image_by_area[1593]  0.234  0.230   0.001    0.711      0.003    0.002    6119.0    8194.0   1.00
at_least_one_positive_image_by_area[1594]  0.093  0.123   0.000    0.310      0.002    0.003    5067.0    8429.0   1.00
at_least_one_positive_image_by_area[1595]  0.717  0.274   0.202    1.000      0.003    0.002    7179.0    8198.0   1.00
at_least_one_positive_image_by_area[1596]  1.000  0.000   1.000    1.000      0.000      NaN   40000.0   40000.0    NaN
at_least_one_positive_image_by_area[1597]  0.460  0.292   0.071    1.000      0.004    0.001    6114.0    9706.0   1.00
at_least_one_positive_image_by_area[1598]  0.329  0.268   0.004    0.866      0.003    0.002    5659.0    7711.0   1.00
at_least_one_positive_image_by_area[1599]  0.264  0.270   0.000    0.848      0.003    0.002    5323.0    7347.0   1.00
at_least_one_positive_image_by_area[1600]  0.290  0.259   0.001    0.822      0.003    0.002    6267.0    7870.0   1.00
at_least_one_positive_image_by_area[1601]  0.671  0.285   0.164    1.000      0.004    0.002    6595.0    9151.0   1.00
at_least_one_positive_image_by_area[1602]  0.139  0.181   0.000    0.501      0.002    0.003    4561.0    7223.0   1.00
at_least_one_positive_image_by_area[1603]  0.324  0.265   0.004    0.858      0.004    0.002    5016.0    6896.0   1.00
at_least_one_positive_image_by_area[1604]  0.324  0.295   0.000    0.915      0.004    0.002    5457.0    7974.0   1.00
at_least_one_positive_image_by_area[1605]  0.067  0.106   0.000    0.238      0.001    0.003    5047.0    7421.0   1.00
at_least_one_positive_image_by_area[1606]  0.777  0.269   0.225    1.000      0.004    0.003    5517.0    8201.0   1.00
at_least_one_positive_image_by_area[1607]  0.209  0.237   0.000    0.718      0.003    0.003    5223.0    7677.0   1.00
at_least_one_positive_image_by_area[1608]  0.243  0.259   0.000    0.803      0.003    0.002    6098.0    8128.0   1.00
at_least_one_positive_image_by_area[1609]  0.185  0.210   0.001    0.627      0.003    0.002    4779.0    6884.0   1.00
at_least_one_positive_image_by_area[1610]  0.443  0.301   0.051    1.000      0.004    0.001    5189.0    7485.0   1.00
at_least_one_positive_image_by_area[1611]  0.284  0.270   0.000    0.848      0.003    0.002    6020.0    8961.0   1.00
at_least_one_positive_image_by_area[1612]  0.188  0.209   0.000    0.622      0.003    0.002    4989.0    7068.0   1.00
at_least_one_positive_image_by_area[1613]  0.495  0.329   0.041    1.000      0.004    0.001    6508.0    7727.0   1.00
at_least_one_positive_image_by_area[1614]  0.157  0.198   0.000    0.571      0.003    0.003    4202.0    6286.0   1.00
at_least_one_positive_image_by_area[1615]  0.113  0.156   0.000    0.414      0.002    0.002    4810.0    7023.0   1.00
at_least_one_positive_image_by_area[1616]  0.202  0.223   0.000    0.673      0.002    0.002    6919.0    9233.0   1.00
at_least_one_positive_image_by_area[1617]  0.215  0.228   0.001    0.702      0.003    0.003    4250.0    6798.0   1.00
at_least_one_positive_image_by_area[1618]  0.547  0.302   0.094    1.000      0.004    0.001    6185.0    8209.0   1.00
at_least_one_positive_image_by_area[1619]  0.200  0.218   0.000    0.655      0.003    0.002    4622.0    8046.0   1.00
at_least_one_positive_image_by_area[1620]  0.259  0.252   0.000    0.789      0.004    0.002    4646.0    8169.0   1.00
at_least_one_positive_image_by_area[1621]  0.148  0.190   0.000    0.537      0.002    0.003    4463.0    6469.0   1.00
at_least_one_positive_image_by_area[1622]  0.192  0.241   0.000    0.722      0.003    0.003    5653.0    7166.0   1.00
at_least_one_positive_image_by_area[1623]  0.062  0.092   0.000    0.215      0.001    0.002    4300.0    8084.0   1.00
at_least_one_positive_image_by_area[1624]  0.100  0.156   0.000    0.390      0.002    0.003    4914.0    8524.0   1.00
at_least_one_positive_image_by_area[1625]  0.034  0.072   0.000    0.125      0.001    0.002    4711.0    9889.0   1.00
at_least_one_positive_image_by_area[1626]  1.000  0.000   1.000    1.000      0.000      NaN   40000.0   40000.0    NaN
at_least_one_positive_image_by_area[1627]  0.104  0.141   0.000    0.368      0.002    0.003    4025.0    6849.0   1.00
at_least_one_positive_image_by_area[1628]  0.474  0.303   0.062    1.000      0.004    0.001    6000.0    7838.0   1.00
at_least_one_positive_image_by_area[1629]  0.268  0.276   0.000    0.859      0.004    0.002    4910.0    8471.0   1.00
at_least_one_positive_image_by_area[1630]  0.504  0.295   0.086    1.000      0.004    0.001    6359.0    8925.0   1.00
at_least_one_positive_image_by_area[1631]  0.044  0.085   0.000    0.157      0.001    0.002    4668.0    7540.0   1.00
at_least_one_positive_image_by_area[1632]  0.303  0.267   0.001    0.849      0.003    0.002    5714.0    8102.0   1.00
at_least_one_positive_image_by_area[1633]  0.118  0.177   0.000    0.473      0.002    0.003    4609.0    8051.0   1.00
at_least_one_positive_image_by_area[1634]  0.157  0.191   0.000    0.544      0.003    0.003    4745.0    7150.0   1.00
at_least_one_positive_image_by_area[1635]  0.126  0.165   0.000    0.447      0.002    0.002    4499.0    6929.0   1.00
at_least_one_positive_image_by_area[1636]  0.248  0.267   0.000    0.825      0.004    0.002    4613.0    6659.0   1.00
at_least_one_positive_image_by_area[1637]  0.457  0.299   0.058    1.000      0.004    0.002    5670.0    7861.0   1.00
at_least_one_positive_image_by_area[1638]  0.145  0.186   0.000    0.525      0.002    0.002    5347.0    8062.0   1.00
at_least_one_positive_image_by_area[1639]  0.339  0.287   0.001    0.914      0.003    0.002    6592.0    9890.0   1.00
at_least_one_positive_image_by_area[1640]  0.914  0.187   0.509    1.000      0.003    0.005    5069.0    3960.0   1.00
at_least_one_positive_image_by_area[1641]  0.561  0.306   0.094    1.000      0.004    0.001    6232.0    6372.0   1.00
at_least_one_positive_image_by_area[1642]  0.282  0.271   0.000    0.853      0.003    0.002    5481.0    7279.0   1.00
at_least_one_positive_image_by_area[1643]  0.366  0.297   0.001    0.935      0.004    0.002    5136.0    5562.0   1.00
at_least_one_positive_image_by_area[1644]  0.249  0.245   0.001    0.767      0.003    0.002    4892.0    8466.0   1.00
at_least_one_positive_image_by_area[1645]  0.142  0.182   0.000    0.508      0.002    0.002    6132.0    8634.0   1.00
at_least_one_positive_image_by_area[1646]  0.223  0.245   0.000    0.757      0.003    0.003    4919.0    7973.0   1.00
at_least_one_positive_image_by_area[1647]  0.163  0.212   0.000    0.619      0.003    0.003    4625.0    8049.0   1.00
at_least_one_positive_image_by_area[1648]  0.118  0.183   0.000    0.493      0.002    0.003    4512.0    7416.0   1.00
at_least_one_positive_image_by_area[1649]  0.133  0.187   0.000    0.523      0.002    0.003    5177.0    8400.0   1.00
at_least_one_positive_image_by_area[1650]  0.082  0.126   0.000    0.301      0.002    0.002    5160.0    7219.0   1.00
at_least_one_positive_image_by_area[1651]  0.297  0.263   0.001    0.833      0.003    0.002    5239.0    7757.0   1.00
at_least_one_positive_image_by_area[1652]  0.158  0.192   0.000    0.558      0.002    0.002    5822.0    9984.0   1.00
at_least_one_positive_image_by_area[1653]  1.000  0.000   1.000    1.000      0.000      NaN   40000.0   40000.0    NaN
at_least_one_positive_image_by_area[1654]  0.547  0.308   0.084    1.000      0.004    0.001    6260.0    9750.0   1.00
at_least_one_positive_image_by_area[1655]  0.169  0.200   0.000    0.584      0.003    0.003    6049.0    8220.0   1.00
at_least_one_positive_image_by_area[1656]  0.345  0.277   0.004    0.895      0.004    0.002    4772.0    7039.0   1.00
at_least_one_positive_image_by_area[1657]  0.097  0.179   0.000    0.456      0.002    0.003    6095.0    9194.0   1.00
at_least_one_positive_image_by_area[1658]  0.339  0.324   0.000    0.965      0.004    0.002    5986.0    8272.0   1.00
at_least_one_positive_image_by_area[1659]  0.077  0.149   0.000    0.337      0.002    0.003    5999.0    8134.0   1.00
at_least_one_positive_image_by_area[1660]  0.420  0.307   0.038    1.000      0.004    0.002    5361.0    7708.0   1.00
at_least_one_positive_image_by_area[1661]  0.056  0.107   0.000    0.224      0.001    0.003    4213.0    6403.0   1.00
at_least_one_positive_image_by_area[1662]  0.017  0.048   0.000    0.061      0.001    0.003    4854.0    8913.0   1.00
at_least_one_positive_image_by_area[1663]  0.014  0.034   0.000    0.049      0.000    0.002    4106.0    7715.0   1.00
at_least_one_positive_image_by_area[1664]  0.025  0.056   0.000    0.091      0.001    0.002    4577.0    5687.0   1.00
at_least_one_positive_image_by_area[1665]  1.000  0.000   1.000    1.000      0.000      NaN   40000.0   40000.0    NaN
at_least_one_positive_image_by_area[1666]  0.181  0.214   0.000    0.636      0.003    0.003    4465.0    5800.0   1.00
at_least_one_positive_image_by_area[1667]  0.113  0.170   0.000    0.450      0.002    0.003    3994.0    7550.0   1.00
at_least_one_positive_image_by_area[1668]  0.092  0.142   0.000    0.353      0.002    0.003    4219.0    5988.0   1.00
at_least_one_positive_image_by_area[1669]  0.399  0.308   0.004    0.960      0.005    0.002    4416.0    7834.0   1.00
at_least_one_positive_image_by_area[1670]  0.166  0.196   0.000    0.568      0.003    0.003    4029.0    6733.0   1.00
at_least_one_positive_image_by_area[1671]  0.036  0.072   0.000    0.132      0.001    0.002    4211.0    7522.0   1.00
at_least_one_positive_image_by_area[1672]  0.047  0.092   0.000    0.176      0.001    0.003    4042.0    6284.0   1.00
at_least_one_positive_image_by_area[1673]  0.081  0.144   0.000    0.332      0.002    0.003    5149.0    9020.0   1.00
at_least_one_positive_image_by_area[1674]  0.060  0.118   0.000    0.240      0.001    0.003    5124.0    9455.0   1.00
at_least_one_positive_image_by_area[1675]  0.118  0.170   0.000    0.454      0.002    0.003    4072.0    7188.0   1.00
at_least_one_positive_image_by_area[1676]  0.054  0.092   0.000    0.202      0.001    0.002    4401.0    7245.0   1.00
at_least_one_positive_image_by_area[1677]  0.122  0.174   0.000    0.469      0.002    0.003    4523.0    7823.0   1.00
at_least_one_positive_image_by_area[1678]  0.080  0.118   0.000    0.280      0.002    0.003    3803.0    6940.0   1.00
at_least_one_positive_image_by_area[1679]  0.048  0.095   0.000    0.185      0.001    0.002    4302.0    7907.0   1.00
at_least_one_positive_image_by_area[1680]  0.176  0.221   0.000    0.657      0.003    0.003    4499.0    7108.0   1.00
at_least_one_positive_image_by_area[1681]  0.143  0.190   0.000    0.525      0.003    0.003    3550.0    7142.0   1.00
at_least_one_positive_image_by_area[1682]  0.113  0.173   0.000    0.450      0.002    0.003    4240.0    6849.0   1.00
at_least_one_positive_image_by_area[1683]  0.035  0.078   0.000    0.136      0.001    0.003    3839.0    6110.0   1.00
at_least_one_positive_image_by_area[1684]  0.104  0.149   0.000    0.376      0.002    0.003    3816.0    5729.0   1.00
at_least_one_positive_image_by_area[1685]  0.155  0.197   0.000    0.565      0.003    0.003    4240.0    6422.0   1.00
at_least_one_positive_image_by_area[1686]  0.811  0.264   0.218    1.000      0.004    0.004    4668.0    5303.0   1.00
at_least_one_positive_image_by_area[1687]  0.776  0.276   0.192    1.000      0.004    0.003    4508.0    5609.0   1.00
at_least_one_positive_image_by_area[1688]  0.030  0.088   0.000    0.119      0.001    0.003    5024.0    9155.0   1.00
at_least_one_positive_image_by_area[1689]  0.182  0.228   0.000    0.677      0.003    0.003    5383.0    8929.0   1.00
at_least_one_positive_image_by_area[1690]  0.000  0.000   0.000    0.000      0.000      NaN   40000.0   40000.0    NaN
at_least_one_positive_image_by_area[1691]  0.129  0.163   0.000    0.440      0.002    0.003    3921.0    6886.0   1.00
at_least_one_positive_image_by_area[1692]  0.277  0.255   0.001    0.804      0.003    0.002    4770.0    5592.0   1.00
at_least_one_positive_image_by_area[1693]  0.211  0.240   0.000    0.734      0.003    0.003    4908.0    7180.0   1.00
at_least_one_positive_image_by_area[1694]  0.302  0.262   0.001    0.839      0.004    0.002    4469.0    7635.0   1.00
at_least_one_positive_image_by_area[1695]  0.162  0.198   0.000    0.576      0.003    0.003    4265.0    6491.0   1.00
at_least_one_positive_image_by_area[1696]  0.158  0.186   0.000    0.535      0.003    0.003    4254.0    7425.0   1.00
at_least_one_positive_image_by_area[1697]  0.149  0.196   0.000    0.559      0.003    0.003    5140.0    6959.0   1.00
at_least_one_positive_image_by_area[1698]  0.147  0.193   0.000    0.547      0.002    0.003    5146.0    9555.0   1.00
at_least_one_positive_image_by_area[1699]  0.481  0.300   0.069    1.000      0.004    0.001    4741.0    7932.0   1.00
at_least_one_positive_image_by_area[1700]  1.000  0.000   1.000    1.000      0.000      NaN   40000.0   40000.0    NaN
at_least_one_positive_image_by_area[1701]  0.348  0.286   0.002    0.913      0.004    0.002    5438.0    8400.0   1.00
at_least_one_positive_image_by_area[1702]  0.179  0.209   0.000    0.616      0.003    0.003    5246.0    8636.0   1.00
at_least_one_positive_image_by_area[1703]  0.130  0.178   0.000    0.485      0.002    0.003    4715.0    8657.0   1.00
at_least_one_positive_image_by_area[1704]  0.327  0.265   0.005    0.859      0.004    0.002    4649.0    7415.0   1.00
at_least_one_positive_image_by_area[1705]  0.110  0.160   0.000    0.411      0.002    0.003    5445.0    9164.0   1.00
at_least_one_positive_image_by_area[1706]  0.246  0.249   0.000    0.775      0.003    0.002    5133.0    7600.0   1.00
at_least_one_positive_image_by_area[1707]  0.217  0.235   0.000    0.724      0.003    0.003    5313.0    8267.0   1.00
at_least_one_positive_image_by_area[1708]  0.085  0.136   0.000    0.320      0.002    0.003    5555.0    9460.0   1.00
at_least_one_positive_image_by_area[1709]  0.373  0.312   0.001    0.953      0.004    0.002    4987.0    6862.0   1.00
at_least_one_positive_image_by_area[1710]  0.193  0.215   0.000    0.648      0.003    0.003    4791.0    6878.0   1.00
at_least_one_positive_image_by_area[1711]  0.163  0.201   0.000    0.588      0.003    0.003    5100.0    8829.0   1.00
at_least_one_positive_image_by_area[1712]  0.262  0.246   0.000    0.773      0.004    0.002    4563.0    7862.0   1.00
at_least_one_positive_image_by_area[1713]  0.674  0.292   0.153    1.000      0.004    0.002    5505.0    7116.0   1.00
at_least_one_positive_image_by_area[1714]  0.680  0.325   0.061    1.000      0.005    0.003    4464.0    3061.0   1.00
at_least_one_positive_image_by_area[1715]  0.419  0.310   0.039    1.000      0.004    0.002    4264.0    5114.0   1.00
at_least_one_positive_image_by_area[1716]  0.254  0.227   0.002    0.719      0.003    0.002    4566.0    6381.0   1.00
at_least_one_positive_image_by_area[1717]  0.617  0.304   0.113    1.000      0.004    0.002    5396.0    7427.0   1.00
at_least_one_positive_image_by_area[1718]  0.370  0.276   0.007    0.903      0.004    0.002    4778.0    6957.0   1.00
at_least_one_positive_image_by_area[1719]  0.169  0.181   0.000    0.526      0.002    0.002    4522.0    8589.0   1.00
at_least_one_positive_image_by_area[1720]  0.104  0.165   0.000    0.417      0.002    0.003    4370.0    8208.0   1.00
at_least_one_positive_image_by_area[1721]  0.260  0.249   0.001    0.782      0.004    0.002    3607.0    6179.0   1.00
at_least_one_positive_image_by_area[1722]  0.170  0.207   0.000    0.606      0.003    0.003    4222.0    8066.0   1.00
at_least_one_positive_image_by_area[1723]  0.098  0.138   0.000    0.352      0.002    0.003    4802.0    8665.0   1.00
at_least_one_positive_image_by_area[1724]  0.129  0.169   0.000    0.453      0.002    0.003    4476.0    7368.0   1.00
at_least_one_positive_image_by_area[1725]  0.338  0.266   0.002    0.860      0.003    0.002    5103.0    6588.0   1.00
at_least_one_positive_image_by_area[1726]  0.078  0.126   0.000    0.295      0.002    0.003    4242.0    7624.0   1.00
at_least_one_positive_image_by_area[1727]  0.064  0.104   0.000    0.230      0.001    0.003    5347.0    8875.0   1.00
at_least_one_positive_image_by_area[1728]  0.236  0.228   0.001    0.706      0.003    0.002    4737.0    7509.0   1.00
at_least_one_positive_image_by_area[1729]  0.135  0.171   0.000    0.467      0.002    0.003    4866.0    7402.0   1.00
at_least_one_positive_image_by_area[1730]  0.145  0.191   0.000    0.544      0.002    0.003    5252.0    8272.0   1.00
at_least_one_positive_image_by_area[1731]  0.186  0.197   0.001    0.588      0.003    0.002    4521.0    6118.0   1.00
at_least_one_positive_image_by_area[1732]  0.152  0.194   0.000    0.552      0.002    0.003    5436.0    7956.0   1.00
at_least_one_positive_image_by_area[1733]  0.250  0.244   0.000    0.756      0.003    0.002    4951.0    9007.0   1.00
at_least_one_positive_image_by_area[1734]  0.161  0.214   0.000    0.614      0.002    0.002    6128.0    7723.0   1.00
at_least_one_positive_image_by_area[1735]  0.365  0.297   0.001    0.932      0.004    0.002    5542.0    7525.0   1.00
at_least_one_positive_image_by_area[1736]  0.338  0.302   0.001    0.935      0.004    0.002    4771.0    7677.0   1.00
at_least_one_positive_image_by_area[1737]  0.362  0.281   0.001    0.905      0.004    0.002    4900.0    8420.0   1.00
at_least_one_positive_image_by_area[1738]  0.294  0.278   0.000    0.873      0.004    0.002    4619.0    7408.0   1.00
at_least_one_positive_image_by_area[1739]  0.343  0.283   0.002    0.907      0.005    0.002    3275.0    5764.0   1.00
at_least_one_positive_image_by_area[1740]  0.295  0.297   0.000    0.912      0.004    0.002    5304.0    7253.0   1.00
at_least_one_positive_image_by_area[1741]  0.208  0.250   0.000    0.768      0.003    0.003    4362.0    7876.0   1.00
at_least_one_positive_image_by_area[1742]  0.145  0.188   0.000    0.524      0.003    0.003    4327.0    7791.0   1.00
at_least_one_positive_image_by_area[1743]  0.262  0.258   0.000    0.812      0.003    0.002    5034.0    8358.0   1.00
at_least_one_positive_image_by_area[1744]  0.215  0.238   0.000    0.726      0.003    0.002    4848.0    8292.0   1.00
at_least_one_positive_image_by_area[1745]  0.310  0.283   0.001    0.890      0.004    0.002    5327.0    7287.0   1.00
at_least_one_positive_image_by_area[1746]  0.208  0.220   0.000    0.668      0.003    0.002    4433.0    8221.0   1.00
at_least_one_positive_image_by_area[1747]  0.170  0.199   0.000    0.577      0.003    0.003    4603.0    6219.0   1.00
at_least_one_positive_image_by_area[1748]  0.346  0.290   0.001    0.914      0.004    0.002    5106.0    7268.0   1.00
at_least_one_positive_image_by_area[1749]  0.402  0.304   0.004    0.957      0.005    0.002    3790.0    6382.0   1.00
at_least_one_positive_image_by_area[1750]  0.407  0.352   0.000    0.990      0.005    0.001    3740.0    5921.0   1.00
at_least_one_positive_image_by_area[1751]  0.109  0.161   0.000    0.419      0.002    0.003    3042.0    4732.0   1.00
at_least_one_positive_image_by_area[1752]  0.276  0.260   0.001    0.815      0.004    0.002    4146.0    7310.0   1.00
at_least_one_positive_image_by_area[1753]  0.050  0.092   0.000    0.187      0.001    0.002    3151.0    4931.0   1.00
at_least_one_positive_image_by_area[1754]  0.100  0.151   0.000    0.385      0.002    0.002    3685.0    6484.0   1.00
at_least_one_positive_image_by_area[1755]  0.131  0.184   0.000    0.501      0.003    0.003    4229.0    6836.0   1.00
at_least_one_positive_image_by_area[1756]  0.080  0.128   0.000    0.310      0.002    0.002    3111.0    4668.0   1.00
at_least_one_positive_image_by_area[1757]  0.044  0.080   0.000    0.158      0.001    0.002    2862.0    5418.0   1.00
at_least_one_positive_image_by_area[1758]  0.291  0.291   0.000    0.895      0.005    0.002    2552.0    5207.0   1.00
at_least_one_positive_image_by_area[1759]  0.070  0.118   0.000    0.261      0.002    0.003    2969.0    6078.0   1.00
at_least_one_positive_image_by_area[1760]  0.145  0.183   0.000    0.507      0.003    0.003    4019.0    7250.0   1.00
at_least_one_positive_image_by_area[1761]  0.383  0.311   0.001    0.959      0.005    0.002    3717.0    5847.0   1.00
at_least_one_positive_image_by_area[1762]  0.186  0.215   0.000    0.634      0.003    0.003    3399.0    6005.0   1.00
at_least_one_positive_image_by_area[1763]  0.224  0.231   0.000    0.714      0.003    0.003    3611.0    5526.0   1.00
at_least_one_positive_image_by_area[1764]  0.109  0.154   0.000    0.403      0.002    0.003    3294.0    6810.0   1.00
at_least_one_positive_image_by_area[1765]  0.220  0.239   0.000    0.732      0.004    0.003    3724.0    7026.0   1.00
at_least_one_positive_image_by_area[1766]  0.131  0.184   0.000    0.503      0.002    0.003    3917.0    6687.0   1.00
at_least_one_positive_image_by_area[1767]  0.112  0.177   0.000    0.465      0.002    0.003    4538.0    7485.0   1.00
at_least_one_positive_image_by_area[1768]  0.161  0.211   0.000    0.609      0.003    0.003    4652.0    6976.0   1.00
at_least_one_positive_image_by_area[1769]  0.176  0.227   0.000    0.673      0.003    0.003    4724.0    7108.0   1.00
at_least_one_positive_image_by_area[1770]  0.128  0.171   0.000    0.470      0.002    0.003    4053.0    7015.0   1.00
at_least_one_positive_image_by_area[1771]  0.105  0.169   0.000    0.433      0.002    0.003    4661.0    8401.0   1.00
at_least_one_positive_image_by_area[1772]  0.146  0.204   0.000    0.574      0.003    0.003    4280.0    7190.0   1.00
at_least_one_positive_image_by_area[1773]  0.211  0.216   0.001    0.661      0.003    0.002    3556.0    5704.0   1.00
at_least_one_positive_image_by_area[1774]  1.000  0.000   1.000    1.000      0.000      NaN   40000.0   40000.0    NaN
at_least_one_positive_image_by_area[1775]  0.117  0.162   0.000    0.422      0.002    0.003    4747.0    7819.0   1.00
at_least_one_positive_image_by_area[1776]  0.497  0.291   0.085    1.000      0.004    0.001    5287.0    7503.0   1.00
at_least_one_positive_image_by_area[1777]  1.000  0.000   1.000    1.000      0.000      NaN   40000.0   40000.0    NaN
at_least_one_positive_image_by_area[1778]  0.212  0.240   0.000    0.731      0.003    0.003    5042.0    8552.0   1.00
at_least_one_positive_image_by_area[1779]  0.231  0.255   0.000    0.790      0.003    0.003    5186.0    8236.0   1.00
at_least_one_positive_image_by_area[1780]  0.061  0.113   0.000    0.242      0.001    0.002    5068.0    7938.0   1.00
at_least_one_positive_image_by_area[1781]  0.443  0.323   0.036    1.000      0.005    0.001    4379.0    7994.0   1.00
at_least_one_positive_image_by_area[1782]  0.438  0.316   0.038    1.000      0.004    0.001    4927.0    8249.0   1.00
at_least_one_positive_image_by_area[1783]  0.049  0.093   0.000    0.187      0.001    0.003    4347.0    7593.0   1.00
at_least_one_positive_image_by_area[1784]  0.185  0.211   0.000    0.630      0.003    0.003    4231.0    8118.0   1.00
at_least_one_positive_image_by_area[1785]  0.126  0.182   0.000    0.492      0.002    0.003    4475.0    7643.0   1.00
at_least_one_positive_image_by_area[1786]  0.220  0.232   0.000    0.711      0.003    0.003    4126.0    7978.0   1.00
at_least_one_positive_image_by_area[1787]  0.061  0.111   0.000    0.239      0.001    0.003    4630.0    8698.0   1.00
at_least_one_positive_image_by_area[1788]  0.143  0.190   0.000    0.534      0.002    0.003    4982.0    8814.0   1.00
at_least_one_positive_image_by_area[1789]  0.120  0.154   0.000    0.410      0.002    0.003    3529.0    6101.0   1.00
at_least_one_positive_image_by_area[1790]  0.161  0.205   0.000    0.593      0.002    0.003    6052.0    8339.0   1.00
at_least_one_positive_image_by_area[1791]  0.321  0.280   0.001    0.887      0.004    0.002    4509.0    7913.0   1.00
at_least_one_positive_image_by_area[1792]  0.171  0.206   0.000    0.599      0.003    0.003    3988.0    6395.0   1.00
at_least_one_positive_image_by_area[1793]  0.445  0.300   0.054    1.000      0.004    0.002    4980.0    6844.0   1.00
at_least_one_positive_image_by_area[1794]  0.136  0.203   0.000    0.565      0.003    0.003    5477.0    8312.0   1.00
at_least_one_positive_image_by_area[1795]  0.368  0.281   0.005    0.909      0.004    0.002    4650.0    7200.0   1.00
at_least_one_positive_image_by_area[1796]  0.158  0.180   0.000    0.518      0.002    0.002    4411.0    5663.0   1.00
at_least_one_positive_image_by_area[1797]  0.160  0.197   0.000    0.567      0.003    0.003    3563.0    6981.0   1.00
at_least_one_positive_image_by_area[1798]  0.132  0.183   0.000    0.501      0.002    0.003    4705.0    6857.0   1.00
at_least_one_positive_image_by_area[1799]  0.182  0.230   0.000    0.685      0.003    0.003    4639.0    6460.0   1.00
at_least_one_positive_image_by_area[1800]  0.116  0.173   0.000    0.455      0.002    0.003    4402.0    7096.0   1.00
at_least_one_positive_image_by_area[1801]  0.325  0.279   0.000    0.885      0.005    0.002    3085.0    5022.0   1.00
at_least_one_positive_image_by_area[1802]  0.068  0.117   0.000    0.258      0.002    0.003    4043.0    6762.0   1.00
at_least_one_positive_image_by_area[1803]  0.274  0.266   0.000    0.835      0.003    0.002    5826.0    8742.0   1.00
at_least_one_positive_image_by_area[1804]  0.077  0.123   0.000    0.286      0.001    0.002    4324.0    6586.0   1.00
at_least_one_positive_image_by_area[1805]  0.192  0.217   0.000    0.648      0.003    0.003    4342.0    8025.0   1.00
at_least_one_positive_image_by_area[1806]  0.044  0.093   0.000    0.178      0.001    0.003    3565.0    7295.0   1.00
at_least_one_positive_image_by_area[1807]  0.102  0.156   0.000    0.401      0.002    0.003    3267.0    5837.0   1.00
at_least_one_positive_image_by_area[1808]  0.119  0.171   0.000    0.460      0.003    0.003    2900.0    4665.0   1.00
at_least_one_positive_image_by_area[1809]  0.070  0.127   0.000    0.280      0.002    0.002    3373.0    5786.0   1.00
at_least_one_positive_image_by_area[1810]  0.065  0.125   0.000    0.264      0.002    0.003    3121.0    5390.0   1.00
at_least_one_positive_image_by_area[1811]  0.082  0.139   0.000    0.322      0.002    0.003    2983.0    4865.0   1.00
at_least_one_positive_image_by_area[1812]  0.050  0.108   0.000    0.203      0.001    0.003    3276.0    4389.0   1.00
at_least_one_positive_image_by_area[1813]  0.048  0.097   0.000    0.193      0.001    0.002    2984.0    4253.0   1.00
at_least_one_positive_image_by_area[1814]  0.076  0.134   0.000    0.305      0.002    0.003    2873.0    4666.0   1.00
at_least_one_positive_image_by_area[1815]  0.069  0.127   0.000    0.280      0.002    0.003    3238.0    6168.0   1.00
at_least_one_positive_image_by_area[1816]  0.042  0.084   0.000    0.161      0.001    0.002    2666.0    4491.0   1.00
at_least_one_positive_image_by_area[1817]  0.048  0.092   0.000    0.185      0.001    0.003    2851.0    4562.0   1.00
at_least_one_positive_image_by_area[1818]  0.020  0.053   0.000    0.077      0.001    0.002    3441.0    6320.0   1.00
at_least_one_positive_image_by_area[1819]  0.044  0.088   0.000    0.169      0.001    0.003    3747.0    5905.0   1.00
at_least_one_positive_image_by_area[1820]  0.026  0.059   0.000    0.096      0.001    0.002    2941.0    4715.0   1.00
at_least_one_positive_image_by_area[1821]  0.041  0.082   0.000    0.154      0.001    0.002    2820.0    5496.0   1.00
at_least_one_positive_image_by_area[1822]  0.090  0.143   0.000    0.347      0.002    0.003    2798.0    5862.0   1.00
at_least_one_positive_image_by_area[1823]  0.075  0.134   0.000    0.304      0.002    0.003    3178.0    5381.0   1.00
at_least_one_positive_image_by_area[1824]  0.069  0.132   0.000    0.296      0.002    0.003    3616.0    6267.0   1.00
at_least_one_positive_image_by_area[1825]  0.688  0.301   0.135    1.000      0.005    0.002    4172.0    5495.0   1.00
at_least_one_positive_image_by_area[1826]  0.091  0.148   0.000    0.364      0.002    0.003    3759.0    4982.0   1.00
at_least_one_positive_image_by_area[1827]  0.530  0.309   0.074    1.000      0.005    0.001    4146.0    5113.0   1.00
at_least_one_positive_image_by_area[1828]  0.176  0.226   0.000    0.663      0.003    0.003    5560.0    7850.0   1.00
at_least_one_positive_image_by_area[1829]  0.704  0.320   0.103    1.000      0.004    0.002    5814.0    7023.0   1.00
at_least_one_positive_image_by_area[1830]  0.175  0.235   0.000    0.701      0.003    0.003    5774.0    9012.0   1.00
at_least_one_positive_image_by_area[1831]  0.110  0.156   0.000    0.407      0.002    0.003    4596.0    7451.0   1.00
at_least_one_positive_image_by_area[1832]  1.000  0.000   1.000    1.000      0.000      NaN   40000.0   40000.0    NaN
at_least_one_positive_image_by_area[1833]  0.372  0.267   0.005    0.882      0.004    0.002    3669.0    7094.0   1.00
at_least_one_positive_image_by_area[1834]  0.119  0.203   0.000    0.557      0.002    0.003    4906.0    5529.0   1.00
at_least_one_positive_image_by_area[1835]  0.140  0.210   0.000    0.595      0.003    0.003    4558.0    5566.0   1.00
at_least_one_positive_image_by_area[1836]  0.150  0.189   0.000    0.535      0.003    0.003    3733.0    6896.0   1.00
at_least_one_positive_image_by_area[1837]  0.032  0.074   0.000    0.122      0.001    0.002    3771.0    7525.0   1.00
at_least_one_positive_image_by_area[1838]  0.043  0.084   0.000    0.161      0.001    0.003    3245.0    5980.0   1.00
at_least_one_positive_image_by_area[1839]  0.151  0.193   0.000    0.548      0.003    0.003    3858.0    8099.0   1.00
at_least_one_positive_image_by_area[1840]  0.157  0.214   0.000    0.619      0.003    0.003    4852.0    8246.0   1.00
at_least_one_positive_image_by_area[1841]  0.128  0.160   0.000    0.435      0.002    0.003    4562.0    8033.0   1.00
at_least_one_positive_image_by_area[1842]  0.299  0.265   0.000    0.844      0.004    0.002    4130.0    7076.0   1.00
at_least_one_positive_image_by_area[1843]  0.094  0.144   0.000    0.352      0.002    0.003    5048.0    7797.0   1.00
at_least_one_positive_image_by_area[1844]  0.015  0.044   0.000    0.055      0.000    0.002    5158.0    8523.0   1.00
at_least_one_positive_image_by_area[1845]  0.040  0.081   0.000    0.149      0.001    0.003    2970.0    6580.0   1.00
at_least_one_positive_image_by_area[1846]  0.082  0.136   0.000    0.318      0.002    0.003    3143.0    5960.0   1.00
at_least_one_positive_image_by_area[1847]  0.075  0.136   0.000    0.308      0.002    0.003    4514.0    8082.0   1.00
at_least_one_positive_image_by_area[1848]  0.127  0.188   0.000    0.514      0.003    0.003    3468.0    6363.0   1.00
at_least_one_positive_image_by_area[1849]  0.273  0.281   0.000    0.870      0.004    0.002    3341.0    5993.0   1.00
at_least_one_positive_image_by_area[1850]  0.020  0.051   0.000    0.073      0.001    0.002    3343.0    5441.0   1.00
at_least_one_positive_image_by_area[1851]  0.024  0.054   0.000    0.089      0.001    0.002    3286.0    6611.0   1.00
at_least_one_positive_image_by_area[1852]  0.084  0.140   0.000    0.333      0.002    0.003    3376.0    6189.0   1.00
at_least_one_positive_image_by_area[1853]  0.098  0.153   0.000    0.377      0.002    0.003    3834.0    8218.0   1.00
at_least_one_positive_image_by_area[1854]  0.085  0.138   0.000    0.326      0.002    0.003    3151.0    7283.0   1.00
at_least_one_positive_image_by_area[1855]  0.011  0.032   0.000    0.040      0.000    0.001    3975.0    8387.0   1.00
at_least_one_positive_image_by_area[1856]  0.023  0.060   0.000    0.086      0.001    0.002    4184.0    6645.0   1.00
at_least_one_positive_image_by_area[1857]  0.058  0.101   0.000    0.222      0.001    0.002    3844.0    8423.0   1.00
at_least_one_positive_image_by_area[1858]  0.085  0.159   0.000    0.383      0.002    0.003    4785.0    7786.0   1.00
at_least_one_positive_image_by_area[1859]  0.156  0.216   0.000    0.622      0.003    0.003    4485.0    6754.0   1.00
at_least_one_positive_image_by_area[1860]  0.216  0.234   0.000    0.717      0.003    0.003    3469.0    6049.0   1.00
at_least_one_positive_image_by_area[1861]  0.130  0.156   0.001    0.425      0.002    0.003    3397.0    6192.0   1.00
at_least_one_positive_image_by_area[1862]  0.119  0.195   0.000    0.529      0.002    0.003    4307.0    7335.0   1.00
at_least_one_positive_image_by_area[1863]  0.076  0.134   0.000    0.306      0.002    0.003    3856.0    6547.0   1.00
at_least_one_positive_image_by_area[1864]  0.318  0.280   0.001    0.887      0.004    0.002    3627.0    5276.0   1.00
at_least_one_positive_image_by_area[1865]  0.057  0.100   0.000    0.210      0.001    0.002    3905.0    6065.0   1.00
at_least_one_positive_image_by_area[1866]  0.082  0.137   0.000    0.318      0.002    0.003    3644.0    8379.0   1.00
at_least_one_positive_image_by_area[1867]  0.215  0.235   0.000    0.716      0.004    0.003    3376.0    6487.0   1.00
at_least_one_positive_image_by_area[1868]  0.076  0.134   0.000    0.308      0.002    0.004    3560.0    6447.0   1.00
at_least_one_positive_image_by_area[1869]  0.171  0.199   0.000    0.592      0.003    0.003    3420.0    6016.0   1.00
at_least_one_positive_image_by_area[1870]  0.124  0.168   0.000    0.454      0.003    0.003    3361.0    6409.0   1.00
at_least_one_positive_image_by_area[1871]  0.083  0.123   0.000    0.297      0.002    0.003    3883.0    6926.0   1.00
at_least_one_positive_image_by_area[1872]  0.069  0.112   0.000    0.249      0.002    0.003    3856.0    7713.0   1.00
at_least_one_positive_image_by_area[1873]  0.064  0.118   0.000    0.253      0.001    0.003    4875.0    6809.0   1.00
at_least_one_positive_image_by_area[1874]  0.132  0.188   0.000    0.514      0.002    0.003    4716.0    6307.0   1.00
at_least_one_positive_image_by_area[1875]  0.177  0.214   0.000    0.627      0.003    0.003    5121.0    8465.0   1.00
at_least_one_positive_image_by_area[1876]  0.188  0.229   0.000    0.687      0.003    0.003    3796.0    6497.0   1.00
at_least_one_positive_image_by_area[1877]  0.121  0.192   0.000    0.522      0.002    0.003    5593.0    8716.0   1.00
at_least_one_positive_image_by_area[1878]  0.648  0.280   0.168    1.000      0.004    0.002    5169.0    7843.0   1.00
at_least_one_positive_image_by_area[1879]  0.850  0.235   0.314    1.000      0.004    0.003    4822.0    6845.0   1.00
at_least_one_positive_image_by_area[1880]  1.000  0.000   1.000    1.000      0.000      NaN   40000.0   40000.0    NaN
at_least_one_positive_image_by_area[1881]  0.524  0.302   0.085    1.000      0.004    0.001    5651.0    8045.0   1.00
at_least_one_positive_image_by_area[1882]  0.772  0.254   0.266    1.000      0.004    0.002    5401.0    7947.0   1.00
at_least_one_positive_image_by_area[1883]  0.330  0.267   0.003    0.858      0.004    0.002    3343.0    5855.0   1.00
at_least_one_positive_image_by_area[1884]  0.292  0.256   0.003    0.816      0.004    0.002    4341.0    6048.0   1.00
at_least_one_positive_image_by_area[1885]  0.286  0.269   0.001    0.846      0.004    0.002    4580.0    7189.0   1.00
at_least_one_positive_image_by_area[1886]  1.000  0.000   1.000    1.000      0.000      NaN   40000.0   40000.0    NaN
at_least_one_positive_image_by_area[1887]  0.332  0.284   0.001    0.897      0.004    0.002    5609.0    8109.0   1.00
at_least_one_positive_image_by_area[1888]  0.495  0.332   0.045    1.000      0.005    0.001    4478.0    7838.0   1.00
at_least_one_positive_image_by_area[1889]  0.089  0.158   0.000    0.383      0.002    0.003    3005.0    6517.0   1.00
at_least_one_positive_image_by_area[1890]  0.326  0.271   0.003    0.873      0.003    0.002    6015.0    8548.0   1.00
at_least_one_positive_image_by_area[1891]  1.000  0.000   1.000    1.000      0.000      NaN   40000.0   40000.0    NaN
at_least_one_positive_image_by_area[1892]  0.372  0.295   0.002    0.936      0.005    0.002    3478.0    5103.0   1.00
at_least_one_positive_image_by_area[1893]  0.347  0.330   0.000    0.975      0.005    0.002    4256.0    7614.0   1.00
at_least_one_positive_image_by_area[1894]  0.350  0.277   0.004    0.893      0.004    0.002    3761.0    7913.0   1.00
at_least_one_positive_image_by_area[1895]  0.152  0.177   0.000    0.505      0.003    0.003    3686.0    6906.0   1.00
at_least_one_positive_image_by_area[1896]  0.384  0.291   0.003    0.930      0.004    0.002    4764.0    6904.0   1.00
at_least_one_positive_image_by_area[1897]  0.587  0.298   0.112    1.000      0.004    0.001    5047.0    7086.0   1.00
at_least_one_positive_image_by_area[1898]  0.242  0.238   0.001    0.743      0.003    0.002    5662.0    8509.0   1.00
at_least_one_positive_image_by_area[1899]  0.334  0.268   0.004    0.863      0.004    0.002    3681.0    7541.0   1.00
at_least_one_positive_image_by_area[1900]  0.236  0.259   0.000    0.799      0.003    0.002    5890.0    7733.0   1.00
at_least_one_positive_image_by_area[1901]  0.327  0.267   0.001    0.858      0.003    0.002    5450.0    8348.0   1.00
at_least_one_positive_image_by_area[1902]  0.214  0.202   0.002    0.619      0.003    0.002    3158.0    5836.0   1.00
at_least_one_positive_image_by_area[1903]  0.239  0.252   0.000    0.777      0.003    0.002    5195.0    7501.0   1.00
at_least_one_positive_image_by_area[1904]  0.135  0.191   0.000    0.535      0.002    0.003    4497.0    7201.0   1.00
at_least_one_positive_image_by_area[1905]  0.435  0.321   0.029    1.000      0.005    0.001    4116.0    5135.0   1.00
at_least_one_positive_image_by_area[1906]  1.000  0.000   1.000    1.000      0.000      NaN   40000.0   40000.0    NaN
at_least_one_positive_image_by_area[1907]  0.182  0.221   0.000    0.650      0.003    0.002    3734.0    6813.0   1.00
at_least_one_positive_image_by_area[1908]  0.647  0.288   0.156    1.000      0.004    0.002    5703.0    7245.0   1.00
at_least_one_positive_image_by_area[1909]  0.604  0.339   0.058    1.000      0.005    0.002    4195.0    5275.0   1.00
at_least_one_positive_image_by_area[1910]  0.346  0.290   0.001    0.916      0.003    0.002    6494.0    8523.0   1.00
at_least_one_positive_image_by_area[1911]  0.440  0.304   0.048    1.000      0.004    0.001    6291.0    8263.0   1.00
at_least_one_positive_image_by_area[1912]  0.321  0.261   0.003    0.843      0.004    0.002    3748.0    8227.0   1.00
at_least_one_positive_image_by_area[1913]  0.606  0.280   0.156    1.000      0.004    0.002    3999.0    6210.0   1.00
at_least_one_positive_image_by_area[1914]  0.996  0.027   0.990    1.000      0.000    0.002    6543.0    8455.0   1.00
at_least_one_positive_image_by_area[1915]  0.622  0.311   0.104    1.000      0.004    0.002    5359.0    5992.0   1.00
at_least_one_positive_image_by_area[1916]  0.159  0.199   0.000    0.573      0.003    0.002    4557.0    7242.0   1.00
at_least_one_positive_image_by_area[1917]  0.189  0.191   0.001    0.577      0.003    0.003    2923.0    6077.0   1.00
at_least_one_positive_image_by_area[1918]  0.251  0.271   0.000    0.839      0.003    0.002    6058.0    9724.0   1.00
at_least_one_positive_image_by_area[1919]  0.504  0.318   0.056    1.000      0.004    0.001    6690.0    8514.0   1.00
at_least_one_positive_image_by_area[1920]  1.000  0.000   1.000    1.000      0.000      NaN   40000.0   40000.0    NaN
at_least_one_positive_image_by_area[1921]  0.040  0.080   0.000    0.147      0.001    0.002    3809.0    6374.0   1.00
at_least_one_positive_image_by_area[1922]  0.159  0.192   0.000    0.551      0.003    0.003    4802.0    8346.0   1.00
at_least_one_positive_image_by_area[1923]  0.130  0.189   0.000    0.527      0.003    0.003    4419.0    7306.0   1.00
at_least_one_positive_image_by_area[1924]  0.098  0.156   0.000    0.395      0.003    0.003    2415.0    5028.0   1.00
at_least_one_positive_image_by_area[1925]  0.018  0.052   0.000    0.065      0.001    0.002    2949.0    5376.0   1.00
at_least_one_positive_image_by_area[1926]  0.010  0.030   0.000    0.037      0.000    0.002    1490.0    2441.0   1.00
at_least_one_positive_image_by_area[1927]  0.551  0.312   0.081    1.000      0.004    0.001    6101.0    8592.0   1.00
at_least_one_positive_image_by_area[1928]  0.941  0.132   0.683    1.000      0.002    0.003    5589.0    7029.0   1.00
at_least_one_positive_image_by_area[1929]  0.061  0.106   0.000    0.225      0.001    0.003    5284.0    8476.0   1.00
at_least_one_positive_image_by_area[1930]  1.000  0.000   1.000    1.000      0.000      NaN   40000.0   40000.0    NaN
at_least_one_positive_image_by_area[1931]  0.312  0.263   0.002    0.842      0.004    0.002    4706.0    8169.0   1.00
at_least_one_positive_image_by_area[1932]  0.248  0.264   0.000    0.824      0.004    0.002    4526.0    8194.0   1.00
at_least_one_positive_image_by_area[1933]  1.000  0.000   1.000    1.000      0.000      NaN   40000.0   40000.0    NaN
at_least_one_positive_image_by_area[1934]  1.000  0.000   1.000    1.000      0.000      NaN   40000.0   40000.0    NaN
at_least_one_positive_image_by_area[1935]  0.385  0.281   0.005    0.916      0.003    0.002    7207.0    9308.0   1.00
at_least_one_positive_image_by_area[1936]  1.000  0.000   1.000    1.000      0.000      NaN   40000.0   40000.0    NaN
at_least_one_positive_image_by_area[1937]  0.030  0.068   0.000    0.115      0.001    0.002    1986.0    4017.0   1.00
at_least_one_positive_image_by_area[1938]  0.019  0.058   0.000    0.072      0.001    0.003    2560.0    5445.0   1.00
at_least_one_positive_image_by_area[1939]  1.000  0.000   1.000    1.000      0.000      NaN   40000.0   40000.0    NaN
at_least_one_positive_image_by_area[1940]  1.000  0.000   1.000    1.000      0.000      NaN   40000.0   40000.0    NaN
at_least_one_positive_image_by_area[1941]  0.711  0.278   0.196    1.000      0.003    0.002    7012.0    8774.0   1.00
at_least_one_positive_image_by_area[1942]  0.183  0.241   0.000    0.725      0.003    0.003    5344.0    6879.0   1.00
at_least_one_positive_image_by_area[1943]  1.000  0.000   1.000    1.000      0.000      NaN   40000.0   40000.0    NaN
at_least_one_positive_image_by_area[1944]  0.573  0.299   0.108    1.000      0.004    0.001    5680.0    8669.0   1.00
at_least_one_positive_image_by_area[1945]  0.578  0.329   0.064    1.000      0.004    0.002    5884.0    6731.0   1.00
at_least_one_positive_image_by_area[1946]  1.000  0.000   1.000    1.000      0.000      NaN   40000.0   40000.0    NaN
at_least_one_positive_image_by_area[1947]  0.596  0.302   0.115    1.000      0.004    0.002    6321.0    7124.0   1.00
at_least_one_positive_image_by_area[1948]  0.060  0.115   0.000    0.247      0.002    0.003    2519.0    4545.0   1.00
at_least_one_positive_image_by_area[1949]  0.118  0.182   0.000    0.483      0.003    0.003    2287.0    3497.0   1.00
at_least_one_positive_image_by_area[1950]  0.104  0.177   0.000    0.460      0.003    0.003    2822.0    4323.0   1.00
at_least_one_positive_image_by_area[1951]  0.081  0.142   0.000    0.330      0.002    0.003    2856.0    5050.0   1.00
at_least_one_positive_image_by_area[1952]  1.000  0.000   1.000    1.000      0.000      NaN   40000.0   40000.0    NaN
at_least_one_positive_image_by_area[1953]  0.562  0.322   0.070    1.000      0.005    0.001    4803.0    5767.0   1.00
at_least_one_positive_image_by_area[1954]  0.511  0.324   0.050    1.000      0.004    0.001    6439.0    6426.0   1.00
at_least_one_positive_image_by_area[1955]  0.806  0.251   0.271    1.000      0.003    0.003    6879.0    5795.0   1.00
at_least_one_positive_image_by_area[1956]  0.599  0.295   0.121    1.000      0.003    0.001    7107.0    8053.0   1.00
at_least_one_positive_image_by_area[1957]  0.789  0.246   0.291    1.000      0.003    0.002    6101.0    7976.0   1.00
at_least_one_positive_image_by_area[1958]  0.074  0.134   0.000    0.298      0.002    0.003    3716.0    5505.0   1.00
at_least_one_positive_image_by_area[1959]  0.061  0.104   0.000    0.225      0.001    0.002    4655.0    8485.0   1.00
at_least_one_positive_image_by_area[1960]  0.962  0.097   0.808    1.000      0.001    0.003    5522.0    7145.0   1.00
at_least_one_positive_image_by_area[1961]  0.195  0.234   0.000    0.699      0.003    0.003    5951.0    8353.0   1.00
at_least_one_positive_image_by_area[1962]  1.000  0.000   1.000    1.000      0.000      NaN   40000.0   40000.0    NaN
at_least_one_positive_image_by_area[1963]  0.384  0.304   0.002    0.948      0.004    0.002    6121.0    7697.0   1.00
at_least_one_positive_image_by_area[1964]  0.383  0.276   0.010    0.912      0.004    0.002    3837.0    5976.0   1.00
at_least_one_positive_image_by_area[1965]  0.031  0.076   0.000    0.122      0.001    0.003    5211.0    8603.0   1.00
at_least_one_positive_image_by_area[1966]  0.113  0.180   0.000    0.473      0.003    0.004    3265.0    6459.0   1.00
at_least_one_positive_image_by_area[1967]  0.057  0.117   0.000    0.239      0.001    0.003    7075.0   10579.0   1.00
at_least_one_positive_image_by_area[1968]  0.389  0.278   0.007    0.908      0.004    0.002    6063.0    8732.0   1.00
at_least_one_positive_image_by_area[1969]  0.842  0.203   0.418    1.000      0.003    0.002    5553.0    7363.0   1.00
at_least_one_positive_image_by_area[1970]  0.509  0.301   0.077    1.000      0.004    0.001    4116.0    6337.0   1.00
at_least_one_positive_image_by_area[1971]  0.354  0.264   0.004    0.863      0.004    0.002    4255.0    6007.0   1.00
at_least_one_positive_image_by_area[1972]  1.000  0.000   1.000    1.000      0.000      NaN   40000.0   40000.0    NaN
at_least_one_positive_image_by_area[1973]  0.662  0.319   0.099    1.000      0.004    0.002    5527.0    8034.0   1.00
at_least_one_positive_image_by_area[1974]  0.775  0.268   0.225    1.000      0.003    0.002    7361.0    8704.0   1.00
at_least_one_positive_image_by_area[1975]  0.876  0.202   0.432    1.000      0.003    0.003    4798.0    5742.0   1.00
at_least_one_positive_image_by_area[1976]  0.569  0.336   0.056    1.000      0.004    0.001    6609.0    8804.0   1.00
at_least_one_positive_image_by_area[1977]  0.645  0.313   0.110    1.000      0.004    0.002    5908.0    6846.0   1.00
at_least_one_positive_image_by_area[1978]  0.629  0.303   0.119    1.000      0.004    0.002    5640.0    7319.0   1.00
at_least_one_positive_image_by_area[1979]  0.403  0.275   0.015    0.923      0.004    0.002    4108.0    6153.0   1.00
at_least_one_positive_image_by_area[1980]  1.000  0.000   1.000    1.000      0.000      NaN   40000.0   40000.0    NaN
at_least_one_positive_image_by_area[1981]  1.000  0.000   1.000    1.000      0.000      NaN   40000.0   40000.0    NaN
at_least_one_positive_image_by_area[1982]  0.587  0.312   0.093    1.000      0.004    0.002    5009.0    6142.0   1.00
at_least_one_positive_image_by_area[1983]  1.000  0.000   1.000    1.000      0.000      NaN   40000.0   40000.0    NaN
at_least_one_positive_image_by_area[1984]  0.042  0.080   0.000    0.156      0.001    0.002    3481.0    7640.0   1.00
at_least_one_positive_image_by_area[1985]  0.082  0.112   0.000    0.273      0.002    0.002    2981.0    5125.0   1.00
at_least_one_positive_image_by_area[1986]  0.078  0.125   0.000    0.290      0.002    0.003    3645.0    6803.0   1.00
at_least_one_positive_image_by_area[1987]  0.119  0.155   0.000    0.418      0.002    0.003    4040.0    6479.0   1.00
at_least_one_positive_image_by_area[1988]  0.047  0.081   0.000    0.171      0.001    0.002    3151.0    5613.0   1.00
at_least_one_positive_image_by_area[1989]  0.351  0.274   0.003    0.883      0.004    0.002    5302.0    6741.0   1.00
at_least_one_positive_image_by_area[1990]  0.178  0.212   0.000    0.625      0.003    0.002    5803.0    8636.0   1.00
at_least_one_positive_image_by_area[1991]  0.082  0.128   0.000    0.308      0.002    0.003    5173.0    7960.0   1.00
at_least_one_positive_image_by_area[1992]  0.115  0.185   0.000    0.500      0.003    0.003    1529.0    3289.0   1.00
at_least_one_positive_image_by_area[1993]  0.002  0.012   0.000    0.007      0.000    0.001    1795.0    3370.0   1.00
at_least_one_positive_image_by_area[1994]  0.502  0.317   0.061    1.000      0.004    0.001    6276.0    8867.0   1.00
at_least_one_positive_image_by_area[1995]  0.158  0.188   0.000    0.540      0.003    0.003    4979.0    9211.0   1.00
at_least_one_positive_image_by_area[1996]  0.028  0.067   0.000    0.109      0.001    0.003    2141.0    3951.0   1.00
at_least_one_positive_image_by_area[1997]  0.033  0.085   0.000    0.130      0.001    0.003    2233.0    3968.0   1.00
at_least_one_positive_image_by_area[1998]  0.067  0.122   0.000    0.265      0.002    0.004    1713.0    3496.0   1.00
at_least_one_positive_image_by_area[1999]  1.000  0.000   1.000    1.000      0.000      NaN   40000.0   40000.0    NaN
at_least_one_positive_image_by_area[2000]  0.175  0.204   0.000    0.598      0.003    0.002    4204.0    7375.0   1.00
at_least_one_positive_image_by_area[2001]  1.000  0.000   1.000    1.000      0.000      NaN   40000.0   40000.0    NaN
at_least_one_positive_image_by_area[2002]  0.283  0.258   0.001    0.812      0.003    0.002    6479.0    9339.0   1.00
at_least_one_positive_image_by_area[2003]  1.000  0.000   1.000    1.000      0.000      NaN   40000.0   40000.0    NaN
at_least_one_positive_image_by_area[2004]  0.311  0.302   0.000    0.924      0.004    0.002    5771.0    7960.0   1.00
at_least_one_positive_image_by_area[2005]  0.256  0.248   0.000    0.778      0.003    0.002    5795.0    8155.0   1.00
at_least_one_positive_image_by_area[2006]  0.227  0.238   0.000    0.735      0.003    0.002    5620.0    8099.0   1.00
at_least_one_positive_image_by_area[2007]  0.091  0.152   0.000    0.365      0.002    0.003    5605.0    8254.0   1.00
at_least_one_positive_image_by_area[2008]  1.000  0.000   1.000    1.000      0.000      NaN   40000.0   40000.0    NaN
at_least_one_positive_image_by_area[2009]  0.978  0.083   0.903    1.000      0.001    0.004    5952.0    5556.0   1.00
at_least_one_positive_image_by_area[2010]  1.000  0.000   1.000    1.000      0.000      NaN   40000.0   40000.0    NaN
at_least_one_positive_image_by_area[2011]  0.125  0.192   0.000    0.524      0.003    0.003    3860.0    7096.0   1.00
at_least_one_positive_image_by_area[2012]  0.466  0.313   0.047    1.000      0.005    0.001    3379.0    4886.0   1.00
at_least_one_positive_image_by_area[2013]  0.837  0.191   0.450    1.000      0.003    0.003    4931.0    7143.0   1.00
at_least_one_positive_image_by_area[2014]  1.000  0.000   1.000    1.000      0.000      NaN   40000.0   40000.0    NaN
at_least_one_positive_image_by_area[2015]  0.579  0.334   0.064    1.000      0.005    0.001    5445.0    6648.0   1.00
at_least_one_positive_image_by_area[2016]  0.953  0.137   0.743    1.000      0.002    0.005    5283.0    4737.0   1.00
at_least_one_positive_image_by_area[2017]  0.167  0.205   0.000    0.598      0.003    0.003    4154.0    7822.0   1.00
at_least_one_positive_image_by_area[2018]  0.373  0.274   0.006    0.897      0.004    0.002    4899.0    8038.0   1.00
at_least_one_positive_image_by_area[2019]  1.000  0.000   1.000    1.000      0.000      NaN   40000.0   40000.0    NaN
at_least_one_positive_image_by_area[2020]  0.358  0.294   0.001    0.924      0.004    0.002    3857.0    7725.0   1.00
at_least_one_positive_image_by_area[2021]  0.376  0.306   0.000    0.951      0.004    0.002    5365.0    8480.0   1.00
at_least_one_positive_image_by_area[2022]  1.000  0.000   1.000    1.000      0.000      NaN   40000.0   40000.0    NaN
at_least_one_positive_image_by_area[2023]  0.477  0.308   0.058    1.000      0.004    0.001    5013.0    6105.0   1.00
at_least_one_positive_image_by_area[2024]  0.375  0.305   0.002    0.947      0.004    0.002    6730.0    9447.0   1.00
at_least_one_positive_image_by_area[2025]  0.278  0.289   0.000    0.886      0.004    0.002    5679.0    8331.0   1.00
at_least_one_positive_image_by_area[2026]  0.320  0.325   0.000    0.965      0.004    0.002    6534.0    9254.0   1.00
at_least_one_positive_image_by_area[2027]  0.523  0.358   0.023    1.000      0.007    0.001    2557.0    3023.0   1.00
at_least_one_positive_image_by_area[2028]  0.285  0.308   0.000    0.931      0.004    0.002    4766.0    6777.0   1.00
at_least_one_positive_image_by_area[2029]  0.376  0.304   0.001    0.946      0.005    0.002    3609.0    6576.0   1.00
at_least_one_positive_image_by_area[2030]  0.201  0.234   0.000    0.709      0.004    0.002    2364.0    3497.0   1.00
at_least_one_positive_image_by_area[2031]  1.000  0.000   1.000    1.000      0.000      NaN   40000.0   40000.0    NaN
at_least_one_positive_image_by_area[2032]  0.502  0.305   0.070    1.000      0.004    0.001    5944.0    8629.0   1.00
at_least_one_positive_image_by_area[2033]  0.076  0.125   0.000    0.286      0.002    0.003    6752.0    8546.0   1.00
at_least_one_positive_image_by_area[2034]  0.120  0.162   0.000    0.424      0.002    0.003    5264.0    7703.0   1.00
at_least_one_positive_image_by_area[2035]  0.409  0.331   0.001    0.980      0.005    0.001    4179.0    7026.0   1.00
at_least_one_positive_image_by_area[2036]  0.093  0.150   0.000    0.372      0.002    0.003    4174.0    7652.0   1.00
at_least_one_positive_image_by_area[2037]  0.028  0.076   0.000    0.106      0.001    0.003    3323.0    6427.0   1.00
at_least_one_positive_image_by_area[2038]  0.234  0.269   0.000    0.830      0.004    0.002    3153.0    5261.0   1.00
at_least_one_positive_image_by_area[2039]  0.171  0.206   0.000    0.606      0.003    0.002    5016.0    8101.0   1.00
at_least_one_positive_image_by_area[2040]  1.000  0.000   1.000    1.000      0.000      NaN   40000.0   40000.0    NaN
at_least_one_positive_image_by_area[2041]  1.000  0.000   1.000    1.000      0.000      NaN   40000.0   40000.0    NaN
at_least_one_positive_image_by_area[2042]  0.153  0.212   0.000    0.611      0.003    0.003    4999.0    6348.0   1.00
at_least_one_positive_image_by_area[2043]  0.178  0.203   0.000    0.601      0.003    0.002    5231.0    7592.0   1.00
at_least_one_positive_image_by_area[2044]  0.365  0.289   0.002    0.922      0.004    0.002    5408.0    8167.0   1.00
at_least_one_positive_image_by_area[2045]  0.138  0.180   0.000    0.498      0.003    0.003    3822.0    6413.0   1.00
at_least_one_positive_image_by_area[2046]  0.038  0.077   0.000    0.140      0.001    0.002    3554.0    5067.0   1.00
at_least_one_positive_image_by_area[2047]  0.060  0.111   0.000    0.235      0.002    0.003    3552.0    6404.0   1.00
at_least_one_positive_image_by_area[2048]  0.133  0.189   0.000    0.518      0.003    0.003    3586.0    6457.0   1.00
at_least_one_positive_image_by_area[2049]  0.354  0.323   0.000    0.967      0.004    0.002    5465.0    6818.0   1.00
at_least_one_positive_image_by_area[2050]  0.567  0.327   0.066    1.000      0.005    0.002    4381.0    5871.0   1.00
at_least_one_positive_image_by_area[2051]  0.337  0.298   0.000    0.927      0.004    0.002    3705.0    4021.0   1.00
at_least_one_positive_image_by_area[2052]  0.691  0.292   0.162    1.000      0.004    0.002    6800.0    8032.0   1.00
at_least_one_positive_image_by_area[2053]  1.000  0.000   1.000    1.000      0.000      NaN   40000.0   40000.0    NaN
at_least_one_positive_image_by_area[2054]  0.739  0.259   0.246    1.000      0.003    0.002    6783.0    9457.0   1.00
at_least_one_positive_image_by_area[2055]  0.273  0.330   0.000    0.975      0.003    0.002    7643.0    7910.0   1.00
at_least_one_positive_image_by_area[2056]  0.000  0.000   0.000    0.000      0.000      NaN   40000.0   40000.0    NaN
at_least_one_positive_image_by_area[2057]  0.054  0.106   0.000    0.210      0.002    0.003    3623.0    6647.0   1.00
at_least_one_positive_image_by_area[2058]  0.624  0.284   0.151    1.000      0.004    0.002    5507.0    6511.0   1.00
at_least_one_positive_image_by_area[2059]  0.562  0.313   0.080    1.000      0.005    0.001    4960.0    7699.0   1.00
at_least_one_positive_image_by_area[2060]  0.389  0.299   0.002    0.944      0.004    0.002    4638.0    7610.0   1.00
at_least_one_positive_image_by_area[2061]  0.206  0.251   0.000    0.778      0.004    0.003    4245.0    7915.0   1.00
at_least_one_positive_image_by_area[2062]  1.000  0.000   1.000    1.000      0.000      NaN   40000.0   40000.0    NaN
at_least_one_positive_image_by_area[2063]  0.913  0.212   0.415    1.000      0.004    0.007    5033.0    2977.0   1.00
at_least_one_positive_image_by_area[2064]  1.000  0.000   1.000    1.000      0.000      NaN   40000.0   40000.0    NaN
at_least_one_positive_image_by_area[2065]  0.236  0.238   0.001    0.744      0.003    0.003    4550.0    8002.0   1.00
at_least_one_positive_image_by_area[2066]  0.159  0.196   0.000    0.566      0.003    0.002    4334.0    7133.0   1.00
at_least_one_positive_image_by_area[2067]  0.548  0.313   0.082    1.000      0.005    0.002    3544.0    5884.0   1.00
at_least_one_positive_image_by_area[2068]  0.123  0.162   0.000    0.438      0.002    0.003    4498.0    5945.0   1.00
at_least_one_positive_image_by_area[2069]  0.264  0.247   0.001    0.776      0.003    0.002    5106.0    7527.0   1.00
at_least_one_positive_image_by_area[2070]  0.278  0.265   0.001    0.841      0.004    0.003    4881.0    8290.0   1.00
at_least_one_positive_image_by_area[2071]  1.000  0.000   1.000    1.000      0.000      NaN   40000.0   40000.0    NaN
at_least_one_positive_image_by_area[2072]  0.600  0.289   0.134    1.000      0.005    0.002    3681.0    5844.0   1.00
at_least_one_positive_image_by_area[2073]  0.379  0.275   0.008    0.907      0.004    0.002    4641.0    7481.0   1.00
at_least_one_positive_image_by_area[2074]  0.251  0.281   0.000    0.869      0.004    0.003    3215.0    4860.0   1.00
at_least_one_positive_image_by_area[2075]  1.000  0.000   1.000    1.000      0.000      NaN   40000.0   40000.0    NaN
at_least_one_positive_image_by_area[2076]  0.626  0.305   0.116    1.000      0.004    0.002    6604.0    7117.0   1.00
at_least_one_positive_image_by_area[2077]  0.621  0.285   0.148    1.000      0.004    0.002    5030.0    7178.0   1.00
at_least_one_positive_image_by_area[2078]  0.483  0.291   0.083    1.000      0.004    0.001    4999.0    9098.0   1.00
at_least_one_positive_image_by_area[2079]  0.059  0.110   0.000    0.226      0.002    0.004    3369.0    5945.0   1.00
at_least_one_positive_image_by_area[2080]  0.193  0.225   0.000    0.676      0.003    0.002    5790.0    8220.0   1.00
at_least_one_positive_image_by_area[2081]  0.255  0.253   0.000    0.791      0.003    0.002    5213.0    8691.0   1.00
at_least_one_positive_image_by_area[2082]  0.427  0.296   0.012    0.960      0.004    0.002    4809.0    7383.0   1.00
at_least_one_positive_image_by_area[2083]  0.241  0.246   0.000    0.771      0.003    0.002    6372.0    8012.0   1.00
at_least_one_positive_image_by_area[2084]  1.000  0.000   1.000    1.000      0.000      NaN   40000.0   40000.0    NaN
at_least_one_positive_image_by_area[2085]  0.468  0.288   0.077    1.000      0.004    0.001    4428.0    9081.0   1.00
at_least_one_positive_image_by_area[2086]  0.116  0.171   0.000    0.452      0.003    0.003    2482.0    5706.0   1.00
at_least_one_positive_image_by_area[2087]  0.205  0.225   0.000    0.682      0.004    0.003    2727.0    5476.0   1.00
at_least_one_positive_image_by_area[2088]  0.088  0.128   0.000    0.310      0.002    0.003    2799.0    5316.0   1.00
at_least_one_positive_image_by_area[2089]  0.143  0.192   0.000    0.537      0.002    0.003    4950.0    8214.0   1.00
at_least_one_positive_image_by_area[2090]  0.331  0.271   0.002    0.869      0.004    0.002    4325.0    7476.0   1.00
at_least_one_positive_image_by_area[2091]  0.954  0.111   0.756    1.000      0.002    0.003    4679.0    6975.0   1.00
at_least_one_positive_image_by_area[2092]  0.232  0.252   0.000    0.784      0.003    0.002    6115.0    8238.0   1.00
at_least_one_positive_image_by_area[2093]  0.138  0.186   0.000    0.520      0.002    0.003    4942.0    8702.0   1.00
at_least_one_positive_image_by_area[2094]  1.000  0.000   1.000    1.000      0.000      NaN   40000.0   40000.0    NaN
at_least_one_positive_image_by_area[2095]  1.000  0.000   1.000    1.000      0.000      NaN   40000.0   40000.0    NaN
at_least_one_positive_image_by_area[2096]  0.728  0.323   0.093    1.000      0.005    0.003    5450.0    7881.0   1.00
at_least_one_positive_image_by_area[2097]  0.542  0.323   0.061    1.000      0.004    0.001    5217.0    5594.0   1.00
at_least_one_positive_image_by_area[2098]  0.196  0.228   0.000    0.686      0.003    0.002    6047.0    8064.0   1.00
at_least_one_positive_image_by_area[2099]  0.155  0.199   0.000    0.565      0.002    0.002    4553.0    5935.0   1.00
at_least_one_positive_image_by_area[2100]  1.000  0.000   1.000    1.000      0.000      NaN   40000.0   40000.0    NaN
at_least_one_positive_image_by_area[2101]  0.376  0.267   0.011    0.891      0.004    0.002    4692.0    8146.0   1.00
at_least_one_positive_image_by_area[2102]  0.107  0.159   0.000    0.414      0.002    0.003    4310.0    8114.0   1.00
at_least_one_positive_image_by_area[2103]  0.241  0.253   0.000    0.788      0.004    0.002    3510.0    6400.0   1.00
at_least_one_positive_image_by_area[2104]  0.405  0.321   0.000    0.972      0.005    0.002    4228.0    7148.0   1.00
at_least_one_positive_image_by_area[2105]  0.403  0.352   0.014    1.000      0.006    0.002    3182.0    5531.0   1.00
at_least_one_positive_image_by_area[2106]  0.081  0.183   0.000    0.435      0.003    0.004    2794.0    5865.0   1.00
at_least_one_positive_image_by_area[2107]  0.068  0.115   0.000    0.255      0.002    0.004    3017.0    4764.0   1.00
at_least_one_positive_image_by_area[2108]  0.116  0.172   0.000    0.448      0.003    0.003    3843.0    7821.0   1.00
at_least_one_positive_image_by_area[2109]  0.300  0.267   0.001    0.844      0.003    0.002    5625.0    8217.0   1.00
at_least_one_positive_image_by_area[2110]  0.025  0.052   0.000    0.087      0.001    0.002    3334.0    5738.0   1.00
at_least_one_positive_image_by_area[2111]  0.128  0.181   0.000    0.489      0.003    0.004    4693.0    6833.0   1.00
at_least_one_positive_image_by_area[2112]  0.489  0.322   0.049    1.000      0.005    0.001    4728.0    7202.0   1.00
at_least_one_positive_image_by_area[2113]  0.037  0.078   0.000    0.142      0.001    0.002    3109.0    6005.0   1.00
at_least_one_positive_image_by_area[2114]  0.044  0.081   0.000    0.164      0.001    0.002    2687.0    5407.0   1.00
at_least_one_positive_image_by_area[2115]  0.043  0.097   0.000    0.169      0.001    0.003    3769.0    6863.0   1.00
at_least_one_positive_image_by_area[2116]  0.026  0.060   0.000    0.098      0.001    0.002    3203.0    5769.0   1.00
at_least_one_positive_image_by_area[2117]  0.057  0.114   0.000    0.232      0.001    0.003    3056.0    5049.0   1.00
at_least_one_positive_image_by_area[2118]  0.060  0.120   0.000    0.245      0.002    0.003    4524.0    7782.0   1.00
at_least_one_positive_image_by_area[2119]  0.187  0.202   0.001    0.597      0.003    0.003    3856.0    6388.0   1.00
at_least_one_positive_image_by_area[2120]  0.037  0.091   0.000    0.152      0.001    0.003    3550.0    6968.0   1.00
at_least_one_positive_image_by_area[2121]  0.297  0.286   0.000    0.891      0.004    0.002    3590.0    5656.0   1.00
at_least_one_positive_image_by_area[2122]  0.267  0.243   0.002    0.773      0.003    0.002    5803.0    9006.0   1.00
at_least_one_positive_image_by_area[2123]  0.139  0.171   0.000    0.477      0.002    0.003    5327.0    7014.0   1.00
at_least_one_positive_image_by_area[2124]  0.217  0.258   0.000    0.794      0.004    0.002    3532.0    4113.0   1.00
at_least_one_positive_image_by_area[2125]  0.069  0.136   0.000    0.295      0.002    0.004    3748.0    7750.0   1.00
at_least_one_positive_image_by_area[2126]  0.084  0.128   0.000    0.308      0.002    0.003    4021.0    6872.0   1.00
at_least_one_positive_image_by_area[2127]  0.071  0.124   0.000    0.285      0.001    0.002    5523.0    8490.0   1.00
at_least_one_positive_image_by_area[2128]  0.126  0.204   0.000    0.570      0.003    0.004    4578.0    6962.0   1.00
at_least_one_positive_image_by_area[2129]  0.115  0.156   0.000    0.410      0.002    0.003    4190.0    7930.0   1.00
at_least_one_positive_image_by_area[2130]  0.061  0.100   0.000    0.214      0.001    0.003    3794.0    7255.0   1.00
at_least_one_positive_image_by_area[2131]  0.208  0.221   0.000    0.675      0.003    0.002    3111.0    4747.0   1.00
at_least_one_positive_image_by_area[2132]  0.097  0.161   0.000    0.396      0.002    0.003    3232.0    5480.0   1.00
at_least_one_positive_image_by_area[2133]  0.124  0.181   0.000    0.489      0.003    0.003    2681.0    3926.0   1.00
at_least_one_positive_image_by_area[2134]  0.747  0.287   0.179    1.000      0.005    0.003    4122.0    5046.0   1.00
at_least_one_positive_image_by_area[2135]  0.163  0.199   0.000    0.580      0.002    0.003    5096.0    6781.0   1.00
at_least_one_positive_image_by_area[2136]  0.810  0.245   0.283    1.000      0.004    0.004    4225.0    2609.0   1.00
at_least_one_positive_image_by_area[2137]  1.000  0.000   1.000    1.000      0.000      NaN   40000.0   40000.0    NaN
at_least_one_positive_image_by_area[2138]  0.577  0.322   0.077    1.000      0.005    0.002    3563.0    5493.0   1.00
at_least_one_positive_image_by_area[2139]  0.606  0.382   0.017    1.000      0.006    0.002    5232.0    7440.0   1.00
at_least_one_positive_image_by_area[2140]  0.145  0.218   0.000    0.623      0.003    0.003    5060.0    7440.0   1.00
at_least_one_positive_image_by_area[2141]  0.238  0.274   0.000    0.840      0.003    0.002    5149.0    7373.0   1.00
at_least_one_positive_image_by_area[2142]  0.450  0.293   0.061    1.000      0.004    0.002    5387.0    6036.0   1.00
at_least_one_positive_image_by_area[2143]  0.973  0.103   0.887    1.000      0.002    0.007    4914.0    3271.0   1.00
at_least_one_positive_image_by_area[2144]  0.109  0.147   0.000    0.380      0.002    0.003    5609.0    8768.0   1.00
at_least_one_positive_image_by_area[2145]  0.859  0.193   0.456    1.000      0.003    0.003    5930.0    7024.0   1.00
at_least_one_positive_image_by_area[2146]  0.460  0.320   0.041    1.000      0.004    0.001    6431.0    7760.0   1.00
at_least_one_positive_image_by_area[2147]  1.000  0.000   1.000    1.000      0.000      NaN   40000.0   40000.0    NaN
at_least_one_positive_image_by_area[2148]  1.000  0.000   1.000    1.000      0.000      NaN   40000.0   40000.0    NaN
at_least_one_positive_image_by_area[2149]  1.000  0.000   1.000    1.000      0.000      NaN   40000.0   40000.0    NaN
at_least_one_positive_image_by_area[2150]  0.296  0.268   0.001    0.851      0.003    0.002    5990.0    7859.0   1.00
at_least_one_positive_image_by_area[2151]  1.000  0.000   1.000    1.000      0.000      NaN   40000.0   40000.0    NaN
at_least_one_positive_image_by_area[2152]  0.406  0.305   0.004    0.961      0.004    0.002    5418.0    7581.0   1.00
at_least_one_positive_image_by_area[2153]  0.637  0.285   0.157    1.000      0.004    0.002    4423.0    6867.0   1.00
at_least_one_positive_image_by_area[2154]  0.461  0.308   0.055    1.000      0.004    0.002    6527.0    8348.0   1.00
at_least_one_positive_image_by_area[2155]  0.622  0.308   0.108    1.000      0.004    0.002    6178.0    8451.0   1.00
at_least_one_positive_image_by_area[2156]  0.259  0.260   0.000    0.808      0.005    0.003    2579.0    5091.0   1.00
at_least_one_positive_image_by_area[2157]  0.078  0.136   0.000    0.310      0.002    0.003    2666.0    4643.0   1.00
at_least_one_positive_image_by_area[2158]  0.214  0.255   0.000    0.774      0.004    0.003    3133.0    5261.0   1.00
at_least_one_positive_image_by_area[2159]  0.280  0.262   0.000    0.824      0.004    0.002    4595.0    7329.0   1.00
at_least_one_positive_image_by_area[2160]  1.000  0.000   1.000    1.000      0.000      NaN   40000.0   40000.0    NaN
at_least_one_positive_image_by_area[2161]  0.262  0.232   0.002    0.727      0.003    0.002    6338.0    8366.0   1.00
at_least_one_positive_image_by_area[2162]  0.490  0.349   0.026    1.000      0.006    0.001    3400.0    5640.0   1.00
at_least_one_positive_image_by_area[2163]  1.000  0.000   1.000    1.000      0.000      NaN   40000.0   40000.0    NaN
at_least_one_positive_image_by_area[2164]  0.490  0.325   0.041    1.000      0.005    0.002    3223.0    3695.0   1.00
at_least_one_positive_image_by_area[2165]  0.166  0.257   0.000    0.781      0.003    0.003    5369.0    5611.0   1.00
at_least_one_positive_image_by_area[2166]  0.198  0.210   0.001    0.635      0.003    0.003    2732.0    4267.0   1.00
at_least_one_positive_image_by_area[2167]  0.113  0.161   0.000    0.422      0.002    0.003    3412.0    6945.0   1.00
at_least_one_positive_image_by_area[2168]  0.198  0.221   0.000    0.657      0.003    0.002    4400.0    5687.0   1.00
at_least_one_positive_image_by_area[2169]  0.299  0.265   0.001    0.848      0.004    0.002    3814.0    6551.0   1.00
at_least_one_positive_image_by_area[2170]  0.052  0.095   0.000    0.192      0.001    0.003    3841.0    6665.0   1.00
at_least_one_positive_image_by_area[2171]  0.275  0.276   0.000    0.857      0.004    0.002    4957.0    8124.0   1.00
at_least_one_positive_image_by_area[2172]  0.181  0.218   0.000    0.649      0.003    0.003    3021.0    5945.0   1.00
at_least_one_positive_image_by_area[2173]  0.066  0.108   0.000    0.243      0.002    0.003    2684.0    4865.0   1.00
at_least_one_positive_image_by_area[2174]  0.194  0.217   0.000    0.656      0.003    0.003    4876.0    7485.0   1.00
at_least_one_positive_image_by_area[2175]  0.400  0.297   0.006    0.953      0.004    0.002    4426.0    7784.0   1.00
at_least_one_positive_image_by_area[2176]  1.000  0.000   1.000    1.000      0.000      NaN   40000.0   40000.0    NaN
at_least_one_positive_image_by_area[2177]  0.552  0.297   0.100    1.000      0.004    0.001    5941.0    7375.0   1.00
at_least_one_positive_image_by_area[2178]  0.468  0.307   0.056    1.000      0.004    0.001    5785.0    8784.0   1.00
at_least_one_positive_image_by_area[2179]  0.068  0.110   0.000    0.252      0.001    0.002    3653.0    6933.0   1.00
at_least_one_positive_image_by_area[2180]  0.092  0.136   0.000    0.336      0.002    0.003    4325.0    8169.0   1.00
at_least_one_positive_image_by_area[2181]  0.190  0.235   0.000    0.713      0.003    0.003    3743.0    5609.0   1.00
at_least_one_positive_image_by_area[2182]  0.669  0.297   0.145    1.000      0.004    0.002    4900.0    6506.0   1.00
at_least_one_positive_image_by_area[2183]  1.000  0.000   1.000    1.000      0.000      NaN   40000.0   40000.0    NaN
at_least_one_positive_image_by_area[2184]  0.052  0.126   0.000    0.234      0.002    0.003    2053.0    3903.0   1.00
at_least_one_positive_image_by_area[2185]  0.008  0.033   0.000    0.026      0.000    0.002    1681.0    3612.0   1.00
at_least_one_positive_image_by_area[2186]  0.805  0.237   0.316    1.000      0.003    0.002    6336.0    7670.0   1.00
at_least_one_positive_image_by_area[2187]  1.000  0.000   1.000    1.000      0.000      NaN   40000.0   40000.0    NaN
at_least_one_positive_image_by_area[2188]  0.261  0.237   0.001    0.750      0.003    0.002    5103.0    7713.0   1.00
at_least_one_positive_image_by_area[2189]  0.055  0.093   0.000    0.197      0.001    0.003    4465.0    7673.0   1.00
at_least_one_positive_image_by_area[2190]  0.682  0.297   0.147    1.000      0.005    0.002    4339.0    6451.0   1.00
at_least_one_positive_image_by_area[2191]  0.732  0.260   0.243    1.000      0.004    0.002    5203.0    7202.0   1.00
at_least_one_positive_image_by_area[2192]  1.000  0.000   1.000    1.000      0.000      NaN   40000.0   40000.0    NaN
at_least_one_positive_image_by_area[2193]  1.000  0.000   1.000    1.000      0.000      NaN   40000.0   40000.0    NaN
at_least_one_positive_image_by_area[2194]  0.521  0.299   0.084    1.000      0.004    0.001    5219.0    8358.0   1.00
at_least_one_positive_image_by_area[2195]  0.910  0.152   0.592    1.000      0.002    0.003    6057.0    6858.0   1.00
at_least_one_positive_image_by_area[2196]  1.000  0.000   1.000    1.000      0.000      NaN   40000.0   40000.0    NaN
at_least_one_positive_image_by_area[2197]  0.164  0.216   0.000    0.630      0.003    0.003    2996.0    4971.0   1.00
at_least_one_positive_image_by_area[2198]  0.840  0.263   0.214    1.000      0.005    0.006    3301.0    2717.0   1.00
at_least_one_positive_image_by_area[2199]  0.259  0.273   0.000    0.847      0.003    0.002    6124.0    9224.0   1.00
at_least_one_positive_image_by_area[2200]  1.000  0.000   1.000    1.000      0.000      NaN   40000.0   40000.0    NaN
at_least_one_positive_image_by_area[2201]  0.167  0.194   0.000    0.567      0.003    0.003    3760.0    7424.0   1.00
at_least_one_positive_image_by_area[2202]  0.029  0.076   0.000    0.112      0.001    0.003    4188.0    7544.0   1.00
at_least_one_positive_image_by_area[2203]  0.281  0.265   0.000    0.829      0.004    0.002    3099.0    4726.0   1.00
at_least_one_positive_image_by_area[2204]  0.104  0.147   0.000    0.373      0.002    0.003    3867.0    6324.0   1.00
at_least_one_positive_image_by_area[2205]  0.092  0.139   0.000    0.345      0.002    0.003    4341.0    5982.0   1.00
at_least_one_positive_image_by_area[2206]  0.156  0.185   0.000    0.521      0.003    0.003    4205.0    6361.0   1.00
at_least_one_positive_image_by_area[2207]  0.147  0.174   0.000    0.488      0.003    0.003    3319.0    7057.0   1.00
at_least_one_positive_image_by_area[2208]  0.377  0.289   0.005    0.929      0.004    0.002    4212.0    6302.0   1.00
at_least_one_positive_image_by_area[2209]  0.572  0.307   0.097    1.000      0.004    0.001    6395.0    7351.0   1.00
at_least_one_positive_image_by_area[2210]  0.473  0.299   0.067    1.000      0.004    0.001    5948.0    8250.0   1.00
at_least_one_positive_image_by_area[2211]  0.086  0.129   0.000    0.315      0.002    0.003    2790.0    5861.0   1.00
at_least_one_positive_image_by_area[2212]  0.354  0.288   0.002    0.914      0.005    0.002    2477.0    5815.0   1.00
at_least_one_positive_image_by_area[2213]  0.026  0.056   0.000    0.096      0.001    0.002    4081.0    7518.0   1.00
at_least_one_positive_image_by_area[2214]  0.046  0.082   0.000    0.168      0.001    0.002    3701.0    6006.0   1.00
at_least_one_positive_image_by_area[2215]  0.743  0.257   0.255    1.000      0.004    0.002    4942.0    6582.0   1.00
at_least_one_positive_image_by_area[2216]  0.074  0.128   0.000    0.290      0.002    0.003    3264.0    6247.0   1.00
at_least_one_positive_image_by_area[2217]  0.042  0.083   0.000    0.157      0.001    0.002    3682.0    5018.0   1.00
at_least_one_positive_image_by_area[2218]  0.646  0.329   0.067    1.000      0.005    0.002    4293.0    4567.0   1.00
at_least_one_positive_image_by_area[2219]  0.454  0.310   0.047    1.000      0.004    0.001    4342.0    6048.0   1.00
at_least_one_positive_image_by_area[2220]  0.854  0.194   0.449    1.000      0.003    0.002    5730.0    7858.0   1.00
at_least_one_positive_image_by_area[2221]  0.609  0.329   0.072    1.000      0.004    0.002    5748.0    7524.0   1.00
at_least_one_positive_image_by_area[2222]  0.630  0.313   0.102    1.000      0.004    0.002    6862.0    9117.0   1.00
at_least_one_positive_image_by_area[2223]  0.959  0.108   0.774    1.000      0.001    0.003    6668.0    8063.0   1.00
at_least_one_positive_image_by_area[2224]  1.000  0.000   1.000    1.000      0.000      NaN   40000.0   40000.0    NaN
at_least_one_positive_image_by_area[2225]  1.000  0.000   1.000    1.000      0.000      NaN   40000.0   40000.0    NaN
at_least_one_positive_image_by_area[2226]  0.407  0.304   0.005    0.960      0.004    0.002    4139.0    7791.0   1.00
at_least_one_positive_image_by_area[2227]  0.133  0.162   0.000    0.444      0.002    0.003    3912.0    7737.0   1.00
at_least_one_positive_image_by_area[2228]  0.052  0.095   0.000    0.195      0.001    0.003    3656.0    7055.0   1.00
at_least_one_positive_image_by_area[2229]  0.056  0.117   0.000    0.234      0.002    0.003    3796.0    7004.0   1.00
at_least_one_positive_image_by_area[2230]  0.065  0.110   0.000    0.252      0.001    0.002    4580.0    8235.0   1.00
at_least_one_positive_image_by_area[2231]  0.022  0.053   0.000    0.083      0.001    0.002    3451.0    6236.0   1.00
at_least_one_positive_image_by_area[2232]  0.273  0.287   0.000    0.884      0.003    0.002    5916.0    8428.0   1.00
at_least_one_positive_image_by_area[2233]  0.277  0.281   0.000    0.874      0.004    0.002    5742.0    8609.0   1.00
at_least_one_positive_image_by_area[2234]  0.358  0.340   0.000    0.980      0.004    0.002    5990.0    8594.0   1.00
at_least_one_positive_image_by_area[2235]  1.000  0.000   1.000    1.000      0.000      NaN   40000.0   40000.0    NaN
at_least_one_positive_image_by_area[2236]  0.579  0.319   0.083    1.000      0.005    0.002    3551.0    5896.0   1.00
at_least_one_positive_image_by_area[2237]  0.047  0.103   0.000    0.187      0.001    0.003    4151.0    6782.0   1.00
at_least_one_positive_image_by_area[2238]  1.000  0.000   1.000    1.000      0.000      NaN   40000.0   40000.0    NaN
at_least_one_positive_image_by_area[2239]  0.376  0.299   0.002    0.939      0.004    0.002    5632.0    9027.0   1.00
at_least_one_positive_image_by_area[2240]  0.302  0.269   0.001    0.851      0.003    0.002    5522.0    7890.0   1.00
at_least_one_positive_image_by_area[2241]  0.601  0.295   0.125    1.000      0.004    0.002    5856.0    7709.0   1.00
at_least_one_positive_image_by_area[2242]  0.091  0.134   0.000    0.328      0.002    0.003    3546.0    5363.0   1.00
at_least_one_positive_image_by_area[2243]  0.132  0.170   0.000    0.460      0.002    0.003    3692.0    5025.0   1.00
at_least_one_positive_image_by_area[2244]  0.101  0.167   0.000    0.426      0.002    0.003    4412.0    4545.0   1.00
at_least_one_positive_image_by_area[2245]  0.056  0.128   0.000    0.249      0.001    0.003    5919.0    8301.0   1.00
at_least_one_positive_image_by_area[2246]  1.000  0.000   1.000    1.000      0.000      NaN   40000.0   40000.0    NaN
at_least_one_positive_image_by_area[2247]  0.980  0.062   0.907    1.000      0.001    0.003    4635.0    8020.0   1.00
at_least_one_positive_image_by_area[2248]  1.000  0.000   1.000    1.000      0.000      NaN   40000.0   40000.0    NaN
at_least_one_positive_image_by_area[2249]  0.401  0.304   0.003    0.955      0.004    0.002    4700.0    7734.0   1.00
at_least_one_positive_image_by_area[2250]  0.676  0.293   0.153    1.000      0.004    0.002    6504.0    7381.0   1.00
at_least_one_positive_image_by_area[2251]  0.343  0.289   0.002    0.917      0.004    0.002    6170.0    9840.0   1.00
at_least_one_positive_image_by_area[2252]  0.307  0.291   0.000    0.906      0.004    0.002    4564.0    8640.0   1.00
at_least_one_positive_image_by_area[2253]  0.260  0.258   0.000    0.806      0.004    0.002    4186.0    7651.0   1.00
at_least_one_positive_image_by_area[2254]  0.181  0.235   0.000    0.704      0.003    0.003    3730.0    6482.0   1.00
at_least_one_positive_image_by_area[2255]  0.204  0.245   0.000    0.740      0.003    0.003    4280.0    6813.0   1.00
at_least_one_positive_image_by_area[2256]  0.165  0.212   0.000    0.617      0.003    0.003    2607.0    4286.0   1.00
at_least_one_positive_image_by_area[2257]  0.132  0.201   0.000    0.559      0.003    0.003    3164.0    5465.0   1.00
at_least_one_positive_image_by_area[2258]  1.000  0.000   1.000    1.000      0.000      NaN   40000.0   40000.0    NaN
at_least_one_positive_image_by_area[2259]  1.000  0.000   1.000    1.000      0.000      NaN   40000.0   40000.0    NaN
at_least_one_positive_image_by_area[2260]  0.283  0.340   0.000    0.971      0.006    0.002    1638.0    1814.0   1.00
at_least_one_positive_image_by_area[2261]  0.033  0.117   0.000    0.143      0.001    0.003    1741.0    1826.0   1.00
at_least_one_positive_image_by_area[2262]  0.122  0.191   0.000    0.522      0.003    0.003    2482.0    3585.0   1.00
at_least_one_positive_image_by_area[2263]  0.087  0.150   0.000    0.358      0.003    0.003    1933.0    3485.0   1.00
at_least_one_positive_image_by_area[2264]  0.631  0.325   0.080    1.000      0.004    0.002    5719.0    6203.0   1.00
at_least_one_positive_image_by_area[2265]  0.203  0.216   0.000    0.653      0.003    0.002    4952.0    6866.0   1.00
at_least_one_positive_image_by_area[2266]  0.220  0.231   0.000    0.707      0.003    0.002    4233.0    6522.0   1.00
at_least_one_positive_image_by_area[2267]  0.138  0.179   0.000    0.499      0.002    0.003    3609.0    6645.0   1.00
at_least_one_positive_image_by_area[2268]  0.674  0.297   0.145    1.000      0.005    0.002    4057.0    4645.0   1.00
at_least_one_positive_image_by_area[2269]  0.022  0.046   0.000    0.077      0.001    0.002    2854.0    5258.0   1.00
at_least_one_positive_image_by_area[2270]  0.090  0.129   0.000    0.316      0.002    0.002    2944.0    5895.0   1.00
at_least_one_positive_image_by_area[2271]  0.408  0.275   0.013    0.919      0.004    0.002    5527.0    7735.0   1.00
at_least_one_positive_image_by_area[2272]  1.000  0.000   1.000    1.000      0.000      NaN   40000.0   40000.0    NaN
at_least_one_positive_image_by_area[2273]  0.329  0.262   0.003    0.849      0.004    0.002    4519.0    7962.0   1.00
at_least_one_positive_image_by_area[2274]  0.740  0.270   0.218    1.000      0.004    0.002    5190.0    6996.0   1.00
at_least_one_positive_image_by_area[2275]  1.000  0.000   1.000    1.000      0.000      NaN   40000.0   40000.0    NaN
at_least_one_positive_image_by_area[2276]  0.259  0.271   0.000    0.845      0.004    0.003    3519.0    6332.0   1.00
at_least_one_positive_image_by_area[2277]  0.000  0.000   0.000    0.000      0.000      NaN   40000.0   40000.0    NaN
at_least_one_positive_image_by_area[2278]  0.099  0.214   0.000    0.598      0.002    0.003    7526.0   10915.0   1.00
at_least_one_positive_image_by_area[2279]  0.321  0.294   0.000    0.914      0.004    0.002    5551.0    6180.0   1.00
at_least_one_positive_image_by_area[2280]  0.405  0.309   0.003    0.966      0.005    0.002    3986.0    6224.0   1.00
at_least_one_positive_image_by_area[2281]  1.000  0.000   1.000    1.000      0.000      NaN   40000.0   40000.0    NaN
at_least_one_positive_image_by_area[2282]  0.319  0.291   0.000    0.912      0.004    0.002    3849.0    5844.0   1.00
at_least_one_positive_image_by_area[2283]  0.277  0.301   0.000    0.916      0.003    0.002    6199.0    6971.0   1.00
at_least_one_positive_image_by_area[2284]  0.120  0.182   0.000    0.484      0.003    0.003    2675.0    5986.0   1.00
at_least_one_positive_image_by_area[2285]  0.161  0.194   0.000    0.557      0.003    0.003    2528.0    5629.0   1.00
at_least_one_positive_image_by_area[2286]  0.479  0.320   0.048    1.000      0.004    0.001    5222.0    7224.0   1.00
at_least_one_positive_image_by_area[2287]  0.499  0.301   0.073    1.000      0.005    0.001    4207.0    5997.0   1.00
at_least_one_positive_image_by_area[2288]  1.000  0.000   1.000    1.000      0.000      NaN   40000.0   40000.0    NaN
at_least_one_positive_image_by_area[2289]  1.000  0.000   1.000    1.000      0.000      NaN   40000.0   40000.0    NaN
at_least_one_positive_image_by_area[2290]  0.769  0.239   0.305    1.000      0.003    0.002    5703.0    8738.0   1.00
at_least_one_positive_image_by_area[2291]  0.099  0.145   0.000    0.367      0.002    0.002    5379.0    8880.0   1.00
at_least_one_positive_image_by_area[2292]  1.000  0.000   1.000    1.000      0.000      NaN   40000.0   40000.0    NaN
at_least_one_positive_image_by_area[2293]  1.000  0.000   1.000    1.000      0.000      NaN   40000.0   40000.0    NaN
at_least_one_positive_image_by_area[2294]  0.024  0.051   0.000    0.086      0.001    0.003    3177.0    5976.0   1.00
at_least_one_positive_image_by_area[2295]  0.031  0.063   0.000    0.114      0.001    0.003    2984.0    6830.0   1.00
at_least_one_positive_image_by_area[2296]  1.000  0.000   1.000    1.000      0.000      NaN   40000.0   40000.0    NaN
at_least_one_positive_image_by_area[2297]  0.076  0.125   0.000    0.289      0.002    0.003    5258.0    7676.0   1.00
at_least_one_positive_image_by_area[2298]  0.416  0.284   0.016    0.944      0.004    0.002    4618.0    5782.0   1.00
at_least_one_positive_image_by_area[2299]  0.156  0.193   0.000    0.551      0.003    0.003    4625.0    8264.0   1.00
at_least_one_positive_image_by_area[2300]  1.000  0.000   1.000    1.000      0.000      NaN   40000.0   40000.0    NaN
at_least_one_positive_image_by_area[2301]  0.607  0.328   0.073    1.000      0.004    0.002    5635.0    6993.0   1.00
at_least_one_positive_image_by_area[2302]  0.970  0.076   0.848    1.000      0.001    0.002    5636.0    7818.0   1.00
at_least_one_positive_image_by_area[2303]  0.174  0.204   0.000    0.592      0.003    0.003    5282.0    6346.0   1.00
at_least_one_positive_image_by_area[2304]  0.027  0.052   0.000    0.094      0.001    0.003    2535.0    5490.0   1.00
at_least_one_positive_image_by_area[2305]  0.009  0.019   0.000    0.031      0.000    0.001    2713.0    5689.0   1.00
at_least_one_positive_image_by_area[2306]  0.562  0.334   0.051    1.000      0.004    0.001    6497.0    7196.0   1.00
at_least_one_positive_image_by_area[2307]  0.563  0.322   0.069    1.000      0.004    0.001    5578.0    6568.0   1.00
at_least_one_positive_image_by_area[2308]  1.000  0.000   1.000    1.000      0.000      NaN   40000.0   40000.0    NaN
at_least_one_positive_image_by_area[2309]  1.000  0.000   1.000    1.000      0.000      NaN   40000.0   40000.0    NaN
at_least_one_positive_image_by_area[2310]  0.439  0.360   0.011    1.000      0.005    0.001    4489.0    7137.0   1.00
at_least_one_positive_image_by_area[2311]  0.294  0.296   0.000    0.912      0.004    0.002    5495.0    7819.0   1.00
at_least_one_positive_image_by_area[2312]  0.242  0.243   0.000    0.758      0.003    0.002    5890.0    8451.0   1.00
at_least_one_positive_image_by_area[2313]  0.299  0.274   0.000    0.860      0.003    0.002    6415.0    8115.0   1.00
at_least_one_positive_image_by_area[2314]  0.324  0.317   0.000    0.957      0.004    0.002    5662.0    7375.0   1.00
at_least_one_positive_image_by_area[2315]  1.000  0.000   1.000    1.000      0.000      NaN   40000.0   40000.0    NaN
at_least_one_positive_image_by_area[2316]  0.733  0.283   0.183    1.000      0.004    0.002    5856.0    7416.0   1.00
at_least_one_positive_image_by_area[2317]  0.553  0.286   0.121    1.000      0.004    0.001    5150.0    6791.0   1.00
at_least_one_positive_image_by_area[2318]  1.000  0.000   1.000    1.000      0.000      NaN   40000.0   40000.0    NaN
at_least_one_positive_image_by_area[2319]  0.014  0.036   0.000    0.051      0.001    0.002    2256.0    4334.0   1.00
at_least_one_positive_image_by_area[2320]  0.071  0.134   0.000    0.298      0.002    0.004    2778.0    4966.0   1.00
at_least_one_positive_image_by_area[2321]  0.517  0.325   0.055    1.000      0.006    0.001    2757.0    5878.0   1.00
at_least_one_positive_image_by_area[2322]  0.540  0.313   0.076    1.000      0.005    0.001    4213.0    5555.0   1.00
at_least_one_positive_image_by_area[2323]  0.190  0.215   0.000    0.642      0.003    0.002    4578.0    7795.0   1.00
at_least_one_positive_image_by_area[2324]  0.353  0.276   0.004    0.894      0.005    0.002    2678.0    5148.0   1.00
spatial_sigma                              3.590  0.213   3.199    3.998      0.005    0.002    1897.0    3217.0   1.00
external_covariate_beta[0]                -2.784  0.361  -3.458   -2.104      0.009    0.005    1559.0    2761.0   1.01
external_covariate_beta[1]                -0.667  0.122  -0.897   -0.436      0.003    0.002    1509.0    3131.0   1.00
external_covariate_beta[2]                 0.262  0.079   0.115    0.413      0.002    0.001    1748.0    4036.0   1.00
external_covariate_beta[3]                 0.079  0.063  -0.040    0.194      0.001    0.001    2706.0    4999.0   1.00
external_covariate_beta[4]                 0.106  0.094  -0.063    0.290      0.002    0.001    1727.0    4157.0   1.01
external_covariate_beta[5]                 0.054  0.163  -0.251    0.361      0.005    0.002    1151.0    2698.0   1.00
external_covariate_beta[6]                 0.685  0.208   0.301    1.089      0.004    0.002    2349.0    3474.0   1.00
external_covariate_beta[7]                -0.294  0.214  -0.699    0.100      0.004    0.002    2464.0    3819.0   1.00
external_covariate_beta[8]                -0.793  0.100  -0.977   -0.601      0.002    0.001    2079.0    4279.0   1.00
external_covariate_beta[9]                 0.015  0.103  -0.179    0.208      0.002    0.001    2280.0    4497.0   1.00